sep=,
"Time","I45","I49","I50","I51","I52","I53","I54","I55","I56","I57","I58","I45","I49","I50","I51","I52","I53","I54","I55","I56","I57","I58"
2026-09-07 15:08:00,27.2 V,27.6 V,,26.5 V,26.7 V,27.5 V,27.1 V,27.2 V,27.3 V,27.2 V,26.7 V,799 rpm,1826 rpm,1881 rpm,1891 rpm,1830 rpm,1853 rpm,1898 rpm,1838 rpm,1801 rpm,1855 rpm,1886 rpm
2026-09-07 15:10:00,27.2 V,27.6 V,27.4 V,27.0 V,26.2 V,27.5 V,27.1 V,27.2 V,27.3 V,27.2 V,27.0 V,799 rpm,1839 rpm,1903 rpm,1857 rpm,1861 rpm,1900 rpm,1834 rpm,1884 rpm,1839 rpm,800 rpm,1859 rpm
2026-09-07 15:12:00,27.2 V,27.6 V,27.5 V,26.3 V,26.9 V,27.5 V,27.1 V,27.2 V,27.3 V,27.2 V,27.0 V,799 rpm,1840 rpm,1838 rpm,1850 rpm,1811 rpm,1898 rpm,1858 rpm,1857 rpm,1899 rpm,800 rpm,1888 rpm
2026-09-07 15:14:00,27.1 V,27.6 V,,26.8 V,26.3 V,27.5 V,27.1 V,27.2 V,27.3 V,27.2 V,27.1 V,1875 rpm,1841 rpm,1912 rpm,1841 rpm,1872 rpm,1840 rpm,1841 rpm,1838 rpm,1911 rpm,801 rpm,1856 rpm
2026-09-07 15:16:00,27.2 V,,27.5 V,27.0 V,26.3 V,27.5 V,27.1 V,27.2 V,27.2 V,27.2 V,27.0 V,1859 rpm,1895 rpm,1858 rpm,1840 rpm,1823 rpm,1835 rpm,1839 rpm,1861 rpm,1902 rpm,799 rpm,1861 rpm
2026-09-07 15:18:00,27.2 V,27.6 V,,27.2 V,26.6 V,27.5 V,27.1 V,27.2 V,27.2 V,27.3 V,27.0 V,1898 rpm,1793 rpm,1829 rpm,1839 rpm,1859 rpm,1845 rpm,1841 rpm,1892 rpm,1847 rpm,799 rpm,1876 rpm
2026-09-07 15:20:00,27.2 V,,27.5 V,27.2 V,26.2 V,27.5 V,27.2 V,27.2 V,27.3 V,27.3 V,27.0 V,1850 rpm,1840 rpm,1839 rpm,1855 rpm,1846 rpm,1908 rpm,1903 rpm,1850 rpm,1869 rpm,800 rpm,1860 rpm
2026-09-07 15:22:00,27.2 V,,,26.5 V,26.5 V,27.5 V,27.2 V,27.2 V,27.4 V,27.1 V,27.0 V,1853 rpm,1857 rpm,1879 rpm,1874 rpm,1839 rpm,1842 rpm,1902 rpm,1883 rpm,1899 rpm,1815 rpm,1837 rpm
2026-09-07 15:24:00,27.2 V,27.6 V,,27.0 V,26.6 V,27.5 V,27.2 V,27.1 V,27.3 V,27.1 V,27.1 V,1858 rpm,1844 rpm,1837 rpm,1862 rpm,1814 rpm,1823 rpm,1817 rpm,1840 rpm,1842 rpm,1842 rpm,1903 rpm
2026-09-07 15:26:00,27.2 V,27.6 V,27.5 V,26.8 V,26.3 V,27.5 V,27.2 V,27.1 V,27.3 V,27.3 V,27.0 V,1838 rpm,1900 rpm,1863 rpm,1848 rpm,1840 rpm,1857 rpm,1849 rpm,1853 rpm,1901 rpm,1901 rpm,1834 rpm
2026-09-07 15:28:00,27.2 V,27.6 V,,26.6 V,26.5 V,27.4 V,27.2 V,27.1 V,27.4 V,27.2 V,26.9 V,1856 rpm,1847 rpm,1826 rpm,1856 rpm,1867 rpm,1902 rpm,1884 rpm,1868 rpm,1908 rpm,1881 rpm,1867 rpm
2026-09-07 15:30:00,27.2 V,,24.3 V,26.7 V,26.7 V,27.5 V,27.2 V,27.1 V,27.3 V,27.2 V,27.0 V,1842 rpm,1893 rpm,799 rpm,1852 rpm,1805 rpm,1852 rpm,1834 rpm,1850 rpm,1866 rpm,1828 rpm,1866 rpm
2026-09-07 15:32:00,27.2 V,,,27.2 V,26.9 V,27.5 V,27.2 V,27.1 V,27.3 V,27.1 V,27.0 V,800 rpm,1894 rpm,1857 rpm,1873 rpm,1900 rpm,1860 rpm,1825 rpm,800 rpm,1899 rpm,1867 rpm,1901 rpm
2026-09-07 15:34:00,27.2 V,27.6 V,,27.1 V,26.5 V,27.5 V,27.2 V,27.1 V,27.3 V,27.2 V,27.0 V,800 rpm,1841 rpm,1899 rpm,1851 rpm,1833 rpm,1889 rpm,1897 rpm,800 rpm,1842 rpm,1841 rpm,1875 rpm
2026-09-07 15:36:00,27.2 V,,27.5 V,26.8 V,27.0 V,27.5 V,27.2 V,27.1 V,27.3 V,27.1 V,27.0 V,1875 rpm,1866 rpm,1866 rpm,1845 rpm,1866 rpm,1900 rpm,1832 rpm,800 rpm,1868 rpm,1841 rpm,1841 rpm
2026-09-07 15:38:00,27.1 V,27.6 V,27.5 V,26.5 V,26.5 V,27.5 V,27.2 V,27.1 V,27.3 V,26.7 V,27.1 V,1911 rpm,1842 rpm,1845 rpm,1823 rpm,1875 rpm,1901 rpm,1817 rpm,800 rpm,1865 rpm,1866 rpm,1896 rpm
2026-09-07 15:40:00,27.2 V,27.6 V,27.5 V,26.7 V,27.0 V,27.5 V,27.2 V,27.0 V,26.9 V,27.0 V,27.0 V,1840 rpm,1859 rpm,1866 rpm,1866 rpm,1829 rpm,1400 rpm,1899 rpm,800 rpm,1878 rpm,1835 rpm,1875 rpm
2026-09-07 15:42:00,27.2 V,27.6 V,27.5 V,26.6 V,26.7 V,27.5 V,27.2 V,27.0 V,27.1 V,27.0 V,26.7 V,1901 rpm,1839 rpm,1836 rpm,1859 rpm,1836 rpm,1400 rpm,1847 rpm,800 rpm,800 rpm,1862 rpm,1858 rpm
2026-09-07 15:44:00,27.2 V,27.6 V,,26.9 V,26.3 V,27.5 V,27.2 V,27.1 V,27.4 V,27.0 V,27.1 V,1878 rpm,1858 rpm,1837 rpm,1841 rpm,1847 rpm,1401 rpm,1842 rpm,800 rpm,800 rpm,1877 rpm,1880 rpm
2026-09-07 15:46:00,27.2 V,,27.5 V,26.8 V,26.4 V,,27.1 V,27.1 V,27.2 V,27.2 V,27.0 V,1898 rpm,800 rpm,1904 rpm,1870 rpm,1871 rpm,1401 rpm,1841 rpm,800 rpm,1897 rpm,800 rpm,1839 rpm
2026-09-07 15:48:00,27.2 V,27.5 V,27.5 V,27.0 V,26.6 V,27.6 V,27.2 V,27.0 V,27.3 V,27.2 V,26.7 V,1843 rpm,1892 rpm,1837 rpm,1894 rpm,1877 rpm,1400 rpm,1834 rpm,800 rpm,1837 rpm,799 rpm,1843 rpm
2026-09-07 15:50:00,27.2 V,27.6 V,27.5 V,26.7 V,26.5 V,27.6 V,27.2 V,27.1 V,27.3 V,27.2 V,27.1 V,1844 rpm,1841 rpm,1895 rpm,1872 rpm,1875 rpm,1400 rpm,1901 rpm,800 rpm,1841 rpm,1905 rpm,1843 rpm
2026-09-07 15:52:00,26.7 V,,,26.6 V,26.6 V,27.6 V,27.1 V,27.1 V,27.3 V,26.0 V,27.0 V,1887 rpm,1841 rpm,1852 rpm,1860 rpm,1877 rpm,1400 rpm,1840 rpm,800 rpm,1851 rpm,800 rpm,1874 rpm
2026-09-07 15:54:00,27.2 V,27.6 V,,26.8 V,26.6 V,27.6 V,27.1 V,27.1 V,27.3 V,26.8 V,26.9 V,1838 rpm,1839 rpm,1886 rpm,1856 rpm,1851 rpm,1401 rpm,1844 rpm,1891 rpm,1837 rpm,1900 rpm,1864 rpm
2026-09-07 15:56:00,27.2 V,27.6 V,27.5 V,26.3 V,26.5 V,27.2 V,27.2 V,27.1 V,27.3 V,,27.0 V,1867 rpm,1872 rpm,1851 rpm,1892 rpm,1726 rpm,1838 rpm,1869 rpm,1838 rpm,1860 rpm,,1851 rpm
2026-09-07 15:58:00,27.2 V,27.6 V,,27.1 V,26.6 V,27.6 V,27.2 V,27.1 V,27.3 V,,27.1 V,1898 rpm,1885 rpm,1829 rpm,1901 rpm,1839 rpm,1832 rpm,1871 rpm,1845 rpm,1858 rpm,,1880 rpm
2026-09-07 16:00:00,27.2 V,27.6 V,27.4 V,26.9 V,26.8 V,27.5 V,27.2 V,27.1 V,27.3 V,,27.0 V,1833 rpm,1888 rpm,1839 rpm,1842 rpm,1837 rpm,1844 rpm,1862 rpm,1866 rpm,1901 rpm,,1874 rpm
2026-09-07 16:02:00,27.2 V,,,26.4 V,26.2 V,27.5 V,27.2 V,27.1 V,27.3 V,,26.9 V,1902 rpm,1842 rpm,1834 rpm,1840 rpm,1858 rpm,1838 rpm,1830 rpm,798 rpm,1842 rpm,,1869 rpm
2026-09-07 16:04:00,27.2 V,27.6 V,,27.1 V,26.6 V,27.5 V,27.2 V,27.1 V,27.3 V,,27.1 V,1839 rpm,1853 rpm,1901 rpm,1836 rpm,1896 rpm,1883 rpm,1898 rpm,800 rpm,1838 rpm,,1857 rpm
2026-09-07 16:06:00,27.2 V,27.6 V,,27.1 V,26.3 V,27.5 V,27.2 V,27.1 V,27.2 V,,26.9 V,1852 rpm,1864 rpm,1895 rpm,1844 rpm,1897 rpm,1900 rpm,1900 rpm,800 rpm,1843 rpm,,1863 rpm
2026-09-07 16:08:00,27.2 V,27.6 V,,27.0 V,27.0 V,27.5 V,27.2 V,27.1 V,27.3 V,,27.0 V,1844 rpm,1843 rpm,1830 rpm,1862 rpm,1835 rpm,1829 rpm,1835 rpm,800 rpm,1900 rpm,,1842 rpm
2026-09-07 16:10:00,27.2 V,27.6 V,27.4 V,26.9 V,26.3 V,27.5 V,27.3 V,27.1 V,27.3 V,,27.0 V,1843 rpm,1842 rpm,1864 rpm,1839 rpm,1899 rpm,1901 rpm,1857 rpm,1855 rpm,1852 rpm,,1900 rpm
2026-09-07 16:12:00,27.2 V,27.6 V,,26.6 V,26.8 V,27.5 V,27.2 V,27.1 V,27.4 V,,27.1 V,1847 rpm,1901 rpm,1842 rpm,1857 rpm,1898 rpm,1901 rpm,1888 rpm,1901 rpm,1838 rpm,,1835 rpm
2026-09-07 16:14:00,27.2 V,27.6 V,,26.6 V,27.0 V,27.5 V,27.3 V,27.1 V,27.4 V,,27.0 V,1902 rpm,1859 rpm,1867 rpm,1860 rpm,1900 rpm,1900 rpm,1767 rpm,1847 rpm,1844 rpm,,1891 rpm
2026-09-07 16:16:00,27.3 V,27.6 V,27.5 V,26.4 V,27.0 V,27.5 V,27.3 V,27.1 V,27.3 V,,27.1 V,798 rpm,1862 rpm,1400 rpm,1833 rpm,1902 rpm,1835 rpm,1812 rpm,1839 rpm,1871 rpm,,1845 rpm
2026-09-07 16:18:00,27.3 V,27.6 V,,27.1 V,26.4 V,27.6 V,27.3 V,27.2 V,27.4 V,,27.0 V,1844 rpm,1800 rpm,1900 rpm,1891 rpm,1843 rpm,1876 rpm,1837 rpm,1899 rpm,1820 rpm,,1841 rpm
2026-09-07 16:20:00,27.2 V,,27.5 V,26.4 V,26.5 V,27.6 V,27.3 V,27.2 V,27.4 V,,27.1 V,1838 rpm,1841 rpm,1841 rpm,1857 rpm,1853 rpm,1828 rpm,1779 rpm,800 rpm,1902 rpm,,1843 rpm
2026-09-07 16:22:00,27.2 V,,27.4 V,27.1 V,26.9 V,27.5 V,27.3 V,27.2 V,27.3 V,,27.1 V,1843 rpm,1848 rpm,1837 rpm,1868 rpm,1837 rpm,1881 rpm,1837 rpm,800 rpm,1813 rpm,,1841 rpm
2026-09-07 16:24:00,27.3 V,27.6 V,,27.2 V,27.0 V,27.5 V,27.4 V,27.2 V,27.3 V,,27.0 V,799 rpm,1844 rpm,1863 rpm,1771 rpm,1865 rpm,1880 rpm,1902 rpm,800 rpm,1908 rpm,,1844 rpm
2026-09-07 16:26:00,27.3 V,27.6 V,27.5 V,26.5 V,26.3 V,27.5 V,27.3 V,27.2 V,27.4 V,,27.1 V,800 rpm,1862 rpm,1886 rpm,1872 rpm,1901 rpm,1885 rpm,1879 rpm,800 rpm,1834 rpm,,1878 rpm
2026-09-07 16:28:00,27.3 V,27.6 V,,26.2 V,26.6 V,27.5 V,27.4 V,27.2 V,27.4 V,,27.0 V,800 rpm,1904 rpm,1821 rpm,1873 rpm,1833 rpm,1825 rpm,1401 rpm,800 rpm,1860 rpm,,1840 rpm
2026-09-07 16:30:00,27.3 V,27.6 V,27.5 V,26.8 V,26.6 V,27.5 V,27.4 V,27.2 V,27.4 V,,27.1 V,800 rpm,1840 rpm,1840 rpm,1829 rpm,1854 rpm,1841 rpm,1400 rpm,800 rpm,1897 rpm,,1868 rpm
2026-09-07 16:32:00,27.3 V,,27.5 V,27.3 V,26.6 V,27.5 V,27.4 V,27.2 V,27.4 V,,27.0 V,1900 rpm,1835 rpm,1868 rpm,1849 rpm,1811 rpm,1857 rpm,1400 rpm,801 rpm,1841 rpm,,1840 rpm
2026-09-07 16:34:00,27.3 V,27.6 V,,26.5 V,27.1 V,27.5 V,27.4 V,27.2 V,27.4 V,,27.1 V,1878 rpm,800 rpm,1845 rpm,1837 rpm,1834 rpm,1899 rpm,1400 rpm,800 rpm,1868 rpm,,1886 rpm
2026-09-07 16:36:00,27.2 V,,27.5 V,27.2 V,27.0 V,27.5 V,27.4 V,27.3 V,27.4 V,,27.1 V,1845 rpm,1853 rpm,1836 rpm,1844 rpm,1834 rpm,1874 rpm,1400 rpm,800 rpm,1849 rpm,,1896 rpm
2026-09-07 16:38:00,27.3 V,27.7 V,,26.8 V,26.8 V,27.5 V,27.4 V,27.3 V,27.4 V,,27.0 V,1839 rpm,1846 rpm,1907 rpm,1884 rpm,1900 rpm,1861 rpm,1400 rpm,800 rpm,1870 rpm,,1900 rpm
2026-09-07 16:40:00,27.3 V,,27.5 V,27.2 V,26.6 V,,27.4 V,27.3 V,27.3 V,26.1 V,27.0 V,799 rpm,1886 rpm,1901 rpm,799 rpm,1899 rpm,1811 rpm,1399 rpm,800 rpm,1901 rpm,0 rpm,1906 rpm
2026-09-07 16:42:00,27.3 V,,,27.3 V,26.9 V,27.5 V,27.5 V,27.4 V,27.3 V,,27.0 V,800 rpm,1842 rpm,1830 rpm,799 rpm,1842 rpm,1897 rpm,1400 rpm,800 rpm,1899 rpm,,1866 rpm
2026-09-07 16:44:00,27.3 V,27.6 V,,27.3 V,26.3 V,27.5 V,27.4 V,27.4 V,27.3 V,,27.0 V,800 rpm,1872 rpm,1399 rpm,800 rpm,1848 rpm,1832 rpm,1401 rpm,800 rpm,1901 rpm,,1858 rpm
2026-09-07 16:46:00,27.3 V,,27.5 V,27.2 V,27.1 V,27.5 V,27.5 V,27.4 V,27.4 V,,27.1 V,800 rpm,1841 rpm,1816 rpm,799 rpm,1899 rpm,1846 rpm,1400 rpm,800 rpm,1842 rpm,,1903 rpm
2026-09-07 16:48:00,27.3 V,27.7 V,,27.3 V,26.5 V,27.5 V,27.5 V,27.3 V,27.5 V,,27.1 V,1401 rpm,1853 rpm,1894 rpm,800 rpm,1835 rpm,1826 rpm,1400 rpm,800 rpm,1913 rpm,,1399 rpm
2026-09-07 16:50:00,27.3 V,,27.5 V,26.4 V,26.5 V,27.5 V,27.5 V,27.4 V,27.3 V,,27.1 V,1400 rpm,1890 rpm,1840 rpm,1883 rpm,1902 rpm,1838 rpm,1400 rpm,800 rpm,1866 rpm,1901 rpm,1858 rpm
2026-09-07 16:52:00,27.3 V,,,27.0 V,27.0 V,27.5 V,27.5 V,27.4 V,27.3 V,,27.1 V,1400 rpm,1862 rpm,1837 rpm,1889 rpm,1814 rpm,1865 rpm,1400 rpm,1872 rpm,1870 rpm,,1885 rpm
2026-09-07 16:54:00,27.3 V,27.8 V,,26.5 V,27.0 V,27.5 V,27.5 V,27.4 V,27.3 V,26.7 V,27.1 V,1400 rpm,799 rpm,1860 rpm,1866 rpm,1829 rpm,1852 rpm,800 rpm,1837 rpm,1900 rpm,799 rpm,1842 rpm
2026-09-07 16:56:00,27.4 V,,27.5 V,26.3 V,27.0 V,27.4 V,27.5 V,27.4 V,27.3 V,26.2 V,27.0 V,1399 rpm,1871 rpm,1863 rpm,1878 rpm,1900 rpm,1819 rpm,800 rpm,1843 rpm,1877 rpm,0 rpm,1842 rpm
2026-09-07 16:58:00,27.3 V,27.8 V,,27.0 V,26.8 V,27.5 V,27.6 V,27.4 V,27.4 V,26.2 V,27.1 V,1400 rpm,1843 rpm,1855 rpm,1840 rpm,1855 rpm,1841 rpm,1897 rpm,1879 rpm,1864 rpm,0 rpm,1829 rpm
2026-09-07 17:00:00,27.3 V,27.8 V,27.5 V,26.8 V,26.8 V,27.5 V,27.5 V,27.3 V,27.4 V,27.2 V,27.0 V,1845 rpm,1845 rpm,1872 rpm,1836 rpm,1862 rpm,1849 rpm,1853 rpm,1889 rpm,1870 rpm,1911 rpm,1884 rpm
2026-09-07 17:02:00,27.3 V,27.8 V,27.6 V,26.3 V,26.4 V,27.5 V,27.5 V,27.3 V,27.4 V,27.3 V,27.1 V,1842 rpm,1842 rpm,1891 rpm,1840 rpm,1885 rpm,1878 rpm,1399 rpm,1837 rpm,1842 rpm,1902 rpm,1864 rpm
2026-09-07 17:04:00,27.3 V,27.7 V,27.6 V,26.9 V,26.4 V,27.5 V,27.5 V,27.2 V,27.4 V,27.4 V,27.1 V,1900 rpm,1857 rpm,1903 rpm,1868 rpm,1850 rpm,1827 rpm,1399 rpm,1840 rpm,1848 rpm,1899 rpm,1863 rpm
2026-09-07 17:06:00,27.3 V,27.7 V,27.6 V,26.8 V,26.5 V,27.5 V,27.4 V,27.3 V,27.3 V,,27.1 V,1851 rpm,1862 rpm,1866 rpm,1888 rpm,1845 rpm,1877 rpm,1400 rpm,1844 rpm,1848 rpm,,1857 rpm
2026-09-07 17:08:00,27.3 V,27.8 V,,27.0 V,27.1 V,27.5 V,27.5 V,27.3 V,27.4 V,,27.3 V,1885 rpm,1841 rpm,1869 rpm,1843 rpm,800 rpm,1901 rpm,801 rpm,1868 rpm,1835 rpm,,1398 rpm
2026-09-07 17:10:00,27.2 V,27.8 V,27.6 V,26.5 V,27.0 V,,27.5 V,27.3 V,27.5 V,,27.0 V,1903 rpm,1843 rpm,1837 rpm,1812 rpm,800 rpm,1901 rpm,800 rpm,1845 rpm,1839 rpm,,1849 rpm
2026-09-07 17:12:00,27.3 V,,,26.5 V,27.1 V,27.5 V,27.5 V,27.3 V,27.4 V,,27.0 V,1892 rpm,1843 rpm,1844 rpm,1856 rpm,800 rpm,1899 rpm,800 rpm,1882 rpm,1840 rpm,,1857 rpm
2026-09-07 17:14:00,27.3 V,27.8 V,,26.3 V,26.9 V,27.5 V,27.5 V,27.3 V,27.3 V,,27.1 V,800 rpm,1844 rpm,1833 rpm,1870 rpm,1899 rpm,1849 rpm,800 rpm,1858 rpm,1839 rpm,,1880 rpm
2026-09-07 17:16:00,27.3 V,,27.6 V,27.1 V,27.0 V,27.6 V,27.5 V,27.3 V,27.5 V,,27.2 V,800 rpm,1859 rpm,1843 rpm,1872 rpm,1834 rpm,1852 rpm,800 rpm,1828 rpm,1842 rpm,,1877 rpm
2026-09-07 17:18:00,27.3 V,27.8 V,27.5 V,26.7 V,26.6 V,27.6 V,27.5 V,27.3 V,27.4 V,,27.1 V,799 rpm,1850 rpm,1907 rpm,1399 rpm,1860 rpm,1900 rpm,800 rpm,1838 rpm,1900 rpm,,1839 rpm
2026-09-07 17:20:00,27.3 V,,27.5 V,26.9 V,26.5 V,27.6 V,27.5 V,27.2 V,27.4 V,,27.2 V,801 rpm,1400 rpm,1840 rpm,1400 rpm,1908 rpm,1905 rpm,800 rpm,1866 rpm,1902 rpm,,1839 rpm
2026-09-07 17:22:00,27.3 V,,27.5 V,26.8 V,27.0 V,27.6 V,,27.2 V,27.4 V,,26.8 V,799 rpm,1869 rpm,1882 rpm,1400 rpm,1889 rpm,1899 rpm,800 rpm,1837 rpm,1873 rpm,,1869 rpm
2026-09-07 17:24:00,27.3 V,27.8 V,,26.6 V,27.1 V,27.6 V,,27.2 V,27.4 V,,27.2 V,800 rpm,1838 rpm,1890 rpm,1817 rpm,1874 rpm,1400 rpm,1400 rpm,1864 rpm,1887 rpm,,1901 rpm
2026-09-07 17:26:00,27.3 V,27.8 V,27.6 V,27.1 V,26.5 V,,,27.2 V,27.4 V,,27.2 V,800 rpm,1842 rpm,1902 rpm,1840 rpm,1899 rpm,1400 rpm,1400 rpm,1896 rpm,1846 rpm,,1848 rpm
2026-09-07 17:28:00,27.3 V,27.8 V,27.5 V,27.0 V,27.1 V,27.7 V,,27.2 V,27.4 V,,27.1 V,1903 rpm,1842 rpm,800 rpm,1069 rpm,800 rpm,1401 rpm,1400 rpm,1838 rpm,1904 rpm,,1874 rpm
2026-09-07 17:30:00,27.3 V,27.8 V,27.5 V,27.4 V,27.2 V,27.6 V,27.6 V,27.2 V,27.4 V,,27.1 V,800 rpm,1843 rpm,800 rpm,800 rpm,799 rpm,1400 rpm,1400 rpm,1838 rpm,1844 rpm,,1844 rpm
2026-09-07 17:32:00,27.2 V,,27.5 V,27.3 V,27.1 V,27.6 V,27.0 V,27.3 V,27.5 V,,27.0 V,801 rpm,1886 rpm,800 rpm,800 rpm,1343 rpm,1400 rpm,1400 rpm,1845 rpm,1841 rpm,,1841 rpm
2026-09-07 17:34:00,27.3 V,27.8 V,27.5 V,27.3 V,24.7 V,27.6 V,25.5 V,27.3 V,27.3 V,,27.1 V,800 rpm,1866 rpm,799 rpm,800 rpm,800 rpm,1400 rpm,,800 rpm,1893 rpm,,1897 rpm
2026-09-07 17:36:00,27.3 V,27.7 V,25.7 V,27.3 V,27.0 V,27.7 V,25.5 V,27.3 V,27.3 V,,27.2 V,800 rpm,1842 rpm,800 rpm,799 rpm,800 rpm,1399 rpm,0 rpm,1892 rpm,1882 rpm,,1869 rpm
2026-09-07 17:38:00,27.3 V,27.8 V,25.3 V,27.4 V,26.3 V,27.7 V,25.6 V,27.2 V,27.4 V,,27.1 V,799 rpm,1843 rpm,799 rpm,800 rpm,800 rpm,1399 rpm,0 rpm,800 rpm,1846 rpm,,1872 rpm
2026-09-07 17:40:00,27.3 V,27.5 V,27.5 V,27.1 V,26.9 V,27.7 V,25.6 V,27.3 V,27.3 V,,27.2 V,800 rpm,1841 rpm,1847 rpm,800 rpm,800 rpm,1400 rpm,0 rpm,800 rpm,1885 rpm,,1870 rpm
2026-09-07 17:42:00,27.3 V,,27.5 V,27.0 V,26.3 V,26.6 V,25.5 V,27.3 V,27.4 V,,27.2 V,800 rpm,1843 rpm,1859 rpm,1856 rpm,1829 rpm,1400 rpm,0 rpm,801 rpm,1844 rpm,,1847 rpm
2026-09-07 17:44:00,27.3 V,27.8 V,,26.7 V,27.1 V,27.7 V,25.5 V,27.3 V,27.3 V,,27.1 V,1886 rpm,1840 rpm,1843 rpm,1407 rpm,800 rpm,1401 rpm,0 rpm,800 rpm,1886 rpm,,1842 rpm
2026-09-07 17:46:00,27.3 V,27.8 V,27.5 V,26.7 V,27.0 V,27.6 V,27.5 V,27.4 V,27.1 V,,27.1 V,1902 rpm,801 rpm,1832 rpm,1400 rpm,800 rpm,1894 rpm,800 rpm,800 rpm,1900 rpm,,1841 rpm
2026-09-07 17:48:00,27.3 V,27.8 V,,26.7 V,27.2 V,27.7 V,27.4 V,27.4 V,27.2 V,,27.6 V,1862 rpm,799 rpm,1879 rpm,1891 rpm,800 rpm,1823 rpm,1865 rpm,800 rpm,1884 rpm,,800 rpm
2026-09-07 17:50:00,27.3 V,27.8 V,27.6 V,26.2 V,27.2 V,27.7 V,27.4 V,27.4 V,27.2 V,,24.4 V,1400 rpm,800 rpm,1846 rpm,1835 rpm,800 rpm,1875 rpm,1870 rpm,800 rpm,1841 rpm,,0 rpm
2026-09-07 17:52:00,27.3 V,,,27.0 V,27.1 V,27.6 V,,27.4 V,27.3 V,,27.1 V,1852 rpm,248 rpm,800 rpm,1896 rpm,800 rpm,1871 rpm,,800 rpm,1885 rpm,,1843 rpm
2026-09-07 17:54:00,27.3 V,25.6 V,,26.6 V,26.9 V,27.6 V,,24.7 V,27.3 V,,27.2 V,1844 rpm,0 rpm,799 rpm,1884 rpm,1805 rpm,1862 rpm,,801 rpm,1855 rpm,,1858 rpm
2026-09-07 17:56:00,27.3 V,,27.5 V,,26.5 V,27.7 V,,27.4 V,27.3 V,,27.2 V,1883 rpm,0 rpm,799 rpm,1890 rpm,1834 rpm,1399 rpm,,800 rpm,1858 rpm,,1844 rpm
2026-09-07 17:58:00,27.3 V,25.6 V,,27.3 V,27.2 V,27.7 V,,27.4 V,27.2 V,,,1401 rpm,0 rpm,1899 rpm,1875 rpm,800 rpm,1400 rpm,,801 rpm,1847 rpm,,
2026-09-07 18:00:00,27.3 V,25.6 V,27.6 V,26.1 V,27.1 V,27.7 V,,27.4 V,27.2 V,,,1849 rpm,0 rpm,1867 rpm,1884 rpm,800 rpm,1893 rpm,,800 rpm,1836 rpm,,
2026-09-07 18:02:00,27.3 V,25.6 V,27.5 V,26.3 V,27.1 V,27.7 V,,27.4 V,,,,1842 rpm,0 rpm,1851 rpm,1884 rpm,801 rpm,1874 rpm,,800 rpm,,,
2026-09-07 18:04:00,27.3 V,25.6 V,,26.4 V,27.1 V,27.7 V,,27.4 V,,,,1895 rpm,0 rpm,1848 rpm,1855 rpm,800 rpm,1865 rpm,0 rpm,801 rpm,,,57.5 rpm
2026-09-07 18:06:00,27.3 V,,27.5 V,26.4 V,26.9 V,27.7 V,,26.0 V,,,,1885 rpm,0 rpm,1838 rpm,1843 rpm,1885 rpm,1900 rpm,,801 rpm,,,
2026-09-07 18:08:00,27.3 V,25.6 V,,26.5 V,27.1 V,27.7 V,,27.4 V,,,,1401 rpm,0 rpm,1830 rpm,1838 rpm,800 rpm,1401 rpm,799 rpm,1888 rpm,,,1900 rpm
2026-09-07 18:10:00,27.3 V,25.6 V,27.5 V,26.5 V,27.2 V,,27.4 V,27.4 V,,,27.3 V,1842 rpm,0 rpm,1899 rpm,1870 rpm,799 rpm,1901 rpm,1901 rpm,1903 rpm,,,1400 rpm
2026-09-07 18:12:00,27.3 V,,,27.3 V,27.3 V,27.7 V,27.3 V,27.4 V,,,27.3 V,1851 rpm,0 rpm,1840 rpm,800 rpm,1838 rpm,1869 rpm,800 rpm,1847 rpm,,,1399 rpm
2026-09-07 18:14:00,27.3 V,25.6 V,,27.0 V,27.2 V,27.6 V,27.3 V,27.4 V,,,27.3 V,1832 rpm,0 rpm,1831 rpm,1895 rpm,1835 rpm,1400 rpm,799 rpm,1846 rpm,,,1399 rpm
2026-09-07 18:16:00,27.3 V,25.6 V,27.5 V,26.8 V,27.0 V,27.7 V,27.3 V,27.4 V,,,27.3 V,1879 rpm,802 rpm,1875 rpm,1838 rpm,1863 rpm,1399 rpm,800 rpm,1839 rpm,799 rpm,,1400 rpm
2026-09-07 18:18:00,27.3 V,27.6 V,27.5 V,26.6 V,27.1 V,27.7 V,27.3 V,27.4 V,,,27.3 V,1857 rpm,800 rpm,1855 rpm,1903 rpm,1895 rpm,1399 rpm,800 rpm,1843 rpm,1901 rpm,,1400 rpm
2026-09-07 18:20:00,27.3 V,27.6 V,27.5 V,26.8 V,27.0 V,27.7 V,27.3 V,27.4 V,,,27.3 V,1850 rpm,800 rpm,1890 rpm,1899 rpm,1831 rpm,1891 rpm,800 rpm,800 rpm,1899 rpm,,1400 rpm
2026-09-07 18:22:00,27.3 V,27.6 V,27.5 V,26.6 V,27.2 V,27.7 V,27.3 V,27.4 V,,,27.2 V,1689 rpm,1887 rpm,1884 rpm,1882 rpm,1831 rpm,1913 rpm,1879 rpm,800 rpm,1894 rpm,,1846 rpm
2026-09-07 18:24:00,27.3 V,27.6 V,,26.7 V,27.2 V,27.7 V,27.3 V,27.4 V,,,27.2 V,1871 rpm,1842 rpm,1866 rpm,1841 rpm,1865 rpm,1400 rpm,1879 rpm,800 rpm,,,1898 rpm
2026-09-07 18:26:00,27.2 V,27.5 V,,27.0 V,27.3 V,27.8 V,27.3 V,27.4 V,,,27.2 V,1873 rpm,1847 rpm,1848 rpm,1844 rpm,1900 rpm,1400 rpm,801 rpm,800 rpm,1825 rpm,,1836 rpm
2026-09-07 18:28:00,27.3 V,27.6 V,,26.7 V,27.1 V,27.7 V,27.3 V,27.4 V,,,27.1 V,1879 rpm,1846 rpm,1917 rpm,1875 rpm,1833 rpm,1401 rpm,801 rpm,800 rpm,1862 rpm,,1843 rpm
2026-09-07 18:30:00,27.3 V,27.6 V,27.6 V,26.6 V,26.9 V,27.7 V,27.3 V,27.4 V,27.3 V,,27.2 V,1400 rpm,1916 rpm,1887 rpm,1842 rpm,1834 rpm,1400 rpm,800 rpm,801 rpm,1841 rpm,,1845 rpm
2026-09-07 18:32:00,27.3 V,27.6 V,27.6 V,26.9 V,26.8 V,27.7 V,27.3 V,27.4 V,27.3 V,,27.2 V,1400 rpm,1871 rpm,1841 rpm,1847 rpm,1895 rpm,1400 rpm,800 rpm,800 rpm,1856 rpm,,1897 rpm
2026-09-07 18:34:00,27.3 V,27.6 V,,27.4 V,27.2 V,27.8 V,27.2 V,27.4 V,27.3 V,,27.2 V,1838 rpm,1843 rpm,1902 rpm,799 rpm,1900 rpm,1400 rpm,800 rpm,800 rpm,1844 rpm,,1857 rpm
2026-09-07 18:36:00,27.2 V,27.6 V,27.5 V,27.4 V,27.0 V,27.7 V,27.2 V,27.5 V,27.3 V,,27.2 V,1870 rpm,1842 rpm,1845 rpm,800 rpm,1853 rpm,1400 rpm,801 rpm,800 rpm,1854 rpm,,1860 rpm
2026-09-07 18:38:00,27.3 V,27.6 V,,27.4 V,27.3 V,27.8 V,27.2 V,27.4 V,27.3 V,,27.2 V,1399 rpm,1840 rpm,1863 rpm,800 rpm,1848 rpm,1883 rpm,800 rpm,800 rpm,1880 rpm,,1854 rpm
2026-09-07 18:40:00,27.3 V,27.6 V,27.5 V,26.5 V,26.8 V,27.8 V,27.2 V,27.4 V,27.2 V,,27.2 V,1863 rpm,1843 rpm,1841 rpm,1900 rpm,1849 rpm,1869 rpm,800 rpm,800 rpm,1863 rpm,,1843 rpm
2026-09-07 18:42:00,27.2 V,27.6 V,27.5 V,26.5 V,26.7 V,27.8 V,24.6 V,27.4 V,27.3 V,,27.2 V,1844 rpm,1842 rpm,1892 rpm,1840 rpm,1836 rpm,1903 rpm,801 rpm,800 rpm,1851 rpm,,1835 rpm
2026-09-07 18:44:00,27.2 V,27.6 V,,26.4 V,27.2 V,27.7 V,27.2 V,27.4 V,27.3 V,,27.2 V,1399 rpm,1855 rpm,1864 rpm,1901 rpm,1837 rpm,1900 rpm,800 rpm,800 rpm,1855 rpm,,1900 rpm
2026-09-07 18:46:00,27.2 V,27.6 V,27.5 V,27.4 V,27.1 V,27.7 V,27.2 V,27.4 V,27.2 V,,27.2 V,1845 rpm,1857 rpm,1868 rpm,799 rpm,1837 rpm,1841 rpm,800 rpm,800 rpm,1848 rpm,,1858 rpm
2026-09-07 18:48:00,27.2 V,27.6 V,27.4 V,27.4 V,27.0 V,27.7 V,27.2 V,27.4 V,27.2 V,,27.2 V,1887 rpm,1855 rpm,1838 rpm,799 rpm,1899 rpm,1829 rpm,800 rpm,800 rpm,1828 rpm,,1843 rpm
2026-09-07 18:50:00,27.3 V,27.6 V,27.5 V,27.5 V,26.8 V,27.8 V,27.2 V,27.5 V,27.3 V,,27.2 V,1399 rpm,1866 rpm,1821 rpm,800 rpm,1835 rpm,1839 rpm,800 rpm,800 rpm,1900 rpm,,1841 rpm
2026-09-07 18:52:00,27.2 V,27.6 V,,27.5 V,27.2 V,27.6 V,27.2 V,27.5 V,27.3 V,,27.2 V,1400 rpm,1895 rpm,1855 rpm,799 rpm,1819 rpm,1901 rpm,800 rpm,800 rpm,1844 rpm,,1842 rpm
2026-09-07 18:54:00,27.3 V,27.6 V,,27.1 V,26.9 V,27.7 V,27.2 V,27.5 V,27.1 V,,27.2 V,1840 rpm,1845 rpm,1901 rpm,1814 rpm,1898 rpm,1885 rpm,800 rpm,1872 rpm,1874 rpm,,1838 rpm
2026-09-07 18:56:00,27.2 V,27.6 V,27.5 V,27.2 V,27.1 V,27.7 V,27.2 V,27.4 V,27.3 V,,27.3 V,1865 rpm,1872 rpm,1870 rpm,1908 rpm,1829 rpm,1879 rpm,800 rpm,1881 rpm,1897 rpm,,1400 rpm
2026-09-07 18:58:00,27.3 V,27.6 V,,27.0 V,27.2 V,27.7 V,27.2 V,27.4 V,27.3 V,,27.3 V,1843 rpm,1898 rpm,1858 rpm,1849 rpm,1843 rpm,1840 rpm,1753 rpm,1838 rpm,1866 rpm,,800 rpm
2026-09-07 19:00:00,27.2 V,27.6 V,27.5 V,27.3 V,27.3 V,27.7 V,27.1 V,27.4 V,27.2 V,,27.3 V,1867 rpm,1891 rpm,1860 rpm,1876 rpm,1838 rpm,1870 rpm,1825 rpm,1898 rpm,1886 rpm,,1888 rpm
2026-09-07 19:02:00,27.3 V,27.6 V,27.5 V,26.5 V,26.8 V,27.7 V,27.2 V,27.4 V,27.2 V,,27.1 V,1846 rpm,1841 rpm,1894 rpm,1857 rpm,1832 rpm,1400 rpm,1858 rpm,1902 rpm,1843 rpm,,1855 rpm
2026-09-07 19:04:00,27.2 V,27.6 V,27.6 V,27.1 V,27.2 V,27.7 V,27.2 V,27.4 V,27.2 V,,27.2 V,1848 rpm,1839 rpm,1841 rpm,1910 rpm,1874 rpm,1401 rpm,1878 rpm,1899 rpm,1891 rpm,,1900 rpm
2026-09-07 19:06:00,27.2 V,27.6 V,27.5 V,26.9 V,27.2 V,27.7 V,27.2 V,27.4 V,27.3 V,,27.2 V,1839 rpm,1904 rpm,1901 rpm,1882 rpm,1867 rpm,1401 rpm,1817 rpm,800 rpm,1871 rpm,,1851 rpm
2026-09-07 19:08:00,27.2 V,27.6 V,27.5 V,26.8 V,27.0 V,27.7 V,27.2 V,27.4 V,27.3 V,,27.2 V,1908 rpm,1848 rpm,1859 rpm,1894 rpm,1872 rpm,1400 rpm,1827 rpm,800 rpm,1839 rpm,,1838 rpm
2026-09-07 19:10:00,27.2 V,27.6 V,27.5 V,27.0 V,27.2 V,27.7 V,27.2 V,27.4 V,27.2 V,,27.2 V,1907 rpm,1885 rpm,1841 rpm,1871 rpm,1897 rpm,1400 rpm,1827 rpm,800 rpm,1857 rpm,,1841 rpm
2026-09-07 19:12:00,27.3 V,27.6 V,27.5 V,27.1 V,26.7 V,27.7 V,27.1 V,27.4 V,27.3 V,,27.2 V,1830 rpm,1867 rpm,1891 rpm,1901 rpm,1822 rpm,1400 rpm,1871 rpm,802 rpm,1841 rpm,,1855 rpm
2026-09-07 19:14:00,27.3 V,27.6 V,27.5 V,26.9 V,26.9 V,27.8 V,27.1 V,27.4 V,27.2 V,,27.2 V,1903 rpm,1843 rpm,1839 rpm,1835 rpm,1836 rpm,1399 rpm,1907 rpm,799 rpm,1859 rpm,,1901 rpm
2026-09-07 19:16:00,27.2 V,27.6 V,27.5 V,26.7 V,27.3 V,27.7 V,27.2 V,27.4 V,26.8 V,,27.2 V,1400 rpm,1837 rpm,1838 rpm,1903 rpm,1910 rpm,1811 rpm,1839 rpm,800 rpm,1856 rpm,,1841 rpm
2026-09-07 19:18:00,27.2 V,27.6 V,,27.2 V,27.1 V,27.8 V,27.1 V,27.4 V,27.2 V,,27.2 V,1842 rpm,1841 rpm,1841 rpm,1902 rpm,1900 rpm,1857 rpm,1801 rpm,800 rpm,1827 rpm,,1863 rpm
2026-09-07 19:20:00,27.2 V,27.6 V,,26.9 V,27.2 V,27.7 V,27.1 V,27.4 V,27.3 V,,27.2 V,1854 rpm,1864 rpm,1840 rpm,1887 rpm,1901 rpm,1856 rpm,1835 rpm,1842 rpm,1848 rpm,,1899 rpm
2026-09-07 19:22:00,27.3 V,,27.4 V,27.2 V,27.2 V,27.7 V,27.1 V,27.4 V,27.2 V,,27.2 V,1908 rpm,1841 rpm,1811 rpm,1841 rpm,1844 rpm,1897 rpm,1858 rpm,1867 rpm,1887 rpm,,1892 rpm
2026-09-07 19:24:00,27.2 V,27.7 V,,26.8 V,27.3 V,27.7 V,27.1 V,27.4 V,27.2 V,,27.2 V,1880 rpm,1842 rpm,1839 rpm,1839 rpm,1867 rpm,1890 rpm,1822 rpm,1865 rpm,1843 rpm,,1876 rpm
2026-09-07 19:26:00,27.3 V,27.7 V,27.4 V,26.4 V,26.9 V,27.7 V,27.1 V,27.4 V,27.2 V,,27.2 V,1890 rpm,1873 rpm,1844 rpm,1886 rpm,1844 rpm,1856 rpm,1881 rpm,1899 rpm,1845 rpm,,1843 rpm
2026-09-07 19:28:00,27.3 V,27.7 V,,26.2 V,27.2 V,27.6 V,27.1 V,27.1 V,27.2 V,,27.2 V,1843 rpm,1843 rpm,1855 rpm,1884 rpm,800 rpm,1882 rpm,1836 rpm,1857 rpm,1841 rpm,,1898 rpm
2026-09-07 19:30:00,27.2 V,27.7 V,,26.8 V,26.9 V,27.6 V,27.1 V,27.4 V,27.3 V,,27.1 V,1870 rpm,1903 rpm,1838 rpm,1885 rpm,1865 rpm,1891 rpm,1883 rpm,1872 rpm,1842 rpm,,1839 rpm
2026-09-07 19:32:00,27.3 V,,,26.6 V,27.1 V,27.7 V,27.1 V,27.4 V,26.8 V,,27.2 V,1836 rpm,1872 rpm,1866 rpm,1896 rpm,1865 rpm,1873 rpm,1837 rpm,1870 rpm,1894 rpm,,1890 rpm
2026-09-07 19:34:00,27.3 V,27.7 V,,26.7 V,26.8 V,27.7 V,27.1 V,27.3 V,27.3 V,,27.2 V,1843 rpm,1841 rpm,1861 rpm,1886 rpm,1884 rpm,1819 rpm,1861 rpm,1895 rpm,1903 rpm,,1846 rpm
2026-09-07 19:36:00,27.2 V,27.6 V,27.6 V,26.3 V,27.2 V,27.6 V,27.1 V,27.3 V,27.3 V,,27.2 V,1902 rpm,1904 rpm,1866 rpm,1895 rpm,1837 rpm,1839 rpm,1851 rpm,799 rpm,1849 rpm,,1896 rpm
2026-09-07 19:38:00,27.2 V,27.7 V,27.5 V,26.5 V,26.9 V,27.7 V,27.1 V,27.3 V,27.2 V,,27.2 V,1843 rpm,1899 rpm,1826 rpm,1775 rpm,1840 rpm,1890 rpm,1836 rpm,799 rpm,1867 rpm,,1845 rpm
2026-09-07 19:40:00,27.2 V,27.7 V,,27.4 V,27.3 V,27.7 V,27.1 V,27.3 V,27.2 V,,27.3 V,1890 rpm,1842 rpm,1839 rpm,1842 rpm,1898 rpm,1903 rpm,1837 rpm,801 rpm,1852 rpm,,1400 rpm
2026-09-07 19:42:00,27.2 V,27.6 V,27.5 V,27.4 V,26.9 V,27.6 V,27.1 V,27.3 V,27.3 V,,27.3 V,1884 rpm,1901 rpm,1899 rpm,1889 rpm,1835 rpm,1839 rpm,1853 rpm,800 rpm,1843 rpm,,1400 rpm
2026-09-07 19:44:00,27.2 V,27.6 V,,26.7 V,26.9 V,27.7 V,27.1 V,27.3 V,27.2 V,,27.2 V,1906 rpm,800 rpm,1848 rpm,1834 rpm,1874 rpm,1866 rpm,1841 rpm,800 rpm,1871 rpm,,1400 rpm
2026-09-07 19:46:00,27.2 V,27.6 V,27.4 V,27.1 V,26.8 V,27.6 V,27.1 V,27.4 V,27.2 V,,27.2 V,1894 rpm,800 rpm,1895 rpm,1828 rpm,1863 rpm,1887 rpm,1856 rpm,800 rpm,1871 rpm,,1831 rpm
2026-09-07 19:48:00,27.2 V,,,27.2 V,27.3 V,27.7 V,27.1 V,27.4 V,27.3 V,,27.1 V,1868 rpm,800 rpm,1831 rpm,1849 rpm,1916 rpm,1865 rpm,1856 rpm,1862 rpm,1842 rpm,,1907 rpm
2026-09-07 19:50:00,27.2 V,27.7 V,,27.3 V,27.1 V,27.6 V,27.1 V,27.4 V,27.3 V,,27.2 V,1860 rpm,1842 rpm,1832 rpm,1901 rpm,1852 rpm,1880 rpm,1884 rpm,1830 rpm,1806 rpm,,1799 rpm
2026-09-07 19:52:00,27.2 V,27.7 V,,27.0 V,27.1 V,27.6 V,27.2 V,27.3 V,27.3 V,,27.2 V,1847 rpm,1843 rpm,1867 rpm,1840 rpm,1906 rpm,1838 rpm,1840 rpm,1902 rpm,1883 rpm,,1881 rpm
2026-09-07 19:54:00,27.2 V,27.4 V,,26.8 V,27.0 V,27.6 V,27.1 V,27.3 V,27.3 V,,27.2 V,1876 rpm,1901 rpm,1850 rpm,1848 rpm,1866 rpm,1897 rpm,1826 rpm,1844 rpm,1898 rpm,,1870 rpm
2026-09-07 19:56:00,27.2 V,27.7 V,27.5 V,26.9 V,27.3 V,27.7 V,27.1 V,27.4 V,27.3 V,,27.1 V,1400 rpm,1896 rpm,1837 rpm,1902 rpm,1845 rpm,1829 rpm,1860 rpm,1844 rpm,1848 rpm,,1910 rpm
2026-09-07 19:58:00,27.2 V,27.6 V,,26.7 V,26.9 V,27.6 V,27.1 V,27.3 V,27.3 V,,27.1 V,1851 rpm,1843 rpm,1901 rpm,1910 rpm,1828 rpm,1918 rpm,1894 rpm,1836 rpm,1849 rpm,,1848 rpm
2026-09-07 20:00:00,27.1 V,27.6 V,27.5 V,27.2 V,26.7 V,27.6 V,27.1 V,27.3 V,27.3 V,,27.1 V,1899 rpm,1838 rpm,1884 rpm,1840 rpm,1852 rpm,1903 rpm,1892 rpm,1836 rpm,1867 rpm,,1853 rpm
2026-09-07 20:02:00,27.2 V,27.7 V,27.4 V,27.1 V,26.6 V,27.6 V,27.1 V,27.3 V,27.3 V,,27.2 V,1853 rpm,1843 rpm,1902 rpm,1898 rpm,1908 rpm,1841 rpm,1839 rpm,1917 rpm,1887 rpm,,1838 rpm
2026-09-07 20:04:00,27.2 V,27.7 V,27.4 V,27.1 V,27.2 V,27.6 V,27.0 V,27.3 V,27.2 V,,27.2 V,1822 rpm,1852 rpm,1900 rpm,1853 rpm,1902 rpm,1884 rpm,1830 rpm,1889 rpm,1870 rpm,,1878 rpm
2026-09-07 20:06:00,27.2 V,27.6 V,,26.6 V,27.3 V,27.6 V,27.1 V,27.3 V,27.2 V,,27.2 V,1901 rpm,1855 rpm,1075 rpm,1895 rpm,1840 rpm,1900 rpm,1898 rpm,1896 rpm,1835 rpm,,1900 rpm
2026-09-07 20:08:00,27.2 V,27.7 V,,26.6 V,27.2 V,27.6 V,27.1 V,27.3 V,27.3 V,,27.2 V,1848 rpm,1835 rpm,1075 rpm,1813 rpm,1834 rpm,1899 rpm,1899 rpm,1902 rpm,1881 rpm,,1843 rpm
2026-09-07 20:10:00,27.2 V,27.6 V,27.5 V,27.1 V,27.3 V,27.6 V,27.1 V,27.3 V,27.3 V,,27.3 V,1402 rpm,1854 rpm,1076 rpm,1835 rpm,800 rpm,1879 rpm,1888 rpm,1880 rpm,1839 rpm,,1401 rpm
2026-09-07 20:12:00,27.2 V,27.7 V,27.6 V,26.6 V,27.3 V,27.6 V,27.1 V,27.3 V,27.3 V,,27.2 V,1402 rpm,1852 rpm,1076 rpm,1884 rpm,800 rpm,1911 rpm,1828 rpm,1902 rpm,1847 rpm,,1897 rpm
2026-09-07 20:14:00,27.2 V,27.7 V,27.5 V,26.9 V,27.2 V,27.6 V,27.1 V,27.3 V,27.2 V,,27.2 V,1877 rpm,1900 rpm,1075 rpm,1899 rpm,800 rpm,1902 rpm,1901 rpm,1898 rpm,1870 rpm,,1868 rpm
2026-09-07 20:16:00,27.2 V,27.6 V,27.5 V,26.8 V,27.3 V,27.6 V,27.1 V,27.3 V,27.4 V,,27.2 V,1798 rpm,1866 rpm,1831 rpm,1842 rpm,800 rpm,1865 rpm,1775 rpm,1907 rpm,800 rpm,,1830 rpm
2026-09-07 20:18:00,27.2 V,27.7 V,27.4 V,27.1 V,27.4 V,27.6 V,27.1 V,27.3 V,27.4 V,,27.2 V,1873 rpm,1900 rpm,1913 rpm,1902 rpm,800 rpm,1837 rpm,1832 rpm,1885 rpm,800 rpm,,1841 rpm
2026-09-07 20:20:00,27.2 V,27.6 V,27.6 V,27.5 V,27.3 V,27.6 V,27.1 V,27.3 V,27.4 V,,27.1 V,1895 rpm,1840 rpm,1860 rpm,799 rpm,800 rpm,1400 rpm,1900 rpm,1898 rpm,800 rpm,,1873 rpm
2026-09-07 20:22:00,27.2 V,27.7 V,27.5 V,27.4 V,27.3 V,27.6 V,27.1 V,27.3 V,27.3 V,,27.2 V,1835 rpm,1868 rpm,1868 rpm,799 rpm,799 rpm,1884 rpm,1840 rpm,1898 rpm,1899 rpm,,1857 rpm
2026-09-07 20:24:00,27.2 V,27.7 V,,27.4 V,27.2 V,27.6 V,27.1 V,27.3 V,27.3 V,,27.2 V,1701 rpm,1857 rpm,1843 rpm,800 rpm,1844 rpm,1806 rpm,1834 rpm,1865 rpm,1883 rpm,,1836 rpm
2026-09-07 20:26:00,27.1 V,27.6 V,27.5 V,26.7 V,27.3 V,27.7 V,27.1 V,27.3 V,27.3 V,,27.2 V,1867 rpm,1900 rpm,1867 rpm,1899 rpm,1902 rpm,1901 rpm,1900 rpm,1900 rpm,1856 rpm,,1401 rpm
2026-09-07 20:28:00,27.2 V,27.7 V,,27.2 V,26.9 V,27.6 V,27.1 V,27.2 V,27.3 V,,27.1 V,1855 rpm,1900 rpm,1865 rpm,1906 rpm,1838 rpm,1865 rpm,1824 rpm,1833 rpm,1882 rpm,,1899 rpm
2026-09-07 20:30:00,27.2 V,27.7 V,27.6 V,26.7 V,27.3 V,27.6 V,27.1 V,27.3 V,27.3 V,,27.2 V,1902 rpm,1897 rpm,1895 rpm,1900 rpm,1843 rpm,1876 rpm,1871 rpm,1838 rpm,1832 rpm,,1842 rpm
2026-09-07 20:32:00,27.2 V,27.7 V,27.6 V,27.2 V,26.6 V,27.6 V,27.1 V,27.3 V,27.3 V,,27.2 V,1826 rpm,1845 rpm,1842 rpm,1885 rpm,1892 rpm,1889 rpm,1902 rpm,1857 rpm,1858 rpm,,1857 rpm
2026-09-07 20:34:00,27.2 V,27.6 V,27.5 V,26.6 V,27.2 V,27.6 V,27.1 V,27.3 V,27.3 V,,27.1 V,1839 rpm,1879 rpm,1896 rpm,1870 rpm,1857 rpm,1853 rpm,1846 rpm,1900 rpm,1842 rpm,,1879 rpm
2026-09-07 20:36:00,27.2 V,27.7 V,27.5 V,26.4 V,27.3 V,27.6 V,27.1 V,27.3 V,27.3 V,,27.1 V,1904 rpm,1895 rpm,1896 rpm,1894 rpm,1895 rpm,1855 rpm,800 rpm,1899 rpm,1867 rpm,,1839 rpm
2026-09-07 20:38:00,27.2 V,27.6 V,,26.7 V,27.2 V,27.6 V,27.1 V,27.3 V,27.3 V,,27.1 V,1882 rpm,1879 rpm,1883 rpm,1893 rpm,1886 rpm,1837 rpm,801 rpm,1829 rpm,1858 rpm,,1843 rpm
2026-09-07 20:40:00,27.2 V,27.6 V,,26.5 V,27.4 V,27.6 V,27.1 V,27.3 V,27.2 V,,27.2 V,1883 rpm,1878 rpm,1847 rpm,1842 rpm,1899 rpm,1851 rpm,800 rpm,1877 rpm,1904 rpm,,1805 rpm
2026-09-07 20:42:00,26.8 V,27.6 V,27.5 V,27.2 V,27.0 V,27.6 V,27.1 V,27.3 V,27.3 V,,27.2 V,1908 rpm,1874 rpm,800 rpm,1842 rpm,1862 rpm,1856 rpm,800 rpm,1908 rpm,1861 rpm,,1830 rpm
2026-09-07 20:44:00,27.2 V,27.7 V,,26.7 V,27.1 V,27.6 V,27.1 V,27.2 V,27.3 V,,27.3 V,1897 rpm,1884 rpm,800 rpm,1848 rpm,1821 rpm,1855 rpm,800 rpm,1911 rpm,1871 rpm,,1400 rpm
2026-09-07 20:46:00,27.1 V,27.7 V,27.6 V,27.1 V,27.4 V,27.6 V,27.1 V,27.3 V,27.3 V,,27.2 V,1854 rpm,1860 rpm,1050 rpm,1857 rpm,1902 rpm,1902 rpm,1869 rpm,1828 rpm,1899 rpm,,1844 rpm
2026-09-07 20:48:00,27.2 V,27.7 V,,26.8 V,26.8 V,27.6 V,27.1 V,27.3 V,27.3 V,,27.2 V,1399 rpm,1840 rpm,1906 rpm,1897 rpm,1826 rpm,1902 rpm,1852 rpm,1832 rpm,1863 rpm,,1888 rpm
2026-09-07 20:50:00,27.2 V,27.7 V,,26.8 V,27.2 V,27.7 V,27.1 V,27.3 V,27.3 V,,27.2 V,1837 rpm,1843 rpm,1883 rpm,1860 rpm,1899 rpm,1856 rpm,1861 rpm,1857 rpm,1842 rpm,,1864 rpm
2026-09-07 20:52:00,27.2 V,27.7 V,27.6 V,26.7 V,27.2 V,27.6 V,27.1 V,27.2 V,27.3 V,,27.3 V,1901 rpm,1840 rpm,1818 rpm,1859 rpm,1861 rpm,1850 rpm,1853 rpm,1844 rpm,1830 rpm,,1854 rpm
2026-09-07 20:54:00,27.2 V,27.6 V,,26.7 V,27.3 V,27.6 V,27.1 V,27.2 V,27.2 V,,27.4 V,1843 rpm,1893 rpm,1898 rpm,1829 rpm,1827 rpm,1872 rpm,1902 rpm,1833 rpm,1857 rpm,,1399 rpm
2026-09-07 20:56:00,27.2 V,27.7 V,27.5 V,26.7 V,27.2 V,27.7 V,27.1 V,27.2 V,27.3 V,,27.2 V,1841 rpm,1849 rpm,1865 rpm,1901 rpm,1827 rpm,1869 rpm,1816 rpm,1895 rpm,1861 rpm,,1844 rpm
2026-09-07 20:58:00,27.2 V,27.6 V,,26.7 V,27.2 V,27.6 V,27.0 V,27.2 V,27.4 V,,27.2 V,1846 rpm,1847 rpm,1891 rpm,1865 rpm,1837 rpm,1871 rpm,1848 rpm,1881 rpm,1869 rpm,,1894 rpm
2026-09-07 21:00:00,27.2 V,27.6 V,,27.0 V,26.8 V,27.6 V,27.1 V,27.2 V,27.3 V,,27.2 V,1865 rpm,1888 rpm,1891 rpm,1893 rpm,1842 rpm,1864 rpm,1896 rpm,1900 rpm,1879 rpm,,1896 rpm
2026-09-07 21:02:00,27.2 V,27.7 V,27.5 V,26.9 V,27.3 V,27.6 V,27.1 V,27.2 V,27.2 V,,27.2 V,1845 rpm,1843 rpm,1848 rpm,1819 rpm,1847 rpm,1849 rpm,1911 rpm,1842 rpm,1908 rpm,,1843 rpm
2026-09-07 21:04:00,27.2 V,27.7 V,,27.2 V,27.3 V,27.6 V,27.1 V,27.3 V,27.3 V,,27.2 V,800 rpm,1883 rpm,1887 rpm,1834 rpm,1846 rpm,1842 rpm,1858 rpm,1841 rpm,1831 rpm,,1871 rpm
2026-09-07 21:06:00,27.2 V,27.7 V,,27.0 V,27.3 V,27.6 V,27.0 V,27.3 V,27.2 V,,27.1 V,1902 rpm,1856 rpm,1901 rpm,1848 rpm,1866 rpm,1839 rpm,1833 rpm,1839 rpm,1839 rpm,,1870 rpm
2026-09-07 21:08:00,27.2 V,27.7 V,,26.8 V,27.3 V,27.6 V,27.0 V,27.3 V,27.3 V,,27.2 V,1899 rpm,1852 rpm,799 rpm,1840 rpm,800 rpm,1820 rpm,1901 rpm,1889 rpm,1843 rpm,,1859 rpm
2026-09-07 21:10:00,27.2 V,27.7 V,,26.6 V,27.3 V,27.6 V,27.0 V,27.3 V,27.3 V,,27.2 V,1873 rpm,1871 rpm,800 rpm,1900 rpm,800 rpm,1883 rpm,1832 rpm,1873 rpm,1795 rpm,,1858 rpm
2026-09-07 21:12:00,27.2 V,,,27.3 V,27.2 V,27.6 V,27.0 V,27.2 V,27.2 V,,27.2 V,1902 rpm,1875 rpm,800 rpm,1853 rpm,800 rpm,1841 rpm,1862 rpm,1870 rpm,1840 rpm,,1842 rpm
2026-09-07 21:14:00,27.2 V,27.8 V,,27.3 V,27.3 V,27.6 V,27.0 V,27.2 V,27.3 V,,27.2 V,1839 rpm,1844 rpm,799 rpm,1859 rpm,801 rpm,1865 rpm,1859 rpm,1830 rpm,1868 rpm,,1843 rpm
2026-09-07 21:16:00,27.2 V,27.7 V,,27.0 V,27.4 V,27.7 V,27.0 V,27.2 V,27.3 V,,27.1 V,1900 rpm,1847 rpm,800 rpm,1839 rpm,800 rpm,1400 rpm,800 rpm,1873 rpm,1874 rpm,,1878 rpm
2026-09-07 21:18:00,27.2 V,27.7 V,,26.8 V,27.4 V,27.7 V,27.0 V,27.3 V,27.3 V,,27.1 V,1898 rpm,1844 rpm,799 rpm,1858 rpm,800 rpm,1400 rpm,1743 rpm,1851 rpm,1876 rpm,,1904 rpm
2026-09-07 21:20:00,26.8 V,27.7 V,,26.7 V,27.3 V,27.7 V,27.1 V,27.2 V,27.3 V,,27.2 V,1849 rpm,1901 rpm,800 rpm,1897 rpm,800 rpm,1399 rpm,1834 rpm,1897 rpm,1889 rpm,,1843 rpm
2026-09-07 21:22:00,27.2 V,27.7 V,27.4 V,27.0 V,27.2 V,27.7 V,27.0 V,27.3 V,27.3 V,,27.2 V,1857 rpm,1879 rpm,1894 rpm,1897 rpm,801 rpm,1886 rpm,1893 rpm,1892 rpm,1898 rpm,,1902 rpm
2026-09-07 21:24:00,27.2 V,27.8 V,,26.7 V,27.4 V,27.8 V,27.1 V,27.2 V,27.2 V,,27.2 V,1911 rpm,1842 rpm,1849 rpm,1840 rpm,800 rpm,1835 rpm,1871 rpm,800 rpm,1904 rpm,,1843 rpm
2026-09-07 21:26:00,27.2 V,27.8 V,27.5 V,27.3 V,27.4 V,27.7 V,27.0 V,27.3 V,27.3 V,,27.2 V,1851 rpm,1919 rpm,1906 rpm,1841 rpm,800 rpm,1840 rpm,1841 rpm,800 rpm,1883 rpm,,1852 rpm
2026-09-07 21:28:00,27.2 V,27.7 V,,27.0 V,27.2 V,27.7 V,27.1 V,27.3 V,27.3 V,,27.2 V,1857 rpm,1899 rpm,1836 rpm,1842 rpm,1834 rpm,1836 rpm,1823 rpm,800 rpm,1884 rpm,,1400 rpm
2026-09-07 21:30:00,27.2 V,27.7 V,,27.0 V,26.8 V,27.7 V,27.1 V,,27.3 V,,27.2 V,1883 rpm,1902 rpm,1893 rpm,1878 rpm,1809 rpm,1698 rpm,1833 rpm,,1899 rpm,,1844 rpm
2026-09-07 21:32:00,27.2 V,27.8 V,27.6 V,27.1 V,26.9 V,27.7 V,27.1 V,,27.3 V,,27.1 V,1898 rpm,1903 rpm,1868 rpm,1899 rpm,1862 rpm,1905 rpm,1865 rpm,,1882 rpm,,1850 rpm
2026-09-07 21:34:00,25.4 V,27.8 V,27.5 V,26.8 V,27.1 V,27.7 V,27.1 V,,27.4 V,,27.2 V,0 rpm,1840 rpm,1844 rpm,1902 rpm,1901 rpm,1804 rpm,1844 rpm,800 rpm,1874 rpm,,1894 rpm
2026-09-07 21:36:00,25.4 V,27.7 V,27.5 V,27.0 V,27.3 V,27.7 V,27.0 V,,27.3 V,,27.1 V,0 rpm,1841 rpm,1859 rpm,1900 rpm,1853 rpm,1892 rpm,1812 rpm,,1890 rpm,,1870 rpm
2026-09-07 21:38:00,25.4 V,27.7 V,27.4 V,27.2 V,27.3 V,27.7 V,27.0 V,,27.3 V,,26.8 V,0 rpm,1872 rpm,1889 rpm,1865 rpm,1862 rpm,1832 rpm,1797 rpm,,1846 rpm,,1884 rpm
2026-09-07 21:40:00,,27.8 V,,27.1 V,26.8 V,27.7 V,27.0 V,,27.3 V,,27.2 V,1901 rpm,1891 rpm,1901 rpm,1855 rpm,1837 rpm,1898 rpm,1834 rpm,,1839 rpm,,1884 rpm
2026-09-07 21:42:00,,27.7 V,,27.0 V,27.2 V,27.7 V,27.0 V,,27.3 V,,27.2 V,,1901 rpm,1863 rpm,1900 rpm,1824 rpm,1892 rpm,1795 rpm,,1905 rpm,,1885 rpm
2026-09-07 21:44:00,25.4 V,27.7 V,,26.8 V,26.9 V,27.6 V,27.0 V,,27.3 V,,27.3 V,0 rpm,1845 rpm,1886 rpm,1873 rpm,1842 rpm,1870 rpm,1849 rpm,,1869 rpm,,1400 rpm
2026-09-07 21:46:00,25.4 V,27.7 V,27.4 V,27.1 V,26.9 V,27.7 V,27.0 V,,27.3 V,,27.3 V,0 rpm,1843 rpm,1806 rpm,1880 rpm,1896 rpm,1835 rpm,1845 rpm,,1847 rpm,,1399 rpm
2026-09-07 21:48:00,25.4 V,27.7 V,,26.9 V,27.2 V,27.7 V,27.0 V,,27.3 V,,27.2 V,0 rpm,1832 rpm,1899 rpm,1884 rpm,1836 rpm,1400 rpm,1919 rpm,,1820 rpm,,1845 rpm
2026-09-07 21:50:00,25.4 V,27.7 V,,27.0 V,27.1 V,27.7 V,27.0 V,,27.2 V,,27.3 V,0 rpm,1867 rpm,1842 rpm,1899 rpm,1862 rpm,1816 rpm,800 rpm,,1840 rpm,,1400 rpm
2026-09-07 21:52:00,25.4 V,27.7 V,27.4 V,26.7 V,27.3 V,27.7 V,27.1 V,,27.3 V,,27.4 V,0 rpm,1845 rpm,1906 rpm,1837 rpm,1818 rpm,1830 rpm,1867 rpm,,1890 rpm,,800 rpm
2026-09-07 21:54:00,25.4 V,27.8 V,,27.3 V,27.0 V,27.7 V,27.0 V,,27.3 V,,27.4 V,0 rpm,1849 rpm,1887 rpm,1873 rpm,1858 rpm,1864 rpm,1896 rpm,,1904 rpm,,799 rpm
2026-09-07 21:56:00,25.4 V,27.8 V,27.5 V,27.0 V,27.2 V,,27.1 V,,27.3 V,,27.4 V,0 rpm,1841 rpm,1853 rpm,1900 rpm,800 rpm,1900 rpm,1848 rpm,,1842 rpm,,800 rpm
2026-09-07 21:58:00,25.4 V,27.7 V,27.4 V,27.0 V,27.4 V,27.7 V,27.0 V,,27.3 V,,27.3 V,0 rpm,1875 rpm,1897 rpm,1901 rpm,800 rpm,1897 rpm,1905 rpm,,1840 rpm,,1399 rpm
2026-09-07 22:00:00,26.8 V,27.7 V,,27.2 V,27.4 V,27.6 V,27.0 V,,27.2 V,,27.3 V,800 rpm,1864 rpm,1905 rpm,1853 rpm,800 rpm,1786 rpm,1857 rpm,,1859 rpm,,1898 rpm
2026-09-07 22:02:00,27.2 V,27.7 V,,27.0 V,27.4 V,27.7 V,27.0 V,,27.2 V,,27.2 V,801 rpm,1842 rpm,1849 rpm,1848 rpm,801 rpm,1788 rpm,1832 rpm,,1902 rpm,,1900 rpm
2026-09-07 22:04:00,27.1 V,27.7 V,,27.3 V,27.3 V,27.7 V,27.1 V,,27.3 V,,27.2 V,800 rpm,1878 rpm,1864 rpm,1870 rpm,800 rpm,1841 rpm,1842 rpm,,1841 rpm,800 rpm,1903 rpm
2026-09-07 22:06:00,27.2 V,27.7 V,27.4 V,,27.3 V,27.7 V,27.1 V,,27.5 V,,27.2 V,1887 rpm,1629 rpm,1903 rpm,1801 rpm,800 rpm,1885 rpm,1848 rpm,,801 rpm,,1900 rpm
2026-09-07 22:08:00,27.2 V,,27.4 V,27.0 V,27.3 V,27.7 V,27.0 V,,27.4 V,27.3 V,27.2 V,1880 rpm,1901 rpm,1841 rpm,1831 rpm,800 rpm,1837 rpm,1837 rpm,,800 rpm,1855 rpm,1906 rpm
2026-09-07 22:10:00,27.2 V,27.7 V,,26.7 V,27.4 V,27.7 V,27.0 V,,27.3 V,27.3 V,27.2 V,1910 rpm,1840 rpm,1802 rpm,1904 rpm,800 rpm,1869 rpm,1868 rpm,,1901 rpm,1903 rpm,1904 rpm
2026-09-07 22:12:00,27.2 V,,27.5 V,26.8 V,27.4 V,27.7 V,27.1 V,,27.3 V,27.4 V,27.2 V,1849 rpm,1893 rpm,1843 rpm,1888 rpm,800 rpm,1843 rpm,800 rpm,,1848 rpm,800 rpm,1870 rpm
2026-09-07 22:14:00,27.2 V,27.7 V,27.4 V,26.9 V,27.3 V,27.7 V,27.1 V,,27.2 V,27.1 V,27.2 V,1885 rpm,1896 rpm,800 rpm,1844 rpm,800 rpm,1903 rpm,1849 rpm,,1908 rpm,1896 rpm,1849 rpm
2026-09-07 22:16:00,27.1 V,27.7 V,27.4 V,26.8 V,27.5 V,27.7 V,27.0 V,,,27.1 V,27.2 V,1898 rpm,1870 rpm,1269 rpm,1855 rpm,801 rpm,1861 rpm,1876 rpm,,1915 rpm,1899 rpm,1889 rpm
2026-09-07 22:18:00,27.2 V,27.7 V,27.4 V,27.0 V,27.4 V,27.6 V,27.1 V,,,27.2 V,27.2 V,1847 rpm,1895 rpm,1271 rpm,1832 rpm,800 rpm,1893 rpm,1787 rpm,,1840 rpm,1882 rpm,1842 rpm
2026-09-07 22:20:00,27.2 V,27.7 V,27.4 V,26.8 V,27.3 V,27.6 V,27.1 V,27.3 V,,,27.2 V,1844 rpm,1831 rpm,1271 rpm,1878 rpm,800 rpm,1877 rpm,1837 rpm,800 rpm,1837 rpm,,1888 rpm
2026-09-07 22:22:00,27.1 V,27.7 V,27.4 V,27.1 V,27.4 V,27.7 V,27.0 V,26.4 V,,,27.2 V,1846 rpm,1862 rpm,1813 rpm,1902 rpm,800 rpm,1837 rpm,800 rpm,800 rpm,1847 rpm,,1841 rpm
2026-09-07 22:24:00,27.1 V,27.7 V,,26.9 V,27.3 V,27.6 V,27.0 V,27.3 V,27.3 V,,27.2 V,1855 rpm,1893 rpm,1899 rpm,1840 rpm,1883 rpm,1837 rpm,800 rpm,800 rpm,1826 rpm,,1842 rpm
2026-09-07 22:26:00,27.1 V,,,26.7 V,26.9 V,27.7 V,27.0 V,27.3 V,27.3 V,,27.2 V,1894 rpm,1891 rpm,1844 rpm,1842 rpm,1900 rpm,1896 rpm,1902 rpm,1895 rpm,1852 rpm,,1400 rpm
2026-09-07 22:28:00,27.2 V,,,26.9 V,27.2 V,27.7 V,27.0 V,27.3 V,27.4 V,,27.2 V,1880 rpm,1879 rpm,1831 rpm,1843 rpm,1898 rpm,1837 rpm,1858 rpm,781 rpm,801 rpm,,1891 rpm
2026-09-07 22:30:00,27.2 V,27.7 V,,27.2 V,27.2 V,27.6 V,27.0 V,25.2 V,27.3 V,,27.2 V,1900 rpm,1874 rpm,1840 rpm,1840 rpm,1850 rpm,1871 rpm,1833 rpm,800 rpm,1899 rpm,,1840 rpm
2026-09-07 22:32:00,27.2 V,27.7 V,27.5 V,27.0 V,27.0 V,27.6 V,27.0 V,27.3 V,27.2 V,,27.2 V,1846 rpm,1845 rpm,1860 rpm,1838 rpm,1812 rpm,1899 rpm,1764 rpm,799 rpm,1854 rpm,,1860 rpm
2026-09-07 22:34:00,27.2 V,27.7 V,,26.6 V,26.9 V,27.6 V,27.0 V,27.3 V,27.3 V,,27.2 V,1855 rpm,1850 rpm,1908 rpm,1902 rpm,1851 rpm,1882 rpm,1912 rpm,1870 rpm,1858 rpm,,1898 rpm
2026-09-07 22:36:00,27.2 V,27.7 V,27.4 V,27.0 V,27.4 V,27.7 V,27.0 V,26.6 V,27.3 V,,27.2 V,1855 rpm,1879 rpm,1882 rpm,1867 rpm,1879 rpm,1877 rpm,1833 rpm,799 rpm,1839 rpm,,1900 rpm
2026-09-07 22:38:00,27.2 V,,,26.8 V,26.9 V,27.7 V,27.0 V,27.4 V,27.3 V,,27.2 V,1851 rpm,1871 rpm,1880 rpm,1844 rpm,1895 rpm,1844 rpm,1847 rpm,1886 rpm,1871 rpm,,1860 rpm
2026-09-07 22:40:00,27.2 V,27.7 V,,27.3 V,26.7 V,27.6 V,27.0 V,27.4 V,27.3 V,,27.3 V,1857 rpm,1893 rpm,800 rpm,1841 rpm,1881 rpm,1860 rpm,1828 rpm,1892 rpm,1829 rpm,,1827 rpm
2026-09-07 22:42:00,27.2 V,27.7 V,,26.9 V,27.3 V,27.7 V,27.0 V,,27.3 V,,27.3 V,1888 rpm,1845 rpm,835 rpm,1840 rpm,1873 rpm,1894 rpm,1838 rpm,,1856 rpm,,1869 rpm
2026-09-07 22:44:00,27.2 V,27.7 V,,27.0 V,26.9 V,27.7 V,27.0 V,,27.3 V,,27.3 V,1838 rpm,1872 rpm,1854 rpm,1880 rpm,1838 rpm,1845 rpm,1826 rpm,,1844 rpm,,1401 rpm
2026-09-07 22:46:00,27.2 V,27.7 V,,27.2 V,27.2 V,27.7 V,27.0 V,,27.3 V,26.2 V,27.2 V,1853 rpm,1886 rpm,1869 rpm,1838 rpm,1897 rpm,1866 rpm,1860 rpm,,1856 rpm,800 rpm,1842 rpm
2026-09-07 22:48:00,27.2 V,27.7 V,,27.3 V,27.2 V,27.7 V,27.0 V,,27.3 V,,27.1 V,1897 rpm,1891 rpm,1846 rpm,1838 rpm,1899 rpm,1845 rpm,1755 rpm,,1869 rpm,,1850 rpm
2026-09-07 22:50:00,27.2 V,27.7 V,,27.2 V,26.7 V,27.6 V,27.0 V,,27.3 V,,27.2 V,1899 rpm,1849 rpm,1828 rpm,1856 rpm,1833 rpm,1832 rpm,1840 rpm,,1843 rpm,1902 rpm,1903 rpm
2026-09-07 22:52:00,27.2 V,27.7 V,27.5 V,26.8 V,27.3 V,27.7 V,27.0 V,,27.3 V,27.2 V,27.2 V,1901 rpm,1902 rpm,1810 rpm,1898 rpm,1835 rpm,1833 rpm,1860 rpm,,1914 rpm,1868 rpm,1846 rpm
2026-09-07 22:54:00,27.2 V,27.8 V,,27.1 V,27.1 V,27.7 V,27.0 V,,27.3 V,27.3 V,27.2 V,1901 rpm,1842 rpm,1820 rpm,1838 rpm,1876 rpm,1870 rpm,1923 rpm,,1835 rpm,1899 rpm,1845 rpm
2026-09-07 22:56:00,27.2 V,,27.4 V,27.4 V,26.9 V,27.7 V,27.0 V,,27.3 V,27.4 V,27.2 V,1900 rpm,1858 rpm,1903 rpm,1836 rpm,1842 rpm,1838 rpm,1889 rpm,,1904 rpm,799 rpm,1859 rpm
2026-09-07 22:58:00,27.2 V,,,26.7 V,27.2 V,27.6 V,27.0 V,,27.3 V,27.1 V,27.2 V,1899 rpm,1898 rpm,1900 rpm,1839 rpm,1902 rpm,1902 rpm,1901 rpm,,1880 rpm,800 rpm,1902 rpm
2026-09-07 23:00:00,27.1 V,27.8 V,,26.7 V,27.1 V,27.7 V,27.0 V,,27.2 V,27.2 V,27.2 V,1899 rpm,1902 rpm,1881 rpm,1871 rpm,1902 rpm,1868 rpm,1820 rpm,,1891 rpm,800 rpm,1901 rpm
2026-09-07 23:02:00,27.2 V,27.7 V,27.6 V,27.2 V,27.0 V,27.7 V,27.0 V,,27.2 V,27.2 V,27.3 V,1900 rpm,1855 rpm,1830 rpm,1877 rpm,1901 rpm,1890 rpm,1896 rpm,,1852 rpm,801 rpm,1849 rpm
2026-09-07 23:04:00,27.3 V,27.8 V,27.4 V,26.9 V,26.9 V,27.6 V,27.0 V,,27.2 V,27.3 V,27.2 V,1901 rpm,1843 rpm,1813 rpm,1850 rpm,1858 rpm,1889 rpm,1863 rpm,,1859 rpm,801 rpm,1845 rpm
2026-09-07 23:06:00,27.2 V,27.7 V,27.5 V,27.5 V,27.3 V,,27.0 V,,27.3 V,27.3 V,27.2 V,1872 rpm,1899 rpm,1837 rpm,799 rpm,1832 rpm,1845 rpm,1786 rpm,,1841 rpm,800 rpm,1846 rpm
2026-09-07 23:08:00,27.2 V,27.4 V,,27.4 V,27.1 V,27.7 V,27.0 V,,27.3 V,27.3 V,27.1 V,1902 rpm,1845 rpm,1903 rpm,799 rpm,1903 rpm,1830 rpm,1905 rpm,,1899 rpm,800 rpm,1904 rpm
2026-09-07 23:10:00,27.3 V,27.8 V,,27.5 V,27.0 V,27.6 V,27.0 V,,27.3 V,27.2 V,27.2 V,1890 rpm,1894 rpm,1862 rpm,799 rpm,1842 rpm,1852 rpm,1834 rpm,,1855 rpm,801 rpm,1855 rpm
2026-09-07 23:12:00,27.3 V,,27.5 V,27.5 V,27.2 V,27.7 V,27.0 V,,27.3 V,27.3 V,27.2 V,1869 rpm,800 rpm,800 rpm,799 rpm,1836 rpm,1837 rpm,1868 rpm,,1898 rpm,799 rpm,1854 rpm
2026-09-07 23:14:00,27.2 V,27.7 V,,27.5 V,26.8 V,27.6 V,27.0 V,,27.4 V,27.4 V,27.2 V,1899 rpm,799 rpm,1848 rpm,800 rpm,1844 rpm,1901 rpm,1901 rpm,,1837 rpm,799 rpm,1901 rpm
2026-09-07 23:16:00,27.2 V,27.7 V,27.5 V,27.4 V,27.2 V,27.6 V,27.0 V,,27.3 V,27.2 V,27.3 V,1853 rpm,800 rpm,1893 rpm,799 rpm,1883 rpm,1895 rpm,1839 rpm,,1868 rpm,1888 rpm,1401 rpm
2026-09-07 23:18:00,27.2 V,27.7 V,,27.1 V,27.1 V,27.6 V,27.0 V,,27.3 V,27.2 V,27.3 V,1898 rpm,800 rpm,1843 rpm,1886 rpm,1830 rpm,1841 rpm,1845 rpm,,1839 rpm,1868 rpm,1400 rpm
2026-09-07 23:20:00,27.2 V,27.7 V,,26.6 V,27.1 V,27.6 V,27.0 V,,26.8 V,27.2 V,27.4 V,1847 rpm,800 rpm,1834 rpm,1868 rpm,1856 rpm,1400 rpm,1836 rpm,,1892 rpm,1883 rpm,1401 rpm
2026-09-07 23:22:00,27.2 V,27.7 V,27.5 V,26.8 V,27.0 V,27.7 V,27.0 V,,27.2 V,27.2 V,27.2 V,1886 rpm,799 rpm,1822 rpm,1868 rpm,1871 rpm,1399 rpm,1891 rpm,1897 rpm,1877 rpm,1892 rpm,1885 rpm
2026-09-07 23:24:00,27.2 V,27.7 V,,26.6 V,27.2 V,27.7 V,27.0 V,,27.3 V,27.3 V,27.2 V,1856 rpm,1900 rpm,1857 rpm,1902 rpm,1831 rpm,1400 rpm,1896 rpm,800 rpm,1869 rpm,1885 rpm,1842 rpm
2026-09-07 23:26:00,27.2 V,27.7 V,27.6 V,26.7 V,27.3 V,27.6 V,27.0 V,,27.4 V,27.2 V,27.2 V,1838 rpm,1842 rpm,1895 rpm,1887 rpm,1834 rpm,1400 rpm,1836 rpm,1898 rpm,1825 rpm,1901 rpm,1846 rpm
2026-09-07 23:28:00,27.2 V,,27.6 V,27.1 V,27.2 V,27.7 V,27.0 V,,27.4 V,27.5 V,27.2 V,1898 rpm,1850 rpm,1842 rpm,1903 rpm,1835 rpm,1400 rpm,1856 rpm,1835 rpm,1876 rpm,800 rpm,1848 rpm
2026-09-07 23:30:00,27.2 V,27.7 V,27.5 V,27.6 V,27.3 V,27.7 V,27.0 V,27.4 V,27.3 V,27.3 V,27.2 V,1898 rpm,1841 rpm,800 rpm,801 rpm,1829 rpm,1401 rpm,1839 rpm,1837 rpm,1855 rpm,1849 rpm,1847 rpm
2026-09-07 23:32:00,27.2 V,,27.5 V,27.0 V,27.3 V,27.8 V,27.0 V,27.4 V,27.2 V,27.2 V,27.2 V,1180 rpm,1848 rpm,890 rpm,1899 rpm,1905 rpm,1400 rpm,1772 rpm,1848 rpm,1900 rpm,1860 rpm,1904 rpm
2026-09-07 23:34:00,27.2 V,27.7 V,,26.8 V,26.8 V,27.8 V,27.0 V,27.3 V,27.3 V,27.3 V,27.3 V,1823 rpm,1840 rpm,890 rpm,1862 rpm,1912 rpm,1400 rpm,1892 rpm,1836 rpm,1860 rpm,1888 rpm,1847 rpm
2026-09-07 23:36:00,27.2 V,27.7 V,27.5 V,27.1 V,27.4 V,27.8 V,27.0 V,27.4 V,27.2 V,27.2 V,27.2 V,1901 rpm,1838 rpm,1828 rpm,1841 rpm,800 rpm,1855 rpm,800 rpm,1844 rpm,1898 rpm,1892 rpm,1842 rpm
2026-09-07 23:38:00,27.3 V,27.7 V,,27.0 V,27.3 V,27.7 V,27.1 V,27.3 V,27.3 V,27.3 V,27.1 V,1866 rpm,1889 rpm,1870 rpm,1838 rpm,800 rpm,1838 rpm,1881 rpm,1759 rpm,1843 rpm,1884 rpm,1844 rpm
2026-09-07 23:40:00,27.2 V,27.7 V,,26.9 V,27.3 V,27.7 V,27.1 V,27.3 V,27.5 V,27.2 V,27.2 V,1849 rpm,1874 rpm,1846 rpm,1841 rpm,800 rpm,1838 rpm,800 rpm,1858 rpm,801 rpm,1819 rpm,1902 rpm
2026-09-07 23:42:00,27.3 V,,27.5 V,27.2 V,27.4 V,27.8 V,27.1 V,27.3 V,27.5 V,27.3 V,27.3 V,1855 rpm,1876 rpm,1887 rpm,1837 rpm,799 rpm,1838 rpm,1848 rpm,1906 rpm,800 rpm,1860 rpm,1857 rpm
2026-09-07 23:44:00,27.1 V,27.7 V,,27.2 V,27.4 V,27.7 V,27.1 V,27.3 V,27.3 V,27.2 V,27.2 V,1844 rpm,1900 rpm,1900 rpm,1902 rpm,800 rpm,1399 rpm,1844 rpm,1819 rpm,1861 rpm,1852 rpm,1899 rpm
2026-09-07 23:46:00,27.2 V,27.7 V,27.5 V,27.6 V,27.3 V,27.7 V,27.1 V,27.3 V,27.4 V,27.4 V,27.2 V,1846 rpm,800 rpm,1882 rpm,798 rpm,800 rpm,1852 rpm,1837 rpm,1832 rpm,1904 rpm,800 rpm,1842 rpm
2026-09-07 23:48:00,27.3 V,27.7 V,,27.6 V,27.4 V,27.7 V,26.8 V,27.3 V,27.5 V,27.3 V,27.2 V,1867 rpm,799 rpm,1904 rpm,800 rpm,800 rpm,1843 rpm,1880 rpm,1834 rpm,800 rpm,1899 rpm,1900 rpm
2026-09-07 23:50:00,27.2 V,27.7 V,,27.1 V,27.0 V,27.7 V,27.1 V,27.3 V,27.5 V,27.4 V,27.3 V,1896 rpm,1865 rpm,1157 rpm,1902 rpm,800 rpm,1901 rpm,1836 rpm,1854 rpm,800 rpm,800 rpm,1851 rpm
2026-09-07 23:52:00,27.1 V,27.8 V,27.5 V,26.8 V,26.8 V,27.7 V,27.1 V,27.3 V,27.4 V,27.4 V,27.2 V,1843 rpm,1857 rpm,1902 rpm,1881 rpm,1839 rpm,1874 rpm,1835 rpm,1836 rpm,1929 rpm,799 rpm,1903 rpm
2026-09-07 23:54:00,27.2 V,27.7 V,,27.1 V,27.0 V,27.7 V,27.1 V,27.3 V,27.4 V,27.5 V,27.2 V,1845 rpm,1851 rpm,1460 rpm,1855 rpm,1812 rpm,1868 rpm,1778 rpm,1902 rpm,1833 rpm,800 rpm,1906 rpm
2026-09-07 23:56:00,27.2 V,27.7 V,27.5 V,27.1 V,27.2 V,27.7 V,27.0 V,27.2 V,27.4 V,27.5 V,27.3 V,1901 rpm,1900 rpm,1460 rpm,1847 rpm,1890 rpm,1836 rpm,1871 rpm,1905 rpm,1861 rpm,800 rpm,1400 rpm
2026-09-07 23:58:00,27.2 V,27.7 V,,27.0 V,26.8 V,27.7 V,27.1 V,27.3 V,27.4 V,27.5 V,27.1 V,1902 rpm,1859 rpm,1863 rpm,1898 rpm,1837 rpm,1835 rpm,1833 rpm,1850 rpm,1919 rpm,800 rpm,1863 rpm
2026-09-08 00:00:00,27.3 V,27.8 V,,26.6 V,27.1 V,27.6 V,27.1 V,27.3 V,27.3 V,27.3 V,27.2 V,1900 rpm,1916 rpm,1831 rpm,1862 rpm,1822 rpm,1901 rpm,1828 rpm,1839 rpm,1834 rpm,1908 rpm,1881 rpm
2026-09-08 00:02:00,27.3 V,27.8 V,27.5 V,27.1 V,27.4 V,27.6 V,27.1 V,27.3 V,27.3 V,27.3 V,27.3 V,1897 rpm,1850 rpm,1899 rpm,1842 rpm,1877 rpm,1899 rpm,1863 rpm,1880 rpm,1895 rpm,1890 rpm,1843 rpm
2026-09-08 00:04:00,27.2 V,27.7 V,,27.4 V,27.4 V,27.7 V,27.1 V,27.3 V,27.0 V,27.3 V,27.2 V,1897 rpm,1866 rpm,1867 rpm,1841 rpm,1896 rpm,1840 rpm,1839 rpm,1890 rpm,1883 rpm,1849 rpm,1843 rpm
2026-09-08 00:06:00,27.3 V,27.7 V,,26.4 V,27.3 V,27.7 V,27.1 V,27.3 V,27.3 V,27.2 V,27.2 V,1833 rpm,1841 rpm,800 rpm,1901 rpm,800 rpm,1771 rpm,1845 rpm,1891 rpm,1857 rpm,1896 rpm,1401 rpm
2026-09-08 00:08:00,27.2 V,,,27.1 V,24 V,27.7 V,27.1 V,27.3 V,27.3 V,27.3 V,27.4 V,1845 rpm,1900 rpm,1841 rpm,1882 rpm,801 rpm,1886 rpm,1849 rpm,1891 rpm,1867 rpm,1847 rpm,1400 rpm
2026-09-08 00:10:00,27.3 V,27.7 V,,26.6 V,25.7 V,27.7 V,27.1 V,27.3 V,27.3 V,27.3 V,25.7 V,1844 rpm,1903 rpm,800 rpm,1880 rpm,0 rpm,1850 rpm,1804 rpm,1899 rpm,1831 rpm,1876 rpm,800 rpm
2026-09-08 00:12:00,27.3 V,27.8 V,27.6 V,27.3 V,25.7 V,27.7 V,27.1 V,27.3 V,27.3 V,27.3 V,27.3 V,1857 rpm,800 rpm,1825 rpm,1893 rpm,0 rpm,1844 rpm,1815 rpm,1861 rpm,1854 rpm,1855 rpm,800 rpm
2026-09-08 00:14:00,27.3 V,27.7 V,,27.2 V,25.7 V,27.6 V,27.1 V,27.3 V,27.2 V,27.3 V,27.3 V,1813 rpm,800 rpm,1893 rpm,1826 rpm,0 rpm,1907 rpm,1891 rpm,1862 rpm,1884 rpm,1873 rpm,800 rpm
2026-09-08 00:16:00,27.3 V,27.7 V,27.6 V,27.4 V,25.7 V,27.7 V,27.1 V,27.3 V,27.4 V,27.2 V,27.2 V,1852 rpm,800 rpm,1840 rpm,1854 rpm,0 rpm,1842 rpm,1837 rpm,1899 rpm,1841 rpm,1907 rpm,1896 rpm
2026-09-08 00:18:00,27.3 V,27.7 V,,26.6 V,25.7 V,27.7 V,27.0 V,27.3 V,27.3 V,27.2 V,27.3 V,1914 rpm,800 rpm,1849 rpm,1823 rpm,0 rpm,1837 rpm,1846 rpm,1879 rpm,1839 rpm,1884 rpm,1401 rpm
2026-09-08 00:20:00,27.3 V,27.8 V,,27.3 V,25.7 V,27.7 V,27.0 V,27.3 V,27.2 V,27.1 V,27.4 V,1846 rpm,1856 rpm,800 rpm,1824 rpm,0 rpm,1859 rpm,800 rpm,1835 rpm,1916 rpm,1857 rpm,800 rpm
2026-09-08 00:22:00,27.2 V,27.7 V,,27.1 V,25.7 V,27.6 V,27.0 V,27.3 V,27.3 V,27.4 V,27.4 V,1899 rpm,1837 rpm,1865 rpm,1838 rpm,0 rpm,1883 rpm,800 rpm,1898 rpm,1907 rpm,896 rpm,800 rpm
2026-09-08 00:24:00,27.3 V,27.8 V,,27.0 V,25.7 V,27.7 V,27.1 V,27.3 V,27.3 V,27.4 V,27.5 V,1898 rpm,1903 rpm,1822 rpm,1900 rpm,0 rpm,1867 rpm,1836 rpm,1829 rpm,1877 rpm,800 rpm,800 rpm
2026-09-08 00:26:00,27.3 V,27.7 V,27.5 V,26.6 V,25.7 V,27.7 V,27.0 V,27.3 V,27.4 V,27.3 V,27.5 V,1902 rpm,1911 rpm,1784 rpm,1861 rpm,0 rpm,1862 rpm,1903 rpm,1874 rpm,1824 rpm,1877 rpm,800 rpm
2026-09-08 00:28:00,26.8 V,27.8 V,27.6 V,27.0 V,25.7 V,27.7 V,27.0 V,27.3 V,27.3 V,27.3 V,27.5 V,1869 rpm,1855 rpm,800 rpm,1840 rpm,0 rpm,1868 rpm,1898 rpm,1842 rpm,1885 rpm,1843 rpm,801 rpm
2026-09-08 00:30:00,27.3 V,27.8 V,,27.1 V,25.7 V,27.7 V,27.0 V,27.3 V,27.3 V,27.3 V,27.5 V,1902 rpm,1856 rpm,1903 rpm,1871 rpm,0 rpm,1899 rpm,800 rpm,1901 rpm,1871 rpm,1852 rpm,800 rpm
2026-09-08 00:32:00,27.2 V,27.8 V,27.6 V,27.0 V,25.7 V,27.7 V,27.0 V,27.3 V,27.4 V,27.3 V,27.5 V,1843 rpm,1844 rpm,1863 rpm,1903 rpm,0 rpm,1836 rpm,799 rpm,1901 rpm,1843 rpm,1865 rpm,800 rpm
2026-09-08 00:34:00,27.3 V,27.8 V,,26.9 V,25.7 V,27.4 V,27.0 V,27.3 V,27.3 V,27.3 V,27.5 V,1867 rpm,1836 rpm,1842 rpm,1838 rpm,0 rpm,1904 rpm,800 rpm,1903 rpm,1894 rpm,1812 rpm,800 rpm
2026-09-08 00:36:00,26.9 V,27.8 V,27.6 V,26.6 V,25.7 V,27.7 V,27.0 V,27.3 V,27.3 V,27.2 V,27.6 V,1819 rpm,1899 rpm,1528 rpm,1842 rpm,0 rpm,1885 rpm,800 rpm,1821 rpm,1898 rpm,1900 rpm,800 rpm
2026-09-08 00:38:00,27.3 V,27.7 V,,27.2 V,25.6 V,27.7 V,27.0 V,27.2 V,27.3 V,27.3 V,27.6 V,801 rpm,1843 rpm,800 rpm,1902 rpm,0 rpm,1886 rpm,1836 rpm,1903 rpm,1901 rpm,1853 rpm,799 rpm
2026-09-08 00:40:00,27.2 V,27.8 V,,27.3 V,24.0 V,27.7 V,27.1 V,27.3 V,27.2 V,27.2 V,27.6 V,1848 rpm,1859 rpm,800 rpm,1844 rpm,0 rpm,1565 rpm,1817 rpm,1900 rpm,1853 rpm,1873 rpm,799 rpm
2026-09-08 00:42:00,27.2 V,27.8 V,27.6 V,27.3 V,27.1 V,27.7 V,27.0 V,27.3 V,27.2 V,27.3 V,27.6 V,1885 rpm,1841 rpm,1894 rpm,1837 rpm,800 rpm,1900 rpm,1871 rpm,1901 rpm,1828 rpm,1860 rpm,800 rpm
2026-09-08 00:44:00,27.1 V,27.8 V,27.6 V,26.7 V,27.0 V,27.7 V,27.0 V,27.3 V,27.4 V,27.2 V,27.6 V,1856 rpm,1880 rpm,1841 rpm,1833 rpm,1875 rpm,1837 rpm,1858 rpm,1901 rpm,1857 rpm,1835 rpm,799 rpm
2026-09-08 00:46:00,27.3 V,,27.6 V,26.9 V,26.8 V,,27.0 V,27.3 V,27.3 V,27.3 V,27.6 V,1889 rpm,1871 rpm,1877 rpm,1864 rpm,1898 rpm,1858 rpm,1905 rpm,1902 rpm,1854 rpm,1840 rpm,801 rpm
2026-09-08 00:48:00,27.2 V,,27.6 V,26.8 V,27.0 V,27.7 V,27.0 V,27.3 V,27.3 V,27.3 V,27.6 V,1855 rpm,1882 rpm,1872 rpm,1875 rpm,1899 rpm,1862 rpm,1829 rpm,1903 rpm,1856 rpm,1900 rpm,799 rpm
2026-09-08 00:50:00,27.2 V,27.7 V,,27.1 V,27.1 V,27.7 V,27.0 V,27.3 V,27.3 V,27.3 V,27.6 V,1871 rpm,1883 rpm,1921 rpm,1863 rpm,800 rpm,1842 rpm,1874 rpm,1834 rpm,1900 rpm,1850 rpm,800 rpm
2026-09-08 00:52:00,27.2 V,27.8 V,27.6 V,27.2 V,27.3 V,27.7 V,27.1 V,27.3 V,27.5 V,27.2 V,27.6 V,1871 rpm,1841 rpm,1898 rpm,1897 rpm,800 rpm,1838 rpm,1871 rpm,1839 rpm,800 rpm,1865 rpm,800 rpm
2026-09-08 00:54:00,27.2 V,27.7 V,,26.9 V,27.3 V,27.7 V,27.0 V,27.3 V,27.4 V,27.3 V,27.6 V,1863 rpm,800 rpm,1832 rpm,1869 rpm,801 rpm,1880 rpm,800 rpm,1860 rpm,801 rpm,1845 rpm,800 rpm
2026-09-08 00:56:00,27.2 V,27.7 V,27.5 V,26.6 V,27.1 V,27.7 V,27.2 V,27.3 V,27.5 V,27.2 V,27.6 V,1900 rpm,800 rpm,1891 rpm,1841 rpm,1897 rpm,1904 rpm,800 rpm,1843 rpm,800 rpm,1861 rpm,800 rpm
2026-09-08 00:58:00,27.3 V,,27.5 V,26.7 V,26.7 V,27.7 V,27.2 V,27.3 V,27.3 V,27.2 V,27.6 V,1828 rpm,800 rpm,1866 rpm,1840 rpm,1870 rpm,1901 rpm,800 rpm,1867 rpm,1870 rpm,1835 rpm,799 rpm
2026-09-08 01:00:00,27.2 V,27.5 V,27.6 V,26.9 V,27.3 V,27.7 V,27.2 V,27.3 V,27.3 V,27.3 V,27.4 V,1897 rpm,1857 rpm,1900 rpm,1852 rpm,1912 rpm,1839 rpm,799 rpm,1846 rpm,1848 rpm,1896 rpm,1880 rpm
2026-09-08 01:02:00,27.2 V,,27.6 V,26.8 V,27.2 V,27.7 V,27.2 V,27.3 V,27.3 V,27.3 V,27.4 V,1828 rpm,799 rpm,1899 rpm,1850 rpm,1902 rpm,1835 rpm,800 rpm,1840 rpm,1852 rpm,1845 rpm,1869 rpm
2026-09-08 01:04:00,27.2 V,27.8 V,27.6 V,26.6 V,27.0 V,27.7 V,27.3 V,27.3 V,27.3 V,27.3 V,27.5 V,1860 rpm,1877 rpm,1834 rpm,1866 rpm,1864 rpm,1885 rpm,800 rpm,1841 rpm,1899 rpm,1844 rpm,798 rpm
2026-09-08 01:06:00,27.3 V,27.7 V,27.6 V,27.2 V,26.7 V,27.7 V,27.3 V,27.3 V,27.4 V,27.1 V,27.6 V,1900 rpm,1861 rpm,1845 rpm,1842 rpm,1891 rpm,1852 rpm,800 rpm,1857 rpm,1871 rpm,1901 rpm,801 rpm
2026-09-08 01:08:00,27.2 V,27.7 V,27.7 V,27.0 V,26.8 V,27.7 V,27.3 V,27.3 V,27.3 V,27.3 V,27.4 V,1899 rpm,1856 rpm,1842 rpm,1895 rpm,1849 rpm,1842 rpm,799 rpm,1898 rpm,1848 rpm,1903 rpm,1839 rpm
2026-09-08 01:10:00,27.2 V,27.7 V,,26.6 V,27.0 V,,27.3 V,27.3 V,27.4 V,27.1 V,27.4 V,1845 rpm,1832 rpm,1894 rpm,1847 rpm,1895 rpm,1806 rpm,800 rpm,1817 rpm,1899 rpm,1884 rpm,1867 rpm
2026-09-08 01:12:00,27.2 V,,27.6 V,26.9 V,27.3 V,27.7 V,27.3 V,27.3 V,27.4 V,27.3 V,27.3 V,1884 rpm,1824 rpm,1899 rpm,1869 rpm,800 rpm,1894 rpm,800 rpm,1846 rpm,1811 rpm,1904 rpm,1898 rpm
2026-09-08 01:14:00,27.2 V,27.7 V,,27.4 V,27.3 V,27.7 V,27.3 V,27.3 V,27.3 V,27.1 V,26.2 V,1839 rpm,1884 rpm,1870 rpm,1898 rpm,800 rpm,1854 rpm,799 rpm,1899 rpm,1895 rpm,1839 rpm,799 rpm
2026-09-08 01:16:00,27.2 V,27.7 V,27.5 V,26.6 V,27.3 V,27.7 V,27.3 V,27.3 V,27.3 V,27.2 V,27.1 V,1886 rpm,1864 rpm,1890 rpm,1889 rpm,1863 rpm,1897 rpm,800 rpm,1899 rpm,1902 rpm,1867 rpm,1849 rpm
2026-09-08 01:18:00,27.2 V,27.8 V,27.6 V,26.8 V,26.8 V,27.6 V,27.3 V,27.3 V,26.1 V,27.2 V,27.2 V,1901 rpm,1894 rpm,1898 rpm,1883 rpm,1855 rpm,1867 rpm,800 rpm,1819 rpm,800 rpm,1900 rpm,1886 rpm
2026-09-08 01:20:00,27.2 V,27.7 V,,26.8 V,27.2 V,27.7 V,27.3 V,27.3 V,27.5 V,27.1 V,27.1 V,1902 rpm,1902 rpm,800 rpm,1885 rpm,1838 rpm,1848 rpm,800 rpm,1865 rpm,801 rpm,1844 rpm,1862 rpm
2026-09-08 01:22:00,27.1 V,27.7 V,,27.1 V,26.7 V,27.7 V,27.3 V,27.3 V,24.8 V,27.2 V,,1901 rpm,1837 rpm,801 rpm,1886 rpm,1834 rpm,1818 rpm,800 rpm,1845 rpm,800 rpm,1883 rpm,
2026-09-08 01:24:00,27.2 V,27.7 V,27.5 V,26.7 V,27.1 V,27.6 V,27.3 V,27.3 V,27.4 V,27.2 V,,1869 rpm,1867 rpm,1870 rpm,1897 rpm,1911 rpm,1899 rpm,800 rpm,1848 rpm,800 rpm,1853 rpm,
2026-09-08 01:26:00,27.1 V,,27.5 V,27.0 V,27.1 V,27.7 V,27.3 V,27.3 V,27.4 V,27.3 V,,1839 rpm,1836 rpm,1891 rpm,1867 rpm,1895 rpm,1876 rpm,800 rpm,1833 rpm,800 rpm,1876 rpm,
2026-09-08 01:28:00,27.2 V,,27.5 V,26.9 V,27.0 V,27.7 V,27.3 V,27.2 V,27.3 V,27.2 V,,1823 rpm,800 rpm,1887 rpm,1901 rpm,1836 rpm,1855 rpm,800 rpm,1898 rpm,1901 rpm,1863 rpm,
2026-09-08 01:30:00,27.3 V,25.8 V,27.5 V,27.1 V,27.2 V,27.7 V,27.3 V,27.3 V,27.3 V,27.1 V,,1853 rpm,800 rpm,1888 rpm,1861 rpm,1865 rpm,1617 rpm,800 rpm,1899 rpm,1897 rpm,1903 rpm,
2026-09-08 01:32:00,27.2 V,27.7 V,,26.8 V,27.4 V,27.7 V,27.4 V,27.3 V,27.3 V,27.2 V,,1841 rpm,800 rpm,,1860 rpm,1840 rpm,1902 rpm,801 rpm,1899 rpm,1840 rpm,1901 rpm,
2026-09-08 01:34:00,27.3 V,27.6 V,,26.6 V,27.0 V,27.7 V,27.3 V,27.3 V,27.3 V,27.2 V,,1532 rpm,799 rpm,,1839 rpm,1853 rpm,1833 rpm,801 rpm,1867 rpm,1904 rpm,1890 rpm,
2026-09-08 01:36:00,24.7 V,27.7 V,,26.7 V,26.9 V,,27.3 V,27.3 V,27.3 V,27.2 V,,799 rpm,1837 rpm,,1896 rpm,1868 rpm,1894 rpm,800 rpm,1901 rpm,1845 rpm,1871 rpm,
2026-09-08 01:38:00,27.2 V,27.7 V,,26.8 V,27.3 V,27.7 V,27.3 V,27.3 V,27.4 V,27.2 V,,800 rpm,1867 rpm,,1848 rpm,1836 rpm,1399 rpm,800 rpm,1885 rpm,1901 rpm,1903 rpm,
2026-09-08 01:40:00,27.2 V,27.7 V,,27.0 V,27.4 V,27.7 V,27.3 V,27.3 V,27.4 V,27.2 V,,799 rpm,1843 rpm,,1861 rpm,1904 rpm,1399 rpm,800 rpm,1847 rpm,1901 rpm,1895 rpm,
2026-09-08 01:42:00,27.2 V,27.7 V,,26.5 V,27.4 V,27.7 V,27.4 V,27.3 V,27.4 V,27.2 V,,800 rpm,1885 rpm,,1852 rpm,1899 rpm,1400 rpm,800 rpm,1831 rpm,1844 rpm,1841 rpm,
2026-09-08 01:44:00,27.2 V,27.7 V,,27.2 V,27.1 V,27.7 V,27.3 V,27.3 V,27.3 V,27.2 V,,1900 rpm,1877 rpm,,800 rpm,1854 rpm,1398 rpm,800 rpm,1832 rpm,1842 rpm,1835 rpm,
2026-09-08 01:46:00,27.2 V,27.7 V,,27.4 V,26.9 V,,27.4 V,27.2 V,27.4 V,27.2 V,,1899 rpm,1897 rpm,,799 rpm,1867 rpm,800 rpm,800 rpm,1826 rpm,1868 rpm,1848 rpm,
2026-09-08 01:48:00,27.2 V,27.7 V,,27.0 V,27.4 V,27.3 V,27.4 V,27.3 V,27.3 V,27.4 V,,1842 rpm,1858 rpm,,1893 rpm,1879 rpm,799 rpm,800 rpm,1873 rpm,1871 rpm,800 rpm,
2026-09-08 01:50:00,27.2 V,27.7 V,,27.0 V,27.3 V,27.7 V,27.4 V,27.3 V,27.3 V,27.4 V,,1833 rpm,1857 rpm,,1909 rpm,1849 rpm,800 rpm,800 rpm,1852 rpm,1904 rpm,800 rpm,
2026-09-08 01:52:00,,27.7 V,,27.2 V,27.4 V,27.7 V,27.4 V,27.3 V,27.3 V,27.4 V,,1845 rpm,1839 rpm,,1842 rpm,1834 rpm,800 rpm,800 rpm,1898 rpm,1863 rpm,800 rpm,
2026-09-08 01:54:00,27.2 V,27.7 V,,27.0 V,27.3 V,27.0 V,27.4 V,27.3 V,27.3 V,27.2 V,,1882 rpm,1900 rpm,,1846 rpm,1827 rpm,799 rpm,800 rpm,1847 rpm,1868 rpm,1834 rpm,
2026-09-08 01:56:00,27.2 V,27.7 V,,27.0 V,27.0 V,27.7 V,27.4 V,27.3 V,27.3 V,27.2 V,25.4 V,1847 rpm,1833 rpm,,1902 rpm,1834 rpm,800 rpm,1902 rpm,1838 rpm,1877 rpm,1902 rpm,800 rpm
2026-09-08 01:58:00,27.2 V,27.7 V,,26.6 V,27.3 V,27.7 V,27.4 V,27.3 V,27.3 V,27.3 V,,1893 rpm,1844 rpm,,1900 rpm,1837 rpm,1861 rpm,1901 rpm,1838 rpm,1893 rpm,1844 rpm,
2026-09-08 02:00:00,27.2 V,27.7 V,,26.8 V,27.3 V,27.7 V,27.4 V,27.3 V,27.4 V,27.2 V,,1851 rpm,1843 rpm,1860 rpm,1902 rpm,1904 rpm,1874 rpm,1882 rpm,1862 rpm,1901 rpm,1874 rpm,
2026-09-08 02:02:00,27.1 V,27.7 V,,26.7 V,27.0 V,27.4 V,27.4 V,27.3 V,27.4 V,27.2 V,,1884 rpm,1900 rpm,,1898 rpm,1887 rpm,1859 rpm,1844 rpm,1898 rpm,1460 rpm,1885 rpm,
2026-09-08 02:04:00,27.2 V,27.7 V,27.5 V,27.2 V,26.9 V,27.7 V,27.4 V,27.3 V,27.4 V,27.3 V,27.0 V,1843 rpm,1840 rpm,1900 rpm,1890 rpm,1837 rpm,1850 rpm,1831 rpm,1841 rpm,1867 rpm,1903 rpm,
2026-09-08 02:06:00,27.2 V,27.7 V,27.5 V,27.1 V,26.8 V,,27.3 V,27.3 V,27.2 V,27.2 V,,1844 rpm,1838 rpm,1887 rpm,1887 rpm,1846 rpm,1850 rpm,1900 rpm,1864 rpm,1856 rpm,1848 rpm,
2026-09-08 02:08:00,27.2 V,27.7 V,27.5 V,27.3 V,27.4 V,27.7 V,27.3 V,27.3 V,27.3 V,27.3 V,27.2 V,1860 rpm,1901 rpm,1883 rpm,1896 rpm,1835 rpm,1871 rpm,1898 rpm,1898 rpm,1866 rpm,1901 rpm,1699 rpm
2026-09-08 02:10:00,27.2 V,27.7 V,27.5 V,27.2 V,26.8 V,27.7 V,27.3 V,27.2 V,27.3 V,27.2 V,27.2 V,1846 rpm,1844 rpm,1872 rpm,1883 rpm,1835 rpm,1893 rpm,1898 rpm,1843 rpm,1844 rpm,1897 rpm,1869 rpm
2026-09-08 02:12:00,27.2 V,27.7 V,27.5 V,27.1 V,26.9 V,27.7 V,27.3 V,27.3 V,27.3 V,27.3 V,27.2 V,1763 rpm,1899 rpm,1866 rpm,1879 rpm,1828 rpm,1842 rpm,1850 rpm,1877 rpm,1831 rpm,1878 rpm,801 rpm
2026-09-08 02:14:00,27.2 V,27.7 V,27.5 V,26.8 V,26.8 V,27.7 V,27.3 V,27.2 V,27.2 V,27.2 V,27.3 V,1857 rpm,1841 rpm,1906 rpm,1894 rpm,1899 rpm,1833 rpm,1840 rpm,1845 rpm,1845 rpm,1899 rpm,802 rpm
2026-09-08 02:16:00,27.2 V,27.7 V,,27.3 V,27.1 V,27.7 V,27.3 V,27.2 V,27.3 V,27.3 V,27.3 V,1851 rpm,1900 rpm,1856 rpm,1897 rpm,1844 rpm,1883 rpm,800 rpm,1845 rpm,1842 rpm,800 rpm,800 rpm
2026-09-08 02:18:00,27.2 V,25.7 V,,27.3 V,27.4 V,27.7 V,27.2 V,27.2 V,27.3 V,27.5 V,27.3 V,1862 rpm,0 rpm,1875 rpm,801 rpm,1818 rpm,1888 rpm,800 rpm,1899 rpm,1877 rpm,800 rpm,801 rpm
2026-09-08 02:20:00,27.2 V,25.8 V,27.6 V,27.3 V,27.3 V,27.7 V,27.2 V,27.3 V,27.2 V,27.3 V,27.3 V,1838 rpm,0 rpm,800 rpm,800 rpm,1817 rpm,1907 rpm,800 rpm,1900 rpm,1849 rpm,1866 rpm,800 rpm
2026-09-08 02:22:00,27.2 V,,24.8 V,27.5 V,27.2 V,27.7 V,27.2 V,27.3 V,27.3 V,27.3 V,27.2 V,1849 rpm,,800 rpm,801 rpm,1843 rpm,1857 rpm,800 rpm,1899 rpm,1399 rpm,1842 rpm,1890 rpm
2026-09-08 02:24:00,27.2 V,,27.5 V,27.4 V,26.2 V,27.7 V,27.2 V,27.3 V,27.4 V,27.2 V,27.2 V,1860 rpm,,800 rpm,800 rpm,1892 rpm,1828 rpm,800 rpm,1900 rpm,1861 rpm,1907 rpm,1904 rpm
2026-09-08 02:26:00,27.1 V,,27.5 V,26.9 V,27.3 V,27.7 V,27.2 V,27.3 V,27.4 V,27.3 V,27.1 V,1863 rpm,,800 rpm,1839 rpm,1844 rpm,1866 rpm,800 rpm,1901 rpm,1401 rpm,1842 rpm,1869 rpm
2026-09-08 02:28:00,27.2 V,,,26.6 V,27.3 V,27.7 V,27.2 V,27.3 V,27.4 V,27.2 V,27.2 V,1881 rpm,,800 rpm,1898 rpm,1883 rpm,1400 rpm,801 rpm,1833 rpm,1400 rpm,1910 rpm,1856 rpm
2026-09-08 02:30:00,27.2 V,,,27.1 V,27.3 V,27.7 V,27.2 V,27.3 V,27.3 V,27.2 V,27.2 V,1858 rpm,,,1899 rpm,1862 rpm,1400 rpm,800 rpm,1844 rpm,1874 rpm,1846 rpm,1843 rpm
2026-09-08 02:32:00,27.2 V,,,26.6 V,27.4 V,27.6 V,27.2 V,27.3 V,27.3 V,27.2 V,27.2 V,1900 rpm,1878 rpm,1867 rpm,1892 rpm,1885 rpm,1401 rpm,800 rpm,1872 rpm,1911 rpm,1847 rpm,1835 rpm
2026-09-08 02:34:00,27.2 V,,,26.7 V,26.9 V,27.7 V,27.2 V,27.2 V,27.3 V,27.2 V,27.1 V,1907 rpm,,,1898 rpm,1837 rpm,1401 rpm,799 rpm,1869 rpm,1861 rpm,1901 rpm,1902 rpm
2026-09-08 02:36:00,27.2 V,,,26.6 V,27.0 V,,27.2 V,27.2 V,27.2 V,27.2 V,27.2 V,1902 rpm,,800 rpm,1900 rpm,1906 rpm,1401 rpm,800 rpm,1852 rpm,1893 rpm,1901 rpm,1852 rpm
2026-09-08 02:38:00,27.2 V,,,26.7 V,27.1 V,27.8 V,27.2 V,27.3 V,27.1 V,27.2 V,27.1 V,1868 rpm,,800 rpm,1900 rpm,1850 rpm,1400 rpm,799 rpm,1906 rpm,800 rpm,1903 rpm,1848 rpm
2026-09-08 02:40:00,27.2 V,,,26.7 V,27.3 V,27.8 V,27.3 V,27.2 V,26.1 V,27.3 V,27.1 V,1814 rpm,,800 rpm,1898 rpm,1841 rpm,1400 rpm,1841 rpm,1838 rpm,800 rpm,1846 rpm,1876 rpm
2026-09-08 02:42:00,27.2 V,,27.6 V,26.7 V,26.9 V,27.8 V,27.3 V,27.3 V,27.4 V,27.2 V,27.2 V,1834 rpm,,799 rpm,1890 rpm,1875 rpm,1399 rpm,1904 rpm,1844 rpm,800 rpm,1907 rpm,1400 rpm
2026-09-08 02:44:00,27.2 V,,,27.1 V,27.4 V,27.8 V,27.3 V,27.3 V,27.2 V,27.2 V,27.1 V,1609 rpm,,800 rpm,1896 rpm,1873 rpm,1400 rpm,1899 rpm,1859 rpm,1903 rpm,1862 rpm,1839 rpm
2026-09-08 02:46:00,27.2 V,27.7 V,27.6 V,27.0 V,27.5 V,,27.2 V,27.2 V,27.3 V,27.2 V,27.2 V,1868 rpm,800 rpm,801 rpm,1900 rpm,1840 rpm,1401 rpm,1859 rpm,1891 rpm,1883 rpm,1898 rpm,1844 rpm
2026-09-08 02:48:00,27.2 V,,27.6 V,26.6 V,27.3 V,27.8 V,27.3 V,27.3 V,27.3 V,27.2 V,27.0 V,1834 rpm,800 rpm,800 rpm,1900 rpm,1824 rpm,1400 rpm,1820 rpm,800 rpm,1906 rpm,1845 rpm,1589 rpm
2026-09-08 02:50:00,27.2 V,27.8 V,,26.7 V,27.1 V,27.8 V,27.2 V,27.3 V,27.2 V,27.2 V,27.1 V,1858 rpm,800 rpm,800 rpm,1899 rpm,1829 rpm,1400 rpm,1824 rpm,800 rpm,1830 rpm,1873 rpm,1848 rpm
2026-09-08 02:52:00,27.2 V,27.8 V,27.7 V,27.3 V,27.3 V,27.8 V,27.2 V,27.3 V,27.2 V,27.2 V,27.2 V,1861 rpm,799 rpm,800 rpm,1899 rpm,1800 rpm,1400 rpm,1893 rpm,800 rpm,1894 rpm,1849 rpm,1887 rpm
2026-09-08 02:54:00,27.2 V,,,26.7 V,27.3 V,27.8 V,27.2 V,27.3 V,27.2 V,27.2 V,27.2 V,1847 rpm,800 rpm,801 rpm,1899 rpm,1903 rpm,1401 rpm,1881 rpm,800 rpm,1846 rpm,1844 rpm,1840 rpm
2026-09-08 02:56:00,27.2 V,27.8 V,27.6 V,27.1 V,27.3 V,27.8 V,27.2 V,27.3 V,27.2 V,27.2 V,27.2 V,1875 rpm,799 rpm,800 rpm,1888 rpm,1890 rpm,1400 rpm,1850 rpm,799 rpm,1848 rpm,1851 rpm,1844 rpm
2026-09-08 02:58:00,27.2 V,27.8 V,27.6 V,26.6 V,27.3 V,27.8 V,27.2 V,27.3 V,27.3 V,27.2 V,27.1 V,1847 rpm,800 rpm,800 rpm,1883 rpm,1844 rpm,1399 rpm,1902 rpm,1832 rpm,1862 rpm,1847 rpm,1839 rpm
2026-09-08 03:00:00,27.2 V,27.8 V,,27.1 V,27.1 V,27.8 V,27.2 V,27.3 V,27.3 V,27.1 V,27.1 V,1844 rpm,799 rpm,800 rpm,1883 rpm,1857 rpm,1399 rpm,1819 rpm,1835 rpm,1864 rpm,1846 rpm,1839 rpm
2026-09-08 03:02:00,27.2 V,27.8 V,27.7 V,27.3 V,27.0 V,27.8 V,27.1 V,27.3 V,27.3 V,26.9 V,27.1 V,1872 rpm,800 rpm,800 rpm,1887 rpm,1896 rpm,1400 rpm,1859 rpm,1902 rpm,1857 rpm,1862 rpm,1866 rpm
2026-09-08 03:04:00,27.2 V,27.8 V,,27.1 V,27.4 V,27.8 V,27.2 V,27.3 V,27.3 V,27.2 V,26.7 V,1875 rpm,801 rpm,800 rpm,1900 rpm,800 rpm,1400 rpm,1905 rpm,1900 rpm,1864 rpm,1847 rpm,1875 rpm
2026-09-08 03:06:00,27.2 V,27.7 V,27.6 V,27.3 V,27.4 V,,27.2 V,27.3 V,27.3 V,27.3 V,27.0 V,1881 rpm,800 rpm,800 rpm,1890 rpm,800 rpm,1400 rpm,1907 rpm,1839 rpm,1889 rpm,1846 rpm,1844 rpm
2026-09-08 03:08:00,27.2 V,27.8 V,27.6 V,26.8 V,24.6 V,27.8 V,27.2 V,27.3 V,27.3 V,27.2 V,27.1 V,1399 rpm,1845 rpm,801 rpm,1900 rpm,800 rpm,1400 rpm,1838 rpm,1884 rpm,1893 rpm,1852 rpm,1856 rpm
2026-09-08 03:10:00,27.2 V,27.8 V,,27.2 V,27.4 V,27.8 V,27.2 V,27.3 V,27.3 V,27.1 V,27.1 V,1906 rpm,1893 rpm,801 rpm,1898 rpm,800 rpm,1904 rpm,1884 rpm,1840 rpm,1883 rpm,1866 rpm,1843 rpm
2026-09-08 03:12:00,27.2 V,27.8 V,27.7 V,26.7 V,27.1 V,27.8 V,27.2 V,27.3 V,27.2 V,27.2 V,27.2 V,1832 rpm,1900 rpm,801 rpm,1898 rpm,800 rpm,1897 rpm,1849 rpm,1842 rpm,1893 rpm,1883 rpm,1844 rpm
2026-09-08 03:14:00,27.2 V,27.8 V,27.7 V,27.5 V,26.9 V,27.8 V,27.2 V,27.3 V,27.3 V,27.1 V,27.0 V,1890 rpm,1843 rpm,800 rpm,801 rpm,800 rpm,1826 rpm,1797 rpm,1850 rpm,1858 rpm,1871 rpm,1844 rpm
2026-09-08 03:16:00,27.2 V,27.8 V,25.3 V,27.5 V,27.0 V,27.8 V,27.2 V,27.3 V,27.2 V,27.2 V,27.0 V,800 rpm,1845 rpm,0 rpm,801 rpm,800 rpm,1896 rpm,1850 rpm,1899 rpm,1890 rpm,1883 rpm,1878 rpm
2026-09-08 03:18:00,27.2 V,27.9 V,27.7 V,27.5 V,26.5 V,27.8 V,27.1 V,27.3 V,27.2 V,27.2 V,27.0 V,800 rpm,1843 rpm,0 rpm,801 rpm,1838 rpm,1837 rpm,1922 rpm,800 rpm,1866 rpm,1895 rpm,1840 rpm
2026-09-08 03:20:00,27.2 V,27.8 V,,27.4 V,27.1 V,27.7 V,27.1 V,27.3 V,27.2 V,27.1 V,27.1 V,1839 rpm,1901 rpm,1860 rpm,1849 rpm,1851 rpm,1901 rpm,1903 rpm,800 rpm,1856 rpm,1889 rpm,1897 rpm
2026-09-08 03:22:00,27.2 V,27.8 V,27.6 V,27.2 V,27.1 V,27.7 V,27.2 V,27.3 V,27.2 V,27.2 V,27.2 V,1848 rpm,1834 rpm,800 rpm,1903 rpm,1817 rpm,1883 rpm,1817 rpm,801 rpm,1834 rpm,1890 rpm,801 rpm
2026-09-08 03:24:00,27.2 V,27.8 V,27.6 V,26.9 V,26.7 V,27.7 V,27.2 V,27.3 V,27.3 V,27.2 V,24.9 V,1853 rpm,1884 rpm,1522 rpm,1863 rpm,1890 rpm,1830 rpm,1795 rpm,800 rpm,1854 rpm,1897 rpm,799 rpm
2026-09-08 03:26:00,27.2 V,27.8 V,27.6 V,26.7 V,26.8 V,27.8 V,27.2 V,27.3 V,27.3 V,27.1 V,27.3 V,1840 rpm,1881 rpm,800 rpm,1858 rpm,1894 rpm,1900 rpm,1820 rpm,1849 rpm,1797 rpm,1890 rpm,801 rpm
2026-09-08 03:28:00,27.2 V,,,27.2 V,26.8 V,27.7 V,27.2 V,27.4 V,27.3 V,27.2 V,27.4 V,1890 rpm,1887 rpm,,1898 rpm,1889 rpm,1839 rpm,1811 rpm,1853 rpm,1846 rpm,1867 rpm,1402 rpm
2026-09-08 03:30:00,27.2 V,27.8 V,,26.5 V,27.3 V,,27.1 V,27.3 V,27.2 V,27.1 V,27.4 V,1857 rpm,1898 rpm,,1898 rpm,1833 rpm,1903 rpm,1808 rpm,1898 rpm,1851 rpm,1892 rpm,1399 rpm
2026-09-08 03:32:00,27.2 V,27.8 V,,27.3 V,27.3 V,27.7 V,27.2 V,27.3 V,27.3 V,27.2 V,27.3 V,1863 rpm,1901 rpm,,1900 rpm,1864 rpm,801 rpm,1898 rpm,1840 rpm,1900 rpm,1866 rpm,1844 rpm
2026-09-08 03:34:00,27.2 V,27.8 V,,27.2 V,26.7 V,27.7 V,27.2 V,27.3 V,27.2 V,27.4 V,27.3 V,1908 rpm,1908 rpm,,1840 rpm,1906 rpm,801 rpm,1865 rpm,799 rpm,1843 rpm,800 rpm,1846 rpm
2026-09-08 03:36:00,27.2 V,27.8 V,,26.7 V,27.2 V,27.7 V,27.2 V,27.2 V,27.3 V,27.2 V,27.4 V,1883 rpm,1865 rpm,,1850 rpm,1853 rpm,1895 rpm,1846 rpm,800 rpm,1891 rpm,1905 rpm,1400 rpm
2026-09-08 03:38:00,27.2 V,,,27.4 V,27.3 V,27.7 V,27.2 V,27.3 V,27.3 V,27.2 V,27.4 V,1873 rpm,1871 rpm,,1865 rpm,1842 rpm,1904 rpm,1839 rpm,801 rpm,1845 rpm,1901 rpm,1400 rpm
2026-09-08 03:40:00,26.8 V,27.8 V,,26.6 V,26.8 V,27.7 V,27.2 V,27.2 V,27.3 V,27.2 V,27.4 V,1908 rpm,1844 rpm,,1885 rpm,1802 rpm,1837 rpm,1839 rpm,1898 rpm,1890 rpm,1881 rpm,1400 rpm
2026-09-08 03:42:00,27.2 V,27.8 V,,27.3 V,26.6 V,27.7 V,27.2 V,27.2 V,27.2 V,27.2 V,27.4 V,1869 rpm,1850 rpm,,1865 rpm,1838 rpm,1856 rpm,1845 rpm,1853 rpm,1916 rpm,1850 rpm,1401 rpm
2026-09-08 03:44:00,27.2 V,,,27.2 V,26.9 V,27.4 V,27.2 V,27.3 V,27.3 V,27.2 V,27.4 V,1843 rpm,1844 rpm,,1876 rpm,1835 rpm,1904 rpm,1839 rpm,1884 rpm,1871 rpm,1900 rpm,1400 rpm
2026-09-08 03:46:00,27.2 V,27.8 V,,26.6 V,27.1 V,27.7 V,27.2 V,27.3 V,27.3 V,27.2 V,27.5 V,1878 rpm,801 rpm,,1852 rpm,1891 rpm,1399 rpm,1839 rpm,1904 rpm,1831 rpm,1890 rpm,1401 rpm
2026-09-08 03:48:00,27.2 V,27.8 V,,27.0 V,27.3 V,27.8 V,27.2 V,27.3 V,27.3 V,27.2 V,27.4 V,1849 rpm,800 rpm,,1899 rpm,1894 rpm,1831 rpm,1832 rpm,1904 rpm,1898 rpm,1898 rpm,1844 rpm
2026-09-08 03:50:00,27.2 V,27.8 V,,26.9 V,27.4 V,27.8 V,27.2 V,27.3 V,27.3 V,27.2 V,27.4 V,1877 rpm,1861 rpm,,1860 rpm,1898 rpm,1883 rpm,1906 rpm,1833 rpm,1825 rpm,1903 rpm,1899 rpm
2026-09-08 03:52:00,27.2 V,27.8 V,,27.0 V,27.3 V,27.7 V,27.2 V,27.3 V,27.3 V,27.2 V,27.4 V,1859 rpm,1843 rpm,,1852 rpm,1875 rpm,1874 rpm,1883 rpm,1838 rpm,1900 rpm,1845 rpm,1400 rpm
2026-09-08 03:54:00,27.2 V,27.8 V,,26.6 V,27.0 V,27.8 V,27.2 V,27.3 V,27.2 V,27.1 V,27.3 V,1879 rpm,1889 rpm,,1858 rpm,1839 rpm,1837 rpm,1893 rpm,1866 rpm,1862 rpm,1908 rpm,1877 rpm
2026-09-08 03:56:00,27.2 V,27.8 V,,26.7 V,27.4 V,27.7 V,27.2 V,27.2 V,27.2 V,27.2 V,27.4 V,1866 rpm,1896 rpm,,1854 rpm,800 rpm,1870 rpm,1869 rpm,1824 rpm,1889 rpm,1856 rpm,1845 rpm
2026-09-08 03:58:00,27.2 V,27.8 V,,27.4 V,27.3 V,27.4 V,27.2 V,27.3 V,27.3 V,27.3 V,27.4 V,1870 rpm,1900 rpm,,1895 rpm,800 rpm,1896 rpm,1821 rpm,1838 rpm,1842 rpm,1904 rpm,1898 rpm
2026-09-08 04:00:00,27.2 V,27.8 V,,26.7 V,27.4 V,27.8 V,27.0 V,27.3 V,27.2 V,27.2 V,27.4 V,1901 rpm,1897 rpm,,1877 rpm,800 rpm,1835 rpm,1903 rpm,1851 rpm,1876 rpm,1900 rpm,1849 rpm
2026-09-08 04:02:00,27.2 V,27.8 V,,26.4 V,27.3 V,27.8 V,27.2 V,27.2 V,27.4 V,27.2 V,27.4 V,1867 rpm,1907 rpm,,1840 rpm,1903 rpm,1835 rpm,1838 rpm,1827 rpm,1842 rpm,1900 rpm,1401 rpm
2026-09-08 04:04:00,27.2 V,,,26.9 V,27.3 V,27.8 V,27.2 V,27.2 V,27.2 V,27.3 V,27.5 V,1828 rpm,1859 rpm,,1843 rpm,1829 rpm,1823 rpm,1854 rpm,1846 rpm,1870 rpm,1841 rpm,1400 rpm
2026-09-08 04:06:00,27.2 V,27.8 V,,27.0 V,27.0 V,27.8 V,27.2 V,27.3 V,27.2 V,27.2 V,27.5 V,1881 rpm,1899 rpm,,1875 rpm,1836 rpm,1868 rpm,1895 rpm,1837 rpm,1864 rpm,1904 rpm,1400 rpm
2026-09-08 04:08:00,27.2 V,,,26.6 V,27.3 V,27.8 V,27.1 V,27.2 V,27.3 V,27.2 V,27.3 V,1890 rpm,1836 rpm,,1848 rpm,1819 rpm,1912 rpm,1873 rpm,1876 rpm,1856 rpm,1878 rpm,1830 rpm
2026-09-08 04:10:00,27.2 V,27.8 V,,27.2 V,27.2 V,27.8 V,27.2 V,27.2 V,27.2 V,27.2 V,27.4 V,1879 rpm,1839 rpm,,1846 rpm,1842 rpm,1877 rpm,1821 rpm,1838 rpm,1901 rpm,1841 rpm,1901 rpm
2026-09-08 04:12:00,27.2 V,27.8 V,,26.8 V,27.4 V,27.8 V,27.2 V,27.3 V,27.3 V,27.2 V,27.4 V,1401 rpm,1843 rpm,,1894 rpm,1829 rpm,1886 rpm,1863 rpm,1827 rpm,1902 rpm,1850 rpm,1400 rpm
2026-09-08 04:14:00,27.2 V,27.8 V,,27.5 V,27.0 V,27.7 V,27.1 V,27.2 V,27.2 V,27.2 V,27.4 V,1872 rpm,1902 rpm,,803 rpm,1836 rpm,1898 rpm,1829 rpm,1857 rpm,1900 rpm,1899 rpm,1400 rpm
2026-09-08 04:16:00,27.2 V,27.8 V,,27.4 V,27.1 V,27.7 V,27.2 V,27.3 V,27.2 V,27.1 V,27.3 V,1845 rpm,1860 rpm,,800 rpm,1844 rpm,1860 rpm,1833 rpm,1839 rpm,1842 rpm,1902 rpm,1860 rpm
2026-09-08 04:18:00,27.2 V,27.8 V,,27.5 V,27.2 V,27.7 V,27.2 V,27.3 V,27.3 V,27.2 V,27.3 V,1836 rpm,1878 rpm,,800 rpm,1863 rpm,1836 rpm,1890 rpm,1845 rpm,1838 rpm,1879 rpm,1894 rpm
2026-09-08 04:20:00,27.2 V,27.8 V,,27.5 V,27.1 V,27.8 V,27.2 V,27.2 V,27.4 V,27.2 V,27.3 V,1869 rpm,1892 rpm,,801 rpm,1844 rpm,1831 rpm,1892 rpm,1854 rpm,1908 rpm,1859 rpm,1858 rpm
2026-09-08 04:22:00,27.2 V,27.8 V,,27.5 V,27.2 V,27.8 V,27.1 V,27.3 V,27.2 V,27.2 V,27.4 V,1906 rpm,1888 rpm,,800 rpm,1851 rpm,1847 rpm,1871 rpm,1837 rpm,1819 rpm,1899 rpm,1400 rpm
2026-09-08 04:24:00,27.2 V,27.8 V,,27.3 V,26.7 V,27.8 V,27.2 V,27.3 V,27.2 V,27.2 V,27.5 V,1859 rpm,1862 rpm,,801 rpm,1884 rpm,1824 rpm,1901 rpm,1842 rpm,1847 rpm,1829 rpm,1400 rpm
2026-09-08 04:26:00,27.2 V,27.8 V,,27.5 V,27.3 V,27.8 V,27.2 V,27.2 V,27.2 V,27.2 V,27.3 V,1857 rpm,1860 rpm,,801 rpm,1839 rpm,1839 rpm,1840 rpm,1898 rpm,1875 rpm,1867 rpm,1871 rpm
2026-09-08 04:28:00,26.8 V,27.8 V,,27.5 V,27.0 V,27.7 V,27.2 V,27.2 V,27.4 V,27.2 V,27.3 V,1874 rpm,1890 rpm,,801 rpm,1857 rpm,1400 rpm,1860 rpm,1895 rpm,1899 rpm,1854 rpm,1868 rpm
2026-09-08 04:30:00,27.2 V,27.7 V,,27.4 V,27.2 V,27.7 V,27.2 V,27.3 V,27.4 V,27.3 V,27.4 V,1852 rpm,1878 rpm,,801 rpm,1889 rpm,794 rpm,1911 rpm,1874 rpm,801 rpm,1852 rpm,1400 rpm
2026-09-08 04:32:00,27.2 V,27.8 V,,27.5 V,27.1 V,27.7 V,27.2 V,27.3 V,27.4 V,27.2 V,27.5 V,1858 rpm,1896 rpm,,801 rpm,1843 rpm,1843 rpm,1903 rpm,1896 rpm,802 rpm,1846 rpm,1400 rpm
2026-09-08 04:34:00,27.2 V,27.8 V,,27.4 V,27.3 V,27.7 V,27.2 V,27.2 V,27.5 V,27.2 V,27.3 V,1860 rpm,1892 rpm,,801 rpm,800 rpm,1880 rpm,1843 rpm,1842 rpm,798 rpm,1902 rpm,1872 rpm
2026-09-08 04:36:00,27.2 V,27.8 V,,27.5 V,27.3 V,27.7 V,27.2 V,27.2 V,27.4 V,27.1 V,27.3 V,1889 rpm,1898 rpm,,801 rpm,800 rpm,1829 rpm,1835 rpm,1900 rpm,800 rpm,1869 rpm,1844 rpm
2026-09-08 04:38:00,27.2 V,27.8 V,,27.4 V,27.3 V,27.7 V,27.2 V,27.3 V,27.5 V,27.2 V,27.5 V,1841 rpm,1897 rpm,,801 rpm,800 rpm,1850 rpm,1881 rpm,1836 rpm,799 rpm,1866 rpm,1400 rpm
2026-09-08 04:40:00,27.2 V,27.7 V,,27.4 V,27.4 V,27.7 V,27.2 V,27.3 V,27.5 V,27.2 V,27.4 V,1895 rpm,1895 rpm,,800 rpm,800 rpm,1788 rpm,1837 rpm,1883 rpm,800 rpm,1900 rpm,1399 rpm
2026-09-08 04:42:00,27.2 V,27.8 V,,27.6 V,27.3 V,27.7 V,27.2 V,27.3 V,27.5 V,27.2 V,27.5 V,1778 rpm,1883 rpm,,801 rpm,800 rpm,1869 rpm,1868 rpm,1839 rpm,800 rpm,1869 rpm,1402 rpm
2026-09-08 04:44:00,27.2 V,27.8 V,,26.6 V,26.9 V,27.7 V,27.2 V,27.3 V,27.5 V,27.1 V,27.4 V,1850 rpm,1859 rpm,,1871 rpm,1870 rpm,1850 rpm,1786 rpm,1838 rpm,800 rpm,1877 rpm,1881 rpm
2026-09-08 04:46:00,27.2 V,27.8 V,,27.1 V,26.9 V,27.7 V,27.2 V,27.3 V,27.3 V,27.2 V,27.3 V,1847 rpm,1858 rpm,,1487 rpm,1858 rpm,1818 rpm,1825 rpm,1865 rpm,1848 rpm,1849 rpm,1871 rpm
2026-09-08 04:48:00,27.2 V,27.8 V,,27.5 V,27.1 V,27.7 V,27.2 V,27.3 V,27.3 V,27.2 V,27.3 V,1845 rpm,1883 rpm,,801 rpm,1831 rpm,1836 rpm,1838 rpm,1846 rpm,1861 rpm,1900 rpm,1901 rpm
2026-09-08 04:50:00,27.2 V,27.8 V,,27.5 V,27.2 V,27.7 V,27.1 V,27.2 V,27.3 V,27.1 V,27.4 V,1899 rpm,1837 rpm,,801 rpm,1836 rpm,1843 rpm,800 rpm,1898 rpm,1839 rpm,1895 rpm,1860 rpm
2026-09-08 04:52:00,27.2 V,27.8 V,,27.5 V,27.1 V,27.7 V,27.2 V,27.3 V,27.3 V,27.2 V,27.0 V,1857 rpm,1900 rpm,,800 rpm,1906 rpm,1893 rpm,800 rpm,1848 rpm,1842 rpm,1900 rpm,1907 rpm
2026-09-08 04:54:00,27.2 V,27.8 V,,27.6 V,27.0 V,27.7 V,27.1 V,27.3 V,27.3 V,27.1 V,27.5 V,1910 rpm,1871 rpm,,800 rpm,1847 rpm,1833 rpm,801 rpm,1840 rpm,1838 rpm,1877 rpm,1879 rpm
2026-09-08 04:56:00,27.2 V,27.8 V,,27.5 V,27.0 V,,27.2 V,27.3 V,27.3 V,27.2 V,,1844 rpm,1842 rpm,,800 rpm,1889 rpm,1868 rpm,1864 rpm,1850 rpm,1866 rpm,1903 rpm,1846 rpm
2026-09-08 04:58:00,27.2 V,27.8 V,,27.6 V,26.8 V,27.7 V,27.1 V,27.3 V,27.3 V,27.2 V,27.5 V,1877 rpm,1870 rpm,,800 rpm,1862 rpm,1879 rpm,1900 rpm,1838 rpm,1867 rpm,1848 rpm,1399 rpm
2026-09-08 05:00:00,27.2 V,27.8 V,,26.6 V,26.8 V,27.7 V,27.2 V,27.3 V,27.3 V,27.2 V,27.5 V,1841 rpm,1891 rpm,,1901 rpm,1909 rpm,1907 rpm,1913 rpm,1844 rpm,1879 rpm,1842 rpm,1400 rpm
2026-09-08 05:02:00,27.2 V,27.7 V,,26.7 V,27.0 V,27.7 V,27.2 V,27.2 V,27.3 V,27.2 V,27.4 V,1840 rpm,1878 rpm,,1842 rpm,1860 rpm,1866 rpm,1854 rpm,1868 rpm,1900 rpm,1885 rpm,1400 rpm
2026-09-08 05:04:00,27.2 V,27.7 V,,27.0 V,27.0 V,27.7 V,27.1 V,27.2 V,27.2 V,27.2 V,27.3 V,1856 rpm,1901 rpm,,1862 rpm,1876 rpm,1900 rpm,1882 rpm,1838 rpm,1814 rpm,1888 rpm,1869 rpm
2026-09-08 05:06:00,27.2 V,27.7 V,,26.6 V,27.4 V,27.7 V,27.2 V,27.3 V,27.3 V,27.2 V,27.4 V,1878 rpm,1846 rpm,,1842 rpm,1825 rpm,1905 rpm,1837 rpm,1859 rpm,1911 rpm,1853 rpm,1864 rpm
2026-09-08 05:08:00,27.2 V,27.7 V,,27.2 V,27.3 V,27.7 V,27.2 V,27.2 V,27.3 V,27.2 V,27.3 V,1840 rpm,1900 rpm,,1852 rpm,1887 rpm,1862 rpm,1849 rpm,1886 rpm,1842 rpm,1891 rpm,1846 rpm
2026-09-08 05:10:00,27.2 V,27.7 V,,26.7 V,27.4 V,27.4 V,27.1 V,27.2 V,27.3 V,27.2 V,27.2 V,1842 rpm,1898 rpm,,1863 rpm,800 rpm,1862 rpm,1838 rpm,1901 rpm,1860 rpm,1848 rpm,1842 rpm
2026-09-08 05:12:00,27.2 V,27.8 V,,27.6 V,27.4 V,27.7 V,27.2 V,27.3 V,27.3 V,27.2 V,27.4 V,1838 rpm,1866 rpm,,801 rpm,800 rpm,1830 rpm,1840 rpm,800 rpm,1791 rpm,1860 rpm,1871 rpm
2026-09-08 05:14:00,26.8 V,27.8 V,,27.6 V,27.4 V,27.7 V,27.1 V,27.2 V,27.2 V,27.2 V,27.3 V,1901 rpm,1838 rpm,,801 rpm,800 rpm,1827 rpm,1842 rpm,800 rpm,1876 rpm,1842 rpm,1889 rpm
2026-09-08 05:16:00,27.2 V,27.7 V,,26.9 V,27.4 V,27.7 V,27.1 V,27.2 V,27.2 V,27.2 V,27.4 V,1841 rpm,1900 rpm,,1877 rpm,800 rpm,1881 rpm,1805 rpm,1881 rpm,1904 rpm,1848 rpm,1889 rpm
2026-09-08 05:18:00,27.2 V,27.7 V,,26.7 V,27.2 V,27.7 V,27.1 V,26.9 V,27.3 V,27.2 V,27.5 V,1858 rpm,1891 rpm,,1842 rpm,800 rpm,1827 rpm,1908 rpm,1901 rpm,1824 rpm,1879 rpm,1897 rpm
2026-09-08 05:20:00,27.2 V,27.8 V,,27.1 V,26.8 V,27.7 V,27.1 V,27.2 V,27.3 V,27.2 V,27.2 V,1862 rpm,1846 rpm,,1912 rpm,1833 rpm,1867 rpm,1837 rpm,1846 rpm,1902 rpm,1885 rpm,1842 rpm
2026-09-08 05:22:00,27.2 V,27.8 V,,26.5 V,27.0 V,27.7 V,27.1 V,27.3 V,27.3 V,27.2 V,27.2 V,1893 rpm,1818 rpm,,1854 rpm,1858 rpm,1858 rpm,1800 rpm,1906 rpm,1862 rpm,1840 rpm,1889 rpm
2026-09-08 05:24:00,27.3 V,27.7 V,,26.7 V,27.2 V,27.7 V,27.0 V,27.0 V,27.2 V,27.2 V,27.3 V,800 rpm,1838 rpm,,1904 rpm,1850 rpm,1860 rpm,1854 rpm,1899 rpm,1838 rpm,1896 rpm,1843 rpm
2026-09-08 05:26:00,27.3 V,27.8 V,,27.6 V,27.3 V,27.7 V,27.1 V,27.2 V,27.3 V,27.2 V,27.2 V,800 rpm,1872 rpm,,801 rpm,1852 rpm,1842 rpm,1834 rpm,1896 rpm,1871 rpm,1900 rpm,1843 rpm
2026-09-08 05:28:00,27.3 V,27.8 V,,27.3 V,27.4 V,27.7 V,27.1 V,27.2 V,27.3 V,26.9 V,27.1 V,1870 rpm,1856 rpm,,801 rpm,1835 rpm,1836 rpm,1889 rpm,1828 rpm,1816 rpm,1902 rpm,1871 rpm
2026-09-08 05:30:00,27.3 V,27.8 V,,27.4 V,27.0 V,27.7 V,27.1 V,27.2 V,27.2 V,27.2 V,27.2 V,1905 rpm,1870 rpm,,801 rpm,1854 rpm,1742 rpm,1857 rpm,1865 rpm,1870 rpm,1833 rpm,1843 rpm
2026-09-08 05:32:00,,27.8 V,,27.4 V,24.3 V,,27.1 V,27.2 V,27.3 V,27.3 V,27.2 V,,1852 rpm,,801 rpm,799 rpm,1841 rpm,1852 rpm,1850 rpm,1903 rpm,1845 rpm,1836 rpm
2026-09-08 05:34:00,,27.8 V,,27.4 V,27.3 V,,27.1 V,27.2 V,27.2 V,27.2 V,27.0 V,,1890 rpm,,801 rpm,800 rpm,,1872 rpm,1861 rpm,1824 rpm,1852 rpm,1902 rpm
2026-09-08 05:36:00,,27.8 V,,27.4 V,27.3 V,,27.1 V,27.2 V,27.3 V,27.2 V,27.2 V,,1852 rpm,,800 rpm,1900 rpm,,1832 rpm,1847 rpm,1864 rpm,1864 rpm,1843 rpm
2026-09-08 05:38:00,,27.8 V,,27.5 V,,,27.1 V,27.3 V,27.3 V,27.2 V,27.3 V,,1856 rpm,,800 rpm,,,1859 rpm,1838 rpm,1899 rpm,1859 rpm,800 rpm
2026-09-08 05:40:00,,27.8 V,,27.4 V,,,27.0 V,27.3 V,27.1 V,27.1 V,27.3 V,,1895 rpm,,801 rpm,,,1900 rpm,1859 rpm,1898 rpm,1843 rpm,800 rpm
2026-09-08 05:42:00,,27.8 V,,27.4 V,,,27.1 V,27.2 V,27.3 V,27.1 V,27.4 V,,801 rpm,,800 rpm,,,800 rpm,1852 rpm,1861 rpm,1878 rpm,800 rpm
2026-09-08 05:44:00,,27.8 V,,27.5 V,,,27.2 V,27.2 V,27.5 V,27.2 V,27.5 V,,801 rpm,,800 rpm,,,1857 rpm,1850 rpm,801 rpm,1883 rpm,800 rpm
2026-09-08 05:46:00,,27.7 V,,27.5 V,,,27.2 V,27.3 V,27.5 V,25.5 V,27.4 V,,800 rpm,,800 rpm,,,1861 rpm,1899 rpm,800 rpm,0 rpm,800 rpm
2026-09-08 05:48:00,,27.7 V,,27.5 V,,,27.2 V,27.3 V,25.0 V,26.6 V,27.6 V,,800 rpm,,801 rpm,,,1878 rpm,1833 rpm,0 rpm,800 rpm,800 rpm
2026-09-08 05:50:00,,27.7 V,,27.4 V,,,27.1 V,27.3 V,27.5 V,26.6 V,27.6 V,,801 rpm,,800 rpm,,,1851 rpm,1835 rpm,799 rpm,1879 rpm,800 rpm
2026-09-08 05:52:00,,26.8 V,,27.5 V,,,27.1 V,27.3 V,27.3 V,,27.5 V,,800 rpm,,799 rpm,,,800 rpm,1842 rpm,1860 rpm,,801 rpm
2026-09-08 05:54:00,,27.6 V,,27.5 V,,,27.3 V,27.3 V,27.2 V,,27.6 V,,1900 rpm,,800 rpm,,,1880 rpm,1844 rpm,1850 rpm,,800 rpm
2026-09-08 05:56:00,,,,27.4 V,,,,27.3 V,,,27.6 V,,1829 rpm,,799 rpm,,,,800 rpm,,,800 rpm
2026-09-08 05:58:00,,,,27.4 V,,,,27.3 V,,,27.2 V,,,,799 rpm,,,,1898 rpm,,,1842 rpm
2026-09-08 06:00:00,,,,27.5 V,,,,27.3 V,,,27.4 V,,,,799 rpm,,,,1863 rpm,,,1842 rpm
2026-09-08 06:02:00,,,,27.4 V,,,,,,,27.4 V,,,,799 rpm,,,,,,,1844 rpm
2026-09-08 06:04:00,,,,27.4 V,,,,,,,27.4 V,,,,800 rpm,,,,,,,1898 rpm
2026-09-08 06:06:00,,,,27.5 V,,,,,,,,,,,799 rpm,,,,,,,
2026-09-08 06:08:00,,,,27.4 V,,,,,,,,,,,800 rpm,,,,,,,
2026-09-08 06:10:00,,,,27.4 V,,,,,,,,,,,800 rpm,,,,,,,
2026-09-08 06:12:00,,,,27.6 V,,,,,,,,,,,800 rpm,,1865 rpm,,,,,
2026-09-08 06:14:00,,,,27.6 V,,,,,,,,,,,800 rpm,,,,,,,
2026-09-08 06:16:00,,,,27.5 V,,,,,,,,,,,800 rpm,,1819 rpm,,,,,
2026-09-08 06:18:00,,,,27.4 V,,27.7 V,,,,,,,,,801 rpm,,1876 rpm,,,,,
2026-09-08 06:20:00,27.3 V,,,27.5 V,,27.7 V,,,,,,1844 rpm,,,801 rpm,,1838 rpm,,,,,
2026-09-08 06:22:00,27.3 V,,,27.5 V,,27.7 V,,,,,,1845 rpm,,,801 rpm,,1852 rpm,,,,,
2026-09-08 06:24:00,27.3 V,,,27.4 V,,27.7 V,,,,,,1870 rpm,,,801 rpm,,1840 rpm,,,,,
2026-09-08 06:26:00,27.3 V,,,27.3 V,,27.7 V,,,,,,1908 rpm,,,801 rpm,,1841 rpm,,,,,
2026-09-08 06:28:00,27.3 V,,,27.5 V,,27.7 V,,,,,,1872 rpm,,,801 rpm,,1875 rpm,,,,,
2026-09-08 06:30:00,27.3 V,,,27.0 V,,27.7 V,,,,,,1903 rpm,,,1871 rpm,,1833 rpm,,,,,
2026-09-08 06:32:00,27.3 V,,,27.4 V,,27.7 V,,,,,,1880 rpm,,,1908 rpm,800 rpm,1872 rpm,,,,,
2026-09-08 06:34:00,27.3 V,,,26.5 V,26.9 V,27.7 V,,,,,,1845 rpm,800 rpm,,1902 rpm,1882 rpm,1875 rpm,,800 rpm,,,
2026-09-08 06:36:00,27.3 V,,,26.8 V,27.2 V,27.7 V,,,,,26.9 V,1839 rpm,,,1888 rpm,1898 rpm,1854 rpm,800 rpm,800 rpm,,,800 rpm
2026-09-08 06:38:00,27.3 V,27.7 V,,26.7 V,26.9 V,27.7 V,,27.4 V,,,,1853 rpm,1860 rpm,,1834 rpm,1901 rpm,1837 rpm,,1904 rpm,,800 rpm,
2026-09-08 06:40:00,27.3 V,27.7 V,,27.4 V,27.1 V,,27.3 V,27.3 V,,,27.4 V,1907 rpm,1858 rpm,,798 rpm,1837 rpm,1902 rpm,1871 rpm,1859 rpm,0 rpm,,1851 rpm
2026-09-08 06:42:00,27.3 V,27.7 V,,27.4 V,27.3 V,27.7 V,27.3 V,27.3 V,,26.7 V,27.5 V,1871 rpm,1897 rpm,,800 rpm,1839 rpm,1904 rpm,1880 rpm,1907 rpm,1900 rpm,1892 rpm,1400 rpm
2026-09-08 06:44:00,27.3 V,27.7 V,,27.4 V,27.4 V,27.7 V,27.3 V,27.4 V,27.3 V,27.0 V,27.5 V,1839 rpm,1898 rpm,,800 rpm,1871 rpm,1854 rpm,1844 rpm,1842 rpm,800 rpm,1853 rpm,1399 rpm
2026-09-08 06:46:00,27.3 V,,,27.4 V,27.0 V,27.4 V,27.3 V,27.3 V,27.3 V,27.1 V,27.6 V,1822 rpm,1902 rpm,,800 rpm,1830 rpm,1915 rpm,1734 rpm,1843 rpm,800 rpm,1861 rpm,1401 rpm
2026-09-08 06:48:00,27.3 V,27.8 V,,27.3 V,27.0 V,27.7 V,27.3 V,27.3 V,27.3 V,27.0 V,27.4 V,1854 rpm,1838 rpm,,1900 rpm,1903 rpm,1844 rpm,1901 rpm,1900 rpm,800 rpm,1843 rpm,1871 rpm
2026-09-08 06:50:00,27.3 V,27.8 V,,27.1 V,27.2 V,,27.3 V,27.3 V,27.4 V,27.0 V,27.4 V,1842 rpm,1866 rpm,,1870 rpm,1853 rpm,1861 rpm,1902 rpm,1829 rpm,1631 rpm,1847 rpm,1844 rpm
2026-09-08 06:52:00,27.2 V,27.8 V,,27.2 V,27.0 V,27.7 V,27.3 V,27.3 V,27.3 V,27.0 V,27.4 V,1902 rpm,1902 rpm,,1859 rpm,1817 rpm,1882 rpm,1903 rpm,1815 rpm,800 rpm,1877 rpm,1824 rpm
2026-09-08 06:54:00,27.2 V,27.8 V,,26.7 V,27.3 V,27.7 V,27.3 V,27.3 V,27.2 V,26.9 V,27.4 V,1904 rpm,1874 rpm,,1898 rpm,1840 rpm,1899 rpm,1905 rpm,1839 rpm,1880 rpm,1840 rpm,1884 rpm
2026-09-08 06:56:00,27.2 V,,,26.7 V,27.0 V,27.4 V,27.3 V,27.4 V,27.2 V,27.1 V,27.5 V,1815 rpm,1893 rpm,,1850 rpm,1809 rpm,1839 rpm,1884 rpm,1856 rpm,1858 rpm,1873 rpm,1843 rpm
2026-09-08 06:58:00,27.2 V,27.8 V,,27.3 V,27.4 V,27.7 V,27.3 V,27.3 V,27.1 V,27.0 V,27.4 V,1902 rpm,1857 rpm,,1842 rpm,1838 rpm,1899 rpm,1866 rpm,1846 rpm,1858 rpm,1844 rpm,1841 rpm
2026-09-08 07:00:00,27.2 V,27.8 V,,26.5 V,27.4 V,27.7 V,27.3 V,27.3 V,27.2 V,27.0 V,27.4 V,1875 rpm,1864 rpm,,1840 rpm,1901 rpm,1906 rpm,1848 rpm,1840 rpm,1841 rpm,1875 rpm,1840 rpm
2026-09-08 07:02:00,27.2 V,27.7 V,,26.5 V,27.4 V,27.7 V,27.3 V,27.3 V,27.1 V,26.8 V,27.4 V,1847 rpm,1851 rpm,,1843 rpm,1898 rpm,1850 rpm,1863 rpm,1842 rpm,1916 rpm,1900 rpm,1868 rpm
2026-09-08 07:04:00,27.2 V,27.8 V,,27.2 V,27.2 V,27.7 V,27.3 V,27.2 V,27.2 V,26.9 V,27.3 V,1846 rpm,1840 rpm,,1878 rpm,1862 rpm,1833 rpm,1839 rpm,1833 rpm,1890 rpm,1862 rpm,1883 rpm
2026-09-08 07:06:00,27.3 V,27.8 V,,27.5 V,27.4 V,27.7 V,27.3 V,27.3 V,27.4 V,27.0 V,27.3 V,1904 rpm,1858 rpm,,799 rpm,1837 rpm,1855 rpm,1836 rpm,1846 rpm,800 rpm,1852 rpm,1870 rpm
2026-09-08 07:08:00,27.3 V,27.8 V,,26.7 V,27.3 V,27.7 V,27.2 V,27.2 V,27.2 V,26.9 V,27.4 V,1843 rpm,1861 rpm,,1847 rpm,1835 rpm,1894 rpm,1871 rpm,1899 rpm,1872 rpm,1842 rpm,1843 rpm
2026-09-08 07:10:00,27.2 V,27.8 V,,26.5 V,27.4 V,27.7 V,27.2 V,27.2 V,27.2 V,26.9 V,27.2 V,1873 rpm,1869 rpm,,1850 rpm,1857 rpm,1901 rpm,1868 rpm,1906 rpm,1840 rpm,1859 rpm,1881 rpm
2026-09-08 07:12:00,27.3 V,27.5 V,,27.2 V,27.1 V,27.7 V,27.2 V,27.2 V,27.2 V,26.9 V,27.5 V,1852 rpm,1870 rpm,,1856 rpm,1827 rpm,1874 rpm,1839 rpm,1840 rpm,1867 rpm,1865 rpm,1400 rpm
2026-09-08 07:14:00,27.3 V,27.8 V,,27.2 V,27.0 V,27.7 V,27.2 V,27.2 V,27.2 V,26.9 V,27.5 V,1838 rpm,1848 rpm,,1837 rpm,1844 rpm,1836 rpm,1883 rpm,1847 rpm,1904 rpm,1843 rpm,1399 rpm
2026-09-08 07:16:00,27.2 V,27.8 V,,26.6 V,26.7 V,27.4 V,27.2 V,27.1 V,27.2 V,27.1 V,27.6 V,1876 rpm,1880 rpm,,1901 rpm,1839 rpm,1860 rpm,1847 rpm,1832 rpm,1853 rpm,799 rpm,1400 rpm
2026-09-08 07:18:00,27.2 V,27.8 V,,27.1 V,26.9 V,27.7 V,27.2 V,27.2 V,27.3 V,26.9 V,27.5 V,1910 rpm,1866 rpm,,1900 rpm,1848 rpm,1875 rpm,1837 rpm,1837 rpm,1845 rpm,1899 rpm,1399 rpm
2026-09-08 07:20:00,27.2 V,27.8 V,,27.3 V,27.0 V,27.7 V,27.2 V,27.1 V,27.3 V,26.9 V,27.6 V,1841 rpm,1834 rpm,,799 rpm,1832 rpm,1865 rpm,1865 rpm,1906 rpm,800 rpm,1835 rpm,1400 rpm
2026-09-08 07:22:00,27.3 V,27.7 V,,27.5 V,27.2 V,27.7 V,27.2 V,27.0 V,27.4 V,27.0 V,27.5 V,1824 rpm,1850 rpm,,800 rpm,1885 rpm,1878 rpm,1836 rpm,1838 rpm,800 rpm,1908 rpm,1400 rpm
2026-09-08 07:24:00,27.2 V,27.8 V,,27.5 V,26.9 V,27.7 V,27.2 V,27.1 V,27.2 V,27.0 V,27.5 V,1903 rpm,1867 rpm,,799 rpm,1902 rpm,1857 rpm,1836 rpm,1856 rpm,1865 rpm,1906 rpm,1400 rpm
2026-09-08 07:26:00,27.2 V,27.8 V,,27.5 V,27.1 V,27.7 V,27.2 V,27.2 V,27.1 V,27.0 V,27.5 V,1828 rpm,1905 rpm,,800 rpm,1896 rpm,1848 rpm,1899 rpm,1858 rpm,1855 rpm,1901 rpm,1400 rpm
2026-09-08 07:28:00,27.2 V,27.8 V,,27.1 V,27.3 V,27.7 V,27.2 V,27.1 V,26.8 V,26.9 V,27.3 V,1902 rpm,1845 rpm,,1846 rpm,1850 rpm,1840 rpm,1850 rpm,1868 rpm,1872 rpm,800 rpm,1853 rpm
2026-09-08 07:30:00,26.8 V,,,27.4 V,27.3 V,27.7 V,27.2 V,27.2 V,27.1 V,26.9 V,27.4 V,1877 rpm,1856 rpm,,1894 rpm,1903 rpm,1870 rpm,1876 rpm,1897 rpm,1838 rpm,1844 rpm,1832 rpm
2026-09-08 07:32:00,27.2 V,,,26.7 V,26.9 V,27.7 V,27.2 V,27.1 V,27.2 V,27.0 V,27.4 V,1841 rpm,1869 rpm,,1842 rpm,1833 rpm,1837 rpm,1872 rpm,1838 rpm,1856 rpm,1845 rpm,1710 rpm
2026-09-08 07:34:00,27.2 V,27.7 V,,26.9 V,27.3 V,,27.2 V,27.1 V,27.2 V,26.9 V,27.4 V,1900 rpm,1875 rpm,,1829 rpm,1885 rpm,1840 rpm,1837 rpm,1869 rpm,1842 rpm,1842 rpm,1845 rpm
2026-09-08 07:36:00,27.2 V,27.8 V,,26.7 V,27.1 V,,27.2 V,27.1 V,27.2 V,27.0 V,27.3 V,1847 rpm,1852 rpm,,1840 rpm,1901 rpm,1871 rpm,1835 rpm,1854 rpm,1891 rpm,1902 rpm,1877 rpm
2026-09-08 07:38:00,27.2 V,27.8 V,,27.1 V,27.3 V,27.7 V,27.2 V,27.1 V,27.1 V,27.0 V,27.3 V,1921 rpm,1874 rpm,,1852 rpm,1900 rpm,1848 rpm,1806 rpm,1842 rpm,1837 rpm,1853 rpm,1861 rpm
2026-09-08 07:40:00,27.3 V,,,26.9 V,27.2 V,,27.2 V,27.1 V,27.2 V,26.9 V,27.3 V,1910 rpm,1856 rpm,,1833 rpm,1899 rpm,1853 rpm,1791 rpm,1902 rpm,1870 rpm,1842 rpm,1887 rpm
2026-09-08 07:42:00,27.3 V,,,27.5 V,27.1 V,27.7 V,27.2 V,27.1 V,27.1 V,26.9 V,27.3 V,1856 rpm,1841 rpm,,800 rpm,1899 rpm,1836 rpm,1833 rpm,1817 rpm,1901 rpm,1894 rpm,1826 rpm
2026-09-08 07:44:00,27.2 V,27.8 V,,27.4 V,27.1 V,,27.3 V,27.1 V,27.3 V,26.8 V,27.3 V,1864 rpm,1895 rpm,,800 rpm,1895 rpm,1864 rpm,1832 rpm,1837 rpm,1855 rpm,1870 rpm,1844 rpm
2026-09-08 07:46:00,27.2 V,27.7 V,,27.5 V,26.9 V,,27.3 V,27.1 V,27.2 V,26.8 V,27.3 V,1842 rpm,1858 rpm,,801 rpm,1904 rpm,1840 rpm,1834 rpm,1893 rpm,1842 rpm,1854 rpm,1833 rpm
2026-09-08 07:48:00,27.2 V,27.8 V,,27.3 V,27.2 V,27.7 V,27.2 V,27.1 V,27.3 V,26.9 V,27.3 V,1886 rpm,1873 rpm,,1851 rpm,1851 rpm,1829 rpm,1827 rpm,1839 rpm,1879 rpm,1839 rpm,1852 rpm
2026-09-08 07:50:00,27.2 V,27.7 V,,27.3 V,27.1 V,,27.2 V,27.1 V,27.3 V,26.9 V,27.3 V,1844 rpm,1866 rpm,,1824 rpm,1828 rpm,1842 rpm,1891 rpm,1839 rpm,800 rpm,1877 rpm,1855 rpm
2026-09-08 07:52:00,27.2 V,27.7 V,,27.4 V,26.8 V,27.7 V,27.2 V,27.1 V,27.3 V,26.9 V,27.3 V,1899 rpm,1865 rpm,,1864 rpm,1845 rpm,1898 rpm,1836 rpm,1901 rpm,800 rpm,1851 rpm,1832 rpm
2026-09-08 07:54:00,27.3 V,27.7 V,,27.3 V,27.3 V,,27.2 V,27.1 V,27.3 V,26.9 V,27.3 V,1838 rpm,1838 rpm,,1840 rpm,1898 rpm,1835 rpm,1865 rpm,1903 rpm,801 rpm,1865 rpm,1890 rpm
2026-09-08 07:56:00,27.2 V,27.7 V,,27.1 V,27.0 V,,27.2 V,27.1 V,27.3 V,27.0 V,27.2 V,1890 rpm,1860 rpm,,1899 rpm,1899 rpm,1838 rpm,1857 rpm,1843 rpm,800 rpm,1875 rpm,1854 rpm
2026-09-08 07:58:00,27.2 V,27.7 V,,26.6 V,26.9 V,27.6 V,27.1 V,27.0 V,27.3 V,27.0 V,27.4 V,1902 rpm,1874 rpm,,1906 rpm,1820 rpm,1900 rpm,1852 rpm,1837 rpm,800 rpm,1846 rpm,1400 rpm
2026-09-08 08:00:00,27.3 V,27.8 V,,27.0 V,27.0 V,27.7 V,27.2 V,27.1 V,27.3 V,26.9 V,27.2 V,1843 rpm,1882 rpm,,1843 rpm,1887 rpm,1843 rpm,1808 rpm,1875 rpm,800 rpm,1890 rpm,1883 rpm
2026-09-08 08:02:00,27.2 V,27.8 V,,27.2 V,27.1 V,27.7 V,27.3 V,27.1 V,27.3 V,26.9 V,26.8 V,1848 rpm,1885 rpm,,1843 rpm,1870 rpm,1876 rpm,1815 rpm,1839 rpm,800 rpm,1899 rpm,1877 rpm
2026-09-08 08:04:00,27.2 V,27.7 V,,27.0 V,27.2 V,27.6 V,27.2 V,27.1 V,27.2 V,26.9 V,27.3 V,1864 rpm,1862 rpm,,1848 rpm,1836 rpm,1869 rpm,1844 rpm,1840 rpm,1843 rpm,1902 rpm,1842 rpm
2026-09-08 08:06:00,27.3 V,27.8 V,,26.8 V,27.0 V,27.7 V,27.2 V,27.1 V,27.2 V,27.0 V,27.3 V,1832 rpm,1868 rpm,,1840 rpm,1827 rpm,1832 rpm,1833 rpm,1839 rpm,1872 rpm,1900 rpm,1833 rpm
2026-09-08 08:08:00,27.2 V,27.8 V,,27.0 V,27.3 V,27.6 V,27.2 V,27.1 V,27.2 V,27.0 V,27.2 V,1845 rpm,1874 rpm,,1863 rpm,1814 rpm,1842 rpm,1823 rpm,1905 rpm,1849 rpm,1893 rpm,1867 rpm
2026-09-08 08:10:00,27.3 V,27.7 V,,26.7 V,27.3 V,27.6 V,27.2 V,27.0 V,27.2 V,27.0 V,27.3 V,1868 rpm,1830 rpm,,1844 rpm,800 rpm,1863 rpm,1877 rpm,1895 rpm,1828 rpm,1853 rpm,1881 rpm
2026-09-08 08:12:00,27.2 V,,,26.7 V,27.3 V,27.6 V,27.1 V,27.0 V,27.3 V,27.0 V,27.2 V,1852 rpm,1842 rpm,,1838 rpm,800 rpm,1881 rpm,1849 rpm,1841 rpm,1923 rpm,1843 rpm,1858 rpm
2026-09-08 08:14:00,27.3 V,27.7 V,,26.7 V,27.4 V,27.6 V,27.2 V,27.1 V,27.2 V,27.0 V,27.3 V,1905 rpm,1832 rpm,,1905 rpm,800 rpm,1820 rpm,1893 rpm,1833 rpm,1848 rpm,1910 rpm,1842 rpm
2026-09-08 08:16:00,27.3 V,27.7 V,,27.4 V,26.9 V,,27.2 V,27.1 V,27.2 V,27.0 V,27.3 V,1888 rpm,1866 rpm,,801 rpm,1898 rpm,1841 rpm,1894 rpm,1838 rpm,1875 rpm,1843 rpm,1870 rpm
2026-09-08 08:18:00,27.3 V,27.7 V,,27.5 V,27.3 V,27.6 V,27.2 V,27.1 V,27.2 V,26.9 V,27.3 V,1840 rpm,1857 rpm,,801 rpm,1856 rpm,1897 rpm,1893 rpm,1849 rpm,1841 rpm,1899 rpm,1900 rpm
2026-09-08 08:20:00,27.3 V,,,27.4 V,27.3 V,27.6 V,27.2 V,27.0 V,27.3 V,26.9 V,27.3 V,1847 rpm,1891 rpm,,1081 rpm,1896 rpm,1880 rpm,1884 rpm,1834 rpm,1898 rpm,1848 rpm,1849 rpm
2026-09-08 08:22:00,27.3 V,,,26.5 V,27.1 V,27.6 V,24.3 V,27.1 V,27.2 V,27.0 V,27.3 V,1885 rpm,1824 rpm,,1871 rpm,1863 rpm,1879 rpm,800 rpm,1852 rpm,1857 rpm,1845 rpm,1896 rpm
2026-09-08 08:24:00,27.3 V,27.7 V,,27.3 V,27.0 V,27.6 V,27.2 V,27.1 V,27.2 V,26.9 V,27.3 V,1879 rpm,1857 rpm,,1843 rpm,1844 rpm,1828 rpm,800 rpm,1864 rpm,1879 rpm,1824 rpm,1847 rpm
2026-09-08 08:26:00,27.2 V,,,27.3 V,27.3 V,,27.2 V,27.1 V,27.2 V,26.9 V,27.3 V,1831 rpm,1852 rpm,,801 rpm,1886 rpm,1875 rpm,800 rpm,1824 rpm,1907 rpm,1887 rpm,1848 rpm
2026-09-08 08:28:00,27.3 V,27.7 V,,27.4 V,26.8 V,27.6 V,27.2 V,27.1 V,27.2 V,27.0 V,27.3 V,1870 rpm,1874 rpm,,799 rpm,1834 rpm,1874 rpm,800 rpm,1848 rpm,1779 rpm,1918 rpm,1859 rpm
2026-09-08 08:30:00,27.3 V,27.7 V,,27.5 V,27.3 V,27.6 V,27.2 V,27.1 V,27.2 V,27.0 V,27.2 V,1845 rpm,1885 rpm,,,1843 rpm,1909 rpm,1901 rpm,1840 rpm,1902 rpm,1913 rpm,1883 rpm
2026-09-08 08:32:00,27.3 V,27.6 V,,26.7 V,26.8 V,27.6 V,27.2 V,27.1 V,27.3 V,26.6 V,27.4 V,1844 rpm,1837 rpm,,1858 rpm,1841 rpm,1838 rpm,1903 rpm,1863 rpm,1816 rpm,1880 rpm,1400 rpm
2026-09-08 08:34:00,27.3 V,27.6 V,,26.6 V,27.3 V,27.6 V,27.3 V,27.1 V,27.2 V,27.0 V,27.4 V,1855 rpm,1841 rpm,,1899 rpm,1832 rpm,1908 rpm,1899 rpm,1866 rpm,1886 rpm,1899 rpm,1400 rpm
2026-09-08 08:36:00,27.3 V,,,26.7 V,27.1 V,,27.3 V,27.1 V,27.2 V,27.0 V,27.5 V,1834 rpm,1866 rpm,,1839 rpm,1873 rpm,1871 rpm,1902 rpm,1896 rpm,1842 rpm,1902 rpm,1400 rpm
2026-09-08 08:38:00,27.3 V,27.6 V,,27.4 V,26.9 V,27.7 V,27.3 V,27.1 V,27.1 V,26.9 V,27.2 V,1844 rpm,1910 rpm,,1842 rpm,1900 rpm,1899 rpm,1833 rpm,1895 rpm,1901 rpm,1856 rpm,1809 rpm
2026-09-08 08:40:00,27.3 V,27.6 V,,26.4 V,27.2 V,,27.3 V,27.0 V,27.0 V,27.0 V,27.2 V,1894 rpm,1820 rpm,,1850 rpm,800 rpm,1841 rpm,1833 rpm,1844 rpm,1841 rpm,1842 rpm,1840 rpm
2026-09-08 08:42:00,27.3 V,27.6 V,,27.0 V,27.3 V,27.6 V,27.3 V,27.1 V,27.2 V,27.0 V,27.4 V,1857 rpm,1866 rpm,,1877 rpm,801 rpm,1887 rpm,1904 rpm,1847 rpm,1900 rpm,1843 rpm,1401 rpm
2026-09-08 08:44:00,27.3 V,27.6 V,,27.3 V,27.3 V,27.7 V,27.0 V,27.1 V,27.2 V,27.0 V,27.2 V,1866 rpm,1846 rpm,,1842 rpm,800 rpm,1857 rpm,1850 rpm,1839 rpm,1808 rpm,1847 rpm,1884 rpm
2026-09-08 08:46:00,27.3 V,,,27.1 V,27.2 V,,27.3 V,27.1 V,27.2 V,27.0 V,27.3 V,1901 rpm,1884 rpm,,1836 rpm,800 rpm,1896 rpm,1851 rpm,1898 rpm,1832 rpm,1903 rpm,1840 rpm
2026-09-08 08:48:00,27.3 V,27.6 V,,26.9 V,27.3 V,27.7 V,27.2 V,27.1 V,27.2 V,27.0 V,27.4 V,1845 rpm,1866 rpm,,1841 rpm,800 rpm,1868 rpm,1843 rpm,1899 rpm,1834 rpm,801 rpm,1905 rpm
2026-09-08 08:50:00,27.3 V,27.6 V,,26.9 V,27.3 V,27.6 V,27.2 V,27.1 V,27.2 V,27.0 V,27.3 V,1877 rpm,1885 rpm,,1867 rpm,801 rpm,1840 rpm,1822 rpm,1899 rpm,1849 rpm,1848 rpm,1850 rpm
2026-09-08 08:52:00,27.3 V,27.6 V,,27.2 V,27.1 V,27.6 V,27.2 V,27.1 V,27.1 V,27.0 V,27.3 V,1874 rpm,1859 rpm,,800 rpm,1883 rpm,1800 rpm,1905 rpm,1847 rpm,1840 rpm,1879 rpm,1591 rpm
2026-09-08 08:54:00,27.3 V,27.6 V,,27.5 V,27.1 V,27.6 V,27.3 V,27.1 V,27.1 V,26.9 V,27.2 V,1841 rpm,1894 rpm,,799 rpm,1870 rpm,1899 rpm,1836 rpm,1900 rpm,1860 rpm,1883 rpm,1869 rpm
2026-09-08 08:56:00,27.3 V,27.6 V,,27.2 V,27.1 V,27.6 V,27.3 V,27.1 V,27.2 V,27.0 V,27.3 V,1862 rpm,1842 rpm,,799 rpm,1825 rpm,1867 rpm,1839 rpm,1840 rpm,1904 rpm,1832 rpm,1898 rpm
2026-09-08 08:58:00,27.3 V,27.6 V,,27.4 V,27.2 V,27.6 V,27.2 V,27.1 V,27.2 V,27.0 V,27.3 V,1890 rpm,1832 rpm,,799 rpm,1892 rpm,1902 rpm,1902 rpm,1836 rpm,1886 rpm,1845 rpm,1824 rpm
2026-09-08 09:00:00,27.3 V,27.6 V,,26.8 V,27.2 V,27.6 V,27.3 V,27.1 V,27.1 V,27.0 V,27.2 V,1853 rpm,1850 rpm,,1902 rpm,1869 rpm,1831 rpm,1833 rpm,1899 rpm,1830 rpm,1855 rpm,1842 rpm
2026-09-08 09:02:00,27.3 V,27.6 V,,27.1 V,26.3 V,27.6 V,27.3 V,27.0 V,27.4 V,26.9 V,27.3 V,1852 rpm,1838 rpm,,1843 rpm,1832 rpm,1834 rpm,1899 rpm,1909 rpm,800 rpm,1878 rpm,1838 rpm
2026-09-08 09:04:00,27.3 V,27.6 V,,27.2 V,27.2 V,27.7 V,27.3 V,27.1 V,27.3 V,26.9 V,27.3 V,1905 rpm,1845 rpm,,1860 rpm,1836 rpm,1852 rpm,1854 rpm,1863 rpm,800 rpm,1885 rpm,1834 rpm
2026-09-08 09:06:00,27.3 V,27.6 V,,27.3 V,26.9 V,27.6 V,27.0 V,27.0 V,27.2 V,27.1 V,27.3 V,1905 rpm,1875 rpm,,1841 rpm,1882 rpm,1855 rpm,1839 rpm,1840 rpm,1842 rpm,800 rpm,1857 rpm
2026-09-08 09:08:00,27.3 V,27.7 V,,27.4 V,26.8 V,27.7 V,27.3 V,27.0 V,27.1 V,27.0 V,27.2 V,1882 rpm,1837 rpm,,1869 rpm,1899 rpm,1884 rpm,1855 rpm,1838 rpm,1866 rpm,801 rpm,1853 rpm
2026-09-08 09:10:00,27.3 V,27.6 V,,26.7 V,27.1 V,27.6 V,27.2 V,27.1 V,27.2 V,27.0 V,27.2 V,1903 rpm,1907 rpm,,1866 rpm,1897 rpm,1841 rpm,1836 rpm,1833 rpm,1837 rpm,800 rpm,1847 rpm
2026-09-08 09:12:00,27.3 V,27.6 V,,26.6 V,27.1 V,27.6 V,27.3 V,27.1 V,27.2 V,27.0 V,27.3 V,1401 rpm,1883 rpm,,1876 rpm,1867 rpm,1872 rpm,1901 rpm,1890 rpm,1869 rpm,800 rpm,1852 rpm
2026-09-08 09:14:00,27.3 V,27.6 V,,27.3 V,26.7 V,27.6 V,27.3 V,27.1 V,27.1 V,26.8 V,27.4 V,1401 rpm,1899 rpm,,1905 rpm,1810 rpm,1861 rpm,1902 rpm,1844 rpm,1841 rpm,1838 rpm,1400 rpm
2026-09-08 09:16:00,27.4 V,27.7 V,,26.8 V,27.3 V,27.6 V,27.2 V,27.0 V,27.1 V,26.9 V,27.3 V,1400 rpm,1867 rpm,,1840 rpm,1835 rpm,1899 rpm,1901 rpm,1815 rpm,1851 rpm,1845 rpm,1901 rpm
2026-09-08 09:18:00,27.3 V,27.6 V,,26.4 V,26.9 V,27.6 V,27.3 V,27.1 V,27.3 V,27.0 V,27.4 V,1858 rpm,1852 rpm,,1836 rpm,1850 rpm,1839 rpm,1851 rpm,1896 rpm,1842 rpm,1902 rpm,1400 rpm
2026-09-08 09:20:00,27.3 V,27.6 V,,26.6 V,26.9 V,27.7 V,27.3 V,27.0 V,27.2 V,27.0 V,27.1 V,1905 rpm,1879 rpm,,1890 rpm,1835 rpm,1864 rpm,1835 rpm,1896 rpm,1899 rpm,1905 rpm,1890 rpm
2026-09-08 09:22:00,27.3 V,27.6 V,,26.6 V,26.9 V,27.6 V,27.3 V,27.0 V,27.1 V,26.8 V,27.2 V,1868 rpm,1839 rpm,,1893 rpm,1897 rpm,1902 rpm,1899 rpm,1890 rpm,1841 rpm,1844 rpm,1911 rpm
2026-09-08 09:24:00,27.3 V,27.7 V,,26.6 V,27.2 V,27.6 V,27.2 V,27.0 V,27.2 V,26.6 V,27.2 V,1842 rpm,1858 rpm,,1859 rpm,1826 rpm,1818 rpm,1841 rpm,1899 rpm,1901 rpm,1897 rpm,1919 rpm
2026-09-08 09:26:00,27.3 V,27.6 V,,27.3 V,26.8 V,27.6 V,27.3 V,27.0 V,27.1 V,26.9 V,27.2 V,1849 rpm,1814 rpm,,1868 rpm,1831 rpm,1860 rpm,1838 rpm,1835 rpm,1901 rpm,1899 rpm,1399 rpm
2026-09-08 09:28:00,27.3 V,27.7 V,,27.1 V,27.2 V,27.6 V,27.3 V,27.1 V,27.2 V,27.0 V,27.3 V,1884 rpm,1904 rpm,,1899 rpm,1866 rpm,1915 rpm,1901 rpm,1829 rpm,1896 rpm,1483 rpm,1400 rpm
2026-09-08 09:30:00,27.3 V,27.7 V,,26.4 V,27.3 V,27.6 V,27.2 V,27.0 V,27.2 V,27.0 V,27.2 V,1845 rpm,1872 rpm,,1897 rpm,1869 rpm,1870 rpm,1894 rpm,1857 rpm,1879 rpm,801 rpm,1842 rpm
2026-09-08 09:32:00,27.3 V,27.7 V,,26.8 V,27.3 V,27.6 V,27.2 V,27.1 V,27.1 V,27.0 V,27.3 V,1824 rpm,1849 rpm,,1897 rpm,1890 rpm,801 rpm,1899 rpm,1875 rpm,1905 rpm,1885 rpm,1880 rpm
2026-09-08 09:34:00,27.2 V,27.6 V,,26.8 V,26.8 V,27.6 V,27.3 V,27.1 V,27.1 V,26.5 V,27.3 V,1843 rpm,1880 rpm,,1890 rpm,1835 rpm,800 rpm,1831 rpm,1863 rpm,1893 rpm,1859 rpm,1854 rpm
2026-09-08 09:36:00,27.3 V,,,27.5 V,26.7 V,27.6 V,27.2 V,27.1 V,27.2 V,26.8 V,27.3 V,1902 rpm,1867 rpm,,800 rpm,1865 rpm,800 rpm,1861 rpm,1896 rpm,1852 rpm,1889 rpm,1850 rpm
2026-09-08 09:38:00,27.3 V,27.7 V,,27.0 V,26.9 V,27.6 V,27.3 V,27.1 V,27.1 V,27.0 V,27.1 V,1898 rpm,1900 rpm,,1897 rpm,1898 rpm,801 rpm,1832 rpm,1835 rpm,1842 rpm,1863 rpm,1868 rpm
2026-09-08 09:40:00,27.3 V,27.7 V,,27.4 V,27.2 V,27.6 V,27.3 V,27.1 V,27.1 V,27.2 V,27.2 V,1851 rpm,1886 rpm,,800 rpm,1835 rpm,800 rpm,1850 rpm,1840 rpm,1900 rpm,800 rpm,1821 rpm
2026-09-08 09:42:00,27.2 V,27.7 V,,26.8 V,26.9 V,27.6 V,27.3 V,27.0 V,27.2 V,27.2 V,27.3 V,1884 rpm,1868 rpm,,1864 rpm,1857 rpm,1843 rpm,1831 rpm,1837 rpm,1849 rpm,800 rpm,1843 rpm
2026-09-08 09:44:00,27.3 V,27.7 V,,27.1 V,26.9 V,27.6 V,27.3 V,27.1 V,27.1 V,27.2 V,27.2 V,1876 rpm,1850 rpm,,1874 rpm,1828 rpm,1861 rpm,1901 rpm,1835 rpm,1840 rpm,800 rpm,1898 rpm
2026-09-08 09:46:00,27.3 V,27.7 V,,27.1 V,27.3 V,27.6 V,27.3 V,27.0 V,27.2 V,27.3 V,27.2 V,1840 rpm,1843 rpm,,1853 rpm,1850 rpm,1868 rpm,1834 rpm,1837 rpm,1904 rpm,800 rpm,1850 rpm
2026-09-08 09:48:00,27.2 V,27.7 V,,27.0 V,26.9 V,27.6 V,27.3 V,27.0 V,27.0 V,27.0 V,27.3 V,1840 rpm,1858 rpm,,1863 rpm,1835 rpm,1863 rpm,1901 rpm,1843 rpm,1851 rpm,1899 rpm,1872 rpm
2026-09-08 09:50:00,27.3 V,27.6 V,,26.7 V,27.1 V,27.6 V,27.3 V,27.0 V,27.2 V,27.1 V,26.9 V,1843 rpm,1901 rpm,,1887 rpm,1795 rpm,1899 rpm,1853 rpm,1897 rpm,1903 rpm,1905 rpm,1879 rpm
2026-09-08 09:52:00,26.8 V,27.6 V,,26.6 V,26.8 V,27.7 V,27.3 V,27.1 V,27.2 V,27.1 V,27.2 V,1900 rpm,1863 rpm,,1864 rpm,1870 rpm,799 rpm,1836 rpm,1836 rpm,1899 rpm,1851 rpm,1846 rpm
2026-09-08 09:54:00,27.3 V,27.6 V,,26.7 V,27.2 V,27.7 V,27.2 V,27.1 V,27.2 V,27.1 V,27.2 V,1850 rpm,1916 rpm,,1858 rpm,1836 rpm,1842 rpm,1868 rpm,1800 rpm,1841 rpm,1855 rpm,1894 rpm
2026-09-08 09:56:00,27.3 V,27.6 V,,27.0 V,27.3 V,27.7 V,27.3 V,27.1 V,27.1 V,27.1 V,27.2 V,1865 rpm,1905 rpm,,1832 rpm,1864 rpm,1877 rpm,1903 rpm,1878 rpm,1848 rpm,1842 rpm,1900 rpm
2026-09-08 09:58:00,27.3 V,27.7 V,,26.9 V,26.7 V,27.7 V,27.2 V,27.0 V,27.2 V,27.2 V,27.2 V,1911 rpm,1880 rpm,,1842 rpm,1850 rpm,1822 rpm,1838 rpm,1873 rpm,1297 rpm,1864 rpm,1872 rpm
2026-09-08 10:00:00,27.3 V,27.6 V,,26.8 V,27.2 V,27.6 V,27.3 V,27.1 V,27.3 V,27.1 V,27.3 V,1842 rpm,1900 rpm,,1844 rpm,1840 rpm,1866 rpm,1862 rpm,1885 rpm,800 rpm,1906 rpm,1868 rpm
2026-09-08 10:02:00,27.2 V,27.6 V,,26.3 V,26.4 V,27.6 V,27.3 V,27.1 V,27.2 V,27.1 V,27.2 V,1859 rpm,1856 rpm,,1855 rpm,1848 rpm,1881 rpm,1850 rpm,1844 rpm,800 rpm,1862 rpm,1886 rpm
2026-09-08 10:04:00,27.3 V,27.6 V,,27.2 V,27.1 V,27.7 V,27.3 V,27.1 V,27.1 V,27.1 V,27.2 V,1845 rpm,1882 rpm,,1855 rpm,1856 rpm,1864 rpm,1829 rpm,1845 rpm,1901 rpm,1737 rpm,1862 rpm
2026-09-08 10:06:00,27.3 V,,,27.3 V,26.9 V,27.7 V,27.3 V,27.0 V,27.0 V,27.1 V,27.3 V,1843 rpm,1871 rpm,,1841 rpm,1840 rpm,1837 rpm,1899 rpm,1870 rpm,1838 rpm,1900 rpm,1910 rpm
2026-09-08 10:08:00,27.3 V,27.6 V,,27.2 V,26.7 V,27.7 V,27.3 V,27.1 V,27.1 V,27.1 V,27.3 V,1859 rpm,1845 rpm,,1857 rpm,1835 rpm,1874 rpm,1400 rpm,1898 rpm,1902 rpm,1864 rpm,1866 rpm
2026-09-08 10:10:00,27.3 V,27.6 V,,26.7 V,26.9 V,27.7 V,27.3 V,27.1 V,27.1 V,27.1 V,27.2 V,1880 rpm,1844 rpm,,1902 rpm,1857 rpm,800 rpm,1399 rpm,1852 rpm,1855 rpm,1899 rpm,1854 rpm
2026-09-08 10:12:00,27.2 V,27.6 V,,27.1 V,27.3 V,27.7 V,27.0 V,27.0 V,27.1 V,27.3 V,27.2 V,1843 rpm,1862 rpm,,1863 rpm,1865 rpm,800 rpm,1788 rpm,1900 rpm,1842 rpm,800 rpm,1865 rpm
2026-09-08 10:14:00,27.3 V,27.6 V,,27.2 V,27.2 V,27.7 V,27.3 V,27.0 V,27.1 V,27.3 V,27.2 V,1873 rpm,1894 rpm,,1859 rpm,1869 rpm,1896 rpm,1867 rpm,1849 rpm,1901 rpm,802 rpm,1882 rpm
2026-09-08 10:16:00,27.2 V,27.6 V,,26.4 V,27.1 V,27.7 V,27.3 V,27.1 V,27.1 V,27.1 V,27.2 V,1860 rpm,1821 rpm,,1880 rpm,1834 rpm,1843 rpm,1841 rpm,1887 rpm,1835 rpm,1818 rpm,1841 rpm
2026-09-08 10:18:00,27.3 V,27.7 V,,27.1 V,27.1 V,27.7 V,27.3 V,27.1 V,27.2 V,27.1 V,27.3 V,1889 rpm,1890 rpm,,1879 rpm,1869 rpm,1901 rpm,1400 rpm,1862 rpm,1885 rpm,1858 rpm,1900 rpm
2026-09-08 10:20:00,27.3 V,27.7 V,,27.3 V,27.2 V,27.7 V,27.3 V,27.1 V,27.2 V,27.2 V,27.2 V,1846 rpm,1856 rpm,,1869 rpm,1842 rpm,1856 rpm,1828 rpm,1843 rpm,1843 rpm,1898 rpm,1861 rpm
2026-09-08 10:22:00,27.3 V,27.7 V,,27.3 V,26.6 V,27.7 V,27.3 V,27.1 V,27.2 V,27.1 V,27.2 V,1861 rpm,1896 rpm,,799 rpm,1858 rpm,1823 rpm,1399 rpm,1869 rpm,1897 rpm,1873 rpm,1842 rpm
2026-09-08 10:24:00,27.2 V,27.6 V,,27.4 V,26.7 V,27.7 V,27.3 V,27.1 V,27.1 V,26.7 V,26.9 V,1882 rpm,1845 rpm,,799 rpm,1842 rpm,1829 rpm,1849 rpm,1851 rpm,1876 rpm,1839 rpm,1896 rpm
2026-09-08 10:26:00,27.3 V,27.6 V,,26.9 V,27.0 V,27.7 V,27.3 V,27.1 V,27.1 V,27.1 V,27.3 V,1899 rpm,1890 rpm,,1861 rpm,1836 rpm,1860 rpm,1862 rpm,1904 rpm,1898 rpm,1870 rpm,1844 rpm
2026-09-08 10:28:00,27.3 V,27.7 V,,26.6 V,26.7 V,27.7 V,27.2 V,27.1 V,27.1 V,27.1 V,27.3 V,1873 rpm,1846 rpm,,1874 rpm,1861 rpm,1861 rpm,1836 rpm,1882 rpm,1840 rpm,1865 rpm,1864 rpm
2026-09-08 10:30:00,27.2 V,27.7 V,,27.0 V,26.9 V,27.7 V,27.3 V,27.1 V,27.1 V,26.7 V,27.2 V,1848 rpm,1854 rpm,,1898 rpm,1832 rpm,1899 rpm,1835 rpm,1890 rpm,1872 rpm,1902 rpm,1813 rpm
2026-09-08 10:32:00,27.3 V,27.7 V,,27.2 V,27.0 V,27.7 V,27.2 V,27.1 V,27.1 V,27.0 V,27.2 V,1860 rpm,1857 rpm,,1848 rpm,1811 rpm,1897 rpm,1402 rpm,1831 rpm,1880 rpm,1857 rpm,1899 rpm
2026-09-08 10:34:00,27.3 V,27.6 V,,27.3 V,26.9 V,27.7 V,27.3 V,27.1 V,27.2 V,27.1 V,27.2 V,1857 rpm,1879 rpm,,1847 rpm,1835 rpm,1900 rpm,1847 rpm,1886 rpm,1901 rpm,1892 rpm,1877 rpm
2026-09-08 10:36:00,27.3 V,27.7 V,,27.3 V,26.7 V,27.6 V,27.3 V,27.1 V,27.2 V,27.0 V,27.2 V,1884 rpm,1891 rpm,,1843 rpm,1849 rpm,1885 rpm,1861 rpm,1840 rpm,1896 rpm,1862 rpm,1839 rpm
2026-09-08 10:38:00,27.2 V,27.6 V,,27.1 V,26.7 V,27.7 V,27.3 V,27.1 V,27.1 V,27.0 V,27.2 V,1882 rpm,1866 rpm,,1837 rpm,1820 rpm,1866 rpm,1400 rpm,1812 rpm,1858 rpm,1859 rpm,1873 rpm
2026-09-08 10:40:00,27.2 V,27.6 V,,26.7 V,27.1 V,27.7 V,27.3 V,27.0 V,27.1 V,27.0 V,27.2 V,1825 rpm,1902 rpm,,1832 rpm,1837 rpm,1896 rpm,1400 rpm,1879 rpm,1909 rpm,1903 rpm,1841 rpm
2026-09-08 10:42:00,27.3 V,27.6 V,,27.2 V,27.1 V,27.7 V,27.3 V,27.0 V,27.1 V,27.0 V,27.1 V,1839 rpm,1901 rpm,,1841 rpm,1878 rpm,1841 rpm,1902 rpm,1852 rpm,1845 rpm,1874 rpm,1877 rpm
2026-09-08 10:44:00,27.2 V,27.6 V,,27.2 V,26.8 V,27.7 V,27.3 V,27.0 V,27.0 V,27.0 V,27.1 V,1864 rpm,1863 rpm,,1850 rpm,1821 rpm,1867 rpm,1825 rpm,1874 rpm,1904 rpm,1882 rpm,1900 rpm
2026-09-08 10:46:00,27.3 V,27.6 V,,27.4 V,26.7 V,27.7 V,27.3 V,27.0 V,27.1 V,27.0 V,27.2 V,1898 rpm,1859 rpm,,799 rpm,1846 rpm,1850 rpm,1868 rpm,1877 rpm,1848 rpm,1898 rpm,1855 rpm
2026-09-08 10:48:00,27.3 V,27.6 V,,27.4 V,27.0 V,27.7 V,27.3 V,27.1 V,27.1 V,27.0 V,27.2 V,1867 rpm,1834 rpm,,799 rpm,1819 rpm,1846 rpm,1866 rpm,1862 rpm,1832 rpm,1876 rpm,1869 rpm
2026-09-08 10:50:00,27.3 V,27.6 V,,26.8 V,27.1 V,27.7 V,27.3 V,27.0 V,27.2 V,27.1 V,27.4 V,1843 rpm,1868 rpm,,1848 rpm,1848 rpm,1837 rpm,1781 rpm,1874 rpm,1900 rpm,1856 rpm,1399 rpm
2026-09-08 10:52:00,27.2 V,,,26.7 V,26.8 V,27.7 V,27.3 V,27.0 V,27.0 V,27.0 V,27.2 V,1846 rpm,1861 rpm,,1836 rpm,1837 rpm,1881 rpm,1829 rpm,1849 rpm,1898 rpm,1835 rpm,1866 rpm
2026-09-08 10:54:00,27.3 V,27.6 V,,26.7 V,27.1 V,27.7 V,27.3 V,27.0 V,27.2 V,27.0 V,27.0 V,1902 rpm,1849 rpm,,1901 rpm,1892 rpm,1841 rpm,1887 rpm,1857 rpm,1840 rpm,1850 rpm,1863 rpm
2026-09-08 10:56:00,27.2 V,27.7 V,,27.2 V,27.2 V,,27.3 V,27.0 V,27.2 V,27.0 V,27.2 V,1843 rpm,1835 rpm,,1836 rpm,1898 rpm,1854 rpm,1837 rpm,1827 rpm,1901 rpm,1887 rpm,1877 rpm
2026-09-08 10:58:00,27.2 V,27.6 V,,26.7 V,27.1 V,27.7 V,27.3 V,27.0 V,27.1 V,27.0 V,27.2 V,1841 rpm,1868 rpm,,1832 rpm,1899 rpm,793 rpm,1833 rpm,1834 rpm,1826 rpm,1861 rpm,1873 rpm
2026-09-08 11:00:00,27.2 V,27.6 V,,26.4 V,27.1 V,27.7 V,27.2 V,27.0 V,27.1 V,27.0 V,27.2 V,1855 rpm,1841 rpm,,1837 rpm,1897 rpm,1902 rpm,1868 rpm,802 rpm,1856 rpm,1900 rpm,1892 rpm
2026-09-08 11:02:00,27.2 V,27.6 V,,26.8 V,26.7 V,27.6 V,,27.0 V,27.2 V,27.1 V,27.2 V,1843 rpm,1869 rpm,,1858 rpm,1817 rpm,1889 rpm,1844 rpm,1902 rpm,1843 rpm,1838 rpm,1841 rpm
2026-09-08 11:04:00,27.2 V,27.6 V,,27.2 V,27.0 V,27.7 V,,27.1 V,27.2 V,26.9 V,27.2 V,1911 rpm,1896 rpm,,1885 rpm,1816 rpm,1879 rpm,1851 rpm,1904 rpm,801 rpm,1907 rpm,1899 rpm
2026-09-08 11:06:00,27.2 V,27.7 V,,26.4 V,26.9 V,27.7 V,,27.1 V,27.2 V,27.1 V,27.3 V,1840 rpm,1869 rpm,,1903 rpm,1859 rpm,1901 rpm,1835 rpm,1823 rpm,800 rpm,1846 rpm,1399 rpm
2026-09-08 11:08:00,27.2 V,27.6 V,,26.8 V,27.0 V,27.7 V,,27.1 V,27.1 V,27.1 V,27.2 V,1874 rpm,1911 rpm,,1868 rpm,1830 rpm,1884 rpm,1883 rpm,1848 rpm,1839 rpm,1883 rpm,1843 rpm
2026-09-08 11:10:00,27.2 V,27.6 V,,26.7 V,26.8 V,27.7 V,27.2 V,,27.1 V,27.1 V,27.2 V,1876 rpm,1886 rpm,,1839 rpm,1838 rpm,1820 rpm,1839 rpm,1872 rpm,1855 rpm,1843 rpm,1839 rpm
2026-09-08 11:12:00,27.2 V,27.6 V,,27.3 V,27.1 V,27.6 V,27.3 V,27.1 V,27.1 V,27.0 V,27.3 V,1848 rpm,1871 rpm,,1839 rpm,1895 rpm,1903 rpm,1903 rpm,1850 rpm,1898 rpm,1913 rpm,1839 rpm
2026-09-08 11:14:00,27.2 V,27.7 V,,26.3 V,26.8 V,27.7 V,27.2 V,27.1 V,27.0 V,27.0 V,27.2 V,1852 rpm,1839 rpm,,1892 rpm,1843 rpm,1896 rpm,1817 rpm,1861 rpm,1855 rpm,1900 rpm,1869 rpm
2026-09-08 11:16:00,27.2 V,27.6 V,,27.2 V,27.0 V,27.7 V,27.2 V,27.1 V,27.1 V,27.0 V,27.2 V,1874 rpm,1849 rpm,,1842 rpm,1874 rpm,1881 rpm,1846 rpm,1877 rpm,1901 rpm,1853 rpm,1867 rpm
2026-09-08 11:18:00,27.2 V,27.6 V,,26.6 V,26.9 V,27.7 V,27.3 V,27.1 V,27.1 V,26.9 V,27.2 V,1843 rpm,1853 rpm,,1897 rpm,1851 rpm,1841 rpm,1883 rpm,1852 rpm,1826 rpm,1896 rpm,1868 rpm
2026-09-08 11:20:00,27.2 V,27.6 V,,27.0 V,26.3 V,27.6 V,27.3 V,27.1 V,27.0 V,27.0 V,27.4 V,1883 rpm,1907 rpm,,1879 rpm,1831 rpm,1889 rpm,1847 rpm,1845 rpm,1866 rpm,1852 rpm,1400 rpm
2026-09-08 11:22:00,27.2 V,27.6 V,,26.7 V,26.9 V,27.6 V,27.3 V,27.1 V,27.1 V,26.9 V,27.3 V,1857 rpm,1844 rpm,,1848 rpm,1840 rpm,1855 rpm,1401 rpm,1828 rpm,,1907 rpm,1400 rpm
2026-09-08 11:24:00,27.2 V,27.7 V,,27.2 V,26.9 V,27.7 V,27.3 V,27.1 V,27.2 V,27.0 V,27.4 V,1910 rpm,1886 rpm,,1837 rpm,1855 rpm,1866 rpm,1845 rpm,1845 rpm,800 rpm,1865 rpm,1400 rpm
2026-09-08 11:26:00,27.2 V,27.6 V,,26.5 V,26.7 V,27.6 V,27.3 V,27.1 V,27.1 V,27.0 V,27.4 V,1892 rpm,1872 rpm,,1901 rpm,1841 rpm,1890 rpm,1400 rpm,1828 rpm,1847 rpm,1838 rpm,1401 rpm
2026-09-08 11:28:00,27.2 V,27.6 V,,26.4 V,27.2 V,27.7 V,27.2 V,27.1 V,27.1 V,27.0 V,27.4 V,1835 rpm,1874 rpm,,1900 rpm,1842 rpm,1868 rpm,1878 rpm,1850 rpm,1864 rpm,1896 rpm,1401 rpm
2026-09-08 11:30:00,27.2 V,27.6 V,,26.8 V,27.1 V,27.6 V,27.2 V,27.1 V,27.1 V,27.1 V,27.4 V,1828 rpm,1849 rpm,,1839 rpm,1832 rpm,1850 rpm,1890 rpm,1859 rpm,1912 rpm,1842 rpm,1400 rpm
2026-09-08 11:32:00,27.2 V,,,27.2 V,27.0 V,27.7 V,27.2 V,27.1 V,27.1 V,27.0 V,27.3 V,1844 rpm,1897 rpm,,1844 rpm,1902 rpm,1887 rpm,1895 rpm,1845 rpm,1899 rpm,1870 rpm,1856 rpm
2026-09-08 11:34:00,27.2 V,27.6 V,,26.4 V,27.1 V,27.6 V,27.2 V,27.1 V,27.1 V,27.0 V,27.3 V,1817 rpm,1838 rpm,,1827 rpm,1902 rpm,1883 rpm,1898 rpm,1897 rpm,1839 rpm,1871 rpm,1826 rpm
2026-09-08 11:36:00,27.2 V,27.7 V,,27.0 V,26.8 V,,27.2 V,27.1 V,27.1 V,27.1 V,27.3 V,1898 rpm,1842 rpm,,1869 rpm,1900 rpm,1864 rpm,1822 rpm,1860 rpm,1881 rpm,1844 rpm,1846 rpm
2026-09-08 11:38:00,27.2 V,27.6 V,,27.2 V,27.2 V,27.7 V,27.2 V,27.1 V,27.0 V,27.0 V,27.2 V,1822 rpm,1861 rpm,,1890 rpm,1900 rpm,801 rpm,1857 rpm,1850 rpm,1898 rpm,1893 rpm,1840 rpm
2026-09-08 11:40:00,27.2 V,27.7 V,,27.2 V,26.9 V,27.7 V,27.3 V,27.1 V,27.1 V,27.0 V,27.3 V,1834 rpm,1842 rpm,,1899 rpm,1841 rpm,801 rpm,1899 rpm,1839 rpm,1849 rpm,1836 rpm,1849 rpm
2026-09-08 11:42:00,27.2 V,,,26.3 V,27.1 V,,27.3 V,27.1 V,27.1 V,26.9 V,27.2 V,1860 rpm,1838 rpm,,1841 rpm,1819 rpm,1900 rpm,1845 rpm,1843 rpm,1848 rpm,1844 rpm,1819 rpm
2026-09-08 11:44:00,27.2 V,27.6 V,,26.6 V,26.8 V,,27.3 V,27.1 V,26.9 V,27.0 V,27.2 V,1873 rpm,1833 rpm,,1853 rpm,1819 rpm,,1899 rpm,1890 rpm,1863 rpm,1907 rpm,1830 rpm
2026-09-08 11:46:00,27.2 V,27.6 V,,26.7 V,27.0 V,,27.4 V,27.1 V,27.0 V,27.0 V,27.3 V,1842 rpm,1843 rpm,,1846 rpm,1861 rpm,,1830 rpm,1838 rpm,1893 rpm,1869 rpm,1828 rpm
2026-09-08 11:48:00,27.2 V,27.7 V,,26.3 V,26.6 V,,27.3 V,27.1 V,27.0 V,27.0 V,27.2 V,1845 rpm,1837 rpm,,1898 rpm,1859 rpm,,1845 rpm,1883 rpm,1864 rpm,1856 rpm,1844 rpm
2026-09-08 11:50:00,27.2 V,,,26.6 V,27.2 V,,27.3 V,27.1 V,27.1 V,26.9 V,27.3 V,1841 rpm,1865 rpm,,1897 rpm,1865 rpm,,1843 rpm,1833 rpm,1854 rpm,1911 rpm,1857 rpm
2026-09-08 11:52:00,27.2 V,,,26.4 V,26.7 V,,27.3 V,27.1 V,27.0 V,26.9 V,27.2 V,1904 rpm,1868 rpm,,1861 rpm,1843 rpm,,1873 rpm,1900 rpm,1918 rpm,1900 rpm,1840 rpm
2026-09-08 11:54:00,27.2 V,27.6 V,,26.5 V,26.9 V,,27.3 V,27.1 V,27.1 V,26.9 V,27.2 V,1877 rpm,1841 rpm,,1878 rpm,1842 rpm,,1842 rpm,1893 rpm,1903 rpm,1892 rpm,1901 rpm
2026-09-08 11:56:00,27.1 V,,,26.9 V,27.1 V,,27.3 V,27.1 V,27.1 V,27.0 V,27.2 V,1859 rpm,1839 rpm,,1867 rpm,1892 rpm,,1845 rpm,1879 rpm,1898 rpm,1901 rpm,1883 rpm
2026-09-08 11:58:00,27.1 V,27.7 V,,27.3 V,27.0 V,,27.3 V,27.1 V,27.0 V,27.0 V,27.2 V,1879 rpm,1868 rpm,,1892 rpm,1897 rpm,,1889 rpm,1845 rpm,1858 rpm,1904 rpm,1841 rpm
2026-09-08 12:00:00,27.1 V,,,26.4 V,26.8 V,,27.3 V,27.1 V,27.1 V,26.9 V,27.1 V,1865 rpm,1838 rpm,,1851 rpm,1864 rpm,,800 rpm,1836 rpm,1891 rpm,1871 rpm,1879 rpm
2026-09-08 12:02:00,27.1 V,,,26.5 V,27.2 V,,27.3 V,27.1 V,27.1 V,27.1 V,27.2 V,1912 rpm,1898 rpm,,1900 rpm,1873 rpm,,800 rpm,1831 rpm,1845 rpm,800 rpm,1835 rpm
2026-09-08 12:04:00,27.2 V,27.6 V,,27.2 V,27.0 V,,27.3 V,27.1 V,27.1 V,26.9 V,27.2 V,1888 rpm,1865 rpm,,1842 rpm,1834 rpm,,1886 rpm,1856 rpm,1861 rpm,1879 rpm,1843 rpm
2026-09-08 12:06:00,27.2 V,,,26.5 V,27.1 V,,27.3 V,27.2 V,27.0 V,26.9 V,27.1 V,1901 rpm,1886 rpm,,1911 rpm,1832 rpm,,1902 rpm,1837 rpm,1815 rpm,1860 rpm,1860 rpm
2026-09-08 12:08:00,27.2 V,27.6 V,,26.3 V,27.2 V,,,27.2 V,27.1 V,27.0 V,27.2 V,1874 rpm,1869 rpm,,1894 rpm,1835 rpm,,,1841 rpm,1840 rpm,1892 rpm,1849 rpm
2026-09-08 12:10:00,27.2 V,27.6 V,,26.7 V,27.2 V,,,27.1 V,27.2 V,27.0 V,27.2 V,1845 rpm,1810 rpm,,1884 rpm,1836 rpm,,,1896 rpm,799 rpm,1875 rpm,1844 rpm
2026-09-08 12:12:00,27.2 V,27.6 V,,27.0 V,26.7 V,,,27.1 V,27.2 V,27.0 V,27.3 V,1903 rpm,,,1854 rpm,1834 rpm,,,1864 rpm,800 rpm,1879 rpm,1400 rpm
2026-09-08 12:14:00,27.2 V,27.6 V,,26.4 V,26.8 V,,,27.1 V,27.1 V,27.1 V,27.4 V,1865 rpm,1873 rpm,,1906 rpm,1834 rpm,,,1860 rpm,1902 rpm,1898 rpm,1399 rpm
2026-09-08 12:16:00,27.2 V,,,26.3 V,27.1 V,,,27.1 V,27.0 V,27.0 V,27.3 V,1829 rpm,1843 rpm,,1893 rpm,800 rpm,,,1903 rpm,1910 rpm,1899 rpm,1400 rpm
2026-09-08 12:18:00,27.2 V,27.6 V,,27.2 V,27.0 V,,,27.2 V,26.9 V,27.0 V,27.4 V,1901 rpm,1840 rpm,,801 rpm,800 rpm,801 rpm,,1833 rpm,1880 rpm,1899 rpm,1400 rpm
2026-09-08 12:20:00,27.2 V,27.6 V,,27.2 V,24.9 V,,,27.1 V,27.1 V,27.1 V,27.4 V,1864 rpm,1843 rpm,,801 rpm,800 rpm,,,1858 rpm,1865 rpm,1911 rpm,1400 rpm
2026-09-08 12:22:00,27.2 V,27.3 V,,27.3 V,27.1 V,27.8 V,,27.1 V,27.1 V,27.0 V,27.3 V,1888 rpm,1902 rpm,,800 rpm,800 rpm,1897 rpm,,1838 rpm,1838 rpm,1893 rpm,1401 rpm
2026-09-08 12:24:00,27.2 V,26.4 V,,27.4 V,27.0 V,,,27.1 V,27.1 V,27.1 V,27.3 V,1856 rpm,800 rpm,,801 rpm,1899 rpm,1844 rpm,,1837 rpm,1850 rpm,1895 rpm,1824 rpm
2026-09-08 12:26:00,27.2 V,26.5 V,,27.2 V,26.7 V,27.7 V,,27.1 V,27.0 V,27.0 V,27.3 V,1870 rpm,800 rpm,,1898 rpm,1832 rpm,1867 rpm,,1826 rpm,1901 rpm,1890 rpm,1863 rpm
2026-09-08 12:28:00,27.1 V,27.6 V,,26.8 V,26.7 V,27.7 V,,27.1 V,27.0 V,26.9 V,27.2 V,1867 rpm,1852 rpm,,1857 rpm,1816 rpm,1876 rpm,,1850 rpm,1905 rpm,1894 rpm,1890 rpm
2026-09-08 12:30:00,27.2 V,27.6 V,,26.6 V,27.0 V,27.7 V,,27.1 V,27.0 V,27.0 V,27.2 V,1846 rpm,1872 rpm,,1891 rpm,1888 rpm,1896 rpm,,1860 rpm,1898 rpm,1890 rpm,1853 rpm
2026-09-08 12:32:00,27.2 V,27.6 V,,27.0 V,27.0 V,27.7 V,,27.1 V,27.1 V,27.0 V,27.2 V,1868 rpm,1862 rpm,,1848 rpm,1834 rpm,1902 rpm,,1861 rpm,1840 rpm,1880 rpm,1873 rpm
2026-09-08 12:34:00,27.2 V,27.6 V,,26.4 V,26.8 V,27.7 V,,27.1 V,27.1 V,27.0 V,27.2 V,1889 rpm,1866 rpm,,1863 rpm,1854 rpm,1834 rpm,,1838 rpm,1839 rpm,1878 rpm,1843 rpm
2026-09-08 12:36:00,27.1 V,27.6 V,,26.2 V,27.0 V,27.7 V,,27.0 V,27.1 V,27.0 V,27.2 V,1897 rpm,1875 rpm,,1868 rpm,1871 rpm,1831 rpm,,1866 rpm,1903 rpm,1886 rpm,1894 rpm
2026-09-08 12:38:00,27.1 V,27.6 V,,27.2 V,27.2 V,27.7 V,,27.1 V,27.2 V,27.0 V,27.2 V,1866 rpm,1894 rpm,,1845 rpm,1853 rpm,1848 rpm,,1865 rpm,1836 rpm,1843 rpm,1753 rpm
2026-09-08 12:40:00,27.2 V,27.6 V,,27.1 V,27.1 V,27.6 V,,27.1 V,27.2 V,27.0 V,27.3 V,1873 rpm,1842 rpm,,1846 rpm,1866 rpm,1842 rpm,,1839 rpm,800 rpm,1866 rpm,1885 rpm
2026-09-08 12:42:00,27.1 V,,,26.3 V,27.0 V,27.6 V,,27.1 V,27.1 V,27.0 V,27.2 V,1870 rpm,1872 rpm,,1836 rpm,1883 rpm,1863 rpm,,1905 rpm,1849 rpm,1852 rpm,1839 rpm
2026-09-08 12:44:00,27.2 V,27.6 V,,27.0 V,27.0 V,,,27.1 V,27.0 V,27.0 V,27.2 V,1861 rpm,1865 rpm,,1852 rpm,1871 rpm,1902 rpm,,1836 rpm,1846 rpm,1901 rpm,1843 rpm
2026-09-08 12:46:00,27.2 V,27.6 V,,26.3 V,26.9 V,27.7 V,,27.1 V,27.0 V,27.0 V,27.3 V,1903 rpm,1854 rpm,,1843 rpm,1860 rpm,1909 rpm,,1850 rpm,1856 rpm,1881 rpm,1400 rpm
2026-09-08 12:48:00,27.2 V,27.6 V,,26.5 V,26.7 V,27.7 V,,26.9 V,27.1 V,27.0 V,27.4 V,1876 rpm,1820 rpm,,1810 rpm,1837 rpm,1906 rpm,,800 rpm,1836 rpm,1872 rpm,1400 rpm
2026-09-08 12:50:00,27.2 V,27.6 V,,26.5 V,26.9 V,27.6 V,,25.8 V,27.0 V,27.0 V,27.2 V,1861 rpm,1838 rpm,,1836 rpm,1897 rpm,1806 rpm,,800 rpm,1839 rpm,1906 rpm,1892 rpm
2026-09-08 12:52:00,27.2 V,27.6 V,,27.2 V,27.1 V,27.7 V,,25.7 V,27.1 V,27.0 V,27.3 V,1867 rpm,1875 rpm,,1884 rpm,1884 rpm,1845 rpm,,800 rpm,1845 rpm,1843 rpm,1887 rpm
2026-09-08 12:54:00,27.2 V,27.6 V,,26.8 V,26.8 V,27.6 V,,26.7 V,27.1 V,26.9 V,27.3 V,1862 rpm,1874 rpm,,1875 rpm,1826 rpm,1903 rpm,,1874 rpm,1845 rpm,1898 rpm,1901 rpm
2026-09-08 12:56:00,27.2 V,27.6 V,,26.8 V,26.9 V,27.6 V,,26.9 V,27.1 V,27.0 V,27.2 V,1901 rpm,1875 rpm,,1860 rpm,1846 rpm,1881 rpm,,1837 rpm,1901 rpm,800 rpm,1826 rpm
2026-09-08 12:58:00,27.2 V,27.6 V,,26.3 V,27.1 V,27.6 V,,26.9 V,27.1 V,27.1 V,27.3 V,1843 rpm,1863 rpm,,1853 rpm,1890 rpm,1866 rpm,,1841 rpm,1897 rpm,800 rpm,1400 rpm
2026-09-08 13:00:00,27.2 V,27.6 V,,26.4 V,26.9 V,27.7 V,,26.9 V,27.1 V,27.1 V,27.3 V,1841 rpm,1861 rpm,,1862 rpm,1857 rpm,1902 rpm,,1864 rpm,1836 rpm,800 rpm,1401 rpm
2026-09-08 13:02:00,27.2 V,27.6 V,,26.8 V,27.2 V,,,26.9 V,27.1 V,27.1 V,27.4 V,1864 rpm,1898 rpm,,1860 rpm,1829 rpm,1893 rpm,,1846 rpm,1899 rpm,801 rpm,1402 rpm
2026-09-08 13:04:00,27.2 V,27.6 V,,26.5 V,26.8 V,,,26.9 V,27.1 V,27.1 V,27.4 V,1891 rpm,1868 rpm,,1865 rpm,1836 rpm,1842 rpm,,1837 rpm,1853 rpm,800 rpm,1400 rpm
2026-09-08 13:06:00,27.2 V,27.6 V,,27.0 V,26.8 V,,,26.9 V,27.0 V,27.1 V,27.4 V,1856 rpm,1866 rpm,,1903 rpm,1836 rpm,1867 rpm,,1837 rpm,1903 rpm,801 rpm,1400 rpm
2026-09-08 13:08:00,27.2 V,27.4 V,,26.7 V,26.8 V,27.6 V,,26.9 V,27.0 V,27.0 V,27.2 V,1866 rpm,801 rpm,,1860 rpm,1886 rpm,1817 rpm,,1876 rpm,1827 rpm,801 rpm,1914 rpm
2026-09-08 13:10:00,27.2 V,27.1 V,,26.3 V,26.2 V,,,26.9 V,27.1 V,27.0 V,27.3 V,1885 rpm,800 rpm,,1874 rpm,1836 rpm,1872 rpm,800 rpm,1840 rpm,1839 rpm,1896 rpm,1855 rpm
2026-09-08 13:12:00,27.2 V,27.5 V,,26.9 V,27.0 V,27.6 V,,26.9 V,27.1 V,26.8 V,27.3 V,1898 rpm,1902 rpm,,1902 rpm,1884 rpm,1865 rpm,1517 rpm,1851 rpm,1880 rpm,1869 rpm,1842 rpm
2026-09-08 13:14:00,27.1 V,27.6 V,,27.1 V,27.1 V,27.6 V,27.3 V,26.9 V,27.1 V,27.0 V,27.3 V,928 rpm,1849 rpm,,1863 rpm,1834 rpm,1900 rpm,1866 rpm,1877 rpm,1770 rpm,1885 rpm,1859 rpm
2026-09-08 13:16:00,27.2 V,27.6 V,,26.3 V,27.0 V,27.7 V,27.3 V,26.9 V,27.1 V,27.0 V,27.2 V,0 rpm,1852 rpm,800 rpm,1831 rpm,1831 rpm,1834 rpm,1819 rpm,1877 rpm,1899 rpm,1900 rpm,1862 rpm
2026-09-08 13:18:00,27.3 V,27.6 V,,27.0 V,27.1 V,27.7 V,27.3 V,26.9 V,27.0 V,27.1 V,27.2 V,,1901 rpm,,1835 rpm,1814 rpm,1811 rpm,1832 rpm,1900 rpm,1842 rpm,1899 rpm,1834 rpm
2026-09-08 13:20:00,27.2 V,27.6 V,,27.1 V,27.0 V,27.6 V,27.3 V,26.9 V,27.0 V,27.1 V,27.2 V,,1901 rpm,,1844 rpm,1820 rpm,1846 rpm,1904 rpm,1860 rpm,1902 rpm,1844 rpm,1842 rpm
2026-09-08 13:22:00,,27.6 V,,26.4 V,27.0 V,27.6 V,27.2 V,26.9 V,27.0 V,27.0 V,27.3 V,,1842 rpm,,1891 rpm,1898 rpm,1855 rpm,1830 rpm,1836 rpm,1901 rpm,1841 rpm,1868 rpm
2026-09-08 13:24:00,,27.6 V,,26.9 V,27.0 V,27.7 V,27.2 V,26.9 V,27.1 V,27.0 V,27.3 V,,1865 rpm,,1888 rpm,1897 rpm,1884 rpm,1856 rpm,1861 rpm,1870 rpm,1902 rpm,800 rpm
2026-09-08 13:26:00,,27.6 V,,26.3 V,27.2 V,27.0 V,27.2 V,26.9 V,27.0 V,27.0 V,24.8 V,,1839 rpm,,1833 rpm,800 rpm,99 rpm,1913 rpm,1853 rpm,1866 rpm,1845 rpm,800 rpm
2026-09-08 13:28:00,,27.6 V,,27.2 V,27.2 V,25.7 V,27.2 V,26.9 V,27.1 V,27.0 V,27.2 V,,1893 rpm,,1879 rpm,800 rpm,425 rpm,1860 rpm,1871 rpm,1902 rpm,1847 rpm,1875 rpm
2026-09-08 13:30:00,,27.6 V,,26.6 V,26.1 V,27.7 V,27.2 V,26.9 V,27.1 V,27.0 V,27.2 V,,1850 rpm,,1400 rpm,1853 rpm,1856 rpm,1838 rpm,1870 rpm,1863 rpm,1902 rpm,1901 rpm
2026-09-08 13:32:00,,27.6 V,,26.7 V,27.0 V,27.7 V,27.2 V,26.9 V,27.1 V,27.0 V,27.2 V,,1853 rpm,,1400 rpm,1845 rpm,1805 rpm,1860 rpm,1825 rpm,1902 rpm,1902 rpm,1899 rpm
2026-09-08 13:34:00,,27.6 V,,27.1 V,27.1 V,,27.2 V,26.9 V,27.1 V,27.2 V,27.2 V,,1844 rpm,,1883 rpm,1851 rpm,,1838 rpm,1882 rpm,1840 rpm,800 rpm,1899 rpm
2026-09-08 13:36:00,,,,27.1 V,26.8 V,,27.2 V,26.9 V,27.1 V,27.2 V,27.2 V,,1900 rpm,,1861 rpm,1836 rpm,,1862 rpm,1859 rpm,1899 rpm,800 rpm,1901 rpm
2026-09-08 13:38:00,,27.6 V,,27.0 V,26.9 V,,27.2 V,26.9 V,27.1 V,27.2 V,27.3 V,,1902 rpm,,1848 rpm,1790 rpm,,1825 rpm,1902 rpm,1842 rpm,800 rpm,1883 rpm
2026-09-08 13:40:00,,27.7 V,,27.1 V,27.0 V,,27.2 V,26.9 V,27.1 V,27.1 V,27.2 V,,1897 rpm,,1836 rpm,1855 rpm,,1899 rpm,1832 rpm,1859 rpm,800 rpm,1882 rpm
2026-09-08 13:42:00,,27.6 V,,27.0 V,26.7 V,,27.2 V,26.9 V,27.0 V,27.1 V,27.2 V,,1889 rpm,,1855 rpm,1901 rpm,,1892 rpm,1881 rpm,1841 rpm,800 rpm,1902 rpm
2026-09-08 13:44:00,,27.6 V,,26.8 V,27.2 V,,26.9 V,26.9 V,27.1 V,27.0 V,27.2 V,,1856 rpm,,1832 rpm,800 rpm,,1895 rpm,1902 rpm,1900 rpm,1814 rpm,1901 rpm
2026-09-08 13:46:00,,27.6 V,,27.0 V,26.7 V,,27.2 V,26.9 V,27.1 V,27.0 V,27.2 V,,1900 rpm,,1842 rpm,1903 rpm,,1893 rpm,1839 rpm,1894 rpm,1860 rpm,1899 rpm
2026-09-08 13:48:00,,27.7 V,,26.5 V,26.9 V,,27.2 V,26.9 V,27.3 V,27.0 V,27.3 V,,1888 rpm,,1847 rpm,1823 rpm,,1859 rpm,1845 rpm,799 rpm,1849 rpm,800 rpm
2026-09-08 13:50:00,,27.6 V,,26.7 V,27.0 V,,27.2 V,26.9 V,27.1 V,27.0 V,27.4 V,,1894 rpm,,1842 rpm,1834 rpm,,1833 rpm,1838 rpm,800 rpm,1886 rpm,800 rpm
2026-09-08 13:52:00,,,,26.8 V,26.7 V,,27.2 V,26.9 V,27.0 V,27.0 V,27.2 V,,1891 rpm,,1809 rpm,1845 rpm,,1882 rpm,1850 rpm,1788 rpm,1843 rpm,1887 rpm
2026-09-08 13:54:00,,27.7 V,,26.3 V,27.1 V,,27.2 V,26.9 V,27.1 V,26.9 V,27.3 V,,1841 rpm,,1875 rpm,1873 rpm,,1903 rpm,1834 rpm,1888 rpm,1876 rpm,1819 rpm
2026-09-08 13:56:00,,,,26.2 V,27.1 V,,27.2 V,26.9 V,27.1 V,27.0 V,27.2 V,,1842 rpm,,1840 rpm,1828 rpm,,1839 rpm,1892 rpm,1863 rpm,1843 rpm,1864 rpm
2026-09-08 13:58:00,,27.7 V,,26.9 V,26.7 V,,27.2 V,26.9 V,27.1 V,27.0 V,27.2 V,,1840 rpm,,1863 rpm,1851 rpm,,1832 rpm,1833 rpm,1852 rpm,1857 rpm,1901 rpm
2026-09-08 14:00:00,,27.6 V,,26.4 V,27.2 V,,27.2 V,26.9 V,27.2 V,26.9 V,27.3 V,,1900 rpm,,1842 rpm,800 rpm,,1836 rpm,1869 rpm,1852 rpm,1856 rpm,1879 rpm
2026-09-08 14:02:00,,,,27.2 V,27.1 V,,27.2 V,27.0 V,27.1 V,27.0 V,27.3 V,,1868 rpm,,1828 rpm,800 rpm,,1858 rpm,1837 rpm,1898 rpm,1900 rpm,1853 rpm
2026-09-08 14:04:00,,27.6 V,,26.4 V,27.1 V,,27.2 V,27.0 V,27.1 V,26.9 V,27.3 V,,1845 rpm,,1847 rpm,800 rpm,,1884 rpm,1835 rpm,1884 rpm,1887 rpm,1864 rpm
2026-09-08 14:06:00,,27.7 V,,26.7 V,27.2 V,,27.2 V,26.9 V,27.1 V,27.0 V,27.2 V,,1904 rpm,,1847 rpm,800 rpm,,1880 rpm,1821 rpm,1877 rpm,1852 rpm,1900 rpm
2026-09-08 14:08:00,,27.3 V,,27.2 V,27.2 V,,27.2 V,26.9 V,27.1 V,27.0 V,27.2 V,,1906 rpm,,1835 rpm,800 rpm,,1898 rpm,1904 rpm,1904 rpm,1894 rpm,1860 rpm
2026-09-08 14:10:00,,,,26.4 V,27.2 V,,27.2 V,26.9 V,27.1 V,27.0 V,27.2 V,,1899 rpm,,1841 rpm,800 rpm,,1401 rpm,1841 rpm,1902 rpm,1795 rpm,1901 rpm
2026-09-08 14:12:00,,,,26.3 V,27.2 V,27.7 V,27.2 V,27.0 V,26.6 V,26.9 V,27.2 V,,1843 rpm,,1838 rpm,800 rpm,1877 rpm,1401 rpm,1818 rpm,1838 rpm,1841 rpm,1901 rpm
2026-09-08 14:14:00,,27.7 V,,26.3 V,27.2 V,27.6 V,27.2 V,26.9 V,27.1 V,27.0 V,27.3 V,1902 rpm,1842 rpm,,1868 rpm,800 rpm,1899 rpm,1399 rpm,1840 rpm,1907 rpm,1844 rpm,1902 rpm
2026-09-08 14:16:00,,,,27.1 V,26.8 V,27.7 V,27.2 V,26.9 V,27.2 V,26.6 V,27.3 V,,1860 rpm,,1821 rpm,1835 rpm,1894 rpm,1400 rpm,1832 rpm,1864 rpm,1862 rpm,1869 rpm
2026-09-08 14:18:00,,27.6 V,,27.0 V,26.7 V,27.7 V,27.3 V,26.9 V,27.1 V,26.9 V,27.3 V,,1857 rpm,,1897 rpm,1858 rpm,1865 rpm,1899 rpm,1880 rpm,1903 rpm,1891 rpm,1899 rpm
2026-09-08 14:20:00,27.2 V,27.6 V,,26.8 V,26.7 V,27.7 V,27.2 V,26.9 V,27.2 V,26.9 V,27.3 V,,1842 rpm,,1840 rpm,1882 rpm,1848 rpm,1906 rpm,1843 rpm,800 rpm,1856 rpm,1885 rpm
2026-09-08 14:22:00,27.3 V,27.6 V,,27.2 V,26.8 V,27.6 V,27.2 V,26.9 V,27.2 V,26.9 V,27.2 V,,1900 rpm,,1898 rpm,1873 rpm,1862 rpm,1861 rpm,1896 rpm,800 rpm,1837 rpm,1853 rpm
2026-09-08 14:24:00,27.1 V,27.6 V,,26.5 V,27.1 V,27.6 V,27.2 V,26.9 V,27.0 V,,27.2 V,1907 rpm,1845 rpm,,1848 rpm,1892 rpm,1829 rpm,1829 rpm,1831 rpm,1897 rpm,1846 rpm,1857 rpm
2026-09-08 14:26:00,27.2 V,,,27.1 V,27.0 V,,27.2 V,26.9 V,27.1 V,,27.2 V,1879 rpm,1900 rpm,,1850 rpm,1907 rpm,1846 rpm,1898 rpm,1838 rpm,1844 rpm,1844 rpm,1899 rpm
2026-09-08 14:28:00,27.1 V,27.6 V,,26.3 V,26.8 V,27.6 V,27.2 V,26.9 V,27.1 V,27.0 V,27.1 V,1857 rpm,1841 rpm,,1849 rpm,1856 rpm,1848 rpm,1871 rpm,1882 rpm,1889 rpm,1837 rpm,1900 rpm
2026-09-08 14:30:00,27.2 V,27.6 V,,26.7 V,27.2 V,27.6 V,27.2 V,26.9 V,27.0 V,27.0 V,27.1 V,1839 rpm,1898 rpm,,1840 rpm,1883 rpm,1845 rpm,1897 rpm,1837 rpm,1897 rpm,1860 rpm,1897 rpm
2026-09-08 14:32:00,27.2 V,27.6 V,,26.3 V,27.1 V,27.6 V,27.1 V,26.9 V,27.2 V,26.9 V,27.2 V,1817 rpm,1872 rpm,,1896 rpm,1828 rpm,1880 rpm,1886 rpm,1856 rpm,1844 rpm,1883 rpm,1842 rpm
2026-09-08 14:34:00,27.2 V,27.6 V,,26.7 V,27.2 V,27.6 V,27.2 V,27.0 V,27.1 V,26.9 V,26.9 V,1911 rpm,1859 rpm,,1871 rpm,1822 rpm,1904 rpm,1887 rpm,1901 rpm,1842 rpm,1870 rpm,1840 rpm
2026-09-08 14:36:00,27.2 V,27.6 V,,26.7 V,27.0 V,,27.2 V,26.9 V,27.1 V,26.9 V,27.5 V,1882 rpm,1842 rpm,,1885 rpm,1812 rpm,1896 rpm,1868 rpm,1886 rpm,1856 rpm,1901 rpm,798 rpm
2026-09-08 14:38:00,27.2 V,27.6 V,,26.9 V,27.0 V,27.6 V,27.2 V,27.0 V,27.1 V,26.9 V,25.0 V,1853 rpm,1900 rpm,,1881 rpm,1864 rpm,1855 rpm,1874 rpm,1901 rpm,1866 rpm,1886 rpm,800 rpm
2026-09-08 14:40:00,27.2 V,27.6 V,,27.4 V,27.0 V,27.6 V,27.2 V,26.9 V,27.2 V,26.8 V,27.2 V,1866 rpm,1892 rpm,,800 rpm,1863 rpm,1845 rpm,1764 rpm,1881 rpm,799 rpm,1843 rpm,1906 rpm
2026-09-08 14:42:00,27.2 V,,,25.2 V,26.9 V,27.7 V,27.2 V,26.9 V,27.3 V,26.9 V,27.2 V,1844 rpm,1850 rpm,,0 rpm,1820 rpm,1870 rpm,1902 rpm,1875 rpm,800 rpm,1834 rpm,1900 rpm
2026-09-08 14:44:00,27.2 V,27.6 V,,24.6 V,27.0 V,27.6 V,27.2 V,27.0 V,27.2 V,26.9 V,27.1 V,1843 rpm,1902 rpm,,0 rpm,1904 rpm,1869 rpm,1872 rpm,1846 rpm,800 rpm,1843 rpm,1901 rpm
2026-09-08 14:46:00,27.2 V,27.6 V,,,26.8 V,27.6 V,27.2 V,26.9 V,27.2 V,26.9 V,27.1 V,1861 rpm,1856 rpm,,,1836 rpm,1841 rpm,1843 rpm,1863 rpm,800 rpm,1867 rpm,1838 rpm
2026-09-08 14:48:00,27.1 V,27.6 V,,,26.8 V,27.6 V,27.2 V,27.0 V,27.2 V,27.0 V,27.2 V,1893 rpm,1896 rpm,,,1831 rpm,1818 rpm,1903 rpm,1904 rpm,800 rpm,1852 rpm,1861 rpm
2026-09-08 14:50:00,27.2 V,27.6 V,,,27.0 V,27.6 V,27.2 V,27.0 V,27.2 V,26.9 V,27.2 V,1867 rpm,1857 rpm,,,1873 rpm,1897 rpm,1400 rpm,1903 rpm,800 rpm,1867 rpm,1861 rpm
2026-09-08 14:52:00,27.2 V,27.6 V,,,26.9 V,27.6 V,27.2 V,27.0 V,27.2 V,27.0 V,27.2 V,1898 rpm,1894 rpm,,,1795 rpm,1898 rpm,1839 rpm,1865 rpm,800 rpm,1844 rpm,1846 rpm
2026-09-08 14:54:00,27.2 V,27.6 V,,,27.2 V,27.6 V,27.2 V,27.0 V,27.1 V,26.9 V,27.1 V,1874 rpm,1843 rpm,,,1899 rpm,1873 rpm,1853 rpm,1874 rpm,800 rpm,1872 rpm,1852 rpm
2026-09-08 14:56:00,27.2 V,27.6 V,,,26.8 V,,27.2 V,27.0 V,27.0 V,26.9 V,27.2 V,1843 rpm,1902 rpm,,,1902 rpm,1835 rpm,1846 rpm,1877 rpm,1847 rpm,1860 rpm,1849 rpm
2026-09-08 14:58:00,27.2 V,27.6 V,,,26.9 V,27.6 V,27.2 V,27.0 V,27.1 V,26.9 V,27.1 V,1843 rpm,1899 rpm,,,1840 rpm,1888 rpm,1899 rpm,1887 rpm,1714 rpm,1842 rpm,1895 rpm
2026-09-08 15:00:00,27.2 V,,,,27.0 V,27.6 V,27.2 V,27.0 V,27.0 V,27.0 V,27.1 V,1848 rpm,1907 rpm,,,1898 rpm,1871 rpm,1899 rpm,1897 rpm,1839 rpm,1850 rpm,1865 rpm
2026-09-08 15:02:00,27.2 V,,,,26.8 V,27.6 V,27.2 V,27.0 V,27.1 V,26.9 V,27.2 V,1852 rpm,1903 rpm,,,1875 rpm,1897 rpm,1851 rpm,1853 rpm,1843 rpm,1847 rpm,1879 rpm
2026-09-08 15:04:00,27.2 V,27.6 V,,27.4 V,27.2 V,27.6 V,27.2 V,26.9 V,27.2 V,26.9 V,27.2 V,1842 rpm,1844 rpm,,,1848 rpm,1838 rpm,1840 rpm,1853 rpm,1898 rpm,1844 rpm,1894 rpm
2026-09-08 15:06:00,27.2 V,,,,27.1 V,27.6 V,27.2 V,27.0 V,27.1 V,27.0 V,27.3 V,1855 rpm,1866 rpm,,0 rpm,1900 rpm,1840 rpm,1863 rpm,1911 rpm,1903 rpm,1842 rpm,1903 rpm
2026-09-08 15:08:00,27.2 V,27.6 V,,,27.0 V,27.7 V,27.2 V,27.0 V,27.1 V,26.9 V,27.2 V,1847 rpm,1901 rpm,,,1900 rpm,1868 rpm,1820 rpm,1831 rpm,1844 rpm,1902 rpm,1903 rpm
2026-09-08 15:10:00,27.1 V,27.6 V,,,27.2 V,27.6 V,27.2 V,27.0 V,27.1 V,26.9 V,27.3 V,1902 rpm,1873 rpm,,,800 rpm,1901 rpm,1901 rpm,1897 rpm,1851 rpm,1841 rpm,1901 rpm
2026-09-08 15:12:00,27.1 V,,,25.4 V,27.3 V,,27.2 V,27.0 V,27.0 V,27.1 V,27.3 V,1897 rpm,1881 rpm,,0 rpm,800 rpm,1900 rpm,1905 rpm,1825 rpm,1877 rpm,800 rpm,1400 rpm
2026-09-08 15:14:00,27.2 V,27.6 V,,25.4 V,27.2 V,27.6 V,27.2 V,27.0 V,27.1 V,27.0 V,27.2 V,1880 rpm,1861 rpm,,0 rpm,1900 rpm,1896 rpm,1898 rpm,1858 rpm,1847 rpm,800 rpm,1843 rpm
2026-09-08 15:16:00,27.1 V,27.6 V,,25.4 V,27.2 V,27.6 V,27.2 V,27.0 V,27.1 V,27.0 V,27.2 V,1899 rpm,1879 rpm,,0 rpm,1826 rpm,1905 rpm,1827 rpm,1848 rpm,1901 rpm,800 rpm,1909 rpm
2026-09-08 15:18:00,27.2 V,27.6 V,,25.4 V,27.0 V,27.6 V,27.2 V,27.0 V,27.2 V,26.7 V,27.4 V,1872 rpm,1896 rpm,,0 rpm,1838 rpm,1882 rpm,1900 rpm,1904 rpm,0 rpm,799 rpm,1400 rpm
2026-09-08 15:20:00,27.2 V,,,25.4 V,27.0 V,27.6 V,27.2 V,27.0 V,27.3 V,26.8 V,27.4 V,1867 rpm,1876 rpm,,0 rpm,1860 rpm,1851 rpm,1857 rpm,1864 rpm,930 rpm,1902 rpm,1401 rpm
2026-09-08 15:22:00,27.2 V,,,25.4 V,27.0 V,27.6 V,27.2 V,27.0 V,27.4 V,26.9 V,27.4 V,1866 rpm,1841 rpm,,0 rpm,1845 rpm,1891 rpm,1882 rpm,1830 rpm,800 rpm,1889 rpm,1399 rpm
2026-09-08 15:24:00,27.2 V,27.6 V,,25.4 V,27.2 V,27.6 V,27.2 V,27.0 V,27.5 V,26.9 V,27.4 V,1843 rpm,1898 rpm,,0 rpm,1899 rpm,1902 rpm,1837 rpm,1856 rpm,800 rpm,1858 rpm,1401 rpm
2026-09-08 15:26:00,27.2 V,,,25.4 V,26.8 V,27.6 V,27.2 V,27.0 V,,26.9 V,27.1 V,1900 rpm,1881 rpm,,0 rpm,1842 rpm,1851 rpm,1813 rpm,1850 rpm,,1801 rpm,1863 rpm
2026-09-08 15:28:00,27.1 V,27.6 V,,25.3 V,27.3 V,27.6 V,27.2 V,27.0 V,,26.9 V,27.2 V,1824 rpm,1845 rpm,,0 rpm,1847 rpm,1893 rpm,1904 rpm,1899 rpm,,1852 rpm,1862 rpm
2026-09-08 15:30:00,27.2 V,27.6 V,,25.3 V,27.2 V,27.5 V,27.2 V,26.9 V,,27.0 V,27.1 V,1840 rpm,1894 rpm,,0 rpm,1838 rpm,1807 rpm,1892 rpm,1869 rpm,,1846 rpm,1903 rpm
2026-09-08 15:32:00,27.2 V,,,27.8 V,26.9 V,27.6 V,27.2 V,26.9 V,,26.9 V,27.1 V,1846 rpm,1854 rpm,,0 rpm,1902 rpm,1902 rpm,1833 rpm,1846 rpm,,1877 rpm,1896 rpm
2026-09-08 15:34:00,27.1 V,27.6 V,,27.3 V,26.9 V,27.6 V,27.2 V,26.9 V,,26.9 V,27.2 V,1831 rpm,1890 rpm,,,1896 rpm,799 rpm,1896 rpm,1902 rpm,,1915 rpm,1400 rpm
2026-09-08 15:36:00,26.7 V,,,27.4 V,27.1 V,,27.2 V,26.9 V,,27.0 V,27.3 V,1907 rpm,1863 rpm,,,1900 rpm,799 rpm,1902 rpm,1899 rpm,,1863 rpm,1863 rpm
2026-09-08 15:38:00,27.2 V,27.6 V,,27.5 V,27.2 V,27.7 V,27.2 V,26.9 V,,26.9 V,27.2 V,1904 rpm,1901 rpm,,,1864 rpm,798 rpm,1839 rpm,1865 rpm,,1843 rpm,1914 rpm
2026-09-08 15:40:00,27.2 V,27.7 V,,,27.2 V,,27.2 V,26.9 V,,26.9 V,27.2 V,1880 rpm,1844 rpm,,,1834 rpm,800 rpm,1885 rpm,1899 rpm,,1859 rpm,1900 rpm
2026-09-08 15:42:00,27.2 V,,,,27.1 V,,27.2 V,26.8 V,,27.0 V,27.3 V,1898 rpm,1902 rpm,,,1903 rpm,800 rpm,1883 rpm,1868 rpm,,1861 rpm,1860 rpm
2026-09-08 15:44:00,27.2 V,27.6 V,,,27.0 V,27.7 V,27.2 V,26.9 V,,26.9 V,27.2 V,800 rpm,1897 rpm,,,1826 rpm,799 rpm,1866 rpm,1837 rpm,,1873 rpm,1839 rpm
2026-09-08 15:46:00,27.2 V,27.6 V,,,27.1 V,27.7 V,27.2 V,27.0 V,,27.0 V,27.2 V,1903 rpm,1873 rpm,,,1836 rpm,799 rpm,1881 rpm,1880 rpm,,1846 rpm,1908 rpm
2026-09-08 15:48:00,27.2 V,27.6 V,,,27.1 V,27.7 V,27.2 V,27.0 V,,26.9 V,27.4 V,1899 rpm,1845 rpm,,,1910 rpm,1761 rpm,1882 rpm,1835 rpm,,1844 rpm,1399 rpm
2026-09-08 15:50:00,27.2 V,27.6 V,,,26.4 V,27.4 V,27.1 V,26.9 V,,26.9 V,27.3 V,1866 rpm,1857 rpm,,,800 rpm,1860 rpm,1833 rpm,1831 rpm,,1898 rpm,1400 rpm
2026-09-08 15:52:00,27.2 V,,,,27.1 V,27.7 V,27.2 V,26.6 V,,27.0 V,27.3 V,1833 rpm,1842 rpm,,,800 rpm,1846 rpm,1823 rpm,1869 rpm,,1888 rpm,1844 rpm
2026-09-08 15:54:00,27.2 V,27.6 V,,,27.1 V,27.7 V,27.2 V,27.0 V,,27.0 V,27.3 V,1876 rpm,1842 rpm,,,1881 rpm,1859 rpm,1794 rpm,1850 rpm,604 rpm,1849 rpm,1864 rpm
2026-09-08 15:56:00,27.2 V,,,,27.1 V,27.7 V,27.2 V,27.0 V,,27.0 V,27.2 V,1878 rpm,1850 rpm,,,1836 rpm,1844 rpm,1803 rpm,1831 rpm,,1899 rpm,1900 rpm
2026-09-08 15:58:00,27.2 V,27.6 V,,,26.9 V,27.7 V,27.2 V,26.9 V,27.4 V,27.1 V,27.1 V,1878 rpm,1892 rpm,,,1833 rpm,1860 rpm,1839 rpm,1860 rpm,800 rpm,800 rpm,1870 rpm
2026-09-08 16:00:00,27.2 V,27.6 V,,,27.2 V,27.7 V,27.2 V,27.0 V,27.1 V,26.9 V,27.2 V,1862 rpm,1845 rpm,,,1859 rpm,1898 rpm,1803 rpm,1836 rpm,1872 rpm,1897 rpm,1861 rpm
2026-09-08 16:02:00,27.2 V,,,,26.9 V,27.7 V,27.2 V,26.9 V,27.2 V,26.9 V,27.2 V,1841 rpm,1865 rpm,,,1863 rpm,1860 rpm,1819 rpm,1902 rpm,800 rpm,1876 rpm,1847 rpm
2026-09-08 16:04:00,27.2 V,27.6 V,,,27.0 V,27.7 V,27.1 V,27.0 V,27.2 V,27.1 V,27.2 V,1873 rpm,1882 rpm,,,1899 rpm,1882 rpm,1902 rpm,1833 rpm,800 rpm,800 rpm,1842 rpm
2026-09-08 16:06:00,27.2 V,27.6 V,,,26.8 V,27.7 V,27.2 V,26.9 V,,27.1 V,27.3 V,1846 rpm,1899 rpm,,,1831 rpm,1857 rpm,1825 rpm,1902 rpm,,800 rpm,1400 rpm
2026-09-08 16:08:00,27.2 V,27.6 V,,,27.1 V,27.7 V,27.2 V,27.0 V,,27.1 V,27.4 V,1885 rpm,1889 rpm,,,1865 rpm,1855 rpm,1836 rpm,1890 rpm,,800 rpm,1400 rpm
2026-09-08 16:10:00,27.2 V,27.6 V,,,27.2 V,,27.2 V,27.0 V,,27.1 V,27.4 V,1867 rpm,1840 rpm,,,1835 rpm,1899 rpm,1858 rpm,1838 rpm,,800 rpm,1400 rpm
2026-09-08 16:12:00,27.2 V,,,,27.3 V,27.7 V,26.8 V,27.0 V,,27.1 V,27.4 V,1845 rpm,1866 rpm,,,1830 rpm,800 rpm,1894 rpm,1838 rpm,,800 rpm,1400 rpm
2026-09-08 16:14:00,27.2 V,27.6 V,,,27.2 V,27.7 V,27.1 V,27.0 V,,27.0 V,27.4 V,1854 rpm,1869 rpm,,,1863 rpm,800 rpm,1898 rpm,1908 rpm,,1881 rpm,1660 rpm
2026-09-08 16:16:00,27.2 V,27.6 V,,,26.7 V,27.7 V,27.1 V,27.0 V,,27.0 V,27.4 V,1902 rpm,1900 rpm,,,1861 rpm,1898 rpm,1901 rpm,1886 rpm,,1858 rpm,1841 rpm
2026-09-08 16:18:00,27.2 V,27.6 V,,,26.8 V,27.7 V,27.1 V,27.0 V,,27.0 V,27.2 V,1853 rpm,1876 rpm,,,1844 rpm,1810 rpm,1822 rpm,1851 rpm,,1870 rpm,1839 rpm
2026-09-08 16:20:00,27.2 V,27.6 V,,,27.3 V,27.6 V,27.1 V,27.0 V,,27.1 V,27.3 V,1883 rpm,1840 rpm,,,1867 rpm,1872 rpm,1900 rpm,1860 rpm,,800 rpm,1845 rpm
2026-09-08 16:22:00,27.2 V,,,,26.9 V,27.7 V,27.1 V,27.0 V,,27.1 V,27.2 V,1863 rpm,1831 rpm,,,1857 rpm,1898 rpm,1897 rpm,1897 rpm,,801 rpm,1875 rpm
2026-09-08 16:24:00,27.2 V,27.6 V,,,27.0 V,27.7 V,27.1 V,27.0 V,,27.1 V,26.9 V,1875 rpm,1900 rpm,,0 rpm,1860 rpm,1859 rpm,1834 rpm,1838 rpm,,1179 rpm,1869 rpm
2026-09-08 16:26:00,27.2 V,,,27.6 V,26.8 V,27.7 V,27.2 V,27.0 V,,27.1 V,27.3 V,1880 rpm,1863 rpm,,,1854 rpm,1821 rpm,1861 rpm,1865 rpm,,1181 rpm,1861 rpm
2026-09-08 16:28:00,27.2 V,27.6 V,,27.3 V,26.9 V,27.7 V,27.1 V,26.9 V,,27.1 V,27.2 V,1840 rpm,1889 rpm,,801 rpm,1836 rpm,1881 rpm,1883 rpm,1823 rpm,,1180 rpm,1843 rpm
2026-09-08 16:30:00,27.1 V,27.6 V,,27.5 V,27.3 V,27.6 V,27.1 V,27.0 V,,27.1 V,27.3 V,1897 rpm,1834 rpm,,800 rpm,1874 rpm,800 rpm,1825 rpm,1901 rpm,,1180 rpm,1399 rpm
2026-09-08 16:32:00,27.2 V,,,27.5 V,27.0 V,27.8 V,27.1 V,27.0 V,,27.0 V,27.3 V,1855 rpm,1844 rpm,,801 rpm,1830 rpm,800 rpm,1845 rpm,1878 rpm,,1784 rpm,1401 rpm
2026-09-08 16:34:00,27.2 V,27.6 V,,27.4 V,27.0 V,27.7 V,27.1 V,27.0 V,,27.1 V,27.4 V,1885 rpm,1872 rpm,,800 rpm,1887 rpm,801 rpm,1855 rpm,1814 rpm,,1844 rpm,1399 rpm
2026-09-08 16:36:00,27.2 V,27.6 V,,27.4 V,27.2 V,27.7 V,27.1 V,27.0 V,,27.0 V,27.3 V,1898 rpm,1868 rpm,,800 rpm,1898 rpm,800 rpm,1859 rpm,1855 rpm,,1824 rpm,1844 rpm
2026-09-08 16:38:00,27.2 V,27.6 V,,27.2 V,26.8 V,27.7 V,27.1 V,27.0 V,,26.9 V,27.3 V,1866 rpm,1835 rpm,,1894 rpm,1897 rpm,800 rpm,1860 rpm,1900 rpm,,1881 rpm,1858 rpm
2026-09-08 16:40:00,26.7 V,27.6 V,,27.3 V,27.1 V,27.8 V,27.1 V,27.0 V,,27.1 V,27.2 V,1902 rpm,1841 rpm,,1866 rpm,1901 rpm,801 rpm,1905 rpm,1872 rpm,,1859 rpm,1898 rpm
2026-09-08 16:42:00,27.2 V,27.7 V,,26.7 V,27.2 V,27.7 V,26.8 V,27.0 V,,27.1 V,27.3 V,1866 rpm,1844 rpm,,1835 rpm,1833 rpm,800 rpm,1886 rpm,1856 rpm,800 rpm,1865 rpm,1838 rpm
2026-09-08 16:44:00,27.2 V,27.7 V,,27.2 V,27.1 V,27.8 V,27.1 V,27.0 V,,27.0 V,27.4 V,1896 rpm,1869 rpm,,1838 rpm,1890 rpm,800 rpm,1865 rpm,1901 rpm,,1864 rpm,1400 rpm
2026-09-08 16:46:00,27.2 V,27.6 V,,27.2 V,26.8 V,27.8 V,27.1 V,27.0 V,27.1 V,27.0 V,27.2 V,1898 rpm,1844 rpm,,1844 rpm,1874 rpm,800 rpm,1852 rpm,800 rpm,801 rpm,1847 rpm,1844 rpm
2026-09-08 16:48:00,27.2 V,27.6 V,,27.1 V,27.0 V,27.7 V,27.1 V,26.9 V,27.0 V,27.0 V,27.2 V,1899 rpm,1856 rpm,,1842 rpm,1862 rpm,799 rpm,1855 rpm,1908 rpm,801 rpm,1838 rpm,1861 rpm
2026-09-08 16:50:00,26.8 V,27.6 V,,26.5 V,27.0 V,,27.1 V,27.0 V,26.9 V,26.7 V,27.3 V,1859 rpm,1872 rpm,,1858 rpm,1864 rpm,799 rpm,1858 rpm,1899 rpm,800 rpm,1907 rpm,1875 rpm
2026-09-08 16:52:00,27.2 V,27.6 V,,27.0 V,27.2 V,27.8 V,27.1 V,27.0 V,27.0 V,27.0 V,27.2 V,1867 rpm,1848 rpm,,1859 rpm,1900 rpm,799 rpm,1815 rpm,1844 rpm,1897 rpm,1843 rpm,1841 rpm
2026-09-08 16:54:00,27.1 V,27.6 V,,27.3 V,27.2 V,27.8 V,27.1 V,27.0 V,27.0 V,27.0 V,27.3 V,1920 rpm,1859 rpm,,1399 rpm,1897 rpm,800 rpm,1849 rpm,1907 rpm,1900 rpm,1842 rpm,1870 rpm
2026-09-08 16:56:00,27.1 V,27.6 V,,27.2 V,26.8 V,27.8 V,27.1 V,27.0 V,27.1 V,27.0 V,27.2 V,1903 rpm,1904 rpm,,1399 rpm,1901 rpm,800 rpm,1900 rpm,1841 rpm,1898 rpm,1849 rpm,1871 rpm
2026-09-08 16:58:00,27.2 V,27.6 V,,26.9 V,27.1 V,27.8 V,27.2 V,27.0 V,27.0 V,27.0 V,27.1 V,1877 rpm,1842 rpm,,1399 rpm,1842 rpm,800 rpm,1897 rpm,1900 rpm,1893 rpm,1882 rpm,1838 rpm
2026-09-08 17:00:00,27.2 V,27.6 V,,27.3 V,26.8 V,27.7 V,27.2 V,27.0 V,27.1 V,26.9 V,27.2 V,800 rpm,1845 rpm,,1841 rpm,1836 rpm,1828 rpm,1831 rpm,1836 rpm,1897 rpm,1867 rpm,1829 rpm
2026-09-08 17:02:00,27.1 V,27.6 V,,27.2 V,26.8 V,27.8 V,27.1 V,27.0 V,27.1 V,26.9 V,27.2 V,799 rpm,1879 rpm,,1899 rpm,1859 rpm,1843 rpm,1827 rpm,1882 rpm,1913 rpm,1893 rpm,1839 rpm
2026-09-08 17:04:00,27.2 V,27.6 V,,26.6 V,27.1 V,27.8 V,27.2 V,27.0 V,27.1 V,26.9 V,27.2 V,800 rpm,1875 rpm,,1863 rpm,1844 rpm,1851 rpm,1831 rpm,1836 rpm,1871 rpm,1871 rpm,1843 rpm
2026-09-08 17:06:00,26.8 V,,,27.2 V,27.1 V,27.8 V,27.2 V,27.0 V,27.1 V,27.0 V,27.2 V,1880 rpm,1842 rpm,,1902 rpm,1902 rpm,1848 rpm,1850 rpm,1836 rpm,1842 rpm,1868 rpm,1840 rpm
2026-09-08 17:08:00,27.1 V,27.7 V,,26.6 V,27.2 V,27.8 V,27.2 V,27.0 V,27.0 V,27.0 V,27.1 V,1860 rpm,1856 rpm,,1844 rpm,1840 rpm,1838 rpm,1813 rpm,1818 rpm,1869 rpm,1858 rpm,1869 rpm
2026-09-08 17:10:00,27.1 V,27.6 V,,26.5 V,27.3 V,27.8 V,27.2 V,27.0 V,27.1 V,26.7 V,27.1 V,1874 rpm,1902 rpm,,1838 rpm,1777 rpm,1859 rpm,1850 rpm,1899 rpm,1835 rpm,1827 rpm,1826 rpm
2026-09-08 17:12:00,27.1 V,27.6 V,,27.2 V,27.2 V,27.7 V,27.2 V,27.1 V,27.1 V,27.0 V,27.2 V,1876 rpm,1900 rpm,,1901 rpm,1843 rpm,1902 rpm,1905 rpm,1784 rpm,800 rpm,1855 rpm,1903 rpm
2026-09-08 17:14:00,27.2 V,27.6 V,,26.3 V,26.9 V,27.8 V,27.2 V,27.0 V,27.0 V,27.0 V,27.3 V,1900 rpm,1901 rpm,,1888 rpm,1900 rpm,1898 rpm,1876 rpm,1861 rpm,800 rpm,1840 rpm,1891 rpm
2026-09-08 17:16:00,27.1 V,,,26.7 V,27.2 V,27.8 V,27.2 V,27.1 V,27.0 V,27.2 V,27.2 V,1901 rpm,1840 rpm,,1872 rpm,1834 rpm,1850 rpm,1857 rpm,1883 rpm,1870 rpm,800 rpm,1399 rpm
2026-09-08 17:18:00,27.2 V,27.6 V,,26.3 V,27.1 V,27.8 V,27.2 V,27.0 V,26.9 V,27.1 V,27.3 V,800 rpm,1883 rpm,,1835 rpm,1890 rpm,1910 rpm,1846 rpm,1880 rpm,1907 rpm,800 rpm,1400 rpm
2026-09-08 17:20:00,27.2 V,27.7 V,,26.5 V,26.9 V,27.8 V,27.2 V,27.1 V,27.0 V,27.1 V,27.4 V,1865 rpm,1902 rpm,,1846 rpm,1845 rpm,1845 rpm,1910 rpm,1842 rpm,1839 rpm,800 rpm,800 rpm
2026-09-08 17:22:00,27.2 V,27.6 V,,27.1 V,27.2 V,27.8 V,27.2 V,27.0 V,26.9 V,27.0 V,27.4 V,1860 rpm,1901 rpm,,1871 rpm,1834 rpm,1845 rpm,1904 rpm,1839 rpm,1834 rpm,1879 rpm,1399 rpm
2026-09-08 17:24:00,27.2 V,27.7 V,,27.2 V,27.2 V,27.8 V,27.1 V,27.0 V,27.1 V,27.1 V,27.4 V,1900 rpm,1901 rpm,,1843 rpm,800 rpm,800 rpm,1837 rpm,1856 rpm,1838 rpm,801 rpm,1401 rpm
2026-09-08 17:26:00,27.2 V,27.8 V,,26.5 V,27.2 V,27.7 V,27.2 V,27.0 V,27.1 V,27.3 V,27.4 V,1871 rpm,1897 rpm,,1847 rpm,800 rpm,800 rpm,1861 rpm,1862 rpm,1845 rpm,800 rpm,1399 rpm
2026-09-08 17:28:00,27.2 V,27.7 V,,26.7 V,27.3 V,27.7 V,27.2 V,27.0 V,27.0 V,27.1 V,27.4 V,800 rpm,1843 rpm,,1899 rpm,800 rpm,800 rpm,1842 rpm,1857 rpm,1837 rpm,1858 rpm,1830 rpm
2026-09-08 17:30:00,26.4 V,27.7 V,,27.2 V,27.3 V,27.7 V,27.1 V,27.1 V,27.0 V,27.3 V,27.3 V,801 rpm,1847 rpm,,1874 rpm,800 rpm,801 rpm,1862 rpm,1840 rpm,1863 rpm,800 rpm,1838 rpm
2026-09-08 17:32:00,27.2 V,,,27.4 V,27.3 V,27.7 V,27.2 V,27.0 V,27.0 V,27.1 V,27.3 V,800 rpm,1898 rpm,,801 rpm,800 rpm,801 rpm,1847 rpm,1854 rpm,1899 rpm,1839 rpm,1915 rpm
2026-09-08 17:34:00,27.2 V,27.7 V,,27.3 V,27.3 V,26.6 V,27.1 V,27.0 V,27.1 V,27.1 V,27.4 V,800 rpm,1897 rpm,,801 rpm,800 rpm,800 rpm,1893 rpm,1847 rpm,800 rpm,1869 rpm,1838 rpm
2026-09-08 17:36:00,27.1 V,,,24.5 V,27.3 V,27.7 V,27.1 V,27.1 V,26.9 V,27.2 V,27.3 V,800 rpm,1884 rpm,,800 rpm,800 rpm,1891 rpm,1840 rpm,1880 rpm,1847 rpm,1852 rpm,1842 rpm
2026-09-08 17:38:00,27.2 V,,,27.3 V,27.2 V,27.7 V,27.2 V,27.0 V,27.0 V,27.3 V,27.3 V,801 rpm,1872 rpm,,1880 rpm,799 rpm,1858 rpm,1897 rpm,1834 rpm,1873 rpm,800 rpm,1898 rpm
2026-09-08 17:40:00,27.2 V,27.7 V,,26.7 V,27.3 V,27.7 V,27.1 V,26.9 V,26.9 V,27.1 V,27.3 V,800 rpm,1834 rpm,,1891 rpm,800 rpm,1901 rpm,1912 rpm,1878 rpm,1900 rpm,1870 rpm,1844 rpm
2026-09-08 17:42:00,27.2 V,,,27.1 V,27.3 V,27.7 V,27.1 V,27.0 V,27.0 V,27.1 V,27.3 V,799 rpm,1831 rpm,,1849 rpm,1867 rpm,1901 rpm,1842 rpm,799 rpm,1891 rpm,1903 rpm,1847 rpm
2026-09-08 17:44:00,27.2 V,27.7 V,,27.3 V,27.4 V,27.7 V,27.1 V,27.0 V,27.0 V,27.1 V,27.2 V,1887 rpm,1897 rpm,,1843 rpm,1835 rpm,1902 rpm,1848 rpm,1829 rpm,1842 rpm,1884 rpm,1908 rpm
2026-09-08 17:46:00,27.3 V,27.7 V,,26.9 V,27.4 V,27.7 V,27.1 V,27.1 V,27.0 V,27.5 V,27.2 V,1882 rpm,1874 rpm,,1400 rpm,1866 rpm,1900 rpm,1849 rpm,1824 rpm,800 rpm,800 rpm,1829 rpm
2026-09-08 17:48:00,27.2 V,27.8 V,,27.3 V,27.2 V,27.7 V,27.1 V,27.0 V,27.4 V,27.5 V,27.3 V,1401 rpm,800 rpm,,1401 rpm,1860 rpm,1832 rpm,1866 rpm,1832 rpm,800 rpm,800 rpm,1876 rpm
2026-09-08 17:50:00,27.3 V,27.7 V,,27.2 V,27.3 V,27.7 V,27.2 V,27.1 V,,25.9 V,27.3 V,1840 rpm,799 rpm,,1400 rpm,1863 rpm,1902 rpm,800 rpm,1838 rpm,1864 rpm,0 rpm,1878 rpm
2026-09-08 17:52:00,27.2 V,26.8 V,,26.7 V,27.3 V,27.7 V,24.4 V,27.0 V,,25.6 V,27.3 V,1899 rpm,801 rpm,,1899 rpm,1815 rpm,1902 rpm,800 rpm,1877 rpm,,0 rpm,1863 rpm
2026-09-08 17:54:00,27.2 V,27.7 V,,27.1 V,26.9 V,27.7 V,27.1 V,26.8 V,,25.6 V,27.5 V,1865 rpm,801 rpm,,1833 rpm,1860 rpm,1901 rpm,800 rpm,802 rpm,,0 rpm,800 rpm
2026-09-08 17:56:00,27.3 V,,,26.6 V,26.9 V,27.7 V,27.1 V,26.5 V,,25.6 V,27.2 V,1856 rpm,800 rpm,,1829 rpm,1880 rpm,1901 rpm,800 rpm,801 rpm,,0 rpm,800 rpm
2026-09-08 17:58:00,27.2 V,,,27.0 V,27.2 V,27.7 V,23.9 V,26.9 V,,25.6 V,27.3 V,1839 rpm,800 rpm,,1881 rpm,1901 rpm,1832 rpm,800 rpm,800 rpm,,0 rpm,801 rpm
2026-09-08 18:00:00,27.3 V,27.8 V,,27.2 V,26.9 V,27.7 V,27.1 V,26.9 V,,25.6 V,27.3 V,1848 rpm,801 rpm,,1842 rpm,1882 rpm,1863 rpm,1863 rpm,800 rpm,,0 rpm,801 rpm
2026-09-08 18:02:00,27.2 V,,,27.2 V,27.0 V,27.7 V,27.2 V,25.7 V,,25.5 V,,1865 rpm,800 rpm,,1854 rpm,1902 rpm,1820 rpm,800 rpm,800 rpm,,0 rpm,
2026-09-08 18:04:00,27.2 V,27.7 V,,26.8 V,26.6 V,27.7 V,27.2 V,26.3 V,,25.5 V,,1861 rpm,800 rpm,,1904 rpm,1815 rpm,1880 rpm,800 rpm,800 rpm,,0 rpm,
2026-09-08 18:06:00,27.1 V,27.7 V,,26.7 V,27.1 V,27.7 V,27.2 V,26.5 V,,25.5 V,25.7 V,1871 rpm,799 rpm,,1834 rpm,1869 rpm,1898 rpm,1865 rpm,800 rpm,,0 rpm,0 rpm
2026-09-08 18:08:00,27.2 V,27.8 V,,26.6 V,26.5 V,27.7 V,27.2 V,27.0 V,,27.2 V,,1837 rpm,1853 rpm,,1839 rpm,1846 rpm,1902 rpm,1834 rpm,801 rpm,1894 rpm,800 rpm,
2026-09-08 18:10:00,27.2 V,27.8 V,,27.2 V,27.1 V,27.7 V,27.2 V,27.0 V,,27.0 V,27.3 V,1842 rpm,1857 rpm,,1400 rpm,1821 rpm,1900 rpm,1867 rpm,800 rpm,801 rpm,800 rpm,799 rpm
2026-09-08 18:12:00,27.1 V,27.7 V,,26.7 V,27.2 V,27.7 V,27.3 V,27.1 V,,27.0 V,27.2 V,1886 rpm,1845 rpm,,1398 rpm,1862 rpm,1899 rpm,1837 rpm,800 rpm,800 rpm,1844 rpm,1897 rpm
2026-09-08 18:14:00,27.2 V,27.8 V,,27.3 V,26.8 V,27.7 V,27.3 V,27.1 V,,27.0 V,27.4 V,1842 rpm,1873 rpm,,1400 rpm,1866 rpm,1901 rpm,1841 rpm,800 rpm,1872 rpm,800 rpm,800 rpm
2026-09-08 18:16:00,27.2 V,,,26.8 V,27.0 V,27.4 V,,27.1 V,,27.0 V,27.4 V,1865 rpm,1849 rpm,,1911 rpm,1839 rpm,1844 rpm,1897 rpm,800 rpm,1848 rpm,1901 rpm,800 rpm
2026-09-08 18:18:00,27.2 V,,,27.3 V,27.0 V,27.7 V,27.3 V,27.2 V,,27.1 V,27.3 V,1902 rpm,1882 rpm,,1891 rpm,1834 rpm,1837 rpm,1862 rpm,801 rpm,800 rpm,1878 rpm,800 rpm
2026-09-08 18:20:00,27.2 V,27.8 V,,27.0 V,26.6 V,27.7 V,27.3 V,27.2 V,,27.2 V,27.4 V,1825 rpm,1899 rpm,,1842 rpm,1863 rpm,1858 rpm,1871 rpm,799 rpm,800 rpm,801 rpm,800 rpm
2026-09-08 18:22:00,27.3 V,27.8 V,,27.0 V,26.7 V,27.7 V,27.2 V,27.2 V,,27.2 V,27.1 V,1848 rpm,1399 rpm,,1399 rpm,1836 rpm,1923 rpm,1901 rpm,800 rpm,800 rpm,800 rpm,1835 rpm
2026-09-08 18:24:00,27.2 V,27.8 V,,26.8 V,26.6 V,27.7 V,27.2 V,27.2 V,,27.0 V,27.2 V,1832 rpm,1844 rpm,,1856 rpm,1845 rpm,1877 rpm,1899 rpm,800 rpm,1892 rpm,1853 rpm,1839 rpm
2026-09-08 18:26:00,27.2 V,27.8 V,,26.0 V,27.1 V,27.7 V,27.3 V,27.2 V,,27.1 V,27.2 V,1400 rpm,1879 rpm,,1842 rpm,1850 rpm,1854 rpm,1908 rpm,800 rpm,1899 rpm,1873 rpm,1877 rpm
2026-09-08 18:28:00,27.2 V,27.8 V,,26.6 V,26.5 V,27.7 V,27.2 V,27.2 V,,26.9 V,27.2 V,1400 rpm,1896 rpm,,1870 rpm,1830 rpm,1892 rpm,1837 rpm,800 rpm,1840 rpm,1848 rpm,1853 rpm
2026-09-08 18:30:00,27.2 V,27.8 V,,27.2 V,26.6 V,27.7 V,27.3 V,27.2 V,27.1 V,26.9 V,27.2 V,1400 rpm,1400 rpm,,1863 rpm,1817 rpm,1879 rpm,1859 rpm,801 rpm,1843 rpm,1826 rpm,1893 rpm
2026-09-08 18:32:00,27.3 V,,,27.0 V,26.7 V,27.7 V,27.2 V,27.2 V,27.1 V,27.0 V,27.3 V,1399 rpm,1899 rpm,,1889 rpm,1842 rpm,1866 rpm,1836 rpm,801 rpm,1829 rpm,1899 rpm,1872 rpm
2026-09-08 18:34:00,27.3 V,27.8 V,,27.3 V,27.1 V,27.6 V,27.3 V,27.3 V,27.2 V,26.8 V,27.3 V,1840 rpm,1851 rpm,,1399 rpm,1838 rpm,1876 rpm,1901 rpm,800 rpm,800 rpm,1883 rpm,1875 rpm
2026-09-08 18:36:00,27.3 V,27.8 V,,27.2 V,27.1 V,27.7 V,27.3 V,27.3 V,27.2 V,26.6 V,27.4 V,1845 rpm,1857 rpm,,1399 rpm,1826 rpm,1834 rpm,1817 rpm,800 rpm,800 rpm,1838 rpm,800 rpm
2026-09-08 18:38:00,27.3 V,27.8 V,,27.4 V,26.7 V,27.6 V,27.3 V,27.3 V,27.1 V,27.1 V,27.4 V,1872 rpm,1861 rpm,,1842 rpm,1838 rpm,1848 rpm,1833 rpm,800 rpm,800 rpm,800 rpm,800 rpm
2026-09-08 18:40:00,27.2 V,27.8 V,,27.2 V,27.0 V,27.6 V,27.2 V,27.3 V,27.2 V,27.1 V,27.5 V,1851 rpm,800 rpm,,1844 rpm,1835 rpm,1874 rpm,1799 rpm,800 rpm,800 rpm,800 rpm,799 rpm
2026-09-08 18:42:00,27.2 V,,,27.3 V,27.0 V,27.7 V,27.2 V,27.3 V,27.1 V,27.1 V,27.4 V,1835 rpm,801 rpm,,1400 rpm,1832 rpm,1798 rpm,1823 rpm,800 rpm,801 rpm,800 rpm,800 rpm
2026-09-08 18:44:00,27.3 V,27.8 V,,27.0 V,27.2 V,27.7 V,27.2 V,27.3 V,27.2 V,27.2 V,27.4 V,1852 rpm,801 rpm,,1401 rpm,796 rpm,1834 rpm,1805 rpm,800 rpm,800 rpm,801 rpm,800 rpm
2026-09-08 18:46:00,27.2 V,,,27.0 V,27.3 V,27.6 V,27.2 V,27.4 V,27.3 V,27.1 V,27.5 V,1839 rpm,1905 rpm,,1843 rpm,800 rpm,1862 rpm,1876 rpm,800 rpm,800 rpm,800 rpm,799 rpm
2026-09-08 18:48:00,27.2 V,,,27.2 V,27.1 V,27.7 V,27.3 V,27.3 V,27.1 V,27.2 V,27.2 V,1849 rpm,1903 rpm,,1866 rpm,1845 rpm,1819 rpm,1834 rpm,800 rpm,1898 rpm,800 rpm,1893 rpm
2026-09-08 18:50:00,27.3 V,27.8 V,,27.1 V,27.0 V,27.6 V,27.3 V,27.3 V,27.1 V,27.0 V,27.3 V,1858 rpm,1845 rpm,,1400 rpm,1883 rpm,1818 rpm,1833 rpm,1898 rpm,1863 rpm,1867 rpm,1870 rpm
2026-09-08 18:52:00,27.2 V,27.8 V,,27.4 V,27.1 V,27.6 V,27.2 V,27.4 V,26.7 V,27.1 V,27.3 V,1888 rpm,1850 rpm,,1398 rpm,1820 rpm,1883 rpm,1859 rpm,1899 rpm,1883 rpm,1843 rpm,1866 rpm
2026-09-08 18:54:00,27.2 V,27.8 V,,27.0 V,26.8 V,27.6 V,27.3 V,27.3 V,27.2 V,27.2 V,27.2 V,1401 rpm,1878 rpm,,1400 rpm,1899 rpm,1874 rpm,1870 rpm,1895 rpm,1871 rpm,800 rpm,1868 rpm
2026-09-08 18:56:00,27.2 V,27.8 V,,27.1 V,26.8 V,27.7 V,27.2 V,27.3 V,27.2 V,27.2 V,27.3 V,1401 rpm,1842 rpm,,1848 rpm,1827 rpm,1884 rpm,1861 rpm,800 rpm,1902 rpm,800 rpm,1898 rpm
2026-09-08 18:58:00,27.1 V,27.8 V,,26.9 V,27.3 V,27.7 V,27.2 V,27.3 V,27.4 V,27.1 V,27.3 V,1887 rpm,1872 rpm,,1897 rpm,1823 rpm,1864 rpm,1864 rpm,799 rpm,800 rpm,1820 rpm,1900 rpm
2026-09-08 19:00:00,27.2 V,27.8 V,,27.2 V,27.3 V,27.6 V,27.3 V,27.3 V,27.4 V,27.0 V,27.2 V,1898 rpm,1861 rpm,,1401 rpm,800 rpm,1870 rpm,1869 rpm,800 rpm,800 rpm,1855 rpm,1841 rpm
2026-09-08 19:02:00,27.2 V,27.8 V,,26.9 V,27.4 V,27.6 V,27.3 V,27.3 V,27.4 V,27.1 V,27.3 V,1865 rpm,1400 rpm,,1863 rpm,1401 rpm,1904 rpm,1850 rpm,1888 rpm,800 rpm,1845 rpm,1835 rpm
2026-09-08 19:04:00,27.3 V,27.8 V,,26.7 V,26.8 V,27.6 V,27.2 V,27.3 V,27.2 V,27.1 V,27.3 V,1837 rpm,1398 rpm,,1858 rpm,1886 rpm,1869 rpm,1866 rpm,1881 rpm,1900 rpm,1840 rpm,1901 rpm
2026-09-08 19:06:00,27.2 V,,,27.1 V,26.9 V,27.6 V,27.3 V,27.2 V,27.3 V,27.0 V,27.2 V,1844 rpm,1399 rpm,,1400 rpm,1810 rpm,1835 rpm,1895 rpm,1841 rpm,1857 rpm,1865 rpm,1909 rpm
2026-09-08 19:08:00,27.2 V,,,27.1 V,27.2 V,27.6 V,27.2 V,27.4 V,27.3 V,27.0 V,27.2 V,1857 rpm,1863 rpm,,1400 rpm,1400 rpm,1890 rpm,1830 rpm,1837 rpm,1841 rpm,1847 rpm,1902 rpm
2026-09-08 19:10:00,27.2 V,27.8 V,,27.0 V,26.8 V,27.6 V,27.2 V,27.3 V,27.2 V,27.0 V,27.2 V,1840 rpm,1844 rpm,,1851 rpm,1889 rpm,1854 rpm,1903 rpm,1883 rpm,1840 rpm,1889 rpm,1833 rpm
2026-09-08 19:12:00,27.2 V,27.8 V,,27.3 V,24.8 V,27.6 V,27.3 V,27.3 V,27.2 V,27.1 V,27.2 V,1840 rpm,1912 rpm,,1831 rpm,800 rpm,1834 rpm,1835 rpm,1900 rpm,1841 rpm,1788 rpm,1860 rpm
2026-09-08 19:14:00,27.2 V,27.8 V,,27.4 V,27.3 V,27.6 V,27.3 V,27.3 V,27.2 V,27.3 V,27.3 V,1858 rpm,1825 rpm,,1832 rpm,800 rpm,1874 rpm,1902 rpm,1907 rpm,1783 rpm,801 rpm,1900 rpm
2026-09-08 19:16:00,27.2 V,27.8 V,,27.2 V,27.4 V,27.7 V,27.2 V,27.3 V,27.2 V,27.3 V,27.3 V,1871 rpm,1846 rpm,,1838 rpm,800 rpm,1847 rpm,1891 rpm,1830 rpm,1868 rpm,800 rpm,1857 rpm
2026-09-08 19:18:00,27.3 V,27.8 V,,27.3 V,26.3 V,27.6 V,27.3 V,27.3 V,27.3 V,27.3 V,27.3 V,1867 rpm,1399 rpm,,1827 rpm,800 rpm,1897 rpm,1841 rpm,1838 rpm,1842 rpm,800 rpm,1902 rpm
2026-09-08 19:20:00,27.2 V,27.8 V,,27.3 V,27.3 V,27.7 V,27.2 V,27.3 V,27.4 V,27.3 V,27.3 V,1888 rpm,1842 rpm,,1842 rpm,800 rpm,1851 rpm,1894 rpm,1900 rpm,800 rpm,800 rpm,1866 rpm
2026-09-08 19:22:00,27.3 V,27.8 V,,26.8 V,27.0 V,27.7 V,27.3 V,27.3 V,26.9 V,27.2 V,27.2 V,1857 rpm,1843 rpm,,1861 rpm,1890 rpm,1867 rpm,1902 rpm,1836 rpm,1899 rpm,800 rpm,1852 rpm
2026-09-08 19:24:00,27.2 V,27.8 V,,27.0 V,27.4 V,27.7 V,27.3 V,27.3 V,27.2 V,27.2 V,27.2 V,1846 rpm,1884 rpm,,1864 rpm,800 rpm,1830 rpm,1841 rpm,1900 rpm,1897 rpm,800 rpm,1851 rpm
2026-09-08 19:26:00,27.2 V,27.8 V,,27.1 V,27.3 V,27.6 V,27.3 V,27.3 V,27.2 V,27.2 V,27.3 V,1842 rpm,1400 rpm,,1870 rpm,800 rpm,1859 rpm,1846 rpm,1901 rpm,1908 rpm,801 rpm,1901 rpm
2026-09-08 19:28:00,27.2 V,,,26.8 V,27.4 V,27.6 V,27.2 V,27.2 V,27.4 V,27.3 V,27.3 V,1866 rpm,1872 rpm,,1901 rpm,801 rpm,1902 rpm,1838 rpm,1860 rpm,800 rpm,800 rpm,1837 rpm
2026-09-08 19:30:00,27.2 V,27.8 V,,26.8 V,27.3 V,27.7 V,27.2 V,27.2 V,27.4 V,27.1 V,27.2 V,1851 rpm,1884 rpm,,1850 rpm,800 rpm,1821 rpm,1900 rpm,1841 rpm,800 rpm,1896 rpm,1862 rpm
2026-09-08 19:32:00,27.3 V,27.8 V,,27.1 V,27.3 V,27.7 V,27.3 V,27.3 V,27.3 V,27.1 V,27.2 V,1859 rpm,1834 rpm,,1842 rpm,800 rpm,1846 rpm,1898 rpm,1900 rpm,1899 rpm,1844 rpm,1899 rpm
2026-09-08 19:34:00,27.2 V,27.8 V,,26.8 V,27.3 V,27.6 V,27.3 V,27.3 V,26.9 V,27.1 V,27.4 V,1865 rpm,1890 rpm,,1840 rpm,800 rpm,1872 rpm,1884 rpm,1890 rpm,1899 rpm,1893 rpm,800 rpm
2026-09-08 19:36:00,26.8 V,,,26.8 V,27.4 V,27.6 V,27.3 V,27.3 V,27.2 V,27.1 V,27.5 V,1901 rpm,1850 rpm,,1841 rpm,800 rpm,1865 rpm,1872 rpm,1885 rpm,1860 rpm,1874 rpm,800 rpm
2026-09-08 19:38:00,27.2 V,,,27.2 V,27.4 V,27.6 V,27.2 V,27.3 V,27.1 V,27.2 V,27.4 V,1851 rpm,1401 rpm,,1842 rpm,1862 rpm,1899 rpm,1891 rpm,1875 rpm,1858 rpm,1858 rpm,799 rpm
2026-09-08 19:40:00,27.2 V,27.8 V,,27.4 V,26.9 V,27.7 V,27.2 V,27.3 V,27.4 V,27.3 V,27.5 V,1399 rpm,1399 rpm,,1838 rpm,1839 rpm,1892 rpm,1867 rpm,1839 rpm,800 rpm,801 rpm,799 rpm
2026-09-08 19:42:00,27.2 V,,,27.2 V,27.2 V,27.6 V,27.3 V,27.3 V,27.3 V,27.4 V,27.5 V,1846 rpm,1903 rpm,,1838 rpm,1400 rpm,1888 rpm,1880 rpm,1837 rpm,800 rpm,800 rpm,801 rpm
2026-09-08 19:44:00,27.2 V,27.8 V,,26.8 V,26.9 V,27.6 V,27.3 V,27.3 V,27.2 V,27.3 V,27.4 V,1868 rpm,1832 rpm,,1903 rpm,1859 rpm,1890 rpm,1889 rpm,1900 rpm,1893 rpm,800 rpm,800 rpm
2026-09-08 19:46:00,27.2 V,27.8 V,,26.7 V,27.1 V,27.6 V,27.3 V,27.2 V,27.1 V,27.2 V,27.3 V,1899 rpm,1400 rpm,,1840 rpm,1900 rpm,1882 rpm,1878 rpm,1807 rpm,1890 rpm,1835 rpm,1911 rpm
2026-09-08 19:48:00,27.1 V,27.8 V,,27.5 V,27.0 V,27.6 V,27.2 V,27.2 V,27.4 V,27.1 V,27.3 V,1878 rpm,1400 rpm,,1084 rpm,1827 rpm,1896 rpm,1881 rpm,1848 rpm,798 rpm,1907 rpm,1846 rpm
2026-09-08 19:50:00,27.2 V,27.8 V,,27.5 V,26.7 V,27.6 V,27.3 V,27.3 V,27.1 V,27.1 V,27.3 V,1870 rpm,1902 rpm,,800 rpm,1843 rpm,1894 rpm,1894 rpm,1909 rpm,1900 rpm,1901 rpm,1899 rpm
2026-09-08 19:52:00,27.3 V,27.8 V,,24.8 V,27.1 V,27.6 V,27.3 V,27.3 V,27.3 V,26.8 V,27.3 V,1886 rpm,1852 rpm,,799 rpm,1851 rpm,1860 rpm,1893 rpm,1901 rpm,800 rpm,1804 rpm,1869 rpm
2026-09-08 19:54:00,27.2 V,27.8 V,,27.3 V,27.4 V,27.6 V,27.2 V,27.3 V,27.4 V,27.1 V,27.3 V,1856 rpm,1855 rpm,,1875 rpm,1851 rpm,1897 rpm,1876 rpm,1898 rpm,801 rpm,1852 rpm,1900 rpm
2026-09-08 19:56:00,27.2 V,27.9 V,,27.2 V,27.4 V,,27.3 V,27.3 V,27.3 V,27.1 V,27.3 V,1839 rpm,1915 rpm,,1876 rpm,799 rpm,1888 rpm,1878 rpm,1838 rpm,800 rpm,1900 rpm,1845 rpm
2026-09-08 19:58:00,27.2 V,27.8 V,,27.0 V,27.0 V,27.7 V,27.3 V,27.3 V,27.3 V,27.3 V,27.3 V,1868 rpm,1900 rpm,,1869 rpm,1834 rpm,1707 rpm,1886 rpm,1825 rpm,800 rpm,800 rpm,1837 rpm
2026-09-08 20:00:00,27.2 V,27.8 V,,27.0 V,27.3 V,27.6 V,27.2 V,26.9 V,27.3 V,27.3 V,27.3 V,1824 rpm,1873 rpm,,1861 rpm,1843 rpm,801 rpm,1891 rpm,1884 rpm,800 rpm,800 rpm,1902 rpm
2026-09-08 20:02:00,27.2 V,,,26.9 V,27.3 V,27.6 V,27.3 V,27.3 V,27.2 V,27.1 V,27.3 V,1842 rpm,1903 rpm,,1839 rpm,1865 rpm,801 rpm,1900 rpm,1840 rpm,1840 rpm,1870 rpm,1857 rpm
2026-09-08 20:04:00,27.2 V,27.8 V,,27.3 V,27.3 V,27.6 V,27.3 V,27.3 V,27.1 V,27.1 V,27.3 V,1878 rpm,1908 rpm,,1848 rpm,800 rpm,801 rpm,1904 rpm,1907 rpm,1831 rpm,1879 rpm,1850 rpm
2026-09-08 20:06:00,27.2 V,27.8 V,,27.3 V,27.3 V,27.7 V,27.3 V,27.2 V,27.1 V,27.1 V,27.3 V,1926 rpm,1864 rpm,,1847 rpm,1849 rpm,1879 rpm,1829 rpm,1807 rpm,1831 rpm,1845 rpm,1846 rpm
2026-09-08 20:08:00,27.2 V,27.8 V,,26.8 V,27.2 V,27.6 V,27.3 V,27.2 V,27.1 V,27.2 V,27.2 V,1851 rpm,1907 rpm,,1856 rpm,1837 rpm,1897 rpm,1906 rpm,1924 rpm,1902 rpm,1871 rpm,1901 rpm
2026-09-08 20:10:00,27.2 V,27.9 V,,26.9 V,26.8 V,,27.2 V,27.2 V,27.4 V,27.1 V,27.3 V,1837 rpm,1857 rpm,,1847 rpm,1839 rpm,1876 rpm,800 rpm,1857 rpm,952 rpm,1869 rpm,1893 rpm
2026-09-08 20:12:00,27.2 V,,,26.9 V,27.1 V,,27.3 V,27.2 V,27.4 V,27.2 V,27.3 V,1893 rpm,1876 rpm,,1860 rpm,1837 rpm,1880 rpm,800 rpm,1836 rpm,801 rpm,1851 rpm,1842 rpm
2026-09-08 20:14:00,27.2 V,27.9 V,,26.9 V,27.3 V,27.6 V,27.3 V,27.3 V,27.4 V,27.1 V,27.3 V,1844 rpm,1894 rpm,,1885 rpm,1837 rpm,1872 rpm,1843 rpm,1896 rpm,800 rpm,1858 rpm,1902 rpm
2026-09-08 20:16:00,27.2 V,27.8 V,,27.3 V,27.3 V,27.7 V,27.3 V,27.3 V,27.4 V,27.1 V,27.3 V,1843 rpm,1858 rpm,,1867 rpm,1824 rpm,1859 rpm,1900 rpm,800 rpm,800 rpm,1848 rpm,1841 rpm
2026-09-08 20:18:00,27.2 V,,,27.6 V,27.3 V,27.6 V,27.3 V,27.3 V,27.3 V,27.1 V,27.3 V,1900 rpm,1399 rpm,,1400 rpm,1830 rpm,1861 rpm,1905 rpm,800 rpm,1852 rpm,1853 rpm,1858 rpm
2026-09-08 20:20:00,27.1 V,27.8 V,,27.3 V,27.1 V,27.7 V,27.2 V,27.2 V,27.3 V,27.1 V,27.2 V,1888 rpm,1400 rpm,,1400 rpm,1842 rpm,1881 rpm,1837 rpm,1837 rpm,1839 rpm,1870 rpm,1868 rpm
2026-09-08 20:22:00,27.2 V,,,27.4 V,26.8 V,27.7 V,27.3 V,27.2 V,27.2 V,27.1 V,27.3 V,1881 rpm,1892 rpm,,1399 rpm,1895 rpm,1838 rpm,1900 rpm,1840 rpm,1901 rpm,1841 rpm,1869 rpm
2026-09-08 20:24:00,27.2 V,,,27.1 V,27.1 V,27.7 V,27.3 V,27.3 V,27.3 V,27.1 V,27.3 V,1844 rpm,1897 rpm,,1868 rpm,1400 rpm,1867 rpm,1867 rpm,1866 rpm,1833 rpm,1903 rpm,1874 rpm
2026-09-08 20:26:00,27.2 V,,,27.4 V,27.2 V,27.6 V,27.3 V,27.2 V,27.5 V,27.1 V,27.2 V,1853 rpm,1400 rpm,,1873 rpm,1401 rpm,1837 rpm,1835 rpm,1890 rpm,800 rpm,1896 rpm,1869 rpm
2026-09-08 20:28:00,27.2 V,,,27.4 V,27.3 V,27.6 V,27.3 V,27.3 V,27.3 V,27.1 V,27.3 V,1842 rpm,1860 rpm,,1905 rpm,1852 rpm,1846 rpm,1904 rpm,1892 rpm,1850 rpm,1863 rpm,1883 rpm
2026-09-08 20:30:00,27.2 V,27.8 V,,27.4 V,27.1 V,,27.3 V,27.3 V,27.3 V,27.1 V,27.4 V,1868 rpm,1400 rpm,,1884 rpm,1860 rpm,1874 rpm,1874 rpm,1840 rpm,1903 rpm,1821 rpm,800 rpm
2026-09-08 20:32:00,27.1 V,27.8 V,,27.4 V,27.1 V,,27.2 V,27.3 V,27.3 V,27.0 V,27.5 V,1901 rpm,1400 rpm,,1401 rpm,1877 rpm,1899 rpm,1871 rpm,1841 rpm,1844 rpm,1874 rpm,800 rpm
2026-09-08 20:34:00,27.2 V,27.9 V,,27.4 V,27.3 V,27.7 V,27.2 V,27.2 V,27.3 V,27.1 V,27.3 V,1856 rpm,1847 rpm,,1400 rpm,1843 rpm,1859 rpm,1871 rpm,1872 rpm,1897 rpm,1896 rpm,1899 rpm
2026-09-08 20:36:00,27.2 V,27.8 V,,27.3 V,27.3 V,,27.3 V,27.2 V,27.3 V,27.0 V,27.3 V,1864 rpm,1854 rpm,,1850 rpm,1860 rpm,1837 rpm,1903 rpm,1836 rpm,1901 rpm,1860 rpm,1864 rpm
2026-09-08 20:38:00,27.2 V,,,27.1 V,27.3 V,27.6 V,27.3 V,27.3 V,27.5 V,27.0 V,27.3 V,1835 rpm,1400 rpm,,1864 rpm,800 rpm,1873 rpm,1887 rpm,1861 rpm,798 rpm,1841 rpm,1876 rpm
2026-09-08 20:40:00,27.2 V,27.8 V,,26.8 V,27.2 V,,27.3 V,27.3 V,27.5 V,27.1 V,27.3 V,1873 rpm,1400 rpm,,1863 rpm,1839 rpm,1873 rpm,1837 rpm,1847 rpm,800 rpm,1893 rpm,1882 rpm
2026-09-08 20:42:00,27.2 V,27.8 V,,27.3 V,27.3 V,,27.3 V,27.3 V,27.5 V,27.1 V,27.3 V,1884 rpm,1399 rpm,,1918 rpm,1836 rpm,1822 rpm,1838 rpm,1877 rpm,798 rpm,1864 rpm,1848 rpm
2026-09-08 20:44:00,27.2 V,27.8 V,,27.5 V,27.3 V,27.6 V,27.2 V,27.3 V,27.5 V,27.0 V,27.5 V,1869 rpm,1852 rpm,,1401 rpm,1880 rpm,1898 rpm,1887 rpm,1901 rpm,800 rpm,1902 rpm,800 rpm
2026-09-08 20:46:00,27.2 V,27.8 V,,26.9 V,27.2 V,27.7 V,27.3 V,27.1 V,27.3 V,27.0 V,27.3 V,1845 rpm,1845 rpm,,1887 rpm,1834 rpm,1849 rpm,1852 rpm,1854 rpm,1901 rpm,1855 rpm,1897 rpm
2026-09-08 20:48:00,27.2 V,,,27.2 V,27.4 V,27.6 V,27.2 V,27.2 V,27.3 V,27.0 V,27.2 V,1898 rpm,1863 rpm,,1896 rpm,1850 rpm,1885 rpm,1833 rpm,1901 rpm,1897 rpm,1881 rpm,1850 rpm
2026-09-08 20:50:00,27.2 V,27.9 V,,27.4 V,26.9 V,27.7 V,27.3 V,27.3 V,27.4 V,27.1 V,27.3 V,1897 rpm,1841 rpm,,1884 rpm,1842 rpm,1902 rpm,1845 rpm,1837 rpm,1896 rpm,1909 rpm,1844 rpm
2026-09-08 20:52:00,27.2 V,27.8 V,,27.2 V,27.2 V,,27.3 V,27.2 V,27.3 V,27.1 V,27.4 V,1898 rpm,1839 rpm,,1878 rpm,1832 rpm,1839 rpm,1846 rpm,1902 rpm,1884 rpm,1906 rpm,801 rpm
2026-09-08 20:54:00,27.2 V,27.8 V,,27.0 V,27.2 V,27.7 V,27.3 V,27.2 V,24.9 V,27.0 V,27.3 V,1843 rpm,1879 rpm,,1895 rpm,1837 rpm,1835 rpm,1835 rpm,1872 rpm,800 rpm,1878 rpm,1843 rpm
2026-09-08 20:56:00,27.2 V,27.8 V,,27.2 V,26.9 V,27.6 V,27.2 V,27.3 V,27.5 V,27.0 V,27.2 V,1832 rpm,1859 rpm,,1890 rpm,1865 rpm,1834 rpm,1900 rpm,1844 rpm,799 rpm,1902 rpm,1901 rpm
2026-09-08 20:58:00,27.2 V,,,26.9 V,26.9 V,27.6 V,27.2 V,27.2 V,27.5 V,27.1 V,27.3 V,1855 rpm,1400 rpm,,1886 rpm,1832 rpm,1889 rpm,1858 rpm,1844 rpm,798 rpm,1847 rpm,1908 rpm
2026-09-08 21:00:00,27.1 V,27.5 V,,26.8 V,26.9 V,27.7 V,27.2 V,27.2 V,26.2 V,27.1 V,27.0 V,1898 rpm,1883 rpm,,1886 rpm,1852 rpm,1834 rpm,800 rpm,1883 rpm,800 rpm,1875 rpm,1896 rpm
2026-09-08 21:02:00,27.1 V,27.8 V,,27.1 V,27.3 V,27.7 V,27.2 V,27.3 V,27.2 V,27.1 V,27.3 V,1862 rpm,1849 rpm,,1875 rpm,1841 rpm,1840 rpm,1888 rpm,1843 rpm,1860 rpm,1876 rpm,1855 rpm
2026-09-08 21:04:00,27.2 V,27.8 V,,27.1 V,27.4 V,27.6 V,27.3 V,27.3 V,27.3 V,27.1 V,27.3 V,1850 rpm,1877 rpm,,1893 rpm,1839 rpm,1886 rpm,1837 rpm,1874 rpm,1878 rpm,1852 rpm,1835 rpm
2026-09-08 21:06:00,27.1 V,27.8 V,,26.6 V,26.8 V,27.6 V,27.3 V,27.3 V,27.3 V,27.0 V,27.3 V,1857 rpm,1853 rpm,,1893 rpm,1860 rpm,1814 rpm,1841 rpm,1857 rpm,1868 rpm,1852 rpm,1850 rpm
2026-09-08 21:08:00,27.2 V,27.8 V,,26.3 V,27.2 V,27.6 V,27.3 V,27.2 V,27.2 V,26.9 V,27.3 V,1844 rpm,1858 rpm,,1879 rpm,1826 rpm,1864 rpm,1872 rpm,1901 rpm,1895 rpm,1890 rpm,1862 rpm
2026-09-08 21:10:00,27.2 V,27.8 V,,26.8 V,27.3 V,27.6 V,27.3 V,26.9 V,27.5 V,27.0 V,27.2 V,1857 rpm,1843 rpm,,1877 rpm,1834 rpm,1837 rpm,1902 rpm,1909 rpm,800 rpm,1873 rpm,1869 rpm
2026-09-08 21:12:00,27.2 V,,,27.2 V,26.9 V,27.6 V,27.3 V,27.3 V,27.5 V,27.1 V,27.3 V,1887 rpm,1871 rpm,,1892 rpm,1820 rpm,1852 rpm,1836 rpm,1832 rpm,800 rpm,1874 rpm,1902 rpm
2026-09-08 21:14:00,27.2 V,27.8 V,,26.5 V,27.3 V,27.7 V,27.3 V,27.1 V,27.4 V,27.0 V,27.2 V,1847 rpm,1839 rpm,,1894 rpm,1862 rpm,1864 rpm,1845 rpm,1861 rpm,801 rpm,1887 rpm,1876 rpm
2026-09-08 21:16:00,27.2 V,27.8 V,,27.1 V,27.0 V,27.7 V,27.3 V,27.2 V,27.5 V,27.1 V,27.3 V,1834 rpm,1845 rpm,,1905 rpm,1860 rpm,1888 rpm,1833 rpm,1852 rpm,800 rpm,1883 rpm,1901 rpm
2026-09-08 21:18:00,27.2 V,27.8 V,,27.2 V,27.2 V,27.7 V,27.0 V,27.2 V,27.4 V,27.0 V,27.3 V,1400 rpm,1880 rpm,,1885 rpm,1832 rpm,1878 rpm,1814 rpm,1846 rpm,1845 rpm,1893 rpm,1901 rpm
2026-09-08 21:20:00,27.2 V,27.8 V,,27.2 V,27.2 V,27.7 V,27.3 V,27.2 V,27.4 V,27.0 V,27.3 V,1837 rpm,1851 rpm,,1883 rpm,1865 rpm,1842 rpm,1839 rpm,1853 rpm,1878 rpm,1886 rpm,1848 rpm
2026-09-08 21:22:00,27.2 V,,,26.9 V,26.8 V,27.7 V,27.3 V,27.2 V,27.4 V,27.2 V,27.2 V,1877 rpm,1891 rpm,,1896 rpm,1834 rpm,1874 rpm,1806 rpm,801 rpm,1867 rpm,799 rpm,1853 rpm
2026-09-08 21:24:00,27.2 V,27.8 V,,26.8 V,27.0 V,27.7 V,27.3 V,27.2 V,27.4 V,27.3 V,27.3 V,1855 rpm,1854 rpm,,1879 rpm,1836 rpm,1845 rpm,1865 rpm,800 rpm,1842 rpm,800 rpm,1839 rpm
2026-09-08 21:26:00,27.2 V,,,26.9 V,27.3 V,27.7 V,27.3 V,27.3 V,27.4 V,27.2 V,27.3 V,1865 rpm,1847 rpm,,1847 rpm,1842 rpm,1859 rpm,1813 rpm,1843 rpm,1886 rpm,800 rpm,1850 rpm
2026-09-08 21:28:00,27.2 V,,,27.1 V,27.0 V,27.7 V,27.3 V,27.3 V,27.3 V,27.2 V,27.3 V,1861 rpm,1834 rpm,,1863 rpm,1850 rpm,1878 rpm,1847 rpm,1839 rpm,1862 rpm,799 rpm,1849 rpm
2026-09-08 21:30:00,27.2 V,27.8 V,,27.2 V,27.1 V,27.7 V,27.3 V,27.2 V,27.4 V,27.2 V,27.3 V,1820 rpm,1885 rpm,,1844 rpm,1894 rpm,1882 rpm,1846 rpm,1901 rpm,1856 rpm,799 rpm,1833 rpm
2026-09-08 21:32:00,27.2 V,27.8 V,,26.6 V,26.9 V,,27.3 V,27.2 V,27.4 V,27.0 V,27.3 V,800 rpm,1849 rpm,,1895 rpm,1830 rpm,1829 rpm,1836 rpm,1839 rpm,1901 rpm,1886 rpm,1833 rpm
2026-09-08 21:34:00,27.2 V,27.8 V,,26.3 V,27.3 V,27.6 V,27.3 V,27.2 V,27.4 V,27.1 V,27.2 V,800 rpm,1860 rpm,,1871 rpm,1903 rpm,1870 rpm,1896 rpm,1812 rpm,1826 rpm,1899 rpm,1839 rpm
2026-09-08 21:36:00,27.2 V,27.8 V,,26.9 V,26.9 V,27.6 V,27.3 V,27.2 V,27.4 V,27.1 V,27.2 V,800 rpm,1869 rpm,,1886 rpm,1836 rpm,1878 rpm,1901 rpm,1842 rpm,1833 rpm,1900 rpm,1898 rpm
2026-09-08 21:38:00,27.2 V,27.8 V,,26.4 V,26.9 V,27.7 V,27.2 V,27.2 V,27.3 V,27.1 V,27.3 V,1840 rpm,1876 rpm,,1898 rpm,1889 rpm,1807 rpm,1871 rpm,1888 rpm,1896 rpm,1902 rpm,1866 rpm
2026-09-08 21:40:00,27.3 V,27.8 V,,27.4 V,27.3 V,27.6 V,27.2 V,27.2 V,27.4 V,27.0 V,27.3 V,1847 rpm,1399 rpm,,800 rpm,800 rpm,1870 rpm,1867 rpm,1845 rpm,1851 rpm,1908 rpm,1844 rpm
2026-09-08 21:42:00,27.3 V,27.8 V,,27.4 V,27.4 V,27.6 V,27.2 V,27.2 V,27.4 V,27.2 V,27.2 V,1399 rpm,1880 rpm,,800 rpm,800 rpm,1833 rpm,1898 rpm,801 rpm,1880 rpm,1906 rpm,1867 rpm
2026-09-08 21:44:00,27.2 V,27.8 V,,26.9 V,26.7 V,27.6 V,27.2 V,27.2 V,27.3 V,27.1 V,27.3 V,1400 rpm,1887 rpm,,1400 rpm,1896 rpm,1830 rpm,1893 rpm,800 rpm,1899 rpm,1901 rpm,1857 rpm
2026-09-08 21:46:00,27.2 V,,,26.6 V,27.1 V,27.6 V,27.2 V,27.3 V,27.4 V,27.1 V,27.3 V,1828 rpm,1824 rpm,,1880 rpm,1868 rpm,1841 rpm,1836 rpm,1835 rpm,1843 rpm,1861 rpm,1843 rpm
2026-09-08 21:48:00,27.2 V,,,27.1 V,26.8 V,27.7 V,27.3 V,27.3 V,27.3 V,27.3 V,27.3 V,1846 rpm,1842 rpm,,1845 rpm,1868 rpm,1853 rpm,1897 rpm,1838 rpm,1875 rpm,800 rpm,1863 rpm
2026-09-08 21:50:00,27.3 V,,,26.5 V,27.2 V,27.6 V,27.3 V,27.1 V,27.4 V,27.3 V,27.3 V,1865 rpm,1841 rpm,,1893 rpm,1886 rpm,1849 rpm,1837 rpm,1903 rpm,1859 rpm,800 rpm,1864 rpm
2026-09-08 21:52:00,27.2 V,,,26.1 V,27.1 V,,27.3 V,27.2 V,27.5 V,27.3 V,27.3 V,1886 rpm,1896 rpm,,1813 rpm,1881 rpm,1905 rpm,1870 rpm,1856 rpm,800 rpm,801 rpm,1899 rpm
2026-09-08 21:54:00,27.2 V,27.8 V,,26.8 V,27.2 V,27.6 V,27.3 V,27.3 V,27.3 V,27.4 V,27.3 V,1841 rpm,1896 rpm,,1862 rpm,1866 rpm,1871 rpm,1844 rpm,1825 rpm,1845 rpm,800 rpm,1859 rpm
2026-09-08 21:56:00,27.1 V,,,27.2 V,27.3 V,27.6 V,27.3 V,27.3 V,27.3 V,27.2 V,27.3 V,1858 rpm,1901 rpm,,1842 rpm,1903 rpm,1791 rpm,1834 rpm,1911 rpm,1900 rpm,1911 rpm,1872 rpm
2026-09-08 21:58:00,27.2 V,,,26.6 V,27.2 V,27.7 V,27.2 V,27.3 V,27.5 V,27.2 V,27.3 V,1896 rpm,1847 rpm,,1852 rpm,1869 rpm,1893 rpm,1882 rpm,1838 rpm,800 rpm,1848 rpm,1897 rpm
2026-09-08 22:00:00,27.2 V,27.8 V,,26.5 V,26.8 V,27.6 V,27.3 V,27.3 V,27.4 V,26.9 V,27.3 V,1901 rpm,1835 rpm,,1830 rpm,1870 rpm,1901 rpm,1837 rpm,1841 rpm,1897 rpm,1901 rpm,1908 rpm
2026-09-08 22:02:00,27.3 V,,,26.5 V,27.2 V,27.7 V,27.0 V,27.3 V,27.4 V,27.2 V,27.3 V,1875 rpm,1877 rpm,,1860 rpm,1860 rpm,1902 rpm,1877 rpm,1844 rpm,1863 rpm,1858 rpm,1869 rpm
2026-09-08 22:04:00,27.1 V,27.8 V,,27.0 V,27.2 V,27.7 V,27.2 V,27.3 V,27.4 V,27.0 V,27.2 V,1849 rpm,1897 rpm,,1401 rpm,1886 rpm,1851 rpm,1874 rpm,800 rpm,1835 rpm,1896 rpm,1846 rpm
2026-09-08 22:06:00,27.2 V,27.8 V,,26.2 V,27.2 V,27.6 V,27.3 V,27.3 V,27.3 V,27.1 V,27.3 V,1861 rpm,1899 rpm,,1862 rpm,1880 rpm,1850 rpm,1837 rpm,1841 rpm,1886 rpm,1834 rpm,1886 rpm
2026-09-08 22:08:00,27.2 V,27.5 V,,26.7 V,27.3 V,27.6 V,27.2 V,27.2 V,27.4 V,27.3 V,27.3 V,1844 rpm,1853 rpm,,1842 rpm,1880 rpm,1900 rpm,1901 rpm,1842 rpm,1842 rpm,799 rpm,1894 rpm
2026-09-08 22:10:00,27.3 V,27.8 V,,26.5 V,27.3 V,,27.3 V,27.2 V,27.3 V,27.1 V,27.3 V,1863 rpm,1857 rpm,,1841 rpm,1882 rpm,1854 rpm,1829 rpm,1881 rpm,1849 rpm,1896 rpm,1864 rpm
2026-09-08 22:12:00,27.2 V,27.8 V,,27.0 V,27.4 V,,27.3 V,27.2 V,27.4 V,27.1 V,27.3 V,1854 rpm,1885 rpm,,1859 rpm,1859 rpm,1873 rpm,1856 rpm,1840 rpm,1873 rpm,1816 rpm,1853 rpm
2026-09-08 22:14:00,27.1 V,27.8 V,,27.1 V,27.0 V,27.7 V,27.3 V,27.3 V,27.4 V,27.1 V,27.2 V,1837 rpm,1842 rpm,,1861 rpm,1888 rpm,1852 rpm,1897 rpm,1840 rpm,1919 rpm,1859 rpm,1871 rpm
2026-09-08 22:16:00,27.2 V,27.8 V,,27.3 V,26.8 V,27.6 V,27.3 V,27.2 V,27.3 V,27.2 V,27.4 V,1885 rpm,1843 rpm,,801 rpm,1866 rpm,1885 rpm,1837 rpm,1901 rpm,1841 rpm,800 rpm,800 rpm
2026-09-08 22:18:00,27.2 V,,,27.2 V,27.2 V,27.6 V,27.2 V,27.3 V,27.5 V,27.3 V,27.2 V,1827 rpm,1878 rpm,,801 rpm,1872 rpm,1914 rpm,800 rpm,1838 rpm,801 rpm,801 rpm,1899 rpm
2026-09-08 22:20:00,27.2 V,27.8 V,,27.4 V,27.0 V,27.7 V,27.3 V,27.1 V,27.5 V,27.1 V,27.3 V,1872 rpm,1842 rpm,,799 rpm,1877 rpm,1846 rpm,1827 rpm,1865 rpm,800 rpm,1901 rpm,1834 rpm
2026-09-08 22:22:00,27.2 V,,,27.2 V,27.0 V,27.6 V,27.3 V,27.2 V,27.5 V,27.2 V,27.3 V,1894 rpm,1838 rpm,,800 rpm,1884 rpm,1868 rpm,1865 rpm,801 rpm,799 rpm,800 rpm,1856 rpm
2026-09-08 22:24:00,27.2 V,27.8 V,,27.0 V,27.1 V,27.6 V,27.3 V,27.2 V,27.6 V,27.1 V,27.3 V,1868 rpm,1845 rpm,,1843 rpm,1862 rpm,1902 rpm,1851 rpm,1840 rpm,800 rpm,1866 rpm,1863 rpm
2026-09-08 22:26:00,27.1 V,27.8 V,,26.1 V,27.4 V,27.6 V,27.3 V,27.3 V,27.6 V,27.1 V,27.1 V,1869 rpm,1400 rpm,,1848 rpm,1849 rpm,1906 rpm,1851 rpm,1836 rpm,799 rpm,1845 rpm,1902 rpm
2026-09-08 22:28:00,27.1 V,27.5 V,,27.3 V,27.0 V,27.6 V,27.2 V,27.3 V,27.6 V,27.3 V,27.3 V,1825 rpm,1865 rpm,,1400 rpm,1886 rpm,1896 rpm,1837 rpm,1892 rpm,799 rpm,800 rpm,1843 rpm
2026-09-08 22:30:00,27.2 V,27.8 V,,27.1 V,26.8 V,27.6 V,27.3 V,27.3 V,27.3 V,27.1 V,27.2 V,1833 rpm,1889 rpm,,1849 rpm,1873 rpm,1896 rpm,1812 rpm,1900 rpm,1898 rpm,1807 rpm,1902 rpm
2026-09-08 22:32:00,27.2 V,,,27.1 V,27.2 V,27.6 V,27.3 V,27.3 V,27.3 V,27.0 V,27.3 V,1850 rpm,1874 rpm,,1820 rpm,1886 rpm,1851 rpm,1837 rpm,1844 rpm,1869 rpm,1902 rpm,1823 rpm
2026-09-08 22:34:00,27.2 V,27.8 V,,26.6 V,27.0 V,27.6 V,27.3 V,27.2 V,27.4 V,27.1 V,27.3 V,1400 rpm,1902 rpm,,1400 rpm,1880 rpm,1838 rpm,1894 rpm,800 rpm,1868 rpm,1880 rpm,1902 rpm
2026-09-08 22:36:00,27.1 V,27.8 V,,26.7 V,26.8 V,27.6 V,27.3 V,27.3 V,27.4 V,27.2 V,27.3 V,1877 rpm,1856 rpm,,1840 rpm,1890 rpm,1858 rpm,1861 rpm,799 rpm,1888 rpm,1872 rpm,1879 rpm
2026-09-08 22:38:00,27.2 V,,,26.7 V,26.8 V,27.6 V,27.2 V,27.2 V,27.4 V,27.3 V,27.3 V,1930 rpm,1843 rpm,,1834 rpm,1895 rpm,1866 rpm,1862 rpm,1845 rpm,1897 rpm,800 rpm,1828 rpm
2026-09-08 22:40:00,27.2 V,27.7 V,,27.1 V,27.2 V,27.6 V,27.3 V,27.3 V,27.4 V,27.3 V,27.2 V,1850 rpm,1889 rpm,,1898 rpm,1400 rpm,1872 rpm,1902 rpm,1846 rpm,1850 rpm,800 rpm,1899 rpm
2026-09-08 22:42:00,27.1 V,27.8 V,,26.8 V,27.2 V,27.6 V,27.3 V,27.2 V,27.4 V,27.3 V,27.3 V,1841 rpm,1871 rpm,,1869 rpm,1400 rpm,1839 rpm,1901 rpm,1900 rpm,1874 rpm,800 rpm,1840 rpm
2026-09-08 22:44:00,27.2 V,27.7 V,,26.8 V,27.1 V,27.6 V,27.2 V,27.2 V,27.3 V,27.1 V,27.2 V,799 rpm,1853 rpm,,1871 rpm,1400 rpm,1867 rpm,1866 rpm,1851 rpm,1879 rpm,1736 rpm,1847 rpm
2026-09-08 22:46:00,27.2 V,27.8 V,,27.2 V,27.1 V,27.6 V,27.3 V,27.2 V,27.3 V,27.1 V,27.3 V,1877 rpm,1862 rpm,,1886 rpm,1400 rpm,1895 rpm,1864 rpm,1816 rpm,1865 rpm,1849 rpm,1840 rpm
2026-09-08 22:48:00,27.2 V,,,26.8 V,27.4 V,27.6 V,27.2 V,27.2 V,27.3 V,27.2 V,27.3 V,1847 rpm,1833 rpm,,1843 rpm,800 rpm,1854 rpm,1845 rpm,1902 rpm,1858 rpm,1829 rpm,1831 rpm
2026-09-08 22:50:00,27.2 V,27.8 V,,27.0 V,27.4 V,27.6 V,27.3 V,27.3 V,27.3 V,27.2 V,27.2 V,1862 rpm,1400 rpm,,1842 rpm,800 rpm,1868 rpm,1858 rpm,1868 rpm,1838 rpm,1905 rpm,1855 rpm
2026-09-08 22:52:00,27.2 V,27.8 V,,26.9 V,26.9 V,27.6 V,27.2 V,27.3 V,27.4 V,27.2 V,27.2 V,1887 rpm,800 rpm,,1843 rpm,1850 rpm,1825 rpm,1879 rpm,1871 rpm,1865 rpm,1842 rpm,1872 rpm
2026-09-08 22:54:00,27.2 V,27.8 V,,26.2 V,26.7 V,27.7 V,27.2 V,27.2 V,27.4 V,27.1 V,27.2 V,801 rpm,1859 rpm,,1863 rpm,1859 rpm,1836 rpm,1858 rpm,1884 rpm,1843 rpm,1831 rpm,1856 rpm
2026-09-08 22:56:00,27.2 V,27.8 V,,26.8 V,27.3 V,27.5 V,27.2 V,27.2 V,27.4 V,27.0 V,27.2 V,801 rpm,1896 rpm,,1844 rpm,1883 rpm,1894 rpm,1846 rpm,1897 rpm,1898 rpm,1844 rpm,1870 rpm
2026-09-08 22:58:00,27.2 V,,,26.7 V,27.3 V,27.6 V,27.2 V,27.3 V,27.4 V,27.2 V,27.2 V,1857 rpm,1846 rpm,,1851 rpm,1868 rpm,1857 rpm,1833 rpm,1830 rpm,1850 rpm,1887 rpm,1826 rpm
2026-09-08 23:00:00,27.2 V,27.8 V,,26.4 V,27.3 V,27.6 V,27.2 V,27.1 V,27.4 V,27.3 V,27.3 V,1885 rpm,1837 rpm,,1836 rpm,1843 rpm,1901 rpm,1845 rpm,1834 rpm,1904 rpm,801 rpm,1866 rpm
2026-09-08 23:02:00,27.2 V,,,26.1 V,27.2 V,27.6 V,27.2 V,27.3 V,27.4 V,27.3 V,27.2 V,1851 rpm,1834 rpm,,1871 rpm,1887 rpm,1877 rpm,1838 rpm,1900 rpm,1866 rpm,800 rpm,1856 rpm
2026-09-08 23:04:00,27.2 V,27.5 V,,26.7 V,27.3 V,27.6 V,27.2 V,27.2 V,27.4 V,27.4 V,27.3 V,1901 rpm,1896 rpm,,1890 rpm,1860 rpm,1895 rpm,1830 rpm,1839 rpm,1867 rpm,800 rpm,1860 rpm
2026-09-08 23:06:00,27.1 V,27.8 V,,26.4 V,27.3 V,27.6 V,27.2 V,27.3 V,27.4 V,27.4 V,27.3 V,1841 rpm,1842 rpm,,1860 rpm,1851 rpm,801 rpm,1854 rpm,1838 rpm,1840 rpm,800 rpm,1861 rpm
2026-09-08 23:08:00,27.2 V,,,27.2 V,27.4 V,27.6 V,27.3 V,27.3 V,27.3 V,27.3 V,27.2 V,1849 rpm,1841 rpm,,1886 rpm,1858 rpm,1400 rpm,1836 rpm,1869 rpm,1867 rpm,800 rpm,1868 rpm
2026-09-08 23:10:00,27.2 V,27.8 V,,26.0 V,27.3 V,27.6 V,27.2 V,27.2 V,27.4 V,27.1 V,27.3 V,1401 rpm,1810 rpm,,1891 rpm,1850 rpm,1401 rpm,1899 rpm,1889 rpm,1843 rpm,1901 rpm,1847 rpm
2026-09-08 23:12:00,27.2 V,,,26.2 V,26.7 V,27.6 V,27.3 V,27.2 V,27.4 V,27.2 V,27.3 V,1855 rpm,1844 rpm,,1881 rpm,1855 rpm,1400 rpm,1899 rpm,1818 rpm,1897 rpm,1890 rpm,1862 rpm
2026-09-08 23:14:00,27.2 V,27.8 V,,26.8 V,27.0 V,27.6 V,27.2 V,27.3 V,27.4 V,27.2 V,27.2 V,1844 rpm,1839 rpm,,1889 rpm,1875 rpm,1399 rpm,1864 rpm,1874 rpm,1852 rpm,1870 rpm,1879 rpm
2026-09-08 23:16:00,27.2 V,27.8 V,,26.3 V,26.9 V,27.6 V,27.2 V,27.3 V,27.3 V,27.3 V,27.3 V,1839 rpm,1846 rpm,,1895 rpm,1836 rpm,1885 rpm,1908 rpm,1844 rpm,1863 rpm,799 rpm,1893 rpm
2026-09-08 23:18:00,27.2 V,,,26.9 V,27.3 V,27.6 V,27.3 V,27.3 V,27.3 V,27.4 V,27.2 V,1823 rpm,1842 rpm,,1400 rpm,1835 rpm,1845 rpm,1904 rpm,1839 rpm,1912 rpm,800 rpm,1839 rpm
2026-09-08 23:20:00,27.2 V,27.8 V,,26.7 V,27.0 V,27.6 V,27.2 V,27.2 V,27.3 V,27.4 V,27.2 V,1897 rpm,1400 rpm,,1842 rpm,1870 rpm,1865 rpm,800 rpm,1900 rpm,1874 rpm,800 rpm,1843 rpm
2026-09-08 23:22:00,27.3 V,27.8 V,,26.2 V,26.7 V,27.6 V,27.1 V,27.3 V,27.4 V,27.3 V,27.2 V,1919 rpm,1399 rpm,,1887 rpm,1852 rpm,1820 rpm,800 rpm,1839 rpm,1870 rpm,799 rpm,1869 rpm
2026-09-08 23:24:00,27.3 V,27.8 V,,26.2 V,27.3 V,27.6 V,27.2 V,27.2 V,27.4 V,27.3 V,27.3 V,800 rpm,1400 rpm,,1771 rpm,1893 rpm,1865 rpm,799 rpm,1829 rpm,1900 rpm,1399 rpm,1867 rpm
2026-09-08 23:26:00,27.2 V,27.8 V,,26.3 V,27.2 V,27.6 V,27.2 V,27.2 V,27.4 V,27.1 V,27.3 V,800 rpm,1841 rpm,,1835 rpm,1884 rpm,1896 rpm,1895 rpm,1904 rpm,1848 rpm,1884 rpm,1831 rpm
2026-09-08 23:28:00,27.3 V,,,26.3 V,26.8 V,27.6 V,27.3 V,27.2 V,27.2 V,27.1 V,27.3 V,800 rpm,1829 rpm,,1815 rpm,1905 rpm,799 rpm,1853 rpm,1899 rpm,1854 rpm,1871 rpm,1842 rpm
2026-09-08 23:30:00,27.3 V,27.8 V,,26.9 V,27.1 V,27.6 V,27.3 V,27.2 V,27.3 V,27.2 V,27.4 V,801 rpm,1901 rpm,,1841 rpm,1858 rpm,1899 rpm,1843 rpm,1841 rpm,1902 rpm,1858 rpm,800 rpm
2026-09-08 23:32:00,27.3 V,,,26.3 V,27.2 V,27.6 V,27.3 V,27.3 V,27.3 V,27.1 V,27.2 V,801 rpm,1859 rpm,,1841 rpm,1852 rpm,1855 rpm,1850 rpm,1872 rpm,1844 rpm,1854 rpm,1899 rpm
2026-09-08 23:34:00,27.3 V,27.8 V,,26.2 V,27.2 V,27.6 V,27.3 V,27.2 V,27.3 V,27.1 V,27.3 V,800 rpm,1907 rpm,,1791 rpm,1868 rpm,1902 rpm,1842 rpm,1840 rpm,1900 rpm,1846 rpm,1899 rpm
2026-09-08 23:36:00,27.3 V,27.8 V,,26.2 V,26.9 V,27.6 V,27.3 V,27.2 V,27.3 V,27.1 V,27.4 V,800 rpm,1857 rpm,,1863 rpm,1880 rpm,1823 rpm,1834 rpm,1839 rpm,1803 rpm,1856 rpm,1903 rpm
2026-09-08 23:38:00,27.3 V,,,26.3 V,26.7 V,27.6 V,27.3 V,27.3 V,27.2 V,27.1 V,27.4 V,800 rpm,1879 rpm,,1398 rpm,1842 rpm,1836 rpm,1855 rpm,1910 rpm,1864 rpm,1845 rpm,1889 rpm
2026-09-08 23:40:00,27.3 V,27.8 V,,27.0 V,26.8 V,27.6 V,27.3 V,27.2 V,27.3 V,27.1 V,27.3 V,800 rpm,799 rpm,,1893 rpm,1911 rpm,1843 rpm,1856 rpm,1897 rpm,1856 rpm,1844 rpm,1900 rpm
2026-09-08 23:42:00,27.3 V,,,26.9 V,26.7 V,,27.3 V,27.2 V,27.3 V,27.2 V,27.3 V,799 rpm,799 rpm,,1870 rpm,1890 rpm,1832 rpm,1890 rpm,1838 rpm,1805 rpm,1850 rpm,1861 rpm
2026-09-08 23:44:00,27.3 V,27.8 V,,27.2 V,27.2 V,27.6 V,27.3 V,27.3 V,27.3 V,27.1 V,27.3 V,800 rpm,1902 rpm,,1895 rpm,1907 rpm,1829 rpm,1874 rpm,1838 rpm,1858 rpm,1896 rpm,1899 rpm
2026-09-08 23:46:00,27.3 V,27.8 V,,26.9 V,27.1 V,27.6 V,27.3 V,27.3 V,27.2 V,27.0 V,27.3 V,800 rpm,1850 rpm,,1843 rpm,1890 rpm,1836 rpm,1840 rpm,1852 rpm,1859 rpm,1878 rpm,1867 rpm
2026-09-08 23:48:00,27.3 V,,,27.0 V,26.7 V,27.6 V,27.3 V,27.2 V,27.3 V,27.2 V,27.3 V,800 rpm,1865 rpm,,1248 rpm,1892 rpm,1836 rpm,1845 rpm,1873 rpm,1837 rpm,1847 rpm,1874 rpm
2026-09-08 23:50:00,27.4 V,27.7 V,,27.4 V,27.2 V,27.6 V,27.3 V,27.2 V,27.3 V,27.0 V,27.4 V,800 rpm,1842 rpm,,800 rpm,1851 rpm,1865 rpm,1851 rpm,1902 rpm,1863 rpm,1872 rpm,1854 rpm
2026-09-08 23:52:00,27.4 V,,,27.2 V,27.0 V,27.6 V,27.2 V,27.2 V,27.3 V,27.1 V,27.3 V,800 rpm,1899 rpm,,799 rpm,1822 rpm,1900 rpm,1837 rpm,1887 rpm,1858 rpm,1840 rpm,1908 rpm
2026-09-08 23:54:00,27.4 V,27.8 V,,26.7 V,26.9 V,27.6 V,27.2 V,27.2 V,27.3 V,27.1 V,27.3 V,800 rpm,1860 rpm,,1822 rpm,1851 rpm,1896 rpm,1889 rpm,1862 rpm,1861 rpm,1914 rpm,1860 rpm
2026-09-08 23:56:00,27.4 V,27.8 V,,26.5 V,27.0 V,27.6 V,27.3 V,27.2 V,27.3 V,27.2 V,27.4 V,1895 rpm,1845 rpm,,1846 rpm,1860 rpm,1901 rpm,1837 rpm,1902 rpm,1872 rpm,1697 rpm,1844 rpm
2026-09-08 23:58:00,27.4 V,,,27.4 V,26.9 V,27.6 V,27.3 V,27.3 V,27.3 V,27.0 V,27.3 V,1849 rpm,1841 rpm,,1863 rpm,1839 rpm,1899 rpm,1891 rpm,1870 rpm,1878 rpm,1691 rpm,1830 rpm
2026-09-09 00:00:00,27.4 V,27.8 V,,26.5 V,26.8 V,27.6 V,27.3 V,27.2 V,27.3 V,27.1 V,27.3 V,1400 rpm,1857 rpm,,1842 rpm,1819 rpm,1835 rpm,1907 rpm,1849 rpm,1898 rpm,1674 rpm,1855 rpm
2026-09-09 00:02:00,27.4 V,27.8 V,,26.5 V,27.0 V,27.6 V,27.3 V,27.2 V,27.3 V,27.1 V,26.8 V,1901 rpm,1871 rpm,,1856 rpm,1852 rpm,1893 rpm,1831 rpm,1874 rpm,1885 rpm,1801 rpm,1832 rpm
2026-09-09 00:04:00,27.4 V,27.7 V,,26.6 V,26.8 V,27.6 V,27.3 V,27.3 V,26.0 V,27.1 V,27.3 V,1400 rpm,1899 rpm,,1850 rpm,1844 rpm,1847 rpm,1903 rpm,1837 rpm,801 rpm,1892 rpm,1842 rpm
2026-09-09 00:06:00,27.4 V,27.8 V,,26.5 V,27.3 V,27.6 V,27.2 V,27.2 V,27.4 V,27.0 V,27.4 V,1869 rpm,1863 rpm,,1899 rpm,1886 rpm,1858 rpm,1879 rpm,1879 rpm,800 rpm,1901 rpm,800 rpm
2026-09-09 00:08:00,27.4 V,,,26.5 V,26.8 V,27.6 V,25.1 V,27.3 V,27.2 V,27.1 V,27.5 V,1851 rpm,1863 rpm,,1878 rpm,1881 rpm,1800 rpm,801 rpm,1863 rpm,1869 rpm,1894 rpm,800 rpm
2026-09-09 00:10:00,27.4 V,27.8 V,,27.0 V,26.8 V,27.6 V,27.2 V,27.3 V,27.2 V,27.3 V,27.5 V,1852 rpm,1854 rpm,,1851 rpm,1839 rpm,1862 rpm,800 rpm,1903 rpm,1898 rpm,800 rpm,800 rpm
2026-09-09 00:12:00,27.3 V,27.8 V,,27.5 V,25.7 V,,27.3 V,27.3 V,27.2 V,26.0 V,27.4 V,1902 rpm,1861 rpm,,799 rpm,0 rpm,1908 rpm,1836 rpm,1819 rpm,1901 rpm,799 rpm,800 rpm
2026-09-09 00:14:00,27.3 V,27.8 V,,27.4 V,25.7 V,27.6 V,27.2 V,27.2 V,27.2 V,27.2 V,27.4 V,1869 rpm,1399 rpm,,800 rpm,0 rpm,1867 rpm,1901 rpm,1841 rpm,1903 rpm,800 rpm,800 rpm
2026-09-09 00:16:00,27.3 V,,,27.4 V,25.7 V,,27.3 V,27.3 V,27.3 V,27.2 V,27.3 V,1843 rpm,1400 rpm,,800 rpm,0 rpm,1881 rpm,1898 rpm,1843 rpm,1838 rpm,,1820 rpm
2026-09-09 00:18:00,27.3 V,,,27.3 V,25.7 V,27.6 V,27.2 V,27.3 V,27.2 V,27.3 V,27.3 V,1882 rpm,1868 rpm,,801 rpm,0 rpm,1898 rpm,1900 rpm,1884 rpm,1899 rpm,,1899 rpm
2026-09-09 00:20:00,27.3 V,27.8 V,,27.3 V,,27.6 V,27.3 V,27.3 V,27.2 V,,27.4 V,1882 rpm,1399 rpm,,1839 rpm,,1868 rpm,1869 rpm,1838 rpm,1860 rpm,,801 rpm
2026-09-09 00:22:00,27.4 V,,,26.8 V,,27.6 V,27.2 V,27.3 V,27.3 V,,27.4 V,800 rpm,1401 rpm,,1851 rpm,,1817 rpm,1837 rpm,1900 rpm,1842 rpm,,800 rpm
2026-09-09 00:24:00,27.4 V,27.8 V,,26.5 V,,27.6 V,27.3 V,27.3 V,27.3 V,,27.3 V,1901 rpm,1893 rpm,,1837 rpm,,1860 rpm,1849 rpm,1868 rpm,1901 rpm,,800 rpm
2026-09-09 00:26:00,,27.8 V,,27.2 V,,27.6 V,27.3 V,27.3 V,27.2 V,,27.3 V,,1845 rpm,,1843 rpm,800 rpm,1845 rpm,1875 rpm,1898 rpm,1860 rpm,,1901 rpm
2026-09-09 00:28:00,,27.8 V,,27.0 V,,27.6 V,27.3 V,27.3 V,27.2 V,,27.2 V,,1845 rpm,,1835 rpm,,1857 rpm,1870 rpm,1898 rpm,1839 rpm,,1905 rpm
2026-09-09 00:30:00,,27.8 V,,26.6 V,25.7 V,27.6 V,27.3 V,27.2 V,27.3 V,,27.3 V,,1899 rpm,,1838 rpm,0 rpm,1876 rpm,1841 rpm,1873 rpm,1878 rpm,,1840 rpm
2026-09-09 00:32:00,,,,27.1 V,25.7 V,26.3 V,27.3 V,25.5 V,27.3 V,26.0 V,27.3 V,,1847 rpm,,1895 rpm,0 rpm,800 rpm,1900 rpm,800 rpm,1841 rpm,,1842 rpm
2026-09-09 00:34:00,,27.8 V,,23.8 V,25.7 V,27.6 V,27.3 V,25.5 V,27.3 V,,27.3 V,,1904 rpm,,1847 rpm,0 rpm,800 rpm,1838 rpm,0 rpm,1841 rpm,,1854 rpm
2026-09-09 00:36:00,,27.8 V,,27.4 V,25.7 V,,27.3 V,27.3 V,27.3 V,,27.3 V,,1899 rpm,,800 rpm,0 rpm,1866 rpm,1858 rpm,800 rpm,1861 rpm,,1843 rpm
2026-09-09 00:38:00,,27.8 V,,27.4 V,25.6 V,27.6 V,27.3 V,27.3 V,27.4 V,27.2 V,27.4 V,,1875 rpm,,800 rpm,0 rpm,1885 rpm,1851 rpm,800 rpm,800 rpm,800 rpm,1900 rpm
2026-09-09 00:40:00,,27.8 V,,26.8 V,25.8 V,27.6 V,27.3 V,,27.4 V,27.4 V,27.2 V,0 rpm,1893 rpm,,1742 rpm,0 rpm,1850 rpm,1868 rpm,,1870 rpm,800 rpm,1868 rpm
2026-09-09 00:42:00,,27.8 V,,27.2 V,27.2 V,27.6 V,27.3 V,,27.4 V,27.3 V,27.2 V,,1896 rpm,,1869 rpm,800 rpm,1900 rpm,1836 rpm,,800 rpm,800 rpm,1865 rpm
2026-09-09 00:44:00,,27.8 V,,26.6 V,27.2 V,27.6 V,27.3 V,,27.5 V,27.2 V,27.3 V,,1890 rpm,,1894 rpm,800 rpm,1830 rpm,1820 rpm,,800 rpm,1868 rpm,1860 rpm
2026-09-09 00:46:00,,27.8 V,,27.0 V,27.3 V,27.6 V,27.3 V,,27.4 V,27.2 V,27.3 V,,1895 rpm,,1884 rpm,800 rpm,1834 rpm,1885 rpm,,800 rpm,1899 rpm,1904 rpm
2026-09-09 00:48:00,,27.8 V,,27.1 V,,27.6 V,27.3 V,,27.5 V,27.3 V,27.3 V,,1898 rpm,,1871 rpm,,1837 rpm,1833 rpm,,800 rpm,1848 rpm,1873 rpm
2026-09-09 00:50:00,,27.8 V,,26.3 V,,27.6 V,27.2 V,,27.4 V,27.2 V,27.3 V,,1880 rpm,,1875 rpm,,1897 rpm,1899 rpm,,800 rpm,1889 rpm,1910 rpm
2026-09-09 00:52:00,,,,26.6 V,,27.6 V,27.3 V,,27.3 V,27.2 V,27.3 V,,1825 rpm,,1832 rpm,,1808 rpm,1829 rpm,,1838 rpm,1884 rpm,1840 rpm
2026-09-09 00:54:00,,27.8 V,,27.0 V,,27.6 V,27.3 V,,27.3 V,27.3 V,27.3 V,,1909 rpm,,1906 rpm,,1895 rpm,1842 rpm,,1865 rpm,1898 rpm,1844 rpm
2026-09-09 00:56:00,,27.8 V,,27.2 V,,27.6 V,27.3 V,,27.3 V,27.2 V,27.3 V,,1857 rpm,,1885 rpm,,1862 rpm,1833 rpm,,1923 rpm,1888 rpm,1868 rpm
2026-09-09 00:58:00,,27.8 V,,26.5 V,,27.6 V,27.3 V,,27.5 V,27.2 V,27.3 V,,1863 rpm,,1837 rpm,,1894 rpm,1834 rpm,,800 rpm,1872 rpm,1832 rpm
2026-09-09 01:00:00,,27.8 V,,26.9 V,,27.6 V,27.3 V,,27.4 V,27.2 V,27.2 V,,1900 rpm,,1401 rpm,,1860 rpm,1844 rpm,,799 rpm,1871 rpm,1856 rpm
2026-09-09 01:02:00,,27.8 V,,27.0 V,,27.6 V,27.3 V,,27.4 V,27.3 V,27.3 V,,1869 rpm,,1399 rpm,,1904 rpm,1876 rpm,,800 rpm,1861 rpm,1861 rpm
2026-09-09 01:04:00,,27.8 V,,26.4 V,,27.6 V,27.3 V,,27.5 V,27.3 V,27.3 V,,1856 rpm,,1897 rpm,,800 rpm,1837 rpm,,800 rpm,1888 rpm,1903 rpm
2026-09-09 01:06:00,,27.8 V,,27.0 V,,27.6 V,27.3 V,,27.2 V,27.3 V,27.3 V,,1878 rpm,,1399 rpm,,800 rpm,1855 rpm,,1878 rpm,1862 rpm,1846 rpm
2026-09-09 01:08:00,,27.8 V,,27.1 V,,27.6 V,27.2 V,,27.3 V,27.3 V,27.4 V,,1837 rpm,,1401 rpm,,801 rpm,1876 rpm,1895 rpm,1842 rpm,1850 rpm,1906 rpm
2026-09-09 01:10:00,,27.8 V,,26.8 V,,27.6 V,27.3 V,,27.3 V,27.4 V,27.4 V,,1842 rpm,,1400 rpm,,800 rpm,1867 rpm,0 rpm,1864 rpm,1399 rpm,1816 rpm
2026-09-09 01:12:00,,27.8 V,,27.0 V,,27.6 V,27.3 V,26.4 V,27.3 V,27.2 V,27.3 V,,1900 rpm,,1400 rpm,,800 rpm,1850 rpm,800 rpm,1843 rpm,1843 rpm,1842 rpm
2026-09-09 01:14:00,,27.8 V,,26.9 V,,27.6 V,27.3 V,27.2 V,27.3 V,27.3 V,27.3 V,,1775 rpm,,1401 rpm,,1869 rpm,1903 rpm,1904 rpm,1832 rpm,1832 rpm,1844 rpm
2026-09-09 01:16:00,,,,27.2 V,,27.6 V,27.3 V,27.3 V,27.3 V,27.3 V,27.3 V,,1848 rpm,,1401 rpm,,1842 rpm,1832 rpm,1867 rpm,1866 rpm,1879 rpm,1872 rpm
2026-09-09 01:18:00,,,,26.7 V,,27.6 V,27.3 V,27.3 V,27.4 V,27.4 V,27.3 V,,1841 rpm,,1432 rpm,,1893 rpm,1902 rpm,1845 rpm,1463 rpm,1400 rpm,1891 rpm
2026-09-09 01:20:00,,27.8 V,,27.2 V,,27.6 V,27.3 V,27.3 V,27.5 V,27.2 V,27.3 V,,1868 rpm,,1902 rpm,,1897 rpm,1823 rpm,1872 rpm,800 rpm,1805 rpm,1860 rpm
2026-09-09 01:22:00,,,,26.9 V,,27.6 V,27.3 V,27.3 V,27.5 V,27.3 V,27.3 V,,1841 rpm,,1852 rpm,,1894 rpm,1846 rpm,1846 rpm,801 rpm,1864 rpm,1836 rpm
2026-09-09 01:24:00,,27.8 V,,27.0 V,,27.6 V,27.2 V,27.3 V,27.5 V,26.9 V,27.3 V,,1399 rpm,,1865 rpm,,1852 rpm,800 rpm,1857 rpm,801 rpm,1875 rpm,1855 rpm
2026-09-09 01:26:00,,27.8 V,,27.2 V,,27.6 V,27.3 V,27.3 V,27.5 V,27.2 V,27.3 V,,1400 rpm,,1884 rpm,,1844 rpm,800 rpm,1860 rpm,800 rpm,1843 rpm,1901 rpm
2026-09-09 01:28:00,,,,26.5 V,,27.6 V,27.3 V,27.2 V,27.5 V,27.3 V,27.4 V,,1874 rpm,,1856 rpm,,1870 rpm,799 rpm,1905 rpm,800 rpm,1910 rpm,1399 rpm
2026-09-09 01:30:00,,27.8 V,,26.2 V,,27.6 V,27.3 V,27.3 V,27.5 V,27.1 V,27.3 V,0 rpm,1842 rpm,,1848 rpm,,1865 rpm,1864 rpm,1864 rpm,800 rpm,1851 rpm,1841 rpm
2026-09-09 01:32:00,,,,27.1 V,,27.6 V,27.3 V,27.3 V,27.5 V,27.1 V,27.4 V,,1890 rpm,,1837 rpm,,1828 rpm,1905 rpm,1838 rpm,800 rpm,1853 rpm,1842 rpm
2026-09-09 01:34:00,27.4 V,27.8 V,,26.4 V,,27.6 V,27.3 V,27.3 V,27.3 V,27.3 V,27.4 V,1850 rpm,1914 rpm,,1853 rpm,,1835 rpm,1834 rpm,1861 rpm,1834 rpm,1859 rpm,1908 rpm
2026-09-09 01:36:00,27.3 V,27.8 V,,27.1 V,,27.6 V,27.3 V,27.3 V,27.4 V,27.2 V,27.1 V,1843 rpm,1845 rpm,,1842 rpm,,1810 rpm,1899 rpm,1855 rpm,1872 rpm,1870 rpm,1842 rpm
2026-09-09 01:38:00,27.4 V,,,27.2 V,,27.6 V,27.3 V,27.3 V,27.4 V,26.8 V,26.8 V,1903 rpm,1899 rpm,,1874 rpm,,1833 rpm,1871 rpm,1832 rpm,1821 rpm,1901 rpm,1865 rpm
2026-09-09 01:40:00,27.0 V,27.8 V,,26.5 V,,27.6 V,27.3 V,27.3 V,27.3 V,27.2 V,27.3 V,1877 rpm,1901 rpm,,1888 rpm,,1839 rpm,799 rpm,1878 rpm,1838 rpm,1837 rpm,1872 rpm
2026-09-09 01:42:00,27.3 V,,,27.1 V,,27.6 V,24.1 V,27.3 V,27.3 V,27.3 V,,1843 rpm,1846 rpm,,1844 rpm,,1890 rpm,799 rpm,1847 rpm,1852 rpm,1896 rpm,
2026-09-09 01:44:00,27.3 V,27.8 V,,26.7 V,,27.6 V,27.3 V,27.3 V,27.3 V,27.3 V,,1854 rpm,1868 rpm,,1883 rpm,,1897 rpm,1836 rpm,1902 rpm,1868 rpm,1400 rpm,
2026-09-09 01:46:00,27.3 V,,,27.1 V,,27.6 V,27.3 V,27.3 V,27.4 V,27.3 V,,1886 rpm,1844 rpm,,1830 rpm,,1901 rpm,800 rpm,1825 rpm,1896 rpm,1830 rpm,
2026-09-09 01:48:00,27.3 V,,,27.1 V,,27.6 V,27.3 V,27.3 V,27.3 V,27.3 V,,1843 rpm,1901 rpm,,1874 rpm,,801 rpm,1848 rpm,1831 rpm,1888 rpm,1841 rpm,
2026-09-09 01:50:00,27.3 V,27.8 V,,26.7 V,,27.6 V,27.3 V,27.2 V,27.4 V,26.9 V,,1876 rpm,1839 rpm,,1824 rpm,,1866 rpm,1855 rpm,1853 rpm,1845 rpm,1839 rpm,
2026-09-09 01:52:00,27.3 V,27.8 V,,27.2 V,,27.6 V,27.3 V,27.3 V,27.3 V,27.3 V,,1865 rpm,1839 rpm,,1836 rpm,,800 rpm,1844 rpm,1866 rpm,1844 rpm,1899 rpm,
2026-09-09 01:54:00,26.9 V,27.8 V,,26.5 V,,27.6 V,27.3 V,27.2 V,27.3 V,27.3 V,,1891 rpm,1401 rpm,,1853 rpm,,800 rpm,1898 rpm,1869 rpm,1904 rpm,1923 rpm,
2026-09-09 01:56:00,27.3 V,27.8 V,,27.2 V,,27.0 V,27.3 V,27.3 V,27.3 V,27.2 V,,1887 rpm,1897 rpm,,1831 rpm,,800 rpm,1861 rpm,1846 rpm,1888 rpm,1878 rpm,
2026-09-09 01:58:00,27.3 V,,,26.4 V,,27.6 V,27.3 V,27.2 V,27.3 V,27.2 V,,1868 rpm,1868 rpm,,1812 rpm,,1858 rpm,1844 rpm,1917 rpm,1838 rpm,1823 rpm,
2026-09-09 02:00:00,27.3 V,27.8 V,,26.9 V,,27.6 V,27.3 V,27.2 V,27.2 V,27.4 V,,1884 rpm,1907 rpm,,1901 rpm,,1855 rpm,800 rpm,1842 rpm,1901 rpm,1400 rpm,
2026-09-09 02:02:00,27.4 V,27.8 V,,27.1 V,,27.6 V,27.3 V,27.2 V,27.3 V,27.3 V,,1901 rpm,1887 rpm,,1838 rpm,,1835 rpm,800 rpm,1863 rpm,1828 rpm,1860 rpm,
2026-09-09 02:04:00,27.4 V,26.6 V,,26.4 V,,27.6 V,27.3 V,27.2 V,27.2 V,27.2 V,,1855 rpm,801 rpm,,1839 rpm,,1854 rpm,800 rpm,798 rpm,1904 rpm,1900 rpm,
2026-09-09 02:06:00,27.4 V,27.6 V,,27.0 V,,27.7 V,27.4 V,27.2 V,27.3 V,27.2 V,,1843 rpm,800 rpm,,1851 rpm,,1820 rpm,1898 rpm,800 rpm,1850 rpm,1867 rpm,
2026-09-09 02:08:00,27.3 V,,,26.4 V,,27.7 V,27.4 V,27.2 V,27.3 V,27.3 V,,1861 rpm,800 rpm,,1904 rpm,,800 rpm,1836 rpm,800 rpm,1894 rpm,1861 rpm,
2026-09-09 02:10:00,27.3 V,27.6 V,,27.3 V,,26.2 V,27.3 V,27.2 V,27.3 V,27.2 V,26.8 V,1856 rpm,800 rpm,,1895 rpm,,1843 rpm,1838 rpm,800 rpm,1899 rpm,1850 rpm,800 rpm
2026-09-09 02:12:00,27.3 V,,,27.1 V,,,27.3 V,27.2 V,27.3 V,27.4 V,,1879 rpm,799 rpm,,1872 rpm,,1855 rpm,1846 rpm,1900 rpm,1852 rpm,1400 rpm,
2026-09-09 02:14:00,27.4 V,27.6 V,,27.2 V,,,27.4 V,27.3 V,27.3 V,27.4 V,27.3 V,1853 rpm,1845 rpm,,1838 rpm,,,1839 rpm,1832 rpm,1903 rpm,1401 rpm,1859 rpm
2026-09-09 02:16:00,27.4 V,27.6 V,,27.2 V,,27.6 V,27.3 V,27.3 V,27.3 V,27.4 V,27.3 V,1842 rpm,1792 rpm,,1400 rpm,,1869 rpm,1838 rpm,1840 rpm,1872 rpm,1401 rpm,1901 rpm
2026-09-09 02:18:00,27.4 V,,,26.7 V,,27.6 V,27.3 V,27.2 V,27.3 V,27.4 V,27.3 V,1833 rpm,1400 rpm,,1400 rpm,,1873 rpm,1863 rpm,1840 rpm,1841 rpm,1904 rpm,1884 rpm
2026-09-09 02:20:00,27.4 V,27.7 V,,27.3 V,,27.6 V,27.3 V,26.9 V,27.3 V,27.3 V,27.3 V,1864 rpm,1903 rpm,,1400 rpm,,1899 rpm,1866 rpm,1859 rpm,1887 rpm,1871 rpm,1878 rpm
2026-09-09 02:22:00,27.4 V,,,26.7 V,,27.6 V,27.3 V,27.3 V,27.1 V,27.3 V,27.3 V,1878 rpm,1842 rpm,,1899 rpm,,1871 rpm,1838 rpm,1903 rpm,800 rpm,1878 rpm,1843 rpm
2026-09-09 02:24:00,27.3 V,27.7 V,,26.7 V,,27.6 V,27.3 V,27.2 V,25.8 V,27.3 V,27.3 V,1815 rpm,1399 rpm,,1400 rpm,,1838 rpm,1892 rpm,1875 rpm,800 rpm,1900 rpm,1886 rpm
2026-09-09 02:26:00,27.4 V,27.7 V,,26.7 V,,27.6 V,27.3 V,27.3 V,27.3 V,27.3 V,27.3 V,1844 rpm,1401 rpm,,1866 rpm,,1843 rpm,1844 rpm,1883 rpm,800 rpm,1837 rpm,1844 rpm
2026-09-09 02:28:00,27.3 V,27.7 V,,27.1 V,,27.6 V,27.3 V,27.3 V,27.4 V,27.3 V,27.3 V,1866 rpm,1400 rpm,,1871 rpm,,1832 rpm,1911 rpm,1899 rpm,994 rpm,1844 rpm,1854 rpm
2026-09-09 02:30:00,27.3 V,27.7 V,,26.4 V,,27.6 V,27.3 V,27.3 V,27.3 V,27.3 V,27.3 V,1827 rpm,1400 rpm,,1881 rpm,,1899 rpm,1892 rpm,1820 rpm,1865 rpm,1842 rpm,1875 rpm
2026-09-09 02:32:00,27.3 V,,,27.2 V,,27.6 V,27.3 V,27.3 V,27.2 V,27.3 V,27.4 V,1900 rpm,1400 rpm,,1905 rpm,0 rpm,1902 rpm,1895 rpm,1840 rpm,1897 rpm,1830 rpm,1894 rpm
2026-09-09 02:34:00,27.4 V,27.7 V,,27.0 V,,27.6 V,27.3 V,27.3 V,27.3 V,27.5 V,27.3 V,1864 rpm,1400 rpm,,1901 rpm,800 rpm,1898 rpm,1898 rpm,1854 rpm,1900 rpm,1400 rpm,1898 rpm
2026-09-09 02:36:00,27.3 V,27.7 V,,26.9 V,27.2 V,27.6 V,27.3 V,27.3 V,27.4 V,27.3 V,27.3 V,1896 rpm,1399 rpm,,1401 rpm,800 rpm,1899 rpm,1833 rpm,1835 rpm,1898 rpm,1837 rpm,1841 rpm
2026-09-09 02:38:00,27.3 V,,,27.4 V,26.8 V,27.6 V,27.3 V,27.3 V,27.5 V,27.3 V,27.3 V,1805 rpm,1854 rpm,,800 rpm,1869 rpm,1849 rpm,1843 rpm,1847 rpm,800 rpm,1844 rpm,1905 rpm
2026-09-09 02:40:00,27.3 V,27.7 V,,27.5 V,26.9 V,27.6 V,27.3 V,27.3 V,27.5 V,27.3 V,26.9 V,1851 rpm,1891 rpm,,800 rpm,1858 rpm,1898 rpm,1844 rpm,1901 rpm,800 rpm,1881 rpm,1854 rpm
2026-09-09 02:42:00,27.3 V,,,27.5 V,,27.6 V,27.3 V,27.2 V,27.4 V,27.4 V,27.3 V,1852 rpm,800 rpm,,800 rpm,,1827 rpm,1855 rpm,1871 rpm,800 rpm,1400 rpm,1849 rpm
2026-09-09 02:44:00,27.3 V,25.2 V,,27.6 V,,27.5 V,27.3 V,27.3 V,27.3 V,27.4 V,27.3 V,1850 rpm,0 rpm,,799 rpm,,1848 rpm,1851 rpm,1868 rpm,1874 rpm,1794 rpm,1890 rpm
2026-09-09 02:46:00,27.3 V,,,27.5 V,,27.6 V,27.2 V,27.3 V,27.3 V,27.3 V,27.3 V,1856 rpm,0 rpm,,799 rpm,,1857 rpm,1899 rpm,1892 rpm,1850 rpm,1859 rpm,1902 rpm
2026-09-09 02:48:00,27.3 V,,,27.5 V,,27.6 V,27.3 V,27.3 V,27.3 V,27.3 V,27.3 V,1874 rpm,0 rpm,,799 rpm,,1902 rpm,1856 rpm,1895 rpm,1871 rpm,1861 rpm,1854 rpm
2026-09-09 02:50:00,27.3 V,25.5 V,,27.5 V,,27.6 V,27.3 V,27.3 V,27.3 V,27.3 V,27.3 V,1864 rpm,0 rpm,,800 rpm,,1900 rpm,1854 rpm,1900 rpm,1903 rpm,1898 rpm,1854 rpm
2026-09-09 02:52:00,27.3 V,,,27.5 V,,27.6 V,27.3 V,27.3 V,27.4 V,27.3 V,27.4 V,1862 rpm,0 rpm,,800 rpm,,1898 rpm,1826 rpm,1856 rpm,1862 rpm,1836 rpm,1399 rpm
2026-09-09 02:54:00,27.3 V,25.4 V,,27.6 V,,27.6 V,27.2 V,27.3 V,27.4 V,27.3 V,27.4 V,1400 rpm,0 rpm,,800 rpm,,1850 rpm,1858 rpm,1835 rpm,1846 rpm,1847 rpm,1400 rpm
2026-09-09 02:56:00,27.3 V,25.4 V,,27.5 V,,27.6 V,27.3 V,27.3 V,27.2 V,27.2 V,27.5 V,1902 rpm,0 rpm,,799 rpm,,1837 rpm,1879 rpm,1848 rpm,1888 rpm,1875 rpm,1400 rpm
2026-09-09 02:58:00,27.3 V,27.7 V,,27.6 V,,27.6 V,27.3 V,27.3 V,27.3 V,27.3 V,27.4 V,1852 rpm,0 rpm,,800 rpm,,1853 rpm,1891 rpm,1874 rpm,1901 rpm,1860 rpm,1400 rpm
2026-09-09 03:00:00,27.3 V,25.4 V,,27.6 V,,27.6 V,27.3 V,27.3 V,27.4 V,27.3 V,27.4 V,1399 rpm,0 rpm,,800 rpm,,1870 rpm,1903 rpm,1853 rpm,1869 rpm,1823 rpm,1400 rpm
2026-09-09 03:02:00,27.3 V,,,27.5 V,,27.6 V,27.3 V,27.2 V,27.3 V,27.2 V,27.5 V,1399 rpm,1853 rpm,,801 rpm,,1882 rpm,1860 rpm,1898 rpm,1897 rpm,1842 rpm,1400 rpm
2026-09-09 03:04:00,27.3 V,,,27.6 V,,27.6 V,27.3 V,27.3 V,27.4 V,27.3 V,27.5 V,1867 rpm,1844 rpm,,800 rpm,,1885 rpm,1883 rpm,1901 rpm,1837 rpm,1858 rpm,1400 rpm
2026-09-09 03:06:00,27.3 V,,,27.5 V,,27.6 V,27.3 V,27.2 V,27.3 V,27.3 V,27.3 V,1837 rpm,,,800 rpm,,1894 rpm,1837 rpm,1903 rpm,1842 rpm,1865 rpm,1900 rpm
2026-09-09 03:08:00,27.3 V,,,27.6 V,,27.6 V,27.3 V,27.2 V,27.3 V,27.3 V,27.3 V,800 rpm,,,801 rpm,,1861 rpm,1867 rpm,1898 rpm,1856 rpm,1881 rpm,1846 rpm
2026-09-09 03:10:00,27.3 V,,,27.6 V,,27.6 V,27.3 V,27.3 V,27.3 V,27.3 V,27.4 V,800 rpm,,,801 rpm,,1836 rpm,1907 rpm,1882 rpm,1840 rpm,1876 rpm,1840 rpm
2026-09-09 03:12:00,27.3 V,,,27.6 V,,27.7 V,27.3 V,27.3 V,27.3 V,27.3 V,27.2 V,799 rpm,,,801 rpm,,1904 rpm,1898 rpm,1903 rpm,1904 rpm,1852 rpm,1896 rpm
2026-09-09 03:14:00,27.3 V,,,27.5 V,,27.6 V,27.3 V,27.3 V,27.2 V,27.3 V,27.3 V,800 rpm,,,801 rpm,,1808 rpm,1897 rpm,1840 rpm,1899 rpm,1888 rpm,1836 rpm
2026-09-09 03:16:00,27.3 V,,,27.7 V,,27.6 V,27.2 V,27.3 V,27.3 V,27.3 V,27.3 V,800 rpm,,,801 rpm,,1861 rpm,800 rpm,1862 rpm,1894 rpm,1842 rpm,1824 rpm
2026-09-09 03:18:00,27.3 V,,,26.6 V,,27.6 V,27.3 V,27.3 V,27.3 V,27.3 V,27.3 V,800 rpm,0 rpm,,799 rpm,,1832 rpm,800 rpm,1901 rpm,1872 rpm,1879 rpm,1912 rpm
2026-09-09 03:20:00,27.3 V,,,26.8 V,,27.6 V,27.3 V,27.3 V,27.3 V,27.3 V,27.3 V,1916 rpm,,,1841 rpm,,1827 rpm,800 rpm,1821 rpm,1874 rpm,1871 rpm,1861 rpm
2026-09-09 03:22:00,27.3 V,,,27.2 V,,27.6 V,27.3 V,27.3 V,27.3 V,27.2 V,27.3 V,1866 rpm,1853 rpm,,1841 rpm,,1883 rpm,800 rpm,1870 rpm,1868 rpm,1902 rpm,1867 rpm
2026-09-09 03:24:00,27.3 V,27.7 V,,26.9 V,,27.6 V,27.3 V,27.2 V,27.4 V,27.3 V,27.3 V,1858 rpm,1899 rpm,,1898 rpm,,1861 rpm,800 rpm,1832 rpm,1903 rpm,1877 rpm,1827 rpm
2026-09-09 03:26:00,27.3 V,27.7 V,,25.2 V,,27.6 V,27.3 V,27.3 V,27.3 V,27.3 V,27.4 V,1862 rpm,1902 rpm,,801 rpm,,1875 rpm,800 rpm,1888 rpm,1902 rpm,1858 rpm,1868 rpm
2026-09-09 03:28:00,27.3 V,27.8 V,,27.5 V,,27.6 V,27.3 V,27.3 V,27.4 V,27.3 V,27.3 V,1882 rpm,1844 rpm,,801 rpm,,1831 rpm,1899 rpm,1842 rpm,1848 rpm,1401 rpm,1881 rpm
2026-09-09 03:30:00,27.3 V,27.8 V,,27.4 V,,27.6 V,27.3 V,27.3 V,27.4 V,27.3 V,27.3 V,800 rpm,1850 rpm,,800 rpm,,1836 rpm,1838 rpm,799 rpm,1024 rpm,1845 rpm,1849 rpm
2026-09-09 03:32:00,27.3 V,27.8 V,,27.5 V,,27.6 V,27.3 V,27.2 V,27.3 V,27.3 V,27.3 V,800 rpm,802 rpm,,801 rpm,,1400 rpm,1850 rpm,800 rpm,1840 rpm,1852 rpm,1884 rpm
2026-09-09 03:34:00,27.3 V,27.8 V,,26.6 V,,27.6 V,27.3 V,27.2 V,27.3 V,27.3 V,27.4 V,800 rpm,800 rpm,,1792 rpm,,1896 rpm,1891 rpm,799 rpm,1875 rpm,1899 rpm,1882 rpm
2026-09-09 03:36:00,27.3 V,,,26.9 V,,27.6 V,27.3 V,27.2 V,27.3 V,27.3 V,27.3 V,1527 rpm,800 rpm,,1901 rpm,,1828 rpm,1837 rpm,800 rpm,1899 rpm,1883 rpm,1870 rpm
2026-09-09 03:38:00,27.3 V,27.8 V,,26.6 V,,27.6 V,27.3 V,27.2 V,27.3 V,27.5 V,27.2 V,1855 rpm,800 rpm,,1902 rpm,,1890 rpm,1903 rpm,1850 rpm,1900 rpm,800 rpm,1846 rpm
2026-09-09 03:40:00,27.3 V,,,27.0 V,,27.6 V,27.3 V,27.3 V,27.4 V,27.4 V,27.3 V,1843 rpm,1400 rpm,,1902 rpm,,1870 rpm,1897 rpm,1865 rpm,1846 rpm,799 rpm,1893 rpm
2026-09-09 03:42:00,27.3 V,,,27.0 V,,27.6 V,27.3 V,27.3 V,26.9 V,27.0 V,27.3 V,1876 rpm,1855 rpm,,1901 rpm,800 rpm,1898 rpm,1885 rpm,1907 rpm,1922 rpm,1844 rpm,1900 rpm
2026-09-09 03:44:00,27.3 V,27.8 V,,26.7 V,,27.6 V,27.3 V,27.3 V,27.3 V,27.3 V,27.2 V,1858 rpm,1399 rpm,,1898 rpm,,1898 rpm,1834 rpm,1834 rpm,1804 rpm,1869 rpm,1844 rpm
2026-09-09 03:46:00,27.3 V,27.8 V,,26.5 V,27.2 V,27.6 V,27.3 V,27.3 V,27.3 V,27.3 V,27.3 V,1864 rpm,1848 rpm,,1878 rpm,1831 rpm,1400 rpm,1849 rpm,1845 rpm,1847 rpm,1847 rpm,1897 rpm
2026-09-09 03:48:00,27.3 V,27.8 V,,26.9 V,26.9 V,27.6 V,27.3 V,27.2 V,27.3 V,27.4 V,27.3 V,1856 rpm,1898 rpm,,1881 rpm,1903 rpm,1401 rpm,1862 rpm,1850 rpm,1859 rpm,1400 rpm,1846 rpm
2026-09-09 03:50:00,27.3 V,27.8 V,,27.3 V,27.3 V,27.6 V,27.2 V,27.3 V,27.4 V,27.4 V,27.3 V,800 rpm,1881 rpm,,1873 rpm,1875 rpm,1401 rpm,800 rpm,1842 rpm,1882 rpm,1400 rpm,1842 rpm
2026-09-09 03:52:00,27.3 V,27.8 V,,27.0 V,27.3 V,27.6 V,27.3 V,27.3 V,27.3 V,27.3 V,27.3 V,800 rpm,1861 rpm,,1901 rpm,1835 rpm,1400 rpm,800 rpm,1889 rpm,1874 rpm,1841 rpm,1861 rpm
2026-09-09 03:54:00,27.3 V,27.8 V,,26.7 V,26.9 V,27.6 V,27.3 V,27.3 V,27.3 V,27.3 V,27.2 V,800 rpm,1838 rpm,,1903 rpm,1902 rpm,1399 rpm,1824 rpm,1869 rpm,1898 rpm,1854 rpm,1842 rpm
2026-09-09 03:56:00,27.3 V,,,26.8 V,27.2 V,27.7 V,27.3 V,27.2 V,27.4 V,27.3 V,27.3 V,1848 rpm,800 rpm,,1823 rpm,1861 rpm,1400 rpm,1837 rpm,1901 rpm,799 rpm,1876 rpm,1857 rpm
2026-09-09 03:58:00,27.3 V,27.8 V,,26.4 V,27.2 V,27.7 V,27.3 V,27.3 V,27.3 V,27.3 V,26.5 V,1850 rpm,800 rpm,,1829 rpm,1855 rpm,1400 rpm,1879 rpm,1891 rpm,1859 rpm,1870 rpm,800 rpm
2026-09-09 04:00:00,27.3 V,27.9 V,,26.6 V,26.9 V,27.6 V,27.3 V,27.3 V,27.3 V,27.3 V,27.4 V,1868 rpm,800 rpm,,1904 rpm,1901 rpm,1401 rpm,1885 rpm,1842 rpm,1836 rpm,1799 rpm,800 rpm
2026-09-09 04:02:00,27.3 V,27.6 V,,26.5 V,27.3 V,27.7 V,27.3 V,27.2 V,27.4 V,27.4 V,27.5 V,1852 rpm,800 rpm,,1863 rpm,1853 rpm,1400 rpm,1882 rpm,1829 rpm,1843 rpm,1400 rpm,800 rpm
2026-09-09 04:04:00,27.3 V,27.9 V,,26.6 V,27.2 V,27.7 V,27.3 V,27.3 V,27.3 V,27.4 V,27.5 V,1879 rpm,800 rpm,,1866 rpm,1849 rpm,1399 rpm,1903 rpm,1873 rpm,1881 rpm,1401 rpm,800 rpm
2026-09-09 04:06:00,27.3 V,,,26.4 V,27.3 V,27.7 V,27.3 V,27.2 V,27.3 V,27.4 V,27.4 V,1887 rpm,800 rpm,,1877 rpm,1892 rpm,1400 rpm,1891 rpm,1844 rpm,1869 rpm,1400 rpm,800 rpm
2026-09-09 04:08:00,27.3 V,27.9 V,,26.6 V,27.0 V,27.7 V,27.3 V,27.3 V,27.4 V,27.5 V,27.0 V,1831 rpm,800 rpm,,1843 rpm,1841 rpm,1400 rpm,1793 rpm,1816 rpm,1834 rpm,1401 rpm,1839 rpm
2026-09-09 04:10:00,27.3 V,27.8 V,,26.7 V,26.8 V,27.7 V,27.3 V,27.3 V,27.3 V,27.4 V,27.4 V,1837 rpm,1400 rpm,,1842 rpm,1878 rpm,1400 rpm,1904 rpm,1836 rpm,1908 rpm,1401 rpm,1913 rpm
2026-09-09 04:12:00,27.3 V,27.8 V,,27.0 V,26.7 V,27.7 V,27.3 V,27.2 V,27.5 V,27.4 V,27.3 V,1835 rpm,1844 rpm,,1840 rpm,1858 rpm,1823 rpm,1862 rpm,1840 rpm,800 rpm,1400 rpm,1844 rpm
2026-09-09 04:14:00,27.3 V,27.8 V,,26.5 V,27.0 V,27.7 V,27.3 V,27.3 V,27.6 V,27.3 V,27.3 V,1861 rpm,1886 rpm,,1900 rpm,1857 rpm,1834 rpm,800 rpm,1843 rpm,801 rpm,1871 rpm,1846 rpm
2026-09-09 04:16:00,27.3 V,27.8 V,,27.3 V,27.2 V,27.7 V,27.3 V,27.3 V,27.3 V,27.3 V,27.3 V,800 rpm,1864 rpm,,1909 rpm,1904 rpm,1865 rpm,1839 rpm,1845 rpm,1876 rpm,1903 rpm,1841 rpm
2026-09-09 04:18:00,27.3 V,27.8 V,,26.3 V,26.8 V,27.7 V,27.3 V,27.3 V,27.3 V,27.3 V,27.3 V,800 rpm,1868 rpm,,1871 rpm,1860 rpm,1864 rpm,1840 rpm,800 rpm,1810 rpm,1847 rpm,1916 rpm
2026-09-09 04:20:00,27.3 V,27.8 V,,26.5 V,27.1 V,27.7 V,27.3 V,27.3 V,27.4 V,27.3 V,27.3 V,1841 rpm,1864 rpm,,1867 rpm,1916 rpm,1835 rpm,1902 rpm,801 rpm,1843 rpm,1855 rpm,1871 rpm
2026-09-09 04:22:00,27.2 V,27.5 V,,26.5 V,26.9 V,27.6 V,27.2 V,27.3 V,27.4 V,27.3 V,27.4 V,1871 rpm,1902 rpm,,1876 rpm,1834 rpm,1841 rpm,1888 rpm,1833 rpm,1842 rpm,1842 rpm,1844 rpm
2026-09-09 04:24:00,27.3 V,27.8 V,,27.0 V,26.9 V,27.6 V,27.3 V,27.3 V,27.3 V,27.3 V,27.3 V,1899 rpm,1844 rpm,,1898 rpm,1898 rpm,1850 rpm,1761 rpm,1850 rpm,1843 rpm,1881 rpm,1883 rpm
2026-09-09 04:26:00,27.3 V,27.8 V,,27.1 V,27.4 V,27.6 V,27.2 V,27.3 V,27.2 V,27.3 V,26.9 V,794 rpm,1843 rpm,,1887 rpm,800 rpm,1899 rpm,1866 rpm,1892 rpm,1870 rpm,1896 rpm,1883 rpm
2026-09-09 04:28:00,27.3 V,27.8 V,,26.9 V,27.3 V,27.6 V,27.3 V,27.3 V,27.2 V,27.3 V,27.3 V,1896 rpm,1400 rpm,,1901 rpm,800 rpm,1872 rpm,1837 rpm,1870 rpm,1819 rpm,1835 rpm,1906 rpm
2026-09-09 04:30:00,27.3 V,27.8 V,,26.9 V,27.3 V,27.6 V,27.3 V,27.3 V,27.3 V,27.2 V,27.3 V,1869 rpm,1879 rpm,,1898 rpm,1102 rpm,1857 rpm,1886 rpm,1890 rpm,1897 rpm,1871 rpm,1838 rpm
2026-09-09 04:32:00,27.3 V,27.8 V,,27.1 V,27.4 V,27.6 V,27.3 V,27.3 V,27.5 V,27.3 V,27.3 V,1850 rpm,1399 rpm,,1904 rpm,1856 rpm,1904 rpm,1887 rpm,1301 rpm,801 rpm,1862 rpm,1907 rpm
2026-09-09 04:34:00,27.3 V,27.6 V,,26.5 V,27.1 V,27.6 V,27.3 V,27.3 V,27.5 V,27.3 V,27.2 V,1866 rpm,1871 rpm,,1868 rpm,1903 rpm,1825 rpm,1854 rpm,799 rpm,801 rpm,1842 rpm,1841 rpm
2026-09-09 04:36:00,27.3 V,27.8 V,,27.1 V,27.0 V,27.6 V,27.3 V,27.3 V,27.3 V,27.3 V,27.3 V,1400 rpm,1903 rpm,,1891 rpm,1895 rpm,1911 rpm,1868 rpm,1898 rpm,1859 rpm,1844 rpm,1867 rpm
2026-09-09 04:38:00,27.3 V,27.9 V,,26.6 V,27.3 V,27.6 V,27.3 V,27.3 V,27.3 V,27.3 V,27.3 V,800 rpm,1852 rpm,1898 rpm,1888 rpm,1859 rpm,1821 rpm,1837 rpm,1844 rpm,1868 rpm,1845 rpm,1834 rpm
2026-09-09 04:40:00,27.3 V,27.9 V,,26.5 V,27.1 V,27.6 V,27.3 V,27.3 V,27.3 V,27.3 V,27.4 V,800 rpm,1845 rpm,,1857 rpm,1838 rpm,1901 rpm,1856 rpm,1824 rpm,1833 rpm,1883 rpm,1847 rpm
2026-09-09 04:42:00,27.3 V,27.8 V,,26.4 V,27.2 V,27.6 V,27.3 V,27.3 V,27.4 V,27.3 V,27.4 V,800 rpm,1842 rpm,,1892 rpm,1783 rpm,1902 rpm,1890 rpm,1843 rpm,1869 rpm,1856 rpm,1400 rpm
2026-09-09 04:44:00,27.3 V,27.8 V,27.6 V,27.1 V,27.3 V,27.6 V,27.3 V,27.3 V,27.4 V,27.2 V,27.4 V,800 rpm,1844 rpm,801 rpm,1839 rpm,1860 rpm,1901 rpm,1838 rpm,1833 rpm,1446 rpm,1898 rpm,1400 rpm
2026-09-09 04:46:00,27.3 V,27.9 V,27.5 V,26.5 V,27.3 V,27.6 V,27.3 V,27.3 V,27.3 V,27.3 V,27.5 V,1900 rpm,1843 rpm,801 rpm,1909 rpm,1836 rpm,1837 rpm,1895 rpm,1898 rpm,1900 rpm,1865 rpm,1401 rpm
2026-09-09 04:48:00,27.3 V,27.8 V,27.5 V,26.6 V,27.4 V,27.6 V,27.3 V,27.3 V,27.3 V,27.3 V,27.5 V,1875 rpm,1401 rpm,800 rpm,1871 rpm,1804 rpm,1865 rpm,1897 rpm,1879 rpm,1853 rpm,1846 rpm,1401 rpm
2026-09-09 04:50:00,27.3 V,27.8 V,27.5 V,26.4 V,27.4 V,27.6 V,27.3 V,27.3 V,27.4 V,27.3 V,27.5 V,1847 rpm,1400 rpm,799 rpm,1847 rpm,1836 rpm,1897 rpm,1881 rpm,1841 rpm,1882 rpm,1813 rpm,1400 rpm
2026-09-09 04:52:00,27.3 V,27.8 V,27.4 V,27.1 V,27.3 V,27.6 V,27.3 V,27.2 V,27.4 V,27.3 V,27.4 V,1850 rpm,1846 rpm,801 rpm,1867 rpm,1824 rpm,1902 rpm,1871 rpm,1837 rpm,1870 rpm,1910 rpm,1860 rpm
2026-09-09 04:54:00,27.3 V,27.8 V,25.3 V,26.6 V,27.4 V,,27.3 V,27.3 V,27.3 V,27.3 V,27.3 V,1892 rpm,1842 rpm,800 rpm,1859 rpm,1859 rpm,1895 rpm,1859 rpm,1883 rpm,1883 rpm,1852 rpm,1885 rpm
2026-09-09 04:56:00,27.4 V,27.8 V,26.0 V,26.5 V,27.4 V,27.6 V,27.3 V,27.3 V,27.3 V,27.3 V,27.4 V,1848 rpm,1903 rpm,800 rpm,1860 rpm,1829 rpm,1898 rpm,1800 rpm,1840 rpm,1900 rpm,1882 rpm,1911 rpm
2026-09-09 04:58:00,27.3 V,27.8 V,,26.4 V,27.2 V,27.5 V,27.3 V,27.2 V,27.3 V,27.4 V,27.4 V,1842 rpm,1836 rpm,800 rpm,1875 rpm,1834 rpm,1867 rpm,1836 rpm,1839 rpm,1837 rpm,1400 rpm,1888 rpm
2026-09-09 05:00:00,27.3 V,27.9 V,,26.4 V,27.5 V,27.6 V,27.2 V,27.3 V,27.3 V,27.4 V,27.3 V,1400 rpm,801 rpm,,1888 rpm,1859 rpm,1909 rpm,800 rpm,1837 rpm,1901 rpm,1400 rpm,1868 rpm
2026-09-09 05:02:00,27.4 V,27.8 V,,27.1 V,27.3 V,27.6 V,27.3 V,27.3 V,27.3 V,27.5 V,27.4 V,1838 rpm,1400 rpm,,1884 rpm,1916 rpm,1894 rpm,800 rpm,1847 rpm,1840 rpm,1400 rpm,1861 rpm
2026-09-09 05:04:00,27.3 V,27.9 V,,26.6 V,27.5 V,27.6 V,27.3 V,27.3 V,27.3 V,27.4 V,27.3 V,1855 rpm,1846 rpm,,1887 rpm,1400 rpm,1875 rpm,1848 rpm,1892 rpm,1865 rpm,1400 rpm,1905 rpm
2026-09-09 05:06:00,27.3 V,,,27.3 V,27.5 V,27.6 V,27.3 V,27.3 V,27.3 V,27.5 V,27.4 V,1880 rpm,800 rpm,,1867 rpm,800 rpm,1897 rpm,1894 rpm,1899 rpm,1843 rpm,1400 rpm,1835 rpm
2026-09-09 05:08:00,27.3 V,27.8 V,,27.3 V,27.5 V,27.7 V,27.3 V,27.3 V,27.3 V,27.3 V,27.3 V,1861 rpm,800 rpm,,1841 rpm,800 rpm,1901 rpm,1836 rpm,1845 rpm,1842 rpm,1875 rpm,1868 rpm
2026-09-09 05:10:00,27.3 V,27.8 V,,26.7 V,27.4 V,27.6 V,27.3 V,27.3 V,27.3 V,27.4 V,27.3 V,1837 rpm,800 rpm,,1849 rpm,1841 rpm,1886 rpm,1888 rpm,1861 rpm,1897 rpm,1401 rpm,1846 rpm
2026-09-09 05:12:00,27.3 V,,,26.5 V,27.3 V,27.6 V,27.3 V,27.3 V,27.3 V,27.3 V,27.4 V,1842 rpm,800 rpm,,1857 rpm,1800 rpm,1897 rpm,1901 rpm,1817 rpm,1865 rpm,1886 rpm,1837 rpm
2026-09-09 05:14:00,27.3 V,27.9 V,,26.8 V,27.3 V,27.7 V,27.3 V,27.3 V,27.2 V,27.4 V,27.4 V,1843 rpm,799 rpm,,1899 rpm,1862 rpm,1867 rpm,1896 rpm,1869 rpm,1822 rpm,1853 rpm,1843 rpm
2026-09-09 05:16:00,27.3 V,27.9 V,,26.6 V,27.5 V,27.6 V,27.3 V,27.3 V,27.3 V,27.4 V,27.4 V,1881 rpm,800 rpm,,1903 rpm,1400 rpm,1896 rpm,1898 rpm,1859 rpm,1855 rpm,1863 rpm,1647 rpm
2026-09-09 05:18:00,27.3 V,27.9 V,,26.8 V,27.6 V,27.7 V,27.3 V,27.3 V,27.2 V,27.4 V,27.2 V,1878 rpm,800 rpm,,1901 rpm,799 rpm,1887 rpm,1837 rpm,1901 rpm,1858 rpm,1815 rpm,1868 rpm
2026-09-09 05:20:00,27.3 V,27.9 V,,26.6 V,27.6 V,27.7 V,27.3 V,27.3 V,27.2 V,27.3 V,27.3 V,1844 rpm,1889 rpm,,1901 rpm,1882 rpm,1883 rpm,1850 rpm,1896 rpm,1913 rpm,1915 rpm,1840 rpm
2026-09-09 05:22:00,26.9 V,,,26.6 V,27.3 V,27.7 V,27.3 V,27.3 V,27.3 V,27.4 V,27.3 V,1842 rpm,1872 rpm,,1901 rpm,1860 rpm,1896 rpm,801 rpm,1838 rpm,1869 rpm,1869 rpm,1839 rpm
2026-09-09 05:24:00,27.3 V,27.8 V,,26.4 V,27.3 V,27.7 V,27.3 V,27.3 V,27.2 V,27.3 V,27.3 V,1812 rpm,1877 rpm,,1838 rpm,1849 rpm,1897 rpm,1874 rpm,1901 rpm,1882 rpm,1880 rpm,1860 rpm
2026-09-09 05:26:00,27.3 V,27.8 V,,27.2 V,27.4 V,27.7 V,27.3 V,27.3 V,27.3 V,27.4 V,27.2 V,1903 rpm,1841 rpm,,1829 rpm,1862 rpm,1835 rpm,1821 rpm,1841 rpm,1869 rpm,1400 rpm,1837 rpm
2026-09-09 05:28:00,27.3 V,27.8 V,,26.6 V,27.4 V,27.6 V,27.3 V,27.3 V,27.4 V,27.3 V,27.3 V,1904 rpm,1400 rpm,,1836 rpm,1859 rpm,1890 rpm,1838 rpm,1895 rpm,1840 rpm,1867 rpm,1832 rpm
2026-09-09 05:30:00,27.3 V,27.8 V,,26.3 V,27.5 V,27.7 V,27.3 V,27.3 V,27.3 V,27.3 V,27.2 V,800 rpm,1842 rpm,,1909 rpm,1833 rpm,800 rpm,1905 rpm,1871 rpm,1844 rpm,1892 rpm,1869 rpm
2026-09-09 05:32:00,27.2 V,27.8 V,,26.4 V,27.4 V,27.6 V,27.3 V,27.3 V,27.3 V,27.4 V,27.2 V,800 rpm,1899 rpm,,1841 rpm,1872 rpm,799 rpm,1835 rpm,1872 rpm,1882 rpm,1870 rpm,1867 rpm
2026-09-09 05:34:00,27.3 V,27.8 V,,26.8 V,27.5 V,27.7 V,27.3 V,27.2 V,27.4 V,27.3 V,27.2 V,799 rpm,1875 rpm,,1888 rpm,1856 rpm,801 rpm,1855 rpm,800 rpm,1842 rpm,1915 rpm,1896 rpm
2026-09-09 05:36:00,25.7 V,,,27.5 V,26.5 V,27.6 V,27.3 V,27.3 V,27.4 V,27.3 V,27.2 V,801 rpm,1848 rpm,800 rpm,799 rpm,799 rpm,801 rpm,1850 rpm,800 rpm,1841 rpm,1842 rpm,1905 rpm
2026-09-09 05:38:00,27.3 V,27.8 V,,27.3 V,27.6 V,27.7 V,27.3 V,27.3 V,27.3 V,27.3 V,27.3 V,800 rpm,1901 rpm,,799 rpm,800 rpm,1881 rpm,1830 rpm,801 rpm,1856 rpm,1915 rpm,1844 rpm
2026-09-09 05:40:00,27.3 V,27.8 V,,27.3 V,27.6 V,27.7 V,27.1 V,27.3 V,27.3 V,27.3 V,27.2 V,1911 rpm,801 rpm,,799 rpm,800 rpm,1852 rpm,1865 rpm,800 rpm,1892 rpm,1887 rpm,1847 rpm
2026-09-09 05:42:00,27.3 V,27.8 V,27.8 V,27.4 V,27.6 V,27.6 V,27.3 V,27.3 V,27.2 V,27.4 V,27.2 V,1870 rpm,0 rpm,0 rpm,800 rpm,800 rpm,1872 rpm,1825 rpm,800 rpm,1898 rpm,1866 rpm,1911 rpm
2026-09-09 05:44:00,27.2 V,24.2 V,27.8 V,27.4 V,27.6 V,27.7 V,27.3 V,27.4 V,27.5 V,27.3 V,27.4 V,1899 rpm,0 rpm,800 rpm,799 rpm,800 rpm,1911 rpm,1900 rpm,800 rpm,800 rpm,1856 rpm,1400 rpm
2026-09-09 05:46:00,27.3 V,25.7 V,,27.5 V,27.6 V,27.7 V,27.3 V,27.4 V,27.5 V,26.9 V,27.4 V,1400 rpm,0 rpm,800 rpm,800 rpm,800 rpm,1902 rpm,800 rpm,800 rpm,800 rpm,1898 rpm,1400 rpm
2026-09-09 05:48:00,27.3 V,25.7 V,,27.4 V,27.6 V,27.7 V,27.3 V,27.4 V,27.4 V,27.3 V,27.4 V,1896 rpm,0 rpm,,801 rpm,800 rpm,1891 rpm,800 rpm,800 rpm,800 rpm,1826 rpm,799 rpm
2026-09-09 05:50:00,27.3 V,25.7 V,,27.1 V,27.6 V,27.7 V,27.3 V,27.3 V,27.3 V,27.3 V,27.4 V,1908 rpm,0 rpm,,800 rpm,800 rpm,1819 rpm,799 rpm,800 rpm,1899 rpm,1883 rpm,1085 rpm
2026-09-09 05:52:00,27.3 V,,,27.4 V,27.5 V,27.7 V,27.3 V,27.4 V,27.0 V,27.3 V,27.2 V,1848 rpm,0 rpm,,800 rpm,800 rpm,1837 rpm,799 rpm,801 rpm,1851 rpm,800 rpm,1863 rpm
2026-09-09 05:54:00,27.3 V,25.7 V,,27.1 V,26.9 V,27.7 V,27.4 V,27.4 V,27.0 V,26.8 V,27.3 V,1867 rpm,0 rpm,,1871 rpm,1876 rpm,1881 rpm,801 rpm,800 rpm,1773 rpm,800 rpm,1910 rpm
2026-09-09 05:56:00,27.3 V,25.6 V,,26.7 V,26.3 V,27.7 V,27.3 V,27.4 V,,27.1 V,,1900 rpm,0 rpm,,1897 rpm,1836 rpm,1840 rpm,800 rpm,801 rpm,,1863 rpm,
2026-09-09 05:58:00,27.3 V,25.6 V,,27.1 V,27.1 V,27.6 V,27.4 V,27.3 V,,26.9 V,,1899 rpm,0 rpm,,1872 rpm,1831 rpm,1900 rpm,800 rpm,801 rpm,,1900 rpm,
2026-09-09 06:00:00,27.3 V,25.6 V,,25.9 V,26.8 V,27.6 V,27.4 V,27.4 V,,,,1886 rpm,0 rpm,,1841 rpm,1874 rpm,1853 rpm,800 rpm,799 rpm,801 rpm,,
2026-09-09 06:02:00,27.3 V,,,26.3 V,26.9 V,27.7 V,27.5 V,27.4 V,,,,1867 rpm,0 rpm,,1893 rpm,1861 rpm,1788 rpm,800 rpm,800 rpm,,,
2026-09-09 06:04:00,27.3 V,24.2 V,,26.0 V,27.2 V,27.7 V,27.4 V,27.4 V,27.0 V,,,1898 rpm,0 rpm,,1888 rpm,1878 rpm,1900 rpm,801 rpm,800 rpm,1837 rpm,,
2026-09-09 06:06:00,27.3 V,27.6 V,,27.0 V,27.1 V,27.7 V,27.4 V,27.4 V,27.2 V,,25.1 V,1889 rpm,800 rpm,,1883 rpm,1838 rpm,1892 rpm,1863 rpm,1857 rpm,1400 rpm,800 rpm,800 rpm
2026-09-09 06:08:00,27.3 V,27.7 V,,26.1 V,26.8 V,27.6 V,27.4 V,27.4 V,27.4 V,,,1873 rpm,1400 rpm,,1882 rpm,1400 rpm,1839 rpm,1900 rpm,1866 rpm,1400 rpm,,
2026-09-09 06:10:00,27.3 V,27.7 V,,26.5 V,26.8 V,27.7 V,27.4 V,27.4 V,27.3 V,,27.3 V,1869 rpm,1400 rpm,,1890 rpm,1399 rpm,1834 rpm,1838 rpm,1843 rpm,1400 rpm,800 rpm,1850 rpm
2026-09-09 06:12:00,27.4 V,27.7 V,,26.9 V,26.9 V,27.6 V,27.4 V,27.4 V,27.3 V,27.1 V,27.3 V,1902 rpm,1903 rpm,,1866 rpm,1401 rpm,1904 rpm,1851 rpm,1615 rpm,1846 rpm,1829 rpm,1850 rpm
2026-09-09 06:14:00,27.3 V,27.7 V,,26.5 V,27.2 V,27.7 V,27.3 V,27.4 V,27.3 V,27.0 V,27.4 V,1888 rpm,1857 rpm,,1867 rpm,1400 rpm,1854 rpm,1865 rpm,1399 rpm,1843 rpm,1898 rpm,1400 rpm
2026-09-09 06:16:00,27.3 V,27.7 V,,26.5 V,27.3 V,27.6 V,27.4 V,27.3 V,27.2 V,27.0 V,27.4 V,1843 rpm,1845 rpm,,1842 rpm,1401 rpm,1885 rpm,1837 rpm,1866 rpm,1900 rpm,1900 rpm,1400 rpm
2026-09-09 06:18:00,27.3 V,27.8 V,,26.6 V,27.2 V,27.7 V,27.4 V,27.4 V,27.3 V,27.1 V,27.4 V,1898 rpm,1841 rpm,,1862 rpm,1400 rpm,1834 rpm,1897 rpm,1400 rpm,1845 rpm,801 rpm,1841 rpm
2026-09-09 06:20:00,27.3 V,27.7 V,,26.4 V,26.9 V,27.7 V,27.4 V,27.4 V,27.3 V,27.0 V,27.3 V,1898 rpm,1864 rpm,,1839 rpm,1828 rpm,1873 rpm,1823 rpm,1400 rpm,1840 rpm,800 rpm,1839 rpm
2026-09-09 06:22:00,27.3 V,27.8 V,,27.2 V,26.7 V,27.6 V,27.3 V,27.4 V,27.1 V,26.9 V,27.4 V,1901 rpm,1881 rpm,,801 rpm,1878 rpm,1892 rpm,1877 rpm,1400 rpm,1860 rpm,1566 rpm,1885 rpm
2026-09-09 06:24:00,27.3 V,27.8 V,,26.5 V,26.6 V,27.6 V,27.4 V,27.4 V,27.2 V,26.9 V,27.4 V,1843 rpm,1902 rpm,,1839 rpm,1851 rpm,1917 rpm,1900 rpm,1813 rpm,1905 rpm,1873 rpm,1400 rpm
2026-09-09 06:26:00,27.3 V,,,26.2 V,26.8 V,27.6 V,27.4 V,27.3 V,27.2 V,27.0 V,27.2 V,1871 rpm,1899 rpm,,1851 rpm,1819 rpm,1902 rpm,1838 rpm,1900 rpm,1849 rpm,1899 rpm,1903 rpm
2026-09-09 06:28:00,27.3 V,27.7 V,,26.7 V,27.0 V,27.7 V,27.3 V,27.3 V,27.2 V,27.0 V,27.3 V,1143 rpm,1855 rpm,,1900 rpm,1849 rpm,1824 rpm,1880 rpm,1893 rpm,1858 rpm,1898 rpm,1878 rpm
2026-09-09 06:30:00,27.3 V,27.8 V,,27.2 V,27.2 V,27.6 V,27.3 V,27.3 V,27.2 V,27.0 V,27.2 V,800 rpm,1878 rpm,,1899 rpm,1827 rpm,1863 rpm,1861 rpm,1399 rpm,1841 rpm,1823 rpm,1902 rpm
2026-09-09 06:32:00,27.3 V,27.8 V,,27.1 V,27.2 V,27.7 V,27.3 V,27.4 V,27.3 V,27.0 V,27.3 V,1902 rpm,1901 rpm,,1899 rpm,1846 rpm,1853 rpm,1844 rpm,1888 rpm,1902 rpm,1877 rpm,1845 rpm
2026-09-09 06:34:00,27.3 V,27.8 V,,26.7 V,26.8 V,27.7 V,27.3 V,27.0 V,27.2 V,27.0 V,27.3 V,1900 rpm,1899 rpm,,1772 rpm,1879 rpm,1837 rpm,1840 rpm,1899 rpm,1842 rpm,1879 rpm,1851 rpm
2026-09-09 06:36:00,27.3 V,27.8 V,,26.1 V,26.8 V,,27.4 V,27.3 V,27.2 V,26.9 V,27.4 V,1899 rpm,1898 rpm,,1889 rpm,1898 rpm,1836 rpm,1839 rpm,1399 rpm,1842 rpm,1843 rpm,1399 rpm
2026-09-09 06:38:00,27.3 V,27.8 V,,27.1 V,26.6 V,,27.3 V,27.3 V,27.2 V,27.0 V,27.3 V,1851 rpm,1898 rpm,,1901 rpm,1834 rpm,1867 rpm,1840 rpm,1401 rpm,1851 rpm,1900 rpm,1400 rpm
2026-09-09 06:40:00,27.3 V,27.8 V,,26.9 V,26.6 V,,27.3 V,27.4 V,27.3 V,27.1 V,27.4 V,1901 rpm,1900 rpm,,1899 rpm,1885 rpm,1850 rpm,1880 rpm,1401 rpm,1839 rpm,1898 rpm,1400 rpm
2026-09-09 06:42:00,27.3 V,27.8 V,,26.9 V,26.7 V,27.7 V,27.3 V,27.3 V,27.3 V,27.0 V,27.4 V,1898 rpm,1901 rpm,,1900 rpm,1842 rpm,1864 rpm,1837 rpm,1890 rpm,1897 rpm,1842 rpm,1400 rpm
2026-09-09 06:44:00,27.3 V,27.8 V,,26.1 V,26.9 V,27.7 V,27.3 V,27.3 V,27.2 V,27.0 V,27.5 V,1895 rpm,1902 rpm,,1897 rpm,1833 rpm,799 rpm,1851 rpm,1901 rpm,1871 rpm,1877 rpm,1400 rpm
2026-09-09 06:46:00,27.3 V,,,27.2 V,26.7 V,27.7 V,27.3 V,27.2 V,27.3 V,27.0 V,27.6 V,1867 rpm,1897 rpm,,800 rpm,1840 rpm,1892 rpm,1863 rpm,1820 rpm,1874 rpm,1898 rpm,1400 rpm
2026-09-09 06:48:00,27.3 V,27.8 V,,27.2 V,25.8 V,27.7 V,27.3 V,27.3 V,27.3 V,27.0 V,27.5 V,1870 rpm,1879 rpm,,801 rpm,1861 rpm,1833 rpm,1860 rpm,1869 rpm,1847 rpm,1853 rpm,1400 rpm
2026-09-09 06:50:00,27.3 V,27.9 V,,27.4 V,26.7 V,27.6 V,27.3 V,27.3 V,27.2 V,27.0 V,27.4 V,1906 rpm,1901 rpm,,801 rpm,1850 rpm,1828 rpm,1884 rpm,1830 rpm,1899 rpm,1897 rpm,1900 rpm
2026-09-09 06:52:00,27.2 V,,,27.2 V,27.2 V,27.7 V,27.3 V,27.3 V,27.2 V,27.0 V,27.4 V,1891 rpm,1835 rpm,,801 rpm,1825 rpm,1831 rpm,1892 rpm,1856 rpm,1842 rpm,1900 rpm,1842 rpm
2026-09-09 06:54:00,27.3 V,27.8 V,,27.4 V,27.2 V,27.6 V,27.3 V,27.4 V,27.3 V,26.9 V,27.4 V,1842 rpm,1866 rpm,,801 rpm,1832 rpm,1840 rpm,1858 rpm,1843 rpm,1864 rpm,1892 rpm,1844 rpm
2026-09-09 06:56:00,27.3 V,27.9 V,,27.3 V,27.1 V,27.7 V,27.3 V,27.3 V,27.3 V,27.0 V,27.4 V,1872 rpm,1869 rpm,,800 rpm,1841 rpm,1877 rpm,1864 rpm,1400 rpm,1898 rpm,1879 rpm,1866 rpm
2026-09-09 06:58:00,27.3 V,27.9 V,,27.4 V,26.8 V,27.6 V,27.3 V,27.3 V,27.3 V,27.0 V,27.4 V,1881 rpm,1858 rpm,,801 rpm,1835 rpm,1836 rpm,1870 rpm,1847 rpm,1873 rpm,1899 rpm,1842 rpm
2026-09-09 07:00:00,27.3 V,27.9 V,,27.3 V,27.1 V,27.7 V,27.3 V,27.3 V,27.4 V,27.0 V,27.3 V,1841 rpm,1844 rpm,,800 rpm,1838 rpm,1861 rpm,1900 rpm,1862 rpm,1399 rpm,1863 rpm,1870 rpm
2026-09-09 07:02:00,27.3 V,27.8 V,,27.3 V,27.1 V,27.7 V,27.3 V,27.3 V,27.2 V,27.0 V,27.4 V,1847 rpm,1899 rpm,,801 rpm,1894 rpm,1870 rpm,1855 rpm,1857 rpm,1867 rpm,1899 rpm,1839 rpm
2026-09-09 07:04:00,27.3 V,27.8 V,,27.3 V,26.6 V,27.7 V,27.3 V,27.3 V,27.2 V,27.0 V,27.4 V,1899 rpm,1897 rpm,,800 rpm,1868 rpm,1900 rpm,1844 rpm,1852 rpm,1853 rpm,1900 rpm,1838 rpm
2026-09-09 07:06:00,27.3 V,27.9 V,,27.2 V,27.1 V,27.7 V,27.3 V,27.3 V,27.3 V,27.1 V,27.4 V,1877 rpm,1902 rpm,,800 rpm,1840 rpm,1836 rpm,1900 rpm,1836 rpm,1889 rpm,801 rpm,1897 rpm
2026-09-09 07:08:00,27.3 V,27.9 V,,27.2 V,26.9 V,27.6 V,27.3 V,27.3 V,27.3 V,27.0 V,27.4 V,1862 rpm,1901 rpm,,800 rpm,1400 rpm,1889 rpm,1836 rpm,1830 rpm,1843 rpm,1901 rpm,1901 rpm
2026-09-09 07:10:00,27.3 V,27.8 V,,27.3 V,27.0 V,,27.2 V,27.3 V,27.2 V,26.6 V,27.4 V,1892 rpm,1844 rpm,,799 rpm,1822 rpm,1874 rpm,1884 rpm,1401 rpm,1870 rpm,1899 rpm,1891 rpm
2026-09-09 07:12:00,27.3 V,27.9 V,,27.4 V,26.6 V,27.6 V,27.2 V,27.3 V,27.2 V,27.0 V,27.5 V,1894 rpm,1898 rpm,,800 rpm,1876 rpm,1832 rpm,1859 rpm,1401 rpm,1879 rpm,1897 rpm,1400 rpm
2026-09-09 07:14:00,27.3 V,27.9 V,,27.3 V,27.0 V,,27.2 V,27.3 V,27.2 V,27.0 V,27.3 V,1900 rpm,1869 rpm,,800 rpm,1878 rpm,1901 rpm,1864 rpm,1412 rpm,1861 rpm,1856 rpm,1841 rpm
2026-09-09 07:16:00,27.2 V,27.8 V,,27.3 V,27.1 V,27.6 V,27.2 V,27.3 V,27.3 V,27.0 V,27.3 V,1868 rpm,1893 rpm,,800 rpm,1880 rpm,1872 rpm,1844 rpm,1845 rpm,1897 rpm,800 rpm,1890 rpm
2026-09-09 07:18:00,27.2 V,27.8 V,,27.2 V,27.2 V,27.6 V,27.2 V,27.3 V,27.2 V,,27.4 V,1885 rpm,1903 rpm,,799 rpm,1852 rpm,1890 rpm,1925 rpm,1903 rpm,1844 rpm,800 rpm,1869 rpm
2026-09-09 07:20:00,27.2 V,27.8 V,,27.3 V,26.8 V,27.6 V,27.1 V,27.3 V,27.2 V,,27.5 V,1871 rpm,1849 rpm,,799 rpm,1840 rpm,1893 rpm,1848 rpm,1864 rpm,1900 rpm,799 rpm,1402 rpm
2026-09-09 07:22:00,27.2 V,27.9 V,,27.4 V,26.6 V,27.6 V,27.2 V,27.3 V,27.3 V,27.2 V,27.4 V,1871 rpm,1896 rpm,,799 rpm,1841 rpm,1898 rpm,1838 rpm,1836 rpm,1899 rpm,800 rpm,1399 rpm
2026-09-09 07:24:00,27.3 V,27.9 V,,27.3 V,26.9 V,27.6 V,27.3 V,27.3 V,27.3 V,27.1 V,27.5 V,1845 rpm,1900 rpm,,799 rpm,1855 rpm,1898 rpm,1858 rpm,1896 rpm,1400 rpm,1902 rpm,1400 rpm
2026-09-09 07:26:00,27.2 V,27.8 V,,27.2 V,27.0 V,27.6 V,27.2 V,27.3 V,27.4 V,27.1 V,27.6 V,1838 rpm,1901 rpm,,801 rpm,1908 rpm,1879 rpm,1903 rpm,1400 rpm,1400 rpm,1899 rpm,1401 rpm
2026-09-09 07:28:00,27.2 V,27.8 V,,27.2 V,26.3 V,27.6 V,27.2 V,27.3 V,27.4 V,27.2 V,27.5 V,1836 rpm,1901 rpm,,800 rpm,1828 rpm,1859 rpm,1897 rpm,1900 rpm,1400 rpm,1855 rpm,1399 rpm
2026-09-09 07:30:00,27.2 V,27.9 V,,27.3 V,26.9 V,,27.2 V,27.3 V,27.4 V,27.0 V,27.5 V,1868 rpm,1902 rpm,,799 rpm,1885 rpm,1858 rpm,1856 rpm,1892 rpm,1399 rpm,1845 rpm,1400 rpm
2026-09-09 07:32:00,27.2 V,27.8 V,,27.4 V,26.3 V,27.6 V,27.2 V,27.3 V,27.4 V,26.8 V,27.6 V,1847 rpm,1901 rpm,,800 rpm,1887 rpm,1865 rpm,1898 rpm,1856 rpm,1399 rpm,1867 rpm,1400 rpm
2026-09-09 07:34:00,27.3 V,27.9 V,,27.3 V,26.5 V,27.6 V,27.2 V,27.3 V,27.4 V,27.1 V,27.5 V,1837 rpm,1901 rpm,,800 rpm,1884 rpm,1834 rpm,1850 rpm,1401 rpm,1401 rpm,1827 rpm,1872 rpm
2026-09-09 07:36:00,27.3 V,27.9 V,,27.4 V,26.5 V,27.6 V,27.2 V,27.3 V,27.3 V,27.1 V,27.3 V,1888 rpm,1900 rpm,,801 rpm,1843 rpm,1864 rpm,1896 rpm,1839 rpm,1902 rpm,1871 rpm,1903 rpm
2026-09-09 07:38:00,27.2 V,27.8 V,,26.3 V,26.3 V,27.6 V,24.8 V,27.3 V,27.3 V,27.1 V,27.3 V,1875 rpm,1832 rpm,,800 rpm,1885 rpm,1826 rpm,800 rpm,1836 rpm,1882 rpm,1866 rpm,1871 rpm
2026-09-09 07:40:00,27.3 V,27.9 V,,27.5 V,27.0 V,27.6 V,27.2 V,27.3 V,27.2 V,27.2 V,27.4 V,1817 rpm,1842 rpm,,800 rpm,1851 rpm,1812 rpm,800 rpm,1850 rpm,1869 rpm,1901 rpm,1865 rpm
2026-09-09 07:42:00,27.3 V,27.9 V,,27.3 V,26.5 V,27.6 V,27.2 V,27.3 V,27.3 V,27.2 V,27.4 V,1856 rpm,1900 rpm,,801 rpm,1831 rpm,1862 rpm,800 rpm,1839 rpm,1844 rpm,1899 rpm,1868 rpm
2026-09-09 07:44:00,27.2 V,27.9 V,,27.2 V,26.9 V,27.6 V,26.2 V,27.3 V,27.2 V,27.2 V,27.4 V,1846 rpm,1901 rpm,,801 rpm,1401 rpm,1883 rpm,799 rpm,1851 rpm,1891 rpm,1867 rpm,1861 rpm
2026-09-09 07:46:00,27.2 V,27.8 V,,27.4 V,26.5 V,27.6 V,27.2 V,27.3 V,27.3 V,27.2 V,27.3 V,1852 rpm,1859 rpm,,801 rpm,1857 rpm,1838 rpm,1861 rpm,1898 rpm,1872 rpm,1900 rpm,1903 rpm
2026-09-09 07:48:00,27.3 V,27.8 V,,26.5 V,26.6 V,27.6 V,27.2 V,27.3 V,27.3 V,27.1 V,27.4 V,1902 rpm,1845 rpm,,1857 rpm,1882 rpm,1896 rpm,1870 rpm,1401 rpm,1868 rpm,1844 rpm,1896 rpm
2026-09-09 07:50:00,27.3 V,27.8 V,,26.6 V,26.8 V,27.6 V,27.2 V,27.3 V,27.3 V,27.1 V,27.4 V,1852 rpm,1843 rpm,,0 rpm,1848 rpm,1871 rpm,1862 rpm,1400 rpm,1824 rpm,1866 rpm,1400 rpm
2026-09-09 07:52:00,27.3 V,,,,27.1 V,27.5 V,27.2 V,27.3 V,27.3 V,27.1 V,27.2 V,1864 rpm,1863 rpm,,,1901 rpm,1901 rpm,1888 rpm,1863 rpm,1898 rpm,1845 rpm,1874 rpm
2026-09-09 07:54:00,27.3 V,27.8 V,,25.2 V,26.8 V,27.6 V,27.2 V,27.3 V,27.3 V,27.1 V,27.4 V,1836 rpm,1859 rpm,,0 rpm,1866 rpm,1889 rpm,1834 rpm,1838 rpm,1861 rpm,1901 rpm,1902 rpm
2026-09-09 07:56:00,27.3 V,27.9 V,,25.2 V,27.1 V,27.6 V,27.2 V,27.3 V,27.3 V,27.1 V,27.2 V,1873 rpm,1852 rpm,,0 rpm,1400 rpm,1836 rpm,1894 rpm,1836 rpm,1910 rpm,1916 rpm,1835 rpm
2026-09-09 07:58:00,27.3 V,27.9 V,,,27.0 V,27.6 V,27.3 V,27.2 V,27.2 V,26.8 V,27.3 V,1902 rpm,1851 rpm,,,1400 rpm,1847 rpm,1833 rpm,1863 rpm,1853 rpm,1863 rpm,1841 rpm
2026-09-09 08:00:00,27.3 V,27.9 V,,,27.1 V,27.6 V,27.3 V,27.2 V,27.2 V,27.2 V,27.3 V,1856 rpm,1884 rpm,,,1825 rpm,1853 rpm,1910 rpm,1853 rpm,1870 rpm,1873 rpm,1844 rpm
2026-09-09 08:02:00,27.3 V,,,25.2 V,26.7 V,27.6 V,27.3 V,27.3 V,27.2 V,27.1 V,27.2 V,1906 rpm,1899 rpm,,0 rpm,1869 rpm,1895 rpm,1878 rpm,1843 rpm,1860 rpm,1886 rpm,1879 rpm
2026-09-09 08:04:00,27.3 V,27.9 V,,25.2 V,26.4 V,27.6 V,27.3 V,27.3 V,27.2 V,27.2 V,27.2 V,1837 rpm,1905 rpm,,0 rpm,1890 rpm,1882 rpm,1872 rpm,1859 rpm,1865 rpm,1842 rpm,1864 rpm
2026-09-09 08:06:00,27.3 V,27.9 V,,25.3 V,26.8 V,27.6 V,27.3 V,27.3 V,27.3 V,27.1 V,27.3 V,1401 rpm,1884 rpm,,0 rpm,1887 rpm,1856 rpm,1850 rpm,1400 rpm,1902 rpm,1881 rpm,1841 rpm
2026-09-09 08:08:00,27.3 V,27.8 V,,27.4 V,26.8 V,27.6 V,27.1 V,27.3 V,27.2 V,27.1 V,27.2 V,1399 rpm,1830 rpm,,800 rpm,1852 rpm,1865 rpm,1851 rpm,1887 rpm,1873 rpm,1900 rpm,1845 rpm
2026-09-09 08:10:00,27.3 V,27.8 V,,27.5 V,27.2 V,27.6 V,27.3 V,27.3 V,27.3 V,27.1 V,27.3 V,1400 rpm,1845 rpm,,800 rpm,1840 rpm,1844 rpm,1845 rpm,1860 rpm,1904 rpm,1846 rpm,1890 rpm
2026-09-09 08:12:00,27.3 V,27.8 V,,27.4 V,26.7 V,27.6 V,27.2 V,27.3 V,27.3 V,27.0 V,27.2 V,1400 rpm,1855 rpm,,800 rpm,1859 rpm,1861 rpm,1835 rpm,1401 rpm,1839 rpm,1833 rpm,1833 rpm
2026-09-09 08:14:00,27.4 V,27.8 V,,,,27.4 V,27.2 V,27.3 V,27.3 V,27.1 V,27.3 V,1401 rpm,1906 rpm,,,1849 rpm,1846 rpm,1858 rpm,1856 rpm,1842 rpm,1872 rpm,1902 rpm
2026-09-09 08:16:00,27.4 V,27.9 V,,,26.8 V,27.7 V,27.2 V,27.2 V,27.2 V,27.1 V,27.1 V,1400 rpm,1891 rpm,,,1866 rpm,1871 rpm,1847 rpm,1842 rpm,1860 rpm,1868 rpm,1840 rpm
2026-09-09 08:18:00,27.4 V,27.9 V,,,27.0 V,27.6 V,27.2 V,27.3 V,27.4 V,27.1 V,27.2 V,1400 rpm,1899 rpm,,,1841 rpm,1865 rpm,1898 rpm,1840 rpm,1401 rpm,1898 rpm,1836 rpm
2026-09-09 08:20:00,27.3 V,27.8 V,,,27.0 V,27.6 V,27.3 V,27.2 V,27.4 V,26.8 V,27.2 V,1400 rpm,1901 rpm,,,1820 rpm,1891 rpm,1829 rpm,1838 rpm,1401 rpm,1896 rpm,1853 rpm
2026-09-09 08:22:00,27.4 V,27.8 V,,,26.7 V,27.6 V,27.3 V,27.2 V,27.4 V,27.1 V,27.3 V,1400 rpm,1901 rpm,800 rpm,,1834 rpm,1864 rpm,1843 rpm,1844 rpm,1400 rpm,1843 rpm,1878 rpm
2026-09-09 08:24:00,27.4 V,27.8 V,,,27.2 V,27.6 V,27.3 V,27.3 V,27.3 V,27.1 V,27.2 V,1854 rpm,1842 rpm,,0 rpm,1853 rpm,1889 rpm,1771 rpm,1852 rpm,1851 rpm,1888 rpm,1838 rpm
2026-09-09 08:26:00,27.4 V,27.8 V,,,26.6 V,27.7 V,27.2 V,27.2 V,27.3 V,27.1 V,27.3 V,1865 rpm,1865 rpm,,,1834 rpm,1861 rpm,1845 rpm,1401 rpm,1838 rpm,1843 rpm,1876 rpm
2026-09-09 08:28:00,27.4 V,27.8 V,,,26.7 V,27.6 V,27.2 V,27.2 V,27.2 V,27.2 V,27.2 V,1846 rpm,1900 rpm,,801 rpm,1834 rpm,1876 rpm,1898 rpm,1889 rpm,1903 rpm,1852 rpm,1882 rpm
2026-09-09 08:30:00,27.3 V,,,27.5 V,26.4 V,27.6 V,27.2 V,27.2 V,27.2 V,27.1 V,27.3 V,1868 rpm,1900 rpm,,801 rpm,1857 rpm,1836 rpm,1872 rpm,1841 rpm,1853 rpm,1843 rpm,1917 rpm
2026-09-09 08:32:00,27.3 V,,,27.5 V,26.6 V,27.7 V,27.2 V,27.2 V,27.3 V,26.9 V,27.2 V,1905 rpm,1849 rpm,,800 rpm,1821 rpm,1858 rpm,1898 rpm,1820 rpm,1871 rpm,1892 rpm,1845 rpm
2026-09-09 08:34:00,27.3 V,27.8 V,,27.5 V,27.0 V,27.6 V,27.3 V,27.3 V,27.3 V,27.1 V,27.1 V,1889 rpm,1815 rpm,,799 rpm,1400 rpm,1840 rpm,1862 rpm,1832 rpm,1839 rpm,1852 rpm,1846 rpm
2026-09-09 08:36:00,27.3 V,,,27.3 V,26.8 V,27.7 V,27.2 V,27.2 V,27.3 V,27.1 V,27.3 V,1891 rpm,1845 rpm,,798 rpm,1903 rpm,1835 rpm,1828 rpm,1898 rpm,1400 rpm,1866 rpm,1847 rpm
2026-09-09 08:38:00,27.3 V,27.8 V,,27.4 V,27.1 V,,27.2 V,27.2 V,27.4 V,27.0 V,27.4 V,1851 rpm,1845 rpm,,800 rpm,1849 rpm,1838 rpm,1883 rpm,1909 rpm,1401 rpm,1901 rpm,1400 rpm
2026-09-09 08:40:00,27.3 V,27.8 V,,27.4 V,27.0 V,,27.2 V,27.2 V,27.3 V,27.1 V,27.4 V,1886 rpm,1886 rpm,,800 rpm,1812 rpm,1870 rpm,1856 rpm,1826 rpm,1401 rpm,1873 rpm,1401 rpm
2026-09-09 08:42:00,27.3 V,,,27.4 V,26.7 V,27.7 V,27.2 V,27.2 V,27.2 V,27.0 V,27.4 V,1827 rpm,1789 rpm,,799 rpm,1837 rpm,1871 rpm,1849 rpm,1880 rpm,1904 rpm,1869 rpm,1399 rpm
2026-09-09 08:44:00,27.3 V,27.8 V,,27.2 V,26.6 V,27.6 V,27.2 V,27.2 V,27.1 V,27.0 V,27.3 V,1901 rpm,1898 rpm,,800 rpm,1833 rpm,1859 rpm,1892 rpm,1400 rpm,1869 rpm,1844 rpm,1844 rpm
2026-09-09 08:46:00,27.2 V,27.8 V,,27.1 V,26.8 V,27.7 V,27.2 V,27.2 V,27.2 V,27.0 V,27.2 V,1901 rpm,1848 rpm,,1883 rpm,1850 rpm,1837 rpm,1866 rpm,1835 rpm,1836 rpm,800 rpm,1833 rpm
2026-09-09 08:48:00,27.3 V,27.8 V,,26.2 V,26.9 V,27.7 V,27.2 V,27.2 V,27.2 V,27.2 V,27.4 V,1842 rpm,1900 rpm,,1892 rpm,1856 rpm,1857 rpm,1822 rpm,1924 rpm,1897 rpm,799 rpm,1401 rpm
2026-09-09 08:50:00,27.3 V,27.8 V,,27.4 V,26.5 V,27.6 V,27.2 V,27.2 V,27.3 V,27.2 V,27.3 V,1870 rpm,1876 rpm,,801 rpm,1900 rpm,1858 rpm,1828 rpm,1400 rpm,1888 rpm,800 rpm,1869 rpm
2026-09-09 08:52:00,27.3 V,27.8 V,,27.3 V,27.1 V,27.6 V,27.2 V,27.2 V,27.3 V,26.9 V,27.2 V,1901 rpm,1844 rpm,,801 rpm,1844 rpm,1844 rpm,1824 rpm,1861 rpm,1897 rpm,1865 rpm,1901 rpm
2026-09-09 08:54:00,27.3 V,27.8 V,,27.3 V,26.6 V,27.6 V,27.2 V,27.2 V,27.2 V,27.0 V,27.3 V,1895 rpm,1901 rpm,,801 rpm,1899 rpm,1864 rpm,1849 rpm,1837 rpm,1868 rpm,1900 rpm,1875 rpm
2026-09-09 08:56:00,27.3 V,,,27.3 V,27.2 V,27.6 V,27.2 V,27.2 V,27.2 V,27.0 V,27.3 V,1902 rpm,1902 rpm,,1899 rpm,1842 rpm,1846 rpm,1903 rpm,1913 rpm,1838 rpm,1844 rpm,1851 rpm
2026-09-09 08:58:00,27.3 V,,,26.7 V,27.2 V,27.6 V,27.2 V,27.2 V,27.2 V,27.0 V,27.1 V,1846 rpm,1909 rpm,,1840 rpm,1843 rpm,1882 rpm,1834 rpm,1843 rpm,1882 rpm,1898 rpm,1845 rpm
2026-09-09 09:00:00,27.3 V,,,26.2 V,26.7 V,27.6 V,27.2 V,27.2 V,27.2 V,26.9 V,27.2 V,1858 rpm,1852 rpm,,1855 rpm,1410 rpm,1863 rpm,1809 rpm,1399 rpm,1838 rpm,1834 rpm,1840 rpm
2026-09-09 09:02:00,27.3 V,,,26.7 V,26.8 V,27.6 V,27.2 V,27.2 V,27.1 V,27.0 V,27.3 V,1861 rpm,1899 rpm,,1876 rpm,1401 rpm,1901 rpm,1843 rpm,1401 rpm,1819 rpm,1842 rpm,1873 rpm
2026-09-09 09:04:00,27.3 V,27.8 V,,27.1 V,26.8 V,27.6 V,27.2 V,27.2 V,27.1 V,27.0 V,27.2 V,1860 rpm,1899 rpm,,1876 rpm,1399 rpm,1836 rpm,1845 rpm,1844 rpm,1846 rpm,1902 rpm,1830 rpm
2026-09-09 09:06:00,27.3 V,27.8 V,,27.1 V,26.9 V,27.5 V,27.2 V,27.2 V,27.2 V,27.0 V,27.2 V,1882 rpm,1840 rpm,,1866 rpm,1400 rpm,1838 rpm,1904 rpm,1858 rpm,1901 rpm,1898 rpm,1903 rpm
2026-09-09 09:08:00,27.3 V,27.8 V,,26.7 V,26.8 V,27.5 V,27.2 V,27.2 V,27.1 V,27.1 V,27.2 V,1884 rpm,1841 rpm,,1865 rpm,1899 rpm,1886 rpm,1815 rpm,1817 rpm,1901 rpm,1844 rpm,1841 rpm
2026-09-09 09:10:00,27.3 V,27.8 V,,27.2 V,26.8 V,27.2 V,27.2 V,27.2 V,27.1 V,27.0 V,27.3 V,1855 rpm,1902 rpm,,1844 rpm,1836 rpm,1886 rpm,1885 rpm,1834 rpm,1898 rpm,1885 rpm,1861 rpm
2026-09-09 09:12:00,27.3 V,27.8 V,,26.9 V,27.0 V,27.5 V,27.2 V,27.2 V,27.2 V,27.0 V,27.3 V,1898 rpm,1902 rpm,,1898 rpm,1400 rpm,1903 rpm,1833 rpm,1827 rpm,1857 rpm,1849 rpm,1902 rpm
2026-09-09 09:14:00,27.3 V,27.8 V,,26.5 V,27.2 V,27.5 V,27.2 V,27.2 V,27.2 V,26.9 V,27.3 V,1886 rpm,1902 rpm,,1856 rpm,1844 rpm,1853 rpm,1889 rpm,1882 rpm,1899 rpm,1887 rpm,1839 rpm
2026-09-09 09:16:00,27.3 V,27.8 V,,26.6 V,27.0 V,27.6 V,27.1 V,27.2 V,27.2 V,27.0 V,27.2 V,1848 rpm,1903 rpm,,1897 rpm,1839 rpm,1838 rpm,1871 rpm,1899 rpm,1846 rpm,1856 rpm,1845 rpm
2026-09-09 09:18:00,27.3 V,27.8 V,,26.6 V,27.1 V,27.5 V,27.2 V,27.2 V,27.1 V,27.0 V,27.2 V,1839 rpm,1839 rpm,,1898 rpm,1825 rpm,1902 rpm,1900 rpm,1637 rpm,1877 rpm,1844 rpm,1855 rpm
2026-09-09 09:20:00,27.3 V,27.8 V,,27.3 V,26.6 V,27.5 V,27.2 V,27.2 V,27.2 V,27.0 V,27.4 V,1898 rpm,1879 rpm,,1870 rpm,1866 rpm,1858 rpm,1840 rpm,1836 rpm,1898 rpm,1876 rpm,1399 rpm
2026-09-09 09:22:00,27.3 V,,,26.8 V,27.0 V,27.6 V,27.2 V,27.3 V,27.2 V,27.0 V,27.4 V,1878 rpm,1860 rpm,,1899 rpm,1834 rpm,1842 rpm,1840 rpm,1401 rpm,1899 rpm,1909 rpm,1400 rpm
2026-09-09 09:24:00,27.3 V,27.8 V,,27.1 V,26.7 V,27.5 V,27.1 V,27.2 V,27.3 V,27.0 V,27.4 V,1887 rpm,1902 rpm,,1897 rpm,1902 rpm,1872 rpm,1864 rpm,1913 rpm,1400 rpm,1901 rpm,1401 rpm
2026-09-09 09:26:00,27.3 V,27.8 V,,27.3 V,26.7 V,27.5 V,27.1 V,27.2 V,27.2 V,27.1 V,27.5 V,1860 rpm,1902 rpm,,1899 rpm,1400 rpm,1880 rpm,1835 rpm,1876 rpm,1904 rpm,1843 rpm,1399 rpm
2026-09-09 09:28:00,27.3 V,27.8 V,,26.4 V,26.9 V,27.5 V,27.2 V,27.1 V,27.2 V,27.0 V,27.3 V,800 rpm,1842 rpm,,1860 rpm,1400 rpm,1886 rpm,1841 rpm,1882 rpm,1833 rpm,1902 rpm,1836 rpm
2026-09-09 09:30:00,27.0 V,27.8 V,,27.0 V,27.1 V,27.5 V,27.1 V,27.2 V,27.2 V,26.9 V,27.3 V,799 rpm,1844 rpm,,1835 rpm,1895 rpm,1859 rpm,1901 rpm,1845 rpm,1832 rpm,1898 rpm,1874 rpm
2026-09-09 09:32:00,27.2 V,,,26.3 V,26.5 V,27.5 V,27.1 V,27.2 V,27.2 V,27.0 V,27.3 V,799 rpm,1889 rpm,,1844 rpm,1858 rpm,1866 rpm,1902 rpm,1900 rpm,1840 rpm,1852 rpm,1841 rpm
2026-09-09 09:34:00,27.2 V,27.8 V,,26.4 V,27.2 V,,26.8 V,27.2 V,27.1 V,27.0 V,27.2 V,800 rpm,1902 rpm,,1839 rpm,1816 rpm,1843 rpm,1895 rpm,1903 rpm,1830 rpm,1850 rpm,1866 rpm
2026-09-09 09:36:00,27.2 V,27.8 V,,26.2 V,27.0 V,27.5 V,27.1 V,27.2 V,27.1 V,27.0 V,27.2 V,800 rpm,1900 rpm,,1879 rpm,1866 rpm,1842 rpm,1892 rpm,1867 rpm,1837 rpm,1902 rpm,1842 rpm
2026-09-09 09:38:00,27.2 V,27.8 V,,26.7 V,26.6 V,27.5 V,27.1 V,27.2 V,27.2 V,27.0 V,27.3 V,1844 rpm,1888 rpm,,1888 rpm,1889 rpm,1850 rpm,1847 rpm,1899 rpm,1869 rpm,1840 rpm,1402 rpm
2026-09-09 09:40:00,27.2 V,27.8 V,,26.3 V,26.7 V,27.5 V,27.1 V,27.2 V,27.2 V,27.0 V,27.3 V,1882 rpm,1897 rpm,,1889 rpm,1905 rpm,1889 rpm,1863 rpm,1898 rpm,1902 rpm,1840 rpm,1880 rpm
2026-09-09 09:42:00,27.3 V,27.8 V,,26.0 V,27.2 V,27.5 V,27.1 V,27.2 V,27.1 V,26.7 V,27.2 V,1827 rpm,1901 rpm,,1891 rpm,1842 rpm,1861 rpm,1900 rpm,1851 rpm,1841 rpm,1894 rpm,1867 rpm
2026-09-09 09:44:00,27.3 V,27.9 V,,26.9 V,26.5 V,27.5 V,27.2 V,27.2 V,27.2 V,27.1 V,27.2 V,1863 rpm,1844 rpm,,1869 rpm,1838 rpm,1863 rpm,1862 rpm,1861 rpm,1855 rpm,1843 rpm,1866 rpm
2026-09-09 09:46:00,27.3 V,27.8 V,,26.6 V,26.4 V,27.5 V,27.1 V,27.2 V,27.1 V,26.9 V,27.2 V,1884 rpm,1843 rpm,,1876 rpm,1835 rpm,1848 rpm,1842 rpm,1846 rpm,1842 rpm,1851 rpm,1898 rpm
2026-09-09 09:48:00,27.3 V,27.8 V,,26.6 V,27.1 V,27.5 V,27.1 V,27.2 V,27.2 V,27.0 V,27.2 V,1838 rpm,1844 rpm,,891 rpm,1821 rpm,1855 rpm,1840 rpm,1401 rpm,1854 rpm,1896 rpm,1828 rpm
2026-09-09 09:50:00,27.2 V,27.8 V,,27.2 V,26.6 V,27.5 V,27.1 V,27.2 V,27.2 V,27.0 V,27.3 V,1859 rpm,1842 rpm,,799 rpm,1834 rpm,1841 rpm,1905 rpm,1846 rpm,1839 rpm,1852 rpm,1825 rpm
2026-09-09 09:52:00,27.3 V,27.8 V,,27.2 V,26.9 V,27.5 V,27.1 V,27.2 V,27.2 V,26.9 V,27.2 V,,1859 rpm,,799 rpm,1848 rpm,1835 rpm,1832 rpm,1401 rpm,1865 rpm,1887 rpm,1896 rpm
2026-09-09 09:54:00,27.3 V,27.8 V,,27.2 V,26.5 V,27.5 V,27.1 V,27.2 V,27.1 V,27.0 V,27.4 V,1834 rpm,1899 rpm,,799 rpm,1868 rpm,1901 rpm,1846 rpm,1850 rpm,1824 rpm,1858 rpm,1400 rpm
2026-09-09 09:56:00,27.2 V,27.8 V,,27.2 V,26.4 V,27.5 V,27.1 V,27.2 V,27.1 V,27.0 V,27.3 V,1872 rpm,1864 rpm,,800 rpm,1857 rpm,1833 rpm,1862 rpm,1839 rpm,1897 rpm,1874 rpm,1400 rpm
2026-09-09 09:58:00,27.2 V,27.8 V,,27.3 V,27.0 V,27.5 V,27.1 V,27.2 V,27.2 V,26.9 V,27.5 V,1885 rpm,1842 rpm,,799 rpm,1838 rpm,1897 rpm,1920 rpm,1903 rpm,1890 rpm,1852 rpm,1400 rpm
2026-09-09 10:00:00,27.3 V,27.8 V,,27.3 V,26.7 V,27.5 V,27.1 V,27.1 V,27.1 V,27.0 V,27.4 V,1841 rpm,1899 rpm,,800 rpm,1859 rpm,1873 rpm,1851 rpm,1856 rpm,1893 rpm,1872 rpm,1400 rpm
2026-09-09 10:02:00,27.3 V,,,27.3 V,26.5 V,27.5 V,27.1 V,27.2 V,27.2 V,27.0 V,27.3 V,1908 rpm,1898 rpm,,800 rpm,1827 rpm,1847 rpm,1868 rpm,1849 rpm,1900 rpm,1871 rpm,1840 rpm
2026-09-09 10:04:00,27.3 V,27.8 V,27.8 V,27.2 V,26.4 V,27.6 V,27.1 V,27.2 V,27.1 V,27.1 V,27.2 V,1851 rpm,1902 rpm,800 rpm,801 rpm,1836 rpm,1881 rpm,1836 rpm,1840 rpm,1896 rpm,1855 rpm,1845 rpm
2026-09-09 10:06:00,27.3 V,27.8 V,,27.0 V,27.0 V,27.6 V,27.1 V,27.2 V,27.2 V,27.0 V,27.3 V,1854 rpm,1903 rpm,800 rpm,1851 rpm,1844 rpm,1834 rpm,1867 rpm,1866 rpm,1906 rpm,1885 rpm,1877 rpm
2026-09-09 10:08:00,27.2 V,27.8 V,,27.1 V,26.7 V,27.5 V,27.1 V,27.2 V,27.2 V,27.1 V,27.2 V,1860 rpm,1902 rpm,801 rpm,1853 rpm,1848 rpm,1872 rpm,1819 rpm,1856 rpm,1907 rpm,1894 rpm,1866 rpm
2026-09-09 10:10:00,27.2 V,,27.7 V,27.2 V,27.0 V,27.6 V,26.9 V,27.2 V,27.3 V,27.0 V,27.2 V,1841 rpm,1848 rpm,800 rpm,1841 rpm,1832 rpm,1861 rpm,1884 rpm,1400 rpm,1400 rpm,1875 rpm,1843 rpm
2026-09-09 10:12:00,27.3 V,,,27.1 V,27.1 V,27.6 V,27.1 V,27.2 V,27.2 V,27.1 V,27.4 V,1856 rpm,1899 rpm,799 rpm,1892 rpm,1842 rpm,1850 rpm,1872 rpm,1853 rpm,1884 rpm,1859 rpm,1399 rpm
2026-09-09 10:14:00,27.3 V,27.8 V,27.7 V,27.2 V,26.4 V,27.6 V,27.2 V,27.2 V,27.1 V,27.1 V,27.4 V,1869 rpm,1899 rpm,799 rpm,1858 rpm,1898 rpm,1890 rpm,1901 rpm,1840 rpm,1901 rpm,1894 rpm,1401 rpm
2026-09-09 10:16:00,27.2 V,27.8 V,27.7 V,26.5 V,27.0 V,27.6 V,27.1 V,26.9 V,27.1 V,27.1 V,27.3 V,1885 rpm,1897 rpm,800 rpm,1845 rpm,1836 rpm,1871 rpm,1901 rpm,1884 rpm,1900 rpm,1861 rpm,1904 rpm
2026-09-09 10:18:00,27.3 V,27.8 V,27.7 V,26.6 V,26.9 V,27.6 V,27.1 V,27.2 V,27.1 V,27.0 V,27.2 V,1832 rpm,1902 rpm,801 rpm,1899 rpm,1838 rpm,1905 rpm,1841 rpm,1848 rpm,1902 rpm,1893 rpm,1870 rpm
2026-09-09 10:20:00,27.2 V,27.8 V,27.7 V,26.3 V,27.1 V,27.6 V,27.1 V,27.2 V,27.1 V,27.0 V,27.3 V,1871 rpm,1845 rpm,800 rpm,1907 rpm,1835 rpm,1901 rpm,1868 rpm,1871 rpm,1844 rpm,1902 rpm,1831 rpm
2026-09-09 10:22:00,27.2 V,27.8 V,27.7 V,26.1 V,26.9 V,27.6 V,27.2 V,27.1 V,27.2 V,27.1 V,27.4 V,1853 rpm,1881 rpm,800 rpm,1872 rpm,1852 rpm,1896 rpm,1840 rpm,1902 rpm,1850 rpm,1904 rpm,800 rpm
2026-09-09 10:24:00,27.2 V,27.8 V,27.6 V,26.2 V,26.9 V,27.6 V,27.2 V,27.2 V,27.2 V,27.0 V,27.3 V,1853 rpm,1853 rpm,1902 rpm,1863 rpm,1838 rpm,1845 rpm,1834 rpm,1842 rpm,1902 rpm,1875 rpm,1849 rpm
2026-09-09 10:26:00,27.2 V,,27.7 V,26.3 V,27.1 V,27.5 V,27.1 V,27.2 V,27.1 V,27.0 V,27.3 V,1859 rpm,1790 rpm,1899 rpm,1901 rpm,1833 rpm,1834 rpm,1842 rpm,1399 rpm,1900 rpm,1843 rpm,1852 rpm
2026-09-09 10:28:00,27.2 V,27.8 V,27.6 V,26.1 V,26.4 V,27.2 V,27.2 V,27.2 V,27.1 V,27.0 V,27.3 V,1843 rpm,1869 rpm,800 rpm,1899 rpm,1832 rpm,1816 rpm,1901 rpm,1861 rpm,1894 rpm,1898 rpm,1829 rpm
2026-09-09 10:30:00,27.2 V,27.8 V,27.6 V,26.5 V,26.8 V,27.6 V,27.2 V,27.2 V,27.1 V,27.0 V,27.2 V,1853 rpm,1811 rpm,800 rpm,1899 rpm,1399 rpm,1848 rpm,1856 rpm,1818 rpm,1781 rpm,1881 rpm,1844 rpm
2026-09-09 10:32:00,27.3 V,27.8 V,27.7 V,27.3 V,27.1 V,27.5 V,27.2 V,27.2 V,27.1 V,27.0 V,27.2 V,1905 rpm,1841 rpm,800 rpm,1900 rpm,1856 rpm,1862 rpm,1835 rpm,1898 rpm,1900 rpm,1843 rpm,1853 rpm
2026-09-09 10:34:00,27.3 V,27.8 V,27.6 V,26.0 V,26.4 V,27.5 V,27.2 V,27.2 V,27.1 V,27.1 V,27.4 V,1400 rpm,1844 rpm,799 rpm,1902 rpm,1835 rpm,1865 rpm,1835 rpm,1849 rpm,1900 rpm,1897 rpm,1400 rpm
2026-09-09 10:36:00,27.1 V,27.8 V,27.6 V,26.4 V,27.1 V,27.5 V,27.2 V,27.2 V,,26.9 V,27.4 V,1401 rpm,1898 rpm,800 rpm,1901 rpm,1852 rpm,1879 rpm,1837 rpm,1840 rpm,1868 rpm,1838 rpm,1401 rpm
2026-09-09 10:38:00,27.3 V,27.8 V,27.6 V,26.1 V,26.5 V,27.5 V,27.2 V,27.1 V,,27.0 V,27.3 V,1401 rpm,1842 rpm,800 rpm,1847 rpm,1851 rpm,801 rpm,1839 rpm,1848 rpm,1873 rpm,1835 rpm,1870 rpm
2026-09-09 10:40:00,27.3 V,27.7 V,27.6 V,26.5 V,26.6 V,27.5 V,27.1 V,27.1 V,27.1 V,27.1 V,27.2 V,1399 rpm,1868 rpm,800 rpm,1900 rpm,1856 rpm,1871 rpm,1839 rpm,1900 rpm,1888 rpm,1845 rpm,1847 rpm
2026-09-09 10:42:00,27.3 V,,,27.2 V,27.1 V,27.5 V,27.2 V,27.1 V,27.2 V,27.0 V,27.2 V,1401 rpm,1883 rpm,1877 rpm,1843 rpm,1848 rpm,1874 rpm,1850 rpm,1867 rpm,1893 rpm,1899 rpm,1865 rpm
2026-09-09 10:44:00,27.3 V,27.8 V,27.5 V,26.1 V,26.6 V,27.5 V,27.1 V,27.1 V,27.2 V,27.0 V,27.4 V,1399 rpm,1902 rpm,800 rpm,1914 rpm,1846 rpm,1902 rpm,1791 rpm,1848 rpm,1904 rpm,1897 rpm,1401 rpm
2026-09-09 10:46:00,27.3 V,,27.5 V,26.9 V,26.6 V,27.5 V,27.2 V,27.1 V,27.3 V,27.0 V,27.5 V,1899 rpm,1839 rpm,1858 rpm,1840 rpm,1855 rpm,799 rpm,1867 rpm,1839 rpm,1401 rpm,1843 rpm,1400 rpm
2026-09-09 10:48:00,27.3 V,27.8 V,,27.0 V,26.5 V,27.5 V,27.2 V,27.1 V,27.2 V,27.0 V,27.4 V,1860 rpm,1873 rpm,800 rpm,1840 rpm,1882 rpm,800 rpm,1835 rpm,1802 rpm,1837 rpm,1860 rpm,1401 rpm
2026-09-09 10:50:00,27.3 V,27.8 V,27.5 V,26.7 V,26.4 V,27.5 V,27.1 V,27.1 V,27.1 V,27.1 V,27.4 V,1877 rpm,1856 rpm,800 rpm,1845 rpm,1844 rpm,800 rpm,1879 rpm,1867 rpm,1857 rpm,1839 rpm,1400 rpm
2026-09-09 10:52:00,27.3 V,27.7 V,27.5 V,26.3 V,27.2 V,27.5 V,27.1 V,27.1 V,27.1 V,27.0 V,27.4 V,1844 rpm,1848 rpm,1901 rpm,1821 rpm,800 rpm,799 rpm,1853 rpm,1870 rpm,1903 rpm,1898 rpm,1866 rpm
2026-09-09 10:54:00,27.3 V,27.8 V,27.5 V,27.1 V,27.2 V,27.6 V,27.1 V,27.2 V,27.2 V,27.0 V,27.3 V,1838 rpm,1833 rpm,1899 rpm,1838 rpm,800 rpm,800 rpm,1839 rpm,1885 rpm,1400 rpm,1902 rpm,1851 rpm
2026-09-09 10:56:00,27.2 V,27.8 V,27.5 V,26.2 V,27.0 V,27.6 V,27.1 V,27.1 V,27.3 V,27.0 V,27.2 V,1902 rpm,1870 rpm,1851 rpm,1862 rpm,801 rpm,800 rpm,1871 rpm,1886 rpm,1401 rpm,1842 rpm,1827 rpm
2026-09-09 10:58:00,27.2 V,27.8 V,27.5 V,27.0 V,26.5 V,27.6 V,27.1 V,27.2 V,27.2 V,26.9 V,27.3 V,1909 rpm,1896 rpm,1844 rpm,1873 rpm,1838 rpm,800 rpm,1833 rpm,1890 rpm,1840 rpm,1901 rpm,1848 rpm
2026-09-09 11:00:00,27.2 V,27.8 V,27.4 V,26.1 V,27.1 V,27.6 V,27.2 V,27.2 V,27.1 V,27.0 V,27.2 V,1860 rpm,1899 rpm,800 rpm,1861 rpm,1800 rpm,799 rpm,924 rpm,1852 rpm,1902 rpm,1856 rpm,1902 rpm
2026-09-09 11:02:00,27.2 V,27.8 V,,26.5 V,26.9 V,27.5 V,27.1 V,27.1 V,27.1 V,27.0 V,27.3 V,1840 rpm,1902 rpm,800 rpm,1860 rpm,1399 rpm,799 rpm,800 rpm,1857 rpm,1860 rpm,1830 rpm,1862 rpm
2026-09-09 11:04:00,27.2 V,27.8 V,27.4 V,27.1 V,27.1 V,,27.1 V,27.2 V,27.1 V,27.0 V,27.2 V,1841 rpm,1879 rpm,800 rpm,1851 rpm,1400 rpm,1899 rpm,1873 rpm,1775 rpm,1836 rpm,1835 rpm,1849 rpm
2026-09-09 11:06:00,27.2 V,27.5 V,,27.2 V,26.6 V,27.6 V,27.2 V,27.2 V,27.1 V,27.0 V,27.2 V,1867 rpm,1883 rpm,800 rpm,1884 rpm,1400 rpm,799 rpm,1855 rpm,1838 rpm,1891 rpm,1882 rpm,1852 rpm
2026-09-09 11:08:00,27.2 V,27.8 V,,27.3 V,26.9 V,27.6 V,26.9 V,27.1 V,27.3 V,26.9 V,27.2 V,1882 rpm,1841 rpm,799 rpm,1889 rpm,1901 rpm,801 rpm,1861 rpm,1837 rpm,1852 rpm,1873 rpm,1865 rpm
2026-09-09 11:10:00,27.2 V,,27.4 V,27.0 V,26.9 V,27.6 V,27.2 V,27.2 V,27.3 V,26.9 V,27.2 V,1840 rpm,1843 rpm,800 rpm,1863 rpm,1859 rpm,800 rpm,1847 rpm,1854 rpm,1400 rpm,1865 rpm,1860 rpm
2026-09-09 11:12:00,27.2 V,,27.3 V,26.4 V,27.0 V,27.6 V,27.2 V,27.2 V,27.1 V,27.0 V,27.4 V,1901 rpm,1839 rpm,800 rpm,1876 rpm,1863 rpm,800 rpm,1824 rpm,1856 rpm,1891 rpm,1853 rpm,1400 rpm
2026-09-09 11:14:00,27.3 V,27.8 V,27.3 V,26.8 V,27.1 V,27.6 V,27.2 V,27.0 V,27.2 V,26.9 V,27.4 V,1898 rpm,1842 rpm,801 rpm,1892 rpm,1833 rpm,800 rpm,1828 rpm,1851 rpm,1837 rpm,1829 rpm,1399 rpm
2026-09-09 11:16:00,27.3 V,27.8 V,27.3 V,26.7 V,26.5 V,27.6 V,27.2 V,27.1 V,27.1 V,27.0 V,27.3 V,1873 rpm,1852 rpm,800 rpm,1840 rpm,1854 rpm,1857 rpm,1841 rpm,1860 rpm,1875 rpm,1842 rpm,1894 rpm
2026-09-09 11:18:00,27.3 V,27.8 V,,26.2 V,26.7 V,27.6 V,27.2 V,27.1 V,27.3 V,26.5 V,27.2 V,1848 rpm,1883 rpm,800 rpm,1857 rpm,1400 rpm,1867 rpm,1877 rpm,1834 rpm,1403 rpm,1873 rpm,1842 rpm
2026-09-09 11:20:00,27.3 V,27.8 V,27.3 V,26.7 V,27.1 V,27.6 V,27.2 V,27.1 V,27.2 V,27.0 V,27.2 V,1872 rpm,1864 rpm,800 rpm,1863 rpm,1400 rpm,1899 rpm,1898 rpm,1865 rpm,1400 rpm,1843 rpm,1850 rpm
2026-09-09 11:22:00,27.3 V,27.8 V,27.3 V,26.6 V,27.0 V,27.6 V,27.3 V,27.2 V,27.3 V,27.0 V,27.1 V,1789 rpm,1837 rpm,800 rpm,1869 rpm,1894 rpm,1860 rpm,1835 rpm,1859 rpm,1400 rpm,1874 rpm,1859 rpm
2026-09-09 11:24:00,27.3 V,27.8 V,27.3 V,26.9 V,26.6 V,27.6 V,27.2 V,26.8 V,27.2 V,,27.4 V,1906 rpm,800 rpm,800 rpm,1882 rpm,1842 rpm,1888 rpm,1839 rpm,1872 rpm,1400 rpm,1885 rpm,1400 rpm
2026-09-09 11:26:00,27.3 V,27.7 V,27.2 V,26.4 V,27.0 V,27.6 V,27.2 V,27.2 V,27.2 V,27.0 V,27.4 V,1846 rpm,800 rpm,800 rpm,1905 rpm,1847 rpm,1901 rpm,1818 rpm,1881 rpm,1399 rpm,1891 rpm,1400 rpm
2026-09-09 11:28:00,27.3 V,27.8 V,27.4 V,26.3 V,26.7 V,27.6 V,27.3 V,27.1 V,27.2 V,27.0 V,27.3 V,1902 rpm,1865 rpm,800 rpm,1881 rpm,1819 rpm,1871 rpm,1866 rpm,1901 rpm,1839 rpm,1875 rpm,1400 rpm
2026-09-09 11:30:00,27.3 V,27.8 V,27.4 V,27.0 V,27.1 V,27.6 V,27.2 V,27.1 V,27.2 V,26.9 V,27.4 V,1872 rpm,1902 rpm,1901 rpm,1837 rpm,1865 rpm,1903 rpm,1848 rpm,1859 rpm,1897 rpm,1834 rpm,1400 rpm
2026-09-09 11:32:00,27.3 V,27.8 V,,26.9 V,26.5 V,27.6 V,27.2 V,26.8 V,27.2 V,27.0 V,27.3 V,1866 rpm,1839 rpm,1895 rpm,1834 rpm,1789 rpm,1847 rpm,1892 rpm,1873 rpm,1784 rpm,1898 rpm,1901 rpm
2026-09-09 11:34:00,27.3 V,27.8 V,27.5 V,26.8 V,26.8 V,27.2 V,27.2 V,27.1 V,27.2 V,26.9 V,27.3 V,1857 rpm,1840 rpm,1900 rpm,1851 rpm,1400 rpm,1854 rpm,1886 rpm,1894 rpm,1847 rpm,1902 rpm,1837 rpm
2026-09-09 11:36:00,27.3 V,27.8 V,27.4 V,26.7 V,27.0 V,,27.0 V,27.1 V,27.1 V,26.9 V,27.3 V,1878 rpm,1779 rpm,800 rpm,1901 rpm,1399 rpm,1890 rpm,1804 rpm,1874 rpm,1901 rpm,1901 rpm,1839 rpm
2026-09-09 11:38:00,27.3 V,27.8 V,27.5 V,26.2 V,26.9 V,,27.2 V,27.2 V,27.1 V,27.1 V,27.3 V,1842 rpm,1878 rpm,799 rpm,1893 rpm,1834 rpm,,1897 rpm,1836 rpm,1911 rpm,800 rpm,1858 rpm
2026-09-09 11:40:00,27.3 V,27.8 V,27.5 V,26.3 V,26.6 V,,27.2 V,27.2 V,27.2 V,26.9 V,27.2 V,1894 rpm,1900 rpm,800 rpm,1836 rpm,1838 rpm,,1809 rpm,1770 rpm,1839 rpm,1864 rpm,1901 rpm
2026-09-09 11:42:00,27.2 V,27.8 V,,27.1 V,26.9 V,,27.2 V,27.2 V,27.2 V,27.0 V,27.2 V,1855 rpm,1847 rpm,800 rpm,1859 rpm,1884 rpm,,1889 rpm,1829 rpm,1869 rpm,1843 rpm,1841 rpm
2026-09-09 11:44:00,27.2 V,27.8 V,27.5 V,27.2 V,26.6 V,,27.2 V,27.2 V,27.1 V,27.0 V,27.3 V,1904 rpm,1904 rpm,802 rpm,1846 rpm,1401 rpm,,1869 rpm,1837 rpm,1827 rpm,1841 rpm,1901 rpm
2026-09-09 11:46:00,27.2 V,27.8 V,,26.0 V,27.0 V,,27.2 V,27.1 V,27.2 V,27.0 V,27.4 V,1843 rpm,1895 rpm,1880 rpm,1838 rpm,1840 rpm,,1899 rpm,1837 rpm,1898 rpm,1863 rpm,1401 rpm
2026-09-09 11:48:00,27.3 V,27.8 V,,26.1 V,26.8 V,,27.2 V,27.1 V,27.0 V,27.1 V,27.4 V,1892 rpm,1865 rpm,1400 rpm,1862 rpm,1869 rpm,,1917 rpm,1835 rpm,1901 rpm,801 rpm,1400 rpm
2026-09-09 11:50:00,27.2 V,27.8 V,27.5 V,27.2 V,26.9 V,,27.2 V,27.2 V,27.1 V,27.1 V,27.4 V,1885 rpm,1876 rpm,1882 rpm,1916 rpm,1400 rpm,,1835 rpm,1875 rpm,1906 rpm,800 rpm,1400 rpm
2026-09-09 11:52:00,27.3 V,,27.4 V,26.8 V,26.9 V,,27.2 V,27.1 V,27.2 V,27.1 V,27.4 V,1830 rpm,1842 rpm,800 rpm,1897 rpm,1402 rpm,,1839 rpm,1876 rpm,1848 rpm,800 rpm,1400 rpm
2026-09-09 11:54:00,27.2 V,27.8 V,27.5 V,27.2 V,26.3 V,,27.2 V,27.2 V,27.2 V,27.0 V,27.4 V,1915 rpm,1844 rpm,1896 rpm,1897 rpm,1846 rpm,,1836 rpm,1853 rpm,1882 rpm,801 rpm,800 rpm
2026-09-09 11:56:00,27.2 V,27.8 V,27.5 V,26.0 V,26.6 V,,27.2 V,27.2 V,27.1 V,26.6 V,27.4 V,1883 rpm,1851 rpm,1901 rpm,1900 rpm,1868 rpm,,1908 rpm,1399 rpm,1874 rpm,800 rpm,1401 rpm
2026-09-09 11:58:00,27.3 V,27.8 V,,27.2 V,26.8 V,,27.2 V,26.9 V,27.2 V,27.1 V,27.4 V,1866 rpm,1841 rpm,1885 rpm,1892 rpm,1401 rpm,,1889 rpm,800 rpm,1854 rpm,800 rpm,1400 rpm
2026-09-09 12:00:00,27.3 V,27.8 V,27.4 V,26.8 V,26.9 V,,27.2 V,25.9 V,27.2 V,26.9 V,27.3 V,1842 rpm,1872 rpm,1885 rpm,1878 rpm,1401 rpm,1881 rpm,1879 rpm,800 rpm,1899 rpm,1877 rpm,1871 rpm
2026-09-09 12:02:00,27.3 V,,27.5 V,26.9 V,27.1 V,27.3 V,27.2 V,27.1 V,27.1 V,26.9 V,27.3 V,1846 rpm,1900 rpm,1899 rpm,1837 rpm,1906 rpm,1908 rpm,1842 rpm,1797 rpm,1904 rpm,1856 rpm,1897 rpm
2026-09-09 12:04:00,27.3 V,27.8 V,27.4 V,27.1 V,27.0 V,27.6 V,27.3 V,27.1 V,27.1 V,27.0 V,27.3 V,1858 rpm,1894 rpm,1888 rpm,1859 rpm,1849 rpm,1836 rpm,0 rpm,1836 rpm,1885 rpm,1869 rpm,1916 rpm
2026-09-09 12:06:00,27.3 V,27.8 V,27.5 V,26.9 V,26.7 V,27.6 V,27.3 V,27.1 V,27.1 V,27.0 V,27.2 V,1887 rpm,1837 rpm,1866 rpm,1861 rpm,1841 rpm,1848 rpm,,1835 rpm,1846 rpm,1844 rpm,1853 rpm
2026-09-09 12:08:00,27.3 V,,,26.3 V,27.1 V,27.6 V,27.3 V,27.1 V,27.2 V,27.0 V,27.2 V,1875 rpm,1859 rpm,1897 rpm,1841 rpm,1400 rpm,1823 rpm,,1844 rpm,1400 rpm,1899 rpm,1909 rpm
2026-09-09 12:10:00,27.3 V,27.8 V,27.5 V,26.0 V,26.7 V,,,27.1 V,27.3 V,27.0 V,27.3 V,1852 rpm,1852 rpm,1890 rpm,1840 rpm,1834 rpm,1886 rpm,,1856 rpm,1401 rpm,1904 rpm,1399 rpm
2026-09-09 12:12:00,27.3 V,,,27.2 V,27.0 V,27.6 V,,27.1 V,27.2 V,27.0 V,27.2 V,1850 rpm,1903 rpm,1863 rpm,1878 rpm,1398 rpm,1876 rpm,,1401 rpm,1399 rpm,1836 rpm,1902 rpm
2026-09-09 12:14:00,27.3 V,27.8 V,,26.2 V,26.6 V,27.6 V,,27.2 V,27.3 V,26.6 V,27.1 V,1850 rpm,1857 rpm,1888 rpm,1840 rpm,1901 rpm,1867 rpm,,1850 rpm,1400 rpm,1844 rpm,1828 rpm
2026-09-09 12:16:00,27.3 V,,27.5 V,26.2 V,26.3 V,27.5 V,,27.1 V,27.2 V,27.0 V,27.2 V,1859 rpm,1869 rpm,1861 rpm,1899 rpm,1836 rpm,1901 rpm,,1878 rpm,1401 rpm,1854 rpm,1868 rpm
2026-09-09 12:18:00,27.3 V,,,27.2 V,26.9 V,,,27.1 V,27.0 V,26.9 V,27.2 V,1861 rpm,1897 rpm,1847 rpm,1898 rpm,1401 rpm,1882 rpm,,1903 rpm,1844 rpm,1840 rpm,1867 rpm
2026-09-09 12:20:00,27.3 V,27.8 V,27.4 V,26.7 V,26.6 V,,,27.1 V,27.1 V,27.1 V,27.2 V,1844 rpm,1864 rpm,1851 rpm,1910 rpm,1400 rpm,1831 rpm,,1877 rpm,1865 rpm,799 rpm,1845 rpm
2026-09-09 12:22:00,27.3 V,27.8 V,,26.2 V,27.0 V,27.5 V,,27.1 V,27.1 V,27.0 V,27.2 V,1903 rpm,1865 rpm,1849 rpm,1840 rpm,1400 rpm,1863 rpm,,1475 rpm,1895 rpm,1908 rpm,1853 rpm
2026-09-09 12:24:00,27.3 V,27.7 V,,26.3 V,27.0 V,27.5 V,,27.2 V,27.2 V,27.0 V,27.2 V,1898 rpm,1867 rpm,1845 rpm,1801 rpm,1866 rpm,1890 rpm,,1872 rpm,1904 rpm,1840 rpm,1400 rpm
2026-09-09 12:26:00,27.3 V,27.8 V,27.5 V,26.4 V,27.0 V,27.5 V,,27.2 V,27.1 V,26.9 V,27.3 V,1906 rpm,1873 rpm,1881 rpm,1873 rpm,1857 rpm,1866 rpm,,1874 rpm,1898 rpm,1865 rpm,1400 rpm
2026-09-09 12:28:00,27.3 V,27.8 V,27.4 V,26.3 V,27.1 V,27.5 V,,27.2 V,27.0 V,27.0 V,27.3 V,1846 rpm,1835 rpm,1847 rpm,1905 rpm,1400 rpm,1853 rpm,,1837 rpm,1828 rpm,1833 rpm,1402 rpm
2026-09-09 12:30:00,27.3 V,27.8 V,27.5 V,26.7 V,27.0 V,27.5 V,,27.1 V,27.1 V,26.9 V,27.3 V,1869 rpm,1879 rpm,1875 rpm,1838 rpm,1399 rpm,1876 rpm,,1862 rpm,1869 rpm,1847 rpm,1898 rpm
2026-09-09 12:32:00,27.3 V,27.8 V,,26.0 V,26.8 V,27.5 V,,27.2 V,27.2 V,27.0 V,27.2 V,1862 rpm,1882 rpm,1399 rpm,1870 rpm,1810 rpm,1857 rpm,,1399 rpm,1856 rpm,1897 rpm,1842 rpm
2026-09-09 12:34:00,27.3 V,27.8 V,,26.5 V,27.0 V,27.5 V,,27.2 V,27.2 V,26.8 V,27.2 V,1869 rpm,1845 rpm,1860 rpm,1828 rpm,1400 rpm,1823 rpm,,1400 rpm,1864 rpm,1879 rpm,1854 rpm
2026-09-09 12:36:00,27.3 V,27.8 V,27.5 V,26.2 V,27.0 V,27.5 V,,27.2 V,27.1 V,27.0 V,27.4 V,1891 rpm,1886 rpm,1843 rpm,1838 rpm,1400 rpm,1822 rpm,,1399 rpm,1838 rpm,1840 rpm,1399 rpm
2026-09-09 12:38:00,27.3 V,27.8 V,,25.8 V,26.6 V,27.5 V,,27.2 V,27.1 V,27.0 V,27.3 V,1860 rpm,1885 rpm,1882 rpm,1765 rpm,1400 rpm,1837 rpm,,1400 rpm,1893 rpm,1905 rpm,1400 rpm
2026-09-09 12:40:00,27.3 V,27.8 V,27.5 V,26.6 V,26.7 V,27.5 V,,27.2 V,27.0 V,26.9 V,27.3 V,1833 rpm,1842 rpm,1895 rpm,1903 rpm,1400 rpm,1869 rpm,,1400 rpm,1840 rpm,1862 rpm,1400 rpm
2026-09-09 12:42:00,27.3 V,,,26.1 V,26.8 V,27.5 V,,27.2 V,27.1 V,27.0 V,27.4 V,1884 rpm,1837 rpm,1865 rpm,1871 rpm,1400 rpm,1861 rpm,342 rpm,1400 rpm,1908 rpm,1839 rpm,1400 rpm
2026-09-09 12:44:00,27.3 V,27.8 V,,26.7 V,26.4 V,27.5 V,,27.2 V,27.2 V,26.9 V,27.4 V,1856 rpm,1871 rpm,1878 rpm,1845 rpm,1850 rpm,1884 rpm,,1400 rpm,1862 rpm,1912 rpm,1400 rpm
2026-09-09 12:46:00,27.3 V,,27.5 V,26.5 V,27.0 V,27.5 V,27.3 V,27.2 V,27.1 V,27.0 V,27.3 V,1853 rpm,1823 rpm,1838 rpm,1885 rpm,1834 rpm,1900 rpm,1878 rpm,1879 rpm,1899 rpm,1883 rpm,1400 rpm
2026-09-09 12:48:00,27.3 V,,27.5 V,26.5 V,26.7 V,27.5 V,27.3 V,27.2 V,27.1 V,27.0 V,27.4 V,1857 rpm,1856 rpm,1885 rpm,1839 rpm,1840 rpm,1868 rpm,1884 rpm,1901 rpm,1901 rpm,1861 rpm,1401 rpm
2026-09-09 12:50:00,27.3 V,27.7 V,27.5 V,26.7 V,26.5 V,27.5 V,27.2 V,27.2 V,27.1 V,26.9 V,27.2 V,1869 rpm,1822 rpm,1891 rpm,1878 rpm,1835 rpm,1905 rpm,1857 rpm,1840 rpm,1899 rpm,1864 rpm,1880 rpm
2026-09-09 12:52:00,27.2 V,27.7 V,,26.4 V,27.1 V,27.5 V,27.3 V,27.2 V,27.2 V,26.9 V,27.2 V,1852 rpm,1825 rpm,1877 rpm,1850 rpm,1757 rpm,1831 rpm,1893 rpm,1839 rpm,1873 rpm,1876 rpm,1901 rpm
2026-09-09 12:54:00,27.3 V,27.8 V,,26.3 V,26.9 V,27.5 V,27.3 V,27.1 V,27.2 V,27.0 V,27.3 V,1840 rpm,1858 rpm,1841 rpm,1899 rpm,1656 rpm,1859 rpm,1836 rpm,1401 rpm,1843 rpm,1870 rpm,1875 rpm
2026-09-09 12:56:00,27.2 V,27.7 V,27.5 V,26.7 V,27.1 V,27.6 V,27.3 V,27.2 V,27.0 V,27.0 V,27.3 V,1859 rpm,1870 rpm,1853 rpm,1852 rpm,1846 rpm,1857 rpm,1862 rpm,1400 rpm,1904 rpm,1905 rpm,1882 rpm
2026-09-09 12:58:00,27.2 V,27.8 V,,26.3 V,26.4 V,27.5 V,27.3 V,27.2 V,27.2 V,26.9 V,27.2 V,1903 rpm,1895 rpm,1848 rpm,1858 rpm,1400 rpm,1871 rpm,1837 rpm,1815 rpm,1438 rpm,1850 rpm,1879 rpm
2026-09-09 13:00:00,27.3 V,27.8 V,27.5 V,27.1 V,27.0 V,27.5 V,27.3 V,27.2 V,27.3 V,27.0 V,27.2 V,1836 rpm,1881 rpm,1906 rpm,1818 rpm,1899 rpm,1812 rpm,1897 rpm,1907 rpm,1399 rpm,1901 rpm,1897 rpm
2026-09-09 13:02:00,27.2 V,27.8 V,27.5 V,27.0 V,26.4 V,27.5 V,27.3 V,27.2 V,27.3 V,26.9 V,27.2 V,1851 rpm,1896 rpm,1896 rpm,1857 rpm,1857 rpm,1876 rpm,1856 rpm,1836 rpm,1400 rpm,1902 rpm,1900 rpm
2026-09-09 13:04:00,27.3 V,27.8 V,,26.6 V,26.3 V,27.5 V,27.2 V,27.2 V,27.2 V,27.0 V,27.3 V,1902 rpm,1835 rpm,1861 rpm,1856 rpm,1833 rpm,1858 rpm,1873 rpm,1888 rpm,1399 rpm,1831 rpm,1844 rpm
2026-09-09 13:06:00,27.2 V,27.8 V,27.5 V,26.3 V,27.1 V,27.5 V,27.3 V,27.2 V,27.2 V,27.0 V,26.2 V,1842 rpm,1893 rpm,1883 rpm,1835 rpm,1899 rpm,1858 rpm,1857 rpm,1877 rpm,1399 rpm,1900 rpm,800 rpm
2026-09-09 13:08:00,27.2 V,27.8 V,,26.8 V,26.9 V,27.5 V,27.3 V,27.2 V,27.2 V,26.9 V,27.4 V,1838 rpm,1837 rpm,1916 rpm,1860 rpm,1400 rpm,1873 rpm,1873 rpm,1878 rpm,1401 rpm,1840 rpm,800 rpm
2026-09-09 13:10:00,27.2 V,27.8 V,,26.0 V,27.1 V,27.5 V,27.2 V,27.1 V,27.2 V,26.9 V,27.2 V,1856 rpm,1855 rpm,1866 rpm,1861 rpm,1399 rpm,1902 rpm,1847 rpm,1837 rpm,1400 rpm,1868 rpm,1399 rpm
2026-09-09 13:12:00,27.3 V,,,26.5 V,26.5 V,27.5 V,27.2 V,27.1 V,27.1 V,26.9 V,27.1 V,1901 rpm,1834 rpm,1842 rpm,1840 rpm,1401 rpm,1837 rpm,1885 rpm,1868 rpm,1899 rpm,1869 rpm,1878 rpm
2026-09-09 13:14:00,27.3 V,27.8 V,,26.9 V,27.1 V,27.5 V,27.2 V,27.1 V,27.2 V,26.9 V,27.2 V,1873 rpm,1893 rpm,1857 rpm,1895 rpm,1835 rpm,1896 rpm,1909 rpm,1898 rpm,1847 rpm,1876 rpm,1871 rpm
2026-09-09 13:16:00,27.3 V,27.8 V,27.5 V,26.1 V,27.2 V,27.5 V,27.2 V,27.1 V,27.1 V,26.6 V,27.2 V,1855 rpm,1894 rpm,1844 rpm,1842 rpm,799 rpm,1859 rpm,1868 rpm,1909 rpm,1825 rpm,1902 rpm,1879 rpm
2026-09-09 13:18:00,27.3 V,27.7 V,,26.1 V,24.3 V,27.5 V,27.2 V,27.1 V,27.1 V,26.9 V,27.2 V,1853 rpm,1898 rpm,1401 rpm,1838 rpm,1400 rpm,1879 rpm,1853 rpm,1830 rpm,1907 rpm,1851 rpm,1903 rpm
2026-09-09 13:20:00,27.3 V,27.8 V,27.5 V,25.8 V,26.9 V,,27.2 V,27.1 V,27.2 V,26.9 V,27.2 V,1869 rpm,1883 rpm,800 rpm,1822 rpm,1887 rpm,1893 rpm,1902 rpm,1857 rpm,1833 rpm,1897 rpm,1846 rpm
2026-09-09 13:22:00,27.2 V,,,26.3 V,26.9 V,27.5 V,27.2 V,27.1 V,27.1 V,26.9 V,27.2 V,1857 rpm,1882 rpm,800 rpm,1848 rpm,1891 rpm,1897 rpm,1906 rpm,1880 rpm,1863 rpm,1845 rpm,1902 rpm
2026-09-09 13:24:00,27.2 V,27.8 V,,27.0 V,,27.5 V,27.1 V,27.1 V,27.0 V,27.0 V,27.2 V,1875 rpm,1885 rpm,1897 rpm,1903 rpm,,1866 rpm,1862 rpm,1879 rpm,1878 rpm,1842 rpm,1868 rpm
2026-09-09 13:26:00,27.2 V,,27.5 V,26.6 V,,27.5 V,27.2 V,27.1 V,27.2 V,26.9 V,27.1 V,1825 rpm,1849 rpm,800 rpm,1842 rpm,,1878 rpm,1899 rpm,1882 rpm,1855 rpm,1903 rpm,1891 rpm
2026-09-09 13:28:00,27.3 V,,,26.2 V,,27.5 V,27.1 V,27.2 V,27.2 V,27.0 V,27.3 V,1899 rpm,1863 rpm,1852 rpm,1853 rpm,,1862 rpm,1871 rpm,1545 rpm,1839 rpm,1838 rpm,1845 rpm
2026-09-09 13:30:00,27.2 V,27.7 V,27.5 V,26.6 V,,27.5 V,27.1 V,27.1 V,27.1 V,26.8 V,27.2 V,1898 rpm,1792 rpm,1841 rpm,1836 rpm,,1817 rpm,1857 rpm,1401 rpm,1845 rpm,1882 rpm,1858 rpm
2026-09-09 13:32:00,27.2 V,,,26.3 V,,27.4 V,27.1 V,27.1 V,27.2 V,26.9 V,27.2 V,1893 rpm,1869 rpm,1909 rpm,1902 rpm,,1866 rpm,1826 rpm,1400 rpm,1913 rpm,1834 rpm,1867 rpm
2026-09-09 13:34:00,27.2 V,27.8 V,,26.2 V,,27.5 V,27.2 V,27.2 V,27.1 V,26.9 V,27.2 V,1855 rpm,1833 rpm,1859 rpm,1839 rpm,,1857 rpm,1860 rpm,1400 rpm,1838 rpm,1904 rpm,1898 rpm
2026-09-09 13:36:00,27.2 V,27.8 V,,27.0 V,,27.5 V,27.2 V,27.1 V,27.1 V,26.9 V,27.2 V,1897 rpm,1869 rpm,1846 rpm,1838 rpm,,1865 rpm,1855 rpm,1399 rpm,1842 rpm,1846 rpm,1842 rpm
2026-09-09 13:38:00,27.2 V,,,26.9 V,,27.5 V,27.2 V,27.1 V,27.1 V,27.0 V,27.2 V,1882 rpm,1875 rpm,1883 rpm,1872 rpm,,1890 rpm,1845 rpm,1884 rpm,1883 rpm,1851 rpm,1862 rpm
2026-09-09 13:40:00,27.2 V,27.7 V,27.5 V,26.3 V,,27.5 V,27.1 V,27.2 V,27.0 V,27.0 V,27.2 V,1861 rpm,1841 rpm,1878 rpm,1890 rpm,,1847 rpm,1811 rpm,1867 rpm,1874 rpm,1902 rpm,1869 rpm
2026-09-09 13:42:00,27.2 V,27.8 V,27.5 V,26.8 V,,27.5 V,27.2 V,27.1 V,27.1 V,27.1 V,27.1 V,1896 rpm,1878 rpm,1840 rpm,1887 rpm,,1897 rpm,1877 rpm,1867 rpm,1847 rpm,1400 rpm,1845 rpm
2026-09-09 13:44:00,27.2 V,27.7 V,,26.9 V,,27.5 V,27.2 V,27.1 V,27.1 V,26.8 V,27.2 V,1864 rpm,1844 rpm,1844 rpm,1859 rpm,,1871 rpm,1832 rpm,1908 rpm,1896 rpm,1841 rpm,1831 rpm
2026-09-09 13:46:00,27.2 V,27.8 V,27.6 V,26.4 V,,27.5 V,27.1 V,27.1 V,27.1 V,27.0 V,27.1 V,1843 rpm,1884 rpm,1877 rpm,1808 rpm,,1836 rpm,1841 rpm,1400 rpm,1879 rpm,1832 rpm,1901 rpm
2026-09-09 13:48:00,27.2 V,,,26.7 V,,27.5 V,27.1 V,27.1 V,27.1 V,26.8 V,27.2 V,1871 rpm,1910 rpm,800 rpm,1861 rpm,,1890 rpm,1836 rpm,1836 rpm,1889 rpm,1859 rpm,1843 rpm
2026-09-09 13:50:00,27.2 V,27.7 V,27.5 V,26.2 V,,27.5 V,27.1 V,27.1 V,27.0 V,26.9 V,27.2 V,800 rpm,1841 rpm,799 rpm,1873 rpm,,1876 rpm,1839 rpm,1886 rpm,1891 rpm,1869 rpm,1833 rpm
2026-09-09 13:52:00,27.2 V,27.8 V,,26.4 V,,27.5 V,27.1 V,27.1 V,27.2 V,26.9 V,27.3 V,800 rpm,1840 rpm,800 rpm,1841 rpm,,1882 rpm,1859 rpm,1879 rpm,800 rpm,1889 rpm,1904 rpm
2026-09-09 13:54:00,27.2 V,27.8 V,,26.0 V,,27.5 V,27.1 V,26.8 V,27.2 V,26.9 V,27.2 V,1859 rpm,1857 rpm,800 rpm,1841 rpm,,1868 rpm,1863 rpm,1901 rpm,800 rpm,1902 rpm,1901 rpm
2026-09-09 13:56:00,27.2 V,27.8 V,27.5 V,26.4 V,,27.5 V,27.1 V,27.1 V,24.6 V,26.9 V,27.2 V,900 rpm,1843 rpm,800 rpm,1902 rpm,,1883 rpm,1836 rpm,1400 rpm,800 rpm,1865 rpm,1903 rpm
2026-09-09 13:58:00,27.2 V,27.7 V,27.5 V,27.2 V,,,27.1 V,27.1 V,27.0 V,26.9 V,27.4 V,900 rpm,1856 rpm,1870 rpm,801 rpm,,1874 rpm,1888 rpm,1886 rpm,800 rpm,1891 rpm,800 rpm
2026-09-09 14:00:00,27.2 V,27.7 V,27.5 V,27.1 V,,,27.1 V,27.1 V,27.2 V,26.8 V,27.2 V,1892 rpm,1901 rpm,1853 rpm,801 rpm,,1870 rpm,1907 rpm,1858 rpm,800 rpm,1897 rpm,1897 rpm
2026-09-09 14:02:00,27.2 V,27.7 V,27.5 V,27.0 V,,27.5 V,27.2 V,27.1 V,27.2 V,26.9 V,27.2 V,1886 rpm,1898 rpm,1901 rpm,800 rpm,,1902 rpm,1850 rpm,1838 rpm,800 rpm,1851 rpm,1900 rpm
2026-09-09 14:04:00,25.5 V,27.7 V,,26.5 V,,27.5 V,27.2 V,27.1 V,27.0 V,26.9 V,27.3 V,0 rpm,1900 rpm,1890 rpm,1861 rpm,,1865 rpm,1848 rpm,1848 rpm,1851 rpm,1879 rpm,1900 rpm
2026-09-09 14:06:00,,27.7 V,27.6 V,26.9 V,,27.5 V,27.1 V,27.1 V,,26.9 V,27.2 V,,1902 rpm,1854 rpm,1901 rpm,,1877 rpm,1842 rpm,1895 rpm,,1850 rpm,1898 rpm
2026-09-09 14:08:00,,,,26.2 V,,27.5 V,27.1 V,27.1 V,,26.8 V,27.2 V,,1845 rpm,1830 rpm,1854 rpm,,1900 rpm,1901 rpm,1869 rpm,,1891 rpm,1901 rpm
2026-09-09 14:10:00,,27.7 V,27.5 V,26.1 V,,27.5 V,27.1 V,27.1 V,,26.8 V,27.1 V,,1844 rpm,1903 rpm,1870 rpm,,1896 rpm,1860 rpm,1892 rpm,,1843 rpm,1853 rpm
2026-09-09 14:12:00,,27.6 V,27.5 V,27.0 V,,27.5 V,27.1 V,27.0 V,,26.4 V,27.2 V,,1840 rpm,1400 rpm,1843 rpm,,1851 rpm,1891 rpm,1916 rpm,,1845 rpm,1844 rpm
2026-09-09 14:14:00,,27.7 V,27.5 V,25.9 V,,27.5 V,27.1 V,27.1 V,,26.9 V,27.2 V,,1849 rpm,1400 rpm,1898 rpm,,1859 rpm,1865 rpm,1897 rpm,,1863 rpm,1866 rpm
2026-09-09 14:16:00,,27.6 V,27.5 V,26.8 V,,27.5 V,27.2 V,27.1 V,,26.8 V,27.1 V,,1844 rpm,1865 rpm,1837 rpm,,1888 rpm,1821 rpm,1897 rpm,,1891 rpm,1899 rpm
2026-09-09 14:18:00,,,,26.0 V,,27.5 V,27.1 V,27.1 V,,26.8 V,27.4 V,,1901 rpm,1832 rpm,1898 rpm,,1901 rpm,1859 rpm,1835 rpm,,1862 rpm,800 rpm
2026-09-09 14:20:00,,27.6 V,27.5 V,27.1 V,,27.5 V,27.1 V,26.8 V,,26.9 V,27.4 V,,800 rpm,1843 rpm,1898 rpm,,801 rpm,1844 rpm,1861 rpm,,1901 rpm,800 rpm
2026-09-09 14:22:00,,26.1 V,,26.2 V,,27.5 V,27.1 V,27.1 V,,26.8 V,27.4 V,,800 rpm,1910 rpm,1828 rpm,,799 rpm,1877 rpm,1864 rpm,,1846 rpm,801 rpm
2026-09-09 14:24:00,,27.6 V,,26.8 V,,27.5 V,27.1 V,27.1 V,,26.8 V,27.2 V,,800 rpm,1852 rpm,1885 rpm,,800 rpm,1833 rpm,1896 rpm,800 rpm,1853 rpm,1903 rpm
2026-09-09 14:26:00,,27.3 V,27.5 V,26.1 V,,27.5 V,26.8 V,27.1 V,,26.9 V,27.3 V,,800 rpm,1894 rpm,1844 rpm,,801 rpm,1826 rpm,1917 rpm,,1893 rpm,800 rpm
2026-09-09 14:28:00,,27.6 V,,26.4 V,,27.5 V,27.1 V,27.1 V,,26.8 V,27.4 V,,1862 rpm,1838 rpm,1819 rpm,,800 rpm,1892 rpm,1898 rpm,,1843 rpm,800 rpm
2026-09-09 14:30:00,,27.6 V,27.5 V,27.1 V,,27.5 V,27.1 V,27.1 V,,26.8 V,27.4 V,,1851 rpm,1910 rpm,1865 rpm,,799 rpm,1873 rpm,1873 rpm,,1861 rpm,800 rpm
2026-09-09 14:32:00,,27.6 V,,27.0 V,,27.5 V,27.1 V,27.1 V,,26.8 V,27.4 V,,1844 rpm,1840 rpm,1830 rpm,,1867 rpm,1902 rpm,1864 rpm,,1854 rpm,801 rpm
2026-09-09 14:34:00,,27.6 V,,27.0 V,,27.5 V,27.1 V,27.1 V,,26.8 V,27.4 V,,1875 rpm,1893 rpm,1875 rpm,1400 rpm,1853 rpm,1836 rpm,1400 rpm,,1859 rpm,799 rpm
2026-09-09 14:36:00,,27.6 V,27.5 V,27.0 V,27.1 V,27.5 V,27.1 V,27.1 V,,26.8 V,27.4 V,,1841 rpm,1836 rpm,1886 rpm,1895 rpm,1889 rpm,1852 rpm,1400 rpm,,1834 rpm,800 rpm
2026-09-09 14:38:00,,27.6 V,,26.1 V,27.2 V,27.5 V,27.1 V,27.2 V,,26.8 V,27.4 V,,1850 rpm,1848 rpm,1887 rpm,1399 rpm,1901 rpm,1865 rpm,1400 rpm,,1863 rpm,801 rpm
2026-09-09 14:40:00,,27.6 V,27.5 V,26.6 V,27.1 V,27.5 V,27.1 V,27.2 V,,26.8 V,27.4 V,,1834 rpm,1400 rpm,1880 rpm,1846 rpm,1883 rpm,1901 rpm,1400 rpm,,1834 rpm,802 rpm
2026-09-09 14:42:00,,,27.5 V,26.3 V,27.2 V,27.5 V,27.1 V,27.2 V,,26.9 V,27.4 V,,1861 rpm,1400 rpm,1828 rpm,1399 rpm,1859 rpm,1837 rpm,1401 rpm,,1846 rpm,800 rpm
2026-09-09 14:44:00,,27.6 V,27.5 V,26.0 V,26.8 V,27.5 V,27.1 V,27.2 V,,26.8 V,27.4 V,,1881 rpm,1400 rpm,1872 rpm,1894 rpm,1902 rpm,1837 rpm,1400 rpm,,1846 rpm,800 rpm
2026-09-09 14:46:00,,27.6 V,27.5 V,26.2 V,27.2 V,27.5 V,27.2 V,27.2 V,,26.8 V,27.5 V,,1902 rpm,1401 rpm,1900 rpm,1837 rpm,1906 rpm,1871 rpm,1400 rpm,,1844 rpm,800 rpm
2026-09-09 14:48:00,,27.6 V,,27.0 V,27.0 V,27.6 V,27.1 V,27.2 V,,26.8 V,27.5 V,,1839 rpm,1906 rpm,1842 rpm,1835 rpm,1807 rpm,1828 rpm,1399 rpm,,1841 rpm,800 rpm
2026-09-09 14:50:00,,27.6 V,27.5 V,26.5 V,26.9 V,27.6 V,27.1 V,27.2 V,,26.8 V,27.4 V,,1834 rpm,1837 rpm,1900 rpm,1862 rpm,799 rpm,1877 rpm,1401 rpm,0 rpm,1865 rpm,800 rpm
2026-09-09 14:52:00,,27.6 V,27.5 V,26.3 V,26.7 V,27.6 V,27.1 V,27.2 V,,26.7 V,27.4 V,,1899 rpm,1831 rpm,1832 rpm,1835 rpm,1734 rpm,1861 rpm,1401 rpm,,1836 rpm,800 rpm
2026-09-09 14:54:00,,27.6 V,,26.9 V,27.3 V,,27.1 V,27.2 V,,26.8 V,27.3 V,,1865 rpm,1806 rpm,1832 rpm,1899 rpm,1766 rpm,1862 rpm,1400 rpm,1885 rpm,1853 rpm,1801 rpm
2026-09-09 14:56:00,,27.6 V,27.6 V,26.2 V,26.9 V,27.5 V,27.1 V,27.2 V,27.1 V,26.9 V,27.5 V,,1838 rpm,1905 rpm,1875 rpm,1836 rpm,1715 rpm,1892 rpm,1400 rpm,1854 rpm,800 rpm,799 rpm
2026-09-09 14:58:00,,,27.6 V,26.0 V,26.9 V,25.8 V,27.1 V,27.2 V,27.0 V,26.8 V,27.4 V,,1899 rpm,1691 rpm,1884 rpm,1887 rpm,800 rpm,1835 rpm,1400 rpm,1909 rpm,1400 rpm,800 rpm
2026-09-09 15:00:00,,27.6 V,27.5 V,27.2 V,27.2 V,27.4 V,27.1 V,27.2 V,27.0 V,26.8 V,27.3 V,,1893 rpm,1852 rpm,1832 rpm,1400 rpm,801 rpm,1888 rpm,1400 rpm,1841 rpm,1844 rpm,1902 rpm
2026-09-09 15:02:00,,27.6 V,,26.9 V,27.1 V,27.5 V,27.1 V,27.2 V,27.1 V,26.7 V,27.3 V,,1858 rpm,1871 rpm,1847 rpm,1399 rpm,801 rpm,1890 rpm,1400 rpm,1883 rpm,1894 rpm,1898 rpm
2026-09-09 15:04:00,,27.6 V,,26.6 V,26.9 V,27.4 V,27.1 V,27.2 V,27.0 V,26.9 V,27.4 V,,1842 rpm,1857 rpm,1900 rpm,1861 rpm,1835 rpm,1863 rpm,1399 rpm,1898 rpm,800 rpm,1852 rpm
2026-09-09 15:06:00,,27.6 V,,26.1 V,27.1 V,27.5 V,27.2 V,27.2 V,27.0 V,26.8 V,27.2 V,,1871 rpm,1871 rpm,1861 rpm,1828 rpm,1905 rpm,1834 rpm,1541 rpm,1898 rpm,800 rpm,1847 rpm
2026-09-09 15:08:00,,,,,,27.5 V,,,,,27.3 V,,,,,,1851 rpm,,,,,1902 rpm

