"Time","BOOM - I45","ARM - I45","BUCKET - I45","BOOM - I49","ARM - I49","BUCKET - I49","BOOM - I50","ARM - I50","BUCKET - I50","BOOM - I51","ARM - I51","BUCKET - I51","BOOM - I52","ARM - I52","BUCKET - I52","BOOM - I53","ARM - I53","BUCKET - I53","BOOM - I54","ARM - I54","BUCKET - I54","BOOM - I55","ARM - I55","BUCKET - I55","BOOM - I56","ARM - I56","BUCKET - I56","BOOM - I57","ARM - I57","BUCKET - I57","BOOM - I58","ARM - I58","BUCKET - I58"
2026-06-16 10:00:00,333 °,333 °,333 °,53.4 °,54.7 °,333 °,51.0 °,57.0 °,55.2 °,,,,,,,51.5 °,333 °,47.3 °,84.0 °,333 °,33.7 °,51.8 °,333 °,50.3 °,43.1 °,6.30 °,333 °,46.3 °,333 °,47.9 °,,,
2026-06-16 13:00:00,333 °,333 °,333 °,53.2 °,55.5 °,333 °,51.7 °,51.0 °,60.6 °,47.0 °,55.1 °,43.1 °,34.1 °,333 °,333 °,51.2 °,283 °,48.8 °,62.2 °,333 °,33.3 °,51.7 °,333 °,40.2 °,49.4 °,62.2 °,333 °,44.7 °,333 °,49.0 °,,,
2026-06-16 16:00:00,333 °,333 °,333 °,52.4 °,58.2 °,333 °,47.4 °,59.5 °,49.2 °,49.0 °,51.7 °,51.2 °,42.3 °,333 °,333 °,51.8 °,333 °,54.2 °,57.6 °,333 °,263 °,48.8 °,333 °,36.6 °,49.6 °,52.7 °,333 °,49.7 °,310 °,54.6 °,,,
2026-06-16 19:00:00,333 °,333 °,333 °,48.8 °,54.9 °,333 °,48.8 °,63.2 °,45.7 °,51.1 °,43.9 °,57.8 °,42.4 °,333 °,333 °,59.3 °,333 °,54.4 °,53.0 °,333 °,333 °,45.7 °,333 °,47.6 °,49.2 °,50.2 °,333 °,50.6 °,333 °,54.7 °,,,
2026-06-16 22:00:00,333 °,333 °,333 °,51.8 °,60.0 °,333 °,47.8 °,61.6 °,41.0 °,57.8 °,50.8 °,59.6 °,40.8 °,333 °,333 °,52.4 °,333 °,58.9 °,57.6 °,333 °,333 °,48.2 °,314 °,40.1 °,47.9 °,54.5 °,333 °,51.2 °,295 °,49.0 °,,,
2026-06-17 01:00:00,333 °,333 °,333 °,50.4 °,56.9 °,333 °,44.3 °,68.4 °,43.7 °,55.9 °,46.1 °,60.9 °,42.5 °,333 °,333 °,52.3 °,333 °,55.9 °,59.9 °,333 °,333 °,46.2 °,333 °,51.2 °,50.9 °,47.2 °,333 °,55.3 °,333 °,49.4 °,,,
2026-06-17 04:00:00,333 °,333 °,333 °,53.0 °,52.6 °,333 °,48.7 °,57.1 °,42.2 °,52.5 °,45.6 °,57.3 °,49.5 °,333 °,333 °,47.0 °,333 °,52.3 °,51.4 °,333 °,333 °,54.4 °,333 °,49.5 °,52.6 °,52.6 °,333 °,58.8 °,292 °,47.8 °,,,
2026-06-17 07:00:00,333 °,333 °,333 °,53.6 °,51.9 °,333 °,51.5 °,51.3 °,55.9 °,51.9 °,51.7 °,47.5 °,51.0 °,333 °,333 °,45.7 °,333 °,53.6 °,60.9 °,333 °,333 °,56.4 °,333 °,48.6 °,51.9 °,61.1 °,333 °,57.3 °,333 °,48.2 °,,,
2026-06-17 10:00:00,333 °,333 °,333 °,56.2 °,49.9 °,333 °,53.8 °,55.9 °,49.4 °,49.5 °,54.8 °,42.9 °,47.0 °,333 °,333 °,47.8 °,333 °,47.3 °,61.2 °,333 °,319 °,50.2 °,333 °,56.1 °,51.1 °,60.3 °,333 °,58.6 °,322 °,73.5 °,,,
2026-06-17 13:00:00,333 °,333 °,333 °,50.2 °,56.8 °,333 °,46.8 °,56.3 °,51.9 °,50.4 °,61.6 °,39.3 °,45.6 °,333 °,333 °,46.7 °,254 °,48.9 °,59.7 °,333 °,32.8 °,51.0 °,333 °,38.6 °,55.0 °,50.9 °,333 °,54.4 °,321 °,63.6 °,,,
2026-06-17 16:00:00,333 °,333 °,333 °,50.4 °,56.0 °,333 °,51.3 °,45.3 °,53.0 °,50.3 °,58.2 °,48.9 °,46.0 °,333 °,333 °,46.7 °,235 °,49.0 °,54.8 °,333 °,40.5 °,45.6 °,333 °,46.0 °,52.0 °,52.3 °,333 °,59.3 °,327 °,71.9 °,,,
2026-06-17 19:00:00,333 °,333 °,333 °,54.7 °,58.6 °,333 °,49.3 °,52.7 °,58.0 °,54.5 °,50.8 °,58.0 °,39.7 °,333 °,333 °,46.5 °,333 °,57.3 °,58.7 °,333 °,57.7 °,40.4 °,333 °,51.0 °,54.9 °,58.6 °,333 °,55.5 °,333 °,71.3 °,,,
2026-06-17 22:00:00,333 °,333 °,333 °,53.4 °,55.9 °,333 °,51.8 °,43.7 °,51.1 °,54.2 °,49.9 °,62.9 °,43.9 °,333 °,333 °,57.7 °,333 °,53.1 °,56.0 °,333 °,38.4 °,42.5 °,269 °,45.1 °,52.2 °,54.2 °,333 °,52.1 °,316 °,44.2 °,,,
2026-06-18 01:00:00,333 °,333 °,333 °,48.4 °,56.1 °,333 °,52.7 °,52.7 °,51.9 °,56.0 °,46.2 °,57.4 °,47.0 °,333 °,333 °,56.6 °,333 °,39.5 °,57.2 °,333 °,36.5 °,39.8 °,333 °,52.6 °,53.6 °,59.5 °,333 °,48.7 °,305 °,53.7 °,,,
2026-06-18 04:00:00,333 °,333 °,333 °,51.0 °,57.5 °,333 °,46.8 °,49.4 °,45.2 °,56.6 °,49.0 °,55.5 °,46.5 °,333 °,333 °,57.2 °,333 °,55.6 °,54.4 °,333 °,186 °,47.7 °,137 °,47.7 °,54.5 °,58.1 °,333 °,46.3 °,287 °,50.6 °,,,
2026-06-18 07:00:00,333 °,333 °,333 °,52.8 °,56.9 °,333 °,46.4 °,56.1 °,49.8 °,57.6 °,55.9 °,56.4 °,53.5 °,333 °,333 °,55.3 °,333 °,61.1 °,56.7 °,333 °,333 °,50.1 °,333 °,49.9 °,54.6 °,51.0 °,333 °,45.5 °,333 °,51.8 °,,,
2026-06-18 10:00:00,333 °,333 °,333 °,54.5 °,58.6 °,333 °,43.9 °,59.4 °,56.2 °,57.3 °,56.8 °,50.6 °,51.5 °,333 °,333 °,53.2 °,333 °,52.8 °,59.0 °,333 °,282 °,57.6 °,333 °,49.8 °,49.5 °,46.3 °,333 °,43.7 °,333 °,52.7 °,,,
2026-06-18 13:00:00,333 °,333 °,333 °,54.4 °,54.1 °,333 °,52.0 °,53.3 °,59.1 °,55.3 °,52.3 °,46.9 °,50.3 °,333 °,333 °,53.0 °,292 °,57.1 °,57.1 °,333 °,211 °,56.7 °,224 °,41.6 °,46.3 °,56.1 °,333 °,46.8 °,250 °,53.9 °,,,
2026-06-18 16:00:00,333 °,333 °,333 °,52.7 °,55.2 °,333 °,55.2 °,51.3 °,46.9 °,55.6 °,57.4 °,47.1 °,55.8 °,333 °,333 °,51.3 °,327 °,60.9 °,54.7 °,333 °,333 °,,,,52.0 °,45.9 °,333 °,42.8 °,253 °,44.1 °,,,
2026-06-18 19:00:00,333 °,333 °,333 °,56.1 °,50.0 °,333 °,50.6 °,56.8 °,56.7 °,56.3 °,47.1 °,53.6 °,52.5 °,333 °,333 °,54.9 °,333 °,47.8 °,61.4 °,333 °,333 °,,,,44.6 °,57.7 °,333 °,40.0 °,180 °,43.5 °,,,
2026-06-18 22:00:00,333 °,333 °,333 °,56.7 °,53.0 °,333 °,44.7 °,58.3 °,49.3 °,52.6 °,46.2 °,53.1 °,54.1 °,333 °,333 °,50.4 °,333 °,57.3 °,61.8 °,333 °,333 °,41.4 °,261 °,25.2 °,59.2 °,58.0 °,333 °,49.0 °,311 °,41.8 °,,,
2026-06-19 01:00:00,333 °,333 °,333 °,55.0 °,50.9 °,333 °,47.6 °,59.9 °,49.7 °,53.8 °,37.3 °,63.8 °,45.7 °,333 °,333 °,52.4 °,333 °,47.5 °,60.0 °,333 °,174 °,,,,61.0 °,51.0 °,333 °,55.2 °,229 °,50.2 °,,,
2026-06-19 04:00:00,333 °,333 °,333 °,54.6 °,55.0 °,333 °,52.8 °,49.1 °,61.4 °,47.3 °,43.5 °,30.7 °,50.6 °,333 °,333 °,231 °,333 °,52.0 °,67.1 °,333 °,79.7 °,,,,47.3 °,59.0 °,333 °,50.6 °,275 °,53.7 °,,,
2026-06-19 07:00:00,333 °,333 °,333 °,53.7 °,55.5 °,333 °,57.2 °,64.2 °,51.7 °,50.1 °,64.7 °,45.2 °,50.8 °,333 °,333 °,333 °,333 °,50.3 °,57.1 °,333 °,79.6 °,,,,46.5 °,53.2 °,333 °,42.6 °,333 °,55.8 °,,,
2026-06-19 10:00:00,333 °,333 °,333 °,54.3 °,56.5 °,333 °,47.0 °,56.2 °,44.8 °,47.5 °,50.5 °,38.1 °,50.6 °,333 °,333 °,324 °,324 °,56.0 °,55.5 °,333 °,79.3 °,,,,47.4 °,53.7 °,333 °,43.8 °,333 °,48.3 °,,,
2026-06-19 13:00:00,333 °,333 °,333 °,51.1 °,56.3 °,333 °,48.7 °,55.0 °,49.9 °,40.8 °,57.9 °,16.1 °,49.6 °,333 °,333 °,47.1 °,273 °,44.1 °,46.7 °,333 °,79.3 °,,,,46.4 °,60.3 °,333 °,46.6 °,333 °,55.3 °,,,
2026-06-19 16:00:00,333 °,333 °,333 °,47.9 °,55.1 °,333 °,48.6 °,47.1 °,48.3 °,42.9 °,51.2 °,34.2 °,49.4 °,333 °,333 °,47.3 °,333 °,56.5 °,46.3 °,333 °,78.2 °,32.5 °,98.6 °,17.1 °,46.4 °,50.4 °,333 °,44.2 °,247 °,37.9 °,,,
2026-06-19 19:00:00,333 °,333 °,333 °,50.9 °,47.2 °,333 °,50.8 °,53.6 °,45.3 °,47.5 °,45.8 °,61.7 °,48.9 °,333 °,333 °,55.5 °,333 °,60.4 °,45.6 °,333 °,77.9 °,34.4 °,216 °,7.95 °,45.0 °,54.4 °,333 °,,,,,,
2026-06-19 22:00:00,333 °,333 °,333 °,61.2 °,51.3 °,333 °,51.4 °,42.2 °,33.4 °,52.7 °,42.0 °,48.3 °,48.8 °,333 °,333 °,51.6 °,333 °,53.4 °,56.8 °,333 °,77.7 °,49.9 °,57.2 °,60.6 °,47.0 °,62.3 °,333 °,42.4 °,59.9 °,16.7 °,,,
2026-06-20 01:00:00,333 °,333 °,333 °,53.7 °,65.6 °,333 °,47.1 °,53.9 °,26.5 °,46.7 °,49.9 °,53.9 °,40.0 °,333 °,333 °,52.2 °,333 °,52.2 °,46.4 °,333 °,77.8 °,56.0 °,44.5 °,91.4 °,46.7 °,48.9 °,333 °,51.0 °,45.3 °,36.5 °,,,
2026-06-20 04:00:00,333 °,333 °,333 °,51.0 °,53.1 °,333 °,46.7 °,54.6 °,39.6 °,45.1 °,50.5 °,50.9 °,50.0 °,333 °,333 °,54.6 °,320 °,54.6 °,48.4 °,333 °,77.9 °,55.5 °,27.5 °,88.5 °,44.8 °,52.6 °,333 °,51.6 °,124 °,50.1 °,,,
2026-06-20 07:00:00,333 °,333 °,333 °,56.6 °,49.8 °,333 °,45.5 °,58.4 °,54.8 °,47.6 °,52.4 °,58.9 °,55.5 °,333 °,333 °,55.0 °,333 °,48.1 °,45.5 °,333 °,78.0 °,59.5 °,40.1 °,73.6 °,53.1 °,58.5 °,333 °,49.8 °,333 °,37.6 °,,,
2026-06-20 10:00:00,333 °,333 °,333 °,60.4 °,55.1 °,333 °,53.2 °,51.3 °,61.5 °,50.9 °,50.2 °,60.4 °,50.5 °,333 °,333 °,54.6 °,333 °,46.3 °,41.7 °,333 °,77.9 °,59.8 °,40.4 °,80.7 °,55.3 °,63.2 °,333 °,47.0 °,333 °,44.4 °,,,
2026-06-20 13:00:00,333 °,333 °,333 °,49.8 °,59.8 °,333 °,54.1 °,54.4 °,54.5 °,46.6 °,56.8 °,41.8 °,51.0 °,333 °,333 °,59.8 °,322 °,40.0 °,42.9 °,333 °,77.9 °,55.6 °,48.1 °,56.8 °,54.3 °,49.3 °,333 °,50.3 °,333 °,47.9 °,,,
2026-06-20 16:00:00,333 °,333 °,333 °,59.0 °,63.4 °,333 °,51.2 °,52.3 °,48.1 °,46.8 °,47.9 °,51.6 °,53.8 °,333 °,333 °,53.0 °,333 °,57.6 °,43.2 °,333 °,77.9 °,57.2 °,45.9 °,69.5 °,53.6 °,48.8 °,333 °,51.1 °,333 °,47.3 °,,,
2026-06-20 19:00:00,333 °,333 °,333 °,57.5 °,52.8 °,333 °,51.2 °,54.2 °,48.5 °,43.6 °,55.8 °,52.7 °,51.4 °,333 °,333 °,56.3 °,333 °,67.1 °,56.4 °,333 °,77.7 °,53.7 °,54.4 °,69.0 °,58.4 °,51.1 °,333 °,52.3 °,333 °,48.0 °,,,
2026-06-20 22:00:00,333 °,333 °,333 °,58.5 °,56.5 °,333 °,52.9 °,59.8 °,41.7 °,46.1 °,51.6 °,53.4 °,50.9 °,333 °,333 °,53.5 °,325 °,35.3 °,47.1 °,333 °,69.3 °,54.6 °,41.7 °,75.5 °,53.1 °,54.1 °,333 °,51.7 °,333 °,51.4 °,,,
2026-06-21 01:00:00,333 °,333 °,333 °,54.8 °,59.1 °,333 °,52.0 °,55.0 °,46.6 °,47.2 °,50.8 °,53.4 °,49.8 °,333 °,333 °,53.0 °,151 °,42.5 °,49.5 °,333 °,51.9 °,55.2 °,45.2 °,64.7 °,55.0 °,54.1 °,333 °,48.4 °,316 °,43.6 °,,,
2026-06-21 04:00:00,333 °,333 °,333 °,54.7 °,58.9 °,333 °,54.8 °,57.0 °,46.0 °,43.8 °,50.0 °,59.2 °,42.8 °,333 °,333 °,52.0 °,333 °,52.8 °,47.2 °,333 °,10.0 °,54.9 °,41.6 °,53.2 °,53.5 °,60.5 °,333 °,52.3 °,331 °,48.2 °,,,
2026-06-21 07:00:00,333 °,333 °,333 °,52.0 °,52.9 °,333 °,52.4 °,49.0 °,56.7 °,43.6 °,49.2 °,57.7 °,42.5 °,333 °,333 °,52.6 °,333 °,52.9 °,46.9 °,333 °,9.42 °,54.5 °,56.3 °,64.9 °,53.9 °,61.5 °,333 °,43.2 °,333 °,44.9 °,,,
2026-06-21 10:00:00,333 °,333 °,333 °,54.5 °,41.4 °,333 °,46.8 °,54.0 °,54.1 °,44.7 °,57.7 °,53.5 °,51.1 °,333 °,333 °,45.0 °,333 °,24.1 °,52.9 °,333 °,4.95 °,57.5 °,46.9 °,68.1 °,53.4 °,43.0 °,333 °,43.0 °,299 °,39.0 °,,,
2026-06-21 13:00:00,333 °,333 °,333 °,53.4 °,50.7 °,333 °,,,,,,,,,,36.7 °,333 °,9.91 °,49.7 °,333 °,0 °,,,,53.1 °,60.5 °,333 °,47.2 °,312 °,46.1 °,,,
2026-06-21 16:00:00,333 °,333 °,333 °,50.5 °,52.1 °,333 °,,,,48.2 °,54.2 °,46.5 °,52.6 °,333 °,333 °,44.8 °,333 °,31.0 °,51.1 °,333 °,0 °,54.5 °,44.6 °,60.5 °,53.0 °,58.4 °,333 °,55.7 °,283 °,52.9 °,,,
2026-06-21 19:00:00,333 °,333 °,333 °,48.7 °,58.4 °,333 °,,,,46.8 °,54.2 °,52.7 °,48.7 °,333 °,333 °,56.8 °,333 °,45.4 °,48.6 °,333 °,6.67 °,62.9 °,50.1 °,72.6 °,51.2 °,52.6 °,333 °,54.5 °,333 °,50.5 °,,,
2026-06-21 22:00:00,333 °,333 °,333 °,46.0 °,59.8 °,333 °,48.1 °,50.5 °,48.6 °,56.2 °,53.1 °,45.1 °,44.3 °,333 °,333 °,55.8 °,333 °,77.3 °,49.4 °,333 °,39.5 °,59.4 °,58.4 °,54.9 °,52.8 °,61.3 °,333 °,53.2 °,315 °,46.7 °,,,
2026-06-22 01:00:00,333 °,333 °,333 °,50.5 °,59.4 °,333 °,48.2 °,46.6 °,68.4 °,52.9 °,52.5 °,52.8 °,41.1 °,333 °,333 °,53.4 °,306 °,65.8 °,54.8 °,333 °,5.80 °,44.6 °,61.8 °,52.3 °,51.9 °,49.0 °,333 °,47.5 °,201 °,20.1 °,,,
2026-06-22 04:00:00,333 °,333 °,333 °,50.6 °,55.1 °,333 °,49.4 °,49.7 °,48.1 °,44.6 °,58.8 °,52.2 °,56.4 °,333 °,333 °,54.8 °,333 °,69.7 °,47.8 °,333 °,0.00625 °,45.7 °,59.5 °,49.2 °,53.9 °,49.6 °,333 °,50.4 °,333 °,51.4 °,,,
2026-06-22 07:00:00,333 °,333 °,333 °,54.1 °,53.1 °,333 °,44.0 °,52.3 °,52.2 °,43.7 °,55.5 °,65.5 °,52.5 °,333 °,333 °,59.8 °,333 °,78.5 °,41.1 °,333 °,0 °,48.8 °,63.3 °,48.3 °,52.9 °,56.8 °,333 °,48.5 °,333 °,45.0 °,,,
2026-06-22 10:00:00,333 °,333 °,333 °,53.2 °,48.3 °,333 °,45.7 °,55.2 °,55.9 °,47.9 °,47.3 °,56.0 °,55.7 °,333 °,333 °,49.4 °,253 °,52.3 °,45.5 °,333 °,0 °,42.2 °,61.8 °,55.7 °,52.5 °,64.5 °,333 °,51.4 °,333 °,47.1 °,,,
2026-06-22 13:00:00,333 °,333 °,333 °,48.5 °,61.7 °,333 °,45.4 °,43.3 °,49.8 °,47.7 °,53.6 °,52.9 °,50.5 °,333 °,333 °,48.5 °,287 °,48.8 °,50.1 °,333 °,0 °,41.2 °,69.4 °,50.1 °,54.1 °,67.1 °,333 °,53.2 °,333 °,50.2 °,,,
2026-06-22 16:00:00,333 °,333 °,333 °,50.7 °,56.0 °,333 °,49.0 °,52.1 °,56.4 °,49.5 °,54.8 °,63.7 °,52.3 °,333 °,333 °,52.8 °,333 °,41.0 °,48.5 °,333 °,0 °,40.9 °,61.7 °,54.1 °,56.7 °,54.2 °,333 °,50.7 °,333 °,47.8 °,,,
2026-06-22 19:00:00,333 °,333 °,333 °,49.3 °,53.2 °,333 °,53.2 °,58.3 °,47.0 °,49.9 °,54.5 °,52.6 °,47.0 °,333 °,333 °,63.1 °,333 °,45.6 °,47.4 °,333 °,0 °,42.6 °,55.1 °,60.7 °,57.1 °,49.1 °,333 °,50.9 °,333 °,42.2 °,,,
2026-06-22 22:00:00,333 °,333 °,333 °,49.6 °,61.7 °,333 °,52.3 °,52.4 °,56.4 °,48.4 °,45.9 °,50.2 °,48.6 °,333 °,333 °,62.1 °,333 °,52.4 °,39.1 °,333 °,0 °,46.8 °,52.0 °,61.7 °,53.9 °,46.9 °,333 °,51.9 °,333 °,54.3 °,,,
2026-06-23 01:00:00,333 °,333 °,333 °,40.8 °,95.3 °,333 °,52.0 °,48.7 °,55.0 °,48.6 °,48.2 °,52.5 °,50.8 °,333 °,333 °,58.5 °,333 °,52.4 °,58.2 °,333 °,0 °,50.1 °,52.7 °,57.9 °,54.6 °,53.5 °,333 °,54.8 °,327 °,47.5 °,,,
2026-06-23 04:00:00,333 °,333 °,333 °,53.4 °,49.1 °,333 °,48.6 °,47.5 °,51.9 °,47.5 °,50.0 °,59.4 °,49.7 °,333 °,333 °,55.3 °,333 °,47.8 °,54.4 °,333 °,0 °,51.4 °,48.0 °,61.4 °,51.9 °,52.7 °,333 °,50.8 °,325 °,52.5 °,,,
2026-06-23 07:00:00,333 °,333 °,333 °,43.5 °,59.1 °,333 °,52.6 °,57.6 °,48.9 °,44.0 °,59.7 °,54.0 °,47.5 °,333 °,333 °,62.3 °,333 °,43.5 °,47.9 °,333 °,0 °,56.4 °,47.3 °,55.6 °,49.8 °,59.3 °,333 °,53.2 °,333 °,47.9 °,,,
2026-06-23 10:00:00,333 °,333 °,333 °,50.1 °,56.2 °,333 °,52.6 °,50.8 °,52.1 °,44.6 °,59.5 °,52.1 °,47.3 °,333 °,333 °,58.6 °,333 °,47.0 °,54.4 °,333 °,0 °,55.6 °,49.1 °,55.5 °,55.6 °,65.2 °,333 °,60.6 °,328 °,51.6 °,,,
2026-06-23 13:00:00,333 °,333 °,333 °,56.8 °,49.5 °,333 °,50.1 °,48.5 °,48.6 °,42.5 °,68.4 °,45.7 °,49.5 °,333 °,333 °,50.8 °,287 °,39.0 °,48.3 °,333 °,0 °,54.2 °,52.3 °,53.2 °,51.3 °,62.4 °,333 °,51.9 °,318 °,49.7 °,,,
2026-06-23 16:00:00,333 °,333 °,333 °,45.7 °,50.0 °,333 °,48.7 °,53.1 °,59.9 °,55.0 °,62.2 °,55.5 °,50.5 °,333 °,333 °,51.8 °,333 °,43.1 °,57.0 °,333 °,0 °,54.5 °,58.4 °,52.8 °,54.1 °,53.8 °,333 °,55.0 °,297 °,49.2 °,,,
2026-06-23 19:00:00,333 °,333 °,333 °,48.1 °,51.8 °,333 °,48.6 °,50.8 °,57.9 °,54.1 °,60.3 °,58.6 °,53.5 °,333 °,333 °,50.5 °,333 °,47.2 °,51.9 °,333 °,0 °,50.3 °,63.4 °,49.3 °,55.7 °,53.7 °,333 °,44.9 °,333 °,51.7 °,,,
2026-06-23 22:00:00,333 °,333 °,333 °,52.2 °,49.9 °,333 °,49.6 °,53.9 °,59.8 °,53.6 °,63.0 °,56.2 °,50.7 °,333 °,333 °,50.3 °,333 °,54.8 °,49.6 °,333 °,0 °,55.1 °,57.7 °,51.4 °,52.7 °,67.6 °,333 °,41.5 °,321 °,50.5 °,,,
2026-06-24 01:00:00,333 °,333 °,333 °,47.5 °,76.6 °,333 °,50.5 °,54.5 °,58.7 °,51.7 °,56.9 °,58.2 °,43.8 °,333 °,333 °,53.3 °,333 °,51.2 °,52.3 °,333 °,0 °,54.0 °,57.0 °,39.4 °,52.0 °,52.8 °,333 °,56.6 °,321 °,57.5 °,,,
2026-06-24 04:00:00,333 °,333 °,333 °,54.3 °,60.0 °,333 °,49.0 °,57.6 °,47.6 °,50.4 °,54.8 °,58.0 °,47.7 °,333 °,333 °,56.8 °,333 °,61.5 °,44.0 °,333 °,0 °,45.6 °,51.5 °,50.0 °,50.8 °,55.6 °,333 °,51.0 °,320 °,53.2 °,,,
2026-06-24 07:00:00,333 °,333 °,333 °,54.0 °,47.8 °,333 °,49.3 °,61.2 °,50.8 °,49.4 °,55.2 °,53.6 °,58.1 °,333 °,333 °,53.3 °,333 °,52.3 °,52.1 °,333 °,0 °,52.5 °,59.9 °,55.7 °,47.0 °,67.8 °,333 °,52.9 °,333 °,66.0 °,,,
2026-06-24 10:00:00,333 °,333 °,333 °,53.9 °,53.0 °,333 °,44.3 °,57.9 °,53.5 °,50.3 °,51.9 °,55.6 °,49.8 °,333 °,333 °,51.8 °,333 °,56.5 °,50.3 °,333 °,0.211 °,49.5 °,55.8 °,55.1 °,53.6 °,62.4 °,333 °,50.6 °,333 °,48.0 °,,,
2026-06-24 13:00:00,333 °,333 °,333 °,54.4 °,57.5 °,333 °,46.7 °,54.6 °,62.1 °,47.2 °,54.6 °,55.2 °,49.2 °,333 °,333 °,48.3 °,333 °,52.8 °,51.3 °,333 °,0 °,53.6 °,48.8 °,59.2 °,47.0 °,62.7 °,333 °,49.4 °,302 °,53.9 °,,,
2026-06-24 16:00:00,333 °,333 °,333 °,52.4 °,53.8 °,333 °,47.8 °,48.2 °,48.4 °,48.9 °,55.8 °,54.3 °,50.6 °,333 °,333 °,50.7 °,333 °,49.4 °,48.5 °,333 °,0 °,54.2 °,51.6 °,58.4 °,51.1 °,58.3 °,333 °,55.0 °,296 °,53.3 °,,,
2026-06-24 19:00:00,333 °,333 °,333 °,49.6 °,50.6 °,333 °,48.6 °,53.6 °,58.4 °,50.6 °,55.5 °,57.1 °,46.7 °,333 °,333 °,44.5 °,207 °,31.8 °,48.6 °,333 °,0 °,53.9 °,58.6 °,51.4 °,47.9 °,56.3 °,333 °,48.0 °,333 °,53.1 °,,,
2026-06-24 22:00:00,333 °,333 °,333 °,51.6 °,52.2 °,321 °,43.1 °,57.0 °,58.4 °,49.6 °,54.6 °,56.6 °,46.7 °,333 °,333 °,53.2 °,244 °,49.0 °,45.2 °,333 °,0 °,55.6 °,58.5 °,54.6 °,49.7 °,59.7 °,333 °,46.3 °,279 °,50.9 °,,,
2026-06-25 01:00:00,333 °,333 °,333 °,50.1 °,49.6 °,333 °,43.4 °,55.8 °,46.3 °,55.3 °,59.0 °,56.1 °,49.0 °,333 °,333 °,52.2 °,333 °,32.5 °,48.4 °,333 °,0 °,50.8 °,51.1 °,43.9 °,50.1 °,49.5 °,333 °,48.6 °,333 °,62.6 °,,,
2026-06-25 04:00:00,333 °,333 °,333 °,51.2 °,49.9 °,333 °,49.9 °,52.4 °,56.0 °,55.6 °,56.2 °,58.2 °,47.9 °,333 °,333 °,57.1 °,333 °,49.5 °,48.7 °,333 °,0 °,57.4 °,56.2 °,55.3 °,53.0 °,54.7 °,333 °,48.4 °,250 °,48.0 °,,,
2026-06-25 07:00:00,333 °,333 °,333 °,52.3 °,49.2 °,333 °,50.0 °,54.3 °,50.2 °,52.8 °,66.0 °,41.9 °,49.8 °,333 °,333 °,51.2 °,333 °,55.7 °,53.0 °,333 °,0 °,54.5 °,52.7 °,58.1 °,52.1 °,59.0 °,333 °,51.6 °,301 °,35.9 °,,,
2026-06-25 10:00:00,333 °,333 °,333 °,51.9 °,51.2 °,333 °,49.1 °,44.3 °,43.5 °,49.7 °,62.2 °,46.5 °,48.4 °,333 °,333 °,52.1 °,309 °,53.0 °,56.0 °,333 °,0 °,46.7 °,53.1 °,56.6 °,49.9 °,54.3 °,333 °,50.5 °,316 °,46.8 °,,,
2026-06-25 13:00:00,333 °,333 °,333 °,51.2 °,48.2 °,333 °,44.4 °,51.9 °,42.1 °,48.9 °,59.0 °,45.2 °,48.8 °,333 °,333 °,50.1 °,264 °,49.0 °,69.0 °,333 °,0 °,59.9 °,55.1 °,50.2 °,52.9 °,55.7 °,333 °,56.0 °,300 °,44.6 °,,,
2026-06-25 16:00:00,333 °,333 °,333 °,51.5 °,49.8 °,333 °,44.9 °,58.3 °,48.4 °,53.0 °,53.7 °,50.3 °,46.9 °,333 °,333 °,52.6 °,261 °,47.4 °,63.3 °,333 °,0 °,54.2 °,47.4 °,60.8 °,50.0 °,57.0 °,333 °,53.2 °,324 °,51.1 °,,,
2026-06-25 19:00:00,333 °,333 °,333 °,51.0 °,56.8 °,333 °,45.0 °,57.2 °,53.5 °,49.3 °,50.0 °,53.3 °,44.6 °,333 °,333 °,57.0 °,333 °,53.8 °,58.8 °,333 °,0 °,50.8 °,56.9 °,52.3 °,46.4 °,59.2 °,333 °,51.3 °,333 °,49.1 °,,,
2026-06-25 22:00:00,333 °,333 °,333 °,55.5 °,58.7 °,333 °,49.7 °,51.9 °,55.7 °,50.2 °,51.5 °,52.6 °,47.8 °,333 °,333 °,51.2 °,333 °,48.1 °,47.6 °,333 °,0 °,59.9 °,45.2 °,53.2 °,50.9 °,60.0 °,333 °,55.6 °,333 °,54.9 °,,,
2026-06-26 01:00:00,333 °,333 °,333 °,49.4 °,47.7 °,333 °,48.4 °,57.2 °,59.7 °,50.0 °,44.1 °,61.5 °,54.9 °,333 °,333 °,49.5 °,333 °,52.0 °,57.5 °,333 °,0 °,57.2 °,55.1 °,50.3 °,52.8 °,54.1 °,333 °,52.1 °,281 °,38.7 °,,,
2026-06-26 04:00:00,333 °,333 °,333 °,49.0 °,51.3 °,333 °,44.5 °,62.5 °,44.8 °,49.1 °,53.9 °,55.7 °,54.1 °,333 °,333 °,54.9 °,333 °,54.0 °,57.4 °,333 °,0 °,59.8 °,53.2 °,58.4 °,44.3 °,62.2 °,333 °,54.8 °,270 °,48.0 °,,,
2026-06-26 07:00:00,333 °,333 °,333 °,50.5 °,57.5 °,333 °,41.7 °,62.4 °,35.5 °,47.0 °,57.4 °,57.9 °,57.1 °,333 °,333 °,57.7 °,333 °,53.1 °,53.5 °,333 °,0 °,55.4 °,51.7 °,58.3 °,49.3 °,53.7 °,333 °,51.6 °,333 °,41.3 °,,,
2026-06-26 10:00:00,333 °,333 °,333 °,,,,54.8 °,61.8 °,29.4 °,49.4 °,54.6 °,42.4 °,46.8 °,333 °,333 °,55.8 °,301 °,50.9 °,55.8 °,333 °,0 °,60.3 °,50.9 °,56.5 °,45.4 °,63.1 °,333 °,55.0 °,333 °,48.2 °,,,
2026-06-26 13:00:00,333 °,333 °,333 °,,,,48.8 °,60.8 °,37.9 °,49.9 °,54.1 °,43.1 °,45.4 °,333 °,333 °,59.6 °,333 °,53.7 °,52.8 °,333 °,0 °,59.7 °,50.3 °,47.3 °,55.5 °,52.6 °,333 °,57.2 °,333 °,47.2 °,,,
2026-06-26 16:00:00,333 °,333 °,333 °,51.8 °,66.8 °,333 °,52.8 °,45.3 °,56.7 °,50.7 °,50.2 °,46.0 °,49.1 °,333 °,333 °,53.4 °,333 °,52.0 °,52.3 °,333 °,0 °,51.1 °,52.7 °,56.5 °,54.1 °,57.2 °,333 °,55.9 °,313 °,44.7 °,,,
2026-06-26 19:00:00,333 °,333 °,333 °,53.0 °,58.0 °,333 °,48.8 °,47.3 °,64.6 °,51.2 °,46.2 °,60.5 °,53.7 °,333 °,333 °,59.0 °,333 °,48.0 °,45.3 °,333 °,0 °,52.4 °,49.3 °,60.7 °,56.4 °,55.7 °,333 °,51.9 °,333 °,51.6 °,,,
2026-06-26 22:00:00,333 °,333 °,333 °,50.3 °,57.6 °,333 °,52.7 °,57.0 °,52.5 °,55.0 °,42.5 °,55.1 °,51.5 °,333 °,333 °,61.6 °,325 °,41.0 °,43.3 °,333 °,0 °,56.3 °,45.6 °,62.7 °,49.5 °,55.4 °,333 °,52.0 °,333 °,52.5 °,,,
2026-06-27 01:00:00,333 °,333 °,333 °,54.2 °,52.8 °,333 °,50.2 °,41.2 °,50.8 °,52.0 °,46.3 °,58.4 °,50.2 °,333 °,333 °,59.3 °,109 °,43.6 °,51.7 °,333 °,0 °,53.5 °,48.7 °,38.4 °,50.3 °,50.0 °,333 °,49.7 °,220 °,58.0 °,,,
2026-06-27 04:00:00,333 °,333 °,333 °,54.9 °,57.1 °,333 °,48.1 °,54.3 °,57.3 °,53.5 °,47.0 °,50.3 °,52.5 °,333 °,333 °,54.6 °,333 °,55.0 °,53.1 °,333 °,0 °,56.1 °,51.4 °,41.4 °,55.1 °,54.2 °,333 °,47.5 °,58.0 °,38.5 °,,,
2026-06-27 07:00:00,333 °,333 °,333 °,41.8 °,64.9 °,333 °,47.4 °,52.4 °,295 °,55.4 °,53.2 °,60.0 °,53.2 °,333 °,333 °,53.6 °,333 °,60.3 °,63.0 °,333 °,0 °,55.6 °,42.6 °,54.8 °,54.5 °,44.9 °,333 °,50.3 °,56.3 °,48.8 °,,,
2026-06-27 10:00:00,333 °,333 °,333 °,42.3 °,58.6 °,333 °,49.2 °,49.3 °,333 °,50.2 °,55.0 °,67.3 °,53.1 °,333 °,333 °,53.8 °,331 °,51.8 °,57.3 °,333 °,0 °,60.8 °,43.4 °,46.6 °,54.3 °,43.8 °,333 °,48.0 °,51.3 °,40.3 °,,,
2026-06-27 13:00:00,333 °,333 °,333 °,52.5 °,65.9 °,333 °,50.9 °,39.9 °,333 °,49.3 °,59.8 °,43.6 °,59.9 °,333 °,333 °,54.6 °,304 °,60.8 °,53.3 °,333 °,0 °,59.4 °,49.6 °,49.2 °,54.9 °,51.7 °,333 °,50.5 °,57.1 °,49.0 °,,,
2026-06-27 16:00:00,333 °,333 °,333 °,56.2 °,47.1 °,333 °,53.1 °,44.1 °,333 °,48.0 °,57.1 °,48.6 °,,,,49.7 °,333 °,52.1 °,49.3 °,333 °,0 °,49.9 °,56.8 °,51.4 °,55.6 °,56.4 °,333 °,52.7 °,53.1 °,48.6 °,,,
2026-06-27 19:00:00,333 °,333 °,333 °,,,,50.7 °,53.0 °,333 °,49.5 °,56.8 °,46.7 °,,,,44.1 °,333 °,56.2 °,54.1 °,333 °,0 °,53.5 °,54.9 °,52.4 °,49.7 °,56.7 °,333 °,48.4 °,56.5 °,38.0 °,,,
2026-06-27 22:00:00,333 °,333 °,333 °,54.0 °,55.8 °,333 °,53.5 °,52.8 °,333 °,52.2 °,52.1 °,52.1 °,203 °,333 °,333 °,198 °,333 °,56.4 °,52.1 °,333 °,0 °,49.3 °,60.9 °,48.3 °,52.2 °,51.1 °,333 °,49.8 °,53.3 °,40.0 °,,,
2026-06-28 01:00:00,333 °,333 °,333 °,53.4 °,51.3 °,333 °,50.4 °,53.3 °,40.9 °,56.1 °,56.3 °,50.8 °,,,,333 °,333 °,52.3 °,45.4 °,333 °,0 °,54.1 °,55.0 °,61.0 °,57.0 °,52.5 °,333 °,45.0 °,56.8 °,43.8 °,,,
2026-06-28 04:00:00,333 °,333 °,333 °,60.9 °,54.2 °,333 °,50.8 °,48.7 °,47.9 °,55.5 °,55.9 °,52.0 °,,,,333 °,333 °,57.5 °,53.7 °,333 °,0 °,52.5 °,42.0 °,52.2 °,61.0 °,52.5 °,333 °,51.0 °,57.9 °,46.2 °,,,
2026-06-28 07:00:00,333 °,333 °,333 °,55.5 °,52.6 °,333 °,54.8 °,51.3 °,61.4 °,55.0 °,60.1 °,50.1 °,,,,333 °,333 °,57.4 °,54.3 °,333 °,0 °,53.9 °,51.5 °,55.0 °,57.7 °,50.6 °,333 °,52.9 °,48.7 °,55.9 °,,,
2026-06-28 10:00:00,333 °,333 °,333 °,59.4 °,58.4 °,333 °,53.7 °,48.7 °,56.0 °,50.8 °,58.8 °,43.4 °,,,,323 °,325 °,55.5 °,53.2 °,333 °,0 °,54.9 °,46.1 °,52.7 °,60.3 °,46.7 °,333 °,44.7 °,54.3 °,46.4 °,,,
2026-06-28 13:00:00,333 °,333 °,333 °,53.6 °,55.4 °,333 °,55.3 °,49.1 °,52.4 °,53.0 °,63.7 °,42.7 °,,,,102 °,333 °,43.5 °,47.1 °,333 °,0 °,58.9 °,47.2 °,49.3 °,59.4 °,49.6 °,333 °,46.8 °,54.3 °,57.4 °,,,
2026-06-28 16:00:00,333 °,333 °,333 °,56.5 °,55.0 °,333 °,55.4 °,46.0 °,54.4 °,52.4 °,60.3 °,52.7 °,,,,333 °,333 °,52.0 °,49.9 °,333 °,0 °,53.6 °,52.0 °,60.8 °,56.1 °,59.2 °,333 °,47.8 °,48.3 °,44.8 °,,,
2026-06-28 19:00:00,333 °,333 °,333 °,60.2 °,51.6 °,333 °,55.5 °,51.4 °,51.7 °,51.8 °,59.0 °,53.5 °,,,,333 °,333 °,57.5 °,54.7 °,333 °,0 °,53.6 °,58.0 °,45.9 °,61.5 °,58.7 °,333 °,46.0 °,57.5 °,50.9 °,,,
2026-06-28 22:00:00,333 °,333 °,333 °,57.7 °,56.8 °,333 °,51.8 °,58.9 °,49.3 °,45.8 °,49.5 °,36.8 °,,,,333 °,333 °,60.6 °,46.1 °,333 °,0 °,46.4 °,73.9 °,36.3 °,55.1 °,59.7 °,333 °,41.0 °,59.6 °,39.9 °,,,
2026-06-29 01:00:00,333 °,333 °,333 °,59.9 °,50.1 °,333 °,55.6 °,59.3 °,264 °,47.9 °,56.7 °,40.5 °,47.5 °,333 °,333 °,333 °,333 °,51.6 °,50.7 °,333 °,0 °,48.3 °,53.5 °,62.1 °,55.5 °,54.5 °,333 °,47.1 °,53.0 °,37.9 °,,,
2026-06-29 04:00:00,333 °,333 °,333 °,57.7 °,51.9 °,333 °,49.8 °,46.7 °,333 °,48.3 °,42.2 °,42.1 °,62.5 °,333 °,333 °,333 °,333 °,53.7 °,51.8 °,333 °,0 °,45.1 °,52.4 °,64.1 °,56.4 °,52.6 °,333 °,45.4 °,54.9 °,41.0 °,,,
2026-06-29 07:00:00,333 °,333 °,333 °,55.7 °,58.3 °,333 °,52.2 °,50.5 °,333 °,45.1 °,58.7 °,33.4 °,56.3 °,333 °,333 °,333 °,333 °,54.8 °,48.9 °,333 °,0 °,47.2 °,53.5 °,58.1 °,55.9 °,49.1 °,333 °,54.0 °,51.3 °,40.9 °,,,
2026-06-29 10:00:00,333 °,333 °,333 °,58.4 °,54.0 °,333 °,57.2 °,52.5 °,333 °,37.0 °,94.6 °,9.82 °,55.0 °,333 °,333 °,333 °,333 °,50.9 °,60.7 °,333 °,0 °,45.6 °,58.8 °,51.1 °,53.3 °,47.2 °,333 °,53.6 °,55.2 °,48.3 °,,,
2026-06-29 13:00:00,333 °,333 °,333 °,51.7 °,54.1 °,333 °,51.0 °,59.4 °,333 °,36.7 °,99.9 °,2.90 °,51.8 °,333 °,333 °,106 °,282 °,57.4 °,45.0 °,333 °,0 °,57.4 °,48.1 °,59.1 °,54.6 °,53.0 °,333 °,59.5 °,64.0 °,43.0 °,,,
2026-06-29 16:00:00,333 °,333 °,333 °,57.4 °,58.7 °,333 °,56.2 °,46.5 °,333 °,36.9 °,99.8 °,3.37 °,55.1 °,333 °,333 °,47.5 °,333 °,55.2 °,52.5 °,333 °,0 °,57.7 °,44.7 °,56.9 °,56.0 °,51.6 °,333 °,57.7 °,59.8 °,41.4 °,,,
2026-06-29 19:00:00,333 °,333 °,333 °,58.0 °,55.7 °,333 °,53.2 °,50.6 °,333 °,42.2 °,39.9 °,5.68 °,49.5 °,333 °,333 °,62.6 °,333 °,74.0 °,52.0 °,333 °,0 °,55.9 °,52.5 °,66.4 °,53.8 °,63.2 °,333 °,56.3 °,54.1 °,43.3 °,,,
2026-06-29 22:00:00,333 °,333 °,333 °,58.5 °,47.2 °,333 °,51.8 °,55.6 °,333 °,40.8 °,40.7 °,2.65 °,47.6 °,333 °,333 °,63.1 °,262 °,83.4 °,45.8 °,333 °,0 °,47.3 °,61.9 °,52.3 °,53.5 °,52.3 °,333 °,55.6 °,54.6 °,47.7 °,,,
2026-06-30 01:00:00,333 °,333 °,333 °,62.9 °,47.5 °,333 °,49.3 °,59.5 °,310 °,45.6 °,38.3 °,20.9 °,47.8 °,333 °,333 °,60.3 °,221 °,72.5 °,65.2 °,333 °,0.0488 °,56.0 °,57.1 °,53.9 °,54.8 °,53.7 °,333 °,53.1 °,60.0 °,38.0 °,,,
2026-06-30 04:00:00,333 °,333 °,333 °,58.1 °,45.7 °,333 °,46.4 °,51.3 °,333 °,54.4 °,61.7 °,49.5 °,48.5 °,333 °,333 °,58.8 °,321 °,68.4 °,,,,57.2 °,39.2 °,59.8 °,54.7 °,52.9 °,333 °,51.9 °,52.2 °,34.9 °,,,
2026-06-30 07:00:00,333 °,333 °,333 °,55.6 °,51.1 °,333 °,45.4 °,50.2 °,333 °,53.3 °,46.6 °,66.1 °,43.6 °,333 °,333 °,50.9 °,330 °,56.0 °,39.9 °,321 °,4.60 °,50.8 °,56.2 °,51.9 °,56.7 °,67.4 °,333 °,52.0 °,62.1 °,45.4 °,,,
2026-06-30 10:00:00,333 °,333 °,333 °,55.0 °,45.3 °,333 °,44.2 °,54.4 °,333 °,51.1 °,63.2 °,48.3 °,44.8 °,333 °,333 °,51.3 °,260 °,34.6 °,39.1 °,89.3 °,4.65 °,51.1 °,66.3 °,52.7 °,56.0 °,72.0 °,333 °,53.4 °,67.2 °,43.9 °,,,
2026-06-30 13:00:00,333 °,333 °,333 °,54.1 °,53.4 °,333 °,43.5 °,55.6 °,333 °,48.3 °,64.0 °,53.2 °,48.9 °,333 °,333 °,54.8 °,333 °,58.7 °,,,,48.8 °,57.9 °,52.0 °,55.8 °,62.4 °,333 °,54.9 °,52.5 °,43.2 °,,,
2026-06-30 16:00:00,333 °,333 °,333 °,54.4 °,54.4 °,333 °,41.7 °,56.5 °,333 °,49.7 °,58.8 °,53.4 °,48.1 °,333 °,333 °,56.4 °,333 °,52.1 °,,,,45.0 °,53.4 °,55.0 °,54.7 °,68.6 °,333 °,49.6 °,51.3 °,49.6 °,,,
2026-06-30 19:00:00,333 °,333 °,333 °,53.8 °,53.6 °,333 °,46.3 °,50.2 °,333 °,52.4 °,52.0 °,60.0 °,50.4 °,333 °,333 °,66.9 °,333 °,40.6 °,,,,58.5 °,49.2 °,58.0 °,51.3 °,46.5 °,333 °,50.1 °,48.4 °,52.8 °,,,
2026-06-30 22:00:00,333 °,333 °,333 °,53.1 °,55.1 °,333 °,48.5 °,46.3 °,333 °,48.7 °,53.3 °,62.6 °,55.2 °,333 °,333 °,61.0 °,333 °,88.5 °,,,,56.2 °,51.1 °,58.4 °,51.1 °,41.3 °,333 °,50.3 °,45.6 °,46.5 °,,,
2026-07-01 01:00:00,333 °,333 °,333 °,55.3 °,68.9 °,333 °,45.0 °,57.0 °,333 °,49.4 °,39.7 °,63.0 °,49.4 °,333 °,333 °,55.2 °,333 °,73.8 °,39.4 °,86.3 °,4.67 °,58.7 °,38.3 °,50.7 °,52.9 °,62.5 °,333 °,47.9 °,47.4 °,44.9 °,,,
2026-07-01 04:00:00,333 °,333 °,333 °,53.1 °,51.4 °,333 °,42.9 °,55.3 °,333 °,50.3 °,49.4 °,63.9 °,46.8 °,333 °,333 °,51.5 °,274 °,60.3 °,39.0 °,93.0 °,4.67 °,57.9 °,46.1 °,47.9 °,63.4 °,45.2 °,333 °,47.6 °,49.7 °,42.5 °,,,
2026-07-01 07:00:00,333 °,333 °,333 °,53.8 °,46.3 °,333 °,36.6 °,63.5 °,333 °,52.7 °,53.5 °,64.9 °,52.0 °,333 °,333 °,53.7 °,197 °,45.2 °,62.1 °,49.2 °,4.73 °,52.9 °,60.2 °,53.8 °,52.1 °,51.1 °,333 °,47.5 °,55.7 °,53.9 °,,,
2026-07-01 10:00:00,333 °,333 °,333 °,43.3 °,8.44 °,329 °,40.1 °,61.9 °,333 °,46.3 °,57.2 °,53.3 °,45.5 °,333 °,333 °,58.2 °,333 °,49.4 °,53.1 °,57.7 °,4.79 °,57.1 °,57.6 °,57.7 °,54.3 °,54.1 °,333 °,45.3 °,62.8 °,49.4 °,,,
2026-07-01 13:00:00,333 °,333 °,333 °,,,,49.6 °,46.2 °,333 °,46.2 °,44.3 °,36.4 °,44.6 °,333 °,333 °,53.3 °,320 °,46.3 °,54.0 °,59.7 °,4.78 °,56.4 °,56.9 °,54.3 °,53.7 °,59.6 °,333 °,49.5 °,58.3 °,52.2 °,,,
2026-07-01 16:00:00,333 °,333 °,333 °,44.4 °,89.8 °,333 °,55.6 °,46.0 °,333 °,52.8 °,53.7 °,58.0 °,52.6 °,333 °,333 °,50.3 °,333 °,49.6 °,64.6 °,42.0 °,4.80 °,60.4 °,55.9 °,52.8 °,55.3 °,51.8 °,333 °,48.7 °,54.3 °,55.9 °,,,
2026-07-01 19:00:00,333 °,333 °,333 °,,,,58.2 °,60.2 °,296 °,57.5 °,48.7 °,55.8 °,59.1 °,333 °,333 °,53.7 °,333 °,57.2 °,62.6 °,52.6 °,4.80 °,57.8 °,50.5 °,58.6 °,57.9 °,53.1 °,333 °,47.6 °,50.5 °,52.8 °,,,
2026-07-01 22:00:00,333 °,333 °,333 °,,,,56.6 °,45.4 °,333 °,55.4 °,55.9 °,47.1 °,55.5 °,333 °,333 °,52.9 °,333 °,48.8 °,61.6 °,54.5 °,4.80 °,60.4 °,50.7 °,53.0 °,60.6 °,36.7 °,333 °,46.2 °,55.2 °,50.3 °,,,
2026-07-02 01:00:00,333 °,333 °,333 °,,,,52.8 °,48.4 °,333 °,53.6 °,45.3 °,60.5 °,56.1 °,333 °,333 °,50.7 °,333 °,62.0 °,61.4 °,51.6 °,4.80 °,60.5 °,44.6 °,51.6 °,59.1 °,48.2 °,333 °,48.7 °,66.4 °,55.5 °,,,
2026-07-02 04:00:00,333 °,333 °,333 °,,,,49.9 °,45.6 °,333 °,51.5 °,50.5 °,59.0 °,51.6 °,333 °,333 °,47.7 °,333 °,50.0 °,63.2 °,55.5 °,4.80 °,52.7 °,50.7 °,53.0 °,53.8 °,58.2 °,333 °,46.7 °,62.2 °,47.1 °,,,
2026-07-02 07:00:00,333 °,333 °,333 °,,,,47.7 °,56.7 °,333 °,46.5 °,57.3 °,52.7 °,52.4 °,333 °,333 °,49.9 °,333 °,58.0 °,59.8 °,47.7 °,4.80 °,48.5 °,55.9 °,57.7 °,57.4 °,46.0 °,333 °,47.3 °,57.6 °,51.5 °,,,
2026-07-02 10:00:00,333 °,333 °,333 °,333 °,100 °,333 °,47.3 °,57.0 °,333 °,49.3 °,56.1 °,55.1 °,53.3 °,333 °,333 °,50.4 °,333 °,53.4 °,59.9 °,50.4 °,4.80 °,48.5 °,52.0 °,54.0 °,52.6 °,51.5 °,333 °,43.4 °,54.4 °,48.9 °,,,
2026-07-02 13:00:00,333 °,333 °,333 °,333 °,50.7 °,333 °,51.0 °,56.7 °,245 °,46.3 °,58.8 °,43.9 °,52.2 °,333 °,333 °,47.4 °,285 °,40.8 °,57.5 °,33.1 °,4.80 °,40.0 °,64.7 °,57.8 °,55.3 °,51.2 °,333 °,47.1 °,48.9 °,55.4 °,36.9 °,98.0 °,3.44 °
2026-07-02 16:00:00,333 °,333 °,333 °,333 °,44.7 °,333 °,45.4 °,52.2 °,333 °,46.0 °,52.0 °,58.8 °,49.8 °,333 °,333 °,51.3 °,333 °,49.4 °,61.4 °,56.6 °,4.69 °,47.6 °,53.0 °,110 °,,,,50.8 °,49.4 °,55.6 °,53.7 °,73.8 °,31.7 °
2026-07-02 19:00:00,333 °,333 °,333 °,333 °,38.2 °,333 °,43.8 °,64.2 °,333 °,45.0 °,61.8 °,59.3 °,52.1 °,333 °,333 °,54.8 °,333 °,50.5 °,61.8 °,56.2 °,4.79 °,48.7 °,60.2 °,333 °,,,,,,,45.6 °,93.0 °,27.7 °
2026-07-02 22:00:00,333 °,333 °,333 °,333 °,48.7 °,333 °,52.8 °,60.1 °,327 °,49.6 °,60.9 °,55.9 °,48.5 °,333 °,333 °,56.6 °,333 °,47.1 °,52.0 °,53.3 °,4.80 °,52.3 °,64.1 °,100.0 °,,,,46.9 °,72.0 °,40.0 °,50.1 °,84.2 °,29.3 °
2026-07-03 01:00:00,333 °,333 °,333 °,333 °,61.5 °,333 °,48.7 °,61.7 °,327 °,47.5 °,55.8 °,40.4 °,49.4 °,333 °,333 °,55.1 °,333 °,49.3 °,54.3 °,58.4 °,4.80 °,47.5 °,60.4 °,48.1 °,,,,46.7 °,60.9 °,43.7 °,,,
2026-07-03 04:00:00,,,,333 °,44.1 °,333 °,52.5 °,58.7 °,333 °,48.2 °,51.3 °,49.8 °,54.9 °,333 °,333 °,51.1 °,333 °,49.0 °,50.8 °,61.9 °,4.80 °,48.3 °,60.8 °,55.4 °,,,,41.6 °,61.4 °,47.3 °,,,
2026-07-03 07:00:00,,,,333 °,50.8 °,333 °,56.7 °,53.5 °,333 °,54.5 °,56.1 °,55.6 °,61.6 °,333 °,333 °,52.8 °,333 °,47.5 °,50.9 °,65.4 °,4.80 °,39.6 °,58.4 °,61.0 °,,,,43.8 °,57.8 °,49.9 °,46.7 °,82.2 °,14.5 °
2026-07-03 10:00:00,333 °,333 °,333 °,333 °,52.2 °,333 °,54.6 °,51.4 °,333 °,52.1 °,53.3 °,58.5 °,52.1 °,333 °,333 °,55.9 °,333 °,52.4 °,48.3 °,65.0 °,4.80 °,39.8 °,59.9 °,56.7 °,,,,46.4 °,54.9 °,55.3 °,36.5 °,97.3 °,14.7 °
2026-07-03 13:00:00,333 °,333 °,333 °,333 °,45.3 °,333 °,55.3 °,65.0 °,333 °,47.2 °,69.0 °,38.2 °,47.8 °,333 °,333 °,171 °,213 °,54.2 °,52.2 °,58.9 °,4.79 °,47.9 °,51.3 °,59.7 °,179 °,183 °,333 °,50.0 °,58.1 °,47.2 °,51.1 °,53.1 °,45.6 °
2026-07-03 16:00:00,333 °,333 °,333 °,333 °,46.0 °,333 °,57.0 °,51.2 °,333 °,52.0 °,56.6 °,51.8 °,45.9 °,333 °,333 °,51.3 °,251 °,42.6 °,57.1 °,58.7 °,4.82 °,48.2 °,48.9 °,58.9 °,47.5 °,80.1 °,32.6 °,49.6 °,63.3 °,48.5 °,48.8 °,66.3 °,15.3 °
2026-07-03 19:00:00,333 °,333 °,333 °,333 °,49.1 °,333 °,60.0 °,45.2 °,333 °,52.2 °,57.9 °,57.0 °,46.0 °,333 °,333 °,49.6 °,333 °,54.5 °,55.3 °,67.2 °,4.85 °,56.0 °,59.1 °,54.2 °,56.5 °,61.6 °,52.0 °,54.0 °,62.0 °,50.9 °,54.1 °,43.2 °,40.3 °
2026-07-03 22:00:00,333 °,333 °,333 °,333 °,51.4 °,333 °,57.7 °,53.3 °,324 °,50.3 °,59.4 °,54.1 °,55.0 °,333 °,333 °,56.4 °,333 °,53.5 °,51.4 °,53.0 °,4.99 °,54.5 °,65.6 °,51.8 °,57.4 °,67.0 °,41.6 °,40.9 °,81.1 °,19.8 °,66.3 °,28.6 °,31.3 °
2026-07-04 01:00:00,333 °,333 °,333 °,333 °,52.8 °,333 °,53.8 °,57.6 °,333 °,52.0 °,60.6 °,49.9 °,45.1 °,333 °,333 °,48.0 °,327 °,23.8 °,55.6 °,62.6 °,4.97 °,47.8 °,68.0 °,31.2 °,52.0 °,64.5 °,42.5 °,43.3 °,80.7 °,24.4 °,68.3 °,28.0 °,35.3 °
2026-07-04 04:00:00,333 °,333 °,333 °,333 °,54.2 °,333 °,52.7 °,51.2 °,333 °,51.1 °,49.8 °,57.0 °,54.2 °,333 °,333 °,,,,56.7 °,62.9 °,4.92 °,54.7 °,53.6 °,61.5 °,47.8 °,66.5 °,37.2 °,53.4 °,61.9 °,46.9 °,54.3 °,60.7 °,32.3 °
2026-07-04 07:00:00,333 °,333 °,333 °,333 °,89.7 °,333 °,55.0 °,56.3 °,333 °,49.8 °,57.1 °,44.4 °,53.0 °,333 °,333 °,,,,62.6 °,53.0 °,4.93 °,51.1 °,58.7 °,56.0 °,51.7 °,53.2 °,40.0 °,55.0 °,55.5 °,50.2 °,42.9 °,44.8 °,32.1 °
2026-07-04 10:00:00,333 °,333 °,333 °,,,,48.6 °,60.6 °,333 °,50.9 °,55.7 °,52.6 °,54.8 °,333 °,333 °,52.7 °,218 °,11.8 °,62.8 °,50.4 °,4.86 °,52.5 °,54.6 °,56.9 °,54.0 °,46.4 °,48.3 °,51.3 °,52.4 °,55.5 °,46.2 °,43.4 °,31.5 °
2026-07-04 13:00:00,,,,,,,52.7 °,56.0 °,333 °,49.3 °,60.1 °,48.4 °,50.4 °,333 °,333 °,,,,61.1 °,47.5 °,4.82 °,52.3 °,33.7 °,59.5 °,50.5 °,52.5 °,53.6 °,,,,45.2 °,38.0 °,12.1 °
2026-07-04 16:00:00,333 °,333 °,333 °,,,,56.5 °,55.0 °,333 °,49.8 °,56.0 °,55.4 °,53.7 °,333 °,333 °,,,,56.0 °,50.9 °,4.84 °,50.7 °,53.8 °,51.4 °,46.5 °,53.1 °,48.0 °,49.7 °,38.3 °,75.9 °,49.6 °,42.1 °,33.0 °
2026-07-04 19:00:00,333 °,333 °,333 °,,,,51.4 °,51.0 °,333 °,50.8 °,55.0 °,54.7 °,52.8 °,333 °,333 °,,,,55.6 °,55.3 °,4.83 °,50.1 °,54.7 °,260 °,51.7 °,43.4 °,58.7 °,53.9 °,44.5 °,26.9 °,44.7 °,59.2 °,57.3 °
2026-07-04 22:00:00,333 °,333 °,333 °,,,,53.2 °,55.0 °,316 °,51.3 °,51.3 °,57.7 °,54.7 °,333 °,333 °,,,,53.8 °,58.1 °,4.82 °,49.5 °,55.7 °,109 °,46.6 °,53.8 °,49.9 °,51.0 °,50.2 °,35.7 °,44.6 °,53.8 °,54.1 °
2026-07-05 01:00:00,333 °,333 °,333 °,,,,49.3 °,91.5 °,151 °,52.7 °,35.9 °,59.6 °,50.5 °,333 °,333 °,,,,53.4 °,55.9 °,4.81 °,47.2 °,56.0 °,30.1 °,46.3 °,49.9 °,52.1 °,51.9 °,58.5 °,47.7 °,46.1 °,54.2 °,47.6 °
2026-07-05 04:00:00,333 °,333 °,333 °,333 °,44.4 °,333 °,,,,52.4 °,53.4 °,52.5 °,52.2 °,333 °,333 °,49.3 °,43.8 °,56.6 °,54.6 °,57.6 °,4.81 °,49.4 °,51.0 °,49.3 °,40.9 °,56.6 °,46.9 °,55.5 °,52.2 °,50.2 °,49.5 °,58.9 °,50.0 °
2026-07-05 07:00:00,333 °,333 °,333 °,333 °,48.5 °,333 °,48.5 °,73.7 °,68.1 °,50.2 °,56.4 °,50.2 °,45.8 °,333 °,333 °,,,,54.4 °,57.1 °,4.81 °,49.1 °,54.8 °,61.5 °,38.9 °,63.3 °,47.5 °,55.7 °,48.6 °,31.7 °,43.0 °,55.7 °,58.5 °
2026-07-05 10:00:00,333 °,333 °,333 °,333 °,53.1 °,333 °,,,,47.9 °,57.1 °,48.8 °,50.9 °,333 °,333 °,50.9 °,42.7 °,24.7 °,60.6 °,50.0 °,4.81 °,57.2 °,56.1 °,50.8 °,39.1 °,66.4 °,46.4 °,56.9 °,51.5 °,6.09 °,44.1 °,55.8 °,60.1 °
2026-07-05 13:00:00,333 °,333 °,333 °,333 °,46.5 °,333 °,,,,50.6 °,50.2 °,49.2 °,55.1 °,333 °,333 °,74.1 °,40.8 °,66.2 °,59.9 °,51.9 °,4.80 °,43.6 °,44.7 °,31.8 °,38.7 °,60.4 °,48.8 °,56.3 °,56.9 °,44.2 °,44.6 °,58.3 °,63.2 °
2026-07-05 16:00:00,333 °,333 °,333 °,333 °,43.6 °,333 °,,,,52.9 °,57.2 °,54.7 °,51.7 °,333 °,333 °,61.1 °,40.8 °,59.7 °,56.7 °,55.9 °,4.80 °,48.5 °,51.3 °,47.6 °,36.3 °,66.1 °,41.2 °,51.5 °,56.0 °,46.0 °,43.6 °,61.4 °,55.1 °
2026-07-05 19:00:00,333 °,333 °,333 °,333 °,46.2 °,333 °,37.4 °,6.94 °,78.6 °,49.6 °,61.1 °,49.4 °,52.3 °,333 °,333 °,68.8 °,40.9 °,88.3 °,60.5 °,54.3 °,4.88 °,41.5 °,57.5 °,58.7 °,47.2 °,54.8 °,40.8 °,54.2 °,50.3 °,50.4 °,45.7 °,59.6 °,55.9 °
2026-07-05 22:00:00,333 °,333 °,333 °,333 °,46.6 °,333 °,45.5 °,36.6 °,97.4 °,52.6 °,62.4 °,53.3 °,49.6 °,333 °,333 °,57.1 °,41.0 °,47.9 °,53.0 °,57.1 °,5.05 °,43.8 °,59.7 °,57.1 °,52.0 °,48.4 °,48.1 °,57.5 °,53.2 °,56.2 °,46.0 °,54.9 °,49.7 °
2026-07-06 01:00:00,333 °,333 °,333 °,333 °,57.0 °,333 °,49.9 °,36.8 °,98.2 °,48.8 °,63.4 °,52.5 °,57.6 °,333 °,333 °,58.9 °,41.0 °,41.9 °,52.1 °,44.6 °,4.82 °,43.5 °,57.6 °,244 °,48.4 °,56.2 °,52.8 °,56.8 °,50.5 °,46.8 °,48.2 °,59.2 °,54.5 °
2026-07-06 04:00:00,333 °,333 °,333 °,333 °,60.5 °,333 °,56.7 °,44.8 °,331 °,49.5 °,55.8 °,55.6 °,47.8 °,333 °,333 °,59.8 °,41.0 °,52.0 °,50.8 °,65.3 °,4.82 °,53.8 °,55.1 °,333 °,47.4 °,52.4 °,52.2 °,,,,48.5 °,57.6 °,50.1 °
2026-07-06 07:00:00,333 °,333 °,333 °,333 °,53.8 °,333 °,53.1 °,55.5 °,333 °,47.5 °,58.5 °,53.8 °,46.5 °,333 °,333 °,55.7 °,41.0 °,54.4 °,59.2 °,49.4 °,4.84 °,51.6 °,49.3 °,333 °,42.1 °,60.7 °,51.6 °,48.8 °,79.7 °,22.9 °,43.2 °,56.3 °,53.9 °
2026-07-06 10:00:00,333 °,333 °,333 °,333 °,46.2 °,333 °,53.7 °,57.7 °,333 °,46.9 °,58.1 °,57.6 °,43.3 °,333 °,333 °,55.7 °,40.8 °,47.3 °,55.6 °,49.5 °,4.83 °,55.4 °,53.1 °,333 °,47.6 °,56.4 °,49.8 °,,,,45.1 °,55.7 °,50.0 °
2026-07-06 13:00:00,333 °,333 °,333 °,333 °,46.1 °,333 °,46.1 °,61.9 °,333 °,43.5 °,58.1 °,53.2 °,51.3 °,333 °,333 °,58.1 °,40.8 °,47.7 °,64.3 °,50.1 °,4.98 °,50.9 °,52.4 °,333 °,45.3 °,45.6 °,36.0 °,,,,44.4 °,57.1 °,53.8 °
2026-07-06 16:00:00,333 °,333 °,333 °,333 °,53.8 °,333 °,56.3 °,48.5 °,333 °,45.6 °,59.5 °,56.7 °,49.1 °,333 °,333 °,56.5 °,40.8 °,51.1 °,55.8 °,49.5 °,4.81 °,50.6 °,52.4 °,333 °,51.0 °,53.1 °,48.0 °,,,,45.7 °,60.8 °,54.9 °
2026-07-06 19:00:00,333 °,333 °,333 °,333 °,60.9 °,333 °,60.2 °,49.5 °,333 °,52.6 °,57.6 °,49.8 °,55.9 °,333 °,333 °,62.3 °,40.9 °,74.8 °,56.8 °,54.4 °,4.80 °,49.6 °,54.4 °,333 °,51.8 °,50.1 °,40.4 °,,,,46.3 °,58.9 °,54.2 °
2026-07-06 22:00:00,333 °,333 °,333 °,333 °,51.4 °,333 °,55.1 °,50.3 °,333 °,53.9 °,66.6 °,53.6 °,50.5 °,333 °,333 °,64.0 °,41.0 °,47.4 °,56.5 °,56.7 °,4.78 °,45.0 °,61.0 °,127 °,51.7 °,51.4 °,42.8 °,42.5 °,82.5 °,5.85 °,43.5 °,59.5 °,56.9 °
2026-07-07 01:00:00,333 °,333 °,333 °,333 °,60.1 °,333 °,52.3 °,60.6 °,296 °,53.9 °,62.5 °,59.0 °,33.8 °,333 °,333 °,63.3 °,41.0 °,55.9 °,51.8 °,53.8 °,4.76 °,50.9 °,49.5 °,52.4 °,57.1 °,55.8 °,43.0 °,54.8 °,35.2 °,55.6 °,43.4 °,62.6 °,55.4 °
2026-07-07 04:00:00,333 °,333 °,333 °,333 °,56.7 °,333 °,51.0 °,56.4 °,333 °,48.6 °,54.9 °,46.0 °,59.5 °,333 °,333 °,60.8 °,41.0 °,49.2 °,48.2 °,54.6 °,4.66 °,49.4 °,48.2 °,52.0 °,54.7 °,54.0 °,40.6 °,53.2 °,38.8 °,55.6 °,46.2 °,53.6 °,53.3 °
2026-07-07 07:00:00,333 °,333 °,333 °,333 °,66.3 °,333 °,47.8 °,61.6 °,333 °,47.8 °,48.6 °,36.6 °,46.1 °,333 °,333 °,61.8 °,40.9 °,49.9 °,57.1 °,55.0 °,4.75 °,48.8 °,51.2 °,56.2 °,52.8 °,30.4 °,64.9 °,57.3 °,44.7 °,50.5 °,45.0 °,55.5 °,58.7 °
2026-07-07 10:00:00,333 °,333 °,333 °,333 °,62.2 °,333 °,49.1 °,60.1 °,333 °,49.2 °,57.1 °,55.8 °,39.7 °,333 °,333 °,59.4 °,40.8 °,47.6 °,57.2 °,63.4 °,4.80 °,59.3 °,35.6 °,333 °,57.0 °,53.7 °,46.1 °,48.4 °,39.5 °,26.0 °,50.8 °,53.4 °,50.1 °
2026-07-07 13:00:00,333 °,333 °,333 °,333 °,60.3 °,333 °,50.9 °,61.2 °,330 °,47.2 °,56.6 °,54.9 °,39.7 °,333 °,333 °,70.9 °,40.8 °,31.0 °,58.7 °,59.7 °,4.80 °,45.3 °,56.1 °,321 °,55.3 °,49.5 °,47.4 °,52.3 °,57.3 °,44.6 °,40.9 °,79.0 °,26.7 °
2026-07-07 16:00:00,333 °,333 °,333 °,333 °,54.4 °,333 °,51.5 °,36.4 °,90.8 °,,,,41.2 °,333 °,333 °,,,,59.2 °,51.4 °,4.80 °,57.6 °,65.5 °,47.1 °,56.6 °,61.0 °,42.5 °,51.4 °,53.4 °,44.7 °,50.3 °,62.8 °,49.5 °
2026-07-07 19:00:00,333 °,333 °,333 °,333 °,55.3 °,333 °,53.2 °,29.7 °,91.9 °,42.4 °,52.7 °,53.7 °,40.5 °,333 °,333 °,66.2 °,41.0 °,52.6 °,60.7 °,54.9 °,4.92 °,52.4 °,61.0 °,62.8 °,53.3 °,59.9 °,43.4 °,56.9 °,48.5 °,47.2 °,45.5 °,61.4 °,57.9 °
2026-07-07 22:00:00,333 °,333 °,333 °,333 °,46.5 °,333 °,53.0 °,32.7 °,92.2 °,53.6 °,54.5 °,54.6 °,35.1 °,333 °,333 °,64.0 °,41.0 °,52.2 °,55.0 °,53.9 °,4.72 °,51.9 °,58.2 °,155 °,54.1 °,59.8 °,41.7 °,55.6 °,46.7 °,75.4 °,46.8 °,61.4 °,54.4 °
2026-07-08 01:00:00,333 °,333 °,333 °,333 °,60.6 °,333 °,51.1 °,38.0 °,85.7 °,52.1 °,42.4 °,50.4 °,36.9 °,333 °,333 °,66.0 °,41.0 °,47.3 °,59.2 °,41.6 °,4.72 °,54.1 °,57.3 °,333 °,53.2 °,54.7 °,44.9 °,52.8 °,47.1 °,44.0 °,48.9 °,57.9 °,58.1 °
2026-07-08 04:00:00,333 °,333 °,333 °,333 °,45.7 °,333 °,60.2 °,35.7 °,72.8 °,49.2 °,56.9 °,47.7 °,45.9 °,333 °,333 °,52.0 °,41.0 °,50.8 °,54.5 °,53.1 °,4.68 °,54.2 °,55.2 °,333 °,53.9 °,56.3 °,44.8 °,59.4 °,53.2 °,38.3 °,45.4 °,57.6 °,55.3 °
2026-07-08 07:00:00,333 °,333 °,333 °,333 °,42.2 °,333 °,63.2 °,11.3 °,79.8 °,51.7 °,51.2 °,52.3 °,42.0 °,333 °,333 °,47.9 °,41.0 °,53.3 °,46.3 °,84.1 °,4.66 °,55.4 °,53.1 °,333 °,56.3 °,45.8 °,49.1 °,49.6 °,53.0 °,58.1 °,45.5 °,55.1 °,61.3 °
2026-07-08 10:00:00,333 °,333 °,333 °,333 °,46.9 °,333 °,71.4 °,29.6 °,52.6 °,53.3 °,56.0 °,51.9 °,51.7 °,333 °,333 °,48.1 °,40.9 °,46.3 °,56.9 °,53.5 °,4.72 °,50.9 °,51.9 °,333 °,52.7 °,45.2 °,47.4 °,49.7 °,45.2 °,53.2 °,43.3 °,59.2 °,55.0 °
2026-07-08 13:00:00,333 °,333 °,333 °,333 °,44.1 °,333 °,55.3 °,38.6 °,80.3 °,53.8 °,53.9 °,48.0 °,40.5 °,333 °,333 °,54.7 °,40.8 °,65.3 °,58.5 °,56.3 °,4.68 °,47.7 °,55.7 °,333 °,52.9 °,47.5 °,47.4 °,50.6 °,48.0 °,45.4 °,44.8 °,46.5 °,43.2 °
2026-07-08 16:00:00,333 °,333 °,333 °,333 °,46.5 °,329 °,54.3 °,38.1 °,80.2 °,53.5 °,53.5 °,50.2 °,52.8 °,333 °,333 °,54.5 °,40.8 °,64.8 °,59.0 °,52.6 °,4.72 °,39.9 °,63.7 °,333 °,55.0 °,42.3 °,52.3 °,46.3 °,43.7 °,43.7 °,46.0 °,49.3 °,62.8 °
2026-07-08 19:00:00,333 °,333 °,333 °,333 °,52.9 °,333 °,51.3 °,52.6 °,73.6 °,53.0 °,49.3 °,61.3 °,56.1 °,333 °,333 °,65.1 °,40.9 °,40.8 °,54.9 °,26.6 °,4.80 °,55.0 °,53.4 °,333 °,48.5 °,42.2 °,43.8 °,51.3 °,51.6 °,41.2 °,41.7 °,58.0 °,46.9 °
2026-07-08 22:00:00,333 °,333 °,333 °,333 °,56.3 °,333 °,50.5 °,52.2 °,78.1 °,48.7 °,57.9 °,51.3 °,36.7 °,333 °,333 °,60.7 °,41.0 °,59.6 °,57.7 °,58.7 °,4.80 °,41.8 °,81.8 °,159 °,49.8 °,54.6 °,48.7 °,51.6 °,53.6 °,39.7 °,43.2 °,63.2 °,55.1 °
2026-07-09 01:00:00,333 °,333 °,333 °,333 °,58.0 °,333 °,47.4 °,52.9 °,75.1 °,54.7 °,52.6 °,38.0 °,48.2 °,333 °,333 °,63.2 °,41.0 °,46.2 °,53.6 °,57.2 °,4.80 °,56.4 °,54.8 °,47.0 °,50.9 °,46.1 °,44.7 °,47.8 °,57.2 °,38.7 °,43.0 °,63.8 °,55.7 °
2026-07-09 04:00:00,333 °,333 °,333 °,333 °,52.7 °,333 °,47.7 °,50.2 °,81.0 °,50.7 °,50.5 °,57.7 °,47.0 °,333 °,333 °,56.8 °,41.0 °,48.6 °,51.6 °,56.6 °,4.80 °,49.0 °,57.2 °,59.3 °,54.1 °,50.4 °,45.7 °,49.9 °,57.5 °,46.3 °,45.5 °,64.3 °,55.8 °
2026-07-09 07:00:00,333 °,333 °,333 °,333 °,46.6 °,333 °,49.1 °,56.8 °,86.5 °,53.8 °,55.1 °,53.1 °,50.8 °,333 °,333 °,57.3 °,41.0 °,44.5 °,50.6 °,55.8 °,4.80 °,45.3 °,64.0 °,43.5 °,51.2 °,57.6 °,45.8 °,42.8 °,63.3 °,49.3 °,45.6 °,62.5 °,52.9 °
2026-07-09 10:00:00,333 °,333 °,333 °,333 °,47.1 °,333 °,50.5 °,52.7 °,86.5 °,48.6 °,56.4 °,52.1 °,50.4 °,333 °,333 °,50.4 °,40.8 °,37.1 °,45.2 °,66.0 °,4.98 °,41.0 °,61.8 °,51.6 °,52.1 °,58.1 °,44.7 °,39.9 °,62.7 °,52.8 °,38.8 °,80.7 °,27.3 °
2026-07-09 13:00:00,333 °,333 °,333 °,333 °,61.4 °,333 °,52.6 °,51.4 °,86.5 °,54.4 °,48.3 °,49.0 °,51.1 °,333 °,333 °,59.2 °,40.8 °,53.1 °,48.5 °,55.8 °,4.80 °,42.2 °,56.4 °,54.1 °,53.6 °,44.9 °,41.5 °,39.5 °,67.6 °,49.6 °,43.0 °,60.2 °,44.7 °
2026-07-09 16:00:00,333 °,333 °,333 °,333 °,58.8 °,333 °,51.0 °,53.0 °,88.8 °,53.5 °,56.8 °,54.9 °,55.8 °,333 °,333 °,59.1 °,40.9 °,50.3 °,52.2 °,50.8 °,4.80 °,47.8 °,46.1 °,56.6 °,57.0 °,47.7 °,47.4 °,39.5 °,64.5 °,51.5 °,42.1 °,63.9 °,54.5 °
2026-07-09 19:00:00,333 °,333 °,333 °,333 °,63.2 °,333 °,59.5 °,59.8 °,75.1 °,49.3 °,61.4 °,50.5 °,47.0 °,333 °,333 °,56.4 °,41.0 °,54.8 °,59.8 °,50.2 °,4.80 °,56.1 °,53.0 °,320 °,53.1 °,48.9 °,46.9 °,51.1 °,49.6 °,54.5 °,42.6 °,58.0 °,55.7 °
2026-07-09 22:00:00,333 °,333 °,333 °,333 °,53.4 °,333 °,59.4 °,55.1 °,70.1 °,58.8 °,64.0 °,47.3 °,47.8 °,333 °,333 °,61.1 °,41.0 °,48.3 °,64.8 °,52.2 °,4.83 °,54.7 °,53.0 °,95.7 °,53.8 °,43.2 °,55.6 °,48.0 °,56.3 °,46.6 °,42.7 °,58.8 °,56.8 °
2026-07-10 01:00:00,333 °,333 °,333 °,333 °,57.9 °,333 °,54.3 °,57.8 °,69.5 °,54.2 °,55.1 °,51.2 °,44.7 °,333 °,333 °,61.1 °,41.0 °,55.6 °,59.4 °,56.1 °,4.89 °,58.2 °,50.4 °,55.4 °,51.1 °,59.6 °,51.1 °,44.2 °,48.5 °,61.5 °,42.3 °,61.6 °,59.6 °
2026-07-10 04:00:00,333 °,333 °,333 °,333 °,59.0 °,333 °,53.4 °,61.1 °,73.6 °,50.8 °,51.9 °,53.8 °,56.1 °,333 °,333 °,62.0 °,41 °,49.1 °,61.4 °,46.5 °,4.83 °,58.4 °,49.3 °,55.6 °,46.3 °,55.4 °,50.2 °,52.2 °,46.0 °,48.0 °,41.7 °,57.1 °,54.9 °
2026-07-10 07:00:00,333 °,333 °,333 °,333 °,50.6 °,333 °,53.6 °,53.0 °,80.5 °,49.2 °,55.2 °,55.0 °,59.0 °,333 °,333 °,62.7 °,41.0 °,47.0 °,53.3 °,50.0 °,4.90 °,46.5 °,59.5 °,55.4 °,44.9 °,63.4 °,45.8 °,48.8 °,46.4 °,57.2 °,39.4 °,65.6 °,54.2 °
2026-07-10 10:00:00,333 °,333 °,333 °,333 °,62.8 °,333 °,46.1 °,53.8 °,83.6 °,54.2 °,60.9 °,58.0 °,52.7 °,333 °,333 °,56.7 °,40.9 °,41.8 °,51.9 °,61.8 °,4.77 °,49.4 °,62.9 °,57.6 °,47.5 °,59.2 °,47.6 °,48.8 °,43.2 °,49.1 °,42.8 °,64.2 °,52.6 °
2026-07-10 13:00:00,333 °,333 °,333 °,333 °,62.5 °,333 °,52.2 °,58.0 °,75.7 °,48.8 °,55.3 °,54.5 °,56.4 °,333 °,333 °,63.7 °,40.8 °,42.3 °,52.2 °,68.0 °,4.77 °,60.0 °,56.0 °,43.6 °,45.6 °,50.0 °,33.5 °,47.8 °,54.9 °,53.1 °,39.5 °,63.1 °,49.6 °
2026-07-10 16:00:00,333 °,333 °,333 °,333 °,54.3 °,333 °,54.0 °,45.3 °,76.7 °,51.2 °,52.6 °,53.6 °,52.4 °,333 °,333 °,59.7 °,40.9 °,57.0 °,57.3 °,55.9 °,4.70 °,55.2 °,53.6 °,49.7 °,46.8 °,53.0 °,43.8 °,47.7 °,47.2 °,43.8 °,42.0 °,56.2 °,54.1 °
2026-07-10 19:00:00,333 °,333 °,333 °,333 °,30.6 °,333 °,53.1 °,50.6 °,75.1 °,49.2 °,61.5 °,53.2 °,61.2 °,333 °,333 °,57.3 °,41.0 °,52.2 °,56.2 °,60.4 °,4.80 °,62.4 °,63.8 °,29.6 °,40.5 °,68.2 °,19.5 °,52.0 °,44.1 °,50.6 °,42.3 °,60.4 °,55.1 °
2026-07-10 22:00:00,333 °,333 °,333 °,333 °,64.4 °,333 °,53.1 °,54.9 °,62.2 °,49.4 °,59.1 °,54.2 °,51.8 °,333 °,333 °,55.5 °,41.0 °,55.0 °,57.9 °,56.3 °,4.80 °,52.5 °,55.5 °,44.8 °,54.5 °,44.7 °,45.0 °,52.2 °,43.1 °,59.7 °,42.9 °,54.4 °,51.9 °
2026-07-11 01:00:00,333 °,333 °,333 °,333 °,59.6 °,333 °,50.7 °,52.7 °,64.8 °,46.0 °,60.5 °,54.7 °,52.0 °,333 °,333 °,55.7 °,41.0 °,50.8 °,56.8 °,57.6 °,4.80 °,55.3 °,47.1 °,56.1 °,51.8 °,50.3 °,47.9 °,51.9 °,47.6 °,45.8 °,39.3 °,67.0 °,48.9 °
2026-07-11 04:00:00,333 °,333 °,333 °,333 °,54.6 °,333 °,52.2 °,45.4 °,67.0 °,47.8 °,57.8 °,53.7 °,51.3 °,333 °,333 °,57.6 °,41.0 °,56.3 °,58.0 °,56.5 °,4.80 °,52.9 °,50.1 °,53.7 °,52.7 °,48.7 °,47.8 °,51.9 °,45.3 °,44.8 °,42.6 °,56.0 °,53.5 °
2026-07-11 07:00:00,333 °,333 °,333 °,333 °,57.4 °,333 °,54.8 °,51.4 °,66.0 °,43.9 °,64.9 °,51.7 °,56.3 °,333 °,333 °,57.8 °,41.0 °,43.9 °,60.2 °,53.7 °,4.80 °,51.0 °,52.4 °,53.4 °,50.9 °,50.8 °,48.7 °,43.6 °,57.9 °,45.5 °,40.2 °,61.8 °,56.1 °
2026-07-11 10:00:00,333 °,333 °,333 °,333 °,56.5 °,333 °,55.6 °,44.5 °,63.0 °,44.0 °,66.8 °,40.2 °,60.6 °,333 °,333 °,54.3 °,41.0 °,50.0 °,50.0 °,60.7 °,4.79 °,52.1 °,50.6 °,51.5 °,51.8 °,57.2 °,49.1 °,46.1 °,56.7 °,50.1 °,40.2 °,56.8 °,49.4 °
2026-07-11 13:00:00,333 °,333 °,333 °,333 °,52.8 °,333 °,34.8 °,99.7 °,33.5 °,52.9 °,56.2 °,50.6 °,57.7 °,333 °,333 °,57.1 °,40.8 °,49.4 °,59.3 °,46.1 °,4.80 °,52.2 °,47.9 °,56.1 °,50.6 °,49.6 °,43.5 °,42.5 °,56.8 °,52.3 °,39.9 °,70.7 °,40.7 °
2026-07-11 16:00:00,333 °,333 °,333 °,333 °,50.3 °,333 °,44.7 °,78.7 °,47.3 °,,,,60.9 °,333 °,333 °,56.3 °,40.9 °,43.8 °,51.5 °,60.0 °,4.76 °,52.3 °,51.5 °,54.9 °,52.1 °,54.8 °,44.0 °,43.0 °,55.7 °,54.5 °,42.0 °,64.1 °,56.1 °
2026-07-11 19:00:00,,,,333 °,58.8 °,333 °,45.5 °,74.1 °,47.2 °,,,,51.6 °,333 °,333 °,56.4 °,41.0 °,48.4 °,54.3 °,57.8 °,4.79 °,50.0 °,56.3 °,51.1 °,51.2 °,65.4 °,45.9 °,34.5 °,99.9 °,9.33 °,44.9 °,62.7 °,52.2 °
2026-07-11 22:00:00,333 °,333 °,333 °,333 °,47.6 °,333 °,46.6 °,68.4 °,52.5 °,,,,49.7 °,333 °,333 °,58.3 °,41.0 °,48.7 °,50.4 °,47.7 °,4.80 °,48.5 °,58.4 °,50.0 °,49.3 °,63.9 °,45.2 °,50.1 °,53.4 °,47.9 °,41.3 °,69.9 °,37.7 °
2026-07-12 01:00:00,,,,333 °,51.2 °,333 °,47.4 °,55.3 °,72.3 °,,,,48.6 °,333 °,333 °,57.2 °,41.0 °,58.4 °,47.5 °,58.6 °,4.80 °,49.1 °,60.7 °,53.2 °,51.5 °,60.4 °,47.5 °,46.3 °,57.3 °,47.4 °,36.4 °,84.2 °,22.1 °
2026-07-12 04:00:00,,,,333 °,49.5 °,333 °,45.7 °,70.5 °,53.5 °,,,,44.2 °,333 °,333 °,58.0 °,41.0 °,57.8 °,61.8 °,46.9 °,4.80 °,50.5 °,57.3 °,49.6 °,51.4 °,50.3 °,47.5 °,44.4 °,59.9 °,49.8 °,45.9 °,57.0 °,54.4 °
2026-07-12 07:00:00,,,,333 °,45.0 °,333 °,36.6 °,99.9 °,29.2 °,,,,43.3 °,333 °,333 °,59.0 °,41.0 °,49.5 °,56.0 °,43.3 °,4.72 °,54.7 °,54.7 °,55.7 °,44.9 °,55.2 °,47.0 °,46.0 °,52.3 °,46.9 °,43.8 °,56.6 °,52.6 °
2026-07-12 10:00:00,,,,333 °,41.9 °,333 °,37.6 °,98.4 °,28.3 °,48.3 °,51.0 °,46.0 °,50.1 °,333 °,333 °,54.4 °,40.9 °,42.7 °,55.6 °,54.3 °,4.63 °,49.4 °,46.2 °,48.6 °,49.0 °,54.4 °,52.7 °,43.2 °,55.8 °,46.1 °,45.8 °,61.1 °,52.7 °
2026-07-12 13:00:00,,,,333 °,56.1 °,333 °,48.8 °,65.1 °,78.5 °,45.9 °,53.6 °,20.2 °,50.9 °,333 °,333 °,59.7 °,40.8 °,45.3 °,60.7 °,51.9 °,4.80 °,50.8 °,58.3 °,53.1 °,49.6 °,55.1 °,37.3 °,42.8 °,55.3 °,49.6 °,45.1 °,59.5 °,49.9 °
2026-07-12 16:00:00,,,,333 °,52.0 °,333 °,53.5 °,55.5 °,63.0 °,51.4 °,57.3 °,60.1 °,47.5 °,333 °,333 °,57.8 °,40.8 °,41.3 °,49.0 °,52.0 °,4.80 °,49.9 °,58.5 °,53.8 °,50.8 °,57.5 °,45.5 °,45.5 °,55.8 °,42.9 °,45.2 °,65.1 °,54.7 °
2026-07-12 19:00:00,,,,333 °,62.6 °,333 °,51.9 °,63.1 °,65.4 °,55.3 °,62.6 °,60.7 °,58.0 °,333 °,333 °,58.7 °,41.0 °,44.5 °,55.6 °,45.0 °,4.82 °,49.7 °,55.8 °,51.8 °,46.8 °,64.9 °,47.4 °,47.2 °,51.6 °,42.5 °,47.7 °,61.1 °,55.6 °
2026-07-12 22:00:00,,,,333 °,58.5 °,333 °,47.5 °,65.9 °,58.8 °,54.3 °,61.8 °,48.3 °,59.1 °,333 °,333 °,55.7 °,41.0 °,54.1 °,53.9 °,61.8 °,4.72 °,49.6 °,55.7 °,55.8 °,48.2 °,59.4 °,42.8 °,47.3 °,54.3 °,46.1 °,45.4 °,68.7 °,52.5 °
2026-07-13 01:00:00,,,,333 °,54.9 °,333 °,51.3 °,61.2 °,59.5 °,54.5 °,67.1 °,52.8 °,54.9 °,333 °,333 °,59.5 °,41.0 °,52.9 °,48.5 °,53.5 °,4.68 °,47.9 °,69.8 °,44.0 °,45.9 °,62.1 °,39.3 °,50.5 °,53.7 °,43.5 °,48.3 °,51.1 °,59.9 °
2026-07-13 04:00:00,333 °,333 °,333 °,333 °,49.4 °,333 °,54.8 °,54.8 °,66.0 °,53.9 °,58.1 °,53.4 °,52.0 °,333 °,333 °,58.5 °,41.0 °,47.2 °,56.3 °,54.6 °,4.69 °,48.9 °,61.6 °,39.4 °,47.0 °,57.7 °,40.2 °,54.9 °,46.9 °,49.4 °,44.4 °,57.7 °,58.8 °
2026-07-13 07:00:00,333 °,333 °,333 °,333 °,59.0 °,333 °,53.3 °,55.0 °,66.1 °,50.9 °,50.3 °,45.8 °,59.5 °,333 °,333 °,59.8 °,41.0 °,48.2 °,50.1 °,54.4 °,4.62 °,51.3 °,44.6 °,48.7 °,43.7 °,55.7 °,57.9 °,47.2 °,60.4 °,47.5 °,44.1 °,65.1 °,58.0 °
2026-07-13 10:00:00,333 °,333 °,333 °,333 °,55.4 °,333 °,55.1 °,49.4 °,67.7 °,49.5 °,57.8 °,52.7 °,58.2 °,333 °,333 °,54.7 °,40.9 °,39.7 °,42.5 °,60.2 °,4.62 °,52.7 °,47.8 °,54.9 °,43.2 °,66.1 °,44.0 °,51.7 °,57.5 °,52.5 °,44.3 °,64.0 °,56.6 °
2026-07-13 13:00:00,333 °,333 °,333 °,333 °,56.8 °,333 °,54.0 °,51.8 °,68.8 °,46.8 °,58.0 °,48.3 °,50.0 °,333 °,333 °,61.1 °,40.8 °,44.7 °,37.9 °,61.2 °,4.74 °,52.9 °,45.0 °,58.7 °,49.1 °,59.8 °,54.6 °,50.5 °,57.2 °,44.7 °,40.6 °,64.6 °,55.1 °
2026-07-13 16:00:00,333 °,333 °,333 °,333 °,47.4 °,333 °,46.7 °,55.2 °,63.8 °,46.5 °,56.5 °,56.0 °,50.8 °,333 °,333 °,50.8 °,40.9 °,49.9 °,52.5 °,66.5 °,4.79 °,46.6 °,45.8 °,59.1 °,56.2 °,50.1 °,64.8 °,52.3 °,54.6 °,50.4 °,43.9 °,65.9 °,54.3 °
2026-07-13 19:00:00,333 °,333 °,333 °,333 °,49.7 °,333 °,46.5 °,61.4 °,64.4 °,46.0 °,58.1 °,53.7 °,52.8 °,333 °,333 °,55.4 °,41.0 °,48.3 °,50.4 °,62.2 °,4.74 °,47.4 °,51.2 °,58.0 °,51.4 °,60.7 °,37.6 °,55.8 °,55.2 °,50.6 °,48.8 °,65.3 °,47.7 °
2026-07-13 22:00:00,333 °,333 °,333 °,333 °,58.6 °,333 °,56.8 °,62.9 °,62.9 °,46.4 °,62.1 °,51.8 °,51.4 °,333 °,333 °,50.3 °,41.0 °,47.6 °,46.0 °,66.6 °,4.66 °,49.9 °,53.9 °,54.4 °,37.5 °,66.5 °,52.1 °,49.6 °,62.0 °,49.1 °,47.7 °,66.5 °,50.6 °
2026-07-14 01:00:00,333 °,333 °,333 °,333 °,57.7 °,333 °,58.5 °,59.7 °,67.3 °,44.8 °,42.4 °,31.2 °,56.0 °,333 °,333 °,57.2 °,41.0 °,55.9 °,60.0 °,56.8 °,4.68 °,53.1 °,52.8 °,46.7 °,38.7 °,66.4 °,44.0 °,49.2 °,54.4 °,41.7 °,46.5 °,54.0 °,51.1 °
2026-07-14 04:00:00,333 °,333 °,333 °,333 °,54.0 °,333 °,54.4 °,55.7 °,70.0 °,47.8 °,54.2 °,56.3 °,52.5 °,333 °,333 °,56.0 °,41.0 °,54.9 °,55.2 °,47.1 °,4.69 °,51.9 °,55.7 °,54.4 °,50.8 °,55.3 °,42.8 °,49.2 °,53.3 °,46.2 °,43.4 °,61.8 °,55.2 °
2026-07-14 07:00:00,333 °,333 °,333 °,333 °,48.6 °,333 °,58.0 °,55.1 °,62.5 °,47.6 °,57.7 °,51.7 °,52.5 °,333 °,333 °,53.2 °,41.0 °,57.9 °,62.3 °,53.6 °,4.72 °,57.3 °,51.1 °,68.2 °,46.2 °,60.7 °,46.9 °,44.0 °,54.8 °,42.8 °,43.7 °,64.0 °,57.7 °
2026-07-14 10:00:00,333 °,333 °,333 °,333 °,53.3 °,333 °,55.1 °,56.0 °,68.5 °,53.6 °,56.0 °,43.8 °,53.5 °,333 °,333 °,50.7 °,40.8 °,51.7 °,54.3 °,55.3 °,4.75 °,53.0 °,49.2 °,47.6 °,41.5 °,60.1 °,48.2 °,55.3 °,46.9 °,48.5 °,43.2 °,64.2 °,49.4 °
2026-07-14 13:00:00,333 °,333 °,333 °,333 °,52.7 °,333 °,53.9 °,59.9 °,72.7 °,50.5 °,59.3 °,39.1 °,57.9 °,333 °,333 °,49.3 °,40.8 °,44.0 °,65.1 °,55.2 °,4.78 °,52.7 °,43.0 °,52.1 °,41.2 °,63.9 °,47.2 °,58.3 °,46.1 °,57.6 °,42.8 °,62.4 °,54.2 °
2026-07-14 16:00:00,333 °,333 °,333 °,333 °,52.9 °,333 °,54.1 °,50.9 °,70.2 °,57.0 °,42.6 °,36.4 °,54.9 °,333 °,333 °,59.5 °,40.8 °,51.5 °,55.0 °,46.0 °,4.80 °,50.9 °,42.7 °,64.9 °,43.4 °,58.5 °,37.7 °,45.0 °,47.9 °,57.1 °,39.8 °,64.3 °,58.3 °
2026-07-14 19:00:00,333 °,333 °,333 °,333 °,52.5 °,333 °,54.7 °,52.2 °,66.9 °,55.9 °,47.5 °,53.2 °,54.5 °,333 °,333 °,62.3 °,40.9 °,58.7 °,55.1 °,53.0 °,4.70 °,54.4 °,50.0 °,60.3 °,43.0 °,55.8 °,46.7 °,48.9 °,55.5 °,58.3 °,41.8 °,62.2 °,57.2 °
2026-07-14 22:00:00,333 °,333 °,333 °,333 °,52.1 °,333 °,57.7 °,53.3 °,67.8 °,52.0 °,52.3 °,51.9 °,47.8 °,333 °,333 °,62.1 °,41.0 °,41.1 °,49.9 °,53.6 °,4.68 °,47.9 °,61.4 °,39.3 °,56.0 °,52.4 °,39.4 °,45.7 °,56.2 °,48.3 °,44.1 °,58.5 °,53.5 °
2026-07-15 01:00:00,333 °,333 °,333 °,333 °,58.9 °,333 °,56.4 °,51.6 °,62.0 °,48.4 °,33.4 °,50.1 °,48.0 °,333 °,333 °,63.0 °,41.0 °,48.8 °,61.3 °,48.3 °,4.74 °,51.2 °,57.8 °,54.2 °,55.0 °,53.1 °,43.0 °,57.6 °,48.9 °,53.9 °,49.5 °,58.6 °,52.1 °
2026-07-15 04:00:00,333 °,333 °,333 °,333 °,54.2 °,333 °,52.9 °,48.8 °,53.9 °,49.6 °,54.1 °,55.1 °,50.0 °,333 °,333 °,67.5 °,41.0 °,51.5 °,56.7 °,54.4 °,4.75 °,53.0 °,47.1 °,57.6 °,52.1 °,55.6 °,45.1 °,53.9 °,54.3 °,47.4 °,53.2 °,64.8 °,59.4 °
2026-07-15 07:00:00,333 °,333 °,333 °,333 °,61.3 °,333 °,52.8 °,58.6 °,64.6 °,47.9 °,55.5 °,56.4 °,52.1 °,333 °,333 °,74.0 °,41.0 °,52.5 °,62.4 °,43.1 °,4.80 °,49.7 °,54.3 °,53.2 °,45.2 °,61.0 °,49.6 °,48.3 °,53.5 °,38.6 °,49.0 °,62.2 °,56.5 °
2026-07-15 10:00:00,333 °,333 °,333 °,333 °,62.0 °,333 °,55.3 °,57.3 °,66.2 °,53.6 °,36.4 °,36.1 °,50.9 °,333 °,333 °,61.3 °,40.9 °,58.2 °,54.3 °,57.1 °,4.78 °,48.1 °,41.2 °,57.7 °,44.7 °,59.8 °,48.8 °,46.3 °,44.7 °,36.4 °,49.6 °,57.8 °,48.4 °
2026-07-15 13:00:00,333 °,333 °,333 °,333 °,50.8 °,333 °,52.0 °,55.8 °,60.7 °,,,,45.5 °,333 °,333 °,62.6 °,40.7 °,91.4 °,57.0 °,53.4 °,4.80 °,46.8 °,53.9 °,54.7 °,46.3 °,58.4 °,39.7 °,44.1 °,49.9 °,45.0 °,50.5 °,62.5 °,52.7 °
2026-07-15 16:00:00,333 °,333 °,333 °,333 °,59.4 °,333 °,55.6 °,51.4 °,62.5 °,49.2 °,58.3 °,50.1 °,60.4 °,333 °,333 °,63.4 °,40.8 °,53.4 °,51.6 °,45.2 °,4.70 °,45.2 °,48.0 °,62.7 °,50.3 °,57.2 °,39.1 °,44.9 °,53.9 °,43.6 °,53.7 °,62.7 °,53.3 °
2026-07-15 19:00:00,333 °,333 °,333 °,333 °,55.8 °,333 °,58.0 °,58.6 °,63.0 °,46.1 °,33.5 °,18.3 °,42.2 °,333 °,333 °,68.5 °,41.0 °,85.0 °,59.2 °,52.4 °,4.68 °,48.3 °,51.8 °,60.5 °,47.5 °,63.1 °,44.2 °,55.0 °,52.6 °,44.2 °,59.5 °,53.6 °,47.4 °
2026-07-15 22:00:00,333 °,333 °,333 °,333 °,63.2 °,333 °,52.0 °,60.0 °,67.1 °,45.1 °,94.7 °,16.8 °,46.8 °,333 °,333 °,64.6 °,41.0 °,60.4 °,52.2 °,60.7 °,4.63 °,48.5 °,56.6 °,56.4 °,50.0 °,58.2 °,38.2 °,54.6 °,50.1 °,46.3 °,59.3 °,43.8 °,56.1 °
2026-07-16 01:00:00,333 °,333 °,333 °,333 °,68.1 °,333 °,60.5 °,55.9 °,63.6 °,35.6 °,99.8 °,17.9 °,45.9 °,333 °,333 °,58.0 °,41.0 °,55.1 °,53.1 °,50.1 °,4.62 °,53.6 °,51.3 °,55.5 °,53.8 °,49.7 °,47.0 °,53.5 °,56.8 °,45.8 °,52.0 °,36.5 °,64.2 °
2026-07-16 04:00:00,333 °,333 °,333 °,333 °,57.0 °,333 °,60.1 °,54.6 °,66.5 °,,,,52.8 °,333 °,333 °,62.4 °,41.1 °,69.5 °,57.1 °,53.4 °,4.62 °,47.8 °,54.3 °,54.2 °,49.2 °,51.9 °,40.7 °,53.8 °,59.4 °,47.0 °,48.7 °,54.8 °,55.6 °
2026-07-16 07:00:00,333 °,333 °,333 °,333 °,57.7 °,333 °,54.3 °,45.1 °,75.7 °,,,,55.3 °,333 °,333 °,65.4 °,41.0 °,61.1 °,57.8 °,49.4 °,4.77 °,50.6 °,63.4 °,49.2 °,53.7 °,48.9 °,46.1 °,53.5 °,57.8 °,53.1 °,47.1 °,64.0 °,51.1 °
2026-07-16 10:00:00,333 °,333 °,333 °,333 °,58.1 °,333 °,56.2 °,47.4 °,69.0 °,,,,52.9 °,333 °,333 °,61.9 °,40.9 °,56.5 °,51.2 °,61.1 °,4.69 °,49.3 °,69.3 °,55.7 °,58.9 °,47.1 °,44.1 °,53.7 °,49.5 °,52.8 °,53.3 °,66.2 °,45.9 °
2026-07-16 13:00:00,333 °,333 °,333 °,333 °,54.0 °,333 °,54.1 °,54.7 °,64.0 °,,,,56.7 °,333 °,333 °,71.6 °,40.8 °,53.2 °,56.6 °,58.6 °,4.67 °,48.8 °,61.3 °,34.2 °,55.9 °,39.4 °,53.5 °,56.0 °,54.3 °,56.7 °,55.2 °,53.2 °,48.7 °
2026-07-16 16:00:00,333 °,333 °,333 °,333 °,52.9 °,333 °,53.6 °,50.3 °,69.5 °,,,,51.5 °,333 °,333 °,63.9 °,40.8 °,68.2 °,53.8 °,48.0 °,4.68 °,47.4 °,61.9 °,50.2 °,51.6 °,35.6 °,46.6 °,52.4 °,53.8 °,46.0 °,48.3 °,61.1 °,56.1 °
2026-07-16 19:00:00,333 °,333 °,333 °,333 °,56.7 °,333 °,54.5 °,64.2 °,66.8 °,,,,51.0 °,333 °,333 °,76.6 °,41.0 °,70.7 °,49.1 °,54.2 °,4.79 °,49.1 °,58.7 °,60.9 °,54.0 °,45.8 °,45.6 °,54.6 °,47.6 °,53.5 °,48.0 °,47.7 °,43.2 °
2026-07-16 22:00:00,333 °,333 °,333 °,333 °,50.2 °,333 °,55.2 °,59.2 °,70.6 °,,,,50.8 °,333 °,333 °,69.8 °,41.0 °,65.6 °,66.5 °,52.6 °,4.80 °,51.3 °,53.0 °,61.3 °,57.5 °,39.6 °,35.1 °,54.3 °,49.5 °,51.7 °,47.0 °,58.3 °,53.9 °
2026-07-17 01:00:00,333 °,333 °,333 °,333 °,47.4 °,333 °,45.1 °,69.1 °,23.2 °,41.7 °,90.3 °,16.7 °,48.9 °,333 °,333 °,65.4 °,41.0 °,52.1 °,58.5 °,45.2 °,4.80 °,52.5 °,50.4 °,65.3 °,54.2 °,44.8 °,47.3 °,49.7 °,52.2 °,39.7 °,46.6 °,58.7 °,46.9 °
2026-07-17 04:00:00,333 °,333 °,333 °,333 °,53.0 °,333 °,,,,54.3 °,57.9 °,33.6 °,49.3 °,333 °,333 °,62.8 °,41.0 °,68.0 °,53.5 °,54.5 °,4.80 °,53.5 °,46.6 °,58.3 °,47.1 °,55.1 °,43.8 °,53.6 °,48.2 °,43.6 °,48.7 °,58.4 °,55.2 °
2026-07-17 07:00:00,333 °,333 °,333 °,333 °,57.3 °,333 °,,,,60.8 °,48.5 °,78.3 °,53.6 °,333 °,333 °,64.8 °,41.0 °,78.7 °,45.0 °,58.2 °,4.80 °,56.1 °,53.0 °,54.4 °,52.8 °,44.4 °,46.3 °,53.2 °,55.3 °,50.7 °,53.3 °,57.7 °,53.1 °
2026-07-17 10:00:00,333 °,333 °,333 °,333 °,56.1 °,333 °,,,,43.8 °,72.8 °,33.1 °,52.1 °,333 °,333 °,66.1 °,40.9 °,90.1 °,52.2 °,62.0 °,4.80 °,50.8 °,46.1 °,57.5 °,54.9 °,42.0 °,47.8 °,52.3 °,50.9 °,54.4 °,49.6 °,60.1 °,45.2 °
2026-07-17 13:00:00,333 °,333 °,333 °,333 °,47.8 °,333 °,,,,53.5 °,48.1 °,47.9 °,46.9 °,333 °,333 °,65.6 °,40.8 °,86.2 °,56.8 °,50.8 °,4.80 °,48.1 °,44.1 °,57.7 °,50.6 °,58.6 °,30.2 °,53.1 °,56.4 °,48.3 °,49.9 °,62.1 °,51.9 °
2026-07-17 16:00:00,333 °,333 °,333 °,333 °,44.7 °,333 °,39.9 °,34.5 °,19.5 °,55.6 °,48.5 °,70.6 °,51.1 °,333 °,333 °,60.7 °,40.9 °,57.9 °,56.0 °,52.1 °,4.80 °,54.4 °,45.9 °,66.9 °,55.9 °,47.4 °,50.6 °,53.4 °,53.7 °,50.2 °,48.6 °,55.0 °,59.8 °
2026-07-17 19:00:00,333 °,333 °,333 °,333 °,51.9 °,333 °,40.5 °,34.7 °,21.2 °,55.9 °,53.5 °,43.1 °,49.5 °,333 °,333 °,68.5 °,40.9 °,55.5 °,56.1 °,55.8 °,4.80 °,50.1 °,54.3 °,63.5 °,51.5 °,49.3 °,49.0 °,54.7 °,53.1 °,53.2 °,46.8 °,60.2 °,47.3 °
2026-07-17 22:00:00,333 °,333 °,333 °,333 °,43.0 °,333 °,41.2 °,37.5 °,22.6 °,59.3 °,58.6 °,48.5 °,51.3 °,333 °,333 °,71.4 °,41.0 °,55.4 °,60.0 °,46.7 °,4.81 °,54.4 °,53.0 °,60.8 °,49.9 °,47.7 °,47.6 °,53.8 °,53.8 °,45.3 °,47.3 °,60.3 °,51.3 °
2026-07-18 01:00:00,333 °,333 °,333 °,333 °,55.9 °,333 °,52.8 °,55.6 °,81.3 °,58.3 °,56.1 °,48.7 °,52.0 °,333 °,333 °,64.1 °,41.0 °,45.5 °,55.5 °,43.0 °,4.80 °,53.4 °,56.7 °,51.5 °,48.6 °,60.4 °,48.1 °,55.1 °,50.5 °,53.0 °,43.8 °,58.5 °,41.1 °
2026-07-18 04:00:00,333 °,333 °,333 °,333 °,47.1 °,333 °,60.5 °,44.7 °,77.0 °,59.3 °,55.2 °,47.0 °,50.7 °,333 °,333 °,61.4 °,41.0 °,75.6 °,53.0 °,50.1 °,4.80 °,,,,54.4 °,51.2 °,46.9 °,54.8 °,56.9 °,49.4 °,46.6 °,52.6 °,46.2 °
2026-07-18 07:00:00,333 °,333 °,333 °,333 °,50.2 °,333 °,53.3 °,57.2 °,68.8 °,58.7 °,56.9 °,75.9 °,51.0 °,333 °,333 °,59.9 °,41.0 °,89.4 °,46.9 °,62.6 °,4.80 °,,,,55.4 °,58.8 °,49.1 °,49.9 °,67.8 °,54.8 °,45.7 °,65.2 °,45.7 °
2026-07-18 10:00:00,333 °,333 °,333 °,333 °,59.6 °,333 °,50.2 °,60.9 °,73.9 °,52.8 °,57.9 °,73.3 °,46.9 °,333 °,333 °,53.6 °,41.0 °,40.9 °,52.2 °,52.2 °,4.80 °,40.2 °,94.7 °,19.2 °,50.2 °,53.1 °,48.6 °,47.6 °,70.0 °,52.2 °,43.6 °,69.9 °,37.5 °
2026-07-18 13:00:00,333 °,333 °,333 °,333 °,59.5 °,333 °,48.3 °,57.6 °,69.4 °,57.0 °,43.5 °,62.4 °,46.3 °,333 °,333 °,63.2 °,40.9 °,47.3 °,50.2 °,58.2 °,4.80 °,,,,45.3 °,61.5 °,44.8 °,51.0 °,52.4 °,49.8 °,45.3 °,71.2 °,44.2 °
2026-07-18 16:00:00,333 °,333 °,333 °,333 °,48.7 °,333 °,52.3 °,56.8 °,64.5 °,50.1 °,48.1 °,41.5 °,52.1 °,333 °,333 °,59.6 °,40.9 °,46.0 °,45.2 °,62.1 °,4.76 °,,,,50.9 °,56.3 °,47.1 °,52.3 °,50.5 °,51.8 °,46.7 °,64.2 °,53.2 °
2026-07-18 19:00:00,333 °,333 °,333 °,333 °,61.9 °,333 °,51.1 °,64.6 °,63.5 °,54.1 °,52.9 °,56.5 °,52.6 °,333 °,333 °,58.3 °,41.0 °,60.0 °,53.6 °,55.2 °,4.70 °,,,,50.8 °,52.3 °,51.0 °,55.5 °,52.8 °,43.1 °,50.1 °,57.7 °,50.0 °
2026-07-18 22:00:00,333 °,333 °,333 °,333 °,60.6 °,333 °,48.4 °,65.4 °,64.0 °,61.8 °,50.5 °,72.5 °,49.9 °,333 °,333 °,57.2 °,41.0 °,57.7 °,45.3 °,63.3 °,4.78 °,,,,52.5 °,49.9 °,53.2 °,49.7 °,61.7 °,41.5 °,47.3 °,60.9 °,48.0 °
2026-07-19 01:00:00,333 °,333 °,333 °,333 °,57.5 °,333 °,,,,57.5 °,54.1 °,46.0 °,50.9 °,333 °,333 °,60.4 °,41.0 °,49.8 °,46.9 °,60.4 °,4.80 °,45.3 °,78.2 °,18.8 °,46.5 °,55.6 °,48.9 °,52.6 °,59.2 °,48.0 °,47.0 °,55.0 °,51.2 °
2026-07-19 04:00:00,333 °,333 °,333 °,333 °,54.4 °,333 °,58.1 °,40.8 °,83.9 °,57.8 °,55.9 °,48.9 °,57.5 °,333 °,333 °,56.8 °,41.1 °,52.4 °,44.3 °,57.0 °,4.80 °,42.9 °,58.0 °,47.9 °,45.8 °,55.4 °,54.3 °,49.4 °,58.5 °,47.7 °,44.9 °,52.5 °,53.3 °
2026-07-19 07:00:00,333 °,333 °,333 °,333 °,55.6 °,333 °,58.3 °,48.7 °,102 °,53.7 °,59.0 °,36.6 °,47.0 °,333 °,333 °,54.8 °,41.0 °,47.5 °,51.6 °,50.6 °,4.80 °,41.4 °,58.9 °,50.3 °,49.2 °,53.5 °,49.3 °,49.7 °,61.9 °,46.5 °,43.9 °,67.3 °,51.0 °
2026-07-19 10:00:00,333 °,333 °,333 °,333 °,63.0 °,333 °,62.1 °,42.0 °,95.5 °,52.3 °,57.5 °,48.0 °,46.9 °,333 °,333 °,54.7 °,41.0 °,44.0 °,52.1 °,58.4 °,4.80 °,40.2 °,58.0 °,52.3 °,46.4 °,62.2 °,52.1 °,51.3 °,66.1 °,58.7 °,43.9 °,67.3 °,45.3 °
2026-07-19 13:00:00,333 °,333 °,333 °,333 °,66.3 °,333 °,56.4 °,53.5 °,61.9 °,54.3 °,59.2 °,52.7 °,50.3 °,333 °,333 °,57.6 °,40.8 °,47.3 °,48.9 °,59.5 °,4.80 °,40.7 °,58.4 °,49.9 °,47.3 °,59.6 °,45.2 °,50.9 °,54.4 °,42.7 °,47.1 °,64.5 °,45.4 °
2026-07-19 16:00:00,333 °,333 °,333 °,333 °,67.8 °,333 °,53.2 °,53.1 °,73.1 °,52.3 °,62.5 °,50.1 °,59.2 °,333 °,333 °,60.3 °,41.0 °,59.1 °,51.2 °,56.2 °,4.80 °,40.2 °,60.3 °,54.2 °,50.7 °,53.9 °,49.7 °,56.3 °,58.6 °,57.4 °,48.4 °,60.3 °,47.6 °
2026-07-19 19:00:00,333 °,333 °,333 °,333 °,55.6 °,333 °,54.8 °,58.1 °,70.7 °,52.0 °,61.8 °,52.2 °,51.4 °,333 °,333 °,59.5 °,41.0 °,52.7 °,55.9 °,58.5 °,4.80 °,44.4 °,59.3 °,54.2 °,48.3 °,46.0 °,60.7 °,52.7 °,56.4 °,55.2 °,48.5 °,61.3 °,49.8 °
2026-07-19 22:00:00,333 °,333 °,333 °,333 °,61.2 °,333 °,53.6 °,52.4 °,59.5 °,51.6 °,58.6 °,46.8 °,48.2 °,333 °,333 °,63.7 °,41.0 °,57.2 °,53.0 °,58.9 °,4.80 °,51.8 °,57.0 °,56.0 °,46.4 °,50.3 °,51.7 °,50.5 °,71.5 °,55.4 °,45.0 °,60.7 °,309 °
2026-07-20 01:00:00,333 °,333 °,333 °,333 °,65.0 °,333 °,47.4 °,73.4 °,48.1 °,59.1 °,62.5 °,47.8 °,45.1 °,333 °,333 °,63.1 °,41.0 °,52.2 °,51.0 °,49.2 °,4.80 °,45.1 °,53.3 °,44.1 °,52.5 °,55.5 °,46.5 °,60.1 °,59.0 °,70.1 °,42.8 °,72.1 °,333 °
2026-07-20 04:00:00,333 °,333 °,333 °,333 °,63.4 °,333 °,51.4 °,53.1 °,58.8 °,56.2 °,56.0 °,56.8 °,46.7 °,333 °,333 °,54.9 °,41.0 °,52.3 °,54.7 °,54.4 °,4.80 °,45.2 °,56.6 °,47.0 °,,,,53.7 °,63.2 °,48.6 °,44.9 °,64.5 °,333 °
2026-07-20 07:00:00,333 °,333 °,333 °,333 °,55.3 °,333 °,47.8 °,53.4 °,63.1 °,58.8 °,59.9 °,46.0 °,49.1 °,333 °,333 °,59.8 °,41.0 °,45.0 °,56.4 °,56.9 °,4.80 °,47.4 °,60.9 °,53.3 °,74.5 °,54.0 °,74.7 °,50.1 °,65.9 °,57.5 °,43.9 °,65.9 °,333 °
2026-07-20 10:00:00,333 °,333 °,333 °,333 °,53.4 °,333 °,49.7 °,53.5 °,64.2 °,49.2 °,61.1 °,45.2 °,54.6 °,333 °,333 °,60.2 °,41.0 °,37.7 °,56.0 °,64.3 °,4.82 °,46.3 °,57.8 °,57.3 °,46.8 °,72.3 °,51.6 °,50.6 °,63.5 °,59.8 °,43.8 °,68.5 °,333 °
2026-07-20 13:00:00,333 °,333 °,333 °,333 °,55.8 °,333 °,46.5 °,52.1 °,67.0 °,48.1 °,54.2 °,52.0 °,36.0 °,333 °,333 °,58.9 °,40.9 °,34.5 °,55.1 °,51.8 °,4.85 °,45.7 °,56.5 °,52.2 °,48.4 °,61.9 °,44.4 °,50.7 °,63.0 °,56.0 °,47.5 °,68.0 °,333 °
2026-07-20 16:00:00,333 °,333 °,333 °,333 °,56.2 °,333 °,62.7 °,29.5 °,83.6 °,52.9 °,49.7 °,48.2 °,47.6 °,333 °,333 °,52.0 °,41.1 °,37.8 °,52.6 °,59.9 °,4.80 °,58.6 °,44.2 °,32.2 °,45.7 °,53.8 °,45.9 °,50.4 °,64.3 °,47.3 °,49.2 °,63.1 °,333 °
2026-07-20 19:00:00,333 °,333 °,333 °,333 °,63.3 °,333 °,55.0 °,60.4 °,67.3 °,50.9 °,63.4 °,44.8 °,48.5 °,333 °,333 °,62.0 °,41.2 °,51.6 °,56.0 °,38.6 °,4.80 °,48.3 °,42.4 °,51.8 °,48.5 °,47.4 °,43.9 °,55.6 °,55.7 °,43.6 °,45.6 °,60.0 °,333 °
2026-07-20 22:00:00,333 °,333 °,333 °,333 °,62.1 °,333 °,44.1 °,64.0 °,47.1 °,54.8 °,58.7 °,49.3 °,50.8 °,333 °,333 °,56.7 °,41.1 °,52.3 °,54.0 °,55.7 °,4.81 °,56.6 °,38.2 °,71.0 °,56.4 °,49.7 °,42.6 °,49.6 °,61.3 °,28.3 °,43.9 °,62.1 °,333 °
2026-07-21 01:00:00,333 °,333 °,333 °,333 °,65.0 °,333 °,50.5 °,52.2 °,62.8 °,55.4 °,58.0 °,47.8 °,51.7 °,333 °,333 °,61.8 °,41.1 °,56.3 °,56.8 °,51.6 °,4.82 °,48.3 °,58.6 °,40.1 °,51.9 °,52.4 °,35.5 °,48.7 °,57.8 °,46.4 °,43.7 °,51.8 °,333 °
2026-07-21 04:00:00,333 °,333 °,333 °,333 °,56.2 °,333 °,56.7 °,49.2 °,60.1 °,50.9 °,55.4 °,45.3 °,52.0 °,333 °,333 °,58.3 °,41.2 °,62.2 °,56.1 °,43.5 °,4.81 °,47.5 °,48.4 °,40.8 °,49.1 °,60.0 °,44.0 °,52.9 °,53.4 °,57.3 °,47.2 °,50.6 °,333 °
2026-07-21 07:00:00,333 °,333 °,333 °,333 °,57.2 °,333 °,55.6 °,55.1 °,62.8 °,54.0 °,55.0 °,42.1 °,46.7 °,333 °,333 °,54.6 °,41.0 °,54.3 °,58.9 °,47.9 °,4.81 °,45.5 °,49.9 °,50.0 °,49.3 °,58.4 °,36.1 °,51.2 °,48.7 °,51.1 °,43.2 °,63.0 °,333 °
2026-07-21 10:00:00,333 °,333 °,333 °,333 °,54.3 °,333 °,50.7 °,53.9 °,62.6 °,52.1 °,54.7 °,50.9 °,50.5 °,333 °,333 °,44.4 °,41.0 °,23.6 °,49.5 °,62.1 °,4.80 °,56.9 °,44.6 °,76.7 °,45.8 °,49.4 °,37.7 °,54.1 °,48.4 °,47.6 °,47.0 °,65.7 °,333 °
2026-07-21 13:00:00,333 °,333 °,333 °,333 °,35.3 °,333 °,50.6 °,48.8 °,61.0 °,52.6 °,56.1 °,51.4 °,47.8 °,333 °,333 °,65.8 °,40.8 °,47.0 °,48.6 °,63.4 °,4.84 °,51.1 °,44.8 °,72.0 °,41.8 °,66.4 °,40.3 °,52.0 °,45.7 °,53.1 °,40.0 °,79.2 °,333 °
2026-07-21 16:00:00,333 °,333 °,333 °,333 °,48.6 °,333 °,49.9 °,49.1 °,54.2 °,52.2 °,54.9 °,43.7 °,50.0 °,333 °,333 °,57.7 °,40.8 °,54.5 °,52.1 °,54.3 °,4.84 °,52.2 °,43.7 °,58.8 °,38.9 °,56.9 °,39.3 °,53.2 °,52.0 °,47.4 °,43.3 °,58.2 °,333 °
2026-07-21 19:00:00,333 °,333 °,333 °,333 °,50.2 °,333 °,45.9 °,57.5 °,60.3 °,50.1 °,57.7 °,48.2 °,50.0 °,333 °,333 °,56.9 °,41.0 °,62.4 °,48.3 °,67.5 °,4.80 °,58.8 °,48.3 °,54.4 °,45.5 °,58.3 °,45.0 °,52.2 °,67.6 °,53.8 °,45.6 °,66.9 °,333 °
2026-07-21 22:00:00,333 °,333 °,333 °,333 °,64.4 °,333 °,52.8 °,61.4 °,66.5 °,50.1 °,58.1 °,60.6 °,,,,49.4 °,41.0 °,52.2 °,52.4 °,57.6 °,4.82 °,56.8 °,52.6 °,54.7 °,46.2 °,59.3 °,49.2 °,50.7 °,68.5 °,48.3 °,50.3 °,68.5 °,333 °
2026-07-22 01:00:00,333 °,333 °,333 °,333 °,56.8 °,333 °,50.5 °,53.0 °,60.4 °,47.4 °,63.4 °,52.7 °,45.5 °,333 °,333 °,50.5 °,41.0 °,44.9 °,62.3 °,58.3 °,4.93 °,55.1 °,51.7 °,55.1 °,45.1 °,59.1 °,48.0 °,51.3 °,69.4 °,41.9 °,52.6 °,60.4 °,333 °
2026-07-22 04:00:00,333 °,333 °,333 °,333 °,55.6 °,333 °,53.4 °,55.8 °,67.0 °,53.6 °,53.2 °,55.0 °,45.6 °,333 °,333 °,52.8 °,41.1 °,39.0 °,57.9 °,54.9 °,4.81 °,51.6 °,51.3 °,53.0 °,47.1 °,54.7 °,42.1 °,44.3 °,62.1 °,51.2 °,51.6 °,66.5 °,333 °
2026-07-22 07:00:00,333 °,333 °,333 °,333 °,48.9 °,333 °,52.7 °,58.5 °,64.0 °,54.4 °,52.9 °,45.6 °,46.1 °,333 °,333 °,61.4 °,41.0 °,29.1 °,51.6 °,58.0 °,4.81 °,54.5 °,55.3 °,51.1 °,43.8 °,56.0 °,41.7 °,52.0 °,59.8 °,46.7 °,49.9 °,61.4 °,333 °
2026-07-22 10:00:00,333 °,333 °,333 °,333 °,43.5 °,333 °,52.2 °,58.9 °,65.1 °,55.6 °,52.8 °,52.5 °,44.9 °,333 °,333 °,62.5 °,40.9 °,38.3 °,54.1 °,60.1 °,4.83 °,51.0 °,55.6 °,54.3 °,44.6 °,57.1 °,39.5 °,52.6 °,58.9 °,56.7 °,47.1 °,52.9 °,333 °
2026-07-22 13:00:00,333 °,333 °,333 °,333 °,52.2 °,333 °,53.0 °,57.2 °,67.3 °,49.7 °,64.5 °,50.2 °,44.2 °,333 °,333 °,62.8 °,40.8 °,45.9 °,48.8 °,80.6 °,4.80 °,52.0 °,57.9 °,57.6 °,43.7 °,52.7 °,50.5 °,55.7 °,48.0 °,51.9 °,43.7 °,74.9 °,333 °
2026-07-22 16:00:00,333 °,333 °,333 °,333 °,43.5 °,333 °,50.3 °,56.0 °,64.5 °,55.2 °,51.0 °,55.9 °,53.8 °,333 °,333 °,62.0 °,40.8 °,52.8 °,57.7 °,53.7 °,4.80 °,51.5 °,49.9 °,49.4 °,42.8 °,55.5 °,44.7 °,59.6 °,52.5 °,52.3 °,49.0 °,62.1 °,333 °
2026-07-22 19:00:00,333 °,333 °,333 °,333 °,54.5 °,333 °,50.8 °,59.7 °,64.7 °,53.1 °,59.7 °,49.3 °,54.1 °,333 °,333 °,59.8 °,40.9 °,47.2 °,55.6 °,58.5 °,4.97 °,51.7 °,59.8 °,44.1 °,43.7 °,63.4 °,41.1 °,51.8 °,65.4 °,42.4 °,44.6 °,67.8 °,333 °
2026-07-22 22:00:00,333 °,333 °,333 °,333 °,49.1 °,333 °,50.7 °,60.9 °,66.8 °,53.9 °,54.0 °,51.6 °,49.5 °,333 °,333 °,57.0 °,41.0 °,45.1 °,51.4 °,56.5 °,5.04 °,52.6 °,47.1 °,55.3 °,48.7 °,63.0 °,44.6 °,53.0 °,60.0 °,50.6 °,44.8 °,64.5 °,333 °
2026-07-23 01:00:00,333 °,333 °,333 °,333 °,58.3 °,333 °,50.9 °,61.7 °,72.0 °,55.0 °,58.3 °,56.9 °,55.2 °,333 °,333 °,54.5 °,41.0 °,45.4 °,55.9 °,55.8 °,5.12 °,56.9 °,44.1 °,76.0 °,43.8 °,62.2 °,40.4 °,49.5 °,63.2 °,48.6 °,45.4 °,63.9 °,333 °
2026-07-23 04:00:00,333 °,333 °,333 °,333 °,61.8 °,333 °,55.5 °,52.4 °,69.0 °,54.2 °,45.2 °,50.1 °,50.8 °,333 °,333 °,56.0 °,41.1 °,42.5 °,55.7 °,56.2 °,5.14 °,51.9 °,56.4 °,47.3 °,49.5 °,51.2 °,41.5 °,48.8 °,51.2 °,48.3 °,45.3 °,65.1 °,333 °
2026-07-23 07:00:00,333 °,333 °,333 °,333 °,58.4 °,333 °,46.9 °,59.9 °,62.1 °,46.6 °,70.4 °,37.6 °,45.6 °,333 °,333 °,57.8 °,41.0 °,52.1 °,59.4 °,54.0 °,4.89 °,56.7 °,52.0 °,60.8 °,47.6 °,48.4 °,50.8 °,47.0 °,55.7 °,39.7 °,46.4 °,57.8 °,333 °
2026-07-23 10:00:00,333 °,333 °,333 °,333 °,65.1 °,333 °,44.2 °,61.9 °,64.9 °,53.3 °,54.4 °,39.7 °,55.8 °,333 °,333 °,58.5 °,40.9 °,57.6 °,51.6 °,58.1 °,4.85 °,50.2 °,50.0 °,65.8 °,46.9 °,57.4 °,47.7 °,51.7 °,48.9 °,47.6 °,44.3 °,59.4 °,333 °
2026-07-23 13:00:00,333 °,333 °,333 °,333 °,58.1 °,333 °,54.8 °,55.1 °,72.5 °,51.5 °,50.5 °,46.1 °,48.9 °,333 °,333 °,64.0 °,40.8 °,43.5 °,50.8 °,55.6 °,4.81 °,64.1 °,50.2 °,63.9 °,47.3 °,55.4 °,46.0 °,48.7 °,41.7 °,58.1 °,46.2 °,57.4 °,333 °
2026-07-23 16:00:00,333 °,333 °,333 °,333 °,57.2 °,333 °,48.7 °,51.3 °,66.3 °,50.7 °,47.0 °,54.0 °,,,,62.8 °,41.0 °,47.6 °,49.1 °,52.3 °,4.80 °,53.3 °,51.5 °,55.7 °,46.7 °,55.5 °,49.4 °,47.6 °,45.7 °,56.5 °,42.7 °,57.9 °,333 °
2026-07-23 19:00:00,333 °,333 °,333 °,333 °,61.0 °,333 °,50.7 °,43.1 °,79.7 °,52.9 °,48.3 °,49.6 °,51.3 °,333 °,333 °,65.0 °,41.0 °,42.1 °,46.8 °,10.1 °,4.80 °,56.8 °,46.8 °,67.9 °,48.5 °,61.0 °,43.8 °,49.8 °,57.3 °,45.5 °,45.4 °,62.8 °,333 °
2026-07-23 22:00:00,333 °,333 °,333 °,333 °,57.2 °,333 °,49.1 °,49.4 °,73.0 °,52.9 °,53.9 °,39.3 °,52.1 °,333 °,333 °,63.7 °,41.1 °,41.6 °,52.4 °,58.8 °,4.80 °,52.7 °,51.5 °,64.9 °,47.3 °,52.2 °,46.9 °,51.3 °,59.4 °,49.0 °,39.9 °,64.1 °,333 °
2026-07-24 01:00:00,333 °,333 °,333 °,284 °,54.9 °,320 °,52.3 °,50.1 °,60.1 °,51.9 °,50.4 °,59.9 °,52.2 °,333 °,333 °,61.9 °,41.1 °,51.5 °,58.0 °,60.3 °,4.81 °,52.8 °,48.1 °,45.1 °,51.3 °,56.9 °,46.8 °,47.8 °,58.9 °,42.4 °,40.6 °,58.9 °,333 °
2026-07-24 04:00:00,333 °,333 °,333 °,43.1 °,51.9 °,333 °,49.4 °,49.0 °,48.1 °,53.2 °,48.7 °,54.0 °,55.9 °,333 °,333 °,58.4 °,41.1 °,60.4 °,50.5 °,58.1 °,4.80 °,51.2 °,54.9 °,52.4 °,50.1 °,49.9 °,44.5 °,51.5 °,53.1 °,48.5 °,41.6 °,60.1 °,329 °
2026-07-24 07:00:00,333 °,333 °,333 °,40.3 °,61.5 °,333 °,46.9 °,55.0 °,50.4 °,52.7 °,56.6 °,52.3 °,56.6 °,333 °,333 °,58.5 °,41.0 °,58.1 °,51.8 °,57.7 °,4.89 °,48.5 °,54.8 °,57.0 °,53.1 °,49.9 °,51.3 °,45.7 °,54.6 °,48.7 °,40.1 °,61.5 °,333 °
2026-07-24 10:00:00,333 °,333 °,333 °,43.6 °,58.1 °,333 °,54.9 °,55.3 °,61.0 °,55.2 °,54.8 °,50.5 °,46.6 °,333 °,333 °,64.4 °,40.9 °,56.4 °,56.2 °,52.3 °,4.82 °,49.7 °,56.6 °,53.2 °,56.8 °,56.6 °,43.4 °,44.8 °,55.4 °,49.6 °,43.0 °,64.4 °,333 °
2026-07-24 13:00:00,333 °,333 °,333 °,48.2 °,51.3 °,319 °,53.4 °,50.4 °,63.4 °,51.1 °,70.0 °,31.1 °,47.9 °,333 °,333 °,64.0 °,40.8 °,47.9 °,51.2 °,61.0 °,4.83 °,55.3 °,50.6 °,52.6 °,52.1 °,64.5 °,23.2 °,46.2 °,46.6 °,53.8 °,45.1 °,81.4 °,333 °
2026-07-24 16:00:00,333 °,333 °,333 °,48.4 °,55.6 °,333 °,50.0 °,55.9 °,60.2 °,55.3 °,69.7 °,45.8 °,47.7 °,333 °,333 °,58.2 °,40.8 °,46.3 °,53.0 °,52.1 °,4.91 °,52.9 °,47.3 °,85.1 °,57.4 °,48.8 °,51.6 °,45.3 °,54.7 °,52.0 °,,,
2026-07-24 19:00:00,333 °,333 °,333 °,46.5 °,60.4 °,333 °,49.5 °,56.8 °,66.9 °,51.9 °,61.0 °,57.5 °,51.8 °,333 °,333 °,61.3 °,41.0 °,40.0 °,53.4 °,61.1 °,4.90 °,57.4 °,49.8 °,66.4 °,49.4 °,54.8 °,50.6 °,,,,,,
2026-07-24 22:00:00,333 °,333 °,333 °,48.1 °,51.2 °,333 °,46.5 °,67.6 °,55.4 °,48.4 °,51.1 °,51.0 °,51.7 °,333 °,333 °,60.2 °,41.0 °,32.3 °,52.2 °,55.3 °,4.86 °,50.5 °,58.5 °,53.6 °,50.0 °,52.0 °,46.9 °,33.2 °,99.9 °,8.94 °,,,
2026-07-25 01:00:00,333 °,333 °,333 °,45.8 °,59.9 °,333 °,50.4 °,59.5 °,67.9 °,49.4 °,51.5 °,50.1 °,52.1 °,333 °,333 °,62.0 °,41.0 °,23.7 °,47.6 °,56.7 °,4.86 °,50.3 °,65.3 °,48.1 °,45.9 °,50.0 °,51.9 °,44.4 °,54.9 °,54.3 °,45.5 °,52.1 °,333 °
2026-07-25 04:00:00,333 °,333 °,333 °,45.8 °,60.8 °,333 °,49.2 °,55.9 °,71.0 °,54.4 °,55.6 °,49.2 °,,,,59.5 °,41.0 °,32.2 °,46.4 °,52.1 °,4.85 °,51.6 °,52.6 °,53.6 °,46.5 °,47.5 °,53.3 °,43.6 °,55.4 °,46.1 °,47.7 °,46.6 °,333 °
2026-07-25 07:00:00,333 °,333 °,333 °,43.3 °,61.4 °,333 °,46.1 °,56.9 °,62.7 °,54.8 °,62.9 °,49.6 °,51.6 °,245 °,333 °,62.0 °,41.0 °,31.5 °,50.6 °,65.5 °,4.87 °,53.6 °,50.2 °,58.7 °,51.8 °,41.2 °,41.7 °,43.9 °,50.6 °,45.9 °,46.8 °,54.2 °,333 °
2026-07-25 10:00:00,333 °,333 °,333 °,45.6 °,56.6 °,333 °,47.8 °,56.4 °,64.6 °,52.1 °,56.0 °,46.2 °,,,,60.3 °,40.8 °,51.4 °,45.2 °,56.9 °,4.85 °,54.9 °,61.6 °,48.3 °,36.5 °,63.8 °,48.1 °,45.4 °,47.4 °,43.5 °,42.0 °,42.8 °,333 °
2026-07-25 13:00:00,333 °,333 °,333 °,45.6 °,52.7 °,333 °,45.2 °,55.1 °,64.0 °,52.8 °,64.1 °,46.9 °,,,,65.0 °,40.8 °,54.1 °,39.7 °,55.3 °,4.96 °,50.0 °,54.1 °,51.0 °,46.5 °,57.8 °,44.6 °,53.9 °,44.4 °,45.1 °,43.6 °,39.5 °,333 °
2026-07-25 16:00:00,333 °,333 °,333 °,44.7 °,52.5 °,333 °,44.1 °,56.6 °,62.8 °,56.5 °,51.3 °,48.2 °,54.6 °,99.9 °,333 °,61.7 °,40.8 °,50.0 °,50.5 °,54.5 °,4.93 °,54.1 °,51.4 °,47.9 °,44.2 °,52.4 °,45.0 °,55.5 °,48.2 °,45.3 °,41.8 °,55.9 °,331 °
2026-07-25 19:00:00,333 °,333 °,333 °,49.3 °,55.2 °,333 °,47.0 °,55.7 °,62.3 °,57.9 °,46.9 °,58.5 °,,,,62.9 °,41.0 °,39.9 °,53.7 °,58.1 °,4.82 °,50.8 °,51.4 °,56.6 °,41.5 °,54.6 °,57.6 °,52.5 °,45.7 °,49.5 °,42.2 °,61.4 °,333 °
2026-07-25 22:00:00,333 °,333 °,333 °,49.8 °,52.5 °,333 °,49.4 °,54.2 °,55.3 °,45.6 °,60.3 °,62.6 °,45.3 °,99.9 °,333 °,57.9 °,41.0 °,56.6 °,57.8 °,53.8 °,4.82 °,55.3 °,51.4 °,60.4 °,57.2 °,46.4 °,57.1 °,52.7 °,48.9 °,35.1 °,43.3 °,59.3 °,333 °
2026-07-26 01:00:00,333 °,333 °,333 °,49.5 °,47.3 °,333 °,51.7 °,56.9 °,72.8 °,45.3 °,52.0 °,50.5 °,55.7 °,99.9 °,333 °,57.3 °,41 °,63.4 °,59.8 °,56.1 °,4.81 °,51.9 °,54.4 °,49.8 °,56.6 °,52.0 °,41.6 °,51.4 °,54.3 °,44.7 °,46.8 °,57.8 °,333 °
2026-07-26 04:00:00,333 °,333 °,333 °,57.0 °,53.3 °,333 °,50.1 °,51.4 °,68.0 °,56.7 °,59.9 °,49.6 °,61.1 °,99.9 °,333 °,56.0 °,41.0 °,41.0 °,,,,51.2 °,47.4 °,53.1 °,57.7 °,48.9 °,50.7 °,52.7 °,46.5 °,50.0 °,48.8 °,60.3 °,333 °
2026-07-26 07:00:00,333 °,333 °,333 °,56.8 °,52.1 °,333 °,49.7 °,51.6 °,64.1 °,56.0 °,49.7 °,75.4 °,49.0 °,99.9 °,333 °,59.7 °,41.0 °,49.0 °,,,,49.9 °,56.1 °,49.8 °,57.5 °,53.8 °,46.1 °,54.6 °,50.7 °,60.2 °,54.9 °,55.9 °,333 °
2026-07-26 10:00:00,333 °,333 °,333 °,45.3 °,58.1 °,333 °,55.6 °,49.6 °,65.7 °,60.5 °,50.1 °,51.5 °,57.1 °,99.9 °,333 °,62.7 °,40.9 °,60.5 °,43.2 °,75.9 °,4.80 °,53.0 °,46.0 °,54.0 °,56.0 °,55.8 °,49.6 °,57.8 °,51.3 °,46.0 °,51.6 °,59.1 °,333 °
2026-07-26 13:00:00,333 °,333 °,333 °,46.2 °,62.9 °,333 °,59.8 °,43.8 °,71.1 °,52.0 °,34.0 °,42.1 °,,,,58.6 °,40.8 °,70.7 °,,,,49.4 °,48.9 °,44.5 °,53.8 °,56.4 °,50.8 °,56.5 °,46.3 °,62.4 °,50.7 °,47.1 °,333 °
2026-07-26 16:00:00,333 °,333 °,333 °,49.1 °,60.4 °,333 °,52.9 °,47.3 °,66.6 °,59.9 °,47.7 °,67.4 °,,,,60.2 °,40.8 °,57.1 °,,,,50.3 °,46.5 °,52.5 °,56.8 °,45.8 °,54.5 °,55.2 °,39.6 °,53.6 °,49.1 °,52.7 °,329 °
2026-07-26 19:00:00,333 °,333 °,333 °,51.5 °,56.1 °,333 °,52.3 °,59.9 °,64.6 °,59.2 °,51.7 °,88.1 °,,,,66.7 °,40.9 °,50.3 °,,,,46.7 °,55.4 °,54.4 °,58.5 °,46.7 °,56.1 °,48.3 °,46.8 °,40.8 °,47.2 °,61.3 °,333 °
2026-07-26 22:00:00,333 °,333 °,333 °,58.8 °,53.5 °,333 °,50.1 °,56.7 °,68.9 °,53.3 °,55.6 °,72.9 °,,,,68.0 °,41.0 °,38.1 °,,,,47.0 °,52.4 °,40.4 °,57.0 °,46.7 °,55.1 °,46.2 °,47.9 °,34.3 °,48.5 °,58.4 °,333 °
2026-07-27 01:00:00,333 °,333 °,333 °,53.2 °,51.9 °,333 °,44.9 °,72.3 °,55.2 °,33.9 °,99.9 °,22.3 °,62.3 °,99.9 °,333 °,61.4 °,41.1 °,57.6 °,,,,47.2 °,57.6 °,58.9 °,57.6 °,41.1 °,60.3 °,53.0 °,49.1 °,43.0 °,51.4 °,39.1 °,333 °
2026-07-27 04:00:00,333 °,333 °,333 °,52.8 °,57.6 °,333 °,46.3 °,57.3 °,57.3 °,47.0 °,48.5 °,57.2 °,59.8 °,99.9 °,333 °,60.2 °,41.2 °,53.0 °,42.6 °,0.715 °,4.80 °,49.7 °,43.7 °,58.2 °,57.3 °,49.8 °,52.3 °,54.2 °,34.3 °,43.9 °,48.8 °,57.3 °,333 °
2026-07-27 07:00:00,333 °,333 °,333 °,51.2 °,58.0 °,333 °,48.6 °,52.6 °,57.6 °,53.1 °,50.2 °,68.5 °,57.1 °,99.9 °,333 °,61.1 °,41.1 °,50.9 °,,,,54.7 °,47.2 °,57.4 °,45.6 °,50.4 °,43.8 °,57.3 °,52.1 °,38.6 °,48.9 °,54.9 °,333 °
2026-07-27 10:00:00,333 °,333 °,333 °,49.8 °,56.6 °,333 °,51.5 °,51.1 °,59.2 °,55.6 °,56.8 °,53.2 °,60.5 °,99.9 °,333 °,53.0 °,40.9 °,50.0 °,58.0 °,51.9 °,4.88 °,52.2 °,47.8 °,49.1 °,48.4 °,50.6 °,33.1 °,52.9 °,51.8 °,38.2 °,48.0 °,57.4 °,333 °
2026-07-27 13:00:00,333 °,333 °,333 °,48.9 °,52.4 °,333 °,55.3 °,49.3 °,58.9 °,55.2 °,48.5 °,47.7 °,63.3 °,99.9 °,333 °,51.2 °,40.8 °,47.2 °,54.8 °,51.4 °,4.99 °,52.4 °,45.4 °,47.5 °,45.4 °,58.8 °,57.6 °,54.3 °,47.0 °,55.1 °,46.4 °,61.1 °,333 °
2026-07-27 16:00:00,333 °,333 °,333 °,49.1 °,51.1 °,333 °,44.9 °,79.0 °,37.3 °,52.8 °,48.7 °,88.5 °,49.2 °,99.9 °,333 °,49.6 °,40.9 °,46.8 °,53.7 °,56.1 °,5.07 °,54.1 °,52.6 °,48.6 °,54.8 °,47.5 °,47.1 °,54.4 °,46.5 °,58.1 °,47.0 °,57.1 °,333 °
2026-07-27 19:00:00,333 °,333 °,333 °,46.2 °,57.5 °,333 °,53.2 °,38.0 °,62.2 °,58.2 °,56.4 °,66.9 °,49.6 °,99.9 °,333 °,59.4 °,41.0 °,56.5 °,52.5 °,59.5 °,4.85 °,55.7 °,56.8 °,50.2 °,52.5 °,47.2 °,58.8 °,51.3 °,51.7 °,40.5 °,44.5 °,60.3 °,333 °
2026-07-27 22:00:00,333 °,333 °,333 °,47.9 °,56.6 °,333 °,45.1 °,55.3 °,39.5 °,53.7 °,54.9 °,69.6 °,50.0 °,99.9 °,333 °,60.3 °,41.0 °,51.8 °,52.8 °,55.3 °,4.84 °,51.6 °,54.6 °,49.0 °,54.7 °,49.3 °,43.4 °,54.2 °,55.1 °,51.4 °,43.1 °,64.9 °,333 °
2026-07-28 01:00:00,333 °,333 °,333 °,50.6 °,53.9 °,333 °,48.9 °,42.6 °,41.0 °,52.5 °,62.0 °,47.4 °,55.6 °,99.9 °,333 °,60.9 °,41.0 °,47.7 °,56.8 °,55.6 °,4.85 °,55.0 °,53.0 °,54.3 °,49.4 °,52.1 °,46.0 °,48.6 °,59.6 °,43.8 °,49.8 °,40.9 °,331 °
2026-07-28 04:00:00,333 °,333 °,333 °,49.7 °,50.2 °,333 °,52.1 °,52.1 °,56.1 °,57.0 °,62.0 °,60.7 °,53.5 °,99.9 °,333 °,61.3 °,41.1 °,33.8 °,59.5 °,48.0 °,4.95 °,46.2 °,50.5 °,63.1 °,48.7 °,51.2 °,54.5 °,46.8 °,54.5 °,56.3 °,60.5 °,45.9 °,333 °
2026-07-28 07:00:00,333 °,333 °,333 °,56.9 °,54.1 °,333 °,48.1 °,57.9 °,57.6 °,53.0 °,59.9 °,54.1 °,53.8 °,99.9 °,333 °,60.5 °,41.0 °,50.0 °,57.1 °,58.8 °,5.05 °,43.1 °,60.6 °,47.6 °,46.6 °,57.7 °,49.9 °,45.1 °,62.6 °,50.0 °,51.6 °,56.7 °,333 °
2026-07-28 10:00:00,333 °,333 °,333 °,52.4 °,53.5 °,333 °,45.1 °,57.5 °,59.2 °,56.4 °,63.9 °,51.0 °,52.2 °,99.9 °,333 °,58.6 °,40.8 °,43.5 °,68.1 °,54.8 °,4.88 °,47.5 °,61.6 °,45.2 °,48.3 °,54.3 °,46.4 °,45.4 °,57.3 °,57.0 °,50.1 °,67.9 °,333 °
2026-07-28 13:00:00,333 °,333 °,333 °,46.7 °,62.5 °,333 °,49.7 °,19.2 °,79.5 °,53.1 °,59.1 °,52.8 °,53.5 °,99.9 °,333 °,60.0 °,40.8 °,18.6 °,58.9 °,54.8 °,4.63 °,47.1 °,56.4 °,47.9 °,45.7 °,61.4 °,44.7 °,62.8 °,43.7 °,76.5 °,52.6 °,63.5 °,333 °
2026-07-28 16:00:00,333 °,333 °,333 °,48.0 °,53.5 °,333 °,39.5 °,95.3 °,17.6 °,57.0 °,55.8 °,49.9 °,49.1 °,99.9 °,333 °,60.7 °,40.8 °,33.0 °,55.6 °,55.2 °,4.46 °,51.8 °,53.2 °,45.6 °,56.9 °,52.5 °,47.3 °,58.8 °,60.2 °,62.4 °,55.1 °,57.9 °,333 °
2026-07-28 19:00:00,333 °,333 °,333 °,49.2 °,54.7 °,333 °,47.1 °,72.8 °,34.4 °,61.6 °,47.7 °,62.8 °,47.7 °,99.9 °,333 °,56.2 °,40.9 °,40.0 °,55.1 °,57.7 °,4.43 °,49.8 °,60.8 °,43.2 °,51.8 °,45.7 °,54.4 °,62.5 °,60.9 °,63.9 °,54.1 °,56.7 °,333 °
2026-07-28 22:00:00,,,,63.8 °,48.5 °,333 °,51.8 °,57.0 °,54.9 °,52.6 °,54.7 °,70.4 °,49.6 °,99.9 °,333 °,57.1 °,41.0 °,48.5 °,54.3 °,59.9 °,4.44 °,56.9 °,55.3 °,39.7 °,52.5 °,43.8 °,52.0 °,39.7 °,91.3 °,24.6 °,54.5 °,55.7 °,333 °
2026-07-29 01:00:00,,,,50.3 °,64.6 °,333 °,47.4 °,50.4 °,58.3 °,43.9 °,59.2 °,64.8 °,55.9 °,99.9 °,333 °,63.0 °,41.1 °,42.0 °,60.9 °,51.0 °,4.57 °,51.2 °,40.9 °,59.6 °,51.6 °,43.8 °,45.7 °,61.9 °,63.4 °,69.6 °,55.3 °,48.1 °,333 °
2026-07-29 04:00:00,,,,59.9 °,53.4 °,333 °,49.7 °,55.4 °,59.3 °,50.1 °,53.3 °,40.6 °,50.2 °,99.9 °,333 °,58.5 °,41.1 °,48.3 °,60.6 °,54.6 °,4.60 °,46.5 °,55.9 °,47.7 °,45.9 °,56.8 °,38.0 °,59.9 °,65.6 °,64.6 °,50.4 °,57.0 °,333 °
2026-07-29 07:00:00,,,,56.7 °,60.3 °,333 °,46.8 °,55.6 °,64.1 °,56.6 °,59.5 °,72.5 °,49.0 °,99.9 °,333 °,48.6 °,41.0 °,34.5 °,60.0 °,56.1 °,4.59 °,37.6 °,60.9 °,49.6 °,50.4 °,63.3 °,50.8 °,55.7 °,58.0 °,81.1 °,53.7 °,58.6 °,333 °
2026-07-29 10:00:00,,,,56.2 °,56.1 °,333 °,45.8 °,57.2 °,61.7 °,55.1 °,61.8 °,92.5 °,38.2 °,99.9 °,333 °,59.1 °,40.9 °,50.3 °,62.0 °,52.5 °,4.55 °,40.4 °,62.4 °,51.5 °,51.3 °,59.8 °,53.6 °,46.8 °,57.3 °,61.9 °,53.6 °,60.4 °,333 °
2026-07-29 13:00:00,333 °,333 °,333 °,51.7 °,67.9 °,333 °,48.7 °,54.0 °,42.7 °,60.9 °,55.8 °,81.4 °,37.5 °,99.9 °,333 °,59.4 °,40.8 °,56.8 °,58.6 °,48.5 °,4.61 °,50.7 °,54.5 °,43.6 °,46.7 °,61.6 °,48.7 °,53.1 °,65.9 °,50.1 °,,,
2026-07-29 16:00:00,333 °,333 °,333 °,55.4 °,53.2 °,333 °,52.2 °,52.0 °,44.0 °,57.4 °,56.4 °,57.5 °,54.5 °,99.9 °,333 °,59.2 °,40.8 °,51.7 °,59.4 °,45.4 °,4.67 °,47.3 °,43.5 °,52.0 °,44.3 °,54.0 °,46.7 °,53.9 °,56.3 °,60.5 °,48.7 °,61.8 °,330 °
2026-07-29 19:00:00,333 °,333 °,333 °,54.5 °,53.1 °,333 °,,,,53.9 °,54.3 °,58.1 °,52.6 °,99.9 °,333 °,59.7 °,41.0 °,44.6 °,54.2 °,60.0 °,4.63 °,48.5 °,61.3 °,46.3 °,49.3 °,45.9 °,49.2 °,54.4 °,61.7 °,51.3 °,51.7 °,55.9 °,333 °
2026-07-29 22:00:00,333 °,333 °,333 °,54.7 °,55.1 °,333 °,,,,57.1 °,54.2 °,59.5 °,48.9 °,99.9 °,333 °,55.6 °,41 °,51.7 °,46.6 °,58.3 °,4.69 °,44.3 °,59.3 °,42.8 °,53.0 °,47.9 °,41.2 °,56.9 °,62.8 °,56.2 °,56.6 °,57.6 °,333 °
2026-07-30 01:00:00,333 °,333 °,333 °,56.3 °,54.2 °,333 °,,,,58.5 °,56.8 °,59.4 °,48.3 °,99.9 °,333 °,60.2 °,41.0 °,41.5 °,57.5 °,49.7 °,4.80 °,46.7 °,50.7 °,48.9 °,50.2 °,54.2 °,46.7 °,61.3 °,46.5 °,58.0 °,38.7 °,67.0 °,333 °
2026-07-30 04:00:00,333 °,333 °,333 °,53.6 °,55.4 °,333 °,,,,56.1 °,58.9 °,47.4 °,47.6 °,99.9 °,333 °,57.3 °,41.0 °,38.2 °,60.9 °,49.4 °,4.80 °,43.5 °,60.3 °,37.2 °,52.7 °,38.6 °,58.1 °,58.2 °,51.6 °,67.3 °,42.6 °,63.6 °,333 °
2026-07-30 07:00:00,333 °,333 °,333 °,53.9 °,50.7 °,333 °,50.5 °,47.3 °,63.4 °,55.8 °,60.1 °,45.6 °,47.4 °,99.9 °,333 °,61.4 °,41.0 °,31.6 °,54.3 °,54.6 °,5.05 °,48.4 °,55.0 °,55.9 °,52.8 °,42.0 °,59.7 °,57.8 °,40.7 °,82.3 °,41.6 °,57.1 °,333 °
2026-07-30 10:00:00,333 °,333 °,333 °,49.5 °,52.7 °,333 °,51.6 °,44.9 °,69.0 °,58.4 °,57.6 °,74.6 °,48.9 °,99.9 °,333 °,62.6 °,40.9 °,42.9 °,55.3 °,58.5 °,5.03 °,53.4 °,52.4 °,59.3 °,53.6 °,40.6 °,57.7 °,54.0 °,14.9 °,66.4 °,39.2 °,65.3 °,333 °
2026-07-30 13:00:00,333 °,333 °,333 °,52.7 °,51.4 °,333 °,52.7 °,54.2 °,57.9 °,46.4 °,79.5 °,37.5 °,50.0 °,99.9 °,333 °,57.3 °,40.8 °,36.6 °,51.1 °,60.5 °,5.05 °,53.2 °,52.2 °,49.9 °,51.6 °,46.1 °,43.5 °,,,,43.4 °,61.3 °,333 °
2026-07-30 16:00:00,333 °,333 °,333 °,50.8 °,54.2 °,333 °,54.6 °,50.3 °,64.8 °,58.2 °,60.5 °,79.7 °,50.9 °,99.9 °,333 °,56.8 °,40.9 °,50.2 °,52.3 °,55.2 °,5.07 °,45.6 °,58.7 °,39.7 °,51.3 °,54.8 °,43.1 °,,,,43.7 °,62.4 °,333 °
2026-07-30 19:00:00,333 °,333 °,333 °,,,,46.6 °,58.4 °,56.3 °,61.5 °,60.8 °,81.4 °,54.5 °,99.9 °,333 °,59.5 °,41.0 °,50.8 °,58.1 °,56.8 °,5.05 °,47.6 °,63.2 °,48.4 °,44.7 °,61.4 °,49.2 °,,,,43.9 °,66.9 °,333 °
2026-07-30 22:00:00,333 °,333 °,333 °,,,,45.5 °,58.8 °,71.6 °,58.5 °,57.6 °,86.1 °,54.3 °,99.9 °,333 °,58.5 °,41.0 °,53.4 °,57.1 °,51.8 °,5.02 °,40.0 °,66.1 °,52.6 °,46.8 °,56.7 °,48.2 °,49.1 °,62.8 °,33.8 °,48.6 °,67.4 °,333 °
2026-07-31 01:00:00,333 °,333 °,333 °,46.7 °,69.6 °,333 °,44.3 °,57.6 °,69.0 °,53.5 °,43.9 °,63.4 °,56.1 °,99.9 °,333 °,53.0 °,41.0 °,55.2 °,48.2 °,74.7 °,4.93 °,38.5 °,65.4 °,50.8 °,47.1 °,59.4 °,51.7 °,51.2 °,55.3 °,65.3 °,51.5 °,62.2 °,333 °
2026-07-31 04:00:00,333 °,333 °,333 °,57.4 °,55.3 °,333 °,48.7 °,51.9 °,62.5 °,50.7 °,50.3 °,49.1 °,58.2 °,99.9 °,333 °,54.7 °,41.1 °,38.9 °,,,,45.4 °,62.7 °,45.3 °,50.5 °,51.0 °,52.6 °,56.1 °,48.4 °,56.5 °,47.7 °,61.0 °,333 °
2026-07-31 07:00:00,333 °,333 °,333 °,53.9 °,57.7 °,333 °,46.9 °,56.4 °,67.1 °,56.8 °,55.8 °,84.5 °,52.9 °,99.9 °,333 °,61.2 °,41.0 °,41.9 °,,,,43.4 °,60.1 °,53.3 °,45.4 °,56.5 °,48.0 °,55.6 °,50.3 °,45.2 °,45.8 °,65.7 °,333 °
2026-07-31 10:00:00,333 °,333 °,333 °,53.5 °,51.5 °,333 °,48.3 °,51.9 °,67.3 °,58.0 °,56.5 °,56.4 °,44.9 °,99.9 °,333 °,60.2 °,40.9 °,31.9 °,44.0 °,71.6 °,5.10 °,44.1 °,61.2 °,50.7 °,40.4 °,55.0 °,42.7 °,50.7 °,45.7 °,48.8 °,42.3 °,62.7 °,333 °
2026-07-31 13:00:00,333 °,333 °,333 °,53.0 °,58.8 °,333 °,42.8 °,59.1 °,66.5 °,58.6 °,52.5 °,41.0 °,45.2 °,99.9 °,333 °,59.8 °,40.8 °,38.4 °,56.4 °,52.6 °,5.12 °,42.0 °,62.4 °,53.7 °,60.8 °,54.3 °,30.4 °,58.4 °,45.5 °,49.5 °,48.0 °,60.2 °,333 °
2026-07-31 16:00:00,333 °,333 °,333 °,50.6 °,224 °,333 °,46.1 °,58.6 °,61.7 °,55.0 °,46.7 °,51.1 °,47.1 °,99.9 °,333 °,50.2 °,40.8 °,28.2 °,50.0 °,50.7 °,5.13 °,51.1 °,57.6 °,49.6 °,56.1 °,51.5 °,44.0 °,56.7 °,47.6 °,51.4 °,45.4 °,45.0 °,333 °
2026-07-31 19:00:00,333 °,333 °,333 °,57.0 °,333 °,333 °,47.4 °,54.2 °,61.2 °,61.9 °,48.3 °,56.1 °,49.2 °,99.9 °,333 °,41.2 °,41.0 °,14.8 °,51.3 °,51.2 °,5.11 °,48.1 °,57.7 °,52.6 °,53.8 °,57.8 °,48.4 °,59.2 °,49.9 °,47.5 °,53.6 °,53.2 °,333 °
2026-07-31 22:00:00,333 °,333 °,333 °,59.8 °,333 °,333 °,47.7 °,54.9 °,59.2 °,66.8 °,48.9 °,76.0 °,45.0 °,99.9 °,333 °,50.8 °,41.0 °,48.8 °,53.6 °,49.4 °,5.11 °,45.0 °,59.3 °,49.5 °,52.7 °,60.9 °,45.1 °,60.6 °,56.6 °,56.8 °,48.8 °,64.1 °,333 °
2026-08-01 01:00:00,333 °,333 °,333 °,50.3 °,230 °,333 °,52.4 °,47.4 °,61.4 °,61.8 °,46.7 °,63.5 °,44.8 °,99.9 °,333 °,54.7 °,41.1 °,47.1 °,58.7 °,47.7 °,5.10 °,45.4 °,53.6 °,56.5 °,51.5 °,61.9 °,48.7 °,56.3 °,56.9 °,47.3 °,51.1 °,57.8 °,333 °
2026-08-01 04:00:00,333 °,333 °,333 °,55.9 °,324 °,333 °,49.9 °,53.5 °,51.2 °,56.4 °,57.3 °,41.1 °,49.1 °,99.9 °,333 °,60.5 °,41.1 °,54.5 °,55.4 °,47.9 °,5.10 °,48.3 °,50.3 °,56.6 °,50.3 °,54.4 °,43.9 °,58.7 °,49.4 °,55.1 °,51.8 °,64.5 °,333 °
2026-08-01 07:00:00,333 °,333 °,333 °,55.3 °,333 °,333 °,54.4 °,52.6 °,59.9 °,58.6 °,54.5 °,53.2 °,46.3 °,99.9 °,333 °,61.1 °,41.0 °,55.9 °,55.5 °,49.2 °,5.11 °,45.0 °,59.3 °,54.7 °,52.7 °,55.4 °,51.5 °,50.3 °,52.2 °,42.0 °,45.2 °,62.1 °,333 °
2026-08-01 10:00:00,333 °,333 °,333 °,53.4 °,253 °,332 °,48.2 °,47.9 °,55.0 °,48.3 °,59.2 °,46.9 °,46.1 °,100 °,333 °,62.1 °,40.8 °,45.6 °,53.9 °,59.4 °,5.11 °,44.7 °,49.5 °,51.9 °,57.8 °,55.6 °,47.9 °,44.7 °,56.1 °,40.6 °,50.0 °,64.2 °,333 °
2026-08-01 13:00:00,333 °,333 °,333 °,52.8 °,284 °,324 °,56.6 °,50.6 °,62.5 °,45.0 °,52.5 °,38.3 °,39.7 °,99.9 °,333 °,62.3 °,40.8 °,48.1 °,53.0 °,48.0 °,5.02 °,47.4 °,51.5 °,57.9 °,52.5 °,50.6 °,55.3 °,50.6 °,49.9 °,47.6 °,48.3 °,57.9 °,333 °
2026-08-01 16:00:00,333 °,333 °,333 °,55.1 °,333 °,333 °,55.2 °,51.1 °,60.4 °,59.3 °,54.0 °,58.8 °,46.2 °,99.9 °,333 °,55.8 °,40.9 °,63.0 °,55.3 °,53.0 °,5.06 °,44.9 °,53.6 °,57.9 °,53.8 °,52.2 °,51.9 °,54.1 °,49.7 °,49.0 °,43.5 °,63.6 °,333 °
2026-08-01 19:00:00,333 °,333 °,333 °,54.0 °,333 °,333 °,54.8 °,48.1 °,63.6 °,60.7 °,42.4 °,81.7 °,44.7 °,99.9 °,333 °,56.5 °,41.0 °,25.4 °,60.3 °,49.8 °,5.07 °,45.1 °,65.2 °,49.7 °,50.9 °,59.2 °,47.5 °,45.2 °,72.4 °,37.2 °,44.8 °,47.2 °,333 °
2026-08-01 22:00:00,333 °,333 °,333 °,56.7 °,333 °,333 °,57.2 °,48.9 °,69.8 °,65.9 °,50.0 °,48.8 °,44.2 °,99.9 °,333 °,66.5 °,41.0 °,25.0 °,53.6 °,61.3 °,5.06 °,46.9 °,62.0 °,51.0 °,51.8 °,55.3 °,46.3 °,51.5 °,48.3 °,51.4 °,43.6 °,56.0 °,333 °
2026-08-02 01:00:00,333 °,333 °,333 °,59.6 °,333 °,333 °,53.2 °,58.4 °,58.1 °,52.6 °,58.7 °,23.8 °,42.4 °,99.9 °,333 °,46.2 °,80.5 °,52.2 °,53.5 °,59.2 °,5.08 °,47.8 °,55.9 °,55.4 °,54.4 °,44.4 °,52.3 °,42.4 °,57.4 °,51.9 °,36.7 °,57.1 °,333 °
2026-08-02 04:00:00,333 °,333 °,333 °,57.3 °,320 °,333 °,53.4 °,57.5 °,65.6 °,49.5 °,60.6 °,34.0 °,,,,,,,54.5 °,48.9 °,5.10 °,50.9 °,51.4 °,53.7 °,47.2 °,49.5 °,51.5 °,44.6 °,49.9 °,47.9 °,44.6 °,50.1 °,333 °
2026-08-02 07:00:00,333 °,333 °,333 °,55.2 °,321 °,333 °,46.7 °,51.7 °,58.4 °,54.1 °,60.7 °,50.0 °,,,,56.1 °,71.9 °,9.07 °,48.4 °,54.2 °,5.11 °,55.7 °,57.7 °,55.2 °,48.7 °,56.4 °,52.6 °,44.3 °,56.4 °,45.9 °,37.9 °,58.5 °,333 °
2026-08-02 10:00:00,333 °,333 °,333 °,51.6 °,333 °,333 °,50.8 °,47.0 °,61.2 °,51.3 °,55.5 °,52.0 °,,,,41.0 °,99.9 °,9.63 °,43.5 °,60.9 °,5.13 °,55.3 °,57.1 °,51.0 °,50.4 °,55.5 °,54.1 °,41.9 °,58.3 °,48.0 °,36.0 °,64.8 °,324 °
2026-08-02 13:00:00,333 °,333 °,333 °,51.4 °,333 °,333 °,47.1 °,57.7 °,66.6 °,50.2 °,60.6 °,47.2 °,,,,,,,48.8 °,56.9 °,5.11 °,48.8 °,56.9 °,53.6 °,50.3 °,54.6 °,41.4 °,47.3 °,52.9 °,50.5 °,37.4 °,32.7 °,40.7 °
2026-08-02 16:00:00,333 °,333 °,333 °,48.3 °,315 °,333 °,44.5 °,43.6 °,63.3 °,50.1 °,47.7 °,50.3 °,,,,,,,55.6 °,48.1 °,5.11 °,43.1 °,56.6 °,51.0 °,47.2 °,53.8 °,48.5 °,57.3 °,56.7 °,55.5 °,39.2 °,58.8 °,56.4 °
2026-08-02 19:00:00,333 °,333 °,333 °,50.5 °,333 °,333 °,48.5 °,51.7 °,67.1 °,50.6 °,49.5 °,53.4 °,,,,,,,54.8 °,57.1 °,5.09 °,43.8 °,58.6 °,53.7 °,43.3 °,58.9 °,47.5 °,49.3 °,53.6 °,46.8 °,37.6 °,60.7 °,55.5 °
2026-08-02 22:00:00,333 °,333 °,333 °,50.8 °,333 °,333 °,44.7 °,56.2 °,56.3 °,50.6 °,47.9 °,51.1 °,30.7 °,99.9 °,333 °,,,,51.8 °,61.3 °,5.10 °,50.4 °,59.5 °,46.6 °,49.7 °,53.8 °,50.2 °,43.9 °,58.4 °,53.4 °,40.6 °,59.1 °,56.7 °
2026-08-03 01:00:00,333 °,333 °,333 °,51.9 °,304 °,333 °,50.4 °,55.6 °,60.9 °,51.8 °,45.4 °,50.3 °,39.5 °,100 °,333 °,,,,56.6 °,55.6 °,5.11 °,49.1 °,57.4 °,51.6 °,47.8 °,55.8 °,46.5 °,38.4 °,70.3 °,43.3 °,40.7 °,58.5 °,54.4 °
2026-08-03 04:00:00,333 °,333 °,333 °,51.1 °,300 °,333 °,50.3 °,52.4 °,58.7 °,50.7 °,50.9 °,55.6 °,42.6 °,99.9 °,333 °,,,,53.4 °,46.8 °,5.09 °,47.9 °,50.2 °,54.9 °,51.5 °,47.5 °,49.8 °,40.3 °,58.0 °,48.8 °,50.9 °,54.6 °,50.2 °
2026-08-03 07:00:00,333 °,333 °,333 °,55.4 °,333 °,333 °,47.5 °,54.0 °,55.1 °,44.5 °,58.8 °,50.2 °,45.4 °,99.9 °,333 °,41.6 °,42.4 °,11.7 °,52.1 °,49.8 °,5.10 °,54.0 °,55.0 °,53.8 °,43.1 °,55.5 °,51.3 °,45.8 °,56.9 °,47.5 °,49.2 °,62.5 °,54.3 °
2026-08-03 10:00:00,333 °,333 °,333 °,55.4 °,333 °,333 °,51.8 °,55.8 °,70.1 °,45.9 °,56.3 °,46.1 °,46.4 °,99.9 °,333 °,56.5 °,69.8 °,22.4 °,53.6 °,57.8 °,5.15 °,54.7 °,53.8 °,52.5 °,48.0 °,49.5 °,54.7 °,49.2 °,51.0 °,40.6 °,43.1 °,65.3 °,55.0 °
2026-08-03 13:00:00,333 °,333 °,333 °,49.8 °,333 °,333 °,49.7 °,41.9 °,63.1 °,47.8 °,68.0 °,38.7 °,47.0 °,99.9 °,333 °,65.2 °,47.2 °,54.4 °,54.5 °,50.4 °,5.18 °,68.3 °,47.9 °,82.7 °,52.3 °,42.5 °,46.9 °,48.2 °,54.6 °,54.4 °,41.5 °,58.2 °,52.8 °
2026-08-03 16:00:00,333 °,333 °,333 °,50.7 °,333 °,333 °,47.3 °,61.0 °,58.9 °,56.0 °,52.4 °,54.6 °,45.8 °,99.9 °,333 °,59.2 °,41.9 °,58.5 °,53.9 °,40.4 °,5.17 °,55.6 °,54.6 °,80.6 °,53.7 °,50.4 °,44.8 °,45.9 °,58.9 °,48.8 °,42.2 °,60.6 °,61.3 °
2026-08-03 19:00:00,333 °,333 °,333 °,53.5 °,333 °,333 °,51.2 °,59.2 °,60.0 °,49.8 °,51.8 °,51.2 °,40.8 °,99.9 °,333 °,63.5 °,52.4 °,57.4 °,49.9 °,54.0 °,5.13 °,42.0 °,83.6 °,27.9 °,44.2 °,65.1 °,47.4 °,47.6 °,62.6 °,42.1 °,46.2 °,50.3 °,59.9 °
2026-08-03 22:00:00,333 °,333 °,333 °,53.1 °,211 °,230 °,47.8 °,56.4 °,57.0 °,48.9 °,48.6 °,45.8 °,41.8 °,100 °,333 °,59.0 °,51.2 °,57.9 °,44.1 °,66.0 °,5.12 °,50.9 °,71.9 °,63.1 °,45.1 °,54.0 °,50.3 °,50.8 °,48.6 °,49.2 °,43.8 °,56.3 °,57.6 °
2026-08-04 01:00:00,333 °,333 °,333 °,40.7 °,49.4 °,333 °,51.7 °,44.9 °,60.7 °,46.0 °,46.6 °,45.9 °,40.6 °,99.9 °,333 °,62.8 °,55.4 °,48.6 °,44.7 °,61.0 °,5.09 °,54.7 °,68.3 °,70.0 °,46.9 °,54.1 °,49.8 °,56.4 °,57.1 °,49.3 °,43.8 °,55.3 °,53.6 °
2026-08-04 04:00:00,333 °,333 °,333 °,,,,52.8 °,52.3 °,66.7 °,46.0 °,39.2 °,40.8 °,41.0 °,99.9 °,333 °,60.1 °,54.2 °,51.5 °,56.0 °,60.0 °,5.35 °,,,,47.5 °,52.8 °,51.2 °,60.7 °,46.3 °,49.5 °,41.3 °,59.8 °,55.8 °
2026-08-04 07:00:00,333 °,333 °,333 °,,,,51.6 °,51.5 °,57.2 °,47.1 °,49.2 °,57.3 °,39.8 °,99.9 °,333 °,56.3 °,40.6 °,37.1 °,54.3 °,58.3 °,5.24 °,63.4 °,68.7 °,20.4 °,56.5 °,49.7 °,51.7 °,49.7 °,55.7 °,56.3 °,42.0 °,62.8 °,58.0 °
2026-08-04 10:00:00,333 °,333 °,333 °,,,,51.3 °,52.8 °,65.6 °,54.3 °,51.0 °,50.6 °,40.8 °,99.9 °,333 °,64.3 °,42.3 °,46.6 °,58.6 °,54.0 °,5.26 °,40.1 °,50.6 °,61.7 °,55.8 °,48.6 °,44.8 °,49.7 °,47.0 °,47.9 °,44.2 °,58.4 °,50.2 °
2026-08-04 13:00:00,333 °,333 °,333 °,,,,54.4 °,51.6 °,64.1 °,55.8 °,41.7 °,33.0 °,39.3 °,99.9 °,333 °,57.2 °,58.7 °,54.3 °,50.9 °,51.5 °,5.30 °,53.2 °,48.2 °,59.2 °,54.1 °,54.5 °,49.4 °,52.9 °,51.1 °,48.3 °,50.4 °,43.3 °,59.2 °
2026-08-04 16:00:00,333 °,333 °,333 °,,,,57.1 °,54.1 °,63.3 °,53.5 °,44.7 °,47.3 °,41.7 °,100 °,333 °,57.3 °,48.2 °,49.5 °,43.9 °,62.8 °,5.32 °,56.6 °,49.3 °,66.5 °,51.2 °,50.2 °,41.2 °,48.4 °,48.0 °,48.1 °,45.7 °,51.4 °,58.2 °
2026-08-04 19:00:00,333 °,333 °,333 °,,,,50.8 °,51.3 °,64.4 °,55.6 °,56.0 °,44.8 °,49.4 °,99.9 °,333 °,61.6 °,60.6 °,52.8 °,51.2 °,53.2 °,5.30 °,54.2 °,56.5 °,94.2 °,57.0 °,53.4 °,43.5 °,47.2 °,52.5 °,45.8 °,42.3 °,56.0 °,55.9 °
2026-08-04 22:00:00,333 °,333 °,333 °,,,,49.9 °,53.5 °,59.0 °,55.9 °,54.9 °,44.8 °,52.5 °,99.9 °,333 °,61.0 °,59.4 °,56.1 °,49.6 °,56.5 °,5.30 °,52.6 °,61.4 °,82.8 °,58.0 °,52.1 °,42.3 °,46.7 °,49.7 °,41.9 °,42.7 °,58.8 °,55.6 °
2026-08-05 01:00:00,333 °,333 °,333 °,39.5 °,10.0 °,242 °,55.4 °,60.6 °,54.4 °,53.9 °,56.7 °,53.3 °,46.1 °,100 °,333 °,64.3 °,50.7 °,50.2 °,42.9 °,58.0 °,5.25 °,55.1 °,50.2 °,67.7 °,57.2 °,56.1 °,41.2 °,40.4 °,52.8 °,40.7 °,44.4 °,55.7 °,53.8 °
2026-08-05 04:00:00,333 °,333 °,333 °,52.3 °,52.3 °,60.8 °,56.9 °,55.7 °,66.1 °,55.0 °,56.0 °,48.6 °,46.5 °,99.9 °,333 °,60.3 °,56.5 °,53.8 °,42.6 °,60.9 °,5.20 °,54.7 °,47.2 °,56.5 °,54.7 °,54.3 °,45.9 °,47.1 °,50.8 °,46.6 °,45.1 °,57.6 °,58.6 °
2026-08-05 07:00:00,333 °,333 °,333 °,50.6 °,62.8 °,148 °,54.5 °,58.2 °,59.6 °,51.0 °,48.7 °,56.9 °,44.7 °,99.9 °,333 °,61.3 °,56.2 °,60.8 °,36.5 °,73.1 °,5.28 °,45.4 °,74.6 °,37.0 °,52.8 °,45.8 °,49.2 °,47.0 °,43.0 °,44.4 °,47.9 °,56.2 °,55.4 °
2026-08-05 10:00:00,333 °,333 °,333 °,57.2 °,54.2 °,333 °,,,,50.2 °,46.5 °,45.8 °,45.9 °,99.9 °,333 °,63.4 °,54.0 °,49.2 °,42.2 °,65.5 °,4.84 °,56.6 °,53.4 °,52.1 °,53.5 °,41.5 °,50.3 °,46.6 °,45.1 °,43.5 °,53.2 °,57.2 °,51.7 °
2026-08-05 13:00:00,333 °,333 °,333 °,58.7 °,53.2 °,333 °,47.7 °,50.7 °,61.2 °,49.7 °,53.6 °,44.8 °,52.8 °,99.9 °,333 °,58.4 °,54.0 °,46.4 °,54.9 °,52.6 °,4.85 °,48.6 °,52.9 °,44.3 °,49.7 °,47.9 °,55.1 °,44.8 °,58.9 °,47.2 °,48.5 °,51.6 °,53.5 °
2026-08-05 16:00:00,333 °,333 °,333 °,55.8 °,49.6 °,333 °,50.4 °,51.2 °,66.0 °,56.9 °,50.8 °,65.8 °,54.8 °,99.9 °,333 °,66.0 °,54.4 °,41.0 °,56.8 °,53.0 °,4.84 °,41.7 °,63.8 °,55.5 °,49.0 °,52.0 °,41.7 °,45.3 °,52.2 °,43.2 °,43.3 °,51.6 °,60.9 °
2026-08-05 19:00:00,333 °,333 °,333 °,64.7 °,49.5 °,333 °,59.0 °,57.0 °,59.2 °,52.9 °,55.6 °,63.0 °,50.0 °,99.9 °,333 °,54.7 °,53.5 °,53.8 °,53.8 °,52.5 °,4.88 °,58.9 °,53.0 °,55.5 °,47.1 °,57.6 °,40.8 °,45.1 °,57.7 °,45.3 °,41.7 °,59.8 °,61.0 °
2026-08-05 22:00:00,333 °,333 °,333 °,47.7 °,57.5 °,333 °,57.2 °,53.6 °,57.0 °,49.7 °,57.9 °,57.8 °,47.9 °,99.9 °,333 °,61.8 °,47.5 °,44.2 °,53.3 °,50.8 °,4.84 °,51.5 °,59.4 °,44.7 °,49.1 °,28.3 °,25.9 °,43.7 °,55.7 °,40.1 °,41.7 °,62.2 °,57.6 °
2026-08-06 01:00:00,333 °,333 °,333 °,47.9 °,56.5 °,333 °,47.2 °,61.7 °,68.7 °,49.0 °,55.9 °,57.9 °,51.6 °,99.9 °,333 °,61.0 °,53.2 °,43.9 °,55.2 °,54.4 °,4.82 °,56.7 °,46.9 °,73.6 °,,,,44.6 °,48.6 °,38.5 °,41.3 °,60.4 °,53.4 °
2026-08-06 04:00:00,333 °,333 °,333 °,51.5 °,58.5 °,333 °,51.7 °,55.6 °,61.1 °,49.2 °,62.3 °,50.4 °,48.4 °,99.9 °,333 °,61.2 °,51.6 °,53.1 °,57.3 °,53.4 °,4.83 °,54.8 °,35.6 °,75.9 °,53.9 °,67.3 °,13.3 °,44.8 °,48.2 °,44.9 °,41.4 °,59.9 °,49.1 °
2026-08-06 07:00:00,333 °,333 °,333 °,57.5 °,59.2 °,333 °,50.2 °,51.5 °,66.0 °,55.5 °,52.8 °,48.5 °,51.3 °,99.9 °,333 °,60.8 °,44.5 °,61.8 °,53.9 °,57.8 °,4.84 °,62.0 °,41.6 °,93.6 °,,,,44.9 °,52.1 °,45.1 °,40.9 °,64.1 °,59.8 °
2026-08-06 10:00:00,333 °,333 °,333 °,58.2 °,57.1 °,333 °,47.1 °,57.6 °,67.1 °,57.9 °,47.9 °,65.3 °,53.5 °,99.9 °,333 °,63.4 °,53.3 °,81.1 °,48.6 °,59.4 °,4.81 °,60.6 °,37.3 °,82.5 °,84.7 °,38.4 °,4.68 °,52.4 °,52.3 °,52.0 °,42.4 °,64.6 °,58.7 °
2026-08-06 13:00:00,333 °,333 °,333 °,56.9 °,51.0 °,333 °,47.4 °,46.6 °,67.8 °,56.4 °,44.7 °,61.1 °,48.5 °,99.9 °,333 °,57.1 °,55.2 °,49.1 °,54.8 °,52.5 °,4.96 °,59.3 °,55.5 °,54.1 °,,,,49.7 °,51.9 °,58.0 °,43.6 °,56.8 °,46.0 °
2026-08-06 16:00:00,333 °,333 °,333 °,52.1 °,57.8 °,333 °,48.8 °,51.5 °,53.8 °,63.1 °,42.7 °,77.9 °,46.3 °,99.9 °,333 °,51.1 °,57.5 °,46.4 °,51.8 °,58.1 °,5.00 °,57.1 °,51.4 °,49.3 °,,,,55.3 °,47.0 °,56.5 °,43.1 °,51.6 °,53.2 °
2026-08-06 19:00:00,333 °,333 °,333 °,45.3 °,65.4 °,333 °,54.2 °,54.4 °,56.1 °,56.5 °,48.2 °,50.3 °,49.7 °,99.9 °,333 °,53.9 °,53.1 °,50.4 °,53.5 °,52.8 °,4.81 °,57.6 °,61.9 °,44.6 °,,,,50.8 °,45.7 °,49.9 °,41.2 °,47.4 °,52.7 °
2026-08-06 22:00:00,333 °,333 °,333 °,44.7 °,68.6 °,333 °,49.6 °,51.9 °,51.8 °,56.0 °,52.4 °,45.2 °,44.7 °,99.9 °,333 °,51.5 °,56.4 °,54.2 °,49.8 °,54.7 °,4.96 °,56.2 °,53.8 °,60.2 °,38.1 °,76.8 °,16.8 °,46.1 °,53.7 °,49.6 °,44.2 °,49.2 °,58.4 °
2026-08-07 01:00:00,333 °,333 °,333 °,45.7 °,67.6 °,300 °,51.1 °,56.2 °,56.4 °,55.0 °,50.7 °,50.9 °,45.8 °,99.9 °,333 °,48.1 °,59.1 °,55.3 °,48.8 °,56.2 °,4.80 °,61.4 °,50.3 °,79.7 °,49.5 °,59.3 °,10.8 °,53.5 °,47.1 °,57.7 °,40.2 °,68.5 °,51.0 °
2026-08-07 04:00:00,333 °,333 °,333 °,48.1 °,58.1 °,56.0 °,55.3 °,49.4 °,65.6 °,55.1 °,51.5 °,56.7 °,44.4 °,99.9 °,333 °,47.4 °,60.3 °,51.8 °,50.4 °,49.9 °,4.81 °,56.5 °,49.2 °,73.3 °,65.7 °,43.2 °,36.7 °,50.7 °,52.0 °,59.2 °,41.4 °,68.4 °,53.0 °
2026-08-07 07:00:00,333 °,333 °,333 °,50.6 °,58.2 °,54.5 °,46.5 °,47.8 °,50.5 °,47.5 °,55.6 °,54.5 °,44.6 °,99.9 °,333 °,43.3 °,66.0 °,46.8 °,44.2 °,62.8 °,4.82 °,55.0 °,40.9 °,54.0 °,53.4 °,56.2 °,50.4 °,60.2 °,53.3 °,78.8 °,43.7 °,58.9 °,52.0 °
2026-08-07 10:00:00,333 °,333 °,333 °,57.1 °,51.1 °,54.7 °,50.9 °,50.1 °,66.2 °,50.0 °,59.3 °,52.3 °,47.1 °,99.9 °,333 °,41.0 °,69.3 °,49.2 °,54.3 °,66.1 °,4.83 °,59.6 °,41.5 °,79.8 °,49.9 °,56.9 °,54.6 °,42.1 °,59.4 °,44.0 °,50.8 °,62.2 °,38.5 °
2026-08-07 13:00:00,333 °,333 °,333 °,49.6 °,60.3 °,49.7 °,60.3 °,55.4 °,61.1 °,49.4 °,55.4 °,56.7 °,46.4 °,99.9 °,333 °,40.6 °,72.2 °,44.0 °,49.1 °,51.2 °,4.85 °,51.4 °,45.3 °,45.8 °,46.2 °,70.7 °,50.8 °,44.1 °,47.4 °,38.0 °,37.6 °,64.4 °,35.9 °
2026-08-07 16:00:00,333 °,333 °,333 °,56.9 °,55.9 °,55.3 °,57.3 °,56.7 °,63.1 °,53.6 °,53.6 °,50.5 °,49.3 °,99.9 °,333 °,53.1 °,60.5 °,53.3 °,46.8 °,54.6 °,4.88 °,56.0 °,49.2 °,65.8 °,51.4 °,50.6 °,48.7 °,,,,43.9 °,60.3 °,53.5 °
2026-08-07 19:00:00,333 °,333 °,333 °,56.1 °,59.1 °,54.7 °,57.7 °,63.5 °,60.1 °,51.6 °,48.8 °,52.1 °,50.1 °,99.9 °,333 °,52.2 °,61.7 °,47.4 °,45.0 °,52.2 °,4.84 °,54.6 °,63.4 °,61.4 °,52.5 °,46.6 °,52.9 °,36.0 °,81.5 °,12.8 °,46.3 °,37.4 °,35.9 °
2026-08-07 22:00:00,333 °,333 °,333 °,54.9 °,58.6 °,53.0 °,52.8 °,58.2 °,57.5 °,47.7 °,52.0 °,55.1 °,52.2 °,100 °,333 °,53.6 °,54.3 °,48.0 °,45.3 °,58.0 °,4.82 °,50.3 °,72.7 °,32.9 °,52.5 °,44.4 °,55.8 °,40.5 °,91.3 °,10.1 °,48.3 °,52.8 °,60.4 °
2026-08-08 01:00:00,333 °,333 °,333 °,53.9 °,62.9 °,45.8 °,47.3 °,56.8 °,59.3 °,52.2 °,56.4 °,56.4 °,53.5 °,99.9 °,333 °,49.2 °,56.8 °,48.7 °,41.5 °,58.5 °,4.96 °,54.6 °,53.9 °,55.0 °,58.5 °,47.0 °,59.6 °,,,,42.1 °,71.0 °,50.5 °
2026-08-08 04:00:00,333 °,333 °,333 °,54.8 °,50.9 °,42.2 °,50.9 °,62.0 °,70.2 °,52.3 °,57.0 °,49.9 °,50.3 °,99.9 °,333 °,50.5 °,55.9 °,47.4 °,41.4 °,67.1 °,4.80 °,52.3 °,46.1 °,58.1 °,54.0 °,43.0 °,51.0 °,,,,43.3 °,61.8 °,53.9 °
2026-08-08 07:00:00,333 °,333 °,333 °,53.9 °,62.1 °,50.6 °,50.6 °,49.9 °,68.1 °,50.8 °,54.8 °,20.4 °,45.8 °,99.9 °,333 °,49.7 °,54.3 °,45.2 °,51.2 °,51.6 °,4.92 °,44.8 °,58.1 °,48.6 °,50.6 °,54.7 °,53.4 °,,,,45.4 °,41.6 °,44.4 °
2026-08-08 10:00:00,333 °,333 °,333 °,58.0 °,62.6 °,52.7 °,52.9 °,45.1 °,64.9 °,55.5 °,52.0 °,48.5 °,54.4 °,99.9 °,333 °,48.0 °,56.4 °,52.6 °,48.5 °,62.4 °,4.98 °,53.6 °,50.6 °,43.2 °,45.2 °,53.8 °,50.1 °,,,,40.2 °,59.5 °,32.0 °
2026-08-08 13:00:00,333 °,333 °,333 °,56.5 °,54.4 °,46.0 °,48.9 °,56.4 °,46.3 °,50.8 °,44.6 °,37.0 °,54.4 °,99.9 °,333 °,51.3 °,60.1 °,47.5 °,50.7 °,52.2 °,4.92 °,60.7 °,48.6 °,77.7 °,49.0 °,57.0 °,42.2 °,,,,41.7 °,50.7 °,55.4 °
2026-08-08 16:00:00,333 °,333 °,333 °,56.0 °,57.3 °,52.2 °,44.2 °,60.0 °,54.1 °,48.0 °,49.7 °,45.2 °,52.1 °,99.9 °,333 °,50.2 °,62.8 °,48.2 °,51.1 °,53.9 °,4.84 °,56.5 °,51.4 °,51.8 °,49.9 °,60.4 °,44.8 °,60.4 °,52.5 °,29.3 °,43.5 °,44.4 °,51.2 °
2026-08-08 19:00:00,333 °,333 °,333 °,57.2 °,60.9 °,47.9 °,42.6 °,58.0 °,56.3 °,53.7 °,57.7 °,50.2 °,53.4 °,99.9 °,333 °,55.5 °,62.8 °,55.1 °,47.0 °,58.5 °,4.81 °,57.4 °,40.3 °,78.6 °,49.3 °,57.3 °,50.5 °,58.5 °,66.2 °,48.3 °,42.4 °,52.8 °,47.3 °
2026-08-08 22:00:00,333 °,333 °,333 °,54.9 °,59.7 °,47.7 °,45.5 °,46.2 °,54.1 °,52.1 °,57.2 °,45.1 °,52.5 °,99.9 °,333 °,53.3 °,65.3 °,50.9 °,53.6 °,54.4 °,4.81 °,59.7 °,51.5 °,85.5 °,52.7 °,56.5 °,52.0 °,49.4 °,70.0 °,37.9 °,42.9 °,59.0 °,49.2 °
2026-08-09 01:00:00,333 °,333 °,333 °,55.0 °,63.5 °,45.3 °,60.1 °,60.6 °,61.3 °,60.3 °,58.8 °,38.7 °,52.3 °,99.9 °,333 °,55.7 °,62.9 °,45.5 °,54.5 °,61.7 °,4.89 °,53.4 °,55.1 °,64.6 °,50.8 °,64.7 °,50.1 °,51.5 °,70.0 °,50.4 °,51.6 °,92.8 °,12.6 °
2026-08-09 04:00:00,333 °,333 °,333 °,51.1 °,63.7 °,45.7 °,50.7 °,53.2 °,61.9 °,60.8 °,54.2 °,51.7 °,51.9 °,99.9 °,333 °,53.3 °,61.1 °,46.5 °,53.5 °,54.5 °,4.99 °,54.8 °,51.3 °,67.6 °,52.4 °,51.2 °,43.2 °,48.1 °,59.9 °,53.8 °,39.0 °,98.3 °,17.5 °
2026-08-09 07:00:00,333 °,333 °,333 °,50.1 °,62.9 °,45.4 °,49.9 °,53.0 °,47.5 °,58.2 °,52.7 °,56.7 °,47.6 °,99.9 °,333 °,54.9 °,45.7 °,54.9 °,53.1 °,57.8 °,4.86 °,47.7 °,56.9 °,48.9 °,58.2 °,49.8 °,53.9 °,56.6 °,52.2 °,52.6 °,,,
2026-08-09 10:00:00,333 °,333 °,333 °,48.6 °,53.9 °,52.5 °,50.1 °,51.9 °,59.2 °,55.6 °,48.7 °,57.1 °,50.9 °,99.9 °,333 °,58.0 °,61.0 °,47.7 °,49.4 °,63.7 °,4.84 °,57.6 °,54.0 °,72.4 °,50.1 °,55.4 °,37.7 °,57.8 °,46.6 °,44.7 °,,,
2026-08-09 13:00:00,333 °,333 °,333 °,56.5 °,53.8 °,48.3 °,61.6 °,48.1 °,57.7 °,46.8 °,58.2 °,42.1 °,52.8 °,99.9 °,333 °,56.2 °,53.3 °,55.2 °,51.2 °,58.3 °,4.84 °,55.9 °,53.0 °,76.6 °,50.9 °,54.6 °,44.7 °,54.4 °,55.6 °,48.7 °,46.4 °,30.3 °,24.1 °
2026-08-09 16:00:00,333 °,333 °,333 °,57.1 °,56.7 °,45.7 °,55.0 °,54.0 °,64.1 °,49.9 °,54.8 °,53.1 °,53.7 °,99.9 °,333 °,52.4 °,55.3 °,55.9 °,52.3 °,51.9 °,4.82 °,53.6 °,57.4 °,58.1 °,52.2 °,49.8 °,48.2 °,49.2 °,60.0 °,44.2 °,43.7 °,64.1 °,46.8 °
2026-08-09 19:00:00,333 °,333 °,333 °,54.7 °,53.4 °,46.6 °,48.9 °,61.9 °,56.4 °,52.5 °,66.2 °,57.3 °,61.2 °,99.9 °,333 °,59.2 °,54.9 °,51.9 °,52.7 °,57.4 °,4.81 °,55.8 °,42.9 °,64.2 °,51.0 °,53.0 °,50.9 °,51.0 °,69.8 °,49.2 °,43.5 °,65.6 °,47.2 °
2026-08-09 22:00:00,333 °,333 °,333 °,51.2 °,60.1 °,44.4 °,56.0 °,54.7 °,63.8 °,52.9 °,62.2 °,54.9 °,44.0 °,100 °,333 °,54.8 °,56.7 °,52.1 °,54.1 °,57.8 °,5.01 °,54.6 °,50.4 °,215 °,44.8 °,64.7 °,51.0 °,54.5 °,56.9 °,55.6 °,43.5 °,60.0 °,42.1 °
2026-08-10 01:00:00,333 °,333 °,333 °,52.3 °,58.9 °,36.4 °,56.2 °,52.0 °,76.8 °,57.1 °,60.4 °,36.7 °,39.5 °,99.9 °,333 °,52.9 °,58.3 °,49.2 °,59.7 °,53.1 °,4.91 °,52.9 °,48.4 °,333 °,42.5 °,61.1 °,50.8 °,54.0 °,68.2 °,49.2 °,44.7 °,62.7 °,50.9 °
2026-08-10 04:00:00,333 °,333 °,333 °,52.9 °,60.9 °,52.2 °,54.5 °,39.6 °,67.0 °,51.8 °,50.3 °,50.5 °,,,,51.1 °,58.5 °,55.2 °,50.8 °,56.2 °,5.04 °,52.6 °,49.5 °,333 °,41.5 °,62.6 °,52.4 °,50.3 °,65.2 °,50.9 °,46.4 °,52.8 °,49.7 °
2026-08-10 07:00:00,333 °,333 °,333 °,51.3 °,63.1 °,43.7 °,57.5 °,49.6 °,65.6 °,50.4 °,46.5 °,60.4 °,,,,52.0 °,53.7 °,54.7 °,48.4 °,59.5 °,5.11 °,53.3 °,64.1 °,333 °,38.3 °,56.3 °,42.3 °,53.9 °,45.1 °,47.0 °,51.9 °,46.3 °,77.0 °
2026-08-10 10:00:00,333 °,333 °,333 °,52.4 °,57.2 °,42.9 °,52.4 °,47.2 °,64.2 °,44.1 °,58.0 °,57.9 °,,,,57.4 °,48.6 °,43.3 °,45.7 °,58.7 °,5.11 °,55.2 °,52.2 °,333 °,47.9 °,53.8 °,37.8 °,58.5 °,41.1 °,44.6 °,47.8 °,51.7 °,55.7 °
2026-08-10 13:00:00,333 °,333 °,333 °,54.3 °,51.8 °,23.6 °,48.7 °,49.0 °,53.2 °,44.9 °,56.4 °,54.2 °,,,,60.2 °,54.2 °,43.7 °,45.6 °,55.2 °,5.10 °,57.6 °,59.5 °,333 °,50.5 °,51.3 °,44.5 °,58.7 °,42.3 °,71.3 °,48.8 °,60.2 °,57.3 °
2026-08-10 16:00:00,333 °,333 °,333 °,54.1 °,60.0 °,50.4 °,42.3 °,85.2 °,10.0 °,44.0 °,59.7 °,51.4 °,,,,52.1 °,52.5 °,47.8 °,45.6 °,55.6 °,4.99 °,57.2 °,60.6 °,333 °,56.4 °,60.9 °,53.7 °,57.6 °,52.6 °,52.5 °,52.3 °,56.6 °,54.6 °
2026-08-10 19:00:00,333 °,333 °,333 °,52.3 °,55.9 °,44.3 °,36.6 °,6.79 °,333 °,44.7 °,58.6 °,45.1 °,,,,59.9 °,47.7 °,43.3 °,47.0 °,56.6 °,4.89 °,62.8 °,46.2 °,333 °,56.4 °,66.2 °,53.9 °,51.1 °,67.3 °,48.0 °,48.4 °,62.9 °,45.4 °
2026-08-10 22:00:00,333 °,333 °,333 °,51.4 °,53.9 °,39.8 °,92.5 °,82.3 °,128 °,47.6 °,59.6 °,59.5 °,,,,53.0 °,57.1 °,46.7 °,45.5 °,51.6 °,4.86 °,57.5 °,54.0 °,333 °,51.7 °,61.5 °,50.6 °,54.0 °,69.7 °,50.5 °,46.1 °,63.7 °,43.8 °
2026-08-11 01:00:00,333 °,333 °,333 °,50.8 °,63.3 °,43.1 °,35.2 °,99.9 °,17.4 °,56.7 °,64.3 °,55.3 °,,,,53.3 °,57.8 °,50.5 °,44.1 °,52.8 °,4.83 °,57.8 °,50.3 °,333 °,52.4 °,57.9 °,53.9 °,54.4 °,62.1 °,64.8 °,48.2 °,61.2 °,51.1 °
2026-08-11 04:00:00,333 °,333 °,333 °,53.4 °,55.0 °,45.9 °,,,,57.8 °,61.2 °,50.2 °,,,,46.7 °,69.4 °,47.0 °,50.6 °,61.2 °,4.81 °,58.4 °,35.3 °,333 °,51.5 °,56.3 °,52.2 °,45.3 °,71.0 °,50.3 °,42.9 °,60.4 °,47.2 °
2026-08-11 07:00:00,333 °,333 °,333 °,50.4 °,52.7 °,38.8 °,,,,54.4 °,56.6 °,74.9 °,,,,,,,56.8 °,52.7 °,4.94 °,55.3 °,54.4 °,333 °,53.9 °,44.5 °,62.1 °,59.2 °,38.4 °,37.3 °,45.8 °,53.3 °,47.6 °
2026-08-11 10:00:00,333 °,333 °,333 °,51.0 °,55.2 °,40.7 °,,,,52.8 °,66.1 °,18.7 °,,,,56.0 °,52.3 °,61.6 °,50.0 °,61.7 °,5.12 °,52.3 °,56.0 °,333 °,51.8 °,46.7 °,54.6 °,53.5 °,48.3 °,38.7 °,42.9 °,59.5 °,55.7 °
2026-08-11 13:00:00,333 °,333 °,333 °,49.3 °,55.4 °,40.9 °,,,,,,,,,,53.4 °,60.5 °,49.0 °,54.4 °,63.6 °,5.11 °,56.1 °,48.6 °,333 °,54.6 °,43.2 °,59.2 °,47.5 °,58.1 °,47.4 °,42.4 °,60.2 °,53.7 °
2026-08-11 16:00:00,333 °,333 °,333 °,47.5 °,59.5 °,41.5 °,,,,62.1 °,56.8 °,52.5 °,,,,41.9 °,86.2 °,10.7 °,54.7 °,49.2 °,5.08 °,52.9 °,52.8 °,333 °,53.1 °,49.1 °,46.9 °,50.1 °,56.2 °,50.6 °,44.3 °,54.7 °,56.1 °
2026-08-11 19:00:00,333 °,333 °,333 °,45.7 °,57.0 °,43.4 °,,,,57.3 °,46.5 °,56.9 °,,,,48.4 °,55.4 °,26.6 °,54.2 °,62.7 °,4.94 °,52.0 °,60.6 °,333 °,53.1 °,56.9 °,46.4 °,50.0 °,50.5 °,51.7 °,43.2 °,53.4 °,54.2 °
2026-08-11 22:00:00,333 °,333 °,333 °,46.9 °,60.6 °,49.8 °,40.4 °,66.7 °,39.4 °,59.3 °,44.6 °,55.1 °,,,,50.3 °,55.1 °,53.9 °,54.1 °,56.2 °,4.95 °,52.2 °,56.7 °,333 °,53.9 °,61.9 °,49.7 °,49.1 °,47.5 °,35.0 °,54.6 °,40.9 °,72.6 °
2026-08-12 01:00:00,333 °,333 °,333 °,48.1 °,60.6 °,47.3 °,45.2 °,19.1 °,61.1 °,56.8 °,53.0 °,56.1 °,,,,50.5 °,59.2 °,52.0 °,52.0 °,57.0 °,5.02 °,51.8 °,56.4 °,333 °,47.8 °,45.5 °,46.2 °,47.5 °,48.4 °,43.3 °,46.2 °,53.8 °,44.2 °
2026-08-12 04:00:00,333 °,333 °,333 °,52.9 °,52.9 °,45.0 °,47.1 °,61.8 °,37.1 °,58.2 °,54.6 °,50.4 °,,,,48.4 °,62.6 °,58.8 °,49.7 °,64.5 °,4.91 °,54.8 °,51.2 °,333 °,48.0 °,52.7 °,52.5 °,48.1 °,51.7 °,45.2 °,45.5 °,47.7 °,32.2 °
2026-08-12 07:00:00,333 °,333 °,333 °,55.6 °,54.4 °,47.6 °,40.4 °,54.5 °,38.2 °,58.6 °,52.7 °,70.7 °,,,,49.0 °,59.2 °,54.6 °,62.1 °,55.9 °,5.02 °,48.8 °,43.8 °,333 °,48.3 °,51.1 °,48.4 °,48.5 °,48.3 °,45.0 °,42.6 °,52.7 °,41.0 °
2026-08-12 10:00:00,333 °,333 °,333 °,53.9 °,54.9 °,40.9 °,42.9 °,56.4 °,44.4 °,55.3 °,52.5 °,51.2 °,,,,44.3 °,67.6 °,48.7 °,55.0 °,57.9 °,4.80 °,55.4 °,52.1 °,333 °,49.9 °,52.1 °,52.1 °,47.8 °,51.4 °,45.1 °,47.3 °,50.5 °,25.1 °
2026-08-12 13:00:00,333 °,333 °,333 °,52.4 °,53.4 °,41.8 °,48.0 °,54.2 °,61.8 °,50.7 °,65.9 °,41.7 °,40.8 °,99.9 °,333 °,48.2 °,55.1 °,45.1 °,56.4 °,46.5 °,4.82 °,50.6 °,49.1 °,333 °,44.7 °,63.0 °,40.8 °,46.1 °,53.5 °,43.9 °,41.7 °,59.4 °,54.1 °
2026-08-12 16:00:00,333 °,333 °,333 °,48.2 °,60.7 °,45.1 °,49.0 °,50.4 °,54.3 °,54.8 °,52.0 °,45.9 °,78.5 °,99.9 °,181 °,45.1 °,60.5 °,44.9 °,52.5 °,52.2 °,4.82 °,51.3 °,47.0 °,333 °,49.6 °,49.9 °,47.5 °,46.4 °,53.5 °,43.8 °,43.4 °,56.7 °,60.7 °
2026-08-12 19:00:00,333 °,333 °,333 °,45.5 °,62.6 °,53.1 °,48.3 °,53.2 °,51.5 °,60.0 °,45.6 °,47.2 °,134 °,170 °,131 °,44.7 °,61.6 °,53.8 °,53.3 °,59.8 °,4.81 °,49.4 °,60.0 °,333 °,51.8 °,61.9 °,54.7 °,45.9 °,55.3 °,46.4 °,39.4 °,72.7 °,27.5 °
2026-08-12 22:00:00,333 °,333 °,333 °,48.2 °,66.0 °,43.6 °,47.7 °,50.8 °,49.5 °,59.9 °,56.1 °,52.3 °,55.5 °,74.9 °,8.33 °,45.8 °,57.9 °,53.0 °,58.4 °,53.2 °,4.82 °,55.6 °,55.8 °,333 °,51.5 °,62.9 °,38.7 °,47.7 °,53.9 °,46.7 °,32.5 °,99.9 °,0.519 °
2026-08-13 01:00:00,333 °,333 °,333 °,55.5 °,69.4 °,46.9 °,54.5 °,42.0 °,54.4 °,54.7 °,46.3 °,52.7 °,57.2 °,51.1 °,53.5 °,54.5 °,53.7 °,50.7 °,51.3 °,54.1 °,4.82 °,45.1 °,66.2 °,333 °,54.0 °,57.2 °,53.5 °,44.4 °,56.7 °,41.6 °,45.4 °,40.3 °,77.4 °
2026-08-13 04:00:00,333 °,333 °,333 °,52.9 °,61.5 °,55.1 °,51.3 °,45.5 °,45.3 °,49.0 °,48.3 °,46.8 °,48.4 °,60.5 °,49.1 °,61.1 °,54.0 °,61.7 °,47.8 °,53.6 °,4.88 °,46.0 °,57.0 °,333 °,48.8 °,58.9 °,44.2 °,45.1 °,52.2 °,49.3 °,43.7 °,44.6 °,37.6 °
2026-08-13 07:00:00,333 °,333 °,333 °,53.9 °,57.8 °,55.7 °,47.3 °,49.5 °,43.3 °,56.0 °,54.5 °,50.2 °,47.5 °,63.0 °,48.7 °,62.5 °,53.2 °,55.3 °,43.5 °,56.7 °,4.86 °,54.4 °,49.8 °,333 °,49.6 °,58.7 °,43.2 °,49.4 °,46.2 °,48.0 °,43.8 °,56.5 °,51.5 °
2026-08-13 10:00:00,333 °,333 °,333 °,55.4 °,51.1 °,61.4 °,51.8 °,48.7 °,40.8 °,52.5 °,54.6 °,46.4 °,44.0 °,65.6 °,50.5 °,60.5 °,48.2 °,55.2 °,44.5 °,66.5 °,4.88 °,55.3 °,49.1 °,333 °,40.2 °,76.0 °,23.9 °,51.9 °,45.6 °,52.5 °,44.8 °,50.9 °,52.6 °
2026-08-13 13:00:00,333 °,333 °,333 °,51.8 °,58.3 °,56.3 °,56.5 °,47.4 °,60.1 °,56.8 °,60.4 °,52.1 °,44.7 °,62.8 °,48.0 °,50.7 °,72.7 °,36.5 °,52.7 °,57.6 °,4.90 °,50.5 °,54.3 °,333 °,57.6 °,44.9 °,57.1 °,53.9 °,51.3 °,46.3 °,48.6 °,51.9 °,63.1 °
2026-08-13 16:00:00,333 °,333 °,333 °,46.8 °,66.7 °,50.0 °,56.9 °,52.5 °,73.7 °,56.8 °,59.4 °,62.3 °,46.2 °,58.0 °,86.1 °,49.4 °,47.6 °,41.1 °,53.4 °,50.4 °,4.85 °,51.5 °,50.6 °,333 °,56.7 °,45.9 °,41.6 °,50.2 °,48.6 °,46.7 °,48.3 °,45.4 °,65.2 °
2026-08-13 19:00:00,333 °,333 °,333 °,35.9 °,99.9 °,19.7 °,50.6 °,53.4 °,46.2 °,55.8 °,60.4 °,54.4 °,57.1 °,58.3 °,54.0 °,51.7 °,52.1 °,50.7 °,52.9 °,46.5 °,4.87 °,54.5 °,59.0 °,333 °,49.4 °,65.8 °,50.7 °,51.1 °,49.2 °,38.7 °,43.1 °,59.5 °,56.0 °
2026-08-13 22:00:00,333 °,333 °,333 °,,,,49.3 °,51.6 °,38.6 °,49.5 °,61.1 °,54.9 °,50.1 °,54.5 °,49.3 °,56.1 °,54.3 °,58.7 °,53.4 °,52.5 °,4.83 °,59.8 °,55.7 °,333 °,38.8 °,69.4 °,55.2 °,50.0 °,46.8 °,42.7 °,45.0 °,58.7 °,56.0 °
2026-08-14 01:00:00,333 °,333 °,333 °,36 °,99.9 °,19.7 °,49.6 °,53.3 °,40.4 °,44.5 °,62.8 °,56.5 °,48.9 °,59.8 °,46.7 °,53.7 °,57.8 °,50.1 °,51.7 °,59.5 °,4.82 °,53.1 °,50.2 °,333 °,50.1 °,65.3 °,50.8 °,49.2 °,51.4 °,45.4 °,45.8 °,63.1 °,54.1 °
2026-08-14 04:00:00,333 °,333 °,333 °,51.0 °,62.8 °,40.7 °,49.6 °,47.7 °,43.9 °,50.4 °,57.9 °,33.2 °,58.5 °,63.8 °,23.6 °,50.2 °,61.3 °,51.9 °,50.4 °,64.9 °,4.80 °,49.4 °,50.3 °,333 °,56.8 °,52.1 °,60.7 °,47.6 °,49.8 °,43.6 °,46.8 °,52.0 °,56.5 °
2026-08-14 07:00:00,333 °,333 °,333 °,51.8 °,59.9 °,50.0 °,49.7 °,45.5 °,43.3 °,59.7 °,56.3 °,40.6 °,53.7 °,59.1 °,44.6 °,62.3 °,56.2 °,55.2 °,52.8 °,52.8 °,4.80 °,53.0 °,43.7 °,333 °,55.2 °,53.9 °,75.7 °,49.7 °,52.8 °,55.7 °,50.7 °,51.6 °,58.3 °
2026-08-14 10:00:00,333 °,333 °,333 °,51.0 °,60.3 °,53.8 °,52.4 °,50.3 °,55.2 °,55.1 °,61.7 °,48.9 °,52.9 °,62.9 °,49.6 °,59.6 °,55.5 °,52.5 °,49.0 °,49.7 °,4.80 °,49.4 °,47.8 °,333 °,54.7 °,55.4 °,73.0 °,52.4 °,48.4 °,46.1 °,51.0 °,48.5 °,54.2 °
2026-08-14 13:00:00,333 °,333 °,333 °,48.6 °,58.6 °,52.0 °,51.2 °,49.1 °,50.8 °,59.0 °,59.4 °,42.6 °,113 °,133 °,38.7 °,56.7 °,55.9 °,50.6 °,52.3 °,50.9 °,4.80 °,55.3 °,51.3 °,333 °,55.9 °,51.2 °,45.3 °,49.3 °,50.8 °,55.7 °,47.2 °,53.5 °,61.0 °
2026-08-14 16:00:00,333 °,333 °,333 °,48.9 °,59.7 °,46.2 °,55.7 °,45.3 °,58.1 °,55.6 °,54.0 °,51.1 °,139 °,149 °,47.7 °,61.5 °,49.8 °,50.7 °,52.9 °,54.1 °,4.80 °,60.8 °,53.3 °,333 °,54.0 °,46.3 °,54.9 °,50.4 °,39.8 °,41.2 °,44.9 °,48.5 °,58.7 °
2026-08-14 19:00:00,333 °,333 °,333 °,51.8 °,52.2 °,45.7 °,,,,56.9 °,60.9 °,51.5 °,50.6 °,59.9 °,56.3 °,56.7 °,48.5 °,62.8 °,52.8 °,30.7 °,4.80 °,58.5 °,63.2 °,333 °,54.3 °,53.4 °,39.6 °,50.2 °,50.0 °,39.9 °,45.3 °,51.1 °,44.3 °
2026-08-14 22:00:00,333 °,333 °,333 °,53.6 °,55.8 °,45.4 °,,,,48.3 °,58.1 °,51.9 °,48.4 °,72.2 °,39.8 °,55.1 °,51.9 °,48.5 °,61.7 °,57.6 °,4.80 °,48.9 °,64.6 °,333 °,40.0 °,68.1 °,48.6 °,59.4 °,43.9 °,39.0 °,43.9 °,54.2 °,45.3 °
2026-08-15 01:00:00,333 °,333 °,333 °,54.7 °,54.5 °,40.2 °,,,,44.7 °,63.5 °,41.3 °,53.1 °,63.6 °,32.5 °,48.8 °,60.8 °,46.7 °,56.1 °,45.4 °,4.80 °,44.9 °,47.3 °,333 °,46.2 °,61.9 °,39.1 °,53.2 °,47.6 °,41.4 °,43.3 °,63.9 °,48.9 °
2026-08-15 04:00:00,333 °,333 °,333 °,53.5 °,54.2 °,47.1 °,54.6 °,16.2 °,89.3 °,53.2 °,62.6 °,49.8 °,54.0 °,55.7 °,46.6 °,51.1 °,51.6 °,46.7 °,54.7 °,51.8 °,4.80 °,43.4 °,55.3 °,333 °,53.5 °,57.0 °,50.4 °,49.7 °,51.4 °,46.0 °,43.7 °,59.4 °,51.6 °
2026-08-15 07:00:00,333 °,333 °,333 °,53.5 °,57.0 °,47.3 °,52.7 °,42.0 °,38.9 °,58.1 °,55.4 °,52.8 °,52.3 °,55.1 °,49.8 °,41.2 °,64.2 °,49.1 °,51.7 °,59.9 °,4.80 °,49.5 °,41.3 °,333 °,49.4 °,63.7 °,64.8 °,48.4 °,64.8 °,51.0 °,46.1 °,63.4 °,46.3 °
2026-08-15 10:00:00,333 °,333 °,333 °,59.1 °,56.2 °,52.8 °,50.0 °,46.1 °,53.7 °,45.0 °,72.9 °,34.0 °,50.9 °,60.3 °,49.3 °,44.6 °,67.8 °,54.2 °,48.3 °,68.6 °,4.80 °,51.0 °,49.1 °,333 °,49.4 °,66.7 °,73.4 °,47.6 °,57.8 °,44.6 °,46.4 °,61.4 °,46.5 °
2026-08-15 13:00:00,333 °,333 °,333 °,51.6 °,68.2 °,47.4 °,56.3 °,49.2 °,53.6 °,52.9 °,58.0 °,57.8 °,57.1 °,62.4 °,42.9 °,49.7 °,74.4 °,42.0 °,58.2 °,60.7 °,4.80 °,50.9 °,50.5 °,333 °,51.6 °,61.6 °,61.5 °,49.1 °,60.0 °,53.0 °,49.8 °,55.6 °,56.3 °
2026-08-15 16:00:00,333 °,333 °,333 °,50.5 °,58.6 °,43.3 °,59.7 °,55.6 °,69.4 °,53.1 °,52.7 °,47.8 °,54.8 °,54.1 °,47.0 °,57.9 °,62.8 °,51.2 °,51.9 °,56.9 °,4.80 °,46.7 °,50.7 °,333 °,,,,48.1 °,60.0 °,48.5 °,52.6 °,56.8 °,54.3 °
2026-08-15 19:00:00,333 °,333 °,333 °,56.0 °,60.4 °,59.7 °,58.8 °,42.4 °,54.7 °,51.4 °,56.6 °,52.9 °,53.9 °,62.0 °,49.0 °,53.5 °,54.1 °,56.4 °,60.7 °,53.2 °,4.80 °,53.7 °,49.2 °,333 °,,,,47.5 °,46.5 °,48.7 °,51.2 °,42.1 °,52.2 °
2026-08-15 22:00:00,333 °,333 °,333 °,49.0 °,63.5 °,57.0 °,55.3 °,44.9 °,48.4 °,57.4 °,57.7 °,48.4 °,51.6 °,64.5 °,44.2 °,53.2 °,57.5 °,60.1 °,51.5 °,55.8 °,4.79 °,48.3 °,49.9 °,333 °,40.4 °,99.4 °,9.42 °,48.5 °,47.9 °,51.5 °,54.3 °,43.0 °,62.4 °
2026-08-16 01:00:00,333 °,333 °,333 °,60.6 °,57.3 °,48.2 °,54.7 °,46.4 °,55.4 °,50.9 °,61.7 °,47.1 °,37.5 °,91.5 °,27.4 °,51.0 °,53.6 °,63.0 °,53.8 °,51.3 °,4.80 °,52.2 °,50.1 °,333 °,,,,54.4 °,44.3 °,47.0 °,52.1 °,69.1 °,45.6 °
2026-08-16 04:00:00,333 °,333 °,333 °,61.4 °,51.8 °,44.7 °,55.9 °,47.8 °,50.3 °,52.5 °,56.4 °,58.6 °,51.0 °,56.1 °,47.3 °,57.5 °,51.1 °,53.2 °,55.4 °,51.8 °,4.80 °,53.3 °,46.2 °,333 °,48.5 °,47.5 °,57.1 °,58.4 °,53.8 °,47.0 °,46.9 °,63.1 °,54.5 °
2026-08-16 07:00:00,333 °,333 °,333 °,59.6 °,47.2 °,56.2 °,51.5 °,49.0 °,55.1 °,58.2 °,64.5 °,55.4 °,50.8 °,57.3 °,42.4 °,54.9 °,67.6 °,47.7 °,49.8 °,55.8 °,4.80 °,57.8 °,41.0 °,333 °,46.9 °,58.9 °,63.1 °,55.8 °,62.7 °,51.6 °,46.5 °,60.1 °,46.1 °
2026-08-16 10:00:00,333 °,333 °,333 °,59.4 °,62.1 °,49.7 °,50.1 °,53.3 °,51.9 °,54.3 °,62.4 °,47.2 °,51.5 °,60.5 °,47.5 °,49.6 °,67.8 °,47.4 °,47.9 °,56.1 °,4.80 °,49.7 °,45.3 °,333 °,47.6 °,56.6 °,49.6 °,53.4 °,60.8 °,53.4 °,43.3 °,62.1 °,47.3 °
2026-08-16 13:00:00,333 °,333 °,333 °,55.7 °,61.1 °,47.3 °,52.6 °,46.7 °,60.1 °,53.5 °,61.4 °,43.9 °,47.5 °,62.2 °,53.7 °,53.4 °,68.6 °,42.6 °,,,,57.7 °,46.7 °,333 °,50.9 °,56.1 °,48.1 °,54.1 °,48.2 °,51.7 °,47.9 °,56.3 °,58.1 °
2026-08-16 16:00:00,333 °,333 °,333 °,55.3 °,49.8 °,259 °,54.0 °,51.4 °,55.2 °,55.9 °,45.1 °,49.4 °,51.1 °,57.1 °,47.1 °,58.3 °,57.7 °,51.5 °,,,,52.2 °,48.3 °,333 °,47.5 °,65.2 °,36.5 °,55.7 °,46.8 °,51.9 °,48.7 °,57.8 °,54.8 °
2026-08-16 19:00:00,333 °,333 °,333 °,50.0 °,61.2 °,333 °,57.1 °,54.6 °,54.8 °,55.8 °,54.0 °,54.0 °,52.2 °,62.3 °,52.1 °,63.5 °,58.8 °,54.2 °,,,,49.2 °,44.8 °,333 °,52.1 °,40.6 °,78.2 °,56.9 °,39.9 °,63.1 °,42.3 °,59.7 °,58.8 °
2026-08-16 22:00:00,333 °,333 °,333 °,49.7 °,63.3 °,333 °,58.6 °,63.0 °,53.5 °,55.6 °,62.2 °,52.5 °,50.6 °,62.0 °,53.4 °,58.7 °,51.9 °,44.4 °,,,,61.9 °,51.1 °,333 °,58.3 °,52.1 °,52.1 °,55.7 °,50.3 °,35.2 °,49.0 °,53.4 °,49.3 °
2026-08-17 01:00:00,333 °,333 °,333 °,46.1 °,63.6 °,319 °,56.5 °,49.2 °,55.7 °,54.0 °,53.6 °,44.9 °,39.4 °,55.5 °,17.8 °,61.0 °,57.8 °,53.2 °,,,,64.8 °,38.0 °,333 °,50.0 °,61.7 °,74.3 °,52.7 °,48.5 °,52.3 °,44.3 °,60.2 °,53.6 °
2026-08-17 04:00:00,333 °,333 °,333 °,53.7 °,52.1 °,54.5 °,53.5 °,49.6 °,60.4 °,53.0 °,57.1 °,44.7 °,49.1 °,40.0 °,41.8 °,54.2 °,59.9 °,51.3 °,,,,,,,37.8 °,90.6 °,0.0425 °,45.2 °,54.5 °,43.5 °,42.8 °,62.1 °,53.0 °
2026-08-17 07:00:00,333 °,333 °,333 °,54.4 °,56.3 °,57.4 °,47.5 °,55.5 °,61.9 °,50.6 °,60.1 °,53.3 °,52.8 °,58.5 °,52.2 °,57.5 °,60.8 °,59.4 °,,,,34.1 °,99.9 °,333 °,53.5 °,69.3 °,54.8 °,41.2 °,67.9 °,44.8 °,41.9 °,60.3 °,41.2 °
2026-08-17 10:00:00,333 °,333 °,333 °,50.8 °,71.8 °,29.9 °,44.1 °,56.7 °,48.9 °,50.8 °,62.2 °,57.1 °,50.2 °,58.1 °,53.6 °,57.2 °,69.1 °,48.6 °,53.2 °,54.3 °,4.80 °,,,,57.6 °,54.8 °,64.4 °,41.2 °,70.5 °,48.6 °,44.8 °,60.0 °,49.5 °
2026-08-17 13:00:00,333 °,333 °,333 °,44.9 °,83.9 °,23.7 °,47.4 °,50.1 °,63.8 °,51.7 °,66.1 °,9.06 °,47.3 °,62.5 °,43.5 °,45.2 °,69.9 °,54.8 °,51.0 °,55.4 °,4.80 °,,,,53.7 °,56.8 °,44.9 °,46.6 °,70.5 °,43.2 °,46.6 °,53.3 °,50.8 °
2026-08-17 16:00:00,333 °,333 °,333 °,53.8 °,65.6 °,44.4 °,56.8 °,47.5 °,58.7 °,,,,55.9 °,56.0 °,49.1 °,53.8 °,62.6 °,52.4 °,57.8 °,51.8 °,4.80 °,,,,54.9 °,59.0 °,65.9 °,52.4 °,57.3 °,45.6 °,48.3 °,58.2 °,59.4 °
2026-08-17 19:00:00,333 °,333 °,333 °,53.9 °,65.2 °,52.5 °,59.2 °,59.0 °,61.2 °,,,,59.5 °,53.6 °,46.0 °,54.7 °,65.0 °,51.4 °,56.2 °,58.1 °,4.81 °,,,,54.3 °,45.3 °,79.7 °,55.8 °,54.2 °,50.4 °,,,
2026-08-17 22:00:00,333 °,333 °,333 °,65.0 °,51.2 °,44.9 °,58.4 °,51.6 °,66.6 °,36.4 °,97.4 °,17 °,50.6 °,65.2 °,47.0 °,60.0 °,57.7 °,50.3 °,55.0 °,56.0 °,4.81 °,,,,53.3 °,51.1 °,72.9 °,52.7 °,48.3 °,37.5 °,,,
2026-08-18 01:00:00,333 °,333 °,333 °,56.5 °,68.2 °,43.5 °,56.6 °,48.0 °,61.4 °,,,,53.5 °,46.9 °,56.1 °,65.0 °,52.7 °,54.6 °,50.8 °,64.1 °,4.81 °,38.6 °,19.1 °,333 °,,,,52.7 °,66.9 °,53.1 °,47.6 °,51.2 °,60.1 °
2026-08-18 04:00:00,333 °,333 °,333 °,54.2 °,59.5 °,50.1 °,54.8 °,49.5 °,67.4 °,,,,53.0 °,59.0 °,45.0 °,60.8 °,55.8 °,44.6 °,51.0 °,56.1 °,5.02 °,54.6 °,48.5 °,333 °,57.7 °,56.3 °,44.4 °,50.8 °,57.4 °,48.3 °,44.4 °,44.8 °,50.2 °
2026-08-18 07:00:00,333 °,333 °,333 °,56.5 °,61.2 °,48.4 °,55.0 °,48.4 °,71.6 °,,,,55.3 °,53.7 °,56.2 °,57.0 °,59.0 °,44.7 °,51.6 °,56.1 °,5.07 °,59.9 °,52.5 °,333 °,49.8 °,82.0 °,25.9 °,52.6 °,50.7 °,45.0 °,40.6 °,49.9 °,66.4 °
2026-08-18 10:00:00,333 °,333 °,333 °,53.1 °,53.2 °,46.8 °,50.6 °,46.3 °,74.4 °,,,,44.1 °,57.9 °,47.9 °,56.7 °,59.0 °,43.0 °,47.5 °,71.7 °,5.03 °,49.7 °,59.5 °,333 °,56.5 °,44.9 °,51.1 °,55.7 °,47.3 °,55.5 °,40.3 °,49.3 °,55.6 °
2026-08-18 13:00:00,333 °,333 °,333 °,56.1 °,59.5 °,56.8 °,48.7 °,50.3 °,67.8 °,,,,49.0 °,60.1 °,48.8 °,53.3 °,61.4 °,52.8 °,57.5 °,52.2 °,4.88 °,50.8 °,50.6 °,333 °,57.0 °,46.3 °,50.8 °,63.5 °,45.1 °,73.5 °,41.7 °,54.3 °,58.3 °
2026-08-18 16:00:00,333 °,333 °,333 °,54.4 °,63.9 °,45.8 °,48.1 °,53.9 °,60.7 °,46.3 °,48.3 °,24.9 °,46.5 °,60.1 °,50.6 °,56.6 °,56.1 °,47.2 °,50.3 °,56.6 °,4.78 °,52.3 °,50.8 °,333 °,49.1 °,52.3 °,45.5 °,57.2 °,51.5 °,59.1 °,41.4 °,52.9 °,57.8 °
2026-08-18 19:00:00,333 °,333 °,333 °,56.4 °,58.4 °,39.6 °,50.5 °,57.4 °,59.0 °,54.6 °,57.5 °,52.3 °,51.6 °,58.0 °,51.2 °,52.1 °,59.1 °,49.0 °,51.7 °,60.4 °,4.80 °,54.6 °,50.3 °,333 °,43.6 °,55.3 °,44.6 °,57.5 °,59.9 °,65.6 °,46.2 °,63.7 °,47.4 °
2026-08-18 22:00:00,333 °,333 °,333 °,56.6 °,58.5 °,43.5 °,53.5 °,54.1 °,65.4 °,55.5 °,62.3 °,55.6 °,50.3 °,52.6 °,46.4 °,49.4 °,64.5 °,53.1 °,50.8 °,61.9 °,4.80 °,56.3 °,52.8 °,333 °,50.2 °,58.9 °,53.1 °,43.8 °,67.2 °,40.5 °,49.3 °,61.7 °,50.0 °
2026-08-19 01:00:00,333 °,333 °,333 °,55.4 °,59.6 °,45.4 °,54.3 °,56.3 °,67.9 °,53.8 °,61.4 °,54.1 °,49.2 °,65.2 °,38.1 °,49.4 °,57.1 °,56.4 °,50.4 °,55.0 °,4.80 °,53.5 °,53.0 °,333 °,74.7 °,36.1 °,28.5 °,48.2 °,67.2 °,47.7 °,44.3 °,65.4 °,48.2 °
2026-08-19 04:00:00,333 °,333 °,333 °,54.6 °,56.0 °,48.2 °,48.6 °,52.0 °,61.6 °,60.9 °,54.5 °,73.7 °,47.6 °,61.5 °,51.4 °,52.4 °,50.9 °,54.3 °,55.4 °,57.8 °,4.78 °,53.3 °,53.0 °,333 °,,,,56.5 °,60.5 °,55.9 °,41.2 °,61.5 °,44.4 °
2026-08-19 07:00:00,333 °,333 °,333 °,53.2 °,59.8 °,48.4 °,50.1 °,53.3 °,64.5 °,64.6 °,53.6 °,71.1 °,37.2 °,242 °,40.1 °,52.5 °,52.2 °,52.1 °,57.0 °,54.2 °,4.80 °,51.6 °,58.3 °,333 °,,,,62.6 °,48.0 °,40.1 °,41.2 °,60.2 °,58.9 °
2026-08-19 10:00:00,333 °,333 °,333 °,53.4 °,58.6 °,53.0 °,53.6 °,49.7 °,60.4 °,56.9 °,61.1 °,64.2 °,41.5 °,333 °,45.6 °,65.1 °,52.2 °,45.6 °,58.1 °,54.4 °,4.78 °,50.6 °,59.0 °,333 °,,,,58.6 °,48.6 °,47.2 °,42.9 °,52.0 °,53.0 °
2026-08-19 13:00:00,333 °,333 °,333 °,54.3 °,56.3 °,50.3 °,52.8 °,56.1 °,56.1 °,59.5 °,51.1 °,64.8 °,51.5 °,333 °,47.5 °,80.2 °,21.4 °,6.00 °,55.7 °,55.5 °,4.66 °,55.0 °,61.0 °,333 °,54.5 °,57.6 °,3.49 °,57.0 °,46.4 °,44.8 °,42.5 °,53.2 °,49.6 °
2026-08-19 16:00:00,333 °,333 °,333 °,50.0 °,51.3 °,47.8 °,48.1 °,65.2 °,45.6 °,51.5 °,50.0 °,57.8 °,55.4 °,333 °,53.0 °,,,,60.5 °,56.8 °,4.73 °,50.0 °,58.3 °,333 °,50.3 °,66.1 °,24.5 °,57.6 °,57.5 °,58.3 °,43.0 °,56.8 °,58.2 °
2026-08-19 19:00:00,333 °,333 °,333 °,54.4 °,56.5 °,47.4 °,55.7 °,60.0 °,52.9 °,66.4 °,58.9 °,82.8 °,52.2 °,333 °,56.8 °,,,,55.3 °,62.1 °,4.69 °,52.7 °,50.7 °,333 °,61.9 °,45.6 °,40.2 °,54.9 °,72.0 °,45.3 °,41.4 °,66.5 °,53.2 °
2026-08-19 22:00:00,333 °,333 °,333 °,57.1 °,53.3 °,49.7 °,54.6 °,64.2 °,57.5 °,53.6 °,65.3 °,66.7 °,50.7 °,333 °,45.9 °,,,,47.4 °,64.9 °,4.71 °,50.2 °,49.5 °,333 °,57.1 °,51.8 °,58.0 °,54.8 °,75.5 °,40.6 °,40.3 °,68.8 °,49.9 °
2026-08-20 01:00:00,333 °,333 °,333 °,46.1 °,79.0 °,26.8 °,49.7 °,59.9 °,62.1 °,41.1 °,63.4 °,43.7 °,47.2 °,190 °,36.7 °,57.2 °,62.3 °,31.2 °,52.1 °,55.7 °,4.67 °,50.7 °,55.1 °,333 °,54.5 °,59.7 °,45.1 °,60.5 °,69.6 °,36.3 °,46.0 °,62.9 °,40.8 °
2026-08-20 04:00:00,333 °,333 °,333 °,48.3 °,63.5 °,41.0 °,49.1 °,52.6 °,55.3 °,49.1 °,47.8 °,53.4 °,48.0 °,333 °,51.2 °,59.0 °,52.7 °,48.0 °,50.5 °,50.8 °,4.73 °,53.6 °,54.6 °,333 °,46.0 °,58.1 °,43.8 °,48.5 °,63.5 °,45.8 °,45.1 °,58.3 °,52.5 °
2026-08-20 07:00:00,333 °,333 °,333 °,53.2 °,51.4 °,39.1 °,48.0 °,49.9 °,52.7 °,57.4 °,49.8 °,82.5 °,43.6 °,333 °,48.0 °,55.0 °,49.5 °,60.6 °,41.1 °,82.7 °,4.76 °,60.9 °,53.1 °,333 °,49.5 °,62.3 °,54.0 °,49.4 °,46.4 °,45.4 °,49.5 °,45.0 °,59.6 °
2026-08-20 10:00:00,333 °,333 °,333 °,54.1 °,54.5 °,46.4 °,51.1 °,43.7 °,55.9 °,50.4 °,51.2 °,58.2 °,47.7 °,318 °,48.0 °,60.8 °,47.2 °,55.2 °,49.2 °,74.6 °,4.78 °,52.2 °,56.7 °,333 °,48.8 °,52.7 °,50.7 °,51.7 °,47.1 °,46.0 °,50.0 °,56.3 °,56.5 °
2026-08-20 13:00:00,333 °,333 °,333 °,53.7 °,54.2 °,37.8 °,47.8 °,39.7 °,54.7 °,52.5 °,54.3 °,59.1 °,45.2 °,319 °,52.0 °,54.8 °,55.5 °,51.4 °,55.1 °,53.9 °,4.80 °,51.0 °,50.5 °,333 °,54.5 °,58.1 °,44.5 °,49.7 °,48.4 °,43.0 °,51.4 °,46.9 °,57.7 °
2026-08-20 16:00:00,333 °,333 °,333 °,51.8 °,57.7 °,29.1 °,50.2 °,50.3 °,62.0 °,58.8 °,60.9 °,57.7 °,43.9 °,333 °,47.3 °,55.2 °,57.6 °,46.5 °,50.6 °,49.9 °,4.80 °,47.5 °,52.4 °,333 °,50.9 °,64.8 °,43.3 °,48.8 °,48.0 °,49.9 °,49.8 °,43.6 °,62.3 °
2026-08-20 19:00:00,,,,56.7 °,68.5 °,51.2 °,48.9 °,49.8 °,55.0 °,61.5 °,53.4 °,80.9 °,44.8 °,333 °,49.7 °,68.3 °,51.0 °,43.8 °,49.6 °,54.9 °,4.66 °,50.3 °,60.4 °,333 °,49.6 °,61.0 °,34.8 °,47.8 °,51.6 °,46.3 °,53.2 °,60.3 °,62.8 °
2026-08-20 22:00:00,321 °,324 °,333 °,53.8 °,59.4 °,38.2 °,52.2 °,51.0 °,54.1 °,61.8 °,49.5 °,74.9 °,46.2 °,325 °,52.4 °,61.6 °,51.5 °,60.1 °,48.3 °,53.2 °,4.62 °,49.9 °,59.0 °,333 °,48.8 °,59.0 °,34.4 °,45.9 °,51.8 °,46.7 °,53.4 °,60.4 °,60.1 °
2026-08-21 01:00:00,,,,48.1 °,56.5 °,34.6 °,55.6 °,58.9 °,60.3 °,47.6 °,50.7 °,52.6 °,43.3 °,301 °,43.1 °,63.1 °,44.2 °,43.6 °,49.6 °,45.1 °,4.79 °,50.7 °,52.2 °,333 °,54.3 °,56.5 °,38.2 °,54.8 °,55.2 °,50.3 °,51.5 °,54.4 °,56.5 °
2026-08-21 04:00:00,,,,51.0 °,54.8 °,44.4 °,50.2 °,53.9 °,53.3 °,54.6 °,51.8 °,52.5 °,48.9 °,333 °,62.0 °,56.8 °,50.6 °,55.0 °,46.7 °,54.1 °,4.80 °,43.7 °,64.8 °,333 °,53.1 °,56.3 °,39.2 °,56.8 °,48.2 °,51.2 °,53.9 °,38.8 °,64.2 °
2026-08-21 07:00:00,,,,57.0 °,57.2 °,44.5 °,49.5 °,53.8 °,56.8 °,56.2 °,54.0 °,60.8 °,38.5 °,333 °,57.0 °,55.1 °,51.6 °,56.8 °,49.4 °,57.4 °,4.80 °,51.5 °,53.9 °,333 °,55.5 °,54.8 °,48.5 °,53.7 °,27.4 °,36.4 °,51.5 °,49.2 °,59.5 °
2026-08-21 10:00:00,,,,56.7 °,50.3 °,43.6 °,50.9 °,58.1 °,57.6 °,56.1 °,53.7 °,67.5 °,43.0 °,333 °,60.2 °,54.5 °,51.1 °,57.9 °,50.7 °,55.2 °,4.80 °,57.4 °,48.1 °,333 °,57.0 °,56.0 °,37.5 °,52.9 °,49.6 °,45.1 °,50.3 °,55.3 °,62.4 °
2026-08-21 13:00:00,36.6 °,88.2 °,333 °,54.2 °,52.2 °,45.5 °,51.5 °,57.4 °,60.4 °,52.4 °,60.1 °,56.5 °,52.6 °,333 °,55.5 °,66.8 °,48.3 °,62.4 °,60.1 °,53.7 °,4.80 °,53.7 °,53.9 °,333 °,50.4 °,64.9 °,38.6 °,50.0 °,48.4 °,53.3 °,54.8 °,50.1 °,59.0 °
2026-08-21 16:00:00,,,,57.2 °,53.8 °,51.5 °,50.2 °,50.3 °,58.4 °,53.2 °,56.0 °,50.9 °,53.7 °,333 °,51.5 °,62.1 °,49.9 °,55.9 °,55.2 °,34.0 °,4.80 °,53.6 °,56.3 °,333 °,47.6 °,60.7 °,37.1 °,51.1 °,51.6 °,47.6 °,47.9 °,48.7 °,57.6 °
2026-08-21 19:00:00,,,,52.8 °,60.6 °,51.0 °,55.4 °,57.2 °,56.9 °,59.1 °,40.6 °,63.8 °,56.0 °,333 °,50.3 °,63.8 °,53.0 °,34.0 °,49.1 °,53.8 °,4.80 °,54.2 °,53.4 °,333 °,48.9 °,64.5 °,46.3 °,49.5 °,51.6 °,45.8 °,50.8 °,48.1 °,57.0 °
2026-08-21 22:00:00,48.9 °,53.6 °,333 °,53.8 °,61.0 °,52.9 °,48.3 °,58.9 °,49.2 °,54.3 °,57.9 °,41.8 °,52.1 °,306 °,48.1 °,49.6 °,66.3 °,43.3 °,51.7 °,56.2 °,4.80 °,52.2 °,54.3 °,333 °,55.9 °,59.0 °,49.4 °,62.7 °,52.0 °,49.4 °,47.3 °,58.9 °,60.1 °
2026-08-22 01:00:00,59.4 °,47.5 °,333 °,54.0 °,60.9 °,53.6 °,61.1 °,47.9 °,59.2 °,50.6 °,33.9 °,54.5 °,53.0 °,324 °,47.8 °,49.8 °,66.1 °,44.1 °,56.3 °,62.5 °,4.80 °,52.4 °,61.8 °,333 °,50.4 °,56.5 °,42.9 °,54.8 °,58.5 °,35.4 °,47.5 °,63.8 °,56.2 °
2026-08-22 04:00:00,53.0 °,55.3 °,333 °,52.9 °,59.1 °,50.9 °,51.3 °,54.1 °,57.5 °,48.8 °,44.7 °,36.9 °,51.6 °,333 °,47.3 °,50.7 °,50.1 °,42.7 °,53.6 °,54.0 °,4.75 °,49.1 °,57.5 °,333 °,53.3 °,59.6 °,47.7 °,55.2 °,49.3 °,50.7 °,46.2 °,57.5 °,51.9 °
2026-08-22 07:00:00,45.5 °,62.9 °,333 °,51.2 °,58.3 °,61.9 °,53.5 °,47.7 °,61.0 °,52.1 °,45.4 °,82.0 °,53.9 °,333 °,55.2 °,63.3 °,55.7 °,50.7 °,56.8 °,55.0 °,4.80 °,59.5 °,57.8 °,333 °,51.6 °,49.1 °,57.0 °,48.0 °,54.3 °,53.4 °,45.2 °,57.0 °,56.5 °
2026-08-22 10:00:00,50.5 °,63.4 °,333 °,50.4 °,61.0 °,55.7 °,53.6 °,47.5 °,61.9 °,52.0 °,59.6 °,64.2 °,47.6 °,333 °,53.0 °,45.3 °,56.1 °,38.9 °,54.7 °,55.7 °,4.98 °,51.0 °,53.8 °,333 °,49.7 °,47.0 °,46.9 °,52.2 °,56.8 °,50.8 °,43.7 °,51.7 °,47.5 °
2026-08-22 13:00:00,45.9 °,53.6 °,333 °,50.8 °,44.9 °,53.1 °,58.4 °,48.0 °,63.6 °,55.0 °,52.5 °,49.6 °,44.0 °,333 °,41.7 °,57.6 °,47.0 °,70.2 °,56.1 °,56.5 °,4.80 °,53.2 °,54.3 °,333 °,49.5 °,52.2 °,49.2 °,55.6 °,50.9 °,51.0 °,43.2 °,61.0 °,55.5 °
2026-08-22 16:00:00,45.9 °,58.9 °,333 °,51.8 °,50.1 °,49.2 °,55.5 °,53.7 °,64.0 °,52.6 °,57.3 °,45.8 °,47.6 °,333 °,50.9 °,55.1 °,49.5 °,51.2 °,55.5 °,50.8 °,4.95 °,51.7 °,57.9 °,333 °,52.2 °,63.2 °,48.1 °,52.1 °,48.6 °,44.0 °,43.2 °,60.7 °,54.7 °
2026-08-22 19:00:00,52.9 °,57.9 °,333 °,57.8 °,49.3 °,44.3 °,57.8 °,53.9 °,61.4 °,50.4 °,55.7 °,53.4 °,52.4 °,333 °,54.5 °,60.6 °,47.5 °,48.3 °,56.3 °,49.5 °,4.80 °,53.7 °,56.5 °,333 °,52.8 °,60.5 °,50.3 °,55.9 °,50.4 °,44.9 °,43.6 °,63.6 °,54.9 °
2026-08-22 22:00:00,55.1 °,54.3 °,333 °,59.1 °,53.0 °,46.3 °,51.9 °,51.9 °,54.8 °,45.6 °,51.5 °,48.4 °,50.1 °,333 °,45.6 °,51.7 °,54.2 °,60.8 °,62.8 °,51.0 °,4.80 °,50.6 °,62.4 °,333 °,58.3 °,59.7 °,52.7 °,52.8 °,52.8 °,40.3 °,43.1 °,68.0 °,54.9 °
2026-08-23 01:00:00,57.7 °,47.5 °,333 °,61.2 °,54.7 °,46.1 °,40.3 °,79.5 °,28.3 °,44.4 °,56.4 °,47.3 °,44.9 °,312 °,49.1 °,55.0 °,55.3 °,64.3 °,58.3 °,53.6 °,4.80 °,51.0 °,52.4 °,333 °,55.4 °,53.6 °,54.8 °,53.4 °,52.9 °,45.0 °,45.2 °,69.0 °,51.0 °
2026-08-23 04:00:00,57.4 °,53.3 °,333 °,56.5 °,59.3 °,40.9 °,51.5 °,49.2 °,49.4 °,51.7 °,61.3 °,44.4 °,54.2 °,333 °,43.6 °,53.2 °,50.2 °,56.7 °,61.3 °,44.5 °,4.80 °,55.6 °,48.1 °,333 °,57.7 °,56.0 °,52.4 °,55.4 °,54.0 °,47.7 °,48.8 °,53.0 °,51.6 °
2026-08-23 07:00:00,54.4 °,61.1 °,333 °,55.3 °,68.0 °,46.0 °,49.4 °,50.5 °,56.9 °,52.5 °,56.2 °,58.8 °,52.3 °,333 °,51.5 °,51.2 °,56.7 °,53.2 °,61.5 °,56.0 °,4.80 °,55.9 °,47.7 °,333 °,58.2 °,52.4 °,50.3 °,51.3 °,56.7 °,46.5 °,45.5 °,59.6 °,53.9 °
2026-08-23 10:00:00,58.6 °,56.0 °,333 °,51.4 °,64.4 °,46.1 °,50.3 °,49.7 °,56.7 °,51.9 °,57.4 °,57.2 °,151 °,333 °,33.7 °,57.8 °,53.9 °,56.6 °,56.5 °,53.8 °,4.80 °,54.1 °,48.9 °,333 °,53.2 °,49.6 °,42.9 °,46.3 °,58.4 °,46.9 °,44.3 °,60.4 °,56.1 °
2026-08-23 13:00:00,53.7 °,46.6 °,333 °,62.5 °,51.8 °,59.9 °,53.4 °,32.5 °,71.7 °,55.5 °,61.6 °,55.8 °,333 °,333 °,42.1 °,59.8 °,57.1 °,51.4 °,48.0 °,58.1 °,4.74 °,51.0 °,41.8 °,333 °,58.0 °,50.1 °,40.7 °,49.3 °,45.4 °,30.8 °,38.3 °,66.0 °,72.8 °
2026-08-23 16:00:00,55.5 °,44.0 °,333 °,52.0 °,43.1 °,55.3 °,55.6 °,37.0 °,82.2 °,54.2 °,56.8 °,57.4 °,234 °,255 °,46.2 °,55.3 °,60.5 °,52.5 °,46.2 °,66.4 °,4.79 °,59.7 °,56.4 °,333 °,58.1 °,62.5 °,42.1 °,44.8 °,37.1 °,17.9 °,43.8 °,53.5 °,42.8 °
2026-08-23 19:00:00,53.3 °,58.2 °,333 °,52.2 °,53.4 °,61.7 °,56.3 °,39.9 °,89.7 °,51.8 °,33.4 °,71.4 °,38.4 °,333 °,7.68 °,66.0 °,48.2 °,81.1 °,55.5 °,35.3 °,4.79 °,57.0 °,59.6 °,333 °,53.3 °,44.1 °,2.23 °,58.8 °,39.1 °,54.0 °,34.5 °,99.9 °,0.544 °
2026-08-23 22:00:00,55.9 °,53.2 °,333 °,53.5 °,60.8 °,55.2 °,45.6 °,61.1 °,38.6 °,51.9 °,37.6 °,54.5 °,47.7 °,323 °,43.2 °,58.7 °,51.6 °,58.7 °,53.1 °,48.9 °,4.80 °,54.5 °,58.9 °,333 °,46.9 °,41.9 °,0.000616 °,55.3 °,55.9 °,42.5 °,40.3 °,72.9 °,35.9 °
2026-08-24 01:00:00,54.2 °,55.6 °,333 °,49.0 °,58.3 °,41.4 °,54.4 °,45.6 °,59.1 °,54.6 °,46.6 °,61.6 °,46.2 °,63.9 °,51.0 °,54.5 °,66.2 °,45.9 °,50.1 °,54.6 °,4.80 °,49.6 °,53.1 °,333 °,53.1 °,48.7 °,209 °,55.3 °,62.9 °,38.3 °,40.6 °,61.8 °,54.6 °
2026-08-24 04:00:00,49.6 °,51.1 °,333 °,54.3 °,55.4 °,44.7 °,58.6 °,53.5 °,64.2 °,49.9 °,52.7 °,52.4 °,48.5 °,298 °,54.1 °,49.1 °,66.5 °,52.6 °,48.9 °,54.5 °,4.80 °,46.7 °,54.0 °,333 °,54.6 °,49.6 °,319 °,56.0 °,50.0 °,52.5 °,42.5 °,59.2 °,53.7 °
2026-08-24 07:00:00,44.7 °,61.9 °,333 °,56.0 °,63.3 °,55.0 °,57.0 °,44.3 °,71.3 °,50.7 °,58.2 °,43.9 °,48.7 °,333 °,46.7 °,57.3 °,57.4 °,56.6 °,45.9 °,61.7 °,4.80 °,55.7 °,58.4 °,333 °,56.1 °,51.8 °,333 °,53.7 °,32.1 °,44.6 °,39.8 °,61.7 °,54.8 °
2026-08-24 10:00:00,49.9 °,46.3 °,333 °,42.1 °,70.2 °,58.7 °,56.0 °,45.6 °,63.6 °,56.6 °,61.4 °,48.1 °,50.7 °,329 °,51.6 °,52.9 °,58.1 °,42.8 °,51.1 °,54.1 °,4.80 °,54.8 °,52.9 °,333 °,57.4 °,48.5 °,333 °,,,,40.1 °,55.4 °,48.2 °
2026-08-24 13:00:00,47.0 °,58.7 °,333 °,49.8 °,57.4 °,55.5 °,53.3 °,53.7 °,59.2 °,53.6 °,62.2 °,51.6 °,47.0 °,331 °,44.3 °,59.7 °,55.4 °,65.3 °,43.5 °,59.2 °,4.81 °,52.3 °,62.6 °,333 °,54.6 °,63.2 °,323 °,,,,42.0 °,57.1 °,55.9 °
2026-08-24 16:00:00,51.2 °,59.6 °,333 °,57.9 °,55.4 °,43.0 °,50.8 °,49.7 °,56.2 °,61.3 °,46.5 °,50.2 °,50.3 °,333 °,50.8 °,60.3 °,49.4 °,70.0 °,51.5 °,52.8 °,4.81 °,53.1 °,55.2 °,333 °,54.7 °,46.5 °,45.2 °,56.4 °,53.9 °,45.2 °,41.1 °,56.9 °,51.4 °
2026-08-24 19:00:00,58.9 °,57.9 °,333 °,61.0 °,49.8 °,37.0 °,52.0 °,54.6 °,59.2 °,49.4 °,54.7 °,53.1 °,50.3 °,333 °,46.9 °,60.3 °,52.7 °,83.2 °,60.9 °,38.6 °,4.82 °,56.9 °,55.5 °,333 °,46.9 °,52.8 °,52.4 °,51.1 °,54.0 °,46.6 °,41.5 °,63.5 °,53.4 °
2026-08-24 22:00:00,57.3 °,54.1 °,333 °,55.1 °,57.1 °,47.0 °,50.8 °,49.7 °,44.9 °,47.7 °,55.5 °,50.5 °,54.9 °,327 °,41.0 °,59.5 °,49.5 °,60.3 °,54.4 °,53.1 °,4.82 °,51.3 °,58.8 °,333 °,46.2 °,49.5 °,54.9 °,46.7 °,50.9 °,44.4 °,43.9 °,62.6 °,52.1 °
2026-08-25 01:00:00,57.6 °,59.2 °,333 °,56.1 °,56.8 °,40.6 °,53.9 °,49.3 °,42.1 °,57.5 °,46.3 °,51.7 °,46.1 °,330 °,42.7 °,62.9 °,51.8 °,73.8 °,49.4 °,29.3 °,4.83 °,50.2 °,51.8 °,333 °,48.2 °,52.4 °,54.3 °,51.0 °,50.6 °,47.5 °,51.8 °,63.2 °,46.0 °
2026-08-25 04:00:00,53.0 °,63.7 °,333 °,55.5 °,55.1 °,49.5 °,54.5 °,50.3 °,56.7 °,51.0 °,50.6 °,57.9 °,45.0 °,333 °,40.7 °,62.8 °,46.4 °,73.1 °,91.1 °,0 °,4.80 °,49.6 °,50.2 °,333 °,48.0 °,49.4 °,55.7 °,50.5 °,51.6 °,51.8 °,42.0 °,58.8 °,51.3 °
2026-08-25 07:00:00,53.1 °,72.2 °,333 °,60.9 °,50.5 °,48.1 °,61.0 °,55.6 °,61.6 °,48.5 °,55.5 °,44.7 °,45.5 °,333 °,41.6 °,69.4 °,46.6 °,88.4 °,,,,46.6 °,54.1 °,333 °,42.0 °,62.9 °,45.9 °,45.3 °,64.0 °,54.9 °,41.9 °,60.6 °,47.1 °
2026-08-25 10:00:00,51.8 °,74.0 °,333 °,60.4 °,57.5 °,53.7 °,45.7 °,32.1 °,48.4 °,46.6 °,60.9 °,44.8 °,45.0 °,333 °,53.8 °,64.5 °,60.5 °,74.0 °,56.8 °,66.1 °,4.81 °,47.9 °,52.1 °,333 °,40.8 °,62.5 °,52.2 °,50.6 °,62.6 °,60.3 °,43.0 °,60.7 °,44.1 °
2026-08-25 13:00:00,55.0 °,68.6 °,333 °,59.6 °,57.7 °,51.2 °,,,,60.5 °,56.2 °,72.2 °,46.5 °,333 °,57.1 °,64.5 °,121 °,68.4 °,,,,49.1 °,45.1 °,333 °,41.6 °,75.7 °,47.4 °,48.0 °,61.8 °,49.5 °,47.6 °,60.4 °,53.4 °
2026-08-25 16:00:00,56.3 °,66.3 °,333 °,56.5 °,59.5 °,56.5 °,55.8 °,54.6 °,63.3 °,52.2 °,51.1 °,54.6 °,53.9 °,333 °,53.9 °,61.4 °,333 °,54.8 °,,,,50.3 °,44.8 °,333 °,49.5 °,56.1 °,47.0 °,48.6 °,58.0 °,42.9 °,51.2 °,57.7 °,56.4 °
2026-08-25 19:00:00,47.3 °,58.5 °,333 °,54.5 °,68.1 °,53.3 °,53.4 °,51.0 °,60.1 °,55.0 °,52.3 °,60.1 °,52.1 °,333 °,40.9 °,69.6 °,333 °,67.8 °,,,,48.5 °,54.8 °,333 °,50.9 °,46.6 °,52.9 °,57.7 °,58.5 °,39.8 °,45.1 °,61.6 °,55.3 °
2026-08-25 22:00:00,55.5 °,62.2 °,333 °,16.4 °,65.9 °,60.0 °,51.7 °,53.4 °,56.0 °,50.7 °,55.2 °,58.6 °,53.3 °,333 °,43.7 °,62.7 °,330 °,60.4 °,,,,51.3 °,60.7 °,333 °,53.8 °,45.0 °,51.1 °,54.9 °,50.6 °,43.0 °,53.9 °,59.2 °,58.4 °
2026-08-26 01:00:00,50.3 °,71.7 °,333 °,0 °,69.8 °,54.7 °,51.3 °,50.8 °,53.5 °,54.5 °,52.6 °,63.2 °,45.3 °,224 °,29.9 °,69.5 °,245 °,88.5 °,,,,51.6 °,62.3 °,333 °,49.1 °,56.7 °,48.1 °,54.8 °,46.2 °,50.9 °,49.2 °,61.0 °,49.6 °
2026-08-26 04:00:00,51.4 °,63.4 °,333 °,0 °,69.0 °,45.0 °,49.2 °,52.2 °,68.3 °,50.6 °,50.2 °,59.5 °,50.1 °,333 °,43.0 °,58.9 °,201 °,53.6 °,,,,53.9 °,57.3 °,333 °,45.6 °,52.1 °,46.9 °,52.3 °,46.2 °,51.1 °,50.7 °,61.5 °,54.2 °
2026-08-26 07:00:00,57.1 °,72.2 °,333 °,0.209 °,53.7 °,52.2 °,51.2 °,55.4 °,66.6 °,48.2 °,56.6 °,54.2 °,49.5 °,333 °,45.5 °,67.3 °,333 °,65.9 °,,,,49.4 °,49.8 °,333 °,47.3 °,65.0 °,47.2 °,44.8 °,53.0 °,48.9 °,53.8 °,68.2 °,46.2 °
2026-08-26 10:00:00,57.2 °,68.7 °,333 °,0 °,59.5 °,55.2 °,55.7 °,52.1 °,59.7 °,55.7 °,56.8 °,54.3 °,51.9 °,333 °,50.4 °,63.4 °,287 °,53.9 °,,,,53.2 °,51.7 °,333 °,49.1 °,60.1 °,44.7 °,44.9 °,56.9 °,55.2 °,48.7 °,69.5 °,48.0 °
2026-08-26 13:00:00,56.9 °,57.1 °,333 °,0 °,56.5 °,62.9 °,45.9 °,52.3 °,67.0 °,43.5 °,87.7 °,27.5 °,53.9 °,333 °,39.5 °,58.0 °,333 °,53.8 °,,,,46.0 °,46.2 °,333 °,51.9 °,65.9 °,47.0 °,43.1 °,63.7 °,44.5 °,47.4 °,63.2 °,57.3 °
2026-08-26 16:00:00,57.0 °,62.7 °,333 °,0 °,60.1 °,49.8 °,44.1 °,38.7 °,17.1 °,55.2 °,50.8 °,64.6 °,53.5 °,333 °,54.2 °,59.1 °,333 °,51.2 °,,,,45.7 °,57.4 °,333 °,51.3 °,56.0 °,42.1 °,47.0 °,55.4 °,45.9 °,47.3 °,58.0 °,57.3 °
2026-08-26 19:00:00,53.6 °,54.2 °,333 °,0 °,70.9 °,52.2 °,53.1 °,55.1 °,52.9 °,58.3 °,49.8 °,76.4 °,53.3 °,333 °,46.9 °,58.9 °,333 °,53.8 °,,,,55.1 °,52.1 °,333 °,56.1 °,50.9 °,47.9 °,46.2 °,50.4 °,57.2 °,47.9 °,56.7 °,44.6 °
2026-08-26 22:00:00,54.8 °,60.8 °,333 °,0 °,74.4 °,48.4 °,46.6 °,58.8 °,47.6 °,62.4 °,51.5 °,46.9 °,50.7 °,325 °,35.5 °,57.3 °,325 °,45.1 °,41.6 °,90.9 °,11.0 °,49.2 °,61.9 °,333 °,55.8 °,39.3 °,50.7 °,54.0 °,56.5 °,42.7 °,45.8 °,51.5 °,44.5 °
2026-08-27 01:00:00,52.8 °,62.5 °,333 °,0 °,74.6 °,49.7 °,46.1 °,51.8 °,50.3 °,53.6 °,58.6 °,50.7 °,48.2 °,301 °,49.4 °,56.4 °,90.6 °,35.7 °,60.8 °,57.3 °,44.9 °,59.1 °,50.1 °,333 °,54.6 °,47.4 °,47.0 °,51.4 °,44.5 °,44.7 °,46.6 °,55.8 °,54.9 °
2026-08-27 04:00:00,55.4 °,53.8 °,333 °,0 °,68.4 °,52.4 °,49.6 °,50.3 °,61.5 °,55.9 °,49.4 °,47.6 °,48.9 °,333 °,52.3 °,61.8 °,333 °,46.3 °,57.6 °,53.3 °,49.5 °,65.6 °,41.9 °,333 °,53.3 °,53.0 °,50.1 °,51.9 °,49.1 °,48.1 °,48.2 °,55.5 °,58.8 °
2026-08-27 07:00:00,58.1 °,56.9 °,333 °,0 °,65.4 °,61.5 °,51.5 °,53.2 °,69.3 °,53.8 °,48.7 °,26.0 °,46.4 °,333 °,55.2 °,58.8 °,333 °,36.7 °,60.4 °,52.8 °,43.2 °,55.4 °,44.8 °,333 °,48.8 °,47.7 °,54.2 °,51.8 °,45.8 °,47.4 °,44.2 °,50.9 °,52.1 °
2026-08-27 10:00:00,60.0 °,51.0 °,333 °,0 °,57.5 °,59.1 °,49.2 °,49.8 °,64.9 °,53.7 °,52.6 °,48.9 °,52.1 °,333 °,54.6 °,62.0 °,332 °,48.9 °,53.8 °,62.4 °,73.2 °,53.8 °,48.2 °,333 °,46.7 °,52.9 °,45.4 °,49.4 °,46.2 °,42.0 °,47.3 °,50.3 °,49.0 °
2026-08-27 13:00:00,53.9 °,64.1 °,333 °,0 °,60.5 °,52.6 °,48.3 °,55.1 °,63.9 °,51.9 °,50.5 °,44.1 °,49.3 °,333 °,49.9 °,61.1 °,292 °,56.8 °,,,,49.5 °,56.6 °,333 °,47.1 °,56.4 °,44.4 °,59.3 °,43.0 °,51.2 °,45.4 °,49.3 °,59.8 °
2026-08-27 16:00:00,49.8 °,67.0 °,333 °,0 °,61.2 °,50.0 °,48.3 °,52.1 °,69.8 °,57.8 °,57.8 °,53.1 °,48.2 °,333 °,53.5 °,59.7 °,333 °,54.1 °,42.1 °,84.6 °,33.5 °,49.2 °,59.0 °,333 °,50.9 °,59.1 °,54.9 °,57.6 °,48.5 °,59.0 °,45.1 °,56.3 °,50.7 °
2026-08-27 19:00:00,57.5 °,64.2 °,333 °,0 °,46.1 °,55.4 °,47.8 °,51.5 °,56.2 °,50.8 °,57.2 °,55.9 °,47.7 °,333 °,53.4 °,63.6 °,333 °,63.1 °,56.4 °,53.9 °,50.0 °,49.1 °,58.6 °,333 °,48.9 °,56.7 °,47.0 °,55.5 °,59.4 °,57.8 °,45.1 °,57.6 °,41.5 °
2026-08-27 22:00:00,57.0 °,61.2 °,333 °,0 °,56.6 °,48.5 °,50.9 °,59.1 °,63.9 °,50.6 °,67.1 °,45.1 °,45.0 °,333 °,42.5 °,60.2 °,333 °,60.5 °,54.4 °,49.7 °,79.2 °,53.3 °,53.0 °,333 °,50.0 °,54.3 °,51.6 °,50.5 °,66.8 °,44.4 °,47.4 °,55.8 °,46.5 °
2026-08-28 01:00:00,59.4 °,68.1 °,333 °,0 °,62.1 °,48.2 °,47.2 °,49.5 °,49.9 °,51.5 °,61.3 °,41.4 °,47.8 °,333 °,53.4 °,62.5 °,333 °,55.8 °,59.6 °,52.4 °,62.0 °,55.7 °,46.2 °,333 °,52.5 °,54.4 °,44.5 °,51.1 °,54.3 °,43.3 °,47.7 °,56.2 °,57.9 °
2026-08-28 04:00:00,57.4 °,61.1 °,333 °,0 °,77.8 °,49.0 °,53.6 °,49.8 °,57.3 °,53.6 °,53.0 °,48.9 °,50.9 °,333 °,49.8 °,57.0 °,333 °,49.6 °,55.4 °,48.5 °,55.0 °,57.1 °,43.9 °,333 °,55.9 °,60.5 °,46.3 °,55.8 °,56.0 °,47.7 °,48.8 °,49.3 °,62.2 °
2026-08-28 07:00:00,61.5 °,51.6 °,333 °,0 °,66.7 °,44.4 °,54.7 °,51.0 °,63.5 °,54.6 °,46.7 °,44.7 °,47.2 °,333 °,37.0 °,42.2 °,165 °,16.7 °,60.8 °,46.6 °,89.8 °,55.2 °,50.4 °,333 °,53.2 °,62.9 °,60.2 °,58.8 °,51.0 °,51.1 °,,,
2026-08-28 10:00:00,59.9 °,42.0 °,333 °,0 °,62.7 °,50.7 °,55.4 °,51.4 °,67.2 °,50.4 °,40.0 °,46.7 °,49.7 °,333 °,48.0 °,65.3 °,164 °,43.8 °,54.2 °,55.7 °,65.3 °,48.9 °,54.7 °,333 °,47.8 °,60.1 °,47.8 °,56.0 °,46.6 °,50.7 °,,,
2026-08-28 13:00:00,57.6 °,59.0 °,333 °,0 °,62.5 °,58.0 °,51.2 °,48.3 °,53.4 °,48.6 °,41.9 °,45.8 °,48.4 °,289 °,44.5 °,72.3 °,331 °,76.6 °,59.2 °,46.2 °,80.2 °,51.7 °,57.9 °,333 °,50.0 °,64.0 °,52.3 °,54.2 °,49.1 °,51.8 °,,,
2026-08-28 16:00:00,62.3 °,58.2 °,333 °,0 °,59.3 °,53.0 °,43.4 °,52.3 °,47.6 °,50.5 °,50.2 °,55.3 °,49.7 °,333 °,45.5 °,58.8 °,333 °,58.9 °,55.0 °,53.0 °,74.7 °,47.6 °,55.9 °,333 °,51.0 °,62.6 °,47.0 °,47.9 °,53.1 °,51.5 °,,,
2026-08-28 19:00:00,55.3 °,69.7 °,333 °,0 °,53.9 °,51.5 °,51.7 °,52.6 °,50.3 °,53.2 °,51.5 °,42.3 °,50.7 °,333 °,50.5 °,63.3 °,333 °,84.7 °,57.6 °,49.9 °,73.1 °,50.2 °,53.2 °,333 °,42.5 °,91.7 °,36.1 °,50.0 °,49.4 °,55.7 °,48.2 °,57.5 °,54.9 °
2026-08-28 22:00:00,52.3 °,75.2 °,333 °,0 °,57.8 °,43.6 °,55.1 °,42.9 °,54.3 °,57.7 °,55.7 °,46.5 °,130 °,333 °,32.2 °,64.3 °,333 °,65.6 °,58.2 °,55.9 °,81.7 °,55.1 °,47.2 °,333 °,48.1 °,71.4 °,55.4 °,49.4 °,45.5 °,51.8 °,47.5 °,59.1 °,43.7 °
2026-08-29 01:00:00,57.8 °,69.1 °,333 °,0 °,60.6 °,38.7 °,52.9 °,59.3 °,61.9 °,52.7 °,59.0 °,44.0 °,52.4 °,307 °,45.6 °,56.5 °,333 °,48.3 °,52.4 °,50.5 °,73.9 °,56.4 °,45.2 °,333 °,46.7 °,65.3 °,54.6 °,49.2 °,61.2 °,45.5 °,46.0 °,69.3 °,44.0 °
2026-08-29 04:00:00,56.8 °,56.1 °,333 °,0 °,57.5 °,41.7 °,54.6 °,60.3 °,63.7 °,54.1 °,58.1 °,60.3 °,43.9 °,333 °,35.9 °,54.9 °,333 °,54.7 °,52.4 °,34.7 °,34.2 °,54.4 °,26.6 °,333 °,45.0 °,62.9 °,60.1 °,55.7 °,49.7 °,44.4 °,49.1 °,60.4 °,58.8 °
2026-08-29 07:00:00,60.2 °,54.4 °,333 °,0 °,49.4 °,46.0 °,54.3 °,67.2 °,66.8 °,53.1 °,57.7 °,46.8 °,54.5 °,333 °,40.1 °,58.8 °,333 °,55.8 °,59.8 °,52.2 °,50.9 °,53.9 °,58.2 °,333 °,46.5 °,53.4 °,53.1 °,52.3 °,52.2 °,49.6 °,48.2 °,61.3 °,55.0 °
2026-08-29 10:00:00,60.4 °,46.1 °,333 °,0 °,47.4 °,45.3 °,55.4 °,51.6 °,83.4 °,54.5 °,57.7 °,51.4 °,55.4 °,313 °,33.0 °,64.1 °,333 °,55.6 °,52.9 °,73.4 °,38.8 °,55.3 °,57.2 °,333 °,45.8 °,50.8 °,55.7 °,55.0 °,52.8 °,49.7 °,49.6 °,57.0 °,57.7 °
2026-08-29 13:00:00,60.3 °,58.2 °,333 °,0 °,44.3 °,48.0 °,51.5 °,54.0 °,52.3 °,51.2 °,54.3 °,51.9 °,53.5 °,333 °,41.4 °,66.5 °,229 °,41.4 °,55.9 °,55.3 °,50.8 °,50.9 °,51.7 °,333 °,45.0 °,56.2 °,41.8 °,52.1 °,50.6 °,43.0 °,49.3 °,57.5 °,55.2 °
2026-08-29 16:00:00,49.3 °,46.1 °,333 °,0 °,34.6 °,65.5 °,50.4 °,51.2 °,61.8 °,52.2 °,44.7 °,54.2 °,54.8 °,333 °,56.1 °,62.8 °,46.3 °,49.6 °,53.3 °,51.5 °,57.8 °,49.9 °,52.3 °,333 °,54.3 °,58.6 °,52.7 °,48.0 °,62.9 °,37.2 °,46.5 °,56.9 °,57.8 °
2026-08-29 19:00:00,52.5 °,61.7 °,333 °,0 °,99.9 °,11.6 °,59.5 °,46.3 °,72.7 °,57.1 °,49.0 °,54.6 °,56.1 °,293 °,47.5 °,63.2 °,75.7 °,69.2 °,61.9 °,52.0 °,52.4 °,51.1 °,47.8 °,333 °,49.7 °,51.6 °,60.3 °,47.9 °,62.8 °,45.1 °,45.8 °,59.0 °,58.3 °
2026-08-29 22:00:00,48.1 °,67.4 °,333 °,0 °,61.3 °,39.9 °,53.2 °,54.2 °,63.5 °,55.7 °,49.7 °,52.0 °,51.1 °,312 °,47.9 °,63.3 °,333 °,70.1 °,57.3 °,48.4 °,84.1 °,49.6 °,61.6 °,333 °,46.5 °,51.8 °,44.5 °,52.1 °,60.9 °,43.6 °,47.2 °,58.0 °,55.8 °
2026-08-30 01:00:00,48.7 °,68.3 °,333 °,0 °,59.3 °,51.6 °,61.7 °,54.6 °,55.6 °,51.6 °,52.2 °,51.0 °,58.3 °,323 °,44.9 °,69.1 °,333 °,65.2 °,59.7 °,55.6 °,81.3 °,47.6 °,57.6 °,333 °,50.4 °,55.8 °,51.2 °,53.8 °,50.3 °,41.6 °,49.0 °,59.5 °,56.3 °
2026-08-30 04:00:00,50.3 °,49.1 °,333 °,0 °,59.8 °,43.9 °,56.0 °,56.9 °,59.5 °,52.3 °,50.8 °,59.5 °,57.2 °,333 °,52.5 °,66.0 °,333 °,62.4 °,57.8 °,46.1 °,69.5 °,44.9 °,61.5 °,333 °,46.4 °,56.8 °,55.2 °,53.3 °,52.3 °,54.1 °,53.2 °,60.5 °,57.6 °
2026-08-30 07:00:00,59.6 °,51.2 °,333 °,0 °,54.8 °,43.4 °,58.7 °,54.8 °,86.3 °,53.3 °,51.1 °,45.8 °,51.6 °,333 °,45.5 °,69.6 °,333 °,73.8 °,55.5 °,51.0 °,54.7 °,54.9 °,54.6 °,333 °,48.8 °,51.4 °,60.1 °,51.3 °,57.3 °,44.8 °,49.8 °,65.0 °,55.6 °
2026-08-30 10:00:00,59.3 °,51.3 °,333 °,0 °,48.3 °,40.3 °,48.8 °,41.7 °,46.6 °,45.1 °,52.8 °,48.1 °,45.6 °,333 °,43.2 °,64.3 °,331 °,93.2 °,52.8 °,55.9 °,50.0 °,49.0 °,57.7 °,333 °,52.3 °,50.7 °,64.6 °,54.9 °,52.1 °,52.3 °,52.1 °,56.5 °,48.0 °
2026-08-30 13:00:00,53.4 °,41.1 °,333 °,0 °,78.7 °,5.66 °,51.5 °,46.7 °,53.7 °,46.4 °,56.2 °,46.0 °,49.5 °,333 °,47.6 °,78.9 °,37.7 °,7.29 °,54.8 °,56.0 °,48.5 °,49.6 °,60.0 °,333 °,51.3 °,55.5 °,60.9 °,44.4 °,51.1 °,23.3 °,49.5 °,63.5 °,58.7 °
2026-08-30 16:00:00,46.4 °,43.0 °,333 °,,,,57.1 °,51.9 °,65.2 °,51.2 °,54.3 °,58.0 °,49.8 °,333 °,46.9 °,59.4 °,258 °,42.6 °,59.5 °,43.2 °,65.9 °,45.5 °,51.7 °,333 °,58.5 °,59.9 °,43.3 °,49.3 °,49.8 °,30.4 °,50.7 °,62.4 °,59.7 °
2026-08-30 19:00:00,52.4 °,58.9 °,333 °,,,,60.2 °,61.0 °,57.4 °,55.0 °,50.8 °,55.2 °,51.1 °,333 °,53.9 °,61.2 °,333 °,69.4 °,53.4 °,51.5 °,59.9 °,51.2 °,48.9 °,333 °,58.3 °,60.3 °,56.1 °,56.8 °,51.7 °,46.4 °,50.3 °,56.4 °,55.0 °
2026-08-30 22:00:00,56.0 °,56.1 °,333 °,0 °,74.7 °,25.8 °,54.7 °,57.0 °,62.9 °,53.7 °,55.6 °,53.8 °,52.9 °,333 °,47.9 °,60.7 °,332 °,70.9 °,54.6 °,54.6 °,49.1 °,48.8 °,53.7 °,333 °,57.8 °,60.7 °,48.0 °,57.0 °,54.3 °,39.6 °,54.7 °,57.4 °,50.8 °
2026-08-31 01:00:00,52.3 °,52.5 °,333 °,0 °,64.2 °,20.5 °,46.7 °,47.8 °,42.0 °,50.5 °,47.1 °,39.4 °,56.1 °,302 °,39.5 °,60.3 °,52.6 °,35.4 °,54.4 °,50.5 °,55.4 °,49.8 °,56.9 °,333 °,55.4 °,55.4 °,58.3 °,53.6 °,46.6 °,49.4 °,50.8 °,65.3 °,55.9 °
2026-08-31 04:00:00,56.2 °,50.3 °,333 °,,,,50.2 °,49.8 °,56.9 °,50.4 °,54.1 °,53.5 °,51.7 °,333 °,47.0 °,63.1 °,311 °,73.9 °,54.2 °,53.0 °,45.9 °,49.4 °,57.1 °,333 °,56.9 °,46.6 °,55.9 °,51.3 °,62.4 °,46.5 °,52.3 °,64.0 °,57.5 °
2026-08-31 07:00:00,58.4 °,54.9 °,333 °,0 °,99.9 °,14.6 °,47.9 °,56.3 °,52.2 °,54.1 °,58.7 °,53.7 °,49.1 °,333 °,51.9 °,57.7 °,333 °,85.7 °,50.5 °,63.6 °,47.1 °,52.7 °,55.7 °,333 °,60.1 °,49.5 °,37.3 °,57.0 °,44.5 °,65.0 °,49.1 °,65.7 °,51.8 °
2026-08-31 10:00:00,60.1 °,38.3 °,333 °,0.0187 °,98.7 °,7.93 °,41.9 °,61.8 °,52.6 °,57.6 °,58.1 °,51.9 °,47.5 °,323 °,46.4 °,60.2 °,333 °,66.8 °,53.1 °,59.1 °,50.9 °,49.2 °,56.2 °,333 °,57.0 °,54.0 °,44.2 °,55.2 °,41.6 °,60.8 °,45.2 °,59.6 °,49.0 °
2026-08-31 13:00:00,57.3 °,63.3 °,333 °,,,,47.9 °,59.4 °,58.5 °,56.7 °,65.3 °,42.2 °,49.3 °,64.4 °,25.6 °,64.6 °,297 °,60.8 °,58.2 °,55.9 °,49.0 °,53.2 °,52.1 °,333 °,56.1 °,55.2 °,51.5 °,51.8 °,46.3 °,42.1 °,45.0 °,48.9 °,58.9 °
2026-08-31 16:00:00,64.0 °,52.5 °,333 °,,,,43.7 °,50.6 °,51.1 °,51.5 °,64.3 °,53.9 °,49.9 °,60.5 °,40.3 °,64.7 °,333 °,55.9 °,54.0 °,51.8 °,53.9 °,52.1 °,52.1 °,333 °,54.8 °,51.9 °,52.0 °,45.3 °,48.6 °,38.1 °,42.9 °,50.1 °,58.7 °
2026-08-31 19:00:00,51.8 °,61.7 °,333 °,0 °,99.9 °,11.9 °,42.4 °,51.6 °,52.2 °,60.3 °,52.2 °,58.8 °,53.7 °,144 °,50.7 °,61.5 °,333 °,55.9 °,50.6 °,64.3 °,48.4 °,50.7 °,59.1 °,333 °,54.5 °,63.3 °,48.7 °,54.5 °,53.9 °,54.6 °,40.8 °,57.5 °,57.8 °
2026-08-31 22:00:00,58.8 °,30.9 °,333 °,,,,56.1 °,60.8 °,64.6 °,49.8 °,42.9 °,51.8 °,37.0 °,248 °,62.2 °,55.8 °,36.8 °,54.9 °,50.8 °,62.9 °,60.9 °,54.1 °,50.8 °,333 °,54.5 °,53.2 °,42.9 °,60.2 °,47.7 °,63.8 °,47.6 °,51.8 °,60.3 °
2026-09-01 01:00:00,55.7 °,32.9 °,333 °,,,,,,,49.6 °,44.0 °,49.9 °,24.7 °,37.7 °,53.8 °,,,,50.1 °,66.1 °,85.2 °,57.7 °,46.7 °,333 °,50.5 °,54.8 °,54.7 °,54.2 °,63.3 °,59.0 °,46.1 °,40.5 °,80.5 °
2026-09-01 04:00:00,44.7 °,48.0 °,333 °,,,,58.4 °,57.6 °,61.2 °,55.6 °,44.4 °,64.5 °,32.1 °,42.4 °,45.3 °,61.2 °,32.9 °,55.0 °,49.4 °,54.2 °,51.9 °,50.3 °,79.9 °,333 °,56.1 °,53.6 °,56.2 °,57.5 °,56.4 °,53.5 °,45.3 °,54.6 °,58.2 °
2026-09-01 07:00:00,46.4 °,59.3 °,333 °,,,,56.6 °,51.4 °,64.5 °,57.4 °,43.5 °,75.3 °,54.4 °,289 °,35.0 °,61.0 °,59.8 °,28.1 °,50.8 °,54.7 °,41.1 °,59.7 °,40.2 °,333 °,54.8 °,49.6 °,52.0 °,58.3 °,45.1 °,51.8 °,46.8 °,61.2 °,53.3 °
2026-09-01 10:00:00,53.4 °,54.6 °,333 °,,,,52.6 °,51.2 °,54.1 °,58.6 °,47.1 °,72.6 °,54.3 °,333 °,48.6 °,41.6 °,0 °,11.3 °,52.8 °,55.7 °,53.0 °,54.4 °,49.6 °,333 °,60.4 °,45.8 °,48.0 °,52.0 °,42.7 °,62.6 °,51.4 °,56.3 °,54.8 °
2026-09-01 13:00:00,55.8 °,42.1 °,333 °,,,,49.1 °,55.0 °,61.4 °,54.5 °,50.5 °,55.8 °,51.0 °,333 °,44.4 °,,,,51.0 °,57.4 °,45.8 °,58.8 °,45.0 °,333 °,51.7 °,41.6 °,55.0 °,53.7 °,39.3 °,56.8 °,53.4 °,50.6 °,61.2 °
2026-09-01 16:00:00,54.6 °,39.6 °,333 °,,,,65.9 °,65.1 °,84.3 °,54.7 °,50.9 °,56.9 °,58.6 °,333 °,48.9 °,,,,52.9 °,60.5 °,47.8 °,58.4 °,46.1 °,333 °,52.5 °,23.5 °,64.1 °,55.9 °,29.6 °,53.0 °,55.7 °,38.9 °,64.3 °
2026-09-01 19:00:00,57.3 °,24.7 °,333 °,,,,59.9 °,63.4 °,77.9 °,51.0 °,39.8 °,95.2 °,57.0 °,333 °,58.8 °,,,,,,,46.6 °,50.6 °,333 °,50.9 °,16.2 °,69.3 °,,,,53.3 °,78.3 °,52.7 °
2026-09-01 22:00:00,57.8 °,44.2 °,333 °,,,,37.3 °,99.9 °,25.2 °,53.5 °,39.3 °,92.0 °,64.2 °,333 °,22.4 °,,,,,,,56.2 °,38.8 °,333 °,51.8 °,22.4 °,63.0 °,,,,41.1 °,87.7 °,29.6 °
2026-09-02 01:00:00,59.4 °,48.8 °,333 °,,,,43.0 °,61.5 °,55.2 °,50.9 °,55.7 °,48.7 °,46.4 °,333 °,31.7 °,,,,,,,51.7 °,51.6 °,333 °,53.9 °,51.7 °,55.0 °,57.5 °,34.6 °,59.4 °,51.1 °,55.6 °,38.5 °
2026-09-02 04:00:00,55.0 °,44.1 °,333 °,,,,47.4 °,51.4 °,51.3 °,44.3 °,59.2 °,47.8 °,49.8 °,333 °,46.4 °,42.7 °,32.1 °,8.00 °,,,,56.6 °,52.9 °,333 °,57.7 °,47.2 °,52.5 °,55.8 °,38.5 °,44.7 °,48.3 °,59.7 °,51.6 °
2026-09-02 07:00:00,62.5 °,54.0 °,333 °,,,,55.2 °,51.4 °,59.9 °,45.0 °,56.4 °,56.2 °,51.8 °,333 °,47.3 °,,,,,,,56.7 °,38.9 °,333 °,58.3 °,43.7 °,43.6 °,50.7 °,44.0 °,49.3 °,52.4 °,50.5 °,50.4 °
2026-09-02 10:00:00,60.3 °,67.4 °,333 °,,,,56.6 °,56.2 °,59.8 °,43.1 °,57.9 °,55.7 °,53.3 °,333 °,46.8 °,62.0 °,65.9 °,21.7 °,57.1 °,51.6 °,24.9 °,55.9 °,38.4 °,333 °,54.4 °,45.1 °,53.4 °,46.9 °,46.9 °,49.6 °,49.4 °,55.9 °,38.1 °
2026-09-02 13:00:00,57.5 °,49.9 °,333 °,0 °,99.9 °,17 °,51.2 °,51.5 °,59.8 °,44.9 °,54.6 °,55.8 °,50.1 °,333 °,54.9 °,62.7 °,53.2 °,50.5 °,48.7 °,61.4 °,45.7 °,58.1 °,47.5 °,333 °,54.5 °,48.6 °,54.5 °,48.8 °,44.9 °,55.2 °,52.6 °,54.6 °,58.3 °
2026-09-02 16:00:00,54.4 °,42.8 °,333 °,4.56 °,91.6 °,15.5 °,45.9 °,54.8 °,57.6 °,50.0 °,54.1 °,51.8 °,54.1 °,333 °,56.3 °,63.0 °,52.1 °,52.4 °,57.6 °,49.5 °,48.9 °,60.1 °,51.0 °,333 °,56.5 °,45.4 °,57.8 °,48.7 °,46.4 °,52.0 °,47.3 °,61.3 °,63.6 °
2026-09-02 19:00:00,53.6 °,47.0 °,333 °,,,,47.3 °,52.2 °,51.0 °,56.8 °,55.1 °,53.5 °,56.6 °,333 °,49.4 °,64.6 °,55.8 °,48.9 °,55.1 °,53.6 °,50.3 °,,,,56.6 °,49.0 °,52.4 °,48.5 °,53.7 °,50.7 °,46.0 °,60.7 °,55.7 °
2026-09-02 22:00:00,54.9 °,57.7 °,333 °,46.8 °,30.7 °,9.78 °,55.1 °,54.5 °,55.3 °,51.1 °,65.2 °,50.8 °,52.8 °,295 °,46.6 °,61.8 °,61.5 °,42.5 °,55.6 °,47.6 °,45.8 °,51.9 °,54.7 °,333 °,55.4 °,48.1 °,52.7 °,50.3 °,52.9 °,45.1 °,44.4 °,57.7 °,51.9 °
2026-09-03 01:00:00,56.4 °,52.4 °,333 °,54.3 °,32.2 °,31.1 °,49.3 °,65.1 °,51.8 °,60.7 °,61.7 °,55.4 °,55.9 °,329 °,51.3 °,61.5 °,55.4 °,56.0 °,52.8 °,45.1 °,54.9 °,57.8 °,52.5 °,333 °,52.8 °,58.8 °,47.3 °,57.2 °,48.2 °,48.3 °,42.9 °,56.4 °,49.2 °
2026-09-03 04:00:00,55.7 °,52.4 °,333 °,55.9 °,41.4 °,47.0 °,53.5 °,47.1 °,69.5 °,52.8 °,63.4 °,56.6 °,56.2 °,333 °,50.1 °,62.2 °,53.8 °,52.3 °,51.7 °,49.2 °,56.9 °,54.4 °,44.9 °,333 °,53.5 °,62.5 °,42.7 °,49.3 °,48.4 °,52.8 °,46.8 °,51.3 °,51.6 °
2026-09-03 07:00:00,57.2 °,46.0 °,333 °,61.6 °,52.2 °,48.4 °,50.8 °,42.5 °,55.0 °,55.1 °,58.2 °,61.8 °,55.6 °,333 °,49.8 °,62.6 °,53.0 °,59.1 °,56.2 °,51.7 °,42.4 °,54.4 °,56.4 °,333 °,53.6 °,52.9 °,44.5 °,48.4 °,50.5 °,50.4 °,48.1 °,57.3 °,42.8 °
2026-09-03 10:00:00,61.8 °,51.0 °,333 °,61.2 °,55.4 °,46.5 °,49.7 °,46.9 °,60.3 °,56.1 °,51.5 °,77.9 °,50.4 °,333 °,50.5 °,62.8 °,57.0 °,58.6 °,46.0 °,54.7 °,41.8 °,55.2 °,53.5 °,333 °,56.8 °,66.0 °,54.7 °,54.2 °,47.2 °,55.2 °,46.7 °,63.1 °,53.2 °
2026-09-03 13:00:00,58.0 °,47.4 °,333 °,57.6 °,65.0 °,48.0 °,53.2 °,55.5 °,66.5 °,49.3 °,61.7 °,43.5 °,53.8 °,333 °,46.1 °,54.3 °,66.7 °,51.5 °,42.2 °,59.8 °,45.3 °,46.6 °,49.9 °,333 °,54.8 °,53.2 °,38.2 °,48.0 °,43.0 °,49.7 °,45.4 °,63.2 °,57.1 °
2026-09-03 16:00:00,51.2 °,50.4 °,333 °,53.4 °,59.9 °,55.7 °,52.0 °,50.0 °,64.8 °,59.1 °,44.4 °,56.7 °,45.0 °,236 °,33.0 °,46.4 °,64.6 °,37.2 °,45.8 °,54.1 °,42.0 °,49.8 °,55.8 °,333 °,,,,43.8 °,49.8 °,49.2 °,49.8 °,59.7 °,44.8 °
2026-09-03 19:00:00,52.2 °,57.3 °,333 °,61.1 °,64.1 °,53.2 °,48.3 °,52.1 °,64.2 °,64.3 °,52.6 °,64.1 °,49.2 °,264 °,39.9 °,49.7 °,54.6 °,49.2 °,52.9 °,62.1 °,50.7 °,52.6 °,52.2 °,333 °,,,,49.7 °,45.0 °,55.6 °,56.3 °,55.4 °,53.5 °
2026-09-03 22:00:00,55.0 °,59.5 °,333 °,50.8 °,67.3 °,37.9 °,44.5 °,62.6 °,57.6 °,55.8 °,54.1 °,58.8 °,43.5 °,333 °,56.3 °,50.1 °,51.5 °,44.4 °,51.9 °,63.2 °,47.9 °,49.9 °,55.8 °,333 °,56.4 °,61.8 °,16.3 °,50.6 °,43.9 °,44.0 °,49.7 °,55.8 °,45.8 °
2026-09-04 01:00:00,59.1 °,58.2 °,333 °,53.7 °,60.3 °,39.8 °,43.7 °,50.9 °,50.9 °,55.4 °,52.5 °,45.4 °,49.2 °,333 °,47.6 °,61.0 °,51.6 °,50.2 °,55.8 °,63.2 °,44.6 °,51.2 °,40.3 °,333 °,35.5 °,58.7 °,13.1 °,53.0 °,37.2 °,47.9 °,46.4 °,62.4 °,50.0 °
2026-09-04 04:00:00,52.0 °,54.0 °,333 °,52.9 °,62.0 °,45.0 °,50.4 °,38.9 °,58.7 °,50.0 °,62.9 °,44.8 °,50.9 °,318 °,48.3 °,56.9 °,54.0 °,39.7 °,54.4 °,47.4 °,36.7 °,50.8 °,51.4 °,333 °,,,,48.2 °,42.7 °,38.8 °,45.5 °,65.1 °,40.3 °
2026-09-04 07:00:00,42.1 °,54.5 °,333 °,54.1 °,51.2 °,46.0 °,53.5 °,52.1 °,65.9 °,55.2 °,56.8 °,54.6 °,46.5 °,333 °,49.8 °,56.5 °,63.6 °,47.3 °,48.3 °,60.0 °,38.7 °,51.6 °,61.2 °,333 °,,,,48.5 °,46.1 °,47.1 °,50.3 °,45.4 °,40.0 °
2026-09-04 10:00:00,45.1 °,58.5 °,333 °,52.5 °,63.5 °,52.8 °,48.6 °,54.7 °,71.6 °,58.3 °,57.3 °,71.7 °,45.1 °,333 °,49.0 °,62.8 °,58.5 °,53.8 °,39.6 °,58.2 °,24.8 °,53.7 °,55.7 °,333 °,,,,47.5 °,43.8 °,48.7 °,47.6 °,57.0 °,45.4 °
2026-09-04 13:00:00,44.8 °,57.2 °,333 °,54.3 °,54.9 °,59.1 °,47.0 °,52.6 °,56.3 °,50.8 °,53.6 °,59.9 °,42.6 °,333 °,50.4 °,56.2 °,60.2 °,45.2 °,40.5 °,57.0 °,49.5 °,46.7 °,58.1 °,333 °,,,,50.0 °,52.8 °,48.9 °,45.2 °,55.5 °,52.7 °
2026-09-04 16:00:00,43.5 °,62.2 °,333 °,59.1 °,54.5 °,55.0 °,51.1 °,48.0 °,62.8 °,61.3 °,50.5 °,45.7 °,48.1 °,274 °,52.2 °,52.3 °,60.2 °,51.0 °,48.6 °,57.9 °,51.0 °,50.6 °,59.0 °,333 °,54.5 °,50.5 °,17.3 °,50.2 °,42.9 °,42.5 °,46.7 °,54.2 °,55.6 °
2026-09-04 19:00:00,42.3 °,56.9 °,333 °,59.4 °,62.3 °,46.9 °,52.2 °,45.0 °,56.5 °,58.1 °,68.6 °,42.8 °,48.4 °,36.7 °,56.2 °,60.4 °,58.6 °,52.8 °,54.1 °,54.2 °,48.2 °,55.0 °,58.9 °,333 °,55.5 °,40.0 °,49.7 °,55.6 °,45.4 °,51.3 °,45.7 °,61.5 °,50.0 °
2026-09-04 22:00:00,45.4 °,51.1 °,333 °,60.3 °,58.4 °,56.9 °,51.1 °,51.3 °,53.0 °,53.7 °,60.0 °,34.8 °,44.6 °,177 °,50.4 °,52.0 °,58.7 °,49.2 °,54.8 °,56.3 °,46.7 °,57.6 °,55.5 °,333 °,52.6 °,44.4 °,55.6 °,51.6 °,53.6 °,48.7 °,43.5 °,57.1 °,44.0 °
2026-09-05 01:00:00,43.5 °,55.7 °,333 °,9.80 °,66.6 °,44.0 °,46.2 °,50.3 °,60.3 °,56.2 °,61.4 °,45.0 °,47.4 °,333 °,49.5 °,57.7 °,57.0 °,57.4 °,51.0 °,52.8 °,52.4 °,52.3 °,47.3 °,333 °,45.5 °,69.6 °,47.5 °,55.2 °,47.0 °,45.7 °,51.1 °,54.4 °,40.6 °
2026-09-05 04:00:00,44.6 °,53.8 °,333 °,0 °,64.0 °,42.7 °,46.2 °,46.4 °,58.7 °,53.6 °,54.7 °,51.1 °,50.9 °,333 °,42.8 °,54.5 °,55.3 °,51.9 °,54.6 °,53.0 °,50.0 °,50.8 °,58.2 °,333 °,42.5 °,66.4 °,46.5 °,61.9 °,49.9 °,52.3 °,,,
2026-09-05 07:00:00,44.7 °,56.9 °,333 °,0 °,56.8 °,33.4 °,45.6 °,53.1 °,66.2 °,53.9 °,49.8 °,51.3 °,47.4 °,333 °,53.0 °,54.5 °,54.7 °,57.5 °,57.3 °,55.9 °,43.7 °,54.1 °,49.5 °,333 °,48.3 °,51.0 °,44.2 °,54.9 °,57.9 °,47.1 °,,,
2026-09-05 10:00:00,48.6 °,51.9 °,333 °,0 °,64.9 °,42.3 °,46.3 °,55.4 °,58.2 °,59.0 °,51.6 °,47.6 °,50.6 °,333 °,55.4 °,64.1 °,50.2 °,46.9 °,54.9 °,53.9 °,51.0 °,57.2 °,49.1 °,333 °,45.7 °,59.7 °,46.4 °,64.2 °,48.3 °,65.4 °,42.0 °,91.2 °,20.1 °
2026-09-05 13:00:00,54.3 °,49.5 °,333 °,0 °,62.8 °,46.9 °,47.9 °,51.3 °,65.6 °,49.1 °,75.2 °,41.6 °,46.4 °,333 °,49.0 °,58.1 °,55.4 °,45.3 °,47.0 °,61.3 °,44.3 °,54.0 °,51.1 °,333 °,49.2 °,52.4 °,60.0 °,61.2 °,49.1 °,57.9 °,,,
2026-09-05 16:00:00,55.6 °,46.7 °,333 °,0 °,63.7 °,55.1 °,49.4 °,55.2 °,59.4 °,59.9 °,56.3 °,55.2 °,45.4 °,333 °,50.4 °,64.8 °,49.4 °,48.9 °,49.8 °,56.5 °,49.7 °,52.0 °,46.7 °,333 °,49.7 °,52.5 °,54.9 °,61.4 °,48.1 °,57.3 °,,,
2026-09-05 19:00:00,53.4 °,56.0 °,333 °,0 °,62.0 °,54.2 °,53.7 °,57.9 °,66.0 °,60.1 °,65.1 °,47.1 °,44.0 °,333 °,52.3 °,56.4 °,50.1 °,55.6 °,54.2 °,61.8 °,52.3 °,53.9 °,54.2 °,333 °,48.6 °,57.5 °,54.3 °,57.6 °,54.9 °,44.0 °,,,
2026-09-05 22:00:00,50.4 °,56.9 °,333 °,0 °,55.5 °,56.4 °,50.2 °,46.4 °,54.5 °,56.3 °,64.9 °,46.9 °,43.9 °,333 °,42.7 °,57.1 °,58.0 °,53.1 °,47.5 °,60.9 °,50.9 °,53.9 °,51.8 °,333 °,49.5 °,55.9 °,54.6 °,59.2 °,49.4 °,39.4 °,,,
2026-09-06 01:00:00,48.6 °,59.1 °,333 °,0 °,62.1 °,52.6 °,63.9 °,59.9 °,91.1 °,55.2 °,59.4 °,44.4 °,44.9 °,333 °,48.1 °,52.5 °,53.1 °,49.0 °,52.3 °,58.0 °,58.9 °,53.9 °,49.6 °,333 °,44.5 °,70.0 °,51.2 °,61.3 °,56.9 °,42.0 °,49.0 °,74.7 °,14.2 °
2026-09-06 04:00:00,48.1 °,52.2 °,333 °,0 °,50.8 °,52.6 °,54.1 °,43.9 °,67.5 °,56.4 °,55.3 °,46.4 °,45.8 °,333 °,45.1 °,50.7 °,56.8 °,50.3 °,47.7 °,51.7 °,51.2 °,52.5 °,51.2 °,333 °,47.9 °,57.4 °,53.7 °,58.5 °,56.9 °,55.0 °,53.9 °,44.1 °,52.5 °
2026-09-06 07:00:00,52.6 °,41.6 °,333 °,0 °,53.5 °,51.2 °,56.5 °,52.6 °,82.9 °,57.6 °,55.4 °,45.0 °,44.4 °,333 °,45.9 °,51.1 °,60.6 °,55.7 °,44.8 °,57.7 °,54.6 °,51.6 °,53.3 °,333 °,49.0 °,54.4 °,46.7 °,57.3 °,52.0 °,48.3 °,48.5 °,52.3 °,58.9 °
2026-09-06 10:00:00,54.1 °,39.6 °,333 °,0.297 °,54.9 °,56.8 °,59.8 °,47.2 °,85.1 °,63.4 °,46.9 °,77.6 °,47.0 °,333 °,55.0 °,50.6 °,61.7 °,47.3 °,57.0 °,56.9 °,44.0 °,45.9 °,52.4 °,333 °,45.9 °,59.7 °,58.5 °,54.3 °,57.1 °,46.6 °,43.6 °,54.0 °,55.7 °
2026-09-06 13:00:00,54.3 °,40.2 °,333 °,0 °,60.0 °,49.5 °,50.4 °,60.7 °,68.6 °,52.1 °,47.7 °,51.3 °,49.7 °,333 °,53.0 °,53.8 °,56.8 °,51.9 °,61.0 °,62.5 °,43.1 °,50.5 °,60.9 °,333 °,46.0 °,53.0 °,46.5 °,54.5 °,52.5 °,54.2 °,47.7 °,46.0 °,56.9 °
2026-09-06 16:00:00,53.2 °,47.8 °,333 °,0 °,54.4 °,53.1 °,52.7 °,58.0 °,68.5 °,58.2 °,55.9 °,55.8 °,49.0 °,333 °,53.3 °,64.1 °,51.5 °,45.3 °,55.4 °,59.1 °,48.5 °,54.6 °,52.9 °,333 °,43.7 °,59.5 °,50.2 °,54.2 °,53.0 °,58.5 °,44.8 °,53.6 °,56.4 °
2026-09-06 19:00:00,50.8 °,55.5 °,333 °,0 °,58.7 °,59.0 °,50.2 °,54.1 °,55.4 °,60.3 °,64.7 °,46.5 °,51.6 °,333 °,42.9 °,60.4 °,59.7 °,50.0 °,54.3 °,64.9 °,51.2 °,52.5 °,54.7 °,333 °,51.4 °,59.2 °,50.1 °,55.8 °,57.0 °,50.1 °,42.2 °,62.5 °,44.3 °
2026-09-06 22:00:00,48.2 °,57.6 °,333 °,321 °,56.2 °,46.2 °,52.6 °,53.4 °,53.3 °,57.7 °,58.4 °,53.4 °,45.9 °,328 °,53.8 °,60.4 °,63.4 °,50.9 °,57.4 °,67.3 °,43.5 °,53.3 °,52.7 °,333 °,49.1 °,54.5 °,52.2 °,55.9 °,47.6 °,69.6 °,44.4 °,60.5 °,47.1 °
2026-09-07 01:00:00,49.9 °,50.8 °,333 °,321 °,63.5 °,51.0 °,52.8 °,57.6 °,67.1 °,58.2 °,55.2 °,69.0 °,51.5 °,318 °,44.7 °,61.3 °,58.2 °,55.8 °,50.5 °,62.2 °,40.6 °,52.7 °,49.6 °,333 °,51.6 °,52.0 °,49.9 °,53.6 °,65.3 °,54.8 °,43.2 °,66.1 °,40.6 °
2026-09-07 04:00:00,51.1 °,54.2 °,333 °,0 °,59.8 °,40.8 °,58.3 °,51.5 °,63.5 °,57.3 °,48.6 °,69.1 °,44.6 °,333 °,49.7 °,58.4 °,57.0 °,52.1 °,49.6 °,68.5 °,46.8 °,52.8 °,58.0 °,333 °,51.7 °,58.3 °,52.9 °,57.3 °,64.7 °,46.5 °,47.0 °,57.6 °,51.4 °
2026-09-07 07:00:00,53.5 °,53.6 °,333 °,0 °,68.8 °,39.4 °,54.3 °,56.3 °,65.2 °,57.6 °,53.4 °,52.5 °,43.1 °,333 °,53.3 °,60.0 °,54.3 °,54.4 °,56.7 °,54.3 °,43.1 °,49.9 °,48.7 °,333 °,52.9 °,59.4 °,52.0 °,52.4 °,61.0 °,47.5 °,50.3 °,46.7 °,57.3 °
2026-09-07 10:00:00,54.4 °,49.9 °,333 °,0 °,59.6 °,44.1 °,49.0 °,62.2 °,67.1 °,61.3 °,52.0 °,51.3 °,45.1 °,333 °,56.0 °,63.5 °,50.5 °,48.4 °,51.6 °,58.9 °,41.3 °,51.2 °,55.8 °,333 °,49.1 °,51.8 °,42.5 °,55.4 °,50.6 °,51.2 °,42.7 °,51.1 °,52.2 °
2026-09-07 13:00:00,50.6 °,46.7 °,333 °,51.5 °,55.3 °,47.5 °,51.1 °,54.7 °,64.2 °,62.8 °,50.4 °,67.4 °,40.1 °,333 °,52.0 °,51.5 °,58.0 °,51.2 °,49.5 °,62.4 °,41.1 °,46.4 °,50.1 °,333 °,50.0 °,59.4 °,38.1 °,45.7 °,56.2 °,47.5 °,43.9 °,64.3 °,52.5 °
2026-09-07 16:00:00,49.5 °,43.8 °,333 °,333 °,56.7 °,46.3 °,47.1 °,58.8 °,62.7 °,56.6 °,51.5 °,50.2 °,43.7 °,333 °,44.8 °,59.1 °,60.3 °,56.2 °,42.6 °,66.5 °,49.8 °,47.1 °,46.4 °,333 °,51.9 °,53.9 °,48.8 °,53.1 °,64.1 °,35.9 °,43.1 °,68.3 °,49.1 °
2026-09-07 19:00:00,46.5 °,61.5 °,333 °,333 °,62.6 °,44.3 °,50.0 °,60.9 °,73.1 °,54.8 °,58.9 °,49.4 °,45.3 °,333 °,48.7 °,55.2 °,65.2 °,52.1 °,50.3 °,63.8 °,49.8 °,52.4 °,57.9 °,333 °,49.2 °,62.0 °,55.2 °,,,,44.0 °,67.7 °,48.6 °
2026-09-07 22:00:00,47.8 °,51.2 °,333 °,333 °,58.1 °,45.9 °,55.4 °,59.6 °,75.8 °,54.7 °,55.2 °,53.4 °,44.5 °,333 °,37.9 °,49.6 °,70.8 °,51.8 °,47.6 °,64.3 °,48.2 °,50.6 °,58.3 °,333 °,46.3 °,57.5 °,47.0 °,52.7 °,50.5 °,54.8 °,44.3 °,71.1 °,65.2 °
2026-09-08 01:00:00,48.0 °,61.9 °,333 °,197 °,69.1 °,44.9 °,55.3 °,54.1 °,37.9 °,67.3 °,47.1 °,48.8 °,41.0 °,333 °,56.9 °,52.7 °,56.3 °,41.8 °,50.9 °,59.7 °,44.8 °,50.3 °,47.9 °,333 °,54.3 °,54.9 °,52.2 °,57.8 °,52.2 °,45.9 °,46.4 °,60.7 °,46.9 °
2026-09-08 04:00:00,49.4 °,65.4 °,333 °,0 °,54.4 °,36.7 °,,,,50.5 °,42.6 °,51.2 °,45.1 °,321 °,50.4 °,49.3 °,65.8 °,56.7 °,50.4 °,59.8 °,51.9 °,51.0 °,52.9 °,333 °,46.9 °,58.6 °,44.8 °,55.4 °,54.7 °,50.3 °,45.7 °,57.2 °,42.9 °
2026-09-08 07:00:00,53.7 °,47.4 °,333 °,0 °,67.8 °,58.5 °,,,,54.5 °,42.5 °,53.5 °,39.8 °,333 °,52.2 °,51.1 °,55.8 °,56.3 °,52.1 °,56.2 °,55.4 °,54.8 °,52.0 °,333 °,46.7 °,56.0 °,45.3 °,49.6 °,51.3 °,48.7 °,45.0 °,56.6 °,51.2 °
2026-09-08 10:00:00,59.5 °,44.3 °,333 °,0 °,64.1 °,58.7 °,,,,58.2 °,48.8 °,68.3 °,40.8 °,333 °,58.3 °,52.2 °,57.3 °,62.8 °,52.9 °,53.0 °,53.1 °,46.6 °,55.5 °,333 °,52.6 °,60.6 °,40.9 °,56.4 °,48.0 °,43.7 °,43.3 °,59.5 °,46.3 °
2026-09-08 13:00:00,55.7 °,40.7 °,333 °,0 °,52.2 °,44.9 °,,,,50.3 °,70.5 °,47.4 °,41.1 °,333 °,46.6 °,58.1 °,61.0 °,58.5 °,52.6 °,64.6 °,48.3 °,46.9 °,52.5 °,333 °,50.7 °,57.3 °,42.4 °,49.5 °,52.0 °,47.3 °,42.4 °,53.9 °,46.3 °
2026-09-08 16:00:00,53.8 °,42.7 °,333 °,0 °,52.4 °,50.2 °,,,,55.2 °,57.8 °,44.6 °,42.7 °,333 °,51.4 °,57.5 °,51.0 °,43.9 °,51.8 °,59.7 °,49.7 °,50.0 °,54.2 °,333 °,48.5 °,51.9 °,33.2 °,50.1 °,36.2 °,49.2 °,42.2 °,54.5 °,55.1 °
2026-09-08 19:00:00,54.2 °,55.5 °,333 °,0 °,52.7 °,55.9 °,,,,67.6 °,52.3 °,46.0 °,51.2 °,333 °,46.3 °,63.9 °,52.1 °,54.4 °,60.6 °,53.6 °,42.3 °,53.0 °,54.4 °,333 °,54.2 °,51.6 °,52.0 °,48.6 °,44.7 °,54.2 °,40.8 °,58.0 °,58.7 °
2026-09-08 22:00:00,53.7 °,49.3 °,333 °,0 °,56.3 °,50.0 °,,,,54.5 °,48.1 °,48.2 °,59.7 °,308 °,44.2 °,61.8 °,54.9 °,60.9 °,54.9 °,54.3 °,53.5 °,55.9 °,55.0 °,333 °,62.4 °,45.2 °,78.7 °,51.2 °,46.5 °,44.2 °,43.6 °,55.9 °,58.6 °
2026-09-09 01:00:00,52.1 °,48.5 °,333 °,0 °,54.2 °,57.6 °,,,,49.7 °,45.9 °,44.8 °,59.3 °,258 °,57.8 °,61.6 °,52.9 °,43.0 °,54.1 °,57.2 °,43.0 °,57.3 °,51.7 °,333 °,53.3 °,46.9 °,54.3 °,55.5 °,56.4 °,51.6 °,43.2 °,60.8 °,52.8 °
2026-09-09 04:00:00,55.3 °,45.8 °,333 °,0 °,50.4 °,45.1 °,35.3 °,51.6 °,73.2 °,52.6 °,48.6 °,48.4 °,52.4 °,333 °,61.7 °,63.2 °,50.7 °,46.5 °,57.0 °,46.8 °,54.7 °,49.8 °,50.3 °,333 °,52.6 °,53.6 °,54.6 °,52.7 °,52.6 °,46.8 °,45.8 °,57.4 °,48.9 °
2026-09-09 07:00:00,59.2 °,41.9 °,333 °,0 °,46.8 °,34.9 °,,,,50.1 °,36.4 °,30.5 °,53.3 °,333 °,57.1 °,58.3 °,45.9 °,63.3 °,49.8 °,57.6 °,51.5 °,47.7 °,50.5 °,333 °,46.8 °,59.5 °,43.2 °,52.0 °,52.0 °,42.9 °,42.6 °,56.4 °,48.6 °
2026-09-09 10:00:00,59.3 °,41.9 °,333 °,0 °,52.0 °,39.6 °,41.6 °,55.8 °,70.4 °,46.2 °,57.1 °,51.1 °,50.2 °,333 °,54.6 °,55.8 °,51.9 °,54.3 °,52.6 °,57.0 °,49.9 °,47.1 °,52.9 °,333 °,41.3 °,66.0 °,44.0 °,47.1 °,52.8 °,47.7 °,44.2 °,52.4 °,42.5 °
2026-09-09 13:00:00,59.5 °,48.8 °,333 °,0 °,53.0 °,42.9 °,57.4 °,41.0 °,76.9 °,50.4 °,62.0 °,48.5 °,45.9 °,83.4 °,46.2 °,56.2 °,46.0 °,57.0 °,54.1 °,58.1 °,49.3 °,46.0 °,54.0 °,333 °,42.7 °,59.6 °,44.1 °,48.4 °,53.0 °,53.5 °,44.4 °,52.8 °,38.4 °
2026-09-09 16:00:00,53.3 °,40.4 °,333 °,0 °,50.5 °,62.2 °,53.1 °,46.6 °,72.7 °,52.5 °,50.4 °,44.5 °,51.3 °,315 °,48.4 °,60.0 °,49.0 °,52.4 °,45.5 °,62.4 °,50.8 °,45.0 °,54.3 °,333 °,40.7 °,61.3 °,47.3 °,43.0 °,43.7 °,55.6 °,43.1 °,59.1 °,59.5 °
2026-09-09 19:00:00,57.8 °,39.4 °,333 °,0 °,47.3 °,81.3 °,51.8 °,47.9 °,71.1 °,57.5 °,51.2 °,59.9 °,49.6 °,282 °,61.4 °,53.0 °,51.1 °,38.7 °,49.9 °,61.9 °,41.2 °,51.1 °,49.4 °,333 °,40.0 °,60.3 °,52.6 °,41.9 °,62.5 °,48.7 °,41.5 °,55.7 °,65.1 °
2026-09-09 22:00:00,62.5 °,38.2 °,333 °,0 °,55.8 °,50.9 °,56.7 °,55.9 °,60.4 °,58.3 °,54.4 °,42.9 °,59.6 °,326 °,49.3 °,59.4 °,53.9 °,57.9 °,53.6 °,59.8 °,51.2 °,47.4 °,52.0 °,333 °,40.5 °,61.5 °,53.4 °,42.2 °,58.4 °,52.0 °,43.9 °,53.4 °,333 °
2026-09-10 01:00:00,,,,0 °,57.2 °,45.1 °,49.5 °,56.9 °,70.0 °,55.5 °,49.3 °,52.9 °,52.4 °,333 °,53.1 °,56.1 °,59.1 °,44.6 °,49.6 °,54.6 °,45.5 °,50.7 °,52.6 °,333 °,41.8 °,47.5 °,54.0 °,54.1 °,48.2 °,50.6 °,50.8 °,53.7 °,333 °
2026-09-10 04:00:00,,,,0 °,61.9 °,47.8 °,47.4 °,55.9 °,64.0 °,56.6 °,46.9 °,44.8 °,49.8 °,333 °,52.0 °,51.3 °,66.3 °,42.0 °,47.0 °,56.0 °,46.0 °,52.9 °,39.7 °,333 °,45.0 °,49.8 °,51.6 °,53.3 °,58.5 °,53.8 °,52.6 °,52.6 °,333 °
2026-09-10 07:00:00,43.2 °,80.7 °,35.4 °,59.9 °,64.6 °,62.1 °,44.7 °,57.2 °,66.6 °,59.8 °,49.5 °,56.9 °,51.5 °,333 °,45.0 °,53.8 °,61.5 °,49.1 °,50.6 °,56.9 °,51.5 °,47.5 °,49.1 °,333 °,49.4 °,45.1 °,53.9 °,53.3 °,51.3 °,50.6 °,49.6 °,55.0 °,333 °
2026-09-10 10:00:00,,,,333 °,63.6 °,55.8 °,47.5 °,55.0 °,65.5 °,54.9 °,54.1 °,55.7 °,47.3 °,326 °,48.8 °,56.5 °,55.3 °,47.2 °,50.7 °,54.7 °,54.8 °,53.8 °,46.6 °,333 °,52.4 °,44.1 °,49.9 °,51.4 °,45.8 °,43.6 °,45.8 °,47.7 °,333 °
2026-09-10 13:00:00,,,,333 °,55.5 °,52.1 °,44.2 °,54.6 °,59.8 °,49.8 °,66.5 °,41.0 °,45.2 °,332 °,54.7 °,54.3 °,51.5 °,53.6 °,52.6 °,63.6 °,41.8 °,51.4 °,45.8 °,333 °,50.1 °,51.8 °,50.2 °,46.6 °,58.3 °,49.4 °,46.0 °,50.4 °,333 °
2026-09-10 16:00:00,,,,333 °,61.3 °,55.4 °,48.1 °,52.4 °,58.6 °,46.7 °,59.5 °,47.8 °,47.3 °,333 °,53.7 °,57.3 °,43.0 °,54.6 °,51.6 °,68.0 °,47.5 °,43.9 °,52.1 °,333 °,51.2 °,55.2 °,51.7 °,46.9 °,53.4 °,50.4 °,44.7 °,48.3 °,333 °
2026-09-10 19:00:00,,,,225 °,53.7 °,51.9 °,46.8 °,57.9 °,66.2 °,45.7 °,60.7 °,55.4 °,49.6 °,333 °,88.3 °,56.5 °,47.7 °,59.1 °,49.5 °,76.9 °,35.1 °,51.6 °,52.2 °,333 °,51.1 °,53.1 °,53.5 °,51.8 °,52.8 °,43.2 °,42.6 °,62.0 °,333 °
2026-09-10 22:00:00,,,,333 °,59.1 °,42.3 °,47.1 °,57.5 °,56.9 °,51.5 °,49.5 °,52.3 °,54.4 °,302 °,73.8 °,48.1 °,56.4 °,59.1 °,54.7 °,55.8 °,53.0 °,45.1 °,56.9 °,333 °,49.2 °,52.0 °,45.1 °,53.6 °,51.6 °,45.9 °,46.2 °,57.0 °,333 °
2026-09-11 01:00:00,43.1 °,78.9 °,0 °,117 °,59.6 °,51.2 °,50.3 °,59.4 °,58.3 °,54.9 °,46.3 °,52.1 °,58.1 °,333 °,50.6 °,50.7 °,60.1 °,51.5 °,54.2 °,50.7 °,60.4 °,46.0 °,41.5 °,333 °,50.6 °,53.1 °,47.5 °,60.3 °,42.5 °,64.6 °,43.7 °,55.9 °,333 °
2026-09-11 04:00:00,60.8 °,54.0 °,0 °,0 °,56.6 °,50.7 °,51.6 °,52.2 °,68.2 °,55.6 °,44.5 °,61.0 °,53.2 °,333 °,48.1 °,52.3 °,56.7 °,49.6 °,53.1 °,51.1 °,56.2 °,42.7 °,54.5 °,333 °,51.0 °,53.6 °,47.6 °,59.9 °,48.5 °,44.1 °,49.6 °,61.6 °,333 °
2026-09-11 07:00:00,54.3 °,44.3 °,94.4 °,0 °,58.2 °,58.8 °,51.2 °,45.2 °,69.0 °,55.3 °,56.5 °,57.7 °,53.6 °,333 °,44.1 °,54.1 °,57.5 °,48.3 °,56.9 °,48.8 °,55.2 °,52.6 °,48.7 °,333 °,54.6 °,42.8 °,44.4 °,54.1 °,54.4 °,52.3 °,45.4 °,59.8 °,333 °
2026-09-11 10:00:00,65.3 °,56.6 °,333 °,260 °,60.5 °,54.0 °,51.0 °,44.2 °,57.7 °,53.9 °,58.8 °,57.8 °,55.5 °,333 °,42.7 °,60.7 °,54.1 °,43.2 °,42.3 °,92.1 °,19.6 °,58.9 °,43.5 °,333 °,54.0 °,39.5 °,46.8 °,51.8 °,52.5 °,48.7 °,57.7 °,64.6 °,333 °
2026-09-11 13:00:00,62.8 °,53.2 °,333 °,333 °,65.5 °,37.3 °,47.1 °,46.6 °,64.5 °,57.2 °,48.2 °,65.5 °,51.0 °,333 °,47.8 °,57.4 °,53.7 °,46.8 °,53.8 °,53.7 °,53.6 °,53.2 °,34.9 °,333 °,52.2 °,51.8 °,38.7 °,51.6 °,58.9 °,49.7 °,45.8 °,52.5 °,333 °
2026-09-11 16:00:00,63.1 °,49.0 °,333 °,251 °,59.3 °,50.0 °,49.5 °,45.4 °,61.9 °,53.8 °,50.3 °,56.7 °,52.2 °,333 °,36.0 °,53.2 °,54.7 °,53.3 °,57.3 °,56.8 °,50.0 °,52.6 °,48.4 °,333 °,53.1 °,48.8 °,43.8 °,47.7 °,54.4 °,48.3 °,45.4 °,54.9 °,333 °
2026-09-11 19:00:00,62.6 °,46.9 °,333 °,4.69 °,52.4 °,55.1 °,49.5 °,51.3 °,53.7 °,58.3 °,52.5 °,54.6 °,54.0 °,333 °,47.3 °,60.1 °,58.3 °,53.7 °,61.9 °,52.2 °,59.0 °,49.6 °,49.6 °,333 °,52.8 °,58.2 °,46.4 °,49.2 °,51.3 °,46.6 °,61.2 °,56.0 °,333 °
2026-09-11 22:00:00,55.9 °,36.8 °,333 °,333 °,54.5 °,49.2 °,47.2 °,59.4 °,61.4 °,58.0 °,53.4 °,54.5 °,49.0 °,312 °,36.4 °,60.5 °,59.8 °,46.0 °,62.4 °,42.3 °,70.5 °,42.2 °,59.2 °,333 °,53.7 °,49.5 °,44.8 °,48.2 °,51.2 °,42.4 °,55.2 °,62.1 °,333 °
2026-09-12 01:00:00,,,,220 °,54.1 °,51.0 °,52.1 °,55.5 °,56.7 °,64.2 °,55.9 °,29.2 °,49.4 °,321 °,48.0 °,59.2 °,57.8 °,54.7 °,58.6 °,41.2 °,89.1 °,46.6 °,44.3 °,333 °,53.1 °,51.2 °,44.3 °,55.6 °,40.3 °,42.5 °,57.2 °,58.8 °,333 °
2026-09-12 04:00:00,,,,333 °,57.2 °,47.0 °,51.3 °,46.1 °,67.8 °,,,,51.8 °,333 °,49.3 °,61.2 °,53.7 °,64.7 °,58.7 °,40.0 °,67.8 °,47.4 °,45.5 °,333 °,50.9 °,51.4 °,38.9 °,60.8 °,45.9 °,41.5 °,52.9 °,52.7 °,333 °
2026-09-12 07:00:00,,,,333 °,58.0 °,49.0 °,49.2 °,55.1 °,64.9 °,,,,53.6 °,333 °,52.6 °,60.0 °,65.4 °,45.5 °,52.3 °,45.5 °,44.5 °,44.4 °,54.7 °,333 °,51.3 °,54.1 °,49.7 °,50.9 °,47.8 °,46.7 °,47.7 °,59.3 °,333 °
2026-09-12 10:00:00,59.4 °,52.4 °,333 °,333 °,56.3 °,52.1 °,48.1 °,57.8 °,65.3 °,,,,47.9 °,333 °,53.4 °,63.1 °,67.0 °,42.2 °,53.1 °,55.2 °,45.6 °,48.6 °,41.3 °,333 °,51.7 °,48.9 °,48.1 °,49.1 °,47.6 °,46.5 °,49.4 °,57.3 °,333 °
2026-09-12 13:00:00,58.5 °,52.7 °,333 °,333 °,60.6 °,51.5 °,52.5 °,52.5 °,66.4 °,47.9 °,93.9 °,33.0 °,51.6 °,333 °,38.8 °,56.1 °,63.3 °,45.4 °,49.1 °,53.6 °,55.3 °,43.9 °,53.1 °,333 °,54.6 °,48.3 °,42.2 °,49.1 °,48.0 °,50.0 °,47.4 °,61.1 °,333 °
2026-09-12 16:00:00,57.1 °,51.3 °,333 °,302 °,57.7 °,51.2 °,52.8 °,51.7 °,66.1 °,,,,52.3 °,333 °,43.4 °,,,,57.2 °,58.9 °,51.8 °,44.3 °,51.7 °,333 °,50.2 °,51.0 °,47.0 °,46.1 °,51.2 °,52.7 °,47.1 °,53.4 °,333 °
2026-09-12 19:00:00,59.6 °,50.7 °,333 °,333 °,59.1 °,48.9 °,55.8 °,46.3 °,71.0 °,,,,47.4 °,292 °,45.5 °,,,,61.0 °,60.1 °,52.3 °,50.0 °,52.3 °,333 °,53.7 °,45.1 °,48.5 °,46.3 °,48.8 °,57.4 °,50.0 °,52.9 °,333 °
2026-09-12 22:00:00,58.7 °,54.0 °,333 °,333 °,53.5 °,53.2 °,56.8 °,44.1 °,63.8 °,,,,52.1 °,333 °,26.3 °,,,,63.3 °,52.0 °,38.9 °,52.4 °,54.7 °,333 °,53.2 °,51.1 °,42.2 °,46.9 °,51.9 °,53.9 °,51.2 °,49.1 °,333 °
2026-09-13 01:00:00,57.4 °,53.6 °,333 °,286 °,59.3 °,50.5 °,54.5 °,46.9 °,61.4 °,,,,56.3 °,333 °,37.6 °,,,,49.3 °,65.2 °,53.0 °,58.4 °,46.6 °,333 °,52.5 °,64.2 °,46.9 °,44.8 °,58.1 °,53.7 °,50.6 °,58.0 °,333 °
2026-09-13 04:00:00,53.9 °,50.4 °,333 °,252 °,48.7 °,29.5 °,55.0 °,55.5 °,50.2 °,,,,49.1 °,333 °,46.9 °,,,,55.2 °,54.2 °,52.1 °,42.1 °,53.7 °,333 °,55.6 °,62.4 °,47.1 °,47.5 °,49.7 °,53.0 °,52.7 °,49.2 °,333 °
2026-09-13 07:00:00,53.5 °,68.0 °,333 °,329 °,54.6 °,54.8 °,53.3 °,51.1 °,60.0 °,,,,59.3 °,333 °,49.7 °,,,,52.5 °,60.0 °,54.5 °,41.5 °,57.7 °,333 °,51.9 °,56.6 °,44.6 °,48.5 °,52.2 °,48.3 °,54.5 °,50.7 °,333 °
2026-09-13 10:00:00,57.1 °,57.1 °,333 °,333 °,57.9 °,50.0 °,54.0 °,54.9 °,63.1 °,,,,47.1 °,333 °,51.4 °,,,,49.9 °,64.5 °,49.5 °,49.8 °,49.1 °,333 °,53.5 °,60.6 °,49.3 °,47.1 °,54.4 °,51.4 °,39.3 °,62.7 °,333 °
2026-09-13 13:00:00,54.0 °,60.6 °,333 °,333 °,61.1 °,52.6 °,52.5 °,57.6 °,64.1 °,,,,52.5 °,333 °,50.9 °,51.2 °,74.9 °,50.4 °,54.4 °,57.2 °,49.4 °,42.0 °,55.8 °,333 °,48.3 °,57.4 °,37.7 °,47.2 °,56.4 °,47.7 °,43.8 °,60.9 °,333 °
2026-09-13 16:00:00,56.6 °,51.3 °,333 °,207 °,62.0 °,60.3 °,50.8 °,48.2 °,70.1 °,,,,50.9 °,333 °,48.1 °,49.0 °,62.8 °,39.5 °,53.8 °,62.0 °,52.8 °,46.9 °,48.1 °,333 °,45.2 °,55.9 °,44.2 °,58.2 °,53.9 °,43.2 °,44.3 °,57.3 °,333 °
2026-09-13 19:00:00,60.8 °,55.4 °,333 °,333 °,57.1 °,59.0 °,50.5 °,45.9 °,67.2 °,,,,50.2 °,333 °,51.4 °,59.8 °,53.4 °,46.4 °,54.9 °,56.5 °,56.5 °,53.8 °,49.0 °,333 °,50.1 °,46.5 °,50.9 °,64.9 °,57.8 °,41.6 °,43.3 °,56.7 °,333 °
2026-09-13 22:00:00,56.9 °,47.0 °,333 °,333 °,58.5 °,53.4 °,50.9 °,41.1 °,63.3 °,,,,50.3 °,194 °,49.0 °,64.4 °,66.8 °,96.8 °,63.4 °,50.8 °,40.5 °,52.8 °,51.1 °,333 °,49.4 °,44.5 °,44.1 °,63.4 °,52.2 °,46.6 °,45.5 °,53.2 °,333 °
2026-09-14 01:00:00,50.9 °,55.0 °,333 °,327 °,62.7 °,49.8 °,48.7 °,46.9 °,63.1 °,,,,51.9 °,333 °,57.1 °,68.0 °,57.9 °,92.3 °,55.5 °,54.8 °,48.8 °,61.6 °,49.2 °,333 °,50.9 °,63.5 °,45.5 °,50.8 °,34.0 °,11.9 °,45.4 °,58.5 °,333 °
2026-09-14 04:00:00,51.2 °,47.0 °,333 °,239 °,60.4 °,49.4 °,49.1 °,58.5 °,69.8 °,,,,51.2 °,333 °,52.6 °,59.9 °,56.4 °,54.1 °,53.8 °,63.0 °,45.8 °,42.7 °,53.6 °,333 °,48.6 °,63.1 °,34.8 °,43.8 °,95.7 °,16.5 °,59.0 °,52.2 °,333 °
2026-09-14 07:00:00,53.0 °,52.2 °,333 °,333 °,54.8 °,59.1 °,50.8 °,55.2 °,65.0 °,,,,48.8 °,333 °,54.0 °,62.3 °,68.2 °,66.5 °,53.5 °,59.1 °,52.6 °,49.0 °,49.5 °,333 °,49.7 °,58.2 °,43.9 °,,,,55.0 °,58.1 °,333 °
2026-09-14 10:00:00,54.0 °,53.1 °,333 °,333 °,62.5 °,58.7 °,45.5 °,53.0 °,57.8 °,,,,48.4 °,333 °,55.5 °,61.8 °,79.0 °,40.5 °,54.6 °,58.0 °,49.9 °,48.1 °,56.9 °,333 °,47.1 °,55.8 °,43.3 °,,,,50.9 °,56.2 °,333 °

