"Time","B_1 - I45","B_2 - I45","B_3 - I45","B_4 - I45","Center - I45","B_1 - I49","B_2 - I49","B_3 - I49","B_4 - I49","Center - I49","B_1 - I50","B_2 - I50","B_3 - I50","B_4 - I50","Center - I50","B_1 - I51","B_2 - I51","B_3 - I51","B_4 - I51","Center - I51","B_1 - I52","B_2 - I52","B_3 - I52","B_4 - I52","Center - I52","B_1 - I53","B_2 - I53","B_3 - I53","B_4 - I53","Center - I53","B_1 - I54","B_2 - I54","B_3 - I54","B_4 - I54","Center - I54","B_1 - I55","B_2 - I55","B_3 - I55","B_4 - I55","Center - I55","B_1 - I56","B_2 - I56","B_3 - I56","B_4 - I56","Center - I56","B_1 - I57","B_2 - I57","B_3 - I57","B_4 - I57","Center - I57","B_1 - I58","B_2 - I58","B_3 - I58","B_4 - I58","Center - I58","RPM "
2026-06-16 10:00:00,0.119 Mpa,1.02 Mpa,0.121 Mpa,0.120 Mpa,0 Mpa,0.118 Mpa,1.02 Mpa,0.118 Mpa,1.02 Mpa,0 Mpa,0.126 Mpa,0.123 Mpa,0.128 Mpa,0.124 Mpa,0 Mpa,,,,,,0.118 Mpa,1.02 Mpa,0.116 Mpa,0.116 Mpa,0 Mpa,0.114 Mpa,0.115 Mpa,0.112 Mpa,0.116 Mpa,0 Mpa,0.111 Mpa,0.110 Mpa,0.110 Mpa,0.111 Mpa,0 Mpa,0.120 Mpa,0.122 Mpa,0.125 Mpa,0.120 Mpa,0 Mpa,0.108 Mpa,0.108 Mpa,0.108 Mpa,0.108 Mpa,2 Mpa,0.126 Mpa,0.123 Mpa,0.127 Mpa,0.125 Mpa,0 Mpa,,,,,,1748 RPM
2026-06-16 13:00:00,0.122 Mpa,1.02 Mpa,0.124 Mpa,0.125 Mpa,0 Mpa,0.117 Mpa,1.02 Mpa,0.118 Mpa,1.02 Mpa,0 Mpa,0.126 Mpa,0.123 Mpa,0.126 Mpa,0.122 Mpa,0 Mpa,0.119 Mpa,0.122 Mpa,0.119 Mpa,0.120 Mpa,,0.113 Mpa,1.00 Mpa,0.112 Mpa,0.112 Mpa,0.00817 Mpa,0.117 Mpa,0.117 Mpa,0.115 Mpa,0.118 Mpa,0.00598 Mpa,0.123 Mpa,0.123 Mpa,0.123 Mpa,0.123 Mpa,0.00864 Mpa,0.116 Mpa,0.117 Mpa,0.120 Mpa,0.115 Mpa,0 Mpa,0.130 Mpa,0.134 Mpa,0.132 Mpa,0.131 Mpa,0.00105 Mpa,0.121 Mpa,0.119 Mpa,0.122 Mpa,0.121 Mpa,0 Mpa,,,,,,1679 RPM
2026-06-16 16:00:00,0.122 Mpa,1.02 Mpa,0.124 Mpa,0.125 Mpa,0 Mpa,0.114 Mpa,1.02 Mpa,0.114 Mpa,1.02 Mpa,0 Mpa,0.121 Mpa,0.118 Mpa,0.121 Mpa,0.118 Mpa,0 Mpa,0.115 Mpa,0.119 Mpa,0.115 Mpa,0.118 Mpa,,0.125 Mpa,1.01 Mpa,0.123 Mpa,0.123 Mpa,0.00788 Mpa,0.117 Mpa,0.117 Mpa,0.115 Mpa,0.118 Mpa,0 Mpa,0.130 Mpa,0.129 Mpa,0.129 Mpa,0.129 Mpa,0 Mpa,0.114 Mpa,0.115 Mpa,0.118 Mpa,0.114 Mpa,0 Mpa,0.123 Mpa,0.125 Mpa,0.124 Mpa,0.122 Mpa,0.00122 Mpa,0.125 Mpa,0.124 Mpa,0.127 Mpa,0.125 Mpa,0.00416 Mpa,,,,,,1689 RPM
2026-06-16 19:00:00,0.125 Mpa,1.02 Mpa,0.127 Mpa,0.127 Mpa,0 Mpa,0.109 Mpa,1.02 Mpa,0.110 Mpa,1.02 Mpa,0 Mpa,0.122 Mpa,0.118 Mpa,0.121 Mpa,0.118 Mpa,0 Mpa,0.116 Mpa,0.121 Mpa,0.116 Mpa,0.119 Mpa,,0.131 Mpa,1.02 Mpa,0.130 Mpa,0.130 Mpa,0 Mpa,0.114 Mpa,0.114 Mpa,0.113 Mpa,0.115 Mpa,0 Mpa,0.129 Mpa,0.128 Mpa,0.128 Mpa,0.128 Mpa,0 Mpa,0.121 Mpa,0.122 Mpa,0.125 Mpa,0.120 Mpa,0 Mpa,0.120 Mpa,0.123 Mpa,0.122 Mpa,0.120 Mpa,0 Mpa,0.122 Mpa,0.120 Mpa,0.124 Mpa,0.122 Mpa,0 Mpa,,,,,,1712 RPM
2026-06-16 22:00:00,0.122 Mpa,1.01 Mpa,0.124 Mpa,0.125 Mpa,0.00295 Mpa,0.113 Mpa,1.02 Mpa,0.114 Mpa,1.02 Mpa,0 Mpa,0.118 Mpa,0.116 Mpa,0.118 Mpa,0.115 Mpa,0.00576 Mpa,0.119 Mpa,0.122 Mpa,0.118 Mpa,0.121 Mpa,,0.126 Mpa,1.01 Mpa,0.125 Mpa,0.124 Mpa,0.00976 Mpa,0.119 Mpa,0.120 Mpa,0.118 Mpa,0.120 Mpa,0 Mpa,0.128 Mpa,0.126 Mpa,0.126 Mpa,0.126 Mpa,0 Mpa,0.119 Mpa,0.121 Mpa,0.123 Mpa,0.119 Mpa,0.00551 Mpa,0.123 Mpa,0.126 Mpa,0.125 Mpa,0.124 Mpa,0 Mpa,0.120 Mpa,0.119 Mpa,0.122 Mpa,0.121 Mpa,0.00930 Mpa,,,,,,1707 RPM
2026-06-17 01:00:00,0.125 Mpa,1.01 Mpa,0.126 Mpa,0.127 Mpa,0.00573 Mpa,0.111 Mpa,1.00 Mpa,0.112 Mpa,1.00 Mpa,0.0161 Mpa,0.120 Mpa,0.117 Mpa,0.121 Mpa,0.118 Mpa,0 Mpa,0.117 Mpa,0.121 Mpa,0.117 Mpa,0.119 Mpa,,0.119 Mpa,1.02 Mpa,0.118 Mpa,0.118 Mpa,0.00112 Mpa,0.124 Mpa,0.124 Mpa,0.122 Mpa,0.125 Mpa,0 Mpa,0.128 Mpa,0.126 Mpa,0.127 Mpa,0.126 Mpa,0 Mpa,0.119 Mpa,0.120 Mpa,0.122 Mpa,0.119 Mpa,0 Mpa,0.116 Mpa,0.118 Mpa,0.117 Mpa,0.116 Mpa,0 Mpa,0.124 Mpa,0.123 Mpa,0.125 Mpa,0.125 Mpa,0 Mpa,,,,,,1679 RPM
2026-06-17 04:00:00,0.127 Mpa,1.02 Mpa,0.128 Mpa,0.129 Mpa,0 Mpa,0.113 Mpa,1.01 Mpa,0.114 Mpa,1.01 Mpa,0.00758 Mpa,0.120 Mpa,0.116 Mpa,0.120 Mpa,0.117 Mpa,0 Mpa,0.114 Mpa,0.116 Mpa,0.113 Mpa,0.115 Mpa,,0.122 Mpa,1.02 Mpa,0.121 Mpa,0.120 Mpa,0 Mpa,0.120 Mpa,0.120 Mpa,0.118 Mpa,0.120 Mpa,0 Mpa,0.125 Mpa,0.124 Mpa,0.125 Mpa,0.125 Mpa,0 Mpa,0.116 Mpa,0.117 Mpa,0.119 Mpa,0.115 Mpa,0 Mpa,0.125 Mpa,0.128 Mpa,0.126 Mpa,0.125 Mpa,0.00112 Mpa,0.122 Mpa,0.121 Mpa,0.124 Mpa,0.123 Mpa,0.00534 Mpa,,,,,,1663 RPM
2026-06-17 07:00:00,0.128 Mpa,1.02 Mpa,0.130 Mpa,0.131 Mpa,0 Mpa,0.117 Mpa,1.02 Mpa,0.117 Mpa,1.02 Mpa,0 Mpa,0.123 Mpa,0.119 Mpa,0.123 Mpa,0.119 Mpa,0 Mpa,0.119 Mpa,0.123 Mpa,0.119 Mpa,0.121 Mpa,,0.127 Mpa,1.02 Mpa,0.126 Mpa,0.125 Mpa,0 Mpa,0.122 Mpa,0.121 Mpa,0.120 Mpa,0.122 Mpa,0 Mpa,0.125 Mpa,0.124 Mpa,0.124 Mpa,0.124 Mpa,0 Mpa,0.121 Mpa,0.122 Mpa,0.125 Mpa,0.120 Mpa,0 Mpa,0.127 Mpa,0.130 Mpa,0.129 Mpa,0.128 Mpa,0 Mpa,0.120 Mpa,0.120 Mpa,0.122 Mpa,0.122 Mpa,0 Mpa,,,,,,1794 RPM
2026-06-17 10:00:00,0.127 Mpa,1.02 Mpa,0.129 Mpa,0.129 Mpa,0 Mpa,0.113 Mpa,1.02 Mpa,0.114 Mpa,1.02 Mpa,0 Mpa,0.123 Mpa,0.118 Mpa,0.123 Mpa,0.119 Mpa,0 Mpa,0.115 Mpa,0.118 Mpa,0.114 Mpa,0.116 Mpa,,0.124 Mpa,1.02 Mpa,0.124 Mpa,0.123 Mpa,0 Mpa,0.119 Mpa,0.119 Mpa,0.118 Mpa,0.120 Mpa,0 Mpa,0.127 Mpa,0.126 Mpa,0.126 Mpa,0.127 Mpa,0.00750 Mpa,0.121 Mpa,0.122 Mpa,0.125 Mpa,0.120 Mpa,0 Mpa,0.127 Mpa,0.131 Mpa,0.129 Mpa,0.128 Mpa,0 Mpa,0.121 Mpa,0.121 Mpa,0.123 Mpa,0.123 Mpa,0.00470 Mpa,,,,,,1735 RPM
2026-06-17 13:00:00,0.122 Mpa,1.02 Mpa,0.123 Mpa,0.124 Mpa,0 Mpa,0.114 Mpa,1.02 Mpa,0.115 Mpa,1.02 Mpa,0 Mpa,0.125 Mpa,0.121 Mpa,0.124 Mpa,0.121 Mpa,0 Mpa,0.116 Mpa,0.118 Mpa,0.115 Mpa,0.117 Mpa,,0.119 Mpa,1.02 Mpa,0.119 Mpa,0.118 Mpa,0 Mpa,0.117 Mpa,0.117 Mpa,0.116 Mpa,0.118 Mpa,0.00536 Mpa,0.127 Mpa,0.126 Mpa,0.126 Mpa,0.126 Mpa,0 Mpa,0.119 Mpa,0.120 Mpa,0.122 Mpa,0.118 Mpa,0 Mpa,0.125 Mpa,0.129 Mpa,0.127 Mpa,0.125 Mpa,0 Mpa,0.123 Mpa,0.122 Mpa,0.125 Mpa,0.124 Mpa,0 Mpa,,,,,,1743 RPM
2026-06-17 16:00:00,0.122 Mpa,1.01 Mpa,0.123 Mpa,0.122 Mpa,0.00404 Mpa,0.114 Mpa,1.02 Mpa,0.115 Mpa,1.02 Mpa,0 Mpa,0.119 Mpa,0.115 Mpa,0.117 Mpa,0.114 Mpa,0 Mpa,0.118 Mpa,0.121 Mpa,0.118 Mpa,0.120 Mpa,,0.120 Mpa,1.01 Mpa,0.119 Mpa,0.119 Mpa,0.00677 Mpa,0.116 Mpa,0.116 Mpa,0.114 Mpa,0.117 Mpa,0.00429 Mpa,0.118 Mpa,0.117 Mpa,0.118 Mpa,0.117 Mpa,0 Mpa,0.113 Mpa,0.114 Mpa,0.116 Mpa,0.112 Mpa,0 Mpa,0.120 Mpa,0.122 Mpa,0.121 Mpa,0.120 Mpa,0 Mpa,0.116 Mpa,0.115 Mpa,0.118 Mpa,0.118 Mpa,0.00474 Mpa,,,,,,1551 RPM
2026-06-17 19:00:00,0.124 Mpa,1.02 Mpa,0.126 Mpa,0.125 Mpa,0 Mpa,0.114 Mpa,1.02 Mpa,0.115 Mpa,1.02 Mpa,0 Mpa,0.124 Mpa,0.119 Mpa,0.124 Mpa,0.123 Mpa,0 Mpa,0.122 Mpa,0.125 Mpa,0.121 Mpa,0.123 Mpa,,0.114 Mpa,0.885 Mpa,0.114 Mpa,0.113 Mpa,0.242 Mpa,0.121 Mpa,0.121 Mpa,0.120 Mpa,0.122 Mpa,0 Mpa,0.129 Mpa,0.128 Mpa,0.129 Mpa,0.128 Mpa,0 Mpa,0.121 Mpa,0.122 Mpa,0.125 Mpa,0.120 Mpa,0 Mpa,0.130 Mpa,0.135 Mpa,0.132 Mpa,0.131 Mpa,0 Mpa,0.117 Mpa,0.117 Mpa,0.119 Mpa,0.119 Mpa,0 Mpa,,,,,,1767 RPM
2026-06-17 22:00:00,0.124 Mpa,1.01 Mpa,0.126 Mpa,0.125 Mpa,0.00539 Mpa,0.114 Mpa,1.02 Mpa,0.114 Mpa,1.02 Mpa,0 Mpa,0.122 Mpa,0.118 Mpa,0.122 Mpa,0.118 Mpa,0 Mpa,0.123 Mpa,0.126 Mpa,0.121 Mpa,0.124 Mpa,,0.129 Mpa,1.01 Mpa,0.128 Mpa,0.128 Mpa,0 Mpa,0.120 Mpa,0.119 Mpa,0.118 Mpa,0.120 Mpa,0 Mpa,0.127 Mpa,0.126 Mpa,0.126 Mpa,0.126 Mpa,0 Mpa,0.117 Mpa,0.117 Mpa,0.119 Mpa,0.116 Mpa,0.00953 Mpa,0.127 Mpa,0.130 Mpa,0.129 Mpa,0.127 Mpa,0 Mpa,0.119 Mpa,0.118 Mpa,0.121 Mpa,0.125 Mpa,0.00931 Mpa,,,,,,1714 RPM
2026-06-18 01:00:00,0.118 Mpa,1.01 Mpa,0.120 Mpa,0.117 Mpa,0.0152 Mpa,0.110 Mpa,1.01 Mpa,0.111 Mpa,1.01 Mpa,0.00570 Mpa,0.123 Mpa,0.119 Mpa,0.123 Mpa,0.119 Mpa,0 Mpa,0.116 Mpa,0.120 Mpa,0.115 Mpa,0.118 Mpa,,0.130 Mpa,1.02 Mpa,0.128 Mpa,0.129 Mpa,0 Mpa,0.118 Mpa,0.118 Mpa,0.116 Mpa,0.118 Mpa,0 Mpa,0.126 Mpa,0.125 Mpa,0.125 Mpa,0.125 Mpa,0 Mpa,0.117 Mpa,0.118 Mpa,0.120 Mpa,0.116 Mpa,0 Mpa,0.127 Mpa,0.131 Mpa,0.129 Mpa,0.129 Mpa,0 Mpa,0.125 Mpa,0.124 Mpa,0.127 Mpa,0.129 Mpa,0 Mpa,,,,,,1649 RPM
2026-06-18 04:00:00,0.122 Mpa,1.02 Mpa,0.123 Mpa,0.120 Mpa,0 Mpa,0.113 Mpa,1.02 Mpa,0.114 Mpa,1.02 Mpa,0 Mpa,0.116 Mpa,0.113 Mpa,0.116 Mpa,0.113 Mpa,0 Mpa,0.119 Mpa,0.122 Mpa,0.118 Mpa,0.120 Mpa,,0.130 Mpa,1.01 Mpa,0.129 Mpa,0.129 Mpa,0.00774 Mpa,0.109 Mpa,0.110 Mpa,0.107 Mpa,0.110 Mpa,0 Mpa,0.124 Mpa,0.124 Mpa,0.123 Mpa,0.124 Mpa,0 Mpa,0.109 Mpa,0.109 Mpa,0.111 Mpa,0.108 Mpa,0 Mpa,0.129 Mpa,0.133 Mpa,0.131 Mpa,0.130 Mpa,0.00124 Mpa,0.126 Mpa,0.125 Mpa,0.127 Mpa,0.129 Mpa,0.00318 Mpa,,,,,,1560 RPM
2026-06-18 07:00:00,0.126 Mpa,1.02 Mpa,0.127 Mpa,0.125 Mpa,0 Mpa,0.114 Mpa,1.02 Mpa,0.115 Mpa,1.02 Mpa,0 Mpa,0.125 Mpa,0.121 Mpa,0.125 Mpa,0.121 Mpa,0 Mpa,0.118 Mpa,0.120 Mpa,0.117 Mpa,0.119 Mpa,,0.136 Mpa,1.02 Mpa,0.135 Mpa,0.134 Mpa,0 Mpa,0.111 Mpa,0.111 Mpa,0.109 Mpa,0.111 Mpa,0 Mpa,0.125 Mpa,0.124 Mpa,0.124 Mpa,0.124 Mpa,0 Mpa,0.124 Mpa,0.124 Mpa,0.128 Mpa,0.123 Mpa,0 Mpa,0.127 Mpa,0.130 Mpa,0.129 Mpa,0.126 Mpa,0 Mpa,0.124 Mpa,0.123 Mpa,0.125 Mpa,0.126 Mpa,0 Mpa,,,,,,1763 RPM
2026-06-18 10:00:00,0.127 Mpa,1.02 Mpa,0.129 Mpa,0.127 Mpa,0 Mpa,0.116 Mpa,1.02 Mpa,0.117 Mpa,1.02 Mpa,0 Mpa,0.126 Mpa,0.122 Mpa,0.126 Mpa,0.122 Mpa,0 Mpa,0.117 Mpa,0.120 Mpa,0.116 Mpa,0.119 Mpa,,0.130 Mpa,1.02 Mpa,0.130 Mpa,0.130 Mpa,0 Mpa,0.114 Mpa,0.114 Mpa,0.113 Mpa,0.115 Mpa,0 Mpa,0.128 Mpa,0.127 Mpa,0.127 Mpa,0.127 Mpa,0.00718 Mpa,0.119 Mpa,0.119 Mpa,0.122 Mpa,0.118 Mpa,0 Mpa,0.125 Mpa,0.128 Mpa,0.127 Mpa,0.125 Mpa,0 Mpa,0.120 Mpa,0.120 Mpa,0.122 Mpa,0.123 Mpa,0 Mpa,,,,,,1750 RPM
2026-06-18 13:00:00,0.125 Mpa,1.01 Mpa,0.127 Mpa,0.126 Mpa,0.00499 Mpa,0.115 Mpa,1.02 Mpa,0.115 Mpa,1.02 Mpa,0 Mpa,0.125 Mpa,0.122 Mpa,0.125 Mpa,0.122 Mpa,0 Mpa,0.114 Mpa,0.116 Mpa,0.114 Mpa,0.115 Mpa,,0.122 Mpa,1.02 Mpa,0.122 Mpa,0.122 Mpa,0 Mpa,0.117 Mpa,0.117 Mpa,0.116 Mpa,0.118 Mpa,0.00805 Mpa,0.128 Mpa,0.127 Mpa,0.127 Mpa,0.127 Mpa,0 Mpa,0.114 Mpa,0.115 Mpa,0.116 Mpa,0.223 Mpa,0.0739 Mpa,0.126 Mpa,0.128 Mpa,0.127 Mpa,0.125 Mpa,0 Mpa,0.118 Mpa,0.118 Mpa,0.120 Mpa,0.122 Mpa,0 Mpa,,,,,,1696 RPM
2026-06-18 16:00:00,0.122 Mpa,1.01 Mpa,0.124 Mpa,0.123 Mpa,0.00253 Mpa,0.113 Mpa,1.01 Mpa,0.114 Mpa,1.01 Mpa,0.00631 Mpa,0.118 Mpa,0.114 Mpa,0.118 Mpa,0.114 Mpa,0.0283 Mpa,0.116 Mpa,0.119 Mpa,0.115 Mpa,0.118 Mpa,,0.124 Mpa,1.01 Mpa,0.124 Mpa,0.123 Mpa,0.00657 Mpa,0.121 Mpa,0.121 Mpa,0.120 Mpa,0.121 Mpa,0.00551 Mpa,0.122 Mpa,0.122 Mpa,0.121 Mpa,0.121 Mpa,0 Mpa,,,,,,0.133 Mpa,0.136 Mpa,0.134 Mpa,0.133 Mpa,0.00169 Mpa,0.120 Mpa,0.120 Mpa,0.122 Mpa,0.130 Mpa,0.00409 Mpa,,,,,,1711 RPM
2026-06-18 19:00:00,0.124 Mpa,1.01 Mpa,0.126 Mpa,0.125 Mpa,0 Mpa,0.113 Mpa,1.02 Mpa,0.114 Mpa,1.02 Mpa,0 Mpa,0.128 Mpa,0.123 Mpa,0.127 Mpa,0.123 Mpa,0 Mpa,0.116 Mpa,0.119 Mpa,0.116 Mpa,0.117 Mpa,,0.126 Mpa,1.02 Mpa,0.125 Mpa,0.125 Mpa,0 Mpa,0.116 Mpa,0.116 Mpa,0.114 Mpa,0.117 Mpa,0 Mpa,0.129 Mpa,0.128 Mpa,0.129 Mpa,0.128 Mpa,0 Mpa,,,,,,0.128 Mpa,0.130 Mpa,0.130 Mpa,0.127 Mpa,0 Mpa,0.122 Mpa,0.121 Mpa,0.124 Mpa,0.129 Mpa,0 Mpa,,,,,,1774 RPM
2026-06-18 22:00:00,0.125 Mpa,1.01 Mpa,0.128 Mpa,0.126 Mpa,0.00854 Mpa,0.116 Mpa,1.02 Mpa,0.117 Mpa,1.02 Mpa,0 Mpa,0.122 Mpa,0.119 Mpa,0.122 Mpa,0.119 Mpa,0 Mpa,0.119 Mpa,0.122 Mpa,0.119 Mpa,0.120 Mpa,,0.121 Mpa,1.02 Mpa,0.121 Mpa,0.121 Mpa,0 Mpa,0.120 Mpa,0.119 Mpa,0.118 Mpa,0.120 Mpa,0 Mpa,0.127 Mpa,0.126 Mpa,0.126 Mpa,0.126 Mpa,0 Mpa,0.115 Mpa,0.116 Mpa,0.116 Mpa,0.844 Mpa,0.0237 Mpa,0.124 Mpa,0.127 Mpa,0.126 Mpa,0.124 Mpa,0 Mpa,0.119 Mpa,0.117 Mpa,0.120 Mpa,0.125 Mpa,0.00948 Mpa,,,,,,1729 RPM
2026-06-19 01:00:00,0.122 Mpa,1.02 Mpa,0.124 Mpa,0.122 Mpa,0 Mpa,0.113 Mpa,1.01 Mpa,0.114 Mpa,1.01 Mpa,0.0194 Mpa,0.123 Mpa,0.120 Mpa,0.123 Mpa,0.120 Mpa,0.00631 Mpa,0.115 Mpa,0.117 Mpa,0.113 Mpa,0.115 Mpa,,0.123 Mpa,1.02 Mpa,0.122 Mpa,0.121 Mpa,0 Mpa,0.116 Mpa,0.116 Mpa,0.115 Mpa,0.117 Mpa,0 Mpa,0.116 Mpa,0.116 Mpa,0.116 Mpa,0.116 Mpa,0.00780 Mpa,,,,,,0.121 Mpa,0.124 Mpa,0.122 Mpa,0.122 Mpa,0 Mpa,0.127 Mpa,0.125 Mpa,0.128 Mpa,0.132 Mpa,0 Mpa,,,,,,1573 RPM
2026-06-19 04:00:00,0.123 Mpa,1.02 Mpa,0.124 Mpa,0.123 Mpa,0 Mpa,0.114 Mpa,1.01 Mpa,0.115 Mpa,1.01 Mpa,0.00513 Mpa,0.120 Mpa,0.116 Mpa,0.119 Mpa,0.115 Mpa,0 Mpa,0.109 Mpa,0.111 Mpa,0.108 Mpa,0.110 Mpa,,0.127 Mpa,1.02 Mpa,0.127 Mpa,0.126 Mpa,0 Mpa,0.119 Mpa,0.120 Mpa,0.118 Mpa,0.120 Mpa,0 Mpa,0.116 Mpa,0.116 Mpa,0.116 Mpa,0.117 Mpa,0.0944 Mpa,,,,,,0.127 Mpa,0.130 Mpa,0.128 Mpa,0.127 Mpa,0 Mpa,0.125 Mpa,0.123 Mpa,0.126 Mpa,0.128 Mpa,0.00397 Mpa,,,,,,1684 RPM
2026-06-19 07:00:00,0.122 Mpa,1.02 Mpa,0.124 Mpa,0.122 Mpa,0 Mpa,0.113 Mpa,1.02 Mpa,0.114 Mpa,1.02 Mpa,0 Mpa,0.124 Mpa,0.120 Mpa,0.124 Mpa,0.120 Mpa,0 Mpa,0.121 Mpa,0.123 Mpa,0.121 Mpa,0.122 Mpa,,0.129 Mpa,1.02 Mpa,0.129 Mpa,0.128 Mpa,0 Mpa,0.116 Mpa,0.115 Mpa,0.114 Mpa,0.116 Mpa,0 Mpa,0.128 Mpa,0.126 Mpa,0.127 Mpa,0.126 Mpa,0 Mpa,,,,,,0.127 Mpa,0.131 Mpa,0.130 Mpa,0.128 Mpa,0 Mpa,0.123 Mpa,0.121 Mpa,0.124 Mpa,0.126 Mpa,0 Mpa,,,,,,1755 RPM
2026-06-19 10:00:00,0.123 Mpa,1.02 Mpa,0.125 Mpa,0.123 Mpa,0 Mpa,0.116 Mpa,1.02 Mpa,0.117 Mpa,1.02 Mpa,0 Mpa,0.121 Mpa,0.118 Mpa,0.122 Mpa,0.119 Mpa,0 Mpa,0.112 Mpa,0.115 Mpa,0.112 Mpa,0.114 Mpa,,0.129 Mpa,1.02 Mpa,0.128 Mpa,0.127 Mpa,0 Mpa,0.115 Mpa,0.115 Mpa,0.114 Mpa,0.117 Mpa,0.00600 Mpa,0.127 Mpa,0.125 Mpa,0.126 Mpa,0.125 Mpa,0 Mpa,,,,,,0.130 Mpa,0.133 Mpa,0.132 Mpa,0.129 Mpa,0 Mpa,0.121 Mpa,0.120 Mpa,0.123 Mpa,0.126 Mpa,0 Mpa,,,,,,1741 RPM
2026-06-19 13:00:00,0.115 Mpa,1.02 Mpa,0.116 Mpa,0.114 Mpa,0 Mpa,0.115 Mpa,1.02 Mpa,0.116 Mpa,1.02 Mpa,0 Mpa,0.123 Mpa,0.119 Mpa,0.122 Mpa,0.119 Mpa,0 Mpa,0.104 Mpa,0.106 Mpa,0.106 Mpa,0.106 Mpa,,0.127 Mpa,1.02 Mpa,0.126 Mpa,0.126 Mpa,0 Mpa,0.113 Mpa,0.113 Mpa,0.111 Mpa,0.114 Mpa,0 Mpa,0.124 Mpa,0.122 Mpa,0.123 Mpa,0.122 Mpa,0.00529 Mpa,,,,,,0.127 Mpa,0.130 Mpa,0.129 Mpa,0.127 Mpa,0 Mpa,0.120 Mpa,0.119 Mpa,0.122 Mpa,0.125 Mpa,0 Mpa,,,,,,1625 RPM
2026-06-19 16:00:00,0.121 Mpa,1.02 Mpa,0.122 Mpa,0.121 Mpa,0 Mpa,0.115 Mpa,1.01 Mpa,0.116 Mpa,1.01 Mpa,0.00432 Mpa,0.119 Mpa,0.116 Mpa,0.119 Mpa,0.116 Mpa,0 Mpa,0.109 Mpa,0.111 Mpa,0.110 Mpa,0.111 Mpa,,0.122 Mpa,1.02 Mpa,0.121 Mpa,0.121 Mpa,0 Mpa,0.116 Mpa,0.117 Mpa,0.115 Mpa,0.117 Mpa,0 Mpa,0.129 Mpa,0.128 Mpa,0.128 Mpa,0.128 Mpa,0 Mpa,0.1000 Mpa,0.1000 Mpa,0.1000 Mpa,0.986 Mpa,0.0593 Mpa,0.124 Mpa,0.126 Mpa,0.124 Mpa,0.124 Mpa,0 Mpa,0.118 Mpa,0.117 Mpa,0.119 Mpa,0.123 Mpa,0.00835 Mpa,,,,,,1625 RPM
2026-06-19 19:00:00,0.124 Mpa,1.02 Mpa,0.126 Mpa,0.124 Mpa,0 Mpa,0.111 Mpa,1.02 Mpa,0.113 Mpa,1.02 Mpa,0 Mpa,0.122 Mpa,0.119 Mpa,0.122 Mpa,0.119 Mpa,0 Mpa,0.115 Mpa,0.119 Mpa,0.115 Mpa,0.118 Mpa,,0.121 Mpa,1.02 Mpa,0.120 Mpa,0.120 Mpa,0 Mpa,0.119 Mpa,0.118 Mpa,0.118 Mpa,0.119 Mpa,0 Mpa,0.126 Mpa,0.125 Mpa,0.125 Mpa,0.125 Mpa,0 Mpa,0.108 Mpa,0.109 Mpa,0.109 Mpa,0.994 Mpa,0.0499 Mpa,0.126 Mpa,0.129 Mpa,0.127 Mpa,0.126 Mpa,0 Mpa,,,,,,,,,,,1673 RPM
2026-06-19 22:00:00,0.117 Mpa,1.01 Mpa,0.119 Mpa,0.117 Mpa,0.00318 Mpa,0.114 Mpa,1.02 Mpa,0.115 Mpa,1.02 Mpa,0 Mpa,0.115 Mpa,0.111 Mpa,0.115 Mpa,0.111 Mpa,0 Mpa,0.112 Mpa,0.114 Mpa,0.112 Mpa,0.114 Mpa,,0.123 Mpa,1.02 Mpa,0.122 Mpa,0.121 Mpa,0 Mpa,0.116 Mpa,0.116 Mpa,0.115 Mpa,0.116 Mpa,0 Mpa,0.125 Mpa,0.124 Mpa,0.125 Mpa,0.124 Mpa,0 Mpa,0.119 Mpa,0.120 Mpa,0.120 Mpa,1.01 Mpa,0.0155 Mpa,0.128 Mpa,0.132 Mpa,0.130 Mpa,0.129 Mpa,0 Mpa,0.118 Mpa,0.118 Mpa,0.119 Mpa,0.123 Mpa,0.128 Mpa,,,,,,1697 RPM
2026-06-20 01:00:00,0.121 Mpa,1.02 Mpa,0.123 Mpa,0.120 Mpa,0 Mpa,0.110 Mpa,1.01 Mpa,0.111 Mpa,1.01 Mpa,0.0176 Mpa,0.116 Mpa,0.112 Mpa,0.115 Mpa,0.112 Mpa,0 Mpa,0.117 Mpa,0.119 Mpa,0.116 Mpa,0.118 Mpa,,0.115 Mpa,1.01 Mpa,0.114 Mpa,0.115 Mpa,0.00681 Mpa,0.117 Mpa,0.116 Mpa,0.115 Mpa,0.117 Mpa,0 Mpa,0.122 Mpa,0.121 Mpa,0.121 Mpa,0.121 Mpa,0.00604 Mpa,0.122 Mpa,0.124 Mpa,0.124 Mpa,1.00 Mpa,0.0320 Mpa,0.121 Mpa,0.124 Mpa,0.122 Mpa,0.121 Mpa,0 Mpa,0.120 Mpa,0.119 Mpa,0.121 Mpa,0.125 Mpa,0 Mpa,,,,,,1543 RPM
2026-06-20 04:00:00,0.123 Mpa,1.01 Mpa,0.125 Mpa,0.123 Mpa,0.00487 Mpa,0.114 Mpa,1.01 Mpa,0.115 Mpa,1.01 Mpa,0.00479 Mpa,0.113 Mpa,0.111 Mpa,0.113 Mpa,0.110 Mpa,0 Mpa,0.113 Mpa,0.115 Mpa,0.113 Mpa,0.115 Mpa,,0.118 Mpa,1.02 Mpa,0.117 Mpa,0.118 Mpa,0 Mpa,0.117 Mpa,0.117 Mpa,0.115 Mpa,0.118 Mpa,0.00520 Mpa,0.122 Mpa,0.120 Mpa,0.121 Mpa,0.121 Mpa,0 Mpa,0.113 Mpa,0.113 Mpa,0.114 Mpa,1.02 Mpa,0 Mpa,0.123 Mpa,0.126 Mpa,0.124 Mpa,0.123 Mpa,0.00125 Mpa,0.119 Mpa,0.119 Mpa,0.121 Mpa,0.125 Mpa,0 Mpa,,,,,,1546 RPM
2026-06-20 07:00:00,0.118 Mpa,1.02 Mpa,0.120 Mpa,0.117 Mpa,0 Mpa,0.114 Mpa,1.02 Mpa,0.115 Mpa,1.02 Mpa,0 Mpa,0.125 Mpa,0.121 Mpa,0.125 Mpa,0.121 Mpa,0 Mpa,0.118 Mpa,0.121 Mpa,0.118 Mpa,0.120 Mpa,,0.124 Mpa,1.02 Mpa,0.124 Mpa,0.123 Mpa,0 Mpa,0.119 Mpa,0.119 Mpa,0.117 Mpa,0.120 Mpa,0 Mpa,0.125 Mpa,0.124 Mpa,0.125 Mpa,0.124 Mpa,0 Mpa,0.122 Mpa,0.123 Mpa,0.125 Mpa,1.01 Mpa,0.00522 Mpa,0.129 Mpa,0.132 Mpa,0.130 Mpa,0.129 Mpa,0 Mpa,0.127 Mpa,0.126 Mpa,0.128 Mpa,0.133 Mpa,0 Mpa,,,,,,1732 RPM
2026-06-20 10:00:00,0.125 Mpa,1.02 Mpa,0.126 Mpa,0.125 Mpa,0 Mpa,0.115 Mpa,1.02 Mpa,0.116 Mpa,1.02 Mpa,0 Mpa,0.125 Mpa,0.121 Mpa,0.125 Mpa,0.121 Mpa,0 Mpa,0.118 Mpa,0.121 Mpa,0.118 Mpa,0.119 Mpa,,0.125 Mpa,1.01 Mpa,0.125 Mpa,0.124 Mpa,0.00608 Mpa,0.116 Mpa,0.115 Mpa,0.114 Mpa,0.116 Mpa,0 Mpa,0.123 Mpa,0.121 Mpa,0.122 Mpa,0.121 Mpa,0.0163 Mpa,0.122 Mpa,0.124 Mpa,0.126 Mpa,1.01 Mpa,0.00797 Mpa,0.128 Mpa,0.131 Mpa,0.130 Mpa,0.128 Mpa,0 Mpa,0.131 Mpa,0.129 Mpa,0.132 Mpa,0.138 Mpa,0 Mpa,,,,,,1709 RPM
2026-06-20 13:00:00,0.124 Mpa,1.02 Mpa,0.126 Mpa,0.124 Mpa,0 Mpa,0.114 Mpa,1.02 Mpa,0.115 Mpa,1.02 Mpa,0 Mpa,0.123 Mpa,0.120 Mpa,0.123 Mpa,0.120 Mpa,0 Mpa,0.113 Mpa,0.116 Mpa,0.113 Mpa,0.115 Mpa,,0.126 Mpa,1.02 Mpa,0.125 Mpa,0.126 Mpa,0 Mpa,0.115 Mpa,0.115 Mpa,0.113 Mpa,0.116 Mpa,0.0107 Mpa,0.122 Mpa,0.121 Mpa,0.121 Mpa,0.121 Mpa,0 Mpa,0.122 Mpa,0.122 Mpa,0.125 Mpa,1.00 Mpa,0 Mpa,0.123 Mpa,0.127 Mpa,0.126 Mpa,0.124 Mpa,0 Mpa,0.127 Mpa,0.126 Mpa,0.129 Mpa,0.132 Mpa,0 Mpa,,,,,,1662 RPM
2026-06-20 16:00:00,0.122 Mpa,1.02 Mpa,0.124 Mpa,0.121 Mpa,0 Mpa,0.113 Mpa,1.01 Mpa,0.113 Mpa,1.01 Mpa,0.00654 Mpa,0.117 Mpa,0.114 Mpa,0.117 Mpa,0.114 Mpa,0 Mpa,0.116 Mpa,0.119 Mpa,0.115 Mpa,0.117 Mpa,,0.122 Mpa,1.02 Mpa,0.121 Mpa,0.121 Mpa,0 Mpa,0.115 Mpa,0.114 Mpa,0.113 Mpa,0.115 Mpa,0 Mpa,0.123 Mpa,0.122 Mpa,0.122 Mpa,0.122 Mpa,0 Mpa,0.117 Mpa,0.118 Mpa,0.120 Mpa,1.02 Mpa,0 Mpa,0.127 Mpa,0.130 Mpa,0.129 Mpa,0.127 Mpa,0.00177 Mpa,0.124 Mpa,0.122 Mpa,0.125 Mpa,0.126 Mpa,0 Mpa,,,,,,1670 RPM
2026-06-20 19:00:00,0.121 Mpa,1.02 Mpa,0.123 Mpa,0.121 Mpa,0 Mpa,0.107 Mpa,1.01 Mpa,0.108 Mpa,1.01 Mpa,0.0257 Mpa,0.120 Mpa,0.117 Mpa,0.121 Mpa,0.118 Mpa,0 Mpa,0.119 Mpa,0.122 Mpa,0.118 Mpa,0.121 Mpa,,0.127 Mpa,1.02 Mpa,0.126 Mpa,0.125 Mpa,0 Mpa,0.113 Mpa,0.113 Mpa,0.111 Mpa,0.114 Mpa,0 Mpa,0.126 Mpa,0.125 Mpa,0.126 Mpa,0.125 Mpa,0 Mpa,0.115 Mpa,0.115 Mpa,0.117 Mpa,1.01 Mpa,0.0182 Mpa,0.127 Mpa,0.130 Mpa,0.128 Mpa,0.127 Mpa,0 Mpa,0.124 Mpa,0.122 Mpa,0.125 Mpa,0.126 Mpa,0 Mpa,,,,,,1728 RPM
2026-06-20 22:00:00,0.121 Mpa,1.01 Mpa,0.123 Mpa,0.121 Mpa,0.0108 Mpa,0.111 Mpa,1.02 Mpa,0.112 Mpa,1.02 Mpa,0 Mpa,0.120 Mpa,0.117 Mpa,0.120 Mpa,0.117 Mpa,0 Mpa,0.115 Mpa,0.117 Mpa,0.114 Mpa,0.116 Mpa,,0.121 Mpa,1.01 Mpa,0.120 Mpa,0.120 Mpa,0.00628 Mpa,0.109 Mpa,0.109 Mpa,0.108 Mpa,0.110 Mpa,0.00577 Mpa,0.125 Mpa,0.124 Mpa,0.124 Mpa,0.124 Mpa,0 Mpa,0.115 Mpa,0.117 Mpa,0.119 Mpa,1.02 Mpa,0 Mpa,0.126 Mpa,0.129 Mpa,0.128 Mpa,0.126 Mpa,0 Mpa,0.119 Mpa,0.118 Mpa,0.121 Mpa,0.123 Mpa,0 Mpa,,,,,,1664 RPM
2026-06-21 01:00:00,0.120 Mpa,1.02 Mpa,0.120 Mpa,0.117 Mpa,0 Mpa,0.115 Mpa,1.02 Mpa,0.116 Mpa,1.02 Mpa,0 Mpa,0.119 Mpa,0.117 Mpa,0.119 Mpa,0.116 Mpa,0 Mpa,0.116 Mpa,0.119 Mpa,0.116 Mpa,0.118 Mpa,,0.124 Mpa,1.02 Mpa,0.124 Mpa,0.123 Mpa,0 Mpa,0.113 Mpa,0.113 Mpa,0.111 Mpa,0.113 Mpa,0 Mpa,0.127 Mpa,0.126 Mpa,0.126 Mpa,0.126 Mpa,0 Mpa,0.122 Mpa,0.123 Mpa,0.125 Mpa,1.01 Mpa,0.00470 Mpa,0.125 Mpa,0.129 Mpa,0.127 Mpa,0.126 Mpa,0 Mpa,0.122 Mpa,0.120 Mpa,0.123 Mpa,0.125 Mpa,0.0115 Mpa,,,,,,1709 RPM
2026-06-21 04:00:00,0.128 Mpa,1.01 Mpa,0.130 Mpa,0.127 Mpa,0.00625 Mpa,0.113 Mpa,1.02 Mpa,0.113 Mpa,1.02 Mpa,0 Mpa,0.118 Mpa,0.115 Mpa,0.118 Mpa,0.115 Mpa,0.0105 Mpa,0.118 Mpa,0.120 Mpa,0.118 Mpa,0.119 Mpa,,0.122 Mpa,1.02 Mpa,0.122 Mpa,0.121 Mpa,0 Mpa,0.119 Mpa,0.119 Mpa,0.118 Mpa,0.120 Mpa,0 Mpa,0.128 Mpa,0.127 Mpa,0.127 Mpa,0.127 Mpa,0 Mpa,0.112 Mpa,0.113 Mpa,0.114 Mpa,1.00 Mpa,0 Mpa,0.130 Mpa,0.131 Mpa,0.132 Mpa,0.129 Mpa,0.00210 Mpa,0.121 Mpa,0.121 Mpa,0.123 Mpa,0.125 Mpa,0.00382 Mpa,,,,,,1671 RPM
2026-06-21 07:00:00,0.131 Mpa,1.02 Mpa,0.133 Mpa,0.131 Mpa,0 Mpa,0.115 Mpa,1.02 Mpa,0.116 Mpa,1.02 Mpa,0 Mpa,0.122 Mpa,0.119 Mpa,0.122 Mpa,0.119 Mpa,0 Mpa,0.118 Mpa,0.121 Mpa,0.117 Mpa,0.119 Mpa,,0.126 Mpa,1.02 Mpa,0.125 Mpa,0.124 Mpa,0 Mpa,0.121 Mpa,0.120 Mpa,0.119 Mpa,0.121 Mpa,0 Mpa,0.128 Mpa,0.126 Mpa,0.127 Mpa,0.126 Mpa,0 Mpa,0.130 Mpa,0.130 Mpa,0.132 Mpa,1.01 Mpa,0.00518 Mpa,0.126 Mpa,0.128 Mpa,0.128 Mpa,0.126 Mpa,0 Mpa,0.128 Mpa,0.126 Mpa,0.130 Mpa,0.130 Mpa,0 Mpa,,,,,,1749 RPM
2026-06-21 10:00:00,0.127 Mpa,1.01 Mpa,0.129 Mpa,0.127 Mpa,0.00534 Mpa,0.109 Mpa,1.02 Mpa,0.110 Mpa,1.02 Mpa,0 Mpa,0.122 Mpa,0.119 Mpa,0.121 Mpa,0.118 Mpa,0 Mpa,0.116 Mpa,0.119 Mpa,0.115 Mpa,0.117 Mpa,,0.121 Mpa,1.00 Mpa,0.121 Mpa,0.120 Mpa,0.00883 Mpa,0.112 Mpa,0.112 Mpa,0.110 Mpa,0.113 Mpa,0 Mpa,0.126 Mpa,0.124 Mpa,0.125 Mpa,0.123 Mpa,0.00674 Mpa,0.125 Mpa,0.126 Mpa,0.128 Mpa,1.01 Mpa,0.00670 Mpa,0.115 Mpa,0.118 Mpa,0.117 Mpa,0.116 Mpa,0 Mpa,0.119 Mpa,0.118 Mpa,0.121 Mpa,0.121 Mpa,0.0187 Mpa,,,,,,1444 RPM
2026-06-21 13:00:00,0.125 Mpa,1.02 Mpa,0.126 Mpa,0.124 Mpa,0 Mpa,0.114 Mpa,1.02 Mpa,0.115 Mpa,1.02 Mpa,0 Mpa,,,,,,,,,,,,,,,,0.100 Mpa,0.101 Mpa,0.1000 Mpa,0.101 Mpa,0 Mpa,0.115 Mpa,0.114 Mpa,0.115 Mpa,0.116 Mpa,0.159 Mpa,,,,,,0.124 Mpa,0.126 Mpa,0.126 Mpa,0.124 Mpa,0.00447 Mpa,0.122 Mpa,0.121 Mpa,0.124 Mpa,0.124 Mpa,0 Mpa,,,,,,1301 RPM
2026-06-21 16:00:00,0.123 Mpa,1.01 Mpa,0.124 Mpa,0.124 Mpa,0.00531 Mpa,0.116 Mpa,1.02 Mpa,0.117 Mpa,1.02 Mpa,0 Mpa,,,,,,0.114 Mpa,0.116 Mpa,0.114 Mpa,0.115 Mpa,,0.126 Mpa,1.02 Mpa,0.125 Mpa,0.123 Mpa,0 Mpa,0.106 Mpa,0.106 Mpa,0.104 Mpa,0.106 Mpa,0 Mpa,0.132 Mpa,0.129 Mpa,0.130 Mpa,0.129 Mpa,0 Mpa,0.118 Mpa,0.119 Mpa,0.119 Mpa,1.02 Mpa,0 Mpa,0.124 Mpa,0.126 Mpa,0.126 Mpa,0.125 Mpa,0.00119 Mpa,0.120 Mpa,0.119 Mpa,0.122 Mpa,0.121 Mpa,0.00389 Mpa,,,,,,1585 RPM
2026-06-21 19:00:00,0.124 Mpa,1.02 Mpa,0.125 Mpa,0.126 Mpa,0 Mpa,0.114 Mpa,1.02 Mpa,0.114 Mpa,1.02 Mpa,0 Mpa,,,,,,0.116 Mpa,0.119 Mpa,0.116 Mpa,0.118 Mpa,,0.129 Mpa,1.02 Mpa,0.128 Mpa,0.127 Mpa,0 Mpa,0.114 Mpa,0.114 Mpa,0.112 Mpa,0.114 Mpa,0 Mpa,0.128 Mpa,0.127 Mpa,0.128 Mpa,0.127 Mpa,0 Mpa,0.119 Mpa,0.120 Mpa,0.122 Mpa,1.01 Mpa,0.00476 Mpa,0.121 Mpa,0.122 Mpa,0.122 Mpa,0.120 Mpa,0 Mpa,0.120 Mpa,0.119 Mpa,0.122 Mpa,0.122 Mpa,0 Mpa,,,,,,1744 RPM
2026-06-21 22:00:00,0.122 Mpa,1.01 Mpa,0.124 Mpa,0.124 Mpa,0 Mpa,0.115 Mpa,1.02 Mpa,0.116 Mpa,1.02 Mpa,0 Mpa,0.105 Mpa,0.105 Mpa,0.105 Mpa,0.103 Mpa,0.100 Mpa,0.114 Mpa,0.117 Mpa,0.114 Mpa,0.116 Mpa,,0.125 Mpa,1.02 Mpa,0.125 Mpa,0.123 Mpa,0 Mpa,0.111 Mpa,0.112 Mpa,0.110 Mpa,0.113 Mpa,0 Mpa,0.126 Mpa,0.124 Mpa,0.124 Mpa,0.125 Mpa,0 Mpa,0.119 Mpa,0.121 Mpa,0.122 Mpa,1.01 Mpa,0.0109 Mpa,0.123 Mpa,0.125 Mpa,0.125 Mpa,0.123 Mpa,0 Mpa,0.117 Mpa,0.115 Mpa,0.118 Mpa,0.118 Mpa,0.0102 Mpa,,,,,,1680 RPM
2026-06-22 01:00:00,0.126 Mpa,1.01 Mpa,0.127 Mpa,0.127 Mpa,0.0191 Mpa,0.113 Mpa,1.01 Mpa,0.114 Mpa,1.01 Mpa,0.0211 Mpa,0.118 Mpa,0.115 Mpa,0.118 Mpa,0.115 Mpa,0 Mpa,0.115 Mpa,0.118 Mpa,0.115 Mpa,0.117 Mpa,,0.123 Mpa,1.01 Mpa,0.122 Mpa,0.121 Mpa,0.0118 Mpa,0.101 Mpa,0.101 Mpa,0.0984 Mpa,0.101 Mpa,0.00534 Mpa,0.125 Mpa,0.124 Mpa,0.124 Mpa,0.124 Mpa,0 Mpa,0.124 Mpa,0.125 Mpa,0.127 Mpa,1.02 Mpa,0 Mpa,0.116 Mpa,0.117 Mpa,0.117 Mpa,0.116 Mpa,0 Mpa,0.120 Mpa,0.119 Mpa,0.121 Mpa,0.122 Mpa,0.00617 Mpa,,,,,,1497 RPM
2026-06-22 04:00:00,0.127 Mpa,1.02 Mpa,0.128 Mpa,0.128 Mpa,0 Mpa,0.113 Mpa,1.01 Mpa,0.114 Mpa,1.01 Mpa,0.00496 Mpa,0.116 Mpa,0.113 Mpa,0.116 Mpa,0.113 Mpa,0 Mpa,0.117 Mpa,0.120 Mpa,0.117 Mpa,0.119 Mpa,,0.121 Mpa,1.02 Mpa,0.121 Mpa,0.120 Mpa,0 Mpa,0.109 Mpa,0.109 Mpa,0.107 Mpa,0.110 Mpa,0 Mpa,0.126 Mpa,0.124 Mpa,0.124 Mpa,0.124 Mpa,0 Mpa,0.116 Mpa,0.116 Mpa,0.118 Mpa,1.02 Mpa,0 Mpa,0.120 Mpa,0.122 Mpa,0.122 Mpa,0.121 Mpa,0.00116 Mpa,0.131 Mpa,0.129 Mpa,0.132 Mpa,0.134 Mpa,0 Mpa,,,,,,1662 RPM
2026-06-22 07:00:00,0.129 Mpa,1.02 Mpa,0.131 Mpa,0.133 Mpa,0 Mpa,0.116 Mpa,1.02 Mpa,0.117 Mpa,1.02 Mpa,0 Mpa,0.121 Mpa,0.117 Mpa,0.121 Mpa,0.117 Mpa,0 Mpa,0.117 Mpa,0.119 Mpa,0.116 Mpa,0.118 Mpa,,0.123 Mpa,1.01 Mpa,0.123 Mpa,0.122 Mpa,0.00519 Mpa,0.116 Mpa,0.115 Mpa,0.114 Mpa,0.116 Mpa,0 Mpa,0.129 Mpa,0.127 Mpa,0.128 Mpa,0.128 Mpa,0.00381 Mpa,0.123 Mpa,0.123 Mpa,0.125 Mpa,1.02 Mpa,0 Mpa,0.125 Mpa,0.129 Mpa,0.127 Mpa,0.126 Mpa,0 Mpa,0.128 Mpa,0.127 Mpa,0.130 Mpa,0.133 Mpa,0 Mpa,,,,,,1732 RPM
2026-06-22 10:00:00,0.117 Mpa,1.01 Mpa,0.117 Mpa,0.118 Mpa,0.0285 Mpa,0.112 Mpa,1.02 Mpa,0.113 Mpa,1.02 Mpa,0 Mpa,0.122 Mpa,0.118 Mpa,0.121 Mpa,0.118 Mpa,0 Mpa,0.115 Mpa,0.117 Mpa,0.114 Mpa,0.116 Mpa,,0.122 Mpa,1.02 Mpa,0.121 Mpa,0.121 Mpa,0 Mpa,0.117 Mpa,0.119 Mpa,0.116 Mpa,0.120 Mpa,0.00681 Mpa,0.129 Mpa,0.126 Mpa,0.127 Mpa,0.126 Mpa,0.0153 Mpa,0.125 Mpa,0.126 Mpa,0.128 Mpa,1.02 Mpa,0 Mpa,0.127 Mpa,0.130 Mpa,0.129 Mpa,0.127 Mpa,0 Mpa,0.126 Mpa,0.125 Mpa,0.128 Mpa,0.129 Mpa,0 Mpa,,,,,,1688 RPM
2026-06-22 13:00:00,0.125 Mpa,1.02 Mpa,0.126 Mpa,0.127 Mpa,0 Mpa,0.116 Mpa,1.02 Mpa,0.117 Mpa,1.02 Mpa,0 Mpa,0.114 Mpa,0.111 Mpa,0.114 Mpa,0.112 Mpa,0 Mpa,0.108 Mpa,0.109 Mpa,0.108 Mpa,0.108 Mpa,,0.119 Mpa,1.02 Mpa,0.119 Mpa,0.119 Mpa,0 Mpa,0.111 Mpa,0.112 Mpa,0.110 Mpa,0.113 Mpa,0.00747 Mpa,0.130 Mpa,0.129 Mpa,0.129 Mpa,0.129 Mpa,0 Mpa,0.123 Mpa,0.124 Mpa,0.126 Mpa,1.02 Mpa,0 Mpa,0.128 Mpa,0.131 Mpa,0.129 Mpa,0.128 Mpa,0.00142 Mpa,0.125 Mpa,0.124 Mpa,0.127 Mpa,0.137 Mpa,0 Mpa,,,,,,1641 RPM
2026-06-22 16:00:00,0.121 Mpa,1.02 Mpa,0.123 Mpa,0.123 Mpa,0 Mpa,0.116 Mpa,1.01 Mpa,0.117 Mpa,1.01 Mpa,0.0131 Mpa,0.123 Mpa,0.119 Mpa,0.122 Mpa,0.119 Mpa,0 Mpa,0.117 Mpa,0.120 Mpa,0.116 Mpa,0.119 Mpa,,0.121 Mpa,1.02 Mpa,0.120 Mpa,0.120 Mpa,0 Mpa,0.109 Mpa,0.108 Mpa,0.107 Mpa,0.109 Mpa,0 Mpa,0.129 Mpa,0.127 Mpa,0.128 Mpa,0.127 Mpa,0 Mpa,0.122 Mpa,0.123 Mpa,0.126 Mpa,1.02 Mpa,0 Mpa,0.126 Mpa,0.128 Mpa,0.127 Mpa,0.126 Mpa,0 Mpa,0.124 Mpa,0.122 Mpa,0.125 Mpa,0.128 Mpa,0 Mpa,,,,,,1712 RPM
2026-06-22 19:00:00,0.123 Mpa,1.02 Mpa,0.125 Mpa,0.124 Mpa,0 Mpa,0.115 Mpa,1.02 Mpa,0.116 Mpa,1.02 Mpa,0 Mpa,0.121 Mpa,0.117 Mpa,0.121 Mpa,0.118 Mpa,0.0122 Mpa,0.114 Mpa,0.118 Mpa,0.114 Mpa,0.117 Mpa,,0.114 Mpa,1.00 Mpa,0.114 Mpa,0.113 Mpa,0.0302 Mpa,0.114 Mpa,0.113 Mpa,0.112 Mpa,0.114 Mpa,0 Mpa,0.121 Mpa,0.120 Mpa,0.120 Mpa,0.120 Mpa,0.0156 Mpa,0.128 Mpa,0.129 Mpa,0.132 Mpa,1.02 Mpa,0 Mpa,0.128 Mpa,0.131 Mpa,0.129 Mpa,0.128 Mpa,0 Mpa,0.122 Mpa,0.121 Mpa,0.124 Mpa,0.124 Mpa,0 Mpa,,,,,,1677 RPM
2026-06-22 22:00:00,0.126 Mpa,1.01 Mpa,0.128 Mpa,0.127 Mpa,0.0115 Mpa,0.115 Mpa,1.01 Mpa,0.116 Mpa,1.01 Mpa,0.00488 Mpa,0.122 Mpa,0.119 Mpa,0.122 Mpa,0.119 Mpa,0 Mpa,0.113 Mpa,0.116 Mpa,0.113 Mpa,0.115 Mpa,,0.126 Mpa,1.02 Mpa,0.125 Mpa,0.125 Mpa,0 Mpa,0.116 Mpa,0.115 Mpa,0.114 Mpa,0.116 Mpa,0 Mpa,0.110 Mpa,0.110 Mpa,0.110 Mpa,0.112 Mpa,0 Mpa,0.122 Mpa,0.123 Mpa,0.125 Mpa,1.01 Mpa,0.00527 Mpa,0.124 Mpa,0.127 Mpa,0.126 Mpa,0.124 Mpa,0 Mpa,0.125 Mpa,0.123 Mpa,0.127 Mpa,0.126 Mpa,0 Mpa,,,,,,1703 RPM
2026-06-23 01:00:00,0.106 Mpa,1.01 Mpa,0.107 Mpa,0.108 Mpa,0.00759 Mpa,0.105 Mpa,0.981 Mpa,0.106 Mpa,0.981 Mpa,0.0680 Mpa,0.122 Mpa,0.118 Mpa,0.122 Mpa,0.119 Mpa,0 Mpa,0.116 Mpa,0.117 Mpa,0.115 Mpa,0.116 Mpa,,0.131 Mpa,1.02 Mpa,0.130 Mpa,0.130 Mpa,0 Mpa,0.112 Mpa,0.112 Mpa,0.111 Mpa,0.113 Mpa,0 Mpa,0.131 Mpa,0.129 Mpa,0.130 Mpa,0.129 Mpa,0.00135 Mpa,0.121 Mpa,0.122 Mpa,0.123 Mpa,1.02 Mpa,0 Mpa,0.122 Mpa,0.124 Mpa,0.123 Mpa,0.122 Mpa,0 Mpa,0.122 Mpa,0.120 Mpa,0.123 Mpa,0.123 Mpa,0.00433 Mpa,,,,,,1667 RPM
2026-06-23 04:00:00,0.126 Mpa,1.02 Mpa,0.127 Mpa,0.127 Mpa,0 Mpa,0.114 Mpa,1.01 Mpa,0.115 Mpa,1.01 Mpa,0.0120 Mpa,0.119 Mpa,0.116 Mpa,0.118 Mpa,0.116 Mpa,0 Mpa,0.118 Mpa,0.119 Mpa,0.117 Mpa,0.118 Mpa,,0.127 Mpa,1.02 Mpa,0.127 Mpa,0.127 Mpa,0 Mpa,0.114 Mpa,0.113 Mpa,0.112 Mpa,0.114 Mpa,0 Mpa,0.124 Mpa,0.123 Mpa,0.123 Mpa,0.123 Mpa,0 Mpa,0.124 Mpa,0.125 Mpa,0.127 Mpa,1.02 Mpa,0 Mpa,0.122 Mpa,0.122 Mpa,0.123 Mpa,0.121 Mpa,0.00120 Mpa,0.123 Mpa,0.122 Mpa,0.125 Mpa,0.125 Mpa,0.00449 Mpa,,,,,,1639 RPM
2026-06-23 07:00:00,0.123 Mpa,1.02 Mpa,0.125 Mpa,0.124 Mpa,0 Mpa,0.115 Mpa,1.02 Mpa,0.116 Mpa,1.02 Mpa,0 Mpa,0.122 Mpa,0.119 Mpa,0.122 Mpa,0.119 Mpa,0 Mpa,0.121 Mpa,0.124 Mpa,0.120 Mpa,0.122 Mpa,,0.130 Mpa,1.02 Mpa,0.130 Mpa,0.129 Mpa,0 Mpa,0.117 Mpa,0.117 Mpa,0.116 Mpa,0.118 Mpa,0 Mpa,0.125 Mpa,0.124 Mpa,0.124 Mpa,0.124 Mpa,0 Mpa,0.125 Mpa,0.126 Mpa,0.129 Mpa,1.02 Mpa,0 Mpa,0.124 Mpa,0.125 Mpa,0.125 Mpa,0.123 Mpa,0 Mpa,0.127 Mpa,0.125 Mpa,0.129 Mpa,0.128 Mpa,0 Mpa,,,,,,1763 RPM
2026-06-23 10:00:00,0.127 Mpa,1.02 Mpa,0.128 Mpa,0.127 Mpa,0 Mpa,0.112 Mpa,1.02 Mpa,0.113 Mpa,1.02 Mpa,0 Mpa,0.121 Mpa,0.117 Mpa,0.121 Mpa,0.117 Mpa,0 Mpa,0.118 Mpa,0.120 Mpa,0.117 Mpa,0.119 Mpa,,0.127 Mpa,1.02 Mpa,0.127 Mpa,0.126 Mpa,0 Mpa,0.117 Mpa,0.116 Mpa,0.115 Mpa,0.118 Mpa,0 Mpa,0.128 Mpa,0.127 Mpa,0.127 Mpa,0.126 Mpa,0.00497 Mpa,0.125 Mpa,0.125 Mpa,0.128 Mpa,1.01 Mpa,0.00492 Mpa,0.128 Mpa,0.132 Mpa,0.130 Mpa,0.129 Mpa,0 Mpa,0.124 Mpa,0.122 Mpa,0.125 Mpa,0.124 Mpa,0.00375 Mpa,,,,,,1741 RPM
2026-06-23 13:00:00,0.128 Mpa,1.02 Mpa,0.130 Mpa,0.129 Mpa,0 Mpa,0.113 Mpa,1.02 Mpa,0.114 Mpa,1.02 Mpa,0 Mpa,0.122 Mpa,0.119 Mpa,0.122 Mpa,0.118 Mpa,0 Mpa,0.114 Mpa,0.118 Mpa,0.113 Mpa,0.117 Mpa,,0.125 Mpa,1.02 Mpa,0.125 Mpa,0.124 Mpa,0 Mpa,0.113 Mpa,0.113 Mpa,0.112 Mpa,0.114 Mpa,0.00931 Mpa,0.128 Mpa,0.127 Mpa,0.127 Mpa,0.127 Mpa,0 Mpa,0.123 Mpa,0.124 Mpa,0.126 Mpa,1.02 Mpa,0 Mpa,0.125 Mpa,0.127 Mpa,0.126 Mpa,0.125 Mpa,0 Mpa,0.125 Mpa,0.124 Mpa,0.127 Mpa,0.127 Mpa,0 Mpa,,,,,,1690 RPM
2026-06-23 16:00:00,0.124 Mpa,1.02 Mpa,0.127 Mpa,0.126 Mpa,0 Mpa,0.111 Mpa,1.02 Mpa,0.112 Mpa,1.02 Mpa,0 Mpa,0.123 Mpa,0.119 Mpa,0.123 Mpa,0.119 Mpa,0 Mpa,0.117 Mpa,0.121 Mpa,0.116 Mpa,0.119 Mpa,,0.121 Mpa,1.02 Mpa,0.121 Mpa,0.121 Mpa,0 Mpa,0.116 Mpa,0.115 Mpa,0.114 Mpa,0.116 Mpa,0 Mpa,0.122 Mpa,0.121 Mpa,0.121 Mpa,0.121 Mpa,0 Mpa,0.123 Mpa,0.124 Mpa,0.127 Mpa,1.02 Mpa,0 Mpa,0.123 Mpa,0.125 Mpa,0.125 Mpa,0.123 Mpa,0 Mpa,0.122 Mpa,0.120 Mpa,0.123 Mpa,0.123 Mpa,0.00422 Mpa,,,,,,1697 RPM
2026-06-23 19:00:00,0.122 Mpa,1.02 Mpa,0.124 Mpa,0.124 Mpa,0 Mpa,0.114 Mpa,1.02 Mpa,0.115 Mpa,1.02 Mpa,0 Mpa,0.126 Mpa,0.122 Mpa,0.126 Mpa,0.122 Mpa,0 Mpa,0.119 Mpa,0.123 Mpa,0.119 Mpa,0.122 Mpa,,0.121 Mpa,1.02 Mpa,0.121 Mpa,0.120 Mpa,0 Mpa,0.119 Mpa,0.118 Mpa,0.117 Mpa,0.119 Mpa,0 Mpa,0.122 Mpa,0.121 Mpa,0.121 Mpa,0.121 Mpa,0 Mpa,0.122 Mpa,0.123 Mpa,0.125 Mpa,1.02 Mpa,0 Mpa,0.126 Mpa,0.129 Mpa,0.127 Mpa,0.127 Mpa,0 Mpa,0.129 Mpa,0.127 Mpa,0.131 Mpa,0.130 Mpa,0 Mpa,,,,,,1751 RPM
2026-06-23 22:00:00,0.121 Mpa,1.02 Mpa,0.122 Mpa,0.121 Mpa,0 Mpa,0.115 Mpa,1.02 Mpa,0.116 Mpa,1.02 Mpa,0 Mpa,0.124 Mpa,0.120 Mpa,0.124 Mpa,0.120 Mpa,0.0104 Mpa,0.121 Mpa,0.124 Mpa,0.119 Mpa,0.122 Mpa,,0.121 Mpa,1.01 Mpa,0.120 Mpa,0.120 Mpa,0.0102 Mpa,0.118 Mpa,0.118 Mpa,0.117 Mpa,0.119 Mpa,0 Mpa,0.133 Mpa,0.131 Mpa,0.132 Mpa,0.131 Mpa,0 Mpa,0.121 Mpa,0.122 Mpa,0.124 Mpa,1.01 Mpa,0.00547 Mpa,0.125 Mpa,0.128 Mpa,0.127 Mpa,0.127 Mpa,0 Mpa,0.126 Mpa,0.126 Mpa,0.128 Mpa,0.128 Mpa,0.0114 Mpa,,,,,,1718 RPM
2026-06-24 01:00:00,0.123 Mpa,1.02 Mpa,0.124 Mpa,0.124 Mpa,0 Mpa,0.113 Mpa,1.01 Mpa,0.114 Mpa,1.01 Mpa,0.00942 Mpa,0.127 Mpa,0.122 Mpa,0.127 Mpa,0.122 Mpa,0 Mpa,0.118 Mpa,0.121 Mpa,0.117 Mpa,0.119 Mpa,,0.122 Mpa,1.02 Mpa,0.121 Mpa,0.122 Mpa,0 Mpa,0.119 Mpa,0.119 Mpa,0.118 Mpa,0.120 Mpa,0 Mpa,0.126 Mpa,0.125 Mpa,0.125 Mpa,0.125 Mpa,0 Mpa,0.120 Mpa,0.120 Mpa,0.122 Mpa,1.02 Mpa,0 Mpa,0.121 Mpa,0.123 Mpa,0.122 Mpa,0.121 Mpa,0 Mpa,0.126 Mpa,0.125 Mpa,0.128 Mpa,0.131 Mpa,0 Mpa,,,,,,1694 RPM
2026-06-24 04:00:00,0.121 Mpa,1.02 Mpa,0.122 Mpa,0.122 Mpa,0 Mpa,0.110 Mpa,1.01 Mpa,0.111 Mpa,1.01 Mpa,0.0129 Mpa,0.122 Mpa,0.119 Mpa,0.122 Mpa,0.119 Mpa,0 Mpa,0.117 Mpa,0.119 Mpa,0.116 Mpa,0.118 Mpa,,0.119 Mpa,1.02 Mpa,0.118 Mpa,0.119 Mpa,0 Mpa,0.117 Mpa,0.117 Mpa,0.116 Mpa,0.118 Mpa,0 Mpa,0.121 Mpa,0.120 Mpa,0.120 Mpa,0.120 Mpa,0 Mpa,0.120 Mpa,0.121 Mpa,0.122 Mpa,1.02 Mpa,0 Mpa,0.125 Mpa,0.128 Mpa,0.126 Mpa,0.125 Mpa,0 Mpa,0.124 Mpa,0.122 Mpa,0.126 Mpa,0.130 Mpa,0.00415 Mpa,,,,,,1614 RPM
2026-06-24 07:00:00,0.115 Mpa,1.02 Mpa,0.116 Mpa,0.116 Mpa,0 Mpa,0.111 Mpa,1.02 Mpa,0.112 Mpa,1.02 Mpa,0 Mpa,0.123 Mpa,0.119 Mpa,0.123 Mpa,0.119 Mpa,0 Mpa,0.120 Mpa,0.122 Mpa,0.119 Mpa,0.121 Mpa,,0.122 Mpa,1.02 Mpa,0.121 Mpa,0.121 Mpa,0 Mpa,0.118 Mpa,0.118 Mpa,0.117 Mpa,0.119 Mpa,0 Mpa,0.127 Mpa,0.126 Mpa,0.126 Mpa,0.126 Mpa,0 Mpa,0.126 Mpa,0.127 Mpa,0.129 Mpa,1.02 Mpa,0 Mpa,0.127 Mpa,0.129 Mpa,0.128 Mpa,0.127 Mpa,0 Mpa,0.124 Mpa,0.122 Mpa,0.125 Mpa,0.131 Mpa,0 Mpa,,,,,,1717 RPM
2026-06-24 10:00:00,0.123 Mpa,1.02 Mpa,0.124 Mpa,0.125 Mpa,0 Mpa,0.112 Mpa,1.02 Mpa,0.112 Mpa,1.02 Mpa,0 Mpa,0.123 Mpa,0.119 Mpa,0.123 Mpa,0.119 Mpa,0 Mpa,0.120 Mpa,0.122 Mpa,0.119 Mpa,0.120 Mpa,,0.123 Mpa,1.02 Mpa,0.123 Mpa,0.123 Mpa,0 Mpa,0.118 Mpa,0.118 Mpa,0.117 Mpa,0.119 Mpa,0 Mpa,0.125 Mpa,0.124 Mpa,0.124 Mpa,0.124 Mpa,0.0188 Mpa,0.126 Mpa,0.127 Mpa,0.130 Mpa,1.02 Mpa,0 Mpa,0.126 Mpa,0.129 Mpa,0.128 Mpa,0.126 Mpa,0 Mpa,0.123 Mpa,0.122 Mpa,0.124 Mpa,0.129 Mpa,0 Mpa,,,,,,1683 RPM
2026-06-24 13:00:00,0.120 Mpa,1.02 Mpa,0.121 Mpa,0.121 Mpa,0 Mpa,0.112 Mpa,1.02 Mpa,0.112 Mpa,1.02 Mpa,0 Mpa,0.124 Mpa,0.121 Mpa,0.124 Mpa,0.121 Mpa,0 Mpa,0.118 Mpa,0.121 Mpa,0.118 Mpa,0.120 Mpa,,0.128 Mpa,1.02 Mpa,0.127 Mpa,0.126 Mpa,0 Mpa,0.120 Mpa,0.119 Mpa,0.119 Mpa,0.120 Mpa,0 Mpa,0.129 Mpa,0.128 Mpa,0.128 Mpa,0.128 Mpa,0 Mpa,0.125 Mpa,0.125 Mpa,0.128 Mpa,1.02 Mpa,0 Mpa,0.134 Mpa,0.141 Mpa,0.137 Mpa,0.137 Mpa,0.00351 Mpa,0.124 Mpa,0.124 Mpa,0.126 Mpa,0.128 Mpa,0.00451 Mpa,,,,,,1721 RPM
2026-06-24 16:00:00,0.120 Mpa,1.02 Mpa,0.121 Mpa,0.121 Mpa,0 Mpa,0.111 Mpa,1.02 Mpa,0.112 Mpa,1.02 Mpa,0 Mpa,0.118 Mpa,0.114 Mpa,0.118 Mpa,0.114 Mpa,0 Mpa,0.117 Mpa,0.119 Mpa,0.116 Mpa,0.118 Mpa,,0.127 Mpa,1.02 Mpa,0.127 Mpa,0.126 Mpa,0 Mpa,0.114 Mpa,0.114 Mpa,0.113 Mpa,0.115 Mpa,0 Mpa,0.131 Mpa,0.128 Mpa,0.129 Mpa,0.128 Mpa,0 Mpa,0.124 Mpa,0.125 Mpa,0.128 Mpa,1.02 Mpa,0 Mpa,0.125 Mpa,0.129 Mpa,0.127 Mpa,0.127 Mpa,0.00131 Mpa,0.122 Mpa,0.120 Mpa,0.123 Mpa,0.124 Mpa,0.00403 Mpa,,,,,,1685 RPM
2026-06-24 19:00:00,0.123 Mpa,1.02 Mpa,0.125 Mpa,0.124 Mpa,0 Mpa,0.114 Mpa,1.02 Mpa,0.115 Mpa,1.02 Mpa,0 Mpa,0.126 Mpa,0.121 Mpa,0.125 Mpa,0.121 Mpa,0 Mpa,0.118 Mpa,0.122 Mpa,0.118 Mpa,0.121 Mpa,,0.120 Mpa,1.02 Mpa,0.120 Mpa,0.119 Mpa,0 Mpa,0.110 Mpa,0.109 Mpa,0.108 Mpa,0.110 Mpa,0.00614 Mpa,0.127 Mpa,0.125 Mpa,0.125 Mpa,0.125 Mpa,0 Mpa,0.123 Mpa,0.123 Mpa,0.125 Mpa,1.02 Mpa,0 Mpa,0.127 Mpa,0.129 Mpa,0.128 Mpa,0.127 Mpa,0 Mpa,0.126 Mpa,0.124 Mpa,0.128 Mpa,0.128 Mpa,0 Mpa,,,,,,1693 RPM
2026-06-24 22:00:00,0.122 Mpa,1.02 Mpa,0.124 Mpa,0.125 Mpa,0 Mpa,0.113 Mpa,1.01 Mpa,0.114 Mpa,1.01 Mpa,0 Mpa,0.125 Mpa,0.121 Mpa,0.125 Mpa,0.121 Mpa,0 Mpa,0.115 Mpa,0.118 Mpa,0.115 Mpa,0.117 Mpa,,0.119 Mpa,1.02 Mpa,0.119 Mpa,0.118 Mpa,0 Mpa,0.114 Mpa,0.114 Mpa,0.113 Mpa,0.116 Mpa,0 Mpa,0.131 Mpa,0.129 Mpa,0.129 Mpa,0.129 Mpa,0 Mpa,0.121 Mpa,0.121 Mpa,0.124 Mpa,1.01 Mpa,0.00545 Mpa,0.124 Mpa,0.127 Mpa,0.126 Mpa,0.124 Mpa,0 Mpa,0.125 Mpa,0.124 Mpa,0.127 Mpa,0.128 Mpa,0.0116 Mpa,,,,,,1741 RPM
2026-06-25 01:00:00,0.119 Mpa,1.01 Mpa,0.120 Mpa,0.120 Mpa,0.00323 Mpa,0.110 Mpa,1.01 Mpa,0.111 Mpa,1.01 Mpa,0.0130 Mpa,0.119 Mpa,0.115 Mpa,0.119 Mpa,0.115 Mpa,0 Mpa,0.117 Mpa,0.120 Mpa,0.116 Mpa,0.118 Mpa,,0.120 Mpa,1.02 Mpa,0.119 Mpa,0.118 Mpa,0 Mpa,0.112 Mpa,0.112 Mpa,0.110 Mpa,0.113 Mpa,0 Mpa,0.128 Mpa,0.126 Mpa,0.127 Mpa,0.126 Mpa,0.00628 Mpa,0.117 Mpa,0.118 Mpa,0.120 Mpa,1.02 Mpa,0 Mpa,0.123 Mpa,0.125 Mpa,0.125 Mpa,0.123 Mpa,0 Mpa,0.127 Mpa,0.125 Mpa,0.128 Mpa,0.133 Mpa,0 Mpa,,,,,,1580 RPM
2026-06-25 04:00:00,0.120 Mpa,1.02 Mpa,0.122 Mpa,0.122 Mpa,0 Mpa,0.111 Mpa,1.01 Mpa,0.112 Mpa,1.01 Mpa,0.00536 Mpa,0.113 Mpa,0.111 Mpa,0.113 Mpa,0.111 Mpa,0 Mpa,0.115 Mpa,0.118 Mpa,0.115 Mpa,0.116 Mpa,,0.120 Mpa,1.02 Mpa,0.119 Mpa,0.118 Mpa,0 Mpa,0.115 Mpa,0.115 Mpa,0.114 Mpa,0.116 Mpa,0 Mpa,0.127 Mpa,0.125 Mpa,0.126 Mpa,0.125 Mpa,0.00418 Mpa,0.121 Mpa,0.122 Mpa,0.124 Mpa,1.02 Mpa,0 Mpa,0.131 Mpa,0.134 Mpa,0.133 Mpa,0.131 Mpa,0 Mpa,0.120 Mpa,0.120 Mpa,0.121 Mpa,0.130 Mpa,0.00420 Mpa,,,,,,1612 RPM
2026-06-25 07:00:00,0.119 Mpa,1.02 Mpa,0.121 Mpa,0.121 Mpa,0 Mpa,0.113 Mpa,1.02 Mpa,0.114 Mpa,1.02 Mpa,0 Mpa,0.100 Mpa,0.100 Mpa,0.100 Mpa,0.100 Mpa,0.0121 Mpa,0.113 Mpa,0.116 Mpa,0.112 Mpa,0.115 Mpa,,0.122 Mpa,1.02 Mpa,0.122 Mpa,0.122 Mpa,0 Mpa,0.121 Mpa,0.120 Mpa,0.119 Mpa,0.121 Mpa,0 Mpa,0.129 Mpa,0.127 Mpa,0.128 Mpa,0.128 Mpa,0 Mpa,0.124 Mpa,0.125 Mpa,0.127 Mpa,1.02 Mpa,0 Mpa,0.128 Mpa,0.131 Mpa,0.130 Mpa,0.128 Mpa,0 Mpa,0.123 Mpa,0.123 Mpa,0.125 Mpa,0.127 Mpa,0 Mpa,,,,,,1752 RPM
2026-06-25 10:00:00,0.123 Mpa,1.02 Mpa,0.125 Mpa,0.125 Mpa,0 Mpa,0.114 Mpa,1.02 Mpa,0.115 Mpa,1.02 Mpa,0 Mpa,0.106 Mpa,0.105 Mpa,0.106 Mpa,0.103 Mpa,0.0185 Mpa,0.119 Mpa,0.121 Mpa,0.118 Mpa,0.120 Mpa,,0.123 Mpa,1.02 Mpa,0.122 Mpa,0.121 Mpa,0 Mpa,0.116 Mpa,0.116 Mpa,0.115 Mpa,0.117 Mpa,0 Mpa,0.128 Mpa,0.127 Mpa,0.127 Mpa,0.127 Mpa,0 Mpa,0.123 Mpa,0.124 Mpa,0.127 Mpa,1.02 Mpa,0 Mpa,0.125 Mpa,0.129 Mpa,0.127 Mpa,0.127 Mpa,0 Mpa,0.128 Mpa,0.127 Mpa,0.130 Mpa,0.129 Mpa,0.0111 Mpa,,,,,,1729 RPM
2026-06-25 13:00:00,0.123 Mpa,1.02 Mpa,0.124 Mpa,0.123 Mpa,0 Mpa,0.112 Mpa,1.02 Mpa,0.113 Mpa,1.02 Mpa,0 Mpa,0.119 Mpa,0.115 Mpa,0.119 Mpa,0.115 Mpa,0 Mpa,0.117 Mpa,0.120 Mpa,0.117 Mpa,0.119 Mpa,,0.126 Mpa,1.02 Mpa,0.126 Mpa,0.125 Mpa,0 Mpa,0.115 Mpa,0.115 Mpa,0.114 Mpa,0.116 Mpa,0.0135 Mpa,0.119 Mpa,0.119 Mpa,0.119 Mpa,0.119 Mpa,0.0231 Mpa,0.123 Mpa,0.124 Mpa,0.126 Mpa,1.01 Mpa,0.00593 Mpa,0.124 Mpa,0.126 Mpa,0.126 Mpa,0.123 Mpa,0 Mpa,0.123 Mpa,0.122 Mpa,0.124 Mpa,0.124 Mpa,0 Mpa,,,,,,1732 RPM
2026-06-25 16:00:00,0.120 Mpa,1.02 Mpa,0.122 Mpa,0.122 Mpa,0 Mpa,0.114 Mpa,1.02 Mpa,0.115 Mpa,1.02 Mpa,0 Mpa,0.121 Mpa,0.117 Mpa,0.121 Mpa,0.117 Mpa,0 Mpa,0.116 Mpa,0.119 Mpa,0.116 Mpa,0.118 Mpa,,0.123 Mpa,1.02 Mpa,0.122 Mpa,0.121 Mpa,0 Mpa,0.118 Mpa,0.118 Mpa,0.117 Mpa,0.119 Mpa,0 Mpa,0.118 Mpa,0.118 Mpa,0.118 Mpa,0.118 Mpa,0 Mpa,0.122 Mpa,0.123 Mpa,0.125 Mpa,1.01 Mpa,0 Mpa,0.125 Mpa,0.128 Mpa,0.126 Mpa,0.126 Mpa,0.00394 Mpa,0.125 Mpa,0.123 Mpa,0.127 Mpa,0.126 Mpa,0.00404 Mpa,,,,,,1694 RPM
2026-06-25 19:00:00,0.125 Mpa,1.02 Mpa,0.126 Mpa,0.126 Mpa,0 Mpa,0.114 Mpa,1.02 Mpa,0.115 Mpa,1.02 Mpa,0 Mpa,0.123 Mpa,0.119 Mpa,0.123 Mpa,0.119 Mpa,0 Mpa,0.118 Mpa,0.120 Mpa,0.117 Mpa,0.119 Mpa,,0.118 Mpa,1.02 Mpa,0.118 Mpa,0.118 Mpa,0 Mpa,0.117 Mpa,0.117 Mpa,0.115 Mpa,0.118 Mpa,0 Mpa,0.132 Mpa,0.131 Mpa,0.131 Mpa,0.132 Mpa,0 Mpa,0.125 Mpa,0.125 Mpa,0.128 Mpa,1.02 Mpa,0 Mpa,0.129 Mpa,0.134 Mpa,0.131 Mpa,0.131 Mpa,0 Mpa,0.123 Mpa,0.121 Mpa,0.125 Mpa,0.124 Mpa,0 Mpa,,,,,,1779 RPM
2026-06-25 22:00:00,0.123 Mpa,1.01 Mpa,0.125 Mpa,0.125 Mpa,0.00906 Mpa,0.113 Mpa,1.02 Mpa,0.114 Mpa,1.02 Mpa,0 Mpa,0.121 Mpa,0.117 Mpa,0.121 Mpa,0.117 Mpa,0.00503 Mpa,0.118 Mpa,0.120 Mpa,0.117 Mpa,0.119 Mpa,,0.118 Mpa,1.01 Mpa,0.117 Mpa,0.118 Mpa,0.00996 Mpa,0.112 Mpa,0.111 Mpa,0.110 Mpa,0.112 Mpa,0 Mpa,0.132 Mpa,0.131 Mpa,0.131 Mpa,0.131 Mpa,0 Mpa,0.121 Mpa,0.122 Mpa,0.123 Mpa,1.01 Mpa,0.00522 Mpa,0.125 Mpa,0.128 Mpa,0.127 Mpa,0.126 Mpa,0 Mpa,0.124 Mpa,0.123 Mpa,0.126 Mpa,0.125 Mpa,0 Mpa,,,,,,1654 RPM
2026-06-26 01:00:00,0.123 Mpa,1.02 Mpa,0.125 Mpa,0.126 Mpa,0 Mpa,0.110 Mpa,1.01 Mpa,0.111 Mpa,1.01 Mpa,0.00342 Mpa,0.125 Mpa,0.120 Mpa,0.124 Mpa,0.121 Mpa,0 Mpa,0.114 Mpa,0.117 Mpa,0.114 Mpa,0.116 Mpa,,0.130 Mpa,1.02 Mpa,0.130 Mpa,0.129 Mpa,0 Mpa,0.113 Mpa,0.113 Mpa,0.111 Mpa,0.113 Mpa,0 Mpa,0.128 Mpa,0.127 Mpa,0.127 Mpa,0.127 Mpa,0 Mpa,0.120 Mpa,0.122 Mpa,0.124 Mpa,1.02 Mpa,0 Mpa,0.122 Mpa,0.125 Mpa,0.123 Mpa,0.122 Mpa,0 Mpa,0.120 Mpa,0.119 Mpa,0.122 Mpa,0.122 Mpa,0.00519 Mpa,,,,,,1602 RPM
2026-06-26 04:00:00,0.122 Mpa,1.02 Mpa,0.124 Mpa,0.124 Mpa,0 Mpa,0.113 Mpa,1.02 Mpa,0.114 Mpa,1.02 Mpa,0 Mpa,0.120 Mpa,0.116 Mpa,0.120 Mpa,0.116 Mpa,0 Mpa,0.119 Mpa,0.122 Mpa,0.118 Mpa,0.121 Mpa,,0.126 Mpa,1.02 Mpa,0.125 Mpa,0.125 Mpa,0 Mpa,0.117 Mpa,0.118 Mpa,0.116 Mpa,0.118 Mpa,0 Mpa,0.130 Mpa,0.128 Mpa,0.129 Mpa,0.128 Mpa,0 Mpa,0.121 Mpa,0.122 Mpa,0.125 Mpa,1.02 Mpa,0 Mpa,0.130 Mpa,0.132 Mpa,0.131 Mpa,0.129 Mpa,0.00118 Mpa,0.121 Mpa,0.121 Mpa,0.123 Mpa,0.123 Mpa,0.00406 Mpa,,,,,,1697 RPM
2026-06-26 07:00:00,0.120 Mpa,1.02 Mpa,0.122 Mpa,0.122 Mpa,0 Mpa,0.114 Mpa,1.01 Mpa,0.114 Mpa,1.01 Mpa,0.0139 Mpa,0.118 Mpa,0.115 Mpa,0.118 Mpa,0.115 Mpa,0 Mpa,0.122 Mpa,0.125 Mpa,0.121 Mpa,0.123 Mpa,,0.128 Mpa,1.02 Mpa,0.127 Mpa,0.126 Mpa,0 Mpa,0.120 Mpa,0.119 Mpa,0.118 Mpa,0.121 Mpa,0 Mpa,0.128 Mpa,0.127 Mpa,0.127 Mpa,0.127 Mpa,0 Mpa,0.128 Mpa,0.129 Mpa,0.131 Mpa,1.02 Mpa,0 Mpa,0.128 Mpa,0.131 Mpa,0.130 Mpa,0.128 Mpa,0 Mpa,0.123 Mpa,0.121 Mpa,0.124 Mpa,0.124 Mpa,0 Mpa,,,,,,1743 RPM
2026-06-26 10:00:00,0.121 Mpa,1.01 Mpa,0.123 Mpa,0.123 Mpa,0.00577 Mpa,,,,,,0.115 Mpa,0.112 Mpa,0.115 Mpa,0.112 Mpa,0 Mpa,0.115 Mpa,0.118 Mpa,0.115 Mpa,0.117 Mpa,,0.126 Mpa,1.02 Mpa,0.126 Mpa,0.125 Mpa,0 Mpa,0.117 Mpa,0.118 Mpa,0.116 Mpa,0.119 Mpa,0.0174 Mpa,0.124 Mpa,0.123 Mpa,0.123 Mpa,0.123 Mpa,0.00408 Mpa,0.121 Mpa,0.122 Mpa,0.124 Mpa,1.02 Mpa,0 Mpa,0.124 Mpa,0.126 Mpa,0.125 Mpa,0.124 Mpa,0 Mpa,0.123 Mpa,0.121 Mpa,0.124 Mpa,0.124 Mpa,0 Mpa,,,,,,1645 RPM
2026-06-26 13:00:00,0.124 Mpa,1.02 Mpa,0.125 Mpa,0.124 Mpa,0 Mpa,,,,,,0.119 Mpa,0.118 Mpa,0.119 Mpa,0.117 Mpa,0 Mpa,0.116 Mpa,0.119 Mpa,0.116 Mpa,0.118 Mpa,,0.115 Mpa,1.02 Mpa,0.114 Mpa,0.115 Mpa,0 Mpa,0.118 Mpa,0.119 Mpa,0.117 Mpa,0.120 Mpa,0 Mpa,0.126 Mpa,0.126 Mpa,0.126 Mpa,0.125 Mpa,0.00676 Mpa,0.121 Mpa,0.121 Mpa,0.124 Mpa,1.02 Mpa,0 Mpa,0.122 Mpa,0.124 Mpa,0.123 Mpa,0.122 Mpa,0.00117 Mpa,0.120 Mpa,0.119 Mpa,0.122 Mpa,0.121 Mpa,0 Mpa,,,,,,1679 RPM
2026-06-26 16:00:00,0.122 Mpa,1.02 Mpa,0.123 Mpa,0.122 Mpa,0 Mpa,0.112 Mpa,1.02 Mpa,0.113 Mpa,1.02 Mpa,0 Mpa,0.120 Mpa,0.117 Mpa,0.119 Mpa,0.116 Mpa,0 Mpa,0.113 Mpa,0.115 Mpa,0.112 Mpa,0.114 Mpa,,0.121 Mpa,1.02 Mpa,0.121 Mpa,0.121 Mpa,0 Mpa,0.118 Mpa,0.118 Mpa,0.116 Mpa,0.119 Mpa,0 Mpa,0.125 Mpa,0.124 Mpa,0.124 Mpa,0.125 Mpa,0 Mpa,0.123 Mpa,0.124 Mpa,0.127 Mpa,1.02 Mpa,0 Mpa,0.123 Mpa,0.125 Mpa,0.124 Mpa,0.123 Mpa,0.00954 Mpa,0.122 Mpa,0.121 Mpa,0.124 Mpa,0.124 Mpa,0.00389 Mpa,,,,,,1679 RPM
2026-06-26 19:00:00,0.123 Mpa,1.02 Mpa,0.124 Mpa,0.123 Mpa,0 Mpa,0.111 Mpa,1.02 Mpa,0.112 Mpa,1.02 Mpa,0 Mpa,0.124 Mpa,0.121 Mpa,0.124 Mpa,0.121 Mpa,0 Mpa,0.115 Mpa,0.118 Mpa,0.114 Mpa,0.116 Mpa,,0.123 Mpa,1.02 Mpa,0.123 Mpa,0.123 Mpa,0 Mpa,0.117 Mpa,0.117 Mpa,0.116 Mpa,0.118 Mpa,0 Mpa,0.122 Mpa,0.121 Mpa,0.122 Mpa,0.122 Mpa,0 Mpa,0.124 Mpa,0.124 Mpa,0.128 Mpa,1.02 Mpa,0 Mpa,0.121 Mpa,0.123 Mpa,0.122 Mpa,0.121 Mpa,0 Mpa,0.124 Mpa,0.122 Mpa,0.125 Mpa,0.125 Mpa,0 Mpa,,,,,,1697 RPM
2026-06-26 22:00:00,0.123 Mpa,1.01 Mpa,0.125 Mpa,0.124 Mpa,0.0110 Mpa,0.112 Mpa,1.02 Mpa,0.113 Mpa,1.02 Mpa,0 Mpa,0.123 Mpa,0.119 Mpa,0.122 Mpa,0.119 Mpa,0 Mpa,0.118 Mpa,0.120 Mpa,0.118 Mpa,0.119 Mpa,,0.122 Mpa,1.01 Mpa,0.121 Mpa,0.122 Mpa,0.0161 Mpa,0.117 Mpa,0.116 Mpa,0.115 Mpa,0.117 Mpa,0.00581 Mpa,0.122 Mpa,0.121 Mpa,0.122 Mpa,0.122 Mpa,0 Mpa,0.124 Mpa,0.125 Mpa,0.128 Mpa,1.01 Mpa,0.00424 Mpa,0.123 Mpa,0.126 Mpa,0.125 Mpa,0.123 Mpa,0 Mpa,0.122 Mpa,0.121 Mpa,0.124 Mpa,0.124 Mpa,0 Mpa,,,,,,1677 RPM
2026-06-27 01:00:00,0.129 Mpa,1.02 Mpa,0.130 Mpa,0.131 Mpa,0 Mpa,0.112 Mpa,1.01 Mpa,0.113 Mpa,1.01 Mpa,0.00523 Mpa,0.117 Mpa,0.115 Mpa,0.115 Mpa,0.114 Mpa,0 Mpa,0.116 Mpa,0.118 Mpa,0.115 Mpa,0.117 Mpa,,0.122 Mpa,1.02 Mpa,0.121 Mpa,0.121 Mpa,0 Mpa,0.113 Mpa,0.114 Mpa,0.112 Mpa,0.114 Mpa,0.0233 Mpa,0.125 Mpa,0.125 Mpa,0.125 Mpa,0.125 Mpa,0.0125 Mpa,0.119 Mpa,0.119 Mpa,0.121 Mpa,1.02 Mpa,0 Mpa,0.119 Mpa,0.121 Mpa,0.120 Mpa,0.120 Mpa,0 Mpa,0.125 Mpa,0.123 Mpa,0.126 Mpa,0.126 Mpa,0.0510 Mpa,,,,,,1546 RPM
2026-06-27 04:00:00,0.127 Mpa,1.02 Mpa,0.128 Mpa,0.128 Mpa,0 Mpa,0.113 Mpa,1.01 Mpa,0.114 Mpa,1.01 Mpa,0.0105 Mpa,0.122 Mpa,0.119 Mpa,0.123 Mpa,0.119 Mpa,0 Mpa,0.116 Mpa,0.118 Mpa,0.116 Mpa,0.117 Mpa,,0.121 Mpa,1.02 Mpa,0.120 Mpa,0.120 Mpa,0 Mpa,0.119 Mpa,0.119 Mpa,0.118 Mpa,0.120 Mpa,0 Mpa,0.127 Mpa,0.127 Mpa,0.127 Mpa,0.127 Mpa,0 Mpa,0.119 Mpa,0.120 Mpa,0.122 Mpa,1.02 Mpa,0 Mpa,0.125 Mpa,0.129 Mpa,0.127 Mpa,0.126 Mpa,0 Mpa,0.123 Mpa,0.122 Mpa,0.125 Mpa,0.125 Mpa,0.00422 Mpa,,,,,,1654 RPM
2026-06-27 07:00:00,0.127 Mpa,1.02 Mpa,0.128 Mpa,0.129 Mpa,0 Mpa,0.114 Mpa,1.02 Mpa,0.115 Mpa,1.02 Mpa,0 Mpa,0.121 Mpa,0.118 Mpa,0.121 Mpa,0.118 Mpa,0 Mpa,0.119 Mpa,0.123 Mpa,0.119 Mpa,0.121 Mpa,,0.130 Mpa,1.02 Mpa,0.129 Mpa,0.129 Mpa,0 Mpa,0.119 Mpa,0.119 Mpa,0.118 Mpa,0.120 Mpa,0 Mpa,0.129 Mpa,0.128 Mpa,0.128 Mpa,0.128 Mpa,0.0352 Mpa,0.123 Mpa,0.124 Mpa,0.126 Mpa,1.02 Mpa,0 Mpa,0.129 Mpa,0.132 Mpa,0.130 Mpa,0.129 Mpa,0 Mpa,0.124 Mpa,0.123 Mpa,0.125 Mpa,0.125 Mpa,0 Mpa,,,,,,1767 RPM
2026-06-27 10:00:00,0.128 Mpa,1.02 Mpa,0.130 Mpa,0.130 Mpa,0 Mpa,0.111 Mpa,1.02 Mpa,0.112 Mpa,1.02 Mpa,0 Mpa,0.120 Mpa,0.116 Mpa,0.120 Mpa,0.117 Mpa,0 Mpa,0.121 Mpa,0.124 Mpa,0.120 Mpa,0.123 Mpa,,0.127 Mpa,1.02 Mpa,0.127 Mpa,0.126 Mpa,0 Mpa,0.117 Mpa,0.117 Mpa,0.116 Mpa,0.118 Mpa,0.00565 Mpa,0.129 Mpa,0.128 Mpa,0.128 Mpa,0.127 Mpa,0.0747 Mpa,0.120 Mpa,0.121 Mpa,0.123 Mpa,1.01 Mpa,0.00502 Mpa,0.125 Mpa,0.129 Mpa,0.127 Mpa,0.126 Mpa,0 Mpa,0.121 Mpa,0.120 Mpa,0.123 Mpa,0.123 Mpa,0 Mpa,,,,,,1728 RPM
2026-06-27 13:00:00,0.129 Mpa,1.02 Mpa,0.131 Mpa,0.130 Mpa,0 Mpa,0.115 Mpa,1.02 Mpa,0.116 Mpa,1.02 Mpa,0 Mpa,0.117 Mpa,0.113 Mpa,0.117 Mpa,0.114 Mpa,0 Mpa,0.119 Mpa,0.122 Mpa,0.118 Mpa,0.121 Mpa,,0.123 Mpa,1.01 Mpa,0.123 Mpa,0.123 Mpa,0.0132 Mpa,0.118 Mpa,0.117 Mpa,0.117 Mpa,0.118 Mpa,0 Mpa,0.128 Mpa,0.126 Mpa,0.127 Mpa,0.126 Mpa,0.974 Mpa,0.120 Mpa,0.121 Mpa,0.124 Mpa,1.02 Mpa,0 Mpa,0.126 Mpa,0.129 Mpa,0.127 Mpa,0.126 Mpa,0 Mpa,0.126 Mpa,0.124 Mpa,0.128 Mpa,0.127 Mpa,0 Mpa,,,,,,1742 RPM
2026-06-27 16:00:00,0.125 Mpa,1.02 Mpa,0.126 Mpa,0.126 Mpa,0 Mpa,0.104 Mpa,0.970 Mpa,0.106 Mpa,0.970 Mpa,0.0945 Mpa,0.119 Mpa,0.116 Mpa,0.119 Mpa,0.116 Mpa,0 Mpa,0.115 Mpa,0.118 Mpa,0.115 Mpa,0.117 Mpa,,,,,,,0.117 Mpa,0.117 Mpa,0.116 Mpa,0.118 Mpa,0 Mpa,0.128 Mpa,0.126 Mpa,0.127 Mpa,0.126 Mpa,0.000930 Mpa,0.120 Mpa,0.121 Mpa,0.124 Mpa,1.02 Mpa,0 Mpa,0.122 Mpa,0.124 Mpa,0.123 Mpa,0.122 Mpa,0 Mpa,0.122 Mpa,0.121 Mpa,0.124 Mpa,0.123 Mpa,0.00398 Mpa,,,,,,1659 RPM
2026-06-27 19:00:00,0.123 Mpa,1.02 Mpa,0.125 Mpa,0.125 Mpa,0 Mpa,,,,,,0.122 Mpa,0.120 Mpa,0.122 Mpa,0.120 Mpa,0 Mpa,0.115 Mpa,0.118 Mpa,0.114 Mpa,0.117 Mpa,,,,,,,0.122 Mpa,0.121 Mpa,0.120 Mpa,0.122 Mpa,0 Mpa,0.127 Mpa,0.126 Mpa,0.127 Mpa,0.126 Mpa,0 Mpa,0.122 Mpa,0.123 Mpa,0.126 Mpa,1.02 Mpa,0 Mpa,0.125 Mpa,0.129 Mpa,0.127 Mpa,0.126 Mpa,0 Mpa,0.119 Mpa,0.118 Mpa,0.120 Mpa,0.120 Mpa,0 Mpa,,,,,,1781 RPM
2026-06-27 22:00:00,0.121 Mpa,1.01 Mpa,0.123 Mpa,0.123 Mpa,0.0215 Mpa,0.112 Mpa,1.01 Mpa,0.112 Mpa,1.01 Mpa,0.00505 Mpa,0.122 Mpa,0.120 Mpa,0.122 Mpa,0.120 Mpa,0 Mpa,0.114 Mpa,0.116 Mpa,0.113 Mpa,0.115 Mpa,,0.113 Mpa,0.844 Mpa,0.111 Mpa,0.111 Mpa,0.0565 Mpa,0.120 Mpa,0.120 Mpa,0.118 Mpa,0.121 Mpa,0 Mpa,0.127 Mpa,0.126 Mpa,0.126 Mpa,0.126 Mpa,0 Mpa,0.121 Mpa,0.122 Mpa,0.124 Mpa,1.01 Mpa,0.00950 Mpa,0.120 Mpa,0.123 Mpa,0.121 Mpa,0.121 Mpa,0 Mpa,0.119 Mpa,0.118 Mpa,0.120 Mpa,0.121 Mpa,0.00510 Mpa,,,,,,1680 RPM
2026-06-28 01:00:00,0.131 Mpa,1.02 Mpa,0.133 Mpa,0.133 Mpa,0 Mpa,0.112 Mpa,1.02 Mpa,0.113 Mpa,1.02 Mpa,0 Mpa,0.117 Mpa,0.114 Mpa,0.117 Mpa,0.114 Mpa,0.0242 Mpa,0.119 Mpa,0.121 Mpa,0.119 Mpa,0.120 Mpa,,,,,,,0.118 Mpa,0.118 Mpa,0.116 Mpa,0.119 Mpa,0 Mpa,0.130 Mpa,0.128 Mpa,0.129 Mpa,0.128 Mpa,0 Mpa,0.122 Mpa,0.123 Mpa,0.125 Mpa,1.02 Mpa,0 Mpa,0.126 Mpa,0.130 Mpa,0.127 Mpa,0.127 Mpa,0 Mpa,0.120 Mpa,0.119 Mpa,0.122 Mpa,0.122 Mpa,0 Mpa,,,,,,1707 RPM
2026-06-28 04:00:00,0.123 Mpa,1.02 Mpa,0.124 Mpa,0.125 Mpa,0 Mpa,0.113 Mpa,1.01 Mpa,0.114 Mpa,1.01 Mpa,0.00459 Mpa,0.117 Mpa,0.115 Mpa,0.117 Mpa,0.114 Mpa,0 Mpa,0.116 Mpa,0.119 Mpa,0.116 Mpa,0.118 Mpa,,,,,,,0.116 Mpa,0.116 Mpa,0.115 Mpa,0.117 Mpa,0 Mpa,0.125 Mpa,0.124 Mpa,0.124 Mpa,0.124 Mpa,0 Mpa,0.114 Mpa,0.115 Mpa,0.116 Mpa,1.02 Mpa,0 Mpa,0.124 Mpa,0.127 Mpa,0.125 Mpa,0.124 Mpa,0 Mpa,0.119 Mpa,0.118 Mpa,0.121 Mpa,0.121 Mpa,0.00303 Mpa,,,,,,1684 RPM
2026-06-28 07:00:00,0.128 Mpa,1.02 Mpa,0.129 Mpa,0.129 Mpa,0 Mpa,0.111 Mpa,1.01 Mpa,0.112 Mpa,1.01 Mpa,0.00760 Mpa,0.123 Mpa,0.119 Mpa,0.123 Mpa,0.119 Mpa,0 Mpa,0.118 Mpa,0.122 Mpa,0.118 Mpa,0.120 Mpa,,,,,,,0.117 Mpa,0.116 Mpa,0.115 Mpa,0.117 Mpa,0 Mpa,0.128 Mpa,0.126 Mpa,0.127 Mpa,0.126 Mpa,0 Mpa,0.124 Mpa,0.125 Mpa,0.128 Mpa,1.02 Mpa,0 Mpa,0.125 Mpa,0.128 Mpa,0.127 Mpa,0.125 Mpa,0 Mpa,0.119 Mpa,0.119 Mpa,0.121 Mpa,0.121 Mpa,0 Mpa,,,,,,1788 RPM
2026-06-28 10:00:00,0.126 Mpa,1.02 Mpa,0.128 Mpa,0.127 Mpa,0 Mpa,0.114 Mpa,1.02 Mpa,0.115 Mpa,1.02 Mpa,0 Mpa,0.122 Mpa,0.118 Mpa,0.122 Mpa,0.118 Mpa,0 Mpa,0.116 Mpa,0.120 Mpa,0.116 Mpa,0.118 Mpa,,,,,,,0.119 Mpa,0.119 Mpa,0.118 Mpa,0.120 Mpa,0.00697 Mpa,0.124 Mpa,0.122 Mpa,0.123 Mpa,0.123 Mpa,0.0116 Mpa,0.121 Mpa,0.122 Mpa,0.124 Mpa,1.02 Mpa,0 Mpa,0.125 Mpa,0.128 Mpa,0.127 Mpa,0.125 Mpa,0.00122 Mpa,0.122 Mpa,0.121 Mpa,0.124 Mpa,0.124 Mpa,0 Mpa,,,,,,1749 RPM
2026-06-28 13:00:00,0.124 Mpa,1.02 Mpa,0.126 Mpa,0.125 Mpa,0 Mpa,0.112 Mpa,1.02 Mpa,0.112 Mpa,1.02 Mpa,0 Mpa,0.120 Mpa,0.117 Mpa,0.121 Mpa,0.119 Mpa,0 Mpa,0.119 Mpa,0.121 Mpa,0.118 Mpa,0.120 Mpa,,,,,,,0.117 Mpa,0.117 Mpa,0.116 Mpa,0.118 Mpa,0 Mpa,0.132 Mpa,0.130 Mpa,0.131 Mpa,0.130 Mpa,0 Mpa,0.121 Mpa,0.122 Mpa,0.124 Mpa,1.02 Mpa,0 Mpa,0.124 Mpa,0.127 Mpa,0.126 Mpa,0.125 Mpa,0 Mpa,0.124 Mpa,0.123 Mpa,0.125 Mpa,0.125 Mpa,0.00453 Mpa,,,,,,1738 RPM
2026-06-28 16:00:00,0.120 Mpa,1.02 Mpa,0.121 Mpa,0.121 Mpa,0 Mpa,0.115 Mpa,1.02 Mpa,0.116 Mpa,1.02 Mpa,0 Mpa,0.119 Mpa,0.115 Mpa,0.119 Mpa,0.116 Mpa,0 Mpa,0.119 Mpa,0.123 Mpa,0.118 Mpa,0.121 Mpa,,,,,,,0.118 Mpa,0.118 Mpa,0.116 Mpa,0.119 Mpa,0 Mpa,0.126 Mpa,0.125 Mpa,0.125 Mpa,0.125 Mpa,0 Mpa,0.124 Mpa,0.124 Mpa,0.128 Mpa,1.02 Mpa,0 Mpa,0.130 Mpa,0.133 Mpa,0.131 Mpa,0.130 Mpa,0.00114 Mpa,0.117 Mpa,0.117 Mpa,0.119 Mpa,0.120 Mpa,0.00397 Mpa,,,,,,1716 RPM
2026-06-28 19:00:00,0.116 Mpa,1.01 Mpa,0.117 Mpa,0.118 Mpa,0.00932 Mpa,0.114 Mpa,1.02 Mpa,0.114 Mpa,1.02 Mpa,0 Mpa,0.122 Mpa,0.118 Mpa,0.121 Mpa,0.117 Mpa,0 Mpa,0.119 Mpa,0.123 Mpa,0.119 Mpa,0.121 Mpa,,,,,,,0.118 Mpa,0.118 Mpa,0.116 Mpa,0.119 Mpa,0 Mpa,0.125 Mpa,0.124 Mpa,0.124 Mpa,0.124 Mpa,0 Mpa,0.122 Mpa,0.122 Mpa,0.125 Mpa,1.02 Mpa,0 Mpa,0.125 Mpa,0.128 Mpa,0.127 Mpa,0.126 Mpa,0 Mpa,0.120 Mpa,0.120 Mpa,0.122 Mpa,0.122 Mpa,0 Mpa,,,,,,1759 RPM
2026-06-28 22:00:00,0.125 Mpa,1.02 Mpa,0.126 Mpa,0.127 Mpa,0 Mpa,0.113 Mpa,1.01 Mpa,0.114 Mpa,1.01 Mpa,0.00777 Mpa,0.122 Mpa,0.119 Mpa,0.123 Mpa,0.119 Mpa,0 Mpa,0.112 Mpa,0.115 Mpa,0.112 Mpa,0.113 Mpa,,,,,,,0.116 Mpa,0.115 Mpa,0.114 Mpa,0.116 Mpa,0 Mpa,0.129 Mpa,0.127 Mpa,0.128 Mpa,0.127 Mpa,0 Mpa,0.120 Mpa,0.121 Mpa,0.122 Mpa,1.01 Mpa,0.00506 Mpa,0.125 Mpa,0.129 Mpa,0.126 Mpa,0.126 Mpa,0 Mpa,0.119 Mpa,0.118 Mpa,0.121 Mpa,0.121 Mpa,0 Mpa,,,,,,1641 RPM
2026-06-29 01:00:00,0.121 Mpa,1.01 Mpa,0.122 Mpa,0.122 Mpa,0.0120 Mpa,0.113 Mpa,1.02 Mpa,0.114 Mpa,1.02 Mpa,0 Mpa,0.118 Mpa,0.115 Mpa,0.118 Mpa,0.115 Mpa,0.0208 Mpa,0.115 Mpa,0.118 Mpa,0.114 Mpa,0.117 Mpa,,0.114 Mpa,0.113 Mpa,0.113 Mpa,0.113 Mpa,0.00903 Mpa,0.119 Mpa,0.118 Mpa,0.117 Mpa,0.119 Mpa,0 Mpa,0.126 Mpa,0.125 Mpa,0.125 Mpa,0.125 Mpa,0.0458 Mpa,0.123 Mpa,0.124 Mpa,0.127 Mpa,1.02 Mpa,0 Mpa,0.120 Mpa,0.124 Mpa,0.121 Mpa,0.122 Mpa,0 Mpa,0.119 Mpa,0.118 Mpa,0.121 Mpa,0.121 Mpa,0.00436 Mpa,,,,,,1658 RPM
2026-06-29 04:00:00,0.120 Mpa,1.00 Mpa,0.120 Mpa,0.120 Mpa,0.0209 Mpa,0.112 Mpa,1.01 Mpa,0.113 Mpa,1.01 Mpa,0.00452 Mpa,0.118 Mpa,0.115 Mpa,0.118 Mpa,0.114 Mpa,0 Mpa,0.100 Mpa,0.102 Mpa,0.100 Mpa,0.102 Mpa,,0.129 Mpa,0.127 Mpa,0.128 Mpa,0.128 Mpa,0 Mpa,0.120 Mpa,0.119 Mpa,0.118 Mpa,0.120 Mpa,0 Mpa,0.124 Mpa,0.123 Mpa,0.124 Mpa,0.123 Mpa,0.0319 Mpa,0.120 Mpa,0.121 Mpa,0.123 Mpa,1.02 Mpa,0 Mpa,0.122 Mpa,0.126 Mpa,0.123 Mpa,0.123 Mpa,0 Mpa,0.121 Mpa,0.120 Mpa,0.122 Mpa,0.123 Mpa,0.00403 Mpa,,,,,,1530 RPM
2026-06-29 07:00:00,0.134 Mpa,1.02 Mpa,0.135 Mpa,0.135 Mpa,0 Mpa,0.112 Mpa,1.01 Mpa,0.113 Mpa,1.01 Mpa,0.00591 Mpa,0.120 Mpa,0.117 Mpa,0.121 Mpa,0.117 Mpa,0 Mpa,0.104 Mpa,0.106 Mpa,0.105 Mpa,0.106 Mpa,,0.134 Mpa,0.132 Mpa,0.133 Mpa,0.132 Mpa,0 Mpa,0.118 Mpa,0.118 Mpa,0.117 Mpa,0.119 Mpa,0 Mpa,0.126 Mpa,0.125 Mpa,0.125 Mpa,0.125 Mpa,0 Mpa,0.125 Mpa,0.125 Mpa,0.129 Mpa,1.02 Mpa,0 Mpa,0.128 Mpa,0.133 Mpa,0.130 Mpa,0.129 Mpa,0 Mpa,0.120 Mpa,0.119 Mpa,0.122 Mpa,0.122 Mpa,0 Mpa,,,,,,1621 RPM
2026-06-29 10:00:00,0.130 Mpa,1.02 Mpa,0.131 Mpa,0.132 Mpa,0 Mpa,0.125 Mpa,1.01 Mpa,0.126 Mpa,1.01 Mpa,0.00622 Mpa,0.124 Mpa,0.119 Mpa,0.123 Mpa,0.119 Mpa,0 Mpa,0.116 Mpa,0.117 Mpa,0.116 Mpa,0.116 Mpa,,0.132 Mpa,0.129 Mpa,0.131 Mpa,0.130 Mpa,0 Mpa,0.118 Mpa,0.118 Mpa,0.116 Mpa,0.118 Mpa,0 Mpa,0.120 Mpa,0.119 Mpa,0.120 Mpa,0.119 Mpa,0.187 Mpa,0.124 Mpa,0.125 Mpa,0.128 Mpa,1.02 Mpa,0 Mpa,0.127 Mpa,0.131 Mpa,0.129 Mpa,0.128 Mpa,0.00136 Mpa,0.124 Mpa,0.123 Mpa,0.126 Mpa,0.125 Mpa,0 Mpa,,,,,,1776 RPM
2026-06-29 13:00:00,0.130 Mpa,1.01 Mpa,0.131 Mpa,0.131 Mpa,0.00625 Mpa,0.125 Mpa,1.02 Mpa,0.126 Mpa,1.02 Mpa,0 Mpa,0.122 Mpa,0.117 Mpa,0.122 Mpa,0.118 Mpa,0 Mpa,0.100 Mpa,0.100 Mpa,0.100 Mpa,0.100 Mpa,,0.124 Mpa,0.122 Mpa,0.124 Mpa,0.123 Mpa,0 Mpa,0.110 Mpa,0.110 Mpa,0.107 Mpa,0.111 Mpa,0.0131 Mpa,0.111 Mpa,0.111 Mpa,0.111 Mpa,0.111 Mpa,0.00565 Mpa,0.124 Mpa,0.124 Mpa,0.127 Mpa,1.02 Mpa,0 Mpa,0.127 Mpa,0.132 Mpa,0.130 Mpa,0.129 Mpa,0 Mpa,0.121 Mpa,0.120 Mpa,0.123 Mpa,0.123 Mpa,0 Mpa,,,,,,1599 RPM
2026-06-29 16:00:00,0.126 Mpa,1.02 Mpa,0.127 Mpa,0.126 Mpa,0 Mpa,0.126 Mpa,1.01 Mpa,0.127 Mpa,1.01 Mpa,0.00536 Mpa,0.118 Mpa,0.115 Mpa,0.118 Mpa,0.115 Mpa,0 Mpa,0.101 Mpa,0.101 Mpa,0.101 Mpa,0.101 Mpa,,0.118 Mpa,0.116 Mpa,0.118 Mpa,0.117 Mpa,0 Mpa,0.117 Mpa,0.116 Mpa,0.115 Mpa,0.117 Mpa,0 Mpa,0.128 Mpa,0.126 Mpa,0.127 Mpa,0.126 Mpa,0 Mpa,0.121 Mpa,0.122 Mpa,0.125 Mpa,1.02 Mpa,0 Mpa,0.128 Mpa,0.132 Mpa,0.129 Mpa,0.129 Mpa,0 Mpa,0.117 Mpa,0.116 Mpa,0.119 Mpa,0.119 Mpa,0.00421 Mpa,,,,,,1667 RPM
2026-06-29 19:00:00,0.122 Mpa,1.02 Mpa,0.124 Mpa,0.124 Mpa,0 Mpa,0.122 Mpa,1.00 Mpa,0.122 Mpa,1.00 Mpa,0.0283 Mpa,0.120 Mpa,0.117 Mpa,0.120 Mpa,0.117 Mpa,0 Mpa,0.100 Mpa,0.101 Mpa,0.100 Mpa,0.101 Mpa,,0.108 Mpa,0.107 Mpa,0.107 Mpa,0.107 Mpa,0 Mpa,0.115 Mpa,0.116 Mpa,0.114 Mpa,0.117 Mpa,0 Mpa,0.131 Mpa,0.129 Mpa,0.130 Mpa,0.129 Mpa,0 Mpa,0.125 Mpa,0.126 Mpa,0.129 Mpa,1.02 Mpa,0 Mpa,0.129 Mpa,0.134 Mpa,0.131 Mpa,0.130 Mpa,0.00587 Mpa,0.119 Mpa,0.118 Mpa,0.120 Mpa,0.120 Mpa,0 Mpa,,,,,,1699 RPM
2026-06-29 22:00:00,0.125 Mpa,1.01 Mpa,0.127 Mpa,0.126 Mpa,0.00334 Mpa,0.112 Mpa,1.02 Mpa,0.114 Mpa,1.02 Mpa,0 Mpa,0.123 Mpa,0.119 Mpa,0.122 Mpa,0.120 Mpa,0 Mpa,0.102 Mpa,0.102 Mpa,0.102 Mpa,0.102 Mpa,,0.116 Mpa,0.114 Mpa,0.113 Mpa,0.114 Mpa,0.00940 Mpa,0.111 Mpa,0.113 Mpa,0.110 Mpa,0.114 Mpa,0.00893 Mpa,0.127 Mpa,0.126 Mpa,0.126 Mpa,0.126 Mpa,0 Mpa,0.123 Mpa,0.124 Mpa,0.126 Mpa,1.01 Mpa,0.0238 Mpa,0.123 Mpa,0.126 Mpa,0.124 Mpa,0.123 Mpa,0 Mpa,0.121 Mpa,0.119 Mpa,0.123 Mpa,0.122 Mpa,0.0133 Mpa,,,,,,1667 RPM
2026-06-30 01:00:00,0.122 Mpa,1.02 Mpa,0.124 Mpa,0.124 Mpa,0 Mpa,0.112 Mpa,1.02 Mpa,0.113 Mpa,1.02 Mpa,0 Mpa,0.122 Mpa,0.119 Mpa,0.122 Mpa,0.118 Mpa,0.00833 Mpa,0.109 Mpa,0.110 Mpa,0.109 Mpa,0.111 Mpa,,0.127 Mpa,0.126 Mpa,0.127 Mpa,0.127 Mpa,0 Mpa,0.118 Mpa,0.120 Mpa,0.117 Mpa,0.120 Mpa,0.0730 Mpa,0.112 Mpa,0.112 Mpa,0.112 Mpa,0.112 Mpa,0.0759 Mpa,0.122 Mpa,0.123 Mpa,0.125 Mpa,1.02 Mpa,0 Mpa,0.120 Mpa,0.124 Mpa,0.122 Mpa,0.121 Mpa,0 Mpa,0.122 Mpa,0.121 Mpa,0.123 Mpa,0.123 Mpa,0 Mpa,,,,,,1667 RPM
2026-06-30 04:00:00,0.122 Mpa,1.01 Mpa,0.124 Mpa,0.124 Mpa,0 Mpa,0.109 Mpa,1.01 Mpa,0.111 Mpa,1.01 Mpa,0.00528 Mpa,0.118 Mpa,0.115 Mpa,0.118 Mpa,0.114 Mpa,0 Mpa,0.122 Mpa,0.124 Mpa,0.123 Mpa,0.124 Mpa,,0.121 Mpa,0.120 Mpa,0.120 Mpa,0.120 Mpa,0 Mpa,0.114 Mpa,0.115 Mpa,0.113 Mpa,0.115 Mpa,0 Mpa,,,,,,0.116 Mpa,0.117 Mpa,0.118 Mpa,1.01 Mpa,0 Mpa,0.121 Mpa,0.124 Mpa,0.122 Mpa,0.121 Mpa,0.00151 Mpa,0.115 Mpa,0.114 Mpa,0.117 Mpa,0.117 Mpa,0.00447 Mpa,,,,,,1582 RPM
2026-06-30 07:00:00,0.127 Mpa,1.02 Mpa,0.129 Mpa,0.129 Mpa,0 Mpa,0.113 Mpa,1.00 Mpa,0.114 Mpa,1.00 Mpa,0.0137 Mpa,0.123 Mpa,0.119 Mpa,0.122 Mpa,0.119 Mpa,0 Mpa,0.119 Mpa,0.122 Mpa,0.118 Mpa,0.121 Mpa,,0.126 Mpa,0.124 Mpa,0.126 Mpa,0.125 Mpa,0 Mpa,0.113 Mpa,0.113 Mpa,0.111 Mpa,0.114 Mpa,0.00496 Mpa,0.124 Mpa,0.124 Mpa,0.124 Mpa,0.124 Mpa,0.457 Mpa,0.125 Mpa,0.126 Mpa,0.129 Mpa,1.02 Mpa,0 Mpa,0.131 Mpa,0.136 Mpa,0.133 Mpa,0.133 Mpa,0 Mpa,0.125 Mpa,0.124 Mpa,0.126 Mpa,0.127 Mpa,0 Mpa,,,,,,1671 RPM
2026-06-30 10:00:00,0.126 Mpa,1.02 Mpa,0.129 Mpa,0.128 Mpa,0 Mpa,0.112 Mpa,1.02 Mpa,0.113 Mpa,1.02 Mpa,0 Mpa,0.124 Mpa,0.119 Mpa,0.124 Mpa,0.120 Mpa,0 Mpa,0.119 Mpa,0.123 Mpa,0.118 Mpa,0.120 Mpa,,0.125 Mpa,0.123 Mpa,0.124 Mpa,0.124 Mpa,0 Mpa,0.111 Mpa,0.111 Mpa,0.109 Mpa,0.111 Mpa,0 Mpa,0.112 Mpa,0.112 Mpa,0.111 Mpa,0.112 Mpa,0 Mpa,0.126 Mpa,0.127 Mpa,0.130 Mpa,1.02 Mpa,0 Mpa,0.127 Mpa,0.131 Mpa,0.129 Mpa,0.129 Mpa,0 Mpa,0.126 Mpa,0.126 Mpa,0.128 Mpa,0.128 Mpa,0 Mpa,,,,,,1754 RPM
2026-06-30 13:00:00,0.122 Mpa,1.01 Mpa,0.124 Mpa,0.123 Mpa,0.00458 Mpa,0.112 Mpa,1.01 Mpa,0.113 Mpa,1.01 Mpa,0.00627 Mpa,0.118 Mpa,0.115 Mpa,0.119 Mpa,0.115 Mpa,0 Mpa,0.120 Mpa,0.123 Mpa,0.119 Mpa,0.121 Mpa,,0.126 Mpa,0.125 Mpa,0.126 Mpa,0.126 Mpa,0 Mpa,0.117 Mpa,0.117 Mpa,0.116 Mpa,0.118 Mpa,0 Mpa,,,,,,0.125 Mpa,0.125 Mpa,0.128 Mpa,1.02 Mpa,0 Mpa,0.132 Mpa,0.136 Mpa,0.135 Mpa,0.133 Mpa,0 Mpa,0.122 Mpa,0.121 Mpa,0.123 Mpa,0.123 Mpa,0 Mpa,,,,,,1700 RPM
2026-06-30 16:00:00,0.118 Mpa,1.02 Mpa,0.121 Mpa,0.120 Mpa,0 Mpa,0.113 Mpa,1.01 Mpa,0.114 Mpa,1.01 Mpa,0.00520 Mpa,0.115 Mpa,0.112 Mpa,0.116 Mpa,0.112 Mpa,0 Mpa,0.117 Mpa,0.121 Mpa,0.116 Mpa,0.119 Mpa,,0.121 Mpa,0.120 Mpa,0.121 Mpa,0.121 Mpa,0 Mpa,0.116 Mpa,0.116 Mpa,0.115 Mpa,0.117 Mpa,0 Mpa,,,,,,0.122 Mpa,0.124 Mpa,0.125 Mpa,1.02 Mpa,0 Mpa,0.128 Mpa,0.132 Mpa,0.131 Mpa,0.130 Mpa,0.00128 Mpa,0.122 Mpa,0.121 Mpa,0.124 Mpa,0.124 Mpa,0 Mpa,,,,,,1711 RPM
2026-06-30 19:00:00,0.118 Mpa,1.01 Mpa,0.120 Mpa,0.119 Mpa,0.00348 Mpa,0.114 Mpa,1.02 Mpa,0.115 Mpa,1.02 Mpa,0 Mpa,0.119 Mpa,0.116 Mpa,0.119 Mpa,0.116 Mpa,0 Mpa,0.119 Mpa,0.122 Mpa,0.118 Mpa,0.120 Mpa,,0.124 Mpa,0.123 Mpa,0.124 Mpa,0.123 Mpa,0 Mpa,0.106 Mpa,0.107 Mpa,0.105 Mpa,0.107 Mpa,0 Mpa,,,,,,0.124 Mpa,0.125 Mpa,0.128 Mpa,1.02 Mpa,0 Mpa,0.122 Mpa,0.127 Mpa,0.124 Mpa,0.125 Mpa,0 Mpa,0.120 Mpa,0.119 Mpa,0.122 Mpa,0.122 Mpa,0 Mpa,,,,,,1730 RPM
2026-06-30 22:00:00,0.123 Mpa,1.01 Mpa,0.124 Mpa,0.124 Mpa,0 Mpa,0.113 Mpa,1.02 Mpa,0.114 Mpa,1.02 Mpa,0 Mpa,0.120 Mpa,0.116 Mpa,0.120 Mpa,0.117 Mpa,0 Mpa,0.120 Mpa,0.123 Mpa,0.119 Mpa,0.121 Mpa,,0.118 Mpa,0.117 Mpa,0.118 Mpa,0.117 Mpa,0.0121 Mpa,0.115 Mpa,0.117 Mpa,0.113 Mpa,0.117 Mpa,0 Mpa,,,,,,0.121 Mpa,0.122 Mpa,0.124 Mpa,1.01 Mpa,0.0104 Mpa,0.124 Mpa,0.128 Mpa,0.125 Mpa,0.125 Mpa,0 Mpa,0.120 Mpa,0.119 Mpa,0.121 Mpa,0.122 Mpa,0 Mpa,,,,,,1700 RPM
2026-07-01 01:00:00,0.120 Mpa,1.02 Mpa,0.122 Mpa,0.121 Mpa,0 Mpa,0.107 Mpa,0.997 Mpa,0.108 Mpa,0.997 Mpa,0.0421 Mpa,0.118 Mpa,0.115 Mpa,0.118 Mpa,0.114 Mpa,0 Mpa,0.110 Mpa,0.114 Mpa,0.111 Mpa,0.113 Mpa,,0.128 Mpa,0.127 Mpa,0.127 Mpa,0.128 Mpa,0 Mpa,0.110 Mpa,0.111 Mpa,0.109 Mpa,0.112 Mpa,0 Mpa,0.107 Mpa,0.107 Mpa,0.105 Mpa,0.107 Mpa,0.0450 Mpa,0.117 Mpa,0.119 Mpa,0.119 Mpa,1.02 Mpa,0 Mpa,0.128 Mpa,0.132 Mpa,0.130 Mpa,0.129 Mpa,0 Mpa,0.118 Mpa,0.117 Mpa,0.119 Mpa,0.120 Mpa,0.00621 Mpa,,,,,,1499 RPM
2026-07-01 04:00:00,0.115 Mpa,1.02 Mpa,0.115 Mpa,0.116 Mpa,0 Mpa,0.113 Mpa,1.01 Mpa,0.114 Mpa,1.01 Mpa,0.00364 Mpa,0.122 Mpa,0.118 Mpa,0.121 Mpa,0.118 Mpa,0 Mpa,0.119 Mpa,0.124 Mpa,0.118 Mpa,0.122 Mpa,,0.128 Mpa,0.126 Mpa,0.128 Mpa,0.127 Mpa,0 Mpa,0.116 Mpa,0.116 Mpa,0.115 Mpa,0.117 Mpa,0.00906 Mpa,0.125 Mpa,0.125 Mpa,0.125 Mpa,0.125 Mpa,0.0284 Mpa,0.119 Mpa,0.120 Mpa,0.122 Mpa,1.02 Mpa,0 Mpa,0.120 Mpa,0.122 Mpa,0.121 Mpa,0.121 Mpa,0 Mpa,0.121 Mpa,0.121 Mpa,0.122 Mpa,0.123 Mpa,0 Mpa,,,,,,1610 RPM
2026-07-01 07:00:00,0.120 Mpa,1.02 Mpa,0.121 Mpa,0.121 Mpa,0 Mpa,0.111 Mpa,1.01 Mpa,0.112 Mpa,1.01 Mpa,0.00531 Mpa,0.124 Mpa,0.121 Mpa,0.124 Mpa,0.121 Mpa,0 Mpa,0.122 Mpa,0.126 Mpa,0.120 Mpa,0.123 Mpa,,0.124 Mpa,0.123 Mpa,0.124 Mpa,0.124 Mpa,0 Mpa,0.114 Mpa,0.114 Mpa,0.113 Mpa,0.115 Mpa,0 Mpa,0.122 Mpa,0.121 Mpa,0.122 Mpa,0.121 Mpa,0 Mpa,0.125 Mpa,0.127 Mpa,0.129 Mpa,1.02 Mpa,0 Mpa,0.121 Mpa,0.123 Mpa,0.123 Mpa,0.121 Mpa,0 Mpa,0.129 Mpa,0.128 Mpa,0.131 Mpa,0.131 Mpa,0 Mpa,,,,,,1728 RPM
2026-07-01 10:00:00,0.126 Mpa,1.02 Mpa,0.127 Mpa,0.127 Mpa,0 Mpa,0.102 Mpa,0.938 Mpa,0.102 Mpa,0.956 Mpa,0.0245 Mpa,0.125 Mpa,0.121 Mpa,0.124 Mpa,0.121 Mpa,0 Mpa,0.117 Mpa,0.121 Mpa,0.115 Mpa,0.119 Mpa,,0.128 Mpa,0.127 Mpa,0.127 Mpa,0.127 Mpa,0 Mpa,0.116 Mpa,0.117 Mpa,0.115 Mpa,0.118 Mpa,0 Mpa,0.127 Mpa,0.126 Mpa,0.127 Mpa,0.126 Mpa,0.00723 Mpa,0.124 Mpa,0.125 Mpa,0.128 Mpa,1.02 Mpa,0 Mpa,0.121 Mpa,0.123 Mpa,0.122 Mpa,0.121 Mpa,0 Mpa,0.126 Mpa,0.125 Mpa,0.128 Mpa,0.127 Mpa,0 Mpa,,,,,,1681 RPM
2026-07-01 13:00:00,0.126 Mpa,1.02 Mpa,0.128 Mpa,0.128 Mpa,0 Mpa,,,,,,0.121 Mpa,0.118 Mpa,0.120 Mpa,0.117 Mpa,0 Mpa,0.106 Mpa,0.109 Mpa,0.106 Mpa,0.107 Mpa,,0.125 Mpa,0.123 Mpa,0.124 Mpa,0.124 Mpa,0 Mpa,0.114 Mpa,0.114 Mpa,0.112 Mpa,0.115 Mpa,0 Mpa,0.127 Mpa,0.127 Mpa,0.126 Mpa,0.126 Mpa,0 Mpa,0.123 Mpa,0.124 Mpa,0.128 Mpa,1.01 Mpa,0.00553 Mpa,0.127 Mpa,0.132 Mpa,0.129 Mpa,0.129 Mpa,0 Mpa,0.121 Mpa,0.120 Mpa,0.123 Mpa,0.123 Mpa,0 Mpa,,,,,,1681 RPM
2026-07-01 16:00:00,0.119 Mpa,1.02 Mpa,0.121 Mpa,0.121 Mpa,0 Mpa,0.113 Mpa,0.229 Mpa,0.114 Mpa,0.408 Mpa,0 Mpa,0.118 Mpa,0.115 Mpa,0.118 Mpa,0.115 Mpa,0 Mpa,0.119 Mpa,0.122 Mpa,0.118 Mpa,0.119 Mpa,,0.121 Mpa,0.119 Mpa,0.120 Mpa,0.120 Mpa,0 Mpa,0.116 Mpa,0.116 Mpa,0.115 Mpa,0.117 Mpa,0 Mpa,0.114 Mpa,0.114 Mpa,0.114 Mpa,0.114 Mpa,0.00913 Mpa,0.121 Mpa,0.123 Mpa,0.125 Mpa,1.02 Mpa,0 Mpa,0.117 Mpa,0.120 Mpa,0.119 Mpa,0.117 Mpa,0 Mpa,0.123 Mpa,0.122 Mpa,0.125 Mpa,0.124 Mpa,0.00392 Mpa,,,,,,1668 RPM
2026-07-01 19:00:00,0.122 Mpa,1.02 Mpa,0.124 Mpa,0.124 Mpa,0 Mpa,,,,,,0.113 Mpa,0.111 Mpa,0.113 Mpa,0.110 Mpa,0.00567 Mpa,0.113 Mpa,0.117 Mpa,0.113 Mpa,0.115 Mpa,,0.125 Mpa,0.124 Mpa,0.125 Mpa,0.125 Mpa,0 Mpa,0.118 Mpa,0.118 Mpa,0.117 Mpa,0.119 Mpa,0 Mpa,0.121 Mpa,0.120 Mpa,0.120 Mpa,0.120 Mpa,0 Mpa,0.125 Mpa,0.127 Mpa,0.129 Mpa,1.02 Mpa,0 Mpa,0.127 Mpa,0.131 Mpa,0.129 Mpa,0.127 Mpa,0 Mpa,0.119 Mpa,0.118 Mpa,0.120 Mpa,0.121 Mpa,0 Mpa,,,,,,1702 RPM
2026-07-01 22:00:00,0.121 Mpa,1.01 Mpa,0.123 Mpa,0.124 Mpa,0.00548 Mpa,,,,,,0.121 Mpa,0.118 Mpa,0.121 Mpa,0.118 Mpa,0 Mpa,0.116 Mpa,0.120 Mpa,0.116 Mpa,0.118 Mpa,,0.122 Mpa,0.120 Mpa,0.122 Mpa,0.121 Mpa,0.0111 Mpa,0.115 Mpa,0.115 Mpa,0.114 Mpa,0.117 Mpa,0 Mpa,0.131 Mpa,0.129 Mpa,0.129 Mpa,0.129 Mpa,0 Mpa,0.122 Mpa,0.123 Mpa,0.126 Mpa,1.01 Mpa,0.00426 Mpa,0.118 Mpa,0.120 Mpa,0.119 Mpa,0.119 Mpa,0 Mpa,0.120 Mpa,0.120 Mpa,0.122 Mpa,0.123 Mpa,0.00855 Mpa,,,,,,1735 RPM
2026-07-02 01:00:00,0.117 Mpa,1.01 Mpa,0.118 Mpa,0.117 Mpa,0.0122 Mpa,,,,,,0.120 Mpa,0.117 Mpa,0.121 Mpa,0.117 Mpa,0 Mpa,0.112 Mpa,0.114 Mpa,0.111 Mpa,0.113 Mpa,,0.128 Mpa,0.126 Mpa,0.127 Mpa,0.127 Mpa,0.00571 Mpa,0.118 Mpa,0.117 Mpa,0.116 Mpa,0.118 Mpa,0 Mpa,0.125 Mpa,0.124 Mpa,0.125 Mpa,0.124 Mpa,0 Mpa,0.118 Mpa,0.119 Mpa,0.121 Mpa,1.02 Mpa,0 Mpa,0.129 Mpa,0.130 Mpa,0.130 Mpa,0.129 Mpa,0 Mpa,0.122 Mpa,0.121 Mpa,0.124 Mpa,0.124 Mpa,0 Mpa,,,,,,1650 RPM
2026-07-02 04:00:00,0.127 Mpa,1.02 Mpa,0.129 Mpa,0.129 Mpa,0 Mpa,,,,,,0.116 Mpa,0.113 Mpa,0.116 Mpa,0.113 Mpa,0 Mpa,0.119 Mpa,0.122 Mpa,0.118 Mpa,0.120 Mpa,,0.123 Mpa,0.121 Mpa,0.122 Mpa,0.122 Mpa,0 Mpa,0.114 Mpa,0.115 Mpa,0.113 Mpa,0.115 Mpa,0 Mpa,0.123 Mpa,0.122 Mpa,0.122 Mpa,0.122 Mpa,0 Mpa,0.124 Mpa,0.125 Mpa,0.127 Mpa,1.02 Mpa,0 Mpa,0.127 Mpa,0.129 Mpa,0.129 Mpa,0.127 Mpa,0 Mpa,0.122 Mpa,0.121 Mpa,0.123 Mpa,0.123 Mpa,0.00419 Mpa,,,,,,1678 RPM
2026-07-02 07:00:00,0.130 Mpa,1.02 Mpa,0.131 Mpa,0.132 Mpa,0 Mpa,,,,,,0.120 Mpa,0.117 Mpa,0.120 Mpa,0.117 Mpa,0 Mpa,0.120 Mpa,0.123 Mpa,0.119 Mpa,0.121 Mpa,,0.128 Mpa,0.126 Mpa,0.128 Mpa,0.127 Mpa,0 Mpa,0.118 Mpa,0.118 Mpa,0.117 Mpa,0.119 Mpa,0 Mpa,0.124 Mpa,0.123 Mpa,0.123 Mpa,0.123 Mpa,0 Mpa,0.125 Mpa,0.127 Mpa,0.129 Mpa,1.02 Mpa,0 Mpa,0.124 Mpa,0.126 Mpa,0.126 Mpa,0.124 Mpa,0 Mpa,0.122 Mpa,0.121 Mpa,0.124 Mpa,0.124 Mpa,0 Mpa,,,,,,1780 RPM
2026-07-02 10:00:00,0.127 Mpa,1.02 Mpa,0.129 Mpa,0.128 Mpa,0 Mpa,0.107 Mpa,0.0998 Mpa,0.108 Mpa,0.101 Mpa,0.0333 Mpa,0.120 Mpa,0.117 Mpa,0.120 Mpa,0.117 Mpa,0 Mpa,0.121 Mpa,0.124 Mpa,0.120 Mpa,0.122 Mpa,,0.130 Mpa,0.128 Mpa,0.129 Mpa,0.129 Mpa,0 Mpa,0.118 Mpa,0.117 Mpa,0.116 Mpa,0.118 Mpa,0 Mpa,0.122 Mpa,0.121 Mpa,0.121 Mpa,0.121 Mpa,0.00499 Mpa,0.124 Mpa,0.125 Mpa,0.127 Mpa,1.01 Mpa,0.00571 Mpa,0.126 Mpa,0.129 Mpa,0.129 Mpa,0.126 Mpa,0 Mpa,0.121 Mpa,0.120 Mpa,0.123 Mpa,0.123 Mpa,0 Mpa,,,,,,1717 RPM
2026-07-02 13:00:00,0.120 Mpa,1.02 Mpa,0.121 Mpa,0.122 Mpa,0 Mpa,0.113 Mpa,0.105 Mpa,0.113 Mpa,0.686 Mpa,0.0126 Mpa,0.120 Mpa,0.116 Mpa,0.120 Mpa,0.116 Mpa,0.00932 Mpa,0.119 Mpa,0.122 Mpa,0.118 Mpa,0.120 Mpa,,0.127 Mpa,0.125 Mpa,0.127 Mpa,0.126 Mpa,0.00585 Mpa,0.115 Mpa,0.116 Mpa,0.113 Mpa,0.117 Mpa,0.0161 Mpa,0.123 Mpa,0.125 Mpa,0.122 Mpa,0.124 Mpa,0 Mpa,0.121 Mpa,0.122 Mpa,0.124 Mpa,1.02 Mpa,0 Mpa,0.122 Mpa,0.124 Mpa,0.124 Mpa,0.122 Mpa,0 Mpa,0.120 Mpa,0.120 Mpa,0.122 Mpa,0.123 Mpa,0 Mpa,0.856 Mpa,0.105 Mpa,0.866 Mpa,0.105 Mpa,0.0429 Mpa,1593 RPM
2026-07-02 16:00:00,0.111 Mpa,1.02 Mpa,0.112 Mpa,0.112 Mpa,0 Mpa,0.116 Mpa,0.113 Mpa,0.117 Mpa,0.914 Mpa,0 Mpa,0.121 Mpa,0.117 Mpa,0.121 Mpa,0.117 Mpa,0 Mpa,0.118 Mpa,0.120 Mpa,0.117 Mpa,0.119 Mpa,,0.123 Mpa,0.121 Mpa,0.122 Mpa,0.122 Mpa,0 Mpa,0.116 Mpa,0.117 Mpa,0.115 Mpa,0.118 Mpa,0 Mpa,0.126 Mpa,0.125 Mpa,0.125 Mpa,0.124 Mpa,0.00103 Mpa,0.121 Mpa,0.122 Mpa,0.125 Mpa,1.02 Mpa,0 Mpa,,,,,,0.121 Mpa,0.121 Mpa,0.123 Mpa,0.123 Mpa,0.00717 Mpa,0.121 Mpa,0.122 Mpa,0.865 Mpa,0.121 Mpa,0.0571 Mpa,1631 RPM
2026-07-02 19:00:00,0.126 Mpa,1.02 Mpa,0.128 Mpa,0.128 Mpa,0 Mpa,0.116 Mpa,0.114 Mpa,0.117 Mpa,0.994 Mpa,0 Mpa,0.124 Mpa,0.120 Mpa,0.123 Mpa,0.120 Mpa,0 Mpa,0.119 Mpa,0.123 Mpa,0.118 Mpa,0.121 Mpa,,0.123 Mpa,0.121 Mpa,0.122 Mpa,0.122 Mpa,0 Mpa,0.117 Mpa,0.117 Mpa,0.116 Mpa,0.118 Mpa,0 Mpa,0.124 Mpa,0.123 Mpa,0.123 Mpa,0.123 Mpa,0 Mpa,0.124 Mpa,0.125 Mpa,0.128 Mpa,1.02 Mpa,0 Mpa,,,,,,,,,,,0.128 Mpa,0.128 Mpa,0.862 Mpa,0.128 Mpa,0 Mpa,1803 RPM
2026-07-02 22:00:00,0.119 Mpa,1.01 Mpa,0.121 Mpa,0.122 Mpa,0.0156 Mpa,0.121 Mpa,0.118 Mpa,0.122 Mpa,1.01 Mpa,0.00849 Mpa,0.123 Mpa,0.121 Mpa,0.123 Mpa,0.121 Mpa,0.0182 Mpa,0.117 Mpa,0.121 Mpa,0.116 Mpa,0.119 Mpa,,0.121 Mpa,0.119 Mpa,0.120 Mpa,0.119 Mpa,0.00502 Mpa,0.118 Mpa,0.117 Mpa,0.116 Mpa,0.118 Mpa,0 Mpa,0.123 Mpa,0.122 Mpa,0.123 Mpa,0.122 Mpa,0 Mpa,0.120 Mpa,0.120 Mpa,0.122 Mpa,1.01 Mpa,0.00580 Mpa,,,,,,0.125 Mpa,0.125 Mpa,0.127 Mpa,0.128 Mpa,0.0317 Mpa,0.128 Mpa,0.128 Mpa,0.864 Mpa,0.127 Mpa,0.0259 Mpa,1651 RPM
2026-07-03 01:00:00,0.105 Mpa,1.01 Mpa,0.105 Mpa,0.106 Mpa,0.00962 Mpa,0.106 Mpa,0.104 Mpa,0.109 Mpa,0.992 Mpa,0.0558 Mpa,0.123 Mpa,0.120 Mpa,0.123 Mpa,0.119 Mpa,0 Mpa,0.114 Mpa,0.116 Mpa,0.114 Mpa,0.115 Mpa,,0.126 Mpa,0.125 Mpa,0.126 Mpa,0.125 Mpa,0 Mpa,0.118 Mpa,0.117 Mpa,0.117 Mpa,0.118 Mpa,0 Mpa,0.127 Mpa,0.126 Mpa,0.126 Mpa,0.126 Mpa,0 Mpa,0.120 Mpa,0.122 Mpa,0.124 Mpa,1.02 Mpa,0 Mpa,,,,,,0.122 Mpa,0.121 Mpa,0.124 Mpa,0.124 Mpa,0 Mpa,,,,,,1683 RPM
2026-07-03 04:00:00,,,,,,0.113 Mpa,0.110 Mpa,0.113 Mpa,1.02 Mpa,0 Mpa,0.121 Mpa,0.117 Mpa,0.121 Mpa,0.117 Mpa,0 Mpa,0.112 Mpa,0.116 Mpa,0.112 Mpa,0.115 Mpa,,0.121 Mpa,0.119 Mpa,0.120 Mpa,0.120 Mpa,0 Mpa,0.115 Mpa,0.115 Mpa,0.113 Mpa,0.116 Mpa,0 Mpa,0.126 Mpa,0.125 Mpa,0.125 Mpa,0.125 Mpa,0 Mpa,0.123 Mpa,0.125 Mpa,0.127 Mpa,1.02 Mpa,0 Mpa,,,,,,0.124 Mpa,0.124 Mpa,0.125 Mpa,0.127 Mpa,0.00491 Mpa,,,,,,1714 RPM
2026-07-03 07:00:00,,,,,,0.119 Mpa,0.115 Mpa,0.119 Mpa,1.02 Mpa,0 Mpa,0.123 Mpa,0.120 Mpa,0.123 Mpa,0.119 Mpa,0 Mpa,0.122 Mpa,0.125 Mpa,0.121 Mpa,0.123 Mpa,,0.118 Mpa,0.117 Mpa,0.117 Mpa,0.117 Mpa,0 Mpa,0.115 Mpa,0.115 Mpa,0.114 Mpa,0.116 Mpa,0 Mpa,0.126 Mpa,0.125 Mpa,0.125 Mpa,0.125 Mpa,0 Mpa,0.126 Mpa,0.126 Mpa,0.128 Mpa,1.02 Mpa,0 Mpa,,,,,,0.122 Mpa,0.122 Mpa,0.125 Mpa,0.125 Mpa,0 Mpa,0.117 Mpa,0.118 Mpa,0.863 Mpa,0.117 Mpa,0.0303 Mpa,1722 RPM
2026-07-03 10:00:00,0.108 Mpa,1.01 Mpa,0.108 Mpa,0.108 Mpa,0 Mpa,0.119 Mpa,0.116 Mpa,0.120 Mpa,1.02 Mpa,0 Mpa,0.123 Mpa,0.121 Mpa,0.124 Mpa,0.122 Mpa,0 Mpa,0.123 Mpa,0.126 Mpa,0.121 Mpa,0.124 Mpa,,0.132 Mpa,0.130 Mpa,0.132 Mpa,0.131 Mpa,0 Mpa,0.117 Mpa,0.116 Mpa,0.116 Mpa,0.117 Mpa,0 Mpa,0.126 Mpa,0.125 Mpa,0.124 Mpa,0.124 Mpa,0.00818 Mpa,0.125 Mpa,0.126 Mpa,0.128 Mpa,1.02 Mpa,0 Mpa,,,,,,0.122 Mpa,0.122 Mpa,0.124 Mpa,0.125 Mpa,0 Mpa,0.112 Mpa,0.113 Mpa,0.864 Mpa,0.113 Mpa,0.0681 Mpa,1684 RPM
2026-07-03 13:00:00,0.101 Mpa,1.02 Mpa,0.101 Mpa,0.102 Mpa,0 Mpa,0.115 Mpa,0.112 Mpa,0.116 Mpa,1.02 Mpa,0 Mpa,0.121 Mpa,0.117 Mpa,0.119 Mpa,0.117 Mpa,0 Mpa,0.117 Mpa,0.120 Mpa,0.116 Mpa,0.118 Mpa,,0.128 Mpa,0.126 Mpa,0.128 Mpa,0.127 Mpa,0 Mpa,0.119 Mpa,0.119 Mpa,0.117 Mpa,0.120 Mpa,0.0188 Mpa,0.127 Mpa,0.126 Mpa,0.126 Mpa,0.126 Mpa,0 Mpa,0.123 Mpa,0.124 Mpa,0.127 Mpa,1.02 Mpa,0 Mpa,0.107 Mpa,0.107 Mpa,0.106 Mpa,0.106 Mpa,0 Mpa,0.122 Mpa,0.122 Mpa,0.124 Mpa,0.124 Mpa,0 Mpa,0.113 Mpa,0.113 Mpa,0.864 Mpa,0.113 Mpa,0.0914 Mpa,1591 RPM
2026-07-03 16:00:00,0.117 Mpa,1.02 Mpa,0.118 Mpa,0.118 Mpa,0 Mpa,0.112 Mpa,0.109 Mpa,0.113 Mpa,1.02 Mpa,0 Mpa,0.118 Mpa,0.115 Mpa,0.118 Mpa,0.114 Mpa,0 Mpa,0.117 Mpa,0.120 Mpa,0.116 Mpa,0.119 Mpa,,0.125 Mpa,0.124 Mpa,0.125 Mpa,0.124 Mpa,0 Mpa,0.113 Mpa,0.114 Mpa,0.112 Mpa,0.115 Mpa,0 Mpa,0.124 Mpa,0.123 Mpa,0.124 Mpa,0.123 Mpa,0 Mpa,0.119 Mpa,0.119 Mpa,0.122 Mpa,1.02 Mpa,0 Mpa,0.130 Mpa,0.130 Mpa,0.130 Mpa,0.130 Mpa,0 Mpa,0.124 Mpa,0.123 Mpa,0.126 Mpa,0.126 Mpa,0.00445 Mpa,0.125 Mpa,0.126 Mpa,0.868 Mpa,0.126 Mpa,0 Mpa,1622 RPM
2026-07-03 19:00:00,0.131 Mpa,1.02 Mpa,0.132 Mpa,0.132 Mpa,0 Mpa,0.114 Mpa,0.111 Mpa,0.115 Mpa,1.02 Mpa,0 Mpa,0.118 Mpa,0.115 Mpa,0.117 Mpa,0.115 Mpa,0 Mpa,0.119 Mpa,0.123 Mpa,0.119 Mpa,0.121 Mpa,,0.119 Mpa,0.118 Mpa,0.119 Mpa,0.118 Mpa,0 Mpa,0.115 Mpa,0.115 Mpa,0.114 Mpa,0.116 Mpa,0 Mpa,0.130 Mpa,0.128 Mpa,0.129 Mpa,0.128 Mpa,0 Mpa,0.120 Mpa,0.121 Mpa,0.123 Mpa,1.02 Mpa,0 Mpa,0.135 Mpa,0.138 Mpa,0.137 Mpa,0.136 Mpa,0 Mpa,0.122 Mpa,0.122 Mpa,0.125 Mpa,0.125 Mpa,0 Mpa,0.117 Mpa,0.117 Mpa,0.866 Mpa,0.117 Mpa,0 Mpa,1777 RPM
2026-07-03 22:00:00,0.128 Mpa,1.01 Mpa,0.129 Mpa,0.129 Mpa,0.00577 Mpa,0.113 Mpa,0.110 Mpa,0.114 Mpa,1.02 Mpa,0 Mpa,0.120 Mpa,0.117 Mpa,0.120 Mpa,0.117 Mpa,0.00527 Mpa,0.123 Mpa,0.126 Mpa,0.122 Mpa,0.124 Mpa,,0.118 Mpa,0.117 Mpa,0.118 Mpa,0.118 Mpa,0 Mpa,0.118 Mpa,0.118 Mpa,0.116 Mpa,0.119 Mpa,0 Mpa,0.124 Mpa,0.123 Mpa,0.124 Mpa,0.123 Mpa,0 Mpa,0.123 Mpa,0.124 Mpa,0.126 Mpa,1.01 Mpa,0.00490 Mpa,0.134 Mpa,0.136 Mpa,0.135 Mpa,0.134 Mpa,0 Mpa,0.119 Mpa,0.118 Mpa,0.120 Mpa,0.121 Mpa,0 Mpa,0.120 Mpa,0.120 Mpa,0.867 Mpa,0.120 Mpa,0.00631 Mpa,1602 RPM
2026-07-04 01:00:00,0.128 Mpa,1.02 Mpa,0.129 Mpa,0.128 Mpa,0 Mpa,0.112 Mpa,0.109 Mpa,0.113 Mpa,1.01 Mpa,0.0113 Mpa,0.122 Mpa,0.118 Mpa,0.122 Mpa,0.118 Mpa,0 Mpa,0.119 Mpa,0.122 Mpa,0.119 Mpa,0.120 Mpa,,0.113 Mpa,0.112 Mpa,0.111 Mpa,0.112 Mpa,0.00538 Mpa,0.107 Mpa,0.107 Mpa,0.106 Mpa,0.108 Mpa,0.00985 Mpa,0.127 Mpa,0.125 Mpa,0.126 Mpa,0.125 Mpa,0 Mpa,0.115 Mpa,0.116 Mpa,0.117 Mpa,1.01 Mpa,0.00574 Mpa,0.132 Mpa,0.135 Mpa,0.133 Mpa,0.132 Mpa,0 Mpa,0.116 Mpa,0.116 Mpa,0.117 Mpa,0.118 Mpa,0 Mpa,0.119 Mpa,0.119 Mpa,0.867 Mpa,0.119 Mpa,0 Mpa,1475 RPM
2026-07-04 04:00:00,0.127 Mpa,1.02 Mpa,0.128 Mpa,0.128 Mpa,0 Mpa,0.111 Mpa,0.108 Mpa,0.112 Mpa,1.01 Mpa,0.0263 Mpa,0.117 Mpa,0.115 Mpa,0.117 Mpa,0.114 Mpa,0 Mpa,0.115 Mpa,0.118 Mpa,0.114 Mpa,0.117 Mpa,,0.128 Mpa,0.126 Mpa,0.127 Mpa,0.126 Mpa,0 Mpa,,,,,,0.123 Mpa,0.122 Mpa,0.122 Mpa,0.122 Mpa,0 Mpa,0.120 Mpa,0.121 Mpa,0.123 Mpa,1.02 Mpa,0 Mpa,0.132 Mpa,0.135 Mpa,0.133 Mpa,0.133 Mpa,0.00130 Mpa,0.124 Mpa,0.123 Mpa,0.125 Mpa,0.125 Mpa,0.00287 Mpa,0.126 Mpa,0.126 Mpa,0.868 Mpa,0.126 Mpa,0.0199 Mpa,1605 RPM
2026-07-04 07:00:00,0.126 Mpa,1.02 Mpa,0.128 Mpa,0.128 Mpa,0 Mpa,0.103 Mpa,0.0991 Mpa,0.105 Mpa,1.02 Mpa,0 Mpa,0.123 Mpa,0.120 Mpa,0.123 Mpa,0.120 Mpa,0 Mpa,0.118 Mpa,0.120 Mpa,0.118 Mpa,0.119 Mpa,,0.129 Mpa,0.127 Mpa,0.129 Mpa,0.128 Mpa,0 Mpa,,,,,,0.125 Mpa,0.123 Mpa,0.124 Mpa,0.123 Mpa,0 Mpa,0.124 Mpa,0.125 Mpa,0.128 Mpa,1.01 Mpa,0 Mpa,0.128 Mpa,0.131 Mpa,0.130 Mpa,0.129 Mpa,0 Mpa,0.122 Mpa,0.121 Mpa,0.124 Mpa,0.124 Mpa,0 Mpa,0.121 Mpa,0.121 Mpa,0.864 Mpa,0.121 Mpa,0.00489 Mpa,1763 RPM
2026-07-04 10:00:00,0.124 Mpa,1.01 Mpa,0.127 Mpa,0.126 Mpa,0.0138 Mpa,,,,,,0.122 Mpa,0.119 Mpa,0.122 Mpa,0.119 Mpa,0 Mpa,0.121 Mpa,0.124 Mpa,0.120 Mpa,0.123 Mpa,,0.126 Mpa,0.124 Mpa,0.125 Mpa,0.125 Mpa,0.00678 Mpa,0.108 Mpa,0.109 Mpa,0.106 Mpa,0.110 Mpa,0.0652 Mpa,0.124 Mpa,0.123 Mpa,0.124 Mpa,0.123 Mpa,0.0627 Mpa,0.121 Mpa,0.122 Mpa,0.124 Mpa,1.02 Mpa,0 Mpa,0.129 Mpa,0.131 Mpa,0.131 Mpa,0.128 Mpa,0 Mpa,0.119 Mpa,0.118 Mpa,0.120 Mpa,0.120 Mpa,0.0168 Mpa,0.124 Mpa,0.124 Mpa,0.983 Mpa,0.125 Mpa,0.0116 Mpa,1740 RPM
2026-07-04 13:00:00,,,,,,,,,,,0.126 Mpa,0.123 Mpa,0.126 Mpa,0.123 Mpa,0 Mpa,0.117 Mpa,0.121 Mpa,0.117 Mpa,0.119 Mpa,,0.127 Mpa,0.124 Mpa,0.126 Mpa,0.126 Mpa,0 Mpa,,,,,,0.128 Mpa,0.126 Mpa,0.126 Mpa,0.126 Mpa,0.00532 Mpa,0.110 Mpa,0.111 Mpa,0.112 Mpa,0.972 Mpa,0.0293 Mpa,0.131 Mpa,0.133 Mpa,0.133 Mpa,0.131 Mpa,0 Mpa,,,,,,0.116 Mpa,0.116 Mpa,0.870 Mpa,0.116 Mpa,0 Mpa,1596 RPM
2026-07-04 16:00:00,0.126 Mpa,1.02 Mpa,0.127 Mpa,0.127 Mpa,0 Mpa,,,,,,0.123 Mpa,0.119 Mpa,0.123 Mpa,0.119 Mpa,0 Mpa,0.120 Mpa,0.123 Mpa,0.118 Mpa,0.121 Mpa,,0.127 Mpa,0.124 Mpa,0.126 Mpa,0.125 Mpa,0 Mpa,,,,,,0.124 Mpa,0.124 Mpa,0.124 Mpa,0.124 Mpa,0 Mpa,0.124 Mpa,0.124 Mpa,0.127 Mpa,1.02 Mpa,0 Mpa,0.125 Mpa,0.128 Mpa,0.127 Mpa,0.126 Mpa,0 Mpa,0.114 Mpa,0.113 Mpa,0.115 Mpa,0.116 Mpa,0 Mpa,0.118 Mpa,0.119 Mpa,0.866 Mpa,0.119 Mpa,0.0107 Mpa,1632 RPM
2026-07-04 19:00:00,0.128 Mpa,1.02 Mpa,0.130 Mpa,0.129 Mpa,0 Mpa,,,,,,0.123 Mpa,0.120 Mpa,0.122 Mpa,0.119 Mpa,0 Mpa,0.120 Mpa,0.124 Mpa,0.119 Mpa,0.122 Mpa,,0.130 Mpa,0.127 Mpa,0.129 Mpa,0.128 Mpa,0 Mpa,,,,,,0.127 Mpa,0.126 Mpa,0.126 Mpa,0.126 Mpa,0 Mpa,0.124 Mpa,0.124 Mpa,0.127 Mpa,1.02 Mpa,0 Mpa,0.124 Mpa,0.127 Mpa,0.126 Mpa,0.124 Mpa,0 Mpa,0.114 Mpa,0.112 Mpa,0.115 Mpa,0.115 Mpa,0 Mpa,0.133 Mpa,0.133 Mpa,0.943 Mpa,0.134 Mpa,0 Mpa,1691 RPM
2026-07-04 22:00:00,0.129 Mpa,1.02 Mpa,0.130 Mpa,0.129 Mpa,0 Mpa,,,,,,0.122 Mpa,0.118 Mpa,0.122 Mpa,0.118 Mpa,0.0141 Mpa,0.120 Mpa,0.124 Mpa,0.119 Mpa,0.122 Mpa,,0.127 Mpa,0.124 Mpa,0.126 Mpa,0.126 Mpa,0.00693 Mpa,,,,,,0.123 Mpa,0.123 Mpa,0.122 Mpa,0.123 Mpa,0 Mpa,0.119 Mpa,0.120 Mpa,0.121 Mpa,1.01 Mpa,0.00514 Mpa,0.127 Mpa,0.130 Mpa,0.129 Mpa,0.127 Mpa,0 Mpa,0.117 Mpa,0.116 Mpa,0.118 Mpa,0.118 Mpa,0.0188 Mpa,0.129 Mpa,0.130 Mpa,0.975 Mpa,0.131 Mpa,0 Mpa,1605 RPM
2026-07-05 01:00:00,0.119 Mpa,1.01 Mpa,0.120 Mpa,0.121 Mpa,0.00448 Mpa,,,,,,0.112 Mpa,0.109 Mpa,0.112 Mpa,0.108 Mpa,0.200 Mpa,0.114 Mpa,0.118 Mpa,0.114 Mpa,0.116 Mpa,,0.129 Mpa,0.128 Mpa,0.129 Mpa,0.129 Mpa,0.00605 Mpa,,,,,,0.126 Mpa,0.125 Mpa,0.125 Mpa,0.125 Mpa,0 Mpa,0.118 Mpa,0.119 Mpa,0.120 Mpa,1.02 Mpa,0 Mpa,0.125 Mpa,0.128 Mpa,0.127 Mpa,0.126 Mpa,0 Mpa,0.126 Mpa,0.125 Mpa,0.128 Mpa,0.128 Mpa,0 Mpa,0.129 Mpa,0.129 Mpa,0.924 Mpa,0.130 Mpa,0 Mpa,1585 RPM
2026-07-05 04:00:00,0.124 Mpa,1.02 Mpa,0.126 Mpa,0.126 Mpa,0 Mpa,0.115 Mpa,0.111 Mpa,0.116 Mpa,1.02 Mpa,0 Mpa,,,,,,0.117 Mpa,0.121 Mpa,0.117 Mpa,0.120 Mpa,,0.130 Mpa,0.128 Mpa,0.129 Mpa,0.128 Mpa,0 Mpa,0.105 Mpa,0.108 Mpa,0.104 Mpa,0.108 Mpa,0 Mpa,0.126 Mpa,0.125 Mpa,0.126 Mpa,0.125 Mpa,0 Mpa,0.123 Mpa,0.124 Mpa,0.126 Mpa,1.02 Mpa,0 Mpa,0.126 Mpa,0.128 Mpa,0.128 Mpa,0.127 Mpa,0 Mpa,0.122 Mpa,0.122 Mpa,0.124 Mpa,0.124 Mpa,0.00415 Mpa,0.129 Mpa,0.129 Mpa,0.859 Mpa,0.130 Mpa,0.00638 Mpa,1708 RPM
2026-07-05 07:00:00,0.129 Mpa,1.02 Mpa,0.131 Mpa,0.131 Mpa,0 Mpa,0.117 Mpa,0.114 Mpa,0.117 Mpa,1.02 Mpa,0 Mpa,0.117 Mpa,0.115 Mpa,0.118 Mpa,0.114 Mpa,0.133 Mpa,0.118 Mpa,0.120 Mpa,0.117 Mpa,0.119 Mpa,,0.134 Mpa,0.132 Mpa,0.133 Mpa,0.132 Mpa,0 Mpa,,,,,,0.129 Mpa,0.127 Mpa,0.128 Mpa,0.127 Mpa,0 Mpa,0.125 Mpa,0.127 Mpa,0.129 Mpa,1.02 Mpa,0 Mpa,0.132 Mpa,0.136 Mpa,0.134 Mpa,0.133 Mpa,0 Mpa,0.112 Mpa,0.112 Mpa,0.113 Mpa,0.114 Mpa,0 Mpa,0.133 Mpa,0.133 Mpa,0.774 Mpa,0.135 Mpa,0 Mpa,1727 RPM
2026-07-05 10:00:00,0.125 Mpa,1.02 Mpa,0.127 Mpa,0.127 Mpa,0 Mpa,0.113 Mpa,0.110 Mpa,0.114 Mpa,1.02 Mpa,0 Mpa,,,,,,0.120 Mpa,0.122 Mpa,0.119 Mpa,0.120 Mpa,,0.128 Mpa,0.127 Mpa,0.127 Mpa,0.127 Mpa,0 Mpa,0.110 Mpa,0.111 Mpa,0.109 Mpa,0.111 Mpa,0.0173 Mpa,0.124 Mpa,0.123 Mpa,0.122 Mpa,0.123 Mpa,0.00553 Mpa,0.121 Mpa,0.122 Mpa,0.125 Mpa,1.02 Mpa,0 Mpa,0.134 Mpa,0.137 Mpa,0.136 Mpa,0.134 Mpa,0 Mpa,0.106 Mpa,0.106 Mpa,0.106 Mpa,0.107 Mpa,0.0164 Mpa,0.133 Mpa,0.133 Mpa,0.664 Mpa,0.135 Mpa,0 Mpa,1683 RPM
2026-07-05 13:00:00,0.124 Mpa,1.02 Mpa,0.127 Mpa,0.127 Mpa,0 Mpa,0.113 Mpa,0.110 Mpa,0.114 Mpa,1.02 Mpa,0 Mpa,,,,,,0.116 Mpa,0.119 Mpa,0.116 Mpa,0.118 Mpa,,0.122 Mpa,0.121 Mpa,0.122 Mpa,0.121 Mpa,0 Mpa,0.114 Mpa,0.115 Mpa,0.113 Mpa,0.116 Mpa,0 Mpa,0.126 Mpa,0.125 Mpa,0.126 Mpa,0.126 Mpa,0 Mpa,0.113 Mpa,0.114 Mpa,0.115 Mpa,1.02 Mpa,0 Mpa,0.129 Mpa,0.131 Mpa,0.130 Mpa,0.129 Mpa,0 Mpa,0.125 Mpa,0.124 Mpa,0.127 Mpa,0.127 Mpa,0 Mpa,0.133 Mpa,0.134 Mpa,0.738 Mpa,0.135 Mpa,0 Mpa,1734 RPM
2026-07-05 16:00:00,0.123 Mpa,1.02 Mpa,0.125 Mpa,0.125 Mpa,0 Mpa,0.112 Mpa,0.108 Mpa,0.113 Mpa,1.01 Mpa,0.00478 Mpa,,,,,,0.119 Mpa,0.122 Mpa,0.118 Mpa,0.120 Mpa,,0.120 Mpa,0.119 Mpa,0.120 Mpa,0.120 Mpa,0 Mpa,0.114 Mpa,0.115 Mpa,0.113 Mpa,0.115 Mpa,0 Mpa,0.125 Mpa,0.125 Mpa,0.125 Mpa,0.125 Mpa,0 Mpa,0.118 Mpa,0.119 Mpa,0.121 Mpa,1.02 Mpa,0 Mpa,0.131 Mpa,0.134 Mpa,0.132 Mpa,0.132 Mpa,0.00122 Mpa,0.121 Mpa,0.121 Mpa,0.123 Mpa,0.123 Mpa,0.00405 Mpa,0.129 Mpa,0.130 Mpa,0.761 Mpa,0.131 Mpa,0 Mpa,1689 RPM
2026-07-05 19:00:00,0.124 Mpa,1.01 Mpa,0.125 Mpa,0.126 Mpa,0.0236 Mpa,0.121 Mpa,0.116 Mpa,0.122 Mpa,1.02 Mpa,0 Mpa,0.104 Mpa,0.103 Mpa,0.104 Mpa,0.101 Mpa,0.122 Mpa,0.119 Mpa,0.123 Mpa,0.119 Mpa,0.121 Mpa,,0.124 Mpa,0.122 Mpa,0.124 Mpa,0.123 Mpa,0 Mpa,0.110 Mpa,0.110 Mpa,0.108 Mpa,0.111 Mpa,0 Mpa,0.126 Mpa,0.124 Mpa,0.125 Mpa,0.124 Mpa,0 Mpa,0.126 Mpa,0.126 Mpa,0.129 Mpa,1.02 Mpa,0 Mpa,0.125 Mpa,0.128 Mpa,0.127 Mpa,0.125 Mpa,0 Mpa,0.120 Mpa,0.119 Mpa,0.122 Mpa,0.122 Mpa,0 Mpa,0.126 Mpa,0.127 Mpa,0.886 Mpa,0.128 Mpa,0.0170 Mpa,1710 RPM
2026-07-05 22:00:00,0.128 Mpa,1.01 Mpa,0.130 Mpa,0.129 Mpa,0.00620 Mpa,0.121 Mpa,0.117 Mpa,0.122 Mpa,1.02 Mpa,0 Mpa,0.101 Mpa,0.101 Mpa,0.102 Mpa,0.101 Mpa,0.0149 Mpa,0.121 Mpa,0.124 Mpa,0.120 Mpa,0.122 Mpa,,0.123 Mpa,0.121 Mpa,0.122 Mpa,0.122 Mpa,0.0121 Mpa,0.114 Mpa,0.114 Mpa,0.113 Mpa,0.115 Mpa,0 Mpa,0.126 Mpa,0.124 Mpa,0.125 Mpa,0.124 Mpa,0.00988 Mpa,0.125 Mpa,0.125 Mpa,0.128 Mpa,1.01 Mpa,0.00540 Mpa,0.125 Mpa,0.126 Mpa,0.126 Mpa,0.124 Mpa,0 Mpa,0.121 Mpa,0.121 Mpa,0.123 Mpa,0.123 Mpa,0 Mpa,0.121 Mpa,0.122 Mpa,0.967 Mpa,0.122 Mpa,0.00561 Mpa,1582 RPM
2026-07-06 01:00:00,0.129 Mpa,1.02 Mpa,0.130 Mpa,0.130 Mpa,0 Mpa,0.118 Mpa,0.114 Mpa,0.119 Mpa,1.01 Mpa,0.0126 Mpa,0.106 Mpa,0.106 Mpa,0.107 Mpa,0.105 Mpa,0.00909 Mpa,0.115 Mpa,0.117 Mpa,0.114 Mpa,0.116 Mpa,,0.124 Mpa,0.123 Mpa,0.124 Mpa,0.124 Mpa,0 Mpa,0.114 Mpa,0.115 Mpa,0.113 Mpa,0.116 Mpa,0 Mpa,0.105 Mpa,0.106 Mpa,0.106 Mpa,0.106 Mpa,0.0518 Mpa,0.122 Mpa,0.123 Mpa,0.125 Mpa,1.02 Mpa,0 Mpa,0.124 Mpa,0.126 Mpa,0.126 Mpa,0.124 Mpa,0 Mpa,0.118 Mpa,0.118 Mpa,0.120 Mpa,0.185 Mpa,0.0206 Mpa,0.127 Mpa,0.127 Mpa,1.00 Mpa,0.129 Mpa,0 Mpa,1533 RPM
2026-07-06 04:00:00,0.127 Mpa,1.02 Mpa,0.128 Mpa,0.127 Mpa,0 Mpa,0.117 Mpa,0.113 Mpa,0.118 Mpa,1.01 Mpa,0.00446 Mpa,0.117 Mpa,0.114 Mpa,0.117 Mpa,0.114 Mpa,0 Mpa,0.119 Mpa,0.121 Mpa,0.117 Mpa,0.120 Mpa,,0.128 Mpa,0.127 Mpa,0.128 Mpa,0.127 Mpa,0 Mpa,0.115 Mpa,0.115 Mpa,0.114 Mpa,0.116 Mpa,0 Mpa,0.126 Mpa,0.125 Mpa,0.126 Mpa,0.125 Mpa,0 Mpa,0.123 Mpa,0.124 Mpa,0.125 Mpa,1.02 Mpa,0 Mpa,0.125 Mpa,0.127 Mpa,0.126 Mpa,0.125 Mpa,0 Mpa,,,,,,0.124 Mpa,0.124 Mpa,0.990 Mpa,0.126 Mpa,0.00472 Mpa,1719 RPM
2026-07-06 07:00:00,0.121 Mpa,1.01 Mpa,0.122 Mpa,0.122 Mpa,0.00508 Mpa,0.119 Mpa,0.115 Mpa,0.120 Mpa,1.02 Mpa,0 Mpa,0.123 Mpa,0.118 Mpa,0.122 Mpa,0.118 Mpa,0 Mpa,0.120 Mpa,0.122 Mpa,0.119 Mpa,0.121 Mpa,,0.126 Mpa,0.124 Mpa,0.125 Mpa,0.124 Mpa,0 Mpa,0.119 Mpa,0.119 Mpa,0.118 Mpa,0.120 Mpa,0 Mpa,0.126 Mpa,0.124 Mpa,0.125 Mpa,0.124 Mpa,0 Mpa,0.121 Mpa,0.122 Mpa,0.124 Mpa,1.02 Mpa,0 Mpa,0.128 Mpa,0.130 Mpa,0.129 Mpa,0.128 Mpa,0 Mpa,0.117 Mpa,0.115 Mpa,0.117 Mpa,0.967 Mpa,0.108 Mpa,0.127 Mpa,0.127 Mpa,1.00 Mpa,0.128 Mpa,0 Mpa,1738 RPM
2026-07-06 10:00:00,0.127 Mpa,1.01 Mpa,0.129 Mpa,0.129 Mpa,0.00538 Mpa,0.115 Mpa,0.111 Mpa,0.116 Mpa,1.02 Mpa,0 Mpa,0.122 Mpa,0.118 Mpa,0.121 Mpa,0.118 Mpa,0 Mpa,0.119 Mpa,0.122 Mpa,0.118 Mpa,0.120 Mpa,,0.129 Mpa,0.127 Mpa,0.128 Mpa,0.128 Mpa,0 Mpa,0.117 Mpa,0.117 Mpa,0.117 Mpa,0.119 Mpa,0.00544 Mpa,0.120 Mpa,0.120 Mpa,0.120 Mpa,0.120 Mpa,0.0132 Mpa,0.121 Mpa,0.121 Mpa,0.125 Mpa,1.02 Mpa,0 Mpa,0.126 Mpa,0.129 Mpa,0.128 Mpa,0.127 Mpa,0.0132 Mpa,,,,,,0.124 Mpa,0.124 Mpa,1.00 Mpa,0.125 Mpa,0.0138 Mpa,1733 RPM
2026-07-06 13:00:00,0.127 Mpa,1.02 Mpa,0.128 Mpa,0.128 Mpa,0 Mpa,0.115 Mpa,0.112 Mpa,0.116 Mpa,1.02 Mpa,0 Mpa,0.122 Mpa,0.118 Mpa,0.122 Mpa,0.118 Mpa,0 Mpa,0.119 Mpa,0.120 Mpa,0.118 Mpa,0.119 Mpa,,0.126 Mpa,0.125 Mpa,0.126 Mpa,0.126 Mpa,0 Mpa,0.120 Mpa,0.119 Mpa,0.118 Mpa,0.120 Mpa,0.0159 Mpa,0.132 Mpa,0.131 Mpa,0.131 Mpa,0.131 Mpa,0 Mpa,0.124 Mpa,0.124 Mpa,0.127 Mpa,1.02 Mpa,0 Mpa,0.120 Mpa,0.121 Mpa,0.120 Mpa,0.120 Mpa,0 Mpa,,,,,,0.122 Mpa,0.123 Mpa,0.934 Mpa,0.124 Mpa,0 Mpa,1753 RPM
2026-07-06 16:00:00,0.123 Mpa,1.02 Mpa,0.125 Mpa,0.124 Mpa,0 Mpa,0.116 Mpa,0.113 Mpa,0.117 Mpa,1.02 Mpa,0 Mpa,0.120 Mpa,0.116 Mpa,0.119 Mpa,0.116 Mpa,0 Mpa,0.120 Mpa,0.123 Mpa,0.119 Mpa,0.121 Mpa,,0.125 Mpa,0.124 Mpa,0.124 Mpa,0.124 Mpa,0 Mpa,0.118 Mpa,0.118 Mpa,0.117 Mpa,0.119 Mpa,0 Mpa,0.127 Mpa,0.127 Mpa,0.127 Mpa,0.126 Mpa,0 Mpa,0.120 Mpa,0.121 Mpa,0.123 Mpa,1.02 Mpa,0 Mpa,0.126 Mpa,0.128 Mpa,0.128 Mpa,0.126 Mpa,0.00514 Mpa,,,,,,0.123 Mpa,0.123 Mpa,0.918 Mpa,0.125 Mpa,0 Mpa,1685 RPM
2026-07-06 19:00:00,0.125 Mpa,1.02 Mpa,0.126 Mpa,0.126 Mpa,0 Mpa,0.118 Mpa,0.115 Mpa,0.118 Mpa,1.02 Mpa,0 Mpa,0.120 Mpa,0.117 Mpa,0.121 Mpa,0.117 Mpa,0 Mpa,0.118 Mpa,0.121 Mpa,0.117 Mpa,0.119 Mpa,,0.124 Mpa,0.122 Mpa,0.124 Mpa,0.123 Mpa,0 Mpa,0.116 Mpa,0.116 Mpa,0.114 Mpa,0.116 Mpa,0 Mpa,0.128 Mpa,0.128 Mpa,0.127 Mpa,0.128 Mpa,0 Mpa,0.124 Mpa,0.125 Mpa,0.127 Mpa,1.02 Mpa,0 Mpa,0.123 Mpa,0.125 Mpa,0.124 Mpa,0.123 Mpa,0 Mpa,,,,,,0.120 Mpa,0.121 Mpa,1.02 Mpa,0.121 Mpa,0 Mpa,1725 RPM
2026-07-06 22:00:00,0.120 Mpa,1.01 Mpa,0.122 Mpa,0.122 Mpa,0.00525 Mpa,0.114 Mpa,0.111 Mpa,0.115 Mpa,1.02 Mpa,0 Mpa,0.122 Mpa,0.119 Mpa,0.121 Mpa,0.119 Mpa,0 Mpa,0.121 Mpa,0.124 Mpa,0.120 Mpa,0.122 Mpa,,0.124 Mpa,0.123 Mpa,0.123 Mpa,0.123 Mpa,0 Mpa,0.118 Mpa,0.118 Mpa,0.117 Mpa,0.120 Mpa,0 Mpa,0.127 Mpa,0.126 Mpa,0.126 Mpa,0.126 Mpa,0.00541 Mpa,0.124 Mpa,0.125 Mpa,0.127 Mpa,1.01 Mpa,0.00521 Mpa,0.127 Mpa,0.130 Mpa,0.128 Mpa,0.128 Mpa,0 Mpa,0.123 Mpa,0.122 Mpa,0.124 Mpa,1.01 Mpa,0.00951 Mpa,0.121 Mpa,0.121 Mpa,1.01 Mpa,0.122 Mpa,0.00609 Mpa,1642 RPM
2026-07-07 01:00:00,0.114 Mpa,0.981 Mpa,0.114 Mpa,0.115 Mpa,0 Mpa,0.111 Mpa,0.107 Mpa,0.112 Mpa,1.01 Mpa,0.00814 Mpa,0.119 Mpa,0.115 Mpa,0.119 Mpa,0.115 Mpa,0.0179 Mpa,0.120 Mpa,0.124 Mpa,0.119 Mpa,0.122 Mpa,,0.131 Mpa,0.130 Mpa,0.129 Mpa,0.130 Mpa,0 Mpa,0.116 Mpa,0.115 Mpa,0.114 Mpa,0.116 Mpa,0 Mpa,0.129 Mpa,0.129 Mpa,0.128 Mpa,0.129 Mpa,0 Mpa,0.119 Mpa,0.120 Mpa,0.121 Mpa,1.02 Mpa,0 Mpa,0.124 Mpa,0.126 Mpa,0.125 Mpa,0.124 Mpa,0 Mpa,0.117 Mpa,0.116 Mpa,0.118 Mpa,1.01 Mpa,0.0147 Mpa,0.123 Mpa,0.123 Mpa,0.998 Mpa,0.124 Mpa,0 Mpa,1664 RPM
2026-07-07 04:00:00,0.125 Mpa,1.02 Mpa,0.128 Mpa,0.127 Mpa,0 Mpa,0.109 Mpa,0.107 Mpa,0.111 Mpa,1.02 Mpa,0 Mpa,0.121 Mpa,0.117 Mpa,0.121 Mpa,0.116 Mpa,0 Mpa,0.114 Mpa,0.118 Mpa,0.114 Mpa,0.116 Mpa,,0.134 Mpa,0.132 Mpa,0.133 Mpa,0.133 Mpa,0.00137 Mpa,0.117 Mpa,0.116 Mpa,0.115 Mpa,0.117 Mpa,0 Mpa,0.130 Mpa,0.129 Mpa,0.129 Mpa,0.129 Mpa,0 Mpa,0.121 Mpa,0.122 Mpa,0.124 Mpa,1.02 Mpa,0 Mpa,0.122 Mpa,0.124 Mpa,0.123 Mpa,0.123 Mpa,0.00467 Mpa,0.117 Mpa,0.116 Mpa,0.118 Mpa,1.01 Mpa,0.00460 Mpa,0.121 Mpa,0.121 Mpa,0.918 Mpa,0.122 Mpa,0.00494 Mpa,1565 RPM
2026-07-07 07:00:00,0.121 Mpa,1.02 Mpa,0.123 Mpa,0.123 Mpa,0 Mpa,0.117 Mpa,0.114 Mpa,0.118 Mpa,1.02 Mpa,0 Mpa,0.124 Mpa,0.120 Mpa,0.124 Mpa,0.120 Mpa,0 Mpa,0.111 Mpa,0.114 Mpa,0.111 Mpa,0.113 Mpa,,0.139 Mpa,0.137 Mpa,0.138 Mpa,0.138 Mpa,0 Mpa,0.119 Mpa,0.119 Mpa,0.118 Mpa,0.119 Mpa,0 Mpa,0.128 Mpa,0.126 Mpa,0.127 Mpa,0.127 Mpa,0.0109 Mpa,0.126 Mpa,0.127 Mpa,0.129 Mpa,1.02 Mpa,0 Mpa,0.119 Mpa,0.121 Mpa,0.119 Mpa,0.120 Mpa,0.00446 Mpa,0.123 Mpa,0.122 Mpa,0.124 Mpa,1.02 Mpa,0 Mpa,0.126 Mpa,0.127 Mpa,0.928 Mpa,0.128 Mpa,0 Mpa,1711 RPM
2026-07-07 10:00:00,0.127 Mpa,1.02 Mpa,0.129 Mpa,0.129 Mpa,0 Mpa,0.115 Mpa,0.112 Mpa,0.116 Mpa,1.02 Mpa,0 Mpa,0.122 Mpa,0.118 Mpa,0.121 Mpa,0.118 Mpa,0 Mpa,0.120 Mpa,0.124 Mpa,0.119 Mpa,0.121 Mpa,,0.136 Mpa,0.134 Mpa,0.135 Mpa,0.135 Mpa,0 Mpa,0.119 Mpa,0.118 Mpa,0.118 Mpa,0.119 Mpa,0.0135 Mpa,0.126 Mpa,0.126 Mpa,0.125 Mpa,0.126 Mpa,0 Mpa,0.121 Mpa,0.122 Mpa,0.124 Mpa,1.02 Mpa,0 Mpa,0.134 Mpa,0.139 Mpa,0.136 Mpa,0.136 Mpa,0 Mpa,0.117 Mpa,0.116 Mpa,0.118 Mpa,1.02 Mpa,0 Mpa,0.125 Mpa,0.125 Mpa,0.885 Mpa,0.127 Mpa,0 Mpa,1729 RPM
2026-07-07 13:00:00,0.124 Mpa,1.01 Mpa,0.126 Mpa,0.125 Mpa,0.00730 Mpa,0.115 Mpa,0.112 Mpa,0.115 Mpa,1.01 Mpa,0.0177 Mpa,0.122 Mpa,0.118 Mpa,0.121 Mpa,0.118 Mpa,0.0134 Mpa,0.120 Mpa,0.124 Mpa,0.120 Mpa,0.121 Mpa,,0.127 Mpa,0.126 Mpa,0.127 Mpa,0.127 Mpa,0.0180 Mpa,0.108 Mpa,0.108 Mpa,0.107 Mpa,0.108 Mpa,0.0681 Mpa,0.130 Mpa,0.129 Mpa,0.129 Mpa,0.129 Mpa,0.00698 Mpa,0.128 Mpa,0.128 Mpa,0.131 Mpa,1.01 Mpa,0.00722 Mpa,0.135 Mpa,0.141 Mpa,0.137 Mpa,0.137 Mpa,0.0110 Mpa,0.122 Mpa,0.122 Mpa,0.124 Mpa,1.01 Mpa,0.00625 Mpa,0.121 Mpa,0.121 Mpa,0.886 Mpa,0.123 Mpa,0.0464 Mpa,1610 RPM
2026-07-07 16:00:00,0.121 Mpa,1.02 Mpa,0.123 Mpa,0.123 Mpa,0 Mpa,0.121 Mpa,0.119 Mpa,0.123 Mpa,1.02 Mpa,0 Mpa,0.105 Mpa,0.102 Mpa,0.105 Mpa,0.102 Mpa,0 Mpa,,,,,,0.119 Mpa,0.118 Mpa,0.118 Mpa,0.118 Mpa,0 Mpa,,,,,,0.126 Mpa,0.125 Mpa,0.126 Mpa,0.124 Mpa,0 Mpa,0.123 Mpa,0.123 Mpa,0.125 Mpa,1.02 Mpa,0 Mpa,0.126 Mpa,0.129 Mpa,0.127 Mpa,0.127 Mpa,0 Mpa,0.119 Mpa,0.119 Mpa,0.120 Mpa,1.02 Mpa,0 Mpa,0.116 Mpa,0.116 Mpa,0.945 Mpa,0.116 Mpa,0 Mpa,1580 RPM
2026-07-07 19:00:00,0.126 Mpa,1.02 Mpa,0.127 Mpa,0.127 Mpa,0 Mpa,0.125 Mpa,0.122 Mpa,0.126 Mpa,1.02 Mpa,0 Mpa,0.111 Mpa,0.110 Mpa,0.112 Mpa,0.109 Mpa,0 Mpa,0.111 Mpa,0.113 Mpa,0.111 Mpa,0.113 Mpa,,0.130 Mpa,0.128 Mpa,0.130 Mpa,0.129 Mpa,0 Mpa,0.119 Mpa,0.118 Mpa,0.118 Mpa,0.120 Mpa,0 Mpa,0.127 Mpa,0.126 Mpa,0.126 Mpa,0.126 Mpa,0 Mpa,0.130 Mpa,0.131 Mpa,0.134 Mpa,1.02 Mpa,0 Mpa,0.134 Mpa,0.137 Mpa,0.135 Mpa,0.134 Mpa,0 Mpa,0.120 Mpa,0.119 Mpa,0.121 Mpa,1.02 Mpa,0 Mpa,0.126 Mpa,0.126 Mpa,1.01 Mpa,0.127 Mpa,0 Mpa,1664 RPM
2026-07-07 22:00:00,0.122 Mpa,1.01 Mpa,0.124 Mpa,0.124 Mpa,0.00738 Mpa,0.124 Mpa,0.120 Mpa,0.125 Mpa,1.02 Mpa,0 Mpa,0.111 Mpa,0.110 Mpa,0.111 Mpa,0.109 Mpa,0 Mpa,0.118 Mpa,0.121 Mpa,0.118 Mpa,0.119 Mpa,,0.128 Mpa,0.127 Mpa,0.128 Mpa,0.128 Mpa,0.0148 Mpa,0.118 Mpa,0.118 Mpa,0.118 Mpa,0.120 Mpa,0 Mpa,0.129 Mpa,0.129 Mpa,0.129 Mpa,0.128 Mpa,0 Mpa,0.124 Mpa,0.125 Mpa,0.128 Mpa,1.01 Mpa,0.00439 Mpa,0.134 Mpa,0.139 Mpa,0.136 Mpa,0.135 Mpa,0 Mpa,0.119 Mpa,0.118 Mpa,0.120 Mpa,1.01 Mpa,0.00949 Mpa,0.127 Mpa,0.127 Mpa,1.02 Mpa,0.128 Mpa,0 Mpa,1729 RPM
2026-07-08 01:00:00,0.124 Mpa,1.02 Mpa,0.126 Mpa,0.125 Mpa,0 Mpa,0.124 Mpa,0.123 Mpa,0.125 Mpa,1.01 Mpa,0.00889 Mpa,0.105 Mpa,0.104 Mpa,0.105 Mpa,0.103 Mpa,0.00565 Mpa,0.110 Mpa,0.111 Mpa,0.109 Mpa,0.110 Mpa,,0.125 Mpa,0.124 Mpa,0.124 Mpa,0.124 Mpa,0 Mpa,0.118 Mpa,0.117 Mpa,0.116 Mpa,0.118 Mpa,0 Mpa,0.118 Mpa,0.118 Mpa,0.118 Mpa,0.118 Mpa,0 Mpa,0.122 Mpa,0.123 Mpa,0.125 Mpa,1.02 Mpa,0 Mpa,0.129 Mpa,0.133 Mpa,0.131 Mpa,0.130 Mpa,0 Mpa,0.114 Mpa,0.114 Mpa,0.116 Mpa,1.02 Mpa,0 Mpa,0.127 Mpa,0.127 Mpa,0.885 Mpa,0.128 Mpa,0 Mpa,1565 RPM
2026-07-08 04:00:00,0.123 Mpa,1.02 Mpa,0.124 Mpa,0.124 Mpa,0 Mpa,0.113 Mpa,0.110 Mpa,0.114 Mpa,1.02 Mpa,0 Mpa,0.110 Mpa,0.108 Mpa,0.111 Mpa,0.107 Mpa,0.00694 Mpa,0.117 Mpa,0.120 Mpa,0.117 Mpa,0.118 Mpa,,0.118 Mpa,0.116 Mpa,0.117 Mpa,0.117 Mpa,0 Mpa,0.120 Mpa,0.119 Mpa,0.118 Mpa,0.120 Mpa,0 Mpa,0.125 Mpa,0.124 Mpa,0.124 Mpa,0.125 Mpa,0.00406 Mpa,0.121 Mpa,0.122 Mpa,0.124 Mpa,1.02 Mpa,0 Mpa,0.129 Mpa,0.132 Mpa,0.130 Mpa,0.130 Mpa,0.00495 Mpa,0.119 Mpa,0.118 Mpa,0.120 Mpa,1.01 Mpa,0.00384 Mpa,0.125 Mpa,0.125 Mpa,1.02 Mpa,0.126 Mpa,0 Mpa,1650 RPM
2026-07-08 07:00:00,0.124 Mpa,1.02 Mpa,0.126 Mpa,0.126 Mpa,0 Mpa,0.104 Mpa,0.102 Mpa,0.104 Mpa,1.02 Mpa,0 Mpa,0.111 Mpa,0.108 Mpa,0.111 Mpa,0.107 Mpa,0 Mpa,0.118 Mpa,0.120 Mpa,0.117 Mpa,0.119 Mpa,,0.124 Mpa,0.123 Mpa,0.123 Mpa,0.123 Mpa,0 Mpa,0.122 Mpa,0.122 Mpa,0.120 Mpa,0.123 Mpa,0 Mpa,0.123 Mpa,0.122 Mpa,0.122 Mpa,0.122 Mpa,0.00914 Mpa,0.124 Mpa,0.125 Mpa,0.127 Mpa,1.02 Mpa,0 Mpa,0.125 Mpa,0.128 Mpa,0.127 Mpa,0.126 Mpa,0 Mpa,0.123 Mpa,0.122 Mpa,0.125 Mpa,1.02 Mpa,0 Mpa,0.126 Mpa,0.126 Mpa,1.01 Mpa,0.127 Mpa,0 Mpa,1612 RPM
2026-07-08 10:00:00,0.123 Mpa,1.01 Mpa,0.124 Mpa,0.125 Mpa,0.00793 Mpa,0.114 Mpa,0.112 Mpa,0.115 Mpa,1.02 Mpa,0 Mpa,0.113 Mpa,0.111 Mpa,0.113 Mpa,0.110 Mpa,0 Mpa,0.118 Mpa,0.122 Mpa,0.118 Mpa,0.120 Mpa,,0.121 Mpa,0.119 Mpa,0.121 Mpa,0.120 Mpa,0.0104 Mpa,0.119 Mpa,0.120 Mpa,0.118 Mpa,0.121 Mpa,0.00706 Mpa,0.132 Mpa,0.131 Mpa,0.131 Mpa,0.130 Mpa,0 Mpa,0.125 Mpa,0.126 Mpa,0.129 Mpa,1.02 Mpa,0 Mpa,0.127 Mpa,0.131 Mpa,0.129 Mpa,0.128 Mpa,0 Mpa,0.120 Mpa,0.118 Mpa,0.121 Mpa,1.02 Mpa,0 Mpa,0.126 Mpa,0.126 Mpa,1.02 Mpa,0.127 Mpa,0 Mpa,1737 RPM
2026-07-08 13:00:00,0.118 Mpa,1.01 Mpa,0.118 Mpa,0.119 Mpa,0 Mpa,0.116 Mpa,0.114 Mpa,0.117 Mpa,1.02 Mpa,0 Mpa,0.115 Mpa,0.111 Mpa,0.114 Mpa,0.111 Mpa,0 Mpa,0.118 Mpa,0.121 Mpa,0.118 Mpa,0.120 Mpa,,0.121 Mpa,0.121 Mpa,0.121 Mpa,0.121 Mpa,0 Mpa,0.119 Mpa,0.120 Mpa,0.118 Mpa,0.121 Mpa,0.0201 Mpa,0.128 Mpa,0.126 Mpa,0.126 Mpa,0.126 Mpa,0 Mpa,0.120 Mpa,0.121 Mpa,0.123 Mpa,1.02 Mpa,0 Mpa,0.126 Mpa,0.130 Mpa,0.128 Mpa,0.128 Mpa,0.00462 Mpa,0.118 Mpa,0.116 Mpa,0.119 Mpa,1.02 Mpa,0 Mpa,0.122 Mpa,0.122 Mpa,1.00 Mpa,0.123 Mpa,0.0165 Mpa,1607 RPM
2026-07-08 16:00:00,0.118 Mpa,1.02 Mpa,0.119 Mpa,0.119 Mpa,0 Mpa,0.113 Mpa,0.111 Mpa,0.114 Mpa,1.01 Mpa,0.00667 Mpa,0.109 Mpa,0.107 Mpa,0.110 Mpa,0.105 Mpa,0 Mpa,0.114 Mpa,0.116 Mpa,0.113 Mpa,0.115 Mpa,,0.117 Mpa,0.116 Mpa,0.116 Mpa,0.117 Mpa,0 Mpa,0.122 Mpa,0.121 Mpa,0.120 Mpa,0.122 Mpa,0 Mpa,0.124 Mpa,0.123 Mpa,0.123 Mpa,0.123 Mpa,0.00643 Mpa,0.125 Mpa,0.126 Mpa,0.128 Mpa,1.02 Mpa,0 Mpa,0.126 Mpa,0.128 Mpa,0.128 Mpa,0.126 Mpa,0.00433 Mpa,0.118 Mpa,0.117 Mpa,0.119 Mpa,1.02 Mpa,0 Mpa,0.123 Mpa,0.123 Mpa,0.986 Mpa,0.124 Mpa,0 Mpa,1635 RPM
2026-07-08 19:00:00,0.121 Mpa,1.02 Mpa,0.123 Mpa,0.123 Mpa,0 Mpa,0.114 Mpa,0.111 Mpa,0.115 Mpa,1.02 Mpa,0 Mpa,0.120 Mpa,0.116 Mpa,0.120 Mpa,0.116 Mpa,0 Mpa,0.116 Mpa,0.118 Mpa,0.115 Mpa,0.117 Mpa,,0.114 Mpa,0.114 Mpa,0.113 Mpa,0.114 Mpa,0 Mpa,0.116 Mpa,0.116 Mpa,0.115 Mpa,0.117 Mpa,0 Mpa,0.104 Mpa,0.105 Mpa,0.104 Mpa,0.106 Mpa,0.0192 Mpa,0.123 Mpa,0.124 Mpa,0.126 Mpa,1.02 Mpa,0 Mpa,0.121 Mpa,0.123 Mpa,0.122 Mpa,0.121 Mpa,0 Mpa,0.117 Mpa,0.117 Mpa,0.118 Mpa,1.02 Mpa,0 Mpa,0.122 Mpa,0.122 Mpa,0.987 Mpa,0.123 Mpa,0 Mpa,1642 RPM
2026-07-08 22:00:00,0.122 Mpa,1.01 Mpa,0.123 Mpa,0.124 Mpa,0.00421 Mpa,0.117 Mpa,0.114 Mpa,0.118 Mpa,1.02 Mpa,0 Mpa,0.121 Mpa,0.117 Mpa,0.121 Mpa,0.116 Mpa,0 Mpa,0.106 Mpa,0.107 Mpa,0.106 Mpa,0.107 Mpa,,0.119 Mpa,0.118 Mpa,0.118 Mpa,0.118 Mpa,0.0159 Mpa,0.118 Mpa,0.118 Mpa,0.117 Mpa,0.119 Mpa,0 Mpa,0.129 Mpa,0.129 Mpa,0.129 Mpa,0.129 Mpa,0 Mpa,0.120 Mpa,0.121 Mpa,0.122 Mpa,1.01 Mpa,0.0261 Mpa,0.127 Mpa,0.129 Mpa,0.129 Mpa,0.127 Mpa,0.00442 Mpa,0.119 Mpa,0.117 Mpa,0.121 Mpa,1.01 Mpa,0.00476 Mpa,0.125 Mpa,0.126 Mpa,1.00 Mpa,0.127 Mpa,0 Mpa,1595 RPM
2026-07-09 01:00:00,0.127 Mpa,1.02 Mpa,0.129 Mpa,0.128 Mpa,0 Mpa,0.117 Mpa,0.114 Mpa,0.117 Mpa,1.01 Mpa,0.00344 Mpa,0.117 Mpa,0.114 Mpa,0.117 Mpa,0.114 Mpa,0.0113 Mpa,0.115 Mpa,0.117 Mpa,0.115 Mpa,0.116 Mpa,,0.127 Mpa,0.126 Mpa,0.127 Mpa,0.126 Mpa,0 Mpa,0.116 Mpa,0.116 Mpa,0.114 Mpa,0.117 Mpa,0 Mpa,0.132 Mpa,0.131 Mpa,0.131 Mpa,0.130 Mpa,0 Mpa,0.124 Mpa,0.124 Mpa,0.127 Mpa,1.02 Mpa,0 Mpa,0.123 Mpa,0.125 Mpa,0.125 Mpa,0.124 Mpa,0 Mpa,0.113 Mpa,0.113 Mpa,0.114 Mpa,1.01 Mpa,0.0134 Mpa,0.124 Mpa,0.125 Mpa,0.999 Mpa,0.126 Mpa,0.00410 Mpa,1693 RPM
2026-07-09 04:00:00,0.123 Mpa,1.02 Mpa,0.125 Mpa,0.125 Mpa,0 Mpa,0.114 Mpa,0.113 Mpa,0.114 Mpa,1.02 Mpa,0 Mpa,0.119 Mpa,0.117 Mpa,0.119 Mpa,0.116 Mpa,0 Mpa,0.119 Mpa,0.121 Mpa,0.119 Mpa,0.120 Mpa,,0.124 Mpa,0.123 Mpa,0.123 Mpa,0.124 Mpa,0.00696 Mpa,0.113 Mpa,0.114 Mpa,0.112 Mpa,0.115 Mpa,0 Mpa,0.127 Mpa,0.126 Mpa,0.126 Mpa,0.126 Mpa,0 Mpa,0.124 Mpa,0.125 Mpa,0.127 Mpa,1.02 Mpa,0 Mpa,0.126 Mpa,0.129 Mpa,0.128 Mpa,0.126 Mpa,0.00426 Mpa,0.122 Mpa,0.121 Mpa,0.124 Mpa,1.01 Mpa,0.00394 Mpa,0.127 Mpa,0.127 Mpa,1.01 Mpa,0.128 Mpa,0 Mpa,1649 RPM
2026-07-09 07:00:00,0.125 Mpa,1.02 Mpa,0.126 Mpa,0.126 Mpa,0 Mpa,0.115 Mpa,0.113 Mpa,0.115 Mpa,1.02 Mpa,0 Mpa,0.124 Mpa,0.120 Mpa,0.124 Mpa,0.120 Mpa,0 Mpa,0.120 Mpa,0.122 Mpa,0.119 Mpa,0.121 Mpa,,0.125 Mpa,0.123 Mpa,0.124 Mpa,0.124 Mpa,0 Mpa,0.118 Mpa,0.118 Mpa,0.117 Mpa,0.119 Mpa,0 Mpa,0.128 Mpa,0.126 Mpa,0.127 Mpa,0.126 Mpa,0 Mpa,0.122 Mpa,0.123 Mpa,0.126 Mpa,1.02 Mpa,0 Mpa,0.129 Mpa,0.133 Mpa,0.131 Mpa,0.130 Mpa,0 Mpa,0.128 Mpa,0.127 Mpa,0.130 Mpa,1.02 Mpa,0 Mpa,0.126 Mpa,0.126 Mpa,1.02 Mpa,0.128 Mpa,0 Mpa,1761 RPM
2026-07-09 10:00:00,0.125 Mpa,1.02 Mpa,0.127 Mpa,0.127 Mpa,0 Mpa,0.113 Mpa,0.107 Mpa,0.113 Mpa,1.02 Mpa,0 Mpa,0.123 Mpa,0.119 Mpa,0.123 Mpa,0.119 Mpa,0 Mpa,0.122 Mpa,0.124 Mpa,0.120 Mpa,0.122 Mpa,,0.125 Mpa,0.123 Mpa,0.124 Mpa,0.124 Mpa,0 Mpa,0.119 Mpa,0.118 Mpa,0.117 Mpa,0.119 Mpa,0.0106 Mpa,0.125 Mpa,0.124 Mpa,0.124 Mpa,0.124 Mpa,0.00877 Mpa,0.123 Mpa,0.125 Mpa,0.127 Mpa,1.02 Mpa,0 Mpa,0.130 Mpa,0.133 Mpa,0.131 Mpa,0.130 Mpa,0 Mpa,0.126 Mpa,0.124 Mpa,0.128 Mpa,1.02 Mpa,0 Mpa,0.124 Mpa,0.124 Mpa,0.990 Mpa,0.125 Mpa,0 Mpa,1611 RPM
2026-07-09 13:00:00,0.122 Mpa,1.02 Mpa,0.123 Mpa,0.123 Mpa,0 Mpa,0.115 Mpa,0.107 Mpa,0.115 Mpa,1.02 Mpa,0 Mpa,0.121 Mpa,0.117 Mpa,0.121 Mpa,0.117 Mpa,0 Mpa,0.113 Mpa,0.115 Mpa,0.112 Mpa,0.114 Mpa,,0.123 Mpa,0.122 Mpa,0.123 Mpa,0.123 Mpa,0 Mpa,0.122 Mpa,0.122 Mpa,0.121 Mpa,0.123 Mpa,0 Mpa,0.125 Mpa,0.125 Mpa,0.124 Mpa,0.124 Mpa,0 Mpa,0.125 Mpa,0.127 Mpa,0.129 Mpa,1.02 Mpa,0 Mpa,0.126 Mpa,0.130 Mpa,0.128 Mpa,0.127 Mpa,0 Mpa,0.128 Mpa,0.126 Mpa,0.130 Mpa,1.01 Mpa,0.00451 Mpa,0.123 Mpa,0.123 Mpa,1.02 Mpa,0.124 Mpa,0 Mpa,1702 RPM
2026-07-09 16:00:00,0.121 Mpa,1.02 Mpa,0.123 Mpa,0.123 Mpa,0 Mpa,0.115 Mpa,0.109 Mpa,0.115 Mpa,1.02 Mpa,0 Mpa,0.121 Mpa,0.116 Mpa,0.120 Mpa,0.116 Mpa,0 Mpa,0.119 Mpa,0.123 Mpa,0.119 Mpa,0.121 Mpa,,0.124 Mpa,0.122 Mpa,0.123 Mpa,0.123 Mpa,0 Mpa,0.118 Mpa,0.117 Mpa,0.116 Mpa,0.118 Mpa,0 Mpa,0.122 Mpa,0.121 Mpa,0.121 Mpa,0.121 Mpa,0.00396 Mpa,0.119 Mpa,0.120 Mpa,0.122 Mpa,1.02 Mpa,0 Mpa,0.124 Mpa,0.127 Mpa,0.125 Mpa,0.124 Mpa,0.00797 Mpa,0.123 Mpa,0.122 Mpa,0.126 Mpa,1.01 Mpa,0.00398 Mpa,0.127 Mpa,0.127 Mpa,1.02 Mpa,0.128 Mpa,0 Mpa,1722 RPM
2026-07-09 19:00:00,0.122 Mpa,1.02 Mpa,0.124 Mpa,0.124 Mpa,0 Mpa,0.116 Mpa,0.109 Mpa,0.116 Mpa,1.02 Mpa,0 Mpa,0.120 Mpa,0.117 Mpa,0.120 Mpa,0.117 Mpa,0 Mpa,0.121 Mpa,0.122 Mpa,0.119 Mpa,0.121 Mpa,,0.121 Mpa,0.120 Mpa,0.121 Mpa,0.121 Mpa,0 Mpa,0.119 Mpa,0.119 Mpa,0.117 Mpa,0.120 Mpa,0 Mpa,0.121 Mpa,0.120 Mpa,0.120 Mpa,0.120 Mpa,0 Mpa,0.124 Mpa,0.125 Mpa,0.128 Mpa,1.02 Mpa,0 Mpa,0.126 Mpa,0.128 Mpa,0.128 Mpa,0.126 Mpa,0 Mpa,0.119 Mpa,0.118 Mpa,0.121 Mpa,1.02 Mpa,0 Mpa,0.123 Mpa,0.123 Mpa,1.01 Mpa,0.124 Mpa,0 Mpa,1791 RPM
2026-07-09 22:00:00,0.123 Mpa,1.01 Mpa,0.125 Mpa,0.125 Mpa,0.00493 Mpa,0.114 Mpa,0.110 Mpa,0.114 Mpa,1.02 Mpa,0 Mpa,0.118 Mpa,0.115 Mpa,0.118 Mpa,0.115 Mpa,0.00550 Mpa,0.118 Mpa,0.122 Mpa,0.117 Mpa,0.120 Mpa,,0.125 Mpa,0.123 Mpa,0.126 Mpa,0.125 Mpa,0.0153 Mpa,0.118 Mpa,0.118 Mpa,0.116 Mpa,0.119 Mpa,0 Mpa,0.125 Mpa,0.124 Mpa,0.124 Mpa,0.124 Mpa,0 Mpa,0.120 Mpa,0.121 Mpa,0.123 Mpa,1.01 Mpa,0.00941 Mpa,0.125 Mpa,0.129 Mpa,0.127 Mpa,0.126 Mpa,0 Mpa,0.119 Mpa,0.118 Mpa,0.120 Mpa,1.01 Mpa,0.00458 Mpa,0.125 Mpa,0.125 Mpa,1.02 Mpa,0.126 Mpa,0 Mpa,1770 RPM
2026-07-10 01:00:00,0.120 Mpa,1.02 Mpa,0.122 Mpa,0.122 Mpa,0 Mpa,0.112 Mpa,0.108 Mpa,0.113 Mpa,1.02 Mpa,0 Mpa,0.120 Mpa,0.116 Mpa,0.120 Mpa,0.116 Mpa,0 Mpa,0.118 Mpa,0.121 Mpa,0.117 Mpa,0.120 Mpa,,0.121 Mpa,0.120 Mpa,0.121 Mpa,0.121 Mpa,0 Mpa,0.119 Mpa,0.118 Mpa,0.118 Mpa,0.120 Mpa,0 Mpa,0.126 Mpa,0.125 Mpa,0.125 Mpa,0.125 Mpa,0 Mpa,0.123 Mpa,0.124 Mpa,0.126 Mpa,1.02 Mpa,0 Mpa,0.126 Mpa,0.130 Mpa,0.128 Mpa,0.127 Mpa,0 Mpa,0.122 Mpa,0.121 Mpa,0.124 Mpa,1.02 Mpa,0 Mpa,0.126 Mpa,0.126 Mpa,1.02 Mpa,0.127 Mpa,0 Mpa,1763 RPM
2026-07-10 04:00:00,0.119 Mpa,1.02 Mpa,0.121 Mpa,0.121 Mpa,0 Mpa,0.116 Mpa,0.111 Mpa,0.116 Mpa,1.01 Mpa,0.00438 Mpa,0.123 Mpa,0.119 Mpa,0.123 Mpa,0.119 Mpa,0 Mpa,0.118 Mpa,0.120 Mpa,0.117 Mpa,0.119 Mpa,,0.122 Mpa,0.120 Mpa,0.121 Mpa,0.121 Mpa,0 Mpa,0.114 Mpa,0.114 Mpa,0.113 Mpa,0.114 Mpa,0 Mpa,0.124 Mpa,0.123 Mpa,0.123 Mpa,0.123 Mpa,0 Mpa,0.121 Mpa,0.123 Mpa,0.124 Mpa,1.02 Mpa,0 Mpa,0.123 Mpa,0.126 Mpa,0.124 Mpa,0.123 Mpa,0 Mpa,0.118 Mpa,0.116 Mpa,0.119 Mpa,1.01 Mpa,0.0111 Mpa,0.122 Mpa,0.122 Mpa,1.02 Mpa,0.123 Mpa,0 Mpa,1699 RPM
2026-07-10 07:00:00,0.129 Mpa,1.02 Mpa,0.131 Mpa,0.130 Mpa,0 Mpa,0.115 Mpa,0.109 Mpa,0.115 Mpa,1.02 Mpa,0 Mpa,0.122 Mpa,0.118 Mpa,0.122 Mpa,0.119 Mpa,0 Mpa,0.120 Mpa,0.123 Mpa,0.119 Mpa,0.122 Mpa,,0.125 Mpa,0.124 Mpa,0.125 Mpa,0.125 Mpa,0 Mpa,0.120 Mpa,0.119 Mpa,0.119 Mpa,0.121 Mpa,0 Mpa,0.128 Mpa,0.128 Mpa,0.127 Mpa,0.127 Mpa,0 Mpa,0.125 Mpa,0.126 Mpa,0.128 Mpa,1.01 Mpa,0 Mpa,0.131 Mpa,0.134 Mpa,0.133 Mpa,0.131 Mpa,0 Mpa,0.121 Mpa,0.120 Mpa,0.123 Mpa,1.02 Mpa,0 Mpa,0.126 Mpa,0.127 Mpa,1.02 Mpa,0.128 Mpa,0 Mpa,1777 RPM
2026-07-10 10:00:00,0.126 Mpa,1.02 Mpa,0.128 Mpa,0.127 Mpa,0 Mpa,0.117 Mpa,0.109 Mpa,0.117 Mpa,1.02 Mpa,0 Mpa,0.124 Mpa,0.120 Mpa,0.123 Mpa,0.120 Mpa,0 Mpa,0.121 Mpa,0.125 Mpa,0.120 Mpa,0.123 Mpa,,0.126 Mpa,0.124 Mpa,0.125 Mpa,0.125 Mpa,0 Mpa,0.120 Mpa,0.119 Mpa,0.119 Mpa,0.121 Mpa,0.0113 Mpa,0.127 Mpa,0.127 Mpa,0.127 Mpa,0.126 Mpa,0.00421 Mpa,0.125 Mpa,0.126 Mpa,0.128 Mpa,1.02 Mpa,0 Mpa,0.128 Mpa,0.131 Mpa,0.129 Mpa,0.128 Mpa,0 Mpa,0.119 Mpa,0.118 Mpa,0.121 Mpa,1.02 Mpa,0 Mpa,0.126 Mpa,0.127 Mpa,0.991 Mpa,0.129 Mpa,0.00634 Mpa,1752 RPM
2026-07-10 13:00:00,0.121 Mpa,1.01 Mpa,0.122 Mpa,0.123 Mpa,0.00295 Mpa,0.117 Mpa,0.110 Mpa,0.117 Mpa,1.02 Mpa,0 Mpa,0.121 Mpa,0.118 Mpa,0.120 Mpa,0.117 Mpa,0 Mpa,0.118 Mpa,0.121 Mpa,0.117 Mpa,0.119 Mpa,,0.127 Mpa,0.125 Mpa,0.127 Mpa,0.127 Mpa,0 Mpa,0.117 Mpa,0.117 Mpa,0.116 Mpa,0.118 Mpa,0.00747 Mpa,0.130 Mpa,0.128 Mpa,0.128 Mpa,0.128 Mpa,0.0228 Mpa,0.117 Mpa,0.119 Mpa,0.120 Mpa,1.02 Mpa,0 Mpa,0.123 Mpa,0.124 Mpa,0.124 Mpa,0.123 Mpa,0 Mpa,0.123 Mpa,0.122 Mpa,0.125 Mpa,1.02 Mpa,0 Mpa,0.124 Mpa,0.124 Mpa,1.01 Mpa,0.125 Mpa,0 Mpa,1723 RPM
2026-07-10 16:00:00,0.117 Mpa,1.02 Mpa,0.118 Mpa,0.119 Mpa,0 Mpa,0.114 Mpa,0.108 Mpa,0.115 Mpa,0.997 Mpa,0.0346 Mpa,0.118 Mpa,0.115 Mpa,0.117 Mpa,0.114 Mpa,0 Mpa,0.117 Mpa,0.119 Mpa,0.117 Mpa,0.118 Mpa,,0.122 Mpa,0.121 Mpa,0.122 Mpa,0.122 Mpa,0 Mpa,0.118 Mpa,0.117 Mpa,0.116 Mpa,0.118 Mpa,0 Mpa,0.119 Mpa,0.118 Mpa,0.119 Mpa,0.118 Mpa,0.00964 Mpa,0.117 Mpa,0.118 Mpa,0.120 Mpa,1.02 Mpa,0 Mpa,0.126 Mpa,0.128 Mpa,0.127 Mpa,0.126 Mpa,0.00512 Mpa,0.118 Mpa,0.118 Mpa,0.120 Mpa,1.01 Mpa,0.00419 Mpa,0.123 Mpa,0.122 Mpa,0.976 Mpa,0.123 Mpa,0 Mpa,1660 RPM
2026-07-10 19:00:00,0.121 Mpa,1.02 Mpa,0.123 Mpa,0.123 Mpa,0 Mpa,0.114 Mpa,0.111 Mpa,0.115 Mpa,1.02 Mpa,0 Mpa,0.119 Mpa,0.116 Mpa,0.119 Mpa,0.116 Mpa,0 Mpa,0.122 Mpa,0.124 Mpa,0.121 Mpa,0.122 Mpa,,0.123 Mpa,0.122 Mpa,0.123 Mpa,0.123 Mpa,0 Mpa,0.120 Mpa,0.119 Mpa,0.118 Mpa,0.120 Mpa,0 Mpa,0.131 Mpa,0.130 Mpa,0.130 Mpa,0.130 Mpa,0 Mpa,0.110 Mpa,0.111 Mpa,0.112 Mpa,1.02 Mpa,0 Mpa,0.118 Mpa,0.118 Mpa,0.118 Mpa,0.117 Mpa,0.0187 Mpa,0.118 Mpa,0.117 Mpa,0.119 Mpa,1.02 Mpa,0 Mpa,0.123 Mpa,0.123 Mpa,0.960 Mpa,0.123 Mpa,0 Mpa,1748 RPM
2026-07-10 22:00:00,0.118 Mpa,1.01 Mpa,0.120 Mpa,0.120 Mpa,0.00533 Mpa,0.115 Mpa,0.110 Mpa,0.116 Mpa,1.02 Mpa,0 Mpa,0.118 Mpa,0.114 Mpa,0.118 Mpa,0.115 Mpa,0.0211 Mpa,0.122 Mpa,0.124 Mpa,0.121 Mpa,0.122 Mpa,,0.124 Mpa,0.122 Mpa,0.123 Mpa,0.123 Mpa,0.00534 Mpa,0.121 Mpa,0.120 Mpa,0.119 Mpa,0.121 Mpa,0 Mpa,0.125 Mpa,0.124 Mpa,0.124 Mpa,0.124 Mpa,0.00376 Mpa,0.119 Mpa,0.120 Mpa,0.122 Mpa,1.01 Mpa,0.00932 Mpa,0.127 Mpa,0.128 Mpa,0.127 Mpa,0.126 Mpa,0 Mpa,0.119 Mpa,0.118 Mpa,0.120 Mpa,1.01 Mpa,0.00939 Mpa,0.120 Mpa,0.120 Mpa,0.931 Mpa,0.121 Mpa,0 Mpa,1710 RPM
2026-07-11 01:00:00,0.114 Mpa,1.02 Mpa,0.115 Mpa,0.116 Mpa,0 Mpa,0.114 Mpa,0.107 Mpa,0.115 Mpa,1.02 Mpa,0 Mpa,0.118 Mpa,0.115 Mpa,0.118 Mpa,0.114 Mpa,0 Mpa,0.123 Mpa,0.125 Mpa,0.122 Mpa,0.124 Mpa,,0.119 Mpa,0.117 Mpa,0.117 Mpa,0.117 Mpa,0 Mpa,0.120 Mpa,0.119 Mpa,0.118 Mpa,0.120 Mpa,0 Mpa,0.126 Mpa,0.125 Mpa,0.125 Mpa,0.125 Mpa,0 Mpa,0.126 Mpa,0.126 Mpa,0.129 Mpa,1.02 Mpa,0 Mpa,0.134 Mpa,0.136 Mpa,0.135 Mpa,0.134 Mpa,0 Mpa,0.121 Mpa,0.120 Mpa,0.123 Mpa,1.02 Mpa,0 Mpa,0.123 Mpa,0.123 Mpa,0.994 Mpa,0.124 Mpa,0 Mpa,1723 RPM
2026-07-11 04:00:00,0.115 Mpa,1.01 Mpa,0.115 Mpa,0.117 Mpa,0 Mpa,0.115 Mpa,0.109 Mpa,0.115 Mpa,1.01 Mpa,0.00575 Mpa,0.117 Mpa,0.113 Mpa,0.117 Mpa,0.114 Mpa,0 Mpa,0.121 Mpa,0.123 Mpa,0.120 Mpa,0.121 Mpa,,0.115 Mpa,0.114 Mpa,0.114 Mpa,0.115 Mpa,0 Mpa,0.112 Mpa,0.113 Mpa,0.111 Mpa,0.114 Mpa,0 Mpa,0.125 Mpa,0.123 Mpa,0.124 Mpa,0.123 Mpa,0 Mpa,0.122 Mpa,0.123 Mpa,0.126 Mpa,1.02 Mpa,0 Mpa,0.132 Mpa,0.134 Mpa,0.133 Mpa,0.133 Mpa,0.00432 Mpa,0.121 Mpa,0.119 Mpa,0.122 Mpa,1.01 Mpa,0.00408 Mpa,0.117 Mpa,0.118 Mpa,0.988 Mpa,0.119 Mpa,0.00302 Mpa,1612 RPM
2026-07-11 07:00:00,0.120 Mpa,1.02 Mpa,0.121 Mpa,0.122 Mpa,0 Mpa,0.117 Mpa,0.111 Mpa,0.117 Mpa,1.00 Mpa,0.00676 Mpa,0.120 Mpa,0.116 Mpa,0.119 Mpa,0.116 Mpa,0 Mpa,0.120 Mpa,0.123 Mpa,0.120 Mpa,0.122 Mpa,,0.123 Mpa,0.123 Mpa,0.123 Mpa,0.124 Mpa,0 Mpa,0.119 Mpa,0.118 Mpa,0.117 Mpa,0.119 Mpa,0 Mpa,0.130 Mpa,0.128 Mpa,0.129 Mpa,0.128 Mpa,0 Mpa,0.122 Mpa,0.123 Mpa,0.126 Mpa,1.02 Mpa,0 Mpa,0.128 Mpa,0.131 Mpa,0.130 Mpa,0.128 Mpa,0.00463 Mpa,0.125 Mpa,0.124 Mpa,0.127 Mpa,1.02 Mpa,0 Mpa,0.123 Mpa,0.123 Mpa,0.996 Mpa,0.124 Mpa,0 Mpa,1725 RPM
2026-07-11 10:00:00,0.122 Mpa,1.02 Mpa,0.124 Mpa,0.124 Mpa,0 Mpa,0.116 Mpa,0.112 Mpa,0.116 Mpa,1.02 Mpa,0 Mpa,0.117 Mpa,0.114 Mpa,0.117 Mpa,0.114 Mpa,0.00438 Mpa,0.115 Mpa,0.119 Mpa,0.115 Mpa,0.117 Mpa,,0.123 Mpa,0.121 Mpa,0.122 Mpa,0.122 Mpa,0 Mpa,0.121 Mpa,0.119 Mpa,0.119 Mpa,0.121 Mpa,0 Mpa,0.127 Mpa,0.126 Mpa,0.126 Mpa,0.126 Mpa,0.00660 Mpa,0.121 Mpa,0.122 Mpa,0.125 Mpa,1.02 Mpa,0 Mpa,0.128 Mpa,0.130 Mpa,0.129 Mpa,0.128 Mpa,0.00521 Mpa,0.124 Mpa,0.123 Mpa,0.126 Mpa,1.02 Mpa,0 Mpa,0.121 Mpa,0.121 Mpa,1.01 Mpa,0.122 Mpa,0 Mpa,1660 RPM
2026-07-11 13:00:00,0.122 Mpa,1.02 Mpa,0.124 Mpa,0.124 Mpa,0 Mpa,0.115 Mpa,0.110 Mpa,0.116 Mpa,1.02 Mpa,0 Mpa,0.106 Mpa,0.105 Mpa,0.107 Mpa,0.103 Mpa,0.0422 Mpa,0.118 Mpa,0.123 Mpa,0.117 Mpa,0.121 Mpa,,0.120 Mpa,0.119 Mpa,0.120 Mpa,0.120 Mpa,0 Mpa,0.119 Mpa,0.119 Mpa,0.118 Mpa,0.120 Mpa,0.0255 Mpa,0.122 Mpa,0.122 Mpa,0.121 Mpa,0.122 Mpa,0 Mpa,0.118 Mpa,0.119 Mpa,0.122 Mpa,1.01 Mpa,0.00648 Mpa,0.126 Mpa,0.128 Mpa,0.127 Mpa,0.126 Mpa,0.00738 Mpa,0.127 Mpa,0.125 Mpa,0.128 Mpa,1.02 Mpa,0 Mpa,0.119 Mpa,0.119 Mpa,1.01 Mpa,0.120 Mpa,0.0133 Mpa,1576 RPM
2026-07-11 16:00:00,0.108 Mpa,0.616 Mpa,0.108 Mpa,0.109 Mpa,0.113 Mpa,0.114 Mpa,0.108 Mpa,0.114 Mpa,1.01 Mpa,0.00780 Mpa,0.110 Mpa,0.106 Mpa,0.110 Mpa,0.106 Mpa,0.00227 Mpa,,,,,,0.121 Mpa,0.120 Mpa,0.120 Mpa,0.121 Mpa,0 Mpa,0.117 Mpa,0.116 Mpa,0.116 Mpa,0.117 Mpa,0 Mpa,0.127 Mpa,0.126 Mpa,0.126 Mpa,0.126 Mpa,0 Mpa,0.120 Mpa,0.120 Mpa,0.122 Mpa,1.02 Mpa,0 Mpa,0.127 Mpa,0.130 Mpa,0.128 Mpa,0.127 Mpa,0 Mpa,0.123 Mpa,0.122 Mpa,0.124 Mpa,1.01 Mpa,0.00603 Mpa,0.119 Mpa,0.120 Mpa,0.982 Mpa,0.121 Mpa,0.00707 Mpa,1607 RPM
2026-07-11 19:00:00,,,,,,0.113 Mpa,0.106 Mpa,0.114 Mpa,1.02 Mpa,0 Mpa,0.115 Mpa,0.112 Mpa,0.115 Mpa,0.111 Mpa,0 Mpa,,,,,,0.122 Mpa,0.120 Mpa,0.121 Mpa,0.121 Mpa,0 Mpa,0.119 Mpa,0.118 Mpa,0.118 Mpa,0.119 Mpa,0 Mpa,0.123 Mpa,0.123 Mpa,0.122 Mpa,0.122 Mpa,0 Mpa,0.126 Mpa,0.126 Mpa,0.130 Mpa,1.02 Mpa,0 Mpa,0.129 Mpa,0.132 Mpa,0.131 Mpa,0.130 Mpa,0 Mpa,0.118 Mpa,0.118 Mpa,0.120 Mpa,0.939 Mpa,0.148 Mpa,0.119 Mpa,0.120 Mpa,0.985 Mpa,0.121 Mpa,0 Mpa,1656 RPM
2026-07-11 22:00:00,0.123 Mpa,0.261 Mpa,0.124 Mpa,0.125 Mpa,0.0120 Mpa,0.111 Mpa,0.104 Mpa,0.112 Mpa,1.02 Mpa,0 Mpa,0.113 Mpa,0.111 Mpa,0.113 Mpa,0.110 Mpa,0 Mpa,,,,,,0.125 Mpa,0.123 Mpa,0.124 Mpa,0.123 Mpa,0 Mpa,0.121 Mpa,0.121 Mpa,0.120 Mpa,0.122 Mpa,0 Mpa,0.122 Mpa,0.122 Mpa,0.122 Mpa,0.122 Mpa,0 Mpa,0.124 Mpa,0.125 Mpa,0.128 Mpa,1.01 Mpa,0.0227 Mpa,0.128 Mpa,0.131 Mpa,0.129 Mpa,0.128 Mpa,0 Mpa,0.127 Mpa,0.125 Mpa,0.129 Mpa,1.02 Mpa,0 Mpa,0.116 Mpa,0.117 Mpa,0.988 Mpa,0.118 Mpa,0.0424 Mpa,1596 RPM
2026-07-12 01:00:00,,,,,,0.112 Mpa,0.104 Mpa,0.112 Mpa,1.01 Mpa,0.00498 Mpa,0.119 Mpa,0.116 Mpa,0.119 Mpa,0.115 Mpa,0 Mpa,,,,,,0.120 Mpa,0.119 Mpa,0.119 Mpa,0.119 Mpa,0.0117 Mpa,0.120 Mpa,0.120 Mpa,0.118 Mpa,0.121 Mpa,0 Mpa,0.126 Mpa,0.125 Mpa,0.126 Mpa,0.125 Mpa,0 Mpa,0.127 Mpa,0.127 Mpa,0.130 Mpa,1.02 Mpa,0 Mpa,0.128 Mpa,0.131 Mpa,0.129 Mpa,0.129 Mpa,0 Mpa,0.125 Mpa,0.123 Mpa,0.126 Mpa,1.02 Mpa,0 Mpa,0.102 Mpa,0.102 Mpa,0.904 Mpa,0.102 Mpa,0 Mpa,1638 RPM
2026-07-12 04:00:00,,,,,,0.108 Mpa,0.102 Mpa,0.108 Mpa,1.02 Mpa,0 Mpa,0.111 Mpa,0.108 Mpa,0.111 Mpa,0.108 Mpa,0.0921 Mpa,,,,,,0.134 Mpa,0.132 Mpa,0.133 Mpa,0.132 Mpa,0 Mpa,0.118 Mpa,0.117 Mpa,0.116 Mpa,0.118 Mpa,0 Mpa,0.122 Mpa,0.122 Mpa,0.122 Mpa,0.121 Mpa,0 Mpa,0.121 Mpa,0.122 Mpa,0.124 Mpa,1.01 Mpa,0 Mpa,0.120 Mpa,0.123 Mpa,0.121 Mpa,0.121 Mpa,0.00336 Mpa,0.123 Mpa,0.122 Mpa,0.125 Mpa,1.02 Mpa,0 Mpa,0.124 Mpa,0.124 Mpa,0.971 Mpa,0.125 Mpa,0.00444 Mpa,1619 RPM
2026-07-12 07:00:00,,,,,,0.119 Mpa,0.110 Mpa,0.120 Mpa,1.02 Mpa,0 Mpa,0.101 Mpa,0.100 Mpa,0.102 Mpa,0.100 Mpa,0.00866 Mpa,,,,,,0.130 Mpa,0.127 Mpa,0.129 Mpa,0.128 Mpa,0 Mpa,0.121 Mpa,0.121 Mpa,0.119 Mpa,0.122 Mpa,0.00405 Mpa,0.125 Mpa,0.125 Mpa,0.125 Mpa,0.125 Mpa,0 Mpa,0.122 Mpa,0.123 Mpa,0.125 Mpa,1.02 Mpa,0 Mpa,0.124 Mpa,0.125 Mpa,0.125 Mpa,0.124 Mpa,0 Mpa,0.120 Mpa,0.118 Mpa,0.122 Mpa,1.02 Mpa,0 Mpa,0.129 Mpa,0.129 Mpa,0.993 Mpa,0.130 Mpa,0 Mpa,1670 RPM
2026-07-12 10:00:00,,,,,,0.117 Mpa,0.108 Mpa,0.117 Mpa,1.02 Mpa,0 Mpa,0.107 Mpa,0.105 Mpa,0.107 Mpa,0.104 Mpa,0.152 Mpa,0.115 Mpa,0.118 Mpa,0.115 Mpa,0.117 Mpa,,0.130 Mpa,0.128 Mpa,0.129 Mpa,0.129 Mpa,0 Mpa,0.120 Mpa,0.119 Mpa,0.119 Mpa,0.120 Mpa,0 Mpa,0.126 Mpa,0.125 Mpa,0.125 Mpa,0.125 Mpa,0.0126 Mpa,0.119 Mpa,0.120 Mpa,0.123 Mpa,1.02 Mpa,0 Mpa,0.125 Mpa,0.128 Mpa,0.126 Mpa,0.126 Mpa,0 Mpa,0.124 Mpa,0.123 Mpa,0.126 Mpa,1.02 Mpa,0 Mpa,0.130 Mpa,0.130 Mpa,0.993 Mpa,0.131 Mpa,0.00484 Mpa,1636 RPM
2026-07-12 13:00:00,,,,,,0.124 Mpa,0.115 Mpa,0.124 Mpa,1.02 Mpa,0 Mpa,0.131 Mpa,0.127 Mpa,0.131 Mpa,0.127 Mpa,0 Mpa,0.108 Mpa,0.111 Mpa,0.108 Mpa,0.111 Mpa,,0.126 Mpa,0.124 Mpa,0.126 Mpa,0.125 Mpa,0 Mpa,0.120 Mpa,0.119 Mpa,0.119 Mpa,0.120 Mpa,0 Mpa,0.126 Mpa,0.125 Mpa,0.125 Mpa,0.125 Mpa,0.00467 Mpa,0.122 Mpa,0.123 Mpa,0.126 Mpa,1.02 Mpa,0 Mpa,0.123 Mpa,0.125 Mpa,0.124 Mpa,0.123 Mpa,0.00540 Mpa,0.124 Mpa,0.123 Mpa,0.127 Mpa,1.02 Mpa,0 Mpa,0.128 Mpa,0.128 Mpa,0.979 Mpa,0.129 Mpa,0 Mpa,1671 RPM
2026-07-12 16:00:00,,,,,,0.120 Mpa,0.113 Mpa,0.120 Mpa,1.02 Mpa,0 Mpa,0.121 Mpa,0.117 Mpa,0.121 Mpa,0.117 Mpa,0 Mpa,0.118 Mpa,0.122 Mpa,0.118 Mpa,0.120 Mpa,,0.124 Mpa,0.123 Mpa,0.124 Mpa,0.124 Mpa,0 Mpa,0.118 Mpa,0.117 Mpa,0.116 Mpa,0.118 Mpa,0 Mpa,0.125 Mpa,0.124 Mpa,0.124 Mpa,0.124 Mpa,0 Mpa,0.122 Mpa,0.124 Mpa,0.126 Mpa,1.02 Mpa,0 Mpa,0.124 Mpa,0.127 Mpa,0.126 Mpa,0.125 Mpa,0 Mpa,0.119 Mpa,0.119 Mpa,0.121 Mpa,1.01 Mpa,0.00396 Mpa,0.131 Mpa,0.130 Mpa,1.00 Mpa,0.132 Mpa,0.00341 Mpa,1725 RPM
2026-07-12 19:00:00,,,,,,0.110 Mpa,0.105 Mpa,0.110 Mpa,1.01 Mpa,0.0154 Mpa,0.121 Mpa,0.118 Mpa,0.122 Mpa,0.118 Mpa,0 Mpa,0.120 Mpa,0.123 Mpa,0.120 Mpa,0.122 Mpa,,0.124 Mpa,0.122 Mpa,0.123 Mpa,0.123 Mpa,0 Mpa,0.118 Mpa,0.118 Mpa,0.117 Mpa,0.119 Mpa,0 Mpa,0.123 Mpa,0.123 Mpa,0.122 Mpa,0.123 Mpa,0 Mpa,0.123 Mpa,0.124 Mpa,0.127 Mpa,1.02 Mpa,0 Mpa,0.127 Mpa,0.129 Mpa,0.128 Mpa,0.127 Mpa,0 Mpa,0.120 Mpa,0.119 Mpa,0.122 Mpa,1.02 Mpa,0 Mpa,0.127 Mpa,0.127 Mpa,0.985 Mpa,0.128 Mpa,0 Mpa,1723 RPM
2026-07-12 22:00:00,,,,,,0.114 Mpa,0.106 Mpa,0.115 Mpa,1.02 Mpa,0 Mpa,0.118 Mpa,0.115 Mpa,0.117 Mpa,0.115 Mpa,0.00773 Mpa,0.115 Mpa,0.118 Mpa,0.115 Mpa,0.118 Mpa,,0.126 Mpa,0.123 Mpa,0.125 Mpa,0.124 Mpa,0 Mpa,0.120 Mpa,0.120 Mpa,0.118 Mpa,0.121 Mpa,0 Mpa,0.132 Mpa,0.132 Mpa,0.131 Mpa,0.132 Mpa,0.00784 Mpa,0.125 Mpa,0.126 Mpa,0.129 Mpa,1.01 Mpa,0.0137 Mpa,0.130 Mpa,0.133 Mpa,0.132 Mpa,0.130 Mpa,0 Mpa,0.123 Mpa,0.121 Mpa,0.125 Mpa,1.02 Mpa,0 Mpa,0.128 Mpa,0.128 Mpa,0.973 Mpa,0.130 Mpa,0 Mpa,1745 RPM
2026-07-13 01:00:00,,,,,,0.113 Mpa,0.108 Mpa,0.114 Mpa,1.02 Mpa,0 Mpa,0.120 Mpa,0.117 Mpa,0.119 Mpa,0.116 Mpa,0 Mpa,0.120 Mpa,0.123 Mpa,0.118 Mpa,0.121 Mpa,,0.123 Mpa,0.122 Mpa,0.122 Mpa,0.122 Mpa,0.00743 Mpa,0.119 Mpa,0.120 Mpa,0.118 Mpa,0.120 Mpa,0 Mpa,0.125 Mpa,0.125 Mpa,0.125 Mpa,0.125 Mpa,0 Mpa,0.123 Mpa,0.124 Mpa,0.126 Mpa,1.02 Mpa,0 Mpa,0.127 Mpa,0.129 Mpa,0.129 Mpa,0.126 Mpa,0 Mpa,0.121 Mpa,0.119 Mpa,0.123 Mpa,1.01 Mpa,0.00451 Mpa,0.125 Mpa,0.125 Mpa,0.977 Mpa,0.126 Mpa,0 Mpa,1733 RPM
2026-07-13 04:00:00,0.104 Mpa,0.107 Mpa,0.104 Mpa,0.104 Mpa,0.0185 Mpa,0.113 Mpa,0.105 Mpa,0.113 Mpa,1.01 Mpa,0.00658 Mpa,0.121 Mpa,0.117 Mpa,0.120 Mpa,0.117 Mpa,0 Mpa,0.119 Mpa,0.122 Mpa,0.119 Mpa,0.121 Mpa,,0.123 Mpa,0.121 Mpa,0.122 Mpa,0.122 Mpa,0 Mpa,0.119 Mpa,0.119 Mpa,0.118 Mpa,0.120 Mpa,0 Mpa,0.127 Mpa,0.125 Mpa,0.125 Mpa,0.125 Mpa,0 Mpa,0.118 Mpa,0.118 Mpa,0.120 Mpa,1.02 Mpa,0 Mpa,0.124 Mpa,0.126 Mpa,0.126 Mpa,0.124 Mpa,0.00434 Mpa,0.120 Mpa,0.119 Mpa,0.121 Mpa,1.02 Mpa,0 Mpa,0.128 Mpa,0.128 Mpa,0.989 Mpa,0.130 Mpa,0 Mpa,1695 RPM
2026-07-13 07:00:00,0.125 Mpa,0.129 Mpa,0.125 Mpa,0.126 Mpa,0.00866 Mpa,0.115 Mpa,0.108 Mpa,0.114 Mpa,1.02 Mpa,0 Mpa,0.125 Mpa,0.121 Mpa,0.124 Mpa,0.121 Mpa,0 Mpa,0.119 Mpa,0.121 Mpa,0.118 Mpa,0.120 Mpa,,0.127 Mpa,0.126 Mpa,0.126 Mpa,0.126 Mpa,0 Mpa,0.120 Mpa,0.119 Mpa,0.118 Mpa,0.120 Mpa,0 Mpa,0.126 Mpa,0.125 Mpa,0.126 Mpa,0.125 Mpa,0 Mpa,0.120 Mpa,0.121 Mpa,0.124 Mpa,1.02 Mpa,0 Mpa,0.129 Mpa,0.130 Mpa,0.131 Mpa,0.128 Mpa,0 Mpa,0.128 Mpa,0.127 Mpa,0.130 Mpa,1.02 Mpa,0 Mpa,0.128 Mpa,0.129 Mpa,0.984 Mpa,0.130 Mpa,0 Mpa,1727 RPM
2026-07-13 10:00:00,0.123 Mpa,0.126 Mpa,0.123 Mpa,0.125 Mpa,0 Mpa,0.112 Mpa,0.106 Mpa,0.112 Mpa,1.02 Mpa,0 Mpa,0.122 Mpa,0.119 Mpa,0.122 Mpa,0.119 Mpa,0 Mpa,0.122 Mpa,0.125 Mpa,0.121 Mpa,0.123 Mpa,,0.127 Mpa,0.125 Mpa,0.126 Mpa,0.126 Mpa,0 Mpa,0.119 Mpa,0.119 Mpa,0.117 Mpa,0.120 Mpa,0.00543 Mpa,0.129 Mpa,0.127 Mpa,0.128 Mpa,0.126 Mpa,0.0114 Mpa,0.120 Mpa,0.120 Mpa,0.123 Mpa,1.02 Mpa,0 Mpa,0.131 Mpa,0.133 Mpa,0.133 Mpa,0.131 Mpa,0.00579 Mpa,0.124 Mpa,0.122 Mpa,0.126 Mpa,1.02 Mpa,0 Mpa,0.132 Mpa,0.131 Mpa,0.955 Mpa,0.132 Mpa,0 Mpa,1702 RPM
2026-07-13 13:00:00,0.119 Mpa,0.121 Mpa,0.120 Mpa,0.121 Mpa,0.00515 Mpa,0.116 Mpa,0.108 Mpa,0.116 Mpa,1.02 Mpa,0 Mpa,0.123 Mpa,0.119 Mpa,0.123 Mpa,0.119 Mpa,0 Mpa,0.120 Mpa,0.122 Mpa,0.119 Mpa,0.121 Mpa,,0.126 Mpa,0.124 Mpa,0.126 Mpa,0.125 Mpa,0 Mpa,0.119 Mpa,0.119 Mpa,0.118 Mpa,0.119 Mpa,0.00567 Mpa,0.127 Mpa,0.125 Mpa,0.127 Mpa,0.125 Mpa,0 Mpa,0.120 Mpa,0.121 Mpa,0.123 Mpa,1.01 Mpa,0.00556 Mpa,0.125 Mpa,0.126 Mpa,0.126 Mpa,0.125 Mpa,0 Mpa,0.124 Mpa,0.122 Mpa,0.126 Mpa,1.02 Mpa,0 Mpa,0.128 Mpa,0.128 Mpa,0.966 Mpa,0.129 Mpa,0.0167 Mpa,1756 RPM
2026-07-13 16:00:00,0.128 Mpa,0.130 Mpa,0.129 Mpa,0.129 Mpa,0 Mpa,0.118 Mpa,0.111 Mpa,0.118 Mpa,1.01 Mpa,0 Mpa,0.121 Mpa,0.118 Mpa,0.121 Mpa,0.118 Mpa,0 Mpa,0.119 Mpa,0.121 Mpa,0.118 Mpa,0.119 Mpa,,0.125 Mpa,0.122 Mpa,0.124 Mpa,0.123 Mpa,0 Mpa,0.117 Mpa,0.116 Mpa,0.115 Mpa,0.117 Mpa,0 Mpa,0.127 Mpa,0.125 Mpa,0.126 Mpa,0.125 Mpa,0 Mpa,0.120 Mpa,0.122 Mpa,0.124 Mpa,1.02 Mpa,0 Mpa,0.129 Mpa,0.132 Mpa,0.130 Mpa,0.129 Mpa,0.00499 Mpa,0.122 Mpa,0.121 Mpa,0.124 Mpa,1.01 Mpa,0.00396 Mpa,0.129 Mpa,0.128 Mpa,0.960 Mpa,0.129 Mpa,0.00378 Mpa,1698 RPM
2026-07-13 19:00:00,0.129 Mpa,0.131 Mpa,0.131 Mpa,0.131 Mpa,0 Mpa,0.117 Mpa,0.108 Mpa,0.117 Mpa,1.02 Mpa,0 Mpa,0.121 Mpa,0.117 Mpa,0.121 Mpa,0.117 Mpa,0 Mpa,0.122 Mpa,0.125 Mpa,0.122 Mpa,0.124 Mpa,,0.124 Mpa,0.122 Mpa,0.123 Mpa,0.123 Mpa,0.0115 Mpa,0.118 Mpa,0.118 Mpa,0.117 Mpa,0.119 Mpa,0 Mpa,0.131 Mpa,0.129 Mpa,0.130 Mpa,0.129 Mpa,0 Mpa,0.123 Mpa,0.125 Mpa,0.127 Mpa,1.02 Mpa,0 Mpa,0.126 Mpa,0.129 Mpa,0.127 Mpa,0.127 Mpa,0 Mpa,0.122 Mpa,0.121 Mpa,0.124 Mpa,1.02 Mpa,0 Mpa,0.126 Mpa,0.125 Mpa,0.931 Mpa,0.126 Mpa,0 Mpa,1740 RPM
2026-07-13 22:00:00,0.122 Mpa,0.123 Mpa,0.123 Mpa,0.124 Mpa,0.0225 Mpa,0.118 Mpa,0.109 Mpa,0.118 Mpa,1.01 Mpa,0.00943 Mpa,0.120 Mpa,0.117 Mpa,0.120 Mpa,0.117 Mpa,0.00820 Mpa,0.121 Mpa,0.124 Mpa,0.121 Mpa,0.122 Mpa,,0.125 Mpa,0.124 Mpa,0.124 Mpa,0.124 Mpa,0.00199 Mpa,0.120 Mpa,0.119 Mpa,0.118 Mpa,0.120 Mpa,0 Mpa,0.129 Mpa,0.127 Mpa,0.128 Mpa,0.127 Mpa,0 Mpa,0.124 Mpa,0.125 Mpa,0.127 Mpa,1.02 Mpa,0 Mpa,0.130 Mpa,0.132 Mpa,0.131 Mpa,0.129 Mpa,0 Mpa,0.126 Mpa,0.124 Mpa,0.128 Mpa,1.02 Mpa,0 Mpa,0.125 Mpa,0.124 Mpa,0.911 Mpa,0.126 Mpa,0 Mpa,1699 RPM
2026-07-14 01:00:00,0.125 Mpa,0.126 Mpa,0.126 Mpa,0.127 Mpa,0 Mpa,0.119 Mpa,0.107 Mpa,0.120 Mpa,1.02 Mpa,0 Mpa,0.120 Mpa,0.117 Mpa,0.120 Mpa,0.117 Mpa,0 Mpa,0.108 Mpa,0.110 Mpa,0.108 Mpa,0.109 Mpa,,0.129 Mpa,0.127 Mpa,0.129 Mpa,0.128 Mpa,0 Mpa,0.113 Mpa,0.113 Mpa,0.111 Mpa,0.113 Mpa,0 Mpa,0.118 Mpa,0.118 Mpa,0.117 Mpa,0.118 Mpa,0.0107 Mpa,0.119 Mpa,0.119 Mpa,0.121 Mpa,1.01 Mpa,0.0156 Mpa,0.129 Mpa,0.131 Mpa,0.131 Mpa,0.130 Mpa,0 Mpa,0.121 Mpa,0.121 Mpa,0.123 Mpa,1.01 Mpa,0.00883 Mpa,0.122 Mpa,0.122 Mpa,1.01 Mpa,0.124 Mpa,0 Mpa,1657 RPM
2026-07-14 04:00:00,0.122 Mpa,0.124 Mpa,0.123 Mpa,0.124 Mpa,0 Mpa,0.122 Mpa,0.109 Mpa,0.122 Mpa,1.02 Mpa,0 Mpa,0.121 Mpa,0.117 Mpa,0.120 Mpa,0.117 Mpa,0 Mpa,0.112 Mpa,0.114 Mpa,0.112 Mpa,0.114 Mpa,,0.123 Mpa,0.122 Mpa,0.123 Mpa,0.122 Mpa,0 Mpa,0.119 Mpa,0.119 Mpa,0.118 Mpa,0.119 Mpa,0 Mpa,0.120 Mpa,0.120 Mpa,0.119 Mpa,0.120 Mpa,0.00410 Mpa,0.125 Mpa,0.125 Mpa,0.128 Mpa,1.02 Mpa,0 Mpa,0.128 Mpa,0.130 Mpa,0.129 Mpa,0.128 Mpa,0.00423 Mpa,0.122 Mpa,0.121 Mpa,0.124 Mpa,1.01 Mpa,0.00426 Mpa,0.124 Mpa,0.125 Mpa,1.00 Mpa,0.127 Mpa,0 Mpa,1652 RPM
2026-07-14 07:00:00,0.117 Mpa,0.119 Mpa,0.118 Mpa,0.119 Mpa,0 Mpa,0.126 Mpa,0.113 Mpa,0.125 Mpa,1.02 Mpa,0 Mpa,0.122 Mpa,0.119 Mpa,0.122 Mpa,0.119 Mpa,0 Mpa,0.121 Mpa,0.124 Mpa,0.121 Mpa,0.122 Mpa,,0.115 Mpa,0.113 Mpa,0.114 Mpa,0.114 Mpa,0.0120 Mpa,0.121 Mpa,0.121 Mpa,0.120 Mpa,0.122 Mpa,0 Mpa,0.127 Mpa,0.126 Mpa,0.126 Mpa,0.126 Mpa,0 Mpa,0.125 Mpa,0.126 Mpa,0.129 Mpa,1.02 Mpa,0 Mpa,0.132 Mpa,0.135 Mpa,0.133 Mpa,0.132 Mpa,0 Mpa,0.123 Mpa,0.122 Mpa,0.124 Mpa,1.02 Mpa,0 Mpa,0.128 Mpa,0.129 Mpa,0.964 Mpa,0.131 Mpa,0 Mpa,1787 RPM
2026-07-14 10:00:00,0.130 Mpa,0.133 Mpa,0.132 Mpa,0.133 Mpa,0.00600 Mpa,0.129 Mpa,0.118 Mpa,0.128 Mpa,1.02 Mpa,0 Mpa,0.121 Mpa,0.117 Mpa,0.121 Mpa,0.118 Mpa,0 Mpa,0.117 Mpa,0.120 Mpa,0.116 Mpa,0.118 Mpa,,0.124 Mpa,0.122 Mpa,0.123 Mpa,0.123 Mpa,0 Mpa,0.120 Mpa,0.119 Mpa,0.119 Mpa,0.120 Mpa,0 Mpa,0.131 Mpa,0.131 Mpa,0.131 Mpa,0.130 Mpa,0.0124 Mpa,0.120 Mpa,0.120 Mpa,0.124 Mpa,1.02 Mpa,0 Mpa,0.133 Mpa,0.136 Mpa,0.135 Mpa,0.133 Mpa,0 Mpa,0.116 Mpa,0.116 Mpa,0.118 Mpa,1.02 Mpa,0 Mpa,0.124 Mpa,0.125 Mpa,0.813 Mpa,0.126 Mpa,0.00394 Mpa,1710 RPM
2026-07-14 13:00:00,0.129 Mpa,0.131 Mpa,0.130 Mpa,0.132 Mpa,0.00689 Mpa,0.127 Mpa,0.117 Mpa,0.126 Mpa,1.02 Mpa,0 Mpa,0.124 Mpa,0.121 Mpa,0.124 Mpa,0.121 Mpa,0 Mpa,0.117 Mpa,0.120 Mpa,0.116 Mpa,0.118 Mpa,,0.125 Mpa,0.123 Mpa,0.125 Mpa,0.124 Mpa,0 Mpa,0.119 Mpa,0.119 Mpa,0.117 Mpa,0.120 Mpa,0.0172 Mpa,0.119 Mpa,0.119 Mpa,0.119 Mpa,0.119 Mpa,0 Mpa,0.118 Mpa,0.118 Mpa,0.121 Mpa,1.01 Mpa,0.0117 Mpa,0.132 Mpa,0.136 Mpa,0.134 Mpa,0.133 Mpa,0 Mpa,0.119 Mpa,0.119 Mpa,0.121 Mpa,1.02 Mpa,0 Mpa,0.123 Mpa,0.123 Mpa,0.961 Mpa,0.124 Mpa,0 Mpa,1737 RPM
2026-07-14 16:00:00,0.128 Mpa,0.130 Mpa,0.130 Mpa,0.130 Mpa,0 Mpa,0.126 Mpa,0.115 Mpa,0.126 Mpa,1.02 Mpa,0 Mpa,0.119 Mpa,0.116 Mpa,0.119 Mpa,0.115 Mpa,0 Mpa,0.108 Mpa,0.110 Mpa,0.108 Mpa,0.110 Mpa,,0.121 Mpa,0.120 Mpa,0.120 Mpa,0.120 Mpa,0 Mpa,0.117 Mpa,0.118 Mpa,0.116 Mpa,0.119 Mpa,0 Mpa,0.122 Mpa,0.122 Mpa,0.122 Mpa,0.121 Mpa,0 Mpa,0.118 Mpa,0.119 Mpa,0.120 Mpa,1.00 Mpa,0 Mpa,0.123 Mpa,0.126 Mpa,0.125 Mpa,0.124 Mpa,0.00460 Mpa,0.123 Mpa,0.122 Mpa,0.125 Mpa,1.02 Mpa,0 Mpa,0.123 Mpa,0.123 Mpa,0.998 Mpa,0.125 Mpa,0 Mpa,1674 RPM
2026-07-14 19:00:00,0.126 Mpa,0.128 Mpa,0.128 Mpa,0.129 Mpa,0 Mpa,0.121 Mpa,0.112 Mpa,0.121 Mpa,1.02 Mpa,0 Mpa,0.122 Mpa,0.119 Mpa,0.122 Mpa,0.119 Mpa,0 Mpa,0.118 Mpa,0.121 Mpa,0.117 Mpa,0.120 Mpa,,0.120 Mpa,0.119 Mpa,0.120 Mpa,0.120 Mpa,0 Mpa,0.118 Mpa,0.118 Mpa,0.116 Mpa,0.119 Mpa,0 Mpa,0.128 Mpa,0.127 Mpa,0.126 Mpa,0.126 Mpa,0 Mpa,0.119 Mpa,0.120 Mpa,0.122 Mpa,1.02 Mpa,0 Mpa,0.127 Mpa,0.130 Mpa,0.129 Mpa,0.128 Mpa,0 Mpa,0.125 Mpa,0.125 Mpa,0.127 Mpa,1.02 Mpa,0 Mpa,0.120 Mpa,0.120 Mpa,0.961 Mpa,0.122 Mpa,0 Mpa,1746 RPM
2026-07-14 22:00:00,0.127 Mpa,0.129 Mpa,0.129 Mpa,0.130 Mpa,0 Mpa,0.123 Mpa,0.112 Mpa,0.124 Mpa,1.02 Mpa,0 Mpa,0.122 Mpa,0.118 Mpa,0.122 Mpa,0.119 Mpa,0 Mpa,0.120 Mpa,0.123 Mpa,0.119 Mpa,0.121 Mpa,,0.125 Mpa,0.123 Mpa,0.125 Mpa,0.124 Mpa,0.00710 Mpa,0.112 Mpa,0.112 Mpa,0.110 Mpa,0.113 Mpa,0 Mpa,0.121 Mpa,0.120 Mpa,0.120 Mpa,0.120 Mpa,0 Mpa,0.117 Mpa,0.119 Mpa,0.119 Mpa,1.01 Mpa,0.00382 Mpa,0.124 Mpa,0.125 Mpa,0.125 Mpa,0.124 Mpa,0 Mpa,0.123 Mpa,0.122 Mpa,0.125 Mpa,1.01 Mpa,0.0146 Mpa,0.117 Mpa,0.118 Mpa,0.935 Mpa,0.120 Mpa,0 Mpa,1644 RPM
2026-07-15 01:00:00,0.125 Mpa,0.126 Mpa,0.126 Mpa,0.127 Mpa,0.00978 Mpa,0.127 Mpa,0.117 Mpa,0.127 Mpa,1.01 Mpa,0.0174 Mpa,0.120 Mpa,0.117 Mpa,0.120 Mpa,0.116 Mpa,0.0301 Mpa,0.108 Mpa,0.112 Mpa,0.109 Mpa,0.111 Mpa,,0.124 Mpa,0.123 Mpa,0.124 Mpa,0.124 Mpa,0 Mpa,0.122 Mpa,0.121 Mpa,0.120 Mpa,0.122 Mpa,0 Mpa,0.120 Mpa,0.119 Mpa,0.119 Mpa,0.120 Mpa,0.00516 Mpa,0.123 Mpa,0.124 Mpa,0.126 Mpa,1.01 Mpa,0.00636 Mpa,0.124 Mpa,0.127 Mpa,0.126 Mpa,0.124 Mpa,0 Mpa,0.122 Mpa,0.120 Mpa,0.123 Mpa,1.02 Mpa,0 Mpa,0.119 Mpa,0.119 Mpa,0.984 Mpa,0.121 Mpa,0 Mpa,1662 RPM
2026-07-15 04:00:00,0.122 Mpa,0.124 Mpa,0.123 Mpa,0.124 Mpa,0 Mpa,0.126 Mpa,0.117 Mpa,0.126 Mpa,1.02 Mpa,0 Mpa,0.116 Mpa,0.113 Mpa,0.116 Mpa,0.113 Mpa,0 Mpa,0.119 Mpa,0.121 Mpa,0.119 Mpa,0.120 Mpa,,0.125 Mpa,0.124 Mpa,0.124 Mpa,0.125 Mpa,0 Mpa,0.114 Mpa,0.114 Mpa,0.113 Mpa,0.115 Mpa,0 Mpa,0.130 Mpa,0.128 Mpa,0.128 Mpa,0.128 Mpa,0 Mpa,0.115 Mpa,0.116 Mpa,0.116 Mpa,1.02 Mpa,0 Mpa,0.127 Mpa,0.129 Mpa,0.128 Mpa,0.127 Mpa,0.00466 Mpa,0.126 Mpa,0.125 Mpa,0.127 Mpa,1.01 Mpa,0.00503 Mpa,0.122 Mpa,0.121 Mpa,1.01 Mpa,0.123 Mpa,0 Mpa,1699 RPM
2026-07-15 07:00:00,0.123 Mpa,0.125 Mpa,0.124 Mpa,0.126 Mpa,0 Mpa,0.129 Mpa,0.115 Mpa,0.129 Mpa,1.02 Mpa,0 Mpa,0.120 Mpa,0.117 Mpa,0.120 Mpa,0.117 Mpa,0 Mpa,0.123 Mpa,0.126 Mpa,0.122 Mpa,0.124 Mpa,,0.128 Mpa,0.126 Mpa,0.128 Mpa,0.127 Mpa,0 Mpa,0.117 Mpa,0.117 Mpa,0.115 Mpa,0.119 Mpa,0 Mpa,0.121 Mpa,0.120 Mpa,0.120 Mpa,0.121 Mpa,0 Mpa,0.120 Mpa,0.121 Mpa,0.123 Mpa,1.02 Mpa,0 Mpa,0.132 Mpa,0.135 Mpa,0.133 Mpa,0.131 Mpa,0 Mpa,0.121 Mpa,0.120 Mpa,0.122 Mpa,1.02 Mpa,0 Mpa,0.123 Mpa,0.123 Mpa,0.995 Mpa,0.124 Mpa,0 Mpa,1791 RPM
2026-07-15 10:00:00,0.125 Mpa,0.126 Mpa,0.127 Mpa,0.127 Mpa,0 Mpa,0.129 Mpa,0.118 Mpa,0.129 Mpa,1.01 Mpa,0.00819 Mpa,0.122 Mpa,0.119 Mpa,0.122 Mpa,0.119 Mpa,0 Mpa,0.109 Mpa,0.111 Mpa,0.109 Mpa,0.110 Mpa,,0.129 Mpa,0.127 Mpa,0.128 Mpa,0.128 Mpa,0.00719 Mpa,0.118 Mpa,0.119 Mpa,0.117 Mpa,0.120 Mpa,0.00555 Mpa,0.130 Mpa,0.129 Mpa,0.129 Mpa,0.129 Mpa,0.0150 Mpa,0.115 Mpa,0.116 Mpa,0.119 Mpa,1.02 Mpa,0 Mpa,0.130 Mpa,0.134 Mpa,0.132 Mpa,0.131 Mpa,0.00461 Mpa,0.118 Mpa,0.118 Mpa,0.120 Mpa,1.02 Mpa,0 Mpa,0.119 Mpa,0.118 Mpa,0.979 Mpa,0.119 Mpa,0.0150 Mpa,1750 RPM
2026-07-15 13:00:00,0.123 Mpa,0.124 Mpa,0.125 Mpa,0.125 Mpa,0 Mpa,0.125 Mpa,0.117 Mpa,0.124 Mpa,1.02 Mpa,0 Mpa,0.120 Mpa,0.118 Mpa,0.120 Mpa,0.117 Mpa,0 Mpa,,,,,,0.124 Mpa,0.122 Mpa,0.123 Mpa,0.122 Mpa,0 Mpa,0.121 Mpa,0.122 Mpa,0.120 Mpa,0.123 Mpa,0 Mpa,0.124 Mpa,0.123 Mpa,0.124 Mpa,0.123 Mpa,0 Mpa,0.120 Mpa,0.121 Mpa,0.124 Mpa,1.02 Mpa,0 Mpa,0.129 Mpa,0.131 Mpa,0.131 Mpa,0.128 Mpa,0.00584 Mpa,0.122 Mpa,0.121 Mpa,0.124 Mpa,1.02 Mpa,0 Mpa,0.125 Mpa,0.125 Mpa,0.960 Mpa,0.126 Mpa,0 Mpa,1746 RPM
2026-07-15 16:00:00,0.121 Mpa,0.122 Mpa,0.122 Mpa,0.122 Mpa,0 Mpa,0.123 Mpa,0.114 Mpa,0.123 Mpa,1.02 Mpa,0 Mpa,0.119 Mpa,0.116 Mpa,0.119 Mpa,0.116 Mpa,0 Mpa,0.119 Mpa,0.120 Mpa,0.118 Mpa,0.119 Mpa,,0.119 Mpa,0.117 Mpa,0.117 Mpa,0.118 Mpa,0.00531 Mpa,0.115 Mpa,0.115 Mpa,0.113 Mpa,0.115 Mpa,0 Mpa,0.122 Mpa,0.122 Mpa,0.121 Mpa,0.122 Mpa,0.0514 Mpa,0.120 Mpa,0.121 Mpa,0.124 Mpa,1.02 Mpa,0 Mpa,0.126 Mpa,0.128 Mpa,0.128 Mpa,0.126 Mpa,0 Mpa,0.121 Mpa,0.120 Mpa,0.122 Mpa,1.01 Mpa,0.00534 Mpa,0.121 Mpa,0.121 Mpa,0.958 Mpa,0.123 Mpa,0 Mpa,1666 RPM
2026-07-15 19:00:00,0.121 Mpa,0.123 Mpa,0.122 Mpa,0.123 Mpa,0 Mpa,0.121 Mpa,0.111 Mpa,0.121 Mpa,1.02 Mpa,0 Mpa,0.123 Mpa,0.120 Mpa,0.123 Mpa,0.119 Mpa,0 Mpa,0.103 Mpa,0.105 Mpa,0.103 Mpa,0.105 Mpa,,0.127 Mpa,0.126 Mpa,0.126 Mpa,0.126 Mpa,0 Mpa,0.110 Mpa,0.110 Mpa,0.108 Mpa,0.111 Mpa,0 Mpa,0.127 Mpa,0.126 Mpa,0.126 Mpa,0.126 Mpa,0.0718 Mpa,0.124 Mpa,0.125 Mpa,0.127 Mpa,1.02 Mpa,0 Mpa,0.129 Mpa,0.130 Mpa,0.130 Mpa,0.128 Mpa,0 Mpa,0.117 Mpa,0.116 Mpa,0.119 Mpa,1.02 Mpa,0 Mpa,0.115 Mpa,0.116 Mpa,0.983 Mpa,0.117 Mpa,0 Mpa,1711 RPM
2026-07-15 22:00:00,0.123 Mpa,0.123 Mpa,0.124 Mpa,0.124 Mpa,0.00196 Mpa,0.121 Mpa,0.113 Mpa,0.121 Mpa,1.01 Mpa,0.0194 Mpa,0.124 Mpa,0.121 Mpa,0.124 Mpa,0.121 Mpa,0 Mpa,0.118 Mpa,0.118 Mpa,0.117 Mpa,0.118 Mpa,,0.121 Mpa,0.119 Mpa,0.120 Mpa,0.120 Mpa,0.00568 Mpa,0.105 Mpa,0.105 Mpa,0.104 Mpa,0.106 Mpa,0 Mpa,0.128 Mpa,0.127 Mpa,0.128 Mpa,0.127 Mpa,0.00469 Mpa,0.123 Mpa,0.123 Mpa,0.126 Mpa,1.01 Mpa,0.00895 Mpa,0.122 Mpa,0.124 Mpa,0.124 Mpa,0.122 Mpa,0 Mpa,0.120 Mpa,0.118 Mpa,0.121 Mpa,1.02 Mpa,0 Mpa,0.116 Mpa,0.116 Mpa,1.00 Mpa,0.117 Mpa,0 Mpa,1627 RPM
2026-07-16 01:00:00,0.122 Mpa,0.123 Mpa,0.123 Mpa,0.123 Mpa,0 Mpa,0.124 Mpa,0.115 Mpa,0.123 Mpa,0.995 Mpa,0.0210 Mpa,0.122 Mpa,0.118 Mpa,0.122 Mpa,0.118 Mpa,0.00422 Mpa,0.113 Mpa,0.113 Mpa,0.112 Mpa,0.113 Mpa,,0.127 Mpa,0.126 Mpa,0.127 Mpa,0.126 Mpa,0 Mpa,0.112 Mpa,0.112 Mpa,0.111 Mpa,0.113 Mpa,0 Mpa,0.126 Mpa,0.126 Mpa,0.125 Mpa,0.126 Mpa,0 Mpa,0.122 Mpa,0.122 Mpa,0.125 Mpa,1.02 Mpa,0 Mpa,0.124 Mpa,0.126 Mpa,0.126 Mpa,0.124 Mpa,0 Mpa,0.119 Mpa,0.118 Mpa,0.121 Mpa,1.01 Mpa,0.00550 Mpa,0.114 Mpa,0.114 Mpa,1.000 Mpa,0.115 Mpa,0 Mpa,1593 RPM
2026-07-16 04:00:00,0.120 Mpa,0.121 Mpa,0.120 Mpa,0.121 Mpa,0 Mpa,0.122 Mpa,0.117 Mpa,0.122 Mpa,1.01 Mpa,0.00645 Mpa,0.121 Mpa,0.117 Mpa,0.120 Mpa,0.117 Mpa,0 Mpa,,,,,,0.120 Mpa,0.119 Mpa,0.119 Mpa,0.119 Mpa,0 Mpa,0.113 Mpa,0.114 Mpa,0.112 Mpa,0.114 Mpa,0 Mpa,0.123 Mpa,0.122 Mpa,0.122 Mpa,0.122 Mpa,0.00505 Mpa,0.126 Mpa,0.126 Mpa,0.129 Mpa,1.02 Mpa,0 Mpa,0.123 Mpa,0.126 Mpa,0.125 Mpa,0.124 Mpa,0 Mpa,0.122 Mpa,0.121 Mpa,0.124 Mpa,1.01 Mpa,0.00538 Mpa,0.123 Mpa,0.124 Mpa,0.957 Mpa,0.125 Mpa,0.00318 Mpa,1642 RPM
2026-07-16 07:00:00,0.125 Mpa,0.126 Mpa,0.126 Mpa,0.127 Mpa,0 Mpa,0.127 Mpa,0.118 Mpa,0.127 Mpa,1.02 Mpa,0 Mpa,0.120 Mpa,0.117 Mpa,0.120 Mpa,0.117 Mpa,0 Mpa,,,,,,0.128 Mpa,0.127 Mpa,0.127 Mpa,0.127 Mpa,0 Mpa,0.114 Mpa,0.114 Mpa,0.113 Mpa,0.115 Mpa,0 Mpa,0.127 Mpa,0.127 Mpa,0.127 Mpa,0.127 Mpa,0 Mpa,0.125 Mpa,0.125 Mpa,0.129 Mpa,1.02 Mpa,0 Mpa,0.123 Mpa,0.126 Mpa,0.125 Mpa,0.123 Mpa,0 Mpa,0.124 Mpa,0.123 Mpa,0.126 Mpa,1.02 Mpa,0 Mpa,0.127 Mpa,0.126 Mpa,0.922 Mpa,0.128 Mpa,0 Mpa,1754 RPM
2026-07-16 10:00:00,0.124 Mpa,0.125 Mpa,0.125 Mpa,0.126 Mpa,0 Mpa,0.129 Mpa,0.120 Mpa,0.128 Mpa,1.02 Mpa,0 Mpa,0.120 Mpa,0.117 Mpa,0.119 Mpa,0.116 Mpa,0 Mpa,,,,,,0.127 Mpa,0.125 Mpa,0.127 Mpa,0.126 Mpa,0 Mpa,0.119 Mpa,0.119 Mpa,0.117 Mpa,0.120 Mpa,0.00542 Mpa,0.132 Mpa,0.131 Mpa,0.132 Mpa,0.131 Mpa,0.0106 Mpa,0.127 Mpa,0.127 Mpa,0.131 Mpa,1.02 Mpa,0 Mpa,0.126 Mpa,0.129 Mpa,0.128 Mpa,0.126 Mpa,0.00428 Mpa,0.124 Mpa,0.123 Mpa,0.126 Mpa,1.02 Mpa,0 Mpa,0.124 Mpa,0.124 Mpa,0.978 Mpa,0.125 Mpa,0.00514 Mpa,1763 RPM
2026-07-16 13:00:00,0.123 Mpa,0.124 Mpa,0.124 Mpa,0.124 Mpa,0 Mpa,0.127 Mpa,0.118 Mpa,0.126 Mpa,1.02 Mpa,0 Mpa,0.118 Mpa,0.115 Mpa,0.117 Mpa,0.115 Mpa,0 Mpa,,,,,,0.126 Mpa,0.124 Mpa,0.126 Mpa,0.126 Mpa,0 Mpa,0.112 Mpa,0.112 Mpa,0.110 Mpa,0.112 Mpa,0 Mpa,0.125 Mpa,0.124 Mpa,0.124 Mpa,0.124 Mpa,0 Mpa,0.118 Mpa,0.119 Mpa,0.121 Mpa,1.02 Mpa,0 Mpa,0.127 Mpa,0.130 Mpa,0.129 Mpa,0.128 Mpa,0 Mpa,0.125 Mpa,0.123 Mpa,0.126 Mpa,1.01 Mpa,0.00722 Mpa,0.123 Mpa,0.123 Mpa,0.974 Mpa,0.125 Mpa,0.00531 Mpa,1720 RPM
2026-07-16 16:00:00,0.120 Mpa,0.121 Mpa,0.122 Mpa,0.121 Mpa,0 Mpa,0.125 Mpa,0.115 Mpa,0.124 Mpa,1.02 Mpa,0 Mpa,0.119 Mpa,0.115 Mpa,0.119 Mpa,0.115 Mpa,0 Mpa,,,,,,0.126 Mpa,0.124 Mpa,0.125 Mpa,0.125 Mpa,0 Mpa,0.115 Mpa,0.115 Mpa,0.114 Mpa,0.116 Mpa,0 Mpa,0.122 Mpa,0.121 Mpa,0.122 Mpa,0.121 Mpa,0 Mpa,0.122 Mpa,0.123 Mpa,0.126 Mpa,1.02 Mpa,0 Mpa,0.116 Mpa,0.117 Mpa,0.117 Mpa,0.116 Mpa,0.00583 Mpa,0.123 Mpa,0.122 Mpa,0.124 Mpa,1.02 Mpa,0 Mpa,0.126 Mpa,0.126 Mpa,0.993 Mpa,0.128 Mpa,0.00408 Mpa,1662 RPM
2026-07-16 19:00:00,0.120 Mpa,0.121 Mpa,0.121 Mpa,0.121 Mpa,0 Mpa,0.126 Mpa,0.115 Mpa,0.126 Mpa,1.02 Mpa,0 Mpa,0.121 Mpa,0.118 Mpa,0.121 Mpa,0.117 Mpa,0.00403 Mpa,,,,,,0.122 Mpa,0.121 Mpa,0.122 Mpa,0.122 Mpa,0 Mpa,0.112 Mpa,0.112 Mpa,0.110 Mpa,0.113 Mpa,0 Mpa,0.127 Mpa,0.126 Mpa,0.126 Mpa,0.126 Mpa,0 Mpa,0.124 Mpa,0.125 Mpa,0.127 Mpa,1.02 Mpa,0 Mpa,0.125 Mpa,0.127 Mpa,0.126 Mpa,0.125 Mpa,0 Mpa,0.121 Mpa,0.120 Mpa,0.122 Mpa,1.02 Mpa,0 Mpa,0.113 Mpa,0.113 Mpa,1.00 Mpa,0.114 Mpa,0 Mpa,1761 RPM
2026-07-16 22:00:00,0.124 Mpa,0.125 Mpa,0.126 Mpa,0.125 Mpa,0.00435 Mpa,0.122 Mpa,0.113 Mpa,0.122 Mpa,1.02 Mpa,0 Mpa,0.119 Mpa,0.116 Mpa,0.119 Mpa,0.115 Mpa,0 Mpa,,,,,,0.121 Mpa,0.120 Mpa,0.121 Mpa,0.121 Mpa,0.00560 Mpa,0.114 Mpa,0.115 Mpa,0.112 Mpa,0.116 Mpa,0 Mpa,0.120 Mpa,0.119 Mpa,0.119 Mpa,0.119 Mpa,0 Mpa,0.122 Mpa,0.123 Mpa,0.125 Mpa,1.01 Mpa,0.00802 Mpa,0.120 Mpa,0.121 Mpa,0.120 Mpa,0.120 Mpa,0 Mpa,0.120 Mpa,0.119 Mpa,0.122 Mpa,1.02 Mpa,0 Mpa,0.122 Mpa,0.123 Mpa,0.996 Mpa,0.124 Mpa,0 Mpa,1780 RPM
2026-07-17 01:00:00,0.124 Mpa,0.125 Mpa,0.126 Mpa,0.125 Mpa,0 Mpa,0.121 Mpa,0.114 Mpa,0.121 Mpa,1.02 Mpa,0 Mpa,0.104 Mpa,0.103 Mpa,0.104 Mpa,0.103 Mpa,0.0610 Mpa,0.119 Mpa,0.121 Mpa,0.119 Mpa,0.121 Mpa,,0.123 Mpa,0.121 Mpa,0.122 Mpa,0.121 Mpa,0.0187 Mpa,0.116 Mpa,0.116 Mpa,0.115 Mpa,0.117 Mpa,0.00630 Mpa,0.119 Mpa,0.119 Mpa,0.119 Mpa,0.119 Mpa,0 Mpa,0.126 Mpa,0.127 Mpa,0.130 Mpa,1.02 Mpa,0 Mpa,0.127 Mpa,0.129 Mpa,0.128 Mpa,0.128 Mpa,0 Mpa,0.116 Mpa,0.116 Mpa,0.118 Mpa,1.01 Mpa,0.00730 Mpa,0.120 Mpa,0.120 Mpa,0.989 Mpa,0.121 Mpa,0 Mpa,1652 RPM
2026-07-17 04:00:00,0.122 Mpa,0.123 Mpa,0.123 Mpa,0.123 Mpa,0 Mpa,0.121 Mpa,0.111 Mpa,0.121 Mpa,1.02 Mpa,0 Mpa,,,,,,0.113 Mpa,0.114 Mpa,0.113 Mpa,0.114 Mpa,,0.125 Mpa,0.123 Mpa,0.125 Mpa,0.124 Mpa,0 Mpa,0.113 Mpa,0.114 Mpa,0.111 Mpa,0.114 Mpa,0 Mpa,0.127 Mpa,0.126 Mpa,0.127 Mpa,0.126 Mpa,0 Mpa,0.118 Mpa,0.119 Mpa,0.121 Mpa,1.02 Mpa,0 Mpa,0.130 Mpa,0.134 Mpa,0.131 Mpa,0.132 Mpa,0.00429 Mpa,0.120 Mpa,0.120 Mpa,0.121 Mpa,1.01 Mpa,0.00385 Mpa,0.124 Mpa,0.124 Mpa,0.960 Mpa,0.126 Mpa,0.0122 Mpa,1690 RPM
2026-07-17 07:00:00,0.123 Mpa,0.124 Mpa,0.125 Mpa,0.125 Mpa,0 Mpa,0.124 Mpa,0.114 Mpa,0.123 Mpa,1.02 Mpa,0 Mpa,,,,,,0.132 Mpa,0.134 Mpa,0.132 Mpa,0.134 Mpa,,0.127 Mpa,0.125 Mpa,0.126 Mpa,0.126 Mpa,0 Mpa,0.116 Mpa,0.117 Mpa,0.115 Mpa,0.117 Mpa,0.00552 Mpa,0.131 Mpa,0.130 Mpa,0.130 Mpa,0.130 Mpa,0 Mpa,0.122 Mpa,0.123 Mpa,0.125 Mpa,1.02 Mpa,0 Mpa,0.127 Mpa,0.131 Mpa,0.128 Mpa,0.129 Mpa,0 Mpa,0.128 Mpa,0.127 Mpa,0.130 Mpa,1.02 Mpa,0 Mpa,0.123 Mpa,0.123 Mpa,0.964 Mpa,0.125 Mpa,0 Mpa,1785 RPM
2026-07-17 10:00:00,0.126 Mpa,0.126 Mpa,0.127 Mpa,0.127 Mpa,0 Mpa,0.124 Mpa,0.116 Mpa,0.124 Mpa,1.02 Mpa,0 Mpa,,,,,,0.129 Mpa,0.130 Mpa,0.128 Mpa,0.130 Mpa,,0.127 Mpa,0.124 Mpa,0.127 Mpa,0.125 Mpa,0 Mpa,0.115 Mpa,0.115 Mpa,0.114 Mpa,0.115 Mpa,0 Mpa,0.127 Mpa,0.125 Mpa,0.126 Mpa,0.125 Mpa,0.0116 Mpa,0.122 Mpa,0.122 Mpa,0.125 Mpa,1.02 Mpa,0 Mpa,0.129 Mpa,0.134 Mpa,0.131 Mpa,0.131 Mpa,0 Mpa,0.125 Mpa,0.124 Mpa,0.127 Mpa,1.01 Mpa,0.00438 Mpa,0.121 Mpa,0.122 Mpa,0.988 Mpa,0.123 Mpa,0.00377 Mpa,1713 RPM
2026-07-17 13:00:00,0.122 Mpa,0.123 Mpa,0.123 Mpa,0.123 Mpa,0.00813 Mpa,0.122 Mpa,0.111 Mpa,0.121 Mpa,1.02 Mpa,0 Mpa,,,,,,0.124 Mpa,0.127 Mpa,0.124 Mpa,0.126 Mpa,,0.128 Mpa,0.125 Mpa,0.127 Mpa,0.126 Mpa,0 Mpa,0.113 Mpa,0.114 Mpa,0.112 Mpa,0.115 Mpa,0.00907 Mpa,0.124 Mpa,0.123 Mpa,0.124 Mpa,0.123 Mpa,0.00794 Mpa,0.120 Mpa,0.121 Mpa,0.124 Mpa,1.02 Mpa,0 Mpa,0.127 Mpa,0.129 Mpa,0.128 Mpa,0.127 Mpa,0.0117 Mpa,0.125 Mpa,0.124 Mpa,0.127 Mpa,1.02 Mpa,0 Mpa,0.126 Mpa,0.126 Mpa,0.994 Mpa,0.128 Mpa,0 Mpa,1734 RPM
2026-07-17 16:00:00,0.119 Mpa,0.121 Mpa,0.120 Mpa,0.120 Mpa,0 Mpa,0.122 Mpa,0.111 Mpa,0.122 Mpa,1.02 Mpa,0 Mpa,0.100 Mpa,0.0976 Mpa,0.100 Mpa,0.0974 Mpa,0.143 Mpa,0.120 Mpa,0.124 Mpa,0.120 Mpa,0.123 Mpa,,0.121 Mpa,0.119 Mpa,0.121 Mpa,0.120 Mpa,0 Mpa,0.115 Mpa,0.116 Mpa,0.114 Mpa,0.116 Mpa,0 Mpa,0.127 Mpa,0.125 Mpa,0.126 Mpa,0.125 Mpa,0 Mpa,0.121 Mpa,0.123 Mpa,0.124 Mpa,1.02 Mpa,0 Mpa,0.125 Mpa,0.128 Mpa,0.126 Mpa,0.125 Mpa,0.00467 Mpa,0.122 Mpa,0.120 Mpa,0.123 Mpa,1.02 Mpa,0 Mpa,0.125 Mpa,0.126 Mpa,0.980 Mpa,0.127 Mpa,0.00376 Mpa,1725 RPM
2026-07-17 19:00:00,0.122 Mpa,0.123 Mpa,0.123 Mpa,0.123 Mpa,0 Mpa,0.124 Mpa,0.110 Mpa,0.123 Mpa,1.02 Mpa,0 Mpa,0.100 Mpa,0.0992 Mpa,0.102 Mpa,0.0988 Mpa,0.120 Mpa,0.116 Mpa,0.118 Mpa,0.116 Mpa,0.118 Mpa,,0.123 Mpa,0.121 Mpa,0.122 Mpa,0.122 Mpa,0 Mpa,0.116 Mpa,0.116 Mpa,0.115 Mpa,0.117 Mpa,0 Mpa,0.125 Mpa,0.123 Mpa,0.124 Mpa,0.123 Mpa,0 Mpa,0.122 Mpa,0.124 Mpa,0.126 Mpa,1.02 Mpa,0 Mpa,0.127 Mpa,0.130 Mpa,0.128 Mpa,0.128 Mpa,0 Mpa,0.120 Mpa,0.118 Mpa,0.121 Mpa,1.02 Mpa,0 Mpa,0.122 Mpa,0.123 Mpa,0.947 Mpa,0.124 Mpa,0 Mpa,1800 RPM
2026-07-17 22:00:00,0.121 Mpa,0.123 Mpa,0.123 Mpa,0.123 Mpa,0.00500 Mpa,0.119 Mpa,0.109 Mpa,0.120 Mpa,1.02 Mpa,0 Mpa,0.105 Mpa,0.103 Mpa,0.105 Mpa,0.103 Mpa,0 Mpa,0.121 Mpa,0.123 Mpa,0.121 Mpa,0.122 Mpa,,0.124 Mpa,0.121 Mpa,0.123 Mpa,0.122 Mpa,0.00457 Mpa,0.116 Mpa,0.116 Mpa,0.115 Mpa,0.117 Mpa,0 Mpa,0.118 Mpa,0.117 Mpa,0.118 Mpa,0.118 Mpa,0 Mpa,0.124 Mpa,0.125 Mpa,0.128 Mpa,1.02 Mpa,0 Mpa,0.124 Mpa,0.127 Mpa,0.126 Mpa,0.125 Mpa,0 Mpa,0.119 Mpa,0.118 Mpa,0.121 Mpa,1.01 Mpa,0.00647 Mpa,0.125 Mpa,0.125 Mpa,0.925 Mpa,0.126 Mpa,0 Mpa,1731 RPM
2026-07-18 01:00:00,0.125 Mpa,0.127 Mpa,0.127 Mpa,0.128 Mpa,0 Mpa,0.123 Mpa,0.113 Mpa,0.123 Mpa,1.01 Mpa,0.0111 Mpa,0.118 Mpa,0.116 Mpa,0.118 Mpa,0.116 Mpa,0 Mpa,0.122 Mpa,0.125 Mpa,0.121 Mpa,0.124 Mpa,,0.122 Mpa,0.120 Mpa,0.121 Mpa,0.120 Mpa,0.00173 Mpa,0.115 Mpa,0.116 Mpa,0.114 Mpa,0.117 Mpa,0.00512 Mpa,0.123 Mpa,0.122 Mpa,0.122 Mpa,0.122 Mpa,0 Mpa,0.122 Mpa,0.122 Mpa,0.125 Mpa,0.978 Mpa,0.0165 Mpa,0.127 Mpa,0.130 Mpa,0.128 Mpa,0.128 Mpa,0 Mpa,0.121 Mpa,0.120 Mpa,0.123 Mpa,1.02 Mpa,0 Mpa,0.120 Mpa,0.121 Mpa,0.986 Mpa,0.122 Mpa,0 Mpa,1697 RPM
2026-07-18 04:00:00,0.119 Mpa,0.121 Mpa,0.120 Mpa,0.120 Mpa,0 Mpa,0.123 Mpa,0.114 Mpa,0.123 Mpa,1.02 Mpa,0 Mpa,0.113 Mpa,0.111 Mpa,0.113 Mpa,0.110 Mpa,0 Mpa,0.118 Mpa,0.120 Mpa,0.118 Mpa,0.119 Mpa,,0.124 Mpa,0.122 Mpa,0.123 Mpa,0.123 Mpa,0 Mpa,0.113 Mpa,0.113 Mpa,0.111 Mpa,0.114 Mpa,0 Mpa,0.127 Mpa,0.126 Mpa,0.126 Mpa,0.126 Mpa,0.00619 Mpa,,,,,,0.125 Mpa,0.128 Mpa,0.126 Mpa,0.126 Mpa,0.00430 Mpa,0.121 Mpa,0.120 Mpa,0.122 Mpa,1.01 Mpa,0.00406 Mpa,0.120 Mpa,0.120 Mpa,0.983 Mpa,0.121 Mpa,0.0121 Mpa,1644 RPM
2026-07-18 07:00:00,0.124 Mpa,0.125 Mpa,0.126 Mpa,0.126 Mpa,0 Mpa,0.124 Mpa,0.115 Mpa,0.124 Mpa,1.02 Mpa,0 Mpa,0.120 Mpa,0.116 Mpa,0.120 Mpa,0.117 Mpa,0 Mpa,0.124 Mpa,0.126 Mpa,0.123 Mpa,0.125 Mpa,,0.129 Mpa,0.127 Mpa,0.129 Mpa,0.128 Mpa,0 Mpa,0.116 Mpa,0.117 Mpa,0.114 Mpa,0.118 Mpa,0 Mpa,0.128 Mpa,0.127 Mpa,0.127 Mpa,0.127 Mpa,0.00832 Mpa,,,,,,0.128 Mpa,0.130 Mpa,0.129 Mpa,0.128 Mpa,0 Mpa,0.128 Mpa,0.127 Mpa,0.130 Mpa,1.02 Mpa,0 Mpa,0.125 Mpa,0.126 Mpa,0.965 Mpa,0.127 Mpa,0 Mpa,1784 RPM
2026-07-18 10:00:00,0.125 Mpa,0.126 Mpa,0.127 Mpa,0.127 Mpa,0 Mpa,0.126 Mpa,0.117 Mpa,0.126 Mpa,1.02 Mpa,0 Mpa,0.123 Mpa,0.118 Mpa,0.122 Mpa,0.119 Mpa,0 Mpa,0.127 Mpa,0.130 Mpa,0.127 Mpa,0.130 Mpa,,0.128 Mpa,0.125 Mpa,0.127 Mpa,0.126 Mpa,0 Mpa,0.116 Mpa,0.116 Mpa,0.114 Mpa,0.116 Mpa,0.0150 Mpa,0.126 Mpa,0.125 Mpa,0.125 Mpa,0.126 Mpa,0 Mpa,0.113 Mpa,0.113 Mpa,0.114 Mpa,0.0302 Mpa,0.0215 Mpa,0.130 Mpa,0.132 Mpa,0.132 Mpa,0.129 Mpa,0 Mpa,0.127 Mpa,0.126 Mpa,0.129 Mpa,1.02 Mpa,0 Mpa,0.121 Mpa,0.122 Mpa,0.908 Mpa,0.124 Mpa,0.0163 Mpa,1697 RPM
2026-07-18 13:00:00,0.122 Mpa,0.123 Mpa,0.124 Mpa,0.124 Mpa,0.00889 Mpa,0.128 Mpa,0.118 Mpa,0.128 Mpa,1.02 Mpa,0 Mpa,0.121 Mpa,0.117 Mpa,0.120 Mpa,0.117 Mpa,0 Mpa,0.120 Mpa,0.123 Mpa,0.119 Mpa,0.122 Mpa,,0.122 Mpa,0.121 Mpa,0.121 Mpa,0.122 Mpa,0 Mpa,0.121 Mpa,0.121 Mpa,0.119 Mpa,0.122 Mpa,0 Mpa,0.131 Mpa,0.129 Mpa,0.130 Mpa,0.129 Mpa,0 Mpa,,,,,,0.131 Mpa,0.134 Mpa,0.134 Mpa,0.132 Mpa,0.00590 Mpa,0.122 Mpa,0.122 Mpa,0.124 Mpa,1.02 Mpa,0 Mpa,0.114 Mpa,0.114 Mpa,0.994 Mpa,0.114 Mpa,0 Mpa,1746 RPM
2026-07-18 16:00:00,0.116 Mpa,0.118 Mpa,0.118 Mpa,0.118 Mpa,0 Mpa,0.127 Mpa,0.115 Mpa,0.126 Mpa,1.02 Mpa,0 Mpa,0.118 Mpa,0.115 Mpa,0.118 Mpa,0.115 Mpa,0 Mpa,0.118 Mpa,0.120 Mpa,0.118 Mpa,0.119 Mpa,,0.124 Mpa,0.122 Mpa,0.124 Mpa,0.123 Mpa,0 Mpa,0.115 Mpa,0.115 Mpa,0.113 Mpa,0.116 Mpa,0 Mpa,0.130 Mpa,0.128 Mpa,0.129 Mpa,0.128 Mpa,0 Mpa,,,,,,0.129 Mpa,0.132 Mpa,0.130 Mpa,0.129 Mpa,0 Mpa,0.123 Mpa,0.123 Mpa,0.126 Mpa,1.02 Mpa,0 Mpa,0.121 Mpa,0.121 Mpa,0.947 Mpa,0.122 Mpa,0 Mpa,1721 RPM
2026-07-18 19:00:00,0.122 Mpa,0.124 Mpa,0.123 Mpa,0.124 Mpa,0.00432 Mpa,0.130 Mpa,0.119 Mpa,0.130 Mpa,1.02 Mpa,0 Mpa,0.120 Mpa,0.117 Mpa,0.120 Mpa,0.117 Mpa,0.00254 Mpa,0.121 Mpa,0.124 Mpa,0.120 Mpa,0.122 Mpa,,0.122 Mpa,0.120 Mpa,0.121 Mpa,0.121 Mpa,0 Mpa,0.121 Mpa,0.120 Mpa,0.119 Mpa,0.122 Mpa,0 Mpa,0.127 Mpa,0.126 Mpa,0.126 Mpa,0.126 Mpa,0 Mpa,,,,,,0.128 Mpa,0.132 Mpa,0.129 Mpa,0.129 Mpa,0 Mpa,0.123 Mpa,0.123 Mpa,0.125 Mpa,1.02 Mpa,0 Mpa,0.119 Mpa,0.118 Mpa,0.977 Mpa,0.119 Mpa,0.0115 Mpa,1776 RPM
2026-07-18 22:00:00,0.119 Mpa,0.121 Mpa,0.120 Mpa,0.120 Mpa,0 Mpa,0.125 Mpa,0.117 Mpa,0.125 Mpa,1.02 Mpa,0 Mpa,0.120 Mpa,0.117 Mpa,0.120 Mpa,0.117 Mpa,0 Mpa,0.120 Mpa,0.123 Mpa,0.119 Mpa,0.122 Mpa,,0.124 Mpa,0.122 Mpa,0.123 Mpa,0.123 Mpa,0.00736 Mpa,0.120 Mpa,0.120 Mpa,0.119 Mpa,0.121 Mpa,0 Mpa,0.131 Mpa,0.129 Mpa,0.130 Mpa,0.128 Mpa,0 Mpa,,,,,,0.130 Mpa,0.133 Mpa,0.131 Mpa,0.130 Mpa,0 Mpa,0.121 Mpa,0.120 Mpa,0.123 Mpa,1.01 Mpa,0.00395 Mpa,0.121 Mpa,0.121 Mpa,0.988 Mpa,0.122 Mpa,0 Mpa,1747 RPM
2026-07-19 01:00:00,0.121 Mpa,0.123 Mpa,0.122 Mpa,0.123 Mpa,0 Mpa,0.124 Mpa,0.112 Mpa,0.124 Mpa,1.01 Mpa,0.00480 Mpa,,,,,,0.122 Mpa,0.125 Mpa,0.121 Mpa,0.123 Mpa,,0.123 Mpa,0.121 Mpa,0.122 Mpa,0.122 Mpa,0 Mpa,0.117 Mpa,0.117 Mpa,0.115 Mpa,0.117 Mpa,0 Mpa,0.128 Mpa,0.125 Mpa,0.127 Mpa,0.125 Mpa,0 Mpa,0.115 Mpa,0.115 Mpa,0.116 Mpa,0.114 Mpa,0.0167 Mpa,0.127 Mpa,0.130 Mpa,0.128 Mpa,0.127 Mpa,0 Mpa,0.128 Mpa,0.127 Mpa,0.130 Mpa,1.01 Mpa,0.00446 Mpa,0.119 Mpa,0.119 Mpa,0.986 Mpa,0.120 Mpa,0 Mpa,1707 RPM
2026-07-19 04:00:00,0.118 Mpa,0.119 Mpa,0.120 Mpa,0.119 Mpa,0 Mpa,0.120 Mpa,0.108 Mpa,0.120 Mpa,1.02 Mpa,0 Mpa,0.119 Mpa,0.117 Mpa,0.120 Mpa,0.116 Mpa,0 Mpa,0.125 Mpa,0.127 Mpa,0.124 Mpa,0.126 Mpa,,0.124 Mpa,0.122 Mpa,0.124 Mpa,0.123 Mpa,0 Mpa,0.113 Mpa,0.113 Mpa,0.112 Mpa,0.114 Mpa,0 Mpa,0.122 Mpa,0.121 Mpa,0.122 Mpa,0.121 Mpa,0.00473 Mpa,0.129 Mpa,0.129 Mpa,0.131 Mpa,0.119 Mpa,0 Mpa,0.128 Mpa,0.131 Mpa,0.130 Mpa,0.128 Mpa,0 Mpa,0.127 Mpa,0.126 Mpa,0.129 Mpa,1.02 Mpa,0 Mpa,0.120 Mpa,0.120 Mpa,0.940 Mpa,0.121 Mpa,0.00314 Mpa,1664 RPM
2026-07-19 07:00:00,0.126 Mpa,0.127 Mpa,0.128 Mpa,0.127 Mpa,0 Mpa,0.122 Mpa,0.111 Mpa,0.122 Mpa,1.02 Mpa,0 Mpa,0.119 Mpa,0.116 Mpa,0.119 Mpa,0.116 Mpa,0 Mpa,0.119 Mpa,0.121 Mpa,0.119 Mpa,0.120 Mpa,,0.125 Mpa,0.123 Mpa,0.125 Mpa,0.124 Mpa,0 Mpa,0.116 Mpa,0.116 Mpa,0.114 Mpa,0.117 Mpa,0 Mpa,0.129 Mpa,0.128 Mpa,0.128 Mpa,0.128 Mpa,0 Mpa,0.128 Mpa,0.128 Mpa,0.132 Mpa,0.126 Mpa,0 Mpa,0.126 Mpa,0.128 Mpa,0.127 Mpa,0.126 Mpa,0 Mpa,0.130 Mpa,0.129 Mpa,0.132 Mpa,1.02 Mpa,0 Mpa,0.124 Mpa,0.124 Mpa,0.993 Mpa,0.126 Mpa,0 Mpa,1792 RPM
2026-07-19 10:00:00,0.124 Mpa,0.126 Mpa,0.126 Mpa,0.126 Mpa,0 Mpa,0.125 Mpa,0.111 Mpa,0.126 Mpa,1.02 Mpa,0 Mpa,0.115 Mpa,0.111 Mpa,0.115 Mpa,0.111 Mpa,0 Mpa,0.118 Mpa,0.120 Mpa,0.117 Mpa,0.119 Mpa,,0.123 Mpa,0.121 Mpa,0.122 Mpa,0.121 Mpa,0.00720 Mpa,0.116 Mpa,0.116 Mpa,0.114 Mpa,0.117 Mpa,0.00441 Mpa,0.129 Mpa,0.128 Mpa,0.128 Mpa,0.128 Mpa,0.00384 Mpa,0.126 Mpa,0.126 Mpa,0.129 Mpa,0.124 Mpa,0.00684 Mpa,0.130 Mpa,0.131 Mpa,0.131 Mpa,0.129 Mpa,0 Mpa,0.129 Mpa,0.128 Mpa,0.131 Mpa,1.02 Mpa,0 Mpa,0.124 Mpa,0.124 Mpa,0.997 Mpa,0.125 Mpa,0.00726 Mpa,1708 RPM
2026-07-19 13:00:00,0.123 Mpa,0.125 Mpa,0.125 Mpa,0.125 Mpa,0.00595 Mpa,0.125 Mpa,0.106 Mpa,0.125 Mpa,1.02 Mpa,0 Mpa,0.115 Mpa,0.112 Mpa,0.114 Mpa,0.112 Mpa,0 Mpa,0.118 Mpa,0.121 Mpa,0.118 Mpa,0.119 Mpa,,0.122 Mpa,0.120 Mpa,0.121 Mpa,0.120 Mpa,0 Mpa,0.111 Mpa,0.111 Mpa,0.109 Mpa,0.111 Mpa,0 Mpa,0.129 Mpa,0.128 Mpa,0.128 Mpa,0.128 Mpa,0 Mpa,0.125 Mpa,0.125 Mpa,0.128 Mpa,0.124 Mpa,0 Mpa,0.129 Mpa,0.131 Mpa,0.131 Mpa,0.129 Mpa,0.00979 Mpa,0.125 Mpa,0.124 Mpa,0.127 Mpa,1.02 Mpa,0 Mpa,0.122 Mpa,0.122 Mpa,1.01 Mpa,0.124 Mpa,0 Mpa,1761 RPM
2026-07-19 16:00:00,0.118 Mpa,0.120 Mpa,0.120 Mpa,0.120 Mpa,0 Mpa,0.124 Mpa,0.102 Mpa,0.125 Mpa,1.02 Mpa,0 Mpa,0.116 Mpa,0.112 Mpa,0.116 Mpa,0.113 Mpa,0 Mpa,0.122 Mpa,0.125 Mpa,0.120 Mpa,0.123 Mpa,,0.120 Mpa,0.117 Mpa,0.119 Mpa,0.118 Mpa,0 Mpa,0.115 Mpa,0.115 Mpa,0.114 Mpa,0.116 Mpa,0.00483 Mpa,0.126 Mpa,0.124 Mpa,0.124 Mpa,0.124 Mpa,0 Mpa,0.128 Mpa,0.128 Mpa,0.132 Mpa,0.462 Mpa,0 Mpa,0.125 Mpa,0.127 Mpa,0.126 Mpa,0.124 Mpa,0.00439 Mpa,0.123 Mpa,0.122 Mpa,0.125 Mpa,1.01 Mpa,0.00393 Mpa,0.119 Mpa,0.120 Mpa,0.988 Mpa,0.121 Mpa,0.0177 Mpa,1779 RPM
2026-07-19 19:00:00,0.127 Mpa,0.128 Mpa,0.129 Mpa,0.128 Mpa,0.00219 Mpa,0.124 Mpa,0.107 Mpa,0.123 Mpa,1.02 Mpa,0 Mpa,0.121 Mpa,0.118 Mpa,0.121 Mpa,0.118 Mpa,0 Mpa,0.123 Mpa,0.126 Mpa,0.122 Mpa,0.124 Mpa,,0.127 Mpa,0.124 Mpa,0.126 Mpa,0.125 Mpa,0 Mpa,0.117 Mpa,0.117 Mpa,0.116 Mpa,0.118 Mpa,0 Mpa,0.127 Mpa,0.124 Mpa,0.125 Mpa,0.124 Mpa,0 Mpa,0.123 Mpa,0.125 Mpa,0.126 Mpa,0.847 Mpa,0 Mpa,0.129 Mpa,0.131 Mpa,0.131 Mpa,0.129 Mpa,0 Mpa,0.119 Mpa,0.118 Mpa,0.120 Mpa,1.02 Mpa,0 Mpa,0.121 Mpa,0.121 Mpa,1.01 Mpa,0.122 Mpa,0 Mpa,1780 RPM
2026-07-19 22:00:00,0.123 Mpa,0.125 Mpa,0.124 Mpa,0.124 Mpa,0.00212 Mpa,0.120 Mpa,0.102 Mpa,0.120 Mpa,1.02 Mpa,0 Mpa,0.117 Mpa,0.114 Mpa,0.117 Mpa,0.114 Mpa,0 Mpa,0.122 Mpa,0.125 Mpa,0.120 Mpa,0.123 Mpa,,0.125 Mpa,0.123 Mpa,0.125 Mpa,0.123 Mpa,0.00628 Mpa,0.120 Mpa,0.119 Mpa,0.119 Mpa,0.121 Mpa,0 Mpa,0.125 Mpa,0.124 Mpa,0.124 Mpa,0.124 Mpa,0 Mpa,0.125 Mpa,0.125 Mpa,0.129 Mpa,0.736 Mpa,0.00421 Mpa,0.123 Mpa,0.125 Mpa,0.125 Mpa,0.123 Mpa,0 Mpa,0.118 Mpa,0.117 Mpa,0.119 Mpa,1.01 Mpa,0 Mpa,0.120 Mpa,0.120 Mpa,1.02 Mpa,0.121 Mpa,0 Mpa,1695 RPM
2026-07-20 01:00:00,0.123 Mpa,0.125 Mpa,0.124 Mpa,0.125 Mpa,0 Mpa,0.122 Mpa,0.100 Mpa,0.122 Mpa,1.01 Mpa,0.00552 Mpa,0.117 Mpa,0.114 Mpa,0.117 Mpa,0.113 Mpa,0.0155 Mpa,0.120 Mpa,0.123 Mpa,0.119 Mpa,0.121 Mpa,,0.111 Mpa,0.110 Mpa,0.111 Mpa,0.111 Mpa,0 Mpa,0.118 Mpa,0.118 Mpa,0.117 Mpa,0.119 Mpa,0 Mpa,0.131 Mpa,0.129 Mpa,0.130 Mpa,0.129 Mpa,0 Mpa,0.118 Mpa,0.118 Mpa,0.120 Mpa,0.692 Mpa,0.0232 Mpa,0.122 Mpa,0.124 Mpa,0.124 Mpa,0.122 Mpa,0.00899 Mpa,0.118 Mpa,0.117 Mpa,0.120 Mpa,1.02 Mpa,0 Mpa,0.121 Mpa,0.121 Mpa,0.959 Mpa,0.123 Mpa,0 Mpa,1710 RPM
2026-07-20 04:00:00,0.122 Mpa,0.123 Mpa,0.124 Mpa,0.123 Mpa,0 Mpa,0.122 Mpa,0.0977 Mpa,0.122 Mpa,1.01 Mpa,0.00901 Mpa,0.116 Mpa,0.113 Mpa,0.117 Mpa,0.113 Mpa,0 Mpa,0.118 Mpa,0.121 Mpa,0.117 Mpa,0.120 Mpa,,0.114 Mpa,0.112 Mpa,0.114 Mpa,0.114 Mpa,0 Mpa,0.115 Mpa,0.115 Mpa,0.114 Mpa,0.116 Mpa,0 Mpa,0.127 Mpa,0.125 Mpa,0.125 Mpa,0.125 Mpa,0 Mpa,0.123 Mpa,0.122 Mpa,0.125 Mpa,0.534 Mpa,0 Mpa,,,,,,0.122 Mpa,0.121 Mpa,0.124 Mpa,1.02 Mpa,0 Mpa,0.118 Mpa,0.117 Mpa,0.958 Mpa,0.118 Mpa,0.00437 Mpa,1675 RPM
2026-07-20 07:00:00,0.123 Mpa,0.124 Mpa,0.125 Mpa,0.124 Mpa,0 Mpa,0.120 Mpa,0.106 Mpa,0.120 Mpa,1.02 Mpa,0 Mpa,0.119 Mpa,0.115 Mpa,0.119 Mpa,0.115 Mpa,0 Mpa,0.123 Mpa,0.126 Mpa,0.122 Mpa,0.124 Mpa,,0.112 Mpa,0.110 Mpa,0.112 Mpa,0.111 Mpa,0 Mpa,0.114 Mpa,0.113 Mpa,0.112 Mpa,0.114 Mpa,0 Mpa,0.127 Mpa,0.126 Mpa,0.126 Mpa,0.126 Mpa,0 Mpa,0.126 Mpa,0.127 Mpa,0.130 Mpa,0.876 Mpa,0 Mpa,0.113 Mpa,0.114 Mpa,0.113 Mpa,0.114 Mpa,0.0200 Mpa,0.122 Mpa,0.122 Mpa,0.124 Mpa,1.02 Mpa,0 Mpa,0.121 Mpa,0.120 Mpa,0.979 Mpa,0.122 Mpa,0 Mpa,1772 RPM
2026-07-20 10:00:00,0.121 Mpa,0.123 Mpa,0.123 Mpa,0.123 Mpa,0 Mpa,0.121 Mpa,0.100 Mpa,0.120 Mpa,1.02 Mpa,0 Mpa,0.118 Mpa,0.114 Mpa,0.117 Mpa,0.113 Mpa,0 Mpa,0.123 Mpa,0.125 Mpa,0.122 Mpa,0.124 Mpa,,0.111 Mpa,0.109 Mpa,0.110 Mpa,0.110 Mpa,0.00525 Mpa,0.113 Mpa,0.113 Mpa,0.111 Mpa,0.114 Mpa,0.00562 Mpa,0.129 Mpa,0.128 Mpa,0.128 Mpa,0.128 Mpa,0.00852 Mpa,0.125 Mpa,0.125 Mpa,0.128 Mpa,0.789 Mpa,0.00411 Mpa,0.140 Mpa,0.144 Mpa,0.142 Mpa,0.141 Mpa,0 Mpa,0.119 Mpa,0.119 Mpa,0.121 Mpa,1.02 Mpa,0 Mpa,0.119 Mpa,0.119 Mpa,0.936 Mpa,0.121 Mpa,0.0221 Mpa,1720 RPM
2026-07-20 13:00:00,0.124 Mpa,0.125 Mpa,0.126 Mpa,0.126 Mpa,0.00668 Mpa,0.123 Mpa,0.101 Mpa,0.123 Mpa,1.02 Mpa,0 Mpa,0.117 Mpa,0.113 Mpa,0.116 Mpa,0.113 Mpa,0 Mpa,0.122 Mpa,0.126 Mpa,0.121 Mpa,0.124 Mpa,,0.105 Mpa,0.104 Mpa,0.102 Mpa,0.104 Mpa,0.0542 Mpa,0.112 Mpa,0.112 Mpa,0.111 Mpa,0.113 Mpa,0.00602 Mpa,0.128 Mpa,0.126 Mpa,0.126 Mpa,0.126 Mpa,0 Mpa,0.123 Mpa,0.123 Mpa,0.126 Mpa,0.872 Mpa,0 Mpa,0.135 Mpa,0.137 Mpa,0.136 Mpa,0.134 Mpa,0 Mpa,0.123 Mpa,0.122 Mpa,0.125 Mpa,1.02 Mpa,0 Mpa,0.109 Mpa,0.109 Mpa,0.108 Mpa,0.111 Mpa,0 Mpa,1704 RPM
2026-07-20 16:00:00,0.111 Mpa,0.112 Mpa,0.113 Mpa,0.112 Mpa,0.0240 Mpa,0.122 Mpa,0.115 Mpa,0.122 Mpa,1.02 Mpa,0 Mpa,0.110 Mpa,0.107 Mpa,0.110 Mpa,0.107 Mpa,0.0104 Mpa,0.111 Mpa,0.114 Mpa,0.111 Mpa,0.113 Mpa,,0.102 Mpa,0.102 Mpa,0.101 Mpa,0.102 Mpa,0 Mpa,0.105 Mpa,0.106 Mpa,0.103 Mpa,0.106 Mpa,0.0152 Mpa,0.118 Mpa,0.118 Mpa,0.118 Mpa,0.118 Mpa,0.254 Mpa,0.109 Mpa,0.109 Mpa,0.110 Mpa,0.137 Mpa,0.00589 Mpa,0.131 Mpa,0.133 Mpa,0.132 Mpa,0.130 Mpa,0.00421 Mpa,0.120 Mpa,0.118 Mpa,0.122 Mpa,1.02 Mpa,0 Mpa,0.112 Mpa,0.112 Mpa,0.112 Mpa,0.114 Mpa,0 Mpa,1398 RPM
2026-07-20 19:00:00,0.124 Mpa,0.125 Mpa,0.124 Mpa,0.125 Mpa,0 Mpa,0.122 Mpa,0.106 Mpa,0.122 Mpa,1.02 Mpa,0 Mpa,0.118 Mpa,0.115 Mpa,0.118 Mpa,0.115 Mpa,0.00802 Mpa,0.124 Mpa,0.128 Mpa,0.124 Mpa,0.127 Mpa,,0.115 Mpa,0.114 Mpa,0.115 Mpa,0.114 Mpa,0 Mpa,0.118 Mpa,0.119 Mpa,0.117 Mpa,0.120 Mpa,0 Mpa,0.123 Mpa,0.122 Mpa,0.123 Mpa,0.123 Mpa,0 Mpa,0.112 Mpa,0.112 Mpa,0.113 Mpa,0.828 Mpa,0.00528 Mpa,0.125 Mpa,0.127 Mpa,0.126 Mpa,0.125 Mpa,0 Mpa,0.124 Mpa,0.123 Mpa,0.126 Mpa,1.02 Mpa,0 Mpa,0.121 Mpa,0.119 Mpa,0.120 Mpa,0.121 Mpa,0 Mpa,1718 RPM
2026-07-20 22:00:00,0.123 Mpa,0.124 Mpa,0.124 Mpa,0.124 Mpa,0.00463 Mpa,0.121 Mpa,0.106 Mpa,0.121 Mpa,1.02 Mpa,0 Mpa,0.115 Mpa,0.112 Mpa,0.115 Mpa,0.111 Mpa,0.00739 Mpa,0.123 Mpa,0.125 Mpa,0.122 Mpa,0.124 Mpa,,0.115 Mpa,0.113 Mpa,0.115 Mpa,0.114 Mpa,0.00569 Mpa,0.119 Mpa,0.119 Mpa,0.118 Mpa,0.120 Mpa,0 Mpa,0.127 Mpa,0.127 Mpa,0.127 Mpa,0.127 Mpa,0 Mpa,0.119 Mpa,0.120 Mpa,0.122 Mpa,0.962 Mpa,0 Mpa,0.128 Mpa,0.130 Mpa,0.130 Mpa,0.128 Mpa,0 Mpa,0.118 Mpa,0.117 Mpa,0.119 Mpa,1.01 Mpa,0.00400 Mpa,0.121 Mpa,0.120 Mpa,0.120 Mpa,0.121 Mpa,0 Mpa,1641 RPM
2026-07-21 01:00:00,0.120 Mpa,0.121 Mpa,0.121 Mpa,0.121 Mpa,0 Mpa,0.120 Mpa,0.105 Mpa,0.121 Mpa,1.01 Mpa,0.0126 Mpa,0.121 Mpa,0.118 Mpa,0.122 Mpa,0.118 Mpa,0 Mpa,0.118 Mpa,0.121 Mpa,0.118 Mpa,0.120 Mpa,,0.116 Mpa,0.114 Mpa,0.115 Mpa,0.114 Mpa,0 Mpa,0.119 Mpa,0.119 Mpa,0.118 Mpa,0.120 Mpa,0 Mpa,0.126 Mpa,0.125 Mpa,0.125 Mpa,0.125 Mpa,0 Mpa,0.119 Mpa,0.120 Mpa,0.122 Mpa,0.981 Mpa,0 Mpa,0.125 Mpa,0.126 Mpa,0.127 Mpa,0.124 Mpa,0 Mpa,0.127 Mpa,0.127 Mpa,0.129 Mpa,1.02 Mpa,0 Mpa,0.120 Mpa,0.119 Mpa,0.119 Mpa,0.120 Mpa,0 Mpa,1704 RPM
2026-07-21 04:00:00,0.120 Mpa,0.122 Mpa,0.122 Mpa,0.122 Mpa,0 Mpa,0.121 Mpa,0.105 Mpa,0.121 Mpa,1.01 Mpa,0.00544 Mpa,0.117 Mpa,0.113 Mpa,0.117 Mpa,0.113 Mpa,0 Mpa,0.118 Mpa,0.120 Mpa,0.118 Mpa,0.119 Mpa,,0.114 Mpa,0.112 Mpa,0.113 Mpa,0.113 Mpa,0 Mpa,0.110 Mpa,0.110 Mpa,0.108 Mpa,0.110 Mpa,0 Mpa,0.122 Mpa,0.122 Mpa,0.122 Mpa,0.122 Mpa,0 Mpa,0.120 Mpa,0.121 Mpa,0.123 Mpa,1.01 Mpa,0.0124 Mpa,0.128 Mpa,0.130 Mpa,0.129 Mpa,0.128 Mpa,0.00449 Mpa,0.127 Mpa,0.126 Mpa,0.129 Mpa,1.01 Mpa,0.00420 Mpa,0.119 Mpa,0.119 Mpa,0.118 Mpa,0.120 Mpa,0 Mpa,1627 RPM
2026-07-21 07:00:00,0.122 Mpa,0.124 Mpa,0.124 Mpa,0.124 Mpa,0 Mpa,0.130 Mpa,0.116 Mpa,0.129 Mpa,1.02 Mpa,0 Mpa,0.120 Mpa,0.117 Mpa,0.121 Mpa,0.117 Mpa,0 Mpa,0.120 Mpa,0.123 Mpa,0.120 Mpa,0.121 Mpa,,0.110 Mpa,0.108 Mpa,0.109 Mpa,0.109 Mpa,0 Mpa,0.122 Mpa,0.122 Mpa,0.120 Mpa,0.123 Mpa,0 Mpa,0.125 Mpa,0.123 Mpa,0.124 Mpa,0.124 Mpa,0 Mpa,0.121 Mpa,0.121 Mpa,0.122 Mpa,0.953 Mpa,0.00508 Mpa,0.124 Mpa,0.126 Mpa,0.126 Mpa,0.124 Mpa,0 Mpa,0.125 Mpa,0.123 Mpa,0.127 Mpa,1.02 Mpa,0 Mpa,0.122 Mpa,0.121 Mpa,0.121 Mpa,0.123 Mpa,0 Mpa,1680 RPM
2026-07-21 10:00:00,0.122 Mpa,0.123 Mpa,0.124 Mpa,0.123 Mpa,0 Mpa,0.126 Mpa,0.111 Mpa,0.126 Mpa,1.02 Mpa,0 Mpa,0.120 Mpa,0.116 Mpa,0.120 Mpa,0.116 Mpa,0 Mpa,0.123 Mpa,0.126 Mpa,0.123 Mpa,0.124 Mpa,,0.116 Mpa,0.114 Mpa,0.116 Mpa,0.115 Mpa,0 Mpa,0.110 Mpa,0.110 Mpa,0.109 Mpa,0.111 Mpa,0.0291 Mpa,0.127 Mpa,0.126 Mpa,0.127 Mpa,0.126 Mpa,0.00379 Mpa,0.127 Mpa,0.128 Mpa,0.130 Mpa,1.00 Mpa,0.00422 Mpa,0.123 Mpa,0.125 Mpa,0.125 Mpa,0.123 Mpa,0 Mpa,0.122 Mpa,0.122 Mpa,0.124 Mpa,1.02 Mpa,0 Mpa,0.121 Mpa,0.121 Mpa,0.154 Mpa,0.122 Mpa,0.0302 Mpa,1668 RPM
2026-07-21 13:00:00,0.122 Mpa,0.123 Mpa,0.124 Mpa,0.123 Mpa,0 Mpa,0.116 Mpa,0.111 Mpa,0.116 Mpa,1.01 Mpa,0.0165 Mpa,0.118 Mpa,0.115 Mpa,0.118 Mpa,0.115 Mpa,0 Mpa,0.124 Mpa,0.127 Mpa,0.124 Mpa,0.125 Mpa,,0.113 Mpa,0.112 Mpa,0.113 Mpa,0.113 Mpa,0 Mpa,0.122 Mpa,0.122 Mpa,0.120 Mpa,0.123 Mpa,0 Mpa,0.123 Mpa,0.123 Mpa,0.123 Mpa,0.123 Mpa,0.0162 Mpa,0.124 Mpa,0.124 Mpa,0.126 Mpa,1.01 Mpa,0 Mpa,0.129 Mpa,0.132 Mpa,0.131 Mpa,0.129 Mpa,0 Mpa,0.121 Mpa,0.119 Mpa,0.122 Mpa,1.01 Mpa,0.00597 Mpa,0.124 Mpa,0.124 Mpa,0.179 Mpa,0.125 Mpa,0.00491 Mpa,1665 RPM
2026-07-21 16:00:00,0.114 Mpa,0.115 Mpa,0.115 Mpa,0.115 Mpa,0 Mpa,0.120 Mpa,0.0991 Mpa,0.120 Mpa,1.02 Mpa,0 Mpa,0.115 Mpa,0.111 Mpa,0.115 Mpa,0.112 Mpa,0 Mpa,0.116 Mpa,0.118 Mpa,0.116 Mpa,0.118 Mpa,,0.113 Mpa,0.111 Mpa,0.112 Mpa,0.112 Mpa,0 Mpa,0.108 Mpa,0.109 Mpa,0.107 Mpa,0.110 Mpa,0 Mpa,0.120 Mpa,0.119 Mpa,0.120 Mpa,0.119 Mpa,0 Mpa,0.121 Mpa,0.122 Mpa,0.125 Mpa,1.01 Mpa,0 Mpa,0.122 Mpa,0.125 Mpa,0.123 Mpa,0.123 Mpa,0.00435 Mpa,0.120 Mpa,0.119 Mpa,0.122 Mpa,1.01 Mpa,0.00399 Mpa,0.127 Mpa,0.127 Mpa,0.128 Mpa,0.128 Mpa,0 Mpa,1578 RPM
2026-07-21 19:00:00,0.120 Mpa,0.122 Mpa,0.122 Mpa,0.122 Mpa,0 Mpa,0.121 Mpa,0.102 Mpa,0.121 Mpa,1.02 Mpa,0 Mpa,0.118 Mpa,0.114 Mpa,0.118 Mpa,0.114 Mpa,0 Mpa,0.119 Mpa,0.121 Mpa,0.118 Mpa,0.120 Mpa,,0.108 Mpa,0.107 Mpa,0.106 Mpa,0.108 Mpa,0 Mpa,0.110 Mpa,0.111 Mpa,0.109 Mpa,0.111 Mpa,0 Mpa,0.125 Mpa,0.124 Mpa,0.125 Mpa,0.124 Mpa,0 Mpa,0.125 Mpa,0.126 Mpa,0.128 Mpa,1.01 Mpa,0 Mpa,0.127 Mpa,0.130 Mpa,0.128 Mpa,0.128 Mpa,0 Mpa,0.127 Mpa,0.126 Mpa,0.129 Mpa,1.02 Mpa,0 Mpa,0.128 Mpa,0.127 Mpa,0.128 Mpa,0.129 Mpa,0 Mpa,1683 RPM
2026-07-21 22:00:00,0.112 Mpa,0.114 Mpa,0.114 Mpa,0.114 Mpa,0.00339 Mpa,0.127 Mpa,0.103 Mpa,0.127 Mpa,1.01 Mpa,0.00603 Mpa,0.120 Mpa,0.116 Mpa,0.119 Mpa,0.116 Mpa,0.0156 Mpa,0.121 Mpa,0.123 Mpa,0.120 Mpa,0.121 Mpa,,,,,,,0.116 Mpa,0.116 Mpa,0.115 Mpa,0.117 Mpa,0 Mpa,0.128 Mpa,0.127 Mpa,0.127 Mpa,0.126 Mpa,0 Mpa,0.126 Mpa,0.126 Mpa,0.129 Mpa,1.01 Mpa,0.0132 Mpa,0.128 Mpa,0.132 Mpa,0.130 Mpa,0.129 Mpa,0.00643 Mpa,0.124 Mpa,0.123 Mpa,0.126 Mpa,1.02 Mpa,0 Mpa,0.127 Mpa,0.127 Mpa,0.127 Mpa,0.128 Mpa,0 Mpa,1727 RPM
2026-07-22 01:00:00,0.120 Mpa,0.121 Mpa,0.121 Mpa,0.121 Mpa,0 Mpa,0.120 Mpa,0.107 Mpa,0.121 Mpa,1.02 Mpa,0 Mpa,0.117 Mpa,0.114 Mpa,0.118 Mpa,0.114 Mpa,0.00626 Mpa,0.125 Mpa,0.127 Mpa,0.125 Mpa,0.126 Mpa,,0.115 Mpa,0.114 Mpa,0.115 Mpa,0.115 Mpa,0 Mpa,0.113 Mpa,0.114 Mpa,0.112 Mpa,0.115 Mpa,0 Mpa,0.126 Mpa,0.125 Mpa,0.125 Mpa,0.125 Mpa,0 Mpa,0.124 Mpa,0.125 Mpa,0.128 Mpa,1.02 Mpa,0 Mpa,0.126 Mpa,0.130 Mpa,0.127 Mpa,0.127 Mpa,0 Mpa,0.118 Mpa,0.117 Mpa,0.120 Mpa,1.01 Mpa,0.0119 Mpa,0.123 Mpa,0.123 Mpa,0.124 Mpa,0.125 Mpa,0 Mpa,1736 RPM
2026-07-22 04:00:00,0.110 Mpa,0.112 Mpa,0.110 Mpa,0.110 Mpa,0 Mpa,0.124 Mpa,0.110 Mpa,0.124 Mpa,1.01 Mpa,0.00466 Mpa,0.120 Mpa,0.116 Mpa,0.120 Mpa,0.116 Mpa,0 Mpa,0.121 Mpa,0.124 Mpa,0.120 Mpa,0.122 Mpa,,0.115 Mpa,0.114 Mpa,0.115 Mpa,0.115 Mpa,0 Mpa,0.112 Mpa,0.112 Mpa,0.110 Mpa,0.112 Mpa,0 Mpa,0.123 Mpa,0.122 Mpa,0.123 Mpa,0.122 Mpa,0 Mpa,0.123 Mpa,0.124 Mpa,0.126 Mpa,1.02 Mpa,0 Mpa,0.126 Mpa,0.128 Mpa,0.127 Mpa,0.126 Mpa,0.00407 Mpa,0.121 Mpa,0.121 Mpa,0.123 Mpa,1.01 Mpa,0.00399 Mpa,0.123 Mpa,0.123 Mpa,0.124 Mpa,0.124 Mpa,0.00318 Mpa,1673 RPM
2026-07-22 07:00:00,0.126 Mpa,0.127 Mpa,0.127 Mpa,0.127 Mpa,0 Mpa,0.124 Mpa,0.106 Mpa,0.124 Mpa,1.02 Mpa,0 Mpa,0.124 Mpa,0.120 Mpa,0.124 Mpa,0.120 Mpa,0 Mpa,0.120 Mpa,0.123 Mpa,0.119 Mpa,0.121 Mpa,,0.115 Mpa,0.114 Mpa,0.115 Mpa,0.115 Mpa,0 Mpa,0.114 Mpa,0.114 Mpa,0.113 Mpa,0.115 Mpa,0 Mpa,0.124 Mpa,0.123 Mpa,0.123 Mpa,0.123 Mpa,0 Mpa,0.125 Mpa,0.126 Mpa,0.128 Mpa,1.02 Mpa,0 Mpa,0.125 Mpa,0.127 Mpa,0.126 Mpa,0.125 Mpa,0 Mpa,0.120 Mpa,0.120 Mpa,0.123 Mpa,1.02 Mpa,0 Mpa,0.125 Mpa,0.126 Mpa,0.126 Mpa,0.127 Mpa,0.0118 Mpa,1716 RPM
2026-07-22 10:00:00,0.124 Mpa,0.126 Mpa,0.126 Mpa,0.126 Mpa,0 Mpa,0.127 Mpa,0.112 Mpa,0.127 Mpa,1.02 Mpa,0 Mpa,0.122 Mpa,0.118 Mpa,0.122 Mpa,0.118 Mpa,0 Mpa,0.124 Mpa,0.126 Mpa,0.123 Mpa,0.125 Mpa,,0.111 Mpa,0.110 Mpa,0.111 Mpa,0.111 Mpa,0.00586 Mpa,0.117 Mpa,0.117 Mpa,0.115 Mpa,0.118 Mpa,0 Mpa,0.127 Mpa,0.125 Mpa,0.126 Mpa,0.125 Mpa,0 Mpa,0.126 Mpa,0.127 Mpa,0.129 Mpa,1.02 Mpa,0 Mpa,0.125 Mpa,0.127 Mpa,0.127 Mpa,0.125 Mpa,0 Mpa,0.122 Mpa,0.122 Mpa,0.124 Mpa,1.02 Mpa,0 Mpa,0.120 Mpa,0.119 Mpa,0.121 Mpa,0.121 Mpa,0.0159 Mpa,1723 RPM
2026-07-22 13:00:00,0.122 Mpa,0.124 Mpa,0.124 Mpa,0.123 Mpa,0 Mpa,0.129 Mpa,0.113 Mpa,0.129 Mpa,1.02 Mpa,0 Mpa,0.122 Mpa,0.117 Mpa,0.121 Mpa,0.117 Mpa,0 Mpa,0.120 Mpa,0.123 Mpa,0.119 Mpa,0.121 Mpa,,0.115 Mpa,0.113 Mpa,0.115 Mpa,0.114 Mpa,0 Mpa,0.119 Mpa,0.120 Mpa,0.119 Mpa,0.121 Mpa,0.00750 Mpa,0.124 Mpa,0.123 Mpa,0.123 Mpa,0.124 Mpa,0 Mpa,0.127 Mpa,0.127 Mpa,0.130 Mpa,1.02 Mpa,0 Mpa,0.128 Mpa,0.131 Mpa,0.129 Mpa,0.127 Mpa,0.00471 Mpa,0.119 Mpa,0.119 Mpa,0.121 Mpa,1.02 Mpa,0 Mpa,0.114 Mpa,0.114 Mpa,0.115 Mpa,0.114 Mpa,0 Mpa,1706 RPM
2026-07-22 16:00:00,0.120 Mpa,0.122 Mpa,0.121 Mpa,0.121 Mpa,0 Mpa,0.125 Mpa,0.108 Mpa,0.125 Mpa,1.01 Mpa,0.0135 Mpa,0.120 Mpa,0.116 Mpa,0.120 Mpa,0.117 Mpa,0 Mpa,0.117 Mpa,0.121 Mpa,0.116 Mpa,0.119 Mpa,,0.115 Mpa,0.113 Mpa,0.115 Mpa,0.114 Mpa,0 Mpa,0.117 Mpa,0.117 Mpa,0.115 Mpa,0.118 Mpa,0 Mpa,0.127 Mpa,0.127 Mpa,0.127 Mpa,0.127 Mpa,0.00477 Mpa,0.121 Mpa,0.122 Mpa,0.124 Mpa,1.02 Mpa,0 Mpa,0.127 Mpa,0.128 Mpa,0.128 Mpa,0.127 Mpa,0 Mpa,0.118 Mpa,0.117 Mpa,0.120 Mpa,1.01 Mpa,0.00422 Mpa,0.124 Mpa,0.124 Mpa,0.125 Mpa,0.126 Mpa,0 Mpa,1692 RPM
2026-07-22 19:00:00,0.121 Mpa,0.123 Mpa,0.123 Mpa,0.123 Mpa,0 Mpa,0.124 Mpa,0.115 Mpa,0.124 Mpa,1.02 Mpa,0 Mpa,0.122 Mpa,0.118 Mpa,0.122 Mpa,0.117 Mpa,0 Mpa,0.115 Mpa,0.118 Mpa,0.114 Mpa,0.117 Mpa,,0.118 Mpa,0.116 Mpa,0.117 Mpa,0.117 Mpa,0 Mpa,0.113 Mpa,0.113 Mpa,0.112 Mpa,0.114 Mpa,0 Mpa,0.134 Mpa,0.132 Mpa,0.132 Mpa,0.132 Mpa,0 Mpa,0.123 Mpa,0.125 Mpa,0.127 Mpa,1.02 Mpa,0.00527 Mpa,0.125 Mpa,0.127 Mpa,0.126 Mpa,0.125 Mpa,0 Mpa,0.119 Mpa,0.118 Mpa,0.121 Mpa,1.02 Mpa,0 Mpa,0.126 Mpa,0.126 Mpa,0.127 Mpa,0.127 Mpa,0 Mpa,1774 RPM
2026-07-22 22:00:00,0.120 Mpa,0.121 Mpa,0.121 Mpa,0.121 Mpa,0.00435 Mpa,0.123 Mpa,0.111 Mpa,0.123 Mpa,1.02 Mpa,0 Mpa,0.120 Mpa,0.117 Mpa,0.120 Mpa,0.117 Mpa,0 Mpa,0.113 Mpa,0.116 Mpa,0.112 Mpa,0.115 Mpa,,0.115 Mpa,0.113 Mpa,0.114 Mpa,0.114 Mpa,0.0108 Mpa,0.114 Mpa,0.114 Mpa,0.113 Mpa,0.115 Mpa,0 Mpa,0.131 Mpa,0.130 Mpa,0.130 Mpa,0.130 Mpa,0 Mpa,0.122 Mpa,0.123 Mpa,0.126 Mpa,1.02 Mpa,0.00524 Mpa,0.126 Mpa,0.129 Mpa,0.128 Mpa,0.126 Mpa,0 Mpa,0.121 Mpa,0.119 Mpa,0.122 Mpa,1.000 Mpa,0.0223 Mpa,0.124 Mpa,0.124 Mpa,0.125 Mpa,0.125 Mpa,0 Mpa,1724 RPM
2026-07-23 01:00:00,0.123 Mpa,0.124 Mpa,0.124 Mpa,0.124 Mpa,0 Mpa,0.120 Mpa,0.110 Mpa,0.120 Mpa,1.02 Mpa,0 Mpa,0.121 Mpa,0.117 Mpa,0.120 Mpa,0.117 Mpa,0.00158 Mpa,0.118 Mpa,0.121 Mpa,0.117 Mpa,0.119 Mpa,,0.113 Mpa,0.112 Mpa,0.113 Mpa,0.113 Mpa,0 Mpa,0.114 Mpa,0.115 Mpa,0.113 Mpa,0.115 Mpa,0 Mpa,0.123 Mpa,0.123 Mpa,0.123 Mpa,0.123 Mpa,0 Mpa,0.127 Mpa,0.129 Mpa,0.130 Mpa,1.02 Mpa,0 Mpa,0.125 Mpa,0.128 Mpa,0.126 Mpa,0.125 Mpa,0 Mpa,0.124 Mpa,0.123 Mpa,0.126 Mpa,1.02 Mpa,0 Mpa,0.125 Mpa,0.125 Mpa,0.126 Mpa,0.126 Mpa,0 Mpa,1721 RPM
2026-07-23 04:00:00,0.121 Mpa,0.123 Mpa,0.122 Mpa,0.123 Mpa,0.00473 Mpa,0.122 Mpa,0.110 Mpa,0.122 Mpa,1.02 Mpa,0 Mpa,0.117 Mpa,0.114 Mpa,0.116 Mpa,0.113 Mpa,0 Mpa,0.113 Mpa,0.115 Mpa,0.113 Mpa,0.114 Mpa,,0.111 Mpa,0.110 Mpa,0.111 Mpa,0.111 Mpa,0 Mpa,0.110 Mpa,0.110 Mpa,0.109 Mpa,0.111 Mpa,0 Mpa,0.127 Mpa,0.126 Mpa,0.126 Mpa,0.126 Mpa,0 Mpa,0.123 Mpa,0.124 Mpa,0.127 Mpa,1.02 Mpa,0 Mpa,0.122 Mpa,0.124 Mpa,0.123 Mpa,0.122 Mpa,0.00997 Mpa,0.117 Mpa,0.116 Mpa,0.119 Mpa,1.01 Mpa,0.00435 Mpa,0.124 Mpa,0.125 Mpa,0.125 Mpa,0.126 Mpa,0 Mpa,1637 RPM
2026-07-23 07:00:00,0.123 Mpa,0.125 Mpa,0.124 Mpa,0.125 Mpa,0 Mpa,0.126 Mpa,0.111 Mpa,0.125 Mpa,1.02 Mpa,0 Mpa,0.121 Mpa,0.117 Mpa,0.120 Mpa,0.116 Mpa,0 Mpa,0.113 Mpa,0.116 Mpa,0.113 Mpa,0.115 Mpa,,0.114 Mpa,0.113 Mpa,0.114 Mpa,0.114 Mpa,0 Mpa,0.119 Mpa,0.119 Mpa,0.117 Mpa,0.120 Mpa,0 Mpa,0.125 Mpa,0.123 Mpa,0.124 Mpa,0.123 Mpa,0 Mpa,0.123 Mpa,0.124 Mpa,0.127 Mpa,1.02 Mpa,0 Mpa,0.126 Mpa,0.128 Mpa,0.127 Mpa,0.126 Mpa,0 Mpa,0.121 Mpa,0.119 Mpa,0.123 Mpa,1.02 Mpa,0 Mpa,0.123 Mpa,0.123 Mpa,0.123 Mpa,0.125 Mpa,0 Mpa,1731 RPM
2026-07-23 10:00:00,0.122 Mpa,0.124 Mpa,0.124 Mpa,0.124 Mpa,0 Mpa,0.130 Mpa,0.112 Mpa,0.130 Mpa,1.02 Mpa,0 Mpa,0.120 Mpa,0.117 Mpa,0.120 Mpa,0.117 Mpa,0 Mpa,0.122 Mpa,0.124 Mpa,0.121 Mpa,0.123 Mpa,,0.110 Mpa,0.109 Mpa,0.109 Mpa,0.109 Mpa,0.00733 Mpa,0.119 Mpa,0.119 Mpa,0.118 Mpa,0.120 Mpa,0.0110 Mpa,0.125 Mpa,0.124 Mpa,0.124 Mpa,0.124 Mpa,0.00423 Mpa,0.127 Mpa,0.128 Mpa,0.130 Mpa,1.02 Mpa,0 Mpa,0.130 Mpa,0.132 Mpa,0.132 Mpa,0.130 Mpa,0 Mpa,0.121 Mpa,0.120 Mpa,0.123 Mpa,1.02 Mpa,0 Mpa,0.124 Mpa,0.124 Mpa,0.124 Mpa,0.126 Mpa,0.0137 Mpa,1731 RPM
2026-07-23 13:00:00,0.126 Mpa,0.128 Mpa,0.128 Mpa,0.128 Mpa,0.00391 Mpa,0.123 Mpa,0.106 Mpa,0.123 Mpa,0.996 Mpa,0 Mpa,0.120 Mpa,0.117 Mpa,0.120 Mpa,0.117 Mpa,0 Mpa,0.123 Mpa,0.126 Mpa,0.122 Mpa,0.124 Mpa,,0.108 Mpa,0.107 Mpa,0.106 Mpa,0.108 Mpa,0 Mpa,0.117 Mpa,0.116 Mpa,0.116 Mpa,0.117 Mpa,0 Mpa,0.128 Mpa,0.127 Mpa,0.128 Mpa,0.127 Mpa,0 Mpa,0.126 Mpa,0.126 Mpa,0.129 Mpa,1.02 Mpa,0.00791 Mpa,0.125 Mpa,0.128 Mpa,0.127 Mpa,0.126 Mpa,0.0138 Mpa,0.123 Mpa,0.122 Mpa,0.125 Mpa,1.02 Mpa,0 Mpa,0.122 Mpa,0.123 Mpa,0.123 Mpa,0.124 Mpa,0 Mpa,1746 RPM
2026-07-23 16:00:00,0.117 Mpa,0.118 Mpa,0.118 Mpa,0.117 Mpa,0.00507 Mpa,0.123 Mpa,0.107 Mpa,0.123 Mpa,1.02 Mpa,0 Mpa,0.114 Mpa,0.111 Mpa,0.114 Mpa,0.111 Mpa,0 Mpa,0.119 Mpa,0.122 Mpa,0.119 Mpa,0.121 Mpa,,,,,,,0.113 Mpa,0.114 Mpa,0.112 Mpa,0.114 Mpa,0 Mpa,0.125 Mpa,0.123 Mpa,0.124 Mpa,0.123 Mpa,0 Mpa,0.124 Mpa,0.125 Mpa,0.128 Mpa,1.02 Mpa,0 Mpa,0.130 Mpa,0.133 Mpa,0.132 Mpa,0.131 Mpa,0 Mpa,0.121 Mpa,0.120 Mpa,0.123 Mpa,1.02 Mpa,0 Mpa,0.126 Mpa,0.125 Mpa,0.125 Mpa,0.127 Mpa,0 Mpa,1590 RPM
2026-07-23 19:00:00,0.125 Mpa,0.125 Mpa,0.125 Mpa,0.125 Mpa,0.0322 Mpa,0.126 Mpa,0.105 Mpa,0.126 Mpa,1.02 Mpa,0 Mpa,0.105 Mpa,0.102 Mpa,0.104 Mpa,0.102 Mpa,0.0202 Mpa,0.120 Mpa,0.124 Mpa,0.120 Mpa,0.122 Mpa,,0.114 Mpa,0.112 Mpa,0.113 Mpa,0.113 Mpa,0.00202 Mpa,0.120 Mpa,0.120 Mpa,0.118 Mpa,0.120 Mpa,0 Mpa,0.106 Mpa,0.106 Mpa,0.105 Mpa,0.106 Mpa,0 Mpa,0.119 Mpa,0.119 Mpa,0.120 Mpa,1.02 Mpa,0 Mpa,0.128 Mpa,0.131 Mpa,0.130 Mpa,0.128 Mpa,0 Mpa,0.123 Mpa,0.121 Mpa,0.124 Mpa,1.02 Mpa,0 Mpa,0.126 Mpa,0.126 Mpa,0.126 Mpa,0.127 Mpa,0 Mpa,1466 RPM
2026-07-23 22:00:00,0.129 Mpa,0.132 Mpa,0.131 Mpa,0.131 Mpa,0.0238 Mpa,0.125 Mpa,0.107 Mpa,0.125 Mpa,1.02 Mpa,0 Mpa,0.102 Mpa,0.0996 Mpa,0.102 Mpa,0.0993 Mpa,0.0508 Mpa,0.117 Mpa,0.121 Mpa,0.116 Mpa,0.119 Mpa,,0.113 Mpa,0.112 Mpa,0.112 Mpa,0.112 Mpa,0.0193 Mpa,0.120 Mpa,0.120 Mpa,0.119 Mpa,0.120 Mpa,0 Mpa,0.130 Mpa,0.128 Mpa,0.129 Mpa,0.129 Mpa,0 Mpa,0.117 Mpa,0.119 Mpa,0.120 Mpa,1.02 Mpa,0 Mpa,0.124 Mpa,0.126 Mpa,0.125 Mpa,0.124 Mpa,0 Mpa,0.121 Mpa,0.119 Mpa,0.123 Mpa,1.02 Mpa,0 Mpa,0.124 Mpa,0.124 Mpa,0.124 Mpa,0.125 Mpa,0 Mpa,1644 RPM
2026-07-24 01:00:00,0.129 Mpa,0.131 Mpa,0.131 Mpa,0.130 Mpa,0 Mpa,0.120 Mpa,0.104 Mpa,0.121 Mpa,1.01 Mpa,0.0155 Mpa,0.117 Mpa,0.115 Mpa,0.117 Mpa,0.114 Mpa,0 Mpa,0.121 Mpa,0.123 Mpa,0.120 Mpa,0.121 Mpa,,0.117 Mpa,0.115 Mpa,0.116 Mpa,0.115 Mpa,0 Mpa,0.120 Mpa,0.120 Mpa,0.118 Mpa,0.121 Mpa,0 Mpa,0.129 Mpa,0.127 Mpa,0.128 Mpa,0.127 Mpa,0 Mpa,0.117 Mpa,0.119 Mpa,0.119 Mpa,1.02 Mpa,0.00552 Mpa,0.126 Mpa,0.128 Mpa,0.128 Mpa,0.126 Mpa,0 Mpa,0.116 Mpa,0.116 Mpa,0.118 Mpa,1.01 Mpa,0.0182 Mpa,0.120 Mpa,0.119 Mpa,0.120 Mpa,0.121 Mpa,0 Mpa,1698 RPM
2026-07-24 04:00:00,0.115 Mpa,0.117 Mpa,0.116 Mpa,0.116 Mpa,0 Mpa,0.108 Mpa,0.0922 Mpa,0.109 Mpa,1.02 Mpa,0 Mpa,0.115 Mpa,0.112 Mpa,0.115 Mpa,0.112 Mpa,0 Mpa,0.118 Mpa,0.121 Mpa,0.117 Mpa,0.119 Mpa,,0.108 Mpa,0.107 Mpa,0.107 Mpa,0.107 Mpa,0.00560 Mpa,0.119 Mpa,0.118 Mpa,0.117 Mpa,0.120 Mpa,0 Mpa,0.123 Mpa,0.122 Mpa,0.123 Mpa,0.122 Mpa,0 Mpa,0.125 Mpa,0.126 Mpa,0.129 Mpa,1.02 Mpa,0 Mpa,0.125 Mpa,0.127 Mpa,0.127 Mpa,0.125 Mpa,0.00541 Mpa,0.118 Mpa,0.116 Mpa,0.120 Mpa,1.01 Mpa,0.00426 Mpa,0.120 Mpa,0.120 Mpa,0.121 Mpa,0.122 Mpa,0.00531 Mpa,1648 RPM
2026-07-24 07:00:00,0.125 Mpa,0.127 Mpa,0.126 Mpa,0.126 Mpa,0 Mpa,0.109 Mpa,0.0942 Mpa,0.109 Mpa,0.998 Mpa,0.00536 Mpa,0.117 Mpa,0.115 Mpa,0.117 Mpa,0.114 Mpa,0 Mpa,0.122 Mpa,0.127 Mpa,0.121 Mpa,0.125 Mpa,,0.107 Mpa,0.107 Mpa,0.104 Mpa,0.107 Mpa,0.0102 Mpa,0.120 Mpa,0.120 Mpa,0.119 Mpa,0.121 Mpa,0 Mpa,0.129 Mpa,0.127 Mpa,0.128 Mpa,0.127 Mpa,0 Mpa,0.125 Mpa,0.126 Mpa,0.129 Mpa,1.02 Mpa,0 Mpa,0.131 Mpa,0.135 Mpa,0.133 Mpa,0.131 Mpa,0 Mpa,0.120 Mpa,0.119 Mpa,0.122 Mpa,1.02 Mpa,0 Mpa,0.124 Mpa,0.125 Mpa,0.126 Mpa,0.127 Mpa,0 Mpa,1753 RPM
2026-07-24 10:00:00,0.124 Mpa,0.126 Mpa,0.126 Mpa,0.125 Mpa,0.00651 Mpa,0.110 Mpa,0.0935 Mpa,0.110 Mpa,1.02 Mpa,0 Mpa,0.120 Mpa,0.117 Mpa,0.120 Mpa,0.117 Mpa,0 Mpa,0.122 Mpa,0.126 Mpa,0.121 Mpa,0.124 Mpa,,0.115 Mpa,0.114 Mpa,0.115 Mpa,0.115 Mpa,0.0128 Mpa,0.118 Mpa,0.117 Mpa,0.116 Mpa,0.119 Mpa,0 Mpa,0.125 Mpa,0.124 Mpa,0.124 Mpa,0.124 Mpa,0.0114 Mpa,0.126 Mpa,0.127 Mpa,0.129 Mpa,1.02 Mpa,0 Mpa,0.129 Mpa,0.131 Mpa,0.131 Mpa,0.129 Mpa,0 Mpa,0.120 Mpa,0.120 Mpa,0.122 Mpa,1.02 Mpa,0 Mpa,0.122 Mpa,0.121 Mpa,0.155 Mpa,0.123 Mpa,0.00966 Mpa,1746 RPM
2026-07-24 13:00:00,0.120 Mpa,0.122 Mpa,0.122 Mpa,0.121 Mpa,0 Mpa,0.109 Mpa,0.0962 Mpa,0.109 Mpa,1.01 Mpa,0.00765 Mpa,0.118 Mpa,0.116 Mpa,0.117 Mpa,0.116 Mpa,0.0240 Mpa,0.117 Mpa,0.120 Mpa,0.117 Mpa,0.119 Mpa,,0.114 Mpa,0.113 Mpa,0.114 Mpa,0.114 Mpa,0 Mpa,0.120 Mpa,0.120 Mpa,0.119 Mpa,0.121 Mpa,0 Mpa,0.125 Mpa,0.124 Mpa,0.124 Mpa,0.124 Mpa,0.0257 Mpa,0.122 Mpa,0.123 Mpa,0.125 Mpa,1.02 Mpa,0 Mpa,0.126 Mpa,0.128 Mpa,0.127 Mpa,0.126 Mpa,0.0245 Mpa,0.122 Mpa,0.122 Mpa,0.124 Mpa,1.02 Mpa,0 Mpa,0.111 Mpa,0.113 Mpa,0.112 Mpa,0.114 Mpa,0.0520 Mpa,1606 RPM
2026-07-24 16:00:00,0.123 Mpa,0.124 Mpa,0.125 Mpa,0.124 Mpa,0 Mpa,0.110 Mpa,0.0965 Mpa,0.110 Mpa,1.01 Mpa,0 Mpa,0.118 Mpa,0.116 Mpa,0.118 Mpa,0.116 Mpa,0 Mpa,0.120 Mpa,0.122 Mpa,0.119 Mpa,0.121 Mpa,,0.111 Mpa,0.110 Mpa,0.111 Mpa,0.111 Mpa,0.000597 Mpa,0.111 Mpa,0.112 Mpa,0.109 Mpa,0.113 Mpa,0 Mpa,0.123 Mpa,0.122 Mpa,0.122 Mpa,0.122 Mpa,0 Mpa,0.120 Mpa,0.121 Mpa,0.123 Mpa,1.02 Mpa,0 Mpa,0.126 Mpa,0.128 Mpa,0.127 Mpa,0.126 Mpa,0 Mpa,0.122 Mpa,0.121 Mpa,0.124 Mpa,1.01 Mpa,0.00687 Mpa,,,,,,1622 RPM
2026-07-24 19:00:00,0.126 Mpa,0.127 Mpa,0.128 Mpa,0.127 Mpa,0 Mpa,0.107 Mpa,0.0911 Mpa,0.107 Mpa,1.02 Mpa,0 Mpa,0.119 Mpa,0.116 Mpa,0.118 Mpa,0.115 Mpa,0 Mpa,0.124 Mpa,0.127 Mpa,0.123 Mpa,0.126 Mpa,,0.115 Mpa,0.113 Mpa,0.115 Mpa,0.114 Mpa,0 Mpa,0.112 Mpa,0.112 Mpa,0.110 Mpa,0.113 Mpa,0 Mpa,0.128 Mpa,0.126 Mpa,0.127 Mpa,0.126 Mpa,0 Mpa,0.124 Mpa,0.125 Mpa,0.127 Mpa,1.02 Mpa,0 Mpa,0.130 Mpa,0.131 Mpa,0.132 Mpa,0.128 Mpa,0 Mpa,,,,,,,,,,,1711 RPM
2026-07-24 22:00:00,0.124 Mpa,0.125 Mpa,0.126 Mpa,0.125 Mpa,0.00598 Mpa,0.107 Mpa,0.0928 Mpa,0.107 Mpa,1.02 Mpa,0 Mpa,0.118 Mpa,0.115 Mpa,0.118 Mpa,0.115 Mpa,0.0148 Mpa,0.121 Mpa,0.124 Mpa,0.120 Mpa,0.122 Mpa,,0.111 Mpa,0.109 Mpa,0.110 Mpa,0.110 Mpa,0.0114 Mpa,0.110 Mpa,0.110 Mpa,0.108 Mpa,0.111 Mpa,0 Mpa,0.125 Mpa,0.123 Mpa,0.124 Mpa,0.123 Mpa,0 Mpa,0.127 Mpa,0.129 Mpa,0.130 Mpa,1.01 Mpa,0.0110 Mpa,0.126 Mpa,0.127 Mpa,0.127 Mpa,0.125 Mpa,0 Mpa,0.116 Mpa,0.116 Mpa,0.116 Mpa,0.963 Mpa,0.101 Mpa,,,,,,1637 RPM
2026-07-25 01:00:00,0.126 Mpa,0.128 Mpa,0.127 Mpa,0.127 Mpa,0 Mpa,0.107 Mpa,0.0910 Mpa,0.108 Mpa,1.01 Mpa,0.00414 Mpa,0.122 Mpa,0.119 Mpa,0.122 Mpa,0.119 Mpa,0 Mpa,0.121 Mpa,0.122 Mpa,0.120 Mpa,0.121 Mpa,,0.107 Mpa,0.106 Mpa,0.106 Mpa,0.476 Mpa,0.0840 Mpa,0.113 Mpa,0.114 Mpa,0.112 Mpa,0.114 Mpa,0.00810 Mpa,0.123 Mpa,0.122 Mpa,0.123 Mpa,0.122 Mpa,0 Mpa,0.123 Mpa,0.125 Mpa,0.127 Mpa,1.01 Mpa,0 Mpa,0.124 Mpa,0.126 Mpa,0.126 Mpa,0.125 Mpa,0 Mpa,0.123 Mpa,0.121 Mpa,0.125 Mpa,1.02 Mpa,0 Mpa,0.116 Mpa,0.116 Mpa,0.116 Mpa,0.117 Mpa,0 Mpa,1656 RPM
2026-07-25 04:00:00,0.115 Mpa,0.117 Mpa,0.116 Mpa,0.116 Mpa,0 Mpa,0.110 Mpa,0.0993 Mpa,0.110 Mpa,1.02 Mpa,0 Mpa,0.121 Mpa,0.117 Mpa,0.121 Mpa,0.117 Mpa,0 Mpa,0.118 Mpa,0.120 Mpa,0.117 Mpa,0.119 Mpa,,,,,,,0.110 Mpa,0.111 Mpa,0.108 Mpa,0.111 Mpa,0 Mpa,0.119 Mpa,0.118 Mpa,0.118 Mpa,0.118 Mpa,0 Mpa,0.125 Mpa,0.126 Mpa,0.128 Mpa,1.01 Mpa,0 Mpa,0.125 Mpa,0.127 Mpa,0.127 Mpa,0.125 Mpa,0 Mpa,0.121 Mpa,0.120 Mpa,0.123 Mpa,1.01 Mpa,0.00411 Mpa,0.119 Mpa,0.119 Mpa,0.119 Mpa,0.120 Mpa,0.00335 Mpa,1607 RPM
2026-07-25 07:00:00,0.122 Mpa,0.124 Mpa,0.123 Mpa,0.124 Mpa,0 Mpa,0.109 Mpa,0.0993 Mpa,0.109 Mpa,1.02 Mpa,0 Mpa,0.120 Mpa,0.117 Mpa,0.120 Mpa,0.118 Mpa,0 Mpa,0.125 Mpa,0.127 Mpa,0.124 Mpa,0.126 Mpa,,0.110 Mpa,0.108 Mpa,0.109 Mpa,0.675 Mpa,0.0662 Mpa,0.112 Mpa,0.112 Mpa,0.110 Mpa,0.113 Mpa,0 Mpa,0.127 Mpa,0.126 Mpa,0.127 Mpa,0.126 Mpa,0 Mpa,0.130 Mpa,0.130 Mpa,0.134 Mpa,0.996 Mpa,0 Mpa,0.125 Mpa,0.128 Mpa,0.128 Mpa,0.125 Mpa,0 Mpa,0.120 Mpa,0.119 Mpa,0.122 Mpa,1.02 Mpa,0 Mpa,0.121 Mpa,0.121 Mpa,0.120 Mpa,0.122 Mpa,0.00306 Mpa,1732 RPM
2026-07-25 10:00:00,0.128 Mpa,0.131 Mpa,0.130 Mpa,0.131 Mpa,0.00619 Mpa,0.109 Mpa,0.0930 Mpa,0.109 Mpa,1.02 Mpa,0 Mpa,0.121 Mpa,0.117 Mpa,0.120 Mpa,0.117 Mpa,0 Mpa,0.121 Mpa,0.123 Mpa,0.120 Mpa,0.122 Mpa,,,,,,,0.120 Mpa,0.120 Mpa,0.118 Mpa,0.121 Mpa,0.00590 Mpa,0.126 Mpa,0.125 Mpa,0.125 Mpa,0.125 Mpa,0.00596 Mpa,0.127 Mpa,0.128 Mpa,0.130 Mpa,0.995 Mpa,0 Mpa,0.133 Mpa,0.138 Mpa,0.135 Mpa,0.135 Mpa,0 Mpa,0.120 Mpa,0.118 Mpa,0.122 Mpa,1.02 Mpa,0 Mpa,0.112 Mpa,0.112 Mpa,0.112 Mpa,0.113 Mpa,0 Mpa,1697 RPM
2026-07-25 13:00:00,0.121 Mpa,0.124 Mpa,0.122 Mpa,0.123 Mpa,0 Mpa,0.109 Mpa,0.0958 Mpa,0.109 Mpa,1.02 Mpa,0 Mpa,0.117 Mpa,0.114 Mpa,0.117 Mpa,0.114 Mpa,0 Mpa,0.123 Mpa,0.128 Mpa,0.122 Mpa,0.125 Mpa,,,,,,,0.117 Mpa,0.116 Mpa,0.115 Mpa,0.117 Mpa,0 Mpa,0.126 Mpa,0.125 Mpa,0.125 Mpa,0.124 Mpa,0 Mpa,0.130 Mpa,0.132 Mpa,0.135 Mpa,1.01 Mpa,0 Mpa,0.124 Mpa,0.126 Mpa,0.124 Mpa,0.125 Mpa,0.00418 Mpa,0.119 Mpa,0.118 Mpa,0.121 Mpa,1.02 Mpa,0 Mpa,0.120 Mpa,0.120 Mpa,0.122 Mpa,0.121 Mpa,0 Mpa,1724 RPM
2026-07-25 16:00:00,0.121 Mpa,0.123 Mpa,0.122 Mpa,0.123 Mpa,0 Mpa,0.109 Mpa,0.0932 Mpa,0.109 Mpa,1.01 Mpa,0.00551 Mpa,0.118 Mpa,0.116 Mpa,0.118 Mpa,0.115 Mpa,0 Mpa,0.121 Mpa,0.124 Mpa,0.119 Mpa,0.122 Mpa,,0.108 Mpa,0.107 Mpa,0.107 Mpa,0.107 Mpa,0.231 Mpa,0.116 Mpa,0.116 Mpa,0.115 Mpa,0.117 Mpa,0 Mpa,0.124 Mpa,0.123 Mpa,0.123 Mpa,0.123 Mpa,0 Mpa,0.124 Mpa,0.124 Mpa,0.127 Mpa,1.01 Mpa,0 Mpa,0.122 Mpa,0.124 Mpa,0.123 Mpa,0.123 Mpa,0.00503 Mpa,0.117 Mpa,0.116 Mpa,0.118 Mpa,1.02 Mpa,0 Mpa,0.128 Mpa,0.129 Mpa,0.129 Mpa,0.131 Mpa,0.0249 Mpa,1688 RPM
2026-07-25 19:00:00,0.119 Mpa,0.121 Mpa,0.121 Mpa,0.120 Mpa,0 Mpa,0.109 Mpa,0.0926 Mpa,0.109 Mpa,1.02 Mpa,0 Mpa,0.117 Mpa,0.115 Mpa,0.117 Mpa,0.114 Mpa,0 Mpa,0.118 Mpa,0.120 Mpa,0.117 Mpa,0.119 Mpa,,,,,,,0.114 Mpa,0.115 Mpa,0.113 Mpa,0.116 Mpa,0 Mpa,0.129 Mpa,0.128 Mpa,0.129 Mpa,0.128 Mpa,0 Mpa,0.131 Mpa,0.132 Mpa,0.135 Mpa,1.01 Mpa,0 Mpa,0.126 Mpa,0.130 Mpa,0.127 Mpa,0.128 Mpa,0 Mpa,0.112 Mpa,0.112 Mpa,0.114 Mpa,1.02 Mpa,0 Mpa,0.125 Mpa,0.125 Mpa,0.125 Mpa,0.126 Mpa,0 Mpa,1716 RPM
2026-07-25 22:00:00,0.124 Mpa,0.125 Mpa,0.125 Mpa,0.125 Mpa,0.00386 Mpa,0.109 Mpa,0.0906 Mpa,0.109 Mpa,1.02 Mpa,0 Mpa,0.118 Mpa,0.115 Mpa,0.118 Mpa,0.115 Mpa,0 Mpa,0.123 Mpa,0.126 Mpa,0.123 Mpa,0.124 Mpa,,0.106 Mpa,0.105 Mpa,0.104 Mpa,0.106 Mpa,0 Mpa,0.119 Mpa,0.119 Mpa,0.117 Mpa,0.119 Mpa,0 Mpa,0.126 Mpa,0.125 Mpa,0.124 Mpa,0.124 Mpa,0 Mpa,0.123 Mpa,0.125 Mpa,0.127 Mpa,1.01 Mpa,0.0116 Mpa,0.124 Mpa,0.127 Mpa,0.125 Mpa,0.125 Mpa,0 Mpa,0.118 Mpa,0.117 Mpa,0.119 Mpa,1.01 Mpa,0.00966 Mpa,0.127 Mpa,0.127 Mpa,0.126 Mpa,0.128 Mpa,0 Mpa,1748 RPM
2026-07-26 01:00:00,0.121 Mpa,0.122 Mpa,0.122 Mpa,0.122 Mpa,0 Mpa,0.108 Mpa,0.0940 Mpa,0.108 Mpa,1.02 Mpa,0 Mpa,0.125 Mpa,0.122 Mpa,0.124 Mpa,0.121 Mpa,0 Mpa,0.116 Mpa,0.119 Mpa,0.116 Mpa,0.118 Mpa,,0.109 Mpa,0.106 Mpa,0.107 Mpa,0.108 Mpa,0.0229 Mpa,0.122 Mpa,0.121 Mpa,0.119 Mpa,0.122 Mpa,0.00621 Mpa,0.126 Mpa,0.123 Mpa,0.124 Mpa,0.123 Mpa,0.0145 Mpa,0.126 Mpa,0.127 Mpa,0.129 Mpa,1.00 Mpa,0 Mpa,0.121 Mpa,0.123 Mpa,0.122 Mpa,0.121 Mpa,0 Mpa,0.117 Mpa,0.116 Mpa,0.118 Mpa,1.01 Mpa,0.00581 Mpa,0.122 Mpa,0.122 Mpa,0.121 Mpa,0.124 Mpa,0 Mpa,1700 RPM
2026-07-26 04:00:00,0.120 Mpa,0.122 Mpa,0.122 Mpa,0.122 Mpa,0 Mpa,0.110 Mpa,0.0959 Mpa,0.110 Mpa,1.02 Mpa,0 Mpa,0.122 Mpa,0.119 Mpa,0.122 Mpa,0.119 Mpa,0 Mpa,0.116 Mpa,0.120 Mpa,0.116 Mpa,0.118 Mpa,,0.113 Mpa,0.110 Mpa,0.111 Mpa,0.112 Mpa,0.00644 Mpa,0.111 Mpa,0.111 Mpa,0.110 Mpa,0.111 Mpa,0 Mpa,,,,,,0.126 Mpa,0.127 Mpa,0.129 Mpa,1.000 Mpa,0 Mpa,0.123 Mpa,0.126 Mpa,0.125 Mpa,0.124 Mpa,0.00418 Mpa,0.120 Mpa,0.119 Mpa,0.121 Mpa,1.01 Mpa,0.00420 Mpa,0.126 Mpa,0.127 Mpa,0.125 Mpa,0.129 Mpa,0 Mpa,1717 RPM
2026-07-26 07:00:00,0.124 Mpa,0.125 Mpa,0.125 Mpa,0.125 Mpa,0 Mpa,0.110 Mpa,0.0983 Mpa,0.111 Mpa,1.02 Mpa,0 Mpa,0.120 Mpa,0.118 Mpa,0.120 Mpa,0.118 Mpa,0 Mpa,0.109 Mpa,0.111 Mpa,0.108 Mpa,0.110 Mpa,,0.118 Mpa,0.116 Mpa,0.117 Mpa,0.117 Mpa,0 Mpa,0.115 Mpa,0.115 Mpa,0.113 Mpa,0.115 Mpa,0 Mpa,,,,,,0.126 Mpa,0.128 Mpa,0.130 Mpa,0.978 Mpa,0 Mpa,0.124 Mpa,0.127 Mpa,0.126 Mpa,0.125 Mpa,0 Mpa,0.124 Mpa,0.124 Mpa,0.126 Mpa,1.02 Mpa,0 Mpa,0.124 Mpa,0.123 Mpa,0.124 Mpa,0.125 Mpa,0 Mpa,1768 RPM
2026-07-26 10:00:00,0.121 Mpa,0.122 Mpa,0.122 Mpa,0.122 Mpa,0 Mpa,0.110 Mpa,0.0892 Mpa,0.110 Mpa,1.02 Mpa,0 Mpa,0.120 Mpa,0.117 Mpa,0.119 Mpa,0.117 Mpa,0 Mpa,0.117 Mpa,0.121 Mpa,0.116 Mpa,0.119 Mpa,,0.116 Mpa,0.114 Mpa,0.116 Mpa,0.116 Mpa,0.0119 Mpa,0.125 Mpa,0.125 Mpa,0.123 Mpa,0.126 Mpa,0.00844 Mpa,0.114 Mpa,0.114 Mpa,0.114 Mpa,0.114 Mpa,0.0157 Mpa,0.128 Mpa,0.129 Mpa,0.132 Mpa,0.971 Mpa,0.00528 Mpa,0.127 Mpa,0.130 Mpa,0.130 Mpa,0.128 Mpa,0 Mpa,0.122 Mpa,0.121 Mpa,0.124 Mpa,1.02 Mpa,0 Mpa,0.124 Mpa,0.123 Mpa,0.124 Mpa,0.124 Mpa,0.0253 Mpa,1762 RPM
2026-07-26 13:00:00,0.120 Mpa,0.122 Mpa,0.122 Mpa,0.122 Mpa,0 Mpa,0.110 Mpa,0.0879 Mpa,0.110 Mpa,1.02 Mpa,0 Mpa,0.120 Mpa,0.116 Mpa,0.119 Mpa,0.116 Mpa,0 Mpa,0.110 Mpa,0.114 Mpa,0.109 Mpa,0.113 Mpa,,,,,,,0.117 Mpa,0.117 Mpa,0.115 Mpa,0.117 Mpa,0 Mpa,,,,,,0.127 Mpa,0.128 Mpa,0.130 Mpa,0.978 Mpa,0 Mpa,0.126 Mpa,0.129 Mpa,0.128 Mpa,0.127 Mpa,0.0103 Mpa,0.124 Mpa,0.124 Mpa,0.126 Mpa,1.02 Mpa,0 Mpa,0.125 Mpa,0.124 Mpa,0.125 Mpa,0.126 Mpa,0 Mpa,1766 RPM
2026-07-26 16:00:00,0.117 Mpa,0.119 Mpa,0.118 Mpa,0.118 Mpa,0 Mpa,0.112 Mpa,0.0915 Mpa,0.111 Mpa,1.02 Mpa,0 Mpa,0.117 Mpa,0.114 Mpa,0.117 Mpa,0.114 Mpa,0 Mpa,0.118 Mpa,0.121 Mpa,0.117 Mpa,0.120 Mpa,,,,,,,0.120 Mpa,0.120 Mpa,0.118 Mpa,0.121 Mpa,0 Mpa,,,,,,0.126 Mpa,0.126 Mpa,0.129 Mpa,0.978 Mpa,0 Mpa,0.123 Mpa,0.125 Mpa,0.124 Mpa,0.122 Mpa,0 Mpa,0.117 Mpa,0.116 Mpa,0.119 Mpa,1.01 Mpa,0.00387 Mpa,0.123 Mpa,0.123 Mpa,0.124 Mpa,0.124 Mpa,0.00310 Mpa,1711 RPM
2026-07-26 19:00:00,0.122 Mpa,0.124 Mpa,0.124 Mpa,0.124 Mpa,0 Mpa,0.110 Mpa,0.0969 Mpa,0.110 Mpa,1.02 Mpa,0 Mpa,0.121 Mpa,0.119 Mpa,0.121 Mpa,0.119 Mpa,0 Mpa,0.118 Mpa,0.121 Mpa,0.117 Mpa,0.120 Mpa,,,,,,,0.119 Mpa,0.119 Mpa,0.118 Mpa,0.120 Mpa,0 Mpa,,,,,,0.130 Mpa,0.130 Mpa,0.134 Mpa,0.996 Mpa,0 Mpa,0.125 Mpa,0.127 Mpa,0.127 Mpa,0.125 Mpa,0 Mpa,0.114 Mpa,0.113 Mpa,0.116 Mpa,1.02 Mpa,0 Mpa,0.122 Mpa,0.122 Mpa,0.122 Mpa,0.124 Mpa,0 Mpa,1766 RPM
2026-07-26 22:00:00,0.123 Mpa,0.124 Mpa,0.124 Mpa,0.124 Mpa,0 Mpa,0.109 Mpa,0.0984 Mpa,0.109 Mpa,1.02 Mpa,0 Mpa,0.121 Mpa,0.118 Mpa,0.121 Mpa,0.119 Mpa,0 Mpa,0.119 Mpa,0.124 Mpa,0.118 Mpa,0.122 Mpa,,,,,,,0.114 Mpa,0.114 Mpa,0.112 Mpa,0.114 Mpa,0 Mpa,,,,,,0.127 Mpa,0.128 Mpa,0.130 Mpa,0.989 Mpa,0.0100 Mpa,0.123 Mpa,0.126 Mpa,0.125 Mpa,0.124 Mpa,0 Mpa,0.114 Mpa,0.114 Mpa,0.115 Mpa,1.02 Mpa,0 Mpa,0.119 Mpa,0.119 Mpa,0.120 Mpa,0.120 Mpa,0 Mpa,1664 RPM
2026-07-27 01:00:00,0.121 Mpa,0.124 Mpa,0.123 Mpa,0.123 Mpa,0.00343 Mpa,0.107 Mpa,0.0955 Mpa,0.107 Mpa,1.01 Mpa,0.0172 Mpa,0.121 Mpa,0.118 Mpa,0.121 Mpa,0.118 Mpa,0.00597 Mpa,0.1000 Mpa,0.101 Mpa,0.100 Mpa,0.101 Mpa,,0.106 Mpa,0.103 Mpa,0.103 Mpa,0.103 Mpa,0.120 Mpa,0.117 Mpa,0.118 Mpa,0.116 Mpa,0.119 Mpa,0 Mpa,,,,,,0.125 Mpa,0.126 Mpa,0.128 Mpa,0.987 Mpa,0 Mpa,0.116 Mpa,0.119 Mpa,0.117 Mpa,0.117 Mpa,0.00587 Mpa,0.112 Mpa,0.112 Mpa,0.113 Mpa,1.01 Mpa,0.0101 Mpa,0.100 Mpa,0.100 Mpa,0.100 Mpa,0.100 Mpa,0.0258 Mpa,1451 RPM
2026-07-27 04:00:00,0.123 Mpa,0.124 Mpa,0.124 Mpa,0.124 Mpa,0 Mpa,0.109 Mpa,0.0950 Mpa,0.109 Mpa,1.00 Mpa,0.0113 Mpa,0.118 Mpa,0.116 Mpa,0.118 Mpa,0.115 Mpa,0.00972 Mpa,0.111 Mpa,0.111 Mpa,0.111 Mpa,0.111 Mpa,,0.108 Mpa,0.107 Mpa,0.106 Mpa,0.107 Mpa,0.0232 Mpa,0.114 Mpa,0.114 Mpa,0.112 Mpa,0.115 Mpa,0 Mpa,0.104 Mpa,0.104 Mpa,0.104 Mpa,0.104 Mpa,0.146 Mpa,0.122 Mpa,0.123 Mpa,0.125 Mpa,0.977 Mpa,0 Mpa,0.130 Mpa,0.133 Mpa,0.132 Mpa,0.131 Mpa,0.00445 Mpa,0.116 Mpa,0.115 Mpa,0.117 Mpa,1.01 Mpa,0.00907 Mpa,0.125 Mpa,0.125 Mpa,0.125 Mpa,0.126 Mpa,0 Mpa,1546 RPM
2026-07-27 07:00:00,0.125 Mpa,0.127 Mpa,0.127 Mpa,0.127 Mpa,0 Mpa,0.109 Mpa,0.0945 Mpa,0.109 Mpa,1.02 Mpa,0 Mpa,0.119 Mpa,0.116 Mpa,0.119 Mpa,0.117 Mpa,0 Mpa,0.130 Mpa,0.133 Mpa,0.129 Mpa,0.132 Mpa,,0.114 Mpa,0.113 Mpa,0.114 Mpa,0.114 Mpa,0 Mpa,0.119 Mpa,0.119 Mpa,0.117 Mpa,0.120 Mpa,0 Mpa,,,,,,0.129 Mpa,0.130 Mpa,0.132 Mpa,0.967 Mpa,0 Mpa,0.126 Mpa,0.127 Mpa,0.127 Mpa,0.125 Mpa,0.00837 Mpa,0.122 Mpa,0.121 Mpa,0.124 Mpa,1.02 Mpa,0 Mpa,0.131 Mpa,0.130 Mpa,0.130 Mpa,0.132 Mpa,0 Mpa,1748 RPM
2026-07-27 10:00:00,0.124 Mpa,0.126 Mpa,0.126 Mpa,0.125 Mpa,0 Mpa,0.110 Mpa,0.0950 Mpa,0.110 Mpa,1.02 Mpa,0 Mpa,0.118 Mpa,0.115 Mpa,0.118 Mpa,0.115 Mpa,0 Mpa,0.129 Mpa,0.133 Mpa,0.127 Mpa,0.131 Mpa,,0.116 Mpa,0.113 Mpa,0.115 Mpa,0.115 Mpa,0 Mpa,0.116 Mpa,0.116 Mpa,0.115 Mpa,0.117 Mpa,0.00572 Mpa,0.131 Mpa,0.129 Mpa,0.130 Mpa,0.128 Mpa,0.00102 Mpa,0.124 Mpa,0.125 Mpa,0.128 Mpa,0.965 Mpa,0 Mpa,0.125 Mpa,0.126 Mpa,0.126 Mpa,0.125 Mpa,0.0191 Mpa,0.122 Mpa,0.121 Mpa,0.123 Mpa,1.02 Mpa,0 Mpa,0.131 Mpa,0.130 Mpa,0.130 Mpa,0.132 Mpa,0.0139 Mpa,1704 RPM
2026-07-27 13:00:00,0.122 Mpa,0.124 Mpa,0.124 Mpa,0.124 Mpa,0 Mpa,0.110 Mpa,0.0956 Mpa,0.110 Mpa,1.02 Mpa,0 Mpa,0.116 Mpa,0.112 Mpa,0.116 Mpa,0.112 Mpa,0.0391 Mpa,0.120 Mpa,0.122 Mpa,0.119 Mpa,0.121 Mpa,,0.112 Mpa,0.110 Mpa,0.112 Mpa,0.112 Mpa,0.0174 Mpa,0.115 Mpa,0.115 Mpa,0.113 Mpa,0.116 Mpa,0.0105 Mpa,0.127 Mpa,0.125 Mpa,0.127 Mpa,0.125 Mpa,0 Mpa,0.123 Mpa,0.124 Mpa,0.126 Mpa,0.958 Mpa,0 Mpa,0.132 Mpa,0.135 Mpa,0.134 Mpa,0.132 Mpa,0 Mpa,0.125 Mpa,0.124 Mpa,0.126 Mpa,1.02 Mpa,0 Mpa,0.127 Mpa,0.127 Mpa,0.127 Mpa,0.128 Mpa,0.0251 Mpa,1732 RPM
2026-07-27 16:00:00,0.120 Mpa,0.122 Mpa,0.122 Mpa,0.121 Mpa,0 Mpa,0.110 Mpa,0.0909 Mpa,0.110 Mpa,1.01 Mpa,0.00694 Mpa,0.122 Mpa,0.119 Mpa,0.122 Mpa,0.119 Mpa,0.0976 Mpa,0.122 Mpa,0.125 Mpa,0.121 Mpa,0.124 Mpa,,0.115 Mpa,0.113 Mpa,0.114 Mpa,0.114 Mpa,0 Mpa,0.115 Mpa,0.116 Mpa,0.113 Mpa,0.116 Mpa,0 Mpa,0.127 Mpa,0.126 Mpa,0.127 Mpa,0.125 Mpa,0 Mpa,0.122 Mpa,0.123 Mpa,0.126 Mpa,0.983 Mpa,0 Mpa,0.123 Mpa,0.125 Mpa,0.124 Mpa,0.123 Mpa,0 Mpa,0.123 Mpa,0.122 Mpa,0.126 Mpa,1.01 Mpa,0.00401 Mpa,0.127 Mpa,0.127 Mpa,0.126 Mpa,0.129 Mpa,0.00391 Mpa,1697 RPM
2026-07-27 19:00:00,0.123 Mpa,0.124 Mpa,0.124 Mpa,0.124 Mpa,0.0126 Mpa,0.110 Mpa,0.0981 Mpa,0.110 Mpa,1.02 Mpa,0 Mpa,0.106 Mpa,0.104 Mpa,0.106 Mpa,0.103 Mpa,0.0769 Mpa,0.123 Mpa,0.126 Mpa,0.122 Mpa,0.125 Mpa,,0.118 Mpa,0.116 Mpa,0.117 Mpa,0.117 Mpa,0 Mpa,0.118 Mpa,0.118 Mpa,0.116 Mpa,0.119 Mpa,0 Mpa,0.128 Mpa,0.127 Mpa,0.127 Mpa,0.126 Mpa,0 Mpa,0.125 Mpa,0.126 Mpa,0.128 Mpa,0.974 Mpa,0 Mpa,0.125 Mpa,0.127 Mpa,0.126 Mpa,0.125 Mpa,0 Mpa,0.117 Mpa,0.117 Mpa,0.119 Mpa,1.02 Mpa,0 Mpa,0.126 Mpa,0.126 Mpa,0.125 Mpa,0.128 Mpa,0 Mpa,1777 RPM
2026-07-27 22:00:00,0.122 Mpa,0.124 Mpa,0.123 Mpa,0.124 Mpa,0.0153 Mpa,0.108 Mpa,0.0830 Mpa,0.108 Mpa,1.01 Mpa,0.0126 Mpa,0.115 Mpa,0.114 Mpa,0.115 Mpa,0.113 Mpa,0.0181 Mpa,0.122 Mpa,0.127 Mpa,0.122 Mpa,0.125 Mpa,,0.115 Mpa,0.113 Mpa,0.114 Mpa,0.113 Mpa,0.0202 Mpa,0.118 Mpa,0.119 Mpa,0.117 Mpa,0.119 Mpa,0 Mpa,0.129 Mpa,0.128 Mpa,0.128 Mpa,0.127 Mpa,0 Mpa,0.123 Mpa,0.124 Mpa,0.127 Mpa,0.978 Mpa,0.00438 Mpa,0.124 Mpa,0.125 Mpa,0.125 Mpa,0.123 Mpa,0 Mpa,0.120 Mpa,0.118 Mpa,0.121 Mpa,1.02 Mpa,0 Mpa,0.127 Mpa,0.127 Mpa,0.126 Mpa,0.129 Mpa,0 Mpa,1745 RPM
2026-07-28 01:00:00,0.122 Mpa,0.124 Mpa,0.124 Mpa,0.123 Mpa,0 Mpa,0.120 Mpa,0.108 Mpa,0.121 Mpa,1.02 Mpa,0 Mpa,0.117 Mpa,0.113 Mpa,0.116 Mpa,0.113 Mpa,0 Mpa,0.118 Mpa,0.122 Mpa,0.118 Mpa,0.121 Mpa,,0.117 Mpa,0.115 Mpa,0.117 Mpa,0.116 Mpa,0 Mpa,0.115 Mpa,0.116 Mpa,0.113 Mpa,0.116 Mpa,0.00751 Mpa,0.126 Mpa,0.126 Mpa,0.126 Mpa,0.125 Mpa,0 Mpa,0.125 Mpa,0.126 Mpa,0.128 Mpa,0.971 Mpa,0 Mpa,0.123 Mpa,0.125 Mpa,0.124 Mpa,0.123 Mpa,0 Mpa,0.121 Mpa,0.120 Mpa,0.123 Mpa,1.01 Mpa,0.0116 Mpa,0.113 Mpa,0.113 Mpa,0.113 Mpa,0.114 Mpa,0.00363 Mpa,1712 RPM
2026-07-28 04:00:00,0.122 Mpa,0.123 Mpa,0.123 Mpa,0.123 Mpa,0 Mpa,0.120 Mpa,0.101 Mpa,0.120 Mpa,1.02 Mpa,0 Mpa,0.120 Mpa,0.116 Mpa,0.120 Mpa,0.116 Mpa,0 Mpa,0.122 Mpa,0.126 Mpa,0.121 Mpa,0.125 Mpa,,0.118 Mpa,0.115 Mpa,0.117 Mpa,0.116 Mpa,0 Mpa,0.115 Mpa,0.115 Mpa,0.113 Mpa,0.116 Mpa,0 Mpa,0.122 Mpa,0.123 Mpa,0.121 Mpa,0.122 Mpa,0.00517 Mpa,0.127 Mpa,0.127 Mpa,0.130 Mpa,0.930 Mpa,0 Mpa,0.123 Mpa,0.125 Mpa,0.124 Mpa,0.123 Mpa,0 Mpa,0.122 Mpa,0.122 Mpa,0.125 Mpa,1.01 Mpa,0.00412 Mpa,0.119 Mpa,0.120 Mpa,0.119 Mpa,0.120 Mpa,0.00541 Mpa,1667 RPM
2026-07-28 07:00:00,0.125 Mpa,0.127 Mpa,0.126 Mpa,0.126 Mpa,0 Mpa,0.119 Mpa,0.107 Mpa,0.120 Mpa,1.02 Mpa,0 Mpa,0.123 Mpa,0.118 Mpa,0.123 Mpa,0.119 Mpa,0 Mpa,0.128 Mpa,0.132 Mpa,0.126 Mpa,0.129 Mpa,,0.113 Mpa,0.112 Mpa,0.113 Mpa,0.113 Mpa,0 Mpa,0.119 Mpa,0.119 Mpa,0.117 Mpa,0.120 Mpa,0 Mpa,0.132 Mpa,0.130 Mpa,0.130 Mpa,0.129 Mpa,0 Mpa,0.129 Mpa,0.130 Mpa,0.133 Mpa,0.911 Mpa,0 Mpa,0.129 Mpa,0.132 Mpa,0.131 Mpa,0.130 Mpa,0 Mpa,0.120 Mpa,0.119 Mpa,0.122 Mpa,1.02 Mpa,0 Mpa,0.127 Mpa,0.127 Mpa,0.127 Mpa,0.129 Mpa,0 Mpa,1769 RPM
2026-07-28 10:00:00,0.127 Mpa,0.130 Mpa,0.129 Mpa,0.129 Mpa,0.00497 Mpa,0.126 Mpa,0.110 Mpa,0.125 Mpa,1.02 Mpa,0 Mpa,0.122 Mpa,0.118 Mpa,0.122 Mpa,0.118 Mpa,0 Mpa,0.126 Mpa,0.130 Mpa,0.125 Mpa,0.128 Mpa,,0.117 Mpa,0.115 Mpa,0.117 Mpa,0.116 Mpa,0 Mpa,0.116 Mpa,0.117 Mpa,0.115 Mpa,0.118 Mpa,0.00974 Mpa,0.122 Mpa,0.121 Mpa,0.121 Mpa,0.121 Mpa,0.00755 Mpa,0.132 Mpa,0.133 Mpa,0.136 Mpa,0.879 Mpa,0 Mpa,0.126 Mpa,0.129 Mpa,0.128 Mpa,0.127 Mpa,0 Mpa,0.120 Mpa,0.119 Mpa,0.121 Mpa,1.02 Mpa,0 Mpa,0.123 Mpa,0.123 Mpa,0.123 Mpa,0.125 Mpa,0.0112 Mpa,1741 RPM
2026-07-28 13:00:00,0.126 Mpa,0.128 Mpa,0.128 Mpa,0.128 Mpa,0 Mpa,0.124 Mpa,0.0996 Mpa,0.124 Mpa,1.02 Mpa,0 Mpa,0.110 Mpa,0.108 Mpa,0.111 Mpa,0.108 Mpa,0.0315 Mpa,0.125 Mpa,0.129 Mpa,0.124 Mpa,0.126 Mpa,,0.113 Mpa,0.111 Mpa,0.112 Mpa,0.112 Mpa,0 Mpa,0.109 Mpa,0.109 Mpa,0.107 Mpa,0.110 Mpa,0 Mpa,0.129 Mpa,0.132 Mpa,0.128 Mpa,0.127 Mpa,0 Mpa,0.131 Mpa,0.132 Mpa,0.135 Mpa,0.903 Mpa,0.00703 Mpa,0.128 Mpa,0.131 Mpa,0.130 Mpa,0.128 Mpa,0.00636 Mpa,0.117 Mpa,0.116 Mpa,0.118 Mpa,1.02 Mpa,0 Mpa,0.119 Mpa,0.121 Mpa,0.119 Mpa,0.122 Mpa,0 Mpa,1671 RPM
2026-07-28 16:00:00,0.123 Mpa,0.124 Mpa,0.124 Mpa,0.124 Mpa,0 Mpa,0.118 Mpa,0.108 Mpa,0.118 Mpa,1.01 Mpa,0 Mpa,0.107 Mpa,0.106 Mpa,0.110 Mpa,0.106 Mpa,0.145 Mpa,0.121 Mpa,0.126 Mpa,0.120 Mpa,0.123 Mpa,,0.114 Mpa,0.112 Mpa,0.113 Mpa,0.113 Mpa,0 Mpa,0.111 Mpa,0.111 Mpa,0.110 Mpa,0.112 Mpa,0 Mpa,0.125 Mpa,0.126 Mpa,0.123 Mpa,0.123 Mpa,0 Mpa,0.128 Mpa,0.129 Mpa,0.131 Mpa,0.927 Mpa,0 Mpa,0.125 Mpa,0.129 Mpa,0.127 Mpa,0.126 Mpa,0.00549 Mpa,0.125 Mpa,0.124 Mpa,0.127 Mpa,1.01 Mpa,0.00383 Mpa,0.117 Mpa,0.117 Mpa,0.116 Mpa,0.119 Mpa,0.00455 Mpa,1662 RPM
2026-07-28 19:00:00,0.117 Mpa,0.118 Mpa,0.117 Mpa,0.117 Mpa,0.0110 Mpa,0.122 Mpa,0.108 Mpa,0.122 Mpa,1.02 Mpa,0 Mpa,0.117 Mpa,0.115 Mpa,0.117 Mpa,0.114 Mpa,0.0125 Mpa,0.121 Mpa,0.125 Mpa,0.120 Mpa,0.122 Mpa,,0.115 Mpa,0.114 Mpa,0.115 Mpa,0.115 Mpa,0 Mpa,0.116 Mpa,0.117 Mpa,0.115 Mpa,0.118 Mpa,0 Mpa,0.123 Mpa,0.122 Mpa,0.122 Mpa,0.121 Mpa,0 Mpa,0.127 Mpa,0.128 Mpa,0.131 Mpa,0.949 Mpa,0 Mpa,0.128 Mpa,0.130 Mpa,0.129 Mpa,0.128 Mpa,0 Mpa,0.115 Mpa,0.114 Mpa,0.116 Mpa,1.02 Mpa,0 Mpa,0.120 Mpa,0.120 Mpa,0.121 Mpa,0.122 Mpa,0 Mpa,1737 RPM
2026-07-28 22:00:00,,,,,,0.117 Mpa,0.108 Mpa,0.117 Mpa,1.02 Mpa,0 Mpa,0.122 Mpa,0.119 Mpa,0.122 Mpa,0.118 Mpa,0 Mpa,0.121 Mpa,0.124 Mpa,0.120 Mpa,0.122 Mpa,,0.117 Mpa,0.115 Mpa,0.116 Mpa,0.116 Mpa,0.0127 Mpa,0.116 Mpa,0.116 Mpa,0.114 Mpa,0.117 Mpa,0 Mpa,0.122 Mpa,0.121 Mpa,0.122 Mpa,0.120 Mpa,0 Mpa,0.121 Mpa,0.122 Mpa,0.124 Mpa,0.975 Mpa,0 Mpa,0.126 Mpa,0.130 Mpa,0.127 Mpa,0.127 Mpa,0 Mpa,0.113 Mpa,0.113 Mpa,0.114 Mpa,0.999 Mpa,0.0342 Mpa,0.120 Mpa,0.120 Mpa,0.120 Mpa,0.122 Mpa,0 Mpa,1641 RPM
2026-07-29 01:00:00,,,,,,0.118 Mpa,0.116 Mpa,0.118 Mpa,1.01 Mpa,0.00801 Mpa,0.120 Mpa,0.117 Mpa,0.121 Mpa,0.117 Mpa,0 Mpa,0.100 Mpa,0.104 Mpa,0.100 Mpa,0.103 Mpa,,0.117 Mpa,0.117 Mpa,0.116 Mpa,0.117 Mpa,0 Mpa,0.116 Mpa,0.116 Mpa,0.114 Mpa,0.117 Mpa,0.0194 Mpa,0.125 Mpa,0.126 Mpa,0.125 Mpa,0.124 Mpa,0 Mpa,0.128 Mpa,0.129 Mpa,0.131 Mpa,0.937 Mpa,0 Mpa,0.126 Mpa,0.129 Mpa,0.127 Mpa,0.127 Mpa,0 Mpa,0.125 Mpa,0.124 Mpa,0.126 Mpa,1.02 Mpa,0 Mpa,0.118 Mpa,0.118 Mpa,0.118 Mpa,0.119 Mpa,0 Mpa,1713 RPM
2026-07-29 04:00:00,,,,,,0.123 Mpa,0.109 Mpa,0.124 Mpa,1.01 Mpa,0.0122 Mpa,0.122 Mpa,0.118 Mpa,0.122 Mpa,0.118 Mpa,0 Mpa,0.120 Mpa,0.123 Mpa,0.120 Mpa,0.121 Mpa,,0.117 Mpa,0.115 Mpa,0.116 Mpa,0.117 Mpa,0 Mpa,0.114 Mpa,0.114 Mpa,0.113 Mpa,0.115 Mpa,0 Mpa,0.128 Mpa,0.129 Mpa,0.127 Mpa,0.127 Mpa,0 Mpa,0.127 Mpa,0.128 Mpa,0.130 Mpa,0.944 Mpa,0 Mpa,0.121 Mpa,0.123 Mpa,0.121 Mpa,0.122 Mpa,0.00567 Mpa,0.123 Mpa,0.122 Mpa,0.125 Mpa,1.02 Mpa,0 Mpa,0.115 Mpa,0.115 Mpa,0.115 Mpa,0.116 Mpa,0.00303 Mpa,1649 RPM
2026-07-29 07:00:00,,,,,,0.129 Mpa,0.119 Mpa,0.129 Mpa,1.02 Mpa,0 Mpa,0.124 Mpa,0.119 Mpa,0.124 Mpa,0.120 Mpa,0 Mpa,0.122 Mpa,0.124 Mpa,0.121 Mpa,0.123 Mpa,,0.118 Mpa,0.116 Mpa,0.118 Mpa,0.117 Mpa,0 Mpa,0.112 Mpa,0.112 Mpa,0.110 Mpa,0.113 Mpa,0.00560 Mpa,0.128 Mpa,0.129 Mpa,0.127 Mpa,0.126 Mpa,0 Mpa,0.129 Mpa,0.130 Mpa,0.133 Mpa,0.898 Mpa,0 Mpa,0.131 Mpa,0.134 Mpa,0.132 Mpa,0.131 Mpa,0 Mpa,0.123 Mpa,0.124 Mpa,0.125 Mpa,1.02 Mpa,0 Mpa,0.121 Mpa,0.121 Mpa,0.121 Mpa,0.122 Mpa,0 Mpa,1677 RPM
2026-07-29 10:00:00,,,,,,0.124 Mpa,0.110 Mpa,0.123 Mpa,1.02 Mpa,0 Mpa,0.123 Mpa,0.120 Mpa,0.122 Mpa,0.119 Mpa,0 Mpa,0.123 Mpa,0.126 Mpa,0.122 Mpa,0.124 Mpa,,0.105 Mpa,0.102 Mpa,0.102 Mpa,0.102 Mpa,0.00702 Mpa,0.118 Mpa,0.118 Mpa,0.116 Mpa,0.118 Mpa,0 Mpa,0.121 Mpa,0.121 Mpa,0.120 Mpa,0.120 Mpa,0.0191 Mpa,0.131 Mpa,0.132 Mpa,0.135 Mpa,0.887 Mpa,0 Mpa,0.132 Mpa,0.134 Mpa,0.134 Mpa,0.132 Mpa,0 Mpa,0.120 Mpa,0.119 Mpa,0.121 Mpa,1.02 Mpa,0 Mpa,0.121 Mpa,0.121 Mpa,0.121 Mpa,0.123 Mpa,0.0140 Mpa,1557 RPM
2026-07-29 13:00:00,0.119 Mpa,0.121 Mpa,0.120 Mpa,0.121 Mpa,0 Mpa,0.123 Mpa,0.0989 Mpa,0.122 Mpa,1.01 Mpa,0.00440 Mpa,0.113 Mpa,0.110 Mpa,0.113 Mpa,0.110 Mpa,0 Mpa,0.120 Mpa,0.124 Mpa,0.120 Mpa,0.123 Mpa,,0.103 Mpa,0.101 Mpa,0.100 Mpa,0.101 Mpa,0.0340 Mpa,0.116 Mpa,0.116 Mpa,0.114 Mpa,0.117 Mpa,0 Mpa,0.125 Mpa,0.126 Mpa,0.124 Mpa,0.124 Mpa,0 Mpa,0.127 Mpa,0.128 Mpa,0.131 Mpa,0.933 Mpa,0 Mpa,0.132 Mpa,0.134 Mpa,0.134 Mpa,0.131 Mpa,0.00418 Mpa,0.124 Mpa,0.124 Mpa,0.126 Mpa,1.02 Mpa,0 Mpa,,,,,,1667 RPM
2026-07-29 16:00:00,0.123 Mpa,0.125 Mpa,0.125 Mpa,0.124 Mpa,0 Mpa,0.118 Mpa,0.110 Mpa,0.118 Mpa,1.02 Mpa,0 Mpa,0.115 Mpa,0.114 Mpa,0.115 Mpa,0.113 Mpa,0.0513 Mpa,0.119 Mpa,0.122 Mpa,0.118 Mpa,0.121 Mpa,,0.114 Mpa,0.114 Mpa,0.114 Mpa,0.115 Mpa,0 Mpa,0.115 Mpa,0.115 Mpa,0.114 Mpa,0.116 Mpa,0 Mpa,0.122 Mpa,0.124 Mpa,0.122 Mpa,0.121 Mpa,0 Mpa,0.124 Mpa,0.125 Mpa,0.128 Mpa,0.960 Mpa,0 Mpa,0.123 Mpa,0.126 Mpa,0.125 Mpa,0.124 Mpa,0.00608 Mpa,0.121 Mpa,0.121 Mpa,0.123 Mpa,1.01 Mpa,0.00403 Mpa,0.120 Mpa,0.120 Mpa,0.119 Mpa,0.121 Mpa,0.0146 Mpa,1715 RPM
2026-07-29 19:00:00,0.124 Mpa,0.126 Mpa,0.126 Mpa,0.126 Mpa,0 Mpa,0.115 Mpa,0.102 Mpa,0.115 Mpa,1.02 Mpa,0 Mpa,,,,,,0.120 Mpa,0.124 Mpa,0.118 Mpa,0.122 Mpa,,0.119 Mpa,0.116 Mpa,0.118 Mpa,0.117 Mpa,0 Mpa,0.114 Mpa,0.114 Mpa,0.112 Mpa,0.115 Mpa,0 Mpa,0.128 Mpa,0.128 Mpa,0.127 Mpa,0.126 Mpa,0 Mpa,0.128 Mpa,0.129 Mpa,0.131 Mpa,0.969 Mpa,0 Mpa,0.123 Mpa,0.127 Mpa,0.125 Mpa,0.124 Mpa,0 Mpa,0.120 Mpa,0.119 Mpa,0.121 Mpa,1.02 Mpa,0 Mpa,0.117 Mpa,0.118 Mpa,0.117 Mpa,0.119 Mpa,0 Mpa,1756 RPM
2026-07-29 22:00:00,0.126 Mpa,0.128 Mpa,0.128 Mpa,0.127 Mpa,0.00298 Mpa,0.118 Mpa,0.0885 Mpa,0.119 Mpa,1.02 Mpa,0 Mpa,,,,,,0.121 Mpa,0.125 Mpa,0.119 Mpa,0.123 Mpa,,0.116 Mpa,0.113 Mpa,0.114 Mpa,0.114 Mpa,0.00771 Mpa,0.123 Mpa,0.123 Mpa,0.121 Mpa,0.124 Mpa,0 Mpa,0.129 Mpa,0.130 Mpa,0.128 Mpa,0.128 Mpa,0 Mpa,0.125 Mpa,0.125 Mpa,0.128 Mpa,0.965 Mpa,0.00533 Mpa,0.123 Mpa,0.126 Mpa,0.124 Mpa,0.124 Mpa,0 Mpa,0.121 Mpa,0.120 Mpa,0.123 Mpa,1.02 Mpa,0 Mpa,0.115 Mpa,0.116 Mpa,0.115 Mpa,0.117 Mpa,0 Mpa,1746 RPM
2026-07-30 01:00:00,0.120 Mpa,0.122 Mpa,0.121 Mpa,0.122 Mpa,0 Mpa,0.118 Mpa,0.0966 Mpa,0.118 Mpa,1.02 Mpa,0 Mpa,,,,,,0.117 Mpa,0.121 Mpa,0.116 Mpa,0.120 Mpa,,0.120 Mpa,0.118 Mpa,0.119 Mpa,0.118 Mpa,0 Mpa,0.117 Mpa,0.117 Mpa,0.115 Mpa,0.118 Mpa,0 Mpa,0.128 Mpa,0.129 Mpa,0.127 Mpa,0.126 Mpa,0 Mpa,0.124 Mpa,0.125 Mpa,0.127 Mpa,0.951 Mpa,0 Mpa,0.125 Mpa,0.128 Mpa,0.127 Mpa,0.126 Mpa,0 Mpa,0.116 Mpa,0.115 Mpa,0.117 Mpa,1.01 Mpa,0.00416 Mpa,0.125 Mpa,0.125 Mpa,0.127 Mpa,0.127 Mpa,0 Mpa,1721 RPM
2026-07-30 04:00:00,0.121 Mpa,0.122 Mpa,0.122 Mpa,0.122 Mpa,0 Mpa,0.117 Mpa,0.104 Mpa,0.117 Mpa,1.00 Mpa,0.0227 Mpa,,,,,,0.117 Mpa,0.120 Mpa,0.115 Mpa,0.118 Mpa,,0.121 Mpa,0.119 Mpa,0.120 Mpa,0.119 Mpa,0 Mpa,0.110 Mpa,0.111 Mpa,0.108 Mpa,0.111 Mpa,0.00591 Mpa,0.127 Mpa,0.129 Mpa,0.126 Mpa,0.125 Mpa,0 Mpa,0.119 Mpa,0.120 Mpa,0.122 Mpa,0.944 Mpa,0 Mpa,0.118 Mpa,0.119 Mpa,0.118 Mpa,0.117 Mpa,0 Mpa,0.118 Mpa,0.116 Mpa,0.119 Mpa,1.01 Mpa,0.0106 Mpa,0.121 Mpa,0.121 Mpa,0.121 Mpa,0.122 Mpa,0.0171 Mpa,1639 RPM
2026-07-30 07:00:00,0.123 Mpa,0.126 Mpa,0.125 Mpa,0.125 Mpa,0 Mpa,0.121 Mpa,0.0929 Mpa,0.121 Mpa,1.02 Mpa,0 Mpa,0.121 Mpa,0.118 Mpa,0.120 Mpa,0.118 Mpa,0 Mpa,0.121 Mpa,0.123 Mpa,0.118 Mpa,0.121 Mpa,,0.120 Mpa,0.117 Mpa,0.119 Mpa,0.118 Mpa,0 Mpa,0.113 Mpa,0.113 Mpa,0.111 Mpa,0.114 Mpa,0 Mpa,0.119 Mpa,0.124 Mpa,0.119 Mpa,0.118 Mpa,0 Mpa,0.127 Mpa,0.128 Mpa,0.131 Mpa,0.933 Mpa,0 Mpa,0.128 Mpa,0.130 Mpa,0.129 Mpa,0.128 Mpa,0 Mpa,0.124 Mpa,0.123 Mpa,0.126 Mpa,1.02 Mpa,0 Mpa,0.120 Mpa,0.120 Mpa,0.119 Mpa,0.122 Mpa,0 Mpa,1682 RPM
2026-07-30 10:00:00,0.122 Mpa,0.124 Mpa,0.124 Mpa,0.123 Mpa,0 Mpa,0.122 Mpa,0.0994 Mpa,0.122 Mpa,1.01 Mpa,0 Mpa,0.122 Mpa,0.120 Mpa,0.121 Mpa,0.120 Mpa,0 Mpa,0.120 Mpa,0.124 Mpa,0.119 Mpa,0.122 Mpa,,0.122 Mpa,0.120 Mpa,0.121 Mpa,0.120 Mpa,0 Mpa,0.121 Mpa,0.120 Mpa,0.119 Mpa,0.121 Mpa,0 Mpa,0.122 Mpa,0.125 Mpa,0.122 Mpa,0.122 Mpa,0.00512 Mpa,0.128 Mpa,0.130 Mpa,0.132 Mpa,0.911 Mpa,0.00487 Mpa,0.125 Mpa,0.128 Mpa,0.126 Mpa,0.126 Mpa,0 Mpa,0.101 Mpa,0.101 Mpa,0.102 Mpa,1.00 Mpa,0.0231 Mpa,0.123 Mpa,0.124 Mpa,0.125 Mpa,0.126 Mpa,0 Mpa,1664 RPM
2026-07-30 13:00:00,0.114 Mpa,0.115 Mpa,0.114 Mpa,0.115 Mpa,0.0102 Mpa,0.119 Mpa,0.110 Mpa,0.119 Mpa,1.02 Mpa,0 Mpa,0.118 Mpa,0.116 Mpa,0.118 Mpa,0.115 Mpa,0 Mpa,0.112 Mpa,0.114 Mpa,0.111 Mpa,0.113 Mpa,,0.123 Mpa,0.122 Mpa,0.122 Mpa,0.122 Mpa,0 Mpa,0.113 Mpa,0.113 Mpa,0.112 Mpa,0.114 Mpa,0.00707 Mpa,0.128 Mpa,0.130 Mpa,0.127 Mpa,0.126 Mpa,0 Mpa,0.125 Mpa,0.125 Mpa,0.128 Mpa,0.943 Mpa,0 Mpa,0.123 Mpa,0.127 Mpa,0.124 Mpa,0.124 Mpa,0 Mpa,,,,,,0.121 Mpa,0.121 Mpa,0.121 Mpa,0.123 Mpa,0 Mpa,1547 RPM
2026-07-30 16:00:00,0.119 Mpa,0.120 Mpa,0.120 Mpa,0.120 Mpa,0 Mpa,0.117 Mpa,0.108 Mpa,0.117 Mpa,1.01 Mpa,0.00949 Mpa,0.123 Mpa,0.120 Mpa,0.123 Mpa,0.119 Mpa,0 Mpa,0.114 Mpa,0.118 Mpa,0.114 Mpa,0.117 Mpa,,0.120 Mpa,0.119 Mpa,0.120 Mpa,0.120 Mpa,0 Mpa,0.116 Mpa,0.115 Mpa,0.114 Mpa,0.116 Mpa,0.00630 Mpa,0.123 Mpa,0.125 Mpa,0.122 Mpa,0.122 Mpa,0 Mpa,0.120 Mpa,0.121 Mpa,0.123 Mpa,0.953 Mpa,0 Mpa,0.129 Mpa,0.132 Mpa,0.130 Mpa,0.129 Mpa,0.00534 Mpa,,,,,,0.121 Mpa,0.121 Mpa,0.121 Mpa,0.123 Mpa,0.00567 Mpa,1636 RPM
2026-07-30 19:00:00,0.129 Mpa,0.132 Mpa,0.131 Mpa,0.131 Mpa,0 Mpa,,,,,,0.121 Mpa,0.117 Mpa,0.121 Mpa,0.117 Mpa,0 Mpa,0.118 Mpa,0.122 Mpa,0.117 Mpa,0.120 Mpa,,0.121 Mpa,0.119 Mpa,0.121 Mpa,0.121 Mpa,0 Mpa,0.112 Mpa,0.111 Mpa,0.111 Mpa,0.112 Mpa,0.00376 Mpa,0.123 Mpa,0.127 Mpa,0.123 Mpa,0.122 Mpa,0 Mpa,0.131 Mpa,0.132 Mpa,0.135 Mpa,0.887 Mpa,0 Mpa,0.127 Mpa,0.129 Mpa,0.128 Mpa,0.128 Mpa,0 Mpa,,,,,,0.121 Mpa,0.122 Mpa,0.121 Mpa,0.123 Mpa,0 Mpa,1780 RPM
2026-07-30 22:00:00,0.125 Mpa,0.127 Mpa,0.127 Mpa,0.127 Mpa,0.0135 Mpa,,,,,,0.124 Mpa,0.120 Mpa,0.124 Mpa,0.120 Mpa,0.00565 Mpa,0.119 Mpa,0.122 Mpa,0.118 Mpa,0.121 Mpa,,0.120 Mpa,0.118 Mpa,0.119 Mpa,0.119 Mpa,0.00830 Mpa,0.120 Mpa,0.119 Mpa,0.119 Mpa,0.120 Mpa,0 Mpa,0.124 Mpa,0.125 Mpa,0.124 Mpa,0.123 Mpa,0.00383 Mpa,0.129 Mpa,0.130 Mpa,0.133 Mpa,0.897 Mpa,0.0283 Mpa,0.125 Mpa,0.128 Mpa,0.126 Mpa,0.126 Mpa,0 Mpa,0.136 Mpa,0.135 Mpa,0.136 Mpa,1.01 Mpa,0.0213 Mpa,0.120 Mpa,0.120 Mpa,0.120 Mpa,0.121 Mpa,0 Mpa,1756 RPM
2026-07-31 01:00:00,0.124 Mpa,0.125 Mpa,0.125 Mpa,0.124 Mpa,0 Mpa,0.106 Mpa,0.105 Mpa,0.107 Mpa,0.978 Mpa,0.101 Mpa,0.124 Mpa,0.120 Mpa,0.123 Mpa,0.120 Mpa,0 Mpa,0.114 Mpa,0.117 Mpa,0.114 Mpa,0.116 Mpa,,0.121 Mpa,0.119 Mpa,0.121 Mpa,0.120 Mpa,0 Mpa,0.111 Mpa,0.111 Mpa,0.110 Mpa,0.112 Mpa,0.00787 Mpa,0.123 Mpa,0.124 Mpa,0.123 Mpa,0.123 Mpa,0.0513 Mpa,0.128 Mpa,0.129 Mpa,0.131 Mpa,0.909 Mpa,0 Mpa,0.127 Mpa,0.130 Mpa,0.129 Mpa,0.128 Mpa,0 Mpa,0.143 Mpa,0.141 Mpa,0.144 Mpa,1.01 Mpa,0.00811 Mpa,0.118 Mpa,0.118 Mpa,0.118 Mpa,0.120 Mpa,0 Mpa,1674 RPM
2026-07-31 04:00:00,0.119 Mpa,0.120 Mpa,0.120 Mpa,0.120 Mpa,0 Mpa,0.120 Mpa,0.102 Mpa,0.120 Mpa,1.01 Mpa,0.0112 Mpa,0.122 Mpa,0.119 Mpa,0.121 Mpa,0.118 Mpa,0 Mpa,0.120 Mpa,0.122 Mpa,0.119 Mpa,0.121 Mpa,,0.114 Mpa,0.112 Mpa,0.113 Mpa,0.113 Mpa,0 Mpa,0.109 Mpa,0.109 Mpa,0.107 Mpa,0.110 Mpa,0 Mpa,,,,,,0.124 Mpa,0.125 Mpa,0.127 Mpa,0.904 Mpa,0 Mpa,0.122 Mpa,0.124 Mpa,0.123 Mpa,0.122 Mpa,0 Mpa,0.138 Mpa,0.137 Mpa,0.140 Mpa,1.01 Mpa,0.00424 Mpa,0.120 Mpa,0.120 Mpa,0.120 Mpa,0.121 Mpa,0.00465 Mpa,1674 RPM
2026-07-31 07:00:00,0.123 Mpa,0.125 Mpa,0.124 Mpa,0.124 Mpa,0.00265 Mpa,0.124 Mpa,0.104 Mpa,0.124 Mpa,1.02 Mpa,0 Mpa,0.127 Mpa,0.123 Mpa,0.126 Mpa,0.123 Mpa,0 Mpa,0.118 Mpa,0.121 Mpa,0.118 Mpa,0.120 Mpa,,0.121 Mpa,0.119 Mpa,0.120 Mpa,0.120 Mpa,0 Mpa,0.117 Mpa,0.117 Mpa,0.115 Mpa,0.117 Mpa,0 Mpa,,,,,,0.129 Mpa,0.130 Mpa,0.134 Mpa,0.909 Mpa,0 Mpa,0.128 Mpa,0.131 Mpa,0.129 Mpa,0.128 Mpa,0 Mpa,0.129 Mpa,0.128 Mpa,0.131 Mpa,1.02 Mpa,0 Mpa,0.124 Mpa,0.124 Mpa,0.124 Mpa,0.126 Mpa,0 Mpa,1783 RPM
2026-07-31 10:00:00,0.129 Mpa,0.131 Mpa,0.131 Mpa,0.130 Mpa,0 Mpa,0.119 Mpa,0.103 Mpa,0.119 Mpa,1.02 Mpa,0 Mpa,0.122 Mpa,0.119 Mpa,0.122 Mpa,0.119 Mpa,0 Mpa,0.113 Mpa,0.116 Mpa,0.113 Mpa,0.115 Mpa,,0.118 Mpa,0.117 Mpa,0.117 Mpa,0.118 Mpa,0 Mpa,0.117 Mpa,0.117 Mpa,0.116 Mpa,0.118 Mpa,0 Mpa,0.126 Mpa,0.127 Mpa,0.125 Mpa,0.125 Mpa,0.0222 Mpa,0.127 Mpa,0.129 Mpa,0.131 Mpa,0.905 Mpa,0 Mpa,0.128 Mpa,0.130 Mpa,0.129 Mpa,0.128 Mpa,0 Mpa,0.124 Mpa,0.124 Mpa,0.126 Mpa,1.02 Mpa,0 Mpa,0.124 Mpa,0.124 Mpa,0.124 Mpa,0.126 Mpa,0 Mpa,1704 RPM
2026-07-31 13:00:00,0.122 Mpa,0.125 Mpa,0.124 Mpa,0.124 Mpa,0.00663 Mpa,0.124 Mpa,0.113 Mpa,0.124 Mpa,1.02 Mpa,0 Mpa,0.119 Mpa,0.117 Mpa,0.119 Mpa,0.116 Mpa,0 Mpa,0.117 Mpa,0.121 Mpa,0.116 Mpa,0.119 Mpa,,0.123 Mpa,0.121 Mpa,0.123 Mpa,0.122 Mpa,0 Mpa,0.117 Mpa,0.116 Mpa,0.115 Mpa,0.117 Mpa,0.00677 Mpa,0.126 Mpa,0.128 Mpa,0.125 Mpa,0.124 Mpa,0 Mpa,0.126 Mpa,0.128 Mpa,0.130 Mpa,0.929 Mpa,0.00725 Mpa,0.120 Mpa,0.123 Mpa,0.121 Mpa,0.120 Mpa,0 Mpa,0.123 Mpa,0.123 Mpa,0.125 Mpa,1.02 Mpa,0 Mpa,0.123 Mpa,0.123 Mpa,0.122 Mpa,0.124 Mpa,0.00521 Mpa,1704 RPM
2026-07-31 16:00:00,0.123 Mpa,0.124 Mpa,0.124 Mpa,0.124 Mpa,0 Mpa,0.119 Mpa,0.101 Mpa,0.119 Mpa,1.02 Mpa,0 Mpa,0.119 Mpa,0.116 Mpa,0.119 Mpa,0.116 Mpa,0 Mpa,0.112 Mpa,0.116 Mpa,0.111 Mpa,0.115 Mpa,,0.119 Mpa,0.118 Mpa,0.119 Mpa,0.119 Mpa,0 Mpa,0.109 Mpa,0.109 Mpa,0.107 Mpa,0.110 Mpa,0 Mpa,0.124 Mpa,0.128 Mpa,0.123 Mpa,0.123 Mpa,0 Mpa,0.126 Mpa,0.126 Mpa,0.129 Mpa,0.935 Mpa,0 Mpa,0.123 Mpa,0.125 Mpa,0.124 Mpa,0.124 Mpa,0.00612 Mpa,0.121 Mpa,0.120 Mpa,0.123 Mpa,1.01 Mpa,0.00442 Mpa,0.112 Mpa,0.113 Mpa,0.112 Mpa,0.113 Mpa,0 Mpa,1603 RPM
2026-07-31 19:00:00,0.123 Mpa,0.124 Mpa,0.125 Mpa,0.124 Mpa,0 Mpa,0.118 Mpa,0.110 Mpa,0.118 Mpa,1.02 Mpa,0 Mpa,0.116 Mpa,0.113 Mpa,0.116 Mpa,0.113 Mpa,0 Mpa,0.116 Mpa,0.118 Mpa,0.115 Mpa,0.117 Mpa,,0.121 Mpa,0.119 Mpa,0.121 Mpa,0.120 Mpa,0 Mpa,0.103 Mpa,0.105 Mpa,0.103 Mpa,0.105 Mpa,0 Mpa,0.125 Mpa,0.127 Mpa,0.125 Mpa,0.123 Mpa,0 Mpa,0.128 Mpa,0.129 Mpa,0.132 Mpa,0.940 Mpa,0 Mpa,0.127 Mpa,0.129 Mpa,0.129 Mpa,0.127 Mpa,0 Mpa,0.120 Mpa,0.119 Mpa,0.121 Mpa,1.02 Mpa,0 Mpa,0.118 Mpa,0.118 Mpa,0.119 Mpa,0.119 Mpa,0 Mpa,1693 RPM
2026-07-31 22:00:00,0.121 Mpa,0.122 Mpa,0.123 Mpa,0.122 Mpa,0.0109 Mpa,0.119 Mpa,0.0959 Mpa,0.119 Mpa,1.02 Mpa,0 Mpa,0.115 Mpa,0.113 Mpa,0.114 Mpa,0.112 Mpa,0.00360 Mpa,0.116 Mpa,0.117 Mpa,0.115 Mpa,0.116 Mpa,,0.121 Mpa,0.119 Mpa,0.121 Mpa,0.120 Mpa,0.00713 Mpa,0.110 Mpa,0.112 Mpa,0.109 Mpa,0.112 Mpa,0.0212 Mpa,0.126 Mpa,0.128 Mpa,0.125 Mpa,0.125 Mpa,0 Mpa,0.128 Mpa,0.129 Mpa,0.131 Mpa,0.949 Mpa,0.0156 Mpa,0.127 Mpa,0.131 Mpa,0.129 Mpa,0.128 Mpa,0 Mpa,0.121 Mpa,0.121 Mpa,0.123 Mpa,1.01 Mpa,0.00404 Mpa,0.123 Mpa,0.123 Mpa,0.122 Mpa,0.124 Mpa,0 Mpa,1746 RPM
2026-08-01 01:00:00,0.122 Mpa,0.124 Mpa,0.124 Mpa,0.124 Mpa,0 Mpa,0.115 Mpa,0.100 Mpa,0.116 Mpa,1.01 Mpa,0.00906 Mpa,0.113 Mpa,0.110 Mpa,0.114 Mpa,0.110 Mpa,0.0152 Mpa,0.108 Mpa,0.110 Mpa,0.108 Mpa,0.109 Mpa,,0.118 Mpa,0.117 Mpa,0.118 Mpa,0.118 Mpa,0 Mpa,0.122 Mpa,0.123 Mpa,0.120 Mpa,0.123 Mpa,0 Mpa,0.126 Mpa,0.130 Mpa,0.125 Mpa,0.125 Mpa,0.0129 Mpa,0.126 Mpa,0.127 Mpa,0.129 Mpa,0.932 Mpa,0 Mpa,0.129 Mpa,0.131 Mpa,0.131 Mpa,0.129 Mpa,0 Mpa,0.123 Mpa,0.122 Mpa,0.125 Mpa,1.02 Mpa,0 Mpa,0.120 Mpa,0.121 Mpa,0.120 Mpa,0.122 Mpa,0 Mpa,1709 RPM
2026-08-01 04:00:00,0.121 Mpa,0.123 Mpa,0.123 Mpa,0.123 Mpa,0 Mpa,0.118 Mpa,0.109 Mpa,0.118 Mpa,1.01 Mpa,0 Mpa,0.115 Mpa,0.113 Mpa,0.116 Mpa,0.113 Mpa,0 Mpa,0.113 Mpa,0.116 Mpa,0.113 Mpa,0.115 Mpa,,0.116 Mpa,0.115 Mpa,0.115 Mpa,0.116 Mpa,0 Mpa,0.117 Mpa,0.117 Mpa,0.115 Mpa,0.118 Mpa,0 Mpa,0.125 Mpa,0.129 Mpa,0.124 Mpa,0.124 Mpa,0 Mpa,0.125 Mpa,0.126 Mpa,0.128 Mpa,0.916 Mpa,0 Mpa,0.122 Mpa,0.125 Mpa,0.123 Mpa,0.123 Mpa,0.00447 Mpa,0.122 Mpa,0.120 Mpa,0.123 Mpa,1.01 Mpa,0.00407 Mpa,0.121 Mpa,0.121 Mpa,0.121 Mpa,0.123 Mpa,0.00427 Mpa,1699 RPM
2026-08-01 07:00:00,0.126 Mpa,0.127 Mpa,0.128 Mpa,0.128 Mpa,0 Mpa,0.119 Mpa,0.113 Mpa,0.120 Mpa,1.02 Mpa,0 Mpa,0.119 Mpa,0.116 Mpa,0.119 Mpa,0.116 Mpa,0 Mpa,0.116 Mpa,0.119 Mpa,0.115 Mpa,0.117 Mpa,,0.121 Mpa,0.119 Mpa,0.121 Mpa,0.120 Mpa,0 Mpa,0.116 Mpa,0.116 Mpa,0.114 Mpa,0.117 Mpa,0 Mpa,0.123 Mpa,0.124 Mpa,0.122 Mpa,0.122 Mpa,0 Mpa,0.131 Mpa,0.132 Mpa,0.136 Mpa,0.904 Mpa,0 Mpa,0.131 Mpa,0.134 Mpa,0.133 Mpa,0.131 Mpa,0 Mpa,0.122 Mpa,0.121 Mpa,0.124 Mpa,1.02 Mpa,0 Mpa,0.125 Mpa,0.125 Mpa,0.125 Mpa,0.128 Mpa,0 Mpa,1779 RPM
2026-08-01 10:00:00,0.129 Mpa,0.131 Mpa,0.131 Mpa,0.131 Mpa,0 Mpa,0.117 Mpa,0.107 Mpa,0.118 Mpa,1.00 Mpa,0 Mpa,0.118 Mpa,0.114 Mpa,0.117 Mpa,0.115 Mpa,0 Mpa,0.125 Mpa,0.127 Mpa,0.123 Mpa,0.126 Mpa,,0.116 Mpa,0.114 Mpa,0.116 Mpa,0.115 Mpa,0.00626 Mpa,0.115 Mpa,0.115 Mpa,0.114 Mpa,0.117 Mpa,0.00469 Mpa,0.124 Mpa,0.126 Mpa,0.123 Mpa,0.123 Mpa,0.00422 Mpa,0.126 Mpa,0.127 Mpa,0.129 Mpa,0.910 Mpa,0 Mpa,0.129 Mpa,0.133 Mpa,0.131 Mpa,0.129 Mpa,0 Mpa,0.119 Mpa,0.118 Mpa,0.121 Mpa,1.02 Mpa,0 Mpa,0.124 Mpa,0.124 Mpa,0.123 Mpa,0.126 Mpa,0.00517 Mpa,1756 RPM
2026-08-01 13:00:00,0.118 Mpa,0.120 Mpa,0.119 Mpa,0.119 Mpa,0.00587 Mpa,0.120 Mpa,0.106 Mpa,0.120 Mpa,1.02 Mpa,0 Mpa,0.120 Mpa,0.118 Mpa,0.120 Mpa,0.118 Mpa,0.00962 Mpa,0.116 Mpa,0.119 Mpa,0.115 Mpa,0.118 Mpa,,0.121 Mpa,0.120 Mpa,0.120 Mpa,0.120 Mpa,0.0137 Mpa,0.114 Mpa,0.113 Mpa,0.112 Mpa,0.114 Mpa,0 Mpa,0.123 Mpa,0.126 Mpa,0.122 Mpa,0.121 Mpa,0.00507 Mpa,0.128 Mpa,0.129 Mpa,0.132 Mpa,0.914 Mpa,0 Mpa,0.129 Mpa,0.133 Mpa,0.131 Mpa,0.129 Mpa,0 Mpa,0.116 Mpa,0.115 Mpa,0.118 Mpa,1.01 Mpa,0.0103 Mpa,0.121 Mpa,0.121 Mpa,0.120 Mpa,0.123 Mpa,0 Mpa,1645 RPM
2026-08-01 16:00:00,0.122 Mpa,0.124 Mpa,0.124 Mpa,0.124 Mpa,0 Mpa,0.120 Mpa,0.107 Mpa,0.120 Mpa,1.02 Mpa,0 Mpa,0.120 Mpa,0.117 Mpa,0.120 Mpa,0.117 Mpa,0 Mpa,0.112 Mpa,0.114 Mpa,0.112 Mpa,0.113 Mpa,,0.116 Mpa,0.115 Mpa,0.115 Mpa,0.116 Mpa,0 Mpa,0.104 Mpa,0.104 Mpa,0.103 Mpa,0.104 Mpa,0 Mpa,0.125 Mpa,0.128 Mpa,0.124 Mpa,0.123 Mpa,0 Mpa,0.125 Mpa,0.127 Mpa,0.129 Mpa,0.921 Mpa,0 Mpa,0.124 Mpa,0.127 Mpa,0.126 Mpa,0.125 Mpa,0.00420 Mpa,0.121 Mpa,0.120 Mpa,0.122 Mpa,1.01 Mpa,0.00414 Mpa,0.122 Mpa,0.122 Mpa,0.121 Mpa,0.123 Mpa,0 Mpa,1674 RPM
2026-08-01 19:00:00,0.124 Mpa,0.126 Mpa,0.126 Mpa,0.126 Mpa,0 Mpa,0.119 Mpa,0.105 Mpa,0.119 Mpa,1.02 Mpa,0 Mpa,0.117 Mpa,0.114 Mpa,0.117 Mpa,0.114 Mpa,0 Mpa,0.123 Mpa,0.127 Mpa,0.123 Mpa,0.125 Mpa,,0.120 Mpa,0.119 Mpa,0.119 Mpa,0.119 Mpa,0 Mpa,0.111 Mpa,0.111 Mpa,0.109 Mpa,0.111 Mpa,0 Mpa,0.124 Mpa,0.126 Mpa,0.123 Mpa,0.122 Mpa,0 Mpa,0.127 Mpa,0.128 Mpa,0.131 Mpa,0.920 Mpa,0 Mpa,0.122 Mpa,0.125 Mpa,0.124 Mpa,0.122 Mpa,0.0161 Mpa,0.112 Mpa,0.112 Mpa,0.113 Mpa,1.01 Mpa,0.00435 Mpa,0.112 Mpa,0.113 Mpa,0.113 Mpa,0.114 Mpa,0 Mpa,1672 RPM
2026-08-01 22:00:00,0.117 Mpa,0.120 Mpa,0.118 Mpa,0.118 Mpa,0.00252 Mpa,0.117 Mpa,0.111 Mpa,0.118 Mpa,1.02 Mpa,0 Mpa,0.117 Mpa,0.115 Mpa,0.117 Mpa,0.114 Mpa,0 Mpa,0.110 Mpa,0.112 Mpa,0.110 Mpa,0.111 Mpa,,0.121 Mpa,0.120 Mpa,0.120 Mpa,0.120 Mpa,0 Mpa,0.108 Mpa,0.109 Mpa,0.106 Mpa,0.109 Mpa,0 Mpa,0.124 Mpa,0.128 Mpa,0.124 Mpa,0.123 Mpa,0 Mpa,0.125 Mpa,0.127 Mpa,0.128 Mpa,0.896 Mpa,0.00420 Mpa,0.129 Mpa,0.130 Mpa,0.130 Mpa,0.128 Mpa,0 Mpa,0.126 Mpa,0.125 Mpa,0.128 Mpa,1.01 Mpa,0.00420 Mpa,0.120 Mpa,0.120 Mpa,0.120 Mpa,0.121 Mpa,0 Mpa,1561 RPM
2026-08-02 01:00:00,0.125 Mpa,0.127 Mpa,0.127 Mpa,0.127 Mpa,0 Mpa,0.116 Mpa,0.104 Mpa,0.117 Mpa,1.01 Mpa,0 Mpa,0.118 Mpa,0.115 Mpa,0.118 Mpa,0.115 Mpa,0.00726 Mpa,0.111 Mpa,0.113 Mpa,0.111 Mpa,0.112 Mpa,,0.122 Mpa,0.120 Mpa,0.122 Mpa,0.121 Mpa,0.0171 Mpa,0.116 Mpa,0.116 Mpa,0.114 Mpa,0.117 Mpa,0.0724 Mpa,0.130 Mpa,0.131 Mpa,0.128 Mpa,0.127 Mpa,0 Mpa,0.127 Mpa,0.128 Mpa,0.130 Mpa,0.900 Mpa,0 Mpa,0.127 Mpa,0.129 Mpa,0.129 Mpa,0.126 Mpa,0 Mpa,0.128 Mpa,0.127 Mpa,0.130 Mpa,1.02 Mpa,0 Mpa,0.117 Mpa,0.117 Mpa,0.121 Mpa,0.118 Mpa,0.00590 Mpa,1616 RPM
2026-08-02 04:00:00,0.126 Mpa,0.127 Mpa,0.127 Mpa,0.127 Mpa,0 Mpa,0.119 Mpa,0.0979 Mpa,0.119 Mpa,1.01 Mpa,0 Mpa,0.118 Mpa,0.115 Mpa,0.118 Mpa,0.115 Mpa,0 Mpa,0.111 Mpa,0.112 Mpa,0.111 Mpa,0.112 Mpa,,,,,,,,,,,,0.123 Mpa,0.127 Mpa,0.122 Mpa,0.122 Mpa,0 Mpa,0.124 Mpa,0.125 Mpa,0.127 Mpa,0.949 Mpa,0 Mpa,0.125 Mpa,0.128 Mpa,0.127 Mpa,0.125 Mpa,0.0140 Mpa,0.118 Mpa,0.117 Mpa,0.120 Mpa,1.01 Mpa,0.00846 Mpa,0.108 Mpa,0.108 Mpa,0.108 Mpa,0.109 Mpa,0.00474 Mpa,1555 RPM
2026-08-02 07:00:00,0.127 Mpa,0.129 Mpa,0.130 Mpa,0.129 Mpa,0 Mpa,0.120 Mpa,0.101 Mpa,0.120 Mpa,1.02 Mpa,0 Mpa,0.472 Mpa,0.473 Mpa,0.464 Mpa,0.473 Mpa,0 Mpa,0.124 Mpa,0.127 Mpa,0.124 Mpa,0.126 Mpa,,,,,,,0.118 Mpa,0.118 Mpa,0.116 Mpa,0.118 Mpa,0.0244 Mpa,0.130 Mpa,0.132 Mpa,0.129 Mpa,0.128 Mpa,0 Mpa,0.130 Mpa,0.130 Mpa,0.133 Mpa,0.899 Mpa,0 Mpa,0.131 Mpa,0.134 Mpa,0.133 Mpa,0.132 Mpa,0 Mpa,0.125 Mpa,0.123 Mpa,0.126 Mpa,1.02 Mpa,0 Mpa,0.118 Mpa,0.118 Mpa,0.118 Mpa,0.119 Mpa,0 Mpa,1782 RPM
2026-08-02 10:00:00,0.126 Mpa,0.128 Mpa,0.128 Mpa,0.127 Mpa,0 Mpa,0.122 Mpa,0.101 Mpa,0.122 Mpa,1.02 Mpa,0 Mpa,1.02 Mpa,1.02 Mpa,1.02 Mpa,1.02 Mpa,0 Mpa,0.127 Mpa,0.130 Mpa,0.126 Mpa,0.128 Mpa,,,,,,,0.117 Mpa,0.118 Mpa,0.115 Mpa,0.118 Mpa,0.0124 Mpa,0.128 Mpa,0.131 Mpa,0.127 Mpa,0.126 Mpa,0.00507 Mpa,0.129 Mpa,0.130 Mpa,0.133 Mpa,0.888 Mpa,0 Mpa,0.132 Mpa,0.136 Mpa,0.135 Mpa,0.132 Mpa,0 Mpa,0.123 Mpa,0.122 Mpa,0.125 Mpa,1.02 Mpa,0 Mpa,0.120 Mpa,0.121 Mpa,0.121 Mpa,0.124 Mpa,0.0199 Mpa,1724 RPM
2026-08-02 13:00:00,0.128 Mpa,0.130 Mpa,0.130 Mpa,0.129 Mpa,0 Mpa,0.122 Mpa,0.104 Mpa,0.121 Mpa,1.02 Mpa,0 Mpa,0.994 Mpa,1.02 Mpa,1.02 Mpa,1.02 Mpa,0 Mpa,0.119 Mpa,0.122 Mpa,0.118 Mpa,0.120 Mpa,,,,,,,,,,,,0.127 Mpa,0.131 Mpa,0.126 Mpa,0.126 Mpa,0 Mpa,0.129 Mpa,0.129 Mpa,0.133 Mpa,0.923 Mpa,0 Mpa,0.125 Mpa,0.129 Mpa,0.127 Mpa,0.126 Mpa,0.00458 Mpa,0.125 Mpa,0.125 Mpa,0.127 Mpa,1.01 Mpa,0.00511 Mpa,0.111 Mpa,0.112 Mpa,0.112 Mpa,0.112 Mpa,0.0417 Mpa,1697 RPM
2026-08-02 16:00:00,0.123 Mpa,0.125 Mpa,0.125 Mpa,0.124 Mpa,0 Mpa,0.121 Mpa,0.103 Mpa,0.120 Mpa,1.01 Mpa,0 Mpa,0.772 Mpa,0.797 Mpa,0.793 Mpa,0.797 Mpa,0 Mpa,0.115 Mpa,0.118 Mpa,0.115 Mpa,0.117 Mpa,,,,,,,,,,,,0.124 Mpa,0.126 Mpa,0.123 Mpa,0.122 Mpa,0 Mpa,0.127 Mpa,0.128 Mpa,0.130 Mpa,0.918 Mpa,0 Mpa,0.126 Mpa,0.128 Mpa,0.128 Mpa,0.126 Mpa,0 Mpa,0.125 Mpa,0.124 Mpa,0.126 Mpa,1.01 Mpa,0.00408 Mpa,0.124 Mpa,0.124 Mpa,0.124 Mpa,0.126 Mpa,0.00438 Mpa,1688 RPM
2026-08-02 19:00:00,0.126 Mpa,0.127 Mpa,0.127 Mpa,0.127 Mpa,0 Mpa,0.120 Mpa,0.109 Mpa,0.120 Mpa,1.02 Mpa,0 Mpa,0.140 Mpa,0.139 Mpa,0.140 Mpa,0.139 Mpa,0.108 Mpa,0.117 Mpa,0.121 Mpa,0.117 Mpa,0.119 Mpa,,,,,,,,,,,,0.126 Mpa,0.127 Mpa,0.126 Mpa,0.124 Mpa,0 Mpa,0.129 Mpa,0.130 Mpa,0.133 Mpa,0.895 Mpa,0 Mpa,0.127 Mpa,0.130 Mpa,0.129 Mpa,0.128 Mpa,0 Mpa,0.122 Mpa,0.121 Mpa,0.124 Mpa,1.02 Mpa,0 Mpa,0.122 Mpa,0.122 Mpa,0.122 Mpa,0.124 Mpa,0 Mpa,1742 RPM
2026-08-02 22:00:00,0.121 Mpa,0.123 Mpa,0.123 Mpa,0.123 Mpa,0.0107 Mpa,0.119 Mpa,0.114 Mpa,0.119 Mpa,1.02 Mpa,0 Mpa,0.110 Mpa,0.108 Mpa,0.110 Mpa,0.108 Mpa,0.00612 Mpa,0.117 Mpa,0.120 Mpa,0.116 Mpa,0.118 Mpa,,0.102 Mpa,0.102 Mpa,0.101 Mpa,0.102 Mpa,0.304 Mpa,,,,,,0.123 Mpa,0.125 Mpa,0.123 Mpa,0.122 Mpa,0 Mpa,0.126 Mpa,0.127 Mpa,0.130 Mpa,0.903 Mpa,0.00570 Mpa,0.123 Mpa,0.125 Mpa,0.125 Mpa,0.122 Mpa,0 Mpa,0.123 Mpa,0.122 Mpa,0.126 Mpa,1.02 Mpa,0 Mpa,0.120 Mpa,0.120 Mpa,0.120 Mpa,0.121 Mpa,0 Mpa,1680 RPM
2026-08-03 01:00:00,0.125 Mpa,0.127 Mpa,0.126 Mpa,0.126 Mpa,0 Mpa,0.121 Mpa,0.0950 Mpa,0.120 Mpa,1.01 Mpa,0.00711 Mpa,0.121 Mpa,0.120 Mpa,0.122 Mpa,0.119 Mpa,0 Mpa,0.114 Mpa,0.117 Mpa,0.114 Mpa,0.116 Mpa,,0.118 Mpa,0.116 Mpa,0.117 Mpa,0.117 Mpa,0.0232 Mpa,,,,,,0.125 Mpa,0.128 Mpa,0.124 Mpa,0.123 Mpa,0 Mpa,0.127 Mpa,0.128 Mpa,0.131 Mpa,0.898 Mpa,0 Mpa,0.126 Mpa,0.128 Mpa,0.128 Mpa,0.126 Mpa,0 Mpa,0.122 Mpa,0.121 Mpa,0.124 Mpa,1.01 Mpa,0.0128 Mpa,0.121 Mpa,0.120 Mpa,0.121 Mpa,0.122 Mpa,0 Mpa,1709 RPM
2026-08-03 04:00:00,0.125 Mpa,0.126 Mpa,0.127 Mpa,0.126 Mpa,0 Mpa,0.124 Mpa,0.115 Mpa,0.124 Mpa,1.01 Mpa,0 Mpa,0.120 Mpa,0.118 Mpa,0.121 Mpa,0.117 Mpa,0 Mpa,0.117 Mpa,0.119 Mpa,0.117 Mpa,0.118 Mpa,,0.119 Mpa,0.118 Mpa,0.119 Mpa,0.119 Mpa,0 Mpa,,,,,,0.123 Mpa,0.126 Mpa,0.123 Mpa,0.122 Mpa,0 Mpa,0.127 Mpa,0.127 Mpa,0.129 Mpa,0.941 Mpa,0 Mpa,0.127 Mpa,0.128 Mpa,0.128 Mpa,0.127 Mpa,0 Mpa,0.121 Mpa,0.120 Mpa,0.123 Mpa,1.01 Mpa,0.00414 Mpa,0.115 Mpa,0.115 Mpa,0.116 Mpa,0.116 Mpa,0.00459 Mpa,1668 RPM
2026-08-03 07:00:00,0.125 Mpa,0.126 Mpa,0.126 Mpa,0.126 Mpa,0 Mpa,0.120 Mpa,0.104 Mpa,0.120 Mpa,1.02 Mpa,0 Mpa,0.120 Mpa,0.117 Mpa,0.120 Mpa,0.116 Mpa,0 Mpa,0.123 Mpa,0.126 Mpa,0.122 Mpa,0.124 Mpa,,0.120 Mpa,0.119 Mpa,0.120 Mpa,0.119 Mpa,0 Mpa,0.100 Mpa,0.101 Mpa,0.100 Mpa,0.103 Mpa,0.0631 Mpa,0.124 Mpa,0.125 Mpa,0.123 Mpa,0.123 Mpa,0 Mpa,0.129 Mpa,0.130 Mpa,0.133 Mpa,0.892 Mpa,0 Mpa,0.131 Mpa,0.134 Mpa,0.133 Mpa,0.131 Mpa,0 Mpa,0.122 Mpa,0.121 Mpa,0.124 Mpa,1.02 Mpa,0 Mpa,0.126 Mpa,0.125 Mpa,0.126 Mpa,0.125 Mpa,0 Mpa,1753 RPM
2026-08-03 10:00:00,0.125 Mpa,0.127 Mpa,0.127 Mpa,0.127 Mpa,0 Mpa,0.122 Mpa,0.102 Mpa,0.122 Mpa,1.02 Mpa,0 Mpa,0.125 Mpa,0.120 Mpa,0.124 Mpa,0.120 Mpa,0 Mpa,0.121 Mpa,0.124 Mpa,0.120 Mpa,0.123 Mpa,,0.117 Mpa,0.115 Mpa,0.117 Mpa,0.116 Mpa,0 Mpa,0.113 Mpa,0.113 Mpa,0.112 Mpa,0.114 Mpa,0.00932 Mpa,0.125 Mpa,0.127 Mpa,0.124 Mpa,0.124 Mpa,0.00522 Mpa,0.129 Mpa,0.130 Mpa,0.133 Mpa,0.884 Mpa,0 Mpa,0.129 Mpa,0.132 Mpa,0.131 Mpa,0.129 Mpa,0 Mpa,0.121 Mpa,0.120 Mpa,0.122 Mpa,1.01 Mpa,0.00412 Mpa,0.126 Mpa,0.126 Mpa,0.134 Mpa,0.127 Mpa,0.0159 Mpa,1749 RPM
2026-08-03 13:00:00,0.127 Mpa,0.129 Mpa,0.129 Mpa,0.128 Mpa,0 Mpa,0.120 Mpa,0.101 Mpa,0.120 Mpa,1.02 Mpa,0 Mpa,0.105 Mpa,0.104 Mpa,0.105 Mpa,0.104 Mpa,0.00448 Mpa,0.114 Mpa,0.116 Mpa,0.114 Mpa,0.115 Mpa,,0.115 Mpa,0.114 Mpa,0.115 Mpa,0.115 Mpa,0 Mpa,0.114 Mpa,0.115 Mpa,0.113 Mpa,0.116 Mpa,0 Mpa,0.125 Mpa,0.127 Mpa,0.124 Mpa,0.123 Mpa,0 Mpa,0.119 Mpa,0.120 Mpa,0.121 Mpa,0.926 Mpa,0.00678 Mpa,0.121 Mpa,0.124 Mpa,0.123 Mpa,0.121 Mpa,0.00979 Mpa,0.123 Mpa,0.122 Mpa,0.125 Mpa,1.02 Mpa,0 Mpa,0.123 Mpa,0.123 Mpa,0.124 Mpa,0.125 Mpa,0 Mpa,1591 RPM
2026-08-03 16:00:00,0.123 Mpa,0.125 Mpa,0.125 Mpa,0.124 Mpa,0 Mpa,0.117 Mpa,0.107 Mpa,0.117 Mpa,1.02 Mpa,0 Mpa,0.117 Mpa,0.114 Mpa,0.117 Mpa,0.114 Mpa,0 Mpa,0.119 Mpa,0.122 Mpa,0.118 Mpa,0.120 Mpa,,0.115 Mpa,0.114 Mpa,0.115 Mpa,0.115 Mpa,0 Mpa,0.114 Mpa,0.113 Mpa,0.112 Mpa,0.114 Mpa,0 Mpa,0.124 Mpa,0.127 Mpa,0.124 Mpa,0.123 Mpa,0 Mpa,0.121 Mpa,0.123 Mpa,0.124 Mpa,0.938 Mpa,0 Mpa,0.125 Mpa,0.126 Mpa,0.126 Mpa,0.125 Mpa,0 Mpa,0.119 Mpa,0.118 Mpa,0.121 Mpa,1.01 Mpa,0.00390 Mpa,0.123 Mpa,0.123 Mpa,0.122 Mpa,0.124 Mpa,0 Mpa,1653 RPM
2026-08-03 19:00:00,0.122 Mpa,0.124 Mpa,0.124 Mpa,0.123 Mpa,0 Mpa,0.117 Mpa,0.108 Mpa,0.117 Mpa,1.02 Mpa,0 Mpa,0.118 Mpa,0.115 Mpa,0.118 Mpa,0.115 Mpa,0 Mpa,0.120 Mpa,0.123 Mpa,0.120 Mpa,0.122 Mpa,,0.118 Mpa,0.117 Mpa,0.118 Mpa,0.118 Mpa,0 Mpa,0.115 Mpa,0.116 Mpa,0.114 Mpa,0.116 Mpa,0 Mpa,0.127 Mpa,0.131 Mpa,0.125 Mpa,0.125 Mpa,0 Mpa,0.117 Mpa,0.117 Mpa,0.118 Mpa,0.995 Mpa,0.0117 Mpa,0.127 Mpa,0.130 Mpa,0.129 Mpa,0.128 Mpa,0 Mpa,0.115 Mpa,0.115 Mpa,0.116 Mpa,1.01 Mpa,0.0230 Mpa,0.120 Mpa,0.120 Mpa,0.120 Mpa,0.122 Mpa,0 Mpa,1623 RPM
2026-08-03 22:00:00,0.122 Mpa,0.124 Mpa,0.124 Mpa,0.123 Mpa,0.00437 Mpa,0.108 Mpa,0.107 Mpa,0.108 Mpa,1.00 Mpa,0.0297 Mpa,0.119 Mpa,0.116 Mpa,0.118 Mpa,0.116 Mpa,0 Mpa,0.116 Mpa,0.119 Mpa,0.116 Mpa,0.118 Mpa,,0.113 Mpa,0.112 Mpa,0.113 Mpa,0.113 Mpa,0.00877 Mpa,0.119 Mpa,0.119 Mpa,0.118 Mpa,0.120 Mpa,0 Mpa,0.128 Mpa,0.128 Mpa,0.128 Mpa,0.126 Mpa,0 Mpa,0.121 Mpa,0.122 Mpa,0.122 Mpa,0.947 Mpa,0.00499 Mpa,0.121 Mpa,0.124 Mpa,0.123 Mpa,0.122 Mpa,0 Mpa,0.125 Mpa,0.124 Mpa,0.127 Mpa,1.02 Mpa,0 Mpa,0.122 Mpa,0.122 Mpa,0.122 Mpa,0.123 Mpa,0 Mpa,1626 RPM
2026-08-04 01:00:00,0.125 Mpa,0.127 Mpa,0.126 Mpa,0.126 Mpa,0.0140 Mpa,0.108 Mpa,0.108 Mpa,0.109 Mpa,0.926 Mpa,0.182 Mpa,0.118 Mpa,0.116 Mpa,0.118 Mpa,0.116 Mpa,0 Mpa,0.117 Mpa,0.120 Mpa,0.117 Mpa,0.118 Mpa,,0.116 Mpa,0.115 Mpa,0.116 Mpa,0.116 Mpa,0 Mpa,0.117 Mpa,0.117 Mpa,0.115 Mpa,0.118 Mpa,0 Mpa,0.128 Mpa,0.130 Mpa,0.128 Mpa,0.127 Mpa,0.00680 Mpa,0.115 Mpa,0.115 Mpa,0.116 Mpa,0.991 Mpa,0.00963 Mpa,0.120 Mpa,0.122 Mpa,0.122 Mpa,0.121 Mpa,0 Mpa,0.121 Mpa,0.120 Mpa,0.122 Mpa,1.02 Mpa,0 Mpa,0.122 Mpa,0.122 Mpa,0.123 Mpa,0.123 Mpa,0 Mpa,1555 RPM
2026-08-04 04:00:00,0.126 Mpa,0.128 Mpa,0.127 Mpa,0.127 Mpa,0 Mpa,,,,,,0.123 Mpa,0.120 Mpa,0.123 Mpa,0.120 Mpa,0 Mpa,0.109 Mpa,0.111 Mpa,0.109 Mpa,0.110 Mpa,,0.118 Mpa,0.117 Mpa,0.118 Mpa,0.117 Mpa,0 Mpa,0.116 Mpa,0.116 Mpa,0.114 Mpa,0.117 Mpa,0 Mpa,0.125 Mpa,0.128 Mpa,0.124 Mpa,0.125 Mpa,0.00502 Mpa,,,,,,0.122 Mpa,0.125 Mpa,0.124 Mpa,0.123 Mpa,0 Mpa,0.121 Mpa,0.120 Mpa,0.123 Mpa,1.01 Mpa,0.00433 Mpa,0.121 Mpa,0.121 Mpa,0.122 Mpa,0.122 Mpa,0.00394 Mpa,1647 RPM
2026-08-04 07:00:00,0.123 Mpa,0.125 Mpa,0.124 Mpa,0.124 Mpa,0 Mpa,,,,,,0.121 Mpa,0.118 Mpa,0.120 Mpa,0.117 Mpa,0 Mpa,0.121 Mpa,0.123 Mpa,0.121 Mpa,0.122 Mpa,,0.123 Mpa,0.120 Mpa,0.123 Mpa,0.121 Mpa,0 Mpa,0.108 Mpa,0.109 Mpa,0.107 Mpa,0.110 Mpa,0 Mpa,0.128 Mpa,0.129 Mpa,0.127 Mpa,0.126 Mpa,0 Mpa,0.114 Mpa,0.114 Mpa,0.114 Mpa,0.987 Mpa,0.0625 Mpa,0.128 Mpa,0.131 Mpa,0.130 Mpa,0.127 Mpa,0 Mpa,0.124 Mpa,0.123 Mpa,0.126 Mpa,1.02 Mpa,0 Mpa,0.123 Mpa,0.122 Mpa,0.122 Mpa,0.124 Mpa,0 Mpa,1764 RPM
2026-08-04 10:00:00,0.124 Mpa,0.125 Mpa,0.125 Mpa,0.124 Mpa,0 Mpa,,,,,,0.123 Mpa,0.121 Mpa,0.123 Mpa,0.120 Mpa,0.00188 Mpa,0.120 Mpa,0.123 Mpa,0.119 Mpa,0.121 Mpa,,0.119 Mpa,0.117 Mpa,0.119 Mpa,0.118 Mpa,0 Mpa,0.106 Mpa,0.107 Mpa,0.105 Mpa,0.108 Mpa,0.0375 Mpa,0.128 Mpa,0.130 Mpa,0.127 Mpa,0.126 Mpa,0.00563 Mpa,0.129 Mpa,0.130 Mpa,0.131 Mpa,0.652 Mpa,0.0155 Mpa,0.123 Mpa,0.126 Mpa,0.125 Mpa,0.124 Mpa,0 Mpa,0.119 Mpa,0.118 Mpa,0.121 Mpa,1.02 Mpa,0 Mpa,0.119 Mpa,0.119 Mpa,0.123 Mpa,0.121 Mpa,0.00717 Mpa,1731 RPM
2026-08-04 13:00:00,0.119 Mpa,0.120 Mpa,0.120 Mpa,0.120 Mpa,0.00445 Mpa,,,,,,0.122 Mpa,0.119 Mpa,0.122 Mpa,0.118 Mpa,0 Mpa,0.108 Mpa,0.110 Mpa,0.108 Mpa,0.109 Mpa,,0.113 Mpa,0.112 Mpa,0.113 Mpa,0.113 Mpa,0 Mpa,0.119 Mpa,0.121 Mpa,0.117 Mpa,0.121 Mpa,0 Mpa,0.131 Mpa,0.130 Mpa,0.130 Mpa,0.128 Mpa,0 Mpa,0.128 Mpa,0.129 Mpa,0.131 Mpa,0.895 Mpa,0 Mpa,0.126 Mpa,0.130 Mpa,0.129 Mpa,0.127 Mpa,0 Mpa,0.126 Mpa,0.125 Mpa,0.127 Mpa,1.02 Mpa,0 Mpa,0.120 Mpa,0.119 Mpa,0.120 Mpa,0.120 Mpa,0 Mpa,1685 RPM
2026-08-04 16:00:00,0.122 Mpa,0.124 Mpa,0.124 Mpa,0.123 Mpa,0 Mpa,,,,,,0.122 Mpa,0.118 Mpa,0.121 Mpa,0.118 Mpa,0 Mpa,0.105 Mpa,0.107 Mpa,0.105 Mpa,0.107 Mpa,,0.110 Mpa,0.108 Mpa,0.109 Mpa,0.109 Mpa,0 Mpa,0.112 Mpa,0.113 Mpa,0.111 Mpa,0.113 Mpa,0 Mpa,0.129 Mpa,0.129 Mpa,0.128 Mpa,0.126 Mpa,0 Mpa,0.121 Mpa,0.121 Mpa,0.123 Mpa,0.924 Mpa,0 Mpa,0.118 Mpa,0.120 Mpa,0.120 Mpa,0.118 Mpa,0.0109 Mpa,0.121 Mpa,0.120 Mpa,0.123 Mpa,1.02 Mpa,0 Mpa,0.120 Mpa,0.120 Mpa,0.119 Mpa,0.121 Mpa,0.00355 Mpa,1586 RPM
2026-08-04 19:00:00,0.123 Mpa,0.124 Mpa,0.125 Mpa,0.124 Mpa,0 Mpa,,,,,,0.118 Mpa,0.116 Mpa,0.118 Mpa,0.116 Mpa,0 Mpa,0.126 Mpa,0.128 Mpa,0.125 Mpa,0.127 Mpa,,0.118 Mpa,0.116 Mpa,0.118 Mpa,0.117 Mpa,0 Mpa,0.121 Mpa,0.122 Mpa,0.120 Mpa,0.122 Mpa,0 Mpa,0.125 Mpa,0.127 Mpa,0.125 Mpa,0.125 Mpa,0 Mpa,0.124 Mpa,0.125 Mpa,0.126 Mpa,0.907 Mpa,0 Mpa,0.124 Mpa,0.127 Mpa,0.126 Mpa,0.124 Mpa,0 Mpa,0.121 Mpa,0.119 Mpa,0.122 Mpa,1.02 Mpa,0 Mpa,0.120 Mpa,0.120 Mpa,0.119 Mpa,0.121 Mpa,0 Mpa,1794 RPM
2026-08-04 22:00:00,0.121 Mpa,0.123 Mpa,0.123 Mpa,0.122 Mpa,0.00376 Mpa,,,,,,0.119 Mpa,0.117 Mpa,0.119 Mpa,0.117 Mpa,0 Mpa,0.125 Mpa,0.128 Mpa,0.124 Mpa,0.126 Mpa,,0.116 Mpa,0.114 Mpa,0.115 Mpa,0.114 Mpa,0.00692 Mpa,0.118 Mpa,0.119 Mpa,0.117 Mpa,0.120 Mpa,0 Mpa,0.127 Mpa,0.127 Mpa,0.126 Mpa,0.125 Mpa,0 Mpa,0.129 Mpa,0.131 Mpa,0.133 Mpa,0.897 Mpa,0.00812 Mpa,0.125 Mpa,0.128 Mpa,0.127 Mpa,0.125 Mpa,0 Mpa,0.118 Mpa,0.117 Mpa,0.119 Mpa,1.01 Mpa,0.00466 Mpa,0.119 Mpa,0.119 Mpa,0.119 Mpa,0.121 Mpa,0 Mpa,1739 RPM
2026-08-05 01:00:00,0.119 Mpa,0.121 Mpa,0.120 Mpa,0.120 Mpa,0 Mpa,0.103 Mpa,0.103 Mpa,0.105 Mpa,1.00 Mpa,0.0335 Mpa,0.120 Mpa,0.117 Mpa,0.120 Mpa,0.116 Mpa,0.00769 Mpa,0.119 Mpa,0.122 Mpa,0.119 Mpa,0.121 Mpa,,0.111 Mpa,0.110 Mpa,0.111 Mpa,0.110 Mpa,0.00775 Mpa,0.114 Mpa,0.114 Mpa,0.113 Mpa,0.115 Mpa,0.00701 Mpa,0.127 Mpa,0.129 Mpa,0.126 Mpa,0.125 Mpa,0 Mpa,0.120 Mpa,0.121 Mpa,0.122 Mpa,0.917 Mpa,0.00625 Mpa,0.125 Mpa,0.126 Mpa,0.126 Mpa,0.123 Mpa,0 Mpa,0.121 Mpa,0.120 Mpa,0.122 Mpa,1.02 Mpa,0 Mpa,0.119 Mpa,0.119 Mpa,0.119 Mpa,0.121 Mpa,0 Mpa,1650 RPM
2026-08-05 04:00:00,0.122 Mpa,0.123 Mpa,0.123 Mpa,0.123 Mpa,0 Mpa,0.120 Mpa,0.120 Mpa,0.121 Mpa,1.01 Mpa,0.0145 Mpa,0.121 Mpa,0.118 Mpa,0.122 Mpa,0.118 Mpa,0 Mpa,0.120 Mpa,0.123 Mpa,0.120 Mpa,0.122 Mpa,,0.113 Mpa,0.111 Mpa,0.113 Mpa,0.112 Mpa,0 Mpa,0.116 Mpa,0.117 Mpa,0.114 Mpa,0.118 Mpa,0 Mpa,0.124 Mpa,0.131 Mpa,0.123 Mpa,0.123 Mpa,0 Mpa,0.118 Mpa,0.119 Mpa,0.120 Mpa,0.933 Mpa,0 Mpa,0.127 Mpa,0.129 Mpa,0.129 Mpa,0.127 Mpa,0.00480 Mpa,0.119 Mpa,0.118 Mpa,0.121 Mpa,1.01 Mpa,0.00432 Mpa,0.120 Mpa,0.120 Mpa,0.120 Mpa,0.122 Mpa,0 Mpa,1692 RPM
2026-08-05 07:00:00,0.123 Mpa,0.124 Mpa,0.125 Mpa,0.123 Mpa,0 Mpa,0.120 Mpa,0.118 Mpa,0.120 Mpa,1.02 Mpa,0 Mpa,0.121 Mpa,0.118 Mpa,0.121 Mpa,0.118 Mpa,0 Mpa,0.124 Mpa,0.126 Mpa,0.123 Mpa,0.125 Mpa,,0.116 Mpa,0.114 Mpa,0.116 Mpa,0.115 Mpa,0 Mpa,0.122 Mpa,0.122 Mpa,0.120 Mpa,0.123 Mpa,0 Mpa,0.125 Mpa,0.130 Mpa,0.124 Mpa,0.123 Mpa,0 Mpa,0.117 Mpa,0.118 Mpa,0.119 Mpa,0.965 Mpa,0.00975 Mpa,0.124 Mpa,0.126 Mpa,0.125 Mpa,0.123 Mpa,0 Mpa,0.120 Mpa,0.119 Mpa,0.121 Mpa,1.02 Mpa,0 Mpa,0.119 Mpa,0.120 Mpa,0.119 Mpa,0.121 Mpa,0.0128 Mpa,1680 RPM
2026-08-05 10:00:00,0.128 Mpa,0.129 Mpa,0.130 Mpa,0.129 Mpa,0 Mpa,0.118 Mpa,0.115 Mpa,0.118 Mpa,1.02 Mpa,0 Mpa,,,,,,0.120 Mpa,0.123 Mpa,0.120 Mpa,0.121 Mpa,,0.116 Mpa,0.114 Mpa,0.116 Mpa,0.115 Mpa,0 Mpa,0.117 Mpa,0.118 Mpa,0.116 Mpa,0.118 Mpa,0 Mpa,0.124 Mpa,0.125 Mpa,0.124 Mpa,0.123 Mpa,0.00436 Mpa,0.127 Mpa,0.128 Mpa,0.130 Mpa,0.904 Mpa,0 Mpa,0.123 Mpa,0.126 Mpa,0.125 Mpa,0.123 Mpa,0 Mpa,0.121 Mpa,0.119 Mpa,0.122 Mpa,1.02 Mpa,0 Mpa,0.120 Mpa,0.120 Mpa,0.120 Mpa,0.121 Mpa,0.00556 Mpa,1688 RPM
2026-08-05 13:00:00,0.125 Mpa,0.126 Mpa,0.126 Mpa,0.125 Mpa,0 Mpa,0.119 Mpa,0.116 Mpa,0.118 Mpa,1.02 Mpa,0 Mpa,0.121 Mpa,0.117 Mpa,0.121 Mpa,0.117 Mpa,0 Mpa,0.121 Mpa,0.123 Mpa,0.120 Mpa,0.122 Mpa,,0.118 Mpa,0.115 Mpa,0.117 Mpa,0.116 Mpa,0 Mpa,0.117 Mpa,0.117 Mpa,0.115 Mpa,0.117 Mpa,0 Mpa,0.128 Mpa,0.130 Mpa,0.127 Mpa,0.126 Mpa,0 Mpa,0.115 Mpa,0.116 Mpa,0.117 Mpa,0.958 Mpa,0 Mpa,0.126 Mpa,0.129 Mpa,0.128 Mpa,0.126 Mpa,0.00714 Mpa,0.124 Mpa,0.123 Mpa,0.126 Mpa,1.02 Mpa,0 Mpa,0.120 Mpa,0.120 Mpa,0.122 Mpa,0.121 Mpa,0 Mpa,1704 RPM
2026-08-05 16:00:00,0.123 Mpa,0.125 Mpa,0.124 Mpa,0.124 Mpa,0 Mpa,0.117 Mpa,0.114 Mpa,0.117 Mpa,1.02 Mpa,0 Mpa,0.122 Mpa,0.119 Mpa,0.122 Mpa,0.118 Mpa,0 Mpa,0.121 Mpa,0.125 Mpa,0.120 Mpa,0.123 Mpa,,0.116 Mpa,0.114 Mpa,0.116 Mpa,0.115 Mpa,0.0102 Mpa,0.113 Mpa,0.112 Mpa,0.111 Mpa,0.113 Mpa,0 Mpa,0.125 Mpa,0.127 Mpa,0.123 Mpa,0.123 Mpa,0 Mpa,0.126 Mpa,0.127 Mpa,0.130 Mpa,0.892 Mpa,0 Mpa,0.123 Mpa,0.125 Mpa,0.125 Mpa,0.123 Mpa,0.00502 Mpa,0.120 Mpa,0.119 Mpa,0.122 Mpa,1.01 Mpa,0.00419 Mpa,0.121 Mpa,0.120 Mpa,0.121 Mpa,0.121 Mpa,0.00466 Mpa,1695 RPM
2026-08-05 19:00:00,0.124 Mpa,0.125 Mpa,0.125 Mpa,0.124 Mpa,0 Mpa,0.115 Mpa,0.113 Mpa,0.116 Mpa,1.02 Mpa,0 Mpa,0.120 Mpa,0.117 Mpa,0.119 Mpa,0.116 Mpa,0 Mpa,0.119 Mpa,0.121 Mpa,0.118 Mpa,0.120 Mpa,,0.119 Mpa,0.116 Mpa,0.118 Mpa,0.118 Mpa,0 Mpa,0.116 Mpa,0.116 Mpa,0.115 Mpa,0.117 Mpa,0 Mpa,0.125 Mpa,0.126 Mpa,0.124 Mpa,0.124 Mpa,0 Mpa,0.128 Mpa,0.129 Mpa,0.132 Mpa,0.911 Mpa,0 Mpa,0.124 Mpa,0.126 Mpa,0.126 Mpa,0.124 Mpa,0 Mpa,0.121 Mpa,0.120 Mpa,0.123 Mpa,1.02 Mpa,0 Mpa,0.120 Mpa,0.120 Mpa,0.120 Mpa,0.122 Mpa,0 Mpa,1784 RPM
2026-08-05 22:00:00,0.125 Mpa,0.127 Mpa,0.127 Mpa,0.126 Mpa,0.0141 Mpa,0.122 Mpa,0.119 Mpa,0.122 Mpa,1.02 Mpa,0 Mpa,0.119 Mpa,0.116 Mpa,0.119 Mpa,0.116 Mpa,0 Mpa,0.122 Mpa,0.125 Mpa,0.121 Mpa,0.124 Mpa,,0.119 Mpa,0.117 Mpa,0.118 Mpa,0.118 Mpa,0.0114 Mpa,0.111 Mpa,0.111 Mpa,0.109 Mpa,0.112 Mpa,0 Mpa,0.125 Mpa,0.126 Mpa,0.124 Mpa,0.124 Mpa,0 Mpa,0.123 Mpa,0.124 Mpa,0.126 Mpa,0.919 Mpa,0.00552 Mpa,0.111 Mpa,0.111 Mpa,0.111 Mpa,0.105 Mpa,0.0309 Mpa,0.119 Mpa,0.118 Mpa,0.121 Mpa,1.02 Mpa,0 Mpa,0.121 Mpa,0.121 Mpa,0.121 Mpa,0.123 Mpa,0 Mpa,1654 RPM
2026-08-06 01:00:00,0.126 Mpa,0.128 Mpa,0.127 Mpa,0.128 Mpa,0 Mpa,0.121 Mpa,0.118 Mpa,0.121 Mpa,1.02 Mpa,0 Mpa,0.123 Mpa,0.120 Mpa,0.123 Mpa,0.120 Mpa,0.00858 Mpa,0.117 Mpa,0.120 Mpa,0.117 Mpa,0.119 Mpa,,0.119 Mpa,0.117 Mpa,0.119 Mpa,0.118 Mpa,0.00626 Mpa,0.115 Mpa,0.115 Mpa,0.114 Mpa,0.116 Mpa,0 Mpa,0.126 Mpa,0.129 Mpa,0.126 Mpa,0.125 Mpa,0 Mpa,0.120 Mpa,0.121 Mpa,0.122 Mpa,0.922 Mpa,0 Mpa,,,,,,0.119 Mpa,0.118 Mpa,0.120 Mpa,1.01 Mpa,0.00628 Mpa,0.122 Mpa,0.122 Mpa,0.124 Mpa,0.123 Mpa,0 Mpa,1738 RPM
2026-08-06 04:00:00,0.125 Mpa,0.127 Mpa,0.126 Mpa,0.126 Mpa,0 Mpa,0.119 Mpa,0.117 Mpa,0.119 Mpa,1.02 Mpa,0 Mpa,0.119 Mpa,0.116 Mpa,0.119 Mpa,0.116 Mpa,0 Mpa,0.121 Mpa,0.123 Mpa,0.121 Mpa,0.122 Mpa,,0.120 Mpa,0.119 Mpa,0.120 Mpa,0.120 Mpa,0 Mpa,0.114 Mpa,0.114 Mpa,0.113 Mpa,0.115 Mpa,0 Mpa,0.124 Mpa,0.125 Mpa,0.124 Mpa,0.123 Mpa,0 Mpa,0.116 Mpa,0.118 Mpa,0.119 Mpa,0.943 Mpa,0 Mpa,0.118 Mpa,0.120 Mpa,0.118 Mpa,0.540 Mpa,0.170 Mpa,0.120 Mpa,0.119 Mpa,0.121 Mpa,1.01 Mpa,0.00418 Mpa,0.119 Mpa,0.119 Mpa,0.120 Mpa,0.120 Mpa,0 Mpa,1656 RPM
2026-08-06 07:00:00,0.122 Mpa,0.125 Mpa,0.123 Mpa,0.124 Mpa,0.00546 Mpa,0.118 Mpa,0.115 Mpa,0.118 Mpa,1.02 Mpa,0 Mpa,0.120 Mpa,0.118 Mpa,0.120 Mpa,0.117 Mpa,0 Mpa,0.120 Mpa,0.123 Mpa,0.119 Mpa,0.121 Mpa,,0.120 Mpa,0.117 Mpa,0.119 Mpa,0.118 Mpa,0 Mpa,0.113 Mpa,0.113 Mpa,0.111 Mpa,0.114 Mpa,0 Mpa,0.125 Mpa,0.125 Mpa,0.124 Mpa,0.123 Mpa,0 Mpa,0.126 Mpa,0.127 Mpa,0.129 Mpa,0.876 Mpa,0 Mpa,,,,,,0.120 Mpa,0.119 Mpa,0.121 Mpa,1.02 Mpa,0 Mpa,0.122 Mpa,0.122 Mpa,0.122 Mpa,0.123 Mpa,0 Mpa,1707 RPM
2026-08-06 10:00:00,0.130 Mpa,0.132 Mpa,0.131 Mpa,0.131 Mpa,0 Mpa,0.118 Mpa,0.114 Mpa,0.117 Mpa,1.02 Mpa,0 Mpa,0.126 Mpa,0.122 Mpa,0.126 Mpa,0.123 Mpa,0 Mpa,0.120 Mpa,0.124 Mpa,0.120 Mpa,0.122 Mpa,,0.120 Mpa,0.118 Mpa,0.120 Mpa,0.119 Mpa,0 Mpa,0.116 Mpa,0.116 Mpa,0.115 Mpa,0.118 Mpa,0.00727 Mpa,0.126 Mpa,0.125 Mpa,0.125 Mpa,0.124 Mpa,0.0245 Mpa,0.125 Mpa,0.127 Mpa,0.129 Mpa,0.877 Mpa,0.00677 Mpa,0.115 Mpa,0.116 Mpa,0.115 Mpa,1.01 Mpa,0.0110 Mpa,0.124 Mpa,0.124 Mpa,0.126 Mpa,1.02 Mpa,0 Mpa,0.124 Mpa,0.124 Mpa,0.130 Mpa,0.125 Mpa,0 Mpa,1765 RPM
2026-08-06 13:00:00,0.124 Mpa,0.125 Mpa,0.125 Mpa,0.125 Mpa,0 Mpa,0.117 Mpa,0.114 Mpa,0.117 Mpa,1.01 Mpa,0.0109 Mpa,0.118 Mpa,0.116 Mpa,0.118 Mpa,0.116 Mpa,0.00789 Mpa,0.108 Mpa,0.111 Mpa,0.108 Mpa,0.110 Mpa,,0.114 Mpa,0.112 Mpa,0.113 Mpa,0.113 Mpa,0 Mpa,0.118 Mpa,0.117 Mpa,0.116 Mpa,0.118 Mpa,0 Mpa,0.128 Mpa,0.129 Mpa,0.127 Mpa,0.126 Mpa,0 Mpa,0.127 Mpa,0.128 Mpa,0.131 Mpa,0.888 Mpa,0.00584 Mpa,,,,,,0.123 Mpa,0.122 Mpa,0.124 Mpa,1.02 Mpa,0 Mpa,0.120 Mpa,0.120 Mpa,0.122 Mpa,0.121 Mpa,0.0132 Mpa,1641 RPM
2026-08-06 16:00:00,0.122 Mpa,0.123 Mpa,0.124 Mpa,0.123 Mpa,0 Mpa,0.119 Mpa,0.116 Mpa,0.118 Mpa,1.01 Mpa,0.00683 Mpa,0.115 Mpa,0.114 Mpa,0.115 Mpa,0.113 Mpa,0 Mpa,0.117 Mpa,0.120 Mpa,0.116 Mpa,0.119 Mpa,,0.106 Mpa,0.105 Mpa,0.105 Mpa,0.106 Mpa,0.00646 Mpa,0.117 Mpa,0.117 Mpa,0.116 Mpa,0.118 Mpa,0 Mpa,0.130 Mpa,0.130 Mpa,0.128 Mpa,0.128 Mpa,0 Mpa,0.122 Mpa,0.123 Mpa,0.125 Mpa,0.915 Mpa,0 Mpa,,,,,,0.117 Mpa,0.116 Mpa,0.119 Mpa,1.01 Mpa,0.00421 Mpa,0.119 Mpa,0.119 Mpa,0.119 Mpa,0.120 Mpa,0.00342 Mpa,1633 RPM
2026-08-06 19:00:00,0.124 Mpa,0.124 Mpa,0.125 Mpa,0.124 Mpa,0 Mpa,0.120 Mpa,0.117 Mpa,0.120 Mpa,1.02 Mpa,0 Mpa,0.119 Mpa,0.116 Mpa,0.119 Mpa,0.115 Mpa,0 Mpa,0.113 Mpa,0.116 Mpa,0.112 Mpa,0.114 Mpa,,0.119 Mpa,0.118 Mpa,0.118 Mpa,0.119 Mpa,0 Mpa,0.118 Mpa,0.117 Mpa,0.116 Mpa,0.118 Mpa,0 Mpa,0.126 Mpa,0.127 Mpa,0.125 Mpa,0.125 Mpa,0 Mpa,0.121 Mpa,0.122 Mpa,0.123 Mpa,0.931 Mpa,0.00504 Mpa,,,,,,0.119 Mpa,0.118 Mpa,0.121 Mpa,1.02 Mpa,0 Mpa,0.119 Mpa,0.119 Mpa,0.118 Mpa,0.120 Mpa,0 Mpa,1719 RPM
2026-08-06 22:00:00,0.122 Mpa,0.123 Mpa,0.123 Mpa,0.122 Mpa,0.00492 Mpa,0.122 Mpa,0.120 Mpa,0.122 Mpa,1.02 Mpa,0 Mpa,0.117 Mpa,0.114 Mpa,0.118 Mpa,0.114 Mpa,0.00165 Mpa,0.116 Mpa,0.119 Mpa,0.115 Mpa,0.117 Mpa,,0.119 Mpa,0.118 Mpa,0.120 Mpa,0.119 Mpa,0.00631 Mpa,0.119 Mpa,0.118 Mpa,0.117 Mpa,0.119 Mpa,0 Mpa,0.125 Mpa,0.126 Mpa,0.124 Mpa,0.123 Mpa,0 Mpa,0.125 Mpa,0.126 Mpa,0.128 Mpa,0.909 Mpa,0 Mpa,0.100 Mpa,0.101 Mpa,0.100 Mpa,0.933 Mpa,1.04 Mpa,0.120 Mpa,0.119 Mpa,0.121 Mpa,1.01 Mpa,0.00938 Mpa,0.120 Mpa,0.119 Mpa,0.119 Mpa,0.121 Mpa,0 Mpa,1702 RPM
2026-08-07 01:00:00,0.120 Mpa,0.122 Mpa,0.122 Mpa,0.121 Mpa,0.00882 Mpa,0.120 Mpa,0.118 Mpa,0.120 Mpa,1.00 Mpa,0.0266 Mpa,0.120 Mpa,0.117 Mpa,0.121 Mpa,0.117 Mpa,0 Mpa,0.116 Mpa,0.119 Mpa,0.115 Mpa,0.117 Mpa,,0.119 Mpa,0.118 Mpa,0.119 Mpa,0.119 Mpa,0.0160 Mpa,0.120 Mpa,0.119 Mpa,0.118 Mpa,0.120 Mpa,0 Mpa,0.127 Mpa,0.130 Mpa,0.126 Mpa,0.126 Mpa,0 Mpa,0.127 Mpa,0.128 Mpa,0.130 Mpa,0.885 Mpa,0 Mpa,0.118 Mpa,0.118 Mpa,0.118 Mpa,0.996 Mpa,1.02 Mpa,0.121 Mpa,0.120 Mpa,0.122 Mpa,1.02 Mpa,0 Mpa,0.121 Mpa,0.121 Mpa,0.125 Mpa,0.123 Mpa,0 Mpa,1716 RPM
2026-08-07 04:00:00,0.119 Mpa,0.121 Mpa,0.121 Mpa,0.120 Mpa,0 Mpa,0.121 Mpa,0.119 Mpa,0.121 Mpa,1.01 Mpa,0.00577 Mpa,0.121 Mpa,0.118 Mpa,0.122 Mpa,0.118 Mpa,0 Mpa,0.117 Mpa,0.119 Mpa,0.116 Mpa,0.117 Mpa,,0.119 Mpa,0.118 Mpa,0.119 Mpa,0.119 Mpa,0 Mpa,0.119 Mpa,0.118 Mpa,0.118 Mpa,0.119 Mpa,0 Mpa,0.127 Mpa,0.130 Mpa,0.126 Mpa,0.126 Mpa,0 Mpa,0.125 Mpa,0.127 Mpa,0.129 Mpa,0.904 Mpa,0 Mpa,0.126 Mpa,0.127 Mpa,0.127 Mpa,1.02 Mpa,0.937 Mpa,0.121 Mpa,0.120 Mpa,0.123 Mpa,1.02 Mpa,0 Mpa,0.124 Mpa,0.123 Mpa,0.136 Mpa,0.125 Mpa,0.00314 Mpa,1716 RPM
2026-08-07 07:00:00,0.125 Mpa,0.125 Mpa,0.126 Mpa,0.126 Mpa,0 Mpa,0.120 Mpa,0.117 Mpa,0.120 Mpa,1.02 Mpa,0 Mpa,0.117 Mpa,0.113 Mpa,0.117 Mpa,0.112 Mpa,0 Mpa,0.122 Mpa,0.124 Mpa,0.120 Mpa,0.122 Mpa,,0.122 Mpa,0.119 Mpa,0.122 Mpa,0.121 Mpa,0 Mpa,0.119 Mpa,0.118 Mpa,0.118 Mpa,0.119 Mpa,0 Mpa,0.132 Mpa,0.134 Mpa,0.131 Mpa,0.130 Mpa,0 Mpa,0.126 Mpa,0.126 Mpa,0.129 Mpa,0.896 Mpa,0 Mpa,0.131 Mpa,0.133 Mpa,0.133 Mpa,1.02 Mpa,1 Mpa,0.122 Mpa,0.121 Mpa,0.124 Mpa,1.02 Mpa,0 Mpa,0.119 Mpa,0.119 Mpa,0.129 Mpa,0.120 Mpa,0 Mpa,1767 RPM
2026-08-07 10:00:00,0.125 Mpa,0.126 Mpa,0.126 Mpa,0.126 Mpa,0 Mpa,0.117 Mpa,0.114 Mpa,0.117 Mpa,1.02 Mpa,0 Mpa,0.119 Mpa,0.115 Mpa,0.119 Mpa,0.115 Mpa,0 Mpa,0.122 Mpa,0.126 Mpa,0.121 Mpa,0.124 Mpa,,0.121 Mpa,0.119 Mpa,0.121 Mpa,0.120 Mpa,0 Mpa,0.121 Mpa,0.120 Mpa,0.120 Mpa,0.121 Mpa,0.00451 Mpa,0.125 Mpa,0.125 Mpa,0.124 Mpa,0.124 Mpa,0.00665 Mpa,0.128 Mpa,0.130 Mpa,0.132 Mpa,0.887 Mpa,0 Mpa,0.126 Mpa,0.129 Mpa,0.127 Mpa,1.02 Mpa,1 Mpa,0.122 Mpa,0.121 Mpa,0.123 Mpa,1.02 Mpa,0 Mpa,0.117 Mpa,0.117 Mpa,0.121 Mpa,0.118 Mpa,0.0164 Mpa,1691 RPM
2026-08-07 13:00:00,0.127 Mpa,0.129 Mpa,0.129 Mpa,0.129 Mpa,0.00514 Mpa,0.119 Mpa,0.116 Mpa,0.119 Mpa,1.02 Mpa,0 Mpa,0.117 Mpa,0.115 Mpa,0.117 Mpa,0.115 Mpa,0.0171 Mpa,0.120 Mpa,0.123 Mpa,0.119 Mpa,0.121 Mpa,,0.118 Mpa,0.116 Mpa,0.118 Mpa,0.117 Mpa,0 Mpa,0.120 Mpa,0.119 Mpa,0.118 Mpa,0.119 Mpa,0 Mpa,0.122 Mpa,0.123 Mpa,0.121 Mpa,0.121 Mpa,0 Mpa,0.122 Mpa,0.123 Mpa,0.125 Mpa,0.922 Mpa,0 Mpa,0.129 Mpa,0.133 Mpa,0.132 Mpa,1.01 Mpa,1.00 Mpa,0.119 Mpa,0.119 Mpa,0.121 Mpa,0.997 Mpa,0.0112 Mpa,0.128 Mpa,0.128 Mpa,0.127 Mpa,0.128 Mpa,0 Mpa,1644 RPM
2026-08-07 16:00:00,0.124 Mpa,0.126 Mpa,0.126 Mpa,0.125 Mpa,0 Mpa,0.116 Mpa,0.115 Mpa,0.117 Mpa,1.01 Mpa,0.00740 Mpa,0.119 Mpa,0.116 Mpa,0.119 Mpa,0.116 Mpa,0 Mpa,0.116 Mpa,0.118 Mpa,0.115 Mpa,0.117 Mpa,,0.116 Mpa,0.114 Mpa,0.116 Mpa,0.116 Mpa,0 Mpa,0.119 Mpa,0.119 Mpa,0.118 Mpa,0.120 Mpa,0 Mpa,0.126 Mpa,0.127 Mpa,0.125 Mpa,0.124 Mpa,0 Mpa,0.122 Mpa,0.124 Mpa,0.125 Mpa,0.922 Mpa,0 Mpa,0.117 Mpa,0.119 Mpa,0.118 Mpa,1.02 Mpa,0.875 Mpa,,,,,,0.127 Mpa,0.126 Mpa,0.130 Mpa,0.128 Mpa,0.00503 Mpa,1691 RPM
2026-08-07 19:00:00,0.121 Mpa,0.124 Mpa,0.123 Mpa,0.123 Mpa,0 Mpa,0.119 Mpa,0.117 Mpa,0.119 Mpa,1.02 Mpa,0 Mpa,0.120 Mpa,0.117 Mpa,0.121 Mpa,0.117 Mpa,0 Mpa,0.120 Mpa,0.122 Mpa,0.119 Mpa,0.120 Mpa,,0.117 Mpa,0.116 Mpa,0.117 Mpa,0.117 Mpa,0 Mpa,0.119 Mpa,0.119 Mpa,0.118 Mpa,0.120 Mpa,0 Mpa,0.124 Mpa,0.125 Mpa,0.123 Mpa,0.122 Mpa,0 Mpa,0.125 Mpa,0.126 Mpa,0.127 Mpa,0.923 Mpa,0.00497 Mpa,0.123 Mpa,0.126 Mpa,0.125 Mpa,1.02 Mpa,0.130 Mpa,0.105 Mpa,0.103 Mpa,0.106 Mpa,0.223 Mpa,0.0627 Mpa,0.110 Mpa,0.110 Mpa,0.110 Mpa,0.110 Mpa,0 Mpa,1636 RPM
2026-08-07 22:00:00,0.116 Mpa,0.118 Mpa,0.117 Mpa,0.118 Mpa,0.0185 Mpa,0.118 Mpa,0.116 Mpa,0.119 Mpa,1.02 Mpa,0 Mpa,0.120 Mpa,0.116 Mpa,0.119 Mpa,0.116 Mpa,0.0227 Mpa,0.123 Mpa,0.127 Mpa,0.122 Mpa,0.125 Mpa,,0.117 Mpa,0.115 Mpa,0.117 Mpa,0.116 Mpa,0 Mpa,0.116 Mpa,0.116 Mpa,0.115 Mpa,0.118 Mpa,0 Mpa,0.128 Mpa,0.127 Mpa,0.128 Mpa,0.126 Mpa,0 Mpa,0.122 Mpa,0.124 Mpa,0.124 Mpa,0.929 Mpa,0.00479 Mpa,0.124 Mpa,0.128 Mpa,0.126 Mpa,1.02 Mpa,0 Mpa,0.107 Mpa,0.107 Mpa,0.108 Mpa,0.229 Mpa,0.0104 Mpa,0.121 Mpa,0.122 Mpa,0.121 Mpa,0.122 Mpa,0 Mpa,1710 RPM
2026-08-08 01:00:00,0.128 Mpa,0.130 Mpa,0.129 Mpa,0.130 Mpa,0 Mpa,0.118 Mpa,0.116 Mpa,0.118 Mpa,1.01 Mpa,0.0125 Mpa,0.121 Mpa,0.119 Mpa,0.120 Mpa,0.118 Mpa,0 Mpa,0.122 Mpa,0.125 Mpa,0.120 Mpa,0.123 Mpa,,0.118 Mpa,0.116 Mpa,0.117 Mpa,0.117 Mpa,0 Mpa,0.117 Mpa,0.116 Mpa,0.115 Mpa,0.117 Mpa,0 Mpa,0.127 Mpa,0.127 Mpa,0.126 Mpa,0.125 Mpa,0 Mpa,0.130 Mpa,0.130 Mpa,0.133 Mpa,0.885 Mpa,0 Mpa,0.122 Mpa,0.124 Mpa,0.124 Mpa,1.02 Mpa,0 Mpa,,,,,,0.125 Mpa,0.125 Mpa,0.141 Mpa,0.126 Mpa,0 Mpa,1731 RPM
2026-08-08 04:00:00,0.128 Mpa,0.130 Mpa,0.129 Mpa,0.129 Mpa,0 Mpa,0.114 Mpa,0.113 Mpa,0.115 Mpa,1.01 Mpa,0.00468 Mpa,0.120 Mpa,0.117 Mpa,0.120 Mpa,0.116 Mpa,0 Mpa,0.116 Mpa,0.120 Mpa,0.116 Mpa,0.118 Mpa,,0.118 Mpa,0.116 Mpa,0.118 Mpa,0.117 Mpa,0 Mpa,0.116 Mpa,0.116 Mpa,0.115 Mpa,0.116 Mpa,0 Mpa,0.129 Mpa,0.129 Mpa,0.128 Mpa,0.126 Mpa,0 Mpa,0.127 Mpa,0.128 Mpa,0.131 Mpa,0.891 Mpa,0 Mpa,0.118 Mpa,0.119 Mpa,0.119 Mpa,1.02 Mpa,0 Mpa,,,,,,0.121 Mpa,0.121 Mpa,0.133 Mpa,0.122 Mpa,0.00336 Mpa,1659 RPM
2026-08-08 07:00:00,0.129 Mpa,0.130 Mpa,0.130 Mpa,0.130 Mpa,0 Mpa,0.118 Mpa,0.115 Mpa,0.117 Mpa,1.02 Mpa,0 Mpa,0.124 Mpa,0.120 Mpa,0.124 Mpa,0.119 Mpa,0 Mpa,0.108 Mpa,0.110 Mpa,0.107 Mpa,0.109 Mpa,,0.117 Mpa,0.115 Mpa,0.116 Mpa,0.116 Mpa,0 Mpa,0.120 Mpa,0.119 Mpa,0.118 Mpa,0.120 Mpa,0 Mpa,0.130 Mpa,0.129 Mpa,0.128 Mpa,0.127 Mpa,0 Mpa,0.124 Mpa,0.124 Mpa,0.127 Mpa,0.887 Mpa,0.00948 Mpa,0.126 Mpa,0.127 Mpa,0.128 Mpa,1.02 Mpa,0 Mpa,,,,,,0.115 Mpa,0.115 Mpa,0.116 Mpa,0.115 Mpa,0.00396 Mpa,1645 RPM
2026-08-08 10:00:00,0.128 Mpa,0.129 Mpa,0.129 Mpa,0.129 Mpa,0 Mpa,0.117 Mpa,0.114 Mpa,0.117 Mpa,1.02 Mpa,0 Mpa,0.122 Mpa,0.118 Mpa,0.122 Mpa,0.119 Mpa,0 Mpa,0.126 Mpa,0.128 Mpa,0.125 Mpa,0.127 Mpa,,0.116 Mpa,0.115 Mpa,0.116 Mpa,0.116 Mpa,0 Mpa,0.122 Mpa,0.121 Mpa,0.121 Mpa,0.123 Mpa,0 Mpa,0.131 Mpa,0.129 Mpa,0.130 Mpa,0.128 Mpa,0.00596 Mpa,0.119 Mpa,0.119 Mpa,0.121 Mpa,0.903 Mpa,0.00488 Mpa,0.122 Mpa,0.123 Mpa,0.124 Mpa,1.01 Mpa,0.00918 Mpa,,,,,,0.118 Mpa,0.118 Mpa,0.222 Mpa,0.120 Mpa,0.0421 Mpa,1649 RPM
2026-08-08 13:00:00,0.129 Mpa,0.131 Mpa,0.131 Mpa,0.130 Mpa,0 Mpa,0.115 Mpa,0.113 Mpa,0.116 Mpa,1.02 Mpa,0 Mpa,0.117 Mpa,0.113 Mpa,0.117 Mpa,0.113 Mpa,0 Mpa,0.119 Mpa,0.122 Mpa,0.118 Mpa,0.120 Mpa,,0.118 Mpa,0.117 Mpa,0.118 Mpa,0.118 Mpa,0 Mpa,0.122 Mpa,0.122 Mpa,0.120 Mpa,0.122 Mpa,0.00775 Mpa,0.134 Mpa,0.134 Mpa,0.133 Mpa,0.130 Mpa,0 Mpa,0.128 Mpa,0.129 Mpa,0.131 Mpa,0.879 Mpa,0 Mpa,0.121 Mpa,0.123 Mpa,0.123 Mpa,1.02 Mpa,0 Mpa,,,,,,0.124 Mpa,0.124 Mpa,0.126 Mpa,0.126 Mpa,0 Mpa,1673 RPM
2026-08-08 16:00:00,0.122 Mpa,0.124 Mpa,0.124 Mpa,0.123 Mpa,0 Mpa,0.115 Mpa,0.112 Mpa,0.115 Mpa,1.01 Mpa,0 Mpa,0.117 Mpa,0.115 Mpa,0.117 Mpa,0.114 Mpa,0 Mpa,0.120 Mpa,0.122 Mpa,0.119 Mpa,0.121 Mpa,,0.117 Mpa,0.116 Mpa,0.117 Mpa,0.117 Mpa,0 Mpa,0.116 Mpa,0.116 Mpa,0.115 Mpa,0.116 Mpa,0 Mpa,0.126 Mpa,0.126 Mpa,0.125 Mpa,0.125 Mpa,0 Mpa,0.126 Mpa,0.128 Mpa,0.130 Mpa,0.887 Mpa,0 Mpa,0.120 Mpa,0.122 Mpa,0.123 Mpa,1.01 Mpa,0.00454 Mpa,0.127 Mpa,0.126 Mpa,0.128 Mpa,0.124 Mpa,0.0105 Mpa,0.118 Mpa,0.118 Mpa,0.119 Mpa,0.120 Mpa,0 Mpa,1609 RPM
2026-08-08 19:00:00,0.119 Mpa,0.121 Mpa,0.121 Mpa,0.121 Mpa,0 Mpa,0.119 Mpa,0.116 Mpa,0.119 Mpa,1.02 Mpa,0 Mpa,0.118 Mpa,0.116 Mpa,0.118 Mpa,0.115 Mpa,0 Mpa,0.123 Mpa,0.126 Mpa,0.122 Mpa,0.124 Mpa,,0.119 Mpa,0.117 Mpa,0.119 Mpa,0.119 Mpa,0 Mpa,0.117 Mpa,0.117 Mpa,0.116 Mpa,0.118 Mpa,0 Mpa,0.126 Mpa,0.125 Mpa,0.125 Mpa,0.124 Mpa,0 Mpa,0.125 Mpa,0.126 Mpa,0.128 Mpa,0.908 Mpa,0 Mpa,0.122 Mpa,0.125 Mpa,0.124 Mpa,1.02 Mpa,0.307 Mpa,0.134 Mpa,0.133 Mpa,0.136 Mpa,0.133 Mpa,0 Mpa,0.117 Mpa,0.118 Mpa,0.117 Mpa,0.119 Mpa,0 Mpa,1732 RPM
2026-08-08 22:00:00,0.126 Mpa,0.128 Mpa,0.128 Mpa,0.128 Mpa,0.0145 Mpa,0.117 Mpa,0.115 Mpa,0.117 Mpa,1.02 Mpa,0 Mpa,0.116 Mpa,0.113 Mpa,0.116 Mpa,0.113 Mpa,0.00339 Mpa,0.123 Mpa,0.125 Mpa,0.121 Mpa,0.124 Mpa,,0.117 Mpa,0.115 Mpa,0.117 Mpa,0.116 Mpa,0.0114 Mpa,0.122 Mpa,0.122 Mpa,0.121 Mpa,0.123 Mpa,0 Mpa,0.123 Mpa,0.124 Mpa,0.122 Mpa,0.122 Mpa,0 Mpa,0.125 Mpa,0.127 Mpa,0.129 Mpa,0.891 Mpa,0.0175 Mpa,0.125 Mpa,0.129 Mpa,0.128 Mpa,1.02 Mpa,0 Mpa,0.129 Mpa,0.128 Mpa,0.130 Mpa,0.127 Mpa,0.00984 Mpa,0.118 Mpa,0.119 Mpa,0.119 Mpa,0.120 Mpa,0.00587 Mpa,1676 RPM
2026-08-09 01:00:00,0.124 Mpa,0.125 Mpa,0.125 Mpa,0.124 Mpa,0 Mpa,0.117 Mpa,0.115 Mpa,0.117 Mpa,1.01 Mpa,0.0111 Mpa,0.121 Mpa,0.118 Mpa,0.121 Mpa,0.118 Mpa,0 Mpa,0.120 Mpa,0.122 Mpa,0.119 Mpa,0.121 Mpa,,0.117 Mpa,0.115 Mpa,0.117 Mpa,0.116 Mpa,0 Mpa,0.119 Mpa,0.119 Mpa,0.117 Mpa,0.120 Mpa,0 Mpa,0.128 Mpa,0.128 Mpa,0.128 Mpa,0.126 Mpa,0 Mpa,0.130 Mpa,0.132 Mpa,0.134 Mpa,0.884 Mpa,0 Mpa,0.128 Mpa,0.132 Mpa,0.130 Mpa,1.02 Mpa,0.358 Mpa,0.130 Mpa,0.130 Mpa,0.132 Mpa,0.129 Mpa,0 Mpa,0.111 Mpa,0.296 Mpa,0.862 Mpa,0.110 Mpa,0 Mpa,1775 RPM
2026-08-09 04:00:00,0.123 Mpa,0.124 Mpa,0.125 Mpa,0.124 Mpa,0 Mpa,0.119 Mpa,0.117 Mpa,0.119 Mpa,1.01 Mpa,0.0127 Mpa,0.118 Mpa,0.116 Mpa,0.117 Mpa,0.116 Mpa,0 Mpa,0.122 Mpa,0.125 Mpa,0.121 Mpa,0.123 Mpa,,0.116 Mpa,0.113 Mpa,0.115 Mpa,0.114 Mpa,0 Mpa,0.118 Mpa,0.118 Mpa,0.116 Mpa,0.118 Mpa,0 Mpa,0.125 Mpa,0.125 Mpa,0.125 Mpa,0.123 Mpa,0 Mpa,0.128 Mpa,0.130 Mpa,0.131 Mpa,0.888 Mpa,0 Mpa,0.121 Mpa,0.124 Mpa,0.123 Mpa,1.02 Mpa,0.0367 Mpa,0.124 Mpa,0.124 Mpa,0.126 Mpa,0.123 Mpa,0.00420 Mpa,0.103 Mpa,0.162 Mpa,0.864 Mpa,0.102 Mpa,0.0289 Mpa,1692 RPM
2026-08-09 07:00:00,0.125 Mpa,0.126 Mpa,0.127 Mpa,0.126 Mpa,0 Mpa,0.118 Mpa,0.115 Mpa,0.118 Mpa,1.02 Mpa,0 Mpa,0.117 Mpa,0.115 Mpa,0.117 Mpa,0.115 Mpa,0 Mpa,0.127 Mpa,0.131 Mpa,0.126 Mpa,0.129 Mpa,,0.118 Mpa,0.116 Mpa,0.118 Mpa,0.117 Mpa,0 Mpa,0.116 Mpa,0.117 Mpa,0.114 Mpa,0.117 Mpa,0 Mpa,0.127 Mpa,0.127 Mpa,0.126 Mpa,0.125 Mpa,0 Mpa,0.130 Mpa,0.132 Mpa,0.134 Mpa,0.895 Mpa,0 Mpa,0.125 Mpa,0.128 Mpa,0.127 Mpa,1.02 Mpa,0.736 Mpa,0.125 Mpa,0.124 Mpa,0.126 Mpa,0.124 Mpa,0 Mpa,,,,,,1773 RPM
2026-08-09 10:00:00,0.126 Mpa,0.128 Mpa,0.127 Mpa,0.127 Mpa,0 Mpa,0.117 Mpa,0.114 Mpa,0.118 Mpa,1.02 Mpa,0 Mpa,0.122 Mpa,0.119 Mpa,0.121 Mpa,0.119 Mpa,0 Mpa,0.124 Mpa,0.127 Mpa,0.123 Mpa,0.126 Mpa,,0.122 Mpa,0.118 Mpa,0.121 Mpa,0.119 Mpa,0.00587 Mpa,0.119 Mpa,0.119 Mpa,0.118 Mpa,0.119 Mpa,0.00255 Mpa,0.127 Mpa,0.128 Mpa,0.126 Mpa,0.126 Mpa,0.0112 Mpa,0.124 Mpa,0.126 Mpa,0.128 Mpa,0.885 Mpa,0.00617 Mpa,0.124 Mpa,0.126 Mpa,0.125 Mpa,1.01 Mpa,0.273 Mpa,0.121 Mpa,0.121 Mpa,0.123 Mpa,0.121 Mpa,0 Mpa,,,,,,1711 RPM
2026-08-09 13:00:00,0.123 Mpa,0.124 Mpa,0.125 Mpa,0.124 Mpa,0 Mpa,0.114 Mpa,0.110 Mpa,0.114 Mpa,1.02 Mpa,0 Mpa,0.119 Mpa,0.116 Mpa,0.119 Mpa,0.116 Mpa,0 Mpa,0.123 Mpa,0.127 Mpa,0.122 Mpa,0.126 Mpa,,0.117 Mpa,0.115 Mpa,0.117 Mpa,0.116 Mpa,0 Mpa,0.116 Mpa,0.115 Mpa,0.115 Mpa,0.116 Mpa,0 Mpa,0.126 Mpa,0.127 Mpa,0.125 Mpa,0.125 Mpa,0 Mpa,0.126 Mpa,0.127 Mpa,0.130 Mpa,0.891 Mpa,0 Mpa,0.124 Mpa,0.126 Mpa,0.126 Mpa,1.01 Mpa,0.703 Mpa,0.127 Mpa,0.127 Mpa,0.130 Mpa,0.126 Mpa,0 Mpa,0.106 Mpa,0.104 Mpa,0.868 Mpa,0.104 Mpa,0 Mpa,1714 RPM
2026-08-09 16:00:00,0.119 Mpa,0.121 Mpa,0.121 Mpa,0.120 Mpa,0 Mpa,0.113 Mpa,0.111 Mpa,0.114 Mpa,1.02 Mpa,0 Mpa,0.120 Mpa,0.117 Mpa,0.120 Mpa,0.117 Mpa,0 Mpa,0.126 Mpa,0.129 Mpa,0.125 Mpa,0.127 Mpa,,0.118 Mpa,0.116 Mpa,0.118 Mpa,0.118 Mpa,0 Mpa,0.117 Mpa,0.117 Mpa,0.115 Mpa,0.118 Mpa,0 Mpa,0.125 Mpa,0.125 Mpa,0.124 Mpa,0.123 Mpa,0 Mpa,0.125 Mpa,0.126 Mpa,0.128 Mpa,0.909 Mpa,0 Mpa,0.123 Mpa,0.125 Mpa,0.125 Mpa,1.02 Mpa,0.752 Mpa,0.122 Mpa,0.121 Mpa,0.124 Mpa,0.121 Mpa,0.0185 Mpa,0.131 Mpa,0.131 Mpa,0.248 Mpa,0.132 Mpa,0.0106 Mpa,1665 RPM
2026-08-09 19:00:00,0.125 Mpa,0.127 Mpa,0.127 Mpa,0.127 Mpa,0.0116 Mpa,0.116 Mpa,0.114 Mpa,0.116 Mpa,1.02 Mpa,0 Mpa,0.121 Mpa,0.118 Mpa,0.121 Mpa,0.118 Mpa,0 Mpa,0.128 Mpa,0.131 Mpa,0.126 Mpa,0.129 Mpa,,0.109 Mpa,0.107 Mpa,0.107 Mpa,0.107 Mpa,0.00975 Mpa,0.119 Mpa,0.119 Mpa,0.117 Mpa,0.119 Mpa,0 Mpa,0.128 Mpa,0.127 Mpa,0.127 Mpa,0.126 Mpa,0 Mpa,0.127 Mpa,0.128 Mpa,0.130 Mpa,0.913 Mpa,0 Mpa,0.123 Mpa,0.127 Mpa,0.125 Mpa,1.02 Mpa,0.595 Mpa,0.125 Mpa,0.124 Mpa,0.127 Mpa,0.124 Mpa,0 Mpa,0.131 Mpa,0.131 Mpa,0.142 Mpa,0.133 Mpa,0 Mpa,1723 RPM
2026-08-09 22:00:00,0.128 Mpa,0.130 Mpa,0.130 Mpa,0.131 Mpa,0 Mpa,0.119 Mpa,0.117 Mpa,0.119 Mpa,1.02 Mpa,0 Mpa,0.121 Mpa,0.118 Mpa,0.120 Mpa,0.117 Mpa,0 Mpa,0.121 Mpa,0.124 Mpa,0.120 Mpa,0.122 Mpa,,0.105 Mpa,0.103 Mpa,0.101 Mpa,0.102 Mpa,0.0409 Mpa,0.119 Mpa,0.119 Mpa,0.118 Mpa,0.120 Mpa,0 Mpa,0.126 Mpa,0.126 Mpa,0.125 Mpa,0.123 Mpa,0 Mpa,0.125 Mpa,0.126 Mpa,0.127 Mpa,0.909 Mpa,0.0136 Mpa,0.127 Mpa,0.129 Mpa,0.129 Mpa,1.02 Mpa,0.0551 Mpa,0.125 Mpa,0.124 Mpa,0.127 Mpa,0.124 Mpa,0.00483 Mpa,0.125 Mpa,0.125 Mpa,0.156 Mpa,0.127 Mpa,0 Mpa,1725 RPM
2026-08-10 01:00:00,0.127 Mpa,0.128 Mpa,0.129 Mpa,0.128 Mpa,0 Mpa,0.116 Mpa,0.114 Mpa,0.116 Mpa,1.01 Mpa,0.00617 Mpa,0.119 Mpa,0.116 Mpa,0.120 Mpa,0.117 Mpa,0 Mpa,0.117 Mpa,0.120 Mpa,0.117 Mpa,0.119 Mpa,,0.110 Mpa,0.109 Mpa,0.109 Mpa,0.109 Mpa,0.247 Mpa,0.118 Mpa,0.117 Mpa,0.116 Mpa,0.118 Mpa,0 Mpa,0.129 Mpa,0.129 Mpa,0.127 Mpa,0.127 Mpa,0 Mpa,0.133 Mpa,0.133 Mpa,0.137 Mpa,0.893 Mpa,0 Mpa,0.125 Mpa,0.127 Mpa,0.127 Mpa,1.02 Mpa,0 Mpa,0.129 Mpa,0.127 Mpa,0.131 Mpa,0.127 Mpa,0 Mpa,0.124 Mpa,0.125 Mpa,0.197 Mpa,0.126 Mpa,0 Mpa,1745 RPM
2026-08-10 04:00:00,0.124 Mpa,0.126 Mpa,0.126 Mpa,0.125 Mpa,0 Mpa,0.122 Mpa,0.119 Mpa,0.122 Mpa,1.01 Mpa,0.00457 Mpa,0.114 Mpa,0.112 Mpa,0.113 Mpa,0.111 Mpa,0 Mpa,0.119 Mpa,0.121 Mpa,0.118 Mpa,0.119 Mpa,,,,,,,0.120 Mpa,0.119 Mpa,0.118 Mpa,0.120 Mpa,0 Mpa,0.128 Mpa,0.128 Mpa,0.127 Mpa,0.126 Mpa,0 Mpa,0.127 Mpa,0.128 Mpa,0.130 Mpa,0.898 Mpa,0 Mpa,0.128 Mpa,0.130 Mpa,0.129 Mpa,1.02 Mpa,0 Mpa,0.124 Mpa,0.123 Mpa,0.125 Mpa,0.123 Mpa,0 Mpa,0.119 Mpa,0.119 Mpa,0.335 Mpa,0.120 Mpa,0.00353 Mpa,1711 RPM
2026-08-10 07:00:00,0.125 Mpa,0.126 Mpa,0.126 Mpa,0.126 Mpa,0 Mpa,0.119 Mpa,0.116 Mpa,0.118 Mpa,1.02 Mpa,0 Mpa,0.122 Mpa,0.119 Mpa,0.121 Mpa,0.118 Mpa,0 Mpa,0.123 Mpa,0.126 Mpa,0.122 Mpa,0.124 Mpa,,,,,,,0.119 Mpa,0.120 Mpa,0.118 Mpa,0.121 Mpa,0 Mpa,0.128 Mpa,0.129 Mpa,0.127 Mpa,0.127 Mpa,0 Mpa,0.129 Mpa,0.130 Mpa,0.133 Mpa,0.887 Mpa,0 Mpa,0.121 Mpa,0.122 Mpa,0.123 Mpa,1.02 Mpa,0 Mpa,0.119 Mpa,0.118 Mpa,0.120 Mpa,0.118 Mpa,0.00767 Mpa,0.124 Mpa,0.124 Mpa,0.890 Mpa,0.124 Mpa,0 Mpa,1741 RPM
2026-08-10 10:00:00,0.121 Mpa,0.124 Mpa,0.123 Mpa,0.123 Mpa,0 Mpa,0.117 Mpa,0.114 Mpa,0.117 Mpa,1.02 Mpa,0 Mpa,0.122 Mpa,0.119 Mpa,0.121 Mpa,0.118 Mpa,0 Mpa,0.127 Mpa,0.131 Mpa,0.126 Mpa,0.129 Mpa,,,,,,,0.118 Mpa,0.118 Mpa,0.117 Mpa,0.119 Mpa,0.00851 Mpa,0.125 Mpa,0.126 Mpa,0.125 Mpa,0.125 Mpa,0.0117 Mpa,0.125 Mpa,0.126 Mpa,0.129 Mpa,0.908 Mpa,0.00596 Mpa,0.121 Mpa,0.123 Mpa,0.123 Mpa,1.01 Mpa,0.00995 Mpa,0.123 Mpa,0.122 Mpa,0.124 Mpa,0.122 Mpa,0 Mpa,0.122 Mpa,0.121 Mpa,0.847 Mpa,0.123 Mpa,0.00425 Mpa,1661 RPM
2026-08-10 13:00:00,0.123 Mpa,0.125 Mpa,0.125 Mpa,0.124 Mpa,0.00519 Mpa,0.111 Mpa,0.109 Mpa,0.111 Mpa,1.01 Mpa,0.00391 Mpa,0.120 Mpa,0.117 Mpa,0.119 Mpa,0.117 Mpa,0 Mpa,0.124 Mpa,0.128 Mpa,0.124 Mpa,0.126 Mpa,,,,,,,0.125 Mpa,0.124 Mpa,0.124 Mpa,0.125 Mpa,0 Mpa,0.127 Mpa,0.127 Mpa,0.127 Mpa,0.126 Mpa,0 Mpa,0.127 Mpa,0.129 Mpa,0.130 Mpa,0.890 Mpa,0 Mpa,0.121 Mpa,0.125 Mpa,0.123 Mpa,1.02 Mpa,0 Mpa,0.123 Mpa,0.123 Mpa,0.125 Mpa,0.122 Mpa,0 Mpa,0.128 Mpa,0.128 Mpa,0.435 Mpa,0.130 Mpa,0 Mpa,1667 RPM
2026-08-10 16:00:00,0.121 Mpa,0.123 Mpa,0.123 Mpa,0.122 Mpa,0 Mpa,0.122 Mpa,0.119 Mpa,0.122 Mpa,1.02 Mpa,0 Mpa,0.105 Mpa,0.102 Mpa,0.105 Mpa,0.101 Mpa,0.0536 Mpa,0.125 Mpa,0.129 Mpa,0.124 Mpa,0.126 Mpa,,,,,,,0.116 Mpa,0.116 Mpa,0.115 Mpa,0.117 Mpa,0 Mpa,0.125 Mpa,0.126 Mpa,0.124 Mpa,0.123 Mpa,0 Mpa,0.130 Mpa,0.131 Mpa,0.134 Mpa,0.924 Mpa,0 Mpa,0.125 Mpa,0.128 Mpa,0.127 Mpa,1.01 Mpa,0.00465 Mpa,0.121 Mpa,0.120 Mpa,0.123 Mpa,0.120 Mpa,0.00392 Mpa,0.124 Mpa,0.124 Mpa,0.716 Mpa,0.125 Mpa,0 Mpa,1737 RPM
2026-08-10 19:00:00,0.122 Mpa,0.122 Mpa,0.123 Mpa,0.123 Mpa,0 Mpa,0.118 Mpa,0.115 Mpa,0.117 Mpa,1.02 Mpa,0 Mpa,0.104 Mpa,0.102 Mpa,0.104 Mpa,0.100 Mpa,0 Mpa,0.120 Mpa,0.123 Mpa,0.119 Mpa,0.121 Mpa,,,,,,,0.118 Mpa,0.117 Mpa,0.115 Mpa,0.118 Mpa,0 Mpa,0.129 Mpa,0.129 Mpa,0.129 Mpa,0.127 Mpa,0 Mpa,0.127 Mpa,0.128 Mpa,0.130 Mpa,0.909 Mpa,0 Mpa,0.126 Mpa,0.129 Mpa,0.128 Mpa,1.02 Mpa,0 Mpa,0.122 Mpa,0.121 Mpa,0.123 Mpa,0.120 Mpa,0 Mpa,0.119 Mpa,0.119 Mpa,0.920 Mpa,0.120 Mpa,0 Mpa,1721 RPM
2026-08-10 22:00:00,0.119 Mpa,0.121 Mpa,0.120 Mpa,0.121 Mpa,0.00359 Mpa,0.115 Mpa,0.113 Mpa,0.115 Mpa,1.02 Mpa,0 Mpa,0.108 Mpa,0.106 Mpa,0.109 Mpa,0.106 Mpa,0.0693 Mpa,0.121 Mpa,0.124 Mpa,0.121 Mpa,0.123 Mpa,,,,,,,0.120 Mpa,0.119 Mpa,0.118 Mpa,0.120 Mpa,0 Mpa,0.124 Mpa,0.123 Mpa,0.123 Mpa,0.121 Mpa,0 Mpa,0.128 Mpa,0.129 Mpa,0.132 Mpa,0.887 Mpa,0.0162 Mpa,0.126 Mpa,0.131 Mpa,0.128 Mpa,1.02 Mpa,0 Mpa,0.126 Mpa,0.125 Mpa,0.128 Mpa,0.125 Mpa,0.00412 Mpa,0.119 Mpa,0.119 Mpa,0.943 Mpa,0.120 Mpa,0 Mpa,1670 RPM
2026-08-11 01:00:00,0.122 Mpa,0.123 Mpa,0.123 Mpa,0.123 Mpa,0 Mpa,0.119 Mpa,0.117 Mpa,0.119 Mpa,1.01 Mpa,0.0225 Mpa,0.103 Mpa,0.100 Mpa,0.104 Mpa,0.100 Mpa,0.286 Mpa,0.121 Mpa,0.125 Mpa,0.119 Mpa,0.123 Mpa,,,,,,,0.116 Mpa,0.116 Mpa,0.115 Mpa,0.117 Mpa,0 Mpa,0.124 Mpa,0.126 Mpa,0.124 Mpa,0.123 Mpa,0 Mpa,0.127 Mpa,0.128 Mpa,0.129 Mpa,0.911 Mpa,0 Mpa,0.124 Mpa,0.129 Mpa,0.126 Mpa,1.02 Mpa,0 Mpa,0.122 Mpa,0.122 Mpa,0.124 Mpa,0.122 Mpa,0 Mpa,0.122 Mpa,0.122 Mpa,0.882 Mpa,0.123 Mpa,0 Mpa,1668 RPM
2026-08-11 04:00:00,0.119 Mpa,0.120 Mpa,0.120 Mpa,0.119 Mpa,0.00306 Mpa,0.118 Mpa,0.116 Mpa,0.118 Mpa,1.00 Mpa,0.00675 Mpa,,,,,,0.119 Mpa,0.122 Mpa,0.118 Mpa,0.120 Mpa,,,,,,,0.121 Mpa,0.120 Mpa,0.120 Mpa,0.121 Mpa,0.00826 Mpa,0.128 Mpa,0.129 Mpa,0.127 Mpa,0.125 Mpa,0.00486 Mpa,0.123 Mpa,0.123 Mpa,0.125 Mpa,0.912 Mpa,0.00639 Mpa,0.123 Mpa,0.127 Mpa,0.125 Mpa,1.01 Mpa,0.00519 Mpa,0.128 Mpa,0.127 Mpa,0.129 Mpa,0.127 Mpa,0.00391 Mpa,0.120 Mpa,0.120 Mpa,0.930 Mpa,0.121 Mpa,0.00361 Mpa,1721 RPM
2026-08-11 07:00:00,0.121 Mpa,0.122 Mpa,0.122 Mpa,0.122 Mpa,0 Mpa,0.119 Mpa,0.116 Mpa,0.119 Mpa,1.02 Mpa,0 Mpa,,,,,,0.119 Mpa,0.122 Mpa,0.118 Mpa,0.121 Mpa,,,,,,,,,,,,0.128 Mpa,0.127 Mpa,0.126 Mpa,0.127 Mpa,0 Mpa,0.126 Mpa,0.127 Mpa,0.129 Mpa,0.882 Mpa,0 Mpa,0.126 Mpa,0.128 Mpa,0.127 Mpa,1.02 Mpa,0 Mpa,0.116 Mpa,0.115 Mpa,0.117 Mpa,0.115 Mpa,0 Mpa,0.119 Mpa,0.119 Mpa,0.913 Mpa,0.121 Mpa,0 Mpa,1687 RPM
2026-08-11 10:00:00,0.125 Mpa,0.127 Mpa,0.127 Mpa,0.126 Mpa,0 Mpa,0.120 Mpa,0.117 Mpa,0.120 Mpa,1.02 Mpa,0 Mpa,,,,,,0.109 Mpa,0.112 Mpa,0.109 Mpa,0.111 Mpa,,,,,,,0.122 Mpa,0.122 Mpa,0.119 Mpa,0.122 Mpa,0 Mpa,0.128 Mpa,0.128 Mpa,0.127 Mpa,0.126 Mpa,0 Mpa,0.126 Mpa,0.127 Mpa,0.129 Mpa,0.897 Mpa,0 Mpa,0.126 Mpa,0.130 Mpa,0.128 Mpa,1.02 Mpa,0 Mpa,0.122 Mpa,0.123 Mpa,0.124 Mpa,0.122 Mpa,0 Mpa,0.124 Mpa,0.124 Mpa,0.875 Mpa,0.126 Mpa,0 Mpa,1743 RPM
2026-08-11 13:00:00,0.122 Mpa,0.123 Mpa,0.124 Mpa,0.123 Mpa,0 Mpa,0.118 Mpa,0.114 Mpa,0.117 Mpa,1.02 Mpa,0 Mpa,,,,,,,,,,,,,,,,0.119 Mpa,0.120 Mpa,0.119 Mpa,0.121 Mpa,0 Mpa,0.121 Mpa,0.121 Mpa,0.120 Mpa,0.120 Mpa,0.00484 Mpa,0.125 Mpa,0.126 Mpa,0.129 Mpa,0.907 Mpa,0 Mpa,0.124 Mpa,0.127 Mpa,0.125 Mpa,1.02 Mpa,0 Mpa,0.123 Mpa,0.123 Mpa,0.125 Mpa,0.122 Mpa,0 Mpa,0.124 Mpa,0.124 Mpa,0.786 Mpa,0.125 Mpa,0.00631 Mpa,1722 RPM
2026-08-11 16:00:00,0.121 Mpa,0.123 Mpa,0.123 Mpa,0.122 Mpa,0 Mpa,0.115 Mpa,0.112 Mpa,0.115 Mpa,1.01 Mpa,0.00554 Mpa,,,,,,0.126 Mpa,0.129 Mpa,0.126 Mpa,0.128 Mpa,,,,,,,0.105 Mpa,0.105 Mpa,0.104 Mpa,0.106 Mpa,0 Mpa,0.123 Mpa,0.123 Mpa,0.122 Mpa,0.122 Mpa,0 Mpa,0.125 Mpa,0.126 Mpa,0.128 Mpa,0.897 Mpa,0 Mpa,0.122 Mpa,0.125 Mpa,0.123 Mpa,1.01 Mpa,0.00586 Mpa,0.120 Mpa,0.120 Mpa,0.122 Mpa,0.120 Mpa,0.00404 Mpa,0.120 Mpa,0.120 Mpa,0.936 Mpa,0.121 Mpa,0 Mpa,1602 RPM
2026-08-11 19:00:00,0.121 Mpa,0.123 Mpa,0.123 Mpa,0.123 Mpa,0 Mpa,0.117 Mpa,0.115 Mpa,0.117 Mpa,1.02 Mpa,0 Mpa,,,,,,0.129 Mpa,0.131 Mpa,0.129 Mpa,0.131 Mpa,,,,,,,0.110 Mpa,0.110 Mpa,0.109 Mpa,0.111 Mpa,0 Mpa,0.131 Mpa,0.132 Mpa,0.130 Mpa,0.131 Mpa,0 Mpa,0.128 Mpa,0.129 Mpa,0.132 Mpa,0.879 Mpa,0 Mpa,0.120 Mpa,0.125 Mpa,0.121 Mpa,1.02 Mpa,0 Mpa,0.121 Mpa,0.119 Mpa,0.122 Mpa,0.119 Mpa,0 Mpa,0.119 Mpa,0.119 Mpa,0.926 Mpa,0.120 Mpa,0 Mpa,1699 RPM
2026-08-11 22:00:00,0.122 Mpa,0.123 Mpa,0.124 Mpa,0.123 Mpa,0.00880 Mpa,0.118 Mpa,0.116 Mpa,0.118 Mpa,1.02 Mpa,0 Mpa,0.104 Mpa,0.102 Mpa,0.105 Mpa,0.102 Mpa,0.0121 Mpa,0.126 Mpa,0.129 Mpa,0.125 Mpa,0.127 Mpa,,,,,,,0.121 Mpa,0.121 Mpa,0.120 Mpa,0.122 Mpa,0 Mpa,0.131 Mpa,0.132 Mpa,0.131 Mpa,0.130 Mpa,0.00760 Mpa,0.126 Mpa,0.128 Mpa,0.130 Mpa,0.908 Mpa,0.00525 Mpa,0.121 Mpa,0.124 Mpa,0.123 Mpa,1.02 Mpa,0 Mpa,0.120 Mpa,0.118 Mpa,0.121 Mpa,0.118 Mpa,0.00865 Mpa,0.111 Mpa,0.111 Mpa,0.909 Mpa,0.111 Mpa,0.00844 Mpa,1596 RPM
2026-08-12 01:00:00,0.127 Mpa,0.130 Mpa,0.128 Mpa,0.129 Mpa,0.00353 Mpa,0.117 Mpa,0.115 Mpa,0.118 Mpa,1.01 Mpa,0.0154 Mpa,0.105 Mpa,0.104 Mpa,0.105 Mpa,0.103 Mpa,0.0167 Mpa,0.128 Mpa,0.131 Mpa,0.127 Mpa,0.129 Mpa,,,,,,,0.118 Mpa,0.117 Mpa,0.117 Mpa,0.118 Mpa,0 Mpa,0.127 Mpa,0.128 Mpa,0.126 Mpa,0.126 Mpa,0 Mpa,0.127 Mpa,0.128 Mpa,0.130 Mpa,0.883 Mpa,0 Mpa,0.120 Mpa,0.122 Mpa,0.121 Mpa,1.02 Mpa,0 Mpa,0.122 Mpa,0.120 Mpa,0.123 Mpa,0.120 Mpa,0 Mpa,0.120 Mpa,0.118 Mpa,0.908 Mpa,0.119 Mpa,0 Mpa,1713 RPM
2026-08-12 04:00:00,0.126 Mpa,0.128 Mpa,0.127 Mpa,0.128 Mpa,0 Mpa,0.117 Mpa,0.115 Mpa,0.117 Mpa,1.01 Mpa,0.00731 Mpa,0.114 Mpa,0.113 Mpa,0.115 Mpa,0.112 Mpa,0.0107 Mpa,0.121 Mpa,0.124 Mpa,0.121 Mpa,0.123 Mpa,,,,,,,0.121 Mpa,0.121 Mpa,0.120 Mpa,0.122 Mpa,0 Mpa,0.125 Mpa,0.126 Mpa,0.124 Mpa,0.124 Mpa,0 Mpa,0.122 Mpa,0.123 Mpa,0.125 Mpa,0.913 Mpa,0 Mpa,0.125 Mpa,0.127 Mpa,0.127 Mpa,1.02 Mpa,0 Mpa,0.123 Mpa,0.121 Mpa,0.124 Mpa,0.121 Mpa,0.00405 Mpa,0.115 Mpa,0.114 Mpa,0.892 Mpa,0.114 Mpa,0.00384 Mpa,1643 RPM
2026-08-12 07:00:00,0.124 Mpa,0.126 Mpa,0.125 Mpa,0.125 Mpa,0 Mpa,0.121 Mpa,0.119 Mpa,0.121 Mpa,1.02 Mpa,0 Mpa,0.118 Mpa,0.116 Mpa,0.118 Mpa,0.116 Mpa,0 Mpa,0.125 Mpa,0.128 Mpa,0.124 Mpa,0.126 Mpa,,,,,,,0.118 Mpa,0.118 Mpa,0.117 Mpa,0.119 Mpa,0 Mpa,0.118 Mpa,0.118 Mpa,0.118 Mpa,0.118 Mpa,0 Mpa,0.111 Mpa,0.112 Mpa,0.111 Mpa,0.984 Mpa,0.0517 Mpa,0.127 Mpa,0.128 Mpa,0.128 Mpa,1.02 Mpa,0 Mpa,0.120 Mpa,0.120 Mpa,0.122 Mpa,0.119 Mpa,0 Mpa,0.123 Mpa,0.123 Mpa,0.961 Mpa,0.124 Mpa,0 Mpa,1730 RPM
2026-08-12 10:00:00,0.125 Mpa,0.128 Mpa,0.127 Mpa,0.127 Mpa,0 Mpa,0.118 Mpa,0.115 Mpa,0.118 Mpa,1.01 Mpa,0 Mpa,0.121 Mpa,0.118 Mpa,0.120 Mpa,0.118 Mpa,0 Mpa,0.122 Mpa,0.126 Mpa,0.122 Mpa,0.125 Mpa,,,,,,,0.118 Mpa,0.117 Mpa,0.117 Mpa,0.118 Mpa,0.00962 Mpa,0.124 Mpa,0.124 Mpa,0.123 Mpa,0.124 Mpa,0.0167 Mpa,0.129 Mpa,0.130 Mpa,0.132 Mpa,0.785 Mpa,0 Mpa,0.124 Mpa,0.126 Mpa,0.125 Mpa,1.02 Mpa,0 Mpa,0.123 Mpa,0.122 Mpa,0.124 Mpa,0.121 Mpa,0 Mpa,0.114 Mpa,0.113 Mpa,0.907 Mpa,0.113 Mpa,0.0452 Mpa,1685 RPM
2026-08-12 13:00:00,0.120 Mpa,0.122 Mpa,0.121 Mpa,0.122 Mpa,0 Mpa,0.119 Mpa,0.116 Mpa,0.118 Mpa,1.01 Mpa,0 Mpa,0.116 Mpa,0.113 Mpa,0.115 Mpa,0.113 Mpa,0 Mpa,0.109 Mpa,0.111 Mpa,0.109 Mpa,0.110 Mpa,,0.108 Mpa,0.108 Mpa,0.108 Mpa,0.108 Mpa,0 Mpa,0.115 Mpa,0.115 Mpa,0.114 Mpa,0.116 Mpa,0 Mpa,0.117 Mpa,0.118 Mpa,0.117 Mpa,0.117 Mpa,0 Mpa,0.127 Mpa,0.128 Mpa,0.131 Mpa,0.905 Mpa,0 Mpa,0.124 Mpa,0.127 Mpa,0.126 Mpa,1.01 Mpa,0.00744 Mpa,0.122 Mpa,0.121 Mpa,0.124 Mpa,0.121 Mpa,0.00473 Mpa,0.127 Mpa,0.127 Mpa,0.552 Mpa,0.128 Mpa,0 Mpa,1575 RPM
2026-08-12 16:00:00,0.125 Mpa,0.127 Mpa,0.127 Mpa,0.127 Mpa,0.00218 Mpa,0.120 Mpa,0.118 Mpa,0.120 Mpa,1.02 Mpa,0 Mpa,0.103 Mpa,0.100 Mpa,0.103 Mpa,0.100 Mpa,0 Mpa,0.117 Mpa,0.120 Mpa,0.116 Mpa,0.118 Mpa,,0.104 Mpa,0.109 Mpa,0.102 Mpa,0.108 Mpa,0.174 Mpa,0.117 Mpa,0.117 Mpa,0.116 Mpa,0.118 Mpa,0 Mpa,0.125 Mpa,0.126 Mpa,0.124 Mpa,0.124 Mpa,0 Mpa,0.125 Mpa,0.126 Mpa,0.129 Mpa,0.918 Mpa,0.00469 Mpa,0.123 Mpa,0.124 Mpa,0.124 Mpa,1.01 Mpa,0.00850 Mpa,0.121 Mpa,0.120 Mpa,0.123 Mpa,0.120 Mpa,0.00419 Mpa,0.122 Mpa,0.122 Mpa,0.576 Mpa,0.123 Mpa,0.0135 Mpa,1665 RPM
2026-08-12 19:00:00,0.129 Mpa,0.131 Mpa,0.130 Mpa,0.130 Mpa,0 Mpa,0.117 Mpa,0.115 Mpa,0.117 Mpa,1.02 Mpa,0 Mpa,0.102 Mpa,0.100 Mpa,0.103 Mpa,0.100 Mpa,0 Mpa,0.113 Mpa,0.115 Mpa,0.113 Mpa,0.115 Mpa,,0.123 Mpa,0.126 Mpa,0.122 Mpa,0.126 Mpa,0.0199 Mpa,0.121 Mpa,0.120 Mpa,0.120 Mpa,0.122 Mpa,0 Mpa,0.126 Mpa,0.126 Mpa,0.125 Mpa,0.124 Mpa,0 Mpa,0.129 Mpa,0.129 Mpa,0.132 Mpa,0.909 Mpa,0 Mpa,0.125 Mpa,0.128 Mpa,0.126 Mpa,1.02 Mpa,0 Mpa,0.121 Mpa,0.121 Mpa,0.123 Mpa,0.120 Mpa,0 Mpa,0.112 Mpa,0.111 Mpa,1.00 Mpa,0.112 Mpa,0.00406 Mpa,1571 RPM
2026-08-12 22:00:00,0.125 Mpa,0.127 Mpa,0.127 Mpa,0.126 Mpa,0 Mpa,0.114 Mpa,0.112 Mpa,0.115 Mpa,1.02 Mpa,0 Mpa,0.111 Mpa,0.110 Mpa,0.111 Mpa,0.109 Mpa,0.0189 Mpa,0.125 Mpa,0.128 Mpa,0.124 Mpa,0.126 Mpa,,0.122 Mpa,0.123 Mpa,0.120 Mpa,0.123 Mpa,0.00570 Mpa,0.120 Mpa,0.120 Mpa,0.118 Mpa,0.120 Mpa,0 Mpa,0.119 Mpa,0.121 Mpa,0.119 Mpa,0.118 Mpa,0 Mpa,0.123 Mpa,0.123 Mpa,0.125 Mpa,0.936 Mpa,0.00513 Mpa,0.121 Mpa,0.125 Mpa,0.123 Mpa,1.02 Mpa,0 Mpa,0.120 Mpa,0.120 Mpa,0.122 Mpa,0.119 Mpa,0.0104 Mpa,0.105 Mpa,0.105 Mpa,0.869 Mpa,0.105 Mpa,0.00435 Mpa,1490 RPM
2026-08-13 01:00:00,0.124 Mpa,0.125 Mpa,0.125 Mpa,0.125 Mpa,0.00357 Mpa,0.119 Mpa,0.116 Mpa,0.119 Mpa,1.01 Mpa,0.0136 Mpa,0.118 Mpa,0.116 Mpa,0.118 Mpa,0.116 Mpa,0 Mpa,0.123 Mpa,0.126 Mpa,0.123 Mpa,0.125 Mpa,,0.122 Mpa,0.120 Mpa,0.121 Mpa,0.114 Mpa,0 Mpa,0.116 Mpa,0.116 Mpa,0.115 Mpa,0.117 Mpa,0 Mpa,0.130 Mpa,0.132 Mpa,0.129 Mpa,0.129 Mpa,0 Mpa,0.125 Mpa,0.125 Mpa,0.126 Mpa,0.929 Mpa,0.00627 Mpa,0.123 Mpa,0.126 Mpa,0.125 Mpa,1.02 Mpa,0 Mpa,0.128 Mpa,0.126 Mpa,0.129 Mpa,0.126 Mpa,0 Mpa,0.116 Mpa,0.116 Mpa,0.990 Mpa,0.116 Mpa,0 Mpa,1681 RPM
2026-08-13 04:00:00,0.118 Mpa,0.120 Mpa,0.119 Mpa,0.118 Mpa,0 Mpa,0.119 Mpa,0.117 Mpa,0.119 Mpa,1.01 Mpa,0.00485 Mpa,0.111 Mpa,0.108 Mpa,0.111 Mpa,0.108 Mpa,0 Mpa,0.107 Mpa,0.110 Mpa,0.108 Mpa,0.109 Mpa,,0.121 Mpa,0.119 Mpa,0.120 Mpa,0.114 Mpa,0.00767 Mpa,0.115 Mpa,0.116 Mpa,0.114 Mpa,0.117 Mpa,0.00476 Mpa,0.131 Mpa,0.130 Mpa,0.130 Mpa,0.128 Mpa,0 Mpa,0.120 Mpa,0.121 Mpa,0.121 Mpa,0.928 Mpa,0.00643 Mpa,0.123 Mpa,0.126 Mpa,0.124 Mpa,1.01 Mpa,0.00502 Mpa,0.124 Mpa,0.122 Mpa,0.126 Mpa,0.122 Mpa,0.00429 Mpa,0.114 Mpa,0.113 Mpa,0.880 Mpa,0.114 Mpa,0.0124 Mpa,1540 RPM
2026-08-13 07:00:00,0.125 Mpa,0.126 Mpa,0.126 Mpa,0.126 Mpa,0 Mpa,0.121 Mpa,0.118 Mpa,0.121 Mpa,1.02 Mpa,0 Mpa,0.116 Mpa,0.114 Mpa,0.116 Mpa,0.114 Mpa,0 Mpa,0.128 Mpa,0.131 Mpa,0.127 Mpa,0.129 Mpa,,0.123 Mpa,0.120 Mpa,0.123 Mpa,0.116 Mpa,0 Mpa,0.118 Mpa,0.118 Mpa,0.116 Mpa,0.119 Mpa,0 Mpa,0.131 Mpa,0.130 Mpa,0.130 Mpa,0.129 Mpa,0 Mpa,0.125 Mpa,0.127 Mpa,0.128 Mpa,0.909 Mpa,0 Mpa,0.124 Mpa,0.127 Mpa,0.125 Mpa,1.01 Mpa,0.00390 Mpa,0.120 Mpa,0.119 Mpa,0.121 Mpa,0.119 Mpa,0 Mpa,0.128 Mpa,0.128 Mpa,0.897 Mpa,0.129 Mpa,0 Mpa,1730 RPM
2026-08-13 10:00:00,0.128 Mpa,0.131 Mpa,0.130 Mpa,0.131 Mpa,0 Mpa,0.121 Mpa,0.118 Mpa,0.120 Mpa,1.02 Mpa,0 Mpa,0.115 Mpa,0.112 Mpa,0.115 Mpa,0.112 Mpa,0 Mpa,0.127 Mpa,0.131 Mpa,0.126 Mpa,0.129 Mpa,,0.116 Mpa,0.115 Mpa,0.116 Mpa,0.115 Mpa,0.0107 Mpa,0.114 Mpa,0.115 Mpa,0.112 Mpa,0.115 Mpa,0.0135 Mpa,0.127 Mpa,0.127 Mpa,0.126 Mpa,0.126 Mpa,0.00544 Mpa,0.130 Mpa,0.132 Mpa,0.134 Mpa,0.894 Mpa,0.00524 Mpa,0.114 Mpa,0.116 Mpa,0.114 Mpa,1.01 Mpa,0.0112 Mpa,0.121 Mpa,0.121 Mpa,0.123 Mpa,0.120 Mpa,0 Mpa,0.124 Mpa,0.125 Mpa,0.855 Mpa,0.126 Mpa,0 Mpa,1607 RPM
2026-08-13 13:00:00,0.129 Mpa,0.131 Mpa,0.130 Mpa,0.130 Mpa,0 Mpa,0.122 Mpa,0.119 Mpa,0.122 Mpa,1.02 Mpa,0 Mpa,0.110 Mpa,0.108 Mpa,0.111 Mpa,0.108 Mpa,0 Mpa,0.122 Mpa,0.125 Mpa,0.121 Mpa,0.123 Mpa,,0.104 Mpa,0.102 Mpa,0.101 Mpa,0.103 Mpa,0.0536 Mpa,0.102 Mpa,0.103 Mpa,0.100 Mpa,0.103 Mpa,0.0429 Mpa,0.127 Mpa,0.127 Mpa,0.126 Mpa,0.126 Mpa,0 Mpa,0.127 Mpa,0.129 Mpa,0.130 Mpa,0.914 Mpa,0 Mpa,0.128 Mpa,0.131 Mpa,0.129 Mpa,1.02 Mpa,0 Mpa,0.121 Mpa,0.121 Mpa,0.123 Mpa,0.120 Mpa,0 Mpa,0.124 Mpa,0.125 Mpa,0.271 Mpa,0.126 Mpa,0 Mpa,1743 RPM
2026-08-13 16:00:00,0.113 Mpa,0.116 Mpa,0.114 Mpa,0.115 Mpa,0.00473 Mpa,0.120 Mpa,0.117 Mpa,0.119 Mpa,1.01 Mpa,0 Mpa,0.113 Mpa,0.110 Mpa,0.112 Mpa,0.110 Mpa,0 Mpa,0.126 Mpa,0.128 Mpa,0.124 Mpa,0.126 Mpa,,0.117 Mpa,0.116 Mpa,0.115 Mpa,0.116 Mpa,0.0195 Mpa,0.116 Mpa,0.116 Mpa,0.115 Mpa,0.117 Mpa,0.00524 Mpa,0.121 Mpa,0.122 Mpa,0.121 Mpa,0.121 Mpa,0 Mpa,0.122 Mpa,0.123 Mpa,0.124 Mpa,0.939 Mpa,0 Mpa,0.124 Mpa,0.127 Mpa,0.125 Mpa,1.01 Mpa,0.00505 Mpa,0.120 Mpa,0.120 Mpa,0.122 Mpa,0.119 Mpa,0 Mpa,0.122 Mpa,0.122 Mpa,0.216 Mpa,0.124 Mpa,0.00354 Mpa,1607 RPM
2026-08-13 19:00:00,0.124 Mpa,0.127 Mpa,0.126 Mpa,0.126 Mpa,0 Mpa,0.112 Mpa,0.112 Mpa,0.113 Mpa,0.879 Mpa,0.421 Mpa,0.119 Mpa,0.116 Mpa,0.119 Mpa,0.116 Mpa,0 Mpa,0.119 Mpa,0.121 Mpa,0.118 Mpa,0.120 Mpa,,0.120 Mpa,0.117 Mpa,0.119 Mpa,0.116 Mpa,0 Mpa,0.118 Mpa,0.118 Mpa,0.117 Mpa,0.119 Mpa,0 Mpa,0.127 Mpa,0.132 Mpa,0.127 Mpa,0.125 Mpa,0 Mpa,0.128 Mpa,0.130 Mpa,0.132 Mpa,0.895 Mpa,0.00384 Mpa,0.127 Mpa,0.130 Mpa,0.129 Mpa,1.02 Mpa,0 Mpa,0.119 Mpa,0.118 Mpa,0.120 Mpa,0.117 Mpa,0 Mpa,0.122 Mpa,0.123 Mpa,0.423 Mpa,0.124 Mpa,0 Mpa,1743 RPM
2026-08-13 22:00:00,0.126 Mpa,0.128 Mpa,0.128 Mpa,0.128 Mpa,0.00398 Mpa,,,,,,0.115 Mpa,0.113 Mpa,0.115 Mpa,0.112 Mpa,0.00496 Mpa,0.118 Mpa,0.122 Mpa,0.118 Mpa,0.121 Mpa,,0.118 Mpa,0.116 Mpa,0.118 Mpa,0.117 Mpa,0 Mpa,0.125 Mpa,0.124 Mpa,0.123 Mpa,0.125 Mpa,0 Mpa,0.131 Mpa,0.130 Mpa,0.130 Mpa,0.129 Mpa,0 Mpa,0.127 Mpa,0.128 Mpa,0.130 Mpa,0.895 Mpa,0 Mpa,0.128 Mpa,0.131 Mpa,0.130 Mpa,1.02 Mpa,0 Mpa,0.118 Mpa,0.117 Mpa,0.119 Mpa,0.117 Mpa,0.00941 Mpa,0.122 Mpa,0.122 Mpa,0.502 Mpa,0.123 Mpa,0 Mpa,1739 RPM
2026-08-14 01:00:00,0.120 Mpa,0.121 Mpa,0.121 Mpa,0.121 Mpa,0 Mpa,0.112 Mpa,0.112 Mpa,0.112 Mpa,1.02 Mpa,0 Mpa,0.118 Mpa,0.115 Mpa,0.117 Mpa,0.115 Mpa,0 Mpa,0.119 Mpa,0.122 Mpa,0.120 Mpa,0.122 Mpa,,0.119 Mpa,0.117 Mpa,0.119 Mpa,0.117 Mpa,0.0163 Mpa,0.121 Mpa,0.120 Mpa,0.119 Mpa,0.121 Mpa,0 Mpa,0.131 Mpa,0.130 Mpa,0.130 Mpa,0.129 Mpa,0 Mpa,0.129 Mpa,0.130 Mpa,0.132 Mpa,0.900 Mpa,0 Mpa,0.126 Mpa,0.130 Mpa,0.128 Mpa,1.02 Mpa,0 Mpa,0.122 Mpa,0.122 Mpa,0.124 Mpa,0.121 Mpa,0 Mpa,0.121 Mpa,0.121 Mpa,0.494 Mpa,0.122 Mpa,0.0175 Mpa,1709 RPM
2026-08-14 04:00:00,0.120 Mpa,0.122 Mpa,0.121 Mpa,0.121 Mpa,0.00377 Mpa,0.119 Mpa,0.117 Mpa,0.119 Mpa,1.02 Mpa,0 Mpa,0.116 Mpa,0.113 Mpa,0.116 Mpa,0.113 Mpa,0.00913 Mpa,0.114 Mpa,0.117 Mpa,0.115 Mpa,0.116 Mpa,,0.115 Mpa,0.114 Mpa,0.114 Mpa,0.114 Mpa,0 Mpa,0.121 Mpa,0.121 Mpa,0.120 Mpa,0.122 Mpa,0.00346 Mpa,0.131 Mpa,0.130 Mpa,0.130 Mpa,0.130 Mpa,0 Mpa,0.123 Mpa,0.124 Mpa,0.126 Mpa,0.909 Mpa,0 Mpa,0.115 Mpa,0.118 Mpa,0.117 Mpa,1.01 Mpa,0.00479 Mpa,0.119 Mpa,0.119 Mpa,0.121 Mpa,0.119 Mpa,0.00403 Mpa,0.119 Mpa,0.119 Mpa,0.859 Mpa,0.120 Mpa,0 Mpa,1631 RPM
2026-08-14 07:00:00,0.126 Mpa,0.128 Mpa,0.127 Mpa,0.127 Mpa,0 Mpa,0.122 Mpa,0.120 Mpa,0.122 Mpa,1.02 Mpa,0 Mpa,0.113 Mpa,0.112 Mpa,0.113 Mpa,0.111 Mpa,0 Mpa,0.121 Mpa,0.125 Mpa,0.121 Mpa,0.123 Mpa,,0.122 Mpa,0.120 Mpa,0.121 Mpa,0.120 Mpa,0 Mpa,0.121 Mpa,0.121 Mpa,0.120 Mpa,0.121 Mpa,0 Mpa,0.126 Mpa,0.125 Mpa,0.125 Mpa,0.125 Mpa,0 Mpa,0.127 Mpa,0.128 Mpa,0.130 Mpa,0.905 Mpa,0 Mpa,0.120 Mpa,0.123 Mpa,0.121 Mpa,1.02 Mpa,0 Mpa,0.123 Mpa,0.123 Mpa,0.125 Mpa,0.122 Mpa,0 Mpa,0.122 Mpa,0.121 Mpa,0.885 Mpa,0.122 Mpa,0 Mpa,1740 RPM
2026-08-14 10:00:00,0.125 Mpa,0.127 Mpa,0.126 Mpa,0.126 Mpa,0 Mpa,0.120 Mpa,0.118 Mpa,0.121 Mpa,1.02 Mpa,0 Mpa,0.121 Mpa,0.118 Mpa,0.120 Mpa,0.118 Mpa,0.00354 Mpa,0.128 Mpa,0.131 Mpa,0.126 Mpa,0.129 Mpa,,0.116 Mpa,0.114 Mpa,0.115 Mpa,0.114 Mpa,0.0140 Mpa,0.120 Mpa,0.120 Mpa,0.119 Mpa,0.121 Mpa,0 Mpa,0.116 Mpa,0.116 Mpa,0.115 Mpa,0.115 Mpa,0.0129 Mpa,0.129 Mpa,0.130 Mpa,0.133 Mpa,0.878 Mpa,0.00429 Mpa,0.123 Mpa,0.127 Mpa,0.125 Mpa,1.02 Mpa,0 Mpa,0.120 Mpa,0.120 Mpa,0.122 Mpa,0.119 Mpa,0 Mpa,0.122 Mpa,0.122 Mpa,0.547 Mpa,0.123 Mpa,0 Mpa,1690 RPM
2026-08-14 13:00:00,0.125 Mpa,0.126 Mpa,0.126 Mpa,0.126 Mpa,0 Mpa,0.122 Mpa,0.120 Mpa,0.123 Mpa,1.01 Mpa,0.00387 Mpa,0.117 Mpa,0.114 Mpa,0.117 Mpa,0.114 Mpa,0 Mpa,0.125 Mpa,0.128 Mpa,0.123 Mpa,0.126 Mpa,,0.104 Mpa,0.101 Mpa,0.101 Mpa,0.101 Mpa,0.0295 Mpa,0.120 Mpa,0.120 Mpa,0.118 Mpa,0.121 Mpa,0.00761 Mpa,0.124 Mpa,0.123 Mpa,0.123 Mpa,0.122 Mpa,0 Mpa,0.126 Mpa,0.128 Mpa,0.129 Mpa,0.923 Mpa,0 Mpa,0.120 Mpa,0.122 Mpa,0.120 Mpa,1.01 Mpa,0.0230 Mpa,0.124 Mpa,0.124 Mpa,0.126 Mpa,0.123 Mpa,0 Mpa,0.124 Mpa,0.124 Mpa,0.396 Mpa,0.125 Mpa,0 Mpa,1733 RPM
2026-08-14 16:00:00,0.124 Mpa,0.125 Mpa,0.125 Mpa,0.124 Mpa,0.00586 Mpa,0.120 Mpa,0.117 Mpa,0.121 Mpa,1.02 Mpa,0 Mpa,0.117 Mpa,0.115 Mpa,0.117 Mpa,0.114 Mpa,0.0273 Mpa,0.123 Mpa,0.126 Mpa,0.122 Mpa,0.124 Mpa,,0.121 Mpa,0.118 Mpa,0.119 Mpa,0.119 Mpa,0.0255 Mpa,0.119 Mpa,0.119 Mpa,0.117 Mpa,0.120 Mpa,0.00424 Mpa,0.128 Mpa,0.127 Mpa,0.127 Mpa,0.127 Mpa,0.00494 Mpa,0.125 Mpa,0.126 Mpa,0.128 Mpa,0.913 Mpa,0 Mpa,0.127 Mpa,0.129 Mpa,0.128 Mpa,1.01 Mpa,0.00485 Mpa,0.116 Mpa,0.116 Mpa,0.118 Mpa,0.115 Mpa,0 Mpa,0.118 Mpa,0.119 Mpa,0.423 Mpa,0.120 Mpa,0.0138 Mpa,1678 RPM
2026-08-14 19:00:00,0.124 Mpa,0.125 Mpa,0.125 Mpa,0.124 Mpa,0.00217 Mpa,0.118 Mpa,0.116 Mpa,0.119 Mpa,1.02 Mpa,0 Mpa,,,,,,0.123 Mpa,0.126 Mpa,0.122 Mpa,0.124 Mpa,,0.122 Mpa,0.120 Mpa,0.121 Mpa,0.121 Mpa,0 Mpa,0.119 Mpa,0.118 Mpa,0.117 Mpa,0.119 Mpa,0 Mpa,0.118 Mpa,0.118 Mpa,0.118 Mpa,0.117 Mpa,0 Mpa,0.127 Mpa,0.128 Mpa,0.130 Mpa,0.903 Mpa,0 Mpa,0.121 Mpa,0.124 Mpa,0.123 Mpa,1.02 Mpa,0 Mpa,0.119 Mpa,0.118 Mpa,0.121 Mpa,0.118 Mpa,0 Mpa,0.117 Mpa,0.117 Mpa,0.610 Mpa,0.118 Mpa,0 Mpa,1736 RPM
2026-08-14 22:00:00,0.124 Mpa,0.126 Mpa,0.126 Mpa,0.125 Mpa,0 Mpa,0.120 Mpa,0.118 Mpa,0.120 Mpa,1.02 Mpa,0 Mpa,,,,,,0.123 Mpa,0.125 Mpa,0.122 Mpa,0.124 Mpa,,0.120 Mpa,0.118 Mpa,0.119 Mpa,0.118 Mpa,0 Mpa,0.120 Mpa,0.120 Mpa,0.118 Mpa,0.120 Mpa,0 Mpa,0.127 Mpa,0.128 Mpa,0.126 Mpa,0.127 Mpa,0 Mpa,0.120 Mpa,0.120 Mpa,0.121 Mpa,0.946 Mpa,0.0246 Mpa,0.125 Mpa,0.130 Mpa,0.127 Mpa,1.02 Mpa,0 Mpa,0.118 Mpa,0.117 Mpa,0.120 Mpa,0.117 Mpa,0.00427 Mpa,0.119 Mpa,0.119 Mpa,0.382 Mpa,0.120 Mpa,0 Mpa,1691 RPM
2026-08-15 01:00:00,0.124 Mpa,0.125 Mpa,0.125 Mpa,0.125 Mpa,0 Mpa,0.120 Mpa,0.117 Mpa,0.120 Mpa,1.01 Mpa,0.0179 Mpa,,,,,,0.117 Mpa,0.120 Mpa,0.117 Mpa,0.119 Mpa,,0.117 Mpa,0.114 Mpa,0.115 Mpa,0.115 Mpa,0 Mpa,0.118 Mpa,0.118 Mpa,0.117 Mpa,0.119 Mpa,0 Mpa,0.121 Mpa,0.123 Mpa,0.121 Mpa,0.121 Mpa,0 Mpa,0.123 Mpa,0.123 Mpa,0.125 Mpa,0.943 Mpa,0 Mpa,0.121 Mpa,0.125 Mpa,0.123 Mpa,1.01 Mpa,0.00568 Mpa,0.120 Mpa,0.119 Mpa,0.122 Mpa,0.119 Mpa,0 Mpa,0.122 Mpa,0.123 Mpa,0.426 Mpa,0.124 Mpa,0.0128 Mpa,1591 RPM
2026-08-15 04:00:00,0.118 Mpa,0.121 Mpa,0.119 Mpa,0.120 Mpa,0.00229 Mpa,0.121 Mpa,0.120 Mpa,0.122 Mpa,1.01 Mpa,0.00604 Mpa,0.105 Mpa,0.104 Mpa,0.106 Mpa,0.104 Mpa,0 Mpa,0.119 Mpa,0.122 Mpa,0.118 Mpa,0.121 Mpa,,0.118 Mpa,0.116 Mpa,0.117 Mpa,0.117 Mpa,0.00845 Mpa,0.113 Mpa,0.113 Mpa,0.112 Mpa,0.114 Mpa,0 Mpa,0.130 Mpa,0.129 Mpa,0.129 Mpa,0.129 Mpa,0.00516 Mpa,0.125 Mpa,0.127 Mpa,0.128 Mpa,0.906 Mpa,0.00499 Mpa,0.122 Mpa,0.126 Mpa,0.124 Mpa,1.01 Mpa,0.00478 Mpa,0.122 Mpa,0.121 Mpa,0.123 Mpa,0.121 Mpa,0.00417 Mpa,0.123 Mpa,0.123 Mpa,0.240 Mpa,0.125 Mpa,0 Mpa,1650 RPM
2026-08-15 07:00:00,0.125 Mpa,0.126 Mpa,0.127 Mpa,0.127 Mpa,0 Mpa,0.122 Mpa,0.120 Mpa,0.122 Mpa,1.02 Mpa,0 Mpa,0.110 Mpa,0.108 Mpa,0.111 Mpa,0.107 Mpa,0.0132 Mpa,0.128 Mpa,0.132 Mpa,0.127 Mpa,0.130 Mpa,,0.120 Mpa,0.118 Mpa,0.119 Mpa,0.118 Mpa,0 Mpa,0.121 Mpa,0.121 Mpa,0.120 Mpa,0.122 Mpa,0 Mpa,0.130 Mpa,0.129 Mpa,0.130 Mpa,0.128 Mpa,0 Mpa,0.127 Mpa,0.128 Mpa,0.130 Mpa,0.912 Mpa,0 Mpa,0.130 Mpa,0.132 Mpa,0.131 Mpa,1.02 Mpa,0 Mpa,0.126 Mpa,0.125 Mpa,0.128 Mpa,0.125 Mpa,0 Mpa,0.124 Mpa,0.124 Mpa,0.292 Mpa,0.125 Mpa,0 Mpa,1734 RPM
2026-08-15 10:00:00,0.124 Mpa,0.125 Mpa,0.125 Mpa,0.125 Mpa,0 Mpa,0.119 Mpa,0.116 Mpa,0.119 Mpa,1.02 Mpa,0 Mpa,0.114 Mpa,0.112 Mpa,0.114 Mpa,0.111 Mpa,0 Mpa,0.118 Mpa,0.120 Mpa,0.118 Mpa,0.119 Mpa,,0.120 Mpa,0.118 Mpa,0.120 Mpa,0.117 Mpa,0 Mpa,0.123 Mpa,0.123 Mpa,0.122 Mpa,0.124 Mpa,0 Mpa,0.129 Mpa,0.128 Mpa,0.128 Mpa,0.128 Mpa,0.0161 Mpa,0.130 Mpa,0.131 Mpa,0.134 Mpa,0.889 Mpa,0 Mpa,0.132 Mpa,0.137 Mpa,0.134 Mpa,1.02 Mpa,0 Mpa,0.122 Mpa,0.121 Mpa,0.124 Mpa,0.120 Mpa,0 Mpa,0.124 Mpa,0.124 Mpa,0.253 Mpa,0.125 Mpa,0 Mpa,1654 RPM
2026-08-15 13:00:00,0.130 Mpa,0.133 Mpa,0.132 Mpa,0.132 Mpa,0 Mpa,0.120 Mpa,0.118 Mpa,0.120 Mpa,1.01 Mpa,0.00927 Mpa,0.114 Mpa,0.112 Mpa,0.114 Mpa,0.111 Mpa,0 Mpa,0.122 Mpa,0.125 Mpa,0.121 Mpa,0.123 Mpa,,0.119 Mpa,0.117 Mpa,0.119 Mpa,0.116 Mpa,0 Mpa,0.117 Mpa,0.118 Mpa,0.116 Mpa,0.118 Mpa,0.0199 Mpa,0.128 Mpa,0.128 Mpa,0.127 Mpa,0.127 Mpa,0.0125 Mpa,0.128 Mpa,0.130 Mpa,0.132 Mpa,0.898 Mpa,0 Mpa,0.129 Mpa,0.133 Mpa,0.131 Mpa,1.01 Mpa,0.0177 Mpa,0.126 Mpa,0.125 Mpa,0.129 Mpa,0.124 Mpa,0 Mpa,0.124 Mpa,0.124 Mpa,0.163 Mpa,0.126 Mpa,0 Mpa,1741 RPM
2026-08-15 16:00:00,0.124 Mpa,0.125 Mpa,0.126 Mpa,0.125 Mpa,0.00420 Mpa,0.115 Mpa,0.115 Mpa,0.116 Mpa,1.01 Mpa,0.00778 Mpa,0.116 Mpa,0.114 Mpa,0.117 Mpa,0.114 Mpa,0.0260 Mpa,0.116 Mpa,0.119 Mpa,0.116 Mpa,0.117 Mpa,,0.115 Mpa,0.113 Mpa,0.114 Mpa,0.113 Mpa,0 Mpa,0.122 Mpa,0.122 Mpa,0.120 Mpa,0.123 Mpa,0 Mpa,0.136 Mpa,0.135 Mpa,0.134 Mpa,0.134 Mpa,0.00474 Mpa,0.125 Mpa,0.126 Mpa,0.129 Mpa,0.921 Mpa,0 Mpa,,,,,,0.123 Mpa,0.121 Mpa,0.125 Mpa,0.121 Mpa,0.00395 Mpa,0.122 Mpa,0.123 Mpa,0.241 Mpa,0.124 Mpa,0.00558 Mpa,1705 RPM
2026-08-15 19:00:00,0.120 Mpa,0.121 Mpa,0.121 Mpa,0.121 Mpa,0 Mpa,0.120 Mpa,0.118 Mpa,0.120 Mpa,1.02 Mpa,0 Mpa,0.111 Mpa,0.109 Mpa,0.112 Mpa,0.108 Mpa,0.0101 Mpa,0.121 Mpa,0.124 Mpa,0.119 Mpa,0.122 Mpa,,0.119 Mpa,0.117 Mpa,0.119 Mpa,0.116 Mpa,0 Mpa,0.120 Mpa,0.119 Mpa,0.119 Mpa,0.121 Mpa,0 Mpa,0.125 Mpa,0.125 Mpa,0.124 Mpa,0.125 Mpa,0 Mpa,0.125 Mpa,0.127 Mpa,0.128 Mpa,0.898 Mpa,0 Mpa,,,,,,0.120 Mpa,0.118 Mpa,0.121 Mpa,0.118 Mpa,0 Mpa,0.118 Mpa,0.118 Mpa,0.236 Mpa,0.120 Mpa,0 Mpa,1756 RPM
2026-08-15 22:00:00,0.117 Mpa,0.119 Mpa,0.119 Mpa,0.118 Mpa,0.00422 Mpa,0.122 Mpa,0.119 Mpa,0.122 Mpa,1.02 Mpa,0 Mpa,0.115 Mpa,0.113 Mpa,0.115 Mpa,0.112 Mpa,0 Mpa,0.117 Mpa,0.120 Mpa,0.116 Mpa,0.118 Mpa,,0.119 Mpa,0.116 Mpa,0.118 Mpa,0.117 Mpa,0.0148 Mpa,0.122 Mpa,0.120 Mpa,0.120 Mpa,0.121 Mpa,0 Mpa,0.134 Mpa,0.133 Mpa,0.133 Mpa,0.132 Mpa,0 Mpa,0.128 Mpa,0.129 Mpa,0.132 Mpa,0.905 Mpa,0.00981 Mpa,0.105 Mpa,0.105 Mpa,0.105 Mpa,0.966 Mpa,0.0394 Mpa,0.122 Mpa,0.121 Mpa,0.123 Mpa,0.121 Mpa,0.00595 Mpa,0.121 Mpa,0.121 Mpa,0.218 Mpa,0.122 Mpa,0 Mpa,1740 RPM
2026-08-16 01:00:00,0.132 Mpa,0.134 Mpa,0.133 Mpa,0.133 Mpa,0.00471 Mpa,0.119 Mpa,0.117 Mpa,0.119 Mpa,1.01 Mpa,0.0144 Mpa,0.114 Mpa,0.111 Mpa,0.114 Mpa,0.111 Mpa,0 Mpa,0.117 Mpa,0.119 Mpa,0.116 Mpa,0.117 Mpa,,0.104 Mpa,0.103 Mpa,0.103 Mpa,0.104 Mpa,0.0488 Mpa,0.119 Mpa,0.118 Mpa,0.118 Mpa,0.119 Mpa,0 Mpa,0.129 Mpa,0.129 Mpa,0.128 Mpa,0.127 Mpa,0 Mpa,0.122 Mpa,0.123 Mpa,0.125 Mpa,0.902 Mpa,0 Mpa,,,,,,0.119 Mpa,0.119 Mpa,0.121 Mpa,0.119 Mpa,0 Mpa,0.119 Mpa,0.119 Mpa,0.503 Mpa,0.120 Mpa,0.00867 Mpa,1608 RPM
2026-08-16 04:00:00,0.125 Mpa,0.127 Mpa,0.126 Mpa,0.126 Mpa,0 Mpa,0.122 Mpa,0.120 Mpa,0.122 Mpa,1.01 Mpa,0.00889 Mpa,0.116 Mpa,0.112 Mpa,0.116 Mpa,0.112 Mpa,0 Mpa,0.116 Mpa,0.118 Mpa,0.115 Mpa,0.117 Mpa,,0.121 Mpa,0.120 Mpa,0.120 Mpa,0.120 Mpa,0 Mpa,0.119 Mpa,0.119 Mpa,0.118 Mpa,0.120 Mpa,0 Mpa,0.124 Mpa,0.125 Mpa,0.123 Mpa,0.123 Mpa,0 Mpa,0.128 Mpa,0.128 Mpa,0.131 Mpa,0.896 Mpa,0 Mpa,0.129 Mpa,0.131 Mpa,0.130 Mpa,1.01 Mpa,0.00491 Mpa,0.121 Mpa,0.120 Mpa,0.122 Mpa,0.120 Mpa,0 Mpa,0.121 Mpa,0.121 Mpa,0.617 Mpa,0.122 Mpa,0.00348 Mpa,1697 RPM
2026-08-16 07:00:00,0.121 Mpa,0.122 Mpa,0.122 Mpa,0.122 Mpa,0.0149 Mpa,0.119 Mpa,0.117 Mpa,0.119 Mpa,1.02 Mpa,0 Mpa,0.116 Mpa,0.113 Mpa,0.116 Mpa,0.112 Mpa,0 Mpa,0.121 Mpa,0.124 Mpa,0.120 Mpa,0.122 Mpa,,0.118 Mpa,0.116 Mpa,0.117 Mpa,0.114 Mpa,0 Mpa,0.122 Mpa,0.122 Mpa,0.120 Mpa,0.123 Mpa,0 Mpa,0.130 Mpa,0.131 Mpa,0.129 Mpa,0.128 Mpa,0 Mpa,0.117 Mpa,0.118 Mpa,0.119 Mpa,0.947 Mpa,0 Mpa,0.132 Mpa,0.135 Mpa,0.134 Mpa,1.02 Mpa,0 Mpa,0.126 Mpa,0.125 Mpa,0.127 Mpa,0.124 Mpa,0 Mpa,0.120 Mpa,0.120 Mpa,0.810 Mpa,0.121 Mpa,0 Mpa,1710 RPM
2026-08-16 10:00:00,0.128 Mpa,0.130 Mpa,0.130 Mpa,0.130 Mpa,0 Mpa,0.121 Mpa,0.119 Mpa,0.121 Mpa,1.02 Mpa,0 Mpa,0.119 Mpa,0.115 Mpa,0.119 Mpa,0.115 Mpa,0 Mpa,0.119 Mpa,0.122 Mpa,0.118 Mpa,0.120 Mpa,,0.118 Mpa,0.116 Mpa,0.118 Mpa,0.116 Mpa,0 Mpa,0.120 Mpa,0.120 Mpa,0.118 Mpa,0.121 Mpa,0 Mpa,0.132 Mpa,0.130 Mpa,0.130 Mpa,0.129 Mpa,0.00586 Mpa,0.128 Mpa,0.129 Mpa,0.131 Mpa,0.907 Mpa,0 Mpa,0.129 Mpa,0.131 Mpa,0.131 Mpa,1.02 Mpa,0 Mpa,0.126 Mpa,0.126 Mpa,0.128 Mpa,0.125 Mpa,0 Mpa,0.123 Mpa,0.123 Mpa,0.897 Mpa,0.124 Mpa,0 Mpa,1721 RPM
2026-08-16 13:00:00,0.128 Mpa,0.129 Mpa,0.130 Mpa,0.129 Mpa,0 Mpa,0.119 Mpa,0.117 Mpa,0.119 Mpa,1.02 Mpa,0 Mpa,0.120 Mpa,0.117 Mpa,0.120 Mpa,0.117 Mpa,0 Mpa,0.116 Mpa,0.119 Mpa,0.116 Mpa,0.117 Mpa,,0.120 Mpa,0.118 Mpa,0.119 Mpa,0.123 Mpa,0 Mpa,0.118 Mpa,0.118 Mpa,0.116 Mpa,0.119 Mpa,0.00635 Mpa,,,,,,0.123 Mpa,0.124 Mpa,0.126 Mpa,0.901 Mpa,0 Mpa,0.124 Mpa,0.127 Mpa,0.126 Mpa,1.01 Mpa,0.00593 Mpa,0.122 Mpa,0.122 Mpa,0.124 Mpa,0.122 Mpa,0.00345 Mpa,0.123 Mpa,0.123 Mpa,0.870 Mpa,0.124 Mpa,0 Mpa,1703 RPM
2026-08-16 16:00:00,0.121 Mpa,0.123 Mpa,0.123 Mpa,0.122 Mpa,0 Mpa,0.117 Mpa,0.115 Mpa,0.117 Mpa,1.02 Mpa,0 Mpa,0.119 Mpa,0.116 Mpa,0.118 Mpa,0.115 Mpa,0 Mpa,0.113 Mpa,0.115 Mpa,0.113 Mpa,0.114 Mpa,,0.115 Mpa,0.113 Mpa,0.114 Mpa,0.116 Mpa,0 Mpa,0.115 Mpa,0.116 Mpa,0.114 Mpa,0.117 Mpa,0 Mpa,,,,,,0.123 Mpa,0.123 Mpa,0.126 Mpa,0.913 Mpa,0 Mpa,0.123 Mpa,0.124 Mpa,0.124 Mpa,1.01 Mpa,0.0162 Mpa,0.120 Mpa,0.119 Mpa,0.121 Mpa,0.118 Mpa,0.00371 Mpa,0.121 Mpa,0.121 Mpa,0.712 Mpa,0.122 Mpa,0.00291 Mpa,1654 RPM
2026-08-16 19:00:00,0.120 Mpa,0.122 Mpa,0.122 Mpa,0.121 Mpa,0 Mpa,0.122 Mpa,0.119 Mpa,0.122 Mpa,1.02 Mpa,0 Mpa,0.120 Mpa,0.117 Mpa,0.120 Mpa,0.117 Mpa,0 Mpa,0.119 Mpa,0.122 Mpa,0.118 Mpa,0.120 Mpa,,0.119 Mpa,0.117 Mpa,0.118 Mpa,0.129 Mpa,0 Mpa,0.118 Mpa,0.117 Mpa,0.116 Mpa,0.118 Mpa,0 Mpa,,,,,,0.121 Mpa,0.121 Mpa,0.123 Mpa,0.928 Mpa,0 Mpa,0.121 Mpa,0.123 Mpa,0.122 Mpa,1.02 Mpa,0 Mpa,0.117 Mpa,0.116 Mpa,0.118 Mpa,0.116 Mpa,0 Mpa,0.125 Mpa,0.125 Mpa,0.509 Mpa,0.127 Mpa,0 Mpa,1717 RPM
2026-08-16 22:00:00,0.122 Mpa,0.123 Mpa,0.122 Mpa,0.122 Mpa,0.00997 Mpa,0.121 Mpa,0.118 Mpa,0.121 Mpa,1.02 Mpa,0 Mpa,0.118 Mpa,0.115 Mpa,0.119 Mpa,0.115 Mpa,0.0233 Mpa,0.120 Mpa,0.122 Mpa,0.119 Mpa,0.121 Mpa,,0.118 Mpa,0.117 Mpa,0.118 Mpa,0.133 Mpa,0 Mpa,0.103 Mpa,0.104 Mpa,0.102 Mpa,0.105 Mpa,0.0415 Mpa,,,,,,0.124 Mpa,0.126 Mpa,0.127 Mpa,0.889 Mpa,0 Mpa,0.114 Mpa,0.116 Mpa,0.115 Mpa,1.02 Mpa,0 Mpa,0.114 Mpa,0.114 Mpa,0.115 Mpa,0.114 Mpa,0.00511 Mpa,0.118 Mpa,0.118 Mpa,0.795 Mpa,0.119 Mpa,0 Mpa,1682 RPM
2026-08-17 01:00:00,0.119 Mpa,0.119 Mpa,0.119 Mpa,0.119 Mpa,0.00478 Mpa,0.120 Mpa,0.117 Mpa,0.120 Mpa,1.01 Mpa,0.0141 Mpa,0.114 Mpa,0.112 Mpa,0.114 Mpa,0.111 Mpa,0 Mpa,0.116 Mpa,0.119 Mpa,0.116 Mpa,0.117 Mpa,,0.106 Mpa,0.105 Mpa,0.105 Mpa,0.110 Mpa,0.0116 Mpa,0.124 Mpa,0.123 Mpa,0.122 Mpa,0.124 Mpa,0 Mpa,,,,,,0.111 Mpa,0.112 Mpa,0.112 Mpa,0.896 Mpa,0.0378 Mpa,0.120 Mpa,0.124 Mpa,0.122 Mpa,1.02 Mpa,0 Mpa,0.124 Mpa,0.122 Mpa,0.125 Mpa,0.122 Mpa,0 Mpa,0.123 Mpa,0.123 Mpa,0.890 Mpa,0.124 Mpa,0.0441 Mpa,1594 RPM
2026-08-17 04:00:00,0.123 Mpa,0.124 Mpa,0.124 Mpa,0.124 Mpa,0 Mpa,0.122 Mpa,0.119 Mpa,0.122 Mpa,1.01 Mpa,0.00748 Mpa,0.117 Mpa,0.113 Mpa,0.117 Mpa,0.113 Mpa,0 Mpa,0.117 Mpa,0.120 Mpa,0.117 Mpa,0.118 Mpa,,0.110 Mpa,0.109 Mpa,0.108 Mpa,0.110 Mpa,0 Mpa,0.118 Mpa,0.118 Mpa,0.117 Mpa,0.119 Mpa,0 Mpa,,,,,,,,,,,0.102 Mpa,0.103 Mpa,0.102 Mpa,0.981 Mpa,0.0548 Mpa,0.125 Mpa,0.124 Mpa,0.126 Mpa,0.123 Mpa,0 Mpa,0.125 Mpa,0.126 Mpa,0.884 Mpa,0.127 Mpa,0.00514 Mpa,1602 RPM
2026-08-17 07:00:00,0.128 Mpa,0.129 Mpa,0.129 Mpa,0.130 Mpa,0 Mpa,0.122 Mpa,0.118 Mpa,0.121 Mpa,1.00 Mpa,0 Mpa,0.119 Mpa,0.116 Mpa,0.118 Mpa,0.116 Mpa,0 Mpa,0.122 Mpa,0.124 Mpa,0.121 Mpa,0.123 Mpa,,0.118 Mpa,0.117 Mpa,0.118 Mpa,0.126 Mpa,0 Mpa,0.119 Mpa,0.119 Mpa,0.118 Mpa,0.120 Mpa,0 Mpa,,,,,,0.108 Mpa,0.108 Mpa,0.108 Mpa,0.344 Mpa,0.101 Mpa,0.117 Mpa,0.120 Mpa,0.118 Mpa,1.01 Mpa,0.0133 Mpa,0.126 Mpa,0.125 Mpa,0.128 Mpa,0.124 Mpa,0 Mpa,0.122 Mpa,0.122 Mpa,0.891 Mpa,0.124 Mpa,0 Mpa,1730 RPM
2026-08-17 10:00:00,0.125 Mpa,0.127 Mpa,0.127 Mpa,0.126 Mpa,0.00587 Mpa,0.116 Mpa,0.113 Mpa,0.116 Mpa,1.01 Mpa,0.0167 Mpa,0.116 Mpa,0.113 Mpa,0.115 Mpa,0.113 Mpa,0 Mpa,0.125 Mpa,0.128 Mpa,0.124 Mpa,0.126 Mpa,,0.119 Mpa,0.117 Mpa,0.119 Mpa,0.120 Mpa,0 Mpa,0.122 Mpa,0.121 Mpa,0.120 Mpa,0.122 Mpa,0.00633 Mpa,0.123 Mpa,0.122 Mpa,0.122 Mpa,0.122 Mpa,0.0111 Mpa,,,,,,0.129 Mpa,0.133 Mpa,0.131 Mpa,1.02 Mpa,0 Mpa,0.129 Mpa,0.127 Mpa,0.131 Mpa,0.126 Mpa,0 Mpa,0.122 Mpa,0.122 Mpa,0.589 Mpa,0.125 Mpa,0 Mpa,1689 RPM
2026-08-17 13:00:00,0.125 Mpa,0.126 Mpa,0.127 Mpa,0.126 Mpa,0 Mpa,0.110 Mpa,0.109 Mpa,0.111 Mpa,1.01 Mpa,0.0192 Mpa,0.117 Mpa,0.114 Mpa,0.117 Mpa,0.113 Mpa,0 Mpa,0.107 Mpa,0.109 Mpa,0.107 Mpa,0.107 Mpa,,0.118 Mpa,0.116 Mpa,0.118 Mpa,0.126 Mpa,0 Mpa,0.127 Mpa,0.125 Mpa,0.125 Mpa,0.127 Mpa,0 Mpa,0.126 Mpa,0.126 Mpa,0.125 Mpa,0.125 Mpa,0 Mpa,,,,,,0.126 Mpa,0.130 Mpa,0.128 Mpa,1.02 Mpa,0 Mpa,0.124 Mpa,0.123 Mpa,0.126 Mpa,0.122 Mpa,0 Mpa,0.120 Mpa,0.121 Mpa,0.443 Mpa,0.122 Mpa,0 Mpa,1636 RPM
2026-08-17 16:00:00,0.121 Mpa,0.123 Mpa,0.123 Mpa,0.122 Mpa,0 Mpa,0.118 Mpa,0.116 Mpa,0.118 Mpa,1.02 Mpa,0 Mpa,0.115 Mpa,0.113 Mpa,0.116 Mpa,0.112 Mpa,0 Mpa,,,,,,0.114 Mpa,0.113 Mpa,0.114 Mpa,0.132 Mpa,0 Mpa,0.120 Mpa,0.119 Mpa,0.118 Mpa,0.121 Mpa,0 Mpa,0.129 Mpa,0.128 Mpa,0.128 Mpa,0.127 Mpa,0 Mpa,,,,,,0.120 Mpa,0.121 Mpa,0.121 Mpa,1.02 Mpa,0.00138 Mpa,0.119 Mpa,0.118 Mpa,0.121 Mpa,0.118 Mpa,0.00415 Mpa,0.124 Mpa,0.125 Mpa,0.407 Mpa,0.126 Mpa,0.0101 Mpa,1696 RPM
2026-08-17 19:00:00,0.122 Mpa,0.124 Mpa,0.124 Mpa,0.123 Mpa,0 Mpa,0.121 Mpa,0.119 Mpa,0.121 Mpa,1.02 Mpa,0 Mpa,0.120 Mpa,0.117 Mpa,0.119 Mpa,0.117 Mpa,0 Mpa,,,,,,0.117 Mpa,0.115 Mpa,0.116 Mpa,0.138 Mpa,0 Mpa,0.121 Mpa,0.121 Mpa,0.120 Mpa,0.122 Mpa,0 Mpa,0.129 Mpa,0.127 Mpa,0.127 Mpa,0.128 Mpa,0 Mpa,,,,,,0.121 Mpa,0.123 Mpa,0.122 Mpa,1.02 Mpa,0 Mpa,0.121 Mpa,0.120 Mpa,0.123 Mpa,0.120 Mpa,0 Mpa,,,,,,1793 RPM
2026-08-17 22:00:00,0.122 Mpa,0.124 Mpa,0.123 Mpa,0.123 Mpa,0 Mpa,0.118 Mpa,0.117 Mpa,0.119 Mpa,1.02 Mpa,0 Mpa,0.119 Mpa,0.116 Mpa,0.118 Mpa,0.116 Mpa,0.0155 Mpa,0.124 Mpa,0.123 Mpa,0.123 Mpa,0.124 Mpa,,0.120 Mpa,0.118 Mpa,0.119 Mpa,0.125 Mpa,0 Mpa,0.120 Mpa,0.120 Mpa,0.119 Mpa,0.121 Mpa,0 Mpa,0.128 Mpa,0.127 Mpa,0.126 Mpa,0.126 Mpa,0 Mpa,,,,,,0.124 Mpa,0.127 Mpa,0.126 Mpa,1.01 Mpa,0.00637 Mpa,0.117 Mpa,0.116 Mpa,0.119 Mpa,0.116 Mpa,0.00858 Mpa,,,,,,1716 RPM
2026-08-18 01:00:00,0.121 Mpa,0.124 Mpa,0.123 Mpa,0.122 Mpa,0.0173 Mpa,0.121 Mpa,0.119 Mpa,0.122 Mpa,1.01 Mpa,0.0131 Mpa,0.116 Mpa,0.113 Mpa,0.116 Mpa,0.113 Mpa,0 Mpa,,,,,,0.115 Mpa,0.113 Mpa,0.114 Mpa,0.117 Mpa,0 Mpa,0.118 Mpa,0.119 Mpa,0.117 Mpa,0.120 Mpa,0 Mpa,0.128 Mpa,0.127 Mpa,0.127 Mpa,0.126 Mpa,0 Mpa,0.102 Mpa,0.105 Mpa,0.104 Mpa,0.101 Mpa,0.0187 Mpa,,,,,,0.125 Mpa,0.125 Mpa,0.128 Mpa,0.125 Mpa,0 Mpa,0.118 Mpa,0.118 Mpa,0.957 Mpa,0.119 Mpa,0 Mpa,1695 RPM
2026-08-18 04:00:00,0.118 Mpa,0.121 Mpa,0.120 Mpa,0.120 Mpa,0 Mpa,0.118 Mpa,0.116 Mpa,0.118 Mpa,1.01 Mpa,0.00595 Mpa,0.121 Mpa,0.118 Mpa,0.120 Mpa,0.117 Mpa,0 Mpa,,,,,,0.119 Mpa,0.116 Mpa,0.118 Mpa,0.124 Mpa,0 Mpa,0.115 Mpa,0.114 Mpa,0.113 Mpa,0.115 Mpa,0 Mpa,0.124 Mpa,0.123 Mpa,0.123 Mpa,0.122 Mpa,0 Mpa,0.118 Mpa,0.118 Mpa,0.119 Mpa,0.117 Mpa,0 Mpa,0.121 Mpa,0.123 Mpa,0.122 Mpa,1.01 Mpa,0.00753 Mpa,0.121 Mpa,0.120 Mpa,0.123 Mpa,0.120 Mpa,0.00434 Mpa,0.117 Mpa,0.117 Mpa,0.961 Mpa,0.118 Mpa,0.0126 Mpa,1623 RPM
2026-08-18 07:00:00,0.118 Mpa,0.121 Mpa,0.119 Mpa,0.120 Mpa,0 Mpa,0.119 Mpa,0.116 Mpa,0.119 Mpa,1.02 Mpa,0 Mpa,0.124 Mpa,0.121 Mpa,0.124 Mpa,0.120 Mpa,0 Mpa,,,,,,0.120 Mpa,0.118 Mpa,0.120 Mpa,0.136 Mpa,0 Mpa,0.121 Mpa,0.121 Mpa,0.120 Mpa,0.121 Mpa,0 Mpa,0.133 Mpa,0.131 Mpa,0.132 Mpa,0.131 Mpa,0 Mpa,0.126 Mpa,0.127 Mpa,0.128 Mpa,0.125 Mpa,0 Mpa,0.117 Mpa,0.117 Mpa,0.117 Mpa,1.01 Mpa,0.0189 Mpa,0.124 Mpa,0.123 Mpa,0.125 Mpa,0.122 Mpa,0 Mpa,0.121 Mpa,0.121 Mpa,0.929 Mpa,0.123 Mpa,0 Mpa,1742 RPM
2026-08-18 10:00:00,0.127 Mpa,0.129 Mpa,0.129 Mpa,0.128 Mpa,0 Mpa,0.117 Mpa,0.114 Mpa,0.117 Mpa,1.02 Mpa,0 Mpa,0.124 Mpa,0.121 Mpa,0.123 Mpa,0.121 Mpa,0 Mpa,,,,,,0.119 Mpa,0.116 Mpa,0.119 Mpa,0.197 Mpa,0 Mpa,0.121 Mpa,0.120 Mpa,0.120 Mpa,0.121 Mpa,0 Mpa,0.129 Mpa,0.127 Mpa,0.128 Mpa,0.127 Mpa,0.0167 Mpa,0.130 Mpa,0.131 Mpa,0.134 Mpa,0.129 Mpa,0 Mpa,0.125 Mpa,0.127 Mpa,0.126 Mpa,1.02 Mpa,0 Mpa,0.123 Mpa,0.123 Mpa,0.124 Mpa,0.122 Mpa,0 Mpa,0.120 Mpa,0.120 Mpa,0.946 Mpa,0.122 Mpa,0 Mpa,1666 RPM
2026-08-18 13:00:00,0.126 Mpa,0.128 Mpa,0.128 Mpa,0.127 Mpa,0 Mpa,0.119 Mpa,0.116 Mpa,0.119 Mpa,1.01 Mpa,0.00749 Mpa,0.121 Mpa,0.119 Mpa,0.121 Mpa,0.118 Mpa,0.0196 Mpa,,,,,,0.118 Mpa,0.116 Mpa,0.117 Mpa,0.117 Mpa,0.00678 Mpa,0.124 Mpa,0.121 Mpa,0.122 Mpa,0.122 Mpa,0 Mpa,0.133 Mpa,0.132 Mpa,0.131 Mpa,0.132 Mpa,0.00602 Mpa,0.127 Mpa,0.128 Mpa,0.130 Mpa,0.126 Mpa,0 Mpa,0.126 Mpa,0.127 Mpa,0.127 Mpa,1.01 Mpa,0.00546 Mpa,0.122 Mpa,0.122 Mpa,0.124 Mpa,0.122 Mpa,0.00568 Mpa,0.122 Mpa,0.122 Mpa,0.923 Mpa,0.124 Mpa,0 Mpa,1767 RPM
2026-08-18 16:00:00,0.123 Mpa,0.125 Mpa,0.125 Mpa,0.125 Mpa,0 Mpa,0.118 Mpa,0.115 Mpa,0.118 Mpa,1.02 Mpa,0 Mpa,0.108 Mpa,0.107 Mpa,0.108 Mpa,0.106 Mpa,0.0234 Mpa,0.106 Mpa,0.106 Mpa,0.106 Mpa,0.106 Mpa,,0.118 Mpa,0.116 Mpa,0.117 Mpa,0.143 Mpa,0 Mpa,0.118 Mpa,0.116 Mpa,0.116 Mpa,0.118 Mpa,0 Mpa,0.134 Mpa,0.133 Mpa,0.132 Mpa,0.132 Mpa,0 Mpa,0.127 Mpa,0.128 Mpa,0.131 Mpa,0.126 Mpa,0 Mpa,0.125 Mpa,0.127 Mpa,0.127 Mpa,1.02 Mpa,0 Mpa,0.121 Mpa,0.120 Mpa,0.122 Mpa,0.120 Mpa,0 Mpa,0.120 Mpa,0.120 Mpa,0.903 Mpa,0.121 Mpa,0 Mpa,1642 RPM
2026-08-18 19:00:00,0.123 Mpa,0.125 Mpa,0.125 Mpa,0.125 Mpa,0 Mpa,0.118 Mpa,0.115 Mpa,0.118 Mpa,1.02 Mpa,0 Mpa,0.118 Mpa,0.115 Mpa,0.117 Mpa,0.114 Mpa,0 Mpa,0.121 Mpa,0.123 Mpa,0.120 Mpa,0.122 Mpa,,0.118 Mpa,0.115 Mpa,0.117 Mpa,0.132 Mpa,0 Mpa,0.120 Mpa,0.119 Mpa,0.119 Mpa,0.120 Mpa,0 Mpa,0.128 Mpa,0.127 Mpa,0.127 Mpa,0.126 Mpa,0 Mpa,0.127 Mpa,0.128 Mpa,0.130 Mpa,0.126 Mpa,0 Mpa,0.123 Mpa,0.125 Mpa,0.125 Mpa,1.02 Mpa,0 Mpa,0.119 Mpa,0.118 Mpa,0.120 Mpa,0.118 Mpa,0 Mpa,0.122 Mpa,0.122 Mpa,0.859 Mpa,0.123 Mpa,0 Mpa,1765 RPM
2026-08-18 22:00:00,0.115 Mpa,0.118 Mpa,0.116 Mpa,0.117 Mpa,0.0228 Mpa,0.118 Mpa,0.115 Mpa,0.118 Mpa,1.02 Mpa,0 Mpa,0.119 Mpa,0.117 Mpa,0.119 Mpa,0.116 Mpa,0 Mpa,0.125 Mpa,0.128 Mpa,0.124 Mpa,0.126 Mpa,,0.116 Mpa,0.114 Mpa,0.115 Mpa,0.143 Mpa,0 Mpa,0.124 Mpa,0.123 Mpa,0.123 Mpa,0.124 Mpa,0 Mpa,0.128 Mpa,0.127 Mpa,0.127 Mpa,0.126 Mpa,0 Mpa,0.125 Mpa,0.126 Mpa,0.127 Mpa,0.124 Mpa,0.0136 Mpa,0.124 Mpa,0.126 Mpa,0.125 Mpa,1.02 Mpa,0 Mpa,0.123 Mpa,0.124 Mpa,0.124 Mpa,0.124 Mpa,0.00923 Mpa,0.119 Mpa,0.119 Mpa,0.927 Mpa,0.120 Mpa,0.0198 Mpa,1716 RPM
2026-08-19 01:00:00,0.123 Mpa,0.126 Mpa,0.125 Mpa,0.126 Mpa,0 Mpa,0.118 Mpa,0.116 Mpa,0.118 Mpa,1.01 Mpa,0.00653 Mpa,0.121 Mpa,0.118 Mpa,0.121 Mpa,0.118 Mpa,0.00582 Mpa,0.120 Mpa,0.123 Mpa,0.119 Mpa,0.122 Mpa,,0.116 Mpa,0.114 Mpa,0.115 Mpa,0.106 Mpa,0.0258 Mpa,0.120 Mpa,0.120 Mpa,0.118 Mpa,0.121 Mpa,0 Mpa,0.128 Mpa,0.127 Mpa,0.127 Mpa,0.127 Mpa,0 Mpa,0.124 Mpa,0.125 Mpa,0.127 Mpa,0.124 Mpa,0 Mpa,0.107 Mpa,0.108 Mpa,0.108 Mpa,1.01 Mpa,0.0176 Mpa,0.125 Mpa,0.125 Mpa,0.127 Mpa,0.124 Mpa,0 Mpa,0.124 Mpa,0.124 Mpa,0.893 Mpa,0.125 Mpa,0 Mpa,1722 RPM
2026-08-19 04:00:00,0.124 Mpa,0.127 Mpa,0.126 Mpa,0.127 Mpa,0 Mpa,0.118 Mpa,0.116 Mpa,0.118 Mpa,1.01 Mpa,0.00617 Mpa,0.118 Mpa,0.116 Mpa,0.118 Mpa,0.116 Mpa,0 Mpa,0.112 Mpa,0.114 Mpa,0.112 Mpa,0.113 Mpa,,0.121 Mpa,0.119 Mpa,0.121 Mpa,0.115 Mpa,0 Mpa,0.118 Mpa,0.117 Mpa,0.116 Mpa,0.117 Mpa,0 Mpa,0.125 Mpa,0.125 Mpa,0.124 Mpa,0.125 Mpa,0 Mpa,0.123 Mpa,0.124 Mpa,0.127 Mpa,0.123 Mpa,0 Mpa,,,,,,0.122 Mpa,0.121 Mpa,0.123 Mpa,0.121 Mpa,0.00396 Mpa,0.121 Mpa,0.121 Mpa,0.951 Mpa,0.122 Mpa,0 Mpa,1683 RPM
2026-08-19 07:00:00,0.128 Mpa,0.131 Mpa,0.130 Mpa,0.131 Mpa,0 Mpa,0.121 Mpa,0.117 Mpa,0.120 Mpa,1.02 Mpa,0 Mpa,0.120 Mpa,0.117 Mpa,0.120 Mpa,0.118 Mpa,0 Mpa,0.123 Mpa,0.127 Mpa,0.122 Mpa,0.126 Mpa,,0.118 Mpa,0.116 Mpa,0.117 Mpa,0.167 Mpa,0 Mpa,0.120 Mpa,0.120 Mpa,0.118 Mpa,0.120 Mpa,0 Mpa,0.131 Mpa,0.128 Mpa,0.130 Mpa,0.128 Mpa,0 Mpa,0.126 Mpa,0.127 Mpa,0.129 Mpa,0.125 Mpa,0 Mpa,,,,,,0.123 Mpa,0.123 Mpa,0.124 Mpa,0.122 Mpa,0 Mpa,0.126 Mpa,0.125 Mpa,0.956 Mpa,0.127 Mpa,0 Mpa,1781 RPM
2026-08-19 10:00:00,0.128 Mpa,0.130 Mpa,0.129 Mpa,0.129 Mpa,0 Mpa,0.122 Mpa,0.118 Mpa,0.121 Mpa,1.02 Mpa,0 Mpa,0.120 Mpa,0.117 Mpa,0.120 Mpa,0.117 Mpa,0 Mpa,0.125 Mpa,0.130 Mpa,0.124 Mpa,0.128 Mpa,,0.115 Mpa,0.114 Mpa,0.115 Mpa,0.138 Mpa,0 Mpa,0.116 Mpa,0.116 Mpa,0.115 Mpa,0.117 Mpa,0.0128 Mpa,0.129 Mpa,0.127 Mpa,0.129 Mpa,0.128 Mpa,0.00776 Mpa,0.127 Mpa,0.127 Mpa,0.131 Mpa,0.126 Mpa,0.00508 Mpa,,,,,,0.123 Mpa,0.122 Mpa,0.125 Mpa,0.122 Mpa,0 Mpa,0.122 Mpa,0.122 Mpa,0.933 Mpa,0.123 Mpa,0 Mpa,1705 RPM
2026-08-19 13:00:00,0.126 Mpa,0.127 Mpa,0.126 Mpa,0.126 Mpa,0 Mpa,0.119 Mpa,0.117 Mpa,0.119 Mpa,1.01 Mpa,0.0147 Mpa,0.123 Mpa,0.119 Mpa,0.122 Mpa,0.120 Mpa,0 Mpa,0.123 Mpa,0.127 Mpa,0.122 Mpa,0.125 Mpa,,0.116 Mpa,0.114 Mpa,0.116 Mpa,0.333 Mpa,0 Mpa,0.106 Mpa,0.107 Mpa,0.105 Mpa,0.107 Mpa,0.0227 Mpa,0.135 Mpa,0.133 Mpa,0.133 Mpa,0.132 Mpa,0 Mpa,0.125 Mpa,0.126 Mpa,0.129 Mpa,0.124 Mpa,0 Mpa,0.114 Mpa,0.114 Mpa,0.114 Mpa,1.02 Mpa,0 Mpa,0.122 Mpa,0.122 Mpa,0.123 Mpa,0.121 Mpa,0 Mpa,0.121 Mpa,0.121 Mpa,0.910 Mpa,0.122 Mpa,0.00898 Mpa,1744 RPM
2026-08-19 16:00:00,0.121 Mpa,0.123 Mpa,0.122 Mpa,0.122 Mpa,0 Mpa,0.118 Mpa,0.115 Mpa,0.117 Mpa,1.02 Mpa,0 Mpa,0.119 Mpa,0.116 Mpa,0.119 Mpa,0.115 Mpa,0.00825 Mpa,0.116 Mpa,0.120 Mpa,0.116 Mpa,0.119 Mpa,,0.118 Mpa,0.116 Mpa,0.118 Mpa,0.187 Mpa,0 Mpa,,,,,,0.131 Mpa,0.130 Mpa,0.130 Mpa,0.129 Mpa,0 Mpa,0.126 Mpa,0.127 Mpa,0.130 Mpa,0.125 Mpa,0 Mpa,0.118 Mpa,0.118 Mpa,0.118 Mpa,1.01 Mpa,0.0102 Mpa,0.124 Mpa,0.124 Mpa,0.126 Mpa,0.123 Mpa,0.0102 Mpa,0.122 Mpa,0.121 Mpa,0.933 Mpa,0.123 Mpa,0 Mpa,1604 RPM
2026-08-19 19:00:00,0.123 Mpa,0.124 Mpa,0.124 Mpa,0.124 Mpa,0 Mpa,0.118 Mpa,0.116 Mpa,0.118 Mpa,1.02 Mpa,0 Mpa,0.121 Mpa,0.118 Mpa,0.120 Mpa,0.118 Mpa,0 Mpa,0.117 Mpa,0.121 Mpa,0.116 Mpa,0.119 Mpa,,0.120 Mpa,0.117 Mpa,0.120 Mpa,0.0936 Mpa,0 Mpa,,,,,,0.127 Mpa,0.125 Mpa,0.126 Mpa,0.125 Mpa,0 Mpa,0.127 Mpa,0.128 Mpa,0.131 Mpa,0.126 Mpa,0 Mpa,0.121 Mpa,0.122 Mpa,0.121 Mpa,1.02 Mpa,0 Mpa,0.123 Mpa,0.122 Mpa,0.124 Mpa,0.122 Mpa,0 Mpa,0.121 Mpa,0.122 Mpa,0.950 Mpa,0.123 Mpa,0 Mpa,1743 RPM
2026-08-19 22:00:00,0.125 Mpa,0.126 Mpa,0.126 Mpa,0.126 Mpa,0 Mpa,0.119 Mpa,0.116 Mpa,0.118 Mpa,1.02 Mpa,0 Mpa,0.123 Mpa,0.120 Mpa,0.123 Mpa,0.119 Mpa,0 Mpa,0.124 Mpa,0.128 Mpa,0.123 Mpa,0.125 Mpa,,0.118 Mpa,0.116 Mpa,0.118 Mpa,0.265 Mpa,0 Mpa,,,,,,0.130 Mpa,0.129 Mpa,0.129 Mpa,0.128 Mpa,0 Mpa,0.120 Mpa,0.122 Mpa,0.124 Mpa,0.120 Mpa,0.0169 Mpa,0.127 Mpa,0.130 Mpa,0.128 Mpa,1.02 Mpa,0 Mpa,0.123 Mpa,0.123 Mpa,0.125 Mpa,0.123 Mpa,0.0144 Mpa,0.120 Mpa,0.121 Mpa,0.950 Mpa,0.122 Mpa,0.0265 Mpa,1722 RPM
2026-08-20 01:00:00,0.123 Mpa,0.124 Mpa,0.124 Mpa,0.124 Mpa,0.00131 Mpa,0.117 Mpa,0.115 Mpa,0.117 Mpa,1.01 Mpa,0.0136 Mpa,0.122 Mpa,0.120 Mpa,0.122 Mpa,0.119 Mpa,0.00658 Mpa,0.119 Mpa,0.122 Mpa,0.119 Mpa,0.120 Mpa,,0.115 Mpa,0.113 Mpa,0.114 Mpa,0.213 Mpa,0.00692 Mpa,0.113 Mpa,0.114 Mpa,0.111 Mpa,0.114 Mpa,0 Mpa,0.128 Mpa,0.127 Mpa,0.127 Mpa,0.126 Mpa,0 Mpa,0.126 Mpa,0.127 Mpa,0.129 Mpa,0.125 Mpa,0.00500 Mpa,0.131 Mpa,0.134 Mpa,0.132 Mpa,1.02 Mpa,0 Mpa,0.131 Mpa,0.131 Mpa,0.133 Mpa,0.130 Mpa,0 Mpa,0.120 Mpa,0.121 Mpa,0.956 Mpa,0.121 Mpa,0.00543 Mpa,1642 RPM
2026-08-20 04:00:00,0.114 Mpa,0.115 Mpa,0.115 Mpa,0.115 Mpa,0 Mpa,0.121 Mpa,0.119 Mpa,0.121 Mpa,1.00 Mpa,0.00635 Mpa,0.119 Mpa,0.116 Mpa,0.118 Mpa,0.115 Mpa,0 Mpa,0.111 Mpa,0.114 Mpa,0.111 Mpa,0.113 Mpa,,0.118 Mpa,0.116 Mpa,0.118 Mpa,0.0974 Mpa,0 Mpa,0.117 Mpa,0.117 Mpa,0.115 Mpa,0.118 Mpa,0 Mpa,0.122 Mpa,0.122 Mpa,0.122 Mpa,0.121 Mpa,0 Mpa,0.126 Mpa,0.128 Mpa,0.130 Mpa,0.126 Mpa,0.00489 Mpa,0.124 Mpa,0.127 Mpa,0.125 Mpa,1.02 Mpa,0 Mpa,0.126 Mpa,0.126 Mpa,0.128 Mpa,0.125 Mpa,0.00400 Mpa,0.123 Mpa,0.124 Mpa,0.937 Mpa,0.125 Mpa,0.00447 Mpa,1593 RPM
2026-08-20 07:00:00,0.126 Mpa,0.128 Mpa,0.127 Mpa,0.128 Mpa,0 Mpa,0.119 Mpa,0.118 Mpa,0.120 Mpa,1.01 Mpa,0 Mpa,0.122 Mpa,0.119 Mpa,0.122 Mpa,0.119 Mpa,0 Mpa,0.123 Mpa,0.127 Mpa,0.123 Mpa,0.125 Mpa,,0.120 Mpa,0.118 Mpa,0.120 Mpa,0.237 Mpa,0 Mpa,0.123 Mpa,0.122 Mpa,0.121 Mpa,0.123 Mpa,0 Mpa,0.113 Mpa,0.115 Mpa,0.113 Mpa,0.113 Mpa,0.0211 Mpa,0.123 Mpa,0.124 Mpa,0.126 Mpa,0.122 Mpa,0 Mpa,0.129 Mpa,0.133 Mpa,0.131 Mpa,1.02 Mpa,0 Mpa,0.120 Mpa,0.120 Mpa,0.122 Mpa,0.119 Mpa,0 Mpa,0.123 Mpa,0.123 Mpa,0.939 Mpa,0.124 Mpa,0 Mpa,1693 RPM
2026-08-20 10:00:00,0.123 Mpa,0.124 Mpa,0.123 Mpa,0.124 Mpa,0.00636 Mpa,0.120 Mpa,0.117 Mpa,0.120 Mpa,1.02 Mpa,0 Mpa,0.119 Mpa,0.116 Mpa,0.119 Mpa,0.116 Mpa,0 Mpa,0.120 Mpa,0.124 Mpa,0.120 Mpa,0.122 Mpa,,0.120 Mpa,0.118 Mpa,0.120 Mpa,0.338 Mpa,0.00866 Mpa,0.121 Mpa,0.121 Mpa,0.120 Mpa,0.122 Mpa,0 Mpa,0.127 Mpa,0.130 Mpa,0.126 Mpa,0.126 Mpa,0 Mpa,0.129 Mpa,0.130 Mpa,0.133 Mpa,0.129 Mpa,0 Mpa,0.121 Mpa,0.124 Mpa,0.123 Mpa,1.02 Mpa,0 Mpa,0.121 Mpa,0.122 Mpa,0.123 Mpa,0.121 Mpa,0 Mpa,0.122 Mpa,0.123 Mpa,0.952 Mpa,0.124 Mpa,0 Mpa,1692 RPM
2026-08-20 13:00:00,0.120 Mpa,0.121 Mpa,0.120 Mpa,0.121 Mpa,0 Mpa,0.118 Mpa,0.115 Mpa,0.117 Mpa,1.02 Mpa,0 Mpa,0.118 Mpa,0.115 Mpa,0.118 Mpa,0.115 Mpa,0 Mpa,0.116 Mpa,0.119 Mpa,0.116 Mpa,0.118 Mpa,,0.117 Mpa,0.115 Mpa,0.117 Mpa,0.267 Mpa,0 Mpa,0.118 Mpa,0.119 Mpa,0.117 Mpa,0.120 Mpa,0.0132 Mpa,0.128 Mpa,0.127 Mpa,0.127 Mpa,0.127 Mpa,0 Mpa,0.127 Mpa,0.127 Mpa,0.132 Mpa,0.126 Mpa,0.00454 Mpa,0.121 Mpa,0.124 Mpa,0.123 Mpa,1.01 Mpa,0.00459 Mpa,0.122 Mpa,0.121 Mpa,0.124 Mpa,0.121 Mpa,0 Mpa,0.122 Mpa,0.123 Mpa,0.912 Mpa,0.124 Mpa,0 Mpa,1713 RPM
2026-08-20 16:00:00,0.107 Mpa,0.108 Mpa,0.107 Mpa,0.108 Mpa,0.0631 Mpa,0.114 Mpa,0.112 Mpa,0.114 Mpa,1.02 Mpa,0 Mpa,0.121 Mpa,0.118 Mpa,0.121 Mpa,0.118 Mpa,0 Mpa,0.115 Mpa,0.119 Mpa,0.115 Mpa,0.117 Mpa,,0.120 Mpa,0.117 Mpa,0.119 Mpa,0.152 Mpa,0 Mpa,0.120 Mpa,0.120 Mpa,0.118 Mpa,0.120 Mpa,0 Mpa,0.127 Mpa,0.125 Mpa,0.126 Mpa,0.126 Mpa,0 Mpa,0.125 Mpa,0.125 Mpa,0.129 Mpa,0.124 Mpa,0 Mpa,0.120 Mpa,0.124 Mpa,0.121 Mpa,1.01 Mpa,0.00294 Mpa,0.124 Mpa,0.121 Mpa,0.125 Mpa,0.121 Mpa,0.00418 Mpa,0.120 Mpa,0.120 Mpa,0.930 Mpa,0.121 Mpa,0 Mpa,1645 RPM
2026-08-20 19:00:00,,,,,,0.119 Mpa,0.117 Mpa,0.119 Mpa,1.02 Mpa,0 Mpa,0.119 Mpa,0.116 Mpa,0.119 Mpa,0.115 Mpa,0 Mpa,0.120 Mpa,0.124 Mpa,0.120 Mpa,0.122 Mpa,,0.118 Mpa,0.116 Mpa,0.118 Mpa,0.142 Mpa,0 Mpa,0.117 Mpa,0.117 Mpa,0.116 Mpa,0.118 Mpa,0 Mpa,0.130 Mpa,0.128 Mpa,0.129 Mpa,0.128 Mpa,0 Mpa,0.130 Mpa,0.130 Mpa,0.133 Mpa,0.128 Mpa,0 Mpa,0.117 Mpa,0.119 Mpa,0.119 Mpa,1.02 Mpa,0 Mpa,0.125 Mpa,0.123 Mpa,0.126 Mpa,0.122 Mpa,0 Mpa,0.125 Mpa,0.125 Mpa,0.907 Mpa,0.126 Mpa,0 Mpa,1755 RPM
2026-08-20 22:00:00,0.110 Mpa,0.109 Mpa,0.110 Mpa,0.112 Mpa,0.0142 Mpa,0.116 Mpa,0.114 Mpa,0.117 Mpa,1.02 Mpa,0 Mpa,0.120 Mpa,0.117 Mpa,0.120 Mpa,0.116 Mpa,0 Mpa,0.124 Mpa,0.129 Mpa,0.123 Mpa,0.127 Mpa,,0.115 Mpa,0.112 Mpa,0.115 Mpa,0.375 Mpa,0.0144 Mpa,0.119 Mpa,0.118 Mpa,0.118 Mpa,0.120 Mpa,0 Mpa,0.127 Mpa,0.126 Mpa,0.127 Mpa,0.126 Mpa,0 Mpa,0.127 Mpa,0.129 Mpa,0.131 Mpa,0.127 Mpa,0 Mpa,0.116 Mpa,0.117 Mpa,0.117 Mpa,1.02 Mpa,0 Mpa,0.123 Mpa,0.121 Mpa,0.124 Mpa,0.121 Mpa,0 Mpa,0.124 Mpa,0.125 Mpa,0.887 Mpa,0.126 Mpa,0 Mpa,1625 RPM
2026-08-21 01:00:00,,,,,,0.116 Mpa,0.114 Mpa,0.116 Mpa,1.01 Mpa,0.0169 Mpa,0.123 Mpa,0.120 Mpa,0.123 Mpa,0.120 Mpa,0 Mpa,0.106 Mpa,0.108 Mpa,0.106 Mpa,0.108 Mpa,,0.118 Mpa,0.115 Mpa,0.117 Mpa,0.186 Mpa,0 Mpa,0.118 Mpa,0.117 Mpa,0.116 Mpa,0.118 Mpa,0.00462 Mpa,0.118 Mpa,0.118 Mpa,0.118 Mpa,0.118 Mpa,0 Mpa,0.118 Mpa,0.119 Mpa,0.121 Mpa,0.118 Mpa,0.0154 Mpa,0.118 Mpa,0.120 Mpa,0.119 Mpa,1.02 Mpa,0 Mpa,0.123 Mpa,0.123 Mpa,0.125 Mpa,0.122 Mpa,0 Mpa,0.121 Mpa,0.122 Mpa,0.902 Mpa,0.123 Mpa,0.00695 Mpa,1409 RPM
2026-08-21 04:00:00,,,,,,0.118 Mpa,0.116 Mpa,0.119 Mpa,1.02 Mpa,0 Mpa,0.121 Mpa,0.118 Mpa,0.120 Mpa,0.117 Mpa,0 Mpa,0.123 Mpa,0.126 Mpa,0.122 Mpa,0.125 Mpa,,0.110 Mpa,0.107 Mpa,0.108 Mpa,0.239 Mpa,0 Mpa,0.121 Mpa,0.121 Mpa,0.120 Mpa,0.122 Mpa,0 Mpa,0.121 Mpa,0.121 Mpa,0.121 Mpa,0.121 Mpa,0 Mpa,0.119 Mpa,0.120 Mpa,0.121 Mpa,0.118 Mpa,0.00540 Mpa,0.117 Mpa,0.120 Mpa,0.118 Mpa,1.01 Mpa,0.00463 Mpa,0.122 Mpa,0.122 Mpa,0.124 Mpa,0.121 Mpa,0.0114 Mpa,0.117 Mpa,0.117 Mpa,0.945 Mpa,0.118 Mpa,0 Mpa,1509 RPM
2026-08-21 07:00:00,,,,,,0.123 Mpa,0.120 Mpa,0.123 Mpa,1.02 Mpa,0 Mpa,0.122 Mpa,0.120 Mpa,0.122 Mpa,0.119 Mpa,0 Mpa,0.121 Mpa,0.124 Mpa,0.120 Mpa,0.123 Mpa,,0.114 Mpa,0.112 Mpa,0.112 Mpa,0.102 Mpa,0 Mpa,0.121 Mpa,0.121 Mpa,0.120 Mpa,0.122 Mpa,0 Mpa,0.130 Mpa,0.128 Mpa,0.129 Mpa,0.128 Mpa,0 Mpa,0.127 Mpa,0.128 Mpa,0.129 Mpa,0.126 Mpa,0 Mpa,0.122 Mpa,0.125 Mpa,0.124 Mpa,1.02 Mpa,0 Mpa,0.117 Mpa,0.116 Mpa,0.118 Mpa,0.116 Mpa,0 Mpa,0.124 Mpa,0.124 Mpa,0.876 Mpa,0.125 Mpa,0 Mpa,1668 RPM
2026-08-21 10:00:00,,,,,,0.120 Mpa,0.117 Mpa,0.120 Mpa,1.02 Mpa,0 Mpa,0.124 Mpa,0.121 Mpa,0.124 Mpa,0.120 Mpa,0 Mpa,0.122 Mpa,0.126 Mpa,0.122 Mpa,0.124 Mpa,,0.124 Mpa,0.120 Mpa,0.123 Mpa,0.210 Mpa,0 Mpa,0.118 Mpa,0.119 Mpa,0.117 Mpa,0.120 Mpa,0.00480 Mpa,0.129 Mpa,0.128 Mpa,0.129 Mpa,0.128 Mpa,0.00991 Mpa,0.125 Mpa,0.125 Mpa,0.127 Mpa,0.123 Mpa,0 Mpa,0.121 Mpa,0.124 Mpa,0.122 Mpa,1.02 Mpa,0 Mpa,0.131 Mpa,0.129 Mpa,0.132 Mpa,0.128 Mpa,0 Mpa,0.125 Mpa,0.125 Mpa,0.876 Mpa,0.126 Mpa,0.00337 Mpa,1766 RPM
2026-08-21 13:00:00,0.110 Mpa,0.114 Mpa,0.110 Mpa,0.114 Mpa,0.0741 Mpa,0.119 Mpa,0.117 Mpa,0.119 Mpa,1.02 Mpa,0 Mpa,0.122 Mpa,0.120 Mpa,0.122 Mpa,0.119 Mpa,0 Mpa,0.123 Mpa,0.127 Mpa,0.122 Mpa,0.125 Mpa,,0.115 Mpa,0.113 Mpa,0.114 Mpa,0.298 Mpa,0 Mpa,0.122 Mpa,0.121 Mpa,0.121 Mpa,0.122 Mpa,0 Mpa,0.121 Mpa,0.119 Mpa,0.120 Mpa,0.121 Mpa,0 Mpa,0.127 Mpa,0.128 Mpa,0.130 Mpa,0.126 Mpa,0 Mpa,0.122 Mpa,0.126 Mpa,0.124 Mpa,1.01 Mpa,0.00743 Mpa,0.128 Mpa,0.126 Mpa,0.130 Mpa,0.125 Mpa,0.00447 Mpa,0.125 Mpa,0.125 Mpa,0.884 Mpa,0.126 Mpa,0 Mpa,1744 RPM
2026-08-21 16:00:00,,,,,,0.118 Mpa,0.116 Mpa,0.118 Mpa,1.02 Mpa,0 Mpa,0.119 Mpa,0.117 Mpa,0.119 Mpa,0.117 Mpa,0 Mpa,0.119 Mpa,0.122 Mpa,0.119 Mpa,0.121 Mpa,,0.118 Mpa,0.116 Mpa,0.118 Mpa,0.317 Mpa,0 Mpa,0.119 Mpa,0.119 Mpa,0.117 Mpa,0.119 Mpa,0 Mpa,0.124 Mpa,0.123 Mpa,0.123 Mpa,0.123 Mpa,0 Mpa,0.125 Mpa,0.127 Mpa,0.129 Mpa,0.125 Mpa,0 Mpa,0.116 Mpa,0.118 Mpa,0.116 Mpa,1.01 Mpa,0.0213 Mpa,0.123 Mpa,0.122 Mpa,0.125 Mpa,0.122 Mpa,0.00399 Mpa,0.121 Mpa,0.121 Mpa,0.920 Mpa,0.122 Mpa,0 Mpa,1616 RPM
2026-08-21 19:00:00,,,,,,0.118 Mpa,0.116 Mpa,0.118 Mpa,1.02 Mpa,0 Mpa,0.121 Mpa,0.118 Mpa,0.121 Mpa,0.118 Mpa,0 Mpa,0.115 Mpa,0.120 Mpa,0.115 Mpa,0.118 Mpa,,0.118 Mpa,0.116 Mpa,0.117 Mpa,0.309 Mpa,0 Mpa,0.118 Mpa,0.118 Mpa,0.117 Mpa,0.119 Mpa,0 Mpa,0.132 Mpa,0.132 Mpa,0.131 Mpa,0.131 Mpa,0 Mpa,0.128 Mpa,0.129 Mpa,0.132 Mpa,0.127 Mpa,0 Mpa,0.127 Mpa,0.130 Mpa,0.129 Mpa,1.02 Mpa,0 Mpa,0.122 Mpa,0.122 Mpa,0.123 Mpa,0.121 Mpa,0 Mpa,0.118 Mpa,0.118 Mpa,0.933 Mpa,0.119 Mpa,0 Mpa,1721 RPM
2026-08-21 22:00:00,0.120 Mpa,0.121 Mpa,0.120 Mpa,0.120 Mpa,0.00616 Mpa,0.119 Mpa,0.117 Mpa,0.119 Mpa,1.02 Mpa,0 Mpa,0.120 Mpa,0.117 Mpa,0.120 Mpa,0.117 Mpa,0.00479 Mpa,0.121 Mpa,0.123 Mpa,0.121 Mpa,0.122 Mpa,,0.119 Mpa,0.117 Mpa,0.119 Mpa,0.405 Mpa,0.0170 Mpa,0.122 Mpa,0.123 Mpa,0.120 Mpa,0.124 Mpa,0 Mpa,0.131 Mpa,0.130 Mpa,0.130 Mpa,0.129 Mpa,0 Mpa,0.122 Mpa,0.124 Mpa,0.125 Mpa,0.122 Mpa,0.0104 Mpa,0.127 Mpa,0.129 Mpa,0.128 Mpa,1.02 Mpa,0 Mpa,0.123 Mpa,0.122 Mpa,0.125 Mpa,0.121 Mpa,0.00963 Mpa,0.126 Mpa,0.126 Mpa,0.887 Mpa,0.127 Mpa,0 Mpa,1677 RPM
2026-08-22 01:00:00,0.140 Mpa,0.142 Mpa,0.142 Mpa,0.143 Mpa,0 Mpa,0.124 Mpa,0.122 Mpa,0.124 Mpa,1.00 Mpa,0.0124 Mpa,0.120 Mpa,0.117 Mpa,0.119 Mpa,0.117 Mpa,0 Mpa,0.104 Mpa,0.106 Mpa,0.104 Mpa,0.105 Mpa,,0.119 Mpa,0.117 Mpa,0.118 Mpa,0.609 Mpa,0 Mpa,0.120 Mpa,0.121 Mpa,0.118 Mpa,0.122 Mpa,0 Mpa,0.131 Mpa,0.130 Mpa,0.130 Mpa,0.129 Mpa,0 Mpa,0.128 Mpa,0.129 Mpa,0.132 Mpa,0.128 Mpa,0 Mpa,0.128 Mpa,0.132 Mpa,0.130 Mpa,1.02 Mpa,0 Mpa,0.124 Mpa,0.123 Mpa,0.125 Mpa,0.123 Mpa,0 Mpa,0.122 Mpa,0.122 Mpa,0.891 Mpa,0.124 Mpa,0.0102 Mpa,1657 RPM
2026-08-22 04:00:00,0.138 Mpa,0.140 Mpa,0.140 Mpa,0.141 Mpa,0 Mpa,0.124 Mpa,0.121 Mpa,0.124 Mpa,1.01 Mpa,0.00557 Mpa,0.120 Mpa,0.117 Mpa,0.120 Mpa,0.116 Mpa,0 Mpa,0.113 Mpa,0.115 Mpa,0.113 Mpa,0.114 Mpa,,0.119 Mpa,0.117 Mpa,0.118 Mpa,1.02 Mpa,0 Mpa,0.113 Mpa,0.114 Mpa,0.111 Mpa,0.114 Mpa,0 Mpa,0.130 Mpa,0.129 Mpa,0.129 Mpa,0.128 Mpa,0 Mpa,0.127 Mpa,0.128 Mpa,0.131 Mpa,0.127 Mpa,0 Mpa,0.125 Mpa,0.128 Mpa,0.126 Mpa,1.01 Mpa,0.00370 Mpa,0.124 Mpa,0.123 Mpa,0.126 Mpa,0.123 Mpa,0.00323 Mpa,0.120 Mpa,0.121 Mpa,0.927 Mpa,0.122 Mpa,0.00338 Mpa,1643 RPM
2026-08-22 07:00:00,0.136 Mpa,0.138 Mpa,0.138 Mpa,0.139 Mpa,0 Mpa,0.123 Mpa,0.120 Mpa,0.123 Mpa,1.02 Mpa,0 Mpa,0.120 Mpa,0.118 Mpa,0.120 Mpa,0.118 Mpa,0 Mpa,0.118 Mpa,0.121 Mpa,0.118 Mpa,0.120 Mpa,,0.121 Mpa,0.119 Mpa,0.120 Mpa,1.02 Mpa,0 Mpa,0.121 Mpa,0.121 Mpa,0.120 Mpa,0.122 Mpa,0 Mpa,0.131 Mpa,0.129 Mpa,0.129 Mpa,0.128 Mpa,0 Mpa,0.129 Mpa,0.130 Mpa,0.133 Mpa,0.128 Mpa,0 Mpa,0.124 Mpa,0.129 Mpa,0.126 Mpa,1.02 Mpa,0 Mpa,0.129 Mpa,0.128 Mpa,0.131 Mpa,0.128 Mpa,0 Mpa,0.126 Mpa,0.126 Mpa,0.880 Mpa,0.127 Mpa,0 Mpa,1747 RPM
2026-08-22 10:00:00,0.134 Mpa,0.136 Mpa,0.135 Mpa,0.136 Mpa,0 Mpa,0.122 Mpa,0.119 Mpa,0.122 Mpa,1.02 Mpa,0 Mpa,0.122 Mpa,0.119 Mpa,0.122 Mpa,0.119 Mpa,0 Mpa,0.123 Mpa,0.126 Mpa,0.122 Mpa,0.124 Mpa,,0.120 Mpa,0.117 Mpa,0.119 Mpa,1.02 Mpa,0 Mpa,0.117 Mpa,0.117 Mpa,0.116 Mpa,0.118 Mpa,0 Mpa,0.131 Mpa,0.130 Mpa,0.130 Mpa,0.129 Mpa,0.00421 Mpa,0.130 Mpa,0.132 Mpa,0.135 Mpa,0.130 Mpa,0 Mpa,0.123 Mpa,0.126 Mpa,0.124 Mpa,1.02 Mpa,0 Mpa,0.127 Mpa,0.126 Mpa,0.128 Mpa,0.125 Mpa,0 Mpa,0.122 Mpa,0.122 Mpa,0.917 Mpa,0.123 Mpa,0 Mpa,1745 RPM
2026-08-22 13:00:00,0.130 Mpa,0.132 Mpa,0.131 Mpa,0.132 Mpa,0 Mpa,0.118 Mpa,0.115 Mpa,0.118 Mpa,1.02 Mpa,0 Mpa,0.121 Mpa,0.118 Mpa,0.121 Mpa,0.118 Mpa,0 Mpa,0.120 Mpa,0.124 Mpa,0.120 Mpa,0.122 Mpa,,0.116 Mpa,0.114 Mpa,0.116 Mpa,1.02 Mpa,0 Mpa,0.122 Mpa,0.121 Mpa,0.120 Mpa,0.122 Mpa,0 Mpa,0.126 Mpa,0.125 Mpa,0.125 Mpa,0.125 Mpa,0.00614 Mpa,0.128 Mpa,0.130 Mpa,0.133 Mpa,0.128 Mpa,0 Mpa,0.124 Mpa,0.127 Mpa,0.125 Mpa,1.01 Mpa,0.00475 Mpa,0.123 Mpa,0.122 Mpa,0.124 Mpa,0.121 Mpa,0.00557 Mpa,0.125 Mpa,0.125 Mpa,0.890 Mpa,0.127 Mpa,0 Mpa,1722 RPM
2026-08-22 16:00:00,0.129 Mpa,0.131 Mpa,0.131 Mpa,0.131 Mpa,0 Mpa,0.119 Mpa,0.116 Mpa,0.119 Mpa,1.01 Mpa,0 Mpa,0.122 Mpa,0.119 Mpa,0.121 Mpa,0.118 Mpa,0 Mpa,0.118 Mpa,0.123 Mpa,0.118 Mpa,0.121 Mpa,,0.115 Mpa,0.114 Mpa,0.115 Mpa,1.02 Mpa,0 Mpa,0.117 Mpa,0.117 Mpa,0.115 Mpa,0.118 Mpa,0 Mpa,0.123 Mpa,0.123 Mpa,0.122 Mpa,0.122 Mpa,0 Mpa,0.127 Mpa,0.128 Mpa,0.131 Mpa,0.126 Mpa,0 Mpa,0.122 Mpa,0.125 Mpa,0.123 Mpa,1.02 Mpa,0 Mpa,0.120 Mpa,0.119 Mpa,0.122 Mpa,0.119 Mpa,0 Mpa,0.124 Mpa,0.124 Mpa,0.833 Mpa,0.126 Mpa,0.00461 Mpa,1659 RPM
2026-08-22 19:00:00,0.121 Mpa,0.122 Mpa,0.122 Mpa,0.123 Mpa,0 Mpa,0.120 Mpa,0.117 Mpa,0.119 Mpa,1.02 Mpa,0 Mpa,0.121 Mpa,0.118 Mpa,0.121 Mpa,0.117 Mpa,0 Mpa,0.122 Mpa,0.125 Mpa,0.122 Mpa,0.124 Mpa,,0.117 Mpa,0.116 Mpa,0.117 Mpa,1.02 Mpa,0 Mpa,0.119 Mpa,0.119 Mpa,0.118 Mpa,0.120 Mpa,0.00684 Mpa,0.128 Mpa,0.129 Mpa,0.128 Mpa,0.127 Mpa,0 Mpa,0.127 Mpa,0.128 Mpa,0.131 Mpa,0.127 Mpa,0 Mpa,0.124 Mpa,0.129 Mpa,0.126 Mpa,1.02 Mpa,0 Mpa,0.121 Mpa,0.119 Mpa,0.122 Mpa,0.119 Mpa,0 Mpa,0.123 Mpa,0.124 Mpa,0.853 Mpa,0.126 Mpa,0 Mpa,1806 RPM
2026-08-22 22:00:00,0.121 Mpa,0.123 Mpa,0.123 Mpa,0.123 Mpa,0 Mpa,0.119 Mpa,0.117 Mpa,0.119 Mpa,1.02 Mpa,0 Mpa,0.122 Mpa,0.119 Mpa,0.122 Mpa,0.119 Mpa,0 Mpa,0.119 Mpa,0.122 Mpa,0.119 Mpa,0.121 Mpa,,0.118 Mpa,0.115 Mpa,0.118 Mpa,1.02 Mpa,0 Mpa,0.121 Mpa,0.121 Mpa,0.120 Mpa,0.122 Mpa,0 Mpa,0.123 Mpa,0.123 Mpa,0.123 Mpa,0.123 Mpa,0 Mpa,0.124 Mpa,0.125 Mpa,0.127 Mpa,0.124 Mpa,0.00870 Mpa,0.126 Mpa,0.129 Mpa,0.127 Mpa,1.02 Mpa,0 Mpa,0.120 Mpa,0.118 Mpa,0.122 Mpa,0.118 Mpa,0 Mpa,0.124 Mpa,0.124 Mpa,0.798 Mpa,0.126 Mpa,0 Mpa,1734 RPM
2026-08-23 01:00:00,0.125 Mpa,0.127 Mpa,0.127 Mpa,0.127 Mpa,0 Mpa,0.118 Mpa,0.116 Mpa,0.118 Mpa,1.02 Mpa,0 Mpa,0.120 Mpa,0.116 Mpa,0.119 Mpa,0.116 Mpa,0.0526 Mpa,0.121 Mpa,0.125 Mpa,0.121 Mpa,0.123 Mpa,,0.122 Mpa,0.119 Mpa,0.121 Mpa,1.01 Mpa,0.0171 Mpa,0.122 Mpa,0.121 Mpa,0.120 Mpa,0.122 Mpa,0 Mpa,0.129 Mpa,0.128 Mpa,0.128 Mpa,0.128 Mpa,0 Mpa,0.124 Mpa,0.125 Mpa,0.126 Mpa,0.123 Mpa,0 Mpa,0.124 Mpa,0.128 Mpa,0.125 Mpa,1.02 Mpa,0 Mpa,0.120 Mpa,0.119 Mpa,0.122 Mpa,0.119 Mpa,0.00413 Mpa,0.122 Mpa,0.122 Mpa,0.875 Mpa,0.124 Mpa,0.0167 Mpa,1743 RPM
2026-08-23 04:00:00,0.126 Mpa,0.128 Mpa,0.127 Mpa,0.128 Mpa,0 Mpa,0.118 Mpa,0.116 Mpa,0.118 Mpa,1.02 Mpa,0 Mpa,0.118 Mpa,0.116 Mpa,0.118 Mpa,0.115 Mpa,0 Mpa,0.119 Mpa,0.122 Mpa,0.119 Mpa,0.121 Mpa,,0.118 Mpa,0.116 Mpa,0.117 Mpa,1.02 Mpa,0 Mpa,0.119 Mpa,0.118 Mpa,0.118 Mpa,0.119 Mpa,0 Mpa,0.124 Mpa,0.123 Mpa,0.124 Mpa,0.123 Mpa,0 Mpa,0.122 Mpa,0.123 Mpa,0.124 Mpa,0.121 Mpa,0 Mpa,0.123 Mpa,0.126 Mpa,0.124 Mpa,1.02 Mpa,0 Mpa,0.122 Mpa,0.120 Mpa,0.123 Mpa,0.120 Mpa,0.00403 Mpa,0.120 Mpa,0.120 Mpa,0.911 Mpa,0.121 Mpa,0 Mpa,1669 RPM
2026-08-23 07:00:00,0.126 Mpa,0.128 Mpa,0.127 Mpa,0.127 Mpa,0 Mpa,0.130 Mpa,0.128 Mpa,0.130 Mpa,1.02 Mpa,0 Mpa,0.121 Mpa,0.118 Mpa,0.121 Mpa,0.118 Mpa,0 Mpa,0.118 Mpa,0.122 Mpa,0.118 Mpa,0.120 Mpa,,0.119 Mpa,0.117 Mpa,0.118 Mpa,1.02 Mpa,0 Mpa,0.121 Mpa,0.120 Mpa,0.119 Mpa,0.121 Mpa,0 Mpa,0.125 Mpa,0.123 Mpa,0.124 Mpa,0.124 Mpa,0 Mpa,0.126 Mpa,0.127 Mpa,0.129 Mpa,0.125 Mpa,0 Mpa,0.123 Mpa,0.128 Mpa,0.125 Mpa,1.02 Mpa,0 Mpa,0.124 Mpa,0.123 Mpa,0.126 Mpa,0.123 Mpa,0 Mpa,0.128 Mpa,0.128 Mpa,0.879 Mpa,0.130 Mpa,0 Mpa,1772 RPM
2026-08-23 10:00:00,0.124 Mpa,0.126 Mpa,0.126 Mpa,0.124 Mpa,0 Mpa,0.124 Mpa,0.121 Mpa,0.123 Mpa,1.02 Mpa,0 Mpa,0.121 Mpa,0.118 Mpa,0.121 Mpa,0.118 Mpa,0.00527 Mpa,0.118 Mpa,0.121 Mpa,0.118 Mpa,0.119 Mpa,,0.117 Mpa,0.115 Mpa,0.116 Mpa,1.02 Mpa,0 Mpa,0.121 Mpa,0.120 Mpa,0.119 Mpa,0.121 Mpa,0 Mpa,0.133 Mpa,0.132 Mpa,0.131 Mpa,0.131 Mpa,0 Mpa,0.129 Mpa,0.130 Mpa,0.132 Mpa,0.128 Mpa,0 Mpa,0.121 Mpa,0.124 Mpa,0.123 Mpa,1.02 Mpa,0 Mpa,0.124 Mpa,0.123 Mpa,0.126 Mpa,0.122 Mpa,0 Mpa,0.130 Mpa,0.130 Mpa,0.878 Mpa,0.132 Mpa,0 Mpa,1755 RPM
2026-08-23 13:00:00,0.124 Mpa,0.126 Mpa,0.126 Mpa,0.124 Mpa,0 Mpa,0.119 Mpa,0.116 Mpa,0.119 Mpa,0.629 Mpa,0.00786 Mpa,0.109 Mpa,0.107 Mpa,0.109 Mpa,0.107 Mpa,0 Mpa,0.120 Mpa,0.124 Mpa,0.120 Mpa,0.123 Mpa,,0.116 Mpa,0.115 Mpa,0.116 Mpa,1.02 Mpa,0 Mpa,0.121 Mpa,0.121 Mpa,0.120 Mpa,0.121 Mpa,0 Mpa,0.124 Mpa,0.124 Mpa,0.123 Mpa,0.123 Mpa,0.00927 Mpa,0.123 Mpa,0.124 Mpa,0.126 Mpa,0.122 Mpa,0 Mpa,0.119 Mpa,0.121 Mpa,0.120 Mpa,1.01 Mpa,0.00504 Mpa,0.112 Mpa,0.112 Mpa,0.113 Mpa,0.112 Mpa,0 Mpa,0.123 Mpa,0.123 Mpa,0.868 Mpa,0.124 Mpa,0 Mpa,1572 RPM
2026-08-23 16:00:00,0.120 Mpa,0.122 Mpa,0.122 Mpa,0.120 Mpa,0.00868 Mpa,0.106 Mpa,0.106 Mpa,0.107 Mpa,0.160 Mpa,0 Mpa,0.113 Mpa,0.111 Mpa,0.113 Mpa,0.111 Mpa,0.00872 Mpa,0.118 Mpa,0.121 Mpa,0.118 Mpa,0.119 Mpa,,0.117 Mpa,0.115 Mpa,0.116 Mpa,1.01 Mpa,0.00798 Mpa,0.118 Mpa,0.118 Mpa,0.117 Mpa,0.119 Mpa,0.0118 Mpa,0.124 Mpa,0.123 Mpa,0.124 Mpa,0.124 Mpa,0.00986 Mpa,0.117 Mpa,0.117 Mpa,0.119 Mpa,0.115 Mpa,0.00927 Mpa,0.120 Mpa,0.122 Mpa,0.121 Mpa,1.01 Mpa,0.00791 Mpa,0.108 Mpa,0.107 Mpa,0.108 Mpa,0.108 Mpa,0.0411 Mpa,0.108 Mpa,0.108 Mpa,0.920 Mpa,0.109 Mpa,0.00516 Mpa,1227 RPM
2026-08-23 19:00:00,0.127 Mpa,0.128 Mpa,0.128 Mpa,0.128 Mpa,0 Mpa,0.122 Mpa,0.122 Mpa,0.122 Mpa,0.0767 Mpa,0 Mpa,0.122 Mpa,0.118 Mpa,0.121 Mpa,0.118 Mpa,0.00635 Mpa,0.106 Mpa,0.108 Mpa,0.107 Mpa,0.108 Mpa,,0.107 Mpa,0.104 Mpa,0.105 Mpa,1.02 Mpa,0 Mpa,0.118 Mpa,0.117 Mpa,0.116 Mpa,0.118 Mpa,0 Mpa,0.120 Mpa,0.119 Mpa,0.119 Mpa,0.119 Mpa,0 Mpa,0.125 Mpa,0.126 Mpa,0.126 Mpa,0.125 Mpa,0 Mpa,0.124 Mpa,0.126 Mpa,0.124 Mpa,1.02 Mpa,0 Mpa,0.120 Mpa,0.120 Mpa,0.121 Mpa,0.120 Mpa,0 Mpa,0.112 Mpa,0.112 Mpa,0.864 Mpa,0.113 Mpa,0.00962 Mpa,1465 RPM
2026-08-23 22:00:00,0.130 Mpa,0.131 Mpa,0.131 Mpa,0.128 Mpa,0.00458 Mpa,0.125 Mpa,0.123 Mpa,0.126 Mpa,0.953 Mpa,0.00602 Mpa,0.112 Mpa,0.111 Mpa,0.112 Mpa,0.109 Mpa,0.0567 Mpa,0.108 Mpa,0.110 Mpa,0.108 Mpa,0.110 Mpa,,0.118 Mpa,0.117 Mpa,0.118 Mpa,1.01 Mpa,0.00620 Mpa,0.120 Mpa,0.120 Mpa,0.119 Mpa,0.121 Mpa,0.00480 Mpa,0.132 Mpa,0.131 Mpa,0.131 Mpa,0.131 Mpa,0 Mpa,0.120 Mpa,0.121 Mpa,0.121 Mpa,0.120 Mpa,0.00506 Mpa,0.116 Mpa,0.116 Mpa,0.116 Mpa,1.02 Mpa,0 Mpa,0.131 Mpa,0.129 Mpa,0.133 Mpa,0.129 Mpa,0 Mpa,0.118 Mpa,0.117 Mpa,0.937 Mpa,0.118 Mpa,0.0254 Mpa,1550 RPM
2026-08-24 01:00:00,0.128 Mpa,0.130 Mpa,0.129 Mpa,0.127 Mpa,0 Mpa,0.120 Mpa,0.118 Mpa,0.120 Mpa,1.02 Mpa,0 Mpa,0.119 Mpa,0.116 Mpa,0.119 Mpa,0.116 Mpa,0 Mpa,0.121 Mpa,0.124 Mpa,0.120 Mpa,0.123 Mpa,,0.120 Mpa,0.118 Mpa,0.119 Mpa,1.02 Mpa,0 Mpa,0.117 Mpa,0.117 Mpa,0.116 Mpa,0.118 Mpa,0 Mpa,0.133 Mpa,0.133 Mpa,0.132 Mpa,0.131 Mpa,0 Mpa,0.130 Mpa,0.132 Mpa,0.133 Mpa,0.130 Mpa,0 Mpa,0.124 Mpa,0.127 Mpa,0.125 Mpa,1.02 Mpa,0 Mpa,0.125 Mpa,0.124 Mpa,0.126 Mpa,0.124 Mpa,0 Mpa,0.135 Mpa,0.135 Mpa,0.897 Mpa,0.137 Mpa,0 Mpa,1742 RPM
2026-08-24 04:00:00,0.126 Mpa,0.128 Mpa,0.127 Mpa,0.125 Mpa,0 Mpa,0.118 Mpa,0.117 Mpa,0.118 Mpa,1.01 Mpa,0.00484 Mpa,0.123 Mpa,0.120 Mpa,0.123 Mpa,0.119 Mpa,0 Mpa,0.115 Mpa,0.118 Mpa,0.115 Mpa,0.117 Mpa,,0.121 Mpa,0.119 Mpa,0.120 Mpa,1.02 Mpa,0 Mpa,0.123 Mpa,0.122 Mpa,0.121 Mpa,0.123 Mpa,0 Mpa,0.129 Mpa,0.129 Mpa,0.129 Mpa,0.128 Mpa,0 Mpa,0.126 Mpa,0.128 Mpa,0.129 Mpa,0.126 Mpa,0 Mpa,0.124 Mpa,0.127 Mpa,0.126 Mpa,1.01 Mpa,0.00453 Mpa,0.126 Mpa,0.125 Mpa,0.128 Mpa,0.124 Mpa,0.00548 Mpa,0.128 Mpa,0.128 Mpa,0.889 Mpa,0.130 Mpa,0 Mpa,1680 RPM
2026-08-24 07:00:00,0.115 Mpa,0.117 Mpa,0.115 Mpa,0.115 Mpa,0.00984 Mpa,0.123 Mpa,0.121 Mpa,0.123 Mpa,1.02 Mpa,0 Mpa,0.123 Mpa,0.119 Mpa,0.123 Mpa,0.119 Mpa,0 Mpa,0.121 Mpa,0.124 Mpa,0.121 Mpa,0.123 Mpa,,0.118 Mpa,0.116 Mpa,0.117 Mpa,1.02 Mpa,0 Mpa,0.122 Mpa,0.122 Mpa,0.120 Mpa,0.122 Mpa,0 Mpa,0.132 Mpa,0.130 Mpa,0.131 Mpa,0.130 Mpa,0 Mpa,0.130 Mpa,0.131 Mpa,0.134 Mpa,0.129 Mpa,0 Mpa,0.130 Mpa,0.134 Mpa,0.132 Mpa,1.02 Mpa,0 Mpa,0.108 Mpa,0.108 Mpa,0.109 Mpa,0.107 Mpa,0.133 Mpa,0.129 Mpa,0.130 Mpa,0.894 Mpa,0.131 Mpa,0 Mpa,1768 RPM
2026-08-24 10:00:00,0.131 Mpa,0.132 Mpa,0.133 Mpa,0.129 Mpa,0 Mpa,0.125 Mpa,0.122 Mpa,0.124 Mpa,1.02 Mpa,0 Mpa,0.122 Mpa,0.118 Mpa,0.122 Mpa,0.118 Mpa,0 Mpa,0.120 Mpa,0.124 Mpa,0.120 Mpa,0.122 Mpa,,0.118 Mpa,0.116 Mpa,0.118 Mpa,1.01 Mpa,0.00695 Mpa,0.118 Mpa,0.118 Mpa,0.117 Mpa,0.118 Mpa,0.00525 Mpa,0.124 Mpa,0.122 Mpa,0.122 Mpa,0.122 Mpa,0.00482 Mpa,0.130 Mpa,0.131 Mpa,0.134 Mpa,0.129 Mpa,0 Mpa,0.125 Mpa,0.129 Mpa,0.127 Mpa,1.01 Mpa,0.00481 Mpa,,,,,,0.123 Mpa,0.124 Mpa,0.909 Mpa,0.125 Mpa,0 Mpa,1752 RPM
2026-08-24 13:00:00,0.130 Mpa,0.133 Mpa,0.132 Mpa,0.130 Mpa,0 Mpa,0.122 Mpa,0.119 Mpa,0.121 Mpa,1.02 Mpa,0 Mpa,0.122 Mpa,0.119 Mpa,0.122 Mpa,0.119 Mpa,0 Mpa,0.122 Mpa,0.125 Mpa,0.121 Mpa,0.124 Mpa,,0.117 Mpa,0.116 Mpa,0.117 Mpa,1.02 Mpa,0 Mpa,0.114 Mpa,0.114 Mpa,0.113 Mpa,0.115 Mpa,0.0105 Mpa,0.125 Mpa,0.125 Mpa,0.125 Mpa,0.124 Mpa,0 Mpa,0.127 Mpa,0.128 Mpa,0.130 Mpa,0.127 Mpa,0 Mpa,0.127 Mpa,0.130 Mpa,0.129 Mpa,1.01 Mpa,0.00487 Mpa,,,,,,0.124 Mpa,0.124 Mpa,0.658 Mpa,0.126 Mpa,0 Mpa,1734 RPM
2026-08-24 16:00:00,0.126 Mpa,0.128 Mpa,0.128 Mpa,0.125 Mpa,0 Mpa,0.118 Mpa,0.115 Mpa,0.118 Mpa,1.02 Mpa,0 Mpa,0.116 Mpa,0.113 Mpa,0.116 Mpa,0.113 Mpa,0 Mpa,0.118 Mpa,0.121 Mpa,0.117 Mpa,0.120 Mpa,,0.118 Mpa,0.116 Mpa,0.117 Mpa,1.02 Mpa,0 Mpa,0.118 Mpa,0.118 Mpa,0.117 Mpa,0.119 Mpa,0 Mpa,0.126 Mpa,0.126 Mpa,0.125 Mpa,0.125 Mpa,0 Mpa,0.124 Mpa,0.126 Mpa,0.128 Mpa,0.124 Mpa,0 Mpa,0.123 Mpa,0.127 Mpa,0.125 Mpa,1.01 Mpa,0.00375 Mpa,0.121 Mpa,0.119 Mpa,0.122 Mpa,0.118 Mpa,0 Mpa,0.120 Mpa,0.120 Mpa,0.789 Mpa,0.122 Mpa,0.0127 Mpa,1703 RPM
2026-08-24 19:00:00,0.122 Mpa,0.124 Mpa,0.123 Mpa,0.120 Mpa,0 Mpa,0.118 Mpa,0.115 Mpa,0.118 Mpa,1.02 Mpa,0 Mpa,0.122 Mpa,0.120 Mpa,0.122 Mpa,0.119 Mpa,0 Mpa,0.122 Mpa,0.126 Mpa,0.121 Mpa,0.124 Mpa,,0.115 Mpa,0.114 Mpa,0.114 Mpa,1.02 Mpa,0 Mpa,0.119 Mpa,0.119 Mpa,0.118 Mpa,0.120 Mpa,0 Mpa,0.120 Mpa,0.119 Mpa,0.119 Mpa,0.120 Mpa,0 Mpa,0.125 Mpa,0.126 Mpa,0.128 Mpa,0.124 Mpa,0 Mpa,0.123 Mpa,0.126 Mpa,0.124 Mpa,1.02 Mpa,0 Mpa,0.122 Mpa,0.120 Mpa,0.123 Mpa,0.119 Mpa,0 Mpa,0.122 Mpa,0.122 Mpa,0.785 Mpa,0.124 Mpa,0 Mpa,1762 RPM
2026-08-24 22:00:00,0.119 Mpa,0.121 Mpa,0.121 Mpa,0.118 Mpa,0.00541 Mpa,0.122 Mpa,0.120 Mpa,0.122 Mpa,1.00 Mpa,0 Mpa,0.117 Mpa,0.114 Mpa,0.117 Mpa,0.113 Mpa,0.0553 Mpa,0.118 Mpa,0.123 Mpa,0.118 Mpa,0.121 Mpa,,0.114 Mpa,0.112 Mpa,0.112 Mpa,1.01 Mpa,0.00502 Mpa,0.122 Mpa,0.121 Mpa,0.121 Mpa,0.122 Mpa,0 Mpa,0.128 Mpa,0.127 Mpa,0.127 Mpa,0.126 Mpa,0 Mpa,0.127 Mpa,0.127 Mpa,0.130 Mpa,0.126 Mpa,0.00655 Mpa,0.121 Mpa,0.123 Mpa,0.123 Mpa,1.02 Mpa,0 Mpa,0.120 Mpa,0.120 Mpa,0.122 Mpa,0.119 Mpa,0.0192 Mpa,0.121 Mpa,0.121 Mpa,0.795 Mpa,0.123 Mpa,0 Mpa,1708 RPM
2026-08-25 01:00:00,0.124 Mpa,0.125 Mpa,0.125 Mpa,0.122 Mpa,0 Mpa,0.118 Mpa,0.116 Mpa,0.118 Mpa,1.01 Mpa,0.0116 Mpa,0.117 Mpa,0.114 Mpa,0.117 Mpa,0.114 Mpa,0 Mpa,0.117 Mpa,0.122 Mpa,0.117 Mpa,0.120 Mpa,,0.117 Mpa,0.115 Mpa,0.116 Mpa,1.02 Mpa,0 Mpa,0.118 Mpa,0.118 Mpa,0.116 Mpa,0.119 Mpa,0.00798 Mpa,0.117 Mpa,0.116 Mpa,0.116 Mpa,0.116 Mpa,0.0214 Mpa,0.125 Mpa,0.125 Mpa,0.127 Mpa,0.124 Mpa,0 Mpa,0.121 Mpa,0.123 Mpa,0.123 Mpa,1.02 Mpa,0 Mpa,0.122 Mpa,0.120 Mpa,0.123 Mpa,0.120 Mpa,0 Mpa,0.122 Mpa,0.122 Mpa,0.834 Mpa,0.124 Mpa,0 Mpa,1682 RPM
2026-08-25 04:00:00,0.119 Mpa,0.122 Mpa,0.120 Mpa,0.118 Mpa,0 Mpa,0.119 Mpa,0.118 Mpa,0.119 Mpa,1.01 Mpa,0.00556 Mpa,0.121 Mpa,0.119 Mpa,0.121 Mpa,0.119 Mpa,0.0144 Mpa,0.121 Mpa,0.124 Mpa,0.120 Mpa,0.122 Mpa,,0.115 Mpa,0.113 Mpa,0.114 Mpa,1.02 Mpa,0 Mpa,0.109 Mpa,0.110 Mpa,0.108 Mpa,0.110 Mpa,0 Mpa,0.108 Mpa,0.108 Mpa,0.107 Mpa,0.108 Mpa,1 Mpa,0.125 Mpa,0.127 Mpa,0.128 Mpa,0.125 Mpa,0 Mpa,0.124 Mpa,0.126 Mpa,0.125 Mpa,1.01 Mpa,0.00429 Mpa,0.121 Mpa,0.120 Mpa,0.123 Mpa,0.120 Mpa,0.00396 Mpa,0.124 Mpa,0.124 Mpa,0.879 Mpa,0.125 Mpa,0 Mpa,1642 RPM
2026-08-25 07:00:00,0.128 Mpa,0.129 Mpa,0.130 Mpa,0.126 Mpa,0 Mpa,0.118 Mpa,0.116 Mpa,0.118 Mpa,1.02 Mpa,0 Mpa,0.125 Mpa,0.121 Mpa,0.124 Mpa,0.121 Mpa,0.00427 Mpa,0.119 Mpa,0.122 Mpa,0.119 Mpa,0.121 Mpa,,0.118 Mpa,0.115 Mpa,0.117 Mpa,1.02 Mpa,0 Mpa,0.114 Mpa,0.115 Mpa,0.113 Mpa,0.115 Mpa,0 Mpa,,,,,,0.130 Mpa,0.131 Mpa,0.134 Mpa,0.129 Mpa,0 Mpa,0.125 Mpa,0.127 Mpa,0.126 Mpa,1.02 Mpa,0 Mpa,0.126 Mpa,0.125 Mpa,0.128 Mpa,0.124 Mpa,0 Mpa,0.123 Mpa,0.123 Mpa,0.896 Mpa,0.125 Mpa,0.00297 Mpa,1730 RPM
2026-08-25 10:00:00,0.125 Mpa,0.127 Mpa,0.127 Mpa,0.124 Mpa,0.0121 Mpa,0.122 Mpa,0.119 Mpa,0.122 Mpa,1.01 Mpa,0 Mpa,0.118 Mpa,0.115 Mpa,0.118 Mpa,0.115 Mpa,0 Mpa,0.118 Mpa,0.122 Mpa,0.118 Mpa,0.120 Mpa,,0.119 Mpa,0.117 Mpa,0.119 Mpa,1.02 Mpa,0 Mpa,0.113 Mpa,0.114 Mpa,0.112 Mpa,0.115 Mpa,0.0236 Mpa,0.125 Mpa,0.125 Mpa,0.124 Mpa,0.125 Mpa,1 Mpa,0.126 Mpa,0.127 Mpa,0.130 Mpa,0.125 Mpa,0 Mpa,0.127 Mpa,0.130 Mpa,0.130 Mpa,1.02 Mpa,0 Mpa,0.128 Mpa,0.127 Mpa,0.130 Mpa,0.126 Mpa,0 Mpa,0.121 Mpa,0.122 Mpa,0.915 Mpa,0.124 Mpa,0 Mpa,1671 RPM
2026-08-25 13:00:00,0.119 Mpa,0.121 Mpa,0.121 Mpa,0.117 Mpa,0 Mpa,0.120 Mpa,0.118 Mpa,0.120 Mpa,1.02 Mpa,0 Mpa,,,,,,0.113 Mpa,0.117 Mpa,0.113 Mpa,0.116 Mpa,,0.117 Mpa,0.115 Mpa,0.116 Mpa,1.02 Mpa,0 Mpa,0.116 Mpa,0.117 Mpa,0.115 Mpa,0.118 Mpa,0 Mpa,,,,,,0.130 Mpa,0.130 Mpa,0.134 Mpa,0.129 Mpa,0 Mpa,0.122 Mpa,0.125 Mpa,0.124 Mpa,0.881 Mpa,0.00496 Mpa,0.120 Mpa,0.120 Mpa,0.122 Mpa,0.120 Mpa,0.00508 Mpa,0.122 Mpa,0.122 Mpa,0.901 Mpa,0.124 Mpa,0 Mpa,1698 RPM
2026-08-25 16:00:00,0.121 Mpa,0.123 Mpa,0.123 Mpa,0.120 Mpa,0 Mpa,0.122 Mpa,0.119 Mpa,0.122 Mpa,1.01 Mpa,0.00898 Mpa,0.123 Mpa,0.119 Mpa,0.123 Mpa,0.119 Mpa,0 Mpa,0.117 Mpa,0.121 Mpa,0.116 Mpa,0.119 Mpa,,0.116 Mpa,0.114 Mpa,0.116 Mpa,1.02 Mpa,0 Mpa,0.115 Mpa,0.115 Mpa,0.114 Mpa,0.116 Mpa,0 Mpa,,,,,,0.124 Mpa,0.125 Mpa,0.128 Mpa,0.124 Mpa,0 Mpa,0.113 Mpa,0.115 Mpa,0.114 Mpa,0.116 Mpa,0.00468 Mpa,0.119 Mpa,0.119 Mpa,0.121 Mpa,0.118 Mpa,0 Mpa,0.123 Mpa,0.123 Mpa,0.882 Mpa,0.125 Mpa,0.00347 Mpa,1680 RPM
2026-08-25 19:00:00,0.124 Mpa,0.126 Mpa,0.126 Mpa,0.122 Mpa,0 Mpa,0.122 Mpa,0.119 Mpa,0.122 Mpa,1.02 Mpa,0 Mpa,0.124 Mpa,0.121 Mpa,0.124 Mpa,0.121 Mpa,0 Mpa,0.118 Mpa,0.121 Mpa,0.118 Mpa,0.120 Mpa,,0.116 Mpa,0.114 Mpa,0.115 Mpa,1.02 Mpa,0 Mpa,0.117 Mpa,0.118 Mpa,0.116 Mpa,0.118 Mpa,0 Mpa,,,,,,0.124 Mpa,0.125 Mpa,0.126 Mpa,0.123 Mpa,0 Mpa,0.123 Mpa,0.126 Mpa,0.125 Mpa,0.125 Mpa,0 Mpa,0.118 Mpa,0.118 Mpa,0.120 Mpa,0.117 Mpa,0 Mpa,0.126 Mpa,0.126 Mpa,0.718 Mpa,0.128 Mpa,0 Mpa,1776 RPM
2026-08-25 22:00:00,0.122 Mpa,0.124 Mpa,0.124 Mpa,0.120 Mpa,0 Mpa,0.123 Mpa,0.121 Mpa,0.123 Mpa,1.02 Mpa,0 Mpa,0.124 Mpa,0.121 Mpa,0.124 Mpa,0.121 Mpa,0.0110 Mpa,0.117 Mpa,0.120 Mpa,0.117 Mpa,0.119 Mpa,,0.119 Mpa,0.117 Mpa,0.119 Mpa,1.02 Mpa,0 Mpa,0.121 Mpa,0.120 Mpa,0.119 Mpa,0.122 Mpa,0.00444 Mpa,,,,,,0.125 Mpa,0.126 Mpa,0.128 Mpa,0.124 Mpa,0 Mpa,0.121 Mpa,0.124 Mpa,0.122 Mpa,0.123 Mpa,0 Mpa,0.118 Mpa,0.118 Mpa,0.119 Mpa,0.117 Mpa,0 Mpa,0.123 Mpa,0.124 Mpa,0.616 Mpa,0.125 Mpa,0.00474 Mpa,1747 RPM
2026-08-26 01:00:00,0.119 Mpa,0.121 Mpa,0.120 Mpa,0.118 Mpa,0.0116 Mpa,0.118 Mpa,0.117 Mpa,0.119 Mpa,1.02 Mpa,0 Mpa,0.123 Mpa,0.120 Mpa,0.123 Mpa,0.119 Mpa,0 Mpa,0.122 Mpa,0.125 Mpa,0.121 Mpa,0.123 Mpa,,0.118 Mpa,0.116 Mpa,0.117 Mpa,1.01 Mpa,0.0182 Mpa,0.111 Mpa,0.112 Mpa,0.110 Mpa,0.112 Mpa,0.00845 Mpa,,,,,,0.127 Mpa,0.127 Mpa,0.129 Mpa,0.125 Mpa,0.00534 Mpa,0.120 Mpa,0.124 Mpa,0.122 Mpa,0.124 Mpa,0 Mpa,0.121 Mpa,0.120 Mpa,0.122 Mpa,0.120 Mpa,0.00444 Mpa,0.123 Mpa,0.123 Mpa,0.801 Mpa,0.125 Mpa,0 Mpa,1698 RPM
2026-08-26 04:00:00,0.123 Mpa,0.125 Mpa,0.123 Mpa,0.122 Mpa,0 Mpa,0.119 Mpa,0.116 Mpa,0.119 Mpa,0.845 Mpa,0 Mpa,0.124 Mpa,0.121 Mpa,0.124 Mpa,0.121 Mpa,0 Mpa,0.116 Mpa,0.121 Mpa,0.117 Mpa,0.119 Mpa,,0.115 Mpa,0.114 Mpa,0.114 Mpa,1.02 Mpa,0 Mpa,0.112 Mpa,0.113 Mpa,0.111 Mpa,0.114 Mpa,0.00344 Mpa,,,,,,0.128 Mpa,0.128 Mpa,0.130 Mpa,0.126 Mpa,0 Mpa,0.119 Mpa,0.121 Mpa,0.121 Mpa,0.121 Mpa,0.00471 Mpa,0.120 Mpa,0.120 Mpa,0.122 Mpa,0.120 Mpa,0 Mpa,0.125 Mpa,0.124 Mpa,0.849 Mpa,0.126 Mpa,0.00237 Mpa,1640 RPM
2026-08-26 07:00:00,0.123 Mpa,0.125 Mpa,0.124 Mpa,0.121 Mpa,0 Mpa,0.120 Mpa,0.118 Mpa,0.121 Mpa,0.310 Mpa,0 Mpa,0.123 Mpa,0.120 Mpa,0.122 Mpa,0.120 Mpa,0 Mpa,0.120 Mpa,0.124 Mpa,0.120 Mpa,0.122 Mpa,,0.118 Mpa,0.116 Mpa,0.117 Mpa,1.02 Mpa,0 Mpa,0.119 Mpa,0.120 Mpa,0.117 Mpa,0.121 Mpa,0 Mpa,,,,,,0.126 Mpa,0.127 Mpa,0.129 Mpa,0.125 Mpa,0 Mpa,0.127 Mpa,0.131 Mpa,0.129 Mpa,0.130 Mpa,0 Mpa,0.126 Mpa,0.125 Mpa,0.128 Mpa,0.125 Mpa,0 Mpa,0.124 Mpa,0.124 Mpa,0.868 Mpa,0.125 Mpa,0.0122 Mpa,1776 RPM
2026-08-26 10:00:00,0.126 Mpa,0.128 Mpa,0.128 Mpa,0.124 Mpa,0 Mpa,0.124 Mpa,0.122 Mpa,0.124 Mpa,0.654 Mpa,0 Mpa,0.120 Mpa,0.117 Mpa,0.120 Mpa,0.117 Mpa,0 Mpa,0.121 Mpa,0.125 Mpa,0.120 Mpa,0.123 Mpa,,0.119 Mpa,0.116 Mpa,0.119 Mpa,1.02 Mpa,0 Mpa,0.120 Mpa,0.120 Mpa,0.118 Mpa,0.120 Mpa,0.00528 Mpa,,,,,,0.125 Mpa,0.127 Mpa,0.129 Mpa,0.125 Mpa,0 Mpa,0.125 Mpa,0.129 Mpa,0.127 Mpa,0.129 Mpa,0.00626 Mpa,0.129 Mpa,0.129 Mpa,0.131 Mpa,0.127 Mpa,0 Mpa,0.124 Mpa,0.125 Mpa,0.873 Mpa,0.126 Mpa,0 Mpa,1769 RPM
2026-08-26 13:00:00,0.121 Mpa,0.122 Mpa,0.122 Mpa,0.118 Mpa,0 Mpa,0.123 Mpa,0.120 Mpa,0.123 Mpa,0.680 Mpa,0 Mpa,0.124 Mpa,0.120 Mpa,0.123 Mpa,0.121 Mpa,0 Mpa,0.111 Mpa,0.115 Mpa,0.112 Mpa,0.114 Mpa,,0.113 Mpa,0.111 Mpa,0.112 Mpa,1.02 Mpa,0 Mpa,0.121 Mpa,0.120 Mpa,0.120 Mpa,0.121 Mpa,0 Mpa,,,,,,0.121 Mpa,0.122 Mpa,0.124 Mpa,0.121 Mpa,0 Mpa,0.123 Mpa,0.127 Mpa,0.124 Mpa,0.126 Mpa,0.00473 Mpa,0.127 Mpa,0.126 Mpa,0.129 Mpa,0.125 Mpa,0 Mpa,0.126 Mpa,0.126 Mpa,0.879 Mpa,0.127 Mpa,0 Mpa,1583 RPM
2026-08-26 16:00:00,0.122 Mpa,0.124 Mpa,0.123 Mpa,0.120 Mpa,0 Mpa,0.120 Mpa,0.118 Mpa,0.121 Mpa,0.412 Mpa,0 Mpa,0.111 Mpa,0.110 Mpa,0.111 Mpa,0.108 Mpa,0 Mpa,0.121 Mpa,0.125 Mpa,0.121 Mpa,0.124 Mpa,,0.117 Mpa,0.115 Mpa,0.116 Mpa,1.02 Mpa,0 Mpa,0.119 Mpa,0.119 Mpa,0.118 Mpa,0.120 Mpa,0 Mpa,,,,,,0.128 Mpa,0.131 Mpa,0.132 Mpa,0.128 Mpa,0 Mpa,0.121 Mpa,0.123 Mpa,0.122 Mpa,0.123 Mpa,0.00509 Mpa,0.121 Mpa,0.121 Mpa,0.123 Mpa,0.120 Mpa,0.00402 Mpa,0.122 Mpa,0.122 Mpa,0.886 Mpa,0.123 Mpa,0 Mpa,1685 RPM
2026-08-26 19:00:00,0.122 Mpa,0.124 Mpa,0.123 Mpa,0.120 Mpa,0 Mpa,0.125 Mpa,0.123 Mpa,0.125 Mpa,0.351 Mpa,0 Mpa,0.121 Mpa,0.117 Mpa,0.120 Mpa,0.117 Mpa,0 Mpa,0.123 Mpa,0.126 Mpa,0.122 Mpa,0.124 Mpa,,0.118 Mpa,0.116 Mpa,0.118 Mpa,1.02 Mpa,0 Mpa,0.115 Mpa,0.115 Mpa,0.114 Mpa,0.117 Mpa,0 Mpa,,,,,,0.122 Mpa,0.123 Mpa,0.125 Mpa,0.121 Mpa,0 Mpa,0.122 Mpa,0.125 Mpa,0.124 Mpa,0.124 Mpa,0 Mpa,0.120 Mpa,0.120 Mpa,0.122 Mpa,0.119 Mpa,0 Mpa,0.119 Mpa,0.118 Mpa,0.887 Mpa,0.119 Mpa,0.00696 Mpa,1739 RPM
2026-08-26 22:00:00,0.124 Mpa,0.126 Mpa,0.125 Mpa,0.121 Mpa,0.00110 Mpa,0.123 Mpa,0.120 Mpa,0.123 Mpa,0.0284 Mpa,0.0150 Mpa,0.122 Mpa,0.119 Mpa,0.122 Mpa,0.119 Mpa,0 Mpa,0.118 Mpa,0.122 Mpa,0.118 Mpa,0.120 Mpa,,0.116 Mpa,0.113 Mpa,0.115 Mpa,1.01 Mpa,0.0122 Mpa,0.118 Mpa,0.118 Mpa,0.116 Mpa,0.119 Mpa,0.00576 Mpa,0.129 Mpa,0.128 Mpa,0.129 Mpa,0.129 Mpa,0.0264 Mpa,0.125 Mpa,0.127 Mpa,0.128 Mpa,0.125 Mpa,0.00484 Mpa,0.122 Mpa,0.124 Mpa,0.123 Mpa,0.123 Mpa,0 Mpa,0.118 Mpa,0.118 Mpa,0.120 Mpa,0.118 Mpa,0.0129 Mpa,0.122 Mpa,0.122 Mpa,0.891 Mpa,0.122 Mpa,0 Mpa,1674 RPM
2026-08-27 01:00:00,0.120 Mpa,0.122 Mpa,0.121 Mpa,0.118 Mpa,0 Mpa,0.126 Mpa,0.123 Mpa,0.126 Mpa,0.239 Mpa,0 Mpa,0.119 Mpa,0.117 Mpa,0.119 Mpa,0.116 Mpa,0 Mpa,0.120 Mpa,0.123 Mpa,0.119 Mpa,0.121 Mpa,,0.119 Mpa,0.117 Mpa,0.118 Mpa,1.02 Mpa,0 Mpa,0.117 Mpa,0.118 Mpa,0.116 Mpa,0.118 Mpa,0 Mpa,0.131 Mpa,0.130 Mpa,0.130 Mpa,0.130 Mpa,0 Mpa,0.121 Mpa,0.123 Mpa,0.123 Mpa,0.121 Mpa,0 Mpa,0.120 Mpa,0.123 Mpa,0.122 Mpa,0.122 Mpa,0 Mpa,0.119 Mpa,0.118 Mpa,0.121 Mpa,0.118 Mpa,0 Mpa,0.124 Mpa,0.124 Mpa,0.891 Mpa,0.125 Mpa,0 Mpa,1709 RPM
2026-08-27 04:00:00,0.116 Mpa,0.118 Mpa,0.116 Mpa,0.114 Mpa,0 Mpa,0.128 Mpa,0.126 Mpa,0.128 Mpa,1.02 Mpa,0 Mpa,0.121 Mpa,0.119 Mpa,0.121 Mpa,0.118 Mpa,0 Mpa,0.114 Mpa,0.116 Mpa,0.114 Mpa,0.115 Mpa,,0.117 Mpa,0.115 Mpa,0.116 Mpa,1.02 Mpa,0 Mpa,0.118 Mpa,0.117 Mpa,0.116 Mpa,0.118 Mpa,0 Mpa,0.128 Mpa,0.126 Mpa,0.127 Mpa,0.126 Mpa,0 Mpa,0.113 Mpa,0.113 Mpa,0.114 Mpa,0.112 Mpa,0 Mpa,0.120 Mpa,0.122 Mpa,0.121 Mpa,0.122 Mpa,0 Mpa,0.121 Mpa,0.120 Mpa,0.123 Mpa,0.120 Mpa,0.00417 Mpa,0.121 Mpa,0.122 Mpa,0.891 Mpa,0.123 Mpa,0.00354 Mpa,1636 RPM
2026-08-27 07:00:00,0.125 Mpa,0.128 Mpa,0.126 Mpa,0.123 Mpa,0 Mpa,0.129 Mpa,0.126 Mpa,0.128 Mpa,1.02 Mpa,0 Mpa,0.125 Mpa,0.122 Mpa,0.125 Mpa,0.122 Mpa,0 Mpa,0.110 Mpa,0.111 Mpa,0.110 Mpa,0.111 Mpa,,0.121 Mpa,0.118 Mpa,0.121 Mpa,1.02 Mpa,0 Mpa,0.119 Mpa,0.118 Mpa,0.117 Mpa,0.119 Mpa,0 Mpa,0.125 Mpa,0.124 Mpa,0.124 Mpa,0.124 Mpa,0 Mpa,0.119 Mpa,0.120 Mpa,0.121 Mpa,0.118 Mpa,0 Mpa,0.121 Mpa,0.122 Mpa,0.122 Mpa,0.123 Mpa,0 Mpa,0.121 Mpa,0.120 Mpa,0.123 Mpa,0.120 Mpa,0 Mpa,0.121 Mpa,0.121 Mpa,0.886 Mpa,0.122 Mpa,0.0132 Mpa,1608 RPM
2026-08-27 10:00:00,0.125 Mpa,0.127 Mpa,0.125 Mpa,0.122 Mpa,0 Mpa,0.121 Mpa,0.118 Mpa,0.121 Mpa,1.02 Mpa,0 Mpa,0.123 Mpa,0.121 Mpa,0.123 Mpa,0.121 Mpa,0 Mpa,0.118 Mpa,0.121 Mpa,0.118 Mpa,0.120 Mpa,,0.119 Mpa,0.117 Mpa,0.118 Mpa,1.02 Mpa,0 Mpa,0.122 Mpa,0.121 Mpa,0.120 Mpa,0.121 Mpa,0.00456 Mpa,0.131 Mpa,0.129 Mpa,0.130 Mpa,0.129 Mpa,0.0105 Mpa,0.128 Mpa,0.128 Mpa,0.131 Mpa,0.127 Mpa,0 Mpa,0.121 Mpa,0.124 Mpa,0.123 Mpa,0.124 Mpa,0 Mpa,0.118 Mpa,0.118 Mpa,0.120 Mpa,0.117 Mpa,0 Mpa,0.119 Mpa,0.119 Mpa,0.918 Mpa,0.120 Mpa,0 Mpa,1665 RPM
2026-08-27 13:00:00,0.123 Mpa,0.125 Mpa,0.125 Mpa,0.120 Mpa,0 Mpa,0.123 Mpa,0.120 Mpa,0.122 Mpa,1.02 Mpa,0 Mpa,0.125 Mpa,0.123 Mpa,0.125 Mpa,0.122 Mpa,0 Mpa,0.117 Mpa,0.120 Mpa,0.118 Mpa,0.119 Mpa,,0.120 Mpa,0.117 Mpa,0.119 Mpa,1.02 Mpa,0 Mpa,0.123 Mpa,0.122 Mpa,0.121 Mpa,0.123 Mpa,0 Mpa,,,,,,0.127 Mpa,0.127 Mpa,0.131 Mpa,0.126 Mpa,0 Mpa,0.119 Mpa,0.122 Mpa,0.120 Mpa,0.122 Mpa,0.00676 Mpa,0.118 Mpa,0.118 Mpa,0.120 Mpa,0.117 Mpa,0 Mpa,0.122 Mpa,0.121 Mpa,0.896 Mpa,0.123 Mpa,0 Mpa,1729 RPM
2026-08-27 16:00:00,0.119 Mpa,0.121 Mpa,0.120 Mpa,0.116 Mpa,0 Mpa,0.117 Mpa,0.115 Mpa,0.117 Mpa,1.01 Mpa,0.0100 Mpa,0.121 Mpa,0.118 Mpa,0.120 Mpa,0.117 Mpa,0 Mpa,0.119 Mpa,0.122 Mpa,0.119 Mpa,0.121 Mpa,,0.117 Mpa,0.115 Mpa,0.117 Mpa,1.02 Mpa,0 Mpa,0.119 Mpa,0.119 Mpa,0.117 Mpa,0.120 Mpa,0 Mpa,0.115 Mpa,0.114 Mpa,0.114 Mpa,0.115 Mpa,0 Mpa,0.130 Mpa,0.131 Mpa,0.134 Mpa,0.129 Mpa,0 Mpa,0.121 Mpa,0.124 Mpa,0.122 Mpa,0.124 Mpa,0.00465 Mpa,0.119 Mpa,0.118 Mpa,0.121 Mpa,0.118 Mpa,0.00425 Mpa,0.119 Mpa,0.119 Mpa,0.904 Mpa,0.120 Mpa,0.00346 Mpa,1657 RPM
2026-08-27 19:00:00,0.124 Mpa,0.126 Mpa,0.125 Mpa,0.122 Mpa,0 Mpa,0.119 Mpa,0.117 Mpa,0.119 Mpa,1.02 Mpa,0 Mpa,0.120 Mpa,0.116 Mpa,0.120 Mpa,0.116 Mpa,0 Mpa,0.107 Mpa,0.109 Mpa,0.107 Mpa,0.108 Mpa,,0.117 Mpa,0.115 Mpa,0.117 Mpa,1.02 Mpa,0 Mpa,0.121 Mpa,0.121 Mpa,0.120 Mpa,0.121 Mpa,0 Mpa,0.128 Mpa,0.127 Mpa,0.128 Mpa,0.127 Mpa,0 Mpa,0.130 Mpa,0.132 Mpa,0.135 Mpa,0.130 Mpa,0 Mpa,0.122 Mpa,0.125 Mpa,0.123 Mpa,0.124 Mpa,0 Mpa,0.122 Mpa,0.122 Mpa,0.124 Mpa,0.121 Mpa,0 Mpa,0.116 Mpa,0.116 Mpa,0.897 Mpa,0.117 Mpa,0 Mpa,1640 RPM
2026-08-27 22:00:00,0.120 Mpa,0.122 Mpa,0.121 Mpa,0.117 Mpa,0.00231 Mpa,0.119 Mpa,0.116 Mpa,0.119 Mpa,1.02 Mpa,0 Mpa,0.123 Mpa,0.120 Mpa,0.123 Mpa,0.119 Mpa,0.00709 Mpa,0.122 Mpa,0.125 Mpa,0.122 Mpa,0.123 Mpa,,0.117 Mpa,0.115 Mpa,0.116 Mpa,1.02 Mpa,0 Mpa,0.120 Mpa,0.120 Mpa,0.119 Mpa,0.121 Mpa,0 Mpa,0.128 Mpa,0.125 Mpa,0.126 Mpa,0.126 Mpa,0 Mpa,0.126 Mpa,0.127 Mpa,0.130 Mpa,0.126 Mpa,0.00887 Mpa,0.124 Mpa,0.126 Mpa,0.125 Mpa,0.126 Mpa,0 Mpa,0.124 Mpa,0.123 Mpa,0.125 Mpa,0.123 Mpa,0 Mpa,0.118 Mpa,0.118 Mpa,0.913 Mpa,0.119 Mpa,0.00484 Mpa,1678 RPM
2026-08-28 01:00:00,0.119 Mpa,0.120 Mpa,0.120 Mpa,0.116 Mpa,0 Mpa,0.121 Mpa,0.118 Mpa,0.121 Mpa,1.02 Mpa,0 Mpa,0.118 Mpa,0.115 Mpa,0.118 Mpa,0.114 Mpa,0 Mpa,0.117 Mpa,0.119 Mpa,0.117 Mpa,0.118 Mpa,,0.117 Mpa,0.115 Mpa,0.117 Mpa,1.02 Mpa,0 Mpa,0.121 Mpa,0.121 Mpa,0.120 Mpa,0.122 Mpa,0 Mpa,0.125 Mpa,0.121 Mpa,0.124 Mpa,0.124 Mpa,0 Mpa,0.123 Mpa,0.125 Mpa,0.127 Mpa,0.123 Mpa,0 Mpa,0.122 Mpa,0.125 Mpa,0.123 Mpa,0.124 Mpa,0 Mpa,0.122 Mpa,0.122 Mpa,0.124 Mpa,0.122 Mpa,0.00883 Mpa,0.127 Mpa,0.127 Mpa,0.875 Mpa,0.129 Mpa,0 Mpa,1707 RPM
2026-08-28 04:00:00,0.118 Mpa,0.119 Mpa,0.119 Mpa,0.114 Mpa,0 Mpa,0.128 Mpa,0.126 Mpa,0.127 Mpa,1.01 Mpa,0.00451 Mpa,0.119 Mpa,0.116 Mpa,0.119 Mpa,0.116 Mpa,0 Mpa,0.117 Mpa,0.119 Mpa,0.116 Mpa,0.118 Mpa,,0.115 Mpa,0.113 Mpa,0.114 Mpa,1.02 Mpa,0 Mpa,0.114 Mpa,0.114 Mpa,0.112 Mpa,0.114 Mpa,0 Mpa,0.126 Mpa,0.121 Mpa,0.125 Mpa,0.124 Mpa,0.00406 Mpa,0.122 Mpa,0.122 Mpa,0.123 Mpa,0.120 Mpa,0 Mpa,0.122 Mpa,0.125 Mpa,0.123 Mpa,0.124 Mpa,0.00476 Mpa,0.122 Mpa,0.121 Mpa,0.124 Mpa,0.121 Mpa,0.00407 Mpa,0.123 Mpa,0.123 Mpa,0.886 Mpa,0.124 Mpa,0.00450 Mpa,1645 RPM
2026-08-28 07:00:00,0.122 Mpa,0.123 Mpa,0.122 Mpa,0.118 Mpa,0 Mpa,0.123 Mpa,0.120 Mpa,0.123 Mpa,1.02 Mpa,0 Mpa,0.124 Mpa,0.121 Mpa,0.123 Mpa,0.120 Mpa,0 Mpa,0.117 Mpa,0.120 Mpa,0.117 Mpa,0.119 Mpa,,0.117 Mpa,0.115 Mpa,0.116 Mpa,1.02 Mpa,0 Mpa,0.102 Mpa,0.104 Mpa,0.101 Mpa,0.104 Mpa,0.0758 Mpa,0.134 Mpa,0.124 Mpa,0.133 Mpa,0.132 Mpa,0 Mpa,0.127 Mpa,0.128 Mpa,0.130 Mpa,0.126 Mpa,0.00471 Mpa,0.125 Mpa,0.127 Mpa,0.126 Mpa,0.127 Mpa,0 Mpa,0.122 Mpa,0.122 Mpa,0.124 Mpa,0.122 Mpa,0 Mpa,,,,,,1734 RPM
2026-08-28 10:00:00,0.121 Mpa,0.124 Mpa,0.122 Mpa,0.119 Mpa,0 Mpa,0.124 Mpa,0.120 Mpa,0.123 Mpa,1.01 Mpa,0.00698 Mpa,0.127 Mpa,0.123 Mpa,0.125 Mpa,0.123 Mpa,0 Mpa,0.114 Mpa,0.117 Mpa,0.115 Mpa,0.116 Mpa,,0.117 Mpa,0.115 Mpa,0.116 Mpa,1.02 Mpa,0 Mpa,0.113 Mpa,0.113 Mpa,0.111 Mpa,0.114 Mpa,0.00486 Mpa,0.132 Mpa,0.127 Mpa,0.131 Mpa,0.131 Mpa,0.00889 Mpa,0.132 Mpa,0.132 Mpa,0.136 Mpa,0.131 Mpa,0 Mpa,0.124 Mpa,0.127 Mpa,0.126 Mpa,0.127 Mpa,0.0127 Mpa,0.121 Mpa,0.121 Mpa,0.123 Mpa,0.120 Mpa,0 Mpa,,,,,,1725 RPM
2026-08-28 13:00:00,0.123 Mpa,0.125 Mpa,0.124 Mpa,0.120 Mpa,0 Mpa,0.125 Mpa,0.122 Mpa,0.125 Mpa,1.02 Mpa,0 Mpa,0.121 Mpa,0.118 Mpa,0.122 Mpa,0.119 Mpa,0 Mpa,0.113 Mpa,0.115 Mpa,0.113 Mpa,0.114 Mpa,,0.117 Mpa,0.115 Mpa,0.116 Mpa,1.01 Mpa,0 Mpa,0.119 Mpa,0.120 Mpa,0.118 Mpa,0.121 Mpa,0 Mpa,0.129 Mpa,0.0912 Mpa,0.128 Mpa,0.127 Mpa,0 Mpa,0.128 Mpa,0.130 Mpa,0.132 Mpa,0.128 Mpa,0 Mpa,0.126 Mpa,0.130 Mpa,0.128 Mpa,0.129 Mpa,0 Mpa,0.123 Mpa,0.122 Mpa,0.125 Mpa,0.121 Mpa,0 Mpa,,,,,,1739 RPM
2026-08-28 16:00:00,0.117 Mpa,0.119 Mpa,0.119 Mpa,0.114 Mpa,0 Mpa,0.123 Mpa,0.120 Mpa,0.122 Mpa,1.01 Mpa,0.00768 Mpa,0.116 Mpa,0.113 Mpa,0.116 Mpa,0.113 Mpa,0 Mpa,0.117 Mpa,0.120 Mpa,0.117 Mpa,0.119 Mpa,,0.115 Mpa,0.113 Mpa,0.114 Mpa,1.02 Mpa,0 Mpa,0.112 Mpa,0.113 Mpa,0.111 Mpa,0.113 Mpa,0 Mpa,0.122 Mpa,0.0800 Mpa,0.121 Mpa,0.122 Mpa,0 Mpa,0.126 Mpa,0.128 Mpa,0.129 Mpa,0.126 Mpa,0 Mpa,0.121 Mpa,0.125 Mpa,0.123 Mpa,0.124 Mpa,0.0194 Mpa,0.124 Mpa,0.123 Mpa,0.125 Mpa,0.122 Mpa,0.00411 Mpa,,,,,,1633 RPM
2026-08-28 19:00:00,0.119 Mpa,0.121 Mpa,0.120 Mpa,0.116 Mpa,0 Mpa,0.117 Mpa,0.114 Mpa,0.117 Mpa,1.02 Mpa,0 Mpa,0.117 Mpa,0.114 Mpa,0.118 Mpa,0.115 Mpa,0 Mpa,0.111 Mpa,0.115 Mpa,0.111 Mpa,0.113 Mpa,,0.116 Mpa,0.114 Mpa,0.115 Mpa,1.02 Mpa,0 Mpa,0.116 Mpa,0.117 Mpa,0.115 Mpa,0.118 Mpa,0 Mpa,0.124 Mpa,0.123 Mpa,0.123 Mpa,0.123 Mpa,0 Mpa,0.126 Mpa,0.127 Mpa,0.130 Mpa,0.125 Mpa,0 Mpa,0.110 Mpa,0.110 Mpa,0.109 Mpa,0.110 Mpa,0.0177 Mpa,0.126 Mpa,0.126 Mpa,0.128 Mpa,0.124 Mpa,0 Mpa,0.121 Mpa,0.121 Mpa,0.607 Mpa,0.122 Mpa,0 Mpa,1713 RPM
2026-08-28 22:00:00,0.119 Mpa,0.121 Mpa,0.120 Mpa,0.117 Mpa,0.00821 Mpa,0.119 Mpa,0.115 Mpa,0.118 Mpa,1.02 Mpa,0 Mpa,0.118 Mpa,0.115 Mpa,0.118 Mpa,0.114 Mpa,0 Mpa,0.117 Mpa,0.120 Mpa,0.117 Mpa,0.119 Mpa,,0.113 Mpa,0.111 Mpa,0.113 Mpa,1.02 Mpa,0 Mpa,0.112 Mpa,0.113 Mpa,0.111 Mpa,0.114 Mpa,0 Mpa,0.124 Mpa,0.123 Mpa,0.123 Mpa,0.123 Mpa,0.00393 Mpa,0.122 Mpa,0.123 Mpa,0.125 Mpa,0.121 Mpa,0.0138 Mpa,0.129 Mpa,0.133 Mpa,0.131 Mpa,0.132 Mpa,0 Mpa,0.125 Mpa,0.125 Mpa,0.127 Mpa,0.124 Mpa,0.00407 Mpa,0.118 Mpa,0.118 Mpa,0.799 Mpa,0.120 Mpa,0 Mpa,1636 RPM
2026-08-29 01:00:00,0.117 Mpa,0.119 Mpa,0.118 Mpa,0.115 Mpa,0 Mpa,0.117 Mpa,0.114 Mpa,0.117 Mpa,1.01 Mpa,0.0140 Mpa,0.120 Mpa,0.116 Mpa,0.120 Mpa,0.117 Mpa,0 Mpa,0.119 Mpa,0.122 Mpa,0.119 Mpa,0.121 Mpa,,0.115 Mpa,0.113 Mpa,0.114 Mpa,1.01 Mpa,0.00522 Mpa,0.110 Mpa,0.111 Mpa,0.109 Mpa,0.111 Mpa,0 Mpa,0.123 Mpa,0.120 Mpa,0.123 Mpa,0.122 Mpa,0.00559 Mpa,0.120 Mpa,0.120 Mpa,0.122 Mpa,0.119 Mpa,0 Mpa,0.125 Mpa,0.126 Mpa,0.127 Mpa,0.126 Mpa,0 Mpa,0.123 Mpa,0.123 Mpa,0.125 Mpa,0.122 Mpa,0.00282 Mpa,0.127 Mpa,0.127 Mpa,0.810 Mpa,0.128 Mpa,0.0166 Mpa,1569 RPM
2026-08-29 04:00:00,0.116 Mpa,0.118 Mpa,0.117 Mpa,0.114 Mpa,0 Mpa,0.118 Mpa,0.115 Mpa,0.118 Mpa,1.01 Mpa,0.00565 Mpa,0.124 Mpa,0.120 Mpa,0.123 Mpa,0.120 Mpa,0 Mpa,0.118 Mpa,0.121 Mpa,0.118 Mpa,0.120 Mpa,,0.110 Mpa,0.108 Mpa,0.107 Mpa,1.02 Mpa,0 Mpa,0.120 Mpa,0.120 Mpa,0.118 Mpa,0.120 Mpa,0 Mpa,0.116 Mpa,0.114 Mpa,0.115 Mpa,0.116 Mpa,0.00386 Mpa,0.113 Mpa,0.113 Mpa,0.113 Mpa,0.111 Mpa,0 Mpa,0.127 Mpa,0.130 Mpa,0.129 Mpa,0.129 Mpa,0.00446 Mpa,0.124 Mpa,0.124 Mpa,0.126 Mpa,0.123 Mpa,0.00415 Mpa,0.130 Mpa,0.130 Mpa,0.766 Mpa,0.131 Mpa,0.00454 Mpa,1522 RPM
2026-08-29 07:00:00,0.119 Mpa,0.120 Mpa,0.120 Mpa,0.116 Mpa,0 Mpa,0.121 Mpa,0.118 Mpa,0.120 Mpa,1.02 Mpa,0 Mpa,0.126 Mpa,0.123 Mpa,0.126 Mpa,0.122 Mpa,0 Mpa,0.119 Mpa,0.121 Mpa,0.119 Mpa,0.120 Mpa,,0.112 Mpa,0.111 Mpa,0.110 Mpa,1.02 Mpa,0 Mpa,0.120 Mpa,0.120 Mpa,0.118 Mpa,0.121 Mpa,0 Mpa,0.130 Mpa,0.126 Mpa,0.130 Mpa,0.129 Mpa,0 Mpa,0.132 Mpa,0.133 Mpa,0.135 Mpa,0.131 Mpa,0 Mpa,0.125 Mpa,0.128 Mpa,0.127 Mpa,0.127 Mpa,0 Mpa,0.128 Mpa,0.127 Mpa,0.130 Mpa,0.126 Mpa,0 Mpa,0.127 Mpa,0.127 Mpa,0.681 Mpa,0.128 Mpa,0 Mpa,1785 RPM
2026-08-29 10:00:00,0.119 Mpa,0.121 Mpa,0.120 Mpa,0.116 Mpa,0 Mpa,0.118 Mpa,0.116 Mpa,0.118 Mpa,1.02 Mpa,0 Mpa,0.122 Mpa,0.119 Mpa,0.122 Mpa,0.119 Mpa,0 Mpa,0.120 Mpa,0.123 Mpa,0.120 Mpa,0.122 Mpa,,0.113 Mpa,0.113 Mpa,0.113 Mpa,1.01 Mpa,0.00630 Mpa,0.121 Mpa,0.120 Mpa,0.119 Mpa,0.122 Mpa,0 Mpa,0.128 Mpa,0.119 Mpa,0.127 Mpa,0.126 Mpa,0.00415 Mpa,0.129 Mpa,0.130 Mpa,0.134 Mpa,0.129 Mpa,0.00506 Mpa,0.124 Mpa,0.128 Mpa,0.126 Mpa,0.127 Mpa,0 Mpa,0.125 Mpa,0.124 Mpa,0.126 Mpa,0.124 Mpa,0 Mpa,0.124 Mpa,0.124 Mpa,0.803 Mpa,0.126 Mpa,0 Mpa,1702 RPM
2026-08-29 13:00:00,0.118 Mpa,0.120 Mpa,0.119 Mpa,0.116 Mpa,0 Mpa,0.115 Mpa,0.112 Mpa,0.115 Mpa,1.00 Mpa,0.0261 Mpa,0.121 Mpa,0.118 Mpa,0.121 Mpa,0.118 Mpa,0 Mpa,0.116 Mpa,0.120 Mpa,0.116 Mpa,0.118 Mpa,,0.113 Mpa,0.111 Mpa,0.112 Mpa,1.02 Mpa,0 Mpa,0.115 Mpa,0.115 Mpa,0.113 Mpa,0.116 Mpa,0.0144 Mpa,0.133 Mpa,0.0697 Mpa,0.132 Mpa,0.131 Mpa,0 Mpa,0.119 Mpa,0.121 Mpa,0.122 Mpa,0.119 Mpa,0 Mpa,0.121 Mpa,0.125 Mpa,0.122 Mpa,0.124 Mpa,0 Mpa,0.119 Mpa,0.118 Mpa,0.120 Mpa,0.118 Mpa,0 Mpa,0.125 Mpa,0.124 Mpa,0.702 Mpa,0.126 Mpa,0 Mpa,1653 RPM
2026-08-29 16:00:00,0.113 Mpa,0.116 Mpa,0.114 Mpa,0.111 Mpa,0.00605 Mpa,0.105 Mpa,0.105 Mpa,0.106 Mpa,1.00 Mpa,0.0256 Mpa,0.118 Mpa,0.115 Mpa,0.118 Mpa,0.115 Mpa,0 Mpa,0.115 Mpa,0.119 Mpa,0.115 Mpa,0.118 Mpa,,0.115 Mpa,0.113 Mpa,0.114 Mpa,1.02 Mpa,0 Mpa,0.119 Mpa,0.119 Mpa,0.118 Mpa,0.120 Mpa,0 Mpa,0.129 Mpa,0.0650 Mpa,0.128 Mpa,0.128 Mpa,0 Mpa,0.123 Mpa,0.125 Mpa,0.126 Mpa,0.123 Mpa,0 Mpa,0.126 Mpa,0.130 Mpa,0.128 Mpa,0.129 Mpa,0.00415 Mpa,0.119 Mpa,0.119 Mpa,0.121 Mpa,0.118 Mpa,0.00406 Mpa,0.121 Mpa,0.122 Mpa,0.764 Mpa,0.123 Mpa,0 Mpa,1618 RPM
2026-08-29 19:00:00,0.120 Mpa,0.123 Mpa,0.122 Mpa,0.118 Mpa,0 Mpa,0.128 Mpa,0.128 Mpa,0.128 Mpa,0.957 Mpa,0.113 Mpa,0.122 Mpa,0.119 Mpa,0.122 Mpa,0.119 Mpa,0 Mpa,0.123 Mpa,0.127 Mpa,0.123 Mpa,0.125 Mpa,,0.118 Mpa,0.116 Mpa,0.118 Mpa,1.01 Mpa,0.00953 Mpa,0.116 Mpa,0.116 Mpa,0.114 Mpa,0.116 Mpa,0 Mpa,0.126 Mpa,0.0788 Mpa,0.125 Mpa,0.124 Mpa,0 Mpa,0.122 Mpa,0.124 Mpa,0.125 Mpa,0.122 Mpa,0 Mpa,0.123 Mpa,0.126 Mpa,0.124 Mpa,0.126 Mpa,0 Mpa,0.122 Mpa,0.122 Mpa,0.124 Mpa,0.121 Mpa,0 Mpa,0.127 Mpa,0.127 Mpa,0.840 Mpa,0.129 Mpa,0.0116 Mpa,1712 RPM
2026-08-29 22:00:00,0.116 Mpa,0.118 Mpa,0.117 Mpa,0.113 Mpa,0.00823 Mpa,0.124 Mpa,0.123 Mpa,0.125 Mpa,1.02 Mpa,0 Mpa,0.125 Mpa,0.122 Mpa,0.125 Mpa,0.122 Mpa,0 Mpa,0.118 Mpa,0.122 Mpa,0.118 Mpa,0.120 Mpa,,0.117 Mpa,0.115 Mpa,0.117 Mpa,1.00 Mpa,0.0162 Mpa,0.115 Mpa,0.114 Mpa,0.113 Mpa,0.116 Mpa,0 Mpa,0.130 Mpa,0.0826 Mpa,0.128 Mpa,0.129 Mpa,0 Mpa,0.130 Mpa,0.131 Mpa,0.132 Mpa,0.129 Mpa,0.00490 Mpa,0.120 Mpa,0.123 Mpa,0.121 Mpa,0.122 Mpa,0 Mpa,0.121 Mpa,0.120 Mpa,0.123 Mpa,0.119 Mpa,0 Mpa,0.127 Mpa,0.127 Mpa,0.855 Mpa,0.128 Mpa,0 Mpa,1654 RPM
2026-08-30 01:00:00,0.112 Mpa,0.114 Mpa,0.113 Mpa,0.111 Mpa,0 Mpa,0.126 Mpa,0.123 Mpa,0.126 Mpa,1.02 Mpa,0 Mpa,0.122 Mpa,0.119 Mpa,0.122 Mpa,0.118 Mpa,0.00643 Mpa,0.119 Mpa,0.122 Mpa,0.120 Mpa,0.121 Mpa,,0.120 Mpa,0.118 Mpa,0.119 Mpa,1.02 Mpa,0 Mpa,0.115 Mpa,0.115 Mpa,0.113 Mpa,0.116 Mpa,0 Mpa,0.123 Mpa,0.0897 Mpa,0.122 Mpa,0.122 Mpa,0 Mpa,0.124 Mpa,0.125 Mpa,0.126 Mpa,0.123 Mpa,0 Mpa,0.123 Mpa,0.127 Mpa,0.125 Mpa,0.126 Mpa,0 Mpa,0.116 Mpa,0.116 Mpa,0.118 Mpa,0.115 Mpa,0.00829 Mpa,0.128 Mpa,0.128 Mpa,0.781 Mpa,0.130 Mpa,0.0145 Mpa,1639 RPM
2026-08-30 04:00:00,0.109 Mpa,0.112 Mpa,0.109 Mpa,0.108 Mpa,0 Mpa,0.122 Mpa,0.120 Mpa,0.122 Mpa,1.01 Mpa,0.00346 Mpa,0.124 Mpa,0.120 Mpa,0.123 Mpa,0.120 Mpa,0 Mpa,0.120 Mpa,0.122 Mpa,0.120 Mpa,0.121 Mpa,,0.119 Mpa,0.117 Mpa,0.118 Mpa,1.02 Mpa,0 Mpa,0.117 Mpa,0.118 Mpa,0.116 Mpa,0.119 Mpa,0 Mpa,0.128 Mpa,0.0907 Mpa,0.127 Mpa,0.127 Mpa,0 Mpa,0.125 Mpa,0.126 Mpa,0.129 Mpa,0.125 Mpa,0 Mpa,0.125 Mpa,0.128 Mpa,0.127 Mpa,0.128 Mpa,0 Mpa,0.121 Mpa,0.120 Mpa,0.123 Mpa,0.120 Mpa,0.00434 Mpa,0.126 Mpa,0.126 Mpa,0.830 Mpa,0.128 Mpa,0 Mpa,1681 RPM
2026-08-30 07:00:00,0.121 Mpa,0.124 Mpa,0.123 Mpa,0.120 Mpa,0 Mpa,0.124 Mpa,0.120 Mpa,0.124 Mpa,1.02 Mpa,0 Mpa,0.124 Mpa,0.121 Mpa,0.124 Mpa,0.121 Mpa,0 Mpa,0.119 Mpa,0.122 Mpa,0.119 Mpa,0.121 Mpa,,0.120 Mpa,0.118 Mpa,0.120 Mpa,1.02 Mpa,0 Mpa,0.121 Mpa,0.121 Mpa,0.120 Mpa,0.122 Mpa,0 Mpa,0.130 Mpa,0.0343 Mpa,0.128 Mpa,0.127 Mpa,0 Mpa,0.128 Mpa,0.129 Mpa,0.132 Mpa,0.128 Mpa,0 Mpa,0.125 Mpa,0.129 Mpa,0.127 Mpa,0.128 Mpa,0 Mpa,0.122 Mpa,0.121 Mpa,0.123 Mpa,0.121 Mpa,0 Mpa,0.125 Mpa,0.126 Mpa,0.827 Mpa,0.127 Mpa,0 Mpa,1797 RPM
2026-08-30 10:00:00,0.123 Mpa,0.126 Mpa,0.125 Mpa,0.122 Mpa,0 Mpa,0.118 Mpa,0.115 Mpa,0.118 Mpa,1.02 Mpa,0 Mpa,0.113 Mpa,0.111 Mpa,0.113 Mpa,0.110 Mpa,0 Mpa,0.119 Mpa,0.123 Mpa,0.119 Mpa,0.121 Mpa,,0.119 Mpa,0.117 Mpa,0.118 Mpa,1.02 Mpa,0 Mpa,0.120 Mpa,0.119 Mpa,0.118 Mpa,0.121 Mpa,0.00632 Mpa,0.128 Mpa,0.0789 Mpa,0.126 Mpa,0.126 Mpa,0.0131 Mpa,0.128 Mpa,0.129 Mpa,0.132 Mpa,0.128 Mpa,0 Mpa,0.127 Mpa,0.131 Mpa,0.129 Mpa,0.130 Mpa,0 Mpa,0.121 Mpa,0.121 Mpa,0.123 Mpa,0.120 Mpa,0 Mpa,0.119 Mpa,0.120 Mpa,0.848 Mpa,0.122 Mpa,0 Mpa,1715 RPM
2026-08-30 13:00:00,0.121 Mpa,0.124 Mpa,0.122 Mpa,0.118 Mpa,0.0376 Mpa,0.112 Mpa,0.111 Mpa,0.113 Mpa,0.989 Mpa,0.0623 Mpa,0.118 Mpa,0.116 Mpa,0.119 Mpa,0.116 Mpa,0 Mpa,0.118 Mpa,0.121 Mpa,0.119 Mpa,0.120 Mpa,,0.117 Mpa,0.115 Mpa,0.116 Mpa,1.02 Mpa,0 Mpa,0.109 Mpa,0.109 Mpa,0.107 Mpa,0.110 Mpa,0.154 Mpa,0.126 Mpa,0.150 Mpa,0.125 Mpa,0.125 Mpa,0.00498 Mpa,0.124 Mpa,0.125 Mpa,0.126 Mpa,0.123 Mpa,0 Mpa,0.125 Mpa,0.128 Mpa,0.127 Mpa,0.128 Mpa,0 Mpa,0.114 Mpa,0.114 Mpa,0.116 Mpa,0.113 Mpa,0 Mpa,0.125 Mpa,0.126 Mpa,0.670 Mpa,0.127 Mpa,0 Mpa,1627 RPM
2026-08-30 16:00:00,0.109 Mpa,0.111 Mpa,0.109 Mpa,0.106 Mpa,0.00493 Mpa,,,,,,0.121 Mpa,0.118 Mpa,0.121 Mpa,0.117 Mpa,0 Mpa,0.121 Mpa,0.124 Mpa,0.121 Mpa,0.123 Mpa,,0.117 Mpa,0.115 Mpa,0.117 Mpa,1.02 Mpa,0 Mpa,0.117 Mpa,0.117 Mpa,0.116 Mpa,0.118 Mpa,0 Mpa,0.125 Mpa,0.0938 Mpa,0.124 Mpa,0.123 Mpa,0 Mpa,0.117 Mpa,0.118 Mpa,0.118 Mpa,0.116 Mpa,0 Mpa,0.117 Mpa,0.119 Mpa,0.118 Mpa,0.120 Mpa,0.00447 Mpa,0.113 Mpa,0.113 Mpa,0.115 Mpa,0.112 Mpa,0.00391 Mpa,0.124 Mpa,0.125 Mpa,0.740 Mpa,0.126 Mpa,0.00474 Mpa,1615 RPM
2026-08-30 19:00:00,0.120 Mpa,0.122 Mpa,0.121 Mpa,0.117 Mpa,0 Mpa,,,,,,0.118 Mpa,0.116 Mpa,0.119 Mpa,0.116 Mpa,0 Mpa,0.124 Mpa,0.128 Mpa,0.124 Mpa,0.125 Mpa,,0.122 Mpa,0.119 Mpa,0.121 Mpa,1.02 Mpa,0 Mpa,0.115 Mpa,0.115 Mpa,0.114 Mpa,0.116 Mpa,0 Mpa,0.125 Mpa,0.123 Mpa,0.125 Mpa,0.124 Mpa,0 Mpa,0.124 Mpa,0.124 Mpa,0.126 Mpa,0.123 Mpa,0 Mpa,0.123 Mpa,0.126 Mpa,0.125 Mpa,0.126 Mpa,0 Mpa,0.122 Mpa,0.121 Mpa,0.123 Mpa,0.121 Mpa,0 Mpa,0.122 Mpa,0.122 Mpa,0.730 Mpa,0.123 Mpa,0 Mpa,1723 RPM
2026-08-30 22:00:00,0.120 Mpa,0.122 Mpa,0.121 Mpa,0.116 Mpa,0 Mpa,0.115 Mpa,0.115 Mpa,0.115 Mpa,1.02 Mpa,0 Mpa,0.123 Mpa,0.120 Mpa,0.123 Mpa,0.120 Mpa,0 Mpa,0.121 Mpa,0.124 Mpa,0.121 Mpa,0.123 Mpa,,0.121 Mpa,0.119 Mpa,0.121 Mpa,1.02 Mpa,0 Mpa,0.109 Mpa,0.109 Mpa,0.107 Mpa,0.110 Mpa,0.00282 Mpa,0.129 Mpa,0.121 Mpa,0.127 Mpa,0.127 Mpa,0 Mpa,0.123 Mpa,0.124 Mpa,0.125 Mpa,0.122 Mpa,0 Mpa,0.121 Mpa,0.123 Mpa,0.123 Mpa,0.123 Mpa,0 Mpa,0.118 Mpa,0.118 Mpa,0.120 Mpa,0.118 Mpa,0 Mpa,0.123 Mpa,0.123 Mpa,0.873 Mpa,0.124 Mpa,0.00354 Mpa,1611 RPM
2026-08-31 01:00:00,0.121 Mpa,0.123 Mpa,0.123 Mpa,0.118 Mpa,0.0147 Mpa,0.118 Mpa,0.118 Mpa,0.119 Mpa,0.985 Mpa,0.00751 Mpa,0.116 Mpa,0.113 Mpa,0.115 Mpa,0.112 Mpa,0.0155 Mpa,0.116 Mpa,0.118 Mpa,0.116 Mpa,0.117 Mpa,,0.114 Mpa,0.113 Mpa,0.113 Mpa,1.01 Mpa,0.00597 Mpa,0.111 Mpa,0.111 Mpa,0.110 Mpa,0.112 Mpa,0 Mpa,0.127 Mpa,0.120 Mpa,0.126 Mpa,0.126 Mpa,0 Mpa,0.129 Mpa,0.130 Mpa,0.131 Mpa,0.128 Mpa,0 Mpa,0.122 Mpa,0.124 Mpa,0.123 Mpa,0.124 Mpa,0 Mpa,0.117 Mpa,0.116 Mpa,0.119 Mpa,0.116 Mpa,0.0108 Mpa,0.124 Mpa,0.123 Mpa,0.891 Mpa,0.125 Mpa,0 Mpa,1548 RPM
2026-08-31 04:00:00,0.116 Mpa,0.117 Mpa,0.117 Mpa,0.112 Mpa,0 Mpa,,,,,,0.120 Mpa,0.117 Mpa,0.120 Mpa,0.117 Mpa,0 Mpa,0.121 Mpa,0.125 Mpa,0.121 Mpa,0.123 Mpa,,0.118 Mpa,0.116 Mpa,0.117 Mpa,1.02 Mpa,0 Mpa,0.115 Mpa,0.116 Mpa,0.114 Mpa,0.116 Mpa,0 Mpa,0.126 Mpa,0.121 Mpa,0.125 Mpa,0.125 Mpa,0 Mpa,0.125 Mpa,0.126 Mpa,0.128 Mpa,0.124 Mpa,0 Mpa,0.121 Mpa,0.124 Mpa,0.122 Mpa,0.124 Mpa,0 Mpa,0.122 Mpa,0.122 Mpa,0.124 Mpa,0.122 Mpa,0.00406 Mpa,0.122 Mpa,0.123 Mpa,0.889 Mpa,0.124 Mpa,0 Mpa,1676 RPM
2026-08-31 07:00:00,0.127 Mpa,0.130 Mpa,0.129 Mpa,0.123 Mpa,0 Mpa,0.104 Mpa,0.104 Mpa,0.104 Mpa,0.464 Mpa,0 Mpa,0.123 Mpa,0.120 Mpa,0.123 Mpa,0.120 Mpa,0 Mpa,0.121 Mpa,0.126 Mpa,0.121 Mpa,0.123 Mpa,,0.120 Mpa,0.118 Mpa,0.120 Mpa,1.02 Mpa,0 Mpa,0.116 Mpa,0.116 Mpa,0.114 Mpa,0.118 Mpa,0 Mpa,0.132 Mpa,0.0868 Mpa,0.132 Mpa,0.130 Mpa,0.00378 Mpa,0.126 Mpa,0.127 Mpa,0.129 Mpa,0.125 Mpa,0 Mpa,0.122 Mpa,0.125 Mpa,0.124 Mpa,0.124 Mpa,0 Mpa,0.119 Mpa,0.118 Mpa,0.120 Mpa,0.118 Mpa,0 Mpa,0.123 Mpa,0.124 Mpa,0.766 Mpa,0.126 Mpa,0 Mpa,1760 RPM
2026-08-31 10:00:00,0.120 Mpa,0.122 Mpa,0.121 Mpa,0.115 Mpa,0 Mpa,0.119 Mpa,0.118 Mpa,0.119 Mpa,0.408 Mpa,0.0476 Mpa,0.121 Mpa,0.118 Mpa,0.121 Mpa,0.118 Mpa,0 Mpa,0.122 Mpa,0.126 Mpa,0.122 Mpa,0.124 Mpa,,0.120 Mpa,0.118 Mpa,0.120 Mpa,1.01 Mpa,0.00735 Mpa,0.121 Mpa,0.120 Mpa,0.119 Mpa,0.121 Mpa,0 Mpa,0.132 Mpa,0.0642 Mpa,0.131 Mpa,0.130 Mpa,0 Mpa,0.128 Mpa,0.129 Mpa,0.132 Mpa,0.127 Mpa,0 Mpa,0.123 Mpa,0.127 Mpa,0.126 Mpa,0.127 Mpa,0 Mpa,0.118 Mpa,0.117 Mpa,0.119 Mpa,0.117 Mpa,0.00110 Mpa,0.121 Mpa,0.122 Mpa,0.807 Mpa,0.123 Mpa,0 Mpa,1719 RPM
2026-08-31 13:00:00,0.125 Mpa,0.127 Mpa,0.127 Mpa,0.120 Mpa,0.00543 Mpa,,,,,,0.123 Mpa,0.120 Mpa,0.123 Mpa,0.119 Mpa,0 Mpa,0.116 Mpa,0.119 Mpa,0.117 Mpa,0.118 Mpa,,0.112 Mpa,0.110 Mpa,0.111 Mpa,1.02 Mpa,0 Mpa,0.119 Mpa,0.120 Mpa,0.118 Mpa,0.121 Mpa,0.00650 Mpa,0.132 Mpa,0.0558 Mpa,0.130 Mpa,0.130 Mpa,0 Mpa,0.126 Mpa,0.127 Mpa,0.129 Mpa,0.126 Mpa,0 Mpa,0.123 Mpa,0.127 Mpa,0.125 Mpa,0.125 Mpa,0 Mpa,0.117 Mpa,0.116 Mpa,0.119 Mpa,0.116 Mpa,0.0153 Mpa,0.123 Mpa,0.124 Mpa,0.800 Mpa,0.126 Mpa,0.00193 Mpa,1666 RPM
2026-08-31 16:00:00,0.121 Mpa,0.123 Mpa,0.122 Mpa,0.117 Mpa,0 Mpa,,,,,,0.119 Mpa,0.115 Mpa,0.118 Mpa,0.115 Mpa,0 Mpa,0.121 Mpa,0.125 Mpa,0.121 Mpa,0.124 Mpa,,0.112 Mpa,0.111 Mpa,0.111 Mpa,1.01 Mpa,0.0131 Mpa,0.121 Mpa,0.121 Mpa,0.119 Mpa,0.122 Mpa,0 Mpa,0.130 Mpa,0.0788 Mpa,0.130 Mpa,0.129 Mpa,0.00373 Mpa,0.126 Mpa,0.127 Mpa,0.130 Mpa,0.126 Mpa,0 Mpa,0.120 Mpa,0.124 Mpa,0.122 Mpa,0.122 Mpa,0 Mpa,0.115 Mpa,0.114 Mpa,0.116 Mpa,0.114 Mpa,0.00405 Mpa,0.120 Mpa,0.121 Mpa,0.846 Mpa,0.123 Mpa,0.0126 Mpa,1623 RPM
2026-08-31 19:00:00,0.128 Mpa,0.130 Mpa,0.129 Mpa,0.124 Mpa,0 Mpa,0.103 Mpa,0.103 Mpa,0.104 Mpa,0.258 Mpa,0.164 Mpa,0.119 Mpa,0.116 Mpa,0.119 Mpa,0.116 Mpa,0 Mpa,0.121 Mpa,0.125 Mpa,0.120 Mpa,0.124 Mpa,,0.108 Mpa,0.107 Mpa,0.107 Mpa,0.989 Mpa,0 Mpa,0.124 Mpa,0.124 Mpa,0.123 Mpa,0.125 Mpa,0 Mpa,0.129 Mpa,0.121 Mpa,0.129 Mpa,0.128 Mpa,0 Mpa,0.125 Mpa,0.126 Mpa,0.127 Mpa,0.125 Mpa,0 Mpa,0.125 Mpa,0.129 Mpa,0.127 Mpa,0.128 Mpa,0.00493 Mpa,0.119 Mpa,0.119 Mpa,0.121 Mpa,0.119 Mpa,0 Mpa,0.124 Mpa,0.125 Mpa,0.880 Mpa,0.126 Mpa,0 Mpa,1638 RPM
2026-08-31 22:00:00,0.114 Mpa,0.115 Mpa,0.115 Mpa,0.113 Mpa,0.0145 Mpa,,,,,,0.118 Mpa,0.116 Mpa,0.118 Mpa,0.115 Mpa,0.00812 Mpa,0.100 Mpa,0.100 Mpa,0.100 Mpa,0.100 Mpa,,0.118 Mpa,0.117 Mpa,0.118 Mpa,1.00 Mpa,0.00906 Mpa,0.100 Mpa,0.100 Mpa,0.0960 Mpa,0.100 Mpa,0.327 Mpa,0.131 Mpa,0.129 Mpa,0.129 Mpa,0.129 Mpa,0.0658 Mpa,0.129 Mpa,0.129 Mpa,0.132 Mpa,0.128 Mpa,0.00684 Mpa,0.110 Mpa,0.111 Mpa,0.110 Mpa,0.111 Mpa,0 Mpa,0.113 Mpa,0.112 Mpa,0.114 Mpa,0.112 Mpa,0 Mpa,0.121 Mpa,0.122 Mpa,0.884 Mpa,0.123 Mpa,0.00601 Mpa,1365 RPM
2026-09-01 01:00:00,0.114 Mpa,0.115 Mpa,0.115 Mpa,0.114 Mpa,0 Mpa,,,,,,,,,,,0.1000 Mpa,0.1000 Mpa,0.1000 Mpa,0.1000 Mpa,,0.100 Mpa,0.100 Mpa,0.100 Mpa,1.02 Mpa,0 Mpa,,,,,,0.120 Mpa,0.119 Mpa,0.120 Mpa,0.119 Mpa,1 Mpa,0.121 Mpa,0.122 Mpa,0.122 Mpa,0.120 Mpa,0.0384 Mpa,0.105 Mpa,0.106 Mpa,0.106 Mpa,0.107 Mpa,0 Mpa,0.122 Mpa,0.122 Mpa,0.124 Mpa,0.122 Mpa,0.00400 Mpa,0.116 Mpa,0.117 Mpa,0.947 Mpa,0.117 Mpa,0.0299 Mpa,1153 RPM
2026-09-01 04:00:00,0.112 Mpa,0.114 Mpa,0.112 Mpa,0.111 Mpa,0.0142 Mpa,,,,,,0.122 Mpa,0.119 Mpa,0.122 Mpa,0.119 Mpa,0 Mpa,0.111 Mpa,0.113 Mpa,0.111 Mpa,0.113 Mpa,,0.101 Mpa,0.101 Mpa,0.101 Mpa,1.02 Mpa,0 Mpa,0.109 Mpa,0.109 Mpa,0.108 Mpa,0.109 Mpa,0 Mpa,0.117 Mpa,0.117 Mpa,0.117 Mpa,0.117 Mpa,0.912 Mpa,0.120 Mpa,0.123 Mpa,0.122 Mpa,0.120 Mpa,0.0418 Mpa,0.129 Mpa,0.132 Mpa,0.131 Mpa,0.131 Mpa,0.00462 Mpa,0.123 Mpa,0.122 Mpa,0.125 Mpa,0.122 Mpa,0.00421 Mpa,0.126 Mpa,0.127 Mpa,0.893 Mpa,0.128 Mpa,0 Mpa,1353 RPM
2026-09-01 07:00:00,0.124 Mpa,0.126 Mpa,0.125 Mpa,0.125 Mpa,0 Mpa,,,,,,0.125 Mpa,0.121 Mpa,0.125 Mpa,0.121 Mpa,0 Mpa,0.129 Mpa,0.132 Mpa,0.128 Mpa,0.132 Mpa,,0.118 Mpa,0.115 Mpa,0.117 Mpa,1.02 Mpa,0 Mpa,0.117 Mpa,0.118 Mpa,0.116 Mpa,0.119 Mpa,0.00466 Mpa,0.119 Mpa,0.119 Mpa,0.118 Mpa,0.119 Mpa,0.0121 Mpa,0.122 Mpa,0.123 Mpa,0.124 Mpa,0.121 Mpa,0 Mpa,0.127 Mpa,0.130 Mpa,0.129 Mpa,0.130 Mpa,0 Mpa,0.124 Mpa,0.124 Mpa,0.126 Mpa,0.123 Mpa,0 Mpa,0.127 Mpa,0.128 Mpa,0.872 Mpa,0.129 Mpa,0.00474 Mpa,1677 RPM
2026-09-01 10:00:00,0.136 Mpa,0.138 Mpa,0.137 Mpa,0.137 Mpa,0 Mpa,,,,,,0.121 Mpa,0.119 Mpa,0.121 Mpa,0.119 Mpa,0 Mpa,0.127 Mpa,0.131 Mpa,0.127 Mpa,0.129 Mpa,,0.119 Mpa,0.117 Mpa,0.118 Mpa,1.02 Mpa,0 Mpa,0.104 Mpa,0.104 Mpa,0.100 Mpa,0.104 Mpa,0.140 Mpa,0.128 Mpa,0.120 Mpa,0.127 Mpa,0.127 Mpa,0 Mpa,0.128 Mpa,0.129 Mpa,0.131 Mpa,0.128 Mpa,0.00397 Mpa,0.125 Mpa,0.129 Mpa,0.127 Mpa,0.128 Mpa,0 Mpa,0.126 Mpa,0.125 Mpa,0.129 Mpa,0.125 Mpa,0 Mpa,0.126 Mpa,0.127 Mpa,0.838 Mpa,0.128 Mpa,0 Mpa,1712 RPM
2026-09-01 13:00:00,0.127 Mpa,0.130 Mpa,0.129 Mpa,0.129 Mpa,0 Mpa,,,,,,0.122 Mpa,0.119 Mpa,0.121 Mpa,0.119 Mpa,0 Mpa,0.124 Mpa,0.128 Mpa,0.124 Mpa,0.126 Mpa,,0.117 Mpa,0.115 Mpa,0.117 Mpa,1.02 Mpa,0 Mpa,,,,,,0.125 Mpa,0.112 Mpa,0.125 Mpa,0.124 Mpa,0 Mpa,0.129 Mpa,0.130 Mpa,0.133 Mpa,0.129 Mpa,0 Mpa,0.126 Mpa,0.129 Mpa,0.128 Mpa,0.128 Mpa,0 Mpa,0.122 Mpa,0.122 Mpa,0.125 Mpa,0.121 Mpa,0 Mpa,0.125 Mpa,0.125 Mpa,0.727 Mpa,0.127 Mpa,0 Mpa,1735 RPM
2026-09-01 16:00:00,0.120 Mpa,0.122 Mpa,0.121 Mpa,0.120 Mpa,0 Mpa,,,,,,0.124 Mpa,0.120 Mpa,0.124 Mpa,0.120 Mpa,0.00873 Mpa,0.116 Mpa,0.119 Mpa,0.116 Mpa,0.118 Mpa,,0.118 Mpa,0.116 Mpa,0.117 Mpa,1.02 Mpa,0 Mpa,,,,,,0.126 Mpa,0.0861 Mpa,0.125 Mpa,0.124 Mpa,0.0136 Mpa,0.119 Mpa,0.120 Mpa,0.122 Mpa,0.119 Mpa,0.00844 Mpa,0.107 Mpa,0.108 Mpa,0.107 Mpa,0.108 Mpa,0.00422 Mpa,0.104 Mpa,0.103 Mpa,0.105 Mpa,0.103 Mpa,0.0103 Mpa,0.108 Mpa,0.108 Mpa,0.892 Mpa,0.109 Mpa,0.00979 Mpa,1427 RPM
2026-09-01 19:00:00,0.105 Mpa,0.107 Mpa,0.106 Mpa,0.104 Mpa,0.00818 Mpa,,,,,,0.121 Mpa,0.118 Mpa,0.121 Mpa,0.118 Mpa,0.00475 Mpa,0.105 Mpa,0.107 Mpa,0.105 Mpa,0.107 Mpa,,0.110 Mpa,0.107 Mpa,0.108 Mpa,1.02 Mpa,0 Mpa,,,,,,,,,,,0.100 Mpa,0.102 Mpa,0.100 Mpa,0.101 Mpa,0 Mpa,0.108 Mpa,0.109 Mpa,0.108 Mpa,0.112 Mpa,0 Mpa,,,,,,0.122 Mpa,0.121 Mpa,0.940 Mpa,0.122 Mpa,0.0108 Mpa,1058 RPM
2026-09-01 22:00:00,0.126 Mpa,0.128 Mpa,0.127 Mpa,0.127 Mpa,0.00559 Mpa,,,,,,0.105 Mpa,0.104 Mpa,0.105 Mpa,0.104 Mpa,0.143 Mpa,0.105 Mpa,0.107 Mpa,0.105 Mpa,0.106 Mpa,,0.112 Mpa,0.110 Mpa,0.111 Mpa,1.02 Mpa,0 Mpa,,,,,,,,,,,0.122 Mpa,0.123 Mpa,0.124 Mpa,0.122 Mpa,0 Mpa,0.109 Mpa,0.109 Mpa,0.109 Mpa,0.112 Mpa,0 Mpa,,,,,,0.120 Mpa,0.119 Mpa,0.864 Mpa,0.120 Mpa,0 Mpa,948 RPM
2026-09-02 01:00:00,0.132 Mpa,0.134 Mpa,0.134 Mpa,0.133 Mpa,0 Mpa,,,,,,0.121 Mpa,0.119 Mpa,0.121 Mpa,0.118 Mpa,0 Mpa,0.123 Mpa,0.126 Mpa,0.123 Mpa,0.125 Mpa,,0.117 Mpa,0.115 Mpa,0.116 Mpa,1.02 Mpa,0 Mpa,,,,,,,,,,,0.127 Mpa,0.128 Mpa,0.129 Mpa,0.126 Mpa,0.0170 Mpa,0.134 Mpa,0.136 Mpa,0.135 Mpa,0.136 Mpa,0 Mpa,0.121 Mpa,0.120 Mpa,0.122 Mpa,0.120 Mpa,0.0296 Mpa,0.123 Mpa,0.123 Mpa,0.963 Mpa,0.123 Mpa,0.00380 Mpa,1601 RPM
2026-09-02 04:00:00,0.127 Mpa,0.128 Mpa,0.128 Mpa,0.126 Mpa,0 Mpa,,,,,,0.117 Mpa,0.115 Mpa,0.117 Mpa,0.114 Mpa,0 Mpa,0.120 Mpa,0.123 Mpa,0.120 Mpa,0.122 Mpa,,0.119 Mpa,0.118 Mpa,0.119 Mpa,1.02 Mpa,0 Mpa,0.105 Mpa,0.106 Mpa,0.103 Mpa,0.106 Mpa,0.181 Mpa,,,,,,0.124 Mpa,0.124 Mpa,0.126 Mpa,0.123 Mpa,0 Mpa,0.116 Mpa,0.117 Mpa,0.116 Mpa,0.118 Mpa,0.00514 Mpa,0.120 Mpa,0.120 Mpa,0.121 Mpa,0.120 Mpa,0.00522 Mpa,0.128 Mpa,0.128 Mpa,0.883 Mpa,0.129 Mpa,0 Mpa,1578 RPM
2026-09-02 07:00:00,0.125 Mpa,0.127 Mpa,0.125 Mpa,0.125 Mpa,0 Mpa,,,,,,0.121 Mpa,0.118 Mpa,0.121 Mpa,0.117 Mpa,0 Mpa,0.121 Mpa,0.124 Mpa,0.121 Mpa,0.123 Mpa,,0.118 Mpa,0.116 Mpa,0.117 Mpa,1.02 Mpa,0 Mpa,,,,,,,,,,,0.123 Mpa,0.124 Mpa,0.126 Mpa,0.122 Mpa,0 Mpa,0.128 Mpa,0.130 Mpa,0.129 Mpa,0.129 Mpa,0 Mpa,0.130 Mpa,0.128 Mpa,0.131 Mpa,0.128 Mpa,0 Mpa,0.123 Mpa,0.123 Mpa,0.901 Mpa,0.124 Mpa,0 Mpa,1730 RPM
2026-09-02 10:00:00,0.128 Mpa,0.130 Mpa,0.130 Mpa,0.128 Mpa,0.00691 Mpa,,,,,,0.123 Mpa,0.120 Mpa,0.123 Mpa,0.120 Mpa,0 Mpa,0.121 Mpa,0.125 Mpa,0.122 Mpa,0.123 Mpa,,0.116 Mpa,0.115 Mpa,0.116 Mpa,1.02 Mpa,0 Mpa,0.115 Mpa,0.115 Mpa,0.113 Mpa,0.115 Mpa,0.0390 Mpa,0.117 Mpa,0.104 Mpa,0.117 Mpa,0.117 Mpa,0 Mpa,0.123 Mpa,0.124 Mpa,0.126 Mpa,0.123 Mpa,0 Mpa,0.132 Mpa,0.135 Mpa,0.135 Mpa,0.135 Mpa,0 Mpa,0.128 Mpa,0.127 Mpa,0.130 Mpa,0.126 Mpa,0 Mpa,0.120 Mpa,0.120 Mpa,0.885 Mpa,0.122 Mpa,0 Mpa,1720 RPM
2026-09-02 13:00:00,0.134 Mpa,0.136 Mpa,0.135 Mpa,0.135 Mpa,0 Mpa,0.112 Mpa,0.112 Mpa,0.112 Mpa,0.112 Mpa,0 Mpa,0.120 Mpa,0.118 Mpa,0.120 Mpa,0.119 Mpa,0 Mpa,0.120 Mpa,0.124 Mpa,0.120 Mpa,0.123 Mpa,,0.120 Mpa,0.117 Mpa,0.119 Mpa,1.02 Mpa,0 Mpa,0.119 Mpa,0.120 Mpa,0.118 Mpa,0.120 Mpa,0 Mpa,0.125 Mpa,0.0506 Mpa,0.124 Mpa,0.124 Mpa,0 Mpa,0.123 Mpa,0.124 Mpa,0.126 Mpa,0.122 Mpa,0.00581 Mpa,0.131 Mpa,0.135 Mpa,0.133 Mpa,0.134 Mpa,0 Mpa,0.127 Mpa,0.127 Mpa,0.129 Mpa,0.126 Mpa,0 Mpa,0.123 Mpa,0.122 Mpa,0.913 Mpa,0.123 Mpa,0 Mpa,1748 RPM
2026-09-02 16:00:00,0.123 Mpa,0.125 Mpa,0.123 Mpa,0.123 Mpa,0 Mpa,0.111 Mpa,0.111 Mpa,0.111 Mpa,0.111 Mpa,0.0359 Mpa,0.119 Mpa,0.115 Mpa,0.119 Mpa,0.115 Mpa,0 Mpa,0.117 Mpa,0.121 Mpa,0.117 Mpa,0.119 Mpa,,0.117 Mpa,0.115 Mpa,0.117 Mpa,1.02 Mpa,0 Mpa,0.117 Mpa,0.116 Mpa,0.115 Mpa,0.117 Mpa,0 Mpa,0.124 Mpa,0.429 Mpa,0.124 Mpa,0.123 Mpa,0 Mpa,0.124 Mpa,0.125 Mpa,0.127 Mpa,0.124 Mpa,0.00935 Mpa,0.124 Mpa,0.127 Mpa,0.126 Mpa,0.127 Mpa,0 Mpa,0.122 Mpa,0.121 Mpa,0.123 Mpa,0.120 Mpa,0.00395 Mpa,0.128 Mpa,0.127 Mpa,0.877 Mpa,0.128 Mpa,0.00387 Mpa,1609 RPM
2026-09-02 19:00:00,0.117 Mpa,0.119 Mpa,0.118 Mpa,0.117 Mpa,0 Mpa,,,,,,0.119 Mpa,0.116 Mpa,0.119 Mpa,0.115 Mpa,0 Mpa,0.119 Mpa,0.122 Mpa,0.119 Mpa,0.120 Mpa,,0.117 Mpa,0.115 Mpa,0.117 Mpa,1.02 Mpa,0 Mpa,0.116 Mpa,0.116 Mpa,0.115 Mpa,0.117 Mpa,0 Mpa,0.128 Mpa,0.285 Mpa,0.128 Mpa,0.127 Mpa,0 Mpa,,,,,,0.124 Mpa,0.127 Mpa,0.126 Mpa,0.126 Mpa,0 Mpa,0.123 Mpa,0.121 Mpa,0.124 Mpa,0.121 Mpa,0 Mpa,0.124 Mpa,0.124 Mpa,0.857 Mpa,0.125 Mpa,0 Mpa,1729 RPM
2026-09-02 22:00:00,0.128 Mpa,0.130 Mpa,0.129 Mpa,0.128 Mpa,0.00127 Mpa,0.106 Mpa,0.106 Mpa,0.106 Mpa,0.106 Mpa,0.0223 Mpa,0.122 Mpa,0.119 Mpa,0.122 Mpa,0.119 Mpa,0.0106 Mpa,0.123 Mpa,0.128 Mpa,0.123 Mpa,0.127 Mpa,,0.116 Mpa,0.114 Mpa,0.116 Mpa,1.01 Mpa,0.00532 Mpa,0.116 Mpa,0.116 Mpa,0.115 Mpa,0.117 Mpa,0 Mpa,0.127 Mpa,0.354 Mpa,0.127 Mpa,0.126 Mpa,0 Mpa,0.118 Mpa,0.119 Mpa,0.119 Mpa,0.117 Mpa,0 Mpa,0.122 Mpa,0.125 Mpa,0.124 Mpa,0.124 Mpa,0 Mpa,0.120 Mpa,0.119 Mpa,0.122 Mpa,0.118 Mpa,0.00657 Mpa,0.121 Mpa,0.120 Mpa,0.867 Mpa,0.122 Mpa,0 Mpa,1737 RPM
2026-09-03 01:00:00,0.123 Mpa,0.125 Mpa,0.124 Mpa,0.124 Mpa,0.00477 Mpa,0.110 Mpa,0.110 Mpa,0.110 Mpa,0.110 Mpa,0.00774 Mpa,0.121 Mpa,0.118 Mpa,0.121 Mpa,0.117 Mpa,0.00775 Mpa,0.119 Mpa,0.122 Mpa,0.119 Mpa,0.121 Mpa,,0.120 Mpa,0.119 Mpa,0.120 Mpa,1.01 Mpa,0 Mpa,0.118 Mpa,0.118 Mpa,0.116 Mpa,0.119 Mpa,0.00890 Mpa,0.125 Mpa,0.344 Mpa,0.125 Mpa,0.125 Mpa,0 Mpa,0.125 Mpa,0.126 Mpa,0.128 Mpa,0.124 Mpa,0 Mpa,0.122 Mpa,0.123 Mpa,0.123 Mpa,0.124 Mpa,0 Mpa,0.124 Mpa,0.123 Mpa,0.126 Mpa,0.123 Mpa,0 Mpa,0.119 Mpa,0.120 Mpa,0.909 Mpa,0.121 Mpa,0.0124 Mpa,1701 RPM
2026-09-03 04:00:00,0.126 Mpa,0.127 Mpa,0.127 Mpa,0.126 Mpa,0 Mpa,0.111 Mpa,0.110 Mpa,0.112 Mpa,0.111 Mpa,0.00543 Mpa,0.123 Mpa,0.119 Mpa,0.123 Mpa,0.119 Mpa,0 Mpa,0.119 Mpa,0.123 Mpa,0.119 Mpa,0.121 Mpa,,0.119 Mpa,0.117 Mpa,0.118 Mpa,1.02 Mpa,0 Mpa,0.116 Mpa,0.116 Mpa,0.115 Mpa,0.117 Mpa,0 Mpa,0.124 Mpa,0.100 Mpa,0.124 Mpa,0.123 Mpa,0 Mpa,0.123 Mpa,0.124 Mpa,0.126 Mpa,0.123 Mpa,0 Mpa,0.118 Mpa,0.122 Mpa,0.120 Mpa,0.121 Mpa,0.00452 Mpa,0.125 Mpa,0.124 Mpa,0.126 Mpa,0.123 Mpa,0.00395 Mpa,0.119 Mpa,0.119 Mpa,0.920 Mpa,0.120 Mpa,0 Mpa,1625 RPM
2026-09-03 07:00:00,0.121 Mpa,0.124 Mpa,0.122 Mpa,0.122 Mpa,0 Mpa,0.117 Mpa,0.115 Mpa,0.118 Mpa,0.117 Mpa,0.00567 Mpa,0.116 Mpa,0.113 Mpa,0.117 Mpa,0.113 Mpa,0 Mpa,0.125 Mpa,0.129 Mpa,0.124 Mpa,0.127 Mpa,,0.122 Mpa,0.119 Mpa,0.122 Mpa,1.02 Mpa,0 Mpa,0.119 Mpa,0.119 Mpa,0.118 Mpa,0.120 Mpa,0 Mpa,0.122 Mpa,0.100 Mpa,0.122 Mpa,0.122 Mpa,0 Mpa,0.128 Mpa,0.130 Mpa,0.133 Mpa,0.128 Mpa,0 Mpa,0.120 Mpa,0.123 Mpa,0.122 Mpa,0.122 Mpa,0 Mpa,0.128 Mpa,0.126 Mpa,0.129 Mpa,0.125 Mpa,0.0121 Mpa,0.120 Mpa,0.121 Mpa,0.922 Mpa,0.122 Mpa,0 Mpa,1675 RPM
2026-09-03 10:00:00,0.125 Mpa,0.127 Mpa,0.126 Mpa,0.125 Mpa,0.00507 Mpa,0.118 Mpa,0.115 Mpa,0.118 Mpa,0.118 Mpa,0 Mpa,0.119 Mpa,0.116 Mpa,0.120 Mpa,0.117 Mpa,0 Mpa,0.124 Mpa,0.128 Mpa,0.124 Mpa,0.127 Mpa,,0.121 Mpa,0.120 Mpa,0.121 Mpa,1.02 Mpa,0 Mpa,0.124 Mpa,0.123 Mpa,0.122 Mpa,0.124 Mpa,0.00578 Mpa,0.125 Mpa,0.183 Mpa,0.125 Mpa,0.124 Mpa,0.00982 Mpa,0.126 Mpa,0.127 Mpa,0.130 Mpa,0.126 Mpa,0.00489 Mpa,0.130 Mpa,0.133 Mpa,0.132 Mpa,0.133 Mpa,0 Mpa,0.126 Mpa,0.123 Mpa,0.128 Mpa,0.122 Mpa,0.00444 Mpa,0.125 Mpa,0.125 Mpa,0.898 Mpa,0.127 Mpa,0 Mpa,1749 RPM
2026-09-03 13:00:00,0.120 Mpa,0.123 Mpa,0.121 Mpa,0.121 Mpa,0 Mpa,0.118 Mpa,0.115 Mpa,0.117 Mpa,0.117 Mpa,0 Mpa,0.122 Mpa,0.118 Mpa,0.122 Mpa,0.118 Mpa,0 Mpa,0.119 Mpa,0.121 Mpa,0.119 Mpa,0.121 Mpa,,0.120 Mpa,0.118 Mpa,0.120 Mpa,1.02 Mpa,0 Mpa,0.124 Mpa,0.124 Mpa,0.122 Mpa,0.125 Mpa,0 Mpa,0.128 Mpa,0.128 Mpa,0.127 Mpa,0.126 Mpa,0 Mpa,0.124 Mpa,0.125 Mpa,0.127 Mpa,0.123 Mpa,0 Mpa,0.120 Mpa,0.123 Mpa,0.122 Mpa,0.124 Mpa,0.0176 Mpa,0.120 Mpa,0.119 Mpa,0.122 Mpa,0.118 Mpa,0 Mpa,0.125 Mpa,0.125 Mpa,0.901 Mpa,0.127 Mpa,0 Mpa,1685 RPM
2026-09-03 16:00:00,0.122 Mpa,0.124 Mpa,0.123 Mpa,0.122 Mpa,0 Mpa,0.119 Mpa,0.116 Mpa,0.119 Mpa,0.119 Mpa,0 Mpa,0.120 Mpa,0.116 Mpa,0.120 Mpa,0.116 Mpa,0 Mpa,0.118 Mpa,0.122 Mpa,0.118 Mpa,0.120 Mpa,,0.112 Mpa,0.110 Mpa,0.111 Mpa,1.01 Mpa,0.00714 Mpa,0.116 Mpa,0.117 Mpa,0.114 Mpa,0.118 Mpa,0 Mpa,0.124 Mpa,0.106 Mpa,0.124 Mpa,0.123 Mpa,0 Mpa,0.128 Mpa,0.129 Mpa,0.132 Mpa,0.128 Mpa,0 Mpa,,,,,,0.122 Mpa,0.121 Mpa,0.124 Mpa,0.121 Mpa,0.00447 Mpa,0.119 Mpa,0.119 Mpa,0.933 Mpa,0.120 Mpa,0.00354 Mpa,1676 RPM
2026-09-03 19:00:00,0.122 Mpa,0.124 Mpa,0.123 Mpa,0.122 Mpa,0 Mpa,0.120 Mpa,0.117 Mpa,0.120 Mpa,0.119 Mpa,0.00176 Mpa,0.123 Mpa,0.120 Mpa,0.123 Mpa,0.120 Mpa,0 Mpa,0.121 Mpa,0.125 Mpa,0.121 Mpa,0.123 Mpa,,0.126 Mpa,0.124 Mpa,0.125 Mpa,1.01 Mpa,0.00529 Mpa,0.120 Mpa,0.120 Mpa,0.119 Mpa,0.121 Mpa,0 Mpa,0.132 Mpa,0.396 Mpa,0.131 Mpa,0.131 Mpa,0 Mpa,0.130 Mpa,0.131 Mpa,0.134 Mpa,0.129 Mpa,0 Mpa,,,,,,0.119 Mpa,0.118 Mpa,0.121 Mpa,0.118 Mpa,0 Mpa,0.121 Mpa,0.121 Mpa,0.884 Mpa,0.123 Mpa,0 Mpa,1761 RPM
2026-09-03 22:00:00,0.120 Mpa,0.123 Mpa,0.121 Mpa,0.122 Mpa,0 Mpa,0.117 Mpa,0.115 Mpa,0.117 Mpa,0.117 Mpa,0 Mpa,0.122 Mpa,0.119 Mpa,0.122 Mpa,0.119 Mpa,0.00843 Mpa,0.123 Mpa,0.126 Mpa,0.123 Mpa,0.125 Mpa,,0.123 Mpa,0.121 Mpa,0.123 Mpa,1.02 Mpa,0 Mpa,0.116 Mpa,0.116 Mpa,0.114 Mpa,0.117 Mpa,0 Mpa,0.128 Mpa,0.405 Mpa,0.127 Mpa,0.127 Mpa,0 Mpa,0.124 Mpa,0.126 Mpa,0.127 Mpa,0.124 Mpa,0.00657 Mpa,0.107 Mpa,0.108 Mpa,0.107 Mpa,0.108 Mpa,0.629 Mpa,0.117 Mpa,0.116 Mpa,0.119 Mpa,0.116 Mpa,0.0135 Mpa,0.120 Mpa,0.120 Mpa,0.893 Mpa,0.121 Mpa,0 Mpa,1713 RPM
2026-09-04 01:00:00,0.118 Mpa,0.120 Mpa,0.119 Mpa,0.118 Mpa,0.00534 Mpa,0.118 Mpa,0.116 Mpa,0.118 Mpa,0.118 Mpa,0.0175 Mpa,0.119 Mpa,0.117 Mpa,0.119 Mpa,0.116 Mpa,0.00493 Mpa,0.118 Mpa,0.122 Mpa,0.119 Mpa,0.121 Mpa,,0.120 Mpa,0.119 Mpa,0.120 Mpa,1.02 Mpa,0 Mpa,0.119 Mpa,0.119 Mpa,0.118 Mpa,0.120 Mpa,0 Mpa,0.132 Mpa,0.397 Mpa,0.131 Mpa,0.130 Mpa,0 Mpa,0.124 Mpa,0.126 Mpa,0.128 Mpa,0.124 Mpa,0 Mpa,0.102 Mpa,0.103 Mpa,0.101 Mpa,0.103 Mpa,0.221 Mpa,0.117 Mpa,0.116 Mpa,0.118 Mpa,0.116 Mpa,0 Mpa,0.120 Mpa,0.120 Mpa,0.935 Mpa,0.121 Mpa,0.00517 Mpa,1704 RPM
2026-09-04 04:00:00,0.115 Mpa,0.117 Mpa,0.116 Mpa,0.116 Mpa,0 Mpa,0.117 Mpa,0.115 Mpa,0.117 Mpa,0.117 Mpa,0.00578 Mpa,0.114 Mpa,0.111 Mpa,0.113 Mpa,0.111 Mpa,0 Mpa,0.120 Mpa,0.124 Mpa,0.120 Mpa,0.122 Mpa,,0.119 Mpa,0.117 Mpa,0.118 Mpa,1.01 Mpa,0.00671 Mpa,0.115 Mpa,0.116 Mpa,0.114 Mpa,0.117 Mpa,0 Mpa,0.119 Mpa,0.342 Mpa,0.119 Mpa,0.118 Mpa,0 Mpa,0.131 Mpa,0.131 Mpa,0.135 Mpa,0.130 Mpa,0.00652 Mpa,,,,,,0.116 Mpa,0.115 Mpa,0.118 Mpa,0.115 Mpa,0.00647 Mpa,0.118 Mpa,0.117 Mpa,0.951 Mpa,0.118 Mpa,0.00540 Mpa,1542 RPM
2026-09-04 07:00:00,0.126 Mpa,0.128 Mpa,0.127 Mpa,0.127 Mpa,0 Mpa,0.120 Mpa,0.117 Mpa,0.119 Mpa,0.119 Mpa,0 Mpa,0.122 Mpa,0.119 Mpa,0.123 Mpa,0.119 Mpa,0 Mpa,0.123 Mpa,0.127 Mpa,0.123 Mpa,0.125 Mpa,,0.120 Mpa,0.119 Mpa,0.119 Mpa,1.02 Mpa,0 Mpa,0.119 Mpa,0.119 Mpa,0.118 Mpa,0.120 Mpa,0 Mpa,0.126 Mpa,0.151 Mpa,0.126 Mpa,0.125 Mpa,0.00810 Mpa,0.129 Mpa,0.130 Mpa,0.133 Mpa,0.129 Mpa,0 Mpa,,,,,,0.123 Mpa,0.121 Mpa,0.124 Mpa,0.121 Mpa,0 Mpa,0.118 Mpa,0.117 Mpa,0.945 Mpa,0.118 Mpa,0 Mpa,1713 RPM
2026-09-04 10:00:00,0.130 Mpa,0.133 Mpa,0.132 Mpa,0.131 Mpa,0 Mpa,0.121 Mpa,0.118 Mpa,0.120 Mpa,0.120 Mpa,0 Mpa,0.122 Mpa,0.119 Mpa,0.122 Mpa,0.119 Mpa,0.00385 Mpa,0.122 Mpa,0.125 Mpa,0.122 Mpa,0.123 Mpa,,0.120 Mpa,0.118 Mpa,0.120 Mpa,1.02 Mpa,0 Mpa,0.121 Mpa,0.121 Mpa,0.119 Mpa,0.122 Mpa,0.0131 Mpa,0.117 Mpa,0.107 Mpa,0.117 Mpa,0.117 Mpa,0.0125 Mpa,0.129 Mpa,0.130 Mpa,0.132 Mpa,0.128 Mpa,0 Mpa,,,,,,0.121 Mpa,0.120 Mpa,0.122 Mpa,0.119 Mpa,0 Mpa,0.124 Mpa,0.123 Mpa,0.892 Mpa,0.125 Mpa,0 Mpa,1694 RPM
2026-09-04 13:00:00,0.130 Mpa,0.132 Mpa,0.131 Mpa,0.130 Mpa,0 Mpa,0.121 Mpa,0.117 Mpa,0.119 Mpa,0.120 Mpa,0 Mpa,0.119 Mpa,0.115 Mpa,0.118 Mpa,0.116 Mpa,0 Mpa,0.117 Mpa,0.121 Mpa,0.117 Mpa,0.120 Mpa,,0.119 Mpa,0.117 Mpa,0.119 Mpa,1.02 Mpa,0 Mpa,0.120 Mpa,0.121 Mpa,0.118 Mpa,0.121 Mpa,0 Mpa,0.127 Mpa,0.238 Mpa,0.127 Mpa,0.126 Mpa,0 Mpa,0.122 Mpa,0.123 Mpa,0.125 Mpa,0.122 Mpa,0 Mpa,,,,,,0.123 Mpa,0.123 Mpa,0.125 Mpa,0.122 Mpa,0 Mpa,0.125 Mpa,0.125 Mpa,0.854 Mpa,0.127 Mpa,0 Mpa,1669 RPM
2026-09-04 16:00:00,0.127 Mpa,0.129 Mpa,0.128 Mpa,0.127 Mpa,0.00282 Mpa,0.116 Mpa,0.114 Mpa,0.116 Mpa,0.116 Mpa,0 Mpa,0.116 Mpa,0.112 Mpa,0.115 Mpa,0.112 Mpa,0 Mpa,0.113 Mpa,0.116 Mpa,0.113 Mpa,0.115 Mpa,,0.113 Mpa,0.112 Mpa,0.112 Mpa,1.01 Mpa,0 Mpa,0.122 Mpa,0.122 Mpa,0.120 Mpa,0.123 Mpa,0.00683 Mpa,0.130 Mpa,0.199 Mpa,0.128 Mpa,0.128 Mpa,0.00475 Mpa,0.127 Mpa,0.128 Mpa,0.131 Mpa,0.127 Mpa,0.00559 Mpa,0.116 Mpa,0.116 Mpa,0.116 Mpa,0.117 Mpa,0.434 Mpa,0.117 Mpa,0.117 Mpa,0.119 Mpa,0.116 Mpa,0.00563 Mpa,0.123 Mpa,0.123 Mpa,0.882 Mpa,0.125 Mpa,0.00488 Mpa,1562 RPM
2026-09-04 19:00:00,0.122 Mpa,0.125 Mpa,0.123 Mpa,0.122 Mpa,0 Mpa,0.117 Mpa,0.115 Mpa,0.117 Mpa,0.117 Mpa,0 Mpa,0.117 Mpa,0.114 Mpa,0.116 Mpa,0.113 Mpa,0 Mpa,0.116 Mpa,0.120 Mpa,0.116 Mpa,0.119 Mpa,,0.104 Mpa,0.103 Mpa,0.100 Mpa,0.989 Mpa,0.0685 Mpa,0.120 Mpa,0.121 Mpa,0.119 Mpa,0.122 Mpa,0 Mpa,0.130 Mpa,0.189 Mpa,0.129 Mpa,0.128 Mpa,0 Mpa,0.128 Mpa,0.129 Mpa,0.131 Mpa,0.127 Mpa,0.00965 Mpa,0.122 Mpa,0.123 Mpa,0.123 Mpa,0.124 Mpa,1 Mpa,0.120 Mpa,0.119 Mpa,0.122 Mpa,0.118 Mpa,0 Mpa,0.124 Mpa,0.124 Mpa,0.883 Mpa,0.125 Mpa,0 Mpa,1737 RPM
2026-09-04 22:00:00,0.117 Mpa,0.120 Mpa,0.118 Mpa,0.117 Mpa,0.00413 Mpa,0.120 Mpa,0.117 Mpa,0.119 Mpa,0.119 Mpa,0 Mpa,0.118 Mpa,0.115 Mpa,0.117 Mpa,0.115 Mpa,0.00628 Mpa,0.113 Mpa,0.118 Mpa,0.113 Mpa,0.116 Mpa,,0.125 Mpa,0.122 Mpa,0.124 Mpa,1.02 Mpa,0 Mpa,0.118 Mpa,0.118 Mpa,0.116 Mpa,0.119 Mpa,0 Mpa,0.129 Mpa,0.362 Mpa,0.128 Mpa,0.128 Mpa,0 Mpa,0.127 Mpa,0.128 Mpa,0.130 Mpa,0.126 Mpa,0 Mpa,0.128 Mpa,0.129 Mpa,0.129 Mpa,0.130 Mpa,1 Mpa,0.122 Mpa,0.121 Mpa,0.123 Mpa,0.120 Mpa,0.00579 Mpa,0.119 Mpa,0.119 Mpa,0.898 Mpa,0.121 Mpa,0 Mpa,1696 RPM
2026-09-05 01:00:00,0.119 Mpa,0.121 Mpa,0.119 Mpa,0.117 Mpa,0.0115 Mpa,0.116 Mpa,0.115 Mpa,0.116 Mpa,0.117 Mpa,0.00686 Mpa,0.119 Mpa,0.117 Mpa,0.119 Mpa,0.117 Mpa,0 Mpa,0.118 Mpa,0.121 Mpa,0.117 Mpa,0.119 Mpa,,0.121 Mpa,0.119 Mpa,0.120 Mpa,1.02 Mpa,0 Mpa,0.122 Mpa,0.122 Mpa,0.120 Mpa,0.122 Mpa,0 Mpa,0.127 Mpa,0.363 Mpa,0.127 Mpa,0.127 Mpa,0 Mpa,0.124 Mpa,0.125 Mpa,0.126 Mpa,0.123 Mpa,0 Mpa,0.126 Mpa,0.128 Mpa,0.128 Mpa,0.128 Mpa,1 Mpa,0.119 Mpa,0.119 Mpa,0.121 Mpa,0.118 Mpa,0 Mpa,0.118 Mpa,0.118 Mpa,0.893 Mpa,0.120 Mpa,0.0129 Mpa,1672 RPM
2026-09-05 04:00:00,0.129 Mpa,0.132 Mpa,0.131 Mpa,0.129 Mpa,0.00685 Mpa,0.116 Mpa,0.113 Mpa,0.116 Mpa,0.115 Mpa,0.00710 Mpa,0.115 Mpa,0.113 Mpa,0.115 Mpa,0.112 Mpa,0.00487 Mpa,0.119 Mpa,0.121 Mpa,0.119 Mpa,0.120 Mpa,,0.118 Mpa,0.115 Mpa,0.117 Mpa,1.02 Mpa,0 Mpa,0.121 Mpa,0.120 Mpa,0.119 Mpa,0.121 Mpa,0.00741 Mpa,0.123 Mpa,0.411 Mpa,0.123 Mpa,0.122 Mpa,0 Mpa,0.121 Mpa,0.122 Mpa,0.123 Mpa,0.121 Mpa,0 Mpa,0.125 Mpa,0.128 Mpa,0.127 Mpa,0.128 Mpa,0.942 Mpa,0.118 Mpa,0.118 Mpa,0.119 Mpa,0.117 Mpa,0.00539 Mpa,,,,,,1593 RPM
2026-09-05 07:00:00,0.134 Mpa,0.135 Mpa,0.135 Mpa,0.134 Mpa,0 Mpa,0.113 Mpa,0.112 Mpa,0.113 Mpa,0.114 Mpa,0 Mpa,0.122 Mpa,0.119 Mpa,0.121 Mpa,0.118 Mpa,0 Mpa,0.118 Mpa,0.121 Mpa,0.119 Mpa,0.119 Mpa,,0.122 Mpa,0.120 Mpa,0.121 Mpa,1.02 Mpa,0 Mpa,0.121 Mpa,0.121 Mpa,0.119 Mpa,0.122 Mpa,0 Mpa,0.129 Mpa,0.192 Mpa,0.128 Mpa,0.127 Mpa,0 Mpa,0.126 Mpa,0.127 Mpa,0.129 Mpa,0.125 Mpa,0 Mpa,0.122 Mpa,0.124 Mpa,0.124 Mpa,0.124 Mpa,0.478 Mpa,0.121 Mpa,0.120 Mpa,0.123 Mpa,0.120 Mpa,0 Mpa,,,,,,1678 RPM
2026-09-05 10:00:00,0.133 Mpa,0.135 Mpa,0.135 Mpa,0.134 Mpa,0 Mpa,0.116 Mpa,0.113 Mpa,0.116 Mpa,0.115 Mpa,0 Mpa,0.121 Mpa,0.119 Mpa,0.120 Mpa,0.118 Mpa,0 Mpa,0.117 Mpa,0.120 Mpa,0.117 Mpa,0.119 Mpa,,0.120 Mpa,0.118 Mpa,0.120 Mpa,1.02 Mpa,0 Mpa,0.118 Mpa,0.118 Mpa,0.116 Mpa,0.119 Mpa,0.00543 Mpa,0.132 Mpa,0.440 Mpa,0.131 Mpa,0.130 Mpa,0.00364 Mpa,0.124 Mpa,0.124 Mpa,0.127 Mpa,0.123 Mpa,0 Mpa,0.128 Mpa,0.132 Mpa,0.130 Mpa,0.132 Mpa,0.888 Mpa,0.119 Mpa,0.119 Mpa,0.121 Mpa,0.118 Mpa,0 Mpa,0.112 Mpa,0.112 Mpa,0.111 Mpa,0.112 Mpa,0.00834 Mpa,1689 RPM
2026-09-05 13:00:00,0.129 Mpa,0.131 Mpa,0.131 Mpa,0.130 Mpa,0.00490 Mpa,0.117 Mpa,0.114 Mpa,0.116 Mpa,0.117 Mpa,0 Mpa,0.123 Mpa,0.120 Mpa,0.122 Mpa,0.120 Mpa,0 Mpa,0.116 Mpa,0.119 Mpa,0.116 Mpa,0.118 Mpa,,0.121 Mpa,0.119 Mpa,0.121 Mpa,1.02 Mpa,0 Mpa,0.121 Mpa,0.120 Mpa,0.119 Mpa,0.121 Mpa,0 Mpa,0.125 Mpa,0.209 Mpa,0.124 Mpa,0.123 Mpa,0 Mpa,0.126 Mpa,0.128 Mpa,0.130 Mpa,0.126 Mpa,0.0113 Mpa,0.127 Mpa,0.132 Mpa,0.129 Mpa,0.131 Mpa,1 Mpa,0.121 Mpa,0.120 Mpa,0.122 Mpa,0.119 Mpa,0 Mpa,,,,,,1731 RPM
2026-09-05 16:00:00,0.128 Mpa,0.130 Mpa,0.130 Mpa,0.128 Mpa,0 Mpa,0.121 Mpa,0.118 Mpa,0.121 Mpa,0.120 Mpa,0.00491 Mpa,0.121 Mpa,0.118 Mpa,0.120 Mpa,0.117 Mpa,0 Mpa,0.124 Mpa,0.128 Mpa,0.123 Mpa,0.126 Mpa,,0.120 Mpa,0.118 Mpa,0.120 Mpa,1.02 Mpa,0 Mpa,0.117 Mpa,0.117 Mpa,0.116 Mpa,0.118 Mpa,0 Mpa,0.126 Mpa,0.496 Mpa,0.124 Mpa,0.125 Mpa,0 Mpa,0.120 Mpa,0.121 Mpa,0.122 Mpa,0.120 Mpa,0 Mpa,0.121 Mpa,0.124 Mpa,0.123 Mpa,0.123 Mpa,1 Mpa,0.117 Mpa,0.116 Mpa,0.118 Mpa,0.116 Mpa,0.00384 Mpa,,,,,,1681 RPM
2026-09-05 19:00:00,0.131 Mpa,0.132 Mpa,0.132 Mpa,0.131 Mpa,0 Mpa,0.117 Mpa,0.115 Mpa,0.117 Mpa,0.117 Mpa,0 Mpa,0.122 Mpa,0.119 Mpa,0.121 Mpa,0.118 Mpa,0 Mpa,0.120 Mpa,0.124 Mpa,0.120 Mpa,0.122 Mpa,,0.122 Mpa,0.119 Mpa,0.121 Mpa,1.02 Mpa,0 Mpa,0.116 Mpa,0.116 Mpa,0.115 Mpa,0.117 Mpa,0 Mpa,0.131 Mpa,0.225 Mpa,0.130 Mpa,0.130 Mpa,0 Mpa,0.130 Mpa,0.131 Mpa,0.133 Mpa,0.128 Mpa,0 Mpa,0.123 Mpa,0.127 Mpa,0.125 Mpa,0.126 Mpa,1 Mpa,0.117 Mpa,0.116 Mpa,0.119 Mpa,0.116 Mpa,0 Mpa,,,,,,1727 RPM
2026-09-05 22:00:00,0.123 Mpa,0.124 Mpa,0.124 Mpa,0.122 Mpa,0 Mpa,0.118 Mpa,0.116 Mpa,0.118 Mpa,0.117 Mpa,0 Mpa,0.116 Mpa,0.114 Mpa,0.116 Mpa,0.113 Mpa,0 Mpa,0.120 Mpa,0.125 Mpa,0.120 Mpa,0.123 Mpa,,0.122 Mpa,0.120 Mpa,0.122 Mpa,1.02 Mpa,0 Mpa,0.121 Mpa,0.121 Mpa,0.120 Mpa,0.122 Mpa,0 Mpa,0.132 Mpa,0.241 Mpa,0.131 Mpa,0.131 Mpa,0 Mpa,0.129 Mpa,0.130 Mpa,0.133 Mpa,0.128 Mpa,0.0104 Mpa,0.121 Mpa,0.124 Mpa,0.123 Mpa,0.124 Mpa,1 Mpa,0.111 Mpa,0.111 Mpa,0.113 Mpa,0.111 Mpa,0.00464 Mpa,,,,,,1677 RPM
2026-09-06 01:00:00,0.125 Mpa,0.126 Mpa,0.127 Mpa,0.125 Mpa,0.00555 Mpa,0.117 Mpa,0.115 Mpa,0.117 Mpa,0.117 Mpa,0 Mpa,0.122 Mpa,0.119 Mpa,0.122 Mpa,0.118 Mpa,0.00937 Mpa,0.115 Mpa,0.120 Mpa,0.116 Mpa,0.118 Mpa,,0.120 Mpa,0.118 Mpa,0.119 Mpa,1.02 Mpa,0 Mpa,0.119 Mpa,0.118 Mpa,0.118 Mpa,0.119 Mpa,0.0172 Mpa,0.133 Mpa,0.0974 Mpa,0.132 Mpa,0.131 Mpa,0 Mpa,0.122 Mpa,0.123 Mpa,0.125 Mpa,0.121 Mpa,0 Mpa,0.118 Mpa,0.120 Mpa,0.119 Mpa,0.120 Mpa,0.776 Mpa,0.118 Mpa,0.117 Mpa,0.120 Mpa,0.117 Mpa,0 Mpa,0.117 Mpa,0.117 Mpa,0.117 Mpa,0.117 Mpa,0.0341 Mpa,1646 RPM
2026-09-06 04:00:00,0.122 Mpa,0.124 Mpa,0.124 Mpa,0.123 Mpa,0 Mpa,0.118 Mpa,0.116 Mpa,0.118 Mpa,0.118 Mpa,0.00639 Mpa,0.117 Mpa,0.115 Mpa,0.117 Mpa,0.114 Mpa,0 Mpa,0.116 Mpa,0.120 Mpa,0.116 Mpa,0.118 Mpa,,0.119 Mpa,0.117 Mpa,0.118 Mpa,1.02 Mpa,0 Mpa,0.120 Mpa,0.121 Mpa,0.119 Mpa,0.121 Mpa,0 Mpa,0.130 Mpa,0.183 Mpa,0.128 Mpa,0.128 Mpa,0.00401 Mpa,0.124 Mpa,0.125 Mpa,0.127 Mpa,0.124 Mpa,0 Mpa,0.129 Mpa,0.132 Mpa,0.131 Mpa,0.133 Mpa,1.00 Mpa,0.122 Mpa,0.121 Mpa,0.124 Mpa,0.121 Mpa,0.00403 Mpa,0.127 Mpa,0.126 Mpa,0.126 Mpa,0.127 Mpa,0.00354 Mpa,1683 RPM
2026-09-06 07:00:00,0.121 Mpa,0.124 Mpa,0.123 Mpa,0.121 Mpa,0 Mpa,0.118 Mpa,0.116 Mpa,0.118 Mpa,0.118 Mpa,0 Mpa,0.122 Mpa,0.120 Mpa,0.122 Mpa,0.120 Mpa,0 Mpa,0.117 Mpa,0.122 Mpa,0.117 Mpa,0.120 Mpa,,0.120 Mpa,0.118 Mpa,0.120 Mpa,1.02 Mpa,0 Mpa,0.125 Mpa,0.124 Mpa,0.124 Mpa,0.125 Mpa,0 Mpa,0.133 Mpa,0.391 Mpa,0.132 Mpa,0.131 Mpa,0 Mpa,0.129 Mpa,0.129 Mpa,0.132 Mpa,0.127 Mpa,0 Mpa,0.124 Mpa,0.127 Mpa,0.126 Mpa,0.126 Mpa,1 Mpa,0.118 Mpa,0.117 Mpa,0.120 Mpa,0.117 Mpa,0 Mpa,0.127 Mpa,0.127 Mpa,0.131 Mpa,0.128 Mpa,0.0129 Mpa,1742 RPM
2026-09-06 10:00:00,0.123 Mpa,0.126 Mpa,0.126 Mpa,0.123 Mpa,0 Mpa,0.114 Mpa,0.112 Mpa,0.114 Mpa,0.114 Mpa,0.0283 Mpa,0.121 Mpa,0.118 Mpa,0.121 Mpa,0.118 Mpa,0 Mpa,0.122 Mpa,0.127 Mpa,0.121 Mpa,0.125 Mpa,,0.121 Mpa,0.119 Mpa,0.121 Mpa,1.02 Mpa,0 Mpa,0.120 Mpa,0.120 Mpa,0.119 Mpa,0.121 Mpa,0 Mpa,0.129 Mpa,0.294 Mpa,0.128 Mpa,0.128 Mpa,0.00417 Mpa,0.128 Mpa,0.129 Mpa,0.132 Mpa,0.128 Mpa,0 Mpa,0.126 Mpa,0.129 Mpa,0.128 Mpa,0.128 Mpa,1 Mpa,0.120 Mpa,0.119 Mpa,0.122 Mpa,0.119 Mpa,0 Mpa,0.125 Mpa,0.124 Mpa,0.141 Mpa,0.126 Mpa,0 Mpa,1739 RPM
2026-09-06 13:00:00,0.125 Mpa,0.127 Mpa,0.127 Mpa,0.125 Mpa,0 Mpa,0.118 Mpa,0.116 Mpa,0.118 Mpa,0.118 Mpa,0.00763 Mpa,0.123 Mpa,0.120 Mpa,0.123 Mpa,0.120 Mpa,0 Mpa,0.122 Mpa,0.126 Mpa,0.121 Mpa,0.123 Mpa,,0.116 Mpa,0.115 Mpa,0.116 Mpa,1.02 Mpa,0 Mpa,0.123 Mpa,0.122 Mpa,0.122 Mpa,0.123 Mpa,0 Mpa,0.127 Mpa,0.463 Mpa,0.126 Mpa,0.125 Mpa,0.00451 Mpa,0.128 Mpa,0.130 Mpa,0.132 Mpa,0.128 Mpa,0 Mpa,0.118 Mpa,0.120 Mpa,0.119 Mpa,0.120 Mpa,1.00 Mpa,0.120 Mpa,0.119 Mpa,0.121 Mpa,0.118 Mpa,0.00707 Mpa,0.117 Mpa,0.117 Mpa,0.144 Mpa,0.118 Mpa,0.0135 Mpa,1746 RPM
2026-09-06 16:00:00,0.124 Mpa,0.126 Mpa,0.126 Mpa,0.123 Mpa,0 Mpa,0.117 Mpa,0.115 Mpa,0.117 Mpa,0.117 Mpa,0.00763 Mpa,0.123 Mpa,0.120 Mpa,0.123 Mpa,0.120 Mpa,0 Mpa,0.123 Mpa,0.129 Mpa,0.122 Mpa,0.126 Mpa,,0.118 Mpa,0.115 Mpa,0.117 Mpa,1.02 Mpa,0 Mpa,0.118 Mpa,0.118 Mpa,0.117 Mpa,0.119 Mpa,0 Mpa,0.127 Mpa,0.417 Mpa,0.127 Mpa,0.127 Mpa,0 Mpa,0.127 Mpa,0.127 Mpa,0.130 Mpa,0.125 Mpa,0 Mpa,0.123 Mpa,0.127 Mpa,0.125 Mpa,0.126 Mpa,1.00 Mpa,0.122 Mpa,0.121 Mpa,0.124 Mpa,0.120 Mpa,0.00412 Mpa,0.124 Mpa,0.124 Mpa,0.152 Mpa,0.125 Mpa,0 Mpa,1755 RPM
2026-09-06 19:00:00,0.127 Mpa,0.129 Mpa,0.129 Mpa,0.126 Mpa,0 Mpa,0.119 Mpa,0.117 Mpa,0.118 Mpa,0.119 Mpa,0 Mpa,0.116 Mpa,0.113 Mpa,0.115 Mpa,0.113 Mpa,0 Mpa,0.119 Mpa,0.124 Mpa,0.119 Mpa,0.122 Mpa,,0.121 Mpa,0.119 Mpa,0.121 Mpa,1.02 Mpa,0 Mpa,0.117 Mpa,0.116 Mpa,0.115 Mpa,0.118 Mpa,0 Mpa,0.132 Mpa,0.109 Mpa,0.130 Mpa,0.130 Mpa,0 Mpa,0.129 Mpa,0.129 Mpa,0.132 Mpa,0.127 Mpa,0 Mpa,0.126 Mpa,0.129 Mpa,0.128 Mpa,0.128 Mpa,1 Mpa,0.120 Mpa,0.120 Mpa,0.121 Mpa,0.119 Mpa,0 Mpa,0.120 Mpa,0.119 Mpa,0.153 Mpa,0.121 Mpa,0 Mpa,1765 RPM
2026-09-06 22:00:00,0.127 Mpa,0.129 Mpa,0.128 Mpa,0.126 Mpa,0 Mpa,0.118 Mpa,0.117 Mpa,0.118 Mpa,0.118 Mpa,0 Mpa,0.118 Mpa,0.115 Mpa,0.118 Mpa,0.115 Mpa,0 Mpa,0.118 Mpa,0.123 Mpa,0.118 Mpa,0.121 Mpa,,0.121 Mpa,0.119 Mpa,0.121 Mpa,1.01 Mpa,0.0105 Mpa,0.121 Mpa,0.120 Mpa,0.119 Mpa,0.121 Mpa,0 Mpa,0.130 Mpa,0.159 Mpa,0.129 Mpa,0.129 Mpa,0 Mpa,0.125 Mpa,0.126 Mpa,0.127 Mpa,0.124 Mpa,0.00597 Mpa,0.123 Mpa,0.126 Mpa,0.125 Mpa,0.125 Mpa,1 Mpa,0.121 Mpa,0.120 Mpa,0.123 Mpa,0.120 Mpa,0 Mpa,0.120 Mpa,0.120 Mpa,0.148 Mpa,0.121 Mpa,0 Mpa,1729 RPM
2026-09-07 01:00:00,0.120 Mpa,0.122 Mpa,0.121 Mpa,0.120 Mpa,0.00474 Mpa,0.117 Mpa,0.115 Mpa,0.117 Mpa,0.117 Mpa,0.00472 Mpa,0.126 Mpa,0.123 Mpa,0.125 Mpa,0.122 Mpa,0 Mpa,0.116 Mpa,0.121 Mpa,0.116 Mpa,0.120 Mpa,,0.118 Mpa,0.116 Mpa,0.117 Mpa,1.02 Mpa,0 Mpa,0.121 Mpa,0.120 Mpa,0.119 Mpa,0.121 Mpa,0 Mpa,0.127 Mpa,0.218 Mpa,0.127 Mpa,0.127 Mpa,0 Mpa,0.126 Mpa,0.127 Mpa,0.130 Mpa,0.126 Mpa,0 Mpa,0.121 Mpa,0.123 Mpa,0.122 Mpa,0.123 Mpa,1 Mpa,0.119 Mpa,0.118 Mpa,0.120 Mpa,0.118 Mpa,0 Mpa,0.120 Mpa,0.120 Mpa,0.144 Mpa,0.121 Mpa,0.00369 Mpa,1720 RPM
2026-09-07 04:00:00,0.123 Mpa,0.124 Mpa,0.124 Mpa,0.122 Mpa,0 Mpa,0.113 Mpa,0.112 Mpa,0.114 Mpa,0.114 Mpa,0 Mpa,0.120 Mpa,0.118 Mpa,0.120 Mpa,0.117 Mpa,0 Mpa,0.111 Mpa,0.116 Mpa,0.111 Mpa,0.115 Mpa,,0.122 Mpa,0.120 Mpa,0.121 Mpa,1.02 Mpa,0 Mpa,0.117 Mpa,0.117 Mpa,0.116 Mpa,0.118 Mpa,0 Mpa,0.133 Mpa,0.172 Mpa,0.132 Mpa,0.131 Mpa,0 Mpa,0.125 Mpa,0.126 Mpa,0.128 Mpa,0.125 Mpa,0 Mpa,0.124 Mpa,0.126 Mpa,0.126 Mpa,0.127 Mpa,1.00 Mpa,0.120 Mpa,0.118 Mpa,0.121 Mpa,0.118 Mpa,0.00403 Mpa,0.120 Mpa,0.120 Mpa,0.142 Mpa,0.120 Mpa,0.00336 Mpa,1642 RPM
2026-09-07 07:00:00,0.121 Mpa,0.123 Mpa,0.123 Mpa,0.121 Mpa,0 Mpa,0.120 Mpa,0.117 Mpa,0.120 Mpa,0.119 Mpa,0 Mpa,0.126 Mpa,0.122 Mpa,0.126 Mpa,0.121 Mpa,0 Mpa,0.125 Mpa,0.130 Mpa,0.125 Mpa,0.127 Mpa,,0.122 Mpa,0.120 Mpa,0.122 Mpa,1.02 Mpa,0 Mpa,0.121 Mpa,0.120 Mpa,0.120 Mpa,0.121 Mpa,0 Mpa,0.130 Mpa,0.112 Mpa,0.130 Mpa,0.128 Mpa,0 Mpa,0.127 Mpa,0.129 Mpa,0.130 Mpa,0.127 Mpa,0 Mpa,0.126 Mpa,0.128 Mpa,0.128 Mpa,0.128 Mpa,1 Mpa,0.122 Mpa,0.122 Mpa,0.124 Mpa,0.121 Mpa,0 Mpa,0.106 Mpa,0.106 Mpa,0.106 Mpa,0.106 Mpa,0.0259 Mpa,1697 RPM
2026-09-07 10:00:00,0.126 Mpa,0.128 Mpa,0.128 Mpa,0.125 Mpa,0 Mpa,0.116 Mpa,0.112 Mpa,0.116 Mpa,0.116 Mpa,0 Mpa,0.126 Mpa,0.122 Mpa,0.126 Mpa,0.122 Mpa,0 Mpa,0.124 Mpa,0.129 Mpa,0.123 Mpa,0.126 Mpa,,0.121 Mpa,0.119 Mpa,0.121 Mpa,1.02 Mpa,0 Mpa,0.117 Mpa,0.117 Mpa,0.116 Mpa,0.118 Mpa,0.00546 Mpa,0.129 Mpa,0.114 Mpa,0.128 Mpa,0.128 Mpa,0.0192 Mpa,0.129 Mpa,0.130 Mpa,0.132 Mpa,0.129 Mpa,0 Mpa,0.122 Mpa,0.124 Mpa,0.124 Mpa,0.124 Mpa,0.940 Mpa,0.118 Mpa,0.117 Mpa,0.120 Mpa,0.117 Mpa,0 Mpa,0.122 Mpa,0.122 Mpa,0.145 Mpa,0.123 Mpa,0.0145 Mpa,1702 RPM
2026-09-07 13:00:00,0.125 Mpa,0.127 Mpa,0.127 Mpa,0.124 Mpa,0 Mpa,0.119 Mpa,0.116 Mpa,0.119 Mpa,0.119 Mpa,0 Mpa,0.124 Mpa,0.121 Mpa,0.125 Mpa,0.121 Mpa,0 Mpa,0.126 Mpa,0.131 Mpa,0.126 Mpa,0.129 Mpa,,0.121 Mpa,0.119 Mpa,0.121 Mpa,1.02 Mpa,0 Mpa,0.124 Mpa,0.124 Mpa,0.122 Mpa,0.125 Mpa,0 Mpa,0.128 Mpa,0.146 Mpa,0.127 Mpa,0.127 Mpa,0 Mpa,0.121 Mpa,0.123 Mpa,0.123 Mpa,0.121 Mpa,0 Mpa,0.120 Mpa,0.123 Mpa,0.122 Mpa,0.122 Mpa,0.610 Mpa,0.122 Mpa,0.122 Mpa,0.124 Mpa,0.121 Mpa,0.00733 Mpa,0.125 Mpa,0.124 Mpa,0.152 Mpa,0.126 Mpa,0 Mpa,1702 RPM
2026-09-07 16:00:00,0.119 Mpa,0.121 Mpa,0.120 Mpa,0.118 Mpa,0 Mpa,0.118 Mpa,0.115 Mpa,0.118 Mpa,0.117 Mpa,0 Mpa,0.123 Mpa,0.119 Mpa,0.123 Mpa,0.119 Mpa,0 Mpa,0.118 Mpa,0.123 Mpa,0.118 Mpa,0.121 Mpa,,0.116 Mpa,0.114 Mpa,0.115 Mpa,1.02 Mpa,0 Mpa,0.117 Mpa,0.117 Mpa,0.115 Mpa,0.118 Mpa,0 Mpa,0.122 Mpa,0.155 Mpa,0.121 Mpa,0.121 Mpa,0.00436 Mpa,0.116 Mpa,0.118 Mpa,0.118 Mpa,0.116 Mpa,0 Mpa,0.124 Mpa,0.127 Mpa,0.126 Mpa,0.126 Mpa,0.975 Mpa,0.106 Mpa,0.107 Mpa,0.107 Mpa,0.107 Mpa,0.294 Mpa,0.121 Mpa,0.121 Mpa,0.154 Mpa,0.123 Mpa,0.00456 Mpa,1577 RPM
2026-09-07 19:00:00,0.125 Mpa,0.127 Mpa,0.126 Mpa,0.125 Mpa,0.00389 Mpa,0.119 Mpa,0.116 Mpa,0.119 Mpa,0.119 Mpa,0 Mpa,0.124 Mpa,0.121 Mpa,0.124 Mpa,0.121 Mpa,0 Mpa,0.119 Mpa,0.123 Mpa,0.120 Mpa,0.121 Mpa,,0.118 Mpa,0.116 Mpa,0.117 Mpa,1.02 Mpa,0 Mpa,0.122 Mpa,0.122 Mpa,0.121 Mpa,0.123 Mpa,0 Mpa,0.132 Mpa,0.104 Mpa,0.131 Mpa,0.130 Mpa,0 Mpa,0.124 Mpa,0.125 Mpa,0.127 Mpa,0.123 Mpa,0.0108 Mpa,0.126 Mpa,0.129 Mpa,0.128 Mpa,0.128 Mpa,1 Mpa,,,,,,0.121 Mpa,0.121 Mpa,0.148 Mpa,0.122 Mpa,0 Mpa,1742 RPM
2026-09-07 22:00:00,0.122 Mpa,0.123 Mpa,0.123 Mpa,0.121 Mpa,0 Mpa,0.117 Mpa,0.114 Mpa,0.117 Mpa,0.116 Mpa,0 Mpa,0.123 Mpa,0.119 Mpa,0.123 Mpa,0.119 Mpa,0 Mpa,0.119 Mpa,0.122 Mpa,0.119 Mpa,0.121 Mpa,,0.115 Mpa,0.114 Mpa,0.114 Mpa,1.02 Mpa,0 Mpa,0.123 Mpa,0.122 Mpa,0.122 Mpa,0.123 Mpa,0 Mpa,0.131 Mpa,0.0953 Mpa,0.130 Mpa,0.129 Mpa,0 Mpa,0.122 Mpa,0.123 Mpa,0.125 Mpa,0.121 Mpa,0.00755 Mpa,0.123 Mpa,0.126 Mpa,0.125 Mpa,0.126 Mpa,0.0921 Mpa,0.124 Mpa,0.123 Mpa,0.125 Mpa,0.123 Mpa,0.00478 Mpa,0.119 Mpa,0.119 Mpa,0.139 Mpa,0.120 Mpa,0 Mpa,1658 RPM
2026-09-08 01:00:00,0.125 Mpa,0.126 Mpa,0.126 Mpa,0.124 Mpa,0 Mpa,0.121 Mpa,0.118 Mpa,0.121 Mpa,0.120 Mpa,0 Mpa,0.113 Mpa,0.112 Mpa,0.113 Mpa,0.111 Mpa,0.0506 Mpa,0.114 Mpa,0.117 Mpa,0.114 Mpa,0.116 Mpa,,0.120 Mpa,0.118 Mpa,0.120 Mpa,1.02 Mpa,0 Mpa,0.118 Mpa,0.117 Mpa,0.117 Mpa,0.118 Mpa,0 Mpa,0.123 Mpa,0.127 Mpa,0.122 Mpa,0.122 Mpa,0 Mpa,0.124 Mpa,0.126 Mpa,0.127 Mpa,0.124 Mpa,0 Mpa,0.123 Mpa,0.126 Mpa,0.126 Mpa,0.126 Mpa,0.279 Mpa,0.126 Mpa,0.125 Mpa,0.128 Mpa,0.124 Mpa,0 Mpa,0.120 Mpa,0.120 Mpa,0.142 Mpa,0.120 Mpa,0.00974 Mpa,1651 RPM
2026-09-08 04:00:00,0.122 Mpa,0.124 Mpa,0.124 Mpa,0.122 Mpa,0.00549 Mpa,0.115 Mpa,0.113 Mpa,0.115 Mpa,0.114 Mpa,0.00619 Mpa,,,,,,0.115 Mpa,0.118 Mpa,0.115 Mpa,0.117 Mpa,,0.115 Mpa,0.114 Mpa,0.115 Mpa,1.01 Mpa,0.00760 Mpa,0.125 Mpa,0.125 Mpa,0.124 Mpa,0.126 Mpa,0.00614 Mpa,0.129 Mpa,0.0680 Mpa,0.128 Mpa,0.128 Mpa,0.00482 Mpa,0.128 Mpa,0.129 Mpa,0.131 Mpa,0.127 Mpa,0.00568 Mpa,0.122 Mpa,0.124 Mpa,0.123 Mpa,0.124 Mpa,0.272 Mpa,0.126 Mpa,0.125 Mpa,0.127 Mpa,0.125 Mpa,0.00516 Mpa,0.118 Mpa,0.118 Mpa,0.132 Mpa,0.119 Mpa,0.00431 Mpa,1660 RPM
2026-09-08 07:00:00,0.126 Mpa,0.128 Mpa,0.127 Mpa,0.126 Mpa,0 Mpa,0.127 Mpa,0.125 Mpa,0.127 Mpa,0.127 Mpa,0 Mpa,,,,,,0.121 Mpa,0.125 Mpa,0.121 Mpa,0.123 Mpa,,0.120 Mpa,0.118 Mpa,0.120 Mpa,1.02 Mpa,0 Mpa,0.124 Mpa,0.122 Mpa,0.122 Mpa,0.123 Mpa,0 Mpa,0.129 Mpa,0.0529 Mpa,0.128 Mpa,0.127 Mpa,0 Mpa,0.132 Mpa,0.133 Mpa,0.135 Mpa,0.131 Mpa,0 Mpa,0.125 Mpa,0.126 Mpa,0.126 Mpa,0.126 Mpa,0 Mpa,0.125 Mpa,0.124 Mpa,0.126 Mpa,0.123 Mpa,0 Mpa,0.124 Mpa,0.124 Mpa,0.150 Mpa,0.125 Mpa,0 Mpa,1770 RPM
2026-09-08 10:00:00,0.123 Mpa,0.125 Mpa,0.125 Mpa,0.124 Mpa,0 Mpa,0.121 Mpa,0.119 Mpa,0.120 Mpa,0.121 Mpa,0 Mpa,,,,,,0.124 Mpa,0.129 Mpa,0.124 Mpa,0.127 Mpa,,0.123 Mpa,0.121 Mpa,0.122 Mpa,1.02 Mpa,0 Mpa,0.122 Mpa,0.121 Mpa,0.121 Mpa,0.123 Mpa,0.00622 Mpa,0.127 Mpa,0.0888 Mpa,0.126 Mpa,0.125 Mpa,0.00561 Mpa,0.131 Mpa,0.132 Mpa,0.135 Mpa,0.131 Mpa,0 Mpa,0.123 Mpa,0.126 Mpa,0.125 Mpa,0.126 Mpa,0.0554 Mpa,0.121 Mpa,0.121 Mpa,0.123 Mpa,0.120 Mpa,0 Mpa,0.122 Mpa,0.122 Mpa,0.152 Mpa,0.124 Mpa,0 Mpa,1802 RPM
2026-09-08 13:00:00,0.122 Mpa,0.125 Mpa,0.124 Mpa,0.122 Mpa,0.00634 Mpa,0.119 Mpa,0.115 Mpa,0.119 Mpa,0.118 Mpa,0 Mpa,,,,,,0.126 Mpa,0.131 Mpa,0.126 Mpa,0.129 Mpa,,0.119 Mpa,0.118 Mpa,0.118 Mpa,1.02 Mpa,0 Mpa,0.120 Mpa,0.121 Mpa,0.119 Mpa,0.122 Mpa,0.00943 Mpa,0.132 Mpa,0.0478 Mpa,0.131 Mpa,0.130 Mpa,0 Mpa,0.129 Mpa,0.130 Mpa,0.132 Mpa,0.128 Mpa,0 Mpa,0.123 Mpa,0.125 Mpa,0.125 Mpa,0.125 Mpa,0.00834 Mpa,0.122 Mpa,0.121 Mpa,0.124 Mpa,0.120 Mpa,0 Mpa,0.121 Mpa,0.120 Mpa,0.138 Mpa,0.121 Mpa,0 Mpa,1737 RPM
2026-09-08 16:00:00,0.119 Mpa,0.121 Mpa,0.121 Mpa,0.119 Mpa,0 Mpa,0.118 Mpa,0.114 Mpa,0.117 Mpa,0.117 Mpa,0 Mpa,,,,,,0.116 Mpa,0.120 Mpa,0.116 Mpa,0.118 Mpa,,0.121 Mpa,0.119 Mpa,0.120 Mpa,1.02 Mpa,0 Mpa,0.116 Mpa,0.117 Mpa,0.115 Mpa,0.118 Mpa,0 Mpa,0.130 Mpa,0.0825 Mpa,0.130 Mpa,0.129 Mpa,0 Mpa,0.121 Mpa,0.122 Mpa,0.124 Mpa,0.121 Mpa,0 Mpa,0.117 Mpa,0.119 Mpa,0.118 Mpa,0.119 Mpa,0.00192 Mpa,0.118 Mpa,0.117 Mpa,0.119 Mpa,0.116 Mpa,0 Mpa,0.120 Mpa,0.120 Mpa,0.145 Mpa,0.121 Mpa,0.00341 Mpa,1604 RPM
2026-09-08 19:00:00,0.126 Mpa,0.127 Mpa,0.128 Mpa,0.125 Mpa,0 Mpa,0.115 Mpa,0.113 Mpa,0.115 Mpa,0.115 Mpa,0 Mpa,,,,,,0.116 Mpa,0.120 Mpa,0.116 Mpa,0.119 Mpa,,0.118 Mpa,0.116 Mpa,0.117 Mpa,1.02 Mpa,0 Mpa,0.121 Mpa,0.121 Mpa,0.119 Mpa,0.122 Mpa,0 Mpa,0.126 Mpa,0.0904 Mpa,0.125 Mpa,0.126 Mpa,0 Mpa,0.127 Mpa,0.128 Mpa,0.130 Mpa,0.127 Mpa,0 Mpa,0.117 Mpa,0.120 Mpa,0.119 Mpa,0.119 Mpa,0 Mpa,0.120 Mpa,0.119 Mpa,0.122 Mpa,0.119 Mpa,0 Mpa,0.123 Mpa,0.123 Mpa,0.160 Mpa,0.124 Mpa,0 Mpa,1727 RPM
2026-09-08 22:00:00,0.119 Mpa,0.121 Mpa,0.120 Mpa,0.118 Mpa,0.00905 Mpa,0.118 Mpa,0.115 Mpa,0.117 Mpa,0.117 Mpa,0 Mpa,,,,,,0.120 Mpa,0.124 Mpa,0.120 Mpa,0.122 Mpa,,0.115 Mpa,0.115 Mpa,0.114 Mpa,1.01 Mpa,0.0114 Mpa,0.121 Mpa,0.121 Mpa,0.119 Mpa,0.122 Mpa,0 Mpa,0.129 Mpa,0.0594 Mpa,0.128 Mpa,0.127 Mpa,0 Mpa,0.127 Mpa,0.128 Mpa,0.131 Mpa,0.127 Mpa,0.00516 Mpa,0.121 Mpa,0.123 Mpa,0.122 Mpa,0.123 Mpa,0.0681 Mpa,0.116 Mpa,0.115 Mpa,0.117 Mpa,0.115 Mpa,0.00618 Mpa,0.123 Mpa,0.122 Mpa,0.159 Mpa,0.124 Mpa,0 Mpa,1700 RPM
2026-09-09 01:00:00,0.121 Mpa,0.124 Mpa,0.122 Mpa,0.123 Mpa,0 Mpa,0.117 Mpa,0.115 Mpa,0.117 Mpa,0.117 Mpa,0.00902 Mpa,,,,,,0.115 Mpa,0.119 Mpa,0.116 Mpa,0.118 Mpa,,0.118 Mpa,0.117 Mpa,0.117 Mpa,1.00 Mpa,0.0418 Mpa,0.116 Mpa,0.117 Mpa,0.114 Mpa,0.118 Mpa,0 Mpa,0.126 Mpa,0.0614 Mpa,0.126 Mpa,0.125 Mpa,0 Mpa,0.125 Mpa,0.126 Mpa,0.127 Mpa,0.124 Mpa,0 Mpa,0.120 Mpa,0.122 Mpa,0.122 Mpa,0.122 Mpa,0 Mpa,0.126 Mpa,0.124 Mpa,0.127 Mpa,0.124 Mpa,0 Mpa,0.122 Mpa,0.121 Mpa,0.160 Mpa,0.123 Mpa,0.00394 Mpa,1653 RPM
2026-09-09 04:00:00,0.119 Mpa,0.122 Mpa,0.121 Mpa,0.120 Mpa,0 Mpa,0.114 Mpa,0.112 Mpa,0.114 Mpa,0.114 Mpa,0 Mpa,0.103 Mpa,0.105 Mpa,0.105 Mpa,0.105 Mpa,0.105 Mpa,0.117 Mpa,0.121 Mpa,0.118 Mpa,0.119 Mpa,,0.122 Mpa,0.120 Mpa,0.121 Mpa,1.02 Mpa,0 Mpa,0.117 Mpa,0.117 Mpa,0.116 Mpa,0.118 Mpa,0 Mpa,0.128 Mpa,0.107 Mpa,0.127 Mpa,0.126 Mpa,0 Mpa,0.123 Mpa,0.125 Mpa,0.125 Mpa,0.123 Mpa,0 Mpa,0.123 Mpa,0.126 Mpa,0.125 Mpa,0.125 Mpa,0.00448 Mpa,0.122 Mpa,0.120 Mpa,0.123 Mpa,0.119 Mpa,0.00401 Mpa,0.119 Mpa,0.118 Mpa,0.163 Mpa,0.119 Mpa,0.00353 Mpa,1658 RPM
2026-09-09 07:00:00,0.124 Mpa,0.126 Mpa,0.126 Mpa,0.124 Mpa,0 Mpa,0.115 Mpa,0.113 Mpa,0.115 Mpa,0.115 Mpa,0 Mpa,,,,,,0.110 Mpa,0.113 Mpa,0.111 Mpa,0.113 Mpa,,0.120 Mpa,0.118 Mpa,0.119 Mpa,1.02 Mpa,0 Mpa,0.123 Mpa,0.123 Mpa,0.122 Mpa,0.124 Mpa,0 Mpa,0.130 Mpa,0.117 Mpa,0.130 Mpa,0.129 Mpa,0 Mpa,0.127 Mpa,0.129 Mpa,0.131 Mpa,0.127 Mpa,0 Mpa,0.124 Mpa,0.127 Mpa,0.127 Mpa,0.127 Mpa,0 Mpa,0.120 Mpa,0.119 Mpa,0.122 Mpa,0.118 Mpa,0 Mpa,0.122 Mpa,0.122 Mpa,0.169 Mpa,0.123 Mpa,0 Mpa,1745 RPM
2026-09-09 10:00:00,0.127 Mpa,0.129 Mpa,0.129 Mpa,0.127 Mpa,0 Mpa,0.117 Mpa,0.115 Mpa,0.117 Mpa,0.117 Mpa,0 Mpa,0.114 Mpa,0.112 Mpa,0.114 Mpa,0.111 Mpa,0 Mpa,0.125 Mpa,0.129 Mpa,0.125 Mpa,0.127 Mpa,,0.116 Mpa,0.115 Mpa,0.116 Mpa,1.02 Mpa,0 Mpa,0.122 Mpa,0.122 Mpa,0.120 Mpa,0.123 Mpa,0.00559 Mpa,0.130 Mpa,0.0770 Mpa,0.130 Mpa,0.129 Mpa,0.00463 Mpa,0.127 Mpa,0.127 Mpa,0.130 Mpa,0.126 Mpa,0 Mpa,0.126 Mpa,0.129 Mpa,0.128 Mpa,0.129 Mpa,0 Mpa,0.124 Mpa,0.122 Mpa,0.125 Mpa,0.121 Mpa,0 Mpa,0.118 Mpa,0.118 Mpa,0.150 Mpa,0.119 Mpa,0 Mpa,1738 RPM
2026-09-09 13:00:00,0.126 Mpa,0.128 Mpa,0.128 Mpa,0.124 Mpa,0.0209 Mpa,0.114 Mpa,0.112 Mpa,0.114 Mpa,0.114 Mpa,0 Mpa,0.121 Mpa,0.118 Mpa,0.121 Mpa,0.118 Mpa,0 Mpa,0.123 Mpa,0.127 Mpa,0.122 Mpa,0.125 Mpa,,0.115 Mpa,0.114 Mpa,0.114 Mpa,1.01 Mpa,0.0107 Mpa,0.121 Mpa,0.120 Mpa,0.120 Mpa,0.121 Mpa,0 Mpa,0.132 Mpa,0.0365 Mpa,0.131 Mpa,0.130 Mpa,0 Mpa,0.123 Mpa,0.125 Mpa,0.126 Mpa,0.123 Mpa,0 Mpa,0.121 Mpa,0.122 Mpa,0.123 Mpa,0.123 Mpa,0.0137 Mpa,0.125 Mpa,0.124 Mpa,0.127 Mpa,0.123 Mpa,0 Mpa,0.115 Mpa,0.114 Mpa,0.139 Mpa,0.115 Mpa,0 Mpa,1735 RPM
2026-09-09 16:00:00,0.125 Mpa,0.127 Mpa,0.126 Mpa,0.126 Mpa,0 Mpa,0.114 Mpa,0.112 Mpa,0.114 Mpa,0.114 Mpa,0 Mpa,0.118 Mpa,0.115 Mpa,0.118 Mpa,0.115 Mpa,0 Mpa,0.114 Mpa,0.119 Mpa,0.115 Mpa,0.117 Mpa,,0.116 Mpa,0.115 Mpa,0.115 Mpa,1.02 Mpa,0 Mpa,0.121 Mpa,0.120 Mpa,0.120 Mpa,0.121 Mpa,0 Mpa,0.128 Mpa,0.0668 Mpa,0.128 Mpa,0.127 Mpa,0 Mpa,0.125 Mpa,0.126 Mpa,0.128 Mpa,0.124 Mpa,0 Mpa,0.123 Mpa,0.127 Mpa,0.126 Mpa,0.127 Mpa,0.00470 Mpa,0.120 Mpa,0.119 Mpa,0.122 Mpa,0.119 Mpa,0 Mpa,0.121 Mpa,0.120 Mpa,0.161 Mpa,0.122 Mpa,0.0204 Mpa,1646 RPM
2026-09-09 19:00:00,0.122 Mpa,0.124 Mpa,0.123 Mpa,0.122 Mpa,0 Mpa,0.116 Mpa,0.114 Mpa,0.115 Mpa,0.116 Mpa,0 Mpa,0.118 Mpa,0.116 Mpa,0.118 Mpa,0.115 Mpa,0 Mpa,0.121 Mpa,0.125 Mpa,0.120 Mpa,0.123 Mpa,,0.116 Mpa,0.115 Mpa,0.115 Mpa,1.01 Mpa,0.00552 Mpa,0.116 Mpa,0.117 Mpa,0.115 Mpa,0.118 Mpa,0 Mpa,0.127 Mpa,0.0821 Mpa,0.126 Mpa,0.126 Mpa,0 Mpa,0.126 Mpa,0.127 Mpa,0.129 Mpa,0.125 Mpa,0 Mpa,0.123 Mpa,0.126 Mpa,0.125 Mpa,0.126 Mpa,0 Mpa,0.122 Mpa,0.120 Mpa,0.124 Mpa,0.120 Mpa,0 Mpa,0.121 Mpa,0.120 Mpa,0.179 Mpa,0.121 Mpa,0 Mpa,1645 RPM
2026-09-09 22:00:00,0.120 Mpa,0.122 Mpa,0.121 Mpa,0.120 Mpa,0.00391 Mpa,0.117 Mpa,0.114 Mpa,0.117 Mpa,0.116 Mpa,0.0164 Mpa,0.123 Mpa,0.120 Mpa,0.123 Mpa,0.119 Mpa,0 Mpa,0.118 Mpa,0.123 Mpa,0.118 Mpa,0.121 Mpa,,0.117 Mpa,0.116 Mpa,0.117 Mpa,1.02 Mpa,0 Mpa,0.117 Mpa,0.116 Mpa,0.116 Mpa,0.117 Mpa,0 Mpa,0.132 Mpa,0.0931 Mpa,0.130 Mpa,0.130 Mpa,0 Mpa,0.129 Mpa,0.130 Mpa,0.132 Mpa,0.128 Mpa,0.00520 Mpa,0.123 Mpa,0.126 Mpa,0.125 Mpa,0.125 Mpa,0 Mpa,0.118 Mpa,0.118 Mpa,0.120 Mpa,0.117 Mpa,0 Mpa,0.122 Mpa,0.121 Mpa,0.154 Mpa,0.122 Mpa,0 Mpa,1717 RPM
2026-09-10 01:00:00,,,,,,0.115 Mpa,0.113 Mpa,0.115 Mpa,0.114 Mpa,0.00634 Mpa,0.123 Mpa,0.121 Mpa,0.123 Mpa,0.120 Mpa,0.0144 Mpa,0.114 Mpa,0.119 Mpa,0.114 Mpa,0.117 Mpa,,0.115 Mpa,0.114 Mpa,0.114 Mpa,1.02 Mpa,0 Mpa,0.121 Mpa,0.120 Mpa,0.120 Mpa,0.121 Mpa,0 Mpa,0.127 Mpa,0.0754 Mpa,0.126 Mpa,0.126 Mpa,0 Mpa,0.126 Mpa,0.127 Mpa,0.129 Mpa,0.126 Mpa,0 Mpa,0.116 Mpa,0.119 Mpa,0.118 Mpa,0.119 Mpa,0 Mpa,0.115 Mpa,0.115 Mpa,0.117 Mpa,0.115 Mpa,0.00871 Mpa,0.119 Mpa,0.119 Mpa,0.149 Mpa,0.120 Mpa,0.00686 Mpa,1607 RPM
2026-09-10 04:00:00,,,,,,0.119 Mpa,0.116 Mpa,0.118 Mpa,0.118 Mpa,0 Mpa,0.121 Mpa,0.118 Mpa,0.120 Mpa,0.118 Mpa,0 Mpa,0.115 Mpa,0.119 Mpa,0.115 Mpa,0.117 Mpa,,0.118 Mpa,0.116 Mpa,0.117 Mpa,1.02 Mpa,0 Mpa,0.121 Mpa,0.121 Mpa,0.120 Mpa,0.122 Mpa,0 Mpa,0.125 Mpa,0.114 Mpa,0.124 Mpa,0.124 Mpa,0 Mpa,0.123 Mpa,0.124 Mpa,0.126 Mpa,0.123 Mpa,0 Mpa,0.120 Mpa,0.123 Mpa,0.122 Mpa,0.123 Mpa,0.00469 Mpa,0.122 Mpa,0.122 Mpa,0.124 Mpa,0.121 Mpa,0.00105 Mpa,0.122 Mpa,0.121 Mpa,0.154 Mpa,0.122 Mpa,0 Mpa,1658 RPM
2026-09-10 07:00:00,0.106 Mpa,0.107 Mpa,0.107 Mpa,0.108 Mpa,0.0710 Mpa,0.121 Mpa,0.118 Mpa,0.121 Mpa,0.121 Mpa,0 Mpa,0.126 Mpa,0.123 Mpa,0.125 Mpa,0.122 Mpa,0 Mpa,0.121 Mpa,0.124 Mpa,0.120 Mpa,0.122 Mpa,,0.118 Mpa,0.116 Mpa,0.117 Mpa,1.02 Mpa,0 Mpa,0.120 Mpa,0.120 Mpa,0.118 Mpa,0.121 Mpa,0 Mpa,0.132 Mpa,0.104 Mpa,0.131 Mpa,0.131 Mpa,0 Mpa,0.127 Mpa,0.128 Mpa,0.130 Mpa,0.126 Mpa,0 Mpa,0.123 Mpa,0.127 Mpa,0.126 Mpa,0.126 Mpa,0 Mpa,0.124 Mpa,0.122 Mpa,0.126 Mpa,0.122 Mpa,0 Mpa,0.125 Mpa,0.124 Mpa,0.164 Mpa,0.126 Mpa,0 Mpa,1802 RPM
2026-09-10 10:00:00,,,,,,0.121 Mpa,0.117 Mpa,0.120 Mpa,0.119 Mpa,0 Mpa,0.127 Mpa,0.123 Mpa,0.126 Mpa,0.124 Mpa,0 Mpa,0.122 Mpa,0.126 Mpa,0.121 Mpa,0.124 Mpa,,0.117 Mpa,0.114 Mpa,0.117 Mpa,1.01 Mpa,0.00578 Mpa,0.119 Mpa,0.119 Mpa,0.118 Mpa,0.120 Mpa,0 Mpa,0.132 Mpa,0.0657 Mpa,0.131 Mpa,0.130 Mpa,0 Mpa,0.131 Mpa,0.132 Mpa,0.135 Mpa,0.130 Mpa,0 Mpa,0.122 Mpa,0.125 Mpa,0.125 Mpa,0.124 Mpa,0 Mpa,0.119 Mpa,0.118 Mpa,0.121 Mpa,0.118 Mpa,0.00293 Mpa,0.120 Mpa,0.120 Mpa,0.155 Mpa,0.121 Mpa,0 Mpa,1765 RPM
2026-09-10 13:00:00,,,,,,0.121 Mpa,0.118 Mpa,0.121 Mpa,0.120 Mpa,0 Mpa,0.120 Mpa,0.118 Mpa,0.120 Mpa,0.118 Mpa,0 Mpa,0.124 Mpa,0.128 Mpa,0.124 Mpa,0.126 Mpa,,0.116 Mpa,0.114 Mpa,0.116 Mpa,1.02 Mpa,0 Mpa,0.117 Mpa,0.117 Mpa,0.116 Mpa,0.118 Mpa,0 Mpa,0.126 Mpa,0.149 Mpa,0.126 Mpa,0.125 Mpa,0 Mpa,0.129 Mpa,0.130 Mpa,0.133 Mpa,0.129 Mpa,0 Mpa,0.125 Mpa,0.128 Mpa,0.127 Mpa,0.128 Mpa,0.00926 Mpa,0.126 Mpa,0.125 Mpa,0.128 Mpa,0.124 Mpa,0 Mpa,0.124 Mpa,0.124 Mpa,0.160 Mpa,0.126 Mpa,0 Mpa,1700 RPM
2026-09-10 16:00:00,,,,,,0.118 Mpa,0.116 Mpa,0.118 Mpa,0.118 Mpa,0 Mpa,0.116 Mpa,0.113 Mpa,0.116 Mpa,0.113 Mpa,0 Mpa,0.120 Mpa,0.124 Mpa,0.121 Mpa,0.122 Mpa,,0.116 Mpa,0.114 Mpa,0.115 Mpa,1.02 Mpa,0 Mpa,0.119 Mpa,0.118 Mpa,0.117 Mpa,0.119 Mpa,0 Mpa,0.130 Mpa,0.0256 Mpa,0.129 Mpa,0.127 Mpa,0.00529 Mpa,0.131 Mpa,0.131 Mpa,0.134 Mpa,0.129 Mpa,0 Mpa,0.124 Mpa,0.126 Mpa,0.126 Mpa,0.125 Mpa,0.00462 Mpa,0.122 Mpa,0.121 Mpa,0.124 Mpa,0.120 Mpa,0.00396 Mpa,0.119 Mpa,0.119 Mpa,0.160 Mpa,0.120 Mpa,0.0126 Mpa,1697 RPM
2026-09-10 19:00:00,,,,,,0.119 Mpa,0.116 Mpa,0.118 Mpa,0.118 Mpa,0 Mpa,0.123 Mpa,0.121 Mpa,0.124 Mpa,0.121 Mpa,0 Mpa,0.122 Mpa,0.126 Mpa,0.121 Mpa,0.124 Mpa,,0.122 Mpa,0.121 Mpa,0.122 Mpa,1.02 Mpa,0 Mpa,0.122 Mpa,0.121 Mpa,0.120 Mpa,0.122 Mpa,0 Mpa,0.127 Mpa,0.125 Mpa,0.127 Mpa,0.127 Mpa,0 Mpa,0.129 Mpa,0.130 Mpa,0.133 Mpa,0.128 Mpa,0 Mpa,0.126 Mpa,0.129 Mpa,0.128 Mpa,0.128 Mpa,0 Mpa,0.117 Mpa,0.116 Mpa,0.119 Mpa,0.116 Mpa,0 Mpa,0.124 Mpa,0.124 Mpa,0.164 Mpa,0.125 Mpa,0 Mpa,1788 RPM
2026-09-10 22:00:00,,,,,,0.118 Mpa,0.116 Mpa,0.118 Mpa,0.118 Mpa,0 Mpa,0.122 Mpa,0.119 Mpa,0.122 Mpa,0.118 Mpa,0 Mpa,0.117 Mpa,0.122 Mpa,0.118 Mpa,0.121 Mpa,,0.116 Mpa,0.114 Mpa,0.115 Mpa,1.01 Mpa,0.00713 Mpa,0.126 Mpa,0.126 Mpa,0.125 Mpa,0.127 Mpa,0 Mpa,0.133 Mpa,0.0986 Mpa,0.132 Mpa,0.131 Mpa,0 Mpa,0.125 Mpa,0.126 Mpa,0.128 Mpa,0.124 Mpa,0.00614 Mpa,0.122 Mpa,0.125 Mpa,0.123 Mpa,0.124 Mpa,0 Mpa,0.118 Mpa,0.117 Mpa,0.120 Mpa,0.117 Mpa,0.00403 Mpa,0.119 Mpa,0.119 Mpa,0.150 Mpa,0.121 Mpa,0 Mpa,1750 RPM
2026-09-11 01:00:00,0.112 Mpa,0.113 Mpa,0.113 Mpa,0.113 Mpa,0.0436 Mpa,0.120 Mpa,0.118 Mpa,0.120 Mpa,0.120 Mpa,0.0105 Mpa,0.120 Mpa,0.118 Mpa,0.120 Mpa,0.118 Mpa,0.00475 Mpa,0.117 Mpa,0.122 Mpa,0.118 Mpa,0.120 Mpa,,0.118 Mpa,0.116 Mpa,0.117 Mpa,1.02 Mpa,0 Mpa,0.122 Mpa,0.122 Mpa,0.121 Mpa,0.124 Mpa,0 Mpa,0.129 Mpa,0.0819 Mpa,0.128 Mpa,0.128 Mpa,0 Mpa,0.122 Mpa,0.122 Mpa,0.124 Mpa,0.121 Mpa,0 Mpa,0.124 Mpa,0.127 Mpa,0.126 Mpa,0.126 Mpa,0 Mpa,0.117 Mpa,0.117 Mpa,0.119 Mpa,0.117 Mpa,0 Mpa,0.118 Mpa,0.118 Mpa,0.173 Mpa,0.119 Mpa,0.00402 Mpa,1742 RPM
2026-09-11 04:00:00,0.124 Mpa,0.126 Mpa,0.125 Mpa,0.126 Mpa,0 Mpa,0.117 Mpa,0.115 Mpa,0.117 Mpa,0.117 Mpa,0 Mpa,0.124 Mpa,0.122 Mpa,0.125 Mpa,0.122 Mpa,0 Mpa,0.119 Mpa,0.122 Mpa,0.119 Mpa,0.120 Mpa,,0.117 Mpa,0.115 Mpa,0.116 Mpa,1.02 Mpa,0 Mpa,0.121 Mpa,0.120 Mpa,0.119 Mpa,0.121 Mpa,0 Mpa,0.126 Mpa,0.0846 Mpa,0.126 Mpa,0.125 Mpa,0 Mpa,0.128 Mpa,0.129 Mpa,0.132 Mpa,0.128 Mpa,0 Mpa,0.123 Mpa,0.126 Mpa,0.125 Mpa,0.125 Mpa,0.0142 Mpa,0.117 Mpa,0.116 Mpa,0.119 Mpa,0.116 Mpa,0.00409 Mpa,0.127 Mpa,0.127 Mpa,0.156 Mpa,0.128 Mpa,0.00331 Mpa,1739 RPM
2026-09-11 07:00:00,0.129 Mpa,0.132 Mpa,0.130 Mpa,0.133 Mpa,0 Mpa,0.122 Mpa,0.118 Mpa,0.122 Mpa,0.121 Mpa,0 Mpa,0.122 Mpa,0.118 Mpa,0.122 Mpa,0.118 Mpa,0 Mpa,0.123 Mpa,0.127 Mpa,0.123 Mpa,0.125 Mpa,,0.116 Mpa,0.115 Mpa,0.116 Mpa,1.02 Mpa,0 Mpa,0.120 Mpa,0.119 Mpa,0.119 Mpa,0.121 Mpa,0 Mpa,0.123 Mpa,0.112 Mpa,0.123 Mpa,0.122 Mpa,0.00544 Mpa,0.130 Mpa,0.131 Mpa,0.133 Mpa,0.129 Mpa,0 Mpa,0.122 Mpa,0.125 Mpa,0.124 Mpa,0.124 Mpa,0 Mpa,0.124 Mpa,0.123 Mpa,0.126 Mpa,0.123 Mpa,0 Mpa,0.126 Mpa,0.127 Mpa,0.172 Mpa,0.128 Mpa,0 Mpa,1802 RPM
2026-09-11 10:00:00,0.125 Mpa,0.127 Mpa,0.126 Mpa,0.127 Mpa,0 Mpa,0.120 Mpa,0.117 Mpa,0.119 Mpa,0.119 Mpa,0 Mpa,0.120 Mpa,0.116 Mpa,0.119 Mpa,0.116 Mpa,0 Mpa,0.124 Mpa,0.127 Mpa,0.124 Mpa,0.125 Mpa,,0.116 Mpa,0.115 Mpa,0.116 Mpa,1.02 Mpa,0 Mpa,0.119 Mpa,0.118 Mpa,0.118 Mpa,0.119 Mpa,0 Mpa,0.124 Mpa,0.121 Mpa,0.123 Mpa,0.124 Mpa,0 Mpa,0.126 Mpa,0.128 Mpa,0.130 Mpa,0.126 Mpa,0.0104 Mpa,0.122 Mpa,0.126 Mpa,0.125 Mpa,0.125 Mpa,0 Mpa,0.124 Mpa,0.124 Mpa,0.126 Mpa,0.123 Mpa,0 Mpa,0.123 Mpa,0.124 Mpa,0.162 Mpa,0.125 Mpa,0 Mpa,1745 RPM
2026-09-11 13:00:00,0.126 Mpa,0.129 Mpa,0.127 Mpa,0.129 Mpa,0 Mpa,0.116 Mpa,0.112 Mpa,0.115 Mpa,0.115 Mpa,0 Mpa,0.119 Mpa,0.116 Mpa,0.119 Mpa,0.116 Mpa,0 Mpa,0.125 Mpa,0.129 Mpa,0.124 Mpa,0.127 Mpa,,0.118 Mpa,0.116 Mpa,0.118 Mpa,1.02 Mpa,0 Mpa,0.118 Mpa,0.118 Mpa,0.117 Mpa,0.119 Mpa,0.0118 Mpa,0.132 Mpa,0.0765 Mpa,0.131 Mpa,0.130 Mpa,0 Mpa,0.115 Mpa,0.116 Mpa,0.117 Mpa,0.114 Mpa,0 Mpa,0.120 Mpa,0.122 Mpa,0.122 Mpa,0.122 Mpa,0.00478 Mpa,0.123 Mpa,0.122 Mpa,0.125 Mpa,0.121 Mpa,0 Mpa,0.125 Mpa,0.125 Mpa,0.168 Mpa,0.127 Mpa,0 Mpa,1729 RPM
2026-09-11 16:00:00,0.118 Mpa,0.120 Mpa,0.119 Mpa,0.120 Mpa,0 Mpa,0.117 Mpa,0.114 Mpa,0.117 Mpa,0.117 Mpa,0.00496 Mpa,0.118 Mpa,0.114 Mpa,0.118 Mpa,0.114 Mpa,0 Mpa,0.121 Mpa,0.124 Mpa,0.121 Mpa,0.122 Mpa,,0.117 Mpa,0.116 Mpa,0.117 Mpa,1.02 Mpa,0 Mpa,0.117 Mpa,0.117 Mpa,0.116 Mpa,0.117 Mpa,0 Mpa,0.127 Mpa,0.0313 Mpa,0.126 Mpa,0.125 Mpa,0 Mpa,0.123 Mpa,0.125 Mpa,0.126 Mpa,0.123 Mpa,0 Mpa,0.119 Mpa,0.121 Mpa,0.120 Mpa,0.121 Mpa,0 Mpa,0.119 Mpa,0.119 Mpa,0.121 Mpa,0.118 Mpa,0.00433 Mpa,0.120 Mpa,0.119 Mpa,0.145 Mpa,0.121 Mpa,0 Mpa,1684 RPM
2026-09-11 19:00:00,0.123 Mpa,0.125 Mpa,0.124 Mpa,0.125 Mpa,0 Mpa,0.120 Mpa,0.118 Mpa,0.120 Mpa,0.120 Mpa,0 Mpa,0.120 Mpa,0.116 Mpa,0.120 Mpa,0.116 Mpa,0 Mpa,0.119 Mpa,0.122 Mpa,0.119 Mpa,0.121 Mpa,,0.116 Mpa,0.114 Mpa,0.115 Mpa,1.02 Mpa,0 Mpa,0.119 Mpa,0.121 Mpa,0.118 Mpa,0.122 Mpa,0 Mpa,0.125 Mpa,0.0498 Mpa,0.124 Mpa,0.124 Mpa,0 Mpa,0.127 Mpa,0.128 Mpa,0.131 Mpa,0.126 Mpa,0 Mpa,0.125 Mpa,0.129 Mpa,0.127 Mpa,0.129 Mpa,0 Mpa,0.117 Mpa,0.116 Mpa,0.119 Mpa,0.116 Mpa,0 Mpa,0.112 Mpa,0.111 Mpa,0.138 Mpa,0.112 Mpa,0 Mpa,1756 RPM
2026-09-11 22:00:00,0.127 Mpa,0.128 Mpa,0.128 Mpa,0.128 Mpa,0.00563 Mpa,0.120 Mpa,0.118 Mpa,0.120 Mpa,0.120 Mpa,0 Mpa,0.123 Mpa,0.120 Mpa,0.123 Mpa,0.119 Mpa,0 Mpa,0.119 Mpa,0.123 Mpa,0.119 Mpa,0.121 Mpa,,0.116 Mpa,0.114 Mpa,0.116 Mpa,1.01 Mpa,0.00520 Mpa,0.119 Mpa,0.120 Mpa,0.117 Mpa,0.120 Mpa,0 Mpa,0.128 Mpa,0.0566 Mpa,0.127 Mpa,0.127 Mpa,0 Mpa,0.128 Mpa,0.130 Mpa,0.132 Mpa,0.128 Mpa,0.00841 Mpa,0.123 Mpa,0.125 Mpa,0.125 Mpa,0.125 Mpa,0 Mpa,0.116 Mpa,0.116 Mpa,0.118 Mpa,0.115 Mpa,0.00446 Mpa,0.128 Mpa,0.127 Mpa,0.170 Mpa,0.129 Mpa,0 Mpa,1740 RPM
2026-09-12 01:00:00,,,,,,0.119 Mpa,0.117 Mpa,0.119 Mpa,0.119 Mpa,0.0133 Mpa,0.121 Mpa,0.117 Mpa,0.121 Mpa,0.117 Mpa,0.00531 Mpa,0.113 Mpa,0.115 Mpa,0.113 Mpa,0.114 Mpa,,0.118 Mpa,0.116 Mpa,0.117 Mpa,1.02 Mpa,0 Mpa,0.123 Mpa,0.124 Mpa,0.122 Mpa,0.125 Mpa,0 Mpa,0.124 Mpa,0.109 Mpa,0.124 Mpa,0.124 Mpa,0.00567 Mpa,0.124 Mpa,0.125 Mpa,0.127 Mpa,0.124 Mpa,0 Mpa,0.123 Mpa,0.125 Mpa,0.125 Mpa,0.125 Mpa,0 Mpa,0.115 Mpa,0.114 Mpa,0.116 Mpa,0.114 Mpa,0 Mpa,0.121 Mpa,0.120 Mpa,0.171 Mpa,0.121 Mpa,0.00498 Mpa,1692 RPM
2026-09-12 04:00:00,,,,,,0.119 Mpa,0.116 Mpa,0.119 Mpa,0.119 Mpa,0 Mpa,0.120 Mpa,0.117 Mpa,0.119 Mpa,0.117 Mpa,0 Mpa,,,,,,0.115 Mpa,0.114 Mpa,0.114 Mpa,1.02 Mpa,0 Mpa,0.118 Mpa,0.119 Mpa,0.116 Mpa,0.119 Mpa,0 Mpa,0.124 Mpa,0.122 Mpa,0.123 Mpa,0.123 Mpa,0.00373 Mpa,0.124 Mpa,0.124 Mpa,0.127 Mpa,0.123 Mpa,0 Mpa,0.120 Mpa,0.122 Mpa,0.121 Mpa,0.121 Mpa,0.00425 Mpa,0.121 Mpa,0.119 Mpa,0.122 Mpa,0.119 Mpa,0.00409 Mpa,0.123 Mpa,0.122 Mpa,0.176 Mpa,0.123 Mpa,0.00821 Mpa,1658 RPM
2026-09-12 07:00:00,,,,,,0.118 Mpa,0.115 Mpa,0.118 Mpa,0.118 Mpa,0 Mpa,0.121 Mpa,0.117 Mpa,0.121 Mpa,0.117 Mpa,0 Mpa,,,,,,0.120 Mpa,0.118 Mpa,0.119 Mpa,1.02 Mpa,0 Mpa,0.120 Mpa,0.120 Mpa,0.118 Mpa,0.121 Mpa,0 Mpa,0.126 Mpa,0.119 Mpa,0.125 Mpa,0.125 Mpa,0 Mpa,0.128 Mpa,0.128 Mpa,0.131 Mpa,0.127 Mpa,0 Mpa,0.124 Mpa,0.128 Mpa,0.126 Mpa,0.127 Mpa,0 Mpa,0.123 Mpa,0.122 Mpa,0.125 Mpa,0.121 Mpa,0 Mpa,0.119 Mpa,0.118 Mpa,0.177 Mpa,0.119 Mpa,0 Mpa,1727 RPM
2026-09-12 10:00:00,0.126 Mpa,0.128 Mpa,0.127 Mpa,0.128 Mpa,0.00580 Mpa,0.116 Mpa,0.115 Mpa,0.116 Mpa,0.117 Mpa,0 Mpa,0.122 Mpa,0.119 Mpa,0.122 Mpa,0.119 Mpa,0 Mpa,,,,,,0.119 Mpa,0.117 Mpa,0.118 Mpa,1.02 Mpa,0 Mpa,0.118 Mpa,0.118 Mpa,0.117 Mpa,0.119 Mpa,0.0207 Mpa,0.127 Mpa,0.103 Mpa,0.126 Mpa,0.126 Mpa,0.0105 Mpa,0.125 Mpa,0.125 Mpa,0.128 Mpa,0.124 Mpa,0 Mpa,0.122 Mpa,0.125 Mpa,0.124 Mpa,0.125 Mpa,0 Mpa,0.121 Mpa,0.120 Mpa,0.123 Mpa,0.120 Mpa,0 Mpa,0.118 Mpa,0.118 Mpa,0.166 Mpa,0.119 Mpa,0 Mpa,1724 RPM
2026-09-12 13:00:00,0.127 Mpa,0.128 Mpa,0.127 Mpa,0.128 Mpa,0 Mpa,0.116 Mpa,0.114 Mpa,0.116 Mpa,0.116 Mpa,0 Mpa,0.122 Mpa,0.118 Mpa,0.121 Mpa,0.118 Mpa,0 Mpa,0.0996 Mpa,0.101 Mpa,0.100 Mpa,0.100 Mpa,,0.115 Mpa,0.113 Mpa,0.114 Mpa,1.02 Mpa,0 Mpa,0.119 Mpa,0.119 Mpa,0.118 Mpa,0.120 Mpa,0 Mpa,0.132 Mpa,0.0761 Mpa,0.130 Mpa,0.129 Mpa,0 Mpa,0.125 Mpa,0.125 Mpa,0.128 Mpa,0.124 Mpa,0 Mpa,0.120 Mpa,0.121 Mpa,0.121 Mpa,0.121 Mpa,0.00496 Mpa,0.122 Mpa,0.121 Mpa,0.124 Mpa,0.121 Mpa,0 Mpa,0.120 Mpa,0.119 Mpa,0.171 Mpa,0.120 Mpa,0 Mpa,1666 RPM
2026-09-12 16:00:00,0.122 Mpa,0.125 Mpa,0.124 Mpa,0.123 Mpa,0.00483 Mpa,0.114 Mpa,0.112 Mpa,0.114 Mpa,0.114 Mpa,0.00317 Mpa,0.118 Mpa,0.116 Mpa,0.118 Mpa,0.116 Mpa,0 Mpa,,,,,,0.115 Mpa,0.114 Mpa,0.114 Mpa,1.02 Mpa,0 Mpa,,,,,,0.128 Mpa,0.0570 Mpa,0.128 Mpa,0.127 Mpa,0 Mpa,0.126 Mpa,0.127 Mpa,0.130 Mpa,0.126 Mpa,0 Mpa,0.124 Mpa,0.127 Mpa,0.126 Mpa,0.127 Mpa,0.00453 Mpa,0.123 Mpa,0.122 Mpa,0.125 Mpa,0.121 Mpa,0 Mpa,0.116 Mpa,0.116 Mpa,0.162 Mpa,0.116 Mpa,0.00331 Mpa,1693 RPM
2026-09-12 19:00:00,0.118 Mpa,0.120 Mpa,0.119 Mpa,0.116 Mpa,0 Mpa,0.119 Mpa,0.116 Mpa,0.119 Mpa,0.118 Mpa,0 Mpa,0.121 Mpa,0.118 Mpa,0.120 Mpa,0.118 Mpa,0 Mpa,,,,,,0.117 Mpa,0.115 Mpa,0.117 Mpa,1.01 Mpa,0.00548 Mpa,,,,,,0.129 Mpa,0.0544 Mpa,0.128 Mpa,0.127 Mpa,0 Mpa,0.129 Mpa,0.130 Mpa,0.133 Mpa,0.128 Mpa,0 Mpa,0.125 Mpa,0.128 Mpa,0.127 Mpa,0.127 Mpa,0 Mpa,0.120 Mpa,0.120 Mpa,0.122 Mpa,0.119 Mpa,0 Mpa,0.123 Mpa,0.122 Mpa,0.170 Mpa,0.123 Mpa,0 Mpa,1795 RPM
2026-09-12 22:00:00,0.117 Mpa,0.119 Mpa,0.118 Mpa,0.116 Mpa,0 Mpa,0.120 Mpa,0.118 Mpa,0.120 Mpa,0.120 Mpa,0 Mpa,0.120 Mpa,0.117 Mpa,0.120 Mpa,0.117 Mpa,0.0121 Mpa,,,,,,0.113 Mpa,0.111 Mpa,0.112 Mpa,1.02 Mpa,0 Mpa,,,,,,0.123 Mpa,0.0612 Mpa,0.122 Mpa,0.122 Mpa,0 Mpa,0.126 Mpa,0.128 Mpa,0.130 Mpa,0.126 Mpa,0 Mpa,0.124 Mpa,0.128 Mpa,0.126 Mpa,0.127 Mpa,0 Mpa,0.119 Mpa,0.118 Mpa,0.120 Mpa,0.117 Mpa,0.00931 Mpa,0.122 Mpa,0.122 Mpa,0.178 Mpa,0.124 Mpa,0 Mpa,1741 RPM
2026-09-13 01:00:00,0.123 Mpa,0.124 Mpa,0.124 Mpa,0.124 Mpa,0 Mpa,0.122 Mpa,0.120 Mpa,0.122 Mpa,0.122 Mpa,0.0272 Mpa,0.119 Mpa,0.116 Mpa,0.119 Mpa,0.116 Mpa,0 Mpa,,,,,,0.116 Mpa,0.114 Mpa,0.115 Mpa,1.02 Mpa,0 Mpa,,,,,,0.131 Mpa,0.0307 Mpa,0.130 Mpa,0.129 Mpa,0 Mpa,0.124 Mpa,0.125 Mpa,0.127 Mpa,0.123 Mpa,0.0134 Mpa,0.123 Mpa,0.126 Mpa,0.125 Mpa,0.126 Mpa,0 Mpa,0.124 Mpa,0.123 Mpa,0.126 Mpa,0.122 Mpa,0 Mpa,0.124 Mpa,0.123 Mpa,0.161 Mpa,0.125 Mpa,0.0183 Mpa,1771 RPM
2026-09-13 04:00:00,0.115 Mpa,0.118 Mpa,0.116 Mpa,0.117 Mpa,0 Mpa,0.112 Mpa,0.112 Mpa,0.113 Mpa,0.114 Mpa,0.00430 Mpa,0.116 Mpa,0.113 Mpa,0.116 Mpa,0.113 Mpa,0.00822 Mpa,,,,,,0.117 Mpa,0.116 Mpa,0.116 Mpa,1.02 Mpa,0 Mpa,,,,,,0.125 Mpa,0.0506 Mpa,0.124 Mpa,0.123 Mpa,0 Mpa,0.125 Mpa,0.126 Mpa,0.129 Mpa,0.124 Mpa,0 Mpa,0.122 Mpa,0.125 Mpa,0.124 Mpa,0.124 Mpa,0.00438 Mpa,0.120 Mpa,0.119 Mpa,0.121 Mpa,0.118 Mpa,0 Mpa,0.120 Mpa,0.120 Mpa,0.156 Mpa,0.121 Mpa,0.00338 Mpa,1607 RPM
2026-09-13 07:00:00,0.123 Mpa,0.125 Mpa,0.123 Mpa,0.125 Mpa,0 Mpa,0.117 Mpa,0.115 Mpa,0.118 Mpa,0.117 Mpa,0.00389 Mpa,0.118 Mpa,0.114 Mpa,0.118 Mpa,0.114 Mpa,0 Mpa,,,,,,0.116 Mpa,0.115 Mpa,0.116 Mpa,1.02 Mpa,0 Mpa,,,,,,0.132 Mpa,0.0452 Mpa,0.131 Mpa,0.130 Mpa,0 Mpa,0.127 Mpa,0.128 Mpa,0.131 Mpa,0.126 Mpa,0 Mpa,0.124 Mpa,0.127 Mpa,0.125 Mpa,0.127 Mpa,0 Mpa,0.121 Mpa,0.121 Mpa,0.123 Mpa,0.120 Mpa,0 Mpa,0.117 Mpa,0.116 Mpa,0.153 Mpa,0.117 Mpa,0 Mpa,1703 RPM
2026-09-13 10:00:00,0.119 Mpa,0.121 Mpa,0.121 Mpa,0.121 Mpa,0.00498 Mpa,0.118 Mpa,0.116 Mpa,0.118 Mpa,0.118 Mpa,0 Mpa,0.122 Mpa,0.118 Mpa,0.122 Mpa,0.119 Mpa,0 Mpa,,,,,,0.120 Mpa,0.118 Mpa,0.119 Mpa,1.02 Mpa,0 Mpa,,,,,,0.131 Mpa,0.0839 Mpa,0.130 Mpa,0.130 Mpa,0.00432 Mpa,0.127 Mpa,0.128 Mpa,0.132 Mpa,0.127 Mpa,0 Mpa,0.128 Mpa,0.131 Mpa,0.130 Mpa,0.130 Mpa,0 Mpa,0.122 Mpa,0.121 Mpa,0.124 Mpa,0.120 Mpa,0 Mpa,0.127 Mpa,0.126 Mpa,0.157 Mpa,0.128 Mpa,0 Mpa,1715 RPM
2026-09-13 13:00:00,0.127 Mpa,0.129 Mpa,0.128 Mpa,0.129 Mpa,0 Mpa,0.119 Mpa,0.118 Mpa,0.119 Mpa,0.120 Mpa,0 Mpa,0.121 Mpa,0.117 Mpa,0.121 Mpa,0.118 Mpa,0 Mpa,,,,,,0.116 Mpa,0.114 Mpa,0.115 Mpa,1.02 Mpa,0 Mpa,0.125 Mpa,0.125 Mpa,0.124 Mpa,0.126 Mpa,0 Mpa,0.129 Mpa,0.0800 Mpa,0.127 Mpa,0.127 Mpa,0.00439 Mpa,0.126 Mpa,0.126 Mpa,0.130 Mpa,0.125 Mpa,0 Mpa,0.121 Mpa,0.125 Mpa,0.123 Mpa,0.124 Mpa,0.0112 Mpa,0.120 Mpa,0.120 Mpa,0.121 Mpa,0.119 Mpa,0 Mpa,0.123 Mpa,0.123 Mpa,0.152 Mpa,0.124 Mpa,0 Mpa,1708 RPM
2026-09-13 16:00:00,0.123 Mpa,0.124 Mpa,0.124 Mpa,0.125 Mpa,0 Mpa,0.119 Mpa,0.118 Mpa,0.119 Mpa,0.120 Mpa,0 Mpa,0.120 Mpa,0.117 Mpa,0.120 Mpa,0.116 Mpa,0 Mpa,,,,,,0.117 Mpa,0.115 Mpa,0.116 Mpa,1.02 Mpa,0 Mpa,0.116 Mpa,0.116 Mpa,0.115 Mpa,0.117 Mpa,0 Mpa,0.130 Mpa,0.0725 Mpa,0.129 Mpa,0.128 Mpa,0 Mpa,0.126 Mpa,0.128 Mpa,0.130 Mpa,0.126 Mpa,0 Mpa,0.121 Mpa,0.123 Mpa,0.123 Mpa,0.123 Mpa,0.00569 Mpa,0.115 Mpa,0.114 Mpa,0.117 Mpa,0.114 Mpa,0.00415 Mpa,0.123 Mpa,0.123 Mpa,0.161 Mpa,0.124 Mpa,0.00465 Mpa,1718 RPM
2026-09-13 19:00:00,0.116 Mpa,0.118 Mpa,0.117 Mpa,0.117 Mpa,0 Mpa,0.119 Mpa,0.117 Mpa,0.119 Mpa,0.120 Mpa,0 Mpa,0.121 Mpa,0.117 Mpa,0.121 Mpa,0.117 Mpa,0 Mpa,,,,,,0.120 Mpa,0.118 Mpa,0.120 Mpa,1.02 Mpa,0 Mpa,0.117 Mpa,0.117 Mpa,0.116 Mpa,0.118 Mpa,0 Mpa,0.131 Mpa,0.0241 Mpa,0.130 Mpa,0.129 Mpa,0 Mpa,0.126 Mpa,0.127 Mpa,0.130 Mpa,0.125 Mpa,0 Mpa,0.123 Mpa,0.126 Mpa,0.124 Mpa,0.125 Mpa,0 Mpa,0.116 Mpa,0.115 Mpa,0.118 Mpa,0.115 Mpa,0 Mpa,0.125 Mpa,0.125 Mpa,0.171 Mpa,0.126 Mpa,0 Mpa,1806 RPM
2026-09-13 22:00:00,0.111 Mpa,0.113 Mpa,0.111 Mpa,0.113 Mpa,0.00514 Mpa,0.119 Mpa,0.118 Mpa,0.119 Mpa,0.120 Mpa,0 Mpa,0.116 Mpa,0.112 Mpa,0.116 Mpa,0.112 Mpa,0.00222 Mpa,,,,,,0.122 Mpa,0.120 Mpa,0.121 Mpa,1.01 Mpa,0.0143 Mpa,0.118 Mpa,0.118 Mpa,0.116 Mpa,0.119 Mpa,0 Mpa,0.123 Mpa,0.0681 Mpa,0.123 Mpa,0.122 Mpa,0 Mpa,0.126 Mpa,0.127 Mpa,0.129 Mpa,0.125 Mpa,0 Mpa,0.121 Mpa,0.123 Mpa,0.123 Mpa,0.123 Mpa,0 Mpa,0.115 Mpa,0.115 Mpa,0.117 Mpa,0.115 Mpa,0 Mpa,0.121 Mpa,0.122 Mpa,0.164 Mpa,0.123 Mpa,0.00354 Mpa,1701 RPM
2026-09-14 01:00:00,0.122 Mpa,0.123 Mpa,0.122 Mpa,0.122 Mpa,0 Mpa,0.116 Mpa,0.114 Mpa,0.116 Mpa,0.116 Mpa,0 Mpa,0.120 Mpa,0.116 Mpa,0.120 Mpa,0.116 Mpa,0 Mpa,,,,,,0.121 Mpa,0.119 Mpa,0.121 Mpa,1.02 Mpa,0 Mpa,0.116 Mpa,0.115 Mpa,0.114 Mpa,0.116 Mpa,0.00665 Mpa,0.129 Mpa,0.0598 Mpa,0.128 Mpa,0.127 Mpa,0 Mpa,0.122 Mpa,0.123 Mpa,0.125 Mpa,0.122 Mpa,0.00569 Mpa,0.126 Mpa,0.130 Mpa,0.128 Mpa,0.129 Mpa,0 Mpa,0.108 Mpa,0.108 Mpa,0.109 Mpa,0.108 Mpa,0 Mpa,0.129 Mpa,0.129 Mpa,0.159 Mpa,0.130 Mpa,0.00667 Mpa,1698 RPM
2026-09-14 04:00:00,0.116 Mpa,0.118 Mpa,0.117 Mpa,0.117 Mpa,0 Mpa,0.117 Mpa,0.115 Mpa,0.117 Mpa,0.117 Mpa,0.00588 Mpa,0.124 Mpa,0.120 Mpa,0.124 Mpa,0.120 Mpa,0 Mpa,,,,,,0.117 Mpa,0.115 Mpa,0.117 Mpa,1.02 Mpa,0 Mpa,0.114 Mpa,0.115 Mpa,0.112 Mpa,0.115 Mpa,0 Mpa,0.128 Mpa,0.0794 Mpa,0.127 Mpa,0.127 Mpa,0 Mpa,0.128 Mpa,0.129 Mpa,0.132 Mpa,0.127 Mpa,0 Mpa,0.123 Mpa,0.126 Mpa,0.124 Mpa,0.125 Mpa,0.00123 Mpa,0.114 Mpa,0.112 Mpa,0.114 Mpa,0.113 Mpa,0 Mpa,0.124 Mpa,0.123 Mpa,0.167 Mpa,0.125 Mpa,0.00338 Mpa,1696 RPM
2026-09-14 07:00:00,0.123 Mpa,0.126 Mpa,0.125 Mpa,0.125 Mpa,0 Mpa,0.121 Mpa,0.118 Mpa,0.120 Mpa,0.120 Mpa,0 Mpa,0.122 Mpa,0.118 Mpa,0.121 Mpa,0.118 Mpa,0 Mpa,,,,,,0.121 Mpa,0.119 Mpa,0.121 Mpa,1.02 Mpa,0 Mpa,0.118 Mpa,0.118 Mpa,0.116 Mpa,0.118 Mpa,0 Mpa,0.129 Mpa,0.0657 Mpa,0.128 Mpa,0.128 Mpa,0 Mpa,0.122 Mpa,0.123 Mpa,0.125 Mpa,0.121 Mpa,0 Mpa,0.129 Mpa,0.131 Mpa,0.131 Mpa,0.130 Mpa,0 Mpa,,,,,,0.123 Mpa,0.122 Mpa,0.177 Mpa,0.123 Mpa,0 Mpa,1774 RPM
2026-09-14 10:00:00,0.120 Mpa,0.121 Mpa,0.120 Mpa,0.119 Mpa,0.00895 Mpa,0.124 Mpa,0.122 Mpa,0.122 Mpa,0.123 Mpa,0 Mpa,0.118 Mpa,0.115 Mpa,0.118 Mpa,0.115 Mpa,0 Mpa,,,,,,0.120 Mpa,0.118 Mpa,0.120 Mpa,1.02 Mpa,0 Mpa,0.114 Mpa,0.115 Mpa,0.114 Mpa,0.116 Mpa,0 Mpa,0.129 Mpa,0.101 Mpa,0.128 Mpa,0.127 Mpa,0 Mpa,0.129 Mpa,0.131 Mpa,0.134 Mpa,0.130 Mpa,0 Mpa,0.129 Mpa,0.132 Mpa,0.131 Mpa,0.131 Mpa,0 Mpa,,,,,,0.123 Mpa,0.122 Mpa,0.177 Mpa,0.123 Mpa,0 Mpa,1719 RPM

