"Time","I45","I49","I50","I51","I52","I53","I54","I55","I56","I57","I58","I45","I49","I50","I51","I52","I53","I54","I55","I56","I57","I58"
2026-08-24 17:00:00,27.4 V,27.7 V,27.3 V,27.6 V,26.8 V,27.6 V,27.2 V,27.3 V,27.0 V,,27.3 V,800 rpm,1402 rpm,800 rpm,800 rpm,800 rpm,800 rpm,1842 rpm,1897 rpm,1866 rpm,,800 rpm
2026-08-24 17:30:00,27.3 V,27.2 V,27.5 V,27.4 V,26.8 V,27.7 V,27.2 V,27.3 V,27.0 V,,25.3 V,1848 rpm,0 rpm,800 rpm,1835 rpm,1871 rpm,1843 rpm,799 rpm,800 rpm,1850 rpm,,0 rpm
2026-08-24 18:00:00,27.2 V,27.7 V,27.4 V,27.0 V,26.7 V,27.6 V,27.4 V,27.5 V,27.1 V,26.9 V,27.5 V,1850 rpm,1902 rpm,1847 rpm,1400 rpm,1890 rpm,1841 rpm,1826 rpm,1869 rpm,1870 rpm,1876 rpm,1400 rpm
2026-08-24 18:30:00,27.2 V,27.8 V,27.4 V,27.0 V,26.4 V,27.6 V,27.4 V,27.4 V,27.1 V,26.9 V,27.2 V,1861 rpm,1837 rpm,1840 rpm,1401 rpm,1810 rpm,1861 rpm,1882 rpm,1901 rpm,1867 rpm,1847 rpm,1868 rpm
2026-08-24 19:00:00,27.3 V,27.8 V,27.5 V,27.2 V,27.2 V,27.6 V,27.4 V,27.5 V,27.3 V,27.0 V,27.4 V,1846 rpm,1852 rpm,1850 rpm,1861 rpm,799 rpm,1872 rpm,1841 rpm,1860 rpm,1900 rpm,1900 rpm,1890 rpm
2026-08-24 19:30:00,27.2 V,27.8 V,27.5 V,26.9 V,26.4 V,27.7 V,27.5 V,27.5 V,27.2 V,27.0 V,27.3 V,1897 rpm,1864 rpm,1842 rpm,1812 rpm,1864 rpm,1823 rpm,1400 rpm,1892 rpm,1907 rpm,1891 rpm,1828 rpm
2026-08-24 20:00:00,27.2 V,27.8 V,27.4 V,26.5 V,27.1 V,27.7 V,27.4 V,24.4 V,27.2 V,27.0 V,27.3 V,1856 rpm,1869 rpm,1838 rpm,1852 rpm,1844 rpm,1890 rpm,1859 rpm,800 rpm,1877 rpm,1860 rpm,1842 rpm
2026-08-24 20:30:00,27.1 V,27.8 V,27.4 V,27.3 V,27.2 V,27.7 V,27.4 V,27.4 V,27.4 V,27.0 V,27.3 V,1849 rpm,799 rpm,1838 rpm,1856 rpm,1834 rpm,1922 rpm,1896 rpm,1850 rpm,1877 rpm,1898 rpm,1871 rpm
2026-08-24 21:00:00,27.2 V,27.8 V,27.5 V,27.3 V,27.2 V,27.7 V,27.4 V,27.5 V,27.4 V,27.1 V,27.4 V,1832 rpm,1843 rpm,1897 rpm,1844 rpm,1862 rpm,1863 rpm,1884 rpm,1903 rpm,1884 rpm,1856 rpm,1837 rpm
2026-08-24 21:30:00,27.2 V,27.8 V,27.5 V,26.7 V,27.3 V,27.7 V,27.3 V,27.4 V,27.4 V,27.1 V,27.3 V,1883 rpm,1873 rpm,1821 rpm,1891 rpm,800 rpm,1811 rpm,1883 rpm,1903 rpm,1866 rpm,1874 rpm,1829 rpm
2026-08-24 22:00:00,27.2 V,27.8 V,27.5 V,26.6 V,27.4 V,27.7 V,27.5 V,27.5 V,27.3 V,27.1 V,27.3 V,1898 rpm,1901 rpm,801 rpm,1901 rpm,800 rpm,1811 rpm,1840 rpm,1873 rpm,1823 rpm,1859 rpm,1848 rpm
2026-08-24 22:30:00,27.2 V,27.8 V,27.5 V,27.0 V,27.3 V,27.7 V,27.4 V,27.5 V,27.3 V,27.1 V,27.4 V,1901 rpm,1883 rpm,1402 rpm,1879 rpm,800 rpm,1837 rpm,1873 rpm,1844 rpm,1903 rpm,1856 rpm,1890 rpm
2026-08-24 23:00:00,25.4 V,27.8 V,27.5 V,27.2 V,27.2 V,27.7 V,27.4 V,27.4 V,27.2 V,27.1 V,27.4 V,0 rpm,1838 rpm,1827 rpm,1858 rpm,1401 rpm,1821 rpm,1843 rpm,1914 rpm,1901 rpm,1901 rpm,1839 rpm
2026-08-24 23:30:00,25.4 V,27.8 V,27.5 V,26.1 V,27.4 V,27.7 V,27.4 V,26.1 V,27.3 V,27.1 V,27.3 V,0 rpm,1899 rpm,1398 rpm,1863 rpm,800 rpm,1801 rpm,1802 rpm,1836 rpm,1895 rpm,1898 rpm,1868 rpm
2026-08-25 00:00:00,27.2 V,27.8 V,25.1 V,27.1 V,27.3 V,27.7 V,27.4 V,26.4 V,27.3 V,26.1 V,27.4 V,1858 rpm,1838 rpm,0 rpm,1865 rpm,1901 rpm,1860 rpm,1853 rpm,1401 rpm,1903 rpm,0 rpm,1401 rpm
2026-08-25 00:30:00,27.1 V,27.8 V,25.6 V,26.9 V,27.3 V,27.6 V,27.4 V,27.5 V,27.3 V,27.1 V,27.5 V,800 rpm,1853 rpm,800 rpm,1848 rpm,1885 rpm,1903 rpm,1870 rpm,1868 rpm,1826 rpm,800 rpm,1399 rpm
2026-08-25 01:00:00,27.2 V,27.8 V,27.4 V,27.3 V,27.0 V,27.7 V,27.5 V,27.5 V,27.4 V,27.2 V,27.4 V,1894 rpm,1827 rpm,1860 rpm,1900 rpm,1898 rpm,1864 rpm,1400 rpm,1860 rpm,1852 rpm,,1924 rpm
2026-08-25 01:30:00,27.2 V,27.8 V,27.5 V,27.3 V,27.1 V,27.7 V,27.4 V,27.5 V,27.3 V,27.2 V,25.4 V,1860 rpm,1902 rpm,1401 rpm,1841 rpm,1839 rpm,1881 rpm,1399 rpm,1874 rpm,1874 rpm,1893 rpm,0 rpm
2026-08-25 02:00:00,27.3 V,27.8 V,27.5 V,26.8 V,27.1 V,27.7 V,27.3 V,27.4 V,27.3 V,27.2 V,,1842 rpm,1899 rpm,1847 rpm,1900 rpm,1838 rpm,1841 rpm,800 rpm,1902 rpm,1872 rpm,1852 rpm,0 rpm
2026-08-25 02:30:00,27.2 V,27.8 V,27.6 V,27.2 V,26.6 V,,27.5 V,27.4 V,27.4 V,27.2 V,,1841 rpm,1852 rpm,1845 rpm,1844 rpm,1867 rpm,,800 rpm,1837 rpm,1834 rpm,1854 rpm,1844 rpm
2026-08-25 03:00:00,27.2 V,27.8 V,27.6 V,27.3 V,27.3 V,27.8 V,27.6 V,27.4 V,27.4 V,27.2 V,27.3 V,1869 rpm,801 rpm,1877 rpm,1841 rpm,800 rpm,1840 rpm,799 rpm,1901 rpm,1899 rpm,1874 rpm,1872 rpm
2026-08-25 03:30:00,27.2 V,27.8 V,27.6 V,27.2 V,27.2 V,27.7 V,27.7 V,27.4 V,27.2 V,27.4 V,27.4 V,1891 rpm,1883 rpm,1865 rpm,1835 rpm,1400 rpm,1873 rpm,1854 rpm,1845 rpm,1895 rpm,800 rpm,1901 rpm
2026-08-25 04:00:00,27.2 V,27.8 V,27.5 V,26.8 V,27.4 V,27.7 V,27.7 V,27.4 V,27.4 V,27.2 V,27.5 V,1846 rpm,1863 rpm,1857 rpm,1844 rpm,1867 rpm,1872 rpm,1902 rpm,1852 rpm,1859 rpm,1842 rpm,1400 rpm
2026-08-25 04:30:00,27.2 V,27.8 V,27.6 V,26.5 V,26.9 V,27.7 V,,27.4 V,27.2 V,27.2 V,27.3 V,1843 rpm,1883 rpm,1835 rpm,1901 rpm,1863 rpm,1857 rpm,,1900 rpm,1900 rpm,1845 rpm,1881 rpm
2026-08-25 05:00:00,27.2 V,27.8 V,27.4 V,27.5 V,27.4 V,27.7 V,,27.4 V,27.4 V,27.2 V,27.3 V,800 rpm,1863 rpm,800 rpm,799 rpm,799 rpm,800 rpm,,799 rpm,1867 rpm,1897 rpm,1909 rpm
2026-08-25 05:30:00,27.2 V,27.7 V,27.6 V,26.7 V,26.8 V,27.8 V,,27.4 V,27.4 V,27.2 V,27.3 V,1401 rpm,800 rpm,1901 rpm,1901 rpm,1867 rpm,1400 rpm,,800 rpm,800 rpm,1889 rpm,801 rpm
2026-08-25 06:00:00,27.3 V,27.8 V,27.6 V,27.3 V,27.3 V,27.8 V,,27.5 V,27.3 V,27.1 V,27.3 V,1401 rpm,1853 rpm,300 rpm,1860 rpm,800 rpm,1400 rpm,,1891 rpm,1900 rpm,1868 rpm,1878 rpm
2026-08-25 06:30:00,27.3 V,27.8 V,,27.3 V,27.3 V,27.8 V,,27.5 V,27.2 V,27.1 V,27.4 V,1856 rpm,1847 rpm,,1888 rpm,800 rpm,1866 rpm,,1893 rpm,1880 rpm,1867 rpm,1401 rpm
2026-08-25 07:00:00,27.2 V,27.7 V,,27.0 V,27.1 V,27.8 V,,27.4 V,26.9 V,27.4 V,27.5 V,1865 rpm,802 rpm,800 rpm,1839 rpm,1899 rpm,1818 rpm,,1900 rpm,1865 rpm,799 rpm,1399 rpm
2026-08-25 07:30:00,27.3 V,27.8 V,,27.4 V,27.1 V,27.8 V,,27.4 V,27.5 V,27.1 V,27.2 V,1856 rpm,1819 rpm,,1838 rpm,1851 rpm,1839 rpm,,1883 rpm,800 rpm,1812 rpm,1857 rpm
2026-08-25 08:00:00,27.2 V,27.7 V,27.5 V,27.0 V,27.1 V,27.8 V,,27.4 V,27.1 V,27.2 V,27.3 V,1896 rpm,1841 rpm,1868 rpm,1842 rpm,1836 rpm,1845 rpm,,1844 rpm,1869 rpm,1831 rpm,1899 rpm
2026-08-25 08:30:00,27.3 V,27.7 V,27.5 V,26.4 V,26.8 V,27.8 V,,27.4 V,27.3 V,27.2 V,27.0 V,1898 rpm,1900 rpm,1838 rpm,1862 rpm,1899 rpm,1854 rpm,,1836 rpm,1864 rpm,1400 rpm,1852 rpm
2026-08-25 09:00:00,27.2 V,27.7 V,27.5 V,27.2 V,27.1 V,27.8 V,,27.4 V,27.4 V,27.0 V,27.2 V,1896 rpm,1835 rpm,1854 rpm,1900 rpm,1841 rpm,1400 rpm,,1897 rpm,800 rpm,1868 rpm,1855 rpm
2026-08-25 09:30:00,27.2 V,27.7 V,27.5 V,27.1 V,27.1 V,27.7 V,,27.3 V,27.4 V,27.0 V,27.1 V,1842 rpm,1902 rpm,1894 rpm,1879 rpm,1821 rpm,1900 rpm,,1817 rpm,800 rpm,1888 rpm,1907 rpm
2026-08-25 10:00:00,27.2 V,27.7 V,27.5 V,27.3 V,26.5 V,27.7 V,,27.3 V,27.2 V,27.2 V,27.1 V,1845 rpm,1853 rpm,1864 rpm,799 rpm,1866 rpm,1874 rpm,,1792 rpm,1848 rpm,1400 rpm,1843 rpm
2026-08-25 10:30:00,25.3 V,27.7 V,25.7 V,27.3 V,26.5 V,27.8 V,,27.3 V,27.2 V,27.0 V,27.4 V,796 rpm,800 rpm,800 rpm,1842 rpm,1904 rpm,1469 rpm,,1899 rpm,1858 rpm,1902 rpm,800 rpm
2026-08-25 11:00:00,27.1 V,27.7 V,,27.1 V,27.0 V,27.8 V,,27.3 V,27.1 V,26.9 V,27.2 V,1862 rpm,1874 rpm,,1900 rpm,1889 rpm,1399 rpm,,1844 rpm,1839 rpm,1863 rpm,1861 rpm
2026-08-25 11:30:00,27.2 V,27.7 V,27.7 V,27.2 V,26.7 V,27.9 V,27.6 V,27.3 V,27.1 V,27.0 V,27.1 V,1843 rpm,1845 rpm,799 rpm,801 rpm,1861 rpm,800 rpm,1880 rpm,1869 rpm,1840 rpm,1879 rpm,1900 rpm
2026-08-25 12:00:00,27.2 V,27.7 V,27.3 V,26.7 V,26.8 V,,25.7 V,27.2 V,27.4 V,26.9 V,27.1 V,1877 rpm,1885 rpm,0 rpm,1852 rpm,1854 rpm,,0 rpm,800 rpm,800 rpm,1891 rpm,1847 rpm
2026-08-25 12:30:00,,27.6 V,,26.6 V,26.6 V,,,27.2 V,27.1 V,26.9 V,27.4 V,,1860 rpm,,1848 rpm,1838 rpm,,,1898 rpm,1833 rpm,1882 rpm,1400 rpm
2026-08-25 13:00:00,27.2 V,27.7 V,,26.6 V,26.4 V,,,27.2 V,27.2 V,25.8 V,25.8 V,1864 rpm,800 rpm,,1881 rpm,1835 rpm,,,1890 rpm,1870 rpm,801 rpm,1888 rpm
2026-08-25 13:30:00,27.2 V,27.7 V,,27.3 V,26.6 V,27.9 V,,27.2 V,27.1 V,27.4 V,,1844 rpm,1865 rpm,,0 rpm,1907 rpm,1862 rpm,,1870 rpm,1908 rpm,800 rpm,
2026-08-25 14:00:00,27.3 V,27.5 V,,,26.8 V,27.7 V,,27.2 V,27.1 V,27.1 V,27.1 V,1844 rpm,800 rpm,800 rpm,136 rpm,1839 rpm,1853 rpm,,1810 rpm,1866 rpm,1883 rpm,1401 rpm
2026-08-25 14:30:00,27.3 V,27.6 V,,26.6 V,26.6 V,27.6 V,,27.2 V,27.1 V,27.1 V,27.0 V,1851 rpm,1842 rpm,,1902 rpm,1839 rpm,1902 rpm,,1837 rpm,1901 rpm,1888 rpm,1859 rpm
2026-08-25 15:00:00,27.3 V,27.6 V,,27.3 V,26.8 V,27.6 V,,27.2 V,25.6 V,27.2 V,26.9 V,1401 rpm,1845 rpm,,1861 rpm,1832 rpm,1856 rpm,,1887 rpm,0 rpm,1399 rpm,1868 rpm
2026-08-25 15:30:00,27.3 V,27.7 V,,27.0 V,27.0 V,27.6 V,,27.2 V,25.6 V,27.1 V,27.0 V,1847 rpm,1842 rpm,,1890 rpm,1861 rpm,1870 rpm,,1859 rpm,0 rpm,1902 rpm,1865 rpm
2026-08-25 16:00:00,27.3 V,27.7 V,,26.8 V,26.9 V,27.7 V,,27.2 V,27.4 V,26.7 V,27.1 V,1834 rpm,1860 rpm,,1876 rpm,1899 rpm,1900 rpm,,1844 rpm,800 rpm,1880 rpm,1868 rpm
2026-08-25 16:30:00,27.3 V,27.7 V,27.5 V,27.3 V,26.5 V,27.7 V,,27.2 V,27.2 V,27.3 V,27.1 V,1860 rpm,1886 rpm,1866 rpm,1839 rpm,1847 rpm,1898 rpm,,1877 rpm,1901 rpm,1856 rpm,1904 rpm
2026-08-25 17:00:00,27.4 V,27.7 V,27.5 V,27.5 V,26.4 V,26.6 V,,27.2 V,27.2 V,27.2 V,27.2 V,1400 rpm,1898 rpm,800 rpm,801 rpm,1873 rpm,1400 rpm,,1864 rpm,1848 rpm,1912 rpm,1903 rpm
2026-08-25 17:30:00,27.3 V,27.6 V,27.6 V,27.4 V,27.0 V,27.8 V,,27.2 V,26.4 V,24.1 V,26.6 V,1867 rpm,1863 rpm,1855 rpm,1895 rpm,1899 rpm,1839 rpm,,800 rpm,1866 rpm,1401 rpm,1867 rpm
2026-08-25 18:00:00,27.3 V,27.7 V,27.5 V,26.7 V,27.0 V,27.7 V,,27.2 V,27.0 V,27.0 V,27.1 V,1852 rpm,1841 rpm,1877 rpm,1856 rpm,1838 rpm,1399 rpm,,1875 rpm,1840 rpm,801 rpm,1853 rpm
2026-08-25 18:30:00,27.3 V,27.7 V,27.5 V,26.7 V,26.6 V,27.8 V,,27.3 V,27.3 V,27.0 V,27.1 V,1401 rpm,1866 rpm,1890 rpm,1849 rpm,1853 rpm,800 rpm,,1850 rpm,1401 rpm,1878 rpm,1869 rpm
2026-08-25 19:00:00,27.3 V,27.7 V,27.5 V,27.0 V,26.8 V,27.8 V,,27.3 V,27.2 V,27.1 V,27.1 V,1880 rpm,1911 rpm,1838 rpm,800 rpm,1830 rpm,1903 rpm,,1815 rpm,1838 rpm,1877 rpm,1839 rpm
2026-08-25 19:30:00,27.3 V,27.8 V,27.5 V,26.7 V,27.1 V,27.8 V,,27.3 V,27.1 V,27.0 V,27.2 V,1841 rpm,1842 rpm,1896 rpm,1841 rpm,1855 rpm,1871 rpm,,1838 rpm,1866 rpm,1857 rpm,1851 rpm
2026-08-25 20:00:00,27.3 V,27.7 V,27.5 V,26.3 V,26.7 V,27.8 V,,27.3 V,27.2 V,27.1 V,27.2 V,1842 rpm,1897 rpm,1856 rpm,1841 rpm,1866 rpm,1898 rpm,,1863 rpm,1866 rpm,1897 rpm,1880 rpm
2026-08-25 20:30:00,27.3 V,27.7 V,27.5 V,27.2 V,26.8 V,27.8 V,,27.4 V,27.2 V,27.3 V,27.2 V,1843 rpm,1891 rpm,800 rpm,799 rpm,1859 rpm,1900 rpm,,1867 rpm,1860 rpm,800 rpm,1856 rpm
2026-08-25 21:00:00,27.3 V,27.7 V,27.5 V,27.0 V,27.1 V,27.8 V,,27.4 V,27.1 V,27.2 V,27.2 V,1839 rpm,1854 rpm,1840 rpm,1839 rpm,1856 rpm,1904 rpm,,1874 rpm,1835 rpm,1865 rpm,1866 rpm
2026-08-25 21:30:00,27.3 V,27.8 V,27.5 V,27.1 V,27.1 V,27.8 V,,27.3 V,27.2 V,27.3 V,27.1 V,1873 rpm,1838 rpm,1839 rpm,1874 rpm,1400 rpm,1850 rpm,,1900 rpm,1911 rpm,800 rpm,1872 rpm
2026-08-25 22:00:00,27.3 V,27.7 V,27.5 V,27.0 V,27.1 V,27.8 V,,27.4 V,27.2 V,27.1 V,27.2 V,1892 rpm,1841 rpm,1859 rpm,799 rpm,1881 rpm,1906 rpm,,1899 rpm,1900 rpm,1845 rpm,1899 rpm
2026-08-25 22:30:00,27.1 V,27.8 V,27.5 V,26.4 V,26.7 V,27.8 V,,27.4 V,27.1 V,27.2 V,27.3 V,1900 rpm,1863 rpm,1891 rpm,1881 rpm,1849 rpm,1842 rpm,,1845 rpm,1842 rpm,1870 rpm,1852 rpm
2026-08-25 23:00:00,27.3 V,27.8 V,27.5 V,27.1 V,26.7 V,27.8 V,,27.3 V,27.2 V,27.1 V,27.3 V,1842 rpm,1852 rpm,1890 rpm,1401 rpm,1845 rpm,1881 rpm,,1840 rpm,1861 rpm,1864 rpm,1883 rpm
2026-08-25 23:30:00,27.2 V,27.8 V,27.4 V,26.6 V,26.9 V,27.7 V,,27.3 V,27.4 V,27.3 V,27.2 V,1847 rpm,1857 rpm,1850 rpm,1856 rpm,1864 rpm,1859 rpm,,1882 rpm,1400 rpm,800 rpm,1872 rpm
2026-08-26 00:00:00,27.3 V,27.7 V,25.8 V,26.6 V,26.8 V,27.8 V,,27.4 V,27.2 V,27.4 V,27.4 V,1901 rpm,1876 rpm,1900 rpm,1863 rpm,1868 rpm,1894 rpm,0 rpm,1818 rpm,1774 rpm,1844 rpm,1400 rpm
2026-08-26 00:30:00,27.3 V,27.8 V,27.5 V,26.7 V,27.3 V,27.8 V,,27.3 V,27.2 V,27.2 V,27.2 V,1901 rpm,1858 rpm,1899 rpm,1899 rpm,1846 rpm,1892 rpm,,1867 rpm,1550 rpm,1866 rpm,1851 rpm
2026-08-26 01:00:00,27.4 V,27.8 V,27.5 V,26.1 V,25.7 V,,,27.3 V,27.3 V,27.2 V,27.2 V,1885 rpm,1840 rpm,1837 rpm,1899 rpm,0 rpm,,,1902 rpm,799 rpm,1867 rpm,1884 rpm
2026-08-26 01:30:00,27.3 V,27.8 V,27.2 V,27.0 V,26.9 V,27.9 V,,27.3 V,27.2 V,27.3 V,27.4 V,1871 rpm,1894 rpm,1840 rpm,1473 rpm,1838 rpm,1400 rpm,,800 rpm,1838 rpm,1400 rpm,1401 rpm
2026-08-26 02:00:00,26.1 V,27.8 V,27.5 V,27.1 V,26.8 V,27.8 V,,27.4 V,27.1 V,27.2 V,27.2 V,290 rpm,1902 rpm,1879 rpm,1857 rpm,1837 rpm,1867 rpm,,1897 rpm,1822 rpm,1851 rpm,1852 rpm
2026-08-26 02:30:00,24.4 V,27.8 V,27.5 V,26.9 V,26.7 V,27.8 V,,27.4 V,27.3 V,27.4 V,27.3 V,0 rpm,1858 rpm,796 rpm,1860 rpm,1875 rpm,1897 rpm,,1846 rpm,800 rpm,1400 rpm,1900 rpm
2026-08-26 03:00:00,27.3 V,27.8 V,27.4 V,26.3 V,27.3 V,27.8 V,,27.3 V,27.1 V,25.8 V,27.3 V,1871 rpm,1865 rpm,1833 rpm,1881 rpm,1400 rpm,799 rpm,,1880 rpm,1896 rpm,800 rpm,1843 rpm
2026-08-26 03:30:00,27.3 V,27.8 V,27.5 V,27.0 V,27.2 V,27.8 V,,27.4 V,27.2 V,27.3 V,27.3 V,1901 rpm,1837 rpm,1867 rpm,1871 rpm,800 rpm,800 rpm,,1901 rpm,1844 rpm,1850 rpm,1839 rpm
2026-08-26 04:00:00,27.3 V,25.7 V,27.5 V,27.1 V,27.3 V,27.8 V,,27.4 V,27.3 V,27.3 V,27.3 V,1874 rpm,0 rpm,1878 rpm,1908 rpm,1400 rpm,1805 rpm,,1887 rpm,800 rpm,1834 rpm,1839 rpm
2026-08-26 04:30:00,27.4 V,27.7 V,27.5 V,27.3 V,27.4 V,27.8 V,,27.3 V,27.2 V,27.2 V,27.3 V,1876 rpm,1832 rpm,1854 rpm,799 rpm,1837 rpm,801 rpm,,1838 rpm,1842 rpm,1854 rpm,1847 rpm
2026-08-26 05:00:00,27.3 V,27.7 V,27.5 V,27.4 V,27.3 V,27.8 V,,27.4 V,27.1 V,27.3 V,27.3 V,800 rpm,1877 rpm,800 rpm,800 rpm,800 rpm,801 rpm,,1884 rpm,1841 rpm,1859 rpm,1875 rpm
2026-08-26 05:30:00,27.3 V,27.8 V,27.5 V,26.4 V,27.2 V,27.2 V,,27.3 V,27.3 V,27.5 V,27.3 V,1906 rpm,0 rpm,1874 rpm,1904 rpm,1833 rpm,800 rpm,,801 rpm,0 rpm,801 rpm,1861 rpm
2026-08-26 06:00:00,27.3 V,,27.5 V,27.2 V,26.8 V,27.8 V,,27.4 V,27.1 V,27.3 V,27.0 V,1894 rpm,,1839 rpm,1847 rpm,1841 rpm,1907 rpm,,1870 rpm,1833 rpm,1837 rpm,1907 rpm
2026-08-26 06:30:00,27.3 V,27.8 V,27.5 V,26.4 V,27.0 V,27.8 V,,27.4 V,27.1 V,27.3 V,27.5 V,1885 rpm,1832 rpm,1840 rpm,1909 rpm,1864 rpm,1838 rpm,,1845 rpm,1838 rpm,1905 rpm,1400 rpm
2026-08-26 07:00:00,27.3 V,27.8 V,27.5 V,27.4 V,26.7 V,27.8 V,,27.5 V,27.0 V,27.3 V,27.6 V,1843 rpm,1905 rpm,1897 rpm,800 rpm,1839 rpm,1883 rpm,,1887 rpm,1836 rpm,1854 rpm,1399 rpm
2026-08-26 07:30:00,27.3 V,27.7 V,27.5 V,27.1 V,26.7 V,27.8 V,,27.5 V,27.1 V,27.4 V,27.5 V,1400 rpm,1839 rpm,1903 rpm,1860 rpm,1836 rpm,1894 rpm,,1902 rpm,1866 rpm,1400 rpm,1860 rpm
2026-08-26 08:00:00,27.3 V,27.7 V,27.5 V,26.3 V,26.6 V,27.8 V,,27.4 V,27.1 V,27.2 V,27.2 V,1848 rpm,1867 rpm,1865 rpm,1849 rpm,1839 rpm,1791 rpm,,1844 rpm,1847 rpm,1911 rpm,1889 rpm
2026-08-26 08:30:00,27.3 V,27.7 V,27.5 V,26.3 V,27.1 V,27.6 V,,27.4 V,26.9 V,27.2 V,27.1 V,1844 rpm,1895 rpm,1900 rpm,1850 rpm,1826 rpm,1871 rpm,,1864 rpm,1861 rpm,1860 rpm,1905 rpm
2026-08-26 09:00:00,27.4 V,27.7 V,27.4 V,27.2 V,26.9 V,27.6 V,,27.4 V,26.9 V,27.2 V,27.1 V,1906 rpm,1823 rpm,1852 rpm,1839 rpm,1841 rpm,1902 rpm,,1898 rpm,1862 rpm,1847 rpm,1831 rpm
2026-08-26 09:30:00,27.3 V,27.7 V,27.4 V,27.2 V,27.0 V,27.6 V,,27.4 V,27.0 V,27.2 V,27.1 V,1860 rpm,1841 rpm,800 rpm,800 rpm,1889 rpm,1889 rpm,,1899 rpm,1836 rpm,1862 rpm,1881 rpm
2026-08-26 10:00:00,27.2 V,27.7 V,27.4 V,24.4 V,27.1 V,27.5 V,,27.4 V,26.9 V,27.2 V,27.2 V,1902 rpm,1855 rpm,1827 rpm,800 rpm,1901 rpm,799 rpm,,1851 rpm,1836 rpm,1887 rpm,1901 rpm
2026-08-26 10:30:00,27.3 V,27.6 V,27.4 V,26.4 V,26.9 V,27.7 V,,27.4 V,26.9 V,27.1 V,27.2 V,1834 rpm,1853 rpm,1881 rpm,1852 rpm,1831 rpm,1852 rpm,,1847 rpm,1863 rpm,1903 rpm,1901 rpm
2026-08-26 11:00:00,27.2 V,27.6 V,27.4 V,27.1 V,27.0 V,27.7 V,,27.4 V,26.7 V,27.0 V,27.1 V,1860 rpm,1845 rpm,1126 rpm,1883 rpm,1879 rpm,1855 rpm,,1837 rpm,1877 rpm,1840 rpm,1844 rpm
2026-08-26 11:30:00,27.2 V,27.6 V,27.4 V,26.5 V,26.4 V,27.7 V,,27.4 V,27.5 V,27.1 V,27.2 V,1856 rpm,801 rpm,1849 rpm,1834 rpm,1859 rpm,1858 rpm,,1861 rpm,800 rpm,1909 rpm,1843 rpm
2026-08-26 12:00:00,26.4 V,27.6 V,27.4 V,26.3 V,26.8 V,27.6 V,,27.3 V,,27.2 V,27.1 V,799 rpm,1831 rpm,1833 rpm,1853 rpm,1876 rpm,1903 rpm,,1872 rpm,,1870 rpm,1832 rpm
2026-08-26 12:30:00,27.2 V,27.6 V,27.4 V,26.1 V,27.1 V,27.7 V,,27.3 V,,27.1 V,27.1 V,1857 rpm,1842 rpm,1865 rpm,1841 rpm,800 rpm,1828 rpm,,1898 rpm,,1885 rpm,1840 rpm
2026-08-26 13:00:00,27.2 V,27.6 V,27.4 V,25.7 V,27.1 V,27.7 V,,27.4 V,27.3 V,27.1 V,27.1 V,1855 rpm,1902 rpm,1880 rpm,0 rpm,801 rpm,1872 rpm,,1400 rpm,800 rpm,1899 rpm,1912 rpm
2026-08-26 13:30:00,27.2 V,27.6 V,27.4 V,25.6 V,27.1 V,27.7 V,,27.4 V,27.3 V,27.1 V,27.1 V,1865 rpm,1879 rpm,1865 rpm,0 rpm,1075 rpm,1896 rpm,,1842 rpm,1840 rpm,1871 rpm,1826 rpm
2026-08-26 14:00:00,27.2 V,27.7 V,27.4 V,25.6 V,26.5 V,27.6 V,,27.3 V,27.4 V,27.1 V,27.1 V,1858 rpm,1872 rpm,1899 rpm,0 rpm,1870 rpm,1860 rpm,,1400 rpm,800 rpm,1837 rpm,1878 rpm
2026-08-26 14:30:00,27.3 V,27.7 V,27.4 V,27.6 V,26.6 V,27.6 V,,27.3 V,27.3 V,27.3 V,27.0 V,1847 rpm,1838 rpm,800 rpm,799 rpm,1864 rpm,1400 rpm,,1400 rpm,1841 rpm,1849 rpm,1843 rpm
2026-08-26 15:00:00,27.2 V,27.7 V,27.5 V,25.8 V,26.4 V,27.7 V,,27.4 V,27.2 V,27.2 V,27.0 V,1851 rpm,1839 rpm,844 rpm,0 rpm,1902 rpm,1817 rpm,,1825 rpm,1901 rpm,1847 rpm,1870 rpm
2026-08-26 15:30:00,27.2 V,27.7 V,27.5 V,27.1 V,26.5 V,27.6 V,,27.3 V,27.2 V,27.3 V,27.2 V,1400 rpm,1839 rpm,800 rpm,1824 rpm,1832 rpm,1853 rpm,,800 rpm,1833 rpm,1399 rpm,1865 rpm
2026-08-26 16:00:00,27.2 V,27.8 V,27.8 V,26.8 V,26.4 V,27.7 V,,27.4 V,27.3 V,27.1 V,27.1 V,1898 rpm,800 rpm,800 rpm,1878 rpm,1903 rpm,1911 rpm,,1839 rpm,1401 rpm,1860 rpm,1880 rpm
2026-08-26 16:30:00,27.2 V,27.7 V,,27.3 V,27.0 V,27.6 V,,27.4 V,27.3 V,27.2 V,27.2 V,1864 rpm,1865 rpm,,1900 rpm,1835 rpm,1900 rpm,,1837 rpm,1895 rpm,1874 rpm,1839 rpm
2026-08-26 17:00:00,27.3 V,27.7 V,27.9 V,27.4 V,26.8 V,27.7 V,,27.3 V,27.3 V,27.1 V,27.2 V,1401 rpm,1842 rpm,800 rpm,801 rpm,1881 rpm,800 rpm,,1838 rpm,1837 rpm,1902 rpm,1871 rpm
2026-08-26 17:30:00,27.2 V,25.8 V,,26.5 V,26.4 V,27.8 V,,27.3 V,27.4 V,27.0 V,27.2 V,1863 rpm,0 rpm,0 rpm,1842 rpm,1844 rpm,1834 rpm,,1891 rpm,800 rpm,1902 rpm,800 rpm
2026-08-26 18:00:00,27.2 V,27.8 V,,26.9 V,26.4 V,27.7 V,,27.3 V,27.2 V,27.0 V,27.1 V,1862 rpm,1901 rpm,801 rpm,1880 rpm,1901 rpm,1902 rpm,,1823 rpm,1899 rpm,1905 rpm,1869 rpm
2026-08-26 18:30:00,27.3 V,27.8 V,27.6 V,27.3 V,26.9 V,27.8 V,,27.3 V,27.2 V,27.2 V,27.1 V,1877 rpm,1855 rpm,801 rpm,1855 rpm,1901 rpm,1853 rpm,,1838 rpm,1838 rpm,1850 rpm,1851 rpm
2026-08-26 19:00:00,27.3 V,27.8 V,27.6 V,26.5 V,26.3 V,27.8 V,,27.4 V,27.2 V,27.2 V,27.1 V,1914 rpm,1842 rpm,1858 rpm,1859 rpm,1885 rpm,1924 rpm,,1897 rpm,1852 rpm,1844 rpm,1858 rpm
2026-08-26 19:30:00,27.3 V,27.8 V,27.6 V,27.3 V,26.7 V,27.9 V,,27.5 V,27.2 V,27.1 V,27.1 V,1853 rpm,1845 rpm,1890 rpm,1873 rpm,1893 rpm,1401 rpm,,1874 rpm,1916 rpm,1853 rpm,1854 rpm
2026-08-26 20:00:00,27.2 V,27.8 V,27.6 V,27.4 V,27.0 V,27.8 V,,27.5 V,27.2 V,27.2 V,27.2 V,1879 rpm,1912 rpm,1881 rpm,1843 rpm,1834 rpm,1883 rpm,,1838 rpm,1903 rpm,1899 rpm,1913 rpm
2026-08-26 20:30:00,27.3 V,27.8 V,27.6 V,27.3 V,26.5 V,27.8 V,,27.5 V,27.3 V,27.4 V,27.2 V,1877 rpm,1895 rpm,1850 rpm,1854 rpm,1892 rpm,1901 rpm,,1876 rpm,1845 rpm,799 rpm,1848 rpm
2026-08-26 21:00:00,27.2 V,27.8 V,27.6 V,27.0 V,26.9 V,27.8 V,,27.5 V,27.3 V,27.1 V,25.3 V,1867 rpm,1797 rpm,1850 rpm,1872 rpm,1838 rpm,1856 rpm,,1883 rpm,1824 rpm,1880 rpm,1835 rpm
2026-08-26 21:30:00,27.3 V,27.8 V,27.5 V,26.8 V,27.1 V,27.8 V,,27.5 V,27.2 V,27.1 V,27.3 V,1898 rpm,1892 rpm,800 rpm,1847 rpm,1895 rpm,1901 rpm,,1858 rpm,1843 rpm,1877 rpm,1850 rpm
2026-08-26 22:00:00,27.2 V,27.8 V,27.5 V,26.6 V,27.0 V,27.7 V,,27.5 V,27.3 V,26.0 V,27.1 V,1842 rpm,1902 rpm,1866 rpm,1865 rpm,1840 rpm,1902 rpm,,1885 rpm,1400 rpm,800 rpm,1838 rpm
2026-08-26 22:30:00,27.3 V,27.8 V,27.6 V,26.7 V,27.0 V,27.8 V,,27.5 V,27.3 V,27.3 V,27.2 V,1895 rpm,1843 rpm,1886 rpm,1883 rpm,1899 rpm,1897 rpm,,1878 rpm,1914 rpm,1848 rpm,1852 rpm
2026-08-26 23:00:00,27.3 V,27.8 V,27.6 V,26.7 V,27.3 V,27.8 V,25.4 V,27.5 V,27.3 V,27.0 V,27.3 V,1911 rpm,1854 rpm,800 rpm,1903 rpm,1835 rpm,1837 rpm,,1863 rpm,1849 rpm,1865 rpm,1884 rpm
2026-08-26 23:30:00,27.3 V,28.0 V,27.6 V,26.8 V,27.2 V,25.9 V,25.4 V,27.5 V,27.2 V,27.2 V,27.4 V,1867 rpm,592 rpm,1850 rpm,1866 rpm,1889 rpm,0 rpm,0 rpm,1879 rpm,1837 rpm,1902 rpm,1402 rpm
2026-08-27 00:00:00,27.3 V,27.8 V,27.5 V,26.7 V,27.2 V,27.9 V,25.3 V,27.5 V,27.3 V,27.2 V,27.3 V,1863 rpm,799 rpm,801 rpm,1842 rpm,1827 rpm,1898 rpm,0 rpm,800 rpm,799 rpm,1883 rpm,1850 rpm
2026-08-27 00:30:00,27.3 V,,27.7 V,26.5 V,27.4 V,,27.4 V,,27.4 V,27.1 V,27.4 V,1871 rpm,,1847 rpm,1822 rpm,0 rpm,,0 rpm,,800 rpm,1852 rpm,1400 rpm
2026-08-27 01:00:00,27.3 V,,27.6 V,27.0 V,,,27.1 V,27.5 V,27.1 V,27.1 V,27.3 V,1897 rpm,,1840 rpm,1865 rpm,,,800 rpm,1901 rpm,1867 rpm,1849 rpm,1847 rpm
2026-08-27 01:30:00,27.3 V,27.8 V,27.6 V,26.6 V,,,27.3 V,27.5 V,27.2 V,27.1 V,27.5 V,1862 rpm,800 rpm,1904 rpm,1873 rpm,,,1862 rpm,1401 rpm,1906 rpm,1892 rpm,1399 rpm
2026-08-27 02:00:00,27.3 V,27.8 V,27.6 V,27.2 V,27.3 V,27.8 V,27.3 V,27.5 V,27.4 V,27.4 V,27.2 V,1893 rpm,1871 rpm,1872 rpm,1401 rpm,1896 rpm,1867 rpm,1829 rpm,801 rpm,800 rpm,800 rpm,1841 rpm
2026-08-27 02:30:00,27.4 V,27.7 V,27.6 V,26.8 V,27.3 V,27.6 V,27.2 V,27.5 V,27.2 V,27.5 V,27.4 V,1399 rpm,1918 rpm,800 rpm,1884 rpm,1903 rpm,1872 rpm,1870 rpm,1824 rpm,1848 rpm,801 rpm,1872 rpm
2026-08-27 03:00:00,27.3 V,27.8 V,27.6 V,26.8 V,27.1 V,27.7 V,27.3 V,27.5 V,26.8 V,27.2 V,27.4 V,1400 rpm,1837 rpm,800 rpm,1844 rpm,1885 rpm,1888 rpm,1888 rpm,1841 rpm,1900 rpm,1902 rpm,1838 rpm
2026-08-27 03:30:00,27.3 V,27.8 V,27.6 V,27.3 V,27.3 V,27.6 V,27.4 V,27.5 V,27.2 V,27.3 V,27.3 V,1848 rpm,1842 rpm,1848 rpm,1852 rpm,1866 rpm,1866 rpm,1852 rpm,1895 rpm,1878 rpm,1841 rpm,1845 rpm
2026-08-27 04:00:00,27.3 V,27.8 V,27.6 V,27.1 V,26.8 V,27.7 V,27.3 V,27.5 V,27.2 V,27.3 V,27.4 V,1830 rpm,1839 rpm,800 rpm,1400 rpm,1894 rpm,1879 rpm,1873 rpm,1872 rpm,1843 rpm,1881 rpm,1871 rpm
2026-08-27 04:30:00,27.4 V,27.8 V,27.6 V,27.0 V,27.4 V,27.7 V,27.3 V,27.5 V,26.8 V,27.3 V,27.4 V,1399 rpm,1805 rpm,800 rpm,1399 rpm,1400 rpm,1870 rpm,1822 rpm,1893 rpm,1842 rpm,1884 rpm,1832 rpm
2026-08-27 05:00:00,27.4 V,27.7 V,27.5 V,27.0 V,27.4 V,26.9 V,27.3 V,27.5 V,27.2 V,27.2 V,27.4 V,799 rpm,1895 rpm,800 rpm,1888 rpm,800 rpm,800 rpm,1874 rpm,1899 rpm,1874 rpm,1900 rpm,1863 rpm
2026-08-27 05:30:00,27.4 V,27.8 V,27.6 V,27.2 V,27.1 V,27.7 V,27.4 V,27.6 V,27.4 V,27.2 V,27.6 V,1875 rpm,1857 rpm,1839 rpm,1400 rpm,1867 rpm,1900 rpm,800 rpm,801 rpm,800 rpm,800 rpm,800 rpm
2026-08-27 06:00:00,27.3 V,27.8 V,27.6 V,27.4 V,27.1 V,27.6 V,27.3 V,27.6 V,26.9 V,27.1 V,27.5 V,800 rpm,1848 rpm,1880 rpm,800 rpm,1840 rpm,1898 rpm,1828 rpm,1870 rpm,1881 rpm,1898 rpm,1845 rpm
2026-08-27 06:30:00,27.4 V,27.8 V,27.5 V,27.5 V,27.4 V,27.6 V,27.3 V,27.6 V,27.3 V,27.1 V,27.3 V,1400 rpm,1856 rpm,1843 rpm,801 rpm,1462 rpm,1881 rpm,1900 rpm,1859 rpm,1858 rpm,1895 rpm,1901 rpm
2026-08-27 07:00:00,27.3 V,27.8 V,27.6 V,27.6 V,27.1 V,27.6 V,27.2 V,27.6 V,27.2 V,27.2 V,27.4 V,1901 rpm,1835 rpm,1401 rpm,799 rpm,1872 rpm,1400 rpm,800 rpm,1886 rpm,800 rpm,1902 rpm,800 rpm
2026-08-27 07:30:00,27.3 V,27.8 V,27.6 V,27.5 V,27.0 V,27.6 V,27.3 V,27.5 V,26.9 V,27.4 V,27.2 V,1842 rpm,1864 rpm,1902 rpm,801 rpm,1864 rpm,1452 rpm,1868 rpm,800 rpm,1874 rpm,1401 rpm,1804 rpm
2026-08-27 08:00:00,27.3 V,27.8 V,27.5 V,27.5 V,26.9 V,27.6 V,27.3 V,27.5 V,27.1 V,27.2 V,27.4 V,1898 rpm,800 rpm,1846 rpm,799 rpm,1850 rpm,1385 rpm,1841 rpm,1861 rpm,800 rpm,1875 rpm,800 rpm
2026-08-27 08:30:00,27.2 V,27.8 V,27.5 V,26.7 V,26.6 V,27.6 V,27.3 V,27.5 V,27.0 V,27.2 V,27.3 V,1400 rpm,1875 rpm,1840 rpm,1841 rpm,1859 rpm,1907 rpm,1896 rpm,1877 rpm,1877 rpm,1851 rpm,1842 rpm
2026-08-27 09:00:00,27.2 V,27.8 V,27.5 V,27.1 V,26.7 V,27.6 V,27.3 V,27.6 V,27.2 V,27.2 V,27.3 V,1860 rpm,1870 rpm,1842 rpm,1850 rpm,1836 rpm,1872 rpm,800 rpm,1850 rpm,1877 rpm,1846 rpm,1865 rpm
2026-08-27 09:30:00,27.3 V,27.8 V,27.5 V,26.4 V,26.7 V,27.6 V,27.3 V,27.5 V,27.0 V,27.2 V,27.5 V,1893 rpm,1860 rpm,1803 rpm,1858 rpm,1870 rpm,1847 rpm,1902 rpm,800 rpm,800 rpm,1841 rpm,800 rpm
2026-08-27 10:00:00,27.2 V,27.8 V,27.5 V,27.0 V,26.9 V,27.5 V,27.2 V,27.4 V,27.0 V,27.2 V,27.3 V,1866 rpm,1828 rpm,1892 rpm,1400 rpm,1863 rpm,1865 rpm,1838 rpm,1833 rpm,1898 rpm,1399 rpm,800 rpm
2026-08-27 10:30:00,27.3 V,27.8 V,27.5 V,26.9 V,26.9 V,27.6 V,27.2 V,27.5 V,27.2 V,27.2 V,26.8 V,799 rpm,1401 rpm,1833 rpm,1843 rpm,1836 rpm,1827 rpm,1400 rpm,1841 rpm,800 rpm,1842 rpm,1852 rpm
2026-08-27 11:00:00,27.3 V,27.8 V,27.5 V,27.0 V,26.6 V,27.5 V,27.2 V,27.3 V,27.0 V,27.1 V,27.0 V,1907 rpm,1861 rpm,1838 rpm,1841 rpm,1870 rpm,1856 rpm,1891 rpm,1889 rpm,1853 rpm,799 rpm,1820 rpm
2026-08-27 11:30:00,27.3 V,27.7 V,27.5 V,27.1 V,26.5 V,27.5 V,27.4 V,27.4 V,27.1 V,27.2 V,27.3 V,1903 rpm,801 rpm,800 rpm,1762 rpm,1810 rpm,1875 rpm,800 rpm,1826 rpm,800 rpm,1399 rpm,800 rpm
2026-08-27 12:00:00,27.3 V,27.7 V,25.8 V,27.0 V,26.8 V,27.5 V,,27.4 V,27.1 V,27.1 V,27.1 V,1873 rpm,1838 rpm,1899 rpm,1880 rpm,1867 rpm,1898 rpm,,1834 rpm,1850 rpm,1850 rpm,1900 rpm
2026-08-27 12:30:00,27.3 V,27.7 V,27.5 V,25.3 V,27.4 V,26.3 V,27.5 V,27.4 V,27.0 V,27.1 V,27.0 V,1842 rpm,1902 rpm,1836 rpm,0 rpm,800 rpm,1899 rpm,1901 rpm,1862 rpm,800 rpm,1833 rpm,1904 rpm
2026-08-27 13:00:00,27.2 V,27.8 V,27.3 V,27.0 V,27.3 V,27.5 V,,27.3 V,27.1 V,27.0 V,27.2 V,1847 rpm,1400 rpm,801 rpm,1893 rpm,1880 rpm,1901 rpm,,1849 rpm,1880 rpm,1401 rpm,1853 rpm
2026-08-27 13:30:00,27.2 V,27.7 V,27.1 V,27.0 V,27.1 V,27.5 V,,27.3 V,,27.0 V,27.2 V,1899 rpm,1836 rpm,1816 rpm,1824 rpm,1839 rpm,1901 rpm,,1842 rpm,,1850 rpm,1842 rpm
2026-08-27 14:00:00,27.2 V,27.8 V,27.4 V,26.3 V,27.2 V,27.5 V,,27.2 V,,27.1 V,27.2 V,1899 rpm,1840 rpm,1838 rpm,1868 rpm,1902 rpm,1899 rpm,,1835 rpm,,1864 rpm,1900 rpm
2026-08-27 14:30:00,27.2 V,27.7 V,27.4 V,26.3 V,27.2 V,27.5 V,,27.1 V,27.0 V,27.0 V,27.3 V,1899 rpm,1400 rpm,1871 rpm,1881 rpm,1862 rpm,1889 rpm,,800 rpm,800 rpm,1846 rpm,1897 rpm
2026-08-27 15:00:00,27.2 V,27.7 V,27.4 V,26.6 V,27.1 V,27.6 V,,27.2 V,26.8 V,27.0 V,27.2 V,1911 rpm,1845 rpm,1874 rpm,1902 rpm,1836 rpm,1835 rpm,,1842 rpm,1865 rpm,1866 rpm,1871 rpm
2026-08-27 15:30:00,27.2 V,27.7 V,27.4 V,27.1 V,27.0 V,27.6 V,,27.1 V,26.9 V,27.1 V,27.3 V,1845 rpm,800 rpm,1863 rpm,1912 rpm,1834 rpm,1850 rpm,,1901 rpm,1841 rpm,1853 rpm,800 rpm
2026-08-27 16:00:00,27.3 V,27.6 V,27.4 V,26.7 V,27.1 V,27.6 V,27.3 V,27.2 V,26.9 V,27.1 V,27.2 V,1844 rpm,800 rpm,1399 rpm,1884 rpm,1837 rpm,1882 rpm,1874 rpm,1856 rpm,1832 rpm,1904 rpm,1837 rpm
2026-08-27 16:30:00,27.3 V,25.7 V,27.4 V,26.4 V,27.0 V,27.5 V,27.3 V,27.2 V,27.0 V,27.2 V,27.2 V,1901 rpm,0 rpm,1879 rpm,1838 rpm,1823 rpm,1902 rpm,1843 rpm,1827 rpm,800 rpm,829 rpm,1893 rpm
2026-08-27 17:00:00,27.2 V,27.7 V,26.7 V,26.8 V,26.6 V,27.6 V,,26.9 V,27.1 V,27.2 V,27.2 V,801 rpm,1903 rpm,800 rpm,1842 rpm,1863 rpm,800 rpm,,1816 rpm,800 rpm,1899 rpm,1864 rpm
2026-08-27 17:30:00,27.2 V,27.7 V,27.4 V,26.4 V,27.0 V,27.6 V,,27.1 V,27.2 V,26.0 V,27.3 V,1887 rpm,0 rpm,1863 rpm,1840 rpm,1841 rpm,1831 rpm,,800 rpm,1898 rpm,800 rpm,1876 rpm
2026-08-27 18:00:00,27.3 V,27.7 V,27.6 V,27.2 V,26.9 V,27.6 V,,27.4 V,27.3 V,27.2 V,27.3 V,1849 rpm,0 rpm,1863 rpm,800 rpm,1849 rpm,801 rpm,,1862 rpm,1864 rpm,1872 rpm,1859 rpm
2026-08-27 18:30:00,27.3 V,27.7 V,27.6 V,26.7 V,27.1 V,27.6 V,,27.3 V,27.2 V,27.4 V,27.2 V,1889 rpm,799 rpm,1842 rpm,1879 rpm,1879 rpm,1867 rpm,,800 rpm,1891 rpm,1898 rpm,1878 rpm
2026-08-27 19:00:00,27.2 V,27.8 V,27.6 V,27.2 V,27.1 V,27.6 V,27.3 V,27.4 V,27.4 V,27.5 V,27.4 V,1836 rpm,801 rpm,1902 rpm,801 rpm,1874 rpm,1856 rpm,1845 rpm,1822 rpm,802 rpm,798 rpm,1400 rpm
2026-08-27 19:30:00,27.1 V,27.7 V,27.6 V,27.2 V,27.2 V,27.6 V,27.3 V,27.4 V,27.1 V,27.4 V,27.2 V,1910 rpm,800 rpm,1823 rpm,799 rpm,1856 rpm,1893 rpm,1836 rpm,1858 rpm,1842 rpm,1896 rpm,1854 rpm
2026-08-27 20:00:00,27.2 V,27.8 V,27.5 V,27.3 V,27.1 V,27.6 V,27.3 V,27.3 V,27.1 V,27.3 V,27.4 V,1864 rpm,1845 rpm,800 rpm,801 rpm,1875 rpm,1400 rpm,1859 rpm,1899 rpm,1857 rpm,1828 rpm,1400 rpm
2026-08-27 20:30:00,27.2 V,27.8 V,27.6 V,27.5 V,27.0 V,27.6 V,27.3 V,27.4 V,27.1 V,27.3 V,27.4 V,1841 rpm,1852 rpm,1899 rpm,800 rpm,1832 rpm,1851 rpm,1879 rpm,1848 rpm,1899 rpm,1844 rpm,1399 rpm
2026-08-27 21:00:00,27.1 V,27.8 V,27.5 V,27.5 V,27.2 V,27.5 V,27.3 V,27.4 V,27.0 V,27.1 V,27.3 V,1900 rpm,1400 rpm,800 rpm,800 rpm,1887 rpm,1867 rpm,800 rpm,1854 rpm,1839 rpm,1848 rpm,1867 rpm
2026-08-27 21:30:00,27.2 V,27.8 V,27.6 V,27.2 V,26.8 V,27.6 V,27.3 V,27.5 V,27.0 V,27.4 V,27.3 V,1892 rpm,1848 rpm,1895 rpm,1899 rpm,1836 rpm,1866 rpm,1874 rpm,1837 rpm,1883 rpm,1400 rpm,1869 rpm
2026-08-27 22:00:00,27.2 V,27.8 V,27.6 V,26.6 V,27.2 V,27.3 V,27.5 V,27.5 V,27.2 V,27.3 V,27.5 V,1869 rpm,1834 rpm,1865 rpm,1874 rpm,1900 rpm,1891 rpm,1863 rpm,1837 rpm,800 rpm,1879 rpm,1402 rpm
2026-08-27 22:30:00,27.2 V,27.8 V,27.6 V,27.1 V,26.9 V,27.6 V,27.3 V,27.5 V,26.7 V,27.4 V,27.4 V,1399 rpm,1847 rpm,1862 rpm,1848 rpm,1849 rpm,1836 rpm,1901 rpm,1846 rpm,1843 rpm,1852 rpm,1903 rpm
2026-08-27 23:00:00,27.2 V,27.8 V,27.5 V,27.1 V,27.1 V,27.6 V,27.4 V,27.5 V,26.7 V,27.3 V,27.6 V,1856 rpm,1104 rpm,1840 rpm,1873 rpm,1840 rpm,1897 rpm,1899 rpm,1902 rpm,1870 rpm,1871 rpm,1399 rpm
2026-08-27 23:30:00,27.2 V,27.8 V,27.6 V,26.9 V,26.8 V,27.6 V,27.3 V,27.4 V,27.0 V,27.2 V,27.4 V,1899 rpm,1859 rpm,1893 rpm,1832 rpm,1872 rpm,1857 rpm,1898 rpm,1879 rpm,1870 rpm,1842 rpm,1880 rpm
2026-08-28 00:00:00,27.1 V,27.8 V,27.5 V,27.2 V,25.6 V,27.6 V,27.3 V,27.4 V,26.9 V,27.3 V,27.3 V,1861 rpm,1839 rpm,1899 rpm,1839 rpm,0 rpm,1902 rpm,1844 rpm,1900 rpm,1838 rpm,1815 rpm,1883 rpm
2026-08-28 00:30:00,27.2 V,27.8 V,27.5 V,27.3 V,27.2 V,27.5 V,27.3 V,25.7 V,27.0 V,27.1 V,27.3 V,1873 rpm,1850 rpm,1838 rpm,1897 rpm,1880 rpm,1841 rpm,1839 rpm,800 rpm,1859 rpm,1903 rpm,1838 rpm
2026-08-28 01:00:00,27.2 V,27.8 V,27.6 V,27.4 V,26.9 V,27.6 V,27.3 V,27.5 V,27.0 V,27.2 V,27.3 V,1881 rpm,1912 rpm,1843 rpm,800 rpm,1854 rpm,1819 rpm,1819 rpm,1901 rpm,1841 rpm,1901 rpm,1844 rpm
2026-08-28 01:30:00,27.2 V,27.8 V,27.6 V,27.1 V,25.3 V,27.6 V,27.3 V,27.6 V,27.1 V,27.2 V,27.3 V,1863 rpm,1865 rpm,1899 rpm,1843 rpm,800 rpm,1832 rpm,1855 rpm,1837 rpm,800 rpm,1901 rpm,1844 rpm
2026-08-28 02:00:00,27.1 V,27.8 V,27.7 V,26.8 V,26.8 V,27.6 V,27.3 V,27.5 V,27.3 V,27.3 V,27.4 V,1900 rpm,1401 rpm,1850 rpm,1840 rpm,1901 rpm,1850 rpm,1811 rpm,1870 rpm,1401 rpm,1860 rpm,1841 rpm
2026-08-28 02:30:00,27.3 V,25.6 V,27.6 V,27.3 V,26.9 V,27.6 V,27.3 V,27.5 V,27.3 V,27.2 V,27.4 V,1904 rpm,0 rpm,800 rpm,1837 rpm,1835 rpm,1862 rpm,1863 rpm,1831 rpm,1858 rpm,1842 rpm,1863 rpm
2026-08-28 03:00:00,27.3 V,,27.6 V,27.3 V,26.9 V,27.6 V,27.3 V,27.5 V,27.2 V,27.2 V,27.4 V,1843 rpm,800 rpm,1896 rpm,1840 rpm,1899 rpm,1854 rpm,1899 rpm,1899 rpm,1902 rpm,1848 rpm,1870 rpm
2026-08-28 03:30:00,27.2 V,,27.6 V,27.4 V,27.0 V,27.6 V,27.4 V,27.5 V,27.2 V,27.2 V,27.3 V,1885 rpm,,1875 rpm,799 rpm,1909 rpm,1875 rpm,1841 rpm,800 rpm,1830 rpm,1836 rpm,1880 rpm
2026-08-28 04:00:00,27.3 V,27.7 V,27.6 V,27.4 V,27.1 V,27.6 V,27.4 V,27.5 V,27.2 V,27.2 V,27.3 V,1887 rpm,1835 rpm,1850 rpm,1835 rpm,1862 rpm,1903 rpm,800 rpm,1873 rpm,1856 rpm,1857 rpm,1838 rpm
2026-08-28 04:30:00,27.3 V,27.6 V,27.6 V,27.2 V,27.3 V,27.6 V,27.5 V,27.6 V,27.2 V,27.1 V,27.3 V,1843 rpm,1868 rpm,1847 rpm,1902 rpm,1840 rpm,1833 rpm,1874 rpm,1401 rpm,1841 rpm,1864 rpm,1844 rpm
2026-08-28 05:00:00,27.2 V,27.7 V,27.6 V,27.4 V,27.4 V,27.6 V,27.4 V,27.6 V,27.3 V,27.2 V,27.4 V,800 rpm,1899 rpm,800 rpm,801 rpm,800 rpm,1880 rpm,800 rpm,1850 rpm,1899 rpm,1856 rpm,1900 rpm
2026-08-28 05:30:00,27.2 V,27.7 V,27.7 V,26.8 V,27.0 V,27.7 V,27.4 V,27.6 V,27.0 V,27.2 V,27.2 V,1863 rpm,1880 rpm,1866 rpm,1870 rpm,1860 rpm,1399 rpm,1892 rpm,800 rpm,1881 rpm,1900 rpm,1892 rpm
2026-08-28 06:00:00,27.3 V,27.8 V,27.6 V,27.3 V,27.0 V,27.8 V,27.3 V,27.6 V,27.2 V,27.3 V,27.4 V,801 rpm,1892 rpm,1877 rpm,1886 rpm,1879 rpm,1400 rpm,1866 rpm,1868 rpm,1899 rpm,1868 rpm,1901 rpm
2026-08-28 06:30:00,27.2 V,27.8 V,27.6 V,26.9 V,27.3 V,27.9 V,27.3 V,27.5 V,27.1 V,27.3 V,,1917 rpm,1902 rpm,1825 rpm,1844 rpm,1836 rpm,1400 rpm,1811 rpm,1848 rpm,1875 rpm,1836 rpm,1845 rpm
2026-08-28 07:00:00,27.3 V,27.8 V,27.6 V,26.7 V,26.8 V,27.9 V,27.3 V,27.5 V,27.0 V,27.2 V,,1824 rpm,1841 rpm,1402 rpm,1826 rpm,1854 rpm,800 rpm,1846 rpm,1858 rpm,1855 rpm,800 rpm,
2026-08-28 07:30:00,27.2 V,27.8 V,27.7 V,27.1 V,27.2 V,26.5 V,27.3 V,27.4 V,27.2 V,27.2 V,,1881 rpm,1902 rpm,1842 rpm,1843 rpm,800 rpm,0 rpm,1861 rpm,1830 rpm,1861 rpm,1843 rpm,
2026-08-28 08:00:00,27.3 V,27.8 V,27.6 V,26.8 V,26.7 V,28 V,27.3 V,27.5 V,27.3 V,27.0 V,,1399 rpm,1770 rpm,1841 rpm,1840 rpm,1902 rpm,800 rpm,1877 rpm,1868 rpm,1897 rpm,1898 rpm,
2026-08-28 08:30:00,27.2 V,27.8 V,27.6 V,27.2 V,27.0 V,,27.3 V,27.5 V,27.1 V,27.2 V,,1896 rpm,1884 rpm,800 rpm,1875 rpm,1860 rpm,,1867 rpm,1841 rpm,1853 rpm,1903 rpm,
2026-08-28 09:00:00,27.2 V,27.8 V,27.6 V,27.4 V,26.5 V,,27.3 V,27.4 V,27.2 V,27.1 V,,1869 rpm,1858 rpm,1401 rpm,800 rpm,1894 rpm,,1858 rpm,1867 rpm,1893 rpm,1903 rpm,
2026-08-28 09:30:00,27.3 V,27.5 V,27.5 V,27.0 V,26.9 V,,27.3 V,27.4 V,27.2 V,27.1 V,,1870 rpm,1899 rpm,1832 rpm,1860 rpm,1837 rpm,,800 rpm,1836 rpm,799 rpm,1853 rpm,
2026-08-28 10:00:00,27.2 V,27.8 V,27.5 V,27.4 V,26.5 V,27.8 V,27.3 V,27.3 V,27.1 V,27.0 V,,1872 rpm,1852 rpm,1876 rpm,1876 rpm,1900 rpm,1735 rpm,1830 rpm,1400 rpm,1838 rpm,1888 rpm,
2026-08-28 10:30:00,27.2 V,27.8 V,27.5 V,27.3 V,26.9 V,27.6 V,27.2 V,27.5 V,27.1 V,27.2 V,,1401 rpm,1900 rpm,1907 rpm,800 rpm,1817 rpm,1893 rpm,1825 rpm,1843 rpm,1898 rpm,1400 rpm,
2026-08-28 11:00:00,27.2 V,27.7 V,27.4 V,27.2 V,26.6 V,27.7 V,27.2 V,27.4 V,27.0 V,27.1 V,,800 rpm,1864 rpm,1902 rpm,1842 rpm,1892 rpm,1400 rpm,1837 rpm,1856 rpm,1846 rpm,1867 rpm,
2026-08-28 11:30:00,27.2 V,27.7 V,27.4 V,25.6 V,27.0 V,27.6 V,27.2 V,27.3 V,,27.0 V,,800 rpm,1842 rpm,1881 rpm,0 rpm,799 rpm,1854 rpm,1834 rpm,1837 rpm,,1846 rpm,
2026-08-28 12:00:00,27.2 V,27.8 V,27.5 V,,26.3 V,27.5 V,27.2 V,27.5 V,27.2 V,26.6 V,,1843 rpm,1839 rpm,1849 rpm,,1890 rpm,1846 rpm,1905 rpm,1854 rpm,800 rpm,1898 rpm,
2026-08-28 12:30:00,25.1 V,27.7 V,27.4 V,,26.9 V,27.6 V,27.2 V,27.4 V,27.0 V,27.0 V,,800 rpm,1877 rpm,1856 rpm,,1840 rpm,1400 rpm,1829 rpm,1885 rpm,1903 rpm,1902 rpm,
2026-08-28 13:00:00,27.2 V,27.7 V,27.5 V,25.6 V,26.6 V,27.7 V,27.2 V,27.4 V,26.5 V,27.0 V,,1848 rpm,1869 rpm,1839 rpm,0 rpm,1830 rpm,1895 rpm,1811 rpm,1834 rpm,1855 rpm,1843 rpm,1876 rpm
2026-08-28 13:30:00,27.1 V,27.7 V,27.4 V,27.5 V,27.0 V,27.6 V,27.1 V,27.3 V,27.0 V,27.0 V,,1852 rpm,1846 rpm,1833 rpm,800 rpm,801 rpm,1903 rpm,1819 rpm,1822 rpm,1851 rpm,1892 rpm,1893 rpm
2026-08-28 14:00:00,27.2 V,27.7 V,27.5 V,,26.9 V,27.6 V,27.1 V,27.2 V,27.0 V,27.0 V,,1878 rpm,1824 rpm,1901 rpm,0 rpm,1836 rpm,1865 rpm,1822 rpm,1899 rpm,1850 rpm,1844 rpm,1889 rpm
2026-08-28 14:30:00,27.1 V,27.7 V,27.4 V,26.8 V,26.7 V,27.6 V,27.0 V,27.2 V,27.0 V,27.1 V,,1880 rpm,1893 rpm,1400 rpm,1835 rpm,1862 rpm,1863 rpm,1853 rpm,1824 rpm,1878 rpm,798 rpm,1896 rpm
2026-08-28 15:00:00,27.2 V,27.7 V,27.4 V,26.7 V,26.7 V,26.3 V,27.1 V,27.1 V,27.0 V,27.0 V,,1832 rpm,1859 rpm,1847 rpm,1834 rpm,1835 rpm,799 rpm,1875 rpm,1842 rpm,1400 rpm,1401 rpm,1863 rpm
2026-08-28 15:30:00,27.1 V,27.7 V,27.5 V,26.8 V,27.0 V,27.6 V,27.1 V,27.2 V,27.0 V,26.9 V,,1902 rpm,1842 rpm,1842 rpm,1870 rpm,1822 rpm,1400 rpm,1879 rpm,1870 rpm,1836 rpm,1902 rpm,1896 rpm
2026-08-28 16:00:00,27.1 V,27.7 V,27.5 V,26.4 V,26.8 V,27.6 V,27.1 V,27.2 V,27.0 V,26.9 V,,1867 rpm,1875 rpm,1837 rpm,1875 rpm,1858 rpm,1841 rpm,1852 rpm,1868 rpm,1851 rpm,1854 rpm,1841 rpm
2026-08-28 16:30:00,27.1 V,27.7 V,27.5 V,26.4 V,26.9 V,27.6 V,27.2 V,27.2 V,27.0 V,27.0 V,,1885 rpm,1833 rpm,1850 rpm,1874 rpm,1849 rpm,1904 rpm,800 rpm,1909 rpm,1834 rpm,1889 rpm,1834 rpm
2026-08-28 17:00:00,27.2 V,27.7 V,27.4 V,27.0 V,27.0 V,27.6 V,27.3 V,27.2 V,27.1 V,27.2 V,,798 rpm,1806 rpm,800 rpm,800 rpm,800 rpm,1401 rpm,1882 rpm,1897 rpm,1401 rpm,1886 rpm,1867 rpm
2026-08-28 17:30:00,26.9 V,27.7 V,27.5 V,26.3 V,26.9 V,27.7 V,26.2 V,27.1 V,27.5 V,27.1 V,,800 rpm,1834 rpm,799 rpm,1843 rpm,1863 rpm,799 rpm,800 rpm,800 rpm,800 rpm,1899 rpm,799 rpm
2026-08-28 18:00:00,27.3 V,27.7 V,27.5 V,27.0 V,27.1 V,27.6 V,27.4 V,27.3 V,27.4 V,27.2 V,,1843 rpm,1838 rpm,800 rpm,1400 rpm,797 rpm,1891 rpm,800 rpm,1903 rpm,1900 rpm,1839 rpm,1873 rpm
2026-08-28 18:30:00,27.2 V,27.7 V,27.5 V,27.0 V,26.8 V,27.5 V,27.3 V,27.4 V,,27.3 V,,1841 rpm,1862 rpm,1895 rpm,1400 rpm,1829 rpm,1400 rpm,800 rpm,1400 rpm,,1858 rpm,1843 rpm
2026-08-28 19:00:00,27.2 V,27.7 V,27.6 V,27.2 V,27.0 V,27.6 V,27.3 V,27.4 V,,27.3 V,,1869 rpm,800 rpm,1853 rpm,1732 rpm,1834 rpm,1907 rpm,1844 rpm,1839 rpm,,1904 rpm,1857 rpm
2026-08-28 19:30:00,27.2 V,27.8 V,27.6 V,26.8 V,26.8 V,27.6 V,27.4 V,27.3 V,,27.2 V,27.4 V,1844 rpm,1902 rpm,1842 rpm,1842 rpm,1859 rpm,1881 rpm,801 rpm,1825 rpm,801 rpm,1898 rpm,1400 rpm
2026-08-28 20:00:00,27.2 V,27.8 V,27.6 V,26.6 V,26.9 V,27.6 V,27.3 V,27.4 V,,27.2 V,27.4 V,1897 rpm,1845 rpm,1899 rpm,1883 rpm,1898 rpm,1833 rpm,1902 rpm,1813 rpm,,1874 rpm,1400 rpm
2026-08-28 20:30:00,27.2 V,27.8 V,27.6 V,27.1 V,26.8 V,27.7 V,27.3 V,27.4 V,,27.2 V,27.3 V,1875 rpm,1865 rpm,1900 rpm,1847 rpm,1848 rpm,1400 rpm,1877 rpm,1895 rpm,800 rpm,1861 rpm,1868 rpm
2026-08-28 21:00:00,27.3 V,27.8 V,27.6 V,27.4 V,26.7 V,27.6 V,27.3 V,27.3 V,27.3 V,27.2 V,27.3 V,1844 rpm,1799 rpm,797 rpm,1400 rpm,1823 rpm,1401 rpm,1853 rpm,1885 rpm,1890 rpm,1902 rpm,1875 rpm
2026-08-28 21:30:00,27.3 V,27.8 V,27.6 V,26.4 V,26.7 V,27.7 V,27.4 V,27.4 V,27.2 V,27.2 V,27.3 V,1400 rpm,1881 rpm,1903 rpm,1899 rpm,1882 rpm,1900 rpm,1852 rpm,1400 rpm,1858 rpm,1874 rpm,1838 rpm
2026-08-28 22:00:00,26.9 V,27.8 V,27.6 V,26.7 V,26.9 V,27.6 V,27.4 V,27.4 V,27.3 V,27.3 V,27.5 V,1901 rpm,1860 rpm,1894 rpm,1782 rpm,1900 rpm,1856 rpm,1901 rpm,1812 rpm,1857 rpm,1874 rpm,1399 rpm
2026-08-28 22:30:00,27.2 V,27.8 V,27.6 V,27.1 V,26.6 V,27.6 V,27.3 V,27.4 V,27.3 V,27.2 V,27.3 V,1399 rpm,1902 rpm,944 rpm,1897 rpm,1850 rpm,1902 rpm,1898 rpm,1399 rpm,1869 rpm,1899 rpm,1848 rpm
2026-08-28 23:00:00,27.2 V,27.8 V,27.6 V,27.2 V,26.7 V,27.7 V,27.3 V,27.5 V,27.2 V,27.3 V,27.4 V,1399 rpm,1897 rpm,1867 rpm,1850 rpm,1901 rpm,1866 rpm,1855 rpm,1861 rpm,1850 rpm,1893 rpm,1841 rpm
2026-08-28 23:30:00,27.1 V,27.8 V,27.7 V,27.0 V,26.9 V,27.7 V,27.4 V,,27.2 V,27.2 V,27.3 V,1400 rpm,1812 rpm,1829 rpm,1872 rpm,1839 rpm,1401 rpm,1854 rpm,,1854 rpm,1899 rpm,1836 rpm
2026-08-29 00:00:00,25.4 V,27.8 V,27.6 V,27.1 V,25.6 V,27.8 V,27.3 V,,27.3 V,27.2 V,27.4 V,0 rpm,1818 rpm,1875 rpm,1904 rpm,0 rpm,1400 rpm,800 rpm,,1797 rpm,1876 rpm,1861 rpm
2026-08-29 00:30:00,27.4 V,27.8 V,27.6 V,26.4 V,26.5 V,27.7 V,27.5 V,27.4 V,27.3 V,27.3 V,27.6 V,800 rpm,800 rpm,1900 rpm,1846 rpm,1872 rpm,1400 rpm,800 rpm,1858 rpm,800 rpm,1897 rpm,1400 rpm
2026-08-29 01:00:00,27.4 V,27.8 V,25.4 V,26.5 V,27.2 V,28.0 V,,27.5 V,27.3 V,27.3 V,25.5 V,1894 rpm,1864 rpm,800 rpm,1840 rpm,800 rpm,1400 rpm,800 rpm,1400 rpm,1863 rpm,1845 rpm,0 rpm
2026-08-29 01:30:00,27.3 V,27.8 V,27.6 V,26.4 V,27.1 V,28.0 V,27.5 V,27.5 V,27.3 V,27.2 V,27.2 V,1888 rpm,800 rpm,800 rpm,1868 rpm,1833 rpm,1399 rpm,800 rpm,1884 rpm,1864 rpm,1867 rpm,1899 rpm
2026-08-29 02:00:00,27.4 V,27.8 V,27.5 V,27.1 V,27.4 V,27.8 V,27.5 V,27.5 V,27.3 V,27.2 V,26.8 V,800 rpm,1857 rpm,1899 rpm,1860 rpm,800 rpm,1864 rpm,801 rpm,1850 rpm,1830 rpm,1846 rpm,1877 rpm
2026-08-29 02:30:00,27.4 V,25.4 V,27.5 V,27.1 V,27.3 V,27.6 V,27.4 V,27.5 V,27.3 V,27.0 V,27.2 V,1838 rpm,1401 rpm,1862 rpm,800 rpm,1842 rpm,1903 rpm,1820 rpm,1821 rpm,1849 rpm,800 rpm,1867 rpm
2026-08-29 03:00:00,27.4 V,,27.6 V,26.8 V,27.3 V,27.7 V,27.3 V,27.5 V,27.4 V,25.2 V,27.2 V,1850 rpm,,1400 rpm,1877 rpm,800 rpm,1401 rpm,1866 rpm,1898 rpm,800 rpm,0 rpm,1882 rpm
2026-08-29 03:30:00,27.4 V,27.8 V,27.6 V,27.1 V,27.4 V,27.7 V,27.4 V,27.6 V,27.2 V,27.3 V,27.3 V,1854 rpm,1895 rpm,1901 rpm,1899 rpm,800 rpm,1400 rpm,1874 rpm,800 rpm,1841 rpm,1897 rpm,1874 rpm
2026-08-29 04:00:00,27.3 V,27.9 V,27.5 V,26.8 V,27.5 V,27.7 V,27.5 V,27.6 V,27.3 V,27.2 V,26.9 V,1400 rpm,1840 rpm,800 rpm,1842 rpm,800 rpm,1400 rpm,801 rpm,800 rpm,1400 rpm,1874 rpm,1871 rpm
2026-08-29 04:30:00,27.3 V,27.8 V,27.6 V,26.4 V,27.1 V,27.6 V,27.5 V,27.6 V,27.2 V,27.5 V,27.2 V,1400 rpm,1839 rpm,1874 rpm,1851 rpm,1899 rpm,1857 rpm,799 rpm,1902 rpm,1871 rpm,800 rpm,1829 rpm
2026-08-29 05:00:00,27.3 V,27.8 V,27.5 V,27.2 V,27.0 V,27.7 V,27.6 V,27.6 V,26.8 V,27.3 V,27.3 V,1400 rpm,1901 rpm,801 rpm,799 rpm,1825 rpm,800 rpm,800 rpm,800 rpm,1897 rpm,1850 rpm,1873 rpm
2026-08-29 05:30:00,27.3 V,27.8 V,27.6 V,26.5 V,27.3 V,27.7 V,27.5 V,27.6 V,27.2 V,27.0 V,26.8 V,1822 rpm,1849 rpm,1903 rpm,1901 rpm,1897 rpm,1864 rpm,800 rpm,800 rpm,1857 rpm,1874 rpm,1876 rpm
2026-08-29 06:00:00,27.3 V,27.8 V,27.6 V,27.3 V,27.0 V,27.7 V,27.4 V,27.7 V,27.2 V,27.0 V,27.3 V,1891 rpm,1861 rpm,1823 rpm,1898 rpm,1824 rpm,1874 rpm,1862 rpm,1878 rpm,1871 rpm,1846 rpm,1902 rpm
2026-08-29 06:30:00,27.3 V,27.8 V,27.6 V,26.6 V,27.4 V,27.7 V,27.3 V,27.6 V,27.1 V,26.7 V,27.3 V,1399 rpm,1866 rpm,1857 rpm,1852 rpm,800 rpm,801 rpm,1862 rpm,800 rpm,1833 rpm,1900 rpm,1904 rpm
2026-08-29 07:00:00,27.3 V,27.8 V,27.5 V,27.1 V,27.3 V,27.6 V,27.3 V,27.5 V,27.2 V,26.7 V,27.2 V,1400 rpm,1895 rpm,1840 rpm,1872 rpm,801 rpm,1902 rpm,1880 rpm,1836 rpm,1836 rpm,1874 rpm,1867 rpm
2026-08-29 07:30:00,27.3 V,27.8 V,27.6 V,26.8 V,27.1 V,27.6 V,27.2 V,27.5 V,27.1 V,26.7 V,27.3 V,1400 rpm,1856 rpm,1899 rpm,1400 rpm,1899 rpm,1831 rpm,1875 rpm,1876 rpm,1840 rpm,1901 rpm,1881 rpm
2026-08-29 08:00:00,27.3 V,27.8 V,27.6 V,27.2 V,27.2 V,27.6 V,27.2 V,27.5 V,27.2 V,26.7 V,27.2 V,1865 rpm,1851 rpm,1900 rpm,1398 rpm,800 rpm,1866 rpm,1839 rpm,1846 rpm,1834 rpm,1861 rpm,1843 rpm
2026-08-29 08:30:00,27.3 V,27.8 V,27.5 V,26.6 V,27.1 V,27.6 V,27.2 V,27.4 V,27.3 V,26.9 V,27.2 V,1863 rpm,1826 rpm,1877 rpm,1841 rpm,800 rpm,1837 rpm,1911 rpm,1880 rpm,1907 rpm,1867 rpm,1849 rpm
2026-08-29 09:00:00,27.2 V,27.8 V,27.5 V,26.2 V,26.8 V,27.6 V,27.2 V,27.5 V,27.1 V,26.9 V,27.2 V,1859 rpm,1857 rpm,1903 rpm,1841 rpm,1826 rpm,1893 rpm,1888 rpm,1401 rpm,1871 rpm,1869 rpm,1890 rpm
2026-08-29 09:30:00,27.3 V,27.8 V,27.5 V,26.7 V,26.9 V,27.7 V,27.2 V,27.5 V,27.1 V,26.8 V,27.2 V,1861 rpm,1853 rpm,1867 rpm,1839 rpm,1861 rpm,1891 rpm,1835 rpm,1903 rpm,1864 rpm,1847 rpm,1848 rpm
2026-08-29 10:00:00,27.3 V,27.7 V,27.5 V,26.4 V,24.9 V,27.6 V,27.2 V,27.5 V,26.6 V,26.8 V,27.2 V,1879 rpm,1842 rpm,800 rpm,1841 rpm,0 rpm,1834 rpm,1867 rpm,1824 rpm,1815 rpm,1896 rpm,1844 rpm
2026-08-29 10:30:00,27.2 V,27.7 V,27.5 V,26.5 V,26.6 V,27.6 V,27.2 V,27.3 V,27.2 V,26.7 V,27.1 V,1841 rpm,1860 rpm,1809 rpm,1837 rpm,1400 rpm,1837 rpm,1897 rpm,1400 rpm,1902 rpm,1886 rpm,1842 rpm
2026-08-29 11:00:00,27.2 V,27.8 V,27.5 V,26.4 V,27.1 V,27.6 V,25.4 V,27.5 V,27.1 V,26.7 V,27.2 V,1854 rpm,1839 rpm,1907 rpm,1840 rpm,1830 rpm,1867 rpm,0 rpm,1853 rpm,1900 rpm,1885 rpm,1878 rpm
2026-08-29 11:30:00,27.2 V,27.8 V,27.4 V,27.0 V,26.9 V,27.5 V,25.6 V,27.5 V,27.1 V,26.8 V,27.1 V,1879 rpm,1837 rpm,1831 rpm,1830 rpm,1399 rpm,1839 rpm,0 rpm,1839 rpm,1844 rpm,1874 rpm,1873 rpm
2026-08-29 12:00:00,27.2 V,27.8 V,27.5 V,26.1 V,27.1 V,27.5 V,25.6 V,27.4 V,27.1 V,26.8 V,27.2 V,1856 rpm,1854 rpm,1556 rpm,1835 rpm,800 rpm,1822 rpm,0 rpm,1898 rpm,1901 rpm,1886 rpm,1400 rpm
2026-08-29 12:30:00,27.2 V,27.7 V,27.5 V,26.8 V,27.1 V,27.6 V,27.1 V,27.3 V,27.1 V,26.8 V,27.1 V,1897 rpm,1841 rpm,1848 rpm,1872 rpm,800 rpm,1835 rpm,1861 rpm,1847 rpm,1881 rpm,1900 rpm,1853 rpm
2026-08-29 13:00:00,27.2 V,27.7 V,27.5 V,26.4 V,27.1 V,27.6 V,27.1 V,27.3 V,27.2 V,26.4 V,27.2 V,1876 rpm,1834 rpm,1872 rpm,1844 rpm,800 rpm,1880 rpm,1833 rpm,1399 rpm,1901 rpm,801 rpm,1400 rpm
2026-08-29 13:30:00,27.2 V,27.7 V,27.4 V,26.2 V,27.1 V,27.5 V,27.1 V,27.4 V,27.2 V,27.0 V,26.5 V,1887 rpm,1851 rpm,1400 rpm,1842 rpm,800 rpm,1874 rpm,1910 rpm,1851 rpm,1877 rpm,1241 rpm,1400 rpm
2026-08-29 14:00:00,27.2 V,27.8 V,27.5 V,25.1 V,27.0 V,27.2 V,27.2 V,27.4 V,27.2 V,26.8 V,27.1 V,1900 rpm,800 rpm,1843 rpm,0 rpm,1399 rpm,801 rpm,1836 rpm,1400 rpm,1880 rpm,1885 rpm,1887 rpm
2026-08-29 14:30:00,27.2 V,26.8 V,27.5 V,26.6 V,26.8 V,,26.8 V,27.4 V,27.5 V,26.5 V,27.0 V,1858 rpm,0 rpm,1892 rpm,1399 rpm,1888 rpm,,1900 rpm,1399 rpm,800 rpm,1896 rpm,1877 rpm
2026-08-29 15:00:00,27.2 V,,27.5 V,26.3 V,26.9 V,27.7 V,27.1 V,27.4 V,27.0 V,26.4 V,27.0 V,1858 rpm,,1860 rpm,1906 rpm,1890 rpm,799 rpm,1899 rpm,1860 rpm,1923 rpm,1883 rpm,1844 rpm
2026-08-29 15:30:00,27.2 V,25.6 V,27.5 V,26.7 V,26.6 V,27.6 V,27.1 V,27.4 V,27.0 V,26.6 V,27.0 V,800 rpm,0 rpm,1898 rpm,1911 rpm,1400 rpm,1845 rpm,1875 rpm,1829 rpm,1862 rpm,1897 rpm,1868 rpm
2026-08-29 16:00:00,27.5 V,27.4 V,27.4 V,26.9 V,26.5 V,27.6 V,27.1 V,27.3 V,26.9 V,25.1 V,27.0 V,800 rpm,800 rpm,1898 rpm,1840 rpm,1829 rpm,1864 rpm,1898 rpm,1873 rpm,1862 rpm,801 rpm,1891 rpm
2026-08-29 16:30:00,,,27.5 V,27.0 V,27.2 V,27.5 V,27.2 V,27.3 V,26.9 V,26.8 V,27.0 V,,,1863 rpm,1874 rpm,800 rpm,1860 rpm,801 rpm,800 rpm,1840 rpm,1876 rpm,1845 rpm
2026-08-29 17:00:00,27.5 V,,27.3 V,27.1 V,27.2 V,27.6 V,27.2 V,27.3 V,27.1 V,27.0 V,27.1 V,800 rpm,,801 rpm,801 rpm,800 rpm,1400 rpm,1858 rpm,1852 rpm,1896 rpm,1879 rpm,1865 rpm
2026-08-29 17:30:00,27.3 V,,27.5 V,27.1 V,27.2 V,27.6 V,27.1 V,27.3 V,26.9 V,25.9 V,27.4 V,1847 rpm,,1842 rpm,800 rpm,1834 rpm,1766 rpm,1890 rpm,801 rpm,800 rpm,1900 rpm,801 rpm
2026-08-29 18:00:00,27.3 V,,27.5 V,26.5 V,27.0 V,27.6 V,27.0 V,27.4 V,27.2 V,27.2 V,27.3 V,1901 rpm,,1892 rpm,1886 rpm,1829 rpm,1834 rpm,1903 rpm,1841 rpm,1846 rpm,1848 rpm,1400 rpm
2026-08-29 18:30:00,27.3 V,,27.5 V,27.1 V,26.9 V,27.7 V,27.1 V,27.4 V,27.2 V,27.2 V,27.2 V,1897 rpm,,1400 rpm,1401 rpm,1905 rpm,1400 rpm,1899 rpm,1855 rpm,1866 rpm,1892 rpm,1849 rpm
2026-08-29 19:00:00,27.2 V,,27.5 V,27.0 V,26.8 V,27.6 V,27.1 V,27.4 V,27.2 V,27.2 V,27.1 V,1901 rpm,,1859 rpm,1851 rpm,1839 rpm,1854 rpm,1883 rpm,1872 rpm,1853 rpm,1899 rpm,1924 rpm
2026-08-29 19:30:00,27.2 V,,27.5 V,27.4 V,26.7 V,27.6 V,27.1 V,27.4 V,27.3 V,27.1 V,27.3 V,1839 rpm,,1882 rpm,1901 rpm,1838 rpm,1400 rpm,800 rpm,800 rpm,1904 rpm,1850 rpm,1899 rpm
2026-08-29 20:00:00,27.3 V,,27.5 V,27.2 V,26.7 V,27.6 V,27.0 V,27.5 V,27.3 V,27.1 V,27.3 V,1898 rpm,,1865 rpm,1895 rpm,1833 rpm,1820 rpm,1864 rpm,1854 rpm,1853 rpm,1899 rpm,1839 rpm
2026-08-29 20:30:00,27.3 V,,27.6 V,27.4 V,26.9 V,27.7 V,27.0 V,27.5 V,27.4 V,27.2 V,27.2 V,1898 rpm,,1839 rpm,1841 rpm,1853 rpm,1863 rpm,1876 rpm,1840 rpm,800 rpm,1917 rpm,1837 rpm
2026-08-29 21:00:00,27.3 V,,27.5 V,26.6 V,26.6 V,27.7 V,27.1 V,27.5 V,27.2 V,27.4 V,27.2 V,1900 rpm,,1899 rpm,1908 rpm,1868 rpm,1901 rpm,1862 rpm,1901 rpm,1825 rpm,1400 rpm,1833 rpm
2026-08-29 21:30:00,27.4 V,27.8 V,27.5 V,26.5 V,26.5 V,27.6 V,27.0 V,27.5 V,27.2 V,27.6 V,27.3 V,1400 rpm,800 rpm,1843 rpm,1839 rpm,1835 rpm,1869 rpm,805 rpm,1838 rpm,1840 rpm,1399 rpm,1869 rpm
2026-08-29 22:00:00,27.4 V,27.8 V,27.5 V,26.7 V,26.7 V,27.6 V,27.1 V,27.4 V,27.3 V,27.2 V,27.4 V,800 rpm,1401 rpm,1840 rpm,1868 rpm,1849 rpm,1838 rpm,1907 rpm,1846 rpm,1825 rpm,1867 rpm,1899 rpm
2026-08-29 22:30:00,27.4 V,27.8 V,27.5 V,26.9 V,26.7 V,27.6 V,27.0 V,27.4 V,27.2 V,27.2 V,27.3 V,1837 rpm,1886 rpm,1873 rpm,1849 rpm,1847 rpm,1400 rpm,1831 rpm,1900 rpm,1859 rpm,1892 rpm,1858 rpm
2026-08-29 23:00:00,27.4 V,27.9 V,27.6 V,26.8 V,27.2 V,27.7 V,27.1 V,27.5 V,27.1 V,27.4 V,27.3 V,1899 rpm,801 rpm,1860 rpm,1844 rpm,800 rpm,1401 rpm,1817 rpm,1837 rpm,1864 rpm,1847 rpm,1856 rpm
2026-08-29 23:30:00,27.4 V,28.0 V,27.5 V,26.9 V,26.9 V,27.7 V,27.1 V,27.5 V,27.2 V,27.3 V,27.3 V,1901 rpm,800 rpm,1854 rpm,1741 rpm,1883 rpm,1399 rpm,1873 rpm,1876 rpm,1855 rpm,1842 rpm,1840 rpm
2026-08-30 00:00:00,27.4 V,27.9 V,27.5 V,27.3 V,,27.7 V,27.1 V,27.5 V,27.3 V,26.8 V,27.2 V,1872 rpm,1901 rpm,1837 rpm,1871 rpm,,1401 rpm,1772 rpm,1684 rpm,800 rpm,1896 rpm,1864 rpm
2026-08-30 00:30:00,27.3 V,27.9 V,27.5 V,27.0 V,,27.6 V,27.1 V,27.5 V,23.5 V,27.4 V,27.3 V,1399 rpm,1827 rpm,1895 rpm,1904 rpm,,1897 rpm,1840 rpm,1400 rpm,800 rpm,1883 rpm,1846 rpm
2026-08-30 01:00:00,27.4 V,27.8 V,26.6 V,26.8 V,27.2 V,27.7 V,27.1 V,27.4 V,27.3 V,27.3 V,27.3 V,1400 rpm,1863 rpm,1884 rpm,1839 rpm,1836 rpm,1400 rpm,1860 rpm,1848 rpm,800 rpm,1901 rpm,1895 rpm
2026-08-30 01:30:00,27.4 V,27.8 V,,26.9 V,27.3 V,27.6 V,27.2 V,27.5 V,27.2 V,27.4 V,,1399 rpm,1904 rpm,,1848 rpm,1903 rpm,1864 rpm,800 rpm,1898 rpm,1840 rpm,1875 rpm,1400 rpm
2026-08-30 02:00:00,27.5 V,27.9 V,,27.0 V,26.9 V,27.6 V,25.3 V,27.5 V,27.1 V,27.4 V,,1400 rpm,1862 rpm,0 rpm,1828 rpm,1903 rpm,1838 rpm,0 rpm,1820 rpm,1840 rpm,1400 rpm,
2026-08-30 02:30:00,27.5 V,27.9 V,27.5 V,27.3 V,27.1 V,27.7 V,27.4 V,27.6 V,27.3 V,27.4 V,27.4 V,1400 rpm,1841 rpm,1400 rpm,1858 rpm,1837 rpm,801 rpm,800 rpm,1898 rpm,1400 rpm,0 rpm,1858 rpm
2026-08-30 03:00:00,27.5 V,27.8 V,27.6 V,26.6 V,27.0 V,27.7 V,27.3 V,27.5 V,27.2 V,27.5 V,27.2 V,1270 rpm,800 rpm,1911 rpm,1900 rpm,1849 rpm,1897 rpm,1896 rpm,1896 rpm,1889 rpm,1400 rpm,1895 rpm
2026-08-30 03:30:00,27.5 V,27.8 V,27.5 V,26.8 V,27.0 V,27.7 V,27.3 V,27.5 V,27.2 V,27.5 V,27.2 V,1270 rpm,1890 rpm,1904 rpm,1880 rpm,1837 rpm,1881 rpm,1912 rpm,1833 rpm,1841 rpm,1701 rpm,1843 rpm
2026-08-30 04:00:00,27.5 V,27.8 V,27.5 V,27.1 V,26.5 V,27.8 V,27.3 V,27.4 V,27.1 V,27.3 V,27.3 V,1270 rpm,800 rpm,1823 rpm,1889 rpm,1892 rpm,1399 rpm,1840 rpm,1838 rpm,1837 rpm,1399 rpm,1883 rpm
2026-08-30 04:30:00,27.5 V,27.8 V,27.5 V,27.5 V,27.3 V,27.7 V,27.2 V,27.1 V,27.2 V,27.3 V,27.2 V,1271 rpm,1852 rpm,1865 rpm,800 rpm,1901 rpm,1839 rpm,1843 rpm,1825 rpm,800 rpm,1907 rpm,1871 rpm
2026-08-30 05:00:00,27.4 V,27.8 V,27.5 V,27.0 V,27.2 V,27.8 V,27.3 V,27.4 V,27.3 V,27.3 V,27.2 V,1400 rpm,1873 rpm,801 rpm,1897 rpm,1873 rpm,801 rpm,1889 rpm,1862 rpm,1840 rpm,1880 rpm,1835 rpm
2026-08-30 05:30:00,27.4 V,27.3 V,27.5 V,26.3 V,27.2 V,27.7 V,27.3 V,27.4 V,27.3 V,27.0 V,25.4 V,1866 rpm,800 rpm,1695 rpm,1863 rpm,800 rpm,1893 rpm,799 rpm,800 rpm,1812 rpm,801 rpm,0 rpm
2026-08-30 06:00:00,27.4 V,27.8 V,27.6 V,26.3 V,26.7 V,27.6 V,27.3 V,27.5 V,27.2 V,26.9 V,27.2 V,1898 rpm,1401 rpm,1401 rpm,1840 rpm,1864 rpm,1813 rpm,1859 rpm,1835 rpm,1863 rpm,1891 rpm,1846 rpm
2026-08-30 06:30:00,27.3 V,27.8 V,27.5 V,26.5 V,27.2 V,27.6 V,27.4 V,27.5 V,27.3 V,27.0 V,27.2 V,1887 rpm,1842 rpm,1873 rpm,1399 rpm,1861 rpm,1864 rpm,1838 rpm,1869 rpm,1874 rpm,1858 rpm,1871 rpm
2026-08-30 07:00:00,27.3 V,27.8 V,27.5 V,27.0 V,26.7 V,27.6 V,27.3 V,27.4 V,27.3 V,27.0 V,27.3 V,1840 rpm,1903 rpm,1889 rpm,1842 rpm,1899 rpm,1855 rpm,1838 rpm,1869 rpm,1878 rpm,1906 rpm,1901 rpm
2026-08-30 07:30:00,27.3 V,27.8 V,27.5 V,26.5 V,26.8 V,27.6 V,27.3 V,27.3 V,27.3 V,27.1 V,27.2 V,1919 rpm,1884 rpm,1401 rpm,1841 rpm,1839 rpm,1852 rpm,1854 rpm,1842 rpm,1839 rpm,1810 rpm,1847 rpm
2026-08-30 08:00:00,27.2 V,27.8 V,27.5 V,26.1 V,26.5 V,27.6 V,27.3 V,27.4 V,27.2 V,27.1 V,27.1 V,1843 rpm,1897 rpm,1875 rpm,1848 rpm,1869 rpm,1881 rpm,1865 rpm,1806 rpm,1879 rpm,1883 rpm,1829 rpm
2026-08-30 08:30:00,27.2 V,27.5 V,27.5 V,26.2 V,26.6 V,27.6 V,27.3 V,27.3 V,27.4 V,27.0 V,27.1 V,1848 rpm,1895 rpm,1855 rpm,1893 rpm,1912 rpm,1885 rpm,1830 rpm,1828 rpm,1906 rpm,1844 rpm,1867 rpm
2026-08-30 09:00:00,27.3 V,27.7 V,27.5 V,26.9 V,26.9 V,27.6 V,27.2 V,27.3 V,27.3 V,27.0 V,27.2 V,1864 rpm,1897 rpm,1843 rpm,1849 rpm,1898 rpm,1893 rpm,1900 rpm,1837 rpm,1880 rpm,1865 rpm,1841 rpm
2026-08-30 09:30:00,26.8 V,27.5 V,27.5 V,27.1 V,26.9 V,27.6 V,27.3 V,27.4 V,27.4 V,27.0 V,27.1 V,1884 rpm,1899 rpm,1853 rpm,1865 rpm,1400 rpm,1850 rpm,1836 rpm,1848 rpm,800 rpm,1882 rpm,1862 rpm
2026-08-30 10:00:00,27.2 V,27.7 V,27.5 V,26.8 V,26.8 V,27.6 V,27.2 V,27.0 V,27.0 V,27.1 V,27.1 V,1856 rpm,1837 rpm,1866 rpm,1399 rpm,1871 rpm,1817 rpm,1900 rpm,1857 rpm,1886 rpm,1860 rpm,1891 rpm
2026-08-30 10:30:00,27.2 V,27.7 V,27.5 V,26.0 V,26.8 V,27.6 V,27.2 V,27.4 V,27.2 V,27.0 V,27.2 V,1895 rpm,800 rpm,800 rpm,1847 rpm,1836 rpm,1829 rpm,1823 rpm,1833 rpm,1871 rpm,1902 rpm,1400 rpm
2026-08-30 11:00:00,27.1 V,27.7 V,26.4 V,26.5 V,26.6 V,27.6 V,27.2 V,27.3 V,27.3 V,27.0 V,27.2 V,1852 rpm,1884 rpm,801 rpm,1840 rpm,1399 rpm,1851 rpm,1890 rpm,1865 rpm,1854 rpm,1865 rpm,1400 rpm
2026-08-30 11:30:00,27.2 V,27.7 V,27.4 V,27.1 V,26.1 V,27.5 V,,27.3 V,27.1 V,27.0 V,27.1 V,800 rpm,1877 rpm,800 rpm,1849 rpm,800 rpm,1864 rpm,1869 rpm,1897 rpm,1841 rpm,1906 rpm,1861 rpm
2026-08-30 12:00:00,27.2 V,24.8 V,27.4 V,26.6 V,26.5 V,27.5 V,27.3 V,27.4 V,27.1 V,27.2 V,26.9 V,1833 rpm,1905 rpm,1859 rpm,1902 rpm,1902 rpm,1871 rpm,1892 rpm,1904 rpm,1839 rpm,800 rpm,1859 rpm
2026-08-30 12:30:00,27.3 V,22.3 V,27.4 V,26.4 V,27.0 V,26.8 V,27.2 V,27.4 V,27.2 V,26.9 V,26.9 V,1828 rpm,1871 rpm,1868 rpm,1821 rpm,800 rpm,1864 rpm,1863 rpm,1401 rpm,1818 rpm,1908 rpm,1764 rpm
2026-08-30 13:00:00,27.2 V,23.9 V,27.5 V,26.3 V,27.0 V,,27.3 V,27.3 V,27.1 V,27.0 V,26.8 V,1880 rpm,0 rpm,1847 rpm,1857 rpm,1400 rpm,,1840 rpm,1875 rpm,1878 rpm,1898 rpm,1892 rpm
2026-08-30 13:30:00,,,27.5 V,26.3 V,26.6 V,,,27.3 V,27.3 V,27.2 V,26.8 V,,,1400 rpm,1866 rpm,1400 rpm,,,1856 rpm,800 rpm,800 rpm,1845 rpm
2026-08-30 14:00:00,27.2 V,,27.4 V,27.3 V,27.0 V,,27.3 V,27.3 V,27.2 V,27.0 V,26.9 V,1884 rpm,,1842 rpm,801 rpm,1400 rpm,,1400 rpm,1832 rpm,1872 rpm,1864 rpm,1856 rpm
2026-08-30 14:30:00,27.2 V,,27.4 V,27.0 V,26.9 V,27.7 V,27.3 V,27.4 V,27.2 V,26.9 V,26.8 V,1871 rpm,,1839 rpm,1902 rpm,1835 rpm,799 rpm,1837 rpm,1839 rpm,1903 rpm,1842 rpm,1860 rpm
2026-08-30 15:00:00,27.1 V,,27.4 V,27.2 V,26.6 V,,27.2 V,27.4 V,27.1 V,27.0 V,26.9 V,1900 rpm,,1893 rpm,1837 rpm,1400 rpm,,1887 rpm,1887 rpm,1837 rpm,1841 rpm,1834 rpm
2026-08-30 15:30:00,27.0 V,,27.4 V,26.4 V,27.0 V,,27.1 V,27.4 V,27.2 V,26.9 V,26.9 V,800 rpm,799 rpm,1400 rpm,1853 rpm,1400 rpm,,1839 rpm,1401 rpm,1869 rpm,801 rpm,1857 rpm
2026-08-30 16:00:00,27.2 V,,27.4 V,27.3 V,26.7 V,,27.2 V,27.4 V,27.1 V,26.9 V,26.8 V,800 rpm,,1400 rpm,801 rpm,1860 rpm,,1848 rpm,1399 rpm,1854 rpm,1848 rpm,1846 rpm
2026-08-30 16:30:00,25.6 V,,27.4 V,26.4 V,27.0 V,27.8 V,27.2 V,27.4 V,27.2 V,26.9 V,27.2 V,0 rpm,,1897 rpm,1884 rpm,1852 rpm,1903 rpm,1842 rpm,1400 rpm,1884 rpm,1886 rpm,1833 rpm
2026-08-30 17:00:00,27.3 V,,27.4 V,27.3 V,27.1 V,27.7 V,27.3 V,27.5 V,27.2 V,27.1 V,26.9 V,1850 rpm,,800 rpm,800 rpm,800 rpm,800 rpm,1900 rpm,1400 rpm,1894 rpm,800 rpm,1862 rpm
2026-08-30 17:30:00,,,27.5 V,26.6 V,26.8 V,27.6 V,27.1 V,27.4 V,27.2 V,27.0 V,27.1 V,,,1851 rpm,1898 rpm,1868 rpm,1844 rpm,799 rpm,801 rpm,801 rpm,1889 rpm,1400 rpm
2026-08-30 18:00:00,27.2 V,,27.5 V,26.8 V,27.0 V,27.6 V,27.2 V,27.3 V,27.2 V,27.3 V,27.1 V,1875 rpm,,1843 rpm,1885 rpm,1901 rpm,1873 rpm,1894 rpm,1884 rpm,1891 rpm,1400 rpm,1860 rpm
2026-08-30 18:30:00,27.3 V,,27.5 V,27.1 V,26.3 V,27.6 V,27.2 V,27.4 V,27.2 V,27.4 V,27.2 V,1903 rpm,,1871 rpm,1811 rpm,1836 rpm,1848 rpm,800 rpm,1857 rpm,1834 rpm,1848 rpm,1851 rpm
2026-08-30 19:00:00,27.4 V,,27.6 V,27.2 V,26.8 V,27.6 V,27.3 V,27.3 V,27.2 V,27.3 V,27.2 V,1843 rpm,,1910 rpm,1830 rpm,1842 rpm,1839 rpm,1836 rpm,1835 rpm,1898 rpm,1885 rpm,1842 rpm
2026-08-30 19:30:00,27.3 V,,27.2 V,27.1 V,26.9 V,27.6 V,27.2 V,27.5 V,27.3 V,27.2 V,27.0 V,1400 rpm,,1877 rpm,1842 rpm,1898 rpm,1873 rpm,1861 rpm,1822 rpm,1400 rpm,1900 rpm,1875 rpm
2026-08-30 20:00:00,27.4 V,,27.5 V,26.8 V,27.1 V,27.7 V,27.2 V,27.4 V,27.2 V,27.5 V,27.2 V,1401 rpm,,1897 rpm,1839 rpm,1822 rpm,1401 rpm,1400 rpm,1860 rpm,1853 rpm,1400 rpm,1879 rpm
2026-08-30 20:30:00,27.3 V,,27.5 V,27.2 V,26.5 V,27.7 V,27.2 V,27.4 V,27.2 V,27.4 V,27.2 V,1843 rpm,,1862 rpm,793 rpm,1862 rpm,1872 rpm,1761 rpm,1902 rpm,1854 rpm,1806 rpm,1862 rpm
2026-08-30 21:00:00,27.2 V,,27.6 V,27.6 V,26.6 V,27.7 V,27.2 V,27.5 V,27.4 V,27.2 V,27.2 V,1401 rpm,,1828 rpm,800 rpm,1835 rpm,1905 rpm,1753 rpm,1863 rpm,1894 rpm,1845 rpm,1885 rpm
2026-08-30 21:30:00,27.2 V,,27.6 V,,26.7 V,27.7 V,27.2 V,27.4 V,27.3 V,27.4 V,27.2 V,1400 rpm,,1838 rpm,800 rpm,1907 rpm,1914 rpm,1775 rpm,800 rpm,1857 rpm,1401 rpm,1859 rpm
2026-08-30 22:00:00,27.2 V,,27.6 V,27.1 V,27.1 V,27.7 V,27.2 V,27.3 V,27.1 V,27.2 V,27.2 V,1400 rpm,,1861 rpm,1901 rpm,1851 rpm,1859 rpm,1760 rpm,800 rpm,1830 rpm,1875 rpm,1862 rpm
2026-08-30 22:30:00,27.2 V,,27.6 V,27.3 V,27.0 V,27.7 V,27.2 V,27.4 V,27.1 V,27.1 V,27.3 V,1400 rpm,,1840 rpm,1857 rpm,1842 rpm,1867 rpm,1404 rpm,801 rpm,1842 rpm,1864 rpm,1892 rpm
2026-08-30 23:00:00,27.3 V,27.7 V,27.6 V,27.1 V,26.7 V,27.7 V,27.2 V,27.5 V,27.1 V,27.6 V,27.3 V,1870 rpm,799 rpm,1874 rpm,1872 rpm,1838 rpm,799 rpm,1905 rpm,1895 rpm,1862 rpm,1400 rpm,1840 rpm
2026-08-30 23:30:00,27.3 V,27.8 V,27.6 V,27.2 V,27.1 V,27.9 V,27.1 V,27.5 V,27.1 V,27.2 V,27.3 V,1842 rpm,1897 rpm,1877 rpm,1826 rpm,1830 rpm,800 rpm,1905 rpm,1893 rpm,1899 rpm,1856 rpm,1843 rpm
2026-08-31 00:00:00,26.0 V,27.8 V,27.6 V,27.3 V,26.7 V,27.4 V,27.2 V,27.5 V,27.3 V,27.2 V,27.1 V,0 rpm,800 rpm,1869 rpm,1401 rpm,1851 rpm,799 rpm,1806 rpm,1858 rpm,1838 rpm,1874 rpm,1902 rpm
2026-08-31 00:30:00,24.9 V,27.8 V,27.6 V,27.2 V,27.6 V,,27.2 V,27.5 V,27.2 V,27.3 V,27.1 V,0 rpm,800 rpm,1840 rpm,1854 rpm,800 rpm,,1906 rpm,1835 rpm,1866 rpm,1903 rpm,1834 rpm
2026-08-31 01:00:00,27.3 V,27.8 V,27.5 V,26.9 V,27.3 V,,27.2 V,27.4 V,27.3 V,27.2 V,27.2 V,801 rpm,800 rpm,1862 rpm,1857 rpm,800 rpm,800 rpm,800 rpm,1857 rpm,1817 rpm,1836 rpm,1887 rpm
2026-08-31 01:30:00,27.3 V,27.8 V,,26.7 V,27.2 V,27.9 V,27.2 V,27.5 V,27.2 V,27.3 V,27.3 V,1885 rpm,1846 rpm,800 rpm,1863 rpm,800 rpm,1400 rpm,800 rpm,1849 rpm,1838 rpm,1888 rpm,1842 rpm
2026-08-31 02:00:00,27.4 V,27.7 V,27.6 V,27.4 V,27.1 V,27.8 V,27.2 V,27.4 V,27.2 V,25.5 V,27.2 V,1900 rpm,801 rpm,800 rpm,799 rpm,1869 rpm,1902 rpm,800 rpm,1845 rpm,1893 rpm,0 rpm,1897 rpm
2026-08-31 02:30:00,27.4 V,24.8 V,27.6 V,27.4 V,26.9 V,27.7 V,27.2 V,27.4 V,27.3 V,27.4 V,27.3 V,1900 rpm,799 rpm,799 rpm,1842 rpm,1839 rpm,1401 rpm,1838 rpm,1835 rpm,1839 rpm,799 rpm,1844 rpm
2026-08-31 03:00:00,27.4 V,,27.6 V,26.8 V,27.2 V,27.7 V,27.2 V,27.4 V,27.2 V,27.2 V,27.4 V,1400 rpm,,1897 rpm,1846 rpm,1901 rpm,1864 rpm,1903 rpm,1867 rpm,1841 rpm,1893 rpm,1894 rpm
2026-08-31 03:30:00,27.4 V,,27.6 V,27.0 V,27.2 V,27.7 V,27.2 V,27.3 V,27.5 V,27.2 V,27.4 V,1400 rpm,,1872 rpm,1839 rpm,1888 rpm,1862 rpm,800 rpm,1919 rpm,800 rpm,1871 rpm,1844 rpm
2026-08-31 04:00:00,27.4 V,,27.6 V,26.7 V,26.9 V,27.7 V,27.3 V,27.4 V,27.3 V,27.2 V,27.4 V,1784 rpm,,799 rpm,1876 rpm,1901 rpm,1846 rpm,1826 rpm,1818 rpm,1898 rpm,1864 rpm,1892 rpm
2026-08-31 04:30:00,27.4 V,,27.6 V,26.7 V,27.2 V,27.7 V,27.3 V,27.4 V,27.3 V,27.3 V,27.4 V,1841 rpm,,1901 rpm,1841 rpm,1864 rpm,1894 rpm,1839 rpm,1840 rpm,1906 rpm,1868 rpm,1899 rpm
2026-08-31 05:00:00,26.8 V,,27.6 V,27.5 V,27.3 V,27.8 V,27.3 V,27.4 V,27.2 V,27.1 V,27.4 V,1399 rpm,,800 rpm,801 rpm,1881 rpm,801 rpm,1843 rpm,1848 rpm,1899 rpm,1867 rpm,1853 rpm
2026-08-31 05:30:00,27.4 V,,27.5 V,26.2 V,26.7 V,27.7 V,27.4 V,27.4 V,27.4 V,26.9 V,27.2 V,1400 rpm,,800 rpm,1833 rpm,1882 rpm,1847 rpm,800 rpm,1400 rpm,800 rpm,1881 rpm,801 rpm
2026-08-31 06:00:00,27.3 V,,27.6 V,26.8 V,27.4 V,27.7 V,27.4 V,27.6 V,27.3 V,27.0 V,27.3 V,1867 rpm,,1832 rpm,1841 rpm,800 rpm,1901 rpm,1890 rpm,1837 rpm,1868 rpm,1862 rpm,1860 rpm
2026-08-31 06:30:00,27.3 V,,27.6 V,26.8 V,27.2 V,27.7 V,27.3 V,27.5 V,27.3 V,27.0 V,27.3 V,1863 rpm,,1833 rpm,1400 rpm,1838 rpm,1844 rpm,1886 rpm,1873 rpm,1865 rpm,801 rpm,1838 rpm
2026-08-31 07:00:00,27.3 V,,27.5 V,26.0 V,27.2 V,27.7 V,27.3 V,27.5 V,27.1 V,27.1 V,27.3 V,1870 rpm,,1822 rpm,1844 rpm,1839 rpm,1891 rpm,1400 rpm,1399 rpm,1842 rpm,1844 rpm,1865 rpm
2026-08-31 07:30:00,27.2 V,,27.5 V,26.3 V,26.9 V,27.6 V,27.3 V,27.5 V,27.2 V,27.0 V,27.3 V,1900 rpm,,1399 rpm,1870 rpm,1900 rpm,1870 rpm,1864 rpm,1400 rpm,1838 rpm,800 rpm,1628 rpm
2026-08-31 08:00:00,27.2 V,,27.5 V,26.4 V,26.7 V,27.7 V,27.3 V,27.5 V,26.6 V,26.9 V,27.2 V,1880 rpm,,1825 rpm,1877 rpm,1901 rpm,1837 rpm,1900 rpm,1837 rpm,800 rpm,1881 rpm,1893 rpm
2026-08-31 08:30:00,27.2 V,,27.5 V,27.0 V,27.1 V,27.7 V,27.2 V,27.4 V,27.1 V,27.0 V,27.2 V,1892 rpm,,1892 rpm,1852 rpm,1899 rpm,801 rpm,1866 rpm,1842 rpm,1869 rpm,1904 rpm,1854 rpm
2026-08-31 09:00:00,27.2 V,25.9 V,27.6 V,26.7 V,26.5 V,27.7 V,27.2 V,27.4 V,27.1 V,26.9 V,27.2 V,1898 rpm,0 rpm,1400 rpm,1841 rpm,1900 rpm,1874 rpm,1835 rpm,1840 rpm,1877 rpm,1859 rpm,1852 rpm
2026-08-31 09:30:00,27.2 V,,27.5 V,26.4 V,26.7 V,27.6 V,653 V,27.4 V,27.2 V,26.9 V,27.2 V,1856 rpm,799 rpm,1837 rpm,1401 rpm,1833 rpm,1836 rpm,199 rpm,1852 rpm,1866 rpm,1872 rpm,1893 rpm
2026-08-31 10:00:00,27.2 V,25.2 V,27.4 V,26.0 V,27.1 V,27.6 V,27.3 V,27.4 V,27.0 V,26.1 V,27.2 V,1896 rpm,0 rpm,1839 rpm,1848 rpm,800 rpm,1899 rpm,1898 rpm,1840 rpm,1862 rpm,800 rpm,1902 rpm
2026-08-31 10:30:00,27.2 V,25.2 V,27.4 V,27.0 V,27.0 V,27.6 V,27.3 V,27.4 V,27.1 V,27.0 V,27.3 V,1904 rpm,,1400 rpm,1866 rpm,1848 rpm,1838 rpm,1848 rpm,1847 rpm,1879 rpm,1873 rpm,1400 rpm
2026-08-31 11:00:00,27.2 V,,27.4 V,27.0 V,26.5 V,27.5 V,27.2 V,27.4 V,27.0 V,26.8 V,27.4 V,1901 rpm,,1837 rpm,1838 rpm,1852 rpm,1832 rpm,1839 rpm,1871 rpm,1905 rpm,1870 rpm,800 rpm
2026-08-31 11:30:00,27.4 V,,27.5 V,25.9 V,27.0 V,27.6 V,27.2 V,27.3 V,26.6 V,27.0 V,27.3 V,799 rpm,,1400 rpm,1836 rpm,1830 rpm,1797 rpm,1835 rpm,1876 rpm,1904 rpm,799 rpm,1400 rpm
2026-08-31 12:00:00,27.2 V,,27.4 V,26.4 V,26.7 V,27.6 V,27.2 V,27.3 V,27.2 V,27.0 V,27.1 V,1897 rpm,,801 rpm,1844 rpm,1885 rpm,1843 rpm,1870 rpm,1865 rpm,800 rpm,1193 rpm,1851 rpm
2026-08-31 12:30:00,27.3 V,,27.5 V,,,27.6 V,27.1 V,27.3 V,27.1 V,26.9 V,27.1 V,1822 rpm,,800 rpm,,,1840 rpm,1863 rpm,1400 rpm,1840 rpm,1851 rpm,1876 rpm
2026-08-31 13:00:00,27.2 V,,27.1 V,26.6 V,26.4 V,27.6 V,27.1 V,27.3 V,27.0 V,26.8 V,27.1 V,1845 rpm,,1887 rpm,1842 rpm,1865 rpm,1887 rpm,1878 rpm,1835 rpm,1907 rpm,800 rpm,1840 rpm
2026-08-31 13:30:00,27.2 V,,27.5 V,26.4 V,27.0 V,27.6 V,27.0 V,27.3 V,27.0 V,26.9 V,25.5 V,1898 rpm,,1400 rpm,1873 rpm,801 rpm,1874 rpm,1898 rpm,1833 rpm,1859 rpm,1888 rpm,1796 rpm
2026-08-31 14:00:00,27.2 V,,27.4 V,25.6 V,26.5 V,27.7 V,27.1 V,27.3 V,27.0 V,26.8 V,,1866 rpm,,1897 rpm,0 rpm,1870 rpm,1898 rpm,1860 rpm,1871 rpm,1837 rpm,1871 rpm,1777 rpm
2026-08-31 14:30:00,27.3 V,,27.4 V,26.7 V,27.0 V,27.6 V,27.2 V,27.3 V,27.1 V,26.9 V,27.0 V,1862 rpm,,1842 rpm,1875 rpm,800 rpm,1866 rpm,1840 rpm,1842 rpm,1838 rpm,1881 rpm,1862 rpm
2026-08-31 15:00:00,27.3 V,,27.4 V,26.9 V,27.3 V,27.6 V,27.2 V,27.3 V,27.0 V,26.5 V,27.1 V,1400 rpm,,1902 rpm,1877 rpm,800 rpm,1400 rpm,1900 rpm,1857 rpm,1836 rpm,800 rpm,1852 rpm
2026-08-31 15:30:00,27.3 V,,27.4 V,26.7 V,27.4 V,27.6 V,27.1 V,27.4 V,27.0 V,27.1 V,27.1 V,1821 rpm,,1867 rpm,1866 rpm,800 rpm,1904 rpm,1907 rpm,1898 rpm,1862 rpm,800 rpm,1840 rpm
2026-08-31 16:00:00,27.3 V,,27.4 V,26.8 V,26.9 V,27.6 V,27.1 V,27.4 V,27.1 V,26.9 V,27.5 V,1906 rpm,,1856 rpm,1899 rpm,1863 rpm,1872 rpm,1873 rpm,1869 rpm,1839 rpm,800 rpm,1400 rpm
2026-08-31 16:30:00,27.4 V,,27.4 V,27.2 V,26.9 V,27.6 V,27.2 V,27.4 V,27.2 V,27.1 V,27.5 V,1828 rpm,,1890 rpm,1801 rpm,1882 rpm,1894 rpm,1841 rpm,1835 rpm,1842 rpm,800 rpm,1847 rpm
2026-08-31 17:00:00,27.2 V,,27.3 V,27.4 V,27.2 V,27.6 V,27.1 V,27.4 V,27.2 V,27.0 V,27.5 V,1400 rpm,,801 rpm,799 rpm,1903 rpm,800 rpm,1888 rpm,1850 rpm,1835 rpm,1899 rpm,800 rpm
2026-08-31 17:30:00,27.4 V,,27.5 V,26.1 V,27.4 V,27.6 V,27.1 V,27.4 V,27.1 V,27.0 V,25.5 V,1400 rpm,,800 rpm,1829 rpm,800 rpm,1900 rpm,800 rpm,1400 rpm,1872 rpm,1899 rpm,0 rpm
2026-08-31 18:00:00,27.3 V,,27.5 V,26.8 V,26.8 V,27.6 V,27.1 V,27.4 V,27.2 V,27.0 V,27.3 V,1892 rpm,,800 rpm,1827 rpm,1901 rpm,1827 rpm,1837 rpm,1838 rpm,1845 rpm,1833 rpm,1853 rpm
2026-08-31 18:30:00,27.2 V,,27.5 V,26.2 V,,27.6 V,27.0 V,27.4 V,27.1 V,27.3 V,27.3 V,1829 rpm,,1829 rpm,1909 rpm,,1865 rpm,1901 rpm,1889 rpm,1871 rpm,1400 rpm,1834 rpm
2026-08-31 19:00:00,27.2 V,,27.6 V,26.8 V,,27.7 V,27.1 V,27.5 V,27.2 V,27.1 V,27.3 V,1868 rpm,,1401 rpm,1891 rpm,,1854 rpm,1823 rpm,1839 rpm,1880 rpm,1871 rpm,1859 rpm
2026-08-31 19:30:00,27.2 V,,27.5 V,26.5 V,27.4 V,27.6 V,27.1 V,27.4 V,27.2 V,27.2 V,27.2 V,1823 rpm,,1852 rpm,1875 rpm,800 rpm,1836 rpm,1839 rpm,799 rpm,1864 rpm,800 rpm,1842 rpm
2026-08-31 20:00:00,27.2 V,,27.6 V,27.2 V,25.6 V,27.6 V,27.1 V,27.4 V,27.3 V,27.1 V,27.2 V,1858 rpm,,800 rpm,1840 rpm,0 rpm,1892 rpm,1812 rpm,800 rpm,1857 rpm,1835 rpm,1864 rpm
2026-08-31 20:30:00,27.2 V,,27.5 V,27.2 V,27.4 V,27.6 V,27.1 V,27.5 V,27.3 V,27.3 V,27.3 V,1900 rpm,,1902 rpm,1871 rpm,1903 rpm,1897 rpm,1836 rpm,800 rpm,1849 rpm,800 rpm,1877 rpm
2026-08-31 21:00:00,27.2 V,25.3 V,27.5 V,26.8 V,27.1 V,27.6 V,26.9 V,27.5 V,27.2 V,27.3 V,27.4 V,1847 rpm,125 rpm,1870 rpm,1845 rpm,801 rpm,1825 rpm,1900 rpm,1846 rpm,1844 rpm,1902 rpm,1844 rpm
2026-08-31 21:30:00,27.4 V,28 V,27.5 V,27.5 V,26.8 V,27.6 V,27.2 V,27.5 V,27.2 V,27.4 V,27.2 V,1399 rpm,0 rpm,800 rpm,800 rpm,1843 rpm,800 rpm,1883 rpm,1853 rpm,1908 rpm,800 rpm,1879 rpm
2026-08-31 22:00:00,27.4 V,,27.6 V,27.8 V,27.2 V,,27.2 V,27.5 V,27.2 V,27.5 V,27.3 V,1850 rpm,,1878 rpm,801 rpm,1833 rpm,,800 rpm,1843 rpm,1864 rpm,800 rpm,1860 rpm
2026-08-31 22:30:00,27.5 V,,27.6 V,27.7 V,27.0 V,,27.3 V,27.5 V,27.2 V,27.5 V,27.4 V,800 rpm,,1864 rpm,799 rpm,1845 rpm,,1841 rpm,1837 rpm,1894 rpm,1400 rpm,1854 rpm
2026-08-31 23:00:00,27.5 V,,27.7 V,27.8 V,27.5 V,,27.7 V,27.5 V,27.6 V,27.6 V,26.5 V,1896 rpm,,1862 rpm,801 rpm,800 rpm,,1888 rpm,800 rpm,800 rpm,1850 rpm,1874 rpm
2026-08-31 23:30:00,27.6 V,,27.8 V,28 V,25.6 V,25.6 V,,27.7 V,27.6 V,27.5 V,27.7 V,1841 rpm,,1840 rpm,799 rpm,0 rpm,0 rpm,,1884 rpm,800 rpm,801 rpm,1400 rpm
2026-09-01 00:00:00,,,27.8 V,28.2 V,25.4 V,,,,27.6 V,27.7 V,,,,1841 rpm,800 rpm,0 rpm,,,,800 rpm,800 rpm,
2026-09-01 00:30:00,,,,28.1 V,,,,,27.8 V,27.5 V,,,,,799 rpm,,,,,801 rpm,1842 rpm,
2026-09-01 01:00:00,,,,28.1 V,,,,27.7 V,27.9 V,27.3 V,,,,,800 rpm,,,,1898 rpm,800 rpm,1888 rpm,
2026-09-01 01:30:00,,,,28.1 V,,,,,27.6 V,27.6 V,,,,,799 rpm,,,800 rpm,,1913 rpm,799 rpm,
2026-09-01 02:00:00,,,,28.1 V,,,27.6 V,,27.8 V,27.8 V,,1889 rpm,,,801 rpm,,,800 rpm,,800 rpm,801 rpm,
2026-09-01 02:30:00,27.5 V,,,28.1 V,,,27.5 V,,27.9 V,,27.7 V,1900 rpm,,,799 rpm,,,1852 rpm,,800 rpm,,800 rpm
2026-09-01 03:00:00,27.5 V,,,28.1 V,25.4 V,,27.6 V,27.6 V,27.9 V,27.4 V,27.6 V,800 rpm,,,801 rpm,0 rpm,801 rpm,799 rpm,1853 rpm,800 rpm,1400 rpm,1842 rpm
2026-09-01 03:30:00,27.6 V,,,28.1 V,24.0 V,,27.5 V,27.6 V,27.4 V,27.4 V,27.4 V,800 rpm,,,800 rpm,0 rpm,,1881 rpm,1858 rpm,1856 rpm,1866 rpm,1839 rpm
2026-09-01 04:00:00,25.3 V,,,25.5 V,23.2 V,,25.4 V,27.7 V,27.7 V,27.5 V,27.4 V,0 rpm,,,0 rpm,0 rpm,,0 rpm,800 rpm,800 rpm,1903 rpm,1844 rpm
2026-09-01 04:30:00,25.3 V,,,,23.4 V,,27.6 V,,27.4 V,27.3 V,27.4 V,,,,,0 rpm,,800 rpm,,1867 rpm,1854 rpm,1869 rpm
2026-09-01 05:00:00,27.5 V,,,,,,,,27.5 V,27.2 V,27.3 V,1904 rpm,,,,,,,,1867 rpm,1886 rpm,1845 rpm
2026-09-01 05:30:00,27.5 V,,,,,,,,27.2 V,27.3 V,27.4 V,1861 rpm,,,,,,,,1835 rpm,1859 rpm,799 rpm
2026-09-01 06:00:00,27.5 V,,27.8 V,27.8 V,27.6 V,27.9 V,,,27.3 V,27.2 V,27.3 V,801 rpm,,1826 rpm,800 rpm,800 rpm,1876 rpm,,,1843 rpm,1861 rpm,1827 rpm
2026-09-01 06:30:00,27.5 V,,27.7 V,27.3 V,26.9 V,28 V,,,27.3 V,27.3 V,27.3 V,800 rpm,,1902 rpm,1861 rpm,1400 rpm,1400 rpm,,,1874 rpm,1871 rpm,1898 rpm
2026-09-01 07:00:00,27.5 V,,27.7 V,25.8 V,27.1 V,27.9 V,27.6 V,27.7 V,27.2 V,27.2 V,27.3 V,800 rpm,,1867 rpm,0 rpm,1898 rpm,1400 rpm,1400 rpm,1897 rpm,1899 rpm,1843 rpm,1828 rpm
2026-09-01 07:30:00,27.5 V,,27.6 V,26.7 V,26.7 V,27.8 V,27.6 V,27.5 V,27.3 V,27.3 V,27.2 V,1399 rpm,,1899 rpm,1860 rpm,1863 rpm,1889 rpm,1400 rpm,1904 rpm,1843 rpm,1902 rpm,1831 rpm
2026-09-01 08:00:00,27.4 V,,27.6 V,26.8 V,27.1 V,27.8 V,27.6 V,27.5 V,27.4 V,27.0 V,27.0 V,1855 rpm,,1866 rpm,1840 rpm,1846 rpm,1885 rpm,1401 rpm,1899 rpm,1847 rpm,1838 rpm,1861 rpm
2026-09-01 08:30:00,27.3 V,,27.5 V,27.3 V,27.0 V,27.8 V,27.3 V,27.5 V,27.3 V,27.1 V,27.1 V,1840 rpm,,1903 rpm,1839 rpm,1854 rpm,1400 rpm,1903 rpm,1894 rpm,1889 rpm,1902 rpm,1865 rpm
2026-09-01 09:00:00,27.3 V,,27.5 V,27.5 V,27.3 V,27.8 V,27.4 V,27.5 V,27.3 V,27.2 V,27.0 V,1842 rpm,,1866 rpm,800 rpm,1400 rpm,1400 rpm,1400 rpm,1870 rpm,1847 rpm,1871 rpm,1836 rpm
2026-09-01 09:30:00,27.3 V,,27.7 V,27.6 V,26.6 V,27.9 V,27.3 V,27.4 V,27.2 V,27.2 V,27.0 V,1903 rpm,,1836 rpm,801 rpm,1836 rpm,800 rpm,1849 rpm,1844 rpm,1873 rpm,1826 rpm,1854 rpm
2026-09-01 10:00:00,27.3 V,,27.6 V,26.8 V,26.5 V,25.5 V,27.3 V,27.4 V,27.2 V,27.0 V,27.1 V,1840 rpm,,1865 rpm,1897 rpm,1834 rpm,0 rpm,1893 rpm,1849 rpm,1849 rpm,1869 rpm,1868 rpm
2026-09-01 10:30:00,27.2 V,,27.6 V,27.4 V,26.4 V,,27.3 V,27.4 V,27.2 V,26.9 V,27.1 V,1885 rpm,,1838 rpm,1860 rpm,1872 rpm,,1863 rpm,801 rpm,1763 rpm,1843 rpm,1868 rpm
2026-09-01 11:00:00,27.3 V,,27.7 V,27.3 V,26.4 V,,27.2 V,27.4 V,27.2 V,27.1 V,27.1 V,1850 rpm,,1833 rpm,1852 rpm,1835 rpm,,1850 rpm,1883 rpm,1882 rpm,801 rpm,1855 rpm
2026-09-01 11:30:00,27.2 V,,27.7 V,27.3 V,27.0 V,,27.3 V,27.4 V,27.2 V,27.1 V,27.0 V,1828 rpm,,799 rpm,800 rpm,1855 rpm,,1883 rpm,1865 rpm,1841 rpm,800 rpm,1857 rpm
2026-09-01 12:00:00,27.2 V,,27.6 V,27.2 V,26.7 V,,27.3 V,27.4 V,27.1 V,27.0 V,27.0 V,1901 rpm,,800 rpm,1861 rpm,1855 rpm,,1843 rpm,1855 rpm,1869 rpm,799 rpm,1837 rpm
2026-09-01 12:30:00,27.3 V,,27.6 V,27.1 V,27.0 V,,27.3 V,27.4 V,27.1 V,27.0 V,26.9 V,1841 rpm,,1859 rpm,1882 rpm,1824 rpm,,1868 rpm,1840 rpm,1899 rpm,1870 rpm,1836 rpm
2026-09-01 13:00:00,27.3 V,,27.5 V,27.4 V,26.8 V,,27.3 V,27.4 V,27.1 V,26.8 V,27.1 V,1904 rpm,,801 rpm,1399 rpm,1850 rpm,,1809 rpm,1888 rpm,1844 rpm,1823 rpm,1838 rpm
2026-09-01 13:30:00,27.2 V,,27.6 V,26.7 V,27.0 V,,27.3 V,27.4 V,27.2 V,27.0 V,25.8 V,1890 rpm,,800 rpm,1847 rpm,1399 rpm,,1399 rpm,800 rpm,1832 rpm,1865 rpm,800 rpm
2026-09-01 14:00:00,27.1 V,,27.5 V,26.8 V,27.1 V,,27.2 V,27.5 V,27.2 V,26.9 V,27.0 V,1843 rpm,,1897 rpm,1887 rpm,1400 rpm,,1841 rpm,1878 rpm,1915 rpm,1893 rpm,1859 rpm
2026-09-01 14:30:00,27.2 V,,27.5 V,27.0 V,26.4 V,,27.2 V,27.5 V,27.2 V,27.0 V,27.1 V,1852 rpm,,1876 rpm,1399 rpm,1840 rpm,,1876 rpm,1849 rpm,1823 rpm,1845 rpm,1853 rpm
2026-09-01 15:00:00,27.2 V,,27.5 V,27.1 V,26.7 V,,27.2 V,27.5 V,27.3 V,27.0 V,27.2 V,800 rpm,,1902 rpm,1838 rpm,1863 rpm,,1828 rpm,1856 rpm,1841 rpm,1897 rpm,1842 rpm
2026-09-01 15:30:00,27.3 V,,27.6 V,27.3 V,26.9 V,,27.3 V,27.6 V,27.5 V,27.0 V,27.3 V,1884 rpm,,1891 rpm,1898 rpm,1878 rpm,,1846 rpm,1876 rpm,801 rpm,1894 rpm,1846 rpm
2026-09-01 16:00:00,27.3 V,,25.5 V,26.9 V,26.5 V,,27.3 V,27.6 V,27.5 V,27.8 V,27.7 V,800 rpm,,0 rpm,1831 rpm,1851 rpm,,1838 rpm,1900 rpm,1898 rpm,800 rpm,800 rpm
2026-09-01 16:30:00,27.3 V,,,26.9 V,27.2 V,,27.3 V,27.7 V,27.7 V,27.9 V,27.7 V,1862 rpm,,,1841 rpm,1400 rpm,,1903 rpm,1401 rpm,800 rpm,800 rpm,1867 rpm
2026-09-01 17:00:00,27.3 V,,,27.4 V,27.3 V,,27.4 V,27.5 V,27.7 V,27.8 V,27.5 V,800 rpm,,,801 rpm,800 rpm,,1399 rpm,1903 rpm,1880 rpm,800 rpm,1883 rpm
2026-09-01 17:30:00,27.4 V,,27.8 V,27.1 V,27.2 V,,27.2 V,25.4 V,24.7 V,,,1892 rpm,,800 rpm,1400 rpm,1836 rpm,,800 rpm,0 rpm,0 rpm,,
2026-09-01 18:00:00,27.4 V,,27.7 V,26.7 V,27.3 V,,,,24.7 V,,,1844 rpm,,1840 rpm,1823 rpm,1846 rpm,,,,0 rpm,,
2026-09-01 18:30:00,27.4 V,,27.6 V,27.3 V,27.0 V,,,,24.6 V,,,1399 rpm,,1877 rpm,1399 rpm,1881 rpm,,,,0 rpm,,
2026-09-01 19:00:00,27.5 V,,27.6 V,26.9 V,27.2 V,,,,24.6 V,,,1401 rpm,,1866 rpm,1400 rpm,1848 rpm,,,,0 rpm,,
2026-09-01 19:30:00,27.7 V,,27.6 V,27.4 V,27.3 V,,,,24.6 V,,,1401 rpm,,1832 rpm,1399 rpm,800 rpm,,,,0 rpm,,
2026-09-01 20:00:00,25.5 V,,27.6 V,27.7 V,27.5 V,,,,24.5 V,,,1400 rpm,,1400 rpm,1400 rpm,799 rpm,,,,0 rpm,,
2026-09-01 20:30:00,,,27.6 V,27.7 V,27.6 V,,,27.8 V,24.5 V,,26.9 V,,,1862 rpm,1400 rpm,800 rpm,,,800 rpm,0 rpm,,800 rpm
2026-09-01 21:00:00,,,27.6 V,25.2 V,27.6 V,,,25.6 V,24.4 V,,27.8 V,,,1874 rpm,0 rpm,800 rpm,,,,0 rpm,,799 rpm
2026-09-01 21:30:00,27.5 V,,27.8 V,25.1 V,27.6 V,,,25.4 V,24.4 V,,25.2 V,1401 rpm,,800 rpm,0 rpm,800 rpm,,,,0 rpm,,0 rpm
2026-09-01 22:00:00,27.5 V,,,25.1 V,27.4 V,,,25.5 V,24.3 V,,,1900 rpm,,,0 rpm,1876 rpm,,,,0 rpm,,
2026-09-01 22:30:00,,,,25.1 V,27.0 V,,,27.6 V,24.3 V,,,1870 rpm,,,0 rpm,1872 rpm,,,,0 rpm,,
2026-09-01 23:00:00,27.5 V,,,25.0 V,27.4 V,,,27.6 V,25.4 V,,,1844 rpm,,,0 rpm,800 rpm,,,,0 rpm,,
2026-09-01 23:30:00,27.4 V,,,26.8 V,27.5 V,,,27.5 V,24.7 V,,25.2 V,1898 rpm,,,1400 rpm,800 rpm,,,,0 rpm,,0 rpm
2026-09-02 00:00:00,27.4 V,,,27.1 V,27.5 V,,,27.7 V,27.0 V,,25.2 V,1903 rpm,,,1867 rpm,800 rpm,,,1401 rpm,1898 rpm,,0 rpm
2026-09-02 00:30:00,27.4 V,,25.6 V,26.9 V,27.5 V,,,27.6 V,27.0 V,,27.4 V,1846 rpm,,0 rpm,1401 rpm,800 rpm,,,1869 rpm,1895 rpm,,1862 rpm
2026-09-02 01:00:00,27.3 V,,27.8 V,27.1 V,27.5 V,,,27.6 V,27.2 V,,26.0 V,1868 rpm,,801 rpm,1401 rpm,800 rpm,,,1399 rpm,1895 rpm,,0 rpm
2026-09-02 01:30:00,27.3 V,,27.8 V,26.8 V,26.9 V,,,27.6 V,27.3 V,,27.4 V,1832 rpm,,1869 rpm,1835 rpm,1838 rpm,,,1839 rpm,1841 rpm,,1896 rpm
2026-09-02 02:00:00,27.4 V,,27.7 V,26.8 V,27.3 V,,,27.6 V,27.3 V,27.6 V,27.2 V,1898 rpm,,1877 rpm,1846 rpm,800 rpm,,,1865 rpm,1847 rpm,1895 rpm,0 rpm
2026-09-02 02:30:00,27.4 V,,27.7 V,27.0 V,26.8 V,,,27.6 V,27.2 V,27.4 V,27.4 V,1843 rpm,,1399 rpm,1400 rpm,1901 rpm,,,1837 rpm,1904 rpm,1868 rpm,1400 rpm
2026-09-02 03:00:00,27.4 V,,27.7 V,26.9 V,27.3 V,,,27.4 V,27.3 V,27.8 V,27.4 V,1852 rpm,,1812 rpm,1843 rpm,1835 rpm,,,800 rpm,1896 rpm,800 rpm,1401 rpm
2026-09-02 03:30:00,27.3 V,,27.7 V,27.2 V,27.1 V,,,,27.4 V,26.2 V,27.4 V,1901 rpm,,1837 rpm,1860 rpm,1875 rpm,,,,1400 rpm,1873 rpm,1848 rpm
2026-09-02 04:00:00,27.4 V,,27.7 V,27.3 V,27.1 V,,,,27.3 V,,27.4 V,1400 rpm,,800 rpm,1839 rpm,1908 rpm,,,,1399 rpm,,1833 rpm
2026-09-02 04:30:00,27.4 V,,27.7 V,26.7 V,27.2 V,,,27.6 V,27.3 V,25.3 V,27.3 V,1902 rpm,,800 rpm,1841 rpm,1903 rpm,,,1900 rpm,1851 rpm,800 rpm,1837 rpm
2026-09-02 05:00:00,27.4 V,,27.7 V,26.6 V,27.0 V,28.1 V,,27.5 V,27.4 V,27.4 V,27.2 V,1899 rpm,,800 rpm,1854 rpm,1885 rpm,799 rpm,,1835 rpm,800 rpm,1899 rpm,1868 rpm
2026-09-02 05:30:00,27.4 V,,27.6 V,26.3 V,27.4 V,28.0 V,,27.5 V,27.4 V,26.1 V,25.1 V,1399 rpm,,1903 rpm,1857 rpm,1800 rpm,1602 rpm,,800 rpm,800 rpm,0 rpm,800 rpm
2026-09-02 06:00:00,27.4 V,,27.6 V,27.3 V,26.8 V,,,27.6 V,27.4 V,27.4 V,27.2 V,1868 rpm,,800 rpm,1827 rpm,1857 rpm,,,1888 rpm,800 rpm,1897 rpm,1856 rpm
2026-09-02 06:30:00,27.4 V,,27.7 V,26.9 V,27.0 V,,,27.5 V,27.2 V,27.7 V,27.2 V,1899 rpm,,1798 rpm,1850 rpm,1846 rpm,,,1839 rpm,1892 rpm,800 rpm,1873 rpm
2026-09-02 07:00:00,27.4 V,,27.6 V,26.3 V,27.2 V,,,27.5 V,27.3 V,27.4 V,27.1 V,800 rpm,,1844 rpm,1855 rpm,1845 rpm,,,1879 rpm,1897 rpm,1843 rpm,1867 rpm
2026-09-02 07:30:00,27.4 V,,27.5 V,26.7 V,27.2 V,,,27.5 V,27.2 V,27.2 V,27.3 V,1826 rpm,,1896 rpm,1400 rpm,1899 rpm,,,1897 rpm,1843 rpm,1873 rpm,1400 rpm
2026-09-02 08:00:00,27.3 V,,27.5 V,27.1 V,27.0 V,,,27.6 V,27.1 V,27.3 V,27.0 V,1870 rpm,,1890 rpm,1876 rpm,1839 rpm,,,1400 rpm,1799 rpm,1845 rpm,1861 rpm
2026-09-02 08:30:00,27.3 V,,27.5 V,26.8 V,26.9 V,,,27.5 V,27.2 V,27.3 V,27.1 V,1900 rpm,,1798 rpm,1839 rpm,1884 rpm,800 rpm,,800 rpm,1834 rpm,1874 rpm,1865 rpm
2026-09-02 09:00:00,27.2 V,,27.5 V,26.5 V,27.2 V,,,27.5 V,27.2 V,27.3 V,27.1 V,1842 rpm,,800 rpm,1841 rpm,1401 rpm,,,1836 rpm,1832 rpm,1853 rpm,1849 rpm
2026-09-02 09:30:00,27.3 V,,27.6 V,26.9 V,27.0 V,,,27.5 V,27.2 V,27.3 V,27.2 V,1899 rpm,,1901 rpm,1887 rpm,1887 rpm,,,1824 rpm,1833 rpm,1902 rpm,1400 rpm
2026-09-02 10:00:00,27.4 V,,27.5 V,26.3 V,26.9 V,,,27.5 V,27.1 V,27.2 V,27.4 V,1888 rpm,,1852 rpm,1846 rpm,1830 rpm,801 rpm,,1838 rpm,1401 rpm,1842 rpm,1401 rpm
2026-09-02 10:30:00,27.3 V,,27.5 V,26.9 V,26.6 V,27.9 V,,27.5 V,27.0 V,27.2 V,27.1 V,1842 rpm,,1823 rpm,879 rpm,1846 rpm,1857 rpm,,1835 rpm,1885 rpm,1900 rpm,1833 rpm
2026-09-02 11:00:00,27.3 V,,27.5 V,27.2 V,26.3 V,27.9 V,,27.4 V,27.1 V,27.2 V,27.0 V,800 rpm,,1852 rpm,800 rpm,1898 rpm,1855 rpm,,1902 rpm,1840 rpm,1833 rpm,1859 rpm
2026-09-02 11:30:00,27.4 V,,27.5 V,24.8 V,26.6 V,,,27.5 V,27.1 V,27.0 V,27.1 V,1891 rpm,,1899 rpm,800 rpm,1838 rpm,,,1857 rpm,1895 rpm,1232 rpm,1894 rpm
2026-09-02 12:00:00,,,27.5 V,26.5 V,26.9 V,27.8 V,,27.4 V,27.3 V,27.0 V,26.9 V,,,1879 rpm,1896 rpm,1837 rpm,1897 rpm,,1400 rpm,800 rpm,1841 rpm,1842 rpm
2026-09-02 12:30:00,,,27.6 V,25.8 V,27.0 V,27.7 V,27.2 V,27.4 V,27.0 V,26.7 V,27.1 V,,,1879 rpm,0 rpm,800 rpm,1400 rpm,1901 rpm,1881 rpm,1855 rpm,801 rpm,800 rpm
2026-09-02 13:00:00,27.3 V,,27.6 V,26.5 V,26.8 V,27.6 V,27.2 V,24.0 V,27.1 V,27.1 V,27.1 V,1863 rpm,,1840 rpm,1901 rpm,1863 rpm,1439 rpm,1841 rpm,734 rpm,1875 rpm,1910 rpm,800 rpm
2026-09-02 13:30:00,27.3 V,,27.6 V,26.6 V,26.2 V,27.5 V,27.1 V,27.4 V,27.1 V,27.3 V,27.1 V,1894 rpm,,800 rpm,1896 rpm,1889 rpm,1875 rpm,1897 rpm,1865 rpm,1834 rpm,800 rpm,1864 rpm
2026-09-02 14:00:00,27.3 V,,27.5 V,27.3 V,26.7 V,27.6 V,27.1 V,27.3 V,27.1 V,27.1 V,27.1 V,1899 rpm,,1903 rpm,1871 rpm,1837 rpm,1834 rpm,1837 rpm,1848 rpm,1400 rpm,1847 rpm,1848 rpm
2026-09-02 14:30:00,27.2 V,,27.5 V,26.0 V,26.8 V,27.5 V,27.1 V,27.3 V,27.1 V,26.7 V,27.1 V,1818 rpm,,1851 rpm,1778 rpm,1845 rpm,1904 rpm,1834 rpm,800 rpm,1872 rpm,1903 rpm,1840 rpm
2026-09-02 15:00:00,27.2 V,,27.6 V,26.7 V,26.6 V,27.5 V,27.1 V,27.3 V,27.1 V,27.0 V,27.0 V,1863 rpm,,1845 rpm,1896 rpm,1647 rpm,1840 rpm,1870 rpm,1899 rpm,1853 rpm,1899 rpm,1895 rpm
2026-09-02 15:30:00,27.2 V,28.0 V,27.5 V,26.8 V,26.5 V,27.5 V,27.1 V,27.3 V,27.0 V,27.1 V,27.1 V,1858 rpm,945 rpm,801 rpm,1836 rpm,1860 rpm,1901 rpm,1896 rpm,1901 rpm,1838 rpm,1840 rpm,1863 rpm
2026-09-02 16:00:00,27.2 V,28.0 V,27.5 V,26.5 V,26.5 V,27.6 V,27.1 V,27.3 V,25.7 V,27.1 V,27.1 V,1901 rpm,950 rpm,1866 rpm,1839 rpm,1862 rpm,1401 rpm,1850 rpm,1860 rpm,0 rpm,1893 rpm,1856 rpm
2026-09-02 16:30:00,27.2 V,28.0 V,27.2 V,27.0 V,26.6 V,27.5 V,27.2 V,27.3 V,27.2 V,27.2 V,26.9 V,1841 rpm,800 rpm,1844 rpm,1861 rpm,1858 rpm,1831 rpm,1821 rpm,1861 rpm,1881 rpm,1866 rpm,1899 rpm
2026-09-02 17:00:00,27.2 V,27.9 V,27.5 V,26.8 V,26.4 V,27.5 V,27.1 V,27.3 V,27.3 V,27.2 V,27.0 V,800 rpm,0 rpm,800 rpm,1841 rpm,1840 rpm,1854 rpm,1840 rpm,801 rpm,1862 rpm,800 rpm,1855 rpm
2026-09-02 17:30:00,27.3 V,,27.6 V,27.2 V,27.1 V,27.6 V,27.1 V,27.2 V,27.0 V,27.0 V,26.6 V,800 rpm,,1867 rpm,1835 rpm,1510 rpm,799 rpm,800 rpm,800 rpm,1870 rpm,1901 rpm,800 rpm
2026-09-02 18:00:00,27.3 V,,27.6 V,26.4 V,26.5 V,27.7 V,27.2 V,27.5 V,27.2 V,27.0 V,27.3 V,800 rpm,,1893 rpm,1849 rpm,1896 rpm,801 rpm,800 rpm,1833 rpm,1840 rpm,1871 rpm,1843 rpm
2026-09-02 18:30:00,27.3 V,,27.6 V,26.3 V,27.0 V,27.7 V,27.2 V,25.8 V,27.3 V,27.1 V,27.2 V,800 rpm,,1400 rpm,1846 rpm,1833 rpm,1897 rpm,1885 rpm,0 rpm,1852 rpm,1652 rpm,1871 rpm
2026-09-02 19:00:00,27.4 V,,27.6 V,26.6 V,26.5 V,27.6 V,27.2 V,,27.3 V,27.1 V,27.2 V,800 rpm,,1898 rpm,1852 rpm,1864 rpm,1902 rpm,1834 rpm,,1830 rpm,1898 rpm,1846 rpm
2026-09-02 19:30:00,27.3 V,,27.6 V,27.1 V,27.1 V,27.6 V,27.3 V,,27.3 V,26.9 V,27.3 V,800 rpm,,1841 rpm,1399 rpm,1904 rpm,1401 rpm,1856 rpm,,1843 rpm,1830 rpm,1840 rpm
2026-09-02 20:00:00,27.3 V,,27.6 V,27.0 V,27.0 V,27.7 V,27.2 V,,27.3 V,26.6 V,27.3 V,800 rpm,,1856 rpm,1873 rpm,1868 rpm,1788 rpm,1889 rpm,,1838 rpm,1902 rpm,1860 rpm
2026-09-02 20:30:00,27.2 V,,27.6 V,26.8 V,26.7 V,27.6 V,27.2 V,,27.3 V,27.2 V,27.3 V,1856 rpm,,1868 rpm,1890 rpm,1908 rpm,1889 rpm,1870 rpm,,1901 rpm,1900 rpm,1907 rpm
2026-09-02 21:00:00,27.2 V,,27.6 V,26.5 V,26.5 V,27.6 V,27.1 V,,27.4 V,27.3 V,27.4 V,1864 rpm,,1874 rpm,1841 rpm,1881 rpm,1840 rpm,1902 rpm,,1823 rpm,1887 rpm,1869 rpm
2026-09-02 21:30:00,27.2 V,,27.6 V,27.2 V,27.0 V,27.6 V,27.2 V,,27.3 V,27.2 V,27.3 V,1839 rpm,,1860 rpm,1400 rpm,1839 rpm,1869 rpm,1901 rpm,,1894 rpm,1825 rpm,1862 rpm
2026-09-02 22:00:00,27.2 V,,27.7 V,26.6 V,26.7 V,27.6 V,27.2 V,,27.4 V,27.2 V,27.4 V,801 rpm,,1399 rpm,1910 rpm,1865 rpm,1884 rpm,1857 rpm,,1892 rpm,1856 rpm,1843 rpm
2026-09-02 22:30:00,27.3 V,,27.6 V,27.1 V,26.4 V,27.7 V,27.2 V,,27.3 V,27.3 V,27.5 V,1852 rpm,,1400 rpm,1829 rpm,1874 rpm,1835 rpm,1891 rpm,,1840 rpm,799 rpm,1400 rpm
2026-09-02 23:00:00,27.2 V,27.8 V,27.6 V,26.7 V,27.1 V,27.7 V,27.3 V,,27.4 V,27.2 V,27.3 V,1903 rpm,1899 rpm,1862 rpm,1840 rpm,1855 rpm,1839 rpm,1826 rpm,,1846 rpm,1845 rpm,1846 rpm
2026-09-02 23:30:00,27.2 V,27.9 V,27.6 V,26.7 V,27.0 V,27.8 V,27.3 V,,27.3 V,27.2 V,27.4 V,1839 rpm,61.8 rpm,1864 rpm,1896 rpm,1868 rpm,801 rpm,1867 rpm,,1842 rpm,1853 rpm,1400 rpm
2026-09-03 00:00:00,27.4 V,,27.6 V,26.8 V,25.5 V,27.7 V,27.2 V,27.3 V,27.2 V,27.2 V,27.4 V,801 rpm,,1893 rpm,1847 rpm,1847 rpm,1907 rpm,1903 rpm,1868 rpm,1899 rpm,1884 rpm,1902 rpm
2026-09-03 00:30:00,,,27.6 V,26.3 V,25.3 V,27.7 V,27.3 V,27.3 V,27.1 V,27.0 V,27.3 V,0 rpm,,0 rpm,1897 rpm,0 rpm,1835 rpm,1837 rpm,1892 rpm,1902 rpm,1893 rpm,1864 rpm
2026-09-03 01:00:00,27.4 V,,,26.0 V,26.2 V,27.7 V,27.3 V,27.2 V,27.3 V,,27.4 V,1876 rpm,,,1838 rpm,1886 rpm,1886 rpm,1900 rpm,1400 rpm,1845 rpm,,1844 rpm
2026-09-03 01:30:00,27.3 V,27.9 V,,26.6 V,27.2 V,27.7 V,27.3 V,27.2 V,27.3 V,27.1 V,27.4 V,1921 rpm,1010 rpm,1873 rpm,1859 rpm,1834 rpm,1868 rpm,801 rpm,1874 rpm,1882 rpm,1887 rpm,1890 rpm
2026-09-03 02:00:00,27.3 V,27.9 V,,26.7 V,26.8 V,27.6 V,27.3 V,27.2 V,27.2 V,27.1 V,27.5 V,1844 rpm,801 rpm,,1846 rpm,1888 rpm,1886 rpm,1845 rpm,1840 rpm,1868 rpm,1839 rpm,1400 rpm
2026-09-03 02:30:00,27.3 V,27.9 V,27.6 V,26.7 V,27.1 V,27.8 V,27.3 V,27.2 V,27.5 V,27.3 V,27.1 V,1850 rpm,801 rpm,1886 rpm,1897 rpm,1861 rpm,1867 rpm,1843 rpm,1833 rpm,1877 rpm,1876 rpm,1848 rpm
2026-09-03 03:00:00,27.3 V,27.9 V,27.6 V,27.0 V,27.3 V,,27.1 V,27.2 V,27.4 V,27.2 V,27.4 V,1843 rpm,799 rpm,1907 rpm,1877 rpm,1837 rpm,,1899 rpm,1841 rpm,1866 rpm,1895 rpm,1899 rpm
2026-09-03 03:30:00,27.3 V,27.9 V,27.5 V,26.5 V,27.1 V,27.8 V,27.3 V,27.2 V,27.5 V,27.0 V,27.5 V,1848 rpm,1889 rpm,1880 rpm,1400 rpm,1902 rpm,1887 rpm,1399 rpm,1917 rpm,1898 rpm,1874 rpm,1400 rpm
2026-09-03 04:00:00,27.3 V,27.8 V,27.5 V,26.6 V,27.1 V,27.7 V,27.2 V,27.2 V,27.5 V,27.3 V,27.5 V,1901 rpm,800 rpm,1895 rpm,1400 rpm,1893 rpm,1836 rpm,1858 rpm,1837 rpm,800 rpm,1844 rpm,1844 rpm
2026-09-03 04:30:00,27.3 V,27.8 V,27.5 V,27.2 V,26.9 V,27.7 V,27.3 V,27.2 V,27.3 V,27.3 V,27.4 V,1837 rpm,1888 rpm,1869 rpm,1860 rpm,1888 rpm,1881 rpm,1838 rpm,1882 rpm,1834 rpm,1897 rpm,1400 rpm
2026-09-03 05:00:00,27.3 V,27.8 V,27.5 V,27.5 V,27.4 V,27.7 V,27.2 V,27.3 V,27.4 V,26.9 V,27.5 V,1840 rpm,1900 rpm,800 rpm,800 rpm,800 rpm,1871 rpm,1824 rpm,1838 rpm,1909 rpm,1861 rpm,1400 rpm
2026-09-03 05:30:00,27.3 V,27.8 V,27.6 V,27.4 V,27.3 V,27.7 V,27.2 V,27.4 V,27.3 V,25.4 V,27.5 V,1901 rpm,800 rpm,1085 rpm,1836 rpm,1833 rpm,1843 rpm,800 rpm,800 rpm,1862 rpm,0 rpm,800 rpm
2026-09-03 06:00:00,27.3 V,27.8 V,27.6 V,26.8 V,27.1 V,27.7 V,27.1 V,27.4 V,27.4 V,27.2 V,27.1 V,1827 rpm,1853 rpm,1850 rpm,1846 rpm,1898 rpm,1879 rpm,1900 rpm,1844 rpm,1401 rpm,1851 rpm,1841 rpm
2026-09-03 06:30:00,27.2 V,27.8 V,27.6 V,26.6 V,27.0 V,27.6 V,27.3 V,27.3 V,27.4 V,27.1 V,27.1 V,1868 rpm,801 rpm,1361 rpm,1844 rpm,1839 rpm,1904 rpm,801 rpm,1400 rpm,1862 rpm,1896 rpm,1895 rpm
2026-09-03 07:00:00,27.3 V,27.8 V,27.6 V,26.4 V,27.3 V,27.6 V,27.4 V,27.3 V,27.5 V,27.2 V,27.2 V,1902 rpm,799 rpm,801 rpm,1853 rpm,1843 rpm,1898 rpm,1864 rpm,1910 rpm,800 rpm,1864 rpm,1399 rpm
2026-09-03 07:30:00,27.4 V,27.8 V,27.6 V,26.8 V,27.2 V,27.7 V,27.3 V,27.3 V,27.4 V,27.3 V,27.2 V,1900 rpm,1867 rpm,1166 rpm,1839 rpm,1836 rpm,1400 rpm,1896 rpm,1894 rpm,1849 rpm,1400 rpm,1899 rpm
2026-09-03 08:00:00,27.3 V,27.8 V,27.6 V,27.3 V,27.2 V,27.6 V,27.3 V,27.2 V,27.3 V,25.4 V,27.0 V,1883 rpm,1843 rpm,1485 rpm,1859 rpm,1827 rpm,1903 rpm,1898 rpm,1897 rpm,1864 rpm,0 rpm,1881 rpm
2026-09-03 08:30:00,27.2 V,27.7 V,27.5 V,27.0 V,27.0 V,27.6 V,27.3 V,27.2 V,27.4 V,27.2 V,27.3 V,1877 rpm,1872 rpm,1870 rpm,1846 rpm,1902 rpm,1841 rpm,1891 rpm,1837 rpm,1399 rpm,1887 rpm,1400 rpm
2026-09-03 09:00:00,27.2 V,27.8 V,27.5 V,26.2 V,26.7 V,27.7 V,27.3 V,27.2 V,27.3 V,27.1 V,26.7 V,1905 rpm,800 rpm,1845 rpm,1898 rpm,1881 rpm,1400 rpm,1837 rpm,1831 rpm,1849 rpm,1897 rpm,1899 rpm
2026-09-03 09:30:00,27.2 V,27.8 V,27.6 V,27.2 V,26.9 V,27.6 V,27.2 V,27.2 V,27.3 V,27.1 V,27.0 V,1903 rpm,1857 rpm,1199 rpm,1846 rpm,1841 rpm,1894 rpm,800 rpm,1904 rpm,1897 rpm,1876 rpm,1859 rpm
2026-09-03 10:00:00,27.2 V,27.8 V,27.5 V,26.6 V,27.1 V,27.6 V,27.2 V,27.2 V,27.2 V,27.1 V,27.0 V,1869 rpm,1839 rpm,1229 rpm,1870 rpm,799 rpm,1858 rpm,1833 rpm,1888 rpm,1862 rpm,1846 rpm,1843 rpm
2026-09-03 10:30:00,27.2 V,27.8 V,27.5 V,26.1 V,27.0 V,27.6 V,27.2 V,27.2 V,27.3 V,27.2 V,27.0 V,1863 rpm,1856 rpm,1842 rpm,1882 rpm,1865 rpm,1859 rpm,1835 rpm,1397 rpm,1903 rpm,1896 rpm,1842 rpm
2026-09-03 11:00:00,27.1 V,27.7 V,27.5 V,26.2 V,27.0 V,27.6 V,27.2 V,27.2 V,27.2 V,27.0 V,27.0 V,1898 rpm,1901 rpm,1899 rpm,1868 rpm,1887 rpm,1860 rpm,1861 rpm,1879 rpm,1845 rpm,1850 rpm,1901 rpm
2026-09-03 11:30:00,27.3 V,27.7 V,27.1 V,27.0 V,26.7 V,27.6 V,27.3 V,27.2 V,27.2 V,27.0 V,27.0 V,1890 rpm,1906 rpm,1839 rpm,1831 rpm,1812 rpm,1839 rpm,1882 rpm,1838 rpm,1889 rpm,1874 rpm,1842 rpm
2026-09-03 12:00:00,,27.7 V,27.5 V,26.8 V,27.0 V,26.7 V,27.3 V,27.2 V,27.2 V,27.1 V,27.0 V,,1872 rpm,1841 rpm,1867 rpm,1875 rpm,0 rpm,1869 rpm,1902 rpm,1856 rpm,1846 rpm,1870 rpm
2026-09-03 12:30:00,,27.7 V,27.4 V,27.2 V,27.0 V,27.6 V,27.3 V,27.2 V,27.1 V,,27.0 V,,1847 rpm,1863 rpm,1400 rpm,799 rpm,799 rpm,1782 rpm,1897 rpm,1884 rpm,,1845 rpm
2026-09-03 13:00:00,27.2 V,27.7 V,27.4 V,26.8 V,26.9 V,27.6 V,27.2 V,27.2 V,27.3 V,27.1 V,26.7 V,1873 rpm,800 rpm,1857 rpm,1900 rpm,1891 rpm,1899 rpm,1895 rpm,801 rpm,1896 rpm,1837 rpm,1864 rpm
2026-09-03 13:30:00,27.2 V,27.7 V,27.5 V,27.5 V,26.7 V,27.5 V,27.2 V,27.3 V,27.1 V,27.1 V,26.9 V,1829 rpm,1869 rpm,1903 rpm,800 rpm,1832 rpm,1886 rpm,1830 rpm,1844 rpm,1837 rpm,1424 rpm,1895 rpm
2026-09-03 14:00:00,27.2 V,27.7 V,27.4 V,,26.4 V,27.6 V,27.3 V,27.2 V,27.2 V,27.1 V,27.0 V,1898 rpm,1895 rpm,1838 rpm,,1887 rpm,1774 rpm,1903 rpm,800 rpm,1876 rpm,1879 rpm,1867 rpm
2026-09-03 14:30:00,27.2 V,27.7 V,27.4 V,27.2 V,26.8 V,27.5 V,27.3 V,27.2 V,27.2 V,26.8 V,26.0 V,1879 rpm,1843 rpm,1863 rpm,1847 rpm,1831 rpm,1899 rpm,1805 rpm,1857 rpm,1880 rpm,1835 rpm,800 rpm
2026-09-03 15:00:00,27.2 V,27.7 V,27.4 V,26.3 V,27.1 V,27.6 V,27.3 V,27.2 V,26.5 V,27.3 V,27.0 V,1901 rpm,1854 rpm,1035 rpm,1885 rpm,1835 rpm,1857 rpm,1836 rpm,800 rpm,801 rpm,1845 rpm,1877 rpm
2026-09-03 15:30:00,27.1 V,27.7 V,27.5 V,26.7 V,26.7 V,27.5 V,27.2 V,27.2 V,27.5 V,27.0 V,27.1 V,1898 rpm,1835 rpm,1855 rpm,1868 rpm,1836 rpm,1853 rpm,1837 rpm,1880 rpm,1400 rpm,1846 rpm,1400 rpm
2026-09-03 16:00:00,27.2 V,27.6 V,27.5 V,26.3 V,26.5 V,27.5 V,27.3 V,27.2 V,,27.1 V,27.2 V,1901 rpm,1901 rpm,1874 rpm,1833 rpm,1837 rpm,1889 rpm,1824 rpm,1838 rpm,0 rpm,1861 rpm,1400 rpm
2026-09-03 16:30:00,27.1 V,27.7 V,27.4 V,27.1 V,27.2 V,27.5 V,27.3 V,27.2 V,,27.2 V,27.0 V,1854 rpm,1854 rpm,1897 rpm,1833 rpm,800 rpm,1905 rpm,800 rpm,1836 rpm,,800 rpm,1895 rpm
2026-09-03 17:00:00,27.2 V,27.7 V,27.4 V,27.0 V,27.3 V,27.6 V,27.3 V,27.2 V,,27.1 V,26.9 V,1399 rpm,1833 rpm,799 rpm,1900 rpm,0 rpm,1400 rpm,800 rpm,1839 rpm,,1905 rpm,1878 rpm
2026-09-03 17:30:00,27.2 V,25.9 V,27.4 V,26.9 V,27.5 V,27.7 V,27.3 V,27.2 V,,27.4 V,27.1 V,1861 rpm,1904 rpm,800 rpm,1900 rpm,800 rpm,1902 rpm,800 rpm,1853 rpm,,800 rpm,1899 rpm
2026-09-03 18:00:00,27.4 V,27.8 V,27.4 V,26.5 V,27.5 V,27.6 V,27.2 V,27.2 V,,27.2 V,27.3 V,1903 rpm,1865 rpm,1828 rpm,1842 rpm,800 rpm,1398 rpm,1860 rpm,1916 rpm,,1915 rpm,1845 rpm
2026-09-03 18:30:00,27.3 V,27.8 V,27.5 V,26.8 V,27.4 V,27.7 V,27.2 V,27.3 V,,27.3 V,27.2 V,1890 rpm,1833 rpm,1843 rpm,1867 rpm,800 rpm,1894 rpm,1853 rpm,1842 rpm,,1905 rpm,1895 rpm
2026-09-03 19:00:00,27.2 V,27.8 V,27.4 V,27.1 V,27.2 V,27.7 V,27.2 V,27.3 V,,27.2 V,27.1 V,1841 rpm,1902 rpm,1867 rpm,1842 rpm,1879 rpm,1400 rpm,1862 rpm,1864 rpm,,1840 rpm,1845 rpm
2026-09-03 19:30:00,25.8 V,27.8 V,27.4 V,26.4 V,27.4 V,27.6 V,27.3 V,27.3 V,,27.2 V,27.1 V,800 rpm,799 rpm,1846 rpm,1834 rpm,1838 rpm,1842 rpm,1878 rpm,1851 rpm,,1865 rpm,1859 rpm
2026-09-03 20:00:00,27.2 V,27.7 V,27.5 V,27.3 V,27.3 V,27.6 V,27.2 V,27.2 V,,27.4 V,27.1 V,1882 rpm,1823 rpm,1822 rpm,801 rpm,1865 rpm,1881 rpm,1900 rpm,1870 rpm,,800 rpm,1901 rpm
2026-09-03 20:30:00,27.3 V,27.8 V,27.5 V,27.1 V,27.0 V,27.7 V,27.3 V,27.3 V,,27.3 V,27.0 V,1832 rpm,1849 rpm,1836 rpm,1842 rpm,1891 rpm,1400 rpm,1863 rpm,1844 rpm,,1842 rpm,1833 rpm
2026-09-03 21:00:00,27.3 V,27.8 V,27.5 V,27.1 V,27.0 V,27.6 V,27.3 V,27.2 V,,27.2 V,27.2 V,1872 rpm,1846 rpm,1832 rpm,1896 rpm,1899 rpm,1854 rpm,1400 rpm,1836 rpm,,1904 rpm,1842 rpm
2026-09-03 21:30:00,27.3 V,27.8 V,27.5 V,26.5 V,27.4 V,27.6 V,27.3 V,27.2 V,,27.2 V,27.2 V,1893 rpm,1840 rpm,800 rpm,1886 rpm,1846 rpm,1805 rpm,1401 rpm,1861 rpm,,1850 rpm,1885 rpm
2026-09-03 22:00:00,27.3 V,27.8 V,27.4 V,27.1 V,27.2 V,27.7 V,27.3 V,27.3 V,,27.3 V,27.3 V,1852 rpm,1871 rpm,1869 rpm,1884 rpm,1842 rpm,1401 rpm,1893 rpm,1842 rpm,,1901 rpm,1400 rpm
2026-09-03 22:30:00,27.3 V,27.8 V,27.5 V,27.2 V,27.1 V,27.7 V,27.3 V,27.3 V,,27.4 V,27.3 V,1899 rpm,799 rpm,1866 rpm,1868 rpm,1865 rpm,1400 rpm,1821 rpm,1865 rpm,,1399 rpm,1845 rpm
2026-09-03 23:00:00,27.3 V,27.8 V,27.5 V,27.1 V,27.3 V,27.7 V,27.3 V,25.7 V,,27.4 V,27.4 V,1857 rpm,1856 rpm,1839 rpm,1844 rpm,1611 rpm,1401 rpm,1868 rpm,0 rpm,,1865 rpm,1401 rpm
2026-09-03 23:30:00,27.3 V,27.8 V,27.6 V,26.8 V,27.1 V,27.6 V,27.3 V,27.3 V,27.3 V,27.4 V,27.3 V,1842 rpm,1841 rpm,1882 rpm,1840 rpm,1898 rpm,1830 rpm,1888 rpm,1856 rpm,1884 rpm,1848 rpm,1840 rpm
2026-09-04 00:00:00,27.2 V,27.8 V,27.5 V,27.2 V,27.0 V,27.7 V,27.3 V,27.3 V,25.7 V,26.8 V,27.3 V,1882 rpm,1845 rpm,1903 rpm,1906 rpm,1834 rpm,1843 rpm,1846 rpm,1818 rpm,0 rpm,0 rpm,1837 rpm
2026-09-04 00:30:00,27.2 V,27.8 V,25.5 V,26.8 V,27.4 V,27.7 V,27.3 V,27.2 V,27.6 V,27.2 V,27.5 V,1858 rpm,1861 rpm,1896 rpm,1849 rpm,1839 rpm,1866 rpm,1821 rpm,1907 rpm,800 rpm,1902 rpm,800 rpm
2026-09-04 01:00:00,27.3 V,27.8 V,27.6 V,27.0 V,27.1 V,27.7 V,27.3 V,27.2 V,25.5 V,27.2 V,27.2 V,1883 rpm,1907 rpm,1840 rpm,1900 rpm,1400 rpm,1898 rpm,1881 rpm,1841 rpm,0 rpm,1864 rpm,1873 rpm
2026-09-04 01:30:00,27.2 V,24.7 V,27.6 V,27.3 V,27.4 V,27.6 V,27.3 V,27.2 V,,27.4 V,27.4 V,1866 rpm,1903 rpm,1840 rpm,1879 rpm,1880 rpm,1880 rpm,1850 rpm,1856 rpm,,1400 rpm,1851 rpm
2026-09-04 02:00:00,27.2 V,,27.5 V,26.7 V,27.4 V,27.7 V,27.3 V,27.2 V,,27.4 V,27.2 V,1897 rpm,1887 rpm,799 rpm,1842 rpm,800 rpm,1865 rpm,1891 rpm,1840 rpm,,1837 rpm,1863 rpm
2026-09-04 02:30:00,27.2 V,27.8 V,27.5 V,27.6 V,27.1 V,27.6 V,27.3 V,27.2 V,,27.3 V,27.2 V,1897 rpm,1830 rpm,1840 rpm,800 rpm,1869 rpm,1898 rpm,1900 rpm,1838 rpm,,1845 rpm,1875 rpm
2026-09-04 03:00:00,27.2 V,27.7 V,27.6 V,27.5 V,26.9 V,27.7 V,27.3 V,27.2 V,,27.3 V,27.6 V,1893 rpm,1901 rpm,1915 rpm,1853 rpm,1866 rpm,1867 rpm,1849 rpm,1848 rpm,,1872 rpm,801 rpm
2026-09-04 03:30:00,27.3 V,27.8 V,27.6 V,27.0 V,27.3 V,27.7 V,27.3 V,27.2 V,,27.3 V,27.3 V,800 rpm,1399 rpm,1839 rpm,1881 rpm,1809 rpm,799 rpm,1838 rpm,1836 rpm,,1899 rpm,1899 rpm
2026-09-04 04:00:00,,27.8 V,27.6 V,27.3 V,27.1 V,27.7 V,27.3 V,27.2 V,,27.6 V,27.3 V,1891 rpm,1402 rpm,1886 rpm,1833 rpm,1823 rpm,1841 rpm,1897 rpm,1839 rpm,,800 rpm,800 rpm
2026-09-04 04:30:00,27.3 V,27.8 V,27.5 V,27.3 V,27.4 V,27.6 V,27.3 V,27.2 V,,27.4 V,27.3 V,1902 rpm,1897 rpm,800 rpm,1850 rpm,1859 rpm,1901 rpm,1894 rpm,1916 rpm,,1843 rpm,1908 rpm
2026-09-04 05:00:00,27.4 V,27.7 V,27.6 V,27.4 V,26.9 V,27.7 V,27.2 V,27.2 V,,27.5 V,27.4 V,800 rpm,1852 rpm,800 rpm,1825 rpm,1833 rpm,800 rpm,800 rpm,1836 rpm,,800 rpm,1830 rpm
2026-09-04 05:30:00,27.4 V,26.1 V,27.6 V,27.5 V,27.4 V,27.7 V,26.1 V,27.4 V,,27.3 V,27.3 V,1897 rpm,800 rpm,800 rpm,801 rpm,799 rpm,1839 rpm,800 rpm,1837 rpm,,1903 rpm,1892 rpm
2026-09-04 06:00:00,27.4 V,,27.6 V,27.3 V,27.4 V,27.8 V,27.3 V,27.4 V,,27.5 V,,1840 rpm,800 rpm,1875 rpm,1900 rpm,1902 rpm,1400 rpm,800 rpm,1871 rpm,,800 rpm,
2026-09-04 06:30:00,27.3 V,27.8 V,27.6 V,26.8 V,27.1 V,27.7 V,27.4 V,27.3 V,,27.3 V,27.3 V,1901 rpm,1861 rpm,1871 rpm,1839 rpm,1881 rpm,1896 rpm,1842 rpm,1838 rpm,,1898 rpm,1400 rpm
2026-09-04 07:00:00,27.4 V,27.8 V,27.6 V,26.9 V,27.3 V,27.7 V,27.4 V,27.2 V,,27.5 V,27.4 V,1461 rpm,1804 rpm,1890 rpm,1854 rpm,800 rpm,1833 rpm,1858 rpm,1895 rpm,,800 rpm,1400 rpm
2026-09-04 07:30:00,27.3 V,27.8 V,27.2 V,27.0 V,26.7 V,27.6 V,27.3 V,27.2 V,,27.2 V,27.4 V,1901 rpm,1901 rpm,1842 rpm,1862 rpm,1881 rpm,1860 rpm,1898 rpm,1876 rpm,,1844 rpm,1400 rpm
2026-09-04 08:00:00,27.3 V,27.8 V,27.5 V,26.7 V,27.1 V,27.7 V,27.3 V,27.3 V,,27.2 V,27.3 V,1867 rpm,1842 rpm,1836 rpm,1874 rpm,1867 rpm,1893 rpm,1898 rpm,1837 rpm,,1843 rpm,1886 rpm
2026-09-04 08:30:00,27.4 V,27.8 V,27.6 V,27.0 V,26.8 V,27.7 V,27.2 V,27.1 V,,27.2 V,27.4 V,1841 rpm,1871 rpm,1849 rpm,1814 rpm,1857 rpm,1881 rpm,1746 rpm,1400 rpm,,1903 rpm,1399 rpm
2026-09-04 09:00:00,27.2 V,27.7 V,27.6 V,27.2 V,26.7 V,27.6 V,27.2 V,27.2 V,,27.1 V,27.3 V,1860 rpm,1866 rpm,1876 rpm,1872 rpm,1861 rpm,1834 rpm,1858 rpm,1900 rpm,,1862 rpm,1400 rpm
2026-09-04 09:30:00,27.3 V,27.8 V,27.5 V,26.2 V,26.6 V,27.5 V,27.3 V,27.1 V,,27.0 V,27.3 V,1894 rpm,1893 rpm,1828 rpm,1839 rpm,1839 rpm,1892 rpm,801 rpm,1841 rpm,,1846 rpm,1400 rpm
2026-09-04 10:00:00,27.3 V,27.7 V,27.5 V,26.5 V,26.4 V,27.6 V,27.3 V,27.2 V,,27.2 V,27.2 V,1899 rpm,1893 rpm,1901 rpm,1897 rpm,1873 rpm,1820 rpm,799 rpm,1822 rpm,,800 rpm,1840 rpm
2026-09-04 10:30:00,27.3 V,27.7 V,27.5 V,27.1 V,26.9 V,27.4 V,25.1 V,27.2 V,,27.0 V,27.1 V,1859 rpm,1856 rpm,1105 rpm,1879 rpm,1844 rpm,1859 rpm,0 rpm,1828 rpm,,1905 rpm,1829 rpm
2026-09-04 11:00:00,27.3 V,27.7 V,27.5 V,26.7 V,26.8 V,27.5 V,,27.2 V,,27.1 V,27.1 V,1899 rpm,1835 rpm,1850 rpm,1890 rpm,1823 rpm,1850 rpm,,1851 rpm,,801 rpm,1875 rpm
2026-09-04 11:30:00,27.3 V,26.9 V,27.5 V,26.8 V,26.6 V,27.5 V,27.4 V,27.2 V,,27.0 V,27.1 V,1832 rpm,800 rpm,1870 rpm,1858 rpm,1898 rpm,1816 rpm,799 rpm,1831 rpm,,1844 rpm,1901 rpm
2026-09-04 12:00:00,27.2 V,27.7 V,27.5 V,26.6 V,26.6 V,27.6 V,27.3 V,27.2 V,,27.0 V,27.2 V,1863 rpm,1899 rpm,1899 rpm,1881 rpm,1897 rpm,1888 rpm,799 rpm,1880 rpm,,1785 rpm,1659 rpm
2026-09-04 12:30:00,27.3 V,27.6 V,27.6 V,27.0 V,26.5 V,,27.2 V,27.1 V,,27.0 V,27.2 V,800 rpm,801 rpm,801 rpm,1838 rpm,1825 rpm,,1837 rpm,1897 rpm,,1862 rpm,1835 rpm
2026-09-04 13:00:00,27.3 V,27.6 V,27.2 V,25.6 V,26.8 V,27.5 V,27.2 V,27.1 V,,27.0 V,26.9 V,1901 rpm,1902 rpm,1883 rpm,0 rpm,1902 rpm,1401 rpm,1867 rpm,800 rpm,,1918 rpm,800 rpm
2026-09-04 13:30:00,27.2 V,27.3 V,27.4 V,27.3 V,24.3 V,27.5 V,27.1 V,27.1 V,,26.9 V,27.0 V,1886 rpm,1885 rpm,1885 rpm,1902 rpm,800 rpm,1844 rpm,1902 rpm,799 rpm,,1880 rpm,1849 rpm
2026-09-04 14:00:00,27.2 V,27.7 V,27.5 V,27.3 V,26.8 V,27.5 V,27.1 V,27.2 V,,26.9 V,27.0 V,1856 rpm,1861 rpm,1910 rpm,801 rpm,1856 rpm,1838 rpm,1862 rpm,1400 rpm,,1845 rpm,1843 rpm
2026-09-04 14:30:00,27.1 V,27.7 V,27.5 V,27.3 V,26.5 V,27.5 V,27.1 V,27.1 V,,26.8 V,27.0 V,1839 rpm,1887 rpm,1859 rpm,800 rpm,1877 rpm,1828 rpm,1834 rpm,1879 rpm,,1863 rpm,1868 rpm
2026-09-04 15:00:00,27.2 V,27.6 V,27.1 V,26.8 V,26.4 V,27.5 V,27.0 V,27.1 V,,27.0 V,27.0 V,1845 rpm,1850 rpm,1905 rpm,1850 rpm,1834 rpm,1399 rpm,1813 rpm,1401 rpm,,1867 rpm,1886 rpm
2026-09-04 15:30:00,27.2 V,27.4 V,27.4 V,27.0 V,27.0 V,27.5 V,27.1 V,27.1 V,,27.0 V,26.8 V,1829 rpm,1901 rpm,1862 rpm,1842 rpm,1834 rpm,1839 rpm,1825 rpm,1871 rpm,,1899 rpm,1844 rpm
2026-09-04 16:00:00,27.2 V,27.7 V,27.4 V,27.2 V,26.3 V,27.5 V,27.0 V,27.2 V,26.9 V,26.8 V,27.0 V,1886 rpm,1829 rpm,1862 rpm,1895 rpm,1878 rpm,1885 rpm,1865 rpm,1844 rpm,1803 rpm,1832 rpm,1838 rpm
2026-09-04 16:30:00,27.2 V,27.7 V,27.5 V,27.2 V,27.1 V,27.4 V,27.1 V,27.2 V,26.9 V,27.1 V,27.0 V,1903 rpm,1764 rpm,1873 rpm,1852 rpm,801 rpm,1836 rpm,1810 rpm,1400 rpm,1885 rpm,801 rpm,1869 rpm
2026-09-04 17:00:00,27.2 V,27.7 V,27.5 V,27.1 V,26.9 V,27.5 V,27.1 V,27.1 V,27.0 V,27.0 V,27.1 V,1400 rpm,1838 rpm,800 rpm,1840 rpm,1881 rpm,1888 rpm,1852 rpm,1836 rpm,1902 rpm,1842 rpm,1843 rpm
2026-09-04 17:30:00,27.2 V,27.7 V,27.7 V,27.3 V,25.6 V,27.5 V,27.2 V,27.1 V,26.9 V,27.1 V,27.2 V,1878 rpm,1880 rpm,800 rpm,800 rpm,0 rpm,1899 rpm,799 rpm,1811 rpm,801 rpm,1903 rpm,0 rpm
2026-09-04 18:00:00,27.3 V,,27.6 V,26.7 V,24.6 V,27.6 V,,27.2 V,,,27.2 V,1835 rpm,,1902 rpm,1901 rpm,0 rpm,1908 rpm,,1853 rpm,,,
2026-09-04 18:30:00,27.3 V,27.7 V,27.6 V,26.6 V,23.4 V,27.6 V,27.3 V,27.2 V,,27.2 V,27.0 V,1829 rpm,1859 rpm,1899 rpm,1901 rpm,0 rpm,1902 rpm,1852 rpm,1854 rpm,801 rpm,1902 rpm,1873 rpm
2026-09-04 19:00:00,27.3 V,27.7 V,27.6 V,26.3 V,27.3 V,27.6 V,27.3 V,27.2 V,27.4 V,27.1 V,27.1 V,1400 rpm,1838 rpm,800 rpm,1885 rpm,800 rpm,1870 rpm,1897 rpm,1865 rpm,801 rpm,1843 rpm,1783 rpm
2026-09-04 19:30:00,27.2 V,27.7 V,27.6 V,27.4 V,,27.6 V,27.2 V,27.1 V,27.4 V,27.1 V,27.2 V,1872 rpm,1891 rpm,1879 rpm,1479 rpm,,1856 rpm,1898 rpm,1837 rpm,1402 rpm,1898 rpm,1839 rpm
2026-09-04 20:00:00,27.3 V,27.7 V,27.5 V,27.4 V,,27.6 V,27.3 V,27.2 V,27.4 V,27.1 V,27.1 V,1871 rpm,1898 rpm,1823 rpm,1840 rpm,,1856 rpm,1835 rpm,801 rpm,1882 rpm,1872 rpm,1864 rpm
2026-09-04 20:30:00,27.2 V,27.7 V,27.6 V,27.3 V,,27.6 V,27.2 V,26.7 V,27.3 V,27.1 V,27.1 V,1851 rpm,1856 rpm,1855 rpm,1882 rpm,,1847 rpm,1898 rpm,800 rpm,1900 rpm,1848 rpm,1856 rpm
2026-09-04 21:00:00,27.2 V,27.8 V,27.6 V,27.1 V,,27.6 V,27.3 V,27.2 V,27.3 V,27.1 V,27.2 V,1888 rpm,1842 rpm,1880 rpm,1908 rpm,,1844 rpm,1841 rpm,1905 rpm,1869 rpm,1871 rpm,1858 rpm
2026-09-04 21:30:00,27.3 V,27.8 V,27.6 V,27.4 V,,27.5 V,27.3 V,27.2 V,27.2 V,27.1 V,27.2 V,1859 rpm,1855 rpm,800 rpm,1843 rpm,,1880 rpm,1836 rpm,1901 rpm,1701 rpm,1880 rpm,1841 rpm
2026-09-04 22:00:00,27.2 V,27.8 V,27.6 V,27.0 V,25.8 V,27.6 V,27.4 V,27.2 V,26.9 V,27.0 V,27.2 V,1836 rpm,1878 rpm,800 rpm,1898 rpm,800 rpm,1893 rpm,1400 rpm,1901 rpm,1868 rpm,1900 rpm,1896 rpm
2026-09-04 22:30:00,27.2 V,27.7 V,27.5 V,27.4 V,27.2 V,27.6 V,27.3 V,27.2 V,25.5 V,27.1 V,27.0 V,1849 rpm,1848 rpm,1829 rpm,1899 rpm,1899 rpm,1840 rpm,1832 rpm,1908 rpm,799 rpm,1869 rpm,1892 rpm
2026-09-04 23:00:00,27.2 V,27.7 V,27.5 V,27.4 V,27.1 V,27.6 V,27.3 V,27.2 V,27.2 V,27.1 V,27.4 V,1896 rpm,1910 rpm,1903 rpm,1399 rpm,1899 rpm,1881 rpm,1900 rpm,1902 rpm,1901 rpm,1867 rpm,800 rpm
2026-09-04 23:30:00,27.3 V,27.8 V,27.6 V,26.7 V,26.5 V,27.7 V,27.3 V,27.1 V,27.5 V,27.1 V,27.4 V,1832 rpm,1861 rpm,1900 rpm,1873 rpm,1831 rpm,1845 rpm,1852 rpm,1872 rpm,800 rpm,1891 rpm,1837 rpm
2026-09-05 00:00:00,25.5 V,27.8 V,25.5 V,27.3 V,27.0 V,27.6 V,27.3 V,27.2 V,27.2 V,27.4 V,27.4 V,0 rpm,1899 rpm,0 rpm,1865 rpm,1901 rpm,1905 rpm,1830 rpm,1890 rpm,800 rpm,800 rpm,1399 rpm
2026-09-05 00:30:00,25.5 V,27.8 V,27.6 V,26.7 V,26.7 V,27.6 V,27.2 V,27.3 V,27.3 V,27.1 V,27.4 V,0 rpm,1862 rpm,1843 rpm,1841 rpm,1902 rpm,1879 rpm,1838 rpm,1850 rpm,1840 rpm,1867 rpm,1400 rpm
2026-09-05 01:00:00,27.1 V,27.8 V,,26.7 V,27.0 V,27.6 V,27.3 V,27.3 V,27.3 V,27.2 V,27.1 V,1899 rpm,800 rpm,0 rpm,1861 rpm,1835 rpm,1848 rpm,1813 rpm,1841 rpm,1863 rpm,1902 rpm,1866 rpm
2026-09-05 01:30:00,27.2 V,27.8 V,27.4 V,26.6 V,26.7 V,27.6 V,27.4 V,27.3 V,27.2 V,27.2 V,27.2 V,801 rpm,800 rpm,1831 rpm,1842 rpm,1832 rpm,1875 rpm,1400 rpm,1833 rpm,1847 rpm,1854 rpm,1868 rpm
2026-09-05 02:00:00,27.3 V,27.8 V,27.4 V,26.9 V,27.1 V,27.6 V,27.3 V,27.2 V,27.5 V,27.2 V,27.1 V,1901 rpm,1893 rpm,1885 rpm,1864 rpm,1898 rpm,1824 rpm,1845 rpm,1906 rpm,800 rpm,1898 rpm,1876 rpm
2026-09-05 02:30:00,27.4 V,27.8 V,27.5 V,27.0 V,27.0 V,27.6 V,27.2 V,27.3 V,27.3 V,27.2 V,27.3 V,1868 rpm,1901 rpm,1842 rpm,1840 rpm,1870 rpm,1869 rpm,1820 rpm,1837 rpm,1904 rpm,1843 rpm,1896 rpm
2026-09-05 03:00:00,27.3 V,27.8 V,27.5 V,27.2 V,27.1 V,27.6 V,27.3 V,27.2 V,27.2 V,27.2 V,26.2 V,1842 rpm,1903 rpm,1840 rpm,1399 rpm,1902 rpm,1886 rpm,1901 rpm,1887 rpm,1866 rpm,1862 rpm,0 rpm
2026-09-05 03:30:00,27.4 V,27.8 V,27.5 V,26.7 V,26.9 V,27.6 V,27.3 V,27.3 V,27.2 V,27.2 V,26.9 V,1401 rpm,1850 rpm,801 rpm,1873 rpm,1901 rpm,1853 rpm,1836 rpm,1861 rpm,1866 rpm,1844 rpm,800 rpm
2026-09-05 04:00:00,27.3 V,27.8 V,27.5 V,26.6 V,26.3 V,27.6 V,27.3 V,27.4 V,27.3 V,27.2 V,,1854 rpm,1897 rpm,1030 rpm,1899 rpm,1863 rpm,1812 rpm,1837 rpm,1847 rpm,1894 rpm,1903 rpm,
2026-09-05 04:30:00,27.3 V,27.7 V,27.6 V,27.2 V,26.4 V,27.6 V,27.3 V,27.4 V,27.3 V,27.3 V,,1894 rpm,1900 rpm,800 rpm,1400 rpm,1885 rpm,1857 rpm,1881 rpm,1846 rpm,1904 rpm,1849 rpm,
2026-09-05 05:00:00,27.4 V,27.5 V,27.5 V,27.0 V,27.1 V,27.6 V,27.3 V,27.4 V,27.3 V,27.1 V,,800 rpm,1902 rpm,800 rpm,1852 rpm,800 rpm,1889 rpm,1839 rpm,1841 rpm,1829 rpm,1890 rpm,
2026-09-05 05:30:00,27.3 V,27.7 V,27.5 V,26.9 V,27.2 V,27.4 V,27.3 V,23.5 V,26.7 V,27.5 V,,1402 rpm,799 rpm,1826 rpm,1878 rpm,800 rpm,1898 rpm,801 rpm,0 rpm,0 rpm,800 rpm,
2026-09-05 06:00:00,27.3 V,,27.6 V,27.4 V,27.1 V,27.7 V,27.4 V,23.8 V,,27.5 V,,1867 rpm,,1401 rpm,0 rpm,800 rpm,1844 rpm,800 rpm,0 rpm,,800 rpm,
2026-09-05 06:30:00,27.3 V,27.7 V,27.6 V,27.1 V,27.0 V,27.6 V,27.3 V,27.2 V,27.5 V,27.5 V,,1878 rpm,1859 rpm,1846 rpm,1901 rpm,1851 rpm,1833 rpm,1848 rpm,1883 rpm,1400 rpm,800 rpm,
2026-09-05 07:00:00,27.2 V,27.7 V,27.6 V,27.4 V,27.0 V,27.6 V,27.3 V,27.3 V,27.3 V,27.6 V,,1834 rpm,800 rpm,1840 rpm,799 rpm,1845 rpm,1835 rpm,1819 rpm,1906 rpm,1849 rpm,1860 rpm,
2026-09-05 07:30:00,27.2 V,27.7 V,27.5 V,26.9 V,26.6 V,27.6 V,27.3 V,27.3 V,27.3 V,27.4 V,,1900 rpm,800 rpm,1847 rpm,1844 rpm,1865 rpm,1850 rpm,1891 rpm,799 rpm,1847 rpm,1866 rpm,
2026-09-05 08:00:00,27.3 V,27.7 V,27.6 V,27.4 V,26.8 V,27.6 V,27.3 V,27.2 V,27.4 V,27.6 V,,1852 rpm,801 rpm,1896 rpm,801 rpm,1829 rpm,1804 rpm,1901 rpm,1885 rpm,1399 rpm,800 rpm,
2026-09-05 08:30:00,27.1 V,27.7 V,27.6 V,26.7 V,26.7 V,27.7 V,27.3 V,27.3 V,27.5 V,27.3 V,,1866 rpm,800 rpm,1836 rpm,1837 rpm,1898 rpm,1864 rpm,1875 rpm,1847 rpm,800 rpm,1880 rpm,
2026-09-05 09:00:00,27.2 V,27.7 V,27.6 V,26.7 V,26.8 V,27.6 V,27.3 V,27.3 V,27.3 V,27.3 V,,1835 rpm,1899 rpm,1836 rpm,1846 rpm,1835 rpm,1822 rpm,800 rpm,801 rpm,1843 rpm,1400 rpm,
2026-09-05 09:30:00,27.3 V,27.7 V,27.6 V,26.6 V,26.9 V,27.6 V,27.3 V,27.2 V,27.3 V,27.3 V,,1898 rpm,800 rpm,1841 rpm,1912 rpm,1881 rpm,1904 rpm,799 rpm,1589 rpm,1399 rpm,1845 rpm,
2026-09-05 10:00:00,27.3 V,27.7 V,27.6 V,27.0 V,26.5 V,27.6 V,27.2 V,27.3 V,27.3 V,27.2 V,,1841 rpm,1898 rpm,1844 rpm,1842 rpm,1832 rpm,1810 rpm,1888 rpm,800 rpm,1400 rpm,1901 rpm,
2026-09-05 10:30:00,27.4 V,27.7 V,27.6 V,27.0 V,26.4 V,27.6 V,27.2 V,27.3 V,27.3 V,27.5 V,,1855 rpm,1871 rpm,1834 rpm,1842 rpm,1885 rpm,1884 rpm,1835 rpm,800 rpm,1823 rpm,799 rpm,
2026-09-05 11:00:00,27.3 V,27.7 V,27.6 V,26.6 V,26.3 V,27.6 V,27.2 V,27.4 V,27.1 V,27.1 V,27.3 V,1861 rpm,1838 rpm,1824 rpm,1881 rpm,1842 rpm,1400 rpm,1830 rpm,799 rpm,1857 rpm,1902 rpm,1900 rpm
2026-09-05 11:30:00,27.3 V,27.6 V,27.5 V,27.0 V,26.6 V,27.6 V,27.2 V,27.3 V,27.0 V,27.1 V,27.3 V,1866 rpm,1839 rpm,1843 rpm,1865 rpm,1880 rpm,1865 rpm,1842 rpm,1842 rpm,1899 rpm,1896 rpm,800 rpm
2026-09-05 12:00:00,27.3 V,27.7 V,27.5 V,26.5 V,26.2 V,27.5 V,27.2 V,27.3 V,27.1 V,27.3 V,25.4 V,1839 rpm,1898 rpm,1900 rpm,1867 rpm,1859 rpm,1836 rpm,1855 rpm,1400 rpm,1900 rpm,801 rpm,0 rpm
2026-09-05 12:30:00,27.2 V,27.6 V,27.5 V,26.5 V,26.4 V,27.6 V,27.2 V,27.2 V,26.7 V,27.1 V,,1853 rpm,1835 rpm,1884 rpm,1857 rpm,1853 rpm,1866 rpm,1868 rpm,1892 rpm,1895 rpm,1884 rpm,
2026-09-05 13:00:00,27.2 V,27.6 V,27.4 V,27.0 V,26.8 V,,27.2 V,27.3 V,27.2 V,27.1 V,,1865 rpm,1836 rpm,1842 rpm,1868 rpm,1843 rpm,,1837 rpm,1835 rpm,800 rpm,800 rpm,
2026-09-05 13:30:00,27.2 V,27.6 V,27.4 V,25.7 V,26.5 V,,27.2 V,27.3 V,27.1 V,26.8 V,,1826 rpm,1890 rpm,1847 rpm,0 rpm,1845 rpm,,1827 rpm,0 rpm,1843 rpm,1841 rpm,
2026-09-05 14:00:00,27.3 V,27.3 V,27.4 V,,26.2 V,27.5 V,27.1 V,27.2 V,27.1 V,27.0 V,,1890 rpm,1839 rpm,1871 rpm,,1861 rpm,1850 rpm,1848 rpm,1882 rpm,1843 rpm,1880 rpm,
2026-09-05 14:30:00,27.2 V,27.6 V,27.4 V,25.6 V,26.7 V,27.4 V,27.1 V,27.2 V,27.1 V,27.1 V,,1899 rpm,1854 rpm,1901 rpm,0 rpm,1859 rpm,1893 rpm,1888 rpm,1836 rpm,1843 rpm,1904 rpm,
2026-09-05 15:00:00,27.2 V,27.7 V,27.4 V,27.4 V,26.3 V,27.5 V,27.1 V,27.3 V,27.3 V,24.2 V,,1837 rpm,1890 rpm,1853 rpm,1884 rpm,1864 rpm,1858 rpm,1859 rpm,1898 rpm,800 rpm,799 rpm,
2026-09-05 15:30:00,27.3 V,27.6 V,27.4 V,26.5 V,26.2 V,27.4 V,27.1 V,27.3 V,27.2 V,27.1 V,,1894 rpm,1858 rpm,1867 rpm,1861 rpm,1834 rpm,1895 rpm,1828 rpm,1878 rpm,1880 rpm,1889 rpm,
2026-09-05 16:00:00,27.2 V,27.6 V,27.5 V,27.2 V,27.0 V,27.4 V,27.1 V,27.3 V,27.3 V,27.3 V,,800 rpm,1847 rpm,1402 rpm,1845 rpm,800 rpm,1912 rpm,1902 rpm,801 rpm,800 rpm,800 rpm,
2026-09-05 16:30:00,27.3 V,27.6 V,27.5 V,26.5 V,26.3 V,27.4 V,27.2 V,27.2 V,27.3 V,27.1 V,,1841 rpm,1829 rpm,1854 rpm,1834 rpm,1900 rpm,1894 rpm,1852 rpm,1895 rpm,800 rpm,1902 rpm,
2026-09-05 17:00:00,27.3 V,27.6 V,27.5 V,27.1 V,26.7 V,27.5 V,27.2 V,27.1 V,27.2 V,27.4 V,,1857 rpm,1847 rpm,800 rpm,1885 rpm,1864 rpm,1400 rpm,1902 rpm,1880 rpm,1836 rpm,1400 rpm,
2026-09-05 17:30:00,27.3 V,26.5 V,27.5 V,27.1 V,26.3 V,27.5 V,27.2 V,27.2 V,27.3 V,26.8 V,,1400 rpm,1400 rpm,800 rpm,1878 rpm,1902 rpm,1870 rpm,1400 rpm,800 rpm,800 rpm,1888 rpm,
2026-09-05 18:00:00,27.2 V,27.5 V,27.5 V,27.0 V,26.4 V,27.5 V,27.3 V,27.2 V,27.0 V,26.9 V,,1835 rpm,1824 rpm,1849 rpm,1833 rpm,1865 rpm,1839 rpm,1903 rpm,1401 rpm,1884 rpm,1891 rpm,
2026-09-05 18:30:00,27.2 V,27.6 V,27.6 V,26.7 V,26.6 V,27.6 V,27.3 V,27.2 V,27.2 V,27.0 V,,1879 rpm,1807 rpm,1837 rpm,1842 rpm,1794 rpm,1909 rpm,1866 rpm,1400 rpm,1846 rpm,800 rpm,
2026-09-05 19:00:00,27.2 V,27.6 V,27.6 V,27.3 V,26.6 V,27.6 V,27.3 V,27.3 V,27.4 V,27.1 V,,1861 rpm,1401 rpm,831 rpm,1690 rpm,1877 rpm,1873 rpm,1829 rpm,1844 rpm,800 rpm,1904 rpm,
2026-09-05 19:30:00,27.2 V,27.6 V,27.5 V,27.1 V,26.9 V,27.5 V,27.3 V,27.2 V,27.4 V,27.2 V,,1867 rpm,1400 rpm,1000 rpm,1714 rpm,1835 rpm,1899 rpm,1830 rpm,1848 rpm,945 rpm,800 rpm,
2026-09-05 20:00:00,27.2 V,27.6 V,27.6 V,26.6 V,27.1 V,26.2 V,27.3 V,27.2 V,27.1 V,27.2 V,,1846 rpm,1795 rpm,1851 rpm,1823 rpm,1840 rpm,800 rpm,1904 rpm,1842 rpm,1847 rpm,1855 rpm,
2026-09-05 20:30:00,27.2 V,27.6 V,27.5 V,26.6 V,27.1 V,27.6 V,27.3 V,27.2 V,27.2 V,27.1 V,,1862 rpm,1891 rpm,1902 rpm,1842 rpm,800 rpm,1401 rpm,1895 rpm,1889 rpm,1864 rpm,1851 rpm,
2026-09-05 21:00:00,27.2 V,27.6 V,27.6 V,26.5 V,26.9 V,27.7 V,27.3 V,27.2 V,27.3 V,27.1 V,,1864 rpm,1893 rpm,1820 rpm,1857 rpm,1892 rpm,1401 rpm,1917 rpm,1400 rpm,1846 rpm,1840 rpm,
2026-09-05 21:30:00,27.2 V,27.6 V,27.4 V,26.8 V,27.2 V,27.6 V,27.2 V,27.2 V,27.2 V,26.9 V,,1860 rpm,800 rpm,1893 rpm,1901 rpm,1904 rpm,1859 rpm,800 rpm,1898 rpm,1882 rpm,1844 rpm,
2026-09-05 22:00:00,27.2 V,27.7 V,27.5 V,27.2 V,26.9 V,27.6 V,27.3 V,27.3 V,27.3 V,27.2 V,,1838 rpm,800 rpm,1867 rpm,1887 rpm,1846 rpm,1400 rpm,1871 rpm,1840 rpm,1872 rpm,1900 rpm,
2026-09-05 22:30:00,27.3 V,27.7 V,27.6 V,26.7 V,26.7 V,27.6 V,27.3 V,27.2 V,26.9 V,27.2 V,,1844 rpm,1826 rpm,1270 rpm,1869 rpm,1841 rpm,1853 rpm,1882 rpm,1844 rpm,1903 rpm,800 rpm,
2026-09-05 23:00:00,27.3 V,27.7 V,27.5 V,27.1 V,27.2 V,27.6 V,27.3 V,27.3 V,27.3 V,27.3 V,,1400 rpm,1902 rpm,1869 rpm,1833 rpm,1846 rpm,1867 rpm,1831 rpm,800 rpm,1896 rpm,1853 rpm,
2026-09-05 23:30:00,27.3 V,27.6 V,27.5 V,26.7 V,27.1 V,27.3 V,27.0 V,27.4 V,27.2 V,27.1 V,,1878 rpm,1852 rpm,800 rpm,1897 rpm,1859 rpm,1885 rpm,1901 rpm,1897 rpm,1832 rpm,1400 rpm,
2026-09-06 00:00:00,27.3 V,27.6 V,27.6 V,26.7 V,25.7 V,27.6 V,27.4 V,27.2 V,27.2 V,26.5 V,,1875 rpm,1919 rpm,1891 rpm,1899 rpm,0 rpm,1839 rpm,1833 rpm,1826 rpm,1841 rpm,799 rpm,
2026-09-06 00:30:00,25.7 V,27.7 V,27.6 V,27.5 V,27.1 V,27.6 V,27.3 V,27.3 V,27.3 V,,,800 rpm,1824 rpm,1899 rpm,799 rpm,800 rpm,1875 rpm,1902 rpm,1901 rpm,1896 rpm,,
2026-09-06 01:00:00,27.3 V,27.5 V,25.7 V,27.1 V,27.1 V,26.1 V,27.3 V,27.3 V,27.4 V,27.2 V,,1843 rpm,801 rpm,800 rpm,1895 rpm,1844 rpm,1866 rpm,1898 rpm,1870 rpm,800 rpm,1864 rpm,
2026-09-06 01:30:00,27.3 V,27.7 V,27.6 V,27.4 V,26.9 V,27.7 V,27.3 V,27.3 V,27.3 V,27.4 V,,1845 rpm,1880 rpm,1870 rpm,800 rpm,1889 rpm,1901 rpm,1778 rpm,1401 rpm,1900 rpm,799 rpm,
2026-09-06 02:00:00,27.3 V,27.8 V,27.6 V,27.4 V,27.1 V,27.7 V,27.3 V,27.3 V,27.6 V,27.2 V,27.4 V,1842 rpm,1864 rpm,1904 rpm,801 rpm,1876 rpm,1865 rpm,1905 rpm,1400 rpm,800 rpm,1847 rpm,1897 rpm
2026-09-06 02:30:00,27.3 V,27.8 V,27.6 V,27.2 V,27.3 V,27.7 V,27.3 V,27.3 V,27.7 V,27.2 V,26.6 V,1899 rpm,1839 rpm,1895 rpm,1868 rpm,801 rpm,1810 rpm,1879 rpm,1400 rpm,800 rpm,1857 rpm,1901 rpm
2026-09-06 03:00:00,27.2 V,27.7 V,27.6 V,27.3 V,27.2 V,27.7 V,27.3 V,27.4 V,27.4 V,27.2 V,27.5 V,1842 rpm,1862 rpm,1867 rpm,1850 rpm,800 rpm,1860 rpm,1842 rpm,1861 rpm,1867 rpm,1860 rpm,799 rpm
2026-09-06 03:30:00,27.3 V,27.8 V,27.5 V,26.8 V,27.3 V,27.7 V,27.3 V,27.4 V,27.3 V,27.3 V,27.4 V,1892 rpm,1857 rpm,1836 rpm,1904 rpm,1839 rpm,1844 rpm,1871 rpm,1851 rpm,1841 rpm,1901 rpm,1895 rpm
2026-09-06 04:00:00,27.3 V,27.7 V,27.6 V,26.7 V,27.3 V,27.7 V,27.3 V,27.3 V,27.3 V,27.2 V,27.3 V,1902 rpm,1841 rpm,1882 rpm,1895 rpm,799 rpm,1899 rpm,1901 rpm,1834 rpm,1836 rpm,1899 rpm,1900 rpm
2026-09-06 04:30:00,27.2 V,27.8 V,27.7 V,27.0 V,27.3 V,27.7 V,27.3 V,27.3 V,27.5 V,27.3 V,27.5 V,1886 rpm,800 rpm,1371 rpm,1840 rpm,1856 rpm,1885 rpm,1838 rpm,1870 rpm,801 rpm,800 rpm,800 rpm
2026-09-06 05:00:00,27.3 V,27.8 V,27.6 V,26.7 V,27.2 V,27.7 V,27.3 V,27.3 V,27.3 V,27.3 V,27.5 V,800 rpm,1891 rpm,800 rpm,1889 rpm,1902 rpm,1898 rpm,1884 rpm,1900 rpm,1905 rpm,1899 rpm,800 rpm
2026-09-06 05:30:00,27.3 V,25.4 V,27.6 V,27.3 V,26.8 V,27.7 V,27.2 V,27.3 V,27.1 V,27.4 V,27.5 V,1901 rpm,1400 rpm,1889 rpm,1899 rpm,1842 rpm,1872 rpm,1900 rpm,800 rpm,1861 rpm,1892 rpm,1882 rpm
2026-09-06 06:00:00,27.3 V,27.8 V,27.7 V,27.0 V,26.8 V,27.7 V,27.2 V,27.3 V,27.1 V,27.3 V,27.5 V,1846 rpm,1864 rpm,1401 rpm,1879 rpm,1902 rpm,1900 rpm,800 rpm,1399 rpm,1896 rpm,1888 rpm,1874 rpm
2026-09-06 06:30:00,27.3 V,27.7 V,27.5 V,27.5 V,27.2 V,27.7 V,27.2 V,27.3 V,27.1 V,27.4 V,27.6 V,1842 rpm,1835 rpm,1901 rpm,799 rpm,1836 rpm,1843 rpm,1839 rpm,1839 rpm,1840 rpm,1847 rpm,1844 rpm
2026-09-06 07:00:00,27.3 V,27.7 V,27.5 V,27.0 V,27.1 V,27.6 V,27.2 V,27.3 V,27.1 V,27.3 V,27.4 V,1877 rpm,1880 rpm,1841 rpm,1400 rpm,1836 rpm,1844 rpm,1863 rpm,1805 rpm,1841 rpm,1890 rpm,1841 rpm
2026-09-06 07:30:00,27.3 V,27.7 V,27.5 V,26.8 V,27.1 V,27.6 V,27.2 V,27.3 V,27.0 V,27.0 V,27.4 V,1845 rpm,1866 rpm,1882 rpm,1902 rpm,1863 rpm,1842 rpm,1858 rpm,1837 rpm,1841 rpm,1900 rpm,1864 rpm
2026-09-06 08:00:00,27.3 V,27.7 V,27.5 V,27.0 V,26.9 V,27.5 V,27.2 V,27.3 V,26.5 V,27.3 V,27.2 V,1911 rpm,1868 rpm,800 rpm,1867 rpm,1839 rpm,1876 rpm,1916 rpm,1863 rpm,1840 rpm,1844 rpm,1858 rpm
2026-09-06 08:30:00,27.3 V,27.7 V,27.5 V,27.3 V,27.3 V,27.5 V,27.2 V,27.2 V,26.9 V,27.4 V,27.2 V,1875 rpm,1894 rpm,1844 rpm,1872 rpm,800 rpm,1841 rpm,1902 rpm,1423 rpm,1881 rpm,1902 rpm,1841 rpm
2026-09-06 09:00:00,27.2 V,27.7 V,27.5 V,27.0 V,27.2 V,27.6 V,27.2 V,27.2 V,27.0 V,27.4 V,27.1 V,1400 rpm,1841 rpm,1890 rpm,1844 rpm,1832 rpm,1833 rpm,1908 rpm,1822 rpm,800 rpm,800 rpm,1843 rpm
2026-09-06 09:30:00,27.3 V,27.7 V,27.4 V,27.1 V,27.2 V,27.5 V,27.2 V,27.2 V,26.8 V,27.4 V,27.1 V,1844 rpm,0 rpm,1866 rpm,1848 rpm,800 rpm,1845 rpm,1862 rpm,1841 rpm,1907 rpm,1162 rpm,1844 rpm
2026-09-06 10:00:00,27.3 V,27.7 V,27.4 V,27.2 V,27.0 V,27.5 V,27.2 V,27.2 V,27.0 V,27.1 V,27.1 V,1859 rpm,1906 rpm,1900 rpm,1835 rpm,1845 rpm,1831 rpm,1855 rpm,1898 rpm,800 rpm,1846 rpm,1862 rpm
2026-09-06 10:30:00,27.3 V,27.7 V,27.5 V,27.2 V,26.6 V,27.5 V,27.2 V,27.2 V,26.8 V,27.4 V,27.1 V,1848 rpm,1899 rpm,1855 rpm,1902 rpm,1865 rpm,1902 rpm,1911 rpm,1843 rpm,1863 rpm,1400 rpm,1841 rpm
2026-09-06 11:00:00,27.2 V,27.8 V,27.5 V,27.2 V,26.9 V,27.5 V,27.2 V,27.0 V,26.8 V,27.5 V,27.2 V,1898 rpm,1861 rpm,1879 rpm,1899 rpm,1903 rpm,1836 rpm,1893 rpm,1906 rpm,1839 rpm,1401 rpm,1842 rpm
2026-09-06 11:30:00,27.2 V,27.8 V,27.5 V,27.5 V,27.1 V,27.4 V,27.2 V,27.2 V,26.9 V,24.8 V,27.2 V,1841 rpm,1847 rpm,1833 rpm,799 rpm,800 rpm,1910 rpm,1849 rpm,1836 rpm,1855 rpm,800 rpm,1843 rpm
2026-09-06 12:00:00,27.2 V,27.8 V,27.4 V,26.2 V,27.1 V,27.5 V,27.2 V,27.2 V,26.8 V,27.1 V,27.1 V,1840 rpm,1837 rpm,1888 rpm,1868 rpm,1882 rpm,800 rpm,1902 rpm,1400 rpm,1901 rpm,799 rpm,1839 rpm
2026-09-06 12:30:00,27.1 V,27.8 V,27.4 V,26.5 V,26.7 V,25.8 V,27.2 V,27.2 V,26.9 V,27.2 V,27.0 V,1877 rpm,1825 rpm,1864 rpm,1882 rpm,1836 rpm,0 rpm,1837 rpm,1900 rpm,0 rpm,1400 rpm,1893 rpm
2026-09-06 13:00:00,27.2 V,27.8 V,27.4 V,27.1 V,27.1 V,27.5 V,27.0 V,27.0 V,,27.0 V,27.1 V,1902 rpm,1836 rpm,1830 rpm,1895 rpm,1832 rpm,1901 rpm,1887 rpm,1804 rpm,,1880 rpm,1854 rpm
2026-09-06 13:30:00,27.1 V,27.8 V,27.5 V,26.9 V,26.2 V,27.5 V,27.2 V,27.0 V,26.6 V,27.0 V,27.3 V,1834 rpm,1862 rpm,1869 rpm,1848 rpm,1841 rpm,1837 rpm,1897 rpm,1902 rpm,1902 rpm,1852 rpm,800 rpm
2026-09-06 14:00:00,27.1 V,27.8 V,27.4 V,27.3 V,26.8 V,27.4 V,27.2 V,27.0 V,26.9 V,26.1 V,27.4 V,1843 rpm,1838 rpm,1851 rpm,799 rpm,1897 rpm,1895 rpm,1884 rpm,1834 rpm,1917 rpm,1895 rpm,800 rpm
2026-09-06 14:30:00,27.2 V,26.4 V,27.4 V,27.4 V,27.0 V,27.5 V,27.2 V,27.0 V,26.9 V,,27.0 V,1842 rpm,1845 rpm,1838 rpm,800 rpm,1872 rpm,1862 rpm,1850 rpm,800 rpm,800 rpm,,801 rpm
2026-09-06 15:00:00,27.2 V,27.6 V,27.5 V,27.1 V,27.0 V,27.5 V,27.2 V,27.1 V,27.0 V,,27.5 V,1847 rpm,1837 rpm,1864 rpm,1832 rpm,1902 rpm,1871 rpm,1884 rpm,1834 rpm,1871 rpm,,800 rpm
2026-09-06 15:30:00,27.2 V,27.7 V,27.4 V,26.9 V,27.0 V,27.4 V,27.2 V,27.2 V,26.8 V,27.4 V,27.3 V,1895 rpm,1837 rpm,1850 rpm,1806 rpm,800 rpm,1865 rpm,1842 rpm,1862 rpm,1835 rpm,1873 rpm,1845 rpm
2026-09-06 16:00:00,27.2 V,27.6 V,27.5 V,26.7 V,26.5 V,27.4 V,26.9 V,27.1 V,26.9 V,27.4 V,27.4 V,1858 rpm,1874 rpm,1841 rpm,1786 rpm,1876 rpm,1890 rpm,1856 rpm,1904 rpm,1835 rpm,1903 rpm,1842 rpm
2026-09-06 16:30:00,27.3 V,27.7 V,27.4 V,26.9 V,27.0 V,27.5 V,27.1 V,27.1 V,26.9 V,27.3 V,27.4 V,1859 rpm,1838 rpm,1834 rpm,1886 rpm,1854 rpm,1839 rpm,1858 rpm,1800 rpm,1871 rpm,1877 rpm,1902 rpm
2026-09-06 17:00:00,27.2 V,27.7 V,27.4 V,27.0 V,26.7 V,27.5 V,27.2 V,27.1 V,27.0 V,27.3 V,27.4 V,1870 rpm,1899 rpm,800 rpm,1835 rpm,1841 rpm,1400 rpm,1840 rpm,1848 rpm,1838 rpm,1845 rpm,1843 rpm
2026-09-06 17:30:00,27.1 V,27.6 V,27.5 V,27.2 V,26.8 V,27.6 V,27.2 V,27.1 V,27.2 V,27.0 V,27.3 V,1868 rpm,800 rpm,1897 rpm,1829 rpm,1858 rpm,1400 rpm,800 rpm,800 rpm,1846 rpm,1889 rpm,1524 rpm
2026-09-06 18:00:00,27.1 V,27.7 V,27.4 V,27.0 V,27.2 V,27.6 V,27.3 V,27.2 V,27.3 V,27.0 V,27.3 V,1892 rpm,1878 rpm,1900 rpm,1848 rpm,1899 rpm,1904 rpm,1833 rpm,1400 rpm,1834 rpm,1701 rpm,1854 rpm
2026-09-06 18:30:00,27.1 V,27.6 V,27.5 V,27.3 V,26.7 V,27.6 V,27.2 V,27.2 V,27.1 V,27.1 V,27.3 V,1868 rpm,1832 rpm,1910 rpm,1832 rpm,1857 rpm,1831 rpm,1877 rpm,1868 rpm,1862 rpm,1896 rpm,1845 rpm
2026-09-06 19:00:00,27.1 V,27.6 V,27.5 V,27.0 V,27.1 V,27.7 V,27.2 V,27.3 V,26.9 V,27.2 V,27.3 V,1857 rpm,1893 rpm,1842 rpm,1805 rpm,1836 rpm,1401 rpm,1879 rpm,1860 rpm,1863 rpm,1401 rpm,801 rpm
2026-09-06 19:30:00,27.1 V,27.6 V,27.5 V,26.8 V,26.9 V,27.6 V,27.2 V,27.2 V,26.9 V,27.1 V,27.3 V,1866 rpm,1864 rpm,1818 rpm,1840 rpm,1885 rpm,1895 rpm,1872 rpm,1901 rpm,1876 rpm,1859 rpm,1874 rpm
2026-09-06 20:00:00,27.0 V,27.6 V,27.5 V,27.0 V,26.7 V,27.5 V,27.3 V,27.3 V,27.2 V,27.1 V,27.3 V,1896 rpm,1832 rpm,910 rpm,1860 rpm,1863 rpm,1861 rpm,1840 rpm,1841 rpm,1851 rpm,1854 rpm,1858 rpm
2026-09-06 20:30:00,27.1 V,27.6 V,27.5 V,27.1 V,26.7 V,27.6 V,27.2 V,27.3 V,27.2 V,26.9 V,27.4 V,1820 rpm,799 rpm,1884 rpm,1871 rpm,1798 rpm,1847 rpm,1852 rpm,1400 rpm,1871 rpm,1846 rpm,1772 rpm
2026-09-06 21:00:00,27.0 V,27.7 V,27.6 V,26.7 V,26.8 V,27.3 V,27.3 V,27.3 V,27.2 V,27.2 V,27.3 V,1833 rpm,1904 rpm,1090 rpm,1867 rpm,1876 rpm,1898 rpm,1817 rpm,1840 rpm,1865 rpm,799 rpm,1881 rpm
2026-09-06 21:30:00,27.0 V,27.7 V,27.6 V,27.2 V,27.0 V,27.6 V,27.2 V,27.3 V,27.1 V,27.1 V,27.5 V,1890 rpm,1883 rpm,1840 rpm,1801 rpm,1829 rpm,1896 rpm,1837 rpm,1400 rpm,1834 rpm,1854 rpm,1400 rpm
2026-09-06 22:00:00,27.1 V,27.6 V,27.6 V,26.8 V,27.2 V,27.7 V,27.3 V,27.2 V,27.4 V,27.1 V,27.4 V,1900 rpm,1864 rpm,1838 rpm,1892 rpm,1899 rpm,1834 rpm,1888 rpm,1812 rpm,800 rpm,1858 rpm,1851 rpm
2026-09-06 22:30:00,27.2 V,27.7 V,27.6 V,27.2 V,27.0 V,27.6 V,27.2 V,27.3 V,27.2 V,27.0 V,27.4 V,1842 rpm,1842 rpm,1877 rpm,1844 rpm,1838 rpm,1841 rpm,1893 rpm,798 rpm,1845 rpm,1850 rpm,1910 rpm
2026-09-06 23:00:00,27.2 V,27.7 V,27.6 V,27.4 V,27.1 V,27.7 V,27.3 V,27.3 V,27.1 V,27.1 V,27.3 V,1846 rpm,800 rpm,1894 rpm,1897 rpm,1840 rpm,1834 rpm,1776 rpm,1838 rpm,1843 rpm,1871 rpm,1712 rpm
2026-09-06 23:30:00,27.2 V,27.7 V,27.5 V,27.5 V,27.0 V,27.7 V,27.3 V,26.9 V,27.2 V,26.0 V,27.3 V,1902 rpm,800 rpm,1892 rpm,801 rpm,1842 rpm,1901 rpm,1872 rpm,1401 rpm,1840 rpm,800 rpm,1851 rpm
2026-09-07 00:00:00,27.1 V,27.7 V,27.5 V,26.3 V,27.3 V,27.7 V,27.3 V,26.9 V,27.2 V,26.3 V,27.3 V,1850 rpm,1819 rpm,1845 rpm,1865 rpm,1400 rpm,1837 rpm,1837 rpm,1903 rpm,1899 rpm,800 rpm,1400 rpm
2026-09-07 00:30:00,27.2 V,27.8 V,27.6 V,27.0 V,26.7 V,27.6 V,27.3 V,27.3 V,27.2 V,27.2 V,27.4 V,1863 rpm,1879 rpm,1871 rpm,1892 rpm,1897 rpm,1841 rpm,1816 rpm,1825 rpm,1898 rpm,1865 rpm,1400 rpm
2026-09-07 01:00:00,27.3 V,27.8 V,27.5 V,27.2 V,,27.6 V,27.3 V,27.3 V,27.2 V,27.1 V,27.4 V,1880 rpm,1827 rpm,1881 rpm,1892 rpm,,1830 rpm,800 rpm,1833 rpm,1715 rpm,1875 rpm,1400 rpm
2026-09-07 01:30:00,27.3 V,27.8 V,27.5 V,26.7 V,27.2 V,27.6 V,27.3 V,27.2 V,27.2 V,27.0 V,27.4 V,1901 rpm,799 rpm,1852 rpm,1890 rpm,1877 rpm,1839 rpm,1836 rpm,1821 rpm,1899 rpm,1852 rpm,800 rpm
2026-09-07 02:00:00,27.3 V,27.8 V,27.5 V,27.3 V,27.2 V,27.6 V,27.3 V,27.3 V,27.2 V,27.1 V,25.6 V,1895 rpm,1897 rpm,1870 rpm,799 rpm,1856 rpm,1833 rpm,1840 rpm,1898 rpm,1842 rpm,1864 rpm,800 rpm
2026-09-07 02:30:00,27.3 V,27.8 V,27.6 V,27.4 V,27.2 V,27.6 V,27.2 V,27.3 V,27.1 V,27.4 V,27.3 V,1854 rpm,1858 rpm,1864 rpm,1899 rpm,1831 rpm,1832 rpm,1849 rpm,1864 rpm,1865 rpm,1873 rpm,800 rpm
2026-09-07 03:00:00,27.2 V,27.8 V,27.5 V,27.1 V,27.3 V,27.6 V,27.2 V,27.3 V,27.2 V,27.3 V,27.4 V,1875 rpm,1851 rpm,1843 rpm,1869 rpm,1877 rpm,1400 rpm,1899 rpm,1858 rpm,1863 rpm,1889 rpm,1866 rpm
2026-09-07 03:30:00,27.2 V,28.0 V,27.5 V,26.4 V,27.3 V,27.6 V,27.2 V,27.3 V,27.1 V,27.5 V,27.3 V,1887 rpm,800 rpm,799 rpm,1841 rpm,1844 rpm,1792 rpm,1854 rpm,1905 rpm,1835 rpm,799 rpm,1875 rpm
2026-09-07 04:00:00,27.3 V,27.8 V,27.5 V,26.8 V,26.5 V,27.6 V,27.1 V,27.3 V,27.1 V,27.2 V,27.4 V,1844 rpm,800 rpm,1858 rpm,1837 rpm,1898 rpm,1899 rpm,800 rpm,1836 rpm,1877 rpm,1859 rpm,800 rpm
2026-09-07 04:30:00,27.2 V,27.8 V,27.5 V,26.8 V,27.0 V,27.6 V,27.2 V,27.3 V,27.1 V,27.2 V,27.5 V,1884 rpm,1900 rpm,1882 rpm,1839 rpm,1900 rpm,1899 rpm,1830 rpm,1903 rpm,1846 rpm,1910 rpm,800 rpm
2026-09-07 05:00:00,27.2 V,27.7 V,27.5 V,27.6 V,26.9 V,27.7 V,27.3 V,27.3 V,27.2 V,27.4 V,27.4 V,1899 rpm,801 rpm,800 rpm,801 rpm,1811 rpm,1400 rpm,1901 rpm,1860 rpm,1886 rpm,1897 rpm,1842 rpm
2026-09-07 05:30:00,27.2 V,27.7 V,27.6 V,27.5 V,27.1 V,27.7 V,27.2 V,27.3 V,27.2 V,27.1 V,25.0 V,1900 rpm,800 rpm,1860 rpm,799 rpm,1898 rpm,1851 rpm,800 rpm,1838 rpm,1838 rpm,1892 rpm,0 rpm
2026-09-07 06:00:00,27.2 V,27.8 V,27.6 V,26.7 V,27.3 V,27.7 V,27.3 V,27.2 V,27.0 V,27.3 V,24.9 V,1822 rpm,1873 rpm,1879 rpm,1853 rpm,1833 rpm,1873 rpm,1848 rpm,800 rpm,1851 rpm,1901 rpm,0 rpm
2026-09-07 06:30:00,27.2 V,27.7 V,27.6 V,26.5 V,27.2 V,27.7 V,27.4 V,27.2 V,27.0 V,27.3 V,24.9 V,1881 rpm,1890 rpm,1875 rpm,1886 rpm,1824 rpm,1819 rpm,1879 rpm,1901 rpm,1826 rpm,1854 rpm,0 rpm
2026-09-07 07:00:00,27.2 V,27.8 V,27.6 V,26.4 V,27.0 V,27.6 V,27.3 V,27.2 V,27.0 V,27.4 V,25.2 V,1858 rpm,1852 rpm,1850 rpm,1884 rpm,1856 rpm,1863 rpm,1848 rpm,800 rpm,1882 rpm,1844 rpm,0 rpm
2026-09-07 07:30:00,27.2 V,27.8 V,27.6 V,26.5 V,26.8 V,27.6 V,27.3 V,27.2 V,27.2 V,27.5 V,25.3 V,1865 rpm,1850 rpm,1858 rpm,1843 rpm,1834 rpm,1900 rpm,1846 rpm,800 rpm,800 rpm,800 rpm,0 rpm
2026-09-07 08:00:00,27.2 V,27.8 V,27.6 V,27.1 V,26.7 V,27.6 V,27.3 V,27.1 V,27.0 V,27.5 V,26.9 V,1868 rpm,1872 rpm,1894 rpm,1901 rpm,1887 rpm,1876 rpm,1874 rpm,1886 rpm,1836 rpm,1852 rpm,800 rpm
2026-09-07 08:30:00,27.3 V,27.8 V,27.6 V,26.3 V,27.3 V,27.6 V,27.2 V,27.1 V,27.1 V,27.5 V,,800 rpm,1840 rpm,1853 rpm,1856 rpm,1824 rpm,1840 rpm,1843 rpm,1854 rpm,1827 rpm,1867 rpm,
2026-09-07 09:00:00,27.3 V,27.8 V,27.2 V,26.6 V,27.0 V,27.6 V,27.2 V,27.2 V,27.2 V,27.5 V,25.6 V,1904 rpm,1847 rpm,1864 rpm,1900 rpm,1834 rpm,1874 rpm,1896 rpm,799 rpm,1864 rpm,1846 rpm,0 rpm
2026-09-07 09:30:00,27.3 V,27.7 V,27.6 V,27.2 V,26.9 V,27.6 V,27.3 V,27.1 V,27.2 V,27.3 V,27.0 V,1401 rpm,1893 rpm,1864 rpm,1841 rpm,1836 rpm,1864 rpm,1898 rpm,1897 rpm,800 rpm,1847 rpm,1899 rpm
2026-09-07 10:00:00,27.3 V,27.8 V,27.6 V,26.4 V,26.9 V,27.6 V,27.2 V,27.2 V,27.3 V,27.5 V,27.2 V,1888 rpm,1898 rpm,1839 rpm,1838 rpm,1880 rpm,1842 rpm,1834 rpm,1849 rpm,800 rpm,1400 rpm,1887 rpm
2026-09-07 10:30:00,27.3 V,27.8 V,27.6 V,26.7 V,27.3 V,27.5 V,27.2 V,27.2 V,27.1 V,27.3 V,27.1 V,1850 rpm,1888 rpm,1847 rpm,1885 rpm,1888 rpm,1847 rpm,1902 rpm,1896 rpm,1834 rpm,1845 rpm,1842 rpm
2026-09-07 11:00:00,27.3 V,27.7 V,27.5 V,26.7 V,26.9 V,27.5 V,27.1 V,27.2 V,27.0 V,27.4 V,27.1 V,1846 rpm,1896 rpm,1852 rpm,1840 rpm,1871 rpm,1832 rpm,1846 rpm,1839 rpm,1838 rpm,1835 rpm,1855 rpm
2026-09-07 11:30:00,27.2 V,27.8 V,27.5 V,26.1 V,26.9 V,27.4 V,25.0 V,27.1 V,27.2 V,27.4 V,27.0 V,1832 rpm,1400 rpm,1842 rpm,1847 rpm,1847 rpm,1900 rpm,0 rpm,1835 rpm,800 rpm,1400 rpm,1830 rpm
2026-09-07 12:00:00,27.2 V,27.7 V,27.6 V,27.3 V,27.0 V,27.4 V,27.3 V,27.2 V,27.0 V,27.4 V,27.1 V,1861 rpm,1881 rpm,1865 rpm,1859 rpm,1885 rpm,1878 rpm,1903 rpm,1853 rpm,1857 rpm,800 rpm,1848 rpm
2026-09-07 12:30:00,27.2 V,27.7 V,27.4 V,,25.7 V,27.6 V,,27.1 V,27.0 V,27.2 V,27.1 V,1846 rpm,1887 rpm,1860 rpm,,0 rpm,1879 rpm,,1864 rpm,1891 rpm,800 rpm,1827 rpm
2026-09-07 13:00:00,27.2 V,27.7 V,27.5 V,,26.6 V,27.6 V,,27.1 V,27.4 V,27.2 V,26.9 V,1898 rpm,1860 rpm,1472 rpm,799 rpm,1905 rpm,1873 rpm,,1837 rpm,800 rpm,1879 rpm,1862 rpm
2026-09-07 13:30:00,27.2 V,27.7 V,27.1 V,27.4 V,26.4 V,27.5 V,,27.1 V,27.4 V,27.2 V,27.0 V,1831 rpm,1878 rpm,1845 rpm,1759 rpm,1857 rpm,1821 rpm,,800 rpm,,1842 rpm,1843 rpm
2026-09-07 14:00:00,27.2 V,27.7 V,27.5 V,26.6 V,26.9 V,27.5 V,27.1 V,26.8 V,27.2 V,27.2 V,27.0 V,801 rpm,1918 rpm,1861 rpm,1874 rpm,800 rpm,1902 rpm,1835 rpm,1852 rpm,1900 rpm,1867 rpm,1856 rpm
2026-09-07 14:30:00,27.2 V,27.6 V,27.5 V,27.1 V,26.8 V,27.5 V,27.1 V,27.2 V,27.2 V,27.1 V,27.1 V,1887 rpm,1890 rpm,1846 rpm,1864 rpm,1887 rpm,1859 rpm,1901 rpm,800 rpm,1837 rpm,1900 rpm,1840 rpm
2026-09-07 15:00:00,27.2 V,27.6 V,27.5 V,26.6 V,26.5 V,27.4 V,27.2 V,27.1 V,27.4 V,27.2 V,26.9 V,1856 rpm,1847 rpm,1826 rpm,1856 rpm,1867 rpm,1902 rpm,1884 rpm,1868 rpm,1908 rpm,1881 rpm,1867 rpm
2026-09-07 15:30:00,27.2 V,27.6 V,27.5 V,27.1 V,26.6 V,27.6 V,27.2 V,27.1 V,27.3 V,26.8 V,27.1 V,1898 rpm,1885 rpm,1829 rpm,1901 rpm,1839 rpm,1832 rpm,1871 rpm,1845 rpm,1858 rpm,1900 rpm,1880 rpm
2026-09-07 16:00:00,27.3 V,27.6 V,27.5 V,26.2 V,26.6 V,27.5 V,27.4 V,27.2 V,27.4 V,,27.0 V,800 rpm,1904 rpm,1821 rpm,1873 rpm,1833 rpm,1825 rpm,1401 rpm,800 rpm,1860 rpm,,1840 rpm
2026-09-07 16:30:00,27.3 V,27.8 V,27.5 V,27.0 V,26.8 V,27.5 V,27.6 V,27.4 V,27.4 V,26.2 V,27.1 V,1400 rpm,1843 rpm,1855 rpm,1840 rpm,1855 rpm,1841 rpm,1897 rpm,1879 rpm,1864 rpm,0 rpm,1829 rpm
2026-09-07 17:00:00,27.3 V,27.8 V,27.5 V,27.0 V,27.1 V,27.7 V,27.5 V,27.2 V,27.4 V,27.4 V,27.1 V,1903 rpm,1842 rpm,800 rpm,1069 rpm,800 rpm,1401 rpm,1400 rpm,1838 rpm,1904 rpm,1899 rpm,1874 rpm
2026-09-07 17:30:00,27.3 V,25.6 V,27.5 V,27.3 V,27.2 V,27.7 V,27.4 V,27.4 V,27.2 V,,27.2 V,1401 rpm,0 rpm,1899 rpm,1875 rpm,800 rpm,1400 rpm,1870 rpm,801 rpm,1847 rpm,,1844 rpm
2026-09-07 18:00:00,27.3 V,27.6 V,27.5 V,26.7 V,27.1 V,27.7 V,27.3 V,27.4 V,27.2 V,,27.1 V,1879 rpm,1846 rpm,1917 rpm,1875 rpm,1833 rpm,1401 rpm,801 rpm,800 rpm,1862 rpm,,1843 rpm
2026-09-07 18:30:00,27.3 V,27.6 V,27.5 V,27.0 V,27.2 V,27.7 V,27.2 V,27.4 V,27.3 V,,27.3 V,1843 rpm,1898 rpm,1858 rpm,1849 rpm,1843 rpm,1840 rpm,1753 rpm,1838 rpm,1866 rpm,,800 rpm
2026-09-07 19:00:00,27.3 V,27.7 V,27.4 V,26.2 V,27.2 V,27.6 V,27.1 V,27.1 V,27.2 V,,27.2 V,1843 rpm,1843 rpm,1855 rpm,1884 rpm,800 rpm,1882 rpm,1836 rpm,1857 rpm,1841 rpm,,1898 rpm
2026-09-07 19:30:00,27.2 V,27.6 V,27.5 V,26.7 V,26.9 V,27.6 V,27.1 V,27.3 V,27.3 V,,27.1 V,1851 rpm,1843 rpm,1901 rpm,1910 rpm,1828 rpm,1918 rpm,1894 rpm,1836 rpm,1849 rpm,,1848 rpm
2026-09-07 20:00:00,27.2 V,27.7 V,27.5 V,27.2 V,26.9 V,27.6 V,27.1 V,27.2 V,27.3 V,,27.1 V,1855 rpm,1900 rpm,1865 rpm,1906 rpm,1838 rpm,1865 rpm,1824 rpm,1833 rpm,1882 rpm,,1899 rpm
2026-09-07 20:30:00,27.2 V,27.6 V,27.5 V,26.7 V,27.2 V,27.6 V,27.0 V,27.2 V,27.4 V,,27.2 V,1846 rpm,1847 rpm,1891 rpm,1865 rpm,1837 rpm,1871 rpm,1848 rpm,1881 rpm,1869 rpm,,1894 rpm
2026-09-07 21:00:00,27.2 V,27.7 V,27.5 V,27.0 V,27.2 V,27.7 V,27.1 V,27.3 V,27.3 V,,27.2 V,1857 rpm,1899 rpm,1836 rpm,1842 rpm,1834 rpm,1836 rpm,1823 rpm,800 rpm,1884 rpm,,1400 rpm
2026-09-07 21:30:00,25.4 V,27.7 V,27.4 V,27.0 V,27.4 V,27.7 V,27.0 V,,27.3 V,,27.3 V,0 rpm,1875 rpm,1897 rpm,1901 rpm,800 rpm,1897 rpm,1905 rpm,800 rpm,1840 rpm,,1399 rpm
2026-09-07 22:00:00,27.2 V,27.7 V,27.4 V,26.9 V,27.2 V,27.7 V,27.0 V,27.3 V,27.4 V,27.2 V,27.2 V,1880 rpm,1879 rpm,1831 rpm,1843 rpm,1898 rpm,1837 rpm,1858 rpm,781 rpm,801 rpm,1882 rpm,1891 rpm
2026-09-07 22:30:00,27.2 V,27.8 V,27.4 V,26.7 V,27.2 V,27.6 V,27.0 V,27.4 V,27.3 V,27.1 V,27.2 V,1899 rpm,1898 rpm,1900 rpm,1839 rpm,1902 rpm,1902 rpm,1901 rpm,1892 rpm,1880 rpm,800 rpm,1902 rpm
2026-09-07 23:00:00,27.2 V,27.7 V,27.6 V,27.1 V,27.2 V,27.7 V,27.0 V,,27.4 V,27.5 V,27.2 V,1898 rpm,1850 rpm,1842 rpm,1903 rpm,1835 rpm,1400 rpm,1856 rpm,1835 rpm,1876 rpm,800 rpm,1848 rpm
2026-09-07 23:30:00,27.2 V,27.7 V,27.5 V,27.0 V,26.8 V,27.7 V,27.1 V,27.3 V,27.4 V,27.5 V,27.1 V,1902 rpm,1859 rpm,1863 rpm,1898 rpm,1837 rpm,1835 rpm,1833 rpm,1850 rpm,1919 rpm,800 rpm,1863 rpm
2026-09-08 00:00:00,26.8 V,27.8 V,27.6 V,27.0 V,25.7 V,27.7 V,27.0 V,27.3 V,27.3 V,27.3 V,27.5 V,1869 rpm,1855 rpm,800 rpm,1840 rpm,0 rpm,1868 rpm,1898 rpm,1842 rpm,1885 rpm,1843 rpm,801 rpm
2026-09-08 00:30:00,27.3 V,27.7 V,27.5 V,26.7 V,26.7 V,27.7 V,27.2 V,27.3 V,27.3 V,27.2 V,27.6 V,1828 rpm,800 rpm,1866 rpm,1840 rpm,1870 rpm,1901 rpm,800 rpm,1867 rpm,1870 rpm,1835 rpm,799 rpm
2026-09-08 01:00:00,27.2 V,27.7 V,27.5 V,26.9 V,27.0 V,27.7 V,27.3 V,27.2 V,27.3 V,27.2 V,27.1 V,1823 rpm,800 rpm,1887 rpm,1901 rpm,1836 rpm,1855 rpm,800 rpm,1898 rpm,1901 rpm,1863 rpm,1862 rpm
2026-09-08 01:30:00,27.2 V,27.7 V,27.5 V,26.6 V,27.3 V,27.7 V,27.4 V,27.3 V,27.3 V,27.3 V,25.4 V,1893 rpm,1844 rpm,1888 rpm,1900 rpm,1837 rpm,1861 rpm,1901 rpm,1838 rpm,1893 rpm,1844 rpm,800 rpm
2026-09-08 02:00:00,27.2 V,25.8 V,27.5 V,26.6 V,27.3 V,27.7 V,27.2 V,27.3 V,27.4 V,27.2 V,27.2 V,1881 rpm,0 rpm,800 rpm,1898 rpm,1883 rpm,1400 rpm,801 rpm,1833 rpm,1400 rpm,1910 rpm,1856 rpm
2026-09-08 02:30:00,27.2 V,27.8 V,27.6 V,26.6 V,27.3 V,27.8 V,27.2 V,27.3 V,27.3 V,27.2 V,27.1 V,1847 rpm,800 rpm,800 rpm,1883 rpm,1844 rpm,1399 rpm,1902 rpm,1832 rpm,1862 rpm,1847 rpm,1839 rpm
2026-09-08 03:00:00,27.2 V,27.8 V,27.6 V,27.2 V,26.8 V,27.7 V,27.2 V,27.4 V,27.3 V,27.2 V,27.4 V,1890 rpm,1887 rpm,800 rpm,1898 rpm,1889 rpm,1839 rpm,1811 rpm,1853 rpm,1846 rpm,1867 rpm,1402 rpm
2026-09-08 03:30:00,27.2 V,27.8 V,,27.4 V,27.3 V,27.4 V,27.2 V,27.3 V,27.3 V,27.3 V,27.4 V,1870 rpm,1900 rpm,,1895 rpm,800 rpm,1896 rpm,1821 rpm,1838 rpm,1842 rpm,1904 rpm,1898 rpm
2026-09-08 04:00:00,26.8 V,27.8 V,,27.5 V,27.0 V,27.7 V,27.2 V,27.2 V,27.4 V,27.2 V,27.3 V,1874 rpm,1890 rpm,,801 rpm,1857 rpm,1400 rpm,1860 rpm,1895 rpm,1899 rpm,1854 rpm,1868 rpm
2026-09-08 04:30:00,27.2 V,27.8 V,,27.6 V,26.8 V,27.7 V,27.1 V,27.3 V,27.3 V,27.2 V,27.5 V,1877 rpm,1870 rpm,,800 rpm,1862 rpm,1879 rpm,1900 rpm,1838 rpm,1867 rpm,1848 rpm,1399 rpm
2026-09-08 05:00:00,27.3 V,27.8 V,,27.3 V,27.4 V,27.7 V,27.1 V,27.2 V,27.3 V,26.9 V,27.1 V,1870 rpm,1856 rpm,,801 rpm,1835 rpm,1836 rpm,1889 rpm,1828 rpm,1816 rpm,1902 rpm,1871 rpm
2026-09-08 05:30:00,27.3 V,27.6 V,,27.4 V,27.3 V,27.7 V,27.3 V,27.3 V,27.2 V,26.6 V,27.2 V,1905 rpm,1829 rpm,,799 rpm,1900 rpm,1841 rpm,1880 rpm,1898 rpm,1850 rpm,1879 rpm,1842 rpm
2026-09-08 06:00:00,27.3 V,,,27.5 V,,27.7 V,,27.3 V,,,27.4 V,1872 rpm,,,801 rpm,,1875 rpm,,1863 rpm,,,1898 rpm
2026-09-08 06:30:00,27.2 V,27.8 V,,27.3 V,27.4 V,27.7 V,27.3 V,27.3 V,27.1 V,27.0 V,27.4 V,1902 rpm,1857 rpm,,1842 rpm,1838 rpm,1899 rpm,1866 rpm,1846 rpm,1858 rpm,1844 rpm,1841 rpm
2026-09-08 07:00:00,27.2 V,27.8 V,,27.1 V,27.3 V,27.7 V,27.2 V,27.1 V,26.8 V,26.9 V,27.3 V,1902 rpm,1845 rpm,,1846 rpm,1850 rpm,1840 rpm,1850 rpm,1868 rpm,1872 rpm,800 rpm,1853 rpm
2026-09-08 07:30:00,27.2 V,27.7 V,,26.6 V,26.9 V,27.6 V,27.1 V,27.0 V,27.3 V,27.0 V,27.4 V,1902 rpm,1874 rpm,,1906 rpm,1820 rpm,1900 rpm,1852 rpm,1837 rpm,800 rpm,1846 rpm,1400 rpm
2026-09-08 08:00:00,27.3 V,27.7 V,,27.4 V,26.8 V,27.6 V,27.2 V,27.1 V,27.2 V,27.0 V,27.3 V,1870 rpm,1874 rpm,,799 rpm,1834 rpm,1874 rpm,800 rpm,1848 rpm,1779 rpm,1918 rpm,1859 rpm
2026-09-08 08:30:00,27.3 V,27.6 V,,27.4 V,27.2 V,27.6 V,27.2 V,27.1 V,27.2 V,27.0 V,27.3 V,1890 rpm,1832 rpm,,799 rpm,1892 rpm,1902 rpm,1902 rpm,1836 rpm,1886 rpm,1845 rpm,1824 rpm
2026-09-08 09:00:00,27.3 V,27.7 V,,27.1 V,27.2 V,27.6 V,27.3 V,27.1 V,27.2 V,27.0 V,27.3 V,1884 rpm,1904 rpm,,1899 rpm,1866 rpm,1915 rpm,1901 rpm,1829 rpm,1896 rpm,1483 rpm,1400 rpm
2026-09-08 09:30:00,27.3 V,27.7 V,,26.9 V,26.7 V,27.7 V,27.2 V,27.0 V,27.2 V,27.2 V,27.2 V,1911 rpm,1880 rpm,,1842 rpm,1850 rpm,1822 rpm,1838 rpm,1873 rpm,1297 rpm,1864 rpm,1872 rpm
2026-09-08 10:00:00,27.3 V,27.7 V,,26.6 V,26.7 V,27.7 V,27.2 V,27.1 V,27.1 V,27.1 V,27.3 V,1873 rpm,1846 rpm,,1874 rpm,1861 rpm,1861 rpm,1836 rpm,1882 rpm,1840 rpm,1865 rpm,1864 rpm
2026-09-08 10:30:00,27.2 V,27.6 V,,26.7 V,27.1 V,27.7 V,27.3 V,27.0 V,27.1 V,27.0 V,27.2 V,1841 rpm,1868 rpm,,1832 rpm,1899 rpm,793 rpm,1833 rpm,1834 rpm,1826 rpm,1861 rpm,1873 rpm
2026-09-08 11:00:00,27.2 V,27.6 V,,26.4 V,27.2 V,27.7 V,27.2 V,27.1 V,27.1 V,27.0 V,27.4 V,1835 rpm,1874 rpm,,1900 rpm,1842 rpm,1868 rpm,1878 rpm,1850 rpm,1864 rpm,1896 rpm,1401 rpm
2026-09-08 11:30:00,27.1 V,27.7 V,,27.3 V,27.0 V,27.7 V,27.3 V,27.1 V,27.0 V,27.0 V,27.2 V,1879 rpm,1868 rpm,,1892 rpm,1897 rpm,1900 rpm,1889 rpm,1845 rpm,1858 rpm,1904 rpm,1841 rpm
2026-09-08 12:00:00,27.1 V,27.6 V,,26.8 V,26.7 V,27.7 V,27.3 V,27.1 V,27.0 V,26.9 V,27.2 V,1867 rpm,1852 rpm,,1857 rpm,1816 rpm,1876 rpm,1902 rpm,1850 rpm,1905 rpm,1894 rpm,1890 rpm
2026-09-08 12:30:00,27.2 V,27.6 V,,26.3 V,27.1 V,27.6 V,,26.9 V,27.1 V,27.1 V,27.3 V,1843 rpm,1863 rpm,,1853 rpm,1890 rpm,1866 rpm,,1841 rpm,1897 rpm,800 rpm,1400 rpm
2026-09-08 13:00:00,27.2 V,27.6 V,,27.2 V,27.2 V,25.7 V,27.2 V,26.9 V,27.1 V,27.0 V,27.2 V,0 rpm,1893 rpm,800 rpm,1879 rpm,800 rpm,425 rpm,1860 rpm,1871 rpm,1902 rpm,1847 rpm,1875 rpm
2026-09-08 13:30:00,,27.7 V,,26.9 V,26.7 V,27.7 V,27.2 V,26.9 V,27.1 V,27.0 V,27.2 V,,1840 rpm,,1863 rpm,1851 rpm,1805 rpm,1832 rpm,1833 rpm,1852 rpm,1857 rpm,1901 rpm
2026-09-08 14:00:00,27.1 V,27.6 V,,26.3 V,26.8 V,27.6 V,27.2 V,26.9 V,27.1 V,27.0 V,27.1 V,1857 rpm,1841 rpm,,1849 rpm,1856 rpm,1848 rpm,1871 rpm,1882 rpm,1889 rpm,1837 rpm,1900 rpm
2026-09-08 14:30:00,27.2 V,27.6 V,,24.6 V,26.9 V,27.6 V,27.2 V,27.0 V,27.1 V,26.9 V,27.1 V,1843 rpm,1899 rpm,,0 rpm,1840 rpm,1888 rpm,1899 rpm,1887 rpm,1714 rpm,1842 rpm,1895 rpm
2026-09-08 15:00:00,27.1 V,27.6 V,,25.3 V,27.3 V,27.6 V,27.2 V,27.0 V,27.5 V,26.9 V,27.2 V,1824 rpm,1845 rpm,,0 rpm,1847 rpm,1893 rpm,1904 rpm,1899 rpm,800 rpm,1852 rpm,1862 rpm
2026-09-08 15:30:00,27.2 V,27.6 V,,27.5 V,26.9 V,27.7 V,27.2 V,26.9 V,27.4 V,27.1 V,27.1 V,1878 rpm,1892 rpm,,0 rpm,1833 rpm,1860 rpm,1839 rpm,1860 rpm,800 rpm,800 rpm,1870 rpm
2026-09-08 16:00:00,27.2 V,27.6 V,,27.3 V,26.9 V,27.7 V,27.1 V,26.9 V,27.2 V,27.1 V,27.2 V,1840 rpm,1889 rpm,,801 rpm,1836 rpm,1881 rpm,1883 rpm,1823 rpm,800 rpm,1180 rpm,1843 rpm
2026-09-08 16:30:00,27.2 V,27.6 V,,26.9 V,27.1 V,27.8 V,27.2 V,27.0 V,27.0 V,27.0 V,27.1 V,1877 rpm,1842 rpm,,1399 rpm,1842 rpm,800 rpm,1897 rpm,1900 rpm,1893 rpm,1882 rpm,1838 rpm
2026-09-08 17:00:00,27.2 V,27.7 V,,26.7 V,27.3 V,27.7 V,27.2 V,27.0 V,27.0 V,27.1 V,27.4 V,800 rpm,1843 rpm,,1899 rpm,800 rpm,800 rpm,1842 rpm,1857 rpm,1837 rpm,1858 rpm,1830 rpm
2026-09-08 17:30:00,27.2 V,27.7 V,,27.0 V,27.2 V,27.7 V,23.9 V,26.9 V,27.4 V,25.6 V,27.3 V,1839 rpm,800 rpm,,1881 rpm,1901 rpm,1832 rpm,800 rpm,800 rpm,1864 rpm,0 rpm,801 rpm
2026-09-08 18:00:00,27.2 V,27.8 V,,26.6 V,26.5 V,27.7 V,27.2 V,27.2 V,,26.9 V,27.2 V,1400 rpm,1896 rpm,,1870 rpm,1830 rpm,1892 rpm,1837 rpm,800 rpm,1840 rpm,1848 rpm,1853 rpm
2026-09-08 18:30:00,27.1 V,27.8 V,,26.9 V,27.3 V,27.7 V,27.2 V,27.3 V,27.4 V,27.1 V,27.3 V,1887 rpm,1872 rpm,,1897 rpm,1823 rpm,1864 rpm,1864 rpm,799 rpm,800 rpm,1820 rpm,1900 rpm
2026-09-08 19:00:00,27.2 V,27.8 V,,26.8 V,27.4 V,27.6 V,27.2 V,27.2 V,27.4 V,27.3 V,27.3 V,1866 rpm,1872 rpm,,1901 rpm,801 rpm,1902 rpm,1838 rpm,1860 rpm,800 rpm,800 rpm,1837 rpm
2026-09-08 19:30:00,27.2 V,27.8 V,,27.0 V,27.0 V,27.7 V,27.3 V,27.3 V,27.3 V,27.3 V,27.3 V,1868 rpm,1900 rpm,,1869 rpm,1834 rpm,1707 rpm,1886 rpm,1825 rpm,800 rpm,800 rpm,1837 rpm
2026-09-08 20:00:00,27.2 V,27.8 V,,27.4 V,27.3 V,27.6 V,27.3 V,27.3 V,27.3 V,27.1 V,27.3 V,1842 rpm,1860 rpm,,1905 rpm,1852 rpm,1846 rpm,1904 rpm,1892 rpm,1850 rpm,1863 rpm,1883 rpm
2026-09-08 20:30:00,27.2 V,27.8 V,,26.9 V,26.9 V,27.6 V,27.2 V,27.2 V,27.5 V,27.1 V,27.3 V,1855 rpm,1400 rpm,,1886 rpm,1832 rpm,1889 rpm,1858 rpm,1844 rpm,798 rpm,1847 rpm,1908 rpm
2026-09-08 21:00:00,27.2 V,27.8 V,,27.1 V,27.0 V,27.7 V,27.3 V,27.3 V,27.3 V,27.2 V,27.3 V,1861 rpm,1834 rpm,,1863 rpm,1850 rpm,1878 rpm,1847 rpm,1839 rpm,1862 rpm,799 rpm,1849 rpm
2026-09-08 21:30:00,27.2 V,27.8 V,,26.6 V,27.2 V,27.7 V,27.2 V,27.3 V,27.5 V,27.2 V,27.3 V,1896 rpm,1847 rpm,,1852 rpm,1869 rpm,1893 rpm,1882 rpm,1838 rpm,800 rpm,1848 rpm,1897 rpm
2026-09-08 22:00:00,27.1 V,27.5 V,,27.3 V,27.0 V,27.6 V,27.2 V,27.3 V,27.6 V,27.3 V,27.3 V,1825 rpm,1865 rpm,,1400 rpm,1886 rpm,1896 rpm,1837 rpm,1892 rpm,799 rpm,800 rpm,1843 rpm
2026-09-08 22:30:00,27.2 V,27.8 V,,26.7 V,27.3 V,27.6 V,27.2 V,27.3 V,27.4 V,27.2 V,27.2 V,1857 rpm,1846 rpm,,1851 rpm,1868 rpm,1857 rpm,1833 rpm,1830 rpm,1850 rpm,1887 rpm,1826 rpm
2026-09-08 23:00:00,27.3 V,27.8 V,,26.3 V,26.8 V,27.6 V,27.3 V,27.2 V,27.2 V,27.1 V,27.3 V,800 rpm,1829 rpm,,1815 rpm,1905 rpm,799 rpm,1853 rpm,1899 rpm,1854 rpm,1871 rpm,1842 rpm
2026-09-08 23:30:00,27.4 V,27.8 V,,27.4 V,26.9 V,27.6 V,27.3 V,27.3 V,27.3 V,27.0 V,27.3 V,1849 rpm,1841 rpm,,1863 rpm,1839 rpm,1899 rpm,1891 rpm,1870 rpm,1878 rpm,1691 rpm,1830 rpm
2026-09-09 00:00:00,27.4 V,27.8 V,,27.0 V,25.7 V,27.6 V,27.3 V,27.3 V,27.2 V,27.3 V,27.2 V,1901 rpm,1845 rpm,,1835 rpm,800 rpm,1857 rpm,1870 rpm,1898 rpm,1839 rpm,800 rpm,1905 rpm
2026-09-09 00:30:00,,27.8 V,,26.5 V,27.3 V,27.6 V,27.3 V,27.3 V,27.5 V,27.2 V,27.3 V,0 rpm,1863 rpm,,1837 rpm,800 rpm,1894 rpm,1834 rpm,800 rpm,800 rpm,1872 rpm,1832 rpm
2026-09-09 01:00:00,,27.8 V,,26.5 V,,27.6 V,27.3 V,27.2 V,27.5 V,27.3 V,27.4 V,,1874 rpm,,1856 rpm,,1870 rpm,799 rpm,1905 rpm,800 rpm,1910 rpm,1399 rpm
2026-09-09 01:30:00,27.3 V,27.8 V,,26.4 V,,27.6 V,27.3 V,27.2 V,27.3 V,27.2 V,27.3 V,1868 rpm,1868 rpm,,1812 rpm,,1858 rpm,1844 rpm,1917 rpm,1838 rpm,1823 rpm,1872 rpm
2026-09-09 02:00:00,27.3 V,27.7 V,,27.1 V,,27.6 V,27.3 V,27.3 V,27.4 V,27.3 V,27.3 V,1866 rpm,1400 rpm,,1871 rpm,,1832 rpm,1911 rpm,1899 rpm,994 rpm,1844 rpm,1854 rpm
2026-09-09 02:30:00,27.3 V,27.7 V,,27.6 V,26.9 V,27.6 V,27.3 V,27.3 V,27.3 V,27.3 V,27.4 V,1852 rpm,0 rpm,,800 rpm,1858 rpm,1853 rpm,1891 rpm,1874 rpm,1901 rpm,1860 rpm,1400 rpm
2026-09-09 03:00:00,27.3 V,27.8 V,,27.5 V,,27.6 V,27.3 V,27.3 V,27.4 V,27.3 V,27.3 V,1882 rpm,1844 rpm,,801 rpm,,1831 rpm,1899 rpm,1842 rpm,1848 rpm,1401 rpm,1881 rpm
2026-09-09 03:30:00,27.3 V,27.8 V,,26.4 V,27.2 V,27.7 V,27.3 V,27.3 V,27.3 V,27.3 V,26.5 V,1850 rpm,800 rpm,,1829 rpm,1855 rpm,1400 rpm,1879 rpm,1891 rpm,1859 rpm,1870 rpm,800 rpm
2026-09-09 04:00:00,27.3 V,27.8 V,,26.9 V,27.3 V,27.6 V,27.3 V,27.3 V,27.2 V,27.3 V,27.3 V,1896 rpm,1400 rpm,,1901 rpm,800 rpm,1872 rpm,1837 rpm,1870 rpm,1819 rpm,1835 rpm,1906 rpm
2026-09-09 04:30:00,27.3 V,27.8 V,26.0 V,26.4 V,27.2 V,27.5 V,27.3 V,27.2 V,27.3 V,27.4 V,27.4 V,1842 rpm,1836 rpm,800 rpm,1875 rpm,1834 rpm,1867 rpm,1836 rpm,1839 rpm,1837 rpm,1400 rpm,1888 rpm
2026-09-09 05:00:00,27.3 V,27.8 V,,26.6 V,27.4 V,27.6 V,27.3 V,27.3 V,27.4 V,27.3 V,27.3 V,1904 rpm,1400 rpm,,1836 rpm,1859 rpm,1890 rpm,1838 rpm,1895 rpm,1840 rpm,1867 rpm,1832 rpm
2026-09-09 05:30:00,27.3 V,25.6 V,27.8 V,27.1 V,27.1 V,27.6 V,27.4 V,27.3 V,27.0 V,26.9 V,27.3 V,1899 rpm,0 rpm,800 rpm,1872 rpm,1831 rpm,1900 rpm,800 rpm,801 rpm,1773 rpm,1900 rpm,1910 rpm
2026-09-09 06:00:00,27.3 V,27.7 V,,26.7 V,27.0 V,27.7 V,27.3 V,27.3 V,27.2 V,27.0 V,27.3 V,1143 rpm,1855 rpm,,1900 rpm,1849 rpm,1824 rpm,1880 rpm,1893 rpm,1858 rpm,1898 rpm,1878 rpm
2026-09-09 06:30:00,27.3 V,27.9 V,,27.4 V,26.8 V,27.6 V,27.3 V,27.3 V,27.3 V,27.0 V,27.4 V,1881 rpm,1858 rpm,,801 rpm,1835 rpm,1836 rpm,1870 rpm,1847 rpm,1873 rpm,1899 rpm,1842 rpm
2026-09-09 07:00:00,27.2 V,27.8 V,,27.2 V,26.3 V,27.6 V,27.2 V,27.3 V,27.4 V,27.2 V,27.5 V,1836 rpm,1901 rpm,,800 rpm,1828 rpm,1859 rpm,1897 rpm,1900 rpm,1400 rpm,1855 rpm,1399 rpm
2026-09-09 07:30:00,27.3 V,27.9 V,,25.2 V,27.0 V,27.6 V,27.3 V,27.2 V,27.2 V,26.8 V,27.3 V,1902 rpm,1851 rpm,,0 rpm,1400 rpm,1847 rpm,1833 rpm,1863 rpm,1853 rpm,1863 rpm,1841 rpm
2026-09-09 08:00:00,27.4 V,27.8 V,,27.4 V,26.7 V,27.6 V,27.2 V,27.2 V,27.2 V,27.2 V,27.2 V,1846 rpm,1900 rpm,800 rpm,801 rpm,1834 rpm,1876 rpm,1898 rpm,1889 rpm,1903 rpm,1852 rpm,1882 rpm
2026-09-09 08:30:00,27.3 V,27.8 V,,26.7 V,27.2 V,27.6 V,27.2 V,27.2 V,27.2 V,27.0 V,27.1 V,1846 rpm,1909 rpm,,1840 rpm,1843 rpm,1882 rpm,1834 rpm,1843 rpm,1882 rpm,1898 rpm,1845 rpm
2026-09-09 09:00:00,27.3 V,27.8 V,,26.4 V,26.9 V,27.5 V,27.2 V,27.1 V,27.2 V,27.0 V,27.3 V,800 rpm,1842 rpm,,1860 rpm,1400 rpm,1886 rpm,1841 rpm,1882 rpm,1833 rpm,1902 rpm,1836 rpm
2026-09-09 09:30:00,27.2 V,27.8 V,,27.3 V,27.0 V,27.5 V,27.1 V,27.2 V,27.2 V,26.9 V,27.5 V,1885 rpm,1842 rpm,,799 rpm,1838 rpm,1897 rpm,1920 rpm,1903 rpm,1890 rpm,1852 rpm,1400 rpm
2026-09-09 10:00:00,27.2 V,27.8 V,27.6 V,26.1 V,26.4 V,27.2 V,27.2 V,27.2 V,27.1 V,27.0 V,27.3 V,1843 rpm,1869 rpm,800 rpm,1899 rpm,1832 rpm,1816 rpm,1901 rpm,1861 rpm,1894 rpm,1898 rpm,1829 rpm
2026-09-09 10:30:00,27.2 V,27.8 V,27.5 V,27.0 V,26.5 V,27.6 V,27.1 V,27.2 V,27.2 V,26.9 V,27.3 V,1909 rpm,1896 rpm,1844 rpm,1873 rpm,1838 rpm,800 rpm,1833 rpm,1890 rpm,1840 rpm,1901 rpm,1848 rpm
2026-09-09 11:00:00,27.3 V,27.8 V,27.4 V,26.3 V,26.7 V,27.6 V,27.3 V,27.1 V,27.2 V,27.0 V,27.3 V,1902 rpm,1865 rpm,800 rpm,1881 rpm,1819 rpm,1871 rpm,1866 rpm,1901 rpm,1839 rpm,1875 rpm,1400 rpm
2026-09-09 11:30:00,27.3 V,27.8 V,27.5 V,27.2 V,26.8 V,27.2 V,27.2 V,26.9 V,27.2 V,27.1 V,27.4 V,1866 rpm,1841 rpm,1885 rpm,1892 rpm,1401 rpm,1890 rpm,1889 rpm,800 rpm,1854 rpm,800 rpm,1400 rpm
2026-09-09 12:00:00,27.3 V,27.8 V,27.4 V,26.3 V,27.1 V,27.5 V,27.3 V,27.2 V,27.0 V,27.0 V,27.3 V,1846 rpm,1835 rpm,1847 rpm,1905 rpm,1400 rpm,1853 rpm,0 rpm,1837 rpm,1828 rpm,1833 rpm,1402 rpm
2026-09-09 12:30:00,27.2 V,27.8 V,27.5 V,26.3 V,26.4 V,27.5 V,27.3 V,27.2 V,27.2 V,26.9 V,27.2 V,1903 rpm,1895 rpm,1848 rpm,1858 rpm,1400 rpm,1871 rpm,1837 rpm,1815 rpm,1438 rpm,1850 rpm,1879 rpm
2026-09-09 13:00:00,27.3 V,27.8 V,27.5 V,26.2 V,26.9 V,27.5 V,27.1 V,27.2 V,27.2 V,27.0 V,27.3 V,1899 rpm,1863 rpm,1852 rpm,1853 rpm,1891 rpm,1862 rpm,1871 rpm,1545 rpm,1839 rpm,1838 rpm,1845 rpm
2026-09-09 13:30:00,27.2 V,27.7 V,27.5 V,27.2 V,,27.5 V,27.1 V,27.1 V,27.0 V,26.9 V,27.4 V,900 rpm,1856 rpm,1870 rpm,801 rpm,,1874 rpm,1888 rpm,1886 rpm,800 rpm,1891 rpm,800 rpm
2026-09-09 14:00:00,27.5 V,27.6 V,27.5 V,26.4 V,,27.5 V,27.1 V,27.1 V,27.0 V,26.8 V,27.4 V,801 rpm,1862 rpm,1838 rpm,1819 rpm,,800 rpm,1892 rpm,1898 rpm,800 rpm,1843 rpm,800 rpm
2026-09-09 14:30:00,,27.6 V,27.6 V,26.0 V,26.9 V,25.8 V,27.1 V,27.2 V,27.0 V,26.8 V,27.4 V,,1899 rpm,1691 rpm,1884 rpm,1887 rpm,800 rpm,1835 rpm,1400 rpm,1909 rpm,1400 rpm,800 rpm
2026-09-09 15:00:00,,27.0 V,27.5 V,26.5 V,26.9 V,27.5 V,27.1 V,27.2 V,26.9 V,26.8 V,27.2 V,,1903 rpm,1867 rpm,1842 rpm,1899 rpm,1863 rpm,1894 rpm,1863 rpm,1816 rpm,1841 rpm,1894 rpm
2026-09-09 15:30:00,,27.6 V,27.5 V,27.0 V,27.3 V,27.2 V,27.2 V,27.2 V,27.0 V,26.8 V,27.2 V,,1905 rpm,1400 rpm,1869 rpm,1400 rpm,1879 rpm,800 rpm,1869 rpm,1894 rpm,1902 rpm,1865 rpm
2026-09-09 16:00:00,27.5 V,27.6 V,27.5 V,27.2 V,27.1 V,27.5 V,26.9 V,27.2 V,27.0 V,26.8 V,27.1 V,800 rpm,1855 rpm,1896 rpm,800 rpm,1833 rpm,1875 rpm,1900 rpm,1887 rpm,1893 rpm,1865 rpm,1842 rpm
2026-09-09 16:30:00,27.3 V,27.6 V,27.6 V,27.1 V,26.9 V,27.5 V,27.3 V,27.2 V,27.0 V,27.2 V,27.2 V,1885 rpm,1399 rpm,1875 rpm,1837 rpm,1835 rpm,1860 rpm,1857 rpm,800 rpm,1860 rpm,1903 rpm,1869 rpm
2026-09-09 17:00:00,27.3 V,27.6 V,27.4 V,26.8 V,27.4 V,27.6 V,27.3 V,26.9 V,27.0 V,27.2 V,27.2 V,1871 rpm,1901 rpm,800 rpm,800 rpm,800 rpm,1901 rpm,1845 rpm,1901 rpm,1902 rpm,1869 rpm,1863 rpm
2026-09-09 17:30:00,27.2 V,27.7 V,27.6 V,27.0 V,27.3 V,27.6 V,27.2 V,27.2 V,27.0 V,25.5 V,27.2 V,1873 rpm,800 rpm,1903 rpm,1835 rpm,1853 rpm,1901 rpm,800 rpm,801 rpm,0 rpm,0 rpm,800 rpm
2026-09-09 18:00:00,26.8 V,27.8 V,27.6 V,26.3 V,27.3 V,27.6 V,27.4 V,27.2 V,27.2 V,27.0 V,27.2 V,1856 rpm,1843 rpm,1890 rpm,1860 rpm,1837 rpm,1400 rpm,1845 rpm,850 rpm,1876 rpm,1790 rpm,1902 rpm
2026-09-09 18:30:00,26.8 V,27.8 V,27.6 V,27.3 V,27.3 V,27.6 V,27.3 V,27.2 V,27.4 V,27.0 V,27.3 V,1900 rpm,1839 rpm,1837 rpm,1824 rpm,800 rpm,1823 rpm,1896 rpm,1855 rpm,800 rpm,1887 rpm,1885 rpm
2026-09-09 19:00:00,27.3 V,27.8 V,27.6 V,26.6 V,26.9 V,27.6 V,27.3 V,27.2 V,27.3 V,27.0 V,27.3 V,1869 rpm,1846 rpm,1811 rpm,1838 rpm,1892 rpm,1875 rpm,1897 rpm,800 rpm,1867 rpm,1908 rpm,1849 rpm
2026-09-09 19:30:00,27.3 V,27.8 V,27.6 V,26.5 V,27.4 V,27.6 V,24.7 V,27.2 V,27.5 V,27.1 V,27.4 V,1843 rpm,1858 rpm,800 rpm,1878 rpm,800 rpm,799 rpm,800 rpm,1839 rpm,800 rpm,1840 rpm,801 rpm
2026-09-09 20:00:00,27.3 V,27.8 V,27.6 V,27.0 V,27.0 V,27.8 V,27.3 V,27.2 V,27.4 V,27.0 V,27.3 V,1843 rpm,1888 rpm,1899 rpm,1817 rpm,1868 rpm,800 rpm,1854 rpm,800 rpm,1856 rpm,1899 rpm,1845 rpm
2026-09-09 20:30:00,27.3 V,27.7 V,27.5 V,27.1 V,27.1 V,27.8 V,27.3 V,27.2 V,27.3 V,27.3 V,27.5 V,800 rpm,1859 rpm,1400 rpm,1845 rpm,1816 rpm,1840 rpm,1866 rpm,1837 rpm,1877 rpm,800 rpm,1399 rpm
2026-09-09 21:00:00,27.4 V,27.7 V,27.5 V,26.4 V,25.7 V,27.7 V,27.4 V,27.2 V,27.2 V,27.2 V,27.3 V,1400 rpm,1870 rpm,1901 rpm,1906 rpm,0 rpm,1876 rpm,1877 rpm,1841 rpm,1860 rpm,1834 rpm,1849 rpm
2026-09-09 21:30:00,27.4 V,27.7 V,27.6 V,27.2 V,27.2 V,27.7 V,27.4 V,27.2 V,27.3 V,27.2 V,27.4 V,1401 rpm,1845 rpm,1879 rpm,1847 rpm,799 rpm,1866 rpm,1840 rpm,1838 rpm,1864 rpm,1850 rpm,1898 rpm
2026-09-09 22:00:00,27.3 V,27.7 V,27.5 V,26.7 V,26.7 V,27.6 V,27.4 V,27.3 V,27.3 V,27.2 V,27.3 V,1899 rpm,1872 rpm,1880 rpm,1885 rpm,1827 rpm,1877 rpm,1860 rpm,1880 rpm,1906 rpm,1844 rpm,1860 rpm
2026-09-09 22:30:00,27.3 V,27.8 V,27.6 V,27.5 V,27.4 V,27.7 V,27.4 V,27.2 V,27.3 V,27.1 V,27.3 V,1894 rpm,1849 rpm,1863 rpm,800 rpm,800 rpm,1871 rpm,1837 rpm,1837 rpm,1883 rpm,1837 rpm,1865 rpm
2026-09-09 23:00:00,27.3 V,27.8 V,27.6 V,26.7 V,27.4 V,27.7 V,27.3 V,24.4 V,27.0 V,27.2 V,27.4 V,1842 rpm,1855 rpm,1892 rpm,1844 rpm,1846 rpm,1854 rpm,1883 rpm,800 rpm,1837 rpm,1863 rpm,1843 rpm
2026-09-09 23:30:00,27.3 V,27.8 V,27.5 V,27.3 V,27.1 V,27.7 V,27.4 V,27.4 V,27.4 V,27.3 V,27.4 V,1871 rpm,1400 rpm,1881 rpm,1862 rpm,1870 rpm,1401 rpm,1889 rpm,800 rpm,1858 rpm,1836 rpm,1853 rpm
2026-09-10 00:00:00,27.2 V,27.8 V,27.6 V,27.2 V,27.1 V,27.8 V,27.3 V,27.2 V,27.4 V,27.2 V,27.3 V,800 rpm,800 rpm,1816 rpm,1841 rpm,1873 rpm,1400 rpm,1895 rpm,1905 rpm,1844 rpm,1893 rpm,1846 rpm
2026-09-10 00:30:00,27.7 V,,27.5 V,27.3 V,27.1 V,27.8 V,27.4 V,27.4 V,27.3 V,27.1 V,27.3 V,800 rpm,,1846 rpm,799 rpm,1887 rpm,1399 rpm,1845 rpm,1875 rpm,1840 rpm,1880 rpm,1896 rpm
2026-09-10 01:00:00,,28.0 V,27.5 V,27.8 V,27.3 V,27.8 V,27.3 V,27.4 V,27.5 V,27.1 V,27.3 V,1895 rpm,800 rpm,1840 rpm,799 rpm,1867 rpm,1864 rpm,1873 rpm,1814 rpm,800 rpm,1888 rpm,1848 rpm
2026-09-10 01:30:00,,27.9 V,25.6 V,27.7 V,27.0 V,27.7 V,27.4 V,27.3 V,27.4 V,27.4 V,27.3 V,,1904 rpm,0 rpm,800 rpm,1849 rpm,1890 rpm,1874 rpm,1833 rpm,1835 rpm,800 rpm,1893 rpm
2026-09-10 02:00:00,,27.9 V,,27.4 V,27.5 V,27.8 V,27.3 V,27.2 V,27.3 V,27.3 V,25.6 V,,1856 rpm,1879 rpm,1878 rpm,800 rpm,1883 rpm,1820 rpm,1866 rpm,1856 rpm,1400 rpm,799 rpm
2026-09-10 02:30:00,,27.8 V,27.5 V,27.5 V,27.9 V,27.7 V,27.4 V,27.2 V,27.5 V,27.3 V,27.4 V,,1401 rpm,1859 rpm,800 rpm,800 rpm,1813 rpm,1823 rpm,1876 rpm,800 rpm,0 rpm,1832 rpm
2026-09-10 03:00:00,,27.8 V,27.7 V,27.4 V,27.2 V,27.7 V,27.4 V,27.3 V,27.4 V,25.9 V,27.3 V,,1838 rpm,1902 rpm,799 rpm,1852 rpm,1835 rpm,1899 rpm,1823 rpm,1845 rpm,284 rpm,1893 rpm
2026-09-10 03:30:00,,27.8 V,27.6 V,27.0 V,27.5 V,27.7 V,27.4 V,27.3 V,27.4 V,25.8 V,27.3 V,,1803 rpm,1903 rpm,1845 rpm,800 rpm,1908 rpm,1867 rpm,1812 rpm,1855 rpm,,1904 rpm
2026-09-10 04:00:00,,27.8 V,27.7 V,27.2 V,27.2 V,27.7 V,27.4 V,27.3 V,27.3 V,27.2 V,27.2 V,,1839 rpm,1859 rpm,1860 rpm,1840 rpm,1888 rpm,800 rpm,799 rpm,1889 rpm,1400 rpm,1845 rpm
2026-09-10 04:30:00,,27.8 V,27.6 V,27.5 V,27.4 V,27.7 V,27.4 V,27.4 V,27.3 V,27.0 V,27.3 V,,1400 rpm,1872 rpm,799 rpm,1401 rpm,1901 rpm,1862 rpm,800 rpm,1871 rpm,1850 rpm,1875 rpm
2026-09-10 05:00:00,,27.8 V,27.6 V,27.6 V,27.5 V,27.7 V,27.4 V,27.4 V,27.3 V,27.0 V,27.4 V,,1870 rpm,800 rpm,800 rpm,800 rpm,801 rpm,1845 rpm,1839 rpm,1835 rpm,1888 rpm,1845 rpm
2026-09-10 05:30:00,,26.5 V,27.7 V,27.2 V,27.4 V,27.7 V,27.4 V,27.4 V,27.0 V,27.2 V,27.1 V,,1852 rpm,1908 rpm,1399 rpm,1400 rpm,1828 rpm,800 rpm,800 rpm,800 rpm,801 rpm,1864 rpm
2026-09-10 06:00:00,,27.8 V,27.6 V,26.7 V,27.0 V,27.7 V,27.4 V,27.4 V,27.2 V,27.3 V,27.2 V,,1865 rpm,1845 rpm,1908 rpm,1839 rpm,1843 rpm,1855 rpm,1815 rpm,1827 rpm,1857 rpm,1846 rpm
2026-09-10 06:30:00,,27.8 V,27.6 V,26.8 V,26.8 V,27.8 V,27.4 V,27.3 V,27.2 V,27.2 V,27.3 V,,1400 rpm,1900 rpm,1852 rpm,1878 rpm,1835 rpm,1843 rpm,1827 rpm,1851 rpm,1866 rpm,1400 rpm
2026-09-10 07:00:00,,27.8 V,27.6 V,27.1 V,27.0 V,27.7 V,27.4 V,27.3 V,27.1 V,27.4 V,27.2 V,,1854 rpm,1850 rpm,1400 rpm,1840 rpm,1865 rpm,1845 rpm,1851 rpm,1860 rpm,1862 rpm,1839 rpm
2026-09-10 07:30:00,,27.8 V,27.6 V,27.2 V,26.8 V,27.6 V,27.4 V,27.3 V,27.3 V,27.3 V,27.1 V,,1850 rpm,1896 rpm,1842 rpm,1890 rpm,1865 rpm,1899 rpm,1400 rpm,1867 rpm,1854 rpm,1842 rpm
2026-09-10 08:00:00,,27.8 V,27.6 V,26.0 V,26.9 V,27.6 V,27.3 V,27.3 V,27.2 V,27.4 V,27.0 V,,1902 rpm,1871 rpm,1848 rpm,1836 rpm,1827 rpm,1778 rpm,1862 rpm,1845 rpm,1401 rpm,1885 rpm
2026-09-10 08:30:00,,27.8 V,27.5 V,26.6 V,27.2 V,27.6 V,27.2 V,27.4 V,27.1 V,27.2 V,27.2 V,,1865 rpm,1861 rpm,1899 rpm,1840 rpm,1831 rpm,1869 rpm,1795 rpm,1903 rpm,1902 rpm,800 rpm
2026-09-10 09:00:00,27.3 V,27.8 V,27.6 V,26.8 V,26.8 V,27.6 V,27.3 V,27.2 V,27.1 V,27.2 V,27.1 V,810 rpm,1838 rpm,1837 rpm,1839 rpm,1835 rpm,1886 rpm,1842 rpm,1896 rpm,1838 rpm,1845 rpm,1900 rpm
2026-09-10 09:30:00,,27.7 V,27.5 V,27.1 V,27.0 V,27.6 V,27.3 V,27.3 V,27.0 V,27.1 V,27.1 V,,1856 rpm,1841 rpm,1859 rpm,1839 rpm,1892 rpm,1777 rpm,1880 rpm,1837 rpm,1887 rpm,1903 rpm
2026-09-10 10:00:00,,27.7 V,27.4 V,26.5 V,26.7 V,27.6 V,27.3 V,27.2 V,27.0 V,27.1 V,27.1 V,,1846 rpm,1809 rpm,1839 rpm,1860 rpm,1879 rpm,1834 rpm,1839 rpm,1848 rpm,1855 rpm,1858 rpm
2026-09-10 10:30:00,,27.7 V,27.5 V,27.2 V,26.6 V,27.6 V,27.3 V,27.2 V,27.2 V,27.1 V,27.0 V,,1881 rpm,1868 rpm,1898 rpm,1851 rpm,1861 rpm,1836 rpm,1883 rpm,1399 rpm,1901 rpm,1845 rpm
2026-09-10 11:00:00,,27.6 V,27.5 V,26.6 V,27.0 V,27.6 V,27.3 V,27.2 V,27.2 V,27.1 V,27.2 V,,800 rpm,1826 rpm,1861 rpm,1860 rpm,1838 rpm,1864 rpm,1853 rpm,1399 rpm,1846 rpm,1401 rpm
2026-09-10 11:30:00,,27.6 V,27.5 V,26.2 V,27.0 V,27.4 V,27.2 V,27.1 V,27.0 V,27.1 V,27.1 V,,1874 rpm,1810 rpm,1839 rpm,1899 rpm,1859 rpm,1861 rpm,1847 rpm,1860 rpm,1894 rpm,1857 rpm
2026-09-10 12:00:00,,27.7 V,27.4 V,26.6 V,26.4 V,27.4 V,27.2 V,27.2 V,26.9 V,27.2 V,27.1 V,,1841 rpm,1867 rpm,1813 rpm,1892 rpm,1889 rpm,1862 rpm,1842 rpm,1837 rpm,1400 rpm,800 rpm
2026-09-10 12:30:00,,27.7 V,27.4 V,27.0 V,27.0 V,27.5 V,27.2 V,27.2 V,26.9 V,27.1 V,27.0 V,,1847 rpm,1871 rpm,0 rpm,1400 rpm,1836 rpm,1846 rpm,800 rpm,1844 rpm,1899 rpm,1848 rpm
2026-09-10 13:00:00,,27.7 V,27.5 V,27.3 V,26.9 V,27.5 V,27.2 V,27.3 V,26.9 V,27.1 V,27.0 V,,1847 rpm,1884 rpm,1874 rpm,1871 rpm,1831 rpm,1898 rpm,1868 rpm,1854 rpm,1400 rpm,1880 rpm
2026-09-10 13:30:00,,27.6 V,27.2 V,26.9 V,27.2 V,27.5 V,27.2 V,27.2 V,26.7 V,27.0 V,27.0 V,,1891 rpm,1837 rpm,1848 rpm,800 rpm,1837 rpm,1899 rpm,1859 rpm,1862 rpm,1400 rpm,1901 rpm
2026-09-10 14:00:00,,27.6 V,27.5 V,26.7 V,27.2 V,25.5 V,27.2 V,27.2 V,26.6 V,26.8 V,26.9 V,,1863 rpm,1901 rpm,1873 rpm,1836 rpm,0 rpm,1901 rpm,1886 rpm,1860 rpm,1844 rpm,1846 rpm
2026-09-10 14:30:00,,27.6 V,27.5 V,27.1 V,26.5 V,27.5 V,27.2 V,26.9 V,26.5 V,27.0 V,26.8 V,,1853 rpm,1863 rpm,1836 rpm,1901 rpm,1899 rpm,800 rpm,1898 rpm,1900 rpm,1881 rpm,1892 rpm
2026-09-10 15:00:00,,27.6 V,27.5 V,25.3 V,27.2 V,27.5 V,27.2 V,27.2 V,26.9 V,27.0 V,26.9 V,,1841 rpm,1870 rpm,0 rpm,1830 rpm,1859 rpm,1838 rpm,1855 rpm,1857 rpm,1400 rpm,1885 rpm
2026-09-10 15:30:00,,27.6 V,27.4 V,27.2 V,27.0 V,27.6 V,27.2 V,27.2 V,,27.0 V,27.1 V,,1866 rpm,1855 rpm,1400 rpm,1898 rpm,1843 rpm,1859 rpm,1840 rpm,801 rpm,1887 rpm,1400 rpm
2026-09-10 16:00:00,,27.6 V,27.4 V,27.2 V,27.1 V,27.4 V,27.2 V,27.2 V,27.0 V,26.7 V,27.2 V,,1851 rpm,1900 rpm,1864 rpm,1867 rpm,800 rpm,1836 rpm,1887 rpm,1852 rpm,1892 rpm,1867 rpm
2026-09-10 16:30:00,,27.6 V,27.3 V,27.1 V,26.9 V,27.6 V,27.2 V,27.1 V,27.0 V,26.8 V,27.2 V,,1850 rpm,1900 rpm,1844 rpm,1888 rpm,1824 rpm,1838 rpm,1872 rpm,1841 rpm,799 rpm,1901 rpm
2026-09-10 17:00:00,,27.6 V,27.4 V,24.6 V,26.5 V,27.7 V,27.3 V,27.1 V,27.0 V,26.7 V,27.3 V,,1846 rpm,800 rpm,800 rpm,1893 rpm,1833 rpm,1896 rpm,1878 rpm,1866 rpm,1899 rpm,1400 rpm
2026-09-10 17:30:00,,27.3 V,27.5 V,26.7 V,27.0 V,27.3 V,27.6 V,27.2 V,27.1 V,27.0 V,25.4 V,,801 rpm,1881 rpm,1841 rpm,1839 rpm,1847 rpm,1900 rpm,800 rpm,1909 rpm,1900 rpm,0 rpm
2026-09-10 18:00:00,,27.8 V,27.5 V,27.0 V,26.4 V,27.6 V,27.5 V,27.2 V,27.1 V,26.6 V,27.4 V,,1896 rpm,1845 rpm,1842 rpm,1873 rpm,1865 rpm,800 rpm,1881 rpm,1849 rpm,1900 rpm,1400 rpm
2026-09-10 18:30:00,,27.8 V,27.5 V,26.2 V,26.7 V,27.6 V,,27.2 V,27.1 V,27.0 V,27.3 V,,1866 rpm,1400 rpm,1902 rpm,1845 rpm,1853 rpm,,1857 rpm,1842 rpm,1840 rpm,1871 rpm
2026-09-10 19:00:00,,26.4 V,27.5 V,27.0 V,26.3 V,27.6 V,,27.3 V,27.1 V,27.0 V,27.4 V,,0 rpm,1889 rpm,1856 rpm,1846 rpm,1832 rpm,,1879 rpm,1904 rpm,799 rpm,1399 rpm
2026-09-10 19:30:00,,,27.6 V,26.9 V,26.9 V,27.5 V,,27.2 V,26.9 V,27.0 V,27.3 V,,,1852 rpm,1857 rpm,1839 rpm,1874 rpm,,1853 rpm,1882 rpm,1844 rpm,1860 rpm
2026-09-10 20:00:00,,,27.5 V,27.0 V,26.0 V,27.6 V,27.4 V,27.3 V,27.0 V,27.1 V,27.2 V,,,1867 rpm,1841 rpm,1865 rpm,1836 rpm,1901 rpm,1899 rpm,1869 rpm,1896 rpm,1847 rpm
2026-09-10 20:30:00,,27.8 V,27.6 V,26.1 V,26.5 V,27.5 V,27.4 V,27.3 V,26.9 V,27.0 V,27.3 V,,1844 rpm,1110 rpm,1863 rpm,1828 rpm,1888 rpm,800 rpm,1898 rpm,1859 rpm,1855 rpm,1899 rpm
2026-09-10 21:00:00,,27.8 V,27.6 V,26.9 V,26.9 V,27.5 V,27.3 V,27.4 V,27.3 V,27.1 V,27.2 V,,1821 rpm,1843 rpm,1859 rpm,800 rpm,1888 rpm,1859 rpm,1839 rpm,1892 rpm,1849 rpm,1879 rpm
2026-09-10 21:30:00,,27.8 V,27.7 V,26.9 V,26.3 V,27.6 V,27.3 V,27.3 V,27.4 V,27.0 V,27.3 V,,1903 rpm,1401 rpm,1898 rpm,1834 rpm,1842 rpm,1849 rpm,1816 rpm,1399 rpm,1912 rpm,1864 rpm
2026-09-10 22:00:00,,27.8 V,27.6 V,26.8 V,26.1 V,27.5 V,27.2 V,27.3 V,27.2 V,27.0 V,27.5 V,,1902 rpm,801 rpm,1810 rpm,1868 rpm,1837 rpm,1867 rpm,1867 rpm,1848 rpm,1900 rpm,1400 rpm
2026-09-10 22:30:00,,27.8 V,27.6 V,27.2 V,26.8 V,27.5 V,27.3 V,25.8 V,27.3 V,27.0 V,27.5 V,,800 rpm,1401 rpm,1900 rpm,1400 rpm,1840 rpm,1840 rpm,0 rpm,1904 rpm,1884 rpm,1400 rpm
2026-09-10 23:00:00,,27.8 V,27.6 V,26.6 V,27.0 V,27.6 V,27.1 V,27.1 V,27.3 V,27.0 V,27.4 V,,1898 rpm,1842 rpm,1889 rpm,1857 rpm,945 rpm,1849 rpm,800 rpm,1844 rpm,1815 rpm,1901 rpm
2026-09-10 23:30:00,,27.8 V,27.6 V,26.2 V,27.2 V,27.6 V,27.2 V,,27.4 V,27.0 V,27.3 V,,1842 rpm,800 rpm,1846 rpm,800 rpm,1856 rpm,1840 rpm,,1842 rpm,1874 rpm,1844 rpm
2026-09-11 00:00:00,,27.8 V,27.5 V,26.7 V,,27.6 V,27.2 V,27.5 V,27.3 V,27.1 V,27.5 V,,1849 rpm,1847 rpm,1906 rpm,,1901 rpm,1827 rpm,1400 rpm,1870 rpm,1842 rpm,1842 rpm
2026-09-11 00:30:00,,27.8 V,27.6 V,26.2 V,26.9 V,27.6 V,27.2 V,27.3 V,27.2 V,26.0 V,27.5 V,,1868 rpm,1839 rpm,801 rpm,1851 rpm,1872 rpm,1899 rpm,1902 rpm,1846 rpm,1887 rpm,1899 rpm
2026-09-11 01:00:00,,27.8 V,27.5 V,26.1 V,26.9 V,27.6 V,27.2 V,27.5 V,27.2 V,,27.6 V,,1836 rpm,799 rpm,1867 rpm,1823 rpm,1865 rpm,1874 rpm,800 rpm,1869 rpm,,1401 rpm
2026-09-11 01:30:00,,26.7 V,27.6 V,27.0 V,27.0 V,27.5 V,27.2 V,27.4 V,27.2 V,27.3 V,27.5 V,,1882 rpm,1884 rpm,800 rpm,1837 rpm,1894 rpm,1835 rpm,1840 rpm,1834 rpm,801 rpm,1844 rpm
2026-09-11 02:00:00,,,27.6 V,26.7 V,27.4 V,27.6 V,27.3 V,27.4 V,27.2 V,27.2 V,27.6 V,,800 rpm,1861 rpm,1861 rpm,1837 rpm,1855 rpm,1869 rpm,1898 rpm,1842 rpm,1892 rpm,1400 rpm
2026-09-11 02:30:00,27.6 V,27.8 V,27.6 V,26.1 V,26.9 V,27.6 V,27.3 V,27.3 V,27.4 V,27.1 V,27.4 V,801 rpm,1843 rpm,1901 rpm,1898 rpm,1836 rpm,1828 rpm,1850 rpm,1879 rpm,1875 rpm,1868 rpm,1884 rpm
2026-09-11 03:00:00,25.6 V,27.8 V,27.6 V,27.2 V,27.1 V,27.6 V,27.2 V,27.4 V,27.3 V,27.1 V,27.4 V,800 rpm,1846 rpm,1847 rpm,1851 rpm,1903 rpm,801 rpm,1841 rpm,1867 rpm,1861 rpm,1874 rpm,1885 rpm
2026-09-11 03:30:00,27.3 V,27.8 V,27.6 V,26.2 V,26.6 V,27.6 V,27.2 V,27.4 V,27.5 V,27.1 V,27.6 V,1872 rpm,1856 rpm,1856 rpm,1853 rpm,1904 rpm,1903 rpm,1841 rpm,1829 rpm,1400 rpm,1844 rpm,799 rpm
2026-09-11 04:00:00,,27.8 V,27.6 V,26.2 V,26.9 V,27.7 V,27.2 V,27.3 V,27.2 V,27.2 V,27.4 V,800 rpm,1886 rpm,1862 rpm,1898 rpm,1906 rpm,1901 rpm,1898 rpm,1833 rpm,1843 rpm,1901 rpm,1846 rpm
2026-09-11 04:30:00,27.3 V,27.9 V,27.7 V,27.4 V,26.5 V,27.7 V,27.3 V,27.4 V,27.2 V,27.2 V,27.4 V,1894 rpm,1865 rpm,1863 rpm,800 rpm,1844 rpm,1902 rpm,1860 rpm,1868 rpm,1841 rpm,1866 rpm,1882 rpm
2026-09-11 05:00:00,27.4 V,27.8 V,27.6 V,27.2 V,27.2 V,27.7 V,27.2 V,27.3 V,27.3 V,27.2 V,27.3 V,1867 rpm,1897 rpm,1843 rpm,801 rpm,800 rpm,800 rpm,1841 rpm,1894 rpm,1845 rpm,1901 rpm,1899 rpm
2026-09-11 05:30:00,27.3 V,27.8 V,27.5 V,26.9 V,26.9 V,27.7 V,27.2 V,27.3 V,26.8 V,27.1 V,27.1 V,1896 rpm,800 rpm,1819 rpm,1851 rpm,1901 rpm,1841 rpm,1825 rpm,800 rpm,0 rpm,1895 rpm,1859 rpm
2026-09-11 06:00:00,27.3 V,27.8 V,27.6 V,26.3 V,27.1 V,27.7 V,27.2 V,27.2 V,27.0 V,27.2 V,27.2 V,801 rpm,1901 rpm,1869 rpm,1848 rpm,1838 rpm,1887 rpm,1884 rpm,1852 rpm,1836 rpm,1901 rpm,1849 rpm
2026-09-11 06:30:00,27.3 V,27.8 V,27.6 V,27.0 V,27.2 V,27.7 V,27.2 V,27.2 V,27.2 V,27.2 V,27.1 V,1844 rpm,1891 rpm,1833 rpm,1871 rpm,1834 rpm,1820 rpm,1827 rpm,1839 rpm,1399 rpm,1875 rpm,1851 rpm
2026-09-11 07:00:00,27.2 V,27.8 V,27.5 V,27.3 V,26.6 V,27.6 V,27.1 V,27.3 V,27.0 V,27.2 V,27.3 V,1845 rpm,1856 rpm,800 rpm,1400 rpm,1863 rpm,1901 rpm,1879 rpm,1844 rpm,1835 rpm,1903 rpm,1400 rpm
2026-09-11 07:30:00,27.3 V,27.8 V,27.6 V,27.0 V,27.1 V,27.6 V,27.3 V,27.2 V,27.1 V,27.1 V,27.1 V,1888 rpm,1869 rpm,1836 rpm,1400 rpm,1852 rpm,1822 rpm,1897 rpm,1897 rpm,1843 rpm,1903 rpm,1894 rpm
2026-09-11 08:00:00,27.3 V,27.8 V,27.5 V,26.2 V,26.5 V,27.6 V,27.2 V,27.2 V,27.0 V,27.2 V,27.0 V,1861 rpm,1872 rpm,1832 rpm,1857 rpm,1859 rpm,1883 rpm,1879 rpm,1891 rpm,1845 rpm,1901 rpm,1836 rpm
2026-09-11 08:30:00,27.3 V,27.8 V,27.5 V,26.4 V,27.1 V,27.6 V,27.5 V,27.2 V,27.2 V,27.2 V,27.1 V,800 rpm,1842 rpm,1836 rpm,1400 rpm,1899 rpm,1888 rpm,800 rpm,1860 rpm,1401 rpm,1864 rpm,1869 rpm
2026-09-11 09:00:00,27.3 V,27.8 V,26.6 V,26.7 V,27.0 V,27.6 V,,27.2 V,27.1 V,27.2 V,27.0 V,1901 rpm,1860 rpm,1901 rpm,1891 rpm,1840 rpm,1867 rpm,,1870 rpm,1832 rpm,1889 rpm,1836 rpm
2026-09-11 09:30:00,27.2 V,27.8 V,27.4 V,27.2 V,26.6 V,27.6 V,,27.2 V,26.9 V,27.1 V,27.1 V,1883 rpm,1870 rpm,799 rpm,1840 rpm,1894 rpm,1825 rpm,,1843 rpm,1835 rpm,1874 rpm,1835 rpm
2026-09-11 10:00:00,27.2 V,27.7 V,27.5 V,26.5 V,26.5 V,27.6 V,,27.2 V,27.0 V,27.0 V,27.1 V,1843 rpm,800 rpm,1842 rpm,1899 rpm,1901 rpm,1886 rpm,,1838 rpm,1873 rpm,1868 rpm,1841 rpm
2026-09-11 10:30:00,27.2 V,27.7 V,27.5 V,27.3 V,26.7 V,27.6 V,,27.2 V,27.0 V,26.9 V,27.1 V,1842 rpm,1890 rpm,1842 rpm,800 rpm,1901 rpm,1400 rpm,,1865 rpm,1869 rpm,1868 rpm,1834 rpm
2026-09-11 11:00:00,27.1 V,27.6 V,27.5 V,26.3 V,26.5 V,27.6 V,,27.1 V,27.0 V,26.9 V,27.1 V,1899 rpm,1887 rpm,1894 rpm,1858 rpm,1832 rpm,1400 rpm,800 rpm,1896 rpm,1841 rpm,1899 rpm,1839 rpm
2026-09-11 11:30:00,27.2 V,27.7 V,27.5 V,26.1 V,26.6 V,27.6 V,,27.1 V,26.9 V,27.0 V,27.1 V,1900 rpm,1885 rpm,1881 rpm,1861 rpm,1885 rpm,1885 rpm,,1839 rpm,1863 rpm,800 rpm,1842 rpm
2026-09-11 12:00:00,27.2 V,27.6 V,27.5 V,26.3 V,26.7 V,27.6 V,,27.1 V,27.0 V,26.9 V,27.0 V,1898 rpm,1841 rpm,801 rpm,1837 rpm,1882 rpm,1843 rpm,,1880 rpm,1884 rpm,1845 rpm,1926 rpm
2026-09-11 12:30:00,27.2 V,27.6 V,27.5 V,27.3 V,26.5 V,27.5 V,27.4 V,27.2 V,26.9 V,27.0 V,27.0 V,1894 rpm,1825 rpm,801 rpm,1883 rpm,1899 rpm,1900 rpm,1878 rpm,1881 rpm,1898 rpm,1901 rpm,1898 rpm
2026-09-11 13:00:00,27.2 V,27.6 V,27.5 V,26.7 V,26.4 V,27.2 V,27.2 V,27.1 V,26.9 V,26.8 V,27.2 V,1874 rpm,799 rpm,1851 rpm,0 rpm,1852 rpm,1896 rpm,1834 rpm,1900 rpm,1815 rpm,1837 rpm,1846 rpm
2026-09-11 13:30:00,27.1 V,27.6 V,27.5 V,26.7 V,26.9 V,27.6 V,27.2 V,27.2 V,26.9 V,26.4 V,27.2 V,1898 rpm,1827 rpm,1899 rpm,1843 rpm,1890 rpm,1854 rpm,1400 rpm,1834 rpm,1837 rpm,801 rpm,1867 rpm
2026-09-11 14:00:00,27.2 V,27.6 V,27.5 V,26.4 V,26.7 V,,27.1 V,27.3 V,27.0 V,27.0 V,27.2 V,1915 rpm,1872 rpm,1903 rpm,1902 rpm,1862 rpm,983 rpm,800 rpm,1400 rpm,1874 rpm,1900 rpm,1869 rpm
2026-09-11 14:30:00,27.1 V,27.6 V,27.4 V,26.9 V,26.1 V,27.5 V,27.1 V,27.2 V,27.0 V,26.9 V,27.2 V,1871 rpm,1842 rpm,1862 rpm,1906 rpm,1839 rpm,1868 rpm,1831 rpm,1835 rpm,1842 rpm,1861 rpm,1897 rpm
2026-09-11 15:00:00,27.1 V,27.6 V,27.5 V,27.0 V,26.2 V,27.6 V,27.1 V,27.3 V,25.6 V,26.9 V,27.2 V,1867 rpm,1846 rpm,1843 rpm,1854 rpm,1904 rpm,1900 rpm,1871 rpm,1399 rpm,303 rpm,1844 rpm,1846 rpm
2026-09-11 15:30:00,27.1 V,27.6 V,27.5 V,27.3 V,26.9 V,27.5 V,27.1 V,27.5 V,25.6 V,26.8 V,27.1 V,1877 rpm,1875 rpm,800 rpm,1860 rpm,1808 rpm,1903 rpm,1851 rpm,1399 rpm,0 rpm,1858 rpm,1854 rpm
2026-09-11 16:00:00,27.1 V,27.6 V,27.6 V,27.4 V,26.5 V,27.5 V,27.2 V,27.4 V,27.2 V,26.9 V,27.2 V,1899 rpm,1844 rpm,800 rpm,1891 rpm,1837 rpm,1841 rpm,1901 rpm,1834 rpm,1835 rpm,1900 rpm,1896 rpm
2026-09-11 16:30:00,27.1 V,27.6 V,27.5 V,27.0 V,26.5 V,27.6 V,27.2 V,27.0 V,27.1 V,27.0 V,27.2 V,1883 rpm,800 rpm,1833 rpm,1902 rpm,1883 rpm,1822 rpm,1830 rpm,1837 rpm,1844 rpm,1822 rpm,1872 rpm
2026-09-11 17:00:00,27.1 V,27.6 V,27.5 V,27.4 V,26.1 V,27.6 V,27.2 V,27.4 V,27.2 V,27.1 V,27.4 V,1477 rpm,1851 rpm,799 rpm,1823 rpm,1873 rpm,800 rpm,1835 rpm,1833 rpm,1400 rpm,1843 rpm,1853 rpm
2026-09-11 17:30:00,27.2 V,27.6 V,27.6 V,27.0 V,26.7 V,27.6 V,27.2 V,27.4 V,27.3 V,25.6 V,25.5 V,1908 rpm,1863 rpm,800 rpm,1869 rpm,1890 rpm,1908 rpm,800 rpm,800 rpm,799 rpm,847 rpm,0 rpm
2026-09-11 18:00:00,27.2 V,27.6 V,27.6 V,27.1 V,26.6 V,27.6 V,27.4 V,27.3 V,27.1 V,27.1 V,27.4 V,800 rpm,1901 rpm,1399 rpm,1862 rpm,1838 rpm,799 rpm,1867 rpm,1901 rpm,1893 rpm,800 rpm,1400 rpm
2026-09-11 18:30:00,27.2 V,27.7 V,27.6 V,27.1 V,26.9 V,27.6 V,27.3 V,27.0 V,27.2 V,27.3 V,27.5 V,1903 rpm,1898 rpm,1819 rpm,1870 rpm,1848 rpm,1836 rpm,1852 rpm,1868 rpm,1866 rpm,802 rpm,1399 rpm
2026-09-11 19:00:00,27.2 V,27.8 V,27.6 V,27.3 V,26.9 V,27.6 V,27.3 V,27.2 V,27.2 V,27.4 V,27.4 V,1882 rpm,1400 rpm,1400 rpm,1859 rpm,1835 rpm,1900 rpm,1893 rpm,1873 rpm,1845 rpm,1538 rpm,1401 rpm
2026-09-11 19:30:00,27.2 V,27.8 V,27.6 V,27.1 V,27.2 V,27.6 V,27.3 V,27.2 V,27.2 V,27.1 V,27.2 V,1853 rpm,1895 rpm,1873 rpm,1827 rpm,800 rpm,1911 rpm,1837 rpm,1897 rpm,1841 rpm,1896 rpm,1890 rpm
2026-09-11 20:00:00,27.2 V,27.8 V,27.5 V,27.0 V,25.8 V,27.7 V,27.3 V,27.2 V,27.2 V,27.1 V,27.3 V,1890 rpm,1866 rpm,1858 rpm,1876 rpm,800 rpm,1836 rpm,1838 rpm,1836 rpm,1870 rpm,1911 rpm,1882 rpm
2026-09-11 20:30:00,27.2 V,27.8 V,27.6 V,26.5 V,27.1 V,27.6 V,27.3 V,27.2 V,27.1 V,27.1 V,27.4 V,1902 rpm,1893 rpm,1896 rpm,1899 rpm,800 rpm,1848 rpm,1882 rpm,1884 rpm,1839 rpm,1883 rpm,1400 rpm
2026-09-11 21:00:00,27.1 V,27.8 V,27.5 V,27.1 V,26.5 V,27.6 V,27.3 V,27.3 V,27.3 V,27.1 V,27.4 V,1868 rpm,1902 rpm,1900 rpm,1896 rpm,1835 rpm,1902 rpm,1847 rpm,1880 rpm,1399 rpm,1905 rpm,1400 rpm
2026-09-11 21:30:00,27.2 V,27.8 V,27.6 V,27.1 V,26.8 V,27.6 V,27.4 V,27.3 V,27.2 V,26.8 V,27.3 V,800 rpm,1847 rpm,1835 rpm,1843 rpm,1896 rpm,1840 rpm,1835 rpm,1857 rpm,1901 rpm,1897 rpm,1846 rpm
2026-09-11 22:00:00,27.2 V,27.8 V,27.6 V,27.0 V,26.5 V,27.6 V,27.4 V,27.3 V,27.1 V,27.2 V,27.3 V,1856 rpm,1868 rpm,1401 rpm,1881 rpm,1827 rpm,1902 rpm,1862 rpm,1834 rpm,1871 rpm,1900 rpm,1904 rpm
2026-09-11 22:30:00,27.1 V,27.8 V,27.5 V,27.0 V,26.8 V,27.6 V,27.3 V,25.5 V,27.2 V,27.1 V,27.2 V,1879 rpm,1895 rpm,1841 rpm,1875 rpm,1907 rpm,1898 rpm,1896 rpm,0 rpm,1841 rpm,1858 rpm,1903 rpm
2026-09-11 23:00:00,27.2 V,27.8 V,27.6 V,27.0 V,26.7 V,27.6 V,27.3 V,27.3 V,27.2 V,27.1 V,27.4 V,1849 rpm,1844 rpm,1860 rpm,1841 rpm,1901 rpm,1839 rpm,1903 rpm,1400 rpm,1837 rpm,1901 rpm,1894 rpm
2026-09-11 23:30:00,27.2 V,27.8 V,27.6 V,27.3 V,27.2 V,27.6 V,27.3 V,27.3 V,27.2 V,27.1 V,27.4 V,1899 rpm,1400 rpm,1860 rpm,1875 rpm,1836 rpm,1851 rpm,1838 rpm,1851 rpm,1842 rpm,1866 rpm,1857 rpm
2026-09-12 00:00:00,27.2 V,27.8 V,27.6 V,27.0 V,25.6 V,27.6 V,27.3 V,27.3 V,27.3 V,26.9 V,27.4 V,1855 rpm,1860 rpm,1865 rpm,1900 rpm,0 rpm,1824 rpm,1871 rpm,1893 rpm,1401 rpm,1850 rpm,1866 rpm
2026-09-12 00:30:00,27.2 V,27.8 V,27.5 V,27.2 V,27.0 V,27.5 V,27.3 V,27.3 V,27.2 V,,27.3 V,1851 rpm,800 rpm,1883 rpm,1896 rpm,1855 rpm,1889 rpm,1862 rpm,1832 rpm,1889 rpm,,1868 rpm
2026-09-12 01:00:00,,27.8 V,25.6 V,26.8 V,27.2 V,27.6 V,27.3 V,27.2 V,27.3 V,,27.3 V,,801 rpm,0 rpm,1874 rpm,1890 rpm,1842 rpm,1882 rpm,1907 rpm,1837 rpm,,1883 rpm
2026-09-12 01:30:00,,27.5 V,27.6 V,26.6 V,26.8 V,27.6 V,27.4 V,27.3 V,27.3 V,27.2 V,27.3 V,,1901 rpm,1887 rpm,1891 rpm,1838 rpm,1868 rpm,800 rpm,1400 rpm,1894 rpm,1905 rpm,1866 rpm
2026-09-12 02:00:00,,27.7 V,27.6 V,27.5 V,27.0 V,27.5 V,,27.2 V,27.2 V,27.3 V,27.6 V,0 rpm,1868 rpm,1845 rpm,801 rpm,1837 rpm,1871 rpm,,800 rpm,1860 rpm,800 rpm,1400 rpm
2026-09-12 02:30:00,,27.7 V,27.7 V,28.2 V,26.9 V,27.5 V,,27.3 V,27.3 V,27.4 V,26.2 V,,800 rpm,1898 rpm,802 rpm,1861 rpm,1872 rpm,,1892 rpm,1869 rpm,801 rpm,801 rpm
2026-09-12 03:00:00,,27.8 V,27.7 V,27.7 V,27.3 V,27.6 V,27.4 V,27.3 V,27.3 V,27.3 V,27.1 V,,1902 rpm,1837 rpm,0 rpm,1841 rpm,1820 rpm,1835 rpm,1835 rpm,1897 rpm,800 rpm,1861 rpm
2026-09-12 03:30:00,,27.9 V,27.6 V,27.8 V,27.4 V,27.5 V,27.4 V,27.3 V,27.3 V,27.3 V,27.2 V,,1844 rpm,1902 rpm,,800 rpm,1901 rpm,1824 rpm,1830 rpm,1844 rpm,1896 rpm,1845 rpm
2026-09-12 04:00:00,,27.8 V,27.6 V,,27.3 V,27.5 V,27.4 V,27.3 V,27.3 V,27.3 V,27.4 V,,1902 rpm,1846 rpm,,1859 rpm,1832 rpm,1814 rpm,1840 rpm,1902 rpm,1898 rpm,1899 rpm
2026-09-12 04:30:00,,27.8 V,27.6 V,,26.7 V,27.6 V,27.4 V,27.3 V,27.5 V,27.2 V,27.4 V,,1844 rpm,1898 rpm,,1870 rpm,1904 rpm,1845 rpm,1399 rpm,1400 rpm,1904 rpm,1865 rpm
2026-09-12 05:00:00,,27.8 V,27.6 V,,27.3 V,27.6 V,27.4 V,27.3 V,27.4 V,27.2 V,27.3 V,,1891 rpm,800 rpm,,800 rpm,801 rpm,1822 rpm,1898 rpm,1399 rpm,1873 rpm,1856 rpm
2026-09-12 05:30:00,,25.7 V,27.3 V,,27.0 V,27.6 V,27.3 V,27.4 V,27.4 V,27.2 V,27.2 V,,0 rpm,1896 rpm,,1841 rpm,1802 rpm,801 rpm,1400 rpm,1401 rpm,1902 rpm,1882 rpm
2026-09-12 06:00:00,,27.4 V,27.6 V,,27.0 V,27.7 V,27.3 V,27.4 V,27.3 V,27.2 V,27.2 V,,1891 rpm,800 rpm,,1845 rpm,1400 rpm,1812 rpm,1861 rpm,1847 rpm,1841 rpm,1845 rpm
2026-09-12 06:30:00,,27.7 V,27.6 V,,26.8 V,27.6 V,27.3 V,27.4 V,27.3 V,27.2 V,27.2 V,,1880 rpm,1836 rpm,,1902 rpm,1835 rpm,1855 rpm,1867 rpm,1867 rpm,1848 rpm,1843 rpm
2026-09-12 07:00:00,,27.6 V,27.6 V,,27.4 V,27.7 V,27.4 V,27.3 V,27.2 V,27.2 V,27.3 V,,1880 rpm,1846 rpm,,799 rpm,1900 rpm,1880 rpm,1852 rpm,1892 rpm,1850 rpm,1399 rpm
2026-09-12 07:30:00,,27.7 V,27.5 V,,27.1 V,27.6 V,27.3 V,27.3 V,27.4 V,27.1 V,27.2 V,,1858 rpm,1894 rpm,,1888 rpm,1891 rpm,800 rpm,1866 rpm,800 rpm,1859 rpm,1864 rpm
2026-09-12 08:00:00,,27.7 V,27.6 V,,26.7 V,27.6 V,27.4 V,27.3 V,27.3 V,26.9 V,27.2 V,,1853 rpm,1903 rpm,,1862 rpm,1896 rpm,1400 rpm,1842 rpm,1852 rpm,1902 rpm,1842 rpm
2026-09-12 08:30:00,,27.7 V,27.5 V,,26.7 V,27.6 V,27.3 V,27.3 V,27.2 V,27.4 V,27.4 V,,800 rpm,800 rpm,,1891 rpm,1835 rpm,801 rpm,1836 rpm,1896 rpm,800 rpm,800 rpm
2026-09-12 09:00:00,,27.6 V,27.5 V,,26.7 V,27.6 V,27.3 V,27.3 V,27.1 V,27.4 V,27.3 V,,1843 rpm,1360 rpm,,1866 rpm,1400 rpm,1827 rpm,1400 rpm,1844 rpm,800 rpm,1400 rpm
2026-09-12 09:30:00,,27.7 V,27.6 V,,26.3 V,27.5 V,27.3 V,27.3 V,27.1 V,27.0 V,27.1 V,,1878 rpm,1805 rpm,,1863 rpm,1897 rpm,1866 rpm,1846 rpm,1837 rpm,1899 rpm,1841 rpm
2026-09-12 10:00:00,27.2 V,27.7 V,27.5 V,,27.1 V,27.6 V,27.3 V,27.3 V,27.2 V,27.1 V,27.2 V,1874 rpm,800 rpm,1834 rpm,,800 rpm,1860 rpm,1834 rpm,1814 rpm,800 rpm,1890 rpm,1400 rpm
2026-09-12 10:30:00,27.3 V,27.7 V,27.4 V,,26.9 V,27.5 V,27.3 V,27.3 V,27.0 V,27.2 V,27.3 V,1858 rpm,1898 rpm,1835 rpm,,1837 rpm,1860 rpm,1899 rpm,1839 rpm,1866 rpm,800 rpm,1400 rpm
2026-09-12 11:00:00,27.2 V,27.8 V,27.5 V,,27.0 V,27.6 V,27.3 V,27.3 V,27.2 V,27.2 V,27.3 V,1844 rpm,1905 rpm,1798 rpm,,1836 rpm,1839 rpm,800 rpm,1905 rpm,1889 rpm,1838 rpm,1853 rpm
2026-09-12 11:30:00,26.8 V,27.7 V,27.5 V,,26.6 V,27.1 V,27.3 V,27.2 V,27.1 V,27.3 V,27.1 V,1898 rpm,1842 rpm,1872 rpm,,1861 rpm,1867 rpm,1835 rpm,1400 rpm,1897 rpm,801 rpm,1848 rpm
2026-09-12 12:00:00,26.8 V,27.7 V,27.4 V,,27.1 V,,27.3 V,27.3 V,27.1 V,27.1 V,27.4 V,1894 rpm,801 rpm,1899 rpm,,1838 rpm,,800 rpm,1839 rpm,1874 rpm,1897 rpm,1400 rpm
2026-09-12 12:30:00,27.3 V,27.7 V,27.5 V,,26.9 V,27.6 V,27.4 V,27.0 V,27.1 V,27.1 V,27.2 V,1900 rpm,1898 rpm,1883 rpm,,1845 rpm,1821 rpm,1852 rpm,1885 rpm,801 rpm,1844 rpm,1846 rpm
2026-09-12 13:00:00,,27.7 V,27.5 V,,26.6 V,27.5 V,27.4 V,27.3 V,27.0 V,26.7 V,27.3 V,,1846 rpm,1899 rpm,,1882 rpm,1855 rpm,1839 rpm,1899 rpm,1851 rpm,1822 rpm,1398 rpm
2026-09-12 13:30:00,27.3 V,27.7 V,27.5 V,27.5 V,27.2 V,27.6 V,27.3 V,27.3 V,27.1 V,26.9 V,27.2 V,1893 rpm,1898 rpm,1841 rpm,0 rpm,800 rpm,1902 rpm,1821 rpm,1884 rpm,1898 rpm,1837 rpm,1900 rpm
2026-09-12 14:00:00,27.2 V,27.6 V,27.5 V,,27.2 V,,27.3 V,27.3 V,27.2 V,27.0 V,27.2 V,1886 rpm,1892 rpm,1863 rpm,,799 rpm,1820 rpm,1882 rpm,1840 rpm,1845 rpm,1878 rpm,1872 rpm
2026-09-12 14:30:00,27.2 V,27.6 V,27.5 V,,27.2 V,,27.3 V,27.3 V,27.0 V,27.0 V,27.1 V,1855 rpm,800 rpm,1911 rpm,,800 rpm,,1839 rpm,1826 rpm,1850 rpm,1870 rpm,1865 rpm
2026-09-12 15:00:00,27.2 V,27.7 V,27.5 V,,27.2 V,,27.3 V,27.3 V,27.1 V,27.0 V,27.3 V,1890 rpm,1906 rpm,1861 rpm,,1858 rpm,,1836 rpm,1887 rpm,1877 rpm,1899 rpm,1400 rpm
2026-09-12 15:30:00,27.3 V,27.8 V,27.6 V,,27.2 V,,27.4 V,27.2 V,26.9 V,27.1 V,27.3 V,1865 rpm,1846 rpm,1901 rpm,,1847 rpm,,1900 rpm,1822 rpm,1840 rpm,1855 rpm,1400 rpm
2026-09-12 16:00:00,27.2 V,27.7 V,27.6 V,,26.9 V,,27.3 V,27.3 V,27.0 V,27.2 V,27.2 V,1832 rpm,1898 rpm,1762 rpm,,1839 rpm,,1878 rpm,1909 rpm,1836 rpm,1844 rpm,1400 rpm
2026-09-12 16:30:00,27.2 V,27.7 V,27.5 V,,26.8 V,,27.3 V,27.3 V,27.1 V,27.2 V,27.3 V,1838 rpm,1859 rpm,981 rpm,,1859 rpm,,1868 rpm,1399 rpm,1888 rpm,1856 rpm,1401 rpm
2026-09-12 17:00:00,27.2 V,27.7 V,27.5 V,,26.8 V,,27.3 V,27.3 V,27.1 V,27.1 V,27.2 V,800 rpm,799 rpm,799 rpm,,800 rpm,,1848 rpm,1628 rpm,1846 rpm,1896 rpm,1840 rpm
2026-09-12 17:30:00,27.2 V,25.4 V,27.6 V,,27.1 V,,27.2 V,27.3 V,27.0 V,26.0 V,25.4 V,800 rpm,1840 rpm,1866 rpm,,1900 rpm,,800 rpm,1842 rpm,1859 rpm,1896 rpm,800 rpm
2026-09-12 18:00:00,27.3 V,27.8 V,27.6 V,,27.4 V,,27.3 V,27.3 V,27.3 V,27.2 V,27.1 V,1861 rpm,1863 rpm,1846 rpm,,800 rpm,,1844 rpm,1901 rpm,1836 rpm,1844 rpm,1897 rpm
2026-09-12 18:30:00,27.2 V,27.7 V,27.5 V,,26.9 V,,27.2 V,27.3 V,27.3 V,27.2 V,27.2 V,1887 rpm,1908 rpm,1860 rpm,,1829 rpm,,1899 rpm,1850 rpm,1400 rpm,1844 rpm,1868 rpm
2026-09-12 19:00:00,27.3 V,27.8 V,27.5 V,,25.7 V,,27.3 V,27.3 V,27.2 V,27.2 V,27.2 V,1897 rpm,1851 rpm,1839 rpm,,0 rpm,,1841 rpm,1840 rpm,1867 rpm,1898 rpm,1900 rpm
2026-09-12 19:30:00,27.2 V,27.8 V,27.5 V,,27.0 V,,27.3 V,27.3 V,27.4 V,27.4 V,27.1 V,1862 rpm,1898 rpm,1850 rpm,,1841 rpm,,1861 rpm,1877 rpm,1401 rpm,800 rpm,1841 rpm
2026-09-12 20:00:00,27.1 V,27.8 V,27.5 V,,26.8 V,,27.2 V,27.3 V,27.3 V,27.4 V,27.0 V,1860 rpm,1857 rpm,1886 rpm,,1866 rpm,,1871 rpm,1836 rpm,1875 rpm,1872 rpm,1875 rpm
2026-09-12 20:30:00,27.2 V,27.8 V,27.5 V,,26.8 V,,27.2 V,27.3 V,27.3 V,27.2 V,27.1 V,1874 rpm,1846 rpm,1844 rpm,,1873 rpm,,1849 rpm,1836 rpm,1806 rpm,1864 rpm,1866 rpm
2026-09-12 21:00:00,27.2 V,27.8 V,27.6 V,,27.1 V,,27.3 V,27.3 V,27.3 V,27.3 V,27.2 V,1870 rpm,1870 rpm,1838 rpm,,1902 rpm,,1849 rpm,1400 rpm,1891 rpm,1845 rpm,1906 rpm
2026-09-12 21:30:00,27.3 V,27.8 V,27.6 V,,26.4 V,,27.2 V,27.3 V,27.3 V,27.3 V,27.1 V,1888 rpm,1870 rpm,1870 rpm,,1885 rpm,,1854 rpm,1837 rpm,1868 rpm,1843 rpm,1902 rpm
2026-09-12 22:00:00,27.3 V,27.8 V,27.5 V,,27.3 V,,27.3 V,27.2 V,27.5 V,27.5 V,27.2 V,1896 rpm,1880 rpm,1879 rpm,,1902 rpm,,1897 rpm,1900 rpm,1401 rpm,800 rpm,1848 rpm
2026-09-12 22:30:00,27.3 V,27.8 V,27.6 V,,27.0 V,,27.3 V,27.3 V,27.3 V,27.2 V,27.2 V,1824 rpm,1843 rpm,1839 rpm,,1841 rpm,,1880 rpm,1831 rpm,1856 rpm,1899 rpm,1889 rpm
2026-09-12 23:00:00,27.3 V,27.8 V,27.6 V,,27.2 V,,27.3 V,27.3 V,27.3 V,27.2 V,27.1 V,1890 rpm,1883 rpm,1901 rpm,,1890 rpm,,1872 rpm,1900 rpm,1850 rpm,1872 rpm,1904 rpm
2026-09-12 23:30:00,27.3 V,27.8 V,27.5 V,,27.0 V,,27.3 V,27.3 V,27.2 V,27.3 V,27.3 V,1894 rpm,1863 rpm,800 rpm,,1902 rpm,,800 rpm,1863 rpm,1822 rpm,1873 rpm,1858 rpm
2026-09-13 00:00:00,27.4 V,27.8 V,27.6 V,,27.2 V,,27.3 V,27.4 V,27.3 V,26.9 V,27.1 V,800 rpm,1850 rpm,1895 rpm,,1904 rpm,,801 rpm,1831 rpm,1873 rpm,800 rpm,1868 rpm
2026-09-13 00:30:00,27.4 V,27.8 V,25.8 V,,27.2 V,,27.3 V,27.3 V,27.3 V,27.2 V,27.1 V,1857 rpm,1888 rpm,800 rpm,,1380 rpm,,1889 rpm,1843 rpm,1890 rpm,1900 rpm,1868 rpm
2026-09-13 01:00:00,27.3 V,27.8 V,27.5 V,,27.2 V,,27.4 V,26.1 V,27.3 V,27.2 V,25.4 V,1900 rpm,1840 rpm,800 rpm,,1894 rpm,,1877 rpm,800 rpm,1842 rpm,1897 rpm,0 rpm
2026-09-13 01:30:00,27.3 V,27.8 V,27.4 V,,27.1 V,,27.3 V,27.3 V,27.2 V,27.1 V,26.9 V,1822 rpm,1833 rpm,1854 rpm,,1499 rpm,,1808 rpm,800 rpm,1843 rpm,1846 rpm,800 rpm
2026-09-13 02:00:00,27.3 V,27.8 V,27.5 V,,27.0 V,,27.3 V,27.3 V,27.3 V,27.3 V,27.3 V,1851 rpm,1844 rpm,1848 rpm,,1869 rpm,,1870 rpm,1870 rpm,1888 rpm,1412 rpm,1843 rpm
2026-09-13 02:30:00,27.2 V,27.7 V,27.5 V,,27.0 V,,27.3 V,27.3 V,27.3 V,27.1 V,27.2 V,1861 rpm,1882 rpm,1849 rpm,,1897 rpm,,1835 rpm,1852 rpm,1844 rpm,1846 rpm,800 rpm
2026-09-13 03:00:00,27.3 V,,27.5 V,,27.1 V,,27.2 V,27.3 V,27.5 V,27.2 V,27.3 V,1861 rpm,800 rpm,1835 rpm,,1901 rpm,,1903 rpm,1892 rpm,799 rpm,1837 rpm,1871 rpm
2026-09-13 03:30:00,27.3 V,27.8 V,27.5 V,,27.3 V,,27.3 V,27.3 V,27.3 V,27.2 V,27.4 V,1863 rpm,1874 rpm,1864 rpm,,1872 rpm,,1847 rpm,1903 rpm,1899 rpm,1870 rpm,1898 rpm
2026-09-13 04:00:00,27.3 V,27.9 V,27.5 V,,27.3 V,,27.3 V,27.4 V,27.3 V,27.2 V,27.3 V,1904 rpm,801 rpm,801 rpm,,1891 rpm,,1847 rpm,1831 rpm,1849 rpm,1880 rpm,1837 rpm
2026-09-13 04:30:00,27.3 V,27.9 V,27.5 V,,27.4 V,,27.3 V,27.4 V,27.4 V,27.2 V,27.4 V,1900 rpm,801 rpm,800 rpm,,1838 rpm,,1837 rpm,1872 rpm,1868 rpm,1849 rpm,1400 rpm
2026-09-13 05:00:00,27.2 V,27.8 V,27.5 V,,27.3 V,,27.3 V,27.3 V,27.2 V,27.2 V,27.2 V,800 rpm,1865 rpm,1900 rpm,,799 rpm,,1876 rpm,1816 rpm,1901 rpm,1896 rpm,1885 rpm
2026-09-13 05:30:00,27.3 V,27.6 V,27.6 V,,27.1 V,,27.2 V,27.3 V,27.2 V,27.3 V,27.3 V,800 rpm,800 rpm,1856 rpm,,1837 rpm,,800 rpm,801 rpm,1891 rpm,800 rpm,1903 rpm
2026-09-13 06:00:00,27.3 V,27.7 V,27.6 V,,27.4 V,,27.3 V,27.3 V,27.2 V,27.2 V,27.4 V,1911 rpm,1847 rpm,1861 rpm,,1840 rpm,,1853 rpm,1400 rpm,1854 rpm,1834 rpm,1400 rpm
2026-09-13 06:30:00,27.3 V,27.7 V,27.5 V,,27.3 V,,27.3 V,27.3 V,27.3 V,27.1 V,27.2 V,1722 rpm,1903 rpm,1055 rpm,,1804 rpm,,1903 rpm,1894 rpm,1862 rpm,1843 rpm,1898 rpm
2026-09-13 07:00:00,27.3 V,27.7 V,27.6 V,,26.9 V,,27.2 V,27.2 V,27.5 V,27.1 V,27.3 V,1852 rpm,1852 rpm,1171 rpm,,1864 rpm,,1836 rpm,1899 rpm,800 rpm,1901 rpm,1400 rpm
2026-09-13 07:30:00,27.2 V,27.7 V,27.6 V,,27.1 V,,27.1 V,27.3 V,27.3 V,27.1 V,27.3 V,1864 rpm,1902 rpm,970 rpm,,1841 rpm,,1847 rpm,1840 rpm,1851 rpm,1842 rpm,1896 rpm
2026-09-13 08:00:00,27.2 V,27.6 V,27.6 V,,26.9 V,,27.2 V,27.3 V,27.2 V,27.1 V,27.4 V,800 rpm,1921 rpm,1844 rpm,,1837 rpm,,1843 rpm,1844 rpm,1865 rpm,1882 rpm,1876 rpm
2026-09-13 08:30:00,27.3 V,27.6 V,27.5 V,,26.5 V,,27.1 V,27.2 V,27.3 V,27.0 V,27.5 V,1811 rpm,1880 rpm,1849 rpm,,1831 rpm,,1830 rpm,1895 rpm,1903 rpm,1861 rpm,799 rpm
2026-09-13 09:00:00,27.2 V,27.7 V,27.5 V,,26.7 V,,27.1 V,27.2 V,26.9 V,27.3 V,27.4 V,1855 rpm,1840 rpm,1861 rpm,,1857 rpm,,800 rpm,1902 rpm,1872 rpm,800 rpm,1400 rpm
2026-09-13 09:30:00,27.2 V,27.6 V,27.4 V,,26.5 V,,27.2 V,27.2 V,27.2 V,27.1 V,27.5 V,1863 rpm,1900 rpm,1910 rpm,,1854 rpm,,1848 rpm,1842 rpm,1899 rpm,1867 rpm,800 rpm
2026-09-13 10:00:00,27.2 V,27.6 V,27.4 V,,26.4 V,,27.2 V,27.2 V,27.3 V,27.1 V,27.3 V,1857 rpm,1878 rpm,1818 rpm,,1891 rpm,,1836 rpm,1865 rpm,1844 rpm,1888 rpm,1874 rpm
2026-09-13 10:30:00,27.2 V,27.6 V,27.5 V,,26.7 V,,27.2 V,27.2 V,27.2 V,27.1 V,27.3 V,1868 rpm,1910 rpm,1906 rpm,,1872 rpm,,1824 rpm,800 rpm,1899 rpm,1838 rpm,1845 rpm
2026-09-13 11:00:00,27.2 V,27.7 V,27.4 V,,26.5 V,,27.2 V,27.2 V,27.2 V,27.1 V,27.2 V,1860 rpm,1848 rpm,1893 rpm,,1837 rpm,,1849 rpm,1864 rpm,1837 rpm,1668 rpm,1833 rpm
2026-09-13 11:30:00,27.2 V,27.7 V,27.4 V,,27.1 V,,27.3 V,27.2 V,27.1 V,27.0 V,27.2 V,1400 rpm,1878 rpm,1830 rpm,,801 rpm,,800 rpm,1811 rpm,1859 rpm,1864 rpm,1881 rpm
2026-09-13 12:00:00,27.2 V,27.7 V,27.4 V,,26.5 V,,27.3 V,27.2 V,27.2 V,26.9 V,27.2 V,1877 rpm,1842 rpm,1897 rpm,,1830 rpm,,1572 rpm,1399 rpm,1901 rpm,1902 rpm,1842 rpm
2026-09-13 12:30:00,27.2 V,27.7 V,27.0 V,,26.4 V,,27.2 V,25.9 V,27.2 V,26.9 V,27.3 V,1906 rpm,965 rpm,1883 rpm,,1904 rpm,,1848 rpm,1840 rpm,1877 rpm,801 rpm,1901 rpm
2026-09-13 13:00:00,27.2 V,27.7 V,27.4 V,,26.5 V,,27.2 V,27.2 V,27.2 V,26.7 V,27.1 V,1859 rpm,1871 rpm,1881 rpm,,1867 rpm,,1892 rpm,1847 rpm,800 rpm,800 rpm,1911 rpm
2026-09-13 13:30:00,27.2 V,27.7 V,27.3 V,,26.7 V,27.6 V,27.2 V,27.2 V,27.3 V,26.9 V,27.3 V,1855 rpm,1890 rpm,799 rpm,,1836 rpm,1401 rpm,1821 rpm,1828 rpm,1838 rpm,1866 rpm,1399 rpm
2026-09-13 14:00:00,27.2 V,27.7 V,27.4 V,,27.1 V,27.5 V,27.0 V,27.2 V,27.1 V,26.9 V,27.2 V,1891 rpm,1876 rpm,1853 rpm,,800 rpm,1889 rpm,1833 rpm,1860 rpm,1825 rpm,1855 rpm,1894 rpm
2026-09-13 14:30:00,27.3 V,27.7 V,27.4 V,,27.2 V,27.5 V,27.2 V,27.2 V,27.2 V,26.9 V,27.2 V,1887 rpm,1851 rpm,1882 rpm,,1835 rpm,1848 rpm,1833 rpm,800 rpm,1851 rpm,1892 rpm,1862 rpm
2026-09-13 15:00:00,27.2 V,27.7 V,27.4 V,,26.4 V,27.6 V,27.2 V,26.9 V,27.3 V,27.0 V,27.3 V,1873 rpm,1891 rpm,1849 rpm,,1898 rpm,1849 rpm,1898 rpm,1845 rpm,1880 rpm,1855 rpm,1861 rpm
2026-09-13 15:30:00,27.2 V,27.6 V,27.3 V,,27.1 V,27.6 V,27.2 V,27.2 V,27.1 V,26.9 V,27.2 V,1756 rpm,1833 rpm,1839 rpm,,800 rpm,1891 rpm,1874 rpm,1889 rpm,1861 rpm,1868 rpm,1841 rpm
2026-09-13 16:00:00,27.2 V,27.6 V,27.4 V,,26.5 V,25.9 V,27.3 V,27.3 V,27.2 V,27.1 V,27.3 V,1901 rpm,1899 rpm,1875 rpm,,1826 rpm,0 rpm,1849 rpm,1898 rpm,1897 rpm,1861 rpm,1898 rpm
2026-09-13 16:30:00,27.2 V,27.6 V,27.1 V,,26.7 V,27.5 V,27.2 V,27.2 V,27.0 V,27.1 V,27.2 V,1835 rpm,800 rpm,1893 rpm,,1898 rpm,1894 rpm,1819 rpm,1864 rpm,1855 rpm,1858 rpm,1898 rpm
2026-09-13 17:00:00,27.2 V,27.7 V,27.3 V,,27.4 V,27.7 V,27.2 V,27.2 V,27.3 V,27.2 V,27.2 V,799 rpm,1885 rpm,1844 rpm,,800 rpm,963 rpm,1815 rpm,1886 rpm,1899 rpm,1872 rpm,1862 rpm
2026-09-13 17:30:00,27.3 V,27.6 V,27.4 V,,27.3 V,27.6 V,23.5 V,27.2 V,27.0 V,26.9 V,27.0 V,1839 rpm,0 rpm,799 rpm,,1849 rpm,1887 rpm,800 rpm,800 rpm,0 rpm,0 rpm,0 rpm
2026-09-13 18:00:00,27.2 V,27.7 V,27.4 V,,27.2 V,27.6 V,27.3 V,27.3 V,27.2 V,26.9 V,27.1 V,1890 rpm,1875 rpm,1868 rpm,,1826 rpm,1400 rpm,1901 rpm,1866 rpm,1840 rpm,1852 rpm,1834 rpm
2026-09-13 18:30:00,27.2 V,27.8 V,27.4 V,,26.5 V,27.6 V,27.2 V,27.2 V,27.2 V,27.0 V,27.2 V,1902 rpm,1894 rpm,1868 rpm,,1835 rpm,1860 rpm,1842 rpm,1400 rpm,1843 rpm,1838 rpm,1916 rpm
2026-09-13 19:00:00,27.2 V,27.7 V,27.4 V,,26.9 V,27.6 V,27.2 V,27.3 V,27.2 V,27.0 V,27.2 V,1900 rpm,1898 rpm,1867 rpm,,1901 rpm,1859 rpm,1898 rpm,1902 rpm,1840 rpm,1874 rpm,1830 rpm
2026-09-13 19:30:00,27.1 V,27.7 V,27.5 V,,26.5 V,27.6 V,27.3 V,27.2 V,27.2 V,26.9 V,27.3 V,1902 rpm,1848 rpm,800 rpm,,1835 rpm,1849 rpm,1894 rpm,1886 rpm,1842 rpm,1844 rpm,1858 rpm
2026-09-13 20:00:00,27.1 V,27.7 V,27.4 V,,27.2 V,27.6 V,27.3 V,27.3 V,27.4 V,26.9 V,27.2 V,1899 rpm,1870 rpm,800 rpm,,1822 rpm,1894 rpm,1907 rpm,1868 rpm,800 rpm,1900 rpm,1858 rpm
2026-09-13 20:30:00,27.2 V,27.7 V,27.5 V,,26.9 V,27.6 V,27.3 V,27.3 V,27.3 V,26.9 V,27.2 V,1844 rpm,1870 rpm,798 rpm,,1844 rpm,1901 rpm,1862 rpm,1401 rpm,1837 rpm,1892 rpm,1851 rpm
2026-09-13 21:00:00,27.1 V,27.7 V,27.5 V,,27.1 V,27.6 V,27.3 V,27.2 V,27.3 V,27.0 V,27.0 V,1854 rpm,1840 rpm,1844 rpm,,1885 rpm,1889 rpm,1844 rpm,1885 rpm,1889 rpm,1902 rpm,1847 rpm
2026-09-13 21:30:00,27.2 V,27.7 V,27.4 V,,27.0 V,27.6 V,27.3 V,27.3 V,27.3 V,27.0 V,27.2 V,1905 rpm,1850 rpm,1875 rpm,,1841 rpm,1893 rpm,800 rpm,1868 rpm,1837 rpm,1870 rpm,1841 rpm
2026-09-13 22:00:00,27.2 V,27.7 V,27.5 V,,26.9 V,27.6 V,27.4 V,27.3 V,27.2 V,27.1 V,27.2 V,800 rpm,1909 rpm,1907 rpm,,1843 rpm,1903 rpm,1833 rpm,1839 rpm,1907 rpm,1898 rpm,1400 rpm
2026-09-13 22:30:00,27.2 V,27.8 V,27.5 V,,25.6 V,27.7 V,27.1 V,27.3 V,27.2 V,27.1 V,27.1 V,800 rpm,1846 rpm,1863 rpm,,798 rpm,1889 rpm,1826 rpm,1900 rpm,1832 rpm,1891 rpm,1857 rpm
2026-09-13 23:00:00,27.2 V,27.8 V,27.5 V,,27.1 V,27.7 V,27.3 V,27.3 V,27.2 V,27.2 V,27.2 V,800 rpm,1893 rpm,1841 rpm,,801 rpm,1900 rpm,1902 rpm,1828 rpm,1813 rpm,1904 rpm,1853 rpm
2026-09-13 23:30:00,27.2 V,27.8 V,27.5 V,,26.6 V,27.7 V,27.4 V,27.2 V,27.2 V,27.1 V,27.2 V,800 rpm,1872 rpm,1906 rpm,,1835 rpm,1891 rpm,1399 rpm,1839 rpm,1881 rpm,1870 rpm,1847 rpm
2026-09-14 00:00:00,27.2 V,27.8 V,27.6 V,,27.2 V,27.7 V,27.4 V,27.3 V,27.1 V,27.2 V,27.1 V,1875 rpm,1844 rpm,799 rpm,,1839 rpm,1854 rpm,1894 rpm,1881 rpm,1834 rpm,1902 rpm,1878 rpm
2026-09-14 00:30:00,27.3 V,27.8 V,27.6 V,,26.7 V,27.7 V,27.3 V,27.3 V,27.3 V,27.5 V,27.1 V,1901 rpm,1867 rpm,1812 rpm,,1859 rpm,1833 rpm,1858 rpm,1400 rpm,1828 rpm,800 rpm,0 rpm
2026-09-14 01:00:00,27.3 V,27.8 V,27.6 V,,27.2 V,27.7 V,27.3 V,26.9 V,27.4 V,27.5 V,27.4 V,1863 rpm,1838 rpm,1908 rpm,,1835 rpm,1906 rpm,1884 rpm,0 rpm,1826 rpm,800 rpm,1844 rpm
2026-09-14 01:30:00,27.3 V,27.8 V,27.6 V,,27.2 V,27.7 V,27.3 V,27.3 V,27.3 V,27.5 V,,1901 rpm,1876 rpm,1857 rpm,,801 rpm,1400 rpm,800 rpm,1897 rpm,1875 rpm,800 rpm,
2026-09-14 02:00:00,27.4 V,27.8 V,27.6 V,,27.1 V,,27.3 V,27.3 V,27.3 V,27.3 V,27.4 V,801 rpm,1866 rpm,1872 rpm,,1836 rpm,,1832 rpm,1857 rpm,1843 rpm,1887 rpm,1846 rpm
2026-09-14 02:30:00,27.4 V,26.6 V,27.5 V,,27.1 V,27.7 V,27.3 V,27.3 V,27.2 V,27.4 V,27.2 V,1831 rpm,0 rpm,1878 rpm,,1883 rpm,1866 rpm,1861 rpm,1899 rpm,1907 rpm,800 rpm,1852 rpm
2026-09-14 03:00:00,27.3 V,,27.6 V,,27.1 V,27.7 V,27.3 V,27.3 V,27.2 V,27.2 V,27.3 V,1885 rpm,,1901 rpm,,1868 rpm,1886 rpm,1824 rpm,1841 rpm,1876 rpm,1440 rpm,1638 rpm
2026-09-14 03:30:00,27.3 V,27.7 V,27.6 V,,26.6 V,27.7 V,27.3 V,27.3 V,27.4 V,26.8 V,27.2 V,1885 rpm,1864 rpm,1848 rpm,,1892 rpm,1900 rpm,1400 rpm,1876 rpm,800 rpm,1895 rpm,1893 rpm
2026-09-14 04:00:00,27.4 V,27.7 V,27.5 V,,26.6 V,27.7 V,27.2 V,27.3 V,27.3 V,27.8 V,27.3 V,800 rpm,1848 rpm,800 rpm,,1835 rpm,1402 rpm,1888 rpm,1400 rpm,1896 rpm,1898 rpm,1857 rpm
2026-09-14 04:30:00,27.3 V,27.7 V,27.5 V,,26.9 V,27.8 V,27.3 V,27.3 V,27.4 V,,27.4 V,1854 rpm,1869 rpm,1846 rpm,,1833 rpm,1860 rpm,1847 rpm,1900 rpm,1841 rpm,,1808 rpm
2026-09-14 05:00:00,27.4 V,27.7 V,27.4 V,,27.4 V,27.7 V,27.3 V,27.2 V,27.3 V,,27.2 V,800 rpm,1837 rpm,1879 rpm,,800 rpm,1400 rpm,1899 rpm,1891 rpm,1401 rpm,,1834 rpm
2026-09-14 05:30:00,27.5 V,27.7 V,27.6 V,,26.9 V,27.8 V,27.2 V,27.3 V,26.5 V,,27.3 V,1399 rpm,799 rpm,1890 rpm,,1834 rpm,1836 rpm,1858 rpm,800 rpm,102 rpm,,1901 rpm
2026-09-14 06:00:00,27.4 V,27.7 V,27.5 V,,27.2 V,27.7 V,27.3 V,27.4 V,27.3 V,,27.4 V,800 rpm,1848 rpm,1877 rpm,,1902 rpm,1884 rpm,1868 rpm,1838 rpm,1846 rpm,,1845 rpm
2026-09-14 06:30:00,27.4 V,27.7 V,27.5 V,,27.0 V,27.7 V,27.2 V,27.3 V,27.3 V,,27.2 V,1906 rpm,1842 rpm,1856 rpm,,1831 rpm,1901 rpm,1871 rpm,1848 rpm,1902 rpm,,1840 rpm
2026-09-14 07:00:00,27.3 V,27.8 V,27.5 V,,27.1 V,27.7 V,27.3 V,27.3 V,27.0 V,,27.3 V,1915 rpm,1854 rpm,799 rpm,,1874 rpm,1901 rpm,1903 rpm,1868 rpm,1861 rpm,,1883 rpm
2026-09-14 07:30:00,27.3 V,27.7 V,27.5 V,,27.1 V,27.7 V,27.2 V,27.3 V,27.3 V,,27.3 V,1876 rpm,1870 rpm,1871 rpm,,1834 rpm,1903 rpm,800 rpm,1845 rpm,1789 rpm,,1898 rpm
2026-09-14 08:00:00,27.3 V,27.7 V,27.2 V,,26.7 V,27.8 V,27.2 V,27.4 V,27.2 V,,27.3 V,1400 rpm,800 rpm,1871 rpm,,1855 rpm,1883 rpm,1901 rpm,1897 rpm,1857 rpm,,1850 rpm
2026-09-14 08:30:00,27.3 V,27.7 V,27.5 V,,26.8 V,27.7 V,27.2 V,27.3 V,27.3 V,,27.5 V,1880 rpm,1849 rpm,1901 rpm,,1888 rpm,1854 rpm,1840 rpm,1873 rpm,1900 rpm,,1400 rpm
2026-09-14 09:00:00,27.3 V,27.7 V,27.2 V,,26.8 V,27.7 V,27.2 V,27.4 V,27.1 V,,27.4 V,1894 rpm,1862 rpm,1806 rpm,,1903 rpm,1894 rpm,1847 rpm,1834 rpm,1843 rpm,,1400 rpm
2026-09-14 09:30:00,27.3 V,27.7 V,27.5 V,,26.7 V,27.7 V,27.3 V,27.3 V,27.2 V,,27.3 V,1899 rpm,1904 rpm,1862 rpm,,1831 rpm,1863 rpm,1883 rpm,1898 rpm,1861 rpm,,1919 rpm
2026-09-14 10:00:00,27.3 V,27.7 V,27.5 V,,27.0 V,27.6 V,27.1 V,27.3 V,27.3 V,,27.3 V,1400 rpm,801 rpm,830 rpm,,1833 rpm,1400 rpm,1902 rpm,1837 rpm,800 rpm,,1400 rpm
2026-09-14 10:30:00,27.3 V,27.7 V,27.4 V,,27.0 V,27.6 V,27.2 V,27.2 V,27.1 V,,27.3 V,1882 rpm,1844 rpm,980 rpm,,1896 rpm,1902 rpm,1837 rpm,1822 rpm,1860 rpm,,1401 rpm
2026-09-14 11:00:00,27.4 V,27.7 V,27.4 V,,26.4 V,27.7 V,27.2 V,27.3 V,27.2 V,,27.3 V,800 rpm,1899 rpm,1857 rpm,,1888 rpm,1400 rpm,1839 rpm,1838 rpm,1897 rpm,,1922 rpm
2026-09-14 11:30:00,27.4 V,27.7 V,27.5 V,,26.4 V,27.8 V,25.4 V,27.2 V,27.2 V,,27.2 V,1873 rpm,1858 rpm,1817 rpm,,1901 rpm,598 rpm,0 rpm,1828 rpm,1784 rpm,,1400 rpm
2026-09-14 12:00:00,,27.6 V,27.5 V,,26.7 V,27.7 V,27.2 V,27.2 V,27.3 V,,27.3 V,,1895 rpm,1865 rpm,,1886 rpm,801 rpm,1825 rpm,1881 rpm,799 rpm,,1881 rpm
2026-09-14 12:30:00,,27.8 V,27.4 V,,26.9 V,,27.1 V,27.2 V,27.3 V,,27.3 V,0 rpm,1400 rpm,820 rpm,,1838 rpm,,1863 rpm,1845 rpm,800 rpm,,1400 rpm
2026-09-14 13:00:00,27.3 V,27.8 V,27.5 V,,25.7 V,27.6 V,27.1 V,27.2 V,27.3 V,27.9 V,27.3 V,1906 rpm,1843 rpm,1875 rpm,,0 rpm,1828 rpm,1885 rpm,1833 rpm,800 rpm,940 rpm,1842 rpm
2026-09-14 13:30:00,27.3 V,27.8 V,27.5 V,,27.1 V,27.6 V,27.2 V,27.2 V,27.0 V,,27.2 V,1399 rpm,1876 rpm,1840 rpm,,1846 rpm,1860 rpm,1840 rpm,1400 rpm,800 rpm,,1888 rpm
2026-09-14 14:00:00,27.2 V,27.6 V,27.5 V,,26.8 V,27.5 V,27.2 V,27.3 V,26.9 V,,27.3 V,1850 rpm,800 rpm,1825 rpm,,1875 rpm,1865 rpm,1864 rpm,1869 rpm,1841 rpm,,1899 rpm
2026-09-14 14:30:00,27.2 V,27.7 V,27.5 V,,27.2 V,27.5 V,27.3 V,27.3 V,26.9 V,,27.4 V,1899 rpm,1859 rpm,1851 rpm,,1836 rpm,1848 rpm,800 rpm,1838 rpm,1862 rpm,,1400 rpm
2026-09-14 15:00:00,27.2 V,27.7 V,27.5 V,,27.1 V,25.9 V,27.3 V,27.2 V,27.0 V,,27.1 V,801 rpm,1866 rpm,1855 rpm,,1867 rpm,0 rpm,1843 rpm,1896 rpm,1893 rpm,,1846 rpm
2026-09-14 15:30:00,27.3 V,27.7 V,27.5 V,,27.3 V,27.6 V,27.3 V,27.2 V,27.4 V,,27.4 V,1401 rpm,1848 rpm,1884 rpm,,1832 rpm,1827 rpm,1839 rpm,801 rpm,801 rpm,,1401 rpm
2026-09-14 16:00:00,27.3 V,27.7 V,27.5 V,,27.1 V,27.5 V,27.2 V,27.2 V,27.2 V,,26.9 V,1896 rpm,1859 rpm,1130 rpm,,1836 rpm,1884 rpm,1854 rpm,1827 rpm,1905 rpm,,1845 rpm
2026-09-14 16:30:00,27.2 V,27.7 V,27.5 V,,27.4 V,27.7 V,27.2 V,27.3 V,27.2 V,,27.2 V,1402 rpm,1869 rpm,1867 rpm,,800 rpm,1400 rpm,1863 rpm,1902 rpm,1844 rpm,,1867 rpm
2026-09-14 17:00:00,25.3 V,27.7 V,24.8 V,,27.4 V,27.6 V,27.3 V,27.3 V,27.1 V,,27.2 V,1399 rpm,1839 rpm,799 rpm,,801 rpm,1401 rpm,1880 rpm,800 rpm,1903 rpm,,1840 rpm
2026-09-14 17:30:00,27.3 V,26.6 V,27.4 V,,27.0 V,27.7 V,27.2 V,27.3 V,27.2 V,,27.2 V,1901 rpm,1861 rpm,800 rpm,,1837 rpm,1852 rpm,1400 rpm,800 rpm,799 rpm,,1902 rpm
2026-09-14 18:00:00,27.3 V,27.7 V,27.5 V,,26.8 V,27.6 V,27.3 V,27.3 V,27.1 V,,27.2 V,1858 rpm,1880 rpm,800 rpm,,1832 rpm,1853 rpm,1868 rpm,1866 rpm,1841 rpm,,1902 rpm
2026-09-14 18:30:00,27.3 V,27.7 V,27.5 V,,27.1 V,27.6 V,27.3 V,27.2 V,27.2 V,,27.3 V,1820 rpm,802 rpm,801 rpm,,1849 rpm,1858 rpm,1897 rpm,1860 rpm,1844 rpm,,1400 rpm
2026-09-14 19:00:00,27.4 V,27.7 V,27.5 V,,27.2 V,27.6 V,27.3 V,27.3 V,27.3 V,,27.2 V,1839 rpm,1902 rpm,1837 rpm,,1900 rpm,1892 rpm,1400 rpm,1907 rpm,1400 rpm,,1856 rpm
2026-09-14 19:30:00,27.3 V,27.4 V,27.5 V,,27.2 V,27.6 V,27.3 V,27.3 V,27.3 V,,27.2 V,1899 rpm,1858 rpm,1864 rpm,,1837 rpm,1888 rpm,1841 rpm,1867 rpm,1401 rpm,,1904 rpm
2026-09-14 20:00:00,27.3 V,27.7 V,27.4 V,,27.0 V,27.6 V,27.3 V,27.2 V,27.3 V,,27.1 V,1841 rpm,1788 rpm,1900 rpm,,1834 rpm,1832 rpm,1400 rpm,1897 rpm,1400 rpm,,1900 rpm
2026-09-14 20:30:00,27.3 V,27.7 V,27.6 V,,26.8 V,27.6 V,27.3 V,27.2 V,27.2 V,,27.1 V,1923 rpm,1899 rpm,1911 rpm,,1847 rpm,1862 rpm,1837 rpm,1831 rpm,1901 rpm,,1842 rpm
2026-09-14 21:00:00,27.3 V,27.7 V,27.5 V,,26.8 V,27.6 V,27.2 V,27.3 V,27.1 V,,26.9 V,1897 rpm,1863 rpm,1869 rpm,,1858 rpm,1862 rpm,1834 rpm,1856 rpm,1873 rpm,,1874 rpm
2026-09-14 21:30:00,27.3 V,27.7 V,27.5 V,,27.2 V,27.7 V,27.2 V,27.3 V,27.2 V,,27.3 V,1876 rpm,1860 rpm,1901 rpm,,1825 rpm,1831 rpm,1899 rpm,1875 rpm,1840 rpm,,1862 rpm
2026-09-14 22:00:00,27.3 V,27.4 V,27.6 V,,26.7 V,27.6 V,27.2 V,27.3 V,27.2 V,,27.4 V,1898 rpm,1899 rpm,1856 rpm,,1852 rpm,1888 rpm,1847 rpm,1860 rpm,1890 rpm,,1844 rpm
2026-09-14 22:30:00,27.3 V,27.7 V,27.5 V,,26.6 V,27.7 V,27.2 V,27.3 V,27.3 V,,27.3 V,1866 rpm,1844 rpm,1825 rpm,,1825 rpm,1888 rpm,1891 rpm,1852 rpm,1855 rpm,,1843 rpm
2026-09-14 23:00:00,27.3 V,27.7 V,27.5 V,,26.2 V,27.7 V,27.2 V,27.3 V,27.2 V,,27.3 V,1863 rpm,800 rpm,1841 rpm,,1830 rpm,1739 rpm,1839 rpm,1859 rpm,1854 rpm,,1860 rpm
2026-09-14 23:30:00,27.2 V,27.8 V,27.5 V,,26.5 V,27.7 V,27.3 V,27.3 V,27.4 V,,27.3 V,1872 rpm,801 rpm,1898 rpm,,1840 rpm,1400 rpm,1842 rpm,1850 rpm,1400 rpm,,1401 rpm
2026-09-15 00:00:00,27.3 V,27.8 V,27.6 V,,26.9 V,27.8 V,27.2 V,27.3 V,27.5 V,,27.4 V,800 rpm,1400 rpm,1875 rpm,,1900 rpm,1843 rpm,1844 rpm,1807 rpm,800 rpm,,1848 rpm
2026-09-15 00:30:00,26.8 V,27.8 V,27.5 V,27.8 V,27.2 V,27.8 V,27.2 V,27.3 V,27.3 V,,27.4 V,800 rpm,1874 rpm,1831 rpm,801 rpm,1873 rpm,1401 rpm,1898 rpm,1902 rpm,1899 rpm,,1844 rpm
2026-09-15 01:00:00,27.3 V,27.9 V,27.6 V,25.4 V,27.2 V,27.8 V,27.2 V,27.3 V,27.2 V,,25.8 V,1863 rpm,1825 rpm,1868 rpm,0 rpm,0 rpm,1844 rpm,1866 rpm,1854 rpm,1871 rpm,,799 rpm
2026-09-15 01:30:00,27.2 V,27.8 V,27.6 V,25.4 V,27.1 V,27.9 V,27.2 V,27.3 V,27.2 V,,27.2 V,800 rpm,1904 rpm,1867 rpm,0 rpm,1845 rpm,1400 rpm,800 rpm,1867 rpm,1848 rpm,,1901 rpm
2026-09-15 02:00:00,27.3 V,27.8 V,27.5 V,25.4 V,27.0 V,27.8 V,27.3 V,27.3 V,27.3 V,,,1844 rpm,1856 rpm,800 rpm,0 rpm,1845 rpm,1400 rpm,1400 rpm,800 rpm,1896 rpm,,
2026-09-15 02:30:00,27.3 V,26.6 V,27.5 V,25.4 V,26.6 V,27.9 V,27.3 V,26.2 V,27.2 V,27.7 V,27.5 V,1868 rpm,800 rpm,800 rpm,0 rpm,1831 rpm,1848 rpm,1838 rpm,1862 rpm,1781 rpm,800 rpm,1850 rpm
2026-09-15 03:00:00,27.3 V,27.8 V,27.5 V,26.7 V,27.3 V,27.8 V,27.3 V,27.3 V,27.3 V,27.4 V,27.3 V,1839 rpm,0 rpm,1903 rpm,1903 rpm,1848 rpm,1879 rpm,1852 rpm,1860 rpm,1898 rpm,800 rpm,1858 rpm
2026-09-15 03:30:00,27.2 V,27.8 V,27.5 V,26.8 V,27.3 V,27.8 V,27.3 V,27.3 V,27.3 V,27.3 V,27.3 V,1856 rpm,1867 rpm,1842 rpm,800 rpm,1841 rpm,1400 rpm,1867 rpm,1835 rpm,1843 rpm,1899 rpm,1853 rpm
2026-09-15 04:00:00,27.2 V,27.8 V,27.5 V,26.6 V,27.4 V,27.8 V,27.3 V,27.4 V,27.3 V,27.6 V,27.2 V,1903 rpm,1907 rpm,800 rpm,1893 rpm,800 rpm,1839 rpm,1878 rpm,1912 rpm,1858 rpm,1399 rpm,1841 rpm
2026-09-15 04:30:00,27.2 V,27.8 V,27.5 V,26.4 V,27.2 V,27.8 V,27.4 V,27.4 V,27.4 V,27.5 V,27.4 V,1876 rpm,1841 rpm,801 rpm,1893 rpm,1836 rpm,1839 rpm,1841 rpm,1901 rpm,800 rpm,1400 rpm,1842 rpm
2026-09-15 05:00:00,27.3 V,27.8 V,27.5 V,27.2 V,27.4 V,27.8 V,27.3 V,27.3 V,27.4 V,27.1 V,27.4 V,800 rpm,1866 rpm,801 rpm,801 rpm,801 rpm,801 rpm,1400 rpm,1847 rpm,1838 rpm,1901 rpm,800 rpm
2026-09-15 05:30:00,27.3 V,27.7 V,27.6 V,26.8 V,27.2 V,27.7 V,27.4 V,26.4 V,27.4 V,27.5 V,27.3 V,1892 rpm,0 rpm,1835 rpm,1888 rpm,1884 rpm,1888 rpm,800 rpm,799 rpm,800 rpm,1709 rpm,1872 rpm
2026-09-15 06:00:00,27.3 V,27.7 V,27.5 V,27.5 V,27.2 V,27.7 V,27.3 V,27.3 V,27.0 V,27.7 V,27.4 V,800 rpm,1844 rpm,1856 rpm,801 rpm,1866 rpm,1844 rpm,1900 rpm,1830 rpm,1849 rpm,1400 rpm,1880 rpm
2026-09-15 06:30:00,27.3 V,27.7 V,27.5 V,27.2 V,26.9 V,27.7 V,27.4 V,27.3 V,27.0 V,27.7 V,27.4 V,1881 rpm,1879 rpm,1818 rpm,1855 rpm,1883 rpm,1828 rpm,1837 rpm,1401 rpm,1915 rpm,1900 rpm,1899 rpm
2026-09-15 07:00:00,27.2 V,27.6 V,27.6 V,27.2 V,27.4 V,27.6 V,27.2 V,27.3 V,27.1 V,27.6 V,27.2 V,1860 rpm,1892 rpm,1899 rpm,1871 rpm,800 rpm,1900 rpm,1858 rpm,1896 rpm,1844 rpm,801 rpm,1902 rpm
2026-09-15 07:30:00,27.2 V,27.6 V,27.7 V,26.6 V,26.8 V,27.6 V,27.3 V,27.3 V,27.0 V,27.8 V,27.3 V,1901 rpm,1842 rpm,1899 rpm,1832 rpm,1901 rpm,1840 rpm,1838 rpm,1837 rpm,1894 rpm,800 rpm,1828 rpm
2026-09-15 08:00:00,27.1 V,27.6 V,27.5 V,27.0 V,26.6 V,27.6 V,27.2 V,27.1 V,27.2 V,27.2 V,27.3 V,1903 rpm,1875 rpm,1400 rpm,1862 rpm,1855 rpm,1898 rpm,1831 rpm,1836 rpm,800 rpm,1877 rpm,1844 rpm
2026-09-15 08:30:00,27.2 V,27.6 V,27.5 V,26.4 V,26.4 V,27.6 V,27.2 V,27.0 V,27.0 V,27.3 V,27.3 V,1899 rpm,1840 rpm,1838 rpm,1839 rpm,1863 rpm,1849 rpm,1846 rpm,1887 rpm,1811 rpm,801 rpm,1844 rpm
2026-09-15 09:00:00,27.2 V,27.7 V,27.5 V,26.5 V,27.1 V,27.6 V,27.2 V,27.1 V,26.9 V,27.4 V,27.3 V,1854 rpm,1843 rpm,1856 rpm,1865 rpm,1872 rpm,1902 rpm,1903 rpm,1662 rpm,1906 rpm,799 rpm,1856 rpm
2026-09-15 09:30:00,27.0 V,27.6 V,27.5 V,26.8 V,26.5 V,27.6 V,27.2 V,27.1 V,27.0 V,27.3 V,27.2 V,1925 rpm,1845 rpm,1830 rpm,1885 rpm,1868 rpm,1864 rpm,1835 rpm,800 rpm,1849 rpm,1400 rpm,1841 rpm
2026-09-15 10:00:00,27.2 V,27.6 V,27.5 V,26.8 V,27.1 V,27.5 V,27.2 V,25.0 V,27.0 V,27.1 V,27.2 V,1900 rpm,1399 rpm,1829 rpm,1872 rpm,1902 rpm,1868 rpm,1839 rpm,0 rpm,1900 rpm,1850 rpm,1898 rpm
2026-09-15 10:30:00,27.1 V,27.6 V,27.4 V,26.4 V,26.7 V,27.6 V,27.3 V,27.2 V,27.0 V,27.1 V,27.2 V,1886 rpm,1897 rpm,1828 rpm,1877 rpm,1845 rpm,1871 rpm,1401 rpm,1899 rpm,1838 rpm,1873 rpm,1865 rpm
2026-09-15 11:00:00,27.1 V,27.6 V,27.4 V,27.0 V,27.0 V,27.6 V,27.3 V,27.2 V,27.3 V,27.2 V,27.3 V,1856 rpm,1874 rpm,1844 rpm,801 rpm,1836 rpm,1833 rpm,1849 rpm,1874 rpm,0 rpm,1840 rpm,1848 rpm
2026-09-15 11:30:00,27.1 V,27.6 V,27.4 V,27.1 V,26.8 V,27.6 V,27.2 V,27.1 V,,27.1 V,27.1 V,1843 rpm,1891 rpm,1819 rpm,801 rpm,1850 rpm,1828 rpm,1400 rpm,1838 rpm,,1853 rpm,1838 rpm
2026-09-15 12:00:00,27.2 V,27.6 V,24 V,26.4 V,27.0 V,27.6 V,27.3 V,27.2 V,26.9 V,27.0 V,27.1 V,1834 rpm,1888 rpm,0 rpm,1869 rpm,1826 rpm,1857 rpm,1831 rpm,1883 rpm,,1888 rpm,1905 rpm
2026-09-15 12:30:00,27.2 V,27.7 V,,26.6 V,26.5 V,27.6 V,27.3 V,27.2 V,27.0 V,27.0 V,27.0 V,1859 rpm,0 rpm,,1850 rpm,1858 rpm,1834 rpm,1836 rpm,1400 rpm,1828 rpm,1879 rpm,1810 rpm
2026-09-15 13:00:00,27.3 V,,,26.3 V,26.9 V,27.7 V,27.2 V,27.3 V,27.0 V,24 V,27.0 V,1902 rpm,1886 rpm,1897 rpm,1834 rpm,1849 rpm,800 rpm,1865 rpm,1873 rpm,1839 rpm,800 rpm,1833 rpm
2026-09-15 13:30:00,,27.7 V,27.5 V,26.3 V,26.7 V,,27.2 V,27.2 V,27.0 V,27.0 V,27.0 V,,1399 rpm,1861 rpm,1844 rpm,800 rpm,0 rpm,800 rpm,1602 rpm,1840 rpm,1837 rpm,1843 rpm
2026-09-15 14:00:00,27.3 V,27.7 V,27.5 V,26.3 V,26.5 V,27.7 V,27.2 V,26.8 V,27.2 V,27.0 V,27.0 V,1868 rpm,1882 rpm,1849 rpm,1867 rpm,1860 rpm,800 rpm,1902 rpm,1893 rpm,800 rpm,1860 rpm,1848 rpm
2026-09-15 14:30:00,27.3 V,27.7 V,27.5 V,26.3 V,26.5 V,27.6 V,27.3 V,27.1 V,27.2 V,27.0 V,27.0 V,1868 rpm,1894 rpm,1850 rpm,1846 rpm,1849 rpm,1827 rpm,1812 rpm,1400 rpm,800 rpm,1846 rpm,1838 rpm
2026-09-15 15:00:00,27.3 V,27.8 V,27.5 V,26.4 V,26.7 V,27.6 V,27.3 V,27.1 V,27.2 V,27.2 V,27.2 V,1875 rpm,800 rpm,1841 rpm,1833 rpm,1899 rpm,1834 rpm,1902 rpm,1095 rpm,1834 rpm,1400 rpm,1400 rpm
2026-09-15 15:30:00,27.3 V,27.8 V,27.4 V,26.7 V,26.5 V,27.6 V,27.3 V,27.1 V,27.2 V,27.1 V,27.2 V,1841 rpm,1400 rpm,1826 rpm,1839 rpm,1829 rpm,1903 rpm,1400 rpm,1886 rpm,1895 rpm,1891 rpm,1400 rpm
2026-09-15 16:00:00,27.1 V,27.8 V,27.5 V,26.4 V,26.3 V,27.6 V,27.3 V,27.1 V,27.1 V,27.2 V,27.2 V,1897 rpm,1867 rpm,1838 rpm,1852 rpm,1838 rpm,1831 rpm,1899 rpm,1005 rpm,1843 rpm,1864 rpm,1848 rpm
2026-09-15 16:30:00,27.3 V,27.8 V,27.5 V,27.0 V,27.2 V,27.6 V,27.3 V,27.3 V,27.0 V,27.2 V,27.1 V,1886 rpm,1861 rpm,1869 rpm,799 rpm,800 rpm,1836 rpm,1842 rpm,800 rpm,1898 rpm,1875 rpm,1902 rpm
2026-09-15 17:00:00,25.1 V,27.8 V,27.4 V,26.7 V,26.6 V,27.6 V,27.3 V,27.3 V,27.3 V,27.2 V,26.9 V,1402 rpm,1844 rpm,800 rpm,1840 rpm,1838 rpm,850 rpm,1831 rpm,1893 rpm,800 rpm,1855 rpm,1836 rpm
2026-09-15 17:30:00,27.4 V,27.7 V,27.5 V,27.0 V,27.2 V,27.6 V,27.3 V,27.3 V,27.5 V,27.4 V,27.4 V,1400 rpm,1866 rpm,1874 rpm,1869 rpm,800 rpm,1905 rpm,800 rpm,1894 rpm,1401 rpm,800 rpm,800 rpm
2026-09-15 18:00:00,27.4 V,27.7 V,27.5 V,26.8 V,26.5 V,27.6 V,27.2 V,27.4 V,27.3 V,27.2 V,27.2 V,1400 rpm,1888 rpm,1846 rpm,1882 rpm,1900 rpm,1899 rpm,1840 rpm,800 rpm,1866 rpm,1859 rpm,1851 rpm
2026-09-15 18:30:00,27.4 V,27.7 V,27.5 V,26.6 V,26.5 V,27.6 V,27.2 V,27.4 V,27.4 V,27.2 V,27.2 V,1400 rpm,1848 rpm,1879 rpm,1909 rpm,1861 rpm,1878 rpm,1901 rpm,800 rpm,1848 rpm,1868 rpm,1846 rpm
2026-09-15 19:00:00,27.3 V,27.5 V,27.5 V,27.0 V,27.2 V,27.6 V,27.2 V,27.4 V,27.4 V,26.8 V,27.2 V,1877 rpm,1903 rpm,1857 rpm,1885 rpm,1864 rpm,1901 rpm,1870 rpm,800 rpm,1880 rpm,1907 rpm,1884 rpm
2026-09-15 19:30:00,27.3 V,27.8 V,27.5 V,26.8 V,27.2 V,27.7 V,27.3 V,27.4 V,27.3 V,27.3 V,27.3 V,1891 rpm,1842 rpm,1859 rpm,1873 rpm,1855 rpm,1899 rpm,1865 rpm,800 rpm,1902 rpm,1811 rpm,1862 rpm
2026-09-15 20:00:00,27.3 V,27.9 V,27.5 V,27.0 V,27.0 V,27.8 V,27.3 V,27.3 V,27.4 V,27.2 V,27.2 V,1898 rpm,1863 rpm,1863 rpm,1895 rpm,1880 rpm,800 rpm,1897 rpm,1399 rpm,1848 rpm,1865 rpm,1816 rpm
2026-09-15 20:30:00,27.4 V,27.9 V,27.6 V,26.6 V,26.6 V,27.8 V,27.3 V,27.3 V,27.2 V,27.2 V,27.2 V,1401 rpm,1848 rpm,1873 rpm,1854 rpm,1899 rpm,801 rpm,1849 rpm,1828 rpm,1841 rpm,1843 rpm,1835 rpm
2026-09-15 21:00:00,27.3 V,27.8 V,27.5 V,27.1 V,27.0 V,27.8 V,27.3 V,27.3 V,27.3 V,27.2 V,27.2 V,1609 rpm,1460 rpm,1900 rpm,1886 rpm,1847 rpm,1883 rpm,1848 rpm,1843 rpm,1871 rpm,1902 rpm,1838 rpm
2026-09-15 21:30:00,27.3 V,27.8 V,27.5 V,27.0 V,26.9 V,27.6 V,27.2 V,27.3 V,27.3 V,27.1 V,27.2 V,1819 rpm,1858 rpm,1880 rpm,1851 rpm,1829 rpm,1902 rpm,1834 rpm,1875 rpm,1843 rpm,1908 rpm,1842 rpm
2026-09-15 22:00:00,27.3 V,27.8 V,27.5 V,27.3 V,26.3 V,27.7 V,27.3 V,27.3 V,27.4 V,27.2 V,27.3 V,1903 rpm,1400 rpm,1901 rpm,1899 rpm,1857 rpm,1401 rpm,800 rpm,1853 rpm,1862 rpm,1873 rpm,1853 rpm
2026-09-15 22:30:00,27.2 V,27.8 V,27.5 V,27.3 V,26.7 V,27.7 V,27.3 V,27.3 V,27.3 V,27.2 V,27.2 V,1400 rpm,1901 rpm,800 rpm,1835 rpm,1836 rpm,1881 rpm,1885 rpm,1871 rpm,1907 rpm,1901 rpm,1901 rpm
2026-09-15 23:00:00,27.2 V,27.8 V,27.5 V,27.0 V,27.2 V,27.6 V,27.3 V,27.3 V,27.4 V,27.2 V,27.3 V,1849 rpm,800 rpm,800 rpm,1868 rpm,1826 rpm,1836 rpm,1902 rpm,1859 rpm,1858 rpm,1904 rpm,1897 rpm
2026-09-15 23:30:00,27.2 V,27.8 V,27.6 V,27.1 V,26.9 V,27.6 V,27.3 V,27.4 V,27.3 V,27.2 V,27.3 V,1874 rpm,1879 rpm,1065 rpm,1885 rpm,1899 rpm,1840 rpm,800 rpm,1399 rpm,1840 rpm,1848 rpm,1845 rpm
2026-09-16 00:00:00,27.4 V,27.8 V,27.6 V,27.1 V,25.6 V,27.6 V,27.3 V,27.5 V,27.3 V,27.2 V,27.2 V,1401 rpm,1863 rpm,1848 rpm,1842 rpm,0 rpm,1836 rpm,1836 rpm,1823 rpm,1852 rpm,800 rpm,1842 rpm
2026-09-16 00:30:00,27.4 V,27.8 V,27.5 V,27.2 V,27.3 V,27.5 V,27.3 V,27.4 V,27.4 V,27.6 V,27.2 V,1400 rpm,1839 rpm,1811 rpm,1891 rpm,800 rpm,1842 rpm,1814 rpm,1846 rpm,800 rpm,800 rpm,1881 rpm
2026-09-16 01:00:00,27.4 V,27.8 V,25.4 V,27.1 V,26.5 V,27.6 V,27.3 V,27.4 V,27.2 V,,27.3 V,1844 rpm,1885 rpm,0 rpm,1361 rpm,1901 rpm,1831 rpm,800 rpm,1863 rpm,1841 rpm,,1850 rpm
2026-09-16 01:30:00,27.3 V,27.7 V,,26.8 V,27.2 V,27.6 V,27.3 V,27.4 V,27.3 V,27.4 V,27.4 V,1401 rpm,1894 rpm,,1854 rpm,800 rpm,1904 rpm,1860 rpm,1831 rpm,1895 rpm,1879 rpm,800 rpm
2026-09-16 02:00:00,27.3 V,27.7 V,,27.2 V,27.1 V,27.6 V,27.3 V,27.4 V,27.2 V,27.2 V,,1852 rpm,1869 rpm,0 rpm,799 rpm,1841 rpm,1849 rpm,1827 rpm,1891 rpm,1897 rpm,1844 rpm,
2026-09-16 02:30:00,27.3 V,27.8 V,27.6 V,26.8 V,26.9 V,27.6 V,27.2 V,27.4 V,27.4 V,27.3 V,27.4 V,1401 rpm,800 rpm,980 rpm,1841 rpm,1864 rpm,1850 rpm,1839 rpm,800 rpm,801 rpm,1866 rpm,1910 rpm
2026-09-16 03:00:00,27.2 V,27.9 V,27.6 V,27.0 V,27.0 V,27.6 V,27.2 V,,27.3 V,27.4 V,27.2 V,1843 rpm,800 rpm,1150 rpm,1860 rpm,1901 rpm,1900 rpm,1877 rpm,,1898 rpm,799 rpm,1861 rpm
2026-09-16 03:30:00,27.3 V,27.9 V,27.6 V,26.6 V,27.0 V,27.6 V,27.2 V,27.4 V,27.3 V,27.3 V,27.4 V,1400 rpm,800 rpm,1175 rpm,1857 rpm,1879 rpm,1824 rpm,1895 rpm,1871 rpm,1832 rpm,1861 rpm,1400 rpm
2026-09-16 04:00:00,27.2 V,27.9 V,27.5 V,26.7 V,26.9 V,27.6 V,26.9 V,27.1 V,27.3 V,27.2 V,27.4 V,1873 rpm,1400 rpm,1896 rpm,1896 rpm,1889 rpm,1806 rpm,1891 rpm,1906 rpm,1560 rpm,1767 rpm,1401 rpm
2026-09-16 04:30:00,27.3 V,27.9 V,27.6 V,27.3 V,26.9 V,27.6 V,27.2 V,27.5 V,27.4 V,27.2 V,27.3 V,1854 rpm,1400 rpm,1899 rpm,799 rpm,1836 rpm,1400 rpm,1858 rpm,800 rpm,1847 rpm,1840 rpm,1708 rpm
2026-09-16 05:00:00,27.3 V,27.8 V,27.6 V,27.2 V,27.4 V,27.6 V,27.2 V,27.4 V,27.2 V,27.3 V,27.3 V,800 rpm,1894 rpm,800 rpm,800 rpm,800 rpm,1400 rpm,1838 rpm,1907 rpm,1865 rpm,1903 rpm,1843 rpm
2026-09-16 05:30:00,27.3 V,27.8 V,27.6 V,26.7 V,27.0 V,27.7 V,25.3 V,27.4 V,27.2 V,26.1 V,27.2 V,1900 rpm,1400 rpm,799 rpm,1839 rpm,1819 rpm,800 rpm,799 rpm,800 rpm,1860 rpm,1903 rpm,0 rpm
2026-09-16 06:00:00,27.3 V,27.8 V,27.7 V,27.2 V,27.3 V,27.7 V,27.2 V,27.3 V,27.0 V,27.4 V,27.3 V,1890 rpm,1869 rpm,1844 rpm,1857 rpm,1892 rpm,800 rpm,1869 rpm,1844 rpm,1833 rpm,799 rpm,1874 rpm
2026-09-16 06:30:00,27.4 V,27.8 V,27.6 V,27.2 V,27.3 V,27.7 V,27.2 V,27.3 V,27.2 V,27.1 V,27.3 V,1901 rpm,1906 rpm,1902 rpm,801 rpm,1819 rpm,800 rpm,1809 rpm,1879 rpm,1812 rpm,1860 rpm,1846 rpm
2026-09-16 07:00:00,27.3 V,27.7 V,27.6 V,26.7 V,27.2 V,27.8 V,27.2 V,27.3 V,27.1 V,27.1 V,27.3 V,1843 rpm,1901 rpm,1835 rpm,1861 rpm,1858 rpm,800 rpm,1899 rpm,1884 rpm,1856 rpm,1866 rpm,1895 rpm
2026-09-16 07:30:00,27.3 V,27.7 V,27.5 V,27.1 V,27.0 V,27.6 V,27.2 V,27.2 V,27.2 V,27.2 V,27.3 V,1904 rpm,1400 rpm,1899 rpm,1874 rpm,1870 rpm,1872 rpm,1866 rpm,1894 rpm,1567 rpm,801 rpm,1895 rpm
2026-09-16 08:00:00,27.3 V,27.7 V,27.6 V,26.5 V,27.0 V,27.7 V,27.2 V,27.2 V,27.0 V,27.0 V,27.3 V,1854 rpm,1896 rpm,1855 rpm,1852 rpm,1902 rpm,1852 rpm,1839 rpm,1903 rpm,1865 rpm,1854 rpm,1857 rpm
2026-09-16 08:30:00,27.3 V,27.7 V,27.6 V,26.8 V,26.8 V,27.6 V,27.2 V,27.2 V,27.2 V,27.0 V,27.4 V,1883 rpm,1851 rpm,1868 rpm,1846 rpm,1850 rpm,1904 rpm,1864 rpm,1849 rpm,1898 rpm,1908 rpm,801 rpm
2026-09-16 09:00:00,27.3 V,27.7 V,27.6 V,26.3 V,26.8 V,27.6 V,27.2 V,27.2 V,27.2 V,27.2 V,27.3 V,1400 rpm,1841 rpm,1845 rpm,1839 rpm,1860 rpm,1889 rpm,1880 rpm,1869 rpm,1842 rpm,1848 rpm,1890 rpm
2026-09-16 09:30:00,27.3 V,27.7 V,27.6 V,26.3 V,26.7 V,27.6 V,27.3 V,27.2 V,27.1 V,27.1 V,27.4 V,1846 rpm,1843 rpm,1813 rpm,1837 rpm,1838 rpm,1400 rpm,1840 rpm,1847 rpm,1839 rpm,1856 rpm,1875 rpm
2026-09-16 10:00:00,27.3 V,27.7 V,27.5 V,26.7 V,26.6 V,27.6 V,27.2 V,27.2 V,27.0 V,27.2 V,27.6 V,1894 rpm,1851 rpm,1833 rpm,1884 rpm,1807 rpm,1881 rpm,1837 rpm,1881 rpm,1872 rpm,1903 rpm,1400 rpm
2026-09-16 10:30:00,27.3 V,27.6 V,27.5 V,27.0 V,26.7 V,27.0 V,27.2 V,27.2 V,27.1 V,27.2 V,27.5 V,1846 rpm,1401 rpm,1807 rpm,1897 rpm,1845 rpm,800 rpm,1901 rpm,1841 rpm,1865 rpm,1851 rpm,1891 rpm
2026-09-16 11:00:00,27.3 V,27.7 V,27.4 V,27.0 V,27.2 V,28.1 V,27.2 V,27.2 V,27.1 V,27.2 V,27.4 V,1844 rpm,1877 rpm,1893 rpm,1901 rpm,1875 rpm,799 rpm,1400 rpm,799 rpm,1879 rpm,1846 rpm,1843 rpm
2026-09-16 11:30:00,27.3 V,27.9 V,27.6 V,,27.1 V,,27.2 V,27.2 V,27.1 V,27.0 V,26.5 V,1871 rpm,1875 rpm,1800 rpm,1902 rpm,1864 rpm,,1832 rpm,1886 rpm,1642 rpm,1839 rpm,801 rpm
2026-09-16 12:00:00,27.3 V,,27.5 V,27.2 V,26.9 V,,27.3 V,27.2 V,27.0 V,27.0 V,27.2 V,1883 rpm,0 rpm,1878 rpm,1872 rpm,1844 rpm,,0 rpm,801 rpm,1808 rpm,1808 rpm,1832 rpm
2026-09-16 12:30:00,27.3 V,,27.4 V,25.7 V,26.4 V,,,27.3 V,27.1 V,27.0 V,27.0 V,1840 rpm,,1842 rpm,800 rpm,1840 rpm,0 rpm,,1400 rpm,1898 rpm,1843 rpm,1854 rpm
2026-09-16 13:00:00,27.4 V,,27.4 V,27.0 V,26.5 V,,27.2 V,27.3 V,27.2 V,26.6 V,27.3 V,1857 rpm,,799 rpm,1860 rpm,1900 rpm,,800 rpm,1400 rpm,1839 rpm,801 rpm,1905 rpm
2026-09-16 13:30:00,27.4 V,,25.8 V,26.5 V,26.9 V,,26.9 V,27.3 V,27.1 V,27.1 V,27.4 V,1902 rpm,,801 rpm,1895 rpm,1862 rpm,,1839 rpm,1400 rpm,1823 rpm,1837 rpm,1859 rpm
2026-09-16 14:00:00,27.4 V,,,26.5 V,26.8 V,,27.3 V,27.7 V,24.5 V,27.0 V,27.3 V,1885 rpm,,,1898 rpm,1834 rpm,,1833 rpm,800 rpm,800 rpm,1864 rpm,1860 rpm
2026-09-16 14:30:00,27.2 V,28.0 V,,27.2 V,26.8 V,,27.3 V,,26.4 V,27.1 V,27.4 V,1834 rpm,1400 rpm,,800 rpm,1861 rpm,,1834 rpm,,801 rpm,1874 rpm,1400 rpm
2026-09-16 15:00:00,27.3 V,27.9 V,,27.6 V,26.9 V,,27.3 V,,27.0 V,27.0 V,27.5 V,1899 rpm,1846 rpm,,1897 rpm,1855 rpm,,1869 rpm,,1870 rpm,1865 rpm,1883 rpm
2026-09-16 15:30:00,27.2 V,,27.6 V,,26.5 V,,27.2 V,,27.0 V,27.0 V,27.3 V,1874 rpm,,800 rpm,0 rpm,1854 rpm,,1876 rpm,,1797 rpm,1857 rpm,1883 rpm
2026-09-16 16:00:00,27.3 V,,27.5 V,,26.6 V,,27.2 V,,27.3 V,27.0 V,27.3 V,800 rpm,,1903 rpm,,1853 rpm,,1835 rpm,,800 rpm,1854 rpm,1876 rpm
2026-09-16 16:30:00,27.3 V,,27.4 V,,26.7 V,,27.3 V,,27.0 V,27.0 V,27.4 V,1748 rpm,,1873 rpm,,1900 rpm,,1905 rpm,,1890 rpm,1893 rpm,1849 rpm
2026-09-16 17:00:00,27.3 V,,27.5 V,,26.4 V,,27.3 V,,27.3 V,27.0 V,27.5 V,1898 rpm,,800 rpm,,1830 rpm,,1864 rpm,,1400 rpm,1836 rpm,1882 rpm
2026-09-16 17:30:00,27.4 V,,,,26.5 V,,27.3 V,,27.2 V,25.4 V,27.1 V,1400 rpm,,1863 rpm,,1874 rpm,,800 rpm,,1400 rpm,0 rpm,1876 rpm
2026-09-16 18:00:00,27.4 V,,27.5 V,,27.0 V,,27.1 V,,27.2 V,27.4 V,,1401 rpm,,1856 rpm,,1899 rpm,,1897 rpm,,1399 rpm,799 rpm,0 rpm
2026-09-16 18:30:00,27.3 V,,27.5 V,,26.9 V,,27.1 V,,27.1 V,27.1 V,27.4 V,1853 rpm,,1921 rpm,,1863 rpm,,1896 rpm,,1809 rpm,1898 rpm,1400 rpm
2026-09-16 19:00:00,27.3 V,,27.6 V,,26.7 V,,27.1 V,,27.2 V,27.2 V,27.2 V,1890 rpm,,1863 rpm,,1834 rpm,,1910 rpm,,1884 rpm,1900 rpm,1842 rpm
2026-09-16 19:30:00,27.3 V,,27.6 V,,26.4 V,,27.1 V,,27.0 V,27.2 V,27.2 V,1852 rpm,,1899 rpm,,1848 rpm,,1893 rpm,,1900 rpm,1849 rpm,1892 rpm
2026-09-16 20:00:00,27.2 V,,27.5 V,,26.6 V,,27.1 V,,27.1 V,27.2 V,27.2 V,1859 rpm,,1862 rpm,,1838 rpm,,1834 rpm,,1804 rpm,1864 rpm,1869 rpm
2026-09-16 20:30:00,27.2 V,,27.5 V,,26.9 V,,27.1 V,,27.1 V,27.1 V,27.2 V,1849 rpm,,1875 rpm,,1901 rpm,,1862 rpm,,1833 rpm,1877 rpm,1900 rpm
2026-09-16 21:00:00,27.2 V,,27.5 V,,27.1 V,27.8 V,27.1 V,27.5 V,27.2 V,27.1 V,27.1 V,1897 rpm,,1876 rpm,,1846 rpm,1866 rpm,800 rpm,1689 rpm,1835 rpm,1864 rpm,1857 rpm
2026-09-16 21:30:00,27.3 V,,27.6 V,,27.2 V,27.8 V,27.3 V,27.7 V,27.1 V,27.3 V,27.2 V,1614 rpm,,1865 rpm,,1859 rpm,800 rpm,1878 rpm,0 rpm,1843 rpm,800 rpm,1842 rpm
2026-09-16 22:00:00,27.3 V,27.9 V,27.6 V,28.0 V,27.4 V,27.8 V,27.3 V,,27.2 V,27.1 V,27.4 V,1911 rpm,1883 rpm,1897 rpm,801 rpm,800 rpm,800 rpm,1902 rpm,,1841 rpm,1871 rpm,1401 rpm
2026-09-16 22:30:00,27.2 V,26.2 V,27.6 V,,27.3 V,28.1 V,27.2 V,,27.2 V,27.1 V,27.3 V,1875 rpm,0 rpm,1844 rpm,,1835 rpm,795 rpm,800 rpm,,1833 rpm,1898 rpm,1864 rpm
2026-09-16 23:00:00,27.3 V,27.9 V,27.6 V,,27.2 V,,27.2 V,,27.1 V,27.0 V,27.2 V,1850 rpm,801 rpm,1903 rpm,,1827 rpm,,1882 rpm,,1834 rpm,1884 rpm,1901 rpm
2026-09-16 23:30:00,27.3 V,,27.5 V,,27.2 V,,27.2 V,,27.5 V,27.1 V,27.3 V,1857 rpm,,799 rpm,,1844 rpm,,1880 rpm,,802 rpm,1840 rpm,1670 rpm
2026-09-17 00:00:00,27.4 V,,27.6 V,,27.2 V,,27.2 V,,27.4 V,27.1 V,,0 rpm,,1842 rpm,,1849 rpm,,1838 rpm,,1899 rpm,1875 rpm,
2026-09-17 00:30:00,27.4 V,,27.6 V,,27.2 V,,27.2 V,,27.2 V,27.2 V,,1832 rpm,801 rpm,1843 rpm,,1834 rpm,,800 rpm,,1801 rpm,1839 rpm,
2026-09-17 01:00:00,27.4 V,27.9 V,25.6 V,,27.0 V,,27.2 V,,27.2 V,27.2 V,27.3 V,1899 rpm,1902 rpm,801 rpm,,1854 rpm,,1835 rpm,,1905 rpm,1850 rpm,1899 rpm
2026-09-17 01:30:00,27.4 V,28.0 V,27.6 V,,27.3 V,,27.2 V,,27.1 V,27.2 V,27.3 V,1897 rpm,799 rpm,799 rpm,,1835 rpm,,1825 rpm,,1836 rpm,1899 rpm,1862 rpm
2026-09-17 02:00:00,27.4 V,27.9 V,27.6 V,,25.6 V,,27.2 V,,27.2 V,27.3 V,27.2 V,1821 rpm,1867 rpm,1100 rpm,,0 rpm,,1900 rpm,,1838 rpm,1852 rpm,1889 rpm
2026-09-17 02:30:00,27.4 V,27.8 V,27.6 V,,27.1 V,,27.2 V,,27.0 V,26.9 V,27.4 V,1849 rpm,1901 rpm,1839 rpm,,1833 rpm,,1877 rpm,,1912 rpm,1873 rpm,1866 rpm
2026-09-17 03:00:00,27.4 V,27.8 V,27.6 V,,27.2 V,,27.2 V,,27.2 V,27.2 V,27.3 V,1890 rpm,1849 rpm,1899 rpm,,1836 rpm,,1873 rpm,,1851 rpm,1900 rpm,1887 rpm
2026-09-17 03:30:00,27.4 V,27.8 V,27.6 V,,27.3 V,27.1 V,27.2 V,,27.2 V,27.1 V,27.3 V,1906 rpm,1902 rpm,1904 rpm,,1864 rpm,800 rpm,1904 rpm,,1905 rpm,1870 rpm,1840 rpm
2026-09-17 04:00:00,27.4 V,27.8 V,27.6 V,,27.4 V,,27.2 V,,27.2 V,27.3 V,27.2 V,1880 rpm,1899 rpm,1898 rpm,,1817 rpm,,1864 rpm,,1798 rpm,1897 rpm,1891 rpm
2026-09-17 04:30:00,27.5 V,27.8 V,27.6 V,,27.1 V,,27.2 V,,27.3 V,27.5 V,27.4 V,800 rpm,1890 rpm,1838 rpm,,1867 rpm,,1892 rpm,,800 rpm,800 rpm,1829 rpm
2026-09-17 05:00:00,,27.9 V,27.5 V,,27.0 V,,27.2 V,,27.0 V,27.2 V,27.3 V,,1841 rpm,800 rpm,,1899 rpm,,1757 rpm,,1854 rpm,1844 rpm,1894 rpm
2026-09-17 05:30:00,,26.5 V,27.6 V,,27.4 V,,27.2 V,,27.2 V,27.5 V,27.4 V,,1902 rpm,1887 rpm,,800 rpm,,799 rpm,,1885 rpm,799 rpm,1402 rpm
2026-09-17 06:00:00,,27.8 V,27.6 V,,27.0 V,,26.9 V,,27.2 V,26.9 V,27.4 V,,1897 rpm,1846 rpm,,1834 rpm,,1901 rpm,,1911 rpm,1882 rpm,1896 rpm
2026-09-17 06:30:00,27.5 V,27.8 V,27.6 V,,27.1 V,,27.1 V,,27.4 V,27.0 V,27.6 V,800 rpm,1860 rpm,1895 rpm,,1851 rpm,,1825 rpm,,1899 rpm,800 rpm,1400 rpm
2026-09-17 07:00:00,27.5 V,27.8 V,27.5 V,,26.4 V,,27.0 V,,27.2 V,26.6 V,27.4 V,800 rpm,1893 rpm,800 rpm,,1861 rpm,,1916 rpm,,1826 rpm,1876 rpm,1879 rpm
2026-09-17 07:30:00,27.5 V,27.8 V,27.6 V,,27.1 V,,27.1 V,,27.2 V,27.0 V,27.4 V,800 rpm,1858 rpm,1853 rpm,,1886 rpm,,1905 rpm,,1869 rpm,1845 rpm,1857 rpm
2026-09-17 08:00:00,27.5 V,27.8 V,27.6 V,,26.4 V,,27.0 V,,27.2 V,26.9 V,27.4 V,799 rpm,1840 rpm,1837 rpm,,1841 rpm,1640 rpm,1888 rpm,,1900 rpm,1838 rpm,1874 rpm
2026-09-17 08:30:00,27.5 V,27.8 V,27.5 V,,26.5 V,,27.1 V,,27.4 V,26.9 V,27.5 V,801 rpm,1894 rpm,1827 rpm,,1835 rpm,,1842 rpm,,800 rpm,1849 rpm,1844 rpm
2026-09-17 09:00:00,27.4 V,27.8 V,27.6 V,,27.0 V,,27.1 V,,27.2 V,26.9 V,27.2 V,800 rpm,1850 rpm,1791 rpm,,1839 rpm,,1833 rpm,,1886 rpm,1826 rpm,1869 rpm
2026-09-17 09:30:00,27.5 V,27.7 V,27.5 V,,26.4 V,,27.0 V,,27.2 V,26.8 V,27.3 V,1899 rpm,1844 rpm,1904 rpm,,1857 rpm,,800 rpm,,1901 rpm,1900 rpm,1402 rpm
2026-09-17 10:00:00,27.4 V,27.7 V,27.5 V,,26.5 V,,27.1 V,,27.2 V,26.8 V,24.9 V,800 rpm,1863 rpm,1904 rpm,,1889 rpm,,1790 rpm,,1844 rpm,1883 rpm,800 rpm
2026-09-17 10:30:00,27.3 V,27.7 V,27.5 V,,26.4 V,28.1 V,27.0 V,,27.1 V,26.9 V,27.2 V,1881 rpm,1897 rpm,1841 rpm,,1855 rpm,800 rpm,1814 rpm,,1868 rpm,1835 rpm,1846 rpm
2026-09-17 11:00:00,27.2 V,27.7 V,27.5 V,,26.3 V,28.1 V,27.1 V,,27.1 V,26.9 V,27.2 V,1904 rpm,1861 rpm,1833 rpm,,1879 rpm,62.6 rpm,1832 rpm,,1838 rpm,1899 rpm,1841 rpm
2026-09-17 11:30:00,27.2 V,27.7 V,27.5 V,,26.8 V,,27.3 V,,27.2 V,26.8 V,27.1 V,1897 rpm,1856 rpm,1856 rpm,,1837 rpm,,1897 rpm,,1911 rpm,1904 rpm,1901 rpm
2026-09-17 12:00:00,27.3 V,27.7 V,27.5 V,,26.7 V,,,,27.1 V,26.9 V,27.0 V,1895 rpm,1853 rpm,1873 rpm,,1830 rpm,,,,1874 rpm,1887 rpm,1849 rpm
2026-09-17 12:30:00,27.3 V,27.4 V,27.5 V,,26.8 V,,,,27.1 V,26.8 V,27.0 V,1860 rpm,1890 rpm,1837 rpm,,800 rpm,,,,1829 rpm,1816 rpm,1907 rpm
2026-09-17 13:00:00,,27.8 V,27.5 V,,26.5 V,,,,27.1 V,27.0 V,27.1 V,,1844 rpm,1845 rpm,,1899 rpm,,,,1868 rpm,1849 rpm,1810 rpm
2026-09-17 13:30:00,27.3 V,27.7 V,27.5 V,,26.3 V,,27.2 V,,27.1 V,26.8 V,27.0 V,1872 rpm,1890 rpm,1897 rpm,,1805 rpm,,1895 rpm,,1896 rpm,1859 rpm,1898 rpm
2026-09-17 14:00:00,27.2 V,26.4 V,27.5 V,,26.7 V,28.1 V,27.1 V,,27.1 V,26.9 V,27.1 V,1869 rpm,1842 rpm,1865 rpm,,1834 rpm,805 rpm,1835 rpm,,1844 rpm,1843 rpm,1847 rpm
2026-09-17 14:30:00,27.2 V,,27.4 V,,26.8 V,24.8 V,27.1 V,,27.2 V,26.9 V,27.0 V,1902 rpm,1915 rpm,1877 rpm,,1901 rpm,0 rpm,1827 rpm,,1872 rpm,1863 rpm,1845 rpm
2026-09-17 15:00:00,27.2 V,,27.4 V,,26.9 V,28.1 V,27.1 V,,27.3 V,26.9 V,27.0 V,1868 rpm,1902 rpm,800 rpm,,1835 rpm,801 rpm,1850 rpm,,1867 rpm,1800 rpm,1849 rpm
2026-09-17 15:30:00,27.2 V,27.8 V,27.5 V,,26.8 V,28.2 V,27.1 V,,,26.9 V,27.0 V,1841 rpm,1873 rpm,800 rpm,,1849 rpm,800 rpm,1821 rpm,,,1897 rpm,1841 rpm
2026-09-17 16:00:00,27.2 V,27.7 V,27.4 V,,26.4 V,,27.1 V,,,26.9 V,27.0 V,1875 rpm,1902 rpm,1875 rpm,,1861 rpm,,1857 rpm,,,1890 rpm,1902 rpm
2026-09-17 16:30:00,27.2 V,27.7 V,27.5 V,,26.8 V,,27.1 V,27.5 V,27.3 V,27.0 V,27.0 V,1844 rpm,1863 rpm,1857 rpm,,1863 rpm,,1855 rpm,1401 rpm,1889 rpm,1836 rpm,1897 rpm
2026-09-17 17:00:00,27.2 V,27.8 V,27.4 V,,24.3 V,,27.1 V,27.2 V,27.4 V,26.9 V,27.0 V,854 rpm,1841 rpm,800 rpm,,800 rpm,,1846 rpm,800 rpm,800 rpm,1921 rpm,1839 rpm
2026-09-17 17:30:00,27.3 V,27.9 V,27.5 V,,27.0 V,,27.0 V,26.0 V,27.4 V,26.5 V,27.3 V,1882 rpm,1861 rpm,1873 rpm,,1861 rpm,,800 rpm,800 rpm,800 rpm,1895 rpm,800 rpm
2026-09-17 18:00:00,27.3 V,27.7 V,27.6 V,,26.7 V,,27.2 V,,27.2 V,26.9 V,27.2 V,1857 rpm,1865 rpm,1888 rpm,,1871 rpm,,1858 rpm,,1848 rpm,1891 rpm,1871 rpm
2026-09-17 18:30:00,27.2 V,27.7 V,27.5 V,,27.3 V,,27.1 V,,27.2 V,27.0 V,27.2 V,1400 rpm,1844 rpm,1844 rpm,,800 rpm,,1869 rpm,,1841 rpm,1899 rpm,1842 rpm
2026-09-17 19:00:00,27.3 V,27.7 V,27.6 V,,26.8 V,,27.1 V,,27.3 V,27.2 V,27.2 V,1897 rpm,1915 rpm,1853 rpm,,1836 rpm,,1895 rpm,,1847 rpm,801 rpm,1885 rpm
2026-09-17 19:30:00,27.3 V,27.7 V,27.6 V,,27.3 V,,27.1 V,27.4 V,27.2 V,27.3 V,27.2 V,1872 rpm,1876 rpm,1854 rpm,,1834 rpm,,1860 rpm,1899 rpm,1842 rpm,1401 rpm,1871 rpm
2026-09-17 20:00:00,27.3 V,27.7 V,27.6 V,,26.9 V,,27.1 V,,27.4 V,27.2 V,27.2 V,1894 rpm,1845 rpm,1857 rpm,,1839 rpm,,1814 rpm,0 rpm,1875 rpm,1868 rpm,1840 rpm
2026-09-17 20:30:00,27.3 V,27.8 V,27.5 V,,27.2 V,,27.2 V,27.0 V,27.3 V,27.2 V,27.4 V,1844 rpm,1878 rpm,1878 rpm,,1836 rpm,,1903 rpm,788 rpm,1876 rpm,1400 rpm,1400 rpm
2026-09-17 21:00:00,27.3 V,27.8 V,27.5 V,,27.1 V,28.1 V,27.2 V,27.3 V,27.2 V,27.2 V,27.3 V,1851 rpm,1878 rpm,1105 rpm,,1845 rpm,799 rpm,1860 rpm,1881 rpm,1891 rpm,1904 rpm,800 rpm
2026-09-17 21:30:00,27.2 V,27.8 V,27.6 V,,26.7 V,28.1 V,27.2 V,27.3 V,27.3 V,27.2 V,27.3 V,1899 rpm,1890 rpm,1883 rpm,,1853 rpm,800 rpm,1895 rpm,1837 rpm,1841 rpm,1399 rpm,800 rpm
2026-09-17 22:00:00,27.2 V,27.8 V,27.6 V,,27.0 V,28.1 V,27.2 V,27.4 V,27.1 V,27.1 V,27.3 V,801 rpm,1902 rpm,800 rpm,,1836 rpm,800 rpm,1841 rpm,1868 rpm,1879 rpm,1841 rpm,1861 rpm
2026-09-17 22:30:00,27.4 V,27.5 V,27.6 V,,27.3 V,28.2 V,27.2 V,27.3 V,27.2 V,27.1 V,,1895 rpm,1849 rpm,1400 rpm,,1863 rpm,801 rpm,1900 rpm,1844 rpm,1846 rpm,1901 rpm,
2026-09-17 23:00:00,27.3 V,27.8 V,27.7 V,,27.1 V,28.2 V,27.2 V,27.3 V,27.3 V,27.3 V,25.9 V,1828 rpm,1400 rpm,800 rpm,,1859 rpm,799 rpm,1870 rpm,1860 rpm,1876 rpm,1869 rpm,801 rpm
2026-09-17 23:30:00,27.3 V,27.8 V,27.6 V,,27.3 V,28.1 V,27.3 V,27.3 V,27.2 V,27.4 V,27.4 V,801 rpm,1885 rpm,1845 rpm,,1873 rpm,799 rpm,1883 rpm,1902 rpm,1830 rpm,800 rpm,1866 rpm
2026-09-18 00:00:00,27.3 V,27.8 V,27.6 V,,26.9 V,28.2 V,27.3 V,27.3 V,27.5 V,25.7 V,27.4 V,741 rpm,1846 rpm,1890 rpm,,1867 rpm,935 rpm,1840 rpm,1899 rpm,801 rpm,800 rpm,1861 rpm
2026-09-18 00:30:00,27.3 V,27.8 V,27.6 V,,27.4 V,25.8 V,27.3 V,27.3 V,27.0 V,27.2 V,27.2 V,1896 rpm,1843 rpm,1880 rpm,,1876 rpm,0 rpm,1825 rpm,1863 rpm,1840 rpm,1854 rpm,1850 rpm
2026-09-18 01:00:00,26.8 V,27.8 V,,,27.2 V,28.1 V,27.2 V,27.3 V,27.3 V,27.2 V,27.2 V,1904 rpm,800 rpm,,,800 rpm,935 rpm,1877 rpm,1841 rpm,1846 rpm,1871 rpm,1853 rpm
2026-09-18 01:30:00,27.3 V,,,,26.8 V,28.1 V,27.3 V,27.3 V,27.4 V,27.1 V,27.3 V,1875 rpm,,,,1832 rpm,800 rpm,1845 rpm,1828 rpm,1885 rpm,1877 rpm,1841 rpm
2026-09-18 02:00:00,27.3 V,27.5 V,27.6 V,,27.1 V,28.1 V,27.2 V,27.3 V,27.2 V,27.1 V,27.2 V,1882 rpm,1903 rpm,1870 rpm,,1836 rpm,799 rpm,1883 rpm,1867 rpm,1899 rpm,1898 rpm,1897 rpm
2026-09-18 02:30:00,27.3 V,,27.6 V,,27.3 V,28.0 V,27.3 V,27.3 V,27.2 V,27.0 V,27.4 V,801 rpm,799 rpm,1907 rpm,,800 rpm,1907 rpm,1900 rpm,1896 rpm,1901 rpm,1857 rpm,801 rpm
2026-09-18 03:00:00,27.4 V,27.8 V,27.6 V,,27.1 V,27.5 V,27.3 V,27.3 V,27.3 V,25.5 V,27.5 V,1823 rpm,1865 rpm,1835 rpm,,1860 rpm,1901 rpm,1869 rpm,1900 rpm,1841 rpm,0 rpm,800 rpm
2026-09-18 03:30:00,27.3 V,27.8 V,27.6 V,,27.1 V,,27.3 V,27.3 V,27.2 V,26.9 V,27.4 V,1895 rpm,1842 rpm,1898 rpm,,801 rpm,,1895 rpm,1878 rpm,1903 rpm,800 rpm,1400 rpm
2026-09-18 04:00:00,27.4 V,27.8 V,27.6 V,,27.4 V,,27.3 V,27.3 V,27.2 V,27.0 V,27.3 V,1904 rpm,1829 rpm,1898 rpm,,800 rpm,,1869 rpm,1818 rpm,1899 rpm,1861 rpm,1826 rpm
2026-09-18 04:30:00,27.2 V,27.8 V,27.7 V,,25.6 V,,27.3 V,27.3 V,27.3 V,27.1 V,27.4 V,1841 rpm,1875 rpm,800 rpm,,0 rpm,,1834 rpm,1877 rpm,1899 rpm,1819 rpm,1896 rpm
2026-09-18 05:00:00,25.4 V,27.8 V,27.6 V,,25.6 V,,27.3 V,27.3 V,27.3 V,27.1 V,27.2 V,799 rpm,1869 rpm,801 rpm,,0 rpm,,1837 rpm,1897 rpm,1871 rpm,1874 rpm,1910 rpm
2026-09-18 05:30:00,27.3 V,27.7 V,27.6 V,,25.6 V,,27.3 V,27.4 V,27.4 V,26.1 V,27.4 V,1400 rpm,800 rpm,800 rpm,,0 rpm,,800 rpm,801 rpm,800 rpm,799 rpm,799 rpm
2026-09-18 06:00:00,27.3 V,27.8 V,27.6 V,,,,27.3 V,27.2 V,27.2 V,26.9 V,27.3 V,1876 rpm,1853 rpm,1844 rpm,,,,1865 rpm,1847 rpm,1857 rpm,1400 rpm,1884 rpm
2026-09-18 06:30:00,27.3 V,27.8 V,27.5 V,,,,27.3 V,27.2 V,27.2 V,26.9 V,27.5 V,1828 rpm,1842 rpm,1902 rpm,,,,1868 rpm,1844 rpm,1855 rpm,1853 rpm,1399 rpm
2026-09-18 07:00:00,27.3 V,27.8 V,27.5 V,,,,27.3 V,27.2 V,27.2 V,26.7 V,27.3 V,1884 rpm,1400 rpm,1839 rpm,,,,1836 rpm,1850 rpm,1871 rpm,1868 rpm,1869 rpm
2026-09-18 07:30:00,27.3 V,27.8 V,27.5 V,,,,27.2 V,27.2 V,27.1 V,26.7 V,27.2 V,1890 rpm,1842 rpm,1842 rpm,,,,1901 rpm,1827 rpm,1847 rpm,1831 rpm,1841 rpm
2026-09-18 08:00:00,27.2 V,27.8 V,27.5 V,,,,27.2 V,27.0 V,27.3 V,26.2 V,27.3 V,1902 rpm,1845 rpm,1860 rpm,,,,1833 rpm,1866 rpm,1878 rpm,1904 rpm,1895 rpm
2026-09-18 08:30:00,27.2 V,27.7 V,27.5 V,,25.6 V,26.0 V,26.9 V,27.1 V,27.3 V,26.7 V,27.2 V,1883 rpm,1882 rpm,1837 rpm,,0 rpm,0 rpm,1887 rpm,1841 rpm,1838 rpm,1822 rpm,1908 rpm
2026-09-18 09:00:00,27.2 V,27.7 V,27.6 V,,27.3 V,,27.1 V,27.0 V,27.3 V,26.7 V,27.3 V,1887 rpm,1901 rpm,1898 rpm,,800 rpm,,1865 rpm,1872 rpm,1897 rpm,1897 rpm,1897 rpm
2026-09-18 09:30:00,27.2 V,27.7 V,27.6 V,,27.1 V,,27.1 V,26.9 V,27.3 V,26.7 V,27.2 V,1843 rpm,1881 rpm,1831 rpm,800 rpm,800 rpm,,1898 rpm,1876 rpm,799 rpm,1871 rpm,1895 rpm
2026-09-18 10:00:00,27.2 V,27.7 V,27.6 V,25.6 V,26.6 V,,27.2 V,26.9 V,27.3 V,26.7 V,27.2 V,1902 rpm,1845 rpm,1901 rpm,0 rpm,1879 rpm,,1780 rpm,1400 rpm,800 rpm,1896 rpm,1860 rpm
2026-09-18 10:30:00,27.2 V,27.8 V,27.5 V,27.4 V,27.0 V,,27.1 V,27.0 V,27.1 V,26.8 V,27.1 V,1879 rpm,1400 rpm,1840 rpm,1902 rpm,1898 rpm,,1793 rpm,1804 rpm,1901 rpm,1845 rpm,1843 rpm
2026-09-18 11:00:00,27.1 V,27.7 V,27.5 V,24.7 V,27.0 V,,27.1 V,27.0 V,27.1 V,26.6 V,27.1 V,1880 rpm,1839 rpm,1896 rpm,0 rpm,1828 rpm,,1828 rpm,1828 rpm,1839 rpm,1875 rpm,0 rpm
2026-09-18 11:30:00,25.5 V,27.8 V,27.5 V,27.1 V,26.2 V,,27.1 V,27.0 V,27.0 V,26.3 V,27.2 V,0 rpm,1845 rpm,1856 rpm,1888 rpm,1899 rpm,,1867 rpm,1862 rpm,1874 rpm,800 rpm,1881 rpm
2026-09-18 12:00:00,,27.8 V,27.4 V,,26.9 V,,25.5 V,26.9 V,27.0 V,26.6 V,27.1 V,,1898 rpm,1830 rpm,,1834 rpm,,0 rpm,1897 rpm,1891 rpm,1889 rpm,1841 rpm
2026-09-18 12:30:00,,27.8 V,27.5 V,,27.0 V,,27.4 V,26.9 V,27.1 V,27.0 V,27.1 V,,1812 rpm,1830 rpm,,1875 rpm,,1900 rpm,1843 rpm,1889 rpm,1865 rpm,1894 rpm
2026-09-18 13:00:00,,27.8 V,27.5 V,27.1 V,26.9 V,,,26.9 V,27.0 V,27.2 V,,,1841 rpm,1839 rpm,1901 rpm,1861 rpm,,,1851 rpm,1909 rpm,800 rpm,
2026-09-18 13:30:00,25.4 V,27.8 V,27.5 V,26.8 V,26.5 V,,27.3 V,26.9 V,27.2 V,27.0 V,27.1 V,0 rpm,1845 rpm,1400 rpm,801 rpm,1801 rpm,,1897 rpm,1906 rpm,1838 rpm,1844 rpm,1878 rpm
2026-09-18 14:00:00,27.3 V,27.8 V,27.5 V,26.5 V,26.5 V,,27.4 V,26.9 V,27.0 V,27.0 V,26.9 V,800 rpm,1854 rpm,1851 rpm,1869 rpm,1833 rpm,,1898 rpm,1867 rpm,1837 rpm,1857 rpm,1899 rpm
2026-09-18 14:30:00,27.2 V,27.8 V,27.5 V,26.4 V,26.3 V,,,24.5 V,27.1 V,27.0 V,26.9 V,1883 rpm,1841 rpm,1902 rpm,1837 rpm,1902 rpm,,,801 rpm,1866 rpm,1902 rpm,1863 rpm
2026-09-18 15:00:00,27.3 V,27.8 V,27.5 V,27.0 V,26.6 V,25.9 V,,26.9 V,25.6 V,27.0 V,27.0 V,800 rpm,1842 rpm,1896 rpm,1900 rpm,1828 rpm,0 rpm,,1868 rpm,1902 rpm,1837 rpm,1856 rpm
2026-09-18 15:30:00,,27.8 V,27.5 V,27.0 V,26.3 V,28.2 V,27.2 V,27.1 V,27.1 V,26.8 V,27.1 V,,1903 rpm,1401 rpm,1850 rpm,1860 rpm,920 rpm,1873 rpm,1841 rpm,1810 rpm,1899 rpm,1855 rpm
2026-09-18 16:00:00,27.3 V,27.8 V,25.7 V,26.9 V,26.4 V,,27.1 V,27.2 V,27.2 V,26.9 V,27.1 V,1867 rpm,1854 rpm,801 rpm,800 rpm,1863 rpm,,1852 rpm,1834 rpm,1873 rpm,1843 rpm,1818 rpm
2026-09-18 16:30:00,27.2 V,27.8 V,27.6 V,27.2 V,26.9 V,,27.2 V,27.1 V,27.1 V,26.9 V,27.4 V,1853 rpm,1235 rpm,1270 rpm,800 rpm,1820 rpm,,1851 rpm,1872 rpm,1859 rpm,1906 rpm,1399 rpm
2026-09-18 17:00:00,27.2 V,27.8 V,27.5 V,27.3 V,27.1 V,,27.2 V,27.1 V,27.1 V,27.1 V,27.2 V,1868 rpm,1863 rpm,1898 rpm,800 rpm,799 rpm,,1865 rpm,1875 rpm,1857 rpm,1870 rpm,1860 rpm
2026-09-18 17:30:00,27.2 V,27.8 V,27.5 V,27.6 V,26.5 V,,27.2 V,25.0 V,27.2 V,27.0 V,27.2 V,1907 rpm,1900 rpm,1863 rpm,801 rpm,1899 rpm,,800 rpm,800 rpm,800 rpm,799 rpm,1869 rpm
2026-09-18 18:00:00,27.1 V,27.8 V,27.6 V,27.7 V,26.9 V,,27.2 V,27.1 V,27.2 V,24.2 V,27.3 V,1868 rpm,1884 rpm,1849 rpm,799 rpm,1874 rpm,,1900 rpm,1835 rpm,1857 rpm,799 rpm,1850 rpm
2026-09-18 18:30:00,27.2 V,27.8 V,27.5 V,27.8 V,26.7 V,,27.2 V,27.1 V,27.2 V,,27.5 V,1857 rpm,1835 rpm,800 rpm,801 rpm,1862 rpm,,1839 rpm,1855 rpm,1857 rpm,,1400 rpm
2026-09-18 19:00:00,27.1 V,27.8 V,27.5 V,26.5 V,26.7 V,,27.2 V,26.3 V,27.2 V,,27.2 V,1780 rpm,1842 rpm,1836 rpm,0 rpm,1871 rpm,,1856 rpm,800 rpm,1870 rpm,,1840 rpm
2026-09-18 19:30:00,27.2 V,27.8 V,27.5 V,25.7 V,27.0 V,,27.2 V,27.1 V,27.0 V,,27.2 V,1872 rpm,1859 rpm,1870 rpm,0 rpm,1835 rpm,,1827 rpm,1845 rpm,1838 rpm,,1896 rpm
2026-09-18 20:00:00,27.2 V,27.8 V,27.5 V,27.1 V,26.9 V,,27.3 V,27.0 V,27.0 V,,27.5 V,1831 rpm,1880 rpm,1723 rpm,1887 rpm,1900 rpm,,1868 rpm,1912 rpm,1834 rpm,,799 rpm
2026-09-18 20:30:00,27.2 V,27.8 V,27.5 V,27.0 V,27.2 V,,27.3 V,27.1 V,27.0 V,26.9 V,27.3 V,1841 rpm,1873 rpm,1831 rpm,1840 rpm,1838 rpm,,1874 rpm,1899 rpm,1815 rpm,1896 rpm,1861 rpm
2026-09-18 21:00:00,27.2 V,27.8 V,27.5 V,27.0 V,26.8 V,,27.3 V,27.0 V,27.0 V,27.1 V,27.3 V,1882 rpm,1866 rpm,1838 rpm,1858 rpm,1870 rpm,,1885 rpm,1859 rpm,1901 rpm,1906 rpm,1816 rpm
2026-09-18 21:30:00,27.3 V,27.8 V,27.5 V,27.3 V,27.1 V,,27.3 V,27.0 V,27.2 V,26.4 V,27.2 V,1857 rpm,1865 rpm,1898 rpm,1843 rpm,1915 rpm,,1860 rpm,1853 rpm,800 rpm,801 rpm,1879 rpm
2026-09-18 22:00:00,27.3 V,27.8 V,27.5 V,27.2 V,27.4 V,28.2 V,27.3 V,27.2 V,27.3 V,27.4 V,27.3 V,800 rpm,1895 rpm,1400 rpm,1841 rpm,800 rpm,920 rpm,1884 rpm,1857 rpm,800 rpm,799 rpm,1845 rpm
2026-09-18 22:30:00,27.3 V,27.8 V,27.5 V,27.3 V,27.2 V,28.1 V,27.3 V,27.1 V,27.1 V,27.6 V,27.4 V,1874 rpm,1909 rpm,1872 rpm,1902 rpm,1869 rpm,801 rpm,1866 rpm,1897 rpm,1840 rpm,801 rpm,1400 rpm
2026-09-18 23:00:00,27.3 V,27.8 V,27.5 V,27.2 V,26.9 V,,27.2 V,27.3 V,27.1 V,27.5 V,27.3 V,800 rpm,1843 rpm,1854 rpm,1845 rpm,1890 rpm,,1844 rpm,1853 rpm,1893 rpm,1895 rpm,1872 rpm
2026-09-18 23:30:00,27.3 V,27.8 V,27.5 V,27.2 V,26.9 V,26.4 V,27.3 V,24.9 V,27.4 V,27.4 V,27.3 V,1882 rpm,1844 rpm,1837 rpm,1843 rpm,1883 rpm,799 rpm,1836 rpm,0 rpm,800 rpm,800 rpm,1864 rpm
2026-09-19 00:00:00,27.0 V,27.8 V,27.5 V,27.3 V,26.9 V,,27.3 V,27.3 V,27.4 V,27.4 V,27.4 V,800 rpm,1867 rpm,1842 rpm,1896 rpm,1898 rpm,0 rpm,1899 rpm,1883 rpm,1900 rpm,1871 rpm,1400 rpm
2026-09-19 00:30:00,27.2 V,27.8 V,27.5 V,27.0 V,,,27.3 V,27.2 V,27.3 V,27.3 V,27.3 V,1880 rpm,1864 rpm,1826 rpm,1857 rpm,,,800 rpm,1901 rpm,1898 rpm,1905 rpm,1888 rpm
2026-09-19 01:00:00,27.3 V,26.6 V,27.5 V,27.3 V,27.2 V,,27.2 V,27.3 V,27.2 V,27.4 V,27.3 V,1896 rpm,0 rpm,1874 rpm,1843 rpm,1899 rpm,,1873 rpm,1845 rpm,1894 rpm,1853 rpm,1838 rpm
2026-09-19 01:30:00,27.3 V,,,26.8 V,26.3 V,,27.3 V,27.3 V,27.3 V,27.3 V,27.4 V,799 rpm,800 rpm,,1899 rpm,1909 rpm,,1838 rpm,1845 rpm,1890 rpm,1854 rpm,1855 rpm
2026-09-19 02:00:00,27.3 V,,,,27.4 V,,27.3 V,27.3 V,27.2 V,27.3 V,27.2 V,1840 rpm,,1904 rpm,,1832 rpm,,1844 rpm,1837 rpm,1860 rpm,1894 rpm,1892 rpm
2026-09-19 02:30:00,27.4 V,27.8 V,27.5 V,27.2 V,27.1 V,,27.3 V,27.3 V,27.0 V,27.2 V,26.1 V,1842 rpm,1842 rpm,1868 rpm,1854 rpm,1871 rpm,,1837 rpm,1880 rpm,801 rpm,1899 rpm,0 rpm
2026-09-19 03:00:00,27.3 V,27.6 V,27.5 V,27.4 V,26.9 V,,27.3 V,27.3 V,27.3 V,27.4 V,27.4 V,1402 rpm,1845 rpm,801 rpm,800 rpm,1834 rpm,,1835 rpm,1897 rpm,1869 rpm,1898 rpm,1897 rpm
2026-09-19 03:30:00,27.4 V,27.8 V,27.6 V,26.8 V,27.2 V,,27.3 V,27.2 V,27.3 V,27.2 V,,800 rpm,1839 rpm,1844 rpm,1868 rpm,1850 rpm,,1842 rpm,1832 rpm,1864 rpm,1400 rpm,
2026-09-19 04:00:00,27.4 V,27.8 V,27.6 V,26.8 V,26.7 V,,27.3 V,27.3 V,27.3 V,27.3 V,27.2 V,1861 rpm,1517 rpm,1400 rpm,1895 rpm,1877 rpm,,1837 rpm,1848 rpm,1840 rpm,1866 rpm,800 rpm
2026-09-19 04:30:00,27.3 V,27.8 V,27.6 V,27.3 V,27.3 V,,27.3 V,27.3 V,27.3 V,27.5 V,27.3 V,1165 rpm,1910 rpm,1901 rpm,1843 rpm,1821 rpm,,1879 rpm,1843 rpm,1843 rpm,800 rpm,1880 rpm
2026-09-19 05:00:00,27.4 V,27.8 V,27.5 V,27.4 V,27.0 V,,27.3 V,27.2 V,27.2 V,27.7 V,27.4 V,801 rpm,1842 rpm,800 rpm,801 rpm,1862 rpm,,1838 rpm,1895 rpm,1854 rpm,800 rpm,1875 rpm
2026-09-19 05:30:00,27.4 V,28.0 V,27.6 V,27.2 V,26.9 V,,27.3 V,27.3 V,27.2 V,27.4 V,27.4 V,1853 rpm,0 rpm,1890 rpm,1400 rpm,1850 rpm,,800 rpm,895 rpm,801 rpm,0 rpm,800 rpm
2026-09-19 06:00:00,24.3 V,,27.6 V,27.0 V,27.4 V,,27.4 V,27.3 V,27.1 V,27.7 V,27.2 V,800 rpm,800 rpm,800 rpm,1857 rpm,800 rpm,,1863 rpm,1850 rpm,1837 rpm,800 rpm,1895 rpm
2026-09-19 06:30:00,27.3 V,27.8 V,27.5 V,27.0 V,26.4 V,,27.3 V,27.3 V,27.2 V,27.5 V,27.2 V,1885 rpm,1864 rpm,1839 rpm,1896 rpm,1859 rpm,,1806 rpm,1863 rpm,1824 rpm,1400 rpm,1795 rpm
2026-09-19 07:00:00,27.3 V,27.8 V,27.6 V,26.9 V,26.9 V,,27.3 V,27.2 V,27.1 V,27.6 V,27.2 V,1903 rpm,1827 rpm,1807 rpm,1844 rpm,1400 rpm,,1840 rpm,1842 rpm,1844 rpm,800 rpm,1840 rpm
2026-09-19 07:30:00,27.3 V,27.7 V,27.5 V,27.0 V,27.1 V,,27.3 V,27.2 V,27.1 V,27.7 V,27.1 V,1897 rpm,1846 rpm,1902 rpm,1900 rpm,1900 rpm,,1840 rpm,1842 rpm,1845 rpm,800 rpm,1863 rpm
2026-09-19 08:00:00,27.3 V,27.8 V,27.5 V,26.6 V,26.5 V,,27.2 V,27.1 V,27.2 V,27.6 V,27.3 V,1902 rpm,801 rpm,1906 rpm,1866 rpm,1839 rpm,,1837 rpm,1915 rpm,1400 rpm,801 rpm,1850 rpm
2026-09-19 08:30:00,27.3 V,27.8 V,27.5 V,27.1 V,26.8 V,,27.3 V,27.1 V,27.1 V,27.4 V,27.2 V,0 rpm,1883 rpm,1899 rpm,1837 rpm,1819 rpm,,1864 rpm,1834 rpm,1843 rpm,1851 rpm,1825 rpm
2026-09-19 09:00:00,27.1 V,27.8 V,27.5 V,26.6 V,26.8 V,,27.2 V,27.0 V,27.0 V,27.4 V,27.2 V,1890 rpm,1853 rpm,799 rpm,1841 rpm,1852 rpm,,1837 rpm,1835 rpm,1855 rpm,1845 rpm,1828 rpm
2026-09-19 09:30:00,27.1 V,27.8 V,27.5 V,26.5 V,26.8 V,,27.2 V,27.1 V,27.1 V,27.4 V,27.2 V,1843 rpm,800 rpm,1854 rpm,1895 rpm,1851 rpm,,1883 rpm,1807 rpm,1873 rpm,1850 rpm,1896 rpm
2026-09-19 10:00:00,27.1 V,27.8 V,27.5 V,27.0 V,26.8 V,,27.1 V,27.0 V,26.9 V,27.5 V,27.2 V,1883 rpm,1852 rpm,800 rpm,1852 rpm,1850 rpm,,1841 rpm,1854 rpm,1750 rpm,1401 rpm,1857 rpm
2026-09-19 10:30:00,27.1 V,27.8 V,27.4 V,27.1 V,26.4 V,,27.1 V,27.0 V,27.0 V,27.1 V,27.2 V,1901 rpm,800 rpm,1842 rpm,1846 rpm,1860 rpm,,1837 rpm,1837 rpm,1838 rpm,1868 rpm,1900 rpm
2026-09-19 11:00:00,27.1 V,27.8 V,27.4 V,27.3 V,26.8 V,,27.1 V,27.0 V,26.9 V,27.1 V,27.5 V,1889 rpm,1726 rpm,1900 rpm,800 rpm,1841 rpm,,1400 rpm,1400 rpm,1840 rpm,1850 rpm,800 rpm
2026-09-19 11:30:00,27.1 V,27.8 V,27.4 V,27.3 V,26.3 V,,27.6 V,27.0 V,26.9 V,27.1 V,27.2 V,800 rpm,1902 rpm,1899 rpm,800 rpm,1847 rpm,,1900 rpm,1862 rpm,1897 rpm,1868 rpm,1902 rpm
2026-09-19 12:00:00,27.1 V,27.8 V,27.4 V,,26.4 V,,,27.0 V,27.0 V,27.1 V,27.0 V,1846 rpm,800 rpm,1900 rpm,,1848 rpm,,,1851 rpm,1837 rpm,1851 rpm,1904 rpm
2026-09-19 12:30:00,27.1 V,27.8 V,27.4 V,27.2 V,27.5 V,,,27.0 V,27.1 V,27.1 V,27.0 V,1858 rpm,1903 rpm,1840 rpm,1887 rpm,0 rpm,,,1836 rpm,1399 rpm,1899 rpm,1845 rpm
2026-09-19 13:00:00,27.2 V,27.8 V,27.5 V,26.7 V,,,,26.9 V,27.1 V,27.0 V,26.9 V,1861 rpm,1900 rpm,1887 rpm,1863 rpm,,,,1867 rpm,1861 rpm,1878 rpm,1861 rpm
2026-09-19 13:30:00,,27.8 V,27.6 V,27.1 V,,,,27.1 V,27.3 V,27.0 V,26.8 V,,1898 rpm,1882 rpm,1856 rpm,,,,1865 rpm,800 rpm,1853 rpm,1893 rpm
2026-09-19 14:00:00,27.2 V,27.7 V,27.5 V,27.1 V,,,,27.1 V,27.0 V,27.1 V,26.9 V,1901 rpm,1844 rpm,1900 rpm,1895 rpm,,,,1618 rpm,1902 rpm,1898 rpm,1828 rpm
2026-09-19 14:30:00,25.4 V,27.8 V,27.6 V,27.3 V,27.5 V,,,27.3 V,27.4 V,27.4 V,27.3 V,0 rpm,1902 rpm,1876 rpm,1400 rpm,801 rpm,,,1401 rpm,1806 rpm,800 rpm,1399 rpm
2026-09-19 15:00:00,27.5 V,27.8 V,27.7 V,27.2 V,27.5 V,,,27.2 V,27.8 V,27.7 V,27.2 V,1401 rpm,1905 rpm,1901 rpm,1866 rpm,800 rpm,,,1400 rpm,800 rpm,800 rpm,1869 rpm
2026-09-19 15:30:00,26.6 V,27.8 V,25.4 V,25.8 V,26.0 V,,,27.3 V,27.6 V,27.9 V,27.4 V,1885 rpm,1833 rpm,1910 rpm,0 rpm,0 rpm,,,800 rpm,800 rpm,801 rpm,801 rpm
2026-09-19 16:00:00,,27.8 V,27.8 V,25.8 V,,,,27.4 V,27.6 V,27.5 V,27.4 V,,1855 rpm,800 rpm,0 rpm,,,,801 rpm,800 rpm,1840 rpm,800 rpm
2026-09-19 16:30:00,,27.9 V,,,,,,27.4 V,27.6 V,27.5 V,27.5 V,,801 rpm,,,,,,800 rpm,800 rpm,1899 rpm,1902 rpm
2026-09-19 17:00:00,,27.8 V,,,,,,25.4 V,25.2 V,27.3 V,,,800 rpm,,,,,,800 rpm,0 rpm,1862 rpm,
2026-09-19 17:30:00,,,,,,,,25.5 V,,26.6 V,,,,,,,,,,,800 rpm,
2026-09-19 18:00:00,,,27.7 V,25.8 V,,,,25.5 V,,27.6 V,27.5 V,,,1842 rpm,0 rpm,,,,,,1400 rpm,1900 rpm
2026-09-19 18:30:00,,,27.6 V,25.7 V,27.4 V,,,25.5 V,,27.3 V,27.6 V,,,1876 rpm,0 rpm,800 rpm,,,,,1901 rpm,1400 rpm
2026-09-19 19:00:00,,27.9 V,27.6 V,27.4 V,27.5 V,,,27.5 V,,27.3 V,27.7 V,,1401 rpm,1850 rpm,800 rpm,800 rpm,,,800 rpm,,1898 rpm,1401 rpm
2026-09-19 19:30:00,,27.9 V,27.6 V,27.6 V,27.6 V,,,27.4 V,,27.3 V,27.7 V,,1399 rpm,1796 rpm,801 rpm,800 rpm,,,1863 rpm,,1896 rpm,801 rpm
2026-09-19 20:00:00,,27.9 V,27.6 V,27.6 V,27.6 V,,,27.4 V,,27.4 V,27.7 V,1862 rpm,1876 rpm,1889 rpm,800 rpm,1808 rpm,,,1903 rpm,,1902 rpm,1400 rpm
2026-09-19 20:30:00,,27.9 V,27.5 V,27.8 V,27.5 V,,,27.3 V,25.2 V,27.4 V,26.7 V,1870 rpm,1399 rpm,1899 rpm,800 rpm,800 rpm,,,1835 rpm,0 rpm,1834 rpm,800 rpm
2026-09-19 21:00:00,,27.9 V,27.8 V,27.2 V,27.2 V,,,27.3 V,27.6 V,27.4 V,27.4 V,1903 rpm,1305 rpm,1889 rpm,799 rpm,1863 rpm,,,1846 rpm,800 rpm,1897 rpm,1858 rpm
2026-09-19 21:30:00,,28.0 V,,,27.5 V,,,27.4 V,27.3 V,27.2 V,27.0 V,1896 rpm,800 rpm,799 rpm,800 rpm,800 rpm,,,1865 rpm,1839 rpm,1401 rpm,1399 rpm
2026-09-19 22:00:00,,27.9 V,,27.2 V,27.0 V,,,27.4 V,27.2 V,27.5 V,,1885 rpm,1843 rpm,,799 rpm,1877 rpm,,,1399 rpm,1805 rpm,1400 rpm,
2026-09-19 22:30:00,,27.9 V,,27.3 V,27.3 V,,25.0 V,27.4 V,27.3 V,27.3 V,,1861 rpm,1905 rpm,,1859 rpm,1400 rpm,,1910 rpm,1908 rpm,1899 rpm,1907 rpm,
2026-09-19 23:00:00,,27.8 V,,27.8 V,27.0 V,,,27.4 V,27.3 V,27.4 V,27.4 V,800 rpm,1839 rpm,,799 rpm,1838 rpm,,,1880 rpm,1806 rpm,1845 rpm,1837 rpm
2026-09-19 23:30:00,,27.9 V,,27.2 V,26.9 V,,27.4 V,27.3 V,27.2 V,27.3 V,27.3 V,800 rpm,1853 rpm,,1899 rpm,1837 rpm,,1869 rpm,1896 rpm,1857 rpm,1855 rpm,1841 rpm
2026-09-20 00:00:00,27.2 V,27.9 V,,27.4 V,27.0 V,,27.5 V,27.4 V,27.3 V,27.4 V,27.0 V,1909 rpm,1849 rpm,,1844 rpm,1864 rpm,,1901 rpm,1885 rpm,1842 rpm,1400 rpm,1899 rpm
2026-09-20 00:30:00,27.3 V,27.9 V,,27.2 V,27.0 V,,27.6 V,27.3 V,27.3 V,27.5 V,27.6 V,1889 rpm,1857 rpm,,1863 rpm,1835 rpm,,1401 rpm,1836 rpm,1836 rpm,800 rpm,1400 rpm
2026-09-20 01:00:00,27.3 V,27.9 V,,27.4 V,26.6 V,,27.5 V,27.3 V,27.3 V,27.1 V,27.4 V,800 rpm,1861 rpm,,1899 rpm,1891 rpm,,1849 rpm,1836 rpm,1874 rpm,0 rpm,1854 rpm
2026-09-20 01:30:00,27.3 V,,27.5 V,27.2 V,25.6 V,,27.4 V,27.3 V,27.2 V,27.5 V,27.6 V,1903 rpm,,798 rpm,1872 rpm,0 rpm,,1400 rpm,1863 rpm,1860 rpm,1400 rpm,1400 rpm
2026-09-20 02:00:00,27.4 V,27.9 V,27.6 V,27.5 V,25.5 V,,27.4 V,27.4 V,27.2 V,27.3 V,27.6 V,800 rpm,1902 rpm,798 rpm,801 rpm,0 rpm,,1864 rpm,800 rpm,1876 rpm,1909 rpm,800 rpm
2026-09-20 02:30:00,27.4 V,27.8 V,,27.5 V,27.2 V,,27.3 V,27.2 V,27.5 V,27.6 V,27.5 V,1852 rpm,1400 rpm,,1852 rpm,1844 rpm,,1887 rpm,1903 rpm,1899 rpm,1400 rpm,801 rpm
2026-09-20 03:00:00,26.7 V,27.6 V,,26.4 V,26.7 V,,27.3 V,27.3 V,27.4 V,27.4 V,,0 rpm,1903 rpm,,1897 rpm,1902 rpm,,1897 rpm,1873 rpm,1768 rpm,1755 rpm,
2026-09-20 03:30:00,25.3 V,27.9 V,27.6 V,26.9 V,26.7 V,,27.4 V,27.2 V,27.4 V,27.3 V,27.6 V,0 rpm,1853 rpm,1841 rpm,1900 rpm,1834 rpm,,1846 rpm,1854 rpm,1869 rpm,1908 rpm,800 rpm
2026-09-20 04:00:00,27.4 V,27.8 V,27.6 V,26.9 V,26.9 V,,27.4 V,27.4 V,27.4 V,27.3 V,27.6 V,801 rpm,1877 rpm,1825 rpm,799 rpm,1828 rpm,,1856 rpm,1873 rpm,1898 rpm,1888 rpm,1827 rpm
2026-09-20 04:30:00,27.4 V,27.8 V,27.6 V,27.4 V,27.2 V,,27.3 V,27.4 V,27.4 V,27.3 V,27.6 V,1874 rpm,1874 rpm,1870 rpm,1861 rpm,1400 rpm,,1838 rpm,1897 rpm,1842 rpm,1896 rpm,1890 rpm
2026-09-20 05:00:00,27.4 V,27.9 V,27.5 V,27.2 V,27.2 V,,27.3 V,27.4 V,27.5 V,27.4 V,27.5 V,800 rpm,1851 rpm,800 rpm,801 rpm,1664 rpm,,1860 rpm,1894 rpm,1817 rpm,1903 rpm,1899 rpm
2026-09-20 05:30:00,27.5 V,27.9 V,27.6 V,26.9 V,27.0 V,,27.3 V,27.4 V,27.5 V,26.2 V,27.7 V,1401 rpm,800 rpm,1832 rpm,1845 rpm,1869 rpm,,1858 rpm,800 rpm,800 rpm,789 rpm,799 rpm
2026-09-20 06:00:00,27.5 V,27.8 V,27.6 V,27.2 V,26.7 V,,27.4 V,27.4 V,27.2 V,27.3 V,27.3 V,1400 rpm,1807 rpm,1902 rpm,1898 rpm,1842 rpm,,1839 rpm,1848 rpm,1839 rpm,1845 rpm,1859 rpm
2026-09-20 06:30:00,27.4 V,27.8 V,27.6 V,27.3 V,26.7 V,,27.3 V,27.4 V,27.2 V,27.4 V,27.3 V,1906 rpm,1837 rpm,1846 rpm,1880 rpm,1868 rpm,,1843 rpm,1858 rpm,1846 rpm,751 rpm,1898 rpm
2026-09-20 07:00:00,27.4 V,27.8 V,27.6 V,26.4 V,26.9 V,,27.3 V,27.4 V,27.2 V,27.1 V,27.2 V,1864 rpm,1869 rpm,1843 rpm,1853 rpm,1836 rpm,,1400 rpm,1899 rpm,1841 rpm,1844 rpm,1870 rpm
2026-09-20 07:30:00,27.3 V,27.8 V,27.5 V,27.3 V,27.2 V,,27.4 V,27.3 V,26.9 V,27.2 V,27.3 V,1843 rpm,1879 rpm,1875 rpm,1868 rpm,1899 rpm,,1862 rpm,1887 rpm,1897 rpm,1837 rpm,1846 rpm
2026-09-20 08:00:00,27.3 V,27.8 V,27.6 V,27.4 V,27.0 V,,27.3 V,27.4 V,27.1 V,27.1 V,27.2 V,1870 rpm,1917 rpm,1724 rpm,799 rpm,1900 rpm,,1891 rpm,1841 rpm,1856 rpm,1866 rpm,1883 rpm
2026-09-20 08:30:00,27.2 V,27.8 V,27.5 V,27.4 V,27.3 V,,27.2 V,27.3 V,27.2 V,27.1 V,27.2 V,1902 rpm,801 rpm,800 rpm,1874 rpm,1833 rpm,,1864 rpm,1838 rpm,1841 rpm,1911 rpm,1886 rpm
2026-09-20 09:00:00,27.3 V,27.9 V,27.5 V,27.0 V,27.0 V,,27.3 V,27.2 V,27.2 V,27.2 V,27.1 V,1841 rpm,801 rpm,1841 rpm,1400 rpm,1844 rpm,,1871 rpm,1902 rpm,1837 rpm,1848 rpm,1883 rpm
2026-09-20 09:30:00,27.3 V,,27.5 V,27.3 V,26.6 V,,27.2 V,27.2 V,27.2 V,27.1 V,27.2 V,1849 rpm,800 rpm,1893 rpm,1398 rpm,1904 rpm,,1855 rpm,1849 rpm,1402 rpm,1838 rpm,1862 rpm
2026-09-20 10:00:00,27.3 V,27.8 V,27.5 V,27.1 V,26.9 V,,27.2 V,27.3 V,27.2 V,27.1 V,27.0 V,1846 rpm,800 rpm,1863 rpm,1399 rpm,1881 rpm,,1834 rpm,1842 rpm,1846 rpm,1904 rpm,1911 rpm
2026-09-20 10:30:00,27.3 V,27.8 V,27.5 V,26.7 V,26.6 V,,27.1 V,27.1 V,27.2 V,27.1 V,27.2 V,1870 rpm,800 rpm,1900 rpm,1843 rpm,1842 rpm,,1400 rpm,1806 rpm,1901 rpm,1805 rpm,1400 rpm
2026-09-20 11:00:00,27.4 V,27.8 V,27.4 V,26.9 V,26.6 V,,27.2 V,27.2 V,27.1 V,27.1 V,27.1 V,1400 rpm,799 rpm,1857 rpm,1407 rpm,1864 rpm,,1880 rpm,1895 rpm,1873 rpm,1901 rpm,1904 rpm
2026-09-20 11:30:00,27.3 V,27.8 V,27.5 V,26.9 V,27.0 V,,27.3 V,27.1 V,27.1 V,27.0 V,27.0 V,1842 rpm,801 rpm,1841 rpm,1401 rpm,1878 rpm,,1401 rpm,1897 rpm,1897 rpm,1902 rpm,1876 rpm
2026-09-20 12:00:00,27.3 V,27.7 V,27.5 V,26.9 V,26.6 V,,,27.2 V,27.0 V,27.0 V,27.1 V,1842 rpm,1850 rpm,1863 rpm,1833 rpm,1841 rpm,,,1797 rpm,1898 rpm,1849 rpm,1901 rpm
2026-09-20 12:30:00,27.2 V,27.7 V,27.5 V,27.1 V,26.9 V,,,27.2 V,27.2 V,27.0 V,27.1 V,1861 rpm,1902 rpm,1866 rpm,1842 rpm,1858 rpm,,,1849 rpm,1836 rpm,1820 rpm,1863 rpm
2026-09-20 13:00:00,27.2 V,27.7 V,27.4 V,27.1 V,26.8 V,,27.2 V,27.1 V,27.0 V,26.9 V,26.7 V,800 rpm,1852 rpm,1869 rpm,1855 rpm,1866 rpm,,1681 rpm,1839 rpm,1888 rpm,1871 rpm,1902 rpm
2026-09-20 13:30:00,27.2 V,27.7 V,27.4 V,27.0 V,27.2 V,,27.2 V,27.1 V,26.9 V,26.9 V,27.0 V,1889 rpm,1839 rpm,1903 rpm,1901 rpm,1400 rpm,,1860 rpm,1897 rpm,1862 rpm,1852 rpm,1853 rpm
2026-09-20 14:00:00,27.2 V,27.7 V,27.5 V,26.8 V,26.8 V,,27.2 V,27.2 V,27.3 V,26.9 V,27.0 V,1900 rpm,1877 rpm,1887 rpm,1892 rpm,1819 rpm,,1400 rpm,1881 rpm,800 rpm,1849 rpm,1845 rpm
2026-09-20 14:30:00,27.2 V,27.7 V,27.4 V,27.3 V,26.9 V,,27.3 V,27.1 V,27.0 V,27.1 V,27.2 V,1898 rpm,1861 rpm,1823 rpm,799 rpm,1833 rpm,,1400 rpm,1881 rpm,1888 rpm,800 rpm,1857 rpm
2026-09-20 15:00:00,27.3 V,27.8 V,27.4 V,27.1 V,26.3 V,,27.6 V,27.4 V,27.4 V,27.2 V,27.4 V,1859 rpm,801 rpm,800 rpm,1803 rpm,1862 rpm,,1400 rpm,800 rpm,800 rpm,800 rpm,1399 rpm
2026-09-20 15:30:00,27.7 V,27.8 V,27.4 V,25.7 V,27.0 V,,27.5 V,27.5 V,27.2 V,27.2 V,27.3 V,800 rpm,801 rpm,800 rpm,0 rpm,1854 rpm,,1399 rpm,800 rpm,801 rpm,1852 rpm,1888 rpm
2026-09-20 16:00:00,27.6 V,27.8 V,27.6 V,27.3 V,25.6 V,,27.5 V,27.5 V,27.4 V,26.9 V,27.3 V,1909 rpm,1869 rpm,800 rpm,801 rpm,0 rpm,,1400 rpm,1903 rpm,800 rpm,1855 rpm,1838 rpm
2026-09-20 16:30:00,,27.9 V,26.0 V,,,,27.6 V,27.6 V,27.5 V,27.6 V,27.8 V,,799 rpm,0 rpm,,,,800 rpm,800 rpm,1401 rpm,800 rpm,800 rpm
2026-09-20 17:00:00,,25.7 V,,,,,,27.6 V,25.2 V,27.6 V,,,1888 rpm,,,,,,800 rpm,0 rpm,800 rpm,
2026-09-20 17:30:00,,,,,,,,,,,,,,800 rpm,,,,,,,,
2026-09-20 18:00:00,,,,27.4 V,,,,,,27.4 V,,,,,801 rpm,,,,,,1911 rpm,
2026-09-20 18:30:00,,,,27.6 V,25.6 V,,,,,27.6 V,27.5 V,,,,801 rpm,0 rpm,,,,,800 rpm,1897 rpm
2026-09-20 19:00:00,,,,27.6 V,27.5 V,,,,,27.4 V,27.5 V,,,,1868 rpm,800 rpm,,1400 rpm,,,1873 rpm,1860 rpm
2026-09-20 19:30:00,,27.9 V,,25.8 V,27.5 V,,27.4 V,,,27.3 V,27.4 V,,801 rpm,,0 rpm,800 rpm,,800 rpm,,,1889 rpm,1902 rpm
2026-09-20 20:00:00,27.4 V,25.2 V,,25.6 V,27.6 V,,27.4 V,27.5 V,,27.5 V,27.7 V,1796 rpm,0 rpm,,0 rpm,800 rpm,,1866 rpm,1839 rpm,,1883 rpm,1399 rpm
2026-09-20 20:30:00,27.4 V,27.9 V,,25.5 V,23.3 V,,27.4 V,26.1 V,,27.4 V,27.6 V,1875 rpm,801 rpm,800 rpm,0 rpm,799 rpm,,1882 rpm,799 rpm,,1849 rpm,1399 rpm
2026-09-20 21:00:00,27.3 V,27.9 V,27.6 V,27.5 V,27.1 V,,27.3 V,26.4 V,,27.2 V,27.6 V,1835 rpm,800 rpm,1850 rpm,1859 rpm,1878 rpm,,1844 rpm,1399 rpm,,1845 rpm,1400 rpm
2026-09-20 21:30:00,27.4 V,27.9 V,27.6 V,,27.2 V,,27.3 V,,25.2 V,27.2 V,27.6 V,1006 rpm,1858 rpm,799 rpm,,800 rpm,,1846 rpm,,0 rpm,1898 rpm,1400 rpm
2026-09-20 22:00:00,26.9 V,27.8 V,27.6 V,,27.4 V,,27.3 V,27.4 V,27.5 V,27.4 V,27.6 V,0 rpm,799 rpm,800 rpm,,800 rpm,,1888 rpm,1829 rpm,800 rpm,1400 rpm,1400 rpm
2026-09-20 22:30:00,25.4 V,27.8 V,27.6 V,,27.5 V,,27.4 V,27.4 V,25.9 V,27.5 V,27.6 V,271 rpm,1870 rpm,800 rpm,,800 rpm,,1400 rpm,1847 rpm,0 rpm,1400 rpm,1400 rpm
2026-09-20 23:00:00,,28.0 V,27.6 V,27.2 V,27.4 V,,27.4 V,27.4 V,25.5 V,27.3 V,27.8 V,,800 rpm,1401 rpm,1883 rpm,800 rpm,,1400 rpm,1874 rpm,0 rpm,1844 rpm,1400 rpm
2026-09-20 23:30:00,25.9 V,28.0 V,27.6 V,27.0 V,26.9 V,,27.5 V,27.4 V,25.5 V,27.3 V,27.4 V,800 rpm,799 rpm,800 rpm,1857 rpm,1400 rpm,,1837 rpm,801 rpm,0 rpm,1851 rpm,1852 rpm
2026-09-21 00:00:00,27.3 V,28.0 V,27.6 V,26.6 V,27.3 V,,27.4 V,27.4 V,,25.5 V,,1895 rpm,799 rpm,801 rpm,1808 rpm,800 rpm,,1899 rpm,1877 rpm,,800 rpm,
2026-09-21 00:30:00,27.3 V,28 V,27.6 V,27.1 V,27.4 V,,27.4 V,27.3 V,27.7 V,27.3 V,27.6 V,800 rpm,800 rpm,1886 rpm,1900 rpm,801 rpm,,1888 rpm,1908 rpm,800 rpm,1846 rpm,1399 rpm
2026-09-21 01:00:00,27.4 V,28.0 V,27.5 V,26.9 V,27.3 V,,27.3 V,27.3 V,27.7 V,27.3 V,27.5 V,800 rpm,800 rpm,0 rpm,1901 rpm,799 rpm,,1865 rpm,1831 rpm,800 rpm,1900 rpm,1844 rpm
2026-09-21 01:30:00,27.5 V,27.9 V,27.6 V,26.8 V,27.4 V,,27.3 V,27.2 V,27.5 V,27.3 V,27.6 V,800 rpm,1901 rpm,1400 rpm,1842 rpm,800 rpm,,1833 rpm,1889 rpm,1899 rpm,1875 rpm,1401 rpm
2026-09-21 02:00:00,27.5 V,27.8 V,27.6 V,26.7 V,27.1 V,,27.3 V,27.2 V,27.4 V,27.3 V,27.4 V,0 rpm,1902 rpm,1858 rpm,1835 rpm,1837 rpm,,1885 rpm,1400 rpm,1876 rpm,1902 rpm,1881 rpm
2026-09-21 02:30:00,27.4 V,27.9 V,27.5 V,27.3 V,27.3 V,,27.3 V,27.3 V,27.4 V,27.2 V,27.4 V,1710 rpm,1900 rpm,800 rpm,800 rpm,800 rpm,,1854 rpm,1873 rpm,1846 rpm,0 rpm,1837 rpm
2026-09-21 03:00:00,27.4 V,27.8 V,27.6 V,27.2 V,26.6 V,,27.3 V,27.3 V,27.5 V,27.6 V,27.4 V,0 rpm,1840 rpm,1861 rpm,1843 rpm,1881 rpm,,1904 rpm,800 rpm,1847 rpm,801 rpm,1836 rpm
2026-09-21 03:30:00,27.3 V,27.8 V,27.6 V,27.0 V,27.1 V,,27.3 V,27.3 V,27.4 V,27.3 V,27.4 V,1902 rpm,1862 rpm,1867 rpm,1885 rpm,1842 rpm,,1866 rpm,1836 rpm,1840 rpm,1859 rpm,1821 rpm
2026-09-21 04:00:00,27.3 V,27.8 V,27.6 V,26.8 V,26.5 V,,27.3 V,27.2 V,27.3 V,27.3 V,27.4 V,1869 rpm,1877 rpm,1401 rpm,1844 rpm,1880 rpm,,1859 rpm,1900 rpm,1880 rpm,1851 rpm,1873 rpm
2026-09-21 04:30:00,27.3 V,27.8 V,27.6 V,27.2 V,26.7 V,,27.4 V,27.2 V,27.4 V,27.3 V,27.5 V,1861 rpm,1878 rpm,1900 rpm,1893 rpm,1839 rpm,,1838 rpm,1862 rpm,1845 rpm,1851 rpm,1401 rpm
2026-09-21 05:00:00,27.4 V,27.8 V,27.5 V,27.4 V,27.3 V,,27.4 V,27.3 V,27.4 V,27.3 V,27.6 V,800 rpm,1842 rpm,800 rpm,799 rpm,800 rpm,,1887 rpm,1898 rpm,1856 rpm,1885 rpm,1399 rpm
2026-09-21 05:30:00,27.4 V,27.8 V,27.6 V,27.1 V,27.3 V,,27.3 V,27.3 V,26.0 V,27.6 V,27.6 V,1900 rpm,1865 rpm,1905 rpm,1844 rpm,1399 rpm,,800 rpm,800 rpm,800 rpm,800 rpm,800 rpm
2026-09-21 06:00:00,27.3 V,27.8 V,27.6 V,27.3 V,27.2 V,,27.4 V,27.3 V,27.2 V,27.3 V,27.3 V,1866 rpm,1870 rpm,1897 rpm,1873 rpm,1399 rpm,,1831 rpm,1846 rpm,1830 rpm,1846 rpm,1874 rpm
2026-09-21 06:30:00,27.3 V,27.8 V,27.6 V,27.4 V,26.8 V,,27.3 V,27.2 V,27.1 V,27.2 V,27.2 V,1850 rpm,1880 rpm,1859 rpm,1400 rpm,1834 rpm,,1835 rpm,1849 rpm,1899 rpm,1902 rpm,1871 rpm
2026-09-21 07:00:00,27.3 V,27.8 V,27.6 V,27.1 V,26.8 V,,27.3 V,27.1 V,27.2 V,27.3 V,27.3 V,1901 rpm,1873 rpm,1838 rpm,1847 rpm,1840 rpm,,1888 rpm,1858 rpm,1895 rpm,1832 rpm,1839 rpm
2026-09-21 07:30:00,27.3 V,27.8 V,27.6 V,27.2 V,26.8 V,,27.3 V,27.1 V,26.7 V,27.3 V,27.1 V,1400 rpm,1883 rpm,1898 rpm,1848 rpm,1844 rpm,,1888 rpm,1816 rpm,1867 rpm,1833 rpm,1814 rpm
2026-09-21 08:00:00,27.2 V,27.8 V,27.5 V,27.3 V,27.1 V,,27.2 V,27.2 V,27.1 V,27.2 V,27.2 V,1887 rpm,1889 rpm,1898 rpm,800 rpm,1867 rpm,,1855 rpm,800 rpm,1839 rpm,1840 rpm,1898 rpm
2026-09-21 08:30:00,27.3 V,27.8 V,27.5 V,27.3 V,27.2 V,,27.2 V,27.1 V,27.2 V,27.0 V,27.1 V,1876 rpm,1887 rpm,1844 rpm,1399 rpm,1881 rpm,,1840 rpm,1892 rpm,1849 rpm,1901 rpm,1857 rpm
2026-09-21 09:00:00,27.3 V,27.8 V,27.5 V,26.8 V,27.0 V,,27.2 V,27.1 V,27.2 V,27.1 V,27.1 V,1400 rpm,1890 rpm,1838 rpm,1874 rpm,1400 rpm,,1857 rpm,1901 rpm,1854 rpm,1898 rpm,1868 rpm
2026-09-21 09:30:00,27.3 V,27.7 V,27.4 V,27.1 V,27.2 V,,27.2 V,27.2 V,27.1 V,27.0 V,27.0 V,1400 rpm,1884 rpm,1841 rpm,1862 rpm,1866 rpm,,1854 rpm,1837 rpm,1901 rpm,1900 rpm,1900 rpm
2026-09-21 10:00:00,27.3 V,27.8 V,27.4 V,26.8 V,26.9 V,,27.2 V,27.1 V,27.3 V,27.0 V,27.1 V,1400 rpm,799 rpm,1904 rpm,1845 rpm,1842 rpm,,1840 rpm,1848 rpm,801 rpm,1841 rpm,1857 rpm
2026-09-21 10:30:00,27.3 V,27.8 V,27.5 V,26.7 V,26.3 V,,27.1 V,27.2 V,27.0 V,27.0 V,27.1 V,1826 rpm,1886 rpm,1892 rpm,1843 rpm,1869 rpm,,1912 rpm,1787 rpm,1898 rpm,1903 rpm,1857 rpm
2026-09-21 11:00:00,27.3 V,27.7 V,27.5 V,26.8 V,27.0 V,,27.2 V,27.1 V,27.0 V,27.1 V,27.0 V,1399 rpm,1903 rpm,1838 rpm,1399 rpm,1832 rpm,,1400 rpm,1895 rpm,1869 rpm,1783 rpm,1870 rpm
2026-09-21 11:30:00,27.2 V,27.7 V,27.5 V,26.6 V,26.4 V,,27.7 V,27.1 V,26.0 V,26.9 V,27.0 V,1892 rpm,1844 rpm,1902 rpm,1838 rpm,1846 rpm,,1928 rpm,1863 rpm,801 rpm,1908 rpm,1918 rpm
2026-09-21 12:00:00,27.2 V,27.7 V,27.5 V,26.5 V,26.4 V,,,27.1 V,27.1 V,26.9 V,27.0 V,1877 rpm,1897 rpm,1833 rpm,1814 rpm,1834 rpm,,,1895 rpm,1865 rpm,1855 rpm,1808 rpm
2026-09-21 12:30:00,27.2 V,27.7 V,27.4 V,26.8 V,26.7 V,,,27.1 V,27.0 V,26.9 V,27.0 V,1862 rpm,1864 rpm,1878 rpm,1853 rpm,1839 rpm,,,1843 rpm,1835 rpm,1832 rpm,1902 rpm
2026-09-21 13:00:00,26.0 V,27.7 V,27.5 V,27.2 V,26.8 V,,,27.1 V,27.1 V,26.9 V,27.0 V,1863 rpm,800 rpm,1908 rpm,1399 rpm,1833 rpm,,,1399 rpm,1867 rpm,1873 rpm,1842 rpm
2026-09-21 13:30:00,27.2 V,27.7 V,27.5 V,26.7 V,26.9 V,,,27.1 V,27.1 V,27.1 V,27.2 V,1873 rpm,1830 rpm,1898 rpm,1894 rpm,1400 rpm,,,1399 rpm,1880 rpm,1900 rpm,1881 rpm
2026-09-21 14:00:00,27.2 V,27.7 V,27.5 V,26.6 V,,,,27.0 V,27.2 V,27.1 V,27.1 V,1889 rpm,1865 rpm,1864 rpm,1866 rpm,,,,1843 rpm,1400 rpm,1875 rpm,1863 rpm
2026-09-21 14:30:00,27.2 V,27.7 V,27.6 V,27.8 V,27.3 V,,,27.3 V,27.2 V,27.0 V,27.4 V,1827 rpm,1856 rpm,801 rpm,800 rpm,1400 rpm,,,1827 rpm,1887 rpm,1877 rpm,1886 rpm
2026-09-21 15:00:00,27.4 V,27.8 V,27.5 V,28.0 V,27.5 V,,,27.2 V,27.3 V,27.0 V,27.3 V,800 rpm,1857 rpm,1893 rpm,801 rpm,1879 rpm,,,1899 rpm,1867 rpm,1898 rpm,1867 rpm
2026-09-21 15:30:00,27.3 V,27.8 V,27.6 V,27.2 V,27.2 V,,,27.1 V,27.4 V,27.1 V,27.3 V,1877 rpm,1400 rpm,1839 rpm,1897 rpm,1851 rpm,,,1884 rpm,800 rpm,1844 rpm,1867 rpm
2026-09-21 16:00:00,27.3 V,27.8 V,27.6 V,25.7 V,27.3 V,,,27.3 V,27.5 V,27.1 V,27.1 V,1877 rpm,1898 rpm,1918 rpm,0 rpm,1878 rpm,,,1903 rpm,1860 rpm,1891 rpm,1842 rpm
2026-09-21 16:30:00,27.5 V,27.8 V,27.5 V,,,,,27.2 V,27.4 V,27.2 V,27.2 V,1890 rpm,1845 rpm,801 rpm,,,,,1888 rpm,1400 rpm,1901 rpm,1871 rpm
2026-09-21 17:00:00,,27.8 V,27.6 V,,,,,27.5 V,27.4 V,27.2 V,27.1 V,,1835 rpm,800 rpm,,,,,800 rpm,1872 rpm,1850 rpm,1870 rpm
2026-09-21 17:30:00,,25.9 V,27.6 V,,,,,,20.3 V,27.3 V,27.3 V,,0 rpm,1903 rpm,,,,,,0 rpm,0 rpm,799 rpm
2026-09-21 18:00:00,,27.8 V,27.6 V,,,,,,27.4 V,27.3 V,27.3 V,,1876 rpm,1871 rpm,,,,,,1857 rpm,1883 rpm,1894 rpm
2026-09-21 18:30:00,,27.8 V,27.5 V,,,,,,27.3 V,27.6 V,27.4 V,,1834 rpm,1901 rpm,,,,,,1899 rpm,800 rpm,1847 rpm
2026-09-21 19:00:00,,27.8 V,27.7 V,,,,,27.6 V,27.2 V,27.4 V,27.3 V,,1847 rpm,800 rpm,,,,,800 rpm,1841 rpm,1886 rpm,1829 rpm
2026-09-21 19:30:00,27.5 V,27.8 V,26.8 V,,,,,27.3 V,27.4 V,27.3 V,27.4 V,1892 rpm,1866 rpm,800 rpm,,,,,1878 rpm,1871 rpm,1860 rpm,1838 rpm
2026-09-21 20:00:00,27.3 V,27.8 V,,,,,,27.4 V,27.3 V,27.4 V,27.4 V,1851 rpm,1875 rpm,801 rpm,,,,,1851 rpm,1901 rpm,1839 rpm,1902 rpm
2026-09-21 20:30:00,27.5 V,27.8 V,,,,,,27.3 V,27.5 V,27.4 V,27.4 V,1891 rpm,1843 rpm,,,,,,1840 rpm,801 rpm,1844 rpm,1900 rpm
2026-09-21 21:00:00,27.5 V,27.8 V,,,,,,27.3 V,27.3 V,27.4 V,27.4 V,1400 rpm,1887 rpm,,,,,,1847 rpm,1899 rpm,1862 rpm,1871 rpm
2026-09-21 21:30:00,27.6 V,27.8 V,27.7 V,,,,,27.3 V,27.3 V,27.4 V,27.4 V,1400 rpm,1850 rpm,1896 rpm,,,,,1892 rpm,1916 rpm,1857 rpm,1904 rpm
2026-09-21 22:00:00,27.5 V,27.8 V,27.7 V,25.7 V,,,,27.3 V,27.4 V,27.3 V,27.3 V,1400 rpm,1846 rpm,800 rpm,0 rpm,,,,1923 rpm,1838 rpm,1874 rpm,1846 rpm
2026-09-21 22:30:00,27.5 V,27.8 V,27.6 V,25.6 V,,,,27.3 V,27.4 V,27.0 V,27.5 V,1400 rpm,1848 rpm,1901 rpm,0 rpm,,,,1885 rpm,1911 rpm,1885 rpm,800 rpm
2026-09-21 23:00:00,27.5 V,27.8 V,27.6 V,25.6 V,,,,27.4 V,27.4 V,27.3 V,27.3 V,1401 rpm,1887 rpm,1399 rpm,0 rpm,,,,1400 rpm,1920 rpm,1826 rpm,1839 rpm
2026-09-21 23:30:00,27.4 V,27.8 V,27.7 V,25.5 V,,,,27.4 V,27.6 V,27.4 V,27.5 V,1909 rpm,1876 rpm,1879 rpm,0 rpm,,,,1881 rpm,799 rpm,1878 rpm,1401 rpm
2026-09-22 00:00:00,27.3 V,27.8 V,27.6 V,25.5 V,,,,27.4 V,27.3 V,27.2 V,27.4 V,800 rpm,1844 rpm,1836 rpm,0 rpm,,,,1874 rpm,1857 rpm,800 rpm,1400 rpm
2026-09-22 00:30:00,27.4 V,27.8 V,27.6 V,,,,,27.3 V,27.0 V,25.8 V,27.5 V,1899 rpm,1889 rpm,1857 rpm,,,,,1401 rpm,1899 rpm,,1871 rpm
2026-09-22 01:00:00,27.3 V,27.9 V,26.0 V,,,,,27.5 V,27.6 V,27.3 V,27.5 V,800 rpm,1872 rpm,1887 rpm,,,,,1401 rpm,800 rpm,1848 rpm,1871 rpm
2026-09-22 01:30:00,27.4 V,27.9 V,27.6 V,,,,,27.2 V,27.5 V,27.4 V,27.5 V,1856 rpm,1853 rpm,1865 rpm,,,,,1887 rpm,1900 rpm,1865 rpm,1400 rpm
2026-09-22 02:00:00,27.4 V,26.6 V,27.6 V,,,,,27.3 V,27.4 V,27.4 V,27.5 V,1866 rpm,1890 rpm,1893 rpm,,,,,1848 rpm,1842 rpm,1906 rpm,1889 rpm
2026-09-22 02:30:00,27.4 V,,27.6 V,,,,,27.0 V,27.4 V,27.3 V,27.5 V,800 rpm,,1881 rpm,,,,,1895 rpm,1901 rpm,1846 rpm,1844 rpm
2026-09-22 03:00:00,27.5 V,,27.7 V,,,,27.6 V,27.2 V,27.4 V,27.4 V,27.3 V,800 rpm,790 rpm,1842 rpm,,,,1839 rpm,1846 rpm,1853 rpm,1844 rpm,1888 rpm
2026-09-22 03:30:00,27.5 V,,27.6 V,,,,27.5 V,27.2 V,27.4 V,27.3 V,27.3 V,800 rpm,1839 rpm,1873 rpm,,,,1899 rpm,1894 rpm,1859 rpm,1851 rpm,1842 rpm
2026-09-22 04:00:00,27.4 V,27.8 V,27.6 V,,,,27.6 V,27.4 V,27.5 V,27.2 V,27.3 V,1897 rpm,1902 rpm,1857 rpm,,,,1885 rpm,800 rpm,1898 rpm,1844 rpm,1842 rpm
2026-09-22 04:30:00,27.5 V,27.8 V,27.6 V,27.8 V,,,27.4 V,27.4 V,27.4 V,27.5 V,27.4 V,800 rpm,800 rpm,1844 rpm,0 rpm,,,1856 rpm,1875 rpm,1861 rpm,799 rpm,1867 rpm
2026-09-22 05:00:00,27.5 V,27.8 V,27.6 V,,,,27.4 V,27.4 V,27.3 V,27.3 V,27.3 V,1893 rpm,1866 rpm,800 rpm,,,,1837 rpm,1901 rpm,1891 rpm,1883 rpm,1880 rpm
2026-09-22 05:30:00,27.5 V,27.8 V,27.6 V,,,,27.4 V,27.4 V,27.3 V,27.3 V,27.1 V,1885 rpm,800 rpm,1414 rpm,,,,801 rpm,800 rpm,1901 rpm,1894 rpm,1864 rpm
2026-09-22 06:00:00,27.5 V,27.8 V,27.6 V,27.0 V,,,27.5 V,27.4 V,27.3 V,27.5 V,27.4 V,801 rpm,1885 rpm,799 rpm,1893 rpm,,,1874 rpm,1841 rpm,1888 rpm,801 rpm,1904 rpm
2026-09-22 06:30:00,27.3 V,27.7 V,27.6 V,27.8 V,,,27.3 V,27.3 V,,27.3 V,27.4 V,1836 rpm,1850 rpm,1845 rpm,800 rpm,,,1860 rpm,1841 rpm,,1868 rpm,1844 rpm
2026-09-22 07:00:00,27.3 V,27.7 V,27.6 V,27.5 V,27.4 V,,27.3 V,27.3 V,,27.2 V,27.3 V,1838 rpm,1845 rpm,1882 rpm,800 rpm,1899 rpm,,1813 rpm,1446 rpm,,1883 rpm,1401 rpm
2026-09-22 07:30:00,27.2 V,27.7 V,27.6 V,26.9 V,27.0 V,,27.3 V,27.3 V,,27.3 V,27.3 V,1850 rpm,1858 rpm,1877 rpm,1891 rpm,1854 rpm,,1831 rpm,1898 rpm,,1845 rpm,1873 rpm
2026-09-22 08:00:00,27.2 V,27.7 V,27.6 V,27.1 V,,,27.3 V,27.3 V,,27.2 V,27.3 V,1816 rpm,1843 rpm,1833 rpm,1861 rpm,,,1863 rpm,1400 rpm,,1840 rpm,1858 rpm
2026-09-22 08:30:00,27.2 V,27.8 V,27.6 V,26.8 V,,,27.3 V,27.2 V,,27.2 V,27.2 V,1888 rpm,1847 rpm,1904 rpm,1875 rpm,,,1854 rpm,1400 rpm,,1847 rpm,1886 rpm
2026-09-22 09:00:00,27.2 V,27.8 V,27.5 V,26.6 V,27.4 V,,27.2 V,27.2 V,,27.2 V,27.1 V,1879 rpm,800 rpm,1882 rpm,1885 rpm,1879 rpm,,1861 rpm,1901 rpm,,1902 rpm,1840 rpm
2026-09-22 09:30:00,27.2 V,27.7 V,27.4 V,26.5 V,26.8 V,,27.2 V,27.2 V,,25.2 V,27.3 V,1854 rpm,1400 rpm,1830 rpm,1901 rpm,1899 rpm,,1901 rpm,1841 rpm,,800 rpm,1401 rpm
2026-09-22 10:00:00,27.1 V,27.7 V,27.5 V,27.2 V,23.1 V,,27.2 V,27.2 V,,27.0 V,27.3 V,1822 rpm,1854 rpm,1899 rpm,799 rpm,0 rpm,,1833 rpm,1877 rpm,,1861 rpm,1400 rpm
2026-09-22 10:30:00,27.2 V,27.8 V,27.4 V,26.0 V,26.6 V,,27.1 V,27.2 V,,27.0 V,27.1 V,1401 rpm,1900 rpm,1900 rpm,0 rpm,1896 rpm,,1831 rpm,800 rpm,,1868 rpm,1843 rpm
2026-09-22 11:00:00,27.2 V,27.8 V,27.5 V,25.9 V,26.8 V,,27.1 V,27.1 V,,26.9 V,27.2 V,1874 rpm,1843 rpm,1909 rpm,0 rpm,1855 rpm,,1834 rpm,1903 rpm,,1892 rpm,1852 rpm
2026-09-22 11:30:00,27.2 V,27.8 V,27.4 V,25.7 V,26.9 V,,27.2 V,27.1 V,,26.8 V,27.0 V,1900 rpm,1867 rpm,1900 rpm,0 rpm,1843 rpm,,1846 rpm,800 rpm,,1844 rpm,1889 rpm
2026-09-22 12:00:00,27.1 V,27.7 V,27.4 V,27.3 V,27.1 V,,27.1 V,26.9 V,,27.1 V,27.1 V,1872 rpm,1831 rpm,799 rpm,799 rpm,1899 rpm,,1828 rpm,800 rpm,,800 rpm,1900 rpm
2026-09-22 12:30:00,27.1 V,27.9 V,27.4 V,27.0 V,27.2 V,,27.1 V,27.0 V,,27.1 V,27.3 V,1398 rpm,1485 rpm,1873 rpm,800 rpm,1838 rpm,,1817 rpm,1399 rpm,,800 rpm,1401 rpm
2026-09-22 13:00:00,27.1 V,27.8 V,27.3 V,25.4 V,25.7 V,,27.1 V,26.9 V,,26.9 V,27.1 V,800 rpm,1872 rpm,1906 rpm,0 rpm,0 rpm,,1870 rpm,1894 rpm,,1827 rpm,1846 rpm
2026-09-22 13:30:00,27.1 V,27.8 V,27.4 V,,25.5 V,,27.2 V,27.1 V,,26.8 V,27.1 V,1857 rpm,1857 rpm,1869 rpm,,0 rpm,,0 rpm,0 rpm,,1844 rpm,1838 rpm
2026-09-22 14:00:00,27.0 V,27.8 V,27.3 V,,27.0 V,,27.2 V,,,26.8 V,27.1 V,1849 rpm,1849 rpm,1902 rpm,,1811 rpm,,0 rpm,,,1900 rpm,1845 rpm
2026-09-22 14:30:00,27.1 V,27.8 V,27.3 V,25.3 V,27.1 V,,27.2 V,27.1 V,27.1 V,26.8 V,27.1 V,1841 rpm,1857 rpm,1877 rpm,0 rpm,1856 rpm,,800 rpm,1849 rpm,1898 rpm,1868 rpm,1880 rpm
2026-09-22 15:00:00,27.1 V,27.8 V,27.3 V,25.2 V,26.8 V,,27.2 V,27.0 V,27.1 V,26.8 V,27.2 V,1400 rpm,1842 rpm,1837 rpm,0 rpm,1888 rpm,,800 rpm,1904 rpm,1902 rpm,1840 rpm,1400 rpm
2026-09-22 15:30:00,27.1 V,27.7 V,27.3 V,26.4 V,27.0 V,,27.2 V,27.0 V,26.5 V,27.0 V,27.2 V,1852 rpm,800 rpm,1873 rpm,1879 rpm,800 rpm,,1860 rpm,1905 rpm,1900 rpm,1843 rpm,1822 rpm
2026-09-22 16:00:00,27.2 V,27.8 V,27.4 V,27.0 V,26.5 V,,27.2 V,27.0 V,27.1 V,26.9 V,27.1 V,1899 rpm,1854 rpm,1860 rpm,799 rpm,1899 rpm,,1834 rpm,1838 rpm,1896 rpm,1871 rpm,1885 rpm
2026-09-22 16:30:00,27.1 V,27.9 V,27.4 V,26.4 V,26.5 V,,27.2 V,27.0 V,27.1 V,27.0 V,27.0 V,1900 rpm,1840 rpm,1840 rpm,1879 rpm,1861 rpm,,1840 rpm,1907 rpm,800 rpm,1842 rpm,1867 rpm
2026-09-22 17:00:00,27.1 V,27.8 V,27.4 V,26.9 V,24.3 V,,27.2 V,27.1 V,27.1 V,27.1 V,27.1 V,1400 rpm,1856 rpm,800 rpm,800 rpm,800 rpm,,1857 rpm,1824 rpm,1877 rpm,1837 rpm,1842 rpm
2026-09-22 17:30:00,27.2 V,27.8 V,27.5 V,26.7 V,26.8 V,,27.1 V,27.1 V,23.2 V,25.5 V,27.0 V,1878 rpm,1807 rpm,1889 rpm,1891 rpm,1904 rpm,,801 rpm,800 rpm,800 rpm,0 rpm,1882 rpm
2026-09-22 18:00:00,27.2 V,27.8 V,27.5 V,26.6 V,26.8 V,,27.2 V,27.2 V,27.1 V,26.9 V,27.0 V,1869 rpm,1862 rpm,1833 rpm,1844 rpm,1899 rpm,,1885 rpm,1884 rpm,1852 rpm,1848 rpm,1831 rpm
2026-09-22 18:30:00,27.1 V,27.8 V,27.5 V,27.1 V,27.0 V,,27.3 V,27.2 V,27.0 V,26.7 V,27.1 V,1895 rpm,1873 rpm,1840 rpm,1876 rpm,1838 rpm,,1857 rpm,1866 rpm,1899 rpm,1901 rpm,1896 rpm
2026-09-22 19:00:00,27.1 V,27.8 V,27.5 V,26.4 V,27.2 V,,27.2 V,27.1 V,27.1 V,26.9 V,26.9 V,1865 rpm,1899 rpm,800 rpm,1841 rpm,1888 rpm,,1888 rpm,1836 rpm,1905 rpm,1897 rpm,1867 rpm
2026-09-22 19:30:00,27.2 V,27.8 V,27.5 V,26.6 V,26.8 V,,27.3 V,27.1 V,27.1 V,27.1 V,27.1 V,1400 rpm,1849 rpm,801 rpm,1895 rpm,1864 rpm,,1837 rpm,1838 rpm,1815 rpm,1898 rpm,1865 rpm
2026-09-22 20:00:00,27.3 V,27.8 V,27.5 V,26.6 V,26.9 V,,27.3 V,27.1 V,27.1 V,27.2 V,27.0 V,1400 rpm,1845 rpm,1864 rpm,1842 rpm,1835 rpm,,1873 rpm,1401 rpm,1848 rpm,1895 rpm,1872 rpm
2026-09-22 20:30:00,27.3 V,27.8 V,27.5 V,27.2 V,27.1 V,,27.3 V,27.1 V,27.2 V,27.2 V,27.3 V,1850 rpm,1886 rpm,1857 rpm,1843 rpm,1905 rpm,,1884 rpm,1840 rpm,1840 rpm,1885 rpm,1400 rpm
2026-09-22 21:00:00,27.3 V,27.8 V,27.5 V,27.2 V,26.8 V,,27.3 V,27.2 V,27.3 V,27.4 V,27.4 V,1400 rpm,1879 rpm,1846 rpm,1929 rpm,1860 rpm,,1820 rpm,1898 rpm,1826 rpm,800 rpm,1401 rpm
2026-09-22 21:30:00,27.3 V,27.8 V,27.5 V,26.8 V,26.7 V,,27.3 V,27.2 V,27.3 V,27.3 V,27.2 V,1879 rpm,1859 rpm,800 rpm,1850 rpm,1828 rpm,,1834 rpm,1877 rpm,1841 rpm,1846 rpm,1400 rpm
2026-09-22 22:00:00,27.2 V,27.8 V,27.6 V,27.0 V,27.0 V,,27.3 V,27.1 V,27.3 V,27.2 V,27.2 V,1850 rpm,1870 rpm,1880 rpm,1887 rpm,1512 rpm,,1900 rpm,1827 rpm,1824 rpm,1870 rpm,1843 rpm
2026-09-22 22:30:00,27.3 V,27.8 V,27.6 V,26.7 V,27.0 V,,27.3 V,27.2 V,27.4 V,27.2 V,27.2 V,1400 rpm,1861 rpm,1839 rpm,1860 rpm,1836 rpm,,1844 rpm,1836 rpm,1839 rpm,1862 rpm,1860 rpm
2026-09-22 23:00:00,27.3 V,27.8 V,27.5 V,26.9 V,27.2 V,,27.3 V,27.2 V,27.4 V,27.3 V,27.4 V,1898 rpm,1400 rpm,1875 rpm,1883 rpm,1853 rpm,,800 rpm,1842 rpm,1901 rpm,1890 rpm,1401 rpm
2026-09-22 23:30:00,27.3 V,27.8 V,27.6 V,26.5 V,27.3 V,,27.2 V,27.2 V,27.4 V,27.4 V,27.1 V,1902 rpm,1900 rpm,1915 rpm,1871 rpm,1839 rpm,,800 rpm,1837 rpm,1860 rpm,800 rpm,1900 rpm
2026-09-23 00:00:00,27.3 V,27.9 V,27.6 V,26.5 V,27.1 V,,27.3 V,27.1 V,27.2 V,27.3 V,27.2 V,1865 rpm,1900 rpm,801 rpm,1862 rpm,799 rpm,,1865 rpm,1459 rpm,1868 rpm,1900 rpm,1711 rpm
2026-09-23 00:30:00,27.2 V,27.8 V,27.6 V,26.8 V,26.7 V,,27.4 V,27.0 V,27.4 V,27.3 V,27.3 V,1863 rpm,1846 rpm,800 rpm,1899 rpm,1837 rpm,,1841 rpm,1857 rpm,799 rpm,1904 rpm,1878 rpm
2026-09-23 01:00:00,27.3 V,27.8 V,27.6 V,27.4 V,26.9 V,,27.3 V,27.1 V,27.1 V,27.5 V,27.3 V,1827 rpm,0 rpm,1910 rpm,0 rpm,1871 rpm,,1835 rpm,1400 rpm,1872 rpm,800 rpm,1862 rpm
2026-09-23 01:30:00,27.3 V,,27.5 V,,27.0 V,,27.3 V,27.1 V,27.3 V,27.3 V,27.4 V,1882 rpm,1361 rpm,1898 rpm,,1833 rpm,,1835 rpm,1894 rpm,1869 rpm,1851 rpm,801 rpm
2026-09-23 02:00:00,27.3 V,27.8 V,27.5 V,,26.7 V,,27.3 V,27.2 V,27.3 V,27.3 V,27.2 V,0 rpm,1899 rpm,1898 rpm,,1901 rpm,,1837 rpm,1400 rpm,1400 rpm,1843 rpm,1859 rpm
2026-09-23 02:30:00,27.3 V,27.8 V,27.6 V,27.3 V,27.0 V,,27.4 V,27.2 V,27.3 V,27.3 V,27.2 V,1901 rpm,1839 rpm,1824 rpm,1922 rpm,1841 rpm,,1840 rpm,1839 rpm,1855 rpm,1903 rpm,1856 rpm
2026-09-23 03:00:00,27.3 V,27.8 V,27.6 V,27.4 V,27.3 V,,27.3 V,27.1 V,27.4 V,25.5 V,27.3 V,1837 rpm,1841 rpm,800 rpm,1842 rpm,1401 rpm,,800 rpm,1888 rpm,1844 rpm,0 rpm,1903 rpm
2026-09-23 03:30:00,27.3 V,27.8 V,27.6 V,26.9 V,27.0 V,,27.3 V,27.1 V,27.4 V,27.4 V,27.5 V,1896 rpm,1863 rpm,1898 rpm,1842 rpm,1834 rpm,,1872 rpm,1842 rpm,1873 rpm,1400 rpm,799 rpm
2026-09-23 04:00:00,27.3 V,27.8 V,27.6 V,27.3 V,27.4 V,,27.3 V,27.1 V,27.4 V,27.4 V,27.3 V,1879 rpm,1845 rpm,800 rpm,1846 rpm,1399 rpm,,1837 rpm,1835 rpm,801 rpm,1901 rpm,1847 rpm
2026-09-23 04:30:00,27.3 V,27.8 V,27.6 V,26.8 V,27.3 V,,27.3 V,27.1 V,27.3 V,27.4 V,27.2 V,1887 rpm,1400 rpm,1856 rpm,1877 rpm,1867 rpm,,1841 rpm,1884 rpm,1832 rpm,1856 rpm,1814 rpm
2026-09-23 05:00:00,27.3 V,27.8 V,27.4 V,27.1 V,27.4 V,,27.4 V,27.2 V,27.2 V,27.3 V,27.5 V,1399 rpm,1842 rpm,800 rpm,799 rpm,800 rpm,,1840 rpm,1877 rpm,1865 rpm,1896 rpm,1827 rpm
2026-09-23 05:30:00,27.4 V,27.8 V,27.6 V,27.4 V,27.3 V,,27.3 V,27.3 V,27.3 V,27.6 V,27.2 V,1892 rpm,799 rpm,1845 rpm,800 rpm,800 rpm,,800 rpm,800 rpm,1848 rpm,906 rpm,800 rpm
2026-09-23 06:00:00,27.4 V,27.8 V,27.6 V,27.3 V,27.4 V,,27.4 V,27.4 V,27.2 V,27.3 V,27.3 V,1850 rpm,1401 rpm,1849 rpm,800 rpm,800 rpm,,1805 rpm,1845 rpm,1870 rpm,1860 rpm,1840 rpm
2026-09-23 06:30:00,27.3 V,27.8 V,27.5 V,26.7 V,26.7 V,,27.2 V,27.2 V,27.5 V,26.9 V,27.3 V,1852 rpm,1854 rpm,1883 rpm,1883 rpm,1887 rpm,,1901 rpm,1902 rpm,800 rpm,1861 rpm,1861 rpm
2026-09-23 07:00:00,27.3 V,27.8 V,27.5 V,27.0 V,27.1 V,,27.3 V,27.3 V,27.3 V,27.2 V,27.4 V,1400 rpm,1863 rpm,1889 rpm,1868 rpm,1903 rpm,,800 rpm,1838 rpm,1839 rpm,1917 rpm,1904 rpm
2026-09-23 07:30:00,27.4 V,27.8 V,27.6 V,27.0 V,26.6 V,,27.3 V,27.3 V,27.2 V,27.1 V,27.2 V,1880 rpm,1865 rpm,1841 rpm,1850 rpm,1889 rpm,,1846 rpm,1833 rpm,1897 rpm,1904 rpm,1887 rpm
2026-09-23 08:00:00,27.3 V,27.8 V,27.5 V,27.2 V,26.9 V,,27.3 V,27.3 V,27.3 V,27.1 V,27.3 V,1864 rpm,1894 rpm,1818 rpm,801 rpm,1906 rpm,,1837 rpm,1835 rpm,1836 rpm,1901 rpm,1840 rpm
2026-09-23 08:30:00,27.3 V,27.8 V,27.5 V,26.6 V,27.1 V,,27.3 V,27.1 V,27.2 V,27.1 V,27.3 V,1399 rpm,1401 rpm,1847 rpm,1878 rpm,800 rpm,,1833 rpm,1897 rpm,1876 rpm,1902 rpm,1852 rpm
2026-09-23 09:00:00,27.2 V,27.8 V,27.4 V,27.0 V,26.6 V,,27.2 V,27.2 V,27.4 V,27.1 V,27.1 V,1858 rpm,1909 rpm,1893 rpm,1896 rpm,1844 rpm,,1837 rpm,1861 rpm,1400 rpm,1852 rpm,1847 rpm
2026-09-23 09:30:00,27.3 V,27.8 V,27.4 V,27.0 V,26.6 V,,27.2 V,27.3 V,27.2 V,27.0 V,27.2 V,1842 rpm,1851 rpm,1840 rpm,1862 rpm,1857 rpm,,1884 rpm,1853 rpm,1878 rpm,1839 rpm,1893 rpm
2026-09-23 10:00:00,27.2 V,27.8 V,27.4 V,27.1 V,26.5 V,,27.2 V,27.3 V,27.4 V,27.3 V,27.2 V,1905 rpm,1900 rpm,1834 rpm,799 rpm,800 rpm,,1877 rpm,1900 rpm,800 rpm,1810 rpm,1842 rpm
2026-09-23 10:30:00,27.2 V,27.8 V,27.4 V,26.9 V,27.0 V,,27.2 V,27.3 V,27.5 V,27.0 V,27.2 V,1875 rpm,1887 rpm,1812 rpm,1848 rpm,1827 rpm,,1886 rpm,1866 rpm,800 rpm,1902 rpm,1884 rpm
2026-09-23 11:00:00,27.2 V,27.8 V,27.4 V,26.7 V,26.8 V,,27.2 V,27.2 V,27.7 V,27.0 V,27.1 V,1839 rpm,800 rpm,1900 rpm,1899 rpm,1826 rpm,,1845 rpm,1843 rpm,800 rpm,1904 rpm,1901 rpm
2026-09-23 11:30:00,27.1 V,27.8 V,27.4 V,26.6 V,27.0 V,,27.2 V,27.1 V,27.7 V,26.9 V,27.1 V,1517 rpm,1874 rpm,1841 rpm,1839 rpm,1856 rpm,,1908 rpm,1400 rpm,800 rpm,1846 rpm,1851 rpm
2026-09-23 12:00:00,27.2 V,27.7 V,27.3 V,26.5 V,26.8 V,,27.3 V,27.2 V,,26.9 V,27.2 V,1863 rpm,1869 rpm,1901 rpm,1844 rpm,1832 rpm,,800 rpm,800 rpm,,1869 rpm,1849 rpm
2026-09-23 12:30:00,27.2 V,27.7 V,27.4 V,26.6 V,26.8 V,,27.4 V,27.2 V,,27.0 V,27.0 V,800 rpm,1844 rpm,1902 rpm,1908 rpm,1832 rpm,,1901 rpm,801 rpm,,1902 rpm,800 rpm
2026-09-23 13:00:00,27.2 V,27.8 V,27.3 V,27.0 V,26.8 V,,27.3 V,27.2 V,,27.0 V,27.0 V,1873 rpm,1832 rpm,1884 rpm,1899 rpm,1899 rpm,,799 rpm,801 rpm,,1851 rpm,1707 rpm
2026-09-23 13:30:00,27.2 V,27.8 V,27.3 V,26.9 V,26.5 V,,27.2 V,27.2 V,27.6 V,27.0 V,27.0 V,1904 rpm,1904 rpm,1883 rpm,1866 rpm,1871 rpm,,1901 rpm,800 rpm,800 rpm,1915 rpm,1845 rpm
2026-09-23 14:00:00,27.2 V,27.8 V,27.2 V,27.2 V,26.6 V,,27.3 V,27.2 V,26.8 V,27.2 V,27.0 V,1850 rpm,1862 rpm,1841 rpm,800 rpm,1861 rpm,,1827 rpm,1841 rpm,0 rpm,1400 rpm,1840 rpm
2026-09-23 14:30:00,27.2 V,27.8 V,27.4 V,26.7 V,26.5 V,,27.2 V,27.3 V,27.6 V,26.9 V,27.0 V,1842 rpm,800 rpm,1893 rpm,1898 rpm,1897 rpm,,1890 rpm,1851 rpm,800 rpm,1872 rpm,1856 rpm
2026-09-23 15:00:00,27.2 V,27.8 V,27.4 V,27.0 V,27.0 V,,27.1 V,27.2 V,27.7 V,26.9 V,27.0 V,1843 rpm,1856 rpm,1857 rpm,1832 rpm,1840 rpm,,1828 rpm,1895 rpm,800 rpm,1400 rpm,800 rpm
2026-09-23 15:30:00,27.2 V,27.5 V,27.4 V,26.8 V,26.7 V,,26.8 V,27.1 V,27.6 V,27.1 V,26.9 V,1855 rpm,1848 rpm,1109 rpm,1839 rpm,1847 rpm,,1899 rpm,1843 rpm,801 rpm,1902 rpm,1844 rpm
2026-09-23 16:00:00,27.2 V,27.8 V,27.4 V,26.5 V,26.7 V,,27.2 V,27.0 V,27.8 V,27.2 V,27.0 V,1831 rpm,1895 rpm,1835 rpm,1847 rpm,1835 rpm,,800 rpm,1917 rpm,801 rpm,1887 rpm,1855 rpm
2026-09-23 16:30:00,27.2 V,27.8 V,27.1 V,26.5 V,26.9 V,,26.9 V,27.1 V,27.6 V,27.1 V,26.9 V,1902 rpm,1840 rpm,1857 rpm,1891 rpm,1895 rpm,,1813 rpm,1819 rpm,800 rpm,1881 rpm,1868 rpm
2026-09-23 17:00:00,27.2 V,27.8 V,,26.4 V,27.0 V,,27.2 V,27.1 V,27.6 V,27.0 V,27.0 V,1400 rpm,1843 rpm,,1822 rpm,800 rpm,,1832 rpm,800 rpm,800 rpm,1846 rpm,800 rpm

