sep=,
"Time","I38","I39","I40","I41","I42","I43","I44","I48","I38","I39","I40","I41","I42","I43","I44","I48"
2026-09-07 15:08:00,26.8 V,26.2 V,26.2 V,,,,26.5 V,26.3 V,1855 rpm,1862 rpm,1772 rpm,,,,1824 rpm,800 rpm
2026-09-07 15:10:00,26.8 V,26.6 V,26.6 V,,,,26.4 V,26.3 V,1817 rpm,1821 rpm,1757 rpm,,,,1819 rpm,800 rpm
2026-09-07 15:12:00,26.8 V,26.6 V,26.7 V,,,,26.4 V,26.0 V,1828 rpm,1832 rpm,1778 rpm,,,,1830 rpm,1565 rpm
2026-09-07 15:14:00,26.8 V,26.6 V,26.2 V,,,,26.5 V,26.0 V,1840 rpm,1404 rpm,1797 rpm,,,,1817 rpm,1804 rpm
2026-09-07 15:16:00,26.8 V,26.6 V,,,,,26.5 V,25.9 V,1822 rpm,1400 rpm,,,,,1813 rpm,1805 rpm
2026-09-07 15:18:00,26.8 V,26.7 V,,,,,26.5 V,25.9 V,1844 rpm,1400 rpm,,,,,1832 rpm,1800 rpm
2026-09-07 15:20:00,26.8 V,26.7 V,26.7 V,,,,26.5 V,26.1 V,1818 rpm,1400 rpm,1796 rpm,,,,1827 rpm,1416 rpm
2026-09-07 15:22:00,26.8 V,26.7 V,26.7 V,,,,26.5 V,26.3 V,1814 rpm,1843 rpm,1777 rpm,,,,1814 rpm,846 rpm
2026-09-07 15:24:00,26.8 V,26.6 V,26.6 V,,,,26.5 V,26.0 V,1728 rpm,1821 rpm,1760 rpm,,,,1829 rpm,1780 rpm
2026-09-07 15:26:00,26.8 V,26.5 V,26.7 V,,,,26.5 V,25.8 V,1176 rpm,1851 rpm,1759 rpm,,,,1812 rpm,1600 rpm
2026-09-07 15:28:00,26.8 V,26.7 V,26.7 V,,,,26.5 V,26.3 V,1829 rpm,1809 rpm,1774 rpm,,,,1814 rpm,800 rpm
2026-09-07 15:30:00,26.8 V,26.7 V,26.7 V,,,,26.5 V,26.3 V,1872 rpm,1831 rpm,1725 rpm,,,,1800 rpm,799 rpm
2026-09-07 15:32:00,26.7 V,26.7 V,26.7 V,,,,26.3 V,26.2 V,1851 rpm,1819 rpm,1794 rpm,,,,1825 rpm,800 rpm
2026-09-07 15:34:00,26.8 V,26.7 V,26.7 V,,,,26.5 V,26.1 V,1827 rpm,1822 rpm,1803 rpm,,,,1810 rpm,1311 rpm
2026-09-07 15:36:00,26.8 V,26.7 V,26.7 V,,,,26.5 V,26.0 V,1838 rpm,1848 rpm,1781 rpm,,,,1810 rpm,1795 rpm
2026-09-07 15:38:00,26.8 V,26.7 V,26.6 V,,,,26.5 V,26.0 V,1832 rpm,1821 rpm,1775 rpm,,,,1823 rpm,1708 rpm
2026-09-07 15:40:00,26.8 V,26.6 V,26.7 V,26.8 V,,,26.5 V,26.0 V,1835 rpm,1820 rpm,1792 rpm,1882 rpm,,,1806 rpm,1815 rpm
2026-09-07 15:42:00,26.8 V,26.6 V,26.7 V,26.9 V,,,26.5 V,25.9 V,1841 rpm,1848 rpm,1758 rpm,1880 rpm,,,1823 rpm,1824 rpm
2026-09-07 15:44:00,26.8 V,26.6 V,26.7 V,26.8 V,,,26.5 V,26.0 V,1850 rpm,1880 rpm,1774 rpm,1884 rpm,,,1802 rpm,1808 rpm
2026-09-07 15:46:00,26.8 V,26.5 V,26.7 V,26.8 V,,,,25.8 V,1832 rpm,1829 rpm,1778 rpm,1887 rpm,,,,1801 rpm
2026-09-07 15:48:00,26.8 V,26.7 V,26.7 V,26.8 V,,,25.4 V,26.0 V,1825 rpm,1824 rpm,1783 rpm,1856 rpm,,,13.8 rpm,1723 rpm
2026-09-07 15:50:00,26.8 V,26.6 V,26.3 V,26.8 V,,,,25.9 V,1840 rpm,1829 rpm,1779 rpm,1835 rpm,,,,1809 rpm
2026-09-07 15:52:00,26.7 V,26.6 V,26.6 V,26.8 V,,,,26.0 V,1844 rpm,1821 rpm,1776 rpm,1824 rpm,,,,1712 rpm
2026-09-07 15:54:00,26.7 V,26.5 V,26.5 V,26.8 V,,,,26.0 V,1878 rpm,1836 rpm,1784 rpm,1853 rpm,,,,1808 rpm
2026-09-07 15:56:00,26.7 V,26.6 V,26.5 V,26.8 V,,,,25.9 V,1865 rpm,1843 rpm,1762 rpm,1818 rpm,,,,1801 rpm
2026-09-07 15:58:00,26.7 V,26.6 V,26.7 V,26.8 V,,,,25.7 V,1843 rpm,1894 rpm,1762 rpm,1828 rpm,,,,1831 rpm
2026-09-07 16:00:00,26.7 V,26.6 V,26.5 V,26.7 V,,,,25.9 V,1875 rpm,1900 rpm,1782 rpm,1883 rpm,,,,1799 rpm
2026-09-07 16:02:00,26.6 V,26.6 V,26.3 V,26.7 V,,,,25.9 V,1890 rpm,1900 rpm,1813 rpm,1900 rpm,,,,1771 rpm
2026-09-07 16:04:00,26.7 V,26.7 V,26.7 V,26.8 V,,,,26.1 V,1821 rpm,1900 rpm,1705 rpm,1849 rpm,,,,1841 rpm
2026-09-07 16:06:00,26.8 V,26.7 V,26.7 V,26.7 V,,,,25.9 V,1832 rpm,1815 rpm,1804 rpm,1831 rpm,,,,1699 rpm
2026-09-07 16:08:00,26.7 V,26.7 V,26.4 V,26.7 V,,,,25.9 V,1859 rpm,1820 rpm,1773 rpm,1818 rpm,,,,1817 rpm
2026-09-07 16:10:00,26.8 V,26.5 V,26.7 V,26.5 V,,,,26.0 V,1830 rpm,1826 rpm,1774 rpm,1834 rpm,,,,1704 rpm
2026-09-07 16:12:00,26.8 V,26.7 V,26.5 V,26.7 V,,,,26.0 V,1836 rpm,1812 rpm,1771 rpm,1821 rpm,,,,1673 rpm
2026-09-07 16:14:00,26.8 V,26.7 V,26.4 V,26.7 V,,,,26.0 V,1850 rpm,1846 rpm,1760 rpm,1815 rpm,,,,1814 rpm
2026-09-07 16:16:00,26.8 V,26.6 V,,26.6 V,,,,25.9 V,1900 rpm,1874 rpm,,1856 rpm,,,,1485 rpm
2026-09-07 16:18:00,26.7 V,26.6 V,,26.7 V,,,,26.3 V,1637 rpm,1892 rpm,,1820 rpm,,,,800 rpm
2026-09-07 16:20:00,26.7 V,26.6 V,26.5 V,26.7 V,,,,26.3 V,1871 rpm,1900 rpm,1813 rpm,1830 rpm,,,,1057 rpm
2026-09-07 16:22:00,26.8 V,26.7 V,26.7 V,26.7 V,,,,26.1 V,1880 rpm,1900 rpm,1763 rpm,1876 rpm,,,,1793 rpm
2026-09-07 16:24:00,26.8 V,26.7 V,26.7 V,26.7 V,,,,26.1 V,1851 rpm,1870 rpm,1760 rpm,1661 rpm,,,,1808 rpm
2026-09-07 16:26:00,26.8 V,26.7 V,26.5 V,26.7 V,,,,25.9 V,1842 rpm,1834 rpm,1783 rpm,800 rpm,,,,1811 rpm
2026-09-07 16:28:00,26.8 V,26.7 V,26.7 V,26.7 V,,,,26.1 V,1843 rpm,1822 rpm,1799 rpm,800 rpm,,,,1788 rpm
2026-09-07 16:30:00,26.8 V,26.6 V,26.7 V,26.6 V,,,,26.3 V,1854 rpm,1829 rpm,1855 rpm,1698 rpm,,,,1056 rpm
2026-09-07 16:32:00,26.9 V,26.7 V,26.7 V,26.7 V,,,,26.4 V,1860 rpm,1894 rpm,1839 rpm,1816 rpm,,,,800 rpm
2026-09-07 16:34:00,26.9 V,26.7 V,26.7 V,26.7 V,,,,26.4 V,1872 rpm,1859 rpm,1832 rpm,1828 rpm,,,,800 rpm
2026-09-07 16:36:00,26.9 V,26.7 V,26.8 V,26.7 V,,,,26.4 V,1876 rpm,1849 rpm,1656 rpm,1900 rpm,,,,800 rpm
2026-09-07 16:38:00,26.9 V,26.8 V,26.8 V,26.6 V,,,26.7 V,26.5 V,1880 rpm,1818 rpm,800 rpm,1812 rpm,,,800 rpm,800 rpm
2026-09-07 16:40:00,26.8 V,26.7 V,26.8 V,26.8 V,,,26.7 V,26.5 V,1481 rpm,1821 rpm,1215 rpm,1825 rpm,,,800 rpm,800 rpm
2026-09-07 16:42:00,26.9 V,26.6 V,26.5 V,26.8 V,,,26.7 V,26.5 V,800 rpm,1822 rpm,1770 rpm,1838 rpm,,,800 rpm,800 rpm
2026-09-07 16:44:00,26.9 V,26.7 V,26.8 V,26.6 V,,,26.7 V,26.5 V,800 rpm,1812 rpm,1768 rpm,1753 rpm,,,800 rpm,800 rpm
2026-09-07 16:46:00,26.9 V,26.7 V,26.6 V,26.7 V,,,26.8 V,26.5 V,800 rpm,1863 rpm,1471 rpm,800 rpm,,,800 rpm,800 rpm
2026-09-07 16:48:00,26.9 V,26.7 V,26.8 V,26.7 V,27.1 V,,26.8 V,26.5 V,800 rpm,1831 rpm,800 rpm,800 rpm,800 rpm,,800 rpm,800 rpm
2026-09-07 16:50:00,26.9 V,26.7 V,26.8 V,26.7 V,,,26.8 V,26.5 V,800 rpm,1813 rpm,800 rpm,800 rpm,,,1730 rpm,800 rpm
2026-09-07 16:52:00,26.9 V,26.6 V,,26.7 V,27.1 V,,26.8 V,26.5 V,800 rpm,1843 rpm,,800 rpm,873 rpm,,1819 rpm,800 rpm
2026-09-07 16:54:00,26.8 V,26.7 V,26.8 V,26.7 V,27.1 V,,26.8 V,26.5 V,1045 rpm,1819 rpm,1773 rpm,800 rpm,800 rpm,,1811 rpm,800 rpm
2026-09-07 16:56:00,26.9 V,26.7 V,26.8 V,26.8 V,27.1 V,,26.8 V,26.5 V,1867 rpm,1821 rpm,1767 rpm,800 rpm,990 rpm,,1819 rpm,800 rpm
2026-09-07 16:58:00,26.9 V,26.7 V,26.6 V,26.8 V,27.1 V,,26.8 V,26.5 V,1863 rpm,1838 rpm,1770 rpm,800 rpm,1669 rpm,,1820 rpm,800 rpm
2026-09-07 17:00:00,26.9 V,26.7 V,26.7 V,26.8 V,27.0 V,,26.8 V,26.5 V,1873 rpm,1811 rpm,1767 rpm,800 rpm,1841 rpm,,1819 rpm,800 rpm
2026-09-07 17:02:00,26.9 V,26.6 V,26.8 V,26.8 V,27.1 V,,26.8 V,26.5 V,1873 rpm,1820 rpm,1765 rpm,800 rpm,1170 rpm,,1829 rpm,800 rpm
2026-09-07 17:04:00,26.9 V,26.7 V,26.8 V,26.8 V,,,26.8 V,26.5 V,1864 rpm,1190 rpm,1764 rpm,800 rpm,,,1833 rpm,800 rpm
2026-09-07 17:06:00,26.9 V,26.7 V,26.7 V,26.8 V,,,26.8 V,26.5 V,1838 rpm,1134 rpm,1597 rpm,800 rpm,,,1824 rpm,800 rpm
2026-09-07 17:08:00,26.9 V,26.7 V,26.8 V,26.8 V,,,26.8 V,26.5 V,1855 rpm,1837 rpm,800 rpm,800 rpm,,,1815 rpm,800 rpm
2026-09-07 17:10:00,26.9 V,26.7 V,26.8 V,26.8 V,,,26.8 V,26.5 V,936 rpm,1889 rpm,800 rpm,800 rpm,,,1835 rpm,800 rpm
2026-09-07 17:12:00,26.9 V,26.7 V,26.6 V,26.8 V,,26.6 V,26.8 V,26.6 V,800 rpm,1821 rpm,1546 rpm,800 rpm,,801 rpm,1809 rpm,800 rpm
2026-09-07 17:14:00,26.9 V,26.7 V,26.8 V,26.8 V,,26.8 V,26.8 V,26.6 V,800 rpm,1812 rpm,1756 rpm,908 rpm,,800 rpm,1819 rpm,800 rpm
2026-09-07 17:16:00,26.9 V,26.5 V,26.5 V,26.9 V,,26.9 V,26.5 V,26.6 V,1685 rpm,1818 rpm,1773 rpm,1060 rpm,,1626 rpm,1825 rpm,800 rpm
2026-09-07 17:18:00,26.9 V,26.7 V,26.6 V,26.9 V,,,26.8 V,26.6 V,1558 rpm,1821 rpm,1753 rpm,887 rpm,,,1804 rpm,800 rpm
2026-09-07 17:20:00,26.0 V,26.7 V,26.8 V,26.9 V,,,26.7 V,26.6 V,800 rpm,1835 rpm,1763 rpm,800 rpm,,,1818 rpm,800 rpm
2026-09-07 17:22:00,26.8 V,26.7 V,26.8 V,,,,26.5 V,26.6 V,801 rpm,1887 rpm,1816 rpm,,,,1821 rpm,800 rpm
2026-09-07 17:24:00,26.9 V,26.7 V,26.8 V,26.9 V,,,26.7 V,26.6 V,800 rpm,1881 rpm,1710 rpm,1785 rpm,,,1815 rpm,800 rpm
2026-09-07 17:26:00,26.9 V,26.8 V,26.8 V,26.9 V,,,26.7 V,26.6 V,800 rpm,1900 rpm,1724 rpm,800 rpm,,,1818 rpm,800 rpm
2026-09-07 17:28:00,25.7 V,26.8 V,26.1 V,26.9 V,,,26.7 V,26.6 V,1300 rpm,1874 rpm,1864 rpm,800 rpm,,,1816 rpm,800 rpm
2026-09-07 17:30:00,26.8 V,26.8 V,26.8 V,26.9 V,,,26.7 V,26.7 V,1735 rpm,800 rpm,1833 rpm,800 rpm,,,1875 rpm,800 rpm
2026-09-07 17:32:00,26.8 V,26.8 V,,26.9 V,,,26.7 V,26.6 V,1782 rpm,800 rpm,,800 rpm,,,1828 rpm,800 rpm
2026-09-07 17:34:00,26.8 V,26.6 V,26.8 V,26.9 V,,,26.7 V,26.7 V,1853 rpm,800 rpm,1808 rpm,800 rpm,,,1826 rpm,800 rpm
2026-09-07 17:36:00,26.8 V,26.8 V,26.8 V,26.9 V,,,26.3 V,26.7 V,1844 rpm,801 rpm,1840 rpm,800 rpm,,,1861 rpm,800 rpm
2026-09-07 17:38:00,26.7 V,26.8 V,26.7 V,26.9 V,,,26.7 V,26.7 V,1772 rpm,801 rpm,1738 rpm,800 rpm,,,1846 rpm,800 rpm
2026-09-07 17:40:00,26.8 V,26.4 V,26.8 V,26.9 V,,,26.7 V,26.4 V,1505 rpm,800 rpm,1748 rpm,800 rpm,,,1839 rpm,1771 rpm
2026-09-07 17:42:00,26.6 V,26.6 V,26.8 V,26.9 V,,,26.7 V,26.2 V,1778 rpm,1404 rpm,1751 rpm,800 rpm,,,1816 rpm,1767 rpm
2026-09-07 17:44:00,26.7 V,26.8 V,26.6 V,26.9 V,,,26.7 V,26.6 V,1820 rpm,1831 rpm,1747 rpm,800 rpm,,,1755 rpm,1400 rpm
2026-09-07 17:46:00,26.7 V,26.6 V,26.8 V,26.9 V,,,26.6 V,25.4 V,1831 rpm,1824 rpm,1713 rpm,800 rpm,,,800 rpm,267 rpm
2026-09-07 17:48:00,26.6 V,26.8 V,26.7 V,26.9 V,,,26.3 V,26.6 V,1812 rpm,1819 rpm,1756 rpm,800 rpm,,,800 rpm,800 rpm
2026-09-07 17:50:00,26.6 V,26.8 V,26.8 V,26.0 V,,,26.6 V,26.6 V,1829 rpm,1847 rpm,1710 rpm,1536 rpm,,,800 rpm,800 rpm
2026-09-07 17:52:00,26.7 V,26.6 V,26.8 V,26.9 V,,,26.6 V,,1816 rpm,1737 rpm,1809 rpm,1889 rpm,,,800 rpm,
2026-09-07 17:54:00,26.6 V,26.8 V,26.0 V,26.9 V,,,26.7 V,,1828 rpm,1823 rpm,1009 rpm,1900 rpm,,,800 rpm,
2026-09-07 17:56:00,26.7 V,26.7 V,26.2 V,26.9 V,,,26.7 V,,1851 rpm,1686 rpm,800 rpm,1897 rpm,,,800 rpm,
2026-09-07 17:58:00,26.7 V,26.7 V,25.8 V,26.9 V,,26.9 V,26.7 V,,1831 rpm,1810 rpm,800 rpm,1890 rpm,,1391 rpm,1107 rpm,
2026-09-07 18:00:00,26.7 V,26.7 V,26.7 V,27.0 V,,26.9 V,26.7 V,,1834 rpm,1826 rpm,800 rpm,1896 rpm,,800 rpm,1607 rpm,
2026-09-07 18:02:00,25.9 V,26.7 V,26.7 V,27.0 V,,26.9 V,26.7 V,,937 rpm,807 rpm,1022 rpm,1899 rpm,,800 rpm,800 rpm,
2026-09-07 18:04:00,26.6 V,26.6 V,26.5 V,26.9 V,,26.9 V,26.7 V,,800 rpm,949 rpm,1808 rpm,1900 rpm,,800 rpm,800 rpm,
2026-09-07 18:06:00,26.0 V,26.7 V,26.8 V,27.0 V,,26.4 V,26.7 V,26.7 V,800 rpm,808 rpm,1790 rpm,1900 rpm,,800 rpm,1402 rpm,800 rpm
2026-09-07 18:08:00,26.7 V,26.7 V,26.8 V,27.0 V,,25.8 V,26.7 V,26.4 V,800 rpm,824 rpm,1767 rpm,1890 rpm,,800 rpm,1825 rpm,1529 rpm
2026-09-07 18:10:00,26.7 V,26.5 V,26.5 V,27.0 V,,,26.7 V,26.3 V,1715 rpm,1349 rpm,1770 rpm,1900 rpm,,,1826 rpm,1878 rpm
2026-09-07 18:12:00,26.7 V,26.8 V,26.8 V,27.0 V,,26.9 V,26.7 V,26.3 V,1653 rpm,1811 rpm,1803 rpm,1900 rpm,,800 rpm,1837 rpm,1863 rpm
2026-09-07 18:14:00,26.7 V,26.8 V,26.8 V,27.0 V,,26.9 V,26.7 V,26.2 V,800 rpm,1056 rpm,1804 rpm,1901 rpm,,800 rpm,1815 rpm,1857 rpm
2026-09-07 18:16:00,26.7 V,26.7 V,26.8 V,27.0 V,,26.3 V,26.7 V,26.2 V,800 rpm,800 rpm,1822 rpm,1876 rpm,,800 rpm,1827 rpm,1865 rpm
2026-09-07 18:18:00,26.7 V,26.7 V,26.8 V,27.0 V,,26.8 V,26.7 V,26.3 V,800 rpm,1333 rpm,1797 rpm,1814 rpm,,1556 rpm,1863 rpm,1861 rpm
2026-09-07 18:20:00,26.7 V,26.8 V,26.4 V,26.8 V,,26.9 V,26.6 V,26.3 V,800 rpm,1808 rpm,1772 rpm,1825 rpm,,1852 rpm,1827 rpm,1456 rpm
2026-09-07 18:22:00,26.7 V,26.8 V,26.8 V,26.9 V,,26.9 V,26.7 V,26.5 V,800 rpm,1756 rpm,1758 rpm,1801 rpm,,1853 rpm,1830 rpm,800 rpm
2026-09-07 18:24:00,26.8 V,26.8 V,26.6 V,26.9 V,,26.9 V,26.5 V,26.5 V,800 rpm,1661 rpm,1784 rpm,1811 rpm,,1867 rpm,1834 rpm,800 rpm
2026-09-07 18:26:00,26.8 V,26.8 V,26.8 V,26.9 V,,26.9 V,26.7 V,26.5 V,1006 rpm,1829 rpm,1763 rpm,1840 rpm,,1869 rpm,1815 rpm,800 rpm
2026-09-07 18:28:00,26.8 V,26.8 V,26.8 V,26.9 V,,26.9 V,26.7 V,26.5 V,881 rpm,1578 rpm,1785 rpm,1843 rpm,,1817 rpm,1833 rpm,800 rpm
2026-09-07 18:30:00,26.8 V,26.6 V,26.8 V,26.9 V,,26.9 V,26.7 V,26.5 V,800 rpm,1181 rpm,1118 rpm,1822 rpm,,1822 rpm,1836 rpm,800 rpm
2026-09-07 18:32:00,26.0 V,26.7 V,26.8 V,26.9 V,,26.9 V,26.7 V,26.5 V,800 rpm,1807 rpm,998 rpm,1836 rpm,,1822 rpm,1819 rpm,800 rpm
2026-09-07 18:34:00,26.8 V,26.8 V,26.8 V,26.8 V,,26.9 V,26.7 V,26.5 V,800 rpm,1781 rpm,1824 rpm,1812 rpm,,1831 rpm,1821 rpm,800 rpm
2026-09-07 18:36:00,26.8 V,26.8 V,26.7 V,26.8 V,,26.9 V,26.7 V,26.5 V,800 rpm,1810 rpm,1795 rpm,1819 rpm,,1805 rpm,1832 rpm,800 rpm
2026-09-07 18:38:00,26.8 V,26.8 V,26.5 V,26.9 V,,26.9 V,26.6 V,26.5 V,800 rpm,1814 rpm,1820 rpm,1349 rpm,,1802 rpm,1830 rpm,800 rpm
2026-09-07 18:40:00,25.9 V,26.7 V,26.8 V,26.9 V,,26.9 V,26.6 V,26.5 V,1003 rpm,1806 rpm,1777 rpm,1271 rpm,,1820 rpm,1810 rpm,800 rpm
2026-09-07 18:42:00,26.8 V,26.5 V,26.8 V,26.8 V,,26.9 V,26.6 V,26.5 V,1833 rpm,1822 rpm,1785 rpm,1271 rpm,,1801 rpm,1816 rpm,800 rpm
2026-09-07 18:44:00,26.8 V,26.7 V,26.8 V,26.9 V,,26.9 V,26.6 V,26.6 V,1825 rpm,1784 rpm,1797 rpm,1271 rpm,,1799 rpm,1841 rpm,800 rpm
2026-09-07 18:46:00,26.8 V,26.7 V,26.6 V,26.9 V,,26.9 V,26.6 V,26.3 V,1801 rpm,1812 rpm,1782 rpm,1545 rpm,,1818 rpm,1814 rpm,1755 rpm
2026-09-07 18:48:00,26.7 V,26.7 V,26.8 V,26.9 V,,26.9 V,26.6 V,26.3 V,1810 rpm,1780 rpm,1795 rpm,1802 rpm,,1797 rpm,1815 rpm,1768 rpm
2026-09-07 18:50:00,26.7 V,26.7 V,26.8 V,26.9 V,,26.8 V,26.6 V,26.3 V,1834 rpm,1810 rpm,1816 rpm,1833 rpm,,1808 rpm,1837 rpm,1804 rpm
2026-09-07 18:52:00,26.7 V,26.7 V,26.5 V,26.9 V,,26.8 V,26.6 V,26.5 V,1842 rpm,1824 rpm,1785 rpm,1669 rpm,,1800 rpm,1838 rpm,997 rpm
2026-09-07 18:54:00,26.7 V,26.6 V,26.8 V,26.9 V,,26.8 V,26.7 V,26.3 V,1851 rpm,1818 rpm,1787 rpm,1837 rpm,,1794 rpm,1823 rpm,1646 rpm
2026-09-07 18:56:00,26.7 V,26.7 V,26.8 V,26.9 V,,26.9 V,26.7 V,26.2 V,1853 rpm,1812 rpm,1793 rpm,1815 rpm,,1810 rpm,1820 rpm,1796 rpm
2026-09-07 18:58:00,26.7 V,26.7 V,26.5 V,26.8 V,,27.0 V,26.7 V,26.2 V,1843 rpm,1469 rpm,1806 rpm,1834 rpm,,1860 rpm,1837 rpm,1821 rpm
2026-09-07 19:00:00,26.7 V,26.7 V,26.8 V,26.9 V,,26.8 V,26.7 V,26.2 V,1843 rpm,800 rpm,1779 rpm,1809 rpm,,1056 rpm,1829 rpm,1817 rpm
2026-09-07 19:02:00,26.7 V,26.7 V,26.8 V,26.9 V,,26.9 V,26.7 V,26.2 V,1836 rpm,806 rpm,1796 rpm,1825 rpm,,800 rpm,1822 rpm,1805 rpm
2026-09-07 19:04:00,26.7 V,26.7 V,26.8 V,26.9 V,,26.9 V,26.7 V,26.0 V,1846 rpm,819 rpm,1809 rpm,1813 rpm,,800 rpm,1846 rpm,1817 rpm
2026-09-07 19:06:00,26.7 V,26.7 V,26.7 V,26.9 V,,26.8 V,26.7 V,26.1 V,1848 rpm,808 rpm,1809 rpm,1833 rpm,,800 rpm,1844 rpm,1809 rpm
2026-09-07 19:08:00,26.7 V,26.7 V,26.7 V,26.9 V,,26.9 V,26.7 V,26.1 V,1846 rpm,799 rpm,1814 rpm,1826 rpm,,800 rpm,1825 rpm,1820 rpm
2026-09-07 19:10:00,26.7 V,26.7 V,26.6 V,26.8 V,,26.9 V,26.7 V,26.1 V,1835 rpm,842 rpm,1805 rpm,1813 rpm,,800 rpm,1834 rpm,1845 rpm
2026-09-07 19:12:00,26.6 V,26.7 V,26.7 V,26.7 V,,26.9 V,26.5 V,26.2 V,1840 rpm,1085 rpm,1794 rpm,1828 rpm,,800 rpm,1844 rpm,1814 rpm
2026-09-07 19:14:00,26.7 V,26.7 V,26.7 V,26.8 V,,,26.7 V,26.2 V,1847 rpm,1785 rpm,1806 rpm,1823 rpm,,,1812 rpm,1808 rpm
2026-09-07 19:16:00,26.7 V,26.6 V,26.8 V,26.8 V,,,26.7 V,26.2 V,1824 rpm,1784 rpm,1800 rpm,1829 rpm,,,1821 rpm,1787 rpm
2026-09-07 19:18:00,26.7 V,26.8 V,26.5 V,26.9 V,,26.9 V,26.7 V,26.2 V,1823 rpm,1805 rpm,1847 rpm,1845 rpm,,1611 rpm,1837 rpm,1806 rpm
2026-09-07 19:20:00,26.7 V,26.8 V,26.7 V,26.9 V,,26.9 V,26.6 V,26.2 V,1834 rpm,1766 rpm,1802 rpm,1839 rpm,,800 rpm,1817 rpm,1800 rpm
2026-09-07 19:22:00,26.6 V,26.7 V,26.7 V,26.9 V,,26.9 V,26.6 V,26.2 V,1829 rpm,1812 rpm,1799 rpm,1823 rpm,,800 rpm,1814 rpm,1690 rpm
2026-09-07 19:24:00,26.7 V,26.8 V,26.7 V,26.8 V,,27.0 V,26.6 V,26.1 V,1842 rpm,1682 rpm,1787 rpm,1832 rpm,,800 rpm,1831 rpm,1778 rpm
2026-09-07 19:26:00,26.6 V,26.8 V,,26.9 V,,27.1 V,26.6 V,26.1 V,1853 rpm,1572 rpm,,1857 rpm,,800 rpm,1822 rpm,1812 rpm
2026-09-07 19:28:00,26.7 V,26.7 V,,26.8 V,,27.1 V,26.6 V,26.2 V,1807 rpm,1812 rpm,,1900 rpm,,800 rpm,1819 rpm,1843 rpm
2026-09-07 19:30:00,26.6 V,26.4 V,26.7 V,26.8 V,,27.1 V,26.6 V,26.1 V,1828 rpm,1811 rpm,1806 rpm,1900 rpm,,1590 rpm,1826 rpm,1808 rpm
2026-09-07 19:32:00,26.6 V,26.8 V,26.8 V,26.8 V,,27.1 V,26.6 V,26.1 V,1820 rpm,1824 rpm,1770 rpm,1900 rpm,,1833 rpm,1340 rpm,1633 rpm
2026-09-07 19:34:00,26.7 V,26.7 V,26.5 V,26.8 V,,27.1 V,26.6 V,26.3 V,1842 rpm,1739 rpm,1810 rpm,1835 rpm,,1827 rpm,1833 rpm,932 rpm
2026-09-07 19:36:00,26.6 V,26.6 V,26.7 V,26.9 V,,27.1 V,26.6 V,26.0 V,1828 rpm,1803 rpm,1790 rpm,1817 rpm,,1812 rpm,1824 rpm,1804 rpm
2026-09-07 19:38:00,26.7 V,26.7 V,26.7 V,26.7 V,,27.1 V,26.6 V,26.2 V,1829 rpm,1814 rpm,1781 rpm,1822 rpm,,1813 rpm,1198 rpm,1833 rpm
2026-09-07 19:40:00,,26.7 V,26.7 V,26.9 V,,27.1 V,26.6 V,26.2 V,,1483 rpm,1823 rpm,1828 rpm,,1828 rpm,1198 rpm,1339 rpm
2026-09-07 19:42:00,,26.7 V,26.7 V,26.9 V,,27.1 V,26.6 V,26.4 V,,800 rpm,1831 rpm,1877 rpm,,1836 rpm,1846 rpm,826 rpm
2026-09-07 19:44:00,26.6 V,26.7 V,26.7 V,26.8 V,,27.0 V,26.7 V,26.2 V,1835 rpm,1747 rpm,1794 rpm,1827 rpm,,1830 rpm,1818 rpm,1799 rpm
2026-09-07 19:46:00,26.6 V,26.7 V,26.7 V,26.8 V,,27.1 V,26.7 V,26.2 V,1840 rpm,1843 rpm,1789 rpm,1823 rpm,,1826 rpm,1852 rpm,1810 rpm
2026-09-07 19:48:00,26.6 V,26.8 V,26.5 V,26.9 V,,27.1 V,26.7 V,26.1 V,1829 rpm,1866 rpm,1816 rpm,1826 rpm,,1827 rpm,1847 rpm,1830 rpm
2026-09-07 19:50:00,26.6 V,26.5 V,26.7 V,26.7 V,,27.0 V,26.7 V,26.2 V,1827 rpm,1688 rpm,1816 rpm,1843 rpm,,1830 rpm,1822 rpm,1817 rpm
2026-09-07 19:52:00,26.6 V,26.5 V,26.7 V,26.9 V,,27.0 V,26.7 V,26.2 V,1831 rpm,1400 rpm,1786 rpm,1819 rpm,,1841 rpm,1846 rpm,1815 rpm
2026-09-07 19:54:00,26.6 V,26.8 V,26.7 V,26.9 V,,27.1 V,26.5 V,26.2 V,1829 rpm,1400 rpm,1790 rpm,1826 rpm,,1837 rpm,1830 rpm,1809 rpm
2026-09-07 19:56:00,26.6 V,26.8 V,26.6 V,26.8 V,,27.0 V,26.7 V,26.2 V,1838 rpm,1400 rpm,1812 rpm,1848 rpm,,1793 rpm,1826 rpm,1832 rpm
2026-09-07 19:58:00,26.6 V,26.8 V,26.7 V,26.9 V,,27.0 V,26.7 V,26.1 V,1844 rpm,1400 rpm,1796 rpm,1824 rpm,,1804 rpm,1851 rpm,1805 rpm
2026-09-07 20:00:00,26.6 V,26.8 V,26.7 V,26.8 V,,27.0 V,26.7 V,26.2 V,1851 rpm,1400 rpm,1798 rpm,1836 rpm,,1819 rpm,1838 rpm,1456 rpm
2026-09-07 20:02:00,26.6 V,26.8 V,26.7 V,26.6 V,,27.0 V,26.7 V,26.2 V,1785 rpm,1400 rpm,1782 rpm,1865 rpm,,1820 rpm,1800 rpm,1821 rpm
2026-09-07 20:04:00,26.6 V,25.9 V,26.5 V,26.8 V,,27.0 V,26.7 V,26.2 V,800 rpm,1400 rpm,1838 rpm,1823 rpm,,1834 rpm,1834 rpm,1836 rpm
2026-09-07 20:06:00,26.7 V,26.8 V,26.5 V,26.8 V,,27.0 V,26.7 V,26.1 V,800 rpm,837 rpm,1838 rpm,1828 rpm,,1854 rpm,1400 rpm,1834 rpm
2026-09-07 20:08:00,26.7 V,26.8 V,26.7 V,26.8 V,,27.0 V,26.5 V,26.2 V,800 rpm,823 rpm,1781 rpm,1840 rpm,,1835 rpm,1832 rpm,1834 rpm
2026-09-07 20:10:00,26.7 V,26.7 V,26.7 V,26.8 V,,27.0 V,26.7 V,26.1 V,800 rpm,799 rpm,1796 rpm,1837 rpm,,1820 rpm,1816 rpm,1856 rpm
2026-09-07 20:12:00,26.7 V,26.8 V,26.7 V,26.8 V,,27.0 V,26.7 V,26.1 V,1659 rpm,814 rpm,1779 rpm,1826 rpm,,1828 rpm,1810 rpm,1833 rpm
2026-09-07 20:14:00,26.7 V,26.8 V,26.7 V,26.8 V,,27.0 V,26.6 V,26.1 V,1892 rpm,800 rpm,1815 rpm,1820 rpm,,1791 rpm,920 rpm,1859 rpm
2026-09-07 20:16:00,26.7 V,26.8 V,26.5 V,26.7 V,,27.0 V,26.6 V,26.1 V,1893 rpm,800 rpm,1802 rpm,1853 rpm,,1818 rpm,800 rpm,1852 rpm
2026-09-07 20:18:00,26.7 V,26.8 V,26.7 V,26.8 V,,26.8 V,26.7 V,26.0 V,1873 rpm,813 rpm,1791 rpm,1818 rpm,,1353 rpm,1237 rpm,1814 rpm
2026-09-07 20:20:00,26.7 V,26.8 V,26.7 V,26.8 V,,26.8 V,26.7 V,26.2 V,1900 rpm,811 rpm,1772 rpm,1841 rpm,,800 rpm,1821 rpm,1811 rpm
2026-09-07 20:22:00,26.7 V,26.9 V,26.7 V,26.8 V,,27.0 V,26.7 V,26.2 V,1900 rpm,1502 rpm,1823 rpm,1846 rpm,,800 rpm,1815 rpm,1839 rpm
2026-09-07 20:24:00,26.7 V,26.9 V,26.3 V,26.8 V,,27.0 V,26.7 V,26.1 V,1809 rpm,1832 rpm,1855 rpm,1878 rpm,,800 rpm,1155 rpm,1804 rpm
2026-09-07 20:26:00,26.7 V,26.9 V,26.7 V,,,27.0 V,26.5 V,26.2 V,1896 rpm,1823 rpm,1813 rpm,,,800 rpm,1724 rpm,1838 rpm
2026-09-07 20:28:00,26.7 V,26.7 V,26.5 V,,,26.9 V,26.7 V,26.1 V,1854 rpm,1818 rpm,1779 rpm,,,800 rpm,1808 rpm,1851 rpm
2026-09-07 20:30:00,26.7 V,26.9 V,26.7 V,26.8 V,,26.5 V,26.7 V,26.2 V,1858 rpm,1826 rpm,1822 rpm,1825 rpm,,1679 rpm,1823 rpm,1815 rpm
2026-09-07 20:32:00,26.7 V,26.9 V,26.7 V,26.8 V,,27.0 V,26.7 V,26.1 V,1901 rpm,1833 rpm,1818 rpm,1838 rpm,,1832 rpm,1279 rpm,1791 rpm
2026-09-07 20:34:00,26.7 V,26.7 V,26.5 V,26.8 V,,27.0 V,26.7 V,26.3 V,1900 rpm,1839 rpm,1808 rpm,1853 rpm,,1803 rpm,1486 rpm,1394 rpm
2026-09-07 20:36:00,26.7 V,26.6 V,26.7 V,26.8 V,,27.0 V,26.7 V,26.4 V,1900 rpm,1747 rpm,1759 rpm,1864 rpm,,1457 rpm,1818 rpm,838 rpm
2026-09-07 20:38:00,26.7 V,26.8 V,26.7 V,26.8 V,,27.0 V,26.7 V,26.1 V,1900 rpm,1821 rpm,1750 rpm,1882 rpm,,1777 rpm,1818 rpm,1824 rpm
2026-09-07 20:40:00,26.7 V,26.8 V,26.5 V,26.8 V,,27.0 V,26.7 V,26.1 V,1900 rpm,1605 rpm,1809 rpm,1838 rpm,,1821 rpm,1830 rpm,1839 rpm
2026-09-07 20:42:00,26.7 V,26.7 V,26.7 V,26.8 V,,27.0 V,26.7 V,26.2 V,1900 rpm,1823 rpm,1745 rpm,1837 rpm,,1818 rpm,1815 rpm,1812 rpm
2026-09-07 20:44:00,26.8 V,26.7 V,26.7 V,26.8 V,,27.0 V,26.7 V,26.2 V,1900 rpm,1772 rpm,1790 rpm,1871 rpm,,1803 rpm,1276 rpm,1801 rpm
2026-09-07 20:46:00,26.8 V,26.8 V,,26.8 V,,26.9 V,26.7 V,26.2 V,1900 rpm,1819 rpm,,1900 rpm,,1839 rpm,1793 rpm,1634 rpm
2026-09-07 20:48:00,26.8 V,26.8 V,,26.9 V,,27.0 V,26.7 V,26.2 V,1900 rpm,1763 rpm,,1900 rpm,,1815 rpm,1837 rpm,1137 rpm
2026-09-07 20:50:00,26.8 V,26.6 V,26.7 V,26.8 V,,27.0 V,26.5 V,26.1 V,1900 rpm,1786 rpm,1812 rpm,1521 rpm,,1819 rpm,1452 rpm,1791 rpm
2026-09-07 20:52:00,26.8 V,26.8 V,26.6 V,26.9 V,,27.0 V,26.7 V,26.1 V,1900 rpm,1823 rpm,1410 rpm,1549 rpm,,1828 rpm,800 rpm,1815 rpm
2026-09-07 20:54:00,26.8 V,26.8 V,26.6 V,26.9 V,,27.0 V,26.7 V,26.4 V,1825 rpm,1833 rpm,1801 rpm,1813 rpm,,1845 rpm,800 rpm,1026 rpm
2026-09-07 20:56:00,26.8 V,26.7 V,26.7 V,26.9 V,,26.9 V,26.7 V,26.4 V,1852 rpm,1830 rpm,1775 rpm,1822 rpm,,1820 rpm,1388 rpm,800 rpm
2026-09-07 20:58:00,26.8 V,26.7 V,26.7 V,26.8 V,,27.0 V,26.7 V,26.4 V,1883 rpm,1832 rpm,1780 rpm,1837 rpm,,1833 rpm,1804 rpm,1231 rpm
2026-09-07 21:00:00,26.8 V,26.8 V,26.7 V,26.9 V,,26.8 V,26.7 V,26.2 V,1860 rpm,1444 rpm,1792 rpm,1811 rpm,,1818 rpm,1779 rpm,1795 rpm
2026-09-07 21:02:00,26.7 V,26.8 V,26.7 V,26.9 V,,26.9 V,26.7 V,26.2 V,1850 rpm,800 rpm,1843 rpm,1835 rpm,,1808 rpm,800 rpm,1816 rpm
2026-09-07 21:04:00,26.7 V,26.7 V,26.7 V,26.9 V,,27.0 V,26.7 V,26.4 V,1847 rpm,800 rpm,1844 rpm,1864 rpm,,1821 rpm,800 rpm,977 rpm
2026-09-07 21:06:00,26.7 V,26.8 V,26.7 V,26.9 V,,26.9 V,26.7 V,26.4 V,1853 rpm,829 rpm,1847 rpm,1896 rpm,,1828 rpm,800 rpm,800 rpm
2026-09-07 21:08:00,26.7 V,26.7 V,26.5 V,26.9 V,,26.9 V,26.7 V,26.2 V,1854 rpm,800 rpm,1810 rpm,1901 rpm,,1804 rpm,1500 rpm,1708 rpm
2026-09-07 21:10:00,26.7 V,26.8 V,26.7 V,27.0 V,,26.9 V,26.7 V,26.2 V,1845 rpm,823 rpm,1807 rpm,1870 rpm,,1844 rpm,1808 rpm,1791 rpm
2026-09-07 21:12:00,26.7 V,26.8 V,26.8 V,27.0 V,,26.9 V,26.7 V,26.3 V,1886 rpm,800 rpm,1836 rpm,1842 rpm,,1823 rpm,1825 rpm,1342 rpm
2026-09-07 21:14:00,26.7 V,26.9 V,26.8 V,27.0 V,,26.9 V,26.7 V,26.5 V,1839 rpm,920 rpm,1816 rpm,1805 rpm,,1800 rpm,1835 rpm,800 rpm
2026-09-07 21:16:00,26.7 V,26.7 V,26.8 V,27.0 V,,26.8 V,26.7 V,26.2 V,1830 rpm,1787 rpm,1839 rpm,1828 rpm,,1833 rpm,1809 rpm,1644 rpm
2026-09-07 21:18:00,26.7 V,26.9 V,26.5 V,27.0 V,,26.9 V,26.7 V,26.2 V,1893 rpm,1816 rpm,1825 rpm,1824 rpm,,1831 rpm,1855 rpm,1810 rpm
2026-09-07 21:20:00,26.7 V,26.9 V,26.8 V,26.9 V,,26.9 V,26.7 V,26.3 V,1900 rpm,1558 rpm,1798 rpm,1832 rpm,,1814 rpm,1835 rpm,1269 rpm
2026-09-07 21:22:00,26.7 V,26.7 V,26.8 V,26.9 V,,26.9 V,26.7 V,26.5 V,1613 rpm,1670 rpm,1818 rpm,1828 rpm,,1812 rpm,1813 rpm,800 rpm
2026-09-07 21:24:00,26.7 V,26.9 V,26.8 V,26.9 V,,26.9 V,26.5 V,26.5 V,800 rpm,1817 rpm,1842 rpm,1851 rpm,,1859 rpm,1835 rpm,800 rpm
2026-09-07 21:26:00,26.7 V,26.8 V,26.8 V,26.9 V,,26.9 V,26.7 V,26.4 V,801 rpm,1758 rpm,1806 rpm,1827 rpm,,1856 rpm,1819 rpm,1073 rpm
2026-09-07 21:28:00,26.7 V,26.9 V,26.8 V,26.9 V,,27.0 V,26.7 V,26.1 V,800 rpm,1830 rpm,1877 rpm,1825 rpm,,980 rpm,1829 rpm,1798 rpm
2026-09-07 21:30:00,26.7 V,26.7 V,26.5 V,26.9 V,,27.0 V,26.7 V,26.2 V,800 rpm,1824 rpm,1836 rpm,1849 rpm,,800 rpm,1839 rpm,1810 rpm
2026-09-07 21:32:00,26.7 V,26.8 V,26.8 V,26.9 V,,26.4 V,26.7 V,26.2 V,800 rpm,1809 rpm,1797 rpm,1849 rpm,,800 rpm,1821 rpm,1806 rpm
2026-09-07 21:34:00,26.8 V,26.9 V,26.8 V,26.9 V,,26.9 V,26.7 V,26.2 V,800 rpm,1822 rpm,1824 rpm,1866 rpm,,800 rpm,1546 rpm,1809 rpm
2026-09-07 21:36:00,26.7 V,26.7 V,26.8 V,26.9 V,,27.0 V,26.7 V,26.2 V,800 rpm,1783 rpm,1785 rpm,1327 rpm,,800 rpm,1356 rpm,1819 rpm
2026-09-07 21:38:00,26.8 V,26.9 V,26.8 V,26.9 V,,27.0 V,26.7 V,26.2 V,800 rpm,1823 rpm,1809 rpm,1302 rpm,,800 rpm,1822 rpm,1818 rpm
2026-09-07 21:40:00,26.8 V,26.9 V,26.7 V,26.9 V,,27.0 V,26.7 V,26.4 V,800 rpm,1844 rpm,1845 rpm,1302 rpm,,800 rpm,1820 rpm,1148 rpm
2026-09-07 21:42:00,26.8 V,26.8 V,26.8 V,26.9 V,,27.0 V,26.7 V,26.4 V,800 rpm,1840 rpm,1817 rpm,1302 rpm,,800 rpm,1844 rpm,1185 rpm
2026-09-07 21:44:00,26.8 V,26.8 V,26.7 V,26.9 V,,27.0 V,26.7 V,26.2 V,800 rpm,1834 rpm,1825 rpm,1302 rpm,,800 rpm,1823 rpm,1780 rpm
2026-09-07 21:46:00,26.8 V,26.8 V,26.8 V,26.9 V,,27.0 V,26.7 V,26.2 V,800 rpm,1797 rpm,1803 rpm,1570 rpm,,800 rpm,1825 rpm,1830 rpm
2026-09-07 21:48:00,26.8 V,26.8 V,26.7 V,26.9 V,,27.0 V,26.7 V,26.2 V,909 rpm,800 rpm,1812 rpm,1845 rpm,,651 rpm,1819 rpm,1707 rpm
2026-09-07 21:50:00,26.8 V,26.8 V,26.6 V,26.9 V,,,26.7 V,26.4 V,1835 rpm,800 rpm,1850 rpm,1897 rpm,,,1825 rpm,1392 rpm
2026-09-07 21:52:00,26.0 V,26.8 V,26.4 V,26.9 V,,25.8 V,26.6 V,26.2 V,1214 rpm,947 rpm,1844 rpm,1885 rpm,,349 rpm,1833 rpm,1788 rpm
2026-09-07 21:54:00,26.7 V,26.7 V,26.7 V,26.9 V,,26.9 V,26.6 V,26.0 V,800 rpm,1753 rpm,1828 rpm,1869 rpm,,800 rpm,1819 rpm,1819 rpm
2026-09-07 21:56:00,26.8 V,26.8 V,26.8 V,26.9 V,,26.4 V,26.7 V,26.5 V,800 rpm,1790 rpm,1806 rpm,1882 rpm,,1065 rpm,1817 rpm,800 rpm
2026-09-07 21:58:00,26.0 V,26.8 V,26.7 V,26.9 V,,27.0 V,26.7 V,26.3 V,925 rpm,1828 rpm,1799 rpm,1880 rpm,,1861 rpm,1837 rpm,1385 rpm
2026-09-07 22:00:00,26.8 V,26.8 V,26.7 V,26.9 V,,27.0 V,26.5 V,26.2 V,1852 rpm,1830 rpm,1806 rpm,1847 rpm,,1826 rpm,1831 rpm,1800 rpm
2026-09-07 22:02:00,26.8 V,26.7 V,26.8 V,26.9 V,,27.0 V,26.7 V,26.2 V,1856 rpm,1753 rpm,1791 rpm,1834 rpm,,1087 rpm,1814 rpm,1819 rpm
2026-09-07 22:04:00,26.8 V,26.7 V,26.7 V,26.9 V,,27.0 V,26.7 V,26.2 V,1223 rpm,1817 rpm,1824 rpm,1834 rpm,,1774 rpm,1849 rpm,1815 rpm
2026-09-07 22:06:00,26.8 V,26.7 V,26.8 V,26.9 V,,27.0 V,26.7 V,26.2 V,1344 rpm,1828 rpm,1818 rpm,1852 rpm,,1328 rpm,1815 rpm,1818 rpm
2026-09-07 22:08:00,26.8 V,26.7 V,26.8 V,26.9 V,,27.0 V,26.7 V,26.2 V,1856 rpm,1826 rpm,1849 rpm,1877 rpm,,1278 rpm,1827 rpm,1828 rpm
2026-09-07 22:10:00,26.8 V,26.8 V,26.8 V,26.9 V,,27.0 V,26.7 V,26.2 V,1875 rpm,1819 rpm,1849 rpm,1854 rpm,,800 rpm,1846 rpm,1808 rpm
2026-09-07 22:12:00,26.8 V,26.6 V,26.8 V,26.9 V,,27.0 V,26.7 V,26.1 V,1864 rpm,1832 rpm,1836 rpm,1849 rpm,,800 rpm,1824 rpm,1828 rpm
2026-09-07 22:14:00,26.8 V,26.8 V,26.8 V,26.9 V,,27.0 V,26.7 V,26.2 V,1856 rpm,1829 rpm,1821 rpm,1855 rpm,,1104 rpm,1829 rpm,1803 rpm
2026-09-07 22:16:00,26.8 V,26.5 V,26.8 V,26.9 V,,27.0 V,26.7 V,26.2 V,1851 rpm,1832 rpm,1822 rpm,1876 rpm,,1865 rpm,1838 rpm,1826 rpm
2026-09-07 22:18:00,26.7 V,26.8 V,26.8 V,26.9 V,,27.0 V,26.7 V,26.1 V,1868 rpm,1826 rpm,1822 rpm,1849 rpm,,1794 rpm,1821 rpm,1820 rpm
2026-09-07 22:20:00,26.7 V,26.6 V,26.8 V,26.9 V,,27.0 V,26.7 V,26.2 V,1845 rpm,1835 rpm,1848 rpm,1843 rpm,,1831 rpm,1837 rpm,1820 rpm
2026-09-07 22:22:00,26.7 V,26.8 V,26.8 V,26.9 V,,27.0 V,26.5 V,26.2 V,1831 rpm,1827 rpm,1838 rpm,1842 rpm,,1791 rpm,1821 rpm,1833 rpm
2026-09-07 22:24:00,26.7 V,26.7 V,26.8 V,26.8 V,,27.0 V,26.7 V,26.2 V,1862 rpm,1846 rpm,1814 rpm,1825 rpm,,1807 rpm,1828 rpm,1825 rpm
2026-09-07 22:26:00,26.7 V,26.8 V,26.8 V,26.9 V,,26.9 V,26.7 V,26.1 V,1863 rpm,1853 rpm,1799 rpm,1837 rpm,,1835 rpm,1824 rpm,1849 rpm
2026-09-07 22:28:00,26.7 V,26.8 V,26.8 V,26.9 V,,27.0 V,26.7 V,26.2 V,1856 rpm,1718 rpm,1823 rpm,1816 rpm,,1803 rpm,1826 rpm,1843 rpm
2026-09-07 22:30:00,26.7 V,26.6 V,26.8 V,26.7 V,,27.0 V,26.7 V,26.1 V,1858 rpm,1839 rpm,1317 rpm,1844 rpm,,1815 rpm,1823 rpm,1841 rpm
2026-09-07 22:32:00,26.7 V,26.8 V,26.8 V,26.9 V,,27.0 V,26.7 V,26.1 V,1864 rpm,1827 rpm,837 rpm,1859 rpm,,1806 rpm,1834 rpm,1830 rpm
2026-09-07 22:34:00,26.7 V,26.8 V,26.8 V,26.8 V,,27.0 V,26.7 V,26.1 V,1848 rpm,988 rpm,1838 rpm,1849 rpm,,1826 rpm,1815 rpm,1831 rpm
2026-09-07 22:36:00,26.7 V,26.8 V,26.8 V,26.8 V,,26.9 V,26.7 V,26.2 V,1873 rpm,1563 rpm,1839 rpm,1875 rpm,,1834 rpm,1837 rpm,1808 rpm
2026-09-07 22:38:00,26.7 V,26.8 V,26.5 V,26.8 V,,27.0 V,26.4 V,26.2 V,1897 rpm,1843 rpm,1818 rpm,1868 rpm,,1824 rpm,1827 rpm,1821 rpm
2026-09-07 22:40:00,26.7 V,26.8 V,26.8 V,26.9 V,,27.0 V,26.7 V,26.0 V,1716 rpm,974 rpm,1819 rpm,1843 rpm,,1808 rpm,1825 rpm,1829 rpm
2026-09-07 22:42:00,26.7 V,26.8 V,26.8 V,26.9 V,,27.0 V,26.7 V,26.1 V,865 rpm,1822 rpm,1807 rpm,1842 rpm,,1833 rpm,1846 rpm,1814 rpm
2026-09-07 22:44:00,26.7 V,26.8 V,26.8 V,26.9 V,,27.0 V,26.6 V,26.1 V,1883 rpm,1834 rpm,1828 rpm,1829 rpm,,1788 rpm,1828 rpm,1827 rpm
2026-09-07 22:46:00,26.7 V,26.6 V,26.8 V,26.9 V,,27.0 V,26.7 V,26.2 V,934 rpm,1827 rpm,1830 rpm,1833 rpm,,1809 rpm,1819 rpm,1858 rpm
2026-09-07 22:48:00,26.7 V,26.8 V,26.8 V,26.9 V,,27.0 V,26.7 V,25.9 V,800 rpm,1828 rpm,1805 rpm,1889 rpm,,1832 rpm,1836 rpm,1837 rpm
2026-09-07 22:50:00,26.7 V,26.8 V,26.8 V,26.9 V,,27.0 V,26.7 V,26.1 V,800 rpm,1817 rpm,1819 rpm,1880 rpm,,1829 rpm,1820 rpm,1805 rpm
2026-09-07 22:52:00,26.8 V,26.7 V,26.8 V,26.9 V,,27.0 V,26.7 V,26.1 V,800 rpm,1826 rpm,1804 rpm,1865 rpm,,1812 rpm,1551 rpm,1862 rpm
2026-09-07 22:54:00,26.8 V,26.8 V,26.8 V,26.9 V,,26.9 V,26.7 V,26.2 V,800 rpm,1828 rpm,1816 rpm,1898 rpm,,1832 rpm,800 rpm,1835 rpm
2026-09-07 22:56:00,26.8 V,26.8 V,26.8 V,26.9 V,,27.0 V,26.7 V,26.1 V,800 rpm,1824 rpm,1796 rpm,1878 rpm,,1817 rpm,800 rpm,1842 rpm
2026-09-07 22:58:00,26.8 V,26.8 V,26.8 V,26.9 V,,27.0 V,26.7 V,26.1 V,800 rpm,1859 rpm,1804 rpm,1871 rpm,,1819 rpm,800 rpm,1851 rpm
2026-09-07 23:00:00,26.8 V,26.8 V,26.8 V,26.8 V,,27.0 V,26.7 V,26.1 V,800 rpm,1878 rpm,1827 rpm,1875 rpm,,1150 rpm,800 rpm,1889 rpm
2026-09-07 23:02:00,26.8 V,26.8 V,26.8 V,26.8 V,,27.0 V,26.7 V,26.2 V,800 rpm,1856 rpm,1804 rpm,1863 rpm,,1090 rpm,800 rpm,1900 rpm
2026-09-07 23:04:00,26.8 V,26.8 V,26.7 V,26.8 V,27.0 V,27.0 V,26.9 V,,800 rpm,1840 rpm,1837 rpm,1869 rpm,802 rpm,1837 rpm,1777 rpm,
2026-09-07 23:06:00,26.8 V,26.8 V,26.5 V,26.9 V,27.0 V,27.0 V,26.9 V,26.3 V,1494 rpm,1834 rpm,1841 rpm,1864 rpm,800 rpm,1812 rpm,1824 rpm,1191 rpm
2026-09-07 23:08:00,26.8 V,26.8 V,26.8 V,26.9 V,27.0 V,27.0 V,26.9 V,26.4 V,800 rpm,1836 rpm,1772 rpm,1879 rpm,813 rpm,1809 rpm,1847 rpm,1201 rpm
2026-09-07 23:10:00,26.8 V,26.8 V,26.8 V,26.9 V,26.6 V,27.0 V,26.9 V,26.2 V,800 rpm,1829 rpm,1749 rpm,1886 rpm,727 rpm,1852 rpm,1864 rpm,1776 rpm
2026-09-07 23:12:00,26.6 V,26.8 V,26.5 V,26.9 V,,27.0 V,26.9 V,26.2 V,1744 rpm,1830 rpm,1825 rpm,1878 rpm,,1835 rpm,1828 rpm,1844 rpm
2026-09-07 23:14:00,26.9 V,26.8 V,26.8 V,26.8 V,,27.0 V,26.9 V,26.2 V,1817 rpm,1831 rpm,1780 rpm,1870 rpm,,1821 rpm,1855 rpm,1854 rpm
2026-09-07 23:16:00,26.8 V,26.8 V,26.7 V,26.8 V,,27.0 V,26.9 V,26.2 V,1817 rpm,1824 rpm,1805 rpm,1856 rpm,,1843 rpm,1855 rpm,1832 rpm
2026-09-07 23:18:00,26.8 V,26.8 V,26.7 V,26.8 V,,27.0 V,26.6 V,26.2 V,1834 rpm,1826 rpm,1811 rpm,1868 rpm,,1823 rpm,1858 rpm,1837 rpm
2026-09-07 23:20:00,26.7 V,26.8 V,26.7 V,26.8 V,,27.0 V,26.7 V,26.2 V,1840 rpm,1834 rpm,1858 rpm,1849 rpm,,1822 rpm,1846 rpm,1831 rpm
2026-09-07 23:22:00,26.6 V,26.8 V,26.6 V,26.8 V,,26.9 V,26.9 V,26.2 V,1833 rpm,1824 rpm,1790 rpm,1855 rpm,,1841 rpm,1821 rpm,1838 rpm
2026-09-07 23:24:00,26.7 V,26.8 V,26.6 V,26.8 V,,27.0 V,26.9 V,26.2 V,1837 rpm,1839 rpm,1790 rpm,1867 rpm,,1829 rpm,1837 rpm,1820 rpm
2026-09-07 23:26:00,26.7 V,26.8 V,26.7 V,26.8 V,,27.0 V,26.9 V,26.2 V,1830 rpm,1834 rpm,1793 rpm,1861 rpm,,1822 rpm,1853 rpm,1836 rpm
2026-09-07 23:28:00,26.7 V,26.8 V,26.7 V,26.7 V,,27.0 V,26.9 V,26.1 V,1841 rpm,1832 rpm,1761 rpm,1548 rpm,,1843 rpm,1816 rpm,1850 rpm
2026-09-07 23:30:00,26.7 V,26.8 V,26.6 V,26.9 V,,27.0 V,26.9 V,26.1 V,1855 rpm,1576 rpm,1820 rpm,1536 rpm,,1783 rpm,1836 rpm,1867 rpm
2026-09-07 23:32:00,26.7 V,26.8 V,26.8 V,26.9 V,,27.0 V,26.9 V,26.0 V,1851 rpm,1833 rpm,1824 rpm,1536 rpm,,1811 rpm,1827 rpm,1868 rpm
2026-09-07 23:34:00,26.4 V,26.9 V,26.8 V,26.9 V,,27.0 V,26.9 V,26.2 V,1827 rpm,1471 rpm,1772 rpm,1535 rpm,,1855 rpm,1823 rpm,1676 rpm
2026-09-07 23:36:00,,26.8 V,26.5 V,26.9 V,,27.0 V,26.7 V,25.8 V,,1129 rpm,1799 rpm,1536 rpm,,1847 rpm,1842 rpm,806 rpm
2026-09-07 23:38:00,,26.5 V,26.7 V,26.7 V,,27.0 V,26.9 V,26.1 V,,1387 rpm,1856 rpm,1718 rpm,,1850 rpm,1815 rpm,900 rpm
2026-09-07 23:40:00,,26.2 V,26.8 V,26.9 V,,27.0 V,26.9 V,26.2 V,,800 rpm,1867 rpm,1866 rpm,,1792 rpm,1830 rpm,1579 rpm
2026-09-07 23:42:00,,,26.8 V,26.9 V,,26.9 V,26.9 V,26.2 V,,,1003 rpm,1852 rpm,,1847 rpm,1834 rpm,1872 rpm
2026-09-07 23:44:00,26.6 V,,26.7 V,26.9 V,,26.9 V,26.9 V,,953 rpm,,1806 rpm,1851 rpm,,1782 rpm,1844 rpm,
2026-09-07 23:46:00,26.6 V,,26.8 V,26.9 V,,27.0 V,26.9 V,,800 rpm,,1784 rpm,1845 rpm,,1813 rpm,1825 rpm,
2026-09-07 23:48:00,26.7 V,,26.6 V,26.8 V,,27.0 V,26.8 V,,1187 rpm,,1821 rpm,1845 rpm,,1815 rpm,1825 rpm,
2026-09-07 23:50:00,26.6 V,,26.8 V,26.9 V,,26.9 V,26.9 V,,1873 rpm,,1801 rpm,1808 rpm,,1838 rpm,1830 rpm,
2026-09-07 23:52:00,26.7 V,,26.8 V,26.9 V,,26.9 V,26.8 V,,1808 rpm,,1782 rpm,1810 rpm,,1822 rpm,1371 rpm,
2026-09-07 23:54:00,26.7 V,,26.6 V,26.9 V,,26.9 V,26.7 V,,1811 rpm,,1810 rpm,1827 rpm,,1830 rpm,1536 rpm,
2026-09-07 23:56:00,26.7 V,,26.8 V,26.9 V,,26.9 V,26.7 V,,1758 rpm,,1806 rpm,1820 rpm,,1824 rpm,800 rpm,
2026-09-07 23:58:00,26.7 V,,26.8 V,26.8 V,,27.0 V,26.7 V,,800 rpm,,1771 rpm,1822 rpm,,1786 rpm,1705 rpm,
2026-09-08 00:00:00,26.7 V,,26.8 V,26.8 V,,26.9 V,26.7 V,,800 rpm,,1813 rpm,1819 rpm,,1806 rpm,1830 rpm,
2026-09-08 00:02:00,26.7 V,,26.8 V,26.8 V,,26.8 V,26.7 V,,800 rpm,,1825 rpm,1836 rpm,,1830 rpm,1842 rpm,
2026-09-08 00:04:00,26.7 V,,26.8 V,26.8 V,,26.9 V,26.7 V,,800 rpm,,1836 rpm,1798 rpm,,1827 rpm,941 rpm,
2026-09-08 00:06:00,26.8 V,,26.8 V,26.8 V,,26.9 V,26.7 V,,800 rpm,,1804 rpm,1812 rpm,,1837 rpm,1644 rpm,
2026-09-08 00:08:00,26.8 V,,26.5 V,26.8 V,,26.9 V,26.7 V,,800 rpm,,1813 rpm,1815 rpm,,1823 rpm,1818 rpm,
2026-09-08 00:10:00,26.8 V,26.8 V,26.8 V,26.8 V,,26.9 V,26.7 V,,800 rpm,800 rpm,1783 rpm,1854 rpm,,1874 rpm,1824 rpm,
2026-09-08 00:12:00,26.8 V,26.9 V,26.8 V,26.8 V,,26.9 V,26.7 V,,800 rpm,597 rpm,1809 rpm,1820 rpm,,1871 rpm,1863 rpm,
2026-09-08 00:14:00,26.8 V,26.1 V,26.8 V,26.8 V,,27.0 V,26.7 V,,846 rpm,338 rpm,1776 rpm,1812 rpm,,1847 rpm,1831 rpm,
2026-09-08 00:16:00,26.5 V,26.9 V,26.8 V,26.8 V,,26.8 V,26.7 V,,1790 rpm,800 rpm,1782 rpm,1821 rpm,,1857 rpm,1835 rpm,
2026-09-08 00:18:00,26.8 V,26.9 V,26.6 V,26.7 V,,27.0 V,26.7 V,,1810 rpm,997 rpm,1159 rpm,1821 rpm,,1823 rpm,1822 rpm,
2026-09-08 00:20:00,26.6 V,26.9 V,26.8 V,26.8 V,,27.0 V,26.7 V,,1828 rpm,1814 rpm,800 rpm,1850 rpm,,1497 rpm,1840 rpm,
2026-09-08 00:22:00,26.8 V,,26.8 V,26.8 V,,27.0 V,26.7 V,,1828 rpm,,1406 rpm,1873 rpm,,1886 rpm,1830 rpm,
2026-09-08 00:24:00,26.8 V,,26.8 V,26.8 V,,27.0 V,26.7 V,,1896 rpm,,1818 rpm,1901 rpm,,1894 rpm,1840 rpm,
2026-09-08 00:26:00,,,26.8 V,26.8 V,,27.0 V,26.7 V,,,,1792 rpm,1900 rpm,,1796 rpm,1825 rpm,
2026-09-08 00:28:00,26.8 V,,26.8 V,26.8 V,,27.0 V,26.7 V,,1874 rpm,,1769 rpm,1851 rpm,,1823 rpm,1824 rpm,
2026-09-08 00:30:00,26.7 V,,26.6 V,26.7 V,,27.0 V,26.7 V,,1873 rpm,,1790 rpm,1842 rpm,,1805 rpm,1828 rpm,
2026-09-08 00:32:00,26.7 V,,26.8 V,26.8 V,,27.0 V,26.7 V,,1882 rpm,,1822 rpm,1791 rpm,,1806 rpm,1834 rpm,
2026-09-08 00:34:00,26.7 V,,26.8 V,26.8 V,,,26.7 V,,1838 rpm,,1799 rpm,1802 rpm,,,1829 rpm,
2026-09-08 00:36:00,26.7 V,,26.6 V,26.8 V,,,26.7 V,,1836 rpm,,1806 rpm,1803 rpm,,,1825 rpm,
2026-09-08 00:38:00,26.7 V,,26.8 V,26.8 V,,27.0 V,26.7 V,,1840 rpm,,1799 rpm,1827 rpm,,1806 rpm,1834 rpm,
2026-09-08 00:40:00,26.7 V,,26.8 V,26.8 V,,26.9 V,26.7 V,,1845 rpm,,1803 rpm,1888 rpm,,1820 rpm,1824 rpm,
2026-09-08 00:42:00,26.7 V,,26.6 V,,,27.0 V,26.7 V,,1652 rpm,,1800 rpm,,,1797 rpm,1837 rpm,
2026-09-08 00:44:00,26.7 V,,26.8 V,26.8 V,,27.0 V,26.7 V,,1877 rpm,,1805 rpm,1798 rpm,,1836 rpm,1841 rpm,
2026-09-08 00:46:00,26.7 V,,26.6 V,26.8 V,,27.0 V,26.7 V,26.2 V,1876 rpm,,1796 rpm,1823 rpm,,1819 rpm,1830 rpm,1832 rpm
2026-09-08 00:48:00,26.7 V,,26.8 V,26.8 V,,27.0 V,26.7 V,26.2 V,1879 rpm,,1795 rpm,1844 rpm,,1865 rpm,1854 rpm,1798 rpm
2026-09-08 00:50:00,26.7 V,,26.8 V,26.8 V,,27.0 V,26.7 V,26.1 V,1878 rpm,,1806 rpm,1796 rpm,,1837 rpm,1820 rpm,1798 rpm
2026-09-08 00:52:00,26.7 V,,26.8 V,26.8 V,,27.0 V,26.6 V,26.1 V,1881 rpm,,1830 rpm,1802 rpm,,1832 rpm,1837 rpm,1814 rpm
2026-09-08 00:54:00,26.7 V,,26.8 V,26.8 V,,27.0 V,26.7 V,26.2 V,1879 rpm,,1838 rpm,1811 rpm,,1820 rpm,1826 rpm,1840 rpm
2026-09-08 00:56:00,26.7 V,,26.8 V,26.8 V,,27.0 V,26.7 V,26.3 V,1865 rpm,,1836 rpm,1817 rpm,,1812 rpm,1825 rpm,1812 rpm
2026-09-08 00:58:00,26.7 V,,26.8 V,26.7 V,,27.0 V,26.7 V,26.4 V,1815 rpm,,1834 rpm,1827 rpm,,1829 rpm,1843 rpm,1286 rpm
2026-09-08 01:00:00,26.8 V,,26.6 V,26.8 V,,26.8 V,26.7 V,26.5 V,1860 rpm,,1811 rpm,1835 rpm,,1840 rpm,1624 rpm,800 rpm
2026-09-08 01:02:00,26.8 V,,26.8 V,,,27.0 V,26.7 V,26.0 V,1876 rpm,,1792 rpm,,,1783 rpm,1046 rpm,1784 rpm
2026-09-08 01:04:00,26.8 V,,26.8 V,26.8 V,,27.0 V,26.7 V,26.2 V,1821 rpm,,1791 rpm,1313 rpm,,1809 rpm,1820 rpm,1820 rpm
2026-09-08 01:06:00,26.7 V,,26.6 V,26.8 V,,27.0 V,26.7 V,26.2 V,1804 rpm,,1840 rpm,1606 rpm,,1818 rpm,1815 rpm,1821 rpm
2026-09-08 01:08:00,26.7 V,,26.8 V,26.9 V,,27.0 V,26.7 V,26.2 V,1795 rpm,,1764 rpm,1368 rpm,,1803 rpm,1839 rpm,1817 rpm
2026-09-08 01:10:00,26.7 V,,26.8 V,26.9 V,,27.0 V,26.7 V,26.2 V,1842 rpm,,1743 rpm,1263 rpm,,1845 rpm,1821 rpm,1823 rpm
2026-09-08 01:12:00,26.7 V,,26.8 V,26.9 V,,27.0 V,26.7 V,26.5 V,1836 rpm,,1810 rpm,1263 rpm,,1807 rpm,1827 rpm,820 rpm
2026-09-08 01:14:00,26.7 V,,26.8 V,27.0 V,25.3 V,27.1 V,26.7 V,25.6 V,1822 rpm,,1901 rpm,1263 rpm,0 rpm,1836 rpm,952 rpm,1343 rpm
2026-09-08 01:16:00,26.7 V,,26.8 V,27.0 V,25.1 V,27.0 V,26.7 V,26.2 V,1822 rpm,,1818 rpm,1263 rpm,0 rpm,1820 rpm,800 rpm,1815 rpm
2026-09-08 01:18:00,26.7 V,,26.8 V,27.0 V,,27.0 V,26.7 V,26.4 V,1821 rpm,,1763 rpm,1262 rpm,,1809 rpm,1549 rpm,1467 rpm
2026-09-08 01:20:00,26.7 V,,26.8 V,27.0 V,25.0 V,27.0 V,26.7 V,26.2 V,1272 rpm,,1825 rpm,1263 rpm,0 rpm,1550 rpm,1819 rpm,1234 rpm
2026-09-08 01:22:00,26.7 V,,26.0 V,27.0 V,25.0 V,27.0 V,26.7 V,26.3 V,800 rpm,,1856 rpm,1262 rpm,0 rpm,800 rpm,1824 rpm,1757 rpm
2026-09-08 01:24:00,26.7 V,,26.8 V,27.0 V,,27.0 V,26.9 V,26.3 V,800 rpm,,1796 rpm,1263 rpm,,800 rpm,1814 rpm,1815 rpm
2026-09-08 01:26:00,26.8 V,,26.8 V,27.1 V,25.0 V,27.0 V,26.9 V,26.6 V,800 rpm,,1777 rpm,1263 rpm,0 rpm,800 rpm,1824 rpm,800 rpm
2026-09-08 01:28:00,26.8 V,25.8 V,26.6 V,27.1 V,25.0 V,27.0 V,26.9 V,26.1 V,800 rpm,558 rpm,1810 rpm,1263 rpm,0 rpm,1310 rpm,1833 rpm,1724 rpm
2026-09-08 01:30:00,26.9 V,26.8 V,26.8 V,27.1 V,,27.1 V,26.9 V,26.2 V,1241 rpm,799 rpm,1779 rpm,1262 rpm,,1817 rpm,1843 rpm,1785 rpm
2026-09-08 01:32:00,26.8 V,26.7 V,26.8 V,27.1 V,25.0 V,27.0 V,26.9 V,26.1 V,1788 rpm,600 rpm,1776 rpm,1263 rpm,0 rpm,1835 rpm,1781 rpm,1841 rpm
2026-09-08 01:34:00,26.8 V,,26.8 V,27.1 V,25.0 V,27.0 V,26.9 V,26.4 V,1837 rpm,,1857 rpm,1262 rpm,0 rpm,1821 rpm,1817 rpm,1856 rpm
2026-09-08 01:36:00,26.8 V,,26.8 V,27.1 V,24.9 V,27.0 V,26.9 V,26.3 V,1811 rpm,,1815 rpm,1263 rpm,0 rpm,1806 rpm,837 rpm,1811 rpm
2026-09-08 01:38:00,26.5 V,,26.8 V,27.1 V,,27.0 V,26.8 V,26.1 V,1828 rpm,,1783 rpm,1262 rpm,,1806 rpm,1819 rpm,1817 rpm
2026-09-08 01:40:00,26.8 V,,26.8 V,27.1 V,24.9 V,27.0 V,26.8 V,26.2 V,1833 rpm,,1834 rpm,1263 rpm,0 rpm,1824 rpm,1820 rpm,1825 rpm
2026-09-08 01:42:00,26.6 V,,26.8 V,27.1 V,24.9 V,27.0 V,26.7 V,26.3 V,1845 rpm,,1779 rpm,1262 rpm,,1803 rpm,1140 rpm,1840 rpm
2026-09-08 01:44:00,26.7 V,,26.8 V,27.1 V,,27.0 V,26.7 V,26.0 V,1824 rpm,,1794 rpm,1262 rpm,0 rpm,1837 rpm,1842 rpm,1806 rpm
2026-09-08 01:46:00,26.6 V,,26.6 V,27.1 V,24.9 V,27.0 V,26.7 V,26.2 V,1879 rpm,,1813 rpm,1262 rpm,0 rpm,1801 rpm,1821 rpm,1823 rpm
2026-09-08 01:48:00,26.7 V,,26.8 V,27.1 V,24.9 V,27.0 V,26.7 V,26.3 V,1060 rpm,,1799 rpm,1263 rpm,0 rpm,1805 rpm,1837 rpm,1141 rpm
2026-09-08 01:50:00,26.7 V,,26.7 V,27.1 V,,27.0 V,26.6 V,26.2 V,800 rpm,,1800 rpm,1263 rpm,,1825 rpm,1816 rpm,800 rpm
2026-09-08 01:52:00,26.8 V,,26.8 V,27.1 V,24.9 V,27.0 V,26.7 V,26.1 V,983 rpm,,1834 rpm,1263 rpm,0 rpm,859 rpm,1612 rpm,800 rpm
2026-09-08 01:54:00,26.6 V,,26.8 V,27.1 V,24.9 V,27.0 V,26.8 V,26.4 V,1799 rpm,,1862 rpm,1262 rpm,0 rpm,1170 rpm,890 rpm,1058 rpm
2026-09-08 01:56:00,26.8 V,,26.8 V,27.1 V,,27.0 V,26.9 V,26.2 V,1817 rpm,,1837 rpm,1263 rpm,,1770 rpm,800 rpm,1713 rpm
2026-09-08 01:58:00,26.8 V,,26.6 V,27.1 V,24.9 V,27.0 V,27.0 V,26.5 V,1844 rpm,,1792 rpm,1263 rpm,0 rpm,1783 rpm,800 rpm,800 rpm
2026-09-08 02:00:00,26.8 V,26.9 V,26.8 V,27.1 V,24.9 V,27.0 V,,26.1 V,1817 rpm,799 rpm,1744 rpm,1262 rpm,0 rpm,1812 rpm,,1891 rpm
2026-09-08 02:02:00,26.7 V,26.9 V,26.8 V,27.1 V,,27.0 V,,26.1 V,1799 rpm,800 rpm,1411 rpm,1263 rpm,,1774 rpm,,1832 rpm
2026-09-08 02:04:00,26.7 V,26.9 V,25.8 V,27.1 V,24.9 V,26.9 V,,26.2 V,800 rpm,800 rpm,800 rpm,1262 rpm,0 rpm,1810 rpm,,1787 rpm
2026-09-08 02:06:00,26.7 V,26.9 V,25.9 V,27.1 V,27.0 V,27.0 V,,26.4 V,800 rpm,800 rpm,800 rpm,1262 rpm,1115 rpm,1812 rpm,,1331 rpm
2026-09-08 02:08:00,26.7 V,26.9 V,26.6 V,27.1 V,,27.0 V,,26.5 V,800 rpm,800 rpm,1306 rpm,1262 rpm,,1832 rpm,,800 rpm
2026-09-08 02:10:00,26.7 V,26.8 V,26.7 V,27.1 V,25.3 V,27.0 V,,26.5 V,800 rpm,800 rpm,1829 rpm,1612 rpm,0 rpm,1814 rpm,,800 rpm
2026-09-08 02:12:00,26.8 V,27.0 V,26.8 V,27.1 V,26.8 V,27.0 V,,26.4 V,1146 rpm,800 rpm,1746 rpm,1812 rpm,1069 rpm,1775 rpm,,1142 rpm
2026-09-08 02:14:00,26.8 V,27.0 V,26.7 V,27.0 V,25.0 V,27.0 V,,26.4 V,1826 rpm,800 rpm,1774 rpm,1300 rpm,0 rpm,1820 rpm,,1801 rpm
2026-09-08 02:16:00,26.9 V,27.0 V,26.8 V,27.0 V,27.0 V,27.0 V,,26.3 V,1799 rpm,800 rpm,1733 rpm,1300 rpm,800 rpm,800 rpm,,1857 rpm
2026-09-08 02:18:00,26.7 V,27.0 V,26.5 V,27.0 V,,27.0 V,,26.1 V,1856 rpm,800 rpm,1830 rpm,1300 rpm,,800 rpm,,1877 rpm
2026-09-08 02:20:00,26.7 V,27.0 V,26.8 V,27.0 V,,27.0 V,,26.1 V,1830 rpm,800 rpm,1796 rpm,1300 rpm,,1364 rpm,,1837 rpm
2026-09-08 02:22:00,26.7 V,27.0 V,26.8 V,27.0 V,,26.9 V,,26.2 V,1869 rpm,800 rpm,1803 rpm,1300 rpm,,1851 rpm,,1831 rpm
2026-09-08 02:24:00,26.7 V,27.0 V,26.8 V,27.0 V,,27.0 V,,26.3 V,1877 rpm,800 rpm,1805 rpm,1301 rpm,,1794 rpm,,1821 rpm
2026-09-08 02:26:00,26.7 V,27.0 V,26.8 V,27.0 V,,27.0 V,,26.5 V,1874 rpm,800 rpm,1793 rpm,1803 rpm,,1819 rpm,,800 rpm
2026-09-08 02:28:00,26.7 V,27.0 V,26.5 V,27.0 V,,26.8 V,,26.3 V,1858 rpm,800 rpm,1800 rpm,1807 rpm,,1836 rpm,,1562 rpm
2026-09-08 02:30:00,26.7 V,27.0 V,26.8 V,26.9 V,,27.0 V,,26.2 V,1865 rpm,800 rpm,1804 rpm,1795 rpm,,1819 rpm,,1825 rpm
2026-09-08 02:32:00,26.7 V,27.0 V,26.7 V,26.9 V,,27.0 V,,26.2 V,1869 rpm,800 rpm,1791 rpm,1797 rpm,,1821 rpm,,1847 rpm
2026-09-08 02:34:00,26.7 V,27.0 V,26.7 V,26.9 V,,27.0 V,,26.2 V,1884 rpm,800 rpm,1781 rpm,1834 rpm,,1813 rpm,,1855 rpm
2026-09-08 02:36:00,26.7 V,27.0 V,26.7 V,26.9 V,,26.9 V,,26.2 V,1836 rpm,800 rpm,1810 rpm,1876 rpm,,1829 rpm,,1837 rpm
2026-09-08 02:38:00,26.7 V,27.0 V,26.7 V,26.9 V,,27.0 V,,26.2 V,1844 rpm,800 rpm,1781 rpm,1875 rpm,,1807 rpm,,1808 rpm
2026-09-08 02:40:00,26.7 V,27.1 V,26.4 V,26.9 V,,27.0 V,,26.0 V,1839 rpm,800 rpm,1826 rpm,1837 rpm,,1826 rpm,,1821 rpm
2026-09-08 02:42:00,26.7 V,27.1 V,26.7 V,26.9 V,,27.0 V,,26.2 V,1838 rpm,800 rpm,1795 rpm,1828 rpm,,1817 rpm,,1825 rpm
2026-09-08 02:44:00,26.7 V,27.0 V,26.7 V,26.9 V,,26.9 V,,26.2 V,1846 rpm,800 rpm,1818 rpm,1828 rpm,,1836 rpm,,1860 rpm
2026-09-08 02:46:00,26.7 V,27.1 V,26.7 V,26.7 V,,27.0 V,,26.2 V,1831 rpm,1353 rpm,1813 rpm,1836 rpm,,1804 rpm,,1849 rpm
2026-09-08 02:48:00,26.7 V,27.1 V,26.7 V,26.9 V,,27.0 V,,26.3 V,1852 rpm,1527 rpm,1798 rpm,1872 rpm,,1808 rpm,,1377 rpm
2026-09-08 02:50:00,26.7 V,27.1 V,26.7 V,26.9 V,,,,26.5 V,1851 rpm,1527 rpm,1787 rpm,1825 rpm,,,,800 rpm
2026-09-08 02:52:00,26.6 V,27.1 V,26.7 V,26.9 V,,27.0 V,,26.5 V,1795 rpm,1527 rpm,1807 rpm,1837 rpm,,1806 rpm,,800 rpm
2026-09-08 02:54:00,26.7 V,27.1 V,25.9 V,26.8 V,,27.0 V,,26.5 V,1878 rpm,1105 rpm,1844 rpm,1846 rpm,,1818 rpm,,800 rpm
2026-09-08 02:56:00,26.7 V,27.1 V,26.7 V,26.8 V,,27.0 V,,26.5 V,1850 rpm,1900 rpm,1746 rpm,1879 rpm,,1847 rpm,,800 rpm
2026-09-08 02:58:00,26.6 V,27.1 V,26.7 V,26.9 V,,27.0 V,,26.5 V,1887 rpm,1851 rpm,1871 rpm,1826 rpm,,1799 rpm,,800 rpm
2026-09-08 03:00:00,26.6 V,27.1 V,26.7 V,26.9 V,,27.0 V,,26.5 V,1879 rpm,1851 rpm,1866 rpm,1831 rpm,,1821 rpm,,800 rpm
2026-09-08 03:02:00,26.7 V,27.0 V,26.7 V,26.9 V,,27.0 V,,26.3 V,1882 rpm,1873 rpm,1807 rpm,1829 rpm,,1854 rpm,,1411 rpm
2026-09-08 03:04:00,26.7 V,26.9 V,26.7 V,26.8 V,,27.0 V,,26.3 V,1881 rpm,1847 rpm,1777 rpm,1840 rpm,,1825 rpm,800 rpm,1815 rpm
2026-09-08 03:06:00,26.7 V,27.0 V,26.6 V,26.8 V,,26.9 V,27.0 V,26.3 V,1879 rpm,1834 rpm,1818 rpm,1853 rpm,,1825 rpm,800 rpm,1857 rpm
2026-09-08 03:08:00,26.7 V,26.9 V,26.7 V,26.8 V,,26.9 V,26.8 V,26.3 V,1880 rpm,1821 rpm,1784 rpm,1817 rpm,,1828 rpm,1498 rpm,1841 rpm
2026-09-08 03:10:00,26.7 V,26.9 V,26.8 V,26.8 V,,27.0 V,27.1 V,26.2 V,1872 rpm,1827 rpm,1803 rpm,1825 rpm,,1819 rpm,1813 rpm,1833 rpm
2026-09-08 03:12:00,26.7 V,26.9 V,26.8 V,26.8 V,,27.0 V,27.1 V,26.3 V,1868 rpm,1828 rpm,1821 rpm,1838 rpm,,1821 rpm,1809 rpm,1838 rpm
2026-09-08 03:14:00,26.1 V,26.9 V,26.8 V,26.8 V,,27.0 V,27.1 V,26.3 V,630 rpm,1817 rpm,1792 rpm,1846 rpm,,1829 rpm,966 rpm,1412 rpm
2026-09-08 03:16:00,26.7 V,26.8 V,26.8 V,26.8 V,,27.0 V,27.1 V,26.2 V,1739 rpm,1819 rpm,1802 rpm,1839 rpm,,1844 rpm,1823 rpm,1857 rpm
2026-09-08 03:18:00,26.9 V,26.8 V,26.8 V,26.8 V,,27.0 V,27.0 V,26.2 V,1880 rpm,1838 rpm,1803 rpm,1850 rpm,,1823 rpm,1815 rpm,1848 rpm
2026-09-08 03:20:00,,26.9 V,26.8 V,26.8 V,,27.0 V,27.0 V,26.2 V,,1883 rpm,1752 rpm,1852 rpm,,1815 rpm,1190 rpm,1820 rpm
2026-09-08 03:22:00,,26.8 V,26.8 V,26.8 V,,26.8 V,27.0 V,26.2 V,,1815 rpm,1800 rpm,1841 rpm,,1832 rpm,1169 rpm,1832 rpm
2026-09-08 03:24:00,,26.8 V,25.8 V,26.8 V,,27.0 V,27.0 V,26.2 V,,1900 rpm,820 rpm,1852 rpm,,1818 rpm,1810 rpm,1847 rpm
2026-09-08 03:26:00,,26.8 V,25.8 V,26.8 V,,27.0 V,27.0 V,26.2 V,,1800 rpm,800 rpm,1852 rpm,,1816 rpm,1815 rpm,1855 rpm
2026-09-08 03:28:00,,26.8 V,26.6 V,26.8 V,,27.0 V,27.0 V,26.3 V,,1812 rpm,1726 rpm,1852 rpm,,1812 rpm,1315 rpm,1807 rpm
2026-09-08 03:30:00,,26.8 V,26.8 V,26.8 V,,27.0 V,27.0 V,26.2 V,,1824 rpm,1760 rpm,1868 rpm,,1802 rpm,800 rpm,1832 rpm
2026-09-08 03:32:00,,26.8 V,26.7 V,26.9 V,,27.0 V,27.0 V,26.3 V,,1816 rpm,1761 rpm,1818 rpm,,1826 rpm,800 rpm,1811 rpm
2026-09-08 03:34:00,,26.8 V,26.8 V,26.9 V,,27.0 V,27.0 V,26.3 V,,1827 rpm,1765 rpm,1820 rpm,,1848 rpm,800 rpm,1835 rpm
2026-09-08 03:36:00,,26.8 V,26.9 V,26.9 V,,26.9 V,27.0 V,26.4 V,,1824 rpm,1839 rpm,1826 rpm,,1818 rpm,897 rpm,1129 rpm
2026-09-08 03:38:00,,26.7 V,,26.8 V,,27.0 V,27.0 V,26.3 V,,1827 rpm,,1857 rpm,,1812 rpm,800 rpm,1122 rpm
2026-09-08 03:40:00,,26.8 V,26.8 V,26.9 V,,27.0 V,27.0 V,26.2 V,,1806 rpm,1841 rpm,1818 rpm,,1833 rpm,1791 rpm,1796 rpm
2026-09-08 03:42:00,,26.8 V,26.8 V,26.9 V,,27.0 V,27.0 V,26.4 V,,1826 rpm,1868 rpm,1824 rpm,,1828 rpm,1812 rpm,1284 rpm
2026-09-08 03:44:00,,26.8 V,26.8 V,26.9 V,,27.0 V,27.0 V,26.5 V,,1836 rpm,1850 rpm,1835 rpm,,1426 rpm,1832 rpm,800 rpm
2026-09-08 03:46:00,,26.8 V,26.8 V,26.9 V,,26.5 V,27.0 V,26.5 V,,1813 rpm,1813 rpm,1845 rpm,,800 rpm,1839 rpm,800 rpm
2026-09-08 03:48:00,,26.8 V,26.8 V,26.9 V,,26.4 V,27.0 V,26.4 V,,1809 rpm,1785 rpm,1832 rpm,,800 rpm,1822 rpm,1533 rpm
2026-09-08 03:50:00,,26.8 V,26.8 V,26.9 V,,26.9 V,27.0 V,26.3 V,,1874 rpm,1775 rpm,1842 rpm,,1266 rpm,1815 rpm,1670 rpm
2026-09-08 03:52:00,,26.8 V,26.6 V,26.9 V,,27.0 V,26.8 V,26.5 V,,1900 rpm,1778 rpm,1849 rpm,,1804 rpm,1835 rpm,1186 rpm
2026-09-08 03:54:00,,26.6 V,26.6 V,26.9 V,26.9 V,27.0 V,27.0 V,26.5 V,,1900 rpm,1831 rpm,1840 rpm,800 rpm,1862 rpm,1809 rpm,887 rpm
2026-09-08 03:56:00,,26.8 V,26.8 V,26.9 V,,27.0 V,26.9 V,26.6 V,,1900 rpm,1803 rpm,1838 rpm,,1804 rpm,1825 rpm,800 rpm
2026-09-08 03:58:00,,26.9 V,26.8 V,26.9 V,26.9 V,27.0 V,26.9 V,26.6 V,,1900 rpm,1785 rpm,1832 rpm,801 rpm,1790 rpm,1835 rpm,800 rpm
2026-09-08 04:00:00,,26.9 V,26.8 V,26.9 V,26.9 V,27.0 V,26.9 V,26.5 V,,1900 rpm,1808 rpm,1585 rpm,1260 rpm,1821 rpm,1815 rpm,981 rpm
2026-09-08 04:02:00,,26.7 V,26.8 V,26.9 V,26.8 V,27.0 V,26.9 V,26.3 V,,1900 rpm,1784 rpm,1261 rpm,1509 rpm,1817 rpm,1833 rpm,1798 rpm
2026-09-08 04:04:00,,26.9 V,26.6 V,26.9 V,26.4 V,27.0 V,26.9 V,26.4 V,,1900 rpm,1814 rpm,1260 rpm,800 rpm,1818 rpm,1816 rpm,1826 rpm
2026-09-08 04:06:00,,26.9 V,26.8 V,26.9 V,26.8 V,27.0 V,26.9 V,26.3 V,,1808 rpm,1795 rpm,1260 rpm,800 rpm,1843 rpm,1819 rpm,1842 rpm
2026-09-08 04:08:00,,26.9 V,26.8 V,26.9 V,26.7 V,26.9 V,26.9 V,26.1 V,,1819 rpm,1788 rpm,1261 rpm,800 rpm,1830 rpm,1834 rpm,1845 rpm
2026-09-08 04:10:00,,26.7 V,26.8 V,26.9 V,26.8 V,27.0 V,26.9 V,26.3 V,,1817 rpm,1792 rpm,1650 rpm,800 rpm,1801 rpm,1818 rpm,1834 rpm
2026-09-08 04:12:00,,26.8 V,26.8 V,26.9 V,26.8 V,27.0 V,26.9 V,26.3 V,,1820 rpm,1799 rpm,1828 rpm,800 rpm,1796 rpm,1836 rpm,1851 rpm
2026-09-08 04:14:00,,26.6 V,26.8 V,26.9 V,26.8 V,27.0 V,26.9 V,26.3 V,,1814 rpm,1789 rpm,1846 rpm,800 rpm,1836 rpm,1846 rpm,1859 rpm
2026-09-08 04:16:00,,26.9 V,26.8 V,26.9 V,,27.0 V,26.9 V,26.5 V,,1870 rpm,1805 rpm,1830 rpm,,1825 rpm,1838 rpm,1229 rpm
2026-09-08 04:18:00,,26.9 V,26.8 V,26.9 V,26.3 V,27.0 V,26.9 V,26.5 V,,1862 rpm,1800 rpm,1411 rpm,800 rpm,1817 rpm,1813 rpm,1099 rpm
2026-09-08 04:20:00,,26.8 V,26.6 V,26.9 V,26.8 V,27.0 V,26.9 V,26.3 V,,1827 rpm,1807 rpm,1411 rpm,800 rpm,1810 rpm,1730 rpm,1835 rpm
2026-09-08 04:22:00,,26.8 V,26.8 V,26.9 V,26.8 V,27.0 V,26.7 V,26.3 V,,1807 rpm,1767 rpm,1411 rpm,800 rpm,1826 rpm,1396 rpm,1829 rpm
2026-09-08 04:24:00,,26.7 V,26.8 V,26.9 V,26.8 V,27.0 V,26.9 V,26.3 V,,1835 rpm,1787 rpm,1411 rpm,800 rpm,1821 rpm,1819 rpm,1867 rpm
2026-09-08 04:26:00,,26.8 V,26.8 V,26.9 V,26.7 V,27.0 V,26.9 V,26.2 V,,1810 rpm,1786 rpm,1411 rpm,800 rpm,1863 rpm,1821 rpm,1838 rpm
2026-09-08 04:28:00,,26.8 V,26.8 V,26.9 V,26.4 V,27.0 V,26.9 V,26.4 V,,1817 rpm,1807 rpm,1411 rpm,589 rpm,1823 rpm,1692 rpm,1827 rpm
2026-09-08 04:30:00,,26.8 V,26.8 V,26.9 V,25.8 V,27.0 V,26.9 V,26.3 V,,1827 rpm,1869 rpm,1411 rpm,321 rpm,1818 rpm,1813 rpm,1837 rpm
2026-09-08 04:32:00,,26.8 V,26.8 V,26.9 V,25.1 V,26.4 V,26.9 V,26.5 V,,1821 rpm,1819 rpm,1411 rpm,0 rpm,1819 rpm,1832 rpm,800 rpm
2026-09-08 04:34:00,,26.8 V,26.8 V,26.9 V,,27.0 V,26.9 V,26.6 V,,1831 rpm,1819 rpm,1411 rpm,,1803 rpm,1835 rpm,800 rpm
2026-09-08 04:36:00,,26.8 V,26.8 V,27.0 V,,27.0 V,26.9 V,26.6 V,,1823 rpm,1778 rpm,1528 rpm,,1807 rpm,1838 rpm,800 rpm
2026-09-08 04:38:00,,26.7 V,26.6 V,26.9 V,,27.0 V,26.9 V,26.4 V,,1846 rpm,1792 rpm,1781 rpm,,1827 rpm,1839 rpm,1438 rpm
2026-09-08 04:40:00,,26.8 V,26.7 V,27.0 V,,27.0 V,26.9 V,26.3 V,,1857 rpm,1805 rpm,1825 rpm,,1826 rpm,1826 rpm,1844 rpm
2026-09-08 04:42:00,,26.8 V,26.8 V,26.9 V,,27.0 V,26.9 V,26.3 V,,1823 rpm,1816 rpm,1817 rpm,,1812 rpm,1833 rpm,1855 rpm
2026-09-08 04:44:00,,26.9 V,26.5 V,26.9 V,,27.0 V,26.9 V,26.4 V,,1850 rpm,1806 rpm,1859 rpm,,1812 rpm,1861 rpm,1857 rpm
2026-09-08 04:46:00,,26.9 V,26.8 V,26.9 V,,27.0 V,26.9 V,26.3 V,,1846 rpm,1792 rpm,1826 rpm,,1837 rpm,1822 rpm,1878 rpm
2026-09-08 04:48:00,,26.8 V,26.6 V,26.9 V,,27.0 V,26.9 V,26.2 V,,1815 rpm,1790 rpm,1826 rpm,,1819 rpm,1825 rpm,1532 rpm
2026-09-08 04:50:00,,26.9 V,26.8 V,26.9 V,,26.8 V,26.9 V,26.3 V,,1868 rpm,1768 rpm,1814 rpm,,1834 rpm,1840 rpm,1843 rpm
2026-09-08 04:52:00,,26.6 V,26.7 V,26.9 V,,27.0 V,26.7 V,26.4 V,,1864 rpm,1789 rpm,1840 rpm,,1798 rpm,1841 rpm,1841 rpm
2026-09-08 04:54:00,,26.9 V,26.8 V,26.9 V,,27.0 V,26.9 V,26.3 V,,1818 rpm,1781 rpm,1835 rpm,,1815 rpm,1834 rpm,1856 rpm
2026-09-08 04:56:00,,26.9 V,26.6 V,26.9 V,,27.0 V,26.9 V,26.3 V,,1815 rpm,1797 rpm,1901 rpm,,1424 rpm,1849 rpm,1819 rpm
2026-09-08 04:58:00,,26.7 V,26.8 V,26.9 V,,27.0 V,26.9 V,26.3 V,,1860 rpm,1770 rpm,1804 rpm,,800 rpm,1831 rpm,1854 rpm
2026-09-08 05:00:00,,26.8 V,26.9 V,26.9 V,,27.0 V,26.9 V,26.4 V,,1885 rpm,1783 rpm,1707 rpm,,1247 rpm,1850 rpm,1843 rpm
2026-09-08 05:02:00,,26.8 V,26.8 V,26.9 V,,26.8 V,26.9 V,26.3 V,,1900 rpm,1818 rpm,1707 rpm,,1802 rpm,1837 rpm,1854 rpm
2026-09-08 05:04:00,,26.8 V,26.9 V,26.9 V,,27.0 V,26.9 V,26.3 V,,1879 rpm,1781 rpm,1759 rpm,,1813 rpm,1823 rpm,1853 rpm
2026-09-08 05:06:00,,26.7 V,26.9 V,26.9 V,,27.0 V,26.5 V,26.3 V,,1828 rpm,1791 rpm,1823 rpm,,1825 rpm,1840 rpm,1844 rpm
2026-09-08 05:08:00,26.9 V,26.9 V,26.7 V,26.9 V,,27.0 V,26.9 V,26.3 V,1880 rpm,1818 rpm,1803 rpm,1821 rpm,,1816 rpm,1062 rpm,1865 rpm
2026-09-08 05:10:00,26.9 V,26.8 V,26.7 V,26.9 V,,27.0 V,26.9 V,26.3 V,1876 rpm,1847 rpm,1831 rpm,1827 rpm,,1814 rpm,800 rpm,1854 rpm
2026-09-08 05:12:00,26.8 V,26.7 V,26.9 V,26.9 V,,27.0 V,26.9 V,26.3 V,1812 rpm,1851 rpm,1818 rpm,1844 rpm,,1828 rpm,800 rpm,1856 rpm
2026-09-08 05:14:00,26.6 V,26.8 V,26.9 V,26.9 V,,27.0 V,26.9 V,26.3 V,1536 rpm,1900 rpm,1805 rpm,1856 rpm,,1823 rpm,800 rpm,1876 rpm
2026-09-08 05:16:00,25.6 V,26.8 V,26.6 V,26.9 V,,27.0 V,26.9 V,26.2 V,241 rpm,1900 rpm,1841 rpm,1895 rpm,,912 rpm,1789 rpm,1856 rpm
2026-09-08 05:18:00,25.1 V,26.9 V,26.8 V,26.9 V,,27 V,26.9 V,26.2 V,0 rpm,1900 rpm,1783 rpm,1899 rpm,,800 rpm,1842 rpm,1889 rpm
2026-09-08 05:20:00,,26.8 V,26.9 V,26.9 V,,27.0 V,26.9 V,26 V,,1381 rpm,1787 rpm,1900 rpm,,800 rpm,1826 rpm,1801 rpm
2026-09-08 05:22:00,,26.9 V,,26.9 V,,27.0 V,26.9 V,26.3 V,,1514 rpm,,1901 rpm,,800 rpm,1844 rpm,1738 rpm
2026-09-08 05:24:00,,26.9 V,,26.9 V,,26.4 V,26.9 V,26.3 V,,800 rpm,,1899 rpm,,800 rpm,1823 rpm,1748 rpm
2026-09-08 05:26:00,,26.8 V,26.9 V,26.9 V,,27.0 V,26.9 V,26.4 V,,800 rpm,1885 rpm,1901 rpm,,800 rpm,1817 rpm,1707 rpm
2026-09-08 05:28:00,,26.6 V,26.9 V,26.7 V,,27.0 V,26.9 V,26.2 V,,800 rpm,1797 rpm,1332 rpm,,800 rpm,1838 rpm,1751 rpm
2026-09-08 05:30:00,,26.7 V,26.8 V,25.1 V,,27.0 V,26.9 V,26.3 V,,800 rpm,1872 rpm,0 rpm,,800 rpm,1853 rpm,1740 rpm
2026-09-08 05:32:00,,,26.9 V,25.3 V,,27.0 V,26.9 V,26.3 V,,,1816 rpm,0 rpm,,800 rpm,1845 rpm,1730 rpm
2026-09-08 05:34:00,,,26.1 V,25.2 V,,27.1 V,26.9 V,26.2 V,,,1867 rpm,0 rpm,,800 rpm,1846 rpm,1274 rpm
2026-09-08 05:36:00,,,26.8 V,25.2 V,,27.0 V,26.9 V,26.5 V,,,1694 rpm,0 rpm,,800 rpm,1826 rpm,800 rpm
2026-09-08 05:38:00,,,26.8 V,25.2 V,,27.1 V,26.8 V,26.6 V,,,1797 rpm,0 rpm,,800 rpm,1852 rpm,1245 rpm
2026-09-08 05:40:00,,,26.1 V,25.2 V,,27.1 V,26.7 V,26.3 V,,,1817 rpm,0 rpm,,800 rpm,1838 rpm,1761 rpm
2026-09-08 05:42:00,,,26.9 V,25.2 V,,27.1 V,26.9 V,26.2 V,,,1789 rpm,0 rpm,,800 rpm,1821 rpm,1840 rpm
2026-09-08 05:44:00,,,26.8 V,25.2 V,,27.1 V,26.9 V,26.3 V,,,1766 rpm,0 rpm,,800 rpm,1837 rpm,1812 rpm
2026-09-08 05:46:00,,,26.6 V,25.2 V,,27.1 V,26.9 V,26.4 V,,,1798 rpm,0 rpm,,800 rpm,1826 rpm,1829 rpm
2026-09-08 05:48:00,,,26.8 V,25.2 V,,27.1 V,26.9 V,26.3 V,,,1781 rpm,0 rpm,,800 rpm,1822 rpm,1813 rpm
2026-09-08 05:50:00,,,26.6 V,25.2 V,,27.1 V,26.5 V,25.8 V,,,1805 rpm,0 rpm,,800 rpm,1412 rpm,1622 rpm
2026-09-08 05:52:00,,,26.8 V,25.2 V,,27.1 V,26.9 V,26.3 V,,,1762 rpm,0 rpm,,800 rpm,1227 rpm,1381 rpm
2026-09-08 05:54:00,,,26.6 V,25.2 V,,27.1 V,26.8 V,26.2 V,,,1826 rpm,0 rpm,,800 rpm,1134 rpm,1772 rpm
2026-09-08 05:56:00,,,26.9 V,25.2 V,,27.1 V,,26.3 V,,,1776 rpm,0 rpm,,800 rpm,,1842 rpm
2026-09-08 05:58:00,,,26.8 V,25.2 V,,27.1 V,,,,,1800 rpm,0 rpm,,800 rpm,,
2026-09-08 06:00:00,,,26.7 V,25.2 V,,27.1 V,,,,,1085 rpm,0 rpm,,800 rpm,,
2026-09-08 06:02:00,,,,25.2 V,,27.2 V,,,,,,0 rpm,,800 rpm,,
2026-09-08 06:04:00,,,,25.2 V,,27.1 V,,,,,,0 rpm,,800 rpm,,
2026-09-08 06:06:00,,,,25.2 V,,27.2 V,,,,,,0 rpm,,800 rpm,,
2026-09-08 06:08:00,,,,24.9 V,,27.1 V,,,,,,0 rpm,,800 rpm,,
2026-09-08 06:10:00,,,,26.5 V,,27.2 V,,,,,,985 rpm,,800 rpm,,
2026-09-08 06:12:00,,,,26.9 V,,27.1 V,,,,,,1834 rpm,,800 rpm,,
2026-09-08 06:14:00,,,,26.9 V,,27.2 V,,,,,,1824 rpm,,800 rpm,,
2026-09-08 06:16:00,,,,26.9 V,,27.2 V,,,,,,1794 rpm,,800 rpm,,
2026-09-08 06:18:00,,26.9 V,,26.9 V,,27.2 V,,,,800 rpm,,1832 rpm,,800 rpm,,
2026-09-08 06:20:00,,26.9 V,,26.9 V,,27.2 V,,,,1882 rpm,,1841 rpm,,800 rpm,,
2026-09-08 06:22:00,,27.0 V,,26.8 V,,26.1 V,,,,1900 rpm,,1838 rpm,,800 rpm,,
2026-09-08 06:24:00,,27.0 V,,26.8 V,,27.1 V,,,,1881 rpm,,1838 rpm,,800 rpm,,
2026-09-08 06:26:00,,27.0 V,,26.8 V,,27.1 V,,,,1836 rpm,,1847 rpm,,800 rpm,,
2026-09-08 06:28:00,,27.0 V,,26.8 V,,27.1 V,,,,1843 rpm,,940 rpm,,1763 rpm,,
2026-09-08 06:30:00,,26.9 V,,26.8 V,,27.1 V,26.8 V,,,1841 rpm,,800 rpm,,1828 rpm,1900 rpm,
2026-09-08 06:32:00,,26.9 V,,26.8 V,,27.2 V,26.8 V,,,1822 rpm,,1528 rpm,,1763 rpm,1900 rpm,
2026-09-08 06:34:00,,26.9 V,,26.8 V,,27.1 V,26.8 V,,,1841 rpm,,1084 rpm,,1795 rpm,1836 rpm,
2026-09-08 06:36:00,,26.9 V,,26.8 V,,27.1 V,26.8 V,,,1829 rpm,,800 rpm,,1793 rpm,1808 rpm,
2026-09-08 06:38:00,,26.9 V,26.8 V,26.8 V,,27.1 V,26.8 V,,,1835 rpm,1741 rpm,800 rpm,,1794 rpm,1815 rpm,
2026-09-08 06:40:00,,26.9 V,26.8 V,26.8 V,,,26.6 V,26.2 V,,1837 rpm,1796 rpm,800 rpm,,,1836 rpm,1789 rpm
2026-09-08 06:42:00,,26.9 V,26.9 V,26.8 V,,27.1 V,26.8 V,26.2 V,,1873 rpm,1772 rpm,800 rpm,,1799 rpm,1867 rpm,1839 rpm
2026-09-08 06:44:00,,26.9 V,26.3 V,26.8 V,,27.1 V,26.8 V,26.2 V,,1901 rpm,1794 rpm,800 rpm,,1791 rpm,1856 rpm,1900 rpm
2026-09-08 06:46:00,,26.9 V,26.9 V,26.8 V,,27.1 V,26.8 V,26.3 V,,1844 rpm,1765 rpm,800 rpm,,1817 rpm,1852 rpm,1842 rpm
2026-09-08 06:48:00,,26.9 V,26.8 V,26.8 V,,27.1 V,26.8 V,26.3 V,,1843 rpm,1769 rpm,984 rpm,,1824 rpm,1819 rpm,1795 rpm
2026-09-08 06:50:00,,26.9 V,26.6 V,26.8 V,,27.1 V,26.8 V,26.3 V,,1828 rpm,1803 rpm,1754 rpm,,1804 rpm,1807 rpm,1825 rpm
2026-09-08 06:52:00,,26.9 V,26.9 V,26.8 V,,27.1 V,26.8 V,26.3 V,,1842 rpm,1771 rpm,1791 rpm,,1823 rpm,1819 rpm,1845 rpm
2026-09-08 06:54:00,,26.9 V,26.9 V,26.8 V,,27.1 V,26.8 V,26.3 V,,1826 rpm,1781 rpm,1814 rpm,,1808 rpm,1830 rpm,1835 rpm
2026-09-08 06:56:00,,26.9 V,26.7 V,26.8 V,,27.1 V,26.8 V,26.3 V,,1839 rpm,1812 rpm,1829 rpm,,1806 rpm,1834 rpm,1827 rpm
2026-09-08 06:58:00,,26.7 V,26.9 V,26.9 V,,27.1 V,26.7 V,26.2 V,,1832 rpm,1796 rpm,1457 rpm,,1815 rpm,1823 rpm,1823 rpm
2026-09-08 07:00:00,,26.9 V,26.9 V,26.9 V,,27.1 V,26.8 V,26.3 V,,1845 rpm,1791 rpm,1400 rpm,,1817 rpm,1824 rpm,1795 rpm
2026-09-08 07:02:00,,26.9 V,26.7 V,26.9 V,,26.9 V,26.7 V,26.3 V,,1847 rpm,1789 rpm,1400 rpm,,1825 rpm,1823 rpm,1797 rpm
2026-09-08 07:04:00,,26.9 V,26.9 V,26.9 V,,26.6 V,26.6 V,26.2 V,,1839 rpm,1783 rpm,1400 rpm,,948 rpm,1848 rpm,1829 rpm
2026-09-08 07:06:00,,26.9 V,26.9 V,26.9 V,,27.0 V,26.7 V,26.0 V,,1838 rpm,1774 rpm,1400 rpm,,800 rpm,1817 rpm,1829 rpm
2026-09-08 07:08:00,,26.9 V,26.7 V,26.9 V,,27.0 V,26.7 V,26.1 V,,1839 rpm,1781 rpm,1399 rpm,,800 rpm,1827 rpm,1826 rpm
2026-09-08 07:10:00,,26.9 V,26.9 V,26.9 V,,27.0 V,26.5 V,26.2 V,,1844 rpm,1785 rpm,1400 rpm,,800 rpm,1844 rpm,1815 rpm
2026-09-08 07:12:00,,26.9 V,26.9 V,26.9 V,,26.5 V,26.7 V,26.2 V,,1839 rpm,1767 rpm,1400 rpm,,800 rpm,1821 rpm,1843 rpm
2026-09-08 07:14:00,,26.8 V,26.6 V,26.9 V,,27.0 V,26.7 V,26.0 V,,1837 rpm,1791 rpm,1225 rpm,,1171 rpm,1824 rpm,1827 rpm
2026-09-08 07:16:00,,26.8 V,26.9 V,26.9 V,,27.0 V,26.7 V,25.9 V,,1849 rpm,1777 rpm,800 rpm,,1813 rpm,1833 rpm,1822 rpm
2026-09-08 07:18:00,,26.8 V,26.9 V,26.9 V,,27.0 V,26.7 V,26.0 V,,1834 rpm,1778 rpm,800 rpm,,1833 rpm,1819 rpm,1832 rpm
2026-09-08 07:20:00,,26.8 V,26.6 V,26.9 V,,27.0 V,26.7 V,26.2 V,,1832 rpm,1807 rpm,800 rpm,,1794 rpm,1819 rpm,1821 rpm
2026-09-08 07:22:00,,26.8 V,26.9 V,26.9 V,,27.0 V,26.7 V,26.2 V,,1831 rpm,1756 rpm,800 rpm,,1778 rpm,1820 rpm,1812 rpm
2026-09-08 07:24:00,,26.8 V,26.9 V,26.9 V,,27.1 V,26.7 V,26.2 V,,1845 rpm,1836 rpm,800 rpm,,1826 rpm,1821 rpm,1828 rpm
2026-09-08 07:26:00,,26.8 V,26.7 V,26.9 V,,27.1 V,26.7 V,26.1 V,,1842 rpm,1800 rpm,800 rpm,,1813 rpm,1823 rpm,1806 rpm
2026-09-08 07:28:00,,26.8 V,26.9 V,26.9 V,,27.1 V,26.7 V,26.2 V,,1851 rpm,1780 rpm,800 rpm,,1791 rpm,1822 rpm,1809 rpm
2026-09-08 07:30:00,,26.8 V,26.9 V,26.9 V,,27.1 V,26.7 V,26.2 V,,1833 rpm,1756 rpm,800 rpm,,1840 rpm,1825 rpm,1820 rpm
2026-09-08 07:32:00,,26.8 V,26.9 V,26.9 V,,27.0 V,26.5 V,26.2 V,,1772 rpm,1814 rpm,800 rpm,,1804 rpm,1823 rpm,1814 rpm
2026-09-08 07:34:00,,26.8 V,26.9 V,26.8 V,,27.1 V,26.7 V,26.2 V,,1605 rpm,1787 rpm,800 rpm,,1815 rpm,1812 rpm,1876 rpm
2026-09-08 07:36:00,,26.8 V,26.7 V,26.8 V,,27.0 V,26.7 V,26.0 V,,1400 rpm,1798 rpm,800 rpm,,1827 rpm,1817 rpm,1843 rpm
2026-09-08 07:38:00,,26.8 V,26.9 V,26.8 V,,27.0 V,26.7 V,26.2 V,,1400 rpm,1773 rpm,800 rpm,,1823 rpm,1812 rpm,1799 rpm
2026-09-08 07:40:00,,26.8 V,26.7 V,26.8 V,,27.0 V,26.7 V,26.2 V,,1601 rpm,1794 rpm,800 rpm,,1802 rpm,1822 rpm,1829 rpm
2026-09-08 07:42:00,,26.8 V,26.9 V,26.9 V,,26.9 V,26.7 V,26.2 V,,1658 rpm,1761 rpm,1433 rpm,,1833 rpm,1813 rpm,1858 rpm
2026-09-08 07:44:00,,26.8 V,26.9 V,26.9 V,,27.0 V,26.7 V,26.2 V,,1833 rpm,1773 rpm,1542 rpm,,1827 rpm,1822 rpm,1807 rpm
2026-09-08 07:46:00,,26.9 V,26.7 V,26.9 V,,27.0 V,26.5 V,26.2 V,,1840 rpm,1801 rpm,1803 rpm,,1819 rpm,1826 rpm,1827 rpm
2026-09-08 07:48:00,,26.8 V,26.9 V,26.9 V,,27.0 V,26.6 V,26.2 V,,1836 rpm,1752 rpm,1796 rpm,,1826 rpm,1822 rpm,1855 rpm
2026-09-08 07:50:00,,26.8 V,26.7 V,26.9 V,,27.0 V,26.7 V,26.2 V,,1831 rpm,1794 rpm,1801 rpm,,1809 rpm,1838 rpm,1840 rpm
2026-09-08 07:52:00,,26.7 V,26.9 V,26.9 V,,27.0 V,26.7 V,26.2 V,,1846 rpm,1764 rpm,1824 rpm,,1846 rpm,1836 rpm,1829 rpm
2026-09-08 07:54:00,,26.8 V,26.9 V,26.8 V,,27.0 V,26.7 V,26.1 V,,1856 rpm,1774 rpm,1824 rpm,,1853 rpm,1842 rpm,1849 rpm
2026-09-08 07:56:00,,26.8 V,26.9 V,26.9 V,,26.9 V,26.7 V,26.2 V,,1850 rpm,1468 rpm,1819 rpm,,1844 rpm,1824 rpm,1810 rpm
2026-09-08 07:58:00,,26.8 V,26.6 V,26.9 V,,27.0 V,26.7 V,26.2 V,,1837 rpm,1587 rpm,1820 rpm,,1844 rpm,1811 rpm,1827 rpm
2026-09-08 08:00:00,,26.8 V,26.9 V,26.8 V,,27.0 V,26.7 V,26.1 V,,1836 rpm,1775 rpm,1833 rpm,,1805 rpm,1821 rpm,1820 rpm
2026-09-08 08:02:00,,26.8 V,26.9 V,26.9 V,,27.0 V,26.7 V,26.1 V,,1825 rpm,1756 rpm,1777 rpm,,1800 rpm,1826 rpm,1814 rpm
2026-09-08 08:04:00,,26.8 V,26.7 V,26.9 V,,27.0 V,26.7 V,26.1 V,,1847 rpm,1778 rpm,1811 rpm,,1805 rpm,1828 rpm,1826 rpm
2026-09-08 08:06:00,,26.8 V,26.9 V,26.9 V,,27.0 V,26.7 V,26.1 V,,1828 rpm,1761 rpm,1822 rpm,,1834 rpm,1820 rpm,1809 rpm
2026-09-08 08:08:00,,26.8 V,26.6 V,26.9 V,,27.0 V,26.5 V,26.1 V,,1835 rpm,1769 rpm,1819 rpm,,1793 rpm,1831 rpm,1824 rpm
2026-09-08 08:10:00,,26.8 V,26.9 V,26.9 V,,26.9 V,26.7 V,26.1 V,,1837 rpm,1768 rpm,1845 rpm,,1810 rpm,1823 rpm,1831 rpm
2026-09-08 08:12:00,,26.8 V,26.9 V,26.9 V,,26.9 V,26.7 V,26.1 V,,1851 rpm,1760 rpm,1835 rpm,,1835 rpm,1820 rpm,1815 rpm
2026-09-08 08:14:00,,26.8 V,26.9 V,26.9 V,,26.9 V,26.6 V,26.1 V,,1842 rpm,1788 rpm,1822 rpm,,1826 rpm,1843 rpm,1829 rpm
2026-09-08 08:16:00,,26.8 V,26.9 V,26.9 V,,26.9 V,26.7 V,26.1 V,,1834 rpm,1765 rpm,1754 rpm,,1799 rpm,1821 rpm,1814 rpm
2026-09-08 08:18:00,,26.7 V,26.6 V,26.9 V,,26.9 V,26.7 V,,,1831 rpm,1792 rpm,1803 rpm,,1834 rpm,1818 rpm,
2026-09-08 08:20:00,,26.7 V,26.9 V,26.9 V,,26.9 V,26.7 V,26.2 V,,1831 rpm,1773 rpm,1819 rpm,,1855 rpm,1819 rpm,1860 rpm
2026-09-08 08:22:00,,26.8 V,26.8 V,,,26.9 V,26.6 V,26.1 V,,1843 rpm,1758 rpm,,,1840 rpm,1731 rpm,1834 rpm
2026-09-08 08:24:00,,26.8 V,26.8 V,,,27.0 V,26.3 V,26.2 V,,1828 rpm,1781 rpm,,,1800 rpm,1400 rpm,1807 rpm
2026-09-08 08:26:00,,26.6 V,26.9 V,26.9 V,,27.0 V,26.7 V,26.0 V,,1846 rpm,1774 rpm,1786 rpm,,1819 rpm,1400 rpm,1825 rpm
2026-09-08 08:28:00,,26.8 V,26.7 V,26.9 V,,27.0 V,26.7 V,26.1 V,,1847 rpm,1777 rpm,1814 rpm,,1810 rpm,1400 rpm,1847 rpm
2026-09-08 08:30:00,,26.8 V,26.9 V,26.9 V,,27.0 V,26.7 V,26.2 V,,1842 rpm,1773 rpm,1824 rpm,,1803 rpm,1400 rpm,1790 rpm
2026-09-08 08:32:00,,26.7 V,26.8 V,26.9 V,,27.0 V,26.3 V,26.1 V,,1843 rpm,1825 rpm,1834 rpm,,1831 rpm,1474 rpm,1808 rpm
2026-09-08 08:34:00,,26.8 V,26.7 V,26.9 V,,27.0 V,26.7 V,26.1 V,,1850 rpm,1780 rpm,1820 rpm,,1782 rpm,1546 rpm,1837 rpm
2026-09-08 08:36:00,,26.8 V,26.9 V,26.9 V,,26.9 V,26.7 V,26.1 V,,1534 rpm,1754 rpm,1824 rpm,,1802 rpm,1400 rpm,1811 rpm
2026-09-08 08:38:00,,26.6 V,26.9 V,26.9 V,,27.0 V,26.7 V,26.2 V,,1818 rpm,1817 rpm,1400 rpm,,1900 rpm,1825 rpm,1787 rpm
2026-09-08 08:40:00,,26.8 V,26.9 V,26.9 V,,27.0 V,26.7 V,26.1 V,,1807 rpm,1900 rpm,1400 rpm,,1854 rpm,1836 rpm,1833 rpm
2026-09-08 08:42:00,,26.7 V,26.9 V,26.9 V,,27.0 V,26.7 V,26.1 V,,1830 rpm,1826 rpm,1400 rpm,,1779 rpm,1836 rpm,1825 rpm
2026-09-08 08:44:00,,26.7 V,26.7 V,26.9 V,,27.0 V,26.7 V,26.1 V,,1784 rpm,1682 rpm,1400 rpm,,1781 rpm,1834 rpm,1787 rpm
2026-09-08 08:46:00,,26.7 V,26.9 V,26.9 V,,27.0 V,26.7 V,26.1 V,,1823 rpm,1763 rpm,1400 rpm,,1372 rpm,1824 rpm,1848 rpm
2026-09-08 08:48:00,,26.8 V,26.9 V,26.7 V,,27.0 V,26.7 V,26.1 V,,1819 rpm,1781 rpm,1495 rpm,,1625 rpm,1836 rpm,1790 rpm
2026-09-08 08:50:00,,26.8 V,26.7 V,26.9 V,,27.0 V,26.7 V,26.2 V,,1822 rpm,1782 rpm,1821 rpm,,1886 rpm,1828 rpm,1795 rpm
2026-09-08 08:52:00,25.1 V,26.6 V,26.9 V,26.9 V,,27.0 V,26.7 V,26.2 V,0 rpm,1833 rpm,1777 rpm,1832 rpm,,1797 rpm,1567 rpm,1354 rpm
2026-09-08 08:54:00,25.1 V,26.8 V,26.7 V,26.9 V,,27.0 V,26.7 V,25.8 V,0 rpm,1812 rpm,1767 rpm,1826 rpm,,1799 rpm,1400 rpm,800 rpm
2026-09-08 08:56:00,25.1 V,26.7 V,26.9 V,26.9 V,,27.0 V,26.7 V,25.8 V,0 rpm,1777 rpm,1777 rpm,1826 rpm,,1801 rpm,1619 rpm,800 rpm
2026-09-08 08:58:00,25.1 V,26.7 V,26.9 V,26.9 V,,27.0 V,26.7 V,26.3 V,0 rpm,1769 rpm,1780 rpm,1819 rpm,,1809 rpm,1754 rpm,1104 rpm
2026-09-08 09:00:00,25.1 V,26.7 V,26.9 V,26.9 V,,27.0 V,26.7 V,26.2 V,0 rpm,1822 rpm,1790 rpm,1833 rpm,,1834 rpm,1851 rpm,1876 rpm
2026-09-08 09:02:00,25.1 V,26.7 V,26.9 V,26.9 V,,27.0 V,26.7 V,26.1 V,0 rpm,1825 rpm,1781 rpm,1822 rpm,,1856 rpm,1820 rpm,1850 rpm
2026-09-08 09:04:00,25.1 V,26.7 V,26.7 V,26.9 V,,27.0 V,26.7 V,26.1 V,0 rpm,1855 rpm,1787 rpm,1829 rpm,,1869 rpm,1642 rpm,1851 rpm
2026-09-08 09:06:00,25.1 V,26.7 V,26.7 V,26.9 V,,27.0 V,26.7 V,25.9 V,0 rpm,1716 rpm,1778 rpm,1840 rpm,,1841 rpm,1702 rpm,1846 rpm
2026-09-08 09:08:00,25.1 V,26.7 V,26.8 V,26.9 V,,27.0 V,26.7 V,26.1 V,0 rpm,1538 rpm,1773 rpm,1824 rpm,,1819 rpm,1720 rpm,1833 rpm
2026-09-08 09:10:00,25.0 V,26.7 V,26.9 V,26.9 V,,27.0 V,26.7 V,26.1 V,58.0 rpm,1827 rpm,1690 rpm,1838 rpm,,1820 rpm,1830 rpm,1802 rpm
2026-09-08 09:12:00,26.9 V,26.7 V,26.7 V,26.8 V,,27.0 V,26.7 V,26.2 V,844 rpm,1820 rpm,1786 rpm,1828 rpm,,1808 rpm,1833 rpm,1829 rpm
2026-09-08 09:14:00,27.1 V,26.7 V,26.9 V,26.9 V,,26.8 V,26.7 V,26.2 V,800 rpm,1840 rpm,1764 rpm,1825 rpm,,1833 rpm,1825 rpm,1835 rpm
2026-09-08 09:16:00,26.7 V,26.7 V,26.8 V,26.9 V,,26.9 V,26.7 V,26.2 V,1256 rpm,1855 rpm,1816 rpm,1792 rpm,,1828 rpm,1661 rpm,1820 rpm
2026-09-08 09:18:00,27.0 V,26.8 V,26.9 V,,,26.9 V,26.7 V,26.1 V,1878 rpm,1827 rpm,1771 rpm,,,1816 rpm,1846 rpm,1815 rpm
2026-09-08 09:20:00,,26.8 V,26.9 V,26.9 V,,26.9 V,26.7 V,26.1 V,,1504 rpm,1778 rpm,1880 rpm,,1804 rpm,1839 rpm,1822 rpm
2026-09-08 09:22:00,,26.8 V,26.9 V,26.8 V,,26.9 V,26.7 V,26.2 V,,1400 rpm,1376 rpm,1868 rpm,,1832 rpm,1817 rpm,1831 rpm
2026-09-08 09:24:00,,26.7 V,26.8 V,26.8 V,,26.9 V,26.7 V,26.2 V,,1741 rpm,800 rpm,1874 rpm,,1788 rpm,1650 rpm,1850 rpm
2026-09-08 09:26:00,,26.8 V,26.8 V,26.8 V,,26.9 V,26.7 V,26.2 V,,1827 rpm,798 rpm,1884 rpm,,1802 rpm,1831 rpm,1852 rpm
2026-09-08 09:28:00,,26.8 V,26.8 V,26.8 V,,26.9 V,26.7 V,26.2 V,,1829 rpm,802 rpm,1878 rpm,,1806 rpm,1867 rpm,1823 rpm
2026-09-08 09:30:00,,26.8 V,,26.8 V,,26.9 V,26.7 V,26.1 V,,1810 rpm,,1883 rpm,,1824 rpm,1895 rpm,1854 rpm
2026-09-08 09:32:00,,26.8 V,,26.8 V,,26.8 V,26.7 V,26.1 V,,1813 rpm,,1884 rpm,,1807 rpm,1850 rpm,1866 rpm
2026-09-08 09:34:00,,26.8 V,,26.8 V,,26.8 V,26.7 V,26.1 V,,1830 rpm,,1874 rpm,,1828 rpm,1844 rpm,1839 rpm
2026-09-08 09:36:00,,26.8 V,,26.8 V,,26.7 V,26.7 V,26.2 V,,1825 rpm,,1859 rpm,,1823 rpm,1839 rpm,1826 rpm
2026-09-08 09:38:00,,26.6 V,,26.8 V,,26.8 V,26.7 V,26.2 V,,1837 rpm,,1835 rpm,,1816 rpm,1848 rpm,1863 rpm
2026-09-08 09:40:00,,26.8 V,,26.8 V,,26.8 V,26.7 V,26.1 V,,1828 rpm,,1864 rpm,,1804 rpm,1833 rpm,1797 rpm
2026-09-08 09:42:00,,26.7 V,,26.8 V,,26.8 V,26.7 V,26.2 V,,1832 rpm,,1835 rpm,,1829 rpm,1847 rpm,1827 rpm
2026-09-08 09:44:00,,26.8 V,,26.8 V,,26.8 V,26.7 V,26.2 V,,1799 rpm,,1831 rpm,,1801 rpm,1833 rpm,1808 rpm
2026-09-08 09:46:00,,26.8 V,,26.8 V,,26.8 V,26.7 V,26.2 V,,1825 rpm,,1810 rpm,,1808 rpm,1832 rpm,1835 rpm
2026-09-08 09:48:00,,26.6 V,,26.8 V,,26.8 V,26.7 V,26.2 V,,1815 rpm,,1810 rpm,,1625 rpm,1839 rpm,1829 rpm
2026-09-08 09:50:00,,26.8 V,,26.8 V,,26.8 V,26.7 V,26.1 V,,1832 rpm,,1437 rpm,,1400 rpm,1826 rpm,1820 rpm
2026-09-08 09:52:00,,26.8 V,,26.8 V,,26.9 V,26.7 V,26.0 V,,1509 rpm,,800 rpm,,1400 rpm,1841 rpm,1831 rpm
2026-09-08 09:54:00,,26.8 V,,26.8 V,,26.9 V,26.7 V,26.2 V,,1400 rpm,,944 rpm,,1486 rpm,1832 rpm,1834 rpm
2026-09-08 09:56:00,,26.8 V,,26.6 V,,26.9 V,26.7 V,26.1 V,,1400 rpm,,1792 rpm,,1802 rpm,1837 rpm,1835 rpm
2026-09-08 09:58:00,,26.8 V,,26.8 V,,26.9 V,26.7 V,26.2 V,,1510 rpm,,1835 rpm,,1818 rpm,1851 rpm,1833 rpm
2026-09-08 10:00:00,,26.8 V,,26.8 V,,26.9 V,26.7 V,26.2 V,,1869 rpm,,1824 rpm,,1802 rpm,1844 rpm,1851 rpm
2026-09-08 10:02:00,,26.8 V,,26.8 V,,26.9 V,26.7 V,25.8 V,,1862 rpm,,1822 rpm,,1819 rpm,1845 rpm,1832 rpm
2026-09-08 10:04:00,,26.8 V,,26.8 V,,26.9 V,26.7 V,26.0 V,,1864 rpm,,1834 rpm,,1817 rpm,1840 rpm,1825 rpm
2026-09-08 10:06:00,,26.8 V,,26.8 V,,26.9 V,26.7 V,25.4 V,,1849 rpm,,1861 rpm,,1797 rpm,1863 rpm,1838 rpm
2026-09-08 10:08:00,,26.8 V,,26.7 V,,26.9 V,26.7 V,26.0 V,,1851 rpm,,1830 rpm,,1811 rpm,1727 rpm,1849 rpm
2026-09-08 10:10:00,,26.8 V,,26.8 V,,26.8 V,26.7 V,26.1 V,,1848 rpm,,1825 rpm,,1847 rpm,1400 rpm,1848 rpm
2026-09-08 10:12:00,,26.8 V,,26.8 V,,26.8 V,26.7 V,26.0 V,,1850 rpm,,1821 rpm,,1798 rpm,1831 rpm,1842 rpm
2026-09-08 10:14:00,,26.7 V,,26.8 V,,26.9 V,26.6 V,25.9 V,,1862 rpm,,1840 rpm,,1804 rpm,1838 rpm,1849 rpm
2026-09-08 10:16:00,,26.7 V,,26.8 V,,26.9 V,26.7 V,26.1 V,,1819 rpm,,1836 rpm,,1815 rpm,1837 rpm,1848 rpm
2026-09-08 10:18:00,,26.8 V,,26.8 V,,26.9 V,26.7 V,26.0 V,,1825 rpm,,1824 rpm,,1814 rpm,1864 rpm,1859 rpm
2026-09-08 10:20:00,,26.7 V,,26.8 V,,26.9 V,26.7 V,26.1 V,,1835 rpm,,1820 rpm,,1814 rpm,1872 rpm,1804 rpm
2026-09-08 10:22:00,,26.7 V,,26.8 V,,26.9 V,26.7 V,26.1 V,,1845 rpm,,1827 rpm,,1891 rpm,1837 rpm,1802 rpm
2026-09-08 10:24:00,,26.7 V,,26.7 V,,26.9 V,26.7 V,26.0 V,,1833 rpm,,1828 rpm,,1797 rpm,1838 rpm,1833 rpm
2026-09-08 10:26:00,,26.7 V,,26.8 V,,26.9 V,26.7 V,26.1 V,,1847 rpm,,1836 rpm,,1789 rpm,1825 rpm,1835 rpm
2026-09-08 10:28:00,,26.8 V,26.8 V,26.7 V,,26.9 V,26.7 V,26.0 V,,1837 rpm,1238 rpm,1807 rpm,,1818 rpm,1845 rpm,1884 rpm
2026-09-08 10:30:00,,26.7 V,26.9 V,26.8 V,,26.9 V,26.7 V,26.1 V,,1841 rpm,1864 rpm,1643 rpm,,1811 rpm,1850 rpm,1841 rpm
2026-09-08 10:32:00,,26.7 V,26.9 V,26.8 V,,26.9 V,26.7 V,26.1 V,,1835 rpm,1849 rpm,1829 rpm,,1817 rpm,1853 rpm,1861 rpm
2026-09-08 10:34:00,,26.7 V,26.9 V,26.7 V,,26.8 V,26.7 V,26.0 V,,1845 rpm,1854 rpm,1829 rpm,,1809 rpm,1829 rpm,1841 rpm
2026-09-08 10:36:00,,26.8 V,26.6 V,26.7 V,,26.8 V,26.7 V,26.1 V,,1826 rpm,1616 rpm,1813 rpm,,1872 rpm,1831 rpm,1827 rpm
2026-09-08 10:38:00,,26.7 V,26.9 V,26.7 V,,26.9 V,26.7 V,26.0 V,,1843 rpm,1766 rpm,1829 rpm,,1812 rpm,1845 rpm,1866 rpm
2026-09-08 10:40:00,,26.7 V,27.0 V,26.7 V,,26.9 V,26.7 V,25.9 V,,1854 rpm,1769 rpm,1838 rpm,,1812 rpm,1845 rpm,1840 rpm
2026-09-08 10:42:00,,26.7 V,26.8 V,26.7 V,,26.9 V,26.7 V,26.0 V,,1864 rpm,1726 rpm,1842 rpm,,1818 rpm,1837 rpm,1837 rpm
2026-09-08 10:44:00,,26.7 V,26.7 V,26.7 V,,26.9 V,26.7 V,26.1 V,,1818 rpm,1813 rpm,1847 rpm,,1848 rpm,1842 rpm,1840 rpm
2026-09-08 10:46:00,,26.8 V,26.9 V,26.8 V,,26.8 V,26.7 V,25.6 V,,1834 rpm,1747 rpm,1834 rpm,,1820 rpm,1856 rpm,1883 rpm
2026-09-08 10:48:00,,26.7 V,26.9 V,26.7 V,,26.9 V,26.7 V,25.9 V,,1835 rpm,1805 rpm,1843 rpm,,1806 rpm,1842 rpm,1825 rpm
2026-09-08 10:50:00,,26.7 V,26.8 V,26.7 V,,26.9 V,26.7 V,25.8 V,,1824 rpm,1808 rpm,1833 rpm,,1826 rpm,1900 rpm,1836 rpm
2026-09-08 10:52:00,,26.7 V,26.7 V,26.7 V,,26.8 V,26.7 V,26.1 V,,1831 rpm,1799 rpm,1830 rpm,,1613 rpm,1853 rpm,1869 rpm
2026-09-08 10:54:00,,26.7 V,26.8 V,26.7 V,,26.8 V,26.7 V,26.0 V,,1842 rpm,1802 rpm,1838 rpm,,1116 rpm,1869 rpm,1842 rpm
2026-09-08 10:56:00,,26.7 V,26.8 V,26.7 V,,26.9 V,26.7 V,26.0 V,,1849 rpm,1823 rpm,1831 rpm,,1900 rpm,1836 rpm,1842 rpm
2026-09-08 10:58:00,,26.7 V,26.8 V,26.7 V,25.2 V,26.9 V,26.7 V,26.1 V,,1825 rpm,1842 rpm,1799 rpm,0 rpm,1887 rpm,1844 rpm,1861 rpm
2026-09-08 11:00:00,,26.7 V,26.8 V,26.7 V,25.1 V,26.9 V,26.7 V,25.9 V,,1842 rpm,1862 rpm,1504 rpm,0 rpm,1900 rpm,1837 rpm,1817 rpm
2026-09-08 11:02:00,,26.7 V,26.8 V,26.8 V,,26.9 V,26.7 V,26.1 V,,1838 rpm,1834 rpm,1695 rpm,,1885 rpm,1856 rpm,1820 rpm
2026-09-08 11:04:00,,26.7 V,26.8 V,26.8 V,27.0 V,26.9 V,26.7 V,26.2 V,,1548 rpm,1816 rpm,1400 rpm,800 rpm,1874 rpm,1832 rpm,1830 rpm
2026-09-08 11:06:00,,26.7 V,26.8 V,26.8 V,26.9 V,26.9 V,26.7 V,26.1 V,,1835 rpm,1829 rpm,1389 rpm,800 rpm,1821 rpm,1872 rpm,1882 rpm
2026-09-08 11:08:00,,26.7 V,26.8 V,26.8 V,,26.9 V,26.7 V,26.4 V,,1822 rpm,1807 rpm,800 rpm,,1770 rpm,1900 rpm,1018 rpm
2026-09-08 11:10:00,,26.7 V,26.8 V,26.8 V,26.8 V,26.8 V,26.7 V,26.1 V,,1833 rpm,1818 rpm,800 rpm,800 rpm,1798 rpm,1900 rpm,1872 rpm
2026-09-08 11:12:00,,26.7 V,26.6 V,26.8 V,26.7 V,26.8 V,26.7 V,26.1 V,,1843 rpm,1805 rpm,800 rpm,800 rpm,1818 rpm,1884 rpm,1879 rpm
2026-09-08 11:14:00,,26.7 V,26.8 V,26.8 V,26.7 V,26.9 V,26.7 V,26.1 V,,1823 rpm,1797 rpm,800 rpm,800 rpm,1809 rpm,1841 rpm,1875 rpm
2026-09-08 11:16:00,,26.7 V,26.8 V,26.8 V,26.7 V,26.9 V,26.7 V,26.0 V,,1835 rpm,1802 rpm,800 rpm,800 rpm,1775 rpm,1831 rpm,1880 rpm
2026-09-08 11:18:00,,26.7 V,26.8 V,26.8 V,26.7 V,26.9 V,26.7 V,26.1 V,,1832 rpm,1787 rpm,800 rpm,800 rpm,1825 rpm,1839 rpm,1872 rpm
2026-09-08 11:20:00,,26.7 V,26.6 V,26.8 V,26.6 V,26.9 V,26.7 V,25.9 V,,1835 rpm,1825 rpm,800 rpm,800 rpm,1799 rpm,1820 rpm,1861 rpm
2026-09-08 11:22:00,,26.7 V,26.8 V,26.8 V,26.6 V,26.9 V,26.7 V,26.0 V,,1844 rpm,1798 rpm,800 rpm,800 rpm,1741 rpm,1499 rpm,1853 rpm
2026-09-08 11:24:00,,26.7 V,26.8 V,26.8 V,26.6 V,26.9 V,26.7 V,26.1 V,,1827 rpm,1737 rpm,800 rpm,800 rpm,1806 rpm,1632 rpm,1871 rpm
2026-09-08 11:26:00,,26.7 V,26.6 V,26.8 V,26.6 V,26.9 V,26.7 V,26.2 V,,1795 rpm,1825 rpm,800 rpm,800 rpm,1803 rpm,1847 rpm,1826 rpm
2026-09-08 11:28:00,,26.7 V,26.8 V,26.7 V,26.6 V,26.9 V,26.7 V,26.2 V,,1828 rpm,1793 rpm,1096 rpm,800 rpm,1772 rpm,1856 rpm,1782 rpm
2026-09-08 11:30:00,,26.7 V,26.8 V,26.6 V,26.6 V,26.9 V,26.7 V,26.1 V,,1859 rpm,1795 rpm,1823 rpm,800 rpm,1795 rpm,1841 rpm,1811 rpm
2026-09-08 11:32:00,,26.7 V,26.8 V,26.8 V,26.6 V,26.9 V,26.7 V,26.1 V,,1848 rpm,1859 rpm,1825 rpm,800 rpm,1852 rpm,1854 rpm,1828 rpm
2026-09-08 11:34:00,,26.7 V,26.6 V,26.8 V,26.6 V,26.9 V,26.7 V,26.2 V,,1841 rpm,1801 rpm,1836 rpm,800 rpm,1789 rpm,1874 rpm,1836 rpm
2026-09-08 11:36:00,,26.7 V,26.8 V,26.8 V,26.6 V,26.7 V,26.7 V,26.1 V,,1814 rpm,1792 rpm,1819 rpm,800 rpm,1801 rpm,1900 rpm,1796 rpm
2026-09-08 11:38:00,,26.5 V,26.6 V,26.8 V,26.6 V,26.9 V,26.7 V,26.1 V,,1821 rpm,1802 rpm,1803 rpm,800 rpm,1705 rpm,1900 rpm,1812 rpm
2026-09-08 11:40:00,,26.7 V,26.8 V,26.8 V,26.6 V,26.8 V,26.7 V,25.9 V,,1832 rpm,1798 rpm,1567 rpm,800 rpm,1762 rpm,1900 rpm,1850 rpm
2026-09-08 11:42:00,,26.7 V,26.8 V,26.6 V,26.6 V,26.9 V,26.7 V,26.1 V,,1843 rpm,1811 rpm,1838 rpm,800 rpm,1871 rpm,1900 rpm,1831 rpm
2026-09-08 11:44:00,,26.7 V,26.8 V,26.8 V,26.6 V,26.9 V,26.7 V,26.1 V,,1785 rpm,1819 rpm,1847 rpm,800 rpm,1900 rpm,1900 rpm,1828 rpm
2026-09-08 11:46:00,,26.7 V,26.8 V,26.8 V,26.6 V,26.9 V,26.7 V,26.1 V,,1735 rpm,1874 rpm,1823 rpm,800 rpm,1309 rpm,1830 rpm,1849 rpm
2026-09-08 11:48:00,,26.7 V,26.8 V,26.8 V,26.6 V,26.9 V,26.7 V,26.0 V,,1829 rpm,1759 rpm,1842 rpm,800 rpm,1900 rpm,1838 rpm,1831 rpm
2026-09-08 11:50:00,,26.7 V,26.0 V,26.8 V,26.6 V,26.9 V,26.7 V,26.1 V,,1834 rpm,825 rpm,1831 rpm,800 rpm,1900 rpm,1867 rpm,1836 rpm
2026-09-08 11:52:00,,26.7 V,26.6 V,26.8 V,26.6 V,27.0 V,26.7 V,25.9 V,,1837 rpm,800 rpm,1837 rpm,800 rpm,1900 rpm,1900 rpm,1858 rpm
2026-09-08 11:54:00,,26.7 V,25.9 V,26.8 V,26.6 V,27.0 V,26.7 V,26.0 V,,1843 rpm,800 rpm,1822 rpm,800 rpm,1900 rpm,1887 rpm,1830 rpm
2026-09-08 11:56:00,,26.7 V,26.5 V,26.7 V,26.6 V,27.0 V,26.7 V,26.0 V,,1842 rpm,1358 rpm,1824 rpm,800 rpm,1846 rpm,1836 rpm,1824 rpm
2026-09-08 11:58:00,,26.7 V,26.7 V,26.8 V,26.6 V,27.0 V,26.7 V,26.0 V,,1817 rpm,1574 rpm,1840 rpm,800 rpm,1837 rpm,1834 rpm,1827 rpm
2026-09-08 12:00:00,,26.7 V,26.8 V,26.8 V,26.6 V,27.0 V,26.7 V,25.8 V,,1821 rpm,1505 rpm,1826 rpm,800 rpm,1813 rpm,1851 rpm,1869 rpm
2026-09-08 12:02:00,,26.7 V,26.5 V,26.8 V,25.1 V,27.0 V,26.7 V,25.9 V,,1868 rpm,1484 rpm,1867 rpm,0 rpm,1744 rpm,1863 rpm,1872 rpm
2026-09-08 12:04:00,,26.7 V,26.6 V,26.7 V,26.9 V,27.0 V,26.7 V,26.1 V,,1836 rpm,1788 rpm,1462 rpm,800 rpm,1772 rpm,1871 rpm,1811 rpm
2026-09-08 12:06:00,,26.6 V,26.8 V,26.7 V,,26.9 V,26.7 V,26.2 V,,1841 rpm,1781 rpm,1707 rpm,,1804 rpm,1876 rpm,1812 rpm
2026-09-08 12:08:00,,26.6 V,26.8 V,26.7 V,,26.8 V,26.7 V,26.1 V,,1762 rpm,1752 rpm,1735 rpm,,1789 rpm,1876 rpm,1876 rpm
2026-09-08 12:10:00,,26.7 V,26.9 V,26.7 V,,26.9 V,26.7 V,26.0 V,,1851 rpm,1771 rpm,1837 rpm,,1774 rpm,1819 rpm,1869 rpm
2026-09-08 12:12:00,,26.7 V,26.0 V,26.8 V,,26.9 V,26.7 V,25.9 V,,1838 rpm,1814 rpm,1847 rpm,,1844 rpm,1841 rpm,1850 rpm
2026-09-08 12:14:00,,26.7 V,26.8 V,26.8 V,,26.8 V,26.7 V,25.9 V,,1900 rpm,1688 rpm,1813 rpm,,1793 rpm,1835 rpm,1838 rpm
2026-09-08 12:16:00,,26.7 V,26.8 V,26.7 V,,26.9 V,26.7 V,26.0 V,,1841 rpm,1746 rpm,1827 rpm,,1786 rpm,1892 rpm,1830 rpm
2026-09-08 12:18:00,,26.7 V,26.6 V,26.7 V,,26.9 V,26.7 V,26.0 V,,1816 rpm,1777 rpm,1846 rpm,,1818 rpm,1892 rpm,1834 rpm
2026-09-08 12:20:00,,26.7 V,26.8 V,26.7 V,,26.9 V,26.7 V,25.9 V,,1831 rpm,1782 rpm,1847 rpm,,1786 rpm,1899 rpm,1853 rpm
2026-09-08 12:22:00,27.0 V,26.7 V,26.6 V,26.7 V,,26.9 V,26.7 V,26.0 V,1846 rpm,1832 rpm,1795 rpm,1844 rpm,,1791 rpm,1900 rpm,1850 rpm
2026-09-08 12:24:00,26.9 V,26.7 V,26.7 V,26.7 V,,26.8 V,26.7 V,26.0 V,1876 rpm,1833 rpm,1774 rpm,1832 rpm,,1802 rpm,1837 rpm,1839 rpm
2026-09-08 12:26:00,26.9 V,26.7 V,26.8 V,26.7 V,,26.9 V,26.7 V,26.2 V,1878 rpm,1846 rpm,1775 rpm,1834 rpm,,1782 rpm,1841 rpm,1842 rpm
2026-09-08 12:28:00,26.9 V,26.7 V,26.8 V,26.7 V,,26.9 V,26.7 V,26.1 V,1858 rpm,1838 rpm,1812 rpm,1839 rpm,,1790 rpm,1837 rpm,1839 rpm
2026-09-08 12:30:00,26.8 V,26.7 V,26.5 V,26.7 V,,26.8 V,26.7 V,26.2 V,1876 rpm,1821 rpm,1657 rpm,1846 rpm,,1741 rpm,1840 rpm,1843 rpm
2026-09-08 12:32:00,26.8 V,26.7 V,26.8 V,26.7 V,,26.3 V,26.7 V,26.1 V,1875 rpm,1833 rpm,1753 rpm,1849 rpm,,800 rpm,1845 rpm,1839 rpm
2026-09-08 12:34:00,26.8 V,26.7 V,26.8 V,26.4 V,,26.7 V,26.7 V,26.1 V,1877 rpm,1829 rpm,1675 rpm,1695 rpm,,800 rpm,1834 rpm,1867 rpm
2026-09-08 12:36:00,26.7 V,26.7 V,26.6 V,26.7 V,,26.3 V,26.7 V,26.1 V,1872 rpm,1833 rpm,1783 rpm,1842 rpm,,800 rpm,1900 rpm,1885 rpm
2026-09-08 12:38:00,26.7 V,26.7 V,26.8 V,26.7 V,,26.8 V,26.7 V,26.4 V,936 rpm,1832 rpm,1743 rpm,1825 rpm,,1093 rpm,1900 rpm,1195 rpm
2026-09-08 12:40:00,26.7 V,26.7 V,26.8 V,26.8 V,,26.8 V,26.7 V,,800 rpm,1867 rpm,1703 rpm,1543 rpm,,1841 rpm,1900 rpm,
2026-09-08 12:42:00,26.8 V,26.7 V,26.6 V,26.8 V,,26.8 V,26.7 V,,800 rpm,1707 rpm,1782 rpm,1401 rpm,,1810 rpm,1900 rpm,
2026-09-08 12:44:00,26.7 V,26.6 V,26.8 V,26.8 V,,26.9 V,26.7 V,,800 rpm,1745 rpm,1774 rpm,1400 rpm,,1859 rpm,1465 rpm,
2026-09-08 12:46:00,26.7 V,26.5 V,26.8 V,26.8 V,,26.9 V,26.7 V,,1872 rpm,1786 rpm,1813 rpm,1399 rpm,,1799 rpm,1400 rpm,
2026-09-08 12:48:00,26.8 V,26.7 V,26.6 V,26.8 V,,26.9 V,26.7 V,,1872 rpm,1832 rpm,1655 rpm,1400 rpm,,1790 rpm,1787 rpm,
2026-09-08 12:50:00,26.7 V,26.7 V,26.6 V,26.8 V,,26.9 V,26.7 V,,1878 rpm,1837 rpm,1773 rpm,1400 rpm,,1811 rpm,1840 rpm,
2026-09-08 12:52:00,26.7 V,26.7 V,26.8 V,26.8 V,,26.7 V,26.7 V,,1881 rpm,1873 rpm,1775 rpm,1466 rpm,,1805 rpm,1834 rpm,
2026-09-08 12:54:00,26.7 V,26.7 V,26.6 V,26.6 V,,26.9 V,26.7 V,,1886 rpm,1785 rpm,1777 rpm,1720 rpm,,1832 rpm,1833 rpm,
2026-09-08 12:56:00,26.7 V,26.7 V,26.8 V,26.8 V,,,26.7 V,,1872 rpm,1813 rpm,1762 rpm,1836 rpm,,,1840 rpm,
2026-09-08 12:58:00,26.7 V,26.7 V,26.8 V,26.8 V,,26.9 V,26.7 V,,1876 rpm,1791 rpm,1668 rpm,1831 rpm,,1876 rpm,1836 rpm,
2026-09-08 13:00:00,26.7 V,26.7 V,26.5 V,26.8 V,,26.9 V,26.7 V,,1875 rpm,1834 rpm,1699 rpm,1831 rpm,,1877 rpm,1826 rpm,
2026-09-08 13:02:00,26.7 V,26.7 V,26.8 V,26.8 V,,26.8 V,26.7 V,,1547 rpm,1854 rpm,1736 rpm,1834 rpm,,1298 rpm,1837 rpm,
2026-09-08 13:04:00,26.7 V,26.7 V,26.7 V,26.8 V,,25.8 V,26.7 V,,800 rpm,1879 rpm,1797 rpm,1801 rpm,,337 rpm,1845 rpm,
2026-09-08 13:06:00,26.7 V,26.4 V,26.7 V,26.7 V,,,26.7 V,,800 rpm,1466 rpm,1775 rpm,1401 rpm,,,1842 rpm,
2026-09-08 13:08:00,26.7 V,26.8 V,26.8 V,26.8 V,,,26.7 V,,800 rpm,1887 rpm,1775 rpm,1401 rpm,,,1837 rpm,
2026-09-08 13:10:00,26.7 V,,26.8 V,26.8 V,,,26.7 V,,891 rpm,,1773 rpm,1869 rpm,,,1824 rpm,
2026-09-08 13:12:00,26.7 V,,26.6 V,26.8 V,,,26.6 V,,1868 rpm,,1708 rpm,1857 rpm,,,1838 rpm,
2026-09-08 13:14:00,26.7 V,,26.7 V,26.8 V,,,26.6 V,,1874 rpm,,1763 rpm,1577 rpm,,,1856 rpm,
2026-09-08 13:16:00,26.7 V,,26.7 V,26.8 V,,,26.6 V,,1856 rpm,,1796 rpm,800 rpm,,,1896 rpm,
2026-09-08 13:18:00,26.7 V,,26.8 V,26.7 V,,,26.6 V,,1872 rpm,,1743 rpm,800 rpm,,,1877 rpm,
2026-09-08 13:20:00,26.6 V,,26.8 V,26.5 V,,,26.6 V,,1870 rpm,,1858 rpm,1564 rpm,,,1840 rpm,
2026-09-08 13:22:00,26.7 V,,26.8 V,26.9 V,,,26.7 V,,1146 rpm,,1777 rpm,1887 rpm,,,1837 rpm,
2026-09-08 13:24:00,26.7 V,,26.7 V,26.9 V,,,26.6 V,,800 rpm,,1761 rpm,1875 rpm,,,1839 rpm,
2026-09-08 13:26:00,26.7 V,,26.6 V,,,,26.7 V,,800 rpm,,1785 rpm,,,,1837 rpm,
2026-09-08 13:28:00,26.7 V,,26.7 V,,,,26.6 V,,800 rpm,,1782 rpm,,,,1869 rpm,
2026-09-08 13:30:00,26.7 V,,26.7 V,,,,26.6 V,,800 rpm,,1780 rpm,,,,1863 rpm,
2026-09-08 13:32:00,26.7 V,,26.5 V,,,,26.6 V,,1873 rpm,,1769 rpm,,,,1835 rpm,
2026-09-08 13:34:00,26.7 V,,26.7 V,,,,26.6 V,,1873 rpm,,1770 rpm,,,,1837 rpm,
2026-09-08 13:36:00,26.7 V,,26.7 V,,,27.0 V,26.6 V,,1874 rpm,,1792 rpm,,,957 rpm,1831 rpm,
2026-09-08 13:38:00,26.7 V,,26.5 V,,,27.0 V,26.6 V,26.0 V,1872 rpm,,1775 rpm,,,800 rpm,1860 rpm,1826 rpm
2026-09-08 13:40:00,26.7 V,,26.7 V,,,26.7 V,26.6 V,26.0 V,1871 rpm,,1758 rpm,,,800 rpm,1900 rpm,1828 rpm
2026-09-08 13:42:00,26.7 V,,26.7 V,,26.9 V,27.0 V,26.6 V,26.0 V,1869 rpm,,1776 rpm,,800 rpm,1816 rpm,1866 rpm,1839 rpm
2026-09-08 13:44:00,26.7 V,,26.5 V,,26.9 V,27.0 V,26.6 V,26.1 V,1151 rpm,,1780 rpm,,800 rpm,1869 rpm,1849 rpm,1841 rpm
2026-09-08 13:46:00,26.7 V,,26.7 V,,26.9 V,27.0 V,26.7 V,26.0 V,800 rpm,,1754 rpm,,800 rpm,1842 rpm,1845 rpm,1840 rpm
2026-09-08 13:48:00,26.7 V,,26.7 V,,25.7 V,27.0 V,26.7 V,26.1 V,800 rpm,,1761 rpm,,801 rpm,1839 rpm,1645 rpm,1813 rpm
2026-09-08 13:50:00,26.7 V,,26.7 V,,,27.0 V,26.6 V,26.1 V,800 rpm,,1781 rpm,,,1792 rpm,1099 rpm,1814 rpm
2026-09-08 13:52:00,26.7 V,,26.5 V,,26.7 V,27.0 V,26.3 V,26.0 V,1053 rpm,,1763 rpm,,1114 rpm,1804 rpm,1199 rpm,1828 rpm
2026-09-08 13:54:00,26.7 V,,26.7 V,,26.1 V,,26.2 V,26.0 V,1866 rpm,,1767 rpm,,1606 rpm,,1199 rpm,1833 rpm
2026-09-08 13:56:00,26.7 V,,26.7 V,,26.7 V,26.9 V,26.6 V,26.0 V,1869 rpm,,1773 rpm,,1827 rpm,1792 rpm,833 rpm,1844 rpm
2026-09-08 13:58:00,26.7 V,,26.7 V,,26.6 V,26.9 V,26.6 V,26.0 V,1873 rpm,,1783 rpm,,1871 rpm,1816 rpm,800 rpm,1844 rpm
2026-09-08 14:00:00,26.7 V,,26.7 V,,26.6 V,26.8 V,26.6 V,26.1 V,1872 rpm,,1764 rpm,,1878 rpm,1826 rpm,958 rpm,1836 rpm
2026-09-08 14:02:00,26.7 V,,26.7 V,,26.6 V,26.9 V,26.6 V,26.1 V,1872 rpm,,1773 rpm,,1876 rpm,1760 rpm,1588 rpm,1856 rpm
2026-09-08 14:04:00,26.7 V,,26.8 V,,26.6 V,26.9 V,26.7 V,26.0 V,1874 rpm,,1737 rpm,,1900 rpm,1814 rpm,1468 rpm,1846 rpm
2026-09-08 14:06:00,26.7 V,,26.8 V,,,26.9 V,26.7 V,26.0 V,1879 rpm,,1761 rpm,,,1808 rpm,1400 rpm,1830 rpm
2026-09-08 14:08:00,,,26.7 V,,26.5 V,26.9 V,26.7 V,26.0 V,1882 rpm,,1785 rpm,,1899 rpm,1789 rpm,1400 rpm,1802 rpm
2026-09-08 14:10:00,,,26.6 V,,26.5 V,26.9 V,26.7 V,26.1 V,,,975 rpm,,1899 rpm,1810 rpm,1400 rpm,1780 rpm
2026-09-08 14:12:00,26.7 V,,25.3 V,,,26.9 V,26.7 V,26.0 V,800 rpm,,800 rpm,,,1851 rpm,1400 rpm,1818 rpm
2026-09-08 14:14:00,26.7 V,,26.3 V,,,26.9 V,26.7 V,25.8 V,800 rpm,,1100 rpm,,,1811 rpm,1400 rpm,1805 rpm
2026-09-08 14:16:00,26.7 V,,26.7 V,,26.5 V,26.9 V,26.6 V,26.0 V,800 rpm,,1753 rpm,,1839 rpm,1827 rpm,1658 rpm,1802 rpm
2026-09-08 14:18:00,26.7 V,,26.7 V,,,26.9 V,26.8 V,26.0 V,800 rpm,,1761 rpm,,,1402 rpm,1643 rpm,1841 rpm
2026-09-08 14:20:00,26.7 V,,26.7 V,,25.0 V,26.9 V,24.6 V,25.9 V,800 rpm,,1811 rpm,,542 rpm,800 rpm,64.0 rpm,1811 rpm
2026-09-08 14:22:00,26.5 V,,26.8 V,,26.8 V,26.9 V,25.3 V,26.1 V,1718 rpm,,1752 rpm,,800 rpm,800 rpm,304 rpm,1841 rpm
2026-09-08 14:24:00,26.7 V,26.8 V,26.8 V,,26.7 V,26.9 V,26.3 V,26.0 V,1872 rpm,1865 rpm,1774 rpm,,800 rpm,800 rpm,277 rpm,1890 rpm
2026-09-08 14:26:00,26.7 V,26.8 V,26.6 V,,,26.9 V,,26.0 V,1871 rpm,1847 rpm,1816 rpm,,,877 rpm,,1899 rpm
2026-09-08 14:28:00,26.7 V,26.8 V,26.8 V,,,26.9 V,,26.0 V,1866 rpm,1843 rpm,1772 rpm,,,1823 rpm,,1900 rpm
2026-09-08 14:30:00,26.7 V,26.9 V,26.8 V,,,26.9 V,,25.9 V,1872 rpm,1891 rpm,1777 rpm,,,1789 rpm,,1899 rpm
2026-09-08 14:32:00,26.7 V,26.8 V,26.8 V,,,26.9 V,,26.0 V,1860 rpm,1900 rpm,1775 rpm,,,1808 rpm,,1900 rpm
2026-09-08 14:34:00,26.7 V,26.8 V,26.8 V,,,26.9 V,,26.1 V,888 rpm,1814 rpm,1793 rpm,,,1774 rpm,,1900 rpm
2026-09-08 14:36:00,26.7 V,26.8 V,,,,26.9 V,,26.0 V,800 rpm,1807 rpm,,,,1806 rpm,,1900 rpm
2026-09-08 14:38:00,26.7 V,26.8 V,26.7 V,,,26.9 V,,26.1 V,800 rpm,1855 rpm,1804 rpm,,,1863 rpm,,1864 rpm
2026-09-08 14:40:00,26.7 V,26.8 V,26.8 V,,,26.9 V,,26.1 V,800 rpm,1837 rpm,1765 rpm,,,1818 rpm,,1813 rpm
2026-09-08 14:42:00,26.7 V,26.8 V,26.7 V,26.9 V,,26.9 V,,26.1 V,841 rpm,1835 rpm,1778 rpm,1847 rpm,,1800 rpm,,1826 rpm
2026-09-08 14:44:00,26.7 V,26.8 V,26.7 V,26.9 V,,26.9 V,,25.8 V,1879 rpm,1804 rpm,1770 rpm,1798 rpm,,1865 rpm,,1795 rpm
2026-09-08 14:46:00,26.7 V,26.8 V,26.7 V,26.9 V,,26.9 V,,25.9 V,1878 rpm,1845 rpm,1774 rpm,1820 rpm,,1769 rpm,,1846 rpm
2026-09-08 14:48:00,26.7 V,26.8 V,26.8 V,26.8 V,,26.9 V,,26.0 V,1885 rpm,1830 rpm,1786 rpm,1848 rpm,,1834 rpm,,1879 rpm
2026-09-08 14:50:00,26.7 V,26.8 V,26.7 V,26.9 V,,26.9 V,,26.2 V,1886 rpm,1823 rpm,1824 rpm,800 rpm,,1809 rpm,,1819 rpm
2026-09-08 14:52:00,26.7 V,26.8 V,26.8 V,26.8 V,,26.9 V,,26.1 V,1874 rpm,1826 rpm,1829 rpm,800 rpm,,1859 rpm,,1833 rpm
2026-09-08 14:54:00,26.7 V,26.8 V,26.7 V,26.7 V,,26.9 V,,26.0 V,1869 rpm,1830 rpm,1773 rpm,1321 rpm,,1713 rpm,,1847 rpm
2026-09-08 14:56:00,26.7 V,26.8 V,26.7 V,26.8 V,,26.9 V,,26.0 V,1873 rpm,1831 rpm,1786 rpm,1823 rpm,,1761 rpm,,1819 rpm
2026-09-08 14:58:00,26.8 V,26.7 V,26.8 V,26.8 V,,26.9 V,24.4 V,25.9 V,776 rpm,1859 rpm,1763 rpm,1824 rpm,,1849 rpm,0 rpm,1832 rpm
2026-09-08 15:00:00,27.0 V,26.7 V,26.8 V,26.8 V,,26.9 V,25.5 V,26.0 V,873 rpm,1827 rpm,1764 rpm,1842 rpm,,1822 rpm,0 rpm,1858 rpm
2026-09-08 15:02:00,27.2 V,26.8 V,26.8 V,26.8 V,,26.8 V,25.3 V,25.9 V,1526 rpm,1824 rpm,1776 rpm,1399 rpm,,1845 rpm,0 rpm,1859 rpm
2026-09-08 15:04:00,,26.8 V,26.8 V,26.8 V,,26.9 V,26.2 V,25.9 V,,1820 rpm,1779 rpm,1400 rpm,,1810 rpm,705 rpm,1878 rpm
2026-09-08 15:06:00,,26.8 V,26.8 V,26.8 V,,26.9 V,26.8 V,26.0 V,,1857 rpm,1763 rpm,1400 rpm,,1752 rpm,800 rpm,1873 rpm
2026-09-08 15:08:00,,26.7 V,26.8 V,26.8 V,,26.9 V,26.8 V,26.0 V,,1892 rpm,1782 rpm,1804 rpm,,879 rpm,800 rpm,1838 rpm
2026-09-08 15:10:00,,26.8 V,26.8 V,26.8 V,,26.9 V,26.8 V,26.0 V,,1900 rpm,1811 rpm,1842 rpm,,1857 rpm,800 rpm,1803 rpm
2026-09-08 15:12:00,,26.8 V,26.7 V,26.8 V,,26.9 V,26.8 V,26.1 V,,1900 rpm,1762 rpm,1881 rpm,,1807 rpm,800 rpm,1842 rpm
2026-09-08 15:14:00,,26.8 V,26.8 V,26.8 V,25.6 V,26.9 V,26.5 V,26.1 V,,1898 rpm,1752 rpm,1401 rpm,922 rpm,1735 rpm,800 rpm,1828 rpm
2026-09-08 15:16:00,,26.8 V,26.8 V,26.8 V,26.5 V,26.9 V,26.9 V,26.2 V,,1900 rpm,1772 rpm,1400 rpm,1866 rpm,1834 rpm,800 rpm,1807 rpm
2026-09-08 15:18:00,,26.8 V,26.8 V,26.8 V,,26.9 V,26.9 V,26.0 V,,1400 rpm,1756 rpm,1537 rpm,,1747 rpm,800 rpm,1856 rpm
2026-09-08 15:20:00,,26.9 V,26.8 V,26.8 V,26.6 V,26.9 V,26.9 V,25.9 V,,1400 rpm,1784 rpm,1881 rpm,1901 rpm,1843 rpm,800 rpm,1775 rpm
2026-09-08 15:22:00,,26.9 V,26.8 V,26.8 V,26.6 V,26.9 V,26.9 V,26.1 V,,1400 rpm,1771 rpm,1830 rpm,727 rpm,1818 rpm,800 rpm,1843 rpm
2026-09-08 15:24:00,,26.9 V,26.7 V,26.8 V,26.7 V,26.9 V,26.8 V,25.9 V,,1400 rpm,1775 rpm,1778 rpm,891 rpm,1838 rpm,1840 rpm,1855 rpm
2026-09-08 15:26:00,,26.9 V,26.8 V,26.8 V,25.4 V,26.9 V,26.8 V,26.0 V,,1591 rpm,1744 rpm,1812 rpm,800 rpm,1818 rpm,1856 rpm,1841 rpm
2026-09-08 15:28:00,,26.7 V,26.7 V,26.8 V,,26.9 V,26.8 V,25.9 V,,1808 rpm,1780 rpm,1815 rpm,,1804 rpm,1504 rpm,1834 rpm
2026-09-08 15:30:00,,26.9 V,26.7 V,26.8 V,,26.9 V,26.8 V,26.0 V,,1823 rpm,1781 rpm,1772 rpm,,1859 rpm,1400 rpm,1847 rpm
2026-09-08 15:32:00,,26.9 V,26.7 V,26.8 V,,26.9 V,26.8 V,26.0 V,,1837 rpm,1788 rpm,1802 rpm,,1829 rpm,1595 rpm,1832 rpm
2026-09-08 15:34:00,,26.9 V,26.7 V,26.8 V,,26.9 V,26.8 V,25.8 V,,1487 rpm,1798 rpm,1651 rpm,,1803 rpm,1811 rpm,1842 rpm
2026-09-08 15:36:00,,26.9 V,26.7 V,26.8 V,,26.9 V,26.8 V,25.9 V,,1453 rpm,1766 rpm,1605 rpm,,1844 rpm,1826 rpm,1843 rpm
2026-09-08 15:38:00,,26.8 V,26.7 V,26.8 V,,26.9 V,26.8 V,26.0 V,,1834 rpm,1764 rpm,1832 rpm,,1876 rpm,1817 rpm,1831 rpm
2026-09-08 15:40:00,,26.8 V,26.7 V,26.8 V,,26.9 V,26.7 V,25.9 V,,1826 rpm,1815 rpm,1837 rpm,,1873 rpm,1838 rpm,1839 rpm
2026-09-08 15:42:00,,26.7 V,26.7 V,26.8 V,,26.9 V,26.7 V,25.9 V,,1814 rpm,1777 rpm,1838 rpm,,1869 rpm,1830 rpm,1813 rpm
2026-09-08 15:44:00,,26.8 V,26.8 V,26.8 V,,26.9 V,26.7 V,25.8 V,,1837 rpm,1780 rpm,1852 rpm,,1767 rpm,1831 rpm,1847 rpm
2026-09-08 15:46:00,,26.8 V,26.7 V,26.8 V,,26.9 V,26.7 V,25.8 V,,1822 rpm,1771 rpm,1839 rpm,,1808 rpm,1837 rpm,1854 rpm
2026-09-08 15:48:00,,26.8 V,26.7 V,26.8 V,,26.9 V,26.7 V,26.0 V,,1837 rpm,1796 rpm,1695 rpm,,1849 rpm,1838 rpm,1879 rpm
2026-09-08 15:50:00,,26.8 V,26.7 V,26.8 V,,26.9 V,26.7 V,26.0 V,,1817 rpm,1796 rpm,1845 rpm,,1805 rpm,1832 rpm,1868 rpm
2026-09-08 15:52:00,,26.8 V,26.7 V,26.8 V,,26.9 V,26.7 V,26.0 V,,1826 rpm,1791 rpm,1400 rpm,,1817 rpm,1845 rpm,1867 rpm
2026-09-08 15:54:00,,26.8 V,26.7 V,26.8 V,,26.9 V,26.7 V,26.0 V,,1850 rpm,1775 rpm,1525 rpm,,1804 rpm,1400 rpm,1865 rpm
2026-09-08 15:56:00,,26.7 V,26.7 V,26.8 V,,26.9 V,26.6 V,26.0 V,,1827 rpm,1788 rpm,1400 rpm,,1823 rpm,1400 rpm,1896 rpm
2026-09-08 15:58:00,,26.7 V,26.8 V,26.8 V,,26.9 V,26.7 V,26.0 V,,1824 rpm,1773 rpm,1400 rpm,,1802 rpm,1400 rpm,1876 rpm
2026-09-08 16:00:00,,26.7 V,26.8 V,26.8 V,,26.8 V,26.7 V,26.1 V,,1827 rpm,1754 rpm,1428 rpm,,1835 rpm,1400 rpm,1866 rpm
2026-09-08 16:02:00,,26.7 V,26.8 V,26.8 V,,26.9 V,26.7 V,26.1 V,,1814 rpm,1813 rpm,1525 rpm,,1791 rpm,1400 rpm,1836 rpm
2026-09-08 16:04:00,,26.7 V,26.6 V,26.8 V,,26.9 V,26.7 V,26.0 V,,1832 rpm,1766 rpm,1348 rpm,,1816 rpm,1400 rpm,1855 rpm
2026-09-08 16:06:00,,26.6 V,26.8 V,26.8 V,,26.9 V,26.7 V,26.1 V,,1834 rpm,1783 rpm,800 rpm,,1826 rpm,1501 rpm,1829 rpm
2026-09-08 16:08:00,,26.7 V,26.8 V,26.8 V,,26.9 V,26.7 V,26.1 V,,1830 rpm,1794 rpm,1188 rpm,,1787 rpm,1659 rpm,1835 rpm
2026-09-08 16:10:00,,26.8 V,26.8 V,26.9 V,,26.9 V,26.7 V,26.1 V,,1830 rpm,924 rpm,1869 rpm,,1747 rpm,1829 rpm,1845 rpm
2026-09-08 16:12:00,,26.7 V,26.8 V,26.8 V,,26.9 V,26.7 V,26.0 V,,1851 rpm,800 rpm,1852 rpm,,1858 rpm,1818 rpm,1830 rpm
2026-09-08 16:14:00,,26.7 V,26.8 V,26.9 V,,26.9 V,26.7 V,25.9 V,,1860 rpm,800 rpm,1820 rpm,,1854 rpm,1400 rpm,1827 rpm
2026-09-08 16:16:00,,26.7 V,26.8 V,26.8 V,,26.9 V,26.7 V,25.9 V,,1840 rpm,1757 rpm,1845 rpm,,1900 rpm,1400 rpm,1836 rpm
2026-09-08 16:18:00,,26.7 V,26.8 V,26.9 V,,26.9 V,26.8 V,26.0 V,,1816 rpm,1787 rpm,1833 rpm,,1795 rpm,1400 rpm,1859 rpm
2026-09-08 16:20:00,,26.6 V,26.8 V,26.8 V,,26.9 V,26.8 V,25.8 V,,1826 rpm,1763 rpm,1846 rpm,,1800 rpm,1400 rpm,1839 rpm
2026-09-08 16:22:00,,26.6 V,26.7 V,26.8 V,,26.8 V,26.8 V,25.8 V,,1822 rpm,1797 rpm,1704 rpm,,1833 rpm,1400 rpm,1844 rpm
2026-09-08 16:24:00,,26.7 V,26.8 V,26.8 V,,26.9 V,26.8 V,25.8 V,,1821 rpm,1793 rpm,1434 rpm,,1801 rpm,1400 rpm,1840 rpm
2026-09-08 16:26:00,,26.7 V,26.8 V,26.7 V,,26.9 V,26.8 V,25.9 V,,1707 rpm,1788 rpm,1826 rpm,,1826 rpm,1400 rpm,1834 rpm
2026-09-08 16:28:00,,26.7 V,26.8 V,26.8 V,,26.9 V,26.8 V,25.8 V,,1400 rpm,1778 rpm,1836 rpm,,1876 rpm,1400 rpm,1835 rpm
2026-09-08 16:30:00,,26.7 V,26.8 V,26.8 V,,26.9 V,26.8 V,26.0 V,,1400 rpm,1812 rpm,1841 rpm,,1823 rpm,1442 rpm,1896 rpm
2026-09-08 16:32:00,,26.7 V,26.7 V,26.8 V,,26.9 V,26.8 V,26.0 V,,1453 rpm,1780 rpm,1852 rpm,,1790 rpm,1840 rpm,1899 rpm
2026-09-08 16:34:00,,26.7 V,26.8 V,26.8 V,,26.9 V,26.8 V,26.1 V,,1812 rpm,1775 rpm,1562 rpm,,1812 rpm,1765 rpm,1900 rpm
2026-09-08 16:36:00,,26.7 V,26.7 V,26.8 V,,26.9 V,26.7 V,26.1 V,,1813 rpm,1857 rpm,1400 rpm,,1754 rpm,1840 rpm,1900 rpm
2026-09-08 16:38:00,,26.6 V,26.8 V,26.8 V,,26.9 V,26.8 V,26.1 V,,1808 rpm,1753 rpm,1400 rpm,,1800 rpm,1827 rpm,1900 rpm
2026-09-08 16:40:00,,26.7 V,26.8 V,26.8 V,,26.5 V,26.8 V,26.1 V,,1586 rpm,1765 rpm,1740 rpm,,1815 rpm,1768 rpm,1899 rpm
2026-09-08 16:42:00,,26.7 V,26.8 V,26.8 V,,26.9 V,26.7 V,26.2 V,,1822 rpm,1755 rpm,1826 rpm,,1837 rpm,1000 rpm,1900 rpm
2026-09-08 16:44:00,,26.7 V,26.8 V,26.8 V,,26.9 V,26.7 V,26.0 V,,1824 rpm,1834 rpm,1825 rpm,,1853 rpm,1100 rpm,1900 rpm
2026-09-08 16:46:00,,26.7 V,26.7 V,26.8 V,26.7 V,26.9 V,26.7 V,26.1 V,,1736 rpm,1757 rpm,1826 rpm,799 rpm,1793 rpm,1400 rpm,1900 rpm
2026-09-08 16:48:00,,26.7 V,26.8 V,26.8 V,,26.9 V,26.7 V,26.2 V,,1400 rpm,1778 rpm,1874 rpm,,1813 rpm,1400 rpm,1900 rpm
2026-09-08 16:50:00,,26.7 V,26.7 V,26.8 V,26.7 V,26.9 V,26.7 V,26.2 V,,1625 rpm,1795 rpm,1739 rpm,1843 rpm,1811 rpm,1400 rpm,1900 rpm
2026-09-08 16:52:00,,26.7 V,26.8 V,26.8 V,26.7 V,26.9 V,26.8 V,26.2 V,,1829 rpm,1799 rpm,1453 rpm,799 rpm,1810 rpm,1400 rpm,1900 rpm
2026-09-08 16:54:00,,26.7 V,26.7 V,26.8 V,,26.8 V,26.8 V,26.1 V,,1825 rpm,1768 rpm,1400 rpm,,1853 rpm,1400 rpm,1899 rpm
2026-09-08 16:56:00,,26.7 V,26.7 V,26.8 V,26.6 V,26.9 V,26.8 V,26.1 V,,1736 rpm,1788 rpm,1400 rpm,800 rpm,1809 rpm,1400 rpm,1893 rpm
2026-09-08 16:58:00,,26.6 V,26.8 V,26.9 V,25.8 V,26.9 V,26.8 V,26.2 V,,1713 rpm,1785 rpm,1400 rpm,1311 rpm,1658 rpm,1400 rpm,1846 rpm
2026-09-08 17:00:00,,26.7 V,26.6 V,26.9 V,26.6 V,26.9 V,26.8 V,26.2 V,,1807 rpm,1768 rpm,1400 rpm,1869 rpm,800 rpm,1400 rpm,1812 rpm
2026-09-08 17:02:00,,26.7 V,26.8 V,26.9 V,26.5 V,26.9 V,26.8 V,26.1 V,,1812 rpm,1716 rpm,1518 rpm,1867 rpm,800 rpm,1399 rpm,1823 rpm
2026-09-08 17:04:00,,26.7 V,26.8 V,26.9 V,26.6 V,26.9 V,26.8 V,26.2 V,,1815 rpm,1783 rpm,1782 rpm,1882 rpm,800 rpm,1400 rpm,1831 rpm
2026-09-08 17:06:00,,26.8 V,26.8 V,26.9 V,,26.9 V,26.8 V,26.0 V,,1820 rpm,1782 rpm,1400 rpm,,846 rpm,1400 rpm,1843 rpm
2026-09-08 17:08:00,,26.7 V,26.8 V,26.9 V,26.5 V,26.9 V,26.8 V,26.0 V,,1828 rpm,1716 rpm,1400 rpm,1875 rpm,1833 rpm,1400 rpm,1865 rpm
2026-09-08 17:10:00,,26.7 V,26.8 V,26.9 V,26.5 V,26.9 V,26.9 V,26.0 V,,1818 rpm,1789 rpm,1043 rpm,1877 rpm,1808 rpm,1400 rpm,1795 rpm
2026-09-08 17:12:00,,26.7 V,26.8 V,26.9 V,26.4 V,26.9 V,26.9 V,26.0 V,,1424 rpm,1784 rpm,800 rpm,1855 rpm,1815 rpm,1400 rpm,1856 rpm
2026-09-08 17:14:00,,26.7 V,26.8 V,26.9 V,,25.4 V,26.8 V,26.1 V,,1823 rpm,1844 rpm,800 rpm,,1019 rpm,1400 rpm,1893 rpm
2026-09-08 17:16:00,,26.7 V,26.8 V,26.9 V,26.5 V,26.2 V,26.9 V,26.1 V,,1811 rpm,1758 rpm,1197 rpm,1885 rpm,800 rpm,1400 rpm,1900 rpm
2026-09-08 17:18:00,,26.7 V,26.8 V,26.8 V,26.2 V,27.0 V,26.9 V,26.1 V,,1763 rpm,1821 rpm,1807 rpm,1818 rpm,800 rpm,1500 rpm,1900 rpm
2026-09-08 17:20:00,,26.8 V,26.8 V,26.9 V,,26.9 V,26.8 V,26.1 V,,1817 rpm,1785 rpm,800 rpm,,800 rpm,1638 rpm,1883 rpm
2026-09-08 17:22:00,,26.7 V,26.6 V,26.9 V,26.5 V,26.9 V,26.8 V,26.1 V,,1745 rpm,1787 rpm,800 rpm,1863 rpm,800 rpm,1623 rpm,1791 rpm
2026-09-08 17:24:00,,26.7 V,26.8 V,26.9 V,26.2 V,27.0 V,26.8 V,26.2 V,,1400 rpm,1766 rpm,800 rpm,1876 rpm,800 rpm,1619 rpm,1777 rpm
2026-09-08 17:26:00,,26.8 V,26.8 V,26.8 V,,27.0 V,26.8 V,26.1 V,,1777 rpm,1672 rpm,801 rpm,,800 rpm,1400 rpm,1855 rpm
2026-09-08 17:28:00,,26.8 V,26.8 V,26.8 V,26.5 V,27.0 V,26.8 V,26.1 V,,1400 rpm,1813 rpm,800 rpm,1821 rpm,800 rpm,1400 rpm,1793 rpm
2026-09-08 17:30:00,,26.5 V,26.7 V,26.9 V,26.5 V,27.0 V,26.8 V,26.2 V,,1400 rpm,1792 rpm,800 rpm,800 rpm,800 rpm,1400 rpm,1817 rpm
2026-09-08 17:32:00,,26.8 V,26.7 V,26.9 V,,27.0 V,26.9 V,26.0 V,,1400 rpm,1670 rpm,800 rpm,,800 rpm,1400 rpm,1852 rpm
2026-09-08 17:34:00,,26.8 V,26.8 V,26.8 V,26.5 V,27.0 V,26.8 V,26.2 V,,1399 rpm,1828 rpm,800 rpm,801 rpm,800 rpm,1781 rpm,1792 rpm
2026-09-08 17:36:00,,26.8 V,26.8 V,26.8 V,26.5 V,27.0 V,26.9 V,26.2 V,,1400 rpm,1782 rpm,800 rpm,800 rpm,800 rpm,1809 rpm,1790 rpm
2026-09-08 17:38:00,,26.9 V,26.8 V,26.8 V,,27.0 V,26.8 V,26.2 V,,1400 rpm,1854 rpm,800 rpm,,799 rpm,1815 rpm,1822 rpm
2026-09-08 17:40:00,,26.6 V,26.8 V,26.8 V,26.5 V,27.0 V,26.8 V,26.0 V,,1400 rpm,1730 rpm,800 rpm,800 rpm,800 rpm,1815 rpm,1806 rpm
2026-09-08 17:42:00,,26.7 V,26.8 V,26.8 V,26.5 V,27.0 V,26.8 V,25.9 V,,1454 rpm,1804 rpm,800 rpm,801 rpm,800 rpm,1830 rpm,1848 rpm
2026-09-08 17:44:00,,26.8 V,26.8 V,26.3 V,,27.0 V,26.8 V,26.0 V,,1875 rpm,1778 rpm,800 rpm,,800 rpm,1852 rpm,1788 rpm
2026-09-08 17:46:00,,26.8 V,26.8 V,26.7 V,26.6 V,27.1 V,26.7 V,26.0 V,,1876 rpm,1768 rpm,1400 rpm,800 rpm,800 rpm,1816 rpm,1795 rpm
2026-09-08 17:48:00,,26.9 V,26.8 V,26.8 V,26.6 V,27.0 V,26.7 V,26.0 V,,1800 rpm,1772 rpm,1639 rpm,800 rpm,800 rpm,1809 rpm,1802 rpm
2026-09-08 17:50:00,,26.8 V,26.8 V,,26.6 V,26.9 V,26.7 V,25.9 V,,1827 rpm,1773 rpm,1859 rpm,800 rpm,800 rpm,1812 rpm,1816 rpm
2026-09-08 17:52:00,,26.6 V,26.6 V,26.9 V,,27.0 V,26.7 V,26.0 V,,1817 rpm,1655 rpm,1808 rpm,,800 rpm,1818 rpm,1861 rpm
2026-09-08 17:54:00,,26.8 V,26.0 V,26.9 V,26.7 V,27.0 V,26.7 V,25.6 V,,1830 rpm,800 rpm,1747 rpm,800 rpm,931 rpm,1816 rpm,1058 rpm
2026-09-08 17:56:00,,26.8 V,26.6 V,26.8 V,26.6 V,27.0 V,26.5 V,26.3 V,,1855 rpm,800 rpm,1400 rpm,800 rpm,1844 rpm,1029 rpm,800 rpm
2026-09-08 17:58:00,,26.8 V,26.1 V,26.9 V,,27.1 V,26.4 V,26.3 V,,1824 rpm,800 rpm,1400 rpm,,1900 rpm,800 rpm,800 rpm
2026-09-08 18:00:00,,26.7 V,26.4 V,26.9 V,26.6 V,27.1 V,26.7 V,26.3 V,,1837 rpm,800 rpm,1473 rpm,800 rpm,1900 rpm,800 rpm,800 rpm
2026-09-08 18:02:00,,26.8 V,26.7 V,26.9 V,26.7 V,27.1 V,26.6 V,26.3 V,,1814 rpm,1094 rpm,1858 rpm,800 rpm,1900 rpm,800 rpm,800 rpm
2026-09-08 18:04:00,,26.6 V,26.7 V,26.9 V,,26.9 V,26.1 V,26.4 V,,1668 rpm,1863 rpm,1640 rpm,,1821 rpm,800 rpm,800 rpm
2026-09-08 18:06:00,,26.7 V,26.8 V,26.9 V,26.7 V,27.1 V,26.7 V,25.9 V,,1400 rpm,1843 rpm,1400 rpm,801 rpm,1790 rpm,1128 rpm,800 rpm
2026-09-08 18:08:00,,26.6 V,26.8 V,26.9 V,26.7 V,27.1 V,26.7 V,26.3 V,,1557 rpm,1811 rpm,1400 rpm,800 rpm,1818 rpm,1637 rpm,800 rpm
2026-09-08 18:10:00,,26.7 V,26.6 V,26.9 V,,27.1 V,26.7 V,26.4 V,,1826 rpm,1748 rpm,1400 rpm,,1809 rpm,1813 rpm,800 rpm
2026-09-08 18:12:00,,26.7 V,26.8 V,26.9 V,26.7 V,26.9 V,26.7 V,26.4 V,,1813 rpm,1769 rpm,1400 rpm,799 rpm,1825 rpm,1808 rpm,1483 rpm
2026-09-08 18:14:00,,26.6 V,26.6 V,26.9 V,26.7 V,27.1 V,26.7 V,26.3 V,,1848 rpm,1783 rpm,1412 rpm,801 rpm,1791 rpm,1834 rpm,1767 rpm
2026-09-08 18:16:00,,26.7 V,26.6 V,26.9 V,,27.1 V,26.6 V,26.3 V,,1849 rpm,1777 rpm,1762 rpm,,1792 rpm,1819 rpm,1802 rpm
2026-09-08 18:18:00,,26.6 V,26.8 V,26.9 V,26.7 V,26.9 V,26.7 V,26.1 V,,1483 rpm,1775 rpm,1835 rpm,1901 rpm,1823 rpm,1815 rpm,1803 rpm
2026-09-08 18:20:00,,26.7 V,26.8 V,26.9 V,26.7 V,27.1 V,26.7 V,26.3 V,,1400 rpm,1803 rpm,1850 rpm,1901 rpm,1809 rpm,1828 rpm,1787 rpm
2026-09-08 18:22:00,,26.7 V,26.6 V,26.9 V,,26.9 V,26.7 V,26.2 V,,1400 rpm,1810 rpm,1835 rpm,,1825 rpm,1755 rpm,1829 rpm
2026-09-08 18:24:00,,26.7 V,26.8 V,26.9 V,26.6 V,27.1 V,26.7 V,26.3 V,,1816 rpm,1816 rpm,1837 rpm,1871 rpm,1796 rpm,1825 rpm,1791 rpm
2026-09-08 18:26:00,,26.7 V,26.5 V,26.8 V,26.6 V,27.0 V,26.7 V,26.1 V,,1807 rpm,1798 rpm,1849 rpm,1878 rpm,1844 rpm,1825 rpm,1820 rpm
2026-09-08 18:28:00,,26.6 V,26.8 V,26.9 V,26.5 V,27.0 V,26.7 V,26.3 V,,1836 rpm,1795 rpm,1846 rpm,1872 rpm,1807 rpm,1817 rpm,1788 rpm
2026-09-08 18:30:00,,26.7 V,26.7 V,26.9 V,26.6 V,27.0 V,26.7 V,26.3 V,,1833 rpm,1794 rpm,1452 rpm,1864 rpm,1825 rpm,1867 rpm,1794 rpm
2026-09-08 18:32:00,,26.7 V,26.7 V,26.9 V,26.6 V,26.9 V,26.7 V,26.2 V,,1874 rpm,1801 rpm,1400 rpm,1841 rpm,1805 rpm,1771 rpm,1830 rpm
2026-09-08 18:34:00,,26.7 V,26.5 V,26.9 V,26.6 V,27.0 V,26.7 V,26.1 V,,1811 rpm,1796 rpm,1400 rpm,1858 rpm,1826 rpm,1824 rpm,1794 rpm
2026-09-08 18:36:00,,26.5 V,26.7 V,26.9 V,,27.0 V,26.7 V,26.1 V,,1860 rpm,1793 rpm,1400 rpm,,1827 rpm,1832 rpm,1828 rpm
2026-09-08 18:38:00,,26.5 V,26.7 V,26.9 V,26.6 V,27.0 V,26.7 V,25.9 V,,1822 rpm,1790 rpm,1304 rpm,1889 rpm,1801 rpm,1784 rpm,1789 rpm
2026-09-08 18:40:00,,26.7 V,26.7 V,26.9 V,26.6 V,27.0 V,26.7 V,26.1 V,,1821 rpm,1797 rpm,1274 rpm,1839 rpm,799 rpm,1815 rpm,1790 rpm
2026-09-08 18:42:00,,26.6 V,26.7 V,26.9 V,26.5 V,27.0 V,26.5 V,26.0 V,,1867 rpm,1817 rpm,1250 rpm,1855 rpm,800 rpm,1819 rpm,1826 rpm
2026-09-08 18:44:00,,26.6 V,26.7 V,26.9 V,26.5 V,27.0 V,26.7 V,26.1 V,,1863 rpm,1827 rpm,800 rpm,1899 rpm,800 rpm,1823 rpm,1815 rpm
2026-09-08 18:46:00,,26.7 V,26.7 V,26.9 V,26.5 V,26.8 V,26.7 V,25.9 V,,1847 rpm,1834 rpm,800 rpm,1899 rpm,1713 rpm,1821 rpm,1800 rpm
2026-09-08 18:48:00,,26.6 V,26.4 V,26.9 V,26.6 V,27.0 V,26.7 V,26.1 V,,1841 rpm,1811 rpm,800 rpm,1900 rpm,1801 rpm,1834 rpm,1822 rpm
2026-09-08 18:50:00,,26.3 V,26.7 V,26.9 V,26.6 V,27.1 V,26.7 V,26.1 V,,1859 rpm,1786 rpm,800 rpm,877 rpm,1854 rpm,1835 rpm,1797 rpm
2026-09-08 18:52:00,,26.7 V,26.7 V,26.9 V,26.6 V,27.1 V,26.7 V,26.1 V,,1819 rpm,1777 rpm,800 rpm,800 rpm,1900 rpm,1840 rpm,1837 rpm
2026-09-08 18:54:00,,26.7 V,26.6 V,26.9 V,26.6 V,27.1 V,26.7 V,26.1 V,,1818 rpm,1770 rpm,800 rpm,800 rpm,1890 rpm,1756 rpm,1788 rpm
2026-09-08 18:56:00,,26.5 V,26.7 V,26.9 V,26.6 V,26.9 V,26.7 V,26.0 V,,1834 rpm,1780 rpm,800 rpm,800 rpm,1794 rpm,1665 rpm,1784 rpm
2026-09-08 18:58:00,,26.7 V,26.3 V,26.9 V,26.6 V,27.1 V,26.7 V,26.1 V,,1839 rpm,1787 rpm,800 rpm,800 rpm,1807 rpm,800 rpm,1816 rpm
2026-09-08 19:00:00,,26.7 V,26.7 V,26.9 V,26.6 V,26.9 V,26.7 V,26.1 V,,1813 rpm,1772 rpm,800 rpm,800 rpm,1792 rpm,1618 rpm,1809 rpm
2026-09-08 19:02:00,,26.6 V,26.7 V,26.9 V,26.6 V,27.1 V,26.7 V,25.9 V,,1832 rpm,1791 rpm,800 rpm,800 rpm,1808 rpm,1830 rpm,1813 rpm
2026-09-08 19:04:00,,26.7 V,26.5 V,26.9 V,26.7 V,26.9 V,26.7 V,26.1 V,,1844 rpm,1797 rpm,800 rpm,800 rpm,1830 rpm,1823 rpm,1800 rpm
2026-09-08 19:06:00,,26.5 V,26.5 V,26.9 V,26.7 V,27.1 V,26.7 V,26.1 V,,1815 rpm,1788 rpm,800 rpm,800 rpm,1797 rpm,1746 rpm,1832 rpm
2026-09-08 19:08:00,,26.6 V,26.7 V,26.9 V,26.7 V,27.1 V,26.7 V,26.1 V,,1815 rpm,1785 rpm,800 rpm,800 rpm,1815 rpm,1714 rpm,1812 rpm
2026-09-08 19:10:00,,26.7 V,26.6 V,26.9 V,26.7 V,26.8 V,26.7 V,26.1 V,,1828 rpm,1795 rpm,800 rpm,800 rpm,1829 rpm,1831 rpm,1799 rpm
2026-09-08 19:12:00,,26.4 V,26.7 V,26.9 V,26.7 V,27.0 V,26.7 V,25.8 V,,1824 rpm,1805 rpm,800 rpm,800 rpm,1811 rpm,1832 rpm,1819 rpm
2026-09-08 19:14:00,,26.7 V,26.6 V,26.9 V,26.7 V,26.8 V,26.7 V,26.1 V,,1826 rpm,1745 rpm,800 rpm,800 rpm,1835 rpm,1844 rpm,1794 rpm
2026-09-08 19:16:00,,26.4 V,26.7 V,26.9 V,26.7 V,27.0 V,26.7 V,26.1 V,,1830 rpm,1785 rpm,800 rpm,800 rpm,1798 rpm,1850 rpm,1822 rpm
2026-09-08 19:18:00,,26.7 V,26.7 V,26.9 V,26.7 V,27.0 V,26.7 V,26.1 V,,1828 rpm,1783 rpm,800 rpm,800 rpm,1818 rpm,1844 rpm,1811 rpm
2026-09-08 19:20:00,,26.7 V,26.6 V,26.9 V,26.7 V,27.0 V,26.7 V,25.9 V,,1811 rpm,1812 rpm,800 rpm,800 rpm,1782 rpm,1851 rpm,1823 rpm
2026-09-08 19:22:00,,26.7 V,26.7 V,26.9 V,26.7 V,27.0 V,26.7 V,26.1 V,,1815 rpm,1697 rpm,800 rpm,800 rpm,1812 rpm,1846 rpm,1429 rpm
2026-09-08 19:24:00,,26.6 V,26.5 V,27.0 V,26.8 V,27.0 V,26.7 V,26.3 V,,1856 rpm,1798 rpm,996 rpm,800 rpm,1830 rpm,1835 rpm,948 rpm
2026-09-08 19:26:00,,26.7 V,26.7 V,27.0 V,26.8 V,27.0 V,26.7 V,26.1 V,,1605 rpm,1808 rpm,1387 rpm,800 rpm,1848 rpm,1841 rpm,1800 rpm
2026-09-08 19:28:00,,26.7 V,26.7 V,27.0 V,26.8 V,26.8 V,26.7 V,26.1 V,,800 rpm,1779 rpm,1386 rpm,800 rpm,1815 rpm,1819 rpm,1783 rpm
2026-09-08 19:30:00,,25.8 V,26.7 V,27.0 V,26.8 V,27.0 V,26.7 V,26.1 V,,800 rpm,1797 rpm,1387 rpm,800 rpm,1808 rpm,1830 rpm,1807 rpm
2026-09-08 19:32:00,,26.6 V,26.6 V,27.0 V,26.8 V,27.0 V,26.7 V,26.1 V,,800 rpm,1780 rpm,1386 rpm,800 rpm,1832 rpm,1838 rpm,1796 rpm
2026-09-08 19:34:00,,26.6 V,26.7 V,27.0 V,26.8 V,26.9 V,26.7 V,25.9 V,,800 rpm,1781 rpm,1387 rpm,800 rpm,1819 rpm,1843 rpm,1806 rpm
2026-09-08 19:36:00,,26.6 V,26.3 V,27.0 V,26.8 V,27.0 V,26.7 V,26.1 V,,800 rpm,1825 rpm,1498 rpm,800 rpm,1813 rpm,1811 rpm,1793 rpm
2026-09-08 19:38:00,,26.6 V,26.7 V,27.0 V,26.8 V,26.9 V,26.7 V,26.1 V,,800 rpm,1766 rpm,1779 rpm,800 rpm,1822 rpm,1828 rpm,1794 rpm
2026-09-08 19:40:00,,26.7 V,26.7 V,26.9 V,26.7 V,27.0 V,26.7 V,26.1 V,,800 rpm,1783 rpm,1757 rpm,1061 rpm,1815 rpm,1843 rpm,1814 rpm
2026-09-08 19:42:00,,26.4 V,26.7 V,27.0 V,26.7 V,27.0 V,26.7 V,26.0 V,,800 rpm,1779 rpm,1798 rpm,800 rpm,1807 rpm,1837 rpm,1784 rpm
2026-09-08 19:44:00,,26.6 V,26.7 V,27.0 V,26.8 V,27.0 V,26.7 V,26.1 V,,800 rpm,1763 rpm,1806 rpm,1873 rpm,1814 rpm,1838 rpm,1727 rpm
2026-09-08 19:46:00,,26.7 V,26.6 V,26.9 V,,27.0 V,26.7 V,26.1 V,,800 rpm,1834 rpm,1835 rpm,,1813 rpm,1837 rpm,1800 rpm
2026-09-08 19:48:00,,26.7 V,26.5 V,26.9 V,26.7 V,26.8 V,26.7 V,26.1 V,,1139 rpm,1787 rpm,1813 rpm,1779 rpm,1812 rpm,1837 rpm,1841 rpm
2026-09-08 19:50:00,,26.7 V,26.7 V,26.9 V,26.7 V,26.9 V,26.7 V,26.0 V,,1863 rpm,1775 rpm,1757 rpm,1823 rpm,1833 rpm,1836 rpm,1803 rpm
2026-09-08 19:52:00,,26.7 V,26.7 V,26.9 V,26.7 V,27.0 V,26.7 V,26.1 V,,1860 rpm,1788 rpm,1797 rpm,1811 rpm,1806 rpm,1827 rpm,1806 rpm
2026-09-08 19:54:00,,26.7 V,26.7 V,26.9 V,26.7 V,27.0 V,26.7 V,26.1 V,,1438 rpm,1770 rpm,1400 rpm,1855 rpm,1570 rpm,1829 rpm,1789 rpm
2026-09-08 19:56:00,,26.7 V,26.5 V,26.9 V,26.7 V,27.0 V,26.7 V,26.1 V,,1804 rpm,1780 rpm,1505 rpm,1900 rpm,974 rpm,1825 rpm,1806 rpm
2026-09-08 19:58:00,,26.8 V,26.5 V,26.9 V,26.7 V,26.8 V,26.7 V,26.1 V,,1315 rpm,1774 rpm,1793 rpm,1901 rpm,1816 rpm,1841 rpm,1721 rpm
2026-09-08 20:00:00,,26.7 V,26.7 V,26.9 V,26.6 V,27.0 V,26.7 V,25.9 V,,800 rpm,1779 rpm,1823 rpm,1900 rpm,1815 rpm,1831 rpm,1743 rpm
2026-09-08 20:02:00,,26.7 V,26.7 V,26.9 V,26.7 V,26.9 V,26.7 V,26.1 V,,932 rpm,1751 rpm,1271 rpm,1899 rpm,1886 rpm,1835 rpm,1795 rpm
2026-09-08 20:04:00,,26.7 V,26.7 V,26.9 V,26.7 V,26.8 V,26.7 V,26.2 V,,841 rpm,1782 rpm,800 rpm,1894 rpm,1808 rpm,1838 rpm,1763 rpm
2026-09-08 20:06:00,,26.7 V,26.6 V,26.9 V,26.4 V,26.9 V,26.7 V,26.1 V,,800 rpm,1817 rpm,1304 rpm,1825 rpm,1834 rpm,1834 rpm,1800 rpm
2026-09-08 20:08:00,,26.5 V,26.6 V,26.9 V,26.6 V,26.9 V,26.7 V,25.9 V,,708 rpm,1777 rpm,1797 rpm,1796 rpm,1788 rpm,1833 rpm,1802 rpm
2026-09-08 20:10:00,,25.1 V,26.7 V,26.4 V,26.6 V,27.1 V,26.7 V,26.0 V,,61.5 rpm,1762 rpm,1852 rpm,1820 rpm,1320 rpm,1771 rpm,1569 rpm
2026-09-08 20:12:00,,26.7 V,26.7 V,26.9 V,26.6 V,27.1 V,26.7 V,26.2 V,,800 rpm,1757 rpm,1805 rpm,1801 rpm,800 rpm,1838 rpm,1823 rpm
2026-09-08 20:14:00,,26.7 V,26.7 V,26.9 V,26.4 V,27.0 V,26.7 V,26.1 V,,800 rpm,1784 rpm,1766 rpm,1808 rpm,1588 rpm,1781 rpm,1787 rpm
2026-09-08 20:16:00,,,26.7 V,26.9 V,26.6 V,27.1 V,26.7 V,26.1 V,,,1830 rpm,1825 rpm,1818 rpm,1799 rpm,1839 rpm,1807 rpm
2026-09-08 20:18:00,,,26.4 V,26.9 V,26.4 V,27.0 V,26.7 V,26.0 V,,,1771 rpm,1836 rpm,1832 rpm,1772 rpm,1834 rpm,1820 rpm
2026-09-08 20:20:00,,,26.7 V,26.9 V,26.6 V,27.1 V,26.7 V,26.1 V,,,1790 rpm,1763 rpm,1807 rpm,800 rpm,1846 rpm,1810 rpm
2026-09-08 20:22:00,,,26.7 V,26.7 V,26.6 V,27.1 V,26.7 V,26.1 V,,,1783 rpm,1830 rpm,1833 rpm,800 rpm,1476 rpm,1809 rpm
2026-09-08 20:24:00,,,26.7 V,26.9 V,26.6 V,27.0 V,26.7 V,26.1 V,,,1784 rpm,1832 rpm,1834 rpm,1166 rpm,800 rpm,1708 rpm
2026-09-08 20:26:00,,26.7 V,26.7 V,26.9 V,26.4 V,27.1 V,26.7 V,26.1 V,,800 rpm,1775 rpm,1828 rpm,1769 rpm,1812 rpm,800 rpm,1792 rpm
2026-09-08 20:28:00,,26.7 V,26.5 V,26.9 V,26.6 V,27.0 V,26.7 V,26.1 V,,1238 rpm,1789 rpm,1798 rpm,1799 rpm,1830 rpm,807 rpm,1826 rpm
2026-09-08 20:30:00,,26.8 V,26.7 V,26.9 V,26.6 V,27.0 V,26.7 V,26.1 V,,1113 rpm,1773 rpm,1824 rpm,1825 rpm,1803 rpm,1811 rpm,1824 rpm
2026-09-08 20:32:00,,26.7 V,26.7 V,26.7 V,26.5 V,26.9 V,26.7 V,26.1 V,,800 rpm,1762 rpm,1725 rpm,1781 rpm,1841 rpm,1835 rpm,1816 rpm
2026-09-08 20:34:00,,26.7 V,26.4 V,26.9 V,26.6 V,27.0 V,26.7 V,26.1 V,,891 rpm,1761 rpm,1199 rpm,1818 rpm,1799 rpm,1849 rpm,1809 rpm
2026-09-08 20:36:00,,26.3 V,26.7 V,26.8 V,26.2 V,27.0 V,26.7 V,26.1 V,,1367 rpm,1784 rpm,907 rpm,1799 rpm,1825 rpm,1846 rpm,1821 rpm
2026-09-08 20:38:00,,26.8 V,26.7 V,26.9 V,26.6 V,27.0 V,26.7 V,26.1 V,,1551 rpm,1771 rpm,1740 rpm,1820 rpm,1806 rpm,1841 rpm,1820 rpm
2026-09-08 20:40:00,,26.3 V,26.7 V,26.9 V,26.1 V,27.1 V,26.7 V,26.1 V,,800 rpm,1782 rpm,1827 rpm,1811 rpm,1836 rpm,1841 rpm,1829 rpm
2026-09-08 20:42:00,,26.7 V,26.7 V,26.9 V,26.6 V,26.8 V,26.7 V,25.9 V,,706 rpm,1782 rpm,1834 rpm,1795 rpm,1804 rpm,1839 rpm,1831 rpm
2026-09-08 20:44:00,,26.1 V,26.3 V,26.9 V,,27.0 V,26.7 V,25.9 V,,133 rpm,1792 rpm,1566 rpm,,1830 rpm,1843 rpm,1807 rpm
2026-09-08 20:46:00,,25.0 V,26.7 V,26.9 V,26.6 V,26.9 V,26.7 V,26.1 V,,0 rpm,1743 rpm,1400 rpm,1803 rpm,1814 rpm,1839 rpm,1814 rpm
2026-09-08 20:48:00,,25.1 V,26.7 V,26.9 V,26.6 V,27.0 V,26.7 V,26.1 V,,0 rpm,1774 rpm,1400 rpm,1894 rpm,1814 rpm,1688 rpm,1819 rpm
2026-09-08 20:50:00,,25.0 V,26.7 V,26.9 V,26.5 V,26.8 V,26.7 V,26.1 V,,0 rpm,1789 rpm,1584 rpm,1804 rpm,1806 rpm,1740 rpm,1822 rpm
2026-09-08 20:52:00,,25.0 V,26.7 V,26.9 V,26.3 V,27.0 V,26.7 V,26.1 V,,0 rpm,1840 rpm,1810 rpm,1791 rpm,1801 rpm,1869 rpm,1860 rpm
2026-09-08 20:54:00,,24.9 V,26.5 V,26.9 V,26.4 V,26.8 V,26.7 V,25.9 V,,0 rpm,1783 rpm,1825 rpm,1808 rpm,1843 rpm,1855 rpm,1812 rpm
2026-09-08 20:56:00,,24.8 V,26.7 V,26.9 V,26.5 V,27.0 V,26.7 V,26.1 V,,30.2 rpm,1805 rpm,1840 rpm,1817 rpm,1814 rpm,1862 rpm,1791 rpm
2026-09-08 20:58:00,,26.5 V,26.7 V,26.9 V,26.3 V,27.1 V,26.7 V,26.1 V,,587 rpm,1792 rpm,1836 rpm,1827 rpm,1850 rpm,1482 rpm,1792 rpm
2026-09-08 21:00:00,,25.0 V,26.7 V,26.9 V,26.5 V,27.0 V,26.7 V,26.1 V,,0 rpm,1789 rpm,1605 rpm,1780 rpm,1835 rpm,1675 rpm,1816 rpm
2026-09-08 21:02:00,,25.7 V,26.5 V,26.8 V,26.5 V,27.0 V,26.7 V,26.2 V,,390 rpm,1781 rpm,1836 rpm,1818 rpm,1839 rpm,1857 rpm,1813 rpm
2026-09-08 21:04:00,,26.5 V,26.7 V,26.9 V,26.5 V,27.1 V,26.7 V,26.2 V,,622 rpm,1796 rpm,1841 rpm,1826 rpm,812 rpm,1869 rpm,1851 rpm
2026-09-08 21:06:00,,26.9 V,26.7 V,26.9 V,26.6 V,27.0 V,26.7 V,26 V,,800 rpm,1786 rpm,1820 rpm,1903 rpm,1874 rpm,1728 rpm,1765 rpm
2026-09-08 21:08:00,,,26.7 V,26.9 V,,27.0 V,26.7 V,26.1 V,,,1785 rpm,1815 rpm,,1800 rpm,1827 rpm,1810 rpm
2026-09-08 21:10:00,,,26.7 V,26.8 V,26.5 V,27.0 V,26.7 V,26.1 V,,,1792 rpm,1814 rpm,1840 rpm,1830 rpm,1828 rpm,1820 rpm
2026-09-08 21:12:00,,,26.7 V,26.9 V,26.5 V,26.9 V,26.7 V,26.1 V,,,1803 rpm,1740 rpm,1833 rpm,1817 rpm,1827 rpm,1800 rpm
2026-09-08 21:14:00,,,26.7 V,26.9 V,,27.1 V,26.7 V,26.2 V,,,1694 rpm,1800 rpm,,1804 rpm,1829 rpm,1786 rpm
2026-09-08 21:16:00,,,26.5 V,26.7 V,26.3 V,27.0 V,26.7 V,25.9 V,,,1734 rpm,1728 rpm,1809 rpm,1835 rpm,1817 rpm,1803 rpm
2026-09-08 21:18:00,,,26.7 V,26.9 V,26.5 V,27.0 V,26.7 V,26.1 V,,,1768 rpm,1825 rpm,1837 rpm,1811 rpm,1829 rpm,1795 rpm
2026-09-08 21:20:00,,,26.8 V,26.9 V,26.6 V,27.0 V,26.7 V,26.1 V,,,1789 rpm,1794 rpm,1784 rpm,1799 rpm,1828 rpm,1792 rpm
2026-09-08 21:22:00,,,26.6 V,26.9 V,26.5 V,26.9 V,26.7 V,26.1 V,,,1790 rpm,1814 rpm,1803 rpm,1833 rpm,1824 rpm,1808 rpm
2026-09-08 21:24:00,,,26.5 V,26.9 V,26.5 V,27.0 V,26.7 V,26.1 V,,,1808 rpm,1830 rpm,1859 rpm,1814 rpm,1839 rpm,1795 rpm
2026-09-08 21:26:00,,,26.7 V,26.9 V,26.6 V,27.0 V,26.7 V,25.9 V,,,1755 rpm,1677 rpm,1901 rpm,1822 rpm,1820 rpm,1805 rpm
2026-09-08 21:28:00,,,26.7 V,26.9 V,26.4 V,26.8 V,26.7 V,26.1 V,,,1770 rpm,1400 rpm,1800 rpm,1808 rpm,1824 rpm,1799 rpm
2026-09-08 21:30:00,,,26.7 V,26.9 V,26.6 V,27.0 V,26.7 V,26.1 V,,,1786 rpm,1400 rpm,1808 rpm,1791 rpm,1808 rpm,1733 rpm
2026-09-08 21:32:00,,,26.7 V,26.9 V,26.6 V,27.0 V,26.7 V,26.1 V,,,1820 rpm,1400 rpm,1826 rpm,1802 rpm,1838 rpm,1807 rpm
2026-09-08 21:34:00,,,26.7 V,26.9 V,26.6 V,26.9 V,26.7 V,26.1 V,,,1838 rpm,1400 rpm,1834 rpm,1806 rpm,1822 rpm,1792 rpm
2026-09-08 21:36:00,,,26.7 V,26.8 V,26.5 V,27.0 V,26.7 V,26.1 V,,,1809 rpm,1678 rpm,1805 rpm,1787 rpm,1830 rpm,1707 rpm
2026-09-08 21:38:00,,,26.5 V,26.9 V,26.6 V,27.0 V,26.7 V,26.1 V,,,1762 rpm,1817 rpm,1793 rpm,1830 rpm,1830 rpm,1811 rpm
2026-09-08 21:40:00,,,26.7 V,26.9 V,26.6 V,26.8 V,26.7 V,26.1 V,,,1772 rpm,1822 rpm,1801 rpm,1800 rpm,1829 rpm,1806 rpm
2026-09-08 21:42:00,,,26.7 V,26.9 V,,27.0 V,26.7 V,26.1 V,,,1765 rpm,1783 rpm,,1797 rpm,1824 rpm,1809 rpm
2026-09-08 21:44:00,,,26.3 V,26.9 V,26.6 V,26.9 V,26.7 V,25.9 V,,,1803 rpm,1810 rpm,1836 rpm,1832 rpm,1823 rpm,1766 rpm
2026-09-08 21:46:00,,,26.7 V,26.9 V,26.2 V,27.0 V,26.7 V,26.1 V,,,1784 rpm,1685 rpm,1820 rpm,1800 rpm,1812 rpm,1776 rpm
2026-09-08 21:48:00,,,26.7 V,26.9 V,26.5 V,26.9 V,26.7 V,26.1 V,,,1792 rpm,1823 rpm,1801 rpm,1815 rpm,1825 rpm,1817 rpm
2026-09-08 21:50:00,,,26.7 V,26.8 V,26.6 V,27.0 V,26.7 V,26.3 V,,,1788 rpm,1847 rpm,1827 rpm,1812 rpm,1816 rpm,1056 rpm
2026-09-08 21:52:00,,,26.5 V,26.9 V,26.5 V,26.9 V,26.7 V,26.3 V,,,1814 rpm,1563 rpm,1855 rpm,1818 rpm,1815 rpm,1264 rpm
2026-09-08 21:54:00,,,26.6 V,26.9 V,26.3 V,26.8 V,26.7 V,25.9 V,,,1797 rpm,1810 rpm,1818 rpm,1859 rpm,1822 rpm,1731 rpm
2026-09-08 21:56:00,,,26.7 V,26.9 V,26.5 V,27.0 V,26.7 V,,,,1782 rpm,1823 rpm,1799 rpm,1812 rpm,1786 rpm,
2026-09-08 21:58:00,,,26.7 V,26.9 V,26.6 V,27.0 V,26.7 V,26.1 V,,,1773 rpm,1758 rpm,1796 rpm,1586 rpm,1819 rpm,1802 rpm
2026-09-08 22:00:00,,,26.7 V,26.9 V,26.6 V,27.1 V,26.7 V,26.2 V,,,1777 rpm,890 rpm,1802 rpm,1203 rpm,1832 rpm,1802 rpm
2026-09-08 22:02:00,,,26.7 V,26.9 V,26.6 V,27.1 V,26.7 V,26.1 V,,,1800 rpm,800 rpm,1790 rpm,1821 rpm,1833 rpm,1801 rpm
2026-09-08 22:04:00,,,26.7 V,26.9 V,26.5 V,27.0 V,26.7 V,26.1 V,,,1792 rpm,800 rpm,1820 rpm,1823 rpm,1845 rpm,1803 rpm
2026-09-08 22:06:00,,,26.7 V,26.9 V,26.4 V,26.9 V,26.7 V,26.1 V,,,1800 rpm,1444 rpm,1830 rpm,1835 rpm,1818 rpm,1787 rpm
2026-09-08 22:08:00,,,26.5 V,26.9 V,26.6 V,27.0 V,26.7 V,26.3 V,,,1730 rpm,1684 rpm,1793 rpm,1811 rpm,1819 rpm,1147 rpm
2026-09-08 22:10:00,27.2 V,,26.7 V,26.9 V,26.5 V,27.1 V,26.7 V,26.4 V,1089 rpm,,1782 rpm,800 rpm,1861 rpm,1834 rpm,1813 rpm,800 rpm
2026-09-08 22:12:00,27.2 V,,26.7 V,26.9 V,26.5 V,27.0 V,26.7 V,26.1 V,800 rpm,,1792 rpm,800 rpm,1283 rpm,1826 rpm,1822 rpm,1477 rpm
2026-09-08 22:14:00,26.8 V,,26.7 V,26.9 V,26.5 V,27.1 V,26.7 V,26.1 V,739 rpm,,1806 rpm,800 rpm,805 rpm,1820 rpm,1821 rpm,1788 rpm
2026-09-08 22:16:00,26.9 V,,26.7 V,26.9 V,26.5 V,27.1 V,26.7 V,26.2 V,1244 rpm,,1824 rpm,800 rpm,805 rpm,1694 rpm,1816 rpm,1769 rpm
2026-09-08 22:18:00,25.9 V,,26.7 V,26.9 V,26.5 V,27.0 V,26.7 V,26.2 V,378 rpm,,1811 rpm,800 rpm,805 rpm,1378 rpm,1805 rpm,1807 rpm
2026-09-08 22:20:00,25.0 V,26.9 V,26.6 V,26.9 V,,27.0 V,26.7 V,26.1 V,0 rpm,800 rpm,1810 rpm,800 rpm,,1822 rpm,1856 rpm,1797 rpm
2026-09-08 22:22:00,,26.8 V,26.7 V,26.9 V,26.6 V,27.0 V,26.7 V,26.2 V,,799 rpm,1744 rpm,1515 rpm,805 rpm,1807 rpm,1835 rpm,1736 rpm
2026-09-08 22:24:00,,26.9 V,26.7 V,26.9 V,26.6 V,27.0 V,26.7 V,26.3 V,,800 rpm,1794 rpm,1400 rpm,805 rpm,1815 rpm,1814 rpm,1758 rpm
2026-09-08 22:26:00,,26.5 V,26.8 V,26.9 V,26.6 V,27.1 V,26.7 V,26.2 V,,800 rpm,1802 rpm,1400 rpm,805 rpm,1829 rpm,1824 rpm,1712 rpm
2026-09-08 22:28:00,,26.3 V,26.5 V,26.9 V,26.6 V,26.9 V,26.7 V,26.3 V,,800 rpm,1773 rpm,1400 rpm,1623 rpm,1830 rpm,1799 rpm,1412 rpm
2026-09-08 22:30:00,,26.8 V,26.7 V,26.9 V,26.6 V,27.1 V,26.7 V,26.2 V,,1253 rpm,1774 rpm,1400 rpm,1782 rpm,1817 rpm,1827 rpm,1767 rpm
2026-09-08 22:32:00,,26.9 V,26.8 V,27.0 V,26.7 V,27.0 V,26.7 V,26.1 V,,1850 rpm,1784 rpm,1400 rpm,1731 rpm,1832 rpm,1815 rpm,1815 rpm
2026-09-08 22:34:00,,26.8 V,26.6 V,27.0 V,,27.0 V,26.7 V,26.1 V,,1869 rpm,1743 rpm,1371 rpm,,1408 rpm,1827 rpm,1717 rpm
2026-09-08 22:36:00,,26.9 V,26.6 V,27.0 V,26.6 V,27.1 V,26.7 V,25.9 V,,1836 rpm,1765 rpm,1849 rpm,1305 rpm,800 rpm,1838 rpm,1793 rpm
2026-09-08 22:38:00,,26.9 V,26.7 V,27.0 V,26.6 V,26.9 V,26.7 V,26.1 V,,1892 rpm,1771 rpm,880 rpm,800 rpm,936 rpm,1839 rpm,1796 rpm
2026-09-08 22:40:00,,26.8 V,26.5 V,27.0 V,26.6 V,27.1 V,26.7 V,26.3 V,,1846 rpm,1804 rpm,800 rpm,800 rpm,1799 rpm,1817 rpm,1339 rpm
2026-09-08 22:42:00,,26.8 V,26.7 V,27.0 V,26.6 V,27.1 V,26.7 V,26.2 V,,1842 rpm,1849 rpm,800 rpm,800 rpm,1825 rpm,1820 rpm,1796 rpm
2026-09-08 22:44:00,,26.8 V,26.7 V,26.9 V,26.6 V,27.1 V,26.7 V,26.2 V,,1837 rpm,1858 rpm,800 rpm,800 rpm,1818 rpm,1830 rpm,1785 rpm
2026-09-08 22:46:00,,26.8 V,26.7 V,26.9 V,26.6 V,26.9 V,26.7 V,26.3 V,,1831 rpm,1868 rpm,800 rpm,800 rpm,1821 rpm,1834 rpm,1129 rpm
2026-09-08 22:48:00,,26.8 V,26.7 V,26.9 V,26.6 V,27.0 V,26.7 V,26.3 V,,1852 rpm,1855 rpm,800 rpm,1106 rpm,1831 rpm,1827 rpm,1090 rpm
2026-09-08 22:50:00,,26.8 V,26.7 V,26.9 V,26.6 V,27.1 V,26.7 V,26.0 V,,1838 rpm,1793 rpm,800 rpm,1774 rpm,1833 rpm,1827 rpm,1787 rpm
2026-09-08 22:52:00,,26.8 V,26.8 V,26.9 V,26.7 V,27.0 V,26.7 V,26.1 V,,1835 rpm,989 rpm,800 rpm,1803 rpm,1829 rpm,857 rpm,1779 rpm
2026-09-08 22:54:00,,26.8 V,26.5 V,27.0 V,26.5 V,26.9 V,26.7 V,26.2 V,,1831 rpm,1589 rpm,800 rpm,1800 rpm,1835 rpm,800 rpm,1813 rpm
2026-09-08 22:56:00,,26.8 V,26.7 V,27.1 V,26.6 V,27.0 V,26.7 V,26.1 V,,1869 rpm,1756 rpm,800 rpm,1786 rpm,1815 rpm,800 rpm,1835 rpm
2026-09-08 22:58:00,,26.8 V,26.8 V,27.1 V,26.5 V,26.9 V,26.7 V,26.2 V,,1845 rpm,1818 rpm,800 rpm,1796 rpm,1812 rpm,800 rpm,1783 rpm
2026-09-08 23:00:00,,26.8 V,26.8 V,27.1 V,26.6 V,27.1 V,26.7 V,26.2 V,,1855 rpm,1785 rpm,800 rpm,1783 rpm,1788 rpm,800 rpm,1796 rpm
2026-09-08 23:02:00,,26.8 V,26.6 V,27.1 V,26.6 V,27.1 V,26.7 V,26.0 V,,1846 rpm,1798 rpm,800 rpm,1869 rpm,1856 rpm,1286 rpm,1803 rpm
2026-09-08 23:04:00,,26.8 V,26.8 V,27.1 V,26.6 V,26.9 V,26.7 V,26.1 V,,1845 rpm,1826 rpm,800 rpm,1781 rpm,1805 rpm,1823 rpm,1791 rpm
2026-09-08 23:06:00,,26.8 V,26.8 V,27.1 V,26.6 V,27.1 V,26.7 V,26.1 V,,1845 rpm,1800 rpm,800 rpm,1788 rpm,1803 rpm,1818 rpm,1815 rpm
2026-09-08 23:08:00,,26.8 V,26.8 V,27.2 V,26.6 V,26.9 V,26.7 V,26.2 V,,1842 rpm,1799 rpm,800 rpm,1899 rpm,1831 rpm,1825 rpm,1792 rpm
2026-09-08 23:10:00,,26.8 V,26.8 V,27.2 V,26.6 V,27.0 V,26.7 V,26.2 V,,1842 rpm,1730 rpm,800 rpm,1816 rpm,1792 rpm,1827 rpm,1780 rpm
2026-09-08 23:12:00,,26.8 V,26.5 V,27.2 V,26.6 V,27.0 V,26.7 V,26.1 V,,1834 rpm,1799 rpm,800 rpm,1775 rpm,1792 rpm,1840 rpm,1695 rpm
2026-09-08 23:14:00,,26.7 V,26.8 V,27.2 V,26.6 V,,26.7 V,26.2 V,,1856 rpm,1808 rpm,800 rpm,1800 rpm,,1821 rpm,1805 rpm
2026-09-08 23:16:00,,26.8 V,26.8 V,27.2 V,26.6 V,,26.7 V,26.1 V,,1825 rpm,1816 rpm,800 rpm,1786 rpm,,1823 rpm,1699 rpm
2026-09-08 23:18:00,,26.8 V,26.8 V,27.2 V,26.6 V,26.9 V,26.7 V,26.0 V,,1841 rpm,1811 rpm,800 rpm,1807 rpm,1831 rpm,1822 rpm,1781 rpm
2026-09-08 23:20:00,,26.8 V,26.7 V,27.2 V,26.5 V,27.1 V,26.7 V,26.2 V,,1839 rpm,1827 rpm,800 rpm,1879 rpm,1808 rpm,1820 rpm,1791 rpm
2026-09-08 23:22:00,,26.8 V,26.8 V,27.2 V,26.3 V,27.0 V,26.7 V,26.2 V,,1856 rpm,1820 rpm,800 rpm,1830 rpm,1812 rpm,1824 rpm,1510 rpm
2026-09-08 23:24:00,,26.8 V,26.8 V,27.2 V,26.5 V,27.1 V,26.7 V,26.3 V,,1863 rpm,1813 rpm,800 rpm,1796 rpm,1018 rpm,1824 rpm,1114 rpm
2026-09-08 23:26:00,,26.8 V,26.6 V,27.2 V,26.5 V,27.1 V,26.7 V,26.0 V,,1854 rpm,1812 rpm,800 rpm,1836 rpm,1059 rpm,1825 rpm,1790 rpm
2026-09-08 23:28:00,,26.8 V,26.5 V,27.2 V,26.5 V,26.8 V,26.7 V,26.2 V,,1838 rpm,1830 rpm,800 rpm,1848 rpm,1817 rpm,1838 rpm,1786 rpm
2026-09-08 23:30:00,,26.8 V,26.8 V,27.2 V,26.5 V,27.1 V,26.7 V,26.1 V,,1848 rpm,1805 rpm,800 rpm,1801 rpm,1808 rpm,1833 rpm,1828 rpm
2026-09-08 23:32:00,,26.8 V,26.7 V,27.2 V,26.5 V,27.1 V,26.7 V,26.1 V,,1841 rpm,1825 rpm,800 rpm,1785 rpm,1847 rpm,1820 rpm,1789 rpm
2026-09-08 23:34:00,,26.7 V,26.8 V,27.2 V,26.5 V,27.1 V,26.7 V,26.1 V,,1831 rpm,1762 rpm,800 rpm,1827 rpm,1809 rpm,1821 rpm,1809 rpm
2026-09-08 23:36:00,,26.7 V,26.5 V,27.2 V,26.6 V,27.1 V,26.7 V,26.2 V,,1829 rpm,1797 rpm,800 rpm,1399 rpm,1827 rpm,1828 rpm,1737 rpm
2026-09-08 23:38:00,,26.8 V,26.6 V,27.2 V,26.5 V,26.9 V,26.7 V,26.2 V,,1842 rpm,1813 rpm,800 rpm,800 rpm,1834 rpm,1820 rpm,1800 rpm
2026-09-08 23:40:00,,26.8 V,26.6 V,27.2 V,26.5 V,27.1 V,26.7 V,26.0 V,,1829 rpm,1801 rpm,800 rpm,800 rpm,1812 rpm,1836 rpm,1745 rpm
2026-09-08 23:42:00,,26.8 V,26.7 V,27.2 V,26.6 V,26.9 V,26.7 V,26.1 V,,1841 rpm,1794 rpm,800 rpm,799 rpm,1842 rpm,1834 rpm,1782 rpm
2026-09-08 23:44:00,,26.8 V,26.8 V,27.2 V,26.4 V,27.0 V,26.7 V,26.2 V,,1845 rpm,1806 rpm,800 rpm,1038 rpm,1812 rpm,1829 rpm,1802 rpm
2026-09-08 23:46:00,,26.8 V,26.8 V,27.2 V,26.6 V,27.0 V,26.7 V,26.0 V,,1851 rpm,1798 rpm,800 rpm,1834 rpm,1808 rpm,1819 rpm,1812 rpm
2026-09-08 23:48:00,,26.8 V,26.8 V,27.2 V,26.6 V,27.0 V,26.7 V,26.2 V,,1846 rpm,1819 rpm,800 rpm,1780 rpm,1835 rpm,1826 rpm,1807 rpm
2026-09-08 23:50:00,,26.8 V,26.6 V,27.2 V,26.6 V,27.0 V,26.7 V,26.2 V,,1850 rpm,1823 rpm,800 rpm,1804 rpm,1802 rpm,1825 rpm,1756 rpm
2026-09-08 23:52:00,,26.8 V,26.8 V,27.2 V,26.4 V,27.0 V,26.7 V,26.2 V,,1841 rpm,1803 rpm,800 rpm,1820 rpm,1841 rpm,1816 rpm,1809 rpm
2026-09-08 23:54:00,,26.8 V,26.7 V,27.2 V,26.5 V,,26.7 V,26.2 V,,1835 rpm,1806 rpm,800 rpm,1790 rpm,,1824 rpm,1799 rpm
2026-09-08 23:56:00,,26.8 V,26.8 V,27.2 V,26.6 V,,26.7 V,26.2 V,,1838 rpm,1799 rpm,800 rpm,1848 rpm,,1820 rpm,1787 rpm
2026-09-08 23:58:00,,26.6 V,26.8 V,27.2 V,26.6 V,27.0 V,26.7 V,26.2 V,,1838 rpm,1818 rpm,800 rpm,1816 rpm,1073 rpm,1825 rpm,1804 rpm
2026-09-09 00:00:00,,26.8 V,26.6 V,27.2 V,26.6 V,26.9 V,26.7 V,26.2 V,,1842 rpm,1797 rpm,800 rpm,1776 rpm,1819 rpm,1838 rpm,1802 rpm
2026-09-09 00:02:00,,26.8 V,26.7 V,27.2 V,26.5 V,27.1 V,26.7 V,26.1 V,,1837 rpm,1799 rpm,800 rpm,1829 rpm,1809 rpm,1833 rpm,1820 rpm
2026-09-09 00:04:00,,26.8 V,26.8 V,27.2 V,26.5 V,27.1 V,26.7 V,26.1 V,,1853 rpm,1799 rpm,800 rpm,1823 rpm,1849 rpm,1830 rpm,1792 rpm
2026-09-09 00:06:00,,26.8 V,26.7 V,27.2 V,26.4 V,27.1 V,26.7 V,26.2 V,,1831 rpm,1794 rpm,800 rpm,1831 rpm,1900 rpm,1834 rpm,1791 rpm
2026-09-09 00:08:00,,26.6 V,26.8 V,27.2 V,26.5 V,27.1 V,26.7 V,26.2 V,,1879 rpm,1811 rpm,800 rpm,1788 rpm,1900 rpm,1679 rpm,1762 rpm
2026-09-09 00:10:00,,26.8 V,26.8 V,27.2 V,26.6 V,27.1 V,26.7 V,26.2 V,,1836 rpm,1795 rpm,800 rpm,1822 rpm,1900 rpm,1758 rpm,1813 rpm
2026-09-09 00:12:00,,26.8 V,26.8 V,27.2 V,26.5 V,27.1 V,26.7 V,26.2 V,,1829 rpm,1804 rpm,1052 rpm,1826 rpm,1900 rpm,1825 rpm,1819 rpm
2026-09-09 00:14:00,,26.8 V,26.5 V,27.2 V,26.5 V,27.1 V,26.7 V,26.2 V,,1835 rpm,1775 rpm,1853 rpm,1785 rpm,1892 rpm,1824 rpm,1808 rpm
2026-09-09 00:16:00,,26.8 V,26.6 V,27.2 V,26.6 V,27.0 V,26.7 V,26.1 V,,1832 rpm,1793 rpm,1367 rpm,1816 rpm,1819 rpm,1843 rpm,1785 rpm
2026-09-09 00:18:00,,26.8 V,26.7 V,27.1 V,26.4 V,27.1 V,26.7 V,26.1 V,,1837 rpm,1792 rpm,1725 rpm,1805 rpm,1794 rpm,1816 rpm,1817 rpm
2026-09-09 00:20:00,,26.8 V,26.7 V,27.2 V,26.6 V,27.1 V,26.7 V,26.2 V,,1816 rpm,1765 rpm,1852 rpm,1812 rpm,1826 rpm,1691 rpm,1811 rpm
2026-09-09 00:22:00,,26.8 V,26.7 V,27.2 V,26.5 V,27.1 V,26.7 V,25.7 V,,1840 rpm,1797 rpm,1780 rpm,1713 rpm,1807 rpm,1815 rpm,800 rpm
2026-09-09 00:24:00,,26.7 V,26.7 V,27.2 V,,26.8 V,26.7 V,26.4 V,,1879 rpm,1821 rpm,1753 rpm,,1841 rpm,1826 rpm,800 rpm
2026-09-09 00:26:00,,26.0 V,26.7 V,27.1 V,26.5 V,27.1 V,26.7 V,26.4 V,,1160 rpm,1727 rpm,1816 rpm,1832 rpm,1797 rpm,1831 rpm,800 rpm
2026-09-09 00:28:00,,26.6 V,26.7 V,27.1 V,,27.1 V,26.0 V,26.0 V,,800 rpm,1773 rpm,1763 rpm,,1719 rpm,1311 rpm,1494 rpm
2026-09-09 00:30:00,,25.8 V,26.7 V,27.1 V,26.5 V,27.1 V,26.0 V,26.2 V,,800 rpm,1813 rpm,1841 rpm,1900 rpm,1872 rpm,892 rpm,1845 rpm
2026-09-09 00:32:00,,26.0 V,26.8 V,26.9 V,25.6 V,27.1 V,26.5 V,26.3 V,,800 rpm,1796 rpm,1792 rpm,1863 rpm,1820 rpm,646 rpm,1798 rpm
2026-09-09 00:34:00,,26.5 V,26.5 V,27.1 V,,27.1 V,26.9 V,26.2 V,,800 rpm,917 rpm,1811 rpm,,1839 rpm,800 rpm,1819 rpm
2026-09-09 00:36:00,,26.7 V,26.0 V,27.1 V,26.6 V,27.1 V,,26.3 V,,1852 rpm,800 rpm,1829 rpm,1839 rpm,1794 rpm,,1819 rpm
2026-09-09 00:38:00,,26.6 V,26.1 V,27.1 V,26.6 V,27.1 V,,26.3 V,,1847 rpm,800 rpm,1821 rpm,1795 rpm,1825 rpm,,1828 rpm
2026-09-09 00:40:00,,26.8 V,26.3 V,27.0 V,26.5 V,27.1 V,,26.3 V,,1838 rpm,800 rpm,1761 rpm,1803 rpm,1848 rpm,,1828 rpm
2026-09-09 00:42:00,,26.8 V,26.7 V,27.1 V,26.5 V,27.1 V,,26.2 V,,1836 rpm,1226 rpm,1827 rpm,1800 rpm,1845 rpm,,1815 rpm
2026-09-09 00:44:00,,26.8 V,26.7 V,27.1 V,26.6 V,26.8 V,,26.1 V,,1838 rpm,1840 rpm,1827 rpm,1099 rpm,1835 rpm,,1809 rpm
2026-09-09 00:46:00,,26.8 V,26.8 V,27.1 V,26.5 V,27.0 V,,26.2 V,,1836 rpm,1846 rpm,1822 rpm,800 rpm,1811 rpm,,1823 rpm
2026-09-09 00:48:00,,26.8 V,26.8 V,27.1 V,26.6 V,27.1 V,,26.1 V,,1834 rpm,1820 rpm,1835 rpm,800 rpm,1537 rpm,,1824 rpm
2026-09-09 00:50:00,,26.8 V,26.8 V,27.1 V,26.6 V,27.1 V,,26.2 V,,1842 rpm,1685 rpm,1807 rpm,800 rpm,958 rpm,,1822 rpm
2026-09-09 00:52:00,,26.7 V,26.9 V,27.1 V,26.6 V,27.1 V,,26.2 V,,1891 rpm,1844 rpm,1400 rpm,1055 rpm,1827 rpm,,1817 rpm
2026-09-09 00:54:00,,26.8 V,26.9 V,27.1 V,26.6 V,27.1 V,,26.1 V,,1829 rpm,1578 rpm,1684 rpm,1782 rpm,1800 rpm,,1819 rpm
2026-09-09 00:56:00,,26.7 V,26.9 V,27.1 V,26.5 V,27.1 V,,26.2 V,,1857 rpm,1400 rpm,1812 rpm,1801 rpm,1820 rpm,,1799 rpm
2026-09-09 00:58:00,,26.8 V,26.9 V,27.1 V,26.4 V,27.1 V,,26.2 V,,1851 rpm,1841 rpm,1825 rpm,1815 rpm,1899 rpm,,1811 rpm
2026-09-09 01:00:00,,26.8 V,26.4 V,27.1 V,26.5 V,27.1 V,,26.2 V,,1851 rpm,1837 rpm,1832 rpm,1773 rpm,999 rpm,,1799 rpm
2026-09-09 01:02:00,,26.8 V,26.9 V,27.1 V,26.5 V,27.1 V,,26.1 V,,1853 rpm,1824 rpm,1401 rpm,1796 rpm,800 rpm,,1760 rpm
2026-09-09 01:04:00,,26.8 V,26.9 V,27.0 V,,27.1 V,,26.2 V,,1851 rpm,1814 rpm,1707 rpm,,885 rpm,,1820 rpm
2026-09-09 01:06:00,,26.8 V,26.9 V,27.1 V,26.5 V,26.9 V,,26.2 V,,1858 rpm,1822 rpm,1810 rpm,1803 rpm,1846 rpm,,1740 rpm
2026-09-09 01:08:00,,26.8 V,26.9 V,27.1 V,26.4 V,27.1 V,,26.1 V,,1847 rpm,1826 rpm,1839 rpm,1827 rpm,1800 rpm,,1830 rpm
2026-09-09 01:10:00,,26.9 V,26.9 V,27.1 V,26.6 V,27.1 V,,26.1 V,,1840 rpm,1596 rpm,1507 rpm,1786 rpm,1535 rpm,,1790 rpm
2026-09-09 01:12:00,,26.8 V,26.9 V,27.1 V,26.6 V,26.5 V,,26.0 V,,1840 rpm,1716 rpm,1543 rpm,1823 rpm,800 rpm,,1725 rpm
2026-09-09 01:14:00,,26.8 V,26.9 V,27.0 V,26.5 V,26.6 V,,26.4 V,,1861 rpm,1840 rpm,1809 rpm,1831 rpm,1025 rpm,,800 rpm
2026-09-09 01:16:00,,26.8 V,26.9 V,27.1 V,26.5 V,27.1 V,,26.4 V,,1862 rpm,1825 rpm,1816 rpm,1773 rpm,1808 rpm,,800 rpm
2026-09-09 01:18:00,,26.8 V,26.9 V,27.1 V,26.5 V,27.1 V,,26.2 V,,1857 rpm,1828 rpm,1802 rpm,1813 rpm,1802 rpm,,1675 rpm
2026-09-09 01:20:00,,26.8 V,26.9 V,27.0 V,26.4 V,27.0 V,,26.2 V,,1862 rpm,1811 rpm,1803 rpm,1810 rpm,1811 rpm,,1798 rpm
2026-09-09 01:22:00,,26.8 V,26.7 V,27.1 V,26.5 V,27.0 V,,26.2 V,,1857 rpm,1831 rpm,1815 rpm,1794 rpm,1827 rpm,,1809 rpm
2026-09-09 01:24:00,,26.8 V,26.9 V,26.9 V,26.5 V,27.1 V,,26.1 V,,1847 rpm,1829 rpm,1696 rpm,1809 rpm,1789 rpm,,1830 rpm
2026-09-09 01:26:00,,26.8 V,26.9 V,26.9 V,26.6 V,27.0 V,,26.2 V,,1852 rpm,1839 rpm,1400 rpm,1782 rpm,1843 rpm,,1795 rpm
2026-09-09 01:28:00,,26.8 V,26.8 V,26.9 V,26.5 V,27.0 V,,26.1 V,,1861 rpm,1843 rpm,1400 rpm,1792 rpm,1779 rpm,,1805 rpm
2026-09-09 01:30:00,,26.8 V,26.9 V,26.9 V,26.4 V,27.1 V,,26.2 V,,1856 rpm,1818 rpm,1400 rpm,1840 rpm,1821 rpm,,1810 rpm
2026-09-09 01:32:00,,26.8 V,26.9 V,26.8 V,26.6 V,27.0 V,,26.1 V,,1854 rpm,1857 rpm,1602 rpm,1794 rpm,1831 rpm,,1806 rpm
2026-09-09 01:34:00,,26.8 V,26.9 V,26.9 V,26.5 V,27.1 V,,26.1 V,,1850 rpm,1767 rpm,1801 rpm,1800 rpm,1793 rpm,,1795 rpm
2026-09-09 01:36:00,,26.9 V,26.9 V,26.9 V,26.4 V,27.0 V,,26.1 V,,1894 rpm,1737 rpm,1819 rpm,1824 rpm,1847 rpm,,1795 rpm
2026-09-09 01:38:00,,26.9 V,26.9 V,27.1 V,26.6 V,27.1 V,,26.1 V,,1887 rpm,1759 rpm,1100 rpm,1787 rpm,1784 rpm,,1806 rpm
2026-09-09 01:40:00,,26.9 V,26.7 V,27.1 V,26.6 V,27.1 V,,26.1 V,,1857 rpm,1760 rpm,800 rpm,1810 rpm,1849 rpm,,1845 rpm
2026-09-09 01:42:00,,26.9 V,26.7 V,27.1 V,26.4 V,27.1 V,,25.6 V,,1861 rpm,1775 rpm,800 rpm,1841 rpm,1900 rpm,,939 rpm
2026-09-09 01:44:00,,26.9 V,26.8 V,27.1 V,26.6 V,27.1 V,,25.8 V,,1881 rpm,1796 rpm,800 rpm,1806 rpm,1900 rpm,,191 rpm
2026-09-09 01:46:00,,27.0 V,26.9 V,27.1 V,,27.1 V,26.9 V,24.7 V,,1895 rpm,1785 rpm,800 rpm,,1902 rpm,800 rpm,0 rpm
2026-09-09 01:48:00,25.0 V,26.9 V,26.9 V,27.1 V,26.6 V,27.1 V,26.9 V,,0 rpm,1856 rpm,1798 rpm,800 rpm,1713 rpm,1899 rpm,800 rpm,
2026-09-09 01:50:00,27.1 V,26.9 V,26.8 V,27.1 V,26.5 V,27.1 V,26.9 V,,1883 rpm,1861 rpm,1776 rpm,800 rpm,1822 rpm,1900 rpm,818 rpm,
2026-09-09 01:52:00,27.1 V,26.9 V,24.9 V,27.1 V,,27.2 V,26.8 V,,1778 rpm,1867 rpm,893 rpm,800 rpm,,1900 rpm,1867 rpm,
2026-09-09 01:54:00,27.1 V,26.9 V,25.7 V,27.1 V,26.6 V,27.1 V,26.8 V,,1856 rpm,1862 rpm,800 rpm,800 rpm,1845 rpm,1863 rpm,1866 rpm,
2026-09-09 01:56:00,27.1 V,26.9 V,26.7 V,27.1 V,26.5 V,27.1 V,26.8 V,,1900 rpm,1837 rpm,1503 rpm,800 rpm,1727 rpm,1766 rpm,1844 rpm,
2026-09-09 01:58:00,26.9 V,26.9 V,26.6 V,27.1 V,,27.1 V,26.8 V,,1877 rpm,1858 rpm,1777 rpm,800 rpm,,1789 rpm,1837 rpm,
2026-09-09 02:00:00,26.9 V,26.9 V,26.8 V,27.1 V,26.1 V,27.1 V,26.8 V,,1752 rpm,1843 rpm,1770 rpm,797 rpm,800 rpm,1781 rpm,1825 rpm,
2026-09-09 02:02:00,26.1 V,26.9 V,26.8 V,27.1 V,,27.2 V,26.8 V,24.7 V,800 rpm,1852 rpm,1790 rpm,1629 rpm,,1806 rpm,1846 rpm,0 rpm
2026-09-09 02:04:00,27.0 V,26.8 V,26.8 V,27.0 V,,27.1 V,26.8 V,24.8 V,800 rpm,1851 rpm,1787 rpm,1025 rpm,,1859 rpm,1818 rpm,312 rpm
2026-09-09 02:06:00,27.0 V,26.9 V,26.6 V,27.1 V,,27.1 V,26.8 V,26.0 V,800 rpm,1853 rpm,1822 rpm,801 rpm,,1728 rpm,1865 rpm,1747 rpm
2026-09-09 02:08:00,26.9 V,26.9 V,26.8 V,,26.6 V,27.2 V,26.8 V,25.8 V,800 rpm,1849 rpm,1765 rpm,,1723 rpm,1748 rpm,1814 rpm,1901 rpm
2026-09-09 02:10:00,27.0 V,26.9 V,26.9 V,,26.6 V,27.1 V,26.8 V,,800 rpm,1827 rpm,1690 rpm,,1822 rpm,1801 rpm,1838 rpm,
2026-09-09 02:12:00,26.9 V,26.9 V,26.8 V,,,27.1 V,26.7 V,,800 rpm,1853 rpm,1798 rpm,,,1784 rpm,1825 rpm,
2026-09-09 02:14:00,26.9 V,26.9 V,26.8 V,,25.8 V,27.1 V,26.8 V,26.3 V,800 rpm,1847 rpm,1802 rpm,,1724 rpm,1825 rpm,1825 rpm,800 rpm
2026-09-09 02:16:00,26.9 V,26.9 V,26.8 V,,26.6 V,27.1 V,26.8 V,25.6 V,800 rpm,1836 rpm,1791 rpm,,1828 rpm,1874 rpm,1820 rpm,800 rpm
2026-09-09 02:18:00,26.9 V,26.1 V,26.3 V,,,27.1 V,26.8 V,26.1 V,800 rpm,800 rpm,1809 rpm,,,1766 rpm,1822 rpm,1852 rpm
2026-09-09 02:20:00,26.9 V,26.8 V,26.8 V,,26.6 V,27.1 V,26.8 V,26.1 V,800 rpm,800 rpm,1766 rpm,,1777 rpm,1789 rpm,1825 rpm,1800 rpm
2026-09-09 02:22:00,27.0 V,26.3 V,26.8 V,,26.6 V,27.1 V,26.8 V,,800 rpm,800 rpm,1755 rpm,,1704 rpm,1900 rpm,1835 rpm,
2026-09-09 02:24:00,27.0 V,26.9 V,26.8 V,,,27.1 V,26.7 V,26.1 V,800 rpm,1861 rpm,1764 rpm,,,1832 rpm,1877 rpm,1825 rpm
2026-09-09 02:26:00,27.0 V,26.9 V,26.7 V,,26.6 V,27.1 V,26.8 V,26.1 V,800 rpm,1838 rpm,1893 rpm,,1756 rpm,1805 rpm,1821 rpm,1860 rpm
2026-09-09 02:28:00,27.0 V,26.9 V,26.8 V,,26.5 V,27.1 V,26.7 V,26.2 V,800 rpm,1852 rpm,1701 rpm,,1752 rpm,1807 rpm,1824 rpm,1699 rpm
2026-09-09 02:30:00,27.0 V,26.6 V,26.8 V,,,27.1 V,26.7 V,26.4 V,800 rpm,1834 rpm,1806 rpm,,,1871 rpm,1824 rpm,800 rpm
2026-09-09 02:32:00,27.0 V,26.9 V,26.5 V,,26.6 V,27.1 V,26.7 V,26.3 V,800 rpm,1821 rpm,1781 rpm,,1857 rpm,1900 rpm,1828 rpm,800 rpm
2026-09-09 02:34:00,25.1 V,26.9 V,26.8 V,,26.5 V,27.1 V,26.7 V,26.4 V,522 rpm,1860 rpm,1839 rpm,,1874 rpm,1525 rpm,1819 rpm,800 rpm
2026-09-09 02:36:00,26.8 V,26.9 V,26.8 V,,,27.1 V,26.7 V,26.3 V,1306 rpm,1809 rpm,1801 rpm,,,1400 rpm,1824 rpm,1223 rpm
2026-09-09 02:38:00,27.1 V,26.9 V,26.1 V,,26.6 V,27.1 V,26.7 V,26.2 V,962 rpm,1849 rpm,1841 rpm,,1807 rpm,1400 rpm,1841 rpm,1792 rpm
2026-09-09 02:40:00,,26.5 V,26.9 V,,26.5 V,27.2 V,26.7 V,26.3 V,,1836 rpm,1885 rpm,,1899 rpm,1400 rpm,1826 rpm,1796 rpm
2026-09-09 02:42:00,,26.9 V,26.8 V,,,27.2 V,26.7 V,26.2 V,,1813 rpm,1777 rpm,,,1400 rpm,1838 rpm,1445 rpm
2026-09-09 02:44:00,,26.9 V,26.8 V,,26.6 V,,26.7 V,26.2 V,,1696 rpm,1788 rpm,,1697 rpm,,1826 rpm,1214 rpm
2026-09-09 02:46:00,,26.9 V,25.9 V,,26.5 V,,26.7 V,26.0 V,,1400 rpm,1830 rpm,,1849 rpm,,1820 rpm,1851 rpm
2026-09-09 02:48:00,,26.9 V,26.9 V,,26.6 V,27.2 V,26.7 V,26.3 V,,1400 rpm,1617 rpm,,1759 rpm,1887 rpm,1819 rpm,1826 rpm
2026-09-09 02:50:00,,26.9 V,26.9 V,,,27.2 V,26.7 V,26.0 V,,1400 rpm,1794 rpm,,,1770 rpm,1835 rpm,1837 rpm
2026-09-09 02:52:00,,26.6 V,26.8 V,,26.6 V,27.1 V,26.7 V,26.1 V,,1666 rpm,1663 rpm,,1831 rpm,1800 rpm,1827 rpm,1806 rpm
2026-09-09 02:54:00,,26.9 V,26.8 V,,26.5 V,27.2 V,26.7 V,26.0 V,,1787 rpm,1525 rpm,,1773 rpm,1803 rpm,1816 rpm,1820 rpm
2026-09-09 02:56:00,,26.9 V,26.9 V,,,27.1 V,26.7 V,25.7 V,,1750 rpm,1759 rpm,,,1792 rpm,1825 rpm,800 rpm
2026-09-09 02:58:00,,26.9 V,26.8 V,,26.6 V,27.1 V,26.7 V,26.3 V,,1605 rpm,1841 rpm,,1762 rpm,1768 rpm,1830 rpm,800 rpm
2026-09-09 03:00:00,,26.9 V,26.4 V,,26.6 V,27.1 V,26.7 V,25.8 V,,1778 rpm,1828 rpm,,1708 rpm,1863 rpm,1828 rpm,800 rpm
2026-09-09 03:02:00,,26.9 V,26.9 V,,,27.1 V,26.7 V,26.1 V,,800 rpm,1764 rpm,,,1813 rpm,1845 rpm,1829 rpm
2026-09-09 03:04:00,,26.9 V,26.8 V,,26.5 V,27.1 V,26.7 V,26.0 V,,800 rpm,1769 rpm,,801 rpm,1813 rpm,1819 rpm,1197 rpm
2026-09-09 03:06:00,,26.9 V,26.8 V,,26.6 V,27.1 V,26.7 V,26.2 V,,800 rpm,1804 rpm,,1872 rpm,1809 rpm,1815 rpm,1832 rpm
2026-09-09 03:08:00,,26.9 V,26.5 V,,,27.1 V,26.7 V,26.2 V,,800 rpm,1806 rpm,,,1775 rpm,1822 rpm,1809 rpm
2026-09-09 03:10:00,,26.9 V,26.8 V,,26.6 V,,26.7 V,26.2 V,,800 rpm,1822 rpm,,1730 rpm,,1834 rpm,1828 rpm
2026-09-09 03:12:00,,26.9 V,,,26.5 V,26.3 V,26.7 V,26.2 V,,850 rpm,,,1839 rpm,1795 rpm,1834 rpm,1865 rpm
2026-09-09 03:14:00,,26.9 V,26.9 V,,,27.1 V,26.7 V,26.2 V,,1805 rpm,1827 rpm,,,1793 rpm,1830 rpm,1796 rpm
2026-09-09 03:16:00,,26.9 V,26.8 V,,26.6 V,27.1 V,26.7 V,26.3 V,,1796 rpm,1812 rpm,,1827 rpm,1799 rpm,1816 rpm,1814 rpm
2026-09-09 03:18:00,,26.9 V,26.8 V,,26.5 V,27.1 V,26.7 V,26.4 V,,1853 rpm,1823 rpm,,1866 rpm,1535 rpm,1838 rpm,1820 rpm
2026-09-09 03:20:00,,26.9 V,26.8 V,,,27.1 V,26.7 V,26.2 V,,1819 rpm,1824 rpm,,,1400 rpm,1833 rpm,1809 rpm
2026-09-09 03:22:00,,26.4 V,26.5 V,,26.7 V,27.1 V,26.7 V,26.2 V,,1103 rpm,1797 rpm,,1713 rpm,1518 rpm,1826 rpm,1810 rpm
2026-09-09 03:24:00,,26.2 V,26.8 V,,26.5 V,27.1 V,26.7 V,26.2 V,,800 rpm,1763 rpm,,1872 rpm,1430 rpm,1836 rpm,1880 rpm
2026-09-09 03:26:00,,26.8 V,26.3 V,,26.7 V,27.1 V,26.7 V,26.3 V,,1257 rpm,1829 rpm,,1833 rpm,1400 rpm,1829 rpm,1880 rpm
2026-09-09 03:28:00,,26.7 V,26.6 V,,,27.1 V,26.7 V,26.3 V,,1825 rpm,1771 rpm,,,1400 rpm,1825 rpm,1805 rpm
2026-09-09 03:30:00,,26.9 V,26.8 V,,26.7 V,27.0 V,26.7 V,26.1 V,,1835 rpm,1771 rpm,,1847 rpm,1598 rpm,1816 rpm,1801 rpm
2026-09-09 03:32:00,,26.8 V,26.8 V,,26.7 V,27.1 V,26.7 V,26.0 V,,1881 rpm,1770 rpm,,1814 rpm,1775 rpm,1823 rpm,1835 rpm
2026-09-09 03:34:00,,26.5 V,26.8 V,,,27.1 V,26.7 V,26.3 V,,1844 rpm,1731 rpm,,,1812 rpm,1820 rpm,1849 rpm
2026-09-09 03:36:00,,26.8 V,26.6 V,27.1 V,26.8 V,27.0 V,26.7 V,26.2 V,,1842 rpm,1766 rpm,800 rpm,1738 rpm,1809 rpm,1822 rpm,1841 rpm
2026-09-09 03:38:00,,26.9 V,26.8 V,27.0 V,26.7 V,27.1 V,26.7 V,26.2 V,,1842 rpm,1780 rpm,800 rpm,1903 rpm,1794 rpm,1825 rpm,1800 rpm
2026-09-09 03:40:00,,26.9 V,26.7 V,27.0 V,,27.1 V,26.7 V,26.2 V,,1793 rpm,1789 rpm,800 rpm,,1621 rpm,1829 rpm,1834 rpm
2026-09-09 03:42:00,,26.9 V,26.8 V,27.0 V,26.7 V,27.1 V,26.7 V,26.3 V,,1400 rpm,1810 rpm,800 rpm,1900 rpm,1485 rpm,1827 rpm,1812 rpm
2026-09-09 03:44:00,,26.9 V,26.6 V,27.0 V,26.8 V,27.0 V,26.7 V,26.3 V,,1400 rpm,1759 rpm,800 rpm,1834 rpm,1793 rpm,1832 rpm,1812 rpm
2026-09-09 03:46:00,,26.9 V,26.8 V,27.0 V,,27.1 V,26.7 V,26.0 V,,1400 rpm,1783 rpm,800 rpm,,1570 rpm,1825 rpm,1833 rpm
2026-09-09 03:48:00,,,26.8 V,27.0 V,26.7 V,27.0 V,26.7 V,26.2 V,,,1804 rpm,800 rpm,1830 rpm,1716 rpm,1820 rpm,1800 rpm
2026-09-09 03:50:00,,,26.8 V,27.1 V,26.7 V,27.1 V,26.7 V,26.3 V,,,1778 rpm,800 rpm,1825 rpm,1785 rpm,1826 rpm,1823 rpm
2026-09-09 03:52:00,,27.0 V,26.4 V,27.1 V,26.7 V,27.1 V,26.7 V,26.3 V,,1512 rpm,1797 rpm,800 rpm,1796 rpm,1808 rpm,1823 rpm,1863 rpm
2026-09-09 03:54:00,,27.0 V,26.8 V,27.1 V,26.7 V,27.1 V,26.7 V,26.2 V,,1700 rpm,1781 rpm,800 rpm,1819 rpm,1805 rpm,1831 rpm,1809 rpm
2026-09-09 03:56:00,,26.8 V,26.8 V,27.2 V,26.7 V,27.1 V,26.7 V,26.2 V,,1740 rpm,1793 rpm,800 rpm,1791 rpm,1811 rpm,1826 rpm,1816 rpm
2026-09-09 03:58:00,,27.0 V,26.8 V,27.1 V,26.7 V,26.9 V,26.7 V,26.2 V,,1821 rpm,1803 rpm,800 rpm,1794 rpm,1718 rpm,1832 rpm,1842 rpm
2026-09-09 04:00:00,,27.0 V,26.8 V,27.2 V,26.7 V,27.1 V,26.7 V,26.2 V,,1821 rpm,1811 rpm,800 rpm,1807 rpm,1796 rpm,1820 rpm,1849 rpm
2026-09-09 04:02:00,,26.9 V,26.8 V,27.2 V,26.6 V,27.1 V,26.7 V,26.2 V,,1841 rpm,1829 rpm,800 rpm,1814 rpm,1797 rpm,1827 rpm,1830 rpm
2026-09-09 04:04:00,,26.9 V,26.5 V,27.2 V,26.7 V,27.1 V,26.7 V,26.2 V,,1822 rpm,1790 rpm,800 rpm,1778 rpm,1736 rpm,1831 rpm,1819 rpm
2026-09-09 04:06:00,,26.8 V,26.6 V,27.2 V,26.7 V,27.1 V,26.7 V,26.2 V,,1842 rpm,1805 rpm,800 rpm,1810 rpm,1787 rpm,1836 rpm,1836 rpm
2026-09-09 04:08:00,,26.9 V,26.8 V,27.2 V,26.7 V,26.9 V,26.7 V,26.2 V,,1825 rpm,1793 rpm,800 rpm,1822 rpm,1490 rpm,1829 rpm,1811 rpm
2026-09-09 04:10:00,,26.9 V,26.7 V,27.2 V,,27.1 V,26.7 V,26.5 V,,1827 rpm,1800 rpm,800 rpm,,1400 rpm,1840 rpm,882 rpm
2026-09-09 04:12:00,,26.7 V,26.6 V,27.2 V,26.7 V,27.1 V,26.7 V,26.1 V,,1825 rpm,1805 rpm,800 rpm,1826 rpm,1437 rpm,1837 rpm,1741 rpm
2026-09-09 04:14:00,,26.9 V,26.8 V,27.2 V,26.7 V,27.1 V,26.5 V,26.2 V,,1841 rpm,1783 rpm,800 rpm,1798 rpm,1805 rpm,1847 rpm,1819 rpm
2026-09-09 04:16:00,,26.9 V,26.7 V,27.2 V,26.7 V,27.1 V,26.7 V,26.2 V,,1836 rpm,1789 rpm,800 rpm,1831 rpm,1737 rpm,1815 rpm,1823 rpm
2026-09-09 04:18:00,,26.9 V,26.8 V,27.2 V,26.7 V,27.1 V,26.7 V,26.2 V,,1828 rpm,1779 rpm,800 rpm,1794 rpm,1808 rpm,1850 rpm,1856 rpm
2026-09-09 04:20:00,,26.9 V,26.6 V,27.2 V,26.7 V,27.1 V,26.5 V,26.3 V,,1850 rpm,1824 rpm,800 rpm,1806 rpm,1823 rpm,1844 rpm,1819 rpm
2026-09-09 04:22:00,,26.9 V,26.8 V,27.2 V,26.7 V,27.1 V,26.7 V,26.2 V,,1859 rpm,1791 rpm,800 rpm,1810 rpm,1725 rpm,1816 rpm,1825 rpm
2026-09-09 04:24:00,,26.9 V,26.8 V,27.2 V,26.7 V,27.1 V,26.5 V,26.3 V,,1843 rpm,1779 rpm,800 rpm,1791 rpm,1476 rpm,1856 rpm,1819 rpm
2026-09-09 04:26:00,,26.9 V,26.8 V,27.2 V,26.7 V,27.0 V,26.5 V,26.3 V,,1831 rpm,1785 rpm,800 rpm,1808 rpm,1784 rpm,1836 rpm,1871 rpm
2026-09-09 04:28:00,,26.9 V,26.8 V,27.2 V,26.7 V,27.1 V,26.7 V,26.3 V,,1827 rpm,1819 rpm,800 rpm,1854 rpm,1793 rpm,1820 rpm,1869 rpm
2026-09-09 04:30:00,,26.9 V,26.8 V,27.2 V,26.6 V,27.1 V,26.7 V,26.3 V,,1839 rpm,1802 rpm,800 rpm,1820 rpm,1770 rpm,1836 rpm,1865 rpm
2026-09-09 04:32:00,,26.9 V,26.8 V,27.2 V,26.7 V,27.1 V,26.7 V,26.4 V,,1852 rpm,1784 rpm,800 rpm,1775 rpm,1793 rpm,1841 rpm,1855 rpm
2026-09-09 04:34:00,,26.9 V,26.8 V,27.2 V,26.7 V,27.1 V,26.7 V,26.4 V,,1884 rpm,1773 rpm,800 rpm,1816 rpm,1800 rpm,1824 rpm,1881 rpm
2026-09-09 04:36:00,,26.8 V,26.9 V,27.2 V,26.7 V,26.8 V,26.7 V,26.4 V,,1650 rpm,1791 rpm,800 rpm,1700 rpm,1642 rpm,1841 rpm,1827 rpm
2026-09-09 04:38:00,,26.9 V,26.6 V,27.2 V,26.7 V,27.1 V,26.3 V,26.5 V,,1400 rpm,1817 rpm,800 rpm,800 rpm,1793 rpm,1832 rpm,1790 rpm
2026-09-09 04:40:00,,26.9 V,26.9 V,27.1 V,26.7 V,26.9 V,26.7 V,26.7 V,,1400 rpm,1803 rpm,800 rpm,800 rpm,1798 rpm,1825 rpm,846 rpm
2026-09-09 04:42:00,,26.9 V,26.7 V,27.1 V,26.7 V,27.1 V,26.7 V,26.7 V,,1400 rpm,1778 rpm,800 rpm,1773 rpm,1761 rpm,1837 rpm,800 rpm
2026-09-09 04:44:00,,26.9 V,26.8 V,27.1 V,26.7 V,27.1 V,26.7 V,26.3 V,,1364 rpm,1770 rpm,800 rpm,1810 rpm,1793 rpm,1828 rpm,1591 rpm
2026-09-09 04:46:00,,26.9 V,26.6 V,27.1 V,,27.1 V,26.7 V,26.5 V,,1760 rpm,1805 rpm,800 rpm,,1792 rpm,1826 rpm,1777 rpm
2026-09-09 04:48:00,,26.8 V,26.8 V,27.1 V,26.7 V,27.1 V,26.6 V,26.5 V,,1820 rpm,1727 rpm,800 rpm,1889 rpm,1791 rpm,1845 rpm,1863 rpm
2026-09-09 04:50:00,,26.9 V,27.2 V,27.1 V,26.7 V,27.1 V,26.6 V,26.5 V,,1810 rpm,800 rpm,800 rpm,1791 rpm,1794 rpm,1814 rpm,1784 rpm
2026-09-09 04:52:00,,26.7 V,27.2 V,27.1 V,26.7 V,27.0 V,26.7 V,26.5 V,,1839 rpm,800 rpm,800 rpm,1799 rpm,1632 rpm,1832 rpm,1813 rpm
2026-09-09 04:54:00,,26.9 V,27.2 V,27.1 V,26.7 V,27.1 V,26.7 V,26.4 V,,1816 rpm,800 rpm,800 rpm,1813 rpm,1801 rpm,1831 rpm,1780 rpm
2026-09-09 04:56:00,,26.9 V,27.2 V,27.1 V,26.7 V,27.1 V,26.7 V,26.5 V,,1831 rpm,800 rpm,800 rpm,1788 rpm,1813 rpm,1817 rpm,1528 rpm
2026-09-09 04:58:00,,26.9 V,27.0 V,27.1 V,26.7 V,27.1 V,26.7 V,26.7 V,,1844 rpm,1085 rpm,800 rpm,1807 rpm,1647 rpm,1830 rpm,800 rpm
2026-09-09 05:00:00,,26.9 V,26.6 V,27.1 V,26.7 V,27.1 V,26.7 V,26.4 V,,1811 rpm,1759 rpm,800 rpm,1810 rpm,1800 rpm,1186 rpm,1431 rpm
2026-09-09 05:02:00,,26.7 V,26.9 V,27.1 V,26.7 V,26.9 V,26.7 V,26.5 V,,1828 rpm,1763 rpm,800 rpm,849 rpm,1713 rpm,800 rpm,1800 rpm
2026-09-09 05:04:00,,26.9 V,26.7 V,27.1 V,26.7 V,27.1 V,26.5 V,26.5 V,,1829 rpm,1802 rpm,800 rpm,800 rpm,1642 rpm,1674 rpm,1496 rpm
2026-09-09 05:06:00,,26.9 V,26.7 V,27.2 V,26.7 V,27.1 V,26.7 V,26.7 V,,1810 rpm,1779 rpm,800 rpm,975 rpm,1784 rpm,1814 rpm,800 rpm
2026-09-09 05:08:00,,26.7 V,26.9 V,27.2 V,26.6 V,26.9 V,26.7 V,26.6 V,,1833 rpm,1759 rpm,800 rpm,1770 rpm,1775 rpm,1845 rpm,1599 rpm
2026-09-09 05:10:00,,26.9 V,26.7 V,27.1 V,26.7 V,27.1 V,26.7 V,26.5 V,,1822 rpm,1769 rpm,800 rpm,1802 rpm,1804 rpm,1819 rpm,1839 rpm
2026-09-09 05:12:00,,26.8 V,26.7 V,27.1 V,26.7 V,27.1 V,26.7 V,26.5 V,,1828 rpm,1725 rpm,800 rpm,1797 rpm,1821 rpm,1837 rpm,1811 rpm
2026-09-09 05:14:00,,26.8 V,26.9 V,27.2 V,26.7 V,27.1 V,26.7 V,26.1 V,,1849 rpm,1764 rpm,800 rpm,1781 rpm,1824 rpm,1854 rpm,1852 rpm
2026-09-09 05:16:00,,26.8 V,26.7 V,27.2 V,26.7 V,27.1 V,26.6 V,26.5 V,,1426 rpm,1776 rpm,800 rpm,1823 rpm,1832 rpm,1821 rpm,1809 rpm
2026-09-09 05:18:00,,26.8 V,26.8 V,27.2 V,26.7 V,26.9 V,26.7 V,26.6 V,,800 rpm,1762 rpm,800 rpm,1802 rpm,1850 rpm,1821 rpm,1290 rpm
2026-09-09 05:20:00,,26.8 V,26.7 V,27.1 V,26.7 V,27.1 V,26.7 V,26.6 V,,800 rpm,1784 rpm,800 rpm,1789 rpm,1804 rpm,1837 rpm,1025 rpm
2026-09-09 05:22:00,,26.8 V,26.8 V,27.1 V,26.7 V,27.1 V,26.7 V,26.4 V,,1219 rpm,1765 rpm,800 rpm,1811 rpm,1826 rpm,1834 rpm,1458 rpm
2026-09-09 05:24:00,,26.9 V,26.4 V,27.2 V,26.7 V,27.1 V,26.7 V,26.5 V,,1817 rpm,1795 rpm,799 rpm,1835 rpm,1516 rpm,1810 rpm,1794 rpm
2026-09-09 05:26:00,,26.9 V,26.8 V,27.1 V,26.7 V,26.9 V,26.7 V,,,1401 rpm,1802 rpm,1211 rpm,1746 rpm,800 rpm,1838 rpm,
2026-09-09 05:28:00,,27.0 V,26.9 V,27.2 V,,27.1 V,26.7 V,,,1399 rpm,1766 rpm,1348 rpm,,800 rpm,1822 rpm,
2026-09-09 05:30:00,,26.9 V,26.8 V,26.7 V,26.7 V,27.1 V,26.7 V,26.4 V,,1400 rpm,1709 rpm,800 rpm,1710 rpm,800 rpm,1789 rpm,1708 rpm
2026-09-09 05:32:00,,26.9 V,26.8 V,27.1 V,26.7 V,27.1 V,26.7 V,26.5 V,,1400 rpm,1788 rpm,800 rpm,1869 rpm,800 rpm,1873 rpm,1765 rpm
2026-09-09 05:34:00,,27.0 V,26.8 V,27.2 V,,27.1 V,26.7 V,25.9 V,,1400 rpm,1742 rpm,800 rpm,,800 rpm,1820 rpm,1848 rpm
2026-09-09 05:36:00,,26.9 V,26.8 V,27.1 V,26.7 V,27.1 V,26.7 V,26.5 V,,1400 rpm,1727 rpm,799 rpm,800 rpm,800 rpm,1818 rpm,1803 rpm
2026-09-09 05:38:00,,27.0 V,26.8 V,27.2 V,26.7 V,27.1 V,26.7 V,26.6 V,,1400 rpm,1801 rpm,800 rpm,799 rpm,800 rpm,1844 rpm,1759 rpm
2026-09-09 05:40:00,,27.0 V,26.5 V,27.2 V,26.5 V,27.1 V,26.7 V,25.8 V,,1633 rpm,1759 rpm,800 rpm,801 rpm,800 rpm,1837 rpm,1832 rpm
2026-09-09 05:42:00,,27.0 V,26.8 V,27.1 V,,27.1 V,26.7 V,26.3 V,,1790 rpm,1740 rpm,800 rpm,,800 rpm,1828 rpm,1889 rpm
2026-09-09 05:44:00,,26.9 V,26.8 V,27.1 V,26.5 V,25.7 V,26.7 V,26.4 V,,1864 rpm,1789 rpm,800 rpm,1902 rpm,800 rpm,1849 rpm,1852 rpm
2026-09-09 05:46:00,,26.9 V,26.9 V,27.1 V,26.5 V,27.2 V,26.7 V,26.5 V,,1757 rpm,1752 rpm,1349 rpm,1902 rpm,800 rpm,1804 rpm,1856 rpm
2026-09-09 05:48:00,,26.9 V,26.8 V,27.1 V,,27.1 V,26.5 V,26.2 V,,1680 rpm,1771 rpm,1400 rpm,,800 rpm,1817 rpm,1790 rpm
2026-09-09 05:50:00,,26.9 V,26.8 V,27.1 V,,27.1 V,26.3 V,26.6 V,,1832 rpm,1847 rpm,1400 rpm,,800 rpm,800 rpm,1812 rpm
2026-09-09 05:52:00,,26.9 V,26.8 V,27.1 V,26.6 V,27.1 V,26.7 V,26.4 V,,1838 rpm,1537 rpm,1585 rpm,1871 rpm,800 rpm,800 rpm,1812 rpm
2026-09-09 05:54:00,,26.8 V,26.9 V,27.2 V,,27.1 V,26.0 V,26.7 V,,1848 rpm,1285 rpm,1853 rpm,,1793 rpm,800 rpm,813 rpm
2026-09-09 05:56:00,,26.9 V,26.3 V,27.1 V,26.5 V,27.1 V,26.7 V,26.0 V,,1839 rpm,800 rpm,1836 rpm,1833 rpm,1790 rpm,799 rpm,827 rpm
2026-09-09 05:58:00,,26.8 V,26.9 V,27.1 V,26.5 V,27.1 V,26.7 V,26.6 V,,1851 rpm,801 rpm,1629 rpm,1871 rpm,1798 rpm,799 rpm,826 rpm
2026-09-09 06:00:00,,26.8 V,25.7 V,27.1 V,26.5 V,27.1 V,26.7 V,26.7 V,,1846 rpm,800 rpm,1400 rpm,,1822 rpm,800 rpm,827 rpm
2026-09-09 06:02:00,,26.7 V,26.8 V,27.1 V,,27.2 V,26.7 V,25.4 V,,1824 rpm,1151 rpm,1536 rpm,1909 rpm,1776 rpm,1762 rpm,827 rpm
2026-09-09 06:04:00,,26.8 V,26.8 V,27.1 V,26.6 V,27.1 V,26.7 V,26.6 V,,1831 rpm,1805 rpm,1783 rpm,1805 rpm,1782 rpm,1831 rpm,826 rpm
2026-09-09 06:06:00,,26.8 V,26.6 V,27.1 V,26.5 V,27.1 V,26.8 V,26.6 V,,1832 rpm,1784 rpm,1800 rpm,1830 rpm,1731 rpm,1829 rpm,827 rpm
2026-09-09 06:08:00,,26.8 V,26.9 V,27.1 V,,27.0 V,26.8 V,26.4 V,,1832 rpm,1769 rpm,1823 rpm,,1878 rpm,1854 rpm,1340 rpm
2026-09-09 06:10:00,,26.8 V,26.9 V,27.1 V,26.5 V,27.0 V,26.8 V,26.4 V,,1527 rpm,1768 rpm,1843 rpm,1905 rpm,1900 rpm,1814 rpm,1730 rpm
2026-09-09 06:12:00,,26.8 V,26.9 V,27.1 V,26.4 V,27.1 V,26.8 V,26.4 V,,1400 rpm,1656 rpm,1832 rpm,1826 rpm,1900 rpm,1827 rpm,1792 rpm
2026-09-09 06:14:00,,26.8 V,25.2 V,27.0 V,26.5 V,27.1 V,26.8 V,26.2 V,,1400 rpm,1774 rpm,1811 rpm,1779 rpm,1899 rpm,1836 rpm,1825 rpm
2026-09-09 06:16:00,,26.8 V,26.9 V,27.1 V,26.5 V,27.1 V,26.8 V,26.4 V,,1400 rpm,1778 rpm,1373 rpm,1809 rpm,1893 rpm,1820 rpm,1831 rpm
2026-09-09 06:18:00,,26.8 V,26.3 V,27.1 V,25.3 V,27.1 V,26.7 V,26.4 V,,1739 rpm,1802 rpm,800 rpm,1699 rpm,1880 rpm,1839 rpm,1837 rpm
2026-09-09 06:20:00,,26.8 V,26.9 V,27.1 V,,27.1 V,26.3 V,26.4 V,,1815 rpm,1777 rpm,800 rpm,,1804 rpm,1812 rpm,1821 rpm
2026-09-09 06:22:00,,26.8 V,26.9 V,27.1 V,26.5 V,27.1 V,26.7 V,26.3 V,,1826 rpm,1771 rpm,800 rpm,1801 rpm,1780 rpm,1805 rpm,1823 rpm
2026-09-09 06:24:00,,26.7 V,26.9 V,27.1 V,26.5 V,26.9 V,26.7 V,26.3 V,,1840 rpm,1498 rpm,800 rpm,1751 rpm,1823 rpm,1840 rpm,1824 rpm
2026-09-09 06:26:00,,26.8 V,26.9 V,27.0 V,26.5 V,27.0 V,26.7 V,26.3 V,,1814 rpm,1435 rpm,1457 rpm,1799 rpm,1803 rpm,1852 rpm,1827 rpm
2026-09-09 06:28:00,,26.8 V,26.6 V,27.1 V,26.4 V,27.0 V,26.8 V,26.3 V,,1817 rpm,1786 rpm,1798 rpm,1804 rpm,1825 rpm,1893 rpm,1847 rpm
2026-09-09 06:30:00,,26.8 V,26.9 V,27.1 V,26.3 V,27.1 V,26.8 V,26.3 V,,1824 rpm,1757 rpm,1815 rpm,1818 rpm,1808 rpm,1818 rpm,1833 rpm
2026-09-09 06:32:00,,26.8 V,26.9 V,27.1 V,26.5 V,27.0 V,26.8 V,26.3 V,,1827 rpm,1764 rpm,1817 rpm,1780 rpm,1806 rpm,1819 rpm,1825 rpm
2026-09-09 06:34:00,,26.8 V,26.9 V,27.1 V,26.4 V,26.9 V,26.8 V,26.3 V,,1830 rpm,1835 rpm,1642 rpm,1864 rpm,1823 rpm,1841 rpm,1824 rpm
2026-09-09 06:36:00,,26.8 V,26.9 V,27.0 V,26.5 V,27.0 V,26.8 V,26.3 V,,1835 rpm,1540 rpm,1400 rpm,1899 rpm,1802 rpm,1814 rpm,1798 rpm
2026-09-09 06:38:00,,26.8 V,26.9 V,27.0 V,26.5 V,27.0 V,26.8 V,26.1 V,,1826 rpm,1698 rpm,1400 rpm,1849 rpm,1840 rpm,1826 rpm,1820 rpm
2026-09-09 06:40:00,,26.8 V,26.9 V,26.9 V,26.5 V,27.0 V,26.7 V,26.3 V,,1823 rpm,1828 rpm,1624 rpm,1805 rpm,1794 rpm,1839 rpm,1805 rpm
2026-09-09 06:42:00,,26.6 V,26.9 V,27.0 V,26.5 V,26.9 V,26.8 V,26.3 V,,1825 rpm,1729 rpm,1801 rpm,1801 rpm,1814 rpm,1837 rpm,1821 rpm
2026-09-09 06:44:00,,26.8 V,26.9 V,27.0 V,26.5 V,27.0 V,26.8 V,26.3 V,,1842 rpm,1494 rpm,1800 rpm,1819 rpm,1811 rpm,1867 rpm,1812 rpm
2026-09-09 06:46:00,,26.8 V,26.9 V,27.0 V,26.3 V,27.0 V,26.8 V,26.3 V,,1829 rpm,1438 rpm,1803 rpm,1843 rpm,1797 rpm,1900 rpm,1814 rpm
2026-09-09 06:48:00,,26.8 V,26.9 V,27.0 V,26.1 V,27.0 V,26.8 V,26.4 V,,1832 rpm,1400 rpm,1805 rpm,1822 rpm,1798 rpm,1855 rpm,1803 rpm
2026-09-09 06:50:00,,26.8 V,26.9 V,26.9 V,26.5 V,27.0 V,26.8 V,26.3 V,,1447 rpm,1400 rpm,1072 rpm,1806 rpm,1798 rpm,1812 rpm,1807 rpm
2026-09-09 06:52:00,,26.8 V,26.9 V,26.9 V,26.5 V,27.0 V,26.8 V,26.3 V,,1400 rpm,1400 rpm,800 rpm,1769 rpm,1814 rpm,1829 rpm,1798 rpm
2026-09-09 06:54:00,,26.8 V,27.0 V,26.9 V,26.5 V,27.0 V,,26.3 V,,1717 rpm,1443 rpm,800 rpm,1814 rpm,1826 rpm,,1807 rpm
2026-09-09 06:56:00,,26.8 V,27.0 V,26.9 V,26.3 V,27.0 V,26.5 V,26.3 V,,1856 rpm,1623 rpm,800 rpm,1867 rpm,1821 rpm,1822 rpm,1804 rpm
2026-09-09 06:58:00,,26.8 V,26.7 V,26.9 V,26.4 V,26.9 V,26.8 V,26.4 V,,1742 rpm,1660 rpm,800 rpm,1788 rpm,1827 rpm,1817 rpm,1825 rpm
2026-09-09 07:00:00,,26.8 V,27.0 V,26.8 V,26.5 V,27.0 V,26.8 V,26.3 V,,1400 rpm,1741 rpm,1409 rpm,1775 rpm,1794 rpm,1825 rpm,1819 rpm
2026-09-09 07:02:00,,26.8 V,26.9 V,26.9 V,26.5 V,27.0 V,26.7 V,26.3 V,,1400 rpm,1759 rpm,1798 rpm,1804 rpm,1853 rpm,1847 rpm,1834 rpm
2026-09-09 07:04:00,,26.8 V,26.7 V,26.9 V,26.4 V,,26.7 V,26.1 V,,1400 rpm,1746 rpm,1792 rpm,1831 rpm,,1840 rpm,1778 rpm
2026-09-09 07:06:00,,26.8 V,26.9 V,26.8 V,26.3 V,,26.8 V,26.3 V,,1431 rpm,1742 rpm,1816 rpm,1830 rpm,,1823 rpm,1802 rpm
2026-09-09 07:08:00,,26.8 V,26.9 V,26.9 V,26.5 V,27.0 V,26.7 V,26.3 V,,1822 rpm,1728 rpm,1817 rpm,1793 rpm,1825 rpm,1826 rpm,1816 rpm
2026-09-09 07:10:00,,26.8 V,26.8 V,26.9 V,26.5 V,27.0 V,26.7 V,26.3 V,,1825 rpm,1771 rpm,1820 rpm,1800 rpm,1800 rpm,1842 rpm,1842 rpm
2026-09-09 07:12:00,,26.9 V,26.6 V,26.9 V,26.5 V,27.0 V,26.7 V,26.3 V,,1847 rpm,1763 rpm,1797 rpm,1825 rpm,1804 rpm,1809 rpm,1805 rpm
2026-09-09 07:14:00,,26.8 V,26.9 V,26.9 V,26.5 V,27.0 V,26.7 V,26.3 V,,1834 rpm,1740 rpm,1805 rpm,1817 rpm,1347 rpm,1822 rpm,1829 rpm
2026-09-09 07:16:00,,26.8 V,26.9 V,26.9 V,26.5 V,27.0 V,26.7 V,26.3 V,,1819 rpm,1807 rpm,1799 rpm,1818 rpm,1834 rpm,1832 rpm,1814 rpm
2026-09-09 07:18:00,,26.8 V,26.9 V,26.9 V,26.5 V,27.0 V,26.5 V,26.3 V,,1826 rpm,1497 rpm,1804 rpm,1806 rpm,1805 rpm,1833 rpm,1847 rpm
2026-09-09 07:20:00,,26.8 V,26.6 V,26.8 V,26.5 V,27.0 V,26.7 V,26.3 V,,1830 rpm,1762 rpm,1799 rpm,1870 rpm,1835 rpm,1809 rpm,1797 rpm
2026-09-09 07:22:00,,26.8 V,26.8 V,26.8 V,26.2 V,27.0 V,26.7 V,,,1785 rpm,1752 rpm,1833 rpm,1828 rpm,1813 rpm,1835 rpm,
2026-09-09 07:24:00,,26.8 V,26.9 V,26.9 V,26.5 V,27.0 V,26.7 V,26.2 V,,1834 rpm,1769 rpm,1828 rpm,1842 rpm,1824 rpm,1822 rpm,1632 rpm
2026-09-09 07:26:00,,26.8 V,26.6 V,26.8 V,26.5 V,27.0 V,26.7 V,26.5 V,,1842 rpm,1762 rpm,1812 rpm,1866 rpm,1835 rpm,1823 rpm,1215 rpm
2026-09-09 07:28:00,,26.8 V,26.8 V,26.8 V,26.5 V,27.0 V,26.7 V,26.5 V,,1845 rpm,1771 rpm,1829 rpm,1784 rpm,1802 rpm,1836 rpm,800 rpm
2026-09-09 07:30:00,,26.8 V,26.8 V,26.8 V,26.3 V,27.0 V,26.7 V,26.5 V,,1829 rpm,1764 rpm,1696 rpm,1836 rpm,1800 rpm,1841 rpm,800 rpm
2026-09-09 07:32:00,,26.8 V,26.7 V,26.8 V,26.5 V,26.9 V,26.7 V,26.4 V,,1843 rpm,1535 rpm,1815 rpm,1797 rpm,1841 rpm,1836 rpm,1280 rpm
2026-09-09 07:34:00,,26.8 V,26.7 V,26.8 V,26.5 V,,26.7 V,26.3 V,,1836 rpm,1755 rpm,1671 rpm,1801 rpm,,1842 rpm,1809 rpm
2026-09-09 07:36:00,,26.8 V,26.8 V,26.8 V,26.5 V,,26.7 V,26.3 V,,1831 rpm,1770 rpm,1700 rpm,1855 rpm,,1850 rpm,1766 rpm
2026-09-09 07:38:00,,26.8 V,26.7 V,26.8 V,26.5 V,27.0 V,26.7 V,26.3 V,,1842 rpm,1784 rpm,1768 rpm,1827 rpm,1801 rpm,1820 rpm,1821 rpm
2026-09-09 07:40:00,,26.8 V,26.8 V,26.8 V,26.5 V,27.0 V,26.5 V,26.2 V,,1852 rpm,1752 rpm,1813 rpm,1828 rpm,1800 rpm,1842 rpm,1828 rpm
2026-09-09 07:42:00,,26.8 V,,26.9 V,26.5 V,27.0 V,26.7 V,26.3 V,,1848 rpm,,1801 rpm,1807 rpm,1827 rpm,1816 rpm,1819 rpm
2026-09-09 07:44:00,,26.8 V,26.9 V,26.9 V,26.5 V,27.0 V,26.7 V,26.2 V,,1842 rpm,1400 rpm,1815 rpm,1825 rpm,1810 rpm,1823 rpm,1817 rpm
2026-09-09 07:46:00,,26.8 V,26.9 V,26.9 V,26.5 V,27.0 V,26.7 V,26.1 V,,1840 rpm,1400 rpm,1818 rpm,1803 rpm,1816 rpm,1824 rpm,1853 rpm
2026-09-09 07:48:00,,26.8 V,26.9 V,26.9 V,26.3 V,27.0 V,26.7 V,26.2 V,,1841 rpm,1400 rpm,1806 rpm,1826 rpm,1821 rpm,1817 rpm,1836 rpm
2026-09-09 07:50:00,,26.8 V,26.6 V,26.9 V,,27.0 V,26.7 V,26.1 V,,1858 rpm,1739 rpm,1831 rpm,,1273 rpm,1820 rpm,1855 rpm
2026-09-09 07:52:00,,26.8 V,26.9 V,26.9 V,26.4 V,27.0 V,26.7 V,26.2 V,,1866 rpm,1802 rpm,1812 rpm,1732 rpm,1900 rpm,1831 rpm,1844 rpm
2026-09-09 07:54:00,,26.6 V,26.9 V,26.7 V,26.5 V,27.0 V,26.7 V,26.1 V,,1836 rpm,1763 rpm,1814 rpm,1833 rpm,1900 rpm,1894 rpm,1826 rpm
2026-09-09 07:56:00,,26.8 V,26.7 V,26.8 V,26.5 V,27.0 V,26.7 V,26.3 V,,1757 rpm,1802 rpm,1827 rpm,1826 rpm,1864 rpm,1900 rpm,1456 rpm
2026-09-09 07:58:00,,26.8 V,26.8 V,26.8 V,26.4 V,27.0 V,26.5 V,26.3 V,,1861 rpm,1770 rpm,1825 rpm,1830 rpm,1833 rpm,1832 rpm,1421 rpm
2026-09-09 08:00:00,,26.8 V,26.8 V,26.8 V,26.4 V,27.0 V,26.7 V,26.2 V,,1845 rpm,1776 rpm,1838 rpm,1823 rpm,1781 rpm,1816 rpm,1793 rpm
2026-09-09 08:02:00,,26.8 V,26.8 V,26.7 V,26.1 V,26.9 V,26.6 V,26.2 V,,1823 rpm,1620 rpm,1828 rpm,1843 rpm,1800 rpm,1446 rpm,1748 rpm
2026-09-09 08:04:00,,26.8 V,26.8 V,26.8 V,26.4 V,27.1 V,26.7 V,26.3 V,,1839 rpm,1684 rpm,1817 rpm,1832 rpm,1789 rpm,1145 rpm,1840 rpm
2026-09-09 08:06:00,,26.8 V,26.8 V,26.8 V,26.5 V,27.1 V,26.7 V,26.3 V,,1850 rpm,1780 rpm,1823 rpm,1805 rpm,1791 rpm,1834 rpm,1835 rpm
2026-09-09 08:08:00,,26.8 V,26.8 V,26.8 V,26.5 V,27.0 V,26.7 V,25.9 V,,1858 rpm,1816 rpm,1805 rpm,1831 rpm,1812 rpm,1820 rpm,1831 rpm
2026-09-09 08:10:00,,26.8 V,26.8 V,26.8 V,26.5 V,27.0 V,26.7 V,26.2 V,,1842 rpm,1793 rpm,1823 rpm,1828 rpm,1852 rpm,1807 rpm,1782 rpm
2026-09-09 08:12:00,,26.8 V,,26.7 V,26.5 V,27.0 V,26.7 V,26.0 V,,1845 rpm,,1823 rpm,1892 rpm,1797 rpm,1832 rpm,1846 rpm
2026-09-09 08:14:00,,26.8 V,26.8 V,26.8 V,26.5 V,27.0 V,26.7 V,26.3 V,,1823 rpm,1779 rpm,1815 rpm,1900 rpm,1830 rpm,1831 rpm,1542 rpm
2026-09-09 08:16:00,,26.8 V,26.8 V,26.8 V,26.5 V,27.0 V,26.7 V,26.3 V,,1839 rpm,1746 rpm,1813 rpm,1899 rpm,1817 rpm,1822 rpm,1811 rpm
2026-09-09 08:18:00,,26.8 V,26.6 V,26.8 V,26.5 V,27.0 V,26.7 V,26.3 V,,1818 rpm,1781 rpm,1820 rpm,1886 rpm,1810 rpm,1817 rpm,1794 rpm
2026-09-09 08:20:00,,26.7 V,26.8 V,26.8 V,26.5 V,27.0 V,26.7 V,26.2 V,,1836 rpm,1765 rpm,1447 rpm,1871 rpm,1844 rpm,1821 rpm,1812 rpm
2026-09-09 08:22:00,,26.7 V,26.6 V,26.8 V,26.5 V,27.0 V,26.6 V,26.3 V,,1832 rpm,1800 rpm,1598 rpm,1770 rpm,1807 rpm,1872 rpm,1449 rpm
2026-09-09 08:24:00,,26.8 V,26.8 V,26.8 V,26.5 V,27.0 V,26.7 V,26.4 V,,1495 rpm,1756 rpm,1826 rpm,1805 rpm,1791 rpm,1824 rpm,1400 rpm
2026-09-09 08:26:00,,26.8 V,26.8 V,26.8 V,26.2 V,26.9 V,26.7 V,26.4 V,,1838 rpm,1782 rpm,1802 rpm,1857 rpm,1813 rpm,1813 rpm,1400 rpm
2026-09-09 08:28:00,,26.7 V,26.8 V,26.8 V,,27.0 V,26.7 V,26.4 V,,1832 rpm,1790 rpm,1820 rpm,,1799 rpm,1842 rpm,1400 rpm
2026-09-09 08:30:00,,26.8 V,26.9 V,26.8 V,26.5 V,27.0 V,26.7 V,26.2 V,,1840 rpm,1297 rpm,1811 rpm,1838 rpm,1812 rpm,1829 rpm,1673 rpm
2026-09-09 08:32:00,,26.8 V,27.2 V,26.7 V,26.5 V,27.0 V,26.7 V,26.3 V,,1829 rpm,931 rpm,1812 rpm,1835 rpm,1803 rpm,1818 rpm,1786 rpm
2026-09-09 08:34:00,,26.8 V,26.9 V,26.8 V,26.5 V,27.0 V,26.7 V,26.2 V,,1833 rpm,800 rpm,952 rpm,1791 rpm,1807 rpm,1840 rpm,1800 rpm
2026-09-09 08:36:00,,26.8 V,,26.8 V,26.5 V,27.0 V,26.7 V,26.2 V,,1844 rpm,,800 rpm,1813 rpm,1829 rpm,1833 rpm,1796 rpm
2026-09-09 08:38:00,,26.8 V,,26.8 V,26.5 V,27.0 V,26.7 V,26.2 V,,1825 rpm,,800 rpm,1828 rpm,1836 rpm,1825 rpm,1784 rpm
2026-09-09 08:40:00,,26.8 V,,26.8 V,26.3 V,27.0 V,26.6 V,26.2 V,,1854 rpm,,800 rpm,1832 rpm,1830 rpm,1822 rpm,1785 rpm
2026-09-09 08:42:00,,26.8 V,,26.8 V,,27.0 V,26.7 V,,,1849 rpm,,1648 rpm,,1802 rpm,1858 rpm,
2026-09-09 08:44:00,,26.7 V,,26.8 V,26.6 V,27.0 V,26.7 V,26.3 V,,1845 rpm,,1820 rpm,1731 rpm,1508 rpm,1881 rpm,1766 rpm
2026-09-09 08:46:00,,26.8 V,,26.8 V,26.4 V,27.0 V,26.7 V,26.2 V,,1833 rpm,,1815 rpm,1871 rpm,1063 rpm,1871 rpm,1789 rpm
2026-09-09 08:48:00,,26.8 V,,26.8 V,26.4 V,27.0 V,26.7 V,26.2 V,,1844 rpm,,1822 rpm,1797 rpm,1813 rpm,1870 rpm,1836 rpm
2026-09-09 08:50:00,,26.8 V,,26.8 V,26.5 V,27.0 V,26.7 V,25.9 V,,1829 rpm,,1840 rpm,1819 rpm,1819 rpm,1862 rpm,1823 rpm
2026-09-09 08:52:00,,26.8 V,,26.8 V,26.5 V,27.0 V,26.7 V,26.2 V,,1832 rpm,,1819 rpm,1824 rpm,1853 rpm,1870 rpm,1791 rpm
2026-09-09 08:54:00,,26.5 V,,26.8 V,26.5 V,27.0 V,26.7 V,26.2 V,,1831 rpm,,1832 rpm,1827 rpm,1827 rpm,1864 rpm,1817 rpm
2026-09-09 08:56:00,,26.7 V,,26.8 V,26.5 V,27.0 V,26.7 V,26.1 V,,1835 rpm,,1825 rpm,1802 rpm,1868 rpm,1867 rpm,1824 rpm
2026-09-09 08:58:00,,26.7 V,,26.8 V,26.5 V,27.0 V,26.7 V,26.2 V,,1831 rpm,,1791 rpm,,1791 rpm,1848 rpm,1811 rpm
2026-09-09 09:00:00,,26.7 V,,26.9 V,,26.9 V,26.7 V,26.2 V,,1846 rpm,,1400 rpm,1878 rpm,1849 rpm,1828 rpm,1870 rpm
2026-09-09 09:02:00,,26.7 V,,26.9 V,,27.0 V,26.7 V,26.0 V,,1837 rpm,,1399 rpm,1902 rpm,1812 rpm,1823 rpm,1825 rpm
2026-09-09 09:04:00,,26.7 V,,26.9 V,,27.0 V,26.7 V,26.1 V,,1826 rpm,,818 rpm,,1819 rpm,1823 rpm,1787 rpm
2026-09-09 09:06:00,,26.8 V,,26.9 V,26.5 V,27.0 V,26.7 V,26.2 V,,1400 rpm,,800 rpm,1766 rpm,1813 rpm,1834 rpm,1843 rpm
2026-09-09 09:08:00,,26.4 V,,26.9 V,26.5 V,27.0 V,26.8 V,26.0 V,,1736 rpm,,800 rpm,1864 rpm,1811 rpm,1806 rpm,1803 rpm
2026-09-09 09:10:00,,26.7 V,,26.8 V,26.5 V,27.0 V,26.7 V,26.3 V,,1884 rpm,,800 rpm,1850 rpm,1806 rpm,1810 rpm,1807 rpm
2026-09-09 09:12:00,,26.7 V,,26.8 V,,26.9 V,26.7 V,26.0 V,,1830 rpm,,1392 rpm,,1813 rpm,1519 rpm,1838 rpm
2026-09-09 09:14:00,,26.7 V,,26.8 V,26.5 V,27.0 V,26.7 V,26.1 V,,1846 rpm,,1807 rpm,1717 rpm,1814 rpm,800 rpm,1801 rpm
2026-09-09 09:16:00,,26.8 V,,26.8 V,26.5 V,27.0 V,26.7 V,26.1 V,,1821 rpm,,1811 rpm,1836 rpm,1820 rpm,800 rpm,1756 rpm
2026-09-09 09:18:00,,26.7 V,,26.9 V,,27.0 V,26.7 V,25.8 V,,1787 rpm,,1834 rpm,,1895 rpm,800 rpm,1826 rpm
2026-09-09 09:20:00,,26.6 V,,26.7 V,26.4 V,27.0 V,26.7 V,26.2 V,,1725 rpm,,1829 rpm,1901 rpm,1834 rpm,800 rpm,1812 rpm
2026-09-09 09:22:00,,26.8 V,,26.8 V,26.5 V,27.0 V,26.7 V,,,1849 rpm,,1825 rpm,1771 rpm,1812 rpm,800 rpm,
2026-09-09 09:24:00,,,,26.9 V,26.5 V,27.0 V,26.7 V,26.3 V,,,,1850 rpm,1815 rpm,1807 rpm,800 rpm,1765 rpm
2026-09-09 09:26:00,,26.8 V,,26.9 V,,27.0 V,26.7 V,26.0 V,,1855 rpm,,1841 rpm,,1858 rpm,1369 rpm,1776 rpm
2026-09-09 09:28:00,,26.8 V,,26.8 V,26.5 V,27.0 V,26.7 V,26.1 V,,1818 rpm,,1850 rpm,1851 rpm,1887 rpm,1832 rpm,1764 rpm
2026-09-09 09:30:00,,26.8 V,,26.8 V,26.5 V,27.0 V,26.7 V,26.1 V,,1811 rpm,,1827 rpm,1833 rpm,1777 rpm,1826 rpm,1810 rpm
2026-09-09 09:32:00,,26.8 V,,26.8 V,,27.0 V,26.8 V,26.2 V,,1819 rpm,,1825 rpm,,1804 rpm,1861 rpm,1796 rpm
2026-09-09 09:34:00,,26.8 V,,26.8 V,26.5 V,27.0 V,26.8 V,26.2 V,,1833 rpm,,1833 rpm,1805 rpm,1819 rpm,1841 rpm,1811 rpm
2026-09-09 09:36:00,,26.6 V,,26.8 V,26.4 V,27.0 V,26.8 V,26.2 V,,1860 rpm,,1835 rpm,1824 rpm,1851 rpm,1281 rpm,1819 rpm
2026-09-09 09:38:00,,26.7 V,,26.8 V,,27.0 V,26.8 V,26.0 V,,1846 rpm,,1834 rpm,,1900 rpm,800 rpm,1796 rpm
2026-09-09 09:40:00,,26.7 V,,26.8 V,26.4 V,27.0 V,26.8 V,26.1 V,,1848 rpm,,1831 rpm,1812 rpm,1859 rpm,800 rpm,1802 rpm
2026-09-09 09:42:00,,26.7 V,,26.8 V,26.4 V,27.0 V,26.8 V,26.1 V,,1866 rpm,,1834 rpm,1813 rpm,1776 rpm,1522 rpm,1826 rpm
2026-09-09 09:44:00,,26.8 V,,26.8 V,26.4 V,27.0 V,26.7 V,26.2 V,,1520 rpm,,1838 rpm,1808 rpm,1787 rpm,1838 rpm,1776 rpm
2026-09-09 09:46:00,,26.8 V,,26.8 V,26.5 V,27.0 V,26.7 V,26.2 V,,1400 rpm,,1854 rpm,1790 rpm,1787 rpm,1829 rpm,1808 rpm
2026-09-09 09:48:00,,26.8 V,,26.6 V,26.4 V,27.0 V,26.7 V,26.1 V,,1400 rpm,,1821 rpm,1840 rpm,1780 rpm,1860 rpm,1817 rpm
2026-09-09 09:50:00,,26.8 V,,26.8 V,26.3 V,27.0 V,26.7 V,26.1 V,,1400 rpm,,1824 rpm,1823 rpm,1819 rpm,1843 rpm,1822 rpm
2026-09-09 09:52:00,,26.7 V,,26.8 V,26.4 V,27.0 V,26.7 V,26.1 V,,1400 rpm,,1824 rpm,1810 rpm,1780 rpm,1843 rpm,1802 rpm
2026-09-09 09:54:00,,26.8 V,,26.8 V,26.4 V,27.0 V,26.7 V,26.1 V,,1400 rpm,,1820 rpm,1827 rpm,1794 rpm,1847 rpm,1816 rpm
2026-09-09 09:56:00,,26.8 V,,26.8 V,26.4 V,26.9 V,26.7 V,26.1 V,,1836 rpm,,1831 rpm,1862 rpm,1411 rpm,1845 rpm,1817 rpm
2026-09-09 09:58:00,,26.8 V,,26.7 V,26.4 V,27.0 V,26.7 V,26.1 V,,1847 rpm,,1829 rpm,1810 rpm,1571 rpm,1843 rpm,1800 rpm
2026-09-09 10:00:00,,26.8 V,,26.7 V,26.4 V,27.0 V,26.7 V,26.1 V,,1818 rpm,,1831 rpm,1803 rpm,1900 rpm,1900 rpm,1815 rpm
2026-09-09 10:02:00,,26.8 V,,26.8 V,,27.0 V,26.7 V,26.2 V,,1830 rpm,,1840 rpm,,1820 rpm,1853 rpm,1755 rpm
2026-09-09 10:04:00,,26.8 V,,26.8 V,,27.1 V,26.7 V,26.1 V,,1836 rpm,,1846 rpm,,1039 rpm,1848 rpm,1799 rpm
2026-09-09 10:06:00,,26.8 V,,26.8 V,,27.1 V,26.7 V,26.0 V,,1471 rpm,,1813 rpm,,1777 rpm,1845 rpm,1807 rpm
2026-09-09 10:08:00,,26.7 V,,26.8 V,26.4 V,27.0 V,26.7 V,26.1 V,,1400 rpm,,1838 rpm,1786 rpm,1780 rpm,1830 rpm,1769 rpm
2026-09-09 10:10:00,,26.8 V,,26.8 V,26.5 V,27.1 V,26.7 V,26.1 V,,1400 rpm,,1827 rpm,1750 rpm,1804 rpm,1853 rpm,1768 rpm
2026-09-09 10:12:00,,26.5 V,,26.8 V,,27.1 V,26.7 V,26.1 V,,1713 rpm,,1879 rpm,,1773 rpm,1855 rpm,1791 rpm
2026-09-09 10:14:00,,26.8 V,,26.8 V,26.2 V,27.0 V,26.7 V,25.9 V,,1814 rpm,,1806 rpm,1899 rpm,1782 rpm,1846 rpm,1791 rpm
2026-09-09 10:16:00,,26.7 V,,26.8 V,26.4 V,27.0 V,26.7 V,26.1 V,,1823 rpm,,1815 rpm,1858 rpm,1808 rpm,1840 rpm,1780 rpm
2026-09-09 10:18:00,,26.8 V,,26.8 V,26.4 V,27.0 V,26.7 V,26.1 V,,1865 rpm,,1803 rpm,1896 rpm,1885 rpm,1839 rpm,1777 rpm
2026-09-09 10:20:00,,26.8 V,,26.8 V,26.5 V,27.0 V,26.6 V,26.1 V,,1819 rpm,,1726 rpm,1879 rpm,1793 rpm,1849 rpm,1759 rpm
2026-09-09 10:22:00,,26.8 V,,26.8 V,26.5 V,27.0 V,26.7 V,26.1 V,,1822 rpm,,1809 rpm,1802 rpm,1797 rpm,1844 rpm,1790 rpm
2026-09-09 10:24:00,,26.6 V,,26.7 V,26.5 V,27.0 V,26.7 V,26.0 V,,1741 rpm,,1819 rpm,1795 rpm,1790 rpm,1854 rpm,1805 rpm
2026-09-09 10:26:00,,26.8 V,,26.8 V,26.4 V,27.0 V,26.7 V,26.0 V,,1816 rpm,,1195 rpm,1830 rpm,1841 rpm,1848 rpm,1792 rpm
2026-09-09 10:28:00,,26.7 V,,26.8 V,26.3 V,27.0 V,26.7 V,26.0 V,,1817 rpm,,800 rpm,1792 rpm,1790 rpm,1843 rpm,1787 rpm
2026-09-09 10:30:00,,26.7 V,,26.8 V,26.5 V,27.0 V,26.7 V,26.1 V,,1827 rpm,,800 rpm,1797 rpm,1780 rpm,1840 rpm,1785 rpm
2026-09-09 10:32:00,,26.7 V,,26.8 V,26.3 V,26.9 V,26.7 V,25.9 V,,1822 rpm,,800 rpm,1838 rpm,1809 rpm,1829 rpm,1819 rpm
2026-09-09 10:34:00,,26.7 V,,26.8 V,26.4 V,27.0 V,26.7 V,26.0 V,,1823 rpm,,800 rpm,1823 rpm,1799 rpm,1848 rpm,1802 rpm
2026-09-09 10:36:00,,26.6 V,,26.8 V,26.4 V,27.0 V,26.7 V,26.1 V,,1829 rpm,,800 rpm,1828 rpm,1801 rpm,1873 rpm,1804 rpm
2026-09-09 10:38:00,,26.7 V,,26.8 V,26.5 V,27.0 V,26.7 V,26.0 V,,1829 rpm,,800 rpm,1836 rpm,1814 rpm,1894 rpm,1814 rpm
2026-09-09 10:40:00,,26.7 V,,26.8 V,,27.0 V,26.6 V,26.1 V,,1820 rpm,,1798 rpm,,1822 rpm,1899 rpm,1788 rpm
2026-09-09 10:42:00,,26.7 V,,26.8 V,26.5 V,27.0 V,26.7 V,26.2 V,,1765 rpm,,1490 rpm,1720 rpm,1819 rpm,1895 rpm,1863 rpm
2026-09-09 10:44:00,,26.7 V,,26.8 V,26.5 V,27.0 V,26.7 V,26.1 V,,1526 rpm,,1807 rpm,1773 rpm,1831 rpm,1842 rpm,1798 rpm
2026-09-09 10:46:00,,26.7 V,,26.8 V,26.4 V,27.0 V,26.7 V,26.0 V,,1811 rpm,,1807 rpm,1786 rpm,1814 rpm,1838 rpm,1806 rpm
2026-09-09 10:48:00,,26.5 V,,26.8 V,,27.0 V,26.7 V,26.2 V,,1831 rpm,,1830 rpm,,1822 rpm,1900 rpm,1722 rpm
2026-09-09 10:50:00,25.9 V,26.8 V,,26.8 V,26.4 V,27.0 V,26.7 V,26.1 V,164 rpm,1471 rpm,,1808 rpm,800 rpm,1801 rpm,1900 rpm,1807 rpm
2026-09-09 10:52:00,24.8 V,26.7 V,,26.8 V,26.5 V,27.0 V,26.7 V,25.8 V,23.6 rpm,1400 rpm,,1817 rpm,1847 rpm,1784 rpm,1846 rpm,1812 rpm
2026-09-09 10:54:00,24.9 V,26.8 V,,26.8 V,,27.0 V,26.7 V,26.1 V,0 rpm,1400 rpm,,1839 rpm,,1805 rpm,1832 rpm,1798 rpm
2026-09-09 10:56:00,25.3 V,26.8 V,,26.8 V,26.5 V,27.0 V,26.7 V,26.1 V,0 rpm,1648 rpm,,1849 rpm,1742 rpm,1819 rpm,1846 rpm,1717 rpm
2026-09-09 10:58:00,,26.8 V,,26.8 V,26.2 V,27.0 V,26.7 V,25.9 V,,1821 rpm,,1155 rpm,1872 rpm,1781 rpm,1842 rpm,1798 rpm
2026-09-09 11:00:00,,26.6 V,,26.8 V,,27.0 V,26.7 V,26.2 V,,1797 rpm,,800 rpm,,1790 rpm,1833 rpm,1794 rpm
2026-09-09 11:02:00,,26.8 V,,26.8 V,26.5 V,27.0 V,26.7 V,26.1 V,,1819 rpm,,800 rpm,1801 rpm,1832 rpm,1839 rpm,1804 rpm
2026-09-09 11:04:00,,26.7 V,,26.8 V,26.5 V,27.0 V,26.7 V,26.1 V,,1784 rpm,,800 rpm,1825 rpm,1787 rpm,1839 rpm,1813 rpm
2026-09-09 11:06:00,25.1 V,26.7 V,,26.8 V,,27.0 V,26.7 V,26.1 V,0 rpm,1822 rpm,,800 rpm,,1786 rpm,1839 rpm,1788 rpm
2026-09-09 11:08:00,24.8 V,26.7 V,,26.8 V,26.5 V,27.0 V,26.6 V,26.1 V,158 rpm,1827 rpm,,800 rpm,1924 rpm,1865 rpm,1843 rpm,1867 rpm
2026-09-09 11:10:00,26.3 V,26.7 V,,26.6 V,26.5 V,27.0 V,26.6 V,25.9 V,1604 rpm,1619 rpm,,1749 rpm,1790 rpm,1757 rpm,1834 rpm,1791 rpm
2026-09-09 11:12:00,26.9 V,26.6 V,,26.8 V,,27.0 V,26.6 V,26.1 V,1876 rpm,1833 rpm,,1853 rpm,,1786 rpm,1830 rpm,1809 rpm
2026-09-09 11:14:00,26.9 V,26.7 V,,,26.5 V,27.0 V,26.6 V,26.1 V,1527 rpm,1844 rpm,,,1760 rpm,1801 rpm,1874 rpm,1797 rpm
2026-09-09 11:16:00,26.1 V,26.7 V,,26.8 V,26.3 V,27.0 V,26.6 V,26.1 V,155 rpm,1831 rpm,,,1835 rpm,1820 rpm,1900 rpm,1800 rpm
2026-09-09 11:18:00,,26.7 V,,26.8 V,,27.0 V,26.6 V,26.0 V,,1817 rpm,,1789 rpm,,1807 rpm,1890 rpm,1838 rpm
2026-09-09 11:20:00,,26.7 V,,26.8 V,25.2 V,27.0 V,26.7 V,25.9 V,,1835 rpm,,1803 rpm,1720 rpm,1795 rpm,1900 rpm,1860 rpm
2026-09-09 11:22:00,,26.7 V,,26.8 V,26.3 V,27.0 V,26.7 V,26.0 V,,1655 rpm,,1785 rpm,1902 rpm,1785 rpm,1880 rpm,1817 rpm
2026-09-09 11:24:00,,26.7 V,,26.8 V,26.4 V,27.0 V,26.7 V,26.1 V,,1490 rpm,,1810 rpm,1884 rpm,1826 rpm,1828 rpm,1821 rpm
2026-09-09 11:26:00,,26.7 V,,26.8 V,,27.0 V,26.7 V,26.0 V,,1824 rpm,,1797 rpm,,1799 rpm,1896 rpm,1823 rpm
2026-09-09 11:28:00,,26.7 V,,26.8 V,26.5 V,27.0 V,26.7 V,26.0 V,,1827 rpm,,1834 rpm,1889 rpm,1785 rpm,1887 rpm,1818 rpm
2026-09-09 11:30:00,,26.7 V,,26.8 V,26.4 V,27.0 V,26.7 V,26.2 V,,1837 rpm,,1820 rpm,1795 rpm,1839 rpm,1889 rpm,1605 rpm
2026-09-09 11:32:00,,26.7 V,,26.8 V,26.2 V,27.0 V,26.7 V,26.2 V,,1836 rpm,,1832 rpm,1853 rpm,1841 rpm,1882 rpm,1400 rpm
2026-09-09 11:34:00,,26.5 V,,26.8 V,26.4 V,27.0 V,26.7 V,26.2 V,,1804 rpm,,1808 rpm,1815 rpm,1803 rpm,1871 rpm,1400 rpm
2026-09-09 11:36:00,,26.7 V,,26.8 V,26.4 V,27.0 V,26.7 V,26.1 V,,1826 rpm,,1599 rpm,1801 rpm,1739 rpm,1824 rpm,1565 rpm
2026-09-09 11:38:00,,26.7 V,,26.8 V,26.1 V,27.0 V,26.7 V,26.2 V,,1823 rpm,,1802 rpm,1836 rpm,1369 rpm,1873 rpm,1790 rpm
2026-09-09 11:40:00,,26.7 V,,26.8 V,26.4 V,27.0 V,,26.2 V,,1823 rpm,,1810 rpm,1823 rpm,1784 rpm,1876 rpm,1803 rpm
2026-09-09 11:42:00,,26.7 V,,26.8 V,26.4 V,27.0 V,26.7 V,25.9 V,,1822 rpm,,1822 rpm,1806 rpm,1791 rpm,1892 rpm,1815 rpm
2026-09-09 11:44:00,,26.7 V,,26.8 V,26.4 V,27.0 V,26.7 V,26.2 V,,1400 rpm,,1794 rpm,1864 rpm,1861 rpm,1886 rpm,1809 rpm
2026-09-09 11:46:00,,26.7 V,,26.8 V,26.4 V,27.0 V,26.7 V,26.2 V,,1568 rpm,,1400 rpm,1869 rpm,1811 rpm,1841 rpm,1824 rpm
2026-09-09 11:48:00,,26.6 V,,26.8 V,26.4 V,27.0 V,26.7 V,25.9 V,,1790 rpm,,1400 rpm,1875 rpm,1795 rpm,1896 rpm,1799 rpm
2026-09-09 11:50:00,,26.7 V,,26.8 V,26.4 V,26.8 V,26.7 V,26.2 V,,1816 rpm,,1400 rpm,1795 rpm,1815 rpm,1887 rpm,1811 rpm
2026-09-09 11:52:00,,26.7 V,,26.8 V,26.4 V,27.0 V,26.7 V,26.3 V,,1837 rpm,,1400 rpm,1836 rpm,1814 rpm,1872 rpm,1805 rpm
2026-09-09 11:54:00,,26.7 V,,26.8 V,26.4 V,27.0 V,26.7 V,26.1 V,,1822 rpm,,1400 rpm,1804 rpm,1785 rpm,1867 rpm,1829 rpm
2026-09-09 11:56:00,,26.7 V,,26.8 V,,27.0 V,26.7 V,26.2 V,,1823 rpm,,1400 rpm,,1792 rpm,1829 rpm,1803 rpm
2026-09-09 11:58:00,,26.7 V,,26.9 V,26.4 V,27.0 V,26.7 V,26.2 V,,1823 rpm,,1326 rpm,1805 rpm,1809 rpm,1852 rpm,1824 rpm
2026-09-09 12:00:00,,26.7 V,,26.5 V,26.2 V,27.0 V,26.7 V,25.8 V,,1400 rpm,,800 rpm,1855 rpm,1802 rpm,1834 rpm,1836 rpm
2026-09-09 12:02:00,,26.6 V,,26.8 V,26.4 V,27.0 V,26.7 V,26.1 V,,1709 rpm,,800 rpm,1902 rpm,1781 rpm,1831 rpm,1814 rpm
2026-09-09 12:04:00,,26.7 V,,26.8 V,26.2 V,27.0 V,26.6 V,26.1 V,,1829 rpm,,800 rpm,1727 rpm,1805 rpm,1862 rpm,1765 rpm
2026-09-09 12:06:00,,26.7 V,,26.2 V,26.4 V,27.0 V,26.6 V,26.2 V,,1829 rpm,,800 rpm,1900 rpm,1804 rpm,1855 rpm,1806 rpm
2026-09-09 12:08:00,,26.6 V,,26.8 V,,27.0 V,26.6 V,26.1 V,,1809 rpm,,1100 rpm,,1793 rpm,1838 rpm,1829 rpm
2026-09-09 12:10:00,,26.7 V,,26.7 V,,27.0 V,26.6 V,26.2 V,,1833 rpm,,1777 rpm,,1799 rpm,1834 rpm,1809 rpm
2026-09-09 12:12:00,,26.7 V,,26.7 V,26.5 V,27.0 V,26.6 V,26.3 V,,1847 rpm,,1794 rpm,1813 rpm,1835 rpm,1838 rpm,1801 rpm
2026-09-09 12:14:00,,26.7 V,,26.8 V,,26.9 V,26.6 V,26.0 V,,1851 rpm,,1819 rpm,,1773 rpm,1543 rpm,1827 rpm
2026-09-09 12:16:00,,26.7 V,,26.9 V,26.4 V,27.0 V,26.7 V,26.1 V,,1815 rpm,,1870 rpm,1858 rpm,1799 rpm,1400 rpm,1840 rpm
2026-09-09 12:18:00,,26.7 V,,26.8 V,26.4 V,27.0 V,26.7 V,26.1 V,,1825 rpm,,1824 rpm,1811 rpm,1815 rpm,1400 rpm,1820 rpm
2026-09-09 12:20:00,,26.5 V,,26.8 V,26.4 V,27.0 V,26.6 V,26.1 V,,1832 rpm,,1832 rpm,1847 rpm,1811 rpm,1777 rpm,1814 rpm
2026-09-09 12:22:00,,26.7 V,,26.8 V,26.5 V,27.0 V,26.7 V,26.1 V,,1841 rpm,,1816 rpm,1761 rpm,1794 rpm,1836 rpm,1818 rpm
2026-09-09 12:24:00,,26.7 V,,26.8 V,,26.9 V,26.7 V,26.1 V,,1821 rpm,,1833 rpm,,1826 rpm,1847 rpm,1827 rpm
2026-09-09 12:26:00,,26.7 V,,26.8 V,26.4 V,26.9 V,26.7 V,26.0 V,,1839 rpm,,1894 rpm,1834 rpm,1824 rpm,1737 rpm,1833 rpm
2026-09-09 12:28:00,,26.7 V,,26.8 V,26.4 V,26.9 V,26.7 V,26.2 V,,1827 rpm,,1816 rpm,1831 rpm,1814 rpm,1568 rpm,1720 rpm
2026-09-09 12:30:00,,26.6 V,,26.8 V,26.2 V,26.9 V,26.7 V,26.1 V,,1831 rpm,,1867 rpm,1814 rpm,1832 rpm,1830 rpm,1784 rpm
2026-09-09 12:32:00,,26.6 V,,26.8 V,26.3 V,26.9 V,26.7 V,26.1 V,,1842 rpm,,1829 rpm,1827 rpm,1900 rpm,1841 rpm,1815 rpm
2026-09-09 12:34:00,,26.6 V,,26.8 V,26.4 V,26.9 V,26.6 V,26.1 V,,1825 rpm,,1847 rpm,1827 rpm,1900 rpm,1837 rpm,1760 rpm
2026-09-09 12:36:00,,26.6 V,,26.8 V,26.4 V,27.0 V,26.7 V,26.1 V,,1812 rpm,,1876 rpm,1891 rpm,1873 rpm,1835 rpm,1815 rpm
2026-09-09 12:38:00,,26.6 V,,26.8 V,26.3 V,27.0 V,26.6 V,25.9 V,,1841 rpm,,1051 rpm,1888 rpm,1791 rpm,1835 rpm,1749 rpm
2026-09-09 12:40:00,,26.6 V,,26.9 V,,27.0 V,26.6 V,26.2 V,,1671 rpm,,639 rpm,,1832 rpm,1828 rpm,1720 rpm
2026-09-09 12:42:00,,26.6 V,26.9 V,25.4 V,26.4 V,27.0 V,26.6 V,25.8 V,,1516 rpm,1843 rpm,0 rpm,1827 rpm,1900 rpm,1833 rpm,1784 rpm
2026-09-09 12:44:00,,26.6 V,26.9 V,25.3 V,26.4 V,27.0 V,26.6 V,26.2 V,,1561 rpm,1798 rpm,0 rpm,1822 rpm,1804 rpm,1828 rpm,1790 rpm
2026-09-09 12:46:00,,26.6 V,26.9 V,,26.4 V,27.0 V,26.6 V,26.1 V,,1580 rpm,1900 rpm,,1842 rpm,1801 rpm,1844 rpm,1828 rpm
2026-09-09 12:48:00,,26.5 V,26.9 V,,26.4 V,27.0 V,26.6 V,26.2 V,,1829 rpm,1900 rpm,,1894 rpm,1812 rpm,1839 rpm,1662 rpm
2026-09-09 12:50:00,,26.7 V,26.9 V,,26.4 V,27.0 V,26.6 V,26.1 V,,1816 rpm,1900 rpm,,1777 rpm,1812 rpm,1847 rpm,1815 rpm
2026-09-09 12:52:00,,26.7 V,26.9 V,,,26.9 V,26.6 V,26.2 V,,1837 rpm,1900 rpm,,,1816 rpm,1868 rpm,1807 rpm
2026-09-09 12:54:00,,26.7 V,26.9 V,,26.2 V,26.9 V,26.6 V,25.7 V,,1858 rpm,1900 rpm,,1854 rpm,1816 rpm,1171 rpm,1823 rpm
2026-09-09 12:56:00,,26.5 V,26.9 V,25.3 V,26.4 V,27.0 V,26.6 V,26.1 V,,1736 rpm,1901 rpm,0 rpm,1826 rpm,1814 rpm,1817 rpm,1794 rpm
2026-09-09 12:58:00,,25.5 V,,25.3 V,26.4 V,26.9 V,26.6 V,25.9 V,,1400 rpm,,0 rpm,1845 rpm,1829 rpm,1824 rpm,1820 rpm
2026-09-09 13:00:00,,26.6 V,26.9 V,25.3 V,26.4 V,26.9 V,26.6 V,26.1 V,,1573 rpm,1801 rpm,0 rpm,1898 rpm,1807 rpm,1833 rpm,1795 rpm
2026-09-09 13:02:00,,26.6 V,26.5 V,26.1 V,26.1 V,26.9 V,26.6 V,26.1 V,,1867 rpm,1787 rpm,400 rpm,1864 rpm,1784 rpm,1836 rpm,1842 rpm
2026-09-09 13:04:00,,26.6 V,26.9 V,26.9 V,,26.8 V,26.6 V,26.1 V,,1874 rpm,1568 rpm,800 rpm,,1817 rpm,1852 rpm,1820 rpm
2026-09-09 13:06:00,,26.7 V,26.8 V,26.9 V,26.4 V,26.9 V,26.6 V,26.2 V,,1863 rpm,1714 rpm,800 rpm,1723 rpm,1856 rpm,1888 rpm,1812 rpm
2026-09-09 13:08:00,,26.7 V,26.8 V,,26.5 V,26.9 V,26.6 V,26.1 V,,1874 rpm,1789 rpm,,800 rpm,1720 rpm,1850 rpm,1821 rpm
2026-09-09 13:10:00,,26.7 V,26.8 V,,26.4 V,26.7 V,26.6 V,26.0 V,,1880 rpm,1687 rpm,,1688 rpm,553 rpm,1846 rpm,1825 rpm
2026-09-09 13:12:00,,26.7 V,26.8 V,,,26.9 V,26.6 V,26.2 V,,1880 rpm,1793 rpm,,,800 rpm,1400 rpm,1816 rpm
2026-09-09 13:14:00,,26.7 V,26.8 V,26.9 V,25.5 V,25.7 V,26.6 V,26.1 V,,1838 rpm,1719 rpm,800 rpm,1845 rpm,0 rpm,1400 rpm,1633 rpm
2026-09-09 13:16:00,,26.7 V,26.8 V,26.6 V,26.1 V,,26.6 V,26.2 V,,1831 rpm,1781 rpm,800 rpm,1819 rpm,,1400 rpm,1724 rpm
2026-09-09 13:18:00,,26.7 V,26.8 V,26.7 V,,,26.7 V,26.2 V,,1831 rpm,1828 rpm,1426 rpm,,,1400 rpm,1582 rpm
2026-09-09 13:20:00,,26.7 V,26.8 V,26.9 V,26.4 V,,26.7 V,25.6 V,,1831 rpm,1750 rpm,1841 rpm,1852 rpm,,1400 rpm,1400 rpm
2026-09-09 13:22:00,,26.7 V,26.1 V,26.9 V,26.4 V,,26.7 V,26.3 V,,1720 rpm,1756 rpm,1830 rpm,1775 rpm,,1400 rpm,825 rpm
2026-09-09 13:24:00,,26.5 V,26.8 V,26.9 V,26.1 V,,26.7 V,26.3 V,,1560 rpm,1563 rpm,1843 rpm,1798 rpm,,1818 rpm,1153 rpm
2026-09-09 13:26:00,,26.7 V,26.8 V,26.9 V,26.3 V,,26.7 V,26.2 V,,1818 rpm,1743 rpm,1843 rpm,1801 rpm,,1635 rpm,1792 rpm
2026-09-09 13:28:00,,26.7 V,26.7 V,26.9 V,26.3 V,,26.7 V,26.2 V,,1825 rpm,1774 rpm,1836 rpm,1812 rpm,,925 rpm,1806 rpm
2026-09-09 13:30:00,,26.7 V,26.7 V,26.9 V,26.1 V,,26.7 V,26.2 V,,1849 rpm,1789 rpm,1841 rpm,1782 rpm,,838 rpm,1802 rpm
2026-09-09 13:32:00,,26.7 V,26.6 V,26.9 V,26.4 V,,26.0 V,26.2 V,,1830 rpm,1758 rpm,1842 rpm,1784 rpm,,800 rpm,1782 rpm
2026-09-09 13:34:00,,26.6 V,26.7 V,26.9 V,26.4 V,25.5 V,26.7 V,26.2 V,,1842 rpm,1769 rpm,1845 rpm,1771 rpm,0 rpm,800 rpm,1806 rpm
2026-09-09 13:36:00,,26.6 V,26.7 V,26.9 V,26.4 V,25.4 V,26.0 V,26.2 V,,1813 rpm,1740 rpm,1835 rpm,1785 rpm,0 rpm,800 rpm,1831 rpm
2026-09-09 13:38:00,,,26.7 V,26.9 V,26.4 V,25.3 V,26.7 V,26.2 V,,,1765 rpm,1832 rpm,1778 rpm,0 rpm,950 rpm,1797 rpm
2026-09-09 13:40:00,,,26.7 V,26.9 V,,25.3 V,26.7 V,26.2 V,,,1752 rpm,1847 rpm,,0 rpm,1699 rpm,1818 rpm
2026-09-09 13:42:00,,26.6 V,26.7 V,26.9 V,26.4 V,25.3 V,26.7 V,26.2 V,,1823 rpm,1770 rpm,1880 rpm,1749 rpm,0 rpm,1821 rpm,1848 rpm
2026-09-09 13:44:00,,26.6 V,26.7 V,26.9 V,26.4 V,25.3 V,26.7 V,26.2 V,,1826 rpm,1836 rpm,1855 rpm,800 rpm,0 rpm,1822 rpm,1846 rpm
2026-09-09 13:46:00,,26.6 V,26.6 V,26.8 V,,25.3 V,26.7 V,26.2 V,,1855 rpm,1790 rpm,1808 rpm,,0 rpm,1825 rpm,1886 rpm
2026-09-09 13:48:00,,26.7 V,26.7 V,26.9 V,26.4 V,25.4 V,26.7 V,26.1 V,,1768 rpm,1748 rpm,1851 rpm,799 rpm,400 rpm,1828 rpm,1893 rpm
2026-09-09 13:50:00,,26.6 V,26.7 V,26.9 V,26.4 V,26.9 V,26.7 V,26.1 V,,1815 rpm,1748 rpm,1822 rpm,800 rpm,1863 rpm,1835 rpm,1883 rpm
2026-09-09 13:52:00,,26.7 V,26.7 V,26.9 V,,27.0 V,26.7 V,26.1 V,,1836 rpm,1738 rpm,1828 rpm,,1784 rpm,1837 rpm,1887 rpm
2026-09-09 13:54:00,,26.6 V,26.7 V,26.9 V,26.4 V,27.0 V,26.7 V,26.3 V,,1834 rpm,1753 rpm,1834 rpm,1399 rpm,1777 rpm,1847 rpm,1885 rpm
2026-09-09 13:56:00,,26.7 V,26.7 V,26.9 V,26.5 V,27.0 V,26.7 V,26.1 V,,1793 rpm,1759 rpm,1830 rpm,1836 rpm,1838 rpm,1849 rpm,1876 rpm
2026-09-09 13:58:00,,26.7 V,26.7 V,26.9 V,,27.0 V,26.7 V,26.2 V,,1846 rpm,1799 rpm,1879 rpm,,1794 rpm,1831 rpm,1878 rpm
2026-09-09 14:00:00,,26.5 V,26.5 V,26.9 V,26.4 V,27.0 V,26.6 V,26.0 V,,1843 rpm,1735 rpm,1839 rpm,1909 rpm,1816 rpm,1832 rpm,1877 rpm
2026-09-09 14:02:00,,26.6 V,26.7 V,26.8 V,26.4 V,27.1 V,26.6 V,26.0 V,,1823 rpm,1740 rpm,1870 rpm,1724 rpm,1826 rpm,1827 rpm,1880 rpm
2026-09-09 14:04:00,,26.6 V,26.7 V,26.9 V,,27.1 V,26.6 V,26.1 V,,1828 rpm,1769 rpm,1833 rpm,,1807 rpm,1830 rpm,1887 rpm
2026-09-09 14:06:00,,26.6 V,26.7 V,26.9 V,25.5 V,27.0 V,26.6 V,26.0 V,,1834 rpm,1704 rpm,1835 rpm,1845 rpm,1815 rpm,1850 rpm,1868 rpm
2026-09-09 14:08:00,,26.5 V,26.7 V,26.9 V,26.4 V,26.9 V,26.6 V,26.1 V,,1847 rpm,1758 rpm,1846 rpm,1810 rpm,1821 rpm,1863 rpm,1844 rpm
2026-09-09 14:10:00,,26.5 V,26.7 V,26.9 V,26.4 V,27.1 V,26.6 V,26.1 V,,1820 rpm,1851 rpm,1876 rpm,1714 rpm,1830 rpm,1071 rpm,1793 rpm
2026-09-09 14:12:00,,26.7 V,26.1 V,26.9 V,,27.0 V,25.5 V,26.3 V,,1826 rpm,1340 rpm,1823 rpm,,1829 rpm,0 rpm,1863 rpm
2026-09-09 14:14:00,,26.6 V,26.6 V,26.9 V,26.5 V,27.1 V,,26.0 V,,1862 rpm,800 rpm,1855 rpm,1713 rpm,1866 rpm,,1866 rpm
2026-09-09 14:16:00,,26.7 V,26.6 V,26.9 V,26.4 V,27.0 V,,26.1 V,,1890 rpm,800 rpm,1840 rpm,1772 rpm,1830 rpm,,1818 rpm
2026-09-09 14:18:00,,26.7 V,26.6 V,26.9 V,,27.0 V,,26.1 V,,1885 rpm,800 rpm,1860 rpm,,1867 rpm,,1840 rpm
2026-09-09 14:20:00,,26.5 V,26.6 V,26.9 V,26.3 V,27.0 V,,25.9 V,,1842 rpm,800 rpm,1852 rpm,1789 rpm,1872 rpm,,1690 rpm
2026-09-09 14:22:00,,26.7 V,26.6 V,26.9 V,,27.0 V,,26.1 V,,1841 rpm,800 rpm,1889 rpm,,1845 rpm,,1819 rpm
2026-09-09 14:24:00,,26.7 V,26.7 V,26.9 V,26.4 V,27.0 V,,26.1 V,,1831 rpm,800 rpm,1847 rpm,1866 rpm,1865 rpm,,1807 rpm
2026-09-09 14:26:00,,26.7 V,26.7 V,26.9 V,26.5 V,27.0 V,,26.0 V,,1831 rpm,800 rpm,1852 rpm,800 rpm,1825 rpm,,1816 rpm
2026-09-09 14:28:00,,26.7 V,25.7 V,26.9 V,,27.1 V,,26.3 V,,1821 rpm,800 rpm,1873 rpm,,1838 rpm,,1837 rpm
2026-09-09 14:30:00,,26.7 V,26.6 V,26.9 V,25.1 V,27.0 V,,26.1 V,,1865 rpm,1733 rpm,1837 rpm,0 rpm,1753 rpm,,1875 rpm
2026-09-09 14:32:00,,26.7 V,26.7 V,26.9 V,25.2 V,27.0 V,,26.1 V,,1862 rpm,1788 rpm,1839 rpm,0 rpm,1787 rpm,,1754 rpm
2026-09-09 14:34:00,,26.7 V,26.7 V,26.7 V,,27.0 V,,26.1 V,,1830 rpm,1731 rpm,1856 rpm,,1861 rpm,,1823 rpm
2026-09-09 14:36:00,,26.7 V,26.8 V,26.9 V,25.1 V,26.1 V,,26.1 V,,1821 rpm,1757 rpm,1874 rpm,0 rpm,800 rpm,,1823 rpm
2026-09-09 14:38:00,,26.7 V,26.5 V,26.9 V,25.1 V,26.9 V,,26.2 V,,1824 rpm,1712 rpm,1794 rpm,0 rpm,800 rpm,,1707 rpm
2026-09-09 14:40:00,,26.7 V,26.6 V,26.9 V,,27.0 V,,26.1 V,,1841 rpm,1751 rpm,1818 rpm,,800 rpm,,1824 rpm
2026-09-09 14:42:00,,26.7 V,26.7 V,26.9 V,25.1 V,27.0 V,,26.2 V,,1837 rpm,1761 rpm,1816 rpm,0 rpm,1859 rpm,,1821 rpm
2026-09-09 14:44:00,,26.7 V,26.7 V,26.9 V,25.1 V,27.0 V,,26.2 V,,1821 rpm,1701 rpm,1867 rpm,0 rpm,1900 rpm,,1675 rpm
2026-09-09 14:46:00,,26.1 V,26.7 V,26.9 V,,27.0 V,,26.1 V,,1820 rpm,1757 rpm,1799 rpm,,1778 rpm,,1773 rpm
2026-09-09 14:48:00,,26.5 V,26.6 V,26.9 V,25.1 V,27.0 V,,26.2 V,,1839 rpm,1783 rpm,1800 rpm,0 rpm,1759 rpm,,1811 rpm
2026-09-09 14:50:00,,26.6 V,25.8 V,26.9 V,23.9 V,27.0 V,,26.1 V,,1820 rpm,800 rpm,1833 rpm,0 rpm,1814 rpm,,1821 rpm
2026-09-09 14:52:00,,26.6 V,25.7 V,26.9 V,25.1 V,27.0 V,,26.0 V,,1837 rpm,800 rpm,1813 rpm,0 rpm,1758 rpm,,1840 rpm
2026-09-09 14:54:00,,26.6 V,26.5 V,26.9 V,,26.7 V,,26.2 V,,1840 rpm,800 rpm,1847 rpm,,1830 rpm,,1826 rpm
2026-09-09 14:56:00,,26.7 V,26.6 V,26.7 V,24.1 V,27.0 V,26.8 V,26.2 V,,1844 rpm,1445 rpm,1837 rpm,0 rpm,1788 rpm,800 rpm,1817 rpm
2026-09-09 14:58:00,,26.6 V,26.6 V,26.9 V,25.1 V,27.0 V,26.9 V,26.1 V,,1865 rpm,1810 rpm,1826 rpm,0 rpm,1897 rpm,800 rpm,1821 rpm
2026-09-09 15:00:00,,26.5 V,26.7 V,26.9 V,,27.0 V,26.9 V,26.1 V,,1814 rpm,1742 rpm,1844 rpm,,1900 rpm,800 rpm,1761 rpm
2026-09-09 15:02:00,,26.6 V,26.5 V,26.9 V,25.1 V,27.0 V,26.9 V,26.1 V,,1779 rpm,1801 rpm,1840 rpm,0 rpm,1900 rpm,856 rpm,1819 rpm
2026-09-09 15:04:00,,26.5 V,26.7 V,26.9 V,25.1 V,27.0 V,26.9 V,26.0 V,,1830 rpm,1725 rpm,1832 rpm,0 rpm,1806 rpm,800 rpm,1796 rpm
2026-09-09 15:06:00,,26.6 V,26.7 V,26.8 V,25.1 V,27.0 V,,,,1846 rpm,1753 rpm,1834 rpm,0 rpm,1774 rpm,,
2026-09-09 15:08:00,,26.7 V,26.8 V,,24.8 V,,,,,1830 rpm,1764 rpm,,0 rpm,,,

