"Time","I38","I39","I40","I41","I42","I43","I44","I46","I47","I48","I38","I39","I40","I41","I42","I43","I44","I46","I47","I48"
2026-06-12 13:00:00,26.5 V,26.5 V,26.8 V,26.8 V,26.2 V,26.5 V,26.5 V,,26.8 V,,1717 rpm,1681 rpm,1838 rpm,1851 rpm,728 rpm,1644 rpm,1825 rpm,,1037 rpm,
2026-06-12 15:00:00,26.5 V,26.4 V,26.9 V,26.7 V,26.2 V,26.5 V,26.5 V,,26.9 V,,1663 rpm,1645 rpm,1672 rpm,1630 rpm,1676 rpm,1577 rpm,1748 rpm,,739 rpm,
2026-06-12 17:00:00,26.0 V,26.5 V,26.8 V,26.9 V,26.0 V,26.6 V,26.5 V,,,,1067 rpm,1609 rpm,1633 rpm,1393 rpm,1796 rpm,1441 rpm,1712 rpm,,,
2026-06-12 19:00:00,27.0 V,26.6 V,26.7 V,26.8 V,25.9 V,26.6 V,26.6 V,,,,810 rpm,1685 rpm,1669 rpm,1825 rpm,1825 rpm,1596 rpm,1750 rpm,,,
2026-06-12 21:00:00,26.8 V,26.7 V,26.8 V,26.8 V,26.0 V,26.6 V,26.6 V,,26.6 V,,817 rpm,1751 rpm,1628 rpm,1849 rpm,1693 rpm,1712 rpm,1753 rpm,,838 rpm,
2026-06-12 23:00:00,26.9 V,26.7 V,26.8 V,26.9 V,26.1 V,26.7 V,26.6 V,,,,1231 rpm,1775 rpm,1526 rpm,1185 rpm,1681 rpm,1498 rpm,1738 rpm,,,
2026-06-13 01:00:00,26.8 V,26.6 V,26.9 V,27.0 V,26.6 V,26.7 V,26.6 V,,,,1512 rpm,1431 rpm,1674 rpm,1203 rpm,931 rpm,1495 rpm,1744 rpm,,,
2026-06-13 03:00:00,26.7 V,26.8 V,26.8 V,27.0 V,26.6 V,26.7 V,26.7 V,,,,1679 rpm,1600 rpm,1656 rpm,1278 rpm,1615 rpm,1562 rpm,1748 rpm,,,
2026-06-13 05:00:00,26.7 V,26.7 V,26.8 V,26.9 V,26.2 V,26.7 V,26.6 V,,,,1643 rpm,1429 rpm,1558 rpm,1056 rpm,1327 rpm,1452 rpm,1580 rpm,,,
2026-06-13 07:00:00,26.7 V,26.7 V,26.4 V,26.9 V,26.1 V,26.6 V,26.7 V,,,,1790 rpm,1583 rpm,1530 rpm,1376 rpm,1388 rpm,1702 rpm,1561 rpm,,,
2026-06-13 09:00:00,26.7 V,26.6 V,26.7 V,26.8 V,26.0 V,26.6 V,26.6 V,,,,1657 rpm,1459 rpm,1680 rpm,1572 rpm,1324 rpm,1785 rpm,1740 rpm,,,
2026-06-13 11:00:00,26.6 V,26.5 V,26.7 V,26.7 V,26.1 V,25.3 V,26.4 V,,,,1716 rpm,1776 rpm,1664 rpm,1725 rpm,1648 rpm,58.3 rpm,1666 rpm,,,
2026-06-13 13:00:00,26.6 V,26.4 V,26.8 V,26.6 V,26.2 V,25.9 V,26.4 V,,,,1585 rpm,1756 rpm,1518 rpm,1584 rpm,1426 rpm,571 rpm,1759 rpm,,,
2026-06-13 15:00:00,26.7 V,26.4 V,26.9 V,26.7 V,26.1 V,26.6 V,26.4 V,25.9 V,,,1348 rpm,1833 rpm,1797 rpm,1771 rpm,1619 rpm,1756 rpm,1797 rpm,1894 rpm,,
2026-06-13 17:00:00,26.8 V,26.6 V,26.7 V,26.7 V,26.0 V,26.6 V,26.5 V,25.8 V,,,1312 rpm,1682 rpm,1641 rpm,1566 rpm,1085 rpm,1473 rpm,1506 rpm,1592 rpm,,
2026-06-13 19:00:00,26.8 V,26.6 V,26.8 V,26.7 V,25.1 V,26.6 V,26.5 V,25.9 V,,,1512 rpm,1763 rpm,1627 rpm,1776 rpm,23.4 rpm,1721 rpm,1751 rpm,1570 rpm,,
2026-06-13 21:00:00,26.8 V,26.8 V,26.8 V,26.8 V,25.4 V,26.7 V,26.6 V,,,,1508 rpm,1305 rpm,1581 rpm,1700 rpm,216 rpm,1556 rpm,1730 rpm,,,
2026-06-13 23:00:00,26.9 V,26.8 V,26.8 V,26.8 V,26.4 V,26.7 V,26.6 V,,26.9 V,,1178 rpm,1514 rpm,1607 rpm,1795 rpm,1369 rpm,1646 rpm,1727 rpm,,793 rpm,
2026-06-14 01:00:00,26.8 V,26.6 V,26.9 V,26.9 V,26.2 V,26.7 V,26.6 V,,,,1487 rpm,1461 rpm,1683 rpm,1658 rpm,1538 rpm,1530 rpm,1611 rpm,,,
2026-06-14 03:00:00,26.8 V,26.7 V,26.8 V,26.8 V,26.1 V,26.7 V,26.6 V,,26.6 V,,1672 rpm,1824 rpm,1750 rpm,1695 rpm,1597 rpm,1549 rpm,1730 rpm,,573 rpm,
2026-06-14 05:00:00,26.8 V,26.7 V,26.8 V,26.9 V,25.9 V,26.7 V,26.5 V,,26.9 V,,1509 rpm,1616 rpm,1399 rpm,1466 rpm,1742 rpm,1472 rpm,1525 rpm,,1209 rpm,
2026-06-14 07:00:00,26.7 V,26.6 V,26.8 V,26.8 V,25.8 V,26.7 V,26.5 V,,26.9 V,,1665 rpm,1715 rpm,1660 rpm,1769 rpm,1726 rpm,1697 rpm,1827 rpm,,1623 rpm,
2026-06-14 09:00:00,26.7 V,26.5 V,25.6 V,26.8 V,25.7 V,26.6 V,26.5 V,,26.7 V,,1723 rpm,1768 rpm,383 rpm,1783 rpm,1691 rpm,1703 rpm,1780 rpm,,1844 rpm,
2026-06-14 11:00:00,26.7 V,26.6 V,26.4 V,26.7 V,25.7 V,26.6 V,26.5 V,,26.5 V,,1404 rpm,1712 rpm,854 rpm,1725 rpm,1736 rpm,1706 rpm,1752 rpm,,1647 rpm,
2026-06-14 13:00:00,26.8 V,26.5 V,26.8 V,26.6 V,25.8 V,26.7 V,26.5 V,,26.4 V,,1195 rpm,1765 rpm,1432 rpm,1687 rpm,1523 rpm,1730 rpm,1807 rpm,,1744 rpm,
2026-06-14 15:00:00,26.7 V,26.5 V,26.7 V,26.7 V,26.6 V,26.8 V,26.5 V,,26.5 V,,1441 rpm,1831 rpm,1673 rpm,1805 rpm,1008 rpm,1660 rpm,1820 rpm,,1460 rpm,
2026-06-14 17:00:00,26.7 V,26.6 V,26.6 V,26.7 V,25.9 V,26.7 V,26.5 V,,26.5 V,,1307 rpm,1570 rpm,1630 rpm,1596 rpm,1632 rpm,1505 rpm,1564 rpm,,1755 rpm,
2026-06-14 19:00:00,26.7 V,26.6 V,26.7 V,26.7 V,26.0 V,26.7 V,26.6 V,,26.5 V,,1567 rpm,1663 rpm,1750 rpm,1490 rpm,1598 rpm,1669 rpm,1509 rpm,,1838 rpm,
2026-06-14 21:00:00,26.6 V,26.8 V,26.8 V,26.7 V,26.1 V,26.7 V,26.6 V,,26.5 V,,1769 rpm,1115 rpm,1784 rpm,1681 rpm,1625 rpm,1802 rpm,1620 rpm,,1824 rpm,
2026-06-14 23:00:00,26.7 V,26.7 V,26.9 V,26.7 V,26.1 V,26.7 V,26.6 V,,26.6 V,,1585 rpm,1619 rpm,1780 rpm,1860 rpm,1490 rpm,1647 rpm,1733 rpm,,1801 rpm,
2026-06-15 01:00:00,26.7 V,26.7 V,26.9 V,26.7 V,26.0 V,26.7 V,26.6 V,,26.6 V,,1566 rpm,1558 rpm,1595 rpm,1531 rpm,1676 rpm,1589 rpm,1418 rpm,,1762 rpm,
2026-06-15 03:00:00,26.8 V,26.7 V,27.1 V,26.8 V,26.1 V,26.8 V,26.6 V,,26.6 V,,1520 rpm,1456 rpm,1801 rpm,1785 rpm,1660 rpm,1528 rpm,1613 rpm,,1833 rpm,
2026-06-15 05:00:00,26.7 V,26.7 V,27.0 V,26.7 V,26.2 V,26.8 V,26.6 V,,26.6 V,,1568 rpm,1653 rpm,1680 rpm,1451 rpm,1326 rpm,1579 rpm,1561 rpm,,1715 rpm,
2026-06-15 07:00:00,26.7 V,26.6 V,26.8 V,26.8 V,26.1 V,26.7 V,26.5 V,,26.6 V,,1769 rpm,1593 rpm,1712 rpm,1840 rpm,1318 rpm,1784 rpm,1362 rpm,,1680 rpm,
2026-06-15 09:00:00,26.6 V,26.6 V,26.7 V,26.1 V,26.0 V,26.5 V,26.7 V,,26.5 V,,1713 rpm,1676 rpm,1761 rpm,744 rpm,1454 rpm,1782 rpm,705 rpm,,1777 rpm,
2026-06-15 11:00:00,26.6 V,26.5 V,26.7 V,26.3 V,25.8 V,26.5 V,25.7 V,,26.5 V,,1726 rpm,1479 rpm,1638 rpm,1094 rpm,1771 rpm,1794 rpm,240 rpm,,1688 rpm,
2026-06-15 13:00:00,26.5 V,26.6 V,26.6 V,26.7 V,25.7 V,26.4 V,26.7 V,,26.3 V,,1775 rpm,1794 rpm,1557 rpm,1804 rpm,1718 rpm,1812 rpm,1790 rpm,,1527 rpm,
2026-06-15 15:00:00,26.6 V,26.5 V,26.7 V,26.7 V,25.8 V,26.6 V,26.5 V,,,,1787 rpm,1807 rpm,1716 rpm,1855 rpm,1755 rpm,1776 rpm,1794 rpm,,,
2026-06-15 17:00:00,26.7 V,26.6 V,26.6 V,26.7 V,26.0 V,26.7 V,26.6 V,,25.3 V,,1443 rpm,1429 rpm,1555 rpm,1617 rpm,1565 rpm,1472 rpm,1557 rpm,,0 rpm,
2026-06-15 19:00:00,26.7 V,26.6 V,26.7 V,26.8 V,25.9 V,26.7 V,26.6 V,,26.6 V,,1462 rpm,1801 rpm,1797 rpm,1636 rpm,1685 rpm,1535 rpm,1695 rpm,,1185 rpm,
2026-06-15 21:00:00,26.8 V,26.6 V,26.7 V,26.6 V,26.0 V,26.7 V,26.6 V,,26.4 V,,1645 rpm,1716 rpm,1802 rpm,930 rpm,1650 rpm,1742 rpm,1674 rpm,,1831 rpm,
2026-06-15 23:00:00,26.6 V,26.7 V,26.8 V,,25.9 V,26.7 V,26.6 V,,26.6 V,,1728 rpm,1393 rpm,1584 rpm,,1722 rpm,1641 rpm,1557 rpm,,1657 rpm,
2026-06-16 01:00:00,26.8 V,26.8 V,26.9 V,26.5 V,25.9 V,26.7 V,26.6 V,,26.6 V,,1446 rpm,1641 rpm,1496 rpm,2241 rpm,1571 rpm,1640 rpm,1503 rpm,,1735 rpm,
2026-06-16 03:00:00,26.8 V,26.7 V,26.9 V,,26.2 V,26.8 V,26.6 V,,26.6 V,,1384 rpm,1640 rpm,1597 rpm,,1425 rpm,1719 rpm,1836 rpm,,1763 rpm,
2026-06-16 05:00:00,26.8 V,26.7 V,27.0 V,,26.4 V,26.8 V,26.6 V,,26.6 V,,1323 rpm,1487 rpm,1332 rpm,,1286 rpm,1474 rpm,1218 rpm,,1615 rpm,
2026-06-16 07:00:00,26.7 V,26.7 V,26.8 V,,26.1 V,26.8 V,26.6 V,,26.6 V,,1528 rpm,1806 rpm,1659 rpm,,1616 rpm,1840 rpm,1794 rpm,,1809 rpm,
2026-06-16 09:00:00,26.7 V,26.7 V,26.7 V,,25.9 V,26.8 V,26.6 V,,26.5 V,,1629 rpm,1831 rpm,1699 rpm,,1736 rpm,1840 rpm,1769 rpm,,1564 rpm,
2026-06-16 11:00:00,26.6 V,26.6 V,26.6 V,,25.9 V,26.7 V,26.5 V,,26.5 V,,1615 rpm,1798 rpm,1716 rpm,,1662 rpm,1836 rpm,1799 rpm,,1376 rpm,
2026-06-16 13:00:00,26.6 V,26.6 V,26.6 V,,26.2 V,26.6 V,26.4 V,,26.5 V,,1291 rpm,1769 rpm,1814 rpm,,1678 rpm,1467 rpm,1604 rpm,,1756 rpm,
2026-06-16 15:00:00,26.7 V,26.6 V,26.6 V,,25.8 V,26.7 V,26.2 V,,26.5 V,,1511 rpm,1665 rpm,1808 rpm,,655 rpm,1806 rpm,1139 rpm,,1809 rpm,
2026-06-16 17:00:00,26.6 V,26.5 V,26.7 V,,,26.7 V,26.5 V,,26.5 V,,1446 rpm,1643 rpm,1493 rpm,,,1483 rpm,1395 rpm,,1663 rpm,
2026-06-16 19:00:00,26.7 V,26.6 V,26.8 V,,,26.7 V,26.6 V,,26.6 V,,1434 rpm,1832 rpm,1528 rpm,,,1749 rpm,1817 rpm,,1801 rpm,
2026-06-16 21:00:00,26.7 V,26.6 V,26.9 V,,26.3 V,26.8 V,26.7 V,,26.6 V,,1548 rpm,1788 rpm,1613 rpm,,1218 rpm,1765 rpm,1362 rpm,,1736 rpm,
2026-06-16 23:00:00,26.8 V,26.6 V,26.9 V,,26.2 V,26.8 V,26.8 V,,26.7 V,,1568 rpm,1789 rpm,1598 rpm,,1731 rpm,1710 rpm,1187 rpm,,1562 rpm,
2026-06-17 01:00:00,26.8 V,26.7 V,26.9 V,,26.5 V,26.7 V,26.7 V,,26.7 V,,1623 rpm,1625 rpm,1524 rpm,,1434 rpm,1703 rpm,1626 rpm,,1348 rpm,
2026-06-17 03:00:00,,26.7 V,26.9 V,,26.6 V,26.9 V,26.6 V,,26.6 V,,,1626 rpm,1406 rpm,,1482 rpm,1682 rpm,1827 rpm,,1657 rpm,
2026-06-17 05:00:00,,26.7 V,26.8 V,,26.4 V,26.8 V,26.6 V,,26.6 V,,,1661 rpm,1577 rpm,,1640 rpm,1495 rpm,1618 rpm,,1612 rpm,
2026-06-17 07:00:00,26.6 V,26.6 V,26.8 V,,26.0 V,26.8 V,26.7 V,,26.4 V,,1287 rpm,1770 rpm,1802 rpm,,1729 rpm,1808 rpm,1664 rpm,,1796 rpm,
2026-06-17 09:00:00,26.3 V,26.5 V,26.7 V,,25.9 V,26.7 V,26.6 V,,26.3 V,,1085 rpm,1831 rpm,1821 rpm,,1736 rpm,1839 rpm,1611 rpm,,1531 rpm,
2026-06-17 11:00:00,,26.4 V,26.7 V,,25.6 V,26.6 V,26.5 V,,26.4 V,,,1830 rpm,1808 rpm,,818 rpm,1821 rpm,1629 rpm,,1838 rpm,
2026-06-17 13:00:00,,26.4 V,26.7 V,,,26.6 V,26.8 V,,26.4 V,,,1774 rpm,1671 rpm,,,1743 rpm,1085 rpm,,1767 rpm,
2026-06-17 15:00:00,,26.5 V,26.7 V,26.2 V,26.1 V,26.6 V,26.7 V,,26.4 V,,,1757 rpm,1605 rpm,410 rpm,1806 rpm,1789 rpm,1744 rpm,,1841 rpm,
2026-06-17 17:00:00,,26.5 V,26.7 V,26.9 V,26.1 V,26.7 V,26.6 V,,26.5 V,,,1512 rpm,1353 rpm,1076 rpm,1457 rpm,1180 rpm,1458 rpm,,1430 rpm,
2026-06-17 19:00:00,,26.5 V,26.7 V,26.5 V,26.0 V,26.8 V,26.6 V,,26.6 V,,,1826 rpm,1558 rpm,1047 rpm,1667 rpm,1648 rpm,1636 rpm,,1653 rpm,
2026-06-17 21:00:00,,26.6 V,26.8 V,26.7 V,26.4 V,26.8 V,26.5 V,,26.8 V,,,1693 rpm,1600 rpm,1630 rpm,1606 rpm,1608 rpm,1806 rpm,,1523 rpm,
2026-06-17 23:00:00,,26.6 V,26.8 V,26.8 V,26.2 V,26.8 V,26.6 V,,26.9 V,,,1771 rpm,1533 rpm,1062 rpm,1590 rpm,1785 rpm,1656 rpm,,1752 rpm,
2026-06-18 01:00:00,,26.1 V,26.9 V,26.9 V,26.6 V,26.8 V,26.7 V,,26.7 V,,,1146 rpm,1367 rpm,1814 rpm,1003 rpm,1792 rpm,1413 rpm,,1609 rpm,
2026-06-18 03:00:00,,,26.8 V,26.8 V,27.0 V,26.8 V,26.7 V,,26.7 V,,,,1582 rpm,1825 rpm,843 rpm,1718 rpm,1528 rpm,,1745 rpm,
2026-06-18 05:00:00,,26.8 V,26.9 V,26.7 V,26.7 V,26.9 V,26.7 V,,26.9 V,,,965 rpm,1259 rpm,1604 rpm,1341 rpm,1191 rpm,1406 rpm,,1412 rpm,
2026-06-18 07:00:00,,26.6 V,26.8 V,26.9 V,26.2 V,26.7 V,26.6 V,,26.9 V,,,1575 rpm,1719 rpm,1818 rpm,1843 rpm,1702 rpm,1699 rpm,,1706 rpm,
2026-06-18 09:00:00,,26.6 V,26.8 V,26.9 V,26.1 V,26.7 V,26.6 V,,26.8 V,,,1735 rpm,1723 rpm,1823 rpm,1787 rpm,1843 rpm,1697 rpm,,1669 rpm,
2026-06-18 11:00:00,,26.6 V,26.8 V,26.9 V,26.0 V,26.6 V,26.5 V,,26.6 V,,,1621 rpm,1804 rpm,1836 rpm,1641 rpm,1655 rpm,1580 rpm,,1681 rpm,
2026-06-18 13:00:00,,26.6 V,26.8 V,26.3 V,25.9 V,26.6 V,26.0 V,,26.5 V,,,1797 rpm,1575 rpm,1108 rpm,1310 rpm,1795 rpm,960 rpm,,1808 rpm,
2026-06-18 15:00:00,26.9 V,26.6 V,26.7 V,26.4 V,25.8 V,26.7 V,26.0 V,,26.4 V,,1345 rpm,1517 rpm,1780 rpm,1083 rpm,1808 rpm,1791 rpm,633 rpm,,1776 rpm,
2026-06-18 17:00:00,26.9 V,26.7 V,26.7 V,27.0 V,26.0 V,26.8 V,26.6 V,,26.6 V,,1409 rpm,1622 rpm,1438 rpm,1650 rpm,1755 rpm,1471 rpm,1370 rpm,,1327 rpm,
2026-06-18 19:00:00,26.9 V,26.6 V,26.7 V,27.0 V,26.0 V,26.7 V,26.6 V,,26.6 V,,1516 rpm,1762 rpm,1815 rpm,1804 rpm,1549 rpm,1830 rpm,1834 rpm,,1736 rpm,
2026-06-18 21:00:00,26.9 V,26.6 V,26.7 V,26.9 V,26.0 V,26.7 V,26.6 V,,26.6 V,,1550 rpm,1717 rpm,1809 rpm,1769 rpm,1601 rpm,1838 rpm,1819 rpm,,1790 rpm,
2026-06-18 23:00:00,26.9 V,26.6 V,26.8 V,26.9 V,25.9 V,26.8 V,26.6 V,,26.6 V,,1538 rpm,1686 rpm,1756 rpm,1800 rpm,1712 rpm,1832 rpm,1774 rpm,,1736 rpm,
2026-06-19 01:00:00,26.8 V,26.7 V,26.8 V,26.9 V,26.0 V,26.7 V,26.7 V,,26.6 V,,1628 rpm,1481 rpm,1693 rpm,1682 rpm,1728 rpm,1770 rpm,1705 rpm,,1723 rpm,
2026-06-19 03:00:00,26.8 V,26.6 V,26.7 V,,26.1 V,26.8 V,26.7 V,,26.7 V,,1548 rpm,1582 rpm,1674 rpm,,1786 rpm,1768 rpm,1552 rpm,,1838 rpm,
2026-06-19 05:00:00,26.8 V,24.9 V,26.8 V,27.0 V,26.1 V,26.8 V,26.6 V,,26.6 V,,1663 rpm,0 rpm,1638 rpm,1408 rpm,1778 rpm,1565 rpm,1695 rpm,,1729 rpm,
2026-06-19 07:00:00,26.8 V,25.1 V,26.7 V,27.0 V,26.0 V,26.7 V,26.6 V,,26.7 V,,1616 rpm,71.3 rpm,1732 rpm,1778 rpm,1672 rpm,1745 rpm,1747 rpm,,1745 rpm,
2026-06-19 09:00:00,26.8 V,26.5 V,26.8 V,26.9 V,25.8 V,26.7 V,26.5 V,,26.6 V,,1693 rpm,617 rpm,1690 rpm,1800 rpm,1659 rpm,1670 rpm,1787 rpm,,1631 rpm,
2026-06-19 11:00:00,26.7 V,26.7 V,26.7 V,26.9 V,25.7 V,26.7 V,26.5 V,,26.6 V,,1687 rpm,1362 rpm,1682 rpm,1413 rpm,1733 rpm,1521 rpm,1776 rpm,,1666 rpm,
2026-06-19 13:00:00,26.6 V,26.7 V,26.8 V,26.9 V,25.7 V,26.7 V,26.5 V,,26.5 V,,1742 rpm,1445 rpm,1744 rpm,1780 rpm,1526 rpm,1543 rpm,1807 rpm,,1716 rpm,
2026-06-19 15:00:00,26.7 V,26.6 V,26.7 V,26.8 V,26.0 V,26.7 V,26.5 V,,26.5 V,,1763 rpm,1469 rpm,1791 rpm,1614 rpm,1630 rpm,1568 rpm,1630 rpm,,1796 rpm,
2026-06-19 17:00:00,26.7 V,26.6 V,26.8 V,26.8 V,26.2 V,26.8 V,26.6 V,,26.5 V,,1361 rpm,1635 rpm,1681 rpm,1558 rpm,1432 rpm,1506 rpm,1624 rpm,,1653 rpm,
2026-06-19 19:00:00,26.8 V,26.5 V,26.8 V,26.8 V,26.4 V,26.8 V,26.7 V,,26.6 V,,1677 rpm,1829 rpm,1685 rpm,668 rpm,1510 rpm,1786 rpm,1787 rpm,,1621 rpm,
2026-06-19 21:00:00,26.8 V,26.6 V,26.8 V,26.9 V,26.0 V,26.8 V,26.6 V,,26.6 V,,1462 rpm,1778 rpm,1722 rpm,1646 rpm,1067 rpm,1850 rpm,1742 rpm,,1741 rpm,
2026-06-19 23:00:00,26.8 V,26.6 V,26.9 V,27.0 V,26.0 V,26.8 V,26.6 V,,26.5 V,,1695 rpm,1792 rpm,1671 rpm,1834 rpm,1377 rpm,1833 rpm,1766 rpm,,1839 rpm,
2026-06-20 01:00:00,26.8 V,26.3 V,26.8 V,26.9 V,,26.8 V,26.8 V,,26.5 V,,1419 rpm,1429 rpm,1707 rpm,1750 rpm,,1835 rpm,1604 rpm,,1752 rpm,
2026-06-20 03:00:00,26.8 V,26.5 V,26.8 V,27.0 V,,26.7 V,26.7 V,,26.6 V,,1591 rpm,1637 rpm,1673 rpm,1793 rpm,,1776 rpm,1673 rpm,,1723 rpm,
2026-06-20 05:00:00,26.8 V,26.6 V,26.9 V,27.1 V,,26.8 V,26.7 V,,26.6 V,,1558 rpm,1753 rpm,1409 rpm,1593 rpm,,1158 rpm,1211 rpm,,1723 rpm,
2026-06-20 07:00:00,26.9 V,26.5 V,26.8 V,27.0 V,,26.7 V,26.6 V,,26.5 V,,1401 rpm,1723 rpm,1639 rpm,1817 rpm,,1735 rpm,1527 rpm,,1671 rpm,
2026-06-20 09:00:00,26.8 V,26.5 V,26.8 V,27.0 V,25.0 V,26.6 V,26.5 V,,26.4 V,,1596 rpm,1754 rpm,1743 rpm,1698 rpm,218 rpm,1701 rpm,1577 rpm,,1750 rpm,
2026-06-20 11:00:00,26.6 V,26.5 V,26.7 V,26.6 V,25.3 V,26.5 V,26.6 V,,26.5 V,,1467 rpm,1803 rpm,1600 rpm,1264 rpm,5024 rpm,1734 rpm,1377 rpm,,1795 rpm,
2026-06-20 13:00:00,26.7 V,26.6 V,26.7 V,,,26.6 V,26.5 V,,26.4 V,,1748 rpm,1775 rpm,1674 rpm,,,1128 rpm,1638 rpm,,1829 rpm,
2026-06-20 15:00:00,26.6 V,26.6 V,26.7 V,27.0 V,,26.6 V,26.6 V,,26.5 V,,1642 rpm,1650 rpm,1698 rpm,1756 rpm,,1800 rpm,1474 rpm,,1792 rpm,
2026-06-20 17:00:00,26.0 V,26.7 V,26.7 V,27.0 V,,26.7 V,26.6 V,,26.5 V,,880 rpm,1224 rpm,1720 rpm,1045 rpm,,1437 rpm,1577 rpm,,1584 rpm,
2026-06-20 19:00:00,25.2 V,26.8 V,26.7 V,27.0 V,,26.7 V,26.5 V,,26.8 V,,138 rpm,1370 rpm,1790 rpm,1630 rpm,,1825 rpm,1806 rpm,,1661 rpm,
2026-06-20 21:00:00,25.6 V,26.7 V,26.7 V,26.9 V,,26.7 V,26.6 V,,27.0 V,,277 rpm,1740 rpm,1789 rpm,1752 rpm,,1722 rpm,1803 rpm,,1509 rpm,
2026-06-20 23:00:00,24.9 V,26.6 V,26.7 V,26.9 V,,26.7 V,26.7 V,,27.0 V,,0 rpm,1460 rpm,1749 rpm,1758 rpm,,1742 rpm,1780 rpm,,1563 rpm,
2026-06-21 01:00:00,24.7 V,26.6 V,26.7 V,27.0 V,,26.7 V,26.6 V,,27.1 V,,0 rpm,1792 rpm,1712 rpm,1594 rpm,,1679 rpm,1726 rpm,,1136 rpm,
2026-06-21 03:00:00,24.7 V,26.6 V,26.7 V,27.1 V,,26.9 V,26.6 V,,27.0 V,,0 rpm,1364 rpm,1688 rpm,1419 rpm,,1020 rpm,1800 rpm,,1641 rpm,
2026-06-21 05:00:00,25.7 V,26.8 V,26.8 V,27.1 V,,26.7 V,26.6 V,,26.7 V,,807 rpm,1830 rpm,1767 rpm,1335 rpm,,1437 rpm,1703 rpm,,1650 rpm,
2026-06-21 07:00:00,26.6 V,26.8 V,26.8 V,26.9 V,,26.8 V,26.6 V,,26.4 V,,1637 rpm,1734 rpm,1794 rpm,1450 rpm,,1655 rpm,1744 rpm,,1706 rpm,
2026-06-21 09:00:00,26.6 V,26.6 V,26.5 V,26.9 V,,26.7 V,25.9 V,,26.4 V,,1728 rpm,1828 rpm,1353 rpm,1567 rpm,,1770 rpm,530 rpm,,1763 rpm,
2026-06-21 11:00:00,26.7 V,26.6 V,26.8 V,26.9 V,,26.7 V,,,26.2 V,,1329 rpm,1600 rpm,1812 rpm,1541 rpm,,1417 rpm,,,1637 rpm,
2026-06-21 13:00:00,26.6 V,26.6 V,,,,,,,25.4 V,,1746 rpm,1809 rpm,,,,,,,0 rpm,
2026-06-21 15:00:00,26.2 V,26.4 V,,26.9 V,,,,,,,1124 rpm,1511 rpm,,710 rpm,,,,,,
2026-06-21 17:00:00,26.8 V,26.6 V,26.9 V,26.9 V,,26.7 V,26.8 V,,26.4 V,,1395 rpm,1743 rpm,1802 rpm,1790 rpm,,1760 rpm,1747 rpm,,1455 rpm,
2026-06-21 19:00:00,26.7 V,26.6 V,26.7 V,26.8 V,,26.6 V,26.7 V,,26.8 V,,1599 rpm,1758 rpm,1777 rpm,1487 rpm,,1605 rpm,1721 rpm,,1861 rpm,
2026-06-21 21:00:00,26.8 V,26.7 V,26.7 V,26.9 V,,26.7 V,26.6 V,,26.8 V,,1673 rpm,1682 rpm,1783 rpm,1829 rpm,,1736 rpm,1696 rpm,,1577 rpm,
2026-06-21 23:00:00,26.8 V,26.7 V,26.7 V,26.9 V,25.8 V,26.7 V,26.6 V,,26.6 V,,1689 rpm,1720 rpm,1760 rpm,1710 rpm,1228 rpm,1573 rpm,1733 rpm,,1803 rpm,
2026-06-22 01:00:00,26.8 V,26.6 V,26.7 V,26.9 V,26.1 V,26.8 V,26.6 V,,26.8 V,,1654 rpm,1656 rpm,1701 rpm,1761 rpm,841 rpm,1403 rpm,1611 rpm,,1130 rpm,
2026-06-22 03:00:00,26.3 V,26.6 V,26.7 V,26.9 V,26.4 V,26.7 V,26.7 V,,26.8 V,,1049 rpm,1478 rpm,1675 rpm,1630 rpm,1872 rpm,1760 rpm,1686 rpm,,1777 rpm,
2026-06-22 05:00:00,26.8 V,26.7 V,26.8 V,27.0 V,26.2 V,26.7 V,26.7 V,,26.6 V,,1648 rpm,1577 rpm,1569 rpm,1306 rpm,1099 rpm,1519 rpm,1602 rpm,,1684 rpm,
2026-06-22 07:00:00,26.7 V,26.6 V,26.8 V,26.9 V,26.2 V,26.6 V,26.6 V,,26.5 V,,1665 rpm,1688 rpm,1677 rpm,1660 rpm,1324 rpm,1615 rpm,1666 rpm,,1766 rpm,
2026-06-22 09:00:00,26.7 V,26.5 V,26.7 V,26.8 V,26.3 V,26.6 V,26.6 V,,26.4 V,,1658 rpm,1734 rpm,1511 rpm,1800 rpm,940 rpm,1295 rpm,1645 rpm,,1654 rpm,
2026-06-22 11:00:00,26.7 V,26.5 V,26.8 V,26.8 V,26.2 V,26.9 V,26.5 V,,26.6 V,,1659 rpm,1757 rpm,1628 rpm,1746 rpm,1630 rpm,1383 rpm,1679 rpm,,1171 rpm,
2026-06-22 13:00:00,26.6 V,26.5 V,26.8 V,26.2 V,26.4 V,,26.5 V,,26.5 V,,1638 rpm,1514 rpm,1658 rpm,970 rpm,1249 rpm,,1756 rpm,,1815 rpm,
2026-06-22 15:00:00,26.7 V,26.6 V,26.8 V,26.9 V,26.5 V,,26.6 V,,26.5 V,,1774 rpm,1634 rpm,1685 rpm,1800 rpm,1183 rpm,,1349 rpm,,1740 rpm,
2026-06-22 17:00:00,26.5 V,26.6 V,26.8 V,26.9 V,26.1 V,,26.7 V,,26.4 V,,1249 rpm,1521 rpm,1734 rpm,1674 rpm,1781 rpm,,1589 rpm,,1675 rpm,
2026-06-22 19:00:00,26.8 V,26.6 V,26.8 V,26.8 V,26.0 V,,26.6 V,,26.5 V,,1597 rpm,1486 rpm,1797 rpm,1740 rpm,1826 rpm,,1763 rpm,,1643 rpm,
2026-06-22 21:00:00,26.8 V,26.6 V,26.7 V,26.9 V,26.1 V,26.7 V,26.6 V,,26.5 V,,1581 rpm,1708 rpm,1776 rpm,1792 rpm,1834 rpm,2696 rpm,1723 rpm,,1521 rpm,
2026-06-22 23:00:00,26.8 V,26.6 V,26.7 V,26.9 V,26.2 V,,26.6 V,,26.5 V,,1567 rpm,1812 rpm,1689 rpm,1806 rpm,1774 rpm,,1713 rpm,,1696 rpm,
2026-06-23 01:00:00,26.8 V,26.7 V,26.7 V,26.9 V,26.7 V,,26.6 V,,26.7 V,,1714 rpm,1268 rpm,1659 rpm,1742 rpm,1614 rpm,,1808 rpm,,1424 rpm,
2026-06-23 03:00:00,26.8 V,26.7 V,26.7 V,26.9 V,26.5 V,,26.6 V,,26.5 V,,1668 rpm,1846 rpm,1719 rpm,1802 rpm,1610 rpm,,1716 rpm,,1750 rpm,
2026-06-23 05:00:00,26.8 V,26.7 V,26.7 V,26.9 V,26.3 V,,26.6 V,,26.5 V,,1555 rpm,885 rpm,1617 rpm,1630 rpm,1794 rpm,,1739 rpm,,1464 rpm,
2026-06-23 07:00:00,26.8 V,,26.8 V,26.9 V,26.1 V,,26.6 V,,26.7 V,,1691 rpm,,1534 rpm,1841 rpm,1824 rpm,,1725 rpm,,1102 rpm,
2026-06-23 09:00:00,26.7 V,26.7 V,26.8 V,26.8 V,26.1 V,,26.6 V,,26.5 V,,1771 rpm,1164 rpm,1737 rpm,1846 rpm,1829 rpm,,1664 rpm,,1596 rpm,
2026-06-23 11:00:00,26.7 V,,26.7 V,26.8 V,26.1 V,27.1 V,26.6 V,,26.6 V,,1763 rpm,,1643 rpm,1760 rpm,1828 rpm,871 rpm,1337 rpm,,1133 rpm,
2026-06-23 13:00:00,26.6 V,,26.7 V,26.3 V,26.1 V,,26.5 V,,26.8 V,,1613 rpm,,1644 rpm,1014 rpm,1713 rpm,,1641 rpm,,818 rpm,
2026-06-23 15:00:00,26.9 V,26.9 V,26.7 V,26.8 V,25.9 V,27.2 V,26.5 V,,26.5 V,,1460 rpm,1210 rpm,1725 rpm,1611 rpm,1812 rpm,800 rpm,1754 rpm,,1805 rpm,
2026-06-23 17:00:00,26.8 V,,26.7 V,26.8 V,25.9 V,,26.6 V,,26.4 V,,1195 rpm,,1548 rpm,1678 rpm,1794 rpm,,1268 rpm,,1690 rpm,
2026-06-23 19:00:00,26.8 V,,26.8 V,26.9 V,26.0 V,,27.1 V,,26.4 V,,1443 rpm,,1399 rpm,1643 rpm,1704 rpm,,800 rpm,,1807 rpm,
2026-06-23 21:00:00,26.7 V,,26.8 V,26.9 V,26.0 V,,26.7 V,,26.4 V,,1692 rpm,,1629 rpm,1747 rpm,1788 rpm,,1498 rpm,,1827 rpm,
2026-06-23 23:00:00,26.8 V,26.2 V,26.8 V,26.8 V,25.9 V,27.1 V,26.6 V,,26.5 V,,1568 rpm,473 rpm,1621 rpm,1836 rpm,1751 rpm,753 rpm,1659 rpm,,1814 rpm,
2026-06-24 01:00:00,26.8 V,27.1 V,26.8 V,26.9 V,26.1 V,,27.0 V,,26.5 V,,1627 rpm,778 rpm,1604 rpm,1667 rpm,1586 rpm,,1191 rpm,,1699 rpm,
2026-06-24 03:00:00,26.8 V,,26.8 V,27.0 V,26.1 V,,26.5 V,,26.8 V,,1491 rpm,,1720 rpm,1647 rpm,1760 rpm,,1177 rpm,,1713 rpm,
2026-06-24 05:00:00,26.9 V,,26.8 V,27.0 V,26.2 V,,,,26.7 V,,1608 rpm,,1626 rpm,1777 rpm,1801 rpm,,,,1617 rpm,
2026-06-24 07:00:00,26.9 V,,26.7 V,26.9 V,26.2 V,,,,26.4 V,,1687 rpm,,1622 rpm,1787 rpm,1821 rpm,,,,1732 rpm,
2026-06-24 09:00:00,26.8 V,,26.5 V,26.9 V,26.2 V,,,,26.2 V,,1823 rpm,,1273 rpm,1813 rpm,1681 rpm,,,,1350 rpm,
2026-06-24 11:00:00,26.7 V,,26.7 V,26.8 V,25.9 V,25.4 V,27.2 V,,26.5 V,,1789 rpm,,1786 rpm,1652 rpm,1639 rpm,155 rpm,1442 rpm,,1517 rpm,
2026-06-24 13:00:00,26.7 V,,26.6 V,26.8 V,25.9 V,26.0 V,,,26.4 V,,1731 rpm,,1615 rpm,1563 rpm,1778 rpm,552 rpm,,,1624 rpm,
2026-06-24 15:00:00,26.8 V,27.0 V,26.6 V,26.9 V,25.9 V,26.7 V,,,26.4 V,,1814 rpm,800 rpm,1397 rpm,1393 rpm,1534 rpm,1579 rpm,,,1690 rpm,
2026-06-24 17:00:00,26.7 V,26.9 V,26.7 V,26.8 V,26.2 V,26.8 V,,,26.4 V,,1565 rpm,747 rpm,1737 rpm,898 rpm,907 rpm,1519 rpm,,,1638 rpm,
2026-06-24 19:00:00,26.7 V,,26.7 V,27.0 V,26.1 V,26.9 V,,,26.5 V,,1561 rpm,,1594 rpm,1804 rpm,1700 rpm,1410 rpm,,,1676 rpm,
2026-06-24 21:00:00,26.7 V,27.0 V,26.8 V,26.9 V,26.2 V,26.9 V,,,26.6 V,,1635 rpm,782 rpm,1607 rpm,1648 rpm,1583 rpm,1509 rpm,,,1641 rpm,
2026-06-24 23:00:00,26.7 V,26.5 V,26.8 V,26.9 V,26.0 V,26.9 V,,,26.5 V,,1342 rpm,583 rpm,1669 rpm,1694 rpm,1717 rpm,1461 rpm,,,1711 rpm,
2026-06-25 01:00:00,26.9 V,,26.8 V,26.9 V,26.0 V,26.9 V,,,26.9 V,,1417 rpm,,1477 rpm,1734 rpm,1527 rpm,1318 rpm,,,1046 rpm,
2026-06-25 03:00:00,26.9 V,27.0 V,27.1 V,26.9 V,26.2 V,27.0 V,,,26.9 V,,1635 rpm,847 rpm,1363 rpm,1648 rpm,1404 rpm,1181 rpm,,,1444 rpm,
2026-06-25 05:00:00,26.9 V,,26.9 V,26.9 V,26.4 V,26.9 V,,,26.9 V,,1190 rpm,,1692 rpm,1656 rpm,1089 rpm,1361 rpm,,,1464 rpm,
2026-06-25 07:00:00,27.0 V,26.9 V,26.8 V,27.0 V,26.3 V,26.3 V,,,26.9 V,,1463 rpm,895 rpm,1781 rpm,1733 rpm,1454 rpm,1083 rpm,,,1776 rpm,
2026-06-25 09:00:00,26.8 V,,26.5 V,26.9 V,26.1 V,26.7 V,,,26.7 V,,1521 rpm,,1404 rpm,1764 rpm,1433 rpm,1861 rpm,,,1751 rpm,
2026-06-25 11:00:00,26.7 V,,26.7 V,26.9 V,26.1 V,26.7 V,26.5 V,,26.2 V,,1751 rpm,,1752 rpm,1670 rpm,1392 rpm,1742 rpm,1049 rpm,,1325 rpm,
2026-06-25 13:00:00,26.7 V,,26.6 V,26.9 V,25.8 V,26.7 V,26.5 V,,26.5 V,,1586 rpm,,1818 rpm,1693 rpm,1676 rpm,1810 rpm,1486 rpm,,1707 rpm,
2026-06-25 15:00:00,26.7 V,26.9 V,26.6 V,26.5 V,25.9 V,25.9 V,26.5 V,,26.5 V,,1360 rpm,724 rpm,1764 rpm,1012 rpm,1546 rpm,513 rpm,1779 rpm,,1540 rpm,
2026-06-25 17:00:00,26.5 V,26.9 V,26.6 V,26.9 V,26.1 V,26.8 V,26.6 V,,26.5 V,,1429 rpm,723 rpm,1541 rpm,1694 rpm,1430 rpm,1399 rpm,1527 rpm,,1476 rpm,
2026-06-25 19:00:00,26.8 V,,26.7 V,26.0 V,26.3 V,26.8 V,26.5 V,,26.5 V,,1716 rpm,,1760 rpm,319 rpm,1735 rpm,1676 rpm,1571 rpm,,1620 rpm,
2026-06-25 21:00:00,26.8 V,,26.7 V,26.9 V,26.2 V,26.8 V,26.5 V,,26.5 V,,1702 rpm,,1274 rpm,1711 rpm,1801 rpm,1744 rpm,1772 rpm,,1563 rpm,
2026-06-25 23:00:00,26.8 V,,26.7 V,26.9 V,26.3 V,26.8 V,26.6 V,,26.5 V,,1663 rpm,,1938 rpm,1770 rpm,1481 rpm,1657 rpm,1749 rpm,,1637 rpm,
2026-06-26 01:00:00,27.0 V,26.5 V,,26.8 V,26.4 V,26.8 V,26.7 V,,26.6 V,,1257 rpm,620 rpm,,1602 rpm,1353 rpm,1735 rpm,1749 rpm,,1602 rpm,
2026-06-26 03:00:00,26.9 V,,26.2 V,27.0 V,26.6 V,26.9 V,26.7 V,,26.7 V,,1548 rpm,,2104 rpm,1588 rpm,1623 rpm,1540 rpm,1786 rpm,,1190 rpm,
2026-06-26 05:00:00,26.7 V,,,27.0 V,26.2 V,26.8 V,26.6 V,,26.7 V,,1293 rpm,,,1758 rpm,1802 rpm,1540 rpm,1644 rpm,,1385 rpm,
2026-06-26 07:00:00,26.8 V,,,26.9 V,25.9 V,26.8 V,26.6 V,,26.5 V,,1564 rpm,,,1805 rpm,1722 rpm,1832 rpm,1683 rpm,,1718 rpm,
2026-06-26 09:00:00,26.7 V,,,26.8 V,26.0 V,26.8 V,26.6 V,,26.5 V,,1346 rpm,,,1752 rpm,1721 rpm,1807 rpm,1712 rpm,,1476 rpm,
2026-06-26 11:00:00,26.8 V,,,26.8 V,26.0 V,26.7 V,26.5 V,,26.6 V,,1380 rpm,,,1743 rpm,1659 rpm,1746 rpm,1749 rpm,,1695 rpm,
2026-06-26 13:00:00,26.7 V,27.0 V,,26.8 V,25.9 V,26.7 V,26.5 V,,26.6 V,,1381 rpm,800 rpm,,1703 rpm,1676 rpm,1635 rpm,1764 rpm,,1820 rpm,
2026-06-26 15:00:00,26.7 V,25.1 V,,26.9 V,26.3 V,26.8 V,26.5 V,,26.6 V,,1467 rpm,1214 rpm,,1715 rpm,1628 rpm,1830 rpm,1799 rpm,,1823 rpm,
2026-06-26 17:00:00,26.6 V,25.9 V,,26.7 V,26.3 V,26.8 V,26.5 V,,26.4 V,,1139 rpm,289 rpm,,1411 rpm,1630 rpm,1451 rpm,1729 rpm,,1620 rpm,
2026-06-26 19:00:00,26.8 V,26.2 V,,26.2 V,26.2 V,26.9 V,26.5 V,,26.4 V,,1400 rpm,471 rpm,,1047 rpm,1656 rpm,1291 rpm,1797 rpm,,1421 rpm,
2026-06-26 21:00:00,26.8 V,26.7 V,,26.9 V,26.3 V,26.9 V,26.5 V,,,,1596 rpm,609 rpm,,1735 rpm,1632 rpm,1476 rpm,1762 rpm,,,
2026-06-26 23:00:00,26.8 V,25.4 V,26.7 V,26.8 V,26.1 V,26.9 V,26.5 V,,26.6 V,,1482 rpm,120 rpm,718 rpm,1738 rpm,1685 rpm,1542 rpm,1525 rpm,,1568 rpm,
2026-06-27 01:00:00,27.0 V,26.9 V,,26.8 V,26.4 V,26.9 V,26.5 V,,26.5 V,,1033 rpm,735 rpm,,1686 rpm,1197 rpm,1484 rpm,1039 rpm,,1827 rpm,
2026-06-27 03:00:00,27.0 V,,,26.9 V,26.5 V,26.9 V,26.7 V,,26.5 V,,1150 rpm,,,1604 rpm,1479 rpm,1741 rpm,1240 rpm,,1779 rpm,
2026-06-27 05:00:00,27.1 V,,,26.9 V,26.2 V,26.9 V,26.6 V,,26.5 V,,968 rpm,,,1732 rpm,1705 rpm,1343 rpm,1566 rpm,,1455 rpm,
2026-06-27 07:00:00,27.0 V,,,26.8 V,25.9 V,26.8 V,26.6 V,,26.6 V,,1297 rpm,,,1642 rpm,1797 rpm,1680 rpm,1669 rpm,,1695 rpm,
2026-06-27 09:00:00,26.9 V,,,26.8 V,25.9 V,26.7 V,26.6 V,,26.4 V,,1441 rpm,,,1792 rpm,1778 rpm,1703 rpm,1777 rpm,,1672 rpm,
2026-06-27 11:00:00,26.7 V,,,26.7 V,25.9 V,26.7 V,26.5 V,,26.6 V,,1442 rpm,,,1775 rpm,1497 rpm,1763 rpm,1755 rpm,,1611 rpm,
2026-06-27 13:00:00,26.7 V,,26.9 V,26.5 V,25.8 V,26.6 V,26.5 V,,26.5 V,,1531 rpm,,882 rpm,1494 rpm,1836 rpm,1539 rpm,1710 rpm,,1425 rpm,
2026-06-27 15:00:00,26.7 V,,26.5 V,26.8 V,25.8 V,26.7 V,26.7 V,,26.5 V,,1513 rpm,,1196 rpm,1803 rpm,1773 rpm,1707 rpm,1683 rpm,,1689 rpm,
2026-06-27 17:00:00,26.7 V,,26.7 V,26.7 V,25.9 V,26.7 V,26.7 V,,26.5 V,,1429 rpm,,1365 rpm,1677 rpm,1381 rpm,1550 rpm,1637 rpm,,1536 rpm,
2026-06-27 19:00:00,26.8 V,,26.8 V,26.8 V,26.0 V,26.8 V,26.8 V,,26.6 V,,1606 rpm,,1742 rpm,1769 rpm,1743 rpm,1846 rpm,1780 rpm,,1791 rpm,
2026-06-27 21:00:00,26.8 V,,26.9 V,26.9 V,26.0 V,26.7 V,26.9 V,,26.6 V,,1698 rpm,,1697 rpm,1785 rpm,1772 rpm,1844 rpm,1738 rpm,,1776 rpm,
2026-06-27 23:00:00,26.8 V,,26.8 V,26.9 V,26.0 V,26.8 V,26.7 V,,26.6 V,,1675 rpm,,1705 rpm,1565 rpm,1718 rpm,1837 rpm,1610 rpm,,1778 rpm,
2026-06-28 01:00:00,26.9 V,,26.9 V,26.8 V,26.1 V,26.9 V,26.7 V,,26.6 V,,1453 rpm,,1553 rpm,1288 rpm,1693 rpm,1813 rpm,1568 rpm,,1713 rpm,
2026-06-28 03:00:00,26.9 V,,27.0 V,26.7 V,26.0 V,26.8 V,26.8 V,,26.6 V,,1589 rpm,,1635 rpm,1775 rpm,1795 rpm,1797 rpm,1602 rpm,,1836 rpm,
2026-06-28 05:00:00,26.7 V,,26.9 V,24.6 V,25.9 V,26.8 V,26.7 V,,26.6 V,,1184 rpm,,1639 rpm,1662 rpm,1699 rpm,1542 rpm,1565 rpm,,1718 rpm,
2026-06-28 07:00:00,26.8 V,,26.8 V,22.5 V,25.8 V,26.8 V,26.6 V,,26.6 V,,1215 rpm,,1741 rpm,1555 rpm,1765 rpm,1729 rpm,1664 rpm,,1699 rpm,
2026-06-28 09:00:00,26.7 V,,26.7 V,24.1 V,25.8 V,26.7 V,26.7 V,,26.6 V,,1157 rpm,,1786 rpm,281 rpm,1697 rpm,1681 rpm,1496 rpm,,1757 rpm,
2026-06-28 11:00:00,26.7 V,,26.7 V,,25.7 V,26.6 V,26.5 V,,26.3 V,,1550 rpm,,1770 rpm,,1813 rpm,1471 rpm,1783 rpm,,1184 rpm,
2026-06-28 13:00:00,26.7 V,,26.7 V,25.3 V,26.0 V,26.7 V,26.5 V,,26.4 V,,1783 rpm,,1749 rpm,236 rpm,1714 rpm,1797 rpm,1777 rpm,,1592 rpm,
2026-06-28 15:00:00,26.6 V,,26.7 V,26.9 V,25.6 V,26.6 V,26.1 V,,26.4 V,,1421 rpm,,1716 rpm,1542 rpm,1024 rpm,1807 rpm,1201 rpm,,1816 rpm,
2026-06-28 17:00:00,26.7 V,,26.7 V,26.7 V,25.8 V,26.7 V,26.5 V,,26.5 V,,1570 rpm,,1771 rpm,1648 rpm,1724 rpm,1554 rpm,1627 rpm,,1594 rpm,
2026-06-28 19:00:00,26.7 V,,26.8 V,26.9 V,26.0 V,26.8 V,26.6 V,,26.6 V,,1786 rpm,,1652 rpm,1635 rpm,1579 rpm,1816 rpm,1608 rpm,,1788 rpm,
2026-06-28 21:00:00,26.8 V,,27.0 V,27.0 V,26.0 V,26.8 V,26.7 V,,26.7 V,,1584 rpm,,1792 rpm,1827 rpm,1562 rpm,1821 rpm,1791 rpm,,1682 rpm,
2026-06-28 23:00:00,26.8 V,,26.8 V,26.9 V,26.2 V,26.8 V,26.7 V,,26.9 V,,1411 rpm,,1622 rpm,1814 rpm,1509 rpm,1830 rpm,1744 rpm,,1777 rpm,
2026-06-29 01:00:00,26.9 V,,26.9 V,26.9 V,26.4 V,26.8 V,26.7 V,,26.9 V,,1416 rpm,,1719 rpm,1567 rpm,1347 rpm,1832 rpm,1803 rpm,,1727 rpm,
2026-06-29 03:00:00,26.8 V,,27.1 V,27.0 V,26.1 V,26.8 V,26.8 V,,26.6 V,,1279 rpm,,1715 rpm,1812 rpm,1555 rpm,1780 rpm,1431 rpm,,1121 rpm,
2026-06-29 05:00:00,26.8 V,,26.9 V,27.0 V,26.0 V,26.8 V,26.7 V,,26.6 V,,1159 rpm,,1727 rpm,1647 rpm,1800 rpm,1426 rpm,1393 rpm,,1660 rpm,
2026-06-29 07:00:00,26.9 V,,26.8 V,26.9 V,25.7 V,26.8 V,26.6 V,,26.5 V,,800 rpm,,1787 rpm,1753 rpm,1780 rpm,1700 rpm,1399 rpm,,1712 rpm,
2026-06-29 09:00:00,26.7 V,,26.7 V,25.9 V,25.9 V,26.7 V,26.6 V,,26.5 V,,1552 rpm,,1774 rpm,736 rpm,1556 rpm,1667 rpm,1761 rpm,,1698 rpm,
2026-06-29 11:00:00,26.6 V,,26.7 V,26.8 V,25.9 V,26.7 V,26.5 V,,26.4 V,,1689 rpm,,1735 rpm,1792 rpm,1456 rpm,1611 rpm,1661 rpm,,1714 rpm,
2026-06-29 13:00:00,26.6 V,,26.7 V,26.8 V,25.4 V,26.6 V,26.5 V,,26.5 V,,1624 rpm,,1746 rpm,1716 rpm,1270 rpm,1485 rpm,1714 rpm,,1675 rpm,
2026-06-29 15:00:00,26.6 V,,26.7 V,26.8 V,25.9 V,26.6 V,26.4 V,,26.4 V,,1677 rpm,,1675 rpm,1837 rpm,1488 rpm,1602 rpm,1745 rpm,,1746 rpm,
2026-06-29 17:00:00,26.6 V,,26.7 V,26.9 V,26.1 V,26.7 V,26.5 V,,26.5 V,,1511 rpm,,1733 rpm,1748 rpm,1359 rpm,1420 rpm,1558 rpm,,1628 rpm,
2026-06-29 19:00:00,26.8 V,,26.8 V,26.9 V,26.0 V,26.8 V,26.7 V,,26.5 V,,1670 rpm,,1828 rpm,1822 rpm,1782 rpm,1837 rpm,1723 rpm,,1831 rpm,
2026-06-29 21:00:00,26.8 V,,26.8 V,27.0 V,26.0 V,26.8 V,26.7 V,,26.5 V,,1702 rpm,,1789 rpm,1805 rpm,1741 rpm,1816 rpm,1718 rpm,,1811 rpm,
2026-06-29 23:00:00,26.8 V,,26.8 V,27.0 V,25.8 V,26.8 V,26.6 V,,26.6 V,,1507 rpm,,1749 rpm,1842 rpm,1714 rpm,1845 rpm,1717 rpm,,1595 rpm,
2026-06-30 01:00:00,26.8 V,,26.8 V,26.9 V,25.8 V,26.7 V,26.7 V,,26.6 V,,1131 rpm,,1654 rpm,1701 rpm,1774 rpm,1723 rpm,1822 rpm,,1611 rpm,
2026-06-30 03:00:00,26.9 V,,26.9 V,26.9 V,26.1 V,26.8 V,26.8 V,,26.6 V,,1574 rpm,,1717 rpm,1817 rpm,1367 rpm,1759 rpm,1125 rpm,,1818 rpm,
2026-06-30 05:00:00,26.7 V,,26.9 V,26.9 V,26.2 V,26.8 V,26.7 V,,26.6 V,,1682 rpm,,1566 rpm,1606 rpm,1187 rpm,1434 rpm,1368 rpm,,1728 rpm,
2026-06-30 07:00:00,26.7 V,,26.8 V,27.0 V,26.3 V,26.7 V,26.6 V,,26.5 V,,1701 rpm,,1674 rpm,1828 rpm,985 rpm,1702 rpm,1438 rpm,,1824 rpm,
2026-06-30 09:00:00,26.7 V,,26.7 V,26.9 V,26.2 V,26.7 V,26.6 V,,26.5 V,,1527 rpm,,1699 rpm,1648 rpm,1166 rpm,1529 rpm,1620 rpm,,1789 rpm,
2026-06-30 11:00:00,26.6 V,,26.7 V,27.0 V,25.9 V,26.6 V,26.6 V,,26.5 V,,1591 rpm,,1493 rpm,1785 rpm,1485 rpm,1544 rpm,1588 rpm,,1678 rpm,
2026-06-30 13:00:00,26.5 V,,26.6 V,27.0 V,25.9 V,26.6 V,26.5 V,,26.5 V,,1659 rpm,,1683 rpm,1674 rpm,1672 rpm,1672 rpm,800 rpm,,1838 rpm,
2026-06-30 15:00:00,26.6 V,,26.6 V,26.9 V,26.2 V,26.6 V,26.6 V,,26.4 V,,1579 rpm,,1750 rpm,1804 rpm,1700 rpm,1648 rpm,1585 rpm,,1837 rpm,
2026-06-30 17:00:00,26.7 V,,26.6 V,26.8 V,26.1 V,26.7 V,26.5 V,,26.5 V,,1498 rpm,,1711 rpm,1775 rpm,1593 rpm,1523 rpm,1649 rpm,,1644 rpm,
2026-06-30 19:00:00,26.7 V,,26.8 V,26.8 V,25.9 V,26.7 V,26.6 V,,26.5 V,,1683 rpm,,1813 rpm,1832 rpm,1783 rpm,1687 rpm,1702 rpm,,1679 rpm,
2026-06-30 21:00:00,26.7 V,,26.8 V,26.9 V,26.0 V,26.7 V,26.6 V,,26.7 V,,1678 rpm,,1828 rpm,1128 rpm,1738 rpm,1618 rpm,1705 rpm,,1488 rpm,
2026-06-30 23:00:00,26.6 V,,26.8 V,27.0 V,26.2 V,26.8 V,26.6 V,,26.6 V,,1590 rpm,,1728 rpm,1049 rpm,1682 rpm,1369 rpm,1604 rpm,,1707 rpm,
2026-07-01 01:00:00,26.6 V,,26.8 V,26.9 V,26.1 V,26.8 V,26.6 V,,,,1414 rpm,,1728 rpm,1830 rpm,1690 rpm,1824 rpm,1728 rpm,,,
2026-07-01 03:00:00,26.8 V,,26.7 V,26.9 V,26.3 V,26.8 V,26.6 V,,,,1661 rpm,,1781 rpm,1728 rpm,1785 rpm,1542 rpm,1719 rpm,,,
2026-07-01 05:00:00,26.7 V,,26.7 V,26.9 V,25.8 V,26.7 V,26.6 V,,,,1566 rpm,,1451 rpm,1696 rpm,1713 rpm,1521 rpm,1541 rpm,,,
2026-07-01 07:00:00,26.7 V,,26.8 V,26.9 V,26.1 V,26.7 V,26.6 V,,,,1730 rpm,,1585 rpm,1796 rpm,1292 rpm,1674 rpm,1318 rpm,,,
2026-07-01 09:00:00,26.6 V,,26.7 V,26.9 V,26.1 V,26.7 V,26.5 V,,,,1716 rpm,,1621 rpm,1828 rpm,1032 rpm,1771 rpm,1811 rpm,,,
2026-07-01 11:00:00,26.6 V,,26.7 V,26.9 V,25.9 V,26.6 V,26.5 V,,26.8 V,,1711 rpm,,1606 rpm,1761 rpm,1808 rpm,1732 rpm,1763 rpm,,1420 rpm,
2026-07-01 13:00:00,26.5 V,,26.7 V,26.8 V,25.8 V,26.6 V,26.4 V,,,,1735 rpm,,1581 rpm,1478 rpm,1599 rpm,1451 rpm,1638 rpm,,,
2026-07-01 15:00:00,26.6 V,,26.6 V,25.4 V,25.8 V,26.6 V,26.4 V,,,,1532 rpm,,1732 rpm,226 rpm,1683 rpm,1666 rpm,1717 rpm,,,
2026-07-01 17:00:00,26.6 V,,26.6 V,26.9 V,25.9 V,26.7 V,26.6 V,,,,1617 rpm,,1691 rpm,1594 rpm,1745 rpm,1507 rpm,1566 rpm,,,
2026-07-01 19:00:00,26.7 V,,26.7 V,27.0 V,26.0 V,26.7 V,26.6 V,,26.6 V,,1401 rpm,,1774 rpm,1815 rpm,1606 rpm,1842 rpm,1791 rpm,,1019 rpm,
2026-07-01 21:00:00,26.8 V,,26.7 V,27.0 V,25.9 V,26.8 V,26.6 V,,,,1593 rpm,,1771 rpm,1615 rpm,1765 rpm,1578 rpm,1608 rpm,,,
2026-07-01 23:00:00,26.7 V,,26.7 V,27.0 V,26.0 V,26.8 V,26.6 V,,,,1751 rpm,,1677 rpm,1837 rpm,1692 rpm,1595 rpm,1715 rpm,,,
2026-07-02 01:00:00,26.7 V,,26.7 V,27.0 V,26.0 V,26.7 V,26.5 V,,,,1618 rpm,,1759 rpm,1796 rpm,1739 rpm,1546 rpm,1748 rpm,,,
2026-07-02 03:00:00,26.8 V,,26.7 V,26.9 V,26.1 V,26.8 V,26.5 V,,,,1458 rpm,,1791 rpm,1572 rpm,1760 rpm,1510 rpm,1773 rpm,,,
2026-07-02 05:00:00,26.7 V,,26.7 V,26.9 V,26.2 V,26.8 V,26.6 V,,,,1665 rpm,,1622 rpm,1597 rpm,1390 rpm,1395 rpm,1493 rpm,,,
2026-07-02 07:00:00,26.7 V,,26.7 V,26.8 V,26.1 V,26.7 V,26.6 V,,,,1712 rpm,,1740 rpm,1670 rpm,1347 rpm,1568 rpm,1575 rpm,,,
2026-07-02 09:00:00,26.6 V,,26.5 V,26.8 V,26.0 V,26.6 V,26.6 V,,,,1640 rpm,,1410 rpm,1709 rpm,1560 rpm,1417 rpm,1475 rpm,,,
2026-07-02 11:00:00,26.7 V,,26.8 V,26.8 V,26.1 V,26.7 V,26.6 V,,,,1507 rpm,,1758 rpm,1614 rpm,1283 rpm,1534 rpm,1637 rpm,,,
2026-07-02 13:00:00,26.7 V,,26.8 V,26.8 V,26.1 V,26.6 V,26.6 V,,,,1552 rpm,,1600 rpm,1710 rpm,1383 rpm,1692 rpm,1549 rpm,,,
2026-07-02 15:00:00,26.7 V,,26.7 V,26.0 V,26.2 V,26.7 V,26.1 V,,,,1510 rpm,,1748 rpm,838 rpm,1282 rpm,1716 rpm,1234 rpm,,,
2026-07-02 17:00:00,26.7 V,,26.7 V,26.9 V,26.0 V,26.7 V,26.5 V,,,,1418 rpm,,1611 rpm,1784 rpm,1436 rpm,1418 rpm,1598 rpm,,,
2026-07-02 19:00:00,26.7 V,,26.7 V,26.9 V,26.1 V,26.7 V,26.5 V,,,,1641 rpm,,1542 rpm,1511 rpm,1430 rpm,1599 rpm,1698 rpm,,,
2026-07-02 21:00:00,26.7 V,,26.8 V,25.3 V,26.1 V,26.7 V,26.5 V,,,,1688 rpm,,1593 rpm,0 rpm,1528 rpm,1519 rpm,1631 rpm,,,
2026-07-02 23:00:00,26.8 V,,26.9 V,,26.0 V,26.7 V,26.6 V,,,,1461 rpm,,1544 rpm,,1644 rpm,1714 rpm,1741 rpm,,,
2026-07-03 01:00:00,26.8 V,,26.6 V,,26.4 V,26.9 V,26.6 V,,,,1502 rpm,,1229 rpm,,1221 rpm,1233 rpm,1689 rpm,,,
2026-07-03 03:00:00,26.8 V,,26.9 V,27.0 V,26.1 V,26.8 V,26.6 V,,,,1760 rpm,,1649 rpm,1009 rpm,1510 rpm,1651 rpm,1634 rpm,,,
2026-07-03 05:00:00,26.8 V,,26.8 V,26.9 V,26.1 V,26.8 V,26.6 V,,,,1630 rpm,,1563 rpm,1545 rpm,1526 rpm,1600 rpm,1706 rpm,,,
2026-07-03 07:00:00,26.8 V,,26.7 V,26.9 V,26.1 V,26.7 V,26.6 V,,,,1501 rpm,,1586 rpm,1682 rpm,1566 rpm,1713 rpm,1802 rpm,,,
2026-07-03 09:00:00,26.8 V,,26.8 V,26.9 V,26.1 V,26.7 V,26.5 V,,,,1670 rpm,,1394 rpm,1663 rpm,1568 rpm,1697 rpm,1795 rpm,,,
2026-07-03 11:00:00,26.7 V,,26.7 V,26.9 V,25.9 V,26.7 V,26.5 V,,,,1810 rpm,,1659 rpm,1613 rpm,1790 rpm,1771 rpm,1773 rpm,,,
2026-07-03 13:00:00,26.7 V,,26.7 V,26.9 V,26.1 V,26.8 V,26.4 V,,,,1654 rpm,,1648 rpm,1788 rpm,1471 rpm,1848 rpm,1572 rpm,,,
2026-07-03 15:00:00,26.7 V,,26.7 V,27.0 V,26.0 V,26.7 V,26.5 V,,,,1736 rpm,,1598 rpm,1759 rpm,1528 rpm,1844 rpm,1678 rpm,,,
2026-07-03 17:00:00,25.8 V,,26.7 V,27.2 V,26.0 V,26.7 V,26.5 V,,,,1039 rpm,,1549 rpm,1445 rpm,1670 rpm,1594 rpm,1725 rpm,,,
2026-07-03 19:00:00,26.3 V,,26.8 V,27.1 V,26.0 V,26.7 V,26.5 V,,,,1254 rpm,,1690 rpm,1371 rpm,1760 rpm,1751 rpm,1765 rpm,,,
2026-07-03 21:00:00,26.5 V,,26.8 V,27.0 V,26.3 V,26.7 V,26.5 V,,,,1119 rpm,,1671 rpm,1770 rpm,975 rpm,1557 rpm,1664 rpm,,,
2026-07-03 23:00:00,26.9 V,,26.7 V,27.0 V,25.9 V,26.8 V,26.6 V,,,,885 rpm,,1726 rpm,1793 rpm,1832 rpm,1553 rpm,1585 rpm,,,
2026-07-04 01:00:00,24.7 V,,26.7 V,26.9 V,26.5 V,26.7 V,26.6 V,,,,132 rpm,,1652 rpm,1800 rpm,966 rpm,1172 rpm,1398 rpm,,,
2026-07-04 03:00:00,,,26.8 V,27.0 V,26.0 V,26.8 V,26.6 V,,,,,,1649 rpm,1732 rpm,1684 rpm,1718 rpm,1728 rpm,,,
2026-07-04 05:00:00,,,26.8 V,27.0 V,26.2 V,26.9 V,26.6 V,,,,,,1512 rpm,1698 rpm,1414 rpm,1547 rpm,1533 rpm,,,
2026-07-04 07:00:00,,,26.5 V,27.0 V,26.1 V,26.8 V,26.6 V,,,,,,1342 rpm,1605 rpm,1604 rpm,1542 rpm,1800 rpm,,,
2026-07-04 09:00:00,26.8 V,,26.6 V,27.0 V,26.0 V,26.9 V,26.6 V,,,,1389 rpm,,952 rpm,1849 rpm,1661 rpm,1796 rpm,1775 rpm,,,
2026-07-04 11:00:00,26.6 V,,26.7 V,27.0 V,26.0 V,26.8 V,26.5 V,,,,1560 rpm,,1613 rpm,1723 rpm,1670 rpm,1815 rpm,1837 rpm,,,
2026-07-04 13:00:00,26.7 V,,26.6 V,26.9 V,26.1 V,26.8 V,26.5 V,,,,1675 rpm,,1741 rpm,1638 rpm,1449 rpm,1708 rpm,1763 rpm,,,
2026-07-04 15:00:00,26.6 V,,26.6 V,27.0 V,25.8 V,26.8 V,26.5 V,,,,1712 rpm,,1756 rpm,1641 rpm,1223 rpm,1801 rpm,1469 rpm,,,
2026-07-04 17:00:00,26.5 V,,26.6 V,27.0 V,26.0 V,26.8 V,26.5 V,,,,1510 rpm,,1656 rpm,1505 rpm,1470 rpm,1415 rpm,1629 rpm,,,
2026-07-04 19:00:00,26.7 V,,26.6 V,26.9 V,25.9 V,26.7 V,26.5 V,,,,1632 rpm,,1780 rpm,1799 rpm,1724 rpm,1306 rpm,1791 rpm,,,
2026-07-04 21:00:00,26.7 V,,26.8 V,26.9 V,25.9 V,27.0 V,26.5 V,,,,1737 rpm,,1730 rpm,1733 rpm,1718 rpm,800 rpm,1753 rpm,,,
2026-07-04 23:00:00,26.8 V,,26.8 V,26.9 V,25.9 V,26.8 V,26.6 V,,26.7 V,,1652 rpm,,1788 rpm,1761 rpm,1806 rpm,1566 rpm,1724 rpm,,785 rpm,
2026-07-05 01:00:00,26.8 V,,26.2 V,27.0 V,27.2 V,26.9 V,26.7 V,,,,1199 rpm,,837 rpm,1673 rpm,869 rpm,1686 rpm,1634 rpm,,,
2026-07-05 03:00:00,26.9 V,,26.9 V,27.1 V,26.5 V,26.9 V,26.6 V,,,,1390 rpm,,1708 rpm,1671 rpm,1700 rpm,1829 rpm,1702 rpm,,,
2026-07-05 05:00:00,26.8 V,,26.8 V,27.0 V,26.2 V,26.8 V,26.5 V,,,,1563 rpm,,1714 rpm,1578 rpm,1205 rpm,1374 rpm,1710 rpm,,,
2026-07-05 07:00:00,26.7 V,,26.7 V,27.0 V,25.9 V,26.8 V,26.5 V,,,,1673 rpm,,1626 rpm,1812 rpm,1676 rpm,1588 rpm,1792 rpm,,,
2026-07-05 09:00:00,26.7 V,,26.7 V,27.0 V,25.9 V,26.7 V,26.6 V,,,,1446 rpm,,1664 rpm,1740 rpm,1706 rpm,1555 rpm,1623 rpm,,,
2026-07-05 11:00:00,26.7 V,,26.7 V,26.9 V,25.9 V,26.7 V,26.5 V,,,,1414 rpm,,1795 rpm,1635 rpm,1632 rpm,1719 rpm,1760 rpm,,,
2026-07-05 13:00:00,26.8 V,,26.7 V,26.9 V,25.8 V,26.7 V,26.2 V,,,,1721 rpm,,1739 rpm,1669 rpm,1554 rpm,1729 rpm,1445 rpm,,,
2026-07-05 15:00:00,26.7 V,,26.7 V,26.9 V,26.0 V,26.7 V,26.4 V,,,,1788 rpm,,1767 rpm,1703 rpm,1540 rpm,1759 rpm,1459 rpm,,,
2026-07-05 17:00:00,26.8 V,,26.7 V,27.1 V,26.0 V,26.7 V,26.4 V,,,,1572 rpm,,1668 rpm,1201 rpm,1339 rpm,1453 rpm,1687 rpm,,,
2026-07-05 19:00:00,26.8 V,,26.7 V,27.1 V,25.8 V,26.7 V,26.6 V,,,,1668 rpm,,1792 rpm,1469 rpm,1765 rpm,1439 rpm,1683 rpm,,,
2026-07-05 21:00:00,26.7 V,,26.8 V,27.0 V,26.0 V,26.7 V,26.5 V,,,,1663 rpm,,1725 rpm,1517 rpm,1588 rpm,1677 rpm,1782 rpm,,,
2026-07-05 23:00:00,26.7 V,,26.8 V,26.9 V,26.5 V,26.7 V,26.6 V,,,,1412 rpm,,1751 rpm,1531 rpm,1462 rpm,1792 rpm,1667 rpm,,,
2026-07-06 01:00:00,26.8 V,,26.9 V,27.0 V,26.5 V,26.7 V,26.6 V,,,,1594 rpm,,1260 rpm,1229 rpm,1140 rpm,1734 rpm,1634 rpm,,,
2026-07-06 03:00:00,26.8 V,,27.1 V,27.0 V,26.5 V,26.8 V,26.6 V,,,,1625 rpm,,1643 rpm,1581 rpm,1478 rpm,1818 rpm,1772 rpm,,,
2026-07-06 05:00:00,26.8 V,,26.8 V,27.0 V,26.1 V,26.8 V,26.7 V,,,,1667 rpm,,1668 rpm,1450 rpm,1522 rpm,1639 rpm,1269 rpm,,,
2026-07-06 07:00:00,26.7 V,,26.6 V,27.0 V,26.1 V,26.8 V,26.6 V,,,,1699 rpm,,1674 rpm,1735 rpm,1635 rpm,1674 rpm,1759 rpm,,,
2026-07-06 09:00:00,26.7 V,,26.7 V,26.9 V,26.0 V,26.8 V,26.6 V,,,,1741 rpm,,1733 rpm,1786 rpm,1691 rpm,1710 rpm,1744 rpm,,,
2026-07-06 11:00:00,26.6 V,,26.6 V,27.0 V,25.9 V,26.7 V,26.5 V,,26.6 V,,1728 rpm,,1781 rpm,1753 rpm,1511 rpm,1680 rpm,1651 rpm,,1610 rpm,
2026-07-06 13:00:00,26.6 V,,26.6 V,26.9 V,25.8 V,26.6 V,26.5 V,,26.5 V,,1636 rpm,,1726 rpm,1812 rpm,1674 rpm,1554 rpm,1358 rpm,,1591 rpm,
2026-07-06 15:00:00,26.6 V,,26.6 V,26.9 V,26.0 V,26.8 V,26.5 V,,26.5 V,,1660 rpm,,1689 rpm,1784 rpm,1049 rpm,1793 rpm,1503 rpm,,1573 rpm,
2026-07-06 17:00:00,26.5 V,,26.7 V,26.9 V,25.8 V,26.7 V,26.6 V,,,,1369 rpm,,1626 rpm,1591 rpm,1323 rpm,1399 rpm,1524 rpm,,,
2026-07-06 19:00:00,26.7 V,,26.9 V,26.9 V,26.2 V,26.8 V,26.6 V,,,,1494 rpm,,1667 rpm,1598 rpm,1513 rpm,1680 rpm,1687 rpm,,,
2026-07-06 21:00:00,26.7 V,,26.8 V,27.0 V,26.0 V,26.9 V,26.6 V,,,,1700 rpm,,1787 rpm,1698 rpm,1718 rpm,1621 rpm,1800 rpm,,,
2026-07-06 23:00:00,26.8 V,,26.8 V,26.9 V,26.2 V,26.7 V,26.6 V,,,,1392 rpm,,1597 rpm,1753 rpm,1708 rpm,1635 rpm,1691 rpm,,,
2026-07-07 01:00:00,26.7 V,,26.9 V,26.9 V,26.8 V,26.8 V,26.5 V,,,,1557 rpm,,1302 rpm,1732 rpm,1207 rpm,1643 rpm,1753 rpm,,,
2026-07-07 03:00:00,26.8 V,,26.8 V,27.0 V,26.2 V,27.0 V,26.8 V,,,,1642 rpm,,1791 rpm,1519 rpm,1725 rpm,1844 rpm,1450 rpm,,,
2026-07-07 05:00:00,26.8 V,,26.8 V,26.4 V,26.1 V,26.9 V,26.7 V,,,,1488 rpm,,1539 rpm,701 rpm,1780 rpm,1563 rpm,1521 rpm,,,
2026-07-07 07:00:00,25.6 V,,26.8 V,25.8 V,25.8 V,26.8 V,26.6 V,,,,619 rpm,,1808 rpm,236 rpm,1826 rpm,1405 rpm,1738 rpm,,,
2026-07-07 09:00:00,26.6 V,,26.6 V,,25.7 V,,26.5 V,,,,1312 rpm,,1555 rpm,,1842 rpm,,1813 rpm,,,
2026-07-07 11:00:00,26.6 V,,26.7 V,27.0 V,25.6 V,,26.5 V,,,,1539 rpm,,1758 rpm,1289 rpm,1642 rpm,,1803 rpm,,,
2026-07-07 13:00:00,26.6 V,,26.7 V,,25.8 V,27.0 V,26.5 V,,,,1429 rpm,,1722 rpm,,1694 rpm,1319 rpm,1723 rpm,,,
2026-07-07 15:00:00,27.0 V,,26.0 V,,,,,,,,1864 rpm,,697 rpm,,,,,,,
2026-07-07 17:00:00,26.8 V,,26.8 V,27.1 V,26.1 V,26.8 V,26.7 V,,,,1494 rpm,,1824 rpm,1841 rpm,1515 rpm,1825 rpm,1841 rpm,,,
2026-07-07 19:00:00,26.7 V,,26.7 V,26.9 V,25.9 V,26.7 V,26.5 V,,,,1636 rpm,,986 rpm,1801 rpm,1670 rpm,1805 rpm,1625 rpm,,,
2026-07-07 21:00:00,26.7 V,,26.9 V,26.9 V,26.0 V,26.8 V,26.6 V,,,,1575 rpm,,1455 rpm,1824 rpm,1628 rpm,1828 rpm,1747 rpm,,,
2026-07-07 23:00:00,26.7 V,,26.8 V,26.9 V,26.2 V,26.8 V,26.5 V,,,,1750 rpm,,838 rpm,1808 rpm,1601 rpm,1823 rpm,1809 rpm,,,
2026-07-08 01:00:00,26.7 V,,26.8 V,27.0 V,26.1 V,26.8 V,26.5 V,,,,1515 rpm,,1444 rpm,1049 rpm,1711 rpm,1776 rpm,1709 rpm,,,
2026-07-08 03:00:00,26.8 V,,26.7 V,,26.0 V,26.8 V,26.6 V,,,,1614 rpm,,1757 rpm,,1698 rpm,1848 rpm,1720 rpm,,,
2026-07-08 05:00:00,26.7 V,,26.8 V,,25.8 V,26.8 V,26.6 V,,,,1565 rpm,,1544 rpm,,1720 rpm,1601 rpm,1444 rpm,,,
2026-07-08 07:00:00,26.7 V,,26.8 V,,25.8 V,26.8 V,26.6 V,,,,1555 rpm,,1804 rpm,,1608 rpm,1814 rpm,1765 rpm,,,
2026-07-08 09:00:00,26.6 V,,26.4 V,26.8 V,25.8 V,26.8 V,26.5 V,,,,1667 rpm,,1369 rpm,1826 rpm,1580 rpm,1771 rpm,1771 rpm,,,
2026-07-08 11:00:00,26.6 V,,26.7 V,,25.7 V,26.7 V,26.5 V,,,,1565 rpm,,1351 rpm,,1764 rpm,1741 rpm,1754 rpm,,,
2026-07-08 13:00:00,26.7 V,,26.7 V,,25.7 V,26.7 V,26.4 V,,,,1290 rpm,,1750 rpm,,1680 rpm,1728 rpm,1496 rpm,,,
2026-07-08 15:00:00,26.7 V,,26.7 V,,26.0 V,26.7 V,26.5 V,,,,1483 rpm,,1754 rpm,,1736 rpm,1679 rpm,1812 rpm,,,
2026-07-08 17:00:00,26.7 V,,26.6 V,,26.2 V,26.8 V,26.5 V,,,,1462 rpm,,1666 rpm,,1440 rpm,1428 rpm,1482 rpm,,,
2026-07-08 19:00:00,26.7 V,,26.6 V,,26.1 V,26.8 V,26.5 V,,,25.9 V,1601 rpm,,1742 rpm,,1677 rpm,1835 rpm,1759 rpm,,,1388 rpm
2026-07-08 21:00:00,26.8 V,,26.7 V,,26.4 V,26.8 V,26.6 V,,,25.9 V,1689 rpm,,1756 rpm,,1450 rpm,1755 rpm,1578 rpm,,,1833 rpm
2026-07-08 23:00:00,26.9 V,,26.7 V,,26.1 V,26.8 V,26.7 V,,,25.9 V,1367 rpm,,1752 rpm,,1192 rpm,1791 rpm,1761 rpm,,,1837 rpm
2026-07-09 01:00:00,26.8 V,,26.9 V,,26.4 V,26.8 V,26.8 V,,,25.9 V,1550 rpm,,1430 rpm,,1633 rpm,1797 rpm,1177 rpm,,,1531 rpm
2026-07-09 03:00:00,26.8 V,,27.1 V,,26.5 V,26.8 V,26.7 V,,,26.1 V,1727 rpm,,1739 rpm,,1602 rpm,1835 rpm,1539 rpm,,,1819 rpm
2026-07-09 05:00:00,26.4 V,,26.9 V,,25.7 V,26.8 V,26.8 V,,,26.1 V,1050 rpm,,1394 rpm,,1098 rpm,1390 rpm,1216 rpm,,,1711 rpm
2026-07-09 07:00:00,26.8 V,,26.9 V,,26.0 V,26.7 V,26.7 V,,,26.1 V,1568 rpm,,1550 rpm,,1360 rpm,1788 rpm,1706 rpm,,,1813 rpm
2026-07-09 09:00:00,26.8 V,,26.6 V,,25.8 V,26.7 V,26.6 V,,,26.0 V,1775 rpm,,1463 rpm,,1794 rpm,1709 rpm,1550 rpm,,,1788 rpm
2026-07-09 11:00:00,26.7 V,,26.8 V,,25.7 V,26.7 V,26.6 V,,,25.9 V,1482 rpm,,1374 rpm,,1790 rpm,1692 rpm,1768 rpm,,,1801 rpm
2026-07-09 13:00:00,26.6 V,,26.8 V,26.9 V,25.8 V,26.4 V,25.9 V,,,26.0 V,1293 rpm,,1521 rpm,555 rpm,1549 rpm,1171 rpm,1218 rpm,,,1664 rpm
2026-07-09 15:00:00,26.7 V,,26.7 V,26.9 V,25.9 V,26.8 V,26.4 V,,,26.0 V,1314 rpm,,1777 rpm,702 rpm,1192 rpm,1587 rpm,884 rpm,,,1630 rpm
2026-07-09 17:00:00,26.5 V,,26.6 V,,25.8 V,26.8 V,26.6 V,,,26.0 V,1065 rpm,,1670 rpm,,1771 rpm,1427 rpm,1526 rpm,,,1685 rpm
2026-07-09 19:00:00,26.8 V,,26.7 V,,25.7 V,26.8 V,26.6 V,,,25.9 V,1246 rpm,,1757 rpm,,1811 rpm,1592 rpm,1654 rpm,,,1735 rpm
2026-07-09 21:00:00,26.9 V,,26.7 V,,25.8 V,26.8 V,26.6 V,,,26.0 V,1141 rpm,,1804 rpm,,1741 rpm,1724 rpm,1705 rpm,,,1671 rpm
2026-07-09 23:00:00,26.9 V,,26.8 V,,25.8 V,26.8 V,26.7 V,,,26.4 V,1361 rpm,,1651 rpm,,1830 rpm,1727 rpm,1430 rpm,,,1025 rpm
2026-07-10 01:00:00,26.7 V,,26.8 V,27.2 V,25.9 V,26.8 V,26.6 V,,,26.2 V,1370 rpm,,1727 rpm,800 rpm,1684 rpm,1627 rpm,1799 rpm,,,1780 rpm
2026-07-10 03:00:00,26.8 V,,26.8 V,26.6 V,25.9 V,26.8 V,26.6 V,,,26.2 V,1721 rpm,,1714 rpm,782 rpm,1832 rpm,1744 rpm,1784 rpm,,,1702 rpm
2026-07-10 05:00:00,26.4 V,,26.8 V,27.0 V,26.0 V,26.8 V,26.5 V,,,26.1 V,1378 rpm,,1642 rpm,1546 rpm,1548 rpm,1480 rpm,1092 rpm,,,1644 rpm
2026-07-10 07:00:00,26.7 V,,26.7 V,26.9 V,26.0 V,26.7 V,,,,26.0 V,1562 rpm,,1637 rpm,1715 rpm,1692 rpm,1753 rpm,,,,1786 rpm
2026-07-10 09:00:00,26.7 V,,26.7 V,26.8 V,25.5 V,26.7 V,26.9 V,,,26.0 V,1643 rpm,,1515 rpm,1752 rpm,552 rpm,1807 rpm,870 rpm,,,1830 rpm
2026-07-10 11:00:00,26.7 V,,26.7 V,26.9 V,25.7 V,26.7 V,26.7 V,,,26.0 V,1519 rpm,,1666 rpm,1819 rpm,1129 rpm,1752 rpm,1512 rpm,,,1770 rpm
2026-07-10 13:00:00,26.6 V,,26.6 V,26.8 V,25.9 V,26.8 V,26.6 V,,,25.9 V,1579 rpm,,1773 rpm,1496 rpm,1576 rpm,1581 rpm,1511 rpm,,,1799 rpm
2026-07-10 15:00:00,26.7 V,,26.7 V,26.7 V,25.9 V,26.8 V,26.6 V,,,25.9 V,1479 rpm,,1811 rpm,1640 rpm,1589 rpm,1781 rpm,1710 rpm,,,1810 rpm
2026-07-10 17:00:00,26.5 V,,26.6 V,26.8 V,26.3 V,26.8 V,26.5 V,,,26.1 V,1337 rpm,,1513 rpm,1500 rpm,844 rpm,1409 rpm,1689 rpm,,,1742 rpm
2026-07-10 19:00:00,26.7 V,,26.7 V,26.8 V,,26.8 V,26.5 V,,,26.1 V,1545 rpm,,1632 rpm,1829 rpm,,1685 rpm,1783 rpm,,,1833 rpm
2026-07-10 21:00:00,26.7 V,,26.8 V,26.8 V,,26.7 V,26.5 V,,,26.2 V,1650 rpm,,1590 rpm,1665 rpm,,1797 rpm,1832 rpm,,,1567 rpm
2026-07-10 23:00:00,26.7 V,,26.8 V,26.9 V,,26.7 V,26.5 V,,,26.1 V,1605 rpm,,1684 rpm,1569 rpm,,1705 rpm,1653 rpm,,,1803 rpm
2026-07-11 01:00:00,26.7 V,,26.8 V,27.0 V,26.4 V,26.8 V,26.6 V,,,26.1 V,1249 rpm,,1669 rpm,1120 rpm,958 rpm,1773 rpm,1587 rpm,,,1843 rpm
2026-07-11 03:00:00,26.8 V,,25.7 V,26.9 V,26.1 V,26.8 V,26.8 V,,,26.1 V,1531 rpm,,716 rpm,1681 rpm,1746 rpm,1408 rpm,1542 rpm,,,1843 rpm
2026-07-11 05:00:00,26.8 V,,,26.1 V,26.2 V,26.8 V,26.5 V,,,26.1 V,1543 rpm,,,674 rpm,1494 rpm,1379 rpm,1645 rpm,,,1641 rpm
2026-07-11 07:00:00,26.9 V,,,26.6 V,26.2 V,26.8 V,26.5 V,,,26.1 V,1751 rpm,,,1083 rpm,1562 rpm,1651 rpm,1762 rpm,,,1787 rpm
2026-07-11 09:00:00,26.7 V,,26.9 V,26.9 V,26.1 V,26.8 V,26.5 V,,,26.0 V,1669 rpm,,867 rpm,1502 rpm,1740 rpm,1557 rpm,1640 rpm,,,1800 rpm
2026-07-11 11:00:00,26.6 V,,26.5 V,26.7 V,25.9 V,26.7 V,26.5 V,,,26.0 V,1720 rpm,,1342 rpm,1774 rpm,1691 rpm,1576 rpm,1581 rpm,,,1810 rpm
2026-07-11 13:00:00,26.7 V,,26.6 V,26.7 V,25.8 V,26.7 V,26.5 V,,,26.0 V,1721 rpm,,1676 rpm,1809 rpm,1300 rpm,1820 rpm,1744 rpm,,,1826 rpm
2026-07-11 15:00:00,26.7 V,,26.7 V,26.4 V,25.9 V,26.7 V,26.5 V,,,26.1 V,1776 rpm,,1677 rpm,1521 rpm,1445 rpm,1792 rpm,1757 rpm,,,1687 rpm
2026-07-11 17:00:00,26.7 V,,26.7 V,26.6 V,26.0 V,26.7 V,26.5 V,,,26.1 V,1477 rpm,,1548 rpm,1666 rpm,1639 rpm,1401 rpm,1659 rpm,,,1590 rpm
2026-07-11 19:00:00,26.7 V,,26.8 V,26.8 V,25.9 V,26.7 V,26.6 V,,,26.0 V,1680 rpm,,1386 rpm,1835 rpm,1678 rpm,1689 rpm,1506 rpm,,,1825 rpm
2026-07-11 21:00:00,26.8 V,,26.8 V,26.8 V,25.8 V,26.7 V,26.7 V,,,25.7 V,1660 rpm,,1493 rpm,1662 rpm,1797 rpm,1714 rpm,1726 rpm,,,1193 rpm
2026-07-11 23:00:00,26.2 V,,26.9 V,26.8 V,25.8 V,26.7 V,26.5 V,,,26.1 V,1042 rpm,,1745 rpm,1767 rpm,1718 rpm,1674 rpm,1562 rpm,,,1784 rpm
2026-07-12 01:00:00,26.8 V,,26.9 V,26.8 V,26.1 V,26.7 V,26.8 V,,,26.2 V,1808 rpm,,1436 rpm,1813 rpm,1631 rpm,1742 rpm,1463 rpm,,,1738 rpm
2026-07-12 03:00:00,26.9 V,,26.8 V,26.8 V,26.0 V,26.8 V,26.9 V,,,26.1 V,1559 rpm,,1724 rpm,1743 rpm,1522 rpm,1697 rpm,1651 rpm,,,1776 rpm
2026-07-12 05:00:00,26.6 V,,26.9 V,26.8 V,25.9 V,26.8 V,26.6 V,,,26.2 V,1507 rpm,,1683 rpm,1781 rpm,1588 rpm,1503 rpm,1732 rpm,,,1653 rpm
2026-07-12 07:00:00,26.9 V,,26.7 V,26.8 V,25.8 V,26.7 V,26.6 V,,,26.3 V,1583 rpm,,1682 rpm,1828 rpm,1723 rpm,1738 rpm,1818 rpm,,,1742 rpm
2026-07-12 09:00:00,26.8 V,,26.8 V,26.7 V,25.8 V,26.7 V,26.5 V,,,26.2 V,1781 rpm,,1546 rpm,1735 rpm,1802 rpm,1722 rpm,1768 rpm,,,1660 rpm
2026-07-12 11:00:00,26.7 V,,26.6 V,26.6 V,25.7 V,26.7 V,26.4 V,,,26.2 V,1658 rpm,,1665 rpm,1732 rpm,1675 rpm,1773 rpm,1651 rpm,,,1596 rpm
2026-07-12 13:00:00,26.7 V,,26.7 V,26.6 V,26.0 V,26.6 V,26.5 V,,,26.0 V,1630 rpm,,1766 rpm,1802 rpm,1205 rpm,1624 rpm,1808 rpm,,,1787 rpm
2026-07-12 15:00:00,26.8 V,,26.6 V,25.9 V,25.8 V,26.6 V,26.5 V,,,25.9 V,1474 rpm,,1572 rpm,747 rpm,1296 rpm,1787 rpm,1695 rpm,,,1789 rpm
2026-07-12 17:00:00,26.7 V,,26.7 V,26.8 V,25.9 V,26.7 V,26.5 V,,,26.1 V,1313 rpm,,1577 rpm,1270 rpm,1562 rpm,1476 rpm,1436 rpm,,,1690 rpm
2026-07-12 19:00:00,26.8 V,,26.7 V,26.9 V,25.9 V,26.7 V,26.5 V,,,26.1 V,1727 rpm,,1773 rpm,1557 rpm,1696 rpm,1652 rpm,1776 rpm,,,1803 rpm
2026-07-12 21:00:00,26.8 V,,26.8 V,27.1 V,25.9 V,26.7 V,26.5 V,,,26.0 V,1808 rpm,,1612 rpm,1435 rpm,1843 rpm,1744 rpm,1685 rpm,,,1536 rpm
2026-07-12 23:00:00,26.7 V,,26.7 V,27.1 V,25.8 V,26.7 V,26.5 V,,,26.0 V,1728 rpm,,1674 rpm,1638 rpm,922 rpm,1711 rpm,1591 rpm,,,1821 rpm
2026-07-13 01:00:00,26.6 V,,26.8 V,27.1 V,,26.7 V,26.6 V,,,26.2 V,1649 rpm,,1274 rpm,1446 rpm,,1688 rpm,1726 rpm,,,1787 rpm
2026-07-13 03:00:00,26.3 V,,25.9 V,27.0 V,26.2 V,26.7 V,26.6 V,,,26.2 V,1103 rpm,,246 rpm,1694 rpm,1385 rpm,1631 rpm,1777 rpm,,,1789 rpm
2026-07-13 05:00:00,,,26.8 V,27.0 V,26.2 V,26.8 V,26.6 V,,,26.2 V,,,1528 rpm,1721 rpm,1315 rpm,1454 rpm,1566 rpm,,,1472 rpm
2026-07-13 07:00:00,,,26.7 V,26.9 V,26.0 V,26.8 V,26.5 V,,,26.1 V,,,1642 rpm,1750 rpm,1774 rpm,1695 rpm,1765 rpm,,,1830 rpm
2026-07-13 09:00:00,26.9 V,,26.7 V,26.8 V,25.9 V,26.8 V,26.5 V,,,26.0 V,862 rpm,,1602 rpm,1732 rpm,1716 rpm,1649 rpm,1754 rpm,,,1730 rpm
2026-07-13 11:00:00,26.7 V,,26.7 V,26.7 V,25.9 V,26.7 V,26.5 V,,,26.1 V,833 rpm,,1737 rpm,1793 rpm,1458 rpm,1773 rpm,1620 rpm,,,1705 rpm
2026-07-13 13:00:00,,,26.7 V,26.8 V,25.8 V,26.8 V,26.6 V,,,26.3 V,,,1701 rpm,1646 rpm,1613 rpm,1733 rpm,1719 rpm,,,1614 rpm
2026-07-13 15:00:00,,,26.7 V,26.6 V,25.8 V,26.7 V,26.7 V,,,26.1 V,,,1670 rpm,1378 rpm,1812 rpm,1511 rpm,1739 rpm,,,1728 rpm
2026-07-13 17:00:00,,,26.6 V,26.8 V,26.0 V,26.7 V,26.7 V,,,26.1 V,,,1616 rpm,1718 rpm,1359 rpm,1343 rpm,1601 rpm,,,1783 rpm
2026-07-13 19:00:00,,,26.7 V,26.9 V,25.9 V,26.7 V,26.6 V,,,26.1 V,,,1522 rpm,1681 rpm,1827 rpm,1656 rpm,1579 rpm,,,1790 rpm
2026-07-13 21:00:00,,,26.7 V,27.0 V,26.1 V,26.7 V,26.5 V,,,25.4 V,,,1683 rpm,1747 rpm,1345 rpm,1682 rpm,1691 rpm,,,565 rpm
2026-07-13 23:00:00,,,26.7 V,26.9 V,26.2 V,26.7 V,26.6 V,,,26.2 V,,,1717 rpm,1602 rpm,1487 rpm,1730 rpm,1615 rpm,,,1107 rpm
2026-07-14 01:00:00,,,26.9 V,26.9 V,26.1 V,26.8 V,26.7 V,,,26.0 V,,,1185 rpm,1753 rpm,1745 rpm,1802 rpm,1357 rpm,,,1752 rpm
2026-07-14 03:00:00,,,27.0 V,26.9 V,26.2 V,26.8 V,26.6 V,,,25.8 V,,,1449 rpm,1823 rpm,1459 rpm,1642 rpm,1792 rpm,,,1813 rpm
2026-07-14 05:00:00,,,26.8 V,26.9 V,26.3 V,26.9 V,26.6 V,,,26.0 V,,,1407 rpm,1695 rpm,1372 rpm,1321 rpm,1583 rpm,,,1721 rpm
2026-07-14 07:00:00,,,26.7 V,26.9 V,26.3 V,26.8 V,26.6 V,,,25.9 V,,,1800 rpm,1810 rpm,1683 rpm,1788 rpm,1767 rpm,,,1772 rpm
2026-07-14 09:00:00,,,26.6 V,26.8 V,,26.8 V,26.6 V,,,25.9 V,,,1710 rpm,1788 rpm,,1801 rpm,1782 rpm,,,1785 rpm
2026-07-14 11:00:00,,,26.6 V,26.8 V,,26.8 V,26.6 V,,,25.8 V,,,1732 rpm,1729 rpm,,1821 rpm,1816 rpm,,,1728 rpm
2026-07-14 13:00:00,,,26.6 V,27.1 V,26.5 V,26.7 V,26.5 V,,,26.2 V,,,1789 rpm,1781 rpm,1592 rpm,1731 rpm,1668 rpm,,,1831 rpm
2026-07-14 15:00:00,,,26.6 V,27.0 V,26.1 V,26.7 V,26.6 V,,,25.9 V,,,1803 rpm,1838 rpm,1833 rpm,1826 rpm,1675 rpm,,,1678 rpm
2026-07-14 17:00:00,,,26.7 V,26.9 V,26.0 V,26.7 V,26.6 V,,,25.9 V,,,1708 rpm,1389 rpm,1659 rpm,1286 rpm,1595 rpm,,,1653 rpm
2026-07-14 19:00:00,,,26.7 V,27.0 V,25.8 V,26.9 V,26.7 V,,,25.9 V,,,1691 rpm,1327 rpm,1647 rpm,1614 rpm,1705 rpm,,,1766 rpm
2026-07-14 21:00:00,,,26.7 V,26.9 V,25.8 V,26.8 V,26.6 V,,,25.9 V,,,1710 rpm,1735 rpm,1790 rpm,1602 rpm,1699 rpm,,,1723 rpm
2026-07-14 23:00:00,27.1 V,,26.8 V,26.9 V,26.4 V,26.7 V,26.2 V,,,26.0 V,812 rpm,,1705 rpm,1669 rpm,1553 rpm,1729 rpm,1413 rpm,,,1693 rpm
2026-07-15 01:00:00,26.9 V,,26.3 V,27.0 V,26.0 V,26.8 V,26.5 V,,,26.3 V,849 rpm,,984 rpm,1479 rpm,1467 rpm,1593 rpm,860 rpm,,,1215 rpm
2026-07-15 03:00:00,26.8 V,,26.9 V,27.0 V,26.7 V,26.9 V,26.8 V,,,26.1 V,1137 rpm,,1768 rpm,1593 rpm,1260 rpm,1689 rpm,1668 rpm,,,1592 rpm
2026-07-15 05:00:00,26.8 V,,26.8 V,27.0 V,26.4 V,26.8 V,26.7 V,,,26.2 V,1664 rpm,,1610 rpm,1610 rpm,1388 rpm,1490 rpm,1744 rpm,,,1599 rpm
2026-07-15 07:00:00,26.6 V,,26.7 V,26.9 V,26.2 V,26.8 V,26.7 V,,,26.0 V,1349 rpm,,1681 rpm,1773 rpm,1573 rpm,1835 rpm,1841 rpm,,,1732 rpm
2026-07-15 09:00:00,26.3 V,,26.7 V,26.9 V,26.2 V,26.8 V,26.6 V,,,26.0 V,463 rpm,,1691 rpm,1825 rpm,1352 rpm,1818 rpm,1766 rpm,,,1666 rpm
2026-07-15 11:00:00,26.5 V,,26.7 V,26.9 V,25.8 V,26.7 V,26.5 V,,,25.9 V,520 rpm,,1534 rpm,1791 rpm,1774 rpm,1619 rpm,1716 rpm,,,1781 rpm
2026-07-15 13:00:00,25.2 V,,26.7 V,26.7 V,25.9 V,26.7 V,26.6 V,,,26.0 V,40.2 rpm,,1682 rpm,1491 rpm,1729 rpm,1835 rpm,1618 rpm,,,1706 rpm
2026-07-15 15:00:00,26.6 V,,26.6 V,26.8 V,25.8 V,26.7 V,26.6 V,,,25.9 V,1098 rpm,,1811 rpm,1683 rpm,1191 rpm,1695 rpm,1675 rpm,,,1733 rpm
2026-07-15 17:00:00,26.8 V,,26.6 V,26.8 V,25.9 V,26.7 V,26.6 V,,,26.0 V,1391 rpm,,1617 rpm,1755 rpm,757 rpm,1240 rpm,1809 rpm,,,1596 rpm
2026-07-15 19:00:00,26.8 V,,26.7 V,26.8 V,25.8 V,26.8 V,26.6 V,,,26.1 V,1790 rpm,,1719 rpm,1831 rpm,1020 rpm,1737 rpm,1784 rpm,,,1485 rpm
2026-07-15 21:00:00,26.8 V,,26.7 V,26.2 V,26.0 V,26.8 V,26.6 V,,,26.0 V,1687 rpm,,1728 rpm,951 rpm,1600 rpm,1701 rpm,1807 rpm,,,1768 rpm
2026-07-15 23:00:00,26.8 V,,26.8 V,26.8 V,25.9 V,26.8 V,26.7 V,,,26.1 V,1766 rpm,,1771 rpm,1253 rpm,1743 rpm,1740 rpm,1658 rpm,,,1762 rpm
2026-07-16 01:00:00,26.8 V,,26.8 V,26.9 V,26.4 V,26.8 V,25.9 V,,,26.2 V,1774 rpm,,1345 rpm,1747 rpm,1488 rpm,1672 rpm,1078 rpm,,,1400 rpm
2026-07-16 03:00:00,26.9 V,,26.8 V,26.9 V,26.6 V,26.8 V,26.7 V,,,26.3 V,1832 rpm,,1452 rpm,1749 rpm,1623 rpm,1692 rpm,1723 rpm,,,1391 rpm
2026-07-16 05:00:00,26.9 V,,26.8 V,26.9 V,26.5 V,26.9 V,26.6 V,,,26.1 V,1737 rpm,,1465 rpm,1749 rpm,1231 rpm,1427 rpm,1692 rpm,,,1645 rpm
2026-07-16 07:00:00,26.9 V,,26.6 V,26.9 V,26.1 V,26.8 V,26.6 V,,,26.1 V,1620 rpm,,1701 rpm,1835 rpm,1737 rpm,1841 rpm,1803 rpm,,,1715 rpm
2026-07-16 09:00:00,26.8 V,,26.8 V,26.9 V,25.9 V,26.7 V,26.6 V,,,26.0 V,1662 rpm,,1660 rpm,1746 rpm,1793 rpm,1782 rpm,1734 rpm,,,1791 rpm
2026-07-16 11:00:00,26.9 V,,26.7 V,26.8 V,25.9 V,26.7 V,26.5 V,,,26.0 V,1652 rpm,,1768 rpm,1840 rpm,1666 rpm,1736 rpm,1752 rpm,,,1552 rpm
2026-07-16 13:00:00,26.9 V,,26.6 V,26.5 V,25.8 V,26.7 V,26.5 V,,,26.1 V,1397 rpm,,1714 rpm,1266 rpm,1457 rpm,1603 rpm,1695 rpm,,,1224 rpm
2026-07-16 15:00:00,26.7 V,,26.7 V,27.0 V,26.1 V,26.6 V,26.7 V,,,25.8 V,1744 rpm,,1723 rpm,1676 rpm,1750 rpm,1728 rpm,1551 rpm,,,1801 rpm
2026-07-16 17:00:00,26.8 V,,26.7 V,27.0 V,26.1 V,26.7 V,26.6 V,,,25.9 V,1468 rpm,,1399 rpm,1706 rpm,1421 rpm,1348 rpm,1721 rpm,,,1688 rpm
2026-07-16 19:00:00,26.8 V,,26.7 V,27.0 V,26.1 V,26.7 V,26.6 V,,,26.0 V,1702 rpm,,1805 rpm,1842 rpm,1613 rpm,1778 rpm,1785 rpm,,,1715 rpm
2026-07-16 21:00:00,26.8 V,,26.7 V,26.9 V,25.9 V,26.8 V,26.7 V,,,26.0 V,1590 rpm,,1786 rpm,1828 rpm,1736 rpm,1814 rpm,1511 rpm,,,1694 rpm
2026-07-16 23:00:00,26.7 V,,26.7 V,26.9 V,25.9 V,26.8 V,26.7 V,,,26.0 V,1637 rpm,,1809 rpm,1506 rpm,1742 rpm,1815 rpm,1539 rpm,,,1739 rpm
2026-07-17 01:00:00,26.8 V,,26.8 V,26.9 V,26.0 V,26.8 V,26.7 V,,,25.8 V,1647 rpm,,1796 rpm,1756 rpm,1767 rpm,1748 rpm,1717 rpm,,,1366 rpm
2026-07-17 03:00:00,26.8 V,,26.8 V,26.9 V,26.1 V,26.8 V,26.6 V,,,26.3 V,1672 rpm,,1630 rpm,1738 rpm,1369 rpm,1799 rpm,1774 rpm,,,1393 rpm
2026-07-17 05:00:00,26.8 V,,26.8 V,27.0 V,26.0 V,26.8 V,26.6 V,,,26.2 V,1594 rpm,,1601 rpm,1771 rpm,1662 rpm,1560 rpm,1614 rpm,,,1614 rpm
2026-07-17 07:00:00,26.8 V,,26.7 V,27.0 V,25.9 V,26.8 V,26.6 V,,,25.9 V,1702 rpm,,1821 rpm,1782 rpm,1547 rpm,1833 rpm,1796 rpm,,,1742 rpm
2026-07-17 09:00:00,26.7 V,,26.7 V,27.0 V,25.8 V,26.7 V,26.6 V,,,25.8 V,1716 rpm,,1737 rpm,1831 rpm,1770 rpm,1777 rpm,1826 rpm,,,1773 rpm
2026-07-17 11:00:00,26.6 V,,26.6 V,26.9 V,25.8 V,26.7 V,26.5 V,,,25.7 V,1293 rpm,,1671 rpm,1840 rpm,1690 rpm,1748 rpm,1767 rpm,,,1722 rpm
2026-07-17 13:00:00,26.6 V,26.9 V,26.6 V,26.9 V,25.7 V,25.8 V,26.5 V,,,25.8 V,1443 rpm,800 rpm,1761 rpm,1771 rpm,1021 rpm,377 rpm,1741 rpm,,,1752 rpm
2026-07-17 15:00:00,26.6 V,27.0 V,26.6 V,26.9 V,26.2 V,26.8 V,26.6 V,,,25.7 V,1689 rpm,802 rpm,1789 rpm,1257 rpm,1245 rpm,1387 rpm,1681 rpm,,,1783 rpm
2026-07-17 17:00:00,26.7 V,,26.7 V,27.0 V,25.8 V,26.8 V,26.5 V,,,25.8 V,1593 rpm,,1724 rpm,1449 rpm,1675 rpm,1647 rpm,1687 rpm,,,1721 rpm
2026-07-17 19:00:00,26.7 V,,26.6 V,27.0 V,25.9 V,26.8 V,26.4 V,,,25.8 V,1752 rpm,,1723 rpm,1737 rpm,1646 rpm,1809 rpm,1405 rpm,,,1751 rpm
2026-07-17 21:00:00,26.7 V,,26.6 V,26.9 V,25.9 V,26.8 V,26.2 V,,,25.8 V,1708 rpm,,1791 rpm,1796 rpm,1766 rpm,1827 rpm,543 rpm,,,1734 rpm
2026-07-17 23:00:00,26.7 V,26.9 V,26.7 V,26.9 V,26.4 V,26.8 V,,,,25.9 V,1689 rpm,953 rpm,1773 rpm,1684 rpm,1172 rpm,1810 rpm,,,,1681 rpm
2026-07-18 01:00:00,26.8 V,,26.8 V,27.0 V,26.0 V,26.8 V,26.7 V,,,25.9 V,1631 rpm,,1634 rpm,1614 rpm,3126 rpm,1801 rpm,1685 rpm,,,1731 rpm
2026-07-18 03:00:00,26.8 V,,26.9 V,27.0 V,26.1 V,26.8 V,26.6 V,,,26.0 V,1697 rpm,,1596 rpm,1739 rpm,1706 rpm,1815 rpm,1839 rpm,,,1669 rpm
2026-07-18 05:00:00,26.7 V,,26.9 V,27.1 V,26.1 V,26.8 V,26.6 V,,,26.0 V,1665 rpm,,1385 rpm,1507 rpm,1610 rpm,1500 rpm,1551 rpm,,,1643 rpm
2026-07-18 07:00:00,26.8 V,,26.7 V,27.0 V,25.9 V,26.7 V,26.5 V,,,25.8 V,1069 rpm,,1736 rpm,1683 rpm,1774 rpm,1698 rpm,1708 rpm,,,1837 rpm
2026-07-18 09:00:00,26.7 V,,26.3 V,26.9 V,25.9 V,26.7 V,26.6 V,,,25.7 V,1596 rpm,,1122 rpm,1804 rpm,1721 rpm,1715 rpm,1698 rpm,,,1833 rpm
2026-07-18 11:00:00,26.7 V,,26.7 V,26.9 V,25.8 V,26.6 V,26.5 V,,,25.7 V,1649 rpm,,893 rpm,1745 rpm,1792 rpm,1730 rpm,1748 rpm,,,1738 rpm
2026-07-18 13:00:00,26.6 V,,26.7 V,26.9 V,25.8 V,26.7 V,26.6 V,,,25.8 V,1697 rpm,,1562 rpm,1712 rpm,1408 rpm,1699 rpm,1559 rpm,,,1740 rpm
2026-07-18 15:00:00,26.7 V,,26.7 V,26.9 V,26.0 V,26.6 V,26.7 V,,,25.7 V,1613 rpm,,1714 rpm,1769 rpm,1720 rpm,1655 rpm,1651 rpm,,,1771 rpm
2026-07-18 17:00:00,26.7 V,,26.6 V,26.9 V,26.0 V,26.7 V,26.7 V,,,25.7 V,1551 rpm,,1509 rpm,1737 rpm,1637 rpm,1479 rpm,1538 rpm,,,1689 rpm
2026-07-18 19:00:00,26.8 V,,26.7 V,26.9 V,26.0 V,26.7 V,26.6 V,,,25.7 V,1461 rpm,,1626 rpm,1811 rpm,1813 rpm,1790 rpm,1830 rpm,,,1689 rpm
2026-07-18 21:00:00,26.7 V,,26.7 V,27.0 V,26.2 V,26.7 V,26.6 V,,,25.7 V,1619 rpm,,1741 rpm,1811 rpm,1760 rpm,1771 rpm,1735 rpm,,,1785 rpm
2026-07-18 23:00:00,26.7 V,,26.7 V,27.0 V,26.3 V,26.7 V,26.6 V,,,25.7 V,1475 rpm,,1644 rpm,1732 rpm,1663 rpm,1751 rpm,1797 rpm,,,1751 rpm
2026-07-19 01:00:00,26.7 V,26.7 V,26.7 V,26.9 V,26.4 V,26.7 V,26.6 V,,,25.9 V,1345 rpm,778 rpm,1724 rpm,1820 rpm,1518 rpm,1616 rpm,1668 rpm,,,1705 rpm
2026-07-19 03:00:00,26.8 V,26.9 V,26.7 V,27.0 V,26.6 V,26.8 V,26.7 V,,,25.7 V,1346 rpm,895 rpm,1812 rpm,1763 rpm,936 rpm,1635 rpm,1789 rpm,,,1792 rpm
2026-07-19 05:00:00,26.7 V,,26.7 V,27.0 V,26.2 V,26.8 V,26.6 V,,,25.7 V,1673 rpm,,1641 rpm,1713 rpm,1765 rpm,1415 rpm,1713 rpm,,,1708 rpm
2026-07-19 07:00:00,26.7 V,,26.7 V,26.9 V,26.0 V,26.7 V,26.6 V,,,25.7 V,1681 rpm,,1736 rpm,1844 rpm,1670 rpm,1648 rpm,1798 rpm,,,2371 rpm
2026-07-19 09:00:00,26.8 V,26.8 V,26.7 V,26.9 V,25.9 V,26.7 V,26.4 V,,,26.4 V,1675 rpm,1381 rpm,1695 rpm,1817 rpm,1662 rpm,1655 rpm,1569 rpm,,,1316 rpm
2026-07-19 11:00:00,26.7 V,26.9 V,26.7 V,26.8 V,25.8 V,26.7 V,26.6 V,,,26.2 V,1667 rpm,1583 rpm,1705 rpm,1714 rpm,1728 rpm,1680 rpm,1222 rpm,,,1821 rpm
2026-07-19 13:00:00,26.7 V,26.8 V,26.7 V,26.9 V,26.1 V,26.7 V,26.7 V,,,25.9 V,1656 rpm,913 rpm,1607 rpm,1850 rpm,1300 rpm,1495 rpm,1694 rpm,,,1824 rpm
2026-07-19 15:00:00,26.7 V,27.0 V,26.9 V,26.9 V,26.4 V,26.7 V,26.7 V,,,25.8 V,1645 rpm,977 rpm,1308 rpm,1737 rpm,685 rpm,1629 rpm,1736 rpm,,,1732 rpm
2026-07-19 17:00:00,26.7 V,26.7 V,26.8 V,26.8 V,,26.8 V,26.6 V,,,25.8 V,1735 rpm,934 rpm,1629 rpm,1133 rpm,,1000 rpm,1759 rpm,,,1379 rpm
2026-07-19 19:00:00,26.7 V,26.7 V,26.7 V,27.0 V,,26.8 V,26.6 V,,,,1518 rpm,800 rpm,1776 rpm,1770 rpm,801 rpm,1255 rpm,1818 rpm,,,
2026-07-19 21:00:00,26.8 V,26.7 V,26.8 V,27.0 V,26.4 V,,26.5 V,,,25.9 V,1440 rpm,800 rpm,1768 rpm,1503 rpm,1054 rpm,,1804 rpm,,,1807 rpm
2026-07-19 23:00:00,26.8 V,26.4 V,26.8 V,27.0 V,,26.9 V,26.5 V,,,25.9 V,1557 rpm,571 rpm,1755 rpm,1767 rpm,,1108 rpm,1771 rpm,,,1821 rpm
2026-07-20 01:00:00,26.8 V,,26.8 V,26.9 V,,26.8 V,26.6 V,,,26.0 V,1197 rpm,,1738 rpm,1653 rpm,,1658 rpm,1661 rpm,,,1738 rpm
2026-07-20 03:00:00,26.9 V,26.4 V,26.7 V,27.0 V,,26.8 V,26.6 V,,,25.9 V,1514 rpm,1014 rpm,1663 rpm,1802 rpm,,1580 rpm,1734 rpm,,,1834 rpm
2026-07-20 05:00:00,26.6 V,,27.0 V,27.0 V,,26.8 V,26.6 V,,,25.9 V,1375 rpm,,1477 rpm,1474 rpm,,1464 rpm,1645 rpm,,,1723 rpm
2026-07-20 07:00:00,26.9 V,26.4 V,26.7 V,26.9 V,,26.7 V,26.6 V,,,25.8 V,1703 rpm,1396 rpm,1619 rpm,1811 rpm,,1675 rpm,1710 rpm,,,1824 rpm
2026-07-20 09:00:00,26.8 V,26.5 V,26.7 V,26.9 V,,26.7 V,26.6 V,,,25.7 V,1786 rpm,1222 rpm,1553 rpm,1728 rpm,,1762 rpm,1648 rpm,,,1778 rpm
2026-07-20 11:00:00,26.8 V,,26.8 V,26.9 V,,26.7 V,26.5 V,,,25.7 V,1737 rpm,,1465 rpm,1728 rpm,,1838 rpm,1630 rpm,,,1771 rpm
2026-07-20 13:00:00,26.8 V,25.5 V,26.7 V,26.5 V,,26.7 V,26.6 V,,,25.8 V,1546 rpm,224 rpm,1686 rpm,1202 rpm,,1715 rpm,1794 rpm,,,1832 rpm
2026-07-20 15:00:00,26.8 V,26.7 V,26.9 V,,,26.7 V,26.7 V,,,25.7 V,1553 rpm,703 rpm,1189 rpm,,,1425 rpm,1064 rpm,,,1451 rpm
2026-07-20 17:00:00,26.8 V,,26.9 V,27.1 V,,26.8 V,26.9 V,,,26.3 V,1600 rpm,,1571 rpm,1829 rpm,,1129 rpm,1450 rpm,,,1354 rpm
2026-07-20 19:00:00,26.8 V,26.3 V,26.8 V,27.2 V,,26.7 V,26.7 V,,,25.9 V,1574 rpm,779 rpm,1737 rpm,1093 rpm,,1722 rpm,1566 rpm,,,1771 rpm
2026-07-20 21:00:00,26.8 V,26.6 V,26.8 V,27.2 V,,26.7 V,27.0 V,,,25.9 V,1636 rpm,1120 rpm,1781 rpm,1713 rpm,,1681 rpm,1063 rpm,,,1770 rpm
2026-07-20 23:00:00,26.7 V,25.9 V,26.8 V,27.2 V,,26.7 V,26.7 V,,,26.0 V,1555 rpm,4256 rpm,1523 rpm,1791 rpm,,1812 rpm,1793 rpm,,,1559 rpm
2026-07-21 01:00:00,26.9 V,26.0 V,26.9 V,27.1 V,26.5 V,26.8 V,26.6 V,,,26.1 V,1508 rpm,712 rpm,1580 rpm,1762 rpm,892 rpm,1753 rpm,1811 rpm,,,1322 rpm
2026-07-21 03:00:00,26.9 V,,26.8 V,27.1 V,26.7 V,26.8 V,26.6 V,,,26.3 V,1692 rpm,,1733 rpm,1819 rpm,914 rpm,1603 rpm,1683 rpm,,,1280 rpm
2026-07-21 05:00:00,26.7 V,,26.7 V,27.1 V,26.9 V,26.8 V,26.7 V,,,26.2 V,1524 rpm,,1578 rpm,1594 rpm,1282 rpm,1383 rpm,1543 rpm,,,1354 rpm
2026-07-21 07:00:00,26.9 V,,26.5 V,27.1 V,26.3 V,26.8 V,26.6 V,,,26.0 V,1651 rpm,,1473 rpm,1602 rpm,1467 rpm,1482 rpm,1727 rpm,,,1560 rpm
2026-07-21 09:00:00,26.7 V,26.7 V,26.5 V,26.9 V,,26.8 V,26.6 V,,,25.9 V,1692 rpm,1247 rpm,1493 rpm,1726 rpm,,1790 rpm,1677 rpm,,,1685 rpm
2026-07-21 11:00:00,26.7 V,,26.7 V,26.9 V,26.3 V,26.7 V,26.5 V,,,25.9 V,1767 rpm,,1580 rpm,1601 rpm,1504 rpm,1696 rpm,1538 rpm,,,1580 rpm
2026-07-21 13:00:00,26.7 V,,26.6 V,27.0 V,26.1 V,26.7 V,26.6 V,,,26.1 V,1698 rpm,,1629 rpm,1645 rpm,1626 rpm,1795 rpm,1512 rpm,,,1325 rpm
2026-07-21 15:00:00,26.7 V,,26.7 V,26.9 V,26.0 V,26.7 V,26.6 V,,,26.4 V,1377 rpm,,1746 rpm,1497 rpm,1677 rpm,1151 rpm,1706 rpm,,,1312 rpm
2026-07-21 17:00:00,26.7 V,,26.7 V,27.0 V,26.0 V,26.8 V,26.5 V,,,,1489 rpm,,1625 rpm,1658 rpm,1752 rpm,1226 rpm,1562 rpm,,,
2026-07-21 19:00:00,26.8 V,,26.7 V,26.9 V,26.0 V,26.5 V,26.6 V,,,,1763 rpm,,1698 rpm,1447 rpm,1563 rpm,1315 rpm,1735 rpm,,,
2026-07-21 21:00:00,26.7 V,,26.8 V,26.9 V,26.2 V,,26.6 V,,,25.9 V,1800 rpm,,1693 rpm,1797 rpm,1493 rpm,,1608 rpm,,,788 rpm
2026-07-21 23:00:00,26.8 V,,26.7 V,26.9 V,26.3 V,26.8 V,26.7 V,,,,1670 rpm,,1672 rpm,1817 rpm,1532 rpm,1615 rpm,1581 rpm,,,
2026-07-22 01:00:00,26.8 V,,26.8 V,27.0 V,26.4 V,26.7 V,26.7 V,,,,1806 rpm,,1433 rpm,1521 rpm,1390 rpm,1582 rpm,1466 rpm,,,
2026-07-22 03:00:00,26.8 V,,26.8 V,27.0 V,26.5 V,26.7 V,26.8 V,,,,1759 rpm,,1595 rpm,1631 rpm,1297 rpm,1737 rpm,1713 rpm,,,
2026-07-22 05:00:00,26.9 V,,26.7 V,26.9 V,26.3 V,26.7 V,26.6 V,,,,1707 rpm,,1644 rpm,1388 rpm,1754 rpm,1485 rpm,1543 rpm,,,
2026-07-22 07:00:00,26.8 V,,26.7 V,26.9 V,26.2 V,26.8 V,26.6 V,,,,1728 rpm,,1784 rpm,1750 rpm,1709 rpm,1607 rpm,1739 rpm,,,
2026-07-22 09:00:00,26.8 V,,26.7 V,26.9 V,26.2 V,26.8 V,26.5 V,,,,1702 rpm,,1503 rpm,1514 rpm,1743 rpm,1567 rpm,1830 rpm,,,
2026-07-22 11:00:00,26.8 V,,26.5 V,26.9 V,26.1 V,26.8 V,26.5 V,,,,1716 rpm,,1645 rpm,1288 rpm,1397 rpm,1502 rpm,1800 rpm,,,
2026-07-22 13:00:00,25.9 V,,26.5 V,26.8 V,25.5 V,26.7 V,26.1 V,,,,274 rpm,,1749 rpm,1724 rpm,820 rpm,1413 rpm,1215 rpm,,,
2026-07-22 15:00:00,26.8 V,,26.5 V,26.9 V,26.0 V,26.7 V,26.5 V,,,,1369 rpm,,1644 rpm,1751 rpm,1103 rpm,1601 rpm,1776 rpm,,,
2026-07-22 17:00:00,26.7 V,,26.6 V,26.9 V,26.1 V,26.7 V,26.5 V,,,26.1 V,1616 rpm,,1381 rpm,1504 rpm,1332 rpm,1138 rpm,1664 rpm,,,1198 rpm
2026-07-22 19:00:00,26.8 V,,26.6 V,26.9 V,26.1 V,26.9 V,26.6 V,,,25.9 V,1463 rpm,,1542 rpm,1724 rpm,1795 rpm,1017 rpm,1478 rpm,,,926 rpm
2026-07-22 21:00:00,26.8 V,,26.7 V,27.0 V,26.2 V,26.8 V,26.6 V,,,26.1 V,1497 rpm,,1535 rpm,1581 rpm,1691 rpm,1424 rpm,1708 rpm,,,1550 rpm
2026-07-22 23:00:00,26.7 V,,26.6 V,27.1 V,26.3 V,26.9 V,26.6 V,,,26.0 V,1709 rpm,,1070 rpm,1747 rpm,1734 rpm,1185 rpm,1658 rpm,,,1821 rpm
2026-07-23 01:00:00,26.8 V,,27.0 V,27.1 V,26.4 V,26.7 V,26.7 V,,,26.1 V,1741 rpm,,1610 rpm,1810 rpm,1440 rpm,1351 rpm,1509 rpm,,,1563 rpm
2026-07-23 03:00:00,26.6 V,,27.0 V,27.2 V,26.4 V,27.1 V,26.1 V,,,26.0 V,1257 rpm,,1564 rpm,1837 rpm,1608 rpm,915 rpm,834 rpm,,,1828 rpm
2026-07-23 05:00:00,26.8 V,,26.8 V,27.0 V,26.5 V,27.0 V,,,,26.1 V,1488 rpm,,1748 rpm,1498 rpm,954 rpm,779 rpm,,,,1657 rpm
2026-07-23 07:00:00,26.7 V,,26.7 V,27.0 V,26.1 V,,,,,26.0 V,1605 rpm,,1727 rpm,1725 rpm,1749 rpm,,,,,1744 rpm
2026-07-23 09:00:00,26.7 V,,26.7 V,26.9 V,26.1 V,27.1 V,25.1 V,,,25.8 V,1623 rpm,,1724 rpm,1641 rpm,1577 rpm,800 rpm,18.3 rpm,,,1723 rpm
2026-07-23 11:00:00,26.7 V,,26.8 V,26.8 V,26.0 V,26.9 V,27.0 V,,,25.8 V,1639 rpm,,1726 rpm,1786 rpm,1643 rpm,952 rpm,1224 rpm,,,1667 rpm
2026-07-23 13:00:00,26.7 V,,26.7 V,26.8 V,26.1 V,,,,,25.7 V,1337 rpm,,1687 rpm,1549 rpm,1273 rpm,,,,,1744 rpm
2026-07-23 15:00:00,26.8 V,,26.7 V,26.9 V,26.0 V,27.2 V,,,,25.5 V,1705 rpm,,1772 rpm,1756 rpm,1649 rpm,800 rpm,,,,1378 rpm
2026-07-23 17:00:00,26.6 V,,26.8 V,26.9 V,26.0 V,,,,,,1645 rpm,,1549 rpm,1509 rpm,1766 rpm,,,,,
2026-07-23 19:00:00,26.7 V,,26.2 V,25.7 V,26.0 V,,,,,26.1 V,1729 rpm,,599 rpm,436 rpm,1695 rpm,,,,,283 rpm
2026-07-23 21:00:00,26.7 V,,26.8 V,26.9 V,26.8 V,,,,,26.0 V,1609 rpm,,1735 rpm,1773 rpm,1414 rpm,,,,,603 rpm
2026-07-23 23:00:00,26.7 V,,26.8 V,26.9 V,26.4 V,27.1 V,,,,26.2 V,1615 rpm,,1428 rpm,1802 rpm,1710 rpm,863 rpm,,,,1617 rpm
2026-07-24 01:00:00,26.8 V,,26.9 V,26.9 V,26.8 V,,,,,26.2 V,1729 rpm,,1508 rpm,1774 rpm,1392 rpm,,,,,1567 rpm
2026-07-24 03:00:00,26.9 V,,26.8 V,26.9 V,26.8 V,27.1 V,,,,26.2 V,1675 rpm,,1754 rpm,1669 rpm,1558 rpm,1177 rpm,,,,1565 rpm
2026-07-24 05:00:00,26.8 V,,26.7 V,,26.4 V,,,,,26.2 V,1719 rpm,,1592 rpm,,1581 rpm,,,,,1570 rpm
2026-07-24 07:00:00,26.7 V,,26.7 V,25.7 V,26.2 V,,,,,25.9 V,1696 rpm,,1708 rpm,350 rpm,1704 rpm,,,,,1723 rpm
2026-07-24 09:00:00,26.7 V,,26.8 V,27.0 V,26.1 V,25.5 V,25.3 V,,,25.9 V,1739 rpm,,1679 rpm,942 rpm,1800 rpm,141 rpm,0 rpm,,,1714 rpm
2026-07-24 11:00:00,26.7 V,,26.7 V,26.9 V,26.0 V,,26.8 V,,,25.9 V,1724 rpm,,1667 rpm,771 rpm,1733 rpm,,980 rpm,,,1502 rpm
2026-07-24 13:00:00,26.7 V,,26.6 V,27.0 V,26.0 V,,26.7 V,,,26.1 V,1211 rpm,,1735 rpm,1599 rpm,1774 rpm,,1584 rpm,,,1493 rpm
2026-07-24 15:00:00,26.7 V,,26.6 V,27.0 V,26.2 V,,26.5 V,,,25.6 V,1547 rpm,,1694 rpm,1342 rpm,1756 rpm,,1817 rpm,,,1820 rpm
2026-07-24 17:00:00,26.3 V,,26.6 V,27.0 V,26.3 V,,26.6 V,,,25.7 V,1252 rpm,,1615 rpm,1651 rpm,1425 rpm,,1412 rpm,,,1576 rpm
2026-07-24 19:00:00,26.8 V,,26.7 V,27.0 V,26.0 V,,26.6 V,,,25.7 V,1684 rpm,,1761 rpm,1574 rpm,1400 rpm,,1335 rpm,,,1791 rpm
2026-07-24 21:00:00,26.8 V,,26.7 V,26.9 V,26.2 V,,26.7 V,,,25.7 V,1648 rpm,,1703 rpm,1792 rpm,1778 rpm,,1619 rpm,,,1793 rpm
2026-07-24 23:00:00,26.8 V,,26.7 V,27.1 V,26.4 V,,26.6 V,,,25.8 V,1650 rpm,,1638 rpm,1640 rpm,1801 rpm,,1750 rpm,,,1723 rpm
2026-07-25 01:00:00,26.8 V,,26.9 V,26.9 V,26.4 V,,26.6 V,,,26.4 V,1638 rpm,,1475 rpm,1570 rpm,1682 rpm,,1741 rpm,,,1014 rpm
2026-07-25 03:00:00,26.8 V,,26.7 V,26.9 V,26.6 V,,26.6 V,,,26.1 V,1718 rpm,,1760 rpm,1674 rpm,1700 rpm,,1585 rpm,,,1653 rpm
2026-07-25 05:00:00,26.8 V,,26.7 V,26.9 V,26.3 V,,26.6 V,,,26.0 V,1459 rpm,,1662 rpm,1703 rpm,1784 rpm,,1561 rpm,,,1614 rpm
2026-07-25 07:00:00,26.8 V,,26.7 V,26.9 V,26.0 V,,26.6 V,,,25.9 V,1468 rpm,,1724 rpm,1609 rpm,1816 rpm,,1670 rpm,,,1732 rpm
2026-07-25 09:00:00,26.7 V,25.1 V,26.7 V,26.8 V,25.9 V,,26.5 V,,,25.8 V,1409 rpm,317 rpm,1729 rpm,1811 rpm,1828 rpm,,1708 rpm,,,1675 rpm
2026-07-25 11:00:00,26.6 V,,26.6 V,26.8 V,25.9 V,,26.5 V,,,25.8 V,1363 rpm,,1764 rpm,1834 rpm,1657 rpm,,1474 rpm,,,1751 rpm
2026-07-25 13:00:00,26.6 V,,26.5 V,,26.0 V,,26.5 V,,,25.7 V,1613 rpm,,1710 rpm,,1571 rpm,,1743 rpm,,,1531 rpm
2026-07-25 15:00:00,26.6 V,,26.6 V,26.8 V,26.0 V,,26.5 V,,,25.7 V,1579 rpm,,1581 rpm,1830 rpm,1693 rpm,,1186 rpm,,,1635 rpm
2026-07-25 17:00:00,26.7 V,,26.7 V,26.8 V,26.1 V,,26.5 V,,,25.7 V,1398 rpm,,1697 rpm,1811 rpm,1625 rpm,,1618 rpm,,,1648 rpm
2026-07-25 19:00:00,26.7 V,,26.7 V,26.8 V,26.1 V,,26.6 V,,,25.9 V,1652 rpm,,1769 rpm,1827 rpm,1674 rpm,,1776 rpm,,,1653 rpm
2026-07-25 21:00:00,26.8 V,,26.7 V,26.8 V,26.1 V,,26.6 V,,,26.0 V,1774 rpm,,1767 rpm,1831 rpm,1701 rpm,,1833 rpm,,,1661 rpm
2026-07-25 23:00:00,26.8 V,,26.6 V,26.8 V,26.0 V,,26.6 V,,,26.0 V,1728 rpm,,1731 rpm,1751 rpm,1714 rpm,,1692 rpm,,,1736 rpm
2026-07-26 01:00:00,26.7 V,,26.7 V,26.9 V,26.2 V,,26.6 V,,,25.9 V,1553 rpm,,1712 rpm,1767 rpm,1773 rpm,,1759 rpm,,,1727 rpm
2026-07-26 03:00:00,26.8 V,,26.7 V,26.8 V,26.3 V,,26.6 V,,,25.9 V,1708 rpm,,1666 rpm,1666 rpm,1828 rpm,,1769 rpm,,,1801 rpm
2026-07-26 05:00:00,26.7 V,,26.7 V,26.9 V,26.3 V,,26.6 V,,,25.9 V,1559 rpm,,1633 rpm,1686 rpm,1650 rpm,,1678 rpm,,,1755 rpm
2026-07-26 07:00:00,26.8 V,,26.6 V,26.8 V,26.1 V,,26.6 V,,,26.0 V,1547 rpm,,1772 rpm,1820 rpm,1855 rpm,,1662 rpm,,,1561 rpm
2026-07-26 09:00:00,26.7 V,,26.6 V,26.8 V,26.1 V,,26.6 V,,,25.7 V,1566 rpm,,1761 rpm,1669 rpm,1855 rpm,,1808 rpm,,,1757 rpm
2026-07-26 11:00:00,26.6 V,,26.6 V,26.7 V,25.9 V,,26.5 V,,,26.0 V,1541 rpm,,1776 rpm,1824 rpm,1731 rpm,,1760 rpm,,,1290 rpm
2026-07-26 13:00:00,26.6 V,,26.6 V,26.7 V,26.0 V,,26.5 V,,,26.1 V,1643 rpm,,1711 rpm,1618 rpm,1771 rpm,,1677 rpm,,,1535 rpm
2026-07-26 15:00:00,26.7 V,,26.6 V,26.8 V,26.0 V,,26.6 V,,,25.7 V,1607 rpm,,1691 rpm,1836 rpm,1793 rpm,,1644 rpm,,,1656 rpm
2026-07-26 17:00:00,26.7 V,,26.7 V,26.8 V,26.0 V,,26.5 V,,,25.7 V,1484 rpm,,1656 rpm,1724 rpm,1581 rpm,,1611 rpm,,,1643 rpm
2026-07-26 19:00:00,26.1 V,,26.7 V,26.9 V,26.0 V,,26.6 V,,,25.7 V,1696 rpm,,1806 rpm,1747 rpm,1731 rpm,,1568 rpm,,,1741 rpm
2026-07-26 21:00:00,25.9 V,,26.6 V,26.8 V,26.0 V,,26.6 V,,,25.9 V,1544 rpm,,1767 rpm,1794 rpm,1786 rpm,,1784 rpm,,,1672 rpm
2026-07-26 23:00:00,25.9 V,,26.7 V,26.9 V,26.1 V,,26.6 V,,,26.0 V,1637 rpm,,1696 rpm,1801 rpm,1412 rpm,,1608 rpm,,,1757 rpm
2026-07-27 01:00:00,26.2 V,,,26.9 V,,,26.9 V,,,26.0 V,905 rpm,,,1760 rpm,,,1759 rpm,,,1738 rpm
2026-07-27 03:00:00,26.0 V,,26.8 V,26.9 V,,,26.7 V,,,25.8 V,1596 rpm,,1781 rpm,1801 rpm,,,1777 rpm,,,1303 rpm
2026-07-27 05:00:00,25.9 V,,26.8 V,26.9 V,26.8 V,,26.7 V,,,26.3 V,1703 rpm,,1644 rpm,1703 rpm,800 rpm,,1734 rpm,,,1558 rpm
2026-07-27 07:00:00,25.8 V,,26.7 V,27.0 V,26.3 V,,26.6 V,,,26.0 V,1445 rpm,,1755 rpm,1794 rpm,1795 rpm,,1759 rpm,,,1724 rpm
2026-07-27 09:00:00,25.8 V,,26.6 V,26.9 V,26.3 V,,26.5 V,,,25.9 V,1538 rpm,,1635 rpm,1728 rpm,1635 rpm,,1770 rpm,,,1694 rpm
2026-07-27 11:00:00,25.7 V,,26.6 V,26.7 V,25.9 V,,26.5 V,,,25.8 V,1576 rpm,,1763 rpm,1826 rpm,1813 rpm,,1775 rpm,,,1636 rpm
2026-07-27 13:00:00,25.6 V,,26.5 V,26.5 V,25.8 V,,26.5 V,,,25.9 V,1360 rpm,,1744 rpm,1246 rpm,1825 rpm,,1557 rpm,,,1690 rpm
2026-07-27 15:00:00,25.9 V,,26.5 V,26.9 V,25.6 V,,26.5 V,,,25.8 V,377 rpm,,1644 rpm,1746 rpm,833 rpm,,1722 rpm,,,1834 rpm
2026-07-27 17:00:00,25.9 V,,26.6 V,26.9 V,26.1 V,,26.6 V,,,26.0 V,406 rpm,,1696 rpm,1775 rpm,1434 rpm,,995 rpm,,,1671 rpm
2026-07-27 19:00:00,,,26.6 V,26.9 V,26.2 V,,26.6 V,,,26.0 V,,,1692 rpm,1809 rpm,1265 rpm,,1780 rpm,,,1790 rpm
2026-07-27 21:00:00,,,26.6 V,26.8 V,26.2 V,,26.6 V,,,26.1 V,,,1726 rpm,1806 rpm,1475 rpm,,1731 rpm,,,1693 rpm
2026-07-27 23:00:00,26.5 V,,26.8 V,26.9 V,26.1 V,,26.6 V,,,25.9 V,1051 rpm,,1596 rpm,1685 rpm,1656 rpm,,1782 rpm,,,1826 rpm
2026-07-28 01:00:00,26.8 V,,26.9 V,26.8 V,26.2 V,,26.6 V,,,25.8 V,1711 rpm,,1253 rpm,1631 rpm,1683 rpm,,1694 rpm,,,1616 rpm
2026-07-28 03:00:00,26.7 V,,26.9 V,26.8 V,26.4 V,,26.8 V,,,25.9 V,1802 rpm,,1450 rpm,1791 rpm,1169 rpm,,1774 rpm,,,1750 rpm
2026-07-28 05:00:00,26.6 V,,,26.9 V,26.3 V,,26.6 V,,,26.2 V,1605 rpm,,,1661 rpm,1240 rpm,,1414 rpm,,,1572 rpm
2026-07-28 07:00:00,26.6 V,,,26.9 V,26.1 V,,26.5 V,,,25.9 V,1590 rpm,,,1799 rpm,1705 rpm,,1761 rpm,,,1816 rpm
2026-07-28 09:00:00,26.6 V,,,26.8 V,26.0 V,,26.5 V,,,25.7 V,1398 rpm,,,1780 rpm,1680 rpm,,1790 rpm,,,1757 rpm
2026-07-28 11:00:00,26.6 V,,24.0 V,26.7 V,26.0 V,,26.5 V,,,25.6 V,1671 rpm,,20.4 rpm,1822 rpm,1475 rpm,,1711 rpm,,,1819 rpm
2026-07-28 13:00:00,26.5 V,,,26.7 V,25.8 V,,26.5 V,,,25.6 V,1760 rpm,,,1659 rpm,1175 rpm,,1736 rpm,,,1630 rpm
2026-07-28 15:00:00,26.5 V,,,26.9 V,26.2 V,,26.5 V,,,25.8 V,1622 rpm,,,1745 rpm,1659 rpm,,1833 rpm,,,1586 rpm
2026-07-28 17:00:00,26.6 V,,,26.8 V,26.1 V,,26.5 V,,,25.8 V,1496 rpm,,,1737 rpm,1523 rpm,,1472 rpm,,,1639 rpm
2026-07-28 19:00:00,26.7 V,,,26.8 V,26.0 V,,26.5 V,,,25.7 V,1644 rpm,,,1767 rpm,1743 rpm,,1763 rpm,,,1809 rpm
2026-07-28 21:00:00,26.7 V,,,26.8 V,26.1 V,,26.6 V,,,25.8 V,1714 rpm,,,1823 rpm,1706 rpm,,1809 rpm,,,1690 rpm
2026-07-28 23:00:00,26.7 V,,,26.8 V,26.1 V,,26.5 V,,,25.8 V,1560 rpm,,,1579 rpm,1767 rpm,,1715 rpm,,,1829 rpm
2026-07-29 01:00:00,26.7 V,,,26.9 V,26.1 V,,26.5 V,,,25.9 V,1601 rpm,,,1733 rpm,1661 rpm,,1733 rpm,,,1637 rpm
2026-07-29 03:00:00,26.6 V,,,27.0 V,26.1 V,,26.5 V,,,25.8 V,1656 rpm,,,1622 rpm,1803 rpm,,1777 rpm,,,1839 rpm
2026-07-29 05:00:00,26.7 V,,,27.1 V,26.2 V,,26.5 V,,,25.8 V,1687 rpm,,,1318 rpm,1350 rpm,,1574 rpm,,,1714 rpm
2026-07-29 07:00:00,26.6 V,,,26.9 V,26.2 V,,26.5 V,,,25.8 V,1688 rpm,,,1482 rpm,1437 rpm,,1517 rpm,,,1806 rpm
2026-07-29 09:00:00,26.6 V,,,26.9 V,26.0 V,,26.5 V,,,25.7 V,1571 rpm,,,1740 rpm,1715 rpm,,1756 rpm,,,1573 rpm
2026-07-29 11:00:00,26.6 V,,,26.8 V,25.9 V,,26.4 V,,,25.8 V,1583 rpm,,,1727 rpm,1689 rpm,,1878 rpm,,,1736 rpm
2026-07-29 13:00:00,26.5 V,,26.1 V,26.8 V,26.0 V,,26.5 V,,,25.8 V,1619 rpm,,394 rpm,1774 rpm,1280 rpm,,1778 rpm,,,1718 rpm
2026-07-29 15:00:00,26.6 V,24.8 V,25.8 V,26.7 V,26.1 V,,26.4 V,,,25.7 V,1619 rpm,0 rpm,239 rpm,1819 rpm,1170 rpm,,1729 rpm,,,1669 rpm
2026-07-29 17:00:00,26.6 V,25.4 V,26.1 V,26.8 V,26.0 V,,26.5 V,,,25.7 V,1621 rpm,561 rpm,482 rpm,1701 rpm,1820 rpm,,1446 rpm,,,1629 rpm
2026-07-29 19:00:00,26.6 V,,26.8 V,26.9 V,26.0 V,,26.5 V,,,25.7 V,1572 rpm,,1263 rpm,1822 rpm,1842 rpm,,1731 rpm,,,1820 rpm
2026-07-29 21:00:00,26.6 V,,26.6 V,26.9 V,26.1 V,,26.5 V,,,25.8 V,1330 rpm,,914 rpm,1768 rpm,1736 rpm,,1761 rpm,,,1800 rpm
2026-07-29 23:00:00,26.2 V,,26.9 V,26.9 V,26.0 V,,26.5 V,,,25.8 V,768 rpm,,1198 rpm,1719 rpm,1825 rpm,,1807 rpm,,,1821 rpm
2026-07-30 01:00:00,26.3 V,,26.9 V,26.9 V,26.0 V,,26.5 V,,,26.0 V,1012 rpm,,1713 rpm,1630 rpm,1596 rpm,,1607 rpm,,,1593 rpm
2026-07-30 03:00:00,26.7 V,,26.8 V,26.8 V,26.1 V,,26.6 V,,,25.8 V,1449 rpm,,1674 rpm,1777 rpm,1629 rpm,,1694 rpm,,,1676 rpm
2026-07-30 05:00:00,26.7 V,,26.8 V,26.9 V,26.2 V,,26.6 V,,,26.0 V,1739 rpm,,1453 rpm,1504 rpm,1430 rpm,,1543 rpm,,,1210 rpm
2026-07-30 07:00:00,26.7 V,,26.7 V,26.8 V,26.7 V,,26.6 V,,,25.8 V,1563 rpm,,1514 rpm,1584 rpm,856 rpm,,1812 rpm,,,1703 rpm
2026-07-30 09:00:00,26.7 V,26.5 V,26.8 V,26.6 V,26.1 V,,26.6 V,,,25.7 V,1677 rpm,867 rpm,1430 rpm,1553 rpm,1580 rpm,,1727 rpm,,,1789 rpm
2026-07-30 11:00:00,26.6 V,,26.9 V,26.8 V,26.0 V,,26.6 V,,,25.6 V,1693 rpm,,1256 rpm,1746 rpm,1797 rpm,,1735 rpm,,,1809 rpm
2026-07-30 13:00:00,26.5 V,26.7 V,26.9 V,26.8 V,26.1 V,,26.5 V,,,25.7 V,1641 rpm,1703 rpm,1279 rpm,1832 rpm,1765 rpm,,1686 rpm,,,1759 rpm
2026-07-30 15:00:00,26.6 V,26.6 V,26.8 V,26.8 V,26.0 V,,26.6 V,,,25.7 V,1654 rpm,1587 rpm,1502 rpm,1821 rpm,1594 rpm,,1789 rpm,,,1818 rpm
2026-07-30 17:00:00,26.7 V,26.3 V,26.8 V,26.8 V,26.3 V,,26.6 V,,,25.8 V,1606 rpm,984 rpm,1265 rpm,1752 rpm,1030 rpm,,1399 rpm,,,1496 rpm
2026-07-30 19:00:00,26.7 V,26.7 V,26.8 V,26.8 V,26.2 V,,26.6 V,,,25.8 V,1796 rpm,1344 rpm,1530 rpm,1827 rpm,1445 rpm,,1475 rpm,,,1711 rpm
2026-07-30 21:00:00,26.6 V,26.7 V,26.8 V,26.9 V,26.1 V,,26.7 V,,,25.8 V,1711 rpm,1616 rpm,1649 rpm,1723 rpm,1631 rpm,,1668 rpm,,,1828 rpm
2026-07-30 23:00:00,26.7 V,26.8 V,26.8 V,27.2 V,26.4 V,,26.7 V,,,25.8 V,1684 rpm,813 rpm,1660 rpm,1424 rpm,1180 rpm,,1405 rpm,,,1808 rpm
2026-07-31 01:00:00,26.7 V,26.6 V,27.2 V,27.2 V,26.3 V,,26.8 V,,,25.6 V,1699 rpm,769 rpm,1118 rpm,1592 rpm,1509 rpm,,1084 rpm,,,1264 rpm
2026-07-31 03:00:00,26.7 V,26.8 V,27.1 V,27.1 V,26.3 V,,26.8 V,,,25.8 V,1603 rpm,1720 rpm,1421 rpm,1680 rpm,1507 rpm,,1443 rpm,,,1831 rpm
2026-07-31 05:00:00,26.8 V,26.7 V,26.9 V,27.0 V,26.3 V,,26.6 V,,,26.0 V,1525 rpm,1730 rpm,1642 rpm,1468 rpm,1654 rpm,,1432 rpm,,,1621 rpm
2026-07-31 07:00:00,26.7 V,26.8 V,26.7 V,26.9 V,26.2 V,,26.6 V,,,25.9 V,1564 rpm,1516 rpm,1665 rpm,1767 rpm,1479 rpm,,1754 rpm,,,1740 rpm
2026-07-31 09:00:00,26.4 V,26.6 V,26.8 V,25.8 V,26.3 V,,26.6 V,,,25.8 V,1083 rpm,1129 rpm,1597 rpm,467 rpm,1239 rpm,,1718 rpm,,,1808 rpm
2026-07-31 11:00:00,25.7 V,26.7 V,26.8 V,26.9 V,26.0 V,,26.5 V,,,25.8 V,331 rpm,1558 rpm,1586 rpm,1775 rpm,1728 rpm,,1544 rpm,,,1778 rpm
2026-07-31 13:00:00,25.4 V,26.6 V,26.7 V,26.8 V,25.9 V,,26.5 V,,,25.9 V,138 rpm,1808 rpm,1576 rpm,1325 rpm,1495 rpm,,1697 rpm,,,1797 rpm
2026-07-31 15:00:00,,26.5 V,26.7 V,26.9 V,25.9 V,,26.5 V,,,25.9 V,,1519 rpm,1478 rpm,1430 rpm,1379 rpm,,1630 rpm,,,1698 rpm
2026-07-31 17:00:00,,26.2 V,26.7 V,26.9 V,25.9 V,,26.6 V,,,25.8 V,,793 rpm,1681 rpm,1611 rpm,1555 rpm,,1429 rpm,,,1662 rpm
2026-07-31 19:00:00,,26.7 V,26.8 V,26.9 V,26.2 V,,26.6 V,,,25.8 V,,1528 rpm,1626 rpm,1800 rpm,1254 rpm,,1460 rpm,,,1736 rpm
2026-07-31 21:00:00,,26.7 V,26.9 V,26.9 V,26.1 V,,26.6 V,,,26.0 V,,1610 rpm,1292 rpm,1845 rpm,1533 rpm,,1486 rpm,,,1624 rpm
2026-07-31 23:00:00,,26.8 V,26.9 V,27.2 V,26.2 V,,26.6 V,,,25.7 V,,1539 rpm,1787 rpm,1658 rpm,1280 rpm,,1351 rpm,,,1229 rpm
2026-08-01 01:00:00,,26.7 V,26.8 V,27.1 V,25.5 V,,26.7 V,,,26.1 V,,1437 rpm,1497 rpm,1838 rpm,700 rpm,,1424 rpm,,,1789 rpm
2026-08-01 03:00:00,,26.8 V,27.0 V,27.1 V,26.2 V,,26.8 V,,,26.1 V,,1754 rpm,1460 rpm,1448 rpm,1421 rpm,,1530 rpm,,,1791 rpm
2026-08-01 05:00:00,,26.9 V,26.9 V,27.0 V,26.0 V,,26.7 V,,,26.3 V,,1889 rpm,1590 rpm,1696 rpm,1440 rpm,,1446 rpm,,,1419 rpm
2026-08-01 07:00:00,,26.7 V,26.8 V,26.8 V,26.2 V,,26.6 V,,,26.2 V,,1803 rpm,1637 rpm,1827 rpm,803 rpm,,1832 rpm,,,1867 rpm
2026-08-01 09:00:00,,26.6 V,26.7 V,26.8 V,26.2 V,,26.5 V,,,26.1 V,,1772 rpm,1580 rpm,1447 rpm,1260 rpm,,1777 rpm,,,1725 rpm
2026-08-01 11:00:00,,26.5 V,26.7 V,26.9 V,26.1 V,,26.6 V,,,26.0 V,,1760 rpm,1698 rpm,1591 rpm,1675 rpm,,1666 rpm,,,1805 rpm
2026-08-01 13:00:00,,26.5 V,26.6 V,26.8 V,26.2 V,,26.6 V,,,26.0 V,,1727 rpm,1714 rpm,1563 rpm,1326 rpm,,1723 rpm,,,1707 rpm
2026-08-01 15:00:00,,26.6 V,26.7 V,27.0 V,26.2 V,,26.6 V,,,26.0 V,,1796 rpm,1686 rpm,1194 rpm,1651 rpm,,1835 rpm,,,1733 rpm
2026-08-01 17:00:00,,26.6 V,26.7 V,27.0 V,26.0 V,,26.5 V,,,26.1 V,,1601 rpm,1510 rpm,951 rpm,1489 rpm,,1582 rpm,,,1502 rpm
2026-08-01 19:00:00,,26.6 V,26.8 V,26.9 V,26.2 V,,26.5 V,,,26.1 V,,1725 rpm,1655 rpm,1539 rpm,1472 rpm,,1692 rpm,,,1708 rpm
2026-08-01 21:00:00,27.0 V,26.6 V,26.8 V,26.9 V,26.7 V,,26.5 V,,,26.1 V,1747 rpm,1800 rpm,1705 rpm,1632 rpm,910 rpm,,1740 rpm,,,1729 rpm
2026-08-01 23:00:00,26.5 V,26.6 V,26.8 V,26.9 V,26.6 V,,26.8 V,,,26.2 V,671 rpm,1797 rpm,1506 rpm,1444 rpm,1417 rpm,,1480 rpm,,,1483 rpm
2026-08-02 01:00:00,26.9 V,26.6 V,26.8 V,26.9 V,26.6 V,,26.6 V,,,26.3 V,1313 rpm,1729 rpm,1613 rpm,1543 rpm,1489 rpm,,1629 rpm,,,1383 rpm
2026-08-02 03:00:00,26.7 V,26.7 V,26.9 V,27.0 V,26.4 V,,26.5 V,,,26.3 V,1486 rpm,1697 rpm,1646 rpm,1448 rpm,1340 rpm,,1769 rpm,,,1740 rpm
2026-08-02 05:00:00,26.8 V,26.7 V,26.8 V,26.9 V,26.3 V,,26.6 V,,,26.3 V,1443 rpm,1791 rpm,1625 rpm,1693 rpm,1308 rpm,,1542 rpm,,,1607 rpm
2026-08-02 07:00:00,26.7 V,26.6 V,26.6 V,26.8 V,26.3 V,,26.6 V,,,26.1 V,1499 rpm,1739 rpm,1628 rpm,1644 rpm,1275 rpm,,1792 rpm,,,1749 rpm
2026-08-02 09:00:00,26.7 V,26.6 V,26.3 V,26.8 V,25.9 V,,26.6 V,,,26.1 V,1722 rpm,1810 rpm,1375 rpm,1740 rpm,1706 rpm,,1737 rpm,,,1809 rpm
2026-08-02 11:00:00,26.6 V,26.5 V,26.6 V,26.8 V,25.9 V,,26.6 V,,,25.9 V,1638 rpm,1724 rpm,1710 rpm,1700 rpm,1362 rpm,,1643 rpm,,,1674 rpm
2026-08-02 13:00:00,26.5 V,26.5 V,26.6 V,26.8 V,25.9 V,,26.5 V,,,26.0 V,1598 rpm,1676 rpm,1746 rpm,1630 rpm,1490 rpm,,1722 rpm,,,1810 rpm
2026-08-02 15:00:00,26.5 V,26.6 V,26.7 V,26.8 V,25.9 V,,26.5 V,,,26.0 V,1579 rpm,1784 rpm,1582 rpm,1739 rpm,1607 rpm,,1600 rpm,,,1744 rpm
2026-08-02 17:00:00,26.5 V,26.6 V,26.6 V,26.8 V,26.4 V,,26.6 V,,,26.0 V,1573 rpm,1764 rpm,1555 rpm,1737 rpm,1195 rpm,,1504 rpm,,,1553 rpm
2026-08-02 19:00:00,26.5 V,26.6 V,26.8 V,26.9 V,26.7 V,,26.5 V,,,26.0 V,1338 rpm,1776 rpm,1611 rpm,1765 rpm,1187 rpm,,1799 rpm,,,1702 rpm
2026-08-02 21:00:00,26.5 V,26.6 V,26.8 V,26.9 V,26.4 V,,26.6 V,,,26.0 V,1400 rpm,1801 rpm,1736 rpm,1757 rpm,1628 rpm,,1669 rpm,,,1780 rpm
2026-08-02 23:00:00,26.6 V,26.6 V,26.8 V,26.4 V,26.5 V,24.9 V,26.7 V,,,26.2 V,1704 rpm,1728 rpm,1611 rpm,1106 rpm,1538 rpm,0 rpm,1571 rpm,,,840 rpm
2026-08-03 01:00:00,26.7 V,26.2 V,26.8 V,26.9 V,26.9 V,26.2 V,26.6 V,,,26.3 V,1819 rpm,1252 rpm,1572 rpm,1703 rpm,866 rpm,417 rpm,1687 rpm,,,1395 rpm
2026-08-03 03:00:00,26.7 V,26.7 V,26.7 V,26.9 V,27.2 V,,26.8 V,,,26.4 V,1753 rpm,1528 rpm,1681 rpm,1464 rpm,990 rpm,,1080 rpm,,,1588 rpm
2026-08-03 05:00:00,26.8 V,26.7 V,26.7 V,26.9 V,26.7 V,,26.7 V,,,26.1 V,1818 rpm,1730 rpm,1622 rpm,1751 rpm,802 rpm,,1685 rpm,,,1664 rpm
2026-08-03 07:00:00,26.8 V,26.7 V,26.7 V,26.8 V,26.5 V,25.9 V,26.6 V,,,26.0 V,1619 rpm,1766 rpm,1720 rpm,1776 rpm,800 rpm,487 rpm,1809 rpm,,,1765 rpm
2026-08-03 09:00:00,26.6 V,26.6 V,26.7 V,26.9 V,25.4 V,,26.5 V,,,26.0 V,1702 rpm,1807 rpm,1626 rpm,1779 rpm,275 rpm,,1746 rpm,,,1800 rpm
2026-08-03 11:00:00,26.5 V,26.6 V,26.6 V,26.8 V,26.2 V,,26.5 V,,,25.9 V,1816 rpm,1760 rpm,1683 rpm,1723 rpm,1161 rpm,,1719 rpm,,,1663 rpm
2026-08-03 13:00:00,26.4 V,26.5 V,26.6 V,26.8 V,26.4 V,27.3 V,26.5 V,,,26.0 V,1751 rpm,1743 rpm,1718 rpm,1687 rpm,766 rpm,800 rpm,1789 rpm,,,1374 rpm
2026-08-03 15:00:00,26.5 V,26.6 V,26.6 V,26.5 V,26.2 V,26.0 V,26.4 V,,,26.0 V,1772 rpm,1725 rpm,1749 rpm,1388 rpm,1528 rpm,430 rpm,1746 rpm,,,1382 rpm
2026-08-03 17:00:00,26.6 V,26.7 V,26.6 V,26.9 V,26.1 V,,26.5 V,,,26.1 V,1762 rpm,1739 rpm,1686 rpm,1637 rpm,1535 rpm,,1617 rpm,,,1413 rpm
2026-08-03 19:00:00,26.6 V,26.7 V,26.7 V,27.0 V,26.0 V,,26.6 V,,,26.0 V,1753 rpm,1834 rpm,1723 rpm,1532 rpm,1741 rpm,,1697 rpm,,,1740 rpm
2026-08-03 21:00:00,26.6 V,26.7 V,26.7 V,27.0 V,,27.3 V,26.5 V,,,26.0 V,1597 rpm,1828 rpm,1689 rpm,1441 rpm,,1307 rpm,1749 rpm,,,1760 rpm
2026-08-03 23:00:00,26.4 V,26.7 V,26.7 V,27.0 V,26.5 V,27.2 V,26.7 V,,,26.2 V,1688 rpm,1708 rpm,1675 rpm,1651 rpm,1859 rpm,841 rpm,1465 rpm,,,1441 rpm
2026-08-04 01:00:00,26.7 V,26.7 V,26.8 V,27.0 V,,27.1 V,26.8 V,,,25.7 V,1698 rpm,1727 rpm,1368 rpm,1588 rpm,,772 rpm,1504 rpm,,,1199 rpm
2026-08-04 03:00:00,26.6 V,26.7 V,27.0 V,27.0 V,,26.8 V,26.7 V,,,26.3 V,1765 rpm,1174 rpm,1493 rpm,1460 rpm,,593 rpm,1484 rpm,,,1622 rpm
2026-08-04 05:00:00,26.6 V,26.7 V,26.9 V,27.0 V,26.5 V,,26.7 V,,,26.2 V,1500 rpm,1750 rpm,1651 rpm,1274 rpm,680 rpm,,1583 rpm,,,1426 rpm
2026-08-04 07:00:00,26.6 V,26.7 V,26.7 V,27.0 V,26.1 V,25.8 V,26.6 V,,,25.9 V,1493 rpm,1557 rpm,1607 rpm,1577 rpm,1217 rpm,643 rpm,1671 rpm,,,1618 rpm
2026-08-04 09:00:00,26.6 V,26.7 V,26.7 V,26.9 V,26.0 V,25.3 V,26.6 V,,,25.9 V,1557 rpm,1619 rpm,1704 rpm,1736 rpm,1888 rpm,5027 rpm,1593 rpm,,,1804 rpm
2026-08-04 11:00:00,26.4 V,26.6 V,26.7 V,26.9 V,26.0 V,,26.5 V,,,25.6 V,1459 rpm,1416 rpm,1742 rpm,1462 rpm,1715 rpm,,1735 rpm,,,1433 rpm
2026-08-04 13:00:00,26.4 V,26.6 V,26.8 V,26.9 V,25.7 V,,26.5 V,,,25.9 V,1393 rpm,1664 rpm,1637 rpm,1686 rpm,1742 rpm,,1834 rpm,,,1449 rpm
2026-08-04 15:00:00,26.4 V,26.6 V,26.8 V,27.0 V,25.6 V,,26.4 V,,,25.8 V,1446 rpm,1723 rpm,1723 rpm,1677 rpm,1635 rpm,,1609 rpm,,,1568 rpm
2026-08-04 17:00:00,26.5 V,26.7 V,26.7 V,26.9 V,,,26.5 V,,,25.8 V,1264 rpm,1569 rpm,1608 rpm,1590 rpm,,,1541 rpm,,,1703 rpm
2026-08-04 19:00:00,26.6 V,26.7 V,26.7 V,26.8 V,26.2 V,,26.6 V,,,25.8 V,1525 rpm,1796 rpm,1695 rpm,1529 rpm,1420 rpm,,1712 rpm,,,1786 rpm
2026-08-04 21:00:00,26.6 V,26.5 V,26.7 V,26.4 V,26.0 V,25.0 V,26.6 V,,,25.7 V,1735 rpm,1709 rpm,1706 rpm,998 rpm,1605 rpm,7420 rpm,1751 rpm,,,1781 rpm
2026-08-04 23:00:00,26.6 V,26.6 V,26.8 V,27.0 V,26.0 V,,26.7 V,,,25.7 V,1828 rpm,1794 rpm,1667 rpm,1240 rpm,1838 rpm,,1482 rpm,,,1831 rpm
2026-08-05 01:00:00,26.3 V,26.7 V,26.7 V,26.8 V,26.0 V,,26.6 V,,,25.6 V,1454 rpm,1673 rpm,1705 rpm,1801 rpm,1804 rpm,,1718 rpm,,,997 rpm
2026-08-05 03:00:00,26.5 V,26.7 V,26.7 V,26.9 V,26.4 V,,26.7 V,,,26.0 V,1332 rpm,1605 rpm,1688 rpm,1689 rpm,1450 rpm,,1546 rpm,,,1775 rpm
2026-08-05 05:00:00,26.5 V,26.9 V,26.8 V,27.0 V,26.3 V,,26.5 V,,,26.3 V,1524 rpm,945 rpm,1580 rpm,1366 rpm,1735 rpm,,1646 rpm,,,1268 rpm
2026-08-05 07:00:00,26.7 V,26.9 V,26.9 V,27.0 V,26.2 V,,26.5 V,,,26.2 V,1261 rpm,891 rpm,1740 rpm,1817 rpm,1837 rpm,,1814 rpm,,,1739 rpm
2026-08-05 09:00:00,26.4 V,26.8 V,26.5 V,26.9 V,25.9 V,25.7 V,26.5 V,,,25.9 V,765 rpm,1739 rpm,1543 rpm,1593 rpm,1845 rpm,278 rpm,1808 rpm,,,1771 rpm
2026-08-05 11:00:00,27.0 V,26.7 V,26.6 V,26.4 V,26.0 V,24.8 V,26.5 V,,,25.8 V,1121 rpm,1691 rpm,1529 rpm,1182 rpm,1838 rpm,0 rpm,1781 rpm,,,1662 rpm
2026-08-05 13:00:00,26.7 V,26.7 V,26.7 V,26.8 V,26.2 V,,26.5 V,,,25.8 V,1570 rpm,1756 rpm,1715 rpm,1726 rpm,1522 rpm,,1752 rpm,,,1711 rpm
2026-08-05 15:00:00,26.5 V,26.7 V,26.6 V,26.8 V,25.8 V,26.8 V,26.5 V,,,25.8 V,1660 rpm,1763 rpm,1714 rpm,1639 rpm,1700 rpm,1111 rpm,1737 rpm,,,1775 rpm
2026-08-05 17:00:00,26.6 V,26.7 V,26.6 V,26.8 V,26.0 V,,26.6 V,,,25.8 V,1612 rpm,1671 rpm,1698 rpm,1658 rpm,1771 rpm,,1467 rpm,,,1602 rpm
2026-08-05 19:00:00,26.7 V,26.6 V,26.6 V,26.8 V,26.0 V,,26.6 V,,,25.8 V,1483 rpm,1780 rpm,1734 rpm,1812 rpm,1806 rpm,,1776 rpm,,,1616 rpm
2026-08-05 21:00:00,26.7 V,26.7 V,26.7 V,26.8 V,26.0 V,26.3 V,26.7 V,,,25.8 V,1556 rpm,1747 rpm,1702 rpm,1750 rpm,1655 rpm,815 rpm,1829 rpm,,,1831 rpm
2026-08-05 23:00:00,26.7 V,26.7 V,26.8 V,26.9 V,26.0 V,27.0 V,26.7 V,,,25.5 V,1517 rpm,1818 rpm,1728 rpm,1722 rpm,1544 rpm,763 rpm,1741 rpm,,,1371 rpm
2026-08-06 01:00:00,26.8 V,26.4 V,26.8 V,26.9 V,26.0 V,26.7 V,26.7 V,,,25.3 V,1799 rpm,1520 rpm,1604 rpm,1578 rpm,1815 rpm,1212 rpm,1797 rpm,,,290 rpm
2026-08-06 03:00:00,26.8 V,26.6 V,26.8 V,27.2 V,26.0 V,27.0 V,26.7 V,,,26.0 V,1653 rpm,1616 rpm,1777 rpm,1739 rpm,1752 rpm,1625 rpm,1621 rpm,,,1797 rpm
2026-08-06 05:00:00,26.2 V,26.6 V,26.9 V,27.0 V,26.0 V,26.9 V,26.7 V,,,26.0 V,1330 rpm,1561 rpm,1399 rpm,1621 rpm,1740 rpm,800 rpm,1496 rpm,,,1584 rpm
2026-08-06 07:00:00,26.7 V,26.7 V,26.8 V,26.9 V,25.9 V,26.7 V,26.7 V,,,25.9 V,1653 rpm,1657 rpm,1466 rpm,1682 rpm,1789 rpm,1195 rpm,1530 rpm,,,1741 rpm
2026-08-06 09:00:00,26.6 V,26.7 V,26.5 V,26.9 V,26.0 V,26.5 V,26.5 V,,,25.9 V,1703 rpm,1775 rpm,1424 rpm,1738 rpm,1660 rpm,1271 rpm,1796 rpm,,,1687 rpm
2026-08-06 11:00:00,26.5 V,26.6 V,26.7 V,26.8 V,25.8 V,26.5 V,26.6 V,,27.6 V,25.9 V,1562 rpm,1609 rpm,1493 rpm,1698 rpm,1756 rpm,1582 rpm,1711 rpm,,800 rpm,1746 rpm
2026-08-06 13:00:00,26.5 V,26.5 V,26.7 V,26.8 V,25.9 V,26.5 V,26.5 V,,,25.9 V,1651 rpm,1772 rpm,1595 rpm,1811 rpm,1623 rpm,1623 rpm,1688 rpm,,,1381 rpm
2026-08-06 15:00:00,26.6 V,26.6 V,26.8 V,26.8 V,26.1 V,26.4 V,26.6 V,,,25.8 V,1667 rpm,1775 rpm,1774 rpm,1775 rpm,1263 rpm,1395 rpm,1649 rpm,,,1698 rpm
2026-08-06 17:00:00,26.6 V,26.6 V,26.6 V,26.8 V,26.0 V,26.4 V,26.5 V,,,26.0 V,1623 rpm,1633 rpm,1587 rpm,1530 rpm,1600 rpm,1495 rpm,1707 rpm,,,1360 rpm
2026-08-06 19:00:00,26.6 V,26.7 V,26.7 V,26.8 V,26.1 V,26.5 V,26.6 V,,,25.8 V,1461 rpm,1633 rpm,1789 rpm,1725 rpm,1719 rpm,1718 rpm,1781 rpm,,,1695 rpm
2026-08-06 21:00:00,26.6 V,26.7 V,26.7 V,26.8 V,26.0 V,26.5 V,26.6 V,,,26.2 V,1688 rpm,1618 rpm,1772 rpm,1796 rpm,1786 rpm,1490 rpm,1830 rpm,,,1191 rpm
2026-08-06 23:00:00,26.6 V,26.7 V,26.7 V,26.9 V,26.1 V,26.6 V,26.6 V,,,,1663 rpm,1766 rpm,1780 rpm,1775 rpm,1765 rpm,1503 rpm,1715 rpm,,,
2026-08-07 01:00:00,26.5 V,26.7 V,26.8 V,26.9 V,26.0 V,26.7 V,26.6 V,,,26.4 V,1717 rpm,1619 rpm,1725 rpm,1764 rpm,1783 rpm,1182 rpm,1733 rpm,,,1113 rpm
2026-08-07 03:00:00,26.6 V,26.8 V,26.8 V,27.0 V,26.1 V,26.6 V,26.6 V,,,26.3 V,1598 rpm,1839 rpm,1733 rpm,1255 rpm,1698 rpm,1541 rpm,1843 rpm,,,1759 rpm
2026-08-07 05:00:00,26.6 V,26.7 V,26.8 V,27.0 V,26.1 V,26.5 V,26.6 V,,,26.3 V,1632 rpm,1757 rpm,1582 rpm,1711 rpm,1773 rpm,1400 rpm,1659 rpm,,,1437 rpm
2026-08-07 07:00:00,26.6 V,26.8 V,26.7 V,26.9 V,26.1 V,26.5 V,26.6 V,,,26.3 V,1778 rpm,1671 rpm,1731 rpm,1720 rpm,1697 rpm,1653 rpm,1780 rpm,,,1556 rpm
2026-08-07 09:00:00,26.6 V,26.6 V,26.7 V,26.8 V,26.0 V,26.5 V,26.5 V,,,26.1 V,1487 rpm,1598 rpm,1645 rpm,1763 rpm,1583 rpm,1677 rpm,1826 rpm,,,860 rpm
2026-08-07 11:00:00,26.6 V,26.6 V,26.6 V,26.8 V,26.0 V,26.4 V,26.4 V,,,26.2 V,1454 rpm,1676 rpm,1559 rpm,1664 rpm,1804 rpm,1628 rpm,1737 rpm,,,741 rpm
2026-08-07 13:00:00,26.6 V,26.6 V,26.7 V,26.8 V,25.7 V,26.5 V,26.4 V,,,26.2 V,1664 rpm,1644 rpm,1774 rpm,1695 rpm,3072 rpm,1752 rpm,1418 rpm,,,1354 rpm
2026-08-07 15:00:00,26.6 V,26.6 V,26.6 V,26.8 V,26.0 V,26.4 V,26.4 V,,,26.1 V,1598 rpm,1630 rpm,1719 rpm,1774 rpm,1546 rpm,1730 rpm,1330 rpm,,,1732 rpm
2026-08-07 17:00:00,26.6 V,26.7 V,26.6 V,26.9 V,26.1 V,26.4 V,26.6 V,,,26.1 V,1651 rpm,1027 rpm,1678 rpm,1798 rpm,1807 rpm,1769 rpm,1635 rpm,,,1633 rpm
2026-08-07 19:00:00,26.6 V,26.6 V,26.7 V,26.9 V,26.1 V,26.4 V,26.6 V,,,26.0 V,1608 rpm,826 rpm,1782 rpm,1811 rpm,1771 rpm,1514 rpm,1712 rpm,,,1803 rpm
2026-08-07 21:00:00,26.7 V,26.5 V,26.7 V,26.9 V,26.3 V,26.5 V,26.5 V,,,26.2 V,1359 rpm,1060 rpm,1768 rpm,1730 rpm,1751 rpm,1519 rpm,1805 rpm,,,1748 rpm
2026-08-07 23:00:00,26.7 V,26.8 V,26.7 V,26.9 V,26.4 V,26.5 V,26.6 V,,,26.2 V,1615 rpm,1642 rpm,1791 rpm,1787 rpm,1830 rpm,1519 rpm,1586 rpm,,,1614 rpm
2026-08-08 01:00:00,26.7 V,26.7 V,26.7 V,26.9 V,26.1 V,26.6 V,26.6 V,,,26.3 V,1403 rpm,1533 rpm,1627 rpm,1808 rpm,1743 rpm,1161 rpm,1810 rpm,,,1713 rpm
2026-08-08 03:00:00,26.7 V,26.8 V,26.7 V,26.9 V,26.2 V,26.6 V,26.6 V,,,26.3 V,1632 rpm,1306 rpm,1780 rpm,1771 rpm,1811 rpm,1565 rpm,1725 rpm,,,1648 rpm
2026-08-08 05:00:00,26.5 V,26.8 V,26.8 V,27.0 V,26.3 V,26.7 V,26.6 V,,,26.4 V,1439 rpm,1632 rpm,1563 rpm,1632 rpm,1804 rpm,1486 rpm,1566 rpm,,,1289 rpm
2026-08-08 07:00:00,26.6 V,26.7 V,26.7 V,27.0 V,26.1 V,26.5 V,26.6 V,,,26.3 V,1672 rpm,1822 rpm,1511 rpm,1556 rpm,1753 rpm,1682 rpm,1768 rpm,,,1618 rpm
2026-08-08 09:00:00,26.6 V,26.7 V,26.7 V,26.9 V,26.1 V,26.5 V,26.6 V,,,26.1 V,1638 rpm,1830 rpm,1509 rpm,1645 rpm,1800 rpm,1533 rpm,1673 rpm,,,1744 rpm
2026-08-08 11:00:00,26.6 V,26.7 V,26.8 V,26.6 V,26.0 V,26.4 V,26.5 V,,,26.1 V,1716 rpm,1801 rpm,1413 rpm,1425 rpm,1769 rpm,1753 rpm,1793 rpm,,,1658 rpm
2026-08-08 13:00:00,26.6 V,26.5 V,26.8 V,26.8 V,25.6 V,26.3 V,26.5 V,,,26.0 V,1781 rpm,1440 rpm,1574 rpm,1167 rpm,478 rpm,1665 rpm,1622 rpm,,,1818 rpm
2026-08-08 15:00:00,26.6 V,26.6 V,26.8 V,26.9 V,26.0 V,26.4 V,26.5 V,,,26.0 V,1771 rpm,822 rpm,1565 rpm,1658 rpm,1775 rpm,1825 rpm,1702 rpm,,,1788 rpm
2026-08-08 17:00:00,26.7 V,26.7 V,26.8 V,26.9 V,26.1 V,26.4 V,26.5 V,,,26.1 V,1672 rpm,1421 rpm,1658 rpm,1350 rpm,1756 rpm,1498 rpm,1605 rpm,,,1622 rpm
2026-08-08 19:00:00,26.7 V,26.7 V,26.8 V,26.9 V,26.1 V,26.5 V,26.6 V,,,26.0 V,1576 rpm,1456 rpm,1678 rpm,1700 rpm,1726 rpm,1633 rpm,1644 rpm,,,1728 rpm
2026-08-08 21:00:00,26.7 V,26.7 V,26.7 V,26.9 V,26.2 V,26.8 V,26.6 V,,,26.0 V,1692 rpm,1394 rpm,1719 rpm,1393 rpm,1702 rpm,1692 rpm,1705 rpm,,,1752 rpm
2026-08-08 23:00:00,26.7 V,26.7 V,26.7 V,26.9 V,26.2 V,26.7 V,26.6 V,,,26.3 V,1748 rpm,1784 rpm,1720 rpm,1502 rpm,1795 rpm,1644 rpm,1578 rpm,,,653 rpm
2026-08-09 01:00:00,26.7 V,26.3 V,25.1 V,26.9 V,26.2 V,26.6 V,26.6 V,,,26.2 V,1665 rpm,1354 rpm,1524 rpm,1610 rpm,1698 rpm,1675 rpm,1670 rpm,,,1634 rpm
2026-08-09 03:00:00,26.8 V,26.9 V,26.8 V,26.9 V,26.3 V,26.7 V,26.6 V,,,26.0 V,1498 rpm,916 rpm,1738 rpm,1521 rpm,1585 rpm,1654 rpm,1623 rpm,,,1761 rpm
2026-08-09 05:00:00,26.8 V,26.8 V,26.8 V,26.9 V,26.5 V,26.7 V,26.6 V,,,26.1 V,1335 rpm,1594 rpm,1587 rpm,1639 rpm,1744 rpm,1646 rpm,1674 rpm,,,1541 rpm
2026-08-09 07:00:00,26.7 V,26.8 V,26.7 V,26.9 V,26.3 V,26.7 V,26.6 V,,,,1732 rpm,1792 rpm,1525 rpm,1607 rpm,1621 rpm,1725 rpm,1791 rpm,,,
2026-08-09 09:00:00,26.6 V,26.7 V,26.6 V,26.9 V,26.2 V,26.6 V,26.5 V,,26.7 V,26.6 V,1684 rpm,1815 rpm,1468 rpm,1649 rpm,1713 rpm,1638 rpm,1805 rpm,,1125 rpm,1037 rpm
2026-08-09 11:00:00,26.6 V,26.6 V,26.7 V,26.9 V,26.3 V,26.5 V,26.5 V,,,26.2 V,1663 rpm,1786 rpm,1636 rpm,1597 rpm,1737 rpm,1167 rpm,1627 rpm,,,1634 rpm
2026-08-09 13:00:00,26.5 V,26.6 V,26.7 V,26.6 V,26.2 V,26.5 V,26.4 V,,,25.9 V,1583 rpm,1679 rpm,1696 rpm,1357 rpm,944 rpm,1170 rpm,1746 rpm,,,1821 rpm
2026-08-09 15:00:00,26.5 V,26.7 V,26.8 V,26.8 V,26.1 V,26.4 V,26.4 V,,,25.9 V,746 rpm,1847 rpm,1439 rpm,1609 rpm,1212 rpm,1704 rpm,1743 rpm,,,1690 rpm
2026-08-09 17:00:00,26.9 V,26.7 V,26.8 V,26.9 V,26.5 V,26.4 V,26.5 V,,,26.0 V,1332 rpm,1547 rpm,1444 rpm,1460 rpm,800 rpm,1289 rpm,1709 rpm,,,1640 rpm
2026-08-09 19:00:00,26.7 V,26.7 V,26.9 V,26.8 V,26.4 V,26.4 V,26.5 V,,,26.0 V,1552 rpm,1668 rpm,1474 rpm,1664 rpm,1014 rpm,1713 rpm,1720 rpm,,,1762 rpm
2026-08-09 21:00:00,26.7 V,26.8 V,27.0 V,26.8 V,26.2 V,26.4 V,26.5 V,,,26.2 V,1626 rpm,1664 rpm,1493 rpm,1630 rpm,1619 rpm,1705 rpm,1655 rpm,,,1752 rpm
2026-08-09 23:00:00,26.7 V,26.7 V,26.9 V,26.8 V,26.7 V,26.5 V,26.5 V,,,25.8 V,1668 rpm,1572 rpm,1528 rpm,1409 rpm,972 rpm,1475 rpm,1588 rpm,,,1244 rpm
2026-08-10 01:00:00,26.7 V,26.7 V,27.2 V,25.5 V,26.8 V,26.6 V,26.6 V,,,26.2 V,1503 rpm,1687 rpm,1440 rpm,238 rpm,1092 rpm,1281 rpm,1655 rpm,,,1824 rpm
2026-08-10 03:00:00,26.7 V,26.8 V,27.3 V,26.8 V,26.5 V,26.7 V,26.5 V,,,26.1 V,1434 rpm,1512 rpm,1373 rpm,1600 rpm,1087 rpm,1218 rpm,1614 rpm,,,1600 rpm
2026-08-10 05:00:00,26.7 V,25.4 V,27.0 V,27.0 V,26.5 V,26.5 V,26.6 V,,,26.2 V,1651 rpm,366 rpm,1644 rpm,1376 rpm,1246 rpm,1436 rpm,1443 rpm,,,1721 rpm
2026-08-10 07:00:00,26.7 V,26.4 V,26.8 V,27.0 V,26.6 V,26.5 V,26.6 V,,,26.0 V,1640 rpm,1344 rpm,1701 rpm,1532 rpm,844 rpm,1627 rpm,1791 rpm,,,1786 rpm
2026-08-10 09:00:00,26.6 V,26.6 V,26.7 V,26.9 V,26.5 V,26.3 V,26.5 V,,,26.0 V,1575 rpm,1824 rpm,1494 rpm,1501 rpm,1128 rpm,1603 rpm,1697 rpm,,,1768 rpm
2026-08-10 11:00:00,26.6 V,26.6 V,26.6 V,26.8 V,25.9 V,26.2 V,26.5 V,,,26.0 V,1729 rpm,1820 rpm,1606 rpm,1362 rpm,914 rpm,1646 rpm,1623 rpm,,,1518 rpm
2026-08-10 13:00:00,26.6 V,26.5 V,26.6 V,26.8 V,26.4 V,,26.5 V,,,25.9 V,1703 rpm,1771 rpm,1603 rpm,1543 rpm,1286 rpm,,1509 rpm,,,1706 rpm
2026-08-10 15:00:00,26.4 V,26.5 V,26.6 V,26.6 V,26.3 V,26.4 V,26.6 V,,,26.0 V,1732 rpm,1778 rpm,1649 rpm,1367 rpm,1673 rpm,1666 rpm,1646 rpm,,,1357 rpm
2026-08-10 17:00:00,26.6 V,26.6 V,26.7 V,26.9 V,26.4 V,26.4 V,26.5 V,,,25.8 V,1669 rpm,1688 rpm,1501 rpm,1462 rpm,825 rpm,1492 rpm,1642 rpm,,,1257 rpm
2026-08-10 19:00:00,26.7 V,26.8 V,26.8 V,26.9 V,26.2 V,26.4 V,26.5 V,,,26.6 V,1672 rpm,1496 rpm,1521 rpm,1735 rpm,1548 rpm,1745 rpm,1509 rpm,,,794 rpm
2026-08-10 21:00:00,26.7 V,26.7 V,26.8 V,26.9 V,26.2 V,26.5 V,26.5 V,,,26.0 V,1687 rpm,1587 rpm,1640 rpm,1685 rpm,1786 rpm,1697 rpm,1752 rpm,,,1608 rpm
2026-08-10 23:00:00,26.7 V,26.7 V,26.8 V,26.9 V,26.4 V,26.5 V,26.5 V,,,26.5 V,1794 rpm,1788 rpm,1602 rpm,1751 rpm,1332 rpm,1653 rpm,1680 rpm,,,1049 rpm
2026-08-11 01:00:00,26.5 V,26.8 V,26.8 V,26.8 V,26.6 V,26.6 V,26.5 V,,,26.5 V,1338 rpm,1376 rpm,1736 rpm,1684 rpm,1025 rpm,1752 rpm,1816 rpm,,,1522 rpm
2026-08-11 03:00:00,26.7 V,26.7 V,26.8 V,27.0 V,26.4 V,26.6 V,26.8 V,,,26.4 V,1658 rpm,1611 rpm,1644 rpm,1582 rpm,1293 rpm,1730 rpm,1572 rpm,,,1568 rpm
2026-08-11 05:00:00,26.7 V,26.7 V,26.8 V,27.0 V,26.6 V,26.5 V,26.8 V,,,26.4 V,1573 rpm,1785 rpm,1446 rpm,1507 rpm,934 rpm,1741 rpm,1526 rpm,,,1247 rpm
2026-08-11 07:00:00,26.6 V,26.6 V,25.3 V,27.1 V,26.7 V,26.5 V,26.6 V,,,26.2 V,1616 rpm,1795 rpm,0 rpm,1128 rpm,800 rpm,1807 rpm,1735 rpm,,,1681 rpm
2026-08-11 09:00:00,26.7 V,26.6 V,26.5 V,26.9 V,26.4 V,26.5 V,26.7 V,,,26.1 V,1624 rpm,1659 rpm,1378 rpm,1664 rpm,1587 rpm,1741 rpm,1832 rpm,,,1771 rpm
2026-08-11 11:00:00,26.7 V,26.6 V,26.7 V,26.9 V,26.3 V,26.4 V,26.6 V,,,26.1 V,1533 rpm,1543 rpm,1755 rpm,1708 rpm,1620 rpm,1687 rpm,1733 rpm,,,1701 rpm
2026-08-11 13:00:00,26.6 V,26.6 V,26.6 V,26.8 V,26.2 V,26.4 V,26.6 V,,,26.1 V,1594 rpm,1807 rpm,1365 rpm,1734 rpm,1810 rpm,1700 rpm,1765 rpm,,,1831 rpm
2026-08-11 15:00:00,26.6 V,26.6 V,26.7 V,26.8 V,26.4 V,26.4 V,26.4 V,,,26.1 V,1577 rpm,1836 rpm,1623 rpm,1746 rpm,1119 rpm,1440 rpm,1528 rpm,,,1644 rpm
2026-08-11 17:00:00,26.5 V,26.6 V,26.6 V,26.8 V,26.1 V,26.5 V,26.6 V,,,26.1 V,1443 rpm,1701 rpm,1647 rpm,1366 rpm,1625 rpm,1454 rpm,1571 rpm,,,1690 rpm
2026-08-11 19:00:00,26.7 V,26.7 V,26.8 V,26.9 V,26.1 V,26.6 V,26.6 V,,,26.1 V,1708 rpm,1698 rpm,1592 rpm,1587 rpm,1758 rpm,1522 rpm,1653 rpm,,,1685 rpm
2026-08-11 21:00:00,26.7 V,26.6 V,26.8 V,26.9 V,26.4 V,26.6 V,26.6 V,,,26.2 V,1718 rpm,1785 rpm,1667 rpm,1721 rpm,1767 rpm,1546 rpm,1702 rpm,,,1745 rpm
2026-08-11 23:00:00,26.7 V,26.7 V,26.8 V,26.9 V,26.6 V,26.6 V,26.6 V,,,26.2 V,1623 rpm,1802 rpm,1566 rpm,1649 rpm,1705 rpm,1702 rpm,1729 rpm,,,1744 rpm
2026-08-12 01:00:00,26.7 V,26.6 V,27.0 V,26.9 V,26.5 V,26.6 V,26.6 V,,,26.2 V,1644 rpm,1618 rpm,1148 rpm,1549 rpm,1692 rpm,1768 rpm,1736 rpm,,,1367 rpm
2026-08-12 03:00:00,26.7 V,26.8 V,26.9 V,26.9 V,26.4 V,26.6 V,26.7 V,,,26.5 V,1542 rpm,1737 rpm,1683 rpm,1742 rpm,1780 rpm,1810 rpm,1588 rpm,,,1671 rpm
2026-08-12 05:00:00,26.8 V,26.8 V,26.8 V,26.9 V,26.2 V,26.5 V,26.7 V,,,26.2 V,1612 rpm,1505 rpm,1671 rpm,1822 rpm,1731 rpm,1757 rpm,1795 rpm,,,1808 rpm
2026-08-12 07:00:00,26.8 V,26.7 V,26.8 V,26.8 V,26.0 V,26.5 V,26.6 V,,,25.9 V,1687 rpm,1764 rpm,1740 rpm,1782 rpm,1709 rpm,1801 rpm,1833 rpm,,,1803 rpm
2026-08-12 09:00:00,26.8 V,26.6 V,26.8 V,26.8 V,25.9 V,26.5 V,26.6 V,,,25.9 V,1582 rpm,1798 rpm,1668 rpm,1720 rpm,1639 rpm,1824 rpm,1797 rpm,,,1786 rpm
2026-08-12 11:00:00,26.8 V,26.5 V,26.8 V,26.8 V,25.8 V,26.4 V,26.4 V,,,25.9 V,1453 rpm,1728 rpm,1717 rpm,1374 rpm,1659 rpm,1756 rpm,1746 rpm,,,1818 rpm
2026-08-12 13:00:00,26.7 V,26.4 V,26.6 V,26.7 V,26.1 V,26.5 V,26.5 V,,,25.9 V,1781 rpm,1747 rpm,1686 rpm,1248 rpm,1584 rpm,1647 rpm,1765 rpm,,,1689 rpm
2026-08-12 15:00:00,26.5 V,26.5 V,26.6 V,,26.1 V,26.4 V,26.4 V,,,25.8 V,1567 rpm,1770 rpm,1709 rpm,,1228 rpm,1818 rpm,1805 rpm,,,1818 rpm
2026-08-12 17:00:00,26.5 V,26.6 V,26.6 V,,26.3 V,26.5 V,26.5 V,,,25.9 V,1550 rpm,1270 rpm,1546 rpm,,1693 rpm,905 rpm,1560 rpm,,,1747 rpm
2026-08-12 19:00:00,26.6 V,26.8 V,26.7 V,,26.7 V,26.6 V,26.6 V,,,26.0 V,1610 rpm,1245 rpm,1606 rpm,,805 rpm,1560 rpm,1687 rpm,,,1702 rpm
2026-08-12 21:00:00,26.7 V,26.2 V,26.7 V,,26.6 V,26.6 V,26.6 V,,,26.1 V,1572 rpm,1104 rpm,1730 rpm,,1326 rpm,1796 rpm,1812 rpm,,,1684 rpm
2026-08-12 23:00:00,26.7 V,26.7 V,26.7 V,26.7 V,,26.6 V,26.6 V,,,26.1 V,1595 rpm,1741 rpm,1745 rpm,842 rpm,,1688 rpm,1683 rpm,,,1650 rpm
2026-08-13 01:00:00,26.7 V,26.7 V,26.8 V,26.0 V,,26.8 V,26.7 V,,,26.4 V,1482 rpm,1752 rpm,1775 rpm,249 rpm,,1441 rpm,1547 rpm,,,1415 rpm
2026-08-13 03:00:00,,27.0 V,26.8 V,,,26.7 V,26.8 V,,,26.2 V,,1400 rpm,1621 rpm,,,1556 rpm,1396 rpm,,,1714 rpm
2026-08-13 05:00:00,,26.9 V,26.8 V,,,,26.7 V,,,26.3 V,,1812 rpm,1733 rpm,,,,1533 rpm,,,1483 rpm
2026-08-13 07:00:00,,26.7 V,26.7 V,,26.0 V,26.7 V,26.6 V,,,26.2 V,,1730 rpm,1705 rpm,,1582 rpm,862 rpm,1711 rpm,,,1743 rpm
2026-08-13 09:00:00,25.9 V,26.6 V,26.7 V,,26.0 V,26.1 V,26.6 V,,,26.1 V,728 rpm,1625 rpm,1383 rpm,,1785 rpm,767 rpm,1673 rpm,,,1746 rpm
2026-08-13 11:00:00,,26.6 V,26.8 V,,26.0 V,26.5 V,26.5 V,,,26.1 V,,1711 rpm,1051 rpm,,1675 rpm,1523 rpm,1762 rpm,,,1706 rpm
2026-08-13 13:00:00,,26.5 V,26.8 V,,25.9 V,26.5 V,26.4 V,,,26.4 V,,1631 rpm,1687 rpm,,1777 rpm,1657 rpm,1705 rpm,,,1452 rpm
2026-08-13 15:00:00,,26.6 V,26.8 V,,25.9 V,26.5 V,26.2 V,,,25.7 V,,1338 rpm,1389 rpm,,1754 rpm,1615 rpm,917 rpm,,,762 rpm
2026-08-13 17:00:00,,26.8 V,26.7 V,,26.0 V,26.4 V,26.4 V,,,,,1466 rpm,1679 rpm,,1769 rpm,1258 rpm,1495 rpm,,,
2026-08-13 19:00:00,,26.8 V,26.7 V,,25.7 V,26.5 V,26.5 V,,,,,1678 rpm,1673 rpm,,755 rpm,1820 rpm,1708 rpm,,,
2026-08-13 21:00:00,,26.8 V,26.8 V,,,26.4 V,26.5 V,,,26.4 V,,1806 rpm,1532 rpm,,,1747 rpm,1796 rpm,,,1185 rpm
2026-08-13 23:00:00,,26.8 V,26.8 V,,,26.5 V,26.5 V,,,26.0 V,,1793 rpm,1672 rpm,,,1835 rpm,1812 rpm,,,1654 rpm
2026-08-14 01:00:00,,26.8 V,26.8 V,26.5 V,,26.4 V,26.6 V,,,25.8 V,,1774 rpm,1619 rpm,506 rpm,,1727 rpm,1505 rpm,,,1819 rpm
2026-08-14 03:00:00,,26.8 V,26.9 V,25.8 V,,26.7 V,26.6 V,,,26.0 V,,1750 rpm,1685 rpm,4103 rpm,,1803 rpm,1815 rpm,,,1772 rpm
2026-08-14 05:00:00,,26.7 V,26.8 V,,,26.6 V,26.5 V,,,26.2 V,,1427 rpm,1742 rpm,,,1437 rpm,1485 rpm,,,1672 rpm
2026-08-14 07:00:00,,26.9 V,26.7 V,,26.0 V,26.5 V,26.6 V,,,26.1 V,,1851 rpm,1789 rpm,,1682 rpm,1712 rpm,1652 rpm,,,1736 rpm
2026-08-14 09:00:00,,26.7 V,25.7 V,,26.0 V,26.5 V,26.5 V,,,26.1 V,,1364 rpm,503 rpm,,1777 rpm,1480 rpm,1653 rpm,,,1758 rpm
2026-08-14 11:00:00,,26.8 V,26.7 V,,26.0 V,26.3 V,26.5 V,,,26.1 V,,1734 rpm,1665 rpm,,1784 rpm,1690 rpm,1707 rpm,,,1754 rpm
2026-08-14 13:00:00,,26.6 V,26.6 V,25.6 V,26.0 V,26.4 V,26.5 V,,,26.3 V,,1777 rpm,1696 rpm,6982 rpm,1707 rpm,1611 rpm,1797 rpm,,,1262 rpm
2026-08-14 15:00:00,,26.5 V,26.6 V,,26.1 V,26.4 V,26.7 V,,,26.2 V,,1255 rpm,1799 rpm,,1819 rpm,1811 rpm,1257 rpm,,,1668 rpm
2026-08-14 17:00:00,,26.3 V,26.7 V,,26.1 V,26.4 V,26.7 V,,,26.0 V,,1237 rpm,1542 rpm,,1754 rpm,1703 rpm,1190 rpm,,,1603 rpm
2026-08-14 19:00:00,,26.7 V,26.7 V,,,26.5 V,26.6 V,,,26.0 V,,1828 rpm,1757 rpm,,,1770 rpm,1690 rpm,,,1651 rpm
2026-08-14 21:00:00,,26.6 V,26.8 V,,26.3 V,26.5 V,26.6 V,,,26.0 V,,1737 rpm,1754 rpm,,1402 rpm,1800 rpm,1774 rpm,,,1811 rpm
2026-08-14 23:00:00,,26.7 V,26.8 V,25.9 V,26.1 V,26.6 V,26.6 V,,,25.9 V,,1639 rpm,1687 rpm,782 rpm,1759 rpm,1738 rpm,1818 rpm,,,1762 rpm
2026-08-15 01:00:00,,26.6 V,26.8 V,26.9 V,26.2 V,26.6 V,26.6 V,,,25.9 V,,1816 rpm,1668 rpm,998 rpm,1743 rpm,1636 rpm,1747 rpm,,,1752 rpm
2026-08-15 03:00:00,,26.8 V,26.7 V,27.0 V,26.3 V,26.5 V,26.6 V,,,25.9 V,,1650 rpm,1688 rpm,1402 rpm,1588 rpm,1751 rpm,1802 rpm,,,1788 rpm
2026-08-15 05:00:00,,26.8 V,26.8 V,26.2 V,26.2 V,26.4 V,26.4 V,,,26.0 V,,1214 rpm,1369 rpm,392 rpm,1589 rpm,1356 rpm,1512 rpm,,,1586 rpm
2026-08-15 07:00:00,,26.8 V,26.9 V,,26.6 V,26.5 V,26.7 V,,,26.0 V,,1788 rpm,1660 rpm,,1205 rpm,1763 rpm,1740 rpm,,,1641 rpm
2026-08-15 09:00:00,26.5 V,26.7 V,26.5 V,26.9 V,26.5 V,26.5 V,26.5 V,,,26.0 V,582 rpm,1671 rpm,1448 rpm,1619 rpm,1148 rpm,1505 rpm,1819 rpm,,,1678 rpm
2026-08-15 11:00:00,,26.6 V,26.7 V,26.5 V,26.3 V,26.5 V,26.5 V,,,26.1 V,,1534 rpm,1645 rpm,1263 rpm,1391 rpm,1706 rpm,1735 rpm,,,1547 rpm
2026-08-15 13:00:00,26.3 V,26.7 V,26.6 V,26.9 V,26.0 V,26.4 V,26.5 V,,,25.9 V,505 rpm,958 rpm,1701 rpm,1846 rpm,1671 rpm,1737 rpm,1765 rpm,,,1524 rpm
2026-08-15 15:00:00,26.2 V,26.6 V,26.6 V,26.9 V,26.0 V,26.5 V,26.6 V,,,26.0 V,669 rpm,1583 rpm,1745 rpm,1854 rpm,1706 rpm,1525 rpm,1391 rpm,,,1455 rpm
2026-08-15 17:00:00,26.6 V,26.6 V,26.7 V,26.8 V,26.0 V,26.5 V,26.5 V,,,26.2 V,1473 rpm,1054 rpm,1673 rpm,1368 rpm,1794 rpm,1150 rpm,1729 rpm,,,1019 rpm
2026-08-15 19:00:00,26.6 V,26.7 V,27.0 V,26.8 V,26.2 V,26.6 V,26.5 V,,,26.0 V,1669 rpm,1456 rpm,1727 rpm,1725 rpm,1835 rpm,1634 rpm,1607 rpm,,,1817 rpm
2026-08-15 21:00:00,26.6 V,26.7 V,27.0 V,26.9 V,26.5 V,26.5 V,26.6 V,,,25.9 V,1557 rpm,1665 rpm,1800 rpm,1660 rpm,1764 rpm,1685 rpm,1798 rpm,,,1802 rpm
2026-08-15 23:00:00,26.6 V,26.7 V,27.0 V,27.0 V,26.1 V,26.6 V,26.6 V,,,26.1 V,1536 rpm,1673 rpm,1731 rpm,1804 rpm,1824 rpm,1688 rpm,1724 rpm,,,1716 rpm
2026-08-16 01:00:00,26.1 V,26.8 V,27.0 V,26.9 V,26.0 V,25.8 V,26.6 V,,,26.2 V,832 rpm,1585 rpm,1762 rpm,1797 rpm,1786 rpm,548 rpm,1651 rpm,,,1690 rpm
2026-08-16 03:00:00,26.6 V,27.0 V,26.9 V,26.9 V,26.1 V,26.7 V,26.6 V,,,26.2 V,1722 rpm,1262 rpm,1764 rpm,1733 rpm,1743 rpm,1654 rpm,1520 rpm,,,1751 rpm
2026-08-16 05:00:00,26.7 V,26.9 V,26.8 V,26.9 V,26.1 V,26.5 V,26.6 V,,,26.2 V,1629 rpm,1429 rpm,1672 rpm,1731 rpm,1801 rpm,1536 rpm,1614 rpm,,,1565 rpm
2026-08-16 07:00:00,26.7 V,26.7 V,26.9 V,26.9 V,26.2 V,26.5 V,26.5 V,,,26.1 V,1745 rpm,1616 rpm,1692 rpm,1778 rpm,1384 rpm,1642 rpm,1784 rpm,,,1688 rpm
2026-08-16 09:00:00,26.6 V,26.7 V,26.6 V,26.9 V,26.1 V,26.5 V,26.2 V,,,26.0 V,1762 rpm,1682 rpm,1676 rpm,1710 rpm,1756 rpm,1477 rpm,1216 rpm,,,1789 rpm
2026-08-16 11:00:00,26.4 V,26.6 V,26.8 V,26.8 V,25.9 V,26.4 V,25.5 V,,,26.0 V,1595 rpm,1535 rpm,1673 rpm,1760 rpm,1788 rpm,1688 rpm,343 rpm,,,1769 rpm
2026-08-16 13:00:00,26.5 V,26.7 V,26.7 V,26.6 V,25.9 V,25.7 V,26.6 V,,,26.1 V,1636 rpm,1375 rpm,1660 rpm,1548 rpm,1765 rpm,384 rpm,1549 rpm,,,1481 rpm
2026-08-16 15:00:00,26.6 V,26.6 V,26.6 V,26.7 V,25.9 V,26.8 V,26.5 V,,,26.0 V,1743 rpm,1604 rpm,1808 rpm,1711 rpm,1212 rpm,1482 rpm,1807 rpm,,,1609 rpm
2026-08-16 17:00:00,26.6 V,26.7 V,26.7 V,26.9 V,26.0 V,26.8 V,26.6 V,,,26.2 V,1567 rpm,1151 rpm,1660 rpm,1540 rpm,1549 rpm,1320 rpm,1655 rpm,,,1507 rpm
2026-08-16 19:00:00,26.7 V,26.8 V,26.7 V,26.9 V,25.9 V,26.8 V,26.5 V,,,26.0 V,1437 rpm,1477 rpm,1690 rpm,1424 rpm,1843 rpm,1565 rpm,1795 rpm,,,1704 rpm
2026-08-16 21:00:00,26.8 V,26.8 V,26.7 V,26.8 V,26.2 V,26.8 V,26.5 V,,,26.0 V,1299 rpm,1667 rpm,1707 rpm,1747 rpm,1852 rpm,1423 rpm,1505 rpm,,,1281 rpm
2026-08-16 23:00:00,26.7 V,26.5 V,26.7 V,26.9 V,26.2 V,26.8 V,26.5 V,,,25.9 V,1424 rpm,1401 rpm,1782 rpm,1778 rpm,1826 rpm,1645 rpm,1763 rpm,,,1766 rpm
2026-08-17 01:00:00,26.7 V,26.7 V,26.8 V,26.9 V,26.2 V,26.8 V,26.6 V,,,26.2 V,1621 rpm,1665 rpm,1360 rpm,1523 rpm,1649 rpm,1575 rpm,1569 rpm,,,1569 rpm
2026-08-17 03:00:00,26.7 V,26.8 V,26.8 V,26.9 V,26.1 V,26.8 V,26.6 V,,,26.0 V,1714 rpm,1637 rpm,1762 rpm,1623 rpm,1768 rpm,1462 rpm,1486 rpm,,,1725 rpm
2026-08-17 05:00:00,26.7 V,26.8 V,26.8 V,27.0 V,26.0 V,26.8 V,26.7 V,,,26.0 V,1557 rpm,1420 rpm,1682 rpm,1379 rpm,1584 rpm,1530 rpm,1494 rpm,,,1619 rpm
2026-08-17 07:00:00,26.7 V,26.8 V,26.8 V,26.8 V,25.8 V,26.7 V,26.5 V,,,25.9 V,1798 rpm,1792 rpm,1747 rpm,1639 rpm,1150 rpm,1640 rpm,1782 rpm,,,1759 rpm
2026-08-17 09:00:00,26.7 V,26.7 V,26.7 V,26.7 V,26.0 V,26.8 V,26.4 V,,,25.8 V,1773 rpm,1483 rpm,1721 rpm,1794 rpm,1770 rpm,1368 rpm,1779 rpm,,,1814 rpm
2026-08-17 11:00:00,26.6 V,26.6 V,26.6 V,26.7 V,25.9 V,26.7 V,26.4 V,,,25.8 V,1363 rpm,975 rpm,1697 rpm,1614 rpm,1610 rpm,1625 rpm,1631 rpm,,,1717 rpm
2026-08-17 13:00:00,26.9 V,26.7 V,26.7 V,26.8 V,25.9 V,26.8 V,26.4 V,,,26.0 V,1802 rpm,1778 rpm,1718 rpm,1825 rpm,1650 rpm,1699 rpm,1675 rpm,,,1491 rpm
2026-08-17 15:00:00,26.8 V,26.7 V,26.7 V,26.8 V,26.1 V,26.7 V,26.4 V,,,25.9 V,1318 rpm,1554 rpm,1713 rpm,1842 rpm,1253 rpm,1437 rpm,1820 rpm,,,1590 rpm
2026-08-17 17:00:00,26.7 V,26.7 V,26.8 V,26.8 V,26.1 V,26.8 V,26.5 V,,,25.7 V,1418 rpm,1326 rpm,1690 rpm,1777 rpm,1540 rpm,1320 rpm,1630 rpm,,,740 rpm
2026-08-17 19:00:00,26.6 V,26.8 V,26.8 V,26.9 V,26.0 V,26.8 V,26.6 V,,,25.3 V,1648 rpm,1022 rpm,1734 rpm,1690 rpm,1812 rpm,1535 rpm,1766 rpm,,,6184 rpm
2026-08-17 21:00:00,26.7 V,26.8 V,26.8 V,26.9 V,26.2 V,26.9 V,26.6 V,,,,1537 rpm,1296 rpm,1751 rpm,1791 rpm,1835 rpm,1414 rpm,1817 rpm,,,
2026-08-17 23:00:00,26.7 V,26.8 V,26.8 V,27.1 V,26.3 V,26.9 V,26.6 V,,,26.3 V,1714 rpm,1500 rpm,1683 rpm,1844 rpm,1635 rpm,1397 rpm,1754 rpm,,,1554 rpm
2026-08-18 01:00:00,26.8 V,26.9 V,26.8 V,26.9 V,26.0 V,26.7 V,26.6 V,,,26.1 V,1404 rpm,1432 rpm,1718 rpm,1734 rpm,1655 rpm,1440 rpm,1611 rpm,,,1780 rpm
2026-08-18 03:00:00,26.8 V,26.0 V,26.8 V,27.0 V,26.0 V,26.5 V,26.6 V,,,26.1 V,1688 rpm,660 rpm,1757 rpm,1777 rpm,1772 rpm,1479 rpm,1822 rpm,,,1812 rpm
2026-08-18 05:00:00,26.8 V,26.8 V,26.9 V,27.0 V,26.4 V,26.6 V,26.6 V,,,26.1 V,1491 rpm,1511 rpm,1568 rpm,1712 rpm,1677 rpm,1255 rpm,1646 rpm,,,1668 rpm
2026-08-18 07:00:00,26.7 V,26.8 V,26.7 V,26.8 V,26.5 V,26.6 V,26.6 V,,,25.7 V,1474 rpm,1537 rpm,1412 rpm,1531 rpm,1790 rpm,1364 rpm,1669 rpm,,,1484 rpm
2026-08-18 09:00:00,26.6 V,26.7 V,26.7 V,26.7 V,26.2 V,26.6 V,26.5 V,,,26.1 V,1706 rpm,1443 rpm,1563 rpm,1711 rpm,1517 rpm,1695 rpm,1629 rpm,,,1497 rpm
2026-08-18 11:00:00,26.5 V,26.7 V,26.7 V,26.7 V,26.1 V,26.4 V,26.4 V,,,25.9 V,1668 rpm,1735 rpm,1554 rpm,1792 rpm,1637 rpm,1750 rpm,1768 rpm,,,1736 rpm
2026-08-18 13:00:00,26.6 V,26.7 V,26.7 V,26.7 V,26.0 V,26.5 V,26.2 V,,,25.9 V,1635 rpm,1499 rpm,1614 rpm,1629 rpm,1756 rpm,1707 rpm,1344 rpm,,,1787 rpm
2026-08-18 15:00:00,26.5 V,26.8 V,26.7 V,26.8 V,26.0 V,26.5 V,26.7 V,,,25.9 V,1756 rpm,1366 rpm,1609 rpm,1738 rpm,1807 rpm,1781 rpm,1322 rpm,,,1758 rpm
2026-08-18 17:00:00,26.5 V,26.7 V,26.7 V,,26.0 V,26.5 V,26.6 V,,,26.0 V,1615 rpm,1402 rpm,1682 rpm,,1667 rpm,1466 rpm,1487 rpm,,,1568 rpm
2026-08-18 19:00:00,26.6 V,26.8 V,26.7 V,,26.2 V,26.6 V,26.6 V,,,26.1 V,1803 rpm,1560 rpm,1717 rpm,,1161 rpm,1576 rpm,1678 rpm,,,1700 rpm
2026-08-18 21:00:00,26.6 V,26.8 V,26.7 V,,26.1 V,26.6 V,26.5 V,,,26.1 V,1738 rpm,1720 rpm,1711 rpm,,1802 rpm,1658 rpm,1671 rpm,,,1780 rpm
2026-08-18 23:00:00,26.6 V,26.8 V,26.8 V,,26.1 V,26.7 V,26.6 V,,,26.0 V,1628 rpm,1781 rpm,1691 rpm,,1663 rpm,1709 rpm,1718 rpm,,,1806 rpm
2026-08-19 01:00:00,26.8 V,26.8 V,26.9 V,,26.3 V,26.6 V,26.5 V,,,26.0 V,1519 rpm,1798 rpm,1570 rpm,,1221 rpm,1695 rpm,1734 rpm,,,1515 rpm
2026-08-19 03:00:00,26.6 V,26.8 V,26.9 V,,26.3 V,26.6 V,26.6 V,,,26.1 V,1729 rpm,1670 rpm,1595 rpm,,1476 rpm,1600 rpm,1673 rpm,,,1645 rpm
2026-08-19 05:00:00,26.6 V,26.8 V,26.8 V,,26.4 V,26.7 V,26.6 V,,,26.1 V,1502 rpm,1515 rpm,1658 rpm,,1005 rpm,1310 rpm,1668 rpm,,,1800 rpm
2026-08-19 07:00:00,26.7 V,26.8 V,26.7 V,,26.3 V,26.7 V,26.6 V,,,26.0 V,1799 rpm,1761 rpm,1694 rpm,,1403 rpm,1629 rpm,1794 rpm,,,1784 rpm
2026-08-19 09:00:00,26.5 V,26.7 V,26.5 V,,26.1 V,26.7 V,26.5 V,,,26.0 V,1686 rpm,1778 rpm,1410 rpm,,1412 rpm,1523 rpm,1826 rpm,,,1761 rpm
2026-08-19 11:00:00,26.5 V,26.7 V,26.7 V,,26.1 V,26.6 V,26.6 V,,,26.0 V,1788 rpm,1797 rpm,1619 rpm,,1626 rpm,1541 rpm,1733 rpm,,,1741 rpm
2026-08-19 13:00:00,26.6 V,26.6 V,26.7 V,,26.0 V,26.4 V,26.5 V,,,25.9 V,1635 rpm,1642 rpm,1699 rpm,,1326 rpm,864 rpm,1710 rpm,,,1584 rpm
2026-08-19 15:00:00,26.6 V,26.6 V,26.7 V,26.8 V,26.1 V,26.5 V,26.6 V,,,25.9 V,1676 rpm,1449 rpm,1621 rpm,1709 rpm,1435 rpm,1239 rpm,1772 rpm,,,1717 rpm
2026-08-19 17:00:00,26.6 V,26.8 V,26.6 V,26.8 V,26.4 V,26.5 V,26.5 V,,,26.1 V,1554 rpm,1432 rpm,1653 rpm,1592 rpm,1089 rpm,1332 rpm,1613 rpm,,,1169 rpm
2026-08-19 19:00:00,26.6 V,26.8 V,26.7 V,26.8 V,26.2 V,26.4 V,26.6 V,,,26.0 V,1820 rpm,1688 rpm,1708 rpm,1760 rpm,1321 rpm,1243 rpm,1767 rpm,,,1721 rpm
2026-08-19 21:00:00,26.7 V,26.8 V,26.7 V,26.8 V,26.2 V,26.7 V,26.6 V,,,25.9 V,1661 rpm,1707 rpm,1699 rpm,1688 rpm,1740 rpm,1633 rpm,1602 rpm,,,1814 rpm
2026-08-19 23:00:00,26.7 V,26.8 V,26.8 V,26.8 V,25.4 V,26.7 V,26.6 V,,,26.0 V,1793 rpm,1779 rpm,1496 rpm,1766 rpm,410 rpm,1400 rpm,1690 rpm,,,1765 rpm
2026-08-20 01:00:00,26.8 V,26.8 V,26.8 V,26.7 V,25.7 V,26.6 V,26.5 V,,,26.0 V,1402 rpm,1762 rpm,1642 rpm,1746 rpm,775 rpm,1634 rpm,1814 rpm,,,1562 rpm
2026-08-20 03:00:00,26.7 V,26.9 V,26.7 V,26.7 V,26.1 V,26.7 V,26.6 V,,,26.0 V,1806 rpm,1477 rpm,1541 rpm,1767 rpm,895 rpm,1467 rpm,1776 rpm,,,1772 rpm
2026-08-20 05:00:00,26.8 V,26.8 V,26.7 V,26.8 V,26.1 V,26.7 V,26.6 V,,,26.1 V,1670 rpm,1298 rpm,1618 rpm,1557 rpm,1537 rpm,1421 rpm,1680 rpm,,,1673 rpm
2026-08-20 07:00:00,26.9 V,26.8 V,26.7 V,26.8 V,26.0 V,26.7 V,26.6 V,,,25.9 V,1375 rpm,1577 rpm,1727 rpm,1540 rpm,1804 rpm,1793 rpm,1780 rpm,,,1818 rpm
2026-08-20 09:00:00,26.8 V,26.8 V,26.6 V,26.8 V,26.0 V,26.7 V,26.6 V,,,25.9 V,1533 rpm,1560 rpm,1473 rpm,1811 rpm,1806 rpm,1840 rpm,1774 rpm,,,1822 rpm
2026-08-20 11:00:00,26.8 V,26.7 V,27.0 V,26.5 V,25.8 V,26.6 V,26.5 V,,,25.9 V,1595 rpm,1657 rpm,740 rpm,1263 rpm,1717 rpm,1798 rpm,1697 rpm,,,1724 rpm
2026-08-20 13:00:00,26.8 V,26.7 V,27.0 V,,25.8 V,26.4 V,26.4 V,,,25.9 V,1792 rpm,1715 rpm,908 rpm,,1192 rpm,1570 rpm,1575 rpm,,,1749 rpm
2026-08-20 15:00:00,26.8 V,26.7 V,27.0 V,26.9 V,26.2 V,26.6 V,26.3 V,,,25.9 V,1501 rpm,1738 rpm,1237 rpm,1769 rpm,1208 rpm,1860 rpm,1448 rpm,,,1719 rpm
2026-08-20 17:00:00,26.7 V,26.8 V,26.8 V,26.8 V,26.2 V,26.6 V,26.5 V,,,26.1 V,1534 rpm,1686 rpm,1460 rpm,1612 rpm,1567 rpm,1185 rpm,1506 rpm,,,1573 rpm
2026-08-20 19:00:00,26.7 V,26.8 V,26.8 V,26.8 V,26.2 V,26.7 V,26.6 V,,,26.0 V,1623 rpm,1780 rpm,1517 rpm,1788 rpm,1665 rpm,1364 rpm,1724 rpm,,,1759 rpm
2026-08-20 21:00:00,26.7 V,26.8 V,26.8 V,26.9 V,26.5 V,26.8 V,26.7 V,,,26.0 V,1714 rpm,1604 rpm,1607 rpm,1833 rpm,1663 rpm,1338 rpm,1716 rpm,,,1702 rpm
2026-08-20 23:00:00,26.7 V,26.7 V,26.8 V,26.9 V,26.5 V,26.8 V,26.7 V,,,25.9 V,1674 rpm,1683 rpm,1563 rpm,1650 rpm,1768 rpm,1408 rpm,1695 rpm,,,1725 rpm
2026-08-21 01:00:00,26.7 V,26.7 V,26.7 V,26.9 V,26.4 V,26.8 V,26.7 V,,,26.0 V,1697 rpm,1811 rpm,688 rpm,1758 rpm,1721 rpm,1541 rpm,1593 rpm,,,1678 rpm
2026-08-21 03:00:00,26.7 V,26.8 V,26.8 V,27.1 V,26.5 V,26.7 V,26.7 V,,,26.4 V,1610 rpm,1746 rpm,1586 rpm,1563 rpm,1657 rpm,1843 rpm,1567 rpm,,,1469 rpm
2026-08-21 05:00:00,26.7 V,26.8 V,26.8 V,26.9 V,26.1 V,26.6 V,26.6 V,,,26.0 V,1711 rpm,1718 rpm,1620 rpm,1781 rpm,1768 rpm,1702 rpm,1688 rpm,,,1708 rpm
2026-08-21 07:00:00,26.7 V,26.8 V,26.8 V,26.8 V,26.0 V,26.6 V,26.6 V,,,25.9 V,1732 rpm,1845 rpm,1784 rpm,1759 rpm,1811 rpm,1821 rpm,1698 rpm,,,1810 rpm
2026-08-21 09:00:00,26.7 V,26.8 V,26.9 V,26.8 V,26.0 V,26.6 V,26.6 V,,,25.9 V,1662 rpm,1762 rpm,1633 rpm,1820 rpm,1790 rpm,1622 rpm,1714 rpm,,,1819 rpm
2026-08-21 11:00:00,26.8 V,26.7 V,26.8 V,26.8 V,25.9 V,26.4 V,26.6 V,,,25.9 V,1637 rpm,1694 rpm,1703 rpm,1780 rpm,1787 rpm,997 rpm,1822 rpm,,,1824 rpm
2026-08-21 13:00:00,26.8 V,26.7 V,26.7 V,26.8 V,26.7 V,25.0 V,26.5 V,,,25.9 V,1505 rpm,1618 rpm,1674 rpm,1783 rpm,851 rpm,54.7 rpm,1726 rpm,,,1736 rpm
2026-08-21 15:00:00,26.8 V,26.6 V,26.7 V,26.8 V,26.5 V,26.5 V,,,,25.8 V,1672 rpm,1808 rpm,1760 rpm,1758 rpm,1707 rpm,1706 rpm,,,,1796 rpm
2026-08-21 17:00:00,26.7 V,26.6 V,26.7 V,26.9 V,26.4 V,26.5 V,,,,25.9 V,1722 rpm,1758 rpm,1494 rpm,1737 rpm,881 rpm,1203 rpm,,,,1446 rpm
2026-08-21 19:00:00,26.7 V,26.7 V,26.8 V,26.5 V,26.6 V,26.7 V,,,,25.9 V,1722 rpm,1780 rpm,1678 rpm,1365 rpm,822 rpm,1498 rpm,,,,1784 rpm
2026-08-21 21:00:00,26.7 V,26.7 V,26.9 V,27.0 V,26.4 V,26.7 V,27.2 V,,,26.0 V,1709 rpm,1795 rpm,1590 rpm,1341 rpm,1770 rpm,1573 rpm,1383 rpm,,,1801 rpm
2026-08-21 23:00:00,26.7 V,26.6 V,26.8 V,26.8 V,26.3 V,26.7 V,26.6 V,,,26.0 V,1808 rpm,1724 rpm,1659 rpm,1833 rpm,1800 rpm,1591 rpm,665 rpm,,,1794 rpm
2026-08-22 01:00:00,26.7 V,,27.0 V,26.8 V,26.5 V,26.6 V,27.3 V,,,26.1 V,1698 rpm,,1144 rpm,1796 rpm,1426 rpm,1505 rpm,920 rpm,,,1640 rpm
2026-08-22 03:00:00,26.7 V,25.9 V,26.9 V,26.7 V,26.7 V,26.7 V,,,,26.1 V,1695 rpm,904 rpm,1515 rpm,1754 rpm,912 rpm,1777 rpm,,,,1641 rpm
2026-08-22 05:00:00,26.7 V,27.0 V,26.8 V,26.8 V,26.5 V,26.5 V,,,,26.3 V,1638 rpm,903 rpm,1603 rpm,1762 rpm,1208 rpm,1557 rpm,,,,1547 rpm
2026-08-22 07:00:00,26.7 V,27.0 V,26.8 V,26.8 V,26.2 V,26.6 V,,,,26.2 V,1564 rpm,802 rpm,1774 rpm,1820 rpm,1763 rpm,1790 rpm,,,,1827 rpm
2026-08-22 09:00:00,26.8 V,26.9 V,26.9 V,26.8 V,26.2 V,26.5 V,,,,26.1 V,1528 rpm,1548 rpm,1729 rpm,1703 rpm,1629 rpm,1739 rpm,,,,1723 rpm
2026-08-22 11:00:00,26.8 V,26.6 V,26.7 V,26.7 V,26.2 V,26.5 V,,,,26.0 V,1426 rpm,1718 rpm,1571 rpm,1802 rpm,1548 rpm,1663 rpm,,,,1746 rpm
2026-08-22 13:00:00,26.7 V,26.7 V,26.3 V,26.7 V,26.3 V,26.5 V,,,,26.0 V,1407 rpm,1099 rpm,1168 rpm,1641 rpm,1636 rpm,1693 rpm,,,,1774 rpm
2026-08-22 15:00:00,26.6 V,26.8 V,26.7 V,26.7 V,26.3 V,26.5 V,,,,26.0 V,1261 rpm,937 rpm,1783 rpm,1378 rpm,1643 rpm,1759 rpm,,,,1789 rpm
2026-08-22 17:00:00,26.6 V,26.8 V,26.6 V,26.9 V,26.1 V,26.5 V,,,,26.1 V,1549 rpm,1652 rpm,1677 rpm,1451 rpm,1725 rpm,1613 rpm,,,,1480 rpm
2026-08-22 19:00:00,26.7 V,26.8 V,26.6 V,26.9 V,26.2 V,26.5 V,,,,26.0 V,1499 rpm,1803 rpm,1775 rpm,1725 rpm,1568 rpm,1615 rpm,,,,1745 rpm
2026-08-22 21:00:00,26.7 V,26.9 V,26.7 V,26.9 V,26.5 V,26.6 V,,,,25.9 V,1585 rpm,1810 rpm,1785 rpm,1760 rpm,1520 rpm,1818 rpm,,,,1811 rpm
2026-08-22 23:00:00,26.7 V,26.9 V,26.7 V,26.9 V,27.0 V,26.6 V,26.8 V,,,26.0 V,1657 rpm,1791 rpm,1794 rpm,1768 rpm,1386 rpm,1836 rpm,1222 rpm,,,1778 rpm
2026-08-23 01:00:00,26.7 V,26.8 V,26.8 V,26.9 V,26.4 V,26.6 V,27.0 V,,,26.1 V,1756 rpm,1688 rpm,1758 rpm,1746 rpm,1541 rpm,1536 rpm,1625 rpm,,,1688 rpm
2026-08-23 03:00:00,26.7 V,26.9 V,26.8 V,26.9 V,26.5 V,26.6 V,26.9 V,,,26.3 V,1773 rpm,1823 rpm,1658 rpm,1795 rpm,1077 rpm,1665 rpm,1660 rpm,,,1790 rpm
2026-08-23 05:00:00,26.5 V,26.8 V,26.8 V,26.9 V,26.6 V,26.6 V,26.9 V,,,,1531 rpm,1657 rpm,1653 rpm,1755 rpm,1233 rpm,1669 rpm,1687 rpm,,,
2026-08-23 07:00:00,26.6 V,26.8 V,26.7 V,26.9 V,26.4 V,26.6 V,26.8 V,,,,1597 rpm,1572 rpm,1778 rpm,1818 rpm,1598 rpm,1700 rpm,1786 rpm,,,
2026-08-23 09:00:00,26.6 V,26.7 V,26.6 V,26.9 V,26.1 V,26.5 V,26.6 V,,,,1514 rpm,1497 rpm,1095 rpm,1726 rpm,1784 rpm,1797 rpm,1711 rpm,,,
2026-08-23 11:00:00,26.6 V,26.7 V,26.7 V,26.8 V,26.1 V,26.3 V,26.6 V,,,26.6 V,1558 rpm,1578 rpm,1756 rpm,1588 rpm,1745 rpm,1587 rpm,1800 rpm,,,5794 rpm
2026-08-23 13:00:00,26.6 V,26.7 V,26.6 V,26.9 V,26.2 V,26.4 V,26.6 V,,,,1592 rpm,1316 rpm,1683 rpm,1191 rpm,1563 rpm,1669 rpm,1666 rpm,,,
2026-08-23 15:00:00,26.7 V,26.8 V,26.8 V,26.9 V,26.3 V,26.6 V,26.7 V,,,,1194 rpm,1803 rpm,1687 rpm,1649 rpm,1620 rpm,985 rpm,1800 rpm,,,
2026-08-23 17:00:00,25.1 V,26.8 V,26.7 V,26.9 V,26.4 V,26.5 V,26.2 V,,,,0 rpm,1753 rpm,1326 rpm,1078 rpm,1667 rpm,1611 rpm,1142 rpm,,,
2026-08-23 19:00:00,25.2 V,26.9 V,26.9 V,26.9 V,26.4 V,26.5 V,26.9 V,,,,112 rpm,1789 rpm,1782 rpm,1837 rpm,1581 rpm,1815 rpm,1639 rpm,,,
2026-08-23 21:00:00,26.9 V,26.8 V,27.0 V,26.9 V,26.4 V,26.5 V,27.0 V,,,,1332 rpm,1803 rpm,1625 rpm,1817 rpm,1128 rpm,1808 rpm,1346 rpm,,,
2026-08-23 23:00:00,26.9 V,26.7 V,26.9 V,26.9 V,,26.6 V,26.9 V,,,,1482 rpm,1775 rpm,1726 rpm,1844 rpm,,1848 rpm,1825 rpm,,,
2026-08-24 01:00:00,26.8 V,26.8 V,26.9 V,26.9 V,,26.5 V,26.8 V,,,,1798 rpm,1688 rpm,1697 rpm,1793 rpm,,1779 rpm,1670 rpm,,,
2026-08-24 03:00:00,26.9 V,26.8 V,26.8 V,26.9 V,,26.5 V,27.0 V,,,,1544 rpm,1740 rpm,1735 rpm,1486 rpm,,1838 rpm,1536 rpm,,,
2026-08-24 05:00:00,26.7 V,26.8 V,26.9 V,26.9 V,,26.6 V,26.8 V,,,,1780 rpm,1738 rpm,1574 rpm,1185 rpm,,1525 rpm,1277 rpm,,,
2026-08-24 07:00:00,26.6 V,26.8 V,26.8 V,26.9 V,,26.6 V,26.7 V,,,,1762 rpm,1783 rpm,1704 rpm,1567 rpm,,1656 rpm,1759 rpm,,,
2026-08-24 09:00:00,25.5 V,26.7 V,26.5 V,26.8 V,26.6 V,26.5 V,26.6 V,,,,642 rpm,1536 rpm,560 rpm,1688 rpm,1300 rpm,1748 rpm,1741 rpm,,,
2026-08-24 11:00:00,26.8 V,26.7 V,27.0 V,26.8 V,,26.4 V,26.6 V,,,,1371 rpm,1735 rpm,1059 rpm,1775 rpm,,1698 rpm,1526 rpm,,,
2026-08-24 13:00:00,26.7 V,26.7 V,,26.8 V,,26.8 V,26.6 V,,,,1712 rpm,1517 rpm,,1622 rpm,,1323 rpm,1717 rpm,,,
2026-08-24 15:00:00,26.6 V,26.7 V,26.8 V,26.8 V,,26.6 V,26.7 V,,,26.6 V,1500 rpm,1326 rpm,1469 rpm,1554 rpm,,1803 rpm,1710 rpm,,,1085 rpm
2026-08-24 17:00:00,26.7 V,26.7 V,26.6 V,26.8 V,,26.5 V,26.6 V,,,26.3 V,1583 rpm,1561 rpm,1618 rpm,1695 rpm,,1488 rpm,1762 rpm,,,627 rpm
2026-08-24 19:00:00,26.7 V,26.8 V,26.7 V,26.8 V,,26.5 V,26.7 V,,,26.6 V,1475 rpm,1821 rpm,1763 rpm,1840 rpm,,1799 rpm,1757 rpm,,,720 rpm
2026-08-24 21:00:00,26.7 V,26.8 V,26.7 V,26.9 V,26.7 V,26.5 V,26.7 V,,,26.4 V,1561 rpm,1814 rpm,1718 rpm,1836 rpm,940 rpm,1813 rpm,1774 rpm,,,1365 rpm
2026-08-24 23:00:00,26.7 V,26.8 V,26.7 V,26.9 V,27.1 V,26.6 V,26.7 V,,,26.3 V,1615 rpm,1825 rpm,1651 rpm,1804 rpm,830 rpm,1801 rpm,1769 rpm,,,1676 rpm
2026-08-25 01:00:00,26.7 V,26.8 V,26.9 V,26.9 V,,26.5 V,26.6 V,,,26.2 V,1575 rpm,1645 rpm,1728 rpm,1719 rpm,,1826 rpm,1800 rpm,,,1699 rpm
2026-08-25 03:00:00,26.7 V,26.9 V,26.8 V,26.9 V,,26.5 V,26.6 V,,,26.3 V,1721 rpm,1856 rpm,1671 rpm,1848 rpm,,1839 rpm,1798 rpm,,,1832 rpm
2026-08-25 05:00:00,26.7 V,26.8 V,26.8 V,26.9 V,,26.5 V,26.7 V,,,26.4 V,1624 rpm,1650 rpm,1284 rpm,1732 rpm,,1422 rpm,1522 rpm,,,1373 rpm
2026-08-25 07:00:00,26.7 V,26.8 V,26.7 V,26.9 V,,26.5 V,26.4 V,,,26.1 V,1640 rpm,1351 rpm,1561 rpm,1836 rpm,,1752 rpm,1131 rpm,,,1734 rpm
2026-08-25 09:00:00,26.6 V,26.7 V,26.7 V,26.8 V,,26.5 V,26.6 V,,,25.9 V,1697 rpm,1713 rpm,1725 rpm,1728 rpm,,1649 rpm,1600 rpm,,,1654 rpm
2026-08-25 11:00:00,26.6 V,26.7 V,26.7 V,26.8 V,,26.3 V,26.6 V,,,25.9 V,1643 rpm,1660 rpm,1656 rpm,1772 rpm,,1684 rpm,1558 rpm,,,1675 rpm
2026-08-25 13:00:00,26.6 V,26.7 V,26.7 V,26.2 V,,26.4 V,26.6 V,,,25.8 V,1783 rpm,1464 rpm,1588 rpm,468 rpm,,1601 rpm,1423 rpm,,,1547 rpm
2026-08-25 15:00:00,26.6 V,26.7 V,26.7 V,26.9 V,,26.0 V,26.6 V,,,25.8 V,1796 rpm,1454 rpm,1653 rpm,1841 rpm,,1197 rpm,1708 rpm,,,1810 rpm
2026-08-25 17:00:00,25.3 V,26.7 V,26.7 V,26.8 V,,26.7 V,26.6 V,,,25.9 V,572 rpm,1163 rpm,1415 rpm,1668 rpm,,1338 rpm,1597 rpm,,,1671 rpm
2026-08-25 19:00:00,25.9 V,26.7 V,26.8 V,26.7 V,,26.7 V,26.6 V,,,26.0 V,805 rpm,1009 rpm,1693 rpm,1735 rpm,,1740 rpm,1521 rpm,,,1694 rpm
2026-08-25 21:00:00,26.4 V,26.8 V,26.8 V,26.8 V,,26.8 V,26.6 V,,,26.2 V,598 rpm,1473 rpm,1667 rpm,1835 rpm,,1572 rpm,1808 rpm,,,1758 rpm
2026-08-25 23:00:00,26.4 V,26.8 V,26.9 V,26.8 V,,26.8 V,26.6 V,,,26.2 V,1091 rpm,1674 rpm,1773 rpm,1838 rpm,,1536 rpm,1545 rpm,,,1726 rpm
2026-08-26 01:00:00,26.8 V,26.8 V,26.8 V,26.8 V,,26.8 V,26.9 V,,,26.1 V,1399 rpm,1260 rpm,1745 rpm,1660 rpm,,1478 rpm,1363 rpm,,,1721 rpm
2026-08-26 03:00:00,26.4 V,26.8 V,26.8 V,26.8 V,,26.8 V,26.7 V,,,26.2 V,720 rpm,1576 rpm,1766 rpm,1734 rpm,,1668 rpm,1757 rpm,,,1727 rpm
2026-08-26 05:00:00,26.8 V,26.7 V,26.8 V,26.8 V,,26.8 V,26.7 V,,,26.2 V,1463 rpm,1665 rpm,1484 rpm,1520 rpm,,1448 rpm,1492 rpm,,,1645 rpm
2026-08-26 07:00:00,26.7 V,26.8 V,26.7 V,26.7 V,,26.8 V,26.7 V,,,26.1 V,1561 rpm,1627 rpm,1714 rpm,1752 rpm,,1589 rpm,1453 rpm,,,1527 rpm
2026-08-26 09:00:00,26.6 V,26.8 V,26.6 V,26.7 V,,26.8 V,26.6 V,,,25.9 V,1780 rpm,1806 rpm,1808 rpm,1780 rpm,,1730 rpm,1693 rpm,,,1491 rpm
2026-08-26 11:00:00,26.6 V,26.5 V,26.6 V,26.7 V,,26.7 V,26.6 V,,,26.4 V,1676 rpm,1385 rpm,1721 rpm,1762 rpm,,1638 rpm,1690 rpm,,,1666 rpm
2026-08-26 13:00:00,26.5 V,26.7 V,26.6 V,26.3 V,,26.7 V,26.6 V,,,26.2 V,1788 rpm,1813 rpm,1443 rpm,1313 rpm,,1651 rpm,1541 rpm,,,1579 rpm
2026-08-26 15:00:00,26.6 V,26.6 V,26.7 V,26.8 V,,26.8 V,26.7 V,,,26.1 V,1782 rpm,1617 rpm,1789 rpm,1782 rpm,,1552 rpm,1791 rpm,,,1650 rpm
2026-08-26 17:00:00,26.7 V,26.7 V,26.7 V,26.8 V,,26.8 V,26.6 V,,,26.1 V,1422 rpm,1070 rpm,1629 rpm,1673 rpm,,1272 rpm,1506 rpm,,,1638 rpm
2026-08-26 19:00:00,26.7 V,26.8 V,26.8 V,26.8 V,,27.0 V,26.6 V,,,26.2 V,1530 rpm,1462 rpm,1738 rpm,1714 rpm,,1484 rpm,1735 rpm,,,1819 rpm
2026-08-26 21:00:00,26.8 V,26.7 V,26.9 V,26.8 V,,27.0 V,26.6 V,,,26.2 V,1391 rpm,1611 rpm,1589 rpm,1773 rpm,,1443 rpm,1776 rpm,,,1836 rpm
2026-08-26 23:00:00,26.8 V,26.8 V,26.8 V,26.8 V,,27.0 V,26.6 V,,,26.2 V,1526 rpm,1512 rpm,1755 rpm,1825 rpm,,1550 rpm,1765 rpm,,,1753 rpm
2026-08-27 01:00:00,26.8 V,26.8 V,26.8 V,26.9 V,,27.0 V,26.6 V,,,26.1 V,1357 rpm,1588 rpm,1595 rpm,1732 rpm,,1544 rpm,1697 rpm,,,1714 rpm
2026-08-27 03:00:00,26.9 V,26.8 V,26.9 V,26.9 V,,27.0 V,26.6 V,,,26.3 V,1287 rpm,1448 rpm,1431 rpm,1840 rpm,,1514 rpm,1709 rpm,,,1698 rpm
2026-08-27 05:00:00,26.9 V,26.8 V,,26.8 V,,27.0 V,26.7 V,,,26.4 V,1275 rpm,1193 rpm,,1702 rpm,,1192 rpm,1588 rpm,,,1698 rpm
2026-08-27 07:00:00,26.7 V,26.8 V,,26.8 V,,26.8 V,26.7 V,,,26.3 V,1747 rpm,1113 rpm,,1829 rpm,,1561 rpm,1724 rpm,,,1649 rpm
2026-08-27 09:00:00,26.7 V,26.9 V,,26.8 V,,26.7 V,26.5 V,,,26.3 V,1713 rpm,1105 rpm,,1831 rpm,,1609 rpm,1639 rpm,,,1584 rpm
2026-08-27 11:00:00,26.6 V,26.9 V,27.1 V,26.8 V,,26.7 V,26.5 V,,,26.1 V,1695 rpm,986 rpm,1380 rpm,1828 rpm,,1642 rpm,1421 rpm,,,1742 rpm
2026-08-27 13:00:00,26.6 V,26.8 V,,26.8 V,,26.8 V,26.5 V,,,26.1 V,1527 rpm,1049 rpm,,1565 rpm,,1574 rpm,1795 rpm,,,1630 rpm
2026-08-27 15:00:00,26.7 V,26.9 V,,27.0 V,,26.6 V,26.7 V,,,26.0 V,1751 rpm,1128 rpm,,929 rpm,,1156 rpm,1764 rpm,,,1757 rpm
2026-08-27 17:00:00,26.7 V,26.4 V,,26.7 V,,26.8 V,26.6 V,,,26.3 V,1476 rpm,883 rpm,,1333 rpm,,1363 rpm,1466 rpm,,,1423 rpm
2026-08-27 19:00:00,26.8 V,24.8 V,,26.9 V,,26.8 V,26.7 V,,,26.3 V,1695 rpm,0 rpm,,1733 rpm,,1701 rpm,1665 rpm,,,1423 rpm
2026-08-27 21:00:00,26.7 V,26.0 V,,26.8 V,,26.8 V,26.6 V,,,26.2 V,1779 rpm,458 rpm,,1829 rpm,,1646 rpm,1668 rpm,,,1493 rpm
2026-08-27 23:00:00,25.9 V,26.9 V,,26.9 V,,26.8 V,26.6 V,,,26.2 V,589 rpm,788 rpm,,1671 rpm,,1636 rpm,1639 rpm,,,1549 rpm
2026-08-28 01:00:00,25.9 V,27.1 V,,26.9 V,,26.7 V,26.8 V,,,26.2 V,,800 rpm,,1670 rpm,,1741 rpm,1779 rpm,,,1641 rpm
2026-08-28 03:00:00,26.7 V,26.9 V,,26.9 V,,26.8 V,26.8 V,,,26.2 V,1376 rpm,1037 rpm,,1627 rpm,,1620 rpm,1547 rpm,,,1625 rpm
2026-08-28 05:00:00,26.6 V,26.8 V,,27.0 V,,26.8 V,26.8 V,,,26.4 V,1715 rpm,1603 rpm,,1274 rpm,,1422 rpm,1436 rpm,,,1566 rpm
2026-08-28 07:00:00,26.6 V,26.8 V,,27.0 V,,26.9 V,26.8 V,,,26.4 V,1719 rpm,1397 rpm,,1725 rpm,,1737 rpm,1593 rpm,,,1665 rpm
2026-08-28 09:00:00,25.9 V,27.0 V,,26.9 V,,26.8 V,26.7 V,,,26.3 V,1817 rpm,824 rpm,,1783 rpm,,1722 rpm,1770 rpm,,,1679 rpm
2026-08-28 11:00:00,22.6 V,26.9 V,,26.8 V,,26.7 V,26.6 V,,,26.2 V,1533 rpm,800 rpm,,1712 rpm,,1562 rpm,1662 rpm,,,1615 rpm
2026-08-28 13:00:00,,26.7 V,,26.8 V,,26.8 V,26.6 V,,,26.1 V,,1669 rpm,,1794 rpm,,1848 rpm,1720 rpm,,,1671 rpm
2026-08-28 15:00:00,,26.6 V,,26.9 V,,26.7 V,26.5 V,,,26.1 V,,1799 rpm,,1610 rpm,,1740 rpm,1728 rpm,,,1747 rpm
2026-08-28 17:00:00,,26.7 V,27.6 V,27.0 V,,26.8 V,26.5 V,,,26.2 V,,1619 rpm,807 rpm,1468 rpm,,1440 rpm,1583 rpm,,,1501 rpm
2026-08-28 19:00:00,,26.7 V,26.9 V,26.9 V,,26.8 V,26.6 V,,,26.3 V,,1264 rpm,668 rpm,1603 rpm,,1705 rpm,1777 rpm,,,1547 rpm
2026-08-28 21:00:00,26.6 V,26.8 V,26.8 V,27.0 V,,26.8 V,26.6 V,,,26.2 V,663 rpm,1757 rpm,1330 rpm,1573 rpm,,1710 rpm,1476 rpm,,,1689 rpm
2026-08-28 23:00:00,26.7 V,26.7 V,27.0 V,27.0 V,,26.8 V,26.7 V,,,26.1 V,1155 rpm,1668 rpm,1257 rpm,1380 rpm,,1698 rpm,1735 rpm,,,1448 rpm
2026-08-29 01:00:00,26.8 V,26.2 V,27.1 V,27.0 V,,26.8 V,26.6 V,,,26.1 V,1012 rpm,1101 rpm,1198 rpm,1699 rpm,,1770 rpm,1734 rpm,,,1711 rpm
2026-08-29 03:00:00,26.8 V,,27.3 V,26.9 V,,26.8 V,26.6 V,,,26.1 V,1182 rpm,,1305 rpm,1831 rpm,,1667 rpm,1687 rpm,,,1669 rpm
2026-08-29 05:00:00,26.6 V,,27.0 V,26.9 V,,26.8 V,26.6 V,,,26.1 V,1005 rpm,,1660 rpm,1764 rpm,,1244 rpm,1749 rpm,,,1711 rpm
2026-08-29 07:00:00,26.6 V,,26.9 V,26.9 V,,26.8 V,26.7 V,,,25.9 V,1388 rpm,,812 rpm,1813 rpm,,1824 rpm,1719 rpm,,,1826 rpm
2026-08-29 09:00:00,26.6 V,26.4 V,26.9 V,26.9 V,,26.8 V,26.6 V,,,25.8 V,1588 rpm,1130 rpm,1727 rpm,1815 rpm,,1837 rpm,1732 rpm,,,1802 rpm
2026-08-29 11:00:00,26.5 V,26.6 V,26.8 V,26.8 V,,26.8 V,26.5 V,,,25.7 V,1744 rpm,710 rpm,1760 rpm,1791 rpm,,1829 rpm,1801 rpm,,,1775 rpm
2026-08-29 13:00:00,26.5 V,,26.8 V,26.8 V,,26.8 V,26.4 V,,,25.7 V,1521 rpm,,1676 rpm,1817 rpm,,1718 rpm,1378 rpm,,,1801 rpm
2026-08-29 15:00:00,26.5 V,,26.9 V,26.7 V,,26.8 V,26.6 V,,,25.7 V,1678 rpm,,1210 rpm,1809 rpm,,1560 rpm,1700 rpm,,,1802 rpm
2026-08-29 17:00:00,26.5 V,,27.0 V,26.8 V,,26.8 V,26.6 V,,,25.8 V,1777 rpm,,1159 rpm,1642 rpm,,1380 rpm,1470 rpm,,,1668 rpm
2026-08-29 19:00:00,26.5 V,,26.8 V,27.0 V,,26.8 V,26.7 V,,,26.0 V,1734 rpm,,1700 rpm,1444 rpm,,1665 rpm,1520 rpm,,,1687 rpm
2026-08-29 21:00:00,26.6 V,,26.8 V,27.0 V,,26.8 V,26.7 V,,,26.0 V,1733 rpm,,1785 rpm,1471 rpm,,1710 rpm,1667 rpm,,,1620 rpm
2026-08-29 23:00:00,26.5 V,,26.8 V,26.9 V,,26.8 V,26.7 V,,,26.0 V,1743 rpm,,1795 rpm,1572 rpm,,1647 rpm,1687 rpm,,,1631 rpm
2026-08-30 01:00:00,26.6 V,,26.8 V,26.9 V,,26.8 V,26.7 V,,,26.1 V,1799 rpm,,1363 rpm,1687 rpm,,1709 rpm,1788 rpm,,,1631 rpm
2026-08-30 03:00:00,26.6 V,,27.0 V,26.8 V,,26.9 V,26.7 V,,,26.3 V,1819 rpm,,1432 rpm,1750 rpm,,1711 rpm,1727 rpm,,,1446 rpm
2026-08-30 05:00:00,26.6 V,,27.0 V,26.9 V,,26.8 V,26.8 V,,,26.2 V,1729 rpm,,1481 rpm,1664 rpm,,1628 rpm,1650 rpm,,,1581 rpm
2026-08-30 07:00:00,26.6 V,27.0 V,26.5 V,26.8 V,,26.9 V,26.7 V,,,25.8 V,1723 rpm,800 rpm,1282 rpm,1664 rpm,,1799 rpm,1802 rpm,,,1813 rpm
2026-08-30 09:00:00,26.5 V,27.0 V,26.9 V,26.8 V,,26.9 V,26.7 V,,,25.8 V,1743 rpm,800 rpm,1601 rpm,1549 rpm,,1806 rpm,1774 rpm,,,1812 rpm
2026-08-30 11:00:00,26.6 V,26.7 V,26.8 V,26.8 V,,26.7 V,26.5 V,,,25.7 V,1631 rpm,1626 rpm,1645 rpm,816 rpm,,1787 rpm,1713 rpm,,,1814 rpm
2026-08-30 13:00:00,26.6 V,26.7 V,26.8 V,26.8 V,,26.2 V,26.6 V,,,26.0 V,1743 rpm,1712 rpm,1771 rpm,1322 rpm,,1053 rpm,1704 rpm,,,1822 rpm
2026-08-30 15:00:00,26.6 V,26.7 V,26.7 V,26.8 V,,26.8 V,26.6 V,,,25.9 V,1743 rpm,1739 rpm,1616 rpm,1773 rpm,,1773 rpm,1828 rpm,,,1811 rpm
2026-08-30 17:00:00,26.6 V,26.7 V,26.8 V,26.8 V,,25.7 V,26.7 V,,,26.0 V,1651 rpm,1644 rpm,1515 rpm,1634 rpm,,301 rpm,1637 rpm,,,1575 rpm
2026-08-30 19:00:00,26.6 V,26.7 V,26.8 V,26.9 V,,26.7 V,26.7 V,,,26.3 V,1827 rpm,1798 rpm,1633 rpm,1756 rpm,,862 rpm,1719 rpm,,,1549 rpm
2026-08-30 21:00:00,26.7 V,26.8 V,26.8 V,26.9 V,,26.8 V,26.6 V,,,26.4 V,1716 rpm,1635 rpm,1701 rpm,1807 rpm,,1614 rpm,1563 rpm,,,1546 rpm
2026-08-30 23:00:00,26.6 V,26.8 V,26.9 V,26.9 V,,26.8 V,26.6 V,,,26.2 V,1831 rpm,1723 rpm,1594 rpm,1796 rpm,,1723 rpm,1764 rpm,,,1620 rpm
2026-08-31 01:00:00,26.6 V,26.8 V,27.1 V,26.9 V,,27.0 V,26.6 V,,,26.3 V,1808 rpm,1735 rpm,1729 rpm,1716 rpm,,1784 rpm,1772 rpm,,,1588 rpm
2026-08-31 03:00:00,26.7 V,26.7 V,27.1 V,26.8 V,,27.0 V,26.7 V,,,26.5 V,1631 rpm,1415 rpm,1603 rpm,1652 rpm,,1577 rpm,1830 rpm,,,1491 rpm
2026-08-31 05:00:00,26.7 V,26.9 V,27.0 V,26.9 V,,26.9 V,26.8 V,,,26.2 V,1421 rpm,1642 rpm,1630 rpm,1754 rpm,,1493 rpm,1677 rpm,,,1574 rpm
2026-08-31 07:00:00,26.6 V,26.8 V,26.8 V,26.9 V,,26.9 V,26.8 V,,,25.9 V,1759 rpm,1693 rpm,1590 rpm,1736 rpm,,1810 rpm,1794 rpm,,,1779 rpm
2026-08-31 09:00:00,26.6 V,26.7 V,26.9 V,26.8 V,,26.8 V,26.7 V,,,25.9 V,1626 rpm,1720 rpm,1652 rpm,1797 rpm,,1804 rpm,1598 rpm,,,1822 rpm
2026-08-31 11:00:00,26.5 V,26.7 V,26.7 V,26.7 V,,26.7 V,26.7 V,,,25.9 V,1535 rpm,1742 rpm,1672 rpm,1799 rpm,,1805 rpm,1484 rpm,,,1510 rpm
2026-08-31 13:00:00,26.6 V,26.7 V,26.7 V,26.8 V,,26.7 V,26.5 V,,,25.8 V,1722 rpm,1799 rpm,1576 rpm,1511 rpm,,1526 rpm,1269 rpm,,,1762 rpm
2026-08-31 15:00:00,26.7 V,26.7 V,26.9 V,25.5 V,,26.7 V,26.7 V,,,25.8 V,1323 rpm,1690 rpm,1533 rpm,98.7 rpm,,1768 rpm,1770 rpm,,,1812 rpm
2026-08-31 17:00:00,26.5 V,26.9 V,26.8 V,27.1 V,,26.8 V,26.6 V,,,26.0 V,1616 rpm,1541 rpm,1571 rpm,800 rpm,,1428 rpm,1383 rpm,,,1503 rpm
2026-08-31 19:00:00,26.7 V,26.9 V,26.7 V,27.0 V,,27.1 V,26.7 V,,,26.1 V,1709 rpm,1825 rpm,1769 rpm,1093 rpm,,1473 rpm,1656 rpm,,,1705 rpm
2026-08-31 21:00:00,26.7 V,27.0 V,26.8 V,27.2 V,,27.1 V,26.9 V,,,26.3 V,1637 rpm,1511 rpm,1753 rpm,1209 rpm,,1529 rpm,1566 rpm,,,1766 rpm
2026-08-31 23:00:00,26.9 V,27.1 V,27.0 V,,,27.1 V,26.9 V,,,26.5 V,1284 rpm,1315 rpm,1449 rpm,,,789 rpm,1191 rpm,,,1175 rpm
2026-09-01 01:00:00,26.9 V,24.8 V,,,,,,,,26.5 V,1710 rpm,80.9 rpm,,,,,,,,1717 rpm
2026-09-01 03:00:00,27.0 V,27.1 V,27.2 V,27.2 V,,,27.1 V,,,26.6 V,1404 rpm,1198 rpm,1556 rpm,871 rpm,,,866 rpm,,,793 rpm
2026-09-01 05:00:00,26.8 V,,27.2 V,27.2 V,,27.1 V,,,,,1766 rpm,,1830 rpm,1019 rpm,,967 rpm,,,,
2026-09-01 07:00:00,26.8 V,,27.1 V,27.1 V,,27.0 V,26.9 V,,,26.4 V,1694 rpm,,1742 rpm,1172 rpm,,1138 rpm,1305 rpm,,,1390 rpm
2026-09-01 09:00:00,26.8 V,26.9 V,27.0 V,27.0 V,,26.9 V,26.7 V,,,26.0 V,1413 rpm,1456 rpm,1686 rpm,1757 rpm,,1525 rpm,1756 rpm,,,1724 rpm
2026-09-01 11:00:00,26.7 V,26.7 V,26.9 V,26.8 V,,26.7 V,26.6 V,,,25.9 V,1636 rpm,1719 rpm,1536 rpm,1763 rpm,,1616 rpm,1703 rpm,,,1771 rpm
2026-09-01 13:00:00,26.6 V,26.6 V,26.9 V,26.8 V,,,26.6 V,,,25.8 V,1660 rpm,1513 rpm,1735 rpm,1817 rpm,,,1714 rpm,,,1667 rpm
2026-09-01 15:00:00,26.7 V,26.3 V,26.9 V,26.9 V,,,26.7 V,,,25.9 V,1378 rpm,942 rpm,1716 rpm,1768 rpm,,,1810 rpm,,,1746 rpm
2026-09-01 17:00:00,,26.1 V,27.0 V,27.0 V,,,26.8 V,,,26.2 V,,854 rpm,883 rpm,1795 rpm,,,1573 rpm,,,1137 rpm
2026-09-01 19:00:00,,,27.3 V,27.0 V,,,,,,,,,800 rpm,973 rpm,,,,,,
2026-09-01 21:00:00,,,27.4 V,26.4 V,,27.2 V,27.0 V,,,,,,1475 rpm,935 rpm,,1787 rpm,1605 rpm,,,
2026-09-01 23:00:00,,,27.4 V,27.0 V,,27.1 V,27.0 V,,,26.5 V,,,1640 rpm,1722 rpm,,1147 rpm,1741 rpm,,,1429 rpm
2026-09-02 01:00:00,27.1 V,26.7 V,27.3 V,27.0 V,,25.8 V,26.9 V,,,26.6 V,1103 rpm,1196 rpm,1687 rpm,1680 rpm,,315 rpm,1705 rpm,,,1326 rpm
2026-09-02 03:00:00,26.9 V,26.4 V,27.1 V,27.0 V,,26.9 V,27.0 V,,,25.8 V,1593 rpm,1213 rpm,1684 rpm,1835 rpm,,1762 rpm,1825 rpm,,,1466 rpm
2026-09-02 05:00:00,27.0 V,26.8 V,27.2 V,27.0 V,,26.9 V,26.9 V,,,26.0 V,1028 rpm,1439 rpm,1610 rpm,1782 rpm,,1419 rpm,1638 rpm,,,1644 rpm
2026-09-02 07:00:00,26.9 V,26.9 V,27.0 V,26.9 V,,26.8 V,26.8 V,,,26.0 V,1551 rpm,1582 rpm,1658 rpm,1832 rpm,,1787 rpm,1600 rpm,,,1786 rpm
2026-09-02 09:00:00,26.7 V,26.8 V,26.9 V,26.9 V,,26.8 V,26.7 V,,,25.9 V,1576 rpm,1494 rpm,1551 rpm,1811 rpm,,1692 rpm,1778 rpm,,,1757 rpm
2026-09-02 11:00:00,26.5 V,26.8 V,26.8 V,26.9 V,,26.7 V,26.7 V,,,25.9 V,1332 rpm,1608 rpm,1541 rpm,1636 rpm,,1594 rpm,1642 rpm,,,1810 rpm
2026-09-02 13:00:00,27.1 V,26.7 V,26.4 V,26.8 V,,26.7 V,26.7 V,,,25.9 V,890 rpm,1501 rpm,1295 rpm,1633 rpm,,1817 rpm,1709 rpm,,,1638 rpm
2026-09-02 15:00:00,26.7 V,26.7 V,26.7 V,26.6 V,,26.7 V,26.5 V,,,26.2 V,1700 rpm,1755 rpm,1775 rpm,1280 rpm,,1387 rpm,1738 rpm,,,1276 rpm
2026-09-02 17:00:00,26.5 V,26.7 V,26.8 V,26.8 V,,26.9 V,26.7 V,,,26.0 V,1626 rpm,1686 rpm,1712 rpm,1813 rpm,,1334 rpm,1732 rpm,,,1814 rpm
2026-09-02 19:00:00,26.8 V,26.7 V,26.8 V,26.8 V,,27.0 V,26.7 V,,,26.0 V,1171 rpm,1826 rpm,1655 rpm,1780 rpm,,1804 rpm,1826 rpm,,,1578 rpm
2026-09-02 21:00:00,26.7 V,26.8 V,26.9 V,26.8 V,,27.0 V,26.7 V,,,25.9 V,1834 rpm,1829 rpm,1729 rpm,1806 rpm,,1812 rpm,1826 rpm,,,1776 rpm
2026-09-02 23:00:00,26.9 V,26.8 V,27.2 V,26.8 V,,27.0 V,26.7 V,,,25.9 V,1320 rpm,1806 rpm,1766 rpm,1746 rpm,,1782 rpm,1744 rpm,,,1814 rpm
2026-09-03 01:00:00,26.8 V,26.7 V,27.2 V,26.9 V,,26.8 V,26.8 V,,,26.0 V,1772 rpm,1755 rpm,1620 rpm,1724 rpm,,1571 rpm,1766 rpm,,,1497 rpm
2026-09-03 03:00:00,26.9 V,26.8 V,27.2 V,26.9 V,,26.8 V,26.7 V,,,26.2 V,1695 rpm,1708 rpm,1650 rpm,1687 rpm,,1775 rpm,1779 rpm,,,1835 rpm
2026-09-03 05:00:00,26.7 V,26.9 V,26.9 V,26.9 V,,26.8 V,26.7 V,,,26.3 V,1732 rpm,1336 rpm,1352 rpm,1737 rpm,,1409 rpm,1489 rpm,,,1443 rpm
2026-09-03 07:00:00,26.8 V,26.7 V,26.8 V,26.9 V,,26.8 V,26.7 V,,,26.2 V,1699 rpm,1815 rpm,1683 rpm,1794 rpm,,1688 rpm,1772 rpm,,,1598 rpm
2026-09-03 09:00:00,26.7 V,26.6 V,26.8 V,26.9 V,,26.8 V,26.6 V,,,26.1 V,1479 rpm,1581 rpm,1663 rpm,1745 rpm,,1727 rpm,1787 rpm,,,1626 rpm
2026-09-03 11:00:00,26.6 V,26.6 V,26.7 V,26.8 V,,26.8 V,26.6 V,,,26.1 V,1749 rpm,1757 rpm,1675 rpm,1792 rpm,,1724 rpm,1767 rpm,,,1505 rpm
2026-09-03 13:00:00,26.8 V,26.6 V,26.7 V,26.3 V,,25.9 V,26.8 V,,,26.0 V,1678 rpm,1785 rpm,1559 rpm,1208 rpm,,499 rpm,1385 rpm,,,1664 rpm
2026-09-03 15:00:00,26.7 V,26.6 V,26.8 V,26.8 V,,26.8 V,26.7 V,,,26.0 V,1527 rpm,1831 rpm,1564 rpm,1788 rpm,,1763 rpm,1555 rpm,,,1718 rpm
2026-09-03 17:00:00,26.7 V,26.7 V,26.8 V,26.8 V,,26.8 V,26.9 V,,,26.1 V,1587 rpm,1584 rpm,1623 rpm,1714 rpm,,1430 rpm,1447 rpm,,,1690 rpm
2026-09-03 19:00:00,26.6 V,26.8 V,26.9 V,26.8 V,,26.8 V,26.9 V,,,26.2 V,1688 rpm,1637 rpm,1686 rpm,1837 rpm,,1640 rpm,1421 rpm,,,1758 rpm
2026-09-03 21:00:00,26.7 V,26.9 V,26.9 V,26.8 V,,26.8 V,26.9 V,,,26.3 V,1649 rpm,1488 rpm,1723 rpm,1791 rpm,,1789 rpm,1371 rpm,,,1801 rpm
2026-09-03 23:00:00,26.8 V,26.8 V,27.0 V,26.8 V,,26.8 V,26.9 V,,,26.2 V,1435 rpm,1516 rpm,1664 rpm,1787 rpm,,1724 rpm,1795 rpm,,,1825 rpm
2026-09-04 01:00:00,26.8 V,26.8 V,27.0 V,26.8 V,,26.8 V,26.8 V,,,26.2 V,1642 rpm,1835 rpm,1315 rpm,1658 rpm,,1604 rpm,1773 rpm,,,1556 rpm
2026-09-04 03:00:00,26.8 V,26.8 V,27.4 V,26.8 V,,26.8 V,26.8 V,,,26.2 V,1566 rpm,1696 rpm,1301 rpm,1595 rpm,,1716 rpm,1755 rpm,,,1753 rpm
2026-09-04 05:00:00,26.8 V,26.8 V,27.2 V,26.3 V,,26.8 V,26.8 V,,,26.2 V,1594 rpm,1526 rpm,1047 rpm,804 rpm,,1122 rpm,1491 rpm,,,1624 rpm
2026-09-04 07:00:00,26.7 V,26.9 V,26.8 V,,,26.8 V,26.7 V,,,26.5 V,1748 rpm,1562 rpm,1686 rpm,,,1573 rpm,1810 rpm,,,1674 rpm
2026-09-04 09:00:00,26.6 V,26.8 V,26.4 V,,,26.8 V,26.6 V,,,26.5 V,1806 rpm,1774 rpm,1262 rpm,,,1555 rpm,1794 rpm,,,1630 rpm
2026-09-04 11:00:00,26.5 V,26.7 V,26.8 V,26.8 V,24.6 V,26.7 V,26.5 V,,,26.4 V,1594 rpm,1817 rpm,1794 rpm,1716 rpm,0 rpm,1502 rpm,1823 rpm,,,1718 rpm
2026-09-04 13:00:00,26.5 V,26.7 V,26.8 V,26.7 V,25.0 V,26.6 V,26.5 V,,,26.3 V,1559 rpm,1536 rpm,1730 rpm,1829 rpm,0 rpm,1434 rpm,1685 rpm,,,1612 rpm
2026-09-04 15:00:00,25.8 V,26.6 V,26.7 V,26.7 V,25.8 V,26.7 V,26.5 V,,,26.3 V,597 rpm,1545 rpm,1787 rpm,1741 rpm,205 rpm,1423 rpm,1715 rpm,,,1591 rpm
2026-09-04 17:00:00,26.6 V,26.7 V,26.7 V,26.7 V,,26.8 V,26.6 V,,,26.3 V,1705 rpm,1283 rpm,1755 rpm,1811 rpm,,1056 rpm,1726 rpm,,,1447 rpm
2026-09-04 19:00:00,26.7 V,26.8 V,26.8 V,26.8 V,,26.8 V,26.6 V,,,26.1 V,1723 rpm,1053 rpm,1490 rpm,1580 rpm,,1455 rpm,1800 rpm,,,1736 rpm
2026-09-04 21:00:00,26.7 V,26.9 V,26.9 V,26.9 V,,26.8 V,26.7 V,,,26.1 V,1706 rpm,1180 rpm,1524 rpm,1800 rpm,,1580 rpm,1810 rpm,,,1740 rpm
2026-09-04 23:00:00,26.7 V,26.9 V,27.0 V,26.9 V,,26.9 V,26.7 V,,,26.2 V,1573 rpm,1522 rpm,1748 rpm,1565 rpm,,1576 rpm,1767 rpm,,,1732 rpm
2026-09-05 01:00:00,27.0 V,26.8 V,27.1 V,26.9 V,,27.0 V,26.6 V,,,26.2 V,1128 rpm,1729 rpm,1193 rpm,1693 rpm,,1686 rpm,1697 rpm,,,1666 rpm
2026-09-05 03:00:00,26.8 V,26.8 V,27.0 V,26.9 V,,26.9 V,26.7 V,,,26.2 V,1756 rpm,1632 rpm,1679 rpm,1714 rpm,,1786 rpm,1786 rpm,,,1813 rpm
2026-09-05 05:00:00,26.8 V,26.9 V,27.0 V,26.9 V,,27.0 V,26.7 V,,,26.3 V,1522 rpm,1447 rpm,1322 rpm,1194 rpm,,1332 rpm,1727 rpm,,,1773 rpm
2026-09-05 07:00:00,26.7 V,26.8 V,26.9 V,26.9 V,,26.8 V,26.6 V,,,26.2 V,1751 rpm,1762 rpm,1522 rpm,1713 rpm,,1578 rpm,1769 rpm,,,1645 rpm
2026-09-05 09:00:00,26.7 V,26.8 V,26.7 V,26.8 V,,26.8 V,26.6 V,,,26.1 V,1572 rpm,1806 rpm,1675 rpm,1810 rpm,,1708 rpm,1721 rpm,,,1597 rpm
2026-09-05 11:00:00,26.5 V,26.7 V,26.8 V,26.6 V,,26.9 V,26.6 V,,,26.1 V,1691 rpm,1832 rpm,1653 rpm,1535 rpm,,1635 rpm,1780 rpm,,,1634 rpm
2026-09-05 13:00:00,26.5 V,26.6 V,26.8 V,26.8 V,,26.5 V,26.4 V,,,26.1 V,1744 rpm,1808 rpm,1774 rpm,1624 rpm,,1052 rpm,1724 rpm,,,1609 rpm
2026-09-05 15:00:00,26.1 V,26.6 V,26.7 V,26.7 V,26.8 V,,26.6 V,,,26.0 V,693 rpm,1752 rpm,1786 rpm,1650 rpm,816 rpm,,1716 rpm,,,1684 rpm
2026-09-05 17:00:00,26.3 V,26.7 V,26.7 V,26.7 V,26.2 V,,26.7 V,,,26.1 V,1132 rpm,1314 rpm,1726 rpm,1645 rpm,569 rpm,,1693 rpm,,,1497 rpm
2026-09-05 19:00:00,26.7 V,26.7 V,26.7 V,26.7 V,,26.8 V,26.8 V,,,26.1 V,1412 rpm,1638 rpm,1639 rpm,1804 rpm,,1562 rpm,1758 rpm,,,1775 rpm
2026-09-05 21:00:00,26.6 V,26.8 V,26.8 V,26.7 V,26.3 V,26.8 V,26.9 V,,,26.1 V,1693 rpm,1756 rpm,1801 rpm,1784 rpm,557 rpm,1624 rpm,1525 rpm,,,1681 rpm
2026-09-05 23:00:00,26.6 V,26.7 V,26.8 V,26.7 V,26.3 V,26.7 V,26.9 V,,,26.1 V,1573 rpm,1693 rpm,1766 rpm,1786 rpm,533 rpm,1668 rpm,1810 rpm,,,1769 rpm
2026-09-06 01:00:00,26.8 V,26.7 V,27.0 V,26.8 V,27.1 V,26.7 V,26.9 V,,,26.2 V,1721 rpm,1765 rpm,1774 rpm,1615 rpm,800 rpm,1449 rpm,1714 rpm,,,1742 rpm
2026-09-06 03:00:00,26.7 V,26.8 V,27.2 V,26.8 V,27.1 V,26.7 V,26.9 V,,,26.1 V,1747 rpm,1839 rpm,1692 rpm,1787 rpm,807 rpm,1736 rpm,1748 rpm,,,1713 rpm
2026-09-06 05:00:00,26.7 V,26.8 V,27.1 V,26.9 V,,26.8 V,26.8 V,,,26.0 V,1636 rpm,1710 rpm,1710 rpm,1504 rpm,,1394 rpm,1738 rpm,,,1760 rpm
2026-09-06 07:00:00,26.7 V,26.7 V,27.1 V,26.8 V,,26.8 V,26.6 V,,,26.1 V,1601 rpm,1703 rpm,1617 rpm,1568 rpm,,1683 rpm,1775 rpm,,,1665 rpm
2026-09-06 09:00:00,25.6 V,26.6 V,26.8 V,26.7 V,27.1 V,26.7 V,26.5 V,,,26.0 V,437 rpm,1847 rpm,1732 rpm,1542 rpm,929 rpm,1633 rpm,1765 rpm,,,1803 rpm
2026-09-06 11:00:00,26.6 V,26.6 V,26.6 V,26.7 V,27.1 V,26.7 V,26.5 V,,,26.0 V,1795 rpm,1730 rpm,1616 rpm,1761 rpm,968 rpm,1664 rpm,1600 rpm,,,1699 rpm
2026-09-06 13:00:00,26.6 V,26.7 V,26.6 V,26.8 V,26.0 V,26.5 V,26.5 V,,,26.1 V,1628 rpm,1426 rpm,1747 rpm,1394 rpm,2090 rpm,2122 rpm,1753 rpm,,,1568 rpm
2026-09-06 15:00:00,26.7 V,26.7 V,26.6 V,26.8 V,26.3 V,,25.8 V,,,26.1 V,1674 rpm,1744 rpm,1712 rpm,1740 rpm,797 rpm,,570 rpm,,,1807 rpm
2026-09-06 17:00:00,26.5 V,26.7 V,26.7 V,26.7 V,27.0 V,,26.6 V,,,26.2 V,1824 rpm,1427 rpm,1604 rpm,1678 rpm,790 rpm,,1669 rpm,,,1488 rpm
2026-09-06 19:00:00,26.9 V,26.7 V,26.7 V,26.7 V,,,26.7 V,,,26.1 V,995 rpm,1660 rpm,1687 rpm,1782 rpm,,,1689 rpm,,,1678 rpm
2026-09-06 21:00:00,26.7 V,26.7 V,26.7 V,26.7 V,26.9 V,25.1 V,26.7 V,,,26.1 V,1419 rpm,1740 rpm,1788 rpm,1843 rpm,1085 rpm,0 rpm,1809 rpm,,,1610 rpm
2026-09-06 23:00:00,26.6 V,26.7 V,26.7 V,26.9 V,,,26.7 V,,,26.0 V,1835 rpm,1650 rpm,1614 rpm,1574 rpm,,,1628 rpm,,,1782 rpm
2026-09-07 01:00:00,26.7 V,26.7 V,26.9 V,27.1 V,,,26.7 V,,,26.0 V,1747 rpm,1765 rpm,1659 rpm,1219 rpm,,,1665 rpm,,,1490 rpm
2026-09-07 03:00:00,26.8 V,26.7 V,26.9 V,26.9 V,,,26.7 V,,,26.1 V,1494 rpm,1828 rpm,1590 rpm,1708 rpm,,,1699 rpm,,,1811 rpm
2026-09-07 05:00:00,26.7 V,26.7 V,26.9 V,26.8 V,,,26.7 V,,,26.1 V,1742 rpm,1682 rpm,1690 rpm,1520 rpm,,,1766 rpm,,,1704 rpm
2026-09-07 07:00:00,26.6 V,26.7 V,26.8 V,26.8 V,,,26.7 V,,,26.1 V,1830 rpm,1750 rpm,1572 rpm,1692 rpm,,,1712 rpm,,,1782 rpm
2026-09-07 09:00:00,26.7 V,26.7 V,26.8 V,26.7 V,,,26.6 V,,,26.1 V,1587 rpm,1762 rpm,1647 rpm,1552 rpm,,,1791 rpm,,,1685 rpm
2026-09-07 11:00:00,26.6 V,26.7 V,26.7 V,26.7 V,,,26.6 V,,,26.1 V,1663 rpm,1765 rpm,1703 rpm,1663 rpm,,,1794 rpm,,,1577 rpm
2026-09-07 13:00:00,26.9 V,26.6 V,26.7 V,26.7 V,,,26.5 V,,,25.9 V,1704 rpm,1701 rpm,1679 rpm,1764 rpm,,,1792 rpm,,,1709 rpm
2026-09-07 15:00:00,26.8 V,26.6 V,26.6 V,26.7 V,27.1 V,,26.6 V,,,26.1 V,1691 rpm,1815 rpm,1711 rpm,1580 rpm,1186 rpm,,1608 rpm,,,1393 rpm
2026-09-07 17:00:00,26.7 V,26.7 V,26.7 V,26.9 V,27.1 V,26.9 V,26.7 V,,,26.4 V,1316 rpm,1605 rpm,1626 rpm,1507 rpm,1761 rpm,1532 rpm,1687 rpm,,,1161 rpm
2026-09-07 19:00:00,26.7 V,26.7 V,26.7 V,26.8 V,,27.0 V,26.6 V,,,26.2 V,1784 rpm,1479 rpm,1791 rpm,1829 rpm,,1521 rpm,1674 rpm,,,1683 rpm
2026-09-07 21:00:00,26.7 V,26.8 V,26.7 V,26.9 V,,26.9 V,26.7 V,,,26.2 V,1407 rpm,1609 rpm,1797 rpm,1803 rpm,,1525 rpm,1698 rpm,,,1643 rpm
2026-09-07 23:00:00,26.7 V,26.8 V,26.7 V,26.8 V,26.9 V,27.0 V,26.8 V,,,26.2 V,1536 rpm,1538 rpm,1755 rpm,1811 rpm,789 rpm,1794 rpm,1742 rpm,,,1641 rpm
2026-09-08 01:00:00,26.7 V,26.9 V,26.7 V,27.0 V,25.9 V,27.0 V,26.8 V,,,26.2 V,1607 rpm,903 rpm,1736 rpm,1474 rpm,354 rpm,1717 rpm,1536 rpm,,,1522 rpm
2026-09-08 03:00:00,26.6 V,26.8 V,26.7 V,26.9 V,26.6 V,27.0 V,26.9 V,,,26.3 V,1635 rpm,1841 rpm,1758 rpm,1712 rpm,773 rpm,1739 rpm,1640 rpm,,,1564 rpm
2026-09-08 05:00:00,26.4 V,26.9 V,26.8 V,26.3 V,,27.1 V,26.8 V,,,26.3 V,1165 rpm,1732 rpm,1772 rpm,1056 rpm,,1174 rpm,1675 rpm,,,1782 rpm
2026-09-08 07:00:00,25.1 V,26.8 V,26.8 V,26.9 V,,27.0 V,26.7 V,,,26.1 V,0 rpm,1803 rpm,1772 rpm,1468 rpm,,1713 rpm,1762 rpm,,,1765 rpm
2026-09-08 09:00:00,25.6 V,26.7 V,26.8 V,26.8 V,25.2 V,26.9 V,26.7 V,,,26.1 V,288 rpm,1783 rpm,1708 rpm,1784 rpm,0 rpm,1784 rpm,1819 rpm,,,1838 rpm
2026-09-08 11:00:00,26.8 V,26.7 V,26.7 V,26.8 V,26.6 V,26.9 V,26.7 V,,,26.1 V,1731 rpm,1820 rpm,1709 rpm,1537 rpm,792 rpm,1739 rpm,1835 rpm,,,1813 rpm
2026-09-08 13:00:00,26.7 V,26.8 V,26.7 V,26.8 V,26.6 V,26.9 V,26.6 V,,,26.0 V,1404 rpm,1839 rpm,1719 rpm,1615 rpm,1481 rpm,1587 rpm,1556 rpm,,,1843 rpm
2026-09-08 15:00:00,27.1 V,26.7 V,26.7 V,26.8 V,26.3 V,26.9 V,26.7 V,,,26.0 V,1275 rpm,1732 rpm,1768 rpm,1649 rpm,1095 rpm,1804 rpm,1438 rpm,,,1859 rpm
2026-09-08 17:00:00,,26.7 V,26.7 V,26.9 V,26.6 V,27.0 V,26.7 V,,,26.1 V,,1749 rpm,1692 rpm,1315 rpm,1564 rpm,1524 rpm,1599 rpm,,,1630 rpm
2026-09-08 19:00:00,,26.5 V,26.6 V,26.9 V,26.6 V,27.0 V,26.7 V,,,26.1 V,,1095 rpm,1783 rpm,1437 rpm,1404 rpm,1750 rpm,1762 rpm,,,1779 rpm
2026-09-08 21:00:00,26.7 V,26.6 V,26.7 V,26.9 V,26.5 V,27.0 V,26.7 V,,,26.1 V,773 rpm,1397 rpm,1772 rpm,1380 rpm,1572 rpm,1758 rpm,1744 rpm,,,1683 rpm
2026-09-08 23:00:00,,26.7 V,26.7 V,27.2 V,26.5 V,27.0 V,26.7 V,,,26.1 V,,1786 rpm,1713 rpm,1144 rpm,1648 rpm,1763 rpm,1725 rpm,,,1742 rpm
2026-09-09 01:00:00,26.8 V,26.8 V,26.8 V,27.0 V,26.5 V,27.1 V,26.8 V,,,26.1 V,1079 rpm,1783 rpm,1746 rpm,1385 rpm,1800 rpm,1707 rpm,1776 rpm,,,1460 rpm
2026-09-09 03:00:00,,26.8 V,26.8 V,27.1 V,26.7 V,27.1 V,26.7 V,,,26.3 V,,1623 rpm,1702 rpm,800 rpm,1736 rpm,1719 rpm,1830 rpm,,,1723 rpm
2026-09-09 05:00:00,,26.8 V,26.8 V,27.1 V,26.5 V,27.0 V,26.7 V,,,26.4 V,,1694 rpm,1687 rpm,1236 rpm,1716 rpm,1767 rpm,1767 rpm,,,1690 rpm
2026-09-09 07:00:00,,26.8 V,26.8 V,26.8 V,26.5 V,27.0 V,26.7 V,,,26.3 V,,1799 rpm,1671 rpm,1735 rpm,1827 rpm,1782 rpm,1817 rpm,,,1704 rpm
2026-09-09 09:00:00,25.0 V,26.7 V,,26.8 V,26.4 V,27.0 V,26.7 V,,,26.1 V,20.2 rpm,1727 rpm,,1637 rpm,1821 rpm,1791 rpm,1692 rpm,,,1799 rpm
2026-09-09 11:00:00,25.9 V,26.6 V,26.9 V,26.7 V,26.4 V,27.0 V,26.6 V,,,26.1 V,692 rpm,1766 rpm,1878 rpm,1405 rpm,1834 rpm,1804 rpm,1814 rpm,,,1777 rpm
2026-09-09 13:00:00,,26.6 V,26.6 V,26.8 V,26.2 V,26.8 V,26.6 V,,,26.1 V,,1824 rpm,1524 rpm,1682 rpm,1692 rpm,1512 rpm,1501 rpm,,,1757 rpm
2026-09-09 15:00:00,27.1 V,26.6 V,26.7 V,26.9 V,26.2 V,27.0 V,26.7 V,,,25.8 V,988 rpm,1801 rpm,1771 rpm,1658 rpm,902 rpm,1759 rpm,1660 rpm,,,1243 rpm
2026-09-09 17:00:00,,26.8 V,26.6 V,26.8 V,26.5 V,27.0 V,26.7 V,,,25.2 V,,1757 rpm,1631 rpm,1385 rpm,1719 rpm,1446 rpm,1553 rpm,,,90.3 rpm
2026-09-09 19:00:00,,26.8 V,26.7 V,26.9 V,26.5 V,27.0 V,26.7 V,,,,,1703 rpm,1748 rpm,1493 rpm,1796 rpm,1655 rpm,1688 rpm,,,
2026-09-09 21:00:00,26.3 V,26.7 V,26.7 V,26.9 V,26.4 V,27.0 V,26.7 V,,,25.5 V,627 rpm,1450 rpm,1767 rpm,1490 rpm,1745 rpm,1769 rpm,1713 rpm,,,282 rpm
2026-09-09 23:00:00,,27.1 V,26.7 V,27.0 V,26.7 V,26.9 V,26.8 V,,,,,820 rpm,1712 rpm,1347 rpm,1442 rpm,1710 rpm,1610 rpm,,,
2026-09-10 01:00:00,,26.9 V,26.9 V,27.0 V,26.8 V,27.0 V,27.0 V,,,25.5 V,,1789 rpm,1675 rpm,1814 rpm,1764 rpm,1778 rpm,1406 rpm,,,184 rpm
2026-09-10 03:00:00,,26.9 V,26.8 V,26.9 V,26.8 V,27.0 V,26.9 V,,,24.8 V,,1763 rpm,1746 rpm,1776 rpm,1777 rpm,1623 rpm,1750 rpm,,,0 rpm
2026-09-10 05:00:00,,26.8 V,26.9 V,26.8 V,26.7 V,27.0 V,26.8 V,,,,,1453 rpm,1705 rpm,1700 rpm,1776 rpm,1574 rpm,1670 rpm,,,
2026-09-10 07:00:00,,26.4 V,26.9 V,26.8 V,26.5 V,26.9 V,26.7 V,,,,,1264 rpm,1794 rpm,1791 rpm,1689 rpm,1781 rpm,1818 rpm,,,
2026-09-10 09:00:00,,,26.8 V,26.8 V,26.4 V,26.8 V,26.7 V,,,,,,1704 rpm,1800 rpm,1799 rpm,1589 rpm,1800 rpm,,,
2026-09-10 11:00:00,,26.5 V,26.8 V,26.7 V,26.3 V,26.9 V,26.6 V,,,,,804 rpm,1810 rpm,1674 rpm,1653 rpm,1781 rpm,1459 rpm,,,
2026-09-10 13:00:00,,24.8 V,26.7 V,26.7 V,26.4 V,26.9 V,,,,,,0 rpm,1687 rpm,1796 rpm,1292 rpm,1417 rpm,,,,

