"Time","I38 - G_1","I38 - G_2","I38 - G_3","I38 - G_4","I39 - G_1","I39 - G_2","I39 - G_3","I39 - G_4","I40 - G_1","I40 - G_2","I40 - G_3","I40 - G_4","I41 - G_1","I41 - G_2","I41 - G_3","I41 - G_4","I42 - G_1","I42 - G_2","I42 - G_3","I42 - G_4","I43 - G_1","I43 - G_2","I43 - G_3","I43 - G_4","I44 - G_1","I44 - G_2","I44 - G_3","I44 - G_4","I46 - G_1","I46 - G_2","I46 - G_3","I46 - G_4","I47 - G_1","I47 - G_2","I47 - G_3","I47 - G_4","I48 - G_1","I48 - G_2","I48 - G_3","I48 - G_4"
2026-06-12 13:00:00,Off,Off,Off,Off,Off,Off,Off,Off,Off,Off,Off,Off,Off,Off,Off,Off,Off,Off,Off,Off,Off,Off,Off,Off,Off,Off,Off,Off,,,,,Off,Off,Off,Off,,,,
2026-06-12 15:00:00,Off,Off,Off,Off,Off,Off,Off,Off,Off,Off,Off,Off,On,On,On,On,Off,Off,Off,Off,Off,Off,Off,Off,Off,Off,Off,Off,,,,,On,On,On,On,,,,
2026-06-12 17:00:00,On,On,On,On,Off,Off,Off,Off,Off,Off,Off,Off,On,On,On,On,Off,Off,Off,Off,Off,Off,Off,Off,Off,Off,Off,Off,,,,,,,,,,,,
2026-06-12 19:00:00,Off,Off,Off,Off,Off,Off,Off,Off,Off,Off,Off,Off,Off,Off,Off,Off,Off,Off,Off,Off,Off,Off,Off,Off,Off,Off,Off,Off,,,,,,,,,,,,
2026-06-12 21:00:00,On,On,On,On,Off,Off,Off,Off,Off,Off,Off,Off,Off,Off,Off,Off,Off,Off,Off,Off,Off,Off,Off,Off,Off,Off,Off,Off,,,,,On,On,On,On,,,,
2026-06-12 23:00:00,On,On,On,On,Off,Off,Off,Off,Off,Off,Off,Off,Off,Off,Off,Off,Off,Off,Off,Off,Off,Off,Off,Off,Off,Off,Off,Off,,,,,,,,,,,,
2026-06-13 01:00:00,Off,Off,Off,Off,Off,Off,Off,Off,Off,Off,Off,Off,Off,Off,Off,Off,Off,Off,Off,Off,Off,Off,Off,Off,Off,Off,Off,Off,,,,,,,,,,,,
2026-06-13 03:00:00,Off,Off,Off,Off,Off,Off,Off,Off,Off,Off,Off,Off,Off,Off,Off,Off,Off,Off,Off,Off,Off,Off,Off,Off,Off,Off,Off,Off,,,,,,,,,,,,
2026-06-13 05:00:00,On,On,On,On,Off,Off,Off,Off,Off,Off,Off,Off,Off,Off,Off,Off,On,On,On,On,Off,Off,Off,Off,Off,Off,Off,Off,,,,,,,,,,,,
2026-06-13 07:00:00,Off,Off,Off,Off,Off,Off,Off,Off,Off,Off,Off,Off,Off,Off,Off,Off,Off,Off,Off,Off,Off,Off,Off,Off,Off,Off,Off,Off,,,,,,,,,,,,
2026-06-13 09:00:00,Off,Off,Off,Off,Off,Off,Off,Off,Off,Off,Off,Off,Off,Off,Off,Off,Off,Off,Off,Off,Off,Off,Off,Off,Off,Off,Off,Off,,,,,,,,,,,,
2026-06-13 11:00:00,Off,Off,Off,Off,Off,Off,Off,Off,Off,Off,Off,Off,Off,Off,Off,Off,Off,Off,Off,Off,On,On,On,On,On,On,On,On,,,,,,,,,,,,
2026-06-13 13:00:00,Off,Off,Off,Off,Off,Off,Off,Off,On,On,On,On,On,On,On,On,On,On,On,On,Off,Off,Off,Off,Off,Off,Off,Off,,,,,,,,,,,,
2026-06-13 15:00:00,Off,Off,Off,Off,Off,Off,Off,Off,Off,Off,Off,Off,Off,Off,Off,Off,Off,Off,Off,Off,Off,Off,Off,Off,Off,Off,Off,Off,Off,Off,Off,Off,,,,,,,,
2026-06-13 17:00:00,On,On,On,On,Off,Off,Off,Off,Off,Off,Off,Off,Off,Off,Off,Off,On,On,On,On,Off,Off,Off,Off,Off,Off,Off,Off,On,On,On,On,,,,,,,,
2026-06-13 19:00:00,Off,Off,Off,Off,Off,Off,Off,Off,Off,Off,Off,Off,Off,Off,Off,Off,On,On,On,On,Off,Off,Off,Off,Off,Off,Off,Off,Off,Off,Off,Off,,,,,,,,
2026-06-13 21:00:00,Off,Off,Off,Off,Off,Off,Off,Off,Off,Off,Off,Off,Off,Off,Off,Off,On,On,On,On,Off,Off,Off,Off,Off,Off,Off,Off,,,,,,,,,,,,
2026-06-13 23:00:00,On,On,On,On,Off,Off,Off,Off,Off,Off,Off,Off,Off,Off,Off,Off,Off,Off,Off,Off,Off,Off,Off,Off,Off,Off,Off,Off,,,,,On,On,On,On,,,,
2026-06-14 01:00:00,Off,Off,Off,Off,On,On,On,On,Off,Off,Off,Off,Off,Off,Off,Off,Off,Off,Off,Off,Off,Off,Off,Off,Off,Off,Off,Off,,,,,,,,,,,,
2026-06-14 03:00:00,Off,Off,Off,Off,Off,Off,Off,Off,Off,Off,Off,Off,Off,Off,Off,Off,Off,Off,Off,Off,Off,Off,Off,Off,Off,Off,Off,Off,,,,,On,On,On,On,,,,
2026-06-14 05:00:00,On,On,On,On,Off,Off,Off,Off,Off,Off,Off,Off,Off,Off,Off,Off,Off,Off,Off,Off,Off,Off,Off,Off,Off,Off,Off,Off,,,,,On,On,On,On,,,,
2026-06-14 07:00:00,Off,Off,Off,Off,Off,Off,Off,Off,Off,Off,Off,Off,Off,Off,Off,Off,Off,Off,Off,Off,Off,Off,Off,Off,Off,Off,Off,Off,,,,,Off,Off,Off,Off,,,,
2026-06-14 09:00:00,Off,Off,Off,Off,Off,Off,Off,Off,On,On,On,On,Off,Off,Off,Off,Off,Off,Off,Off,Off,Off,Off,Off,On,On,On,On,,,,,Off,Off,Off,Off,,,,
2026-06-14 11:00:00,Off,Off,Off,Off,Off,Off,Off,Off,On,On,On,On,Off,Off,Off,Off,Off,Off,Off,Off,Off,Off,Off,Off,Off,Off,Off,Off,,,,,Off,Off,Off,Off,,,,
2026-06-14 13:00:00,Off,Off,Off,Off,Off,Off,Off,Off,Off,Off,Off,Off,On,On,On,On,On,On,On,On,On,On,On,On,Off,Off,Off,Off,,,,,Off,Off,Off,Off,,,,
2026-06-14 15:00:00,Off,Off,Off,Off,Off,Off,Off,Off,Off,Off,Off,Off,Off,Off,Off,Off,On,On,On,On,Off,Off,Off,Off,Off,Off,Off,Off,,,,,On,On,On,On,,,,
2026-06-14 17:00:00,On,On,On,On,Off,Off,Off,Off,Off,Off,Off,Off,Off,Off,Off,Off,Off,Off,Off,Off,Off,Off,Off,Off,Off,Off,Off,Off,,,,,Off,Off,Off,Off,,,,
2026-06-14 19:00:00,Off,Off,Off,Off,Off,Off,Off,Off,Off,Off,Off,Off,Off,Off,Off,Off,Off,Off,Off,Off,Off,Off,Off,Off,Off,Off,Off,Off,,,,,Off,Off,Off,Off,,,,
2026-06-14 21:00:00,Off,Off,Off,Off,On,On,On,On,Off,Off,Off,Off,Off,Off,Off,Off,Off,Off,Off,Off,Off,Off,Off,Off,Off,Off,Off,Off,,,,,Off,Off,Off,Off,,,,
2026-06-14 23:00:00,On,On,On,On,Off,Off,Off,Off,Off,Off,Off,Off,Off,Off,Off,Off,Off,Off,Off,Off,Off,Off,Off,Off,Off,Off,Off,Off,,,,,Off,Off,Off,Off,,,,
2026-06-15 01:00:00,On,On,On,On,Off,Off,Off,Off,Off,Off,Off,Off,Off,Off,Off,Off,Off,Off,Off,Off,Off,Off,Off,Off,Off,Off,Off,Off,,,,,Off,Off,Off,Off,,,,
2026-06-15 03:00:00,Off,Off,Off,Off,Off,Off,Off,Off,Off,Off,Off,Off,Off,Off,Off,Off,Off,Off,Off,Off,Off,Off,Off,Off,Off,Off,Off,Off,,,,,Off,Off,Off,Off,,,,
2026-06-15 05:00:00,On,On,On,On,Off,Off,Off,Off,Off,Off,Off,Off,Off,Off,Off,Off,Off,Off,Off,Off,Off,Off,Off,Off,Off,Off,Off,Off,,,,,Off,Off,Off,Off,,,,
2026-06-15 07:00:00,Off,Off,Off,Off,Off,Off,Off,Off,Off,Off,Off,Off,Off,Off,Off,Off,Off,Off,Off,Off,Off,Off,Off,Off,On,On,On,On,,,,,Off,Off,Off,Off,,,,
2026-06-15 09:00:00,Off,Off,Off,Off,Off,Off,Off,Off,Off,Off,Off,Off,On,On,On,On,Off,Off,Off,Off,Off,Off,Off,Off,On,On,On,On,,,,,Off,Off,Off,Off,,,,
2026-06-15 11:00:00,Off,Off,Off,Off,On,On,On,On,On,On,On,On,On,On,On,On,Off,Off,Off,Off,Off,Off,Off,Off,On,On,On,On,,,,,Off,Off,Off,Off,,,,
2026-06-15 13:00:00,Off,Off,Off,Off,Off,Off,Off,Off,Off,Off,Off,Off,On,On,On,On,Off,Off,Off,Off,On,On,On,On,Off,Off,Off,Off,,,,,On,On,On,On,,,,
2026-06-15 15:00:00,Off,Off,Off,Off,Off,Off,Off,Off,Off,Off,Off,Off,Off,Off,Off,Off,On,On,On,On,Off,Off,Off,Off,Off,Off,Off,Off,,,,,,,,,,,,
2026-06-15 17:00:00,On,On,On,On,Off,Off,Off,Off,Off,Off,Off,Off,Off,Off,Off,Off,Off,Off,Off,Off,Off,Off,Off,Off,Off,Off,Off,Off,,,,,On,On,On,On,,,,
2026-06-15 19:00:00,Off,Off,Off,Off,Off,Off,Off,Off,Off,Off,Off,Off,On,On,On,On,Off,Off,Off,Off,Off,Off,Off,Off,Off,Off,Off,Off,,,,,Off,Off,Off,Off,,,,
2026-06-15 21:00:00,Off,Off,Off,Off,Off,Off,Off,Off,Off,Off,Off,Off,On,On,On,On,Off,Off,Off,Off,Off,Off,Off,Off,Off,Off,Off,Off,,,,,Off,Off,Off,Off,,,,
2026-06-15 23:00:00,Off,Off,Off,Off,Off,Off,Off,Off,Off,Off,Off,Off,,,,,Off,Off,Off,Off,Off,Off,Off,Off,Off,Off,Off,Off,,,,,Off,Off,Off,Off,,,,
2026-06-16 01:00:00,On,On,On,On,Off,Off,Off,Off,Off,Off,Off,Off,On,On,On,On,Off,Off,Off,Off,Off,Off,Off,Off,Off,Off,Off,Off,,,,,Off,Off,Off,Off,,,,
2026-06-16 03:00:00,Off,Off,Off,Off,Off,Off,Off,Off,Off,Off,Off,Off,,,,,Off,Off,Off,Off,Off,Off,Off,Off,Off,Off,Off,Off,,,,,Off,Off,Off,Off,,,,
2026-06-16 05:00:00,On,On,On,On,Off,Off,Off,Off,Off,Off,Off,Off,,,,,Off,Off,Off,Off,Off,Off,Off,Off,On,On,On,On,,,,,Off,Off,Off,Off,,,,
2026-06-16 07:00:00,Off,Off,Off,Off,Off,Off,Off,Off,Off,Off,Off,Off,,,,,Off,Off,Off,Off,Off,Off,Off,Off,Off,Off,Off,Off,,,,,Off,Off,Off,Off,,,,
2026-06-16 09:00:00,Off,Off,Off,Off,Off,Off,Off,Off,On,On,On,On,,,,,Off,Off,Off,Off,Off,Off,Off,Off,Off,Off,Off,Off,,,,,On,On,On,On,,,,
2026-06-16 11:00:00,Off,Off,Off,Off,Off,Off,Off,Off,Off,Off,Off,Off,,,,,On,On,On,On,Off,Off,Off,Off,Off,Off,Off,Off,,,,,Off,Off,Off,Off,,,,
2026-06-16 13:00:00,Off,Off,Off,Off,On,On,On,On,Off,Off,Off,Off,,,,,Off,Off,Off,Off,On,On,On,On,Off,Off,Off,Off,,,,,Off,Off,Off,Off,,,,
2026-06-16 15:00:00,Off,Off,Off,Off,Off,Off,Off,Off,Off,Off,Off,Off,,,,,On,On,On,On,Off,Off,Off,Off,On,On,On,On,,,,,Off,Off,Off,Off,,,,
2026-06-16 17:00:00,On,On,On,On,Off,Off,Off,Off,Off,Off,Off,Off,,,,,,,,,Off,Off,Off,Off,Off,Off,Off,Off,,,,,Off,Off,Off,Off,,,,
2026-06-16 19:00:00,Off,Off,Off,Off,Off,Off,Off,Off,Off,Off,Off,Off,,,,,,,,,Off,Off,Off,Off,Off,Off,Off,Off,,,,,Off,Off,Off,Off,,,,
2026-06-16 21:00:00,Off,Off,Off,Off,Off,Off,Off,Off,Off,Off,Off,Off,,,,,Off,Off,Off,Off,Off,Off,Off,Off,Off,Off,Off,Off,,,,,Off,Off,Off,Off,,,,
2026-06-16 23:00:00,Off,Off,Off,Off,Off,Off,Off,Off,Off,Off,Off,Off,,,,,Off,Off,Off,Off,Off,Off,Off,Off,Off,Off,Off,Off,,,,,Off,Off,Off,Off,,,,
2026-06-17 01:00:00,On,On,On,On,Off,Off,Off,Off,On,On,On,On,,,,,Off,Off,Off,Off,Off,Off,Off,Off,Off,Off,Off,Off,,,,,Off,Off,Off,Off,,,,
2026-06-17 03:00:00,,,,,Off,Off,Off,Off,Off,Off,Off,Off,,,,,Off,Off,Off,Off,Off,Off,Off,Off,Off,Off,Off,Off,,,,,Off,Off,Off,Off,,,,
2026-06-17 05:00:00,,,,,Off,Off,Off,Off,Off,Off,Off,Off,,,,,Off,Off,Off,Off,Off,Off,Off,Off,Off,Off,Off,Off,,,,,Off,Off,Off,Off,,,,
2026-06-17 07:00:00,On,On,On,On,Off,Off,Off,Off,On,On,On,On,,,,,Off,Off,Off,Off,Off,Off,Off,Off,Off,Off,Off,Off,,,,,Off,Off,Off,Off,,,,
2026-06-17 09:00:00,On,On,On,On,Off,Off,Off,Off,Off,Off,Off,Off,,,,,Off,Off,Off,Off,Off,Off,Off,Off,Off,Off,Off,Off,,,,,On,On,On,On,,,,
2026-06-17 11:00:00,,,,,Off,Off,Off,Off,Off,Off,Off,Off,,,,,On,On,On,On,Off,Off,Off,Off,On,On,On,On,,,,,Off,Off,Off,Off,,,,
2026-06-17 13:00:00,,,,,Off,Off,Off,Off,Off,Off,Off,Off,,,,,,,,,On,On,On,On,On,On,On,On,,,,,Off,Off,Off,Off,,,,
2026-06-17 15:00:00,,,,,Off,Off,Off,Off,Off,Off,Off,Off,Off,Off,Off,Off,Off,Off,Off,Off,Off,Off,Off,Off,Off,Off,Off,Off,,,,,Off,Off,Off,Off,,,,
2026-06-17 17:00:00,,,,,Off,Off,Off,Off,Off,Off,Off,Off,Off,Off,Off,Off,On,On,On,On,Off,Off,Off,Off,Off,Off,Off,Off,,,,,On,On,On,On,,,,
2026-06-17 19:00:00,,,,,Off,Off,Off,Off,Off,Off,Off,Off,On,On,On,On,Off,Off,Off,Off,Off,Off,Off,Off,Off,Off,Off,Off,,,,,Off,Off,Off,Off,,,,
2026-06-17 21:00:00,,,,,Off,Off,Off,Off,Off,Off,Off,Off,On,On,On,On,Off,Off,Off,Off,Off,Off,Off,Off,Off,Off,Off,Off,,,,,Off,Off,Off,Off,,,,
2026-06-17 23:00:00,,,,,Off,Off,Off,Off,Off,Off,Off,Off,On,On,On,On,Off,Off,Off,Off,On,On,On,On,Off,Off,Off,Off,,,,,Off,Off,Off,Off,,,,
2026-06-18 01:00:00,,,,,On,On,On,On,On,On,On,On,Off,Off,Off,Off,Off,Off,Off,Off,Off,Off,Off,Off,Off,Off,Off,Off,,,,,Off,Off,Off,Off,,,,
2026-06-18 03:00:00,,,,,,,,,Off,Off,Off,Off,Off,Off,Off,Off,Off,Off,Off,Off,Off,Off,Off,Off,Off,Off,Off,Off,,,,,On,On,On,On,,,,
2026-06-18 05:00:00,,,,,Off,Off,Off,Off,Off,Off,Off,Off,Off,Off,Off,Off,On,On,On,On,Off,Off,Off,Off,Off,Off,Off,Off,,,,,On,On,On,On,,,,
2026-06-18 07:00:00,,,,,Off,Off,Off,Off,Off,Off,Off,Off,Off,Off,Off,Off,Off,Off,Off,Off,Off,Off,Off,Off,Off,Off,Off,Off,,,,,Off,Off,Off,Off,,,,
2026-06-18 09:00:00,,,,,Off,Off,Off,Off,On,On,On,On,Off,Off,Off,Off,Off,Off,Off,Off,Off,Off,Off,Off,Off,Off,Off,Off,,,,,On,On,On,On,,,,
2026-06-18 11:00:00,,,,,Off,Off,Off,Off,Off,Off,Off,Off,Off,Off,Off,Off,On,On,On,On,On,On,On,On,Off,Off,Off,Off,,,,,On,On,On,On,,,,
2026-06-18 13:00:00,,,,,Off,Off,Off,Off,On,On,On,On,On,On,On,On,On,On,On,On,Off,Off,Off,Off,On,On,On,On,,,,,Off,Off,Off,Off,,,,
2026-06-18 15:00:00,Off,Off,Off,Off,Off,Off,Off,Off,Off,Off,Off,Off,On,On,On,On,Off,Off,Off,Off,Off,Off,Off,Off,On,On,On,On,,,,,Off,Off,Off,Off,,,,
2026-06-18 17:00:00,On,On,On,On,Off,Off,Off,Off,Off,Off,Off,Off,On,On,On,On,On,On,On,On,Off,Off,Off,Off,Off,Off,Off,Off,,,,,Off,Off,Off,Off,,,,
2026-06-18 19:00:00,Off,Off,Off,Off,Off,Off,Off,Off,Off,Off,Off,Off,Off,Off,Off,Off,Off,Off,Off,Off,Off,Off,Off,Off,Off,Off,Off,Off,,,,,Off,Off,Off,Off,,,,
2026-06-18 21:00:00,Off,Off,Off,Off,Off,Off,Off,Off,Off,Off,Off,Off,Off,Off,Off,Off,Off,Off,Off,Off,Off,Off,Off,Off,Off,Off,Off,Off,,,,,Off,Off,Off,Off,,,,
2026-06-18 23:00:00,Off,Off,Off,Off,Off,Off,Off,Off,Off,Off,Off,Off,Off,Off,Off,Off,Off,Off,Off,Off,Off,Off,Off,Off,Off,Off,Off,Off,,,,,Off,Off,Off,Off,,,,
2026-06-19 01:00:00,On,On,On,On,Off,Off,Off,Off,Off,Off,Off,Off,On,On,On,On,Off,Off,Off,Off,Off,Off,Off,Off,Off,Off,Off,Off,,,,,Off,Off,Off,Off,,,,
2026-06-19 03:00:00,Off,Off,Off,Off,Off,Off,Off,Off,Off,Off,Off,Off,,,,,Off,Off,Off,Off,Off,Off,Off,Off,Off,Off,Off,Off,,,,,Off,Off,Off,Off,,,,
2026-06-19 05:00:00,Off,Off,Off,Off,Off,Off,Off,Off,Off,Off,Off,Off,Off,Off,Off,Off,Off,Off,Off,Off,Off,Off,Off,Off,Off,Off,Off,Off,,,,,Off,Off,Off,Off,,,,
2026-06-19 07:00:00,Off,Off,Off,Off,Off,Off,Off,Off,On,On,On,On,Off,Off,Off,Off,Off,Off,Off,Off,Off,Off,Off,Off,Off,Off,Off,Off,,,,,Off,Off,Off,Off,,,,
2026-06-19 09:00:00,Off,Off,Off,Off,On,On,On,On,Off,Off,Off,Off,On,On,On,On,Off,Off,Off,Off,Off,Off,Off,Off,Off,Off,Off,Off,,,,,Off,Off,Off,Off,,,,
2026-06-19 11:00:00,Off,Off,Off,Off,Off,Off,Off,Off,On,On,On,On,Off,Off,Off,Off,Off,Off,Off,Off,On,On,On,On,Off,Off,Off,Off,,,,,Off,Off,Off,Off,,,,
2026-06-19 13:00:00,Off,Off,Off,Off,Off,Off,Off,Off,Off,Off,Off,Off,Off,Off,Off,Off,On,On,On,On,Off,Off,Off,Off,On,On,On,On,,,,,Off,Off,Off,Off,,,,
2026-06-19 15:00:00,Off,Off,Off,Off,Off,Off,Off,Off,Off,Off,Off,Off,Off,Off,Off,Off,Off,Off,Off,Off,Off,Off,Off,Off,On,On,On,On,,,,,Off,Off,Off,Off,,,,
2026-06-19 17:00:00,On,On,On,On,Off,Off,Off,Off,Off,Off,Off,Off,On,On,On,On,On,On,On,On,Off,Off,Off,Off,Off,Off,Off,Off,,,,,Off,Off,Off,Off,,,,
2026-06-19 19:00:00,Off,Off,Off,Off,Off,Off,Off,Off,Off,Off,Off,Off,Off,Off,Off,Off,Off,Off,Off,Off,Off,Off,Off,Off,Off,Off,Off,Off,,,,,On,On,On,On,,,,
2026-06-19 21:00:00,Off,Off,Off,Off,Off,Off,Off,Off,Off,Off,Off,Off,Off,Off,Off,Off,Off,Off,Off,Off,Off,Off,Off,Off,Off,Off,Off,Off,,,,,Off,Off,Off,Off,,,,
2026-06-19 23:00:00,On,On,On,On,Off,Off,Off,Off,Off,Off,Off,Off,Off,Off,Off,Off,On,On,On,On,Off,Off,Off,Off,Off,Off,Off,Off,,,,,Off,Off,Off,Off,,,,
2026-06-20 01:00:00,Off,Off,Off,Off,Off,Off,Off,Off,Off,Off,Off,Off,Off,Off,Off,Off,,,,,Off,Off,Off,Off,Off,Off,Off,Off,,,,,Off,Off,Off,Off,,,,
2026-06-20 03:00:00,Off,Off,Off,Off,Off,Off,Off,Off,Off,Off,Off,Off,Off,Off,Off,Off,,,,,Off,Off,Off,Off,Off,Off,Off,Off,,,,,Off,Off,Off,Off,,,,
2026-06-20 05:00:00,On,On,On,On,Off,Off,Off,Off,Off,Off,Off,Off,On,On,On,On,,,,,Off,Off,Off,Off,Off,Off,Off,Off,,,,,On,On,On,On,,,,
2026-06-20 07:00:00,Off,Off,Off,Off,Off,Off,Off,Off,On,On,On,On,Off,Off,Off,Off,,,,,Off,Off,Off,Off,Off,Off,Off,Off,,,,,Off,Off,Off,Off,,,,
2026-06-20 09:00:00,On,On,On,On,Off,Off,Off,Off,Off,Off,Off,Off,Off,Off,Off,Off,On,On,On,On,Off,Off,Off,Off,Off,Off,Off,Off,,,,,On,On,On,On,,,,
2026-06-20 11:00:00,Off,Off,Off,Off,Off,Off,Off,Off,Off,Off,Off,Off,On,On,On,On,On,On,On,On,Off,Off,Off,Off,On,On,On,On,,,,,Off,Off,Off,Off,,,,
2026-06-20 13:00:00,Off,Off,Off,Off,Off,Off,Off,Off,Off,Off,Off,Off,,,,,,,,,On,On,On,On,Off,Off,Off,Off,,,,,Off,Off,Off,Off,,,,
2026-06-20 15:00:00,Off,Off,Off,Off,Off,Off,Off,Off,Off,Off,Off,Off,Off,Off,Off,Off,,,,,Off,Off,Off,Off,On,On,On,On,,,,,Off,Off,Off,Off,,,,
2026-06-20 17:00:00,On,On,On,On,Off,Off,Off,Off,Off,Off,Off,Off,Off,Off,Off,Off,,,,,Off,Off,Off,Off,Off,Off,Off,Off,,,,,Off,Off,Off,Off,,,,
2026-06-20 19:00:00,On,On,On,On,Off,Off,Off,Off,Off,Off,Off,Off,Off,Off,Off,Off,,,,,Off,Off,Off,Off,Off,Off,Off,Off,,,,,Off,Off,Off,Off,,,,
2026-06-20 21:00:00,Off,Off,Off,Off,Off,Off,Off,Off,Off,Off,Off,Off,Off,Off,Off,Off,,,,,Off,Off,Off,Off,Off,Off,Off,Off,,,,,Off,Off,Off,Off,,,,
2026-06-20 23:00:00,Off,Off,Off,Off,Off,Off,Off,Off,Off,Off,Off,Off,Off,Off,Off,Off,,,,,Off,Off,Off,Off,Off,Off,Off,Off,,,,,Off,Off,Off,Off,,,,
2026-06-21 01:00:00,Off,Off,Off,Off,Off,Off,Off,Off,Off,Off,Off,Off,Off,Off,Off,Off,,,,,Off,Off,Off,Off,Off,Off,Off,Off,,,,,Off,Off,Off,Off,,,,
2026-06-21 03:00:00,Off,Off,Off,Off,Off,Off,Off,Off,Off,Off,Off,Off,Off,Off,Off,Off,,,,,Off,Off,Off,Off,Off,Off,Off,Off,,,,,Off,Off,Off,Off,,,,
2026-06-21 05:00:00,Off,Off,Off,Off,Off,Off,Off,Off,Off,Off,Off,Off,Off,Off,Off,Off,,,,,Off,Off,Off,Off,Off,Off,Off,Off,,,,,Off,Off,Off,Off,,,,
2026-06-21 07:00:00,Off,Off,Off,Off,Off,Off,Off,Off,Off,Off,Off,Off,Off,Off,Off,Off,,,,,Off,Off,Off,Off,Off,Off,Off,Off,,,,,Off,Off,Off,Off,,,,
2026-06-21 09:00:00,Off,Off,Off,Off,Off,Off,Off,Off,On,On,On,On,Off,Off,Off,Off,,,,,On,On,On,On,On,On,On,On,,,,,Off,Off,Off,Off,,,,
2026-06-21 11:00:00,On,On,On,On,On,On,On,On,On,On,On,On,On,On,On,On,,,,,On,On,On,On,,,,,,,,,On,On,On,On,,,,
2026-06-21 13:00:00,Off,Off,Off,Off,Off,Off,Off,Off,,,,,,,,,,,,,,,,,,,,,,,,,Off,Off,Off,Off,,,,
2026-06-21 15:00:00,Off,Off,Off,Off,Off,Off,Off,Off,,,,,On,On,On,On,,,,,,,,,,,,,,,,,,,,,,,,
2026-06-21 17:00:00,On,On,On,On,Off,Off,Off,Off,Off,Off,Off,Off,Off,Off,Off,Off,,,,,Off,Off,Off,Off,Off,Off,Off,Off,,,,,On,On,On,On,,,,
2026-06-21 19:00:00,Off,Off,Off,Off,Off,Off,Off,Off,Off,Off,Off,Off,Off,Off,Off,Off,,,,,Off,Off,Off,Off,Off,Off,Off,Off,,,,,Off,Off,Off,Off,,,,
2026-06-21 21:00:00,Off,Off,Off,Off,Off,Off,Off,Off,Off,Off,Off,Off,Off,Off,Off,Off,,,,,Off,Off,Off,Off,Off,Off,Off,Off,,,,,Off,Off,Off,Off,,,,
2026-06-21 23:00:00,Off,Off,Off,Off,Off,Off,Off,Off,Off,Off,Off,Off,Off,Off,Off,Off,On,On,On,On,Off,Off,Off,Off,Off,Off,Off,Off,,,,,Off,Off,Off,Off,,,,
2026-06-22 01:00:00,On,On,On,On,Off,Off,Off,Off,Off,Off,Off,Off,Off,Off,Off,Off,On,On,On,On,Off,Off,Off,Off,Off,Off,Off,Off,,,,,Off,Off,Off,Off,,,,
2026-06-22 03:00:00,On,On,On,On,On,On,On,On,Off,Off,Off,Off,Off,Off,Off,Off,Off,Off,Off,Off,Off,Off,Off,Off,On,On,On,On,,,,,Off,Off,Off,Off,,,,
2026-06-22 05:00:00,On,On,On,On,Off,Off,Off,Off,Off,Off,Off,Off,Off,Off,Off,Off,On,On,On,On,Off,Off,Off,Off,Off,Off,Off,Off,,,,,On,On,On,On,,,,
2026-06-22 07:00:00,Off,Off,Off,Off,Off,Off,Off,Off,Off,Off,Off,Off,Off,Off,Off,Off,Off,Off,Off,Off,On,On,On,On,Off,Off,Off,Off,,,,,Off,Off,Off,Off,,,,
2026-06-22 09:00:00,Off,Off,Off,Off,Off,Off,Off,Off,On,On,On,On,Off,Off,Off,Off,On,On,On,On,On,On,On,On,Off,Off,Off,Off,,,,,On,On,On,On,,,,
2026-06-22 11:00:00,Off,Off,Off,Off,Off,Off,Off,Off,Off,Off,Off,Off,Off,Off,Off,Off,Off,Off,Off,Off,On,On,On,On,Off,Off,Off,Off,,,,,Off,Off,Off,Off,,,,
2026-06-22 13:00:00,Off,Off,Off,Off,On,On,On,On,Off,Off,Off,Off,On,On,On,On,On,On,On,On,,,,,On,On,On,On,,,,,On,On,On,On,,,,
2026-06-22 15:00:00,Off,Off,Off,Off,Off,Off,Off,Off,Off,Off,Off,Off,Off,Off,Off,Off,Off,Off,Off,Off,,,,,On,On,On,On,,,,,Off,Off,Off,Off,,,,
2026-06-22 17:00:00,Off,Off,Off,Off,Off,Off,Off,Off,Off,Off,Off,Off,Off,Off,Off,Off,Off,Off,Off,Off,,,,,Off,Off,Off,Off,,,,,Off,Off,Off,Off,,,,
2026-06-22 19:00:00,Off,Off,Off,Off,Off,Off,Off,Off,Off,Off,Off,Off,Off,Off,Off,Off,Off,Off,Off,Off,,,,,Off,Off,Off,Off,,,,,Off,Off,Off,Off,,,,
2026-06-22 21:00:00,Off,Off,Off,Off,Off,Off,Off,Off,Off,Off,Off,Off,Off,Off,Off,Off,Off,Off,Off,Off,On,On,On,On,Off,Off,Off,Off,,,,,Off,Off,Off,Off,,,,
2026-06-22 23:00:00,Off,Off,Off,Off,Off,Off,Off,Off,Off,Off,Off,Off,Off,Off,Off,Off,Off,Off,Off,Off,,,,,Off,Off,Off,Off,,,,,Off,Off,Off,Off,,,,
2026-06-23 01:00:00,On,On,On,On,Off,Off,Off,Off,Off,Off,Off,Off,Off,Off,Off,Off,Off,Off,Off,Off,,,,,Off,Off,Off,Off,,,,,On,On,On,On,,,,
2026-06-23 03:00:00,Off,Off,Off,Off,Off,Off,Off,Off,Off,Off,Off,Off,Off,Off,Off,Off,Off,Off,Off,Off,,,,,Off,Off,Off,Off,,,,,Off,Off,Off,Off,,,,
2026-06-23 05:00:00,On,On,On,On,Off,Off,Off,Off,Off,Off,Off,Off,Off,Off,Off,Off,Off,Off,Off,Off,,,,,Off,Off,Off,Off,,,,,Off,Off,Off,Off,,,,
2026-06-23 07:00:00,Off,Off,Off,Off,,,,,On,On,On,On,Off,Off,Off,Off,Off,Off,Off,Off,,,,,Off,Off,Off,Off,,,,,Off,Off,Off,Off,,,,
2026-06-23 09:00:00,Off,Off,Off,Off,Off,Off,Off,Off,Off,Off,Off,Off,Off,Off,Off,Off,Off,Off,Off,Off,,,,,Off,Off,Off,Off,,,,,On,On,On,On,,,,
2026-06-23 11:00:00,Off,Off,Off,Off,,,,,On,On,On,On,Off,Off,Off,Off,Off,Off,Off,Off,Off,Off,Off,Off,On,On,On,On,,,,,On,On,On,On,,,,
2026-06-23 13:00:00,On,On,On,On,,,,,Off,Off,Off,Off,On,On,On,On,Off,Off,Off,Off,,,,,Off,Off,Off,Off,,,,,On,On,On,On,,,,
2026-06-23 15:00:00,Off,Off,Off,Off,On,On,On,On,Off,Off,Off,Off,Off,Off,Off,Off,On,On,On,On,On,On,On,On,On,On,On,On,,,,,Off,Off,Off,Off,,,,
2026-06-23 17:00:00,On,On,On,On,,,,,Off,Off,Off,Off,Off,Off,Off,Off,Off,Off,Off,Off,,,,,Off,Off,Off,Off,,,,,Off,Off,Off,Off,,,,
2026-06-23 19:00:00,Off,Off,Off,Off,,,,,Off,Off,Off,Off,Off,Off,Off,Off,Off,Off,Off,Off,,,,,On,On,On,On,,,,,Off,Off,Off,Off,,,,
2026-06-23 21:00:00,Off,Off,Off,Off,,,,,Off,Off,Off,Off,Off,Off,Off,Off,Off,Off,Off,Off,,,,,Off,Off,Off,Off,,,,,Off,Off,Off,Off,,,,
2026-06-23 23:00:00,Off,Off,Off,Off,Off,Off,Off,Off,Off,Off,Off,Off,Off,Off,Off,Off,Off,Off,Off,Off,On,On,On,On,Off,Off,Off,Off,,,,,Off,Off,Off,Off,,,,
2026-06-24 01:00:00,On,On,On,On,On,On,On,On,Off,Off,Off,Off,Off,Off,Off,Off,Off,Off,Off,Off,,,,,Off,Off,Off,Off,,,,,Off,Off,Off,Off,,,,
2026-06-24 03:00:00,On,On,On,On,,,,,Off,Off,Off,Off,Off,Off,Off,Off,Off,Off,Off,Off,,,,,On,On,On,On,,,,,Off,Off,Off,Off,,,,
2026-06-24 05:00:00,Off,Off,Off,Off,,,,,Off,Off,Off,Off,Off,Off,Off,Off,Off,Off,Off,Off,,,,,,,,,,,,,Off,Off,Off,Off,,,,
2026-06-24 07:00:00,Off,Off,Off,Off,,,,,On,On,On,On,Off,Off,Off,Off,Off,Off,Off,Off,,,,,,,,,,,,,Off,Off,Off,Off,,,,
2026-06-24 09:00:00,Off,Off,Off,Off,,,,,Off,Off,Off,Off,Off,Off,Off,Off,Off,Off,Off,Off,,,,,,,,,,,,,On,On,On,On,,,,
2026-06-24 11:00:00,Off,Off,Off,Off,,,,,Off,Off,Off,Off,Off,Off,Off,Off,On,On,On,On,On,On,On,On,On,On,On,On,,,,,Off,Off,Off,Off,,,,
2026-06-24 13:00:00,On,On,On,On,,,,,Off,Off,Off,Off,Off,Off,Off,Off,Off,Off,Off,Off,Off,Off,Off,Off,,,,,,,,,Off,Off,Off,Off,,,,
2026-06-24 15:00:00,Off,Off,Off,Off,Off,Off,Off,Off,Off,Off,Off,Off,Off,Off,Off,Off,Off,Off,Off,Off,Off,Off,Off,Off,,,,,,,,,Off,Off,Off,Off,,,,
2026-06-24 17:00:00,On,On,On,On,On,On,On,On,Off,Off,Off,Off,On,On,On,On,On,On,On,On,Off,Off,Off,Off,,,,,,,,,Off,Off,Off,Off,,,,
2026-06-24 19:00:00,Off,Off,Off,Off,,,,,Off,Off,Off,Off,Off,Off,Off,Off,Off,Off,Off,Off,Off,Off,Off,Off,,,,,,,,,Off,Off,Off,Off,,,,
2026-06-24 21:00:00,Off,Off,Off,Off,On,On,On,On,Off,Off,Off,Off,Off,Off,Off,Off,Off,Off,Off,Off,Off,Off,Off,Off,,,,,,,,,Off,Off,Off,Off,,,,
2026-06-24 23:00:00,On,On,On,On,On,On,On,On,Off,Off,Off,Off,Off,Off,Off,Off,Off,Off,Off,Off,Off,Off,Off,Off,,,,,,,,,Off,Off,Off,Off,,,,
2026-06-25 01:00:00,On,On,On,On,,,,,Off,Off,Off,Off,Off,Off,Off,Off,Off,Off,Off,Off,Off,Off,Off,Off,,,,,,,,,Off,Off,Off,Off,,,,
2026-06-25 03:00:00,Off,Off,Off,Off,On,On,On,On,Off,Off,Off,Off,Off,Off,Off,Off,On,On,On,On,Off,Off,Off,Off,,,,,,,,,Off,Off,Off,Off,,,,
2026-06-25 05:00:00,On,On,On,On,,,,,Off,Off,Off,Off,Off,Off,Off,Off,Off,Off,Off,Off,Off,Off,Off,Off,,,,,,,,,Off,Off,Off,Off,,,,
2026-06-25 07:00:00,Off,Off,Off,Off,On,On,On,On,Off,Off,Off,Off,Off,Off,Off,Off,Off,Off,Off,Off,Off,Off,Off,Off,,,,,,,,,Off,Off,Off,Off,,,,
2026-06-25 09:00:00,Off,Off,Off,Off,,,,,On,On,On,On,Off,Off,Off,Off,Off,Off,Off,Off,On,On,On,On,,,,,,,,,Off,Off,Off,Off,,,,
2026-06-25 11:00:00,Off,Off,Off,Off,,,,,Off,Off,Off,Off,Off,Off,Off,Off,Off,Off,Off,Off,On,On,On,On,On,On,On,On,,,,,On,On,On,On,,,,
2026-06-25 13:00:00,Off,Off,Off,Off,,,,,Off,Off,Off,Off,Off,Off,Off,Off,On,On,On,On,Off,Off,Off,Off,On,On,On,On,,,,,Off,Off,Off,Off,,,,
2026-06-25 15:00:00,Off,Off,Off,Off,On,On,On,On,Off,Off,Off,Off,On,On,On,On,Off,Off,Off,Off,Off,Off,Off,Off,Off,Off,Off,Off,,,,,Off,Off,Off,Off,,,,
2026-06-25 17:00:00,On,On,On,On,On,On,On,On,Off,Off,Off,Off,Off,Off,Off,Off,Off,Off,Off,Off,Off,Off,Off,Off,Off,Off,Off,Off,,,,,Off,Off,Off,Off,,,,
2026-06-25 19:00:00,Off,Off,Off,Off,,,,,Off,Off,Off,Off,On,On,On,On,Off,Off,Off,Off,Off,Off,Off,Off,Off,Off,Off,Off,,,,,Off,Off,Off,Off,,,,
2026-06-25 21:00:00,Off,Off,Off,Off,,,,,On,On,On,On,Off,Off,Off,Off,Off,Off,Off,Off,Off,Off,Off,Off,Off,Off,Off,Off,,,,,Off,Off,Off,Off,,,,
2026-06-25 23:00:00,On,On,On,On,,,,,On,On,On,On,Off,Off,Off,Off,Off,Off,Off,Off,Off,Off,Off,Off,Off,Off,Off,Off,,,,,Off,Off,Off,Off,,,,
2026-06-26 01:00:00,Off,Off,Off,Off,On,On,On,On,,,,,On,On,On,On,Off,Off,Off,Off,On,On,On,On,Off,Off,Off,Off,,,,,Off,Off,Off,Off,,,,
2026-06-26 03:00:00,Off,Off,Off,Off,,,,,On,On,On,On,Off,Off,Off,Off,Off,Off,Off,Off,Off,Off,Off,Off,Off,Off,Off,Off,,,,,Off,Off,Off,Off,,,,
2026-06-26 05:00:00,On,On,On,On,,,,,,,,,Off,Off,Off,Off,Off,Off,Off,Off,Off,Off,Off,Off,Off,Off,Off,Off,,,,,Off,Off,Off,Off,,,,
2026-06-26 07:00:00,Off,Off,Off,Off,,,,,,,,,Off,Off,Off,Off,Off,Off,Off,Off,Off,Off,Off,Off,Off,Off,Off,Off,,,,,Off,Off,Off,Off,,,,
2026-06-26 09:00:00,Off,Off,Off,Off,,,,,,,,,Off,Off,Off,Off,Off,Off,Off,Off,Off,Off,Off,Off,Off,Off,Off,Off,,,,,On,On,On,On,,,,
2026-06-26 11:00:00,Off,Off,Off,Off,,,,,,,,,On,On,On,On,Off,Off,Off,Off,Off,Off,Off,Off,Off,Off,Off,Off,,,,,Off,Off,Off,Off,,,,
2026-06-26 13:00:00,Off,Off,Off,Off,Off,Off,Off,Off,,,,,Off,Off,Off,Off,Off,Off,Off,Off,On,On,On,On,On,On,On,On,,,,,Off,Off,Off,Off,,,,
2026-06-26 15:00:00,Off,Off,Off,Off,On,On,On,On,,,,,On,On,On,On,On,On,On,On,Off,Off,Off,Off,Off,Off,Off,Off,,,,,Off,Off,Off,Off,,,,
2026-06-26 17:00:00,On,On,On,On,On,On,On,On,,,,,Off,Off,Off,Off,Off,Off,Off,Off,Off,Off,Off,Off,Off,Off,Off,Off,,,,,Off,Off,Off,Off,,,,
2026-06-26 19:00:00,Off,Off,Off,Off,On,On,On,On,,,,,Off,Off,Off,Off,Off,Off,Off,Off,Off,Off,Off,Off,Off,Off,Off,Off,,,,,On,On,On,On,,,,
2026-06-26 21:00:00,Off,Off,Off,Off,On,On,On,On,,,,,Off,Off,Off,Off,Off,Off,Off,Off,Off,Off,Off,Off,Off,Off,Off,Off,,,,,,,,,,,,
2026-06-26 23:00:00,On,On,On,On,On,On,On,On,On,On,On,On,Off,Off,Off,Off,Off,Off,Off,Off,Off,Off,Off,Off,Off,Off,Off,Off,,,,,Off,Off,Off,Off,,,,
2026-06-27 01:00:00,On,On,On,On,On,On,On,On,,,,,Off,Off,Off,Off,Off,Off,Off,Off,On,On,On,On,On,On,On,On,,,,,Off,Off,Off,Off,,,,
2026-06-27 03:00:00,Off,Off,Off,Off,,,,,,,,,Off,Off,Off,Off,Off,Off,Off,Off,Off,Off,Off,Off,Off,Off,Off,Off,,,,,Off,Off,Off,Off,,,,
2026-06-27 05:00:00,On,On,On,On,,,,,,,,,Off,Off,Off,Off,Off,Off,Off,Off,Off,Off,Off,Off,Off,Off,Off,Off,,,,,Off,Off,Off,Off,,,,
2026-06-27 07:00:00,Off,Off,Off,Off,,,,,,,,,Off,Off,Off,Off,Off,Off,Off,Off,Off,Off,Off,Off,Off,Off,Off,Off,,,,,Off,Off,Off,Off,,,,
2026-06-27 09:00:00,Off,Off,Off,Off,,,,,,,,,Off,Off,Off,Off,Off,Off,Off,Off,Off,Off,Off,Off,Off,Off,Off,Off,,,,,On,On,On,On,,,,
2026-06-27 11:00:00,Off,Off,Off,Off,,,,,,,,,Off,Off,Off,Off,On,On,On,On,Off,Off,Off,Off,Off,Off,Off,Off,,,,,Off,Off,Off,Off,,,,
2026-06-27 13:00:00,Off,Off,Off,Off,,,,,On,On,On,On,On,On,On,On,On,On,On,On,Off,Off,Off,Off,On,On,On,On,,,,,Off,Off,Off,Off,,,,
2026-06-27 15:00:00,Off,Off,Off,Off,,,,,On,On,On,On,Off,Off,Off,Off,Off,Off,Off,Off,Off,Off,Off,Off,On,On,On,On,,,,,Off,Off,Off,Off,,,,
2026-06-27 17:00:00,On,On,On,On,,,,,Off,Off,Off,Off,Off,Off,Off,Off,Off,Off,Off,Off,Off,Off,Off,Off,Off,Off,Off,Off,,,,,Off,Off,Off,Off,,,,
2026-06-27 19:00:00,Off,Off,Off,Off,,,,,Off,Off,Off,Off,Off,Off,Off,Off,Off,Off,Off,Off,Off,Off,Off,Off,Off,Off,Off,Off,,,,,Off,Off,Off,Off,,,,
2026-06-27 21:00:00,Off,Off,Off,Off,,,,,Off,Off,Off,Off,Off,Off,Off,Off,Off,Off,Off,Off,Off,Off,Off,Off,Off,Off,Off,Off,,,,,Off,Off,Off,Off,,,,
2026-06-27 23:00:00,On,On,On,On,,,,,Off,Off,Off,Off,Off,Off,Off,Off,Off,Off,Off,Off,Off,Off,Off,Off,Off,Off,Off,Off,,,,,Off,Off,Off,Off,,,,
2026-06-28 01:00:00,On,On,On,On,,,,,On,On,On,On,Off,Off,Off,Off,Off,Off,Off,Off,Off,Off,Off,Off,Off,Off,Off,Off,,,,,Off,Off,Off,Off,,,,
2026-06-28 03:00:00,Off,Off,Off,Off,,,,,Off,Off,Off,Off,Off,Off,Off,Off,Off,Off,Off,Off,Off,Off,Off,Off,Off,Off,Off,Off,,,,,Off,Off,Off,Off,,,,
2026-06-28 05:00:00,On,On,On,On,,,,,Off,Off,Off,Off,Off,Off,Off,Off,Off,Off,Off,Off,Off,Off,Off,Off,Off,Off,Off,Off,,,,,Off,Off,Off,Off,,,,
2026-06-28 07:00:00,Off,Off,Off,Off,,,,,On,On,On,On,On,On,On,On,Off,Off,Off,Off,Off,Off,Off,Off,Off,Off,Off,Off,,,,,Off,Off,Off,Off,,,,
2026-06-28 09:00:00,On,On,On,On,,,,,Off,Off,Off,Off,On,On,On,On,Off,Off,Off,Off,Off,Off,Off,Off,Off,Off,Off,Off,,,,,Off,Off,Off,Off,,,,
2026-06-28 11:00:00,Off,Off,Off,Off,,,,,Off,Off,Off,Off,,,,,On,On,On,On,On,On,On,On,Off,Off,Off,Off,,,,,On,On,On,On,,,,
2026-06-28 13:00:00,On,On,On,On,,,,,Off,Off,Off,Off,On,On,On,On,Off,Off,Off,Off,Off,Off,Off,Off,Off,Off,Off,Off,,,,,Off,Off,Off,Off,,,,
2026-06-28 15:00:00,Off,Off,Off,Off,,,,,Off,Off,Off,Off,Off,Off,Off,Off,On,On,On,On,Off,Off,Off,Off,On,On,On,On,,,,,Off,Off,Off,Off,,,,
2026-06-28 17:00:00,On,On,On,On,,,,,Off,Off,Off,Off,Off,Off,Off,Off,Off,Off,Off,Off,Off,Off,Off,Off,Off,Off,Off,Off,,,,,Off,Off,Off,Off,,,,
2026-06-28 19:00:00,Off,Off,Off,Off,,,,,Off,Off,Off,Off,Off,Off,Off,Off,Off,Off,Off,Off,Off,Off,Off,Off,Off,Off,Off,Off,,,,,Off,Off,Off,Off,,,,
2026-06-28 21:00:00,Off,Off,Off,Off,,,,,Off,Off,Off,Off,Off,Off,Off,Off,Off,Off,Off,Off,Off,Off,Off,Off,Off,Off,Off,Off,,,,,Off,Off,Off,Off,,,,
2026-06-28 23:00:00,Off,Off,Off,Off,,,,,Off,Off,Off,Off,Off,Off,Off,Off,Off,Off,Off,Off,Off,Off,Off,Off,Off,Off,Off,Off,,,,,Off,Off,Off,Off,,,,
2026-06-29 01:00:00,On,On,On,On,,,,,Off,Off,Off,Off,Off,Off,Off,Off,Off,Off,Off,Off,Off,Off,Off,Off,Off,Off,Off,Off,,,,,Off,Off,Off,Off,,,,
2026-06-29 03:00:00,On,On,On,On,,,,,Off,Off,Off,Off,Off,Off,Off,Off,Off,Off,Off,Off,Off,Off,Off,Off,On,On,On,On,,,,,On,On,On,On,,,,
2026-06-29 05:00:00,On,On,On,On,,,,,On,On,On,On,Off,Off,Off,Off,Off,Off,Off,Off,Off,Off,Off,Off,Off,Off,Off,Off,,,,,Off,Off,Off,Off,,,,
2026-06-29 07:00:00,On,On,On,On,,,,,On,On,On,On,Off,Off,Off,Off,Off,Off,Off,Off,Off,Off,Off,Off,On,On,On,On,,,,,On,On,On,On,,,,
2026-06-29 09:00:00,Off,Off,Off,Off,,,,,Off,Off,Off,Off,On,On,On,On,Off,Off,Off,Off,Off,Off,Off,Off,Off,Off,Off,Off,,,,,Off,Off,Off,Off,,,,
2026-06-29 11:00:00,Off,Off,Off,Off,,,,,Off,Off,Off,Off,Off,Off,Off,Off,Off,Off,Off,Off,Off,Off,Off,Off,Off,Off,Off,Off,,,,,On,On,On,On,,,,
2026-06-29 13:00:00,Off,Off,Off,Off,,,,,Off,Off,Off,Off,On,On,On,On,Off,Off,Off,Off,Off,Off,Off,Off,On,On,On,On,,,,,Off,Off,Off,Off,,,,
2026-06-29 15:00:00,Off,Off,Off,Off,,,,,Off,Off,Off,Off,Off,Off,Off,Off,Off,Off,Off,Off,On,On,On,On,Off,Off,Off,Off,,,,,Off,Off,Off,Off,,,,
2026-06-29 17:00:00,On,On,On,On,,,,,Off,Off,Off,Off,Off,Off,Off,Off,On,On,On,On,Off,Off,Off,Off,Off,Off,Off,Off,,,,,Off,Off,Off,Off,,,,
2026-06-29 19:00:00,Off,Off,Off,Off,,,,,Off,Off,Off,Off,Off,Off,Off,Off,Off,Off,Off,Off,Off,Off,Off,Off,Off,Off,Off,Off,,,,,Off,Off,Off,Off,,,,
2026-06-29 21:00:00,Off,Off,Off,Off,,,,,Off,Off,Off,Off,Off,Off,Off,Off,Off,Off,Off,Off,Off,Off,Off,Off,Off,Off,Off,Off,,,,,Off,Off,Off,Off,,,,
2026-06-29 23:00:00,Off,Off,Off,Off,,,,,Off,Off,Off,Off,Off,Off,Off,Off,Off,Off,Off,Off,Off,Off,Off,Off,On,On,On,On,,,,,Off,Off,Off,Off,,,,
2026-06-30 01:00:00,On,On,On,On,,,,,Off,Off,Off,Off,Off,Off,Off,Off,Off,Off,Off,Off,On,On,On,On,Off,Off,Off,Off,,,,,Off,Off,Off,Off,,,,
2026-06-30 03:00:00,Off,Off,Off,Off,,,,,Off,Off,Off,Off,Off,Off,Off,Off,Off,Off,Off,Off,Off,Off,Off,Off,On,On,On,On,,,,,Off,Off,Off,Off,,,,
2026-06-30 05:00:00,On,On,On,On,,,,,Off,Off,Off,Off,Off,Off,Off,Off,Off,Off,Off,Off,Off,Off,Off,Off,Off,Off,Off,Off,,,,,Off,Off,Off,Off,,,,
2026-06-30 07:00:00,Off,Off,Off,Off,,,,,Off,Off,Off,Off,Off,Off,Off,Off,Off,Off,Off,Off,Off,Off,Off,Off,Off,Off,Off,Off,,,,,Off,Off,Off,Off,,,,
2026-06-30 09:00:00,Off,Off,Off,Off,,,,,On,On,On,On,On,On,On,On,Off,Off,Off,Off,Off,Off,Off,Off,Off,Off,Off,Off,,,,,Off,Off,Off,Off,,,,
2026-06-30 11:00:00,Off,Off,Off,Off,,,,,Off,Off,Off,Off,Off,Off,Off,Off,Off,Off,Off,Off,On,On,On,On,On,On,On,On,,,,,On,On,On,On,,,,
2026-06-30 13:00:00,Off,Off,Off,Off,,,,,Off,Off,Off,Off,Off,Off,Off,Off,On,On,On,On,Off,Off,Off,Off,On,On,On,On,,,,,Off,Off,Off,Off,,,,
2026-06-30 15:00:00,Off,Off,Off,Off,,,,,Off,Off,Off,Off,Off,Off,Off,Off,Off,Off,Off,Off,Off,Off,Off,Off,Off,Off,Off,Off,,,,,Off,Off,Off,Off,,,,
2026-06-30 17:00:00,On,On,On,On,,,,,Off,Off,Off,Off,Off,Off,Off,Off,Off,Off,Off,Off,Off,Off,Off,Off,Off,Off,Off,Off,,,,,Off,Off,Off,Off,,,,
2026-06-30 19:00:00,Off,Off,Off,Off,,,,,Off,Off,Off,Off,Off,Off,Off,Off,Off,Off,Off,Off,Off,Off,Off,Off,Off,Off,Off,Off,,,,,Off,Off,Off,Off,,,,
2026-06-30 21:00:00,Off,Off,Off,Off,,,,,Off,Off,Off,Off,Off,Off,Off,Off,Off,Off,Off,Off,Off,Off,Off,Off,Off,Off,Off,Off,,,,,Off,Off,Off,Off,,,,
2026-06-30 23:00:00,Off,Off,Off,Off,,,,,Off,Off,Off,Off,Off,Off,Off,Off,Off,Off,Off,Off,Off,Off,Off,Off,Off,Off,Off,Off,,,,,On,On,On,On,,,,
2026-07-01 01:00:00,On,On,On,On,,,,,Off,Off,Off,Off,Off,Off,Off,Off,Off,Off,Off,Off,Off,Off,Off,Off,Off,Off,Off,Off,,,,,,,,,,,,
2026-07-01 03:00:00,Off,Off,Off,Off,,,,,Off,Off,Off,Off,Off,Off,Off,Off,Off,Off,Off,Off,Off,Off,Off,Off,Off,Off,Off,Off,,,,,,,,,,,,
2026-07-01 05:00:00,On,On,On,On,,,,,Off,Off,Off,Off,Off,Off,Off,Off,Off,Off,Off,Off,Off,Off,Off,Off,Off,Off,Off,Off,,,,,,,,,,,,
2026-07-01 07:00:00,Off,Off,Off,Off,,,,,On,On,On,On,Off,Off,Off,Off,On,On,On,On,Off,Off,Off,Off,Off,Off,Off,Off,,,,,,,,,,,,
2026-07-01 09:00:00,Off,Off,Off,Off,,,,,Off,Off,Off,Off,Off,Off,Off,Off,On,On,On,On,Off,Off,Off,Off,Off,Off,Off,Off,,,,,,,,,,,,
2026-07-01 11:00:00,Off,Off,Off,Off,,,,,Off,Off,Off,Off,Off,Off,Off,Off,Off,Off,Off,Off,Off,Off,Off,Off,Off,Off,Off,Off,,,,,On,On,On,On,,,,
2026-07-01 13:00:00,Off,Off,Off,Off,,,,,On,On,On,On,On,On,On,On,Off,Off,Off,Off,On,On,On,On,Off,Off,Off,Off,,,,,,,,,,,,
2026-07-01 15:00:00,Off,Off,Off,Off,,,,,Off,Off,Off,Off,On,On,On,On,Off,Off,Off,Off,Off,Off,Off,Off,Off,Off,Off,Off,,,,,,,,,,,,
2026-07-01 17:00:00,On,On,On,On,,,,,Off,Off,Off,Off,Off,Off,Off,Off,Off,Off,Off,Off,Off,Off,Off,Off,Off,Off,Off,Off,,,,,,,,,,,,
2026-07-01 19:00:00,Off,Off,Off,Off,,,,,Off,Off,Off,Off,Off,Off,Off,Off,Off,Off,Off,Off,Off,Off,Off,Off,Off,Off,Off,Off,,,,,On,On,On,On,,,,
2026-07-01 21:00:00,Off,Off,Off,Off,,,,,Off,Off,Off,Off,Off,Off,Off,Off,Off,Off,Off,Off,Off,Off,Off,Off,Off,Off,Off,Off,,,,,,,,,,,,
2026-07-01 23:00:00,Off,Off,Off,Off,,,,,Off,Off,Off,Off,Off,Off,Off,Off,Off,Off,Off,Off,Off,Off,Off,Off,Off,Off,Off,Off,,,,,,,,,,,,
2026-07-02 01:00:00,On,On,On,On,,,,,Off,Off,Off,Off,Off,Off,Off,Off,Off,Off,Off,Off,Off,Off,Off,Off,Off,Off,Off,Off,,,,,,,,,,,,
2026-07-02 03:00:00,Off,Off,Off,Off,,,,,Off,Off,Off,Off,Off,Off,Off,Off,On,On,On,On,Off,Off,Off,Off,Off,Off,Off,Off,,,,,,,,,,,,
2026-07-02 05:00:00,On,On,On,On,,,,,Off,Off,Off,Off,Off,Off,Off,Off,Off,Off,Off,Off,Off,Off,Off,Off,Off,Off,Off,Off,,,,,,,,,,,,
2026-07-02 07:00:00,Off,Off,Off,Off,,,,,Off,Off,Off,Off,Off,Off,Off,Off,Off,Off,Off,Off,Off,Off,Off,Off,Off,Off,Off,Off,,,,,,,,,,,,
2026-07-02 09:00:00,Off,Off,Off,Off,,,,,On,On,On,On,Off,Off,Off,Off,Off,Off,Off,Off,Off,Off,Off,Off,Off,Off,Off,Off,,,,,,,,,,,,
2026-07-02 11:00:00,Off,Off,Off,Off,,,,,Off,Off,Off,Off,Off,Off,Off,Off,Off,Off,Off,Off,On,On,On,On,Off,Off,Off,Off,,,,,,,,,,,,
2026-07-02 13:00:00,Off,Off,Off,Off,,,,,Off,Off,Off,Off,Off,Off,Off,Off,Off,Off,Off,Off,Off,Off,Off,Off,On,On,On,On,,,,,,,,,,,,
2026-07-02 15:00:00,Off,Off,Off,Off,,,,,On,On,On,On,Off,Off,Off,Off,On,On,On,On,Off,Off,Off,Off,On,On,On,On,,,,,,,,,,,,
2026-07-02 17:00:00,On,On,On,On,,,,,Off,Off,Off,Off,Off,Off,Off,Off,Off,Off,Off,Off,Off,Off,Off,Off,Off,Off,Off,Off,,,,,,,,,,,,
2026-07-02 19:00:00,Off,Off,Off,Off,,,,,Off,Off,Off,Off,Off,Off,Off,Off,Off,Off,Off,Off,Off,Off,Off,Off,Off,Off,Off,Off,,,,,,,,,,,,
2026-07-02 21:00:00,Off,Off,Off,Off,,,,,Off,Off,Off,Off,On,On,On,On,Off,Off,Off,Off,Off,Off,Off,Off,Off,Off,Off,Off,,,,,,,,,,,,
2026-07-02 23:00:00,Off,Off,Off,Off,,,,,Off,Off,Off,Off,,,,,Off,Off,Off,Off,Off,Off,Off,Off,Off,Off,Off,Off,,,,,,,,,,,,
2026-07-03 01:00:00,On,On,On,On,,,,,On,On,On,On,,,,,Off,Off,Off,Off,Off,Off,Off,Off,Off,Off,Off,Off,,,,,,,,,,,,
2026-07-03 03:00:00,Off,Off,Off,Off,,,,,Off,Off,Off,Off,Off,Off,Off,Off,Off,Off,Off,Off,Off,Off,Off,Off,Off,Off,Off,Off,,,,,,,,,,,,
2026-07-03 05:00:00,On,On,On,On,,,,,Off,Off,Off,Off,Off,Off,Off,Off,Off,Off,Off,Off,Off,Off,Off,Off,Off,Off,Off,Off,,,,,,,,,,,,
2026-07-03 07:00:00,Off,Off,Off,Off,,,,,Off,Off,Off,Off,Off,Off,Off,Off,Off,Off,Off,Off,Off,Off,Off,Off,Off,Off,Off,Off,,,,,,,,,,,,
2026-07-03 09:00:00,Off,Off,Off,Off,,,,,Off,Off,Off,Off,Off,Off,Off,Off,Off,Off,Off,Off,Off,Off,Off,Off,Off,Off,Off,Off,,,,,,,,,,,,
2026-07-03 11:00:00,Off,Off,Off,Off,,,,,Off,Off,Off,Off,Off,Off,Off,Off,Off,Off,Off,Off,On,On,On,On,Off,Off,Off,Off,,,,,,,,,,,,
2026-07-03 13:00:00,Off,Off,Off,Off,,,,,Off,Off,Off,Off,On,On,On,On,On,On,On,On,Off,Off,Off,Off,On,On,On,On,,,,,,,,,,,,
2026-07-03 15:00:00,Off,Off,Off,Off,,,,,Off,Off,Off,Off,On,On,On,On,Off,Off,Off,Off,Off,Off,Off,Off,Off,Off,Off,Off,,,,,,,,,,,,
2026-07-03 17:00:00,On,On,On,On,,,,,Off,Off,Off,Off,Off,Off,Off,Off,Off,Off,Off,Off,Off,Off,Off,Off,Off,Off,Off,Off,,,,,,,,,,,,
2026-07-03 19:00:00,On,On,On,On,,,,,Off,Off,Off,Off,On,On,On,On,Off,Off,Off,Off,Off,Off,Off,Off,Off,Off,Off,Off,,,,,,,,,,,,
2026-07-03 21:00:00,On,On,On,On,,,,,Off,Off,Off,Off,Off,Off,Off,Off,Off,Off,Off,Off,Off,Off,Off,Off,Off,Off,Off,Off,,,,,,,,,,,,
2026-07-03 23:00:00,Off,Off,Off,Off,,,,,Off,Off,Off,Off,Off,Off,Off,Off,Off,Off,Off,Off,Off,Off,Off,Off,Off,Off,Off,Off,,,,,,,,,,,,
2026-07-04 01:00:00,On,On,On,On,,,,,Off,Off,Off,Off,Off,Off,Off,Off,Off,Off,Off,Off,Off,Off,Off,Off,Off,Off,Off,Off,,,,,,,,,,,,
2026-07-04 03:00:00,,,,,,,,,Off,Off,Off,Off,Off,Off,Off,Off,Off,Off,Off,Off,Off,Off,Off,Off,Off,Off,Off,Off,,,,,,,,,,,,
2026-07-04 05:00:00,,,,,,,,,Off,Off,Off,Off,Off,Off,Off,Off,Off,Off,Off,Off,Off,Off,Off,Off,Off,Off,Off,Off,,,,,,,,,,,,
2026-07-04 07:00:00,,,,,,,,,On,On,On,On,Off,Off,Off,Off,Off,Off,Off,Off,Off,Off,Off,Off,Off,Off,Off,Off,,,,,,,,,,,,
2026-07-04 09:00:00,Off,Off,Off,Off,,,,,On,On,On,On,Off,Off,Off,Off,Off,Off,Off,Off,Off,Off,Off,Off,Off,Off,Off,Off,,,,,,,,,,,,
2026-07-04 11:00:00,Off,Off,Off,Off,,,,,Off,Off,Off,Off,Off,Off,Off,Off,Off,Off,Off,Off,Off,Off,Off,Off,Off,Off,Off,Off,,,,,,,,,,,,
2026-07-04 13:00:00,Off,Off,Off,Off,,,,,Off,Off,Off,Off,On,On,On,On,Off,Off,Off,Off,On,On,On,On,Off,Off,Off,Off,,,,,,,,,,,,
2026-07-04 15:00:00,Off,Off,Off,Off,,,,,Off,Off,Off,Off,Off,Off,Off,Off,On,On,On,On,Off,Off,Off,Off,On,On,On,On,,,,,,,,,,,,
2026-07-04 17:00:00,On,On,On,On,,,,,Off,Off,Off,Off,Off,Off,Off,Off,Off,Off,Off,Off,Off,Off,Off,Off,Off,Off,Off,Off,,,,,,,,,,,,
2026-07-04 19:00:00,Off,Off,Off,Off,,,,,Off,Off,Off,Off,Off,Off,Off,Off,Off,Off,Off,Off,On,On,On,On,Off,Off,Off,Off,,,,,,,,,,,,
2026-07-04 21:00:00,Off,Off,Off,Off,,,,,Off,Off,Off,Off,Off,Off,Off,Off,Off,Off,Off,Off,Off,Off,Off,Off,Off,Off,Off,Off,,,,,,,,,,,,
2026-07-04 23:00:00,Off,Off,Off,Off,,,,,Off,Off,Off,Off,On,On,On,On,Off,Off,Off,Off,On,On,On,On,Off,Off,Off,Off,,,,,On,On,On,On,,,,
2026-07-05 01:00:00,On,On,On,On,,,,,Off,Off,Off,Off,Off,Off,Off,Off,Off,Off,Off,Off,Off,Off,Off,Off,Off,Off,Off,Off,,,,,,,,,,,,
2026-07-05 03:00:00,Off,Off,Off,Off,,,,,Off,Off,Off,Off,Off,Off,Off,Off,Off,Off,Off,Off,Off,Off,Off,Off,Off,Off,Off,Off,,,,,,,,,,,,
2026-07-05 05:00:00,On,On,On,On,,,,,Off,Off,Off,Off,Off,Off,Off,Off,Off,Off,Off,Off,Off,Off,Off,Off,Off,Off,Off,Off,,,,,,,,,,,,
2026-07-05 07:00:00,Off,Off,Off,Off,,,,,On,On,On,On,Off,Off,Off,Off,Off,Off,Off,Off,Off,Off,Off,Off,Off,Off,Off,Off,,,,,,,,,,,,
2026-07-05 09:00:00,Off,Off,Off,Off,,,,,Off,Off,Off,Off,Off,Off,Off,Off,Off,Off,Off,Off,Off,Off,Off,Off,Off,Off,Off,Off,,,,,,,,,,,,
2026-07-05 11:00:00,On,On,On,On,,,,,Off,Off,Off,Off,Off,Off,Off,Off,Off,Off,Off,Off,Off,Off,Off,Off,Off,Off,Off,Off,,,,,,,,,,,,
2026-07-05 13:00:00,Off,Off,Off,Off,,,,,Off,Off,Off,Off,Off,Off,Off,Off,On,On,On,On,On,On,On,On,Off,Off,Off,Off,,,,,,,,,,,,
2026-07-05 15:00:00,Off,Off,Off,Off,,,,,Off,Off,Off,Off,Off,Off,Off,Off,Off,Off,Off,Off,Off,Off,Off,Off,On,On,On,On,,,,,,,,,,,,
2026-07-05 17:00:00,On,On,On,On,,,,,Off,Off,Off,Off,Off,Off,Off,Off,Off,Off,Off,Off,Off,Off,Off,Off,Off,Off,Off,Off,,,,,,,,,,,,
2026-07-05 19:00:00,Off,Off,Off,Off,,,,,Off,Off,Off,Off,Off,Off,Off,Off,Off,Off,Off,Off,Off,Off,Off,Off,Off,Off,Off,Off,,,,,,,,,,,,
2026-07-05 21:00:00,Off,Off,Off,Off,,,,,Off,Off,Off,Off,Off,Off,Off,Off,Off,Off,Off,Off,Off,Off,Off,Off,Off,Off,Off,Off,,,,,,,,,,,,
2026-07-05 23:00:00,On,On,On,On,,,,,Off,Off,Off,Off,Off,Off,Off,Off,Off,Off,Off,Off,Off,Off,Off,Off,Off,Off,Off,Off,,,,,,,,,,,,
2026-07-06 01:00:00,Off,Off,Off,Off,,,,,Off,Off,Off,Off,Off,Off,Off,Off,Off,Off,Off,Off,Off,Off,Off,Off,Off,Off,Off,Off,,,,,,,,,,,,
2026-07-06 03:00:00,Off,Off,Off,Off,,,,,Off,Off,Off,Off,Off,Off,Off,Off,Off,Off,Off,Off,Off,Off,Off,Off,Off,Off,Off,Off,,,,,,,,,,,,
2026-07-06 05:00:00,On,On,On,On,,,,,Off,Off,Off,Off,Off,Off,Off,Off,Off,Off,Off,Off,Off,Off,Off,Off,Off,Off,Off,Off,,,,,,,,,,,,
2026-07-06 07:00:00,Off,Off,Off,Off,,,,,On,On,On,On,Off,Off,Off,Off,Off,Off,Off,Off,Off,Off,Off,Off,Off,Off,Off,Off,,,,,,,,,,,,
2026-07-06 09:00:00,Off,Off,Off,Off,,,,,Off,Off,Off,Off,Off,Off,Off,Off,Off,Off,Off,Off,Off,Off,Off,Off,Off,Off,Off,Off,,,,,,,,,,,,
2026-07-06 11:00:00,Off,Off,Off,Off,,,,,Off,Off,Off,Off,On,On,On,On,Off,Off,Off,Off,Off,Off,Off,Off,On,On,On,On,,,,,On,On,On,On,,,,
2026-07-06 13:00:00,Off,Off,Off,Off,,,,,Off,Off,Off,Off,Off,Off,Off,Off,On,On,On,On,On,On,On,On,On,On,On,On,,,,,Off,Off,Off,Off,,,,
2026-07-06 15:00:00,Off,Off,Off,Off,,,,,On,On,On,On,On,On,On,On,On,On,On,On,Off,Off,Off,Off,Off,Off,Off,Off,,,,,Off,Off,Off,Off,,,,
2026-07-06 17:00:00,Off,Off,Off,Off,,,,,Off,Off,Off,Off,Off,Off,Off,Off,On,On,On,On,Off,Off,Off,Off,Off,Off,Off,Off,,,,,,,,,,,,
2026-07-06 19:00:00,Off,Off,Off,Off,,,,,Off,Off,Off,Off,Off,Off,Off,Off,Off,Off,Off,Off,Off,Off,Off,Off,Off,Off,Off,Off,,,,,,,,,,,,
2026-07-06 21:00:00,Off,Off,Off,Off,,,,,Off,Off,Off,Off,Off,Off,Off,Off,Off,Off,Off,Off,Off,Off,Off,Off,Off,Off,Off,Off,,,,,,,,,,,,
2026-07-06 23:00:00,On,On,On,On,,,,,Off,Off,Off,Off,Off,Off,Off,Off,Off,Off,Off,Off,Off,Off,Off,Off,Off,Off,Off,Off,,,,,,,,,,,,
2026-07-07 01:00:00,Off,Off,Off,Off,,,,,Off,Off,Off,Off,Off,Off,Off,Off,Off,Off,Off,Off,On,On,On,On,Off,Off,Off,Off,,,,,,,,,,,,
2026-07-07 03:00:00,Off,Off,Off,Off,,,,,Off,Off,Off,Off,On,On,On,On,Off,Off,Off,Off,Off,Off,Off,Off,Off,Off,Off,Off,,,,,,,,,,,,
2026-07-07 05:00:00,On,On,On,On,,,,,Off,Off,Off,Off,Off,Off,Off,Off,Off,Off,Off,Off,Off,Off,Off,Off,Off,Off,Off,Off,,,,,,,,,,,,
2026-07-07 07:00:00,On,On,On,On,,,,,Off,Off,Off,Off,On,On,On,On,Off,Off,Off,Off,On,On,On,On,Off,Off,Off,Off,,,,,,,,,,,,
2026-07-07 09:00:00,Off,Off,Off,Off,,,,,On,On,On,On,,,,,Off,Off,Off,Off,,,,,Off,Off,Off,Off,,,,,,,,,,,,
2026-07-07 11:00:00,Off,Off,Off,Off,,,,,Off,Off,Off,Off,On,On,On,On,Off,Off,Off,Off,,,,,Off,Off,Off,Off,,,,,,,,,,,,
2026-07-07 13:00:00,On,On,On,On,,,,,On,On,On,On,,,,,On,On,On,On,On,On,On,On,On,On,On,On,,,,,,,,,,,,
2026-07-07 15:00:00,Off,Off,Off,Off,,,,,On,On,On,On,,,,,,,,,,,,,,,,,,,,,,,,,,,,
2026-07-07 17:00:00,Off,Off,Off,Off,,,,,Off,Off,Off,Off,Off,Off,Off,Off,Off,Off,Off,Off,Off,Off,Off,Off,Off,Off,Off,Off,,,,,,,,,,,,
2026-07-07 19:00:00,Off,Off,Off,Off,,,,,Off,Off,Off,Off,Off,Off,Off,Off,Off,Off,Off,Off,Off,Off,Off,Off,Off,Off,Off,Off,,,,,,,,,,,,
2026-07-07 21:00:00,Off,Off,Off,Off,,,,,On,On,On,On,Off,Off,Off,Off,Off,Off,Off,Off,Off,Off,Off,Off,Off,Off,Off,Off,,,,,,,,,,,,
2026-07-07 23:00:00,Off,Off,Off,Off,,,,,Off,Off,Off,Off,Off,Off,Off,Off,Off,Off,Off,Off,Off,Off,Off,Off,Off,Off,Off,Off,,,,,,,,,,,,
2026-07-08 01:00:00,On,On,On,On,,,,,Off,Off,Off,Off,On,On,On,On,Off,Off,Off,Off,Off,Off,Off,Off,Off,Off,Off,Off,,,,,,,,,,,,
2026-07-08 03:00:00,Off,Off,Off,Off,,,,,Off,Off,Off,Off,,,,,Off,Off,Off,Off,Off,Off,Off,Off,Off,Off,Off,Off,,,,,,,,,,,,
2026-07-08 05:00:00,On,On,On,On,,,,,Off,Off,Off,Off,,,,,Off,Off,Off,Off,Off,Off,Off,Off,Off,Off,Off,Off,,,,,,,,,,,,
2026-07-08 07:00:00,Off,Off,Off,Off,,,,,Off,Off,Off,Off,,,,,Off,Off,Off,Off,Off,Off,Off,Off,Off,Off,Off,Off,,,,,,,,,,,,
2026-07-08 09:00:00,Off,Off,Off,Off,,,,,On,On,On,On,On,On,On,On,Off,Off,Off,Off,Off,Off,Off,Off,Off,Off,Off,Off,,,,,,,,,,,,
2026-07-08 11:00:00,Off,Off,Off,Off,,,,,Off,Off,Off,Off,,,,,Off,Off,Off,Off,On,On,On,On,Off,Off,Off,Off,,,,,,,,,,,,
2026-07-08 13:00:00,Off,Off,Off,Off,,,,,On,On,On,On,,,,,On,On,On,On,Off,Off,Off,Off,On,On,On,On,,,,,,,,,,,,
2026-07-08 15:00:00,Off,Off,Off,Off,,,,,Off,Off,Off,Off,,,,,Off,Off,Off,Off,Off,Off,Off,Off,Off,Off,Off,Off,,,,,,,,,,,,
2026-07-08 17:00:00,On,On,On,On,,,,,Off,Off,Off,Off,,,,,Off,Off,Off,Off,Off,Off,Off,Off,Off,Off,Off,Off,,,,,,,,,,,,
2026-07-08 19:00:00,Off,Off,Off,Off,,,,,Off,Off,Off,Off,,,,,Off,Off,Off,Off,Off,Off,Off,Off,Off,Off,Off,Off,,,,,,,,,On,On,On,On
2026-07-08 21:00:00,Off,Off,Off,Off,,,,,Off,Off,Off,Off,,,,,Off,Off,Off,Off,Off,Off,Off,Off,Off,Off,Off,Off,,,,,,,,,Off,Off,Off,Off
2026-07-08 23:00:00,On,On,On,On,,,,,Off,Off,Off,Off,,,,,Off,Off,Off,Off,Off,Off,Off,Off,Off,Off,Off,Off,,,,,,,,,Off,Off,Off,Off
2026-07-09 01:00:00,Off,Off,Off,Off,,,,,Off,Off,Off,Off,,,,,Off,Off,Off,Off,Off,Off,Off,Off,Off,Off,Off,Off,,,,,,,,,On,On,On,On
2026-07-09 03:00:00,Off,Off,Off,Off,,,,,Off,Off,Off,Off,,,,,Off,Off,Off,Off,Off,Off,Off,Off,Off,Off,Off,Off,,,,,,,,,Off,Off,Off,Off
2026-07-09 05:00:00,On,On,On,On,,,,,Off,Off,Off,Off,,,,,Off,Off,Off,Off,Off,Off,Off,Off,On,On,On,On,,,,,,,,,On,On,On,On
2026-07-09 07:00:00,On,On,On,On,,,,,Off,Off,Off,Off,,,,,Off,Off,Off,Off,Off,Off,Off,Off,Off,Off,Off,Off,,,,,,,,,Off,Off,Off,Off
2026-07-09 09:00:00,Off,Off,Off,Off,,,,,On,On,On,On,,,,,Off,Off,Off,Off,Off,Off,Off,Off,Off,Off,Off,Off,,,,,,,,,Off,Off,Off,Off
2026-07-09 11:00:00,Off,Off,Off,Off,,,,,On,On,On,On,,,,,Off,Off,Off,Off,Off,Off,Off,Off,Off,Off,Off,Off,,,,,,,,,Off,Off,Off,Off
2026-07-09 13:00:00,On,On,On,On,,,,,Off,Off,Off,Off,On,On,On,On,On,On,On,On,On,On,On,On,Off,Off,Off,Off,,,,,,,,,Off,Off,Off,Off
2026-07-09 15:00:00,Off,Off,Off,Off,,,,,Off,Off,Off,Off,On,On,On,On,Off,Off,Off,Off,Off,Off,Off,Off,On,On,On,On,,,,,,,,,Off,Off,Off,Off
2026-07-09 17:00:00,On,On,On,On,,,,,Off,Off,Off,Off,,,,,Off,Off,Off,Off,Off,Off,Off,Off,Off,Off,Off,Off,,,,,,,,,Off,Off,Off,Off
2026-07-09 19:00:00,Off,Off,Off,Off,,,,,Off,Off,Off,Off,,,,,Off,Off,Off,Off,Off,Off,Off,Off,Off,Off,Off,Off,,,,,,,,,Off,Off,Off,Off
2026-07-09 21:00:00,Off,Off,Off,Off,,,,,Off,Off,Off,Off,,,,,Off,Off,Off,Off,Off,Off,Off,Off,Off,Off,Off,Off,,,,,,,,,Off,Off,Off,Off
2026-07-09 23:00:00,Off,Off,Off,Off,,,,,Off,Off,Off,Off,,,,,Off,Off,Off,Off,Off,Off,Off,Off,Off,Off,Off,Off,,,,,,,,,On,On,On,On
2026-07-10 01:00:00,Off,Off,Off,Off,,,,,Off,Off,Off,Off,Off,Off,Off,Off,On,On,On,On,Off,Off,Off,Off,Off,Off,Off,Off,,,,,,,,,Off,Off,Off,Off
2026-07-10 03:00:00,Off,Off,Off,Off,,,,,Off,Off,Off,Off,Off,Off,Off,Off,Off,Off,Off,Off,Off,Off,Off,Off,Off,Off,Off,Off,,,,,,,,,Off,Off,Off,Off
2026-07-10 05:00:00,Off,Off,Off,Off,,,,,Off,Off,Off,Off,On,On,On,On,Off,Off,Off,Off,Off,Off,Off,Off,On,On,On,On,,,,,,,,,Off,Off,Off,Off
2026-07-10 07:00:00,Off,Off,Off,Off,,,,,Off,Off,Off,Off,Off,Off,Off,Off,Off,Off,Off,Off,Off,Off,Off,Off,,,,,,,,,,,,,Off,Off,Off,Off
2026-07-10 09:00:00,Off,Off,Off,Off,,,,,Off,Off,Off,Off,On,On,On,On,Off,Off,Off,Off,Off,Off,Off,Off,On,On,On,On,,,,,,,,,Off,Off,Off,Off
2026-07-10 11:00:00,Off,Off,Off,Off,,,,,Off,Off,Off,Off,Off,Off,Off,Off,On,On,On,On,Off,Off,Off,Off,Off,Off,Off,Off,,,,,,,,,Off,Off,Off,Off
2026-07-10 13:00:00,Off,Off,Off,Off,,,,,Off,Off,Off,Off,Off,Off,Off,Off,Off,Off,Off,Off,On,On,On,On,Off,Off,Off,Off,,,,,,,,,Off,Off,Off,Off
2026-07-10 15:00:00,Off,Off,Off,Off,,,,,Off,Off,Off,Off,Off,Off,Off,Off,Off,Off,Off,Off,Off,Off,Off,Off,Off,Off,Off,Off,,,,,,,,,Off,Off,Off,Off
2026-07-10 17:00:00,Off,Off,Off,Off,,,,,Off,Off,Off,Off,Off,Off,Off,Off,Off,Off,Off,Off,Off,Off,Off,Off,Off,Off,Off,Off,,,,,,,,,Off,Off,Off,Off
2026-07-10 19:00:00,Off,Off,Off,Off,,,,,Off,Off,Off,Off,Off,Off,Off,Off,,,,,Off,Off,Off,Off,Off,Off,Off,Off,,,,,,,,,Off,Off,Off,Off
2026-07-10 21:00:00,Off,Off,Off,Off,,,,,Off,Off,Off,Off,Off,Off,Off,Off,,,,,Off,Off,Off,Off,Off,Off,Off,Off,,,,,,,,,On,On,On,On
2026-07-10 23:00:00,Off,Off,Off,Off,,,,,Off,Off,Off,Off,Off,Off,Off,Off,,,,,Off,Off,Off,Off,Off,Off,Off,Off,,,,,,,,,Off,Off,Off,Off
2026-07-11 01:00:00,On,On,On,On,,,,,Off,Off,Off,Off,Off,Off,Off,Off,On,On,On,On,Off,Off,Off,Off,Off,Off,Off,Off,,,,,,,,,Off,Off,Off,Off
2026-07-11 03:00:00,Off,Off,Off,Off,,,,,On,On,On,On,Off,Off,Off,Off,Off,Off,Off,Off,Off,Off,Off,Off,Off,Off,Off,Off,,,,,,,,,Off,Off,Off,Off
2026-07-11 05:00:00,On,On,On,On,,,,,,,,,On,On,On,On,Off,Off,Off,Off,Off,Off,Off,Off,Off,Off,Off,Off,,,,,,,,,Off,Off,Off,Off
2026-07-11 07:00:00,Off,Off,Off,Off,,,,,,,,,Off,Off,Off,Off,Off,Off,Off,Off,Off,Off,Off,Off,Off,Off,Off,Off,,,,,,,,,Off,Off,Off,Off
2026-07-11 09:00:00,Off,Off,Off,Off,,,,,On,On,On,On,Off,Off,Off,Off,Off,Off,Off,Off,Off,Off,Off,Off,Off,Off,Off,Off,,,,,,,,,Off,Off,Off,Off
2026-07-11 11:00:00,Off,Off,Off,Off,,,,,Off,Off,Off,Off,Off,Off,Off,Off,Off,Off,Off,Off,Off,Off,Off,Off,On,On,On,On,,,,,,,,,On,On,On,On
2026-07-11 13:00:00,Off,Off,Off,Off,,,,,On,On,On,On,Off,Off,Off,Off,On,On,On,On,On,On,On,On,Off,Off,Off,Off,,,,,,,,,On,On,On,On
2026-07-11 15:00:00,Off,Off,Off,Off,,,,,Off,Off,Off,Off,Off,Off,Off,Off,On,On,On,On,Off,Off,Off,Off,Off,Off,Off,Off,,,,,,,,,Off,Off,Off,Off
2026-07-11 17:00:00,On,On,On,On,,,,,Off,Off,Off,Off,Off,Off,Off,Off,Off,Off,Off,Off,Off,Off,Off,Off,Off,Off,Off,Off,,,,,,,,,Off,Off,Off,Off
2026-07-11 19:00:00,Off,Off,Off,Off,,,,,Off,Off,Off,Off,Off,Off,Off,Off,Off,Off,Off,Off,Off,Off,Off,Off,Off,Off,Off,Off,,,,,,,,,Off,Off,Off,Off
2026-07-11 21:00:00,Off,Off,Off,Off,,,,,Off,Off,Off,Off,Off,Off,Off,Off,Off,Off,Off,Off,Off,Off,Off,Off,Off,Off,Off,Off,,,,,,,,,On,On,On,On
2026-07-11 23:00:00,Off,Off,Off,Off,,,,,Off,Off,Off,Off,Off,Off,Off,Off,Off,Off,Off,Off,Off,Off,Off,Off,Off,Off,Off,Off,,,,,,,,,Off,Off,Off,Off
2026-07-12 01:00:00,Off,Off,Off,Off,,,,,Off,Off,Off,Off,Off,Off,Off,Off,Off,Off,Off,Off,Off,Off,Off,Off,Off,Off,Off,Off,,,,,,,,,On,On,On,On
2026-07-12 03:00:00,Off,Off,Off,Off,,,,,Off,Off,Off,Off,Off,Off,Off,Off,Off,Off,Off,Off,Off,Off,Off,Off,Off,Off,Off,Off,,,,,,,,,Off,Off,Off,Off
2026-07-12 05:00:00,Off,Off,Off,Off,,,,,On,On,On,On,Off,Off,Off,Off,Off,Off,Off,Off,Off,Off,Off,Off,Off,Off,Off,Off,,,,,,,,,Off,Off,Off,Off
2026-07-12 07:00:00,Off,Off,Off,Off,,,,,On,On,On,On,Off,Off,Off,Off,Off,Off,Off,Off,Off,Off,Off,Off,Off,Off,Off,Off,,,,,,,,,Off,Off,Off,Off
2026-07-12 09:00:00,Off,Off,Off,Off,,,,,Off,Off,Off,Off,Off,Off,Off,Off,Off,Off,Off,Off,Off,Off,Off,Off,Off,Off,Off,Off,,,,,,,,,Off,Off,Off,Off
2026-07-12 11:00:00,Off,Off,Off,Off,,,,,On,On,On,On,Off,Off,Off,Off,Off,Off,Off,Off,Off,Off,Off,Off,Off,Off,Off,Off,,,,,,,,,Off,Off,Off,Off
2026-07-12 13:00:00,On,On,On,On,,,,,Off,Off,Off,Off,Off,Off,Off,Off,On,On,On,On,On,On,On,On,On,On,On,On,,,,,,,,,Off,Off,Off,Off
2026-07-12 15:00:00,On,On,On,On,,,,,Off,Off,Off,Off,On,On,On,On,On,On,On,On,Off,Off,Off,Off,On,On,On,On,,,,,,,,,Off,Off,Off,Off
2026-07-12 17:00:00,Off,Off,Off,Off,,,,,Off,Off,Off,Off,On,On,On,On,On,On,On,On,Off,Off,Off,Off,Off,Off,Off,Off,,,,,,,,,Off,Off,Off,Off
2026-07-12 19:00:00,Off,Off,Off,Off,,,,,Off,Off,Off,Off,On,On,On,On,Off,Off,Off,Off,Off,Off,Off,Off,Off,Off,Off,Off,,,,,,,,,Off,Off,Off,Off
2026-07-12 21:00:00,Off,Off,Off,Off,,,,,Off,Off,Off,Off,Off,Off,Off,Off,Off,Off,Off,Off,Off,Off,Off,Off,Off,Off,Off,Off,,,,,,,,,On,On,On,On
2026-07-12 23:00:00,On,On,On,On,,,,,Off,Off,Off,Off,Off,Off,Off,Off,On,On,On,On,Off,Off,Off,Off,Off,Off,Off,Off,,,,,,,,,On,On,On,On
2026-07-13 01:00:00,On,On,On,On,,,,,Off,Off,Off,Off,Off,Off,Off,Off,,,,,Off,Off,Off,Off,Off,Off,Off,Off,,,,,,,,,Off,Off,Off,Off
2026-07-13 03:00:00,On,On,On,On,,,,,On,On,On,On,Off,Off,Off,Off,Off,Off,Off,Off,Off,Off,Off,Off,Off,Off,Off,Off,,,,,,,,,Off,Off,Off,Off
2026-07-13 05:00:00,,,,,,,,,Off,Off,Off,Off,Off,Off,Off,Off,Off,Off,Off,Off,Off,Off,Off,Off,Off,Off,Off,Off,,,,,,,,,Off,Off,Off,Off
2026-07-13 07:00:00,,,,,,,,,Off,Off,Off,Off,Off,Off,Off,Off,Off,Off,Off,Off,Off,Off,Off,Off,Off,Off,Off,Off,,,,,,,,,Off,Off,Off,Off
2026-07-13 09:00:00,Off,Off,Off,Off,,,,,On,On,On,On,Off,Off,Off,Off,Off,Off,Off,Off,Off,Off,Off,Off,Off,Off,Off,Off,,,,,,,,,Off,Off,Off,Off
2026-07-13 11:00:00,On,On,On,On,,,,,Off,Off,Off,Off,Off,Off,Off,Off,Off,Off,Off,Off,Off,Off,Off,Off,Off,Off,Off,Off,,,,,,,,,On,On,On,On
2026-07-13 13:00:00,,,,,,,,,On,On,On,On,On,On,On,On,On,On,On,On,On,On,On,On,On,On,On,On,,,,,,,,,On,On,On,On
2026-07-13 15:00:00,,,,,,,,,Off,Off,Off,Off,Off,Off,Off,Off,Off,Off,Off,Off,Off,Off,Off,Off,Off,Off,Off,Off,,,,,,,,,Off,Off,Off,Off
2026-07-13 17:00:00,,,,,,,,,Off,Off,Off,Off,Off,Off,Off,Off,Off,Off,Off,Off,Off,Off,Off,Off,Off,Off,Off,Off,,,,,,,,,Off,Off,Off,Off
2026-07-13 19:00:00,,,,,,,,,Off,Off,Off,Off,Off,Off,Off,Off,Off,Off,Off,Off,Off,Off,Off,Off,Off,Off,Off,Off,,,,,,,,,Off,Off,Off,Off
2026-07-13 21:00:00,,,,,,,,,Off,Off,Off,Off,Off,Off,Off,Off,On,On,On,On,Off,Off,Off,Off,Off,Off,Off,Off,,,,,,,,,On,On,On,On
2026-07-13 23:00:00,,,,,,,,,Off,Off,Off,Off,Off,Off,Off,Off,Off,Off,Off,Off,Off,Off,Off,Off,Off,Off,Off,Off,,,,,,,,,Off,Off,Off,Off
2026-07-14 01:00:00,,,,,,,,,Off,Off,Off,Off,On,On,On,On,Off,Off,Off,Off,Off,Off,Off,Off,On,On,On,On,,,,,,,,,Off,Off,Off,Off
2026-07-14 03:00:00,,,,,,,,,Off,Off,Off,Off,Off,Off,Off,Off,Off,Off,Off,Off,Off,Off,Off,Off,Off,Off,Off,Off,,,,,,,,,Off,Off,Off,Off
2026-07-14 05:00:00,,,,,,,,,Off,Off,Off,Off,Off,Off,Off,Off,On,On,On,On,Off,Off,Off,Off,Off,Off,Off,Off,,,,,,,,,Off,Off,Off,Off
2026-07-14 07:00:00,,,,,,,,,Off,Off,Off,Off,Off,Off,Off,Off,On,On,On,On,Off,Off,Off,Off,Off,Off,Off,Off,,,,,,,,,Off,Off,Off,Off
2026-07-14 09:00:00,,,,,,,,,On,On,On,On,Off,Off,Off,Off,,,,,Off,Off,Off,Off,Off,Off,Off,Off,,,,,,,,,Off,Off,Off,Off
2026-07-14 11:00:00,,,,,,,,,On,On,On,On,On,On,On,On,,,,,Off,Off,Off,Off,Off,Off,Off,Off,,,,,,,,,On,On,On,On
2026-07-14 13:00:00,,,,,,,,,Off,Off,Off,Off,Off,Off,Off,Off,On,On,On,On,On,On,On,On,On,On,On,On,,,,,,,,,Off,Off,Off,Off
2026-07-14 15:00:00,,,,,,,,,Off,Off,Off,Off,Off,Off,Off,Off,Off,Off,Off,Off,Off,Off,Off,Off,On,On,On,On,,,,,,,,,Off,Off,Off,Off
2026-07-14 17:00:00,,,,,,,,,Off,Off,Off,Off,On,On,On,On,Off,Off,Off,Off,Off,Off,Off,Off,Off,Off,Off,Off,,,,,,,,,Off,Off,Off,Off
2026-07-14 19:00:00,,,,,,,,,Off,Off,Off,Off,Off,Off,Off,Off,Off,Off,Off,Off,Off,Off,Off,Off,Off,Off,Off,Off,,,,,,,,,Off,Off,Off,Off
2026-07-14 21:00:00,,,,,,,,,Off,Off,Off,Off,Off,Off,Off,Off,Off,Off,Off,Off,Off,Off,Off,Off,Off,Off,Off,Off,,,,,,,,,Off,Off,Off,Off
2026-07-14 23:00:00,Off,Off,Off,Off,,,,,Off,Off,Off,Off,Off,Off,Off,Off,Off,Off,Off,Off,Off,Off,Off,Off,On,On,On,On,,,,,,,,,On,On,On,On
2026-07-15 01:00:00,Off,Off,Off,Off,,,,,Off,Off,Off,Off,Off,Off,Off,Off,Off,Off,Off,Off,On,On,On,On,Off,Off,Off,Off,,,,,,,,,Off,Off,Off,Off
2026-07-15 03:00:00,On,On,On,On,,,,,Off,Off,Off,Off,Off,Off,Off,Off,Off,Off,Off,Off,Off,Off,Off,Off,Off,Off,Off,Off,,,,,,,,,Off,Off,Off,Off
2026-07-15 05:00:00,On,On,On,On,,,,,Off,Off,Off,Off,Off,Off,Off,Off,Off,Off,Off,Off,Off,Off,Off,Off,Off,Off,Off,Off,,,,,,,,,Off,Off,Off,Off
2026-07-15 07:00:00,On,On,On,On,,,,,On,On,On,On,Off,Off,Off,Off,On,On,On,On,Off,Off,Off,Off,Off,Off,Off,Off,,,,,,,,,Off,Off,Off,Off
2026-07-15 09:00:00,On,On,On,On,,,,,Off,Off,Off,Off,Off,Off,Off,Off,Off,Off,Off,Off,Off,Off,Off,Off,Off,Off,Off,Off,,,,,,,,,Off,Off,Off,Off
2026-07-15 11:00:00,On,On,On,On,,,,,Off,Off,Off,Off,Off,Off,Off,Off,Off,Off,Off,Off,On,On,On,On,Off,Off,Off,Off,,,,,,,,,Off,Off,Off,Off
2026-07-15 13:00:00,On,On,On,On,,,,,Off,Off,Off,Off,On,On,On,On,On,On,On,On,Off,Off,Off,Off,Off,Off,Off,Off,,,,,,,,,Off,Off,Off,Off
2026-07-15 15:00:00,On,On,On,On,,,,,Off,Off,Off,Off,Off,Off,Off,Off,On,On,On,On,Off,Off,Off,Off,On,On,On,On,,,,,,,,,Off,Off,Off,Off
2026-07-15 17:00:00,On,On,On,On,,,,,Off,Off,Off,Off,Off,Off,Off,Off,Off,Off,Off,Off,Off,Off,Off,Off,Off,Off,Off,Off,,,,,,,,,Off,Off,Off,Off
2026-07-15 19:00:00,Off,Off,Off,Off,,,,,Off,Off,Off,Off,Off,Off,Off,Off,On,On,On,On,Off,Off,Off,Off,Off,Off,Off,Off,,,,,,,,,Off,Off,Off,Off
2026-07-15 21:00:00,Off,Off,Off,Off,,,,,Off,Off,Off,Off,On,On,On,On,Off,Off,Off,Off,Off,Off,Off,Off,Off,Off,Off,Off,,,,,,,,,Off,Off,Off,Off
2026-07-15 23:00:00,On,On,On,On,,,,,Off,Off,Off,Off,On,On,On,On,Off,Off,Off,Off,Off,Off,Off,Off,Off,Off,Off,Off,,,,,,,,,Off,Off,Off,Off
2026-07-16 01:00:00,On,On,On,On,,,,,Off,Off,Off,Off,Off,Off,Off,Off,Off,Off,Off,Off,On,On,On,On,Off,Off,Off,Off,,,,,,,,,On,On,On,On
2026-07-16 03:00:00,Off,Off,Off,Off,,,,,Off,Off,Off,Off,Off,Off,Off,Off,Off,Off,Off,Off,Off,Off,Off,Off,Off,Off,Off,Off,,,,,,,,,Off,Off,Off,Off
2026-07-16 05:00:00,On,On,On,On,,,,,Off,Off,Off,Off,Off,Off,Off,Off,Off,Off,Off,Off,Off,Off,Off,Off,Off,Off,Off,Off,,,,,,,,,Off,Off,Off,Off
2026-07-16 07:00:00,Off,Off,Off,Off,,,,,On,On,On,On,Off,Off,Off,Off,Off,Off,Off,Off,Off,Off,Off,Off,Off,Off,Off,Off,,,,,,,,,Off,Off,Off,Off
2026-07-16 09:00:00,Off,Off,Off,Off,,,,,Off,Off,Off,Off,Off,Off,Off,Off,Off,Off,Off,Off,Off,Off,Off,Off,Off,Off,Off,Off,,,,,,,,,Off,Off,Off,Off
2026-07-16 11:00:00,On,On,On,On,,,,,Off,Off,Off,Off,Off,Off,Off,Off,Off,Off,Off,Off,Off,Off,Off,Off,Off,Off,Off,Off,,,,,,,,,Off,Off,Off,Off
2026-07-16 13:00:00,Off,Off,Off,Off,,,,,Off,Off,Off,Off,On,On,On,On,Off,Off,Off,Off,On,On,On,On,On,On,On,On,,,,,,,,,Off,Off,Off,Off
2026-07-16 15:00:00,Off,Off,Off,Off,,,,,Off,Off,Off,Off,Off,Off,Off,Off,Off,Off,Off,Off,Off,Off,Off,Off,Off,Off,Off,Off,,,,,,,,,Off,Off,Off,Off
2026-07-16 17:00:00,On,On,On,On,,,,,Off,Off,Off,Off,Off,Off,Off,Off,Off,Off,Off,Off,Off,Off,Off,Off,Off,Off,Off,Off,,,,,,,,,Off,Off,Off,Off
2026-07-16 19:00:00,Off,Off,Off,Off,,,,,Off,Off,Off,Off,Off,Off,Off,Off,Off,Off,Off,Off,Off,Off,Off,Off,Off,Off,Off,Off,,,,,,,,,Off,Off,Off,Off
2026-07-16 21:00:00,Off,Off,Off,Off,,,,,Off,Off,Off,Off,Off,Off,Off,Off,Off,Off,Off,Off,Off,Off,Off,Off,Off,Off,Off,Off,,,,,,,,,Off,Off,Off,Off
2026-07-16 23:00:00,On,On,On,On,,,,,Off,Off,Off,Off,Off,Off,Off,Off,Off,Off,Off,Off,Off,Off,Off,Off,Off,Off,Off,Off,,,,,,,,,Off,Off,Off,Off
2026-07-17 01:00:00,Off,Off,Off,Off,,,,,Off,Off,Off,Off,Off,Off,Off,Off,Off,Off,Off,Off,Off,Off,Off,Off,Off,Off,Off,Off,,,,,,,,,On,On,On,On
2026-07-17 03:00:00,Off,Off,Off,Off,,,,,Off,Off,Off,Off,Off,Off,Off,Off,Off,Off,Off,Off,Off,Off,Off,Off,Off,Off,Off,Off,,,,,,,,,On,On,On,On
2026-07-17 05:00:00,On,On,On,On,,,,,Off,Off,Off,Off,Off,Off,Off,Off,Off,Off,Off,Off,Off,Off,Off,Off,Off,Off,Off,Off,,,,,,,,,Off,Off,Off,Off
2026-07-17 07:00:00,Off,Off,Off,Off,,,,,Off,Off,Off,Off,Off,Off,Off,Off,Off,Off,Off,Off,Off,Off,Off,Off,Off,Off,Off,Off,,,,,,,,,Off,Off,Off,Off
2026-07-17 09:00:00,Off,Off,Off,Off,,,,,Off,Off,Off,Off,Off,Off,Off,Off,Off,Off,Off,Off,Off,Off,Off,Off,Off,Off,Off,Off,,,,,,,,,Off,Off,Off,Off
2026-07-17 11:00:00,On,On,On,On,,,,,Off,Off,Off,Off,Off,Off,Off,Off,Off,Off,Off,Off,Off,Off,Off,Off,Off,Off,Off,Off,,,,,,,,,Off,Off,Off,Off
2026-07-17 13:00:00,On,On,On,On,Off,Off,Off,Off,Off,Off,Off,Off,Off,Off,Off,Off,On,On,On,On,On,On,On,On,On,On,On,On,,,,,,,,,Off,Off,Off,Off
2026-07-17 15:00:00,Off,Off,Off,Off,On,On,On,On,Off,Off,Off,Off,Off,Off,Off,Off,Off,Off,Off,Off,Off,Off,Off,Off,Off,Off,Off,Off,,,,,,,,,Off,Off,Off,Off
2026-07-17 17:00:00,On,On,On,On,,,,,Off,Off,Off,Off,Off,Off,Off,Off,Off,Off,Off,Off,Off,Off,Off,Off,Off,Off,Off,Off,,,,,,,,,Off,Off,Off,Off
2026-07-17 19:00:00,Off,Off,Off,Off,,,,,Off,Off,Off,Off,Off,Off,Off,Off,Off,Off,Off,Off,Off,Off,Off,Off,On,On,On,On,,,,,,,,,Off,Off,Off,Off
2026-07-17 21:00:00,Off,Off,Off,Off,,,,,Off,Off,Off,Off,Off,Off,Off,Off,Off,Off,Off,Off,Off,Off,Off,Off,On,On,On,On,,,,,,,,,Off,Off,Off,Off
2026-07-17 23:00:00,On,On,On,On,On,On,On,On,Off,Off,Off,Off,Off,Off,Off,Off,On,On,On,On,Off,Off,Off,Off,,,,,,,,,,,,,On,On,On,On
2026-07-18 01:00:00,Off,Off,Off,Off,,,,,Off,Off,Off,Off,Off,Off,Off,Off,On,On,On,On,Off,Off,Off,Off,On,On,On,On,,,,,,,,,Off,Off,Off,Off
2026-07-18 03:00:00,Off,Off,Off,Off,,,,,Off,Off,Off,Off,Off,Off,Off,Off,Off,Off,Off,Off,Off,Off,Off,Off,Off,Off,Off,Off,,,,,,,,,Off,Off,Off,Off
2026-07-18 05:00:00,On,On,On,On,,,,,Off,Off,Off,Off,Off,Off,Off,Off,Off,Off,Off,Off,Off,Off,Off,Off,Off,Off,Off,Off,,,,,,,,,Off,Off,Off,Off
2026-07-18 07:00:00,On,On,On,On,,,,,Off,Off,Off,Off,Off,Off,Off,Off,Off,Off,Off,Off,Off,Off,Off,Off,Off,Off,Off,Off,,,,,,,,,Off,Off,Off,Off
2026-07-18 09:00:00,Off,Off,Off,Off,,,,,On,On,On,On,Off,Off,Off,Off,Off,Off,Off,Off,Off,Off,Off,Off,Off,Off,Off,Off,,,,,,,,,Off,Off,Off,Off
2026-07-18 11:00:00,Off,Off,Off,Off,,,,,On,On,On,On,On,On,On,On,Off,Off,Off,Off,On,On,On,On,Off,Off,Off,Off,,,,,,,,,Off,Off,Off,Off
2026-07-18 13:00:00,Off,Off,Off,Off,,,,,Off,Off,Off,Off,Off,Off,Off,Off,Off,Off,Off,Off,Off,Off,Off,Off,On,On,On,On,,,,,,,,,On,On,On,On
2026-07-18 15:00:00,Off,Off,Off,Off,,,,,Off,Off,Off,Off,Off,Off,Off,Off,Off,Off,Off,Off,Off,Off,Off,Off,Off,Off,Off,Off,,,,,,,,,Off,Off,Off,Off
2026-07-18 17:00:00,On,On,On,On,,,,,Off,Off,Off,Off,Off,Off,Off,Off,Off,Off,Off,Off,Off,Off,Off,Off,Off,Off,Off,Off,,,,,,,,,Off,Off,Off,Off
2026-07-18 19:00:00,Off,Off,Off,Off,,,,,Off,Off,Off,Off,Off,Off,Off,Off,Off,Off,Off,Off,Off,Off,Off,Off,Off,Off,Off,Off,,,,,,,,,Off,Off,Off,Off
2026-07-18 21:00:00,Off,Off,Off,Off,,,,,Off,Off,Off,Off,Off,Off,Off,Off,Off,Off,Off,Off,Off,Off,Off,Off,Off,Off,Off,Off,,,,,,,,,Off,Off,Off,Off
2026-07-18 23:00:00,Off,Off,Off,Off,,,,,Off,Off,Off,Off,Off,Off,Off,Off,Off,Off,Off,Off,Off,Off,Off,Off,Off,Off,Off,Off,,,,,,,,,On,On,On,On
2026-07-19 01:00:00,Off,Off,Off,Off,On,On,On,On,Off,Off,Off,Off,Off,Off,Off,Off,Off,Off,Off,Off,Off,Off,Off,Off,Off,Off,Off,Off,,,,,,,,,On,On,On,On
2026-07-19 03:00:00,Off,Off,Off,Off,On,On,On,On,Off,Off,Off,Off,Off,Off,Off,Off,On,On,On,On,Off,Off,Off,Off,Off,Off,Off,Off,,,,,,,,,Off,Off,Off,Off
2026-07-19 05:00:00,On,On,On,On,,,,,Off,Off,Off,Off,Off,Off,Off,Off,Off,Off,Off,Off,Off,Off,Off,Off,Off,Off,Off,Off,,,,,,,,,Off,Off,Off,Off
2026-07-19 07:00:00,Off,Off,Off,Off,,,,,On,On,On,On,Off,Off,Off,Off,Off,Off,Off,Off,Off,Off,Off,Off,Off,Off,Off,Off,,,,,,,,,On,On,On,On
2026-07-19 09:00:00,Off,Off,Off,Off,On,On,On,On,Off,Off,Off,Off,Off,Off,Off,Off,Off,Off,Off,Off,Off,Off,Off,Off,On,On,On,On,,,,,,,,,Off,Off,Off,Off
2026-07-19 11:00:00,Off,Off,Off,Off,Off,Off,Off,Off,Off,Off,Off,Off,On,On,On,On,On,On,On,On,On,On,On,On,On,On,On,On,,,,,,,,,On,On,On,On
2026-07-19 13:00:00,Off,Off,Off,Off,On,On,On,On,Off,Off,Off,Off,Off,Off,Off,Off,On,On,On,On,On,On,On,On,On,On,On,On,,,,,,,,,Off,Off,Off,Off
2026-07-19 15:00:00,Off,Off,Off,Off,Off,Off,Off,Off,Off,Off,Off,Off,Off,Off,Off,Off,On,On,On,On,Off,Off,Off,Off,Off,Off,Off,Off,,,,,,,,,Off,Off,Off,Off
2026-07-19 17:00:00,On,On,On,On,On,On,On,On,Off,Off,Off,Off,Off,Off,Off,Off,,,,,Off,Off,Off,Off,Off,Off,Off,Off,,,,,,,,,On,On,On,On
2026-07-19 19:00:00,Off,Off,Off,Off,Off,Off,Off,Off,Off,Off,Off,Off,Off,Off,Off,Off,Off,Off,Off,Off,On,On,On,On,Off,Off,Off,Off,,,,,,,,,,,,
2026-07-19 21:00:00,Off,Off,Off,Off,Off,Off,Off,Off,Off,Off,Off,Off,Off,Off,Off,Off,On,On,On,On,,,,,Off,Off,Off,Off,,,,,,,,,Off,Off,Off,Off
2026-07-19 23:00:00,Off,Off,Off,Off,On,On,On,On,Off,Off,Off,Off,Off,Off,Off,Off,,,,,Off,Off,Off,Off,Off,Off,Off,Off,,,,,,,,,Off,Off,Off,Off
2026-07-20 01:00:00,On,On,On,On,,,,,Off,Off,Off,Off,Off,Off,Off,Off,,,,,Off,Off,Off,Off,Off,Off,Off,Off,,,,,,,,,Off,Off,Off,Off
2026-07-20 03:00:00,Off,Off,Off,Off,On,On,On,On,Off,Off,Off,Off,Off,Off,Off,Off,,,,,Off,Off,Off,Off,Off,Off,Off,Off,,,,,,,,,Off,Off,Off,Off
2026-07-20 05:00:00,Off,Off,Off,Off,,,,,Off,Off,Off,Off,Off,Off,Off,Off,,,,,Off,Off,Off,Off,Off,Off,Off,Off,,,,,,,,,Off,Off,Off,Off
2026-07-20 07:00:00,Off,Off,Off,Off,On,On,On,On,On,On,On,On,Off,Off,Off,Off,,,,,Off,Off,Off,Off,Off,Off,Off,Off,,,,,,,,,Off,Off,Off,Off
2026-07-20 09:00:00,Off,Off,Off,Off,On,On,On,On,Off,Off,Off,Off,Off,Off,Off,Off,,,,,Off,Off,Off,Off,Off,Off,Off,Off,,,,,,,,,Off,Off,Off,Off
2026-07-20 11:00:00,On,On,On,On,,,,,On,On,On,On,Off,Off,Off,Off,,,,,Off,Off,Off,Off,On,On,On,On,,,,,,,,,On,On,On,On
2026-07-20 13:00:00,Off,Off,Off,Off,On,On,On,On,Off,Off,Off,Off,On,On,On,On,,,,,On,On,On,On,Off,Off,Off,Off,,,,,,,,,Off,Off,Off,Off
2026-07-20 15:00:00,Off,Off,Off,Off,Off,Off,Off,Off,On,On,On,On,,,,,,,,,Off,Off,Off,Off,On,On,On,On,,,,,,,,,On,On,On,On
2026-07-20 17:00:00,On,On,On,On,,,,,Off,Off,Off,Off,Off,Off,Off,Off,,,,,Off,Off,Off,Off,Off,Off,Off,Off,,,,,,,,,Off,Off,Off,Off
2026-07-20 19:00:00,Off,Off,Off,Off,On,On,On,On,Off,Off,Off,Off,Off,Off,Off,Off,,,,,Off,Off,Off,Off,Off,Off,Off,Off,,,,,,,,,On,On,On,On
2026-07-20 21:00:00,Off,Off,Off,Off,On,On,On,On,Off,Off,Off,Off,Off,Off,Off,Off,,,,,Off,Off,Off,Off,Off,Off,Off,Off,,,,,,,,,On,On,On,On
2026-07-20 23:00:00,Off,Off,Off,Off,Off,Off,Off,Off,Off,Off,Off,Off,Off,Off,Off,Off,,,,,Off,Off,Off,Off,Off,Off,Off,Off,,,,,,,,,Off,Off,Off,Off
2026-07-21 01:00:00,On,On,On,On,Off,Off,Off,Off,Off,Off,Off,Off,Off,Off,Off,Off,On,On,On,On,Off,Off,Off,Off,Off,Off,Off,Off,,,,,,,,,Off,Off,Off,Off
2026-07-21 03:00:00,Off,Off,Off,Off,,,,,Off,Off,Off,Off,Off,Off,Off,Off,Off,Off,Off,Off,Off,Off,Off,Off,Off,Off,Off,Off,,,,,,,,,Off,Off,Off,Off
2026-07-21 05:00:00,Off,Off,Off,Off,,,,,Off,Off,Off,Off,Off,Off,Off,Off,Off,Off,Off,Off,Off,Off,Off,Off,Off,Off,Off,Off,,,,,,,,,Off,Off,Off,Off
2026-07-21 07:00:00,Off,Off,Off,Off,,,,,Off,Off,Off,Off,Off,Off,Off,Off,On,On,On,On,Off,Off,Off,Off,Off,Off,Off,Off,,,,,,,,,Off,Off,Off,Off
2026-07-21 09:00:00,Off,Off,Off,Off,On,On,On,On,Off,Off,Off,Off,Off,Off,Off,Off,,,,,Off,Off,Off,Off,Off,Off,Off,Off,,,,,,,,,Off,Off,Off,Off
2026-07-21 11:00:00,Off,Off,Off,Off,,,,,Off,Off,Off,Off,Off,Off,Off,Off,Off,Off,Off,Off,On,On,On,On,Off,Off,Off,Off,,,,,,,,,Off,Off,Off,Off
2026-07-21 13:00:00,Off,Off,Off,Off,,,,,Off,Off,Off,Off,Off,Off,Off,Off,Off,Off,Off,Off,Off,Off,Off,Off,On,On,On,On,,,,,,,,,On,On,On,On
2026-07-21 15:00:00,Off,Off,Off,Off,,,,,Off,Off,Off,Off,On,On,On,On,Off,Off,Off,Off,Off,Off,Off,Off,Off,Off,Off,Off,,,,,,,,,On,On,On,On
2026-07-21 17:00:00,Off,Off,Off,Off,,,,,Off,Off,Off,Off,Off,Off,Off,Off,Off,Off,Off,Off,Off,Off,Off,Off,Off,Off,Off,Off,,,,,,,,,,,,
2026-07-21 19:00:00,Off,Off,Off,Off,,,,,Off,Off,Off,Off,Off,Off,Off,Off,Off,Off,Off,Off,On,On,On,On,Off,Off,Off,Off,,,,,,,,,,,,
2026-07-21 21:00:00,Off,Off,Off,Off,,,,,Off,Off,Off,Off,Off,Off,Off,Off,Off,Off,Off,Off,,,,,Off,Off,Off,Off,,,,,,,,,On,On,On,On
2026-07-21 23:00:00,Off,Off,Off,Off,,,,,Off,Off,Off,Off,Off,Off,Off,Off,Off,Off,Off,Off,On,On,On,On,Off,Off,Off,Off,,,,,,,,,,,,
2026-07-22 01:00:00,Off,Off,Off,Off,,,,,Off,Off,Off,Off,Off,Off,Off,Off,Off,Off,Off,Off,Off,Off,Off,Off,Off,Off,Off,Off,,,,,,,,,,,,
2026-07-22 03:00:00,On,On,On,On,,,,,Off,Off,Off,Off,Off,Off,Off,Off,Off,Off,Off,Off,Off,Off,Off,Off,Off,Off,Off,Off,,,,,,,,,,,,
2026-07-22 05:00:00,On,On,On,On,,,,,Off,Off,Off,Off,Off,Off,Off,Off,Off,Off,Off,Off,Off,Off,Off,Off,Off,Off,Off,Off,,,,,,,,,,,,
2026-07-22 07:00:00,Off,Off,Off,Off,,,,,Off,Off,Off,Off,Off,Off,Off,Off,Off,Off,Off,Off,Off,Off,Off,Off,Off,Off,Off,Off,,,,,,,,,,,,
2026-07-22 09:00:00,Off,Off,Off,Off,,,,,On,On,On,On,Off,Off,Off,Off,Off,Off,Off,Off,Off,Off,Off,Off,Off,Off,Off,Off,,,,,,,,,,,,
2026-07-22 11:00:00,On,On,On,On,,,,,Off,Off,Off,Off,Off,Off,Off,Off,Off,Off,Off,Off,Off,Off,Off,Off,Off,Off,Off,Off,,,,,,,,,,,,
2026-07-22 13:00:00,On,On,On,On,,,,,Off,Off,Off,Off,On,On,On,On,Off,Off,Off,Off,On,On,On,On,Off,Off,Off,Off,,,,,,,,,,,,
2026-07-22 15:00:00,On,On,On,On,,,,,Off,Off,Off,Off,Off,Off,Off,Off,Off,Off,Off,Off,Off,Off,Off,Off,Off,Off,Off,Off,,,,,,,,,,,,
2026-07-22 17:00:00,On,On,On,On,,,,,Off,Off,Off,Off,Off,Off,Off,Off,Off,Off,Off,Off,Off,Off,Off,Off,Off,Off,Off,Off,,,,,,,,,On,On,On,On
2026-07-22 19:00:00,Off,Off,Off,Off,,,,,Off,Off,Off,Off,Off,Off,Off,Off,Off,Off,Off,Off,On,On,On,On,Off,Off,Off,Off,,,,,,,,,On,On,On,On
2026-07-22 21:00:00,Off,Off,Off,Off,,,,,Off,Off,Off,Off,Off,Off,Off,Off,Off,Off,Off,Off,Off,Off,Off,Off,Off,Off,Off,Off,,,,,,,,,Off,Off,Off,Off
2026-07-22 23:00:00,On,On,On,On,,,,,On,On,On,On,Off,Off,Off,Off,Off,Off,Off,Off,Off,Off,Off,Off,Off,Off,Off,Off,,,,,,,,,Off,Off,Off,Off
2026-07-23 01:00:00,On,On,On,On,,,,,Off,Off,Off,Off,Off,Off,Off,Off,Off,Off,Off,Off,On,On,On,On,Off,Off,Off,Off,,,,,,,,,Off,Off,Off,Off
2026-07-23 03:00:00,On,On,On,On,,,,,Off,Off,Off,Off,Off,Off,Off,Off,Off,Off,Off,Off,On,On,On,On,On,On,On,On,,,,,,,,,Off,Off,Off,Off
2026-07-23 05:00:00,On,On,On,On,,,,,Off,Off,Off,Off,Off,Off,Off,Off,On,On,On,On,On,On,On,On,,,,,,,,,,,,,Off,Off,Off,Off
2026-07-23 07:00:00,Off,Off,Off,Off,,,,,Off,Off,Off,Off,Off,Off,Off,Off,Off,Off,Off,Off,,,,,,,,,,,,,,,,,Off,Off,Off,Off
2026-07-23 09:00:00,Off,Off,Off,Off,,,,,On,On,On,On,Off,Off,Off,Off,Off,Off,Off,Off,Off,Off,Off,Off,Off,Off,Off,Off,,,,,,,,,Off,Off,Off,Off
2026-07-23 11:00:00,Off,Off,Off,Off,,,,,Off,Off,Off,Off,Off,Off,Off,Off,Off,Off,Off,Off,On,On,On,On,On,On,On,On,,,,,,,,,Off,Off,Off,Off
2026-07-23 13:00:00,Off,Off,Off,Off,,,,,Off,Off,Off,Off,On,On,On,On,On,On,On,On,,,,,,,,,,,,,,,,,Off,Off,Off,Off
2026-07-23 15:00:00,Off,Off,Off,Off,,,,,Off,Off,Off,Off,Off,Off,Off,Off,Off,Off,Off,Off,On,On,On,On,,,,,,,,,,,,,On,On,On,On
2026-07-23 17:00:00,Off,Off,Off,Off,,,,,Off,Off,Off,Off,Off,Off,Off,Off,Off,Off,Off,Off,,,,,,,,,,,,,,,,,,,,
2026-07-23 19:00:00,Off,Off,Off,Off,,,,,On,On,On,On,On,On,On,On,Off,Off,Off,Off,,,,,,,,,,,,,,,,,On,On,On,On
2026-07-23 21:00:00,Off,Off,Off,Off,,,,,Off,Off,Off,Off,Off,Off,Off,Off,Off,Off,Off,Off,,,,,,,,,,,,,,,,,On,On,On,On
2026-07-23 23:00:00,On,On,On,On,,,,,Off,Off,Off,Off,Off,Off,Off,Off,Off,Off,Off,Off,On,On,On,On,,,,,,,,,,,,,Off,Off,Off,Off
2026-07-24 01:00:00,Off,Off,Off,Off,,,,,On,On,On,On,Off,Off,Off,Off,Off,Off,Off,Off,,,,,,,,,,,,,,,,,On,On,On,On
2026-07-24 03:00:00,Off,Off,Off,Off,,,,,Off,Off,Off,Off,Off,Off,Off,Off,Off,Off,Off,Off,On,On,On,On,,,,,,,,,,,,,Off,Off,Off,Off
2026-07-24 05:00:00,On,On,On,On,,,,,Off,Off,Off,Off,,,,,Off,Off,Off,Off,,,,,,,,,,,,,,,,,Off,Off,Off,Off
2026-07-24 07:00:00,Off,Off,Off,Off,,,,,Off,Off,Off,Off,On,On,On,On,Off,Off,Off,Off,,,,,,,,,,,,,,,,,Off,Off,Off,Off
2026-07-24 09:00:00,Off,Off,Off,Off,,,,,On,On,On,On,Off,Off,Off,Off,Off,Off,Off,Off,On,On,On,On,Off,Off,Off,Off,,,,,,,,,Off,Off,Off,Off
2026-07-24 11:00:00,Off,Off,Off,Off,,,,,Off,Off,Off,Off,Off,Off,Off,Off,Off,Off,Off,Off,,,,,On,On,On,On,,,,,,,,,On,On,On,On
2026-07-24 13:00:00,Off,Off,Off,Off,,,,,Off,Off,Off,Off,Off,Off,Off,Off,Off,Off,Off,Off,,,,,Off,Off,Off,Off,,,,,,,,,Off,Off,Off,Off
2026-07-24 15:00:00,Off,Off,Off,Off,,,,,Off,Off,Off,Off,Off,Off,Off,Off,Off,Off,Off,Off,,,,,Off,Off,Off,Off,,,,,,,,,Off,Off,Off,Off
2026-07-24 17:00:00,Off,Off,Off,Off,,,,,Off,Off,Off,Off,Off,Off,Off,Off,On,On,On,On,,,,,Off,Off,Off,Off,,,,,,,,,Off,Off,Off,Off
2026-07-24 19:00:00,Off,Off,Off,Off,,,,,Off,Off,Off,Off,Off,Off,Off,Off,On,On,On,On,,,,,Off,Off,Off,Off,,,,,,,,,Off,Off,Off,Off
2026-07-24 21:00:00,Off,Off,Off,Off,,,,,Off,Off,Off,Off,Off,Off,Off,Off,Off,Off,Off,Off,,,,,Off,Off,Off,Off,,,,,,,,,Off,Off,Off,Off
2026-07-24 23:00:00,Off,Off,Off,Off,,,,,On,On,On,On,Off,Off,Off,Off,Off,Off,Off,Off,,,,,Off,Off,Off,Off,,,,,,,,,Off,Off,Off,Off
2026-07-25 01:00:00,On,On,On,On,,,,,Off,Off,Off,Off,Off,Off,Off,Off,Off,Off,Off,Off,,,,,On,On,On,On,,,,,,,,,On,On,On,On
2026-07-25 03:00:00,Off,Off,Off,Off,,,,,Off,Off,Off,Off,Off,Off,Off,Off,Off,Off,Off,Off,,,,,Off,Off,Off,Off,,,,,,,,,Off,Off,Off,Off
2026-07-25 05:00:00,On,On,On,On,,,,,Off,Off,Off,Off,Off,Off,Off,Off,Off,Off,Off,Off,,,,,Off,Off,Off,Off,,,,,,,,,Off,Off,Off,Off
2026-07-25 07:00:00,Off,Off,Off,Off,,,,,On,On,On,On,Off,Off,Off,Off,Off,Off,Off,Off,,,,,Off,Off,Off,Off,,,,,,,,,Off,Off,Off,Off
2026-07-25 09:00:00,Off,Off,Off,Off,Off,Off,Off,Off,Off,Off,Off,Off,Off,Off,Off,Off,Off,Off,Off,Off,,,,,Off,Off,Off,Off,,,,,,,,,Off,Off,Off,Off
2026-07-25 11:00:00,Off,Off,Off,Off,,,,,Off,Off,Off,Off,Off,Off,Off,Off,Off,Off,Off,Off,,,,,Off,Off,Off,Off,,,,,,,,,Off,Off,Off,Off
2026-07-25 13:00:00,Off,Off,Off,Off,,,,,Off,Off,Off,Off,,,,,On,On,On,On,,,,,On,On,On,On,,,,,,,,,Off,Off,Off,Off
2026-07-25 15:00:00,Off,Off,Off,Off,,,,,Off,Off,Off,Off,Off,Off,Off,Off,Off,Off,Off,Off,,,,,Off,Off,Off,Off,,,,,,,,,Off,Off,Off,Off
2026-07-25 17:00:00,Off,Off,Off,Off,,,,,Off,Off,Off,Off,Off,Off,Off,Off,Off,Off,Off,Off,,,,,Off,Off,Off,Off,,,,,,,,,Off,Off,Off,Off
2026-07-25 19:00:00,Off,Off,Off,Off,,,,,Off,Off,Off,Off,Off,Off,Off,Off,Off,Off,Off,Off,,,,,Off,Off,Off,Off,,,,,,,,,Off,Off,Off,Off
2026-07-25 21:00:00,Off,Off,Off,Off,,,,,Off,Off,Off,Off,Off,Off,Off,Off,Off,Off,Off,Off,,,,,Off,Off,Off,Off,,,,,,,,,Off,Off,Off,Off
2026-07-25 23:00:00,Off,Off,Off,Off,,,,,Off,Off,Off,Off,Off,Off,Off,Off,Off,Off,Off,Off,,,,,Off,Off,Off,Off,,,,,,,,,Off,Off,Off,Off
2026-07-26 01:00:00,On,On,On,On,,,,,Off,Off,Off,Off,Off,Off,Off,Off,Off,Off,Off,Off,,,,,Off,Off,Off,Off,,,,,,,,,On,On,On,On
2026-07-26 03:00:00,Off,Off,Off,Off,,,,,Off,Off,Off,Off,Off,Off,Off,Off,Off,Off,Off,Off,,,,,Off,Off,Off,Off,,,,,,,,,Off,Off,Off,Off
2026-07-26 05:00:00,On,On,On,On,,,,,Off,Off,Off,Off,Off,Off,Off,Off,On,On,On,On,,,,,Off,Off,Off,Off,,,,,,,,,Off,Off,Off,Off
2026-07-26 07:00:00,Off,Off,Off,Off,,,,,Off,Off,Off,Off,Off,Off,Off,Off,Off,Off,Off,Off,,,,,Off,Off,Off,Off,,,,,,,,,Off,Off,Off,Off
2026-07-26 09:00:00,Off,Off,Off,Off,,,,,Off,Off,Off,Off,Off,Off,Off,Off,Off,Off,Off,Off,,,,,Off,Off,Off,Off,,,,,,,,,Off,Off,Off,Off
2026-07-26 11:00:00,Off,Off,Off,Off,,,,,On,On,On,On,Off,Off,Off,Off,On,On,On,On,,,,,Off,Off,Off,Off,,,,,,,,,Off,Off,Off,Off
2026-07-26 13:00:00,Off,Off,Off,Off,,,,,Off,Off,Off,Off,On,On,On,On,On,On,On,On,,,,,Off,Off,Off,Off,,,,,,,,,Off,Off,Off,Off
2026-07-26 15:00:00,Off,Off,Off,Off,,,,,Off,Off,Off,Off,Off,Off,Off,Off,Off,Off,Off,Off,,,,,On,On,On,On,,,,,,,,,Off,Off,Off,Off
2026-07-26 17:00:00,On,On,On,On,,,,,Off,Off,Off,Off,Off,Off,Off,Off,Off,Off,Off,Off,,,,,Off,Off,Off,Off,,,,,,,,,Off,Off,Off,Off
2026-07-26 19:00:00,Off,Off,Off,Off,,,,,Off,Off,Off,Off,Off,Off,Off,Off,Off,Off,Off,Off,,,,,Off,Off,Off,Off,,,,,,,,,Off,Off,Off,Off
2026-07-26 21:00:00,Off,Off,Off,Off,,,,,Off,Off,Off,Off,Off,Off,Off,Off,Off,Off,Off,Off,,,,,Off,Off,Off,Off,,,,,,,,,Off,Off,Off,Off
2026-07-26 23:00:00,On,On,On,On,,,,,Off,Off,Off,Off,Off,Off,Off,Off,On,On,On,On,,,,,Off,Off,Off,Off,,,,,,,,,Off,Off,Off,Off
2026-07-27 01:00:00,On,On,On,On,,,,,,,,,Off,Off,Off,Off,,,,,,,,,Off,Off,Off,Off,,,,,,,,,Off,Off,Off,Off
2026-07-27 03:00:00,On,On,On,On,,,,,Off,Off,Off,Off,Off,Off,Off,Off,,,,,,,,,Off,Off,Off,Off,,,,,,,,,On,On,On,On
2026-07-27 05:00:00,On,On,On,On,,,,,Off,Off,Off,Off,Off,Off,Off,Off,Off,Off,Off,Off,,,,,Off,Off,Off,Off,,,,,,,,,Off,Off,Off,Off
2026-07-27 07:00:00,Off,Off,Off,Off,,,,,On,On,On,On,Off,Off,Off,Off,Off,Off,Off,Off,,,,,Off,Off,Off,Off,,,,,,,,,Off,Off,Off,Off
2026-07-27 09:00:00,Off,Off,Off,Off,,,,,On,On,On,On,Off,Off,Off,Off,Off,Off,Off,Off,,,,,Off,Off,Off,Off,,,,,,,,,Off,Off,Off,Off
2026-07-27 11:00:00,Off,Off,Off,Off,,,,,Off,Off,Off,Off,Off,Off,Off,Off,Off,Off,Off,Off,,,,,Off,Off,Off,Off,,,,,,,,,Off,Off,Off,Off
2026-07-27 13:00:00,On,On,On,On,,,,,Off,Off,Off,Off,On,On,On,On,Off,Off,Off,Off,,,,,On,On,On,On,,,,,,,,,Off,Off,Off,Off
2026-07-27 15:00:00,On,On,On,On,,,,,Off,Off,Off,Off,Off,Off,Off,Off,On,On,On,On,,,,,Off,Off,Off,Off,,,,,,,,,Off,Off,Off,Off
2026-07-27 17:00:00,On,On,On,On,,,,,Off,Off,Off,Off,Off,Off,Off,Off,Off,Off,Off,Off,,,,,Off,Off,Off,Off,,,,,,,,,Off,Off,Off,Off
2026-07-27 19:00:00,,,,,,,,,Off,Off,Off,Off,Off,Off,Off,Off,Off,Off,Off,Off,,,,,Off,Off,Off,Off,,,,,,,,,Off,Off,Off,Off
2026-07-27 21:00:00,,,,,,,,,Off,Off,Off,Off,Off,Off,Off,Off,Off,Off,Off,Off,,,,,Off,Off,Off,Off,,,,,,,,,Off,Off,Off,Off
2026-07-27 23:00:00,On,On,On,On,,,,,Off,Off,Off,Off,Off,Off,Off,Off,Off,Off,Off,Off,,,,,Off,Off,Off,Off,,,,,,,,,Off,Off,Off,Off
2026-07-28 01:00:00,Off,Off,Off,Off,,,,,Off,Off,Off,Off,On,On,On,On,Off,Off,Off,Off,,,,,Off,Off,Off,Off,,,,,,,,,On,On,On,On
2026-07-28 03:00:00,Off,Off,Off,Off,,,,,Off,Off,Off,Off,Off,Off,Off,Off,Off,Off,Off,Off,,,,,Off,Off,Off,Off,,,,,,,,,Off,Off,Off,Off
2026-07-28 05:00:00,On,On,On,On,,,,,,,,,Off,Off,Off,Off,Off,Off,Off,Off,,,,,Off,Off,Off,Off,,,,,,,,,Off,Off,Off,Off
2026-07-28 07:00:00,Off,Off,Off,Off,,,,,,,,,Off,Off,Off,Off,Off,Off,Off,Off,,,,,Off,Off,Off,Off,,,,,,,,,Off,Off,Off,Off
2026-07-28 09:00:00,Off,Off,Off,Off,,,,,,,,,Off,Off,Off,Off,Off,Off,Off,Off,,,,,Off,Off,Off,Off,,,,,,,,,Off,Off,Off,Off
2026-07-28 11:00:00,Off,Off,Off,Off,,,,,On,On,On,On,Off,Off,Off,Off,Off,Off,Off,Off,,,,,On,On,On,Off,,,,,,,,,Off,Off,Off,Off
2026-07-28 13:00:00,Off,Off,Off,Off,,,,,,,,,On,On,On,On,On,On,On,On,,,,,On,On,On,On,,,,,,,,,Off,Off,Off,Off
2026-07-28 15:00:00,Off,Off,Off,Off,,,,,,,,,Off,Off,Off,Off,Off,Off,Off,Off,,,,,Off,Off,Off,Off,,,,,,,,,Off,Off,Off,Off
2026-07-28 17:00:00,On,On,On,On,,,,,,,,,Off,Off,Off,Off,Off,Off,Off,Off,,,,,Off,Off,Off,Off,,,,,,,,,Off,Off,Off,Off
2026-07-28 19:00:00,Off,Off,Off,Off,,,,,,,,,Off,Off,Off,Off,Off,Off,Off,Off,,,,,Off,Off,Off,Off,,,,,,,,,Off,Off,Off,Off
2026-07-28 21:00:00,Off,Off,Off,Off,,,,,,,,,Off,Off,Off,Off,Off,Off,Off,Off,,,,,Off,Off,Off,Off,,,,,,,,,Off,Off,Off,Off
2026-07-28 23:00:00,Off,Off,Off,Off,,,,,,,,,Off,Off,Off,Off,Off,Off,Off,Off,,,,,Off,Off,Off,Off,,,,,,,,,Off,Off,Off,Off
2026-07-29 01:00:00,Off,Off,Off,Off,,,,,,,,,Off,Off,Off,Off,Off,Off,Off,Off,,,,,Off,Off,Off,Off,,,,,,,,,On,On,On,On
2026-07-29 03:00:00,Off,Off,Off,Off,,,,,,,,,Off,Off,Off,Off,Off,Off,Off,Off,,,,,Off,Off,Off,Off,,,,,,,,,Off,Off,Off,Off
2026-07-29 05:00:00,On,On,On,On,,,,,,,,,Off,Off,Off,Off,Off,Off,Off,Off,,,,,Off,Off,Off,Off,,,,,,,,,Off,Off,Off,Off
2026-07-29 07:00:00,Off,Off,Off,Off,,,,,,,,,On,On,On,On,Off,Off,Off,Off,,,,,Off,Off,Off,Off,,,,,,,,,Off,Off,Off,Off
2026-07-29 09:00:00,Off,Off,Off,Off,,,,,,,,,Off,Off,Off,Off,Off,Off,Off,Off,,,,,Off,Off,Off,Off,,,,,,,,,Off,Off,Off,Off
2026-07-29 11:00:00,Off,Off,Off,Off,,,,,,,,,Off,Off,Off,Off,Off,Off,Off,Off,,,,,On,On,On,On,,,,,,,,,Off,Off,Off,Off
2026-07-29 13:00:00,Off,Off,Off,Off,,,,,On,On,On,On,On,On,On,On,On,On,On,On,,,,,On,On,On,On,,,,,,,,,Off,Off,Off,Off
2026-07-29 15:00:00,Off,Off,Off,Off,Off,Off,Off,Off,On,On,On,On,Off,Off,Off,Off,Off,Off,Off,Off,,,,,Off,Off,Off,Off,,,,,,,,,Off,Off,Off,Off
2026-07-29 17:00:00,On,On,On,On,On,On,On,On,On,On,On,On,Off,Off,Off,Off,Off,Off,Off,Off,,,,,Off,Off,Off,Off,,,,,,,,,Off,Off,Off,Off
2026-07-29 19:00:00,Off,Off,Off,Off,,,,,On,On,On,On,Off,Off,Off,Off,Off,Off,Off,Off,,,,,Off,Off,Off,Off,,,,,,,,,Off,Off,Off,Off
2026-07-29 21:00:00,On,On,On,On,,,,,On,On,On,On,Off,Off,Off,Off,Off,Off,Off,Off,,,,,Off,Off,Off,Off,,,,,,,,,Off,Off,Off,Off
2026-07-29 23:00:00,On,On,On,On,,,,,Off,Off,Off,Off,Off,Off,Off,Off,Off,Off,Off,Off,,,,,Off,Off,Off,Off,,,,,,,,,Off,Off,Off,Off
2026-07-30 01:00:00,On,On,On,On,,,,,Off,Off,Off,Off,Off,Off,Off,Off,Off,Off,Off,Off,,,,,Off,Off,Off,Off,,,,,,,,,On,On,On,On
2026-07-30 03:00:00,Off,Off,Off,Off,,,,,Off,Off,Off,Off,Off,Off,Off,Off,Off,Off,Off,Off,,,,,Off,Off,Off,Off,,,,,,,,,Off,Off,Off,Off
2026-07-30 05:00:00,Off,Off,Off,Off,,,,,Off,Off,Off,Off,Off,Off,Off,Off,Off,Off,Off,Off,,,,,Off,Off,Off,Off,,,,,,,,,Off,Off,Off,Off
2026-07-30 07:00:00,Off,Off,Off,Off,,,,,On,On,On,On,On,On,On,On,Off,Off,Off,Off,,,,,Off,Off,Off,Off,,,,,,,,,Off,Off,Off,Off
2026-07-30 09:00:00,Off,Off,Off,Off,On,On,On,On,Off,Off,Off,Off,Off,Off,Off,Off,Off,Off,Off,Off,,,,,Off,Off,Off,Off,,,,,,,,,Off,Off,Off,Off
2026-07-30 11:00:00,Off,Off,Off,Off,,,,,On,On,On,On,Off,Off,Off,Off,Off,Off,Off,Off,,,,,Off,Off,Off,Off,,,,,,,,,On,On,On,On
2026-07-30 13:00:00,Off,Off,Off,Off,Off,Off,Off,Off,On,On,On,On,Off,Off,Off,Off,Off,Off,Off,Off,,,,,On,On,On,On,,,,,,,,,Off,Off,Off,Off
2026-07-30 15:00:00,Off,Off,Off,Off,Off,Off,Off,Off,Off,Off,Off,Off,Off,Off,Off,Off,On,On,On,On,,,,,Off,Off,Off,Off,,,,,,,,,Off,Off,Off,Off
2026-07-30 17:00:00,On,On,On,On,Off,Off,Off,Off,Off,Off,Off,Off,Off,Off,Off,Off,Off,Off,Off,Off,,,,,Off,Off,Off,Off,,,,,,,,,Off,Off,Off,Off
2026-07-30 19:00:00,Off,Off,Off,Off,On,On,On,On,Off,Off,Off,Off,Off,Off,Off,Off,Off,Off,Off,Off,,,,,Off,Off,Off,Off,,,,,,,,,Off,Off,Off,Off
2026-07-30 21:00:00,Off,Off,Off,Off,On,On,On,On,Off,Off,Off,Off,Off,Off,Off,Off,Off,Off,Off,Off,,,,,Off,Off,Off,Off,,,,,,,,,Off,Off,Off,Off
2026-07-30 23:00:00,On,On,On,On,On,On,On,On,Off,Off,Off,Off,Off,Off,Off,Off,Off,Off,Off,Off,,,,,Off,Off,Off,Off,,,,,,,,,Off,Off,Off,Off
2026-07-31 01:00:00,Off,Off,Off,Off,On,On,On,On,Off,Off,Off,Off,Off,Off,Off,Off,Off,Off,Off,Off,,,,,Off,Off,Off,Off,,,,,,,,,On,On,On,On
2026-07-31 03:00:00,Off,Off,Off,Off,Off,Off,Off,Off,Off,Off,Off,Off,Off,Off,Off,Off,Off,Off,Off,Off,,,,,Off,Off,Off,Off,,,,,,,,,Off,Off,Off,Off
2026-07-31 05:00:00,On,On,On,On,Off,Off,Off,Off,Off,Off,Off,Off,Off,Off,Off,Off,Off,Off,Off,Off,,,,,Off,Off,Off,Off,,,,,,,,,Off,Off,Off,Off
2026-07-31 07:00:00,Off,Off,Off,Off,Off,Off,Off,Off,On,On,On,On,Off,Off,Off,Off,Off,Off,Off,Off,,,,,Off,Off,Off,Off,,,,,,,,,Off,Off,Off,Off
2026-07-31 09:00:00,On,On,On,On,Off,Off,Off,Off,On,On,On,On,Off,Off,Off,Off,Off,Off,Off,Off,,,,,Off,Off,Off,Off,,,,,,,,,Off,Off,Off,Off
2026-07-31 11:00:00,On,On,On,On,On,On,On,On,On,On,On,On,On,On,On,On,Off,Off,Off,Off,,,,,Off,Off,Off,Off,,,,,,,,,On,On,On,On
2026-07-31 13:00:00,On,On,On,On,Off,Off,Off,Off,Off,Off,Off,Off,On,On,On,On,Off,Off,Off,Off,,,,,On,On,On,On,,,,,,,,,Off,Off,Off,Off
2026-07-31 15:00:00,,,,,Off,Off,Off,Off,Off,Off,Off,Off,Off,Off,Off,Off,Off,Off,Off,Off,,,,,Off,Off,Off,Off,,,,,,,,,Off,Off,Off,Off
2026-07-31 17:00:00,,,,,Off,Off,Off,Off,Off,Off,Off,Off,Off,Off,Off,Off,Off,Off,Off,Off,,,,,On,On,On,On,,,,,,,,,Off,Off,Off,Off
2026-07-31 19:00:00,,,,,Off,Off,Off,Off,Off,Off,Off,Off,Off,Off,Off,Off,Off,Off,Off,Off,,,,,Off,Off,Off,Off,,,,,,,,,Off,Off,Off,Off
2026-07-31 21:00:00,,,,,Off,Off,Off,Off,Off,Off,Off,Off,Off,Off,Off,Off,Off,Off,Off,Off,,,,,Off,Off,Off,Off,,,,,,,,,Off,Off,Off,Off
2026-07-31 23:00:00,,,,,Off,Off,Off,Off,Off,Off,Off,Off,Off,Off,Off,Off,Off,Off,Off,Off,,,,,Off,Off,Off,Off,,,,,,,,,Off,Off,Off,Off
2026-08-01 01:00:00,,,,,On,On,On,On,Off,Off,Off,Off,Off,Off,Off,Off,Off,Off,Off,Off,,,,,On,On,On,On,,,,,,,,,On,On,On,On
2026-08-01 03:00:00,,,,,On,On,On,On,Off,Off,Off,Off,Off,Off,Off,Off,Off,Off,Off,Off,,,,,Off,Off,Off,Off,,,,,,,,,Off,Off,Off,Off
2026-08-01 05:00:00,,,,,Off,Off,Off,Off,Off,Off,Off,Off,Off,Off,Off,Off,Off,Off,Off,Off,,,,,Off,Off,Off,Off,,,,,,,,,Off,Off,Off,Off
2026-08-01 07:00:00,,,,,Off,Off,Off,Off,Off,Off,Off,Off,Off,Off,Off,Off,Off,Off,Off,Off,,,,,Off,Off,Off,Off,,,,,,,,,Off,Off,Off,Off
2026-08-01 09:00:00,,,,,Off,Off,Off,Off,On,On,On,On,Off,Off,Off,Off,Off,Off,Off,Off,,,,,Off,Off,Off,Off,,,,,,,,,Off,Off,Off,Off
2026-08-01 11:00:00,,,,,Off,Off,Off,Off,Off,Off,Off,Off,Off,Off,Off,Off,Off,Off,Off,Off,,,,,Off,Off,Off,Off,,,,,,,,,Off,Off,Off,Off
2026-08-01 13:00:00,,,,,Off,Off,Off,Off,Off,Off,Off,Off,On,On,On,On,Off,Off,Off,Off,,,,,Off,Off,Off,Off,,,,,,,,,Off,Off,Off,Off
2026-08-01 15:00:00,,,,,Off,Off,Off,Off,Off,Off,Off,Off,Off,Off,Off,Off,Off,Off,Off,Off,,,,,Off,Off,Off,Off,,,,,,,,,Off,Off,Off,Off
2026-08-01 17:00:00,,,,,Off,Off,Off,Off,On,On,On,On,Off,Off,Off,Off,Off,Off,Off,Off,,,,,Off,Off,Off,Off,,,,,,,,,Off,Off,Off,Off
2026-08-01 19:00:00,,,,,Off,Off,Off,Off,Off,Off,Off,Off,On,On,On,On,Off,Off,Off,Off,,,,,Off,Off,Off,Off,,,,,,,,,Off,Off,Off,Off
2026-08-01 21:00:00,Off,Off,Off,Off,Off,Off,Off,Off,Off,Off,Off,Off,On,On,On,On,Off,Off,Off,Off,,,,,Off,Off,Off,Off,,,,,,,,,Off,Off,Off,Off
2026-08-01 23:00:00,On,On,On,On,Off,Off,Off,Off,Off,Off,Off,Off,Off,Off,Off,Off,Off,Off,Off,Off,,,,,Off,Off,Off,Off,,,,,,,,,Off,Off,Off,Off
2026-08-02 01:00:00,Off,Off,Off,Off,On,On,On,On,Off,Off,Off,Off,Off,Off,Off,Off,Off,Off,Off,Off,,,,,Off,Off,Off,Off,,,,,,,,,On,On,On,On
2026-08-02 03:00:00,Off,Off,Off,Off,Off,Off,Off,Off,Off,Off,Off,Off,Off,Off,Off,Off,Off,Off,Off,Off,,,,,Off,Off,Off,Off,,,,,,,,,Off,Off,Off,Off
2026-08-02 05:00:00,Off,Off,Off,Off,Off,Off,Off,Off,Off,Off,Off,Off,Off,Off,Off,Off,Off,Off,Off,Off,,,,,Off,Off,Off,Off,,,,,,,,,Off,Off,Off,Off
2026-08-02 07:00:00,Off,Off,Off,Off,Off,Off,Off,Off,On,On,On,On,Off,Off,Off,Off,Off,Off,Off,Off,,,,,Off,Off,Off,Off,,,,,,,,,Off,Off,Off,Off
2026-08-02 09:00:00,Off,Off,Off,Off,Off,Off,Off,Off,Off,Off,Off,Off,Off,Off,Off,Off,Off,Off,Off,Off,,,,,Off,Off,Off,Off,,,,,,,,,Off,Off,Off,Off
2026-08-02 11:00:00,Off,Off,Off,Off,Off,Off,Off,Off,Off,Off,Off,Off,Off,Off,Off,Off,Off,Off,Off,Off,,,,,Off,Off,Off,Off,,,,,,,,,Off,Off,Off,Off
2026-08-02 13:00:00,On,On,On,On,Off,Off,Off,Off,Off,Off,Off,Off,On,On,On,On,Off,Off,Off,Off,,,,,Off,Off,Off,Off,,,,,,,,,Off,Off,Off,Off
2026-08-02 15:00:00,Off,Off,Off,Off,Off,Off,Off,Off,Off,Off,Off,Off,Off,Off,Off,Off,Off,Off,Off,Off,,,,,Off,Off,Off,Off,,,,,,,,,Off,Off,Off,Off
2026-08-02 17:00:00,On,On,On,On,Off,Off,Off,Off,On,On,On,On,Off,Off,Off,Off,Off,Off,Off,Off,,,,,Off,Off,Off,Off,,,,,,,,,Off,Off,Off,Off
2026-08-02 19:00:00,On,On,On,On,Off,Off,Off,Off,Off,Off,Off,Off,Off,Off,Off,Off,Off,Off,Off,Off,,,,,Off,Off,Off,Off,,,,,,,,,Off,Off,Off,Off
2026-08-02 21:00:00,On,On,On,On,Off,Off,Off,Off,Off,Off,Off,Off,Off,Off,Off,Off,Off,Off,Off,Off,,,,,Off,Off,Off,Off,,,,,,,,,Off,Off,Off,Off
2026-08-02 23:00:00,On,On,On,On,Off,Off,Off,Off,Off,Off,Off,Off,Off,Off,Off,Off,Off,Off,Off,Off,On,On,On,On,Off,Off,Off,Off,,,,,,,,,On,On,On,On
2026-08-03 01:00:00,Off,Off,Off,Off,On,On,On,On,Off,Off,Off,Off,Off,Off,Off,Off,Off,Off,Off,Off,On,On,On,On,Off,Off,Off,Off,,,,,,,,,Off,Off,Off,Off
2026-08-03 03:00:00,Off,Off,Off,Off,Off,Off,Off,Off,Off,Off,Off,Off,Off,Off,Off,Off,Off,Off,Off,Off,,,,,Off,Off,Off,Off,,,,,,,,,Off,Off,Off,Off
2026-08-03 05:00:00,On,On,On,On,Off,Off,Off,Off,Off,Off,Off,Off,Off,Off,Off,Off,Off,Off,Off,Off,,,,,On,On,On,On,,,,,,,,,Off,Off,Off,Off
2026-08-03 07:00:00,Off,Off,Off,Off,Off,Off,Off,Off,Off,Off,Off,Off,Off,Off,Off,Off,Off,Off,Off,Off,On,On,On,On,Off,Off,Off,Off,,,,,,,,,Off,Off,Off,Off
2026-08-03 09:00:00,Off,Off,Off,Off,Off,Off,Off,Off,On,On,On,On,Off,Off,Off,Off,Off,Off,Off,Off,,,,,Off,Off,Off,Off,,,,,,,,,Off,Off,Off,Off
2026-08-03 11:00:00,Off,Off,Off,Off,Off,Off,Off,Off,Off,Off,Off,Off,Off,Off,Off,Off,Off,Off,Off,Off,,,,,Off,Off,Off,Off,,,,,,,,,Off,Off,Off,Off
2026-08-03 13:00:00,Off,Off,Off,Off,Off,Off,Off,Off,Off,Off,Off,Off,On,On,On,On,Off,Off,Off,Off,Off,Off,Off,Off,Off,Off,Off,Off,,,,,,,,,Off,Off,Off,Off
2026-08-03 15:00:00,Off,Off,Off,Off,Off,Off,Off,Off,Off,Off,Off,Off,Off,Off,Off,Off,Off,Off,Off,Off,On,On,On,On,On,On,On,On,,,,,,,,,Off,Off,Off,Off
2026-08-03 17:00:00,Off,Off,Off,Off,Off,Off,Off,Off,Off,Off,Off,Off,Off,Off,Off,Off,Off,Off,Off,Off,,,,,Off,Off,Off,Off,,,,,,,,,Off,Off,Off,Off
2026-08-03 19:00:00,Off,Off,Off,Off,Off,Off,Off,Off,Off,Off,Off,Off,Off,Off,Off,Off,Off,Off,Off,Off,,,,,Off,Off,Off,Off,,,,,,,,,Off,Off,Off,Off
2026-08-03 21:00:00,Off,Off,Off,Off,Off,Off,Off,Off,Off,Off,Off,Off,Off,Off,Off,Off,,,,,Off,Off,Off,Off,Off,Off,Off,Off,,,,,,,,,Off,Off,Off,Off
2026-08-03 23:00:00,On,On,On,On,Off,Off,Off,Off,Off,Off,Off,Off,Off,Off,Off,Off,Off,Off,Off,Off,Off,Off,Off,Off,Off,Off,Off,Off,,,,,,,,,Off,Off,Off,Off
2026-08-04 01:00:00,Off,Off,Off,Off,On,On,On,On,Off,Off,Off,Off,Off,Off,Off,Off,,,,,On,On,On,On,Off,Off,Off,Off,,,,,,,,,On,On,On,On
2026-08-04 03:00:00,Off,Off,Off,Off,On,On,On,On,Off,Off,Off,Off,Off,Off,Off,Off,,,,,On,On,On,On,Off,Off,Off,Off,,,,,,,,,Off,Off,Off,Off
2026-08-04 05:00:00,On,On,On,On,Off,Off,Off,Off,Off,Off,Off,Off,Off,Off,Off,Off,Off,Off,Off,Off,,,,,Off,Off,Off,Off,,,,,,,,,Off,Off,Off,Off
2026-08-04 07:00:00,Off,Off,Off,Off,Off,Off,Off,Off,On,On,On,On,Off,Off,Off,Off,Off,Off,Off,Off,Off,Off,Off,Off,Off,Off,Off,Off,,,,,,,,,Off,Off,Off,Off
2026-08-04 09:00:00,Off,Off,Off,Off,Off,Off,Off,Off,Off,Off,Off,Off,Off,Off,Off,Off,Off,Off,Off,Off,On,On,On,On,Off,Off,Off,Off,,,,,,,,,Off,Off,Off,Off
2026-08-04 11:00:00,Off,Off,Off,Off,Off,Off,Off,Off,On,On,On,On,On,On,On,On,Off,Off,Off,Off,,,,,Off,Off,Off,Off,,,,,,,,,Off,Off,Off,Off
2026-08-04 13:00:00,Off,Off,Off,Off,Off,Off,Off,Off,Off,Off,Off,Off,On,On,On,On,Off,Off,Off,Off,,,,,Off,Off,Off,Off,,,,,,,,,Off,Off,Off,Off
2026-08-04 15:00:00,Off,Off,Off,Off,Off,Off,Off,Off,Off,Off,Off,Off,Off,Off,Off,Off,Off,Off,Off,Off,,,,,On,On,On,On,,,,,,,,,Off,Off,Off,Off
2026-08-04 17:00:00,On,On,On,On,Off,Off,Off,Off,Off,Off,Off,Off,Off,Off,Off,Off,,,,,,,,,Off,Off,Off,Off,,,,,,,,,Off,Off,Off,Off
2026-08-04 19:00:00,Off,Off,Off,Off,Off,Off,Off,Off,Off,Off,Off,Off,Off,Off,Off,Off,Off,Off,Off,Off,,,,,Off,Off,Off,Off,,,,,,,,,Off,Off,Off,Off
2026-08-04 21:00:00,Off,Off,Off,Off,Off,Off,Off,Off,Off,Off,Off,Off,On,On,On,On,Off,Off,Off,Off,On,On,On,On,Off,Off,Off,Off,,,,,,,,,Off,Off,Off,Off
2026-08-04 23:00:00,Off,Off,Off,Off,Off,Off,Off,Off,Off,Off,Off,Off,Off,Off,Off,Off,Off,Off,Off,Off,,,,,Off,Off,Off,Off,,,,,,,,,Off,Off,Off,Off
2026-08-05 01:00:00,On,On,On,On,Off,Off,Off,Off,Off,Off,Off,Off,Off,Off,Off,Off,Off,Off,Off,Off,,,,,On,On,On,On,,,,,,,,,On,On,On,On
2026-08-05 03:00:00,On,On,On,On,On,On,On,On,Off,Off,Off,Off,Off,Off,Off,Off,Off,Off,Off,Off,,,,,Off,Off,Off,Off,,,,,,,,,Off,Off,Off,Off
2026-08-05 05:00:00,On,On,On,On,On,On,On,On,Off,Off,Off,Off,Off,Off,Off,Off,Off,Off,Off,Off,,,,,Off,Off,Off,Off,,,,,,,,,Off,Off,Off,Off
2026-08-05 07:00:00,Off,Off,Off,Off,On,On,On,On,Off,Off,Off,Off,Off,Off,Off,Off,Off,Off,Off,Off,,,,,Off,Off,Off,Off,,,,,,,,,Off,Off,Off,Off
2026-08-05 09:00:00,On,On,On,On,Off,Off,Off,Off,On,On,On,On,Off,Off,Off,Off,Off,Off,Off,Off,On,On,On,On,Off,Off,Off,Off,,,,,,,,,Off,Off,Off,Off
2026-08-05 11:00:00,Off,Off,Off,Off,Off,Off,Off,Off,Off,Off,Off,Off,Off,Off,Off,Off,Off,Off,Off,Off,Off,Off,Off,Off,Off,Off,Off,Off,,,,,,,,,On,On,On,On
2026-08-05 13:00:00,Off,Off,Off,Off,Off,Off,Off,Off,Off,Off,Off,Off,Off,Off,Off,Off,Off,Off,Off,Off,,,,,Off,Off,Off,Off,,,,,,,,,Off,Off,Off,Off
2026-08-05 15:00:00,Off,Off,Off,Off,Off,Off,Off,Off,Off,Off,Off,Off,Off,Off,Off,Off,Off,Off,Off,Off,On,On,On,On,On,On,On,On,,,,,,,,,Off,Off,Off,Off
2026-08-05 17:00:00,On,On,On,On,Off,Off,Off,Off,Off,Off,Off,Off,Off,Off,Off,Off,Off,Off,Off,Off,,,,,Off,Off,Off,Off,,,,,,,,,Off,Off,Off,Off
2026-08-05 19:00:00,Off,Off,Off,Off,Off,Off,Off,Off,Off,Off,Off,Off,Off,Off,Off,Off,Off,Off,Off,Off,,,,,Off,Off,Off,Off,,,,,,,,,Off,Off,Off,Off
2026-08-05 21:00:00,Off,Off,Off,Off,Off,Off,Off,Off,Off,Off,Off,Off,Off,Off,Off,Off,Off,Off,Off,Off,On,On,On,On,Off,Off,Off,Off,,,,,,,,,Off,Off,Off,Off
2026-08-05 23:00:00,On,On,On,On,Off,Off,Off,Off,Off,Off,Off,Off,Off,Off,Off,Off,Off,Off,Off,Off,On,On,On,On,Off,Off,Off,Off,,,,,,,,,On,On,On,On
2026-08-06 01:00:00,Off,Off,Off,Off,Off,Off,Off,Off,Off,Off,Off,Off,Off,Off,Off,Off,Off,Off,Off,Off,On,On,On,On,Off,Off,Off,Off,,,,,,,,,On,On,On,On
2026-08-06 03:00:00,On,On,On,On,Off,Off,Off,Off,Off,Off,Off,Off,Off,Off,Off,Off,Off,Off,Off,Off,On,On,On,On,Off,Off,Off,Off,,,,,,,,,Off,Off,Off,Off
2026-08-06 05:00:00,On,On,On,On,Off,Off,Off,Off,Off,Off,Off,Off,Off,Off,Off,Off,Off,Off,Off,Off,Off,Off,Off,Off,Off,Off,Off,Off,,,,,,,,,On,On,On,On
2026-08-06 07:00:00,Off,Off,Off,Off,Off,Off,Off,Off,Off,Off,Off,Off,Off,Off,Off,Off,Off,Off,Off,Off,Off,Off,Off,Off,Off,Off,Off,Off,,,,,,,,,Off,Off,Off,Off
2026-08-06 09:00:00,Off,Off,Off,Off,Off,Off,Off,Off,On,On,On,On,Off,Off,Off,Off,Off,Off,Off,Off,On,On,On,On,Off,Off,Off,Off,,,,,,,,,Off,Off,Off,Off
2026-08-06 11:00:00,Off,Off,Off,Off,Off,Off,Off,Off,Off,Off,Off,Off,On,On,On,On,Off,Off,Off,Off,Off,Off,Off,Off,Off,Off,Off,Off,,,,,On,On,On,On,On,On,On,On
2026-08-06 13:00:00,Off,Off,Off,Off,Off,Off,Off,Off,On,On,On,On,Off,Off,Off,Off,Off,Off,Off,Off,Off,Off,Off,Off,On,On,On,On,,,,,,,,,Off,Off,Off,Off
2026-08-06 15:00:00,Off,Off,Off,Off,Off,Off,Off,Off,Off,Off,Off,Off,Off,Off,Off,Off,Off,Off,Off,Off,Off,Off,Off,Off,Off,Off,Off,Off,,,,,,,,,Off,Off,Off,Off
2026-08-06 17:00:00,On,On,On,On,Off,Off,Off,Off,Off,Off,Off,Off,Off,Off,Off,Off,Off,Off,Off,Off,Off,Off,Off,Off,Off,Off,Off,Off,,,,,,,,,On,On,On,On
2026-08-06 19:00:00,Off,Off,Off,Off,Off,Off,Off,Off,Off,Off,Off,Off,Off,Off,Off,Off,Off,Off,Off,Off,Off,Off,Off,Off,Off,Off,Off,Off,,,,,,,,,On,On,On,On
2026-08-06 21:00:00,Off,Off,Off,Off,Off,Off,Off,Off,Off,Off,Off,Off,Off,Off,Off,Off,Off,Off,Off,Off,Off,Off,Off,Off,Off,Off,Off,Off,,,,,,,,,On,On,On,On
2026-08-06 23:00:00,Off,Off,Off,Off,Off,Off,Off,Off,Off,Off,Off,Off,Off,Off,Off,Off,Off,Off,Off,Off,Off,Off,Off,Off,Off,Off,Off,Off,,,,,,,,,,,,
2026-08-07 01:00:00,Off,Off,Off,Off,On,On,On,On,Off,Off,Off,Off,Off,Off,Off,Off,Off,Off,Off,Off,Off,Off,Off,Off,Off,Off,Off,Off,,,,,,,,,On,On,On,On
2026-08-07 03:00:00,Off,Off,Off,Off,Off,Off,Off,Off,Off,Off,Off,Off,Off,Off,Off,Off,Off,Off,Off,Off,Off,Off,Off,Off,Off,Off,Off,Off,,,,,,,,,Off,Off,Off,Off
2026-08-07 05:00:00,On,On,On,On,Off,Off,Off,Off,Off,Off,Off,Off,Off,Off,Off,Off,Off,Off,Off,Off,Off,Off,Off,Off,Off,Off,Off,Off,,,,,,,,,Off,Off,Off,Off
2026-08-07 07:00:00,Off,Off,Off,Off,Off,Off,Off,Off,On,On,On,On,Off,Off,Off,Off,Off,Off,Off,Off,Off,Off,Off,Off,Off,Off,Off,Off,,,,,,,,,Off,Off,Off,Off
2026-08-07 09:00:00,Off,Off,Off,Off,On,On,On,On,Off,Off,Off,Off,Off,Off,Off,Off,Off,Off,Off,Off,Off,Off,Off,Off,Off,Off,Off,Off,,,,,,,,,On,On,On,On
2026-08-07 11:00:00,Off,Off,Off,Off,Off,Off,Off,Off,Off,Off,Off,Off,Off,Off,Off,Off,Off,Off,Off,Off,On,On,On,On,Off,Off,Off,Off,,,,,,,,,On,On,On,On
2026-08-07 13:00:00,Off,Off,Off,Off,On,On,On,On,Off,Off,Off,Off,Off,Off,Off,Off,Off,Off,Off,Off,Off,Off,Off,Off,On,On,On,On,,,,,,,,,Off,Off,Off,Off
2026-08-07 15:00:00,Off,Off,Off,Off,Off,Off,Off,Off,Off,Off,Off,Off,Off,Off,Off,Off,Off,Off,Off,Off,Off,Off,Off,Off,On,On,On,On,,,,,,,,,Off,Off,Off,Off
2026-08-07 17:00:00,On,On,On,On,Off,Off,Off,Off,Off,Off,Off,Off,Off,Off,Off,Off,Off,Off,Off,Off,On,On,On,On,Off,Off,Off,Off,,,,,,,,,Off,Off,Off,Off
2026-08-07 19:00:00,Off,Off,Off,Off,On,On,On,On,Off,Off,Off,Off,Off,Off,Off,Off,Off,Off,Off,Off,Off,Off,Off,Off,Off,Off,Off,Off,,,,,,,,,On,On,On,On
2026-08-07 21:00:00,Off,Off,Off,Off,Off,Off,Off,Off,Off,Off,Off,Off,Off,Off,Off,Off,Off,Off,Off,Off,Off,Off,Off,Off,Off,Off,Off,Off,,,,,,,,,Off,Off,Off,Off
2026-08-07 23:00:00,Off,Off,Off,Off,Off,Off,Off,Off,Off,Off,Off,Off,Off,Off,Off,Off,Off,Off,Off,Off,Off,Off,Off,Off,Off,Off,Off,Off,,,,,,,,,Off,Off,Off,Off
2026-08-08 01:00:00,On,On,On,On,Off,Off,Off,Off,Off,Off,Off,Off,Off,Off,Off,Off,Off,Off,Off,Off,Off,Off,Off,Off,Off,Off,Off,Off,,,,,,,,,Off,Off,Off,Off
2026-08-08 03:00:00,Off,Off,Off,Off,Off,Off,Off,Off,Off,Off,Off,Off,Off,Off,Off,Off,Off,Off,Off,Off,Off,Off,Off,Off,Off,Off,Off,Off,,,,,,,,,Off,Off,Off,Off
2026-08-08 05:00:00,Off,Off,Off,Off,Off,Off,Off,Off,Off,Off,Off,Off,Off,Off,Off,Off,Off,Off,Off,Off,Off,Off,Off,Off,Off,Off,Off,Off,,,,,,,,,Off,Off,Off,Off
2026-08-08 07:00:00,Off,Off,Off,Off,Off,Off,Off,Off,Off,Off,Off,Off,Off,Off,Off,Off,Off,Off,Off,Off,Off,Off,Off,Off,Off,Off,Off,Off,,,,,,,,,Off,Off,Off,Off
2026-08-08 09:00:00,Off,Off,Off,Off,Off,Off,Off,Off,On,On,On,On,Off,Off,Off,Off,Off,Off,Off,Off,Off,Off,Off,Off,Off,Off,Off,Off,,,,,,,,,Off,Off,Off,Off
2026-08-08 11:00:00,Off,Off,Off,Off,On,On,On,On,Off,Off,Off,Off,On,On,On,On,Off,Off,Off,Off,Off,Off,Off,Off,Off,Off,Off,Off,,,,,,,,,On,On,On,On
2026-08-08 13:00:00,On,On,On,On,On,On,On,On,Off,Off,Off,Off,On,On,On,On,Off,Off,Off,Off,On,On,On,On,On,On,On,On,,,,,,,,,Off,Off,Off,Off
2026-08-08 15:00:00,Off,Off,Off,Off,On,On,On,On,Off,Off,Off,Off,Off,Off,Off,Off,Off,Off,Off,Off,Off,Off,Off,Off,Off,Off,Off,Off,,,,,,,,,Off,Off,Off,Off
2026-08-08 17:00:00,On,On,On,On,On,On,On,On,Off,Off,Off,Off,Off,Off,Off,Off,Off,Off,Off,Off,Off,Off,Off,Off,Off,Off,Off,Off,,,,,,,,,Off,Off,Off,Off
2026-08-08 19:00:00,Off,Off,Off,Off,Off,Off,Off,Off,Off,Off,Off,Off,Off,Off,Off,Off,Off,Off,Off,Off,Off,Off,Off,Off,Off,Off,Off,Off,,,,,,,,,Off,Off,Off,Off
2026-08-08 21:00:00,Off,Off,Off,Off,Off,Off,Off,Off,Off,Off,Off,Off,Off,Off,Off,Off,Off,Off,Off,Off,Off,Off,Off,Off,Off,Off,Off,Off,,,,,,,,,On,On,On,On
2026-08-08 23:00:00,On,On,On,On,Off,Off,Off,Off,Off,Off,Off,Off,Off,Off,Off,Off,Off,Off,Off,Off,Off,Off,Off,Off,Off,Off,Off,Off,,,,,,,,,On,On,On,On
2026-08-09 01:00:00,Off,Off,Off,Off,On,On,On,On,On,On,On,On,Off,Off,Off,Off,Off,Off,Off,Off,Off,Off,Off,Off,Off,Off,Off,Off,,,,,,,,,Off,Off,Off,Off
2026-08-09 03:00:00,Off,Off,Off,Off,Off,Off,Off,Off,Off,Off,Off,Off,Off,Off,Off,Off,Off,Off,Off,Off,Off,Off,Off,Off,Off,Off,Off,Off,,,,,,,,,Off,Off,Off,Off
2026-08-09 05:00:00,On,On,On,On,Off,Off,Off,Off,Off,Off,Off,Off,Off,Off,Off,Off,Off,Off,Off,Off,Off,Off,Off,Off,Off,Off,Off,Off,,,,,,,,,On,On,On,On
2026-08-09 07:00:00,Off,Off,Off,Off,Off,Off,Off,Off,Off,Off,Off,Off,Off,Off,Off,Off,Off,Off,Off,Off,Off,Off,Off,Off,Off,Off,Off,Off,,,,,,,,,,,,
2026-08-09 09:00:00,Off,Off,Off,Off,Off,Off,Off,Off,Off,Off,Off,Off,Off,Off,Off,Off,Off,Off,Off,Off,Off,Off,Off,Off,Off,Off,Off,Off,,,,,On,On,On,On,On,On,On,On
2026-08-09 11:00:00,Off,Off,Off,Off,Off,Off,Off,Off,Off,Off,Off,Off,Off,Off,Off,Off,Off,Off,Off,Off,On,On,On,On,Off,Off,Off,Off,,,,,,,,,On,On,On,On
2026-08-09 13:00:00,Off,Off,Off,Off,Off,Off,Off,Off,On,On,On,On,On,On,On,On,Off,Off,Off,Off,On,On,On,On,On,On,On,On,,,,,,,,,Off,Off,Off,Off
2026-08-09 15:00:00,On,On,On,On,Off,Off,Off,Off,Off,Off,Off,Off,Off,Off,Off,Off,Off,Off,Off,Off,Off,Off,Off,Off,Off,Off,Off,Off,,,,,,,,,Off,Off,Off,Off
2026-08-09 17:00:00,On,On,On,On,Off,Off,Off,Off,Off,Off,Off,Off,Off,Off,Off,Off,Off,Off,Off,Off,Off,Off,Off,Off,Off,Off,Off,Off,,,,,,,,,Off,Off,Off,Off
2026-08-09 19:00:00,Off,Off,Off,Off,Off,Off,Off,Off,Off,Off,Off,Off,Off,Off,Off,Off,Off,Off,Off,Off,Off,Off,Off,Off,Off,Off,Off,Off,,,,,,,,,Off,Off,Off,Off
2026-08-09 21:00:00,Off,Off,Off,Off,Off,Off,Off,Off,Off,Off,Off,Off,Off,Off,Off,Off,Off,Off,Off,Off,Off,Off,Off,Off,Off,Off,Off,Off,,,,,,,,,Off,Off,Off,Off
2026-08-09 23:00:00,Off,Off,Off,Off,Off,Off,Off,Off,Off,Off,Off,Off,On,On,On,On,Off,Off,Off,Off,Off,Off,Off,Off,Off,Off,Off,Off,,,,,,,,,On,On,On,On
2026-08-10 01:00:00,On,On,On,On,On,On,On,On,Off,Off,Off,Off,On,On,On,On,Off,Off,Off,Off,Off,Off,Off,Off,Off,Off,Off,Off,,,,,,,,,Off,Off,Off,Off
2026-08-10 03:00:00,Off,Off,Off,Off,Off,Off,Off,Off,Off,Off,Off,Off,Off,Off,Off,Off,Off,Off,Off,Off,Off,Off,Off,Off,Off,Off,Off,Off,,,,,,,,,On,On,On,On
2026-08-10 05:00:00,On,On,On,On,On,On,On,On,On,On,On,On,Off,Off,Off,Off,Off,Off,Off,Off,Off,Off,Off,Off,Off,Off,Off,Off,,,,,,,,,Off,Off,Off,Off
2026-08-10 07:00:00,Off,Off,Off,Off,On,On,On,On,Off,Off,Off,Off,Off,Off,Off,Off,Off,Off,Off,Off,Off,Off,Off,Off,Off,Off,Off,Off,,,,,,,,,Off,Off,Off,Off
2026-08-10 09:00:00,Off,Off,Off,Off,Off,Off,Off,Off,On,On,On,On,Off,Off,Off,Off,Off,Off,Off,Off,On,On,On,On,Off,Off,Off,Off,,,,,,,,,Off,Off,Off,Off
2026-08-10 11:00:00,Off,Off,Off,Off,Off,Off,Off,Off,Off,Off,Off,Off,Off,Off,Off,Off,Off,Off,Off,Off,On,On,On,On,Off,Off,Off,Off,,,,,,,,,Off,Off,Off,Off
2026-08-10 13:00:00,Off,Off,Off,Off,On,On,On,On,Off,Off,Off,Off,On,On,On,On,Off,Off,Off,Off,,,,,On,On,On,On,,,,,,,,,Off,Off,Off,Off
2026-08-10 15:00:00,Off,Off,Off,Off,Off,Off,Off,Off,Off,Off,Off,Off,Off,Off,Off,Off,Off,Off,Off,Off,Off,Off,Off,Off,Off,Off,Off,Off,,,,,,,,,Off,Off,Off,Off
2026-08-10 17:00:00,On,On,On,On,Off,Off,Off,Off,Off,Off,Off,Off,Off,Off,Off,Off,Off,Off,Off,Off,Off,Off,Off,Off,Off,Off,Off,Off,,,,,,,,,On,On,On,On
2026-08-10 19:00:00,Off,Off,Off,Off,Off,Off,Off,Off,Off,Off,Off,Off,Off,Off,Off,Off,Off,Off,Off,Off,Off,Off,Off,Off,Off,Off,Off,Off,,,,,,,,,On,On,On,On
2026-08-10 21:00:00,Off,Off,Off,Off,Off,Off,Off,Off,Off,Off,Off,Off,Off,Off,Off,Off,Off,Off,Off,Off,Off,Off,Off,Off,Off,Off,Off,Off,,,,,,,,,On,On,On,On
2026-08-10 23:00:00,Off,Off,Off,Off,Off,Off,Off,Off,Off,Off,Off,Off,Off,Off,Off,Off,Off,Off,Off,Off,Off,Off,Off,Off,Off,Off,Off,Off,,,,,,,,,On,On,On,On
2026-08-11 01:00:00,On,On,On,On,On,On,On,On,Off,Off,Off,Off,On,On,On,On,Off,Off,Off,Off,Off,Off,Off,Off,Off,Off,Off,Off,,,,,,,,,Off,Off,Off,Off
2026-08-11 03:00:00,Off,Off,Off,Off,Off,Off,Off,Off,Off,Off,Off,Off,Off,Off,Off,Off,Off,Off,Off,Off,Off,Off,Off,Off,Off,Off,Off,Off,,,,,,,,,Off,Off,Off,Off
2026-08-11 05:00:00,On,On,On,On,Off,Off,Off,Off,On,On,On,On,Off,Off,Off,Off,Off,Off,Off,Off,On,On,On,On,On,On,On,On,,,,,,,,,Off,Off,Off,Off
2026-08-11 07:00:00,Off,Off,Off,Off,Off,Off,Off,Off,Off,Off,Off,Off,Off,Off,Off,Off,Off,Off,Off,Off,Off,Off,Off,Off,Off,Off,Off,Off,,,,,,,,,Off,Off,Off,Off
2026-08-11 09:00:00,Off,Off,Off,Off,Off,Off,Off,Off,On,On,On,On,Off,Off,Off,Off,Off,Off,Off,Off,Off,Off,Off,Off,Off,Off,Off,Off,,,,,,,,,Off,Off,Off,Off
2026-08-11 11:00:00,Off,Off,Off,Off,Off,Off,Off,Off,Off,Off,Off,Off,Off,Off,Off,Off,Off,Off,Off,Off,Off,Off,Off,Off,Off,Off,Off,Off,,,,,,,,,On,On,On,On
2026-08-11 13:00:00,Off,Off,Off,Off,On,On,On,On,On,On,On,On,On,On,On,On,Off,Off,Off,Off,Off,Off,Off,Off,Off,Off,Off,Off,,,,,,,,,Off,Off,Off,Off
2026-08-11 15:00:00,Off,Off,Off,Off,Off,Off,Off,Off,Off,Off,Off,Off,Off,Off,Off,Off,Off,Off,Off,Off,Off,Off,Off,Off,On,On,On,On,,,,,,,,,Off,Off,Off,Off
2026-08-11 17:00:00,Off,Off,Off,Off,Off,Off,Off,Off,Off,Off,Off,Off,Off,Off,Off,Off,Off,Off,Off,Off,Off,Off,Off,Off,Off,Off,Off,Off,,,,,,,,,Off,Off,Off,Off
2026-08-11 19:00:00,Off,Off,Off,Off,Off,Off,Off,Off,Off,Off,Off,Off,Off,Off,Off,Off,Off,Off,Off,Off,Off,Off,Off,Off,Off,Off,Off,Off,,,,,,,,,Off,Off,Off,Off
2026-08-11 21:00:00,Off,Off,Off,Off,Off,Off,Off,Off,Off,Off,Off,Off,Off,Off,Off,Off,Off,Off,Off,Off,Off,Off,Off,Off,Off,Off,Off,Off,,,,,,,,,Off,Off,Off,Off
2026-08-11 23:00:00,Off,Off,Off,Off,Off,Off,Off,Off,Off,Off,Off,Off,Off,Off,Off,Off,Off,Off,Off,Off,Off,Off,Off,Off,Off,Off,Off,Off,,,,,,,,,Off,Off,Off,Off
2026-08-12 01:00:00,Off,Off,Off,Off,On,On,On,On,Off,Off,Off,Off,Off,Off,Off,Off,Off,Off,Off,Off,Off,Off,Off,Off,Off,Off,Off,Off,,,,,,,,,On,On,On,On
2026-08-12 03:00:00,Off,Off,Off,Off,Off,Off,Off,Off,Off,Off,Off,Off,Off,Off,Off,Off,Off,Off,Off,Off,Off,Off,Off,Off,Off,Off,Off,Off,,,,,,,,,Off,Off,Off,Off
2026-08-12 05:00:00,On,On,On,On,Off,Off,Off,Off,On,On,On,On,Off,Off,Off,Off,Off,Off,Off,Off,Off,Off,Off,Off,Off,Off,Off,Off,,,,,,,,,Off,Off,Off,Off
2026-08-12 07:00:00,Off,Off,Off,Off,Off,Off,Off,Off,Off,Off,Off,Off,Off,Off,Off,Off,Off,Off,Off,Off,Off,Off,Off,Off,Off,Off,Off,Off,,,,,,,,,Off,Off,Off,Off
2026-08-12 09:00:00,Off,Off,Off,Off,Off,Off,Off,Off,On,On,On,On,Off,Off,Off,Off,Off,Off,Off,Off,Off,Off,Off,Off,Off,Off,Off,Off,,,,,,,,,Off,Off,Off,Off
2026-08-12 11:00:00,Off,Off,Off,Off,Off,Off,Off,Off,Off,Off,Off,Off,Off,Off,Off,Off,Off,Off,Off,Off,On,On,On,On,Off,Off,Off,Off,,,,,,,,,Off,Off,Off,Off
2026-08-12 13:00:00,On,On,On,On,Off,Off,Off,Off,Off,Off,Off,Off,On,On,On,On,Off,Off,Off,Off,Off,Off,Off,Off,On,On,On,On,,,,,,,,,Off,Off,Off,Off
2026-08-12 15:00:00,Off,Off,Off,Off,Off,Off,Off,Off,Off,Off,Off,Off,,,,,Off,Off,Off,Off,Off,Off,Off,Off,Off,Off,Off,Off,,,,,,,,,Off,Off,Off,Off
2026-08-12 17:00:00,On,On,On,On,Off,Off,Off,Off,On,On,On,On,,,,,Off,Off,Off,Off,Off,Off,Off,Off,Off,Off,Off,Off,,,,,,,,,On,On,On,On
2026-08-12 19:00:00,Off,Off,Off,Off,Off,Off,Off,Off,Off,Off,Off,Off,,,,,Off,Off,Off,Off,Off,Off,Off,Off,Off,Off,Off,Off,,,,,,,,,Off,Off,Off,Off
2026-08-12 21:00:00,Off,Off,Off,Off,On,On,On,On,Off,Off,Off,Off,,,,,Off,Off,Off,Off,Off,Off,Off,Off,Off,Off,Off,Off,,,,,,,,,Off,Off,Off,Off
2026-08-12 23:00:00,Off,Off,Off,Off,Off,Off,Off,Off,Off,Off,Off,Off,On,On,On,On,,,,,Off,Off,Off,Off,On,On,On,On,,,,,,,,,On,On,On,On
2026-08-13 01:00:00,Off,Off,Off,Off,Off,Off,Off,Off,Off,Off,Off,Off,Off,Off,Off,Off,,,,,Off,Off,Off,Off,Off,Off,Off,Off,,,,,,,,,Off,Off,Off,Off
2026-08-13 03:00:00,,,,,Off,Off,Off,Off,Off,Off,Off,Off,,,,,,,,,On,On,On,On,Off,Off,Off,Off,,,,,,,,,Off,Off,Off,Off
2026-08-13 05:00:00,,,,,Off,Off,Off,Off,On,On,On,On,,,,,,,,,,,,,Off,Off,Off,Off,,,,,,,,,Off,Off,Off,Off
2026-08-13 07:00:00,,,,,Off,Off,Off,Off,Off,Off,Off,Off,,,,,Off,Off,Off,Off,Off,Off,Off,Off,Off,Off,Off,Off,,,,,,,,,Off,Off,Off,Off
2026-08-13 09:00:00,On,On,On,On,Off,Off,Off,Off,On,On,On,On,,,,,Off,Off,Off,Off,On,On,On,On,Off,Off,Off,Off,,,,,,,,,Off,Off,Off,Off
2026-08-13 11:00:00,,,,,Off,Off,Off,Off,On,On,On,On,,,,,Off,Off,Off,Off,Off,Off,Off,Off,Off,Off,Off,Off,,,,,,,,,Off,Off,Off,Off
2026-08-13 13:00:00,,,,,Off,Off,Off,Off,Off,Off,Off,Off,,,,,Off,Off,Off,Off,Off,Off,Off,Off,Off,Off,Off,Off,,,,,,,,,On,On,On,On
2026-08-13 15:00:00,,,,,Off,Off,Off,Off,Off,Off,Off,Off,,,,,Off,Off,Off,Off,Off,Off,Off,Off,On,On,On,On,,,,,,,,,On,On,On,On
2026-08-13 17:00:00,,,,,Off,Off,Off,Off,Off,Off,Off,Off,,,,,Off,Off,Off,Off,On,On,On,On,On,On,On,On,,,,,,,,,,,,
2026-08-13 19:00:00,,,,,Off,Off,Off,Off,Off,Off,Off,Off,,,,,Off,Off,Off,Off,Off,Off,Off,Off,Off,Off,Off,Off,,,,,,,,,,,,
2026-08-13 21:00:00,,,,,Off,Off,Off,Off,Off,Off,Off,Off,,,,,,,,,Off,Off,Off,Off,Off,Off,Off,Off,,,,,,,,,On,On,On,On
2026-08-13 23:00:00,,,,,On,On,On,On,Off,Off,Off,Off,,,,,,,,,Off,Off,Off,Off,Off,Off,Off,Off,,,,,,,,,Off,Off,Off,Off
2026-08-14 01:00:00,,,,,Off,Off,Off,Off,Off,Off,Off,Off,On,On,On,On,,,,,Off,Off,Off,Off,Off,Off,Off,Off,,,,,,,,,Off,Off,Off,Off
2026-08-14 03:00:00,,,,,Off,Off,Off,Off,Off,Off,Off,Off,On,On,On,On,,,,,Off,Off,Off,Off,Off,Off,Off,Off,,,,,,,,,Off,Off,Off,Off
2026-08-14 05:00:00,,,,,On,On,On,On,Off,Off,Off,Off,,,,,,,,,On,On,On,On,Off,Off,Off,Off,,,,,,,,,On,On,On,On
2026-08-14 07:00:00,,,,,Off,Off,Off,Off,Off,Off,Off,Off,,,,,Off,Off,Off,Off,Off,Off,Off,Off,Off,Off,Off,Off,,,,,,,,,Off,Off,Off,Off
2026-08-14 09:00:00,,,,,Off,Off,Off,Off,On,On,On,On,,,,,Off,Off,Off,Off,Off,Off,Off,Off,Off,Off,Off,Off,,,,,,,,,Off,Off,Off,Off
2026-08-14 11:00:00,,,,,Off,Off,Off,Off,Off,Off,Off,Off,,,,,Off,Off,Off,Off,Off,Off,Off,Off,Off,Off,Off,Off,,,,,,,,,Off,Off,Off,Off
2026-08-14 13:00:00,,,,,On,On,On,On,Off,Off,Off,Off,On,On,On,On,Off,Off,Off,Off,Off,Off,Off,Off,Off,Off,Off,Off,,,,,,,,,On,On,On,On
2026-08-14 15:00:00,,,,,On,On,On,On,Off,Off,Off,Off,,,,,Off,Off,Off,Off,Off,Off,Off,Off,On,On,On,On,,,,,,,,,Off,Off,Off,Off
2026-08-14 17:00:00,,,,,On,On,On,On,Off,Off,Off,Off,,,,,Off,Off,Off,Off,On,On,On,On,Off,Off,Off,Off,,,,,,,,,On,On,On,On
2026-08-14 19:00:00,,,,,Off,Off,Off,Off,Off,Off,Off,Off,,,,,,,,,Off,Off,Off,Off,Off,Off,Off,Off,,,,,,,,,On,On,On,On
2026-08-14 21:00:00,,,,,On,On,On,On,Off,Off,Off,Off,,,,,Off,Off,Off,Off,Off,Off,Off,Off,Off,Off,Off,Off,,,,,,,,,Off,Off,Off,Off
2026-08-14 23:00:00,,,,,Off,Off,Off,Off,Off,Off,Off,Off,Off,Off,Off,Off,Off,Off,Off,Off,Off,Off,Off,Off,Off,Off,Off,Off,,,,,,,,,Off,Off,Off,Off
2026-08-15 01:00:00,,,,,Off,Off,Off,Off,Off,Off,Off,Off,On,On,On,On,Off,Off,Off,Off,Off,Off,Off,Off,Off,Off,Off,Off,,,,,,,,,Off,Off,Off,Off
2026-08-15 03:00:00,,,,,Off,Off,Off,Off,Off,Off,Off,Off,On,On,On,On,Off,Off,Off,Off,On,On,On,On,Off,Off,Off,Off,,,,,,,,,Off,Off,Off,Off
2026-08-15 05:00:00,,,,,On,On,On,On,On,On,On,On,On,On,On,On,Off,Off,Off,Off,On,On,On,On,On,On,On,On,,,,,,,,,On,On,On,On
2026-08-15 07:00:00,,,,,Off,Off,Off,Off,Off,Off,Off,Off,,,,,Off,Off,Off,Off,Off,Off,Off,Off,Off,Off,Off,Off,,,,,,,,,Off,Off,Off,Off
2026-08-15 09:00:00,On,On,On,On,Off,Off,Off,Off,On,On,On,On,Off,Off,Off,Off,Off,Off,Off,Off,Off,Off,Off,Off,Off,Off,Off,Off,,,,,,,,,Off,Off,Off,Off
2026-08-15 11:00:00,,,,,On,On,On,On,Off,Off,Off,Off,On,On,On,On,Off,Off,Off,Off,Off,Off,Off,Off,Off,Off,Off,Off,,,,,,,,,Off,Off,Off,Off
2026-08-15 13:00:00,On,On,On,On,Off,Off,Off,Off,Off,Off,Off,Off,Off,Off,Off,Off,Off,Off,Off,Off,On,On,On,On,Off,Off,Off,Off,,,,,,,,,Off,Off,Off,Off
2026-08-15 15:00:00,On,On,On,On,Off,Off,Off,Off,Off,Off,Off,Off,Off,Off,Off,Off,Off,Off,Off,Off,Off,Off,Off,Off,On,On,On,On,,,,,,,,,Off,Off,Off,Off
2026-08-15 17:00:00,On,On,On,On,Off,Off,Off,Off,On,On,On,On,Off,Off,Off,Off,Off,Off,Off,Off,Off,Off,Off,Off,Off,Off,Off,Off,,,,,,,,,On,On,On,On
2026-08-15 19:00:00,Off,Off,Off,Off,On,On,On,On,Off,Off,Off,Off,Off,Off,Off,Off,Off,Off,Off,Off,Off,Off,Off,Off,Off,Off,Off,Off,,,,,,,,,Off,Off,Off,Off
2026-08-15 21:00:00,Off,Off,Off,Off,Off,Off,Off,Off,Off,Off,Off,Off,Off,Off,Off,Off,Off,Off,Off,Off,Off,Off,Off,Off,Off,Off,Off,Off,,,,,,,,,Off,Off,Off,Off
2026-08-15 23:00:00,Off,Off,Off,Off,Off,Off,Off,Off,Off,Off,Off,Off,Off,Off,Off,Off,Off,Off,Off,Off,Off,Off,Off,Off,Off,Off,Off,Off,,,,,,,,,Off,Off,Off,Off
2026-08-16 01:00:00,Off,Off,Off,Off,Off,Off,Off,Off,Off,Off,Off,Off,Off,Off,Off,Off,Off,Off,Off,Off,Off,Off,Off,Off,Off,Off,Off,Off,,,,,,,,,Off,Off,Off,Off
2026-08-16 03:00:00,Off,Off,Off,Off,Off,Off,Off,Off,Off,Off,Off,Off,Off,Off,Off,Off,Off,Off,Off,Off,Off,Off,Off,Off,Off,Off,Off,Off,,,,,,,,,Off,Off,Off,Off
2026-08-16 05:00:00,On,On,On,On,Off,Off,Off,Off,Off,Off,Off,Off,Off,Off,Off,Off,Off,Off,Off,Off,Off,Off,Off,Off,Off,Off,Off,Off,,,,,,,,,Off,Off,Off,Off
2026-08-16 07:00:00,Off,Off,Off,Off,Off,Off,Off,Off,Off,Off,Off,Off,Off,Off,Off,Off,Off,Off,Off,Off,Off,Off,Off,Off,Off,Off,Off,Off,,,,,,,,,Off,Off,Off,Off
2026-08-16 09:00:00,Off,Off,Off,Off,Off,Off,Off,Off,On,On,On,On,Off,Off,Off,Off,Off,Off,Off,Off,Off,Off,Off,Off,On,On,On,On,,,,,,,,,Off,Off,Off,Off
2026-08-16 11:00:00,On,On,On,On,On,On,On,On,Off,Off,Off,Off,Off,Off,Off,Off,Off,Off,Off,Off,On,On,On,On,On,On,On,On,,,,,,,,,Off,Off,Off,Off
2026-08-16 13:00:00,On,On,On,On,Off,Off,Off,Off,Off,Off,Off,Off,On,On,On,On,Off,Off,Off,Off,Off,Off,Off,Off,Off,Off,Off,Off,,,,,,,,,Off,Off,Off,Off
2026-08-16 15:00:00,Off,Off,Off,Off,Off,Off,Off,Off,Off,Off,Off,Off,Off,Off,Off,Off,Off,Off,Off,Off,Off,Off,Off,Off,Off,Off,Off,Off,,,,,,,,,Off,Off,Off,Off
2026-08-16 17:00:00,On,On,On,On,Off,Off,Off,Off,Off,Off,Off,Off,Off,Off,Off,Off,Off,Off,Off,Off,Off,Off,Off,Off,Off,Off,Off,Off,,,,,,,,,Off,Off,Off,Off
2026-08-16 19:00:00,Off,Off,Off,Off,Off,Off,Off,Off,Off,Off,Off,Off,Off,Off,Off,Off,Off,Off,Off,Off,Off,Off,Off,Off,Off,Off,Off,Off,,,,,,,,,On,On,On,On
2026-08-16 21:00:00,Off,Off,Off,Off,Off,Off,Off,Off,Off,Off,Off,Off,Off,Off,Off,Off,Off,Off,Off,Off,Off,Off,Off,Off,Off,Off,Off,Off,,,,,,,,,Off,Off,Off,Off
2026-08-16 23:00:00,Off,Off,Off,Off,On,On,On,On,Off,Off,Off,Off,Off,Off,Off,Off,Off,Off,Off,Off,Off,Off,Off,Off,Off,Off,Off,Off,,,,,,,,,Off,Off,Off,Off
2026-08-17 01:00:00,Off,Off,Off,Off,Off,Off,Off,Off,Off,Off,Off,Off,Off,Off,Off,Off,Off,Off,Off,Off,Off,Off,Off,Off,Off,Off,Off,Off,,,,,,,,,Off,Off,Off,Off
2026-08-17 03:00:00,Off,Off,Off,Off,On,On,On,On,Off,Off,Off,Off,Off,Off,Off,Off,Off,Off,Off,Off,Off,Off,Off,Off,Off,Off,Off,Off,,,,,,,,,Off,Off,Off,Off
2026-08-17 05:00:00,Off,Off,Off,Off,Off,Off,Off,Off,Off,Off,Off,Off,Off,Off,Off,Off,Off,Off,Off,Off,Off,Off,Off,Off,Off,Off,Off,Off,,,,,,,,,Off,Off,Off,Off
2026-08-17 07:00:00,Off,Off,Off,Off,Off,Off,Off,Off,Off,Off,Off,Off,Off,Off,Off,Off,Off,Off,Off,Off,Off,Off,Off,Off,Off,Off,Off,Off,,,,,,,,,Off,Off,Off,Off
2026-08-17 09:00:00,Off,Off,Off,Off,Off,Off,Off,Off,Off,Off,Off,Off,Off,Off,Off,Off,Off,Off,Off,Off,Off,Off,Off,Off,Off,Off,Off,Off,,,,,,,,,Off,Off,Off,Off
2026-08-17 11:00:00,On,On,On,On,On,On,On,On,Off,Off,Off,Off,On,On,On,On,Off,Off,Off,Off,On,On,On,On,Off,Off,Off,Off,,,,,,,,,Off,Off,Off,Off
2026-08-17 13:00:00,On,On,On,On,Off,Off,Off,Off,Off,Off,Off,Off,Off,Off,Off,Off,Off,Off,Off,Off,Off,Off,Off,Off,Off,Off,Off,Off,,,,,,,,,Off,Off,Off,Off
2026-08-17 15:00:00,On,On,On,On,Off,Off,Off,Off,Off,Off,Off,Off,Off,Off,Off,Off,Off,Off,Off,Off,Off,Off,Off,Off,Off,Off,Off,Off,,,,,,,,,Off,Off,Off,Off
2026-08-17 17:00:00,On,On,On,On,Off,Off,Off,Off,Off,Off,Off,Off,Off,Off,Off,Off,Off,Off,Off,Off,Off,Off,Off,Off,Off,Off,Off,Off,,,,,,,,,Off,Off,Off,Off
2026-08-17 19:00:00,Off,Off,Off,Off,Off,Off,Off,Off,Off,Off,Off,Off,Off,Off,Off,Off,Off,Off,Off,Off,Off,Off,Off,Off,Off,Off,Off,Off,,,,,,,,,On,On,On,On
2026-08-17 21:00:00,Off,Off,Off,Off,Off,Off,Off,Off,Off,Off,Off,Off,Off,Off,Off,Off,Off,Off,Off,Off,Off,Off,Off,Off,Off,Off,Off,Off,,,,,,,,,,,,
2026-08-17 23:00:00,Off,Off,Off,Off,Off,Off,Off,Off,Off,Off,Off,Off,Off,Off,Off,Off,Off,Off,Off,Off,Off,Off,Off,Off,Off,Off,Off,Off,,,,,,,,,On,On,On,On
2026-08-18 01:00:00,Off,Off,Off,Off,Off,Off,Off,Off,Off,Off,Off,Off,Off,Off,Off,Off,Off,Off,Off,Off,Off,Off,Off,Off,Off,Off,Off,Off,,,,,,,,,Off,Off,Off,Off
2026-08-18 03:00:00,Off,Off,Off,Off,On,On,On,On,Off,Off,Off,Off,Off,Off,Off,Off,Off,Off,Off,Off,Off,Off,Off,Off,Off,Off,Off,Off,,,,,,,,,Off,Off,Off,Off
2026-08-18 05:00:00,Off,Off,Off,Off,Off,Off,Off,Off,Off,Off,Off,Off,Off,Off,Off,Off,Off,Off,Off,Off,Off,Off,Off,Off,Off,Off,Off,Off,,,,,,,,,Off,Off,Off,Off
2026-08-18 07:00:00,Off,Off,Off,Off,Off,Off,Off,Off,Off,Off,Off,Off,Off,Off,Off,Off,Off,Off,Off,Off,Off,Off,Off,Off,Off,Off,Off,Off,,,,,,,,,On,On,On,On
2026-08-18 09:00:00,Off,Off,Off,Off,Off,Off,Off,Off,Off,Off,Off,Off,Off,Off,Off,Off,Off,Off,Off,Off,Off,Off,Off,Off,Off,Off,Off,Off,,,,,,,,,Off,Off,Off,Off
2026-08-18 11:00:00,Off,Off,Off,Off,Off,Off,Off,Off,Off,Off,Off,Off,Off,Off,Off,Off,Off,Off,Off,Off,Off,Off,Off,Off,Off,Off,Off,Off,,,,,,,,,Off,Off,Off,Off
2026-08-18 13:00:00,On,On,On,On,Off,Off,Off,Off,Off,Off,Off,Off,On,On,On,On,Off,Off,Off,Off,On,On,On,On,On,On,On,On,,,,,,,,,On,On,On,On
2026-08-18 15:00:00,Off,Off,Off,Off,Off,Off,Off,Off,Off,Off,Off,Off,On,On,On,On,Off,Off,Off,Off,Off,Off,Off,Off,Off,Off,Off,Off,,,,,,,,,Off,Off,Off,Off
2026-08-18 17:00:00,On,On,On,On,Off,Off,Off,Off,Off,Off,Off,Off,,,,,Off,Off,Off,Off,Off,Off,Off,Off,Off,Off,Off,Off,,,,,,,,,Off,Off,Off,Off
2026-08-18 19:00:00,Off,Off,Off,Off,Off,Off,Off,Off,Off,Off,Off,Off,,,,,Off,Off,Off,Off,Off,Off,Off,Off,Off,Off,Off,Off,,,,,,,,,Off,Off,Off,Off
2026-08-18 21:00:00,Off,Off,Off,Off,Off,Off,Off,Off,Off,Off,Off,Off,,,,,Off,Off,Off,Off,Off,Off,Off,Off,Off,Off,Off,Off,,,,,,,,,Off,Off,Off,Off
2026-08-18 23:00:00,Off,Off,Off,Off,On,On,On,On,Off,Off,Off,Off,,,,,Off,Off,Off,Off,Off,Off,Off,Off,Off,Off,Off,Off,,,,,,,,,Off,Off,Off,Off
2026-08-19 01:00:00,Off,Off,Off,Off,Off,Off,Off,Off,Off,Off,Off,Off,,,,,Off,Off,Off,Off,Off,Off,Off,Off,Off,Off,Off,Off,,,,,,,,,On,On,On,On
2026-08-19 03:00:00,Off,Off,Off,Off,On,On,On,On,Off,Off,Off,Off,,,,,Off,Off,Off,Off,Off,Off,Off,Off,Off,Off,Off,Off,,,,,,,,,Off,Off,Off,Off
2026-08-19 05:00:00,On,On,On,On,Off,Off,Off,Off,On,On,On,On,,,,,Off,Off,Off,Off,Off,Off,Off,Off,Off,Off,Off,Off,,,,,,,,,Off,Off,Off,Off
2026-08-19 07:00:00,Off,Off,Off,Off,Off,Off,Off,Off,On,On,On,On,,,,,Off,Off,Off,Off,Off,Off,Off,Off,Off,Off,Off,Off,,,,,,,,,Off,Off,Off,Off
2026-08-19 09:00:00,Off,Off,Off,Off,Off,Off,Off,Off,Off,Off,Off,Off,,,,,Off,Off,Off,Off,Off,Off,Off,Off,Off,Off,Off,Off,,,,,,,,,Off,Off,Off,Off
2026-08-19 11:00:00,Off,Off,Off,Off,Off,Off,Off,Off,Off,Off,Off,Off,,,,,Off,Off,Off,Off,Off,Off,Off,Off,Off,Off,Off,Off,,,,,,,,,Off,Off,Off,Off
2026-08-19 13:00:00,On,On,On,On,Off,Off,Off,Off,Off,Off,Off,Off,,,,,Off,Off,Off,Off,On,On,On,On,On,On,On,On,,,,,,,,,Off,Off,Off,Off
2026-08-19 15:00:00,Off,Off,Off,Off,On,On,On,On,Off,Off,Off,Off,Off,Off,Off,Off,Off,Off,Off,Off,Off,Off,Off,Off,Off,Off,Off,Off,,,,,,,,,Off,Off,Off,Off
2026-08-19 17:00:00,On,On,On,On,Off,Off,Off,Off,Off,Off,Off,Off,Off,Off,Off,Off,Off,Off,Off,Off,Off,Off,Off,Off,Off,Off,Off,Off,,,,,,,,,Off,Off,Off,Off
2026-08-19 19:00:00,Off,Off,Off,Off,Off,Off,Off,Off,Off,Off,Off,Off,Off,Off,Off,Off,Off,Off,Off,Off,Off,Off,Off,Off,Off,Off,Off,Off,,,,,,,,,Off,Off,Off,Off
2026-08-19 21:00:00,Off,Off,Off,Off,On,On,On,On,Off,Off,Off,Off,Off,Off,Off,Off,Off,Off,Off,Off,Off,Off,Off,Off,Off,Off,Off,Off,,,,,,,,,Off,Off,Off,Off
2026-08-19 23:00:00,Off,Off,Off,Off,On,On,On,On,Off,Off,Off,Off,Off,Off,Off,Off,Off,Off,Off,Off,Off,Off,Off,Off,Off,Off,Off,Off,,,,,,,,,Off,Off,Off,Off
2026-08-20 01:00:00,Off,Off,Off,Off,On,On,On,On,Off,Off,Off,Off,Off,Off,Off,Off,Off,Off,Off,Off,Off,Off,Off,Off,Off,Off,Off,Off,,,,,,,,,On,On,On,On
2026-08-20 03:00:00,Off,Off,Off,Off,Off,Off,Off,Off,Off,Off,Off,Off,Off,Off,Off,Off,Off,Off,Off,Off,Off,Off,Off,Off,Off,Off,Off,Off,,,,,,,,,Off,Off,Off,Off
2026-08-20 05:00:00,On,On,On,On,Off,Off,Off,Off,On,On,On,On,Off,Off,Off,Off,Off,Off,Off,Off,Off,Off,Off,Off,Off,Off,Off,Off,,,,,,,,,Off,Off,Off,Off
2026-08-20 07:00:00,Off,Off,Off,Off,Off,Off,Off,Off,Off,Off,Off,Off,Off,Off,Off,Off,Off,Off,Off,Off,Off,Off,Off,Off,Off,Off,Off,Off,,,,,,,,,Off,Off,Off,Off
2026-08-20 09:00:00,Off,Off,Off,Off,Off,Off,Off,Off,On,On,On,On,Off,Off,Off,Off,Off,Off,Off,Off,Off,Off,Off,Off,Off,Off,Off,Off,,,,,,,,,Off,Off,Off,Off
2026-08-20 11:00:00,Off,Off,Off,Off,On,On,On,On,Off,Off,Off,Off,On,On,On,On,Off,Off,Off,Off,Off,Off,Off,Off,Off,Off,Off,Off,,,,,,,,,Off,Off,Off,Off
2026-08-20 13:00:00,On,On,On,On,Off,Off,Off,Off,On,On,On,On,,,,,Off,Off,Off,Off,On,On,On,On,On,On,On,On,,,,,,,,,Off,Off,Off,Off
2026-08-20 15:00:00,Off,Off,Off,Off,Off,Off,Off,Off,Off,Off,Off,Off,Off,Off,Off,Off,Off,Off,Off,Off,Off,Off,Off,Off,Off,Off,Off,Off,,,,,,,,,Off,Off,Off,Off
2026-08-20 17:00:00,On,On,On,On,Off,Off,Off,Off,Off,Off,Off,Off,Off,Off,Off,Off,Off,Off,Off,Off,Off,Off,Off,Off,Off,Off,Off,Off,,,,,,,,,Off,Off,Off,Off
2026-08-20 19:00:00,Off,Off,Off,Off,Off,Off,Off,Off,Off,Off,Off,Off,Off,Off,Off,Off,Off,Off,Off,Off,Off,Off,Off,Off,Off,Off,Off,Off,,,,,,,,,Off,Off,Off,Off
2026-08-20 21:00:00,Off,Off,Off,Off,On,On,On,On,Off,Off,Off,Off,Off,Off,Off,Off,Off,Off,Off,Off,Off,Off,Off,Off,Off,Off,Off,Off,,,,,,,,,Off,Off,Off,Off
2026-08-20 23:00:00,Off,Off,Off,Off,Off,Off,Off,Off,Off,Off,Off,Off,Off,Off,Off,Off,Off,Off,Off,Off,Off,Off,Off,Off,Off,Off,Off,Off,,,,,,,,,Off,Off,Off,Off
2026-08-21 01:00:00,Off,Off,Off,Off,Off,Off,Off,Off,On,On,On,On,Off,Off,Off,Off,Off,Off,Off,Off,Off,Off,Off,Off,On,On,On,On,,,,,,,,,On,On,On,On
2026-08-21 03:00:00,Off,Off,Off,Off,Off,Off,Off,Off,Off,Off,Off,Off,Off,Off,Off,Off,Off,Off,Off,Off,Off,Off,Off,Off,Off,Off,Off,Off,,,,,,,,,On,On,On,On
2026-08-21 05:00:00,On,On,On,On,Off,Off,Off,Off,Off,Off,Off,Off,Off,Off,Off,Off,Off,Off,Off,Off,Off,Off,Off,Off,Off,Off,Off,Off,,,,,,,,,Off,Off,Off,Off
2026-08-21 07:00:00,Off,Off,Off,Off,Off,Off,Off,Off,Off,Off,Off,Off,Off,Off,Off,Off,Off,Off,Off,Off,Off,Off,Off,Off,Off,Off,Off,Off,,,,,,,,,Off,Off,Off,Off
2026-08-21 09:00:00,Off,Off,Off,Off,Off,Off,Off,Off,On,On,On,On,Off,Off,Off,Off,Off,Off,Off,Off,On,On,On,On,Off,Off,Off,Off,,,,,,,,,Off,Off,Off,Off
2026-08-21 11:00:00,On,On,On,On,Off,Off,Off,Off,Off,Off,Off,Off,Off,Off,Off,Off,Off,Off,Off,Off,On,On,On,On,Off,Off,Off,Off,,,,,,,,,Off,Off,Off,Off
2026-08-21 13:00:00,Off,Off,Off,Off,Off,Off,Off,Off,Off,Off,Off,Off,Off,Off,Off,Off,Off,Off,Off,Off,Off,Off,Off,Off,On,On,On,On,,,,,,,,,Off,Off,Off,Off
2026-08-21 15:00:00,Off,Off,Off,Off,Off,Off,Off,Off,Off,Off,Off,Off,Off,Off,Off,Off,Off,Off,Off,Off,Off,Off,Off,Off,,,,,,,,,,,,,Off,Off,Off,Off
2026-08-21 17:00:00,On,On,On,On,Off,Off,Off,Off,Off,Off,Off,Off,Off,Off,Off,Off,Off,Off,Off,Off,Off,Off,Off,Off,,,,,,,,,,,,,Off,Off,Off,Off
2026-08-21 19:00:00,Off,Off,Off,Off,Off,Off,Off,Off,Off,Off,Off,Off,On,On,On,On,Off,Off,Off,Off,Off,Off,Off,Off,,,,,,,,,,,,,Off,Off,Off,Off
2026-08-21 21:00:00,Off,Off,Off,Off,Off,Off,Off,Off,Off,Off,Off,Off,Off,Off,Off,Off,Off,Off,Off,Off,Off,Off,Off,Off,On,On,On,On,,,,,,,,,Off,Off,Off,Off
2026-08-21 23:00:00,Off,Off,Off,Off,On,On,On,On,Off,Off,Off,Off,Off,Off,Off,Off,Off,Off,Off,Off,Off,Off,Off,Off,On,On,On,On,,,,,,,,,Off,Off,Off,Off
2026-08-22 01:00:00,Off,Off,Off,Off,,,,,Off,Off,Off,Off,Off,Off,Off,Off,Off,Off,Off,Off,Off,Off,Off,Off,On,On,On,On,,,,,,,,,Off,Off,Off,Off
2026-08-22 03:00:00,Off,Off,Off,Off,On,On,On,On,Off,Off,Off,Off,Off,Off,Off,Off,Off,Off,Off,Off,Off,Off,Off,Off,,,,,,,,,,,,,On,On,On,On
2026-08-22 05:00:00,On,On,On,On,Off,Off,Off,Off,Off,Off,Off,Off,Off,Off,Off,Off,Off,Off,Off,Off,Off,Off,Off,Off,,,,,,,,,,,,,Off,Off,Off,Off
2026-08-22 07:00:00,Off,Off,Off,Off,Off,Off,Off,Off,Off,Off,Off,Off,Off,Off,Off,Off,Off,Off,Off,Off,Off,Off,Off,Off,,,,,,,,,,,,,Off,Off,Off,Off
2026-08-22 09:00:00,On,On,On,On,Off,Off,Off,Off,Off,Off,Off,Off,Off,Off,Off,Off,Off,Off,Off,Off,Off,Off,Off,Off,,,,,,,,,,,,,Off,Off,Off,Off
2026-08-22 11:00:00,On,On,On,On,Off,Off,Off,Off,On,On,On,On,Off,Off,Off,Off,Off,Off,Off,Off,Off,Off,Off,Off,,,,,,,,,,,,,On,On,On,On
2026-08-22 13:00:00,Off,Off,Off,Off,Off,Off,Off,Off,On,On,On,On,Off,Off,Off,Off,Off,Off,Off,Off,On,On,On,On,,,,,,,,,,,,,Off,Off,Off,Off
2026-08-22 15:00:00,Off,Off,Off,Off,Off,Off,Off,Off,Off,Off,Off,Off,On,On,On,On,Off,Off,Off,Off,Off,Off,Off,Off,,,,,,,,,,,,,Off,Off,Off,Off
2026-08-22 17:00:00,On,On,On,On,Off,Off,Off,Off,Off,Off,Off,Off,Off,Off,Off,Off,Off,Off,Off,Off,Off,Off,Off,Off,,,,,,,,,,,,,Off,Off,Off,Off
2026-08-22 19:00:00,Off,Off,Off,Off,Off,Off,Off,Off,Off,Off,Off,Off,Off,Off,Off,Off,Off,Off,Off,Off,Off,Off,Off,Off,,,,,,,,,,,,,Off,Off,Off,Off
2026-08-22 21:00:00,Off,Off,Off,Off,Off,Off,Off,Off,Off,Off,Off,Off,Off,Off,Off,Off,Off,Off,Off,Off,Off,Off,Off,Off,,,,,,,,,,,,,Off,Off,Off,Off
2026-08-22 23:00:00,Off,Off,Off,Off,Off,Off,Off,Off,Off,Off,Off,Off,Off,Off,Off,Off,Off,Off,Off,Off,Off,Off,Off,Off,On,On,On,On,,,,,,,,,Off,Off,Off,Off
2026-08-23 01:00:00,Off,Off,Off,Off,On,On,On,On,Off,Off,Off,Off,On,On,On,On,Off,Off,Off,Off,Off,Off,Off,Off,Off,Off,Off,Off,,,,,,,,,On,On,On,On
2026-08-23 03:00:00,Off,Off,Off,Off,Off,Off,Off,Off,Off,Off,Off,Off,Off,Off,Off,Off,Off,Off,Off,Off,Off,Off,Off,Off,Off,Off,Off,Off,,,,,,,,,On,On,On,On
2026-08-23 05:00:00,On,On,On,On,Off,Off,Off,Off,Off,Off,Off,Off,Off,Off,Off,Off,Off,Off,Off,Off,Off,Off,Off,Off,Off,Off,Off,Off,,,,,,,,,,,,
2026-08-23 07:00:00,Off,Off,Off,Off,Off,Off,Off,Off,Off,Off,Off,Off,Off,Off,Off,Off,Off,Off,Off,Off,Off,Off,Off,Off,Off,Off,Off,Off,,,,,,,,,,,,
2026-08-23 09:00:00,Off,Off,Off,Off,Off,Off,Off,Off,On,On,On,On,Off,Off,Off,Off,Off,Off,Off,Off,Off,Off,Off,Off,Off,Off,Off,Off,,,,,,,,,,,,
2026-08-23 11:00:00,On,On,On,On,Off,Off,Off,Off,Off,Off,Off,Off,On,On,On,On,Off,Off,Off,Off,On,On,On,On,Off,Off,Off,Off,,,,,,,,,On,On,On,On
2026-08-23 13:00:00,Off,Off,Off,Off,Off,Off,Off,Off,Off,Off,Off,Off,Off,Off,Off,Off,Off,Off,Off,Off,Off,Off,Off,Off,Off,Off,Off,Off,,,,,,,,,,,,
2026-08-23 15:00:00,On,On,On,On,Off,Off,Off,Off,Off,Off,Off,Off,Off,Off,Off,Off,Off,Off,Off,Off,On,On,On,On,Off,Off,Off,Off,,,,,,,,,,,,
2026-08-23 17:00:00,Off,Off,Off,Off,On,On,On,On,On,On,On,On,On,On,On,On,Off,Off,Off,Off,Off,Off,Off,Off,On,On,On,On,,,,,,,,,,,,
2026-08-23 19:00:00,On,On,On,On,Off,Off,Off,Off,Off,Off,Off,Off,Off,Off,Off,Off,Off,Off,Off,Off,Off,Off,Off,Off,Off,Off,Off,Off,,,,,,,,,,,,
2026-08-23 21:00:00,On,On,On,On,Off,Off,Off,Off,Off,Off,Off,Off,Off,Off,Off,Off,On,On,On,On,Off,Off,Off,Off,On,On,On,On,,,,,,,,,,,,
2026-08-23 23:00:00,Off,Off,Off,Off,Off,Off,Off,Off,Off,Off,Off,Off,Off,Off,Off,Off,,,,,Off,Off,Off,Off,Off,Off,Off,Off,,,,,,,,,,,,
2026-08-24 01:00:00,Off,Off,Off,Off,Off,Off,Off,Off,Off,Off,Off,Off,Off,Off,Off,Off,,,,,Off,Off,Off,Off,Off,Off,Off,Off,,,,,,,,,,,,
2026-08-24 03:00:00,Off,Off,Off,Off,On,On,On,On,Off,Off,Off,Off,Off,Off,Off,Off,,,,,Off,Off,Off,Off,Off,Off,Off,Off,,,,,,,,,,,,
2026-08-24 05:00:00,On,On,On,On,Off,Off,Off,Off,Off,Off,Off,Off,Off,Off,Off,Off,,,,,Off,Off,Off,Off,Off,Off,Off,Off,,,,,,,,,,,,
2026-08-24 07:00:00,Off,Off,Off,Off,Off,Off,Off,Off,On,On,On,On,Off,Off,Off,Off,,,,,Off,Off,Off,Off,Off,Off,Off,Off,,,,,,,,,,,,
2026-08-24 09:00:00,On,On,On,On,Off,Off,Off,Off,On,On,On,On,Off,Off,Off,Off,Off,Off,Off,Off,Off,Off,Off,Off,Off,Off,Off,Off,,,,,,,,,,,,
2026-08-24 11:00:00,Off,Off,Off,Off,Off,Off,Off,Off,On,On,On,On,Off,Off,Off,Off,,,,,On,On,On,On,Off,Off,Off,Off,,,,,,,,,,,,
2026-08-24 13:00:00,Off,Off,Off,Off,Off,Off,Off,Off,,,,,Off,Off,Off,Off,,,,,On,On,On,On,On,On,On,On,,,,,,,,,,,,
2026-08-24 15:00:00,Off,Off,Off,Off,Off,Off,Off,Off,Off,Off,Off,Off,On,On,On,On,,,,,On,On,On,On,Off,Off,Off,Off,,,,,,,,,Off,Off,Off,Off
2026-08-24 17:00:00,On,On,On,On,Off,Off,Off,Off,Off,Off,Off,Off,Off,Off,Off,Off,,,,,Off,Off,Off,Off,Off,Off,Off,Off,,,,,,,,,Off,Off,Off,Off
2026-08-24 19:00:00,Off,Off,Off,Off,Off,Off,Off,Off,Off,Off,Off,Off,Off,Off,Off,Off,,,,,Off,Off,Off,Off,Off,Off,Off,Off,,,,,,,,,On,On,On,On
2026-08-24 21:00:00,Off,Off,Off,Off,Off,Off,Off,Off,Off,Off,Off,Off,Off,Off,Off,Off,Off,Off,Off,Off,Off,Off,Off,Off,Off,Off,Off,Off,,,,,,,,,On,On,On,On
2026-08-24 23:00:00,Off,Off,Off,Off,Off,Off,Off,Off,Off,Off,Off,Off,On,On,On,On,On,On,On,On,Off,Off,Off,Off,Off,Off,Off,Off,,,,,,,,,Off,Off,Off,Off
2026-08-25 01:00:00,Off,Off,Off,Off,On,On,On,On,Off,Off,Off,Off,Off,Off,Off,Off,,,,,Off,Off,Off,Off,Off,Off,Off,Off,,,,,,,,,Off,Off,Off,Off
2026-08-25 03:00:00,Off,Off,Off,Off,Off,Off,Off,Off,Off,Off,Off,Off,Off,Off,Off,Off,,,,,Off,Off,Off,Off,Off,Off,Off,Off,,,,,,,,,Off,Off,Off,Off
2026-08-25 05:00:00,On,On,On,On,Off,Off,Off,Off,Off,Off,Off,Off,Off,Off,Off,Off,,,,,Off,Off,Off,Off,Off,Off,Off,Off,,,,,,,,,Off,Off,Off,Off
2026-08-25 07:00:00,Off,Off,Off,Off,Off,Off,Off,Off,Off,Off,Off,Off,Off,Off,Off,Off,,,,,Off,Off,Off,Off,On,On,On,On,,,,,,,,,Off,Off,Off,Off
2026-08-25 09:00:00,Off,Off,Off,Off,Off,Off,Off,Off,Off,Off,Off,Off,Off,Off,Off,Off,,,,,Off,Off,Off,Off,On,On,On,On,,,,,,,,,Off,Off,Off,Off
2026-08-25 11:00:00,On,On,On,On,On,On,On,On,On,On,On,On,On,On,On,On,,,,,Off,Off,Off,Off,Off,Off,Off,Off,,,,,,,,,Off,Off,Off,Off
2026-08-25 13:00:00,On,On,On,On,Off,Off,Off,Off,Off,Off,Off,Off,On,On,On,On,,,,,On,On,On,On,Off,Off,Off,Off,,,,,,,,,Off,Off,Off,Off
2026-08-25 15:00:00,Off,Off,Off,Off,Off,Off,Off,Off,Off,Off,Off,Off,Off,Off,Off,Off,,,,,Off,Off,Off,Off,Off,Off,Off,Off,,,,,,,,,Off,Off,Off,Off
2026-08-25 17:00:00,On,On,On,On,On,On,On,On,Off,Off,Off,Off,Off,Off,Off,Off,,,,,Off,Off,Off,Off,Off,Off,Off,Off,,,,,,,,,Off,Off,Off,Off
2026-08-25 19:00:00,On,On,On,On,On,On,On,On,Off,Off,Off,Off,Off,Off,Off,Off,,,,,Off,Off,Off,Off,Off,Off,Off,Off,,,,,,,,,Off,Off,Off,Off
2026-08-25 21:00:00,On,On,On,On,Off,Off,Off,Off,On,On,On,On,Off,Off,Off,Off,,,,,Off,Off,Off,Off,Off,Off,Off,Off,,,,,,,,,Off,Off,Off,Off
2026-08-25 23:00:00,Off,Off,Off,Off,Off,Off,Off,Off,Off,Off,Off,Off,Off,Off,Off,Off,,,,,Off,Off,Off,Off,On,On,On,On,,,,,,,,,On,On,On,On
2026-08-26 01:00:00,Off,Off,Off,Off,On,On,On,On,Off,Off,Off,Off,Off,Off,Off,Off,,,,,Off,Off,Off,Off,Off,Off,Off,Off,,,,,,,,,Off,Off,Off,Off
2026-08-26 03:00:00,Off,Off,Off,Off,Off,Off,Off,Off,Off,Off,Off,Off,Off,Off,Off,Off,,,,,Off,Off,Off,Off,Off,Off,Off,Off,,,,,,,,,Off,Off,Off,Off
2026-08-26 05:00:00,Off,Off,Off,Off,Off,Off,Off,Off,Off,Off,Off,Off,Off,Off,Off,Off,,,,,Off,Off,Off,Off,Off,Off,Off,Off,,,,,,,,,Off,Off,Off,Off
2026-08-26 07:00:00,Off,Off,Off,Off,Off,Off,Off,Off,Off,Off,Off,Off,Off,Off,Off,Off,,,,,Off,Off,Off,Off,Off,Off,Off,Off,,,,,,,,,Off,Off,Off,Off
2026-08-26 09:00:00,On,On,On,On,Off,Off,Off,Off,On,On,On,On,Off,Off,Off,Off,,,,,Off,Off,Off,Off,Off,Off,Off,Off,,,,,,,,,On,On,On,On
2026-08-26 11:00:00,Off,Off,Off,Off,On,On,On,On,Off,Off,Off,Off,Off,Off,Off,Off,,,,,Off,Off,Off,Off,Off,Off,Off,Off,,,,,,,,,Off,Off,Off,Off
2026-08-26 13:00:00,Off,Off,Off,Off,Off,Off,Off,Off,Off,Off,Off,Off,On,On,On,On,,,,,On,On,On,On,On,On,On,On,,,,,,,,,On,On,On,On
2026-08-26 15:00:00,Off,Off,Off,Off,Off,Off,Off,Off,Off,Off,Off,Off,Off,Off,Off,Off,,,,,On,On,On,On,Off,Off,Off,Off,,,,,,,,,Off,Off,Off,Off
2026-08-26 17:00:00,On,On,On,On,Off,Off,Off,Off,Off,Off,Off,Off,Off,Off,Off,Off,,,,,Off,Off,Off,Off,Off,Off,Off,Off,,,,,,,,,Off,Off,Off,Off
2026-08-26 19:00:00,Off,Off,Off,Off,Off,Off,Off,Off,Off,Off,Off,Off,Off,Off,Off,Off,,,,,Off,Off,Off,Off,Off,Off,Off,Off,,,,,,,,,Off,Off,Off,Off
2026-08-26 21:00:00,Off,Off,Off,Off,On,On,On,On,Off,Off,Off,Off,Off,Off,Off,Off,,,,,Off,Off,Off,Off,Off,Off,Off,Off,,,,,,,,,Off,Off,Off,Off
2026-08-26 23:00:00,Off,Off,Off,Off,Off,Off,Off,Off,Off,Off,Off,Off,Off,Off,Off,Off,,,,,Off,Off,Off,Off,Off,Off,Off,Off,,,,,,,,,Off,Off,Off,Off
2026-08-27 01:00:00,Off,Off,Off,Off,Off,Off,Off,Off,Off,Off,Off,Off,Off,Off,Off,Off,,,,,Off,Off,Off,Off,Off,Off,Off,Off,,,,,,,,,On,On,On,On
2026-08-27 03:00:00,Off,Off,Off,Off,Off,Off,Off,Off,On,On,On,On,Off,Off,Off,Off,,,,,Off,Off,Off,Off,Off,Off,Off,Off,,,,,,,,,Off,Off,Off,Off
2026-08-27 05:00:00,Off,Off,Off,Off,Off,Off,Off,Off,,,,,Off,Off,Off,Off,,,,,Off,Off,Off,Off,Off,Off,Off,Off,,,,,,,,,Off,Off,Off,Off
2026-08-27 07:00:00,Off,Off,Off,Off,On,On,On,On,,,,,Off,Off,Off,Off,,,,,Off,Off,Off,Off,Off,Off,Off,Off,,,,,,,,,Off,Off,Off,Off
2026-08-27 09:00:00,Off,Off,Off,Off,Off,Off,Off,Off,,,,,Off,Off,Off,Off,,,,,Off,Off,Off,Off,Off,Off,Off,Off,,,,,,,,,Off,Off,Off,Off
2026-08-27 11:00:00,Off,Off,Off,Off,On,On,On,On,On,On,On,On,Off,Off,Off,Off,,,,,Off,Off,Off,Off,Off,Off,Off,Off,,,,,,,,,Off,Off,Off,Off
2026-08-27 13:00:00,Off,Off,Off,Off,On,On,On,On,,,,,Off,Off,Off,Off,,,,,On,On,On,On,Off,Off,Off,Off,,,,,,,,,Off,Off,Off,Off
2026-08-27 15:00:00,On,On,On,On,On,On,On,On,,,,,On,On,On,On,,,,,Off,Off,Off,Off,On,On,On,On,,,,,,,,,Off,Off,Off,Off
2026-08-27 17:00:00,Off,Off,Off,Off,On,On,On,On,,,,,Off,Off,Off,Off,,,,,Off,Off,Off,Off,Off,Off,Off,Off,,,,,,,,,Off,Off,Off,Off
2026-08-27 19:00:00,Off,Off,Off,Off,Off,Off,Off,Off,,,,,Off,Off,Off,Off,,,,,Off,Off,Off,Off,Off,Off,Off,Off,,,,,,,,,Off,Off,Off,Off
2026-08-27 21:00:00,On,On,On,On,On,On,On,On,,,,,Off,Off,Off,Off,,,,,Off,Off,Off,Off,Off,Off,Off,Off,,,,,,,,,On,On,On,On
2026-08-27 23:00:00,On,On,On,On,On,On,On,On,,,,,Off,Off,Off,Off,,,,,Off,Off,Off,Off,Off,Off,Off,Off,,,,,,,,,Off,Off,Off,Off
2026-08-28 01:00:00,Off,Off,Off,Off,Off,Off,Off,Off,,,,,Off,Off,Off,Off,,,,,Off,Off,Off,Off,Off,Off,Off,Off,,,,,,,,,Off,Off,Off,Off
2026-08-28 03:00:00,Off,Off,Off,Off,On,On,On,On,,,,,Off,Off,Off,Off,,,,,Off,Off,Off,Off,Off,Off,Off,Off,,,,,,,,,Off,Off,Off,Off
2026-08-28 05:00:00,On,On,On,On,Off,Off,Off,Off,,,,,Off,Off,Off,Off,,,,,Off,Off,Off,Off,Off,Off,Off,Off,,,,,,,,,Off,Off,Off,Off
2026-08-28 07:00:00,Off,Off,Off,Off,On,On,On,On,,,,,Off,Off,Off,Off,,,,,Off,Off,Off,Off,Off,Off,Off,Off,,,,,,,,,Off,Off,Off,Off
2026-08-28 09:00:00,Off,Off,Off,Off,On,On,On,On,,,,,Off,Off,Off,Off,,,,,Off,Off,Off,Off,Off,Off,Off,Off,,,,,,,,,Off,Off,Off,Off
2026-08-28 11:00:00,On,On,On,On,Off,Off,Off,Off,,,,,Off,Off,Off,Off,,,,,On,On,On,On,Off,Off,Off,Off,,,,,,,,,Off,Off,Off,Off
2026-08-28 13:00:00,,,,,Off,Off,Off,Off,,,,,Off,Off,Off,Off,,,,,Off,Off,Off,Off,On,On,On,On,,,,,,,,,Off,Off,Off,Off
2026-08-28 15:00:00,,,,,Off,Off,Off,Off,,,,,On,On,On,On,,,,,Off,Off,Off,Off,Off,Off,Off,Off,,,,,,,,,Off,Off,Off,Off
2026-08-28 17:00:00,,,,,Off,Off,Off,Off,On,On,On,On,Off,Off,Off,Off,,,,,Off,Off,Off,Off,Off,Off,Off,Off,,,,,,,,,Off,Off,Off,Off
2026-08-28 19:00:00,,,,,Off,Off,Off,Off,On,On,On,On,Off,Off,Off,Off,,,,,Off,Off,Off,Off,Off,Off,Off,Off,,,,,,,,,Off,Off,Off,Off
2026-08-28 21:00:00,Off,Off,Off,Off,Off,Off,Off,Off,Off,Off,Off,Off,Off,Off,Off,Off,,,,,Off,Off,Off,Off,Off,Off,Off,Off,,,,,,,,,Off,Off,Off,Off
2026-08-28 23:00:00,On,On,On,On,Off,Off,Off,Off,Off,Off,Off,Off,Off,Off,Off,Off,,,,,Off,Off,Off,Off,Off,Off,Off,Off,,,,,,,,,On,On,On,On
2026-08-29 01:00:00,Off,Off,Off,Off,On,On,On,On,Off,Off,Off,Off,Off,Off,Off,Off,,,,,Off,Off,Off,Off,Off,Off,Off,Off,,,,,,,,,On,On,On,On
2026-08-29 03:00:00,Off,Off,Off,Off,,,,,Off,Off,Off,Off,Off,Off,Off,Off,,,,,Off,Off,Off,Off,Off,Off,Off,Off,,,,,,,,,Off,Off,Off,Off
2026-08-29 05:00:00,On,On,On,On,,,,,Off,Off,Off,Off,Off,Off,Off,Off,,,,,Off,Off,Off,Off,Off,Off,Off,Off,,,,,,,,,Off,Off,Off,Off
2026-08-29 07:00:00,Off,Off,Off,Off,,,,,On,On,On,On,Off,Off,Off,Off,,,,,Off,Off,Off,Off,Off,Off,Off,Off,,,,,,,,,Off,Off,Off,Off
2026-08-29 09:00:00,Off,Off,Off,Off,On,On,On,On,Off,Off,Off,Off,Off,Off,Off,Off,,,,,Off,Off,Off,Off,Off,Off,Off,Off,,,,,,,,,Off,Off,Off,Off
2026-08-29 11:00:00,Off,Off,Off,Off,On,On,On,On,On,On,On,On,On,On,On,On,,,,,Off,Off,Off,Off,Off,Off,Off,Off,,,,,,,,,Off,Off,Off,Off
2026-08-29 13:00:00,On,On,On,On,,,,,Off,Off,Off,Off,Off,Off,Off,Off,,,,,On,On,On,On,On,On,On,On,,,,,,,,,Off,Off,Off,Off
2026-08-29 15:00:00,Off,Off,Off,Off,,,,,On,On,On,On,Off,Off,Off,Off,,,,,Off,Off,Off,Off,Off,Off,Off,Off,,,,,,,,,Off,Off,Off,Off
2026-08-29 17:00:00,On,On,On,On,,,,,Off,Off,Off,Off,Off,Off,Off,Off,,,,,Off,Off,Off,Off,Off,Off,Off,Off,,,,,,,,,Off,Off,Off,Off
2026-08-29 19:00:00,Off,Off,Off,Off,,,,,Off,Off,Off,Off,Off,Off,Off,Off,,,,,Off,Off,Off,Off,Off,Off,Off,Off,,,,,,,,,Off,Off,Off,Off
2026-08-29 21:00:00,Off,Off,Off,Off,,,,,Off,Off,Off,Off,Off,Off,Off,Off,,,,,Off,Off,Off,Off,Off,Off,Off,Off,,,,,,,,,Off,Off,Off,Off
2026-08-29 23:00:00,Off,Off,Off,Off,,,,,Off,Off,Off,Off,Off,Off,Off,Off,,,,,On,On,On,On,Off,Off,Off,Off,,,,,,,,,Off,Off,Off,Off
2026-08-30 01:00:00,Off,Off,Off,Off,,,,,Off,Off,Off,Off,Off,Off,Off,Off,,,,,Off,Off,Off,Off,Off,Off,Off,Off,,,,,,,,,On,On,On,On
2026-08-30 03:00:00,Off,Off,Off,Off,,,,,Off,Off,Off,Off,Off,Off,Off,Off,,,,,Off,Off,Off,Off,Off,Off,Off,Off,,,,,,,,,Off,Off,Off,Off
2026-08-30 05:00:00,On,On,On,On,,,,,Off,Off,Off,Off,Off,Off,Off,Off,,,,,Off,Off,Off,Off,Off,Off,Off,Off,,,,,,,,,Off,Off,Off,Off
2026-08-30 07:00:00,Off,Off,Off,Off,Off,Off,Off,Off,On,On,On,On,Off,Off,Off,Off,,,,,Off,Off,Off,Off,Off,Off,Off,Off,,,,,,,,,Off,Off,Off,Off
2026-08-30 09:00:00,Off,Off,Off,Off,Off,Off,Off,Off,Off,Off,Off,Off,On,On,On,On,,,,,Off,Off,Off,Off,Off,Off,Off,Off,,,,,,,,,Off,Off,Off,Off
2026-08-30 11:00:00,On,On,On,On,Off,Off,Off,Off,Off,Off,Off,Off,On,On,On,On,,,,,Off,Off,Off,Off,Off,Off,Off,Off,,,,,,,,,Off,Off,Off,Off
2026-08-30 13:00:00,Off,Off,Off,Off,Off,Off,Off,Off,Off,Off,Off,Off,On,On,On,On,,,,,On,On,On,On,On,On,On,On,,,,,,,,,On,On,On,On
2026-08-30 15:00:00,Off,Off,Off,Off,Off,Off,Off,Off,Off,Off,Off,Off,Off,Off,Off,Off,,,,,Off,Off,Off,Off,Off,Off,Off,Off,,,,,,,,,Off,Off,Off,Off
2026-08-30 17:00:00,Off,Off,Off,Off,Off,Off,Off,Off,Off,Off,Off,Off,Off,Off,Off,Off,,,,,On,On,On,On,Off,Off,Off,Off,,,,,,,,,Off,Off,Off,Off
2026-08-30 19:00:00,Off,Off,Off,Off,Off,Off,Off,Off,Off,Off,Off,Off,Off,Off,Off,Off,,,,,Off,Off,Off,Off,Off,Off,Off,Off,,,,,,,,,Off,Off,Off,Off
2026-08-30 21:00:00,Off,Off,Off,Off,Off,Off,Off,Off,Off,Off,Off,Off,Off,Off,Off,Off,,,,,Off,Off,Off,Off,Off,Off,Off,Off,,,,,,,,,Off,Off,Off,Off
2026-08-30 23:00:00,Off,Off,Off,Off,Off,Off,Off,Off,Off,Off,Off,Off,Off,Off,Off,Off,,,,,Off,Off,Off,Off,Off,Off,Off,Off,,,,,,,,,On,On,On,On
2026-08-31 01:00:00,Off,Off,Off,Off,Off,Off,Off,Off,Off,Off,Off,Off,Off,Off,Off,Off,,,,,Off,Off,Off,Off,Off,Off,Off,Off,,,,,,,,,Off,Off,Off,Off
2026-08-31 03:00:00,Off,Off,Off,Off,On,On,On,On,Off,Off,Off,Off,Off,Off,Off,Off,,,,,Off,Off,Off,Off,Off,Off,Off,Off,,,,,,,,,Off,Off,Off,Off
2026-08-31 05:00:00,On,On,On,On,Off,Off,Off,Off,On,On,On,On,Off,Off,Off,Off,,,,,Off,Off,Off,Off,Off,Off,Off,Off,,,,,,,,,Off,Off,Off,Off
2026-08-31 07:00:00,Off,Off,Off,Off,Off,Off,Off,Off,On,On,On,On,Off,Off,Off,Off,,,,,Off,Off,Off,Off,Off,Off,Off,Off,,,,,,,,,Off,Off,Off,Off
2026-08-31 09:00:00,Off,Off,Off,Off,Off,Off,Off,Off,Off,Off,Off,Off,Off,Off,Off,Off,,,,,Off,Off,Off,Off,Off,Off,Off,Off,,,,,,,,,Off,Off,Off,Off
2026-08-31 11:00:00,On,On,On,On,On,On,On,On,Off,Off,Off,Off,Off,Off,Off,Off,,,,,Off,Off,Off,Off,Off,Off,Off,Off,,,,,,,,,Off,Off,Off,Off
2026-08-31 13:00:00,Off,Off,Off,Off,Off,Off,Off,Off,Off,Off,Off,Off,On,On,On,On,,,,,On,On,On,On,On,On,On,On,,,,,,,,,Off,Off,Off,Off
2026-08-31 15:00:00,Off,Off,Off,Off,Off,Off,Off,Off,Off,Off,Off,Off,On,On,On,On,,,,,Off,Off,Off,Off,Off,Off,Off,Off,,,,,,,,,Off,Off,Off,Off
2026-08-31 17:00:00,On,On,On,On,Off,Off,Off,Off,Off,Off,Off,Off,Off,Off,Off,Off,,,,,Off,Off,Off,Off,Off,Off,Off,Off,,,,,,,,,Off,Off,Off,Off
2026-08-31 19:00:00,Off,Off,Off,Off,Off,Off,Off,Off,Off,Off,Off,Off,On,On,On,On,,,,,Off,Off,Off,Off,Off,Off,Off,Off,,,,,,,,,Off,Off,Off,Off
2026-08-31 21:00:00,Off,Off,Off,Off,Off,Off,Off,Off,Off,Off,Off,Off,On,On,On,On,,,,,Off,Off,Off,Off,Off,Off,Off,Off,,,,,,,,,Off,Off,Off,Off
2026-08-31 23:00:00,On,On,On,On,Off,Off,Off,Off,On,On,On,On,,,,,,,,,On,On,On,On,On,On,On,On,,,,,,,,,On,On,On,On
2026-09-01 01:00:00,Off,Off,Off,Off,Off,Off,Off,Off,,,,,,,,,,,,,,,,,,,,,,,,,,,,,On,On,On,On
2026-09-01 03:00:00,Off,Off,Off,Off,On,On,On,On,On,On,On,On,On,On,On,On,,,,,,,,,On,On,On,On,,,,,,,,,On,On,On,On
2026-09-01 05:00:00,On,On,On,On,,,,,Off,Off,Off,Off,Off,Off,Off,Off,,,,,Off,Off,Off,Off,,,,,,,,,,,,,,,,
2026-09-01 07:00:00,Off,Off,Off,Off,,,,,Off,Off,Off,Off,Off,Off,Off,Off,,,,,Off,Off,Off,Off,Off,Off,Off,Off,,,,,,,,,Off,Off,Off,Off
2026-09-01 09:00:00,Off,Off,Off,Off,Off,Off,Off,Off,On,On,On,On,Off,Off,Off,Off,,,,,Off,Off,Off,Off,Off,Off,Off,Off,,,,,,,,,On,On,On,On
2026-09-01 11:00:00,Off,Off,Off,Off,Off,Off,Off,Off,On,On,On,On,Off,Off,Off,Off,,,,,On,On,On,On,Off,Off,Off,Off,,,,,,,,,Off,Off,Off,Off
2026-09-01 13:00:00,Off,Off,Off,Off,On,On,On,On,Off,Off,Off,Off,On,On,On,On,,,,,,,,,On,On,On,On,,,,,,,,,Off,Off,Off,Off
2026-09-01 15:00:00,On,On,On,On,On,On,On,On,Off,Off,Off,Off,Off,Off,Off,Off,,,,,,,,,Off,Off,Off,Off,,,,,,,,,Off,Off,Off,Off
2026-09-01 17:00:00,,,,,On,On,On,On,On,On,On,On,Off,Off,Off,Off,,,,,,,,,On,On,On,On,,,,,,,,,On,On,On,On
2026-09-01 19:00:00,,,,,,,,,Off,Off,Off,Off,On,On,On,On,,,,,,,,,,,,,,,,,,,,,,,,
2026-09-01 21:00:00,,,,,,,,,On,On,On,On,On,On,On,On,,,,,Off,Off,Off,Off,On,On,On,On,,,,,,,,,,,,
2026-09-01 23:00:00,,,,,,,,,Off,Off,Off,Off,Off,Off,Off,Off,,,,,On,On,On,On,Off,Off,Off,Off,,,,,,,,,Off,Off,Off,Off
2026-09-02 01:00:00,On,On,On,On,Off,Off,Off,Off,Off,Off,Off,Off,Off,Off,Off,Off,,,,,On,On,On,On,On,On,On,On,,,,,,,,,Off,Off,Off,Off
2026-09-02 03:00:00,Off,Off,Off,Off,Off,Off,Off,Off,Off,Off,Off,Off,Off,Off,Off,Off,,,,,Off,Off,Off,Off,Off,Off,Off,Off,,,,,,,,,Off,Off,Off,Off
2026-09-02 05:00:00,On,On,On,On,Off,Off,Off,Off,Off,Off,Off,Off,Off,Off,Off,Off,,,,,Off,Off,Off,Off,Off,Off,Off,Off,,,,,,,,,Off,Off,Off,Off
2026-09-02 07:00:00,Off,Off,Off,Off,Off,Off,Off,Off,Off,Off,Off,Off,Off,Off,Off,Off,,,,,Off,Off,Off,Off,Off,Off,Off,Off,,,,,,,,,Off,Off,Off,Off
2026-09-02 09:00:00,Off,Off,Off,Off,Off,Off,Off,Off,On,On,On,On,Off,Off,Off,Off,,,,,Off,Off,Off,Off,Off,Off,Off,Off,,,,,,,,,Off,Off,Off,Off
2026-09-02 11:00:00,On,On,On,On,Off,Off,Off,Off,Off,Off,Off,Off,Off,Off,Off,Off,,,,,On,On,On,On,Off,Off,Off,Off,,,,,,,,,Off,Off,Off,Off
2026-09-02 13:00:00,Off,Off,Off,Off,Off,Off,Off,Off,Off,Off,Off,Off,Off,Off,Off,Off,,,,,Off,Off,Off,Off,Off,Off,Off,Off,,,,,,,,,Off,Off,Off,Off
2026-09-02 15:00:00,Off,Off,Off,Off,Off,Off,Off,Off,Off,Off,Off,Off,Off,Off,Off,Off,,,,,Off,Off,Off,Off,On,On,On,On,,,,,,,,,On,On,On,On
2026-09-02 17:00:00,Off,Off,Off,Off,Off,Off,Off,Off,Off,Off,Off,Off,Off,Off,Off,Off,,,,,Off,Off,Off,Off,Off,Off,Off,Off,,,,,,,,,Off,Off,Off,Off
2026-09-02 19:00:00,Off,Off,Off,Off,Off,Off,Off,Off,Off,Off,Off,Off,Off,Off,Off,Off,,,,,Off,Off,Off,Off,Off,Off,Off,Off,,,,,,,,,Off,Off,Off,Off
2026-09-02 21:00:00,Off,Off,Off,Off,Off,Off,Off,Off,Off,Off,Off,Off,Off,Off,Off,Off,,,,,Off,Off,Off,Off,Off,Off,Off,Off,,,,,,,,,Off,Off,Off,Off
2026-09-02 23:00:00,Off,Off,Off,Off,Off,Off,Off,Off,Off,Off,Off,Off,Off,Off,Off,Off,,,,,Off,Off,Off,Off,On,On,On,On,,,,,,,,,Off,Off,Off,Off
2026-09-03 01:00:00,Off,Off,Off,Off,On,On,On,On,Off,Off,Off,Off,On,On,On,On,,,,,Off,Off,Off,Off,Off,Off,Off,Off,,,,,,,,,On,On,On,On
2026-09-03 03:00:00,Off,Off,Off,Off,On,On,On,On,Off,Off,Off,Off,Off,Off,Off,Off,,,,,Off,Off,Off,Off,Off,Off,Off,Off,,,,,,,,,Off,Off,Off,Off
2026-09-03 05:00:00,On,On,On,On,Off,Off,Off,Off,Off,Off,Off,Off,Off,Off,Off,Off,,,,,Off,Off,Off,Off,Off,Off,Off,Off,,,,,,,,,Off,Off,Off,Off
2026-09-03 07:00:00,Off,Off,Off,Off,Off,Off,Off,Off,On,On,On,On,Off,Off,Off,Off,,,,,Off,Off,Off,Off,Off,Off,Off,Off,,,,,,,,,Off,Off,Off,Off
2026-09-03 09:00:00,Off,Off,Off,Off,Off,Off,Off,Off,Off,Off,Off,Off,Off,Off,Off,Off,,,,,Off,Off,Off,Off,Off,Off,Off,Off,,,,,,,,,Off,Off,Off,Off
2026-09-03 11:00:00,On,On,On,On,On,On,On,On,Off,Off,Off,Off,Off,Off,Off,Off,,,,,Off,Off,Off,Off,On,On,On,On,,,,,,,,,Off,Off,Off,Off
2026-09-03 13:00:00,Off,Off,Off,Off,Off,Off,Off,Off,Off,Off,Off,Off,Off,Off,Off,Off,,,,,On,On,On,On,On,On,On,On,,,,,,,,,Off,Off,Off,Off
2026-09-03 15:00:00,Off,Off,Off,Off,Off,Off,Off,Off,Off,Off,Off,Off,Off,Off,Off,Off,,,,,Off,Off,Off,Off,On,On,On,On,,,,,,,,,Off,Off,Off,Off
2026-09-03 17:00:00,On,On,On,On,Off,Off,Off,Off,Off,Off,Off,Off,Off,Off,Off,Off,,,,,Off,Off,Off,Off,Off,Off,Off,Off,,,,,,,,,Off,Off,Off,Off
2026-09-03 19:00:00,Off,Off,Off,Off,Off,Off,Off,Off,Off,Off,Off,Off,Off,Off,Off,Off,,,,,Off,Off,Off,Off,Off,Off,Off,Off,,,,,,,,,Off,Off,Off,Off
2026-09-03 21:00:00,Off,Off,Off,Off,Off,Off,Off,Off,Off,Off,Off,Off,Off,Off,Off,Off,,,,,Off,Off,Off,Off,Off,Off,Off,Off,,,,,,,,,Off,Off,Off,Off
2026-09-03 23:00:00,Off,Off,Off,Off,Off,Off,Off,Off,Off,Off,Off,Off,Off,Off,Off,Off,,,,,Off,Off,Off,Off,Off,Off,Off,Off,,,,,,,,,Off,Off,Off,Off
2026-09-04 01:00:00,Off,Off,Off,Off,Off,Off,Off,Off,On,On,On,On,Off,Off,Off,Off,,,,,Off,Off,Off,Off,Off,Off,Off,Off,,,,,,,,,On,On,On,On
2026-09-04 03:00:00,Off,Off,Off,Off,Off,Off,Off,Off,Off,Off,Off,Off,Off,Off,Off,Off,,,,,Off,Off,Off,Off,Off,Off,Off,Off,,,,,,,,,Off,Off,Off,Off
2026-09-04 05:00:00,On,On,On,On,Off,Off,Off,Off,On,On,On,On,On,On,On,On,,,,,Off,Off,Off,Off,Off,Off,Off,Off,,,,,,,,,On,On,On,On
2026-09-04 07:00:00,Off,Off,Off,Off,Off,Off,Off,Off,Off,Off,Off,Off,,,,,,,,,Off,Off,Off,Off,Off,Off,Off,Off,,,,,,,,,Off,Off,Off,Off
2026-09-04 09:00:00,Off,Off,Off,Off,Off,Off,Off,Off,Off,Off,Off,Off,,,,,,,,,Off,Off,Off,Off,Off,Off,Off,Off,,,,,,,,,Off,Off,Off,Off
2026-09-04 11:00:00,On,On,On,On,On,On,On,On,On,On,On,On,On,On,On,On,Off,Off,Off,Off,Off,Off,Off,Off,Off,Off,Off,Off,,,,,,,,,Off,Off,Off,Off
2026-09-04 13:00:00,Off,Off,Off,Off,Off,Off,Off,Off,Off,Off,Off,Off,Off,Off,Off,Off,Off,Off,Off,Off,On,On,On,On,Off,Off,Off,Off,,,,,,,,,Off,Off,Off,Off
2026-09-04 15:00:00,Off,Off,Off,Off,Off,Off,Off,Off,Off,Off,Off,Off,Off,Off,Off,Off,On,On,On,On,Off,Off,Off,Off,Off,Off,Off,Off,,,,,,,,,Off,Off,Off,Off
2026-09-04 17:00:00,On,On,On,On,On,On,On,On,On,On,On,On,Off,Off,Off,Off,,,,,Off,Off,Off,Off,On,On,On,On,,,,,,,,,On,On,On,On
2026-09-04 19:00:00,Off,Off,Off,Off,On,On,On,On,Off,Off,Off,Off,Off,Off,Off,Off,,,,,Off,Off,Off,Off,Off,Off,Off,Off,,,,,,,,,Off,Off,Off,Off
2026-09-04 21:00:00,Off,Off,Off,Off,Off,Off,Off,Off,Off,Off,Off,Off,Off,Off,Off,Off,,,,,Off,Off,Off,Off,Off,Off,Off,Off,,,,,,,,,On,On,On,On
2026-09-04 23:00:00,Off,Off,Off,Off,Off,Off,Off,Off,Off,Off,Off,Off,Off,Off,Off,Off,,,,,Off,Off,Off,Off,Off,Off,Off,Off,,,,,,,,,Off,Off,Off,Off
2026-09-05 01:00:00,Off,Off,Off,Off,Off,Off,Off,Off,Off,Off,Off,Off,Off,Off,Off,Off,,,,,Off,Off,Off,Off,Off,Off,Off,Off,,,,,,,,,Off,Off,Off,Off
2026-09-05 03:00:00,Off,Off,Off,Off,Off,Off,Off,Off,Off,Off,Off,Off,Off,Off,Off,Off,,,,,Off,Off,Off,Off,Off,Off,Off,Off,,,,,,,,,Off,Off,Off,Off
2026-09-05 05:00:00,On,On,On,On,Off,Off,Off,Off,Off,Off,Off,Off,Off,Off,Off,Off,,,,,Off,Off,Off,Off,Off,Off,Off,Off,,,,,,,,,On,On,On,On
2026-09-05 07:00:00,Off,Off,Off,Off,Off,Off,Off,Off,Off,Off,Off,Off,Off,Off,Off,Off,,,,,Off,Off,Off,Off,Off,Off,Off,Off,,,,,,,,,Off,Off,Off,Off
2026-09-05 09:00:00,Off,Off,Off,Off,Off,Off,Off,Off,On,On,On,On,Off,Off,Off,Off,,,,,Off,Off,Off,Off,Off,Off,Off,Off,,,,,,,,,Off,Off,Off,Off
2026-09-05 11:00:00,Off,Off,Off,Off,Off,Off,Off,Off,Off,Off,Off,Off,On,On,On,On,,,,,Off,Off,Off,Off,Off,Off,Off,Off,,,,,,,,,Off,Off,Off,Off
2026-09-05 13:00:00,Off,Off,Off,Off,On,On,On,On,On,On,On,On,Off,Off,Off,Off,,,,,On,On,On,On,On,On,On,On,,,,,,,,,Off,Off,Off,Off
2026-09-05 15:00:00,On,On,On,On,Off,Off,Off,Off,Off,Off,Off,Off,Off,Off,Off,Off,Off,Off,Off,Off,,,,,Off,Off,Off,Off,,,,,,,,,Off,Off,Off,Off
2026-09-05 17:00:00,On,On,On,On,Off,Off,Off,Off,Off,Off,Off,Off,Off,Off,Off,Off,On,On,On,On,,,,,Off,Off,Off,Off,,,,,,,,,Off,Off,Off,Off
2026-09-05 19:00:00,Off,Off,Off,Off,Off,Off,Off,Off,Off,Off,Off,Off,Off,Off,Off,Off,,,,,On,On,On,On,Off,Off,Off,Off,,,,,,,,,Off,Off,Off,Off
2026-09-05 21:00:00,Off,Off,Off,Off,Off,Off,Off,Off,Off,Off,Off,Off,Off,Off,Off,Off,On,On,On,On,Off,Off,Off,Off,Off,Off,Off,Off,,,,,,,,,Off,Off,Off,Off
2026-09-05 23:00:00,Off,Off,Off,Off,On,On,On,On,Off,Off,Off,Off,Off,Off,Off,Off,On,On,On,On,Off,Off,Off,Off,Off,Off,Off,Off,,,,,,,,,On,On,On,On
2026-09-06 01:00:00,Off,Off,Off,Off,Off,Off,Off,Off,Off,Off,Off,Off,Off,Off,Off,Off,Off,Off,Off,Off,Off,Off,Off,Off,Off,Off,Off,Off,,,,,,,,,Off,Off,Off,Off
2026-09-06 03:00:00,Off,Off,Off,Off,Off,Off,Off,Off,Off,Off,Off,Off,Off,Off,Off,Off,On,On,On,On,Off,Off,Off,Off,Off,Off,Off,Off,,,,,,,,,Off,Off,Off,Off
2026-09-06 05:00:00,On,On,On,On,Off,Off,Off,Off,Off,Off,Off,Off,Off,Off,Off,Off,,,,,Off,Off,Off,Off,Off,Off,Off,Off,,,,,,,,,Off,Off,Off,Off
2026-09-06 07:00:00,On,On,On,On,Off,Off,Off,Off,On,On,On,On,Off,Off,Off,Off,,,,,Off,Off,Off,Off,Off,Off,Off,Off,,,,,,,,,Off,Off,Off,Off
2026-09-06 09:00:00,On,On,On,On,Off,Off,Off,Off,Off,Off,Off,Off,Off,Off,Off,Off,Off,Off,Off,Off,Off,Off,Off,Off,Off,Off,Off,Off,,,,,,,,,Off,Off,Off,Off
2026-09-06 11:00:00,Off,Off,Off,Off,Off,Off,Off,Off,Off,Off,Off,Off,Off,Off,Off,Off,Off,Off,Off,Off,Off,Off,Off,Off,Off,Off,Off,Off,,,,,,,,,Off,Off,Off,Off
2026-09-06 13:00:00,Off,Off,Off,Off,Off,Off,Off,Off,Off,Off,Off,Off,On,On,On,On,On,On,On,On,On,On,On,On,Off,Off,Off,Off,,,,,,,,,On,On,On,On
2026-09-06 15:00:00,Off,Off,Off,Off,Off,Off,Off,Off,Off,Off,Off,Off,Off,Off,Off,Off,On,On,On,On,,,,,On,On,On,On,,,,,,,,,Off,Off,Off,Off
2026-09-06 17:00:00,On,On,On,On,Off,Off,Off,Off,Off,Off,Off,Off,Off,Off,Off,Off,On,On,On,On,,,,,Off,Off,Off,Off,,,,,,,,,Off,Off,Off,Off
2026-09-06 19:00:00,On,On,On,On,Off,Off,Off,Off,Off,Off,Off,Off,Off,Off,Off,Off,,,,,,,,,Off,Off,Off,Off,,,,,,,,,Off,Off,Off,Off
2026-09-06 21:00:00,On,On,On,On,Off,Off,Off,Off,Off,Off,Off,Off,Off,Off,Off,Off,On,On,On,On,On,On,On,On,Off,Off,Off,Off,,,,,,,,,Off,Off,Off,Off
2026-09-06 23:00:00,Off,Off,Off,Off,Off,Off,Off,Off,Off,Off,Off,Off,Off,Off,Off,Off,,,,,,,,,Off,Off,Off,Off,,,,,,,,,Off,Off,Off,Off
2026-09-07 01:00:00,Off,Off,Off,Off,On,On,On,On,Off,Off,Off,Off,Off,Off,Off,Off,,,,,,,,,Off,Off,Off,Off,,,,,,,,,On,On,On,On
2026-09-07 03:00:00,Off,Off,Off,Off,Off,Off,Off,Off,Off,Off,Off,Off,Off,Off,Off,Off,,,,,,,,,Off,Off,Off,Off,,,,,,,,,Off,Off,Off,Off
2026-09-07 05:00:00,On,On,On,On,Off,Off,Off,Off,Off,Off,Off,Off,Off,Off,Off,Off,,,,,,,,,Off,Off,Off,Off,,,,,,,,,Off,Off,Off,Off
2026-09-07 07:00:00,Off,Off,Off,Off,Off,Off,Off,Off,On,On,On,On,Off,Off,Off,Off,,,,,,,,,Off,Off,Off,Off,,,,,,,,,Off,Off,Off,Off
2026-09-07 09:00:00,Off,Off,Off,Off,Off,Off,Off,Off,Off,Off,Off,Off,Off,Off,Off,Off,,,,,,,,,Off,Off,Off,Off,,,,,,,,,Off,Off,Off,Off
2026-09-07 11:00:00,On,On,On,On,Off,Off,Off,Off,Off,Off,Off,Off,Off,Off,Off,Off,,,,,,,,,Off,Off,Off,Off,,,,,,,,,Off,Off,Off,Off
2026-09-07 13:00:00,Off,Off,Off,Off,On,On,On,On,Off,Off,Off,Off,On,On,On,On,,,,,,,,,Off,Off,Off,Off,,,,,,,,,Off,Off,Off,Off
2026-09-07 15:00:00,Off,Off,Off,Off,Off,Off,Off,Off,Off,Off,Off,Off,Off,Off,Off,Off,On,On,On,On,,,,,Off,Off,Off,Off,,,,,,,,,Off,Off,Off,Off
2026-09-07 17:00:00,Off,Off,Off,Off,Off,Off,Off,Off,Off,Off,Off,Off,Off,Off,Off,Off,Off,Off,Off,Off,On,On,On,On,Off,Off,Off,Off,,,,,,,,,On,On,On,On
2026-09-07 19:00:00,Off,Off,Off,Off,Off,Off,Off,Off,Off,Off,Off,Off,Off,Off,Off,Off,,,,,Off,Off,Off,Off,Off,Off,Off,Off,,,,,,,,,Off,Off,Off,Off
2026-09-07 21:00:00,Off,Off,Off,Off,Off,Off,Off,Off,Off,Off,Off,Off,Off,Off,Off,Off,,,,,Off,Off,Off,Off,Off,Off,Off,Off,,,,,,,,,Off,Off,Off,Off
2026-09-07 23:00:00,Off,Off,Off,Off,On,On,On,On,Off,Off,Off,Off,Off,Off,Off,Off,On,On,On,On,Off,Off,Off,Off,Off,Off,Off,Off,,,,,,,,,On,On,On,On
2026-09-08 01:00:00,Off,Off,Off,Off,On,On,On,On,Off,Off,Off,Off,Off,Off,Off,Off,On,On,On,On,Off,Off,Off,Off,On,On,On,On,,,,,,,,,Off,Off,Off,Off
2026-09-08 03:00:00,On,On,On,On,Off,Off,Off,Off,Off,Off,Off,Off,Off,Off,Off,Off,On,On,On,On,Off,Off,Off,Off,Off,Off,Off,Off,,,,,,,,,Off,Off,Off,Off
2026-09-08 05:00:00,On,On,On,On,On,On,On,On,Off,Off,Off,Off,Off,Off,Off,Off,,,,,Off,Off,Off,Off,On,On,On,On,,,,,,,,,On,On,On,On
2026-09-08 07:00:00,Off,Off,Off,Off,Off,Off,Off,Off,Off,Off,Off,Off,Off,Off,Off,Off,,,,,Off,Off,Off,Off,Off,Off,Off,Off,,,,,,,,,Off,Off,Off,Off
2026-09-08 09:00:00,On,On,On,On,Off,Off,Off,Off,On,On,On,On,Off,Off,Off,Off,Off,Off,Off,Off,Off,Off,Off,Off,Off,Off,Off,Off,,,,,,,,,Off,Off,Off,Off
2026-09-08 11:00:00,Off,Off,Off,Off,Off,Off,Off,Off,Off,Off,Off,Off,Off,Off,Off,Off,On,On,On,On,Off,Off,Off,Off,Off,Off,Off,Off,,,,,,,,,Off,Off,Off,Off
2026-09-08 13:00:00,On,On,On,On,On,On,On,On,Off,Off,Off,Off,On,On,On,On,On,On,On,On,On,On,On,On,On,On,On,On,,,,,,,,,Off,Off,Off,Off
2026-09-08 15:00:00,Off,Off,Off,Off,Off,Off,Off,Off,Off,Off,Off,Off,Off,Off,Off,Off,On,On,On,On,Off,Off,Off,Off,Off,Off,Off,Off,,,,,,,,,Off,Off,Off,Off
2026-09-08 17:00:00,,,,,Off,Off,Off,Off,Off,Off,Off,Off,Off,Off,Off,Off,Off,Off,Off,Off,Off,Off,Off,Off,Off,Off,Off,Off,,,,,,,,,Off,Off,Off,Off
2026-09-08 19:00:00,,,,,On,On,On,On,Off,Off,Off,Off,Off,Off,Off,Off,Off,Off,Off,Off,Off,Off,Off,Off,Off,Off,Off,Off,,,,,,,,,Off,Off,Off,Off
2026-09-08 21:00:00,On,On,On,On,On,On,On,On,Off,Off,Off,Off,Off,Off,Off,Off,Off,Off,Off,Off,Off,Off,Off,Off,Off,Off,Off,Off,,,,,,,,,Off,Off,Off,Off
2026-09-08 23:00:00,,,,,Off,Off,Off,Off,Off,Off,Off,Off,Off,Off,Off,Off,Off,Off,Off,Off,Off,Off,Off,Off,On,On,On,On,,,,,,,,,Off,Off,Off,Off
2026-09-09 01:00:00,On,On,On,On,Off,Off,Off,Off,Off,Off,Off,Off,On,On,On,On,Off,Off,Off,Off,Off,Off,Off,Off,Off,Off,Off,Off,,,,,,,,,On,On,On,On
2026-09-09 03:00:00,,,,,Off,Off,Off,Off,Off,Off,Off,Off,Off,Off,Off,Off,Off,Off,Off,Off,Off,Off,Off,Off,Off,Off,Off,Off,,,,,,,,,Off,Off,Off,Off
2026-09-09 05:00:00,,,,,Off,Off,Off,Off,Off,Off,Off,Off,Off,Off,Off,Off,Off,Off,Off,Off,Off,Off,Off,Off,Off,Off,Off,Off,,,,,,,,,Off,Off,Off,Off
2026-09-09 07:00:00,,,,,Off,Off,Off,Off,On,On,On,On,Off,Off,Off,Off,Off,Off,Off,Off,Off,Off,Off,Off,Off,Off,Off,Off,,,,,,,,,Off,Off,Off,Off
2026-09-09 09:00:00,On,On,On,On,Off,Off,Off,Off,,,,,Off,Off,Off,Off,Off,Off,Off,Off,Off,Off,Off,Off,Off,Off,Off,Off,,,,,,,,,Off,Off,Off,Off
2026-09-09 11:00:00,On,On,On,On,Off,Off,Off,Off,Off,Off,Off,Off,On,On,On,On,Off,Off,Off,Off,Off,Off,Off,Off,Off,Off,Off,Off,,,,,,,,,Off,Off,Off,Off
2026-09-09 13:00:00,,,,,Off,Off,Off,Off,Off,Off,Off,Off,On,On,On,On,Off,Off,Off,Off,On,On,On,On,Off,Off,Off,Off,,,,,,,,,Off,Off,Off,Off
2026-09-09 15:00:00,On,On,On,On,Off,Off,Off,Off,Off,Off,Off,Off,Off,Off,Off,Off,On,On,On,On,Off,Off,Off,Off,Off,Off,Off,Off,,,,,,,,,On,On,On,On
2026-09-09 17:00:00,,,,,Off,Off,Off,Off,Off,Off,Off,Off,Off,Off,Off,Off,Off,Off,Off,Off,Off,Off,Off,Off,Off,Off,Off,Off,,,,,,,,,On,On,On,On
2026-09-09 19:00:00,,,,,Off,Off,Off,Off,Off,Off,Off,Off,Off,Off,Off,Off,Off,Off,Off,Off,Off,Off,Off,Off,Off,Off,Off,Off,,,,,,,,,,,,
2026-09-09 21:00:00,Off,Off,Off,Off,On,On,On,On,Off,Off,Off,Off,Off,Off,Off,Off,Off,Off,Off,Off,Off,Off,Off,Off,Off,Off,Off,Off,,,,,,,,,On,On,On,On
2026-09-09 23:00:00,,,,,Off,Off,Off,Off,Off,Off,Off,Off,Off,Off,Off,Off,On,On,On,On,Off,Off,Off,Off,On,On,On,On,,,,,,,,,,,,
2026-09-10 01:00:00,,,,,Off,Off,Off,Off,Off,Off,Off,Off,Off,Off,Off,Off,Off,Off,Off,Off,Off,Off,Off,Off,Off,Off,Off,Off,,,,,,,,,Off,Off,Off,Off
2026-09-10 03:00:00,,,,,Off,Off,Off,Off,Off,Off,Off,Off,Off,Off,Off,Off,Off,Off,Off,Off,Off,Off,Off,Off,Off,Off,Off,Off,,,,,,,,,Off,Off,Off,Off
2026-09-10 05:00:00,,,,,Off,Off,Off,Off,Off,Off,Off,Off,Off,Off,Off,Off,Off,Off,Off,Off,Off,Off,Off,Off,Off,Off,Off,Off,,,,,,,,,,,,
2026-09-10 07:00:00,,,,,On,On,On,On,Off,Off,Off,Off,Off,Off,Off,Off,Off,Off,Off,Off,Off,Off,Off,Off,Off,Off,Off,Off,,,,,,,,,,,,
2026-09-10 09:00:00,,,,,,,,,On,On,On,On,Off,Off,Off,Off,Off,Off,Off,Off,On,On,On,On,On,On,On,On,,,,,,,,,,,,
2026-09-10 11:00:00,,,,,Off,Off,Off,Off,Off,Off,Off,Off,Off,Off,Off,Off,On,On,On,On,Off,Off,Off,Off,On,On,On,On,,,,,,,,,,,,
2026-09-10 13:00:00,,,,,Off,Off,Off,Off,Off,Off,Off,Off,Off,Off,Off,Off,On,On,On,On,Off,Off,Off,Off,,,,,,,,,,,,,,,,

