"Time","B_1 - I45","B_2 - I45","B_3 - I45","B_4 - I45","Center - I45","B_1 - I49","B_2 - I49","B_3 - I49","B_4 - I49","Center - I49","B_1 - I50","B_2 - I50","B_3 - I50","B_4 - I50","Center - I50","B_1 - I51","B_2 - I51","B_3 - I51","B_4 - I51","Center - I51","B_1 - I52","B_2 - I52","B_3 - I52","B_4 - I52","Center - I52","B_1 - I53","B_2 - I53","B_3 - I53","B_4 - I53","Center - I53","B_1 - I54","B_2 - I54","B_3 - I54","B_4 - I54","Center - I54","B_1 - I55","B_2 - I55","B_3 - I55","B_4 - I55","Center - I55","B_1 - I56","B_2 - I56","B_3 - I56","B_4 - I56","Center - I56","B_1 - I57","B_2 - I57","B_3 - I57","B_4 - I57","Center - I57","B_1 - I58","B_2 - I58","B_3 - I58","B_4 - I58","Center - I58","RPM "
2026-06-12 13:00:00,0.108 Mpa,1.02 Mpa,0.108 Mpa,0.112 Mpa,0 Mpa,0.112 Mpa,1.02 Mpa,0.112 Mpa,1.02 Mpa,0 Mpa,0.134 Mpa,0.124 Mpa,0.133 Mpa,0.131 Mpa,0 Mpa,0.122 Mpa,0.126 Mpa,0.122 Mpa,0.124 Mpa,,0.138 Mpa,1.02 Mpa,0.138 Mpa,0.136 Mpa,0 Mpa,0.114 Mpa,0.111 Mpa,0.111 Mpa,0.112 Mpa,0 Mpa,0.123 Mpa,0.123 Mpa,0.124 Mpa,0.123 Mpa,0 Mpa,0.119 Mpa,0.120 Mpa,0.125 Mpa,0.120 Mpa,0 Mpa,0.130 Mpa,0.132 Mpa,0.132 Mpa,0.130 Mpa,0 Mpa,0.112 Mpa,0.112 Mpa,0.112 Mpa,0.112 Mpa,0 Mpa,,,,,,1492 RPM
2026-06-12 15:00:00,0.119 Mpa,1.02 Mpa,0.120 Mpa,0.121 Mpa,0 Mpa,0.110 Mpa,1.02 Mpa,0.111 Mpa,1.02 Mpa,0 Mpa,0.126 Mpa,0.122 Mpa,0.125 Mpa,0.122 Mpa,0 Mpa,0.116 Mpa,0.120 Mpa,0.115 Mpa,0.118 Mpa,,0.115 Mpa,1.02 Mpa,0.114 Mpa,0.114 Mpa,0 Mpa,0.117 Mpa,0.116 Mpa,0.115 Mpa,0.117 Mpa,0 Mpa,0.128 Mpa,0.127 Mpa,0.127 Mpa,0.127 Mpa,0 Mpa,0.118 Mpa,0.120 Mpa,0.123 Mpa,0.118 Mpa,0 Mpa,0.126 Mpa,0.129 Mpa,0.128 Mpa,0.126 Mpa,0.00174 Mpa,0.117 Mpa,0.116 Mpa,0.119 Mpa,0.118 Mpa,0 Mpa,,,,,,1672 RPM
2026-06-12 17:00:00,0.118 Mpa,1.02 Mpa,0.120 Mpa,0.121 Mpa,0 Mpa,0.114 Mpa,1.02 Mpa,0.115 Mpa,1.02 Mpa,0 Mpa,0.115 Mpa,0.113 Mpa,0.116 Mpa,0.113 Mpa,0 Mpa,0.114 Mpa,0.117 Mpa,0.113 Mpa,0.116 Mpa,,0.108 Mpa,1.01 Mpa,0.106 Mpa,0.106 Mpa,0.0120 Mpa,0.114 Mpa,0.114 Mpa,0.112 Mpa,0.115 Mpa,0 Mpa,0.117 Mpa,0.117 Mpa,0.117 Mpa,0.117 Mpa,0.0359 Mpa,0.120 Mpa,0.122 Mpa,0.124 Mpa,0.120 Mpa,0 Mpa,0.127 Mpa,0.130 Mpa,0.129 Mpa,0.128 Mpa,0 Mpa,0.122 Mpa,0.121 Mpa,0.124 Mpa,0.123 Mpa,0.00647 Mpa,,,,,,1593 RPM
2026-06-12 19:00:00,0.119 Mpa,1.01 Mpa,0.120 Mpa,0.121 Mpa,0.00329 Mpa,0.116 Mpa,1.02 Mpa,0.116 Mpa,1.02 Mpa,0 Mpa,0.125 Mpa,0.122 Mpa,0.125 Mpa,0.122 Mpa,0 Mpa,0.114 Mpa,0.117 Mpa,0.113 Mpa,0.116 Mpa,,0.117 Mpa,1.02 Mpa,0.116 Mpa,0.116 Mpa,0 Mpa,0.119 Mpa,0.118 Mpa,0.118 Mpa,0.119 Mpa,0 Mpa,0.126 Mpa,0.124 Mpa,0.125 Mpa,0.125 Mpa,0 Mpa,0.118 Mpa,0.120 Mpa,0.122 Mpa,0.118 Mpa,0 Mpa,0.126 Mpa,0.128 Mpa,0.128 Mpa,0.126 Mpa,0 Mpa,0.121 Mpa,0.121 Mpa,0.123 Mpa,0.122 Mpa,0 Mpa,,,,,,1718 RPM
2026-06-12 21:00:00,0.114 Mpa,1.02 Mpa,0.115 Mpa,0.116 Mpa,0 Mpa,0.116 Mpa,1.02 Mpa,0.117 Mpa,1.02 Mpa,0 Mpa,0.119 Mpa,0.116 Mpa,0.119 Mpa,0.116 Mpa,0 Mpa,0.114 Mpa,0.115 Mpa,0.113 Mpa,0.114 Mpa,,0.127 Mpa,1.02 Mpa,0.127 Mpa,0.127 Mpa,0 Mpa,0.119 Mpa,0.118 Mpa,0.117 Mpa,0.119 Mpa,0 Mpa,0.127 Mpa,0.126 Mpa,0.126 Mpa,0.126 Mpa,0 Mpa,0.118 Mpa,0.119 Mpa,0.121 Mpa,0.118 Mpa,0.0106 Mpa,0.123 Mpa,0.125 Mpa,0.125 Mpa,0.123 Mpa,0 Mpa,0.121 Mpa,0.121 Mpa,0.123 Mpa,0.123 Mpa,0 Mpa,,,,,,1691 RPM
2026-06-12 23:00:00,0.121 Mpa,1.02 Mpa,0.123 Mpa,0.124 Mpa,0 Mpa,0.115 Mpa,1.02 Mpa,0.116 Mpa,1.02 Mpa,0 Mpa,0.120 Mpa,0.117 Mpa,0.119 Mpa,0.116 Mpa,0 Mpa,0.123 Mpa,0.125 Mpa,0.122 Mpa,0.123 Mpa,,0.126 Mpa,1.01 Mpa,0.125 Mpa,0.125 Mpa,0.0101 Mpa,0.112 Mpa,0.112 Mpa,0.111 Mpa,0.112 Mpa,0.00710 Mpa,0.123 Mpa,0.122 Mpa,0.122 Mpa,0.122 Mpa,0 Mpa,0.118 Mpa,0.120 Mpa,0.121 Mpa,0.118 Mpa,0 Mpa,0.125 Mpa,0.128 Mpa,0.127 Mpa,0.125 Mpa,0 Mpa,0.122 Mpa,0.122 Mpa,0.124 Mpa,0.124 Mpa,0.00662 Mpa,,,,,,1739 RPM
2026-06-13 01:00:00,0.112 Mpa,1.02 Mpa,0.114 Mpa,0.115 Mpa,0 Mpa,0.115 Mpa,1.01 Mpa,0.116 Mpa,1.01 Mpa,0.00563 Mpa,0.119 Mpa,0.116 Mpa,0.119 Mpa,0.116 Mpa,0 Mpa,0.120 Mpa,0.122 Mpa,0.119 Mpa,0.120 Mpa,,0.117 Mpa,1.01 Mpa,0.116 Mpa,0.117 Mpa,0.00916 Mpa,0.114 Mpa,0.114 Mpa,0.113 Mpa,0.114 Mpa,0 Mpa,0.121 Mpa,0.120 Mpa,0.121 Mpa,0.121 Mpa,0 Mpa,0.122 Mpa,0.123 Mpa,0.126 Mpa,0.121 Mpa,0 Mpa,0.135 Mpa,0.138 Mpa,0.137 Mpa,0.134 Mpa,0 Mpa,0.119 Mpa,0.118 Mpa,0.120 Mpa,0.121 Mpa,0.0123 Mpa,,,,,,1685 RPM
2026-06-13 03:00:00,0.108 Mpa,1.02 Mpa,0.109 Mpa,0.110 Mpa,0 Mpa,0.112 Mpa,1.01 Mpa,0.113 Mpa,1.01 Mpa,0.0162 Mpa,0.124 Mpa,0.121 Mpa,0.124 Mpa,0.121 Mpa,0 Mpa,0.116 Mpa,0.118 Mpa,0.116 Mpa,0.117 Mpa,,0.125 Mpa,1.02 Mpa,0.124 Mpa,0.123 Mpa,0 Mpa,0.116 Mpa,0.116 Mpa,0.114 Mpa,0.117 Mpa,0 Mpa,0.117 Mpa,0.116 Mpa,0.117 Mpa,0.117 Mpa,0 Mpa,0.120 Mpa,0.122 Mpa,0.123 Mpa,0.119 Mpa,0 Mpa,0.129 Mpa,0.133 Mpa,0.130 Mpa,0.130 Mpa,0 Mpa,0.123 Mpa,0.122 Mpa,0.124 Mpa,0.124 Mpa,0 Mpa,,,,,,1570 RPM
2026-06-13 05:00:00,0.117 Mpa,1.02 Mpa,0.118 Mpa,0.119 Mpa,0 Mpa,0.118 Mpa,1.02 Mpa,0.119 Mpa,1.02 Mpa,0 Mpa,0.118 Mpa,0.115 Mpa,0.118 Mpa,0.115 Mpa,0 Mpa,0.121 Mpa,0.122 Mpa,0.120 Mpa,0.121 Mpa,,0.127 Mpa,1.02 Mpa,0.127 Mpa,0.126 Mpa,0 Mpa,0.110 Mpa,0.111 Mpa,0.108 Mpa,0.111 Mpa,0 Mpa,0.120 Mpa,0.119 Mpa,0.120 Mpa,0.119 Mpa,0.00919 Mpa,0.117 Mpa,0.118 Mpa,0.120 Mpa,0.116 Mpa,0 Mpa,0.127 Mpa,0.130 Mpa,0.128 Mpa,0.128 Mpa,0 Mpa,0.122 Mpa,0.121 Mpa,0.124 Mpa,0.123 Mpa,0.00624 Mpa,,,,,,1601 RPM
2026-06-13 07:00:00,0.125 Mpa,1.02 Mpa,0.127 Mpa,0.129 Mpa,0 Mpa,0.113 Mpa,1.02 Mpa,0.114 Mpa,1.02 Mpa,0 Mpa,0.107 Mpa,0.105 Mpa,0.107 Mpa,0.105 Mpa,0 Mpa,0.122 Mpa,0.124 Mpa,0.121 Mpa,0.123 Mpa,,0.128 Mpa,1.01 Mpa,0.128 Mpa,0.127 Mpa,0.00989 Mpa,0.116 Mpa,0.116 Mpa,0.115 Mpa,0.117 Mpa,0 Mpa,0.114 Mpa,0.115 Mpa,0.114 Mpa,0.115 Mpa,0 Mpa,0.121 Mpa,0.121 Mpa,0.124 Mpa,0.119 Mpa,0 Mpa,0.124 Mpa,0.126 Mpa,0.126 Mpa,0.125 Mpa,0 Mpa,0.122 Mpa,0.120 Mpa,0.123 Mpa,0.123 Mpa,0 Mpa,,,,,,1630 RPM
2026-06-13 09:00:00,0.129 Mpa,1.02 Mpa,0.131 Mpa,0.134 Mpa,0 Mpa,0.117 Mpa,1.02 Mpa,0.117 Mpa,1.02 Mpa,0 Mpa,0.116 Mpa,0.113 Mpa,0.116 Mpa,0.113 Mpa,0 Mpa,0.119 Mpa,0.121 Mpa,0.118 Mpa,0.119 Mpa,,0.122 Mpa,0.899 Mpa,0.118 Mpa,0.119 Mpa,0.0578 Mpa,0.116 Mpa,0.116 Mpa,0.115 Mpa,0.117 Mpa,0 Mpa,0.110 Mpa,0.110 Mpa,0.110 Mpa,0.110 Mpa,0 Mpa,0.121 Mpa,0.122 Mpa,0.124 Mpa,0.120 Mpa,0 Mpa,0.124 Mpa,0.127 Mpa,0.125 Mpa,0.125 Mpa,0 Mpa,0.122 Mpa,0.122 Mpa,0.124 Mpa,0.125 Mpa,0 Mpa,,,,,,1556 RPM
2026-06-13 11:00:00,0.127 Mpa,1.02 Mpa,0.128 Mpa,0.130 Mpa,0 Mpa,0.111 Mpa,1.02 Mpa,0.112 Mpa,1.02 Mpa,0 Mpa,0.122 Mpa,0.119 Mpa,0.122 Mpa,0.119 Mpa,0 Mpa,0.120 Mpa,0.123 Mpa,0.118 Mpa,0.121 Mpa,,0.121 Mpa,1.01 Mpa,0.119 Mpa,0.121 Mpa,0.0249 Mpa,0.118 Mpa,0.118 Mpa,0.116 Mpa,0.119 Mpa,0 Mpa,0.114 Mpa,0.114 Mpa,0.114 Mpa,0.114 Mpa,0 Mpa,0.117 Mpa,0.118 Mpa,0.120 Mpa,0.117 Mpa,0 Mpa,0.124 Mpa,0.126 Mpa,0.125 Mpa,0.124 Mpa,0 Mpa,0.120 Mpa,0.119 Mpa,0.122 Mpa,0.121 Mpa,0 Mpa,,,,,,1710 RPM
2026-06-13 13:00:00,0.126 Mpa,1.02 Mpa,0.128 Mpa,0.129 Mpa,0 Mpa,0.112 Mpa,1.01 Mpa,0.112 Mpa,1.01 Mpa,0.0198 Mpa,0.118 Mpa,0.115 Mpa,0.118 Mpa,0.115 Mpa,0 Mpa,0.114 Mpa,0.116 Mpa,0.113 Mpa,0.115 Mpa,,0.123 Mpa,1.01 Mpa,0.122 Mpa,0.121 Mpa,0 Mpa,0.122 Mpa,0.121 Mpa,0.119 Mpa,0.121 Mpa,0.00791 Mpa,0.127 Mpa,0.127 Mpa,0.127 Mpa,0.127 Mpa,0.00823 Mpa,0.121 Mpa,0.122 Mpa,0.124 Mpa,0.120 Mpa,0.00751 Mpa,0.129 Mpa,0.131 Mpa,0.130 Mpa,0.128 Mpa,0.00446 Mpa,0.122 Mpa,0.120 Mpa,0.123 Mpa,0.125 Mpa,0 Mpa,,,,,,1705 RPM
2026-06-13 15:00:00,0.121 Mpa,1.02 Mpa,0.122 Mpa,0.122 Mpa,0 Mpa,0.116 Mpa,1.02 Mpa,0.116 Mpa,1.02 Mpa,0 Mpa,0.120 Mpa,0.116 Mpa,0.120 Mpa,0.117 Mpa,0 Mpa,,,,,,0.123 Mpa,1.02 Mpa,0.123 Mpa,0.122 Mpa,0 Mpa,0.119 Mpa,0.119 Mpa,0.118 Mpa,0.120 Mpa,0 Mpa,0.123 Mpa,0.121 Mpa,0.122 Mpa,0.121 Mpa,0 Mpa,0.120 Mpa,0.121 Mpa,0.123 Mpa,0.119 Mpa,0 Mpa,0.126 Mpa,0.130 Mpa,0.128 Mpa,0.127 Mpa,0 Mpa,0.119 Mpa,0.118 Mpa,0.121 Mpa,0.124 Mpa,0 Mpa,,,,,,1735 RPM
2026-06-13 17:00:00,0.113 Mpa,1.02 Mpa,0.114 Mpa,0.114 Mpa,0 Mpa,0.110 Mpa,1.02 Mpa,0.111 Mpa,1.02 Mpa,0 Mpa,0.119 Mpa,0.115 Mpa,0.119 Mpa,0.115 Mpa,0 Mpa,,,,,,0.122 Mpa,1.02 Mpa,0.121 Mpa,0.121 Mpa,0 Mpa,0.114 Mpa,0.114 Mpa,0.113 Mpa,0.115 Mpa,0 Mpa,0.120 Mpa,0.119 Mpa,0.119 Mpa,0.119 Mpa,0 Mpa,0.117 Mpa,0.118 Mpa,0.121 Mpa,0.116 Mpa,0 Mpa,0.126 Mpa,0.129 Mpa,0.128 Mpa,0.127 Mpa,0.00172 Mpa,0.122 Mpa,0.121 Mpa,0.124 Mpa,0.126 Mpa,0.00621 Mpa,,,,,,1630 RPM
2026-06-13 19:00:00,0.123 Mpa,1.02 Mpa,0.124 Mpa,0.126 Mpa,0 Mpa,0.111 Mpa,1.02 Mpa,0.113 Mpa,1.02 Mpa,0 Mpa,0.118 Mpa,0.115 Mpa,0.118 Mpa,0.115 Mpa,0 Mpa,,,,,,0.123 Mpa,1.02 Mpa,0.122 Mpa,0.122 Mpa,0 Mpa,0.113 Mpa,0.113 Mpa,0.111 Mpa,0.114 Mpa,0 Mpa,0.123 Mpa,0.121 Mpa,0.122 Mpa,0.121 Mpa,0 Mpa,0.118 Mpa,0.119 Mpa,0.121 Mpa,0.117 Mpa,0 Mpa,0.122 Mpa,0.124 Mpa,0.124 Mpa,0.122 Mpa,0 Mpa,0.124 Mpa,0.122 Mpa,0.126 Mpa,0.124 Mpa,0 Mpa,,,,,,1686 RPM
2026-06-13 21:00:00,0.122 Mpa,1.02 Mpa,0.123 Mpa,0.123 Mpa,0 Mpa,0.114 Mpa,1.02 Mpa,0.115 Mpa,1.02 Mpa,0 Mpa,0.121 Mpa,0.118 Mpa,0.121 Mpa,0.117 Mpa,0 Mpa,,,,,,0.125 Mpa,1.02 Mpa,0.124 Mpa,0.124 Mpa,0 Mpa,0.118 Mpa,0.118 Mpa,0.117 Mpa,0.119 Mpa,0 Mpa,0.127 Mpa,0.125 Mpa,0.126 Mpa,0.125 Mpa,0 Mpa,0.118 Mpa,0.118 Mpa,0.121 Mpa,0.117 Mpa,0.00757 Mpa,0.124 Mpa,0.127 Mpa,0.126 Mpa,0.125 Mpa,0 Mpa,0.124 Mpa,0.123 Mpa,0.126 Mpa,0.126 Mpa,0 Mpa,,,,,,1729 RPM
2026-06-13 23:00:00,0.117 Mpa,1.02 Mpa,0.118 Mpa,0.119 Mpa,0 Mpa,0.108 Mpa,1.02 Mpa,0.110 Mpa,1.02 Mpa,0 Mpa,0.120 Mpa,0.116 Mpa,0.119 Mpa,0.116 Mpa,0 Mpa,,,,,,0.122 Mpa,1.02 Mpa,0.122 Mpa,0.122 Mpa,0 Mpa,0.118 Mpa,0.117 Mpa,0.116 Mpa,0.118 Mpa,0 Mpa,0.125 Mpa,0.123 Mpa,0.124 Mpa,0.123 Mpa,0 Mpa,0.120 Mpa,0.121 Mpa,0.123 Mpa,0.119 Mpa,0.00865 Mpa,0.124 Mpa,0.127 Mpa,0.126 Mpa,0.125 Mpa,0 Mpa,0.119 Mpa,0.118 Mpa,0.121 Mpa,0.122 Mpa,0.0193 Mpa,,,,,,1640 RPM
2026-06-14 01:00:00,0.106 Mpa,1.02 Mpa,0.107 Mpa,0.107 Mpa,0 Mpa,0.109 Mpa,1.01 Mpa,0.111 Mpa,1.01 Mpa,0.0136 Mpa,0.120 Mpa,0.117 Mpa,0.120 Mpa,0.116 Mpa,0 Mpa,,,,,,0.125 Mpa,1.01 Mpa,0.124 Mpa,0.123 Mpa,0.00998 Mpa,0.112 Mpa,0.112 Mpa,0.111 Mpa,0.113 Mpa,0 Mpa,0.125 Mpa,0.123 Mpa,0.124 Mpa,0.122 Mpa,0 Mpa,0.120 Mpa,0.120 Mpa,0.123 Mpa,0.119 Mpa,0 Mpa,0.122 Mpa,0.124 Mpa,0.124 Mpa,0.122 Mpa,0 Mpa,0.125 Mpa,0.124 Mpa,0.127 Mpa,0.127 Mpa,0 Mpa,,,,,,1600 RPM
2026-06-14 03:00:00,0.124 Mpa,1.02 Mpa,0.125 Mpa,0.127 Mpa,0 Mpa,0.114 Mpa,1.02 Mpa,0.115 Mpa,1.02 Mpa,0 Mpa,0.119 Mpa,0.115 Mpa,0.118 Mpa,0.115 Mpa,0 Mpa,,,,,,0.119 Mpa,1.02 Mpa,0.118 Mpa,0.117 Mpa,0 Mpa,0.117 Mpa,0.117 Mpa,0.115 Mpa,0.117 Mpa,0 Mpa,0.123 Mpa,0.122 Mpa,0.122 Mpa,0.121 Mpa,0 Mpa,0.115 Mpa,0.116 Mpa,0.119 Mpa,0.114 Mpa,0 Mpa,0.122 Mpa,0.124 Mpa,0.123 Mpa,0.122 Mpa,0 Mpa,0.124 Mpa,0.122 Mpa,0.125 Mpa,0.132 Mpa,0 Mpa,,,,,,1697 RPM
2026-06-14 05:00:00,0.116 Mpa,1.02 Mpa,0.116 Mpa,0.117 Mpa,0 Mpa,0.114 Mpa,1.01 Mpa,0.115 Mpa,1.01 Mpa,0.00227 Mpa,0.121 Mpa,0.117 Mpa,0.121 Mpa,0.117 Mpa,0 Mpa,,,,,,0.123 Mpa,1.02 Mpa,0.122 Mpa,0.121 Mpa,0 Mpa,0.112 Mpa,0.113 Mpa,0.111 Mpa,0.113 Mpa,0 Mpa,0.123 Mpa,0.121 Mpa,0.122 Mpa,0.121 Mpa,0 Mpa,0.119 Mpa,0.119 Mpa,0.122 Mpa,0.118 Mpa,0 Mpa,0.123 Mpa,0.126 Mpa,0.124 Mpa,0.124 Mpa,0.00182 Mpa,0.123 Mpa,0.122 Mpa,0.124 Mpa,0.129 Mpa,0.00680 Mpa,,,,,,1656 RPM
2026-06-14 07:00:00,0.127 Mpa,1.02 Mpa,0.128 Mpa,0.130 Mpa,0 Mpa,0.113 Mpa,1.02 Mpa,0.114 Mpa,1.02 Mpa,0 Mpa,0.121 Mpa,0.118 Mpa,0.121 Mpa,0.118 Mpa,0 Mpa,,,,,,0.127 Mpa,1.02 Mpa,0.126 Mpa,0.126 Mpa,0 Mpa,0.115 Mpa,0.115 Mpa,0.113 Mpa,0.116 Mpa,0 Mpa,0.122 Mpa,0.122 Mpa,0.122 Mpa,0.121 Mpa,0.00804 Mpa,0.120 Mpa,0.121 Mpa,0.123 Mpa,0.119 Mpa,0 Mpa,0.122 Mpa,0.124 Mpa,0.124 Mpa,0.122 Mpa,0 Mpa,0.120 Mpa,0.119 Mpa,0.122 Mpa,0.125 Mpa,0 Mpa,,,,,,1762 RPM
2026-06-14 09:00:00,0.126 Mpa,1.02 Mpa,0.127 Mpa,0.128 Mpa,0 Mpa,0.109 Mpa,1.02 Mpa,0.110 Mpa,1.02 Mpa,0 Mpa,0.120 Mpa,0.116 Mpa,0.120 Mpa,0.117 Mpa,0 Mpa,,,,,,0.124 Mpa,1.02 Mpa,0.124 Mpa,0.124 Mpa,0 Mpa,0.117 Mpa,0.116 Mpa,0.116 Mpa,0.117 Mpa,0 Mpa,0.126 Mpa,0.126 Mpa,0.126 Mpa,0.125 Mpa,0 Mpa,0.118 Mpa,0.120 Mpa,0.121 Mpa,0.118 Mpa,0 Mpa,0.122 Mpa,0.125 Mpa,0.123 Mpa,0.122 Mpa,0 Mpa,0.121 Mpa,0.120 Mpa,0.123 Mpa,0.123 Mpa,0 Mpa,,,,,,1730 RPM
2026-06-14 11:00:00,0.125 Mpa,1.02 Mpa,0.127 Mpa,0.127 Mpa,0 Mpa,0.113 Mpa,1.02 Mpa,0.114 Mpa,1.02 Mpa,0 Mpa,0.120 Mpa,0.117 Mpa,0.120 Mpa,0.117 Mpa,0 Mpa,,,,,,0.119 Mpa,1.02 Mpa,0.118 Mpa,0.119 Mpa,0 Mpa,0.118 Mpa,0.118 Mpa,0.116 Mpa,0.119 Mpa,0 Mpa,0.129 Mpa,0.127 Mpa,0.128 Mpa,0.127 Mpa,0 Mpa,0.117 Mpa,0.119 Mpa,0.120 Mpa,0.117 Mpa,0 Mpa,0.122 Mpa,0.124 Mpa,0.123 Mpa,0.123 Mpa,0 Mpa,0.122 Mpa,0.120 Mpa,0.124 Mpa,0.122 Mpa,0 Mpa,,,,,,1727 RPM
2026-06-14 13:00:00,0.121 Mpa,1.02 Mpa,0.123 Mpa,0.123 Mpa,0 Mpa,0.113 Mpa,1.02 Mpa,0.114 Mpa,1.02 Mpa,0 Mpa,0.124 Mpa,0.120 Mpa,0.123 Mpa,0.120 Mpa,0 Mpa,,,,,,0.124 Mpa,1.01 Mpa,0.123 Mpa,0.122 Mpa,0 Mpa,0.119 Mpa,0.119 Mpa,0.118 Mpa,0.120 Mpa,0.00630 Mpa,0.125 Mpa,0.124 Mpa,0.125 Mpa,0.124 Mpa,0 Mpa,0.116 Mpa,0.117 Mpa,0.120 Mpa,0.116 Mpa,0 Mpa,0.123 Mpa,0.125 Mpa,0.124 Mpa,0.124 Mpa,0.00228 Mpa,0.121 Mpa,0.119 Mpa,0.123 Mpa,0.121 Mpa,0 Mpa,,,,,,1701 RPM
2026-06-14 15:00:00,0.119 Mpa,1.02 Mpa,0.121 Mpa,0.121 Mpa,0 Mpa,0.109 Mpa,1.02 Mpa,0.111 Mpa,1.02 Mpa,0 Mpa,0.121 Mpa,0.119 Mpa,0.120 Mpa,0.119 Mpa,0 Mpa,0.105 Mpa,0.106 Mpa,0.105 Mpa,0.106 Mpa,,0.123 Mpa,1.02 Mpa,0.122 Mpa,0.122 Mpa,0 Mpa,0.117 Mpa,0.116 Mpa,0.116 Mpa,0.117 Mpa,0.0105 Mpa,0.121 Mpa,0.119 Mpa,0.120 Mpa,0.119 Mpa,0 Mpa,0.110 Mpa,0.111 Mpa,0.113 Mpa,0.109 Mpa,0 Mpa,0.120 Mpa,0.122 Mpa,0.122 Mpa,0.120 Mpa,0 Mpa,0.129 Mpa,0.126 Mpa,0.131 Mpa,0.128 Mpa,0 Mpa,,,,,,1679 RPM
2026-06-14 17:00:00,0.119 Mpa,1.02 Mpa,0.121 Mpa,0.121 Mpa,0 Mpa,0.111 Mpa,1.01 Mpa,0.112 Mpa,1.01 Mpa,0.00837 Mpa,0.120 Mpa,0.117 Mpa,0.121 Mpa,0.118 Mpa,0 Mpa,0.117 Mpa,0.119 Mpa,0.117 Mpa,0.119 Mpa,,0.122 Mpa,1.02 Mpa,0.122 Mpa,0.121 Mpa,0 Mpa,0.117 Mpa,0.117 Mpa,0.116 Mpa,0.118 Mpa,0 Mpa,0.123 Mpa,0.123 Mpa,0.123 Mpa,0.122 Mpa,0 Mpa,0.118 Mpa,0.119 Mpa,0.122 Mpa,0.118 Mpa,0 Mpa,0.122 Mpa,0.123 Mpa,0.123 Mpa,0.122 Mpa,0.00220 Mpa,0.124 Mpa,0.122 Mpa,0.125 Mpa,0.124 Mpa,0.00651 Mpa,,,,,,1622 RPM
2026-06-14 19:00:00,0.120 Mpa,1.02 Mpa,0.122 Mpa,0.121 Mpa,0 Mpa,0.111 Mpa,1.02 Mpa,0.112 Mpa,1.02 Mpa,0 Mpa,0.120 Mpa,0.117 Mpa,0.120 Mpa,0.117 Mpa,0 Mpa,0.124 Mpa,0.127 Mpa,0.123 Mpa,0.126 Mpa,,0.115 Mpa,1.02 Mpa,0.114 Mpa,0.114 Mpa,0 Mpa,0.117 Mpa,0.116 Mpa,0.116 Mpa,0.118 Mpa,0 Mpa,0.124 Mpa,0.124 Mpa,0.124 Mpa,0.124 Mpa,0 Mpa,0.118 Mpa,0.119 Mpa,0.122 Mpa,0.117 Mpa,0 Mpa,0.128 Mpa,0.129 Mpa,0.129 Mpa,0.128 Mpa,0 Mpa,0.127 Mpa,0.124 Mpa,0.128 Mpa,0.126 Mpa,0 Mpa,,,,,,1685 RPM
2026-06-14 21:00:00,0.121 Mpa,1.02 Mpa,0.123 Mpa,0.123 Mpa,0 Mpa,0.115 Mpa,1.02 Mpa,0.115 Mpa,1.02 Mpa,0 Mpa,0.123 Mpa,0.118 Mpa,0.122 Mpa,0.118 Mpa,0 Mpa,0.119 Mpa,0.121 Mpa,0.119 Mpa,0.120 Mpa,,0.120 Mpa,1.02 Mpa,0.119 Mpa,0.119 Mpa,0 Mpa,0.118 Mpa,0.117 Mpa,0.116 Mpa,0.118 Mpa,0 Mpa,0.125 Mpa,0.123 Mpa,0.124 Mpa,0.123 Mpa,0 Mpa,0.120 Mpa,0.121 Mpa,0.123 Mpa,0.119 Mpa,0.0166 Mpa,0.124 Mpa,0.125 Mpa,0.125 Mpa,0.124 Mpa,0 Mpa,0.125 Mpa,0.124 Mpa,0.126 Mpa,0.127 Mpa,0.00706 Mpa,,,,,,1765 RPM
2026-06-14 23:00:00,0.122 Mpa,1.02 Mpa,0.124 Mpa,0.125 Mpa,0 Mpa,0.115 Mpa,1.02 Mpa,0.116 Mpa,1.02 Mpa,0 Mpa,0.122 Mpa,0.119 Mpa,0.123 Mpa,0.119 Mpa,0.00844 Mpa,0.117 Mpa,0.120 Mpa,0.117 Mpa,0.119 Mpa,,0.124 Mpa,1.02 Mpa,0.124 Mpa,0.123 Mpa,0 Mpa,0.115 Mpa,0.115 Mpa,0.114 Mpa,0.115 Mpa,0 Mpa,0.128 Mpa,0.127 Mpa,0.126 Mpa,0.127 Mpa,0 Mpa,0.120 Mpa,0.121 Mpa,0.123 Mpa,0.119 Mpa,0 Mpa,0.132 Mpa,0.136 Mpa,0.133 Mpa,0.133 Mpa,0 Mpa,0.129 Mpa,0.127 Mpa,0.130 Mpa,0.132 Mpa,0 Mpa,,,,,,1740 RPM
2026-06-15 01:00:00,0.123 Mpa,1.02 Mpa,0.124 Mpa,0.125 Mpa,0 Mpa,0.109 Mpa,1.01 Mpa,0.111 Mpa,1.01 Mpa,0.00902 Mpa,0.120 Mpa,0.117 Mpa,0.120 Mpa,0.117 Mpa,0 Mpa,0.110 Mpa,0.112 Mpa,0.110 Mpa,0.112 Mpa,,0.117 Mpa,1.01 Mpa,0.117 Mpa,0.116 Mpa,0.00727 Mpa,0.120 Mpa,0.120 Mpa,0.119 Mpa,0.121 Mpa,0 Mpa,0.120 Mpa,0.119 Mpa,0.119 Mpa,0.119 Mpa,0 Mpa,0.120 Mpa,0.121 Mpa,0.124 Mpa,0.119 Mpa,0 Mpa,0.131 Mpa,0.136 Mpa,0.133 Mpa,0.132 Mpa,0 Mpa,0.128 Mpa,0.127 Mpa,0.130 Mpa,0.130 Mpa,0 Mpa,,,,,,1596 RPM
2026-06-15 03:00:00,0.118 Mpa,1.02 Mpa,0.120 Mpa,0.120 Mpa,0 Mpa,0.113 Mpa,1.00 Mpa,0.114 Mpa,1.00 Mpa,0 Mpa,0.119 Mpa,0.116 Mpa,0.120 Mpa,0.117 Mpa,0 Mpa,0.120 Mpa,0.123 Mpa,0.119 Mpa,0.121 Mpa,,0.115 Mpa,1.02 Mpa,0.114 Mpa,0.115 Mpa,0 Mpa,0.121 Mpa,0.121 Mpa,0.120 Mpa,0.122 Mpa,0 Mpa,0.118 Mpa,0.118 Mpa,0.118 Mpa,0.118 Mpa,0.0150 Mpa,0.115 Mpa,0.116 Mpa,0.118 Mpa,0.114 Mpa,0 Mpa,0.124 Mpa,0.127 Mpa,0.125 Mpa,0.125 Mpa,0 Mpa,0.122 Mpa,0.121 Mpa,0.124 Mpa,0.123 Mpa,0 Mpa,,,,,,1661 RPM
2026-06-15 05:00:00,0.116 Mpa,1.02 Mpa,0.117 Mpa,0.117 Mpa,0 Mpa,0.113 Mpa,1.01 Mpa,0.114 Mpa,1.01 Mpa,0.00839 Mpa,0.120 Mpa,0.117 Mpa,0.120 Mpa,0.117 Mpa,0 Mpa,0.118 Mpa,0.120 Mpa,0.117 Mpa,0.119 Mpa,,0.127 Mpa,1.02 Mpa,0.127 Mpa,0.127 Mpa,0 Mpa,0.109 Mpa,0.109 Mpa,0.107 Mpa,0.109 Mpa,0 Mpa,,,,,,0.118 Mpa,0.119 Mpa,0.121 Mpa,0.117 Mpa,0 Mpa,0.122 Mpa,0.125 Mpa,0.124 Mpa,0.123 Mpa,0 Mpa,0.123 Mpa,0.123 Mpa,0.125 Mpa,0.126 Mpa,0.00663 Mpa,,,,,,1619 RPM
2026-06-15 07:00:00,0.119 Mpa,1.02 Mpa,0.121 Mpa,0.120 Mpa,0 Mpa,0.108 Mpa,1.02 Mpa,0.109 Mpa,1.02 Mpa,0 Mpa,0.121 Mpa,0.118 Mpa,0.122 Mpa,0.118 Mpa,0.00647 Mpa,0.120 Mpa,0.123 Mpa,0.120 Mpa,0.122 Mpa,,0.128 Mpa,1.02 Mpa,0.127 Mpa,0.127 Mpa,0 Mpa,0.117 Mpa,0.117 Mpa,0.115 Mpa,0.118 Mpa,0 Mpa,,,,,,0.118 Mpa,0.119 Mpa,0.120 Mpa,0.117 Mpa,0 Mpa,0.120 Mpa,0.122 Mpa,0.122 Mpa,0.120 Mpa,0 Mpa,0.127 Mpa,0.127 Mpa,0.129 Mpa,0.132 Mpa,0 Mpa,,,,,,1736 RPM
2026-06-15 09:00:00,0.120 Mpa,1.02 Mpa,0.121 Mpa,0.121 Mpa,0 Mpa,0.112 Mpa,1.02 Mpa,0.113 Mpa,1.02 Mpa,0 Mpa,0.125 Mpa,0.120 Mpa,0.124 Mpa,0.120 Mpa,0 Mpa,0.121 Mpa,0.124 Mpa,0.121 Mpa,0.123 Mpa,,0.125 Mpa,1.02 Mpa,0.124 Mpa,0.124 Mpa,0 Mpa,0.118 Mpa,0.120 Mpa,0.117 Mpa,0.120 Mpa,0 Mpa,0.111 Mpa,0.110 Mpa,0.110 Mpa,0.111 Mpa,0.0694 Mpa,0.119 Mpa,0.120 Mpa,0.122 Mpa,0.118 Mpa,0 Mpa,0.124 Mpa,0.125 Mpa,0.126 Mpa,0.123 Mpa,0 Mpa,0.123 Mpa,0.123 Mpa,0.125 Mpa,0.125 Mpa,0 Mpa,,,,,,1744 RPM
2026-06-15 11:00:00,0.120 Mpa,1.02 Mpa,0.122 Mpa,0.123 Mpa,0 Mpa,0.115 Mpa,1.02 Mpa,0.116 Mpa,1.02 Mpa,0 Mpa,0.122 Mpa,0.118 Mpa,0.121 Mpa,0.117 Mpa,0 Mpa,0.118 Mpa,0.121 Mpa,0.117 Mpa,0.119 Mpa,,0.119 Mpa,1.01 Mpa,0.119 Mpa,0.119 Mpa,0.0331 Mpa,0.116 Mpa,0.116 Mpa,0.115 Mpa,0.117 Mpa,0 Mpa,,,,,,0.121 Mpa,0.122 Mpa,0.125 Mpa,0.121 Mpa,0 Mpa,0.127 Mpa,0.130 Mpa,0.129 Mpa,0.126 Mpa,0 Mpa,0.122 Mpa,0.121 Mpa,0.124 Mpa,0.123 Mpa,0 Mpa,,,,,,1753 RPM
2026-06-15 13:00:00,0.126 Mpa,1.02 Mpa,0.129 Mpa,0.130 Mpa,0 Mpa,0.111 Mpa,1.02 Mpa,0.112 Mpa,1.02 Mpa,0 Mpa,0.125 Mpa,0.122 Mpa,0.125 Mpa,0.122 Mpa,0 Mpa,0.115 Mpa,0.118 Mpa,0.115 Mpa,0.117 Mpa,,0.108 Mpa,0.975 Mpa,0.106 Mpa,0.106 Mpa,0.0997 Mpa,0.106 Mpa,0.105 Mpa,0.106 Mpa,0.106 Mpa,0.176 Mpa,,,,,,0.121 Mpa,0.121 Mpa,0.125 Mpa,0.119 Mpa,0 Mpa,0.118 Mpa,0.120 Mpa,0.120 Mpa,0.118 Mpa,0 Mpa,0.122 Mpa,0.121 Mpa,0.125 Mpa,0.123 Mpa,0 Mpa,,,,,,1710 RPM
2026-06-15 15:00:00,0.127 Mpa,1.02 Mpa,0.129 Mpa,0.129 Mpa,0.00152 Mpa,0.110 Mpa,1.02 Mpa,0.111 Mpa,1.02 Mpa,0 Mpa,0.124 Mpa,0.121 Mpa,0.124 Mpa,0.121 Mpa,0 Mpa,0.118 Mpa,0.122 Mpa,0.118 Mpa,0.120 Mpa,,0.118 Mpa,1.02 Mpa,0.116 Mpa,0.116 Mpa,0 Mpa,0.116 Mpa,0.117 Mpa,0.114 Mpa,0.118 Mpa,0 Mpa,,,,,,0.119 Mpa,0.120 Mpa,0.123 Mpa,0.118 Mpa,0 Mpa,0.121 Mpa,0.124 Mpa,0.123 Mpa,0.121 Mpa,0.00204 Mpa,0.121 Mpa,0.121 Mpa,0.123 Mpa,0.122 Mpa,0 Mpa,,,,,,1739 RPM
2026-06-15 17:00:00,0.124 Mpa,1.02 Mpa,0.125 Mpa,0.126 Mpa,0 Mpa,0.109 Mpa,1.01 Mpa,0.111 Mpa,1.01 Mpa,0.0145 Mpa,0.121 Mpa,0.116 Mpa,0.122 Mpa,0.118 Mpa,0 Mpa,0.118 Mpa,0.120 Mpa,0.117 Mpa,0.119 Mpa,,0.127 Mpa,1.02 Mpa,0.127 Mpa,0.126 Mpa,0 Mpa,0.113 Mpa,0.113 Mpa,0.112 Mpa,0.114 Mpa,0 Mpa,,,,,,0.116 Mpa,0.117 Mpa,0.119 Mpa,0.115 Mpa,0 Mpa,0.120 Mpa,0.123 Mpa,0.122 Mpa,0.120 Mpa,0 Mpa,0.122 Mpa,0.121 Mpa,0.124 Mpa,0.123 Mpa,0 Mpa,,,,,,1573 RPM
2026-06-15 19:00:00,0.124 Mpa,1.02 Mpa,0.125 Mpa,0.125 Mpa,0 Mpa,0.111 Mpa,1.02 Mpa,0.112 Mpa,1.02 Mpa,0 Mpa,0.120 Mpa,0.117 Mpa,0.120 Mpa,0.117 Mpa,0 Mpa,0.110 Mpa,0.113 Mpa,0.110 Mpa,0.112 Mpa,,0.129 Mpa,1.02 Mpa,0.128 Mpa,0.128 Mpa,0 Mpa,0.118 Mpa,0.119 Mpa,0.117 Mpa,0.119 Mpa,0 Mpa,,,,,,0.116 Mpa,0.117 Mpa,0.119 Mpa,0.115 Mpa,0 Mpa,0.128 Mpa,0.131 Mpa,0.130 Mpa,0.128 Mpa,0 Mpa,0.125 Mpa,0.124 Mpa,0.127 Mpa,0.126 Mpa,0 Mpa,,,,,,1642 RPM
2026-06-15 21:00:00,0.124 Mpa,1.02 Mpa,0.125 Mpa,0.126 Mpa,0 Mpa,0.111 Mpa,1.02 Mpa,0.113 Mpa,1.02 Mpa,0 Mpa,0.123 Mpa,0.119 Mpa,0.123 Mpa,0.118 Mpa,0 Mpa,0.119 Mpa,0.122 Mpa,0.118 Mpa,0.121 Mpa,,0.126 Mpa,1.02 Mpa,0.124 Mpa,0.123 Mpa,0 Mpa,0.110 Mpa,0.111 Mpa,0.108 Mpa,0.111 Mpa,0 Mpa,,,,,,0.121 Mpa,0.121 Mpa,0.124 Mpa,0.120 Mpa,0 Mpa,0.128 Mpa,0.130 Mpa,0.129 Mpa,0.127 Mpa,0 Mpa,0.122 Mpa,0.123 Mpa,0.124 Mpa,0.125 Mpa,0 Mpa,,,,,,1760 RPM
2026-06-15 23:00:00,0.125 Mpa,1.01 Mpa,0.126 Mpa,0.127 Mpa,0.0147 Mpa,0.114 Mpa,1.02 Mpa,0.115 Mpa,1.02 Mpa,0 Mpa,0.122 Mpa,0.117 Mpa,0.121 Mpa,0.117 Mpa,0 Mpa,0.118 Mpa,0.121 Mpa,0.117 Mpa,0.119 Mpa,,0.128 Mpa,1.02 Mpa,0.128 Mpa,0.126 Mpa,0 Mpa,0.119 Mpa,0.119 Mpa,0.118 Mpa,0.119 Mpa,0 Mpa,,,,,,0.115 Mpa,0.116 Mpa,0.117 Mpa,0.114 Mpa,0.0103 Mpa,0.126 Mpa,0.129 Mpa,0.128 Mpa,0.126 Mpa,0 Mpa,0.117 Mpa,0.117 Mpa,0.118 Mpa,0.118 Mpa,0.0245 Mpa,,,,,,1699 RPM
2026-06-16 01:00:00,0.119 Mpa,1.02 Mpa,0.120 Mpa,0.120 Mpa,0 Mpa,0.113 Mpa,1.01 Mpa,0.114 Mpa,1.01 Mpa,0.00251 Mpa,0.122 Mpa,0.118 Mpa,0.122 Mpa,0.118 Mpa,0 Mpa,0.120 Mpa,0.122 Mpa,0.119 Mpa,0.121 Mpa,,0.127 Mpa,1.02 Mpa,0.127 Mpa,0.126 Mpa,0 Mpa,0.119 Mpa,0.118 Mpa,0.117 Mpa,0.119 Mpa,0 Mpa,0.119 Mpa,0.119 Mpa,0.119 Mpa,0.120 Mpa,0.0342 Mpa,0.120 Mpa,0.120 Mpa,0.124 Mpa,0.119 Mpa,0 Mpa,0.120 Mpa,0.122 Mpa,0.121 Mpa,0.120 Mpa,0 Mpa,0.127 Mpa,0.125 Mpa,0.128 Mpa,0.128 Mpa,0 Mpa,,,,,,1677 RPM
2026-06-16 03:00:00,0.124 Mpa,1.02 Mpa,0.127 Mpa,0.125 Mpa,0 Mpa,0.115 Mpa,1.02 Mpa,0.115 Mpa,1.02 Mpa,0 Mpa,0.117 Mpa,0.114 Mpa,0.117 Mpa,0.114 Mpa,0 Mpa,0.120 Mpa,0.123 Mpa,0.120 Mpa,0.121 Mpa,,0.122 Mpa,1.02 Mpa,0.122 Mpa,0.121 Mpa,0 Mpa,0.121 Mpa,0.121 Mpa,0.120 Mpa,0.121 Mpa,0 Mpa,0.137 Mpa,0.135 Mpa,0.136 Mpa,0.136 Mpa,0 Mpa,0.119 Mpa,0.120 Mpa,0.123 Mpa,0.118 Mpa,0 Mpa,0.121 Mpa,0.124 Mpa,0.123 Mpa,0.122 Mpa,0 Mpa,0.126 Mpa,0.125 Mpa,0.128 Mpa,0.127 Mpa,0 Mpa,,,,,,1678 RPM
2026-06-16 05:00:00,0.121 Mpa,1.02 Mpa,0.123 Mpa,0.123 Mpa,0 Mpa,0.114 Mpa,1.02 Mpa,0.115 Mpa,1.02 Mpa,0 Mpa,0.118 Mpa,0.115 Mpa,0.118 Mpa,0.115 Mpa,0 Mpa,0.114 Mpa,0.117 Mpa,0.114 Mpa,0.115 Mpa,,0.119 Mpa,1.02 Mpa,0.118 Mpa,0.118 Mpa,0 Mpa,0.116 Mpa,0.116 Mpa,0.115 Mpa,0.117 Mpa,0 Mpa,0.136 Mpa,0.135 Mpa,0.135 Mpa,0.135 Mpa,0 Mpa,0.117 Mpa,0.118 Mpa,0.121 Mpa,0.116 Mpa,0.00760 Mpa,0.126 Mpa,0.129 Mpa,0.127 Mpa,0.126 Mpa,0 Mpa,0.125 Mpa,0.124 Mpa,0.127 Mpa,0.126 Mpa,0.00627 Mpa,,,,,,1626 RPM
2026-06-16 07:00:00,0.123 Mpa,1.02 Mpa,0.125 Mpa,0.126 Mpa,0 Mpa,0.114 Mpa,1.02 Mpa,0.115 Mpa,1.02 Mpa,0 Mpa,0.123 Mpa,0.119 Mpa,0.122 Mpa,0.119 Mpa,0 Mpa,0.116 Mpa,0.117 Mpa,0.116 Mpa,0.117 Mpa,,0.126 Mpa,1.02 Mpa,0.126 Mpa,0.125 Mpa,0 Mpa,0.116 Mpa,0.115 Mpa,0.114 Mpa,0.116 Mpa,0 Mpa,0.133 Mpa,0.132 Mpa,0.132 Mpa,0.131 Mpa,0 Mpa,0.122 Mpa,0.121 Mpa,0.125 Mpa,0.120 Mpa,0 Mpa,0.129 Mpa,0.133 Mpa,0.131 Mpa,0.129 Mpa,0 Mpa,0.124 Mpa,0.123 Mpa,0.125 Mpa,0.125 Mpa,0 Mpa,,,,,,1770 RPM
2026-06-16 09:00:00,0.123 Mpa,1.02 Mpa,0.125 Mpa,0.125 Mpa,0 Mpa,0.115 Mpa,1.02 Mpa,0.116 Mpa,1.02 Mpa,0 Mpa,0.124 Mpa,0.121 Mpa,0.124 Mpa,0.120 Mpa,0 Mpa,0.119 Mpa,0.122 Mpa,0.119 Mpa,0.120 Mpa,,0.123 Mpa,1.02 Mpa,0.122 Mpa,0.121 Mpa,0 Mpa,0.120 Mpa,0.121 Mpa,0.119 Mpa,0.122 Mpa,0 Mpa,0.128 Mpa,0.127 Mpa,0.127 Mpa,0.127 Mpa,0 Mpa,0.121 Mpa,0.122 Mpa,0.125 Mpa,0.120 Mpa,0 Mpa,0.127 Mpa,0.132 Mpa,0.130 Mpa,0.128 Mpa,0 Mpa,0.123 Mpa,0.121 Mpa,0.124 Mpa,0.124 Mpa,0 Mpa,,,,,,1787 RPM
2026-06-16 11:00:00,0.121 Mpa,1.02 Mpa,0.123 Mpa,0.123 Mpa,0 Mpa,0.116 Mpa,1.02 Mpa,0.117 Mpa,1.02 Mpa,0 Mpa,0.124 Mpa,0.121 Mpa,0.125 Mpa,0.121 Mpa,0 Mpa,0.116 Mpa,0.117 Mpa,0.115 Mpa,0.116 Mpa,,0.125 Mpa,1.01 Mpa,0.124 Mpa,0.124 Mpa,0.0115 Mpa,0.118 Mpa,0.118 Mpa,0.116 Mpa,0.118 Mpa,0 Mpa,0.123 Mpa,0.122 Mpa,0.122 Mpa,0.122 Mpa,0.0105 Mpa,0.121 Mpa,0.123 Mpa,0.125 Mpa,0.121 Mpa,0 Mpa,0.133 Mpa,0.137 Mpa,0.135 Mpa,0.133 Mpa,0.00320 Mpa,0.125 Mpa,0.123 Mpa,0.126 Mpa,0.125 Mpa,0 Mpa,,,,,,1792 RPM
2026-06-16 13:00:00,0.121 Mpa,1.02 Mpa,0.122 Mpa,0.123 Mpa,0 Mpa,0.118 Mpa,1.02 Mpa,0.119 Mpa,1.02 Mpa,0 Mpa,0.125 Mpa,0.121 Mpa,0.125 Mpa,0.121 Mpa,0 Mpa,0.119 Mpa,0.121 Mpa,0.119 Mpa,0.120 Mpa,,0.113 Mpa,1.02 Mpa,0.113 Mpa,0.113 Mpa,0 Mpa,0.118 Mpa,0.118 Mpa,0.116 Mpa,0.119 Mpa,0.00935 Mpa,0.115 Mpa,0.115 Mpa,0.115 Mpa,0.115 Mpa,0.0228 Mpa,0.116 Mpa,0.117 Mpa,0.120 Mpa,0.116 Mpa,0 Mpa,0.129 Mpa,0.133 Mpa,0.131 Mpa,0.131 Mpa,0.00163 Mpa,0.121 Mpa,0.119 Mpa,0.123 Mpa,0.121 Mpa,0 Mpa,,,,,,1626 RPM
2026-06-16 15:00:00,0.126 Mpa,1.02 Mpa,0.128 Mpa,0.128 Mpa,0 Mpa,0.116 Mpa,1.02 Mpa,0.117 Mpa,1.02 Mpa,0 Mpa,0.126 Mpa,0.123 Mpa,0.126 Mpa,0.123 Mpa,0 Mpa,0.119 Mpa,0.122 Mpa,0.118 Mpa,0.120 Mpa,,0.109 Mpa,0.932 Mpa,0.107 Mpa,0.106 Mpa,0.0673 Mpa,0.117 Mpa,0.118 Mpa,0.116 Mpa,0.118 Mpa,0 Mpa,0.129 Mpa,0.129 Mpa,0.129 Mpa,0.129 Mpa,0 Mpa,0.115 Mpa,0.115 Mpa,0.118 Mpa,0.114 Mpa,0 Mpa,0.126 Mpa,0.129 Mpa,0.128 Mpa,0.127 Mpa,0 Mpa,0.123 Mpa,0.121 Mpa,0.124 Mpa,0.123 Mpa,0 Mpa,,,,,,1759 RPM
2026-06-16 17:00:00,0.120 Mpa,1.02 Mpa,0.122 Mpa,0.123 Mpa,0 Mpa,0.112 Mpa,1.02 Mpa,0.113 Mpa,1.02 Mpa,0 Mpa,0.120 Mpa,0.117 Mpa,0.119 Mpa,0.117 Mpa,0 Mpa,0.114 Mpa,0.118 Mpa,0.114 Mpa,0.117 Mpa,,0.126 Mpa,1.02 Mpa,0.125 Mpa,0.125 Mpa,0 Mpa,0.115 Mpa,0.116 Mpa,0.114 Mpa,0.116 Mpa,0 Mpa,0.130 Mpa,0.128 Mpa,0.128 Mpa,0.128 Mpa,0 Mpa,0.114 Mpa,0.115 Mpa,0.117 Mpa,0.114 Mpa,0 Mpa,0.123 Mpa,0.125 Mpa,0.125 Mpa,0.122 Mpa,0.00209 Mpa,0.125 Mpa,0.124 Mpa,0.127 Mpa,0.125 Mpa,0.00666 Mpa,,,,,,1665 RPM
2026-06-16 19:00:00,0.123 Mpa,1.02 Mpa,0.124 Mpa,0.125 Mpa,0 Mpa,0.109 Mpa,1.02 Mpa,0.110 Mpa,1.02 Mpa,0 Mpa,0.122 Mpa,0.119 Mpa,0.122 Mpa,0.119 Mpa,0 Mpa,0.115 Mpa,0.119 Mpa,0.114 Mpa,0.117 Mpa,,0.131 Mpa,1.02 Mpa,0.130 Mpa,0.130 Mpa,0 Mpa,0.112 Mpa,0.112 Mpa,0.111 Mpa,0.113 Mpa,0 Mpa,0.131 Mpa,0.129 Mpa,0.129 Mpa,0.129 Mpa,0 Mpa,0.121 Mpa,0.122 Mpa,0.125 Mpa,0.120 Mpa,0 Mpa,0.121 Mpa,0.124 Mpa,0.123 Mpa,0.122 Mpa,0 Mpa,0.122 Mpa,0.121 Mpa,0.125 Mpa,0.123 Mpa,0 Mpa,,,,,,1701 RPM
2026-06-16 21:00:00,0.129 Mpa,1.02 Mpa,0.130 Mpa,0.131 Mpa,0 Mpa,0.111 Mpa,1.02 Mpa,0.112 Mpa,1.02 Mpa,0 Mpa,0.117 Mpa,0.114 Mpa,0.116 Mpa,0.114 Mpa,0 Mpa,0.119 Mpa,0.123 Mpa,0.118 Mpa,0.121 Mpa,,0.130 Mpa,1.02 Mpa,0.129 Mpa,0.128 Mpa,0 Mpa,0.119 Mpa,0.119 Mpa,0.118 Mpa,0.119 Mpa,0 Mpa,0.127 Mpa,0.125 Mpa,0.125 Mpa,0.126 Mpa,0 Mpa,0.120 Mpa,0.122 Mpa,0.124 Mpa,0.120 Mpa,0.00698 Mpa,0.120 Mpa,0.123 Mpa,0.122 Mpa,0.120 Mpa,0 Mpa,0.120 Mpa,0.119 Mpa,0.122 Mpa,0.121 Mpa,0 Mpa,,,,,,1740 RPM
2026-06-16 23:00:00,0.119 Mpa,1.01 Mpa,0.121 Mpa,0.122 Mpa,0.00451 Mpa,0.112 Mpa,1.02 Mpa,0.113 Mpa,1.02 Mpa,0 Mpa,0.120 Mpa,0.118 Mpa,0.120 Mpa,0.118 Mpa,0.0101 Mpa,0.119 Mpa,0.122 Mpa,0.119 Mpa,0.121 Mpa,,0.123 Mpa,1.01 Mpa,0.122 Mpa,0.123 Mpa,0.0155 Mpa,0.119 Mpa,0.120 Mpa,0.118 Mpa,0.120 Mpa,0 Mpa,0.128 Mpa,0.127 Mpa,0.127 Mpa,0.127 Mpa,0 Mpa,0.119 Mpa,0.121 Mpa,0.122 Mpa,0.119 Mpa,0 Mpa,0.123 Mpa,0.127 Mpa,0.125 Mpa,0.125 Mpa,0 Mpa,0.120 Mpa,0.119 Mpa,0.122 Mpa,0.121 Mpa,0.0160 Mpa,,,,,,1684 RPM
2026-06-17 01:00:00,0.125 Mpa,1.01 Mpa,0.127 Mpa,0.128 Mpa,0.00942 Mpa,0.111 Mpa,0.992 Mpa,0.112 Mpa,0.992 Mpa,0.0293 Mpa,0.120 Mpa,0.118 Mpa,0.120 Mpa,0.118 Mpa,0 Mpa,0.118 Mpa,0.121 Mpa,0.117 Mpa,0.120 Mpa,,0.116 Mpa,1.02 Mpa,0.115 Mpa,0.116 Mpa,0.00182 Mpa,0.125 Mpa,0.125 Mpa,0.123 Mpa,0.126 Mpa,0 Mpa,0.125 Mpa,0.124 Mpa,0.124 Mpa,0.124 Mpa,0 Mpa,0.118 Mpa,0.120 Mpa,0.121 Mpa,0.118 Mpa,0 Mpa,0.118 Mpa,0.121 Mpa,0.119 Mpa,0.119 Mpa,0 Mpa,0.124 Mpa,0.123 Mpa,0.126 Mpa,0.125 Mpa,0 Mpa,,,,,,1649 RPM
2026-06-17 03:00:00,0.127 Mpa,1.02 Mpa,0.128 Mpa,0.129 Mpa,0 Mpa,0.111 Mpa,1.02 Mpa,0.112 Mpa,1.02 Mpa,0 Mpa,0.121 Mpa,0.117 Mpa,0.121 Mpa,0.118 Mpa,0 Mpa,0.118 Mpa,0.121 Mpa,0.118 Mpa,0.120 Mpa,,0.122 Mpa,1.02 Mpa,0.121 Mpa,0.121 Mpa,0 Mpa,0.120 Mpa,0.120 Mpa,0.118 Mpa,0.121 Mpa,0 Mpa,0.128 Mpa,0.128 Mpa,0.128 Mpa,0.127 Mpa,0 Mpa,0.120 Mpa,0.120 Mpa,0.123 Mpa,0.118 Mpa,0 Mpa,0.120 Mpa,0.122 Mpa,0.120 Mpa,0.120 Mpa,0 Mpa,0.123 Mpa,0.122 Mpa,0.124 Mpa,0.124 Mpa,0 Mpa,,,,,,1721 RPM
2026-06-17 05:00:00,0.125 Mpa,1.02 Mpa,0.127 Mpa,0.127 Mpa,0 Mpa,0.114 Mpa,1.01 Mpa,0.115 Mpa,1.01 Mpa,0.0120 Mpa,0.120 Mpa,0.116 Mpa,0.120 Mpa,0.116 Mpa,0 Mpa,0.110 Mpa,0.113 Mpa,0.110 Mpa,0.112 Mpa,,0.121 Mpa,1.02 Mpa,0.121 Mpa,0.120 Mpa,0 Mpa,0.120 Mpa,0.120 Mpa,0.119 Mpa,0.121 Mpa,0 Mpa,0.126 Mpa,0.124 Mpa,0.125 Mpa,0.125 Mpa,0 Mpa,0.115 Mpa,0.116 Mpa,0.118 Mpa,0.114 Mpa,0 Mpa,0.124 Mpa,0.126 Mpa,0.125 Mpa,0.124 Mpa,0.00186 Mpa,0.122 Mpa,0.120 Mpa,0.124 Mpa,0.123 Mpa,0.00868 Mpa,,,,,,1638 RPM
2026-06-17 07:00:00,0.129 Mpa,1.02 Mpa,0.131 Mpa,0.131 Mpa,0 Mpa,0.116 Mpa,1.02 Mpa,0.117 Mpa,1.02 Mpa,0 Mpa,0.123 Mpa,0.119 Mpa,0.123 Mpa,0.119 Mpa,0 Mpa,0.119 Mpa,0.123 Mpa,0.118 Mpa,0.121 Mpa,,0.127 Mpa,1.02 Mpa,0.126 Mpa,0.125 Mpa,0 Mpa,0.121 Mpa,0.121 Mpa,0.120 Mpa,0.122 Mpa,0 Mpa,0.126 Mpa,0.124 Mpa,0.124 Mpa,0.124 Mpa,0 Mpa,0.122 Mpa,0.123 Mpa,0.125 Mpa,0.121 Mpa,0 Mpa,0.126 Mpa,0.129 Mpa,0.127 Mpa,0.127 Mpa,0 Mpa,0.120 Mpa,0.119 Mpa,0.122 Mpa,0.121 Mpa,0 Mpa,,,,,,1795 RPM
2026-06-17 09:00:00,0.128 Mpa,1.02 Mpa,0.131 Mpa,0.131 Mpa,0 Mpa,0.115 Mpa,1.02 Mpa,0.115 Mpa,1.02 Mpa,0 Mpa,0.123 Mpa,0.118 Mpa,0.123 Mpa,0.119 Mpa,0 Mpa,0.120 Mpa,0.123 Mpa,0.119 Mpa,0.121 Mpa,,0.126 Mpa,1.02 Mpa,0.126 Mpa,0.125 Mpa,0 Mpa,0.122 Mpa,0.121 Mpa,0.121 Mpa,0.122 Mpa,0 Mpa,0.128 Mpa,0.127 Mpa,0.127 Mpa,0.127 Mpa,0 Mpa,0.120 Mpa,0.122 Mpa,0.125 Mpa,0.120 Mpa,0 Mpa,0.129 Mpa,0.132 Mpa,0.131 Mpa,0.129 Mpa,0 Mpa,0.121 Mpa,0.121 Mpa,0.123 Mpa,0.122 Mpa,0 Mpa,,,,,,1796 RPM
2026-06-17 11:00:00,0.126 Mpa,1.02 Mpa,0.127 Mpa,0.127 Mpa,0 Mpa,0.113 Mpa,1.02 Mpa,0.114 Mpa,1.02 Mpa,0 Mpa,0.123 Mpa,0.119 Mpa,0.123 Mpa,0.119 Mpa,0 Mpa,0.112 Mpa,0.115 Mpa,0.112 Mpa,0.114 Mpa,,0.124 Mpa,1.02 Mpa,0.124 Mpa,0.123 Mpa,0 Mpa,0.119 Mpa,0.119 Mpa,0.117 Mpa,0.120 Mpa,0 Mpa,0.124 Mpa,0.123 Mpa,0.123 Mpa,0.123 Mpa,0.0163 Mpa,0.121 Mpa,0.122 Mpa,0.124 Mpa,0.120 Mpa,0 Mpa,0.127 Mpa,0.131 Mpa,0.128 Mpa,0.128 Mpa,0 Mpa,0.121 Mpa,0.122 Mpa,0.123 Mpa,0.124 Mpa,0.00815 Mpa,,,,,,1699 RPM
2026-06-17 13:00:00,0.120 Mpa,1.02 Mpa,0.122 Mpa,0.122 Mpa,0 Mpa,0.115 Mpa,1.02 Mpa,0.116 Mpa,1.02 Mpa,0 Mpa,0.124 Mpa,0.120 Mpa,0.124 Mpa,0.120 Mpa,0 Mpa,0.110 Mpa,0.112 Mpa,0.109 Mpa,0.111 Mpa,,0.120 Mpa,1.02 Mpa,0.120 Mpa,0.119 Mpa,0 Mpa,0.119 Mpa,0.118 Mpa,0.117 Mpa,0.119 Mpa,0.00728 Mpa,0.124 Mpa,0.123 Mpa,0.123 Mpa,0.123 Mpa,0 Mpa,0.118 Mpa,0.120 Mpa,0.122 Mpa,0.118 Mpa,0 Mpa,0.126 Mpa,0.129 Mpa,0.128 Mpa,0.126 Mpa,0 Mpa,0.124 Mpa,0.123 Mpa,0.126 Mpa,0.125 Mpa,0 Mpa,,,,,,1729 RPM
2026-06-17 15:00:00,0.126 Mpa,1.02 Mpa,0.127 Mpa,0.128 Mpa,0 Mpa,0.113 Mpa,1.02 Mpa,0.114 Mpa,1.02 Mpa,0 Mpa,0.126 Mpa,0.123 Mpa,0.125 Mpa,0.121 Mpa,0 Mpa,0.122 Mpa,0.126 Mpa,0.121 Mpa,0.123 Mpa,,0.119 Mpa,1.02 Mpa,0.118 Mpa,0.118 Mpa,0 Mpa,0.117 Mpa,0.117 Mpa,0.116 Mpa,0.119 Mpa,0 Mpa,0.130 Mpa,0.129 Mpa,0.128 Mpa,0.129 Mpa,0 Mpa,0.117 Mpa,0.117 Mpa,0.120 Mpa,0.116 Mpa,0 Mpa,0.122 Mpa,0.124 Mpa,0.123 Mpa,0.122 Mpa,0 Mpa,0.118 Mpa,0.117 Mpa,0.119 Mpa,0.119 Mpa,0 Mpa,,,,,,1761 RPM
2026-06-17 17:00:00,0.119 Mpa,1.01 Mpa,0.120 Mpa,0.119 Mpa,0.00632 Mpa,0.115 Mpa,1.02 Mpa,0.116 Mpa,1.02 Mpa,0 Mpa,0.110 Mpa,0.107 Mpa,0.110 Mpa,0.106 Mpa,0 Mpa,0.117 Mpa,0.120 Mpa,0.117 Mpa,0.118 Mpa,,0.120 Mpa,1.01 Mpa,0.119 Mpa,0.119 Mpa,0.0129 Mpa,0.113 Mpa,0.114 Mpa,0.112 Mpa,0.115 Mpa,0.00691 Mpa,0.113 Mpa,0.112 Mpa,0.112 Mpa,0.112 Mpa,0 Mpa,0.113 Mpa,0.113 Mpa,0.115 Mpa,0.111 Mpa,0 Mpa,0.120 Mpa,0.123 Mpa,0.121 Mpa,0.121 Mpa,0 Mpa,0.118 Mpa,0.116 Mpa,0.119 Mpa,0.119 Mpa,0.00827 Mpa,,,,,,1426 RPM
2026-06-17 19:00:00,0.124 Mpa,1.02 Mpa,0.125 Mpa,0.124 Mpa,0 Mpa,0.116 Mpa,1.02 Mpa,0.116 Mpa,1.02 Mpa,0 Mpa,0.123 Mpa,0.119 Mpa,0.123 Mpa,0.125 Mpa,0 Mpa,0.123 Mpa,0.126 Mpa,0.122 Mpa,0.124 Mpa,,0.114 Mpa,0.885 Mpa,0.114 Mpa,0.113 Mpa,0.242 Mpa,0.121 Mpa,0.122 Mpa,0.120 Mpa,0.122 Mpa,0 Mpa,0.129 Mpa,0.128 Mpa,0.129 Mpa,0.128 Mpa,0 Mpa,0.121 Mpa,0.121 Mpa,0.124 Mpa,0.120 Mpa,0 Mpa,0.131 Mpa,0.136 Mpa,0.133 Mpa,0.133 Mpa,0 Mpa,0.118 Mpa,0.118 Mpa,0.120 Mpa,0.120 Mpa,0 Mpa,,,,,,1764 RPM
2026-06-17 21:00:00,0.124 Mpa,1.02 Mpa,0.126 Mpa,0.125 Mpa,0 Mpa,0.115 Mpa,1.02 Mpa,0.115 Mpa,1.02 Mpa,0 Mpa,0.123 Mpa,0.119 Mpa,0.122 Mpa,0.119 Mpa,0 Mpa,0.120 Mpa,0.124 Mpa,0.120 Mpa,0.122 Mpa,,0.120 Mpa,1.01 Mpa,0.119 Mpa,0.120 Mpa,0 Mpa,0.121 Mpa,0.120 Mpa,0.119 Mpa,0.121 Mpa,0 Mpa,0.130 Mpa,0.129 Mpa,0.129 Mpa,0.129 Mpa,0 Mpa,0.120 Mpa,0.120 Mpa,0.123 Mpa,0.119 Mpa,0.0154 Mpa,0.128 Mpa,0.132 Mpa,0.130 Mpa,0.129 Mpa,0 Mpa,0.115 Mpa,0.114 Mpa,0.116 Mpa,0.118 Mpa,0 Mpa,,,,,,1768 RPM
2026-06-17 23:00:00,0.125 Mpa,1.01 Mpa,0.126 Mpa,0.125 Mpa,0.00880 Mpa,0.112 Mpa,1.02 Mpa,0.113 Mpa,1.02 Mpa,0 Mpa,0.122 Mpa,0.118 Mpa,0.122 Mpa,0.119 Mpa,0 Mpa,0.124 Mpa,0.127 Mpa,0.122 Mpa,0.125 Mpa,,0.132 Mpa,1.02 Mpa,0.131 Mpa,0.131 Mpa,0 Mpa,0.120 Mpa,0.118 Mpa,0.118 Mpa,0.120 Mpa,0 Mpa,0.125 Mpa,0.125 Mpa,0.125 Mpa,0.125 Mpa,0 Mpa,0.117 Mpa,0.118 Mpa,0.120 Mpa,0.116 Mpa,0 Mpa,0.126 Mpa,0.130 Mpa,0.128 Mpa,0.126 Mpa,0 Mpa,0.123 Mpa,0.122 Mpa,0.125 Mpa,0.128 Mpa,0.0160 Mpa,,,,,,1688 RPM
2026-06-18 01:00:00,0.119 Mpa,1.01 Mpa,0.120 Mpa,0.117 Mpa,0.0208 Mpa,0.112 Mpa,1.01 Mpa,0.113 Mpa,1.01 Mpa,0.00911 Mpa,0.124 Mpa,0.120 Mpa,0.124 Mpa,0.119 Mpa,0 Mpa,0.113 Mpa,0.117 Mpa,0.112 Mpa,0.115 Mpa,,0.130 Mpa,1.02 Mpa,0.128 Mpa,0.128 Mpa,0 Mpa,0.119 Mpa,0.119 Mpa,0.118 Mpa,0.120 Mpa,0 Mpa,0.126 Mpa,0.125 Mpa,0.125 Mpa,0.125 Mpa,0 Mpa,0.121 Mpa,0.122 Mpa,0.124 Mpa,0.120 Mpa,0 Mpa,0.124 Mpa,0.127 Mpa,0.125 Mpa,0.125 Mpa,0 Mpa,0.124 Mpa,0.123 Mpa,0.126 Mpa,0.127 Mpa,0 Mpa,,,,,,1653 RPM
2026-06-18 03:00:00,0.123 Mpa,1.02 Mpa,0.124 Mpa,0.120 Mpa,0 Mpa,0.109 Mpa,1.02 Mpa,0.110 Mpa,1.02 Mpa,0 Mpa,0.118 Mpa,0.115 Mpa,0.118 Mpa,0.115 Mpa,0 Mpa,0.120 Mpa,0.124 Mpa,0.120 Mpa,0.123 Mpa,,0.130 Mpa,1.02 Mpa,0.129 Mpa,0.129 Mpa,0 Mpa,0.118 Mpa,0.117 Mpa,0.116 Mpa,0.118 Mpa,0 Mpa,0.128 Mpa,0.126 Mpa,0.127 Mpa,0.126 Mpa,0 Mpa,0.111 Mpa,0.111 Mpa,0.112 Mpa,0.109 Mpa,0 Mpa,0.133 Mpa,0.138 Mpa,0.135 Mpa,0.135 Mpa,0 Mpa,0.127 Mpa,0.127 Mpa,0.129 Mpa,0.131 Mpa,0 Mpa,,,,,,1708 RPM
2026-06-18 05:00:00,0.121 Mpa,1.02 Mpa,0.122 Mpa,0.118 Mpa,0 Mpa,0.115 Mpa,1.01 Mpa,0.116 Mpa,1.01 Mpa,0 Mpa,0.116 Mpa,0.113 Mpa,0.116 Mpa,0.113 Mpa,0 Mpa,0.116 Mpa,0.119 Mpa,0.116 Mpa,0.118 Mpa,,0.129 Mpa,1.01 Mpa,0.128 Mpa,0.128 Mpa,0.0140 Mpa,0.103 Mpa,0.105 Mpa,0.102 Mpa,0.105 Mpa,0 Mpa,0.123 Mpa,0.122 Mpa,0.122 Mpa,0.122 Mpa,0 Mpa,0.107 Mpa,0.107 Mpa,0.109 Mpa,0.106 Mpa,0 Mpa,0.127 Mpa,0.131 Mpa,0.129 Mpa,0.128 Mpa,0.00218 Mpa,0.124 Mpa,0.123 Mpa,0.126 Mpa,0.127 Mpa,0.00513 Mpa,,,,,,1440 RPM
2026-06-18 07:00:00,0.124 Mpa,1.02 Mpa,0.125 Mpa,0.122 Mpa,0 Mpa,0.115 Mpa,1.02 Mpa,0.116 Mpa,1.02 Mpa,0 Mpa,0.125 Mpa,0.121 Mpa,0.125 Mpa,0.121 Mpa,0 Mpa,0.117 Mpa,0.120 Mpa,0.117 Mpa,0.119 Mpa,,0.137 Mpa,1.02 Mpa,0.137 Mpa,0.136 Mpa,0 Mpa,0.114 Mpa,0.113 Mpa,0.112 Mpa,0.114 Mpa,0 Mpa,0.124 Mpa,0.123 Mpa,0.123 Mpa,0.123 Mpa,0 Mpa,0.124 Mpa,0.124 Mpa,0.128 Mpa,0.123 Mpa,0 Mpa,0.125 Mpa,0.128 Mpa,0.127 Mpa,0.125 Mpa,0 Mpa,0.122 Mpa,0.121 Mpa,0.124 Mpa,0.125 Mpa,0 Mpa,,,,,,1761 RPM
2026-06-18 09:00:00,0.130 Mpa,1.02 Mpa,0.132 Mpa,0.131 Mpa,0 Mpa,0.113 Mpa,1.02 Mpa,0.114 Mpa,1.02 Mpa,0 Mpa,0.126 Mpa,0.122 Mpa,0.126 Mpa,0.122 Mpa,0 Mpa,0.118 Mpa,0.121 Mpa,0.117 Mpa,0.120 Mpa,,0.133 Mpa,1.02 Mpa,0.132 Mpa,0.132 Mpa,0 Mpa,0.111 Mpa,0.111 Mpa,0.109 Mpa,0.111 Mpa,0 Mpa,0.130 Mpa,0.128 Mpa,0.129 Mpa,0.128 Mpa,0 Mpa,0.124 Mpa,0.125 Mpa,0.128 Mpa,0.123 Mpa,0 Mpa,0.128 Mpa,0.131 Mpa,0.130 Mpa,0.128 Mpa,0 Mpa,0.126 Mpa,0.124 Mpa,0.127 Mpa,0.128 Mpa,0 Mpa,,,,,,1773 RPM
2026-06-18 11:00:00,0.126 Mpa,1.02 Mpa,0.127 Mpa,0.126 Mpa,0 Mpa,0.115 Mpa,1.02 Mpa,0.116 Mpa,1.02 Mpa,0 Mpa,0.126 Mpa,0.122 Mpa,0.126 Mpa,0.121 Mpa,0 Mpa,0.117 Mpa,0.120 Mpa,0.116 Mpa,0.118 Mpa,,0.129 Mpa,1.02 Mpa,0.129 Mpa,0.129 Mpa,0 Mpa,0.113 Mpa,0.113 Mpa,0.112 Mpa,0.114 Mpa,0 Mpa,0.123 Mpa,0.123 Mpa,0.122 Mpa,0.122 Mpa,0.0149 Mpa,0.116 Mpa,0.117 Mpa,0.119 Mpa,0.115 Mpa,0 Mpa,0.124 Mpa,0.127 Mpa,0.126 Mpa,0.124 Mpa,0 Mpa,0.118 Mpa,0.118 Mpa,0.120 Mpa,0.121 Mpa,0 Mpa,,,,,,1735 RPM
2026-06-18 13:00:00,0.126 Mpa,1.01 Mpa,0.128 Mpa,0.127 Mpa,0.00881 Mpa,0.113 Mpa,1.02 Mpa,0.114 Mpa,1.02 Mpa,0 Mpa,0.125 Mpa,0.122 Mpa,0.124 Mpa,0.122 Mpa,0 Mpa,0.110 Mpa,0.112 Mpa,0.110 Mpa,0.111 Mpa,,0.122 Mpa,1.02 Mpa,0.122 Mpa,0.122 Mpa,0 Mpa,0.113 Mpa,0.114 Mpa,0.112 Mpa,0.114 Mpa,0.0171 Mpa,0.126 Mpa,0.125 Mpa,0.125 Mpa,0.125 Mpa,0 Mpa,0.114 Mpa,0.115 Mpa,0.116 Mpa,0.223 Mpa,0.0739 Mpa,0.126 Mpa,0.128 Mpa,0.128 Mpa,0.125 Mpa,0 Mpa,0.117 Mpa,0.117 Mpa,0.119 Mpa,0.121 Mpa,0 Mpa,,,,,,1648 RPM
2026-06-18 15:00:00,0.124 Mpa,1.02 Mpa,0.125 Mpa,0.125 Mpa,0 Mpa,0.114 Mpa,1.02 Mpa,0.115 Mpa,1.02 Mpa,0 Mpa,0.122 Mpa,0.118 Mpa,0.121 Mpa,0.118 Mpa,0 Mpa,0.118 Mpa,0.121 Mpa,0.117 Mpa,0.119 Mpa,,0.123 Mpa,1.02 Mpa,0.122 Mpa,0.122 Mpa,0 Mpa,0.121 Mpa,0.120 Mpa,0.120 Mpa,0.121 Mpa,0 Mpa,0.129 Mpa,0.129 Mpa,0.128 Mpa,0.128 Mpa,0 Mpa,,,,,,0.131 Mpa,0.134 Mpa,0.132 Mpa,0.131 Mpa,0.00357 Mpa,0.121 Mpa,0.120 Mpa,0.123 Mpa,0.126 Mpa,0 Mpa,,,,,,1790 RPM
2026-06-18 17:00:00,0.120 Mpa,1.01 Mpa,0.122 Mpa,0.122 Mpa,0.00450 Mpa,0.114 Mpa,1.01 Mpa,0.115 Mpa,1.01 Mpa,0.0104 Mpa,0.118 Mpa,0.115 Mpa,0.118 Mpa,0.114 Mpa,0.0414 Mpa,0.116 Mpa,0.119 Mpa,0.116 Mpa,0.117 Mpa,,0.125 Mpa,1.01 Mpa,0.124 Mpa,0.123 Mpa,0.0121 Mpa,0.121 Mpa,0.121 Mpa,0.119 Mpa,0.121 Mpa,0.0103 Mpa,0.120 Mpa,0.119 Mpa,0.119 Mpa,0.119 Mpa,0 Mpa,,,,,,0.133 Mpa,0.135 Mpa,0.135 Mpa,0.133 Mpa,0 Mpa,0.120 Mpa,0.120 Mpa,0.121 Mpa,0.132 Mpa,0.00647 Mpa,,,,,,1657 RPM
2026-06-18 19:00:00,0.124 Mpa,1.02 Mpa,0.126 Mpa,0.126 Mpa,0 Mpa,0.112 Mpa,1.02 Mpa,0.113 Mpa,1.02 Mpa,0 Mpa,0.129 Mpa,0.124 Mpa,0.129 Mpa,0.124 Mpa,0 Mpa,0.115 Mpa,0.118 Mpa,0.114 Mpa,0.116 Mpa,,0.127 Mpa,1.02 Mpa,0.126 Mpa,0.125 Mpa,0 Mpa,0.115 Mpa,0.115 Mpa,0.113 Mpa,0.116 Mpa,0 Mpa,0.126 Mpa,0.125 Mpa,0.126 Mpa,0.126 Mpa,0 Mpa,,,,,,0.129 Mpa,0.131 Mpa,0.131 Mpa,0.128 Mpa,0 Mpa,0.122 Mpa,0.121 Mpa,0.124 Mpa,0.129 Mpa,0 Mpa,,,,,,1767 RPM
2026-06-18 21:00:00,0.124 Mpa,1.01 Mpa,0.127 Mpa,0.126 Mpa,0 Mpa,0.116 Mpa,1.02 Mpa,0.117 Mpa,1.02 Mpa,0 Mpa,0.126 Mpa,0.122 Mpa,0.125 Mpa,0.122 Mpa,0 Mpa,0.118 Mpa,0.120 Mpa,0.118 Mpa,0.119 Mpa,,0.121 Mpa,1.02 Mpa,0.120 Mpa,0.120 Mpa,0 Mpa,0.119 Mpa,0.119 Mpa,0.118 Mpa,0.120 Mpa,0 Mpa,0.133 Mpa,0.132 Mpa,0.132 Mpa,0.132 Mpa,0 Mpa,0.117 Mpa,0.119 Mpa,0.118 Mpa,0.814 Mpa,0.0301 Mpa,0.122 Mpa,0.125 Mpa,0.124 Mpa,0.122 Mpa,0 Mpa,0.120 Mpa,0.119 Mpa,0.122 Mpa,0.128 Mpa,0 Mpa,,,,,,1736 RPM
2026-06-18 23:00:00,0.125 Mpa,1.01 Mpa,0.127 Mpa,0.126 Mpa,0.0136 Mpa,0.116 Mpa,1.02 Mpa,0.117 Mpa,1.02 Mpa,0 Mpa,0.120 Mpa,0.117 Mpa,0.120 Mpa,0.117 Mpa,0 Mpa,0.120 Mpa,0.123 Mpa,0.119 Mpa,0.121 Mpa,,0.124 Mpa,1.02 Mpa,0.123 Mpa,0.123 Mpa,0 Mpa,0.119 Mpa,0.119 Mpa,0.118 Mpa,0.119 Mpa,0 Mpa,0.125 Mpa,0.124 Mpa,0.124 Mpa,0.124 Mpa,0 Mpa,0.107 Mpa,0.108 Mpa,0.107 Mpa,0.958 Mpa,0 Mpa,0.127 Mpa,0.130 Mpa,0.128 Mpa,0.127 Mpa,0 Mpa,0.119 Mpa,0.118 Mpa,0.121 Mpa,0.125 Mpa,0.0165 Mpa,,,,,,1753 RPM
2026-06-19 01:00:00,0.122 Mpa,1.02 Mpa,0.124 Mpa,0.123 Mpa,0 Mpa,0.115 Mpa,1.02 Mpa,0.115 Mpa,1.02 Mpa,0 Mpa,0.121 Mpa,0.118 Mpa,0.121 Mpa,0.118 Mpa,0.0110 Mpa,0.119 Mpa,0.122 Mpa,0.118 Mpa,0.120 Mpa,,0.120 Mpa,1.02 Mpa,0.118 Mpa,0.119 Mpa,0 Mpa,0.115 Mpa,0.115 Mpa,0.114 Mpa,0.116 Mpa,0 Mpa,0.112 Mpa,0.112 Mpa,0.112 Mpa,0.113 Mpa,0.0178 Mpa,,,,,,0.120 Mpa,0.123 Mpa,0.121 Mpa,0.121 Mpa,0 Mpa,0.126 Mpa,0.124 Mpa,0.128 Mpa,0.131 Mpa,0 Mpa,,,,,,1565 RPM
2026-06-19 03:00:00,0.123 Mpa,1.02 Mpa,0.125 Mpa,0.123 Mpa,0 Mpa,0.112 Mpa,1.00 Mpa,0.113 Mpa,1.00 Mpa,0.0257 Mpa,0.126 Mpa,0.122 Mpa,0.125 Mpa,0.122 Mpa,0 Mpa,0.102 Mpa,0.105 Mpa,0.102 Mpa,0.104 Mpa,,0.129 Mpa,1.02 Mpa,0.128 Mpa,0.127 Mpa,0 Mpa,0.120 Mpa,0.119 Mpa,0.118 Mpa,0.120 Mpa,0 Mpa,0.119 Mpa,0.118 Mpa,0.119 Mpa,0.119 Mpa,0 Mpa,,,,,,0.125 Mpa,0.128 Mpa,0.126 Mpa,0.126 Mpa,0 Mpa,0.128 Mpa,0.125 Mpa,0.129 Mpa,0.132 Mpa,0 Mpa,,,,,,1664 RPM
2026-06-19 05:00:00,0.122 Mpa,1.02 Mpa,0.123 Mpa,0.121 Mpa,0 Mpa,0.114 Mpa,1.01 Mpa,0.115 Mpa,1.01 Mpa,0.00769 Mpa,0.117 Mpa,0.114 Mpa,0.116 Mpa,0.112 Mpa,0 Mpa,0.114 Mpa,0.116 Mpa,0.113 Mpa,0.115 Mpa,,0.126 Mpa,1.02 Mpa,0.125 Mpa,0.125 Mpa,0 Mpa,0.119 Mpa,0.119 Mpa,0.117 Mpa,0.120 Mpa,0 Mpa,0.115 Mpa,0.115 Mpa,0.115 Mpa,0.116 Mpa,0.142 Mpa,,,,,,0.126 Mpa,0.129 Mpa,0.127 Mpa,0.126 Mpa,0 Mpa,0.124 Mpa,0.122 Mpa,0.125 Mpa,0.127 Mpa,0.00619 Mpa,,,,,,1657 RPM
2026-06-19 07:00:00,0.122 Mpa,1.02 Mpa,0.124 Mpa,0.122 Mpa,0 Mpa,0.113 Mpa,1.02 Mpa,0.114 Mpa,1.02 Mpa,0 Mpa,0.123 Mpa,0.119 Mpa,0.123 Mpa,0.119 Mpa,0 Mpa,0.121 Mpa,0.123 Mpa,0.121 Mpa,0.122 Mpa,,0.128 Mpa,1.02 Mpa,0.128 Mpa,0.127 Mpa,0 Mpa,0.118 Mpa,0.117 Mpa,0.116 Mpa,0.118 Mpa,0 Mpa,0.128 Mpa,0.126 Mpa,0.127 Mpa,0.127 Mpa,0 Mpa,,,,,,0.128 Mpa,0.131 Mpa,0.130 Mpa,0.128 Mpa,0 Mpa,0.121 Mpa,0.120 Mpa,0.122 Mpa,0.124 Mpa,0 Mpa,,,,,,1744 RPM
2026-06-19 09:00:00,0.122 Mpa,1.02 Mpa,0.124 Mpa,0.122 Mpa,0 Mpa,0.115 Mpa,1.02 Mpa,0.116 Mpa,1.02 Mpa,0 Mpa,0.123 Mpa,0.120 Mpa,0.124 Mpa,0.120 Mpa,0 Mpa,0.118 Mpa,0.121 Mpa,0.118 Mpa,0.119 Mpa,,0.132 Mpa,1.02 Mpa,0.131 Mpa,0.131 Mpa,0 Mpa,0.113 Mpa,0.113 Mpa,0.112 Mpa,0.115 Mpa,0 Mpa,0.128 Mpa,0.126 Mpa,0.126 Mpa,0.126 Mpa,0 Mpa,,,,,,0.129 Mpa,0.132 Mpa,0.131 Mpa,0.128 Mpa,0 Mpa,0.124 Mpa,0.123 Mpa,0.126 Mpa,0.128 Mpa,0 Mpa,,,,,,1797 RPM
2026-06-19 11:00:00,0.123 Mpa,1.02 Mpa,0.126 Mpa,0.124 Mpa,0 Mpa,0.116 Mpa,1.02 Mpa,0.117 Mpa,1.02 Mpa,0 Mpa,0.121 Mpa,0.118 Mpa,0.122 Mpa,0.118 Mpa,0 Mpa,0.110 Mpa,0.113 Mpa,0.110 Mpa,0.112 Mpa,,0.127 Mpa,1.02 Mpa,0.127 Mpa,0.126 Mpa,0 Mpa,0.115 Mpa,0.115 Mpa,0.114 Mpa,0.116 Mpa,0.00978 Mpa,0.126 Mpa,0.125 Mpa,0.125 Mpa,0.125 Mpa,0 Mpa,,,,,,0.129 Mpa,0.132 Mpa,0.131 Mpa,0.129 Mpa,0 Mpa,0.120 Mpa,0.119 Mpa,0.122 Mpa,0.126 Mpa,0 Mpa,,,,,,1700 RPM
2026-06-19 13:00:00,0.113 Mpa,1.02 Mpa,0.114 Mpa,0.112 Mpa,0 Mpa,0.116 Mpa,1.02 Mpa,0.116 Mpa,1.02 Mpa,0 Mpa,0.124 Mpa,0.120 Mpa,0.123 Mpa,0.120 Mpa,0 Mpa,0.101 Mpa,0.105 Mpa,0.104 Mpa,0.104 Mpa,,0.127 Mpa,1.02 Mpa,0.127 Mpa,0.126 Mpa,0 Mpa,0.1000 Mpa,0.1000 Mpa,0.1000 Mpa,0.1000 Mpa,0 Mpa,0.121 Mpa,0.119 Mpa,0.120 Mpa,0.119 Mpa,0.00855 Mpa,,,,,,0.128 Mpa,0.131 Mpa,0.130 Mpa,0.128 Mpa,0 Mpa,0.121 Mpa,0.120 Mpa,0.123 Mpa,0.125 Mpa,0 Mpa,,,,,,1602 RPM
2026-06-19 15:00:00,0.119 Mpa,1.02 Mpa,0.121 Mpa,0.120 Mpa,0 Mpa,0.115 Mpa,1.02 Mpa,0.115 Mpa,1.02 Mpa,0 Mpa,0.121 Mpa,0.118 Mpa,0.121 Mpa,0.118 Mpa,0 Mpa,0.104 Mpa,0.105 Mpa,0.104 Mpa,0.105 Mpa,,0.124 Mpa,1.02 Mpa,0.123 Mpa,0.123 Mpa,0 Mpa,0.116 Mpa,0.116 Mpa,0.114 Mpa,0.117 Mpa,0 Mpa,0.129 Mpa,0.127 Mpa,0.129 Mpa,0.127 Mpa,0 Mpa,,,,,,0.126 Mpa,0.129 Mpa,0.127 Mpa,0.125 Mpa,0 Mpa,0.118 Mpa,0.117 Mpa,0.119 Mpa,0.124 Mpa,0 Mpa,,,,,,1664 RPM
2026-06-19 17:00:00,0.121 Mpa,1.02 Mpa,0.122 Mpa,0.120 Mpa,0 Mpa,0.115 Mpa,1.01 Mpa,0.115 Mpa,1.01 Mpa,0.00667 Mpa,0.117 Mpa,0.114 Mpa,0.117 Mpa,0.114 Mpa,0 Mpa,0.113 Mpa,0.115 Mpa,0.113 Mpa,0.115 Mpa,,0.121 Mpa,1.02 Mpa,0.120 Mpa,0.120 Mpa,0 Mpa,0.116 Mpa,0.116 Mpa,0.115 Mpa,0.117 Mpa,0 Mpa,0.130 Mpa,0.128 Mpa,0.128 Mpa,0.127 Mpa,0 Mpa,0.1000 Mpa,0.1000 Mpa,0.1000 Mpa,0.986 Mpa,0.0593 Mpa,0.124 Mpa,0.126 Mpa,0.124 Mpa,0.124 Mpa,0 Mpa,0.117 Mpa,0.116 Mpa,0.119 Mpa,0.123 Mpa,0.0134 Mpa,,,,,,1605 RPM
2026-06-19 19:00:00,0.125 Mpa,1.02 Mpa,0.126 Mpa,0.125 Mpa,0 Mpa,0.111 Mpa,1.02 Mpa,0.112 Mpa,1.02 Mpa,0 Mpa,0.124 Mpa,0.120 Mpa,0.123 Mpa,0.120 Mpa,0 Mpa,0.115 Mpa,0.119 Mpa,0.115 Mpa,0.118 Mpa,,0.120 Mpa,1.02 Mpa,0.120 Mpa,0.119 Mpa,0 Mpa,0.121 Mpa,0.120 Mpa,0.120 Mpa,0.121 Mpa,0 Mpa,0.126 Mpa,0.125 Mpa,0.125 Mpa,0.125 Mpa,0 Mpa,0.104 Mpa,0.105 Mpa,0.105 Mpa,0.945 Mpa,0.142 Mpa,0.126 Mpa,0.129 Mpa,0.128 Mpa,0.126 Mpa,0 Mpa,,,,,,,,,,,1726 RPM
2026-06-19 21:00:00,0.118 Mpa,1.02 Mpa,0.121 Mpa,0.119 Mpa,0 Mpa,0.114 Mpa,1.02 Mpa,0.115 Mpa,1.02 Mpa,0 Mpa,0.118 Mpa,0.114 Mpa,0.117 Mpa,0.114 Mpa,0 Mpa,0.109 Mpa,0.113 Mpa,0.109 Mpa,0.112 Mpa,,0.122 Mpa,1.02 Mpa,0.121 Mpa,0.121 Mpa,0 Mpa,0.119 Mpa,0.118 Mpa,0.117 Mpa,0.119 Mpa,0 Mpa,0.125 Mpa,0.123 Mpa,0.124 Mpa,0.123 Mpa,0 Mpa,0.108 Mpa,0.108 Mpa,0.108 Mpa,0.999 Mpa,0.0345 Mpa,0.126 Mpa,0.129 Mpa,0.127 Mpa,0.126 Mpa,0 Mpa,,,,,,,,,,,1614 RPM
2026-06-19 23:00:00,0.118 Mpa,1.01 Mpa,0.120 Mpa,0.119 Mpa,0.00498 Mpa,0.114 Mpa,1.02 Mpa,0.115 Mpa,1.02 Mpa,0 Mpa,0.114 Mpa,0.110 Mpa,0.114 Mpa,0.110 Mpa,0 Mpa,0.116 Mpa,0.118 Mpa,0.116 Mpa,0.117 Mpa,,0.123 Mpa,1.02 Mpa,0.122 Mpa,0.121 Mpa,0 Mpa,0.114 Mpa,0.113 Mpa,0.112 Mpa,0.114 Mpa,0 Mpa,0.127 Mpa,0.125 Mpa,0.126 Mpa,0.125 Mpa,0 Mpa,0.125 Mpa,0.126 Mpa,0.126 Mpa,1.02 Mpa,0 Mpa,0.129 Mpa,0.133 Mpa,0.131 Mpa,0.130 Mpa,0 Mpa,0.118 Mpa,0.118 Mpa,0.119 Mpa,0.123 Mpa,0.128 Mpa,,,,,,1717 RPM
2026-06-20 01:00:00,0.121 Mpa,1.02 Mpa,0.123 Mpa,0.122 Mpa,0 Mpa,0.111 Mpa,1.00 Mpa,0.113 Mpa,1.00 Mpa,0.0316 Mpa,0.115 Mpa,0.112 Mpa,0.115 Mpa,0.111 Mpa,0 Mpa,0.115 Mpa,0.117 Mpa,0.114 Mpa,0.116 Mpa,,0.116 Mpa,1.01 Mpa,0.115 Mpa,0.116 Mpa,0.0108 Mpa,0.114 Mpa,0.114 Mpa,0.113 Mpa,0.115 Mpa,0 Mpa,0.121 Mpa,0.120 Mpa,0.121 Mpa,0.121 Mpa,0.0107 Mpa,0.122 Mpa,0.124 Mpa,0.124 Mpa,1.00 Mpa,0.0320 Mpa,0.119 Mpa,0.122 Mpa,0.121 Mpa,0.120 Mpa,0 Mpa,0.120 Mpa,0.119 Mpa,0.121 Mpa,0.125 Mpa,0 Mpa,,,,,,1489 RPM
2026-06-20 03:00:00,0.121 Mpa,1.02 Mpa,0.122 Mpa,0.121 Mpa,0 Mpa,0.110 Mpa,1.01 Mpa,0.112 Mpa,1.01 Mpa,0.00763 Mpa,0.119 Mpa,0.116 Mpa,0.118 Mpa,0.115 Mpa,0 Mpa,0.115 Mpa,0.118 Mpa,0.115 Mpa,0.117 Mpa,,0.118 Mpa,1.02 Mpa,0.118 Mpa,0.117 Mpa,0 Mpa,0.119 Mpa,0.118 Mpa,0.117 Mpa,0.119 Mpa,0 Mpa,0.122 Mpa,0.120 Mpa,0.121 Mpa,0.121 Mpa,0 Mpa,0.116 Mpa,0.117 Mpa,0.118 Mpa,1.02 Mpa,0 Mpa,0.124 Mpa,0.127 Mpa,0.125 Mpa,0.124 Mpa,0 Mpa,0.120 Mpa,0.119 Mpa,0.121 Mpa,0.126 Mpa,0 Mpa,,,,,,1671 RPM
2026-06-20 05:00:00,0.123 Mpa,1.01 Mpa,0.125 Mpa,0.124 Mpa,0.00861 Mpa,0.114 Mpa,1.02 Mpa,0.115 Mpa,1.02 Mpa,0 Mpa,0.110 Mpa,0.108 Mpa,0.110 Mpa,0.107 Mpa,0 Mpa,0.114 Mpa,0.117 Mpa,0.114 Mpa,0.116 Mpa,,0.116 Mpa,1.02 Mpa,0.115 Mpa,0.116 Mpa,0 Mpa,0.117 Mpa,0.118 Mpa,0.116 Mpa,0.118 Mpa,0.00967 Mpa,0.122 Mpa,0.121 Mpa,0.121 Mpa,0.121 Mpa,0 Mpa,0.111 Mpa,0.112 Mpa,0.113 Mpa,1.02 Mpa,0 Mpa,0.121 Mpa,0.125 Mpa,0.123 Mpa,0.122 Mpa,0.00224 Mpa,0.119 Mpa,0.118 Mpa,0.120 Mpa,0.125 Mpa,0 Mpa,,,,,,1458 RPM
2026-06-20 07:00:00,0.116 Mpa,1.02 Mpa,0.117 Mpa,0.115 Mpa,0 Mpa,0.115 Mpa,1.02 Mpa,0.115 Mpa,1.02 Mpa,0 Mpa,0.125 Mpa,0.121 Mpa,0.125 Mpa,0.121 Mpa,0 Mpa,0.119 Mpa,0.122 Mpa,0.119 Mpa,0.121 Mpa,,0.123 Mpa,1.02 Mpa,0.122 Mpa,0.122 Mpa,0 Mpa,0.120 Mpa,0.120 Mpa,0.118 Mpa,0.120 Mpa,0 Mpa,0.125 Mpa,0.124 Mpa,0.125 Mpa,0.123 Mpa,0 Mpa,0.120 Mpa,0.121 Mpa,0.122 Mpa,1.01 Mpa,0.00986 Mpa,0.128 Mpa,0.132 Mpa,0.130 Mpa,0.129 Mpa,0 Mpa,0.128 Mpa,0.127 Mpa,0.129 Mpa,0.134 Mpa,0 Mpa,,,,,,1713 RPM
2026-06-20 09:00:00,0.124 Mpa,1.02 Mpa,0.126 Mpa,0.124 Mpa,0 Mpa,0.114 Mpa,1.02 Mpa,0.115 Mpa,1.02 Mpa,0 Mpa,0.125 Mpa,0.122 Mpa,0.125 Mpa,0.122 Mpa,0 Mpa,0.118 Mpa,0.121 Mpa,0.118 Mpa,0.119 Mpa,,0.126 Mpa,1.02 Mpa,0.126 Mpa,0.124 Mpa,0 Mpa,0.115 Mpa,0.116 Mpa,0.113 Mpa,0.117 Mpa,0 Mpa,0.125 Mpa,0.124 Mpa,0.124 Mpa,0.124 Mpa,0 Mpa,0.123 Mpa,0.125 Mpa,0.127 Mpa,1.02 Mpa,0 Mpa,0.129 Mpa,0.132 Mpa,0.131 Mpa,0.129 Mpa,0 Mpa,0.127 Mpa,0.125 Mpa,0.128 Mpa,0.132 Mpa,0 Mpa,,,,,,1758 RPM
2026-06-20 11:00:00,0.124 Mpa,1.02 Mpa,0.125 Mpa,0.124 Mpa,0 Mpa,0.116 Mpa,1.02 Mpa,0.116 Mpa,1.02 Mpa,0 Mpa,0.124 Mpa,0.120 Mpa,0.123 Mpa,0.119 Mpa,0 Mpa,0.117 Mpa,0.120 Mpa,0.117 Mpa,0.119 Mpa,,0.125 Mpa,1.01 Mpa,0.124 Mpa,0.124 Mpa,0.0103 Mpa,0.117 Mpa,0.116 Mpa,0.115 Mpa,0.117 Mpa,0 Mpa,0.121 Mpa,0.120 Mpa,0.121 Mpa,0.120 Mpa,0.0281 Mpa,0.121 Mpa,0.122 Mpa,0.124 Mpa,1.00 Mpa,0.0281 Mpa,0.128 Mpa,0.130 Mpa,0.129 Mpa,0.128 Mpa,0 Mpa,0.133 Mpa,0.130 Mpa,0.134 Mpa,0.140 Mpa,0 Mpa,,,,,,1687 RPM
2026-06-20 13:00:00,0.122 Mpa,1.02 Mpa,0.124 Mpa,0.122 Mpa,0 Mpa,0.114 Mpa,1.02 Mpa,0.115 Mpa,1.02 Mpa,0 Mpa,0.123 Mpa,0.119 Mpa,0.124 Mpa,0.120 Mpa,0 Mpa,0.111 Mpa,0.113 Mpa,0.111 Mpa,0.113 Mpa,,0.127 Mpa,1.02 Mpa,0.127 Mpa,0.127 Mpa,0 Mpa,0.117 Mpa,0.116 Mpa,0.115 Mpa,0.117 Mpa,0.0180 Mpa,0.120 Mpa,0.119 Mpa,0.120 Mpa,0.119 Mpa,0 Mpa,0.118 Mpa,0.118 Mpa,0.120 Mpa,0.973 Mpa,0 Mpa,0.123 Mpa,0.126 Mpa,0.126 Mpa,0.124 Mpa,0 Mpa,0.126 Mpa,0.124 Mpa,0.128 Mpa,0.131 Mpa,0 Mpa,,,,,,1617 RPM
2026-06-20 15:00:00,0.128 Mpa,1.02 Mpa,0.129 Mpa,0.126 Mpa,0 Mpa,0.112 Mpa,1.02 Mpa,0.113 Mpa,1.02 Mpa,0 Mpa,0.122 Mpa,0.119 Mpa,0.122 Mpa,0.119 Mpa,0 Mpa,0.116 Mpa,0.120 Mpa,0.116 Mpa,0.118 Mpa,,0.123 Mpa,1.02 Mpa,0.122 Mpa,0.122 Mpa,0 Mpa,0.114 Mpa,0.115 Mpa,0.113 Mpa,0.116 Mpa,0 Mpa,0.122 Mpa,0.122 Mpa,0.122 Mpa,0.122 Mpa,0 Mpa,0.123 Mpa,0.124 Mpa,0.127 Mpa,1.02 Mpa,0 Mpa,0.128 Mpa,0.131 Mpa,0.129 Mpa,0.128 Mpa,0.00313 Mpa,0.127 Mpa,0.126 Mpa,0.129 Mpa,0.130 Mpa,0 Mpa,,,,,,1732 RPM
2026-06-20 17:00:00,0.120 Mpa,1.02 Mpa,0.122 Mpa,0.119 Mpa,0 Mpa,0.113 Mpa,1.01 Mpa,0.114 Mpa,1.01 Mpa,0.0104 Mpa,0.116 Mpa,0.113 Mpa,0.116 Mpa,0.112 Mpa,0 Mpa,0.116 Mpa,0.119 Mpa,0.115 Mpa,0.117 Mpa,,0.121 Mpa,1.02 Mpa,0.121 Mpa,0.121 Mpa,0 Mpa,0.114 Mpa,0.114 Mpa,0.113 Mpa,0.115 Mpa,0 Mpa,0.124 Mpa,0.123 Mpa,0.123 Mpa,0.123 Mpa,0 Mpa,0.113 Mpa,0.114 Mpa,0.117 Mpa,1.02 Mpa,0 Mpa,0.127 Mpa,0.129 Mpa,0.129 Mpa,0.127 Mpa,0 Mpa,0.123 Mpa,0.122 Mpa,0.124 Mpa,0.126 Mpa,0 Mpa,,,,,,1646 RPM
2026-06-20 19:00:00,0.120 Mpa,1.02 Mpa,0.122 Mpa,0.119 Mpa,0 Mpa,0.105 Mpa,1.00 Mpa,0.105 Mpa,1.00 Mpa,0.0291 Mpa,0.120 Mpa,0.117 Mpa,0.121 Mpa,0.117 Mpa,0 Mpa,0.120 Mpa,0.124 Mpa,0.120 Mpa,0.122 Mpa,,0.127 Mpa,1.02 Mpa,0.127 Mpa,0.125 Mpa,0 Mpa,0.111 Mpa,0.112 Mpa,0.110 Mpa,0.113 Mpa,0 Mpa,0.124 Mpa,0.123 Mpa,0.124 Mpa,0.123 Mpa,0 Mpa,0.115 Mpa,0.115 Mpa,0.116 Mpa,1.01 Mpa,0.0221 Mpa,0.125 Mpa,0.127 Mpa,0.126 Mpa,0.125 Mpa,0 Mpa,0.123 Mpa,0.121 Mpa,0.125 Mpa,0.125 Mpa,0 Mpa,,,,,,1712 RPM
2026-06-20 21:00:00,0.123 Mpa,1.02 Mpa,0.124 Mpa,0.122 Mpa,0 Mpa,0.114 Mpa,1.01 Mpa,0.115 Mpa,1.01 Mpa,0.00804 Mpa,0.122 Mpa,0.119 Mpa,0.123 Mpa,0.119 Mpa,0 Mpa,0.115 Mpa,0.117 Mpa,0.114 Mpa,0.116 Mpa,,0.124 Mpa,1.02 Mpa,0.124 Mpa,0.123 Mpa,0 Mpa,0.115 Mpa,0.116 Mpa,0.114 Mpa,0.116 Mpa,0 Mpa,0.127 Mpa,0.126 Mpa,0.126 Mpa,0.126 Mpa,0 Mpa,0.120 Mpa,0.121 Mpa,0.123 Mpa,1.01 Mpa,0.00637 Mpa,0.128 Mpa,0.131 Mpa,0.129 Mpa,0.128 Mpa,0 Mpa,0.123 Mpa,0.121 Mpa,0.125 Mpa,0.126 Mpa,0 Mpa,,,,,,1785 RPM
2026-06-20 23:00:00,0.121 Mpa,1.01 Mpa,0.123 Mpa,0.120 Mpa,0.0182 Mpa,0.106 Mpa,1.02 Mpa,0.109 Mpa,1.02 Mpa,0 Mpa,0.117 Mpa,0.114 Mpa,0.117 Mpa,0.114 Mpa,0 Mpa,0.115 Mpa,0.118 Mpa,0.115 Mpa,0.117 Mpa,,0.120 Mpa,1.01 Mpa,0.119 Mpa,0.119 Mpa,0.00983 Mpa,0.105 Mpa,0.105 Mpa,0.104 Mpa,0.106 Mpa,0.00944 Mpa,0.125 Mpa,0.124 Mpa,0.124 Mpa,0.124 Mpa,0 Mpa,0.112 Mpa,0.114 Mpa,0.115 Mpa,1.02 Mpa,0 Mpa,0.126 Mpa,0.129 Mpa,0.127 Mpa,0.126 Mpa,0 Mpa,0.119 Mpa,0.118 Mpa,0.120 Mpa,0.121 Mpa,0 Mpa,,,,,,1587 RPM
2026-06-21 01:00:00,0.120 Mpa,1.02 Mpa,0.120 Mpa,0.117 Mpa,0 Mpa,0.115 Mpa,1.02 Mpa,0.116 Mpa,1.02 Mpa,0 Mpa,0.120 Mpa,0.118 Mpa,0.119 Mpa,0.118 Mpa,0 Mpa,0.112 Mpa,0.115 Mpa,0.112 Mpa,0.114 Mpa,,0.126 Mpa,1.02 Mpa,0.125 Mpa,0.124 Mpa,0 Mpa,0.108 Mpa,0.109 Mpa,0.107 Mpa,0.110 Mpa,0 Mpa,0.129 Mpa,0.128 Mpa,0.128 Mpa,0.128 Mpa,0 Mpa,0.123 Mpa,0.124 Mpa,0.126 Mpa,1.02 Mpa,0 Mpa,0.125 Mpa,0.129 Mpa,0.127 Mpa,0.126 Mpa,0 Mpa,0.116 Mpa,0.115 Mpa,0.117 Mpa,0.118 Mpa,0.0237 Mpa,,,,,,1668 RPM
2026-06-21 03:00:00,0.115 Mpa,1.02 Mpa,0.116 Mpa,0.112 Mpa,0 Mpa,0.115 Mpa,1.02 Mpa,0.116 Mpa,1.02 Mpa,0 Mpa,0.119 Mpa,0.116 Mpa,0.118 Mpa,0.115 Mpa,0 Mpa,0.120 Mpa,0.122 Mpa,0.120 Mpa,0.121 Mpa,,0.119 Mpa,1.02 Mpa,0.119 Mpa,0.119 Mpa,0 Mpa,0.121 Mpa,0.120 Mpa,0.120 Mpa,0.121 Mpa,0 Mpa,0.127 Mpa,0.126 Mpa,0.126 Mpa,0.126 Mpa,0 Mpa,0.112 Mpa,0.114 Mpa,0.115 Mpa,1.01 Mpa,0.00898 Mpa,0.132 Mpa,0.133 Mpa,0.134 Mpa,0.131 Mpa,0 Mpa,0.121 Mpa,0.121 Mpa,0.123 Mpa,0.126 Mpa,0 Mpa,,,,,,1701 RPM
2026-06-21 05:00:00,0.129 Mpa,1.01 Mpa,0.131 Mpa,0.128 Mpa,0.00669 Mpa,0.113 Mpa,1.02 Mpa,0.113 Mpa,1.02 Mpa,0 Mpa,0.118 Mpa,0.115 Mpa,0.118 Mpa,0.115 Mpa,0.0250 Mpa,0.117 Mpa,0.120 Mpa,0.117 Mpa,0.119 Mpa,,0.124 Mpa,1.02 Mpa,0.123 Mpa,0.122 Mpa,0 Mpa,0.118 Mpa,0.118 Mpa,0.117 Mpa,0.119 Mpa,0 Mpa,0.127 Mpa,0.125 Mpa,0.126 Mpa,0.125 Mpa,0 Mpa,0.115 Mpa,0.116 Mpa,0.118 Mpa,0.999 Mpa,0 Mpa,0.129 Mpa,0.131 Mpa,0.131 Mpa,0.129 Mpa,0.00225 Mpa,0.123 Mpa,0.123 Mpa,0.125 Mpa,0.127 Mpa,0.00582 Mpa,,,,,,1692 RPM
2026-06-21 07:00:00,0.134 Mpa,1.02 Mpa,0.135 Mpa,0.133 Mpa,0 Mpa,0.115 Mpa,1.02 Mpa,0.116 Mpa,1.02 Mpa,0 Mpa,0.122 Mpa,0.120 Mpa,0.122 Mpa,0.119 Mpa,0 Mpa,0.117 Mpa,0.120 Mpa,0.116 Mpa,0.119 Mpa,,0.126 Mpa,1.02 Mpa,0.125 Mpa,0.124 Mpa,0 Mpa,0.121 Mpa,0.120 Mpa,0.119 Mpa,0.121 Mpa,0 Mpa,0.128 Mpa,0.125 Mpa,0.126 Mpa,0.125 Mpa,0 Mpa,0.126 Mpa,0.127 Mpa,0.128 Mpa,1.01 Mpa,0.00826 Mpa,0.128 Mpa,0.130 Mpa,0.129 Mpa,0.128 Mpa,0 Mpa,0.129 Mpa,0.128 Mpa,0.131 Mpa,0.131 Mpa,0 Mpa,,,,,,1725 RPM
2026-06-21 09:00:00,0.127 Mpa,1.02 Mpa,0.129 Mpa,0.128 Mpa,0 Mpa,0.115 Mpa,1.02 Mpa,0.116 Mpa,1.02 Mpa,0 Mpa,0.121 Mpa,0.118 Mpa,0.121 Mpa,0.118 Mpa,0 Mpa,0.118 Mpa,0.121 Mpa,0.117 Mpa,0.119 Mpa,,0.123 Mpa,1.02 Mpa,0.123 Mpa,0.121 Mpa,0 Mpa,0.118 Mpa,0.117 Mpa,0.116 Mpa,0.118 Mpa,0 Mpa,0.127 Mpa,0.125 Mpa,0.126 Mpa,0.124 Mpa,0 Mpa,0.132 Mpa,0.133 Mpa,0.136 Mpa,1.02 Mpa,0 Mpa,0.123 Mpa,0.126 Mpa,0.125 Mpa,0.123 Mpa,0 Mpa,0.125 Mpa,0.124 Mpa,0.127 Mpa,0.127 Mpa,0 Mpa,,,,,,1771 RPM
2026-06-21 11:00:00,0.126 Mpa,1.01 Mpa,0.127 Mpa,0.125 Mpa,0.0100 Mpa,0.106 Mpa,1.02 Mpa,0.106 Mpa,1.02 Mpa,0 Mpa,0.123 Mpa,0.121 Mpa,0.121 Mpa,0.119 Mpa,0 Mpa,0.114 Mpa,0.117 Mpa,0.114 Mpa,0.116 Mpa,,0.123 Mpa,0.976 Mpa,0.122 Mpa,0.121 Mpa,0.0232 Mpa,0.110 Mpa,0.111 Mpa,0.109 Mpa,0.111 Mpa,0 Mpa,0.127 Mpa,0.125 Mpa,0.126 Mpa,0.125 Mpa,0.0131 Mpa,0.121 Mpa,0.123 Mpa,0.125 Mpa,1.01 Mpa,0.0130 Mpa,0.110 Mpa,0.113 Mpa,0.111 Mpa,0.111 Mpa,0 Mpa,0.115 Mpa,0.115 Mpa,0.117 Mpa,0.118 Mpa,0.0311 Mpa,,,,,,1194 RPM
2026-06-21 13:00:00,0.124 Mpa,1.02 Mpa,0.125 Mpa,0.123 Mpa,0 Mpa,0.114 Mpa,1.02 Mpa,0.115 Mpa,1.02 Mpa,0 Mpa,,,,,,,,,,,,,,,,0.101 Mpa,0.102 Mpa,0.1000 Mpa,0.102 Mpa,0 Mpa,,,,,,,,,,,,,,,,0.122 Mpa,0.121 Mpa,0.124 Mpa,0.124 Mpa,0 Mpa,,,,,,1236 RPM
2026-06-21 15:00:00,0.124 Mpa,1.01 Mpa,0.125 Mpa,0.123 Mpa,0.00616 Mpa,0.116 Mpa,1.02 Mpa,0.117 Mpa,1.02 Mpa,0 Mpa,,,,,,,,,,,,,,,,0.1000 Mpa,0.1000 Mpa,0.0982 Mpa,0.1000 Mpa,0 Mpa,0.115 Mpa,0.114 Mpa,0.115 Mpa,0.116 Mpa,0.159 Mpa,,,,,,0.125 Mpa,0.128 Mpa,0.127 Mpa,0.126 Mpa,0.00174 Mpa,0.122 Mpa,0.121 Mpa,0.124 Mpa,0.123 Mpa,0 Mpa,,,,,,1403 RPM
2026-06-21 17:00:00,0.125 Mpa,1.02 Mpa,0.126 Mpa,0.127 Mpa,0 Mpa,0.114 Mpa,1.02 Mpa,0.115 Mpa,1.02 Mpa,0 Mpa,,,,,,0.114 Mpa,0.116 Mpa,0.114 Mpa,0.115 Mpa,,0.126 Mpa,1.02 Mpa,0.125 Mpa,0.123 Mpa,0 Mpa,0.110 Mpa,0.109 Mpa,0.107 Mpa,0.109 Mpa,0 Mpa,0.132 Mpa,0.129 Mpa,0.130 Mpa,0.129 Mpa,0 Mpa,0.118 Mpa,0.119 Mpa,0.119 Mpa,1.02 Mpa,0 Mpa,0.123 Mpa,0.124 Mpa,0.124 Mpa,0.123 Mpa,0.00203 Mpa,0.119 Mpa,0.118 Mpa,0.120 Mpa,0.120 Mpa,0.00599 Mpa,,,,,,1657 RPM
2026-06-21 19:00:00,0.123 Mpa,1.02 Mpa,0.125 Mpa,0.126 Mpa,0 Mpa,0.112 Mpa,1.02 Mpa,0.113 Mpa,1.02 Mpa,0 Mpa,,,,,,0.118 Mpa,0.120 Mpa,0.117 Mpa,0.119 Mpa,,0.129 Mpa,1.02 Mpa,0.129 Mpa,0.128 Mpa,0 Mpa,0.115 Mpa,0.115 Mpa,0.114 Mpa,0.116 Mpa,0 Mpa,0.129 Mpa,0.127 Mpa,0.128 Mpa,0.128 Mpa,0 Mpa,0.120 Mpa,0.122 Mpa,0.123 Mpa,1.02 Mpa,0 Mpa,0.117 Mpa,0.119 Mpa,0.119 Mpa,0.117 Mpa,0 Mpa,0.120 Mpa,0.119 Mpa,0.122 Mpa,0.122 Mpa,0 Mpa,,,,,,1727 RPM
2026-06-21 21:00:00,0.123 Mpa,1.01 Mpa,0.124 Mpa,0.125 Mpa,0 Mpa,0.115 Mpa,1.02 Mpa,0.116 Mpa,1.02 Mpa,0 Mpa,,,,,,0.112 Mpa,0.116 Mpa,0.112 Mpa,0.115 Mpa,,0.126 Mpa,1.02 Mpa,0.126 Mpa,0.124 Mpa,0 Mpa,0.112 Mpa,0.112 Mpa,0.110 Mpa,0.113 Mpa,0 Mpa,0.128 Mpa,0.126 Mpa,0.127 Mpa,0.127 Mpa,0 Mpa,0.119 Mpa,0.120 Mpa,0.121 Mpa,1.01 Mpa,0.0175 Mpa,0.126 Mpa,0.128 Mpa,0.128 Mpa,0.125 Mpa,0 Mpa,0.118 Mpa,0.117 Mpa,0.120 Mpa,0.120 Mpa,0 Mpa,,,,,,1728 RPM
2026-06-21 23:00:00,0.123 Mpa,1.02 Mpa,0.125 Mpa,0.125 Mpa,0 Mpa,0.115 Mpa,1.02 Mpa,0.116 Mpa,1.02 Mpa,0 Mpa,0.105 Mpa,0.105 Mpa,0.105 Mpa,0.103 Mpa,0.100 Mpa,0.116 Mpa,0.118 Mpa,0.116 Mpa,0.116 Mpa,,0.126 Mpa,1.02 Mpa,0.126 Mpa,0.124 Mpa,0 Mpa,0.111 Mpa,0.111 Mpa,0.110 Mpa,0.112 Mpa,0 Mpa,0.124 Mpa,0.123 Mpa,0.123 Mpa,0.124 Mpa,0 Mpa,0.119 Mpa,0.120 Mpa,0.121 Mpa,1.01 Mpa,0.00704 Mpa,0.122 Mpa,0.124 Mpa,0.124 Mpa,0.122 Mpa,0 Mpa,0.113 Mpa,0.112 Mpa,0.113 Mpa,0.113 Mpa,0.121 Mpa,,,,,,1682 RPM
2026-06-22 01:00:00,0.120 Mpa,0.997 Mpa,0.121 Mpa,0.121 Mpa,0.0464 Mpa,0.114 Mpa,1.01 Mpa,0.114 Mpa,1.01 Mpa,0.0157 Mpa,0.116 Mpa,0.113 Mpa,0.116 Mpa,0.113 Mpa,0 Mpa,0.114 Mpa,0.117 Mpa,0.114 Mpa,0.116 Mpa,,0.119 Mpa,1.01 Mpa,0.117 Mpa,0.117 Mpa,0.0186 Mpa,0.100 Mpa,0.100 Mpa,0.0971 Mpa,0.100 Mpa,0.00584 Mpa,0.125 Mpa,0.124 Mpa,0.124 Mpa,0.124 Mpa,0 Mpa,0.125 Mpa,0.126 Mpa,0.128 Mpa,1.02 Mpa,0 Mpa,0.116 Mpa,0.117 Mpa,0.118 Mpa,0.116 Mpa,0 Mpa,0.115 Mpa,0.114 Mpa,0.116 Mpa,0.117 Mpa,0.0121 Mpa,,,,,,1420 RPM
2026-06-22 03:00:00,0.129 Mpa,1.02 Mpa,0.131 Mpa,0.131 Mpa,0 Mpa,0.113 Mpa,1.01 Mpa,0.114 Mpa,1.01 Mpa,0.0111 Mpa,0.119 Mpa,0.115 Mpa,0.119 Mpa,0.116 Mpa,0 Mpa,0.115 Mpa,0.118 Mpa,0.115 Mpa,0.117 Mpa,,0.127 Mpa,1.02 Mpa,0.126 Mpa,0.125 Mpa,0 Mpa,0.113 Mpa,0.114 Mpa,0.112 Mpa,0.115 Mpa,0 Mpa,0.127 Mpa,0.125 Mpa,0.126 Mpa,0.125 Mpa,0 Mpa,0.122 Mpa,0.122 Mpa,0.125 Mpa,1.02 Mpa,0 Mpa,0.116 Mpa,0.117 Mpa,0.117 Mpa,0.115 Mpa,0 Mpa,0.128 Mpa,0.127 Mpa,0.129 Mpa,0.130 Mpa,0 Mpa,,,,,,1698 RPM
2026-06-22 05:00:00,0.126 Mpa,1.02 Mpa,0.128 Mpa,0.128 Mpa,0 Mpa,0.113 Mpa,1.01 Mpa,0.114 Mpa,1.01 Mpa,0.00795 Mpa,0.117 Mpa,0.114 Mpa,0.116 Mpa,0.113 Mpa,0 Mpa,0.119 Mpa,0.122 Mpa,0.119 Mpa,0.120 Mpa,,0.120 Mpa,1.02 Mpa,0.120 Mpa,0.119 Mpa,0 Mpa,0.106 Mpa,0.106 Mpa,0.105 Mpa,0.107 Mpa,0 Mpa,0.124 Mpa,0.122 Mpa,0.122 Mpa,0.122 Mpa,0 Mpa,0.112 Mpa,0.113 Mpa,0.114 Mpa,1.02 Mpa,0 Mpa,0.123 Mpa,0.125 Mpa,0.124 Mpa,0.123 Mpa,0.00177 Mpa,0.131 Mpa,0.129 Mpa,0.132 Mpa,0.134 Mpa,0 Mpa,,,,,,1624 RPM
2026-06-22 07:00:00,0.130 Mpa,1.02 Mpa,0.132 Mpa,0.133 Mpa,0 Mpa,0.116 Mpa,1.02 Mpa,0.117 Mpa,1.02 Mpa,0 Mpa,0.120 Mpa,0.117 Mpa,0.120 Mpa,0.116 Mpa,0 Mpa,0.118 Mpa,0.120 Mpa,0.117 Mpa,0.119 Mpa,,0.123 Mpa,1.02 Mpa,0.123 Mpa,0.123 Mpa,0 Mpa,0.119 Mpa,0.119 Mpa,0.117 Mpa,0.120 Mpa,0 Mpa,0.130 Mpa,0.128 Mpa,0.128 Mpa,0.128 Mpa,0 Mpa,0.120 Mpa,0.120 Mpa,0.121 Mpa,1.02 Mpa,0 Mpa,0.125 Mpa,0.128 Mpa,0.127 Mpa,0.126 Mpa,0 Mpa,0.128 Mpa,0.127 Mpa,0.129 Mpa,0.133 Mpa,0 Mpa,,,,,,1736 RPM
2026-06-22 09:00:00,0.124 Mpa,1.01 Mpa,0.126 Mpa,0.127 Mpa,0.00857 Mpa,0.113 Mpa,1.02 Mpa,0.114 Mpa,1.02 Mpa,0 Mpa,0.123 Mpa,0.120 Mpa,0.122 Mpa,0.119 Mpa,0 Mpa,0.115 Mpa,0.117 Mpa,0.115 Mpa,0.116 Mpa,,0.120 Mpa,1.01 Mpa,0.119 Mpa,0.119 Mpa,0.00819 Mpa,0.113 Mpa,0.114 Mpa,0.112 Mpa,0.115 Mpa,0 Mpa,0.128 Mpa,0.126 Mpa,0.127 Mpa,0.126 Mpa,0.00579 Mpa,0.127 Mpa,0.128 Mpa,0.131 Mpa,1.02 Mpa,0 Mpa,0.123 Mpa,0.127 Mpa,0.125 Mpa,0.124 Mpa,0 Mpa,0.129 Mpa,0.128 Mpa,0.131 Mpa,0.134 Mpa,0 Mpa,,,,,,1726 RPM
2026-06-22 11:00:00,0.120 Mpa,1.01 Mpa,0.120 Mpa,0.121 Mpa,0.0267 Mpa,0.113 Mpa,1.02 Mpa,0.114 Mpa,1.02 Mpa,0 Mpa,0.120 Mpa,0.117 Mpa,0.120 Mpa,0.117 Mpa,0 Mpa,0.114 Mpa,0.117 Mpa,0.113 Mpa,0.115 Mpa,,0.124 Mpa,1.02 Mpa,0.124 Mpa,0.123 Mpa,0 Mpa,0.118 Mpa,0.118 Mpa,0.116 Mpa,0.119 Mpa,0.0122 Mpa,0.128 Mpa,0.126 Mpa,0.127 Mpa,0.126 Mpa,0.0266 Mpa,0.124 Mpa,0.126 Mpa,0.128 Mpa,1.02 Mpa,0 Mpa,0.130 Mpa,0.133 Mpa,0.133 Mpa,0.131 Mpa,0 Mpa,0.124 Mpa,0.123 Mpa,0.126 Mpa,0.127 Mpa,0 Mpa,,,,,,1666 RPM
2026-06-22 13:00:00,0.124 Mpa,1.02 Mpa,0.123 Mpa,0.125 Mpa,0 Mpa,0.116 Mpa,1.02 Mpa,0.116 Mpa,1.02 Mpa,0 Mpa,0.111 Mpa,0.108 Mpa,0.111 Mpa,0.109 Mpa,0 Mpa,0.102 Mpa,0.103 Mpa,0.102 Mpa,0.102 Mpa,,0.122 Mpa,1.02 Mpa,0.122 Mpa,0.121 Mpa,0 Mpa,0.113 Mpa,0.115 Mpa,0.112 Mpa,0.116 Mpa,0.0134 Mpa,0.128 Mpa,0.128 Mpa,0.128 Mpa,0.128 Mpa,0 Mpa,0.123 Mpa,0.124 Mpa,0.127 Mpa,1.02 Mpa,0 Mpa,0.129 Mpa,0.133 Mpa,0.131 Mpa,0.130 Mpa,0 Mpa,0.125 Mpa,0.124 Mpa,0.127 Mpa,0.137 Mpa,0 Mpa,,,,,,1553 RPM
2026-06-22 15:00:00,0.127 Mpa,1.02 Mpa,0.128 Mpa,0.128 Mpa,0 Mpa,0.116 Mpa,1.02 Mpa,0.117 Mpa,1.02 Mpa,0 Mpa,0.124 Mpa,0.120 Mpa,0.124 Mpa,0.121 Mpa,0 Mpa,0.119 Mpa,0.121 Mpa,0.119 Mpa,0.120 Mpa,,0.118 Mpa,1.02 Mpa,0.118 Mpa,0.118 Mpa,0 Mpa,0.111 Mpa,0.110 Mpa,0.110 Mpa,0.111 Mpa,0 Mpa,0.131 Mpa,0.129 Mpa,0.129 Mpa,0.129 Mpa,0 Mpa,0.122 Mpa,0.123 Mpa,0.125 Mpa,1.02 Mpa,0 Mpa,0.124 Mpa,0.127 Mpa,0.125 Mpa,0.124 Mpa,0.00165 Mpa,0.126 Mpa,0.124 Mpa,0.128 Mpa,0.138 Mpa,0 Mpa,,,,,,1784 RPM
2026-06-22 17:00:00,0.118 Mpa,1.02 Mpa,0.119 Mpa,0.119 Mpa,0 Mpa,0.116 Mpa,1.01 Mpa,0.117 Mpa,1.01 Mpa,0.0171 Mpa,0.121 Mpa,0.117 Mpa,0.121 Mpa,0.117 Mpa,0 Mpa,0.115 Mpa,0.119 Mpa,0.115 Mpa,0.117 Mpa,,0.120 Mpa,1.02 Mpa,0.120 Mpa,0.119 Mpa,0 Mpa,0.107 Mpa,0.107 Mpa,0.105 Mpa,0.107 Mpa,0 Mpa,0.129 Mpa,0.127 Mpa,0.129 Mpa,0.128 Mpa,0 Mpa,0.123 Mpa,0.124 Mpa,0.126 Mpa,1.02 Mpa,0 Mpa,0.128 Mpa,0.130 Mpa,0.130 Mpa,0.128 Mpa,0 Mpa,0.122 Mpa,0.121 Mpa,0.124 Mpa,0.124 Mpa,0 Mpa,,,,,,1676 RPM
2026-06-22 19:00:00,0.121 Mpa,1.02 Mpa,0.123 Mpa,0.122 Mpa,0 Mpa,0.116 Mpa,1.02 Mpa,0.117 Mpa,1.02 Mpa,0 Mpa,0.122 Mpa,0.119 Mpa,0.122 Mpa,0.119 Mpa,0.0179 Mpa,0.115 Mpa,0.119 Mpa,0.114 Mpa,0.118 Mpa,,0.115 Mpa,1.00 Mpa,0.115 Mpa,0.114 Mpa,0.0299 Mpa,0.114 Mpa,0.113 Mpa,0.112 Mpa,0.115 Mpa,0 Mpa,0.122 Mpa,0.121 Mpa,0.121 Mpa,0.121 Mpa,0.0173 Mpa,0.127 Mpa,0.128 Mpa,0.131 Mpa,1.02 Mpa,0 Mpa,0.129 Mpa,0.132 Mpa,0.131 Mpa,0.130 Mpa,0 Mpa,0.121 Mpa,0.119 Mpa,0.123 Mpa,0.122 Mpa,0 Mpa,,,,,,1677 RPM
2026-06-22 21:00:00,0.127 Mpa,1.02 Mpa,0.129 Mpa,0.129 Mpa,0 Mpa,0.115 Mpa,1.02 Mpa,0.115 Mpa,1.02 Mpa,0 Mpa,0.122 Mpa,0.119 Mpa,0.123 Mpa,0.119 Mpa,0 Mpa,0.107 Mpa,0.108 Mpa,0.107 Mpa,0.108 Mpa,,0.113 Mpa,1.00 Mpa,0.111 Mpa,0.112 Mpa,0.0297 Mpa,0.115 Mpa,0.114 Mpa,0.113 Mpa,0.115 Mpa,0 Mpa,0.111 Mpa,0.111 Mpa,0.111 Mpa,0.112 Mpa,0 Mpa,0.128 Mpa,0.129 Mpa,0.131 Mpa,1.01 Mpa,0.00769 Mpa,0.126 Mpa,0.129 Mpa,0.129 Mpa,0.126 Mpa,0 Mpa,0.125 Mpa,0.124 Mpa,0.127 Mpa,0.127 Mpa,0 Mpa,,,,,,1694 RPM
2026-06-22 23:00:00,0.125 Mpa,1.01 Mpa,0.127 Mpa,0.127 Mpa,0.0202 Mpa,0.115 Mpa,1.01 Mpa,0.116 Mpa,1.01 Mpa,0.00784 Mpa,0.121 Mpa,0.118 Mpa,0.122 Mpa,0.118 Mpa,0 Mpa,0.116 Mpa,0.119 Mpa,0.116 Mpa,0.118 Mpa,,0.126 Mpa,1.02 Mpa,0.125 Mpa,0.125 Mpa,0 Mpa,0.115 Mpa,0.115 Mpa,0.114 Mpa,0.116 Mpa,0 Mpa,,,,,,0.119 Mpa,0.121 Mpa,0.123 Mpa,1.02 Mpa,0 Mpa,0.123 Mpa,0.125 Mpa,0.125 Mpa,0.122 Mpa,0 Mpa,0.125 Mpa,0.123 Mpa,0.127 Mpa,0.126 Mpa,0 Mpa,,,,,,1699 RPM
2026-06-23 01:00:00,0.108 Mpa,1.02 Mpa,0.108 Mpa,0.108 Mpa,0 Mpa,0.105 Mpa,0.981 Mpa,0.106 Mpa,0.981 Mpa,0.0680 Mpa,0.122 Mpa,0.118 Mpa,0.122 Mpa,0.119 Mpa,0 Mpa,0.116 Mpa,0.116 Mpa,0.115 Mpa,0.116 Mpa,,0.130 Mpa,1.02 Mpa,0.130 Mpa,0.130 Mpa,0 Mpa,0.115 Mpa,0.115 Mpa,0.114 Mpa,0.116 Mpa,0 Mpa,0.131 Mpa,0.129 Mpa,0.130 Mpa,0.129 Mpa,0.00260 Mpa,0.117 Mpa,0.119 Mpa,0.120 Mpa,1.02 Mpa,0 Mpa,0.123 Mpa,0.126 Mpa,0.125 Mpa,0.123 Mpa,0 Mpa,0.120 Mpa,0.119 Mpa,0.121 Mpa,0.122 Mpa,0.00709 Mpa,,,,,,1688 RPM
2026-06-23 03:00:00,0.108 Mpa,1.01 Mpa,0.109 Mpa,0.110 Mpa,0.00915 Mpa,0.106 Mpa,0.998 Mpa,0.107 Mpa,0.998 Mpa,0.0362 Mpa,0.120 Mpa,0.117 Mpa,0.120 Mpa,0.117 Mpa,0 Mpa,0.117 Mpa,0.119 Mpa,0.116 Mpa,0.118 Mpa,,0.130 Mpa,1.02 Mpa,0.130 Mpa,0.129 Mpa,0 Mpa,0.109 Mpa,0.109 Mpa,0.108 Mpa,0.109 Mpa,0 Mpa,0.128 Mpa,0.127 Mpa,0.127 Mpa,0.127 Mpa,0 Mpa,0.127 Mpa,0.127 Mpa,0.130 Mpa,1.02 Mpa,0 Mpa,0.119 Mpa,0.121 Mpa,0.120 Mpa,0.119 Mpa,0 Mpa,0.122 Mpa,0.121 Mpa,0.123 Mpa,0.124 Mpa,0 Mpa,,,,,,1672 RPM
2026-06-23 05:00:00,0.126 Mpa,1.02 Mpa,0.128 Mpa,0.127 Mpa,0 Mpa,0.115 Mpa,1.01 Mpa,0.116 Mpa,1.01 Mpa,0.00720 Mpa,0.118 Mpa,0.116 Mpa,0.118 Mpa,0.115 Mpa,0 Mpa,0.118 Mpa,0.118 Mpa,0.117 Mpa,0.117 Mpa,,0.126 Mpa,1.02 Mpa,0.126 Mpa,0.125 Mpa,0 Mpa,0.115 Mpa,0.114 Mpa,0.113 Mpa,0.115 Mpa,0 Mpa,0.123 Mpa,0.123 Mpa,0.122 Mpa,0.123 Mpa,0 Mpa,0.123 Mpa,0.124 Mpa,0.126 Mpa,1.02 Mpa,0 Mpa,0.123 Mpa,0.124 Mpa,0.124 Mpa,0.122 Mpa,0.00200 Mpa,0.126 Mpa,0.125 Mpa,0.128 Mpa,0.128 Mpa,0.00755 Mpa,,,,,,1603 RPM
2026-06-23 07:00:00,0.125 Mpa,1.02 Mpa,0.126 Mpa,0.125 Mpa,0 Mpa,0.116 Mpa,1.02 Mpa,0.117 Mpa,1.02 Mpa,0 Mpa,0.122 Mpa,0.120 Mpa,0.122 Mpa,0.120 Mpa,0 Mpa,0.120 Mpa,0.123 Mpa,0.120 Mpa,0.121 Mpa,,0.130 Mpa,1.02 Mpa,0.130 Mpa,0.129 Mpa,0 Mpa,0.116 Mpa,0.117 Mpa,0.115 Mpa,0.117 Mpa,0 Mpa,0.125 Mpa,0.124 Mpa,0.124 Mpa,0.124 Mpa,0 Mpa,0.125 Mpa,0.125 Mpa,0.128 Mpa,1.02 Mpa,0 Mpa,0.124 Mpa,0.126 Mpa,0.126 Mpa,0.123 Mpa,0 Mpa,0.128 Mpa,0.125 Mpa,0.130 Mpa,0.129 Mpa,0 Mpa,,,,,,1748 RPM
2026-06-23 09:00:00,0.123 Mpa,1.02 Mpa,0.124 Mpa,0.124 Mpa,0 Mpa,0.113 Mpa,1.02 Mpa,0.114 Mpa,1.02 Mpa,0 Mpa,0.122 Mpa,0.118 Mpa,0.121 Mpa,0.118 Mpa,0 Mpa,0.120 Mpa,0.123 Mpa,0.120 Mpa,0.122 Mpa,,0.130 Mpa,1.02 Mpa,0.129 Mpa,0.128 Mpa,0 Mpa,0.118 Mpa,0.118 Mpa,0.117 Mpa,0.119 Mpa,0 Mpa,0.127 Mpa,0.126 Mpa,0.126 Mpa,0.126 Mpa,0 Mpa,0.126 Mpa,0.126 Mpa,0.130 Mpa,1.02 Mpa,0 Mpa,0.126 Mpa,0.129 Mpa,0.127 Mpa,0.127 Mpa,0 Mpa,0.126 Mpa,0.123 Mpa,0.128 Mpa,0.126 Mpa,0 Mpa,,,,,,1791 RPM
2026-06-23 11:00:00,0.128 Mpa,1.02 Mpa,0.129 Mpa,0.128 Mpa,0 Mpa,0.112 Mpa,1.02 Mpa,0.114 Mpa,1.02 Mpa,0 Mpa,0.121 Mpa,0.118 Mpa,0.121 Mpa,0.118 Mpa,0 Mpa,0.117 Mpa,0.119 Mpa,0.116 Mpa,0.118 Mpa,,0.125 Mpa,1.02 Mpa,0.126 Mpa,0.125 Mpa,0 Mpa,0.116 Mpa,0.116 Mpa,0.115 Mpa,0.117 Mpa,0 Mpa,0.128 Mpa,0.126 Mpa,0.126 Mpa,0.126 Mpa,0.00773 Mpa,0.124 Mpa,0.125 Mpa,0.127 Mpa,1.01 Mpa,0.00761 Mpa,0.128 Mpa,0.131 Mpa,0.128 Mpa,0.128 Mpa,0 Mpa,0.123 Mpa,0.121 Mpa,0.124 Mpa,0.124 Mpa,0.00543 Mpa,,,,,,1716 RPM
2026-06-23 13:00:00,0.128 Mpa,1.02 Mpa,0.129 Mpa,0.129 Mpa,0 Mpa,0.112 Mpa,1.02 Mpa,0.113 Mpa,1.02 Mpa,0 Mpa,0.122 Mpa,0.120 Mpa,0.122 Mpa,0.119 Mpa,0 Mpa,0.109 Mpa,0.113 Mpa,0.109 Mpa,0.112 Mpa,,0.124 Mpa,1.02 Mpa,0.124 Mpa,0.124 Mpa,0 Mpa,0.113 Mpa,0.113 Mpa,0.111 Mpa,0.113 Mpa,0.0144 Mpa,0.128 Mpa,0.127 Mpa,0.127 Mpa,0.127 Mpa,0 Mpa,0.122 Mpa,0.123 Mpa,0.126 Mpa,1.02 Mpa,0 Mpa,0.125 Mpa,0.128 Mpa,0.126 Mpa,0.126 Mpa,0 Mpa,0.124 Mpa,0.122 Mpa,0.125 Mpa,0.126 Mpa,0 Mpa,,,,,,1602 RPM
2026-06-23 15:00:00,0.127 Mpa,1.02 Mpa,0.129 Mpa,0.129 Mpa,0 Mpa,0.112 Mpa,1.02 Mpa,0.113 Mpa,1.02 Mpa,0 Mpa,0.124 Mpa,0.120 Mpa,0.124 Mpa,0.120 Mpa,0 Mpa,0.119 Mpa,0.124 Mpa,0.118 Mpa,0.122 Mpa,,0.123 Mpa,1.02 Mpa,0.123 Mpa,0.123 Mpa,0 Mpa,0.116 Mpa,0.115 Mpa,0.114 Mpa,0.116 Mpa,0 Mpa,0.128 Mpa,0.126 Mpa,0.127 Mpa,0.126 Mpa,0 Mpa,0.123 Mpa,0.124 Mpa,0.127 Mpa,1.02 Mpa,0 Mpa,0.122 Mpa,0.124 Mpa,0.124 Mpa,0.122 Mpa,0 Mpa,0.125 Mpa,0.124 Mpa,0.127 Mpa,0.127 Mpa,0 Mpa,,,,,,1799 RPM
2026-06-23 17:00:00,0.124 Mpa,1.02 Mpa,0.126 Mpa,0.126 Mpa,0 Mpa,0.112 Mpa,1.02 Mpa,0.112 Mpa,1.02 Mpa,0 Mpa,0.122 Mpa,0.118 Mpa,0.122 Mpa,0.118 Mpa,0 Mpa,0.117 Mpa,0.120 Mpa,0.116 Mpa,0.118 Mpa,,0.122 Mpa,1.02 Mpa,0.121 Mpa,0.121 Mpa,0 Mpa,0.115 Mpa,0.115 Mpa,0.114 Mpa,0.115 Mpa,0 Mpa,0.119 Mpa,0.118 Mpa,0.118 Mpa,0.118 Mpa,0 Mpa,0.123 Mpa,0.124 Mpa,0.127 Mpa,1.02 Mpa,0 Mpa,0.125 Mpa,0.127 Mpa,0.127 Mpa,0.125 Mpa,0 Mpa,0.120 Mpa,0.119 Mpa,0.121 Mpa,0.122 Mpa,0.00680 Mpa,,,,,,1662 RPM
2026-06-23 19:00:00,0.120 Mpa,1.02 Mpa,0.121 Mpa,0.121 Mpa,0 Mpa,0.115 Mpa,1.02 Mpa,0.116 Mpa,1.02 Mpa,0 Mpa,0.127 Mpa,0.122 Mpa,0.127 Mpa,0.122 Mpa,0 Mpa,0.118 Mpa,0.123 Mpa,0.118 Mpa,0.121 Mpa,,0.121 Mpa,1.02 Mpa,0.121 Mpa,0.120 Mpa,0 Mpa,0.119 Mpa,0.118 Mpa,0.117 Mpa,0.119 Mpa,0 Mpa,0.123 Mpa,0.122 Mpa,0.123 Mpa,0.122 Mpa,0 Mpa,0.122 Mpa,0.123 Mpa,0.125 Mpa,1.02 Mpa,0 Mpa,0.125 Mpa,0.129 Mpa,0.127 Mpa,0.126 Mpa,0 Mpa,0.129 Mpa,0.127 Mpa,0.131 Mpa,0.131 Mpa,0 Mpa,,,,,,1757 RPM
2026-06-23 21:00:00,0.124 Mpa,1.02 Mpa,0.126 Mpa,0.125 Mpa,0 Mpa,0.112 Mpa,1.02 Mpa,0.114 Mpa,1.02 Mpa,0 Mpa,0.125 Mpa,0.120 Mpa,0.126 Mpa,0.121 Mpa,0 Mpa,0.121 Mpa,0.124 Mpa,0.120 Mpa,0.123 Mpa,,0.120 Mpa,1.02 Mpa,0.119 Mpa,0.119 Mpa,0 Mpa,0.118 Mpa,0.118 Mpa,0.117 Mpa,0.119 Mpa,0 Mpa,0.127 Mpa,0.125 Mpa,0.126 Mpa,0.126 Mpa,0 Mpa,0.122 Mpa,0.123 Mpa,0.125 Mpa,1.01 Mpa,0.00773 Mpa,0.126 Mpa,0.129 Mpa,0.127 Mpa,0.127 Mpa,0 Mpa,0.129 Mpa,0.128 Mpa,0.131 Mpa,0.131 Mpa,0 Mpa,,,,,,1782 RPM
2026-06-23 23:00:00,0.120 Mpa,1.02 Mpa,0.122 Mpa,0.121 Mpa,0 Mpa,0.115 Mpa,1.02 Mpa,0.116 Mpa,1.02 Mpa,0 Mpa,0.124 Mpa,0.120 Mpa,0.123 Mpa,0.119 Mpa,0.0149 Mpa,0.121 Mpa,0.124 Mpa,0.119 Mpa,0.122 Mpa,,0.123 Mpa,1.01 Mpa,0.121 Mpa,0.121 Mpa,0.0159 Mpa,0.118 Mpa,0.118 Mpa,0.116 Mpa,0.119 Mpa,0 Mpa,0.131 Mpa,0.130 Mpa,0.130 Mpa,0.130 Mpa,0 Mpa,0.121 Mpa,0.122 Mpa,0.124 Mpa,1.02 Mpa,0 Mpa,0.126 Mpa,0.128 Mpa,0.127 Mpa,0.127 Mpa,0 Mpa,0.124 Mpa,0.123 Mpa,0.125 Mpa,0.126 Mpa,0.0173 Mpa,,,,,,1663 RPM
2026-06-24 01:00:00,0.121 Mpa,1.02 Mpa,0.121 Mpa,0.121 Mpa,0 Mpa,0.113 Mpa,1.02 Mpa,0.114 Mpa,1.02 Mpa,0 Mpa,0.127 Mpa,0.123 Mpa,0.127 Mpa,0.123 Mpa,0 Mpa,0.118 Mpa,0.121 Mpa,0.117 Mpa,0.120 Mpa,,0.122 Mpa,1.02 Mpa,0.121 Mpa,0.122 Mpa,0 Mpa,0.119 Mpa,0.118 Mpa,0.117 Mpa,0.119 Mpa,0 Mpa,0.129 Mpa,0.127 Mpa,0.128 Mpa,0.128 Mpa,0 Mpa,0.119 Mpa,0.119 Mpa,0.122 Mpa,1.02 Mpa,0 Mpa,0.120 Mpa,0.122 Mpa,0.122 Mpa,0.121 Mpa,0 Mpa,0.122 Mpa,0.122 Mpa,0.124 Mpa,0.127 Mpa,0 Mpa,,,,,,1678 RPM
2026-06-24 03:00:00,0.124 Mpa,1.02 Mpa,0.126 Mpa,0.125 Mpa,0 Mpa,0.110 Mpa,0.985 Mpa,0.111 Mpa,0.985 Mpa,0.0658 Mpa,0.126 Mpa,0.122 Mpa,0.126 Mpa,0.122 Mpa,0 Mpa,0.116 Mpa,0.118 Mpa,0.116 Mpa,0.117 Mpa,,0.122 Mpa,1.02 Mpa,0.121 Mpa,0.121 Mpa,0 Mpa,0.121 Mpa,0.120 Mpa,0.119 Mpa,0.122 Mpa,0 Mpa,0.122 Mpa,0.122 Mpa,0.122 Mpa,0.122 Mpa,0 Mpa,0.118 Mpa,0.118 Mpa,0.120 Mpa,1.02 Mpa,0 Mpa,0.123 Mpa,0.126 Mpa,0.125 Mpa,0.124 Mpa,0 Mpa,0.128 Mpa,0.127 Mpa,0.130 Mpa,0.133 Mpa,0 Mpa,,,,,,1661 RPM
2026-06-24 05:00:00,0.120 Mpa,1.02 Mpa,0.121 Mpa,0.121 Mpa,0 Mpa,0.111 Mpa,1.02 Mpa,0.112 Mpa,1.02 Mpa,0 Mpa,0.121 Mpa,0.118 Mpa,0.121 Mpa,0.118 Mpa,0 Mpa,0.117 Mpa,0.120 Mpa,0.117 Mpa,0.119 Mpa,,0.118 Mpa,1.02 Mpa,0.118 Mpa,0.119 Mpa,0 Mpa,0.115 Mpa,0.115 Mpa,0.113 Mpa,0.115 Mpa,0 Mpa,0.118 Mpa,0.118 Mpa,0.118 Mpa,0.118 Mpa,0 Mpa,0.122 Mpa,0.123 Mpa,0.125 Mpa,1.02 Mpa,0 Mpa,0.125 Mpa,0.128 Mpa,0.127 Mpa,0.125 Mpa,0 Mpa,0.124 Mpa,0.122 Mpa,0.125 Mpa,0.130 Mpa,0.00662 Mpa,,,,,,1623 RPM
2026-06-24 07:00:00,0.114 Mpa,1.02 Mpa,0.115 Mpa,0.115 Mpa,0 Mpa,0.111 Mpa,1.02 Mpa,0.112 Mpa,1.02 Mpa,0 Mpa,0.124 Mpa,0.120 Mpa,0.124 Mpa,0.120 Mpa,0 Mpa,0.118 Mpa,0.122 Mpa,0.118 Mpa,0.120 Mpa,,0.123 Mpa,1.02 Mpa,0.122 Mpa,0.122 Mpa,0 Mpa,0.118 Mpa,0.117 Mpa,0.116 Mpa,0.119 Mpa,0 Mpa,0.126 Mpa,0.125 Mpa,0.125 Mpa,0.125 Mpa,0 Mpa,0.126 Mpa,0.127 Mpa,0.130 Mpa,1.02 Mpa,0 Mpa,0.128 Mpa,0.130 Mpa,0.129 Mpa,0.128 Mpa,0 Mpa,0.124 Mpa,0.122 Mpa,0.125 Mpa,0.131 Mpa,0 Mpa,,,,,,1720 RPM
2026-06-24 09:00:00,0.120 Mpa,1.02 Mpa,0.122 Mpa,0.122 Mpa,0 Mpa,0.112 Mpa,1.02 Mpa,0.112 Mpa,1.02 Mpa,0 Mpa,0.121 Mpa,0.117 Mpa,0.121 Mpa,0.117 Mpa,0 Mpa,0.121 Mpa,0.123 Mpa,0.120 Mpa,0.121 Mpa,,0.123 Mpa,1.02 Mpa,0.122 Mpa,0.122 Mpa,0 Mpa,0.119 Mpa,0.118 Mpa,0.118 Mpa,0.119 Mpa,0 Mpa,0.129 Mpa,0.128 Mpa,0.128 Mpa,0.128 Mpa,0 Mpa,0.126 Mpa,0.127 Mpa,0.130 Mpa,1.02 Mpa,0 Mpa,0.128 Mpa,0.131 Mpa,0.130 Mpa,0.128 Mpa,0 Mpa,0.122 Mpa,0.121 Mpa,0.123 Mpa,0.129 Mpa,0 Mpa,,,,,,1743 RPM
2026-06-24 11:00:00,0.122 Mpa,1.02 Mpa,0.123 Mpa,0.123 Mpa,0 Mpa,0.112 Mpa,1.02 Mpa,0.113 Mpa,1.02 Mpa,0 Mpa,0.124 Mpa,0.119 Mpa,0.124 Mpa,0.120 Mpa,0 Mpa,0.119 Mpa,0.122 Mpa,0.119 Mpa,0.121 Mpa,,0.123 Mpa,1.02 Mpa,0.123 Mpa,0.122 Mpa,0 Mpa,0.118 Mpa,0.118 Mpa,0.117 Mpa,0.119 Mpa,0 Mpa,0.121 Mpa,0.121 Mpa,0.121 Mpa,0.121 Mpa,0.0344 Mpa,0.125 Mpa,0.126 Mpa,0.129 Mpa,1.02 Mpa,0 Mpa,0.124 Mpa,0.126 Mpa,0.126 Mpa,0.123 Mpa,0 Mpa,0.124 Mpa,0.123 Mpa,0.125 Mpa,0.130 Mpa,0 Mpa,,,,,,1632 RPM
2026-06-24 13:00:00,0.119 Mpa,1.02 Mpa,0.121 Mpa,0.120 Mpa,0 Mpa,0.113 Mpa,1.02 Mpa,0.113 Mpa,1.02 Mpa,0 Mpa,0.124 Mpa,0.121 Mpa,0.124 Mpa,0.121 Mpa,0 Mpa,0.118 Mpa,0.121 Mpa,0.117 Mpa,0.119 Mpa,,0.127 Mpa,1.02 Mpa,0.126 Mpa,0.126 Mpa,0 Mpa,0.121 Mpa,0.120 Mpa,0.120 Mpa,0.121 Mpa,0 Mpa,0.129 Mpa,0.128 Mpa,0.129 Mpa,0.128 Mpa,0 Mpa,0.127 Mpa,0.127 Mpa,0.130 Mpa,1.02 Mpa,0 Mpa,0.124 Mpa,0.127 Mpa,0.126 Mpa,0.123 Mpa,0 Mpa,0.127 Mpa,0.127 Mpa,0.129 Mpa,0.132 Mpa,0.00758 Mpa,,,,,,1727 RPM
2026-06-24 15:00:00,0.121 Mpa,1.02 Mpa,0.123 Mpa,0.122 Mpa,0 Mpa,0.109 Mpa,1.02 Mpa,0.110 Mpa,1.02 Mpa,0 Mpa,0.122 Mpa,0.118 Mpa,0.121 Mpa,0.118 Mpa,0 Mpa,0.119 Mpa,0.122 Mpa,0.118 Mpa,0.120 Mpa,,0.129 Mpa,1.02 Mpa,0.129 Mpa,0.128 Mpa,0 Mpa,0.117 Mpa,0.116 Mpa,0.116 Mpa,0.117 Mpa,0 Mpa,0.130 Mpa,0.129 Mpa,0.129 Mpa,0.128 Mpa,0 Mpa,0.123 Mpa,0.123 Mpa,0.125 Mpa,1.02 Mpa,0 Mpa,0.127 Mpa,0.133 Mpa,0.129 Mpa,0.130 Mpa,0.00177 Mpa,0.120 Mpa,0.119 Mpa,0.121 Mpa,0.122 Mpa,0 Mpa,,,,,,1709 RPM
2026-06-24 17:00:00,0.119 Mpa,1.02 Mpa,0.120 Mpa,0.120 Mpa,0 Mpa,0.112 Mpa,1.02 Mpa,0.113 Mpa,1.02 Mpa,0 Mpa,0.118 Mpa,0.114 Mpa,0.118 Mpa,0.114 Mpa,0 Mpa,0.116 Mpa,0.118 Mpa,0.115 Mpa,0.117 Mpa,,0.126 Mpa,1.02 Mpa,0.126 Mpa,0.125 Mpa,0 Mpa,0.113 Mpa,0.113 Mpa,0.112 Mpa,0.114 Mpa,0 Mpa,0.131 Mpa,0.128 Mpa,0.129 Mpa,0.128 Mpa,0 Mpa,0.124 Mpa,0.125 Mpa,0.128 Mpa,1.02 Mpa,0 Mpa,0.128 Mpa,0.131 Mpa,0.129 Mpa,0.128 Mpa,0.00218 Mpa,0.123 Mpa,0.121 Mpa,0.124 Mpa,0.124 Mpa,0.00632 Mpa,,,,,,1674 RPM
2026-06-24 19:00:00,0.123 Mpa,1.02 Mpa,0.125 Mpa,0.124 Mpa,0 Mpa,0.114 Mpa,1.02 Mpa,0.114 Mpa,1.02 Mpa,0 Mpa,0.126 Mpa,0.122 Mpa,0.126 Mpa,0.122 Mpa,0 Mpa,0.119 Mpa,0.122 Mpa,0.118 Mpa,0.121 Mpa,,0.118 Mpa,1.02 Mpa,0.118 Mpa,0.117 Mpa,0 Mpa,0.107 Mpa,0.107 Mpa,0.105 Mpa,0.107 Mpa,0.00932 Mpa,0.126 Mpa,0.124 Mpa,0.125 Mpa,0.124 Mpa,0 Mpa,0.123 Mpa,0.123 Mpa,0.125 Mpa,1.02 Mpa,0 Mpa,0.126 Mpa,0.129 Mpa,0.128 Mpa,0.126 Mpa,0 Mpa,0.125 Mpa,0.123 Mpa,0.127 Mpa,0.127 Mpa,0 Mpa,,,,,,1654 RPM
2026-06-24 21:00:00,0.123 Mpa,1.02 Mpa,0.125 Mpa,0.125 Mpa,0 Mpa,0.113 Mpa,1.01 Mpa,0.114 Mpa,1.01 Mpa,0 Mpa,0.125 Mpa,0.120 Mpa,0.125 Mpa,0.121 Mpa,0 Mpa,0.117 Mpa,0.120 Mpa,0.117 Mpa,0.119 Mpa,,0.121 Mpa,1.02 Mpa,0.121 Mpa,0.120 Mpa,0 Mpa,0.114 Mpa,0.114 Mpa,0.112 Mpa,0.115 Mpa,0 Mpa,0.130 Mpa,0.128 Mpa,0.129 Mpa,0.128 Mpa,0 Mpa,0.122 Mpa,0.122 Mpa,0.124 Mpa,1.01 Mpa,0.00896 Mpa,0.125 Mpa,0.128 Mpa,0.127 Mpa,0.126 Mpa,0 Mpa,0.127 Mpa,0.126 Mpa,0.129 Mpa,0.129 Mpa,0 Mpa,,,,,,1753 RPM
2026-06-24 23:00:00,0.122 Mpa,1.02 Mpa,0.123 Mpa,0.124 Mpa,0 Mpa,0.114 Mpa,1.02 Mpa,0.115 Mpa,1.02 Mpa,0 Mpa,0.124 Mpa,0.121 Mpa,0.124 Mpa,0.120 Mpa,0 Mpa,0.115 Mpa,0.118 Mpa,0.115 Mpa,0.116 Mpa,,0.119 Mpa,1.02 Mpa,0.119 Mpa,0.118 Mpa,0 Mpa,0.114 Mpa,0.114 Mpa,0.113 Mpa,0.116 Mpa,0 Mpa,0.131 Mpa,0.128 Mpa,0.129 Mpa,0.128 Mpa,0 Mpa,0.122 Mpa,0.121 Mpa,0.125 Mpa,1.02 Mpa,0 Mpa,0.125 Mpa,0.128 Mpa,0.127 Mpa,0.125 Mpa,0 Mpa,0.123 Mpa,0.121 Mpa,0.124 Mpa,0.127 Mpa,0.0244 Mpa,,,,,,1743 RPM
2026-06-25 01:00:00,0.117 Mpa,1.01 Mpa,0.118 Mpa,0.118 Mpa,0.00509 Mpa,0.112 Mpa,1.00 Mpa,0.112 Mpa,1.00 Mpa,0.0206 Mpa,0.120 Mpa,0.116 Mpa,0.120 Mpa,0.116 Mpa,0 Mpa,0.116 Mpa,0.120 Mpa,0.116 Mpa,0.118 Mpa,,0.118 Mpa,1.02 Mpa,0.117 Mpa,0.117 Mpa,0 Mpa,0.113 Mpa,0.114 Mpa,0.112 Mpa,0.115 Mpa,0 Mpa,0.126 Mpa,0.125 Mpa,0.125 Mpa,0.125 Mpa,0.0115 Mpa,0.114 Mpa,0.115 Mpa,0.117 Mpa,1.02 Mpa,0 Mpa,0.123 Mpa,0.125 Mpa,0.125 Mpa,0.123 Mpa,0 Mpa,0.126 Mpa,0.125 Mpa,0.128 Mpa,0.132 Mpa,0 Mpa,,,,,,1509 RPM
2026-06-25 03:00:00,0.122 Mpa,1.02 Mpa,0.123 Mpa,0.123 Mpa,0 Mpa,0.110 Mpa,1.02 Mpa,0.111 Mpa,1.02 Mpa,0 Mpa,0.120 Mpa,0.116 Mpa,0.120 Mpa,0.116 Mpa,0 Mpa,0.117 Mpa,0.119 Mpa,0.116 Mpa,0.118 Mpa,,0.122 Mpa,1.02 Mpa,0.121 Mpa,0.120 Mpa,0 Mpa,0.109 Mpa,0.110 Mpa,0.108 Mpa,0.110 Mpa,0 Mpa,0.129 Mpa,0.126 Mpa,0.127 Mpa,0.127 Mpa,0 Mpa,0.123 Mpa,0.123 Mpa,0.126 Mpa,1.02 Mpa,0 Mpa,,,,,,0.127 Mpa,0.126 Mpa,0.129 Mpa,0.135 Mpa,0 Mpa,,,,,,1732 RPM
2026-06-25 05:00:00,0.119 Mpa,1.02 Mpa,0.120 Mpa,0.120 Mpa,0 Mpa,0.111 Mpa,1.01 Mpa,0.112 Mpa,1.01 Mpa,0.00885 Mpa,0.109 Mpa,0.107 Mpa,0.109 Mpa,0.107 Mpa,0 Mpa,0.115 Mpa,0.117 Mpa,0.114 Mpa,0.116 Mpa,,0.121 Mpa,1.02 Mpa,0.120 Mpa,0.119 Mpa,0 Mpa,0.118 Mpa,0.118 Mpa,0.117 Mpa,0.119 Mpa,0 Mpa,0.126 Mpa,0.125 Mpa,0.126 Mpa,0.125 Mpa,0.00671 Mpa,0.121 Mpa,0.122 Mpa,0.124 Mpa,1.02 Mpa,0 Mpa,0.131 Mpa,0.134 Mpa,0.133 Mpa,0.131 Mpa,0 Mpa,0.117 Mpa,0.117 Mpa,0.117 Mpa,0.127 Mpa,0.00675 Mpa,,,,,,1543 RPM
2026-06-25 07:00:00,0.117 Mpa,1.02 Mpa,0.119 Mpa,0.119 Mpa,0 Mpa,0.113 Mpa,1.02 Mpa,0.115 Mpa,1.02 Mpa,0 Mpa,0.100 Mpa,0.100 Mpa,0.100 Mpa,0.100 Mpa,0.0121 Mpa,0.107 Mpa,0.110 Mpa,0.107 Mpa,0.110 Mpa,,0.124 Mpa,1.02 Mpa,0.124 Mpa,0.123 Mpa,0 Mpa,0.121 Mpa,0.120 Mpa,0.119 Mpa,0.121 Mpa,0 Mpa,0.130 Mpa,0.128 Mpa,0.129 Mpa,0.128 Mpa,0 Mpa,0.122 Mpa,0.123 Mpa,0.125 Mpa,1.02 Mpa,0 Mpa,0.129 Mpa,0.131 Mpa,0.131 Mpa,0.129 Mpa,0 Mpa,0.122 Mpa,0.121 Mpa,0.123 Mpa,0.126 Mpa,0 Mpa,,,,,,1725 RPM
2026-06-25 09:00:00,0.122 Mpa,1.02 Mpa,0.124 Mpa,0.124 Mpa,0 Mpa,0.115 Mpa,1.02 Mpa,0.116 Mpa,1.02 Mpa,0 Mpa,0.1000 Mpa,0.1000 Mpa,0.100 Mpa,0.1000 Mpa,0 Mpa,0.121 Mpa,0.125 Mpa,0.121 Mpa,0.123 Mpa,,0.116 Mpa,1.02 Mpa,0.115 Mpa,0.116 Mpa,0 Mpa,0.120 Mpa,0.120 Mpa,0.119 Mpa,0.121 Mpa,0 Mpa,0.126 Mpa,0.125 Mpa,0.125 Mpa,0.125 Mpa,0 Mpa,0.126 Mpa,0.127 Mpa,0.130 Mpa,1.02 Mpa,0 Mpa,0.128 Mpa,0.131 Mpa,0.130 Mpa,0.128 Mpa,0 Mpa,0.128 Mpa,0.128 Mpa,0.130 Mpa,0.131 Mpa,0 Mpa,,,,,,1791 RPM
2026-06-25 11:00:00,0.123 Mpa,1.02 Mpa,0.126 Mpa,0.125 Mpa,0 Mpa,0.113 Mpa,1.02 Mpa,0.114 Mpa,1.02 Mpa,0 Mpa,0.106 Mpa,0.105 Mpa,0.107 Mpa,0.104 Mpa,0.0214 Mpa,0.118 Mpa,0.120 Mpa,0.117 Mpa,0.119 Mpa,,0.127 Mpa,1.02 Mpa,0.127 Mpa,0.125 Mpa,0 Mpa,0.115 Mpa,0.115 Mpa,0.114 Mpa,0.116 Mpa,0 Mpa,0.130 Mpa,0.129 Mpa,0.128 Mpa,0.129 Mpa,0 Mpa,0.122 Mpa,0.122 Mpa,0.126 Mpa,1.02 Mpa,0 Mpa,0.124 Mpa,0.127 Mpa,0.126 Mpa,0.125 Mpa,0 Mpa,0.126 Mpa,0.125 Mpa,0.128 Mpa,0.127 Mpa,0.0167 Mpa,,,,,,1706 RPM
2026-06-25 13:00:00,0.122 Mpa,1.02 Mpa,0.124 Mpa,0.123 Mpa,0 Mpa,0.112 Mpa,1.02 Mpa,0.113 Mpa,1.02 Mpa,0 Mpa,0.116 Mpa,0.113 Mpa,0.116 Mpa,0.112 Mpa,0 Mpa,0.112 Mpa,0.115 Mpa,0.112 Mpa,0.114 Mpa,,0.125 Mpa,1.02 Mpa,0.124 Mpa,0.124 Mpa,0 Mpa,0.115 Mpa,0.115 Mpa,0.114 Mpa,0.116 Mpa,0.0162 Mpa,0.119 Mpa,0.118 Mpa,0.119 Mpa,0.118 Mpa,0.0455 Mpa,0.122 Mpa,0.123 Mpa,0.125 Mpa,1.01 Mpa,0.00898 Mpa,0.124 Mpa,0.126 Mpa,0.126 Mpa,0.123 Mpa,0 Mpa,0.123 Mpa,0.122 Mpa,0.124 Mpa,0.124 Mpa,0 Mpa,,,,,,1707 RPM
2026-06-25 15:00:00,0.125 Mpa,1.02 Mpa,0.127 Mpa,0.125 Mpa,0 Mpa,0.113 Mpa,1.02 Mpa,0.114 Mpa,1.02 Mpa,0 Mpa,0.124 Mpa,0.121 Mpa,0.124 Mpa,0.121 Mpa,0 Mpa,0.117 Mpa,0.121 Mpa,0.117 Mpa,0.119 Mpa,,0.130 Mpa,1.02 Mpa,0.129 Mpa,0.127 Mpa,0 Mpa,0.120 Mpa,0.118 Mpa,0.118 Mpa,0.119 Mpa,0 Mpa,0.121 Mpa,0.121 Mpa,0.121 Mpa,0.121 Mpa,0 Mpa,0.125 Mpa,0.126 Mpa,0.128 Mpa,1.02 Mpa,0 Mpa,0.115 Mpa,0.117 Mpa,0.116 Mpa,0.115 Mpa,0.0137 Mpa,0.125 Mpa,0.123 Mpa,0.126 Mpa,0.125 Mpa,0 Mpa,,,,,,1803 RPM
2026-06-25 17:00:00,0.118 Mpa,1.02 Mpa,0.119 Mpa,0.120 Mpa,0 Mpa,0.114 Mpa,1.02 Mpa,0.115 Mpa,1.02 Mpa,0 Mpa,0.119 Mpa,0.116 Mpa,0.119 Mpa,0.116 Mpa,0 Mpa,0.117 Mpa,0.120 Mpa,0.117 Mpa,0.118 Mpa,,0.120 Mpa,1.02 Mpa,0.119 Mpa,0.119 Mpa,0 Mpa,0.117 Mpa,0.116 Mpa,0.115 Mpa,0.117 Mpa,0 Mpa,0.115 Mpa,0.115 Mpa,0.115 Mpa,0.116 Mpa,0 Mpa,0.120 Mpa,0.122 Mpa,0.124 Mpa,1.00 Mpa,0 Mpa,0.126 Mpa,0.129 Mpa,0.127 Mpa,0.127 Mpa,0.00211 Mpa,0.124 Mpa,0.123 Mpa,0.126 Mpa,0.125 Mpa,0.00636 Mpa,,,,,,1635 RPM
2026-06-25 19:00:00,0.123 Mpa,1.02 Mpa,0.124 Mpa,0.125 Mpa,0 Mpa,0.113 Mpa,1.02 Mpa,0.114 Mpa,1.02 Mpa,0 Mpa,0.124 Mpa,0.119 Mpa,0.123 Mpa,0.119 Mpa,0 Mpa,0.117 Mpa,0.120 Mpa,0.117 Mpa,0.119 Mpa,,0.118 Mpa,1.02 Mpa,0.118 Mpa,0.118 Mpa,0 Mpa,0.118 Mpa,0.117 Mpa,0.116 Mpa,0.119 Mpa,0 Mpa,0.131 Mpa,0.131 Mpa,0.130 Mpa,0.131 Mpa,0 Mpa,0.126 Mpa,0.127 Mpa,0.129 Mpa,1.02 Mpa,0 Mpa,0.130 Mpa,0.135 Mpa,0.131 Mpa,0.132 Mpa,0 Mpa,0.123 Mpa,0.121 Mpa,0.125 Mpa,0.124 Mpa,0 Mpa,,,,,,1781 RPM
2026-06-25 21:00:00,0.127 Mpa,1.02 Mpa,0.128 Mpa,0.128 Mpa,0 Mpa,0.113 Mpa,1.02 Mpa,0.114 Mpa,1.02 Mpa,0 Mpa,0.122 Mpa,0.118 Mpa,0.122 Mpa,0.118 Mpa,0 Mpa,0.117 Mpa,0.119 Mpa,0.117 Mpa,0.118 Mpa,,0.116 Mpa,1.02 Mpa,0.116 Mpa,0.116 Mpa,0 Mpa,0.113 Mpa,0.114 Mpa,0.112 Mpa,0.115 Mpa,0 Mpa,0.134 Mpa,0.134 Mpa,0.133 Mpa,0.134 Mpa,0 Mpa,0.120 Mpa,0.121 Mpa,0.123 Mpa,1.01 Mpa,0.00858 Mpa,0.125 Mpa,0.130 Mpa,0.127 Mpa,0.128 Mpa,0 Mpa,0.126 Mpa,0.124 Mpa,0.128 Mpa,0.127 Mpa,0 Mpa,,,,,,1723 RPM
2026-06-25 23:00:00,0.122 Mpa,1.01 Mpa,0.124 Mpa,0.124 Mpa,0.0152 Mpa,0.114 Mpa,1.02 Mpa,0.115 Mpa,1.02 Mpa,0 Mpa,0.120 Mpa,0.117 Mpa,0.121 Mpa,0.117 Mpa,0.00630 Mpa,0.118 Mpa,0.121 Mpa,0.117 Mpa,0.119 Mpa,,0.120 Mpa,1.01 Mpa,0.119 Mpa,0.119 Mpa,0.0155 Mpa,0.112 Mpa,0.112 Mpa,0.110 Mpa,0.112 Mpa,0 Mpa,0.131 Mpa,0.129 Mpa,0.130 Mpa,0.129 Mpa,0 Mpa,0.122 Mpa,0.123 Mpa,0.125 Mpa,1.02 Mpa,0 Mpa,0.126 Mpa,0.129 Mpa,0.128 Mpa,0.127 Mpa,0 Mpa,0.122 Mpa,0.121 Mpa,0.124 Mpa,0.124 Mpa,0 Mpa,,,,,,1645 RPM
2026-06-26 01:00:00,0.123 Mpa,1.02 Mpa,0.125 Mpa,0.125 Mpa,0 Mpa,0.111 Mpa,1.01 Mpa,0.112 Mpa,1.01 Mpa,0.00464 Mpa,0.124 Mpa,0.120 Mpa,0.124 Mpa,0.121 Mpa,0 Mpa,0.111 Mpa,0.113 Mpa,0.111 Mpa,0.112 Mpa,,0.131 Mpa,1.02 Mpa,0.130 Mpa,0.129 Mpa,0 Mpa,0.109 Mpa,0.109 Mpa,0.108 Mpa,0.109 Mpa,0 Mpa,0.127 Mpa,0.126 Mpa,0.126 Mpa,0.126 Mpa,0 Mpa,0.119 Mpa,0.121 Mpa,0.123 Mpa,1.02 Mpa,0 Mpa,0.118 Mpa,0.120 Mpa,0.118 Mpa,0.118 Mpa,0 Mpa,0.116 Mpa,0.115 Mpa,0.117 Mpa,0.118 Mpa,0.00974 Mpa,,,,,,1514 RPM
2026-06-26 03:00:00,0.122 Mpa,1.02 Mpa,0.124 Mpa,0.125 Mpa,0 Mpa,0.110 Mpa,1.02 Mpa,0.112 Mpa,1.02 Mpa,0 Mpa,0.123 Mpa,0.119 Mpa,0.123 Mpa,0.119 Mpa,0 Mpa,0.120 Mpa,0.123 Mpa,0.119 Mpa,0.122 Mpa,,0.129 Mpa,1.02 Mpa,0.128 Mpa,0.128 Mpa,0 Mpa,0.121 Mpa,0.120 Mpa,0.118 Mpa,0.121 Mpa,0 Mpa,0.129 Mpa,0.128 Mpa,0.128 Mpa,0.127 Mpa,0 Mpa,0.125 Mpa,0.127 Mpa,0.129 Mpa,1.02 Mpa,0 Mpa,0.130 Mpa,0.133 Mpa,0.131 Mpa,0.130 Mpa,0 Mpa,0.125 Mpa,0.124 Mpa,0.127 Mpa,0.126 Mpa,0 Mpa,,,,,,1752 RPM
2026-06-26 05:00:00,0.123 Mpa,1.02 Mpa,0.125 Mpa,0.124 Mpa,0 Mpa,0.113 Mpa,1.02 Mpa,0.114 Mpa,1.02 Mpa,0 Mpa,0.119 Mpa,0.116 Mpa,0.120 Mpa,0.116 Mpa,0 Mpa,0.121 Mpa,0.122 Mpa,0.120 Mpa,0.121 Mpa,,0.125 Mpa,1.02 Mpa,0.124 Mpa,0.124 Mpa,0 Mpa,0.116 Mpa,0.116 Mpa,0.114 Mpa,0.118 Mpa,0 Mpa,0.131 Mpa,0.129 Mpa,0.130 Mpa,0.130 Mpa,0 Mpa,0.118 Mpa,0.119 Mpa,0.121 Mpa,1.02 Mpa,0 Mpa,0.130 Mpa,0.132 Mpa,0.132 Mpa,0.129 Mpa,0.00197 Mpa,0.119 Mpa,0.119 Mpa,0.121 Mpa,0.121 Mpa,0.00641 Mpa,,,,,,1671 RPM
2026-06-26 07:00:00,0.119 Mpa,1.02 Mpa,0.121 Mpa,0.121 Mpa,0 Mpa,0.114 Mpa,1.01 Mpa,0.114 Mpa,1.01 Mpa,0.0139 Mpa,0.116 Mpa,0.113 Mpa,0.116 Mpa,0.113 Mpa,0 Mpa,0.123 Mpa,0.126 Mpa,0.123 Mpa,0.125 Mpa,,0.126 Mpa,1.02 Mpa,0.125 Mpa,0.125 Mpa,0 Mpa,0.120 Mpa,0.120 Mpa,0.118 Mpa,0.121 Mpa,0 Mpa,0.130 Mpa,0.129 Mpa,0.129 Mpa,0.129 Mpa,0 Mpa,0.127 Mpa,0.128 Mpa,0.131 Mpa,1.02 Mpa,0 Mpa,0.129 Mpa,0.132 Mpa,0.131 Mpa,0.129 Mpa,0 Mpa,0.122 Mpa,0.120 Mpa,0.123 Mpa,0.123 Mpa,0 Mpa,,,,,,1720 RPM
2026-06-26 09:00:00,0.122 Mpa,1.02 Mpa,0.124 Mpa,0.124 Mpa,0 Mpa,,,,,,0.122 Mpa,0.119 Mpa,0.122 Mpa,0.119 Mpa,0 Mpa,0.117 Mpa,0.120 Mpa,0.116 Mpa,0.118 Mpa,,0.131 Mpa,1.02 Mpa,0.131 Mpa,0.130 Mpa,0 Mpa,0.117 Mpa,0.117 Mpa,0.116 Mpa,0.119 Mpa,0 Mpa,0.125 Mpa,0.124 Mpa,0.124 Mpa,0.124 Mpa,0 Mpa,0.128 Mpa,0.129 Mpa,0.132 Mpa,1.02 Mpa,0 Mpa,0.124 Mpa,0.127 Mpa,0.126 Mpa,0.125 Mpa,0 Mpa,0.124 Mpa,0.122 Mpa,0.126 Mpa,0.125 Mpa,0 Mpa,,,,,,1790 RPM
2026-06-26 11:00:00,0.121 Mpa,1.01 Mpa,0.122 Mpa,0.122 Mpa,0.00977 Mpa,,,,,,0.112 Mpa,0.109 Mpa,0.112 Mpa,0.109 Mpa,0 Mpa,0.116 Mpa,0.119 Mpa,0.115 Mpa,0.117 Mpa,,0.123 Mpa,1.02 Mpa,0.122 Mpa,0.122 Mpa,0 Mpa,0.117 Mpa,0.118 Mpa,0.115 Mpa,0.119 Mpa,0.0345 Mpa,0.123 Mpa,0.122 Mpa,0.122 Mpa,0.123 Mpa,0.00644 Mpa,0.118 Mpa,0.119 Mpa,0.120 Mpa,1.02 Mpa,0 Mpa,0.124 Mpa,0.126 Mpa,0.125 Mpa,0.124 Mpa,0 Mpa,0.123 Mpa,0.121 Mpa,0.124 Mpa,0.124 Mpa,0 Mpa,,,,,,1563 RPM
2026-06-26 13:00:00,0.126 Mpa,1.02 Mpa,0.128 Mpa,0.127 Mpa,0 Mpa,,,,,,0.118 Mpa,0.116 Mpa,0.118 Mpa,0.115 Mpa,0 Mpa,0.115 Mpa,0.118 Mpa,0.115 Mpa,0.117 Mpa,,0.111 Mpa,1.02 Mpa,0.109 Mpa,0.111 Mpa,0 Mpa,0.116 Mpa,0.116 Mpa,0.115 Mpa,0.117 Mpa,0 Mpa,0.125 Mpa,0.124 Mpa,0.125 Mpa,0.124 Mpa,0.0132 Mpa,0.116 Mpa,0.117 Mpa,0.119 Mpa,1.02 Mpa,0 Mpa,0.122 Mpa,0.124 Mpa,0.123 Mpa,0.122 Mpa,0.00194 Mpa,0.121 Mpa,0.120 Mpa,0.123 Mpa,0.122 Mpa,0 Mpa,,,,,,1629 RPM
2026-06-26 15:00:00,0.122 Mpa,1.02 Mpa,0.124 Mpa,0.123 Mpa,0 Mpa,,,,,,0.122 Mpa,0.120 Mpa,0.122 Mpa,0.119 Mpa,0 Mpa,0.114 Mpa,0.118 Mpa,0.114 Mpa,0.116 Mpa,,0.124 Mpa,1.02 Mpa,0.123 Mpa,0.123 Mpa,0 Mpa,0.121 Mpa,0.121 Mpa,0.120 Mpa,0.122 Mpa,0 Mpa,0.128 Mpa,0.128 Mpa,0.127 Mpa,0.127 Mpa,0 Mpa,0.129 Mpa,0.129 Mpa,0.132 Mpa,1.02 Mpa,0 Mpa,0.120 Mpa,0.122 Mpa,0.121 Mpa,0.120 Mpa,0.00384 Mpa,0.120 Mpa,0.119 Mpa,0.121 Mpa,0.121 Mpa,0 Mpa,,,,,,1731 RPM
2026-06-26 17:00:00,0.120 Mpa,1.02 Mpa,0.121 Mpa,0.121 Mpa,0 Mpa,0.112 Mpa,1.02 Mpa,0.113 Mpa,1.02 Mpa,0 Mpa,0.119 Mpa,0.116 Mpa,0.119 Mpa,0.116 Mpa,0 Mpa,0.113 Mpa,0.115 Mpa,0.113 Mpa,0.114 Mpa,,0.120 Mpa,1.02 Mpa,0.120 Mpa,0.120 Mpa,0 Mpa,0.117 Mpa,0.118 Mpa,0.115 Mpa,0.118 Mpa,0 Mpa,0.123 Mpa,0.122 Mpa,0.122 Mpa,0.123 Mpa,0 Mpa,0.122 Mpa,0.122 Mpa,0.125 Mpa,1.02 Mpa,0 Mpa,0.125 Mpa,0.128 Mpa,0.126 Mpa,0.125 Mpa,0.00908 Mpa,0.123 Mpa,0.122 Mpa,0.125 Mpa,0.125 Mpa,0.00598 Mpa,,,,,,1669 RPM
2026-06-26 19:00:00,0.123 Mpa,1.02 Mpa,0.124 Mpa,0.123 Mpa,0 Mpa,0.112 Mpa,1.02 Mpa,0.113 Mpa,1.02 Mpa,0 Mpa,0.123 Mpa,0.120 Mpa,0.123 Mpa,0.120 Mpa,0 Mpa,0.116 Mpa,0.119 Mpa,0.115 Mpa,0.117 Mpa,,0.123 Mpa,1.02 Mpa,0.122 Mpa,0.123 Mpa,0 Mpa,0.118 Mpa,0.118 Mpa,0.116 Mpa,0.119 Mpa,0 Mpa,0.120 Mpa,0.119 Mpa,0.120 Mpa,0.120 Mpa,0 Mpa,0.125 Mpa,0.125 Mpa,0.128 Mpa,1.02 Mpa,0 Mpa,0.122 Mpa,0.124 Mpa,0.122 Mpa,0.122 Mpa,0 Mpa,0.124 Mpa,0.122 Mpa,0.125 Mpa,0.125 Mpa,0 Mpa,,,,,,1683 RPM
2026-06-26 21:00:00,0.123 Mpa,1.02 Mpa,0.125 Mpa,0.124 Mpa,0 Mpa,0.109 Mpa,1.02 Mpa,0.111 Mpa,1.02 Mpa,0 Mpa,0.125 Mpa,0.121 Mpa,0.125 Mpa,0.121 Mpa,0 Mpa,0.117 Mpa,0.120 Mpa,0.117 Mpa,0.118 Mpa,,0.124 Mpa,1.02 Mpa,0.123 Mpa,0.123 Mpa,0 Mpa,0.118 Mpa,0.116 Mpa,0.116 Mpa,0.118 Mpa,0 Mpa,0.125 Mpa,0.124 Mpa,0.124 Mpa,0.125 Mpa,0 Mpa,0.124 Mpa,0.125 Mpa,0.127 Mpa,1.02 Mpa,0 Mpa,0.122 Mpa,0.124 Mpa,0.123 Mpa,0.122 Mpa,0 Mpa,0.121 Mpa,0.119 Mpa,0.123 Mpa,0.122 Mpa,0 Mpa,,,,,,1719 RPM
2026-06-26 23:00:00,0.122 Mpa,1.01 Mpa,0.124 Mpa,0.123 Mpa,0.0218 Mpa,0.113 Mpa,1.02 Mpa,0.114 Mpa,1.02 Mpa,0 Mpa,0.123 Mpa,0.119 Mpa,0.122 Mpa,0.119 Mpa,0 Mpa,0.116 Mpa,0.119 Mpa,0.116 Mpa,0.118 Mpa,,0.122 Mpa,1.00 Mpa,0.120 Mpa,0.121 Mpa,0.0307 Mpa,0.115 Mpa,0.115 Mpa,0.114 Mpa,0.116 Mpa,0.00977 Mpa,0.122 Mpa,0.120 Mpa,0.121 Mpa,0.121 Mpa,0 Mpa,0.124 Mpa,0.125 Mpa,0.127 Mpa,1.01 Mpa,0.00685 Mpa,0.122 Mpa,0.125 Mpa,0.124 Mpa,0.123 Mpa,0 Mpa,0.124 Mpa,0.123 Mpa,0.125 Mpa,0.126 Mpa,0 Mpa,,,,,,1654 RPM
2026-06-27 01:00:00,0.126 Mpa,1.02 Mpa,0.127 Mpa,0.127 Mpa,0 Mpa,0.112 Mpa,1.01 Mpa,0.113 Mpa,1.01 Mpa,0.00523 Mpa,,,,,,0.113 Mpa,0.115 Mpa,0.113 Mpa,0.114 Mpa,,0.123 Mpa,1.02 Mpa,0.122 Mpa,0.122 Mpa,0 Mpa,,,,,,0.123 Mpa,0.122 Mpa,0.123 Mpa,0.122 Mpa,0.0187 Mpa,0.118 Mpa,0.119 Mpa,0.121 Mpa,1.02 Mpa,0 Mpa,0.116 Mpa,0.117 Mpa,0.116 Mpa,0.116 Mpa,0 Mpa,0.126 Mpa,0.124 Mpa,0.127 Mpa,0.126 Mpa,0.0662 Mpa,,,,,,1468 RPM
2026-06-27 03:00:00,0.129 Mpa,1.02 Mpa,0.130 Mpa,0.130 Mpa,0 Mpa,0.112 Mpa,1.02 Mpa,0.113 Mpa,1.02 Mpa,0 Mpa,0.119 Mpa,0.117 Mpa,0.120 Mpa,0.117 Mpa,0 Mpa,0.117 Mpa,0.120 Mpa,0.117 Mpa,0.119 Mpa,,0.122 Mpa,1.02 Mpa,0.121 Mpa,0.121 Mpa,0 Mpa,0.118 Mpa,0.118 Mpa,0.117 Mpa,0.119 Mpa,0.00829 Mpa,0.129 Mpa,0.129 Mpa,0.129 Mpa,0.129 Mpa,0 Mpa,0.119 Mpa,0.119 Mpa,0.121 Mpa,1.02 Mpa,0 Mpa,0.124 Mpa,0.126 Mpa,0.125 Mpa,0.125 Mpa,0 Mpa,0.121 Mpa,0.121 Mpa,0.122 Mpa,0.122 Mpa,0 Mpa,,,,,,1655 RPM
2026-06-27 05:00:00,0.128 Mpa,1.02 Mpa,0.129 Mpa,0.129 Mpa,0 Mpa,0.114 Mpa,1.01 Mpa,0.115 Mpa,1.01 Mpa,0.0167 Mpa,0.123 Mpa,0.120 Mpa,0.123 Mpa,0.120 Mpa,0 Mpa,0.117 Mpa,0.119 Mpa,0.117 Mpa,0.118 Mpa,,0.120 Mpa,1.02 Mpa,0.119 Mpa,0.119 Mpa,0 Mpa,0.118 Mpa,0.118 Mpa,0.117 Mpa,0.119 Mpa,0 Mpa,0.127 Mpa,0.126 Mpa,0.126 Mpa,0.126 Mpa,0 Mpa,0.120 Mpa,0.121 Mpa,0.122 Mpa,1.02 Mpa,0 Mpa,0.127 Mpa,0.131 Mpa,0.129 Mpa,0.128 Mpa,0 Mpa,0.125 Mpa,0.124 Mpa,0.127 Mpa,0.126 Mpa,0.00680 Mpa,,,,,,1665 RPM
2026-06-27 07:00:00,0.129 Mpa,1.02 Mpa,0.131 Mpa,0.131 Mpa,0 Mpa,0.115 Mpa,1.02 Mpa,0.116 Mpa,1.02 Mpa,0 Mpa,0.124 Mpa,0.120 Mpa,0.124 Mpa,0.121 Mpa,0 Mpa,0.121 Mpa,0.125 Mpa,0.120 Mpa,0.123 Mpa,,0.132 Mpa,1.02 Mpa,0.131 Mpa,0.131 Mpa,0 Mpa,0.118 Mpa,0.118 Mpa,0.117 Mpa,0.119 Mpa,0 Mpa,0.127 Mpa,0.126 Mpa,0.127 Mpa,0.127 Mpa,0.00902 Mpa,0.124 Mpa,0.125 Mpa,0.127 Mpa,1.02 Mpa,0 Mpa,0.128 Mpa,0.131 Mpa,0.130 Mpa,0.128 Mpa,0 Mpa,0.124 Mpa,0.123 Mpa,0.126 Mpa,0.126 Mpa,0 Mpa,,,,,,1789 RPM
2026-06-27 09:00:00,0.124 Mpa,1.02 Mpa,0.125 Mpa,0.126 Mpa,0 Mpa,0.112 Mpa,1.02 Mpa,0.113 Mpa,1.02 Mpa,0 Mpa,0.118 Mpa,0.116 Mpa,0.118 Mpa,0.116 Mpa,0 Mpa,0.119 Mpa,0.122 Mpa,0.119 Mpa,0.120 Mpa,,0.126 Mpa,1.02 Mpa,0.126 Mpa,0.125 Mpa,0 Mpa,0.120 Mpa,0.119 Mpa,0.119 Mpa,0.120 Mpa,0 Mpa,0.131 Mpa,0.130 Mpa,0.130 Mpa,0.130 Mpa,0.0438 Mpa,0.122 Mpa,0.122 Mpa,0.124 Mpa,1.02 Mpa,0 Mpa,0.127 Mpa,0.130 Mpa,0.128 Mpa,0.127 Mpa,0 Mpa,0.122 Mpa,0.121 Mpa,0.124 Mpa,0.124 Mpa,0 Mpa,,,,,,1728 RPM
2026-06-27 11:00:00,0.129 Mpa,1.02 Mpa,0.131 Mpa,0.131 Mpa,0 Mpa,0.110 Mpa,1.02 Mpa,0.111 Mpa,1.02 Mpa,0 Mpa,0.120 Mpa,0.116 Mpa,0.121 Mpa,0.117 Mpa,0 Mpa,0.121 Mpa,0.125 Mpa,0.120 Mpa,0.123 Mpa,,0.128 Mpa,1.02 Mpa,0.127 Mpa,0.127 Mpa,0 Mpa,0.117 Mpa,0.116 Mpa,0.115 Mpa,0.117 Mpa,0.00801 Mpa,0.128 Mpa,0.127 Mpa,0.127 Mpa,0.126 Mpa,0.122 Mpa,0.119 Mpa,0.120 Mpa,0.123 Mpa,1.01 Mpa,0.00787 Mpa,0.126 Mpa,0.130 Mpa,0.128 Mpa,0.127 Mpa,0 Mpa,0.121 Mpa,0.120 Mpa,0.123 Mpa,0.123 Mpa,0 Mpa,,,,,,1725 RPM
2026-06-27 13:00:00,0.130 Mpa,1.02 Mpa,0.132 Mpa,0.132 Mpa,0 Mpa,0.114 Mpa,1.02 Mpa,0.115 Mpa,1.02 Mpa,0 Mpa,0.115 Mpa,0.112 Mpa,0.115 Mpa,0.112 Mpa,0 Mpa,0.117 Mpa,0.120 Mpa,0.116 Mpa,0.118 Mpa,,0.128 Mpa,1.01 Mpa,0.128 Mpa,0.127 Mpa,0.0117 Mpa,0.117 Mpa,0.117 Mpa,0.116 Mpa,0.117 Mpa,0 Mpa,0.126 Mpa,0.125 Mpa,0.125 Mpa,0.125 Mpa,1 Mpa,0.123 Mpa,0.124 Mpa,0.127 Mpa,1.02 Mpa,0 Mpa,0.128 Mpa,0.132 Mpa,0.130 Mpa,0.128 Mpa,0 Mpa,0.124 Mpa,0.123 Mpa,0.126 Mpa,0.125 Mpa,0 Mpa,,,,,,1717 RPM
2026-06-27 15:00:00,0.127 Mpa,1.02 Mpa,0.129 Mpa,0.128 Mpa,0 Mpa,0.113 Mpa,1.00 Mpa,0.114 Mpa,1.00 Mpa,0.0220 Mpa,0.124 Mpa,0.120 Mpa,0.124 Mpa,0.121 Mpa,0 Mpa,0.119 Mpa,0.122 Mpa,0.119 Mpa,0.121 Mpa,,0.117 Mpa,1.01 Mpa,0.116 Mpa,0.116 Mpa,0.0151 Mpa,0.120 Mpa,0.119 Mpa,0.119 Mpa,0.120 Mpa,0 Mpa,0.130 Mpa,0.128 Mpa,0.129 Mpa,0.128 Mpa,0.474 Mpa,0.120 Mpa,0.121 Mpa,0.123 Mpa,1.02 Mpa,0 Mpa,0.122 Mpa,0.125 Mpa,0.124 Mpa,0.122 Mpa,0 Mpa,0.126 Mpa,0.124 Mpa,0.128 Mpa,0.127 Mpa,0 Mpa,,,,,,1742 RPM
2026-06-27 17:00:00,0.123 Mpa,1.02 Mpa,0.125 Mpa,0.124 Mpa,0 Mpa,0.100 Mpa,0.948 Mpa,0.100 Mpa,0.948 Mpa,0.150 Mpa,0.116 Mpa,0.113 Mpa,0.115 Mpa,0.112 Mpa,0 Mpa,0.114 Mpa,0.117 Mpa,0.114 Mpa,0.117 Mpa,,,,,,,0.116 Mpa,0.116 Mpa,0.114 Mpa,0.116 Mpa,0 Mpa,0.127 Mpa,0.125 Mpa,0.125 Mpa,0.125 Mpa,0 Mpa,0.118 Mpa,0.119 Mpa,0.122 Mpa,1.02 Mpa,0 Mpa,0.122 Mpa,0.125 Mpa,0.123 Mpa,0.123 Mpa,0 Mpa,0.122 Mpa,0.121 Mpa,0.124 Mpa,0.123 Mpa,0.00620 Mpa,,,,,,1641 RPM
2026-06-27 19:00:00,0.123 Mpa,1.02 Mpa,0.125 Mpa,0.125 Mpa,0 Mpa,,,,,,0.122 Mpa,0.120 Mpa,0.123 Mpa,0.120 Mpa,0 Mpa,0.117 Mpa,0.121 Mpa,0.117 Mpa,0.119 Mpa,,,,,,,0.122 Mpa,0.121 Mpa,0.120 Mpa,0.122 Mpa,0 Mpa,0.127 Mpa,0.125 Mpa,0.126 Mpa,0.126 Mpa,0 Mpa,0.122 Mpa,0.123 Mpa,0.126 Mpa,1.02 Mpa,0 Mpa,0.127 Mpa,0.131 Mpa,0.128 Mpa,0.128 Mpa,0 Mpa,0.119 Mpa,0.118 Mpa,0.120 Mpa,0.120 Mpa,0 Mpa,,,,,,1806 RPM
2026-06-27 21:00:00,0.122 Mpa,1.02 Mpa,0.124 Mpa,0.124 Mpa,0 Mpa,0.114 Mpa,0.995 Mpa,0.114 Mpa,0.995 Mpa,0.0410 Mpa,0.123 Mpa,0.120 Mpa,0.123 Mpa,0.119 Mpa,0 Mpa,0.111 Mpa,0.114 Mpa,0.111 Mpa,0.113 Mpa,,,,,,,0.121 Mpa,0.120 Mpa,0.119 Mpa,0.121 Mpa,0 Mpa,0.128 Mpa,0.127 Mpa,0.127 Mpa,0.127 Mpa,0 Mpa,0.121 Mpa,0.122 Mpa,0.124 Mpa,0.997 Mpa,0.0162 Mpa,0.122 Mpa,0.125 Mpa,0.123 Mpa,0.123 Mpa,0 Mpa,0.119 Mpa,0.117 Mpa,0.120 Mpa,0.120 Mpa,0 Mpa,,,,,,1699 RPM
2026-06-27 23:00:00,0.120 Mpa,1.00 Mpa,0.122 Mpa,0.122 Mpa,0.0352 Mpa,0.112 Mpa,1.01 Mpa,0.112 Mpa,1.01 Mpa,0 Mpa,0.122 Mpa,0.120 Mpa,0.122 Mpa,0.120 Mpa,0 Mpa,0.114 Mpa,0.116 Mpa,0.113 Mpa,0.115 Mpa,,0.113 Mpa,0.844 Mpa,0.111 Mpa,0.111 Mpa,0.0565 Mpa,0.120 Mpa,0.120 Mpa,0.118 Mpa,0.121 Mpa,0 Mpa,0.127 Mpa,0.126 Mpa,0.126 Mpa,0.126 Mpa,0 Mpa,0.121 Mpa,0.121 Mpa,0.124 Mpa,1.02 Mpa,0 Mpa,0.119 Mpa,0.122 Mpa,0.120 Mpa,0.121 Mpa,0 Mpa,0.118 Mpa,0.118 Mpa,0.120 Mpa,0.121 Mpa,0.00943 Mpa,,,,,,1685 RPM
2026-06-28 01:00:00,0.132 Mpa,1.02 Mpa,0.134 Mpa,0.133 Mpa,0 Mpa,0.110 Mpa,1.02 Mpa,0.111 Mpa,1.02 Mpa,0 Mpa,0.118 Mpa,0.115 Mpa,0.118 Mpa,0.115 Mpa,0.0351 Mpa,0.115 Mpa,0.118 Mpa,0.116 Mpa,0.118 Mpa,,,,,,,0.117 Mpa,0.117 Mpa,0.116 Mpa,0.118 Mpa,0 Mpa,0.129 Mpa,0.127 Mpa,0.128 Mpa,0.127 Mpa,0 Mpa,0.122 Mpa,0.123 Mpa,0.125 Mpa,1.02 Mpa,0 Mpa,0.123 Mpa,0.127 Mpa,0.124 Mpa,0.124 Mpa,0 Mpa,0.122 Mpa,0.121 Mpa,0.125 Mpa,0.124 Mpa,0 Mpa,,,,,,1708 RPM
2026-06-28 03:00:00,0.128 Mpa,1.02 Mpa,0.129 Mpa,0.129 Mpa,0 Mpa,0.114 Mpa,1.02 Mpa,0.115 Mpa,1.02 Mpa,0 Mpa,0.115 Mpa,0.113 Mpa,0.115 Mpa,0.113 Mpa,0 Mpa,0.120 Mpa,0.122 Mpa,0.120 Mpa,0.122 Mpa,,,,,,,0.117 Mpa,0.118 Mpa,0.116 Mpa,0.119 Mpa,0 Mpa,0.130 Mpa,0.128 Mpa,0.130 Mpa,0.128 Mpa,0 Mpa,0.117 Mpa,0.118 Mpa,0.119 Mpa,1.02 Mpa,0 Mpa,0.125 Mpa,0.127 Mpa,0.126 Mpa,0.125 Mpa,0 Mpa,0.118 Mpa,0.117 Mpa,0.120 Mpa,0.120 Mpa,0 Mpa,,,,,,1731 RPM
2026-06-28 05:00:00,0.122 Mpa,1.02 Mpa,0.123 Mpa,0.123 Mpa,0 Mpa,0.113 Mpa,1.01 Mpa,0.114 Mpa,1.01 Mpa,0.00735 Mpa,0.118 Mpa,0.115 Mpa,0.118 Mpa,0.115 Mpa,0 Mpa,0.116 Mpa,0.118 Mpa,0.116 Mpa,0.117 Mpa,,,,,,,0.116 Mpa,0.116 Mpa,0.115 Mpa,0.117 Mpa,0 Mpa,0.124 Mpa,0.122 Mpa,0.122 Mpa,0.122 Mpa,0 Mpa,0.114 Mpa,0.115 Mpa,0.117 Mpa,1.02 Mpa,0 Mpa,0.126 Mpa,0.130 Mpa,0.128 Mpa,0.127 Mpa,0 Mpa,0.118 Mpa,0.118 Mpa,0.120 Mpa,0.121 Mpa,0.00477 Mpa,,,,,,1647 RPM
2026-06-28 07:00:00,0.128 Mpa,1.02 Mpa,0.130 Mpa,0.130 Mpa,0 Mpa,0.110 Mpa,1.01 Mpa,0.111 Mpa,1.01 Mpa,0.0107 Mpa,0.124 Mpa,0.120 Mpa,0.124 Mpa,0.121 Mpa,0 Mpa,0.118 Mpa,0.122 Mpa,0.117 Mpa,0.120 Mpa,,,,,,,0.115 Mpa,0.115 Mpa,0.113 Mpa,0.115 Mpa,0 Mpa,0.127 Mpa,0.125 Mpa,0.125 Mpa,0.125 Mpa,0 Mpa,0.125 Mpa,0.126 Mpa,0.129 Mpa,1.02 Mpa,0 Mpa,0.125 Mpa,0.128 Mpa,0.127 Mpa,0.125 Mpa,0 Mpa,0.118 Mpa,0.117 Mpa,0.120 Mpa,0.120 Mpa,0 Mpa,,,,,,1785 RPM
2026-06-28 09:00:00,0.127 Mpa,1.02 Mpa,0.129 Mpa,0.128 Mpa,0 Mpa,0.115 Mpa,1.02 Mpa,0.115 Mpa,1.02 Mpa,0 Mpa,0.121 Mpa,0.117 Mpa,0.121 Mpa,0.117 Mpa,0 Mpa,0.118 Mpa,0.121 Mpa,0.117 Mpa,0.119 Mpa,,,,,,,0.120 Mpa,0.120 Mpa,0.119 Mpa,0.121 Mpa,0 Mpa,0.127 Mpa,0.126 Mpa,0.126 Mpa,0.126 Mpa,0.00922 Mpa,0.120 Mpa,0.121 Mpa,0.124 Mpa,1.02 Mpa,0 Mpa,0.124 Mpa,0.127 Mpa,0.126 Mpa,0.124 Mpa,0 Mpa,0.121 Mpa,0.120 Mpa,0.122 Mpa,0.123 Mpa,0 Mpa,,,,,,1773 RPM
2026-06-28 11:00:00,0.126 Mpa,1.02 Mpa,0.128 Mpa,0.127 Mpa,0 Mpa,0.113 Mpa,1.02 Mpa,0.113 Mpa,1.02 Mpa,0 Mpa,0.122 Mpa,0.118 Mpa,0.121 Mpa,0.118 Mpa,0 Mpa,0.116 Mpa,0.120 Mpa,0.116 Mpa,0.118 Mpa,,,,,,,0.118 Mpa,0.118 Mpa,0.117 Mpa,0.119 Mpa,0.0121 Mpa,0.125 Mpa,0.123 Mpa,0.124 Mpa,0.123 Mpa,0.00764 Mpa,0.122 Mpa,0.123 Mpa,0.126 Mpa,1.02 Mpa,0 Mpa,0.128 Mpa,0.129 Mpa,0.130 Mpa,0.127 Mpa,0.00209 Mpa,0.123 Mpa,0.122 Mpa,0.125 Mpa,0.125 Mpa,0 Mpa,,,,,,1749 RPM
2026-06-28 13:00:00,0.124 Mpa,1.02 Mpa,0.126 Mpa,0.125 Mpa,0 Mpa,0.111 Mpa,1.02 Mpa,0.112 Mpa,1.02 Mpa,0 Mpa,0.120 Mpa,0.117 Mpa,0.121 Mpa,0.118 Mpa,0 Mpa,0.118 Mpa,0.120 Mpa,0.117 Mpa,0.118 Mpa,,,,,,,0.116 Mpa,0.116 Mpa,0.114 Mpa,0.117 Mpa,0 Mpa,0.133 Mpa,0.131 Mpa,0.132 Mpa,0.132 Mpa,0 Mpa,0.119 Mpa,0.120 Mpa,0.122 Mpa,1.02 Mpa,0 Mpa,0.125 Mpa,0.128 Mpa,0.127 Mpa,0.126 Mpa,0 Mpa,0.124 Mpa,0.123 Mpa,0.125 Mpa,0.125 Mpa,0.00764 Mpa,,,,,,1688 RPM
2026-06-28 15:00:00,0.121 Mpa,1.02 Mpa,0.124 Mpa,0.123 Mpa,0 Mpa,0.115 Mpa,1.02 Mpa,0.115 Mpa,1.02 Mpa,0 Mpa,0.120 Mpa,0.117 Mpa,0.121 Mpa,0.118 Mpa,0 Mpa,0.122 Mpa,0.125 Mpa,0.120 Mpa,0.123 Mpa,,,,,,,0.119 Mpa,0.119 Mpa,0.117 Mpa,0.120 Mpa,0 Mpa,0.130 Mpa,0.129 Mpa,0.128 Mpa,0.128 Mpa,0 Mpa,0.126 Mpa,0.126 Mpa,0.130 Mpa,1.02 Mpa,0 Mpa,0.127 Mpa,0.131 Mpa,0.129 Mpa,0.128 Mpa,0 Mpa,0.120 Mpa,0.119 Mpa,0.122 Mpa,0.122 Mpa,0 Mpa,,,,,,1804 RPM
2026-06-28 17:00:00,0.119 Mpa,1.02 Mpa,0.120 Mpa,0.120 Mpa,0 Mpa,0.115 Mpa,1.02 Mpa,0.115 Mpa,1.02 Mpa,0 Mpa,0.118 Mpa,0.115 Mpa,0.118 Mpa,0.115 Mpa,0 Mpa,0.117 Mpa,0.121 Mpa,0.117 Mpa,0.119 Mpa,,,,,,,0.118 Mpa,0.117 Mpa,0.116 Mpa,0.118 Mpa,0 Mpa,0.124 Mpa,0.123 Mpa,0.123 Mpa,0.123 Mpa,0 Mpa,0.124 Mpa,0.124 Mpa,0.127 Mpa,1.02 Mpa,0 Mpa,0.128 Mpa,0.133 Mpa,0.130 Mpa,0.129 Mpa,0.00187 Mpa,0.118 Mpa,0.118 Mpa,0.120 Mpa,0.120 Mpa,0.00618 Mpa,,,,,,1685 RPM
2026-06-28 19:00:00,0.117 Mpa,1.01 Mpa,0.118 Mpa,0.119 Mpa,0.0131 Mpa,0.115 Mpa,1.02 Mpa,0.115 Mpa,1.02 Mpa,0 Mpa,0.123 Mpa,0.119 Mpa,0.122 Mpa,0.118 Mpa,0 Mpa,0.118 Mpa,0.121 Mpa,0.118 Mpa,0.120 Mpa,,,,,,,0.118 Mpa,0.118 Mpa,0.116 Mpa,0.119 Mpa,0 Mpa,0.125 Mpa,0.123 Mpa,0.124 Mpa,0.123 Mpa,0 Mpa,0.122 Mpa,0.122 Mpa,0.125 Mpa,1.02 Mpa,0 Mpa,0.125 Mpa,0.129 Mpa,0.127 Mpa,0.126 Mpa,0 Mpa,0.121 Mpa,0.120 Mpa,0.123 Mpa,0.123 Mpa,0 Mpa,,,,,,1758 RPM
2026-06-28 21:00:00,0.122 Mpa,1.02 Mpa,0.123 Mpa,0.123 Mpa,0 Mpa,0.113 Mpa,1.02 Mpa,0.114 Mpa,1.02 Mpa,0 Mpa,0.121 Mpa,0.118 Mpa,0.121 Mpa,0.118 Mpa,0 Mpa,0.116 Mpa,0.120 Mpa,0.115 Mpa,0.118 Mpa,,,,,,,0.115 Mpa,0.115 Mpa,0.113 Mpa,0.116 Mpa,0 Mpa,0.128 Mpa,0.127 Mpa,0.127 Mpa,0.127 Mpa,0 Mpa,0.118 Mpa,0.119 Mpa,0.121 Mpa,1.01 Mpa,0.00826 Mpa,0.124 Mpa,0.127 Mpa,0.126 Mpa,0.125 Mpa,0 Mpa,0.118 Mpa,0.117 Mpa,0.120 Mpa,0.120 Mpa,0 Mpa,,,,,,1663 RPM
2026-06-28 23:00:00,0.124 Mpa,1.02 Mpa,0.126 Mpa,0.126 Mpa,0 Mpa,0.112 Mpa,1.01 Mpa,0.113 Mpa,1.01 Mpa,0.0150 Mpa,0.121 Mpa,0.118 Mpa,0.121 Mpa,0.118 Mpa,0 Mpa,0.113 Mpa,0.115 Mpa,0.112 Mpa,0.114 Mpa,,,,,,,0.117 Mpa,0.117 Mpa,0.116 Mpa,0.118 Mpa,0 Mpa,0.128 Mpa,0.127 Mpa,0.128 Mpa,0.127 Mpa,0 Mpa,0.121 Mpa,0.122 Mpa,0.124 Mpa,1.02 Mpa,0 Mpa,0.125 Mpa,0.129 Mpa,0.126 Mpa,0.127 Mpa,0 Mpa,0.119 Mpa,0.119 Mpa,0.121 Mpa,0.121 Mpa,0 Mpa,,,,,,1679 RPM
2026-06-29 01:00:00,0.119 Mpa,1.01 Mpa,0.120 Mpa,0.120 Mpa,0.0154 Mpa,0.113 Mpa,1.02 Mpa,0.114 Mpa,1.02 Mpa,0 Mpa,0.118 Mpa,0.115 Mpa,0.118 Mpa,0.115 Mpa,0.0510 Mpa,0.120 Mpa,0.125 Mpa,0.119 Mpa,0.122 Mpa,,0.114 Mpa,0.113 Mpa,0.112 Mpa,0.113 Mpa,0.00938 Mpa,0.118 Mpa,0.118 Mpa,0.116 Mpa,0.119 Mpa,0 Mpa,0.126 Mpa,0.125 Mpa,0.125 Mpa,0.125 Mpa,0.0688 Mpa,0.123 Mpa,0.124 Mpa,0.127 Mpa,1.02 Mpa,0 Mpa,0.119 Mpa,0.122 Mpa,0.120 Mpa,0.120 Mpa,0 Mpa,0.119 Mpa,0.118 Mpa,0.120 Mpa,0.121 Mpa,0.00717 Mpa,,,,,,1654 RPM
2026-06-29 03:00:00,0.121 Mpa,0.995 Mpa,0.122 Mpa,0.122 Mpa,0.0325 Mpa,0.112 Mpa,1.02 Mpa,0.113 Mpa,1.02 Mpa,0 Mpa,0.119 Mpa,0.115 Mpa,0.119 Mpa,0.115 Mpa,0 Mpa,0.101 Mpa,0.103 Mpa,0.101 Mpa,0.103 Mpa,,0.122 Mpa,0.120 Mpa,0.120 Mpa,0.120 Mpa,0 Mpa,0.120 Mpa,0.119 Mpa,0.119 Mpa,0.120 Mpa,0 Mpa,0.126 Mpa,0.125 Mpa,0.125 Mpa,0.125 Mpa,0 Mpa,0.121 Mpa,0.122 Mpa,0.125 Mpa,1.02 Mpa,0 Mpa,0.124 Mpa,0.128 Mpa,0.126 Mpa,0.126 Mpa,0 Mpa,0.119 Mpa,0.118 Mpa,0.121 Mpa,0.121 Mpa,0 Mpa,,,,,,1659 RPM
2026-06-29 05:00:00,0.121 Mpa,1.01 Mpa,0.121 Mpa,0.121 Mpa,0.00463 Mpa,0.113 Mpa,1.01 Mpa,0.114 Mpa,1.01 Mpa,0.00760 Mpa,0.117 Mpa,0.114 Mpa,0.117 Mpa,0.113 Mpa,0 Mpa,0.1000 Mpa,0.102 Mpa,0.1000 Mpa,0.101 Mpa,,0.132 Mpa,0.130 Mpa,0.131 Mpa,0.131 Mpa,0 Mpa,0.119 Mpa,0.119 Mpa,0.118 Mpa,0.120 Mpa,0 Mpa,0.123 Mpa,0.123 Mpa,0.123 Mpa,0.122 Mpa,0.0479 Mpa,0.120 Mpa,0.121 Mpa,0.123 Mpa,1.02 Mpa,0 Mpa,0.120 Mpa,0.123 Mpa,0.121 Mpa,0.121 Mpa,0 Mpa,0.122 Mpa,0.121 Mpa,0.124 Mpa,0.124 Mpa,0.00632 Mpa,,,,,,1472 RPM
2026-06-29 07:00:00,0.136 Mpa,1.02 Mpa,0.138 Mpa,0.138 Mpa,0 Mpa,0.113 Mpa,1.02 Mpa,0.114 Mpa,1.02 Mpa,0 Mpa,0.121 Mpa,0.117 Mpa,0.121 Mpa,0.117 Mpa,0 Mpa,0.0975 Mpa,0.1000 Mpa,0.0984 Mpa,0.1000 Mpa,,0.134 Mpa,0.132 Mpa,0.133 Mpa,0.133 Mpa,0 Mpa,0.119 Mpa,0.119 Mpa,0.117 Mpa,0.120 Mpa,0 Mpa,0.128 Mpa,0.126 Mpa,0.126 Mpa,0.126 Mpa,0 Mpa,0.125 Mpa,0.125 Mpa,0.129 Mpa,1.02 Mpa,0 Mpa,0.127 Mpa,0.132 Mpa,0.129 Mpa,0.129 Mpa,0 Mpa,0.118 Mpa,0.118 Mpa,0.120 Mpa,0.120 Mpa,0 Mpa,,,,,,1601 RPM
2026-06-29 09:00:00,0.132 Mpa,1.02 Mpa,0.133 Mpa,0.133 Mpa,0 Mpa,0.111 Mpa,1.00 Mpa,0.112 Mpa,1.00 Mpa,0.0259 Mpa,0.121 Mpa,0.116 Mpa,0.120 Mpa,0.116 Mpa,0 Mpa,0.116 Mpa,0.118 Mpa,0.116 Mpa,0.117 Mpa,,0.133 Mpa,0.130 Mpa,0.133 Mpa,0.131 Mpa,0 Mpa,0.118 Mpa,0.118 Mpa,0.117 Mpa,0.119 Mpa,0 Mpa,0.122 Mpa,0.121 Mpa,0.121 Mpa,0.121 Mpa,0 Mpa,0.125 Mpa,0.126 Mpa,0.130 Mpa,1.02 Mpa,0 Mpa,0.128 Mpa,0.133 Mpa,0.130 Mpa,0.128 Mpa,0 Mpa,0.123 Mpa,0.122 Mpa,0.125 Mpa,0.125 Mpa,0 Mpa,,,,,,1701 RPM
2026-06-29 11:00:00,0.128 Mpa,1.02 Mpa,0.128 Mpa,0.129 Mpa,0 Mpa,0.126 Mpa,1.02 Mpa,0.127 Mpa,1.02 Mpa,0 Mpa,0.125 Mpa,0.120 Mpa,0.124 Mpa,0.120 Mpa,0 Mpa,,,,,,0.131 Mpa,0.129 Mpa,0.131 Mpa,0.130 Mpa,0 Mpa,0.117 Mpa,0.117 Mpa,0.116 Mpa,0.118 Mpa,0 Mpa,0.121 Mpa,0.120 Mpa,0.120 Mpa,0.120 Mpa,0.348 Mpa,0.122 Mpa,0.123 Mpa,0.126 Mpa,1.02 Mpa,0 Mpa,0.127 Mpa,0.132 Mpa,0.130 Mpa,0.129 Mpa,0.00244 Mpa,0.124 Mpa,0.123 Mpa,0.126 Mpa,0.126 Mpa,0 Mpa,,,,,,1788 RPM
2026-06-29 13:00:00,0.128 Mpa,1.01 Mpa,0.129 Mpa,0.129 Mpa,0.0119 Mpa,0.125 Mpa,1.02 Mpa,0.126 Mpa,1.02 Mpa,0 Mpa,0.122 Mpa,0.118 Mpa,0.122 Mpa,0.119 Mpa,0 Mpa,,,,,,0.126 Mpa,0.124 Mpa,0.126 Mpa,0.125 Mpa,0 Mpa,0.109 Mpa,0.109 Mpa,0.108 Mpa,0.110 Mpa,0.0593 Mpa,0.112 Mpa,0.112 Mpa,0.112 Mpa,0.112 Mpa,0.00951 Mpa,0.124 Mpa,0.124 Mpa,0.127 Mpa,1.02 Mpa,0 Mpa,0.129 Mpa,0.133 Mpa,0.131 Mpa,0.130 Mpa,0 Mpa,0.122 Mpa,0.121 Mpa,0.124 Mpa,0.124 Mpa,0 Mpa,,,,,,1602 RPM
2026-06-29 15:00:00,0.130 Mpa,1.02 Mpa,0.131 Mpa,0.131 Mpa,0 Mpa,0.125 Mpa,1.02 Mpa,0.126 Mpa,1.02 Mpa,0 Mpa,0.122 Mpa,0.119 Mpa,0.122 Mpa,0.119 Mpa,0 Mpa,0.100 Mpa,0.100 Mpa,0.100 Mpa,0.100 Mpa,,0.120 Mpa,0.118 Mpa,0.120 Mpa,0.119 Mpa,0 Mpa,0.113 Mpa,0.114 Mpa,0.111 Mpa,0.114 Mpa,0 Mpa,0.117 Mpa,0.116 Mpa,0.117 Mpa,0.116 Mpa,0 Mpa,0.122 Mpa,0.123 Mpa,0.126 Mpa,1.02 Mpa,0 Mpa,0.127 Mpa,0.131 Mpa,0.129 Mpa,0.128 Mpa,0 Mpa,0.116 Mpa,0.116 Mpa,0.118 Mpa,0.119 Mpa,0 Mpa,,,,,,1637 RPM
2026-06-29 17:00:00,0.124 Mpa,1.02 Mpa,0.125 Mpa,0.125 Mpa,0 Mpa,0.126 Mpa,1.01 Mpa,0.127 Mpa,1.01 Mpa,0.00832 Mpa,0.116 Mpa,0.112 Mpa,0.115 Mpa,0.112 Mpa,0 Mpa,,,,,,0.118 Mpa,0.116 Mpa,0.117 Mpa,0.117 Mpa,0 Mpa,0.117 Mpa,0.116 Mpa,0.116 Mpa,0.117 Mpa,0 Mpa,0.130 Mpa,0.128 Mpa,0.129 Mpa,0.128 Mpa,0 Mpa,0.121 Mpa,0.122 Mpa,0.124 Mpa,1.02 Mpa,0 Mpa,0.127 Mpa,0.131 Mpa,0.129 Mpa,0.128 Mpa,0 Mpa,0.118 Mpa,0.117 Mpa,0.120 Mpa,0.120 Mpa,0.00677 Mpa,,,,,,1660 RPM
2026-06-29 19:00:00,0.124 Mpa,1.02 Mpa,0.126 Mpa,0.125 Mpa,0 Mpa,0.122 Mpa,1.00 Mpa,0.122 Mpa,1.00 Mpa,0.0283 Mpa,0.117 Mpa,0.114 Mpa,0.118 Mpa,0.114 Mpa,0 Mpa,,,,,,0.111 Mpa,0.110 Mpa,0.110 Mpa,0.110 Mpa,0 Mpa,0.116 Mpa,0.116 Mpa,0.115 Mpa,0.118 Mpa,0 Mpa,0.129 Mpa,0.127 Mpa,0.128 Mpa,0.128 Mpa,0 Mpa,0.124 Mpa,0.125 Mpa,0.128 Mpa,1.02 Mpa,0 Mpa,0.130 Mpa,0.135 Mpa,0.132 Mpa,0.131 Mpa,0.00887 Mpa,0.118 Mpa,0.117 Mpa,0.119 Mpa,0.119 Mpa,0 Mpa,,,,,,1699 RPM
2026-06-29 21:00:00,0.123 Mpa,1.02 Mpa,0.125 Mpa,0.125 Mpa,0 Mpa,0.108 Mpa,1.02 Mpa,0.111 Mpa,1.02 Mpa,0 Mpa,0.123 Mpa,0.120 Mpa,0.123 Mpa,0.120 Mpa,0 Mpa,0.101 Mpa,0.102 Mpa,0.101 Mpa,0.102 Mpa,,0.102 Mpa,0.100 Mpa,0.100 Mpa,0.100 Mpa,0.0116 Mpa,0.113 Mpa,0.114 Mpa,0.111 Mpa,0.115 Mpa,0 Mpa,0.129 Mpa,0.128 Mpa,0.128 Mpa,0.128 Mpa,0 Mpa,0.127 Mpa,0.128 Mpa,0.131 Mpa,1.02 Mpa,0 Mpa,0.125 Mpa,0.129 Mpa,0.128 Mpa,0.126 Mpa,0 Mpa,0.122 Mpa,0.121 Mpa,0.125 Mpa,0.124 Mpa,0 Mpa,,,,,,1669 RPM
2026-06-29 23:00:00,0.125 Mpa,1.01 Mpa,0.126 Mpa,0.126 Mpa,0.00508 Mpa,0.113 Mpa,1.02 Mpa,0.114 Mpa,1.02 Mpa,0 Mpa,0.123 Mpa,0.120 Mpa,0.123 Mpa,0.120 Mpa,0 Mpa,,,,,,0.122 Mpa,0.121 Mpa,0.121 Mpa,0.121 Mpa,0 Mpa,0.110 Mpa,0.112 Mpa,0.108 Mpa,0.112 Mpa,0.0291 Mpa,0.128 Mpa,0.127 Mpa,0.127 Mpa,0.127 Mpa,0 Mpa,0.119 Mpa,0.120 Mpa,0.123 Mpa,1.000 Mpa,0.0402 Mpa,0.122 Mpa,0.126 Mpa,0.124 Mpa,0.123 Mpa,0 Mpa,0.119 Mpa,0.117 Mpa,0.121 Mpa,0.120 Mpa,0.0221 Mpa,,,,,,1681 RPM
2026-06-30 01:00:00,0.115 Mpa,1.02 Mpa,0.118 Mpa,0.117 Mpa,0 Mpa,0.112 Mpa,1.02 Mpa,0.113 Mpa,1.02 Mpa,0 Mpa,0.121 Mpa,0.118 Mpa,0.121 Mpa,0.118 Mpa,0.0177 Mpa,0.105 Mpa,0.106 Mpa,0.105 Mpa,0.107 Mpa,,0.130 Mpa,0.129 Mpa,0.130 Mpa,0.130 Mpa,0 Mpa,0.118 Mpa,0.120 Mpa,0.117 Mpa,0.120 Mpa,0.0730 Mpa,0.112 Mpa,0.112 Mpa,0.112 Mpa,0.112 Mpa,0.0759 Mpa,0.122 Mpa,0.123 Mpa,0.126 Mpa,1.02 Mpa,0 Mpa,0.119 Mpa,0.122 Mpa,0.120 Mpa,0.119 Mpa,0 Mpa,0.122 Mpa,0.121 Mpa,0.123 Mpa,0.123 Mpa,0 Mpa,,,,,,1632 RPM
2026-06-30 03:00:00,0.125 Mpa,1.02 Mpa,0.127 Mpa,0.127 Mpa,0 Mpa,0.110 Mpa,1.02 Mpa,0.111 Mpa,1.02 Mpa,0 Mpa,0.122 Mpa,0.119 Mpa,0.122 Mpa,0.119 Mpa,0 Mpa,0.120 Mpa,0.122 Mpa,0.122 Mpa,0.123 Mpa,,0.124 Mpa,0.122 Mpa,0.123 Mpa,0.123 Mpa,0 Mpa,0.116 Mpa,0.117 Mpa,0.114 Mpa,0.117 Mpa,0 Mpa,,,,,,0.122 Mpa,0.123 Mpa,0.124 Mpa,1.02 Mpa,0 Mpa,0.122 Mpa,0.126 Mpa,0.124 Mpa,0.123 Mpa,0 Mpa,0.123 Mpa,0.123 Mpa,0.126 Mpa,0.125 Mpa,0 Mpa,,,,,,1747 RPM
2026-06-30 05:00:00,0.122 Mpa,1.01 Mpa,0.123 Mpa,0.124 Mpa,0 Mpa,0.110 Mpa,1.01 Mpa,0.111 Mpa,1.01 Mpa,0.00931 Mpa,0.117 Mpa,0.114 Mpa,0.118 Mpa,0.114 Mpa,0 Mpa,0.122 Mpa,0.124 Mpa,0.123 Mpa,0.124 Mpa,,0.119 Mpa,0.118 Mpa,0.118 Mpa,0.119 Mpa,0 Mpa,0.114 Mpa,0.114 Mpa,0.112 Mpa,0.114 Mpa,0 Mpa,,,,,,0.112 Mpa,0.113 Mpa,0.114 Mpa,1.01 Mpa,0 Mpa,0.120 Mpa,0.123 Mpa,0.122 Mpa,0.121 Mpa,0.00243 Mpa,0.108 Mpa,0.108 Mpa,0.109 Mpa,0.110 Mpa,0.00748 Mpa,,,,,,1499 RPM
2026-06-30 07:00:00,0.126 Mpa,1.02 Mpa,0.128 Mpa,0.128 Mpa,0 Mpa,0.114 Mpa,1.02 Mpa,0.115 Mpa,1.02 Mpa,0 Mpa,0.122 Mpa,0.117 Mpa,0.121 Mpa,0.117 Mpa,0 Mpa,0.120 Mpa,0.124 Mpa,0.119 Mpa,0.122 Mpa,,0.126 Mpa,0.124 Mpa,0.126 Mpa,0.125 Mpa,0 Mpa,0.116 Mpa,0.116 Mpa,0.114 Mpa,0.117 Mpa,0 Mpa,0.110 Mpa,0.111 Mpa,0.111 Mpa,0.110 Mpa,1 Mpa,0.123 Mpa,0.124 Mpa,0.126 Mpa,1.02 Mpa,0 Mpa,0.131 Mpa,0.136 Mpa,0.133 Mpa,0.133 Mpa,0 Mpa,0.124 Mpa,0.124 Mpa,0.126 Mpa,0.126 Mpa,0 Mpa,,,,,,1754 RPM
2026-06-30 09:00:00,0.129 Mpa,1.02 Mpa,0.131 Mpa,0.131 Mpa,0 Mpa,0.103 Mpa,0.865 Mpa,0.103 Mpa,0.865 Mpa,0.168 Mpa,0.123 Mpa,0.120 Mpa,0.123 Mpa,0.120 Mpa,0 Mpa,0.115 Mpa,0.119 Mpa,0.115 Mpa,0.117 Mpa,,0.124 Mpa,0.123 Mpa,0.124 Mpa,0.123 Mpa,0 Mpa,0.106 Mpa,0.106 Mpa,0.104 Mpa,0.107 Mpa,0.00767 Mpa,0.125 Mpa,0.125 Mpa,0.124 Mpa,0.125 Mpa,0.415 Mpa,0.125 Mpa,0.126 Mpa,0.129 Mpa,1.02 Mpa,0 Mpa,0.128 Mpa,0.132 Mpa,0.130 Mpa,0.129 Mpa,0 Mpa,0.125 Mpa,0.125 Mpa,0.127 Mpa,0.128 Mpa,0 Mpa,,,,,,1582 RPM
2026-06-30 11:00:00,0.126 Mpa,1.02 Mpa,0.129 Mpa,0.127 Mpa,0 Mpa,0.112 Mpa,1.02 Mpa,0.113 Mpa,1.02 Mpa,0 Mpa,0.125 Mpa,0.120 Mpa,0.125 Mpa,0.121 Mpa,0 Mpa,0.121 Mpa,0.125 Mpa,0.120 Mpa,0.122 Mpa,,0.125 Mpa,0.124 Mpa,0.125 Mpa,0.125 Mpa,0 Mpa,0.115 Mpa,0.115 Mpa,0.114 Mpa,0.116 Mpa,0 Mpa,,,,,,0.129 Mpa,0.129 Mpa,0.133 Mpa,1.02 Mpa,0 Mpa,0.128 Mpa,0.132 Mpa,0.131 Mpa,0.130 Mpa,0 Mpa,0.126 Mpa,0.126 Mpa,0.128 Mpa,0.128 Mpa,0 Mpa,,,,,,1795 RPM
2026-06-30 13:00:00,0.126 Mpa,1.02 Mpa,0.128 Mpa,0.127 Mpa,0 Mpa,0.111 Mpa,1.01 Mpa,0.112 Mpa,1.01 Mpa,0.0120 Mpa,0.118 Mpa,0.114 Mpa,0.118 Mpa,0.115 Mpa,0 Mpa,0.120 Mpa,0.124 Mpa,0.119 Mpa,0.122 Mpa,,0.126 Mpa,0.125 Mpa,0.126 Mpa,0.126 Mpa,0 Mpa,0.117 Mpa,0.117 Mpa,0.116 Mpa,0.119 Mpa,0 Mpa,,,,,,0.125 Mpa,0.125 Mpa,0.128 Mpa,1.02 Mpa,0 Mpa,0.131 Mpa,0.136 Mpa,0.133 Mpa,0.132 Mpa,0 Mpa,0.120 Mpa,0.120 Mpa,0.122 Mpa,0.122 Mpa,0 Mpa,,,,,,1697 RPM
2026-06-30 15:00:00,0.116 Mpa,1.01 Mpa,0.118 Mpa,0.117 Mpa,0.00726 Mpa,0.113 Mpa,1.02 Mpa,0.114 Mpa,1.02 Mpa,0 Mpa,0.119 Mpa,0.116 Mpa,0.120 Mpa,0.117 Mpa,0 Mpa,0.121 Mpa,0.125 Mpa,0.119 Mpa,0.123 Mpa,,0.124 Mpa,0.123 Mpa,0.124 Mpa,0.124 Mpa,0 Mpa,0.118 Mpa,0.118 Mpa,0.117 Mpa,0.119 Mpa,0 Mpa,,,,,,0.123 Mpa,0.124 Mpa,0.126 Mpa,1.02 Mpa,0 Mpa,0.126 Mpa,0.130 Mpa,0.129 Mpa,0.128 Mpa,0 Mpa,0.124 Mpa,0.122 Mpa,0.125 Mpa,0.124 Mpa,0 Mpa,,,,,,1708 RPM
2026-06-30 17:00:00,0.118 Mpa,1.02 Mpa,0.120 Mpa,0.119 Mpa,0 Mpa,0.112 Mpa,1.01 Mpa,0.113 Mpa,1.01 Mpa,0.00892 Mpa,0.114 Mpa,0.110 Mpa,0.114 Mpa,0.110 Mpa,0 Mpa,0.115 Mpa,0.119 Mpa,0.114 Mpa,0.117 Mpa,,0.122 Mpa,0.120 Mpa,0.121 Mpa,0.121 Mpa,0 Mpa,0.114 Mpa,0.115 Mpa,0.113 Mpa,0.115 Mpa,0 Mpa,,,,,,0.123 Mpa,0.124 Mpa,0.126 Mpa,1.02 Mpa,0 Mpa,0.131 Mpa,0.134 Mpa,0.133 Mpa,0.133 Mpa,0.00225 Mpa,0.122 Mpa,0.121 Mpa,0.124 Mpa,0.124 Mpa,0 Mpa,,,,,,1711 RPM
2026-06-30 19:00:00,0.120 Mpa,1.02 Mpa,0.122 Mpa,0.121 Mpa,0 Mpa,0.114 Mpa,1.02 Mpa,0.115 Mpa,1.02 Mpa,0 Mpa,0.118 Mpa,0.115 Mpa,0.118 Mpa,0.114 Mpa,0 Mpa,0.121 Mpa,0.124 Mpa,0.120 Mpa,0.122 Mpa,,0.122 Mpa,0.120 Mpa,0.122 Mpa,0.121 Mpa,0 Mpa,0.105 Mpa,0.105 Mpa,0.103 Mpa,0.106 Mpa,0 Mpa,,,,,,0.123 Mpa,0.125 Mpa,0.127 Mpa,1.02 Mpa,0 Mpa,0.122 Mpa,0.127 Mpa,0.124 Mpa,0.125 Mpa,0 Mpa,0.119 Mpa,0.118 Mpa,0.121 Mpa,0.121 Mpa,0 Mpa,,,,,,1734 RPM
2026-06-30 21:00:00,0.112 Mpa,1.01 Mpa,0.113 Mpa,0.113 Mpa,0.00561 Mpa,0.114 Mpa,1.02 Mpa,0.115 Mpa,1.02 Mpa,0 Mpa,0.121 Mpa,0.117 Mpa,0.121 Mpa,0.118 Mpa,0 Mpa,0.118 Mpa,0.121 Mpa,0.118 Mpa,0.120 Mpa,,0.124 Mpa,0.123 Mpa,0.124 Mpa,0.124 Mpa,0 Mpa,0.113 Mpa,0.114 Mpa,0.111 Mpa,0.115 Mpa,0 Mpa,,,,,,0.122 Mpa,0.123 Mpa,0.126 Mpa,1.01 Mpa,0.0165 Mpa,,,,,,0.122 Mpa,0.121 Mpa,0.124 Mpa,0.124 Mpa,0 Mpa,,,,,,1686 RPM
2026-06-30 23:00:00,0.129 Mpa,1.02 Mpa,0.130 Mpa,0.130 Mpa,0 Mpa,0.112 Mpa,1.02 Mpa,0.113 Mpa,1.02 Mpa,0 Mpa,0.119 Mpa,0.116 Mpa,0.120 Mpa,0.117 Mpa,0 Mpa,0.119 Mpa,0.122 Mpa,0.118 Mpa,0.121 Mpa,,0.117 Mpa,0.115 Mpa,0.116 Mpa,0.116 Mpa,0.0207 Mpa,0.115 Mpa,0.116 Mpa,0.113 Mpa,0.117 Mpa,0 Mpa,,,,,,0.121 Mpa,0.123 Mpa,0.125 Mpa,1.02 Mpa,0 Mpa,0.124 Mpa,0.128 Mpa,0.125 Mpa,0.125 Mpa,0 Mpa,0.119 Mpa,0.118 Mpa,0.120 Mpa,0.120 Mpa,0 Mpa,,,,,,1723 RPM
2026-07-01 01:00:00,0.123 Mpa,1.02 Mpa,0.125 Mpa,0.124 Mpa,0 Mpa,0.107 Mpa,0.997 Mpa,0.108 Mpa,0.997 Mpa,0.0421 Mpa,0.116 Mpa,0.113 Mpa,0.116 Mpa,0.113 Mpa,0 Mpa,0.105 Mpa,0.109 Mpa,0.105 Mpa,0.108 Mpa,,0.126 Mpa,0.126 Mpa,0.126 Mpa,0.127 Mpa,0 Mpa,0.107 Mpa,0.109 Mpa,0.106 Mpa,0.110 Mpa,0 Mpa,0.107 Mpa,0.107 Mpa,0.105 Mpa,0.107 Mpa,0.104 Mpa,0.115 Mpa,0.116 Mpa,0.117 Mpa,1.02 Mpa,0 Mpa,0.128 Mpa,0.130 Mpa,0.129 Mpa,0.126 Mpa,0 Mpa,0.120 Mpa,0.119 Mpa,0.122 Mpa,0.122 Mpa,0.00990 Mpa,,,,,,1434 RPM
2026-07-01 03:00:00,0.112 Mpa,1.02 Mpa,0.113 Mpa,0.113 Mpa,0 Mpa,0.114 Mpa,1.02 Mpa,0.115 Mpa,1.02 Mpa,0 Mpa,0.123 Mpa,0.119 Mpa,0.122 Mpa,0.118 Mpa,0 Mpa,0.121 Mpa,0.125 Mpa,0.120 Mpa,0.124 Mpa,,0.131 Mpa,0.130 Mpa,0.131 Mpa,0.131 Mpa,0 Mpa,0.117 Mpa,0.118 Mpa,0.116 Mpa,0.119 Mpa,0 Mpa,0.108 Mpa,0.108 Mpa,0.108 Mpa,0.109 Mpa,0.0202 Mpa,0.119 Mpa,0.121 Mpa,0.122 Mpa,1.02 Mpa,0 Mpa,0.123 Mpa,0.126 Mpa,0.124 Mpa,0.124 Mpa,0 Mpa,0.118 Mpa,0.117 Mpa,0.120 Mpa,0.120 Mpa,0 Mpa,,,,,,1664 RPM
2026-07-01 05:00:00,0.117 Mpa,1.02 Mpa,0.118 Mpa,0.118 Mpa,0 Mpa,0.112 Mpa,1.01 Mpa,0.114 Mpa,1.01 Mpa,0.00556 Mpa,0.121 Mpa,0.118 Mpa,0.121 Mpa,0.118 Mpa,0 Mpa,0.119 Mpa,0.123 Mpa,0.118 Mpa,0.121 Mpa,,0.126 Mpa,0.124 Mpa,0.125 Mpa,0.125 Mpa,0 Mpa,0.112 Mpa,0.112 Mpa,0.110 Mpa,0.113 Mpa,0.0223 Mpa,0.129 Mpa,0.129 Mpa,0.129 Mpa,0.129 Mpa,0.0246 Mpa,0.120 Mpa,0.120 Mpa,0.122 Mpa,1.02 Mpa,0 Mpa,0.121 Mpa,0.123 Mpa,0.122 Mpa,0.121 Mpa,0 Mpa,0.121 Mpa,0.121 Mpa,0.123 Mpa,0.123 Mpa,0 Mpa,,,,,,1562 RPM
2026-07-01 07:00:00,0.116 Mpa,1.02 Mpa,0.117 Mpa,0.116 Mpa,0 Mpa,0.112 Mpa,1.02 Mpa,0.113 Mpa,1.02 Mpa,0 Mpa,0.124 Mpa,0.121 Mpa,0.124 Mpa,0.121 Mpa,0 Mpa,0.123 Mpa,0.128 Mpa,0.122 Mpa,0.125 Mpa,,0.124 Mpa,0.123 Mpa,0.124 Mpa,0.124 Mpa,0 Mpa,0.114 Mpa,0.114 Mpa,0.113 Mpa,0.115 Mpa,0 Mpa,0.123 Mpa,0.122 Mpa,0.123 Mpa,0.122 Mpa,0 Mpa,0.124 Mpa,0.126 Mpa,0.128 Mpa,1.02 Mpa,0 Mpa,0.121 Mpa,0.123 Mpa,0.123 Mpa,0.121 Mpa,0 Mpa,0.129 Mpa,0.128 Mpa,0.131 Mpa,0.131 Mpa,0 Mpa,,,,,,1740 RPM
2026-07-01 09:00:00,0.127 Mpa,1.02 Mpa,0.128 Mpa,0.129 Mpa,0 Mpa,0.102 Mpa,1.01 Mpa,0.103 Mpa,1.01 Mpa,0.0124 Mpa,0.123 Mpa,0.119 Mpa,0.123 Mpa,0.120 Mpa,0 Mpa,0.118 Mpa,0.121 Mpa,0.117 Mpa,0.119 Mpa,,0.128 Mpa,0.126 Mpa,0.127 Mpa,0.127 Mpa,0 Mpa,0.116 Mpa,0.115 Mpa,0.114 Mpa,0.116 Mpa,0 Mpa,0.125 Mpa,0.124 Mpa,0.125 Mpa,0.124 Mpa,0 Mpa,0.127 Mpa,0.128 Mpa,0.131 Mpa,1.02 Mpa,0 Mpa,0.122 Mpa,0.124 Mpa,0.124 Mpa,0.122 Mpa,0 Mpa,0.128 Mpa,0.127 Mpa,0.130 Mpa,0.130 Mpa,0 Mpa,,,,,,1697 RPM
2026-07-01 11:00:00,0.126 Mpa,1.02 Mpa,0.128 Mpa,0.127 Mpa,0 Mpa,0.104 Mpa,0.645 Mpa,0.105 Mpa,0.728 Mpa,0.116 Mpa,0.126 Mpa,0.122 Mpa,0.125 Mpa,0.122 Mpa,0 Mpa,0.116 Mpa,0.121 Mpa,0.115 Mpa,0.118 Mpa,,0.126 Mpa,0.125 Mpa,0.125 Mpa,0.125 Mpa,0 Mpa,0.116 Mpa,0.117 Mpa,0.115 Mpa,0.118 Mpa,0 Mpa,0.123 Mpa,0.122 Mpa,0.123 Mpa,0.123 Mpa,0.0151 Mpa,0.124 Mpa,0.124 Mpa,0.127 Mpa,1.02 Mpa,0 Mpa,0.119 Mpa,0.122 Mpa,0.121 Mpa,0.119 Mpa,0 Mpa,0.126 Mpa,0.124 Mpa,0.128 Mpa,0.127 Mpa,0 Mpa,,,,,,1674 RPM
2026-07-01 13:00:00,0.127 Mpa,1.02 Mpa,0.128 Mpa,0.129 Mpa,0 Mpa,,,,,,0.120 Mpa,0.117 Mpa,0.120 Mpa,0.117 Mpa,0 Mpa,0.101 Mpa,0.104 Mpa,0.101 Mpa,0.102 Mpa,,0.125 Mpa,0.123 Mpa,0.124 Mpa,0.124 Mpa,0 Mpa,0.111 Mpa,0.112 Mpa,0.110 Mpa,0.113 Mpa,0 Mpa,0.125 Mpa,0.125 Mpa,0.125 Mpa,0.125 Mpa,0 Mpa,0.125 Mpa,0.126 Mpa,0.129 Mpa,1.01 Mpa,0.00918 Mpa,0.127 Mpa,0.132 Mpa,0.129 Mpa,0.129 Mpa,0 Mpa,0.121 Mpa,0.120 Mpa,0.123 Mpa,0.123 Mpa,0 Mpa,,,,,,1640 RPM
2026-07-01 15:00:00,0.124 Mpa,1.02 Mpa,0.126 Mpa,0.125 Mpa,0 Mpa,0.113 Mpa,0.229 Mpa,0.114 Mpa,0.408 Mpa,0 Mpa,0.121 Mpa,0.118 Mpa,0.121 Mpa,0.117 Mpa,0 Mpa,0.120 Mpa,0.123 Mpa,0.119 Mpa,0.121 Mpa,,0.125 Mpa,0.123 Mpa,0.124 Mpa,0.124 Mpa,0 Mpa,0.117 Mpa,0.117 Mpa,0.116 Mpa,0.118 Mpa,0 Mpa,0.121 Mpa,0.121 Mpa,0.120 Mpa,0.121 Mpa,0.00560 Mpa,0.121 Mpa,0.122 Mpa,0.125 Mpa,1.02 Mpa,0 Mpa,0.127 Mpa,0.133 Mpa,0.130 Mpa,0.128 Mpa,0 Mpa,0.121 Mpa,0.121 Mpa,0.124 Mpa,0.123 Mpa,0 Mpa,,,,,,1692 RPM
2026-07-01 17:00:00,0.118 Mpa,1.02 Mpa,0.120 Mpa,0.120 Mpa,0 Mpa,,,,,,0.116 Mpa,0.114 Mpa,0.116 Mpa,0.114 Mpa,0 Mpa,0.116 Mpa,0.119 Mpa,0.115 Mpa,0.117 Mpa,,0.118 Mpa,0.116 Mpa,0.117 Mpa,0.117 Mpa,0 Mpa,0.116 Mpa,0.116 Mpa,0.115 Mpa,0.117 Mpa,0 Mpa,0.114 Mpa,0.114 Mpa,0.114 Mpa,0.114 Mpa,0.00792 Mpa,0.122 Mpa,0.124 Mpa,0.126 Mpa,1.02 Mpa,0 Mpa,0.117 Mpa,0.120 Mpa,0.119 Mpa,0.117 Mpa,0 Mpa,0.123 Mpa,0.122 Mpa,0.124 Mpa,0.124 Mpa,0.00605 Mpa,,,,,,1688 RPM
2026-07-01 19:00:00,0.122 Mpa,1.02 Mpa,0.124 Mpa,0.123 Mpa,0 Mpa,,,,,,0.109 Mpa,0.107 Mpa,0.109 Mpa,0.107 Mpa,0.0124 Mpa,0.115 Mpa,0.118 Mpa,0.115 Mpa,0.117 Mpa,,0.125 Mpa,0.123 Mpa,0.124 Mpa,0.124 Mpa,0 Mpa,0.118 Mpa,0.118 Mpa,0.117 Mpa,0.119 Mpa,0 Mpa,0.116 Mpa,0.116 Mpa,0.116 Mpa,0.116 Mpa,0 Mpa,0.125 Mpa,0.126 Mpa,0.128 Mpa,1.02 Mpa,0 Mpa,0.128 Mpa,0.131 Mpa,0.130 Mpa,0.128 Mpa,0 Mpa,0.120 Mpa,0.119 Mpa,0.121 Mpa,0.121 Mpa,0 Mpa,,,,,,1664 RPM
2026-07-01 21:00:00,0.122 Mpa,1.02 Mpa,0.124 Mpa,0.125 Mpa,0 Mpa,,,,,,0.119 Mpa,0.116 Mpa,0.119 Mpa,0.116 Mpa,0 Mpa,0.112 Mpa,0.115 Mpa,0.112 Mpa,0.114 Mpa,,0.125 Mpa,0.123 Mpa,0.124 Mpa,0.124 Mpa,0 Mpa,0.116 Mpa,0.116 Mpa,0.115 Mpa,0.117 Mpa,0 Mpa,0.130 Mpa,0.130 Mpa,0.130 Mpa,0.129 Mpa,0 Mpa,0.125 Mpa,0.126 Mpa,0.128 Mpa,1.01 Mpa,0.00691 Mpa,0.123 Mpa,0.127 Mpa,0.125 Mpa,0.124 Mpa,0 Mpa,0.119 Mpa,0.118 Mpa,0.120 Mpa,0.121 Mpa,0 Mpa,,,,,,1785 RPM
2026-07-01 23:00:00,0.120 Mpa,1.01 Mpa,0.122 Mpa,0.123 Mpa,0.00895 Mpa,,,,,,0.121 Mpa,0.117 Mpa,0.121 Mpa,0.117 Mpa,0 Mpa,0.117 Mpa,0.121 Mpa,0.117 Mpa,0.119 Mpa,,0.122 Mpa,0.120 Mpa,0.121 Mpa,0.121 Mpa,0.0184 Mpa,0.116 Mpa,0.116 Mpa,0.114 Mpa,0.117 Mpa,0 Mpa,0.130 Mpa,0.128 Mpa,0.129 Mpa,0.128 Mpa,0 Mpa,0.122 Mpa,0.123 Mpa,0.126 Mpa,1.02 Mpa,0 Mpa,0.117 Mpa,0.118 Mpa,0.118 Mpa,0.117 Mpa,0 Mpa,0.120 Mpa,0.120 Mpa,0.122 Mpa,0.122 Mpa,0.0139 Mpa,,,,,,1705 RPM
2026-07-02 01:00:00,0.111 Mpa,1.01 Mpa,0.112 Mpa,0.110 Mpa,0.0187 Mpa,,,,,,0.121 Mpa,0.118 Mpa,0.121 Mpa,0.118 Mpa,0 Mpa,0.109 Mpa,0.112 Mpa,0.109 Mpa,0.110 Mpa,,0.127 Mpa,0.127 Mpa,0.127 Mpa,0.127 Mpa,0.00945 Mpa,0.117 Mpa,0.116 Mpa,0.115 Mpa,0.118 Mpa,0 Mpa,0.126 Mpa,0.125 Mpa,0.125 Mpa,0.125 Mpa,0 Mpa,0.119 Mpa,0.119 Mpa,0.122 Mpa,1.02 Mpa,0 Mpa,0.131 Mpa,0.132 Mpa,0.132 Mpa,0.130 Mpa,0 Mpa,0.122 Mpa,0.121 Mpa,0.124 Mpa,0.124 Mpa,0 Mpa,,,,,,1579 RPM
2026-07-02 03:00:00,0.128 Mpa,1.02 Mpa,0.130 Mpa,0.130 Mpa,0 Mpa,,,,,,0.116 Mpa,0.113 Mpa,0.116 Mpa,0.113 Mpa,0 Mpa,0.118 Mpa,0.120 Mpa,0.117 Mpa,0.118 Mpa,,0.125 Mpa,0.123 Mpa,0.124 Mpa,0.123 Mpa,0 Mpa,0.116 Mpa,0.116 Mpa,0.115 Mpa,0.117 Mpa,0 Mpa,0.124 Mpa,0.123 Mpa,0.123 Mpa,0.123 Mpa,0 Mpa,0.121 Mpa,0.121 Mpa,0.123 Mpa,1.02 Mpa,0 Mpa,0.127 Mpa,0.129 Mpa,0.128 Mpa,0.127 Mpa,0 Mpa,0.121 Mpa,0.119 Mpa,0.122 Mpa,0.122 Mpa,0 Mpa,,,,,,1736 RPM
2026-07-02 05:00:00,0.126 Mpa,1.02 Mpa,0.128 Mpa,0.128 Mpa,0 Mpa,,,,,,0.117 Mpa,0.114 Mpa,0.117 Mpa,0.114 Mpa,0 Mpa,0.119 Mpa,0.122 Mpa,0.118 Mpa,0.120 Mpa,,0.124 Mpa,0.123 Mpa,0.123 Mpa,0.123 Mpa,0 Mpa,0.114 Mpa,0.115 Mpa,0.113 Mpa,0.116 Mpa,0 Mpa,0.123 Mpa,0.121 Mpa,0.122 Mpa,0.121 Mpa,0 Mpa,0.124 Mpa,0.125 Mpa,0.128 Mpa,1.02 Mpa,0 Mpa,0.125 Mpa,0.128 Mpa,0.127 Mpa,0.125 Mpa,0 Mpa,0.123 Mpa,0.122 Mpa,0.124 Mpa,0.124 Mpa,0.00672 Mpa,,,,,,1675 RPM
2026-07-02 07:00:00,0.130 Mpa,1.02 Mpa,0.132 Mpa,0.132 Mpa,0 Mpa,,,,,,0.119 Mpa,0.116 Mpa,0.119 Mpa,0.116 Mpa,0 Mpa,0.119 Mpa,0.122 Mpa,0.118 Mpa,0.120 Mpa,,0.128 Mpa,0.126 Mpa,0.128 Mpa,0.126 Mpa,0 Mpa,0.118 Mpa,0.118 Mpa,0.117 Mpa,0.119 Mpa,0 Mpa,0.124 Mpa,0.123 Mpa,0.123 Mpa,0.123 Mpa,0 Mpa,0.125 Mpa,0.127 Mpa,0.129 Mpa,1.02 Mpa,0 Mpa,0.125 Mpa,0.126 Mpa,0.127 Mpa,0.124 Mpa,0 Mpa,0.123 Mpa,0.122 Mpa,0.124 Mpa,0.125 Mpa,0 Mpa,,,,,,1779 RPM
2026-07-02 09:00:00,0.128 Mpa,1.02 Mpa,0.131 Mpa,0.130 Mpa,0 Mpa,,,,,,0.121 Mpa,0.118 Mpa,0.121 Mpa,0.117 Mpa,0 Mpa,0.121 Mpa,0.124 Mpa,0.120 Mpa,0.122 Mpa,,0.128 Mpa,0.126 Mpa,0.128 Mpa,0.127 Mpa,0 Mpa,0.118 Mpa,0.117 Mpa,0.116 Mpa,0.118 Mpa,0 Mpa,0.122 Mpa,0.122 Mpa,0.122 Mpa,0.122 Mpa,0 Mpa,0.125 Mpa,0.126 Mpa,0.129 Mpa,1.02 Mpa,0 Mpa,0.124 Mpa,0.126 Mpa,0.125 Mpa,0.123 Mpa,0 Mpa,0.121 Mpa,0.120 Mpa,0.123 Mpa,0.122 Mpa,0 Mpa,,,,,,1778 RPM
2026-07-02 11:00:00,0.125 Mpa,1.02 Mpa,0.127 Mpa,0.127 Mpa,0 Mpa,0.107 Mpa,0.0998 Mpa,0.108 Mpa,0.101 Mpa,0.0333 Mpa,0.121 Mpa,0.117 Mpa,0.120 Mpa,0.117 Mpa,0 Mpa,0.121 Mpa,0.124 Mpa,0.120 Mpa,0.122 Mpa,,0.131 Mpa,0.129 Mpa,0.130 Mpa,0.129 Mpa,0 Mpa,0.118 Mpa,0.117 Mpa,0.117 Mpa,0.118 Mpa,0 Mpa,0.121 Mpa,0.121 Mpa,0.121 Mpa,0.121 Mpa,0.00760 Mpa,0.123 Mpa,0.124 Mpa,0.126 Mpa,1.01 Mpa,0.00970 Mpa,0.127 Mpa,0.129 Mpa,0.130 Mpa,0.127 Mpa,0 Mpa,0.120 Mpa,0.120 Mpa,0.122 Mpa,0.122 Mpa,0 Mpa,,,,,,1687 RPM
2026-07-02 13:00:00,0.125 Mpa,1.02 Mpa,0.126 Mpa,0.127 Mpa,0 Mpa,0.110 Mpa,0.104 Mpa,0.110 Mpa,0.369 Mpa,0.0246 Mpa,0.117 Mpa,0.113 Mpa,0.116 Mpa,0.112 Mpa,0.0221 Mpa,0.120 Mpa,0.122 Mpa,0.119 Mpa,0.121 Mpa,,0.125 Mpa,0.123 Mpa,0.124 Mpa,0.124 Mpa,0.00977 Mpa,0.112 Mpa,0.114 Mpa,0.110 Mpa,0.115 Mpa,0.0326 Mpa,0.123 Mpa,0.125 Mpa,0.122 Mpa,0.124 Mpa,0 Mpa,0.122 Mpa,0.122 Mpa,0.124 Mpa,1.02 Mpa,0 Mpa,0.125 Mpa,0.128 Mpa,0.128 Mpa,0.125 Mpa,0 Mpa,0.118 Mpa,0.119 Mpa,0.121 Mpa,0.122 Mpa,0 Mpa,0.925 Mpa,0.110 Mpa,0.867 Mpa,0.109 Mpa,0.0499 Mpa,1564 RPM
2026-07-02 15:00:00,0.108 Mpa,1.02 Mpa,0.109 Mpa,0.109 Mpa,0 Mpa,0.117 Mpa,0.111 Mpa,0.118 Mpa,0.906 Mpa,0 Mpa,0.123 Mpa,0.119 Mpa,0.123 Mpa,0.119 Mpa,0 Mpa,0.116 Mpa,0.118 Mpa,0.115 Mpa,0.117 Mpa,,0.129 Mpa,0.127 Mpa,0.128 Mpa,0.127 Mpa,0 Mpa,0.118 Mpa,0.118 Mpa,0.116 Mpa,0.119 Mpa,0 Mpa,0.124 Mpa,0.124 Mpa,0.124 Mpa,0.123 Mpa,0.00352 Mpa,0.122 Mpa,0.123 Mpa,0.126 Mpa,1.02 Mpa,0 Mpa,0.115 Mpa,0.116 Mpa,0.116 Mpa,0.115 Mpa,0 Mpa,0.122 Mpa,0.122 Mpa,0.124 Mpa,0.125 Mpa,0 Mpa,0.405 Mpa,0.113 Mpa,0.865 Mpa,0.113 Mpa,0.0497 Mpa,1626 RPM
2026-07-02 17:00:00,0.114 Mpa,1.02 Mpa,0.114 Mpa,0.114 Mpa,0 Mpa,0.115 Mpa,0.112 Mpa,0.116 Mpa,0.987 Mpa,0 Mpa,0.119 Mpa,0.115 Mpa,0.119 Mpa,0.115 Mpa,0 Mpa,0.120 Mpa,0.123 Mpa,0.119 Mpa,0.121 Mpa,,0.121 Mpa,0.120 Mpa,0.120 Mpa,0.120 Mpa,0 Mpa,0.115 Mpa,0.117 Mpa,0.114 Mpa,0.117 Mpa,0 Mpa,0.127 Mpa,0.125 Mpa,0.126 Mpa,0.125 Mpa,0 Mpa,0.120 Mpa,0.121 Mpa,0.124 Mpa,1.02 Mpa,0 Mpa,,,,,,0.120 Mpa,0.120 Mpa,0.122 Mpa,0.122 Mpa,0.0148 Mpa,0.121 Mpa,0.121 Mpa,0.863 Mpa,0.121 Mpa,0.0455 Mpa,1638 RPM
2026-07-02 19:00:00,0.127 Mpa,1.02 Mpa,0.129 Mpa,0.128 Mpa,0 Mpa,0.114 Mpa,0.111 Mpa,0.115 Mpa,0.983 Mpa,0 Mpa,0.126 Mpa,0.122 Mpa,0.125 Mpa,0.122 Mpa,0 Mpa,0.120 Mpa,0.124 Mpa,0.119 Mpa,0.122 Mpa,,0.122 Mpa,0.121 Mpa,0.122 Mpa,0.122 Mpa,0 Mpa,0.117 Mpa,0.117 Mpa,0.116 Mpa,0.118 Mpa,0 Mpa,0.122 Mpa,0.121 Mpa,0.121 Mpa,0.121 Mpa,0 Mpa,0.123 Mpa,0.124 Mpa,0.127 Mpa,1.02 Mpa,0 Mpa,,,,,,,,,,,,,,,,1808 RPM
2026-07-02 21:00:00,0.126 Mpa,1.02 Mpa,0.128 Mpa,0.128 Mpa,0 Mpa,0.120 Mpa,0.118 Mpa,0.121 Mpa,1.02 Mpa,0 Mpa,0.121 Mpa,0.119 Mpa,0.121 Mpa,0.119 Mpa,0 Mpa,0.118 Mpa,0.122 Mpa,0.117 Mpa,0.120 Mpa,,0.124 Mpa,0.122 Mpa,0.124 Mpa,0.123 Mpa,0 Mpa,0.116 Mpa,0.115 Mpa,0.115 Mpa,0.116 Mpa,0 Mpa,0.124 Mpa,0.122 Mpa,0.123 Mpa,0.122 Mpa,0 Mpa,0.121 Mpa,0.122 Mpa,0.124 Mpa,1.01 Mpa,0.00904 Mpa,,,,,,,,,,,0.128 Mpa,0.128 Mpa,0.863 Mpa,0.128 Mpa,0 Mpa,1781 RPM
2026-07-02 23:00:00,0.113 Mpa,1.00 Mpa,0.115 Mpa,0.115 Mpa,0.0303 Mpa,0.121 Mpa,0.119 Mpa,0.122 Mpa,1.01 Mpa,0.0132 Mpa,0.123 Mpa,0.120 Mpa,0.122 Mpa,0.119 Mpa,0.0297 Mpa,0.117 Mpa,0.120 Mpa,0.116 Mpa,0.118 Mpa,,0.118 Mpa,0.117 Mpa,0.118 Mpa,0.117 Mpa,0.00767 Mpa,0.119 Mpa,0.119 Mpa,0.117 Mpa,0.120 Mpa,0 Mpa,0.125 Mpa,0.124 Mpa,0.124 Mpa,0.124 Mpa,0 Mpa,0.121 Mpa,0.122 Mpa,0.123 Mpa,1.02 Mpa,0 Mpa,,,,,,0.125 Mpa,0.125 Mpa,0.127 Mpa,0.128 Mpa,0.0317 Mpa,0.127 Mpa,0.127 Mpa,0.864 Mpa,0.127 Mpa,0.0481 Mpa,1590 RPM
2026-07-03 01:00:00,0.104 Mpa,1.02 Mpa,0.104 Mpa,0.105 Mpa,0 Mpa,0.109 Mpa,0.106 Mpa,0.111 Mpa,0.982 Mpa,0.0784 Mpa,0.122 Mpa,0.119 Mpa,0.122 Mpa,0.118 Mpa,0 Mpa,0.116 Mpa,0.118 Mpa,0.115 Mpa,0.117 Mpa,,0.128 Mpa,0.125 Mpa,0.127 Mpa,0.126 Mpa,0 Mpa,0.118 Mpa,0.117 Mpa,0.117 Mpa,0.118 Mpa,0 Mpa,0.125 Mpa,0.124 Mpa,0.125 Mpa,0.124 Mpa,0 Mpa,0.122 Mpa,0.123 Mpa,0.125 Mpa,1.02 Mpa,0 Mpa,,,,,,0.123 Mpa,0.122 Mpa,0.125 Mpa,0.125 Mpa,0 Mpa,,,,,,1679 RPM
2026-07-03 03:00:00,0.110 Mpa,0.995 Mpa,0.110 Mpa,0.111 Mpa,0.0563 Mpa,0.110 Mpa,0.108 Mpa,0.112 Mpa,1.02 Mpa,0 Mpa,0.124 Mpa,0.120 Mpa,0.124 Mpa,0.121 Mpa,0 Mpa,0.114 Mpa,0.117 Mpa,0.113 Mpa,0.115 Mpa,,0.122 Mpa,0.122 Mpa,0.121 Mpa,0.122 Mpa,0 Mpa,0.118 Mpa,0.118 Mpa,0.117 Mpa,0.119 Mpa,0 Mpa,0.128 Mpa,0.126 Mpa,0.127 Mpa,0.127 Mpa,0 Mpa,0.121 Mpa,0.122 Mpa,0.124 Mpa,1.02 Mpa,0 Mpa,,,,,,0.122 Mpa,0.122 Mpa,0.123 Mpa,0.125 Mpa,0 Mpa,,,,,,1740 RPM
2026-07-03 05:00:00,,,,,,0.112 Mpa,0.110 Mpa,0.113 Mpa,1.02 Mpa,0 Mpa,0.120 Mpa,0.117 Mpa,0.120 Mpa,0.117 Mpa,0 Mpa,0.111 Mpa,0.114 Mpa,0.110 Mpa,0.113 Mpa,,0.121 Mpa,0.119 Mpa,0.120 Mpa,0.120 Mpa,0 Mpa,0.113 Mpa,0.114 Mpa,0.112 Mpa,0.114 Mpa,0 Mpa,0.127 Mpa,0.126 Mpa,0.126 Mpa,0.125 Mpa,0 Mpa,0.123 Mpa,0.124 Mpa,0.126 Mpa,1.02 Mpa,0 Mpa,,,,,,0.125 Mpa,0.125 Mpa,0.126 Mpa,0.127 Mpa,0.00759 Mpa,,,,,,1679 RPM
2026-07-03 07:00:00,,,,,,0.118 Mpa,0.115 Mpa,0.119 Mpa,1.02 Mpa,0 Mpa,0.123 Mpa,0.119 Mpa,0.123 Mpa,0.119 Mpa,0 Mpa,0.120 Mpa,0.123 Mpa,0.119 Mpa,0.122 Mpa,,0.115 Mpa,0.115 Mpa,0.115 Mpa,0.115 Mpa,0 Mpa,0.115 Mpa,0.114 Mpa,0.113 Mpa,0.115 Mpa,0 Mpa,0.125 Mpa,0.124 Mpa,0.124 Mpa,0.124 Mpa,0 Mpa,0.125 Mpa,0.126 Mpa,0.128 Mpa,1.02 Mpa,0 Mpa,,,,,,0.122 Mpa,0.123 Mpa,0.125 Mpa,0.126 Mpa,0 Mpa,0.111 Mpa,0.112 Mpa,0.862 Mpa,0.112 Mpa,0 Mpa,1745 RPM
2026-07-03 09:00:00,0.108 Mpa,1.01 Mpa,0.108 Mpa,0.108 Mpa,0 Mpa,0.120 Mpa,0.117 Mpa,0.120 Mpa,1.02 Mpa,0 Mpa,0.123 Mpa,0.121 Mpa,0.123 Mpa,0.121 Mpa,0 Mpa,0.124 Mpa,0.127 Mpa,0.122 Mpa,0.125 Mpa,,0.127 Mpa,0.126 Mpa,0.126 Mpa,0.126 Mpa,0 Mpa,0.118 Mpa,0.118 Mpa,0.117 Mpa,0.118 Mpa,0 Mpa,0.127 Mpa,0.125 Mpa,0.126 Mpa,0.125 Mpa,0 Mpa,0.125 Mpa,0.125 Mpa,0.128 Mpa,1.02 Mpa,0 Mpa,,,,,,0.122 Mpa,0.122 Mpa,0.124 Mpa,0.125 Mpa,0 Mpa,0.120 Mpa,0.120 Mpa,0.864 Mpa,0.120 Mpa,0.0378 Mpa,1677 RPM
2026-07-03 11:00:00,,,,,,0.118 Mpa,0.116 Mpa,0.119 Mpa,1.02 Mpa,0 Mpa,0.124 Mpa,0.121 Mpa,0.124 Mpa,0.122 Mpa,0 Mpa,0.123 Mpa,0.126 Mpa,0.121 Mpa,0.124 Mpa,,0.132 Mpa,0.129 Mpa,0.131 Mpa,0.131 Mpa,0 Mpa,0.116 Mpa,0.116 Mpa,0.115 Mpa,0.117 Mpa,0 Mpa,0.125 Mpa,0.124 Mpa,0.124 Mpa,0.124 Mpa,0.0178 Mpa,0.125 Mpa,0.126 Mpa,0.129 Mpa,1.02 Mpa,0 Mpa,,,,,,0.122 Mpa,0.122 Mpa,0.124 Mpa,0.125 Mpa,0 Mpa,0.110 Mpa,0.110 Mpa,0.864 Mpa,0.110 Mpa,0.0816 Mpa,1688 RPM
2026-07-03 13:00:00,,,,,,0.115 Mpa,0.112 Mpa,0.116 Mpa,1.02 Mpa,0 Mpa,0.122 Mpa,0.118 Mpa,0.120 Mpa,0.118 Mpa,0 Mpa,0.119 Mpa,0.123 Mpa,0.117 Mpa,0.121 Mpa,,0.129 Mpa,0.127 Mpa,0.129 Mpa,0.128 Mpa,0 Mpa,0.120 Mpa,0.121 Mpa,0.119 Mpa,0.122 Mpa,0.0167 Mpa,0.130 Mpa,0.129 Mpa,0.128 Mpa,0.129 Mpa,0 Mpa,0.123 Mpa,0.123 Mpa,0.127 Mpa,1.02 Mpa,0 Mpa,0.106 Mpa,0.106 Mpa,0.105 Mpa,0.105 Mpa,0 Mpa,0.121 Mpa,0.121 Mpa,0.123 Mpa,0.123 Mpa,0 Mpa,0.112 Mpa,0.112 Mpa,0.864 Mpa,0.112 Mpa,0.123 Mpa,1606 RPM
2026-07-03 15:00:00,0.106 Mpa,1.02 Mpa,0.106 Mpa,0.106 Mpa,0 Mpa,0.115 Mpa,0.112 Mpa,0.116 Mpa,1.02 Mpa,0 Mpa,0.121 Mpa,0.118 Mpa,0.121 Mpa,0.118 Mpa,0 Mpa,0.114 Mpa,0.117 Mpa,0.114 Mpa,0.116 Mpa,,0.126 Mpa,0.125 Mpa,0.126 Mpa,0.125 Mpa,0 Mpa,0.118 Mpa,0.118 Mpa,0.116 Mpa,0.119 Mpa,0.0102 Mpa,0.122 Mpa,0.121 Mpa,0.122 Mpa,0.121 Mpa,0 Mpa,0.119 Mpa,0.120 Mpa,0.122 Mpa,1.02 Mpa,0 Mpa,0.129 Mpa,0.129 Mpa,0.129 Mpa,0.129 Mpa,0 Mpa,0.123 Mpa,0.123 Mpa,0.125 Mpa,0.125 Mpa,0 Mpa,0.122 Mpa,0.123 Mpa,0.867 Mpa,0.123 Mpa,0 Mpa,1554 RPM
2026-07-03 17:00:00,0.121 Mpa,1.02 Mpa,0.122 Mpa,0.122 Mpa,0 Mpa,0.110 Mpa,0.108 Mpa,0.112 Mpa,1.02 Mpa,0 Mpa,0.116 Mpa,0.113 Mpa,0.116 Mpa,0.113 Mpa,0 Mpa,0.117 Mpa,0.121 Mpa,0.117 Mpa,0.120 Mpa,,0.125 Mpa,0.123 Mpa,0.124 Mpa,0.124 Mpa,0 Mpa,0.111 Mpa,0.112 Mpa,0.110 Mpa,0.113 Mpa,0 Mpa,0.126 Mpa,0.125 Mpa,0.125 Mpa,0.125 Mpa,0 Mpa,0.122 Mpa,0.122 Mpa,0.125 Mpa,1.02 Mpa,0 Mpa,0.127 Mpa,0.128 Mpa,0.128 Mpa,0.128 Mpa,0 Mpa,0.125 Mpa,0.123 Mpa,0.127 Mpa,0.126 Mpa,0.00723 Mpa,,,,,,1663 RPM
2026-07-03 19:00:00,0.130 Mpa,1.02 Mpa,0.132 Mpa,0.131 Mpa,0 Mpa,0.114 Mpa,0.111 Mpa,0.115 Mpa,1.02 Mpa,0 Mpa,0.120 Mpa,0.117 Mpa,0.119 Mpa,0.117 Mpa,0 Mpa,0.118 Mpa,0.121 Mpa,0.117 Mpa,0.119 Mpa,,0.119 Mpa,0.118 Mpa,0.119 Mpa,0.119 Mpa,0 Mpa,0.116 Mpa,0.116 Mpa,0.115 Mpa,0.117 Mpa,0 Mpa,0.129 Mpa,0.127 Mpa,0.128 Mpa,0.127 Mpa,0 Mpa,0.120 Mpa,0.121 Mpa,0.123 Mpa,1.02 Mpa,0 Mpa,0.134 Mpa,0.137 Mpa,0.135 Mpa,0.134 Mpa,0 Mpa,0.123 Mpa,0.123 Mpa,0.125 Mpa,0.126 Mpa,0 Mpa,0.115 Mpa,0.115 Mpa,0.864 Mpa,0.115 Mpa,0 Mpa,1795 RPM
2026-07-03 21:00:00,0.132 Mpa,1.02 Mpa,0.134 Mpa,0.133 Mpa,0 Mpa,0.115 Mpa,0.112 Mpa,0.115 Mpa,1.02 Mpa,0 Mpa,0.118 Mpa,0.115 Mpa,0.118 Mpa,0.115 Mpa,0 Mpa,0.123 Mpa,0.127 Mpa,0.123 Mpa,0.125 Mpa,,0.119 Mpa,0.118 Mpa,0.118 Mpa,0.119 Mpa,0 Mpa,0.116 Mpa,0.115 Mpa,0.114 Mpa,0.116 Mpa,0 Mpa,0.129 Mpa,0.127 Mpa,0.128 Mpa,0.128 Mpa,0 Mpa,0.123 Mpa,0.125 Mpa,0.127 Mpa,1.02 Mpa,0 Mpa,0.135 Mpa,0.139 Mpa,0.137 Mpa,0.136 Mpa,0 Mpa,0.124 Mpa,0.123 Mpa,0.126 Mpa,0.125 Mpa,0 Mpa,0.118 Mpa,0.119 Mpa,0.867 Mpa,0.119 Mpa,0 Mpa,1769 RPM
2026-07-03 23:00:00,0.125 Mpa,1.01 Mpa,0.126 Mpa,0.126 Mpa,0.00903 Mpa,0.112 Mpa,0.109 Mpa,0.113 Mpa,1.02 Mpa,0 Mpa,0.120 Mpa,0.117 Mpa,0.120 Mpa,0.117 Mpa,0.00828 Mpa,0.123 Mpa,0.126 Mpa,0.122 Mpa,0.124 Mpa,,0.118 Mpa,0.117 Mpa,0.117 Mpa,0.117 Mpa,0 Mpa,0.118 Mpa,0.118 Mpa,0.116 Mpa,0.119 Mpa,0 Mpa,0.123 Mpa,0.122 Mpa,0.122 Mpa,0.122 Mpa,0 Mpa,0.120 Mpa,0.121 Mpa,0.123 Mpa,1.01 Mpa,0.00758 Mpa,0.135 Mpa,0.137 Mpa,0.136 Mpa,0.134 Mpa,0 Mpa,0.115 Mpa,0.115 Mpa,0.116 Mpa,0.117 Mpa,0 Mpa,0.122 Mpa,0.122 Mpa,0.868 Mpa,0.122 Mpa,0.0123 Mpa,1494 RPM
2026-07-04 01:00:00,0.128 Mpa,1.02 Mpa,0.129 Mpa,0.129 Mpa,0 Mpa,0.112 Mpa,0.109 Mpa,0.113 Mpa,1.01 Mpa,0.0115 Mpa,0.123 Mpa,0.119 Mpa,0.123 Mpa,0.119 Mpa,0 Mpa,0.119 Mpa,0.121 Mpa,0.118 Mpa,0.120 Mpa,,0.105 Mpa,0.105 Mpa,0.104 Mpa,0.105 Mpa,0.00841 Mpa,0.107 Mpa,0.107 Mpa,0.106 Mpa,0.108 Mpa,0.00985 Mpa,0.126 Mpa,0.124 Mpa,0.125 Mpa,0.124 Mpa,0 Mpa,0.110 Mpa,0.111 Mpa,0.111 Mpa,1.01 Mpa,0.0119 Mpa,0.132 Mpa,0.135 Mpa,0.133 Mpa,0.132 Mpa,0 Mpa,0.111 Mpa,0.111 Mpa,0.113 Mpa,0.114 Mpa,0 Mpa,0.109 Mpa,0.110 Mpa,0.864 Mpa,0.109 Mpa,0 Mpa,1327 RPM
2026-07-04 03:00:00,0.127 Mpa,1.02 Mpa,0.129 Mpa,0.129 Mpa,0 Mpa,0.111 Mpa,0.108 Mpa,0.112 Mpa,1.02 Mpa,0 Mpa,0.120 Mpa,0.116 Mpa,0.120 Mpa,0.116 Mpa,0 Mpa,0.118 Mpa,0.121 Mpa,0.117 Mpa,0.119 Mpa,,0.126 Mpa,0.124 Mpa,0.125 Mpa,0.125 Mpa,0 Mpa,,,,,,0.126 Mpa,0.125 Mpa,0.126 Mpa,0.125 Mpa,0 Mpa,0.124 Mpa,0.124 Mpa,0.126 Mpa,1.02 Mpa,0 Mpa,0.132 Mpa,0.135 Mpa,0.134 Mpa,0.133 Mpa,0 Mpa,0.126 Mpa,0.125 Mpa,0.127 Mpa,0.127 Mpa,0 Mpa,0.123 Mpa,0.123 Mpa,0.868 Mpa,0.123 Mpa,0.0102 Mpa,1724 RPM
2026-07-04 05:00:00,0.126 Mpa,1.02 Mpa,0.127 Mpa,0.127 Mpa,0 Mpa,0.110 Mpa,0.108 Mpa,0.112 Mpa,0.995 Mpa,0.0513 Mpa,0.116 Mpa,0.114 Mpa,0.116 Mpa,0.113 Mpa,0 Mpa,0.115 Mpa,0.118 Mpa,0.114 Mpa,0.117 Mpa,,0.128 Mpa,0.126 Mpa,0.127 Mpa,0.127 Mpa,0 Mpa,,,,,,0.123 Mpa,0.122 Mpa,0.122 Mpa,0.122 Mpa,0 Mpa,0.117 Mpa,0.118 Mpa,0.119 Mpa,1.02 Mpa,0 Mpa,0.132 Mpa,0.135 Mpa,0.133 Mpa,0.133 Mpa,0.00237 Mpa,0.122 Mpa,0.121 Mpa,0.124 Mpa,0.124 Mpa,0.00437 Mpa,,,,,,1556 RPM
2026-07-04 07:00:00,0.126 Mpa,1.02 Mpa,0.128 Mpa,0.128 Mpa,0 Mpa,0.103 Mpa,0.0991 Mpa,0.105 Mpa,1.02 Mpa,0 Mpa,0.124 Mpa,0.121 Mpa,0.124 Mpa,0.121 Mpa,0 Mpa,0.119 Mpa,0.121 Mpa,0.118 Mpa,0.120 Mpa,,0.130 Mpa,0.128 Mpa,0.129 Mpa,0.129 Mpa,0 Mpa,,,,,,0.125 Mpa,0.123 Mpa,0.124 Mpa,0.123 Mpa,0 Mpa,0.125 Mpa,0.126 Mpa,0.129 Mpa,1.01 Mpa,0 Mpa,0.128 Mpa,0.131 Mpa,0.129 Mpa,0.128 Mpa,0 Mpa,0.124 Mpa,0.123 Mpa,0.126 Mpa,0.126 Mpa,0 Mpa,0.121 Mpa,0.121 Mpa,0.864 Mpa,0.121 Mpa,0 Mpa,1757 RPM
2026-07-04 09:00:00,0.126 Mpa,1.02 Mpa,0.128 Mpa,0.128 Mpa,0 Mpa,,,,,,0.121 Mpa,0.118 Mpa,0.120 Mpa,0.118 Mpa,0 Mpa,0.119 Mpa,0.122 Mpa,0.119 Mpa,0.121 Mpa,,0.127 Mpa,0.124 Mpa,0.126 Mpa,0.126 Mpa,0 Mpa,,,,,,0.125 Mpa,0.124 Mpa,0.124 Mpa,0.124 Mpa,0 Mpa,0.121 Mpa,0.122 Mpa,0.124 Mpa,1.02 Mpa,0 Mpa,0.129 Mpa,0.131 Mpa,0.130 Mpa,0.129 Mpa,0 Mpa,0.117 Mpa,0.117 Mpa,0.119 Mpa,0.120 Mpa,0.00512 Mpa,0.128 Mpa,0.128 Mpa,0.907 Mpa,0.128 Mpa,0.0129 Mpa,1736 RPM
2026-07-04 11:00:00,0.124 Mpa,1.01 Mpa,0.126 Mpa,0.126 Mpa,0.0201 Mpa,,,,,,0.124 Mpa,0.121 Mpa,0.124 Mpa,0.121 Mpa,0 Mpa,0.121 Mpa,0.125 Mpa,0.120 Mpa,0.123 Mpa,,0.125 Mpa,0.124 Mpa,0.125 Mpa,0.125 Mpa,0.0133 Mpa,0.108 Mpa,0.109 Mpa,0.106 Mpa,0.110 Mpa,0.0652 Mpa,0.123 Mpa,0.122 Mpa,0.123 Mpa,0.122 Mpa,0.106 Mpa,0.121 Mpa,0.123 Mpa,0.125 Mpa,1.02 Mpa,0 Mpa,0.130 Mpa,0.131 Mpa,0.131 Mpa,0.128 Mpa,0 Mpa,0.124 Mpa,0.122 Mpa,0.124 Mpa,0.124 Mpa,0.0211 Mpa,0.118 Mpa,0.118 Mpa,0.989 Mpa,0.119 Mpa,0.0178 Mpa,1766 RPM
2026-07-04 13:00:00,,,,,,,,,,,0.124 Mpa,0.121 Mpa,0.124 Mpa,0.121 Mpa,0 Mpa,0.119 Mpa,0.123 Mpa,0.118 Mpa,0.120 Mpa,,0.127 Mpa,0.125 Mpa,0.126 Mpa,0.126 Mpa,0 Mpa,,,,,,0.129 Mpa,0.126 Mpa,0.127 Mpa,0.127 Mpa,0.00864 Mpa,0.110 Mpa,0.111 Mpa,0.112 Mpa,0.983 Mpa,0.0131 Mpa,0.130 Mpa,0.132 Mpa,0.131 Mpa,0.129 Mpa,0 Mpa,,,,,,0.116 Mpa,0.116 Mpa,0.871 Mpa,0.116 Mpa,0 Mpa,1562 RPM
2026-07-04 15:00:00,0.117 Mpa,1.02 Mpa,0.117 Mpa,0.118 Mpa,0 Mpa,,,,,,0.128 Mpa,0.124 Mpa,0.128 Mpa,0.125 Mpa,0 Mpa,0.119 Mpa,0.121 Mpa,0.118 Mpa,0.120 Mpa,,0.128 Mpa,0.124 Mpa,0.127 Mpa,0.126 Mpa,0 Mpa,,,,,,0.127 Mpa,0.125 Mpa,0.125 Mpa,0.125 Mpa,0 Mpa,0.120 Mpa,0.120 Mpa,0.123 Mpa,0.988 Mpa,0.0303 Mpa,0.131 Mpa,0.133 Mpa,0.133 Mpa,0.130 Mpa,0 Mpa,,,,,,0.114 Mpa,0.116 Mpa,0.868 Mpa,0.115 Mpa,0 Mpa,1697 RPM
2026-07-04 17:00:00,0.128 Mpa,1.02 Mpa,0.130 Mpa,0.130 Mpa,0 Mpa,,,,,,0.122 Mpa,0.118 Mpa,0.121 Mpa,0.118 Mpa,0 Mpa,0.119 Mpa,0.122 Mpa,0.117 Mpa,0.120 Mpa,,0.125 Mpa,0.123 Mpa,0.125 Mpa,0.124 Mpa,0 Mpa,,,,,,0.123 Mpa,0.123 Mpa,0.123 Mpa,0.123 Mpa,0 Mpa,0.123 Mpa,0.124 Mpa,0.127 Mpa,1.02 Mpa,0 Mpa,0.124 Mpa,0.126 Mpa,0.125 Mpa,0.124 Mpa,0 Mpa,0.114 Mpa,0.113 Mpa,0.115 Mpa,0.116 Mpa,0 Mpa,0.121 Mpa,0.121 Mpa,0.865 Mpa,0.121 Mpa,0.0192 Mpa,1587 RPM
2026-07-04 19:00:00,0.128 Mpa,1.02 Mpa,0.130 Mpa,0.129 Mpa,0 Mpa,,,,,,0.122 Mpa,0.118 Mpa,0.121 Mpa,0.118 Mpa,0 Mpa,0.120 Mpa,0.124 Mpa,0.120 Mpa,0.122 Mpa,,0.131 Mpa,0.128 Mpa,0.130 Mpa,0.129 Mpa,0 Mpa,,,,,,0.124 Mpa,0.123 Mpa,0.123 Mpa,0.123 Mpa,0 Mpa,0.124 Mpa,0.124 Mpa,0.127 Mpa,1.02 Mpa,0 Mpa,0.120 Mpa,0.123 Mpa,0.121 Mpa,0.121 Mpa,0 Mpa,0.111 Mpa,0.110 Mpa,0.112 Mpa,0.113 Mpa,0 Mpa,0.132 Mpa,0.132 Mpa,0.949 Mpa,0.133 Mpa,0 Mpa,1656 RPM
2026-07-04 21:00:00,0.128 Mpa,1.02 Mpa,0.130 Mpa,0.129 Mpa,0 Mpa,,,,,,0.123 Mpa,0.119 Mpa,0.123 Mpa,0.119 Mpa,0 Mpa,0.119 Mpa,0.123 Mpa,0.118 Mpa,0.121 Mpa,,0.127 Mpa,0.126 Mpa,0.127 Mpa,0.127 Mpa,0 Mpa,,,,,,0.128 Mpa,0.126 Mpa,0.127 Mpa,0.126 Mpa,0 Mpa,0.123 Mpa,0.124 Mpa,0.126 Mpa,1.01 Mpa,0.00760 Mpa,0.130 Mpa,0.132 Mpa,0.131 Mpa,0.130 Mpa,0 Mpa,0.117 Mpa,0.116 Mpa,0.118 Mpa,0.118 Mpa,0 Mpa,0.133 Mpa,0.134 Mpa,0.959 Mpa,0.135 Mpa,0 Mpa,1698 RPM
2026-07-04 23:00:00,0.129 Mpa,1.02 Mpa,0.130 Mpa,0.129 Mpa,0 Mpa,,,,,,0.123 Mpa,0.118 Mpa,0.123 Mpa,0.118 Mpa,0.0240 Mpa,0.122 Mpa,0.125 Mpa,0.120 Mpa,0.123 Mpa,,0.126 Mpa,0.123 Mpa,0.125 Mpa,0.125 Mpa,0.0131 Mpa,,,,,,0.124 Mpa,0.123 Mpa,0.122 Mpa,0.123 Mpa,0 Mpa,0.118 Mpa,0.118 Mpa,0.120 Mpa,1.02 Mpa,0 Mpa,0.127 Mpa,0.130 Mpa,0.129 Mpa,0.128 Mpa,0 Mpa,0.119 Mpa,0.118 Mpa,0.120 Mpa,0.120 Mpa,0.0429 Mpa,0.128 Mpa,0.129 Mpa,0.971 Mpa,0.130 Mpa,0 Mpa,1588 RPM
2026-07-05 01:00:00,0.120 Mpa,1.01 Mpa,0.121 Mpa,0.122 Mpa,0.00731 Mpa,,,,,,0.112 Mpa,0.109 Mpa,0.112 Mpa,0.108 Mpa,0.200 Mpa,0.111 Mpa,0.114 Mpa,0.111 Mpa,0.113 Mpa,,0.129 Mpa,0.128 Mpa,0.129 Mpa,0.129 Mpa,0.0104 Mpa,,,,,,0.127 Mpa,0.125 Mpa,0.126 Mpa,0.125 Mpa,0 Mpa,0.117 Mpa,0.118 Mpa,0.119 Mpa,1.02 Mpa,0 Mpa,0.126 Mpa,0.128 Mpa,0.128 Mpa,0.126 Mpa,0 Mpa,0.128 Mpa,0.127 Mpa,0.130 Mpa,0.129 Mpa,0 Mpa,0.129 Mpa,0.129 Mpa,0.927 Mpa,0.130 Mpa,0 Mpa,1530 RPM
2026-07-05 03:00:00,0.118 Mpa,1.02 Mpa,0.119 Mpa,0.120 Mpa,0 Mpa,0.115 Mpa,0.111 Mpa,0.116 Mpa,1.02 Mpa,0 Mpa,,,,,,0.122 Mpa,0.127 Mpa,0.121 Mpa,0.125 Mpa,,0.130 Mpa,0.128 Mpa,0.129 Mpa,0.129 Mpa,0 Mpa,0.105 Mpa,0.108 Mpa,0.104 Mpa,0.108 Mpa,0 Mpa,0.126 Mpa,0.125 Mpa,0.126 Mpa,0.125 Mpa,0 Mpa,0.121 Mpa,0.122 Mpa,0.124 Mpa,1.02 Mpa,0 Mpa,0.127 Mpa,0.129 Mpa,0.129 Mpa,0.128 Mpa,0 Mpa,0.121 Mpa,0.120 Mpa,0.122 Mpa,0.123 Mpa,0 Mpa,0.130 Mpa,0.130 Mpa,0.932 Mpa,0.131 Mpa,0 Mpa,1716 RPM
2026-07-05 05:00:00,0.127 Mpa,1.02 Mpa,0.129 Mpa,0.129 Mpa,0 Mpa,0.114 Mpa,0.111 Mpa,0.116 Mpa,1.02 Mpa,0 Mpa,,,,,,0.115 Mpa,0.118 Mpa,0.115 Mpa,0.116 Mpa,,0.130 Mpa,0.128 Mpa,0.129 Mpa,0.128 Mpa,0 Mpa,,,,,,0.126 Mpa,0.124 Mpa,0.125 Mpa,0.124 Mpa,0 Mpa,0.123 Mpa,0.124 Mpa,0.126 Mpa,1.02 Mpa,0 Mpa,0.123 Mpa,0.124 Mpa,0.124 Mpa,0.123 Mpa,0 Mpa,0.124 Mpa,0.123 Mpa,0.126 Mpa,0.126 Mpa,0.00662 Mpa,0.129 Mpa,0.129 Mpa,0.794 Mpa,0.131 Mpa,0.0112 Mpa,1687 RPM
2026-07-05 07:00:00,0.128 Mpa,1.02 Mpa,0.130 Mpa,0.130 Mpa,0 Mpa,0.118 Mpa,0.115 Mpa,0.118 Mpa,1.02 Mpa,0 Mpa,0.117 Mpa,0.115 Mpa,0.118 Mpa,0.114 Mpa,0.133 Mpa,0.118 Mpa,0.120 Mpa,0.117 Mpa,0.119 Mpa,,0.133 Mpa,0.132 Mpa,0.133 Mpa,0.132 Mpa,0 Mpa,,,,,,0.129 Mpa,0.127 Mpa,0.128 Mpa,0.127 Mpa,0 Mpa,0.126 Mpa,0.127 Mpa,0.129 Mpa,1.02 Mpa,0 Mpa,0.132 Mpa,0.136 Mpa,0.134 Mpa,0.133 Mpa,0 Mpa,0.115 Mpa,0.114 Mpa,0.116 Mpa,0.117 Mpa,0 Mpa,0.133 Mpa,0.133 Mpa,0.769 Mpa,0.135 Mpa,0 Mpa,1771 RPM
2026-07-05 09:00:00,0.126 Mpa,1.02 Mpa,0.128 Mpa,0.127 Mpa,0 Mpa,0.114 Mpa,0.111 Mpa,0.115 Mpa,1.02 Mpa,0 Mpa,,,,,,0.120 Mpa,0.121 Mpa,0.119 Mpa,0.120 Mpa,,0.131 Mpa,0.129 Mpa,0.131 Mpa,0.130 Mpa,0 Mpa,0.105 Mpa,0.106 Mpa,0.103 Mpa,0.107 Mpa,0 Mpa,0.129 Mpa,0.127 Mpa,0.128 Mpa,0.127 Mpa,0 Mpa,0.125 Mpa,0.126 Mpa,0.128 Mpa,1.02 Mpa,0 Mpa,0.132 Mpa,0.135 Mpa,0.134 Mpa,0.132 Mpa,0 Mpa,0.105 Mpa,0.105 Mpa,0.105 Mpa,0.107 Mpa,0 Mpa,0.134 Mpa,0.133 Mpa,0.641 Mpa,0.135 Mpa,0 Mpa,1643 RPM
2026-07-05 11:00:00,0.126 Mpa,1.02 Mpa,0.128 Mpa,0.128 Mpa,0 Mpa,0.113 Mpa,0.110 Mpa,0.114 Mpa,1.02 Mpa,0 Mpa,,,,,,0.119 Mpa,0.121 Mpa,0.118 Mpa,0.119 Mpa,,0.127 Mpa,0.126 Mpa,0.127 Mpa,0.126 Mpa,0 Mpa,0.110 Mpa,0.111 Mpa,0.110 Mpa,0.112 Mpa,0.0194 Mpa,0.120 Mpa,0.120 Mpa,0.119 Mpa,0.120 Mpa,0.00920 Mpa,0.119 Mpa,0.120 Mpa,0.123 Mpa,1.02 Mpa,0 Mpa,0.135 Mpa,0.139 Mpa,0.137 Mpa,0.136 Mpa,0 Mpa,0.111 Mpa,0.111 Mpa,0.112 Mpa,0.113 Mpa,0.0627 Mpa,0.132 Mpa,0.132 Mpa,0.752 Mpa,0.134 Mpa,0 Mpa,1697 RPM
2026-07-05 13:00:00,0.125 Mpa,1.02 Mpa,0.128 Mpa,0.128 Mpa,0 Mpa,0.117 Mpa,0.113 Mpa,0.117 Mpa,1.02 Mpa,0 Mpa,,,,,,0.113 Mpa,0.114 Mpa,0.112 Mpa,0.113 Mpa,,0.123 Mpa,0.122 Mpa,0.123 Mpa,0.122 Mpa,0 Mpa,0.113 Mpa,0.114 Mpa,0.112 Mpa,0.115 Mpa,0 Mpa,0.126 Mpa,0.125 Mpa,0.126 Mpa,0.125 Mpa,0 Mpa,0.110 Mpa,0.111 Mpa,0.112 Mpa,1.02 Mpa,0 Mpa,0.129 Mpa,0.132 Mpa,0.130 Mpa,0.129 Mpa,0 Mpa,0.125 Mpa,0.125 Mpa,0.127 Mpa,0.128 Mpa,0 Mpa,0.133 Mpa,0.134 Mpa,0.818 Mpa,0.135 Mpa,0 Mpa,1721 RPM
2026-07-05 15:00:00,0.123 Mpa,1.02 Mpa,0.126 Mpa,0.126 Mpa,0 Mpa,0.110 Mpa,0.107 Mpa,0.111 Mpa,1.02 Mpa,0 Mpa,,,,,,0.120 Mpa,0.124 Mpa,0.120 Mpa,0.122 Mpa,,0.121 Mpa,0.119 Mpa,0.120 Mpa,0.120 Mpa,0 Mpa,0.116 Mpa,0.117 Mpa,0.114 Mpa,0.118 Mpa,0 Mpa,0.125 Mpa,0.125 Mpa,0.125 Mpa,0.125 Mpa,0 Mpa,0.118 Mpa,0.118 Mpa,0.120 Mpa,1.02 Mpa,0 Mpa,0.132 Mpa,0.134 Mpa,0.133 Mpa,0.132 Mpa,0 Mpa,0.124 Mpa,0.123 Mpa,0.126 Mpa,0.126 Mpa,0 Mpa,0.133 Mpa,0.132 Mpa,0.663 Mpa,0.134 Mpa,0 Mpa,1777 RPM
2026-07-05 17:00:00,0.123 Mpa,1.02 Mpa,0.125 Mpa,0.125 Mpa,0 Mpa,0.111 Mpa,0.108 Mpa,0.112 Mpa,1.01 Mpa,0.00756 Mpa,,,,,,0.118 Mpa,0.121 Mpa,0.118 Mpa,0.119 Mpa,,0.120 Mpa,0.119 Mpa,0.120 Mpa,0.120 Mpa,0 Mpa,0.113 Mpa,0.114 Mpa,0.112 Mpa,0.114 Mpa,0 Mpa,0.126 Mpa,0.126 Mpa,0.126 Mpa,0.126 Mpa,0 Mpa,0.118 Mpa,0.119 Mpa,0.121 Mpa,1.02 Mpa,0 Mpa,0.129 Mpa,0.133 Mpa,0.130 Mpa,0.130 Mpa,0.00183 Mpa,0.120 Mpa,0.120 Mpa,0.122 Mpa,0.122 Mpa,0.00609 Mpa,0.128 Mpa,0.129 Mpa,0.778 Mpa,0.130 Mpa,0 Mpa,1636 RPM
2026-07-05 19:00:00,0.125 Mpa,1.01 Mpa,0.127 Mpa,0.128 Mpa,0.00872 Mpa,0.119 Mpa,0.114 Mpa,0.120 Mpa,1.02 Mpa,0 Mpa,0.104 Mpa,0.103 Mpa,0.104 Mpa,0.101 Mpa,0.122 Mpa,0.119 Mpa,0.123 Mpa,0.119 Mpa,0.121 Mpa,,0.125 Mpa,0.123 Mpa,0.124 Mpa,0.124 Mpa,0 Mpa,0.110 Mpa,0.110 Mpa,0.108 Mpa,0.111 Mpa,0 Mpa,0.124 Mpa,0.123 Mpa,0.123 Mpa,0.123 Mpa,0 Mpa,0.125 Mpa,0.125 Mpa,0.128 Mpa,1.02 Mpa,0 Mpa,0.128 Mpa,0.131 Mpa,0.129 Mpa,0.128 Mpa,0 Mpa,0.120 Mpa,0.119 Mpa,0.122 Mpa,0.121 Mpa,0 Mpa,0.129 Mpa,0.129 Mpa,0.857 Mpa,0.131 Mpa,0.00876 Mpa,1734 RPM
2026-07-05 21:00:00,0.116 Mpa,0.987 Mpa,0.116 Mpa,0.116 Mpa,0.0929 Mpa,0.121 Mpa,0.118 Mpa,0.123 Mpa,1.02 Mpa,0 Mpa,0.107 Mpa,0.106 Mpa,0.107 Mpa,0.103 Mpa,0 Mpa,0.120 Mpa,0.123 Mpa,0.119 Mpa,0.121 Mpa,,0.125 Mpa,0.123 Mpa,0.124 Mpa,0.124 Mpa,0 Mpa,0.112 Mpa,0.112 Mpa,0.110 Mpa,0.113 Mpa,0 Mpa,0.129 Mpa,0.128 Mpa,0.129 Mpa,0.127 Mpa,0 Mpa,0.125 Mpa,0.125 Mpa,0.128 Mpa,1.01 Mpa,0.00883 Mpa,0.124 Mpa,0.126 Mpa,0.126 Mpa,0.124 Mpa,0 Mpa,0.122 Mpa,0.122 Mpa,0.123 Mpa,0.124 Mpa,0 Mpa,0.118 Mpa,0.119 Mpa,0.960 Mpa,0.120 Mpa,0.0345 Mpa,1664 RPM
2026-07-05 23:00:00,0.129 Mpa,1.02 Mpa,0.131 Mpa,0.131 Mpa,0 Mpa,0.122 Mpa,0.118 Mpa,0.123 Mpa,1.02 Mpa,0 Mpa,0.100 Mpa,0.100 Mpa,0.102 Mpa,0.100 Mpa,0.0163 Mpa,0.120 Mpa,0.124 Mpa,0.120 Mpa,0.122 Mpa,,0.121 Mpa,0.119 Mpa,0.120 Mpa,0.120 Mpa,0.0191 Mpa,0.114 Mpa,0.114 Mpa,0.113 Mpa,0.115 Mpa,0 Mpa,0.123 Mpa,0.122 Mpa,0.123 Mpa,0.122 Mpa,0.0163 Mpa,0.126 Mpa,0.126 Mpa,0.130 Mpa,1.02 Mpa,0 Mpa,0.123 Mpa,0.124 Mpa,0.125 Mpa,0.123 Mpa,0 Mpa,0.121 Mpa,0.120 Mpa,0.122 Mpa,0.122 Mpa,0 Mpa,0.123 Mpa,0.123 Mpa,0.960 Mpa,0.124 Mpa,0 Mpa,1550 RPM
2026-07-06 01:00:00,0.129 Mpa,1.02 Mpa,0.130 Mpa,0.130 Mpa,0 Mpa,0.117 Mpa,0.114 Mpa,0.118 Mpa,1.00 Mpa,0.0264 Mpa,0.103 Mpa,0.103 Mpa,0.105 Mpa,0.103 Mpa,0.0179 Mpa,0.111 Mpa,0.113 Mpa,0.111 Mpa,0.112 Mpa,,0.128 Mpa,0.126 Mpa,0.127 Mpa,0.127 Mpa,0 Mpa,0.114 Mpa,0.116 Mpa,0.113 Mpa,0.117 Mpa,0 Mpa,0.104 Mpa,0.105 Mpa,0.105 Mpa,0.105 Mpa,0.0539 Mpa,0.127 Mpa,0.128 Mpa,0.130 Mpa,1.02 Mpa,0 Mpa,0.124 Mpa,0.127 Mpa,0.127 Mpa,0.124 Mpa,0 Mpa,0.118 Mpa,0.118 Mpa,0.120 Mpa,0.185 Mpa,0.0206 Mpa,0.128 Mpa,0.128 Mpa,0.994 Mpa,0.130 Mpa,0 Mpa,1503 RPM
2026-07-06 03:00:00,0.129 Mpa,1.02 Mpa,0.130 Mpa,0.130 Mpa,0 Mpa,0.118 Mpa,0.114 Mpa,0.118 Mpa,1.02 Mpa,0 Mpa,0.113 Mpa,0.111 Mpa,0.113 Mpa,0.110 Mpa,0 Mpa,0.122 Mpa,0.125 Mpa,0.121 Mpa,0.123 Mpa,,0.123 Mpa,0.122 Mpa,0.123 Mpa,0.122 Mpa,0 Mpa,0.115 Mpa,0.115 Mpa,0.114 Mpa,0.116 Mpa,0 Mpa,0.125 Mpa,0.124 Mpa,0.125 Mpa,0.125 Mpa,0.00437 Mpa,0.116 Mpa,0.117 Mpa,0.119 Mpa,1.02 Mpa,0 Mpa,0.125 Mpa,0.127 Mpa,0.126 Mpa,0.125 Mpa,0 Mpa,,,,,,0.123 Mpa,0.124 Mpa,0.986 Mpa,0.126 Mpa,0 Mpa,1642 RPM
2026-07-06 05:00:00,0.125 Mpa,1.02 Mpa,0.127 Mpa,0.127 Mpa,0 Mpa,0.117 Mpa,0.114 Mpa,0.118 Mpa,1.01 Mpa,0.00746 Mpa,0.118 Mpa,0.114 Mpa,0.118 Mpa,0.114 Mpa,0 Mpa,0.117 Mpa,0.120 Mpa,0.116 Mpa,0.118 Mpa,,0.128 Mpa,0.126 Mpa,0.127 Mpa,0.127 Mpa,0 Mpa,0.115 Mpa,0.115 Mpa,0.114 Mpa,0.116 Mpa,0 Mpa,0.126 Mpa,0.125 Mpa,0.126 Mpa,0.125 Mpa,0 Mpa,0.124 Mpa,0.125 Mpa,0.126 Mpa,1.02 Mpa,0 Mpa,0.124 Mpa,0.126 Mpa,0.125 Mpa,0.124 Mpa,0 Mpa,,,,,,0.126 Mpa,0.126 Mpa,1.01 Mpa,0.127 Mpa,0.00739 Mpa,1735 RPM
2026-07-06 07:00:00,0.122 Mpa,1.01 Mpa,0.122 Mpa,0.122 Mpa,0.00693 Mpa,0.119 Mpa,0.115 Mpa,0.120 Mpa,1.02 Mpa,0 Mpa,0.122 Mpa,0.118 Mpa,0.122 Mpa,0.118 Mpa,0 Mpa,0.121 Mpa,0.123 Mpa,0.120 Mpa,0.121 Mpa,,0.125 Mpa,0.123 Mpa,0.125 Mpa,0.124 Mpa,0 Mpa,0.119 Mpa,0.119 Mpa,0.118 Mpa,0.120 Mpa,0 Mpa,0.127 Mpa,0.125 Mpa,0.126 Mpa,0.125 Mpa,0 Mpa,0.120 Mpa,0.121 Mpa,0.123 Mpa,1.02 Mpa,0 Mpa,0.128 Mpa,0.131 Mpa,0.130 Mpa,0.128 Mpa,0 Mpa,,,,,,0.129 Mpa,0.130 Mpa,1.01 Mpa,0.130 Mpa,0 Mpa,1751 RPM
2026-07-06 09:00:00,0.123 Mpa,1.02 Mpa,0.124 Mpa,0.124 Mpa,0 Mpa,0.117 Mpa,0.113 Mpa,0.118 Mpa,1.02 Mpa,0 Mpa,0.123 Mpa,0.119 Mpa,0.122 Mpa,0.119 Mpa,0 Mpa,0.120 Mpa,0.122 Mpa,0.119 Mpa,0.121 Mpa,,0.127 Mpa,0.124 Mpa,0.126 Mpa,0.125 Mpa,0 Mpa,0.118 Mpa,0.118 Mpa,0.117 Mpa,0.119 Mpa,0 Mpa,0.123 Mpa,0.123 Mpa,0.123 Mpa,0.123 Mpa,0 Mpa,0.123 Mpa,0.123 Mpa,0.127 Mpa,1.02 Mpa,0 Mpa,0.125 Mpa,0.128 Mpa,0.126 Mpa,0.126 Mpa,0 Mpa,0.117 Mpa,0.115 Mpa,0.117 Mpa,0.967 Mpa,0.108 Mpa,0.124 Mpa,0.124 Mpa,1.00 Mpa,0.126 Mpa,0 Mpa,1705 RPM
2026-07-06 11:00:00,0.128 Mpa,1.01 Mpa,0.130 Mpa,0.130 Mpa,0.00946 Mpa,0.114 Mpa,0.111 Mpa,0.115 Mpa,1.02 Mpa,0 Mpa,0.122 Mpa,0.117 Mpa,0.121 Mpa,0.118 Mpa,0 Mpa,0.118 Mpa,0.121 Mpa,0.117 Mpa,0.119 Mpa,,0.130 Mpa,0.129 Mpa,0.130 Mpa,0.130 Mpa,0 Mpa,0.118 Mpa,0.118 Mpa,0.117 Mpa,0.120 Mpa,0.00955 Mpa,0.119 Mpa,0.118 Mpa,0.118 Mpa,0.118 Mpa,0.0248 Mpa,0.120 Mpa,0.121 Mpa,0.123 Mpa,1.02 Mpa,0 Mpa,0.128 Mpa,0.132 Mpa,0.130 Mpa,0.129 Mpa,0.0232 Mpa,,,,,,0.123 Mpa,0.123 Mpa,0.990 Mpa,0.124 Mpa,0.0233 Mpa,1756 RPM
2026-07-06 13:00:00,0.126 Mpa,1.02 Mpa,0.127 Mpa,0.128 Mpa,0 Mpa,0.115 Mpa,0.112 Mpa,0.116 Mpa,1.02 Mpa,0 Mpa,0.122 Mpa,0.118 Mpa,0.123 Mpa,0.118 Mpa,0 Mpa,0.115 Mpa,0.116 Mpa,0.114 Mpa,0.115 Mpa,,0.126 Mpa,0.125 Mpa,0.126 Mpa,0.126 Mpa,0 Mpa,0.114 Mpa,0.116 Mpa,0.114 Mpa,0.115 Mpa,0.135 Mpa,0.131 Mpa,0.130 Mpa,0.130 Mpa,0.131 Mpa,0 Mpa,0.125 Mpa,0.126 Mpa,0.128 Mpa,1.02 Mpa,0 Mpa,0.117 Mpa,0.118 Mpa,0.117 Mpa,0.117 Mpa,0 Mpa,,,,,,0.121 Mpa,0.122 Mpa,0.956 Mpa,0.123 Mpa,0 Mpa,1726 RPM
2026-07-06 15:00:00,0.127 Mpa,1.02 Mpa,0.129 Mpa,0.129 Mpa,0 Mpa,0.117 Mpa,0.113 Mpa,0.118 Mpa,1.02 Mpa,0 Mpa,0.121 Mpa,0.117 Mpa,0.120 Mpa,0.117 Mpa,0 Mpa,0.121 Mpa,0.123 Mpa,0.120 Mpa,0.121 Mpa,,0.126 Mpa,0.124 Mpa,0.125 Mpa,0.125 Mpa,0 Mpa,0.119 Mpa,0.118 Mpa,0.118 Mpa,0.120 Mpa,0 Mpa,0.135 Mpa,0.134 Mpa,0.134 Mpa,0.134 Mpa,0 Mpa,0.120 Mpa,0.121 Mpa,0.123 Mpa,1.02 Mpa,0 Mpa,0.127 Mpa,0.129 Mpa,0.128 Mpa,0.127 Mpa,0 Mpa,,,,,,0.125 Mpa,0.125 Mpa,0.842 Mpa,0.126 Mpa,0 Mpa,1798 RPM
2026-07-06 17:00:00,0.122 Mpa,1.02 Mpa,0.123 Mpa,0.123 Mpa,0 Mpa,0.115 Mpa,0.113 Mpa,0.116 Mpa,1.02 Mpa,0 Mpa,0.119 Mpa,0.115 Mpa,0.118 Mpa,0.115 Mpa,0 Mpa,0.120 Mpa,0.123 Mpa,0.119 Mpa,0.121 Mpa,,0.125 Mpa,0.123 Mpa,0.124 Mpa,0.124 Mpa,0 Mpa,0.118 Mpa,0.118 Mpa,0.116 Mpa,0.119 Mpa,0 Mpa,0.123 Mpa,0.123 Mpa,0.122 Mpa,0.122 Mpa,0 Mpa,0.121 Mpa,0.121 Mpa,0.123 Mpa,1.02 Mpa,0 Mpa,0.125 Mpa,0.127 Mpa,0.126 Mpa,0.124 Mpa,0.00800 Mpa,,,,,,0.122 Mpa,0.123 Mpa,0.982 Mpa,0.124 Mpa,0 Mpa,1630 RPM
2026-07-06 19:00:00,0.126 Mpa,1.02 Mpa,0.127 Mpa,0.127 Mpa,0 Mpa,0.118 Mpa,0.116 Mpa,0.119 Mpa,1.02 Mpa,0 Mpa,0.121 Mpa,0.118 Mpa,0.122 Mpa,0.118 Mpa,0 Mpa,0.119 Mpa,0.122 Mpa,0.118 Mpa,0.120 Mpa,,0.124 Mpa,0.122 Mpa,0.124 Mpa,0.123 Mpa,0 Mpa,0.111 Mpa,0.110 Mpa,0.109 Mpa,0.111 Mpa,0 Mpa,0.127 Mpa,0.127 Mpa,0.127 Mpa,0.127 Mpa,0 Mpa,0.124 Mpa,0.125 Mpa,0.127 Mpa,1.02 Mpa,0 Mpa,0.127 Mpa,0.130 Mpa,0.129 Mpa,0.127 Mpa,0 Mpa,,,,,,0.118 Mpa,0.119 Mpa,1.02 Mpa,0.120 Mpa,0 Mpa,1726 RPM
2026-07-06 21:00:00,0.120 Mpa,1.02 Mpa,0.121 Mpa,0.121 Mpa,0 Mpa,0.116 Mpa,0.113 Mpa,0.117 Mpa,1.02 Mpa,0 Mpa,0.120 Mpa,0.117 Mpa,0.121 Mpa,0.117 Mpa,0 Mpa,0.118 Mpa,0.121 Mpa,0.117 Mpa,0.119 Mpa,,0.125 Mpa,0.123 Mpa,0.124 Mpa,0.123 Mpa,0 Mpa,0.123 Mpa,0.124 Mpa,0.122 Mpa,0.125 Mpa,0 Mpa,0.129 Mpa,0.129 Mpa,0.129 Mpa,0.129 Mpa,0 Mpa,0.121 Mpa,0.120 Mpa,0.123 Mpa,1.01 Mpa,0.00794 Mpa,0.119 Mpa,0.120 Mpa,0.119 Mpa,0.119 Mpa,0 Mpa,,,,,,0.123 Mpa,0.123 Mpa,1.01 Mpa,0.124 Mpa,0 Mpa,1718 RPM
2026-07-06 23:00:00,0.122 Mpa,1.01 Mpa,0.124 Mpa,0.124 Mpa,0.00931 Mpa,0.114 Mpa,0.112 Mpa,0.115 Mpa,1.02 Mpa,0 Mpa,0.121 Mpa,0.118 Mpa,0.121 Mpa,0.118 Mpa,0 Mpa,0.121 Mpa,0.124 Mpa,0.121 Mpa,0.122 Mpa,,0.123 Mpa,0.122 Mpa,0.123 Mpa,0.123 Mpa,0 Mpa,0.117 Mpa,0.117 Mpa,0.116 Mpa,0.118 Mpa,0 Mpa,0.125 Mpa,0.124 Mpa,0.124 Mpa,0.124 Mpa,0.00885 Mpa,0.127 Mpa,0.129 Mpa,0.130 Mpa,1.02 Mpa,0 Mpa,0.129 Mpa,0.134 Mpa,0.131 Mpa,0.131 Mpa,0 Mpa,0.123 Mpa,0.122 Mpa,0.124 Mpa,1.01 Mpa,0.00951 Mpa,0.120 Mpa,0.120 Mpa,1.00 Mpa,0.120 Mpa,0.0115 Mpa,1605 RPM
2026-07-07 01:00:00,0.114 Mpa,0.981 Mpa,0.114 Mpa,0.115 Mpa,0 Mpa,0.111 Mpa,0.108 Mpa,0.112 Mpa,1.01 Mpa,0.0170 Mpa,0.117 Mpa,0.113 Mpa,0.117 Mpa,0.113 Mpa,0.0484 Mpa,0.121 Mpa,0.125 Mpa,0.120 Mpa,0.123 Mpa,,0.131 Mpa,0.130 Mpa,0.129 Mpa,0.130 Mpa,0 Mpa,0.116 Mpa,0.116 Mpa,0.115 Mpa,0.117 Mpa,0 Mpa,0.130 Mpa,0.129 Mpa,0.129 Mpa,0.129 Mpa,0 Mpa,0.119 Mpa,0.120 Mpa,0.122 Mpa,1.02 Mpa,0 Mpa,0.123 Mpa,0.124 Mpa,0.124 Mpa,0.123 Mpa,0 Mpa,0.112 Mpa,0.111 Mpa,0.113 Mpa,0.947 Mpa,0.131 Mpa,0.122 Mpa,0.123 Mpa,0.991 Mpa,0.124 Mpa,0 Mpa,1645 RPM
2026-07-07 03:00:00,,,,,,0.109 Mpa,0.106 Mpa,0.111 Mpa,1.02 Mpa,0 Mpa,0.120 Mpa,0.116 Mpa,0.120 Mpa,0.116 Mpa,0 Mpa,0.119 Mpa,0.122 Mpa,0.119 Mpa,0.121 Mpa,,0.134 Mpa,0.134 Mpa,0.134 Mpa,0.135 Mpa,0.00633 Mpa,0.116 Mpa,0.115 Mpa,0.114 Mpa,0.116 Mpa,0 Mpa,0.129 Mpa,0.128 Mpa,0.128 Mpa,0.128 Mpa,0 Mpa,0.120 Mpa,0.121 Mpa,0.123 Mpa,1.02 Mpa,0 Mpa,0.126 Mpa,0.128 Mpa,0.127 Mpa,0.127 Mpa,0 Mpa,0.116 Mpa,0.115 Mpa,0.117 Mpa,1.02 Mpa,0 Mpa,0.123 Mpa,0.123 Mpa,0.993 Mpa,0.123 Mpa,0 Mpa,1633 RPM
2026-07-07 05:00:00,0.125 Mpa,1.02 Mpa,0.128 Mpa,0.127 Mpa,0 Mpa,0.110 Mpa,0.107 Mpa,0.111 Mpa,1.02 Mpa,0 Mpa,0.121 Mpa,0.117 Mpa,0.120 Mpa,0.116 Mpa,0 Mpa,0.111 Mpa,0.115 Mpa,0.111 Mpa,0.113 Mpa,,0.134 Mpa,0.132 Mpa,0.133 Mpa,0.132 Mpa,0 Mpa,0.117 Mpa,0.117 Mpa,0.115 Mpa,0.117 Mpa,0 Mpa,0.131 Mpa,0.129 Mpa,0.130 Mpa,0.130 Mpa,0 Mpa,0.122 Mpa,0.122 Mpa,0.124 Mpa,1.02 Mpa,0 Mpa,0.120 Mpa,0.123 Mpa,0.121 Mpa,0.122 Mpa,0.00762 Mpa,0.118 Mpa,0.117 Mpa,0.119 Mpa,1.01 Mpa,0.00786 Mpa,0.121 Mpa,0.121 Mpa,0.883 Mpa,0.122 Mpa,0.00783 Mpa,1557 RPM
2026-07-07 07:00:00,0.119 Mpa,1.02 Mpa,0.120 Mpa,0.121 Mpa,0 Mpa,0.119 Mpa,0.115 Mpa,0.119 Mpa,1.02 Mpa,0 Mpa,0.126 Mpa,0.122 Mpa,0.125 Mpa,0.121 Mpa,0 Mpa,0.109 Mpa,0.111 Mpa,0.108 Mpa,0.110 Mpa,,0.139 Mpa,0.137 Mpa,0.139 Mpa,0.138 Mpa,0 Mpa,0.118 Mpa,0.118 Mpa,0.117 Mpa,0.119 Mpa,0 Mpa,0.128 Mpa,0.126 Mpa,0.127 Mpa,0.127 Mpa,0.0109 Mpa,0.126 Mpa,0.126 Mpa,0.128 Mpa,1.02 Mpa,0 Mpa,0.117 Mpa,0.119 Mpa,0.117 Mpa,0.117 Mpa,0 Mpa,0.123 Mpa,0.122 Mpa,0.124 Mpa,1.02 Mpa,0 Mpa,0.127 Mpa,0.128 Mpa,1.00 Mpa,0.129 Mpa,0 Mpa,1712 RPM
2026-07-07 09:00:00,0.127 Mpa,1.02 Mpa,0.129 Mpa,0.129 Mpa,0 Mpa,0.113 Mpa,0.110 Mpa,0.114 Mpa,1.02 Mpa,0 Mpa,0.122 Mpa,0.118 Mpa,0.122 Mpa,0.118 Mpa,0 Mpa,0.118 Mpa,0.121 Mpa,0.117 Mpa,0.119 Mpa,,0.138 Mpa,0.136 Mpa,0.138 Mpa,0.137 Mpa,0 Mpa,0.119 Mpa,0.118 Mpa,0.118 Mpa,0.120 Mpa,0 Mpa,,,,,,0.121 Mpa,0.122 Mpa,0.124 Mpa,1.02 Mpa,0 Mpa,0.129 Mpa,0.133 Mpa,0.130 Mpa,0.130 Mpa,0.00826 Mpa,0.120 Mpa,0.119 Mpa,0.122 Mpa,1.02 Mpa,0 Mpa,0.124 Mpa,0.125 Mpa,0.753 Mpa,0.127 Mpa,0 Mpa,1700 RPM
2026-07-07 11:00:00,0.127 Mpa,1.02 Mpa,0.128 Mpa,0.128 Mpa,0 Mpa,0.115 Mpa,0.112 Mpa,0.116 Mpa,1.02 Mpa,0 Mpa,0.120 Mpa,0.117 Mpa,0.120 Mpa,0.117 Mpa,0 Mpa,0.120 Mpa,0.124 Mpa,0.119 Mpa,0.122 Mpa,,0.134 Mpa,0.133 Mpa,0.134 Mpa,0.134 Mpa,0 Mpa,0.120 Mpa,0.119 Mpa,0.118 Mpa,0.120 Mpa,0.0260 Mpa,0.126 Mpa,0.126 Mpa,0.125 Mpa,0.126 Mpa,0 Mpa,0.124 Mpa,0.125 Mpa,0.128 Mpa,1.02 Mpa,0 Mpa,0.135 Mpa,0.140 Mpa,0.136 Mpa,0.136 Mpa,0 Mpa,0.116 Mpa,0.115 Mpa,0.117 Mpa,1.02 Mpa,0 Mpa,0.125 Mpa,0.125 Mpa,0.953 Mpa,0.127 Mpa,0 Mpa,1746 RPM
2026-07-07 13:00:00,0.124 Mpa,1.01 Mpa,0.126 Mpa,0.125 Mpa,0.00730 Mpa,0.115 Mpa,0.112 Mpa,0.115 Mpa,1.01 Mpa,0.0177 Mpa,0.122 Mpa,0.118 Mpa,0.121 Mpa,0.118 Mpa,0.0134 Mpa,0.120 Mpa,0.124 Mpa,0.120 Mpa,0.121 Mpa,,0.127 Mpa,0.126 Mpa,0.127 Mpa,0.127 Mpa,0.0180 Mpa,0.108 Mpa,0.108 Mpa,0.107 Mpa,0.108 Mpa,0.0681 Mpa,0.130 Mpa,0.129 Mpa,0.129 Mpa,0.129 Mpa,0.00698 Mpa,0.128 Mpa,0.128 Mpa,0.131 Mpa,1.01 Mpa,0.00722 Mpa,0.135 Mpa,0.141 Mpa,0.137 Mpa,0.137 Mpa,0.0110 Mpa,0.124 Mpa,0.123 Mpa,0.125 Mpa,1.02 Mpa,0 Mpa,0.121 Mpa,0.121 Mpa,0.886 Mpa,0.123 Mpa,0.0464 Mpa,1624 RPM
2026-07-07 15:00:00,,,,,,,,,,,,,,,,,,,,,,,,,,,,,,,,,,,,,,,,,,,,,,0.110 Mpa,0.110 Mpa,0.111 Mpa,0.984 Mpa,0.0621 Mpa,,,,,,750 RPM
2026-07-07 17:00:00,0.121 Mpa,1.02 Mpa,0.123 Mpa,0.123 Mpa,0 Mpa,0.121 Mpa,0.119 Mpa,0.123 Mpa,1.02 Mpa,0 Mpa,0.105 Mpa,0.102 Mpa,0.105 Mpa,0.102 Mpa,0 Mpa,,,,,,0.119 Mpa,0.118 Mpa,0.118 Mpa,0.118 Mpa,0 Mpa,,,,,,0.126 Mpa,0.125 Mpa,0.126 Mpa,0.124 Mpa,0 Mpa,0.123 Mpa,0.123 Mpa,0.125 Mpa,1.02 Mpa,0 Mpa,0.126 Mpa,0.129 Mpa,0.127 Mpa,0.127 Mpa,0 Mpa,0.119 Mpa,0.119 Mpa,0.120 Mpa,1.02 Mpa,0 Mpa,0.116 Mpa,0.116 Mpa,0.945 Mpa,0.116 Mpa,0 Mpa,1580 RPM
2026-07-07 19:00:00,0.127 Mpa,1.02 Mpa,0.128 Mpa,0.128 Mpa,0 Mpa,0.127 Mpa,0.123 Mpa,0.127 Mpa,1.02 Mpa,0 Mpa,0.111 Mpa,0.109 Mpa,0.111 Mpa,0.109 Mpa,0 Mpa,0.108 Mpa,0.111 Mpa,0.109 Mpa,0.110 Mpa,,0.130 Mpa,0.128 Mpa,0.129 Mpa,0.129 Mpa,0 Mpa,0.113 Mpa,0.115 Mpa,0.112 Mpa,0.116 Mpa,0 Mpa,0.128 Mpa,0.126 Mpa,0.127 Mpa,0.126 Mpa,0 Mpa,0.132 Mpa,0.133 Mpa,0.136 Mpa,1.02 Mpa,0 Mpa,0.135 Mpa,0.139 Mpa,0.137 Mpa,0.136 Mpa,0 Mpa,0.121 Mpa,0.121 Mpa,0.123 Mpa,1.02 Mpa,0 Mpa,0.126 Mpa,0.126 Mpa,1.00 Mpa,0.127 Mpa,0 Mpa,1663 RPM
2026-07-07 21:00:00,0.124 Mpa,1.02 Mpa,0.125 Mpa,0.125 Mpa,0 Mpa,0.123 Mpa,0.120 Mpa,0.124 Mpa,1.02 Mpa,0 Mpa,0.112 Mpa,0.110 Mpa,0.112 Mpa,0.109 Mpa,0 Mpa,0.116 Mpa,0.119 Mpa,0.116 Mpa,0.118 Mpa,,0.131 Mpa,0.129 Mpa,0.131 Mpa,0.130 Mpa,0 Mpa,0.121 Mpa,0.120 Mpa,0.120 Mpa,0.121 Mpa,0 Mpa,0.129 Mpa,0.129 Mpa,0.129 Mpa,0.129 Mpa,0 Mpa,0.128 Mpa,0.129 Mpa,0.132 Mpa,1.02 Mpa,0 Mpa,0.133 Mpa,0.138 Mpa,0.135 Mpa,0.134 Mpa,0 Mpa,0.119 Mpa,0.118 Mpa,0.120 Mpa,1.02 Mpa,0 Mpa,0.125 Mpa,0.125 Mpa,1.02 Mpa,0.126 Mpa,0 Mpa,1727 RPM
2026-07-07 23:00:00,0.122 Mpa,1.01 Mpa,0.124 Mpa,0.124 Mpa,0.0118 Mpa,0.124 Mpa,0.121 Mpa,0.125 Mpa,1.02 Mpa,0 Mpa,0.111 Mpa,0.109 Mpa,0.111 Mpa,0.109 Mpa,0 Mpa,0.118 Mpa,0.121 Mpa,0.117 Mpa,0.119 Mpa,,0.127 Mpa,0.125 Mpa,0.126 Mpa,0.126 Mpa,0.0239 Mpa,0.118 Mpa,0.118 Mpa,0.117 Mpa,0.119 Mpa,0 Mpa,0.126 Mpa,0.126 Mpa,0.126 Mpa,0.126 Mpa,0 Mpa,0.120 Mpa,0.120 Mpa,0.123 Mpa,1.01 Mpa,0.00725 Mpa,0.134 Mpa,0.138 Mpa,0.136 Mpa,0.135 Mpa,0 Mpa,0.117 Mpa,0.116 Mpa,0.118 Mpa,1.01 Mpa,0.0166 Mpa,0.128 Mpa,0.128 Mpa,1.02 Mpa,0.129 Mpa,0 Mpa,1698 RPM
2026-07-08 01:00:00,0.123 Mpa,1.02 Mpa,0.125 Mpa,0.124 Mpa,0 Mpa,0.126 Mpa,0.124 Mpa,0.126 Mpa,1.02 Mpa,0 Mpa,0.104 Mpa,0.103 Mpa,0.104 Mpa,0.102 Mpa,0.00836 Mpa,0.105 Mpa,0.107 Mpa,0.105 Mpa,0.106 Mpa,,0.126 Mpa,0.125 Mpa,0.126 Mpa,0.126 Mpa,0 Mpa,0.117 Mpa,0.116 Mpa,0.115 Mpa,0.117 Mpa,0 Mpa,0.114 Mpa,0.114 Mpa,0.114 Mpa,0.115 Mpa,0 Mpa,0.122 Mpa,0.123 Mpa,0.126 Mpa,1.02 Mpa,0 Mpa,0.130 Mpa,0.134 Mpa,0.132 Mpa,0.131 Mpa,0 Mpa,0.112 Mpa,0.112 Mpa,0.114 Mpa,1.02 Mpa,0 Mpa,0.127 Mpa,0.126 Mpa,0.822 Mpa,0.128 Mpa,0 Mpa,1536 RPM
2026-07-08 03:00:00,0.124 Mpa,1.02 Mpa,0.126 Mpa,0.126 Mpa,0 Mpa,0.120 Mpa,0.118 Mpa,0.121 Mpa,1.01 Mpa,0.0210 Mpa,0.106 Mpa,0.104 Mpa,0.106 Mpa,0.103 Mpa,0.0105 Mpa,0.122 Mpa,0.123 Mpa,0.121 Mpa,0.122 Mpa,,0.121 Mpa,0.120 Mpa,0.120 Mpa,0.120 Mpa,0 Mpa,0.119 Mpa,0.119 Mpa,0.118 Mpa,0.120 Mpa,0 Mpa,0.125 Mpa,0.125 Mpa,0.125 Mpa,0.125 Mpa,0 Mpa,0.119 Mpa,0.120 Mpa,0.121 Mpa,1.02 Mpa,0 Mpa,0.129 Mpa,0.133 Mpa,0.131 Mpa,0.130 Mpa,0 Mpa,0.119 Mpa,0.119 Mpa,0.120 Mpa,1.02 Mpa,0 Mpa,0.125 Mpa,0.125 Mpa,1.01 Mpa,0.126 Mpa,0 Mpa,1660 RPM
2026-07-08 05:00:00,0.122 Mpa,1.02 Mpa,0.124 Mpa,0.123 Mpa,0 Mpa,0.111 Mpa,0.109 Mpa,0.112 Mpa,1.02 Mpa,0 Mpa,0.112 Mpa,0.110 Mpa,0.113 Mpa,0.109 Mpa,0 Mpa,0.113 Mpa,0.115 Mpa,0.113 Mpa,0.114 Mpa,,0.117 Mpa,0.115 Mpa,0.116 Mpa,0.116 Mpa,0 Mpa,0.120 Mpa,0.119 Mpa,0.118 Mpa,0.120 Mpa,0 Mpa,0.125 Mpa,0.124 Mpa,0.124 Mpa,0.125 Mpa,0.00639 Mpa,0.124 Mpa,0.124 Mpa,0.126 Mpa,1.02 Mpa,0 Mpa,0.128 Mpa,0.131 Mpa,0.129 Mpa,0.129 Mpa,0.00758 Mpa,0.118 Mpa,0.117 Mpa,0.119 Mpa,1.01 Mpa,0.00586 Mpa,0.126 Mpa,0.126 Mpa,1.02 Mpa,0.127 Mpa,0 Mpa,1628 RPM
2026-07-08 07:00:00,0.124 Mpa,1.02 Mpa,0.127 Mpa,0.126 Mpa,0 Mpa,0.100 Mpa,0.0980 Mpa,0.100 Mpa,1.02 Mpa,0 Mpa,0.110 Mpa,0.108 Mpa,0.110 Mpa,0.107 Mpa,0 Mpa,0.117 Mpa,0.119 Mpa,0.116 Mpa,0.118 Mpa,,0.124 Mpa,0.122 Mpa,0.123 Mpa,0.123 Mpa,0 Mpa,0.123 Mpa,0.122 Mpa,0.121 Mpa,0.123 Mpa,0 Mpa,0.124 Mpa,0.123 Mpa,0.123 Mpa,0.124 Mpa,0.00660 Mpa,0.123 Mpa,0.125 Mpa,0.127 Mpa,1.02 Mpa,0 Mpa,0.125 Mpa,0.128 Mpa,0.127 Mpa,0.126 Mpa,0 Mpa,0.123 Mpa,0.122 Mpa,0.124 Mpa,1.02 Mpa,0 Mpa,0.125 Mpa,0.126 Mpa,1.01 Mpa,0.127 Mpa,0 Mpa,1578 RPM
2026-07-08 09:00:00,0.124 Mpa,1.02 Mpa,0.126 Mpa,0.125 Mpa,0 Mpa,0.111 Mpa,0.109 Mpa,0.112 Mpa,1.02 Mpa,0 Mpa,0.112 Mpa,0.110 Mpa,0.112 Mpa,0.109 Mpa,0 Mpa,0.120 Mpa,0.123 Mpa,0.119 Mpa,0.121 Mpa,,0.124 Mpa,0.122 Mpa,0.124 Mpa,0.123 Mpa,0.00882 Mpa,0.121 Mpa,0.122 Mpa,0.120 Mpa,0.122 Mpa,0 Mpa,0.126 Mpa,0.125 Mpa,0.125 Mpa,0.125 Mpa,0.00635 Mpa,0.126 Mpa,0.127 Mpa,0.130 Mpa,1.02 Mpa,0 Mpa,0.126 Mpa,0.129 Mpa,0.127 Mpa,0.126 Mpa,0 Mpa,0.120 Mpa,0.119 Mpa,0.122 Mpa,1.02 Mpa,0 Mpa,0.127 Mpa,0.126 Mpa,1.01 Mpa,0.127 Mpa,0 Mpa,1730 RPM
2026-07-08 11:00:00,0.121 Mpa,1.01 Mpa,0.123 Mpa,0.123 Mpa,0.0145 Mpa,0.114 Mpa,0.112 Mpa,0.115 Mpa,1.02 Mpa,0 Mpa,0.113 Mpa,0.111 Mpa,0.113 Mpa,0.110 Mpa,0 Mpa,0.117 Mpa,0.121 Mpa,0.117 Mpa,0.119 Mpa,,0.118 Mpa,0.116 Mpa,0.117 Mpa,0.117 Mpa,0 Mpa,0.118 Mpa,0.118 Mpa,0.116 Mpa,0.119 Mpa,0.0122 Mpa,0.132 Mpa,0.131 Mpa,0.131 Mpa,0.131 Mpa,0 Mpa,0.124 Mpa,0.126 Mpa,0.128 Mpa,1.02 Mpa,0 Mpa,0.127 Mpa,0.132 Mpa,0.129 Mpa,0.129 Mpa,0 Mpa,0.121 Mpa,0.119 Mpa,0.122 Mpa,1.02 Mpa,0 Mpa,0.126 Mpa,0.126 Mpa,1.02 Mpa,0.127 Mpa,0 Mpa,1718 RPM
2026-07-08 13:00:00,0.117 Mpa,1.01 Mpa,0.118 Mpa,0.118 Mpa,0 Mpa,0.119 Mpa,0.117 Mpa,0.119 Mpa,1.02 Mpa,0 Mpa,0.118 Mpa,0.115 Mpa,0.118 Mpa,0.114 Mpa,0 Mpa,0.116 Mpa,0.119 Mpa,0.115 Mpa,0.118 Mpa,,0.122 Mpa,0.121 Mpa,0.122 Mpa,0.122 Mpa,0 Mpa,0.114 Mpa,0.114 Mpa,0.112 Mpa,0.115 Mpa,0.0482 Mpa,0.126 Mpa,0.125 Mpa,0.125 Mpa,0.125 Mpa,0 Mpa,0.117 Mpa,0.119 Mpa,0.121 Mpa,1.02 Mpa,0 Mpa,0.129 Mpa,0.134 Mpa,0.132 Mpa,0.132 Mpa,0.00733 Mpa,0.120 Mpa,0.119 Mpa,0.122 Mpa,1.02 Mpa,0 Mpa,0.117 Mpa,0.117 Mpa,0.994 Mpa,0.117 Mpa,0.0277 Mpa,1602 RPM
2026-07-08 15:00:00,0.120 Mpa,1.02 Mpa,0.122 Mpa,0.122 Mpa,0 Mpa,0.113 Mpa,0.111 Mpa,0.113 Mpa,1.02 Mpa,0 Mpa,0.103 Mpa,0.101 Mpa,0.103 Mpa,0.0992 Mpa,0 Mpa,0.118 Mpa,0.121 Mpa,0.117 Mpa,0.120 Mpa,,0.118 Mpa,0.117 Mpa,0.118 Mpa,0.118 Mpa,0 Mpa,0.122 Mpa,0.123 Mpa,0.121 Mpa,0.124 Mpa,0 Mpa,0.129 Mpa,0.128 Mpa,0.128 Mpa,0.127 Mpa,0 Mpa,0.125 Mpa,0.126 Mpa,0.128 Mpa,1.02 Mpa,0 Mpa,0.124 Mpa,0.126 Mpa,0.125 Mpa,0.124 Mpa,0 Mpa,0.115 Mpa,0.114 Mpa,0.116 Mpa,1.02 Mpa,0 Mpa,0.127 Mpa,0.127 Mpa,1.01 Mpa,0.128 Mpa,0 Mpa,1653 RPM
2026-07-08 17:00:00,0.116 Mpa,1.02 Mpa,0.117 Mpa,0.117 Mpa,0 Mpa,0.113 Mpa,0.110 Mpa,0.114 Mpa,1.01 Mpa,0.0100 Mpa,0.115 Mpa,0.111 Mpa,0.115 Mpa,0.111 Mpa,0 Mpa,0.113 Mpa,0.115 Mpa,0.113 Mpa,0.114 Mpa,,0.117 Mpa,0.117 Mpa,0.117 Mpa,0.117 Mpa,0 Mpa,0.122 Mpa,0.120 Mpa,0.120 Mpa,0.122 Mpa,0 Mpa,0.122 Mpa,0.121 Mpa,0.121 Mpa,0.121 Mpa,0.00962 Mpa,0.125 Mpa,0.126 Mpa,0.128 Mpa,1.02 Mpa,0 Mpa,0.126 Mpa,0.128 Mpa,0.128 Mpa,0.126 Mpa,0.00642 Mpa,0.118 Mpa,0.118 Mpa,0.120 Mpa,1.02 Mpa,0 Mpa,0.122 Mpa,0.122 Mpa,0.979 Mpa,0.123 Mpa,0 Mpa,1607 RPM
2026-07-08 19:00:00,0.119 Mpa,1.02 Mpa,0.121 Mpa,0.122 Mpa,0 Mpa,0.115 Mpa,0.112 Mpa,0.115 Mpa,1.02 Mpa,0 Mpa,0.119 Mpa,0.114 Mpa,0.118 Mpa,0.114 Mpa,0 Mpa,0.115 Mpa,0.117 Mpa,0.114 Mpa,0.116 Mpa,,0.114 Mpa,0.114 Mpa,0.113 Mpa,0.115 Mpa,0 Mpa,0.117 Mpa,0.117 Mpa,0.116 Mpa,0.118 Mpa,0 Mpa,0.104 Mpa,0.108 Mpa,0.105 Mpa,0.108 Mpa,0 Mpa,0.124 Mpa,0.124 Mpa,0.127 Mpa,1.02 Mpa,0 Mpa,0.121 Mpa,0.124 Mpa,0.123 Mpa,0.121 Mpa,0 Mpa,0.117 Mpa,0.117 Mpa,0.119 Mpa,1.02 Mpa,0 Mpa,0.123 Mpa,0.123 Mpa,1.00 Mpa,0.124 Mpa,0 Mpa,1668 RPM
2026-07-08 21:00:00,0.124 Mpa,1.02 Mpa,0.126 Mpa,0.126 Mpa,0 Mpa,0.114 Mpa,0.112 Mpa,0.116 Mpa,1.02 Mpa,0 Mpa,0.120 Mpa,0.116 Mpa,0.120 Mpa,0.115 Mpa,0 Mpa,0.116 Mpa,0.118 Mpa,0.115 Mpa,0.117 Mpa,,0.118 Mpa,0.117 Mpa,0.117 Mpa,0.118 Mpa,0 Mpa,0.117 Mpa,0.117 Mpa,0.116 Mpa,0.119 Mpa,0 Mpa,0.117 Mpa,0.117 Mpa,0.117 Mpa,0.118 Mpa,0.00876 Mpa,0.124 Mpa,0.125 Mpa,0.128 Mpa,1.01 Mpa,0.00693 Mpa,0.123 Mpa,0.124 Mpa,0.124 Mpa,0.122 Mpa,0 Mpa,0.118 Mpa,0.116 Mpa,0.119 Mpa,1.02 Mpa,0 Mpa,0.122 Mpa,0.122 Mpa,0.985 Mpa,0.123 Mpa,0 Mpa,1629 RPM
2026-07-08 23:00:00,0.121 Mpa,1.01 Mpa,0.122 Mpa,0.122 Mpa,0.00647 Mpa,0.118 Mpa,0.115 Mpa,0.119 Mpa,1.02 Mpa,0 Mpa,0.122 Mpa,0.118 Mpa,0.122 Mpa,0.118 Mpa,0 Mpa,0.102 Mpa,0.103 Mpa,0.102 Mpa,0.103 Mpa,,0.114 Mpa,0.113 Mpa,0.113 Mpa,0.113 Mpa,0.0336 Mpa,0.117 Mpa,0.116 Mpa,0.116 Mpa,0.118 Mpa,0 Mpa,0.131 Mpa,0.130 Mpa,0.130 Mpa,0.130 Mpa,0 Mpa,0.114 Mpa,0.115 Mpa,0.115 Mpa,1.00 Mpa,0.0370 Mpa,0.129 Mpa,0.131 Mpa,0.131 Mpa,0.129 Mpa,0.00699 Mpa,0.118 Mpa,0.117 Mpa,0.120 Mpa,1.01 Mpa,0.00697 Mpa,0.126 Mpa,0.126 Mpa,0.994 Mpa,0.128 Mpa,0 Mpa,1557 RPM
2026-07-09 01:00:00,0.126 Mpa,1.02 Mpa,0.128 Mpa,0.128 Mpa,0 Mpa,0.118 Mpa,0.115 Mpa,0.119 Mpa,1.02 Mpa,0 Mpa,0.120 Mpa,0.116 Mpa,0.119 Mpa,0.116 Mpa,0.0233 Mpa,0.115 Mpa,0.117 Mpa,0.115 Mpa,0.116 Mpa,,0.125 Mpa,0.123 Mpa,0.124 Mpa,0.124 Mpa,0 Mpa,0.115 Mpa,0.115 Mpa,0.113 Mpa,0.116 Mpa,0 Mpa,0.134 Mpa,0.132 Mpa,0.133 Mpa,0.132 Mpa,0 Mpa,0.125 Mpa,0.125 Mpa,0.127 Mpa,1.02 Mpa,0 Mpa,0.122 Mpa,0.124 Mpa,0.124 Mpa,0.123 Mpa,0 Mpa,0.109 Mpa,0.108 Mpa,0.110 Mpa,1.00 Mpa,0.0224 Mpa,0.125 Mpa,0.125 Mpa,1.00 Mpa,0.126 Mpa,0.00664 Mpa,1686 RPM
2026-07-09 03:00:00,0.128 Mpa,1.02 Mpa,0.129 Mpa,0.129 Mpa,0 Mpa,0.110 Mpa,0.108 Mpa,0.111 Mpa,1.01 Mpa,0.00735 Mpa,0.116 Mpa,0.113 Mpa,0.116 Mpa,0.112 Mpa,0 Mpa,0.120 Mpa,0.122 Mpa,0.120 Mpa,0.121 Mpa,,0.130 Mpa,0.128 Mpa,0.129 Mpa,0.129 Mpa,0 Mpa,0.119 Mpa,0.119 Mpa,0.118 Mpa,0.120 Mpa,0 Mpa,0.129 Mpa,0.128 Mpa,0.128 Mpa,0.128 Mpa,0 Mpa,0.124 Mpa,0.125 Mpa,0.128 Mpa,1.02 Mpa,0 Mpa,0.127 Mpa,0.129 Mpa,0.129 Mpa,0.127 Mpa,0 Mpa,0.120 Mpa,0.119 Mpa,0.122 Mpa,1.02 Mpa,0 Mpa,0.125 Mpa,0.125 Mpa,1.00 Mpa,0.127 Mpa,0 Mpa,1716 RPM
2026-07-09 05:00:00,0.121 Mpa,1.02 Mpa,0.123 Mpa,0.123 Mpa,0 Mpa,0.116 Mpa,0.114 Mpa,0.116 Mpa,1.02 Mpa,0 Mpa,0.120 Mpa,0.118 Mpa,0.120 Mpa,0.117 Mpa,0 Mpa,0.116 Mpa,0.117 Mpa,0.115 Mpa,0.117 Mpa,,0.122 Mpa,0.122 Mpa,0.121 Mpa,0.122 Mpa,0.0117 Mpa,0.109 Mpa,0.110 Mpa,0.108 Mpa,0.111 Mpa,0 Mpa,0.126 Mpa,0.125 Mpa,0.125 Mpa,0.125 Mpa,0 Mpa,0.123 Mpa,0.123 Mpa,0.126 Mpa,1.02 Mpa,0 Mpa,0.125 Mpa,0.128 Mpa,0.126 Mpa,0.125 Mpa,0.00680 Mpa,0.123 Mpa,0.122 Mpa,0.125 Mpa,1.01 Mpa,0.00609 Mpa,0.127 Mpa,0.126 Mpa,1.01 Mpa,0.128 Mpa,0 Mpa,1610 RPM
2026-07-09 07:00:00,0.124 Mpa,1.02 Mpa,0.125 Mpa,0.125 Mpa,0 Mpa,0.115 Mpa,0.113 Mpa,0.115 Mpa,1.02 Mpa,0 Mpa,0.123 Mpa,0.120 Mpa,0.124 Mpa,0.119 Mpa,0 Mpa,0.119 Mpa,0.122 Mpa,0.119 Mpa,0.120 Mpa,,0.127 Mpa,0.124 Mpa,0.126 Mpa,0.125 Mpa,0 Mpa,0.116 Mpa,0.116 Mpa,0.114 Mpa,0.117 Mpa,0 Mpa,0.127 Mpa,0.125 Mpa,0.126 Mpa,0.125 Mpa,0 Mpa,0.122 Mpa,0.123 Mpa,0.126 Mpa,1.02 Mpa,0 Mpa,0.129 Mpa,0.132 Mpa,0.130 Mpa,0.129 Mpa,0 Mpa,0.129 Mpa,0.128 Mpa,0.131 Mpa,1.02 Mpa,0 Mpa,0.126 Mpa,0.126 Mpa,1.02 Mpa,0.128 Mpa,0 Mpa,1772 RPM
2026-07-09 09:00:00,0.125 Mpa,1.02 Mpa,0.127 Mpa,0.127 Mpa,0 Mpa,0.114 Mpa,0.111 Mpa,0.115 Mpa,1.02 Mpa,0 Mpa,0.124 Mpa,0.120 Mpa,0.124 Mpa,0.121 Mpa,0 Mpa,0.122 Mpa,0.124 Mpa,0.120 Mpa,0.122 Mpa,,0.124 Mpa,0.122 Mpa,0.123 Mpa,0.123 Mpa,0 Mpa,0.122 Mpa,0.121 Mpa,0.121 Mpa,0.122 Mpa,0.0145 Mpa,0.127 Mpa,0.125 Mpa,0.126 Mpa,0.125 Mpa,0 Mpa,0.123 Mpa,0.124 Mpa,0.127 Mpa,1.02 Mpa,0 Mpa,0.131 Mpa,0.135 Mpa,0.133 Mpa,0.132 Mpa,0 Mpa,0.127 Mpa,0.126 Mpa,0.129 Mpa,1.02 Mpa,0 Mpa,0.126 Mpa,0.126 Mpa,1.02 Mpa,0.127 Mpa,0 Mpa,1725 RPM
2026-07-09 11:00:00,0.125 Mpa,1.02 Mpa,0.128 Mpa,0.128 Mpa,0 Mpa,0.113 Mpa,0.106 Mpa,0.113 Mpa,1.02 Mpa,0 Mpa,0.122 Mpa,0.118 Mpa,0.122 Mpa,0.118 Mpa,0 Mpa,0.120 Mpa,0.123 Mpa,0.118 Mpa,0.121 Mpa,,0.124 Mpa,0.122 Mpa,0.124 Mpa,0.123 Mpa,0 Mpa,0.118 Mpa,0.117 Mpa,0.116 Mpa,0.117 Mpa,0 Mpa,0.125 Mpa,0.125 Mpa,0.125 Mpa,0.125 Mpa,0.0145 Mpa,0.123 Mpa,0.124 Mpa,0.127 Mpa,1.02 Mpa,0 Mpa,0.129 Mpa,0.132 Mpa,0.130 Mpa,0.130 Mpa,0 Mpa,0.125 Mpa,0.124 Mpa,0.127 Mpa,1.02 Mpa,0 Mpa,0.122 Mpa,0.122 Mpa,0.964 Mpa,0.123 Mpa,0 Mpa,1555 RPM
2026-07-09 13:00:00,0.124 Mpa,1.02 Mpa,0.125 Mpa,0.125 Mpa,0 Mpa,0.115 Mpa,0.108 Mpa,0.115 Mpa,1.02 Mpa,0 Mpa,0.120 Mpa,0.116 Mpa,0.120 Mpa,0.117 Mpa,0 Mpa,0.108 Mpa,0.111 Mpa,0.108 Mpa,0.110 Mpa,,0.122 Mpa,0.121 Mpa,0.121 Mpa,0.122 Mpa,0 Mpa,0.122 Mpa,0.122 Mpa,0.121 Mpa,0.123 Mpa,0 Mpa,0.123 Mpa,0.122 Mpa,0.122 Mpa,0.122 Mpa,0 Mpa,0.126 Mpa,0.127 Mpa,0.130 Mpa,1.02 Mpa,0 Mpa,0.124 Mpa,0.127 Mpa,0.126 Mpa,0.125 Mpa,0 Mpa,0.128 Mpa,0.126 Mpa,0.130 Mpa,1.01 Mpa,0.00760 Mpa,0.121 Mpa,0.121 Mpa,1.01 Mpa,0.123 Mpa,0 Mpa,1651 RPM
2026-07-09 15:00:00,0.120 Mpa,1.02 Mpa,0.122 Mpa,0.122 Mpa,0 Mpa,0.114 Mpa,0.106 Mpa,0.114 Mpa,1.02 Mpa,0 Mpa,0.121 Mpa,0.117 Mpa,0.121 Mpa,0.117 Mpa,0 Mpa,0.119 Mpa,0.122 Mpa,0.118 Mpa,0.120 Mpa,,0.126 Mpa,0.124 Mpa,0.125 Mpa,0.125 Mpa,0 Mpa,0.123 Mpa,0.122 Mpa,0.122 Mpa,0.124 Mpa,0 Mpa,0.126 Mpa,0.125 Mpa,0.125 Mpa,0.124 Mpa,0 Mpa,0.121 Mpa,0.123 Mpa,0.125 Mpa,1.02 Mpa,0 Mpa,0.131 Mpa,0.136 Mpa,0.133 Mpa,0.133 Mpa,0.00272 Mpa,0.127 Mpa,0.126 Mpa,0.129 Mpa,1.02 Mpa,0 Mpa,0.128 Mpa,0.127 Mpa,1.02 Mpa,0.129 Mpa,0 Mpa,1764 RPM
2026-07-09 17:00:00,0.121 Mpa,1.02 Mpa,0.123 Mpa,0.123 Mpa,0 Mpa,0.115 Mpa,0.109 Mpa,0.115 Mpa,1.02 Mpa,0 Mpa,0.122 Mpa,0.118 Mpa,0.121 Mpa,0.117 Mpa,0 Mpa,0.120 Mpa,0.123 Mpa,0.120 Mpa,0.121 Mpa,,0.123 Mpa,0.121 Mpa,0.122 Mpa,0.122 Mpa,0 Mpa,0.114 Mpa,0.114 Mpa,0.113 Mpa,0.115 Mpa,0 Mpa,0.122 Mpa,0.122 Mpa,0.121 Mpa,0.121 Mpa,0.00614 Mpa,0.119 Mpa,0.121 Mpa,0.122 Mpa,1.02 Mpa,0 Mpa,0.122 Mpa,0.125 Mpa,0.124 Mpa,0.122 Mpa,0.00870 Mpa,0.122 Mpa,0.121 Mpa,0.124 Mpa,1.01 Mpa,0.00620 Mpa,0.127 Mpa,0.127 Mpa,1.02 Mpa,0.128 Mpa,0 Mpa,1720 RPM
2026-07-09 19:00:00,0.123 Mpa,1.02 Mpa,0.124 Mpa,0.125 Mpa,0 Mpa,0.116 Mpa,0.108 Mpa,0.116 Mpa,1.02 Mpa,0 Mpa,0.118 Mpa,0.116 Mpa,0.118 Mpa,0.115 Mpa,0 Mpa,0.121 Mpa,0.123 Mpa,0.120 Mpa,0.121 Mpa,,0.120 Mpa,0.120 Mpa,0.119 Mpa,0.120 Mpa,0 Mpa,0.119 Mpa,0.119 Mpa,0.118 Mpa,0.120 Mpa,0 Mpa,0.118 Mpa,0.117 Mpa,0.117 Mpa,0.117 Mpa,0 Mpa,0.123 Mpa,0.124 Mpa,0.126 Mpa,1.02 Mpa,0 Mpa,0.126 Mpa,0.128 Mpa,0.128 Mpa,0.126 Mpa,0 Mpa,0.117 Mpa,0.116 Mpa,0.119 Mpa,1.02 Mpa,0 Mpa,0.122 Mpa,0.122 Mpa,1.01 Mpa,0.123 Mpa,0 Mpa,1772 RPM
2026-07-09 21:00:00,0.121 Mpa,1.02 Mpa,0.123 Mpa,0.123 Mpa,0 Mpa,0.115 Mpa,0.112 Mpa,0.115 Mpa,1.02 Mpa,0 Mpa,0.119 Mpa,0.116 Mpa,0.119 Mpa,0.116 Mpa,0 Mpa,0.117 Mpa,0.119 Mpa,0.116 Mpa,0.118 Mpa,,0.124 Mpa,0.122 Mpa,0.124 Mpa,0.124 Mpa,0 Mpa,0.119 Mpa,0.120 Mpa,0.117 Mpa,0.121 Mpa,0 Mpa,0.126 Mpa,0.125 Mpa,0.125 Mpa,0.126 Mpa,0 Mpa,0.122 Mpa,0.122 Mpa,0.126 Mpa,1.01 Mpa,0.0151 Mpa,0.126 Mpa,0.130 Mpa,0.128 Mpa,0.126 Mpa,0 Mpa,0.121 Mpa,0.120 Mpa,0.123 Mpa,1.02 Mpa,0 Mpa,0.124 Mpa,0.124 Mpa,1.01 Mpa,0.126 Mpa,0 Mpa,1798 RPM
2026-07-09 23:00:00,0.125 Mpa,1.01 Mpa,0.126 Mpa,0.126 Mpa,0.00782 Mpa,0.113 Mpa,0.109 Mpa,0.114 Mpa,1.02 Mpa,0 Mpa,0.119 Mpa,0.116 Mpa,0.119 Mpa,0.115 Mpa,0.0110 Mpa,0.120 Mpa,0.124 Mpa,0.119 Mpa,0.122 Mpa,,0.126 Mpa,0.123 Mpa,0.126 Mpa,0.125 Mpa,0.0270 Mpa,0.117 Mpa,0.117 Mpa,0.116 Mpa,0.118 Mpa,0 Mpa,0.124 Mpa,0.123 Mpa,0.123 Mpa,0.123 Mpa,0 Mpa,0.122 Mpa,0.123 Mpa,0.125 Mpa,1.02 Mpa,0 Mpa,0.125 Mpa,0.128 Mpa,0.126 Mpa,0.126 Mpa,0 Mpa,0.119 Mpa,0.117 Mpa,0.120 Mpa,1.01 Mpa,0.00779 Mpa,0.126 Mpa,0.126 Mpa,1.02 Mpa,0.127 Mpa,0 Mpa,1774 RPM
2026-07-10 01:00:00,0.120 Mpa,1.02 Mpa,0.121 Mpa,0.121 Mpa,0 Mpa,0.114 Mpa,0.109 Mpa,0.114 Mpa,1.02 Mpa,0 Mpa,0.121 Mpa,0.117 Mpa,0.121 Mpa,0.117 Mpa,0 Mpa,0.119 Mpa,0.123 Mpa,0.118 Mpa,0.121 Mpa,,0.121 Mpa,0.120 Mpa,0.121 Mpa,0.122 Mpa,0 Mpa,0.121 Mpa,0.120 Mpa,0.120 Mpa,0.122 Mpa,0 Mpa,0.123 Mpa,0.122 Mpa,0.122 Mpa,0.122 Mpa,0 Mpa,0.123 Mpa,0.125 Mpa,0.126 Mpa,1.02 Mpa,0 Mpa,0.127 Mpa,0.131 Mpa,0.129 Mpa,0.128 Mpa,0 Mpa,0.123 Mpa,0.122 Mpa,0.125 Mpa,1.02 Mpa,0 Mpa,0.126 Mpa,0.126 Mpa,1.02 Mpa,0.127 Mpa,0 Mpa,1756 RPM
2026-07-10 03:00:00,0.121 Mpa,1.02 Mpa,0.123 Mpa,0.123 Mpa,0 Mpa,0.113 Mpa,0.108 Mpa,0.113 Mpa,1.02 Mpa,0 Mpa,0.120 Mpa,0.117 Mpa,0.120 Mpa,0.117 Mpa,0 Mpa,0.116 Mpa,0.119 Mpa,0.115 Mpa,0.117 Mpa,,0.122 Mpa,0.121 Mpa,0.122 Mpa,0.122 Mpa,0 Mpa,0.114 Mpa,0.114 Mpa,0.112 Mpa,0.114 Mpa,0 Mpa,0.127 Mpa,0.126 Mpa,0.126 Mpa,0.126 Mpa,0 Mpa,0.120 Mpa,0.121 Mpa,0.122 Mpa,1.02 Mpa,0 Mpa,0.125 Mpa,0.128 Mpa,0.126 Mpa,0.125 Mpa,0 Mpa,0.118 Mpa,0.116 Mpa,0.119 Mpa,1.02 Mpa,0 Mpa,0.125 Mpa,0.125 Mpa,1.02 Mpa,0.126 Mpa,0 Mpa,1771 RPM
2026-07-10 05:00:00,0.118 Mpa,1.02 Mpa,0.120 Mpa,0.120 Mpa,0 Mpa,0.116 Mpa,0.111 Mpa,0.116 Mpa,1.01 Mpa,0.00666 Mpa,0.124 Mpa,0.120 Mpa,0.123 Mpa,0.120 Mpa,0 Mpa,0.119 Mpa,0.120 Mpa,0.118 Mpa,0.119 Mpa,,0.121 Mpa,0.119 Mpa,0.120 Mpa,0.119 Mpa,0 Mpa,0.115 Mpa,0.114 Mpa,0.114 Mpa,0.115 Mpa,0 Mpa,0.125 Mpa,0.124 Mpa,0.124 Mpa,0.124 Mpa,0 Mpa,0.123 Mpa,0.124 Mpa,0.125 Mpa,1.02 Mpa,0 Mpa,0.122 Mpa,0.124 Mpa,0.123 Mpa,0.122 Mpa,0 Mpa,0.119 Mpa,0.118 Mpa,0.121 Mpa,1.01 Mpa,0.0167 Mpa,0.120 Mpa,0.120 Mpa,1.02 Mpa,0.121 Mpa,0 Mpa,1665 RPM
2026-07-10 07:00:00,0.129 Mpa,1.02 Mpa,0.131 Mpa,0.131 Mpa,0 Mpa,0.115 Mpa,0.109 Mpa,0.116 Mpa,1.02 Mpa,0 Mpa,0.121 Mpa,0.117 Mpa,0.121 Mpa,0.118 Mpa,0 Mpa,0.119 Mpa,0.122 Mpa,0.118 Mpa,0.121 Mpa,,0.126 Mpa,0.124 Mpa,0.125 Mpa,0.125 Mpa,0 Mpa,0.120 Mpa,0.119 Mpa,0.119 Mpa,0.121 Mpa,0 Mpa,0.127 Mpa,0.127 Mpa,0.126 Mpa,0.126 Mpa,0 Mpa,0.127 Mpa,0.127 Mpa,0.130 Mpa,1.01 Mpa,0 Mpa,0.129 Mpa,0.133 Mpa,0.131 Mpa,0.130 Mpa,0 Mpa,0.121 Mpa,0.120 Mpa,0.123 Mpa,1.02 Mpa,0 Mpa,0.126 Mpa,0.126 Mpa,1.02 Mpa,0.127 Mpa,0 Mpa,1771 RPM
2026-07-10 09:00:00,0.126 Mpa,1.02 Mpa,0.129 Mpa,0.127 Mpa,0 Mpa,0.115 Mpa,0.108 Mpa,0.115 Mpa,1.02 Mpa,0 Mpa,0.124 Mpa,0.120 Mpa,0.123 Mpa,0.120 Mpa,0 Mpa,0.122 Mpa,0.125 Mpa,0.121 Mpa,0.123 Mpa,,0.124 Mpa,0.123 Mpa,0.123 Mpa,0.123 Mpa,0 Mpa,0.121 Mpa,0.120 Mpa,0.119 Mpa,0.121 Mpa,0 Mpa,0.129 Mpa,0.129 Mpa,0.129 Mpa,0.129 Mpa,0.00644 Mpa,0.124 Mpa,0.125 Mpa,0.127 Mpa,1.02 Mpa,0 Mpa,0.132 Mpa,0.135 Mpa,0.134 Mpa,0.132 Mpa,0 Mpa,0.120 Mpa,0.119 Mpa,0.122 Mpa,1.02 Mpa,0 Mpa,0.128 Mpa,0.128 Mpa,1.02 Mpa,0.130 Mpa,0 Mpa,1770 RPM
2026-07-10 11:00:00,0.126 Mpa,1.02 Mpa,0.128 Mpa,0.128 Mpa,0 Mpa,0.117 Mpa,0.110 Mpa,0.117 Mpa,1.02 Mpa,0 Mpa,0.124 Mpa,0.121 Mpa,0.124 Mpa,0.120 Mpa,0 Mpa,0.121 Mpa,0.125 Mpa,0.120 Mpa,0.123 Mpa,,0.128 Mpa,0.126 Mpa,0.127 Mpa,0.127 Mpa,0 Mpa,0.120 Mpa,0.119 Mpa,0.118 Mpa,0.120 Mpa,0.0204 Mpa,0.127 Mpa,0.126 Mpa,0.126 Mpa,0.126 Mpa,0 Mpa,0.123 Mpa,0.125 Mpa,0.127 Mpa,1.02 Mpa,0 Mpa,0.127 Mpa,0.129 Mpa,0.128 Mpa,0.127 Mpa,0 Mpa,0.118 Mpa,0.118 Mpa,0.120 Mpa,1.02 Mpa,0 Mpa,0.125 Mpa,0.125 Mpa,0.962 Mpa,0.126 Mpa,0.0137 Mpa,1752 RPM
2026-07-10 13:00:00,0.122 Mpa,1.01 Mpa,0.123 Mpa,0.124 Mpa,0.00529 Mpa,0.117 Mpa,0.110 Mpa,0.117 Mpa,1.02 Mpa,0 Mpa,0.121 Mpa,0.118 Mpa,0.121 Mpa,0.118 Mpa,0 Mpa,0.117 Mpa,0.120 Mpa,0.116 Mpa,0.118 Mpa,,0.127 Mpa,0.126 Mpa,0.127 Mpa,0.127 Mpa,0 Mpa,0.116 Mpa,0.116 Mpa,0.115 Mpa,0.117 Mpa,0.0113 Mpa,0.131 Mpa,0.129 Mpa,0.129 Mpa,0.129 Mpa,0.0151 Mpa,0.118 Mpa,0.119 Mpa,0.121 Mpa,1.02 Mpa,0 Mpa,0.122 Mpa,0.123 Mpa,0.122 Mpa,0.122 Mpa,0 Mpa,0.124 Mpa,0.122 Mpa,0.126 Mpa,1.02 Mpa,0 Mpa,0.124 Mpa,0.124 Mpa,1.01 Mpa,0.125 Mpa,0 Mpa,1712 RPM
2026-07-10 15:00:00,0.122 Mpa,1.02 Mpa,0.123 Mpa,0.124 Mpa,0 Mpa,0.116 Mpa,0.109 Mpa,0.116 Mpa,1.02 Mpa,0 Mpa,0.120 Mpa,0.117 Mpa,0.120 Mpa,0.117 Mpa,0 Mpa,0.118 Mpa,0.121 Mpa,0.118 Mpa,0.119 Mpa,,0.124 Mpa,0.124 Mpa,0.124 Mpa,0.124 Mpa,0 Mpa,0.118 Mpa,0.117 Mpa,0.116 Mpa,0.118 Mpa,0 Mpa,0.116 Mpa,0.116 Mpa,0.117 Mpa,0.116 Mpa,0.0191 Mpa,0.118 Mpa,0.119 Mpa,0.120 Mpa,1.02 Mpa,0 Mpa,0.123 Mpa,0.125 Mpa,0.124 Mpa,0.123 Mpa,0 Mpa,0.120 Mpa,0.120 Mpa,0.122 Mpa,1.02 Mpa,0 Mpa,0.124 Mpa,0.124 Mpa,1.01 Mpa,0.125 Mpa,0 Mpa,1701 RPM
2026-07-10 17:00:00,0.114 Mpa,1.02 Mpa,0.115 Mpa,0.117 Mpa,0 Mpa,0.114 Mpa,0.108 Mpa,0.114 Mpa,0.978 Mpa,0.0669 Mpa,0.116 Mpa,0.113 Mpa,0.116 Mpa,0.113 Mpa,0 Mpa,0.117 Mpa,0.119 Mpa,0.117 Mpa,0.118 Mpa,,0.123 Mpa,0.121 Mpa,0.123 Mpa,0.122 Mpa,0 Mpa,0.118 Mpa,0.118 Mpa,0.117 Mpa,0.119 Mpa,0 Mpa,0.120 Mpa,0.119 Mpa,0.119 Mpa,0.119 Mpa,0.0132 Mpa,0.117 Mpa,0.118 Mpa,0.119 Mpa,1.02 Mpa,0 Mpa,0.128 Mpa,0.130 Mpa,0.129 Mpa,0.128 Mpa,0.00668 Mpa,0.117 Mpa,0.116 Mpa,0.119 Mpa,1.01 Mpa,0.00673 Mpa,0.122 Mpa,0.122 Mpa,0.971 Mpa,0.122 Mpa,0 Mpa,1662 RPM
2026-07-10 19:00:00,0.121 Mpa,1.02 Mpa,0.123 Mpa,0.123 Mpa,0 Mpa,,,,,,0.120 Mpa,0.116 Mpa,0.120 Mpa,0.116 Mpa,0 Mpa,0.122 Mpa,0.124 Mpa,0.121 Mpa,0.123 Mpa,,0.124 Mpa,0.123 Mpa,0.124 Mpa,0.124 Mpa,0 Mpa,0.120 Mpa,0.119 Mpa,0.118 Mpa,0.121 Mpa,0 Mpa,0.132 Mpa,0.130 Mpa,0.131 Mpa,0.130 Mpa,0 Mpa,0.108 Mpa,0.109 Mpa,0.110 Mpa,1.02 Mpa,0 Mpa,0.119 Mpa,0.120 Mpa,0.120 Mpa,0.119 Mpa,0.0148 Mpa,0.118 Mpa,0.117 Mpa,0.119 Mpa,1.02 Mpa,0 Mpa,0.123 Mpa,0.123 Mpa,0.975 Mpa,0.124 Mpa,0 Mpa,1741 RPM
2026-07-10 21:00:00,0.122 Mpa,1.02 Mpa,0.124 Mpa,0.124 Mpa,0 Mpa,0.116 Mpa,0.112 Mpa,0.117 Mpa,1.02 Mpa,0 Mpa,0.119 Mpa,0.115 Mpa,0.119 Mpa,0.115 Mpa,0 Mpa,0.122 Mpa,0.124 Mpa,0.121 Mpa,0.122 Mpa,,0.122 Mpa,0.120 Mpa,0.121 Mpa,0.121 Mpa,0 Mpa,0.121 Mpa,0.120 Mpa,0.118 Mpa,0.121 Mpa,0 Mpa,0.129 Mpa,0.127 Mpa,0.128 Mpa,0.127 Mpa,0 Mpa,0.116 Mpa,0.117 Mpa,0.118 Mpa,1.02 Mpa,0 Mpa,0.108 Mpa,0.109 Mpa,0.108 Mpa,0.108 Mpa,0.0214 Mpa,0.118 Mpa,0.117 Mpa,0.120 Mpa,1.02 Mpa,0 Mpa,0.120 Mpa,0.121 Mpa,0.910 Mpa,0.121 Mpa,0 Mpa,1756 RPM
2026-07-10 23:00:00,0.116 Mpa,1.01 Mpa,0.117 Mpa,0.118 Mpa,0.00831 Mpa,0.115 Mpa,0.109 Mpa,0.115 Mpa,1.02 Mpa,0 Mpa,0.118 Mpa,0.114 Mpa,0.118 Mpa,0.115 Mpa,0.0432 Mpa,0.122 Mpa,0.124 Mpa,0.122 Mpa,0.123 Mpa,,0.124 Mpa,0.122 Mpa,0.124 Mpa,0.124 Mpa,0.00826 Mpa,0.121 Mpa,0.120 Mpa,0.119 Mpa,0.120 Mpa,0 Mpa,0.124 Mpa,0.123 Mpa,0.123 Mpa,0.124 Mpa,0.00569 Mpa,0.120 Mpa,0.121 Mpa,0.122 Mpa,1.01 Mpa,0.0149 Mpa,0.129 Mpa,0.130 Mpa,0.129 Mpa,0.128 Mpa,0 Mpa,0.118 Mpa,0.117 Mpa,0.119 Mpa,1.01 Mpa,0.0163 Mpa,0.120 Mpa,0.120 Mpa,0.949 Mpa,0.121 Mpa,0 Mpa,1689 RPM
2026-07-11 01:00:00,0.117 Mpa,1.02 Mpa,0.119 Mpa,0.119 Mpa,0 Mpa,0.113 Mpa,0.106 Mpa,0.114 Mpa,1.02 Mpa,0 Mpa,0.116 Mpa,0.114 Mpa,0.117 Mpa,0.113 Mpa,0 Mpa,0.123 Mpa,0.125 Mpa,0.122 Mpa,0.123 Mpa,,0.117 Mpa,0.116 Mpa,0.116 Mpa,0.116 Mpa,0 Mpa,0.120 Mpa,0.119 Mpa,0.119 Mpa,0.120 Mpa,0 Mpa,0.123 Mpa,0.122 Mpa,0.122 Mpa,0.122 Mpa,0 Mpa,0.127 Mpa,0.127 Mpa,0.130 Mpa,1.02 Mpa,0 Mpa,0.135 Mpa,0.138 Mpa,0.136 Mpa,0.136 Mpa,0 Mpa,0.123 Mpa,0.121 Mpa,0.124 Mpa,1.02 Mpa,0 Mpa,0.123 Mpa,0.123 Mpa,1.00 Mpa,0.124 Mpa,0 Mpa,1753 RPM
2026-07-11 03:00:00,0.110 Mpa,1.01 Mpa,0.111 Mpa,0.112 Mpa,0 Mpa,0.116 Mpa,0.109 Mpa,0.116 Mpa,1.02 Mpa,0 Mpa,0.120 Mpa,0.116 Mpa,0.119 Mpa,0.116 Mpa,0 Mpa,0.123 Mpa,0.125 Mpa,0.122 Mpa,0.123 Mpa,,0.121 Mpa,0.119 Mpa,0.120 Mpa,0.120 Mpa,0 Mpa,0.118 Mpa,0.119 Mpa,0.116 Mpa,0.119 Mpa,0 Mpa,0.130 Mpa,0.129 Mpa,0.129 Mpa,0.128 Mpa,0 Mpa,0.125 Mpa,0.126 Mpa,0.129 Mpa,1.02 Mpa,0 Mpa,0.134 Mpa,0.136 Mpa,0.135 Mpa,0.134 Mpa,0 Mpa,0.118 Mpa,0.117 Mpa,0.120 Mpa,1.02 Mpa,0 Mpa,0.122 Mpa,0.122 Mpa,0.992 Mpa,0.123 Mpa,0 Mpa,1686 RPM
2026-07-11 05:00:00,0.116 Mpa,1.02 Mpa,0.117 Mpa,0.118 Mpa,0 Mpa,0.115 Mpa,0.109 Mpa,0.115 Mpa,1.01 Mpa,0.00870 Mpa,0.116 Mpa,0.113 Mpa,0.116 Mpa,0.113 Mpa,0 Mpa,0.120 Mpa,0.122 Mpa,0.120 Mpa,0.120 Mpa,,0.112 Mpa,0.112 Mpa,0.111 Mpa,0.112 Mpa,0 Mpa,0.110 Mpa,0.111 Mpa,0.109 Mpa,0.112 Mpa,0 Mpa,0.122 Mpa,0.120 Mpa,0.121 Mpa,0.121 Mpa,0 Mpa,0.120 Mpa,0.121 Mpa,0.123 Mpa,1.02 Mpa,0 Mpa,0.130 Mpa,0.132 Mpa,0.131 Mpa,0.131 Mpa,0.00683 Mpa,0.123 Mpa,0.121 Mpa,0.124 Mpa,1.01 Mpa,0.00644 Mpa,0.116 Mpa,0.116 Mpa,0.979 Mpa,0.118 Mpa,0.00460 Mpa,1565 RPM
2026-07-11 07:00:00,0.120 Mpa,1.02 Mpa,0.122 Mpa,0.122 Mpa,0 Mpa,0.118 Mpa,0.112 Mpa,0.118 Mpa,1.01 Mpa,0.00904 Mpa,0.119 Mpa,0.116 Mpa,0.119 Mpa,0.116 Mpa,0 Mpa,0.120 Mpa,0.124 Mpa,0.120 Mpa,0.122 Mpa,,0.124 Mpa,0.123 Mpa,0.123 Mpa,0.124 Mpa,0 Mpa,0.121 Mpa,0.120 Mpa,0.119 Mpa,0.121 Mpa,0 Mpa,0.132 Mpa,0.130 Mpa,0.130 Mpa,0.129 Mpa,0 Mpa,0.122 Mpa,0.123 Mpa,0.126 Mpa,1.02 Mpa,0 Mpa,0.131 Mpa,0.133 Mpa,0.133 Mpa,0.131 Mpa,0 Mpa,0.126 Mpa,0.125 Mpa,0.128 Mpa,1.02 Mpa,0 Mpa,0.123 Mpa,0.123 Mpa,0.996 Mpa,0.124 Mpa,0 Mpa,1739 RPM
2026-07-11 09:00:00,0.120 Mpa,1.02 Mpa,0.122 Mpa,0.122 Mpa,0 Mpa,0.117 Mpa,0.112 Mpa,0.117 Mpa,0.991 Mpa,0 Mpa,0.120 Mpa,0.116 Mpa,0.119 Mpa,0.116 Mpa,0 Mpa,0.120 Mpa,0.122 Mpa,0.119 Mpa,0.121 Mpa,,0.121 Mpa,0.120 Mpa,0.121 Mpa,0.121 Mpa,0 Mpa,0.117 Mpa,0.117 Mpa,0.116 Mpa,0.118 Mpa,0 Mpa,0.130 Mpa,0.129 Mpa,0.130 Mpa,0.130 Mpa,0.00929 Mpa,0.124 Mpa,0.125 Mpa,0.127 Mpa,1.02 Mpa,0 Mpa,0.125 Mpa,0.127 Mpa,0.127 Mpa,0.125 Mpa,0.00777 Mpa,0.123 Mpa,0.122 Mpa,0.125 Mpa,1.02 Mpa,0 Mpa,0.123 Mpa,0.123 Mpa,1.01 Mpa,0.124 Mpa,0 Mpa,1717 RPM
2026-07-11 11:00:00,0.122 Mpa,1.02 Mpa,0.123 Mpa,0.124 Mpa,0 Mpa,0.116 Mpa,0.112 Mpa,0.116 Mpa,1.02 Mpa,0 Mpa,0.115 Mpa,0.111 Mpa,0.115 Mpa,0.111 Mpa,0.0110 Mpa,0.113 Mpa,0.116 Mpa,0.112 Mpa,0.115 Mpa,,0.124 Mpa,0.123 Mpa,0.124 Mpa,0.124 Mpa,0 Mpa,0.121 Mpa,0.120 Mpa,0.120 Mpa,0.121 Mpa,0 Mpa,0.123 Mpa,0.122 Mpa,0.122 Mpa,0.122 Mpa,0 Mpa,0.119 Mpa,0.120 Mpa,0.123 Mpa,1.02 Mpa,0 Mpa,0.127 Mpa,0.130 Mpa,0.129 Mpa,0.128 Mpa,0.00787 Mpa,0.124 Mpa,0.123 Mpa,0.126 Mpa,1.02 Mpa,0 Mpa,0.120 Mpa,0.120 Mpa,1.01 Mpa,0.121 Mpa,0 Mpa,1619 RPM
2026-07-11 13:00:00,0.125 Mpa,1.02 Mpa,0.126 Mpa,0.126 Mpa,0 Mpa,0.115 Mpa,0.110 Mpa,0.115 Mpa,1.02 Mpa,0 Mpa,0.108 Mpa,0.105 Mpa,0.108 Mpa,0.104 Mpa,0.0744 Mpa,0.118 Mpa,0.123 Mpa,0.117 Mpa,0.121 Mpa,,0.118 Mpa,0.116 Mpa,0.117 Mpa,0.117 Mpa,0 Mpa,0.120 Mpa,0.120 Mpa,0.119 Mpa,0.121 Mpa,0.0324 Mpa,0.122 Mpa,0.121 Mpa,0.121 Mpa,0.121 Mpa,0 Mpa,0.119 Mpa,0.121 Mpa,0.123 Mpa,1.02 Mpa,0 Mpa,0.124 Mpa,0.126 Mpa,0.125 Mpa,0.124 Mpa,0.00989 Mpa,0.127 Mpa,0.125 Mpa,0.129 Mpa,1.02 Mpa,0 Mpa,0.120 Mpa,0.120 Mpa,1.00 Mpa,0.121 Mpa,0.0167 Mpa,1597 RPM
2026-07-11 15:00:00,0.113 Mpa,0.936 Mpa,0.113 Mpa,0.114 Mpa,0.0223 Mpa,0.116 Mpa,0.110 Mpa,0.117 Mpa,1.02 Mpa,0 Mpa,0.104 Mpa,0.101 Mpa,0.104 Mpa,0.100 Mpa,0.00302 Mpa,,,,,,0.123 Mpa,0.121 Mpa,0.122 Mpa,0.122 Mpa,0 Mpa,0.118 Mpa,0.117 Mpa,0.117 Mpa,0.118 Mpa,0 Mpa,0.125 Mpa,0.125 Mpa,0.125 Mpa,0.126 Mpa,0 Mpa,0.118 Mpa,0.118 Mpa,0.120 Mpa,1.01 Mpa,0.0121 Mpa,0.130 Mpa,0.133 Mpa,0.132 Mpa,0.130 Mpa,0 Mpa,0.124 Mpa,0.123 Mpa,0.126 Mpa,1.02 Mpa,0 Mpa,0.120 Mpa,0.120 Mpa,1.01 Mpa,0.121 Mpa,0 Mpa,1552 RPM
2026-07-11 17:00:00,,,,,,0.112 Mpa,0.106 Mpa,0.112 Mpa,1.01 Mpa,0.0131 Mpa,0.117 Mpa,0.115 Mpa,0.117 Mpa,0.114 Mpa,0 Mpa,,,,,,0.121 Mpa,0.120 Mpa,0.121 Mpa,0.121 Mpa,0 Mpa,0.116 Mpa,0.115 Mpa,0.114 Mpa,0.117 Mpa,0 Mpa,0.126 Mpa,0.125 Mpa,0.125 Mpa,0.125 Mpa,0 Mpa,0.119 Mpa,0.120 Mpa,0.123 Mpa,1.02 Mpa,0 Mpa,0.126 Mpa,0.129 Mpa,0.127 Mpa,0.127 Mpa,0 Mpa,0.123 Mpa,0.122 Mpa,0.124 Mpa,1.01 Mpa,0.0132 Mpa,0.118 Mpa,0.118 Mpa,0.972 Mpa,0.119 Mpa,0.0106 Mpa,1626 RPM
2026-07-11 19:00:00,,,,,,0.113 Mpa,0.106 Mpa,0.114 Mpa,1.02 Mpa,0 Mpa,0.117 Mpa,0.113 Mpa,0.116 Mpa,0.113 Mpa,0 Mpa,,,,,,0.120 Mpa,0.119 Mpa,0.120 Mpa,0.119 Mpa,0 Mpa,0.119 Mpa,0.118 Mpa,0.118 Mpa,0.119 Mpa,0 Mpa,0.121 Mpa,0.120 Mpa,0.120 Mpa,0.120 Mpa,0 Mpa,0.125 Mpa,0.125 Mpa,0.129 Mpa,1.02 Mpa,0 Mpa,0.131 Mpa,0.133 Mpa,0.132 Mpa,0.131 Mpa,0 Mpa,,,,,,0.119 Mpa,0.120 Mpa,0.990 Mpa,0.121 Mpa,0 Mpa,1688 RPM
2026-07-11 21:00:00,0.123 Mpa,0.300 Mpa,0.124 Mpa,0.124 Mpa,0 Mpa,0.110 Mpa,0.104 Mpa,0.110 Mpa,1.02 Mpa,0 Mpa,0.110 Mpa,0.108 Mpa,0.110 Mpa,0.106 Mpa,0 Mpa,,,,,,0.125 Mpa,0.123 Mpa,0.124 Mpa,0.124 Mpa,0 Mpa,0.120 Mpa,0.119 Mpa,0.118 Mpa,0.120 Mpa,0 Mpa,0.122 Mpa,0.122 Mpa,0.121 Mpa,0.122 Mpa,0 Mpa,0.126 Mpa,0.126 Mpa,0.130 Mpa,1.02 Mpa,0 Mpa,0.130 Mpa,0.133 Mpa,0.132 Mpa,0.131 Mpa,0 Mpa,0.121 Mpa,0.121 Mpa,0.124 Mpa,1.00 Mpa,0.0238 Mpa,0.119 Mpa,0.119 Mpa,0.979 Mpa,0.120 Mpa,0 Mpa,1623 RPM
2026-07-11 23:00:00,0.124 Mpa,0.255 Mpa,0.125 Mpa,0.126 Mpa,0.0137 Mpa,0.112 Mpa,0.105 Mpa,0.113 Mpa,1.02 Mpa,0 Mpa,0.116 Mpa,0.113 Mpa,0.116 Mpa,0.113 Mpa,0 Mpa,,,,,,0.124 Mpa,0.122 Mpa,0.123 Mpa,0.123 Mpa,0 Mpa,0.122 Mpa,0.122 Mpa,0.121 Mpa,0.123 Mpa,0 Mpa,0.125 Mpa,0.125 Mpa,0.124 Mpa,0.125 Mpa,0 Mpa,0.124 Mpa,0.125 Mpa,0.127 Mpa,1.00 Mpa,0.0463 Mpa,0.125 Mpa,0.129 Mpa,0.126 Mpa,0.126 Mpa,0 Mpa,0.129 Mpa,0.127 Mpa,0.131 Mpa,1.02 Mpa,0 Mpa,0.113 Mpa,0.113 Mpa,0.996 Mpa,0.114 Mpa,0.0930 Mpa,1569 RPM
2026-07-12 01:00:00,,,,,,0.111 Mpa,0.104 Mpa,0.112 Mpa,1.01 Mpa,0.00830 Mpa,0.119 Mpa,0.115 Mpa,0.118 Mpa,0.115 Mpa,0 Mpa,,,,,,0.113 Mpa,0.113 Mpa,0.112 Mpa,0.112 Mpa,0.0195 Mpa,0.119 Mpa,0.119 Mpa,0.118 Mpa,0.120 Mpa,0 Mpa,0.127 Mpa,0.126 Mpa,0.127 Mpa,0.127 Mpa,0 Mpa,0.127 Mpa,0.127 Mpa,0.130 Mpa,1.02 Mpa,0 Mpa,0.128 Mpa,0.131 Mpa,0.129 Mpa,0.129 Mpa,0 Mpa,0.125 Mpa,0.123 Mpa,0.127 Mpa,1.02 Mpa,0 Mpa,0.100 Mpa,0.100 Mpa,0.868 Mpa,0.100 Mpa,0 Mpa,1602 RPM
2026-07-12 03:00:00,,,,,,0.111 Mpa,0.102 Mpa,0.112 Mpa,1.02 Mpa,0 Mpa,0.115 Mpa,0.113 Mpa,0.115 Mpa,0.112 Mpa,0.0475 Mpa,,,,,,0.135 Mpa,0.133 Mpa,0.134 Mpa,0.134 Mpa,0 Mpa,0.120 Mpa,0.120 Mpa,0.118 Mpa,0.121 Mpa,0 Mpa,0.121 Mpa,0.120 Mpa,0.120 Mpa,0.120 Mpa,0 Mpa,0.124 Mpa,0.125 Mpa,0.127 Mpa,1.02 Mpa,0 Mpa,0.124 Mpa,0.128 Mpa,0.126 Mpa,0.125 Mpa,0 Mpa,0.125 Mpa,0.124 Mpa,0.127 Mpa,1.02 Mpa,0 Mpa,0.113 Mpa,0.113 Mpa,0.947 Mpa,0.113 Mpa,0 Mpa,1688 RPM
2026-07-12 05:00:00,,,,,,0.107 Mpa,0.103 Mpa,0.108 Mpa,1.02 Mpa,0 Mpa,0.115 Mpa,0.112 Mpa,0.115 Mpa,0.112 Mpa,0.0659 Mpa,,,,,,0.131 Mpa,0.129 Mpa,0.130 Mpa,0.129 Mpa,0 Mpa,0.117 Mpa,0.117 Mpa,0.116 Mpa,0.118 Mpa,0 Mpa,0.125 Mpa,0.124 Mpa,0.124 Mpa,0.124 Mpa,0 Mpa,0.121 Mpa,0.121 Mpa,0.124 Mpa,1.01 Mpa,0 Mpa,0.120 Mpa,0.122 Mpa,0.121 Mpa,0.120 Mpa,0.00520 Mpa,0.121 Mpa,0.120 Mpa,0.123 Mpa,1.02 Mpa,0 Mpa,0.124 Mpa,0.125 Mpa,0.970 Mpa,0.125 Mpa,0.00706 Mpa,1587 RPM
2026-07-12 07:00:00,,,,,,0.118 Mpa,0.109 Mpa,0.118 Mpa,1.02 Mpa,0 Mpa,0.102 Mpa,0.101 Mpa,0.103 Mpa,0.100 Mpa,0 Mpa,,,,,,0.130 Mpa,0.127 Mpa,0.129 Mpa,0.128 Mpa,0 Mpa,0.121 Mpa,0.121 Mpa,0.119 Mpa,0.122 Mpa,0 Mpa,0.127 Mpa,0.126 Mpa,0.126 Mpa,0.126 Mpa,0 Mpa,0.123 Mpa,0.124 Mpa,0.126 Mpa,1.02 Mpa,0 Mpa,0.123 Mpa,0.125 Mpa,0.124 Mpa,0.123 Mpa,0 Mpa,0.119 Mpa,0.118 Mpa,0.121 Mpa,1.02 Mpa,0 Mpa,0.128 Mpa,0.128 Mpa,0.983 Mpa,0.129 Mpa,0 Mpa,1711 RPM
2026-07-12 09:00:00,,,,,,0.121 Mpa,0.111 Mpa,0.122 Mpa,1.02 Mpa,0 Mpa,0.100 Mpa,0.100 Mpa,0.101 Mpa,0.100 Mpa,0.0592 Mpa,0.123 Mpa,0.131 Mpa,0.122 Mpa,0.130 Mpa,,0.129 Mpa,0.127 Mpa,0.129 Mpa,0.128 Mpa,0 Mpa,0.119 Mpa,0.119 Mpa,0.118 Mpa,0.120 Mpa,0.00687 Mpa,0.124 Mpa,0.124 Mpa,0.124 Mpa,0.124 Mpa,0 Mpa,0.119 Mpa,0.120 Mpa,0.123 Mpa,1.02 Mpa,0 Mpa,0.124 Mpa,0.125 Mpa,0.125 Mpa,0.123 Mpa,0 Mpa,0.121 Mpa,0.120 Mpa,0.124 Mpa,1.02 Mpa,0 Mpa,0.131 Mpa,0.131 Mpa,0.999 Mpa,0.132 Mpa,0 Mpa,1577 RPM
2026-07-12 11:00:00,,,,,,0.114 Mpa,0.107 Mpa,0.115 Mpa,1.02 Mpa,0 Mpa,0.109 Mpa,0.108 Mpa,0.110 Mpa,0.106 Mpa,0.138 Mpa,0.115 Mpa,0.117 Mpa,0.115 Mpa,0.116 Mpa,,0.130 Mpa,0.129 Mpa,0.130 Mpa,0.130 Mpa,0 Mpa,0.121 Mpa,0.120 Mpa,0.120 Mpa,0.122 Mpa,0 Mpa,0.125 Mpa,0.124 Mpa,0.124 Mpa,0.124 Mpa,0.0252 Mpa,0.120 Mpa,0.121 Mpa,0.123 Mpa,1.02 Mpa,0 Mpa,0.127 Mpa,0.130 Mpa,0.129 Mpa,0.129 Mpa,0 Mpa,0.125 Mpa,0.124 Mpa,0.128 Mpa,1.02 Mpa,0 Mpa,0.129 Mpa,0.129 Mpa,0.999 Mpa,0.130 Mpa,0.00769 Mpa,1671 RPM
2026-07-12 13:00:00,,,,,,0.124 Mpa,0.116 Mpa,0.124 Mpa,1.02 Mpa,0 Mpa,0.133 Mpa,0.130 Mpa,0.133 Mpa,0.129 Mpa,0 Mpa,0.101 Mpa,0.104 Mpa,0.101 Mpa,0.103 Mpa,,0.128 Mpa,0.126 Mpa,0.128 Mpa,0.127 Mpa,0 Mpa,0.122 Mpa,0.120 Mpa,0.121 Mpa,0.122 Mpa,0 Mpa,0.127 Mpa,0.126 Mpa,0.127 Mpa,0.126 Mpa,0.00805 Mpa,0.122 Mpa,0.123 Mpa,0.126 Mpa,1.02 Mpa,0 Mpa,0.124 Mpa,0.126 Mpa,0.125 Mpa,0.124 Mpa,0.00872 Mpa,0.125 Mpa,0.123 Mpa,0.127 Mpa,1.02 Mpa,0 Mpa,0.130 Mpa,0.129 Mpa,0.995 Mpa,0.130 Mpa,0 Mpa,1642 RPM
2026-07-12 15:00:00,,,,,,0.124 Mpa,0.115 Mpa,0.124 Mpa,1.02 Mpa,0 Mpa,0.122 Mpa,0.119 Mpa,0.122 Mpa,0.119 Mpa,0 Mpa,0.124 Mpa,0.128 Mpa,0.123 Mpa,0.127 Mpa,,0.122 Mpa,0.120 Mpa,0.121 Mpa,0.121 Mpa,0 Mpa,0.116 Mpa,0.116 Mpa,0.115 Mpa,0.117 Mpa,0 Mpa,0.125 Mpa,0.124 Mpa,0.124 Mpa,0.124 Mpa,0 Mpa,0.123 Mpa,0.124 Mpa,0.127 Mpa,1.02 Mpa,0 Mpa,0.123 Mpa,0.125 Mpa,0.124 Mpa,0.123 Mpa,0 Mpa,0.120 Mpa,0.120 Mpa,0.123 Mpa,1.02 Mpa,0 Mpa,0.130 Mpa,0.129 Mpa,0.976 Mpa,0.131 Mpa,0 Mpa,1763 RPM
2026-07-12 17:00:00,,,,,,0.119 Mpa,0.112 Mpa,0.118 Mpa,1.02 Mpa,0 Mpa,0.121 Mpa,0.117 Mpa,0.121 Mpa,0.117 Mpa,0 Mpa,0.115 Mpa,0.118 Mpa,0.114 Mpa,0.116 Mpa,,0.126 Mpa,0.124 Mpa,0.125 Mpa,0.125 Mpa,0 Mpa,0.118 Mpa,0.118 Mpa,0.116 Mpa,0.119 Mpa,0 Mpa,0.124 Mpa,0.124 Mpa,0.123 Mpa,0.123 Mpa,0 Mpa,0.121 Mpa,0.123 Mpa,0.125 Mpa,1.02 Mpa,0 Mpa,0.124 Mpa,0.127 Mpa,0.125 Mpa,0.124 Mpa,0 Mpa,0.121 Mpa,0.120 Mpa,0.123 Mpa,1.01 Mpa,0.00616 Mpa,0.129 Mpa,0.129 Mpa,1.01 Mpa,0.131 Mpa,0.00492 Mpa,1688 RPM
2026-07-12 19:00:00,,,,,,0.112 Mpa,0.106 Mpa,0.112 Mpa,1.01 Mpa,0.0108 Mpa,0.121 Mpa,0.118 Mpa,0.121 Mpa,0.118 Mpa,0 Mpa,0.122 Mpa,0.125 Mpa,0.121 Mpa,0.123 Mpa,,0.122 Mpa,0.120 Mpa,0.121 Mpa,0.121 Mpa,0 Mpa,0.117 Mpa,0.117 Mpa,0.116 Mpa,0.119 Mpa,0 Mpa,0.124 Mpa,0.123 Mpa,0.123 Mpa,0.123 Mpa,0 Mpa,0.124 Mpa,0.125 Mpa,0.128 Mpa,1.02 Mpa,0 Mpa,0.127 Mpa,0.129 Mpa,0.128 Mpa,0.127 Mpa,0 Mpa,0.121 Mpa,0.119 Mpa,0.122 Mpa,1.02 Mpa,0 Mpa,0.127 Mpa,0.127 Mpa,0.975 Mpa,0.128 Mpa,0 Mpa,1761 RPM
2026-07-12 21:00:00,,,,,,0.108 Mpa,0.103 Mpa,0.109 Mpa,1.01 Mpa,0.0118 Mpa,0.121 Mpa,0.119 Mpa,0.121 Mpa,0.118 Mpa,0 Mpa,0.116 Mpa,0.119 Mpa,0.115 Mpa,0.117 Mpa,,0.127 Mpa,0.125 Mpa,0.126 Mpa,0.126 Mpa,0 Mpa,0.121 Mpa,0.121 Mpa,0.120 Mpa,0.122 Mpa,0 Mpa,0.127 Mpa,0.127 Mpa,0.126 Mpa,0.127 Mpa,0 Mpa,0.123 Mpa,0.123 Mpa,0.126 Mpa,1.02 Mpa,0 Mpa,0.128 Mpa,0.131 Mpa,0.130 Mpa,0.129 Mpa,0 Mpa,0.122 Mpa,0.121 Mpa,0.123 Mpa,1.02 Mpa,0 Mpa,0.127 Mpa,0.128 Mpa,1.00 Mpa,0.129 Mpa,0 Mpa,1728 RPM
2026-07-12 23:00:00,,,,,,0.115 Mpa,0.108 Mpa,0.115 Mpa,1.02 Mpa,0 Mpa,0.116 Mpa,0.113 Mpa,0.116 Mpa,0.113 Mpa,0.0137 Mpa,0.116 Mpa,0.119 Mpa,0.116 Mpa,0.118 Mpa,,0.125 Mpa,0.123 Mpa,0.125 Mpa,0.124 Mpa,0 Mpa,0.118 Mpa,0.118 Mpa,0.116 Mpa,0.119 Mpa,0 Mpa,0.132 Mpa,0.132 Mpa,0.131 Mpa,0.131 Mpa,0.0121 Mpa,0.125 Mpa,0.127 Mpa,0.130 Mpa,1.01 Mpa,0.0212 Mpa,0.130 Mpa,0.133 Mpa,0.132 Mpa,0.130 Mpa,0 Mpa,0.122 Mpa,0.121 Mpa,0.124 Mpa,1.02 Mpa,0 Mpa,0.128 Mpa,0.129 Mpa,0.960 Mpa,0.130 Mpa,0 Mpa,1711 RPM
2026-07-13 01:00:00,,,,,,0.114 Mpa,0.108 Mpa,0.114 Mpa,1.02 Mpa,0 Mpa,0.120 Mpa,0.117 Mpa,0.120 Mpa,0.117 Mpa,0 Mpa,0.120 Mpa,0.124 Mpa,0.119 Mpa,0.122 Mpa,,0.122 Mpa,0.121 Mpa,0.121 Mpa,0.121 Mpa,0.0124 Mpa,0.120 Mpa,0.120 Mpa,0.118 Mpa,0.121 Mpa,0 Mpa,0.122 Mpa,0.122 Mpa,0.121 Mpa,0.122 Mpa,0 Mpa,0.126 Mpa,0.126 Mpa,0.128 Mpa,1.02 Mpa,0 Mpa,0.128 Mpa,0.129 Mpa,0.129 Mpa,0.127 Mpa,0 Mpa,0.122 Mpa,0.120 Mpa,0.124 Mpa,1.01 Mpa,0.00760 Mpa,0.125 Mpa,0.125 Mpa,0.980 Mpa,0.126 Mpa,0 Mpa,1745 RPM
2026-07-13 03:00:00,0.104 Mpa,0.107 Mpa,0.104 Mpa,0.104 Mpa,0 Mpa,0.112 Mpa,0.108 Mpa,0.113 Mpa,1.02 Mpa,0 Mpa,0.120 Mpa,0.117 Mpa,0.119 Mpa,0.116 Mpa,0 Mpa,0.120 Mpa,0.123 Mpa,0.119 Mpa,0.121 Mpa,,0.123 Mpa,0.122 Mpa,0.123 Mpa,0.122 Mpa,0 Mpa,0.119 Mpa,0.119 Mpa,0.118 Mpa,0.120 Mpa,0 Mpa,0.128 Mpa,0.126 Mpa,0.127 Mpa,0.127 Mpa,0 Mpa,0.118 Mpa,0.118 Mpa,0.120 Mpa,1.02 Mpa,0 Mpa,0.124 Mpa,0.126 Mpa,0.126 Mpa,0.123 Mpa,0 Mpa,0.119 Mpa,0.117 Mpa,0.120 Mpa,1.02 Mpa,0 Mpa,0.127 Mpa,0.128 Mpa,0.994 Mpa,0.130 Mpa,0 Mpa,1684 RPM
2026-07-13 05:00:00,0.103 Mpa,0.105 Mpa,0.104 Mpa,0.104 Mpa,0.0800 Mpa,0.113 Mpa,0.105 Mpa,0.114 Mpa,1.01 Mpa,0.00843 Mpa,0.121 Mpa,0.117 Mpa,0.120 Mpa,0.117 Mpa,0 Mpa,0.118 Mpa,0.121 Mpa,0.118 Mpa,0.119 Mpa,,0.124 Mpa,0.122 Mpa,0.123 Mpa,0.122 Mpa,0 Mpa,0.119 Mpa,0.118 Mpa,0.117 Mpa,0.119 Mpa,0 Mpa,0.126 Mpa,0.124 Mpa,0.125 Mpa,0.124 Mpa,0 Mpa,0.120 Mpa,0.120 Mpa,0.122 Mpa,1.02 Mpa,0 Mpa,0.125 Mpa,0.127 Mpa,0.127 Mpa,0.125 Mpa,0.00687 Mpa,0.120 Mpa,0.120 Mpa,0.122 Mpa,1.02 Mpa,0 Mpa,0.127 Mpa,0.127 Mpa,0.975 Mpa,0.129 Mpa,0 Mpa,1714 RPM
2026-07-13 07:00:00,0.107 Mpa,0.110 Mpa,0.107 Mpa,0.108 Mpa,0 Mpa,0.115 Mpa,0.108 Mpa,0.115 Mpa,1.02 Mpa,0 Mpa,0.124 Mpa,0.121 Mpa,0.124 Mpa,0.120 Mpa,0 Mpa,0.118 Mpa,0.121 Mpa,0.118 Mpa,0.119 Mpa,,0.122 Mpa,0.121 Mpa,0.122 Mpa,0.122 Mpa,0 Mpa,0.119 Mpa,0.119 Mpa,0.118 Mpa,0.120 Mpa,0 Mpa,0.125 Mpa,0.123 Mpa,0.124 Mpa,0.123 Mpa,0 Mpa,0.121 Mpa,0.122 Mpa,0.125 Mpa,1.02 Mpa,0 Mpa,0.128 Mpa,0.130 Mpa,0.130 Mpa,0.128 Mpa,0 Mpa,0.127 Mpa,0.127 Mpa,0.130 Mpa,1.02 Mpa,0 Mpa,0.128 Mpa,0.128 Mpa,0.992 Mpa,0.130 Mpa,0 Mpa,1718 RPM
2026-07-13 09:00:00,0.125 Mpa,0.129 Mpa,0.125 Mpa,0.126 Mpa,0.00599 Mpa,0.114 Mpa,0.107 Mpa,0.114 Mpa,1.02 Mpa,0 Mpa,0.125 Mpa,0.122 Mpa,0.125 Mpa,0.122 Mpa,0 Mpa,0.121 Mpa,0.122 Mpa,0.120 Mpa,0.121 Mpa,,0.132 Mpa,0.131 Mpa,0.132 Mpa,0.132 Mpa,0 Mpa,0.118 Mpa,0.117 Mpa,0.116 Mpa,0.118 Mpa,0.00765 Mpa,0.133 Mpa,0.130 Mpa,0.132 Mpa,0.130 Mpa,0 Mpa,0.119 Mpa,0.120 Mpa,0.123 Mpa,1.02 Mpa,0 Mpa,0.130 Mpa,0.131 Mpa,0.132 Mpa,0.129 Mpa,0 Mpa,0.128 Mpa,0.126 Mpa,0.131 Mpa,1.02 Mpa,0 Mpa,0.130 Mpa,0.130 Mpa,0.979 Mpa,0.132 Mpa,0 Mpa,1683 RPM
2026-07-13 11:00:00,0.125 Mpa,0.129 Mpa,0.126 Mpa,0.128 Mpa,0 Mpa,0.111 Mpa,0.106 Mpa,0.111 Mpa,1.02 Mpa,0 Mpa,0.121 Mpa,0.118 Mpa,0.121 Mpa,0.117 Mpa,0 Mpa,0.123 Mpa,0.127 Mpa,0.122 Mpa,0.125 Mpa,,0.125 Mpa,0.123 Mpa,0.125 Mpa,0.124 Mpa,0 Mpa,0.121 Mpa,0.121 Mpa,0.119 Mpa,0.122 Mpa,0 Mpa,0.123 Mpa,0.120 Mpa,0.122 Mpa,0.120 Mpa,0.0233 Mpa,0.120 Mpa,0.121 Mpa,0.123 Mpa,1.02 Mpa,0 Mpa,0.133 Mpa,0.135 Mpa,0.135 Mpa,0.133 Mpa,0.0117 Mpa,0.122 Mpa,0.121 Mpa,0.124 Mpa,1.02 Mpa,0 Mpa,0.132 Mpa,0.131 Mpa,0.934 Mpa,0.132 Mpa,0 Mpa,1746 RPM
2026-07-13 13:00:00,0.115 Mpa,0.117 Mpa,0.116 Mpa,0.116 Mpa,0.00848 Mpa,0.115 Mpa,0.108 Mpa,0.115 Mpa,1.02 Mpa,0 Mpa,0.123 Mpa,0.120 Mpa,0.123 Mpa,0.120 Mpa,0 Mpa,0.118 Mpa,0.121 Mpa,0.118 Mpa,0.119 Mpa,,0.127 Mpa,0.124 Mpa,0.126 Mpa,0.125 Mpa,0 Mpa,0.119 Mpa,0.118 Mpa,0.118 Mpa,0.119 Mpa,0.0102 Mpa,0.128 Mpa,0.125 Mpa,0.127 Mpa,0.126 Mpa,0 Mpa,0.119 Mpa,0.120 Mpa,0.123 Mpa,1.01 Mpa,0.00598 Mpa,0.127 Mpa,0.129 Mpa,0.129 Mpa,0.127 Mpa,0 Mpa,0.123 Mpa,0.121 Mpa,0.125 Mpa,1.02 Mpa,0 Mpa,0.127 Mpa,0.127 Mpa,0.939 Mpa,0.128 Mpa,0.0276 Mpa,1738 RPM
2026-07-13 15:00:00,0.129 Mpa,0.131 Mpa,0.131 Mpa,0.131 Mpa,0 Mpa,0.118 Mpa,0.110 Mpa,0.118 Mpa,1.02 Mpa,0 Mpa,0.123 Mpa,0.119 Mpa,0.122 Mpa,0.119 Mpa,0 Mpa,0.119 Mpa,0.122 Mpa,0.118 Mpa,0.121 Mpa,,0.126 Mpa,0.124 Mpa,0.126 Mpa,0.125 Mpa,0 Mpa,0.120 Mpa,0.119 Mpa,0.118 Mpa,0.120 Mpa,0 Mpa,0.130 Mpa,0.128 Mpa,0.129 Mpa,0.128 Mpa,0 Mpa,0.119 Mpa,0.121 Mpa,0.123 Mpa,1.02 Mpa,0 Mpa,0.127 Mpa,0.130 Mpa,0.128 Mpa,0.128 Mpa,0 Mpa,0.123 Mpa,0.122 Mpa,0.126 Mpa,1.02 Mpa,0 Mpa,0.130 Mpa,0.130 Mpa,0.998 Mpa,0.132 Mpa,0 Mpa,1779 RPM
2026-07-13 17:00:00,0.125 Mpa,0.127 Mpa,0.126 Mpa,0.127 Mpa,0 Mpa,0.118 Mpa,0.110 Mpa,0.118 Mpa,1.01 Mpa,0 Mpa,0.120 Mpa,0.118 Mpa,0.121 Mpa,0.118 Mpa,0 Mpa,0.119 Mpa,0.122 Mpa,0.118 Mpa,0.120 Mpa,,0.124 Mpa,0.122 Mpa,0.123 Mpa,0.123 Mpa,0 Mpa,0.116 Mpa,0.115 Mpa,0.114 Mpa,0.116 Mpa,0 Mpa,0.124 Mpa,0.122 Mpa,0.123 Mpa,0.122 Mpa,0 Mpa,0.121 Mpa,0.123 Mpa,0.125 Mpa,1.02 Mpa,0 Mpa,0.126 Mpa,0.128 Mpa,0.127 Mpa,0.126 Mpa,0.00805 Mpa,0.122 Mpa,0.121 Mpa,0.124 Mpa,1.01 Mpa,0.00616 Mpa,0.128 Mpa,0.127 Mpa,0.944 Mpa,0.128 Mpa,0.00602 Mpa,1661 RPM
2026-07-13 19:00:00,0.128 Mpa,0.129 Mpa,0.129 Mpa,0.130 Mpa,0 Mpa,0.116 Mpa,0.108 Mpa,0.116 Mpa,1.02 Mpa,0 Mpa,0.120 Mpa,0.116 Mpa,0.120 Mpa,0.116 Mpa,0 Mpa,0.122 Mpa,0.125 Mpa,0.121 Mpa,0.123 Mpa,,0.126 Mpa,0.124 Mpa,0.125 Mpa,0.124 Mpa,0.0139 Mpa,0.121 Mpa,0.121 Mpa,0.120 Mpa,0.122 Mpa,0 Mpa,0.130 Mpa,0.128 Mpa,0.129 Mpa,0.129 Mpa,0 Mpa,0.122 Mpa,0.124 Mpa,0.126 Mpa,1.02 Mpa,0 Mpa,0.128 Mpa,0.132 Mpa,0.129 Mpa,0.129 Mpa,0 Mpa,0.121 Mpa,0.120 Mpa,0.123 Mpa,1.02 Mpa,0 Mpa,0.125 Mpa,0.125 Mpa,0.965 Mpa,0.126 Mpa,0 Mpa,1738 RPM
2026-07-13 21:00:00,0.129 Mpa,0.130 Mpa,0.130 Mpa,0.130 Mpa,0 Mpa,0.117 Mpa,0.107 Mpa,0.117 Mpa,1.02 Mpa,0 Mpa,0.123 Mpa,0.118 Mpa,0.123 Mpa,0.118 Mpa,0 Mpa,0.124 Mpa,0.127 Mpa,0.123 Mpa,0.125 Mpa,,0.112 Mpa,0.112 Mpa,0.112 Mpa,0.112 Mpa,0.00617 Mpa,0.115 Mpa,0.114 Mpa,0.114 Mpa,0.115 Mpa,0 Mpa,0.132 Mpa,0.129 Mpa,0.131 Mpa,0.129 Mpa,0 Mpa,0.125 Mpa,0.128 Mpa,0.130 Mpa,1.02 Mpa,0 Mpa,0.125 Mpa,0.127 Mpa,0.126 Mpa,0.126 Mpa,0 Mpa,0.124 Mpa,0.123 Mpa,0.126 Mpa,1.02 Mpa,0 Mpa,0.126 Mpa,0.125 Mpa,0.895 Mpa,0.126 Mpa,0 Mpa,1735 RPM
2026-07-13 23:00:00,0.117 Mpa,0.118 Mpa,0.118 Mpa,0.119 Mpa,0.0489 Mpa,0.120 Mpa,0.111 Mpa,0.120 Mpa,1.01 Mpa,0.0149 Mpa,0.120 Mpa,0.117 Mpa,0.120 Mpa,0.117 Mpa,0.0120 Mpa,0.120 Mpa,0.123 Mpa,0.119 Mpa,0.121 Mpa,,0.127 Mpa,0.126 Mpa,0.126 Mpa,0.127 Mpa,0 Mpa,0.120 Mpa,0.119 Mpa,0.119 Mpa,0.121 Mpa,0 Mpa,0.128 Mpa,0.126 Mpa,0.127 Mpa,0.126 Mpa,0 Mpa,0.123 Mpa,0.124 Mpa,0.126 Mpa,1.02 Mpa,0 Mpa,0.130 Mpa,0.132 Mpa,0.131 Mpa,0.130 Mpa,0 Mpa,0.126 Mpa,0.125 Mpa,0.128 Mpa,1.02 Mpa,0 Mpa,0.125 Mpa,0.124 Mpa,0.903 Mpa,0.125 Mpa,0 Mpa,1685 RPM
2026-07-14 01:00:00,0.122 Mpa,0.124 Mpa,0.123 Mpa,0.124 Mpa,0 Mpa,0.119 Mpa,0.107 Mpa,0.119 Mpa,1.02 Mpa,0 Mpa,0.119 Mpa,0.116 Mpa,0.118 Mpa,0.115 Mpa,0 Mpa,0.104 Mpa,0.107 Mpa,0.104 Mpa,0.106 Mpa,,0.131 Mpa,0.129 Mpa,0.130 Mpa,0.130 Mpa,0 Mpa,0.118 Mpa,0.117 Mpa,0.116 Mpa,0.118 Mpa,0 Mpa,0.121 Mpa,0.121 Mpa,0.120 Mpa,0.121 Mpa,0.0140 Mpa,0.120 Mpa,0.120 Mpa,0.123 Mpa,1.01 Mpa,0.0352 Mpa,0.131 Mpa,0.133 Mpa,0.132 Mpa,0.131 Mpa,0 Mpa,0.119 Mpa,0.118 Mpa,0.121 Mpa,1.01 Mpa,0.0146 Mpa,0.121 Mpa,0.121 Mpa,1.01 Mpa,0.123 Mpa,0 Mpa,1640 RPM
2026-07-14 03:00:00,0.127 Mpa,0.128 Mpa,0.128 Mpa,0.129 Mpa,0 Mpa,0.122 Mpa,0.108 Mpa,0.122 Mpa,1.02 Mpa,0 Mpa,0.122 Mpa,0.118 Mpa,0.122 Mpa,0.118 Mpa,0 Mpa,0.118 Mpa,0.120 Mpa,0.117 Mpa,0.119 Mpa,,0.124 Mpa,0.122 Mpa,0.123 Mpa,0.123 Mpa,0 Mpa,0.110 Mpa,0.110 Mpa,0.109 Mpa,0.110 Mpa,0 Mpa,0.117 Mpa,0.118 Mpa,0.117 Mpa,0.118 Mpa,0 Mpa,0.123 Mpa,0.123 Mpa,0.126 Mpa,1.02 Mpa,0 Mpa,0.127 Mpa,0.130 Mpa,0.129 Mpa,0.127 Mpa,0 Mpa,0.123 Mpa,0.122 Mpa,0.125 Mpa,1.02 Mpa,0 Mpa,0.123 Mpa,0.124 Mpa,1.01 Mpa,0.125 Mpa,0 Mpa,1712 RPM
2026-07-14 05:00:00,0.121 Mpa,0.123 Mpa,0.122 Mpa,0.123 Mpa,0 Mpa,0.122 Mpa,0.110 Mpa,0.122 Mpa,1.02 Mpa,0 Mpa,0.120 Mpa,0.117 Mpa,0.120 Mpa,0.117 Mpa,0 Mpa,0.107 Mpa,0.109 Mpa,0.108 Mpa,0.109 Mpa,,0.124 Mpa,0.122 Mpa,0.123 Mpa,0.123 Mpa,0 Mpa,0.120 Mpa,0.120 Mpa,0.119 Mpa,0.120 Mpa,0 Mpa,0.119 Mpa,0.119 Mpa,0.119 Mpa,0.119 Mpa,0.00649 Mpa,0.124 Mpa,0.124 Mpa,0.127 Mpa,1.02 Mpa,0 Mpa,0.128 Mpa,0.130 Mpa,0.129 Mpa,0.128 Mpa,0.00663 Mpa,0.123 Mpa,0.121 Mpa,0.124 Mpa,1.01 Mpa,0.00691 Mpa,0.125 Mpa,0.126 Mpa,1.000 Mpa,0.128 Mpa,0 Mpa,1608 RPM
2026-07-14 07:00:00,0.118 Mpa,0.120 Mpa,0.119 Mpa,0.120 Mpa,0 Mpa,0.125 Mpa,0.112 Mpa,0.125 Mpa,1.02 Mpa,0 Mpa,0.124 Mpa,0.120 Mpa,0.123 Mpa,0.120 Mpa,0 Mpa,0.122 Mpa,0.124 Mpa,0.121 Mpa,0.123 Mpa,,0.122 Mpa,0.119 Mpa,0.121 Mpa,0.120 Mpa,0.0285 Mpa,0.121 Mpa,0.121 Mpa,0.120 Mpa,0.123 Mpa,0 Mpa,0.124 Mpa,0.124 Mpa,0.124 Mpa,0.124 Mpa,0 Mpa,0.125 Mpa,0.126 Mpa,0.128 Mpa,1.02 Mpa,0 Mpa,0.131 Mpa,0.134 Mpa,0.133 Mpa,0.131 Mpa,0 Mpa,0.123 Mpa,0.121 Mpa,0.124 Mpa,1.02 Mpa,0 Mpa,0.129 Mpa,0.130 Mpa,0.979 Mpa,0.131 Mpa,0 Mpa,1803 RPM
2026-07-14 09:00:00,0.116 Mpa,0.118 Mpa,0.117 Mpa,0.118 Mpa,0.00741 Mpa,0.128 Mpa,0.115 Mpa,0.127 Mpa,1.02 Mpa,0 Mpa,0.120 Mpa,0.117 Mpa,0.120 Mpa,0.117 Mpa,0 Mpa,0.119 Mpa,0.122 Mpa,0.118 Mpa,0.120 Mpa,,0.114 Mpa,0.113 Mpa,0.114 Mpa,0.113 Mpa,0 Mpa,0.123 Mpa,0.122 Mpa,0.121 Mpa,0.123 Mpa,0 Mpa,0.133 Mpa,0.133 Mpa,0.133 Mpa,0.133 Mpa,0 Mpa,0.125 Mpa,0.125 Mpa,0.129 Mpa,1.02 Mpa,0 Mpa,0.131 Mpa,0.133 Mpa,0.132 Mpa,0.131 Mpa,0 Mpa,0.120 Mpa,0.120 Mpa,0.121 Mpa,1.02 Mpa,0 Mpa,0.127 Mpa,0.128 Mpa,0.819 Mpa,0.130 Mpa,0 Mpa,1746 RPM
2026-07-14 11:00:00,0.136 Mpa,0.139 Mpa,0.138 Mpa,0.138 Mpa,0.00165 Mpa,0.128 Mpa,0.119 Mpa,0.128 Mpa,1.02 Mpa,0 Mpa,0.120 Mpa,0.117 Mpa,0.121 Mpa,0.118 Mpa,0 Mpa,0.117 Mpa,0.119 Mpa,0.116 Mpa,0.118 Mpa,,0.127 Mpa,0.125 Mpa,0.126 Mpa,0.125 Mpa,0 Mpa,0.119 Mpa,0.118 Mpa,0.118 Mpa,0.119 Mpa,0 Mpa,0.129 Mpa,0.128 Mpa,0.129 Mpa,0.128 Mpa,0.0196 Mpa,0.119 Mpa,0.119 Mpa,0.122 Mpa,1.02 Mpa,0 Mpa,0.135 Mpa,0.138 Mpa,0.137 Mpa,0.135 Mpa,0 Mpa,0.116 Mpa,0.115 Mpa,0.117 Mpa,1.02 Mpa,0 Mpa,0.121 Mpa,0.121 Mpa,0.885 Mpa,0.123 Mpa,0.00673 Mpa,1697 RPM
2026-07-14 13:00:00,0.125 Mpa,0.128 Mpa,0.127 Mpa,0.128 Mpa,0.0162 Mpa,0.128 Mpa,0.118 Mpa,0.127 Mpa,1.02 Mpa,0 Mpa,0.124 Mpa,0.121 Mpa,0.124 Mpa,0.121 Mpa,0 Mpa,0.118 Mpa,0.120 Mpa,0.116 Mpa,0.119 Mpa,,0.124 Mpa,0.122 Mpa,0.123 Mpa,0.123 Mpa,0 Mpa,0.121 Mpa,0.120 Mpa,0.119 Mpa,0.121 Mpa,0.00942 Mpa,,,,,,0.119 Mpa,0.119 Mpa,0.122 Mpa,1.02 Mpa,0 Mpa,0.136 Mpa,0.140 Mpa,0.138 Mpa,0.136 Mpa,0 Mpa,0.117 Mpa,0.117 Mpa,0.120 Mpa,1.02 Mpa,0 Mpa,0.120 Mpa,0.121 Mpa,0.956 Mpa,0.123 Mpa,0 Mpa,1727 RPM
2026-07-14 15:00:00,0.132 Mpa,0.133 Mpa,0.134 Mpa,0.134 Mpa,0 Mpa,0.127 Mpa,0.116 Mpa,0.126 Mpa,1.02 Mpa,0 Mpa,0.123 Mpa,0.120 Mpa,0.123 Mpa,0.120 Mpa,0 Mpa,0.109 Mpa,0.110 Mpa,0.108 Mpa,0.110 Mpa,,0.125 Mpa,0.123 Mpa,0.124 Mpa,0.124 Mpa,0 Mpa,0.109 Mpa,0.110 Mpa,0.108 Mpa,0.111 Mpa,0.0174 Mpa,0.118 Mpa,0.118 Mpa,0.118 Mpa,0.118 Mpa,0 Mpa,0.101 Mpa,0.103 Mpa,0.104 Mpa,0.950 Mpa,0.124 Mpa,0.127 Mpa,0.130 Mpa,0.128 Mpa,0.127 Mpa,0.00754 Mpa,0.122 Mpa,0.120 Mpa,0.123 Mpa,1.02 Mpa,0 Mpa,0.125 Mpa,0.125 Mpa,0.985 Mpa,0.127 Mpa,0 Mpa,1729 RPM
2026-07-14 17:00:00,0.126 Mpa,0.128 Mpa,0.128 Mpa,0.128 Mpa,0 Mpa,0.126 Mpa,0.115 Mpa,0.126 Mpa,1.02 Mpa,0 Mpa,0.118 Mpa,0.115 Mpa,0.118 Mpa,0.114 Mpa,0 Mpa,,,,,,0.121 Mpa,0.120 Mpa,0.120 Mpa,0.120 Mpa,0 Mpa,0.120 Mpa,0.120 Mpa,0.118 Mpa,0.121 Mpa,0 Mpa,0.125 Mpa,0.124 Mpa,0.124 Mpa,0.123 Mpa,0 Mpa,0.118 Mpa,0.119 Mpa,0.120 Mpa,1.00 Mpa,0 Mpa,0.122 Mpa,0.124 Mpa,0.123 Mpa,0.122 Mpa,0 Mpa,0.125 Mpa,0.124 Mpa,0.127 Mpa,1.02 Mpa,0 Mpa,0.123 Mpa,0.123 Mpa,0.996 Mpa,0.125 Mpa,0 Mpa,1663 RPM
2026-07-14 19:00:00,0.126 Mpa,0.128 Mpa,0.127 Mpa,0.128 Mpa,0 Mpa,0.122 Mpa,0.113 Mpa,0.122 Mpa,1.02 Mpa,0 Mpa,0.123 Mpa,0.120 Mpa,0.124 Mpa,0.120 Mpa,0 Mpa,0.117 Mpa,0.120 Mpa,0.117 Mpa,0.119 Mpa,,0.122 Mpa,0.120 Mpa,0.122 Mpa,0.121 Mpa,0 Mpa,0.116 Mpa,0.116 Mpa,0.115 Mpa,0.117 Mpa,0 Mpa,0.126 Mpa,0.125 Mpa,0.125 Mpa,0.125 Mpa,0 Mpa,0.119 Mpa,0.120 Mpa,0.122 Mpa,1.02 Mpa,0 Mpa,0.128 Mpa,0.131 Mpa,0.130 Mpa,0.128 Mpa,0 Mpa,0.127 Mpa,0.127 Mpa,0.130 Mpa,1.02 Mpa,0 Mpa,0.121 Mpa,0.121 Mpa,0.957 Mpa,0.123 Mpa,0 Mpa,1745 RPM
2026-07-14 21:00:00,0.127 Mpa,0.130 Mpa,0.130 Mpa,0.131 Mpa,0 Mpa,0.124 Mpa,0.117 Mpa,0.124 Mpa,1.02 Mpa,0 Mpa,0.120 Mpa,0.117 Mpa,0.120 Mpa,0.117 Mpa,0 Mpa,0.119 Mpa,0.122 Mpa,0.118 Mpa,0.121 Mpa,,0.119 Mpa,0.118 Mpa,0.119 Mpa,0.119 Mpa,0 Mpa,0.116 Mpa,0.116 Mpa,0.114 Mpa,0.116 Mpa,0 Mpa,0.126 Mpa,0.125 Mpa,0.125 Mpa,0.125 Mpa,0 Mpa,0.120 Mpa,0.121 Mpa,0.123 Mpa,1.01 Mpa,0.00569 Mpa,0.124 Mpa,0.126 Mpa,0.126 Mpa,0.124 Mpa,0 Mpa,0.125 Mpa,0.124 Mpa,0.126 Mpa,1.02 Mpa,0 Mpa,0.119 Mpa,0.119 Mpa,0.956 Mpa,0.120 Mpa,0 Mpa,1679 RPM
2026-07-14 23:00:00,0.126 Mpa,0.128 Mpa,0.128 Mpa,0.129 Mpa,0 Mpa,0.122 Mpa,0.107 Mpa,0.122 Mpa,1.02 Mpa,0 Mpa,0.122 Mpa,0.118 Mpa,0.122 Mpa,0.119 Mpa,0 Mpa,0.119 Mpa,0.122 Mpa,0.119 Mpa,0.121 Mpa,,0.127 Mpa,0.126 Mpa,0.127 Mpa,0.127 Mpa,0.0113 Mpa,0.113 Mpa,0.113 Mpa,0.111 Mpa,0.114 Mpa,0 Mpa,0.121 Mpa,0.120 Mpa,0.120 Mpa,0.120 Mpa,0 Mpa,0.116 Mpa,0.118 Mpa,0.118 Mpa,1.02 Mpa,0 Mpa,0.124 Mpa,0.126 Mpa,0.126 Mpa,0.125 Mpa,0 Mpa,0.120 Mpa,0.119 Mpa,0.122 Mpa,1.00 Mpa,0.0259 Mpa,0.117 Mpa,0.118 Mpa,0.931 Mpa,0.119 Mpa,0 Mpa,1662 RPM
2026-07-15 01:00:00,0.117 Mpa,0.118 Mpa,0.117 Mpa,0.118 Mpa,0.0300 Mpa,0.126 Mpa,0.115 Mpa,0.126 Mpa,1.000 Mpa,0.0294 Mpa,0.118 Mpa,0.115 Mpa,0.118 Mpa,0.115 Mpa,0.0519 Mpa,0.112 Mpa,0.116 Mpa,0.112 Mpa,0.115 Mpa,,0.124 Mpa,0.123 Mpa,0.124 Mpa,0.124 Mpa,0 Mpa,0.121 Mpa,0.121 Mpa,0.120 Mpa,0.122 Mpa,0 Mpa,0.123 Mpa,0.123 Mpa,0.122 Mpa,0.123 Mpa,0.00965 Mpa,0.123 Mpa,0.124 Mpa,0.126 Mpa,1.02 Mpa,0 Mpa,0.126 Mpa,0.129 Mpa,0.128 Mpa,0.126 Mpa,0 Mpa,0.123 Mpa,0.121 Mpa,0.125 Mpa,1.02 Mpa,0 Mpa,0.119 Mpa,0.119 Mpa,0.967 Mpa,0.120 Mpa,0 Mpa,1674 RPM
2026-07-15 03:00:00,0.123 Mpa,0.125 Mpa,0.124 Mpa,0.125 Mpa,0 Mpa,0.128 Mpa,0.120 Mpa,0.128 Mpa,1.02 Mpa,0 Mpa,0.119 Mpa,0.116 Mpa,0.119 Mpa,0.116 Mpa,0 Mpa,0.110 Mpa,0.112 Mpa,0.110 Mpa,0.112 Mpa,,0.125 Mpa,0.123 Mpa,0.124 Mpa,0.124 Mpa,0 Mpa,0.119 Mpa,0.118 Mpa,0.117 Mpa,0.119 Mpa,0 Mpa,0.120 Mpa,0.120 Mpa,0.120 Mpa,0.120 Mpa,0 Mpa,0.119 Mpa,0.119 Mpa,0.121 Mpa,1.01 Mpa,0.0120 Mpa,0.122 Mpa,0.124 Mpa,0.124 Mpa,0.123 Mpa,0 Mpa,0.123 Mpa,0.122 Mpa,0.125 Mpa,1.02 Mpa,0 Mpa,0.120 Mpa,0.120 Mpa,1.01 Mpa,0.122 Mpa,0 Mpa,1682 RPM
2026-07-15 05:00:00,0.125 Mpa,0.127 Mpa,0.127 Mpa,0.127 Mpa,0 Mpa,0.125 Mpa,0.116 Mpa,0.125 Mpa,1.02 Mpa,0 Mpa,0.115 Mpa,0.113 Mpa,0.115 Mpa,0.112 Mpa,0 Mpa,0.119 Mpa,0.121 Mpa,0.118 Mpa,0.120 Mpa,,0.125 Mpa,0.124 Mpa,0.124 Mpa,0.125 Mpa,0 Mpa,0.114 Mpa,0.114 Mpa,0.113 Mpa,0.115 Mpa,0 Mpa,0.132 Mpa,0.131 Mpa,0.130 Mpa,0.130 Mpa,0 Mpa,0.113 Mpa,0.114 Mpa,0.114 Mpa,1.02 Mpa,0 Mpa,0.129 Mpa,0.131 Mpa,0.131 Mpa,0.129 Mpa,0.00780 Mpa,0.126 Mpa,0.125 Mpa,0.127 Mpa,1.01 Mpa,0.00787 Mpa,0.122 Mpa,0.121 Mpa,1.01 Mpa,0.123 Mpa,0 Mpa,1688 RPM
2026-07-15 07:00:00,0.122 Mpa,0.124 Mpa,0.123 Mpa,0.124 Mpa,0 Mpa,0.129 Mpa,0.114 Mpa,0.128 Mpa,1.02 Mpa,0 Mpa,0.119 Mpa,0.116 Mpa,0.119 Mpa,0.116 Mpa,0 Mpa,0.123 Mpa,0.126 Mpa,0.122 Mpa,0.124 Mpa,,0.128 Mpa,0.126 Mpa,0.127 Mpa,0.127 Mpa,0 Mpa,0.118 Mpa,0.118 Mpa,0.117 Mpa,0.120 Mpa,0 Mpa,0.121 Mpa,0.120 Mpa,0.120 Mpa,0.120 Mpa,0 Mpa,0.119 Mpa,0.121 Mpa,0.122 Mpa,1.02 Mpa,0 Mpa,0.132 Mpa,0.134 Mpa,0.133 Mpa,0.131 Mpa,0 Mpa,0.121 Mpa,0.121 Mpa,0.123 Mpa,1.02 Mpa,0 Mpa,0.124 Mpa,0.124 Mpa,0.988 Mpa,0.125 Mpa,0 Mpa,1790 RPM
2026-07-15 09:00:00,0.123 Mpa,0.125 Mpa,0.125 Mpa,0.126 Mpa,0 Mpa,0.130 Mpa,0.118 Mpa,0.130 Mpa,1.02 Mpa,0 Mpa,0.122 Mpa,0.119 Mpa,0.122 Mpa,0.119 Mpa,0 Mpa,0.118 Mpa,0.120 Mpa,0.117 Mpa,0.119 Mpa,,0.130 Mpa,0.127 Mpa,0.129 Mpa,0.128 Mpa,0 Mpa,0.117 Mpa,0.118 Mpa,0.116 Mpa,0.119 Mpa,0 Mpa,0.125 Mpa,0.124 Mpa,0.124 Mpa,0.124 Mpa,0.00637 Mpa,0.122 Mpa,0.122 Mpa,0.126 Mpa,1.02 Mpa,0 Mpa,0.132 Mpa,0.135 Mpa,0.133 Mpa,0.131 Mpa,0 Mpa,0.119 Mpa,0.118 Mpa,0.121 Mpa,1.02 Mpa,0 Mpa,0.120 Mpa,0.119 Mpa,1.01 Mpa,0.121 Mpa,0 Mpa,1775 RPM
2026-07-15 11:00:00,0.126 Mpa,0.128 Mpa,0.128 Mpa,0.128 Mpa,0 Mpa,0.129 Mpa,0.119 Mpa,0.128 Mpa,1.01 Mpa,0.0178 Mpa,0.122 Mpa,0.118 Mpa,0.121 Mpa,0.118 Mpa,0 Mpa,0.107 Mpa,0.109 Mpa,0.107 Mpa,0.108 Mpa,,0.129 Mpa,0.126 Mpa,0.128 Mpa,0.127 Mpa,0.0123 Mpa,0.118 Mpa,0.119 Mpa,0.117 Mpa,0.119 Mpa,0.00912 Mpa,,,,,,0.112 Mpa,0.112 Mpa,0.114 Mpa,1.02 Mpa,0 Mpa,0.130 Mpa,0.133 Mpa,0.131 Mpa,0.130 Mpa,0.00766 Mpa,0.118 Mpa,0.118 Mpa,0.120 Mpa,1.02 Mpa,0 Mpa,0.119 Mpa,0.118 Mpa,0.948 Mpa,0.119 Mpa,0.0284 Mpa,1745 RPM
2026-07-15 13:00:00,0.123 Mpa,0.124 Mpa,0.125 Mpa,0.125 Mpa,0 Mpa,0.123 Mpa,0.115 Mpa,0.123 Mpa,1.02 Mpa,0 Mpa,0.120 Mpa,0.118 Mpa,0.120 Mpa,0.117 Mpa,0 Mpa,,,,,,0.124 Mpa,0.122 Mpa,0.123 Mpa,0.123 Mpa,0 Mpa,0.123 Mpa,0.123 Mpa,0.121 Mpa,0.125 Mpa,0 Mpa,0.116 Mpa,0.116 Mpa,0.116 Mpa,0.115 Mpa,0 Mpa,0.122 Mpa,0.122 Mpa,0.126 Mpa,1.02 Mpa,0 Mpa,0.131 Mpa,0.134 Mpa,0.133 Mpa,0.130 Mpa,0 Mpa,0.122 Mpa,0.122 Mpa,0.124 Mpa,1.02 Mpa,0 Mpa,0.125 Mpa,0.125 Mpa,0.969 Mpa,0.126 Mpa,0 Mpa,1750 RPM
2026-07-15 15:00:00,0.123 Mpa,0.124 Mpa,0.124 Mpa,0.125 Mpa,0 Mpa,0.125 Mpa,0.116 Mpa,0.125 Mpa,1.02 Mpa,0 Mpa,0.120 Mpa,0.117 Mpa,0.120 Mpa,0.117 Mpa,0 Mpa,0.124 Mpa,0.124 Mpa,0.123 Mpa,0.122 Mpa,,0.122 Mpa,0.120 Mpa,0.121 Mpa,0.121 Mpa,0 Mpa,0.117 Mpa,0.118 Mpa,0.116 Mpa,0.119 Mpa,0 Mpa,0.124 Mpa,0.124 Mpa,0.124 Mpa,0.124 Mpa,0.0479 Mpa,0.120 Mpa,0.121 Mpa,0.124 Mpa,1.02 Mpa,0 Mpa,0.126 Mpa,0.128 Mpa,0.128 Mpa,0.126 Mpa,0.00758 Mpa,0.121 Mpa,0.120 Mpa,0.123 Mpa,1.02 Mpa,0 Mpa,0.125 Mpa,0.125 Mpa,0.953 Mpa,0.127 Mpa,0 Mpa,1735 RPM
2026-07-15 17:00:00,0.120 Mpa,0.121 Mpa,0.121 Mpa,0.121 Mpa,0 Mpa,0.123 Mpa,0.115 Mpa,0.122 Mpa,1.02 Mpa,0 Mpa,0.119 Mpa,0.116 Mpa,0.119 Mpa,0.115 Mpa,0 Mpa,0.116 Mpa,0.118 Mpa,0.115 Mpa,0.116 Mpa,,0.117 Mpa,0.116 Mpa,0.116 Mpa,0.117 Mpa,0.00833 Mpa,0.115 Mpa,0.115 Mpa,0.113 Mpa,0.115 Mpa,0 Mpa,0.122 Mpa,0.121 Mpa,0.121 Mpa,0.121 Mpa,0.0292 Mpa,0.119 Mpa,0.120 Mpa,0.122 Mpa,1.02 Mpa,0 Mpa,0.126 Mpa,0.128 Mpa,0.128 Mpa,0.126 Mpa,0 Mpa,0.121 Mpa,0.120 Mpa,0.122 Mpa,1.01 Mpa,0.00826 Mpa,0.119 Mpa,0.119 Mpa,0.956 Mpa,0.120 Mpa,0 Mpa,1631 RPM
2026-07-15 19:00:00,0.122 Mpa,0.124 Mpa,0.123 Mpa,0.124 Mpa,0 Mpa,0.123 Mpa,0.112 Mpa,0.123 Mpa,1.02 Mpa,0 Mpa,0.123 Mpa,0.120 Mpa,0.123 Mpa,0.120 Mpa,0 Mpa,,,,,,0.129 Mpa,0.127 Mpa,0.128 Mpa,0.128 Mpa,0 Mpa,0.109 Mpa,0.110 Mpa,0.107 Mpa,0.110 Mpa,0 Mpa,0.126 Mpa,0.125 Mpa,0.125 Mpa,0.125 Mpa,0.108 Mpa,0.124 Mpa,0.125 Mpa,0.127 Mpa,1.02 Mpa,0 Mpa,0.131 Mpa,0.132 Mpa,0.132 Mpa,0.130 Mpa,0 Mpa,0.117 Mpa,0.116 Mpa,0.119 Mpa,1.02 Mpa,0 Mpa,0.116 Mpa,0.116 Mpa,0.990 Mpa,0.117 Mpa,0 Mpa,1741 RPM
2026-07-15 21:00:00,0.121 Mpa,0.122 Mpa,0.123 Mpa,0.123 Mpa,0 Mpa,0.121 Mpa,0.111 Mpa,0.121 Mpa,1.02 Mpa,0 Mpa,0.124 Mpa,0.120 Mpa,0.123 Mpa,0.120 Mpa,0 Mpa,0.103 Mpa,0.105 Mpa,0.104 Mpa,0.105 Mpa,,0.122 Mpa,0.121 Mpa,0.122 Mpa,0.122 Mpa,0 Mpa,0.108 Mpa,0.108 Mpa,0.107 Mpa,0.109 Mpa,0 Mpa,0.130 Mpa,0.128 Mpa,0.128 Mpa,0.128 Mpa,0 Mpa,0.125 Mpa,0.125 Mpa,0.127 Mpa,1.02 Mpa,0 Mpa,0.124 Mpa,0.125 Mpa,0.125 Mpa,0.123 Mpa,0 Mpa,0.120 Mpa,0.119 Mpa,0.121 Mpa,1.02 Mpa,0 Mpa,0.115 Mpa,0.116 Mpa,0.994 Mpa,0.117 Mpa,0 Mpa,1667 RPM
2026-07-15 23:00:00,0.122 Mpa,0.123 Mpa,0.124 Mpa,0.123 Mpa,0.00296 Mpa,0.120 Mpa,0.112 Mpa,0.120 Mpa,0.991 Mpa,0.0561 Mpa,0.124 Mpa,0.121 Mpa,0.124 Mpa,0.121 Mpa,0 Mpa,0.119 Mpa,0.119 Mpa,0.118 Mpa,0.119 Mpa,,0.121 Mpa,0.119 Mpa,0.120 Mpa,0.119 Mpa,0.00881 Mpa,0.105 Mpa,0.105 Mpa,0.104 Mpa,0.106 Mpa,0 Mpa,0.127 Mpa,0.127 Mpa,0.126 Mpa,0.127 Mpa,0.00811 Mpa,0.122 Mpa,0.122 Mpa,0.125 Mpa,1.01 Mpa,0.0132 Mpa,0.122 Mpa,0.124 Mpa,0.124 Mpa,0.122 Mpa,0 Mpa,0.118 Mpa,0.117 Mpa,0.120 Mpa,1.02 Mpa,0 Mpa,0.116 Mpa,0.117 Mpa,0.997 Mpa,0.117 Mpa,0 Mpa,1598 RPM
2026-07-16 01:00:00,0.116 Mpa,0.117 Mpa,0.117 Mpa,0.118 Mpa,0 Mpa,0.118 Mpa,0.112 Mpa,0.118 Mpa,0.996 Mpa,0.0463 Mpa,0.124 Mpa,0.120 Mpa,0.124 Mpa,0.120 Mpa,0.00939 Mpa,0.113 Mpa,0.113 Mpa,0.112 Mpa,0.113 Mpa,,0.128 Mpa,0.126 Mpa,0.128 Mpa,0.127 Mpa,0 Mpa,0.117 Mpa,0.117 Mpa,0.115 Mpa,0.118 Mpa,0 Mpa,0.126 Mpa,0.125 Mpa,0.125 Mpa,0.125 Mpa,0 Mpa,0.120 Mpa,0.120 Mpa,0.123 Mpa,1.02 Mpa,0 Mpa,0.127 Mpa,0.129 Mpa,0.128 Mpa,0.127 Mpa,0 Mpa,0.118 Mpa,0.117 Mpa,0.120 Mpa,1.01 Mpa,0.0109 Mpa,0.114 Mpa,0.115 Mpa,0.991 Mpa,0.116 Mpa,0 Mpa,1568 RPM
2026-07-16 03:00:00,0.123 Mpa,0.124 Mpa,0.124 Mpa,0.124 Mpa,0 Mpa,0.126 Mpa,0.118 Mpa,0.126 Mpa,1.00 Mpa,0 Mpa,0.122 Mpa,0.117 Mpa,0.121 Mpa,0.117 Mpa,0 Mpa,,,,,,0.125 Mpa,0.124 Mpa,0.125 Mpa,0.125 Mpa,0 Mpa,0.107 Mpa,0.107 Mpa,0.106 Mpa,0.107 Mpa,0 Mpa,0.129 Mpa,0.128 Mpa,0.128 Mpa,0.128 Mpa,0 Mpa,0.124 Mpa,0.124 Mpa,0.127 Mpa,1.02 Mpa,0 Mpa,0.122 Mpa,0.124 Mpa,0.124 Mpa,0.122 Mpa,0 Mpa,0.121 Mpa,0.120 Mpa,0.123 Mpa,1.02 Mpa,0 Mpa,0.118 Mpa,0.118 Mpa,1.00 Mpa,0.119 Mpa,0 Mpa,1660 RPM
2026-07-16 05:00:00,0.119 Mpa,0.120 Mpa,0.120 Mpa,0.120 Mpa,0 Mpa,0.121 Mpa,0.116 Mpa,0.121 Mpa,1.01 Mpa,0.0110 Mpa,0.120 Mpa,0.116 Mpa,0.119 Mpa,0.116 Mpa,0 Mpa,,,,,,0.118 Mpa,0.117 Mpa,0.117 Mpa,0.117 Mpa,0 Mpa,0.116 Mpa,0.116 Mpa,0.114 Mpa,0.117 Mpa,0 Mpa,0.118 Mpa,0.117 Mpa,0.117 Mpa,0.118 Mpa,0.00794 Mpa,0.127 Mpa,0.127 Mpa,0.130 Mpa,1.02 Mpa,0 Mpa,0.123 Mpa,0.125 Mpa,0.124 Mpa,0.124 Mpa,0 Mpa,0.123 Mpa,0.122 Mpa,0.125 Mpa,1.01 Mpa,0.00879 Mpa,0.123 Mpa,0.124 Mpa,0.937 Mpa,0.125 Mpa,0.00502 Mpa,1617 RPM
2026-07-16 07:00:00,0.126 Mpa,0.128 Mpa,0.127 Mpa,0.128 Mpa,0 Mpa,0.127 Mpa,0.118 Mpa,0.126 Mpa,1.02 Mpa,0 Mpa,0.120 Mpa,0.117 Mpa,0.120 Mpa,0.117 Mpa,0 Mpa,,,,,,0.128 Mpa,0.126 Mpa,0.127 Mpa,0.127 Mpa,0 Mpa,0.114 Mpa,0.113 Mpa,0.112 Mpa,0.114 Mpa,0 Mpa,0.128 Mpa,0.128 Mpa,0.127 Mpa,0.127 Mpa,0 Mpa,0.125 Mpa,0.125 Mpa,0.129 Mpa,1.02 Mpa,0 Mpa,0.122 Mpa,0.125 Mpa,0.124 Mpa,0.123 Mpa,0 Mpa,0.124 Mpa,0.122 Mpa,0.125 Mpa,1.02 Mpa,0 Mpa,0.126 Mpa,0.126 Mpa,0.897 Mpa,0.128 Mpa,0 Mpa,1742 RPM
2026-07-16 09:00:00,0.124 Mpa,0.125 Mpa,0.126 Mpa,0.126 Mpa,0 Mpa,0.129 Mpa,0.121 Mpa,0.129 Mpa,1.02 Mpa,0 Mpa,0.118 Mpa,0.115 Mpa,0.118 Mpa,0.115 Mpa,0 Mpa,,,,,,0.125 Mpa,0.123 Mpa,0.124 Mpa,0.124 Mpa,0 Mpa,0.117 Mpa,0.118 Mpa,0.116 Mpa,0.119 Mpa,0 Mpa,0.124 Mpa,0.124 Mpa,0.124 Mpa,0.124 Mpa,0.0172 Mpa,0.127 Mpa,0.127 Mpa,0.130 Mpa,1.02 Mpa,0 Mpa,0.127 Mpa,0.130 Mpa,0.129 Mpa,0.126 Mpa,0 Mpa,0.125 Mpa,0.123 Mpa,0.127 Mpa,1.02 Mpa,0 Mpa,0.126 Mpa,0.126 Mpa,0.979 Mpa,0.128 Mpa,0 Mpa,1758 RPM
2026-07-16 11:00:00,0.123 Mpa,0.124 Mpa,0.125 Mpa,0.125 Mpa,0 Mpa,0.128 Mpa,0.119 Mpa,0.127 Mpa,1.02 Mpa,0 Mpa,0.121 Mpa,0.118 Mpa,0.121 Mpa,0.118 Mpa,0 Mpa,,,,,,0.131 Mpa,0.128 Mpa,0.130 Mpa,0.129 Mpa,0 Mpa,0.118 Mpa,0.119 Mpa,0.116 Mpa,0.119 Mpa,0.00916 Mpa,0.136 Mpa,0.135 Mpa,0.135 Mpa,0.134 Mpa,0 Mpa,0.126 Mpa,0.126 Mpa,0.130 Mpa,1.02 Mpa,0 Mpa,0.124 Mpa,0.127 Mpa,0.125 Mpa,0.125 Mpa,0.00695 Mpa,0.124 Mpa,0.123 Mpa,0.126 Mpa,1.02 Mpa,0 Mpa,0.123 Mpa,0.123 Mpa,0.974 Mpa,0.124 Mpa,0.00972 Mpa,1778 RPM
2026-07-16 13:00:00,0.122 Mpa,0.123 Mpa,0.123 Mpa,0.123 Mpa,0 Mpa,0.126 Mpa,0.118 Mpa,0.126 Mpa,1.02 Mpa,0 Mpa,0.117 Mpa,0.114 Mpa,0.117 Mpa,0.114 Mpa,0 Mpa,,,,,,0.127 Mpa,0.125 Mpa,0.127 Mpa,0.126 Mpa,0 Mpa,0.110 Mpa,0.110 Mpa,0.109 Mpa,0.111 Mpa,0 Mpa,0.127 Mpa,0.126 Mpa,0.126 Mpa,0.126 Mpa,0 Mpa,0.115 Mpa,0.116 Mpa,0.119 Mpa,1.02 Mpa,0 Mpa,0.127 Mpa,0.131 Mpa,0.129 Mpa,0.128 Mpa,0 Mpa,0.125 Mpa,0.123 Mpa,0.127 Mpa,1.01 Mpa,0.0150 Mpa,0.121 Mpa,0.121 Mpa,0.965 Mpa,0.123 Mpa,0.00858 Mpa,1673 RPM
2026-07-16 15:00:00,0.124 Mpa,0.124 Mpa,0.126 Mpa,0.125 Mpa,0 Mpa,0.126 Mpa,0.117 Mpa,0.126 Mpa,1.02 Mpa,0 Mpa,0.122 Mpa,0.119 Mpa,0.121 Mpa,0.118 Mpa,0 Mpa,,,,,,0.127 Mpa,0.125 Mpa,0.127 Mpa,0.126 Mpa,0 Mpa,0.114 Mpa,0.114 Mpa,0.113 Mpa,0.115 Mpa,0 Mpa,0.125 Mpa,0.123 Mpa,0.124 Mpa,0.124 Mpa,0 Mpa,0.123 Mpa,0.124 Mpa,0.127 Mpa,1.02 Mpa,0 Mpa,0.122 Mpa,0.124 Mpa,0.123 Mpa,0.123 Mpa,0.00907 Mpa,0.125 Mpa,0.124 Mpa,0.127 Mpa,1.02 Mpa,0 Mpa,0.126 Mpa,0.126 Mpa,0.991 Mpa,0.128 Mpa,0 Mpa,1766 RPM
2026-07-16 17:00:00,0.118 Mpa,0.120 Mpa,0.120 Mpa,0.120 Mpa,0 Mpa,0.124 Mpa,0.114 Mpa,0.124 Mpa,1.02 Mpa,0 Mpa,0.117 Mpa,0.113 Mpa,0.117 Mpa,0.113 Mpa,0 Mpa,,,,,,0.124 Mpa,0.122 Mpa,0.123 Mpa,0.123 Mpa,0 Mpa,0.116 Mpa,0.116 Mpa,0.114 Mpa,0.117 Mpa,0 Mpa,0.119 Mpa,0.118 Mpa,0.119 Mpa,0.118 Mpa,0 Mpa,0.122 Mpa,0.123 Mpa,0.125 Mpa,1.02 Mpa,0 Mpa,0.116 Mpa,0.117 Mpa,0.117 Mpa,0.116 Mpa,0 Mpa,0.122 Mpa,0.121 Mpa,0.123 Mpa,1.02 Mpa,0 Mpa,0.126 Mpa,0.126 Mpa,0.992 Mpa,0.128 Mpa,0.00612 Mpa,1634 RPM
2026-07-16 19:00:00,0.120 Mpa,0.121 Mpa,0.121 Mpa,0.121 Mpa,0 Mpa,0.126 Mpa,0.115 Mpa,0.125 Mpa,1.02 Mpa,0 Mpa,0.121 Mpa,0.117 Mpa,0.121 Mpa,0.117 Mpa,0.00494 Mpa,,,,,,0.122 Mpa,0.121 Mpa,0.122 Mpa,0.122 Mpa,0 Mpa,0.112 Mpa,0.113 Mpa,0.111 Mpa,0.114 Mpa,0 Mpa,0.130 Mpa,0.129 Mpa,0.129 Mpa,0.129 Mpa,0 Mpa,0.123 Mpa,0.125 Mpa,0.127 Mpa,1.02 Mpa,0 Mpa,0.123 Mpa,0.125 Mpa,0.124 Mpa,0.124 Mpa,0 Mpa,0.120 Mpa,0.119 Mpa,0.121 Mpa,1.02 Mpa,0 Mpa,0.112 Mpa,0.112 Mpa,1.01 Mpa,0.113 Mpa,0 Mpa,1753 RPM
2026-07-16 21:00:00,0.120 Mpa,0.122 Mpa,0.122 Mpa,0.122 Mpa,0 Mpa,0.126 Mpa,0.113 Mpa,0.125 Mpa,1.02 Mpa,0 Mpa,0.121 Mpa,0.118 Mpa,0.121 Mpa,0.118 Mpa,0 Mpa,,,,,,0.121 Mpa,0.119 Mpa,0.121 Mpa,0.121 Mpa,0 Mpa,0.109 Mpa,0.111 Mpa,0.107 Mpa,0.111 Mpa,0 Mpa,0.119 Mpa,0.118 Mpa,0.119 Mpa,0.118 Mpa,0 Mpa,0.123 Mpa,0.123 Mpa,0.126 Mpa,1.02 Mpa,0 Mpa,0.125 Mpa,0.127 Mpa,0.126 Mpa,0.126 Mpa,0 Mpa,0.120 Mpa,0.120 Mpa,0.122 Mpa,1.02 Mpa,0 Mpa,0.118 Mpa,0.118 Mpa,0.999 Mpa,0.119 Mpa,0 Mpa,1768 RPM
2026-07-16 23:00:00,0.126 Mpa,0.127 Mpa,0.127 Mpa,0.127 Mpa,0.00699 Mpa,0.121 Mpa,0.114 Mpa,0.121 Mpa,1.02 Mpa,0 Mpa,0.118 Mpa,0.115 Mpa,0.118 Mpa,0.115 Mpa,0 Mpa,,,,,,0.122 Mpa,0.121 Mpa,0.122 Mpa,0.121 Mpa,0.00921 Mpa,0.117 Mpa,0.117 Mpa,0.116 Mpa,0.118 Mpa,0 Mpa,0.121 Mpa,0.121 Mpa,0.121 Mpa,0.120 Mpa,0 Mpa,0.122 Mpa,0.123 Mpa,0.125 Mpa,1.01 Mpa,0.0126 Mpa,0.118 Mpa,0.119 Mpa,0.119 Mpa,0.118 Mpa,0 Mpa,0.120 Mpa,0.119 Mpa,0.122 Mpa,1.02 Mpa,0 Mpa,0.124 Mpa,0.124 Mpa,0.997 Mpa,0.126 Mpa,0 Mpa,1792 RPM
2026-07-17 01:00:00,0.123 Mpa,0.124 Mpa,0.124 Mpa,0.124 Mpa,0 Mpa,0.121 Mpa,0.114 Mpa,0.121 Mpa,1.02 Mpa,0 Mpa,0.104 Mpa,0.103 Mpa,0.104 Mpa,0.102 Mpa,0.0268 Mpa,0.0961 Mpa,0.1000 Mpa,0.0967 Mpa,0.1000 Mpa,,0.116 Mpa,0.114 Mpa,0.115 Mpa,0.114 Mpa,0.0396 Mpa,0.116 Mpa,0.116 Mpa,0.115 Mpa,0.118 Mpa,0.00690 Mpa,0.124 Mpa,0.123 Mpa,0.123 Mpa,0.123 Mpa,0 Mpa,0.124 Mpa,0.125 Mpa,0.128 Mpa,1.02 Mpa,0 Mpa,0.126 Mpa,0.128 Mpa,0.127 Mpa,0.126 Mpa,0 Mpa,0.113 Mpa,0.112 Mpa,0.115 Mpa,1.01 Mpa,0.0154 Mpa,0.119 Mpa,0.119 Mpa,0.985 Mpa,0.120 Mpa,0 Mpa,1679 RPM
2026-07-17 03:00:00,0.125 Mpa,0.126 Mpa,0.126 Mpa,0.126 Mpa,0 Mpa,0.119 Mpa,0.110 Mpa,0.119 Mpa,1.02 Mpa,0 Mpa,0.105 Mpa,0.104 Mpa,0.106 Mpa,0.104 Mpa,0.135 Mpa,0.115 Mpa,0.116 Mpa,0.114 Mpa,0.116 Mpa,,0.129 Mpa,0.126 Mpa,0.129 Mpa,0.127 Mpa,0 Mpa,0.115 Mpa,0.117 Mpa,0.114 Mpa,0.117 Mpa,0 Mpa,0.119 Mpa,0.118 Mpa,0.119 Mpa,0.118 Mpa,0 Mpa,0.124 Mpa,0.125 Mpa,0.127 Mpa,1.02 Mpa,0 Mpa,0.131 Mpa,0.135 Mpa,0.133 Mpa,0.133 Mpa,0 Mpa,0.117 Mpa,0.116 Mpa,0.118 Mpa,1.02 Mpa,0 Mpa,0.124 Mpa,0.124 Mpa,0.990 Mpa,0.126 Mpa,0 Mpa,1658 RPM
2026-07-17 05:00:00,0.122 Mpa,0.123 Mpa,0.123 Mpa,0.123 Mpa,0 Mpa,0.122 Mpa,0.111 Mpa,0.122 Mpa,1.02 Mpa,0 Mpa,,,,,,0.116 Mpa,0.118 Mpa,0.116 Mpa,0.118 Mpa,,0.124 Mpa,0.122 Mpa,0.123 Mpa,0.122 Mpa,0 Mpa,0.112 Mpa,0.112 Mpa,0.110 Mpa,0.113 Mpa,0 Mpa,0.127 Mpa,0.125 Mpa,0.126 Mpa,0.125 Mpa,0 Mpa,0.117 Mpa,0.118 Mpa,0.120 Mpa,1.02 Mpa,0 Mpa,0.129 Mpa,0.134 Mpa,0.130 Mpa,0.130 Mpa,0.00654 Mpa,0.123 Mpa,0.122 Mpa,0.124 Mpa,1.01 Mpa,0.00588 Mpa,0.123 Mpa,0.123 Mpa,0.948 Mpa,0.124 Mpa,0.0182 Mpa,1684 RPM
2026-07-17 07:00:00,0.122 Mpa,0.124 Mpa,0.124 Mpa,0.124 Mpa,0 Mpa,0.123 Mpa,0.113 Mpa,0.122 Mpa,1.02 Mpa,0 Mpa,,,,,,0.131 Mpa,0.133 Mpa,0.131 Mpa,0.132 Mpa,,0.127 Mpa,0.125 Mpa,0.127 Mpa,0.126 Mpa,0 Mpa,0.117 Mpa,0.118 Mpa,0.116 Mpa,0.118 Mpa,0 Mpa,0.132 Mpa,0.131 Mpa,0.132 Mpa,0.131 Mpa,0 Mpa,0.121 Mpa,0.122 Mpa,0.124 Mpa,1.02 Mpa,0 Mpa,0.128 Mpa,0.132 Mpa,0.129 Mpa,0.130 Mpa,0 Mpa,0.128 Mpa,0.127 Mpa,0.129 Mpa,1.02 Mpa,0 Mpa,0.122 Mpa,0.122 Mpa,0.975 Mpa,0.124 Mpa,0 Mpa,1779 RPM
2026-07-17 09:00:00,0.125 Mpa,0.126 Mpa,0.127 Mpa,0.127 Mpa,0 Mpa,0.126 Mpa,0.116 Mpa,0.125 Mpa,1.02 Mpa,0 Mpa,,,,,,0.136 Mpa,0.138 Mpa,0.135 Mpa,0.137 Mpa,,0.127 Mpa,0.124 Mpa,0.127 Mpa,0.126 Mpa,0 Mpa,0.113 Mpa,0.114 Mpa,0.112 Mpa,0.114 Mpa,0.0100 Mpa,0.128 Mpa,0.126 Mpa,0.127 Mpa,0.126 Mpa,0 Mpa,0.123 Mpa,0.124 Mpa,0.127 Mpa,1.02 Mpa,0 Mpa,0.128 Mpa,0.132 Mpa,0.129 Mpa,0.129 Mpa,0 Mpa,0.127 Mpa,0.126 Mpa,0.129 Mpa,1.02 Mpa,0 Mpa,0.123 Mpa,0.123 Mpa,0.965 Mpa,0.125 Mpa,0 Mpa,1783 RPM
2026-07-17 11:00:00,0.125 Mpa,0.126 Mpa,0.127 Mpa,0.126 Mpa,0 Mpa,0.123 Mpa,0.115 Mpa,0.123 Mpa,1.02 Mpa,0 Mpa,,,,,,0.124 Mpa,0.125 Mpa,0.124 Mpa,0.125 Mpa,,0.127 Mpa,0.124 Mpa,0.127 Mpa,0.125 Mpa,0 Mpa,0.116 Mpa,0.115 Mpa,0.115 Mpa,0.116 Mpa,0 Mpa,0.127 Mpa,0.125 Mpa,0.126 Mpa,0.125 Mpa,0.0178 Mpa,0.121 Mpa,0.122 Mpa,0.124 Mpa,1.02 Mpa,0 Mpa,0.129 Mpa,0.134 Mpa,0.130 Mpa,0.131 Mpa,0 Mpa,0.125 Mpa,0.124 Mpa,0.127 Mpa,1.01 Mpa,0.00723 Mpa,0.122 Mpa,0.122 Mpa,0.988 Mpa,0.124 Mpa,0.00598 Mpa,1685 RPM
2026-07-17 13:00:00,0.119 Mpa,0.120 Mpa,0.120 Mpa,0.120 Mpa,0.0194 Mpa,0.122 Mpa,0.113 Mpa,0.122 Mpa,1.02 Mpa,0 Mpa,,,,,,0.126 Mpa,0.129 Mpa,0.125 Mpa,0.127 Mpa,,0.128 Mpa,0.125 Mpa,0.128 Mpa,0.126 Mpa,0 Mpa,0.112 Mpa,0.113 Mpa,0.110 Mpa,0.114 Mpa,0.0212 Mpa,0.119 Mpa,0.118 Mpa,0.119 Mpa,0.119 Mpa,0.0150 Mpa,0.119 Mpa,0.120 Mpa,0.122 Mpa,1.02 Mpa,0 Mpa,0.131 Mpa,0.134 Mpa,0.132 Mpa,0.131 Mpa,0.0198 Mpa,0.125 Mpa,0.125 Mpa,0.127 Mpa,1.02 Mpa,0 Mpa,0.125 Mpa,0.125 Mpa,1.01 Mpa,0.128 Mpa,0 Mpa,1733 RPM
2026-07-17 15:00:00,0.124 Mpa,0.125 Mpa,0.125 Mpa,0.125 Mpa,0 Mpa,0.121 Mpa,0.109 Mpa,0.121 Mpa,1.02 Mpa,0 Mpa,,,,,,0.121 Mpa,0.125 Mpa,0.121 Mpa,0.124 Mpa,,0.123 Mpa,0.121 Mpa,0.122 Mpa,0.122 Mpa,0 Mpa,0.117 Mpa,0.117 Mpa,0.115 Mpa,0.118 Mpa,0 Mpa,0.129 Mpa,0.128 Mpa,0.129 Mpa,0.128 Mpa,0 Mpa,0.120 Mpa,0.122 Mpa,0.125 Mpa,1.02 Mpa,0 Mpa,0.123 Mpa,0.125 Mpa,0.124 Mpa,0.123 Mpa,0 Mpa,0.126 Mpa,0.124 Mpa,0.128 Mpa,1.02 Mpa,0 Mpa,0.127 Mpa,0.127 Mpa,0.978 Mpa,0.129 Mpa,0 Mpa,1758 RPM
2026-07-17 17:00:00,0.117 Mpa,0.119 Mpa,0.118 Mpa,0.118 Mpa,0 Mpa,0.122 Mpa,0.112 Mpa,0.122 Mpa,1.02 Mpa,0 Mpa,0.100 Mpa,0.0976 Mpa,0.100 Mpa,0.0974 Mpa,0.143 Mpa,0.117 Mpa,0.122 Mpa,0.117 Mpa,0.121 Mpa,,0.122 Mpa,0.121 Mpa,0.122 Mpa,0.122 Mpa,0 Mpa,0.113 Mpa,0.114 Mpa,0.112 Mpa,0.114 Mpa,0 Mpa,0.125 Mpa,0.124 Mpa,0.124 Mpa,0.124 Mpa,0 Mpa,0.121 Mpa,0.123 Mpa,0.125 Mpa,1.02 Mpa,0 Mpa,0.125 Mpa,0.128 Mpa,0.126 Mpa,0.125 Mpa,0.00732 Mpa,0.119 Mpa,0.118 Mpa,0.120 Mpa,1.02 Mpa,0 Mpa,0.125 Mpa,0.126 Mpa,0.975 Mpa,0.127 Mpa,0.00618 Mpa,1694 RPM
2026-07-17 19:00:00,0.122 Mpa,0.123 Mpa,0.123 Mpa,0.123 Mpa,0 Mpa,0.124 Mpa,0.110 Mpa,0.124 Mpa,1.02 Mpa,0 Mpa,,,,,,0.112 Mpa,0.114 Mpa,0.112 Mpa,0.114 Mpa,,0.124 Mpa,0.122 Mpa,0.123 Mpa,0.123 Mpa,0 Mpa,0.116 Mpa,0.115 Mpa,0.114 Mpa,0.116 Mpa,0 Mpa,0.126 Mpa,0.125 Mpa,0.126 Mpa,0.125 Mpa,0 Mpa,0.121 Mpa,0.123 Mpa,0.125 Mpa,1.02 Mpa,0 Mpa,0.127 Mpa,0.130 Mpa,0.129 Mpa,0.128 Mpa,0 Mpa,0.120 Mpa,0.119 Mpa,0.121 Mpa,1.02 Mpa,0 Mpa,0.122 Mpa,0.122 Mpa,0.966 Mpa,0.123 Mpa,0 Mpa,1798 RPM
2026-07-17 21:00:00,0.122 Mpa,0.123 Mpa,0.124 Mpa,0.123 Mpa,0 Mpa,0.120 Mpa,0.109 Mpa,0.121 Mpa,1.02 Mpa,0 Mpa,0.100 Mpa,0.0992 Mpa,0.102 Mpa,0.0988 Mpa,0.120 Mpa,0.121 Mpa,0.123 Mpa,0.121 Mpa,0.123 Mpa,,0.123 Mpa,0.120 Mpa,0.122 Mpa,0.121 Mpa,0 Mpa,0.116 Mpa,0.116 Mpa,0.115 Mpa,0.117 Mpa,0 Mpa,0.119 Mpa,0.118 Mpa,0.118 Mpa,0.118 Mpa,0 Mpa,0.124 Mpa,0.126 Mpa,0.128 Mpa,1.02 Mpa,0 Mpa,0.126 Mpa,0.129 Mpa,0.127 Mpa,0.126 Mpa,0 Mpa,0.117 Mpa,0.117 Mpa,0.119 Mpa,1.02 Mpa,0 Mpa,0.125 Mpa,0.126 Mpa,0.937 Mpa,0.127 Mpa,0 Mpa,1787 RPM
2026-07-17 23:00:00,0.121 Mpa,0.122 Mpa,0.123 Mpa,0.123 Mpa,0.00777 Mpa,0.120 Mpa,0.111 Mpa,0.120 Mpa,1.02 Mpa,0 Mpa,0.105 Mpa,0.103 Mpa,0.105 Mpa,0.103 Mpa,0 Mpa,0.121 Mpa,0.123 Mpa,0.121 Mpa,0.122 Mpa,,0.124 Mpa,0.122 Mpa,0.124 Mpa,0.123 Mpa,0.00676 Mpa,0.117 Mpa,0.118 Mpa,0.116 Mpa,0.119 Mpa,0 Mpa,0.119 Mpa,0.119 Mpa,0.119 Mpa,0.119 Mpa,0 Mpa,0.124 Mpa,0.124 Mpa,0.128 Mpa,1.02 Mpa,0 Mpa,0.124 Mpa,0.126 Mpa,0.125 Mpa,0.125 Mpa,0 Mpa,0.121 Mpa,0.120 Mpa,0.123 Mpa,1.01 Mpa,0.00969 Mpa,0.124 Mpa,0.124 Mpa,0.904 Mpa,0.125 Mpa,0 Mpa,1715 RPM
2026-07-18 01:00:00,0.126 Mpa,0.128 Mpa,0.128 Mpa,0.128 Mpa,0 Mpa,0.123 Mpa,0.112 Mpa,0.123 Mpa,1.01 Mpa,0.0132 Mpa,0.116 Mpa,0.115 Mpa,0.117 Mpa,0.114 Mpa,0 Mpa,0.122 Mpa,0.125 Mpa,0.121 Mpa,0.123 Mpa,,0.120 Mpa,0.118 Mpa,0.119 Mpa,0.118 Mpa,0.00399 Mpa,0.117 Mpa,0.118 Mpa,0.116 Mpa,0.119 Mpa,0 Mpa,0.124 Mpa,0.123 Mpa,0.123 Mpa,0.124 Mpa,0 Mpa,0.124 Mpa,0.124 Mpa,0.126 Mpa,1.02 Mpa,0 Mpa,0.126 Mpa,0.129 Mpa,0.127 Mpa,0.127 Mpa,0 Mpa,0.118 Mpa,0.117 Mpa,0.119 Mpa,1.02 Mpa,0 Mpa,0.117 Mpa,0.117 Mpa,0.994 Mpa,0.119 Mpa,0 Mpa,1694 RPM
2026-07-18 03:00:00,0.123 Mpa,0.125 Mpa,0.124 Mpa,0.125 Mpa,0 Mpa,0.121 Mpa,0.115 Mpa,0.122 Mpa,1.02 Mpa,0 Mpa,0.116 Mpa,0.115 Mpa,0.116 Mpa,0.114 Mpa,0 Mpa,0.121 Mpa,0.124 Mpa,0.120 Mpa,0.123 Mpa,,0.124 Mpa,0.121 Mpa,0.123 Mpa,0.122 Mpa,0 Mpa,0.107 Mpa,0.109 Mpa,0.106 Mpa,0.109 Mpa,0.0203 Mpa,0.126 Mpa,0.125 Mpa,0.125 Mpa,0.125 Mpa,0 Mpa,0.103 Mpa,0.104 Mpa,0.106 Mpa,0.540 Mpa,0.196 Mpa,0.125 Mpa,0.128 Mpa,0.126 Mpa,0.125 Mpa,0 Mpa,0.122 Mpa,0.121 Mpa,0.124 Mpa,1.02 Mpa,0 Mpa,0.122 Mpa,0.123 Mpa,0.972 Mpa,0.125 Mpa,0 Mpa,1715 RPM
2026-07-18 05:00:00,0.118 Mpa,0.120 Mpa,0.119 Mpa,0.119 Mpa,0 Mpa,0.123 Mpa,0.114 Mpa,0.123 Mpa,1.02 Mpa,0 Mpa,0.113 Mpa,0.111 Mpa,0.113 Mpa,0.110 Mpa,0 Mpa,0.117 Mpa,0.119 Mpa,0.117 Mpa,0.119 Mpa,,0.124 Mpa,0.122 Mpa,0.123 Mpa,0.123 Mpa,0 Mpa,0.113 Mpa,0.113 Mpa,0.111 Mpa,0.114 Mpa,0 Mpa,0.125 Mpa,0.124 Mpa,0.125 Mpa,0.124 Mpa,0.00984 Mpa,,,,,,0.127 Mpa,0.131 Mpa,0.129 Mpa,0.129 Mpa,0.00658 Mpa,0.121 Mpa,0.120 Mpa,0.122 Mpa,1.01 Mpa,0.00641 Mpa,0.120 Mpa,0.121 Mpa,0.988 Mpa,0.122 Mpa,0.0179 Mpa,1605 RPM
2026-07-18 07:00:00,0.124 Mpa,0.125 Mpa,0.125 Mpa,0.125 Mpa,0 Mpa,0.124 Mpa,0.114 Mpa,0.124 Mpa,1.02 Mpa,0 Mpa,0.119 Mpa,0.116 Mpa,0.120 Mpa,0.116 Mpa,0 Mpa,0.121 Mpa,0.124 Mpa,0.120 Mpa,0.123 Mpa,,0.130 Mpa,0.127 Mpa,0.129 Mpa,0.128 Mpa,0 Mpa,0.115 Mpa,0.117 Mpa,0.114 Mpa,0.118 Mpa,0 Mpa,0.131 Mpa,0.129 Mpa,0.130 Mpa,0.129 Mpa,0 Mpa,,,,,,0.127 Mpa,0.129 Mpa,0.128 Mpa,0.127 Mpa,0 Mpa,0.128 Mpa,0.127 Mpa,0.130 Mpa,1.02 Mpa,0 Mpa,0.125 Mpa,0.126 Mpa,0.957 Mpa,0.127 Mpa,0 Mpa,1803 RPM
2026-07-18 09:00:00,0.125 Mpa,0.126 Mpa,0.126 Mpa,0.127 Mpa,0 Mpa,0.124 Mpa,0.115 Mpa,0.124 Mpa,1.02 Mpa,0 Mpa,0.120 Mpa,0.116 Mpa,0.120 Mpa,0.117 Mpa,0 Mpa,0.128 Mpa,0.131 Mpa,0.128 Mpa,0.131 Mpa,,0.127 Mpa,0.124 Mpa,0.127 Mpa,0.126 Mpa,0 Mpa,0.117 Mpa,0.117 Mpa,0.115 Mpa,0.118 Mpa,0.00649 Mpa,0.119 Mpa,0.119 Mpa,0.119 Mpa,0.119 Mpa,0.0133 Mpa,,,,,,0.131 Mpa,0.134 Mpa,0.133 Mpa,0.131 Mpa,0 Mpa,0.127 Mpa,0.125 Mpa,0.129 Mpa,1.02 Mpa,0 Mpa,0.125 Mpa,0.125 Mpa,0.944 Mpa,0.127 Mpa,0 Mpa,1700 RPM
2026-07-18 11:00:00,0.126 Mpa,0.126 Mpa,0.128 Mpa,0.127 Mpa,0 Mpa,0.127 Mpa,0.118 Mpa,0.127 Mpa,1.02 Mpa,0 Mpa,0.124 Mpa,0.120 Mpa,0.124 Mpa,0.120 Mpa,0 Mpa,0.121 Mpa,0.122 Mpa,0.120 Mpa,0.121 Mpa,,0.129 Mpa,0.126 Mpa,0.129 Mpa,0.128 Mpa,0 Mpa,0.114 Mpa,0.115 Mpa,0.112 Mpa,0.115 Mpa,0.0153 Mpa,0.130 Mpa,0.129 Mpa,0.129 Mpa,0.129 Mpa,0 Mpa,0.113 Mpa,0.113 Mpa,0.114 Mpa,0.0302 Mpa,0.0215 Mpa,0.129 Mpa,0.131 Mpa,0.131 Mpa,0.128 Mpa,0 Mpa,0.128 Mpa,0.127 Mpa,0.130 Mpa,1.02 Mpa,0 Mpa,0.119 Mpa,0.119 Mpa,0.912 Mpa,0.121 Mpa,0.0284 Mpa,1721 RPM
2026-07-18 13:00:00,0.120 Mpa,0.120 Mpa,0.121 Mpa,0.120 Mpa,0.0207 Mpa,0.128 Mpa,0.117 Mpa,0.128 Mpa,1.02 Mpa,0 Mpa,0.122 Mpa,0.118 Mpa,0.121 Mpa,0.118 Mpa,0 Mpa,,,,,,0.122 Mpa,0.121 Mpa,0.122 Mpa,0.122 Mpa,0 Mpa,0.124 Mpa,0.123 Mpa,0.122 Mpa,0.125 Mpa,0 Mpa,0.130 Mpa,0.127 Mpa,0.129 Mpa,0.128 Mpa,0 Mpa,,,,,,0.132 Mpa,0.134 Mpa,0.134 Mpa,0.132 Mpa,0.00624 Mpa,0.121 Mpa,0.120 Mpa,0.122 Mpa,1.02 Mpa,0 Mpa,0.107 Mpa,0.108 Mpa,0.977 Mpa,0.108 Mpa,0 Mpa,1716 RPM
2026-07-18 15:00:00,0.122 Mpa,0.124 Mpa,0.125 Mpa,0.125 Mpa,0 Mpa,0.126 Mpa,0.115 Mpa,0.126 Mpa,1.02 Mpa,0 Mpa,0.118 Mpa,0.115 Mpa,0.117 Mpa,0.115 Mpa,0 Mpa,0.119 Mpa,0.122 Mpa,0.119 Mpa,0.121 Mpa,,0.124 Mpa,0.122 Mpa,0.123 Mpa,0.123 Mpa,0 Mpa,0.114 Mpa,0.114 Mpa,0.113 Mpa,0.115 Mpa,0 Mpa,0.131 Mpa,0.129 Mpa,0.130 Mpa,0.129 Mpa,0 Mpa,,,,,,0.125 Mpa,0.127 Mpa,0.126 Mpa,0.125 Mpa,0 Mpa,0.125 Mpa,0.123 Mpa,0.126 Mpa,1.02 Mpa,0 Mpa,0.122 Mpa,0.122 Mpa,0.989 Mpa,0.123 Mpa,0 Mpa,1773 RPM
2026-07-18 17:00:00,0.114 Mpa,0.115 Mpa,0.115 Mpa,0.115 Mpa,0 Mpa,0.128 Mpa,0.117 Mpa,0.128 Mpa,1.02 Mpa,0 Mpa,0.118 Mpa,0.115 Mpa,0.118 Mpa,0.114 Mpa,0 Mpa,0.117 Mpa,0.120 Mpa,0.117 Mpa,0.119 Mpa,,0.123 Mpa,0.122 Mpa,0.123 Mpa,0.122 Mpa,0 Mpa,0.117 Mpa,0.116 Mpa,0.115 Mpa,0.117 Mpa,0 Mpa,0.130 Mpa,0.129 Mpa,0.129 Mpa,0.128 Mpa,0 Mpa,,,,,,0.131 Mpa,0.135 Mpa,0.132 Mpa,0.131 Mpa,0 Mpa,0.123 Mpa,0.123 Mpa,0.126 Mpa,1.02 Mpa,0 Mpa,0.119 Mpa,0.120 Mpa,0.937 Mpa,0.121 Mpa,0 Mpa,1706 RPM
2026-07-18 19:00:00,0.122 Mpa,0.123 Mpa,0.123 Mpa,0.123 Mpa,0.00676 Mpa,0.130 Mpa,0.118 Mpa,0.130 Mpa,1.02 Mpa,0 Mpa,0.120 Mpa,0.117 Mpa,0.120 Mpa,0.117 Mpa,0.00311 Mpa,0.122 Mpa,0.126 Mpa,0.122 Mpa,0.124 Mpa,,0.122 Mpa,0.120 Mpa,0.122 Mpa,0.121 Mpa,0 Mpa,0.121 Mpa,0.120 Mpa,0.119 Mpa,0.121 Mpa,0 Mpa,0.126 Mpa,0.125 Mpa,0.124 Mpa,0.125 Mpa,0 Mpa,,,,,,0.131 Mpa,0.136 Mpa,0.133 Mpa,0.132 Mpa,0 Mpa,0.123 Mpa,0.122 Mpa,0.125 Mpa,1.02 Mpa,0 Mpa,0.119 Mpa,0.119 Mpa,0.984 Mpa,0.120 Mpa,0.0172 Mpa,1793 RPM
2026-07-18 21:00:00,0.117 Mpa,0.119 Mpa,0.118 Mpa,0.119 Mpa,0 Mpa,0.129 Mpa,0.120 Mpa,0.128 Mpa,1.02 Mpa,0 Mpa,0.121 Mpa,0.117 Mpa,0.121 Mpa,0.117 Mpa,0 Mpa,0.119 Mpa,0.122 Mpa,0.119 Mpa,0.121 Mpa,,0.121 Mpa,0.120 Mpa,0.121 Mpa,0.121 Mpa,0 Mpa,0.120 Mpa,0.120 Mpa,0.119 Mpa,0.121 Mpa,0 Mpa,0.131 Mpa,0.129 Mpa,0.130 Mpa,0.129 Mpa,0 Mpa,,,,,,0.124 Mpa,0.128 Mpa,0.125 Mpa,0.125 Mpa,0 Mpa,0.123 Mpa,0.122 Mpa,0.125 Mpa,1.02 Mpa,0 Mpa,0.118 Mpa,0.118 Mpa,0.977 Mpa,0.118 Mpa,0 Mpa,1757 RPM
2026-07-18 23:00:00,0.123 Mpa,0.124 Mpa,0.124 Mpa,0.124 Mpa,0 Mpa,0.124 Mpa,0.116 Mpa,0.124 Mpa,1.02 Mpa,0 Mpa,0.119 Mpa,0.117 Mpa,0.120 Mpa,0.117 Mpa,0 Mpa,0.120 Mpa,0.122 Mpa,0.119 Mpa,0.121 Mpa,,0.125 Mpa,0.123 Mpa,0.124 Mpa,0.124 Mpa,0.0118 Mpa,0.120 Mpa,0.120 Mpa,0.119 Mpa,0.121 Mpa,0 Mpa,0.130 Mpa,0.128 Mpa,0.129 Mpa,0.127 Mpa,0 Mpa,,,,,,0.131 Mpa,0.135 Mpa,0.133 Mpa,0.131 Mpa,0 Mpa,0.121 Mpa,0.119 Mpa,0.123 Mpa,1.01 Mpa,0.00613 Mpa,0.123 Mpa,0.122 Mpa,0.988 Mpa,0.123 Mpa,0 Mpa,1734 RPM
2026-07-19 01:00:00,0.122 Mpa,0.124 Mpa,0.123 Mpa,0.123 Mpa,0 Mpa,0.123 Mpa,0.111 Mpa,0.123 Mpa,1.02 Mpa,0 Mpa,,,,,,0.119 Mpa,0.122 Mpa,0.118 Mpa,0.120 Mpa,,0.123 Mpa,0.122 Mpa,0.123 Mpa,0.123 Mpa,0 Mpa,0.116 Mpa,0.115 Mpa,0.114 Mpa,0.116 Mpa,0 Mpa,0.129 Mpa,0.127 Mpa,0.128 Mpa,0.127 Mpa,0 Mpa,0.114 Mpa,0.115 Mpa,0.115 Mpa,0.115 Mpa,0.0132 Mpa,0.125 Mpa,0.128 Mpa,0.126 Mpa,0.125 Mpa,0 Mpa,0.125 Mpa,0.125 Mpa,0.127 Mpa,1.01 Mpa,0.00746 Mpa,0.118 Mpa,0.118 Mpa,1.01 Mpa,0.119 Mpa,0 Mpa,1663 RPM
2026-07-19 03:00:00,0.119 Mpa,0.120 Mpa,0.120 Mpa,0.120 Mpa,0 Mpa,0.121 Mpa,0.111 Mpa,0.121 Mpa,1.01 Mpa,0.00880 Mpa,,,,,,0.124 Mpa,0.126 Mpa,0.123 Mpa,0.125 Mpa,,0.124 Mpa,0.121 Mpa,0.123 Mpa,0.122 Mpa,0 Mpa,0.118 Mpa,0.118 Mpa,0.117 Mpa,0.119 Mpa,0 Mpa,0.126 Mpa,0.124 Mpa,0.125 Mpa,0.123 Mpa,0 Mpa,0.125 Mpa,0.125 Mpa,0.126 Mpa,0.109 Mpa,0.00768 Mpa,0.129 Mpa,0.132 Mpa,0.131 Mpa,0.129 Mpa,0 Mpa,0.130 Mpa,0.129 Mpa,0.133 Mpa,1.02 Mpa,0 Mpa,0.121 Mpa,0.121 Mpa,0.952 Mpa,0.122 Mpa,0 Mpa,1758 RPM
2026-07-19 05:00:00,0.118 Mpa,0.119 Mpa,0.120 Mpa,0.119 Mpa,0 Mpa,0.121 Mpa,0.109 Mpa,0.121 Mpa,1.02 Mpa,0 Mpa,0.119 Mpa,0.117 Mpa,0.120 Mpa,0.116 Mpa,0 Mpa,0.126 Mpa,0.128 Mpa,0.125 Mpa,0.127 Mpa,,0.124 Mpa,0.122 Mpa,0.123 Mpa,0.122 Mpa,0 Mpa,0.111 Mpa,0.112 Mpa,0.110 Mpa,0.112 Mpa,0 Mpa,0.120 Mpa,0.119 Mpa,0.119 Mpa,0.119 Mpa,0.00824 Mpa,0.129 Mpa,0.129 Mpa,0.132 Mpa,0.125 Mpa,0 Mpa,0.129 Mpa,0.131 Mpa,0.130 Mpa,0.129 Mpa,0 Mpa,0.126 Mpa,0.125 Mpa,0.127 Mpa,1.02 Mpa,0 Mpa,0.120 Mpa,0.120 Mpa,0.924 Mpa,0.121 Mpa,0.00475 Mpa,1633 RPM
2026-07-19 07:00:00,0.125 Mpa,0.125 Mpa,0.127 Mpa,0.126 Mpa,0 Mpa,0.122 Mpa,0.110 Mpa,0.122 Mpa,1.02 Mpa,0 Mpa,0.119 Mpa,0.116 Mpa,0.119 Mpa,0.116 Mpa,0 Mpa,0.116 Mpa,0.118 Mpa,0.116 Mpa,0.117 Mpa,,0.126 Mpa,0.124 Mpa,0.126 Mpa,0.125 Mpa,0 Mpa,0.115 Mpa,0.115 Mpa,0.114 Mpa,0.116 Mpa,0 Mpa,0.128 Mpa,0.127 Mpa,0.127 Mpa,0.127 Mpa,0 Mpa,0.130 Mpa,0.130 Mpa,0.135 Mpa,0.128 Mpa,0 Mpa,0.124 Mpa,0.126 Mpa,0.125 Mpa,0.124 Mpa,0 Mpa,0.130 Mpa,0.128 Mpa,0.132 Mpa,1.02 Mpa,0 Mpa,0.124 Mpa,0.124 Mpa,0.988 Mpa,0.125 Mpa,0 Mpa,1784 RPM
2026-07-19 09:00:00,0.127 Mpa,0.129 Mpa,0.129 Mpa,0.129 Mpa,0 Mpa,0.122 Mpa,0.112 Mpa,0.122 Mpa,1.02 Mpa,0 Mpa,0.117 Mpa,0.113 Mpa,0.117 Mpa,0.113 Mpa,0 Mpa,0.126 Mpa,0.129 Mpa,0.125 Mpa,0.128 Mpa,,0.121 Mpa,0.120 Mpa,0.121 Mpa,0.121 Mpa,0 Mpa,0.116 Mpa,0.115 Mpa,0.114 Mpa,0.116 Mpa,0 Mpa,0.130 Mpa,0.128 Mpa,0.129 Mpa,0.128 Mpa,0 Mpa,0.125 Mpa,0.126 Mpa,0.129 Mpa,0.124 Mpa,0 Mpa,0.130 Mpa,0.133 Mpa,0.132 Mpa,0.130 Mpa,0 Mpa,0.130 Mpa,0.129 Mpa,0.133 Mpa,1.02 Mpa,0 Mpa,0.124 Mpa,0.124 Mpa,1.000 Mpa,0.125 Mpa,0 Mpa,1798 RPM
2026-07-19 11:00:00,0.124 Mpa,0.125 Mpa,0.125 Mpa,0.125 Mpa,0 Mpa,0.128 Mpa,0.111 Mpa,0.128 Mpa,1.02 Mpa,0 Mpa,0.115 Mpa,0.112 Mpa,0.115 Mpa,0.112 Mpa,0 Mpa,0.112 Mpa,0.114 Mpa,0.112 Mpa,0.113 Mpa,,0.124 Mpa,0.122 Mpa,0.124 Mpa,0.123 Mpa,0.0112 Mpa,0.117 Mpa,0.117 Mpa,0.115 Mpa,0.117 Mpa,0.00647 Mpa,0.129 Mpa,0.127 Mpa,0.128 Mpa,0.128 Mpa,0.00588 Mpa,0.124 Mpa,0.124 Mpa,0.127 Mpa,0.123 Mpa,0.0135 Mpa,0.129 Mpa,0.130 Mpa,0.131 Mpa,0.127 Mpa,0 Mpa,0.128 Mpa,0.127 Mpa,0.130 Mpa,1.02 Mpa,0 Mpa,0.124 Mpa,0.124 Mpa,0.998 Mpa,0.126 Mpa,0.0128 Mpa,1663 RPM
2026-07-19 13:00:00,0.122 Mpa,0.123 Mpa,0.124 Mpa,0.124 Mpa,0.0113 Mpa,0.127 Mpa,0.107 Mpa,0.127 Mpa,1.02 Mpa,0 Mpa,0.114 Mpa,0.111 Mpa,0.114 Mpa,0.110 Mpa,0 Mpa,0.118 Mpa,0.120 Mpa,0.117 Mpa,0.119 Mpa,,0.121 Mpa,0.120 Mpa,0.121 Mpa,0.120 Mpa,0 Mpa,0.112 Mpa,0.112 Mpa,0.111 Mpa,0.112 Mpa,0 Mpa,0.130 Mpa,0.130 Mpa,0.130 Mpa,0.129 Mpa,0 Mpa,0.125 Mpa,0.125 Mpa,0.128 Mpa,0.124 Mpa,0 Mpa,0.131 Mpa,0.133 Mpa,0.133 Mpa,0.130 Mpa,0.0159 Mpa,0.130 Mpa,0.129 Mpa,0.132 Mpa,1.02 Mpa,0 Mpa,0.122 Mpa,0.121 Mpa,1.00 Mpa,0.123 Mpa,0 Mpa,1767 RPM
2026-07-19 15:00:00,0.122 Mpa,0.123 Mpa,0.124 Mpa,0.124 Mpa,0 Mpa,0.124 Mpa,0.102 Mpa,0.124 Mpa,1.02 Mpa,0 Mpa,0.116 Mpa,0.113 Mpa,0.115 Mpa,0.113 Mpa,0 Mpa,0.123 Mpa,0.125 Mpa,0.121 Mpa,0.124 Mpa,,0.121 Mpa,0.119 Mpa,0.121 Mpa,0.120 Mpa,0 Mpa,0.113 Mpa,0.112 Mpa,0.111 Mpa,0.113 Mpa,0 Mpa,0.127 Mpa,0.126 Mpa,0.125 Mpa,0.126 Mpa,0 Mpa,0.127 Mpa,0.127 Mpa,0.131 Mpa,0.128 Mpa,0 Mpa,0.125 Mpa,0.127 Mpa,0.126 Mpa,0.125 Mpa,0 Mpa,0.120 Mpa,0.119 Mpa,0.122 Mpa,1.02 Mpa,0 Mpa,0.122 Mpa,0.122 Mpa,1.00 Mpa,0.124 Mpa,0 Mpa,1766 RPM
2026-07-19 17:00:00,0.118 Mpa,0.120 Mpa,0.120 Mpa,0.120 Mpa,0 Mpa,0.124 Mpa,0.104 Mpa,0.124 Mpa,1.02 Mpa,0 Mpa,0.115 Mpa,0.111 Mpa,0.116 Mpa,0.112 Mpa,0 Mpa,0.120 Mpa,0.123 Mpa,0.119 Mpa,0.121 Mpa,,0.119 Mpa,0.117 Mpa,0.119 Mpa,0.118 Mpa,0 Mpa,0.115 Mpa,0.115 Mpa,0.114 Mpa,0.116 Mpa,0.00782 Mpa,0.125 Mpa,0.123 Mpa,0.124 Mpa,0.123 Mpa,0 Mpa,0.128 Mpa,0.128 Mpa,0.132 Mpa,0.628 Mpa,0 Mpa,0.126 Mpa,0.128 Mpa,0.127 Mpa,0.125 Mpa,0.00670 Mpa,0.122 Mpa,0.121 Mpa,0.124 Mpa,1.01 Mpa,0.00608 Mpa,0.118 Mpa,0.119 Mpa,0.984 Mpa,0.121 Mpa,0.0282 Mpa,1778 RPM
2026-07-19 19:00:00,0.122 Mpa,0.124 Mpa,0.123 Mpa,0.123 Mpa,0.00901 Mpa,0.123 Mpa,0.106 Mpa,0.123 Mpa,1.02 Mpa,0 Mpa,0.120 Mpa,0.117 Mpa,0.120 Mpa,0.117 Mpa,0 Mpa,0.122 Mpa,0.125 Mpa,0.121 Mpa,0.123 Mpa,,0.127 Mpa,0.124 Mpa,0.127 Mpa,0.126 Mpa,0 Mpa,0.117 Mpa,0.117 Mpa,0.116 Mpa,0.117 Mpa,0 Mpa,0.128 Mpa,0.125 Mpa,0.126 Mpa,0.125 Mpa,0 Mpa,0.124 Mpa,0.126 Mpa,0.127 Mpa,0.892 Mpa,0 Mpa,0.131 Mpa,0.133 Mpa,0.133 Mpa,0.131 Mpa,0 Mpa,0.123 Mpa,0.122 Mpa,0.124 Mpa,1.02 Mpa,0 Mpa,0.120 Mpa,0.120 Mpa,1.01 Mpa,0.121 Mpa,0 Mpa,1784 RPM
2026-07-19 21:00:00,0.128 Mpa,0.129 Mpa,0.130 Mpa,0.129 Mpa,0 Mpa,0.123 Mpa,0.106 Mpa,0.123 Mpa,1.02 Mpa,0 Mpa,0.118 Mpa,0.115 Mpa,0.118 Mpa,0.115 Mpa,0 Mpa,0.122 Mpa,0.125 Mpa,0.121 Mpa,0.124 Mpa,,0.127 Mpa,0.124 Mpa,0.126 Mpa,0.125 Mpa,0 Mpa,0.117 Mpa,0.117 Mpa,0.116 Mpa,0.118 Mpa,0 Mpa,0.126 Mpa,0.124 Mpa,0.124 Mpa,0.124 Mpa,0 Mpa,0.124 Mpa,0.125 Mpa,0.127 Mpa,0.778 Mpa,0 Mpa,0.124 Mpa,0.126 Mpa,0.126 Mpa,0.125 Mpa,0 Mpa,0.115 Mpa,0.114 Mpa,0.116 Mpa,1.02 Mpa,0 Mpa,0.121 Mpa,0.121 Mpa,1.02 Mpa,0.122 Mpa,0 Mpa,1755 RPM
2026-07-19 23:00:00,0.121 Mpa,0.123 Mpa,0.122 Mpa,0.122 Mpa,0.00321 Mpa,0.120 Mpa,0.102 Mpa,0.119 Mpa,1.02 Mpa,0 Mpa,0.118 Mpa,0.115 Mpa,0.118 Mpa,0.115 Mpa,0 Mpa,0.123 Mpa,0.127 Mpa,0.121 Mpa,0.124 Mpa,,0.125 Mpa,0.122 Mpa,0.124 Mpa,0.122 Mpa,0.00951 Mpa,0.121 Mpa,0.120 Mpa,0.120 Mpa,0.122 Mpa,0 Mpa,0.124 Mpa,0.124 Mpa,0.124 Mpa,0.124 Mpa,0 Mpa,0.125 Mpa,0.124 Mpa,0.127 Mpa,0.697 Mpa,0.00677 Mpa,0.123 Mpa,0.125 Mpa,0.125 Mpa,0.123 Mpa,0 Mpa,0.117 Mpa,0.116 Mpa,0.119 Mpa,1.01 Mpa,0 Mpa,0.120 Mpa,0.120 Mpa,1.02 Mpa,0.122 Mpa,0 Mpa,1674 RPM
2026-07-20 01:00:00,0.123 Mpa,0.125 Mpa,0.124 Mpa,0.125 Mpa,0 Mpa,0.123 Mpa,0.105 Mpa,0.123 Mpa,1.01 Mpa,0.00690 Mpa,0.116 Mpa,0.112 Mpa,0.116 Mpa,0.112 Mpa,0.0370 Mpa,0.115 Mpa,0.118 Mpa,0.114 Mpa,0.117 Mpa,,0.110 Mpa,0.109 Mpa,0.110 Mpa,0.110 Mpa,0 Mpa,0.118 Mpa,0.117 Mpa,0.117 Mpa,0.119 Mpa,0 Mpa,0.131 Mpa,0.129 Mpa,0.130 Mpa,0.129 Mpa,0 Mpa,0.118 Mpa,0.118 Mpa,0.121 Mpa,0.716 Mpa,0.0241 Mpa,0.121 Mpa,0.123 Mpa,0.122 Mpa,0.121 Mpa,0 Mpa,0.116 Mpa,0.115 Mpa,0.117 Mpa,1.02 Mpa,0 Mpa,0.122 Mpa,0.122 Mpa,0.963 Mpa,0.124 Mpa,0 Mpa,1700 RPM
2026-07-20 03:00:00,0.123 Mpa,0.125 Mpa,0.125 Mpa,0.125 Mpa,0 Mpa,0.121 Mpa,0.0893 Mpa,0.121 Mpa,1.02 Mpa,0 Mpa,0.120 Mpa,0.116 Mpa,0.120 Mpa,0.115 Mpa,0 Mpa,0.121 Mpa,0.124 Mpa,0.120 Mpa,0.123 Mpa,,0.115 Mpa,0.113 Mpa,0.115 Mpa,0.114 Mpa,0 Mpa,0.118 Mpa,0.118 Mpa,0.117 Mpa,0.119 Mpa,0 Mpa,0.129 Mpa,0.128 Mpa,0.129 Mpa,0.128 Mpa,0 Mpa,0.118 Mpa,0.117 Mpa,0.120 Mpa,0.128 Mpa,0 Mpa,0.125 Mpa,0.126 Mpa,0.126 Mpa,0.125 Mpa,0.0299 Mpa,0.124 Mpa,0.123 Mpa,0.127 Mpa,1.02 Mpa,0 Mpa,0.117 Mpa,0.117 Mpa,0.953 Mpa,0.118 Mpa,0 Mpa,1716 RPM
2026-07-20 05:00:00,0.121 Mpa,0.122 Mpa,0.122 Mpa,0.122 Mpa,0 Mpa,0.121 Mpa,0.100 Mpa,0.121 Mpa,1.01 Mpa,0.0152 Mpa,0.114 Mpa,0.111 Mpa,0.114 Mpa,0.111 Mpa,0 Mpa,0.118 Mpa,0.121 Mpa,0.117 Mpa,0.120 Mpa,,0.113 Mpa,0.111 Mpa,0.114 Mpa,0.113 Mpa,0 Mpa,0.114 Mpa,0.113 Mpa,0.113 Mpa,0.114 Mpa,0 Mpa,0.126 Mpa,0.124 Mpa,0.124 Mpa,0.124 Mpa,0 Mpa,0.125 Mpa,0.125 Mpa,0.127 Mpa,0.737 Mpa,0 Mpa,,,,,,0.120 Mpa,0.119 Mpa,0.122 Mpa,1.02 Mpa,0 Mpa,0.119 Mpa,0.119 Mpa,0.960 Mpa,0.120 Mpa,0.00671 Mpa,1661 RPM
2026-07-20 07:00:00,0.123 Mpa,0.124 Mpa,0.125 Mpa,0.124 Mpa,0 Mpa,0.119 Mpa,0.106 Mpa,0.120 Mpa,1.02 Mpa,0 Mpa,0.120 Mpa,0.116 Mpa,0.120 Mpa,0.115 Mpa,0 Mpa,0.122 Mpa,0.125 Mpa,0.121 Mpa,0.123 Mpa,,0.112 Mpa,0.110 Mpa,0.112 Mpa,0.111 Mpa,0 Mpa,0.114 Mpa,0.113 Mpa,0.112 Mpa,0.114 Mpa,0 Mpa,0.125 Mpa,0.123 Mpa,0.124 Mpa,0.123 Mpa,0 Mpa,0.126 Mpa,0.127 Mpa,0.130 Mpa,0.874 Mpa,0 Mpa,,,,,,0.122 Mpa,0.122 Mpa,0.123 Mpa,1.02 Mpa,0 Mpa,0.121 Mpa,0.121 Mpa,1.01 Mpa,0.122 Mpa,0 Mpa,1768 RPM
2026-07-20 09:00:00,0.123 Mpa,0.124 Mpa,0.126 Mpa,0.125 Mpa,0 Mpa,0.121 Mpa,0.103 Mpa,0.121 Mpa,1.02 Mpa,0 Mpa,0.118 Mpa,0.115 Mpa,0.118 Mpa,0.114 Mpa,0 Mpa,0.127 Mpa,0.130 Mpa,0.126 Mpa,0.129 Mpa,,0.113 Mpa,0.111 Mpa,0.112 Mpa,0.112 Mpa,0 Mpa,0.114 Mpa,0.113 Mpa,0.112 Mpa,0.114 Mpa,0 Mpa,0.133 Mpa,0.131 Mpa,0.131 Mpa,0.131 Mpa,0 Mpa,0.127 Mpa,0.126 Mpa,0.130 Mpa,0.790 Mpa,0 Mpa,0.130 Mpa,0.132 Mpa,0.131 Mpa,0.130 Mpa,0.00760 Mpa,0.123 Mpa,0.122 Mpa,0.125 Mpa,1.02 Mpa,0 Mpa,0.120 Mpa,0.120 Mpa,0.931 Mpa,0.122 Mpa,0 Mpa,1779 RPM
2026-07-20 11:00:00,0.120 Mpa,0.122 Mpa,0.122 Mpa,0.122 Mpa,0 Mpa,0.120 Mpa,0.100 Mpa,0.120 Mpa,1.02 Mpa,0 Mpa,0.117 Mpa,0.114 Mpa,0.117 Mpa,0.113 Mpa,0 Mpa,0.119 Mpa,0.122 Mpa,0.118 Mpa,0.120 Mpa,,0.110 Mpa,0.108 Mpa,0.110 Mpa,0.109 Mpa,0.00797 Mpa,0.112 Mpa,0.113 Mpa,0.111 Mpa,0.114 Mpa,0.00908 Mpa,0.124 Mpa,0.123 Mpa,0.123 Mpa,0.124 Mpa,0.0174 Mpa,0.124 Mpa,0.124 Mpa,0.127 Mpa,0.841 Mpa,0.00653 Mpa,0.140 Mpa,0.144 Mpa,0.142 Mpa,0.141 Mpa,0 Mpa,0.118 Mpa,0.117 Mpa,0.120 Mpa,1.02 Mpa,0 Mpa,0.118 Mpa,0.118 Mpa,0.927 Mpa,0.121 Mpa,0.0370 Mpa,1688 RPM
2026-07-20 13:00:00,0.123 Mpa,0.124 Mpa,0.125 Mpa,0.124 Mpa,0.0119 Mpa,0.124 Mpa,0.103 Mpa,0.123 Mpa,1.02 Mpa,0 Mpa,0.118 Mpa,0.114 Mpa,0.117 Mpa,0.113 Mpa,0 Mpa,0.121 Mpa,0.125 Mpa,0.120 Mpa,0.123 Mpa,,0.102 Mpa,0.1000 Mpa,0.1000 Mpa,0.1000 Mpa,0.220 Mpa,0.112 Mpa,0.113 Mpa,0.111 Mpa,0.114 Mpa,0.0123 Mpa,0.136 Mpa,0.134 Mpa,0.134 Mpa,0.134 Mpa,0 Mpa,0.123 Mpa,0.124 Mpa,0.127 Mpa,0.938 Mpa,0 Mpa,0.134 Mpa,0.138 Mpa,0.136 Mpa,0.135 Mpa,0 Mpa,0.123 Mpa,0.122 Mpa,0.126 Mpa,1.02 Mpa,0 Mpa,0.108 Mpa,0.108 Mpa,0.107 Mpa,0.109 Mpa,0 Mpa,1775 RPM
2026-07-20 15:00:00,0.123 Mpa,0.123 Mpa,0.125 Mpa,0.125 Mpa,0.00484 Mpa,0.123 Mpa,0.103 Mpa,0.123 Mpa,1.02 Mpa,0 Mpa,0.112 Mpa,0.109 Mpa,0.112 Mpa,0.109 Mpa,0.00541 Mpa,0.114 Mpa,0.117 Mpa,0.113 Mpa,0.115 Mpa,,0.103 Mpa,0.103 Mpa,0.101 Mpa,0.103 Mpa,0.0110 Mpa,0.109 Mpa,0.109 Mpa,0.107 Mpa,0.110 Mpa,0.00671 Mpa,0.111 Mpa,0.110 Mpa,0.110 Mpa,0.111 Mpa,0.176 Mpa,0.115 Mpa,0.116 Mpa,0.117 Mpa,0.400 Mpa,0.0113 Mpa,0.132 Mpa,0.134 Mpa,0.133 Mpa,0.131 Mpa,0 Mpa,0.118 Mpa,0.117 Mpa,0.120 Mpa,1.02 Mpa,0 Mpa,0.108 Mpa,0.109 Mpa,0.107 Mpa,0.111 Mpa,0 Mpa,1485 RPM
2026-07-20 17:00:00,,,,,,0.122 Mpa,0.117 Mpa,0.122 Mpa,1.02 Mpa,0 Mpa,,,,,,0.118 Mpa,0.121 Mpa,0.117 Mpa,0.120 Mpa,,0.102 Mpa,0.102 Mpa,0.101 Mpa,0.103 Mpa,0 Mpa,0.106 Mpa,0.108 Mpa,0.105 Mpa,0.108 Mpa,0 Mpa,0.122 Mpa,0.122 Mpa,0.122 Mpa,0.122 Mpa,0 Mpa,0.109 Mpa,0.109 Mpa,0.109 Mpa,0.118 Mpa,0 Mpa,0.131 Mpa,0.134 Mpa,0.133 Mpa,0.131 Mpa,0.00612 Mpa,0.122 Mpa,0.120 Mpa,0.124 Mpa,1.02 Mpa,0 Mpa,0.115 Mpa,0.115 Mpa,0.115 Mpa,0.117 Mpa,0 Mpa,1415 RPM
2026-07-20 19:00:00,0.122 Mpa,0.124 Mpa,0.123 Mpa,0.124 Mpa,0 Mpa,0.123 Mpa,0.107 Mpa,0.123 Mpa,1.02 Mpa,0 Mpa,0.120 Mpa,0.117 Mpa,0.120 Mpa,0.116 Mpa,0 Mpa,0.125 Mpa,0.129 Mpa,0.125 Mpa,0.127 Mpa,,0.114 Mpa,0.113 Mpa,0.114 Mpa,0.114 Mpa,0 Mpa,0.122 Mpa,0.122 Mpa,0.121 Mpa,0.123 Mpa,0 Mpa,0.124 Mpa,0.124 Mpa,0.124 Mpa,0.124 Mpa,0 Mpa,0.104 Mpa,0.105 Mpa,0.105 Mpa,0.778 Mpa,0.00853 Mpa,0.126 Mpa,0.128 Mpa,0.127 Mpa,0.126 Mpa,0 Mpa,0.126 Mpa,0.125 Mpa,0.128 Mpa,1.02 Mpa,0 Mpa,0.119 Mpa,0.119 Mpa,0.119 Mpa,0.120 Mpa,0 Mpa,1740 RPM
2026-07-20 21:00:00,0.126 Mpa,0.128 Mpa,0.127 Mpa,0.128 Mpa,0 Mpa,0.121 Mpa,0.102 Mpa,0.121 Mpa,1.02 Mpa,0 Mpa,0.110 Mpa,0.107 Mpa,0.110 Mpa,0.107 Mpa,0.0331 Mpa,0.123 Mpa,0.126 Mpa,0.123 Mpa,0.124 Mpa,,0.118 Mpa,0.116 Mpa,0.118 Mpa,0.117 Mpa,0 Mpa,0.116 Mpa,0.115 Mpa,0.114 Mpa,0.116 Mpa,0 Mpa,0.121 Mpa,0.121 Mpa,0.121 Mpa,0.121 Mpa,0 Mpa,0.119 Mpa,0.120 Mpa,0.121 Mpa,0.923 Mpa,0 Mpa,0.123 Mpa,0.125 Mpa,0.124 Mpa,0.123 Mpa,0 Mpa,0.119 Mpa,0.118 Mpa,0.120 Mpa,1.02 Mpa,0 Mpa,0.123 Mpa,0.123 Mpa,0.123 Mpa,0.124 Mpa,0 Mpa,1697 RPM
2026-07-20 23:00:00,0.121 Mpa,0.123 Mpa,0.123 Mpa,0.122 Mpa,0.00725 Mpa,0.121 Mpa,0.110 Mpa,0.121 Mpa,1.02 Mpa,0 Mpa,0.117 Mpa,0.114 Mpa,0.117 Mpa,0.113 Mpa,0 Mpa,0.123 Mpa,0.125 Mpa,0.122 Mpa,0.123 Mpa,,0.113 Mpa,0.111 Mpa,0.113 Mpa,0.112 Mpa,0.00887 Mpa,0.119 Mpa,0.119 Mpa,0.117 Mpa,0.120 Mpa,0 Mpa,0.130 Mpa,0.129 Mpa,0.129 Mpa,0.129 Mpa,0 Mpa,0.121 Mpa,0.122 Mpa,0.124 Mpa,0.974 Mpa,0 Mpa,0.131 Mpa,0.133 Mpa,0.132 Mpa,0.131 Mpa,0 Mpa,0.119 Mpa,0.119 Mpa,0.121 Mpa,1.01 Mpa,0.00626 Mpa,0.119 Mpa,0.118 Mpa,0.119 Mpa,0.120 Mpa,0 Mpa,1601 RPM
2026-07-21 01:00:00,0.118 Mpa,0.119 Mpa,0.119 Mpa,0.118 Mpa,0 Mpa,0.121 Mpa,0.105 Mpa,0.121 Mpa,1.01 Mpa,0.00731 Mpa,0.121 Mpa,0.118 Mpa,0.122 Mpa,0.118 Mpa,0 Mpa,0.119 Mpa,0.122 Mpa,0.119 Mpa,0.121 Mpa,,0.115 Mpa,0.113 Mpa,0.114 Mpa,0.113 Mpa,0 Mpa,0.119 Mpa,0.118 Mpa,0.118 Mpa,0.119 Mpa,0 Mpa,0.126 Mpa,0.125 Mpa,0.125 Mpa,0.124 Mpa,0 Mpa,0.118 Mpa,0.119 Mpa,0.121 Mpa,0.979 Mpa,0 Mpa,0.125 Mpa,0.126 Mpa,0.126 Mpa,0.124 Mpa,0 Mpa,0.127 Mpa,0.126 Mpa,0.129 Mpa,1.02 Mpa,0 Mpa,0.118 Mpa,0.117 Mpa,0.117 Mpa,0.118 Mpa,0 Mpa,1679 RPM
2026-07-21 03:00:00,0.126 Mpa,0.127 Mpa,0.128 Mpa,0.127 Mpa,0 Mpa,0.119 Mpa,0.0953 Mpa,0.119 Mpa,1.01 Mpa,0.0128 Mpa,0.118 Mpa,0.115 Mpa,0.118 Mpa,0.114 Mpa,0 Mpa,0.117 Mpa,0.120 Mpa,0.117 Mpa,0.119 Mpa,,0.117 Mpa,0.115 Mpa,0.117 Mpa,0.116 Mpa,0 Mpa,0.118 Mpa,0.118 Mpa,0.116 Mpa,0.119 Mpa,0 Mpa,0.124 Mpa,0.123 Mpa,0.123 Mpa,0.123 Mpa,0 Mpa,0.121 Mpa,0.122 Mpa,0.124 Mpa,0.997 Mpa,0 Mpa,0.129 Mpa,0.131 Mpa,0.130 Mpa,0.128 Mpa,0 Mpa,0.129 Mpa,0.129 Mpa,0.131 Mpa,1.02 Mpa,0 Mpa,0.122 Mpa,0.121 Mpa,0.121 Mpa,0.123 Mpa,0 Mpa,1747 RPM
2026-07-21 05:00:00,0.118 Mpa,0.120 Mpa,0.119 Mpa,0.120 Mpa,0 Mpa,0.121 Mpa,0.112 Mpa,0.121 Mpa,1.01 Mpa,0.00786 Mpa,0.117 Mpa,0.113 Mpa,0.117 Mpa,0.113 Mpa,0 Mpa,0.118 Mpa,0.119 Mpa,0.118 Mpa,0.119 Mpa,,0.112 Mpa,0.111 Mpa,0.112 Mpa,0.112 Mpa,0 Mpa,0.107 Mpa,0.108 Mpa,0.105 Mpa,0.108 Mpa,0 Mpa,0.122 Mpa,0.122 Mpa,0.122 Mpa,0.122 Mpa,0 Mpa,0.120 Mpa,0.121 Mpa,0.122 Mpa,1.00 Mpa,0.0283 Mpa,0.126 Mpa,0.128 Mpa,0.127 Mpa,0.126 Mpa,0.00667 Mpa,0.125 Mpa,0.124 Mpa,0.127 Mpa,1.01 Mpa,0.00673 Mpa,0.118 Mpa,0.119 Mpa,0.118 Mpa,0.120 Mpa,0 Mpa,1570 RPM
2026-07-21 07:00:00,0.121 Mpa,0.122 Mpa,0.123 Mpa,0.122 Mpa,0 Mpa,0.130 Mpa,0.116 Mpa,0.129 Mpa,1.02 Mpa,0 Mpa,0.121 Mpa,0.118 Mpa,0.121 Mpa,0.118 Mpa,0 Mpa,0.120 Mpa,0.122 Mpa,0.120 Mpa,0.121 Mpa,,0.107 Mpa,0.105 Mpa,0.106 Mpa,0.105 Mpa,0 Mpa,0.123 Mpa,0.123 Mpa,0.121 Mpa,0.124 Mpa,0 Mpa,0.123 Mpa,0.121 Mpa,0.122 Mpa,0.122 Mpa,0 Mpa,0.124 Mpa,0.124 Mpa,0.125 Mpa,0.936 Mpa,0.00936 Mpa,0.125 Mpa,0.127 Mpa,0.126 Mpa,0.125 Mpa,0 Mpa,0.124 Mpa,0.123 Mpa,0.126 Mpa,1.02 Mpa,0 Mpa,0.123 Mpa,0.122 Mpa,0.122 Mpa,0.124 Mpa,0 Mpa,1696 RPM
2026-07-21 09:00:00,0.126 Mpa,0.126 Mpa,0.127 Mpa,0.127 Mpa,0 Mpa,0.128 Mpa,0.114 Mpa,0.128 Mpa,1.02 Mpa,0 Mpa,0.122 Mpa,0.118 Mpa,0.123 Mpa,0.119 Mpa,0 Mpa,0.121 Mpa,0.124 Mpa,0.121 Mpa,0.122 Mpa,,0.118 Mpa,0.115 Mpa,0.117 Mpa,0.116 Mpa,0 Mpa,0.119 Mpa,0.119 Mpa,0.117 Mpa,0.120 Mpa,0.00685 Mpa,0.129 Mpa,0.128 Mpa,0.129 Mpa,0.127 Mpa,0 Mpa,0.121 Mpa,0.121 Mpa,0.123 Mpa,0.979 Mpa,0 Mpa,0.119 Mpa,0.120 Mpa,0.120 Mpa,0.119 Mpa,0 Mpa,0.124 Mpa,0.123 Mpa,0.126 Mpa,1.02 Mpa,0 Mpa,0.121 Mpa,0.121 Mpa,0.121 Mpa,0.122 Mpa,0 Mpa,1675 RPM
2026-07-21 11:00:00,0.121 Mpa,0.122 Mpa,0.123 Mpa,0.122 Mpa,0 Mpa,0.127 Mpa,0.112 Mpa,0.127 Mpa,1.02 Mpa,0 Mpa,0.118 Mpa,0.114 Mpa,0.118 Mpa,0.114 Mpa,0 Mpa,0.124 Mpa,0.126 Mpa,0.123 Mpa,0.125 Mpa,,0.115 Mpa,0.114 Mpa,0.115 Mpa,0.115 Mpa,0 Mpa,0.102 Mpa,0.103 Mpa,0.102 Mpa,0.103 Mpa,0.0407 Mpa,0.126 Mpa,0.125 Mpa,0.125 Mpa,0.125 Mpa,0.00576 Mpa,0.128 Mpa,0.130 Mpa,0.133 Mpa,1.01 Mpa,0.00680 Mpa,0.127 Mpa,0.129 Mpa,0.128 Mpa,0.127 Mpa,0 Mpa,0.122 Mpa,0.121 Mpa,0.124 Mpa,1.02 Mpa,0 Mpa,0.119 Mpa,0.119 Mpa,0.180 Mpa,0.121 Mpa,0.0544 Mpa,1650 RPM
2026-07-21 13:00:00,0.122 Mpa,0.123 Mpa,0.124 Mpa,0.123 Mpa,0 Mpa,0.119 Mpa,0.113 Mpa,0.119 Mpa,1.01 Mpa,0.0212 Mpa,0.117 Mpa,0.114 Mpa,0.116 Mpa,0.114 Mpa,0 Mpa,0.126 Mpa,0.128 Mpa,0.125 Mpa,0.126 Mpa,,0.114 Mpa,0.112 Mpa,0.114 Mpa,0.114 Mpa,0 Mpa,0.123 Mpa,0.123 Mpa,0.121 Mpa,0.123 Mpa,0 Mpa,0.125 Mpa,0.124 Mpa,0.124 Mpa,0.124 Mpa,0.0175 Mpa,0.125 Mpa,0.126 Mpa,0.128 Mpa,1.00 Mpa,0 Mpa,0.133 Mpa,0.135 Mpa,0.134 Mpa,0.132 Mpa,0 Mpa,0.121 Mpa,0.120 Mpa,0.122 Mpa,1.01 Mpa,0.00653 Mpa,0.119 Mpa,0.119 Mpa,0.213 Mpa,0.119 Mpa,0.00849 Mpa,1694 RPM
2026-07-21 15:00:00,0.120 Mpa,0.121 Mpa,0.121 Mpa,0.121 Mpa,0 Mpa,0.115 Mpa,0.102 Mpa,0.115 Mpa,1.02 Mpa,0 Mpa,0.119 Mpa,0.116 Mpa,0.119 Mpa,0.116 Mpa,0 Mpa,0.120 Mpa,0.122 Mpa,0.120 Mpa,0.121 Mpa,,0.113 Mpa,0.111 Mpa,0.113 Mpa,0.112 Mpa,0 Mpa,0.115 Mpa,0.115 Mpa,0.113 Mpa,0.116 Mpa,0 Mpa,0.122 Mpa,0.121 Mpa,0.121 Mpa,0.120 Mpa,0.00731 Mpa,0.123 Mpa,0.123 Mpa,0.126 Mpa,1.01 Mpa,0 Mpa,0.119 Mpa,0.122 Mpa,0.120 Mpa,0.120 Mpa,0 Mpa,0.118 Mpa,0.117 Mpa,0.120 Mpa,1.02 Mpa,0 Mpa,0.130 Mpa,0.130 Mpa,0.131 Mpa,0.131 Mpa,0 Mpa,1624 RPM
2026-07-21 17:00:00,0.112 Mpa,0.113 Mpa,0.113 Mpa,0.113 Mpa,0 Mpa,0.120 Mpa,0.0980 Mpa,0.120 Mpa,1.02 Mpa,0 Mpa,0.112 Mpa,0.109 Mpa,0.112 Mpa,0.109 Mpa,0 Mpa,0.116 Mpa,0.118 Mpa,0.115 Mpa,0.117 Mpa,,0.111 Mpa,0.110 Mpa,0.111 Mpa,0.111 Mpa,0 Mpa,0.108 Mpa,0.109 Mpa,0.106 Mpa,0.109 Mpa,0 Mpa,0.120 Mpa,0.118 Mpa,0.119 Mpa,0.119 Mpa,0 Mpa,0.120 Mpa,0.122 Mpa,0.124 Mpa,1.01 Mpa,0 Mpa,0.126 Mpa,0.130 Mpa,0.127 Mpa,0.127 Mpa,0.00696 Mpa,0.122 Mpa,0.120 Mpa,0.123 Mpa,1.01 Mpa,0.00599 Mpa,0.127 Mpa,0.127 Mpa,0.127 Mpa,0.128 Mpa,0 Mpa,1547 RPM
2026-07-21 19:00:00,0.119 Mpa,0.121 Mpa,0.121 Mpa,0.120 Mpa,0 Mpa,0.119 Mpa,0.0990 Mpa,0.119 Mpa,1.02 Mpa,0 Mpa,0.116 Mpa,0.113 Mpa,0.116 Mpa,0.113 Mpa,0 Mpa,0.118 Mpa,0.120 Mpa,0.118 Mpa,0.119 Mpa,,0.108 Mpa,0.107 Mpa,0.106 Mpa,0.108 Mpa,0 Mpa,0.109 Mpa,0.110 Mpa,0.108 Mpa,0.110 Mpa,0 Mpa,0.129 Mpa,0.127 Mpa,0.128 Mpa,0.127 Mpa,0 Mpa,0.124 Mpa,0.126 Mpa,0.128 Mpa,1.01 Mpa,0 Mpa,0.129 Mpa,0.132 Mpa,0.130 Mpa,0.130 Mpa,0 Mpa,0.128 Mpa,0.126 Mpa,0.130 Mpa,1.02 Mpa,0 Mpa,0.128 Mpa,0.128 Mpa,0.128 Mpa,0.129 Mpa,0 Mpa,1683 RPM
2026-07-21 21:00:00,0.120 Mpa,0.122 Mpa,0.123 Mpa,0.123 Mpa,0.00445 Mpa,0.125 Mpa,0.108 Mpa,0.125 Mpa,1.01 Mpa,0.00891 Mpa,0.120 Mpa,0.116 Mpa,0.120 Mpa,0.116 Mpa,0 Mpa,0.121 Mpa,0.124 Mpa,0.121 Mpa,0.122 Mpa,,0.108 Mpa,0.107 Mpa,0.106 Mpa,0.107 Mpa,0 Mpa,0.114 Mpa,0.114 Mpa,0.113 Mpa,0.115 Mpa,0 Mpa,0.124 Mpa,0.123 Mpa,0.124 Mpa,0.123 Mpa,0 Mpa,0.123 Mpa,0.124 Mpa,0.127 Mpa,1.02 Mpa,0 Mpa,0.126 Mpa,0.130 Mpa,0.128 Mpa,0.128 Mpa,0 Mpa,0.125 Mpa,0.124 Mpa,0.127 Mpa,1.02 Mpa,0 Mpa,0.128 Mpa,0.128 Mpa,0.128 Mpa,0.129 Mpa,0 Mpa,1733 RPM
2026-07-21 23:00:00,0.108 Mpa,0.111 Mpa,0.109 Mpa,0.110 Mpa,0 Mpa,0.128 Mpa,0.102 Mpa,0.129 Mpa,1.02 Mpa,0 Mpa,0.120 Mpa,0.116 Mpa,0.120 Mpa,0.116 Mpa,0.0243 Mpa,0.120 Mpa,0.122 Mpa,0.120 Mpa,0.121 Mpa,,,,,,,0.117 Mpa,0.117 Mpa,0.116 Mpa,0.118 Mpa,0 Mpa,0.127 Mpa,0.126 Mpa,0.126 Mpa,0.125 Mpa,0 Mpa,0.130 Mpa,0.131 Mpa,0.133 Mpa,1.00 Mpa,0.0281 Mpa,0.127 Mpa,0.129 Mpa,0.128 Mpa,0.127 Mpa,0.0114 Mpa,0.124 Mpa,0.123 Mpa,0.126 Mpa,1.02 Mpa,0 Mpa,0.126 Mpa,0.126 Mpa,0.126 Mpa,0.128 Mpa,0 Mpa,1695 RPM
2026-07-22 01:00:00,0.122 Mpa,0.123 Mpa,0.123 Mpa,0.122 Mpa,0 Mpa,0.118 Mpa,0.105 Mpa,0.119 Mpa,1.02 Mpa,0 Mpa,0.116 Mpa,0.113 Mpa,0.116 Mpa,0.112 Mpa,0.0118 Mpa,0.125 Mpa,0.128 Mpa,0.125 Mpa,0.126 Mpa,,0.111 Mpa,0.110 Mpa,0.111 Mpa,0.111 Mpa,0 Mpa,0.112 Mpa,0.112 Mpa,0.111 Mpa,0.114 Mpa,0 Mpa,0.124 Mpa,0.123 Mpa,0.123 Mpa,0.124 Mpa,0 Mpa,0.126 Mpa,0.127 Mpa,0.130 Mpa,1.02 Mpa,0 Mpa,0.124 Mpa,0.127 Mpa,0.124 Mpa,0.125 Mpa,0 Mpa,0.120 Mpa,0.119 Mpa,0.122 Mpa,1.01 Mpa,0.00694 Mpa,0.124 Mpa,0.124 Mpa,0.125 Mpa,0.125 Mpa,0 Mpa,1716 RPM
2026-07-22 03:00:00,0.118 Mpa,0.120 Mpa,0.120 Mpa,0.119 Mpa,0 Mpa,0.124 Mpa,0.108 Mpa,0.124 Mpa,1.02 Mpa,0 Mpa,0.119 Mpa,0.115 Mpa,0.119 Mpa,0.115 Mpa,0 Mpa,0.123 Mpa,0.125 Mpa,0.122 Mpa,0.123 Mpa,,0.118 Mpa,0.117 Mpa,0.118 Mpa,0.118 Mpa,0 Mpa,0.116 Mpa,0.116 Mpa,0.115 Mpa,0.117 Mpa,0 Mpa,0.128 Mpa,0.126 Mpa,0.127 Mpa,0.127 Mpa,0 Mpa,0.123 Mpa,0.124 Mpa,0.126 Mpa,1.02 Mpa,0 Mpa,0.128 Mpa,0.131 Mpa,0.129 Mpa,0.129 Mpa,0 Mpa,0.119 Mpa,0.118 Mpa,0.121 Mpa,1.01 Mpa,0.00881 Mpa,0.121 Mpa,0.121 Mpa,0.123 Mpa,0.123 Mpa,0 Mpa,1765 RPM
2026-07-22 05:00:00,0.104 Mpa,0.107 Mpa,0.104 Mpa,0.105 Mpa,0 Mpa,0.124 Mpa,0.112 Mpa,0.124 Mpa,1.01 Mpa,0.00771 Mpa,0.121 Mpa,0.117 Mpa,0.121 Mpa,0.117 Mpa,0 Mpa,0.121 Mpa,0.124 Mpa,0.121 Mpa,0.123 Mpa,,0.113 Mpa,0.112 Mpa,0.113 Mpa,0.113 Mpa,0 Mpa,0.109 Mpa,0.109 Mpa,0.107 Mpa,0.110 Mpa,0 Mpa,0.122 Mpa,0.122 Mpa,0.121 Mpa,0.121 Mpa,0 Mpa,0.122 Mpa,0.124 Mpa,0.126 Mpa,1.02 Mpa,0 Mpa,0.124 Mpa,0.126 Mpa,0.125 Mpa,0.125 Mpa,0.00635 Mpa,0.121 Mpa,0.120 Mpa,0.123 Mpa,1.01 Mpa,0.00622 Mpa,0.125 Mpa,0.125 Mpa,0.125 Mpa,0.126 Mpa,0.00509 Mpa,1630 RPM
2026-07-22 07:00:00,0.124 Mpa,0.126 Mpa,0.125 Mpa,0.125 Mpa,0 Mpa,0.124 Mpa,0.107 Mpa,0.124 Mpa,1.02 Mpa,0 Mpa,0.124 Mpa,0.120 Mpa,0.124 Mpa,0.119 Mpa,0 Mpa,0.120 Mpa,0.122 Mpa,0.119 Mpa,0.121 Mpa,,0.115 Mpa,0.114 Mpa,0.115 Mpa,0.115 Mpa,0 Mpa,0.114 Mpa,0.113 Mpa,0.112 Mpa,0.114 Mpa,0 Mpa,0.128 Mpa,0.127 Mpa,0.127 Mpa,0.127 Mpa,0 Mpa,0.123 Mpa,0.124 Mpa,0.126 Mpa,1.02 Mpa,0 Mpa,0.125 Mpa,0.126 Mpa,0.126 Mpa,0.125 Mpa,0 Mpa,0.122 Mpa,0.121 Mpa,0.124 Mpa,1.02 Mpa,0 Mpa,0.125 Mpa,0.126 Mpa,0.127 Mpa,0.127 Mpa,0 Mpa,1735 RPM
2026-07-22 09:00:00,0.128 Mpa,0.129 Mpa,0.129 Mpa,0.129 Mpa,0 Mpa,0.125 Mpa,0.107 Mpa,0.125 Mpa,1.02 Mpa,0 Mpa,0.124 Mpa,0.120 Mpa,0.124 Mpa,0.120 Mpa,0 Mpa,0.121 Mpa,0.123 Mpa,0.120 Mpa,0.122 Mpa,,0.114 Mpa,0.113 Mpa,0.114 Mpa,0.114 Mpa,0 Mpa,0.117 Mpa,0.117 Mpa,0.115 Mpa,0.118 Mpa,0 Mpa,0.121 Mpa,0.120 Mpa,0.121 Mpa,0.120 Mpa,0 Mpa,0.126 Mpa,0.127 Mpa,0.129 Mpa,1.01 Mpa,0 Mpa,0.126 Mpa,0.128 Mpa,0.128 Mpa,0.126 Mpa,0 Mpa,0.120 Mpa,0.120 Mpa,0.123 Mpa,1.02 Mpa,0 Mpa,0.122 Mpa,0.122 Mpa,0.123 Mpa,0.124 Mpa,0.0185 Mpa,1713 RPM
2026-07-22 11:00:00,0.123 Mpa,0.125 Mpa,0.125 Mpa,0.125 Mpa,0 Mpa,0.127 Mpa,0.112 Mpa,0.126 Mpa,1.02 Mpa,0 Mpa,0.122 Mpa,0.118 Mpa,0.122 Mpa,0.118 Mpa,0 Mpa,0.125 Mpa,0.128 Mpa,0.125 Mpa,0.127 Mpa,,0.110 Mpa,0.109 Mpa,0.111 Mpa,0.110 Mpa,0.00941 Mpa,0.116 Mpa,0.116 Mpa,0.114 Mpa,0.117 Mpa,0 Mpa,0.126 Mpa,0.125 Mpa,0.125 Mpa,0.125 Mpa,0 Mpa,0.126 Mpa,0.128 Mpa,0.130 Mpa,1.02 Mpa,0 Mpa,0.125 Mpa,0.127 Mpa,0.126 Mpa,0.125 Mpa,0 Mpa,0.121 Mpa,0.121 Mpa,0.123 Mpa,1.02 Mpa,0 Mpa,0.119 Mpa,0.119 Mpa,0.120 Mpa,0.121 Mpa,0.0250 Mpa,1710 RPM
2026-07-22 13:00:00,0.124 Mpa,0.126 Mpa,0.126 Mpa,0.125 Mpa,0 Mpa,0.130 Mpa,0.112 Mpa,0.129 Mpa,1.02 Mpa,0 Mpa,0.121 Mpa,0.117 Mpa,0.120 Mpa,0.117 Mpa,0 Mpa,0.120 Mpa,0.123 Mpa,0.120 Mpa,0.122 Mpa,,0.115 Mpa,0.113 Mpa,0.115 Mpa,0.114 Mpa,0 Mpa,0.123 Mpa,0.123 Mpa,0.122 Mpa,0.124 Mpa,0.0151 Mpa,0.125 Mpa,0.124 Mpa,0.124 Mpa,0.126 Mpa,0 Mpa,0.128 Mpa,0.128 Mpa,0.131 Mpa,1.02 Mpa,0 Mpa,0.129 Mpa,0.132 Mpa,0.130 Mpa,0.128 Mpa,0.00749 Mpa,0.118 Mpa,0.118 Mpa,0.120 Mpa,1.02 Mpa,0 Mpa,,,,,,1709 RPM
2026-07-22 15:00:00,0.120 Mpa,0.122 Mpa,0.122 Mpa,0.122 Mpa,0 Mpa,0.129 Mpa,0.112 Mpa,0.128 Mpa,1.02 Mpa,0 Mpa,0.123 Mpa,0.118 Mpa,0.122 Mpa,0.118 Mpa,0 Mpa,0.120 Mpa,0.124 Mpa,0.119 Mpa,0.122 Mpa,,0.115 Mpa,0.113 Mpa,0.115 Mpa,0.114 Mpa,0 Mpa,0.120 Mpa,0.120 Mpa,0.118 Mpa,0.121 Mpa,0 Mpa,0.109 Mpa,0.108 Mpa,0.109 Mpa,0.109 Mpa,0.0273 Mpa,0.124 Mpa,0.125 Mpa,0.128 Mpa,1.02 Mpa,0 Mpa,0.125 Mpa,0.127 Mpa,0.126 Mpa,0.125 Mpa,0 Mpa,0.121 Mpa,0.121 Mpa,0.123 Mpa,1.02 Mpa,0 Mpa,0.122 Mpa,0.122 Mpa,0.122 Mpa,0.123 Mpa,0 Mpa,1731 RPM
2026-07-22 17:00:00,0.119 Mpa,0.120 Mpa,0.120 Mpa,0.120 Mpa,0 Mpa,0.123 Mpa,0.107 Mpa,0.123 Mpa,1.01 Mpa,0.0236 Mpa,0.119 Mpa,0.116 Mpa,0.119 Mpa,0.116 Mpa,0 Mpa,0.115 Mpa,0.119 Mpa,0.114 Mpa,0.117 Mpa,,0.115 Mpa,0.113 Mpa,0.115 Mpa,0.114 Mpa,0 Mpa,0.114 Mpa,0.114 Mpa,0.113 Mpa,0.115 Mpa,0 Mpa,0.131 Mpa,0.130 Mpa,0.130 Mpa,0.130 Mpa,0 Mpa,0.121 Mpa,0.121 Mpa,0.123 Mpa,1.02 Mpa,0 Mpa,0.128 Mpa,0.130 Mpa,0.129 Mpa,0.128 Mpa,0 Mpa,0.116 Mpa,0.116 Mpa,0.119 Mpa,1.01 Mpa,0.00649 Mpa,0.122 Mpa,0.122 Mpa,0.123 Mpa,0.124 Mpa,0 Mpa,1660 RPM
2026-07-22 19:00:00,0.121 Mpa,0.122 Mpa,0.123 Mpa,0.122 Mpa,0 Mpa,0.125 Mpa,0.117 Mpa,0.125 Mpa,1.02 Mpa,0 Mpa,0.122 Mpa,0.117 Mpa,0.122 Mpa,0.117 Mpa,0 Mpa,0.115 Mpa,0.118 Mpa,0.114 Mpa,0.117 Mpa,,0.116 Mpa,0.115 Mpa,0.116 Mpa,0.116 Mpa,0 Mpa,0.114 Mpa,0.113 Mpa,0.113 Mpa,0.114 Mpa,0 Mpa,0.134 Mpa,0.133 Mpa,0.133 Mpa,0.133 Mpa,0 Mpa,0.123 Mpa,0.124 Mpa,0.127 Mpa,1.02 Mpa,0.00754 Mpa,0.126 Mpa,0.128 Mpa,0.127 Mpa,0.126 Mpa,0 Mpa,0.119 Mpa,0.118 Mpa,0.121 Mpa,1.02 Mpa,0 Mpa,0.127 Mpa,0.126 Mpa,0.127 Mpa,0.128 Mpa,0 Mpa,1777 RPM
2026-07-22 21:00:00,0.123 Mpa,0.124 Mpa,0.125 Mpa,0.124 Mpa,0 Mpa,0.123 Mpa,0.109 Mpa,0.123 Mpa,1.02 Mpa,0 Mpa,0.121 Mpa,0.118 Mpa,0.122 Mpa,0.118 Mpa,0 Mpa,0.114 Mpa,0.118 Mpa,0.113 Mpa,0.117 Mpa,,0.120 Mpa,0.118 Mpa,0.120 Mpa,0.119 Mpa,0 Mpa,0.113 Mpa,0.113 Mpa,0.112 Mpa,0.113 Mpa,0 Mpa,0.134 Mpa,0.131 Mpa,0.132 Mpa,0.132 Mpa,0 Mpa,0.123 Mpa,0.124 Mpa,0.126 Mpa,1.02 Mpa,0 Mpa,0.124 Mpa,0.127 Mpa,0.126 Mpa,0.125 Mpa,0 Mpa,0.119 Mpa,0.118 Mpa,0.121 Mpa,1.02 Mpa,0 Mpa,0.125 Mpa,0.125 Mpa,0.126 Mpa,0.126 Mpa,0 Mpa,1782 RPM
2026-07-22 23:00:00,0.117 Mpa,0.119 Mpa,0.119 Mpa,0.119 Mpa,0.00680 Mpa,0.122 Mpa,0.112 Mpa,0.122 Mpa,1.02 Mpa,0 Mpa,0.119 Mpa,0.116 Mpa,0.120 Mpa,0.116 Mpa,0 Mpa,0.112 Mpa,0.115 Mpa,0.112 Mpa,0.114 Mpa,,0.112 Mpa,0.111 Mpa,0.111 Mpa,0.111 Mpa,0.0168 Mpa,0.114 Mpa,0.114 Mpa,0.113 Mpa,0.115 Mpa,0 Mpa,0.130 Mpa,0.128 Mpa,0.128 Mpa,0.128 Mpa,0 Mpa,0.122 Mpa,0.124 Mpa,0.126 Mpa,1.02 Mpa,0.00990 Mpa,0.126 Mpa,0.129 Mpa,0.128 Mpa,0.126 Mpa,0 Mpa,0.122 Mpa,0.120 Mpa,0.124 Mpa,0.986 Mpa,0.0422 Mpa,0.123 Mpa,0.123 Mpa,0.124 Mpa,0.124 Mpa,0 Mpa,1683 RPM
2026-07-23 01:00:00,0.123 Mpa,0.124 Mpa,0.124 Mpa,0.124 Mpa,0 Mpa,0.122 Mpa,0.113 Mpa,0.122 Mpa,1.02 Mpa,0 Mpa,0.122 Mpa,0.118 Mpa,0.121 Mpa,0.118 Mpa,0.00265 Mpa,0.118 Mpa,0.121 Mpa,0.117 Mpa,0.120 Mpa,,0.114 Mpa,0.113 Mpa,0.113 Mpa,0.114 Mpa,0 Mpa,0.112 Mpa,0.113 Mpa,0.111 Mpa,0.114 Mpa,0 Mpa,0.119 Mpa,0.119 Mpa,0.119 Mpa,0.119 Mpa,0 Mpa,0.128 Mpa,0.130 Mpa,0.131 Mpa,1.02 Mpa,0 Mpa,0.124 Mpa,0.128 Mpa,0.126 Mpa,0.125 Mpa,0 Mpa,0.123 Mpa,0.121 Mpa,0.125 Mpa,1.02 Mpa,0 Mpa,0.125 Mpa,0.125 Mpa,0.125 Mpa,0.126 Mpa,0 Mpa,1701 RPM
2026-07-23 03:00:00,0.123 Mpa,0.125 Mpa,0.124 Mpa,0.125 Mpa,0 Mpa,0.119 Mpa,0.106 Mpa,0.119 Mpa,1.02 Mpa,0 Mpa,0.118 Mpa,0.115 Mpa,0.117 Mpa,0.114 Mpa,0 Mpa,0.116 Mpa,0.119 Mpa,0.116 Mpa,0.118 Mpa,,0.112 Mpa,0.111 Mpa,0.112 Mpa,0.112 Mpa,0 Mpa,0.116 Mpa,0.116 Mpa,0.115 Mpa,0.116 Mpa,0 Mpa,0.131 Mpa,0.130 Mpa,0.129 Mpa,0.130 Mpa,0 Mpa,0.124 Mpa,0.125 Mpa,0.128 Mpa,1.02 Mpa,0 Mpa,0.123 Mpa,0.126 Mpa,0.124 Mpa,0.123 Mpa,0 Mpa,0.123 Mpa,0.122 Mpa,0.126 Mpa,1.02 Mpa,0 Mpa,0.125 Mpa,0.124 Mpa,0.125 Mpa,0.126 Mpa,0 Mpa,1744 RPM
2026-07-23 05:00:00,0.119 Mpa,0.122 Mpa,0.121 Mpa,0.121 Mpa,0.00773 Mpa,0.123 Mpa,0.113 Mpa,0.123 Mpa,1.02 Mpa,0 Mpa,0.117 Mpa,0.114 Mpa,0.117 Mpa,0.113 Mpa,0 Mpa,0.112 Mpa,0.114 Mpa,0.112 Mpa,0.113 Mpa,,0.111 Mpa,0.110 Mpa,0.110 Mpa,0.110 Mpa,0 Mpa,0.108 Mpa,0.109 Mpa,0.106 Mpa,0.109 Mpa,0 Mpa,0.125 Mpa,0.125 Mpa,0.124 Mpa,0.124 Mpa,0 Mpa,0.124 Mpa,0.124 Mpa,0.127 Mpa,1.02 Mpa,0 Mpa,0.123 Mpa,0.126 Mpa,0.125 Mpa,0.123 Mpa,0.0158 Mpa,0.115 Mpa,0.114 Mpa,0.117 Mpa,1.01 Mpa,0.00715 Mpa,0.124 Mpa,0.125 Mpa,0.125 Mpa,0.127 Mpa,0 Mpa,1587 RPM
2026-07-23 07:00:00,0.121 Mpa,0.123 Mpa,0.123 Mpa,0.124 Mpa,0 Mpa,0.124 Mpa,0.109 Mpa,0.123 Mpa,1.02 Mpa,0 Mpa,0.120 Mpa,0.116 Mpa,0.119 Mpa,0.116 Mpa,0 Mpa,0.117 Mpa,0.120 Mpa,0.116 Mpa,0.118 Mpa,,0.115 Mpa,0.113 Mpa,0.114 Mpa,0.114 Mpa,0 Mpa,0.119 Mpa,0.119 Mpa,0.117 Mpa,0.119 Mpa,0 Mpa,0.123 Mpa,0.122 Mpa,0.122 Mpa,0.122 Mpa,0 Mpa,0.121 Mpa,0.121 Mpa,0.124 Mpa,1.02 Mpa,0 Mpa,0.127 Mpa,0.129 Mpa,0.128 Mpa,0.127 Mpa,0 Mpa,0.120 Mpa,0.119 Mpa,0.122 Mpa,1.02 Mpa,0 Mpa,0.123 Mpa,0.124 Mpa,0.123 Mpa,0.125 Mpa,0 Mpa,1738 RPM
2026-07-23 09:00:00,0.124 Mpa,0.126 Mpa,0.125 Mpa,0.126 Mpa,0 Mpa,0.129 Mpa,0.113 Mpa,0.128 Mpa,1.02 Mpa,0 Mpa,0.122 Mpa,0.118 Mpa,0.121 Mpa,0.118 Mpa,0 Mpa,0.112 Mpa,0.114 Mpa,0.112 Mpa,0.114 Mpa,,0.114 Mpa,0.113 Mpa,0.114 Mpa,0.114 Mpa,0 Mpa,0.120 Mpa,0.120 Mpa,0.119 Mpa,0.122 Mpa,0 Mpa,0.128 Mpa,0.126 Mpa,0.127 Mpa,0.126 Mpa,0 Mpa,0.128 Mpa,0.129 Mpa,0.132 Mpa,1.02 Mpa,0 Mpa,0.128 Mpa,0.130 Mpa,0.130 Mpa,0.128 Mpa,0 Mpa,0.122 Mpa,0.121 Mpa,0.124 Mpa,1.02 Mpa,0 Mpa,0.124 Mpa,0.124 Mpa,0.125 Mpa,0.125 Mpa,0 Mpa,1766 RPM
2026-07-23 11:00:00,0.122 Mpa,0.124 Mpa,0.124 Mpa,0.124 Mpa,0 Mpa,0.131 Mpa,0.111 Mpa,0.130 Mpa,1.02 Mpa,0 Mpa,0.120 Mpa,0.118 Mpa,0.120 Mpa,0.117 Mpa,0 Mpa,0.124 Mpa,0.127 Mpa,0.124 Mpa,0.125 Mpa,,0.105 Mpa,0.105 Mpa,0.105 Mpa,0.106 Mpa,0.0140 Mpa,0.119 Mpa,0.118 Mpa,0.117 Mpa,0.119 Mpa,0.0182 Mpa,0.123 Mpa,0.123 Mpa,0.123 Mpa,0.123 Mpa,0.00683 Mpa,0.125 Mpa,0.127 Mpa,0.129 Mpa,1.02 Mpa,0 Mpa,0.129 Mpa,0.131 Mpa,0.131 Mpa,0.129 Mpa,0 Mpa,0.120 Mpa,0.120 Mpa,0.122 Mpa,1.02 Mpa,0 Mpa,0.123 Mpa,0.123 Mpa,0.123 Mpa,0.125 Mpa,0.0231 Mpa,1686 RPM
2026-07-23 13:00:00,0.128 Mpa,0.129 Mpa,0.130 Mpa,0.129 Mpa,0 Mpa,0.123 Mpa,0.111 Mpa,0.123 Mpa,1.000 Mpa,0 Mpa,0.120 Mpa,0.117 Mpa,0.120 Mpa,0.117 Mpa,0 Mpa,0.124 Mpa,0.127 Mpa,0.124 Mpa,0.125 Mpa,,0.108 Mpa,0.106 Mpa,0.106 Mpa,0.108 Mpa,0 Mpa,0.118 Mpa,0.117 Mpa,0.117 Mpa,0.118 Mpa,0 Mpa,0.127 Mpa,0.126 Mpa,0.126 Mpa,0.126 Mpa,0 Mpa,0.122 Mpa,0.124 Mpa,0.126 Mpa,1.01 Mpa,0.0184 Mpa,0.126 Mpa,0.128 Mpa,0.127 Mpa,0.127 Mpa,0 Mpa,0.121 Mpa,0.121 Mpa,0.123 Mpa,1.02 Mpa,0 Mpa,0.122 Mpa,0.122 Mpa,0.122 Mpa,0.123 Mpa,0 Mpa,1720 RPM
2026-07-23 15:00:00,0.122 Mpa,0.123 Mpa,0.123 Mpa,0.123 Mpa,0.00646 Mpa,0.125 Mpa,0.100 Mpa,0.125 Mpa,1.00 Mpa,0 Mpa,0.117 Mpa,0.115 Mpa,0.117 Mpa,0.115 Mpa,0 Mpa,0.120 Mpa,0.123 Mpa,0.119 Mpa,0.121 Mpa,,0.109 Mpa,0.109 Mpa,0.109 Mpa,0.108 Mpa,0 Mpa,0.117 Mpa,0.117 Mpa,0.115 Mpa,0.118 Mpa,0 Mpa,0.129 Mpa,0.127 Mpa,0.128 Mpa,0.127 Mpa,0 Mpa,0.127 Mpa,0.127 Mpa,0.130 Mpa,1.02 Mpa,0 Mpa,0.129 Mpa,0.132 Mpa,0.131 Mpa,0.130 Mpa,0.0300 Mpa,0.124 Mpa,0.123 Mpa,0.126 Mpa,1.02 Mpa,0 Mpa,0.124 Mpa,0.124 Mpa,0.124 Mpa,0.125 Mpa,0 Mpa,1793 RPM
2026-07-23 17:00:00,0.114 Mpa,0.115 Mpa,0.115 Mpa,0.114 Mpa,0.00784 Mpa,0.122 Mpa,0.108 Mpa,0.122 Mpa,1.02 Mpa,0 Mpa,0.115 Mpa,0.112 Mpa,0.115 Mpa,0.112 Mpa,0 Mpa,0.119 Mpa,0.122 Mpa,0.119 Mpa,0.121 Mpa,,,,,,,0.111 Mpa,0.111 Mpa,0.110 Mpa,0.112 Mpa,0 Mpa,0.123 Mpa,0.122 Mpa,0.122 Mpa,0.122 Mpa,0 Mpa,0.123 Mpa,0.124 Mpa,0.127 Mpa,1.02 Mpa,0 Mpa,0.130 Mpa,0.132 Mpa,0.132 Mpa,0.130 Mpa,0 Mpa,0.120 Mpa,0.119 Mpa,0.122 Mpa,1.02 Mpa,0 Mpa,0.127 Mpa,0.126 Mpa,0.126 Mpa,0.128 Mpa,0 Mpa,1502 RPM
2026-07-23 19:00:00,0.126 Mpa,0.126 Mpa,0.126 Mpa,0.126 Mpa,0 Mpa,0.126 Mpa,0.107 Mpa,0.126 Mpa,1.02 Mpa,0 Mpa,0.107 Mpa,0.106 Mpa,0.107 Mpa,0.106 Mpa,0.0161 Mpa,0.121 Mpa,0.124 Mpa,0.120 Mpa,0.122 Mpa,,0.114 Mpa,0.113 Mpa,0.113 Mpa,0.113 Mpa,0.00416 Mpa,0.120 Mpa,0.120 Mpa,0.119 Mpa,0.121 Mpa,0 Mpa,0.106 Mpa,0.106 Mpa,0.106 Mpa,0.106 Mpa,0 Mpa,0.114 Mpa,0.114 Mpa,0.115 Mpa,1.02 Mpa,0 Mpa,0.131 Mpa,0.133 Mpa,0.133 Mpa,0.130 Mpa,0 Mpa,0.123 Mpa,0.121 Mpa,0.124 Mpa,1.02 Mpa,0 Mpa,0.125 Mpa,0.125 Mpa,0.125 Mpa,0.127 Mpa,0 Mpa,1481 RPM
2026-07-23 21:00:00,0.124 Mpa,0.125 Mpa,0.125 Mpa,0.124 Mpa,0.0440 Mpa,0.125 Mpa,0.107 Mpa,0.125 Mpa,1.02 Mpa,0 Mpa,0.100 Mpa,0.0962 Mpa,0.100 Mpa,0.0960 Mpa,0.0784 Mpa,0.120 Mpa,0.123 Mpa,0.119 Mpa,0.121 Mpa,,0.113 Mpa,0.112 Mpa,0.113 Mpa,0.113 Mpa,0 Mpa,0.120 Mpa,0.121 Mpa,0.119 Mpa,0.121 Mpa,0 Mpa,0.118 Mpa,0.117 Mpa,0.117 Mpa,0.117 Mpa,0 Mpa,0.130 Mpa,0.131 Mpa,0.133 Mpa,1.02 Mpa,0 Mpa,0.124 Mpa,0.125 Mpa,0.125 Mpa,0.124 Mpa,0 Mpa,0.123 Mpa,0.121 Mpa,0.124 Mpa,1.02 Mpa,0 Mpa,0.125 Mpa,0.125 Mpa,0.125 Mpa,0.126 Mpa,0 Mpa,1596 RPM
2026-07-23 23:00:00,0.129 Mpa,0.132 Mpa,0.131 Mpa,0.131 Mpa,0.0238 Mpa,0.125 Mpa,0.104 Mpa,0.126 Mpa,1.02 Mpa,0 Mpa,0.103 Mpa,0.100 Mpa,0.103 Mpa,0.100 Mpa,0.0175 Mpa,0.116 Mpa,0.119 Mpa,0.115 Mpa,0.118 Mpa,,0.113 Mpa,0.111 Mpa,0.112 Mpa,0.112 Mpa,0.0302 Mpa,0.120 Mpa,0.118 Mpa,0.118 Mpa,0.119 Mpa,0 Mpa,0.129 Mpa,0.128 Mpa,0.128 Mpa,0.128 Mpa,0 Mpa,0.111 Mpa,0.113 Mpa,0.113 Mpa,1.02 Mpa,0 Mpa,0.123 Mpa,0.125 Mpa,0.124 Mpa,0.123 Mpa,0 Mpa,0.120 Mpa,0.118 Mpa,0.122 Mpa,1.02 Mpa,0 Mpa,0.124 Mpa,0.124 Mpa,0.124 Mpa,0.125 Mpa,0 Mpa,1588 RPM
2026-07-24 01:00:00,0.131 Mpa,0.132 Mpa,0.133 Mpa,0.132 Mpa,0 Mpa,0.124 Mpa,0.105 Mpa,0.124 Mpa,1.02 Mpa,0 Mpa,0.116 Mpa,0.114 Mpa,0.117 Mpa,0.114 Mpa,0 Mpa,0.122 Mpa,0.124 Mpa,0.121 Mpa,0.122 Mpa,,0.118 Mpa,0.115 Mpa,0.117 Mpa,0.116 Mpa,0 Mpa,0.119 Mpa,0.119 Mpa,0.118 Mpa,0.120 Mpa,0 Mpa,0.127 Mpa,0.125 Mpa,0.126 Mpa,0.126 Mpa,0 Mpa,0.121 Mpa,0.123 Mpa,0.123 Mpa,1.02 Mpa,0.00691 Mpa,0.127 Mpa,0.129 Mpa,0.128 Mpa,0.126 Mpa,0 Mpa,0.117 Mpa,0.117 Mpa,0.119 Mpa,1.00 Mpa,0.0295 Mpa,0.120 Mpa,0.119 Mpa,0.120 Mpa,0.121 Mpa,0 Mpa,1703 RPM
2026-07-24 03:00:00,0.120 Mpa,0.122 Mpa,0.122 Mpa,0.121 Mpa,0 Mpa,0.107 Mpa,0.0997 Mpa,0.108 Mpa,0.988 Mpa,0.0554 Mpa,0.116 Mpa,0.113 Mpa,0.116 Mpa,0.112 Mpa,0 Mpa,0.118 Mpa,0.121 Mpa,0.117 Mpa,0.120 Mpa,,0.115 Mpa,0.113 Mpa,0.115 Mpa,0.114 Mpa,0 Mpa,0.121 Mpa,0.121 Mpa,0.120 Mpa,0.123 Mpa,0 Mpa,0.131 Mpa,0.129 Mpa,0.129 Mpa,0.129 Mpa,0 Mpa,0.118 Mpa,0.119 Mpa,0.121 Mpa,1.02 Mpa,0 Mpa,0.124 Mpa,0.126 Mpa,0.126 Mpa,0.124 Mpa,0 Mpa,0.116 Mpa,0.114 Mpa,0.118 Mpa,1.02 Mpa,0 Mpa,0.120 Mpa,0.119 Mpa,0.120 Mpa,0.121 Mpa,0 Mpa,1713 RPM
2026-07-24 05:00:00,0.116 Mpa,0.118 Mpa,0.117 Mpa,0.118 Mpa,0 Mpa,0.108 Mpa,0.0907 Mpa,0.108 Mpa,1.02 Mpa,0 Mpa,0.116 Mpa,0.114 Mpa,0.116 Mpa,0.114 Mpa,0 Mpa,0.118 Mpa,0.121 Mpa,0.117 Mpa,0.119 Mpa,,0.105 Mpa,0.105 Mpa,0.103 Mpa,0.105 Mpa,0.00824 Mpa,0.117 Mpa,0.117 Mpa,0.115 Mpa,0.118 Mpa,0 Mpa,0.120 Mpa,0.120 Mpa,0.120 Mpa,0.120 Mpa,0 Mpa,0.126 Mpa,0.127 Mpa,0.129 Mpa,1.02 Mpa,0 Mpa,0.127 Mpa,0.128 Mpa,0.128 Mpa,0.126 Mpa,0.00842 Mpa,0.119 Mpa,0.118 Mpa,0.121 Mpa,1.01 Mpa,0.00691 Mpa,0.121 Mpa,0.120 Mpa,0.121 Mpa,0.122 Mpa,0.00817 Mpa,1607 RPM
2026-07-24 07:00:00,0.123 Mpa,0.125 Mpa,0.124 Mpa,0.124 Mpa,0 Mpa,0.109 Mpa,0.0933 Mpa,0.109 Mpa,0.990 Mpa,0.00783 Mpa,0.116 Mpa,0.114 Mpa,0.116 Mpa,0.113 Mpa,0 Mpa,0.121 Mpa,0.125 Mpa,0.120 Mpa,0.123 Mpa,,0.105 Mpa,0.104 Mpa,0.101 Mpa,0.104 Mpa,0.0133 Mpa,0.120 Mpa,0.120 Mpa,0.119 Mpa,0.121 Mpa,0 Mpa,0.131 Mpa,0.129 Mpa,0.130 Mpa,0.129 Mpa,0 Mpa,0.125 Mpa,0.126 Mpa,0.128 Mpa,1.02 Mpa,0 Mpa,0.130 Mpa,0.134 Mpa,0.132 Mpa,0.130 Mpa,0 Mpa,0.119 Mpa,0.119 Mpa,0.121 Mpa,1.02 Mpa,0 Mpa,0.123 Mpa,0.123 Mpa,0.124 Mpa,0.125 Mpa,0 Mpa,1738 RPM
2026-07-24 09:00:00,0.129 Mpa,0.131 Mpa,0.131 Mpa,0.130 Mpa,0 Mpa,0.110 Mpa,0.0945 Mpa,0.110 Mpa,1.02 Mpa,0 Mpa,0.120 Mpa,0.118 Mpa,0.120 Mpa,0.117 Mpa,0 Mpa,0.122 Mpa,0.127 Mpa,0.121 Mpa,0.125 Mpa,,0.117 Mpa,0.116 Mpa,0.117 Mpa,0.116 Mpa,0 Mpa,0.118 Mpa,0.118 Mpa,0.117 Mpa,0.120 Mpa,0 Mpa,0.123 Mpa,0.122 Mpa,0.122 Mpa,0.122 Mpa,0 Mpa,0.127 Mpa,0.128 Mpa,0.131 Mpa,1.02 Mpa,0 Mpa,0.129 Mpa,0.132 Mpa,0.131 Mpa,0.130 Mpa,0 Mpa,0.121 Mpa,0.120 Mpa,0.124 Mpa,1.02 Mpa,0 Mpa,0.124 Mpa,0.124 Mpa,0.126 Mpa,0.126 Mpa,0 Mpa,1770 RPM
2026-07-24 11:00:00,0.121 Mpa,0.122 Mpa,0.122 Mpa,0.121 Mpa,0.0108 Mpa,0.109 Mpa,0.0941 Mpa,0.109 Mpa,1.02 Mpa,0 Mpa,0.119 Mpa,0.116 Mpa,0.119 Mpa,0.116 Mpa,0 Mpa,0.123 Mpa,0.127 Mpa,0.121 Mpa,0.124 Mpa,,0.105 Mpa,0.105 Mpa,0.105 Mpa,0.105 Mpa,0.0662 Mpa,0.118 Mpa,0.118 Mpa,0.117 Mpa,0.119 Mpa,0 Mpa,0.128 Mpa,0.126 Mpa,0.127 Mpa,0.126 Mpa,0.0183 Mpa,0.124 Mpa,0.126 Mpa,0.128 Mpa,1.02 Mpa,0 Mpa,0.131 Mpa,0.133 Mpa,0.133 Mpa,0.131 Mpa,0 Mpa,0.120 Mpa,0.119 Mpa,0.122 Mpa,1.02 Mpa,0 Mpa,0.122 Mpa,0.122 Mpa,0.180 Mpa,0.123 Mpa,0.0169 Mpa,1739 RPM
2026-07-24 13:00:00,0.115 Mpa,0.116 Mpa,0.117 Mpa,0.115 Mpa,0 Mpa,0.108 Mpa,0.0969 Mpa,0.109 Mpa,1.01 Mpa,0.0161 Mpa,0.118 Mpa,0.115 Mpa,0.117 Mpa,0.115 Mpa,0.0316 Mpa,0.117 Mpa,0.120 Mpa,0.117 Mpa,0.119 Mpa,,0.114 Mpa,0.112 Mpa,0.113 Mpa,0.113 Mpa,0 Mpa,0.119 Mpa,0.120 Mpa,0.118 Mpa,0.120 Mpa,0 Mpa,0.120 Mpa,0.119 Mpa,0.119 Mpa,0.119 Mpa,0.0478 Mpa,0.125 Mpa,0.126 Mpa,0.128 Mpa,1.02 Mpa,0 Mpa,0.125 Mpa,0.128 Mpa,0.126 Mpa,0.126 Mpa,0.0247 Mpa,0.123 Mpa,0.122 Mpa,0.125 Mpa,1.02 Mpa,0 Mpa,0.111 Mpa,0.113 Mpa,0.112 Mpa,0.114 Mpa,0.0520 Mpa,1558 RPM
2026-07-24 15:00:00,0.127 Mpa,0.128 Mpa,0.129 Mpa,0.128 Mpa,0 Mpa,0.109 Mpa,0.0982 Mpa,0.109 Mpa,1.02 Mpa,0 Mpa,0.122 Mpa,0.120 Mpa,0.122 Mpa,0.120 Mpa,0 Mpa,0.118 Mpa,0.120 Mpa,0.117 Mpa,0.119 Mpa,,0.112 Mpa,0.111 Mpa,0.112 Mpa,0.112 Mpa,0 Mpa,0.120 Mpa,0.120 Mpa,0.119 Mpa,0.121 Mpa,0 Mpa,0.129 Mpa,0.127 Mpa,0.127 Mpa,0.127 Mpa,0 Mpa,0.122 Mpa,0.123 Mpa,0.124 Mpa,1.02 Mpa,0 Mpa,0.126 Mpa,0.127 Mpa,0.126 Mpa,0.126 Mpa,0.00945 Mpa,0.122 Mpa,0.121 Mpa,0.124 Mpa,1.02 Mpa,0 Mpa,,,,,,1687 RPM
2026-07-24 17:00:00,0.121 Mpa,0.123 Mpa,0.123 Mpa,0.122 Mpa,0 Mpa,0.110 Mpa,0.0928 Mpa,0.110 Mpa,0.996 Mpa,0 Mpa,0.117 Mpa,0.114 Mpa,0.117 Mpa,0.114 Mpa,0 Mpa,0.120 Mpa,0.123 Mpa,0.120 Mpa,0.122 Mpa,,0.113 Mpa,0.111 Mpa,0.112 Mpa,0.112 Mpa,0.000866 Mpa,0.106 Mpa,0.107 Mpa,0.105 Mpa,0.108 Mpa,0 Mpa,0.122 Mpa,0.120 Mpa,0.121 Mpa,0.121 Mpa,0 Mpa,0.117 Mpa,0.119 Mpa,0.120 Mpa,1.01 Mpa,0 Mpa,0.127 Mpa,0.129 Mpa,0.128 Mpa,0.127 Mpa,0 Mpa,0.121 Mpa,0.120 Mpa,0.123 Mpa,1.01 Mpa,0.0136 Mpa,,,,,,1585 RPM
2026-07-24 19:00:00,0.124 Mpa,0.125 Mpa,0.126 Mpa,0.125 Mpa,0 Mpa,0.107 Mpa,0.0918 Mpa,0.107 Mpa,1.02 Mpa,0 Mpa,0.118 Mpa,0.115 Mpa,0.118 Mpa,0.115 Mpa,0 Mpa,0.125 Mpa,0.128 Mpa,0.123 Mpa,0.126 Mpa,,0.115 Mpa,0.113 Mpa,0.115 Mpa,0.114 Mpa,0 Mpa,0.112 Mpa,0.113 Mpa,0.111 Mpa,0.113 Mpa,0 Mpa,0.128 Mpa,0.127 Mpa,0.126 Mpa,0.126 Mpa,0 Mpa,0.124 Mpa,0.125 Mpa,0.127 Mpa,1.02 Mpa,0 Mpa,0.129 Mpa,0.131 Mpa,0.131 Mpa,0.128 Mpa,0 Mpa,,,,,,,,,,,1698 RPM
2026-07-24 21:00:00,0.128 Mpa,0.129 Mpa,0.131 Mpa,0.129 Mpa,0 Mpa,0.105 Mpa,0.0910 Mpa,0.106 Mpa,1.02 Mpa,0 Mpa,0.119 Mpa,0.116 Mpa,0.119 Mpa,0.115 Mpa,0 Mpa,0.121 Mpa,0.123 Mpa,0.121 Mpa,0.122 Mpa,,0.116 Mpa,0.114 Mpa,0.116 Mpa,0.115 Mpa,0 Mpa,0.112 Mpa,0.112 Mpa,0.111 Mpa,0.113 Mpa,0 Mpa,0.125 Mpa,0.123 Mpa,0.124 Mpa,0.124 Mpa,0 Mpa,0.128 Mpa,0.129 Mpa,0.131 Mpa,1.01 Mpa,0 Mpa,0.131 Mpa,0.133 Mpa,0.133 Mpa,0.129 Mpa,0 Mpa,,,,,,,,,,,1699 RPM
2026-07-24 23:00:00,0.122 Mpa,0.124 Mpa,0.124 Mpa,0.124 Mpa,0.00962 Mpa,0.107 Mpa,0.0932 Mpa,0.108 Mpa,1.02 Mpa,0 Mpa,0.118 Mpa,0.115 Mpa,0.118 Mpa,0.115 Mpa,0.0235 Mpa,0.122 Mpa,0.125 Mpa,0.121 Mpa,0.124 Mpa,,0.107 Mpa,0.106 Mpa,0.107 Mpa,0.107 Mpa,0.0164 Mpa,0.108 Mpa,0.109 Mpa,0.106 Mpa,0.109 Mpa,0 Mpa,0.127 Mpa,0.124 Mpa,0.125 Mpa,0.124 Mpa,0 Mpa,0.124 Mpa,0.126 Mpa,0.127 Mpa,1.01 Mpa,0.0183 Mpa,0.123 Mpa,0.125 Mpa,0.125 Mpa,0.123 Mpa,0 Mpa,0.116 Mpa,0.116 Mpa,0.116 Mpa,0.963 Mpa,0.101 Mpa,,,,,,1624 RPM
2026-07-25 01:00:00,0.127 Mpa,0.129 Mpa,0.128 Mpa,0.128 Mpa,0 Mpa,0.108 Mpa,0.0911 Mpa,0.108 Mpa,1.01 Mpa,0.00675 Mpa,0.122 Mpa,0.119 Mpa,0.122 Mpa,0.118 Mpa,0 Mpa,0.122 Mpa,0.123 Mpa,0.121 Mpa,0.122 Mpa,,0.107 Mpa,0.106 Mpa,0.106 Mpa,0.476 Mpa,0.0840 Mpa,0.110 Mpa,0.111 Mpa,0.109 Mpa,0.111 Mpa,0.0153 Mpa,0.121 Mpa,0.121 Mpa,0.121 Mpa,0.121 Mpa,0 Mpa,0.127 Mpa,0.129 Mpa,0.131 Mpa,1.01 Mpa,0 Mpa,0.125 Mpa,0.127 Mpa,0.127 Mpa,0.125 Mpa,0 Mpa,0.124 Mpa,0.122 Mpa,0.126 Mpa,1.02 Mpa,0 Mpa,0.120 Mpa,0.120 Mpa,0.119 Mpa,0.120 Mpa,0 Mpa,1679 RPM
2026-07-25 03:00:00,0.121 Mpa,0.123 Mpa,0.122 Mpa,0.123 Mpa,0 Mpa,0.108 Mpa,0.0916 Mpa,0.108 Mpa,1.02 Mpa,0 Mpa,0.122 Mpa,0.118 Mpa,0.121 Mpa,0.118 Mpa,0 Mpa,0.118 Mpa,0.119 Mpa,0.118 Mpa,0.118 Mpa,,,,,,,0.115 Mpa,0.115 Mpa,0.114 Mpa,0.116 Mpa,0 Mpa,0.124 Mpa,0.122 Mpa,0.123 Mpa,0.122 Mpa,0 Mpa,0.121 Mpa,0.122 Mpa,0.124 Mpa,1.01 Mpa,0 Mpa,0.125 Mpa,0.127 Mpa,0.127 Mpa,0.126 Mpa,0 Mpa,0.122 Mpa,0.121 Mpa,0.124 Mpa,1.02 Mpa,0 Mpa,0.117 Mpa,0.117 Mpa,0.117 Mpa,0.118 Mpa,0 Mpa,1644 RPM
2026-07-25 05:00:00,0.114 Mpa,0.116 Mpa,0.115 Mpa,0.115 Mpa,0 Mpa,0.110 Mpa,0.103 Mpa,0.110 Mpa,1.02 Mpa,0 Mpa,0.121 Mpa,0.118 Mpa,0.121 Mpa,0.117 Mpa,0 Mpa,0.118 Mpa,0.121 Mpa,0.117 Mpa,0.120 Mpa,,,,,,,0.109 Mpa,0.110 Mpa,0.106 Mpa,0.110 Mpa,0 Mpa,0.118 Mpa,0.117 Mpa,0.117 Mpa,0.117 Mpa,0 Mpa,0.125 Mpa,0.126 Mpa,0.128 Mpa,1.01 Mpa,0 Mpa,0.124 Mpa,0.126 Mpa,0.125 Mpa,0.124 Mpa,0 Mpa,0.120 Mpa,0.119 Mpa,0.121 Mpa,1.01 Mpa,0.00653 Mpa,0.119 Mpa,0.119 Mpa,0.119 Mpa,0.120 Mpa,0.00529 Mpa,1574 RPM
2026-07-25 07:00:00,0.124 Mpa,0.126 Mpa,0.125 Mpa,0.125 Mpa,0 Mpa,0.109 Mpa,0.0989 Mpa,0.109 Mpa,1.02 Mpa,0 Mpa,0.121 Mpa,0.117 Mpa,0.121 Mpa,0.118 Mpa,0 Mpa,0.126 Mpa,0.128 Mpa,0.124 Mpa,0.126 Mpa,,,,,,,0.110 Mpa,0.110 Mpa,0.108 Mpa,0.111 Mpa,0 Mpa,0.129 Mpa,0.127 Mpa,0.128 Mpa,0.128 Mpa,0 Mpa,0.129 Mpa,0.129 Mpa,0.132 Mpa,1.01 Mpa,0 Mpa,0.129 Mpa,0.132 Mpa,0.132 Mpa,0.129 Mpa,0 Mpa,0.120 Mpa,0.119 Mpa,0.122 Mpa,1.02 Mpa,0 Mpa,0.121 Mpa,0.121 Mpa,0.121 Mpa,0.122 Mpa,0 Mpa,1751 RPM
2026-07-25 09:00:00,0.123 Mpa,0.126 Mpa,0.124 Mpa,0.125 Mpa,0 Mpa,0.109 Mpa,0.0967 Mpa,0.109 Mpa,1.02 Mpa,0 Mpa,0.121 Mpa,0.118 Mpa,0.120 Mpa,0.117 Mpa,0 Mpa,0.122 Mpa,0.124 Mpa,0.121 Mpa,0.122 Mpa,,0.110 Mpa,0.108 Mpa,0.109 Mpa,0.675 Mpa,0.0662 Mpa,0.118 Mpa,0.118 Mpa,0.117 Mpa,0.119 Mpa,0 Mpa,0.125 Mpa,0.124 Mpa,0.124 Mpa,0.124 Mpa,0 Mpa,0.131 Mpa,0.132 Mpa,0.135 Mpa,0.991 Mpa,0 Mpa,0.125 Mpa,0.128 Mpa,0.126 Mpa,0.125 Mpa,0 Mpa,0.119 Mpa,0.118 Mpa,0.120 Mpa,1.02 Mpa,0 Mpa,0.121 Mpa,0.120 Mpa,0.120 Mpa,0.121 Mpa,0.00487 Mpa,1708 RPM
2026-07-25 11:00:00,0.130 Mpa,0.133 Mpa,0.131 Mpa,0.131 Mpa,0.0129 Mpa,0.109 Mpa,0.0932 Mpa,0.109 Mpa,1.02 Mpa,0 Mpa,0.120 Mpa,0.116 Mpa,0.120 Mpa,0.117 Mpa,0 Mpa,0.121 Mpa,0.124 Mpa,0.120 Mpa,0.122 Mpa,,,,,,,0.120 Mpa,0.120 Mpa,0.118 Mpa,0.121 Mpa,0.0117 Mpa,0.127 Mpa,0.126 Mpa,0.126 Mpa,0.126 Mpa,0.0104 Mpa,0.126 Mpa,0.127 Mpa,0.129 Mpa,0.990 Mpa,0 Mpa,0.134 Mpa,0.139 Mpa,0.136 Mpa,0.136 Mpa,0 Mpa,0.120 Mpa,0.119 Mpa,0.123 Mpa,1.02 Mpa,0 Mpa,0.108 Mpa,0.108 Mpa,0.108 Mpa,0.108 Mpa,0 Mpa,1681 RPM
2026-07-25 13:00:00,0.123 Mpa,0.125 Mpa,0.123 Mpa,0.124 Mpa,0 Mpa,0.109 Mpa,0.0966 Mpa,0.109 Mpa,1.02 Mpa,0 Mpa,0.118 Mpa,0.115 Mpa,0.118 Mpa,0.115 Mpa,0 Mpa,0.124 Mpa,0.128 Mpa,0.122 Mpa,0.126 Mpa,,,,,,,0.115 Mpa,0.116 Mpa,0.114 Mpa,0.116 Mpa,0 Mpa,0.126 Mpa,0.125 Mpa,0.126 Mpa,0.125 Mpa,0 Mpa,0.131 Mpa,0.132 Mpa,0.135 Mpa,1.01 Mpa,0 Mpa,0.125 Mpa,0.128 Mpa,0.126 Mpa,0.127 Mpa,0 Mpa,0.121 Mpa,0.120 Mpa,0.123 Mpa,1.02 Mpa,0 Mpa,0.114 Mpa,0.114 Mpa,0.114 Mpa,0.115 Mpa,0 Mpa,1709 RPM
2026-07-25 15:00:00,0.122 Mpa,0.125 Mpa,0.124 Mpa,0.124 Mpa,0 Mpa,0.110 Mpa,0.0921 Mpa,0.110 Mpa,1.02 Mpa,0 Mpa,0.117 Mpa,0.114 Mpa,0.117 Mpa,0.113 Mpa,0 Mpa,0.124 Mpa,0.128 Mpa,0.122 Mpa,0.125 Mpa,,0.108 Mpa,0.107 Mpa,0.107 Mpa,0.107 Mpa,0.231 Mpa,0.120 Mpa,0.119 Mpa,0.119 Mpa,0.119 Mpa,0 Mpa,0.126 Mpa,0.125 Mpa,0.125 Mpa,0.124 Mpa,0 Mpa,0.129 Mpa,0.130 Mpa,0.133 Mpa,1.02 Mpa,0 Mpa,0.118 Mpa,0.120 Mpa,0.119 Mpa,0.119 Mpa,0.00781 Mpa,0.114 Mpa,0.114 Mpa,0.116 Mpa,1.02 Mpa,0 Mpa,0.132 Mpa,0.132 Mpa,0.136 Mpa,0.134 Mpa,0 Mpa,1757 RPM
2026-07-25 17:00:00,0.119 Mpa,0.121 Mpa,0.120 Mpa,0.121 Mpa,0 Mpa,0.109 Mpa,0.0952 Mpa,0.109 Mpa,1.01 Mpa,0.00904 Mpa,0.118 Mpa,0.116 Mpa,0.118 Mpa,0.115 Mpa,0 Mpa,0.119 Mpa,0.122 Mpa,0.118 Mpa,0.121 Mpa,,,,,,,0.114 Mpa,0.114 Mpa,0.112 Mpa,0.115 Mpa,0 Mpa,0.123 Mpa,0.122 Mpa,0.122 Mpa,0.122 Mpa,0 Mpa,0.122 Mpa,0.122 Mpa,0.124 Mpa,1.01 Mpa,0 Mpa,0.125 Mpa,0.127 Mpa,0.125 Mpa,0.126 Mpa,0.00679 Mpa,0.118 Mpa,0.117 Mpa,0.120 Mpa,1.02 Mpa,0 Mpa,0.127 Mpa,0.127 Mpa,0.127 Mpa,0.129 Mpa,0.0381 Mpa,1654 RPM
2026-07-25 19:00:00,0.124 Mpa,0.125 Mpa,0.126 Mpa,0.125 Mpa,0 Mpa,0.109 Mpa,0.0965 Mpa,0.109 Mpa,1.02 Mpa,0 Mpa,0.117 Mpa,0.114 Mpa,0.116 Mpa,0.114 Mpa,0 Mpa,0.113 Mpa,0.116 Mpa,0.113 Mpa,0.115 Mpa,,,,,,,0.114 Mpa,0.115 Mpa,0.112 Mpa,0.115 Mpa,0 Mpa,0.127 Mpa,0.126 Mpa,0.127 Mpa,0.126 Mpa,0 Mpa,0.131 Mpa,0.132 Mpa,0.135 Mpa,1.01 Mpa,0 Mpa,0.127 Mpa,0.131 Mpa,0.128 Mpa,0.128 Mpa,0 Mpa,0.116 Mpa,0.116 Mpa,0.118 Mpa,1.02 Mpa,0 Mpa,0.124 Mpa,0.124 Mpa,0.124 Mpa,0.125 Mpa,0 Mpa,1748 RPM
2026-07-25 21:00:00,0.117 Mpa,0.118 Mpa,0.118 Mpa,0.117 Mpa,0 Mpa,0.109 Mpa,0.0883 Mpa,0.109 Mpa,1.02 Mpa,0 Mpa,0.119 Mpa,0.116 Mpa,0.119 Mpa,0.117 Mpa,0 Mpa,0.125 Mpa,0.126 Mpa,0.123 Mpa,0.125 Mpa,,,,,,,0.116 Mpa,0.116 Mpa,0.114 Mpa,0.117 Mpa,0 Mpa,0.131 Mpa,0.130 Mpa,0.130 Mpa,0.130 Mpa,0 Mpa,0.129 Mpa,0.129 Mpa,0.132 Mpa,1.01 Mpa,0 Mpa,0.125 Mpa,0.130 Mpa,0.127 Mpa,0.127 Mpa,0 Mpa,0.112 Mpa,0.111 Mpa,0.114 Mpa,1.02 Mpa,0 Mpa,0.127 Mpa,0.127 Mpa,0.126 Mpa,0.128 Mpa,0 Mpa,1700 RPM
2026-07-25 23:00:00,0.124 Mpa,0.126 Mpa,0.126 Mpa,0.126 Mpa,0.00587 Mpa,0.110 Mpa,0.0892 Mpa,0.110 Mpa,1.02 Mpa,0 Mpa,0.117 Mpa,0.114 Mpa,0.118 Mpa,0.114 Mpa,0 Mpa,0.124 Mpa,0.126 Mpa,0.123 Mpa,0.124 Mpa,,0.106 Mpa,0.105 Mpa,0.104 Mpa,0.106 Mpa,0 Mpa,0.120 Mpa,0.120 Mpa,0.118 Mpa,0.121 Mpa,0 Mpa,0.124 Mpa,0.123 Mpa,0.122 Mpa,0.123 Mpa,0 Mpa,0.122 Mpa,0.123 Mpa,0.125 Mpa,1.00 Mpa,0.0200 Mpa,0.123 Mpa,0.125 Mpa,0.124 Mpa,0.123 Mpa,0 Mpa,0.117 Mpa,0.116 Mpa,0.118 Mpa,1.01 Mpa,0.0161 Mpa,0.127 Mpa,0.127 Mpa,0.127 Mpa,0.128 Mpa,0 Mpa,1750 RPM
2026-07-26 01:00:00,0.120 Mpa,0.120 Mpa,0.120 Mpa,0.120 Mpa,0 Mpa,0.108 Mpa,0.0925 Mpa,0.108 Mpa,1.02 Mpa,0 Mpa,0.125 Mpa,0.122 Mpa,0.124 Mpa,0.121 Mpa,0 Mpa,0.114 Mpa,0.117 Mpa,0.114 Mpa,0.116 Mpa,,0.105 Mpa,0.104 Mpa,0.102 Mpa,0.105 Mpa,0.0721 Mpa,0.117 Mpa,0.117 Mpa,0.115 Mpa,0.117 Mpa,0 Mpa,0.126 Mpa,0.123 Mpa,0.124 Mpa,0.123 Mpa,0.0145 Mpa,0.127 Mpa,0.127 Mpa,0.130 Mpa,0.998 Mpa,0 Mpa,0.119 Mpa,0.122 Mpa,0.121 Mpa,0.120 Mpa,0 Mpa,0.110 Mpa,0.110 Mpa,0.111 Mpa,1.01 Mpa,0.0122 Mpa,0.122 Mpa,0.122 Mpa,0.122 Mpa,0.124 Mpa,0 Mpa,1640 RPM
2026-07-26 03:00:00,0.122 Mpa,0.124 Mpa,0.124 Mpa,0.124 Mpa,0 Mpa,0.108 Mpa,0.0907 Mpa,0.109 Mpa,1.02 Mpa,0 Mpa,0.124 Mpa,0.121 Mpa,0.123 Mpa,0.120 Mpa,0 Mpa,0.121 Mpa,0.123 Mpa,0.120 Mpa,0.121 Mpa,,0.109 Mpa,0.106 Mpa,0.107 Mpa,0.109 Mpa,0.0115 Mpa,0.115 Mpa,0.115 Mpa,0.114 Mpa,0.116 Mpa,0.00216 Mpa,,,,,,0.127 Mpa,0.128 Mpa,0.130 Mpa,1.01 Mpa,0 Mpa,0.123 Mpa,0.126 Mpa,0.125 Mpa,0.124 Mpa,0 Mpa,0.120 Mpa,0.119 Mpa,0.122 Mpa,1.02 Mpa,0 Mpa,0.124 Mpa,0.125 Mpa,0.123 Mpa,0.126 Mpa,0 Mpa,1760 RPM
2026-07-26 05:00:00,0.120 Mpa,0.122 Mpa,0.122 Mpa,0.121 Mpa,0 Mpa,0.110 Mpa,0.0992 Mpa,0.110 Mpa,1.02 Mpa,0 Mpa,0.121 Mpa,0.119 Mpa,0.121 Mpa,0.118 Mpa,0 Mpa,0.114 Mpa,0.118 Mpa,0.113 Mpa,0.117 Mpa,,0.114 Mpa,0.111 Mpa,0.112 Mpa,0.113 Mpa,0 Mpa,0.110 Mpa,0.110 Mpa,0.109 Mpa,0.110 Mpa,0 Mpa,,,,,,0.124 Mpa,0.126 Mpa,0.127 Mpa,0.997 Mpa,0 Mpa,0.124 Mpa,0.127 Mpa,0.125 Mpa,0.124 Mpa,0.00660 Mpa,0.121 Mpa,0.121 Mpa,0.123 Mpa,1.01 Mpa,0.00676 Mpa,0.126 Mpa,0.127 Mpa,0.126 Mpa,0.129 Mpa,0 Mpa,1717 RPM
2026-07-26 07:00:00,0.124 Mpa,0.125 Mpa,0.124 Mpa,0.125 Mpa,0 Mpa,0.111 Mpa,0.102 Mpa,0.111 Mpa,1.02 Mpa,0 Mpa,0.121 Mpa,0.119 Mpa,0.121 Mpa,0.119 Mpa,0 Mpa,0.104 Mpa,0.106 Mpa,0.104 Mpa,0.105 Mpa,,0.117 Mpa,0.115 Mpa,0.117 Mpa,0.116 Mpa,0 Mpa,0.116 Mpa,0.116 Mpa,0.114 Mpa,0.117 Mpa,0 Mpa,,,,,,0.127 Mpa,0.128 Mpa,0.130 Mpa,0.983 Mpa,0 Mpa,0.123 Mpa,0.126 Mpa,0.125 Mpa,0.124 Mpa,0 Mpa,0.124 Mpa,0.123 Mpa,0.126 Mpa,1.02 Mpa,0 Mpa,0.125 Mpa,0.123 Mpa,0.124 Mpa,0.125 Mpa,0 Mpa,1742 RPM
2026-07-26 09:00:00,0.121 Mpa,0.123 Mpa,0.122 Mpa,0.123 Mpa,0 Mpa,0.110 Mpa,0.0905 Mpa,0.109 Mpa,1.02 Mpa,0 Mpa,0.117 Mpa,0.116 Mpa,0.117 Mpa,0.115 Mpa,0 Mpa,0.118 Mpa,0.121 Mpa,0.116 Mpa,0.119 Mpa,,0.118 Mpa,0.116 Mpa,0.118 Mpa,0.118 Mpa,0 Mpa,0.118 Mpa,0.118 Mpa,0.117 Mpa,0.119 Mpa,0 Mpa,,,,,,0.128 Mpa,0.129 Mpa,0.131 Mpa,0.966 Mpa,0 Mpa,0.128 Mpa,0.131 Mpa,0.130 Mpa,0.128 Mpa,0 Mpa,0.124 Mpa,0.123 Mpa,0.126 Mpa,1.02 Mpa,0 Mpa,0.124 Mpa,0.123 Mpa,0.123 Mpa,0.124 Mpa,0.0193 Mpa,1814 RPM
2026-07-26 11:00:00,0.122 Mpa,0.123 Mpa,0.123 Mpa,0.123 Mpa,0 Mpa,0.109 Mpa,0.0882 Mpa,0.109 Mpa,1.02 Mpa,0 Mpa,0.121 Mpa,0.118 Mpa,0.120 Mpa,0.118 Mpa,0 Mpa,0.117 Mpa,0.121 Mpa,0.116 Mpa,0.119 Mpa,,0.115 Mpa,0.114 Mpa,0.115 Mpa,0.115 Mpa,0.0187 Mpa,0.126 Mpa,0.125 Mpa,0.124 Mpa,0.127 Mpa,0.0164 Mpa,0.114 Mpa,0.114 Mpa,0.114 Mpa,0.114 Mpa,0.0157 Mpa,0.127 Mpa,0.128 Mpa,0.130 Mpa,0.975 Mpa,0.00853 Mpa,0.126 Mpa,0.129 Mpa,0.128 Mpa,0.127 Mpa,0 Mpa,0.121 Mpa,0.120 Mpa,0.123 Mpa,1.02 Mpa,0 Mpa,0.124 Mpa,0.123 Mpa,0.123 Mpa,0.124 Mpa,0.0153 Mpa,1737 RPM
2026-07-26 13:00:00,0.121 Mpa,0.122 Mpa,0.122 Mpa,0.122 Mpa,0 Mpa,0.111 Mpa,0.0845 Mpa,0.110 Mpa,1.02 Mpa,0 Mpa,0.120 Mpa,0.116 Mpa,0.119 Mpa,0.115 Mpa,0 Mpa,0.0999 Mpa,0.103 Mpa,0.101 Mpa,0.103 Mpa,,,,,,,0.114 Mpa,0.115 Mpa,0.113 Mpa,0.115 Mpa,0 Mpa,,,,,,0.128 Mpa,0.129 Mpa,0.131 Mpa,0.978 Mpa,0 Mpa,0.127 Mpa,0.131 Mpa,0.129 Mpa,0.128 Mpa,0 Mpa,0.123 Mpa,0.123 Mpa,0.125 Mpa,1.02 Mpa,0 Mpa,0.124 Mpa,0.123 Mpa,0.124 Mpa,0.125 Mpa,0 Mpa,1734 RPM
2026-07-26 15:00:00,0.119 Mpa,0.121 Mpa,0.121 Mpa,0.121 Mpa,0 Mpa,0.110 Mpa,0.0935 Mpa,0.110 Mpa,1.02 Mpa,0 Mpa,0.118 Mpa,0.115 Mpa,0.118 Mpa,0.115 Mpa,0 Mpa,0.122 Mpa,0.126 Mpa,0.120 Mpa,0.124 Mpa,,,,,,,0.121 Mpa,0.122 Mpa,0.119 Mpa,0.122 Mpa,0 Mpa,,,,,,0.126 Mpa,0.127 Mpa,0.129 Mpa,0.985 Mpa,0 Mpa,0.123 Mpa,0.125 Mpa,0.124 Mpa,0.123 Mpa,0.0280 Mpa,0.125 Mpa,0.124 Mpa,0.127 Mpa,1.02 Mpa,0 Mpa,0.126 Mpa,0.126 Mpa,0.127 Mpa,0.127 Mpa,0 Mpa,1823 RPM
2026-07-26 17:00:00,0.116 Mpa,0.118 Mpa,0.118 Mpa,0.117 Mpa,0 Mpa,0.113 Mpa,0.0914 Mpa,0.112 Mpa,1.02 Mpa,0 Mpa,0.118 Mpa,0.115 Mpa,0.118 Mpa,0.115 Mpa,0 Mpa,0.116 Mpa,0.119 Mpa,0.115 Mpa,0.118 Mpa,,,,,,,0.118 Mpa,0.118 Mpa,0.116 Mpa,0.119 Mpa,0 Mpa,,,,,,0.125 Mpa,0.125 Mpa,0.128 Mpa,0.972 Mpa,0 Mpa,0.123 Mpa,0.125 Mpa,0.125 Mpa,0.123 Mpa,0 Mpa,0.114 Mpa,0.113 Mpa,0.115 Mpa,1.01 Mpa,0.00594 Mpa,0.122 Mpa,0.121 Mpa,0.122 Mpa,0.122 Mpa,0.00485 Mpa,1657 RPM
2026-07-26 19:00:00,0.122 Mpa,0.123 Mpa,0.124 Mpa,0.123 Mpa,0 Mpa,0.110 Mpa,0.0956 Mpa,0.110 Mpa,1.02 Mpa,0 Mpa,0.121 Mpa,0.119 Mpa,0.121 Mpa,0.119 Mpa,0 Mpa,0.118 Mpa,0.121 Mpa,0.117 Mpa,0.120 Mpa,,,,,,,0.122 Mpa,0.121 Mpa,0.121 Mpa,0.122 Mpa,0 Mpa,,,,,,0.128 Mpa,0.128 Mpa,0.132 Mpa,0.997 Mpa,0 Mpa,0.124 Mpa,0.126 Mpa,0.126 Mpa,0.125 Mpa,0 Mpa,0.115 Mpa,0.114 Mpa,0.117 Mpa,1.02 Mpa,0 Mpa,0.123 Mpa,0.123 Mpa,0.124 Mpa,0.124 Mpa,0 Mpa,1777 RPM
2026-07-26 21:00:00,0.123 Mpa,0.125 Mpa,0.125 Mpa,0.125 Mpa,0 Mpa,0.110 Mpa,0.0996 Mpa,0.110 Mpa,1.02 Mpa,0 Mpa,0.122 Mpa,0.119 Mpa,0.122 Mpa,0.119 Mpa,0 Mpa,0.119 Mpa,0.123 Mpa,0.118 Mpa,0.122 Mpa,,,,,,,0.113 Mpa,0.113 Mpa,0.112 Mpa,0.114 Mpa,0 Mpa,,,,,,0.129 Mpa,0.129 Mpa,0.132 Mpa,0.996 Mpa,0.00893 Mpa,0.126 Mpa,0.129 Mpa,0.128 Mpa,0.126 Mpa,0 Mpa,0.114 Mpa,0.113 Mpa,0.115 Mpa,1.02 Mpa,0 Mpa,0.121 Mpa,0.121 Mpa,0.120 Mpa,0.122 Mpa,0 Mpa,1757 RPM
2026-07-26 23:00:00,0.122 Mpa,0.124 Mpa,0.123 Mpa,0.123 Mpa,0 Mpa,0.108 Mpa,0.0976 Mpa,0.109 Mpa,1.02 Mpa,0 Mpa,0.121 Mpa,0.118 Mpa,0.121 Mpa,0.118 Mpa,0 Mpa,0.117 Mpa,0.122 Mpa,0.117 Mpa,0.121 Mpa,,,,,,,0.114 Mpa,0.114 Mpa,0.113 Mpa,0.115 Mpa,0 Mpa,,,,,,0.129 Mpa,0.129 Mpa,0.132 Mpa,0.988 Mpa,0.00572 Mpa,0.122 Mpa,0.124 Mpa,0.123 Mpa,0.122 Mpa,0 Mpa,0.113 Mpa,0.113 Mpa,0.115 Mpa,1.02 Mpa,0 Mpa,0.118 Mpa,0.117 Mpa,0.119 Mpa,0.119 Mpa,0 Mpa,1607 RPM
2026-07-27 01:00:00,0.117 Mpa,0.119 Mpa,0.119 Mpa,0.119 Mpa,0.00552 Mpa,0.100 Mpa,0.0990 Mpa,0.100 Mpa,0.774 Mpa,0.455 Mpa,0.122 Mpa,0.119 Mpa,0.122 Mpa,0.119 Mpa,0.00840 Mpa,0.102 Mpa,0.103 Mpa,0.102 Mpa,0.103 Mpa,,0.106 Mpa,0.103 Mpa,0.103 Mpa,0.103 Mpa,0.120 Mpa,0.117 Mpa,0.118 Mpa,0.116 Mpa,0.118 Mpa,0 Mpa,,,,,,0.125 Mpa,0.126 Mpa,0.127 Mpa,0.983 Mpa,0 Mpa,0.115 Mpa,0.118 Mpa,0.116 Mpa,0.116 Mpa,0.0112 Mpa,0.109 Mpa,0.109 Mpa,0.110 Mpa,1.00 Mpa,0.0370 Mpa,0.100 Mpa,0.100 Mpa,0.100 Mpa,0.100 Mpa,0.0258 Mpa,1467 RPM
2026-07-27 03:00:00,0.128 Mpa,0.130 Mpa,0.130 Mpa,0.130 Mpa,0 Mpa,0.108 Mpa,0.0955 Mpa,0.108 Mpa,1.00 Mpa,0.00673 Mpa,0.115 Mpa,0.115 Mpa,0.116 Mpa,0.115 Mpa,0.0272 Mpa,0.0988 Mpa,0.100 Mpa,0.0992 Mpa,0.100 Mpa,,,,,,,0.117 Mpa,0.118 Mpa,0.116 Mpa,0.119 Mpa,0 Mpa,0.104 Mpa,0.104 Mpa,0.104 Mpa,0.104 Mpa,0.148 Mpa,0.124 Mpa,0.124 Mpa,0.127 Mpa,0.994 Mpa,0 Mpa,0.122 Mpa,0.124 Mpa,0.123 Mpa,0.122 Mpa,0 Mpa,0.116 Mpa,0.116 Mpa,0.117 Mpa,1.01 Mpa,0.00634 Mpa,0.108 Mpa,0.108 Mpa,0.108 Mpa,0.108 Mpa,0 Mpa,1470 RPM
2026-07-27 05:00:00,0.120 Mpa,0.122 Mpa,0.122 Mpa,0.121 Mpa,0 Mpa,0.109 Mpa,0.0946 Mpa,0.110 Mpa,1.01 Mpa,0.0102 Mpa,0.118 Mpa,0.116 Mpa,0.119 Mpa,0.116 Mpa,0 Mpa,0.116 Mpa,0.116 Mpa,0.115 Mpa,0.116 Mpa,,0.108 Mpa,0.107 Mpa,0.106 Mpa,0.107 Mpa,0.0232 Mpa,0.112 Mpa,0.112 Mpa,0.111 Mpa,0.113 Mpa,0 Mpa,0.104 Mpa,0.104 Mpa,0.104 Mpa,0.104 Mpa,0.135 Mpa,0.122 Mpa,0.123 Mpa,0.125 Mpa,0.968 Mpa,0 Mpa,0.133 Mpa,0.136 Mpa,0.134 Mpa,0.133 Mpa,0.00681 Mpa,0.114 Mpa,0.114 Mpa,0.115 Mpa,1.01 Mpa,0.00654 Mpa,0.129 Mpa,0.129 Mpa,0.129 Mpa,0.130 Mpa,0 Mpa,1565 RPM
2026-07-27 07:00:00,0.124 Mpa,0.125 Mpa,0.126 Mpa,0.125 Mpa,0 Mpa,0.109 Mpa,0.0935 Mpa,0.109 Mpa,1.02 Mpa,0 Mpa,0.119 Mpa,0.116 Mpa,0.119 Mpa,0.117 Mpa,0 Mpa,0.128 Mpa,0.131 Mpa,0.128 Mpa,0.130 Mpa,,0.113 Mpa,0.112 Mpa,0.113 Mpa,0.113 Mpa,0 Mpa,0.119 Mpa,0.119 Mpa,0.118 Mpa,0.120 Mpa,0 Mpa,,,,,,0.126 Mpa,0.127 Mpa,0.129 Mpa,0.954 Mpa,0 Mpa,0.127 Mpa,0.129 Mpa,0.129 Mpa,0.127 Mpa,0 Mpa,0.121 Mpa,0.121 Mpa,0.123 Mpa,1.02 Mpa,0 Mpa,0.130 Mpa,0.129 Mpa,0.129 Mpa,0.131 Mpa,0 Mpa,1734 RPM
2026-07-27 09:00:00,0.127 Mpa,0.130 Mpa,0.129 Mpa,0.129 Mpa,0 Mpa,0.111 Mpa,0.0961 Mpa,0.110 Mpa,1.02 Mpa,0 Mpa,0.118 Mpa,0.116 Mpa,0.118 Mpa,0.116 Mpa,0 Mpa,0.133 Mpa,0.137 Mpa,0.131 Mpa,0.135 Mpa,,0.118 Mpa,0.115 Mpa,0.117 Mpa,0.116 Mpa,0 Mpa,0.114 Mpa,0.114 Mpa,0.112 Mpa,0.115 Mpa,0 Mpa,0.135 Mpa,0.132 Mpa,0.134 Mpa,0.132 Mpa,0.00389 Mpa,0.129 Mpa,0.131 Mpa,0.134 Mpa,0.975 Mpa,0 Mpa,0.114 Mpa,0.115 Mpa,0.115 Mpa,0.114 Mpa,0.0513 Mpa,0.126 Mpa,0.125 Mpa,0.127 Mpa,1.02 Mpa,0 Mpa,0.132 Mpa,0.131 Mpa,0.131 Mpa,0.133 Mpa,0 Mpa,1739 RPM
2026-07-27 11:00:00,0.122 Mpa,0.125 Mpa,0.124 Mpa,0.124 Mpa,0 Mpa,0.110 Mpa,0.0952 Mpa,0.110 Mpa,1.02 Mpa,0 Mpa,0.119 Mpa,0.116 Mpa,0.119 Mpa,0.116 Mpa,0 Mpa,0.125 Mpa,0.128 Mpa,0.124 Mpa,0.126 Mpa,,0.114 Mpa,0.112 Mpa,0.114 Mpa,0.114 Mpa,0 Mpa,0.119 Mpa,0.120 Mpa,0.118 Mpa,0.120 Mpa,0.00861 Mpa,0.130 Mpa,0.127 Mpa,0.128 Mpa,0.127 Mpa,0 Mpa,0.123 Mpa,0.124 Mpa,0.127 Mpa,0.969 Mpa,0 Mpa,0.129 Mpa,0.130 Mpa,0.130 Mpa,0.129 Mpa,0.00794 Mpa,0.119 Mpa,0.118 Mpa,0.121 Mpa,1.02 Mpa,0 Mpa,0.130 Mpa,0.129 Mpa,0.129 Mpa,0.131 Mpa,0.0228 Mpa,1705 RPM
2026-07-27 13:00:00,0.122 Mpa,0.123 Mpa,0.123 Mpa,0.123 Mpa,0 Mpa,0.111 Mpa,0.0964 Mpa,0.110 Mpa,1.02 Mpa,0 Mpa,0.120 Mpa,0.117 Mpa,0.120 Mpa,0.116 Mpa,0 Mpa,0.119 Mpa,0.121 Mpa,0.119 Mpa,0.120 Mpa,,0.112 Mpa,0.110 Mpa,0.111 Mpa,0.111 Mpa,0.0328 Mpa,0.118 Mpa,0.117 Mpa,0.116 Mpa,0.118 Mpa,0.0180 Mpa,0.126 Mpa,0.124 Mpa,0.125 Mpa,0.124 Mpa,0 Mpa,0.122 Mpa,0.122 Mpa,0.124 Mpa,0.953 Mpa,0 Mpa,0.134 Mpa,0.136 Mpa,0.136 Mpa,0.134 Mpa,0 Mpa,0.121 Mpa,0.120 Mpa,0.123 Mpa,1.02 Mpa,0 Mpa,0.126 Mpa,0.126 Mpa,0.126 Mpa,0.127 Mpa,0.0498 Mpa,1746 RPM
2026-07-27 15:00:00,0.121 Mpa,0.123 Mpa,0.123 Mpa,0.122 Mpa,0 Mpa,0.110 Mpa,0.0905 Mpa,0.110 Mpa,1.02 Mpa,0 Mpa,0.113 Mpa,0.110 Mpa,0.113 Mpa,0.109 Mpa,0.0915 Mpa,0.122 Mpa,0.126 Mpa,0.122 Mpa,0.124 Mpa,,0.114 Mpa,0.112 Mpa,0.113 Mpa,0.113 Mpa,0 Mpa,0.113 Mpa,0.113 Mpa,0.111 Mpa,0.114 Mpa,0 Mpa,0.130 Mpa,0.128 Mpa,0.129 Mpa,0.128 Mpa,0 Mpa,0.125 Mpa,0.126 Mpa,0.129 Mpa,0.975 Mpa,0 Mpa,0.128 Mpa,0.131 Mpa,0.130 Mpa,0.128 Mpa,0 Mpa,0.127 Mpa,0.127 Mpa,0.130 Mpa,1.02 Mpa,0 Mpa,0.127 Mpa,0.126 Mpa,0.127 Mpa,0.128 Mpa,0 Mpa,1724 RPM
2026-07-27 17:00:00,0.121 Mpa,0.123 Mpa,0.122 Mpa,0.122 Mpa,0 Mpa,0.110 Mpa,0.0924 Mpa,0.110 Mpa,1.01 Mpa,0.0100 Mpa,,,,,,0.121 Mpa,0.124 Mpa,0.120 Mpa,0.123 Mpa,,0.115 Mpa,0.113 Mpa,0.114 Mpa,0.114 Mpa,0 Mpa,0.115 Mpa,0.116 Mpa,0.113 Mpa,0.116 Mpa,0 Mpa,0.126 Mpa,0.125 Mpa,0.126 Mpa,0.125 Mpa,0 Mpa,0.122 Mpa,0.123 Mpa,0.125 Mpa,0.983 Mpa,0 Mpa,0.120 Mpa,0.122 Mpa,0.122 Mpa,0.120 Mpa,0 Mpa,0.122 Mpa,0.121 Mpa,0.124 Mpa,1.01 Mpa,0.00628 Mpa,0.128 Mpa,0.128 Mpa,0.127 Mpa,0.130 Mpa,0.00602 Mpa,1675 RPM
2026-07-27 19:00:00,0.123 Mpa,0.124 Mpa,0.124 Mpa,0.124 Mpa,0.0129 Mpa,0.110 Mpa,0.101 Mpa,0.110 Mpa,1.02 Mpa,0 Mpa,0.106 Mpa,0.104 Mpa,0.106 Mpa,0.103 Mpa,0.0769 Mpa,0.124 Mpa,0.127 Mpa,0.123 Mpa,0.126 Mpa,,0.119 Mpa,0.117 Mpa,0.119 Mpa,0.118 Mpa,0 Mpa,0.117 Mpa,0.118 Mpa,0.116 Mpa,0.119 Mpa,0 Mpa,0.129 Mpa,0.128 Mpa,0.128 Mpa,0.127 Mpa,0 Mpa,0.127 Mpa,0.128 Mpa,0.130 Mpa,0.973 Mpa,0 Mpa,0.124 Mpa,0.125 Mpa,0.125 Mpa,0.124 Mpa,0 Mpa,0.118 Mpa,0.117 Mpa,0.120 Mpa,1.02 Mpa,0 Mpa,0.126 Mpa,0.127 Mpa,0.126 Mpa,0.128 Mpa,0 Mpa,1778 RPM
2026-07-27 21:00:00,0.115 Mpa,0.115 Mpa,0.115 Mpa,0.115 Mpa,0.111 Mpa,0.109 Mpa,0.0939 Mpa,0.109 Mpa,1.02 Mpa,0 Mpa,0.107 Mpa,0.106 Mpa,0.107 Mpa,0.106 Mpa,0.0645 Mpa,0.122 Mpa,0.126 Mpa,0.121 Mpa,0.124 Mpa,,0.115 Mpa,0.113 Mpa,0.115 Mpa,0.114 Mpa,0 Mpa,0.118 Mpa,0.118 Mpa,0.116 Mpa,0.119 Mpa,0 Mpa,0.125 Mpa,0.124 Mpa,0.125 Mpa,0.124 Mpa,0 Mpa,0.122 Mpa,0.123 Mpa,0.125 Mpa,0.971 Mpa,0.00724 Mpa,0.125 Mpa,0.128 Mpa,0.126 Mpa,0.125 Mpa,0 Mpa,0.116 Mpa,0.115 Mpa,0.118 Mpa,1.02 Mpa,0 Mpa,0.126 Mpa,0.126 Mpa,0.125 Mpa,0.128 Mpa,0 Mpa,1720 RPM
2026-07-27 23:00:00,0.122 Mpa,0.124 Mpa,0.124 Mpa,0.125 Mpa,0.00799 Mpa,0.108 Mpa,0.0788 Mpa,0.108 Mpa,1.01 Mpa,0.0176 Mpa,0.119 Mpa,0.117 Mpa,0.118 Mpa,0.116 Mpa,0 Mpa,0.122 Mpa,0.127 Mpa,0.121 Mpa,0.125 Mpa,,0.115 Mpa,0.112 Mpa,0.114 Mpa,0.113 Mpa,0.0316 Mpa,0.118 Mpa,0.119 Mpa,0.118 Mpa,0.120 Mpa,0 Mpa,0.130 Mpa,0.130 Mpa,0.130 Mpa,0.128 Mpa,0 Mpa,0.124 Mpa,0.125 Mpa,0.127 Mpa,0.983 Mpa,0 Mpa,0.124 Mpa,0.125 Mpa,0.125 Mpa,0.123 Mpa,0 Mpa,0.121 Mpa,0.120 Mpa,0.124 Mpa,1.02 Mpa,0 Mpa,0.127 Mpa,0.127 Mpa,0.127 Mpa,0.129 Mpa,0 Mpa,1781 RPM
2026-07-28 01:00:00,0.124 Mpa,0.125 Mpa,0.126 Mpa,0.125 Mpa,0 Mpa,0.121 Mpa,0.110 Mpa,0.121 Mpa,1.02 Mpa,0 Mpa,0.114 Mpa,0.112 Mpa,0.114 Mpa,0.111 Mpa,0 Mpa,0.115 Mpa,0.119 Mpa,0.115 Mpa,0.118 Mpa,,0.116 Mpa,0.114 Mpa,0.115 Mpa,0.115 Mpa,0 Mpa,0.118 Mpa,0.118 Mpa,0.116 Mpa,0.119 Mpa,0.0112 Mpa,0.128 Mpa,0.127 Mpa,0.127 Mpa,0.126 Mpa,0 Mpa,0.125 Mpa,0.126 Mpa,0.128 Mpa,0.983 Mpa,0 Mpa,0.123 Mpa,0.124 Mpa,0.124 Mpa,0.122 Mpa,0 Mpa,0.121 Mpa,0.120 Mpa,0.123 Mpa,1.01 Mpa,0.0160 Mpa,0.117 Mpa,0.116 Mpa,0.116 Mpa,0.118 Mpa,0.00595 Mpa,1697 RPM
2026-07-28 03:00:00,0.122 Mpa,0.124 Mpa,0.124 Mpa,0.124 Mpa,0 Mpa,0.120 Mpa,0.102 Mpa,0.120 Mpa,1.02 Mpa,0 Mpa,0.123 Mpa,0.119 Mpa,0.122 Mpa,0.117 Mpa,0 Mpa,0.124 Mpa,0.128 Mpa,0.123 Mpa,0.126 Mpa,,0.120 Mpa,0.118 Mpa,0.120 Mpa,0.118 Mpa,0 Mpa,0.119 Mpa,0.119 Mpa,0.118 Mpa,0.120 Mpa,0 Mpa,0.121 Mpa,0.122 Mpa,0.121 Mpa,0.121 Mpa,0 Mpa,0.125 Mpa,0.126 Mpa,0.128 Mpa,0.941 Mpa,0 Mpa,0.122 Mpa,0.125 Mpa,0.123 Mpa,0.123 Mpa,0 Mpa,0.123 Mpa,0.121 Mpa,0.125 Mpa,1.02 Mpa,0 Mpa,0.113 Mpa,0.113 Mpa,0.112 Mpa,0.113 Mpa,0 Mpa,1747 RPM
2026-07-28 05:00:00,0.119 Mpa,0.121 Mpa,0.121 Mpa,0.121 Mpa,0 Mpa,0.120 Mpa,0.103 Mpa,0.120 Mpa,1.02 Mpa,0 Mpa,0.120 Mpa,0.116 Mpa,0.120 Mpa,0.116 Mpa,0 Mpa,0.122 Mpa,0.125 Mpa,0.121 Mpa,0.124 Mpa,,0.116 Mpa,0.113 Mpa,0.115 Mpa,0.114 Mpa,0 Mpa,0.110 Mpa,0.111 Mpa,0.109 Mpa,0.111 Mpa,0 Mpa,0.124 Mpa,0.126 Mpa,0.123 Mpa,0.124 Mpa,0.00824 Mpa,0.128 Mpa,0.128 Mpa,0.131 Mpa,0.928 Mpa,0 Mpa,0.124 Mpa,0.125 Mpa,0.125 Mpa,0.124 Mpa,0 Mpa,0.122 Mpa,0.122 Mpa,0.124 Mpa,1.01 Mpa,0.00655 Mpa,0.120 Mpa,0.122 Mpa,0.120 Mpa,0.122 Mpa,0.00962 Mpa,1620 RPM
2026-07-28 07:00:00,0.125 Mpa,0.127 Mpa,0.126 Mpa,0.126 Mpa,0 Mpa,0.120 Mpa,0.110 Mpa,0.120 Mpa,1.02 Mpa,0 Mpa,0.124 Mpa,0.119 Mpa,0.124 Mpa,0.119 Mpa,0 Mpa,0.129 Mpa,0.133 Mpa,0.127 Mpa,0.131 Mpa,,0.113 Mpa,0.111 Mpa,0.112 Mpa,0.112 Mpa,0 Mpa,0.119 Mpa,0.119 Mpa,0.118 Mpa,0.120 Mpa,0 Mpa,0.131 Mpa,0.129 Mpa,0.129 Mpa,0.129 Mpa,0 Mpa,0.129 Mpa,0.130 Mpa,0.133 Mpa,0.907 Mpa,0 Mpa,0.131 Mpa,0.134 Mpa,0.133 Mpa,0.132 Mpa,0 Mpa,0.123 Mpa,0.121 Mpa,0.124 Mpa,1.02 Mpa,0 Mpa,0.126 Mpa,0.126 Mpa,0.125 Mpa,0.127 Mpa,0 Mpa,1796 RPM
2026-07-28 09:00:00,0.127 Mpa,0.128 Mpa,0.128 Mpa,0.128 Mpa,0 Mpa,0.121 Mpa,0.102 Mpa,0.121 Mpa,1.02 Mpa,0 Mpa,0.123 Mpa,0.118 Mpa,0.123 Mpa,0.118 Mpa,0 Mpa,0.127 Mpa,0.130 Mpa,0.126 Mpa,0.128 Mpa,,0.116 Mpa,0.114 Mpa,0.116 Mpa,0.115 Mpa,0 Mpa,0.119 Mpa,0.119 Mpa,0.118 Mpa,0.120 Mpa,0 Mpa,0.132 Mpa,0.130 Mpa,0.131 Mpa,0.129 Mpa,0.0115 Mpa,0.131 Mpa,0.133 Mpa,0.135 Mpa,0.900 Mpa,0 Mpa,0.127 Mpa,0.129 Mpa,0.129 Mpa,0.127 Mpa,0 Mpa,0.118 Mpa,0.117 Mpa,0.120 Mpa,1.02 Mpa,0 Mpa,0.130 Mpa,0.129 Mpa,0.129 Mpa,0.131 Mpa,0.0134 Mpa,1745 RPM
2026-07-28 11:00:00,0.126 Mpa,0.129 Mpa,0.128 Mpa,0.128 Mpa,0.00708 Mpa,0.126 Mpa,0.112 Mpa,0.126 Mpa,1.02 Mpa,0 Mpa,0.121 Mpa,0.117 Mpa,0.122 Mpa,0.117 Mpa,0 Mpa,0.125 Mpa,0.130 Mpa,0.123 Mpa,0.127 Mpa,,0.117 Mpa,0.115 Mpa,0.117 Mpa,0.117 Mpa,0 Mpa,0.113 Mpa,0.114 Mpa,0.111 Mpa,0.114 Mpa,0.0211 Mpa,0.121 Mpa,0.120 Mpa,0.121 Mpa,0.120 Mpa,0 Mpa,0.131 Mpa,0.132 Mpa,0.135 Mpa,0.879 Mpa,0 Mpa,0.126 Mpa,0.129 Mpa,0.128 Mpa,0.126 Mpa,0 Mpa,0.120 Mpa,0.119 Mpa,0.121 Mpa,1.02 Mpa,0 Mpa,0.121 Mpa,0.120 Mpa,0.120 Mpa,0.122 Mpa,0 Mpa,1724 RPM
2026-07-28 13:00:00,0.127 Mpa,0.129 Mpa,0.129 Mpa,0.129 Mpa,0 Mpa,0.124 Mpa,0.101 Mpa,0.124 Mpa,1.02 Mpa,0 Mpa,0.108 Mpa,0.107 Mpa,0.109 Mpa,0.106 Mpa,0.0321 Mpa,0.122 Mpa,0.126 Mpa,0.121 Mpa,0.124 Mpa,,0.111 Mpa,0.109 Mpa,0.110 Mpa,0.110 Mpa,0 Mpa,0.107 Mpa,0.107 Mpa,0.105 Mpa,0.108 Mpa,0 Mpa,0.129 Mpa,0.133 Mpa,0.128 Mpa,0.128 Mpa,0 Mpa,0.127 Mpa,0.127 Mpa,0.130 Mpa,0.920 Mpa,0.0142 Mpa,0.129 Mpa,0.131 Mpa,0.131 Mpa,0.128 Mpa,0 Mpa,0.115 Mpa,0.114 Mpa,0.117 Mpa,1.02 Mpa,0 Mpa,0.120 Mpa,0.121 Mpa,0.119 Mpa,0.123 Mpa,0 Mpa,1630 RPM
2026-07-28 15:00:00,0.123 Mpa,0.125 Mpa,0.125 Mpa,0.125 Mpa,0 Mpa,0.125 Mpa,0.0987 Mpa,0.124 Mpa,1.01 Mpa,0 Mpa,0.114 Mpa,0.112 Mpa,0.114 Mpa,0.112 Mpa,0.0303 Mpa,0.125 Mpa,0.129 Mpa,0.123 Mpa,0.126 Mpa,,0.116 Mpa,0.114 Mpa,0.115 Mpa,0.115 Mpa,0 Mpa,0.112 Mpa,0.112 Mpa,0.111 Mpa,0.113 Mpa,0 Mpa,0.128 Mpa,0.129 Mpa,0.126 Mpa,0.125 Mpa,0 Mpa,0.132 Mpa,0.132 Mpa,0.135 Mpa,0.904 Mpa,0 Mpa,0.123 Mpa,0.126 Mpa,0.124 Mpa,0.124 Mpa,0.0126 Mpa,0.123 Mpa,0.122 Mpa,0.125 Mpa,1.02 Mpa,0 Mpa,0.116 Mpa,0.117 Mpa,0.116 Mpa,0.119 Mpa,0 Mpa,1734 RPM
2026-07-28 17:00:00,0.122 Mpa,0.124 Mpa,0.124 Mpa,0.123 Mpa,0 Mpa,0.117 Mpa,0.108 Mpa,0.117 Mpa,1.02 Mpa,0 Mpa,0.107 Mpa,0.106 Mpa,0.110 Mpa,0.106 Mpa,0.145 Mpa,0.121 Mpa,0.125 Mpa,0.120 Mpa,0.123 Mpa,,0.113 Mpa,0.112 Mpa,0.112 Mpa,0.112 Mpa,0 Mpa,0.111 Mpa,0.111 Mpa,0.110 Mpa,0.112 Mpa,0 Mpa,0.123 Mpa,0.124 Mpa,0.122 Mpa,0.121 Mpa,0 Mpa,0.129 Mpa,0.129 Mpa,0.132 Mpa,0.930 Mpa,0 Mpa,0.127 Mpa,0.131 Mpa,0.129 Mpa,0.128 Mpa,0.00798 Mpa,0.124 Mpa,0.123 Mpa,0.126 Mpa,1.01 Mpa,0.00585 Mpa,0.118 Mpa,0.118 Mpa,0.118 Mpa,0.120 Mpa,0.00765 Mpa,1637 RPM
2026-07-28 19:00:00,0.116 Mpa,0.118 Mpa,0.117 Mpa,0.117 Mpa,0.00895 Mpa,0.124 Mpa,0.108 Mpa,0.123 Mpa,1.02 Mpa,0 Mpa,,,,,,0.119 Mpa,0.122 Mpa,0.117 Mpa,0.120 Mpa,,0.115 Mpa,0.113 Mpa,0.114 Mpa,0.114 Mpa,0 Mpa,0.117 Mpa,0.117 Mpa,0.115 Mpa,0.118 Mpa,0 Mpa,0.124 Mpa,0.123 Mpa,0.123 Mpa,0.122 Mpa,0 Mpa,0.130 Mpa,0.130 Mpa,0.133 Mpa,0.949 Mpa,0 Mpa,0.128 Mpa,0.131 Mpa,0.129 Mpa,0.128 Mpa,0 Mpa,0.113 Mpa,0.113 Mpa,0.115 Mpa,1.02 Mpa,0 Mpa,0.119 Mpa,0.119 Mpa,0.120 Mpa,0.121 Mpa,0 Mpa,1734 RPM
2026-07-28 21:00:00,0.117 Mpa,0.119 Mpa,0.118 Mpa,0.118 Mpa,0.0201 Mpa,0.113 Mpa,0.106 Mpa,0.114 Mpa,1.02 Mpa,0 Mpa,0.117 Mpa,0.115 Mpa,0.117 Mpa,0.114 Mpa,0.00730 Mpa,0.127 Mpa,0.130 Mpa,0.125 Mpa,0.127 Mpa,,0.118 Mpa,0.117 Mpa,0.118 Mpa,0.118 Mpa,0 Mpa,0.118 Mpa,0.119 Mpa,0.116 Mpa,0.119 Mpa,0 Mpa,0.121 Mpa,0.120 Mpa,0.120 Mpa,0.119 Mpa,0 Mpa,0.125 Mpa,0.126 Mpa,0.128 Mpa,0.959 Mpa,0 Mpa,0.127 Mpa,0.131 Mpa,0.129 Mpa,0.128 Mpa,0 Mpa,0.116 Mpa,0.115 Mpa,0.117 Mpa,1.01 Mpa,0.0121 Mpa,0.121 Mpa,0.120 Mpa,0.121 Mpa,0.122 Mpa,0 Mpa,1722 RPM
2026-07-28 23:00:00,,,,,,0.122 Mpa,0.109 Mpa,0.122 Mpa,1.02 Mpa,0 Mpa,0.124 Mpa,0.120 Mpa,0.124 Mpa,0.120 Mpa,0 Mpa,0.117 Mpa,0.121 Mpa,0.117 Mpa,0.120 Mpa,,0.115 Mpa,0.114 Mpa,0.114 Mpa,0.114 Mpa,0.0183 Mpa,0.114 Mpa,0.114 Mpa,0.112 Mpa,0.115 Mpa,0 Mpa,0.123 Mpa,0.122 Mpa,0.123 Mpa,0.121 Mpa,0 Mpa,0.118 Mpa,0.118 Mpa,0.120 Mpa,0.979 Mpa,0 Mpa,0.125 Mpa,0.129 Mpa,0.127 Mpa,0.126 Mpa,0 Mpa,0.111 Mpa,0.111 Mpa,0.112 Mpa,0.996 Mpa,0.0423 Mpa,0.120 Mpa,0.120 Mpa,0.120 Mpa,0.122 Mpa,0 Mpa,1608 RPM
2026-07-29 01:00:00,,,,,,0.119 Mpa,0.116 Mpa,0.119 Mpa,1.01 Mpa,0.00965 Mpa,0.117 Mpa,0.114 Mpa,0.117 Mpa,0.114 Mpa,0 Mpa,0.100 Mpa,0.104 Mpa,0.100 Mpa,0.103 Mpa,,0.120 Mpa,0.118 Mpa,0.119 Mpa,0.119 Mpa,0 Mpa,0.113 Mpa,0.113 Mpa,0.111 Mpa,0.114 Mpa,0.0381 Mpa,0.123 Mpa,0.125 Mpa,0.123 Mpa,0.122 Mpa,0 Mpa,0.128 Mpa,0.129 Mpa,0.131 Mpa,0.941 Mpa,0 Mpa,0.128 Mpa,0.131 Mpa,0.129 Mpa,0.129 Mpa,0 Mpa,0.126 Mpa,0.124 Mpa,0.127 Mpa,1.02 Mpa,0 Mpa,0.118 Mpa,0.118 Mpa,0.118 Mpa,0.120 Mpa,0 Mpa,1697 RPM
2026-07-29 03:00:00,,,,,,0.115 Mpa,0.114 Mpa,0.115 Mpa,1.01 Mpa,0.0117 Mpa,0.125 Mpa,0.121 Mpa,0.125 Mpa,0.121 Mpa,0 Mpa,0.118 Mpa,0.122 Mpa,0.118 Mpa,0.119 Mpa,,0.115 Mpa,0.115 Mpa,0.115 Mpa,0.116 Mpa,0 Mpa,0.116 Mpa,0.117 Mpa,0.115 Mpa,0.117 Mpa,0 Mpa,0.129 Mpa,0.130 Mpa,0.128 Mpa,0.127 Mpa,0 Mpa,0.128 Mpa,0.129 Mpa,0.131 Mpa,0.949 Mpa,0 Mpa,0.120 Mpa,0.122 Mpa,0.120 Mpa,0.121 Mpa,0 Mpa,0.124 Mpa,0.123 Mpa,0.126 Mpa,1.02 Mpa,0 Mpa,0.116 Mpa,0.116 Mpa,0.116 Mpa,0.118 Mpa,0.00570 Mpa,1735 RPM
2026-07-29 05:00:00,,,,,,0.123 Mpa,0.109 Mpa,0.124 Mpa,1.01 Mpa,0.00813 Mpa,0.120 Mpa,0.116 Mpa,0.120 Mpa,0.116 Mpa,0 Mpa,0.120 Mpa,0.123 Mpa,0.120 Mpa,0.122 Mpa,,0.117 Mpa,0.115 Mpa,0.116 Mpa,0.116 Mpa,0 Mpa,0.114 Mpa,0.114 Mpa,0.113 Mpa,0.115 Mpa,0 Mpa,0.127 Mpa,0.128 Mpa,0.126 Mpa,0.126 Mpa,0 Mpa,0.127 Mpa,0.127 Mpa,0.130 Mpa,0.933 Mpa,0 Mpa,0.123 Mpa,0.126 Mpa,0.124 Mpa,0.124 Mpa,0.0107 Mpa,0.122 Mpa,0.122 Mpa,0.124 Mpa,1.02 Mpa,0 Mpa,0.115 Mpa,0.115 Mpa,0.115 Mpa,0.116 Mpa,0 Mpa,1612 RPM
2026-07-29 07:00:00,,,,,,0.128 Mpa,0.121 Mpa,0.128 Mpa,1.02 Mpa,0 Mpa,0.123 Mpa,0.119 Mpa,0.124 Mpa,0.119 Mpa,0 Mpa,0.121 Mpa,0.124 Mpa,0.120 Mpa,0.123 Mpa,,0.118 Mpa,0.117 Mpa,0.118 Mpa,0.118 Mpa,0 Mpa,0.114 Mpa,0.114 Mpa,0.112 Mpa,0.115 Mpa,0 Mpa,0.128 Mpa,0.129 Mpa,0.127 Mpa,0.126 Mpa,0 Mpa,0.128 Mpa,0.129 Mpa,0.132 Mpa,0.906 Mpa,0 Mpa,0.131 Mpa,0.135 Mpa,0.133 Mpa,0.132 Mpa,0 Mpa,0.125 Mpa,0.125 Mpa,0.127 Mpa,1.02 Mpa,0 Mpa,0.122 Mpa,0.122 Mpa,0.121 Mpa,0.123 Mpa,0 Mpa,1684 RPM
2026-07-29 09:00:00,,,,,,0.128 Mpa,0.113 Mpa,0.127 Mpa,1.02 Mpa,0 Mpa,0.124 Mpa,0.120 Mpa,0.123 Mpa,0.120 Mpa,0 Mpa,0.124 Mpa,0.127 Mpa,0.124 Mpa,0.126 Mpa,,0.114 Mpa,0.112 Mpa,0.113 Mpa,0.112 Mpa,0.0104 Mpa,0.111 Mpa,0.111 Mpa,0.110 Mpa,0.112 Mpa,0.00862 Mpa,0.127 Mpa,0.127 Mpa,0.126 Mpa,0.125 Mpa,0 Mpa,0.132 Mpa,0.133 Mpa,0.136 Mpa,0.887 Mpa,0 Mpa,0.129 Mpa,0.133 Mpa,0.131 Mpa,0.130 Mpa,0 Mpa,0.120 Mpa,0.120 Mpa,0.121 Mpa,1.02 Mpa,0 Mpa,0.121 Mpa,0.121 Mpa,0.121 Mpa,0.122 Mpa,0 Mpa,1651 RPM
2026-07-29 11:00:00,,,,,,0.124 Mpa,0.110 Mpa,0.123 Mpa,1.02 Mpa,0 Mpa,0.122 Mpa,0.119 Mpa,0.122 Mpa,0.119 Mpa,0 Mpa,0.122 Mpa,0.125 Mpa,0.121 Mpa,0.124 Mpa,,0.104 Mpa,0.100 Mpa,0.101 Mpa,0.100 Mpa,0 Mpa,0.119 Mpa,0.119 Mpa,0.118 Mpa,0.120 Mpa,0 Mpa,0.116 Mpa,0.116 Mpa,0.115 Mpa,0.115 Mpa,0.0377 Mpa,0.131 Mpa,0.132 Mpa,0.135 Mpa,0.883 Mpa,0 Mpa,0.133 Mpa,0.135 Mpa,0.135 Mpa,0.133 Mpa,0 Mpa,0.120 Mpa,0.120 Mpa,0.122 Mpa,1.02 Mpa,0 Mpa,0.120 Mpa,0.119 Mpa,0.120 Mpa,0.121 Mpa,0.0502 Mpa,1509 RPM
2026-07-29 13:00:00,0.116 Mpa,0.118 Mpa,0.117 Mpa,0.117 Mpa,0 Mpa,0.123 Mpa,0.0989 Mpa,0.123 Mpa,1.01 Mpa,0.00501 Mpa,0.113 Mpa,0.110 Mpa,0.113 Mpa,0.110 Mpa,0 Mpa,0.119 Mpa,0.123 Mpa,0.119 Mpa,0.122 Mpa,,0.104 Mpa,0.101 Mpa,0.100 Mpa,0.101 Mpa,0.0274 Mpa,0.114 Mpa,0.114 Mpa,0.112 Mpa,0.115 Mpa,0 Mpa,0.126 Mpa,0.127 Mpa,0.125 Mpa,0.125 Mpa,0 Mpa,0.127 Mpa,0.128 Mpa,0.130 Mpa,0.921 Mpa,0 Mpa,0.134 Mpa,0.136 Mpa,0.136 Mpa,0.133 Mpa,0 Mpa,0.124 Mpa,0.124 Mpa,0.126 Mpa,1.02 Mpa,0 Mpa,,,,,,1619 RPM
2026-07-29 15:00:00,0.125 Mpa,0.127 Mpa,0.127 Mpa,0.127 Mpa,0 Mpa,0.119 Mpa,0.107 Mpa,0.119 Mpa,1.02 Mpa,0 Mpa,0.113 Mpa,0.112 Mpa,0.114 Mpa,0.112 Mpa,0.151 Mpa,0.124 Mpa,0.128 Mpa,0.123 Mpa,0.126 Mpa,,0.113 Mpa,0.112 Mpa,0.112 Mpa,0.113 Mpa,0.0132 Mpa,0.120 Mpa,0.119 Mpa,0.118 Mpa,0.120 Mpa,0 Mpa,0.122 Mpa,0.123 Mpa,0.121 Mpa,0.121 Mpa,0 Mpa,0.124 Mpa,0.125 Mpa,0.128 Mpa,0.963 Mpa,0 Mpa,0.124 Mpa,0.127 Mpa,0.126 Mpa,0.124 Mpa,0.00862 Mpa,0.123 Mpa,0.122 Mpa,0.125 Mpa,1.02 Mpa,0 Mpa,0.120 Mpa,0.119 Mpa,0.119 Mpa,0.119 Mpa,0 Mpa,1756 RPM
2026-07-29 17:00:00,0.119 Mpa,0.121 Mpa,0.121 Mpa,0.121 Mpa,0 Mpa,0.117 Mpa,0.108 Mpa,0.117 Mpa,1.02 Mpa,0 Mpa,0.116 Mpa,0.114 Mpa,0.116 Mpa,0.113 Mpa,0 Mpa,0.116 Mpa,0.119 Mpa,0.115 Mpa,0.117 Mpa,,0.113 Mpa,0.113 Mpa,0.113 Mpa,0.114 Mpa,0 Mpa,0.114 Mpa,0.114 Mpa,0.113 Mpa,0.115 Mpa,0 Mpa,0.123 Mpa,0.125 Mpa,0.123 Mpa,0.122 Mpa,0 Mpa,0.126 Mpa,0.126 Mpa,0.130 Mpa,0.955 Mpa,0 Mpa,0.125 Mpa,0.128 Mpa,0.127 Mpa,0.126 Mpa,0.00770 Mpa,0.121 Mpa,0.121 Mpa,0.122 Mpa,1.01 Mpa,0.00633 Mpa,0.120 Mpa,0.120 Mpa,0.119 Mpa,0.122 Mpa,0.0203 Mpa,1695 RPM
2026-07-29 19:00:00,0.122 Mpa,0.124 Mpa,0.123 Mpa,0.123 Mpa,0 Mpa,0.115 Mpa,0.0942 Mpa,0.115 Mpa,1.02 Mpa,0 Mpa,,,,,,0.121 Mpa,0.125 Mpa,0.119 Mpa,0.124 Mpa,,0.119 Mpa,0.116 Mpa,0.118 Mpa,0.117 Mpa,0 Mpa,0.116 Mpa,0.116 Mpa,0.115 Mpa,0.117 Mpa,0 Mpa,0.126 Mpa,0.127 Mpa,0.125 Mpa,0.124 Mpa,0 Mpa,0.129 Mpa,0.130 Mpa,0.132 Mpa,0.954 Mpa,0 Mpa,0.124 Mpa,0.128 Mpa,0.126 Mpa,0.125 Mpa,0 Mpa,0.119 Mpa,0.118 Mpa,0.120 Mpa,1.02 Mpa,0 Mpa,0.118 Mpa,0.118 Mpa,0.117 Mpa,0.120 Mpa,0 Mpa,1771 RPM
2026-07-29 21:00:00,0.129 Mpa,0.131 Mpa,0.131 Mpa,0.131 Mpa,0 Mpa,0.117 Mpa,0.109 Mpa,0.117 Mpa,1.02 Mpa,0 Mpa,,,,,,0.118 Mpa,0.122 Mpa,0.116 Mpa,0.120 Mpa,,0.117 Mpa,0.115 Mpa,0.116 Mpa,0.115 Mpa,0 Mpa,0.116 Mpa,0.116 Mpa,0.114 Mpa,0.117 Mpa,0 Mpa,0.131 Mpa,0.132 Mpa,0.130 Mpa,0.129 Mpa,0 Mpa,0.127 Mpa,0.127 Mpa,0.129 Mpa,0.982 Mpa,0.00719 Mpa,0.122 Mpa,0.126 Mpa,0.124 Mpa,0.124 Mpa,0 Mpa,0.123 Mpa,0.122 Mpa,0.125 Mpa,1.02 Mpa,0 Mpa,0.117 Mpa,0.118 Mpa,0.117 Mpa,0.119 Mpa,0 Mpa,1750 RPM
2026-07-29 23:00:00,0.124 Mpa,0.126 Mpa,0.126 Mpa,0.126 Mpa,0.00496 Mpa,0.119 Mpa,0.0837 Mpa,0.119 Mpa,1.02 Mpa,0 Mpa,,,,,,0.122 Mpa,0.127 Mpa,0.120 Mpa,0.124 Mpa,,0.116 Mpa,0.113 Mpa,0.114 Mpa,0.114 Mpa,0.0121 Mpa,0.123 Mpa,0.124 Mpa,0.122 Mpa,0.124 Mpa,0 Mpa,0.127 Mpa,0.129 Mpa,0.127 Mpa,0.127 Mpa,0 Mpa,0.124 Mpa,0.125 Mpa,0.127 Mpa,0.965 Mpa,0 Mpa,0.123 Mpa,0.126 Mpa,0.124 Mpa,0.123 Mpa,0 Mpa,0.120 Mpa,0.120 Mpa,0.122 Mpa,1.02 Mpa,0 Mpa,0.115 Mpa,0.115 Mpa,0.114 Mpa,0.116 Mpa,0 Mpa,1731 RPM
2026-07-30 01:00:00,0.119 Mpa,0.122 Mpa,0.121 Mpa,0.121 Mpa,0 Mpa,0.118 Mpa,0.0983 Mpa,0.118 Mpa,1.02 Mpa,0 Mpa,,,,,,0.117 Mpa,0.121 Mpa,0.116 Mpa,0.119 Mpa,,0.119 Mpa,0.117 Mpa,0.118 Mpa,0.118 Mpa,0 Mpa,0.119 Mpa,0.119 Mpa,0.116 Mpa,0.120 Mpa,0 Mpa,0.130 Mpa,0.130 Mpa,0.128 Mpa,0.128 Mpa,0 Mpa,0.125 Mpa,0.126 Mpa,0.128 Mpa,0.953 Mpa,0 Mpa,0.126 Mpa,0.129 Mpa,0.128 Mpa,0.127 Mpa,0 Mpa,0.113 Mpa,0.112 Mpa,0.115 Mpa,1.01 Mpa,0.00665 Mpa,0.124 Mpa,0.124 Mpa,0.125 Mpa,0.125 Mpa,0 Mpa,1704 RPM
2026-07-30 03:00:00,0.121 Mpa,0.122 Mpa,0.122 Mpa,0.121 Mpa,0 Mpa,0.119 Mpa,0.100 Mpa,0.119 Mpa,1.01 Mpa,0.0136 Mpa,,,,,,0.119 Mpa,0.123 Mpa,0.118 Mpa,0.121 Mpa,,0.120 Mpa,0.117 Mpa,0.119 Mpa,0.118 Mpa,0 Mpa,0.113 Mpa,0.113 Mpa,0.111 Mpa,0.114 Mpa,0 Mpa,0.125 Mpa,0.127 Mpa,0.124 Mpa,0.124 Mpa,0 Mpa,0.119 Mpa,0.121 Mpa,0.122 Mpa,0.950 Mpa,0 Mpa,0.122 Mpa,0.124 Mpa,0.123 Mpa,0.122 Mpa,0 Mpa,0.119 Mpa,0.118 Mpa,0.121 Mpa,1.01 Mpa,0.00807 Mpa,0.127 Mpa,0.126 Mpa,0.129 Mpa,0.128 Mpa,0 Mpa,1728 RPM
2026-07-30 05:00:00,0.121 Mpa,0.123 Mpa,0.123 Mpa,0.123 Mpa,0 Mpa,0.116 Mpa,0.101 Mpa,0.117 Mpa,1.01 Mpa,0.0199 Mpa,,,,,,0.114 Mpa,0.118 Mpa,0.114 Mpa,0.116 Mpa,,0.122 Mpa,0.120 Mpa,0.121 Mpa,0.120 Mpa,0 Mpa,0.110 Mpa,0.110 Mpa,0.108 Mpa,0.111 Mpa,0.00839 Mpa,0.127 Mpa,0.130 Mpa,0.126 Mpa,0.125 Mpa,0 Mpa,0.120 Mpa,0.121 Mpa,0.123 Mpa,0.940 Mpa,0 Mpa,0.116 Mpa,0.118 Mpa,0.117 Mpa,0.116 Mpa,0 Mpa,0.118 Mpa,0.116 Mpa,0.119 Mpa,1.02 Mpa,0 Mpa,0.120 Mpa,0.120 Mpa,0.119 Mpa,0.121 Mpa,0.0236 Mpa,1612 RPM
2026-07-30 07:00:00,0.126 Mpa,0.128 Mpa,0.128 Mpa,0.127 Mpa,0 Mpa,0.121 Mpa,0.0875 Mpa,0.121 Mpa,1.02 Mpa,0 Mpa,0.118 Mpa,0.115 Mpa,0.117 Mpa,0.114 Mpa,0 Mpa,0.122 Mpa,0.125 Mpa,0.120 Mpa,0.123 Mpa,,0.121 Mpa,0.119 Mpa,0.120 Mpa,0.120 Mpa,0 Mpa,0.112 Mpa,0.113 Mpa,0.111 Mpa,0.113 Mpa,0 Mpa,0.119 Mpa,0.126 Mpa,0.118 Mpa,0.117 Mpa,0 Mpa,0.126 Mpa,0.128 Mpa,0.130 Mpa,0.933 Mpa,0 Mpa,0.128 Mpa,0.131 Mpa,0.129 Mpa,0.128 Mpa,0 Mpa,0.124 Mpa,0.123 Mpa,0.126 Mpa,1.02 Mpa,0 Mpa,0.118 Mpa,0.118 Mpa,0.118 Mpa,0.120 Mpa,0 Mpa,1674 RPM
2026-07-30 09:00:00,0.120 Mpa,0.122 Mpa,0.121 Mpa,0.121 Mpa,0 Mpa,0.121 Mpa,0.100 Mpa,0.121 Mpa,1.000 Mpa,0 Mpa,0.121 Mpa,0.119 Mpa,0.120 Mpa,0.118 Mpa,0 Mpa,0.116 Mpa,0.119 Mpa,0.115 Mpa,0.117 Mpa,,0.120 Mpa,0.117 Mpa,0.120 Mpa,0.118 Mpa,0 Mpa,0.117 Mpa,0.117 Mpa,0.116 Mpa,0.118 Mpa,0 Mpa,0.122 Mpa,0.125 Mpa,0.122 Mpa,0.122 Mpa,0.00773 Mpa,0.128 Mpa,0.129 Mpa,0.132 Mpa,0.931 Mpa,0 Mpa,0.127 Mpa,0.130 Mpa,0.128 Mpa,0.127 Mpa,0 Mpa,0.113 Mpa,0.113 Mpa,0.114 Mpa,1.01 Mpa,0.0114 Mpa,0.123 Mpa,0.123 Mpa,0.122 Mpa,0.125 Mpa,0 Mpa,1603 RPM
2026-07-30 11:00:00,0.123 Mpa,0.124 Mpa,0.124 Mpa,0.124 Mpa,0 Mpa,0.122 Mpa,0.0987 Mpa,0.122 Mpa,1.02 Mpa,0 Mpa,0.123 Mpa,0.121 Mpa,0.123 Mpa,0.122 Mpa,0 Mpa,0.121 Mpa,0.126 Mpa,0.120 Mpa,0.124 Mpa,,0.121 Mpa,0.119 Mpa,0.121 Mpa,0.120 Mpa,0 Mpa,0.121 Mpa,0.120 Mpa,0.120 Mpa,0.121 Mpa,0 Mpa,0.121 Mpa,0.123 Mpa,0.121 Mpa,0.120 Mpa,0 Mpa,0.129 Mpa,0.131 Mpa,0.132 Mpa,0.901 Mpa,0.00749 Mpa,0.124 Mpa,0.128 Mpa,0.126 Mpa,0.125 Mpa,0 Mpa,0.131 Mpa,0.131 Mpa,0.131 Mpa,1.02 Mpa,0 Mpa,0.124 Mpa,0.125 Mpa,0.127 Mpa,0.127 Mpa,0 Mpa,1752 RPM
2026-07-30 13:00:00,0.117 Mpa,0.119 Mpa,0.118 Mpa,0.118 Mpa,0 Mpa,0.120 Mpa,0.109 Mpa,0.120 Mpa,1.02 Mpa,0 Mpa,0.115 Mpa,0.112 Mpa,0.115 Mpa,0.112 Mpa,0 Mpa,0.117 Mpa,0.120 Mpa,0.116 Mpa,0.118 Mpa,,0.122 Mpa,0.120 Mpa,0.121 Mpa,0.121 Mpa,0 Mpa,0.117 Mpa,0.116 Mpa,0.114 Mpa,0.116 Mpa,0.0115 Mpa,0.129 Mpa,0.131 Mpa,0.128 Mpa,0.127 Mpa,0 Mpa,0.127 Mpa,0.128 Mpa,0.130 Mpa,0.937 Mpa,0 Mpa,0.122 Mpa,0.126 Mpa,0.123 Mpa,0.123 Mpa,0 Mpa,,,,,,0.120 Mpa,0.120 Mpa,0.120 Mpa,0.122 Mpa,0 Mpa,1557 RPM
2026-07-30 15:00:00,0.109 Mpa,0.109 Mpa,0.109 Mpa,0.109 Mpa,0.0160 Mpa,0.116 Mpa,0.109 Mpa,0.116 Mpa,1.02 Mpa,0 Mpa,0.122 Mpa,0.120 Mpa,0.122 Mpa,0.119 Mpa,0 Mpa,0.112 Mpa,0.115 Mpa,0.112 Mpa,0.114 Mpa,,0.122 Mpa,0.121 Mpa,0.121 Mpa,0.121 Mpa,0 Mpa,0.111 Mpa,0.111 Mpa,0.110 Mpa,0.112 Mpa,0 Mpa,0.124 Mpa,0.127 Mpa,0.124 Mpa,0.123 Mpa,0 Mpa,0.116 Mpa,0.116 Mpa,0.118 Mpa,0.976 Mpa,0 Mpa,0.134 Mpa,0.138 Mpa,0.135 Mpa,0.134 Mpa,0 Mpa,,,,,,0.122 Mpa,0.122 Mpa,0.122 Mpa,0.125 Mpa,0 Mpa,1552 RPM
2026-07-30 17:00:00,0.124 Mpa,0.125 Mpa,0.125 Mpa,0.125 Mpa,0 Mpa,0.119 Mpa,0.107 Mpa,0.119 Mpa,1.01 Mpa,0.0190 Mpa,0.123 Mpa,0.120 Mpa,0.123 Mpa,0.119 Mpa,0 Mpa,0.113 Mpa,0.117 Mpa,0.113 Mpa,0.116 Mpa,,0.121 Mpa,0.120 Mpa,0.121 Mpa,0.121 Mpa,0 Mpa,0.117 Mpa,0.116 Mpa,0.115 Mpa,0.116 Mpa,0.0109 Mpa,0.123 Mpa,0.126 Mpa,0.122 Mpa,0.121 Mpa,0 Mpa,0.125 Mpa,0.126 Mpa,0.127 Mpa,0.930 Mpa,0 Mpa,0.125 Mpa,0.129 Mpa,0.126 Mpa,0.126 Mpa,0.00858 Mpa,,,,,,0.120 Mpa,0.121 Mpa,0.120 Mpa,0.122 Mpa,0.00941 Mpa,1673 RPM
2026-07-30 19:00:00,0.128 Mpa,0.130 Mpa,0.129 Mpa,0.129 Mpa,0 Mpa,,,,,,0.122 Mpa,0.119 Mpa,0.122 Mpa,0.118 Mpa,0 Mpa,0.120 Mpa,0.123 Mpa,0.118 Mpa,0.121 Mpa,,0.121 Mpa,0.119 Mpa,0.121 Mpa,0.121 Mpa,0 Mpa,0.119 Mpa,0.118 Mpa,0.117 Mpa,0.119 Mpa,0 Mpa,0.124 Mpa,0.127 Mpa,0.123 Mpa,0.123 Mpa,0 Mpa,0.129 Mpa,0.131 Mpa,0.134 Mpa,0.887 Mpa,0 Mpa,0.128 Mpa,0.131 Mpa,0.129 Mpa,0.129 Mpa,0 Mpa,,,,,,0.120 Mpa,0.121 Mpa,0.121 Mpa,0.122 Mpa,0 Mpa,1809 RPM
2026-07-30 21:00:00,0.130 Mpa,0.132 Mpa,0.132 Mpa,0.132 Mpa,0 Mpa,,,,,,0.122 Mpa,0.118 Mpa,0.122 Mpa,0.118 Mpa,0 Mpa,0.116 Mpa,0.119 Mpa,0.115 Mpa,0.118 Mpa,,0.121 Mpa,0.119 Mpa,0.120 Mpa,0.120 Mpa,0 Mpa,0.100 Mpa,0.100 Mpa,0.100 Mpa,0.100 Mpa,0.00969 Mpa,0.122 Mpa,0.125 Mpa,0.122 Mpa,0.121 Mpa,0 Mpa,0.133 Mpa,0.133 Mpa,0.137 Mpa,0.890 Mpa,0 Mpa,0.126 Mpa,0.129 Mpa,0.128 Mpa,0.127 Mpa,0 Mpa,,,,,,0.122 Mpa,0.122 Mpa,0.121 Mpa,0.123 Mpa,0 Mpa,1760 RPM
2026-07-30 23:00:00,0.123 Mpa,0.125 Mpa,0.125 Mpa,0.124 Mpa,0.0233 Mpa,,,,,,0.123 Mpa,0.120 Mpa,0.123 Mpa,0.119 Mpa,0.0119 Mpa,0.120 Mpa,0.124 Mpa,0.119 Mpa,0.122 Mpa,,0.120 Mpa,0.118 Mpa,0.119 Mpa,0.120 Mpa,0.0140 Mpa,0.121 Mpa,0.120 Mpa,0.120 Mpa,0.121 Mpa,0 Mpa,0.125 Mpa,0.125 Mpa,0.125 Mpa,0.123 Mpa,0.00566 Mpa,0.127 Mpa,0.127 Mpa,0.130 Mpa,0.901 Mpa,0.0551 Mpa,0.123 Mpa,0.125 Mpa,0.125 Mpa,0.124 Mpa,0 Mpa,0.136 Mpa,0.135 Mpa,0.136 Mpa,1.01 Mpa,0.0213 Mpa,0.120 Mpa,0.119 Mpa,0.120 Mpa,0.121 Mpa,0 Mpa,1734 RPM
2026-07-31 01:00:00,0.125 Mpa,0.125 Mpa,0.126 Mpa,0.125 Mpa,0 Mpa,0.112 Mpa,0.112 Mpa,0.112 Mpa,0.924 Mpa,0.250 Mpa,0.127 Mpa,0.123 Mpa,0.125 Mpa,0.122 Mpa,0 Mpa,0.113 Mpa,0.115 Mpa,0.112 Mpa,0.114 Mpa,,0.121 Mpa,0.119 Mpa,0.121 Mpa,0.120 Mpa,0 Mpa,0.113 Mpa,0.113 Mpa,0.111 Mpa,0.114 Mpa,0.0162 Mpa,0.123 Mpa,0.124 Mpa,0.123 Mpa,0.123 Mpa,0.0513 Mpa,0.130 Mpa,0.131 Mpa,0.134 Mpa,0.905 Mpa,0 Mpa,0.126 Mpa,0.128 Mpa,0.128 Mpa,0.127 Mpa,0 Mpa,0.146 Mpa,0.145 Mpa,0.146 Mpa,1.00 Mpa,0.0301 Mpa,0.117 Mpa,0.117 Mpa,0.117 Mpa,0.119 Mpa,0 Mpa,1659 RPM
2026-07-31 03:00:00,0.120 Mpa,0.121 Mpa,0.121 Mpa,0.120 Mpa,0 Mpa,0.118 Mpa,0.101 Mpa,0.118 Mpa,1.02 Mpa,0 Mpa,0.119 Mpa,0.117 Mpa,0.119 Mpa,0.116 Mpa,0 Mpa,0.117 Mpa,0.120 Mpa,0.117 Mpa,0.118 Mpa,,0.119 Mpa,0.117 Mpa,0.119 Mpa,0.118 Mpa,0 Mpa,0.105 Mpa,0.105 Mpa,0.104 Mpa,0.106 Mpa,0 Mpa,,,,,,0.123 Mpa,0.124 Mpa,0.126 Mpa,0.911 Mpa,0 Mpa,0.126 Mpa,0.129 Mpa,0.128 Mpa,0.127 Mpa,0 Mpa,0.142 Mpa,0.140 Mpa,0.143 Mpa,1.02 Mpa,0 Mpa,0.118 Mpa,0.118 Mpa,0.117 Mpa,0.119 Mpa,0 Mpa,1684 RPM
2026-07-31 05:00:00,0.120 Mpa,0.121 Mpa,0.121 Mpa,0.121 Mpa,0 Mpa,0.120 Mpa,0.102 Mpa,0.121 Mpa,1.01 Mpa,0.0179 Mpa,0.123 Mpa,0.120 Mpa,0.122 Mpa,0.119 Mpa,0 Mpa,0.121 Mpa,0.124 Mpa,0.121 Mpa,0.122 Mpa,,0.112 Mpa,0.111 Mpa,0.110 Mpa,0.111 Mpa,0 Mpa,0.112 Mpa,0.113 Mpa,0.110 Mpa,0.113 Mpa,0 Mpa,,,,,,0.125 Mpa,0.126 Mpa,0.128 Mpa,0.903 Mpa,0 Mpa,0.122 Mpa,0.123 Mpa,0.122 Mpa,0.121 Mpa,0 Mpa,0.136 Mpa,0.135 Mpa,0.138 Mpa,1.01 Mpa,0.00685 Mpa,0.123 Mpa,0.123 Mpa,0.123 Mpa,0.125 Mpa,0.00784 Mpa,1676 RPM
2026-07-31 07:00:00,0.119 Mpa,0.121 Mpa,0.120 Mpa,0.121 Mpa,0.00456 Mpa,0.124 Mpa,0.109 Mpa,0.124 Mpa,1.02 Mpa,0 Mpa,0.126 Mpa,0.123 Mpa,0.126 Mpa,0.123 Mpa,0 Mpa,0.117 Mpa,0.121 Mpa,0.117 Mpa,0.120 Mpa,,0.123 Mpa,0.121 Mpa,0.122 Mpa,0.122 Mpa,0 Mpa,0.119 Mpa,0.118 Mpa,0.117 Mpa,0.119 Mpa,0 Mpa,,,,,,0.129 Mpa,0.131 Mpa,0.134 Mpa,0.909 Mpa,0 Mpa,0.128 Mpa,0.131 Mpa,0.129 Mpa,0.128 Mpa,0 Mpa,0.129 Mpa,0.128 Mpa,0.131 Mpa,1.02 Mpa,0 Mpa,0.123 Mpa,0.123 Mpa,0.122 Mpa,0.124 Mpa,0 Mpa,1771 RPM
2026-07-31 09:00:00,0.129 Mpa,0.131 Mpa,0.131 Mpa,0.131 Mpa,0 Mpa,0.122 Mpa,0.0997 Mpa,0.122 Mpa,1.02 Mpa,0 Mpa,0.127 Mpa,0.124 Mpa,0.127 Mpa,0.124 Mpa,0 Mpa,0.120 Mpa,0.123 Mpa,0.119 Mpa,0.122 Mpa,,0.117 Mpa,0.116 Mpa,0.117 Mpa,0.117 Mpa,0 Mpa,0.116 Mpa,0.115 Mpa,0.114 Mpa,0.116 Mpa,0 Mpa,,,,,,0.128 Mpa,0.129 Mpa,0.132 Mpa,0.913 Mpa,0 Mpa,0.127 Mpa,0.130 Mpa,0.129 Mpa,0.128 Mpa,0 Mpa,0.126 Mpa,0.125 Mpa,0.127 Mpa,1.02 Mpa,0 Mpa,0.127 Mpa,0.127 Mpa,0.127 Mpa,0.129 Mpa,0 Mpa,1783 RPM
2026-07-31 11:00:00,0.128 Mpa,0.130 Mpa,0.130 Mpa,0.129 Mpa,0 Mpa,0.118 Mpa,0.104 Mpa,0.119 Mpa,1.02 Mpa,0 Mpa,0.120 Mpa,0.117 Mpa,0.119 Mpa,0.117 Mpa,0 Mpa,0.106 Mpa,0.108 Mpa,0.106 Mpa,0.108 Mpa,,0.118 Mpa,0.117 Mpa,0.118 Mpa,0.118 Mpa,0 Mpa,0.117 Mpa,0.116 Mpa,0.116 Mpa,0.118 Mpa,0 Mpa,0.126 Mpa,0.127 Mpa,0.125 Mpa,0.125 Mpa,0.0222 Mpa,0.127 Mpa,0.129 Mpa,0.132 Mpa,0.898 Mpa,0 Mpa,0.128 Mpa,0.130 Mpa,0.129 Mpa,0.128 Mpa,0 Mpa,0.125 Mpa,0.124 Mpa,0.127 Mpa,1.02 Mpa,0 Mpa,0.123 Mpa,0.123 Mpa,0.122 Mpa,0.124 Mpa,0 Mpa,1673 RPM
2026-07-31 13:00:00,0.121 Mpa,0.123 Mpa,0.123 Mpa,0.123 Mpa,0.0129 Mpa,0.121 Mpa,0.110 Mpa,0.121 Mpa,1.02 Mpa,0 Mpa,0.119 Mpa,0.116 Mpa,0.119 Mpa,0.116 Mpa,0 Mpa,0.112 Mpa,0.115 Mpa,0.111 Mpa,0.114 Mpa,,0.124 Mpa,0.122 Mpa,0.124 Mpa,0.123 Mpa,0 Mpa,0.118 Mpa,0.117 Mpa,0.116 Mpa,0.118 Mpa,0.0116 Mpa,0.124 Mpa,0.125 Mpa,0.123 Mpa,0.122 Mpa,0 Mpa,0.124 Mpa,0.126 Mpa,0.127 Mpa,0.902 Mpa,0.0152 Mpa,0.120 Mpa,0.123 Mpa,0.121 Mpa,0.120 Mpa,0 Mpa,0.125 Mpa,0.124 Mpa,0.126 Mpa,1.02 Mpa,0 Mpa,0.123 Mpa,0.122 Mpa,0.122 Mpa,0.124 Mpa,0.0106 Mpa,1697 RPM
2026-07-31 15:00:00,0.125 Mpa,0.127 Mpa,0.126 Mpa,0.127 Mpa,0 Mpa,0.123 Mpa,0.108 Mpa,0.122 Mpa,1.02 Mpa,0 Mpa,0.120 Mpa,0.117 Mpa,0.119 Mpa,0.117 Mpa,0 Mpa,0.124 Mpa,0.129 Mpa,0.122 Mpa,0.126 Mpa,,0.121 Mpa,0.119 Mpa,0.121 Mpa,0.120 Mpa,0 Mpa,0.114 Mpa,0.113 Mpa,0.113 Mpa,0.114 Mpa,0 Mpa,0.128 Mpa,0.133 Mpa,0.127 Mpa,0.126 Mpa,0 Mpa,0.126 Mpa,0.127 Mpa,0.130 Mpa,0.948 Mpa,0 Mpa,0.128 Mpa,0.130 Mpa,0.129 Mpa,0.128 Mpa,0 Mpa,0.120 Mpa,0.120 Mpa,0.123 Mpa,1.02 Mpa,0 Mpa,0.117 Mpa,0.117 Mpa,0.117 Mpa,0.119 Mpa,0 Mpa,1682 RPM
2026-07-31 17:00:00,0.121 Mpa,0.122 Mpa,0.122 Mpa,0.122 Mpa,0 Mpa,0.120 Mpa,0.104 Mpa,0.120 Mpa,1.02 Mpa,0 Mpa,0.119 Mpa,0.116 Mpa,0.119 Mpa,0.115 Mpa,0 Mpa,0.107 Mpa,0.111 Mpa,0.107 Mpa,0.110 Mpa,,0.118 Mpa,0.117 Mpa,0.117 Mpa,0.118 Mpa,0 Mpa,0.106 Mpa,0.107 Mpa,0.105 Mpa,0.107 Mpa,0 Mpa,0.123 Mpa,0.126 Mpa,0.122 Mpa,0.122 Mpa,0 Mpa,0.126 Mpa,0.126 Mpa,0.130 Mpa,0.930 Mpa,0 Mpa,0.121 Mpa,0.123 Mpa,0.122 Mpa,0.122 Mpa,0.00876 Mpa,0.121 Mpa,0.120 Mpa,0.123 Mpa,1.01 Mpa,0.00735 Mpa,0.113 Mpa,0.114 Mpa,0.113 Mpa,0.114 Mpa,0 Mpa,1580 RPM
2026-07-31 19:00:00,0.122 Mpa,0.123 Mpa,0.124 Mpa,0.124 Mpa,0 Mpa,0.119 Mpa,0.112 Mpa,0.119 Mpa,1.02 Mpa,0 Mpa,0.118 Mpa,0.115 Mpa,0.118 Mpa,0.114 Mpa,0 Mpa,0.116 Mpa,0.119 Mpa,0.115 Mpa,0.117 Mpa,,0.121 Mpa,0.119 Mpa,0.121 Mpa,0.120 Mpa,0 Mpa,0.101 Mpa,0.103 Mpa,0.100 Mpa,0.103 Mpa,0 Mpa,0.124 Mpa,0.127 Mpa,0.124 Mpa,0.123 Mpa,0 Mpa,0.127 Mpa,0.128 Mpa,0.131 Mpa,0.949 Mpa,0 Mpa,0.127 Mpa,0.129 Mpa,0.129 Mpa,0.127 Mpa,0 Mpa,0.120 Mpa,0.119 Mpa,0.121 Mpa,1.02 Mpa,0 Mpa,0.117 Mpa,0.117 Mpa,0.118 Mpa,0.117 Mpa,0 Mpa,1720 RPM
2026-07-31 21:00:00,0.122 Mpa,0.123 Mpa,0.124 Mpa,0.123 Mpa,0 Mpa,0.117 Mpa,0.110 Mpa,0.117 Mpa,1.02 Mpa,0 Mpa,0.114 Mpa,0.112 Mpa,0.114 Mpa,0.111 Mpa,0 Mpa,0.116 Mpa,0.117 Mpa,0.116 Mpa,0.117 Mpa,,0.121 Mpa,0.119 Mpa,0.121 Mpa,0.121 Mpa,0 Mpa,0.108 Mpa,0.110 Mpa,0.107 Mpa,0.110 Mpa,0.00894 Mpa,0.126 Mpa,0.128 Mpa,0.126 Mpa,0.125 Mpa,0 Mpa,0.128 Mpa,0.129 Mpa,0.131 Mpa,0.938 Mpa,0.0139 Mpa,0.126 Mpa,0.129 Mpa,0.127 Mpa,0.127 Mpa,0 Mpa,0.121 Mpa,0.119 Mpa,0.122 Mpa,1.02 Mpa,0 Mpa,0.122 Mpa,0.122 Mpa,0.122 Mpa,0.123 Mpa,0 Mpa,1695 RPM
2026-07-31 23:00:00,0.122 Mpa,0.123 Mpa,0.124 Mpa,0.123 Mpa,0.0188 Mpa,0.119 Mpa,0.0871 Mpa,0.119 Mpa,1.02 Mpa,0 Mpa,0.114 Mpa,0.112 Mpa,0.113 Mpa,0.112 Mpa,0.00613 Mpa,0.115 Mpa,0.117 Mpa,0.115 Mpa,0.116 Mpa,,0.120 Mpa,0.119 Mpa,0.120 Mpa,0.119 Mpa,0.0119 Mpa,0.115 Mpa,0.116 Mpa,0.113 Mpa,0.117 Mpa,0.0248 Mpa,0.126 Mpa,0.128 Mpa,0.125 Mpa,0.125 Mpa,0 Mpa,0.129 Mpa,0.130 Mpa,0.132 Mpa,0.941 Mpa,0 Mpa,0.129 Mpa,0.132 Mpa,0.131 Mpa,0.130 Mpa,0 Mpa,0.121 Mpa,0.120 Mpa,0.123 Mpa,1.01 Mpa,0.00635 Mpa,0.123 Mpa,0.123 Mpa,0.122 Mpa,0.124 Mpa,0 Mpa,1741 RPM
2026-08-01 01:00:00,0.123 Mpa,0.124 Mpa,0.125 Mpa,0.124 Mpa,0 Mpa,0.115 Mpa,0.0959 Mpa,0.115 Mpa,1.01 Mpa,0.0155 Mpa,0.115 Mpa,0.112 Mpa,0.116 Mpa,0.112 Mpa,0 Mpa,0.107 Mpa,0.109 Mpa,0.107 Mpa,0.108 Mpa,,0.118 Mpa,0.118 Mpa,0.118 Mpa,0.118 Mpa,0 Mpa,0.122 Mpa,0.123 Mpa,0.120 Mpa,0.123 Mpa,0 Mpa,0.128 Mpa,0.130 Mpa,0.126 Mpa,0.126 Mpa,0.0241 Mpa,0.126 Mpa,0.127 Mpa,0.129 Mpa,0.937 Mpa,0 Mpa,0.130 Mpa,0.133 Mpa,0.132 Mpa,0.131 Mpa,0 Mpa,0.122 Mpa,0.121 Mpa,0.123 Mpa,1.02 Mpa,0 Mpa,0.119 Mpa,0.120 Mpa,0.119 Mpa,0.121 Mpa,0 Mpa,1684 RPM
2026-08-01 03:00:00,0.122 Mpa,0.124 Mpa,0.124 Mpa,0.124 Mpa,0 Mpa,0.117 Mpa,0.110 Mpa,0.118 Mpa,1.02 Mpa,0 Mpa,0.111 Mpa,0.108 Mpa,0.111 Mpa,0.108 Mpa,0.0282 Mpa,0.110 Mpa,0.113 Mpa,0.110 Mpa,0.112 Mpa,,0.116 Mpa,0.116 Mpa,0.116 Mpa,0.116 Mpa,0 Mpa,0.120 Mpa,0.120 Mpa,0.118 Mpa,0.121 Mpa,0 Mpa,0.125 Mpa,0.130 Mpa,0.125 Mpa,0.124 Mpa,0 Mpa,0.126 Mpa,0.127 Mpa,0.129 Mpa,0.914 Mpa,0 Mpa,0.124 Mpa,0.126 Mpa,0.125 Mpa,0.125 Mpa,0 Mpa,0.123 Mpa,0.122 Mpa,0.125 Mpa,1.02 Mpa,0 Mpa,0.121 Mpa,0.121 Mpa,0.120 Mpa,0.122 Mpa,0 Mpa,1746 RPM
2026-08-01 05:00:00,0.121 Mpa,0.122 Mpa,0.123 Mpa,0.122 Mpa,0 Mpa,0.118 Mpa,0.107 Mpa,0.118 Mpa,1.01 Mpa,0 Mpa,0.115 Mpa,0.114 Mpa,0.116 Mpa,0.113 Mpa,0 Mpa,0.114 Mpa,0.116 Mpa,0.114 Mpa,0.115 Mpa,,0.116 Mpa,0.115 Mpa,0.116 Mpa,0.116 Mpa,0 Mpa,0.116 Mpa,0.116 Mpa,0.115 Mpa,0.117 Mpa,0 Mpa,0.125 Mpa,0.129 Mpa,0.124 Mpa,0.124 Mpa,0 Mpa,0.124 Mpa,0.125 Mpa,0.128 Mpa,0.920 Mpa,0 Mpa,0.122 Mpa,0.125 Mpa,0.124 Mpa,0.123 Mpa,0.00726 Mpa,0.122 Mpa,0.120 Mpa,0.123 Mpa,1.01 Mpa,0.00643 Mpa,0.123 Mpa,0.123 Mpa,0.122 Mpa,0.124 Mpa,0.00676 Mpa,1682 RPM
2026-08-01 07:00:00,0.126 Mpa,0.127 Mpa,0.128 Mpa,0.127 Mpa,0 Mpa,0.120 Mpa,0.112 Mpa,0.120 Mpa,1.02 Mpa,0 Mpa,0.118 Mpa,0.115 Mpa,0.118 Mpa,0.114 Mpa,0 Mpa,0.116 Mpa,0.118 Mpa,0.115 Mpa,0.117 Mpa,,0.121 Mpa,0.119 Mpa,0.121 Mpa,0.120 Mpa,0 Mpa,0.114 Mpa,0.114 Mpa,0.112 Mpa,0.115 Mpa,0 Mpa,0.122 Mpa,0.124 Mpa,0.122 Mpa,0.121 Mpa,0 Mpa,0.130 Mpa,0.131 Mpa,0.134 Mpa,0.906 Mpa,0 Mpa,0.130 Mpa,0.133 Mpa,0.132 Mpa,0.131 Mpa,0 Mpa,0.124 Mpa,0.122 Mpa,0.125 Mpa,1.02 Mpa,0 Mpa,0.125 Mpa,0.126 Mpa,0.125 Mpa,0.128 Mpa,0 Mpa,1768 RPM
2026-08-01 09:00:00,0.128 Mpa,0.129 Mpa,0.130 Mpa,0.130 Mpa,0 Mpa,0.119 Mpa,0.116 Mpa,0.119 Mpa,1.02 Mpa,0 Mpa,0.119 Mpa,0.116 Mpa,0.119 Mpa,0.116 Mpa,0 Mpa,0.120 Mpa,0.122 Mpa,0.119 Mpa,0.121 Mpa,,0.119 Mpa,0.118 Mpa,0.120 Mpa,0.119 Mpa,0 Mpa,0.119 Mpa,0.119 Mpa,0.117 Mpa,0.120 Mpa,0 Mpa,0.125 Mpa,0.127 Mpa,0.124 Mpa,0.124 Mpa,0 Mpa,0.128 Mpa,0.129 Mpa,0.132 Mpa,0.916 Mpa,0 Mpa,0.128 Mpa,0.132 Mpa,0.130 Mpa,0.129 Mpa,0 Mpa,0.120 Mpa,0.119 Mpa,0.122 Mpa,1.02 Mpa,0 Mpa,0.125 Mpa,0.126 Mpa,0.125 Mpa,0.128 Mpa,0 Mpa,1807 RPM
2026-08-01 11:00:00,0.129 Mpa,0.131 Mpa,0.131 Mpa,0.131 Mpa,0 Mpa,0.117 Mpa,0.105 Mpa,0.117 Mpa,0.996 Mpa,0 Mpa,0.119 Mpa,0.116 Mpa,0.118 Mpa,0.116 Mpa,0 Mpa,0.127 Mpa,0.129 Mpa,0.125 Mpa,0.127 Mpa,,0.115 Mpa,0.113 Mpa,0.115 Mpa,0.114 Mpa,0.0129 Mpa,0.114 Mpa,0.114 Mpa,0.113 Mpa,0.116 Mpa,0.00772 Mpa,0.122 Mpa,0.124 Mpa,0.121 Mpa,0.121 Mpa,0.00680 Mpa,0.127 Mpa,0.129 Mpa,0.131 Mpa,0.898 Mpa,0 Mpa,0.131 Mpa,0.135 Mpa,0.133 Mpa,0.131 Mpa,0 Mpa,0.118 Mpa,0.118 Mpa,0.119 Mpa,1.02 Mpa,0 Mpa,0.121 Mpa,0.121 Mpa,0.121 Mpa,0.123 Mpa,0.00907 Mpa,1723 RPM
2026-08-01 13:00:00,0.118 Mpa,0.120 Mpa,0.120 Mpa,0.119 Mpa,0.0125 Mpa,0.120 Mpa,0.105 Mpa,0.119 Mpa,1.02 Mpa,0 Mpa,0.121 Mpa,0.119 Mpa,0.121 Mpa,0.118 Mpa,0.0170 Mpa,0.119 Mpa,0.123 Mpa,0.118 Mpa,0.122 Mpa,,0.121 Mpa,0.120 Mpa,0.120 Mpa,0.120 Mpa,0.0139 Mpa,0.112 Mpa,0.112 Mpa,0.111 Mpa,0.113 Mpa,0 Mpa,0.126 Mpa,0.129 Mpa,0.124 Mpa,0.124 Mpa,0 Mpa,0.128 Mpa,0.129 Mpa,0.132 Mpa,0.919 Mpa,0 Mpa,0.130 Mpa,0.134 Mpa,0.132 Mpa,0.130 Mpa,0 Mpa,0.117 Mpa,0.116 Mpa,0.119 Mpa,1.01 Mpa,0.0121 Mpa,0.118 Mpa,0.119 Mpa,0.117 Mpa,0.120 Mpa,0 Mpa,1619 RPM
2026-08-01 15:00:00,0.120 Mpa,0.122 Mpa,0.122 Mpa,0.122 Mpa,0 Mpa,0.120 Mpa,0.104 Mpa,0.120 Mpa,1.02 Mpa,0 Mpa,0.119 Mpa,0.117 Mpa,0.118 Mpa,0.117 Mpa,0 Mpa,0.111 Mpa,0.114 Mpa,0.111 Mpa,0.113 Mpa,,0.122 Mpa,0.121 Mpa,0.120 Mpa,0.121 Mpa,0 Mpa,0.109 Mpa,0.109 Mpa,0.108 Mpa,0.110 Mpa,0 Mpa,0.123 Mpa,0.125 Mpa,0.122 Mpa,0.121 Mpa,0.00797 Mpa,0.129 Mpa,0.130 Mpa,0.133 Mpa,0.907 Mpa,0 Mpa,0.127 Mpa,0.129 Mpa,0.128 Mpa,0.127 Mpa,0 Mpa,0.117 Mpa,0.116 Mpa,0.118 Mpa,1.02 Mpa,0 Mpa,0.125 Mpa,0.126 Mpa,0.125 Mpa,0.128 Mpa,0 Mpa,1732 RPM
2026-08-01 17:00:00,0.122 Mpa,0.124 Mpa,0.124 Mpa,0.124 Mpa,0 Mpa,0.120 Mpa,0.110 Mpa,0.120 Mpa,1.02 Mpa,0 Mpa,0.121 Mpa,0.118 Mpa,0.120 Mpa,0.118 Mpa,0 Mpa,0.112 Mpa,0.114 Mpa,0.112 Mpa,0.113 Mpa,,0.116 Mpa,0.115 Mpa,0.115 Mpa,0.116 Mpa,0 Mpa,0.104 Mpa,0.104 Mpa,0.103 Mpa,0.105 Mpa,0 Mpa,0.123 Mpa,0.127 Mpa,0.122 Mpa,0.122 Mpa,0 Mpa,0.123 Mpa,0.125 Mpa,0.126 Mpa,0.927 Mpa,0 Mpa,0.123 Mpa,0.126 Mpa,0.125 Mpa,0.124 Mpa,0.00657 Mpa,0.121 Mpa,0.120 Mpa,0.123 Mpa,1.01 Mpa,0.00621 Mpa,0.120 Mpa,0.120 Mpa,0.119 Mpa,0.121 Mpa,0 Mpa,1629 RPM
2026-08-01 19:00:00,0.125 Mpa,0.127 Mpa,0.127 Mpa,0.127 Mpa,0 Mpa,0.119 Mpa,0.104 Mpa,0.119 Mpa,1.02 Mpa,0 Mpa,0.116 Mpa,0.113 Mpa,0.116 Mpa,0.113 Mpa,0 Mpa,0.123 Mpa,0.126 Mpa,0.122 Mpa,0.125 Mpa,,0.121 Mpa,0.120 Mpa,0.120 Mpa,0.120 Mpa,0 Mpa,0.114 Mpa,0.113 Mpa,0.112 Mpa,0.114 Mpa,0 Mpa,0.123 Mpa,0.126 Mpa,0.122 Mpa,0.121 Mpa,0 Mpa,0.127 Mpa,0.128 Mpa,0.131 Mpa,0.926 Mpa,0 Mpa,0.123 Mpa,0.126 Mpa,0.125 Mpa,0.123 Mpa,0.00675 Mpa,0.110 Mpa,0.110 Mpa,0.111 Mpa,1.01 Mpa,0.00716 Mpa,0.108 Mpa,0.109 Mpa,0.108 Mpa,0.110 Mpa,0 Mpa,1666 RPM
2026-08-01 21:00:00,0.120 Mpa,0.123 Mpa,0.122 Mpa,0.122 Mpa,0.00391 Mpa,0.118 Mpa,0.111 Mpa,0.119 Mpa,1.02 Mpa,0 Mpa,0.116 Mpa,0.114 Mpa,0.116 Mpa,0.113 Mpa,0 Mpa,0.117 Mpa,0.120 Mpa,0.117 Mpa,0.119 Mpa,,0.117 Mpa,0.116 Mpa,0.116 Mpa,0.117 Mpa,0 Mpa,0.107 Mpa,0.107 Mpa,0.105 Mpa,0.107 Mpa,0 Mpa,0.127 Mpa,0.128 Mpa,0.126 Mpa,0.124 Mpa,0 Mpa,0.126 Mpa,0.127 Mpa,0.130 Mpa,0.900 Mpa,0 Mpa,0.113 Mpa,0.114 Mpa,0.113 Mpa,0.114 Mpa,0.0694 Mpa,0.122 Mpa,0.121 Mpa,0.123 Mpa,1.02 Mpa,0 Mpa,0.123 Mpa,0.123 Mpa,0.124 Mpa,0.124 Mpa,0 Mpa,1649 RPM
2026-08-01 23:00:00,0.117 Mpa,0.120 Mpa,0.118 Mpa,0.118 Mpa,0 Mpa,0.116 Mpa,0.110 Mpa,0.117 Mpa,1.02 Mpa,0 Mpa,0.119 Mpa,0.117 Mpa,0.119 Mpa,0.116 Mpa,0 Mpa,0.110 Mpa,0.112 Mpa,0.110 Mpa,0.111 Mpa,,0.123 Mpa,0.122 Mpa,0.122 Mpa,0.123 Mpa,0 Mpa,0.108 Mpa,0.109 Mpa,0.106 Mpa,0.109 Mpa,0 Mpa,0.123 Mpa,0.127 Mpa,0.122 Mpa,0.121 Mpa,0 Mpa,0.125 Mpa,0.127 Mpa,0.128 Mpa,0.899 Mpa,0.00676 Mpa,0.130 Mpa,0.131 Mpa,0.131 Mpa,0.129 Mpa,0 Mpa,0.125 Mpa,0.124 Mpa,0.126 Mpa,1.01 Mpa,0.00674 Mpa,0.118 Mpa,0.118 Mpa,0.117 Mpa,0.118 Mpa,0 Mpa,1538 RPM
2026-08-02 01:00:00,0.125 Mpa,0.127 Mpa,0.127 Mpa,0.127 Mpa,0 Mpa,0.117 Mpa,0.106 Mpa,0.117 Mpa,1.01 Mpa,0 Mpa,0.116 Mpa,0.113 Mpa,0.116 Mpa,0.113 Mpa,0.0152 Mpa,0.115 Mpa,0.117 Mpa,0.114 Mpa,0.116 Mpa,,0.122 Mpa,0.120 Mpa,0.122 Mpa,0.121 Mpa,0.0171 Mpa,0.116 Mpa,0.116 Mpa,0.114 Mpa,0.117 Mpa,0.0724 Mpa,0.133 Mpa,0.134 Mpa,0.131 Mpa,0.130 Mpa,0 Mpa,0.128 Mpa,0.129 Mpa,0.131 Mpa,0.894 Mpa,0 Mpa,0.130 Mpa,0.131 Mpa,0.131 Mpa,0.129 Mpa,0 Mpa,0.130 Mpa,0.129 Mpa,0.132 Mpa,1.02 Mpa,0 Mpa,0.116 Mpa,0.117 Mpa,0.122 Mpa,0.117 Mpa,0.0115 Mpa,1648 RPM
2026-08-02 03:00:00,0.128 Mpa,0.129 Mpa,0.129 Mpa,0.128 Mpa,0 Mpa,0.116 Mpa,0.102 Mpa,0.117 Mpa,1.02 Mpa,0 Mpa,0.118 Mpa,0.115 Mpa,0.117 Mpa,0.115 Mpa,0 Mpa,0.102 Mpa,0.104 Mpa,0.102 Mpa,0.103 Mpa,,,,,,,,,,,,0.124 Mpa,0.127 Mpa,0.123 Mpa,0.122 Mpa,0 Mpa,0.124 Mpa,0.125 Mpa,0.127 Mpa,0.944 Mpa,0 Mpa,0.127 Mpa,0.129 Mpa,0.129 Mpa,0.127 Mpa,0 Mpa,0.119 Mpa,0.118 Mpa,0.121 Mpa,1.01 Mpa,0.00752 Mpa,0.113 Mpa,0.113 Mpa,0.113 Mpa,0.114 Mpa,0 Mpa,1505 RPM
2026-08-02 05:00:00,0.124 Mpa,0.126 Mpa,0.125 Mpa,0.125 Mpa,0 Mpa,0.119 Mpa,0.0958 Mpa,0.119 Mpa,1.01 Mpa,0 Mpa,0.120 Mpa,0.117 Mpa,0.120 Mpa,0.117 Mpa,0 Mpa,0.116 Mpa,0.117 Mpa,0.116 Mpa,0.117 Mpa,,,,,,,,,,,,0.122 Mpa,0.126 Mpa,0.122 Mpa,0.121 Mpa,0 Mpa,0.125 Mpa,0.126 Mpa,0.127 Mpa,0.935 Mpa,0 Mpa,0.121 Mpa,0.123 Mpa,0.123 Mpa,0.121 Mpa,0.0234 Mpa,0.123 Mpa,0.122 Mpa,0.125 Mpa,1.02 Mpa,0 Mpa,0.108 Mpa,0.109 Mpa,0.108 Mpa,0.109 Mpa,0.00795 Mpa,1610 RPM
2026-08-02 07:00:00,0.128 Mpa,0.129 Mpa,0.130 Mpa,0.129 Mpa,0 Mpa,0.119 Mpa,0.102 Mpa,0.119 Mpa,1.02 Mpa,0 Mpa,0.172 Mpa,0.174 Mpa,0.160 Mpa,0.174 Mpa,0 Mpa,0.124 Mpa,0.126 Mpa,0.123 Mpa,0.125 Mpa,,,,,,,,,,,,0.129 Mpa,0.131 Mpa,0.128 Mpa,0.127 Mpa,0 Mpa,0.129 Mpa,0.130 Mpa,0.133 Mpa,0.895 Mpa,0 Mpa,0.131 Mpa,0.134 Mpa,0.133 Mpa,0.132 Mpa,0 Mpa,0.125 Mpa,0.123 Mpa,0.126 Mpa,1.02 Mpa,0 Mpa,0.117 Mpa,0.118 Mpa,0.118 Mpa,0.118 Mpa,0 Mpa,1780 RPM
2026-08-02 09:00:00,0.128 Mpa,0.130 Mpa,0.130 Mpa,0.129 Mpa,0 Mpa,0.124 Mpa,0.0974 Mpa,0.124 Mpa,1.02 Mpa,0 Mpa,1.02 Mpa,1.02 Mpa,1.02 Mpa,1.02 Mpa,0 Mpa,0.124 Mpa,0.126 Mpa,0.123 Mpa,0.125 Mpa,,,,,,,0.118 Mpa,0.119 Mpa,0.117 Mpa,0.119 Mpa,0.00965 Mpa,0.132 Mpa,0.133 Mpa,0.131 Mpa,0.129 Mpa,0 Mpa,0.129 Mpa,0.129 Mpa,0.133 Mpa,0.902 Mpa,0 Mpa,0.131 Mpa,0.134 Mpa,0.133 Mpa,0.131 Mpa,0 Mpa,0.124 Mpa,0.122 Mpa,0.126 Mpa,1.02 Mpa,0 Mpa,0.120 Mpa,0.120 Mpa,0.120 Mpa,0.122 Mpa,0 Mpa,1747 RPM
2026-08-02 11:00:00,0.125 Mpa,0.127 Mpa,0.127 Mpa,0.126 Mpa,0 Mpa,0.121 Mpa,0.102 Mpa,0.120 Mpa,1.02 Mpa,0 Mpa,1.02 Mpa,1.02 Mpa,1.02 Mpa,1.02 Mpa,0 Mpa,0.130 Mpa,0.132 Mpa,0.128 Mpa,0.130 Mpa,,,,,,,0.111 Mpa,0.111 Mpa,0.108 Mpa,0.111 Mpa,0.0548 Mpa,0.125 Mpa,0.130 Mpa,0.125 Mpa,0.124 Mpa,0.00799 Mpa,0.129 Mpa,0.130 Mpa,0.134 Mpa,0.884 Mpa,0 Mpa,0.133 Mpa,0.137 Mpa,0.135 Mpa,0.133 Mpa,0 Mpa,0.124 Mpa,0.122 Mpa,0.125 Mpa,1.02 Mpa,0 Mpa,0.120 Mpa,0.121 Mpa,0.120 Mpa,0.123 Mpa,0.0322 Mpa,1733 RPM
2026-08-02 13:00:00,0.129 Mpa,0.130 Mpa,0.131 Mpa,0.130 Mpa,0 Mpa,0.122 Mpa,0.103 Mpa,0.121 Mpa,1.02 Mpa,0 Mpa,0.988 Mpa,1.02 Mpa,1.02 Mpa,1.02 Mpa,0 Mpa,0.123 Mpa,0.127 Mpa,0.123 Mpa,0.125 Mpa,,,,,,,,,,,,0.127 Mpa,0.131 Mpa,0.127 Mpa,0.126 Mpa,0 Mpa,0.129 Mpa,0.130 Mpa,0.133 Mpa,0.913 Mpa,0 Mpa,0.127 Mpa,0.130 Mpa,0.129 Mpa,0.128 Mpa,0 Mpa,0.123 Mpa,0.122 Mpa,0.124 Mpa,1.01 Mpa,0.00946 Mpa,0.101 Mpa,0.101 Mpa,0.101 Mpa,0.101 Mpa,0.0874 Mpa,1679 RPM
2026-08-02 15:00:00,0.125 Mpa,0.127 Mpa,0.128 Mpa,0.127 Mpa,0 Mpa,0.121 Mpa,0.103 Mpa,0.121 Mpa,1.00 Mpa,0 Mpa,0.857 Mpa,0.856 Mpa,0.857 Mpa,0.857 Mpa,0 Mpa,0.111 Mpa,0.113 Mpa,0.111 Mpa,0.112 Mpa,,,,,,,,,,,,0.128 Mpa,0.130 Mpa,0.127 Mpa,0.125 Mpa,0 Mpa,0.128 Mpa,0.129 Mpa,0.131 Mpa,0.932 Mpa,0 Mpa,0.123 Mpa,0.125 Mpa,0.124 Mpa,0.123 Mpa,0.00741 Mpa,0.127 Mpa,0.126 Mpa,0.129 Mpa,1.02 Mpa,0 Mpa,0.124 Mpa,0.124 Mpa,0.124 Mpa,0.125 Mpa,0 Mpa,1756 RPM
2026-08-02 17:00:00,0.123 Mpa,0.124 Mpa,0.124 Mpa,0.124 Mpa,0 Mpa,0.121 Mpa,0.105 Mpa,0.121 Mpa,1.02 Mpa,0 Mpa,0.856 Mpa,0.906 Mpa,0.897 Mpa,0.906 Mpa,0 Mpa,0.115 Mpa,0.119 Mpa,0.115 Mpa,0.117 Mpa,,,,,,,,,,,,0.122 Mpa,0.124 Mpa,0.121 Mpa,0.120 Mpa,0 Mpa,0.126 Mpa,0.127 Mpa,0.129 Mpa,0.916 Mpa,0 Mpa,0.127 Mpa,0.129 Mpa,0.129 Mpa,0.127 Mpa,0 Mpa,0.124 Mpa,0.123 Mpa,0.126 Mpa,1.01 Mpa,0.00644 Mpa,0.123 Mpa,0.123 Mpa,0.123 Mpa,0.124 Mpa,0.00681 Mpa,1641 RPM
2026-08-02 19:00:00,0.125 Mpa,0.126 Mpa,0.126 Mpa,0.126 Mpa,0 Mpa,0.123 Mpa,0.108 Mpa,0.122 Mpa,1.02 Mpa,0 Mpa,0.140 Mpa,0.139 Mpa,0.140 Mpa,0.139 Mpa,0.108 Mpa,0.116 Mpa,0.120 Mpa,0.116 Mpa,0.118 Mpa,,,,,,,,,,,,0.126 Mpa,0.126 Mpa,0.126 Mpa,0.124 Mpa,0 Mpa,0.129 Mpa,0.129 Mpa,0.133 Mpa,0.895 Mpa,0 Mpa,0.128 Mpa,0.130 Mpa,0.130 Mpa,0.128 Mpa,0 Mpa,0.122 Mpa,0.122 Mpa,0.124 Mpa,1.02 Mpa,0 Mpa,0.122 Mpa,0.123 Mpa,0.121 Mpa,0.124 Mpa,0 Mpa,1724 RPM
2026-08-02 21:00:00,0.124 Mpa,0.126 Mpa,0.125 Mpa,0.125 Mpa,0 Mpa,0.118 Mpa,0.114 Mpa,0.118 Mpa,1.02 Mpa,0 Mpa,0.107 Mpa,0.106 Mpa,0.108 Mpa,0.105 Mpa,0 Mpa,0.119 Mpa,0.122 Mpa,0.118 Mpa,0.121 Mpa,,,,,,,,,,,,0.125 Mpa,0.128 Mpa,0.125 Mpa,0.124 Mpa,0 Mpa,0.129 Mpa,0.129 Mpa,0.133 Mpa,0.902 Mpa,0 Mpa,0.124 Mpa,0.126 Mpa,0.126 Mpa,0.124 Mpa,0 Mpa,0.122 Mpa,0.121 Mpa,0.124 Mpa,1.02 Mpa,0 Mpa,0.121 Mpa,0.121 Mpa,0.121 Mpa,0.122 Mpa,0 Mpa,1726 RPM
2026-08-02 23:00:00,0.122 Mpa,0.124 Mpa,0.123 Mpa,0.123 Mpa,0.0225 Mpa,0.119 Mpa,0.112 Mpa,0.119 Mpa,1.02 Mpa,0 Mpa,0.111 Mpa,0.110 Mpa,0.112 Mpa,0.110 Mpa,0.0103 Mpa,0.116 Mpa,0.118 Mpa,0.115 Mpa,0.117 Mpa,,0.102 Mpa,0.102 Mpa,0.101 Mpa,0.102 Mpa,0.304 Mpa,,,,,,0.122 Mpa,0.125 Mpa,0.122 Mpa,0.121 Mpa,0 Mpa,0.125 Mpa,0.126 Mpa,0.129 Mpa,0.900 Mpa,0.00966 Mpa,0.124 Mpa,0.125 Mpa,0.126 Mpa,0.123 Mpa,0 Mpa,0.123 Mpa,0.122 Mpa,0.126 Mpa,1.02 Mpa,0 Mpa,0.119 Mpa,0.119 Mpa,0.120 Mpa,0.121 Mpa,0 Mpa,1682 RPM
2026-08-03 01:00:00,0.127 Mpa,0.128 Mpa,0.128 Mpa,0.128 Mpa,0 Mpa,0.122 Mpa,0.0930 Mpa,0.121 Mpa,1.02 Mpa,0 Mpa,0.120 Mpa,0.118 Mpa,0.120 Mpa,0.117 Mpa,0 Mpa,0.116 Mpa,0.118 Mpa,0.115 Mpa,0.117 Mpa,,0.115 Mpa,0.114 Mpa,0.114 Mpa,0.114 Mpa,0.0460 Mpa,,,,,,0.123 Mpa,0.126 Mpa,0.123 Mpa,0.123 Mpa,0 Mpa,0.127 Mpa,0.128 Mpa,0.130 Mpa,0.900 Mpa,0 Mpa,0.128 Mpa,0.129 Mpa,0.129 Mpa,0.128 Mpa,0 Mpa,0.120 Mpa,0.119 Mpa,0.121 Mpa,1.00 Mpa,0.0270 Mpa,0.121 Mpa,0.121 Mpa,0.121 Mpa,0.122 Mpa,0 Mpa,1696 RPM
2026-08-03 03:00:00,0.125 Mpa,0.126 Mpa,0.126 Mpa,0.125 Mpa,0 Mpa,0.123 Mpa,0.118 Mpa,0.123 Mpa,1.01 Mpa,0.0105 Mpa,0.120 Mpa,0.118 Mpa,0.121 Mpa,0.118 Mpa,0 Mpa,0.113 Mpa,0.116 Mpa,0.113 Mpa,0.115 Mpa,,0.121 Mpa,0.119 Mpa,0.120 Mpa,0.120 Mpa,0 Mpa,,,,,,0.125 Mpa,0.129 Mpa,0.125 Mpa,0.124 Mpa,0 Mpa,0.129 Mpa,0.130 Mpa,0.133 Mpa,0.914 Mpa,0 Mpa,0.121 Mpa,0.123 Mpa,0.123 Mpa,0.121 Mpa,0 Mpa,0.123 Mpa,0.122 Mpa,0.125 Mpa,1.02 Mpa,0 Mpa,0.116 Mpa,0.116 Mpa,0.116 Mpa,0.117 Mpa,0 Mpa,1700 RPM
2026-08-03 05:00:00,0.124 Mpa,0.125 Mpa,0.126 Mpa,0.125 Mpa,0 Mpa,0.123 Mpa,0.113 Mpa,0.123 Mpa,1.00 Mpa,0 Mpa,0.122 Mpa,0.120 Mpa,0.122 Mpa,0.119 Mpa,0 Mpa,0.118 Mpa,0.120 Mpa,0.118 Mpa,0.119 Mpa,,0.118 Mpa,0.117 Mpa,0.118 Mpa,0.118 Mpa,0 Mpa,,,,,,0.123 Mpa,0.126 Mpa,0.123 Mpa,0.122 Mpa,0 Mpa,0.125 Mpa,0.126 Mpa,0.127 Mpa,0.944 Mpa,0 Mpa,0.131 Mpa,0.133 Mpa,0.133 Mpa,0.131 Mpa,0 Mpa,0.121 Mpa,0.119 Mpa,0.122 Mpa,1.01 Mpa,0.00660 Mpa,0.117 Mpa,0.117 Mpa,0.118 Mpa,0.117 Mpa,0.00774 Mpa,1666 RPM
2026-08-03 07:00:00,0.126 Mpa,0.128 Mpa,0.128 Mpa,0.127 Mpa,0 Mpa,0.121 Mpa,0.115 Mpa,0.121 Mpa,1.02 Mpa,0 Mpa,0.119 Mpa,0.116 Mpa,0.119 Mpa,0.116 Mpa,0 Mpa,0.122 Mpa,0.124 Mpa,0.121 Mpa,0.123 Mpa,,0.119 Mpa,0.118 Mpa,0.119 Mpa,0.118 Mpa,0 Mpa,0.100 Mpa,0.103 Mpa,0.100 Mpa,0.104 Mpa,0.0526 Mpa,0.123 Mpa,0.125 Mpa,0.122 Mpa,0.122 Mpa,0 Mpa,0.131 Mpa,0.132 Mpa,0.135 Mpa,0.887 Mpa,0 Mpa,0.133 Mpa,0.135 Mpa,0.135 Mpa,0.133 Mpa,0 Mpa,0.122 Mpa,0.121 Mpa,0.124 Mpa,1.02 Mpa,0 Mpa,0.124 Mpa,0.123 Mpa,0.124 Mpa,0.124 Mpa,0 Mpa,1752 RPM
2026-08-03 09:00:00,0.124 Mpa,0.126 Mpa,0.125 Mpa,0.125 Mpa,0 Mpa,0.120 Mpa,0.101 Mpa,0.120 Mpa,1.02 Mpa,0 Mpa,0.124 Mpa,0.121 Mpa,0.124 Mpa,0.120 Mpa,0 Mpa,0.124 Mpa,0.127 Mpa,0.123 Mpa,0.125 Mpa,,0.120 Mpa,0.118 Mpa,0.120 Mpa,0.119 Mpa,0 Mpa,0.100 Mpa,0.101 Mpa,0.100 Mpa,0.103 Mpa,0.0680 Mpa,0.126 Mpa,0.127 Mpa,0.126 Mpa,0.125 Mpa,0 Mpa,0.128 Mpa,0.128 Mpa,0.132 Mpa,0.894 Mpa,0 Mpa,0.129 Mpa,0.132 Mpa,0.131 Mpa,0.129 Mpa,0 Mpa,0.122 Mpa,0.120 Mpa,0.124 Mpa,1.02 Mpa,0 Mpa,0.128 Mpa,0.127 Mpa,0.133 Mpa,0.128 Mpa,0 Mpa,1782 RPM
2026-08-03 11:00:00,0.125 Mpa,0.127 Mpa,0.126 Mpa,0.126 Mpa,0 Mpa,0.123 Mpa,0.0972 Mpa,0.122 Mpa,1.02 Mpa,0 Mpa,0.123 Mpa,0.119 Mpa,0.123 Mpa,0.119 Mpa,0 Mpa,0.119 Mpa,0.124 Mpa,0.119 Mpa,0.122 Mpa,,0.116 Mpa,0.115 Mpa,0.116 Mpa,0.116 Mpa,0 Mpa,0.113 Mpa,0.113 Mpa,0.112 Mpa,0.114 Mpa,0.00932 Mpa,0.124 Mpa,0.126 Mpa,0.123 Mpa,0.123 Mpa,0.00838 Mpa,0.130 Mpa,0.130 Mpa,0.133 Mpa,0.883 Mpa,0 Mpa,0.128 Mpa,0.132 Mpa,0.131 Mpa,0.129 Mpa,0 Mpa,0.120 Mpa,0.120 Mpa,0.121 Mpa,1.01 Mpa,0.00655 Mpa,0.125 Mpa,0.125 Mpa,0.132 Mpa,0.126 Mpa,0.0287 Mpa,1715 RPM
2026-08-03 13:00:00,0.128 Mpa,0.130 Mpa,0.130 Mpa,0.129 Mpa,0 Mpa,0.119 Mpa,0.0994 Mpa,0.120 Mpa,1.02 Mpa,0 Mpa,0.100 Mpa,0.100 Mpa,0.100 Mpa,0.100 Mpa,0.00702 Mpa,0.111 Mpa,0.114 Mpa,0.112 Mpa,0.113 Mpa,,0.115 Mpa,0.114 Mpa,0.115 Mpa,0.115 Mpa,0 Mpa,0.113 Mpa,0.114 Mpa,0.112 Mpa,0.115 Mpa,0 Mpa,0.125 Mpa,0.126 Mpa,0.124 Mpa,0.123 Mpa,0 Mpa,0.116 Mpa,0.116 Mpa,0.118 Mpa,0.939 Mpa,0.0132 Mpa,0.126 Mpa,0.129 Mpa,0.128 Mpa,0.126 Mpa,0.0149 Mpa,0.123 Mpa,0.123 Mpa,0.126 Mpa,1.02 Mpa,0 Mpa,0.123 Mpa,0.123 Mpa,0.124 Mpa,0.125 Mpa,0 Mpa,1591 RPM
2026-08-03 15:00:00,0.123 Mpa,0.125 Mpa,0.125 Mpa,0.124 Mpa,0 Mpa,0.118 Mpa,0.104 Mpa,0.118 Mpa,1.02 Mpa,0 Mpa,0.117 Mpa,0.115 Mpa,0.117 Mpa,0.114 Mpa,0 Mpa,0.118 Mpa,0.121 Mpa,0.118 Mpa,0.119 Mpa,,0.114 Mpa,0.113 Mpa,0.114 Mpa,0.114 Mpa,0 Mpa,0.115 Mpa,0.115 Mpa,0.114 Mpa,0.116 Mpa,0 Mpa,0.123 Mpa,0.125 Mpa,0.122 Mpa,0.121 Mpa,0 Mpa,0.125 Mpa,0.127 Mpa,0.128 Mpa,0.911 Mpa,0 Mpa,0.118 Mpa,0.119 Mpa,0.119 Mpa,0.118 Mpa,0 Mpa,0.123 Mpa,0.122 Mpa,0.125 Mpa,1.02 Mpa,0 Mpa,0.126 Mpa,0.125 Mpa,0.126 Mpa,0.127 Mpa,0 Mpa,1675 RPM
2026-08-03 17:00:00,0.125 Mpa,0.126 Mpa,0.127 Mpa,0.125 Mpa,0 Mpa,0.117 Mpa,0.111 Mpa,0.117 Mpa,1.02 Mpa,0 Mpa,0.115 Mpa,0.112 Mpa,0.114 Mpa,0.112 Mpa,0 Mpa,0.119 Mpa,0.122 Mpa,0.119 Mpa,0.121 Mpa,,0.117 Mpa,0.115 Mpa,0.116 Mpa,0.116 Mpa,0 Mpa,0.113 Mpa,0.113 Mpa,0.112 Mpa,0.114 Mpa,0 Mpa,0.126 Mpa,0.130 Mpa,0.125 Mpa,0.124 Mpa,0 Mpa,0.118 Mpa,0.120 Mpa,0.121 Mpa,0.952 Mpa,0 Mpa,0.125 Mpa,0.127 Mpa,0.127 Mpa,0.126 Mpa,0 Mpa,0.116 Mpa,0.115 Mpa,0.117 Mpa,1.01 Mpa,0.00601 Mpa,0.121 Mpa,0.121 Mpa,0.120 Mpa,0.122 Mpa,0 Mpa,1602 RPM
2026-08-03 19:00:00,0.122 Mpa,0.124 Mpa,0.124 Mpa,0.123 Mpa,0 Mpa,0.117 Mpa,0.108 Mpa,0.117 Mpa,1.02 Mpa,0 Mpa,0.117 Mpa,0.115 Mpa,0.117 Mpa,0.114 Mpa,0 Mpa,0.120 Mpa,0.122 Mpa,0.119 Mpa,0.121 Mpa,,0.118 Mpa,0.116 Mpa,0.117 Mpa,0.117 Mpa,0 Mpa,0.112 Mpa,0.113 Mpa,0.111 Mpa,0.114 Mpa,0 Mpa,0.126 Mpa,0.131 Mpa,0.125 Mpa,0.124 Mpa,0 Mpa,0.119 Mpa,0.120 Mpa,0.121 Mpa,0.980 Mpa,0.0202 Mpa,0.128 Mpa,0.131 Mpa,0.130 Mpa,0.129 Mpa,0 Mpa,0.106 Mpa,0.106 Mpa,0.107 Mpa,0.996 Mpa,0.0468 Mpa,0.120 Mpa,0.120 Mpa,0.120 Mpa,0.121 Mpa,0 Mpa,1625 RPM
2026-08-03 21:00:00,0.123 Mpa,0.125 Mpa,0.125 Mpa,0.125 Mpa,0 Mpa,0.112 Mpa,0.108 Mpa,0.112 Mpa,1.01 Mpa,0.0166 Mpa,0.119 Mpa,0.115 Mpa,0.118 Mpa,0.115 Mpa,0 Mpa,0.119 Mpa,0.123 Mpa,0.118 Mpa,0.121 Mpa,,0.118 Mpa,0.116 Mpa,0.118 Mpa,0.117 Mpa,0 Mpa,0.118 Mpa,0.119 Mpa,0.117 Mpa,0.120 Mpa,0 Mpa,0.128 Mpa,0.130 Mpa,0.127 Mpa,0.126 Mpa,0 Mpa,0.112 Mpa,0.112 Mpa,0.112 Mpa,1.02 Mpa,0.00714 Mpa,0.123 Mpa,0.126 Mpa,0.125 Mpa,0.124 Mpa,0 Mpa,0.125 Mpa,0.124 Mpa,0.127 Mpa,1.02 Mpa,0 Mpa,0.122 Mpa,0.122 Mpa,0.122 Mpa,0.124 Mpa,0 Mpa,1609 RPM
2026-08-03 23:00:00,0.120 Mpa,0.122 Mpa,0.122 Mpa,0.121 Mpa,0.00709 Mpa,0.108 Mpa,0.104 Mpa,0.108 Mpa,1.02 Mpa,0 Mpa,0.119 Mpa,0.116 Mpa,0.119 Mpa,0.116 Mpa,0 Mpa,0.116 Mpa,0.118 Mpa,0.115 Mpa,0.117 Mpa,,0.112 Mpa,0.111 Mpa,0.111 Mpa,0.111 Mpa,0.0141 Mpa,0.121 Mpa,0.121 Mpa,0.120 Mpa,0.122 Mpa,0 Mpa,0.129 Mpa,0.128 Mpa,0.128 Mpa,0.125 Mpa,0 Mpa,0.125 Mpa,0.126 Mpa,0.127 Mpa,0.926 Mpa,0 Mpa,0.122 Mpa,0.124 Mpa,0.123 Mpa,0.122 Mpa,0 Mpa,0.125 Mpa,0.124 Mpa,0.127 Mpa,1.02 Mpa,0 Mpa,0.122 Mpa,0.121 Mpa,0.121 Mpa,0.123 Mpa,0 Mpa,1642 RPM
2026-08-04 01:00:00,0.120 Mpa,0.122 Mpa,0.122 Mpa,0.121 Mpa,0.0279 Mpa,,,,,,0.116 Mpa,0.114 Mpa,0.116 Mpa,0.114 Mpa,0 Mpa,0.116 Mpa,0.119 Mpa,0.116 Mpa,0.118 Mpa,,0.116 Mpa,0.115 Mpa,0.115 Mpa,0.115 Mpa,0 Mpa,0.117 Mpa,0.116 Mpa,0.115 Mpa,0.117 Mpa,0 Mpa,0.126 Mpa,0.128 Mpa,0.126 Mpa,0.125 Mpa,0.0133 Mpa,0.115 Mpa,0.116 Mpa,0.117 Mpa,0.985 Mpa,0 Mpa,0.120 Mpa,0.123 Mpa,0.122 Mpa,0.121 Mpa,0 Mpa,0.121 Mpa,0.120 Mpa,0.123 Mpa,1.02 Mpa,0 Mpa,0.121 Mpa,0.121 Mpa,0.122 Mpa,0.122 Mpa,0 Mpa,1535 RPM
2026-08-04 03:00:00,0.128 Mpa,0.130 Mpa,0.130 Mpa,0.129 Mpa,0 Mpa,0.108 Mpa,0.108 Mpa,0.109 Mpa,0.926 Mpa,0.182 Mpa,0.121 Mpa,0.119 Mpa,0.121 Mpa,0.118 Mpa,0 Mpa,0.110 Mpa,0.112 Mpa,0.110 Mpa,0.111 Mpa,,0.117 Mpa,0.116 Mpa,0.117 Mpa,0.117 Mpa,0 Mpa,0.118 Mpa,0.118 Mpa,0.116 Mpa,0.119 Mpa,0 Mpa,0.130 Mpa,0.131 Mpa,0.129 Mpa,0.128 Mpa,0 Mpa,0.113 Mpa,0.113 Mpa,0.114 Mpa,1.01 Mpa,0.0314 Mpa,0.122 Mpa,0.124 Mpa,0.124 Mpa,0.122 Mpa,0 Mpa,0.120 Mpa,0.119 Mpa,0.121 Mpa,1.02 Mpa,0 Mpa,0.123 Mpa,0.122 Mpa,0.125 Mpa,0.124 Mpa,0 Mpa,1615 RPM
2026-08-04 05:00:00,0.125 Mpa,0.128 Mpa,0.127 Mpa,0.127 Mpa,0 Mpa,,,,,,0.125 Mpa,0.121 Mpa,0.124 Mpa,0.121 Mpa,0 Mpa,0.112 Mpa,0.114 Mpa,0.112 Mpa,0.114 Mpa,,0.118 Mpa,0.117 Mpa,0.118 Mpa,0.118 Mpa,0 Mpa,0.115 Mpa,0.115 Mpa,0.113 Mpa,0.115 Mpa,0 Mpa,0.123 Mpa,0.126 Mpa,0.123 Mpa,0.123 Mpa,0.00787 Mpa,,,,,,0.122 Mpa,0.125 Mpa,0.124 Mpa,0.123 Mpa,0 Mpa,0.122 Mpa,0.122 Mpa,0.124 Mpa,1.01 Mpa,0.00709 Mpa,0.120 Mpa,0.121 Mpa,0.120 Mpa,0.122 Mpa,0.00687 Mpa,1648 RPM
2026-08-04 07:00:00,0.125 Mpa,0.127 Mpa,0.127 Mpa,0.126 Mpa,0 Mpa,,,,,,0.122 Mpa,0.119 Mpa,0.122 Mpa,0.119 Mpa,0 Mpa,0.121 Mpa,0.124 Mpa,0.122 Mpa,0.123 Mpa,,0.122 Mpa,0.119 Mpa,0.121 Mpa,0.120 Mpa,0 Mpa,0.108 Mpa,0.110 Mpa,0.107 Mpa,0.110 Mpa,0 Mpa,0.127 Mpa,0.127 Mpa,0.125 Mpa,0.125 Mpa,0 Mpa,,,,,,0.130 Mpa,0.133 Mpa,0.132 Mpa,0.129 Mpa,0 Mpa,0.124 Mpa,0.123 Mpa,0.126 Mpa,1.02 Mpa,0 Mpa,0.123 Mpa,0.123 Mpa,0.123 Mpa,0.124 Mpa,0 Mpa,1788 RPM
2026-08-04 09:00:00,0.121 Mpa,0.122 Mpa,0.122 Mpa,0.122 Mpa,0 Mpa,,,,,,0.118 Mpa,0.116 Mpa,0.118 Mpa,0.115 Mpa,0 Mpa,0.120 Mpa,0.122 Mpa,0.119 Mpa,0.121 Mpa,,0.123 Mpa,0.121 Mpa,0.123 Mpa,0.122 Mpa,0 Mpa,0.106 Mpa,0.108 Mpa,0.104 Mpa,0.108 Mpa,0.00864 Mpa,0.130 Mpa,0.131 Mpa,0.129 Mpa,0.128 Mpa,0 Mpa,0.114 Mpa,0.114 Mpa,0.114 Mpa,0.987 Mpa,0.0625 Mpa,0.122 Mpa,0.126 Mpa,0.124 Mpa,0.123 Mpa,0 Mpa,0.122 Mpa,0.121 Mpa,0.124 Mpa,1.02 Mpa,0 Mpa,0.121 Mpa,0.121 Mpa,0.121 Mpa,0.122 Mpa,0 Mpa,1727 RPM
2026-08-04 11:00:00,0.124 Mpa,0.125 Mpa,0.126 Mpa,0.125 Mpa,0 Mpa,,,,,,0.125 Mpa,0.122 Mpa,0.124 Mpa,0.122 Mpa,0.00264 Mpa,0.120 Mpa,0.122 Mpa,0.119 Mpa,0.121 Mpa,,0.117 Mpa,0.116 Mpa,0.118 Mpa,0.117 Mpa,0 Mpa,0.108 Mpa,0.109 Mpa,0.107 Mpa,0.110 Mpa,0.0550 Mpa,0.128 Mpa,0.129 Mpa,0.126 Mpa,0.126 Mpa,0.00896 Mpa,0.129 Mpa,0.130 Mpa,0.131 Mpa,0.652 Mpa,0.0155 Mpa,0.124 Mpa,0.127 Mpa,0.126 Mpa,0.124 Mpa,0 Mpa,0.119 Mpa,0.119 Mpa,0.121 Mpa,1.02 Mpa,0 Mpa,0.119 Mpa,0.119 Mpa,0.125 Mpa,0.120 Mpa,0.0119 Mpa,1726 RPM
2026-08-04 13:00:00,0.114 Mpa,0.115 Mpa,0.115 Mpa,0.115 Mpa,0.0116 Mpa,,,,,,0.122 Mpa,0.119 Mpa,0.122 Mpa,0.119 Mpa,0 Mpa,0.114 Mpa,0.117 Mpa,0.114 Mpa,0.115 Mpa,,0.115 Mpa,0.114 Mpa,0.115 Mpa,0.115 Mpa,0 Mpa,0.118 Mpa,0.120 Mpa,0.116 Mpa,0.121 Mpa,0 Mpa,0.131 Mpa,0.131 Mpa,0.130 Mpa,0.128 Mpa,0 Mpa,0.127 Mpa,0.128 Mpa,0.130 Mpa,0.891 Mpa,0 Mpa,0.126 Mpa,0.130 Mpa,0.129 Mpa,0.127 Mpa,0 Mpa,0.127 Mpa,0.126 Mpa,0.129 Mpa,1.02 Mpa,0 Mpa,0.120 Mpa,0.119 Mpa,0.120 Mpa,0.121 Mpa,0 Mpa,1723 RPM
2026-08-04 15:00:00,0.124 Mpa,0.125 Mpa,0.126 Mpa,0.125 Mpa,0 Mpa,,,,,,0.120 Mpa,0.117 Mpa,0.120 Mpa,0.116 Mpa,0 Mpa,0.0994 Mpa,0.102 Mpa,0.0995 Mpa,0.102 Mpa,,0.106 Mpa,0.104 Mpa,0.105 Mpa,0.105 Mpa,0 Mpa,0.121 Mpa,0.122 Mpa,0.119 Mpa,0.123 Mpa,0 Mpa,0.131 Mpa,0.130 Mpa,0.130 Mpa,0.127 Mpa,0 Mpa,0.128 Mpa,0.130 Mpa,0.132 Mpa,0.896 Mpa,0 Mpa,0.120 Mpa,0.123 Mpa,0.122 Mpa,0.121 Mpa,0.00781 Mpa,0.122 Mpa,0.120 Mpa,0.123 Mpa,1.02 Mpa,0 Mpa,0.121 Mpa,0.121 Mpa,0.120 Mpa,0.122 Mpa,0 Mpa,1562 RPM
2026-08-04 17:00:00,0.120 Mpa,0.122 Mpa,0.122 Mpa,0.122 Mpa,0 Mpa,,,,,,0.123 Mpa,0.119 Mpa,0.123 Mpa,0.119 Mpa,0 Mpa,0.111 Mpa,0.112 Mpa,0.111 Mpa,0.112 Mpa,,0.113 Mpa,0.112 Mpa,0.113 Mpa,0.113 Mpa,0 Mpa,0.107 Mpa,0.108 Mpa,0.106 Mpa,0.108 Mpa,0 Mpa,0.128 Mpa,0.128 Mpa,0.127 Mpa,0.126 Mpa,0 Mpa,0.117 Mpa,0.118 Mpa,0.119 Mpa,0.941 Mpa,0 Mpa,0.121 Mpa,0.123 Mpa,0.122 Mpa,0.121 Mpa,0.00839 Mpa,0.122 Mpa,0.120 Mpa,0.123 Mpa,1.02 Mpa,0 Mpa,0.117 Mpa,0.118 Mpa,0.117 Mpa,0.119 Mpa,0.00562 Mpa,1633 RPM
2026-08-04 19:00:00,0.122 Mpa,0.124 Mpa,0.124 Mpa,0.124 Mpa,0 Mpa,,,,,,0.120 Mpa,0.118 Mpa,0.120 Mpa,0.118 Mpa,0 Mpa,0.123 Mpa,0.124 Mpa,0.122 Mpa,0.123 Mpa,,0.118 Mpa,0.116 Mpa,0.118 Mpa,0.117 Mpa,0 Mpa,0.122 Mpa,0.123 Mpa,0.120 Mpa,0.123 Mpa,0 Mpa,0.126 Mpa,0.128 Mpa,0.127 Mpa,0.126 Mpa,0 Mpa,0.124 Mpa,0.126 Mpa,0.127 Mpa,0.910 Mpa,0 Mpa,0.124 Mpa,0.127 Mpa,0.126 Mpa,0.125 Mpa,0 Mpa,0.120 Mpa,0.119 Mpa,0.122 Mpa,1.02 Mpa,0 Mpa,0.118 Mpa,0.118 Mpa,0.118 Mpa,0.120 Mpa,0 Mpa,1794 RPM
2026-08-04 21:00:00,0.124 Mpa,0.125 Mpa,0.126 Mpa,0.125 Mpa,0 Mpa,,,,,,0.118 Mpa,0.116 Mpa,0.118 Mpa,0.115 Mpa,0 Mpa,0.129 Mpa,0.131 Mpa,0.128 Mpa,0.130 Mpa,,0.120 Mpa,0.118 Mpa,0.120 Mpa,0.118 Mpa,0 Mpa,0.120 Mpa,0.120 Mpa,0.118 Mpa,0.121 Mpa,0 Mpa,0.124 Mpa,0.126 Mpa,0.124 Mpa,0.124 Mpa,0 Mpa,0.125 Mpa,0.127 Mpa,0.128 Mpa,0.901 Mpa,0.00971 Mpa,0.126 Mpa,0.128 Mpa,0.128 Mpa,0.125 Mpa,0 Mpa,0.120 Mpa,0.119 Mpa,0.121 Mpa,1.02 Mpa,0 Mpa,0.122 Mpa,0.122 Mpa,0.122 Mpa,0.124 Mpa,0 Mpa,1781 RPM
2026-08-04 23:00:00,0.120 Mpa,0.122 Mpa,0.122 Mpa,0.121 Mpa,0.00642 Mpa,,,,,,0.119 Mpa,0.117 Mpa,0.119 Mpa,0.117 Mpa,0 Mpa,0.125 Mpa,0.127 Mpa,0.125 Mpa,0.126 Mpa,,0.112 Mpa,0.110 Mpa,0.111 Mpa,0.111 Mpa,0.0112 Mpa,0.118 Mpa,0.119 Mpa,0.116 Mpa,0.120 Mpa,0 Mpa,0.127 Mpa,0.127 Mpa,0.126 Mpa,0.126 Mpa,0 Mpa,0.130 Mpa,0.131 Mpa,0.133 Mpa,0.896 Mpa,0.00171 Mpa,0.124 Mpa,0.127 Mpa,0.126 Mpa,0.124 Mpa,0 Mpa,0.118 Mpa,0.117 Mpa,0.119 Mpa,1.01 Mpa,0.00803 Mpa,0.117 Mpa,0.118 Mpa,0.118 Mpa,0.120 Mpa,0 Mpa,1725 RPM
2026-08-05 01:00:00,0.119 Mpa,0.120 Mpa,0.120 Mpa,0.120 Mpa,0 Mpa,0.102 Mpa,0.103 Mpa,0.105 Mpa,0.999 Mpa,0.0440 Mpa,0.118 Mpa,0.116 Mpa,0.118 Mpa,0.115 Mpa,0.0141 Mpa,0.123 Mpa,0.126 Mpa,0.122 Mpa,0.124 Mpa,,0.110 Mpa,0.109 Mpa,0.109 Mpa,0.110 Mpa,0.0147 Mpa,0.108 Mpa,0.108 Mpa,0.107 Mpa,0.109 Mpa,0.0138 Mpa,0.126 Mpa,0.128 Mpa,0.126 Mpa,0.125 Mpa,0 Mpa,0.116 Mpa,0.118 Mpa,0.119 Mpa,0.927 Mpa,0.0114 Mpa,0.122 Mpa,0.123 Mpa,0.123 Mpa,0.121 Mpa,0 Mpa,0.118 Mpa,0.117 Mpa,0.119 Mpa,1.02 Mpa,0 Mpa,0.119 Mpa,0.119 Mpa,0.120 Mpa,0.121 Mpa,0 Mpa,1592 RPM
2026-08-05 03:00:00,0.122 Mpa,0.123 Mpa,0.122 Mpa,0.122 Mpa,0 Mpa,0.115 Mpa,0.115 Mpa,0.115 Mpa,0.995 Mpa,0.0416 Mpa,0.123 Mpa,0.120 Mpa,0.124 Mpa,0.119 Mpa,0 Mpa,0.116 Mpa,0.119 Mpa,0.116 Mpa,0.118 Mpa,,0.112 Mpa,0.110 Mpa,0.112 Mpa,0.111 Mpa,0 Mpa,0.121 Mpa,0.121 Mpa,0.119 Mpa,0.122 Mpa,0 Mpa,0.125 Mpa,0.132 Mpa,0.124 Mpa,0.123 Mpa,0 Mpa,0.124 Mpa,0.125 Mpa,0.126 Mpa,0.903 Mpa,0 Mpa,0.130 Mpa,0.132 Mpa,0.132 Mpa,0.130 Mpa,0 Mpa,0.120 Mpa,0.120 Mpa,0.122 Mpa,1.02 Mpa,0 Mpa,0.121 Mpa,0.120 Mpa,0.120 Mpa,0.123 Mpa,0 Mpa,1742 RPM
2026-08-05 05:00:00,0.121 Mpa,0.122 Mpa,0.122 Mpa,0.122 Mpa,0 Mpa,0.122 Mpa,0.121 Mpa,0.122 Mpa,1.02 Mpa,0 Mpa,0.120 Mpa,0.117 Mpa,0.121 Mpa,0.117 Mpa,0 Mpa,0.119 Mpa,0.122 Mpa,0.119 Mpa,0.121 Mpa,,0.113 Mpa,0.111 Mpa,0.113 Mpa,0.112 Mpa,0 Mpa,0.113 Mpa,0.114 Mpa,0.112 Mpa,0.116 Mpa,0 Mpa,0.125 Mpa,0.131 Mpa,0.124 Mpa,0.124 Mpa,0 Mpa,0.115 Mpa,0.117 Mpa,0.118 Mpa,0.948 Mpa,0 Mpa,0.125 Mpa,0.127 Mpa,0.127 Mpa,0.125 Mpa,0.00764 Mpa,0.120 Mpa,0.120 Mpa,0.122 Mpa,1.01 Mpa,0.00707 Mpa,0.119 Mpa,0.119 Mpa,0.119 Mpa,0.121 Mpa,0 Mpa,1667 RPM
2026-08-05 07:00:00,0.124 Mpa,0.125 Mpa,0.125 Mpa,0.124 Mpa,0 Mpa,0.119 Mpa,0.118 Mpa,0.120 Mpa,1.02 Mpa,0 Mpa,0.122 Mpa,0.119 Mpa,0.122 Mpa,0.119 Mpa,0 Mpa,0.123 Mpa,0.126 Mpa,0.122 Mpa,0.124 Mpa,,0.117 Mpa,0.114 Mpa,0.117 Mpa,0.116 Mpa,0 Mpa,0.120 Mpa,0.121 Mpa,0.118 Mpa,0.121 Mpa,0 Mpa,0.128 Mpa,0.133 Mpa,0.127 Mpa,0.126 Mpa,0 Mpa,0.114 Mpa,0.114 Mpa,0.115 Mpa,1.00 Mpa,0.0150 Mpa,0.124 Mpa,0.127 Mpa,0.126 Mpa,0.124 Mpa,0 Mpa,0.118 Mpa,0.117 Mpa,0.119 Mpa,1.02 Mpa,0 Mpa,0.122 Mpa,0.122 Mpa,0.121 Mpa,0.124 Mpa,0.0197 Mpa,1669 RPM
2026-08-05 09:00:00,0.124 Mpa,0.125 Mpa,0.126 Mpa,0.125 Mpa,0 Mpa,0.119 Mpa,0.116 Mpa,0.119 Mpa,1.02 Mpa,0 Mpa,0.104 Mpa,0.100 Mpa,0.104 Mpa,0.100 Mpa,0 Mpa,0.123 Mpa,0.126 Mpa,0.123 Mpa,0.124 Mpa,,0.116 Mpa,0.113 Mpa,0.116 Mpa,0.114 Mpa,0 Mpa,0.124 Mpa,0.125 Mpa,0.123 Mpa,0.126 Mpa,0 Mpa,0.123 Mpa,0.127 Mpa,0.123 Mpa,0.122 Mpa,0 Mpa,0.124 Mpa,0.126 Mpa,0.126 Mpa,0.908 Mpa,0 Mpa,0.121 Mpa,0.122 Mpa,0.122 Mpa,0.121 Mpa,0 Mpa,0.123 Mpa,0.121 Mpa,0.124 Mpa,1.02 Mpa,0 Mpa,0.117 Mpa,0.118 Mpa,0.117 Mpa,0.119 Mpa,0 Mpa,1719 RPM
2026-08-05 11:00:00,0.128 Mpa,0.130 Mpa,0.130 Mpa,0.129 Mpa,0 Mpa,0.118 Mpa,0.115 Mpa,0.118 Mpa,1.02 Mpa,0 Mpa,,,,,,0.120 Mpa,0.122 Mpa,0.119 Mpa,0.121 Mpa,,0.115 Mpa,0.113 Mpa,0.115 Mpa,0.114 Mpa,0 Mpa,0.114 Mpa,0.114 Mpa,0.113 Mpa,0.115 Mpa,0 Mpa,0.122 Mpa,0.122 Mpa,0.122 Mpa,0.121 Mpa,0.00718 Mpa,0.128 Mpa,0.129 Mpa,0.131 Mpa,0.898 Mpa,0 Mpa,0.125 Mpa,0.128 Mpa,0.127 Mpa,0.126 Mpa,0 Mpa,0.120 Mpa,0.119 Mpa,0.122 Mpa,1.02 Mpa,0 Mpa,0.119 Mpa,0.120 Mpa,0.120 Mpa,0.121 Mpa,0.00933 Mpa,1663 RPM
2026-08-05 13:00:00,0.126 Mpa,0.127 Mpa,0.127 Mpa,0.126 Mpa,0 Mpa,0.118 Mpa,0.115 Mpa,0.118 Mpa,1.02 Mpa,0 Mpa,0.118 Mpa,0.114 Mpa,0.118 Mpa,0.114 Mpa,0 Mpa,0.122 Mpa,0.124 Mpa,0.121 Mpa,0.123 Mpa,,0.118 Mpa,0.115 Mpa,0.117 Mpa,0.117 Mpa,0 Mpa,0.115 Mpa,0.115 Mpa,0.113 Mpa,0.116 Mpa,0 Mpa,0.128 Mpa,0.128 Mpa,0.127 Mpa,0.126 Mpa,0 Mpa,0.117 Mpa,0.118 Mpa,0.119 Mpa,0.955 Mpa,0 Mpa,0.126 Mpa,0.130 Mpa,0.128 Mpa,0.127 Mpa,0 Mpa,0.124 Mpa,0.123 Mpa,0.126 Mpa,1.02 Mpa,0 Mpa,0.119 Mpa,0.119 Mpa,0.121 Mpa,0.121 Mpa,0 Mpa,1692 RPM
2026-08-05 15:00:00,0.126 Mpa,0.127 Mpa,0.127 Mpa,0.126 Mpa,0 Mpa,0.118 Mpa,0.115 Mpa,0.117 Mpa,1.02 Mpa,0 Mpa,0.122 Mpa,0.118 Mpa,0.122 Mpa,0.117 Mpa,0 Mpa,0.121 Mpa,0.125 Mpa,0.120 Mpa,0.123 Mpa,,0.117 Mpa,0.115 Mpa,0.117 Mpa,0.116 Mpa,0 Mpa,0.117 Mpa,0.116 Mpa,0.115 Mpa,0.117 Mpa,0 Mpa,0.131 Mpa,0.134 Mpa,0.129 Mpa,0.128 Mpa,0 Mpa,0.121 Mpa,0.122 Mpa,0.124 Mpa,0.921 Mpa,0 Mpa,0.123 Mpa,0.125 Mpa,0.125 Mpa,0.123 Mpa,0.0115 Mpa,0.121 Mpa,0.120 Mpa,0.123 Mpa,1.02 Mpa,0 Mpa,0.122 Mpa,0.121 Mpa,0.125 Mpa,0.122 Mpa,0 Mpa,1733 RPM
2026-08-05 17:00:00,0.121 Mpa,0.122 Mpa,0.122 Mpa,0.122 Mpa,0 Mpa,0.118 Mpa,0.115 Mpa,0.118 Mpa,1.02 Mpa,0 Mpa,0.122 Mpa,0.119 Mpa,0.122 Mpa,0.118 Mpa,0 Mpa,0.120 Mpa,0.123 Mpa,0.119 Mpa,0.121 Mpa,,0.115 Mpa,0.113 Mpa,0.115 Mpa,0.115 Mpa,0.0246 Mpa,0.112 Mpa,0.111 Mpa,0.110 Mpa,0.112 Mpa,0 Mpa,0.121 Mpa,0.123 Mpa,0.120 Mpa,0.121 Mpa,0 Mpa,0.124 Mpa,0.126 Mpa,0.128 Mpa,0.900 Mpa,0 Mpa,0.124 Mpa,0.126 Mpa,0.126 Mpa,0.124 Mpa,0.00758 Mpa,0.121 Mpa,0.119 Mpa,0.123 Mpa,1.01 Mpa,0.00672 Mpa,0.120 Mpa,0.119 Mpa,0.119 Mpa,0.120 Mpa,0.00743 Mpa,1670 RPM
2026-08-05 19:00:00,0.121 Mpa,0.122 Mpa,0.122 Mpa,0.121 Mpa,0 Mpa,0.118 Mpa,0.115 Mpa,0.118 Mpa,1.02 Mpa,0 Mpa,0.119 Mpa,0.116 Mpa,0.118 Mpa,0.115 Mpa,0 Mpa,0.119 Mpa,0.121 Mpa,0.118 Mpa,0.120 Mpa,,0.118 Mpa,0.116 Mpa,0.118 Mpa,0.117 Mpa,0 Mpa,0.115 Mpa,0.115 Mpa,0.114 Mpa,0.116 Mpa,0 Mpa,0.124 Mpa,0.125 Mpa,0.124 Mpa,0.123 Mpa,0 Mpa,0.127 Mpa,0.128 Mpa,0.130 Mpa,0.914 Mpa,0 Mpa,0.125 Mpa,0.128 Mpa,0.128 Mpa,0.125 Mpa,0 Mpa,0.122 Mpa,0.121 Mpa,0.123 Mpa,1.02 Mpa,0 Mpa,0.120 Mpa,0.119 Mpa,0.119 Mpa,0.120 Mpa,0 Mpa,1782 RPM
2026-08-05 21:00:00,0.129 Mpa,0.129 Mpa,0.130 Mpa,0.129 Mpa,0 Mpa,0.118 Mpa,0.116 Mpa,0.118 Mpa,1.02 Mpa,0 Mpa,0.122 Mpa,0.119 Mpa,0.121 Mpa,0.119 Mpa,0 Mpa,0.120 Mpa,0.124 Mpa,0.120 Mpa,0.122 Mpa,,0.121 Mpa,0.118 Mpa,0.120 Mpa,0.120 Mpa,0 Mpa,0.117 Mpa,0.116 Mpa,0.115 Mpa,0.117 Mpa,0 Mpa,0.125 Mpa,0.126 Mpa,0.124 Mpa,0.124 Mpa,0 Mpa,0.126 Mpa,0.126 Mpa,0.129 Mpa,0.935 Mpa,0.00917 Mpa,0.117 Mpa,0.118 Mpa,0.117 Mpa,0.117 Mpa,0 Mpa,0.120 Mpa,0.119 Mpa,0.122 Mpa,1.02 Mpa,0 Mpa,0.122 Mpa,0.123 Mpa,0.123 Mpa,0.125 Mpa,0 Mpa,1737 RPM
2026-08-05 23:00:00,0.121 Mpa,0.124 Mpa,0.123 Mpa,0.123 Mpa,0.0423 Mpa,0.121 Mpa,0.118 Mpa,0.121 Mpa,1.02 Mpa,0 Mpa,0.119 Mpa,0.116 Mpa,0.119 Mpa,0.116 Mpa,0 Mpa,0.122 Mpa,0.125 Mpa,0.121 Mpa,0.123 Mpa,,0.118 Mpa,0.116 Mpa,0.117 Mpa,0.116 Mpa,0.0175 Mpa,0.109 Mpa,0.109 Mpa,0.107 Mpa,0.110 Mpa,0 Mpa,0.126 Mpa,0.127 Mpa,0.125 Mpa,0.125 Mpa,0 Mpa,0.125 Mpa,0.126 Mpa,0.128 Mpa,0.901 Mpa,0 Mpa,0.108 Mpa,0.108 Mpa,0.108 Mpa,0.0922 Mpa,0.0874 Mpa,0.119 Mpa,0.117 Mpa,0.120 Mpa,1.02 Mpa,0 Mpa,0.119 Mpa,0.120 Mpa,0.120 Mpa,0.121 Mpa,0 Mpa,1639 RPM
2026-08-06 01:00:00,0.125 Mpa,0.127 Mpa,0.126 Mpa,0.127 Mpa,0 Mpa,0.121 Mpa,0.119 Mpa,0.121 Mpa,1.02 Mpa,0 Mpa,0.116 Mpa,0.116 Mpa,0.115 Mpa,0.114 Mpa,0.0426 Mpa,0.114 Mpa,0.117 Mpa,0.114 Mpa,0.116 Mpa,,0.117 Mpa,0.116 Mpa,0.117 Mpa,0.117 Mpa,0.0104 Mpa,0.117 Mpa,0.118 Mpa,0.116 Mpa,0.118 Mpa,0 Mpa,0.126 Mpa,0.129 Mpa,0.126 Mpa,0.125 Mpa,0 Mpa,0.121 Mpa,0.121 Mpa,0.123 Mpa,0.923 Mpa,0 Mpa,,,,,,0.117 Mpa,0.116 Mpa,0.118 Mpa,1.01 Mpa,0.0113 Mpa,0.122 Mpa,0.122 Mpa,0.121 Mpa,0.122 Mpa,0 Mpa,1724 RPM
2026-08-06 03:00:00,0.129 Mpa,0.131 Mpa,0.129 Mpa,0.130 Mpa,0 Mpa,0.119 Mpa,0.116 Mpa,0.119 Mpa,1.01 Mpa,0 Mpa,0.121 Mpa,0.118 Mpa,0.121 Mpa,0.118 Mpa,0 Mpa,0.124 Mpa,0.126 Mpa,0.123 Mpa,0.125 Mpa,,0.121 Mpa,0.119 Mpa,0.121 Mpa,0.120 Mpa,0 Mpa,0.114 Mpa,0.113 Mpa,0.112 Mpa,0.114 Mpa,0 Mpa,0.126 Mpa,0.127 Mpa,0.125 Mpa,0.125 Mpa,0 Mpa,0.117 Mpa,0.118 Mpa,0.120 Mpa,0.931 Mpa,0 Mpa,0.118 Mpa,0.120 Mpa,0.118 Mpa,0.540 Mpa,0.170 Mpa,0.123 Mpa,0.122 Mpa,0.125 Mpa,1.02 Mpa,0 Mpa,0.122 Mpa,0.122 Mpa,0.126 Mpa,0.123 Mpa,0 Mpa,1772 RPM
2026-08-06 05:00:00,0.121 Mpa,0.123 Mpa,0.122 Mpa,0.122 Mpa,0 Mpa,0.120 Mpa,0.117 Mpa,0.119 Mpa,1.02 Mpa,0 Mpa,0.120 Mpa,0.117 Mpa,0.121 Mpa,0.117 Mpa,0 Mpa,0.120 Mpa,0.122 Mpa,0.120 Mpa,0.121 Mpa,,0.120 Mpa,0.119 Mpa,0.120 Mpa,0.120 Mpa,0 Mpa,0.113 Mpa,0.113 Mpa,0.112 Mpa,0.114 Mpa,0 Mpa,0.124 Mpa,0.124 Mpa,0.124 Mpa,0.123 Mpa,0 Mpa,0.117 Mpa,0.118 Mpa,0.119 Mpa,0.943 Mpa,0 Mpa,,,,,,0.117 Mpa,0.117 Mpa,0.119 Mpa,1.01 Mpa,0.00669 Mpa,0.118 Mpa,0.118 Mpa,0.118 Mpa,0.119 Mpa,0 Mpa,1589 RPM
2026-08-06 07:00:00,0.121 Mpa,0.123 Mpa,0.121 Mpa,0.122 Mpa,0.00749 Mpa,0.117 Mpa,0.115 Mpa,0.117 Mpa,1.02 Mpa,0 Mpa,0.119 Mpa,0.117 Mpa,0.118 Mpa,0.116 Mpa,0 Mpa,0.119 Mpa,0.122 Mpa,0.119 Mpa,0.120 Mpa,,0.118 Mpa,0.116 Mpa,0.118 Mpa,0.117 Mpa,0 Mpa,0.113 Mpa,0.113 Mpa,0.111 Mpa,0.114 Mpa,0 Mpa,0.128 Mpa,0.128 Mpa,0.127 Mpa,0.126 Mpa,0 Mpa,0.128 Mpa,0.129 Mpa,0.130 Mpa,0.877 Mpa,0 Mpa,,,,,,0.117 Mpa,0.116 Mpa,0.118 Mpa,1.02 Mpa,0 Mpa,0.121 Mpa,0.121 Mpa,0.121 Mpa,0.122 Mpa,0 Mpa,1677 RPM
2026-08-06 09:00:00,0.130 Mpa,0.131 Mpa,0.130 Mpa,0.131 Mpa,0 Mpa,0.117 Mpa,0.114 Mpa,0.117 Mpa,1.02 Mpa,0 Mpa,0.125 Mpa,0.122 Mpa,0.126 Mpa,0.122 Mpa,0 Mpa,0.122 Mpa,0.125 Mpa,0.121 Mpa,0.124 Mpa,,0.121 Mpa,0.119 Mpa,0.121 Mpa,0.120 Mpa,0 Mpa,0.115 Mpa,0.115 Mpa,0.113 Mpa,0.116 Mpa,0.00815 Mpa,0.122 Mpa,0.122 Mpa,0.121 Mpa,0.121 Mpa,0 Mpa,0.125 Mpa,0.126 Mpa,0.128 Mpa,0.874 Mpa,0 Mpa,,,,,,0.124 Mpa,0.124 Mpa,0.126 Mpa,1.02 Mpa,0 Mpa,0.125 Mpa,0.125 Mpa,0.126 Mpa,0.126 Mpa,0 Mpa,1779 RPM
2026-08-06 11:00:00,0.129 Mpa,0.131 Mpa,0.131 Mpa,0.131 Mpa,0 Mpa,0.119 Mpa,0.115 Mpa,0.118 Mpa,1.02 Mpa,0 Mpa,0.126 Mpa,0.122 Mpa,0.125 Mpa,0.123 Mpa,0 Mpa,0.119 Mpa,0.123 Mpa,0.118 Mpa,0.121 Mpa,,0.120 Mpa,0.117 Mpa,0.120 Mpa,0.118 Mpa,0 Mpa,0.116 Mpa,0.117 Mpa,0.114 Mpa,0.118 Mpa,0 Mpa,0.125 Mpa,0.125 Mpa,0.124 Mpa,0.124 Mpa,0.0437 Mpa,0.124 Mpa,0.126 Mpa,0.128 Mpa,0.880 Mpa,0.0132 Mpa,0.115 Mpa,0.116 Mpa,0.115 Mpa,1.01 Mpa,0.0110 Mpa,0.126 Mpa,0.126 Mpa,0.128 Mpa,1.02 Mpa,0 Mpa,0.123 Mpa,0.123 Mpa,0.131 Mpa,0.124 Mpa,0 Mpa,1752 RPM
2026-08-06 13:00:00,0.124 Mpa,0.126 Mpa,0.125 Mpa,0.126 Mpa,0 Mpa,0.115 Mpa,0.112 Mpa,0.115 Mpa,1.02 Mpa,0 Mpa,0.116 Mpa,0.114 Mpa,0.115 Mpa,0.113 Mpa,0.0184 Mpa,0.114 Mpa,0.117 Mpa,0.114 Mpa,0.115 Mpa,,0.118 Mpa,0.115 Mpa,0.117 Mpa,0.117 Mpa,0 Mpa,0.116 Mpa,0.116 Mpa,0.115 Mpa,0.117 Mpa,0 Mpa,0.128 Mpa,0.129 Mpa,0.127 Mpa,0.126 Mpa,0 Mpa,0.128 Mpa,0.129 Mpa,0.132 Mpa,0.890 Mpa,0.0123 Mpa,,,,,,0.122 Mpa,0.121 Mpa,0.123 Mpa,1.02 Mpa,0 Mpa,0.123 Mpa,0.122 Mpa,0.127 Mpa,0.123 Mpa,0.0138 Mpa,1677 RPM
2026-08-06 15:00:00,0.123 Mpa,0.124 Mpa,0.124 Mpa,0.124 Mpa,0 Mpa,0.118 Mpa,0.116 Mpa,0.118 Mpa,1.01 Mpa,0.00994 Mpa,0.118 Mpa,0.116 Mpa,0.118 Mpa,0.115 Mpa,0 Mpa,0.108 Mpa,0.111 Mpa,0.108 Mpa,0.110 Mpa,,0.108 Mpa,0.107 Mpa,0.107 Mpa,0.107 Mpa,0 Mpa,0.119 Mpa,0.118 Mpa,0.117 Mpa,0.119 Mpa,0 Mpa,0.129 Mpa,0.129 Mpa,0.127 Mpa,0.127 Mpa,0 Mpa,0.123 Mpa,0.125 Mpa,0.127 Mpa,0.900 Mpa,0 Mpa,,,,,,0.120 Mpa,0.119 Mpa,0.122 Mpa,1.02 Mpa,0 Mpa,0.115 Mpa,0.116 Mpa,0.115 Mpa,0.117 Mpa,0.00565 Mpa,1622 RPM
2026-08-06 17:00:00,0.121 Mpa,0.122 Mpa,0.123 Mpa,0.122 Mpa,0 Mpa,0.119 Mpa,0.116 Mpa,0.119 Mpa,1.01 Mpa,0.0119 Mpa,0.116 Mpa,0.114 Mpa,0.115 Mpa,0.113 Mpa,0 Mpa,0.115 Mpa,0.119 Mpa,0.115 Mpa,0.118 Mpa,,0.105 Mpa,0.104 Mpa,0.103 Mpa,0.104 Mpa,0.0114 Mpa,0.117 Mpa,0.117 Mpa,0.116 Mpa,0.118 Mpa,0 Mpa,0.129 Mpa,0.130 Mpa,0.128 Mpa,0.128 Mpa,0 Mpa,0.123 Mpa,0.124 Mpa,0.126 Mpa,0.915 Mpa,0 Mpa,,,,,,0.119 Mpa,0.118 Mpa,0.121 Mpa,1.01 Mpa,0.00677 Mpa,0.122 Mpa,0.121 Mpa,0.121 Mpa,0.122 Mpa,0.00511 Mpa,1620 RPM
2026-08-06 19:00:00,0.121 Mpa,0.122 Mpa,0.123 Mpa,0.122 Mpa,0 Mpa,0.118 Mpa,0.116 Mpa,0.118 Mpa,1.02 Mpa,0 Mpa,0.119 Mpa,0.116 Mpa,0.119 Mpa,0.116 Mpa,0 Mpa,0.110 Mpa,0.114 Mpa,0.109 Mpa,0.112 Mpa,,0.118 Mpa,0.117 Mpa,0.117 Mpa,0.118 Mpa,0 Mpa,0.118 Mpa,0.117 Mpa,0.116 Mpa,0.118 Mpa,0 Mpa,0.125 Mpa,0.126 Mpa,0.124 Mpa,0.124 Mpa,0 Mpa,0.122 Mpa,0.123 Mpa,0.124 Mpa,0.917 Mpa,0.00791 Mpa,,,,,,0.118 Mpa,0.117 Mpa,0.120 Mpa,1.02 Mpa,0 Mpa,0.118 Mpa,0.118 Mpa,0.117 Mpa,0.119 Mpa,0 Mpa,1699 RPM
2026-08-06 21:00:00,0.124 Mpa,0.124 Mpa,0.126 Mpa,0.124 Mpa,0 Mpa,0.124 Mpa,0.121 Mpa,0.124 Mpa,1.02 Mpa,0 Mpa,0.117 Mpa,0.113 Mpa,0.117 Mpa,0.113 Mpa,0 Mpa,0.119 Mpa,0.121 Mpa,0.118 Mpa,0.119 Mpa,,0.122 Mpa,0.120 Mpa,0.122 Mpa,0.121 Mpa,0 Mpa,0.118 Mpa,0.118 Mpa,0.117 Mpa,0.118 Mpa,0 Mpa,0.126 Mpa,0.127 Mpa,0.125 Mpa,0.125 Mpa,0 Mpa,0.124 Mpa,0.125 Mpa,0.126 Mpa,0.927 Mpa,0 Mpa,,,,,,0.120 Mpa,0.120 Mpa,0.122 Mpa,1.02 Mpa,0 Mpa,0.120 Mpa,0.119 Mpa,0.119 Mpa,0.121 Mpa,0 Mpa,1758 RPM
2026-08-06 23:00:00,0.123 Mpa,0.125 Mpa,0.124 Mpa,0.124 Mpa,0.00737 Mpa,0.121 Mpa,0.118 Mpa,0.121 Mpa,1.02 Mpa,0 Mpa,0.119 Mpa,0.115 Mpa,0.119 Mpa,0.115 Mpa,0.00274 Mpa,0.114 Mpa,0.117 Mpa,0.113 Mpa,0.116 Mpa,,0.118 Mpa,0.116 Mpa,0.118 Mpa,0.117 Mpa,0.00965 Mpa,0.119 Mpa,0.118 Mpa,0.117 Mpa,0.119 Mpa,0 Mpa,0.125 Mpa,0.126 Mpa,0.124 Mpa,0.123 Mpa,0 Mpa,0.123 Mpa,0.124 Mpa,0.126 Mpa,0.915 Mpa,0 Mpa,0.100 Mpa,0.101 Mpa,0.100 Mpa,0.933 Mpa,1.04 Mpa,0.119 Mpa,0.119 Mpa,0.121 Mpa,1.01 Mpa,0.0162 Mpa,0.120 Mpa,0.120 Mpa,0.119 Mpa,0.121 Mpa,0 Mpa,1675 RPM
2026-08-07 01:00:00,0.120 Mpa,0.121 Mpa,0.121 Mpa,0.120 Mpa,0.0140 Mpa,0.122 Mpa,0.119 Mpa,0.122 Mpa,1.02 Mpa,0 Mpa,0.120 Mpa,0.117 Mpa,0.121 Mpa,0.117 Mpa,0 Mpa,0.116 Mpa,0.120 Mpa,0.115 Mpa,0.118 Mpa,,0.117 Mpa,0.116 Mpa,0.116 Mpa,0.116 Mpa,0.0276 Mpa,0.119 Mpa,0.118 Mpa,0.118 Mpa,0.120 Mpa,0 Mpa,0.125 Mpa,0.128 Mpa,0.125 Mpa,0.124 Mpa,0 Mpa,0.127 Mpa,0.128 Mpa,0.130 Mpa,0.880 Mpa,0 Mpa,0.118 Mpa,0.118 Mpa,0.118 Mpa,0.996 Mpa,1.02 Mpa,0.120 Mpa,0.119 Mpa,0.121 Mpa,1.02 Mpa,0 Mpa,0.122 Mpa,0.122 Mpa,0.123 Mpa,0.123 Mpa,0 Mpa,1695 RPM
2026-08-07 03:00:00,0.122 Mpa,0.124 Mpa,0.123 Mpa,0.123 Mpa,0 Mpa,0.116 Mpa,0.115 Mpa,0.116 Mpa,0.970 Mpa,0.0894 Mpa,0.122 Mpa,0.119 Mpa,0.122 Mpa,0.119 Mpa,0 Mpa,0.116 Mpa,0.118 Mpa,0.115 Mpa,0.117 Mpa,,0.121 Mpa,0.119 Mpa,0.121 Mpa,0.120 Mpa,0 Mpa,0.121 Mpa,0.120 Mpa,0.120 Mpa,0.121 Mpa,0 Mpa,0.129 Mpa,0.131 Mpa,0.128 Mpa,0.127 Mpa,0 Mpa,0.126 Mpa,0.128 Mpa,0.130 Mpa,0.900 Mpa,0 Mpa,0.113 Mpa,0.113 Mpa,0.113 Mpa,1.02 Mpa,1 Mpa,0.121 Mpa,0.120 Mpa,0.122 Mpa,1.02 Mpa,0 Mpa,0.122 Mpa,0.121 Mpa,0.132 Mpa,0.123 Mpa,0 Mpa,1756 RPM
2026-08-07 05:00:00,0.118 Mpa,0.119 Mpa,0.119 Mpa,0.119 Mpa,0 Mpa,0.120 Mpa,0.118 Mpa,0.121 Mpa,1.01 Mpa,0.00668 Mpa,0.120 Mpa,0.117 Mpa,0.121 Mpa,0.117 Mpa,0 Mpa,0.116 Mpa,0.119 Mpa,0.115 Mpa,0.117 Mpa,,0.120 Mpa,0.118 Mpa,0.120 Mpa,0.119 Mpa,0 Mpa,0.118 Mpa,0.117 Mpa,0.117 Mpa,0.118 Mpa,0 Mpa,0.127 Mpa,0.130 Mpa,0.126 Mpa,0.126 Mpa,0 Mpa,0.125 Mpa,0.127 Mpa,0.129 Mpa,0.904 Mpa,0 Mpa,0.129 Mpa,0.130 Mpa,0.130 Mpa,1.02 Mpa,0.923 Mpa,0.122 Mpa,0.121 Mpa,0.123 Mpa,1.02 Mpa,0 Mpa,0.124 Mpa,0.123 Mpa,0.136 Mpa,0.125 Mpa,0.00492 Mpa,1698 RPM
2026-08-07 07:00:00,0.125 Mpa,0.126 Mpa,0.126 Mpa,0.127 Mpa,0 Mpa,0.120 Mpa,0.117 Mpa,0.120 Mpa,1.02 Mpa,0 Mpa,0.117 Mpa,0.113 Mpa,0.118 Mpa,0.113 Mpa,0 Mpa,0.120 Mpa,0.122 Mpa,0.118 Mpa,0.120 Mpa,,0.122 Mpa,0.120 Mpa,0.122 Mpa,0.121 Mpa,0 Mpa,0.120 Mpa,0.118 Mpa,0.118 Mpa,0.120 Mpa,0 Mpa,0.133 Mpa,0.134 Mpa,0.132 Mpa,0.131 Mpa,0 Mpa,0.126 Mpa,0.127 Mpa,0.129 Mpa,0.894 Mpa,0 Mpa,0.132 Mpa,0.134 Mpa,0.134 Mpa,1.02 Mpa,1 Mpa,0.122 Mpa,0.121 Mpa,0.124 Mpa,1.02 Mpa,0 Mpa,0.119 Mpa,0.120 Mpa,0.134 Mpa,0.121 Mpa,0 Mpa,1761 RPM
2026-08-07 09:00:00,0.122 Mpa,0.123 Mpa,0.124 Mpa,0.123 Mpa,0 Mpa,0.118 Mpa,0.116 Mpa,0.118 Mpa,1.02 Mpa,0 Mpa,0.117 Mpa,0.113 Mpa,0.117 Mpa,0.113 Mpa,0 Mpa,0.125 Mpa,0.128 Mpa,0.124 Mpa,0.126 Mpa,,0.121 Mpa,0.119 Mpa,0.121 Mpa,0.120 Mpa,0 Mpa,0.120 Mpa,0.119 Mpa,0.119 Mpa,0.120 Mpa,0 Mpa,0.127 Mpa,0.130 Mpa,0.127 Mpa,0.126 Mpa,0 Mpa,0.124 Mpa,0.125 Mpa,0.127 Mpa,0.908 Mpa,0 Mpa,0.130 Mpa,0.132 Mpa,0.131 Mpa,1.02 Mpa,1 Mpa,0.123 Mpa,0.122 Mpa,0.124 Mpa,1.02 Mpa,0 Mpa,0.117 Mpa,0.116 Mpa,0.116 Mpa,0.117 Mpa,0 Mpa,1764 RPM
2026-08-07 11:00:00,0.127 Mpa,0.129 Mpa,0.129 Mpa,0.128 Mpa,0 Mpa,0.116 Mpa,0.114 Mpa,0.117 Mpa,1.02 Mpa,0 Mpa,0.119 Mpa,0.115 Mpa,0.119 Mpa,0.116 Mpa,0 Mpa,0.120 Mpa,0.124 Mpa,0.118 Mpa,0.121 Mpa,,0.121 Mpa,0.119 Mpa,0.121 Mpa,0.120 Mpa,0 Mpa,0.120 Mpa,0.119 Mpa,0.119 Mpa,0.120 Mpa,0.00725 Mpa,0.126 Mpa,0.126 Mpa,0.125 Mpa,0.125 Mpa,0.0128 Mpa,0.131 Mpa,0.133 Mpa,0.135 Mpa,0.873 Mpa,0 Mpa,0.123 Mpa,0.126 Mpa,0.125 Mpa,1.02 Mpa,1 Mpa,0.121 Mpa,0.120 Mpa,0.123 Mpa,1.02 Mpa,0 Mpa,0.122 Mpa,0.122 Mpa,0.133 Mpa,0.123 Mpa,0.0503 Mpa,1657 RPM
2026-08-07 13:00:00,0.127 Mpa,0.129 Mpa,0.129 Mpa,0.129 Mpa,0.00784 Mpa,0.118 Mpa,0.116 Mpa,0.118 Mpa,1.02 Mpa,0 Mpa,0.118 Mpa,0.115 Mpa,0.117 Mpa,0.115 Mpa,0.0349 Mpa,0.118 Mpa,0.121 Mpa,0.117 Mpa,0.119 Mpa,,0.116 Mpa,0.114 Mpa,0.116 Mpa,0.115 Mpa,0 Mpa,0.119 Mpa,0.118 Mpa,0.118 Mpa,0.119 Mpa,0 Mpa,0.122 Mpa,0.122 Mpa,0.121 Mpa,0.120 Mpa,0 Mpa,0.122 Mpa,0.122 Mpa,0.124 Mpa,0.920 Mpa,0 Mpa,0.132 Mpa,0.136 Mpa,0.134 Mpa,1.02 Mpa,1 Mpa,0.121 Mpa,0.121 Mpa,0.123 Mpa,1.01 Mpa,0.00572 Mpa,0.128 Mpa,0.128 Mpa,0.128 Mpa,0.129 Mpa,0 Mpa,1646 RPM
2026-08-07 15:00:00,0.127 Mpa,0.129 Mpa,0.129 Mpa,0.129 Mpa,0 Mpa,0.118 Mpa,0.115 Mpa,0.118 Mpa,1.02 Mpa,0 Mpa,0.117 Mpa,0.115 Mpa,0.117 Mpa,0.114 Mpa,0 Mpa,0.121 Mpa,0.124 Mpa,0.120 Mpa,0.122 Mpa,,0.120 Mpa,0.118 Mpa,0.120 Mpa,0.120 Mpa,0 Mpa,0.121 Mpa,0.120 Mpa,0.120 Mpa,0.121 Mpa,0 Mpa,0.126 Mpa,0.126 Mpa,0.124 Mpa,0.123 Mpa,0 Mpa,0.120 Mpa,0.122 Mpa,0.124 Mpa,0.924 Mpa,0 Mpa,0.120 Mpa,0.123 Mpa,0.122 Mpa,1.01 Mpa,1.00 Mpa,0.107 Mpa,0.107 Mpa,0.107 Mpa,0.893 Mpa,0.0469 Mpa,0.128 Mpa,0.128 Mpa,0.132 Mpa,0.129 Mpa,0 Mpa,1679 RPM
2026-08-07 17:00:00,0.123 Mpa,0.124 Mpa,0.124 Mpa,0.124 Mpa,0 Mpa,0.118 Mpa,0.116 Mpa,0.118 Mpa,1.01 Mpa,0.0103 Mpa,0.120 Mpa,0.117 Mpa,0.119 Mpa,0.116 Mpa,0 Mpa,0.114 Mpa,0.117 Mpa,0.114 Mpa,0.115 Mpa,,0.114 Mpa,0.113 Mpa,0.114 Mpa,0.114 Mpa,0 Mpa,0.117 Mpa,0.117 Mpa,0.115 Mpa,0.118 Mpa,0 Mpa,0.125 Mpa,0.127 Mpa,0.124 Mpa,0.124 Mpa,0 Mpa,0.124 Mpa,0.126 Mpa,0.126 Mpa,0.920 Mpa,0 Mpa,0.116 Mpa,0.117 Mpa,0.117 Mpa,1.02 Mpa,0.810 Mpa,,,,,,0.125 Mpa,0.125 Mpa,0.125 Mpa,0.126 Mpa,0.00818 Mpa,1677 RPM
2026-08-07 19:00:00,0.122 Mpa,0.124 Mpa,0.124 Mpa,0.124 Mpa,0 Mpa,0.117 Mpa,0.115 Mpa,0.118 Mpa,1.02 Mpa,0 Mpa,0.120 Mpa,0.117 Mpa,0.120 Mpa,0.118 Mpa,0 Mpa,0.118 Mpa,0.121 Mpa,0.118 Mpa,0.120 Mpa,,0.118 Mpa,0.116 Mpa,0.118 Mpa,0.118 Mpa,0 Mpa,0.119 Mpa,0.119 Mpa,0.118 Mpa,0.120 Mpa,0 Mpa,0.120 Mpa,0.122 Mpa,0.119 Mpa,0.119 Mpa,0 Mpa,0.127 Mpa,0.128 Mpa,0.129 Mpa,0.894 Mpa,0 Mpa,0.123 Mpa,0.126 Mpa,0.125 Mpa,1.02 Mpa,0.196 Mpa,0.106 Mpa,0.103 Mpa,0.106 Mpa,0.222 Mpa,0.235 Mpa,0.111 Mpa,0.111 Mpa,0.111 Mpa,0.111 Mpa,0 Mpa,1671 RPM
2026-08-07 21:00:00,0.120 Mpa,0.122 Mpa,0.122 Mpa,0.122 Mpa,0 Mpa,0.122 Mpa,0.118 Mpa,0.122 Mpa,1.02 Mpa,0 Mpa,0.119 Mpa,0.115 Mpa,0.119 Mpa,0.115 Mpa,0 Mpa,0.124 Mpa,0.126 Mpa,0.123 Mpa,0.124 Mpa,,0.116 Mpa,0.114 Mpa,0.116 Mpa,0.115 Mpa,0 Mpa,0.118 Mpa,0.118 Mpa,0.117 Mpa,0.119 Mpa,0 Mpa,0.132 Mpa,0.131 Mpa,0.131 Mpa,0.129 Mpa,0 Mpa,0.119 Mpa,0.120 Mpa,0.120 Mpa,1.00 Mpa,0.0164 Mpa,0.124 Mpa,0.127 Mpa,0.126 Mpa,1.02 Mpa,0 Mpa,0.105 Mpa,0.104 Mpa,0.105 Mpa,0.222 Mpa,0.00873 Mpa,0.114 Mpa,0.114 Mpa,0.114 Mpa,0.114 Mpa,0 Mpa,1631 RPM
2026-08-07 23:00:00,0.110 Mpa,0.112 Mpa,0.110 Mpa,0.110 Mpa,0.0579 Mpa,0.117 Mpa,0.115 Mpa,0.117 Mpa,1.02 Mpa,0 Mpa,0.121 Mpa,0.118 Mpa,0.120 Mpa,0.117 Mpa,0.0368 Mpa,0.122 Mpa,0.126 Mpa,0.120 Mpa,0.124 Mpa,,0.118 Mpa,0.116 Mpa,0.118 Mpa,0.116 Mpa,0 Mpa,0.117 Mpa,0.117 Mpa,0.116 Mpa,0.118 Mpa,0 Mpa,0.127 Mpa,0.125 Mpa,0.126 Mpa,0.124 Mpa,0 Mpa,0.124 Mpa,0.126 Mpa,0.126 Mpa,0.894 Mpa,0 Mpa,0.123 Mpa,0.127 Mpa,0.125 Mpa,1.02 Mpa,0 Mpa,0.113 Mpa,0.113 Mpa,0.114 Mpa,0.249 Mpa,0 Mpa,0.121 Mpa,0.121 Mpa,0.121 Mpa,0.122 Mpa,0 Mpa,1716 RPM
2026-08-08 01:00:00,0.120 Mpa,0.122 Mpa,0.121 Mpa,0.122 Mpa,0 Mpa,0.118 Mpa,0.116 Mpa,0.118 Mpa,1.01 Mpa,0.00830 Mpa,0.122 Mpa,0.119 Mpa,0.121 Mpa,0.118 Mpa,0 Mpa,0.121 Mpa,0.126 Mpa,0.120 Mpa,0.124 Mpa,,0.118 Mpa,0.116 Mpa,0.117 Mpa,0.117 Mpa,0 Mpa,0.118 Mpa,0.117 Mpa,0.117 Mpa,0.119 Mpa,0 Mpa,0.124 Mpa,0.124 Mpa,0.124 Mpa,0.123 Mpa,0 Mpa,0.131 Mpa,0.130 Mpa,0.133 Mpa,0.881 Mpa,0 Mpa,0.122 Mpa,0.124 Mpa,0.123 Mpa,1.02 Mpa,0 Mpa,,,,,,0.125 Mpa,0.125 Mpa,0.137 Mpa,0.126 Mpa,0 Mpa,1722 RPM
2026-08-08 03:00:00,0.132 Mpa,0.134 Mpa,0.133 Mpa,0.133 Mpa,0 Mpa,0.112 Mpa,0.111 Mpa,0.113 Mpa,1.01 Mpa,0.00965 Mpa,0.120 Mpa,0.118 Mpa,0.120 Mpa,0.117 Mpa,0 Mpa,0.120 Mpa,0.123 Mpa,0.119 Mpa,0.121 Mpa,,0.119 Mpa,0.117 Mpa,0.119 Mpa,0.118 Mpa,0 Mpa,0.115 Mpa,0.115 Mpa,0.115 Mpa,0.116 Mpa,0 Mpa,0.131 Mpa,0.131 Mpa,0.130 Mpa,0.128 Mpa,0 Mpa,0.128 Mpa,0.129 Mpa,0.131 Mpa,0.887 Mpa,0 Mpa,0.122 Mpa,0.123 Mpa,0.123 Mpa,1.02 Mpa,0 Mpa,,,,,,0.123 Mpa,0.124 Mpa,0.143 Mpa,0.125 Mpa,0 Mpa,1761 RPM
2026-08-08 05:00:00,0.127 Mpa,0.129 Mpa,0.128 Mpa,0.128 Mpa,0 Mpa,0.116 Mpa,0.115 Mpa,0.117 Mpa,1.01 Mpa,0.00770 Mpa,0.119 Mpa,0.116 Mpa,0.119 Mpa,0.116 Mpa,0 Mpa,0.116 Mpa,0.119 Mpa,0.115 Mpa,0.118 Mpa,,0.117 Mpa,0.115 Mpa,0.116 Mpa,0.116 Mpa,0 Mpa,0.116 Mpa,0.115 Mpa,0.114 Mpa,0.116 Mpa,0 Mpa,0.128 Mpa,0.128 Mpa,0.127 Mpa,0.125 Mpa,0 Mpa,0.127 Mpa,0.128 Mpa,0.130 Mpa,0.895 Mpa,0 Mpa,0.117 Mpa,0.118 Mpa,0.118 Mpa,1.02 Mpa,0 Mpa,,,,,,0.120 Mpa,0.120 Mpa,0.130 Mpa,0.122 Mpa,0.00546 Mpa,1599 RPM
2026-08-08 07:00:00,0.128 Mpa,0.129 Mpa,0.130 Mpa,0.129 Mpa,0 Mpa,0.118 Mpa,0.116 Mpa,0.118 Mpa,1.02 Mpa,0 Mpa,0.123 Mpa,0.119 Mpa,0.123 Mpa,0.119 Mpa,0 Mpa,0.109 Mpa,0.112 Mpa,0.109 Mpa,0.111 Mpa,,0.117 Mpa,0.115 Mpa,0.116 Mpa,0.116 Mpa,0 Mpa,0.118 Mpa,0.117 Mpa,0.116 Mpa,0.118 Mpa,0 Mpa,0.130 Mpa,0.129 Mpa,0.128 Mpa,0.127 Mpa,0 Mpa,0.125 Mpa,0.126 Mpa,0.128 Mpa,0.908 Mpa,0 Mpa,0.125 Mpa,0.125 Mpa,0.126 Mpa,1.02 Mpa,0 Mpa,,,,,,0.113 Mpa,0.113 Mpa,0.112 Mpa,0.113 Mpa,0 Mpa,1635 RPM
2026-08-08 09:00:00,0.128 Mpa,0.129 Mpa,0.130 Mpa,0.129 Mpa,0 Mpa,0.118 Mpa,0.115 Mpa,0.118 Mpa,1.02 Mpa,0 Mpa,0.124 Mpa,0.121 Mpa,0.124 Mpa,0.121 Mpa,0 Mpa,0.114 Mpa,0.115 Mpa,0.114 Mpa,0.115 Mpa,,0.116 Mpa,0.115 Mpa,0.116 Mpa,0.116 Mpa,0 Mpa,0.123 Mpa,0.123 Mpa,0.122 Mpa,0.124 Mpa,0 Mpa,0.130 Mpa,0.129 Mpa,0.129 Mpa,0.127 Mpa,0 Mpa,0.123 Mpa,0.123 Mpa,0.126 Mpa,0.851 Mpa,0.0157 Mpa,0.124 Mpa,0.126 Mpa,0.126 Mpa,1.02 Mpa,0 Mpa,,,,,,0.121 Mpa,0.121 Mpa,0.135 Mpa,0.122 Mpa,0.00682 Mpa,1678 RPM
2026-08-08 11:00:00,0.128 Mpa,0.130 Mpa,0.130 Mpa,0.130 Mpa,0 Mpa,0.117 Mpa,0.114 Mpa,0.117 Mpa,1.02 Mpa,0 Mpa,0.121 Mpa,0.117 Mpa,0.121 Mpa,0.118 Mpa,0 Mpa,0.127 Mpa,0.130 Mpa,0.126 Mpa,0.128 Mpa,,0.117 Mpa,0.115 Mpa,0.116 Mpa,0.116 Mpa,0 Mpa,0.123 Mpa,0.121 Mpa,0.121 Mpa,0.122 Mpa,0 Mpa,0.130 Mpa,0.129 Mpa,0.130 Mpa,0.128 Mpa,0.0104 Mpa,0.117 Mpa,0.117 Mpa,0.119 Mpa,0.920 Mpa,0.00692 Mpa,0.124 Mpa,0.125 Mpa,0.125 Mpa,1.01 Mpa,0.0135 Mpa,,,,,,0.115 Mpa,0.115 Mpa,0.269 Mpa,0.116 Mpa,0.0687 Mpa,1628 RPM
2026-08-08 13:00:00,0.129 Mpa,0.131 Mpa,0.130 Mpa,0.129 Mpa,0 Mpa,0.115 Mpa,0.113 Mpa,0.115 Mpa,1.02 Mpa,0 Mpa,0.117 Mpa,0.114 Mpa,0.117 Mpa,0.114 Mpa,0 Mpa,0.120 Mpa,0.123 Mpa,0.120 Mpa,0.122 Mpa,,0.118 Mpa,0.118 Mpa,0.118 Mpa,0.119 Mpa,0 Mpa,0.120 Mpa,0.119 Mpa,0.118 Mpa,0.120 Mpa,0.0157 Mpa,0.135 Mpa,0.134 Mpa,0.134 Mpa,0.131 Mpa,0 Mpa,0.125 Mpa,0.125 Mpa,0.128 Mpa,0.887 Mpa,0 Mpa,0.123 Mpa,0.125 Mpa,0.125 Mpa,1.02 Mpa,0 Mpa,,,,,,0.123 Mpa,0.124 Mpa,0.126 Mpa,0.126 Mpa,0 Mpa,1670 RPM
2026-08-08 15:00:00,0.128 Mpa,0.130 Mpa,0.129 Mpa,0.129 Mpa,0 Mpa,0.115 Mpa,0.113 Mpa,0.115 Mpa,1.02 Mpa,0 Mpa,0.114 Mpa,0.110 Mpa,0.113 Mpa,0.110 Mpa,0 Mpa,0.114 Mpa,0.116 Mpa,0.114 Mpa,0.115 Mpa,,0.115 Mpa,0.114 Mpa,0.116 Mpa,0.115 Mpa,0 Mpa,0.121 Mpa,0.120 Mpa,0.119 Mpa,0.121 Mpa,0 Mpa,0.131 Mpa,0.131 Mpa,0.130 Mpa,0.128 Mpa,0 Mpa,0.128 Mpa,0.130 Mpa,0.132 Mpa,0.881 Mpa,0 Mpa,0.119 Mpa,0.121 Mpa,0.121 Mpa,1.02 Mpa,0 Mpa,0.115 Mpa,0.115 Mpa,0.116 Mpa,0.112 Mpa,0.0447 Mpa,0.122 Mpa,0.122 Mpa,0.123 Mpa,0.124 Mpa,0 Mpa,1613 RPM
2026-08-08 17:00:00,0.120 Mpa,0.121 Mpa,0.121 Mpa,0.121 Mpa,0 Mpa,0.116 Mpa,0.114 Mpa,0.116 Mpa,1.01 Mpa,0 Mpa,0.120 Mpa,0.118 Mpa,0.120 Mpa,0.117 Mpa,0 Mpa,0.124 Mpa,0.127 Mpa,0.123 Mpa,0.125 Mpa,,0.119 Mpa,0.117 Mpa,0.119 Mpa,0.118 Mpa,0 Mpa,0.115 Mpa,0.115 Mpa,0.114 Mpa,0.116 Mpa,0 Mpa,0.125 Mpa,0.124 Mpa,0.123 Mpa,0.123 Mpa,0 Mpa,0.126 Mpa,0.127 Mpa,0.130 Mpa,0.886 Mpa,0 Mpa,0.122 Mpa,0.123 Mpa,0.124 Mpa,1.01 Mpa,0.00768 Mpa,0.129 Mpa,0.127 Mpa,0.130 Mpa,0.126 Mpa,0.00518 Mpa,0.116 Mpa,0.117 Mpa,0.118 Mpa,0.118 Mpa,0 Mpa,1639 RPM
2026-08-08 19:00:00,0.117 Mpa,0.119 Mpa,0.118 Mpa,0.119 Mpa,0 Mpa,0.119 Mpa,0.116 Mpa,0.119 Mpa,1.02 Mpa,0 Mpa,0.117 Mpa,0.115 Mpa,0.117 Mpa,0.114 Mpa,0 Mpa,0.123 Mpa,0.126 Mpa,0.123 Mpa,0.124 Mpa,,0.121 Mpa,0.118 Mpa,0.120 Mpa,0.120 Mpa,0 Mpa,0.116 Mpa,0.116 Mpa,0.115 Mpa,0.117 Mpa,0 Mpa,0.127 Mpa,0.125 Mpa,0.126 Mpa,0.124 Mpa,0 Mpa,0.123 Mpa,0.124 Mpa,0.126 Mpa,0.926 Mpa,0 Mpa,0.121 Mpa,0.125 Mpa,0.123 Mpa,1.02 Mpa,0.440 Mpa,0.133 Mpa,0.133 Mpa,0.135 Mpa,0.132 Mpa,0 Mpa,0.117 Mpa,0.118 Mpa,0.117 Mpa,0.119 Mpa,0 Mpa,1728 RPM
2026-08-08 21:00:00,0.128 Mpa,0.129 Mpa,0.130 Mpa,0.129 Mpa,0 Mpa,0.119 Mpa,0.116 Mpa,0.119 Mpa,1.02 Mpa,0 Mpa,0.119 Mpa,0.116 Mpa,0.119 Mpa,0.115 Mpa,0 Mpa,0.123 Mpa,0.126 Mpa,0.122 Mpa,0.124 Mpa,,0.119 Mpa,0.117 Mpa,0.119 Mpa,0.118 Mpa,0 Mpa,0.121 Mpa,0.121 Mpa,0.119 Mpa,0.123 Mpa,0 Mpa,0.124 Mpa,0.123 Mpa,0.123 Mpa,0.122 Mpa,0 Mpa,0.129 Mpa,0.131 Mpa,0.133 Mpa,0.873 Mpa,0 Mpa,0.125 Mpa,0.129 Mpa,0.127 Mpa,1.02 Mpa,0 Mpa,0.137 Mpa,0.135 Mpa,0.138 Mpa,0.134 Mpa,0 Mpa,0.118 Mpa,0.119 Mpa,0.119 Mpa,0.121 Mpa,0 Mpa,1741 RPM
2026-08-08 23:00:00,0.122 Mpa,0.125 Mpa,0.124 Mpa,0.125 Mpa,0.0260 Mpa,0.116 Mpa,0.114 Mpa,0.117 Mpa,1.02 Mpa,0 Mpa,0.116 Mpa,0.114 Mpa,0.116 Mpa,0.113 Mpa,0.00576 Mpa,0.122 Mpa,0.124 Mpa,0.121 Mpa,0.123 Mpa,,0.114 Mpa,0.112 Mpa,0.114 Mpa,0.113 Mpa,0.0185 Mpa,0.122 Mpa,0.122 Mpa,0.121 Mpa,0.123 Mpa,0 Mpa,0.123 Mpa,0.124 Mpa,0.122 Mpa,0.122 Mpa,0 Mpa,0.121 Mpa,0.122 Mpa,0.124 Mpa,0.905 Mpa,0.0317 Mpa,0.125 Mpa,0.128 Mpa,0.127 Mpa,1.02 Mpa,0 Mpa,0.124 Mpa,0.123 Mpa,0.126 Mpa,0.123 Mpa,0.0162 Mpa,0.117 Mpa,0.118 Mpa,0.118 Mpa,0.119 Mpa,0.0117 Mpa,1633 RPM
2026-08-09 01:00:00,0.121 Mpa,0.122 Mpa,0.122 Mpa,0.122 Mpa,0 Mpa,0.117 Mpa,0.115 Mpa,0.117 Mpa,1.01 Mpa,0.0111 Mpa,0.122 Mpa,0.118 Mpa,0.121 Mpa,0.118 Mpa,0 Mpa,0.118 Mpa,0.121 Mpa,0.118 Mpa,0.120 Mpa,,0.118 Mpa,0.115 Mpa,0.117 Mpa,0.116 Mpa,0 Mpa,0.121 Mpa,0.120 Mpa,0.119 Mpa,0.121 Mpa,0 Mpa,0.126 Mpa,0.126 Mpa,0.125 Mpa,0.124 Mpa,0 Mpa,0.129 Mpa,0.131 Mpa,0.133 Mpa,0.881 Mpa,0 Mpa,0.131 Mpa,0.135 Mpa,0.133 Mpa,1.02 Mpa,0.441 Mpa,0.133 Mpa,0.133 Mpa,0.135 Mpa,0.132 Mpa,0 Mpa,,,,,,1777 RPM
2026-08-09 03:00:00,0.127 Mpa,0.128 Mpa,0.129 Mpa,0.128 Mpa,0 Mpa,0.114 Mpa,0.113 Mpa,0.115 Mpa,0.964 Mpa,0.133 Mpa,0.118 Mpa,0.116 Mpa,0.118 Mpa,0.116 Mpa,0 Mpa,0.121 Mpa,0.124 Mpa,0.120 Mpa,0.122 Mpa,,0.117 Mpa,0.114 Mpa,0.117 Mpa,0.116 Mpa,0 Mpa,0.118 Mpa,0.118 Mpa,0.117 Mpa,0.119 Mpa,0 Mpa,0.131 Mpa,0.130 Mpa,0.130 Mpa,0.128 Mpa,0 Mpa,0.131 Mpa,0.132 Mpa,0.135 Mpa,0.883 Mpa,0 Mpa,0.121 Mpa,0.124 Mpa,0.122 Mpa,1.02 Mpa,0.145 Mpa,0.125 Mpa,0.124 Mpa,0.126 Mpa,0.123 Mpa,0 Mpa,0.103 Mpa,0.176 Mpa,0.864 Mpa,0.103 Mpa,0.0260 Mpa,1718 RPM
2026-08-09 05:00:00,0.121 Mpa,0.122 Mpa,0.123 Mpa,0.122 Mpa,0 Mpa,0.119 Mpa,0.117 Mpa,0.120 Mpa,1.02 Mpa,0 Mpa,0.119 Mpa,0.117 Mpa,0.119 Mpa,0.117 Mpa,0 Mpa,0.123 Mpa,0.126 Mpa,0.122 Mpa,0.125 Mpa,,0.115 Mpa,0.112 Mpa,0.114 Mpa,0.113 Mpa,0 Mpa,0.116 Mpa,0.116 Mpa,0.115 Mpa,0.117 Mpa,0 Mpa,0.123 Mpa,0.123 Mpa,0.123 Mpa,0.122 Mpa,0 Mpa,0.127 Mpa,0.129 Mpa,0.130 Mpa,0.893 Mpa,0 Mpa,0.123 Mpa,0.126 Mpa,0.125 Mpa,1.02 Mpa,0 Mpa,0.123 Mpa,0.124 Mpa,0.125 Mpa,0.123 Mpa,0.00676 Mpa,,,,,,1706 RPM
2026-08-09 07:00:00,0.125 Mpa,0.126 Mpa,0.127 Mpa,0.127 Mpa,0 Mpa,0.119 Mpa,0.116 Mpa,0.119 Mpa,1.02 Mpa,0 Mpa,0.118 Mpa,0.116 Mpa,0.118 Mpa,0.115 Mpa,0 Mpa,0.126 Mpa,0.130 Mpa,0.124 Mpa,0.128 Mpa,,0.119 Mpa,0.116 Mpa,0.118 Mpa,0.117 Mpa,0 Mpa,0.118 Mpa,0.119 Mpa,0.116 Mpa,0.119 Mpa,0 Mpa,0.126 Mpa,0.125 Mpa,0.125 Mpa,0.125 Mpa,0 Mpa,0.129 Mpa,0.131 Mpa,0.133 Mpa,0.896 Mpa,0 Mpa,0.126 Mpa,0.129 Mpa,0.127 Mpa,1.02 Mpa,0.718 Mpa,0.126 Mpa,0.125 Mpa,0.127 Mpa,0.125 Mpa,0 Mpa,,,,,,1808 RPM
2026-08-09 09:00:00,0.126 Mpa,0.128 Mpa,0.127 Mpa,0.127 Mpa,0 Mpa,0.116 Mpa,0.113 Mpa,0.116 Mpa,1.02 Mpa,0 Mpa,0.118 Mpa,0.115 Mpa,0.117 Mpa,0.115 Mpa,0 Mpa,0.127 Mpa,0.130 Mpa,0.125 Mpa,0.128 Mpa,,0.120 Mpa,0.117 Mpa,0.119 Mpa,0.117 Mpa,0 Mpa,0.117 Mpa,0.116 Mpa,0.115 Mpa,0.116 Mpa,0 Mpa,0.129 Mpa,0.129 Mpa,0.128 Mpa,0.127 Mpa,0 Mpa,0.128 Mpa,0.130 Mpa,0.132 Mpa,0.895 Mpa,0 Mpa,0.124 Mpa,0.127 Mpa,0.126 Mpa,1.02 Mpa,0.449 Mpa,0.121 Mpa,0.121 Mpa,0.123 Mpa,0.120 Mpa,0 Mpa,,,,,,1715 RPM
2026-08-09 11:00:00,0.125 Mpa,0.126 Mpa,0.126 Mpa,0.126 Mpa,0 Mpa,0.119 Mpa,0.115 Mpa,0.119 Mpa,1.02 Mpa,0 Mpa,0.123 Mpa,0.120 Mpa,0.122 Mpa,0.119 Mpa,0 Mpa,0.125 Mpa,0.127 Mpa,0.124 Mpa,0.126 Mpa,,0.122 Mpa,0.118 Mpa,0.122 Mpa,0.120 Mpa,0.00920 Mpa,0.118 Mpa,0.118 Mpa,0.117 Mpa,0.118 Mpa,0.00400 Mpa,0.126 Mpa,0.127 Mpa,0.126 Mpa,0.125 Mpa,0.0188 Mpa,0.124 Mpa,0.125 Mpa,0.128 Mpa,0.875 Mpa,0.0111 Mpa,0.123 Mpa,0.126 Mpa,0.125 Mpa,1.01 Mpa,0.357 Mpa,0.122 Mpa,0.122 Mpa,0.124 Mpa,0.122 Mpa,0 Mpa,,,,,,1701 RPM
2026-08-09 13:00:00,0.125 Mpa,0.126 Mpa,0.126 Mpa,0.126 Mpa,0 Mpa,0.116 Mpa,0.112 Mpa,0.116 Mpa,1.02 Mpa,0 Mpa,0.120 Mpa,0.117 Mpa,0.120 Mpa,0.117 Mpa,0 Mpa,0.125 Mpa,0.129 Mpa,0.124 Mpa,0.127 Mpa,,0.118 Mpa,0.116 Mpa,0.118 Mpa,0.117 Mpa,0 Mpa,0.116 Mpa,0.115 Mpa,0.114 Mpa,0.116 Mpa,0 Mpa,0.127 Mpa,0.128 Mpa,0.126 Mpa,0.125 Mpa,0 Mpa,0.128 Mpa,0.129 Mpa,0.132 Mpa,0.875 Mpa,0 Mpa,0.127 Mpa,0.129 Mpa,0.129 Mpa,1.01 Mpa,0.469 Mpa,0.127 Mpa,0.127 Mpa,0.129 Mpa,0.126 Mpa,0 Mpa,,,,,,1776 RPM
2026-08-09 15:00:00,0.121 Mpa,0.122 Mpa,0.123 Mpa,0.122 Mpa,0 Mpa,0.111 Mpa,0.109 Mpa,0.111 Mpa,1.02 Mpa,0 Mpa,0.119 Mpa,0.116 Mpa,0.119 Mpa,0.116 Mpa,0 Mpa,0.122 Mpa,0.126 Mpa,0.122 Mpa,0.125 Mpa,,0.117 Mpa,0.115 Mpa,0.117 Mpa,0.116 Mpa,0 Mpa,0.118 Mpa,0.117 Mpa,0.116 Mpa,0.118 Mpa,0 Mpa,0.125 Mpa,0.125 Mpa,0.124 Mpa,0.123 Mpa,0 Mpa,0.122 Mpa,0.123 Mpa,0.125 Mpa,0.920 Mpa,0 Mpa,0.122 Mpa,0.125 Mpa,0.124 Mpa,1.02 Mpa,1 Mpa,0.128 Mpa,0.127 Mpa,0.130 Mpa,0.126 Mpa,0 Mpa,0.121 Mpa,0.119 Mpa,0.602 Mpa,0.120 Mpa,0.0118 Mpa,1660 RPM
2026-08-09 17:00:00,0.118 Mpa,0.120 Mpa,0.120 Mpa,0.119 Mpa,0 Mpa,0.114 Mpa,0.111 Mpa,0.114 Mpa,1.02 Mpa,0 Mpa,0.119 Mpa,0.117 Mpa,0.120 Mpa,0.116 Mpa,0 Mpa,0.126 Mpa,0.129 Mpa,0.125 Mpa,0.128 Mpa,,0.118 Mpa,0.116 Mpa,0.118 Mpa,0.118 Mpa,0 Mpa,0.116 Mpa,0.116 Mpa,0.115 Mpa,0.117 Mpa,0 Mpa,0.126 Mpa,0.125 Mpa,0.124 Mpa,0.124 Mpa,0 Mpa,0.127 Mpa,0.128 Mpa,0.130 Mpa,0.900 Mpa,0 Mpa,0.122 Mpa,0.124 Mpa,0.124 Mpa,1.02 Mpa,0.624 Mpa,0.118 Mpa,0.118 Mpa,0.121 Mpa,0.117 Mpa,0.0317 Mpa,0.133 Mpa,0.133 Mpa,0.138 Mpa,0.134 Mpa,0.00769 Mpa,1638 RPM
2026-08-09 19:00:00,0.127 Mpa,0.128 Mpa,0.129 Mpa,0.128 Mpa,0.00657 Mpa,0.116 Mpa,0.112 Mpa,0.116 Mpa,1.02 Mpa,0 Mpa,0.121 Mpa,0.119 Mpa,0.122 Mpa,0.119 Mpa,0 Mpa,0.129 Mpa,0.132 Mpa,0.128 Mpa,0.130 Mpa,,0.108 Mpa,0.107 Mpa,0.107 Mpa,0.107 Mpa,0.0208 Mpa,0.119 Mpa,0.119 Mpa,0.117 Mpa,0.120 Mpa,0 Mpa,0.128 Mpa,0.127 Mpa,0.127 Mpa,0.126 Mpa,0 Mpa,0.126 Mpa,0.127 Mpa,0.130 Mpa,0.916 Mpa,0 Mpa,0.124 Mpa,0.127 Mpa,0.125 Mpa,1.02 Mpa,0.842 Mpa,0.122 Mpa,0.121 Mpa,0.124 Mpa,0.121 Mpa,0 Mpa,0.130 Mpa,0.131 Mpa,0.143 Mpa,0.133 Mpa,0 Mpa,1743 RPM
2026-08-09 21:00:00,0.114 Mpa,0.115 Mpa,0.115 Mpa,0.114 Mpa,0.0428 Mpa,0.119 Mpa,0.117 Mpa,0.119 Mpa,1.02 Mpa,0 Mpa,0.121 Mpa,0.118 Mpa,0.120 Mpa,0.117 Mpa,0 Mpa,0.124 Mpa,0.127 Mpa,0.123 Mpa,0.125 Mpa,,0.106 Mpa,0.105 Mpa,0.104 Mpa,0.104 Mpa,0.0234 Mpa,0.121 Mpa,0.120 Mpa,0.119 Mpa,0.121 Mpa,0 Mpa,0.126 Mpa,0.126 Mpa,0.125 Mpa,0.124 Mpa,0 Mpa,0.127 Mpa,0.128 Mpa,0.130 Mpa,0.915 Mpa,0.00734 Mpa,0.124 Mpa,0.127 Mpa,0.126 Mpa,1.02 Mpa,0.124 Mpa,0.128 Mpa,0.127 Mpa,0.130 Mpa,0.126 Mpa,0 Mpa,0.129 Mpa,0.129 Mpa,0.139 Mpa,0.131 Mpa,0 Mpa,1684 RPM
2026-08-09 23:00:00,0.129 Mpa,0.131 Mpa,0.130 Mpa,0.131 Mpa,0 Mpa,0.119 Mpa,0.116 Mpa,0.119 Mpa,1.02 Mpa,0 Mpa,0.120 Mpa,0.117 Mpa,0.120 Mpa,0.117 Mpa,0 Mpa,0.120 Mpa,0.122 Mpa,0.119 Mpa,0.121 Mpa,,,,,,,0.118 Mpa,0.118 Mpa,0.116 Mpa,0.119 Mpa,0 Mpa,0.127 Mpa,0.126 Mpa,0.126 Mpa,0.124 Mpa,0 Mpa,0.124 Mpa,0.126 Mpa,0.126 Mpa,0.897 Mpa,0.0118 Mpa,0.127 Mpa,0.130 Mpa,0.129 Mpa,1.02 Mpa,0 Mpa,0.123 Mpa,0.122 Mpa,0.125 Mpa,0.122 Mpa,0.00854 Mpa,0.124 Mpa,0.124 Mpa,0.165 Mpa,0.126 Mpa,0 Mpa,1748 RPM
2026-08-10 01:00:00,0.127 Mpa,0.129 Mpa,0.129 Mpa,0.129 Mpa,0 Mpa,0.118 Mpa,0.115 Mpa,0.118 Mpa,1.02 Mpa,0 Mpa,0.128 Mpa,0.122 Mpa,0.126 Mpa,0.125 Mpa,0 Mpa,0.121 Mpa,0.124 Mpa,0.121 Mpa,0.123 Mpa,,0.110 Mpa,0.109 Mpa,0.109 Mpa,0.109 Mpa,0.247 Mpa,0.117 Mpa,0.117 Mpa,0.116 Mpa,0.118 Mpa,0 Mpa,0.129 Mpa,0.129 Mpa,0.127 Mpa,0.127 Mpa,0 Mpa,0.132 Mpa,0.133 Mpa,0.136 Mpa,0.892 Mpa,0 Mpa,0.124 Mpa,0.127 Mpa,0.126 Mpa,1.02 Mpa,0 Mpa,0.129 Mpa,0.127 Mpa,0.131 Mpa,0.127 Mpa,0 Mpa,0.126 Mpa,0.127 Mpa,0.190 Mpa,0.128 Mpa,0 Mpa,1765 RPM
2026-08-10 03:00:00,0.126 Mpa,0.127 Mpa,0.128 Mpa,0.127 Mpa,0 Mpa,0.122 Mpa,0.120 Mpa,0.122 Mpa,1.01 Mpa,0.00970 Mpa,0.112 Mpa,0.110 Mpa,0.112 Mpa,0.110 Mpa,0 Mpa,0.114 Mpa,0.117 Mpa,0.114 Mpa,0.116 Mpa,,,,,,,0.119 Mpa,0.119 Mpa,0.118 Mpa,0.120 Mpa,0 Mpa,0.129 Mpa,0.129 Mpa,0.127 Mpa,0.128 Mpa,0 Mpa,0.130 Mpa,0.131 Mpa,0.134 Mpa,0.899 Mpa,0 Mpa,0.128 Mpa,0.130 Mpa,0.130 Mpa,1.02 Mpa,0 Mpa,0.126 Mpa,0.124 Mpa,0.128 Mpa,0.124 Mpa,0 Mpa,0.120 Mpa,0.120 Mpa,0.216 Mpa,0.121 Mpa,0 Mpa,1715 RPM
2026-08-10 05:00:00,0.123 Mpa,0.125 Mpa,0.124 Mpa,0.124 Mpa,0 Mpa,0.119 Mpa,0.117 Mpa,0.119 Mpa,1.01 Mpa,0.00739 Mpa,0.117 Mpa,0.115 Mpa,0.117 Mpa,0.115 Mpa,0 Mpa,0.118 Mpa,0.121 Mpa,0.118 Mpa,0.119 Mpa,,,,,,,0.119 Mpa,0.119 Mpa,0.117 Mpa,0.120 Mpa,0 Mpa,0.127 Mpa,0.127 Mpa,0.126 Mpa,0.125 Mpa,0 Mpa,0.128 Mpa,0.128 Mpa,0.131 Mpa,0.897 Mpa,0 Mpa,0.125 Mpa,0.128 Mpa,0.126 Mpa,1.02 Mpa,0 Mpa,0.124 Mpa,0.123 Mpa,0.125 Mpa,0.123 Mpa,0 Mpa,0.118 Mpa,0.119 Mpa,0.410 Mpa,0.120 Mpa,0.00588 Mpa,1704 RPM
2026-08-10 07:00:00,0.125 Mpa,0.127 Mpa,0.127 Mpa,0.126 Mpa,0 Mpa,0.118 Mpa,0.115 Mpa,0.118 Mpa,1.02 Mpa,0 Mpa,0.120 Mpa,0.117 Mpa,0.120 Mpa,0.117 Mpa,0 Mpa,0.120 Mpa,0.123 Mpa,0.119 Mpa,0.121 Mpa,,,,,,,0.118 Mpa,0.119 Mpa,0.117 Mpa,0.120 Mpa,0 Mpa,0.126 Mpa,0.128 Mpa,0.125 Mpa,0.126 Mpa,0 Mpa,0.128 Mpa,0.129 Mpa,0.132 Mpa,0.891 Mpa,0 Mpa,0.121 Mpa,0.121 Mpa,0.122 Mpa,1.02 Mpa,0 Mpa,0.120 Mpa,0.119 Mpa,0.121 Mpa,0.119 Mpa,0 Mpa,0.123 Mpa,0.123 Mpa,0.900 Mpa,0.123 Mpa,0 Mpa,1710 RPM
2026-08-10 09:00:00,0.123 Mpa,0.125 Mpa,0.124 Mpa,0.124 Mpa,0 Mpa,0.120 Mpa,0.117 Mpa,0.119 Mpa,1.02 Mpa,0 Mpa,0.126 Mpa,0.122 Mpa,0.125 Mpa,0.122 Mpa,0 Mpa,0.129 Mpa,0.132 Mpa,0.128 Mpa,0.130 Mpa,,,,,,,0.121 Mpa,0.122 Mpa,0.120 Mpa,0.122 Mpa,0 Mpa,0.130 Mpa,0.129 Mpa,0.129 Mpa,0.129 Mpa,0 Mpa,0.128 Mpa,0.130 Mpa,0.132 Mpa,0.896 Mpa,0 Mpa,0.121 Mpa,0.124 Mpa,0.123 Mpa,1.02 Mpa,0 Mpa,0.116 Mpa,0.116 Mpa,0.117 Mpa,0.116 Mpa,0.0196 Mpa,0.123 Mpa,0.123 Mpa,0.902 Mpa,0.124 Mpa,0 Mpa,1744 RPM
2026-08-10 11:00:00,0.121 Mpa,0.124 Mpa,0.123 Mpa,0.123 Mpa,0 Mpa,0.116 Mpa,0.113 Mpa,0.116 Mpa,1.02 Mpa,0 Mpa,0.119 Mpa,0.116 Mpa,0.119 Mpa,0.116 Mpa,0 Mpa,0.126 Mpa,0.130 Mpa,0.125 Mpa,0.128 Mpa,,,,,,,0.116 Mpa,0.116 Mpa,0.115 Mpa,0.117 Mpa,0.0130 Mpa,0.123 Mpa,0.124 Mpa,0.123 Mpa,0.123 Mpa,0.0222 Mpa,0.125 Mpa,0.126 Mpa,0.129 Mpa,0.905 Mpa,0.0104 Mpa,0.121 Mpa,0.123 Mpa,0.123 Mpa,1.01 Mpa,0.0162 Mpa,0.123 Mpa,0.123 Mpa,0.125 Mpa,0.122 Mpa,0 Mpa,0.123 Mpa,0.123 Mpa,0.781 Mpa,0.125 Mpa,0.00748 Mpa,1652 RPM
2026-08-10 13:00:00,0.124 Mpa,0.126 Mpa,0.126 Mpa,0.125 Mpa,0.00850 Mpa,0.110 Mpa,0.108 Mpa,0.111 Mpa,1.01 Mpa,0.00688 Mpa,0.122 Mpa,0.119 Mpa,0.121 Mpa,0.118 Mpa,0 Mpa,0.125 Mpa,0.129 Mpa,0.124 Mpa,0.127 Mpa,,,,,,,,,,,,0.126 Mpa,0.126 Mpa,0.125 Mpa,0.125 Mpa,0 Mpa,0.128 Mpa,0.129 Mpa,0.131 Mpa,0.875 Mpa,0 Mpa,0.119 Mpa,0.122 Mpa,0.121 Mpa,1.02 Mpa,0 Mpa,0.125 Mpa,0.125 Mpa,0.127 Mpa,0.124 Mpa,0 Mpa,0.128 Mpa,0.129 Mpa,0.532 Mpa,0.130 Mpa,0 Mpa,1708 RPM
2026-08-10 15:00:00,0.124 Mpa,0.126 Mpa,0.125 Mpa,0.125 Mpa,0 Mpa,0.120 Mpa,0.117 Mpa,0.120 Mpa,1.02 Mpa,0 Mpa,0.111 Mpa,0.108 Mpa,0.110 Mpa,0.107 Mpa,0.0316 Mpa,0.126 Mpa,0.129 Mpa,0.124 Mpa,0.127 Mpa,,,,,,,0.122 Mpa,0.122 Mpa,0.121 Mpa,0.122 Mpa,0 Mpa,0.126 Mpa,0.127 Mpa,0.125 Mpa,0.124 Mpa,0 Mpa,0.129 Mpa,0.131 Mpa,0.133 Mpa,0.913 Mpa,0 Mpa,0.125 Mpa,0.128 Mpa,0.127 Mpa,1.02 Mpa,0 Mpa,0.123 Mpa,0.122 Mpa,0.124 Mpa,0.122 Mpa,0 Mpa,0.127 Mpa,0.127 Mpa,0.338 Mpa,0.129 Mpa,0 Mpa,1671 RPM
2026-08-10 17:00:00,0.119 Mpa,0.120 Mpa,0.121 Mpa,0.120 Mpa,0 Mpa,0.119 Mpa,0.116 Mpa,0.118 Mpa,1.02 Mpa,0 Mpa,,,,,,0.124 Mpa,0.127 Mpa,0.122 Mpa,0.125 Mpa,,,,,,,0.114 Mpa,0.114 Mpa,0.113 Mpa,0.114 Mpa,0 Mpa,0.126 Mpa,0.126 Mpa,0.125 Mpa,0.124 Mpa,0 Mpa,0.128 Mpa,0.130 Mpa,0.132 Mpa,0.928 Mpa,0 Mpa,0.124 Mpa,0.127 Mpa,0.126 Mpa,1.01 Mpa,0.00777 Mpa,0.119 Mpa,0.118 Mpa,0.121 Mpa,0.118 Mpa,0.00605 Mpa,0.122 Mpa,0.122 Mpa,0.872 Mpa,0.123 Mpa,0 Mpa,1736 RPM
2026-08-10 19:00:00,0.122 Mpa,0.123 Mpa,0.124 Mpa,0.123 Mpa,0 Mpa,0.116 Mpa,0.114 Mpa,0.116 Mpa,1.02 Mpa,0 Mpa,,,,,,0.118 Mpa,0.122 Mpa,0.118 Mpa,0.120 Mpa,,,,,,,0.114 Mpa,0.114 Mpa,0.112 Mpa,0.114 Mpa,0 Mpa,0.130 Mpa,0.129 Mpa,0.129 Mpa,0.128 Mpa,0 Mpa,0.126 Mpa,0.127 Mpa,0.129 Mpa,0.909 Mpa,0 Mpa,0.126 Mpa,0.128 Mpa,0.128 Mpa,1.02 Mpa,0 Mpa,0.120 Mpa,0.120 Mpa,0.122 Mpa,0.119 Mpa,0 Mpa,0.120 Mpa,0.120 Mpa,0.924 Mpa,0.121 Mpa,0 Mpa,1737 RPM
2026-08-10 21:00:00,0.121 Mpa,0.122 Mpa,0.122 Mpa,0.122 Mpa,0 Mpa,0.116 Mpa,0.114 Mpa,0.117 Mpa,1.02 Mpa,0 Mpa,0.106 Mpa,0.104 Mpa,0.106 Mpa,0.103 Mpa,0.0290 Mpa,0.121 Mpa,0.124 Mpa,0.121 Mpa,0.123 Mpa,,,,,,,0.123 Mpa,0.122 Mpa,0.121 Mpa,0.123 Mpa,0 Mpa,0.125 Mpa,0.124 Mpa,0.124 Mpa,0.123 Mpa,0 Mpa,0.129 Mpa,0.130 Mpa,0.132 Mpa,0.894 Mpa,0 Mpa,0.126 Mpa,0.131 Mpa,0.128 Mpa,1.02 Mpa,0 Mpa,0.124 Mpa,0.123 Mpa,0.126 Mpa,0.123 Mpa,0 Mpa,0.118 Mpa,0.119 Mpa,0.917 Mpa,0.120 Mpa,0 Mpa,1685 RPM
2026-08-10 23:00:00,0.118 Mpa,0.120 Mpa,0.119 Mpa,0.119 Mpa,0.00599 Mpa,0.116 Mpa,0.114 Mpa,0.116 Mpa,1.02 Mpa,0 Mpa,,,,,,0.122 Mpa,0.125 Mpa,0.121 Mpa,0.123 Mpa,,,,,,,0.119 Mpa,0.118 Mpa,0.117 Mpa,0.119 Mpa,0 Mpa,0.125 Mpa,0.124 Mpa,0.124 Mpa,0.122 Mpa,0 Mpa,0.126 Mpa,0.127 Mpa,0.129 Mpa,0.901 Mpa,0.0464 Mpa,0.126 Mpa,0.131 Mpa,0.128 Mpa,1.02 Mpa,0 Mpa,0.127 Mpa,0.126 Mpa,0.129 Mpa,0.126 Mpa,0.00655 Mpa,0.118 Mpa,0.118 Mpa,0.953 Mpa,0.119 Mpa,0 Mpa,1664 RPM
2026-08-11 01:00:00,0.121 Mpa,0.123 Mpa,0.123 Mpa,0.123 Mpa,0 Mpa,0.120 Mpa,0.117 Mpa,0.120 Mpa,1.01 Mpa,0.0133 Mpa,0.103 Mpa,0.100 Mpa,0.104 Mpa,0.100 Mpa,0.286 Mpa,0.120 Mpa,0.124 Mpa,0.119 Mpa,0.122 Mpa,,,,,,,0.116 Mpa,0.115 Mpa,0.114 Mpa,0.116 Mpa,0 Mpa,0.122 Mpa,0.123 Mpa,0.121 Mpa,0.121 Mpa,0 Mpa,0.129 Mpa,0.130 Mpa,0.131 Mpa,0.905 Mpa,0 Mpa,0.126 Mpa,0.131 Mpa,0.128 Mpa,1.02 Mpa,0 Mpa,0.121 Mpa,0.121 Mpa,0.123 Mpa,0.121 Mpa,0 Mpa,0.121 Mpa,0.121 Mpa,0.879 Mpa,0.121 Mpa,0 Mpa,1631 RPM
2026-08-11 03:00:00,0.120 Mpa,0.122 Mpa,0.121 Mpa,0.121 Mpa,0 Mpa,0.116 Mpa,0.114 Mpa,0.116 Mpa,1.01 Mpa,0.0164 Mpa,,,,,,0.120 Mpa,0.124 Mpa,0.118 Mpa,0.122 Mpa,,,,,,,0.120 Mpa,0.119 Mpa,0.119 Mpa,0.120 Mpa,0 Mpa,0.129 Mpa,0.132 Mpa,0.128 Mpa,0.126 Mpa,0 Mpa,0.123 Mpa,0.124 Mpa,0.125 Mpa,0.920 Mpa,0 Mpa,0.123 Mpa,0.127 Mpa,0.125 Mpa,1.02 Mpa,0 Mpa,0.128 Mpa,0.127 Mpa,0.129 Mpa,0.127 Mpa,0 Mpa,0.122 Mpa,0.122 Mpa,0.915 Mpa,0.123 Mpa,0 Mpa,1736 RPM
2026-08-11 05:00:00,0.119 Mpa,0.121 Mpa,0.121 Mpa,0.120 Mpa,0.00683 Mpa,0.119 Mpa,0.117 Mpa,0.119 Mpa,0.993 Mpa,0.0107 Mpa,,,,,,0.121 Mpa,0.123 Mpa,0.119 Mpa,0.121 Mpa,,,,,,,0.121 Mpa,0.121 Mpa,0.120 Mpa,0.121 Mpa,0.0261 Mpa,0.127 Mpa,0.128 Mpa,0.127 Mpa,0.125 Mpa,0.00747 Mpa,0.121 Mpa,0.122 Mpa,0.124 Mpa,0.908 Mpa,0.0118 Mpa,0.121 Mpa,0.125 Mpa,0.123 Mpa,1.01 Mpa,0.00973 Mpa,0.126 Mpa,0.126 Mpa,0.128 Mpa,0.125 Mpa,0.00603 Mpa,0.120 Mpa,0.120 Mpa,0.922 Mpa,0.121 Mpa,0.00638 Mpa,1715 RPM
2026-08-11 07:00:00,0.119 Mpa,0.120 Mpa,0.120 Mpa,0.120 Mpa,0 Mpa,0.119 Mpa,0.116 Mpa,0.119 Mpa,1.02 Mpa,0 Mpa,,,,,,0.118 Mpa,0.121 Mpa,0.117 Mpa,0.120 Mpa,,,,,,,,,,,,0.126 Mpa,0.126 Mpa,0.125 Mpa,0.125 Mpa,0 Mpa,0.125 Mpa,0.127 Mpa,0.129 Mpa,0.882 Mpa,0 Mpa,0.124 Mpa,0.127 Mpa,0.125 Mpa,1.02 Mpa,0 Mpa,0.113 Mpa,0.112 Mpa,0.114 Mpa,0.112 Mpa,0 Mpa,0.119 Mpa,0.119 Mpa,0.916 Mpa,0.120 Mpa,0 Mpa,1691 RPM
2026-08-11 09:00:00,0.126 Mpa,0.126 Mpa,0.128 Mpa,0.126 Mpa,0 Mpa,0.120 Mpa,0.117 Mpa,0.120 Mpa,1.02 Mpa,0 Mpa,,,,,,0.119 Mpa,0.123 Mpa,0.118 Mpa,0.122 Mpa,,,,,,,,,,,,0.130 Mpa,0.130 Mpa,0.129 Mpa,0.128 Mpa,0 Mpa,0.127 Mpa,0.128 Mpa,0.130 Mpa,0.883 Mpa,0 Mpa,0.128 Mpa,0.132 Mpa,0.129 Mpa,1.02 Mpa,0 Mpa,0.122 Mpa,0.121 Mpa,0.123 Mpa,0.121 Mpa,0 Mpa,0.122 Mpa,0.122 Mpa,0.890 Mpa,0.123 Mpa,0 Mpa,1710 RPM
2026-08-11 11:00:00,0.125 Mpa,0.127 Mpa,0.126 Mpa,0.127 Mpa,0 Mpa,0.120 Mpa,0.116 Mpa,0.119 Mpa,1.02 Mpa,0 Mpa,,,,,,,,,,,,,,,,0.122 Mpa,0.122 Mpa,0.119 Mpa,0.122 Mpa,0 Mpa,0.127 Mpa,0.126 Mpa,0.126 Mpa,0.125 Mpa,0 Mpa,0.126 Mpa,0.127 Mpa,0.129 Mpa,0.904 Mpa,0 Mpa,0.126 Mpa,0.130 Mpa,0.127 Mpa,1.02 Mpa,0 Mpa,0.122 Mpa,0.123 Mpa,0.124 Mpa,0.123 Mpa,0 Mpa,0.125 Mpa,0.124 Mpa,0.875 Mpa,0.126 Mpa,0 Mpa,1743 RPM
2026-08-11 13:00:00,0.123 Mpa,0.125 Mpa,0.125 Mpa,0.124 Mpa,0 Mpa,0.117 Mpa,0.114 Mpa,0.117 Mpa,1.02 Mpa,0 Mpa,,,,,,,,,,,,,,,,0.119 Mpa,0.120 Mpa,0.119 Mpa,0.122 Mpa,0 Mpa,0.116 Mpa,0.117 Mpa,0.116 Mpa,0.117 Mpa,0.00743 Mpa,0.126 Mpa,0.127 Mpa,0.130 Mpa,0.906 Mpa,0 Mpa,0.122 Mpa,0.125 Mpa,0.123 Mpa,1.02 Mpa,0 Mpa,0.122 Mpa,0.121 Mpa,0.123 Mpa,0.121 Mpa,0 Mpa,0.124 Mpa,0.124 Mpa,0.786 Mpa,0.125 Mpa,0.00631 Mpa,1698 RPM
2026-08-11 15:00:00,0.121 Mpa,0.123 Mpa,0.124 Mpa,0.123 Mpa,0 Mpa,0.117 Mpa,0.114 Mpa,0.116 Mpa,1.02 Mpa,0 Mpa,,,,,,,,,,,,,,,,0.114 Mpa,0.114 Mpa,0.113 Mpa,0.115 Mpa,0 Mpa,0.128 Mpa,0.128 Mpa,0.128 Mpa,0.127 Mpa,0 Mpa,0.124 Mpa,0.124 Mpa,0.127 Mpa,0.904 Mpa,0 Mpa,0.127 Mpa,0.130 Mpa,0.129 Mpa,1.01 Mpa,0.00998 Mpa,0.124 Mpa,0.124 Mpa,0.126 Mpa,0.123 Mpa,0 Mpa,0.123 Mpa,0.123 Mpa,0.922 Mpa,0.124 Mpa,0 Mpa,1764 RPM
2026-08-11 17:00:00,0.120 Mpa,0.122 Mpa,0.122 Mpa,0.121 Mpa,0 Mpa,0.115 Mpa,0.112 Mpa,0.115 Mpa,1.01 Mpa,0.00814 Mpa,,,,,,0.126 Mpa,0.129 Mpa,0.126 Mpa,0.128 Mpa,,,,,,,0.104 Mpa,0.104 Mpa,0.103 Mpa,0.104 Mpa,0 Mpa,0.120 Mpa,0.120 Mpa,0.119 Mpa,0.119 Mpa,0 Mpa,0.126 Mpa,0.126 Mpa,0.128 Mpa,0.895 Mpa,0 Mpa,0.122 Mpa,0.125 Mpa,0.122 Mpa,1.02 Mpa,0 Mpa,0.119 Mpa,0.119 Mpa,0.121 Mpa,0.118 Mpa,0.00635 Mpa,0.118 Mpa,0.119 Mpa,0.941 Mpa,0.120 Mpa,0 Mpa,1536 RPM
2026-08-11 19:00:00,0.121 Mpa,0.123 Mpa,0.123 Mpa,0.123 Mpa,0 Mpa,0.117 Mpa,0.115 Mpa,0.117 Mpa,1.02 Mpa,0 Mpa,,,,,,0.130 Mpa,0.132 Mpa,0.129 Mpa,0.131 Mpa,,,,,,,0.107 Mpa,0.107 Mpa,0.106 Mpa,0.107 Mpa,0 Mpa,0.133 Mpa,0.133 Mpa,0.131 Mpa,0.132 Mpa,0 Mpa,0.127 Mpa,0.128 Mpa,0.131 Mpa,0.880 Mpa,0 Mpa,0.119 Mpa,0.123 Mpa,0.120 Mpa,1.02 Mpa,0 Mpa,0.119 Mpa,0.117 Mpa,0.119 Mpa,0.117 Mpa,0 Mpa,0.119 Mpa,0.119 Mpa,0.925 Mpa,0.119 Mpa,0 Mpa,1670 RPM
2026-08-11 21:00:00,0.121 Mpa,0.123 Mpa,0.123 Mpa,0.123 Mpa,0 Mpa,0.118 Mpa,0.115 Mpa,0.118 Mpa,1.02 Mpa,0 Mpa,0.103 Mpa,0.100 Mpa,0.104 Mpa,0.100 Mpa,0 Mpa,0.131 Mpa,0.133 Mpa,0.129 Mpa,0.131 Mpa,,,,,,,0.120 Mpa,0.119 Mpa,0.118 Mpa,0.120 Mpa,0 Mpa,0.128 Mpa,0.129 Mpa,0.128 Mpa,0.127 Mpa,0.0106 Mpa,0.129 Mpa,0.130 Mpa,0.133 Mpa,0.887 Mpa,0.00696 Mpa,0.123 Mpa,0.126 Mpa,0.124 Mpa,1.02 Mpa,0 Mpa,0.122 Mpa,0.121 Mpa,0.123 Mpa,0.120 Mpa,0 Mpa,0.120 Mpa,0.120 Mpa,0.912 Mpa,0.121 Mpa,0 Mpa,1714 RPM
2026-08-11 23:00:00,0.121 Mpa,0.123 Mpa,0.124 Mpa,0.122 Mpa,0.0141 Mpa,0.118 Mpa,0.116 Mpa,0.118 Mpa,1.02 Mpa,0 Mpa,0.105 Mpa,0.104 Mpa,0.106 Mpa,0.104 Mpa,0.0217 Mpa,0.123 Mpa,0.126 Mpa,0.122 Mpa,0.124 Mpa,,,,,,,0.120 Mpa,0.120 Mpa,0.119 Mpa,0.121 Mpa,0 Mpa,0.133 Mpa,0.134 Mpa,0.133 Mpa,0.132 Mpa,0 Mpa,0.126 Mpa,0.127 Mpa,0.129 Mpa,0.915 Mpa,0 Mpa,0.120 Mpa,0.123 Mpa,0.122 Mpa,1.02 Mpa,0 Mpa,0.120 Mpa,0.119 Mpa,0.121 Mpa,0.118 Mpa,0.0142 Mpa,0.104 Mpa,0.103 Mpa,0.918 Mpa,0.104 Mpa,0.0142 Mpa,1557 RPM
2026-08-12 01:00:00,0.120 Mpa,0.123 Mpa,0.121 Mpa,0.121 Mpa,0.00758 Mpa,0.118 Mpa,0.115 Mpa,0.118 Mpa,1.01 Mpa,0.0107 Mpa,0.105 Mpa,0.104 Mpa,0.105 Mpa,0.103 Mpa,0.0167 Mpa,0.126 Mpa,0.129 Mpa,0.125 Mpa,0.128 Mpa,,,,,,,0.118 Mpa,0.116 Mpa,0.116 Mpa,0.117 Mpa,0 Mpa,0.127 Mpa,0.128 Mpa,0.126 Mpa,0.126 Mpa,0 Mpa,0.126 Mpa,0.128 Mpa,0.129 Mpa,0.886 Mpa,0 Mpa,0.117 Mpa,0.119 Mpa,0.118 Mpa,1.02 Mpa,0 Mpa,0.121 Mpa,0.120 Mpa,0.123 Mpa,0.120 Mpa,0 Mpa,0.100 Mpa,0.100 Mpa,0.864 Mpa,0.100 Mpa,,1692 RPM
2026-08-12 03:00:00,0.129 Mpa,0.132 Mpa,0.129 Mpa,0.131 Mpa,0 Mpa,0.114 Mpa,0.114 Mpa,0.115 Mpa,1.01 Mpa,0.00841 Mpa,0.113 Mpa,0.111 Mpa,0.113 Mpa,0.110 Mpa,0 Mpa,0.128 Mpa,0.130 Mpa,0.127 Mpa,0.129 Mpa,,,,,,,0.121 Mpa,0.120 Mpa,0.119 Mpa,0.121 Mpa,0 Mpa,0.128 Mpa,0.128 Mpa,0.127 Mpa,0.126 Mpa,0 Mpa,0.126 Mpa,0.127 Mpa,0.128 Mpa,0.897 Mpa,0 Mpa,0.126 Mpa,0.128 Mpa,0.127 Mpa,1.02 Mpa,0 Mpa,0.123 Mpa,0.122 Mpa,0.125 Mpa,0.122 Mpa,0 Mpa,0.113 Mpa,0.111 Mpa,0.880 Mpa,0.111 Mpa,0 Mpa,1676 RPM
2026-08-12 05:00:00,0.126 Mpa,0.129 Mpa,0.128 Mpa,0.129 Mpa,0 Mpa,0.118 Mpa,0.116 Mpa,0.119 Mpa,1.01 Mpa,0.0112 Mpa,0.115 Mpa,0.113 Mpa,0.115 Mpa,0.113 Mpa,0.0128 Mpa,0.119 Mpa,0.122 Mpa,0.119 Mpa,0.121 Mpa,,,,,,,0.121 Mpa,0.120 Mpa,0.120 Mpa,0.121 Mpa,0 Mpa,0.124 Mpa,0.126 Mpa,0.123 Mpa,0.124 Mpa,0 Mpa,0.122 Mpa,0.123 Mpa,0.125 Mpa,0.911 Mpa,0 Mpa,0.124 Mpa,0.127 Mpa,0.126 Mpa,1.02 Mpa,0 Mpa,0.122 Mpa,0.120 Mpa,0.123 Mpa,0.120 Mpa,0.00638 Mpa,0.119 Mpa,0.119 Mpa,0.912 Mpa,0.119 Mpa,0.00673 Mpa,1659 RPM
2026-08-12 07:00:00,0.124 Mpa,0.126 Mpa,0.125 Mpa,0.125 Mpa,0 Mpa,0.122 Mpa,0.120 Mpa,0.122 Mpa,1.02 Mpa,0 Mpa,0.118 Mpa,0.116 Mpa,0.118 Mpa,0.115 Mpa,0 Mpa,0.125 Mpa,0.128 Mpa,0.124 Mpa,0.127 Mpa,,,,,,,0.119 Mpa,0.119 Mpa,0.118 Mpa,0.120 Mpa,0 Mpa,0.115 Mpa,0.115 Mpa,0.115 Mpa,0.114 Mpa,0 Mpa,0.111 Mpa,0.111 Mpa,0.111 Mpa,1.00 Mpa,0.0291 Mpa,0.126 Mpa,0.128 Mpa,0.128 Mpa,1.02 Mpa,0 Mpa,0.120 Mpa,0.119 Mpa,0.122 Mpa,0.119 Mpa,0 Mpa,0.125 Mpa,0.125 Mpa,0.957 Mpa,0.126 Mpa,0 Mpa,1720 RPM
2026-08-12 09:00:00,0.125 Mpa,0.127 Mpa,0.126 Mpa,0.126 Mpa,0 Mpa,0.120 Mpa,0.118 Mpa,0.120 Mpa,1.02 Mpa,0 Mpa,0.119 Mpa,0.117 Mpa,0.119 Mpa,0.117 Mpa,0 Mpa,0.124 Mpa,0.128 Mpa,0.124 Mpa,0.126 Mpa,,,,,,,0.119 Mpa,0.118 Mpa,0.117 Mpa,0.120 Mpa,0 Mpa,0.125 Mpa,0.124 Mpa,0.124 Mpa,0.124 Mpa,0 Mpa,0.112 Mpa,0.115 Mpa,0.112 Mpa,0.818 Mpa,0.233 Mpa,0.126 Mpa,0.128 Mpa,0.128 Mpa,1.02 Mpa,0 Mpa,0.122 Mpa,0.121 Mpa,0.123 Mpa,0.120 Mpa,0 Mpa,0.116 Mpa,0.116 Mpa,0.932 Mpa,0.116 Mpa,0.0349 Mpa,1742 RPM
2026-08-12 11:00:00,0.125 Mpa,0.129 Mpa,0.127 Mpa,0.128 Mpa,0 Mpa,0.117 Mpa,0.114 Mpa,0.117 Mpa,1.00 Mpa,0 Mpa,0.121 Mpa,0.118 Mpa,0.120 Mpa,0.118 Mpa,0 Mpa,0.120 Mpa,0.124 Mpa,0.119 Mpa,0.122 Mpa,,,,,,,0.116 Mpa,0.115 Mpa,0.115 Mpa,0.116 Mpa,0.0151 Mpa,0.124 Mpa,0.124 Mpa,0.123 Mpa,0.124 Mpa,0.0310 Mpa,0.129 Mpa,0.130 Mpa,0.132 Mpa,0.785 Mpa,0 Mpa,0.123 Mpa,0.126 Mpa,0.125 Mpa,1.02 Mpa,0 Mpa,0.123 Mpa,0.122 Mpa,0.124 Mpa,0.121 Mpa,0 Mpa,0.114 Mpa,0.114 Mpa,0.932 Mpa,0.114 Mpa,0 Mpa,1660 RPM
2026-08-12 13:00:00,0.121 Mpa,0.124 Mpa,0.124 Mpa,0.123 Mpa,0 Mpa,0.118 Mpa,0.115 Mpa,0.118 Mpa,1.01 Mpa,0 Mpa,0.123 Mpa,0.120 Mpa,0.122 Mpa,0.120 Mpa,0 Mpa,0.100 Mpa,0.101 Mpa,0.100 Mpa,0.101 Mpa,,,,,,,0.114 Mpa,0.114 Mpa,0.114 Mpa,0.115 Mpa,0 Mpa,0.120 Mpa,0.121 Mpa,0.119 Mpa,0.121 Mpa,0 Mpa,0.128 Mpa,0.129 Mpa,0.132 Mpa,0.900 Mpa,0 Mpa,0.125 Mpa,0.127 Mpa,0.127 Mpa,1.02 Mpa,0 Mpa,0.122 Mpa,0.121 Mpa,0.124 Mpa,0.120 Mpa,0.00823 Mpa,0.125 Mpa,0.125 Mpa,0.737 Mpa,0.126 Mpa,0 Mpa,1635 RPM
2026-08-12 15:00:00,0.118 Mpa,0.121 Mpa,0.119 Mpa,0.120 Mpa,0 Mpa,0.122 Mpa,0.118 Mpa,0.121 Mpa,1.02 Mpa,0 Mpa,0.102 Mpa,0.1000 Mpa,0.102 Mpa,0.0994 Mpa,0 Mpa,0.120 Mpa,0.123 Mpa,0.119 Mpa,0.121 Mpa,,0.105 Mpa,0.109 Mpa,0.103 Mpa,0.108 Mpa,0.165 Mpa,0.117 Mpa,0.116 Mpa,0.116 Mpa,0.118 Mpa,0 Mpa,0.118 Mpa,0.118 Mpa,0.117 Mpa,0.117 Mpa,0 Mpa,0.127 Mpa,0.128 Mpa,0.131 Mpa,0.909 Mpa,0 Mpa,0.115 Mpa,0.117 Mpa,0.117 Mpa,0.990 Mpa,0.0629 Mpa,0.123 Mpa,0.122 Mpa,0.125 Mpa,0.122 Mpa,0 Mpa,0.129 Mpa,0.129 Mpa,0.250 Mpa,0.131 Mpa,0 Mpa,1595 RPM
2026-08-12 17:00:00,0.128 Mpa,0.130 Mpa,0.130 Mpa,0.130 Mpa,0.00359 Mpa,0.119 Mpa,0.117 Mpa,0.120 Mpa,1.02 Mpa,0 Mpa,0.104 Mpa,0.100 Mpa,0.104 Mpa,0.100 Mpa,0 Mpa,0.113 Mpa,0.116 Mpa,0.112 Mpa,0.114 Mpa,,,,,,,0.117 Mpa,0.117 Mpa,0.115 Mpa,0.118 Mpa,0 Mpa,0.126 Mpa,0.126 Mpa,0.125 Mpa,0.124 Mpa,0 Mpa,0.123 Mpa,0.125 Mpa,0.127 Mpa,0.925 Mpa,0.00709 Mpa,0.124 Mpa,0.125 Mpa,0.125 Mpa,1.01 Mpa,0.00912 Mpa,0.119 Mpa,0.119 Mpa,0.121 Mpa,0.118 Mpa,0.00673 Mpa,0.119 Mpa,0.119 Mpa,0.748 Mpa,0.120 Mpa,0.0216 Mpa,1627 RPM
2026-08-12 19:00:00,0.131 Mpa,0.133 Mpa,0.132 Mpa,0.132 Mpa,0 Mpa,0.116 Mpa,0.114 Mpa,0.117 Mpa,1.02 Mpa,0 Mpa,0.101 Mpa,0.100 Mpa,0.102 Mpa,0.1000 Mpa,0 Mpa,0.107 Mpa,0.109 Mpa,0.107 Mpa,0.108 Mpa,,0.106 Mpa,0.110 Mpa,0.104 Mpa,0.110 Mpa,0 Mpa,0.120 Mpa,0.120 Mpa,0.119 Mpa,0.121 Mpa,0 Mpa,0.122 Mpa,0.123 Mpa,0.122 Mpa,0.121 Mpa,0 Mpa,0.129 Mpa,0.130 Mpa,0.133 Mpa,0.913 Mpa,0 Mpa,0.125 Mpa,0.128 Mpa,0.127 Mpa,1.02 Mpa,0 Mpa,0.123 Mpa,0.122 Mpa,0.125 Mpa,0.122 Mpa,0 Mpa,0.113 Mpa,0.112 Mpa,1.00 Mpa,0.113 Mpa,0.00678 Mpa,1595 RPM
2026-08-12 21:00:00,0.124 Mpa,0.126 Mpa,0.125 Mpa,0.125 Mpa,0 Mpa,0.115 Mpa,0.113 Mpa,0.116 Mpa,1.02 Mpa,0 Mpa,0.103 Mpa,0.100 Mpa,0.103 Mpa,0.100 Mpa,0.0101 Mpa,0.126 Mpa,0.129 Mpa,0.125 Mpa,0.128 Mpa,,0.123 Mpa,0.125 Mpa,0.121 Mpa,0.124 Mpa,0.00999 Mpa,0.121 Mpa,0.121 Mpa,0.119 Mpa,0.121 Mpa,0 Mpa,0.132 Mpa,0.133 Mpa,0.131 Mpa,0.130 Mpa,0 Mpa,0.127 Mpa,0.128 Mpa,0.131 Mpa,0.916 Mpa,0 Mpa,0.125 Mpa,0.129 Mpa,0.126 Mpa,1.02 Mpa,0 Mpa,0.121 Mpa,0.121 Mpa,0.123 Mpa,0.120 Mpa,0 Mpa,0.108 Mpa,0.108 Mpa,0.938 Mpa,0.108 Mpa,0 Mpa,1512 RPM
2026-08-12 23:00:00,0.127 Mpa,0.128 Mpa,0.128 Mpa,0.126 Mpa,0 Mpa,0.115 Mpa,0.113 Mpa,0.115 Mpa,1.02 Mpa,0 Mpa,0.115 Mpa,0.114 Mpa,0.115 Mpa,0.114 Mpa,0.0138 Mpa,0.124 Mpa,0.127 Mpa,0.123 Mpa,0.125 Mpa,,0.122 Mpa,0.123 Mpa,0.121 Mpa,0.123 Mpa,0.00884 Mpa,0.120 Mpa,0.120 Mpa,0.118 Mpa,0.120 Mpa,0 Mpa,0.113 Mpa,0.116 Mpa,0.113 Mpa,0.113 Mpa,0 Mpa,0.120 Mpa,0.121 Mpa,0.122 Mpa,0.940 Mpa,0.00812 Mpa,0.119 Mpa,0.122 Mpa,0.121 Mpa,1.02 Mpa,0 Mpa,0.117 Mpa,0.116 Mpa,0.119 Mpa,0.115 Mpa,0.0195 Mpa,0.104 Mpa,0.104 Mpa,0.868 Mpa,0.104 Mpa,0.00795 Mpa,1486 RPM
2026-08-13 01:00:00,0.120 Mpa,0.122 Mpa,0.121 Mpa,0.121 Mpa,0.00625 Mpa,0.117 Mpa,0.115 Mpa,0.118 Mpa,1.01 Mpa,0.0284 Mpa,0.118 Mpa,0.116 Mpa,0.118 Mpa,0.115 Mpa,0 Mpa,0.124 Mpa,0.127 Mpa,0.123 Mpa,0.125 Mpa,,0.122 Mpa,0.120 Mpa,0.121 Mpa,0.116 Mpa,0 Mpa,0.117 Mpa,0.116 Mpa,0.115 Mpa,0.117 Mpa,0 Mpa,0.129 Mpa,0.130 Mpa,0.127 Mpa,0.127 Mpa,0 Mpa,0.127 Mpa,0.127 Mpa,0.128 Mpa,0.920 Mpa,0.0114 Mpa,0.124 Mpa,0.127 Mpa,0.125 Mpa,1.02 Mpa,0 Mpa,0.127 Mpa,0.126 Mpa,0.128 Mpa,0.125 Mpa,0 Mpa,0.116 Mpa,0.116 Mpa,1.00 Mpa,0.116 Mpa,0 Mpa,1673 RPM
2026-08-13 03:00:00,0.126 Mpa,0.128 Mpa,0.128 Mpa,0.127 Mpa,0 Mpa,0.120 Mpa,0.117 Mpa,0.120 Mpa,1.02 Mpa,0 Mpa,0.117 Mpa,0.114 Mpa,0.117 Mpa,0.114 Mpa,0 Mpa,0.117 Mpa,0.119 Mpa,0.116 Mpa,0.118 Mpa,,0.121 Mpa,0.119 Mpa,0.121 Mpa,0.113 Mpa,0 Mpa,0.116 Mpa,0.116 Mpa,0.115 Mpa,0.117 Mpa,0 Mpa,0.133 Mpa,0.133 Mpa,0.132 Mpa,0.130 Mpa,0 Mpa,0.121 Mpa,0.122 Mpa,0.122 Mpa,0.936 Mpa,0 Mpa,0.123 Mpa,0.127 Mpa,0.125 Mpa,1.02 Mpa,0 Mpa,0.127 Mpa,0.125 Mpa,0.128 Mpa,0.124 Mpa,0 Mpa,0.113 Mpa,0.113 Mpa,0.926 Mpa,0.113 Mpa,0 Mpa,1634 RPM
2026-08-13 05:00:00,0.115 Mpa,0.117 Mpa,0.116 Mpa,0.115 Mpa,0 Mpa,0.119 Mpa,0.117 Mpa,0.119 Mpa,1.01 Mpa,0.00759 Mpa,0.108 Mpa,0.107 Mpa,0.109 Mpa,0.107 Mpa,0 Mpa,0.103 Mpa,0.106 Mpa,0.104 Mpa,0.106 Mpa,,0.121 Mpa,0.120 Mpa,0.120 Mpa,0.113 Mpa,0.0169 Mpa,0.115 Mpa,0.116 Mpa,0.114 Mpa,0.116 Mpa,0.00791 Mpa,0.130 Mpa,0.130 Mpa,0.129 Mpa,0.128 Mpa,0 Mpa,0.120 Mpa,0.121 Mpa,0.122 Mpa,0.924 Mpa,0.0120 Mpa,0.121 Mpa,0.124 Mpa,0.122 Mpa,1.01 Mpa,0.00904 Mpa,0.123 Mpa,0.122 Mpa,0.125 Mpa,0.122 Mpa,0.00699 Mpa,0.116 Mpa,0.116 Mpa,0.879 Mpa,0.117 Mpa,0.0196 Mpa,1516 RPM
2026-08-13 07:00:00,0.122 Mpa,0.124 Mpa,0.123 Mpa,0.123 Mpa,0 Mpa,0.120 Mpa,0.118 Mpa,0.120 Mpa,1.02 Mpa,0 Mpa,0.116 Mpa,0.113 Mpa,0.116 Mpa,0.113 Mpa,0 Mpa,0.128 Mpa,0.131 Mpa,0.127 Mpa,0.129 Mpa,,0.124 Mpa,0.121 Mpa,0.124 Mpa,0.114 Mpa,0 Mpa,0.117 Mpa,0.118 Mpa,0.116 Mpa,0.119 Mpa,0 Mpa,0.132 Mpa,0.132 Mpa,0.131 Mpa,0.130 Mpa,0 Mpa,0.127 Mpa,0.129 Mpa,0.130 Mpa,0.898 Mpa,0 Mpa,0.125 Mpa,0.128 Mpa,0.126 Mpa,1.02 Mpa,0 Mpa,0.121 Mpa,0.121 Mpa,0.123 Mpa,0.120 Mpa,0 Mpa,0.127 Mpa,0.127 Mpa,0.903 Mpa,0.128 Mpa,0 Mpa,1745 RPM
2026-08-13 09:00:00,0.130 Mpa,0.132 Mpa,0.132 Mpa,0.132 Mpa,0 Mpa,0.120 Mpa,0.118 Mpa,0.120 Mpa,1.02 Mpa,0 Mpa,0.116 Mpa,0.113 Mpa,0.115 Mpa,0.113 Mpa,0 Mpa,0.126 Mpa,0.131 Mpa,0.125 Mpa,0.129 Mpa,,0.121 Mpa,0.119 Mpa,0.121 Mpa,0.120 Mpa,0.00775 Mpa,0.115 Mpa,0.115 Mpa,0.114 Mpa,0.116 Mpa,0 Mpa,0.125 Mpa,0.125 Mpa,0.124 Mpa,0.124 Mpa,0 Mpa,0.124 Mpa,0.126 Mpa,0.127 Mpa,0.919 Mpa,0 Mpa,0.118 Mpa,0.120 Mpa,0.118 Mpa,1.00 Mpa,0.0234 Mpa,0.118 Mpa,0.118 Mpa,0.120 Mpa,0.117 Mpa,0 Mpa,0.128 Mpa,0.128 Mpa,0.881 Mpa,0.129 Mpa,0 Mpa,1676 RPM
2026-08-13 11:00:00,0.128 Mpa,0.131 Mpa,0.129 Mpa,0.130 Mpa,0 Mpa,0.121 Mpa,0.118 Mpa,0.121 Mpa,1.02 Mpa,0 Mpa,0.117 Mpa,0.113 Mpa,0.116 Mpa,0.113 Mpa,0 Mpa,0.127 Mpa,0.131 Mpa,0.126 Mpa,0.129 Mpa,,0.105 Mpa,0.105 Mpa,0.104 Mpa,0.105 Mpa,0 Mpa,0.116 Mpa,0.117 Mpa,0.114 Mpa,0.117 Mpa,0.0278 Mpa,0.129 Mpa,0.129 Mpa,0.128 Mpa,0.128 Mpa,0.00775 Mpa,0.132 Mpa,0.134 Mpa,0.136 Mpa,0.887 Mpa,0.00802 Mpa,0.115 Mpa,0.118 Mpa,0.115 Mpa,1.02 Mpa,0 Mpa,0.122 Mpa,0.122 Mpa,0.124 Mpa,0.121 Mpa,0 Mpa,0.124 Mpa,0.125 Mpa,0.845 Mpa,0.126 Mpa,0 Mpa,1582 RPM
2026-08-13 13:00:00,0.130 Mpa,0.132 Mpa,0.131 Mpa,0.131 Mpa,0 Mpa,0.122 Mpa,0.119 Mpa,0.122 Mpa,1.02 Mpa,0 Mpa,0.122 Mpa,0.118 Mpa,0.122 Mpa,0.118 Mpa,0 Mpa,0.121 Mpa,0.124 Mpa,0.121 Mpa,0.122 Mpa,,0.104 Mpa,0.102 Mpa,0.101 Mpa,0.103 Mpa,0.0536 Mpa,0.0930 Mpa,0.0950 Mpa,0.0940 Mpa,0.0960 Mpa,0 Mpa,0.130 Mpa,0.130 Mpa,0.129 Mpa,0.129 Mpa,0 Mpa,0.129 Mpa,0.131 Mpa,0.133 Mpa,0.897 Mpa,0 Mpa,0.126 Mpa,0.129 Mpa,0.128 Mpa,1.02 Mpa,0 Mpa,0.122 Mpa,0.122 Mpa,0.123 Mpa,0.121 Mpa,0 Mpa,0.124 Mpa,0.124 Mpa,0.346 Mpa,0.126 Mpa,0 Mpa,1752 RPM
2026-08-13 15:00:00,0.119 Mpa,0.122 Mpa,0.120 Mpa,0.121 Mpa,0 Mpa,0.121 Mpa,0.118 Mpa,0.121 Mpa,1.02 Mpa,0 Mpa,0.109 Mpa,0.107 Mpa,0.110 Mpa,0.107 Mpa,0 Mpa,0.125 Mpa,0.128 Mpa,0.124 Mpa,0.126 Mpa,,0.120 Mpa,0.119 Mpa,0.118 Mpa,0.119 Mpa,0 Mpa,0.114 Mpa,0.115 Mpa,0.112 Mpa,0.115 Mpa,0.0151 Mpa,0.117 Mpa,0.118 Mpa,0.117 Mpa,0.117 Mpa,0 Mpa,0.117 Mpa,0.119 Mpa,0.118 Mpa,0.962 Mpa,0 Mpa,0.125 Mpa,0.128 Mpa,0.126 Mpa,1.02 Mpa,0 Mpa,0.120 Mpa,0.120 Mpa,0.122 Mpa,0.119 Mpa,0 Mpa,0.122 Mpa,0.123 Mpa,0.127 Mpa,0.124 Mpa,0 Mpa,1680 RPM
2026-08-13 17:00:00,0.116 Mpa,0.118 Mpa,0.116 Mpa,0.117 Mpa,0.0101 Mpa,0.118 Mpa,0.116 Mpa,0.118 Mpa,1.01 Mpa,0 Mpa,0.112 Mpa,0.109 Mpa,0.112 Mpa,0.108 Mpa,0 Mpa,0.123 Mpa,0.126 Mpa,0.121 Mpa,0.124 Mpa,,0.114 Mpa,0.113 Mpa,0.112 Mpa,0.113 Mpa,0.0421 Mpa,0.113 Mpa,0.113 Mpa,0.111 Mpa,0.114 Mpa,0.00958 Mpa,0.125 Mpa,0.125 Mpa,0.125 Mpa,0.125 Mpa,0 Mpa,0.128 Mpa,0.128 Mpa,0.131 Mpa,0.917 Mpa,0 Mpa,0.127 Mpa,0.131 Mpa,0.128 Mpa,1.01 Mpa,0.00886 Mpa,0.120 Mpa,0.119 Mpa,0.122 Mpa,0.119 Mpa,0 Mpa,0.124 Mpa,0.124 Mpa,0.277 Mpa,0.125 Mpa,0.00593 Mpa,1585 RPM
2026-08-13 19:00:00,0.127 Mpa,0.129 Mpa,0.129 Mpa,0.129 Mpa,0 Mpa,0.112 Mpa,0.112 Mpa,0.113 Mpa,0.879 Mpa,0.421 Mpa,0.119 Mpa,0.116 Mpa,0.119 Mpa,0.116 Mpa,0 Mpa,0.118 Mpa,0.120 Mpa,0.118 Mpa,0.119 Mpa,,0.119 Mpa,0.117 Mpa,0.119 Mpa,0.116 Mpa,0 Mpa,0.118 Mpa,0.118 Mpa,0.117 Mpa,0.119 Mpa,0 Mpa,0.125 Mpa,0.133 Mpa,0.125 Mpa,0.123 Mpa,0 Mpa,0.128 Mpa,0.129 Mpa,0.131 Mpa,0.895 Mpa,0 Mpa,0.127 Mpa,0.130 Mpa,0.128 Mpa,1.02 Mpa,0 Mpa,0.120 Mpa,0.119 Mpa,0.121 Mpa,0.119 Mpa,0 Mpa,0.123 Mpa,0.124 Mpa,0.436 Mpa,0.125 Mpa,0 Mpa,1729 RPM
2026-08-13 21:00:00,0.123 Mpa,0.126 Mpa,0.125 Mpa,0.125 Mpa,0 Mpa,,,,,,0.119 Mpa,0.116 Mpa,0.119 Mpa,0.115 Mpa,0 Mpa,0.121 Mpa,0.124 Mpa,0.120 Mpa,0.123 Mpa,,0.118 Mpa,0.115 Mpa,0.118 Mpa,0.116 Mpa,0 Mpa,0.123 Mpa,0.123 Mpa,0.122 Mpa,0.124 Mpa,0 Mpa,0.130 Mpa,0.129 Mpa,0.129 Mpa,0.128 Mpa,0 Mpa,0.128 Mpa,0.130 Mpa,0.132 Mpa,0.894 Mpa,0.00631 Mpa,0.129 Mpa,0.131 Mpa,0.131 Mpa,1.02 Mpa,0 Mpa,0.117 Mpa,0.116 Mpa,0.119 Mpa,0.116 Mpa,0 Mpa,0.120 Mpa,0.121 Mpa,0.552 Mpa,0.122 Mpa,0 Mpa,1769 RPM
2026-08-13 23:00:00,0.126 Mpa,0.128 Mpa,0.128 Mpa,0.127 Mpa,0.00607 Mpa,,,,,,0.114 Mpa,0.112 Mpa,0.114 Mpa,0.111 Mpa,0.00712 Mpa,0.117 Mpa,0.120 Mpa,0.116 Mpa,0.119 Mpa,,0.120 Mpa,0.117 Mpa,0.120 Mpa,0.118 Mpa,0 Mpa,0.123 Mpa,0.123 Mpa,0.122 Mpa,0.124 Mpa,0 Mpa,0.132 Mpa,0.130 Mpa,0.131 Mpa,0.129 Mpa,0 Mpa,0.127 Mpa,0.128 Mpa,0.130 Mpa,0.897 Mpa,0 Mpa,0.127 Mpa,0.130 Mpa,0.129 Mpa,1.02 Mpa,0 Mpa,0.117 Mpa,0.116 Mpa,0.119 Mpa,0.116 Mpa,0.0163 Mpa,0.122 Mpa,0.123 Mpa,0.407 Mpa,0.124 Mpa,0 Mpa,1725 RPM
2026-08-14 01:00:00,0.120 Mpa,0.121 Mpa,0.121 Mpa,0.121 Mpa,0 Mpa,,,,,,0.118 Mpa,0.115 Mpa,0.117 Mpa,0.115 Mpa,0 Mpa,0.120 Mpa,0.123 Mpa,0.120 Mpa,0.122 Mpa,,0.120 Mpa,0.118 Mpa,0.120 Mpa,0.118 Mpa,0.00885 Mpa,0.119 Mpa,0.119 Mpa,0.117 Mpa,0.120 Mpa,0 Mpa,0.132 Mpa,0.130 Mpa,0.131 Mpa,0.130 Mpa,0 Mpa,0.129 Mpa,0.131 Mpa,0.133 Mpa,0.890 Mpa,0 Mpa,0.125 Mpa,0.129 Mpa,0.127 Mpa,1.02 Mpa,0 Mpa,0.122 Mpa,0.121 Mpa,0.123 Mpa,0.121 Mpa,0 Mpa,0.118 Mpa,0.118 Mpa,0.533 Mpa,0.120 Mpa,0.0346 Mpa,1704 RPM
2026-08-14 03:00:00,0.120 Mpa,0.122 Mpa,0.122 Mpa,0.121 Mpa,0 Mpa,0.114 Mpa,0.113 Mpa,0.115 Mpa,1.02 Mpa,0 Mpa,0.117 Mpa,0.114 Mpa,0.117 Mpa,0.114 Mpa,0 Mpa,0.118 Mpa,0.120 Mpa,0.118 Mpa,0.119 Mpa,,0.112 Mpa,0.109 Mpa,0.109 Mpa,0.109 Mpa,0.104 Mpa,0.125 Mpa,0.124 Mpa,0.123 Mpa,0.125 Mpa,0 Mpa,0.131 Mpa,0.130 Mpa,0.130 Mpa,0.129 Mpa,0 Mpa,0.126 Mpa,0.126 Mpa,0.129 Mpa,0.910 Mpa,0 Mpa,0.124 Mpa,0.128 Mpa,0.126 Mpa,1.02 Mpa,0 Mpa,0.121 Mpa,0.121 Mpa,0.123 Mpa,0.120 Mpa,0 Mpa,0.121 Mpa,0.121 Mpa,0.633 Mpa,0.123 Mpa,0 Mpa,1718 RPM
2026-08-14 05:00:00,0.119 Mpa,0.120 Mpa,0.120 Mpa,0.120 Mpa,0.0107 Mpa,0.123 Mpa,0.120 Mpa,0.123 Mpa,1.02 Mpa,0 Mpa,0.115 Mpa,0.112 Mpa,0.115 Mpa,0.111 Mpa,0.0313 Mpa,0.113 Mpa,0.116 Mpa,0.113 Mpa,0.115 Mpa,,0.115 Mpa,0.114 Mpa,0.114 Mpa,0.114 Mpa,0 Mpa,0.118 Mpa,0.118 Mpa,0.117 Mpa,0.119 Mpa,0.00538 Mpa,0.130 Mpa,0.130 Mpa,0.129 Mpa,0.129 Mpa,0 Mpa,0.123 Mpa,0.123 Mpa,0.125 Mpa,0.913 Mpa,0 Mpa,0.111 Mpa,0.114 Mpa,0.113 Mpa,1.01 Mpa,0.00815 Mpa,0.119 Mpa,0.119 Mpa,0.121 Mpa,0.119 Mpa,0.00633 Mpa,0.119 Mpa,0.119 Mpa,0.896 Mpa,0.120 Mpa,0 Mpa,1580 RPM
2026-08-14 07:00:00,0.126 Mpa,0.128 Mpa,0.127 Mpa,0.128 Mpa,0 Mpa,0.122 Mpa,0.120 Mpa,0.122 Mpa,1.02 Mpa,0 Mpa,0.102 Mpa,0.101 Mpa,0.103 Mpa,0.101 Mpa,0 Mpa,0.122 Mpa,0.126 Mpa,0.122 Mpa,0.124 Mpa,,0.123 Mpa,0.121 Mpa,0.122 Mpa,0.121 Mpa,0 Mpa,0.121 Mpa,0.121 Mpa,0.120 Mpa,0.122 Mpa,0 Mpa,0.127 Mpa,0.126 Mpa,0.126 Mpa,0.125 Mpa,0 Mpa,0.127 Mpa,0.128 Mpa,0.130 Mpa,0.907 Mpa,0 Mpa,0.117 Mpa,0.119 Mpa,0.117 Mpa,1.02 Mpa,0 Mpa,0.124 Mpa,0.124 Mpa,0.126 Mpa,0.123 Mpa,0 Mpa,0.121 Mpa,0.121 Mpa,0.888 Mpa,0.121 Mpa,0 Mpa,1720 RPM
2026-08-14 09:00:00,0.127 Mpa,0.129 Mpa,0.129 Mpa,0.129 Mpa,0 Mpa,0.122 Mpa,0.118 Mpa,0.122 Mpa,1.02 Mpa,0 Mpa,0.122 Mpa,0.119 Mpa,0.122 Mpa,0.119 Mpa,0 Mpa,0.124 Mpa,0.128 Mpa,0.123 Mpa,0.126 Mpa,,0.122 Mpa,0.119 Mpa,0.122 Mpa,0.120 Mpa,0 Mpa,0.121 Mpa,0.121 Mpa,0.120 Mpa,0.122 Mpa,0 Mpa,0.122 Mpa,0.121 Mpa,0.121 Mpa,0.121 Mpa,0 Mpa,0.132 Mpa,0.133 Mpa,0.136 Mpa,0.894 Mpa,0 Mpa,0.126 Mpa,0.129 Mpa,0.127 Mpa,1.02 Mpa,0 Mpa,0.120 Mpa,0.120 Mpa,0.122 Mpa,0.120 Mpa,0 Mpa,0.121 Mpa,0.121 Mpa,0.857 Mpa,0.122 Mpa,0 Mpa,1779 RPM
2026-08-14 11:00:00,0.123 Mpa,0.125 Mpa,0.124 Mpa,0.124 Mpa,0 Mpa,0.120 Mpa,0.118 Mpa,0.121 Mpa,1.02 Mpa,0 Mpa,0.119 Mpa,0.117 Mpa,0.118 Mpa,0.116 Mpa,0.00657 Mpa,0.127 Mpa,0.130 Mpa,0.125 Mpa,0.128 Mpa,,0.111 Mpa,0.108 Mpa,0.109 Mpa,0.108 Mpa,0.0247 Mpa,0.120 Mpa,0.120 Mpa,0.118 Mpa,0.121 Mpa,0 Mpa,0.113 Mpa,0.113 Mpa,0.113 Mpa,0.112 Mpa,0.0240 Mpa,0.125 Mpa,0.126 Mpa,0.129 Mpa,0.874 Mpa,0.00698 Mpa,0.123 Mpa,0.127 Mpa,0.124 Mpa,1.02 Mpa,0 Mpa,0.120 Mpa,0.119 Mpa,0.122 Mpa,0.119 Mpa,0 Mpa,0.122 Mpa,0.122 Mpa,0.372 Mpa,0.123 Mpa,0 Mpa,1633 RPM
2026-08-14 13:00:00,0.124 Mpa,0.126 Mpa,0.126 Mpa,0.125 Mpa,0 Mpa,0.121 Mpa,0.119 Mpa,0.121 Mpa,1.01 Mpa,0.00784 Mpa,0.114 Mpa,0.112 Mpa,0.115 Mpa,0.112 Mpa,0 Mpa,0.125 Mpa,0.128 Mpa,0.123 Mpa,0.126 Mpa,,0.104 Mpa,0.101 Mpa,0.101 Mpa,0.101 Mpa,0 Mpa,0.119 Mpa,0.119 Mpa,0.118 Mpa,0.119 Mpa,0.0160 Mpa,0.124 Mpa,0.123 Mpa,0.123 Mpa,0.123 Mpa,0 Mpa,0.128 Mpa,0.130 Mpa,0.130 Mpa,0.913 Mpa,0 Mpa,0.112 Mpa,0.114 Mpa,0.113 Mpa,1.01 Mpa,0.0220 Mpa,0.126 Mpa,0.126 Mpa,0.128 Mpa,0.125 Mpa,0 Mpa,0.126 Mpa,0.126 Mpa,0.334 Mpa,0.126 Mpa,0 Mpa,1710 RPM
2026-08-14 15:00:00,0.124 Mpa,0.125 Mpa,0.126 Mpa,0.124 Mpa,0 Mpa,0.124 Mpa,0.120 Mpa,0.124 Mpa,1.02 Mpa,0 Mpa,0.119 Mpa,0.117 Mpa,0.119 Mpa,0.116 Mpa,0 Mpa,0.124 Mpa,0.127 Mpa,0.123 Mpa,0.126 Mpa,,0.116 Mpa,0.113 Mpa,0.113 Mpa,0.113 Mpa,0.0285 Mpa,0.122 Mpa,0.122 Mpa,0.120 Mpa,0.122 Mpa,0 Mpa,0.127 Mpa,0.126 Mpa,0.127 Mpa,0.126 Mpa,0 Mpa,0.127 Mpa,0.128 Mpa,0.130 Mpa,0.915 Mpa,0 Mpa,0.129 Mpa,0.132 Mpa,0.131 Mpa,1.01 Mpa,0.00806 Mpa,0.121 Mpa,0.120 Mpa,0.123 Mpa,0.119 Mpa,0 Mpa,0.123 Mpa,0.123 Mpa,0.377 Mpa,0.124 Mpa,0 Mpa,1775 RPM
2026-08-14 17:00:00,0.126 Mpa,0.127 Mpa,0.127 Mpa,0.127 Mpa,0.0113 Mpa,0.118 Mpa,0.116 Mpa,0.119 Mpa,1.02 Mpa,0 Mpa,0.115 Mpa,0.113 Mpa,0.116 Mpa,0.112 Mpa,0.0652 Mpa,0.122 Mpa,0.125 Mpa,0.121 Mpa,0.123 Mpa,,0.127 Mpa,0.125 Mpa,0.125 Mpa,0.126 Mpa,0.0387 Mpa,0.118 Mpa,0.117 Mpa,0.116 Mpa,0.118 Mpa,0.00683 Mpa,0.127 Mpa,0.126 Mpa,0.126 Mpa,0.126 Mpa,0.00766 Mpa,0.123 Mpa,0.124 Mpa,0.125 Mpa,0.922 Mpa,0 Mpa,0.124 Mpa,0.127 Mpa,0.126 Mpa,1.01 Mpa,0.00809 Mpa,0.114 Mpa,0.113 Mpa,0.116 Mpa,0.113 Mpa,0 Mpa,0.116 Mpa,0.117 Mpa,0.483 Mpa,0.118 Mpa,0.0223 Mpa,1609 RPM
2026-08-14 19:00:00,0.126 Mpa,0.127 Mpa,0.127 Mpa,0.126 Mpa,0 Mpa,0.118 Mpa,0.116 Mpa,0.119 Mpa,1.02 Mpa,0 Mpa,,,,,,0.123 Mpa,0.127 Mpa,0.122 Mpa,0.125 Mpa,,0.121 Mpa,0.120 Mpa,0.120 Mpa,0.120 Mpa,0 Mpa,0.120 Mpa,0.119 Mpa,0.118 Mpa,0.120 Mpa,0 Mpa,0.123 Mpa,0.122 Mpa,0.122 Mpa,0.122 Mpa,0 Mpa,0.129 Mpa,0.130 Mpa,0.132 Mpa,0.899 Mpa,0 Mpa,0.122 Mpa,0.125 Mpa,0.124 Mpa,1.02 Mpa,0 Mpa,0.119 Mpa,0.118 Mpa,0.120 Mpa,0.118 Mpa,0 Mpa,0.116 Mpa,0.116 Mpa,0.656 Mpa,0.117 Mpa,0 Mpa,1769 RPM
2026-08-14 21:00:00,0.121 Mpa,0.123 Mpa,0.122 Mpa,0.122 Mpa,0.00337 Mpa,0.119 Mpa,0.117 Mpa,0.119 Mpa,1.02 Mpa,0 Mpa,,,,,,0.123 Mpa,0.125 Mpa,0.122 Mpa,0.123 Mpa,,0.123 Mpa,0.121 Mpa,0.122 Mpa,0.122 Mpa,0 Mpa,0.118 Mpa,0.118 Mpa,0.116 Mpa,0.119 Mpa,0 Mpa,0.118 Mpa,0.118 Mpa,0.118 Mpa,0.118 Mpa,0 Mpa,0.125 Mpa,0.125 Mpa,0.128 Mpa,0.913 Mpa,0.00910 Mpa,0.125 Mpa,0.128 Mpa,0.127 Mpa,1.02 Mpa,0 Mpa,0.117 Mpa,0.116 Mpa,0.119 Mpa,0.116 Mpa,0 Mpa,0.119 Mpa,0.119 Mpa,0.551 Mpa,0.121 Mpa,0 Mpa,1717 RPM
2026-08-14 23:00:00,0.125 Mpa,0.127 Mpa,0.127 Mpa,0.127 Mpa,0 Mpa,0.120 Mpa,0.118 Mpa,0.120 Mpa,1.02 Mpa,0 Mpa,,,,,,0.123 Mpa,0.125 Mpa,0.122 Mpa,0.124 Mpa,,0.118 Mpa,0.116 Mpa,0.117 Mpa,0.116 Mpa,0 Mpa,0.121 Mpa,0.120 Mpa,0.119 Mpa,0.121 Mpa,0 Mpa,0.127 Mpa,0.128 Mpa,0.126 Mpa,0.126 Mpa,0 Mpa,0.118 Mpa,0.118 Mpa,0.119 Mpa,0.953 Mpa,0.0241 Mpa,0.123 Mpa,0.128 Mpa,0.125 Mpa,1.02 Mpa,0 Mpa,0.120 Mpa,0.118 Mpa,0.121 Mpa,0.118 Mpa,0.00694 Mpa,0.119 Mpa,0.118 Mpa,0.279 Mpa,0.120 Mpa,0 Mpa,1654 RPM
2026-08-15 01:00:00,0.127 Mpa,0.128 Mpa,0.128 Mpa,0.127 Mpa,0 Mpa,0.120 Mpa,0.117 Mpa,0.120 Mpa,1.01 Mpa,0.0179 Mpa,,,,,,0.117 Mpa,0.119 Mpa,0.117 Mpa,0.118 Mpa,,0.118 Mpa,0.115 Mpa,0.116 Mpa,0.116 Mpa,0 Mpa,0.119 Mpa,0.119 Mpa,0.118 Mpa,0.119 Mpa,0 Mpa,0.121 Mpa,0.122 Mpa,0.121 Mpa,0.121 Mpa,0 Mpa,0.124 Mpa,0.124 Mpa,0.126 Mpa,0.942 Mpa,0 Mpa,0.122 Mpa,0.126 Mpa,0.123 Mpa,1.01 Mpa,0.0104 Mpa,0.121 Mpa,0.120 Mpa,0.123 Mpa,0.120 Mpa,0 Mpa,0.119 Mpa,0.120 Mpa,0.663 Mpa,0.121 Mpa,0.0260 Mpa,1598 RPM
2026-08-15 03:00:00,0.121 Mpa,0.123 Mpa,0.122 Mpa,0.122 Mpa,0 Mpa,0.118 Mpa,0.118 Mpa,0.119 Mpa,1.02 Mpa,0 Mpa,,,,,,0.118 Mpa,0.122 Mpa,0.118 Mpa,0.120 Mpa,,0.117 Mpa,0.115 Mpa,0.116 Mpa,0.115 Mpa,0 Mpa,0.117 Mpa,0.117 Mpa,0.115 Mpa,0.118 Mpa,0 Mpa,0.126 Mpa,0.128 Mpa,0.125 Mpa,0.126 Mpa,0 Mpa,0.125 Mpa,0.126 Mpa,0.128 Mpa,0.912 Mpa,0 Mpa,0.120 Mpa,0.124 Mpa,0.122 Mpa,1.02 Mpa,0 Mpa,0.119 Mpa,0.118 Mpa,0.121 Mpa,0.118 Mpa,0 Mpa,0.125 Mpa,0.125 Mpa,0.174 Mpa,0.126 Mpa,0 Mpa,1650 RPM
2026-08-15 05:00:00,0.116 Mpa,0.118 Mpa,0.116 Mpa,0.117 Mpa,0.00378 Mpa,0.122 Mpa,0.120 Mpa,0.123 Mpa,1.01 Mpa,0.00857 Mpa,0.105 Mpa,0.104 Mpa,0.106 Mpa,0.104 Mpa,0 Mpa,0.119 Mpa,0.122 Mpa,0.119 Mpa,0.121 Mpa,,0.117 Mpa,0.116 Mpa,0.117 Mpa,0.116 Mpa,0.0203 Mpa,0.111 Mpa,0.111 Mpa,0.110 Mpa,0.112 Mpa,0 Mpa,0.130 Mpa,0.129 Mpa,0.129 Mpa,0.128 Mpa,0.00822 Mpa,0.123 Mpa,0.124 Mpa,0.125 Mpa,0.921 Mpa,0.00778 Mpa,0.124 Mpa,0.128 Mpa,0.125 Mpa,1.01 Mpa,0.00813 Mpa,0.123 Mpa,0.122 Mpa,0.125 Mpa,0.122 Mpa,0.00667 Mpa,0.122 Mpa,0.122 Mpa,0.295 Mpa,0.124 Mpa,0 Mpa,1609 RPM
2026-08-15 07:00:00,0.125 Mpa,0.127 Mpa,0.127 Mpa,0.127 Mpa,0 Mpa,0.122 Mpa,0.120 Mpa,0.122 Mpa,1.02 Mpa,0 Mpa,0.107 Mpa,0.106 Mpa,0.109 Mpa,0.106 Mpa,0.0199 Mpa,0.129 Mpa,0.133 Mpa,0.127 Mpa,0.131 Mpa,,0.119 Mpa,0.117 Mpa,0.118 Mpa,0.117 Mpa,0 Mpa,0.121 Mpa,0.121 Mpa,0.120 Mpa,0.122 Mpa,0 Mpa,0.129 Mpa,0.128 Mpa,0.129 Mpa,0.128 Mpa,0 Mpa,0.125 Mpa,0.126 Mpa,0.127 Mpa,0.922 Mpa,0 Mpa,0.129 Mpa,0.132 Mpa,0.131 Mpa,1.02 Mpa,0 Mpa,0.127 Mpa,0.125 Mpa,0.129 Mpa,0.125 Mpa,0 Mpa,0.123 Mpa,0.123 Mpa,0.337 Mpa,0.124 Mpa,0 Mpa,1712 RPM
2026-08-15 09:00:00,0.126 Mpa,0.126 Mpa,0.127 Mpa,0.127 Mpa,0 Mpa,0.121 Mpa,0.118 Mpa,0.121 Mpa,1.02 Mpa,0 Mpa,0.114 Mpa,0.111 Mpa,0.114 Mpa,0.111 Mpa,0 Mpa,0.126 Mpa,0.128 Mpa,0.125 Mpa,0.127 Mpa,,0.120 Mpa,0.118 Mpa,0.119 Mpa,0.118 Mpa,0 Mpa,0.122 Mpa,0.123 Mpa,0.121 Mpa,0.124 Mpa,0 Mpa,0.132 Mpa,0.131 Mpa,0.132 Mpa,0.130 Mpa,0 Mpa,0.130 Mpa,0.131 Mpa,0.133 Mpa,0.892 Mpa,0 Mpa,0.130 Mpa,0.132 Mpa,0.131 Mpa,1.02 Mpa,0 Mpa,0.124 Mpa,0.124 Mpa,0.127 Mpa,0.123 Mpa,0 Mpa,0.126 Mpa,0.126 Mpa,0.231 Mpa,0.127 Mpa,0 Mpa,1769 RPM
2026-08-15 11:00:00,0.123 Mpa,0.125 Mpa,0.125 Mpa,0.124 Mpa,0 Mpa,0.119 Mpa,0.116 Mpa,0.119 Mpa,1.02 Mpa,0 Mpa,0.115 Mpa,0.112 Mpa,0.114 Mpa,0.112 Mpa,0 Mpa,0.114 Mpa,0.117 Mpa,0.114 Mpa,0.116 Mpa,,0.121 Mpa,0.118 Mpa,0.121 Mpa,0.116 Mpa,0 Mpa,0.123 Mpa,0.123 Mpa,0.122 Mpa,0.124 Mpa,0 Mpa,0.127 Mpa,0.126 Mpa,0.126 Mpa,0.126 Mpa,0.0276 Mpa,0.130 Mpa,0.132 Mpa,0.134 Mpa,0.888 Mpa,0 Mpa,0.133 Mpa,0.139 Mpa,0.135 Mpa,1.02 Mpa,0 Mpa,0.121 Mpa,0.120 Mpa,0.123 Mpa,0.119 Mpa,0 Mpa,0.123 Mpa,0.123 Mpa,0.244 Mpa,0.124 Mpa,0 Mpa,1600 RPM
2026-08-15 13:00:00,0.130 Mpa,0.132 Mpa,0.131 Mpa,0.132 Mpa,0 Mpa,0.120 Mpa,0.119 Mpa,0.120 Mpa,1.01 Mpa,0.0202 Mpa,0.112 Mpa,0.109 Mpa,0.112 Mpa,0.109 Mpa,0 Mpa,0.121 Mpa,0.124 Mpa,0.121 Mpa,0.123 Mpa,,0.120 Mpa,0.117 Mpa,0.120 Mpa,0.116 Mpa,0 Mpa,0.116 Mpa,0.117 Mpa,0.115 Mpa,0.118 Mpa,0.0254 Mpa,0.117 Mpa,0.117 Mpa,0.117 Mpa,0.117 Mpa,0.0684 Mpa,0.128 Mpa,0.129 Mpa,0.131 Mpa,0.892 Mpa,0 Mpa,0.129 Mpa,0.134 Mpa,0.132 Mpa,1.02 Mpa,0 Mpa,0.126 Mpa,0.124 Mpa,0.128 Mpa,0.124 Mpa,0 Mpa,0.123 Mpa,0.124 Mpa,0.163 Mpa,0.125 Mpa,0 Mpa,1722 RPM
2026-08-15 15:00:00,0.131 Mpa,0.133 Mpa,0.133 Mpa,0.132 Mpa,0 Mpa,0.118 Mpa,0.116 Mpa,0.118 Mpa,1.02 Mpa,0 Mpa,0.117 Mpa,0.114 Mpa,0.117 Mpa,0.114 Mpa,0 Mpa,0.118 Mpa,0.121 Mpa,0.118 Mpa,0.120 Mpa,,0.115 Mpa,0.114 Mpa,0.115 Mpa,0.113 Mpa,0 Mpa,0.120 Mpa,0.120 Mpa,0.119 Mpa,0.121 Mpa,0 Mpa,0.134 Mpa,0.134 Mpa,0.133 Mpa,0.133 Mpa,0 Mpa,0.129 Mpa,0.129 Mpa,0.132 Mpa,0.914 Mpa,0 Mpa,0.127 Mpa,0.130 Mpa,0.129 Mpa,0.984 Mpa,0.0684 Mpa,0.126 Mpa,0.124 Mpa,0.129 Mpa,0.124 Mpa,0 Mpa,0.124 Mpa,0.125 Mpa,0.160 Mpa,0.127 Mpa,0 Mpa,1746 RPM
2026-08-15 17:00:00,0.120 Mpa,0.121 Mpa,0.121 Mpa,0.120 Mpa,0.00724 Mpa,0.115 Mpa,0.115 Mpa,0.116 Mpa,1.01 Mpa,0.0117 Mpa,0.120 Mpa,0.117 Mpa,0.120 Mpa,0.117 Mpa,0.0632 Mpa,0.117 Mpa,0.120 Mpa,0.117 Mpa,0.118 Mpa,,0.115 Mpa,0.114 Mpa,0.115 Mpa,0.113 Mpa,0 Mpa,0.123 Mpa,0.122 Mpa,0.121 Mpa,0.124 Mpa,0 Mpa,0.135 Mpa,0.135 Mpa,0.134 Mpa,0.134 Mpa,0.00719 Mpa,0.124 Mpa,0.125 Mpa,0.127 Mpa,0.922 Mpa,0 Mpa,,,,,,0.121 Mpa,0.120 Mpa,0.123 Mpa,0.119 Mpa,0.00613 Mpa,0.121 Mpa,0.121 Mpa,0.296 Mpa,0.122 Mpa,0.00915 Mpa,1697 RPM
2026-08-15 19:00:00,0.118 Mpa,0.119 Mpa,0.119 Mpa,0.119 Mpa,0 Mpa,0.120 Mpa,0.117 Mpa,0.120 Mpa,1.02 Mpa,0 Mpa,0.110 Mpa,0.108 Mpa,0.110 Mpa,0.107 Mpa,0 Mpa,0.121 Mpa,0.124 Mpa,0.120 Mpa,0.122 Mpa,,0.120 Mpa,0.118 Mpa,0.119 Mpa,0.116 Mpa,0 Mpa,0.120 Mpa,0.119 Mpa,0.119 Mpa,0.120 Mpa,0 Mpa,0.123 Mpa,0.123 Mpa,0.122 Mpa,0.122 Mpa,0 Mpa,0.125 Mpa,0.127 Mpa,0.128 Mpa,0.890 Mpa,0 Mpa,,,,,,0.118 Mpa,0.116 Mpa,0.120 Mpa,0.116 Mpa,0 Mpa,0.117 Mpa,0.118 Mpa,0.265 Mpa,0.119 Mpa,0 Mpa,1750 RPM
2026-08-15 21:00:00,0.123 Mpa,0.124 Mpa,0.124 Mpa,0.124 Mpa,0 Mpa,0.122 Mpa,0.120 Mpa,0.122 Mpa,1.02 Mpa,0 Mpa,0.110 Mpa,0.107 Mpa,0.110 Mpa,0.107 Mpa,0.0165 Mpa,0.121 Mpa,0.124 Mpa,0.120 Mpa,0.122 Mpa,,0.119 Mpa,0.117 Mpa,0.119 Mpa,0.115 Mpa,0 Mpa,0.121 Mpa,0.120 Mpa,0.120 Mpa,0.122 Mpa,0 Mpa,0.132 Mpa,0.131 Mpa,0.131 Mpa,0.131 Mpa,0 Mpa,0.125 Mpa,0.127 Mpa,0.128 Mpa,0.904 Mpa,0 Mpa,,,,,,0.122 Mpa,0.120 Mpa,0.123 Mpa,0.120 Mpa,0 Mpa,0.123 Mpa,0.123 Mpa,0.186 Mpa,0.124 Mpa,0 Mpa,1774 RPM
2026-08-15 23:00:00,0.112 Mpa,0.115 Mpa,0.113 Mpa,0.113 Mpa,0.00805 Mpa,0.121 Mpa,0.119 Mpa,0.121 Mpa,1.02 Mpa,0 Mpa,0.119 Mpa,0.117 Mpa,0.119 Mpa,0.116 Mpa,0 Mpa,0.115 Mpa,0.117 Mpa,0.114 Mpa,0.116 Mpa,,0.118 Mpa,0.115 Mpa,0.118 Mpa,0.117 Mpa,0.0269 Mpa,0.122 Mpa,0.120 Mpa,0.120 Mpa,0.121 Mpa,0 Mpa,0.134 Mpa,0.133 Mpa,0.133 Mpa,0.132 Mpa,0 Mpa,0.129 Mpa,0.130 Mpa,0.133 Mpa,0.910 Mpa,0.0161 Mpa,0.105 Mpa,0.105 Mpa,0.105 Mpa,0.966 Mpa,0.0394 Mpa,0.122 Mpa,0.122 Mpa,0.124 Mpa,0.122 Mpa,0.0128 Mpa,0.119 Mpa,0.119 Mpa,0.230 Mpa,0.120 Mpa,0 Mpa,1718 RPM
2026-08-16 01:00:00,0.125 Mpa,0.126 Mpa,0.125 Mpa,0.126 Mpa,0.0161 Mpa,0.119 Mpa,0.117 Mpa,0.119 Mpa,1.02 Mpa,0 Mpa,0.113 Mpa,0.110 Mpa,0.113 Mpa,0.110 Mpa,0 Mpa,0.117 Mpa,0.119 Mpa,0.116 Mpa,0.117 Mpa,,0.102 Mpa,0.101 Mpa,0.101 Mpa,0.102 Mpa,0.0183 Mpa,0.118 Mpa,0.118 Mpa,0.117 Mpa,0.119 Mpa,0 Mpa,0.128 Mpa,0.128 Mpa,0.127 Mpa,0.127 Mpa,0 Mpa,0.120 Mpa,0.121 Mpa,0.123 Mpa,0.913 Mpa,0 Mpa,,,,,,0.122 Mpa,0.121 Mpa,0.123 Mpa,0.121 Mpa,0 Mpa,0.123 Mpa,0.123 Mpa,0.331 Mpa,0.124 Mpa,0.00719 Mpa,1614 RPM
2026-08-16 03:00:00,0.133 Mpa,0.135 Mpa,0.135 Mpa,0.135 Mpa,0 Mpa,0.118 Mpa,0.117 Mpa,0.118 Mpa,0.991 Mpa,0.0504 Mpa,0.115 Mpa,0.112 Mpa,0.115 Mpa,0.112 Mpa,0 Mpa,0.117 Mpa,0.118 Mpa,0.116 Mpa,0.117 Mpa,,0.106 Mpa,0.105 Mpa,0.105 Mpa,0.106 Mpa,0.0795 Mpa,0.122 Mpa,0.121 Mpa,0.121 Mpa,0.122 Mpa,0 Mpa,0.129 Mpa,0.130 Mpa,0.128 Mpa,0.128 Mpa,0 Mpa,0.127 Mpa,0.127 Mpa,0.130 Mpa,0.886 Mpa,0 Mpa,0.124 Mpa,0.126 Mpa,0.125 Mpa,1.02 Mpa,0 Mpa,0.116 Mpa,0.115 Mpa,0.117 Mpa,0.115 Mpa,0 Mpa,0.118 Mpa,0.118 Mpa,0.623 Mpa,0.119 Mpa,0.00536 Mpa,1657 RPM
2026-08-16 05:00:00,0.121 Mpa,0.124 Mpa,0.122 Mpa,0.123 Mpa,0 Mpa,0.122 Mpa,0.120 Mpa,0.122 Mpa,1.01 Mpa,0.00889 Mpa,0.116 Mpa,0.113 Mpa,0.116 Mpa,0.112 Mpa,0 Mpa,0.115 Mpa,0.118 Mpa,0.115 Mpa,0.117 Mpa,,0.121 Mpa,0.120 Mpa,0.120 Mpa,0.120 Mpa,0 Mpa,0.117 Mpa,0.117 Mpa,0.116 Mpa,0.118 Mpa,0 Mpa,0.121 Mpa,0.124 Mpa,0.121 Mpa,0.121 Mpa,0 Mpa,0.128 Mpa,0.129 Mpa,0.132 Mpa,0.899 Mpa,0 Mpa,0.131 Mpa,0.132 Mpa,0.132 Mpa,1.01 Mpa,0.00681 Mpa,0.123 Mpa,0.122 Mpa,0.125 Mpa,0.122 Mpa,0 Mpa,0.119 Mpa,0.118 Mpa,0.733 Mpa,0.120 Mpa,0.00542 Mpa,1686 RPM
2026-08-16 07:00:00,0.124 Mpa,0.125 Mpa,0.125 Mpa,0.125 Mpa,0.0140 Mpa,0.121 Mpa,0.119 Mpa,0.121 Mpa,1.02 Mpa,0 Mpa,0.115 Mpa,0.111 Mpa,0.115 Mpa,0.111 Mpa,0 Mpa,0.119 Mpa,0.122 Mpa,0.118 Mpa,0.120 Mpa,,0.117 Mpa,0.116 Mpa,0.117 Mpa,0.114 Mpa,0 Mpa,0.122 Mpa,0.122 Mpa,0.120 Mpa,0.123 Mpa,0 Mpa,0.129 Mpa,0.131 Mpa,0.129 Mpa,0.128 Mpa,0 Mpa,0.112 Mpa,0.113 Mpa,0.114 Mpa,0.971 Mpa,0 Mpa,0.131 Mpa,0.134 Mpa,0.133 Mpa,1.02 Mpa,0 Mpa,0.123 Mpa,0.122 Mpa,0.125 Mpa,0.122 Mpa,0 Mpa,0.120 Mpa,0.120 Mpa,0.774 Mpa,0.121 Mpa,0 Mpa,1704 RPM
2026-08-16 09:00:00,0.122 Mpa,0.124 Mpa,0.123 Mpa,0.124 Mpa,0.00721 Mpa,0.117 Mpa,0.114 Mpa,0.117 Mpa,1.02 Mpa,0 Mpa,0.119 Mpa,0.116 Mpa,0.119 Mpa,0.116 Mpa,0 Mpa,0.125 Mpa,0.128 Mpa,0.123 Mpa,0.126 Mpa,,0.118 Mpa,0.116 Mpa,0.118 Mpa,0.115 Mpa,0 Mpa,0.121 Mpa,0.121 Mpa,0.120 Mpa,0.122 Mpa,0 Mpa,0.134 Mpa,0.132 Mpa,0.133 Mpa,0.131 Mpa,0 Mpa,0.129 Mpa,0.131 Mpa,0.133 Mpa,0.900 Mpa,0 Mpa,0.133 Mpa,0.137 Mpa,0.135 Mpa,1.02 Mpa,0 Mpa,0.129 Mpa,0.128 Mpa,0.131 Mpa,0.128 Mpa,0 Mpa,0.123 Mpa,0.122 Mpa,0.897 Mpa,0.123 Mpa,0 Mpa,1758 RPM
2026-08-16 11:00:00,0.128 Mpa,0.130 Mpa,0.130 Mpa,0.130 Mpa,0 Mpa,0.121 Mpa,0.119 Mpa,0.121 Mpa,1.02 Mpa,0 Mpa,0.118 Mpa,0.115 Mpa,0.118 Mpa,0.115 Mpa,0 Mpa,0.116 Mpa,0.120 Mpa,0.116 Mpa,0.118 Mpa,,0.118 Mpa,0.116 Mpa,0.118 Mpa,0.116 Mpa,0 Mpa,0.119 Mpa,0.120 Mpa,0.118 Mpa,0.121 Mpa,0 Mpa,0.129 Mpa,0.128 Mpa,0.127 Mpa,0.126 Mpa,0.0101 Mpa,0.126 Mpa,0.127 Mpa,0.129 Mpa,0.912 Mpa,0 Mpa,0.127 Mpa,0.129 Mpa,0.129 Mpa,1.02 Mpa,0 Mpa,0.125 Mpa,0.125 Mpa,0.127 Mpa,0.124 Mpa,0 Mpa,0.123 Mpa,0.123 Mpa,0.895 Mpa,0.124 Mpa,0 Mpa,1684 RPM
2026-08-16 13:00:00,0.129 Mpa,0.130 Mpa,0.130 Mpa,0.130 Mpa,0 Mpa,0.121 Mpa,0.118 Mpa,0.121 Mpa,1.02 Mpa,0 Mpa,0.119 Mpa,0.116 Mpa,0.119 Mpa,0.116 Mpa,0 Mpa,0.119 Mpa,0.121 Mpa,0.118 Mpa,0.119 Mpa,,0.120 Mpa,0.118 Mpa,0.119 Mpa,0.123 Mpa,0 Mpa,0.118 Mpa,0.119 Mpa,0.117 Mpa,0.120 Mpa,0.00986 Mpa,,,,,,0.124 Mpa,0.126 Mpa,0.127 Mpa,0.890 Mpa,0 Mpa,0.125 Mpa,0.129 Mpa,0.127 Mpa,1.01 Mpa,0.0105 Mpa,0.122 Mpa,0.123 Mpa,0.124 Mpa,0.122 Mpa,0.00589 Mpa,0.123 Mpa,0.122 Mpa,0.867 Mpa,0.124 Mpa,0 Mpa,1735 RPM
2026-08-16 15:00:00,0.126 Mpa,0.128 Mpa,0.128 Mpa,0.128 Mpa,0 Mpa,0.117 Mpa,0.114 Mpa,0.117 Mpa,1.02 Mpa,0 Mpa,0.123 Mpa,0.121 Mpa,0.123 Mpa,0.120 Mpa,0 Mpa,0.112 Mpa,0.114 Mpa,0.112 Mpa,0.113 Mpa,,0.119 Mpa,0.117 Mpa,0.119 Mpa,0.121 Mpa,0 Mpa,0.119 Mpa,0.119 Mpa,0.117 Mpa,0.119 Mpa,0 Mpa,,,,,,0.120 Mpa,0.120 Mpa,0.122 Mpa,0.918 Mpa,0 Mpa,0.120 Mpa,0.122 Mpa,0.121 Mpa,1.01 Mpa,0.00885 Mpa,0.122 Mpa,0.121 Mpa,0.123 Mpa,0.120 Mpa,0 Mpa,0.123 Mpa,0.124 Mpa,0.835 Mpa,0.125 Mpa,0 Mpa,1667 RPM
2026-08-16 17:00:00,0.119 Mpa,0.121 Mpa,0.121 Mpa,0.120 Mpa,0 Mpa,0.117 Mpa,0.114 Mpa,0.116 Mpa,1.02 Mpa,0 Mpa,0.118 Mpa,0.116 Mpa,0.117 Mpa,0.115 Mpa,0 Mpa,0.114 Mpa,0.115 Mpa,0.113 Mpa,0.114 Mpa,,0.113 Mpa,0.112 Mpa,0.112 Mpa,0.114 Mpa,0 Mpa,0.114 Mpa,0.114 Mpa,0.113 Mpa,0.115 Mpa,0 Mpa,,,,,,0.124 Mpa,0.125 Mpa,0.127 Mpa,0.913 Mpa,0 Mpa,0.124 Mpa,0.126 Mpa,0.125 Mpa,1.01 Mpa,0.0144 Mpa,0.119 Mpa,0.118 Mpa,0.121 Mpa,0.118 Mpa,0.00557 Mpa,0.120 Mpa,0.120 Mpa,0.678 Mpa,0.121 Mpa,0.00410 Mpa,1636 RPM
2026-08-16 19:00:00,0.123 Mpa,0.125 Mpa,0.124 Mpa,0.124 Mpa,0 Mpa,0.122 Mpa,0.119 Mpa,0.122 Mpa,1.02 Mpa,0 Mpa,0.120 Mpa,0.118 Mpa,0.120 Mpa,0.118 Mpa,0 Mpa,0.118 Mpa,0.121 Mpa,0.118 Mpa,0.120 Mpa,,0.119 Mpa,0.117 Mpa,0.118 Mpa,0.128 Mpa,0 Mpa,0.119 Mpa,0.118 Mpa,0.117 Mpa,0.119 Mpa,0 Mpa,,,,,,0.120 Mpa,0.120 Mpa,0.122 Mpa,0.941 Mpa,0 Mpa,0.120 Mpa,0.122 Mpa,0.121 Mpa,1.02 Mpa,0 Mpa,0.116 Mpa,0.115 Mpa,0.117 Mpa,0.115 Mpa,0 Mpa,0.125 Mpa,0.125 Mpa,0.469 Mpa,0.127 Mpa,0 Mpa,1697 RPM
2026-08-16 21:00:00,0.115 Mpa,0.117 Mpa,0.116 Mpa,0.116 Mpa,0 Mpa,0.121 Mpa,0.118 Mpa,0.121 Mpa,1.02 Mpa,0 Mpa,0.119 Mpa,0.116 Mpa,0.120 Mpa,0.116 Mpa,0 Mpa,0.121 Mpa,0.123 Mpa,0.119 Mpa,0.121 Mpa,,0.118 Mpa,0.117 Mpa,0.117 Mpa,0.133 Mpa,0 Mpa,0.112 Mpa,0.112 Mpa,0.111 Mpa,0.113 Mpa,0.0158 Mpa,,,,,,0.129 Mpa,0.130 Mpa,0.132 Mpa,0.888 Mpa,0 Mpa,0.118 Mpa,0.121 Mpa,0.119 Mpa,1.02 Mpa,0 Mpa,0.116 Mpa,0.116 Mpa,0.117 Mpa,0.115 Mpa,0 Mpa,0.123 Mpa,0.123 Mpa,0.642 Mpa,0.125 Mpa,0 Mpa,1709 RPM
2026-08-16 23:00:00,0.127 Mpa,0.129 Mpa,0.128 Mpa,0.128 Mpa,0.0179 Mpa,0.121 Mpa,0.118 Mpa,0.121 Mpa,1.02 Mpa,0 Mpa,0.117 Mpa,0.114 Mpa,0.118 Mpa,0.114 Mpa,0.0615 Mpa,0.119 Mpa,0.121 Mpa,0.118 Mpa,0.120 Mpa,,0.118 Mpa,0.117 Mpa,0.118 Mpa,0.132 Mpa,0 Mpa,0.105 Mpa,0.106 Mpa,0.104 Mpa,0.106 Mpa,0 Mpa,,,,,,0.120 Mpa,0.121 Mpa,0.123 Mpa,0.897 Mpa,0 Mpa,0.113 Mpa,0.115 Mpa,0.114 Mpa,1.02 Mpa,0 Mpa,0.114 Mpa,0.114 Mpa,0.115 Mpa,0.114 Mpa,0.00945 Mpa,0.116 Mpa,0.116 Mpa,0.863 Mpa,0.117 Mpa,0 Mpa,1693 RPM
2026-08-17 01:00:00,0.114 Mpa,0.115 Mpa,0.115 Mpa,0.115 Mpa,0.00793 Mpa,0.122 Mpa,0.119 Mpa,0.122 Mpa,1.01 Mpa,0.00930 Mpa,0.115 Mpa,0.112 Mpa,0.115 Mpa,0.112 Mpa,0 Mpa,0.116 Mpa,0.119 Mpa,0.116 Mpa,0.117 Mpa,,0.110 Mpa,0.109 Mpa,0.109 Mpa,0.116 Mpa,0.0189 Mpa,0.125 Mpa,0.125 Mpa,0.124 Mpa,0.126 Mpa,0 Mpa,,,,,,0.112 Mpa,0.112 Mpa,0.112 Mpa,0.896 Mpa,0.0379 Mpa,0.123 Mpa,0.125 Mpa,0.124 Mpa,1.02 Mpa,0 Mpa,0.122 Mpa,0.121 Mpa,0.124 Mpa,0.121 Mpa,0 Mpa,0.117 Mpa,0.117 Mpa,0.908 Mpa,0.117 Mpa,0.0887 Mpa,1592 RPM
2026-08-17 03:00:00,0.123 Mpa,0.124 Mpa,0.124 Mpa,0.123 Mpa,0 Mpa,0.115 Mpa,0.113 Mpa,0.115 Mpa,1.01 Mpa,0.0148 Mpa,0.116 Mpa,0.113 Mpa,0.116 Mpa,0.112 Mpa,0 Mpa,0.116 Mpa,0.118 Mpa,0.116 Mpa,0.117 Mpa,,0.104 Mpa,0.104 Mpa,0.103 Mpa,0.104 Mpa,0 Mpa,0.119 Mpa,0.118 Mpa,0.117 Mpa,0.119 Mpa,0 Mpa,,,,,,0.0973 Mpa,0.100 Mpa,0.100 Mpa,0.780 Mpa,0 Mpa,0.110 Mpa,0.112 Mpa,0.111 Mpa,1.00 Mpa,0.0191 Mpa,0.126 Mpa,0.124 Mpa,0.127 Mpa,0.124 Mpa,0 Mpa,0.126 Mpa,0.126 Mpa,0.879 Mpa,0.127 Mpa,0 Mpa,1565 RPM
2026-08-17 05:00:00,0.124 Mpa,0.126 Mpa,0.125 Mpa,0.125 Mpa,0 Mpa,0.123 Mpa,0.120 Mpa,0.122 Mpa,1.01 Mpa,0.0110 Mpa,0.116 Mpa,0.112 Mpa,0.116 Mpa,0.112 Mpa,0 Mpa,0.118 Mpa,0.120 Mpa,0.118 Mpa,0.119 Mpa,,0.111 Mpa,0.110 Mpa,0.110 Mpa,0.111 Mpa,0 Mpa,0.118 Mpa,0.118 Mpa,0.116 Mpa,0.119 Mpa,0 Mpa,,,,,,,,,,,0.115 Mpa,0.115 Mpa,0.115 Mpa,0.946 Mpa,0.138 Mpa,0.124 Mpa,0.123 Mpa,0.125 Mpa,0.123 Mpa,0 Mpa,0.127 Mpa,0.128 Mpa,0.883 Mpa,0.129 Mpa,0.00820 Mpa,1638 RPM
2026-08-17 07:00:00,0.128 Mpa,0.129 Mpa,0.129 Mpa,0.130 Mpa,0 Mpa,0.122 Mpa,0.119 Mpa,0.122 Mpa,0.998 Mpa,0 Mpa,0.118 Mpa,0.115 Mpa,0.117 Mpa,0.115 Mpa,0 Mpa,0.122 Mpa,0.126 Mpa,0.121 Mpa,0.124 Mpa,,0.117 Mpa,0.115 Mpa,0.117 Mpa,0.123 Mpa,0 Mpa,0.119 Mpa,0.119 Mpa,0.118 Mpa,0.121 Mpa,0 Mpa,,,,,,,,,,,0.102 Mpa,0.105 Mpa,0.102 Mpa,1.000 Mpa,0.0387 Mpa,0.124 Mpa,0.123 Mpa,0.125 Mpa,0.122 Mpa,0 Mpa,0.122 Mpa,0.122 Mpa,0.911 Mpa,0.123 Mpa,0 Mpa,1718 RPM
2026-08-17 09:00:00,0.127 Mpa,0.129 Mpa,0.130 Mpa,0.129 Mpa,0 Mpa,0.121 Mpa,0.118 Mpa,0.121 Mpa,1.02 Mpa,0 Mpa,0.119 Mpa,0.116 Mpa,0.118 Mpa,0.116 Mpa,0 Mpa,0.124 Mpa,0.126 Mpa,0.123 Mpa,0.124 Mpa,,0.120 Mpa,0.118 Mpa,0.119 Mpa,0.126 Mpa,0 Mpa,0.121 Mpa,0.120 Mpa,0.119 Mpa,0.121 Mpa,0 Mpa,,,,,,0.108 Mpa,0.108 Mpa,0.108 Mpa,0.344 Mpa,0.101 Mpa,0.128 Mpa,0.131 Mpa,0.130 Mpa,1.02 Mpa,0 Mpa,0.130 Mpa,0.129 Mpa,0.132 Mpa,0.128 Mpa,0 Mpa,0.120 Mpa,0.120 Mpa,0.895 Mpa,0.123 Mpa,0 Mpa,1768 RPM
2026-08-17 11:00:00,0.123 Mpa,0.125 Mpa,0.125 Mpa,0.124 Mpa,0.0107 Mpa,0.111 Mpa,0.110 Mpa,0.111 Mpa,1.00 Mpa,0.0304 Mpa,0.114 Mpa,0.112 Mpa,0.114 Mpa,0.112 Mpa,0 Mpa,0.123 Mpa,0.127 Mpa,0.122 Mpa,0.124 Mpa,,0.119 Mpa,0.117 Mpa,0.118 Mpa,0.119 Mpa,0 Mpa,0.121 Mpa,0.121 Mpa,0.119 Mpa,0.122 Mpa,0.0110 Mpa,0.123 Mpa,0.122 Mpa,0.122 Mpa,0.122 Mpa,0.0111 Mpa,,,,,,0.128 Mpa,0.133 Mpa,0.131 Mpa,1.02 Mpa,0 Mpa,0.129 Mpa,0.127 Mpa,0.131 Mpa,0.126 Mpa,0 Mpa,0.124 Mpa,0.124 Mpa,0.387 Mpa,0.126 Mpa,0 Mpa,1634 RPM
2026-08-17 13:00:00,0.125 Mpa,0.127 Mpa,0.127 Mpa,0.127 Mpa,0 Mpa,0.103 Mpa,0.103 Mpa,0.104 Mpa,1.00 Mpa,0.0285 Mpa,0.115 Mpa,0.113 Mpa,0.115 Mpa,0.112 Mpa,0 Mpa,0.107 Mpa,0.109 Mpa,0.107 Mpa,0.107 Mpa,,0.119 Mpa,0.117 Mpa,0.118 Mpa,0.125 Mpa,0 Mpa,0.127 Mpa,0.126 Mpa,0.125 Mpa,0.128 Mpa,0 Mpa,0.125 Mpa,0.124 Mpa,0.124 Mpa,0.124 Mpa,0 Mpa,,,,,,0.126 Mpa,0.129 Mpa,0.127 Mpa,1.02 Mpa,0 Mpa,0.125 Mpa,0.124 Mpa,0.127 Mpa,0.123 Mpa,0 Mpa,0.121 Mpa,0.121 Mpa,0.413 Mpa,0.122 Mpa,0 Mpa,1563 RPM
2026-08-17 15:00:00,0.124 Mpa,0.125 Mpa,0.126 Mpa,0.125 Mpa,0 Mpa,0.120 Mpa,0.118 Mpa,0.120 Mpa,1.02 Mpa,0.00243 Mpa,0.114 Mpa,0.111 Mpa,0.114 Mpa,0.111 Mpa,0 Mpa,,,,,,0.115 Mpa,0.114 Mpa,0.115 Mpa,0.131 Mpa,0 Mpa,0.125 Mpa,0.124 Mpa,0.123 Mpa,0.125 Mpa,0 Mpa,0.130 Mpa,0.129 Mpa,0.128 Mpa,0.128 Mpa,0 Mpa,,,,,,0.124 Mpa,0.127 Mpa,0.126 Mpa,1.02 Mpa,0 Mpa,0.120 Mpa,0.119 Mpa,0.122 Mpa,0.119 Mpa,0 Mpa,0.123 Mpa,0.124 Mpa,0.421 Mpa,0.125 Mpa,0 Mpa,1770 RPM
2026-08-17 17:00:00,0.120 Mpa,0.122 Mpa,0.121 Mpa,0.121 Mpa,0 Mpa,0.117 Mpa,0.116 Mpa,0.117 Mpa,1.01 Mpa,0 Mpa,0.118 Mpa,0.115 Mpa,0.118 Mpa,0.115 Mpa,0 Mpa,,,,,,0.114 Mpa,0.114 Mpa,0.114 Mpa,0.132 Mpa,0 Mpa,0.118 Mpa,0.117 Mpa,0.116 Mpa,0.118 Mpa,0 Mpa,0.128 Mpa,0.127 Mpa,0.127 Mpa,0.126 Mpa,0 Mpa,,,,,,0.118 Mpa,0.120 Mpa,0.119 Mpa,1.02 Mpa,0.00260 Mpa,0.120 Mpa,0.119 Mpa,0.122 Mpa,0.119 Mpa,0.00662 Mpa,0.122 Mpa,0.123 Mpa,0.473 Mpa,0.125 Mpa,0.0230 Mpa,1661 RPM
2026-08-17 19:00:00,0.122 Mpa,0.123 Mpa,0.123 Mpa,0.123 Mpa,0 Mpa,0.122 Mpa,0.120 Mpa,0.122 Mpa,1.02 Mpa,0 Mpa,0.119 Mpa,0.117 Mpa,0.119 Mpa,0.117 Mpa,0 Mpa,,,,,,0.117 Mpa,0.115 Mpa,0.117 Mpa,0.148 Mpa,0 Mpa,0.120 Mpa,0.120 Mpa,0.119 Mpa,0.121 Mpa,0 Mpa,0.131 Mpa,0.129 Mpa,0.129 Mpa,0.130 Mpa,0 Mpa,,,,,,0.118 Mpa,0.120 Mpa,0.120 Mpa,1.02 Mpa,0 Mpa,0.121 Mpa,0.121 Mpa,0.123 Mpa,0.121 Mpa,0 Mpa,,,,,,1777 RPM
2026-08-17 21:00:00,0.124 Mpa,0.126 Mpa,0.126 Mpa,0.125 Mpa,0 Mpa,0.119 Mpa,0.117 Mpa,0.119 Mpa,1.02 Mpa,0 Mpa,0.119 Mpa,0.116 Mpa,0.119 Mpa,0.116 Mpa,0 Mpa,,,,,,0.120 Mpa,0.118 Mpa,0.119 Mpa,0.124 Mpa,0 Mpa,0.122 Mpa,0.121 Mpa,0.120 Mpa,0.123 Mpa,0 Mpa,0.126 Mpa,0.125 Mpa,0.124 Mpa,0.125 Mpa,0 Mpa,,,,,,0.123 Mpa,0.127 Mpa,0.125 Mpa,1.02 Mpa,0 Mpa,0.118 Mpa,0.117 Mpa,0.120 Mpa,0.117 Mpa,0 Mpa,,,,,,1805 RPM
2026-08-17 23:00:00,0.120 Mpa,0.122 Mpa,0.121 Mpa,0.122 Mpa,0 Mpa,0.118 Mpa,0.116 Mpa,0.119 Mpa,1.02 Mpa,0 Mpa,0.120 Mpa,0.117 Mpa,0.119 Mpa,0.117 Mpa,0.0496 Mpa,0.124 Mpa,0.123 Mpa,0.123 Mpa,0.124 Mpa,,0.118 Mpa,0.116 Mpa,0.117 Mpa,0.122 Mpa,0 Mpa,0.120 Mpa,0.119 Mpa,0.119 Mpa,0.121 Mpa,0 Mpa,0.128 Mpa,0.127 Mpa,0.127 Mpa,0.127 Mpa,0 Mpa,,,,,,0.126 Mpa,0.129 Mpa,0.128 Mpa,1.01 Mpa,0.0144 Mpa,0.118 Mpa,0.117 Mpa,0.120 Mpa,0.117 Mpa,0.0133 Mpa,,,,,,1672 RPM
2026-08-18 01:00:00,0.120 Mpa,0.123 Mpa,0.122 Mpa,0.122 Mpa,0.0276 Mpa,0.124 Mpa,0.122 Mpa,0.124 Mpa,1.01 Mpa,0.0157 Mpa,0.114 Mpa,0.112 Mpa,0.115 Mpa,0.111 Mpa,0 Mpa,,,,,,0.113 Mpa,0.112 Mpa,0.112 Mpa,0.114 Mpa,0 Mpa,0.119 Mpa,0.120 Mpa,0.118 Mpa,0.122 Mpa,0 Mpa,0.128 Mpa,0.126 Mpa,0.126 Mpa,0.126 Mpa,0 Mpa,0.102 Mpa,0.105 Mpa,0.104 Mpa,0.101 Mpa,0.0187 Mpa,,,,,,0.125 Mpa,0.125 Mpa,0.128 Mpa,0.125 Mpa,0 Mpa,0.115 Mpa,0.115 Mpa,0.978 Mpa,0.116 Mpa,0 Mpa,1645 RPM
2026-08-18 03:00:00,0.121 Mpa,0.123 Mpa,0.123 Mpa,0.122 Mpa,0 Mpa,0.118 Mpa,0.116 Mpa,0.118 Mpa,1.01 Mpa,0.00231 Mpa,0.117 Mpa,0.114 Mpa,0.116 Mpa,0.113 Mpa,0 Mpa,,,,,,0.118 Mpa,0.116 Mpa,0.118 Mpa,0.122 Mpa,0 Mpa,0.115 Mpa,0.115 Mpa,0.114 Mpa,0.116 Mpa,0 Mpa,0.126 Mpa,0.125 Mpa,0.125 Mpa,0.124 Mpa,0 Mpa,0.121 Mpa,0.121 Mpa,0.121 Mpa,0.120 Mpa,0 Mpa,0.111 Mpa,0.111 Mpa,0.111 Mpa,1.02 Mpa,0 Mpa,0.124 Mpa,0.124 Mpa,0.126 Mpa,0.123 Mpa,0 Mpa,0.117 Mpa,0.117 Mpa,0.961 Mpa,0.118 Mpa,0 Mpa,1743 RPM
2026-08-18 05:00:00,0.117 Mpa,0.120 Mpa,0.119 Mpa,0.119 Mpa,0 Mpa,0.117 Mpa,0.115 Mpa,0.117 Mpa,1.01 Mpa,0.00957 Mpa,0.122 Mpa,0.119 Mpa,0.121 Mpa,0.119 Mpa,0 Mpa,,,,,,0.119 Mpa,0.117 Mpa,0.118 Mpa,0.125 Mpa,0 Mpa,0.115 Mpa,0.115 Mpa,0.114 Mpa,0.116 Mpa,0 Mpa,0.124 Mpa,0.123 Mpa,0.123 Mpa,0.123 Mpa,0 Mpa,0.118 Mpa,0.118 Mpa,0.118 Mpa,0.116 Mpa,0 Mpa,0.122 Mpa,0.124 Mpa,0.124 Mpa,1.01 Mpa,0.00829 Mpa,0.119 Mpa,0.119 Mpa,0.121 Mpa,0.119 Mpa,0.00712 Mpa,0.118 Mpa,0.118 Mpa,0.949 Mpa,0.119 Mpa,0.0209 Mpa,1587 RPM
2026-08-18 07:00:00,0.117 Mpa,0.121 Mpa,0.119 Mpa,0.120 Mpa,0 Mpa,0.118 Mpa,0.115 Mpa,0.117 Mpa,1.02 Mpa,0 Mpa,0.125 Mpa,0.123 Mpa,0.125 Mpa,0.121 Mpa,0 Mpa,,,,,,0.120 Mpa,0.118 Mpa,0.120 Mpa,0.135 Mpa,0 Mpa,0.121 Mpa,0.120 Mpa,0.120 Mpa,0.121 Mpa,0 Mpa,0.134 Mpa,0.131 Mpa,0.132 Mpa,0.131 Mpa,0 Mpa,0.125 Mpa,0.125 Mpa,0.127 Mpa,0.124 Mpa,0 Mpa,0.109 Mpa,0.109 Mpa,0.110 Mpa,0.969 Mpa,0.107 Mpa,0.123 Mpa,0.122 Mpa,0.124 Mpa,0.122 Mpa,0 Mpa,0.122 Mpa,0.122 Mpa,0.906 Mpa,0.123 Mpa,0 Mpa,1771 RPM
2026-08-18 09:00:00,0.123 Mpa,0.125 Mpa,0.123 Mpa,0.124 Mpa,0 Mpa,0.120 Mpa,0.117 Mpa,0.120 Mpa,1.02 Mpa,0 Mpa,0.122 Mpa,0.119 Mpa,0.122 Mpa,0.118 Mpa,0 Mpa,,,,,,0.120 Mpa,0.118 Mpa,0.119 Mpa,0.160 Mpa,0 Mpa,0.121 Mpa,0.121 Mpa,0.120 Mpa,0.122 Mpa,0 Mpa,0.133 Mpa,0.132 Mpa,0.131 Mpa,0.131 Mpa,0 Mpa,0.127 Mpa,0.129 Mpa,0.131 Mpa,0.128 Mpa,0 Mpa,0.123 Mpa,0.125 Mpa,0.124 Mpa,1.02 Mpa,0 Mpa,0.125 Mpa,0.124 Mpa,0.126 Mpa,0.124 Mpa,0 Mpa,0.118 Mpa,0.117 Mpa,0.986 Mpa,0.119 Mpa,0 Mpa,1694 RPM
2026-08-18 11:00:00,0.128 Mpa,0.130 Mpa,0.130 Mpa,0.129 Mpa,0 Mpa,0.116 Mpa,0.113 Mpa,0.116 Mpa,1.02 Mpa,0 Mpa,0.125 Mpa,0.123 Mpa,0.125 Mpa,0.123 Mpa,0 Mpa,,,,,,0.118 Mpa,0.116 Mpa,0.118 Mpa,0.205 Mpa,0 Mpa,0.121 Mpa,0.120 Mpa,0.120 Mpa,0.121 Mpa,0 Mpa,0.125 Mpa,0.124 Mpa,0.125 Mpa,0.124 Mpa,0.0278 Mpa,0.131 Mpa,0.132 Mpa,0.136 Mpa,0.130 Mpa,0 Mpa,0.123 Mpa,0.124 Mpa,0.125 Mpa,1.02 Mpa,0 Mpa,0.122 Mpa,0.122 Mpa,0.124 Mpa,0.121 Mpa,0 Mpa,0.123 Mpa,0.124 Mpa,0.919 Mpa,0.125 Mpa,0 Mpa,1648 RPM
2026-08-18 13:00:00,0.128 Mpa,0.129 Mpa,0.129 Mpa,0.128 Mpa,0 Mpa,0.117 Mpa,0.114 Mpa,0.117 Mpa,1.01 Mpa,0.0182 Mpa,0.124 Mpa,0.122 Mpa,0.124 Mpa,0.121 Mpa,0.0115 Mpa,,,,,,0.115 Mpa,0.114 Mpa,0.115 Mpa,0.115 Mpa,0.0114 Mpa,0.123 Mpa,0.121 Mpa,0.122 Mpa,0.122 Mpa,0 Mpa,0.129 Mpa,0.128 Mpa,0.127 Mpa,0.127 Mpa,0.0106 Mpa,0.128 Mpa,0.129 Mpa,0.132 Mpa,0.127 Mpa,0 Mpa,0.127 Mpa,0.129 Mpa,0.129 Mpa,1.01 Mpa,0.00708 Mpa,0.122 Mpa,0.122 Mpa,0.123 Mpa,0.121 Mpa,0.00602 Mpa,0.124 Mpa,0.124 Mpa,0.916 Mpa,0.125 Mpa,0 Mpa,1790 RPM
2026-08-18 15:00:00,0.124 Mpa,0.126 Mpa,0.125 Mpa,0.126 Mpa,0 Mpa,0.120 Mpa,0.117 Mpa,0.120 Mpa,1.02 Mpa,0 Mpa,0.105 Mpa,0.105 Mpa,0.105 Mpa,0.105 Mpa,0.0476 Mpa,0.102 Mpa,0.102 Mpa,0.102 Mpa,0.102 Mpa,,0.122 Mpa,0.119 Mpa,0.121 Mpa,0.135 Mpa,0 Mpa,0.121 Mpa,0.119 Mpa,0.120 Mpa,0.120 Mpa,0 Mpa,0.140 Mpa,0.139 Mpa,0.138 Mpa,0.138 Mpa,0 Mpa,0.126 Mpa,0.128 Mpa,0.130 Mpa,0.126 Mpa,0 Mpa,0.123 Mpa,0.125 Mpa,0.125 Mpa,1.02 Mpa,0 Mpa,0.125 Mpa,0.124 Mpa,0.126 Mpa,0.124 Mpa,0 Mpa,0.121 Mpa,0.121 Mpa,0.907 Mpa,0.123 Mpa,0 Mpa,1699 RPM
2026-08-18 17:00:00,0.122 Mpa,0.125 Mpa,0.124 Mpa,0.125 Mpa,0 Mpa,0.117 Mpa,0.114 Mpa,0.117 Mpa,1.02 Mpa,0 Mpa,0.114 Mpa,0.112 Mpa,0.114 Mpa,0.112 Mpa,0 Mpa,0.112 Mpa,0.112 Mpa,0.112 Mpa,0.112 Mpa,,0.116 Mpa,0.113 Mpa,0.115 Mpa,0.140 Mpa,0 Mpa,0.118 Mpa,0.116 Mpa,0.116 Mpa,0.118 Mpa,0 Mpa,0.130 Mpa,0.130 Mpa,0.129 Mpa,0.129 Mpa,0 Mpa,0.126 Mpa,0.127 Mpa,0.130 Mpa,0.126 Mpa,0 Mpa,0.126 Mpa,0.127 Mpa,0.127 Mpa,1.02 Mpa,0 Mpa,0.119 Mpa,0.119 Mpa,0.120 Mpa,0.118 Mpa,0 Mpa,0.119 Mpa,0.119 Mpa,0.915 Mpa,0.120 Mpa,0 Mpa,1619 RPM
2026-08-18 19:00:00,0.123 Mpa,0.124 Mpa,0.125 Mpa,0.125 Mpa,0 Mpa,0.118 Mpa,0.115 Mpa,0.118 Mpa,1.02 Mpa,0 Mpa,0.118 Mpa,0.115 Mpa,0.117 Mpa,0.114 Mpa,0 Mpa,0.116 Mpa,0.118 Mpa,0.116 Mpa,0.118 Mpa,,0.117 Mpa,0.115 Mpa,0.116 Mpa,0.123 Mpa,0 Mpa,0.120 Mpa,0.118 Mpa,0.119 Mpa,0.119 Mpa,0 Mpa,0.128 Mpa,0.127 Mpa,0.127 Mpa,0.127 Mpa,0 Mpa,0.126 Mpa,0.127 Mpa,0.129 Mpa,0.126 Mpa,0 Mpa,0.126 Mpa,0.128 Mpa,0.127 Mpa,1.02 Mpa,0 Mpa,0.119 Mpa,0.118 Mpa,0.120 Mpa,0.118 Mpa,0 Mpa,0.121 Mpa,0.122 Mpa,0.874 Mpa,0.123 Mpa,0 Mpa,1770 RPM
2026-08-18 21:00:00,0.121 Mpa,0.124 Mpa,0.123 Mpa,0.124 Mpa,0 Mpa,0.117 Mpa,0.114 Mpa,0.117 Mpa,1.02 Mpa,0 Mpa,0.111 Mpa,0.109 Mpa,0.112 Mpa,0.109 Mpa,0 Mpa,0.128 Mpa,0.131 Mpa,0.127 Mpa,0.129 Mpa,,0.118 Mpa,0.116 Mpa,0.117 Mpa,0.135 Mpa,0 Mpa,0.123 Mpa,0.122 Mpa,0.122 Mpa,0.123 Mpa,0 Mpa,0.129 Mpa,0.127 Mpa,0.128 Mpa,0.127 Mpa,0 Mpa,0.129 Mpa,0.130 Mpa,0.132 Mpa,0.128 Mpa,0 Mpa,0.121 Mpa,0.122 Mpa,0.122 Mpa,1.02 Mpa,0 Mpa,0.122 Mpa,0.122 Mpa,0.123 Mpa,0.121 Mpa,0 Mpa,0.121 Mpa,0.121 Mpa,0.866 Mpa,0.123 Mpa,0 Mpa,1744 RPM
2026-08-18 23:00:00,0.107 Mpa,0.110 Mpa,0.108 Mpa,0.108 Mpa,0.0577 Mpa,0.118 Mpa,0.115 Mpa,0.118 Mpa,1.02 Mpa,0 Mpa,0.120 Mpa,0.118 Mpa,0.120 Mpa,0.117 Mpa,0 Mpa,0.124 Mpa,0.127 Mpa,0.123 Mpa,0.125 Mpa,,0.115 Mpa,0.112 Mpa,0.114 Mpa,0.156 Mpa,0 Mpa,0.124 Mpa,0.122 Mpa,0.122 Mpa,0.124 Mpa,0 Mpa,0.127 Mpa,0.126 Mpa,0.125 Mpa,0.125 Mpa,0 Mpa,0.121 Mpa,0.122 Mpa,0.123 Mpa,0.120 Mpa,0.0265 Mpa,0.124 Mpa,0.127 Mpa,0.126 Mpa,1.02 Mpa,0 Mpa,0.119 Mpa,0.119 Mpa,0.120 Mpa,0.119 Mpa,0.0530 Mpa,0.118 Mpa,0.117 Mpa,0.953 Mpa,0.118 Mpa,0.0481 Mpa,1703 RPM
2026-08-19 01:00:00,0.120 Mpa,0.123 Mpa,0.122 Mpa,0.122 Mpa,0 Mpa,0.118 Mpa,0.116 Mpa,0.118 Mpa,1.01 Mpa,0.00657 Mpa,0.120 Mpa,0.117 Mpa,0.120 Mpa,0.117 Mpa,0.00873 Mpa,0.123 Mpa,0.126 Mpa,0.122 Mpa,0.125 Mpa,,0.117 Mpa,0.114 Mpa,0.116 Mpa,0.103 Mpa,0.0273 Mpa,0.120 Mpa,0.120 Mpa,0.119 Mpa,0.121 Mpa,0 Mpa,0.126 Mpa,0.125 Mpa,0.125 Mpa,0.126 Mpa,0 Mpa,0.125 Mpa,0.126 Mpa,0.128 Mpa,0.125 Mpa,0 Mpa,0.107 Mpa,0.108 Mpa,0.108 Mpa,1.01 Mpa,0.0117 Mpa,0.126 Mpa,0.125 Mpa,0.127 Mpa,0.125 Mpa,0 Mpa,0.122 Mpa,0.123 Mpa,0.892 Mpa,0.124 Mpa,0 Mpa,1711 RPM
2026-08-19 03:00:00,0.128 Mpa,0.130 Mpa,0.130 Mpa,0.130 Mpa,0 Mpa,0.117 Mpa,0.115 Mpa,0.117 Mpa,1.02 Mpa,0 Mpa,0.118 Mpa,0.115 Mpa,0.118 Mpa,0.115 Mpa,0 Mpa,0.113 Mpa,0.116 Mpa,0.113 Mpa,0.115 Mpa,,0.120 Mpa,0.118 Mpa,0.119 Mpa,0.117 Mpa,0.0101 Mpa,0.120 Mpa,0.120 Mpa,0.118 Mpa,0.120 Mpa,0 Mpa,0.129 Mpa,0.129 Mpa,0.128 Mpa,0.128 Mpa,0 Mpa,0.123 Mpa,0.124 Mpa,0.126 Mpa,0.122 Mpa,0 Mpa,0.108 Mpa,0.109 Mpa,0.108 Mpa,1.00 Mpa,0.0356 Mpa,0.124 Mpa,0.123 Mpa,0.125 Mpa,0.123 Mpa,0 Mpa,0.123 Mpa,0.124 Mpa,0.912 Mpa,0.125 Mpa,0 Mpa,1747 RPM
2026-08-19 05:00:00,0.123 Mpa,0.126 Mpa,0.124 Mpa,0.126 Mpa,0 Mpa,0.118 Mpa,0.116 Mpa,0.118 Mpa,1.01 Mpa,0.00973 Mpa,0.120 Mpa,0.118 Mpa,0.120 Mpa,0.118 Mpa,0 Mpa,0.111 Mpa,0.113 Mpa,0.111 Mpa,0.112 Mpa,,0.120 Mpa,0.118 Mpa,0.119 Mpa,0.111 Mpa,0 Mpa,0.116 Mpa,0.115 Mpa,0.114 Mpa,0.115 Mpa,0 Mpa,0.124 Mpa,0.124 Mpa,0.123 Mpa,0.124 Mpa,0 Mpa,0.124 Mpa,0.125 Mpa,0.127 Mpa,0.123 Mpa,0 Mpa,,,,,,0.121 Mpa,0.120 Mpa,0.122 Mpa,0.120 Mpa,0.00615 Mpa,0.121 Mpa,0.121 Mpa,0.970 Mpa,0.122 Mpa,0 Mpa,1646 RPM
2026-08-19 07:00:00,0.129 Mpa,0.131 Mpa,0.130 Mpa,0.131 Mpa,0 Mpa,0.121 Mpa,0.118 Mpa,0.121 Mpa,1.02 Mpa,0 Mpa,0.121 Mpa,0.119 Mpa,0.122 Mpa,0.119 Mpa,0 Mpa,0.121 Mpa,0.126 Mpa,0.121 Mpa,0.124 Mpa,,0.119 Mpa,0.117 Mpa,0.118 Mpa,0.169 Mpa,0 Mpa,0.120 Mpa,0.120 Mpa,0.118 Mpa,0.121 Mpa,0 Mpa,0.131 Mpa,0.128 Mpa,0.130 Mpa,0.128 Mpa,0 Mpa,0.124 Mpa,0.126 Mpa,0.127 Mpa,0.124 Mpa,0 Mpa,,,,,,0.121 Mpa,0.121 Mpa,0.122 Mpa,0.121 Mpa,0 Mpa,0.125 Mpa,0.124 Mpa,0.960 Mpa,0.126 Mpa,0 Mpa,1797 RPM
2026-08-19 09:00:00,0.128 Mpa,0.132 Mpa,0.130 Mpa,0.131 Mpa,0 Mpa,0.120 Mpa,0.117 Mpa,0.120 Mpa,1.02 Mpa,0 Mpa,0.115 Mpa,0.113 Mpa,0.115 Mpa,0.113 Mpa,0 Mpa,0.125 Mpa,0.130 Mpa,0.125 Mpa,0.129 Mpa,,0.111 Mpa,0.110 Mpa,0.110 Mpa,0.169 Mpa,0 Mpa,0.118 Mpa,0.118 Mpa,0.117 Mpa,0.118 Mpa,0 Mpa,0.128 Mpa,0.125 Mpa,0.128 Mpa,0.127 Mpa,0 Mpa,0.128 Mpa,0.128 Mpa,0.132 Mpa,0.127 Mpa,0 Mpa,,,,,,0.125 Mpa,0.126 Mpa,0.127 Mpa,0.125 Mpa,0 Mpa,0.123 Mpa,0.123 Mpa,0.964 Mpa,0.124 Mpa,0 Mpa,1695 RPM
2026-08-19 11:00:00,0.127 Mpa,0.129 Mpa,0.128 Mpa,0.128 Mpa,0 Mpa,0.122 Mpa,0.118 Mpa,0.121 Mpa,1.02 Mpa,0 Mpa,0.122 Mpa,0.119 Mpa,0.122 Mpa,0.119 Mpa,0 Mpa,0.125 Mpa,0.130 Mpa,0.124 Mpa,0.128 Mpa,,0.118 Mpa,0.117 Mpa,0.118 Mpa,0.124 Mpa,0 Mpa,0.115 Mpa,0.114 Mpa,0.114 Mpa,0.115 Mpa,0.0259 Mpa,0.133 Mpa,0.132 Mpa,0.132 Mpa,0.131 Mpa,0.0176 Mpa,0.127 Mpa,0.127 Mpa,0.131 Mpa,0.126 Mpa,0.00937 Mpa,,,,,,0.122 Mpa,0.121 Mpa,0.124 Mpa,0.121 Mpa,0 Mpa,0.124 Mpa,0.123 Mpa,0.913 Mpa,0.124 Mpa,0 Mpa,1744 RPM
2026-08-19 13:00:00,0.126 Mpa,0.127 Mpa,0.127 Mpa,0.126 Mpa,0 Mpa,0.114 Mpa,0.112 Mpa,0.114 Mpa,1.00 Mpa,0.0257 Mpa,0.122 Mpa,0.118 Mpa,0.121 Mpa,0.119 Mpa,0 Mpa,0.126 Mpa,0.130 Mpa,0.124 Mpa,0.127 Mpa,,0.113 Mpa,0.111 Mpa,0.113 Mpa,0.456 Mpa,0 Mpa,0.107 Mpa,0.107 Mpa,0.105 Mpa,0.108 Mpa,0.0252 Mpa,0.137 Mpa,0.135 Mpa,0.135 Mpa,0.134 Mpa,0 Mpa,0.125 Mpa,0.126 Mpa,0.128 Mpa,0.124 Mpa,0 Mpa,,,,,,0.122 Mpa,0.121 Mpa,0.123 Mpa,0.120 Mpa,0 Mpa,0.118 Mpa,0.118 Mpa,0.962 Mpa,0.119 Mpa,0.0232 Mpa,1734 RPM
2026-08-19 15:00:00,0.124 Mpa,0.126 Mpa,0.124 Mpa,0.125 Mpa,0 Mpa,0.122 Mpa,0.118 Mpa,0.120 Mpa,1.02 Mpa,0 Mpa,0.122 Mpa,0.120 Mpa,0.122 Mpa,0.119 Mpa,0.0114 Mpa,0.120 Mpa,0.124 Mpa,0.120 Mpa,0.122 Mpa,,0.122 Mpa,0.119 Mpa,0.122 Mpa,0.104 Mpa,0 Mpa,0.100 Mpa,0.100 Mpa,0.100 Mpa,0.100 Mpa,0 Mpa,0.134 Mpa,0.132 Mpa,0.132 Mpa,0.131 Mpa,0 Mpa,0.127 Mpa,0.128 Mpa,0.131 Mpa,0.126 Mpa,0 Mpa,0.121 Mpa,0.121 Mpa,0.121 Mpa,1.01 Mpa,0.0158 Mpa,0.124 Mpa,0.124 Mpa,0.126 Mpa,0.123 Mpa,0 Mpa,0.124 Mpa,0.124 Mpa,0.881 Mpa,0.125 Mpa,0 Mpa,1685 RPM
2026-08-19 17:00:00,0.121 Mpa,0.123 Mpa,0.121 Mpa,0.122 Mpa,0 Mpa,0.119 Mpa,0.116 Mpa,0.119 Mpa,1.02 Mpa,0 Mpa,0.119 Mpa,0.116 Mpa,0.118 Mpa,0.115 Mpa,0 Mpa,0.113 Mpa,0.117 Mpa,0.113 Mpa,0.116 Mpa,,0.116 Mpa,0.114 Mpa,0.115 Mpa,0.234 Mpa,0 Mpa,,,,,,0.128 Mpa,0.127 Mpa,0.127 Mpa,0.126 Mpa,0 Mpa,0.125 Mpa,0.126 Mpa,0.129 Mpa,0.124 Mpa,0 Mpa,0.113 Mpa,0.112 Mpa,0.113 Mpa,1.02 Mpa,0 Mpa,0.123 Mpa,0.123 Mpa,0.125 Mpa,0.122 Mpa,0.0162 Mpa,0.120 Mpa,0.120 Mpa,0.958 Mpa,0.121 Mpa,0 Mpa,1605 RPM
2026-08-19 19:00:00,0.123 Mpa,0.124 Mpa,0.124 Mpa,0.123 Mpa,0 Mpa,0.118 Mpa,0.116 Mpa,0.118 Mpa,1.02 Mpa,0 Mpa,0.119 Mpa,0.117 Mpa,0.119 Mpa,0.116 Mpa,0 Mpa,0.116 Mpa,0.120 Mpa,0.116 Mpa,0.118 Mpa,,0.120 Mpa,0.117 Mpa,0.119 Mpa,0.0762 Mpa,0 Mpa,,,,,,0.127 Mpa,0.124 Mpa,0.125 Mpa,0.124 Mpa,0 Mpa,0.130 Mpa,0.130 Mpa,0.133 Mpa,0.128 Mpa,0 Mpa,0.117 Mpa,0.117 Mpa,0.117 Mpa,1.02 Mpa,0 Mpa,0.122 Mpa,0.122 Mpa,0.124 Mpa,0.122 Mpa,0 Mpa,0.121 Mpa,0.122 Mpa,0.957 Mpa,0.123 Mpa,0 Mpa,1735 RPM
2026-08-19 21:00:00,0.124 Mpa,0.126 Mpa,0.125 Mpa,0.126 Mpa,0 Mpa,0.117 Mpa,0.115 Mpa,0.117 Mpa,1.02 Mpa,0 Mpa,0.122 Mpa,0.119 Mpa,0.121 Mpa,0.118 Mpa,0 Mpa,0.120 Mpa,0.124 Mpa,0.119 Mpa,0.122 Mpa,,0.119 Mpa,0.116 Mpa,0.118 Mpa,0.134 Mpa,0 Mpa,,,,,,0.130 Mpa,0.129 Mpa,0.129 Mpa,0.128 Mpa,0 Mpa,0.124 Mpa,0.125 Mpa,0.128 Mpa,0.123 Mpa,0 Mpa,0.131 Mpa,0.135 Mpa,0.133 Mpa,1.02 Mpa,0 Mpa,0.125 Mpa,0.124 Mpa,0.126 Mpa,0.124 Mpa,0 Mpa,0.121 Mpa,0.121 Mpa,0.958 Mpa,0.123 Mpa,0 Mpa,1763 RPM
2026-08-19 23:00:00,0.125 Mpa,0.126 Mpa,0.126 Mpa,0.125 Mpa,0 Mpa,0.120 Mpa,0.116 Mpa,0.119 Mpa,1.02 Mpa,0 Mpa,0.125 Mpa,0.121 Mpa,0.125 Mpa,0.121 Mpa,0 Mpa,0.125 Mpa,0.129 Mpa,0.125 Mpa,0.126 Mpa,,0.119 Mpa,0.117 Mpa,0.119 Mpa,0.331 Mpa,0 Mpa,,,,,,0.129 Mpa,0.128 Mpa,0.128 Mpa,0.128 Mpa,0 Mpa,0.117 Mpa,0.118 Mpa,0.119 Mpa,0.116 Mpa,0.0300 Mpa,0.123 Mpa,0.125 Mpa,0.125 Mpa,1.02 Mpa,0 Mpa,0.119 Mpa,0.119 Mpa,0.120 Mpa,0.118 Mpa,0.0409 Mpa,0.119 Mpa,0.120 Mpa,0.931 Mpa,0.122 Mpa,0.0455 Mpa,1696 RPM
2026-08-20 01:00:00,0.123 Mpa,0.124 Mpa,0.123 Mpa,0.123 Mpa,0 Mpa,0.118 Mpa,0.115 Mpa,0.118 Mpa,1.01 Mpa,0.0126 Mpa,0.126 Mpa,0.123 Mpa,0.126 Mpa,0.123 Mpa,0.0204 Mpa,0.122 Mpa,0.124 Mpa,0.122 Mpa,0.122 Mpa,,0.116 Mpa,0.114 Mpa,0.115 Mpa,0.234 Mpa,0.0114 Mpa,0.110 Mpa,0.111 Mpa,0.108 Mpa,0.111 Mpa,0 Mpa,0.129 Mpa,0.128 Mpa,0.128 Mpa,0.127 Mpa,0 Mpa,0.124 Mpa,0.125 Mpa,0.126 Mpa,0.123 Mpa,0.00782 Mpa,0.132 Mpa,0.136 Mpa,0.134 Mpa,1.02 Mpa,0 Mpa,0.132 Mpa,0.131 Mpa,0.134 Mpa,0.131 Mpa,0 Mpa,0.118 Mpa,0.120 Mpa,0.951 Mpa,0.120 Mpa,0.0108 Mpa,1688 RPM
2026-08-20 03:00:00,0.121 Mpa,0.123 Mpa,0.123 Mpa,0.122 Mpa,0.00232 Mpa,0.118 Mpa,0.117 Mpa,0.118 Mpa,1.01 Mpa,0.00855 Mpa,0.122 Mpa,0.119 Mpa,0.121 Mpa,0.118 Mpa,0 Mpa,0.114 Mpa,0.117 Mpa,0.113 Mpa,0.116 Mpa,,0.117 Mpa,0.115 Mpa,0.116 Mpa,0.134 Mpa,0 Mpa,0.115 Mpa,0.116 Mpa,0.114 Mpa,0.116 Mpa,0 Mpa,0.127 Mpa,0.125 Mpa,0.126 Mpa,0.125 Mpa,0 Mpa,0.129 Mpa,0.130 Mpa,0.133 Mpa,0.128 Mpa,0 Mpa,0.125 Mpa,0.128 Mpa,0.127 Mpa,1.02 Mpa,0 Mpa,0.131 Mpa,0.131 Mpa,0.133 Mpa,0.130 Mpa,0 Mpa,0.123 Mpa,0.123 Mpa,0.953 Mpa,0.124 Mpa,0 Mpa,1621 RPM
2026-08-20 05:00:00,0.112 Mpa,0.113 Mpa,0.113 Mpa,0.113 Mpa,0 Mpa,0.121 Mpa,0.119 Mpa,0.121 Mpa,0.999 Mpa,0.00928 Mpa,0.117 Mpa,0.114 Mpa,0.117 Mpa,0.114 Mpa,0 Mpa,0.110 Mpa,0.113 Mpa,0.110 Mpa,0.112 Mpa,,0.117 Mpa,0.116 Mpa,0.116 Mpa,0.105 Mpa,0 Mpa,0.119 Mpa,0.119 Mpa,0.118 Mpa,0.120 Mpa,0 Mpa,0.119 Mpa,0.119 Mpa,0.119 Mpa,0.119 Mpa,0 Mpa,0.125 Mpa,0.126 Mpa,0.128 Mpa,0.125 Mpa,0.00724 Mpa,0.124 Mpa,0.129 Mpa,0.126 Mpa,1.02 Mpa,0 Mpa,0.122 Mpa,0.122 Mpa,0.124 Mpa,0.122 Mpa,0.00625 Mpa,0.122 Mpa,0.124 Mpa,0.932 Mpa,0.125 Mpa,0.00740 Mpa,1548 RPM
2026-08-20 07:00:00,0.126 Mpa,0.128 Mpa,0.127 Mpa,0.127 Mpa,0 Mpa,0.119 Mpa,0.118 Mpa,0.119 Mpa,1.00 Mpa,0 Mpa,0.123 Mpa,0.119 Mpa,0.123 Mpa,0.119 Mpa,0 Mpa,0.122 Mpa,0.126 Mpa,0.122 Mpa,0.124 Mpa,,0.121 Mpa,0.118 Mpa,0.120 Mpa,0.219 Mpa,0 Mpa,0.123 Mpa,0.122 Mpa,0.121 Mpa,0.124 Mpa,0 Mpa,0.114 Mpa,0.115 Mpa,0.113 Mpa,0.113 Mpa,0.0230 Mpa,0.121 Mpa,0.122 Mpa,0.124 Mpa,0.121 Mpa,0 Mpa,0.129 Mpa,0.134 Mpa,0.131 Mpa,1.02 Mpa,0 Mpa,0.121 Mpa,0.121 Mpa,0.123 Mpa,0.121 Mpa,0 Mpa,0.124 Mpa,0.124 Mpa,0.942 Mpa,0.125 Mpa,0 Mpa,1726 RPM
2026-08-20 09:00:00,0.125 Mpa,0.127 Mpa,0.126 Mpa,0.126 Mpa,0 Mpa,0.119 Mpa,0.117 Mpa,0.120 Mpa,1.02 Mpa,0 Mpa,0.122 Mpa,0.119 Mpa,0.122 Mpa,0.118 Mpa,0 Mpa,0.122 Mpa,0.126 Mpa,0.122 Mpa,0.125 Mpa,,0.117 Mpa,0.115 Mpa,0.116 Mpa,0.236 Mpa,0 Mpa,0.122 Mpa,0.123 Mpa,0.121 Mpa,0.124 Mpa,0 Mpa,0.115 Mpa,0.123 Mpa,0.115 Mpa,0.115 Mpa,0.00845 Mpa,0.128 Mpa,0.129 Mpa,0.131 Mpa,0.127 Mpa,0 Mpa,0.126 Mpa,0.129 Mpa,0.128 Mpa,1.02 Mpa,0 Mpa,0.119 Mpa,0.119 Mpa,0.121 Mpa,0.119 Mpa,0 Mpa,0.121 Mpa,0.122 Mpa,0.942 Mpa,0.123 Mpa,0 Mpa,1630 RPM
2026-08-20 11:00:00,0.122 Mpa,0.124 Mpa,0.123 Mpa,0.123 Mpa,0.0120 Mpa,0.121 Mpa,0.118 Mpa,0.120 Mpa,1.02 Mpa,0 Mpa,0.117 Mpa,0.114 Mpa,0.116 Mpa,0.114 Mpa,0 Mpa,0.120 Mpa,0.123 Mpa,0.120 Mpa,0.122 Mpa,,0.125 Mpa,0.122 Mpa,0.124 Mpa,0.457 Mpa,0.0160 Mpa,0.119 Mpa,0.119 Mpa,0.118 Mpa,0.120 Mpa,0 Mpa,0.131 Mpa,0.129 Mpa,0.130 Mpa,0.129 Mpa,0 Mpa,0.129 Mpa,0.130 Mpa,0.133 Mpa,0.128 Mpa,0 Mpa,0.120 Mpa,0.123 Mpa,0.122 Mpa,1.02 Mpa,0 Mpa,0.122 Mpa,0.122 Mpa,0.124 Mpa,0.121 Mpa,0 Mpa,0.123 Mpa,0.124 Mpa,0.953 Mpa,0.125 Mpa,0 Mpa,1722 RPM
2026-08-20 13:00:00,0.120 Mpa,0.121 Mpa,0.121 Mpa,0.121 Mpa,0 Mpa,0.118 Mpa,0.115 Mpa,0.117 Mpa,1.02 Mpa,0 Mpa,0.119 Mpa,0.116 Mpa,0.118 Mpa,0.115 Mpa,0 Mpa,0.116 Mpa,0.119 Mpa,0.115 Mpa,0.117 Mpa,,0.118 Mpa,0.117 Mpa,0.118 Mpa,0.294 Mpa,0 Mpa,0.118 Mpa,0.119 Mpa,0.117 Mpa,0.120 Mpa,0.0132 Mpa,0.128 Mpa,0.126 Mpa,0.127 Mpa,0.126 Mpa,0 Mpa,0.124 Mpa,0.124 Mpa,0.128 Mpa,0.123 Mpa,0.00766 Mpa,0.122 Mpa,0.125 Mpa,0.124 Mpa,1.02 Mpa,0 Mpa,0.123 Mpa,0.122 Mpa,0.125 Mpa,0.121 Mpa,0 Mpa,0.123 Mpa,0.123 Mpa,0.908 Mpa,0.124 Mpa,0 Mpa,1728 RPM
2026-08-20 15:00:00,0.116 Mpa,0.118 Mpa,0.117 Mpa,0.117 Mpa,0.0149 Mpa,0.118 Mpa,0.115 Mpa,0.118 Mpa,1.02 Mpa,0 Mpa,0.121 Mpa,0.118 Mpa,0.121 Mpa,0.118 Mpa,0 Mpa,0.114 Mpa,0.117 Mpa,0.114 Mpa,0.115 Mpa,,0.116 Mpa,0.114 Mpa,0.116 Mpa,0.180 Mpa,0 Mpa,0.114 Mpa,0.115 Mpa,0.112 Mpa,0.115 Mpa,0 Mpa,0.129 Mpa,0.128 Mpa,0.128 Mpa,0.128 Mpa,0 Mpa,0.129 Mpa,0.129 Mpa,0.133 Mpa,0.127 Mpa,0 Mpa,0.115 Mpa,0.118 Mpa,0.116 Mpa,1.01 Mpa,0.0155 Mpa,0.123 Mpa,0.120 Mpa,0.124 Mpa,0.120 Mpa,0 Mpa,0.120 Mpa,0.121 Mpa,0.926 Mpa,0.122 Mpa,0 Mpa,1681 RPM
2026-08-20 17:00:00,,,,,,0.112 Mpa,0.111 Mpa,0.112 Mpa,1.02 Mpa,0 Mpa,0.120 Mpa,0.117 Mpa,0.120 Mpa,0.117 Mpa,0 Mpa,0.117 Mpa,0.121 Mpa,0.117 Mpa,0.120 Mpa,,0.121 Mpa,0.119 Mpa,0.120 Mpa,0.165 Mpa,0 Mpa,0.121 Mpa,0.121 Mpa,0.119 Mpa,0.121 Mpa,0 Mpa,0.126 Mpa,0.124 Mpa,0.125 Mpa,0.125 Mpa,0 Mpa,0.125 Mpa,0.125 Mpa,0.128 Mpa,0.123 Mpa,0 Mpa,0.123 Mpa,0.127 Mpa,0.124 Mpa,1.02 Mpa,0 Mpa,0.124 Mpa,0.122 Mpa,0.125 Mpa,0.121 Mpa,0.00669 Mpa,0.120 Mpa,0.120 Mpa,0.928 Mpa,0.121 Mpa,0 Mpa,1628 RPM
2026-08-20 19:00:00,,,,,,0.119 Mpa,0.117 Mpa,0.119 Mpa,1.02 Mpa,0 Mpa,0.119 Mpa,0.116 Mpa,0.119 Mpa,0.116 Mpa,0 Mpa,0.121 Mpa,0.125 Mpa,0.120 Mpa,0.123 Mpa,,0.117 Mpa,0.115 Mpa,0.116 Mpa,0.129 Mpa,0 Mpa,0.117 Mpa,0.116 Mpa,0.116 Mpa,0.117 Mpa,0 Mpa,0.129 Mpa,0.127 Mpa,0.128 Mpa,0.127 Mpa,0 Mpa,0.131 Mpa,0.132 Mpa,0.135 Mpa,0.130 Mpa,0 Mpa,0.117 Mpa,0.119 Mpa,0.119 Mpa,1.02 Mpa,0 Mpa,0.125 Mpa,0.123 Mpa,0.126 Mpa,0.122 Mpa,0 Mpa,0.125 Mpa,0.125 Mpa,0.909 Mpa,0.126 Mpa,0 Mpa,1752 RPM
2026-08-20 21:00:00,0.115 Mpa,0.113 Mpa,0.116 Mpa,0.116 Mpa,0 Mpa,0.119 Mpa,0.117 Mpa,0.119 Mpa,1.02 Mpa,0 Mpa,0.120 Mpa,0.117 Mpa,0.120 Mpa,0.116 Mpa,0 Mpa,0.121 Mpa,0.125 Mpa,0.120 Mpa,0.123 Mpa,,0.119 Mpa,0.115 Mpa,0.118 Mpa,0.266 Mpa,0 Mpa,0.118 Mpa,0.118 Mpa,0.117 Mpa,0.119 Mpa,0 Mpa,0.130 Mpa,0.128 Mpa,0.129 Mpa,0.128 Mpa,0 Mpa,0.127 Mpa,0.128 Mpa,0.131 Mpa,0.127 Mpa,0 Mpa,0.117 Mpa,0.118 Mpa,0.118 Mpa,1.02 Mpa,0 Mpa,0.125 Mpa,0.123 Mpa,0.126 Mpa,0.122 Mpa,0 Mpa,0.124 Mpa,0.124 Mpa,0.902 Mpa,0.125 Mpa,0 Mpa,1743 RPM
2026-08-20 23:00:00,0.109 Mpa,0.108 Mpa,0.109 Mpa,0.112 Mpa,0.0160 Mpa,0.116 Mpa,0.113 Mpa,0.116 Mpa,1.02 Mpa,0 Mpa,0.118 Mpa,0.116 Mpa,0.118 Mpa,0.115 Mpa,0 Mpa,0.124 Mpa,0.130 Mpa,0.124 Mpa,0.128 Mpa,,0.115 Mpa,0.112 Mpa,0.114 Mpa,0.374 Mpa,0.0264 Mpa,0.119 Mpa,0.119 Mpa,0.118 Mpa,0.120 Mpa,0 Mpa,0.126 Mpa,0.125 Mpa,0.126 Mpa,0.125 Mpa,0 Mpa,0.127 Mpa,0.128 Mpa,0.131 Mpa,0.126 Mpa,0 Mpa,0.115 Mpa,0.116 Mpa,0.117 Mpa,1.02 Mpa,0 Mpa,0.122 Mpa,0.120 Mpa,0.124 Mpa,0.120 Mpa,0 Mpa,0.125 Mpa,0.125 Mpa,0.879 Mpa,0.126 Mpa,0 Mpa,1575 RPM
2026-08-21 01:00:00,,,,,,0.116 Mpa,0.116 Mpa,0.117 Mpa,0.993 Mpa,0.0453 Mpa,0.121 Mpa,0.118 Mpa,0.122 Mpa,0.118 Mpa,0 Mpa,0.108 Mpa,0.110 Mpa,0.108 Mpa,0.110 Mpa,,0.117 Mpa,0.114 Mpa,0.116 Mpa,0.190 Mpa,0 Mpa,0.120 Mpa,0.120 Mpa,0.119 Mpa,0.121 Mpa,0 Mpa,0.118 Mpa,0.118 Mpa,0.117 Mpa,0.117 Mpa,0 Mpa,0.118 Mpa,0.119 Mpa,0.121 Mpa,0.118 Mpa,0.0154 Mpa,0.120 Mpa,0.122 Mpa,0.122 Mpa,1.02 Mpa,0 Mpa,0.124 Mpa,0.123 Mpa,0.126 Mpa,0.122 Mpa,0 Mpa,0.123 Mpa,0.124 Mpa,0.882 Mpa,0.125 Mpa,0.00815 Mpa,1392 RPM
2026-08-21 03:00:00,,,,,,0.118 Mpa,0.117 Mpa,0.119 Mpa,1.02 Mpa,0 Mpa,0.122 Mpa,0.119 Mpa,0.122 Mpa,0.119 Mpa,0 Mpa,0.113 Mpa,0.115 Mpa,0.113 Mpa,0.114 Mpa,,0.115 Mpa,0.112 Mpa,0.114 Mpa,0.264 Mpa,0 Mpa,0.117 Mpa,0.117 Mpa,0.115 Mpa,0.117 Mpa,0.00829 Mpa,0.122 Mpa,0.121 Mpa,0.122 Mpa,0.122 Mpa,0 Mpa,0.122 Mpa,0.124 Mpa,0.123 Mpa,0.121 Mpa,0.0243 Mpa,0.114 Mpa,0.117 Mpa,0.115 Mpa,1.02 Mpa,0 Mpa,0.123 Mpa,0.123 Mpa,0.125 Mpa,0.122 Mpa,0 Mpa,0.109 Mpa,0.110 Mpa,0.998 Mpa,0.110 Mpa,0 Mpa,1513 RPM
2026-08-21 05:00:00,,,,,,0.117 Mpa,0.114 Mpa,0.117 Mpa,1.02 Mpa,0 Mpa,0.121 Mpa,0.119 Mpa,0.121 Mpa,0.118 Mpa,0 Mpa,0.123 Mpa,0.127 Mpa,0.122 Mpa,0.125 Mpa,,0.109 Mpa,0.107 Mpa,0.107 Mpa,0.183 Mpa,0 Mpa,0.121 Mpa,0.120 Mpa,0.119 Mpa,0.121 Mpa,0 Mpa,0.119 Mpa,0.119 Mpa,0.119 Mpa,0.119 Mpa,0 Mpa,0.118 Mpa,0.119 Mpa,0.120 Mpa,0.117 Mpa,0 Mpa,0.118 Mpa,0.121 Mpa,0.120 Mpa,1.01 Mpa,0.00729 Mpa,0.118 Mpa,0.119 Mpa,0.120 Mpa,0.118 Mpa,0.0232 Mpa,0.121 Mpa,0.121 Mpa,0.920 Mpa,0.122 Mpa,0 Mpa,1475 RPM
2026-08-21 07:00:00,,,,,,0.122 Mpa,0.119 Mpa,0.122 Mpa,1.02 Mpa,0 Mpa,0.121 Mpa,0.119 Mpa,0.121 Mpa,0.118 Mpa,0 Mpa,0.118 Mpa,0.122 Mpa,0.118 Mpa,0.120 Mpa,,0.117 Mpa,0.114 Mpa,0.115 Mpa,0.104 Mpa,0 Mpa,0.122 Mpa,0.122 Mpa,0.121 Mpa,0.123 Mpa,0 Mpa,0.130 Mpa,0.129 Mpa,0.129 Mpa,0.129 Mpa,0 Mpa,0.124 Mpa,0.125 Mpa,0.126 Mpa,0.123 Mpa,0 Mpa,0.120 Mpa,0.123 Mpa,0.122 Mpa,1.02 Mpa,0 Mpa,0.103 Mpa,0.104 Mpa,0.104 Mpa,0.104 Mpa,0 Mpa,0.123 Mpa,0.123 Mpa,0.872 Mpa,0.124 Mpa,0 Mpa,1660 RPM
2026-08-21 09:00:00,,,,,,0.124 Mpa,0.120 Mpa,0.124 Mpa,1.02 Mpa,0 Mpa,0.124 Mpa,0.121 Mpa,0.124 Mpa,0.120 Mpa,0 Mpa,0.125 Mpa,0.129 Mpa,0.125 Mpa,0.127 Mpa,,0.117 Mpa,0.116 Mpa,0.116 Mpa,0.0692 Mpa,0 Mpa,0.120 Mpa,0.121 Mpa,0.119 Mpa,0.122 Mpa,0 Mpa,0.127 Mpa,0.125 Mpa,0.126 Mpa,0.126 Mpa,0 Mpa,0.132 Mpa,0.133 Mpa,0.136 Mpa,0.131 Mpa,0 Mpa,0.124 Mpa,0.128 Mpa,0.126 Mpa,1.02 Mpa,0 Mpa,0.128 Mpa,0.126 Mpa,0.129 Mpa,0.125 Mpa,0 Mpa,0.126 Mpa,0.126 Mpa,0.879 Mpa,0.127 Mpa,0 Mpa,1731 RPM
2026-08-21 11:00:00,,,,,,0.119 Mpa,0.116 Mpa,0.119 Mpa,1.02 Mpa,0 Mpa,0.124 Mpa,0.121 Mpa,0.124 Mpa,0.121 Mpa,0 Mpa,0.122 Mpa,0.126 Mpa,0.122 Mpa,0.124 Mpa,,0.122 Mpa,0.119 Mpa,0.122 Mpa,0.299 Mpa,0 Mpa,0.117 Mpa,0.118 Mpa,0.115 Mpa,0.119 Mpa,0.00768 Mpa,0.132 Mpa,0.130 Mpa,0.131 Mpa,0.130 Mpa,0.0154 Mpa,0.121 Mpa,0.121 Mpa,0.123 Mpa,0.120 Mpa,0 Mpa,0.121 Mpa,0.124 Mpa,0.122 Mpa,1.02 Mpa,0 Mpa,0.131 Mpa,0.130 Mpa,0.133 Mpa,0.129 Mpa,0 Mpa,0.125 Mpa,0.125 Mpa,0.879 Mpa,0.126 Mpa,0.00534 Mpa,1755 RPM
2026-08-21 13:00:00,,,,,,0.120 Mpa,0.117 Mpa,0.120 Mpa,1.02 Mpa,0 Mpa,0.122 Mpa,0.120 Mpa,0.122 Mpa,0.119 Mpa,0 Mpa,0.124 Mpa,0.129 Mpa,0.124 Mpa,0.127 Mpa,,0.114 Mpa,0.112 Mpa,0.113 Mpa,0.400 Mpa,0 Mpa,0.122 Mpa,0.121 Mpa,0.121 Mpa,0.122 Mpa,0 Mpa,0.122 Mpa,0.121 Mpa,0.122 Mpa,0.122 Mpa,0 Mpa,0.129 Mpa,0.130 Mpa,0.132 Mpa,0.128 Mpa,0 Mpa,0.124 Mpa,0.128 Mpa,0.125 Mpa,1.02 Mpa,0 Mpa,0.128 Mpa,0.126 Mpa,0.130 Mpa,0.126 Mpa,0.00748 Mpa,0.126 Mpa,0.126 Mpa,0.882 Mpa,0.127 Mpa,0 Mpa,1756 RPM
2026-08-21 15:00:00,0.110 Mpa,0.114 Mpa,0.110 Mpa,0.114 Mpa,0.0741 Mpa,0.118 Mpa,0.115 Mpa,0.118 Mpa,1.02 Mpa,0 Mpa,0.121 Mpa,0.118 Mpa,0.120 Mpa,0.118 Mpa,0 Mpa,0.119 Mpa,0.123 Mpa,0.119 Mpa,0.121 Mpa,,0.118 Mpa,0.116 Mpa,0.117 Mpa,0.116 Mpa,0 Mpa,0.120 Mpa,0.120 Mpa,0.119 Mpa,0.121 Mpa,0 Mpa,0.124 Mpa,0.123 Mpa,0.123 Mpa,0.123 Mpa,0 Mpa,0.125 Mpa,0.126 Mpa,0.128 Mpa,0.124 Mpa,0 Mpa,0.111 Mpa,0.111 Mpa,0.111 Mpa,0.976 Mpa,0.0866 Mpa,0.126 Mpa,0.125 Mpa,0.128 Mpa,0.124 Mpa,0 Mpa,0.125 Mpa,0.125 Mpa,0.882 Mpa,0.126 Mpa,0 Mpa,1740 RPM
2026-08-21 17:00:00,,,,,,0.118 Mpa,0.116 Mpa,0.118 Mpa,1.02 Mpa,0 Mpa,0.119 Mpa,0.116 Mpa,0.119 Mpa,0.116 Mpa,0 Mpa,0.118 Mpa,0.121 Mpa,0.118 Mpa,0.120 Mpa,,0.118 Mpa,0.117 Mpa,0.118 Mpa,0.398 Mpa,0 Mpa,0.119 Mpa,0.119 Mpa,0.116 Mpa,0.119 Mpa,0 Mpa,0.121 Mpa,0.119 Mpa,0.120 Mpa,0.120 Mpa,0 Mpa,0.125 Mpa,0.126 Mpa,0.129 Mpa,0.125 Mpa,0 Mpa,0.117 Mpa,0.119 Mpa,0.117 Mpa,1.01 Mpa,0.00997 Mpa,0.122 Mpa,0.121 Mpa,0.123 Mpa,0.120 Mpa,0.00623 Mpa,0.118 Mpa,0.119 Mpa,0.941 Mpa,0.120 Mpa,0 Mpa,1549 RPM
2026-08-21 19:00:00,,,,,,0.118 Mpa,0.116 Mpa,0.118 Mpa,1.02 Mpa,0 Mpa,0.122 Mpa,0.119 Mpa,0.122 Mpa,0.119 Mpa,0 Mpa,0.119 Mpa,0.124 Mpa,0.119 Mpa,0.122 Mpa,,0.118 Mpa,0.116 Mpa,0.117 Mpa,0.264 Mpa,0 Mpa,0.118 Mpa,0.118 Mpa,0.117 Mpa,0.119 Mpa,0 Mpa,0.132 Mpa,0.133 Mpa,0.132 Mpa,0.131 Mpa,0 Mpa,0.128 Mpa,0.129 Mpa,0.132 Mpa,0.127 Mpa,0 Mpa,0.127 Mpa,0.130 Mpa,0.128 Mpa,1.02 Mpa,0 Mpa,0.120 Mpa,0.121 Mpa,0.122 Mpa,0.120 Mpa,0 Mpa,0.118 Mpa,0.117 Mpa,0.934 Mpa,0.119 Mpa,0 Mpa,1743 RPM
2026-08-21 21:00:00,0.111 Mpa,0.112 Mpa,0.110 Mpa,0.113 Mpa,0 Mpa,0.118 Mpa,0.116 Mpa,0.118 Mpa,1.02 Mpa,0 Mpa,0.120 Mpa,0.118 Mpa,0.120 Mpa,0.117 Mpa,0 Mpa,0.111 Mpa,0.114 Mpa,0.111 Mpa,0.113 Mpa,,0.119 Mpa,0.117 Mpa,0.119 Mpa,0.291 Mpa,0 Mpa,0.121 Mpa,0.121 Mpa,0.119 Mpa,0.122 Mpa,0 Mpa,0.131 Mpa,0.129 Mpa,0.129 Mpa,0.128 Mpa,0 Mpa,0.127 Mpa,0.128 Mpa,0.131 Mpa,0.126 Mpa,0 Mpa,0.130 Mpa,0.132 Mpa,0.131 Mpa,1.02 Mpa,0 Mpa,0.127 Mpa,0.125 Mpa,0.128 Mpa,0.124 Mpa,0 Mpa,0.122 Mpa,0.121 Mpa,0.906 Mpa,0.122 Mpa,0 Mpa,1725 RPM
2026-08-21 23:00:00,0.120 Mpa,0.121 Mpa,0.120 Mpa,0.121 Mpa,0.00630 Mpa,0.119 Mpa,0.116 Mpa,0.119 Mpa,1.02 Mpa,0 Mpa,0.119 Mpa,0.117 Mpa,0.120 Mpa,0.116 Mpa,0.00833 Mpa,0.124 Mpa,0.127 Mpa,0.124 Mpa,0.126 Mpa,,0.119 Mpa,0.116 Mpa,0.118 Mpa,0.538 Mpa,0.0271 Mpa,0.121 Mpa,0.121 Mpa,0.119 Mpa,0.122 Mpa,0 Mpa,0.132 Mpa,0.131 Mpa,0.130 Mpa,0.130 Mpa,0 Mpa,0.120 Mpa,0.121 Mpa,0.122 Mpa,0.120 Mpa,0.0166 Mpa,0.125 Mpa,0.127 Mpa,0.126 Mpa,1.02 Mpa,0 Mpa,0.119 Mpa,0.119 Mpa,0.121 Mpa,0.118 Mpa,0.0170 Mpa,0.126 Mpa,0.127 Mpa,0.890 Mpa,0.128 Mpa,0 Mpa,1629 RPM
2026-08-22 01:00:00,0.139 Mpa,0.140 Mpa,0.140 Mpa,0.142 Mpa,0 Mpa,0.118 Mpa,0.116 Mpa,0.118 Mpa,0.992 Mpa,0.0256 Mpa,0.121 Mpa,0.118 Mpa,0.120 Mpa,0.118 Mpa,0 Mpa,0.106 Mpa,0.109 Mpa,0.106 Mpa,0.108 Mpa,,0.120 Mpa,0.118 Mpa,0.119 Mpa,0.556 Mpa,0 Mpa,0.120 Mpa,0.121 Mpa,0.119 Mpa,0.122 Mpa,0 Mpa,0.130 Mpa,0.128 Mpa,0.128 Mpa,0.128 Mpa,0 Mpa,0.127 Mpa,0.129 Mpa,0.131 Mpa,0.127 Mpa,0 Mpa,0.130 Mpa,0.133 Mpa,0.131 Mpa,1.02 Mpa,0 Mpa,0.124 Mpa,0.123 Mpa,0.125 Mpa,0.123 Mpa,0 Mpa,0.123 Mpa,0.123 Mpa,0.881 Mpa,0.124 Mpa,0.0124 Mpa,1630 RPM
2026-08-22 03:00:00,0.143 Mpa,0.145 Mpa,0.145 Mpa,0.146 Mpa,0 Mpa,0.128 Mpa,0.125 Mpa,0.129 Mpa,1.02 Mpa,0 Mpa,0.121 Mpa,0.118 Mpa,0.120 Mpa,0.117 Mpa,0 Mpa,0.107 Mpa,0.107 Mpa,0.107 Mpa,0.107 Mpa,,0.119 Mpa,0.116 Mpa,0.118 Mpa,0.836 Mpa,0 Mpa,0.119 Mpa,0.120 Mpa,0.118 Mpa,0.120 Mpa,0 Mpa,0.134 Mpa,0.134 Mpa,0.133 Mpa,0.132 Mpa,0 Mpa,0.130 Mpa,0.130 Mpa,0.133 Mpa,0.128 Mpa,0 Mpa,0.126 Mpa,0.131 Mpa,0.128 Mpa,1.02 Mpa,0 Mpa,0.123 Mpa,0.122 Mpa,0.125 Mpa,0.122 Mpa,0 Mpa,0.120 Mpa,0.120 Mpa,0.933 Mpa,0.121 Mpa,0 Mpa,1715 RPM
2026-08-22 05:00:00,0.135 Mpa,0.137 Mpa,0.137 Mpa,0.138 Mpa,0 Mpa,0.122 Mpa,0.119 Mpa,0.122 Mpa,1.01 Mpa,0.00937 Mpa,0.119 Mpa,0.116 Mpa,0.118 Mpa,0.115 Mpa,0 Mpa,0.112 Mpa,0.114 Mpa,0.112 Mpa,0.114 Mpa,,0.119 Mpa,0.117 Mpa,0.118 Mpa,1.02 Mpa,0 Mpa,0.110 Mpa,0.111 Mpa,0.108 Mpa,0.111 Mpa,0 Mpa,0.128 Mpa,0.126 Mpa,0.126 Mpa,0.126 Mpa,0 Mpa,0.126 Mpa,0.127 Mpa,0.130 Mpa,0.126 Mpa,0 Mpa,0.123 Mpa,0.127 Mpa,0.124 Mpa,1.01 Mpa,0.00617 Mpa,0.125 Mpa,0.125 Mpa,0.128 Mpa,0.124 Mpa,0.00526 Mpa,0.121 Mpa,0.121 Mpa,0.924 Mpa,0.122 Mpa,0.00533 Mpa,1599 RPM
2026-08-22 07:00:00,0.138 Mpa,0.140 Mpa,0.139 Mpa,0.140 Mpa,0 Mpa,0.122 Mpa,0.120 Mpa,0.123 Mpa,1.02 Mpa,0 Mpa,0.119 Mpa,0.117 Mpa,0.119 Mpa,0.116 Mpa,0 Mpa,0.119 Mpa,0.121 Mpa,0.119 Mpa,0.121 Mpa,,0.121 Mpa,0.118 Mpa,0.120 Mpa,1.02 Mpa,0 Mpa,0.121 Mpa,0.122 Mpa,0.119 Mpa,0.122 Mpa,0 Mpa,0.131 Mpa,0.129 Mpa,0.130 Mpa,0.129 Mpa,0 Mpa,0.130 Mpa,0.131 Mpa,0.134 Mpa,0.129 Mpa,0 Mpa,0.123 Mpa,0.128 Mpa,0.124 Mpa,1.02 Mpa,0 Mpa,0.130 Mpa,0.129 Mpa,0.132 Mpa,0.129 Mpa,0 Mpa,0.125 Mpa,0.126 Mpa,0.877 Mpa,0.127 Mpa,0 Mpa,1751 RPM
2026-08-22 09:00:00,0.135 Mpa,0.138 Mpa,0.136 Mpa,0.138 Mpa,0 Mpa,0.122 Mpa,0.119 Mpa,0.122 Mpa,1.02 Mpa,0 Mpa,0.122 Mpa,0.120 Mpa,0.122 Mpa,0.120 Mpa,0 Mpa,0.118 Mpa,0.119 Mpa,0.118 Mpa,0.119 Mpa,,0.121 Mpa,0.119 Mpa,0.120 Mpa,1.02 Mpa,0 Mpa,0.121 Mpa,0.121 Mpa,0.120 Mpa,0.122 Mpa,0 Mpa,0.131 Mpa,0.130 Mpa,0.130 Mpa,0.129 Mpa,0 Mpa,0.130 Mpa,0.131 Mpa,0.134 Mpa,0.130 Mpa,0 Mpa,0.126 Mpa,0.132 Mpa,0.127 Mpa,1.02 Mpa,0 Mpa,0.128 Mpa,0.128 Mpa,0.130 Mpa,0.126 Mpa,0 Mpa,0.124 Mpa,0.124 Mpa,0.896 Mpa,0.125 Mpa,0 Mpa,1759 RPM
2026-08-22 11:00:00,0.132 Mpa,0.135 Mpa,0.133 Mpa,0.134 Mpa,0 Mpa,0.122 Mpa,0.119 Mpa,0.122 Mpa,1.02 Mpa,0 Mpa,0.121 Mpa,0.119 Mpa,0.121 Mpa,0.118 Mpa,0 Mpa,0.125 Mpa,0.129 Mpa,0.125 Mpa,0.127 Mpa,,0.119 Mpa,0.117 Mpa,0.119 Mpa,1.02 Mpa,0 Mpa,0.115 Mpa,0.115 Mpa,0.113 Mpa,0.116 Mpa,0 Mpa,0.129 Mpa,0.129 Mpa,0.128 Mpa,0.128 Mpa,0.00677 Mpa,0.129 Mpa,0.131 Mpa,0.134 Mpa,0.130 Mpa,0 Mpa,0.122 Mpa,0.124 Mpa,0.123 Mpa,1.02 Mpa,0 Mpa,0.126 Mpa,0.125 Mpa,0.127 Mpa,0.123 Mpa,0 Mpa,0.122 Mpa,0.122 Mpa,0.922 Mpa,0.124 Mpa,0 Mpa,1727 RPM
2026-08-22 13:00:00,0.132 Mpa,0.133 Mpa,0.134 Mpa,0.133 Mpa,0 Mpa,0.118 Mpa,0.116 Mpa,0.119 Mpa,1.02 Mpa,0 Mpa,0.121 Mpa,0.118 Mpa,0.121 Mpa,0.118 Mpa,0 Mpa,0.121 Mpa,0.124 Mpa,0.120 Mpa,0.122 Mpa,,0.116 Mpa,0.113 Mpa,0.116 Mpa,1.02 Mpa,0 Mpa,0.123 Mpa,0.122 Mpa,0.121 Mpa,0.123 Mpa,0 Mpa,0.126 Mpa,0.125 Mpa,0.126 Mpa,0.124 Mpa,0.0110 Mpa,0.127 Mpa,0.128 Mpa,0.131 Mpa,0.127 Mpa,0 Mpa,0.124 Mpa,0.127 Mpa,0.125 Mpa,1.02 Mpa,0 Mpa,0.121 Mpa,0.121 Mpa,0.122 Mpa,0.120 Mpa,0.0112 Mpa,0.125 Mpa,0.125 Mpa,0.897 Mpa,0.126 Mpa,0 Mpa,1733 RPM
2026-08-22 15:00:00,0.130 Mpa,0.132 Mpa,0.131 Mpa,0.131 Mpa,0 Mpa,0.120 Mpa,0.117 Mpa,0.120 Mpa,1.02 Mpa,0 Mpa,0.120 Mpa,0.117 Mpa,0.119 Mpa,0.116 Mpa,0 Mpa,0.119 Mpa,0.123 Mpa,0.119 Mpa,0.121 Mpa,,0.116 Mpa,0.114 Mpa,0.115 Mpa,1.02 Mpa,0 Mpa,0.117 Mpa,0.117 Mpa,0.115 Mpa,0.118 Mpa,0 Mpa,0.126 Mpa,0.126 Mpa,0.125 Mpa,0.125 Mpa,0 Mpa,0.132 Mpa,0.133 Mpa,0.137 Mpa,0.131 Mpa,0 Mpa,0.124 Mpa,0.128 Mpa,0.125 Mpa,1.01 Mpa,0.00858 Mpa,0.124 Mpa,0.123 Mpa,0.126 Mpa,0.122 Mpa,0 Mpa,0.126 Mpa,0.127 Mpa,0.830 Mpa,0.128 Mpa,0 Mpa,1718 RPM
2026-08-22 17:00:00,0.127 Mpa,0.128 Mpa,0.128 Mpa,0.128 Mpa,0 Mpa,0.117 Mpa,0.114 Mpa,0.117 Mpa,1.00 Mpa,0 Mpa,0.123 Mpa,0.120 Mpa,0.123 Mpa,0.120 Mpa,0 Mpa,0.117 Mpa,0.122 Mpa,0.117 Mpa,0.120 Mpa,,0.115 Mpa,0.114 Mpa,0.115 Mpa,1.02 Mpa,0 Mpa,0.119 Mpa,0.119 Mpa,0.117 Mpa,0.119 Mpa,0 Mpa,0.122 Mpa,0.122 Mpa,0.120 Mpa,0.121 Mpa,0 Mpa,0.124 Mpa,0.125 Mpa,0.128 Mpa,0.124 Mpa,0 Mpa,0.121 Mpa,0.124 Mpa,0.122 Mpa,1.02 Mpa,0 Mpa,0.118 Mpa,0.117 Mpa,0.121 Mpa,0.117 Mpa,0 Mpa,0.122 Mpa,0.123 Mpa,0.859 Mpa,0.124 Mpa,0.00774 Mpa,1619 RPM
2026-08-22 19:00:00,0.120 Mpa,0.122 Mpa,0.122 Mpa,0.122 Mpa,0 Mpa,0.119 Mpa,0.116 Mpa,0.119 Mpa,1.02 Mpa,0 Mpa,0.123 Mpa,0.120 Mpa,0.122 Mpa,0.119 Mpa,0 Mpa,0.122 Mpa,0.126 Mpa,0.123 Mpa,0.124 Mpa,,0.116 Mpa,0.115 Mpa,0.116 Mpa,1.02 Mpa,0 Mpa,0.119 Mpa,0.119 Mpa,0.118 Mpa,0.120 Mpa,0 Mpa,0.129 Mpa,0.129 Mpa,0.129 Mpa,0.128 Mpa,0 Mpa,0.128 Mpa,0.129 Mpa,0.132 Mpa,0.127 Mpa,0 Mpa,0.125 Mpa,0.130 Mpa,0.126 Mpa,1.02 Mpa,0 Mpa,0.121 Mpa,0.120 Mpa,0.123 Mpa,0.119 Mpa,0 Mpa,0.123 Mpa,0.124 Mpa,0.859 Mpa,0.125 Mpa,0 Mpa,1802 RPM
2026-08-22 21:00:00,0.122 Mpa,0.123 Mpa,0.123 Mpa,0.124 Mpa,0 Mpa,0.120 Mpa,0.118 Mpa,0.120 Mpa,1.02 Mpa,0 Mpa,0.119 Mpa,0.116 Mpa,0.120 Mpa,0.116 Mpa,0 Mpa,0.120 Mpa,0.123 Mpa,0.120 Mpa,0.121 Mpa,,0.119 Mpa,0.116 Mpa,0.118 Mpa,1.02 Mpa,0 Mpa,0.119 Mpa,0.120 Mpa,0.118 Mpa,0.120 Mpa,0.0103 Mpa,0.126 Mpa,0.126 Mpa,0.125 Mpa,0.125 Mpa,0 Mpa,0.125 Mpa,0.126 Mpa,0.128 Mpa,0.124 Mpa,0 Mpa,0.124 Mpa,0.128 Mpa,0.126 Mpa,1.02 Mpa,0 Mpa,0.120 Mpa,0.118 Mpa,0.122 Mpa,0.118 Mpa,0 Mpa,0.124 Mpa,0.125 Mpa,0.833 Mpa,0.127 Mpa,0 Mpa,1801 RPM
2026-08-22 23:00:00,0.120 Mpa,0.122 Mpa,0.122 Mpa,0.122 Mpa,0 Mpa,0.119 Mpa,0.117 Mpa,0.119 Mpa,1.02 Mpa,0 Mpa,0.124 Mpa,0.121 Mpa,0.123 Mpa,0.120 Mpa,0 Mpa,0.119 Mpa,0.122 Mpa,0.119 Mpa,0.121 Mpa,,0.118 Mpa,0.115 Mpa,0.118 Mpa,1.02 Mpa,0 Mpa,0.121 Mpa,0.122 Mpa,0.120 Mpa,0.123 Mpa,0 Mpa,0.123 Mpa,0.122 Mpa,0.122 Mpa,0.122 Mpa,0 Mpa,0.124 Mpa,0.126 Mpa,0.128 Mpa,0.124 Mpa,0.0143 Mpa,0.126 Mpa,0.130 Mpa,0.128 Mpa,1.02 Mpa,0 Mpa,0.119 Mpa,0.118 Mpa,0.121 Mpa,0.118 Mpa,0 Mpa,0.123 Mpa,0.124 Mpa,0.783 Mpa,0.126 Mpa,0 Mpa,1706 RPM
2026-08-23 01:00:00,0.124 Mpa,0.126 Mpa,0.126 Mpa,0.126 Mpa,0 Mpa,0.119 Mpa,0.117 Mpa,0.119 Mpa,1.02 Mpa,0 Mpa,0.120 Mpa,0.116 Mpa,0.119 Mpa,0.116 Mpa,0.0526 Mpa,0.121 Mpa,0.124 Mpa,0.122 Mpa,0.123 Mpa,,0.119 Mpa,0.117 Mpa,0.118 Mpa,0.997 Mpa,0.0436 Mpa,0.122 Mpa,0.121 Mpa,0.120 Mpa,0.122 Mpa,0 Mpa,0.129 Mpa,0.127 Mpa,0.128 Mpa,0.128 Mpa,0 Mpa,0.122 Mpa,0.124 Mpa,0.124 Mpa,0.122 Mpa,0 Mpa,0.121 Mpa,0.125 Mpa,0.122 Mpa,1.02 Mpa,0 Mpa,0.119 Mpa,0.118 Mpa,0.121 Mpa,0.118 Mpa,0.00657 Mpa,0.123 Mpa,0.124 Mpa,0.868 Mpa,0.125 Mpa,0 Mpa,1710 RPM
2026-08-23 03:00:00,0.126 Mpa,0.129 Mpa,0.128 Mpa,0.128 Mpa,0 Mpa,0.118 Mpa,0.116 Mpa,0.118 Mpa,1.02 Mpa,0 Mpa,0.113 Mpa,0.111 Mpa,0.114 Mpa,0.111 Mpa,0 Mpa,0.119 Mpa,0.123 Mpa,0.119 Mpa,0.121 Mpa,,0.121 Mpa,0.118 Mpa,0.120 Mpa,1.02 Mpa,0 Mpa,0.120 Mpa,0.120 Mpa,0.119 Mpa,0.121 Mpa,0 Mpa,0.123 Mpa,0.122 Mpa,0.122 Mpa,0.122 Mpa,0 Mpa,0.121 Mpa,0.122 Mpa,0.124 Mpa,0.121 Mpa,0 Mpa,0.127 Mpa,0.132 Mpa,0.129 Mpa,1.02 Mpa,0 Mpa,0.121 Mpa,0.120 Mpa,0.123 Mpa,0.120 Mpa,0 Mpa,0.119 Mpa,0.119 Mpa,0.889 Mpa,0.120 Mpa,0.0348 Mpa,1752 RPM
2026-08-23 05:00:00,0.125 Mpa,0.127 Mpa,0.127 Mpa,0.127 Mpa,0 Mpa,0.118 Mpa,0.116 Mpa,0.118 Mpa,1.02 Mpa,0 Mpa,0.120 Mpa,0.117 Mpa,0.120 Mpa,0.117 Mpa,0 Mpa,0.120 Mpa,0.123 Mpa,0.120 Mpa,0.122 Mpa,,0.118 Mpa,0.116 Mpa,0.117 Mpa,1.02 Mpa,0 Mpa,0.119 Mpa,0.119 Mpa,0.118 Mpa,0.120 Mpa,0 Mpa,0.128 Mpa,0.126 Mpa,0.127 Mpa,0.127 Mpa,0 Mpa,0.124 Mpa,0.125 Mpa,0.127 Mpa,0.124 Mpa,0 Mpa,0.120 Mpa,0.124 Mpa,0.122 Mpa,1.02 Mpa,0 Mpa,0.123 Mpa,0.121 Mpa,0.124 Mpa,0.120 Mpa,0.00632 Mpa,0.120 Mpa,0.120 Mpa,0.919 Mpa,0.121 Mpa,0 Mpa,1651 RPM
2026-08-23 07:00:00,0.125 Mpa,0.127 Mpa,0.126 Mpa,0.126 Mpa,0 Mpa,0.131 Mpa,0.129 Mpa,0.130 Mpa,1.02 Mpa,0 Mpa,0.122 Mpa,0.119 Mpa,0.121 Mpa,0.119 Mpa,0 Mpa,0.122 Mpa,0.126 Mpa,0.121 Mpa,0.124 Mpa,,0.118 Mpa,0.116 Mpa,0.118 Mpa,1.02 Mpa,0 Mpa,0.121 Mpa,0.121 Mpa,0.120 Mpa,0.121 Mpa,0 Mpa,0.125 Mpa,0.123 Mpa,0.124 Mpa,0.123 Mpa,0 Mpa,0.126 Mpa,0.126 Mpa,0.129 Mpa,0.125 Mpa,0 Mpa,0.124 Mpa,0.129 Mpa,0.126 Mpa,1.02 Mpa,0 Mpa,0.125 Mpa,0.123 Mpa,0.126 Mpa,0.123 Mpa,0 Mpa,0.128 Mpa,0.128 Mpa,0.880 Mpa,0.129 Mpa,0 Mpa,1801 RPM
2026-08-23 09:00:00,0.127 Mpa,0.129 Mpa,0.129 Mpa,0.128 Mpa,0 Mpa,0.128 Mpa,0.125 Mpa,0.127 Mpa,1.02 Mpa,0 Mpa,0.119 Mpa,0.116 Mpa,0.119 Mpa,0.115 Mpa,0 Mpa,0.108 Mpa,0.110 Mpa,0.108 Mpa,0.110 Mpa,,0.119 Mpa,0.117 Mpa,0.118 Mpa,1.02 Mpa,0 Mpa,0.120 Mpa,0.119 Mpa,0.119 Mpa,0.120 Mpa,0 Mpa,0.130 Mpa,0.128 Mpa,0.129 Mpa,0.129 Mpa,0 Mpa,0.127 Mpa,0.129 Mpa,0.131 Mpa,0.127 Mpa,0 Mpa,0.121 Mpa,0.125 Mpa,0.123 Mpa,1.02 Mpa,0 Mpa,0.122 Mpa,0.121 Mpa,0.124 Mpa,0.121 Mpa,0 Mpa,0.130 Mpa,0.131 Mpa,0.875 Mpa,0.133 Mpa,0 Mpa,1730 RPM
2026-08-23 11:00:00,0.123 Mpa,0.126 Mpa,0.125 Mpa,0.122 Mpa,0 Mpa,0.123 Mpa,0.120 Mpa,0.122 Mpa,1.02 Mpa,0 Mpa,0.122 Mpa,0.119 Mpa,0.122 Mpa,0.119 Mpa,0.00682 Mpa,0.122 Mpa,0.125 Mpa,0.122 Mpa,0.123 Mpa,,0.116 Mpa,0.114 Mpa,0.115 Mpa,1.02 Mpa,0 Mpa,0.121 Mpa,0.121 Mpa,0.120 Mpa,0.121 Mpa,0 Mpa,0.133 Mpa,0.131 Mpa,0.131 Mpa,0.131 Mpa,0 Mpa,0.130 Mpa,0.131 Mpa,0.133 Mpa,0.129 Mpa,0 Mpa,0.121 Mpa,0.125 Mpa,0.123 Mpa,1.02 Mpa,0 Mpa,0.126 Mpa,0.125 Mpa,0.128 Mpa,0.124 Mpa,0 Mpa,0.129 Mpa,0.129 Mpa,0.881 Mpa,0.131 Mpa,0 Mpa,1759 RPM
2026-08-23 13:00:00,0.125 Mpa,0.128 Mpa,0.127 Mpa,0.126 Mpa,0 Mpa,0.117 Mpa,0.115 Mpa,0.117 Mpa,1.01 Mpa,0.0129 Mpa,0.125 Mpa,0.121 Mpa,0.125 Mpa,0.121 Mpa,0 Mpa,0.121 Mpa,0.125 Mpa,0.121 Mpa,0.124 Mpa,,0.116 Mpa,0.115 Mpa,0.115 Mpa,1.02 Mpa,0 Mpa,0.121 Mpa,0.121 Mpa,0.119 Mpa,0.122 Mpa,0 Mpa,0.130 Mpa,0.130 Mpa,0.129 Mpa,0.128 Mpa,0.0147 Mpa,0.128 Mpa,0.130 Mpa,0.132 Mpa,0.128 Mpa,0 Mpa,0.121 Mpa,0.124 Mpa,0.123 Mpa,1.000 Mpa,0.00858 Mpa,0.118 Mpa,0.118 Mpa,0.120 Mpa,0.117 Mpa,0 Mpa,0.128 Mpa,0.128 Mpa,0.868 Mpa,0.130 Mpa,0 Mpa,1719 RPM
2026-08-23 15:00:00,0.121 Mpa,0.123 Mpa,0.123 Mpa,0.121 Mpa,0.00454 Mpa,0.115 Mpa,0.114 Mpa,0.115 Mpa,0.228 Mpa,0 Mpa,0.106 Mpa,0.105 Mpa,0.106 Mpa,0.105 Mpa,0.00988 Mpa,0.119 Mpa,0.122 Mpa,0.119 Mpa,0.120 Mpa,,0.119 Mpa,0.117 Mpa,0.118 Mpa,1.02 Mpa,0 Mpa,0.121 Mpa,0.120 Mpa,0.120 Mpa,0.121 Mpa,0 Mpa,0.121 Mpa,0.120 Mpa,0.120 Mpa,0.120 Mpa,0 Mpa,0.113 Mpa,0.113 Mpa,0.114 Mpa,0.112 Mpa,0 Mpa,0.118 Mpa,0.120 Mpa,0.119 Mpa,1.02 Mpa,0 Mpa,0.101 Mpa,0.101 Mpa,0.101 Mpa,0.101 Mpa,0.0326 Mpa,0.107 Mpa,0.107 Mpa,0.869 Mpa,0.107 Mpa,0 Mpa,1342 RPM
2026-08-23 17:00:00,0.114 Mpa,0.116 Mpa,0.114 Mpa,0.115 Mpa,0 Mpa,0.103 Mpa,0.103 Mpa,0.104 Mpa,0.0441 Mpa,0 Mpa,0.116 Mpa,0.114 Mpa,0.116 Mpa,0.113 Mpa,0 Mpa,0.117 Mpa,0.119 Mpa,0.116 Mpa,0.118 Mpa,,0.110 Mpa,0.109 Mpa,0.109 Mpa,1.01 Mpa,0.0215 Mpa,0.103 Mpa,0.104 Mpa,0.102 Mpa,0.104 Mpa,0.0833 Mpa,0.114 Mpa,0.113 Mpa,0.114 Mpa,0.114 Mpa,0.0340 Mpa,0.123 Mpa,0.124 Mpa,0.126 Mpa,0.122 Mpa,0.0279 Mpa,0.119 Mpa,0.120 Mpa,0.119 Mpa,1.00 Mpa,0.0233 Mpa,0.111 Mpa,0.110 Mpa,0.112 Mpa,0.111 Mpa,0.0242 Mpa,0.117 Mpa,0.117 Mpa,0.979 Mpa,0.118 Mpa,0.0110 Mpa,1068 RPM
2026-08-23 19:00:00,,,,,,0.122 Mpa,0.122 Mpa,0.122 Mpa,0.116 Mpa,0 Mpa,0.122 Mpa,0.119 Mpa,0.122 Mpa,0.118 Mpa,0.00654 Mpa,0.108 Mpa,0.110 Mpa,0.108 Mpa,0.109 Mpa,,0.108 Mpa,0.106 Mpa,0.106 Mpa,1.02 Mpa,0 Mpa,0.116 Mpa,0.116 Mpa,0.114 Mpa,0.116 Mpa,0 Mpa,,,,,,0.121 Mpa,0.122 Mpa,0.122 Mpa,0.121 Mpa,0 Mpa,,,,,,0.116 Mpa,0.116 Mpa,0.117 Mpa,0.116 Mpa,0 Mpa,0.112 Mpa,0.112 Mpa,0.864 Mpa,0.113 Mpa,0.00962 Mpa,1440 RPM
2026-08-23 21:00:00,0.130 Mpa,0.131 Mpa,0.131 Mpa,0.130 Mpa,0 Mpa,0.123 Mpa,0.122 Mpa,0.123 Mpa,0.445 Mpa,0 Mpa,0.112 Mpa,0.109 Mpa,0.111 Mpa,0.108 Mpa,0 Mpa,0.102 Mpa,0.104 Mpa,0.102 Mpa,0.104 Mpa,,0.107 Mpa,0.105 Mpa,0.106 Mpa,1.02 Mpa,0 Mpa,0.120 Mpa,0.120 Mpa,0.119 Mpa,0.121 Mpa,0.00855 Mpa,0.124 Mpa,0.123 Mpa,0.123 Mpa,0.123 Mpa,0 Mpa,0.123 Mpa,0.125 Mpa,0.125 Mpa,0.123 Mpa,0.00795 Mpa,0.121 Mpa,0.122 Mpa,0.121 Mpa,1.02 Mpa,0 Mpa,0.131 Mpa,0.130 Mpa,0.132 Mpa,0.130 Mpa,0 Mpa,,,,,,1505 RPM
2026-08-23 23:00:00,0.128 Mpa,0.130 Mpa,0.129 Mpa,0.126 Mpa,0.00709 Mpa,0.126 Mpa,0.123 Mpa,0.126 Mpa,1.01 Mpa,0.0113 Mpa,0.112 Mpa,0.111 Mpa,0.112 Mpa,0.109 Mpa,0.0567 Mpa,0.112 Mpa,0.113 Mpa,0.112 Mpa,0.113 Mpa,,0.123 Mpa,0.121 Mpa,0.122 Mpa,1.01 Mpa,0.0102 Mpa,0.120 Mpa,0.121 Mpa,0.119 Mpa,0.121 Mpa,0 Mpa,0.134 Mpa,0.135 Mpa,0.133 Mpa,0.133 Mpa,0 Mpa,0.123 Mpa,0.124 Mpa,0.124 Mpa,0.122 Mpa,0 Mpa,0.114 Mpa,0.114 Mpa,0.114 Mpa,1.02 Mpa,0 Mpa,0.130 Mpa,0.129 Mpa,0.132 Mpa,0.128 Mpa,0 Mpa,0.118 Mpa,0.117 Mpa,0.937 Mpa,0.118 Mpa,0.0254 Mpa,1574 RPM
2026-08-24 01:00:00,0.128 Mpa,0.130 Mpa,0.130 Mpa,0.127 Mpa,0 Mpa,0.120 Mpa,0.118 Mpa,0.120 Mpa,1.02 Mpa,0 Mpa,0.118 Mpa,0.116 Mpa,0.118 Mpa,0.115 Mpa,0 Mpa,0.121 Mpa,0.125 Mpa,0.121 Mpa,0.124 Mpa,,0.121 Mpa,0.120 Mpa,0.120 Mpa,1.02 Mpa,0 Mpa,0.116 Mpa,0.116 Mpa,0.114 Mpa,0.117 Mpa,0 Mpa,0.133 Mpa,0.133 Mpa,0.132 Mpa,0.131 Mpa,0 Mpa,0.131 Mpa,0.132 Mpa,0.134 Mpa,0.130 Mpa,0 Mpa,0.123 Mpa,0.125 Mpa,0.123 Mpa,1.02 Mpa,0 Mpa,0.125 Mpa,0.124 Mpa,0.127 Mpa,0.124 Mpa,0 Mpa,0.135 Mpa,0.135 Mpa,0.906 Mpa,0.136 Mpa,0 Mpa,1741 RPM
2026-08-24 03:00:00,0.129 Mpa,0.130 Mpa,0.130 Mpa,0.127 Mpa,0 Mpa,0.119 Mpa,0.118 Mpa,0.119 Mpa,1.02 Mpa,0 Mpa,0.125 Mpa,0.122 Mpa,0.125 Mpa,0.121 Mpa,0 Mpa,0.119 Mpa,0.122 Mpa,0.119 Mpa,0.121 Mpa,,0.120 Mpa,0.117 Mpa,0.119 Mpa,1.02 Mpa,0 Mpa,0.123 Mpa,0.123 Mpa,0.122 Mpa,0.124 Mpa,0 Mpa,0.133 Mpa,0.131 Mpa,0.132 Mpa,0.131 Mpa,0 Mpa,0.128 Mpa,0.129 Mpa,0.132 Mpa,0.128 Mpa,0 Mpa,0.127 Mpa,0.130 Mpa,0.129 Mpa,1.02 Mpa,0 Mpa,0.125 Mpa,0.125 Mpa,0.127 Mpa,0.124 Mpa,0 Mpa,0.132 Mpa,0.133 Mpa,0.885 Mpa,0.134 Mpa,0 Mpa,1757 RPM
2026-08-24 05:00:00,0.124 Mpa,0.126 Mpa,0.125 Mpa,0.123 Mpa,0 Mpa,0.117 Mpa,0.115 Mpa,0.117 Mpa,1.01 Mpa,0.00758 Mpa,0.120 Mpa,0.117 Mpa,0.120 Mpa,0.116 Mpa,0 Mpa,0.114 Mpa,0.116 Mpa,0.114 Mpa,0.115 Mpa,,0.121 Mpa,0.120 Mpa,0.120 Mpa,1.02 Mpa,0 Mpa,0.122 Mpa,0.121 Mpa,0.120 Mpa,0.122 Mpa,0 Mpa,0.128 Mpa,0.127 Mpa,0.128 Mpa,0.127 Mpa,0 Mpa,0.125 Mpa,0.127 Mpa,0.128 Mpa,0.125 Mpa,0 Mpa,0.124 Mpa,0.126 Mpa,0.125 Mpa,1.01 Mpa,0.00751 Mpa,0.125 Mpa,0.124 Mpa,0.128 Mpa,0.124 Mpa,0.0108 Mpa,0.128 Mpa,0.127 Mpa,0.889 Mpa,0.129 Mpa,0 Mpa,1627 RPM
2026-08-24 07:00:00,0.117 Mpa,0.119 Mpa,0.117 Mpa,0.118 Mpa,0 Mpa,0.122 Mpa,0.120 Mpa,0.122 Mpa,1.02 Mpa,0 Mpa,0.124 Mpa,0.120 Mpa,0.124 Mpa,0.120 Mpa,0 Mpa,0.117 Mpa,0.121 Mpa,0.117 Mpa,0.119 Mpa,,0.116 Mpa,0.114 Mpa,0.115 Mpa,1.02 Mpa,0 Mpa,0.122 Mpa,0.121 Mpa,0.120 Mpa,0.122 Mpa,0 Mpa,0.132 Mpa,0.131 Mpa,0.131 Mpa,0.130 Mpa,0 Mpa,0.129 Mpa,0.131 Mpa,0.133 Mpa,0.129 Mpa,0 Mpa,0.128 Mpa,0.131 Mpa,0.130 Mpa,1.02 Mpa,0 Mpa,0.108 Mpa,0.108 Mpa,0.109 Mpa,0.107 Mpa,0.133 Mpa,0.131 Mpa,0.131 Mpa,0.883 Mpa,0.132 Mpa,0 Mpa,1769 RPM
2026-08-24 09:00:00,0.122 Mpa,0.124 Mpa,0.123 Mpa,0.121 Mpa,0.0109 Mpa,0.126 Mpa,0.123 Mpa,0.125 Mpa,1.02 Mpa,0 Mpa,0.121 Mpa,0.118 Mpa,0.121 Mpa,0.118 Mpa,0 Mpa,0.124 Mpa,0.127 Mpa,0.123 Mpa,0.125 Mpa,,0.120 Mpa,0.118 Mpa,0.120 Mpa,1.02 Mpa,0 Mpa,0.118 Mpa,0.119 Mpa,0.117 Mpa,0.119 Mpa,0 Mpa,0.130 Mpa,0.128 Mpa,0.128 Mpa,0.128 Mpa,0 Mpa,0.131 Mpa,0.132 Mpa,0.135 Mpa,0.129 Mpa,0 Mpa,0.132 Mpa,0.137 Mpa,0.134 Mpa,1.02 Mpa,0 Mpa,,,,,,0.125 Mpa,0.125 Mpa,0.919 Mpa,0.126 Mpa,0 Mpa,1776 RPM
2026-08-24 11:00:00,0.131 Mpa,0.132 Mpa,0.133 Mpa,0.129 Mpa,0 Mpa,0.125 Mpa,0.121 Mpa,0.123 Mpa,1.02 Mpa,0 Mpa,0.122 Mpa,0.119 Mpa,0.122 Mpa,0.119 Mpa,0 Mpa,0.120 Mpa,0.125 Mpa,0.120 Mpa,0.123 Mpa,,0.117 Mpa,0.115 Mpa,0.117 Mpa,1.01 Mpa,0.0123 Mpa,0.119 Mpa,0.119 Mpa,0.118 Mpa,0.120 Mpa,0.00806 Mpa,0.121 Mpa,0.120 Mpa,0.120 Mpa,0.120 Mpa,0.00737 Mpa,0.130 Mpa,0.131 Mpa,0.134 Mpa,0.129 Mpa,0 Mpa,0.123 Mpa,0.125 Mpa,0.124 Mpa,1.01 Mpa,0.00769 Mpa,,,,,,0.123 Mpa,0.124 Mpa,0.901 Mpa,0.125 Mpa,0 Mpa,1732 RPM
2026-08-24 13:00:00,0.129 Mpa,0.132 Mpa,0.131 Mpa,0.128 Mpa,0 Mpa,0.121 Mpa,0.118 Mpa,0.120 Mpa,1.02 Mpa,0 Mpa,0.123 Mpa,0.119 Mpa,0.122 Mpa,0.120 Mpa,0 Mpa,0.120 Mpa,0.123 Mpa,0.120 Mpa,0.122 Mpa,,0.120 Mpa,0.118 Mpa,0.120 Mpa,1.02 Mpa,0 Mpa,0.108 Mpa,0.109 Mpa,0.107 Mpa,0.109 Mpa,0.0342 Mpa,0.124 Mpa,0.124 Mpa,0.124 Mpa,0.123 Mpa,0 Mpa,0.126 Mpa,0.128 Mpa,0.130 Mpa,0.126 Mpa,0 Mpa,0.128 Mpa,0.131 Mpa,0.130 Mpa,1.02 Mpa,0 Mpa,,,,,,0.124 Mpa,0.125 Mpa,0.786 Mpa,0.126 Mpa,0 Mpa,1711 RPM
2026-08-24 15:00:00,0.131 Mpa,0.132 Mpa,0.133 Mpa,0.130 Mpa,0 Mpa,0.121 Mpa,0.119 Mpa,0.121 Mpa,1.02 Mpa,0 Mpa,0.116 Mpa,0.114 Mpa,0.116 Mpa,0.113 Mpa,0 Mpa,0.118 Mpa,0.122 Mpa,0.118 Mpa,0.120 Mpa,,0.116 Mpa,0.115 Mpa,0.116 Mpa,1.02 Mpa,0 Mpa,0.119 Mpa,0.119 Mpa,0.117 Mpa,0.120 Mpa,0 Mpa,0.129 Mpa,0.129 Mpa,0.128 Mpa,0.127 Mpa,0 Mpa,0.128 Mpa,0.129 Mpa,0.132 Mpa,0.128 Mpa,0 Mpa,0.123 Mpa,0.127 Mpa,0.125 Mpa,1.01 Mpa,0.00744 Mpa,,,,,,0.123 Mpa,0.124 Mpa,0.568 Mpa,0.125 Mpa,0 Mpa,1764 RPM
2026-08-24 17:00:00,0.125 Mpa,0.127 Mpa,0.127 Mpa,0.124 Mpa,0 Mpa,0.118 Mpa,0.115 Mpa,0.118 Mpa,1.02 Mpa,0 Mpa,0.118 Mpa,0.115 Mpa,0.118 Mpa,0.115 Mpa,0 Mpa,0.120 Mpa,0.124 Mpa,0.120 Mpa,0.122 Mpa,,0.117 Mpa,0.116 Mpa,0.116 Mpa,1.02 Mpa,0 Mpa,0.116 Mpa,0.117 Mpa,0.115 Mpa,0.118 Mpa,0 Mpa,0.125 Mpa,0.124 Mpa,0.124 Mpa,0.124 Mpa,0 Mpa,0.122 Mpa,0.123 Mpa,0.125 Mpa,0.122 Mpa,0 Mpa,0.124 Mpa,0.128 Mpa,0.126 Mpa,1.01 Mpa,0.00554 Mpa,0.121 Mpa,0.119 Mpa,0.122 Mpa,0.118 Mpa,0 Mpa,0.118 Mpa,0.118 Mpa,0.844 Mpa,0.120 Mpa,0.0202 Mpa,1677 RPM
2026-08-24 19:00:00,0.123 Mpa,0.125 Mpa,0.124 Mpa,0.121 Mpa,0 Mpa,0.115 Mpa,0.112 Mpa,0.115 Mpa,1.02 Mpa,0 Mpa,0.123 Mpa,0.121 Mpa,0.124 Mpa,0.120 Mpa,0 Mpa,0.122 Mpa,0.127 Mpa,0.121 Mpa,0.125 Mpa,,0.116 Mpa,0.115 Mpa,0.115 Mpa,1.02 Mpa,0 Mpa,0.119 Mpa,0.119 Mpa,0.118 Mpa,0.120 Mpa,0 Mpa,0.122 Mpa,0.122 Mpa,0.121 Mpa,0.122 Mpa,0 Mpa,0.123 Mpa,0.123 Mpa,0.126 Mpa,0.122 Mpa,0 Mpa,0.123 Mpa,0.127 Mpa,0.124 Mpa,1.02 Mpa,0 Mpa,0.122 Mpa,0.120 Mpa,0.123 Mpa,0.119 Mpa,0 Mpa,0.121 Mpa,0.122 Mpa,0.771 Mpa,0.123 Mpa,0 Mpa,1776 RPM
2026-08-24 21:00:00,0.121 Mpa,0.123 Mpa,0.122 Mpa,0.120 Mpa,0 Mpa,0.122 Mpa,0.119 Mpa,0.122 Mpa,1.02 Mpa,0 Mpa,0.119 Mpa,0.116 Mpa,0.119 Mpa,0.116 Mpa,0 Mpa,0.121 Mpa,0.125 Mpa,0.120 Mpa,0.123 Mpa,,0.114 Mpa,0.112 Mpa,0.113 Mpa,1.02 Mpa,0 Mpa,0.120 Mpa,0.120 Mpa,0.119 Mpa,0.122 Mpa,0 Mpa,0.121 Mpa,0.120 Mpa,0.120 Mpa,0.120 Mpa,0 Mpa,0.127 Mpa,0.129 Mpa,0.131 Mpa,0.127 Mpa,0 Mpa,0.123 Mpa,0.124 Mpa,0.124 Mpa,1.02 Mpa,0 Mpa,0.122 Mpa,0.120 Mpa,0.123 Mpa,0.120 Mpa,0 Mpa,0.123 Mpa,0.124 Mpa,0.824 Mpa,0.125 Mpa,0 Mpa,1745 RPM
2026-08-24 23:00:00,0.118 Mpa,0.120 Mpa,0.119 Mpa,0.116 Mpa,0.00852 Mpa,0.123 Mpa,0.121 Mpa,0.123 Mpa,0.994 Mpa,0 Mpa,0.116 Mpa,0.112 Mpa,0.116 Mpa,0.112 Mpa,0.0839 Mpa,0.117 Mpa,0.121 Mpa,0.116 Mpa,0.119 Mpa,,0.114 Mpa,0.112 Mpa,0.113 Mpa,1.01 Mpa,0.00751 Mpa,0.122 Mpa,0.121 Mpa,0.120 Mpa,0.122 Mpa,0 Mpa,0.128 Mpa,0.127 Mpa,0.127 Mpa,0.127 Mpa,0 Mpa,0.128 Mpa,0.128 Mpa,0.131 Mpa,0.126 Mpa,0.0124 Mpa,0.121 Mpa,0.123 Mpa,0.123 Mpa,1.02 Mpa,0 Mpa,0.120 Mpa,0.119 Mpa,0.122 Mpa,0.119 Mpa,0.0317 Mpa,0.119 Mpa,0.120 Mpa,0.774 Mpa,0.121 Mpa,0 Mpa,1683 RPM
2026-08-25 01:00:00,0.123 Mpa,0.125 Mpa,0.124 Mpa,0.121 Mpa,0 Mpa,0.119 Mpa,0.117 Mpa,0.119 Mpa,1.02 Mpa,0 Mpa,0.118 Mpa,0.116 Mpa,0.118 Mpa,0.115 Mpa,0 Mpa,0.115 Mpa,0.120 Mpa,0.115 Mpa,0.118 Mpa,,0.118 Mpa,0.116 Mpa,0.117 Mpa,1.02 Mpa,0 Mpa,0.118 Mpa,0.118 Mpa,0.117 Mpa,0.119 Mpa,0.0139 Mpa,0.120 Mpa,0.119 Mpa,0.119 Mpa,0.119 Mpa,0 Mpa,0.126 Mpa,0.126 Mpa,0.128 Mpa,0.124 Mpa,0 Mpa,0.122 Mpa,0.124 Mpa,0.124 Mpa,1.02 Mpa,0 Mpa,0.124 Mpa,0.122 Mpa,0.125 Mpa,0.122 Mpa,0 Mpa,0.118 Mpa,0.120 Mpa,0.861 Mpa,0.121 Mpa,0 Mpa,1716 RPM
2026-08-25 03:00:00,0.123 Mpa,0.125 Mpa,0.124 Mpa,0.121 Mpa,0 Mpa,0.116 Mpa,0.114 Mpa,0.116 Mpa,1.00 Mpa,0.0285 Mpa,0.121 Mpa,0.119 Mpa,0.122 Mpa,0.118 Mpa,0 Mpa,0.123 Mpa,0.126 Mpa,0.123 Mpa,0.124 Mpa,,0.116 Mpa,0.114 Mpa,0.115 Mpa,1.02 Mpa,0 Mpa,0.116 Mpa,0.117 Mpa,0.115 Mpa,0.118 Mpa,0 Mpa,0.110 Mpa,0.109 Mpa,0.109 Mpa,0.110 Mpa,0.0937 Mpa,0.125 Mpa,0.126 Mpa,0.128 Mpa,0.124 Mpa,0 Mpa,0.121 Mpa,0.122 Mpa,0.122 Mpa,1.02 Mpa,0 Mpa,0.120 Mpa,0.119 Mpa,0.122 Mpa,0.118 Mpa,0 Mpa,0.124 Mpa,0.124 Mpa,0.846 Mpa,0.125 Mpa,0 Mpa,1708 RPM
2026-08-25 05:00:00,0.119 Mpa,0.121 Mpa,0.119 Mpa,0.117 Mpa,0 Mpa,0.120 Mpa,0.118 Mpa,0.120 Mpa,1.01 Mpa,0.00741 Mpa,0.118 Mpa,0.116 Mpa,0.118 Mpa,0.115 Mpa,0.0223 Mpa,0.119 Mpa,0.123 Mpa,0.119 Mpa,0.121 Mpa,,0.114 Mpa,0.112 Mpa,0.113 Mpa,1.02 Mpa,0 Mpa,0.104 Mpa,0.105 Mpa,0.104 Mpa,0.105 Mpa,0 Mpa,,,,,,0.125 Mpa,0.126 Mpa,0.128 Mpa,0.124 Mpa,0 Mpa,0.126 Mpa,0.128 Mpa,0.127 Mpa,1.01 Mpa,0.00688 Mpa,0.121 Mpa,0.120 Mpa,0.123 Mpa,0.120 Mpa,0.00614 Mpa,0.124 Mpa,0.125 Mpa,0.883 Mpa,0.126 Mpa,0 Mpa,1554 RPM
2026-08-25 07:00:00,0.125 Mpa,0.126 Mpa,0.126 Mpa,0.122 Mpa,0 Mpa,0.117 Mpa,0.116 Mpa,0.117 Mpa,1.02 Mpa,0 Mpa,0.125 Mpa,0.122 Mpa,0.125 Mpa,0.122 Mpa,0.00775 Mpa,0.116 Mpa,0.119 Mpa,0.116 Mpa,0.118 Mpa,,0.117 Mpa,0.115 Mpa,0.116 Mpa,1.02 Mpa,0 Mpa,0.114 Mpa,0.114 Mpa,0.113 Mpa,0.115 Mpa,0 Mpa,,,,,,0.130 Mpa,0.130 Mpa,0.134 Mpa,0.129 Mpa,0 Mpa,0.124 Mpa,0.126 Mpa,0.126 Mpa,1.02 Mpa,0 Mpa,0.125 Mpa,0.123 Mpa,0.127 Mpa,0.123 Mpa,0 Mpa,0.122 Mpa,0.123 Mpa,0.899 Mpa,0.124 Mpa,0.00450 Mpa,1686 RPM
2026-08-25 09:00:00,0.136 Mpa,0.138 Mpa,0.138 Mpa,0.135 Mpa,0 Mpa,0.123 Mpa,0.120 Mpa,0.123 Mpa,1.02 Mpa,0 Mpa,0.123 Mpa,0.120 Mpa,0.123 Mpa,0.120 Mpa,0 Mpa,0.121 Mpa,0.124 Mpa,0.121 Mpa,0.122 Mpa,,0.119 Mpa,0.116 Mpa,0.118 Mpa,1.02 Mpa,0 Mpa,0.115 Mpa,0.116 Mpa,0.113 Mpa,0.117 Mpa,0.00956 Mpa,,,,,,0.131 Mpa,0.131 Mpa,0.135 Mpa,0.130 Mpa,0 Mpa,0.128 Mpa,0.130 Mpa,0.130 Mpa,1.02 Mpa,0 Mpa,0.127 Mpa,0.126 Mpa,0.129 Mpa,0.126 Mpa,0 Mpa,0.124 Mpa,0.125 Mpa,0.894 Mpa,0.126 Mpa,0 Mpa,1742 RPM
2026-08-25 11:00:00,0.116 Mpa,0.118 Mpa,0.118 Mpa,0.114 Mpa,0.0214 Mpa,0.121 Mpa,0.118 Mpa,0.121 Mpa,1.01 Mpa,0 Mpa,0.104 Mpa,0.104 Mpa,0.104 Mpa,0.104 Mpa,0 Mpa,0.120 Mpa,0.123 Mpa,0.119 Mpa,0.122 Mpa,,0.119 Mpa,0.117 Mpa,0.119 Mpa,1.02 Mpa,0 Mpa,0.111 Mpa,0.111 Mpa,0.110 Mpa,0.113 Mpa,0.0273 Mpa,0.125 Mpa,0.125 Mpa,0.124 Mpa,0.125 Mpa,1 Mpa,0.124 Mpa,0.124 Mpa,0.127 Mpa,0.123 Mpa,0 Mpa,0.126 Mpa,0.129 Mpa,0.128 Mpa,1.02 Mpa,0 Mpa,0.129 Mpa,0.128 Mpa,0.131 Mpa,0.127 Mpa,0 Mpa,0.120 Mpa,0.121 Mpa,0.924 Mpa,0.123 Mpa,0 Mpa,1672 RPM
2026-08-25 13:00:00,0.121 Mpa,0.122 Mpa,0.122 Mpa,0.118 Mpa,0 Mpa,0.120 Mpa,0.118 Mpa,0.120 Mpa,1.02 Mpa,0 Mpa,,,,,,0.112 Mpa,0.116 Mpa,0.112 Mpa,0.114 Mpa,,0.116 Mpa,0.114 Mpa,0.115 Mpa,1.02 Mpa,0 Mpa,0.114 Mpa,0.116 Mpa,0.113 Mpa,0.117 Mpa,0 Mpa,,,,,,0.130 Mpa,0.130 Mpa,0.134 Mpa,0.129 Mpa,0 Mpa,0.126 Mpa,0.129 Mpa,0.128 Mpa,1.02 Mpa,0 Mpa,0.124 Mpa,0.124 Mpa,0.126 Mpa,0.123 Mpa,0.00935 Mpa,0.118 Mpa,0.117 Mpa,0.931 Mpa,0.118 Mpa,0 Mpa,1696 RPM
2026-08-25 15:00:00,0.120 Mpa,0.122 Mpa,0.122 Mpa,0.118 Mpa,0 Mpa,0.121 Mpa,0.119 Mpa,0.122 Mpa,1.02 Mpa,0 Mpa,0.130 Mpa,0.120 Mpa,0.126 Mpa,0.121 Mpa,0 Mpa,0.116 Mpa,0.121 Mpa,0.115 Mpa,0.119 Mpa,,0.119 Mpa,0.116 Mpa,0.118 Mpa,1.02 Mpa,0 Mpa,0.118 Mpa,0.117 Mpa,0.117 Mpa,0.118 Mpa,0 Mpa,,,,,,0.129 Mpa,0.130 Mpa,0.134 Mpa,0.128 Mpa,0 Mpa,0.105 Mpa,0.106 Mpa,0.105 Mpa,0.287 Mpa,0.00748 Mpa,0.120 Mpa,0.120 Mpa,0.121 Mpa,0.119 Mpa,0 Mpa,0.125 Mpa,0.125 Mpa,0.870 Mpa,0.127 Mpa,0 Mpa,1699 RPM
2026-08-25 17:00:00,0.121 Mpa,0.123 Mpa,0.122 Mpa,0.119 Mpa,0 Mpa,0.122 Mpa,0.119 Mpa,0.121 Mpa,1.01 Mpa,0.0166 Mpa,0.123 Mpa,0.119 Mpa,0.123 Mpa,0.119 Mpa,0 Mpa,0.117 Mpa,0.121 Mpa,0.117 Mpa,0.119 Mpa,,0.116 Mpa,0.114 Mpa,0.115 Mpa,1.02 Mpa,0 Mpa,0.114 Mpa,0.115 Mpa,0.113 Mpa,0.115 Mpa,0 Mpa,,,,,,0.121 Mpa,0.123 Mpa,0.125 Mpa,0.121 Mpa,0 Mpa,0.120 Mpa,0.123 Mpa,0.122 Mpa,0.123 Mpa,0.00731 Mpa,0.116 Mpa,0.117 Mpa,0.117 Mpa,0.116 Mpa,0 Mpa,0.122 Mpa,0.123 Mpa,0.891 Mpa,0.124 Mpa,0.00536 Mpa,1671 RPM
2026-08-25 19:00:00,0.127 Mpa,0.129 Mpa,0.128 Mpa,0.125 Mpa,0 Mpa,0.121 Mpa,0.119 Mpa,0.121 Mpa,1.02 Mpa,0 Mpa,0.125 Mpa,0.122 Mpa,0.125 Mpa,0.122 Mpa,0 Mpa,0.119 Mpa,0.123 Mpa,0.119 Mpa,0.121 Mpa,,0.115 Mpa,0.114 Mpa,0.115 Mpa,1.02 Mpa,0 Mpa,0.116 Mpa,0.117 Mpa,0.115 Mpa,0.117 Mpa,0 Mpa,,,,,,0.124 Mpa,0.125 Mpa,0.127 Mpa,0.124 Mpa,0 Mpa,0.124 Mpa,0.127 Mpa,0.126 Mpa,0.126 Mpa,0 Mpa,0.120 Mpa,0.120 Mpa,0.122 Mpa,0.120 Mpa,0 Mpa,0.126 Mpa,0.126 Mpa,0.854 Mpa,0.127 Mpa,0 Mpa,1793 RPM
2026-08-25 21:00:00,0.118 Mpa,0.119 Mpa,0.120 Mpa,0.116 Mpa,0 Mpa,0.125 Mpa,0.122 Mpa,0.125 Mpa,1.02 Mpa,0 Mpa,0.124 Mpa,0.121 Mpa,0.124 Mpa,0.120 Mpa,0 Mpa,0.116 Mpa,0.119 Mpa,0.117 Mpa,0.118 Mpa,,0.117 Mpa,0.115 Mpa,0.117 Mpa,1.02 Mpa,0 Mpa,0.121 Mpa,0.121 Mpa,0.119 Mpa,0.122 Mpa,0 Mpa,,,,,,0.126 Mpa,0.127 Mpa,0.129 Mpa,0.125 Mpa,0 Mpa,0.121 Mpa,0.125 Mpa,0.123 Mpa,0.124 Mpa,0 Mpa,0.116 Mpa,0.115 Mpa,0.117 Mpa,0.115 Mpa,0 Mpa,0.124 Mpa,0.126 Mpa,0.499 Mpa,0.127 Mpa,0 Mpa,1747 RPM
2026-08-25 23:00:00,0.125 Mpa,0.127 Mpa,0.126 Mpa,0.123 Mpa,0 Mpa,0.122 Mpa,0.120 Mpa,0.121 Mpa,1.02 Mpa,0 Mpa,0.124 Mpa,0.120 Mpa,0.124 Mpa,0.120 Mpa,0.0183 Mpa,0.117 Mpa,0.120 Mpa,0.117 Mpa,0.119 Mpa,,0.120 Mpa,0.118 Mpa,0.119 Mpa,1.02 Mpa,0 Mpa,0.120 Mpa,0.120 Mpa,0.119 Mpa,0.121 Mpa,0.00657 Mpa,,,,,,0.124 Mpa,0.124 Mpa,0.125 Mpa,0.123 Mpa,0 Mpa,0.121 Mpa,0.124 Mpa,0.123 Mpa,0.124 Mpa,0 Mpa,0.118 Mpa,0.117 Mpa,0.119 Mpa,0.117 Mpa,0 Mpa,0.123 Mpa,0.124 Mpa,0.641 Mpa,0.125 Mpa,0.00707 Mpa,1744 RPM
2026-08-26 01:00:00,0.119 Mpa,0.121 Mpa,0.120 Mpa,0.117 Mpa,0.00831 Mpa,0.119 Mpa,0.117 Mpa,0.119 Mpa,1.02 Mpa,0 Mpa,0.124 Mpa,0.121 Mpa,0.124 Mpa,0.121 Mpa,0 Mpa,0.120 Mpa,0.124 Mpa,0.119 Mpa,0.122 Mpa,,0.116 Mpa,0.114 Mpa,0.114 Mpa,1.00 Mpa,0.0387 Mpa,0.112 Mpa,0.113 Mpa,0.111 Mpa,0.113 Mpa,0 Mpa,,,,,,0.125 Mpa,0.125 Mpa,0.127 Mpa,0.123 Mpa,0.00867 Mpa,0.122 Mpa,0.126 Mpa,0.124 Mpa,0.126 Mpa,0 Mpa,0.121 Mpa,0.121 Mpa,0.122 Mpa,0.120 Mpa,0 Mpa,0.122 Mpa,0.122 Mpa,0.847 Mpa,0.124 Mpa,0 Mpa,1678 RPM
2026-08-26 03:00:00,0.123 Mpa,0.125 Mpa,0.124 Mpa,0.122 Mpa,0.00821 Mpa,0.117 Mpa,0.115 Mpa,0.118 Mpa,1.02 Mpa,0 Mpa,0.122 Mpa,0.119 Mpa,0.122 Mpa,0.118 Mpa,0 Mpa,0.121 Mpa,0.124 Mpa,0.121 Mpa,0.123 Mpa,,0.117 Mpa,0.115 Mpa,0.116 Mpa,1.02 Mpa,0 Mpa,0.111 Mpa,0.111 Mpa,0.110 Mpa,0.112 Mpa,0.0179 Mpa,,,,,,0.129 Mpa,0.129 Mpa,0.131 Mpa,0.127 Mpa,0 Mpa,0.118 Mpa,0.119 Mpa,0.119 Mpa,0.120 Mpa,0 Mpa,0.123 Mpa,0.122 Mpa,0.125 Mpa,0.121 Mpa,0.00739 Mpa,0.126 Mpa,0.126 Mpa,0.775 Mpa,0.128 Mpa,0 Mpa,1677 RPM
2026-08-26 05:00:00,0.121 Mpa,0.124 Mpa,0.122 Mpa,0.120 Mpa,0 Mpa,0.120 Mpa,0.118 Mpa,0.120 Mpa,0.740 Mpa,0 Mpa,0.125 Mpa,0.121 Mpa,0.124 Mpa,0.121 Mpa,0 Mpa,0.117 Mpa,0.121 Mpa,0.117 Mpa,0.119 Mpa,,0.117 Mpa,0.115 Mpa,0.116 Mpa,1.02 Mpa,0 Mpa,0.112 Mpa,0.114 Mpa,0.111 Mpa,0.114 Mpa,0 Mpa,,,,,,0.128 Mpa,0.128 Mpa,0.131 Mpa,0.126 Mpa,0 Mpa,0.120 Mpa,0.122 Mpa,0.121 Mpa,0.122 Mpa,0.00742 Mpa,0.118 Mpa,0.119 Mpa,0.120 Mpa,0.118 Mpa,0 Mpa,0.123 Mpa,0.123 Mpa,0.851 Mpa,0.125 Mpa,0.00373 Mpa,1648 RPM
2026-08-26 07:00:00,0.124 Mpa,0.126 Mpa,0.126 Mpa,0.122 Mpa,0 Mpa,0.121 Mpa,0.118 Mpa,0.121 Mpa,0.428 Mpa,0 Mpa,0.125 Mpa,0.122 Mpa,0.124 Mpa,0.121 Mpa,0 Mpa,0.118 Mpa,0.121 Mpa,0.118 Mpa,0.120 Mpa,,0.117 Mpa,0.115 Mpa,0.116 Mpa,1.02 Mpa,0 Mpa,0.118 Mpa,0.120 Mpa,0.117 Mpa,0.121 Mpa,0 Mpa,,,,,,0.127 Mpa,0.128 Mpa,0.131 Mpa,0.126 Mpa,0 Mpa,0.127 Mpa,0.131 Mpa,0.129 Mpa,0.130 Mpa,0 Mpa,0.125 Mpa,0.125 Mpa,0.127 Mpa,0.124 Mpa,0 Mpa,0.123 Mpa,0.123 Mpa,0.861 Mpa,0.124 Mpa,0.0181 Mpa,1773 RPM
2026-08-26 09:00:00,0.122 Mpa,0.123 Mpa,0.123 Mpa,0.119 Mpa,0 Mpa,0.122 Mpa,0.119 Mpa,0.122 Mpa,0.0437 Mpa,0 Mpa,0.118 Mpa,0.115 Mpa,0.117 Mpa,0.115 Mpa,0 Mpa,0.122 Mpa,0.126 Mpa,0.122 Mpa,0.124 Mpa,,0.120 Mpa,0.118 Mpa,0.119 Mpa,1.02 Mpa,0 Mpa,0.118 Mpa,0.119 Mpa,0.116 Mpa,0.119 Mpa,0.00870 Mpa,,,,,,0.124 Mpa,0.126 Mpa,0.126 Mpa,0.124 Mpa,0 Mpa,0.125 Mpa,0.129 Mpa,0.127 Mpa,0.130 Mpa,0 Mpa,0.129 Mpa,0.129 Mpa,0.131 Mpa,0.128 Mpa,0 Mpa,0.126 Mpa,0.126 Mpa,0.883 Mpa,0.127 Mpa,0 Mpa,1778 RPM
2026-08-26 11:00:00,0.128 Mpa,0.130 Mpa,0.130 Mpa,0.126 Mpa,0 Mpa,0.123 Mpa,0.121 Mpa,0.123 Mpa,0.923 Mpa,0 Mpa,0.121 Mpa,0.118 Mpa,0.121 Mpa,0.118 Mpa,0 Mpa,0.122 Mpa,0.127 Mpa,0.121 Mpa,0.124 Mpa,,0.119 Mpa,0.116 Mpa,0.118 Mpa,1.02 Mpa,0 Mpa,0.121 Mpa,0.121 Mpa,0.120 Mpa,0.122 Mpa,0 Mpa,,,,,,0.126 Mpa,0.128 Mpa,0.129 Mpa,0.126 Mpa,0 Mpa,0.125 Mpa,0.129 Mpa,0.127 Mpa,0.129 Mpa,0.0132 Mpa,0.128 Mpa,0.127 Mpa,0.130 Mpa,0.126 Mpa,0 Mpa,0.123 Mpa,0.124 Mpa,0.867 Mpa,0.126 Mpa,0 Mpa,1767 RPM
2026-08-26 13:00:00,0.122 Mpa,0.124 Mpa,0.124 Mpa,0.120 Mpa,0 Mpa,0.125 Mpa,0.122 Mpa,0.124 Mpa,0.627 Mpa,0 Mpa,0.124 Mpa,0.121 Mpa,0.124 Mpa,0.121 Mpa,0 Mpa,0.115 Mpa,0.118 Mpa,0.115 Mpa,0.117 Mpa,,0.111 Mpa,0.108 Mpa,0.110 Mpa,1.02 Mpa,0 Mpa,0.121 Mpa,0.120 Mpa,0.119 Mpa,0.121 Mpa,0 Mpa,,,,,,0.121 Mpa,0.123 Mpa,0.125 Mpa,0.122 Mpa,0 Mpa,0.124 Mpa,0.127 Mpa,0.125 Mpa,0.127 Mpa,0.00803 Mpa,0.126 Mpa,0.125 Mpa,0.127 Mpa,0.124 Mpa,0 Mpa,0.126 Mpa,0.126 Mpa,0.881 Mpa,0.127 Mpa,0 Mpa,1579 RPM
2026-08-26 15:00:00,0.122 Mpa,0.123 Mpa,0.123 Mpa,0.120 Mpa,0 Mpa,0.116 Mpa,0.114 Mpa,0.116 Mpa,0.494 Mpa,0 Mpa,0.121 Mpa,0.118 Mpa,0.120 Mpa,0.118 Mpa,0 Mpa,0.113 Mpa,0.117 Mpa,0.114 Mpa,0.117 Mpa,,0.117 Mpa,0.115 Mpa,0.117 Mpa,1.02 Mpa,0 Mpa,0.122 Mpa,0.121 Mpa,0.121 Mpa,0.122 Mpa,0 Mpa,,,,,,0.123 Mpa,0.126 Mpa,0.126 Mpa,0.124 Mpa,0 Mpa,0.122 Mpa,0.125 Mpa,0.123 Mpa,0.125 Mpa,0 Mpa,0.126 Mpa,0.125 Mpa,0.128 Mpa,0.124 Mpa,0 Mpa,0.126 Mpa,0.125 Mpa,0.875 Mpa,0.127 Mpa,0 Mpa,1645 RPM
2026-08-26 17:00:00,0.120 Mpa,0.122 Mpa,0.121 Mpa,0.118 Mpa,0 Mpa,0.124 Mpa,0.122 Mpa,0.124 Mpa,0.465 Mpa,0 Mpa,0.111 Mpa,0.110 Mpa,0.111 Mpa,0.108 Mpa,0 Mpa,0.121 Mpa,0.125 Mpa,0.120 Mpa,0.124 Mpa,,0.117 Mpa,0.114 Mpa,0.116 Mpa,1.02 Mpa,0 Mpa,0.118 Mpa,0.117 Mpa,0.116 Mpa,0.118 Mpa,0 Mpa,,,,,,0.128 Mpa,0.131 Mpa,0.132 Mpa,0.129 Mpa,0 Mpa,0.120 Mpa,0.122 Mpa,0.121 Mpa,0.122 Mpa,0.00784 Mpa,0.121 Mpa,0.120 Mpa,0.122 Mpa,0.119 Mpa,0.00629 Mpa,0.120 Mpa,0.121 Mpa,0.893 Mpa,0.122 Mpa,0 Mpa,1676 RPM
2026-08-26 19:00:00,0.123 Mpa,0.125 Mpa,0.124 Mpa,0.121 Mpa,0 Mpa,0.125 Mpa,0.122 Mpa,0.125 Mpa,0.450 Mpa,0 Mpa,0.122 Mpa,0.118 Mpa,0.121 Mpa,0.118 Mpa,0 Mpa,0.123 Mpa,0.127 Mpa,0.123 Mpa,0.125 Mpa,,0.118 Mpa,0.116 Mpa,0.118 Mpa,1.02 Mpa,0 Mpa,0.115 Mpa,0.115 Mpa,0.113 Mpa,0.116 Mpa,0 Mpa,,,,,,0.121 Mpa,0.123 Mpa,0.124 Mpa,0.121 Mpa,0 Mpa,0.122 Mpa,0.125 Mpa,0.123 Mpa,0.124 Mpa,0 Mpa,0.120 Mpa,0.119 Mpa,0.121 Mpa,0.119 Mpa,0 Mpa,0.120 Mpa,0.119 Mpa,0.880 Mpa,0.120 Mpa,0 Mpa,1730 RPM
2026-08-26 21:00:00,0.123 Mpa,0.126 Mpa,0.125 Mpa,0.121 Mpa,0 Mpa,0.126 Mpa,0.123 Mpa,0.125 Mpa,0.117 Mpa,0 Mpa,0.120 Mpa,0.117 Mpa,0.120 Mpa,0.117 Mpa,0 Mpa,0.119 Mpa,0.123 Mpa,0.119 Mpa,0.121 Mpa,,0.117 Mpa,0.114 Mpa,0.116 Mpa,1.02 Mpa,0 Mpa,0.117 Mpa,0.117 Mpa,0.116 Mpa,0.118 Mpa,0 Mpa,,,,,,0.127 Mpa,0.127 Mpa,0.130 Mpa,0.125 Mpa,0 Mpa,0.122 Mpa,0.124 Mpa,0.124 Mpa,0.123 Mpa,0 Mpa,0.119 Mpa,0.119 Mpa,0.120 Mpa,0.118 Mpa,0.0200 Mpa,0.118 Mpa,0.118 Mpa,0.886 Mpa,0.119 Mpa,0.0118 Mpa,1737 RPM
2026-08-26 23:00:00,0.123 Mpa,0.124 Mpa,0.124 Mpa,0.120 Mpa,0.00181 Mpa,0.119 Mpa,0.116 Mpa,0.120 Mpa,0.00376 Mpa,0.0326 Mpa,0.121 Mpa,0.119 Mpa,0.121 Mpa,0.119 Mpa,0 Mpa,0.119 Mpa,0.122 Mpa,0.119 Mpa,0.121 Mpa,,0.116 Mpa,0.114 Mpa,0.115 Mpa,1.01 Mpa,0.0201 Mpa,0.118 Mpa,0.118 Mpa,0.116 Mpa,0.119 Mpa,0.0111 Mpa,0.129 Mpa,0.128 Mpa,0.129 Mpa,0.129 Mpa,0.0264 Mpa,0.121 Mpa,0.124 Mpa,0.124 Mpa,0.122 Mpa,0.00858 Mpa,0.122 Mpa,0.124 Mpa,0.123 Mpa,0.124 Mpa,0 Mpa,0.119 Mpa,0.119 Mpa,0.121 Mpa,0.119 Mpa,0 Mpa,0.122 Mpa,0.122 Mpa,0.901 Mpa,0.123 Mpa,0 Mpa,1649 RPM
2026-08-27 01:00:00,0.122 Mpa,0.124 Mpa,0.123 Mpa,0.120 Mpa,0 Mpa,0.121 Mpa,0.120 Mpa,0.121 Mpa,0 Mpa,0 Mpa,0.121 Mpa,0.118 Mpa,0.120 Mpa,0.118 Mpa,0 Mpa,0.119 Mpa,0.121 Mpa,0.119 Mpa,0.120 Mpa,,0.119 Mpa,0.116 Mpa,0.117 Mpa,1.02 Mpa,0 Mpa,0.112 Mpa,0.112 Mpa,0.111 Mpa,0.112 Mpa,0 Mpa,0.132 Mpa,0.131 Mpa,0.132 Mpa,0.132 Mpa,0 Mpa,0.120 Mpa,0.122 Mpa,0.122 Mpa,0.120 Mpa,0 Mpa,0.120 Mpa,0.123 Mpa,0.121 Mpa,0.122 Mpa,0 Mpa,0.119 Mpa,0.118 Mpa,0.121 Mpa,0.118 Mpa,0 Mpa,0.123 Mpa,0.123 Mpa,0.897 Mpa,0.124 Mpa,0 Mpa,1691 RPM
2026-08-27 03:00:00,0.116 Mpa,0.118 Mpa,0.117 Mpa,0.114 Mpa,0 Mpa,0.130 Mpa,0.127 Mpa,0.129 Mpa,0.701 Mpa,0 Mpa,0.120 Mpa,0.117 Mpa,0.119 Mpa,0.116 Mpa,0 Mpa,0.120 Mpa,0.124 Mpa,0.120 Mpa,0.123 Mpa,,0.118 Mpa,0.117 Mpa,0.118 Mpa,1.02 Mpa,0 Mpa,0.121 Mpa,0.121 Mpa,0.119 Mpa,0.122 Mpa,0 Mpa,0.129 Mpa,0.128 Mpa,0.129 Mpa,0.128 Mpa,0 Mpa,0.116 Mpa,0.116 Mpa,0.117 Mpa,0.115 Mpa,0 Mpa,0.120 Mpa,0.122 Mpa,0.122 Mpa,0.122 Mpa,0 Mpa,0.119 Mpa,0.118 Mpa,0.121 Mpa,0.118 Mpa,0 Mpa,0.123 Mpa,0.124 Mpa,0.886 Mpa,0.125 Mpa,0 Mpa,1732 RPM
2026-08-27 05:00:00,0.116 Mpa,0.118 Mpa,0.116 Mpa,0.113 Mpa,0 Mpa,0.128 Mpa,0.126 Mpa,0.128 Mpa,1.02 Mpa,0 Mpa,0.120 Mpa,0.118 Mpa,0.120 Mpa,0.118 Mpa,0 Mpa,0.110 Mpa,0.113 Mpa,0.111 Mpa,0.112 Mpa,,0.116 Mpa,0.114 Mpa,0.116 Mpa,1.02 Mpa,0 Mpa,0.116 Mpa,0.116 Mpa,0.114 Mpa,0.117 Mpa,0 Mpa,0.126 Mpa,0.125 Mpa,0.125 Mpa,0.125 Mpa,0 Mpa,0.115 Mpa,0.115 Mpa,0.116 Mpa,0.113 Mpa,0 Mpa,0.120 Mpa,0.123 Mpa,0.122 Mpa,0.123 Mpa,0 Mpa,0.122 Mpa,0.121 Mpa,0.124 Mpa,0.121 Mpa,0.00668 Mpa,0.121 Mpa,0.122 Mpa,0.891 Mpa,0.123 Mpa,0.00576 Mpa,1589 RPM
2026-08-27 07:00:00,0.123 Mpa,0.126 Mpa,0.124 Mpa,0.121 Mpa,0 Mpa,0.130 Mpa,0.126 Mpa,0.129 Mpa,1.02 Mpa,0 Mpa,0.124 Mpa,0.121 Mpa,0.124 Mpa,0.121 Mpa,0 Mpa,0.102 Mpa,0.103 Mpa,0.102 Mpa,0.103 Mpa,,0.121 Mpa,0.118 Mpa,0.121 Mpa,1.02 Mpa,0 Mpa,0.117 Mpa,0.116 Mpa,0.115 Mpa,0.117 Mpa,0 Mpa,0.126 Mpa,0.125 Mpa,0.125 Mpa,0.125 Mpa,0 Mpa,0.120 Mpa,0.121 Mpa,0.122 Mpa,0.119 Mpa,0 Mpa,0.121 Mpa,0.122 Mpa,0.122 Mpa,0.123 Mpa,0 Mpa,0.122 Mpa,0.121 Mpa,0.123 Mpa,0.120 Mpa,0 Mpa,0.121 Mpa,0.121 Mpa,0.889 Mpa,0.122 Mpa,0.0191 Mpa,1593 RPM
2026-08-27 09:00:00,0.129 Mpa,0.132 Mpa,0.130 Mpa,0.127 Mpa,0 Mpa,0.125 Mpa,0.123 Mpa,0.125 Mpa,1.02 Mpa,0 Mpa,0.127 Mpa,0.124 Mpa,0.127 Mpa,0.124 Mpa,0 Mpa,0.123 Mpa,0.125 Mpa,0.123 Mpa,0.124 Mpa,,0.122 Mpa,0.118 Mpa,0.121 Mpa,1.02 Mpa,0 Mpa,0.122 Mpa,0.122 Mpa,0.121 Mpa,0.122 Mpa,0 Mpa,0.130 Mpa,0.127 Mpa,0.129 Mpa,0.128 Mpa,0 Mpa,0.124 Mpa,0.124 Mpa,0.126 Mpa,0.123 Mpa,0 Mpa,0.122 Mpa,0.124 Mpa,0.123 Mpa,0.124 Mpa,0 Mpa,0.120 Mpa,0.119 Mpa,0.121 Mpa,0.118 Mpa,0 Mpa,0.117 Mpa,0.117 Mpa,0.908 Mpa,0.118 Mpa,0 Mpa,1694 RPM
2026-08-27 11:00:00,0.123 Mpa,0.125 Mpa,0.124 Mpa,0.120 Mpa,0 Mpa,0.120 Mpa,0.117 Mpa,0.120 Mpa,1.02 Mpa,0 Mpa,0.119 Mpa,0.117 Mpa,0.119 Mpa,0.117 Mpa,0 Mpa,0.117 Mpa,0.120 Mpa,0.117 Mpa,0.119 Mpa,,0.117 Mpa,0.116 Mpa,0.117 Mpa,1.02 Mpa,0 Mpa,0.121 Mpa,0.120 Mpa,0.119 Mpa,0.121 Mpa,0.00733 Mpa,0.126 Mpa,0.125 Mpa,0.125 Mpa,0.125 Mpa,0.0198 Mpa,0.127 Mpa,0.127 Mpa,0.130 Mpa,0.126 Mpa,0 Mpa,0.121 Mpa,0.124 Mpa,0.122 Mpa,0.124 Mpa,0 Mpa,0.118 Mpa,0.118 Mpa,0.120 Mpa,0.117 Mpa,0 Mpa,0.121 Mpa,0.121 Mpa,0.909 Mpa,0.122 Mpa,0 Mpa,1620 RPM
2026-08-27 13:00:00,0.122 Mpa,0.124 Mpa,0.124 Mpa,0.120 Mpa,0 Mpa,0.122 Mpa,0.120 Mpa,0.122 Mpa,1.02 Mpa,0 Mpa,0.125 Mpa,0.123 Mpa,0.126 Mpa,0.122 Mpa,0 Mpa,0.115 Mpa,0.118 Mpa,0.116 Mpa,0.117 Mpa,,0.119 Mpa,0.117 Mpa,0.119 Mpa,1.02 Mpa,0 Mpa,0.123 Mpa,0.122 Mpa,0.121 Mpa,0.123 Mpa,0 Mpa,,,,,,0.127 Mpa,0.128 Mpa,0.131 Mpa,0.126 Mpa,0 Mpa,0.117 Mpa,0.120 Mpa,0.118 Mpa,0.120 Mpa,0.0153 Mpa,0.119 Mpa,0.119 Mpa,0.120 Mpa,0.118 Mpa,0 Mpa,0.122 Mpa,0.122 Mpa,0.903 Mpa,0.123 Mpa,0 Mpa,1712 RPM
2026-08-27 15:00:00,0.122 Mpa,0.124 Mpa,0.123 Mpa,0.119 Mpa,0 Mpa,0.122 Mpa,0.119 Mpa,0.122 Mpa,1.02 Mpa,0 Mpa,0.127 Mpa,0.124 Mpa,0.125 Mpa,0.122 Mpa,0 Mpa,0.122 Mpa,0.124 Mpa,0.122 Mpa,0.123 Mpa,,0.118 Mpa,0.116 Mpa,0.118 Mpa,1.02 Mpa,0 Mpa,0.122 Mpa,0.122 Mpa,0.120 Mpa,0.123 Mpa,0 Mpa,0.115 Mpa,0.114 Mpa,0.114 Mpa,0.115 Mpa,0 Mpa,0.128 Mpa,0.129 Mpa,0.133 Mpa,0.127 Mpa,0 Mpa,0.120 Mpa,0.123 Mpa,0.121 Mpa,0.123 Mpa,0 Mpa,0.118 Mpa,0.118 Mpa,0.120 Mpa,0.117 Mpa,0 Mpa,0.120 Mpa,0.119 Mpa,0.905 Mpa,0.121 Mpa,0 Mpa,1735 RPM
2026-08-27 17:00:00,0.119 Mpa,0.120 Mpa,0.119 Mpa,0.116 Mpa,0 Mpa,0.115 Mpa,0.114 Mpa,0.116 Mpa,1.01 Mpa,0.0168 Mpa,0.119 Mpa,0.116 Mpa,0.119 Mpa,0.116 Mpa,0 Mpa,0.118 Mpa,0.121 Mpa,0.117 Mpa,0.120 Mpa,,0.118 Mpa,0.115 Mpa,0.118 Mpa,1.02 Mpa,0 Mpa,0.118 Mpa,0.118 Mpa,0.117 Mpa,0.119 Mpa,0 Mpa,,,,,,0.130 Mpa,0.131 Mpa,0.134 Mpa,0.129 Mpa,0 Mpa,0.122 Mpa,0.125 Mpa,0.124 Mpa,0.125 Mpa,0.00772 Mpa,0.118 Mpa,0.118 Mpa,0.120 Mpa,0.117 Mpa,0.00688 Mpa,0.119 Mpa,0.119 Mpa,0.891 Mpa,0.120 Mpa,0.00573 Mpa,1622 RPM
2026-08-27 19:00:00,0.124 Mpa,0.126 Mpa,0.126 Mpa,0.122 Mpa,0 Mpa,0.117 Mpa,0.115 Mpa,0.117 Mpa,1.02 Mpa,0 Mpa,0.120 Mpa,0.116 Mpa,0.120 Mpa,0.117 Mpa,0 Mpa,0.108 Mpa,0.109 Mpa,0.108 Mpa,0.109 Mpa,,0.116 Mpa,0.115 Mpa,0.116 Mpa,1.02 Mpa,0 Mpa,0.120 Mpa,0.120 Mpa,0.119 Mpa,0.120 Mpa,0 Mpa,0.130 Mpa,0.128 Mpa,0.129 Mpa,0.128 Mpa,0 Mpa,0.131 Mpa,0.133 Mpa,0.136 Mpa,0.131 Mpa,0 Mpa,0.122 Mpa,0.125 Mpa,0.124 Mpa,0.125 Mpa,0 Mpa,0.120 Mpa,0.120 Mpa,0.122 Mpa,0.120 Mpa,0 Mpa,0.117 Mpa,0.117 Mpa,0.902 Mpa,0.118 Mpa,0 Mpa,1623 RPM
2026-08-27 21:00:00,0.120 Mpa,0.122 Mpa,0.122 Mpa,0.118 Mpa,0 Mpa,0.118 Mpa,0.116 Mpa,0.118 Mpa,1.02 Mpa,0 Mpa,0.122 Mpa,0.119 Mpa,0.122 Mpa,0.119 Mpa,0 Mpa,0.116 Mpa,0.118 Mpa,0.115 Mpa,0.116 Mpa,,0.118 Mpa,0.115 Mpa,0.117 Mpa,1.02 Mpa,0 Mpa,0.123 Mpa,0.123 Mpa,0.122 Mpa,0.124 Mpa,0 Mpa,0.125 Mpa,0.124 Mpa,0.124 Mpa,0.123 Mpa,0 Mpa,0.130 Mpa,0.131 Mpa,0.134 Mpa,0.129 Mpa,0 Mpa,0.123 Mpa,0.125 Mpa,0.124 Mpa,0.125 Mpa,0 Mpa,0.124 Mpa,0.124 Mpa,0.126 Mpa,0.123 Mpa,0 Mpa,0.115 Mpa,0.115 Mpa,0.916 Mpa,0.116 Mpa,0 Mpa,1689 RPM
2026-08-27 23:00:00,0.121 Mpa,0.123 Mpa,0.122 Mpa,0.119 Mpa,0.00386 Mpa,0.120 Mpa,0.117 Mpa,0.120 Mpa,1.02 Mpa,0 Mpa,0.121 Mpa,0.118 Mpa,0.121 Mpa,0.118 Mpa,0.0165 Mpa,0.121 Mpa,0.123 Mpa,0.121 Mpa,0.122 Mpa,,0.117 Mpa,0.115 Mpa,0.116 Mpa,1.02 Mpa,0 Mpa,0.119 Mpa,0.119 Mpa,0.117 Mpa,0.120 Mpa,0 Mpa,0.129 Mpa,0.126 Mpa,0.128 Mpa,0.128 Mpa,0 Mpa,0.123 Mpa,0.124 Mpa,0.126 Mpa,0.123 Mpa,0.0148 Mpa,0.123 Mpa,0.126 Mpa,0.125 Mpa,0.125 Mpa,0 Mpa,0.124 Mpa,0.124 Mpa,0.126 Mpa,0.123 Mpa,0 Mpa,0.120 Mpa,0.120 Mpa,0.890 Mpa,0.121 Mpa,0.00839 Mpa,1664 RPM
2026-08-28 01:00:00,0.119 Mpa,0.120 Mpa,0.120 Mpa,0.116 Mpa,0 Mpa,0.121 Mpa,0.118 Mpa,0.121 Mpa,1.02 Mpa,0 Mpa,0.117 Mpa,0.114 Mpa,0.117 Mpa,0.114 Mpa,0 Mpa,0.116 Mpa,0.118 Mpa,0.116 Mpa,0.117 Mpa,,0.117 Mpa,0.115 Mpa,0.117 Mpa,1.02 Mpa,0 Mpa,0.121 Mpa,0.120 Mpa,0.119 Mpa,0.121 Mpa,0 Mpa,0.125 Mpa,0.121 Mpa,0.124 Mpa,0.124 Mpa,0 Mpa,0.124 Mpa,0.126 Mpa,0.128 Mpa,0.124 Mpa,0 Mpa,0.121 Mpa,0.124 Mpa,0.122 Mpa,0.123 Mpa,0 Mpa,0.123 Mpa,0.123 Mpa,0.124 Mpa,0.122 Mpa,0.0146 Mpa,0.128 Mpa,0.128 Mpa,0.876 Mpa,0.129 Mpa,0 Mpa,1714 RPM
2026-08-28 03:00:00,0.120 Mpa,0.122 Mpa,0.122 Mpa,0.117 Mpa,0 Mpa,0.131 Mpa,0.128 Mpa,0.130 Mpa,1.02 Mpa,0 Mpa,0.118 Mpa,0.114 Mpa,0.118 Mpa,0.114 Mpa,0 Mpa,0.117 Mpa,0.120 Mpa,0.117 Mpa,0.119 Mpa,,0.115 Mpa,0.113 Mpa,0.115 Mpa,1.02 Mpa,0 Mpa,0.121 Mpa,0.120 Mpa,0.119 Mpa,0.121 Mpa,0 Mpa,0.124 Mpa,0.119 Mpa,0.122 Mpa,0.122 Mpa,0 Mpa,0.120 Mpa,0.121 Mpa,0.123 Mpa,0.120 Mpa,0 Mpa,0.123 Mpa,0.126 Mpa,0.125 Mpa,0.126 Mpa,0 Mpa,0.121 Mpa,0.120 Mpa,0.123 Mpa,0.120 Mpa,0 Mpa,0.126 Mpa,0.126 Mpa,0.876 Mpa,0.127 Mpa,0 Mpa,1695 RPM
2026-08-28 05:00:00,0.116 Mpa,0.117 Mpa,0.117 Mpa,0.112 Mpa,0 Mpa,0.126 Mpa,0.124 Mpa,0.126 Mpa,1.01 Mpa,0.00735 Mpa,0.120 Mpa,0.117 Mpa,0.120 Mpa,0.117 Mpa,0 Mpa,0.117 Mpa,0.120 Mpa,0.117 Mpa,0.118 Mpa,,0.116 Mpa,0.114 Mpa,0.115 Mpa,1.02 Mpa,0 Mpa,0.111 Mpa,0.111 Mpa,0.109 Mpa,0.112 Mpa,0 Mpa,0.128 Mpa,0.123 Mpa,0.127 Mpa,0.126 Mpa,0.00641 Mpa,0.123 Mpa,0.123 Mpa,0.124 Mpa,0.121 Mpa,0 Mpa,0.122 Mpa,0.125 Mpa,0.123 Mpa,0.124 Mpa,0.00754 Mpa,0.122 Mpa,0.121 Mpa,0.125 Mpa,0.121 Mpa,0.00642 Mpa,0.121 Mpa,0.121 Mpa,0.892 Mpa,0.123 Mpa,0.00837 Mpa,1616 RPM
2026-08-28 07:00:00,0.123 Mpa,0.124 Mpa,0.124 Mpa,0.119 Mpa,0 Mpa,0.123 Mpa,0.120 Mpa,0.123 Mpa,1.02 Mpa,0 Mpa,0.124 Mpa,0.122 Mpa,0.124 Mpa,0.120 Mpa,0 Mpa,0.117 Mpa,0.120 Mpa,0.117 Mpa,0.119 Mpa,,0.117 Mpa,0.115 Mpa,0.116 Mpa,1.02 Mpa,0 Mpa,0.102 Mpa,0.104 Mpa,0.101 Mpa,0.104 Mpa,0.0758 Mpa,0.134 Mpa,0.125 Mpa,0.133 Mpa,0.132 Mpa,0 Mpa,0.124 Mpa,0.125 Mpa,0.127 Mpa,0.123 Mpa,0.00713 Mpa,0.125 Mpa,0.128 Mpa,0.127 Mpa,0.128 Mpa,0 Mpa,0.122 Mpa,0.122 Mpa,0.124 Mpa,0.121 Mpa,0 Mpa,,,,,,1730 RPM
2026-08-28 09:00:00,0.120 Mpa,0.122 Mpa,0.121 Mpa,0.117 Mpa,0 Mpa,0.125 Mpa,0.121 Mpa,0.124 Mpa,1.02 Mpa,0 Mpa,0.125 Mpa,0.122 Mpa,0.124 Mpa,0.122 Mpa,0 Mpa,0.115 Mpa,0.117 Mpa,0.115 Mpa,0.116 Mpa,,0.116 Mpa,0.115 Mpa,0.116 Mpa,1.02 Mpa,0 Mpa,0.108 Mpa,0.109 Mpa,0.107 Mpa,0.110 Mpa,0 Mpa,0.135 Mpa,0.126 Mpa,0.134 Mpa,0.133 Mpa,0 Mpa,0.132 Mpa,0.132 Mpa,0.136 Mpa,0.130 Mpa,0 Mpa,0.125 Mpa,0.128 Mpa,0.127 Mpa,0.128 Mpa,0 Mpa,0.123 Mpa,0.123 Mpa,0.125 Mpa,0.122 Mpa,0 Mpa,,,,,,1734 RPM
2026-08-28 11:00:00,0.121 Mpa,0.124 Mpa,0.122 Mpa,0.119 Mpa,0 Mpa,0.123 Mpa,0.119 Mpa,0.122 Mpa,1.00 Mpa,0.0101 Mpa,0.127 Mpa,0.123 Mpa,0.126 Mpa,0.123 Mpa,0 Mpa,0.116 Mpa,0.118 Mpa,0.116 Mpa,0.117 Mpa,,0.117 Mpa,0.115 Mpa,0.117 Mpa,1.02 Mpa,0 Mpa,0.114 Mpa,0.115 Mpa,0.113 Mpa,0.116 Mpa,0.00686 Mpa,0.130 Mpa,0.123 Mpa,0.129 Mpa,0.128 Mpa,0.0148 Mpa,0.132 Mpa,0.133 Mpa,0.137 Mpa,0.132 Mpa,0 Mpa,0.118 Mpa,0.122 Mpa,0.120 Mpa,0.121 Mpa,0.0332 Mpa,0.121 Mpa,0.120 Mpa,0.123 Mpa,0.120 Mpa,0 Mpa,,,,,,1725 RPM
2026-08-28 13:00:00,0.123 Mpa,0.126 Mpa,0.125 Mpa,0.121 Mpa,0 Mpa,0.125 Mpa,0.122 Mpa,0.125 Mpa,1.02 Mpa,0 Mpa,0.119 Mpa,0.116 Mpa,0.120 Mpa,0.118 Mpa,0 Mpa,0.109 Mpa,0.109 Mpa,0.109 Mpa,0.109 Mpa,,0.117 Mpa,0.115 Mpa,0.117 Mpa,1.01 Mpa,0 Mpa,0.119 Mpa,0.121 Mpa,0.118 Mpa,0.122 Mpa,0 Mpa,0.128 Mpa,0.111 Mpa,0.127 Mpa,0.127 Mpa,0 Mpa,0.129 Mpa,0.130 Mpa,0.133 Mpa,0.128 Mpa,0 Mpa,0.125 Mpa,0.129 Mpa,0.128 Mpa,0.129 Mpa,0 Mpa,0.123 Mpa,0.123 Mpa,0.125 Mpa,0.122 Mpa,0 Mpa,,,,,,1746 RPM
2026-08-28 15:00:00,0.120 Mpa,0.122 Mpa,0.121 Mpa,0.117 Mpa,0 Mpa,0.125 Mpa,0.122 Mpa,0.125 Mpa,1.02 Mpa,0 Mpa,0.123 Mpa,0.120 Mpa,0.123 Mpa,0.120 Mpa,0 Mpa,0.118 Mpa,0.121 Mpa,0.119 Mpa,0.120 Mpa,,0.117 Mpa,0.116 Mpa,0.117 Mpa,1.02 Mpa,0 Mpa,0.115 Mpa,0.115 Mpa,0.113 Mpa,0.116 Mpa,0 Mpa,0.130 Mpa,0.0331 Mpa,0.129 Mpa,0.128 Mpa,0 Mpa,0.129 Mpa,0.130 Mpa,0.132 Mpa,0.128 Mpa,0 Mpa,0.127 Mpa,0.132 Mpa,0.129 Mpa,0.130 Mpa,0 Mpa,0.123 Mpa,0.122 Mpa,0.125 Mpa,0.121 Mpa,0 Mpa,,,,,,1749 RPM
2026-08-28 17:00:00,0.117 Mpa,0.118 Mpa,0.118 Mpa,0.113 Mpa,0 Mpa,0.122 Mpa,0.118 Mpa,0.121 Mpa,1.01 Mpa,0.0120 Mpa,0.115 Mpa,0.113 Mpa,0.115 Mpa,0.112 Mpa,0 Mpa,0.116 Mpa,0.119 Mpa,0.116 Mpa,0.117 Mpa,,0.114 Mpa,0.112 Mpa,0.113 Mpa,1.02 Mpa,0 Mpa,0.113 Mpa,0.113 Mpa,0.111 Mpa,0.113 Mpa,0 Mpa,0.119 Mpa,0.117 Mpa,0.118 Mpa,0.119 Mpa,0 Mpa,0.124 Mpa,0.126 Mpa,0.127 Mpa,0.124 Mpa,0 Mpa,0.115 Mpa,0.117 Mpa,0.116 Mpa,0.117 Mpa,0.0428 Mpa,0.123 Mpa,0.122 Mpa,0.124 Mpa,0.121 Mpa,0.00653 Mpa,,,,,,1557 RPM
2026-08-28 19:00:00,0.120 Mpa,0.121 Mpa,0.121 Mpa,0.116 Mpa,0 Mpa,0.116 Mpa,0.113 Mpa,0.116 Mpa,1.02 Mpa,0 Mpa,0.119 Mpa,0.116 Mpa,0.120 Mpa,0.117 Mpa,0 Mpa,0.117 Mpa,0.121 Mpa,0.116 Mpa,0.119 Mpa,,0.115 Mpa,0.113 Mpa,0.114 Mpa,1.02 Mpa,0 Mpa,0.115 Mpa,0.116 Mpa,0.114 Mpa,0.117 Mpa,0 Mpa,0.123 Mpa,0.122 Mpa,0.121 Mpa,0.121 Mpa,0 Mpa,0.124 Mpa,0.125 Mpa,0.128 Mpa,0.124 Mpa,0 Mpa,,,,,,0.125 Mpa,0.125 Mpa,0.127 Mpa,0.124 Mpa,0 Mpa,0.122 Mpa,0.122 Mpa,0.600 Mpa,0.123 Mpa,0 Mpa,1719 RPM
2026-08-28 21:00:00,0.120 Mpa,0.122 Mpa,0.122 Mpa,0.119 Mpa,0 Mpa,0.120 Mpa,0.116 Mpa,0.119 Mpa,1.02 Mpa,0 Mpa,0.117 Mpa,0.114 Mpa,0.117 Mpa,0.113 Mpa,0 Mpa,0.106 Mpa,0.109 Mpa,0.106 Mpa,0.108 Mpa,,0.116 Mpa,0.114 Mpa,0.116 Mpa,1.02 Mpa,0 Mpa,0.116 Mpa,0.117 Mpa,0.115 Mpa,0.118 Mpa,0 Mpa,0.124 Mpa,0.123 Mpa,0.123 Mpa,0.123 Mpa,0 Mpa,0.126 Mpa,0.128 Mpa,0.130 Mpa,0.126 Mpa,0 Mpa,0.120 Mpa,0.122 Mpa,0.120 Mpa,0.121 Mpa,0.00694 Mpa,0.127 Mpa,0.127 Mpa,0.129 Mpa,0.125 Mpa,0 Mpa,0.118 Mpa,0.118 Mpa,0.739 Mpa,0.119 Mpa,0 Mpa,1724 RPM
2026-08-28 23:00:00,0.117 Mpa,0.119 Mpa,0.118 Mpa,0.114 Mpa,0.0128 Mpa,0.118 Mpa,0.115 Mpa,0.118 Mpa,1.02 Mpa,0 Mpa,0.117 Mpa,0.113 Mpa,0.116 Mpa,0.113 Mpa,0 Mpa,0.119 Mpa,0.122 Mpa,0.120 Mpa,0.121 Mpa,,0.113 Mpa,0.111 Mpa,0.112 Mpa,1.02 Mpa,0 Mpa,0.111 Mpa,0.111 Mpa,0.110 Mpa,0.112 Mpa,0 Mpa,0.125 Mpa,0.125 Mpa,0.124 Mpa,0.125 Mpa,0.00607 Mpa,0.121 Mpa,0.121 Mpa,0.123 Mpa,0.119 Mpa,0.0364 Mpa,0.130 Mpa,0.135 Mpa,0.133 Mpa,0.134 Mpa,0 Mpa,0.124 Mpa,0.124 Mpa,0.126 Mpa,0.123 Mpa,0.00643 Mpa,0.119 Mpa,0.119 Mpa,0.772 Mpa,0.121 Mpa,0 Mpa,1575 RPM
2026-08-29 01:00:00,0.115 Mpa,0.117 Mpa,0.115 Mpa,0.113 Mpa,0 Mpa,0.117 Mpa,0.114 Mpa,0.117 Mpa,1.01 Mpa,0.0154 Mpa,0.120 Mpa,0.118 Mpa,0.120 Mpa,0.118 Mpa,0 Mpa,0.117 Mpa,0.120 Mpa,0.117 Mpa,0.119 Mpa,,0.116 Mpa,0.114 Mpa,0.115 Mpa,1.01 Mpa,0.00811 Mpa,0.107 Mpa,0.108 Mpa,0.106 Mpa,0.109 Mpa,0 Mpa,0.114 Mpa,0.114 Mpa,0.114 Mpa,0.114 Mpa,0.0112 Mpa,0.123 Mpa,0.123 Mpa,0.126 Mpa,0.121 Mpa,0 Mpa,0.125 Mpa,0.126 Mpa,0.127 Mpa,0.126 Mpa,0 Mpa,0.124 Mpa,0.124 Mpa,0.126 Mpa,0.123 Mpa,0 Mpa,0.122 Mpa,0.122 Mpa,0.776 Mpa,0.122 Mpa,0.0336 Mpa,1580 RPM
2026-08-29 03:00:00,0.119 Mpa,0.121 Mpa,0.120 Mpa,0.117 Mpa,0 Mpa,0.114 Mpa,0.111 Mpa,0.114 Mpa,1.02 Mpa,0 Mpa,0.121 Mpa,0.118 Mpa,0.121 Mpa,0.118 Mpa,0 Mpa,0.122 Mpa,0.125 Mpa,0.122 Mpa,0.123 Mpa,,0.109 Mpa,0.106 Mpa,0.107 Mpa,1.02 Mpa,0 Mpa,0.119 Mpa,0.119 Mpa,0.118 Mpa,0.120 Mpa,0 Mpa,0.121 Mpa,0.118 Mpa,0.121 Mpa,0.121 Mpa,0 Mpa,0.108 Mpa,0.109 Mpa,0.109 Mpa,0.107 Mpa,0 Mpa,0.127 Mpa,0.130 Mpa,0.129 Mpa,0.130 Mpa,0 Mpa,0.123 Mpa,0.122 Mpa,0.124 Mpa,0.122 Mpa,0.00427 Mpa,0.132 Mpa,0.132 Mpa,0.819 Mpa,0.133 Mpa,0 Mpa,1513 RPM
2026-08-29 05:00:00,0.115 Mpa,0.117 Mpa,0.116 Mpa,0.113 Mpa,0 Mpa,0.120 Mpa,0.117 Mpa,0.120 Mpa,1.01 Mpa,0.00834 Mpa,0.123 Mpa,0.120 Mpa,0.122 Mpa,0.120 Mpa,0 Mpa,0.117 Mpa,0.119 Mpa,0.117 Mpa,0.118 Mpa,,0.113 Mpa,0.112 Mpa,0.112 Mpa,1.02 Mpa,0 Mpa,0.119 Mpa,0.120 Mpa,0.118 Mpa,0.121 Mpa,0 Mpa,0.118 Mpa,0.117 Mpa,0.118 Mpa,0.118 Mpa,0.00590 Mpa,0.118 Mpa,0.118 Mpa,0.119 Mpa,0.117 Mpa,0 Mpa,0.125 Mpa,0.128 Mpa,0.127 Mpa,0.127 Mpa,0.00717 Mpa,0.124 Mpa,0.124 Mpa,0.126 Mpa,0.123 Mpa,0.00662 Mpa,0.129 Mpa,0.128 Mpa,0.747 Mpa,0.130 Mpa,0.00739 Mpa,1548 RPM
2026-08-29 07:00:00,0.117 Mpa,0.118 Mpa,0.118 Mpa,0.114 Mpa,0 Mpa,0.120 Mpa,0.117 Mpa,0.119 Mpa,1.02 Mpa,0 Mpa,0.127 Mpa,0.123 Mpa,0.126 Mpa,0.123 Mpa,0 Mpa,0.118 Mpa,0.121 Mpa,0.118 Mpa,0.120 Mpa,,0.110 Mpa,0.109 Mpa,0.109 Mpa,1.02 Mpa,0 Mpa,0.120 Mpa,0.121 Mpa,0.120 Mpa,0.122 Mpa,0 Mpa,0.130 Mpa,0.128 Mpa,0.130 Mpa,0.129 Mpa,0 Mpa,0.131 Mpa,0.133 Mpa,0.135 Mpa,0.131 Mpa,0 Mpa,0.125 Mpa,0.127 Mpa,0.127 Mpa,0.127 Mpa,0 Mpa,0.128 Mpa,0.128 Mpa,0.130 Mpa,0.127 Mpa,0 Mpa,0.127 Mpa,0.127 Mpa,0.654 Mpa,0.128 Mpa,0 Mpa,1769 RPM
2026-08-29 09:00:00,0.123 Mpa,0.125 Mpa,0.124 Mpa,0.120 Mpa,0 Mpa,0.123 Mpa,0.119 Mpa,0.122 Mpa,1.02 Mpa,0 Mpa,0.122 Mpa,0.118 Mpa,0.121 Mpa,0.118 Mpa,0 Mpa,0.119 Mpa,0.121 Mpa,0.119 Mpa,0.120 Mpa,,0.115 Mpa,0.114 Mpa,0.114 Mpa,1.01 Mpa,0.0103 Mpa,0.119 Mpa,0.119 Mpa,0.117 Mpa,0.120 Mpa,0 Mpa,0.130 Mpa,0.116 Mpa,0.129 Mpa,0.128 Mpa,0 Mpa,0.132 Mpa,0.133 Mpa,0.136 Mpa,0.132 Mpa,0 Mpa,0.126 Mpa,0.129 Mpa,0.127 Mpa,0.128 Mpa,0 Mpa,0.125 Mpa,0.125 Mpa,0.127 Mpa,0.124 Mpa,0 Mpa,0.126 Mpa,0.127 Mpa,0.784 Mpa,0.128 Mpa,0 Mpa,1806 RPM
2026-08-29 11:00:00,0.117 Mpa,0.119 Mpa,0.118 Mpa,0.114 Mpa,0 Mpa,0.117 Mpa,0.115 Mpa,0.117 Mpa,1.02 Mpa,0 Mpa,0.123 Mpa,0.120 Mpa,0.123 Mpa,0.120 Mpa,0 Mpa,0.121 Mpa,0.124 Mpa,0.121 Mpa,0.123 Mpa,,0.113 Mpa,0.113 Mpa,0.112 Mpa,1.02 Mpa,0 Mpa,0.121 Mpa,0.121 Mpa,0.120 Mpa,0.122 Mpa,0 Mpa,0.127 Mpa,0.124 Mpa,0.126 Mpa,0.126 Mpa,0.00662 Mpa,0.128 Mpa,0.129 Mpa,0.132 Mpa,0.128 Mpa,0.00796 Mpa,0.123 Mpa,0.127 Mpa,0.125 Mpa,0.126 Mpa,0 Mpa,0.125 Mpa,0.125 Mpa,0.127 Mpa,0.124 Mpa,0 Mpa,0.123 Mpa,0.123 Mpa,0.794 Mpa,0.125 Mpa,0 Mpa,1657 RPM
2026-08-29 13:00:00,0.118 Mpa,0.120 Mpa,0.119 Mpa,0.116 Mpa,0 Mpa,0.116 Mpa,0.113 Mpa,0.116 Mpa,1.00 Mpa,0.0284 Mpa,0.124 Mpa,0.121 Mpa,0.123 Mpa,0.121 Mpa,0 Mpa,0.113 Mpa,0.117 Mpa,0.113 Mpa,0.116 Mpa,,0.111 Mpa,0.109 Mpa,0.110 Mpa,1.02 Mpa,0 Mpa,0.118 Mpa,0.118 Mpa,0.116 Mpa,0.119 Mpa,0.0113 Mpa,0.133 Mpa,0.0836 Mpa,0.132 Mpa,0.130 Mpa,0 Mpa,0.119 Mpa,0.120 Mpa,0.121 Mpa,0.118 Mpa,0 Mpa,0.121 Mpa,0.124 Mpa,0.122 Mpa,0.123 Mpa,0 Mpa,0.119 Mpa,0.119 Mpa,0.121 Mpa,0.118 Mpa,0 Mpa,0.124 Mpa,0.124 Mpa,0.686 Mpa,0.125 Mpa,0 Mpa,1673 RPM
2026-08-29 15:00:00,0.117 Mpa,0.120 Mpa,0.119 Mpa,0.115 Mpa,0.00843 Mpa,0.105 Mpa,0.104 Mpa,0.105 Mpa,1.00 Mpa,0.0224 Mpa,0.119 Mpa,0.115 Mpa,0.118 Mpa,0.115 Mpa,0 Mpa,0.118 Mpa,0.122 Mpa,0.119 Mpa,0.121 Mpa,,0.117 Mpa,0.114 Mpa,0.116 Mpa,1.02 Mpa,0 Mpa,0.118 Mpa,0.117 Mpa,0.116 Mpa,0.118 Mpa,0.00848 Mpa,0.133 Mpa,0.0403 Mpa,0.133 Mpa,0.132 Mpa,0 Mpa,0.124 Mpa,0.126 Mpa,0.127 Mpa,0.124 Mpa,0 Mpa,0.124 Mpa,0.128 Mpa,0.126 Mpa,0.128 Mpa,0 Mpa,0.117 Mpa,0.117 Mpa,0.118 Mpa,0.116 Mpa,0 Mpa,0.124 Mpa,0.124 Mpa,0.704 Mpa,0.125 Mpa,0 Mpa,1622 RPM
2026-08-29 17:00:00,0.113 Mpa,0.116 Mpa,0.114 Mpa,0.111 Mpa,0 Mpa,,,,,,0.117 Mpa,0.115 Mpa,0.117 Mpa,0.115 Mpa,0 Mpa,0.114 Mpa,0.118 Mpa,0.115 Mpa,0.117 Mpa,,0.114 Mpa,0.113 Mpa,0.113 Mpa,1.02 Mpa,0 Mpa,0.117 Mpa,0.117 Mpa,0.116 Mpa,0.118 Mpa,0 Mpa,0.127 Mpa,0.0782 Mpa,0.126 Mpa,0.126 Mpa,0 Mpa,0.121 Mpa,0.123 Mpa,0.124 Mpa,0.121 Mpa,0 Mpa,0.125 Mpa,0.129 Mpa,0.128 Mpa,0.128 Mpa,0.00617 Mpa,0.121 Mpa,0.120 Mpa,0.123 Mpa,0.119 Mpa,0.00641 Mpa,0.121 Mpa,0.121 Mpa,0.805 Mpa,0.123 Mpa,0 Mpa,1611 RPM
2026-08-29 19:00:00,0.122 Mpa,0.125 Mpa,0.123 Mpa,0.120 Mpa,0 Mpa,,,,,,0.122 Mpa,0.118 Mpa,0.122 Mpa,0.119 Mpa,0 Mpa,0.121 Mpa,0.125 Mpa,0.120 Mpa,0.123 Mpa,,0.118 Mpa,0.115 Mpa,0.117 Mpa,1.01 Mpa,0.0145 Mpa,0.113 Mpa,0.112 Mpa,0.111 Mpa,0.113 Mpa,0 Mpa,0.127 Mpa,0.0807 Mpa,0.126 Mpa,0.125 Mpa,0 Mpa,0.124 Mpa,0.126 Mpa,0.128 Mpa,0.124 Mpa,0 Mpa,0.126 Mpa,0.130 Mpa,0.128 Mpa,0.129 Mpa,0 Mpa,0.125 Mpa,0.125 Mpa,0.127 Mpa,0.124 Mpa,0 Mpa,0.128 Mpa,0.128 Mpa,0.832 Mpa,0.130 Mpa,0 Mpa,1727 RPM
2026-08-29 21:00:00,0.115 Mpa,0.117 Mpa,0.116 Mpa,0.113 Mpa,0.00853 Mpa,0.123 Mpa,0.123 Mpa,0.124 Mpa,1.01 Mpa,0.0176 Mpa,0.124 Mpa,0.121 Mpa,0.124 Mpa,0.121 Mpa,0 Mpa,0.124 Mpa,0.128 Mpa,0.124 Mpa,0.126 Mpa,,0.119 Mpa,0.117 Mpa,0.120 Mpa,1.02 Mpa,0 Mpa,0.120 Mpa,0.120 Mpa,0.119 Mpa,0.121 Mpa,0 Mpa,0.127 Mpa,0.0872 Mpa,0.126 Mpa,0.126 Mpa,0 Mpa,0.121 Mpa,0.123 Mpa,0.123 Mpa,0.121 Mpa,0.00707 Mpa,0.120 Mpa,0.122 Mpa,0.121 Mpa,0.122 Mpa,0 Mpa,0.120 Mpa,0.118 Mpa,0.121 Mpa,0.117 Mpa,0 Mpa,0.126 Mpa,0.126 Mpa,0.847 Mpa,0.127 Mpa,0.0182 Mpa,1672 RPM
2026-08-29 23:00:00,0.118 Mpa,0.119 Mpa,0.119 Mpa,0.115 Mpa,0 Mpa,0.125 Mpa,0.124 Mpa,0.125 Mpa,1.02 Mpa,0 Mpa,0.126 Mpa,0.122 Mpa,0.125 Mpa,0.122 Mpa,0 Mpa,0.117 Mpa,0.121 Mpa,0.118 Mpa,0.120 Mpa,,0.114 Mpa,0.113 Mpa,0.113 Mpa,0.984 Mpa,0.0331 Mpa,0.112 Mpa,0.112 Mpa,0.110 Mpa,0.113 Mpa,0 Mpa,0.130 Mpa,0.0742 Mpa,0.128 Mpa,0.129 Mpa,0 Mpa,0.132 Mpa,0.133 Mpa,0.135 Mpa,0.132 Mpa,0 Mpa,0.118 Mpa,0.121 Mpa,0.119 Mpa,0.121 Mpa,0 Mpa,0.121 Mpa,0.120 Mpa,0.123 Mpa,0.119 Mpa,0 Mpa,0.128 Mpa,0.127 Mpa,0.862 Mpa,0.128 Mpa,0 Mpa,1649 RPM
2026-08-30 01:00:00,0.114 Mpa,0.115 Mpa,0.115 Mpa,0.113 Mpa,0 Mpa,0.128 Mpa,0.125 Mpa,0.128 Mpa,1.02 Mpa,0 Mpa,0.116 Mpa,0.113 Mpa,0.116 Mpa,0.113 Mpa,0.0313 Mpa,0.119 Mpa,0.121 Mpa,0.119 Mpa,0.120 Mpa,,0.121 Mpa,0.119 Mpa,0.120 Mpa,1.02 Mpa,0 Mpa,0.116 Mpa,0.116 Mpa,0.115 Mpa,0.117 Mpa,0 Mpa,0.120 Mpa,0.0716 Mpa,0.119 Mpa,0.119 Mpa,0 Mpa,0.120 Mpa,0.122 Mpa,0.123 Mpa,0.121 Mpa,0 Mpa,0.121 Mpa,0.123 Mpa,0.122 Mpa,0.123 Mpa,0 Mpa,0.116 Mpa,0.116 Mpa,0.118 Mpa,0.115 Mpa,0.0110 Mpa,0.123 Mpa,0.123 Mpa,0.837 Mpa,0.124 Mpa,0.0443 Mpa,1571 RPM
2026-08-30 03:00:00,0.109 Mpa,0.112 Mpa,0.109 Mpa,0.108 Mpa,0 Mpa,0.123 Mpa,0.120 Mpa,0.123 Mpa,1.02 Mpa,0 Mpa,0.126 Mpa,0.122 Mpa,0.125 Mpa,0.121 Mpa,0 Mpa,0.121 Mpa,0.123 Mpa,0.121 Mpa,0.122 Mpa,,0.120 Mpa,0.117 Mpa,0.119 Mpa,1.02 Mpa,0 Mpa,0.114 Mpa,0.114 Mpa,0.113 Mpa,0.115 Mpa,0 Mpa,0.131 Mpa,0.121 Mpa,0.130 Mpa,0.129 Mpa,0 Mpa,0.130 Mpa,0.131 Mpa,0.134 Mpa,0.129 Mpa,0 Mpa,0.127 Mpa,0.131 Mpa,0.129 Mpa,0.130 Mpa,0 Mpa,0.119 Mpa,0.117 Mpa,0.120 Mpa,0.117 Mpa,0 Mpa,0.130 Mpa,0.131 Mpa,0.742 Mpa,0.132 Mpa,0 Mpa,1739 RPM
2026-08-30 05:00:00,0.109 Mpa,0.111 Mpa,0.110 Mpa,0.109 Mpa,0 Mpa,0.123 Mpa,0.120 Mpa,0.123 Mpa,1.01 Mpa,0.00570 Mpa,0.122 Mpa,0.119 Mpa,0.122 Mpa,0.119 Mpa,0 Mpa,0.119 Mpa,0.121 Mpa,0.119 Mpa,0.120 Mpa,,0.118 Mpa,0.116 Mpa,0.118 Mpa,1.02 Mpa,0 Mpa,0.118 Mpa,0.119 Mpa,0.116 Mpa,0.120 Mpa,0 Mpa,0.126 Mpa,0.0782 Mpa,0.125 Mpa,0.125 Mpa,0 Mpa,0.122 Mpa,0.124 Mpa,0.125 Mpa,0.122 Mpa,0 Mpa,0.124 Mpa,0.128 Mpa,0.126 Mpa,0.127 Mpa,0 Mpa,0.122 Mpa,0.122 Mpa,0.124 Mpa,0.121 Mpa,0.00713 Mpa,0.123 Mpa,0.124 Mpa,0.884 Mpa,0.125 Mpa,0 Mpa,1659 RPM
2026-08-30 07:00:00,0.120 Mpa,0.123 Mpa,0.121 Mpa,0.119 Mpa,0 Mpa,0.126 Mpa,0.122 Mpa,0.125 Mpa,1.02 Mpa,0 Mpa,0.125 Mpa,0.121 Mpa,0.125 Mpa,0.121 Mpa,0 Mpa,0.117 Mpa,0.120 Mpa,0.117 Mpa,0.119 Mpa,,0.121 Mpa,0.118 Mpa,0.120 Mpa,1.02 Mpa,0 Mpa,0.123 Mpa,0.122 Mpa,0.121 Mpa,0.123 Mpa,0 Mpa,0.130 Mpa,0.0285 Mpa,0.128 Mpa,0.127 Mpa,0 Mpa,0.129 Mpa,0.130 Mpa,0.132 Mpa,0.128 Mpa,0 Mpa,0.125 Mpa,0.129 Mpa,0.127 Mpa,0.129 Mpa,0 Mpa,0.124 Mpa,0.123 Mpa,0.125 Mpa,0.122 Mpa,0 Mpa,0.126 Mpa,0.126 Mpa,0.824 Mpa,0.127 Mpa,0 Mpa,1820 RPM
2026-08-30 09:00:00,0.124 Mpa,0.127 Mpa,0.126 Mpa,0.122 Mpa,0 Mpa,0.121 Mpa,0.117 Mpa,0.120 Mpa,1.02 Mpa,0 Mpa,0.123 Mpa,0.119 Mpa,0.122 Mpa,0.119 Mpa,0 Mpa,0.122 Mpa,0.126 Mpa,0.122 Mpa,0.124 Mpa,,0.119 Mpa,0.117 Mpa,0.119 Mpa,1.02 Mpa,0 Mpa,0.119 Mpa,0.119 Mpa,0.117 Mpa,0.120 Mpa,0 Mpa,0.128 Mpa,0.0765 Mpa,0.128 Mpa,0.126 Mpa,0 Mpa,0.128 Mpa,0.129 Mpa,0.131 Mpa,0.127 Mpa,0 Mpa,0.125 Mpa,0.129 Mpa,0.127 Mpa,0.128 Mpa,0 Mpa,0.121 Mpa,0.121 Mpa,0.122 Mpa,0.120 Mpa,0 Mpa,0.120 Mpa,0.121 Mpa,0.878 Mpa,0.122 Mpa,0 Mpa,1756 RPM
2026-08-30 11:00:00,0.122 Mpa,0.125 Mpa,0.125 Mpa,0.121 Mpa,0 Mpa,0.117 Mpa,0.114 Mpa,0.117 Mpa,1.02 Mpa,0 Mpa,0.110 Mpa,0.107 Mpa,0.110 Mpa,0.107 Mpa,0 Mpa,0.117 Mpa,0.121 Mpa,0.118 Mpa,0.120 Mpa,,0.118 Mpa,0.116 Mpa,0.118 Mpa,1.02 Mpa,0 Mpa,0.119 Mpa,0.119 Mpa,0.118 Mpa,0.120 Mpa,0.0111 Mpa,0.128 Mpa,0.0577 Mpa,0.127 Mpa,0.126 Mpa,0.0230 Mpa,0.128 Mpa,0.130 Mpa,0.132 Mpa,0.128 Mpa,0 Mpa,0.128 Mpa,0.131 Mpa,0.130 Mpa,0.130 Mpa,0 Mpa,0.120 Mpa,0.120 Mpa,0.122 Mpa,0.119 Mpa,0 Mpa,0.122 Mpa,0.123 Mpa,0.793 Mpa,0.124 Mpa,0 Mpa,1685 RPM
2026-08-30 13:00:00,0.126 Mpa,0.128 Mpa,0.128 Mpa,0.123 Mpa,0.0201 Mpa,0.112 Mpa,0.111 Mpa,0.113 Mpa,0.989 Mpa,0.0623 Mpa,0.119 Mpa,0.117 Mpa,0.119 Mpa,0.116 Mpa,0 Mpa,0.118 Mpa,0.120 Mpa,0.118 Mpa,0.119 Mpa,,0.117 Mpa,0.115 Mpa,0.116 Mpa,1.02 Mpa,0 Mpa,0.109 Mpa,0.109 Mpa,0.107 Mpa,0.110 Mpa,0.154 Mpa,0.128 Mpa,0.0648 Mpa,0.128 Mpa,0.128 Mpa,0.00903 Mpa,0.122 Mpa,0.124 Mpa,0.125 Mpa,0.122 Mpa,0 Mpa,0.125 Mpa,0.129 Mpa,0.127 Mpa,0.129 Mpa,0 Mpa,0.115 Mpa,0.115 Mpa,0.117 Mpa,0.114 Mpa,0 Mpa,0.124 Mpa,0.125 Mpa,0.571 Mpa,0.126 Mpa,0 Mpa,1645 RPM
2026-08-30 15:00:00,0.111 Mpa,0.114 Mpa,0.111 Mpa,0.108 Mpa,0.0320 Mpa,,,,,,0.119 Mpa,0.116 Mpa,0.119 Mpa,0.116 Mpa,0 Mpa,0.120 Mpa,0.124 Mpa,0.120 Mpa,0.122 Mpa,,0.117 Mpa,0.115 Mpa,0.116 Mpa,1.02 Mpa,0 Mpa,0.0984 Mpa,0.0999 Mpa,0.0973 Mpa,0.100 Mpa,0 Mpa,0.127 Mpa,0.193 Mpa,0.126 Mpa,0.126 Mpa,0 Mpa,0.119 Mpa,0.120 Mpa,0.121 Mpa,0.119 Mpa,0 Mpa,0.122 Mpa,0.124 Mpa,0.123 Mpa,0.124 Mpa,0 Mpa,0.115 Mpa,0.114 Mpa,0.117 Mpa,0.114 Mpa,0 Mpa,0.125 Mpa,0.125 Mpa,0.854 Mpa,0.126 Mpa,0 Mpa,1616 RPM
2026-08-30 17:00:00,0.111 Mpa,0.113 Mpa,0.111 Mpa,0.108 Mpa,0.00857 Mpa,,,,,,0.121 Mpa,0.118 Mpa,0.121 Mpa,0.117 Mpa,0 Mpa,0.122 Mpa,0.124 Mpa,0.121 Mpa,0.123 Mpa,,0.117 Mpa,0.115 Mpa,0.117 Mpa,1.02 Mpa,0 Mpa,0.120 Mpa,0.120 Mpa,0.119 Mpa,0.121 Mpa,0 Mpa,0.121 Mpa,0.0749 Mpa,0.121 Mpa,0.120 Mpa,0 Mpa,0.119 Mpa,0.120 Mpa,0.121 Mpa,0.118 Mpa,0 Mpa,0.116 Mpa,0.118 Mpa,0.117 Mpa,0.118 Mpa,0.00684 Mpa,0.111 Mpa,0.111 Mpa,0.112 Mpa,0.111 Mpa,0.00602 Mpa,0.125 Mpa,0.125 Mpa,0.676 Mpa,0.126 Mpa,0.00737 Mpa,1604 RPM
2026-08-30 19:00:00,0.119 Mpa,0.121 Mpa,0.120 Mpa,0.116 Mpa,0 Mpa,,,,,,0.120 Mpa,0.118 Mpa,0.120 Mpa,0.118 Mpa,0 Mpa,0.125 Mpa,0.129 Mpa,0.125 Mpa,0.126 Mpa,,0.122 Mpa,0.119 Mpa,0.121 Mpa,1.02 Mpa,0 Mpa,0.114 Mpa,0.113 Mpa,0.112 Mpa,0.114 Mpa,0 Mpa,0.125 Mpa,0.122 Mpa,0.124 Mpa,0.123 Mpa,0 Mpa,0.124 Mpa,0.124 Mpa,0.126 Mpa,0.123 Mpa,0 Mpa,0.120 Mpa,0.123 Mpa,0.122 Mpa,0.124 Mpa,0 Mpa,0.120 Mpa,0.120 Mpa,0.121 Mpa,0.119 Mpa,0 Mpa,0.122 Mpa,0.123 Mpa,0.663 Mpa,0.124 Mpa,0 Mpa,1728 RPM
2026-08-30 21:00:00,0.122 Mpa,0.123 Mpa,0.124 Mpa,0.118 Mpa,0 Mpa,,,,,,0.119 Mpa,0.117 Mpa,0.119 Mpa,0.116 Mpa,0 Mpa,0.119 Mpa,0.120 Mpa,0.119 Mpa,0.119 Mpa,,0.121 Mpa,0.119 Mpa,0.121 Mpa,1.02 Mpa,0 Mpa,0.115 Mpa,0.114 Mpa,0.113 Mpa,0.115 Mpa,0 Mpa,0.126 Mpa,0.122 Mpa,0.125 Mpa,0.124 Mpa,0 Mpa,0.122 Mpa,0.123 Mpa,0.124 Mpa,0.122 Mpa,0 Mpa,0.122 Mpa,0.124 Mpa,0.124 Mpa,0.124 Mpa,0 Mpa,0.123 Mpa,0.123 Mpa,0.125 Mpa,0.122 Mpa,0 Mpa,0.123 Mpa,0.123 Mpa,0.876 Mpa,0.124 Mpa,0 Mpa,1662 RPM
2026-08-30 23:00:00,0.119 Mpa,0.121 Mpa,0.120 Mpa,0.115 Mpa,0 Mpa,0.115 Mpa,0.115 Mpa,0.115 Mpa,1.02 Mpa,0 Mpa,0.125 Mpa,0.121 Mpa,0.125 Mpa,0.121 Mpa,0 Mpa,0.122 Mpa,0.125 Mpa,0.122 Mpa,0.124 Mpa,,0.121 Mpa,0.118 Mpa,0.121 Mpa,1.02 Mpa,0 Mpa,0.106 Mpa,0.107 Mpa,0.105 Mpa,0.107 Mpa,0.00529 Mpa,0.130 Mpa,0.122 Mpa,0.129 Mpa,0.128 Mpa,0 Mpa,0.124 Mpa,0.125 Mpa,0.127 Mpa,0.124 Mpa,0 Mpa,0.123 Mpa,0.126 Mpa,0.125 Mpa,0.126 Mpa,0 Mpa,0.117 Mpa,0.116 Mpa,0.118 Mpa,0.116 Mpa,0 Mpa,0.122 Mpa,0.122 Mpa,0.875 Mpa,0.124 Mpa,0.00602 Mpa,1607 RPM
2026-08-31 01:00:00,0.124 Mpa,0.126 Mpa,0.125 Mpa,0.120 Mpa,0.0236 Mpa,0.118 Mpa,0.118 Mpa,0.119 Mpa,0.985 Mpa,0.00751 Mpa,0.117 Mpa,0.115 Mpa,0.116 Mpa,0.114 Mpa,0.0297 Mpa,0.115 Mpa,0.117 Mpa,0.115 Mpa,0.116 Mpa,,0.112 Mpa,0.111 Mpa,0.111 Mpa,0.999 Mpa,0.00996 Mpa,0.106 Mpa,0.107 Mpa,0.105 Mpa,0.107 Mpa,0 Mpa,0.127 Mpa,0.120 Mpa,0.126 Mpa,0.125 Mpa,0 Mpa,0.130 Mpa,0.131 Mpa,0.132 Mpa,0.129 Mpa,0 Mpa,0.121 Mpa,0.124 Mpa,0.123 Mpa,0.123 Mpa,0 Mpa,0.117 Mpa,0.116 Mpa,0.119 Mpa,0.116 Mpa,0.0133 Mpa,0.126 Mpa,0.125 Mpa,0.880 Mpa,0.127 Mpa,0 Mpa,1491 RPM
2026-08-31 03:00:00,0.116 Mpa,0.117 Mpa,0.117 Mpa,0.113 Mpa,0 Mpa,,,,,,0.116 Mpa,0.113 Mpa,0.116 Mpa,0.113 Mpa,0 Mpa,0.122 Mpa,0.125 Mpa,0.122 Mpa,0.123 Mpa,,0.118 Mpa,0.118 Mpa,0.117 Mpa,1.02 Mpa,0 Mpa,0.118 Mpa,0.118 Mpa,0.117 Mpa,0.119 Mpa,0 Mpa,0.127 Mpa,0.119 Mpa,0.127 Mpa,0.126 Mpa,0 Mpa,0.127 Mpa,0.128 Mpa,0.130 Mpa,0.126 Mpa,0 Mpa,0.121 Mpa,0.123 Mpa,0.122 Mpa,0.123 Mpa,0 Mpa,0.121 Mpa,0.121 Mpa,0.123 Mpa,0.120 Mpa,0 Mpa,0.120 Mpa,0.120 Mpa,0.896 Mpa,0.122 Mpa,0 Mpa,1702 RPM
2026-08-31 05:00:00,0.116 Mpa,0.118 Mpa,0.117 Mpa,0.112 Mpa,0 Mpa,,,,,,0.122 Mpa,0.118 Mpa,0.121 Mpa,0.118 Mpa,0 Mpa,0.119 Mpa,0.123 Mpa,0.119 Mpa,0.121 Mpa,,0.117 Mpa,0.115 Mpa,0.116 Mpa,1.02 Mpa,0 Mpa,0.114 Mpa,0.115 Mpa,0.113 Mpa,0.116 Mpa,0 Mpa,0.125 Mpa,0.123 Mpa,0.124 Mpa,0.124 Mpa,0 Mpa,0.124 Mpa,0.125 Mpa,0.127 Mpa,0.124 Mpa,0 Mpa,0.122 Mpa,0.125 Mpa,0.124 Mpa,0.125 Mpa,0 Mpa,0.123 Mpa,0.123 Mpa,0.124 Mpa,0.122 Mpa,0.00639 Mpa,0.124 Mpa,0.124 Mpa,0.892 Mpa,0.126 Mpa,0 Mpa,1643 RPM
2026-08-31 07:00:00,0.128 Mpa,0.129 Mpa,0.129 Mpa,0.123 Mpa,0 Mpa,,,,,,0.123 Mpa,0.119 Mpa,0.123 Mpa,0.119 Mpa,0 Mpa,0.121 Mpa,0.126 Mpa,0.121 Mpa,0.123 Mpa,,0.119 Mpa,0.117 Mpa,0.118 Mpa,1.02 Mpa,0 Mpa,0.116 Mpa,0.116 Mpa,0.114 Mpa,0.117 Mpa,0 Mpa,0.133 Mpa,0.0909 Mpa,0.132 Mpa,0.130 Mpa,0 Mpa,0.125 Mpa,0.126 Mpa,0.128 Mpa,0.125 Mpa,0 Mpa,0.123 Mpa,0.124 Mpa,0.124 Mpa,0.124 Mpa,0 Mpa,0.119 Mpa,0.118 Mpa,0.120 Mpa,0.118 Mpa,0 Mpa,0.123 Mpa,0.124 Mpa,0.787 Mpa,0.126 Mpa,0 Mpa,1767 RPM
2026-08-31 09:00:00,0.126 Mpa,0.129 Mpa,0.127 Mpa,0.121 Mpa,0 Mpa,0.117 Mpa,0.117 Mpa,0.118 Mpa,0.414 Mpa,0.0423 Mpa,0.124 Mpa,0.120 Mpa,0.124 Mpa,0.120 Mpa,0 Mpa,0.121 Mpa,0.125 Mpa,0.121 Mpa,0.124 Mpa,,0.121 Mpa,0.118 Mpa,0.121 Mpa,1.02 Mpa,0 Mpa,0.116 Mpa,0.117 Mpa,0.115 Mpa,0.118 Mpa,0 Mpa,0.130 Mpa,0.0821 Mpa,0.129 Mpa,0.129 Mpa,0.00615 Mpa,0.128 Mpa,0.129 Mpa,0.132 Mpa,0.128 Mpa,0 Mpa,0.122 Mpa,0.126 Mpa,0.124 Mpa,0.126 Mpa,0 Mpa,0.118 Mpa,0.118 Mpa,0.119 Mpa,0.117 Mpa,0.00183 Mpa,0.124 Mpa,0.125 Mpa,0.705 Mpa,0.127 Mpa,0 Mpa,1721 RPM
2026-08-31 11:00:00,0.117 Mpa,0.120 Mpa,0.119 Mpa,0.113 Mpa,0 Mpa,,,,,,0.120 Mpa,0.117 Mpa,0.120 Mpa,0.118 Mpa,0 Mpa,0.123 Mpa,0.127 Mpa,0.122 Mpa,0.125 Mpa,,0.122 Mpa,0.119 Mpa,0.122 Mpa,1.01 Mpa,0.0123 Mpa,0.122 Mpa,0.122 Mpa,0.121 Mpa,0.123 Mpa,0 Mpa,0.134 Mpa,0.0557 Mpa,0.132 Mpa,0.131 Mpa,0 Mpa,0.127 Mpa,0.128 Mpa,0.131 Mpa,0.127 Mpa,0 Mpa,0.124 Mpa,0.128 Mpa,0.126 Mpa,0.127 Mpa,0 Mpa,0.118 Mpa,0.117 Mpa,0.119 Mpa,0.116 Mpa,0 Mpa,0.120 Mpa,0.120 Mpa,0.868 Mpa,0.122 Mpa,0 Mpa,1732 RPM
2026-08-31 13:00:00,0.128 Mpa,0.130 Mpa,0.130 Mpa,0.124 Mpa,0.00969 Mpa,,,,,,0.121 Mpa,0.119 Mpa,0.120 Mpa,0.118 Mpa,0 Mpa,0.121 Mpa,0.124 Mpa,0.121 Mpa,0.123 Mpa,,0.119 Mpa,0.116 Mpa,0.118 Mpa,1.02 Mpa,0 Mpa,0.120 Mpa,0.120 Mpa,0.118 Mpa,0.121 Mpa,0.00996 Mpa,0.132 Mpa,0.0475 Mpa,0.130 Mpa,0.130 Mpa,0 Mpa,0.127 Mpa,0.129 Mpa,0.131 Mpa,0.127 Mpa,0 Mpa,0.124 Mpa,0.127 Mpa,0.126 Mpa,0.126 Mpa,0 Mpa,0.120 Mpa,0.119 Mpa,0.122 Mpa,0.119 Mpa,0 Mpa,0.123 Mpa,0.124 Mpa,0.759 Mpa,0.126 Mpa,0.00443 Mpa,1671 RPM
2026-08-31 15:00:00,0.124 Mpa,0.127 Mpa,0.126 Mpa,0.120 Mpa,0 Mpa,,,,,,0.124 Mpa,0.120 Mpa,0.124 Mpa,0.120 Mpa,0 Mpa,0.114 Mpa,0.117 Mpa,0.114 Mpa,0.117 Mpa,,0.107 Mpa,0.107 Mpa,0.107 Mpa,1.02 Mpa,0 Mpa,0.119 Mpa,0.120 Mpa,0.119 Mpa,0.121 Mpa,0 Mpa,0.131 Mpa,0.0554 Mpa,0.130 Mpa,0.130 Mpa,0 Mpa,0.125 Mpa,0.126 Mpa,0.128 Mpa,0.124 Mpa,0 Mpa,0.120 Mpa,0.124 Mpa,0.122 Mpa,0.123 Mpa,0 Mpa,0.112 Mpa,0.111 Mpa,0.113 Mpa,0.111 Mpa,0.0234 Mpa,0.120 Mpa,0.121 Mpa,0.862 Mpa,0.123 Mpa,0 Mpa,1655 RPM
2026-08-31 17:00:00,0.118 Mpa,0.120 Mpa,0.118 Mpa,0.113 Mpa,0 Mpa,,,,,,0.118 Mpa,0.114 Mpa,0.117 Mpa,0.114 Mpa,0 Mpa,0.122 Mpa,0.126 Mpa,0.121 Mpa,0.125 Mpa,,0.110 Mpa,0.109 Mpa,0.110 Mpa,1.01 Mpa,0.0238 Mpa,0.121 Mpa,0.121 Mpa,0.119 Mpa,0.122 Mpa,0 Mpa,0.130 Mpa,0.0991 Mpa,0.129 Mpa,0.128 Mpa,0.00561 Mpa,0.127 Mpa,0.128 Mpa,0.130 Mpa,0.126 Mpa,0 Mpa,0.121 Mpa,0.125 Mpa,0.124 Mpa,0.123 Mpa,0 Mpa,0.115 Mpa,0.115 Mpa,0.116 Mpa,0.115 Mpa,0.00636 Mpa,0.122 Mpa,0.123 Mpa,0.823 Mpa,0.125 Mpa,0.0196 Mpa,1606 RPM
2026-08-31 19:00:00,0.129 Mpa,0.131 Mpa,0.130 Mpa,0.124 Mpa,0 Mpa,,,,,,0.119 Mpa,0.116 Mpa,0.119 Mpa,0.115 Mpa,0 Mpa,0.122 Mpa,0.127 Mpa,0.121 Mpa,0.125 Mpa,,0.102 Mpa,0.102 Mpa,0.101 Mpa,0.965 Mpa,0 Mpa,0.126 Mpa,0.125 Mpa,0.124 Mpa,0.126 Mpa,0 Mpa,0.129 Mpa,0.121 Mpa,0.129 Mpa,0.128 Mpa,0 Mpa,0.122 Mpa,0.124 Mpa,0.125 Mpa,0.123 Mpa,0 Mpa,0.126 Mpa,0.129 Mpa,0.127 Mpa,0.129 Mpa,0.00791 Mpa,0.119 Mpa,0.118 Mpa,0.121 Mpa,0.118 Mpa,0 Mpa,0.125 Mpa,0.126 Mpa,0.880 Mpa,0.126 Mpa,0 Mpa,1609 RPM
2026-08-31 21:00:00,0.120 Mpa,0.122 Mpa,0.121 Mpa,0.118 Mpa,0 Mpa,0.103 Mpa,0.103 Mpa,0.104 Mpa,0.258 Mpa,0.164 Mpa,0.116 Mpa,0.114 Mpa,0.117 Mpa,0.114 Mpa,0 Mpa,0.110 Mpa,0.112 Mpa,0.109 Mpa,0.111 Mpa,,0.121 Mpa,0.120 Mpa,0.120 Mpa,1.02 Mpa,0 Mpa,0.121 Mpa,0.120 Mpa,0.120 Mpa,0.121 Mpa,0 Mpa,0.131 Mpa,0.125 Mpa,0.130 Mpa,0.130 Mpa,0 Mpa,0.130 Mpa,0.131 Mpa,0.133 Mpa,0.129 Mpa,0 Mpa,0.122 Mpa,0.126 Mpa,0.124 Mpa,0.125 Mpa,0 Mpa,0.114 Mpa,0.115 Mpa,0.116 Mpa,0.115 Mpa,0 Mpa,0.123 Mpa,0.124 Mpa,0.891 Mpa,0.126 Mpa,0 Mpa,1624 RPM
2026-08-31 23:00:00,0.114 Mpa,0.115 Mpa,0.115 Mpa,0.113 Mpa,0.0406 Mpa,,,,,,0.121 Mpa,0.118 Mpa,0.121 Mpa,0.118 Mpa,0.0133 Mpa,0.1000 Mpa,0.1000 Mpa,0.1000 Mpa,0.1000 Mpa,,0.109 Mpa,0.109 Mpa,0.109 Mpa,0.992 Mpa,0.0173 Mpa,0.100 Mpa,0.100 Mpa,0.0960 Mpa,0.100 Mpa,0.327 Mpa,0.124 Mpa,0.134 Mpa,0.122 Mpa,0.122 Mpa,0.253 Mpa,0.127 Mpa,0.128 Mpa,0.129 Mpa,0.125 Mpa,0.0178 Mpa,0.105 Mpa,0.105 Mpa,0.105 Mpa,0.105 Mpa,0 Mpa,0.114 Mpa,0.113 Mpa,0.115 Mpa,0.113 Mpa,0 Mpa,0.117 Mpa,0.117 Mpa,0.857 Mpa,0.117 Mpa,0.0163 Mpa,1211 RPM
2026-09-01 01:00:00,0.115 Mpa,0.116 Mpa,0.116 Mpa,0.115 Mpa,0 Mpa,,,,,,,,,,,0.1000 Mpa,0.1000 Mpa,0.1000 Mpa,0.1000 Mpa,,,,,,,,,,,,0.113 Mpa,0.112 Mpa,0.113 Mpa,0.113 Mpa,1 Mpa,0.112 Mpa,0.113 Mpa,0.112 Mpa,0.112 Mpa,0.137 Mpa,0.103 Mpa,0.104 Mpa,0.104 Mpa,0.104 Mpa,0 Mpa,0.123 Mpa,0.124 Mpa,0.126 Mpa,0.124 Mpa,0.00659 Mpa,0.114 Mpa,0.115 Mpa,0.885 Mpa,0.115 Mpa,0 Mpa,1130 RPM
2026-09-01 03:00:00,0.112 Mpa,0.114 Mpa,0.112 Mpa,0.112 Mpa,0.00840 Mpa,,,,,,,,,,,0.1000 Mpa,0.1000 Mpa,0.0998 Mpa,0.1000 Mpa,,0.1000 Mpa,0.1000 Mpa,0.1000 Mpa,1.02 Mpa,0 Mpa,,,,,,0.122 Mpa,0.122 Mpa,0.122 Mpa,0.122 Mpa,0.959 Mpa,0.123 Mpa,0.125 Mpa,0.125 Mpa,0.122 Mpa,0.0125 Mpa,0.117 Mpa,0.118 Mpa,0.118 Mpa,0.119 Mpa,0 Mpa,0.119 Mpa,0.119 Mpa,0.121 Mpa,0.119 Mpa,0 Mpa,0.123 Mpa,0.123 Mpa,0.938 Mpa,0.124 Mpa,0.0197 Mpa,1094 RPM
2026-09-01 05:00:00,0.113 Mpa,0.115 Mpa,0.113 Mpa,0.113 Mpa,0.00989 Mpa,,,,,,0.122 Mpa,0.119 Mpa,0.122 Mpa,0.119 Mpa,0 Mpa,0.118 Mpa,0.121 Mpa,0.118 Mpa,0.121 Mpa,,0.104 Mpa,0.104 Mpa,0.104 Mpa,1.02 Mpa,0 Mpa,0.109 Mpa,0.109 Mpa,0.108 Mpa,0.109 Mpa,0 Mpa,,,,,,,,,,,0.133 Mpa,0.135 Mpa,0.134 Mpa,0.134 Mpa,0.00721 Mpa,0.125 Mpa,0.125 Mpa,0.127 Mpa,0.124 Mpa,0.00679 Mpa,0.125 Mpa,0.126 Mpa,0.885 Mpa,0.127 Mpa,0 Mpa,1580 RPM
2026-09-01 07:00:00,0.119 Mpa,0.120 Mpa,0.119 Mpa,0.119 Mpa,0 Mpa,,,,,,0.126 Mpa,0.122 Mpa,0.125 Mpa,0.121 Mpa,0 Mpa,0.132 Mpa,0.136 Mpa,0.132 Mpa,0.136 Mpa,,0.119 Mpa,0.116 Mpa,0.118 Mpa,1.02 Mpa,0 Mpa,0.117 Mpa,0.118 Mpa,0.115 Mpa,0.118 Mpa,0 Mpa,0.117 Mpa,0.117 Mpa,0.116 Mpa,0.117 Mpa,0.0176 Mpa,0.119 Mpa,0.120 Mpa,0.120 Mpa,0.118 Mpa,0 Mpa,0.128 Mpa,0.131 Mpa,0.130 Mpa,0.130 Mpa,0 Mpa,0.125 Mpa,0.125 Mpa,0.127 Mpa,0.124 Mpa,0 Mpa,0.127 Mpa,0.127 Mpa,0.871 Mpa,0.129 Mpa,0.00768 Mpa,1672 RPM
2026-09-01 09:00:00,0.137 Mpa,0.139 Mpa,0.139 Mpa,0.139 Mpa,0 Mpa,,,,,,0.123 Mpa,0.120 Mpa,0.124 Mpa,0.121 Mpa,0 Mpa,0.125 Mpa,0.129 Mpa,0.125 Mpa,0.127 Mpa,,0.117 Mpa,0.115 Mpa,0.116 Mpa,1.02 Mpa,0 Mpa,0.117 Mpa,0.117 Mpa,0.115 Mpa,0.118 Mpa,0.0354 Mpa,0.130 Mpa,0.129 Mpa,0.129 Mpa,0.129 Mpa,0 Mpa,0.128 Mpa,0.129 Mpa,0.131 Mpa,0.128 Mpa,0.00549 Mpa,0.128 Mpa,0.131 Mpa,0.130 Mpa,0.131 Mpa,0 Mpa,0.127 Mpa,0.126 Mpa,0.129 Mpa,0.125 Mpa,0 Mpa,0.127 Mpa,0.128 Mpa,0.862 Mpa,0.129 Mpa,0 Mpa,1719 RPM
2026-09-01 11:00:00,0.134 Mpa,0.137 Mpa,0.136 Mpa,0.135 Mpa,0 Mpa,,,,,,0.120 Mpa,0.118 Mpa,0.120 Mpa,0.118 Mpa,0 Mpa,0.126 Mpa,0.130 Mpa,0.125 Mpa,0.128 Mpa,,0.118 Mpa,0.117 Mpa,0.118 Mpa,1.02 Mpa,0 Mpa,,,,,,0.125 Mpa,0.114 Mpa,0.124 Mpa,0.124 Mpa,0 Mpa,0.127 Mpa,0.128 Mpa,0.130 Mpa,0.127 Mpa,0 Mpa,0.123 Mpa,0.126 Mpa,0.125 Mpa,0.126 Mpa,0 Mpa,0.124 Mpa,0.123 Mpa,0.126 Mpa,0.122 Mpa,0 Mpa,0.126 Mpa,0.127 Mpa,0.832 Mpa,0.129 Mpa,0 Mpa,1691 RPM
2026-09-01 13:00:00,0.130 Mpa,0.133 Mpa,0.132 Mpa,0.132 Mpa,0 Mpa,,,,,,0.123 Mpa,0.120 Mpa,0.122 Mpa,0.120 Mpa,0 Mpa,0.126 Mpa,0.130 Mpa,0.125 Mpa,0.128 Mpa,,0.116 Mpa,0.114 Mpa,0.115 Mpa,1.02 Mpa,0 Mpa,,,,,,0.124 Mpa,0.136 Mpa,0.124 Mpa,0.123 Mpa,0 Mpa,0.132 Mpa,0.133 Mpa,0.137 Mpa,0.132 Mpa,0 Mpa,0.128 Mpa,0.132 Mpa,0.130 Mpa,0.131 Mpa,0 Mpa,0.122 Mpa,0.122 Mpa,0.125 Mpa,0.121 Mpa,0 Mpa,0.125 Mpa,0.125 Mpa,0.796 Mpa,0.127 Mpa,0 Mpa,1726 RPM
2026-09-01 15:00:00,0.121 Mpa,0.123 Mpa,0.122 Mpa,0.121 Mpa,0 Mpa,,,,,,0.118 Mpa,0.115 Mpa,0.118 Mpa,0.115 Mpa,0.0144 Mpa,0.119 Mpa,0.122 Mpa,0.119 Mpa,0.121 Mpa,,0.120 Mpa,0.118 Mpa,0.119 Mpa,1.02 Mpa,0 Mpa,,,,,,0.126 Mpa,0.0746 Mpa,0.126 Mpa,0.125 Mpa,0 Mpa,0.123 Mpa,0.124 Mpa,0.125 Mpa,0.122 Mpa,0 Mpa,0.113 Mpa,0.114 Mpa,0.114 Mpa,0.114 Mpa,0 Mpa,0.113 Mpa,0.112 Mpa,0.115 Mpa,0.112 Mpa,0.00551 Mpa,0.118 Mpa,0.118 Mpa,0.742 Mpa,0.119 Mpa,0 Mpa,1632 RPM
2026-09-01 17:00:00,0.120 Mpa,0.122 Mpa,0.121 Mpa,0.120 Mpa,0 Mpa,,,,,,0.126 Mpa,0.123 Mpa,0.126 Mpa,0.122 Mpa,0 Mpa,0.115 Mpa,0.118 Mpa,0.115 Mpa,0.117 Mpa,,0.117 Mpa,0.115 Mpa,0.116 Mpa,1.02 Mpa,0 Mpa,,,,,,0.126 Mpa,0.0902 Mpa,0.125 Mpa,0.124 Mpa,0.0348 Mpa,0.114 Mpa,0.115 Mpa,0.116 Mpa,0.114 Mpa,0.0215 Mpa,0.109 Mpa,0.110 Mpa,0.108 Mpa,0.110 Mpa,0.00649 Mpa,0.100 Mpa,0.100 Mpa,0.104 Mpa,0.100 Mpa,0 Mpa,0.105 Mpa,0.105 Mpa,0.859 Mpa,0.105 Mpa,0.0379 Mpa,1362 RPM
2026-09-01 19:00:00,0.104 Mpa,0.106 Mpa,0.104 Mpa,0.102 Mpa,0 Mpa,,,,,,0.123 Mpa,0.120 Mpa,0.123 Mpa,0.120 Mpa,0 Mpa,0.106 Mpa,0.108 Mpa,0.107 Mpa,0.108 Mpa,,0.113 Mpa,0.111 Mpa,0.112 Mpa,1.02 Mpa,0 Mpa,,,,,,,,,,,0.101 Mpa,0.104 Mpa,0.101 Mpa,0.104 Mpa,0 Mpa,0.108 Mpa,0.109 Mpa,0.108 Mpa,0.112 Mpa,0 Mpa,,,,,,,,,,,1179 RPM
2026-09-01 21:00:00,0.110 Mpa,0.111 Mpa,0.110 Mpa,0.108 Mpa,0.0403 Mpa,,,,,,0.118 Mpa,0.114 Mpa,0.117 Mpa,0.114 Mpa,0.0160 Mpa,0.101 Mpa,0.103 Mpa,0.101 Mpa,0.103 Mpa,,0.106 Mpa,0.103 Mpa,0.103 Mpa,1.02 Mpa,0 Mpa,,,,,,,,,,,0.103 Mpa,0.104 Mpa,0.103 Mpa,0.103 Mpa,0 Mpa,0.108 Mpa,0.108 Mpa,0.108 Mpa,0.112 Mpa,0 Mpa,,,,,,0.122 Mpa,0.121 Mpa,0.940 Mpa,0.122 Mpa,0.0108 Mpa,713 RPM
2026-09-01 23:00:00,0.128 Mpa,0.130 Mpa,0.129 Mpa,0.128 Mpa,0 Mpa,,,,,,0.105 Mpa,0.104 Mpa,0.105 Mpa,0.104 Mpa,0.143 Mpa,0.108 Mpa,0.109 Mpa,0.108 Mpa,0.109 Mpa,,0.114 Mpa,0.113 Mpa,0.113 Mpa,1.02 Mpa,0 Mpa,,,,,,,,,,,0.130 Mpa,0.131 Mpa,0.133 Mpa,0.130 Mpa,0 Mpa,0.110 Mpa,0.110 Mpa,0.110 Mpa,0.111 Mpa,0 Mpa,,,,,,0.120 Mpa,0.119 Mpa,0.864 Mpa,0.120 Mpa,0 Mpa,1085 RPM
2026-09-02 01:00:00,0.132 Mpa,0.134 Mpa,0.134 Mpa,0.133 Mpa,0 Mpa,,,,,,0.118 Mpa,0.117 Mpa,0.119 Mpa,0.116 Mpa,0 Mpa,0.124 Mpa,0.128 Mpa,0.125 Mpa,0.127 Mpa,,0.115 Mpa,0.113 Mpa,0.113 Mpa,1.02 Mpa,0 Mpa,,,,,,,,,,,0.129 Mpa,0.131 Mpa,0.132 Mpa,0.129 Mpa,0 Mpa,0.138 Mpa,0.140 Mpa,0.139 Mpa,0.140 Mpa,0 Mpa,0.121 Mpa,0.120 Mpa,0.122 Mpa,0.120 Mpa,0 Mpa,0.126 Mpa,0.126 Mpa,0.957 Mpa,0.127 Mpa,0.00600 Mpa,1612 RPM
2026-09-02 03:00:00,0.131 Mpa,0.133 Mpa,0.132 Mpa,0.131 Mpa,0 Mpa,,,,,,0.121 Mpa,0.118 Mpa,0.121 Mpa,0.118 Mpa,0 Mpa,0.118 Mpa,0.122 Mpa,0.119 Mpa,0.120 Mpa,,0.121 Mpa,0.120 Mpa,0.121 Mpa,1.02 Mpa,0 Mpa,,,,,,,,,,,0.114 Mpa,0.114 Mpa,0.115 Mpa,0.113 Mpa,0.0719 Mpa,0.121 Mpa,0.122 Mpa,0.121 Mpa,0.123 Mpa,0 Mpa,0.118 Mpa,0.117 Mpa,0.119 Mpa,0.117 Mpa,0.0375 Mpa,0.124 Mpa,0.124 Mpa,0.926 Mpa,0.125 Mpa,0 Mpa,1572 RPM
2026-09-02 05:00:00,0.125 Mpa,0.126 Mpa,0.126 Mpa,0.124 Mpa,0 Mpa,,,,,,0.116 Mpa,0.114 Mpa,0.117 Mpa,0.114 Mpa,0 Mpa,0.121 Mpa,0.124 Mpa,0.121 Mpa,0.123 Mpa,,0.118 Mpa,0.116 Mpa,0.118 Mpa,1.02 Mpa,0 Mpa,0.105 Mpa,0.106 Mpa,0.103 Mpa,0.106 Mpa,0.181 Mpa,,,,,,0.125 Mpa,0.125 Mpa,0.127 Mpa,0.124 Mpa,0 Mpa,0.115 Mpa,0.116 Mpa,0.116 Mpa,0.117 Mpa,0.00884 Mpa,0.122 Mpa,0.122 Mpa,0.124 Mpa,0.122 Mpa,0.00647 Mpa,0.126 Mpa,0.127 Mpa,0.882 Mpa,0.128 Mpa,0 Mpa,1584 RPM
2026-09-02 07:00:00,0.124 Mpa,0.126 Mpa,0.125 Mpa,0.124 Mpa,0 Mpa,,,,,,0.121 Mpa,0.119 Mpa,0.121 Mpa,0.118 Mpa,0 Mpa,0.121 Mpa,0.124 Mpa,0.121 Mpa,0.123 Mpa,,0.118 Mpa,0.116 Mpa,0.117 Mpa,1.02 Mpa,0 Mpa,,,,,,,,,,,0.123 Mpa,0.124 Mpa,0.126 Mpa,0.122 Mpa,0 Mpa,0.125 Mpa,0.127 Mpa,0.126 Mpa,0.127 Mpa,0 Mpa,0.129 Mpa,0.127 Mpa,0.130 Mpa,0.127 Mpa,0 Mpa,0.125 Mpa,0.125 Mpa,0.892 Mpa,0.126 Mpa,0 Mpa,1718 RPM
2026-09-02 09:00:00,0.128 Mpa,0.130 Mpa,0.129 Mpa,0.128 Mpa,0 Mpa,,,,,,0.122 Mpa,0.118 Mpa,0.121 Mpa,0.118 Mpa,0 Mpa,0.122 Mpa,0.124 Mpa,0.122 Mpa,0.124 Mpa,,0.118 Mpa,0.116 Mpa,0.117 Mpa,1.02 Mpa,0 Mpa,0.115 Mpa,0.116 Mpa,0.114 Mpa,0.117 Mpa,0.476 Mpa,,,,,,0.124 Mpa,0.125 Mpa,0.127 Mpa,0.123 Mpa,0 Mpa,0.133 Mpa,0.136 Mpa,0.135 Mpa,0.135 Mpa,0 Mpa,0.131 Mpa,0.130 Mpa,0.132 Mpa,0.129 Mpa,0 Mpa,0.116 Mpa,0.116 Mpa,0.919 Mpa,0.117 Mpa,0 Mpa,1763 RPM
2026-09-02 11:00:00,0.128 Mpa,0.130 Mpa,0.129 Mpa,0.127 Mpa,0.0169 Mpa,,,,,,0.122 Mpa,0.120 Mpa,0.123 Mpa,0.120 Mpa,0 Mpa,0.121 Mpa,0.125 Mpa,0.121 Mpa,0.123 Mpa,,0.116 Mpa,0.114 Mpa,0.115 Mpa,1.02 Mpa,0 Mpa,0.115 Mpa,0.115 Mpa,0.113 Mpa,0.115 Mpa,0.0181 Mpa,0.117 Mpa,0.104 Mpa,0.117 Mpa,0.117 Mpa,0 Mpa,0.123 Mpa,0.124 Mpa,0.126 Mpa,0.122 Mpa,0 Mpa,0.132 Mpa,0.135 Mpa,0.135 Mpa,0.135 Mpa,0 Mpa,0.127 Mpa,0.125 Mpa,0.129 Mpa,0.124 Mpa,0 Mpa,0.124 Mpa,0.125 Mpa,0.867 Mpa,0.126 Mpa,0 Mpa,1693 RPM
2026-09-02 13:00:00,0.129 Mpa,0.131 Mpa,0.130 Mpa,0.129 Mpa,0 Mpa,,,,,,0.118 Mpa,0.117 Mpa,0.119 Mpa,0.118 Mpa,0 Mpa,0.119 Mpa,0.122 Mpa,0.119 Mpa,0.121 Mpa,,0.119 Mpa,0.117 Mpa,0.119 Mpa,1.02 Mpa,0 Mpa,0.119 Mpa,0.119 Mpa,0.117 Mpa,0.119 Mpa,0 Mpa,0.124 Mpa,0.0307 Mpa,0.124 Mpa,0.124 Mpa,0 Mpa,0.122 Mpa,0.123 Mpa,0.125 Mpa,0.121 Mpa,0.00999 Mpa,0.132 Mpa,0.136 Mpa,0.134 Mpa,0.136 Mpa,0 Mpa,0.126 Mpa,0.125 Mpa,0.129 Mpa,0.125 Mpa,0 Mpa,0.120 Mpa,0.120 Mpa,0.942 Mpa,0.121 Mpa,0 Mpa,1709 RPM
2026-09-02 15:00:00,0.140 Mpa,0.142 Mpa,0.140 Mpa,0.140 Mpa,0 Mpa,0.112 Mpa,0.112 Mpa,0.112 Mpa,0.112 Mpa,0 Mpa,0.124 Mpa,0.120 Mpa,0.124 Mpa,0.121 Mpa,0 Mpa,0.123 Mpa,0.127 Mpa,0.123 Mpa,0.126 Mpa,,0.119 Mpa,0.117 Mpa,0.118 Mpa,1.02 Mpa,0 Mpa,0.121 Mpa,0.121 Mpa,0.120 Mpa,0.122 Mpa,0 Mpa,0.125 Mpa,0.306 Mpa,0.125 Mpa,0.124 Mpa,0 Mpa,0.123 Mpa,0.125 Mpa,0.127 Mpa,0.123 Mpa,0 Mpa,0.125 Mpa,0.128 Mpa,0.127 Mpa,0.128 Mpa,0 Mpa,0.127 Mpa,0.126 Mpa,0.128 Mpa,0.125 Mpa,0 Mpa,0.130 Mpa,0.129 Mpa,0.863 Mpa,0.131 Mpa,0 Mpa,1750 RPM
2026-09-02 17:00:00,0.114 Mpa,0.116 Mpa,0.115 Mpa,0.114 Mpa,0 Mpa,0.104 Mpa,0.105 Mpa,0.105 Mpa,0.105 Mpa,0.298 Mpa,0.115 Mpa,0.111 Mpa,0.115 Mpa,0.111 Mpa,0 Mpa,0.114 Mpa,0.117 Mpa,0.114 Mpa,0.116 Mpa,,0.117 Mpa,0.115 Mpa,0.116 Mpa,1.02 Mpa,0 Mpa,0.114 Mpa,0.114 Mpa,0.113 Mpa,0.114 Mpa,0 Mpa,0.124 Mpa,0.382 Mpa,0.123 Mpa,0.123 Mpa,0 Mpa,0.124 Mpa,0.126 Mpa,0.127 Mpa,0.124 Mpa,0.0141 Mpa,0.126 Mpa,0.128 Mpa,0.127 Mpa,0.128 Mpa,0 Mpa,0.120 Mpa,0.120 Mpa,0.121 Mpa,0.119 Mpa,0.00613 Mpa,0.125 Mpa,0.124 Mpa,0.885 Mpa,0.125 Mpa,0.00658 Mpa,1562 RPM
2026-09-02 19:00:00,0.110 Mpa,0.112 Mpa,0.110 Mpa,0.109 Mpa,0 Mpa,,,,,,0.119 Mpa,0.116 Mpa,0.119 Mpa,0.116 Mpa,0 Mpa,0.120 Mpa,0.123 Mpa,0.120 Mpa,0.122 Mpa,,0.118 Mpa,0.116 Mpa,0.117 Mpa,1.02 Mpa,0 Mpa,0.115 Mpa,0.115 Mpa,0.114 Mpa,0.116 Mpa,0 Mpa,0.129 Mpa,0.234 Mpa,0.128 Mpa,0.127 Mpa,0 Mpa,,,,,,0.122 Mpa,0.125 Mpa,0.124 Mpa,0.124 Mpa,0 Mpa,0.124 Mpa,0.123 Mpa,0.125 Mpa,0.122 Mpa,0 Mpa,0.126 Mpa,0.126 Mpa,0.839 Mpa,0.127 Mpa,0 Mpa,1710 RPM
2026-09-02 21:00:00,0.130 Mpa,0.132 Mpa,0.131 Mpa,0.130 Mpa,0 Mpa,,,,,,0.120 Mpa,0.118 Mpa,0.119 Mpa,0.117 Mpa,0 Mpa,0.120 Mpa,0.125 Mpa,0.120 Mpa,0.123 Mpa,,0.116 Mpa,0.114 Mpa,0.116 Mpa,1.02 Mpa,0 Mpa,0.118 Mpa,0.118 Mpa,0.116 Mpa,0.119 Mpa,0 Mpa,0.126 Mpa,0.521 Mpa,0.125 Mpa,0.125 Mpa,0 Mpa,,,,,,0.124 Mpa,0.127 Mpa,0.126 Mpa,0.127 Mpa,0 Mpa,0.121 Mpa,0.120 Mpa,0.123 Mpa,0.119 Mpa,0 Mpa,0.120 Mpa,0.120 Mpa,0.873 Mpa,0.122 Mpa,0 Mpa,1771 RPM
2026-09-02 23:00:00,0.128 Mpa,0.129 Mpa,0.129 Mpa,0.128 Mpa,0.00222 Mpa,0.106 Mpa,0.106 Mpa,0.106 Mpa,0.106 Mpa,0.0223 Mpa,0.122 Mpa,0.119 Mpa,0.122 Mpa,0.119 Mpa,0.0140 Mpa,0.123 Mpa,0.127 Mpa,0.122 Mpa,0.126 Mpa,,0.115 Mpa,0.114 Mpa,0.115 Mpa,1.01 Mpa,0.00833 Mpa,0.116 Mpa,0.116 Mpa,0.114 Mpa,0.116 Mpa,0 Mpa,0.129 Mpa,0.195 Mpa,0.128 Mpa,0.128 Mpa,0 Mpa,0.118 Mpa,0.119 Mpa,0.119 Mpa,0.117 Mpa,0 Mpa,0.121 Mpa,0.125 Mpa,0.123 Mpa,0.124 Mpa,0 Mpa,0.119 Mpa,0.118 Mpa,0.121 Mpa,0.117 Mpa,0.00992 Mpa,0.121 Mpa,0.121 Mpa,0.876 Mpa,0.122 Mpa,0 Mpa,1719 RPM
2026-09-03 01:00:00,0.123 Mpa,0.125 Mpa,0.124 Mpa,0.123 Mpa,0.00780 Mpa,0.104 Mpa,0.104 Mpa,0.104 Mpa,0.104 Mpa,0.0174 Mpa,0.119 Mpa,0.117 Mpa,0.119 Mpa,0.116 Mpa,0.0177 Mpa,0.119 Mpa,0.122 Mpa,0.118 Mpa,0.121 Mpa,,0.120 Mpa,0.118 Mpa,0.119 Mpa,1.00 Mpa,0 Mpa,0.118 Mpa,0.118 Mpa,0.117 Mpa,0.119 Mpa,0.0114 Mpa,0.125 Mpa,0.359 Mpa,0.125 Mpa,0.124 Mpa,0 Mpa,0.124 Mpa,0.125 Mpa,0.127 Mpa,0.123 Mpa,0 Mpa,0.123 Mpa,0.124 Mpa,0.125 Mpa,0.125 Mpa,0 Mpa,0.121 Mpa,0.120 Mpa,0.122 Mpa,0.120 Mpa,0 Mpa,0.120 Mpa,0.121 Mpa,0.905 Mpa,0.122 Mpa,0.0143 Mpa,1690 RPM
2026-09-03 03:00:00,0.125 Mpa,0.127 Mpa,0.127 Mpa,0.126 Mpa,0 Mpa,0.115 Mpa,0.114 Mpa,0.115 Mpa,0.114 Mpa,0 Mpa,0.124 Mpa,0.121 Mpa,0.125 Mpa,0.120 Mpa,0 Mpa,0.112 Mpa,0.116 Mpa,0.112 Mpa,0.115 Mpa,,0.121 Mpa,0.120 Mpa,0.120 Mpa,1.02 Mpa,0 Mpa,0.119 Mpa,0.120 Mpa,0.118 Mpa,0.121 Mpa,0 Mpa,0.128 Mpa,0.197 Mpa,0.127 Mpa,0.127 Mpa,0 Mpa,0.128 Mpa,0.129 Mpa,0.131 Mpa,0.127 Mpa,0 Mpa,0.118 Mpa,0.121 Mpa,0.120 Mpa,0.121 Mpa,0 Mpa,0.125 Mpa,0.124 Mpa,0.127 Mpa,0.123 Mpa,0 Mpa,0.119 Mpa,0.118 Mpa,0.930 Mpa,0.119 Mpa,0 Mpa,1713 RPM
2026-09-03 05:00:00,0.125 Mpa,0.126 Mpa,0.126 Mpa,0.125 Mpa,0 Mpa,0.110 Mpa,0.109 Mpa,0.110 Mpa,0.110 Mpa,0.00707 Mpa,0.122 Mpa,0.119 Mpa,0.122 Mpa,0.118 Mpa,0 Mpa,0.126 Mpa,0.129 Mpa,0.126 Mpa,0.128 Mpa,,0.118 Mpa,0.117 Mpa,0.118 Mpa,1.02 Mpa,0 Mpa,0.115 Mpa,0.115 Mpa,0.114 Mpa,0.116 Mpa,0 Mpa,0.122 Mpa,0.109 Mpa,0.122 Mpa,0.121 Mpa,0 Mpa,0.121 Mpa,0.122 Mpa,0.123 Mpa,0.120 Mpa,0 Mpa,0.119 Mpa,0.122 Mpa,0.120 Mpa,0.121 Mpa,0.00729 Mpa,0.126 Mpa,0.125 Mpa,0.127 Mpa,0.124 Mpa,0.00614 Mpa,0.118 Mpa,0.118 Mpa,0.915 Mpa,0.120 Mpa,0 Mpa,1582 RPM
2026-09-03 07:00:00,0.119 Mpa,0.122 Mpa,0.120 Mpa,0.120 Mpa,0 Mpa,0.116 Mpa,0.115 Mpa,0.117 Mpa,0.116 Mpa,0.00784 Mpa,0.117 Mpa,0.113 Mpa,0.117 Mpa,0.113 Mpa,0 Mpa,0.126 Mpa,0.130 Mpa,0.126 Mpa,0.128 Mpa,,0.121 Mpa,0.118 Mpa,0.120 Mpa,1.02 Mpa,0 Mpa,0.120 Mpa,0.120 Mpa,0.119 Mpa,0.120 Mpa,0 Mpa,0.121 Mpa,0.111 Mpa,0.120 Mpa,0.120 Mpa,0 Mpa,0.128 Mpa,0.129 Mpa,0.133 Mpa,0.128 Mpa,0 Mpa,0.117 Mpa,0.118 Mpa,0.118 Mpa,0.118 Mpa,0 Mpa,0.128 Mpa,0.126 Mpa,0.129 Mpa,0.125 Mpa,0.0181 Mpa,0.118 Mpa,0.118 Mpa,0.939 Mpa,0.119 Mpa,0 Mpa,1635 RPM
2026-09-03 09:00:00,0.127 Mpa,0.129 Mpa,0.128 Mpa,0.127 Mpa,0 Mpa,0.119 Mpa,0.115 Mpa,0.119 Mpa,0.118 Mpa,0 Mpa,0.117 Mpa,0.113 Mpa,0.117 Mpa,0.113 Mpa,0 Mpa,0.123 Mpa,0.127 Mpa,0.123 Mpa,0.126 Mpa,,0.123 Mpa,0.121 Mpa,0.123 Mpa,1.02 Mpa,0 Mpa,0.122 Mpa,0.121 Mpa,0.121 Mpa,0.122 Mpa,0 Mpa,0.126 Mpa,0.133 Mpa,0.126 Mpa,0.125 Mpa,0 Mpa,0.128 Mpa,0.129 Mpa,0.132 Mpa,0.127 Mpa,0 Mpa,0.130 Mpa,0.132 Mpa,0.132 Mpa,0.132 Mpa,0 Mpa,0.127 Mpa,0.125 Mpa,0.129 Mpa,0.124 Mpa,0 Mpa,0.125 Mpa,0.126 Mpa,0.891 Mpa,0.127 Mpa,0 Mpa,1757 RPM
2026-09-03 11:00:00,0.119 Mpa,0.122 Mpa,0.121 Mpa,0.120 Mpa,0.0110 Mpa,0.118 Mpa,0.116 Mpa,0.118 Mpa,0.118 Mpa,0 Mpa,0.121 Mpa,0.118 Mpa,0.122 Mpa,0.119 Mpa,0 Mpa,0.124 Mpa,0.128 Mpa,0.124 Mpa,0.127 Mpa,,0.121 Mpa,0.119 Mpa,0.121 Mpa,1.02 Mpa,0 Mpa,0.124 Mpa,0.123 Mpa,0.122 Mpa,0.124 Mpa,0.00983 Mpa,0.124 Mpa,0.180 Mpa,0.123 Mpa,0.122 Mpa,0.0176 Mpa,0.126 Mpa,0.127 Mpa,0.131 Mpa,0.126 Mpa,0.00755 Mpa,0.129 Mpa,0.133 Mpa,0.132 Mpa,0.133 Mpa,0 Mpa,0.125 Mpa,0.122 Mpa,0.127 Mpa,0.121 Mpa,0.00741 Mpa,0.125 Mpa,0.125 Mpa,0.901 Mpa,0.127 Mpa,0 Mpa,1743 RPM
2026-09-03 13:00:00,0.120 Mpa,0.122 Mpa,0.121 Mpa,0.121 Mpa,0 Mpa,0.117 Mpa,0.115 Mpa,0.117 Mpa,0.117 Mpa,0 Mpa,0.122 Mpa,0.118 Mpa,0.122 Mpa,0.118 Mpa,0 Mpa,0.122 Mpa,0.124 Mpa,0.122 Mpa,0.123 Mpa,,0.119 Mpa,0.117 Mpa,0.118 Mpa,1.02 Mpa,0 Mpa,0.122 Mpa,0.122 Mpa,0.120 Mpa,0.123 Mpa,0 Mpa,0.126 Mpa,0.163 Mpa,0.125 Mpa,0.124 Mpa,0 Mpa,0.120 Mpa,0.122 Mpa,0.124 Mpa,0.120 Mpa,0 Mpa,0.124 Mpa,0.127 Mpa,0.125 Mpa,0.127 Mpa,0 Mpa,0.120 Mpa,0.119 Mpa,0.122 Mpa,0.119 Mpa,0 Mpa,0.127 Mpa,0.127 Mpa,0.896 Mpa,0.128 Mpa,0 Mpa,1670 RPM
2026-09-03 15:00:00,0.120 Mpa,0.123 Mpa,0.122 Mpa,0.121 Mpa,0 Mpa,0.119 Mpa,0.116 Mpa,0.119 Mpa,0.118 Mpa,0 Mpa,0.121 Mpa,0.118 Mpa,0.122 Mpa,0.118 Mpa,0 Mpa,0.119 Mpa,0.123 Mpa,0.119 Mpa,0.121 Mpa,,0.118 Mpa,0.115 Mpa,0.118 Mpa,1.02 Mpa,0 Mpa,0.125 Mpa,0.126 Mpa,0.123 Mpa,0.126 Mpa,0 Mpa,0.126 Mpa,0.0831 Mpa,0.126 Mpa,0.125 Mpa,0 Mpa,0.129 Mpa,0.130 Mpa,0.133 Mpa,0.129 Mpa,0 Mpa,0.109 Mpa,0.110 Mpa,0.109 Mpa,0.111 Mpa,0.0822 Mpa,0.123 Mpa,0.121 Mpa,0.125 Mpa,0.121 Mpa,0 Mpa,0.121 Mpa,0.122 Mpa,0.930 Mpa,0.123 Mpa,0 Mpa,1714 RPM
2026-09-03 17:00:00,0.123 Mpa,0.125 Mpa,0.124 Mpa,0.123 Mpa,0 Mpa,0.119 Mpa,0.116 Mpa,0.119 Mpa,0.118 Mpa,0 Mpa,0.119 Mpa,0.116 Mpa,0.119 Mpa,0.115 Mpa,0 Mpa,0.115 Mpa,0.118 Mpa,0.116 Mpa,0.118 Mpa,,0.110 Mpa,0.109 Mpa,0.109 Mpa,1.01 Mpa,0.0139 Mpa,0.112 Mpa,0.112 Mpa,0.111 Mpa,0.113 Mpa,0 Mpa,0.125 Mpa,0.104 Mpa,0.125 Mpa,0.124 Mpa,0 Mpa,0.128 Mpa,0.129 Mpa,0.132 Mpa,0.128 Mpa,0 Mpa,,,,,,0.120 Mpa,0.120 Mpa,0.122 Mpa,0.120 Mpa,0.00748 Mpa,0.117 Mpa,0.117 Mpa,0.925 Mpa,0.118 Mpa,0.00591 Mpa,1654 RPM
2026-09-03 19:00:00,0.120 Mpa,0.122 Mpa,0.122 Mpa,0.120 Mpa,0 Mpa,0.119 Mpa,0.117 Mpa,0.119 Mpa,0.119 Mpa,0.00284 Mpa,0.124 Mpa,0.120 Mpa,0.124 Mpa,0.120 Mpa,0 Mpa,0.124 Mpa,0.128 Mpa,0.124 Mpa,0.127 Mpa,,0.124 Mpa,0.122 Mpa,0.123 Mpa,1.01 Mpa,0.00848 Mpa,0.120 Mpa,0.120 Mpa,0.119 Mpa,0.121 Mpa,0 Mpa,0.132 Mpa,0.412 Mpa,0.131 Mpa,0.131 Mpa,0 Mpa,0.129 Mpa,0.130 Mpa,0.133 Mpa,0.128 Mpa,0 Mpa,,,,,,0.119 Mpa,0.118 Mpa,0.121 Mpa,0.118 Mpa,0 Mpa,0.121 Mpa,0.121 Mpa,0.888 Mpa,0.123 Mpa,0 Mpa,1735 RPM
2026-09-03 21:00:00,0.124 Mpa,0.126 Mpa,0.125 Mpa,0.124 Mpa,0 Mpa,0.120 Mpa,0.116 Mpa,0.120 Mpa,0.119 Mpa,0 Mpa,0.122 Mpa,0.118 Mpa,0.121 Mpa,0.118 Mpa,0 Mpa,0.118 Mpa,0.121 Mpa,0.118 Mpa,0.120 Mpa,,0.128 Mpa,0.125 Mpa,0.127 Mpa,1.02 Mpa,0 Mpa,0.117 Mpa,0.118 Mpa,0.116 Mpa,0.118 Mpa,0 Mpa,0.131 Mpa,0.375 Mpa,0.130 Mpa,0.129 Mpa,0 Mpa,0.131 Mpa,0.132 Mpa,0.135 Mpa,0.130 Mpa,0 Mpa,,,,,,0.118 Mpa,0.117 Mpa,0.120 Mpa,0.116 Mpa,0 Mpa,0.119 Mpa,0.119 Mpa,0.887 Mpa,0.121 Mpa,0 Mpa,1778 RPM
2026-09-03 23:00:00,0.119 Mpa,0.122 Mpa,0.120 Mpa,0.121 Mpa,0 Mpa,0.116 Mpa,0.114 Mpa,0.116 Mpa,0.116 Mpa,0 Mpa,0.123 Mpa,0.120 Mpa,0.123 Mpa,0.120 Mpa,0.0144 Mpa,0.124 Mpa,0.128 Mpa,0.124 Mpa,0.126 Mpa,,0.122 Mpa,0.120 Mpa,0.122 Mpa,1.02 Mpa,0 Mpa,0.117 Mpa,0.117 Mpa,0.116 Mpa,0.118 Mpa,0 Mpa,0.127 Mpa,0.413 Mpa,0.126 Mpa,0.127 Mpa,0 Mpa,0.120 Mpa,0.122 Mpa,0.123 Mpa,0.120 Mpa,0.0108 Mpa,0.107 Mpa,0.108 Mpa,0.107 Mpa,0.108 Mpa,0.629 Mpa,0.118 Mpa,0.117 Mpa,0.119 Mpa,0.117 Mpa,0.0227 Mpa,0.122 Mpa,0.121 Mpa,0.890 Mpa,0.122 Mpa,0 Mpa,1697 RPM
2026-09-04 01:00:00,0.118 Mpa,0.120 Mpa,0.119 Mpa,0.118 Mpa,0 Mpa,0.116 Mpa,0.114 Mpa,0.117 Mpa,0.117 Mpa,0.0309 Mpa,0.120 Mpa,0.117 Mpa,0.120 Mpa,0.117 Mpa,0.00998 Mpa,0.119 Mpa,0.122 Mpa,0.119 Mpa,0.121 Mpa,,0.120 Mpa,0.118 Mpa,0.119 Mpa,1.02 Mpa,0 Mpa,0.121 Mpa,0.120 Mpa,0.119 Mpa,0.121 Mpa,0 Mpa,0.132 Mpa,0.365 Mpa,0.131 Mpa,0.130 Mpa,0 Mpa,0.124 Mpa,0.125 Mpa,0.127 Mpa,0.123 Mpa,0 Mpa,0.102 Mpa,0.103 Mpa,0.101 Mpa,0.103 Mpa,0.221 Mpa,0.118 Mpa,0.117 Mpa,0.119 Mpa,0.116 Mpa,0 Mpa,0.119 Mpa,0.119 Mpa,0.938 Mpa,0.120 Mpa,0 Mpa,1696 RPM
2026-09-04 03:00:00,0.115 Mpa,0.117 Mpa,0.116 Mpa,0.116 Mpa,0.0112 Mpa,0.118 Mpa,0.116 Mpa,0.119 Mpa,0.118 Mpa,0 Mpa,0.118 Mpa,0.115 Mpa,0.117 Mpa,0.114 Mpa,0 Mpa,0.116 Mpa,0.121 Mpa,0.116 Mpa,0.119 Mpa,,0.120 Mpa,0.118 Mpa,0.119 Mpa,1.02 Mpa,0 Mpa,0.117 Mpa,0.117 Mpa,0.116 Mpa,0.118 Mpa,0 Mpa,0.127 Mpa,0.406 Mpa,0.126 Mpa,0.125 Mpa,0 Mpa,0.128 Mpa,0.129 Mpa,0.131 Mpa,0.127 Mpa,0 Mpa,,,,,,0.116 Mpa,0.115 Mpa,0.118 Mpa,0.115 Mpa,0 Mpa,0.118 Mpa,0.118 Mpa,0.950 Mpa,0.118 Mpa,0.00973 Mpa,1665 RPM
2026-09-04 05:00:00,0.116 Mpa,0.118 Mpa,0.117 Mpa,0.117 Mpa,0 Mpa,0.118 Mpa,0.115 Mpa,0.118 Mpa,0.117 Mpa,0.0109 Mpa,0.113 Mpa,0.109 Mpa,0.113 Mpa,0.109 Mpa,0 Mpa,0.123 Mpa,0.126 Mpa,0.123 Mpa,0.125 Mpa,,0.119 Mpa,0.118 Mpa,0.118 Mpa,1.01 Mpa,0.0127 Mpa,0.114 Mpa,0.115 Mpa,0.113 Mpa,0.116 Mpa,0 Mpa,0.118 Mpa,0.338 Mpa,0.118 Mpa,0.117 Mpa,0 Mpa,0.132 Mpa,0.132 Mpa,0.135 Mpa,0.130 Mpa,0.0123 Mpa,,,,,,0.116 Mpa,0.115 Mpa,0.118 Mpa,0.115 Mpa,0.0121 Mpa,0.120 Mpa,0.119 Mpa,0.939 Mpa,0.121 Mpa,0.00890 Mpa,1502 RPM
2026-09-04 07:00:00,0.123 Mpa,0.126 Mpa,0.124 Mpa,0.124 Mpa,0 Mpa,0.118 Mpa,0.115 Mpa,0.118 Mpa,0.117 Mpa,0 Mpa,0.121 Mpa,0.118 Mpa,0.122 Mpa,0.118 Mpa,0 Mpa,0.121 Mpa,0.126 Mpa,0.122 Mpa,0.124 Mpa,,0.119 Mpa,0.118 Mpa,0.118 Mpa,1.02 Mpa,0 Mpa,0.118 Mpa,0.118 Mpa,0.117 Mpa,0.119 Mpa,0 Mpa,0.125 Mpa,0.125 Mpa,0.125 Mpa,0.124 Mpa,0 Mpa,0.130 Mpa,0.131 Mpa,0.133 Mpa,0.129 Mpa,0 Mpa,,,,,,0.122 Mpa,0.121 Mpa,0.124 Mpa,0.121 Mpa,0 Mpa,0.116 Mpa,0.115 Mpa,0.964 Mpa,0.115 Mpa,0 Mpa,1696 RPM
2026-09-04 09:00:00,0.130 Mpa,0.132 Mpa,0.132 Mpa,0.131 Mpa,0 Mpa,0.123 Mpa,0.120 Mpa,0.122 Mpa,0.122 Mpa,0 Mpa,0.123 Mpa,0.120 Mpa,0.123 Mpa,0.120 Mpa,0 Mpa,0.127 Mpa,0.130 Mpa,0.127 Mpa,0.128 Mpa,,0.123 Mpa,0.122 Mpa,0.123 Mpa,1.02 Mpa,0 Mpa,0.123 Mpa,0.122 Mpa,0.121 Mpa,0.123 Mpa,0 Mpa,0.119 Mpa,0.165 Mpa,0.118 Mpa,0.119 Mpa,0.0216 Mpa,0.128 Mpa,0.129 Mpa,0.131 Mpa,0.127 Mpa,0 Mpa,,,,,,0.123 Mpa,0.122 Mpa,0.124 Mpa,0.121 Mpa,0 Mpa,0.123 Mpa,0.122 Mpa,0.906 Mpa,0.123 Mpa,0 Mpa,1708 RPM
2026-09-04 11:00:00,0.131 Mpa,0.133 Mpa,0.133 Mpa,0.132 Mpa,0 Mpa,0.121 Mpa,0.118 Mpa,0.120 Mpa,0.120 Mpa,0 Mpa,0.122 Mpa,0.119 Mpa,0.122 Mpa,0.119 Mpa,0.00763 Mpa,0.118 Mpa,0.122 Mpa,0.118 Mpa,0.120 Mpa,,0.118 Mpa,0.116 Mpa,0.118 Mpa,1.02 Mpa,0 Mpa,0.120 Mpa,0.118 Mpa,0.117 Mpa,0.120 Mpa,0.0238 Mpa,0.123 Mpa,0.101 Mpa,0.122 Mpa,0.122 Mpa,0.0114 Mpa,0.129 Mpa,0.130 Mpa,0.133 Mpa,0.129 Mpa,0 Mpa,,,,,,0.120 Mpa,0.119 Mpa,0.121 Mpa,0.118 Mpa,0 Mpa,0.125 Mpa,0.124 Mpa,0.885 Mpa,0.126 Mpa,0 Mpa,1707 RPM
2026-09-04 13:00:00,0.129 Mpa,0.131 Mpa,0.130 Mpa,0.129 Mpa,0 Mpa,0.122 Mpa,0.119 Mpa,0.121 Mpa,0.121 Mpa,0 Mpa,0.118 Mpa,0.115 Mpa,0.118 Mpa,0.115 Mpa,0 Mpa,0.119 Mpa,0.123 Mpa,0.119 Mpa,0.122 Mpa,,0.119 Mpa,0.117 Mpa,0.119 Mpa,1.02 Mpa,0 Mpa,0.125 Mpa,0.126 Mpa,0.123 Mpa,0.127 Mpa,0 Mpa,0.129 Mpa,0.204 Mpa,0.128 Mpa,0.127 Mpa,0 Mpa,0.123 Mpa,0.124 Mpa,0.126 Mpa,0.122 Mpa,0 Mpa,,,,,,0.125 Mpa,0.124 Mpa,0.127 Mpa,0.123 Mpa,0 Mpa,0.125 Mpa,0.124 Mpa,0.873 Mpa,0.126 Mpa,0 Mpa,1661 RPM
2026-09-04 15:00:00,0.133 Mpa,0.135 Mpa,0.134 Mpa,0.134 Mpa,0 Mpa,0.117 Mpa,0.114 Mpa,0.116 Mpa,0.116 Mpa,0 Mpa,0.121 Mpa,0.118 Mpa,0.121 Mpa,0.118 Mpa,0 Mpa,0.111 Mpa,0.115 Mpa,0.111 Mpa,0.113 Mpa,,0.120 Mpa,0.118 Mpa,0.119 Mpa,1.02 Mpa,0 Mpa,0.117 Mpa,0.118 Mpa,0.115 Mpa,0.118 Mpa,0 Mpa,0.128 Mpa,0.242 Mpa,0.127 Mpa,0.126 Mpa,0 Mpa,0.122 Mpa,0.124 Mpa,0.125 Mpa,0.122 Mpa,0 Mpa,0.110 Mpa,0.110 Mpa,0.110 Mpa,0.111 Mpa,0 Mpa,0.118 Mpa,0.118 Mpa,0.120 Mpa,0.117 Mpa,0 Mpa,0.124 Mpa,0.125 Mpa,0.846 Mpa,0.126 Mpa,0 Mpa,1695 RPM
2026-09-04 17:00:00,0.122 Mpa,0.124 Mpa,0.123 Mpa,0.122 Mpa,0.00506 Mpa,0.117 Mpa,0.114 Mpa,0.116 Mpa,0.115 Mpa,0 Mpa,0.113 Mpa,0.109 Mpa,0.113 Mpa,0.109 Mpa,0 Mpa,0.115 Mpa,0.118 Mpa,0.115 Mpa,0.117 Mpa,,0.108 Mpa,0.107 Mpa,0.107 Mpa,1.01 Mpa,0 Mpa,0.121 Mpa,0.121 Mpa,0.119 Mpa,0.122 Mpa,0.0102 Mpa,0.128 Mpa,0.214 Mpa,0.127 Mpa,0.127 Mpa,0.00829 Mpa,0.130 Mpa,0.130 Mpa,0.135 Mpa,0.129 Mpa,0.00936 Mpa,0.124 Mpa,0.124 Mpa,0.124 Mpa,0.125 Mpa,0.947 Mpa,0.118 Mpa,0.118 Mpa,0.120 Mpa,0.117 Mpa,0.0114 Mpa,0.124 Mpa,0.123 Mpa,0.892 Mpa,0.124 Mpa,0.0107 Mpa,1459 RPM
2026-09-04 19:00:00,0.123 Mpa,0.125 Mpa,0.124 Mpa,0.123 Mpa,0 Mpa,0.118 Mpa,0.116 Mpa,0.118 Mpa,0.118 Mpa,0 Mpa,0.116 Mpa,0.113 Mpa,0.116 Mpa,0.113 Mpa,0 Mpa,0.115 Mpa,0.119 Mpa,0.116 Mpa,0.118 Mpa,,0.104 Mpa,0.103 Mpa,0.100 Mpa,0.989 Mpa,0.0685 Mpa,0.121 Mpa,0.122 Mpa,0.120 Mpa,0.123 Mpa,0 Mpa,0.130 Mpa,0.172 Mpa,0.129 Mpa,0.128 Mpa,0 Mpa,0.128 Mpa,0.129 Mpa,0.131 Mpa,0.127 Mpa,0.0155 Mpa,0.117 Mpa,0.118 Mpa,0.117 Mpa,0.119 Mpa,1 Mpa,0.119 Mpa,0.118 Mpa,0.121 Mpa,0.117 Mpa,0 Mpa,0.125 Mpa,0.125 Mpa,0.878 Mpa,0.127 Mpa,0 Mpa,1710 RPM
2026-09-04 21:00:00,0.122 Mpa,0.124 Mpa,0.123 Mpa,0.122 Mpa,0 Mpa,0.116 Mpa,0.114 Mpa,0.116 Mpa,0.116 Mpa,0 Mpa,0.116 Mpa,0.114 Mpa,0.116 Mpa,0.113 Mpa,0 Mpa,0.115 Mpa,0.120 Mpa,0.115 Mpa,0.118 Mpa,,0.118 Mpa,0.116 Mpa,0.116 Mpa,1.02 Mpa,0 Mpa,0.119 Mpa,0.120 Mpa,0.118 Mpa,0.121 Mpa,0 Mpa,0.128 Mpa,0.336 Mpa,0.127 Mpa,0.127 Mpa,0 Mpa,0.128 Mpa,0.128 Mpa,0.131 Mpa,0.127 Mpa,0 Mpa,0.132 Mpa,0.133 Mpa,0.133 Mpa,0.134 Mpa,1 Mpa,0.123 Mpa,0.121 Mpa,0.124 Mpa,0.120 Mpa,0 Mpa,0.123 Mpa,0.124 Mpa,0.881 Mpa,0.125 Mpa,0 Mpa,1791 RPM
2026-09-04 23:00:00,0.115 Mpa,0.117 Mpa,0.115 Mpa,0.114 Mpa,0.00617 Mpa,0.121 Mpa,0.118 Mpa,0.121 Mpa,0.121 Mpa,0 Mpa,0.119 Mpa,0.116 Mpa,0.118 Mpa,0.115 Mpa,0.00984 Mpa,0.113 Mpa,0.117 Mpa,0.113 Mpa,0.116 Mpa,,0.126 Mpa,0.124 Mpa,0.125 Mpa,1.02 Mpa,0 Mpa,0.116 Mpa,0.116 Mpa,0.114 Mpa,0.118 Mpa,0 Mpa,0.131 Mpa,0.319 Mpa,0.130 Mpa,0.130 Mpa,0 Mpa,0.127 Mpa,0.128 Mpa,0.130 Mpa,0.126 Mpa,0 Mpa,0.126 Mpa,0.128 Mpa,0.127 Mpa,0.128 Mpa,1 Mpa,0.121 Mpa,0.121 Mpa,0.122 Mpa,0.120 Mpa,0.00994 Mpa,0.116 Mpa,0.117 Mpa,0.912 Mpa,0.118 Mpa,0 Mpa,1649 RPM
2026-09-05 01:00:00,0.115 Mpa,0.117 Mpa,0.116 Mpa,0.113 Mpa,0.0174 Mpa,0.112 Mpa,0.111 Mpa,0.112 Mpa,0.112 Mpa,0.0151 Mpa,0.120 Mpa,0.117 Mpa,0.119 Mpa,0.116 Mpa,0 Mpa,0.118 Mpa,0.121 Mpa,0.118 Mpa,0.120 Mpa,,0.121 Mpa,0.119 Mpa,0.120 Mpa,1.02 Mpa,0 Mpa,0.122 Mpa,0.122 Mpa,0.120 Mpa,0.122 Mpa,0 Mpa,0.126 Mpa,0.421 Mpa,0.126 Mpa,0.126 Mpa,0 Mpa,0.124 Mpa,0.125 Mpa,0.127 Mpa,0.123 Mpa,0 Mpa,0.126 Mpa,0.128 Mpa,0.127 Mpa,0.128 Mpa,1 Mpa,0.120 Mpa,0.120 Mpa,0.122 Mpa,0.119 Mpa,0 Mpa,0.120 Mpa,0.119 Mpa,0.892 Mpa,0.121 Mpa,0.00517 Mpa,1644 RPM
2026-09-05 03:00:00,0.127 Mpa,0.130 Mpa,0.128 Mpa,0.127 Mpa,0 Mpa,0.118 Mpa,0.116 Mpa,0.118 Mpa,0.118 Mpa,0 Mpa,0.116 Mpa,0.114 Mpa,0.116 Mpa,0.114 Mpa,0 Mpa,0.118 Mpa,0.121 Mpa,0.118 Mpa,0.120 Mpa,,0.120 Mpa,0.118 Mpa,0.119 Mpa,1.02 Mpa,0 Mpa,0.123 Mpa,0.122 Mpa,0.121 Mpa,0.123 Mpa,0 Mpa,0.128 Mpa,0.255 Mpa,0.127 Mpa,0.127 Mpa,0 Mpa,0.122 Mpa,0.122 Mpa,0.123 Mpa,0.121 Mpa,0 Mpa,0.128 Mpa,0.131 Mpa,0.130 Mpa,0.130 Mpa,1 Mpa,0.118 Mpa,0.117 Mpa,0.119 Mpa,0.117 Mpa,0 Mpa,0.115 Mpa,0.115 Mpa,0.898 Mpa,0.116 Mpa,0.0359 Mpa,1708 RPM
2026-09-05 05:00:00,0.129 Mpa,0.132 Mpa,0.131 Mpa,0.129 Mpa,0.0129 Mpa,0.115 Mpa,0.113 Mpa,0.115 Mpa,0.114 Mpa,0.0160 Mpa,0.117 Mpa,0.114 Mpa,0.117 Mpa,0.114 Mpa,0.00792 Mpa,0.118 Mpa,0.121 Mpa,0.119 Mpa,0.120 Mpa,,0.117 Mpa,0.114 Mpa,0.116 Mpa,1.02 Mpa,0 Mpa,0.118 Mpa,0.118 Mpa,0.116 Mpa,0.119 Mpa,0.0138 Mpa,0.121 Mpa,0.485 Mpa,0.121 Mpa,0.120 Mpa,0 Mpa,0.122 Mpa,0.123 Mpa,0.124 Mpa,0.121 Mpa,0 Mpa,0.121 Mpa,0.123 Mpa,0.122 Mpa,0.123 Mpa,0.875 Mpa,0.118 Mpa,0.119 Mpa,0.120 Mpa,0.118 Mpa,0.0105 Mpa,,,,,,1518 RPM
2026-09-05 07:00:00,0.135 Mpa,0.137 Mpa,0.137 Mpa,0.136 Mpa,0 Mpa,0.114 Mpa,0.113 Mpa,0.114 Mpa,0.114 Mpa,0 Mpa,0.121 Mpa,0.118 Mpa,0.121 Mpa,0.118 Mpa,0 Mpa,0.117 Mpa,0.120 Mpa,0.118 Mpa,0.119 Mpa,,0.123 Mpa,0.121 Mpa,0.123 Mpa,1.02 Mpa,0 Mpa,0.122 Mpa,0.121 Mpa,0.120 Mpa,0.122 Mpa,0 Mpa,0.129 Mpa,0.177 Mpa,0.128 Mpa,0.127 Mpa,0 Mpa,0.127 Mpa,0.127 Mpa,0.130 Mpa,0.125 Mpa,0 Mpa,0.122 Mpa,0.124 Mpa,0.123 Mpa,0.124 Mpa,0.697 Mpa,0.120 Mpa,0.119 Mpa,0.121 Mpa,0.119 Mpa,0 Mpa,,,,,,1687 RPM
2026-09-05 09:00:00,0.132 Mpa,0.134 Mpa,0.134 Mpa,0.133 Mpa,0 Mpa,0.115 Mpa,0.112 Mpa,0.114 Mpa,0.115 Mpa,0 Mpa,0.122 Mpa,0.119 Mpa,0.122 Mpa,0.119 Mpa,0 Mpa,0.120 Mpa,0.123 Mpa,0.120 Mpa,0.121 Mpa,,0.120 Mpa,0.118 Mpa,0.119 Mpa,1.02 Mpa,0 Mpa,0.120 Mpa,0.119 Mpa,0.118 Mpa,0.121 Mpa,0 Mpa,0.131 Mpa,0.298 Mpa,0.130 Mpa,0.129 Mpa,0 Mpa,0.124 Mpa,0.124 Mpa,0.127 Mpa,0.123 Mpa,0 Mpa,0.126 Mpa,0.128 Mpa,0.127 Mpa,0.128 Mpa,0.367 Mpa,0.123 Mpa,0.123 Mpa,0.125 Mpa,0.122 Mpa,0 Mpa,,,,,,1693 RPM
2026-09-05 11:00:00,0.133 Mpa,0.136 Mpa,0.134 Mpa,0.134 Mpa,0 Mpa,0.114 Mpa,0.111 Mpa,0.114 Mpa,0.114 Mpa,0 Mpa,0.120 Mpa,0.118 Mpa,0.119 Mpa,0.118 Mpa,0 Mpa,0.115 Mpa,0.118 Mpa,0.115 Mpa,0.117 Mpa,,0.120 Mpa,0.118 Mpa,0.120 Mpa,1.02 Mpa,0 Mpa,0.118 Mpa,0.118 Mpa,0.116 Mpa,0.119 Mpa,0.00864 Mpa,0.132 Mpa,0.472 Mpa,0.130 Mpa,0.130 Mpa,0.00541 Mpa,0.124 Mpa,0.125 Mpa,0.127 Mpa,0.123 Mpa,0 Mpa,0.129 Mpa,0.133 Mpa,0.131 Mpa,0.132 Mpa,1.00 Mpa,0.117 Mpa,0.117 Mpa,0.119 Mpa,0.117 Mpa,0 Mpa,0.112 Mpa,0.112 Mpa,0.111 Mpa,0.112 Mpa,0.00834 Mpa,1672 RPM
2026-09-05 13:00:00,0.130 Mpa,0.131 Mpa,0.131 Mpa,0.130 Mpa,0.00805 Mpa,0.116 Mpa,0.114 Mpa,0.116 Mpa,0.116 Mpa,0 Mpa,0.122 Mpa,0.119 Mpa,0.122 Mpa,0.119 Mpa,0 Mpa,0.121 Mpa,0.125 Mpa,0.122 Mpa,0.124 Mpa,,0.121 Mpa,0.119 Mpa,0.121 Mpa,1.02 Mpa,0 Mpa,0.117 Mpa,0.117 Mpa,0.117 Mpa,0.117 Mpa,0 Mpa,0.123 Mpa,0.296 Mpa,0.123 Mpa,0.122 Mpa,0 Mpa,0.129 Mpa,0.130 Mpa,0.133 Mpa,0.128 Mpa,0.00914 Mpa,0.128 Mpa,0.134 Mpa,0.131 Mpa,0.133 Mpa,1 Mpa,0.122 Mpa,0.121 Mpa,0.123 Mpa,0.120 Mpa,0 Mpa,,,,,,1736 RPM
2026-09-05 15:00:00,0.127 Mpa,0.130 Mpa,0.129 Mpa,0.128 Mpa,0 Mpa,0.121 Mpa,0.118 Mpa,0.120 Mpa,0.120 Mpa,0 Mpa,0.125 Mpa,0.121 Mpa,0.124 Mpa,0.121 Mpa,0 Mpa,0.118 Mpa,0.122 Mpa,0.119 Mpa,0.120 Mpa,,0.119 Mpa,0.116 Mpa,0.118 Mpa,1.02 Mpa,0 Mpa,0.119 Mpa,0.119 Mpa,0.118 Mpa,0.119 Mpa,0 Mpa,0.126 Mpa,0.103 Mpa,0.125 Mpa,0.125 Mpa,0 Mpa,0.120 Mpa,0.122 Mpa,0.123 Mpa,0.120 Mpa,0.00713 Mpa,0.125 Mpa,0.127 Mpa,0.127 Mpa,0.127 Mpa,1 Mpa,0.115 Mpa,0.114 Mpa,0.116 Mpa,0.114 Mpa,0 Mpa,,,,,,1703 RPM
2026-09-05 17:00:00,0.129 Mpa,0.131 Mpa,0.131 Mpa,0.129 Mpa,0 Mpa,0.121 Mpa,0.116 Mpa,0.120 Mpa,0.119 Mpa,0.00809 Mpa,0.119 Mpa,0.116 Mpa,0.119 Mpa,0.116 Mpa,0 Mpa,0.122 Mpa,0.126 Mpa,0.121 Mpa,0.124 Mpa,,0.122 Mpa,0.120 Mpa,0.122 Mpa,1.02 Mpa,0 Mpa,0.118 Mpa,0.119 Mpa,0.117 Mpa,0.120 Mpa,0 Mpa,0.126 Mpa,0.673 Mpa,0.124 Mpa,0.125 Mpa,0 Mpa,0.120 Mpa,0.122 Mpa,0.123 Mpa,0.120 Mpa,0 Mpa,0.119 Mpa,0.123 Mpa,0.121 Mpa,0.122 Mpa,1 Mpa,0.120 Mpa,0.120 Mpa,0.122 Mpa,0.119 Mpa,0.00587 Mpa,,,,,,1679 RPM
2026-09-05 19:00:00,0.130 Mpa,0.132 Mpa,0.132 Mpa,0.131 Mpa,0 Mpa,0.117 Mpa,0.115 Mpa,0.117 Mpa,0.117 Mpa,0 Mpa,0.122 Mpa,0.119 Mpa,0.122 Mpa,0.119 Mpa,0 Mpa,0.122 Mpa,0.126 Mpa,0.121 Mpa,0.124 Mpa,,0.121 Mpa,0.119 Mpa,0.121 Mpa,1.02 Mpa,0 Mpa,0.117 Mpa,0.116 Mpa,0.115 Mpa,0.117 Mpa,0 Mpa,0.130 Mpa,0.167 Mpa,0.129 Mpa,0.129 Mpa,0 Mpa,0.129 Mpa,0.129 Mpa,0.132 Mpa,0.127 Mpa,0 Mpa,0.122 Mpa,0.125 Mpa,0.123 Mpa,0.124 Mpa,1 Mpa,0.116 Mpa,0.115 Mpa,0.118 Mpa,0.115 Mpa,0 Mpa,,,,,,1713 RPM
2026-09-05 21:00:00,0.128 Mpa,0.129 Mpa,0.130 Mpa,0.128 Mpa,0 Mpa,0.117 Mpa,0.115 Mpa,0.117 Mpa,0.116 Mpa,0 Mpa,0.120 Mpa,0.117 Mpa,0.119 Mpa,0.116 Mpa,0 Mpa,0.118 Mpa,0.123 Mpa,0.118 Mpa,0.121 Mpa,,0.123 Mpa,0.120 Mpa,0.122 Mpa,1.02 Mpa,0 Mpa,0.119 Mpa,0.119 Mpa,0.118 Mpa,0.120 Mpa,0 Mpa,0.134 Mpa,0.317 Mpa,0.133 Mpa,0.133 Mpa,0 Mpa,0.133 Mpa,0.134 Mpa,0.138 Mpa,0.133 Mpa,0 Mpa,0.125 Mpa,0.129 Mpa,0.127 Mpa,0.127 Mpa,1 Mpa,0.113 Mpa,0.113 Mpa,0.115 Mpa,0.113 Mpa,0 Mpa,,,,,,1734 RPM
2026-09-05 23:00:00,0.122 Mpa,0.123 Mpa,0.123 Mpa,0.121 Mpa,0 Mpa,0.118 Mpa,0.116 Mpa,0.118 Mpa,0.118 Mpa,0 Mpa,0.115 Mpa,0.113 Mpa,0.115 Mpa,0.112 Mpa,0 Mpa,0.119 Mpa,0.124 Mpa,0.119 Mpa,0.122 Mpa,,0.122 Mpa,0.120 Mpa,0.121 Mpa,1.02 Mpa,0 Mpa,0.120 Mpa,0.120 Mpa,0.119 Mpa,0.121 Mpa,0 Mpa,0.131 Mpa,0.215 Mpa,0.130 Mpa,0.129 Mpa,0 Mpa,0.125 Mpa,0.126 Mpa,0.127 Mpa,0.124 Mpa,0.0177 Mpa,0.120 Mpa,0.122 Mpa,0.122 Mpa,0.122 Mpa,1 Mpa,0.114 Mpa,0.113 Mpa,0.116 Mpa,0.113 Mpa,0.00798 Mpa,,,,,,1658 RPM
2026-09-06 01:00:00,0.123 Mpa,0.124 Mpa,0.124 Mpa,0.122 Mpa,0.00855 Mpa,0.116 Mpa,0.115 Mpa,0.116 Mpa,0.116 Mpa,0 Mpa,0.121 Mpa,0.118 Mpa,0.121 Mpa,0.118 Mpa,0.0148 Mpa,0.114 Mpa,0.119 Mpa,0.114 Mpa,0.117 Mpa,,0.121 Mpa,0.119 Mpa,0.120 Mpa,1.02 Mpa,0 Mpa,0.113 Mpa,0.112 Mpa,0.112 Mpa,0.113 Mpa,0.0304 Mpa,0.133 Mpa,0.139 Mpa,0.132 Mpa,0.131 Mpa,0 Mpa,0.125 Mpa,0.126 Mpa,0.128 Mpa,0.124 Mpa,0 Mpa,0.118 Mpa,0.119 Mpa,0.119 Mpa,0.119 Mpa,0.914 Mpa,0.118 Mpa,0.116 Mpa,0.119 Mpa,0.116 Mpa,0 Mpa,0.105 Mpa,0.105 Mpa,0.105 Mpa,0.105 Mpa,0.0733 Mpa,1609 RPM
2026-09-06 03:00:00,0.129 Mpa,0.130 Mpa,0.131 Mpa,0.129 Mpa,0 Mpa,0.117 Mpa,0.115 Mpa,0.117 Mpa,0.117 Mpa,0 Mpa,0.121 Mpa,0.118 Mpa,0.121 Mpa,0.118 Mpa,0 Mpa,0.120 Mpa,0.124 Mpa,0.119 Mpa,0.122 Mpa,,0.118 Mpa,0.116 Mpa,0.118 Mpa,1.02 Mpa,0 Mpa,0.125 Mpa,0.124 Mpa,0.123 Mpa,0.125 Mpa,0 Mpa,0.132 Mpa,0.128 Mpa,0.130 Mpa,0.130 Mpa,0 Mpa,0.125 Mpa,0.125 Mpa,0.127 Mpa,0.123 Mpa,0 Mpa,0.126 Mpa,0.129 Mpa,0.127 Mpa,0.129 Mpa,0.761 Mpa,0.119 Mpa,0.118 Mpa,0.121 Mpa,0.118 Mpa,0 Mpa,0.123 Mpa,0.122 Mpa,0.122 Mpa,0.122 Mpa,0.00712 Mpa,1707 RPM
2026-09-06 05:00:00,0.118 Mpa,0.120 Mpa,0.120 Mpa,0.119 Mpa,0 Mpa,0.119 Mpa,0.117 Mpa,0.119 Mpa,0.119 Mpa,0.00750 Mpa,0.116 Mpa,0.114 Mpa,0.116 Mpa,0.114 Mpa,0 Mpa,0.113 Mpa,0.117 Mpa,0.114 Mpa,0.116 Mpa,,0.119 Mpa,0.117 Mpa,0.119 Mpa,1.02 Mpa,0 Mpa,0.120 Mpa,0.120 Mpa,0.119 Mpa,0.121 Mpa,0 Mpa,0.130 Mpa,0.151 Mpa,0.129 Mpa,0.129 Mpa,0.00627 Mpa,0.121 Mpa,0.122 Mpa,0.123 Mpa,0.120 Mpa,0 Mpa,0.127 Mpa,0.130 Mpa,0.129 Mpa,0.131 Mpa,1.00 Mpa,0.124 Mpa,0.123 Mpa,0.126 Mpa,0.122 Mpa,0.00633 Mpa,0.130 Mpa,0.129 Mpa,0.129 Mpa,0.130 Mpa,0.00584 Mpa,1673 RPM
2026-09-06 07:00:00,0.121 Mpa,0.123 Mpa,0.123 Mpa,0.121 Mpa,0 Mpa,0.118 Mpa,0.116 Mpa,0.117 Mpa,0.118 Mpa,0 Mpa,0.122 Mpa,0.120 Mpa,0.122 Mpa,0.121 Mpa,0 Mpa,0.114 Mpa,0.118 Mpa,0.114 Mpa,0.117 Mpa,,0.120 Mpa,0.118 Mpa,0.120 Mpa,1.02 Mpa,0 Mpa,0.126 Mpa,0.125 Mpa,0.125 Mpa,0.126 Mpa,0 Mpa,0.133 Mpa,0.382 Mpa,0.132 Mpa,0.131 Mpa,0 Mpa,0.128 Mpa,0.128 Mpa,0.130 Mpa,0.126 Mpa,0 Mpa,0.125 Mpa,0.129 Mpa,0.127 Mpa,0.128 Mpa,1 Mpa,0.120 Mpa,0.119 Mpa,0.121 Mpa,0.118 Mpa,0 Mpa,0.127 Mpa,0.127 Mpa,0.130 Mpa,0.128 Mpa,0.0190 Mpa,1750 RPM
2026-09-06 09:00:00,0.123 Mpa,0.126 Mpa,0.125 Mpa,0.122 Mpa,0 Mpa,0.114 Mpa,0.112 Mpa,0.114 Mpa,0.114 Mpa,0.0516 Mpa,0.119 Mpa,0.116 Mpa,0.119 Mpa,0.115 Mpa,0 Mpa,0.123 Mpa,0.128 Mpa,0.122 Mpa,0.125 Mpa,,0.120 Mpa,0.118 Mpa,0.120 Mpa,1.02 Mpa,0 Mpa,0.122 Mpa,0.123 Mpa,0.121 Mpa,0.124 Mpa,0 Mpa,0.133 Mpa,0.365 Mpa,0.132 Mpa,0.132 Mpa,0 Mpa,0.129 Mpa,0.130 Mpa,0.133 Mpa,0.129 Mpa,0 Mpa,0.125 Mpa,0.127 Mpa,0.127 Mpa,0.126 Mpa,1 Mpa,0.116 Mpa,0.116 Mpa,0.118 Mpa,0.115 Mpa,0 Mpa,0.128 Mpa,0.126 Mpa,0.137 Mpa,0.128 Mpa,0 Mpa,1747 RPM
2026-09-06 11:00:00,0.123 Mpa,0.125 Mpa,0.125 Mpa,0.122 Mpa,0 Mpa,0.116 Mpa,0.114 Mpa,0.116 Mpa,0.116 Mpa,0 Mpa,0.123 Mpa,0.120 Mpa,0.123 Mpa,0.121 Mpa,0 Mpa,0.122 Mpa,0.127 Mpa,0.121 Mpa,0.124 Mpa,,0.121 Mpa,0.119 Mpa,0.121 Mpa,1.02 Mpa,0 Mpa,0.119 Mpa,0.118 Mpa,0.118 Mpa,0.119 Mpa,0 Mpa,0.127 Mpa,0.278 Mpa,0.126 Mpa,0.126 Mpa,0.00668 Mpa,0.129 Mpa,0.130 Mpa,0.132 Mpa,0.129 Mpa,0 Mpa,0.125 Mpa,0.128 Mpa,0.128 Mpa,0.128 Mpa,1 Mpa,0.121 Mpa,0.120 Mpa,0.123 Mpa,0.119 Mpa,0 Mpa,0.123 Mpa,0.123 Mpa,0.142 Mpa,0.124 Mpa,0 Mpa,1723 RPM
2026-09-06 13:00:00,0.126 Mpa,0.129 Mpa,0.128 Mpa,0.127 Mpa,0 Mpa,0.118 Mpa,0.115 Mpa,0.117 Mpa,0.118 Mpa,0.0105 Mpa,0.123 Mpa,0.120 Mpa,0.123 Mpa,0.120 Mpa,0 Mpa,0.119 Mpa,0.123 Mpa,0.118 Mpa,0.121 Mpa,,0.117 Mpa,0.116 Mpa,0.118 Mpa,1.02 Mpa,0 Mpa,0.123 Mpa,0.122 Mpa,0.121 Mpa,0.123 Mpa,0 Mpa,0.123 Mpa,0.478 Mpa,0.122 Mpa,0.122 Mpa,0.00759 Mpa,0.128 Mpa,0.130 Mpa,0.132 Mpa,0.128 Mpa,0 Mpa,0.118 Mpa,0.120 Mpa,0.119 Mpa,0.120 Mpa,1.01 Mpa,0.119 Mpa,0.119 Mpa,0.121 Mpa,0.118 Mpa,0.00881 Mpa,0.113 Mpa,0.113 Mpa,0.139 Mpa,0.115 Mpa,0.0236 Mpa,1708 RPM
2026-09-06 15:00:00,0.124 Mpa,0.126 Mpa,0.127 Mpa,0.123 Mpa,0 Mpa,0.119 Mpa,0.117 Mpa,0.119 Mpa,0.119 Mpa,0 Mpa,0.125 Mpa,0.122 Mpa,0.124 Mpa,0.122 Mpa,0 Mpa,0.126 Mpa,0.131 Mpa,0.125 Mpa,0.128 Mpa,,0.115 Mpa,0.113 Mpa,0.114 Mpa,1.02 Mpa,0 Mpa,0.120 Mpa,0.119 Mpa,0.118 Mpa,0.120 Mpa,0 Mpa,0.132 Mpa,0.481 Mpa,0.131 Mpa,0.130 Mpa,0 Mpa,0.130 Mpa,0.131 Mpa,0.134 Mpa,0.129 Mpa,0 Mpa,0.118 Mpa,0.121 Mpa,0.120 Mpa,0.121 Mpa,1 Mpa,0.124 Mpa,0.122 Mpa,0.126 Mpa,0.122 Mpa,0 Mpa,0.125 Mpa,0.124 Mpa,0.150 Mpa,0.125 Mpa,0 Mpa,1807 RPM
2026-09-06 17:00:00,0.124 Mpa,0.126 Mpa,0.125 Mpa,0.123 Mpa,0 Mpa,0.116 Mpa,0.114 Mpa,0.116 Mpa,0.116 Mpa,0.0108 Mpa,0.122 Mpa,0.119 Mpa,0.122 Mpa,0.119 Mpa,0 Mpa,0.123 Mpa,0.128 Mpa,0.121 Mpa,0.125 Mpa,,0.119 Mpa,0.116 Mpa,0.119 Mpa,1.02 Mpa,0 Mpa,0.119 Mpa,0.119 Mpa,0.118 Mpa,0.120 Mpa,0 Mpa,0.125 Mpa,0.365 Mpa,0.125 Mpa,0.125 Mpa,0 Mpa,0.124 Mpa,0.124 Mpa,0.126 Mpa,0.123 Mpa,0 Mpa,0.125 Mpa,0.129 Mpa,0.127 Mpa,0.128 Mpa,1.00 Mpa,0.120 Mpa,0.119 Mpa,0.122 Mpa,0.119 Mpa,0.00654 Mpa,0.123 Mpa,0.123 Mpa,0.153 Mpa,0.124 Mpa,0 Mpa,1733 RPM
2026-09-06 19:00:00,0.126 Mpa,0.128 Mpa,0.128 Mpa,0.125 Mpa,0 Mpa,0.119 Mpa,0.116 Mpa,0.118 Mpa,0.119 Mpa,0 Mpa,0.116 Mpa,0.113 Mpa,0.116 Mpa,0.114 Mpa,0 Mpa,0.119 Mpa,0.124 Mpa,0.118 Mpa,0.122 Mpa,,0.122 Mpa,0.120 Mpa,0.122 Mpa,1.02 Mpa,0 Mpa,0.116 Mpa,0.116 Mpa,0.115 Mpa,0.117 Mpa,0 Mpa,0.132 Mpa,0.0799 Mpa,0.130 Mpa,0.130 Mpa,0 Mpa,0.127 Mpa,0.128 Mpa,0.131 Mpa,0.126 Mpa,0 Mpa,0.125 Mpa,0.128 Mpa,0.127 Mpa,0.127 Mpa,1 Mpa,0.119 Mpa,0.119 Mpa,0.121 Mpa,0.119 Mpa,0 Mpa,0.123 Mpa,0.122 Mpa,0.159 Mpa,0.123 Mpa,0 Mpa,1776 RPM
2026-09-06 21:00:00,0.127 Mpa,0.129 Mpa,0.129 Mpa,0.126 Mpa,0 Mpa,0.119 Mpa,0.118 Mpa,0.119 Mpa,0.120 Mpa,0 Mpa,0.117 Mpa,0.114 Mpa,0.117 Mpa,0.114 Mpa,0 Mpa,0.120 Mpa,0.125 Mpa,0.119 Mpa,0.123 Mpa,,0.122 Mpa,0.120 Mpa,0.121 Mpa,1.02 Mpa,0 Mpa,0.118 Mpa,0.118 Mpa,0.116 Mpa,0.119 Mpa,0 Mpa,0.131 Mpa,0.150 Mpa,0.129 Mpa,0.129 Mpa,0 Mpa,0.127 Mpa,0.128 Mpa,0.131 Mpa,0.126 Mpa,0.00806 Mpa,0.124 Mpa,0.127 Mpa,0.126 Mpa,0.126 Mpa,1 Mpa,0.120 Mpa,0.120 Mpa,0.122 Mpa,0.120 Mpa,0 Mpa,0.117 Mpa,0.116 Mpa,0.140 Mpa,0.117 Mpa,0 Mpa,1751 RPM
2026-09-06 23:00:00,0.128 Mpa,0.130 Mpa,0.129 Mpa,0.128 Mpa,0 Mpa,0.117 Mpa,0.116 Mpa,0.117 Mpa,0.118 Mpa,0 Mpa,0.118 Mpa,0.114 Mpa,0.117 Mpa,0.114 Mpa,0 Mpa,0.117 Mpa,0.122 Mpa,0.117 Mpa,0.120 Mpa,,0.120 Mpa,0.119 Mpa,0.120 Mpa,1.01 Mpa,0.0162 Mpa,0.122 Mpa,0.121 Mpa,0.120 Mpa,0.122 Mpa,0 Mpa,0.131 Mpa,0.173 Mpa,0.129 Mpa,0.130 Mpa,0 Mpa,0.126 Mpa,0.127 Mpa,0.128 Mpa,0.125 Mpa,0 Mpa,0.124 Mpa,0.127 Mpa,0.125 Mpa,0.126 Mpa,1 Mpa,0.122 Mpa,0.120 Mpa,0.123 Mpa,0.120 Mpa,0 Mpa,0.122 Mpa,0.121 Mpa,0.152 Mpa,0.122 Mpa,0 Mpa,1714 RPM
2026-09-07 01:00:00,0.116 Mpa,0.119 Mpa,0.118 Mpa,0.117 Mpa,0.00827 Mpa,0.117 Mpa,0.116 Mpa,0.117 Mpa,0.117 Mpa,0 Mpa,0.126 Mpa,0.122 Mpa,0.125 Mpa,0.122 Mpa,0 Mpa,0.115 Mpa,0.121 Mpa,0.115 Mpa,0.119 Mpa,,0.117 Mpa,0.115 Mpa,0.116 Mpa,1.02 Mpa,0 Mpa,0.121 Mpa,0.120 Mpa,0.119 Mpa,0.121 Mpa,0 Mpa,0.123 Mpa,0.322 Mpa,0.122 Mpa,0.123 Mpa,0 Mpa,0.128 Mpa,0.129 Mpa,0.131 Mpa,0.127 Mpa,0 Mpa,0.120 Mpa,0.122 Mpa,0.121 Mpa,0.121 Mpa,1 Mpa,0.118 Mpa,0.117 Mpa,0.120 Mpa,0.117 Mpa,0 Mpa,0.118 Mpa,0.118 Mpa,0.143 Mpa,0.119 Mpa,0.00650 Mpa,1687 RPM
2026-09-07 03:00:00,0.123 Mpa,0.125 Mpa,0.124 Mpa,0.123 Mpa,0 Mpa,0.114 Mpa,0.113 Mpa,0.114 Mpa,0.114 Mpa,0.0110 Mpa,0.123 Mpa,0.121 Mpa,0.123 Mpa,0.120 Mpa,0 Mpa,0.117 Mpa,0.123 Mpa,0.117 Mpa,0.121 Mpa,,0.120 Mpa,0.118 Mpa,0.120 Mpa,1.02 Mpa,0 Mpa,0.121 Mpa,0.120 Mpa,0.119 Mpa,0.121 Mpa,0 Mpa,0.135 Mpa,0.0642 Mpa,0.134 Mpa,0.133 Mpa,0 Mpa,0.125 Mpa,0.126 Mpa,0.128 Mpa,0.125 Mpa,0 Mpa,0.123 Mpa,0.126 Mpa,0.125 Mpa,0.126 Mpa,1 Mpa,0.120 Mpa,0.119 Mpa,0.121 Mpa,0.118 Mpa,0 Mpa,0.124 Mpa,0.124 Mpa,0.151 Mpa,0.124 Mpa,0 Mpa,1769 RPM
2026-09-07 05:00:00,0.123 Mpa,0.125 Mpa,0.124 Mpa,0.123 Mpa,0 Mpa,0.114 Mpa,0.112 Mpa,0.114 Mpa,0.114 Mpa,0 Mpa,0.120 Mpa,0.117 Mpa,0.120 Mpa,0.117 Mpa,0 Mpa,0.107 Mpa,0.112 Mpa,0.108 Mpa,0.111 Mpa,,0.122 Mpa,0.120 Mpa,0.122 Mpa,1.02 Mpa,0 Mpa,0.115 Mpa,0.116 Mpa,0.114 Mpa,0.117 Mpa,0 Mpa,0.133 Mpa,0.199 Mpa,0.132 Mpa,0.131 Mpa,0 Mpa,0.124 Mpa,0.125 Mpa,0.128 Mpa,0.124 Mpa,0 Mpa,0.124 Mpa,0.126 Mpa,0.126 Mpa,0.126 Mpa,1.00 Mpa,0.120 Mpa,0.119 Mpa,0.121 Mpa,0.118 Mpa,0.00633 Mpa,0.117 Mpa,0.116 Mpa,0.134 Mpa,0.117 Mpa,0.00559 Mpa,1580 RPM
2026-09-07 07:00:00,0.124 Mpa,0.125 Mpa,0.126 Mpa,0.123 Mpa,0 Mpa,0.120 Mpa,0.116 Mpa,0.120 Mpa,0.119 Mpa,0 Mpa,0.126 Mpa,0.121 Mpa,0.125 Mpa,0.121 Mpa,0 Mpa,0.125 Mpa,0.130 Mpa,0.125 Mpa,0.128 Mpa,,0.122 Mpa,0.120 Mpa,0.122 Mpa,1.02 Mpa,0 Mpa,0.121 Mpa,0.120 Mpa,0.120 Mpa,0.121 Mpa,0 Mpa,0.133 Mpa,0.0940 Mpa,0.132 Mpa,0.131 Mpa,0 Mpa,0.127 Mpa,0.128 Mpa,0.130 Mpa,0.126 Mpa,0 Mpa,0.127 Mpa,0.129 Mpa,0.129 Mpa,0.129 Mpa,1 Mpa,0.124 Mpa,0.123 Mpa,0.126 Mpa,0.123 Mpa,0 Mpa,0.106 Mpa,0.106 Mpa,0.106 Mpa,0.106 Mpa,0.0272 Mpa,1692 RPM
2026-09-07 09:00:00,0.118 Mpa,0.119 Mpa,0.118 Mpa,0.117 Mpa,0 Mpa,0.120 Mpa,0.116 Mpa,0.120 Mpa,0.119 Mpa,0 Mpa,0.130 Mpa,0.126 Mpa,0.130 Mpa,0.126 Mpa,0 Mpa,0.126 Mpa,0.131 Mpa,0.126 Mpa,0.129 Mpa,,0.122 Mpa,0.121 Mpa,0.122 Mpa,1.02 Mpa,0 Mpa,0.121 Mpa,0.120 Mpa,0.120 Mpa,0.122 Mpa,0 Mpa,0.127 Mpa,0.134 Mpa,0.126 Mpa,0.126 Mpa,0 Mpa,0.127 Mpa,0.128 Mpa,0.130 Mpa,0.127 Mpa,0 Mpa,0.123 Mpa,0.125 Mpa,0.125 Mpa,0.125 Mpa,1 Mpa,0.120 Mpa,0.119 Mpa,0.122 Mpa,0.118 Mpa,0 Mpa,0.119 Mpa,0.118 Mpa,0.137 Mpa,0.119 Mpa,0.0348 Mpa,1724 RPM
2026-09-07 11:00:00,0.130 Mpa,0.132 Mpa,0.131 Mpa,0.128 Mpa,0 Mpa,0.114 Mpa,0.111 Mpa,0.114 Mpa,0.114 Mpa,0 Mpa,0.124 Mpa,0.120 Mpa,0.124 Mpa,0.119 Mpa,0 Mpa,0.121 Mpa,0.126 Mpa,0.121 Mpa,0.123 Mpa,,0.120 Mpa,0.119 Mpa,0.120 Mpa,1.02 Mpa,0 Mpa,0.115 Mpa,0.115 Mpa,0.114 Mpa,0.116 Mpa,0.00946 Mpa,0.128 Mpa,0.109 Mpa,0.128 Mpa,0.128 Mpa,0.0380 Mpa,0.130 Mpa,0.131 Mpa,0.134 Mpa,0.130 Mpa,0 Mpa,0.122 Mpa,0.124 Mpa,0.124 Mpa,0.124 Mpa,0.904 Mpa,0.116 Mpa,0.116 Mpa,0.118 Mpa,0.115 Mpa,0 Mpa,0.123 Mpa,0.123 Mpa,0.148 Mpa,0.125 Mpa,0 Mpa,1680 RPM
2026-09-07 13:00:00,0.127 Mpa,0.129 Mpa,0.128 Mpa,0.126 Mpa,0 Mpa,0.119 Mpa,0.115 Mpa,0.118 Mpa,0.118 Mpa,0 Mpa,0.125 Mpa,0.122 Mpa,0.125 Mpa,0.122 Mpa,0 Mpa,0.122 Mpa,0.126 Mpa,0.122 Mpa,0.125 Mpa,,0.120 Mpa,0.118 Mpa,0.120 Mpa,1.02 Mpa,0 Mpa,0.128 Mpa,0.128 Mpa,0.127 Mpa,0.129 Mpa,0 Mpa,0.126 Mpa,0.116 Mpa,0.126 Mpa,0.126 Mpa,0 Mpa,0.123 Mpa,0.124 Mpa,0.125 Mpa,0.123 Mpa,0 Mpa,0.118 Mpa,0.120 Mpa,0.119 Mpa,0.120 Mpa,0.531 Mpa,0.123 Mpa,0.123 Mpa,0.125 Mpa,0.122 Mpa,0 Mpa,0.124 Mpa,0.124 Mpa,0.154 Mpa,0.125 Mpa,0 Mpa,1684 RPM
2026-09-07 15:00:00,0.120 Mpa,0.122 Mpa,0.121 Mpa,0.119 Mpa,0 Mpa,0.120 Mpa,0.117 Mpa,0.120 Mpa,0.119 Mpa,0 Mpa,0.124 Mpa,0.121 Mpa,0.124 Mpa,0.121 Mpa,0 Mpa,0.127 Mpa,0.132 Mpa,0.126 Mpa,0.130 Mpa,,0.120 Mpa,0.118 Mpa,0.120 Mpa,1.02 Mpa,0 Mpa,0.120 Mpa,0.120 Mpa,0.118 Mpa,0.122 Mpa,0 Mpa,0.132 Mpa,0.188 Mpa,0.131 Mpa,0.130 Mpa,0 Mpa,0.116 Mpa,0.118 Mpa,0.118 Mpa,0.117 Mpa,0 Mpa,0.123 Mpa,0.127 Mpa,0.126 Mpa,0.125 Mpa,0.848 Mpa,0.120 Mpa,0.120 Mpa,0.122 Mpa,0.119 Mpa,0.0483 Mpa,0.124 Mpa,0.124 Mpa,0.154 Mpa,0.126 Mpa,0 Mpa,1709 RPM
2026-09-07 17:00:00,0.119 Mpa,0.121 Mpa,0.121 Mpa,0.119 Mpa,0 Mpa,0.117 Mpa,0.115 Mpa,0.118 Mpa,0.117 Mpa,0 Mpa,0.122 Mpa,0.118 Mpa,0.122 Mpa,0.118 Mpa,0 Mpa,0.115 Mpa,0.118 Mpa,0.115 Mpa,0.117 Mpa,,0.114 Mpa,0.113 Mpa,0.113 Mpa,1.02 Mpa,0 Mpa,0.115 Mpa,0.114 Mpa,0.112 Mpa,0.115 Mpa,0 Mpa,0.114 Mpa,0.124 Mpa,0.114 Mpa,0.113 Mpa,0.00718 Mpa,0.117 Mpa,0.119 Mpa,0.119 Mpa,0.117 Mpa,0 Mpa,0.124 Mpa,0.127 Mpa,0.126 Mpa,0.126 Mpa,0.959 Mpa,0.105 Mpa,0.106 Mpa,0.105 Mpa,0.106 Mpa,0.133 Mpa,0.120 Mpa,0.120 Mpa,0.152 Mpa,0.122 Mpa,0.00745 Mpa,1517 RPM
2026-09-07 19:00:00,0.125 Mpa,0.127 Mpa,0.127 Mpa,0.126 Mpa,0 Mpa,0.118 Mpa,0.115 Mpa,0.118 Mpa,0.118 Mpa,0 Mpa,0.124 Mpa,0.122 Mpa,0.124 Mpa,0.121 Mpa,0 Mpa,0.119 Mpa,0.123 Mpa,0.120 Mpa,0.122 Mpa,,0.119 Mpa,0.117 Mpa,0.118 Mpa,1.02 Mpa,0 Mpa,0.122 Mpa,0.121 Mpa,0.120 Mpa,0.122 Mpa,0 Mpa,0.131 Mpa,0.117 Mpa,0.130 Mpa,0.129 Mpa,0 Mpa,0.123 Mpa,0.124 Mpa,0.126 Mpa,0.122 Mpa,0 Mpa,0.126 Mpa,0.129 Mpa,0.128 Mpa,0.128 Mpa,1 Mpa,,,,,,0.120 Mpa,0.119 Mpa,0.146 Mpa,0.120 Mpa,0 Mpa,1774 RPM
2026-09-07 21:00:00,0.123 Mpa,0.125 Mpa,0.125 Mpa,0.123 Mpa,0.00592 Mpa,0.121 Mpa,0.118 Mpa,0.121 Mpa,0.120 Mpa,0 Mpa,0.122 Mpa,0.119 Mpa,0.122 Mpa,0.119 Mpa,0 Mpa,0.120 Mpa,0.123 Mpa,0.120 Mpa,0.121 Mpa,,0.114 Mpa,0.114 Mpa,0.113 Mpa,1.02 Mpa,0 Mpa,0.125 Mpa,0.125 Mpa,0.123 Mpa,0.125 Mpa,0 Mpa,0.133 Mpa,0.0840 Mpa,0.132 Mpa,0.131 Mpa,0 Mpa,0.120 Mpa,0.121 Mpa,0.124 Mpa,0.120 Mpa,0.0442 Mpa,0.126 Mpa,0.128 Mpa,0.127 Mpa,0.128 Mpa,0.685 Mpa,0.108 Mpa,0.109 Mpa,0.109 Mpa,0.109 Mpa,0.0343 Mpa,0.121 Mpa,0.121 Mpa,0.155 Mpa,0.123 Mpa,0 Mpa,1694 RPM
2026-09-07 23:00:00,0.121 Mpa,0.123 Mpa,0.123 Mpa,0.121 Mpa,0 Mpa,0.115 Mpa,0.112 Mpa,0.116 Mpa,0.115 Mpa,0 Mpa,0.123 Mpa,0.119 Mpa,0.123 Mpa,0.120 Mpa,0 Mpa,0.119 Mpa,0.122 Mpa,0.119 Mpa,0.120 Mpa,,0.116 Mpa,0.115 Mpa,0.116 Mpa,1.02 Mpa,0 Mpa,0.121 Mpa,0.120 Mpa,0.120 Mpa,0.121 Mpa,0 Mpa,0.131 Mpa,0.0978 Mpa,0.129 Mpa,0.129 Mpa,0 Mpa,0.125 Mpa,0.126 Mpa,0.128 Mpa,0.124 Mpa,0 Mpa,0.122 Mpa,0.125 Mpa,0.125 Mpa,0.125 Mpa,0 Mpa,0.126 Mpa,0.125 Mpa,0.128 Mpa,0.125 Mpa,0 Mpa,0.119 Mpa,0.119 Mpa,0.131 Mpa,0.120 Mpa,0 Mpa,1632 RPM
2026-09-08 01:00:00,0.126 Mpa,0.127 Mpa,0.127 Mpa,0.125 Mpa,0 Mpa,0.121 Mpa,0.117 Mpa,0.121 Mpa,0.120 Mpa,0 Mpa,0.116 Mpa,0.114 Mpa,0.116 Mpa,0.113 Mpa,0.0295 Mpa,0.110 Mpa,0.113 Mpa,0.110 Mpa,0.112 Mpa,,0.121 Mpa,0.119 Mpa,0.121 Mpa,1.02 Mpa,0 Mpa,0.115 Mpa,0.115 Mpa,0.114 Mpa,0.115 Mpa,0 Mpa,0.118 Mpa,0.181 Mpa,0.117 Mpa,0.117 Mpa,0 Mpa,0.125 Mpa,0.127 Mpa,0.129 Mpa,0.125 Mpa,0 Mpa,0.121 Mpa,0.124 Mpa,0.123 Mpa,0.123 Mpa,0.0550 Mpa,0.128 Mpa,0.127 Mpa,0.130 Mpa,0.127 Mpa,0 Mpa,0.119 Mpa,0.119 Mpa,0.145 Mpa,0.120 Mpa,0.0184 Mpa,1631 RPM
2026-09-08 03:00:00,0.123 Mpa,0.125 Mpa,0.124 Mpa,0.123 Mpa,0 Mpa,0.117 Mpa,0.114 Mpa,0.117 Mpa,0.116 Mpa,0 Mpa,0.108 Mpa,0.108 Mpa,0.108 Mpa,0.106 Mpa,0.0968 Mpa,0.119 Mpa,0.123 Mpa,0.119 Mpa,0.121 Mpa,,0.116 Mpa,0.115 Mpa,0.116 Mpa,1.02 Mpa,0 Mpa,0.124 Mpa,0.123 Mpa,0.123 Mpa,0.124 Mpa,0 Mpa,0.132 Mpa,0.0470 Mpa,0.131 Mpa,0.130 Mpa,0 Mpa,0.125 Mpa,0.126 Mpa,0.128 Mpa,0.125 Mpa,0 Mpa,0.125 Mpa,0.127 Mpa,0.127 Mpa,0.127 Mpa,0.618 Mpa,0.124 Mpa,0.123 Mpa,0.126 Mpa,0.123 Mpa,0 Mpa,0.119 Mpa,0.119 Mpa,0.136 Mpa,0.120 Mpa,0 Mpa,1697 RPM
2026-09-08 05:00:00,0.121 Mpa,0.123 Mpa,0.123 Mpa,0.121 Mpa,0.0100 Mpa,0.115 Mpa,0.114 Mpa,0.116 Mpa,0.115 Mpa,0.0113 Mpa,,,,,,0.113 Mpa,0.116 Mpa,0.114 Mpa,0.115 Mpa,,0.115 Mpa,0.114 Mpa,0.115 Mpa,1.01 Mpa,0.0155 Mpa,0.123 Mpa,0.124 Mpa,0.122 Mpa,0.125 Mpa,0.0123 Mpa,0.128 Mpa,0.0618 Mpa,0.127 Mpa,0.127 Mpa,0.00852 Mpa,0.128 Mpa,0.128 Mpa,0.130 Mpa,0.126 Mpa,0.00962 Mpa,0.121 Mpa,0.123 Mpa,0.123 Mpa,0.123 Mpa,0.0108 Mpa,0.126 Mpa,0.124 Mpa,0.126 Mpa,0.124 Mpa,0.00965 Mpa,0.118 Mpa,0.118 Mpa,0.131 Mpa,0.119 Mpa,0.00768 Mpa,1625 RPM
2026-09-08 07:00:00,0.128 Mpa,0.130 Mpa,0.130 Mpa,0.128 Mpa,0 Mpa,0.126 Mpa,0.124 Mpa,0.126 Mpa,0.126 Mpa,0 Mpa,,,,,,0.121 Mpa,0.124 Mpa,0.121 Mpa,0.123 Mpa,,0.119 Mpa,0.117 Mpa,0.118 Mpa,1.02 Mpa,0 Mpa,0.125 Mpa,0.124 Mpa,0.124 Mpa,0.125 Mpa,0 Mpa,0.129 Mpa,0.0705 Mpa,0.128 Mpa,0.128 Mpa,0 Mpa,0.132 Mpa,0.133 Mpa,0.136 Mpa,0.131 Mpa,0 Mpa,0.124 Mpa,0.126 Mpa,0.125 Mpa,0.125 Mpa,0 Mpa,0.127 Mpa,0.126 Mpa,0.128 Mpa,0.125 Mpa,0 Mpa,0.124 Mpa,0.124 Mpa,0.150 Mpa,0.125 Mpa,0 Mpa,1773 RPM
2026-09-08 09:00:00,0.122 Mpa,0.124 Mpa,0.123 Mpa,0.122 Mpa,0 Mpa,0.126 Mpa,0.123 Mpa,0.125 Mpa,0.125 Mpa,0 Mpa,,,,,,0.123 Mpa,0.127 Mpa,0.123 Mpa,0.125 Mpa,,0.123 Mpa,0.121 Mpa,0.123 Mpa,1.02 Mpa,0 Mpa,0.122 Mpa,0.121 Mpa,0.121 Mpa,0.122 Mpa,0 Mpa,0.128 Mpa,0.0772 Mpa,0.127 Mpa,0.127 Mpa,0 Mpa,0.133 Mpa,0.134 Mpa,0.136 Mpa,0.132 Mpa,0 Mpa,0.125 Mpa,0.127 Mpa,0.127 Mpa,0.127 Mpa,0 Mpa,0.122 Mpa,0.122 Mpa,0.124 Mpa,0.121 Mpa,0 Mpa,0.125 Mpa,0.125 Mpa,0.153 Mpa,0.126 Mpa,0 Mpa,1786 RPM
2026-09-08 11:00:00,0.124 Mpa,0.126 Mpa,0.125 Mpa,0.125 Mpa,0 Mpa,0.120 Mpa,0.118 Mpa,0.120 Mpa,0.120 Mpa,0 Mpa,,,,,,0.124 Mpa,0.129 Mpa,0.123 Mpa,0.127 Mpa,,0.122 Mpa,0.120 Mpa,0.121 Mpa,1.02 Mpa,0 Mpa,0.122 Mpa,0.121 Mpa,0.120 Mpa,0.122 Mpa,0.0117 Mpa,0.126 Mpa,0.0397 Mpa,0.125 Mpa,0.124 Mpa,0.0113 Mpa,0.130 Mpa,0.131 Mpa,0.133 Mpa,0.129 Mpa,0 Mpa,0.123 Mpa,0.126 Mpa,0.125 Mpa,0.125 Mpa,0.0842 Mpa,0.120 Mpa,0.120 Mpa,0.122 Mpa,0.119 Mpa,0 Mpa,0.120 Mpa,0.120 Mpa,0.150 Mpa,0.122 Mpa,0 Mpa,1799 RPM
2026-09-08 13:00:00,0.120 Mpa,0.123 Mpa,0.122 Mpa,0.120 Mpa,0.0139 Mpa,0.119 Mpa,0.115 Mpa,0.118 Mpa,0.117 Mpa,0 Mpa,,,,,,0.127 Mpa,0.132 Mpa,0.127 Mpa,0.130 Mpa,,0.119 Mpa,0.118 Mpa,0.118 Mpa,1.02 Mpa,0 Mpa,0.120 Mpa,0.120 Mpa,0.119 Mpa,0.122 Mpa,0.0182 Mpa,0.130 Mpa,0.0737 Mpa,0.129 Mpa,0.128 Mpa,0 Mpa,0.130 Mpa,0.131 Mpa,0.133 Mpa,0.129 Mpa,0 Mpa,0.124 Mpa,0.126 Mpa,0.126 Mpa,0.126 Mpa,0 Mpa,0.122 Mpa,0.121 Mpa,0.123 Mpa,0.120 Mpa,0 Mpa,0.120 Mpa,0.120 Mpa,0.138 Mpa,0.121 Mpa,0 Mpa,1759 RPM
2026-09-08 15:00:00,0.122 Mpa,0.125 Mpa,0.124 Mpa,0.123 Mpa,0 Mpa,0.120 Mpa,0.116 Mpa,0.120 Mpa,0.118 Mpa,0 Mpa,,,,,,0.118 Mpa,0.121 Mpa,0.118 Mpa,0.120 Mpa,,0.120 Mpa,0.118 Mpa,0.119 Mpa,1.02 Mpa,0 Mpa,0.116 Mpa,0.117 Mpa,0.115 Mpa,0.118 Mpa,0 Mpa,0.133 Mpa,0.00676 Mpa,0.132 Mpa,0.132 Mpa,0 Mpa,0.127 Mpa,0.129 Mpa,0.131 Mpa,0.127 Mpa,0 Mpa,0.115 Mpa,0.117 Mpa,0.116 Mpa,0.116 Mpa,0.0285 Mpa,0.120 Mpa,0.119 Mpa,0.122 Mpa,0.118 Mpa,0 Mpa,0.122 Mpa,0.121 Mpa,0.142 Mpa,0.122 Mpa,0 Mpa,1695 RPM
2026-09-08 17:00:00,0.119 Mpa,0.120 Mpa,0.120 Mpa,0.118 Mpa,0 Mpa,0.116 Mpa,0.113 Mpa,0.116 Mpa,0.116 Mpa,0 Mpa,,,,,,0.117 Mpa,0.121 Mpa,0.117 Mpa,0.119 Mpa,,0.121 Mpa,0.119 Mpa,0.120 Mpa,1.02 Mpa,0 Mpa,0.118 Mpa,0.118 Mpa,0.117 Mpa,0.119 Mpa,0 Mpa,0.130 Mpa,0.120 Mpa,0.129 Mpa,0.129 Mpa,0 Mpa,0.117 Mpa,0.119 Mpa,0.120 Mpa,0.117 Mpa,0 Mpa,0.119 Mpa,0.120 Mpa,0.120 Mpa,0.121 Mpa,0 Mpa,0.117 Mpa,0.117 Mpa,0.119 Mpa,0.116 Mpa,0 Mpa,0.119 Mpa,0.119 Mpa,0.146 Mpa,0.120 Mpa,0.00531 Mpa,1563 RPM
2026-09-08 19:00:00,0.128 Mpa,0.129 Mpa,0.129 Mpa,0.127 Mpa,0 Mpa,0.115 Mpa,0.112 Mpa,0.114 Mpa,0.115 Mpa,0 Mpa,,,,,,0.117 Mpa,0.122 Mpa,0.117 Mpa,0.120 Mpa,,0.117 Mpa,0.116 Mpa,0.116 Mpa,1.02 Mpa,0 Mpa,0.121 Mpa,0.121 Mpa,0.119 Mpa,0.122 Mpa,0 Mpa,0.125 Mpa,0.124 Mpa,0.124 Mpa,0.124 Mpa,0 Mpa,0.127 Mpa,0.128 Mpa,0.130 Mpa,0.127 Mpa,0 Mpa,0.115 Mpa,0.117 Mpa,0.117 Mpa,0.117 Mpa,0 Mpa,0.122 Mpa,0.121 Mpa,0.123 Mpa,0.120 Mpa,0 Mpa,0.122 Mpa,0.122 Mpa,0.156 Mpa,0.123 Mpa,0 Mpa,1712 RPM
2026-09-08 21:00:00,0.123 Mpa,0.124 Mpa,0.125 Mpa,0.122 Mpa,0 Mpa,0.117 Mpa,0.114 Mpa,0.117 Mpa,0.116 Mpa,0 Mpa,,,,,,0.117 Mpa,0.120 Mpa,0.118 Mpa,0.119 Mpa,,0.116 Mpa,0.114 Mpa,0.115 Mpa,1.02 Mpa,0 Mpa,0.122 Mpa,0.122 Mpa,0.120 Mpa,0.122 Mpa,0 Mpa,0.129 Mpa,0.0304 Mpa,0.128 Mpa,0.127 Mpa,0 Mpa,0.128 Mpa,0.128 Mpa,0.131 Mpa,0.126 Mpa,0 Mpa,0.121 Mpa,0.123 Mpa,0.122 Mpa,0.123 Mpa,0 Mpa,0.118 Mpa,0.117 Mpa,0.119 Mpa,0.116 Mpa,0 Mpa,0.125 Mpa,0.124 Mpa,0.163 Mpa,0.126 Mpa,0 Mpa,1750 RPM
2026-09-08 23:00:00,0.117 Mpa,0.120 Mpa,0.118 Mpa,0.117 Mpa,0.0147 Mpa,0.118 Mpa,0.115 Mpa,0.117 Mpa,0.117 Mpa,0 Mpa,,,,,,0.120 Mpa,0.123 Mpa,0.119 Mpa,0.122 Mpa,,0.117 Mpa,0.117 Mpa,0.116 Mpa,1.01 Mpa,0.0183 Mpa,0.120 Mpa,0.121 Mpa,0.119 Mpa,0.121 Mpa,0 Mpa,0.129 Mpa,0.0699 Mpa,0.128 Mpa,0.127 Mpa,0 Mpa,0.127 Mpa,0.128 Mpa,0.130 Mpa,0.126 Mpa,0.00822 Mpa,0.121 Mpa,0.123 Mpa,0.123 Mpa,0.123 Mpa,0.101 Mpa,0.114 Mpa,0.113 Mpa,0.116 Mpa,0.113 Mpa,0.00981 Mpa,0.122 Mpa,0.121 Mpa,0.159 Mpa,0.123 Mpa,0 Mpa,1678 RPM
2026-09-09 01:00:00,0.125 Mpa,0.128 Mpa,0.126 Mpa,0.128 Mpa,0 Mpa,0.116 Mpa,0.113 Mpa,0.116 Mpa,0.116 Mpa,0.0138 Mpa,,,,,,0.117 Mpa,0.121 Mpa,0.117 Mpa,0.120 Mpa,,0.108 Mpa,0.108 Mpa,0.107 Mpa,0.975 Mpa,0.119 Mpa,0.116 Mpa,0.117 Mpa,0.114 Mpa,0.118 Mpa,0 Mpa,0.128 Mpa,0.0415 Mpa,0.128 Mpa,0.127 Mpa,0 Mpa,0.125 Mpa,0.126 Mpa,0.128 Mpa,0.125 Mpa,0 Mpa,0.120 Mpa,0.120 Mpa,0.120 Mpa,0.121 Mpa,0 Mpa,0.126 Mpa,0.124 Mpa,0.127 Mpa,0.124 Mpa,0 Mpa,0.122 Mpa,0.122 Mpa,0.160 Mpa,0.123 Mpa,0.00680 Mpa,1665 RPM
2026-09-09 03:00:00,0.117 Mpa,0.120 Mpa,0.118 Mpa,0.118 Mpa,0 Mpa,0.117 Mpa,0.115 Mpa,0.117 Mpa,0.117 Mpa,0 Mpa,0.102 Mpa,0.104 Mpa,0.104 Mpa,0.104 Mpa,0.0541 Mpa,0.118 Mpa,0.121 Mpa,0.119 Mpa,0.120 Mpa,,0.125 Mpa,0.123 Mpa,0.124 Mpa,1.02 Mpa,0 Mpa,0.114 Mpa,0.114 Mpa,0.113 Mpa,0.115 Mpa,0 Mpa,0.125 Mpa,0.115 Mpa,0.125 Mpa,0.124 Mpa,0 Mpa,0.125 Mpa,0.126 Mpa,0.127 Mpa,0.124 Mpa,0 Mpa,0.122 Mpa,0.124 Mpa,0.123 Mpa,0.124 Mpa,0 Mpa,0.124 Mpa,0.123 Mpa,0.126 Mpa,0.122 Mpa,0 Mpa,0.120 Mpa,0.119 Mpa,0.156 Mpa,0.121 Mpa,0 Mpa,1672 RPM
2026-09-09 05:00:00,0.120 Mpa,0.123 Mpa,0.122 Mpa,0.121 Mpa,0 Mpa,0.112 Mpa,0.110 Mpa,0.113 Mpa,0.113 Mpa,0 Mpa,0.109 Mpa,0.109 Mpa,0.109 Mpa,0.109 Mpa,0.286 Mpa,0.114 Mpa,0.117 Mpa,0.114 Mpa,0.116 Mpa,,0.120 Mpa,0.118 Mpa,0.119 Mpa,1.02 Mpa,0 Mpa,0.120 Mpa,0.120 Mpa,0.119 Mpa,0.120 Mpa,0 Mpa,0.128 Mpa,0.0957 Mpa,0.128 Mpa,0.126 Mpa,0 Mpa,0.121 Mpa,0.123 Mpa,0.124 Mpa,0.122 Mpa,0 Mpa,0.123 Mpa,0.127 Mpa,0.125 Mpa,0.126 Mpa,0.00730 Mpa,0.121 Mpa,0.119 Mpa,0.122 Mpa,0.119 Mpa,0.00626 Mpa,0.120 Mpa,0.119 Mpa,0.170 Mpa,0.119 Mpa,0.00595 Mpa,1630 RPM
2026-09-09 07:00:00,0.124 Mpa,0.125 Mpa,0.126 Mpa,0.123 Mpa,0 Mpa,0.116 Mpa,0.113 Mpa,0.116 Mpa,0.116 Mpa,0 Mpa,,,,,,0.103 Mpa,0.106 Mpa,0.103 Mpa,0.105 Mpa,,0.120 Mpa,0.119 Mpa,0.120 Mpa,1.02 Mpa,0 Mpa,0.124 Mpa,0.124 Mpa,0.123 Mpa,0.125 Mpa,0 Mpa,0.128 Mpa,0.123 Mpa,0.129 Mpa,0.127 Mpa,0 Mpa,0.127 Mpa,0.129 Mpa,0.131 Mpa,0.127 Mpa,0 Mpa,0.125 Mpa,0.128 Mpa,0.127 Mpa,0.127 Mpa,0 Mpa,0.119 Mpa,0.118 Mpa,0.121 Mpa,0.118 Mpa,0 Mpa,0.123 Mpa,0.122 Mpa,0.170 Mpa,0.123 Mpa,0 Mpa,1713 RPM
2026-09-09 09:00:00,0.125 Mpa,0.128 Mpa,0.127 Mpa,0.125 Mpa,0 Mpa,0.114 Mpa,0.112 Mpa,0.114 Mpa,0.113 Mpa,0 Mpa,0.109 Mpa,0.108 Mpa,0.110 Mpa,0.106 Mpa,0 Mpa,0.124 Mpa,0.127 Mpa,0.124 Mpa,0.126 Mpa,,0.119 Mpa,0.117 Mpa,0.118 Mpa,1.02 Mpa,0 Mpa,0.121 Mpa,0.121 Mpa,0.119 Mpa,0.122 Mpa,0 Mpa,0.133 Mpa,0.0843 Mpa,0.133 Mpa,0.131 Mpa,0 Mpa,0.130 Mpa,0.130 Mpa,0.133 Mpa,0.129 Mpa,0 Mpa,0.125 Mpa,0.127 Mpa,0.127 Mpa,0.127 Mpa,0 Mpa,0.124 Mpa,0.122 Mpa,0.125 Mpa,0.121 Mpa,0 Mpa,0.119 Mpa,0.119 Mpa,0.156 Mpa,0.120 Mpa,0 Mpa,1766 RPM
2026-09-09 11:00:00,0.128 Mpa,0.130 Mpa,0.129 Mpa,0.127 Mpa,0 Mpa,0.118 Mpa,0.116 Mpa,0.118 Mpa,0.118 Mpa,0 Mpa,0.118 Mpa,0.115 Mpa,0.117 Mpa,0.115 Mpa,0 Mpa,0.125 Mpa,0.129 Mpa,0.124 Mpa,0.127 Mpa,,0.115 Mpa,0.113 Mpa,0.114 Mpa,1.02 Mpa,0 Mpa,0.122 Mpa,0.122 Mpa,0.120 Mpa,0.123 Mpa,0.0101 Mpa,0.129 Mpa,0.0852 Mpa,0.128 Mpa,0.128 Mpa,0.00794 Mpa,0.124 Mpa,0.125 Mpa,0.127 Mpa,0.124 Mpa,0 Mpa,0.126 Mpa,0.129 Mpa,0.128 Mpa,0.129 Mpa,0 Mpa,0.122 Mpa,0.121 Mpa,0.124 Mpa,0.120 Mpa,0 Mpa,0.119 Mpa,0.118 Mpa,0.152 Mpa,0.120 Mpa,0 Mpa,1744 RPM
2026-09-09 13:00:00,0.126 Mpa,0.128 Mpa,0.128 Mpa,0.124 Mpa,0.0209 Mpa,0.116 Mpa,0.114 Mpa,0.116 Mpa,0.117 Mpa,0 Mpa,0.122 Mpa,0.119 Mpa,0.122 Mpa,0.119 Mpa,0 Mpa,0.122 Mpa,0.127 Mpa,0.122 Mpa,0.125 Mpa,,0.114 Mpa,0.113 Mpa,0.113 Mpa,1.01 Mpa,0.0284 Mpa,0.119 Mpa,0.119 Mpa,0.118 Mpa,0.120 Mpa,0 Mpa,0.135 Mpa,0.0404 Mpa,0.134 Mpa,0.133 Mpa,0 Mpa,0.124 Mpa,0.125 Mpa,0.126 Mpa,0.124 Mpa,0 Mpa,0.120 Mpa,0.121 Mpa,0.122 Mpa,0.122 Mpa,0.0253 Mpa,0.124 Mpa,0.123 Mpa,0.126 Mpa,0.122 Mpa,0 Mpa,0.113 Mpa,0.112 Mpa,0.136 Mpa,0.113 Mpa,0 Mpa,1725 RPM
2026-09-09 15:00:00,0.117 Mpa,0.118 Mpa,0.118 Mpa,0.115 Mpa,0 Mpa,0.111 Mpa,0.109 Mpa,0.112 Mpa,0.112 Mpa,0 Mpa,0.120 Mpa,0.117 Mpa,0.119 Mpa,0.117 Mpa,0 Mpa,0.118 Mpa,0.122 Mpa,0.118 Mpa,0.120 Mpa,,0.116 Mpa,0.115 Mpa,0.115 Mpa,1.02 Mpa,0 Mpa,0.122 Mpa,0.121 Mpa,0.120 Mpa,0.122 Mpa,0 Mpa,0.129 Mpa,0.0571 Mpa,0.128 Mpa,0.128 Mpa,0 Mpa,0.124 Mpa,0.125 Mpa,0.127 Mpa,0.123 Mpa,0 Mpa,0.125 Mpa,0.128 Mpa,0.128 Mpa,0.127 Mpa,0 Mpa,0.126 Mpa,0.124 Mpa,0.128 Mpa,0.124 Mpa,0 Mpa,0.120 Mpa,0.120 Mpa,0.156 Mpa,0.121 Mpa,0 Mpa,1723 RPM
2026-09-09 17:00:00,0.130 Mpa,0.132 Mpa,0.131 Mpa,0.131 Mpa,0 Mpa,0.113 Mpa,0.111 Mpa,0.113 Mpa,0.113 Mpa,0 Mpa,0.117 Mpa,0.114 Mpa,0.117 Mpa,0.114 Mpa,0 Mpa,0.115 Mpa,0.120 Mpa,0.115 Mpa,0.118 Mpa,,0.115 Mpa,0.114 Mpa,0.114 Mpa,1.02 Mpa,0 Mpa,0.122 Mpa,0.121 Mpa,0.121 Mpa,0.122 Mpa,0 Mpa,0.126 Mpa,0.0575 Mpa,0.125 Mpa,0.125 Mpa,0 Mpa,0.125 Mpa,0.126 Mpa,0.128 Mpa,0.124 Mpa,0 Mpa,0.120 Mpa,0.124 Mpa,0.122 Mpa,0.124 Mpa,0.00777 Mpa,0.118 Mpa,0.117 Mpa,0.120 Mpa,0.117 Mpa,0 Mpa,0.120 Mpa,0.119 Mpa,0.157 Mpa,0.120 Mpa,0.0356 Mpa,1619 RPM
2026-09-09 19:00:00,0.127 Mpa,0.129 Mpa,0.128 Mpa,0.128 Mpa,0 Mpa,0.115 Mpa,0.113 Mpa,0.115 Mpa,0.115 Mpa,0 Mpa,0.118 Mpa,0.115 Mpa,0.118 Mpa,0.115 Mpa,0 Mpa,0.123 Mpa,0.127 Mpa,0.122 Mpa,0.125 Mpa,,0.116 Mpa,0.116 Mpa,0.116 Mpa,1.02 Mpa,0 Mpa,0.114 Mpa,0.115 Mpa,0.113 Mpa,0.116 Mpa,0 Mpa,0.124 Mpa,0.0994 Mpa,0.123 Mpa,0.123 Mpa,0 Mpa,0.124 Mpa,0.125 Mpa,0.127 Mpa,0.124 Mpa,0 Mpa,0.122 Mpa,0.125 Mpa,0.124 Mpa,0.124 Mpa,0 Mpa,0.122 Mpa,0.120 Mpa,0.124 Mpa,0.120 Mpa,0 Mpa,0.121 Mpa,0.120 Mpa,0.177 Mpa,0.120 Mpa,0 Mpa,1657 RPM
2026-09-09 21:00:00,0.117 Mpa,0.119 Mpa,0.118 Mpa,0.116 Mpa,0 Mpa,0.117 Mpa,0.115 Mpa,0.116 Mpa,0.117 Mpa,0 Mpa,0.121 Mpa,0.118 Mpa,0.121 Mpa,0.117 Mpa,0 Mpa,0.118 Mpa,0.122 Mpa,0.117 Mpa,0.121 Mpa,,0.115 Mpa,0.114 Mpa,0.115 Mpa,1.01 Mpa,0.00837 Mpa,0.122 Mpa,0.122 Mpa,0.120 Mpa,0.123 Mpa,0 Mpa,0.132 Mpa,0.0518 Mpa,0.131 Mpa,0.131 Mpa,0 Mpa,0.129 Mpa,0.130 Mpa,0.132 Mpa,0.128 Mpa,0 Mpa,0.124 Mpa,0.127 Mpa,0.126 Mpa,0.127 Mpa,0 Mpa,0.121 Mpa,0.120 Mpa,0.123 Mpa,0.119 Mpa,0 Mpa,0.124 Mpa,0.124 Mpa,0.178 Mpa,0.125 Mpa,0 Mpa,1685 RPM
2026-09-09 23:00:00,0.119 Mpa,0.120 Mpa,0.120 Mpa,0.119 Mpa,0.00584 Mpa,0.117 Mpa,0.114 Mpa,0.117 Mpa,0.116 Mpa,0.0320 Mpa,0.124 Mpa,0.120 Mpa,0.124 Mpa,0.120 Mpa,0 Mpa,0.118 Mpa,0.123 Mpa,0.118 Mpa,0.120 Mpa,,0.118 Mpa,0.117 Mpa,0.118 Mpa,1.02 Mpa,0 Mpa,0.113 Mpa,0.112 Mpa,0.112 Mpa,0.113 Mpa,0 Mpa,0.131 Mpa,0.112 Mpa,0.129 Mpa,0.129 Mpa,0 Mpa,0.129 Mpa,0.130 Mpa,0.132 Mpa,0.129 Mpa,0.00831 Mpa,0.123 Mpa,0.126 Mpa,0.126 Mpa,0.126 Mpa,0 Mpa,0.117 Mpa,0.117 Mpa,0.119 Mpa,0.116 Mpa,0 Mpa,0.119 Mpa,0.119 Mpa,0.145 Mpa,0.120 Mpa,0 Mpa,1702 RPM
2026-09-10 01:00:00,,,,,,0.116 Mpa,0.113 Mpa,0.116 Mpa,0.115 Mpa,0.00978 Mpa,0.123 Mpa,0.120 Mpa,0.123 Mpa,0.120 Mpa,0.0345 Mpa,0.112 Mpa,0.116 Mpa,0.112 Mpa,0.115 Mpa,,0.114 Mpa,0.113 Mpa,0.114 Mpa,1.02 Mpa,0 Mpa,0.118 Mpa,0.118 Mpa,0.117 Mpa,0.118 Mpa,0 Mpa,0.127 Mpa,0.0815 Mpa,0.126 Mpa,0.125 Mpa,0 Mpa,0.129 Mpa,0.130 Mpa,0.133 Mpa,0.128 Mpa,0 Mpa,0.115 Mpa,0.117 Mpa,0.117 Mpa,0.117 Mpa,0 Mpa,0.116 Mpa,0.116 Mpa,0.119 Mpa,0.116 Mpa,0.00973 Mpa,0.118 Mpa,0.118 Mpa,0.146 Mpa,0.119 Mpa,0.0112 Mpa,1569 RPM
2026-09-10 03:00:00,,,,,,0.115 Mpa,0.113 Mpa,0.115 Mpa,0.115 Mpa,0 Mpa,0.123 Mpa,0.120 Mpa,0.123 Mpa,0.120 Mpa,0 Mpa,0.116 Mpa,0.121 Mpa,0.117 Mpa,0.120 Mpa,,0.116 Mpa,0.115 Mpa,0.115 Mpa,1.02 Mpa,0 Mpa,0.124 Mpa,0.123 Mpa,0.122 Mpa,0.124 Mpa,0 Mpa,0.126 Mpa,0.0796 Mpa,0.125 Mpa,0.124 Mpa,0 Mpa,0.120 Mpa,0.121 Mpa,0.122 Mpa,0.119 Mpa,0 Mpa,0.119 Mpa,0.122 Mpa,0.121 Mpa,0.123 Mpa,0 Mpa,0.115 Mpa,0.114 Mpa,0.116 Mpa,0.115 Mpa,0 Mpa,0.122 Mpa,0.121 Mpa,0.155 Mpa,0.122 Mpa,0 Mpa,1658 RPM
2026-09-10 05:00:00,,,,,,0.120 Mpa,0.117 Mpa,0.119 Mpa,0.119 Mpa,0 Mpa,0.121 Mpa,0.118 Mpa,0.119 Mpa,0.117 Mpa,0 Mpa,0.115 Mpa,0.118 Mpa,0.115 Mpa,0.117 Mpa,,0.119 Mpa,0.117 Mpa,0.119 Mpa,1.02 Mpa,0 Mpa,0.121 Mpa,0.121 Mpa,0.120 Mpa,0.122 Mpa,0 Mpa,0.126 Mpa,0.123 Mpa,0.125 Mpa,0.124 Mpa,0 Mpa,0.125 Mpa,0.127 Mpa,0.128 Mpa,0.125 Mpa,0 Mpa,0.120 Mpa,0.123 Mpa,0.122 Mpa,0.122 Mpa,0.00780 Mpa,0.125 Mpa,0.125 Mpa,0.127 Mpa,0.124 Mpa,0.00168 Mpa,0.121 Mpa,0.121 Mpa,0.152 Mpa,0.122 Mpa,0 Mpa,1671 RPM
2026-09-10 07:00:00,,,,,,0.122 Mpa,0.119 Mpa,0.122 Mpa,0.122 Mpa,0 Mpa,0.125 Mpa,0.122 Mpa,0.124 Mpa,0.121 Mpa,0 Mpa,0.120 Mpa,0.123 Mpa,0.120 Mpa,0.122 Mpa,,0.117 Mpa,0.116 Mpa,0.116 Mpa,1.02 Mpa,0 Mpa,0.120 Mpa,0.119 Mpa,0.118 Mpa,0.121 Mpa,0 Mpa,0.132 Mpa,0.119 Mpa,0.130 Mpa,0.131 Mpa,0 Mpa,0.126 Mpa,0.128 Mpa,0.130 Mpa,0.126 Mpa,0 Mpa,0.123 Mpa,0.127 Mpa,0.126 Mpa,0.126 Mpa,0 Mpa,0.123 Mpa,0.122 Mpa,0.126 Mpa,0.122 Mpa,0 Mpa,0.126 Mpa,0.125 Mpa,0.169 Mpa,0.127 Mpa,0 Mpa,1801 RPM
2026-09-10 09:00:00,0.107 Mpa,0.108 Mpa,0.108 Mpa,0.109 Mpa,0.0792 Mpa,0.119 Mpa,0.116 Mpa,0.119 Mpa,0.119 Mpa,0 Mpa,0.125 Mpa,0.122 Mpa,0.125 Mpa,0.122 Mpa,0 Mpa,0.123 Mpa,0.128 Mpa,0.123 Mpa,0.126 Mpa,,0.118 Mpa,0.115 Mpa,0.118 Mpa,1.02 Mpa,0 Mpa,0.120 Mpa,0.120 Mpa,0.119 Mpa,0.121 Mpa,0 Mpa,0.133 Mpa,0.0826 Mpa,0.133 Mpa,0.131 Mpa,0 Mpa,0.131 Mpa,0.132 Mpa,0.134 Mpa,0.130 Mpa,0 Mpa,0.122 Mpa,0.125 Mpa,0.124 Mpa,0.125 Mpa,0 Mpa,0.123 Mpa,0.122 Mpa,0.126 Mpa,0.122 Mpa,0 Mpa,0.122 Mpa,0.121 Mpa,0.153 Mpa,0.123 Mpa,0 Mpa,1815 RPM
2026-09-10 11:00:00,,,,,,0.121 Mpa,0.117 Mpa,0.121 Mpa,0.119 Mpa,0 Mpa,0.131 Mpa,0.127 Mpa,0.131 Mpa,0.128 Mpa,0 Mpa,0.120 Mpa,0.124 Mpa,0.120 Mpa,0.123 Mpa,,0.117 Mpa,0.114 Mpa,0.117 Mpa,1.01 Mpa,0.00920 Mpa,0.119 Mpa,0.118 Mpa,0.117 Mpa,0.119 Mpa,0 Mpa,0.131 Mpa,0.0526 Mpa,0.130 Mpa,0.129 Mpa,0 Mpa,0.130 Mpa,0.130 Mpa,0.134 Mpa,0.128 Mpa,0 Mpa,0.123 Mpa,0.126 Mpa,0.125 Mpa,0.125 Mpa,0 Mpa,0.117 Mpa,0.116 Mpa,0.119 Mpa,0.116 Mpa,0.00451 Mpa,0.119 Mpa,0.119 Mpa,0.156 Mpa,0.120 Mpa,0 Mpa,1741 RPM
2026-09-10 13:00:00,,,,,,0.122 Mpa,0.117 Mpa,0.121 Mpa,0.120 Mpa,0 Mpa,0.120 Mpa,0.118 Mpa,0.120 Mpa,0.117 Mpa,0 Mpa,0.125 Mpa,0.130 Mpa,0.125 Mpa,0.128 Mpa,,0.115 Mpa,0.113 Mpa,0.115 Mpa,1.02 Mpa,0 Mpa,0.117 Mpa,0.117 Mpa,0.116 Mpa,0.118 Mpa,0 Mpa,0.128 Mpa,0.0847 Mpa,0.127 Mpa,0.126 Mpa,0 Mpa,0.128 Mpa,0.129 Mpa,0.133 Mpa,0.128 Mpa,0 Mpa,0.126 Mpa,0.129 Mpa,0.128 Mpa,0.128 Mpa,0 Mpa,0.126 Mpa,0.125 Mpa,0.128 Mpa,0.124 Mpa,0 Mpa,0.123 Mpa,0.123 Mpa,0.154 Mpa,0.125 Mpa,0 Mpa,1693 RPM

