"Time","P_BW - I38","P_BW - I39","P_BW - I40","P_BW - I41","P_BW - I42","P_BW - I43","P_BW - I44","P_BW - I47","P_BW - I48","%BW - I38","%BW - I39","%BW - I40","%BW - I41","%BW - I42","%BW - I43","%BW - I44","%BW - I47","%BW - I48"
2026-06-17 09:00:00,,0.0941 Mpa,0.500 Mpa,,0.171 Mpa,0.458 Mpa,0.0480 Mpa,0.310 Mpa,,,1.77%,12.9%,,5.52%,11.1%,1.17%,4.65%,
2026-06-17 11:00:00,,0.223 Mpa,0.171 Mpa,,0.234 Mpa,0.353 Mpa,0.151 Mpa,0.252 Mpa,,,8.25%,5.03%,,7.70%,8.68%,3.19%,2.66%,
2026-06-17 13:00:00,,0.249 Mpa,0.113 Mpa,,,0.540 Mpa,0.214 Mpa,0.269 Mpa,,,7.87%,2.58%,,,12.7%,5.80%,3.92%,
2026-06-17 15:00:00,,0.216 Mpa,0.147 Mpa,0.0240 Mpa,0.365 Mpa,0.266 Mpa,0.305 Mpa,0.300 Mpa,,,6.87%,3.75%,0%,12.0%,6.35%,7.67%,3.86%,
2026-06-17 17:00:00,,0.179 Mpa,0.122 Mpa,0.206 Mpa,0.116 Mpa,0.221 Mpa,0.321 Mpa,0.250 Mpa,,,4.99%,4.90%,4.65%,4.40%,4.70%,9.11%,4.63%,
2026-06-17 19:00:00,,0.219 Mpa,0.230 Mpa,0.0947 Mpa,0.153 Mpa,0.284 Mpa,0.108 Mpa,0.209 Mpa,,,5.82%,6.44%,1.05%,5.02%,4.94%,2.19%,2.18%,
2026-06-17 21:00:00,,0.173 Mpa,0.138 Mpa,0.132 Mpa,0.0540 Mpa,0.279 Mpa,0.148 Mpa,0.203 Mpa,,,8.75%,3.50%,1.77%,1.71%,5.25%,3.78%,2.56%,
2026-06-17 23:00:00,,0.209 Mpa,0.210 Mpa,0.200 Mpa,0.221 Mpa,0.345 Mpa,0.117 Mpa,0.278 Mpa,,,10.3%,6.24%,37.6%,7.65%,5.86%,2.89%,5.01%,
2026-06-18 01:00:00,,1.65 Mpa,0.102 Mpa,0.197 Mpa,0.0834 Mpa,0.289 Mpa,0.107 Mpa,0.298 Mpa,,,46.8%,3.18%,2.89%,4.49%,3.57%,2.84%,5.12%,
2026-06-18 03:00:00,,,0.167 Mpa,0.147 Mpa,0.0543 Mpa,0.283 Mpa,0.118 Mpa,0.212 Mpa,,,,4.96%,1.40%,3.23%,4.04%,3.14%,2.37%,
2026-06-18 05:00:00,,0.110 Mpa,0.119 Mpa,0.308 Mpa,0.145 Mpa,0.245 Mpa,0.0715 Mpa,0.254 Mpa,,,1.71%,2.67%,6.17%,4.72%,5.74%,1.97%,4.93%,
2026-06-18 07:00:00,,0.421 Mpa,0.153 Mpa,0.162 Mpa,0.361 Mpa,0.316 Mpa,0.132 Mpa,0.246 Mpa,,,14.7%,3.22%,1.72%,12.3%,4.23%,2.89%,4.29%,
2026-06-18 09:00:00,,0.494 Mpa,0.194 Mpa,0.216 Mpa,0.266 Mpa,0.362 Mpa,0.0831 Mpa,0.413 Mpa,,,17.0%,4.81%,3.54%,8.57%,6.62%,1.21%,9.17%,
2026-06-18 11:00:00,,0.429 Mpa,0.185 Mpa,0.141 Mpa,0.0990 Mpa,0.332 Mpa,0.0943 Mpa,0.424 Mpa,,,12.3%,5.30%,0.879%,4.32%,4.89%,1.72%,8.52%,
2026-06-18 13:00:00,,0.153 Mpa,0.938 Mpa,0.128 Mpa,0.0689 Mpa,0.305 Mpa,0.135 Mpa,0.334 Mpa,,,3.29%,26.4%,1.65%,2.33%,4.11%,3.27%,5.38%,
2026-06-18 15:00:00,0.0911 Mpa,0.136 Mpa,0.411 Mpa,0.285 Mpa,0.101 Mpa,0.335 Mpa,0.0124 Mpa,0.327 Mpa,,2.45%,3.20%,10.9%,5.83%,3.84%,6.13%,0.0622%,5.26%,
2026-06-18 17:00:00,0.227 Mpa,0.148 Mpa,0.223 Mpa,0.260 Mpa,0.0897 Mpa,0.369 Mpa,0.0860 Mpa,0.349 Mpa,,5.74%,11.0%,6.88%,4.64%,3.56%,8.68%,1.80%,5.44%,
2026-06-18 19:00:00,0.162 Mpa,0.124 Mpa,0.231 Mpa,0.232 Mpa,0.310 Mpa,0.308 Mpa,0.136 Mpa,0.391 Mpa,,5.13%,7.32%,6.42%,3.58%,9.99%,11.0%,2.84%,5.68%,
2026-06-18 21:00:00,0.194 Mpa,0.104 Mpa,0.168 Mpa,0.150 Mpa,0.244 Mpa,0.431 Mpa,0.129 Mpa,0.280 Mpa,,6.48%,5.86%,5.25%,1.41%,8.14%,11.7%,2.60%,3.00%,
2026-06-18 23:00:00,0.169 Mpa,0.126 Mpa,0.211 Mpa,0.209 Mpa,0.360 Mpa,0.281 Mpa,0.144 Mpa,0.258 Mpa,,5.09%,2.38%,5.24%,2.77%,11.2%,7.90%,2.96%,2.03%,
2026-06-19 01:00:00,0.273 Mpa,0.339 Mpa,0.294 Mpa,0.226 Mpa,0.135 Mpa,0.321 Mpa,0.112 Mpa,0.257 Mpa,,8.67%,13.7%,7.84%,3.53%,4.45%,8.18%,2.15%,2.13%,
2026-06-19 03:00:00,0.120 Mpa,0.230 Mpa,0.211 Mpa,,0.0348 Mpa,0.266 Mpa,0.106 Mpa,0.287 Mpa,,3.94%,8.79%,6.34%,,1.52%,4.75%,2.47%,3.05%,
2026-06-19 05:00:00,0.369 Mpa,0.0240 Mpa,0.203 Mpa,0.171 Mpa,0.154 Mpa,0.308 Mpa,0.156 Mpa,0.401 Mpa,,10.2%,0%,5.79%,2.58%,5.52%,6.87%,3.88%,6.47%,
2026-06-19 07:00:00,0.396 Mpa,0.0265 Mpa,0.262 Mpa,0.228 Mpa,0.0883 Mpa,0.312 Mpa,0.115 Mpa,0.270 Mpa,,10.7%,0%,8.14%,3.72%,3.98%,6.70%,3.36%,2.81%,
2026-06-19 09:00:00,0.625 Mpa,0.0452 Mpa,0.150 Mpa,0.271 Mpa,0.149 Mpa,0.300 Mpa,0.138 Mpa,0.292 Mpa,,16.1%,0%,4.58%,4.66%,5.55%,4.88%,3.11%,4.91%,
2026-06-19 11:00:00,0.256 Mpa,0.257 Mpa,0.183 Mpa,0.285 Mpa,0.145 Mpa,0.420 Mpa,0.503 Mpa,0.349 Mpa,,7.28%,9.94%,5.45%,5.54%,5.96%,9.98%,13.3%,6.24%,
2026-06-19 13:00:00,0.329 Mpa,0.135 Mpa,0.189 Mpa,0.242 Mpa,0.0992 Mpa,0.245 Mpa,0.244 Mpa,0.416 Mpa,,9.32%,9.26%,4.60%,3.88%,4.47%,4.02%,6.00%,9.34%,
2026-06-19 15:00:00,0.411 Mpa,0.156 Mpa,0.249 Mpa,0.337 Mpa,0.258 Mpa,0.252 Mpa,0.187 Mpa,0.437 Mpa,,10.9%,7.54%,6.96%,7.01%,10.4%,4.96%,4.68%,9.12%,
2026-06-19 17:00:00,0.115 Mpa,0.173 Mpa,0.193 Mpa,0.221 Mpa,0.141 Mpa,0.286 Mpa,0.279 Mpa,0.343 Mpa,,2.84%,6.50%,5.37%,3.50%,5.92%,8.68%,7.49%,4.56%,
2026-06-19 19:00:00,0.276 Mpa,0.193 Mpa,0.243 Mpa,0.0475 Mpa,0.0195 Mpa,0.278 Mpa,0.293 Mpa,0.331 Mpa,,6.96%,7.25%,6.44%,0%,0.756%,8.60%,7.68%,4.09%,
2026-06-19 21:00:00,0.187 Mpa,0.181 Mpa,0.216 Mpa,0.208 Mpa,0.0317 Mpa,0.244 Mpa,0.0818 Mpa,0.292 Mpa,,5.62%,11.4%,6.08%,2.80%,2.00%,6.86%,1.75%,2.79%,
2026-06-19 23:00:00,0.177 Mpa,0.191 Mpa,0.188 Mpa,0.280 Mpa,0.00511 Mpa,0.324 Mpa,0.178 Mpa,0.284 Mpa,,5.43%,10.0%,4.63%,4.71%,0%,9.67%,4.59%,2.39%,
2026-06-20 01:00:00,0.0947 Mpa,0.216 Mpa,0.283 Mpa,0.241 Mpa,,0.373 Mpa,0.0922 Mpa,0.263 Mpa,,2.26%,11.7%,7.88%,3.63%,,15.3%,2.20%,2.69%,
2026-06-20 03:00:00,0.103 Mpa,0.222 Mpa,0.156 Mpa,0.315 Mpa,,0.299 Mpa,0.243 Mpa,0.324 Mpa,,2.75%,10.1%,4.96%,5.97%,,5.79%,6.01%,5.45%,
2026-06-20 05:00:00,0.220 Mpa,0.282 Mpa,0.146 Mpa,0.376 Mpa,,0.286 Mpa,0.119 Mpa,0.329 Mpa,,5.69%,9.56%,4.62%,7.57%,,5.42%,3.25%,4.26%,
2026-06-20 07:00:00,0.128 Mpa,0.145 Mpa,0.288 Mpa,0.493 Mpa,,0.462 Mpa,0.0592 Mpa,0.404 Mpa,,3.56%,6.84%,7.47%,10.4%,,13.9%,1.80%,6.69%,
2026-06-20 09:00:00,0.147 Mpa,0.273 Mpa,0.245 Mpa,0.476 Mpa,0 Mpa,0.404 Mpa,0.225 Mpa,0.417 Mpa,,5.64%,12.3%,6.50%,9.89%,0%,10.2%,5.67%,6.37%,
2026-06-20 11:00:00,0.169 Mpa,0.458 Mpa,0.204 Mpa,0.365 Mpa,0.00559 Mpa,0.428 Mpa,0.140 Mpa,0.285 Mpa,,4.60%,15.4%,5.26%,7.47%,0.274%,12.7%,3.22%,4.61%,
2026-06-20 13:00:00,0.126 Mpa,0.235 Mpa,0.204 Mpa,,,0.332 Mpa,0.124 Mpa,0.271 Mpa,,3.72%,9.81%,5.75%,,,8.89%,2.62%,4.54%,
2026-06-20 15:00:00,0.0930 Mpa,0.151 Mpa,0.142 Mpa,0.265 Mpa,,0.610 Mpa,0.192 Mpa,0.307 Mpa,,1.88%,8.51%,4.09%,4.48%,,17.0%,4.85%,5.69%,
2026-06-20 17:00:00,0.0641 Mpa,0.0756 Mpa,0.145 Mpa,0.0856 Mpa,,0.309 Mpa,0.112 Mpa,0.283 Mpa,,2.28%,5.17%,3.43%,0.728%,,6.97%,2.47%,3.54%,
2026-06-20 19:00:00,0.00777 Mpa,0.274 Mpa,0.125 Mpa,0.349 Mpa,,0.459 Mpa,0.104 Mpa,0.362 Mpa,,1.56%,8.79%,2.62%,6.88%,,9.41%,2.05%,6.66%,
2026-06-20 21:00:00,0.00968 Mpa,0.348 Mpa,0.187 Mpa,0.313 Mpa,,0.302 Mpa,0.116 Mpa,0.280 Mpa,,1.65%,14.9%,4.15%,5.47%,,4.98%,3.17%,4.30%,
2026-06-20 23:00:00,0 Mpa,0.123 Mpa,0.175 Mpa,0.227 Mpa,,0.302 Mpa,0.238 Mpa,0.205 Mpa,,1.60%,9.16%,5.06%,3.15%,,4.75%,6.36%,1.70%,
2026-06-21 01:00:00,0 Mpa,0.107 Mpa,0.248 Mpa,0.300 Mpa,,0.282 Mpa,0.141 Mpa,0.195 Mpa,,1.65%,10.4%,7.55%,5.72%,,5.02%,3.73%,3.52%,
2026-06-21 03:00:00,0 Mpa,0.160 Mpa,0.202 Mpa,0.183 Mpa,,0.264 Mpa,0.147 Mpa,0.260 Mpa,,1.76%,8.15%,6.35%,3.03%,,4.65%,3.88%,3.08%,
2026-06-21 05:00:00,0.0766 Mpa,0.131 Mpa,0.329 Mpa,0.111 Mpa,,0.429 Mpa,0.0970 Mpa,0.424 Mpa,,2.58%,9.12%,9.57%,1.11%,,9.71%,2.54%,7.25%,
2026-06-21 07:00:00,0.165 Mpa,2.79 Mpa,0.334 Mpa,0.314 Mpa,,0.376 Mpa,0.176 Mpa,0.394 Mpa,,3.95%,8.24%,9.22%,7.55%,,10.6%,4.26%,5.78%,
2026-06-21 09:00:00,0.328 Mpa,6.10 Mpa,0.265 Mpa,0.255 Mpa,,0.659 Mpa,0.195 Mpa,0.377 Mpa,,8.09%,11.4%,8.05%,4.91%,,18.7%,4.98%,5.52%,
2026-06-21 11:00:00,0.0995 Mpa,5.70 Mpa,0.277 Mpa,0.202 Mpa,,0.688 Mpa,,0.347 Mpa,,4.27%,8.07%,7.67%,3.05%,,18.1%,,4.68%,
2026-06-21 13:00:00,0.116 Mpa,1.80 Mpa,,,,,,0.140 Mpa,,2.82%,22.0%,,,,,,0%,
2026-06-21 15:00:00,0.134 Mpa,6.09 Mpa,,0.0599 Mpa,,,,,,4.86%,14.0%,,0.460%,,,,,
2026-06-21 17:00:00,0.108 Mpa,5.87 Mpa,0.204 Mpa,0.285 Mpa,,0.401 Mpa,0.0875 Mpa,0.203 Mpa,,2.97%,6.80%,4.27%,5.01%,,7.00%,1.07%,0%,
2026-06-21 19:00:00,0.0857 Mpa,6.10 Mpa,0.199 Mpa,0.148 Mpa,,0.302 Mpa,0.188 Mpa,0.253 Mpa,,2.71%,7.58%,3.94%,1.57%,,5.85%,4.58%,0%,
2026-06-21 21:00:00,0.126 Mpa,6.10 Mpa,0.183 Mpa,0.280 Mpa,,0.323 Mpa,0.219 Mpa,0.281 Mpa,,3.64%,8.77%,4.21%,4.59%,,5.74%,5.34%,3.32%,
2026-06-21 23:00:00,0.129 Mpa,6.10 Mpa,0.282 Mpa,0.195 Mpa,0.178 Mpa,0.279 Mpa,0.115 Mpa,0.308 Mpa,,4.07%,4.17%,7.15%,2.40%,6.26%,4.75%,2.72%,5.00%,
2026-06-22 01:00:00,0.391 Mpa,6.10 Mpa,0.253 Mpa,0.174 Mpa,0.0114 Mpa,0.319 Mpa,0.131 Mpa,0.252 Mpa,,11.0%,7.18%,6.04%,1.56%,1.85%,5.46%,3.57%,3.51%,
2026-06-22 03:00:00,0.194 Mpa,3.75 Mpa,0.252 Mpa,0.164 Mpa,0.0856 Mpa,0.295 Mpa,0.179 Mpa,0.259 Mpa,,6.37%,4.51%,5.64%,1.67%,2.03%,3.90%,5.38%,3.46%,
2026-06-22 05:00:00,0.172 Mpa,0.287 Mpa,0.189 Mpa,0.215 Mpa,0.0653 Mpa,0.343 Mpa,0.114 Mpa,0.571 Mpa,,6.00%,11.4%,5.46%,3.58%,2.20%,8.12%,2.83%,12.1%,
2026-06-22 07:00:00,0.113 Mpa,0.146 Mpa,0.348 Mpa,0.211 Mpa,0.190 Mpa,0.372 Mpa,0.122 Mpa,0.386 Mpa,,4.81%,7.14%,9.65%,2.46%,6.90%,8.44%,2.85%,6.78%,
2026-06-22 09:00:00,0.194 Mpa,0.135 Mpa,0.644 Mpa,0.193 Mpa,0.0440 Mpa,0.329 Mpa,0.640 Mpa,0.382 Mpa,,6.33%,8.95%,17.7%,1.92%,1.93%,5.03%,17.4%,7.07%,
2026-06-22 11:00:00,0.216 Mpa,0.180 Mpa,0.306 Mpa,0.209 Mpa,0.135 Mpa,0.761 Mpa,0.113 Mpa,0.428 Mpa,,5.68%,10.7%,8.40%,2.30%,4.13%,19.6%,2.13%,6.30%,
2026-06-22 13:00:00,0.161 Mpa,0.280 Mpa,0.243 Mpa,0.190 Mpa,0.0399 Mpa,,0.362 Mpa,0.427 Mpa,,4.26%,10.7%,6.95%,3.06%,1.41%,,9.42%,7.20%,
2026-06-22 15:00:00,0.196 Mpa,0.116 Mpa,0.179 Mpa,0.196 Mpa,0.0332 Mpa,,0.119 Mpa,1.08 Mpa,,4.61%,8.19%,5.45%,2.21%,5.51%,,2.66%,25.9%,
2026-06-22 17:00:00,0.124 Mpa,0.0864 Mpa,0.185 Mpa,0.203 Mpa,0.0398 Mpa,,0.136 Mpa,0.288 Mpa,,3.83%,5.46%,4.82%,2.72%,1.94%,,3.09%,3.00%,
2026-06-22 19:00:00,0.104 Mpa,0.214 Mpa,0.178 Mpa,0.216 Mpa,0.0457 Mpa,,0.207 Mpa,0.368 Mpa,,2.00%,7.22%,3.81%,3.09%,1.14%,,4.82%,4.71%,
2026-06-22 21:00:00,0.0886 Mpa,0.296 Mpa,0.209 Mpa,0.215 Mpa,0.0611 Mpa,0.160 Mpa,0.168 Mpa,0.301 Mpa,,1.44%,9.78%,4.16%,3.15%,2.99%,4.34%,4.23%,3.40%,
2026-06-22 23:00:00,0.109 Mpa,0.255 Mpa,0.257 Mpa,0.227 Mpa,0.0827 Mpa,,0.141 Mpa,0.283 Mpa,,1.99%,14.2%,5.54%,3.60%,3.54%,,3.98%,2.02%,
2026-06-23 01:00:00,0.229 Mpa,0.0948 Mpa,0.260 Mpa,0.238 Mpa,0.0436 Mpa,,0.168 Mpa,0.211 Mpa,,5.15%,4.36%,6.89%,3.90%,1.95%,,3.98%,1.24%,
2026-06-23 03:00:00,0.188 Mpa,0.0744 Mpa,0.176 Mpa,0.207 Mpa,0.0207 Mpa,,0.181 Mpa,0.413 Mpa,,5.50%,0.277%,3.78%,2.78%,0.464%,,4.96%,7.31%,
2026-06-23 05:00:00,0.0881 Mpa,0.0370 Mpa,0.177 Mpa,0.248 Mpa,0.113 Mpa,,0.127 Mpa,0.253 Mpa,,2.24%,0%,5.34%,4.06%,3.50%,,3.53%,2.09%,
2026-06-23 07:00:00,0.0851 Mpa,,0.244 Mpa,0.248 Mpa,0.0886 Mpa,,0.176 Mpa,0.235 Mpa,,1.55%,,6.88%,3.72%,2.60%,,4.32%,2.47%,
2026-06-23 09:00:00,0.158 Mpa,0.142 Mpa,0.172 Mpa,0.251 Mpa,0.0790 Mpa,,0.181 Mpa,0.300 Mpa,,3.55%,3.36%,5.03%,4.31%,2.42%,,4.14%,4.22%,
2026-06-23 11:00:00,0.203 Mpa,,0.149 Mpa,0.280 Mpa,0.0456 Mpa,0.158 Mpa,0.148 Mpa,0.215 Mpa,,6.50%,,4.83%,5.05%,1.84%,5.65%,3.53%,1.54%,
2026-06-23 13:00:00,0.210 Mpa,,0.133 Mpa,0.296 Mpa,0.0350 Mpa,,0.149 Mpa,0.169 Mpa,,6.55%,,4.25%,6.03%,0.903%,,3.16%,0%,
2026-06-23 15:00:00,0.0948 Mpa,0.423 Mpa,0.168 Mpa,0.211 Mpa,0.477 Mpa,0.144 Mpa,0.302 Mpa,0.350 Mpa,,2.22%,13.4%,4.62%,3.34%,15.2%,2.69%,7.42%,4.71%,
2026-06-23 17:00:00,0.107 Mpa,,0.232 Mpa,0.211 Mpa,0.122 Mpa,,0.0936 Mpa,0.344 Mpa,,3.59%,,6.23%,2.96%,4.40%,,2.38%,4.53%,
2026-06-23 19:00:00,0.105 Mpa,,0.180 Mpa,0.202 Mpa,0.0563 Mpa,,0 Mpa,0.295 Mpa,,3.16%,,5.01%,2.50%,3.24%,,0.198%,4.41%,
2026-06-23 21:00:00,0.177 Mpa,,0.282 Mpa,0.298 Mpa,0.109 Mpa,,0.250 Mpa,0.318 Mpa,,4.50%,,7.50%,5.19%,3.75%,,6.91%,4.13%,
2026-06-23 23:00:00,0.110 Mpa,0.423 Mpa,0.231 Mpa,0.374 Mpa,0.0678 Mpa,0.147 Mpa,0.171 Mpa,0.366 Mpa,,3.15%,8.48%,6.16%,7.02%,2.98%,0.00816%,4.37%,6.15%,
2026-06-24 01:00:00,0.120 Mpa,0.430 Mpa,0.199 Mpa,0.322 Mpa,0.0392 Mpa,,0.0599 Mpa,0.408 Mpa,,3.53%,12.9%,5.16%,6.20%,1.58%,,2.20%,7.96%,
2026-06-24 03:00:00,0.195 Mpa,,0.229 Mpa,0.257 Mpa,0.148 Mpa,,0.0272 Mpa,0.327 Mpa,,5.18%,,7.06%,4.26%,4.62%,,0.540%,4.37%,
2026-06-24 05:00:00,0.0682 Mpa,,0.205 Mpa,0.365 Mpa,0.170 Mpa,,,0.295 Mpa,,3.85%,,6.01%,7.32%,4.49%,,,4.05%,
2026-06-24 07:00:00,0.134 Mpa,,0.304 Mpa,0.274 Mpa,0.205 Mpa,,,0.336 Mpa,,4.65%,,9.25%,5.63%,6.02%,,,4.39%,
2026-06-24 09:00:00,0.362 Mpa,,0.250 Mpa,0.614 Mpa,0.136 Mpa,,,0.296 Mpa,,8.90%,,7.83%,13.8%,4.30%,,,3.87%,
2026-06-24 11:00:00,0.192 Mpa,,0.215 Mpa,0.333 Mpa,0.0588 Mpa,0.123 Mpa,0.0748 Mpa,0.263 Mpa,,4.37%,,6.16%,6.08%,2.28%,2.02%,1.79%,2.17%,
2026-06-24 13:00:00,0.147 Mpa,,0.167 Mpa,0.209 Mpa,0.0901 Mpa,0.138 Mpa,,0.280 Mpa,,4.17%,,5.33%,2.76%,4.33%,1.64%,,2.50%,
2026-06-24 15:00:00,0.188 Mpa,0.419 Mpa,0.139 Mpa,0.228 Mpa,0.206 Mpa,0.212 Mpa,,0.308 Mpa,,4.37%,4.05%,3.51%,3.96%,6.95%,4.67%,,3.55%,
2026-06-24 17:00:00,0.132 Mpa,0.440 Mpa,0.334 Mpa,0.236 Mpa,0.0204 Mpa,0.320 Mpa,,0.341 Mpa,,3.54%,7.16%,9.11%,4.87%,2.64%,7.59%,,4.92%,
2026-06-24 19:00:00,0.0892 Mpa,,0.276 Mpa,0.364 Mpa,0.135 Mpa,0.334 Mpa,,0.332 Mpa,,2.65%,,7.83%,6.32%,5.79%,7.91%,,5.23%,
2026-06-24 21:00:00,0.126 Mpa,0.446 Mpa,0.225 Mpa,0.234 Mpa,0.0512 Mpa,0.326 Mpa,,0.339 Mpa,,2.86%,10.1%,6.67%,3.10%,2.79%,9.39%,,5.96%,
2026-06-24 23:00:00,0.113 Mpa,0.461 Mpa,0.247 Mpa,0.197 Mpa,0.0856 Mpa,0.323 Mpa,,0.264 Mpa,,3.44%,6.21%,5.81%,2.03%,4.07%,7.83%,,3.83%,
2026-06-25 01:00:00,0.141 Mpa,,0.207 Mpa,0.212 Mpa,0.0611 Mpa,0.276 Mpa,,0.147 Mpa,,3.42%,,4.97%,3.02%,4.18%,5.63%,,0.779%,
2026-06-25 03:00:00,0.188 Mpa,0.429 Mpa,0.132 Mpa,0.322 Mpa,0.0466 Mpa,0.247 Mpa,,0.697 Mpa,,5.02%,18.7%,3.54%,6.57%,2.26%,3.90%,,16.1%,
2026-06-25 05:00:00,0.134 Mpa,,0.431 Mpa,0.316 Mpa,0.00715 Mpa,0.374 Mpa,,0.190 Mpa,,4.54%,,11.0%,5.85%,0%,11.0%,,1.97%,
2026-06-25 07:00:00,0.109 Mpa,0.438 Mpa,0.332 Mpa,0.285 Mpa,0.131 Mpa,0.389 Mpa,,0.280 Mpa,,3.06%,19.5%,8.33%,4.72%,4.20%,11.9%,,4.08%,
2026-06-25 09:00:00,0.181 Mpa,,0.220 Mpa,0.207 Mpa,0.135 Mpa,0.280 Mpa,,0.204 Mpa,,4.81%,,4.91%,2.66%,4.93%,7.55%,,2.47%,
2026-06-25 11:00:00,0.264 Mpa,,0.189 Mpa,0.229 Mpa,0.0509 Mpa,0.299 Mpa,0.0788 Mpa,0.331 Mpa,,7.44%,,5.24%,3.30%,2.04%,6.50%,1.88%,4.85%,
2026-06-25 13:00:00,0.0829 Mpa,,0.199 Mpa,0.200 Mpa,0.0873 Mpa,0.630 Mpa,0.142 Mpa,0.280 Mpa,,2.08%,,4.20%,2.27%,3.16%,15.6%,1.56%,3.26%,
2026-06-25 15:00:00,0.116 Mpa,0.437 Mpa,0.221 Mpa,0.378 Mpa,0.0282 Mpa,0.161 Mpa,0.218 Mpa,0.205 Mpa,,3.76%,0.128%,4.75%,7.85%,1.35%,0.919%,2.08%,1.62%,
2026-06-25 17:00:00,0.168 Mpa,0.457 Mpa,0.169 Mpa,0.304 Mpa,0.0934 Mpa,0.327 Mpa,0.163 Mpa,0.277 Mpa,,4.83%,16.5%,4.88%,4.96%,2.75%,6.90%,2.26%,3.02%,
2026-06-25 19:00:00,0.279 Mpa,,0.237 Mpa,0.0751 Mpa,0.168 Mpa,0.370 Mpa,0.203 Mpa,0.272 Mpa,,7.23%,,6.57%,0.175%,5.59%,6.50%,3.35%,2.29%,
2026-06-25 21:00:00,0.215 Mpa,,0.147 Mpa,0.207 Mpa,0.120 Mpa,0.283 Mpa,0.244 Mpa,0.252 Mpa,,5.52%,,3.60%,2.14%,4.93%,4.53%,3.83%,2.15%,
2026-06-25 23:00:00,0.299 Mpa,,0.0411 Mpa,0.257 Mpa,0.148 Mpa,0.281 Mpa,0.308 Mpa,0.291 Mpa,,7.71%,,1.73%,3.55%,5.94%,4.24%,5.88%,3.31%,
2026-06-26 01:00:00,0.0676 Mpa,0.463 Mpa,,0.348 Mpa,0.0595 Mpa,0.311 Mpa,0.151 Mpa,0.388 Mpa,,4.28%,8.46%,,6.09%,2.85%,4.72%,1.67%,6.74%,
2026-06-26 03:00:00,0.0653 Mpa,,0.437 Mpa,0.198 Mpa,0.0813 Mpa,0.272 Mpa,0.181 Mpa,0.205 Mpa,,2.85%,,12.6%,2.43%,2.98%,4.06%,2.51%,3.03%,
2026-06-26 05:00:00,0.149 Mpa,,,0.216 Mpa,0.141 Mpa,0.261 Mpa,0.265 Mpa,0.259 Mpa,,5.13%,,,2.50%,5.11%,6.02%,4.62%,3.59%,
2026-06-26 07:00:00,0.185 Mpa,,,0.233 Mpa,0.124 Mpa,0.324 Mpa,0.332 Mpa,0.302 Mpa,,5.94%,,,3.03%,4.30%,7.84%,6.72%,4.53%,
2026-06-26 09:00:00,0.0542 Mpa,,,0.217 Mpa,0.107 Mpa,0.343 Mpa,0.163 Mpa,0.316 Mpa,,2.57%,,,2.54%,4.16%,8.51%,1.68%,4.14%,
2026-06-26 11:00:00,0.0916 Mpa,,,0.269 Mpa,0.0629 Mpa,0.284 Mpa,0.204 Mpa,0.388 Mpa,,3.63%,,,4.01%,2.91%,5.98%,2.39%,6.97%,
2026-06-26 13:00:00,0.0711 Mpa,0.456 Mpa,,0.344 Mpa,0.100 Mpa,0.349 Mpa,0.508 Mpa,0.298 Mpa,,2.31%,0%,,6.46%,4.04%,8.12%,11.2%,4.57%,
2026-06-26 15:00:00,0.0947 Mpa,0.0393 Mpa,,0.197 Mpa,0.236 Mpa,0.665 Mpa,0.201 Mpa,0.249 Mpa,,3.11%,0.00825%,,2.47%,7.39%,15.5%,1.99%,3.71%,
2026-06-26 17:00:00,0.0381 Mpa,0.0316 Mpa,,0.180 Mpa,0.144 Mpa,0.291 Mpa,0.258 Mpa,0.242 Mpa,,3.21%,3.97%,,2.55%,4.85%,5.18%,4.25%,3.86%,
2026-06-26 19:00:00,0.127 Mpa,0.0965 Mpa,,0.316 Mpa,0.0795 Mpa,0.246 Mpa,0.187 Mpa,0.315 Mpa,,4.12%,9.95%,,6.34%,2.67%,5.55%,1.80%,6.97%,
2026-06-26 21:00:00,0.0821 Mpa,0.0416 Mpa,,0.217 Mpa,0.0655 Mpa,0.338 Mpa,0.175 Mpa,,,3.43%,4.84%,,3.13%,3.34%,6.23%,2.15%,,
2026-06-26 23:00:00,0.108 Mpa,0.0253 Mpa,0.0285 Mpa,0.278 Mpa,0.0674 Mpa,0.320 Mpa,0.156 Mpa,0.283 Mpa,,4.04%,4.17%,2.79%,4.78%,4.06%,4.67%,2.68%,4.82%,
2026-06-27 01:00:00,0.0528 Mpa,0.119 Mpa,,0.377 Mpa,0.0981 Mpa,0.469 Mpa,0.0541 Mpa,0.312 Mpa,,3.32%,6.71%,,7.75%,3.56%,8.65%,0.314%,5.60%,
2026-06-27 03:00:00,0.0412 Mpa,,,0.182 Mpa,0.157 Mpa,0.334 Mpa,0.145 Mpa,0.370 Mpa,,3.52%,,,2.13%,5.17%,5.93%,3.07%,7.49%,
2026-06-27 05:00:00,0.0373 Mpa,,,0.256 Mpa,0.134 Mpa,0.270 Mpa,0.173 Mpa,0.374 Mpa,,4.11%,,,3.98%,5.32%,5.09%,3.09%,7.29%,
2026-06-27 07:00:00,0.100 Mpa,,,0.188 Mpa,0.128 Mpa,0.294 Mpa,0.185 Mpa,0.215 Mpa,,4.96%,,,2.20%,5.56%,5.53%,2.67%,3.38%,
2026-06-27 09:00:00,0.481 Mpa,,,0.221 Mpa,0.161 Mpa,0.290 Mpa,0.199 Mpa,0.369 Mpa,,13.5%,,,2.82%,5.78%,4.56%,2.18%,7.88%,
2026-06-27 11:00:00,0.117 Mpa,,,0.173 Mpa,0.0862 Mpa,0.476 Mpa,0.168 Mpa,0.339 Mpa,,3.93%,,,1.49%,4.17%,10.1%,1.45%,4.90%,
2026-06-27 13:00:00,0.0989 Mpa,,0.0309 Mpa,0.193 Mpa,0.146 Mpa,0.349 Mpa,0.281 Mpa,0.222 Mpa,,2.02%,,3.93%,2.27%,5.20%,6.66%,4.62%,2.86%,
2026-06-27 15:00:00,0.138 Mpa,,0.0601 Mpa,0.275 Mpa,0.152 Mpa,0.371 Mpa,0.249 Mpa,0.319 Mpa,,4.31%,,3.60%,4.32%,5.26%,8.18%,4.10%,5.22%,
2026-06-27 17:00:00,0.337 Mpa,,0.118 Mpa,0.197 Mpa,0.539 Mpa,0.362 Mpa,0.175 Mpa,0.261 Mpa,,9.69%,,4.67%,2.47%,17.6%,8.47%,2.68%,2.70%,
2026-06-27 19:00:00,0.0944 Mpa,,0.158 Mpa,0.228 Mpa,0.113 Mpa,0.473 Mpa,0.552 Mpa,0.298 Mpa,,2.87%,,5.59%,3.49%,3.60%,12.5%,12.7%,3.90%,
2026-06-27 21:00:00,0.135 Mpa,,0.206 Mpa,0.313 Mpa,0.0913 Mpa,0.329 Mpa,0.355 Mpa,0.287 Mpa,,5.60%,,7.21%,5.43%,3.87%,8.47%,7.52%,3.28%,
2026-06-27 23:00:00,0.300 Mpa,,0.144 Mpa,0.117 Mpa,0.0481 Mpa,0.417 Mpa,0.147 Mpa,0.305 Mpa,,9.78%,,6.16%,0.416%,2.30%,11.5%,2.41%,4.79%,
2026-06-28 01:00:00,0.318 Mpa,,0.144 Mpa,0.187 Mpa,0.133 Mpa,0.287 Mpa,0.176 Mpa,0.260 Mpa,,9.25%,,5.82%,2.66%,5.06%,7.78%,3.33%,2.92%,
2026-06-28 03:00:00,0.205 Mpa,,0.134 Mpa,0.270 Mpa,0.153 Mpa,0.267 Mpa,0.119 Mpa,0.291 Mpa,,6.05%,,5.30%,4.05%,4.86%,2.87%,1.31%,4.02%,
2026-06-28 05:00:00,0.109 Mpa,,0.176 Mpa,0.201 Mpa,0.201 Mpa,0.302 Mpa,0.135 Mpa,0.348 Mpa,,4.51%,,5.77%,2.30%,7.23%,5.29%,2.19%,5.80%,
2026-06-28 07:00:00,0.121 Mpa,,0.235 Mpa,0.308 Mpa,0.0757 Mpa,0.296 Mpa,0.239 Mpa,0.359 Mpa,,3.91%,,5.75%,4.72%,3.54%,6.26%,4.84%,5.60%,
2026-06-28 09:00:00,0.0876 Mpa,,0.217 Mpa,0.0692 Mpa,0.146 Mpa,0.279 Mpa,0.0925 Mpa,0.434 Mpa,,4.20%,,6.57%,0%,5.15%,5.90%,1.15%,8.52%,
2026-06-28 11:00:00,0.121 Mpa,,0.229 Mpa,,0.253 Mpa,0.393 Mpa,0.328 Mpa,0.439 Mpa,,3.09%,,6.69%,,8.20%,9.53%,6.00%,8.55%,
2026-06-28 13:00:00,0.118 Mpa,,0.155 Mpa,0.0550 Mpa,0.0934 Mpa,0.427 Mpa,0.252 Mpa,0.236 Mpa,,4.26%,,4.54%,0%,3.99%,10.0%,3.88%,2.45%,
2026-06-28 15:00:00,0.0583 Mpa,,0.123 Mpa,0.200 Mpa,0.308 Mpa,0.465 Mpa,0.209 Mpa,0.260 Mpa,,2.81%,,4.51%,2.35%,11.7%,10.2%,4.02%,3.59%,
2026-06-28 17:00:00,0.215 Mpa,,0.138 Mpa,0.208 Mpa,0.153 Mpa,0.288 Mpa,0.213 Mpa,0.259 Mpa,,6.50%,,4.11%,2.59%,5.87%,7.62%,3.10%,3.88%,
2026-06-28 19:00:00,0.249 Mpa,,0.154 Mpa,0.167 Mpa,0.219 Mpa,0.447 Mpa,0.654 Mpa,0.299 Mpa,,6.93%,,5.54%,1.64%,6.99%,11.4%,17.3%,5.49%,
2026-06-28 21:00:00,0.163 Mpa,,0.184 Mpa,0.192 Mpa,0.348 Mpa,0.297 Mpa,0.360 Mpa,0.294 Mpa,,3.99%,,6.90%,1.91%,11.2%,7.86%,7.92%,4.67%,
2026-06-28 23:00:00,0.0893 Mpa,,0.141 Mpa,0.173 Mpa,0.129 Mpa,0.303 Mpa,0.231 Mpa,0.340 Mpa,,2.24%,,5.81%,1.43%,4.76%,7.87%,4.23%,6.24%,
2026-06-29 01:00:00,0.125 Mpa,,0.157 Mpa,0.224 Mpa,0.0694 Mpa,0.346 Mpa,0.539 Mpa,0.336 Mpa,,24.5%,,6.05%,3.52%,3.00%,8.44%,13.0%,6.66%,
2026-06-29 03:00:00,0.0968 Mpa,,0.352 Mpa,0.257 Mpa,0.0860 Mpa,0.261 Mpa,0.347 Mpa,0.171 Mpa,,9.61%,,11.2%,3.66%,3.59%,3.13%,9.10%,26.0%,
2026-06-29 05:00:00,0.107 Mpa,,0.239 Mpa,0.207 Mpa,0.220 Mpa,0.225 Mpa,0.373 Mpa,0.290 Mpa,,2.62%,,7.09%,2.87%,8.04%,1.40%,9.87%,4.87%,
2026-06-29 07:00:00,0.000131 Mpa,,0.219 Mpa,0.203 Mpa,0.193 Mpa,0.268 Mpa,0.528 Mpa,0.294 Mpa,,0.111%,,6.79%,2.41%,6.81%,5.38%,13.3%,5.24%,
2026-06-29 09:00:00,0.142 Mpa,,0.185 Mpa,0.181 Mpa,0.182 Mpa,0.286 Mpa,0.260 Mpa,0.335 Mpa,,4.09%,,5.59%,3.57%,5.73%,4.63%,3.37%,5.66%,
2026-06-29 11:00:00,0.130 Mpa,,0.146 Mpa,0.195 Mpa,0.171 Mpa,0.245 Mpa,0.280 Mpa,0.417 Mpa,,3.48%,,4.66%,2.17%,6.08%,4.09%,4.75%,7.63%,
2026-06-29 13:00:00,0.126 Mpa,,0.177 Mpa,0.228 Mpa,0.278 Mpa,0.261 Mpa,0.215 Mpa,0.242 Mpa,,3.05%,,6.03%,3.10%,9.62%,5.31%,3.17%,2.59%,
2026-06-29 15:00:00,0.141 Mpa,,0.144 Mpa,0.198 Mpa,0.0300 Mpa,0.352 Mpa,0.238 Mpa,0.324 Mpa,,3.50%,,5.47%,1.98%,1.30%,8.15%,3.46%,4.34%,
2026-06-29 17:00:00,0.0785 Mpa,,0.201 Mpa,0.221 Mpa,0.100 Mpa,0.309 Mpa,0.207 Mpa,0.274 Mpa,,1.70%,,6.54%,2.87%,2.96%,8.18%,3.90%,2.62%,
2026-06-29 19:00:00,0.109 Mpa,,0.243 Mpa,0.160 Mpa,0.136 Mpa,0.342 Mpa,0.573 Mpa,0.301 Mpa,,2.40%,,6.95%,1.02%,4.66%,9.78%,14.1%,3.94%,
2026-06-29 21:00:00,0.199 Mpa,,0.110 Mpa,0.175 Mpa,0.127 Mpa,0.334 Mpa,0.725 Mpa,0.318 Mpa,,6.12%,,5.36%,1.51%,4.12%,8.68%,18.2%,4.59%,
2026-06-29 23:00:00,0.0763 Mpa,,0.187 Mpa,0.159 Mpa,0.0535 Mpa,0.281 Mpa,0.406 Mpa,0.227 Mpa,,2.94%,,6.69%,1.08%,2.27%,6.86%,8.52%,1.91%,
2026-06-30 01:00:00,0.190 Mpa,,0.115 Mpa,0.182 Mpa,0.226 Mpa,0.270 Mpa,0.774 Mpa,0.276 Mpa,,5.92%,,5.08%,2.01%,8.16%,7.01%,18.4%,2.60%,
2026-06-30 03:00:00,0.0715 Mpa,,0.197 Mpa,0.193 Mpa,0.181 Mpa,0.285 Mpa,0.428 Mpa,0.289 Mpa,,2.10%,,6.26%,2.17%,6.41%,2.75%,11.2%,3.55%,
2026-06-30 05:00:00,0.0849 Mpa,,0.205 Mpa,0.155 Mpa,0.0643 Mpa,0.296 Mpa,0.272 Mpa,0.284 Mpa,,2.79%,,5.89%,1.43%,3.42%,5.37%,6.04%,4.15%,
2026-06-30 07:00:00,0.180 Mpa,,0.516 Mpa,0.226 Mpa,0.0166 Mpa,0.365 Mpa,0.212 Mpa,0.293 Mpa,,4.53%,,14.3%,2.83%,5.59%,9.70%,4.44%,4.01%,
2026-06-30 09:00:00,0.232 Mpa,,0.154 Mpa,0.444 Mpa,0.0620 Mpa,0.345 Mpa,0.244 Mpa,0.291 Mpa,,7.00%,,3.21%,9.24%,2.65%,7.88%,4.14%,4.34%,
2026-06-30 11:00:00,0.172 Mpa,,0.154 Mpa,0.213 Mpa,0.0799 Mpa,0.431 Mpa,0.358 Mpa,0.332 Mpa,,5.94%,,4.16%,2.41%,2.50%,11.3%,7.06%,4.36%,
2026-06-30 13:00:00,0.165 Mpa,,0.169 Mpa,0.150 Mpa,0.0791 Mpa,0.369 Mpa,0.0178 Mpa,0.364 Mpa,,4.59%,,4.72%,0.981%,3.46%,9.62%,0%,4.73%,
2026-06-30 15:00:00,0.126 Mpa,,0.192 Mpa,0.184 Mpa,0.0568 Mpa,0.395 Mpa,0.160 Mpa,0.340 Mpa,,3.56%,,6.77%,1.49%,1.73%,12.4%,1.83%,4.30%,
2026-06-30 17:00:00,0.201 Mpa,,0.212 Mpa,0.167 Mpa,0.0910 Mpa,0.310 Mpa,0.377 Mpa,0.311 Mpa,,5.80%,,6.58%,1.43%,2.75%,7.52%,8.18%,3.69%,
2026-06-30 19:00:00,0.105 Mpa,,0.209 Mpa,0.196 Mpa,0.104 Mpa,0.276 Mpa,0.322 Mpa,0.375 Mpa,,3.62%,,6.78%,1.84%,4.82%,4.74%,6.78%,5.37%,
2026-06-30 21:00:00,0.183 Mpa,,0.274 Mpa,0.122 Mpa,0.335 Mpa,0.269 Mpa,0.159 Mpa,0.290 Mpa,,5.28%,,7.37%,0.972%,10.9%,5.68%,1.86%,3.30%,
2026-06-30 23:00:00,0.238 Mpa,,0.193 Mpa,0.102 Mpa,0.176 Mpa,0.255 Mpa,0.133 Mpa,0.236 Mpa,,6.44%,,4.91%,0.465%,5.57%,5.15%,1.82%,5.95%,
2026-07-01 01:00:00,0.135 Mpa,,0.145 Mpa,0.290 Mpa,0.0208 Mpa,0.365 Mpa,0.200 Mpa,,,3.36%,,4.82%,4.27%,1.79%,8.62%,3.53%,,
2026-07-01 03:00:00,0.227 Mpa,,0.128 Mpa,0.295 Mpa,0.0480 Mpa,0.259 Mpa,0.207 Mpa,,,6.40%,,4.52%,4.81%,5.25%,5.20%,3.86%,,
2026-07-01 05:00:00,0.178 Mpa,,0.157 Mpa,0.252 Mpa,0.288 Mpa,0.305 Mpa,0.179 Mpa,,,4.10%,,4.87%,3.73%,8.72%,7.36%,3.06%,,
2026-07-01 07:00:00,0.179 Mpa,,0.484 Mpa,0.182 Mpa,0.389 Mpa,0.341 Mpa,0.111 Mpa,,,4.87%,,14.0%,1.37%,12.6%,8.66%,0.878%,,
2026-07-01 09:00:00,0.277 Mpa,,0.195 Mpa,0.306 Mpa,0.0221 Mpa,0.375 Mpa,0.322 Mpa,,,7.58%,,4.45%,4.72%,1.96%,8.25%,5.34%,,
2026-07-01 11:00:00,0.166 Mpa,,0.152 Mpa,0.329 Mpa,0.178 Mpa,0.396 Mpa,0.370 Mpa,0.876 Mpa,,4.84%,,4.79%,5.79%,5.97%,8.63%,6.63%,59.8%,
2026-07-01 13:00:00,0.123 Mpa,,0.242 Mpa,0.266 Mpa,0.228 Mpa,0.401 Mpa,0.202 Mpa,,,2.96%,,6.82%,4.66%,7.13%,6.93%,2.21%,,
2026-07-01 15:00:00,0.0815 Mpa,,0.130 Mpa,0.0724 Mpa,0.0390 Mpa,0.322 Mpa,0.445 Mpa,,,3.07%,,4.17%,0.0675%,1.47%,4.75%,9.22%,,
2026-07-01 17:00:00,0.0870 Mpa,,0.136 Mpa,0.297 Mpa,0.224 Mpa,0.479 Mpa,0.296 Mpa,,,2.04%,,4.58%,5.80%,8.30%,10.2%,5.96%,,
2026-07-01 19:00:00,0.0590 Mpa,,0.142 Mpa,0.371 Mpa,0.222 Mpa,0.318 Mpa,0.236 Mpa,0.532 Mpa,,1.44%,,3.68%,7.02%,7.82%,6.02%,3.51%,10.3%,
2026-07-01 21:00:00,0.166 Mpa,,0.245 Mpa,0.205 Mpa,0.134 Mpa,0.296 Mpa,0.212 Mpa,,,3.66%,,7.68%,2.76%,4.61%,6.32%,3.58%,,
2026-07-01 23:00:00,0.175 Mpa,,0.146 Mpa,0.236 Mpa,0.0636 Mpa,0.314 Mpa,0.273 Mpa,,,3.69%,,5.60%,3.30%,3.64%,6.42%,4.59%,,
2026-07-02 01:00:00,0.109 Mpa,,0.134 Mpa,0.247 Mpa,0.235 Mpa,0.392 Mpa,0.228 Mpa,,,3.15%,,5.29%,3.68%,8.78%,8.02%,3.06%,,
2026-07-02 03:00:00,0.136 Mpa,,0.110 Mpa,0.199 Mpa,0.125 Mpa,0.243 Mpa,0.228 Mpa,,,3.89%,,4.53%,2.16%,3.41%,5.75%,3.26%,,
2026-07-02 05:00:00,0.171 Mpa,,0.167 Mpa,0.180 Mpa,0.0464 Mpa,0.285 Mpa,0.201 Mpa,,,3.61%,,5.64%,2.02%,3.22%,6.32%,3.80%,,
2026-07-02 07:00:00,0.232 Mpa,,0.138 Mpa,0.177 Mpa,0.269 Mpa,0.274 Mpa,0.180 Mpa,,,5.86%,,3.90%,2.25%,9.12%,6.59%,3.09%,,
2026-07-02 09:00:00,0.180 Mpa,,0.249 Mpa,0.183 Mpa,0.0972 Mpa,0.251 Mpa,0.194 Mpa,,,4.33%,,6.71%,2.42%,2.73%,6.12%,3.36%,,
2026-07-02 11:00:00,0.0949 Mpa,,0.132 Mpa,0.164 Mpa,0.140 Mpa,0.318 Mpa,0.177 Mpa,,,2.31%,,4.78%,1.64%,5.35%,5.40%,1.86%,,
2026-07-02 13:00:00,0.115 Mpa,,0.0892 Mpa,0.151 Mpa,0.0990 Mpa,0.307 Mpa,0.302 Mpa,,,2.90%,,3.53%,1.32%,3.59%,4.89%,5.92%,,
2026-07-02 15:00:00,0.0974 Mpa,,0.291 Mpa,0.261 Mpa,0.0464 Mpa,0.361 Mpa,0.129 Mpa,,,2.86%,,7.85%,4.84%,1.56%,7.29%,1.43%,,
2026-07-02 17:00:00,0.0855 Mpa,,0.204 Mpa,0.220 Mpa,0.211 Mpa,0.559 Mpa,0.161 Mpa,,,3.95%,,5.82%,2.48%,6.76%,14.1%,1.36%,,
2026-07-02 19:00:00,0.166 Mpa,,0.222 Mpa,0.251 Mpa,0.144 Mpa,0.327 Mpa,0.239 Mpa,,,6.15%,,6.99%,3.26%,5.06%,7.36%,3.34%,,
2026-07-02 21:00:00,0.318 Mpa,,0.299 Mpa,0.0895 Mpa,0.0732 Mpa,0.306 Mpa,0.353 Mpa,,,8.31%,,9.19%,0%,2.53%,7.74%,6.96%,,
2026-07-02 23:00:00,0.0981 Mpa,,0.102 Mpa,,0.0773 Mpa,0.339 Mpa,0.231 Mpa,,,3.92%,,4.60%,,2.26%,11.2%,3.55%,,
2026-07-03 01:00:00,0.193 Mpa,,0.0917 Mpa,,0.218 Mpa,0.286 Mpa,0.270 Mpa,,,5.14%,,5.25%,,7.90%,4.84%,4.81%,,
2026-07-03 03:00:00,0.205 Mpa,,0.116 Mpa,0.169 Mpa,0.133 Mpa,0.539 Mpa,0.528 Mpa,,,5.91%,,4.89%,1.72%,4.55%,15.8%,12.1%,,
2026-07-03 05:00:00,0.139 Mpa,,0.120 Mpa,0.260 Mpa,0.0832 Mpa,0.271 Mpa,0.372 Mpa,,,3.80%,,4.71%,4.10%,2.61%,4.46%,7.96%,,
2026-07-03 07:00:00,0.0805 Mpa,,0.216 Mpa,0.256 Mpa,0.0836 Mpa,0.407 Mpa,0.217 Mpa,,,3.29%,,6.71%,4.25%,2.21%,7.04%,2.58%,,
2026-07-03 09:00:00,0.184 Mpa,,0.139 Mpa,0.415 Mpa,0.0766 Mpa,0.670 Mpa,0.215 Mpa,,,4.80%,,4.81%,8.23%,2.48%,14.9%,2.59%,,
2026-07-03 11:00:00,0.225 Mpa,,0.161 Mpa,0.172 Mpa,0.155 Mpa,0.574 Mpa,0.289 Mpa,,,6.21%,,6.86%,1.21%,4.34%,13.0%,5.20%,,
2026-07-03 13:00:00,0.149 Mpa,,0.125 Mpa,0.295 Mpa,0.0525 Mpa,0.635 Mpa,0.241 Mpa,,,4.11%,,5.52%,4.04%,1.34%,14.5%,4.29%,,
2026-07-03 15:00:00,0.114 Mpa,,0.123 Mpa,0.275 Mpa,0.316 Mpa,0.334 Mpa,0.200 Mpa,,,3.47%,,4.38%,3.69%,9.79%,5.16%,2.47%,,
2026-07-03 17:00:00,0.105 Mpa,,0.190 Mpa,0.164 Mpa,0.137 Mpa,0.503 Mpa,0.275 Mpa,,,3.65%,,5.81%,1.77%,4.48%,9.94%,4.69%,,
2026-07-03 19:00:00,0.0230 Mpa,,0.188 Mpa,0.205 Mpa,0.0883 Mpa,0.394 Mpa,0.234 Mpa,,,0%,,5.62%,2.75%,3.43%,8.91%,3.39%,,
2026-07-03 21:00:00,0.0650 Mpa,,0.128 Mpa,0.209 Mpa,0.308 Mpa,0.405 Mpa,0.258 Mpa,,,3.58%,,4.05%,1.77%,10.4%,9.30%,4.27%,,
2026-07-03 23:00:00,0.0906 Mpa,,0.178 Mpa,0.209 Mpa,0.0326 Mpa,0.316 Mpa,0.349 Mpa,,,6.04%,,5.72%,1.88%,1.39%,4.36%,7.30%,,
2026-07-04 01:00:00,0.00193 Mpa,,0.232 Mpa,0.220 Mpa,0.0281 Mpa,0.368 Mpa,0.164 Mpa,,,3.74%,,6.99%,2.00%,2.36%,6.43%,2.50%,,
2026-07-04 03:00:00,,,0.154 Mpa,0.195 Mpa,0.171 Mpa,0.429 Mpa,0.321 Mpa,,,,,4.37%,1.63%,6.36%,10.5%,5.74%,,
2026-07-04 05:00:00,,,0.168 Mpa,0.179 Mpa,0.126 Mpa,0.345 Mpa,0.280 Mpa,,,,,5.49%,1.42%,4.71%,15.6%,5.42%,,
2026-07-04 07:00:00,,,0.335 Mpa,0.207 Mpa,0.143 Mpa,0.306 Mpa,0.216 Mpa,,,,,9.89%,2.57%,5.12%,7.99%,3.05%,,
2026-07-04 09:00:00,0.0343 Mpa,,0.137 Mpa,0.279 Mpa,0.221 Mpa,0.233 Mpa,0.217 Mpa,,,3.05%,,3.87%,3.70%,7.12%,7.28%,2.75%,,
2026-07-04 11:00:00,0.102 Mpa,,0.186 Mpa,0.386 Mpa,0.250 Mpa,1.02 Mpa,0.299 Mpa,,,2.30%,,6.35%,6.42%,8.91%,25.9%,5.16%,,
2026-07-04 13:00:00,0.112 Mpa,,0.201 Mpa,0.395 Mpa,0.00439 Mpa,0.481 Mpa,0.375 Mpa,,,2.38%,,6.01%,7.05%,1.31%,12.1%,7.64%,,
2026-07-04 15:00:00,0.162 Mpa,,0.210 Mpa,0.246 Mpa,0.115 Mpa,0.603 Mpa,0.345 Mpa,,,4.37%,,5.84%,3.19%,3.39%,16.0%,7.91%,,
2026-07-04 17:00:00,0.107 Mpa,,0.142 Mpa,0.147 Mpa,0.157 Mpa,0.219 Mpa,0.225 Mpa,,,2.47%,,4.93%,0.901%,6.25%,3.59%,3.66%,,
2026-07-04 19:00:00,0.175 Mpa,,0.116 Mpa,0.264 Mpa,0.182 Mpa,0.456 Mpa,0.191 Mpa,,,5.19%,,4.15%,3.23%,5.69%,7.32%,2.16%,,
2026-07-04 21:00:00,0.382 Mpa,,0.156 Mpa,0.195 Mpa,0.232 Mpa,0.168 Mpa,0.401 Mpa,,,9.57%,,4.80%,1.61%,8.25%,0%,8.81%,,
2026-07-04 23:00:00,0.0856 Mpa,,0.111 Mpa,0.478 Mpa,0.131 Mpa,0.269 Mpa,0.209 Mpa,0.182 Mpa,,1.85%,,4.38%,9.26%,7.40%,1.58%,3.15%,0.633%,
2026-07-05 01:00:00,0.277 Mpa,,0.0500 Mpa,0.172 Mpa,0.0272 Mpa,0.286 Mpa,0.164 Mpa,,,6.80%,,2.07%,0.908%,1.81%,1.80%,2.03%,,
2026-07-05 03:00:00,0.0861 Mpa,,0.0946 Mpa,0.200 Mpa,0.337 Mpa,0.271 Mpa,0.195 Mpa,,,1.96%,,4.80%,1.51%,11.0%,1.33%,2.56%,,
2026-07-05 05:00:00,0.118 Mpa,,0.190 Mpa,0.266 Mpa,0.159 Mpa,0.295 Mpa,0.206 Mpa,,,3.05%,,6.74%,3.96%,6.69%,4.00%,3.31%,,
2026-07-05 07:00:00,0.0999 Mpa,,0.251 Mpa,0.534 Mpa,0.113 Mpa,0.330 Mpa,0.321 Mpa,,,2.37%,,7.89%,10.7%,3.47%,8.59%,5.82%,,
2026-07-05 09:00:00,0.0852 Mpa,,0.121 Mpa,0.248 Mpa,0.115 Mpa,0.267 Mpa,0.184 Mpa,,,1.54%,,4.93%,2.89%,3.46%,7.28%,2.25%,,
2026-07-05 11:00:00,0.210 Mpa,,0.148 Mpa,0.218 Mpa,0.0876 Mpa,0.241 Mpa,0.265 Mpa,,,6.24%,,4.85%,2.54%,3.34%,6.05%,3.87%,,
2026-07-05 13:00:00,0.198 Mpa,,0.256 Mpa,0.445 Mpa,0.271 Mpa,0.434 Mpa,0.425 Mpa,,,7.40%,,7.28%,8.38%,8.71%,7.56%,9.52%,,
2026-07-05 15:00:00,0.372 Mpa,,0.171 Mpa,0.162 Mpa,0.150 Mpa,0.363 Mpa,0.302 Mpa,,,11.2%,,4.96%,1.00%,4.85%,4.41%,5.58%,,
2026-07-05 17:00:00,0.150 Mpa,,0.248 Mpa,0.143 Mpa,0.229 Mpa,0.254 Mpa,0.230 Mpa,,,4.55%,,7.14%,1.39%,7.37%,1.67%,3.46%,,
2026-07-05 19:00:00,0.125 Mpa,,0.182 Mpa,0.175 Mpa,0.168 Mpa,0.240 Mpa,0.197 Mpa,,,2.93%,,6.38%,2.65%,6.16%,1.94%,2.75%,,
2026-07-05 21:00:00,0.0878 Mpa,,0.150 Mpa,0.176 Mpa,0.0151 Mpa,0.260 Mpa,0.237 Mpa,,,2.50%,,4.41%,1.45%,1.12%,2.88%,3.35%,,
2026-07-05 23:00:00,0.258 Mpa,,0.160 Mpa,0.263 Mpa,0.0369 Mpa,0.439 Mpa,0.168 Mpa,,,7.07%,,5.46%,3.75%,1.84%,7.39%,1.96%,,
2026-07-06 01:00:00,0.0687 Mpa,,0.141 Mpa,0.185 Mpa,0.0505 Mpa,0.279 Mpa,0.188 Mpa,,,1.74%,,3.79%,1.99%,1.58%,3.46%,2.97%,,
2026-07-06 03:00:00,0.0814 Mpa,,0.146 Mpa,0.234 Mpa,0.0327 Mpa,0.398 Mpa,0.252 Mpa,,,1.91%,,4.92%,2.89%,0.629%,7.31%,3.99%,,
2026-07-06 05:00:00,0.0866 Mpa,,0.188 Mpa,0.273 Mpa,0.119 Mpa,0.404 Mpa,0.110 Mpa,,,1.74%,,5.34%,4.00%,4.08%,8.57%,1.80%,,
2026-07-06 07:00:00,0.0553 Mpa,,0.310 Mpa,0.268 Mpa,0.183 Mpa,0.339 Mpa,0.288 Mpa,,,2.41%,,8.98%,3.34%,6.32%,8.87%,5.26%,,
2026-07-06 09:00:00,0.0496 Mpa,,0.238 Mpa,0.215 Mpa,0.262 Mpa,0.277 Mpa,0.276 Mpa,,,3.19%,,6.05%,2.03%,8.13%,7.95%,4.67%,,
2026-07-06 11:00:00,0.381 Mpa,,0.278 Mpa,0.357 Mpa,0.165 Mpa,0.276 Mpa,0.287 Mpa,0.192 Mpa,,10.6%,,7.54%,5.96%,5.68%,7.29%,4.93%,0.331%,
2026-07-06 13:00:00,0.149 Mpa,,0.253 Mpa,0.244 Mpa,0.215 Mpa,0.656 Mpa,0.337 Mpa,0.176 Mpa,,3.85%,,7.33%,2.63%,7.02%,18.1%,7.20%,0.0207%,
2026-07-06 15:00:00,0.144 Mpa,,0.242 Mpa,0.439 Mpa,0.00600 Mpa,0.435 Mpa,0.234 Mpa,0.172 Mpa,,3.46%,,6.17%,8.59%,0.978%,7.99%,3.83%,0.0241%,
2026-07-06 17:00:00,0.0651 Mpa,,0.225 Mpa,0.184 Mpa,0.409 Mpa,0.263 Mpa,0.160 Mpa,,,2.21%,,7.35%,1.43%,13.8%,2.79%,1.82%,,
2026-07-06 19:00:00,0.0651 Mpa,,0.179 Mpa,0.238 Mpa,0.526 Mpa,0.271 Mpa,0.214 Mpa,,,2.50%,,5.07%,2.98%,17.5%,1.48%,3.21%,,
2026-07-06 21:00:00,0.189 Mpa,,0.115 Mpa,0.221 Mpa,0.0189 Mpa,0.259 Mpa,0.269 Mpa,,,5.10%,,4.76%,2.66%,0.759%,1.99%,4.09%,,
2026-07-06 23:00:00,0.137 Mpa,,0.374 Mpa,0.284 Mpa,0.0891 Mpa,0.335 Mpa,0.227 Mpa,,,3.09%,,11.4%,4.44%,3.51%,4.04%,3.42%,,
2026-07-07 01:00:00,0.0766 Mpa,,0.168 Mpa,0.195 Mpa,0.00929 Mpa,0.270 Mpa,0.230 Mpa,,,1.51%,,5.44%,2.06%,0.865%,1.67%,3.44%,,
2026-07-07 03:00:00,0.174 Mpa,,0.137 Mpa,0.341 Mpa,0.0755 Mpa,0.337 Mpa,0.0884 Mpa,,,4.10%,,5.22%,6.78%,1.84%,2.91%,0.927%,,
2026-07-07 05:00:00,0.107 Mpa,,0.133 Mpa,0.262 Mpa,0.148 Mpa,0.366 Mpa,0.236 Mpa,,,2.24%,,4.68%,4.77%,4.83%,4.01%,4.56%,,
2026-07-07 07:00:00,0.0321 Mpa,,0.218 Mpa,0.0827 Mpa,0.134 Mpa,0.252 Mpa,0.244 Mpa,,,0.653%,,5.72%,0.476%,5.32%,1.38%,3.77%,,
2026-07-07 09:00:00,0.147 Mpa,,0.492 Mpa,,0.593 Mpa,,0.266 Mpa,,,3.42%,,13.5%,,19.2%,,3.23%,,
2026-07-07 11:00:00,0.143 Mpa,,0.179 Mpa,0.370 Mpa,0.0791 Mpa,,0.341 Mpa,,,3.56%,,5.23%,7.31%,2.90%,,5.99%,,
2026-07-07 13:00:00,0.124 Mpa,,0.394 Mpa,,0.297 Mpa,1.83 Mpa,0.245 Mpa,,,3.26%,,10.6%,,10.1%,47.2%,3.26%,,
2026-07-07 15:00:00,0.0493 Mpa,,0.0285 Mpa,,,,,,,0.0667%,,0%,,,,,,
2026-07-07 17:00:00,0.101 Mpa,,0.272 Mpa,0.182 Mpa,0.0470 Mpa,0.602 Mpa,0.334 Mpa,,,2.06%,,7.51%,1.19%,2.27%,21.8%,5.43%,,
2026-07-07 19:00:00,0.110 Mpa,,0.0326 Mpa,0.204 Mpa,0.0850 Mpa,0.304 Mpa,0.242 Mpa,,,2.07%,,0.416%,1.73%,3.90%,7.77%,3.91%,,
2026-07-07 21:00:00,0.107 Mpa,,0.0835 Mpa,0.164 Mpa,0.134 Mpa,0.321 Mpa,0.298 Mpa,,,3.45%,,3.73%,1.08%,4.92%,9.22%,5.46%,,
2026-07-07 23:00:00,0.106 Mpa,,0.0451 Mpa,0.195 Mpa,0.0337 Mpa,0.295 Mpa,0.309 Mpa,,,3.76%,,0.892%,2.52%,2.86%,6.79%,5.06%,,
2026-07-08 01:00:00,0.160 Mpa,,0.170 Mpa,0.0833 Mpa,0.0869 Mpa,0.305 Mpa,0.319 Mpa,,,6.10%,,5.87%,0.488%,3.07%,5.11%,5.88%,,
2026-07-08 03:00:00,0.0922 Mpa,,0.166 Mpa,,0.244 Mpa,0.298 Mpa,0.221 Mpa,,,3.51%,,5.19%,,7.98%,2.96%,3.08%,,
2026-07-08 05:00:00,0.133 Mpa,,0.168 Mpa,,0.397 Mpa,0.279 Mpa,0.194 Mpa,,,3.60%,,4.70%,,12.3%,2.46%,3.36%,,
2026-07-08 07:00:00,0.0896 Mpa,,0.153 Mpa,,0.209 Mpa,0.287 Mpa,0.243 Mpa,,,1.96%,,6.02%,,7.10%,2.54%,3.57%,,
2026-07-08 09:00:00,0.117 Mpa,,0.163 Mpa,0.446 Mpa,0.133 Mpa,0.506 Mpa,0.577 Mpa,,,3.97%,,5.63%,10.8%,4.34%,9.57%,13.2%,,
2026-07-08 11:00:00,0.0899 Mpa,,0.0719 Mpa,,0.175 Mpa,0.308 Mpa,0.303 Mpa,,,3.57%,,2.05%,,5.48%,3.27%,5.27%,,
2026-07-08 13:00:00,0.0546 Mpa,,0.181 Mpa,,0.481 Mpa,0.441 Mpa,0.119 Mpa,,,3.01%,,5.56%,,15.0%,7.68%,0.692%,,
2026-07-08 15:00:00,0.0476 Mpa,,0.155 Mpa,,0.117 Mpa,0.287 Mpa,0.259 Mpa,,,2.85%,,4.88%,,3.47%,4.29%,3.34%,,
2026-07-08 17:00:00,0.117 Mpa,,0.152 Mpa,,0.241 Mpa,0.281 Mpa,0.206 Mpa,,,4.80%,,5.90%,,8.46%,7.37%,2.87%,,
2026-07-08 19:00:00,0.247 Mpa,,0.129 Mpa,,0.138 Mpa,0.295 Mpa,0.417 Mpa,,0.393 Mpa,8.09%,,3.97%,,4.80%,7.27%,8.75%,,10.9%
2026-07-08 21:00:00,0.167 Mpa,,0.206 Mpa,,0.0206 Mpa,0.264 Mpa,0.305 Mpa,,0.255 Mpa,6.64%,,6.34%,,2.50%,5.84%,5.95%,,7.15%
2026-07-08 23:00:00,0.148 Mpa,,0.176 Mpa,,0.268 Mpa,0.261 Mpa,0.556 Mpa,,0.263 Mpa,4.51%,,5.58%,,9.74%,5.26%,12.6%,,5.91%
2026-07-09 01:00:00,0.336 Mpa,,0.129 Mpa,,0.181 Mpa,0.280 Mpa,0.186 Mpa,,0.356 Mpa,8.48%,,3.75%,,6.07%,2.75%,4.41%,,9.53%
2026-07-09 03:00:00,0.369 Mpa,,0.173 Mpa,,0.0556 Mpa,0.287 Mpa,0.432 Mpa,,0.291 Mpa,9.44%,,5.24%,,2.84%,3.34%,9.77%,,7.59%
2026-07-09 05:00:00,0.188 Mpa,,0.131 Mpa,,0.124 Mpa,0.290 Mpa,0.159 Mpa,,0.263 Mpa,4.70%,,5.30%,,4.69%,7.06%,3.27%,,4.47%
2026-07-09 07:00:00,0.347 Mpa,,0.148 Mpa,,0.172 Mpa,0.364 Mpa,0.264 Mpa,,0.289 Mpa,9.72%,,4.97%,,6.95%,8.38%,3.46%,,5.20%
2026-07-09 09:00:00,0.273 Mpa,,0.156 Mpa,,0.137 Mpa,0.317 Mpa,0.195 Mpa,,0.254 Mpa,6.76%,,5.05%,,4.76%,8.75%,2.64%,,5.01%
2026-07-09 11:00:00,0.329 Mpa,,0.131 Mpa,,0.259 Mpa,0.318 Mpa,0.333 Mpa,,0.231 Mpa,8.06%,,5.12%,,8.81%,8.36%,5.75%,,3.81%
2026-07-09 13:00:00,0.107 Mpa,,0.172 Mpa,0.0389 Mpa,0.334 Mpa,0.297 Mpa,0.292 Mpa,,0.173 Mpa,3.45%,,5.33%,0.644%,11.3%,6.58%,5.70%,,3.20%
2026-07-09 15:00:00,0.252 Mpa,,0.232 Mpa,0.0518 Mpa,0.158 Mpa,0.283 Mpa,0.0596 Mpa,,0.157 Mpa,7.01%,,7.23%,0.244%,5.96%,7.47%,0.944%,,2.57%
2026-07-09 17:00:00,0.140 Mpa,,0.119 Mpa,,0.308 Mpa,0.260 Mpa,0.253 Mpa,,0.214 Mpa,4.09%,,3.26%,,10.3%,5.03%,4.73%,,4.71%
2026-07-09 19:00:00,0.125 Mpa,,0.207 Mpa,,0.505 Mpa,0.235 Mpa,0.171 Mpa,,0.206 Mpa,3.46%,,6.36%,,15.8%,3.91%,2.69%,,4.09%
2026-07-09 21:00:00,0.0459 Mpa,,0.188 Mpa,,0.187 Mpa,0.260 Mpa,0.215 Mpa,,0.235 Mpa,2.27%,,4.74%,,5.96%,3.56%,3.38%,,4.49%
2026-07-09 23:00:00,0.127 Mpa,,0.171 Mpa,,0.492 Mpa,0.320 Mpa,0.229 Mpa,,0.192 Mpa,4.89%,,5.92%,,15.5%,6.41%,4.91%,,5.65%
2026-07-10 01:00:00,0.143 Mpa,,0.196 Mpa,0.0480 Mpa,0.816 Mpa,0.283 Mpa,0.290 Mpa,,0.279 Mpa,4.69%,,6.19%,0.394%,25.5%,5.23%,5.28%,,6.15%
2026-07-10 03:00:00,0.131 Mpa,,0.223 Mpa,0.0805 Mpa,0.182 Mpa,0.283 Mpa,0.251 Mpa,,0.211 Mpa,3.75%,,6.69%,0.519%,6.04%,4.63%,3.75%,,4.89%
2026-07-10 05:00:00,0.150 Mpa,,0.292 Mpa,0.133 Mpa,0.273 Mpa,0.310 Mpa,0.0618 Mpa,,0.260 Mpa,3.49%,,8.65%,1.53%,9.15%,10.8%,0.835%,,6.35%
2026-07-10 07:00:00,0.144 Mpa,,0.191 Mpa,0.354 Mpa,0.0813 Mpa,0.306 Mpa,,,0.226 Mpa,3.26%,,5.96%,7.57%,2.95%,8.94%,,,3.82%
2026-07-10 09:00:00,0.149 Mpa,,0.143 Mpa,0.385 Mpa,0.173 Mpa,0.363 Mpa,0.0119 Mpa,,0.319 Mpa,3.53%,,4.78%,8.07%,6.82%,8.68%,0%,,6.26%
2026-07-10 11:00:00,0.101 Mpa,,0.247 Mpa,0.429 Mpa,0.00673 Mpa,0.339 Mpa,0.158 Mpa,,0.398 Mpa,3.45%,,6.94%,9.76%,0.828%,8.46%,1.52%,,8.02%
2026-07-10 13:00:00,0.121 Mpa,,0.217 Mpa,0.213 Mpa,0.0859 Mpa,0.359 Mpa,0.155 Mpa,,0.265 Mpa,3.88%,,6.62%,4.22%,4.47%,6.23%,1.46%,,4.38%
2026-07-10 15:00:00,0.104 Mpa,,0.207 Mpa,0.188 Mpa,0.398 Mpa,0.520 Mpa,0.196 Mpa,,0.345 Mpa,3.94%,,5.11%,3.29%,13.2%,12.6%,1.67%,,7.17%
2026-07-10 17:00:00,0.106 Mpa,,0.167 Mpa,0.335 Mpa,0.119 Mpa,0.262 Mpa,0.191 Mpa,,0.243 Mpa,3.90%,,5.26%,6.89%,4.16%,5.46%,1.80%,,4.73%
2026-07-10 19:00:00,0.136 Mpa,,0.163 Mpa,0.270 Mpa,,0.241 Mpa,0.440 Mpa,,0.253 Mpa,3.12%,,5.63%,4.75%,,5.43%,9.25%,,4.88%
2026-07-10 21:00:00,0.122 Mpa,,0.167 Mpa,0.204 Mpa,,0.276 Mpa,0.221 Mpa,,0.258 Mpa,2.79%,,5.64%,3.34%,,7.01%,2.86%,,5.92%
2026-07-10 23:00:00,0.135 Mpa,,0.214 Mpa,0.195 Mpa,,0.292 Mpa,0.225 Mpa,,0.218 Mpa,3.48%,,6.35%,3.22%,,5.65%,3.78%,,4.21%
2026-07-11 01:00:00,0.162 Mpa,,0.149 Mpa,0.0718 Mpa,0.00438 Mpa,0.377 Mpa,0.248 Mpa,,0.251 Mpa,3.77%,,4.44%,0.525%,0.532%,8.36%,4.16%,,5.67%
2026-07-11 03:00:00,0.143 Mpa,,0.120 Mpa,0.297 Mpa,0.466 Mpa,0.305 Mpa,0.299 Mpa,,0.207 Mpa,3.38%,,5.25%,5.82%,15.3%,5.76%,6.82%,,3.35%
2026-07-11 05:00:00,0.114 Mpa,,,0.127 Mpa,0.170 Mpa,0.344 Mpa,0.238 Mpa,,0.217 Mpa,2.53%,,,2.22%,6.04%,8.45%,3.95%,,4.55%
2026-07-11 07:00:00,0.117 Mpa,,,0.0640 Mpa,0.0364 Mpa,0.294 Mpa,0.204 Mpa,,0.212 Mpa,2.39%,,,0.559%,2.43%,3.16%,2.82%,,5.33%
2026-07-11 09:00:00,0.0830 Mpa,,0.0532 Mpa,0.172 Mpa,0.112 Mpa,0.278 Mpa,0.220 Mpa,,0.304 Mpa,1.76%,,3.63%,2.41%,4.71%,3.68%,3.62%,,6.78%
2026-07-11 11:00:00,0.0790 Mpa,,0.158 Mpa,0.226 Mpa,0.0156 Mpa,0.234 Mpa,0.171 Mpa,,0.353 Mpa,1.54%,,4.07%,3.64%,0.956%,5.67%,2.34%,,7.56%
2026-07-11 13:00:00,0.140 Mpa,,0.206 Mpa,0.300 Mpa,0.156 Mpa,0.317 Mpa,0.195 Mpa,,0.328 Mpa,4.12%,,4.97%,5.66%,5.62%,6.16%,2.18%,,8.16%
2026-07-11 15:00:00,0.275 Mpa,,0.138 Mpa,0.303 Mpa,0.170 Mpa,0.229 Mpa,0.180 Mpa,,0.236 Mpa,7.20%,,4.24%,6.97%,5.71%,4.32%,1.59%,,5.69%
2026-07-11 17:00:00,0.314 Mpa,,0.196 Mpa,0.246 Mpa,0.0522 Mpa,0.278 Mpa,0.186 Mpa,,0.387 Mpa,9.02%,,6.85%,4.61%,1.59%,6.17%,2.55%,,8.97%
2026-07-11 19:00:00,0.275 Mpa,,0.102 Mpa,0.200 Mpa,0.0180 Mpa,0.272 Mpa,0.412 Mpa,,0.321 Mpa,7.14%,,3.64%,3.23%,0.608%,7.31%,9.67%,,5.93%
2026-07-11 21:00:00,0.201 Mpa,,0.125 Mpa,0.179 Mpa,0.0556 Mpa,0.274 Mpa,0.211 Mpa,,0.290 Mpa,5.25%,,4.04%,3.31%,4.20%,7.62%,2.95%,,6.17%
2026-07-11 23:00:00,0.117 Mpa,,0.250 Mpa,0.246 Mpa,0.0155 Mpa,0.278 Mpa,0.157 Mpa,,0.200 Mpa,3.82%,,7.04%,4.51%,3.42%,7.77%,1.97%,,2.25%
2026-07-12 01:00:00,0.181 Mpa,,0.264 Mpa,0.172 Mpa,0.0628 Mpa,0.382 Mpa,0.130 Mpa,,0.234 Mpa,4.58%,,7.22%,1.91%,3.22%,7.15%,1.13%,,3.26%
2026-07-12 03:00:00,0.0766 Mpa,,0.306 Mpa,0.183 Mpa,0.0894 Mpa,0.309 Mpa,0.396 Mpa,,0.212 Mpa,2.54%,,9.14%,2.58%,4.93%,3.71%,8.25%,,2.60%
2026-07-12 05:00:00,0.189 Mpa,,0.305 Mpa,0.176 Mpa,0.0777 Mpa,0.273 Mpa,0.242 Mpa,,0.251 Mpa,5.89%,,8.98%,2.29%,2.69%,4.73%,4.05%,,4.38%
2026-07-12 07:00:00,0.142 Mpa,,0.132 Mpa,0.156 Mpa,0.108 Mpa,0.256 Mpa,0.427 Mpa,,0.241 Mpa,4.90%,,5.26%,1.53%,4.23%,4.66%,9.17%,,4.69%
2026-07-12 09:00:00,0.218 Mpa,,0.237 Mpa,0.124 Mpa,0.417 Mpa,0.256 Mpa,0.227 Mpa,,0.394 Mpa,5.55%,,7.76%,0.898%,13.1%,4.97%,3.08%,,8.80%
2026-07-12 11:00:00,0.302 Mpa,,0.206 Mpa,0.294 Mpa,0.0866 Mpa,0.277 Mpa,0.259 Mpa,,0.255 Mpa,7.97%,,6.32%,5.75%,2.95%,5.20%,4.07%,,5.15%
2026-07-12 13:00:00,0.243 Mpa,,0.188 Mpa,0.286 Mpa,0.309 Mpa,0.323 Mpa,0.502 Mpa,,0.331 Mpa,6.32%,,6.62%,5.51%,10.0%,6.12%,10.8%,,6.53%
2026-07-12 15:00:00,0.110 Mpa,,0.153 Mpa,0.140 Mpa,0.503 Mpa,0.258 Mpa,0.229 Mpa,,0.255 Mpa,3.60%,,5.39%,2.50%,24.1%,6.19%,4.07%,,3.72%
2026-07-12 17:00:00,0.213 Mpa,,0.201 Mpa,0.369 Mpa,0.0776 Mpa,0.281 Mpa,0.253 Mpa,,0.378 Mpa,6.18%,,6.41%,8.07%,2.51%,7.20%,5.35%,,7.98%
2026-07-12 19:00:00,0.398 Mpa,,0.327 Mpa,0.565 Mpa,0.346 Mpa,0.266 Mpa,0.392 Mpa,,0.158 Mpa,11.4%,,8.80%,13.0%,11.3%,6.77%,8.24%,,2.21%
2026-07-12 21:00:00,0.379 Mpa,,0.199 Mpa,0.0847 Mpa,0.304 Mpa,0.312 Mpa,0.241 Mpa,,0.292 Mpa,10.4%,,5.31%,0.408%,10.7%,8.60%,3.74%,,6.89%
2026-07-12 23:00:00,0.587 Mpa,,0.290 Mpa,0.122 Mpa,0.226 Mpa,0.313 Mpa,0.137 Mpa,,0.474 Mpa,15.6%,,8.69%,1.29%,7.72%,7.25%,0.793%,,10.2%
2026-07-13 01:00:00,0.345 Mpa,,0.226 Mpa,0.0971 Mpa,,0.279 Mpa,0.208 Mpa,,0.216 Mpa,9.08%,,7.64%,0.817%,,5.01%,2.96%,,3.12%
2026-07-13 03:00:00,0.746 Mpa,,0.0417 Mpa,0.203 Mpa,0.0963 Mpa,0.308 Mpa,0.234 Mpa,,0.365 Mpa,21.1%,,0.834%,2.95%,4.12%,8.80%,3.10%,,7.54%
2026-07-13 05:00:00,,,0.316 Mpa,0.337 Mpa,0.127 Mpa,0.254 Mpa,0.173 Mpa,,0.288 Mpa,,,8.87%,6.37%,4.03%,4.96%,2.90%,,6.42%
2026-07-13 07:00:00,,,0.160 Mpa,0.213 Mpa,0.296 Mpa,0.346 Mpa,0.199 Mpa,,0.254 Mpa,,,5.79%,3.18%,9.80%,5.99%,2.29%,,4.12%
2026-07-13 09:00:00,0.0483 Mpa,,0.192 Mpa,0.335 Mpa,0.0806 Mpa,0.376 Mpa,0.260 Mpa,,0.273 Mpa,4.26%,,6.16%,6.32%,2.03%,7.75%,4.22%,,5.13%
2026-07-13 11:00:00,0.0113 Mpa,,0.187 Mpa,0.192 Mpa,0.0665 Mpa,0.513 Mpa,0.199 Mpa,,0.504 Mpa,3.88%,,7.30%,2.39%,2.35%,10.9%,2.66%,,11.7%
2026-07-13 13:00:00,,,0.246 Mpa,0.767 Mpa,0.236 Mpa,0.584 Mpa,0.398 Mpa,,0.254 Mpa,,,8.30%,18.4%,7.13%,12.2%,8.12%,,5.67%
2026-07-13 15:00:00,,,0.138 Mpa,0.436 Mpa,0.747 Mpa,0.267 Mpa,0.375 Mpa,,0.223 Mpa,,,5.95%,9.59%,23.8%,5.74%,7.47%,,3.64%
2026-07-13 17:00:00,,,0.154 Mpa,0.217 Mpa,0.0897 Mpa,0.250 Mpa,0.239 Mpa,,0.233 Mpa,,,4.87%,3.53%,2.97%,6.60%,4.06%,,4.21%
2026-07-13 19:00:00,,,0.312 Mpa,0.201 Mpa,0.151 Mpa,0.257 Mpa,0.728 Mpa,,0.180 Mpa,,,8.91%,3.05%,5.45%,5.15%,18.0%,,1.84%
2026-07-13 21:00:00,,,0.333 Mpa,0.171 Mpa,0.111 Mpa,0.265 Mpa,0.178 Mpa,,0.138 Mpa,,,9.02%,2.12%,4.45%,6.33%,1.87%,,2.13%
2026-07-13 23:00:00,,,0.375 Mpa,0.166 Mpa,0.0208 Mpa,0.291 Mpa,0.343 Mpa,,0.169 Mpa,,,10.4%,2.26%,1.69%,5.90%,7.40%,,3.15%
2026-07-14 01:00:00,,,0.111 Mpa,0.197 Mpa,0.122 Mpa,0.439 Mpa,0.134 Mpa,,0.166 Mpa,,,2.51%,2.57%,4.19%,9.29%,1.68%,,1.79%
2026-07-14 03:00:00,,,0.207 Mpa,0.174 Mpa,0.339 Mpa,0.480 Mpa,0.681 Mpa,,0.208 Mpa,,,5.01%,1.71%,11.2%,11.2%,16.1%,,2.34%
2026-07-14 05:00:00,,,0.162 Mpa,0.416 Mpa,0.796 Mpa,0.317 Mpa,0.230 Mpa,,0.216 Mpa,,,4.34%,8.54%,26.3%,6.75%,3.60%,,3.64%
2026-07-14 07:00:00,,,0.178 Mpa,0.212 Mpa,0.466 Mpa,0.652 Mpa,0.216 Mpa,,0.215 Mpa,,,5.35%,2.74%,14.8%,15.4%,2.75%,,3.63%
2026-07-14 09:00:00,,,0.488 Mpa,0.174 Mpa,,0.734 Mpa,0.213 Mpa,,0.240 Mpa,,,13.6%,1.57%,,17.6%,2.64%,,4.79%
2026-07-14 11:00:00,,,0.216 Mpa,0.323 Mpa,,0.584 Mpa,0.277 Mpa,,0.259 Mpa,,,6.24%,6.15%,,12.9%,4.26%,,5.87%
2026-07-14 13:00:00,,,0.153 Mpa,0.196 Mpa,0.285 Mpa,0.663 Mpa,0.212 Mpa,,0.216 Mpa,,,4.29%,2.31%,10.9%,15.6%,2.55%,,3.61%
2026-07-14 15:00:00,,,0.164 Mpa,0.173 Mpa,0.304 Mpa,0.645 Mpa,0.161 Mpa,,0.333 Mpa,,,5.79%,1.54%,9.70%,17.3%,1.25%,,7.49%
2026-07-14 17:00:00,,,0.234 Mpa,0.193 Mpa,0.167 Mpa,0.328 Mpa,0.166 Mpa,,0.206 Mpa,,,7.15%,3.03%,5.33%,7.74%,1.88%,,4.15%
2026-07-14 19:00:00,,,0.269 Mpa,0.163 Mpa,0.0816 Mpa,0.264 Mpa,0.231 Mpa,,0.273 Mpa,,,8.17%,1.39%,3.22%,4.18%,3.97%,,7.56%
2026-07-14 21:00:00,,,0.156 Mpa,0.298 Mpa,0.0804 Mpa,0.237 Mpa,0.255 Mpa,,0.176 Mpa,,,5.61%,5.11%,3.46%,3.55%,4.66%,,4.69%
2026-07-14 23:00:00,0.00195 Mpa,,0.478 Mpa,0.178 Mpa,0.0685 Mpa,0.274 Mpa,0.237 Mpa,,0.241 Mpa,4.14%,,14.5%,2.00%,2.51%,4.60%,4.56%,,6.31%
2026-07-15 01:00:00,0.00155 Mpa,,0.0929 Mpa,0.213 Mpa,0.182 Mpa,0.267 Mpa,0.0298 Mpa,,0.113 Mpa,3.10%,,3.27%,3.47%,6.43%,6.64%,0%,,3.13%
2026-07-15 03:00:00,0.109 Mpa,,0.150 Mpa,0.257 Mpa,0.0647 Mpa,0.254 Mpa,0.171 Mpa,,0.211 Mpa,4.07%,,5.59%,4.16%,3.26%,3.99%,2.26%,,4.34%
2026-07-15 05:00:00,0.434 Mpa,,0.127 Mpa,0.245 Mpa,0.0618 Mpa,0.257 Mpa,0.261 Mpa,,0.176 Mpa,10.9%,,4.40%,3.67%,1.98%,5.43%,4.22%,,2.08%
2026-07-15 07:00:00,0.298 Mpa,,0.219 Mpa,0.223 Mpa,0.165 Mpa,0.271 Mpa,0.240 Mpa,,0.346 Mpa,8.20%,,6.41%,2.81%,5.48%,5.38%,3.56%,,7.29%
2026-07-15 09:00:00,0.0000529 Mpa,,0.135 Mpa,0.243 Mpa,0.0542 Mpa,0.244 Mpa,0.231 Mpa,,0.156 Mpa,0.800%,,4.18%,3.38%,1.63%,6.31%,3.13%,,2.17%
2026-07-15 11:00:00,0 Mpa,,0.145 Mpa,0.213 Mpa,0.121 Mpa,0.470 Mpa,0.228 Mpa,,0.167 Mpa,0.796%,,5.58%,2.87%,4.25%,12.1%,3.09%,,2.90%
2026-07-15 13:00:00,0.000740 Mpa,,0.167 Mpa,0.218 Mpa,0.101 Mpa,0.270 Mpa,0.229 Mpa,,0.162 Mpa,0.795%,,5.14%,3.07%,3.24%,4.55%,3.24%,,1.73%
2026-07-15 15:00:00,0.0529 Mpa,,0.161 Mpa,0.375 Mpa,0.0210 Mpa,0.305 Mpa,0.208 Mpa,,0.203 Mpa,1.63%,,5.28%,7.19%,1.23%,5.14%,2.77%,,3.68%
2026-07-15 17:00:00,0.173 Mpa,,0.151 Mpa,0.183 Mpa,0.0150 Mpa,0.224 Mpa,0.197 Mpa,,0.194 Mpa,4.83%,,5.70%,1.82%,0.920%,3.51%,2.24%,,6.45%
2026-07-15 19:00:00,0.401 Mpa,,0.153 Mpa,0.171 Mpa,0.0200 Mpa,0.306 Mpa,0.171 Mpa,,0.146 Mpa,10.6%,,5.50%,1.21%,0.915%,3.51%,1.78%,,3.55%
2026-07-15 21:00:00,0.398 Mpa,,0.149 Mpa,0.255 Mpa,0.0731 Mpa,0.253 Mpa,0.286 Mpa,,0.223 Mpa,11.2%,,4.58%,4.75%,2.81%,1.58%,4.82%,,5.04%
2026-07-15 23:00:00,0.369 Mpa,,0.375 Mpa,0.208 Mpa,0.127 Mpa,0.270 Mpa,0.290 Mpa,,0.180 Mpa,9.51%,,10.8%,2.50%,4.65%,2.29%,5.40%,,4.43%
2026-07-16 01:00:00,0.349 Mpa,,0.222 Mpa,0.247 Mpa,0.221 Mpa,0.256 Mpa,0.100 Mpa,,0.219 Mpa,8.43%,,7.13%,3.00%,7.44%,1.79%,1.43%,,5.24%
2026-07-16 03:00:00,0.404 Mpa,,0.147 Mpa,0.199 Mpa,0.270 Mpa,0.239 Mpa,0.171 Mpa,,0.148 Mpa,11.1%,,5.04%,1.71%,9.56%,2.43%,2.01%,,3.65%
2026-07-16 05:00:00,0.201 Mpa,,0.239 Mpa,0.237 Mpa,0.0186 Mpa,0.267 Mpa,0.195 Mpa,,0.175 Mpa,5.56%,,7.40%,2.72%,0.462%,5.77%,2.32%,,3.24%
2026-07-16 07:00:00,0.0812 Mpa,,0.153 Mpa,0.203 Mpa,0.108 Mpa,0.310 Mpa,0.211 Mpa,,0.182 Mpa,1.53%,,4.44%,1.66%,3.73%,5.25%,2.33%,,4.14%
2026-07-16 09:00:00,0.111 Mpa,,0.230 Mpa,0.179 Mpa,0.386 Mpa,0.293 Mpa,0.197 Mpa,,0.189 Mpa,3.47%,,6.58%,1.28%,13.2%,5.06%,2.20%,,4.21%
2026-07-16 11:00:00,0.203 Mpa,,0.152 Mpa,0.200 Mpa,0.218 Mpa,0.255 Mpa,0.200 Mpa,,0.151 Mpa,5.83%,,4.04%,1.90%,6.90%,3.88%,2.12%,,3.43%
2026-07-16 13:00:00,0.0751 Mpa,,0.159 Mpa,0.213 Mpa,0.0774 Mpa,0.385 Mpa,0.308 Mpa,,0.232 Mpa,1.58%,,4.09%,3.09%,3.40%,6.53%,5.49%,,4.52%
2026-07-16 15:00:00,0.126 Mpa,,0.238 Mpa,0.209 Mpa,0.259 Mpa,0.276 Mpa,0.258 Mpa,,0.235 Mpa,2.82%,,7.10%,2.04%,8.57%,3.62%,4.16%,,5.20%
2026-07-16 17:00:00,0.271 Mpa,,0.120 Mpa,0.208 Mpa,0.197 Mpa,0.276 Mpa,0.317 Mpa,,0.228 Mpa,7.79%,,3.94%,2.13%,7.04%,7.92%,5.48%,,4.39%
2026-07-16 19:00:00,0.168 Mpa,,0.253 Mpa,0.205 Mpa,0.304 Mpa,0.267 Mpa,0.262 Mpa,,0.203 Mpa,4.69%,,7.53%,2.13%,10.2%,5.89%,3.58%,,4.50%
2026-07-16 21:00:00,0.204 Mpa,,0.190 Mpa,0.174 Mpa,0.145 Mpa,0.269 Mpa,0.132 Mpa,,0.227 Mpa,5.94%,,5.34%,1.08%,5.20%,6.90%,1.26%,,5.59%
2026-07-16 23:00:00,0.469 Mpa,,0.295 Mpa,0.244 Mpa,0.395 Mpa,0.237 Mpa,0.220 Mpa,,0.177 Mpa,12.2%,,8.63%,3.41%,12.9%,5.86%,3.41%,,3.73%
2026-07-17 01:00:00,0.134 Mpa,,0.189 Mpa,0.243 Mpa,0.140 Mpa,0.310 Mpa,0.204 Mpa,,0.210 Mpa,4.53%,,5.53%,2.67%,4.37%,6.96%,3.31%,,5.91%
2026-07-17 03:00:00,0.121 Mpa,,0.177 Mpa,0.264 Mpa,0.120 Mpa,0.259 Mpa,0.187 Mpa,,0.266 Mpa,5.27%,,4.98%,3.21%,5.45%,2.67%,1.58%,,6.30%
2026-07-17 05:00:00,0.190 Mpa,,0.133 Mpa,0.268 Mpa,0.362 Mpa,0.293 Mpa,0.324 Mpa,,0.461 Mpa,5.39%,,4.14%,3.51%,12.6%,5.60%,6.59%,,10.9%
2026-07-17 07:00:00,0.198 Mpa,,0.257 Mpa,0.223 Mpa,0.125 Mpa,0.305 Mpa,0.223 Mpa,,0.299 Mpa,5.35%,,7.55%,2.62%,4.10%,4.97%,2.51%,,5.02%
2026-07-17 09:00:00,0.279 Mpa,,0.182 Mpa,0.244 Mpa,0.0389 Mpa,0.281 Mpa,0.436 Mpa,,0.231 Mpa,7.59%,,4.94%,2.77%,1.14%,3.03%,8.87%,,3.71%
2026-07-17 11:00:00,0.145 Mpa,,0.146 Mpa,0.227 Mpa,0.0903 Mpa,0.271 Mpa,0.204 Mpa,,0.281 Mpa,4.28%,,4.43%,2.66%,4.10%,3.36%,2.06%,,5.37%
2026-07-17 13:00:00,0.186 Mpa,0.0339 Mpa,0.163 Mpa,0.191 Mpa,0.0421 Mpa,0.170 Mpa,0.248 Mpa,,0.269 Mpa,4.82%,0.748%,5.37%,1.71%,2.06%,0.721%,3.48%,,5.38%
2026-07-17 15:00:00,0.109 Mpa,0.0407 Mpa,0.161 Mpa,0.144 Mpa,0.0364 Mpa,0.245 Mpa,0.282 Mpa,,0.326 Mpa,2.86%,1.23%,4.90%,1.21%,2.01%,3.16%,5.29%,,6.08%
2026-07-17 17:00:00,0.185 Mpa,,0.135 Mpa,0.264 Mpa,0.102 Mpa,0.269 Mpa,0.219 Mpa,,0.306 Mpa,4.92%,,4.73%,3.63%,4.47%,4.60%,3.36%,,6.01%
2026-07-17 19:00:00,0.170 Mpa,,0.126 Mpa,0.338 Mpa,0.109 Mpa,0.251 Mpa,0.191 Mpa,,0.292 Mpa,5.79%,,3.34%,5.56%,4.14%,6.12%,3.98%,,6.35%
2026-07-17 21:00:00,0.188 Mpa,,0.180 Mpa,0.240 Mpa,0.0622 Mpa,0.252 Mpa,0.0240 Mpa,,0.157 Mpa,5.58%,,4.76%,2.95%,1.93%,5.82%,1.89%,,2.38%
2026-07-17 23:00:00,0.228 Mpa,0.0408 Mpa,0.195 Mpa,0.211 Mpa,0.0120 Mpa,0.257 Mpa,,,0.254 Mpa,6.45%,0%,5.50%,2.43%,1.47%,7.00%,,,4.31%
2026-07-18 01:00:00,0.275 Mpa,,0.164 Mpa,0.229 Mpa,0.104 Mpa,0.245 Mpa,0.269 Mpa,,0.236 Mpa,8.98%,,4.87%,3.02%,3.76%,1.98%,4.85%,,3.23%
2026-07-18 03:00:00,0.216 Mpa,,0.210 Mpa,0.239 Mpa,0.231 Mpa,0.286 Mpa,0.229 Mpa,,0.190 Mpa,6.89%,,6.04%,2.84%,7.39%,3.95%,3.53%,,3.40%
2026-07-18 05:00:00,0.229 Mpa,,0.139 Mpa,0.157 Mpa,0.126 Mpa,0.304 Mpa,0.199 Mpa,,0.240 Mpa,6.62%,,4.94%,1.19%,4.63%,5.57%,3.43%,,4.37%
2026-07-18 07:00:00,0.0985 Mpa,,0.224 Mpa,0.259 Mpa,0.152 Mpa,0.316 Mpa,0.232 Mpa,,0.245 Mpa,2.53%,,5.70%,3.58%,5.45%,8.14%,3.85%,,3.59%
2026-07-18 09:00:00,0.255 Mpa,,0.179 Mpa,0.352 Mpa,0.146 Mpa,0.364 Mpa,0.226 Mpa,,0.208 Mpa,7.04%,,4.76%,5.74%,5.59%,8.64%,3.05%,,3.17%
2026-07-18 11:00:00,0.269 Mpa,,0.163 Mpa,0.385 Mpa,0.144 Mpa,0.487 Mpa,0.205 Mpa,,0.339 Mpa,7.72%,,4.67%,6.65%,5.38%,9.83%,2.55%,,6.13%
2026-07-18 13:00:00,0.132 Mpa,,0.307 Mpa,0.183 Mpa,0.229 Mpa,0.344 Mpa,0.185 Mpa,,0.380 Mpa,4.50%,,8.29%,1.48%,7.80%,6.41%,1.63%,,6.71%
2026-07-18 15:00:00,0.0923 Mpa,,0.309 Mpa,0.194 Mpa,0.307 Mpa,0.260 Mpa,0.998 Mpa,,0.245 Mpa,3.07%,,8.31%,1.72%,9.99%,7.14%,25.1%,,3.78%
2026-07-18 17:00:00,0.136 Mpa,,0.139 Mpa,0.251 Mpa,0.180 Mpa,0.245 Mpa,0.200 Mpa,,0.313 Mpa,4.75%,,4.05%,3.59%,6.10%,4.45%,3.01%,,6.25%
2026-07-18 19:00:00,0.0815 Mpa,,0.218 Mpa,0.214 Mpa,0.253 Mpa,0.269 Mpa,0.269 Mpa,,0.245 Mpa,3.57%,,6.67%,2.35%,7.42%,4.59%,3.61%,,4.39%
2026-07-18 21:00:00,0.0577 Mpa,,0.203 Mpa,0.201 Mpa,0.0790 Mpa,0.268 Mpa,0.219 Mpa,,0.194 Mpa,1.51%,,5.68%,1.84%,3.02%,4.61%,2.98%,,2.43%
2026-07-18 23:00:00,0.0800 Mpa,,0.288 Mpa,0.214 Mpa,0.101 Mpa,0.254 Mpa,0.212 Mpa,,0.263 Mpa,2.74%,,7.84%,2.40%,3.42%,3.16%,2.41%,,4.57%
2026-07-19 01:00:00,0.257 Mpa,0.0304 Mpa,0.280 Mpa,0.255 Mpa,0.0347 Mpa,0.264 Mpa,0.192 Mpa,,0.356 Mpa,7.68%,0.892%,7.29%,2.94%,1.41%,3.81%,1.92%,,7.79%
2026-07-19 03:00:00,0.0449 Mpa,0.0352 Mpa,0.328 Mpa,0.249 Mpa,0.0538 Mpa,0.247 Mpa,0.208 Mpa,,0.263 Mpa,3.13%,0.0624%,8.69%,3.00%,2.11%,1.81%,2.04%,,4.43%
2026-07-19 05:00:00,0.161 Mpa,,0.261 Mpa,0.203 Mpa,0.0760 Mpa,0.284 Mpa,0.198 Mpa,,0.331 Mpa,4.11%,,6.52%,2.28%,3.23%,5.52%,2.13%,,7.07%
2026-07-19 07:00:00,0.134 Mpa,,0.276 Mpa,0.264 Mpa,0.0508 Mpa,0.265 Mpa,0.289 Mpa,,0.566 Mpa,4.10%,,6.50%,4.20%,3.08%,4.70%,4.80%,,13.4%
2026-07-19 09:00:00,0.376 Mpa,0.0441 Mpa,0.315 Mpa,0.235 Mpa,0.0733 Mpa,0.306 Mpa,0.771 Mpa,,0.168 Mpa,10.0%,7.98%,8.37%,3.43%,3.81%,5.61%,19.4%,,2.42%
2026-07-19 11:00:00,0.161 Mpa,0.0427 Mpa,0.378 Mpa,0.298 Mpa,0.162 Mpa,0.462 Mpa,0.206 Mpa,,0.313 Mpa,3.87%,9.58%,9.66%,5.33%,7.03%,12.8%,3.88%,,5.68%
2026-07-19 13:00:00,0.289 Mpa,0.0832 Mpa,0.222 Mpa,0.383 Mpa,0.0133 Mpa,0.294 Mpa,0.366 Mpa,,0.225 Mpa,7.48%,11.4%,4.91%,7.38%,0%,8.07%,7.20%,,3.41%
2026-07-19 15:00:00,0.0846 Mpa,0.0508 Mpa,0.145 Mpa,0.201 Mpa,0 Mpa,0.296 Mpa,0.461 Mpa,,0.223 Mpa,1.72%,8.06%,2.47%,2.10%,0%,6.83%,9.62%,,3.94%
2026-07-19 17:00:00,0.129 Mpa,0.0686 Mpa,0.213 Mpa,0.164 Mpa,,0.219 Mpa,0.305 Mpa,,0.136 Mpa,3.56%,4.76%,5.01%,2.27%,,5.07%,5.07%,,1.23%
2026-07-19 19:00:00,0.104 Mpa,0.0250 Mpa,0.235 Mpa,0.306 Mpa,0 Mpa,0.432 Mpa,0.329 Mpa,,,2.91%,0%,5.95%,4.88%,0%,9.59%,5.46%,,
2026-07-19 21:00:00,0.101 Mpa,0.0317 Mpa,0.208 Mpa,0.239 Mpa,0.0531 Mpa,,0.289 Mpa,,0.326 Mpa,2.50%,7.83%,4.70%,3.52%,2.79%,,4.41%,,6.55%
2026-07-19 23:00:00,0.0929 Mpa,0.0210 Mpa,0.192 Mpa,0.195 Mpa,,0.189 Mpa,0.194 Mpa,,0.378 Mpa,2.79%,11.7%,4.45%,1.77%,,0.929%,1.36%,,8.07%
2026-07-20 01:00:00,0.122 Mpa,,0.203 Mpa,0.198 Mpa,,0.260 Mpa,0.186 Mpa,,0.221 Mpa,3.18%,,5.66%,1.97%,,2.90%,2.59%,,4.07%
2026-07-20 03:00:00,0.0640 Mpa,0.0464 Mpa,0.222 Mpa,0.178 Mpa,,0.242 Mpa,0.236 Mpa,,0.194 Mpa,1.22%,2.93%,6.35%,1.68%,,5.03%,4.03%,,3.04%
2026-07-20 05:00:00,0.118 Mpa,,0.247 Mpa,0.201 Mpa,,0.340 Mpa,0.347 Mpa,,0.227 Mpa,3.79%,,7.16%,3.22%,,8.48%,6.82%,,4.37%
2026-07-20 07:00:00,0.328 Mpa,1.10 Mpa,0.328 Mpa,0.224 Mpa,,0.341 Mpa,0.318 Mpa,,0.208 Mpa,8.03%,31.4%,8.77%,2.82%,,6.22%,5.66%,,2.69%
2026-07-20 09:00:00,0.260 Mpa,0.181 Mpa,0.710 Mpa,0.181 Mpa,,0.323 Mpa,0.245 Mpa,,0.252 Mpa,6.61%,6.13%,18.5%,1.69%,,6.23%,3.59%,,4.29%
2026-07-20 11:00:00,0.319 Mpa,,2.62 Mpa,0.192 Mpa,,0.439 Mpa,0.426 Mpa,,0.271 Mpa,8.52%,,72.0%,1.91%,,8.88%,8.79%,,4.32%
2026-07-20 13:00:00,0.151 Mpa,0.00626 Mpa,1.05 Mpa,0.335 Mpa,,0.499 Mpa,0.332 Mpa,,0.236 Mpa,3.86%,8.25%,28.4%,6.55%,,10.2%,5.32%,,3.95%
2026-07-20 15:00:00,0.216 Mpa,0.0215 Mpa,0.170 Mpa,,,0.367 Mpa,0.142 Mpa,,0.395 Mpa,5.05%,2.86%,4.99%,,,7.71%,2.57%,,8.54%
2026-07-20 17:00:00,0.195 Mpa,,0.875 Mpa,0.282 Mpa,,0.198 Mpa,0.163 Mpa,,0.593 Mpa,4.77%,,24.3%,3.64%,,0.640%,2.48%,,14.8%
2026-07-20 19:00:00,0.112 Mpa,0.0209 Mpa,0.329 Mpa,0.131 Mpa,,0.273 Mpa,0.355 Mpa,,0.463 Mpa,4.45%,0%,8.92%,0.893%,,2.54%,7.05%,,10.9%
2026-07-20 21:00:00,0.0737 Mpa,0.0279 Mpa,0.336 Mpa,0.215 Mpa,,0.240 Mpa,0.0832 Mpa,,0.442 Mpa,3.70%,0%,9.17%,1.92%,,1.27%,0.770%,,10.6%
2026-07-20 23:00:00,0.0988 Mpa,0.0139 Mpa,0.347 Mpa,0.246 Mpa,,0.517 Mpa,0.284 Mpa,,0.411 Mpa,3.58%,0%,10.2%,3.26%,,8.57%,4.68%,,8.95%
2026-07-21 01:00:00,0.243 Mpa,0.00610 Mpa,0.330 Mpa,0.245 Mpa,0.0190 Mpa,0.448 Mpa,0.297 Mpa,,0.294 Mpa,6.89%,0%,9.30%,3.55%,2.41%,7.45%,5.02%,,5.85%
2026-07-21 03:00:00,0.198 Mpa,,0.278 Mpa,0.232 Mpa,0.0727 Mpa,0.257 Mpa,0.192 Mpa,,0.170 Mpa,4.89%,,6.66%,3.21%,2.30%,2.28%,2.52%,,2.45%
2026-07-21 05:00:00,0.171 Mpa,,0.252 Mpa,0.215 Mpa,0.146 Mpa,0.225 Mpa,0.193 Mpa,,0.260 Mpa,4.22%,,7.36%,2.60%,5.59%,3.35%,2.66%,,5.11%
2026-07-21 07:00:00,0.117 Mpa,,0.229 Mpa,0.159 Mpa,0.186 Mpa,0.226 Mpa,0.216 Mpa,,0.200 Mpa,3.18%,,6.48%,1.42%,7.70%,2.29%,3.04%,,3.35%
2026-07-21 09:00:00,0.205 Mpa,0.110 Mpa,0.192 Mpa,0.285 Mpa,,0.371 Mpa,0.195 Mpa,,0.341 Mpa,5.35%,6.52%,5.90%,4.74%,,6.26%,2.66%,,6.97%
2026-07-21 11:00:00,0.223 Mpa,,0.197 Mpa,0.222 Mpa,0.0459 Mpa,0.470 Mpa,0.198 Mpa,,0.173 Mpa,6.07%,,6.19%,2.94%,1.59%,9.01%,3.03%,,2.85%
2026-07-21 13:00:00,0.189 Mpa,,0.285 Mpa,0.338 Mpa,0.107 Mpa,0.430 Mpa,0.159 Mpa,,0.243 Mpa,5.10%,,8.58%,6.18%,3.20%,8.90%,2.20%,,5.43%
2026-07-21 15:00:00,0.141 Mpa,,0.194 Mpa,0.221 Mpa,0.107 Mpa,0.248 Mpa,0.329 Mpa,,0.780 Mpa,5.49%,,6.76%,3.66%,4.09%,4.02%,6.50%,,19.1%
2026-07-21 17:00:00,0.100 Mpa,,0.259 Mpa,0.223 Mpa,0.140 Mpa,0.278 Mpa,0.209 Mpa,,,4.06%,,7.62%,3.44%,5.29%,6.53%,3.27%,,
2026-07-21 19:00:00,0.213 Mpa,,0.219 Mpa,0.213 Mpa,0.181 Mpa,0.419 Mpa,0.370 Mpa,,,6.28%,,5.01%,2.49%,6.69%,9.83%,7.29%,,
2026-07-21 21:00:00,0.196 Mpa,,0.347 Mpa,0.322 Mpa,0.200 Mpa,,0.184 Mpa,,0.221 Mpa,5.07%,,8.18%,4.93%,8.88%,,2.79%,,4.18%
2026-07-21 23:00:00,0.168 Mpa,,0.251 Mpa,0.393 Mpa,0.124 Mpa,0.449 Mpa,0.157 Mpa,,,4.47%,,5.73%,7.17%,4.39%,9.00%,2.02%,,
2026-07-22 01:00:00,0.179 Mpa,,0.118 Mpa,0.217 Mpa,0.161 Mpa,0.257 Mpa,0.176 Mpa,,,4.92%,,3.08%,2.92%,5.91%,2.59%,3.42%,,
2026-07-22 03:00:00,0.290 Mpa,,0.204 Mpa,0.341 Mpa,0.237 Mpa,0.250 Mpa,0.265 Mpa,,,8.10%,,5.52%,5.55%,8.17%,4.37%,4.13%,,
2026-07-22 05:00:00,0.349 Mpa,,0.189 Mpa,0.508 Mpa,0.225 Mpa,0.332 Mpa,0.170 Mpa,,,10.1%,,4.76%,10.2%,7.75%,5.74%,2.48%,,
2026-07-22 07:00:00,0.136 Mpa,,0.174 Mpa,0.319 Mpa,0.113 Mpa,0.228 Mpa,0.300 Mpa,,,3.61%,,4.69%,4.51%,4.41%,1.33%,6.69%,,
2026-07-22 09:00:00,0.113 Mpa,,0.261 Mpa,0.440 Mpa,0.101 Mpa,0.240 Mpa,0.285 Mpa,,,3.59%,,7.76%,8.26%,3.41%,3.56%,6.16%,,
2026-07-22 11:00:00,0.316 Mpa,,0.136 Mpa,0.270 Mpa,0.0730 Mpa,0.221 Mpa,0.299 Mpa,,,7.83%,,4.45%,4.09%,2.63%,3.17%,6.74%,,
2026-07-22 13:00:00,0.0000684 Mpa,,0.223 Mpa,0.251 Mpa,0.114 Mpa,0.488 Mpa,0.364 Mpa,,,6.67%,,6.07%,3.22%,4.35%,9.69%,8.48%,,
2026-07-22 15:00:00,0.104 Mpa,,0.219 Mpa,0.268 Mpa,0.150 Mpa,0.314 Mpa,0.229 Mpa,,,4.13%,,6.14%,3.70%,4.86%,5.80%,3.18%,,
2026-07-22 17:00:00,0.164 Mpa,,0.170 Mpa,0.194 Mpa,0.221 Mpa,0.248 Mpa,0.255 Mpa,,0.115 Mpa,4.09%,,4.50%,1.86%,8.21%,4.80%,4.16%,,0.333%
2026-07-22 19:00:00,0.150 Mpa,,0.207 Mpa,0.279 Mpa,0.265 Mpa,0.172 Mpa,0.201 Mpa,,0.188 Mpa,4.68%,,4.88%,3.28%,8.97%,0.626%,3.25%,,3.41%
2026-07-22 21:00:00,0.130 Mpa,,0.159 Mpa,0.311 Mpa,0.143 Mpa,0.198 Mpa,0.189 Mpa,,0.229 Mpa,3.37%,,4.59%,4.96%,6.34%,0.767%,2.21%,,3.54%
2026-07-22 23:00:00,0.281 Mpa,,0.244 Mpa,0.288 Mpa,0.119 Mpa,0.179 Mpa,0.186 Mpa,,0.264 Mpa,7.40%,,6.53%,3.92%,5.24%,0.604%,2.85%,,4.37%
2026-07-23 01:00:00,0.164 Mpa,,0.346 Mpa,0.293 Mpa,0.0738 Mpa,0.303 Mpa,0.418 Mpa,,0.242 Mpa,4.02%,,8.32%,3.64%,3.51%,3.76%,10.3%,,3.75%
2026-07-23 03:00:00,0.343 Mpa,,0.253 Mpa,0.214 Mpa,0.0525 Mpa,0.459 Mpa,0.220 Mpa,,0.473 Mpa,8.95%,,6.12%,1.18%,3.50%,8.15%,5.21%,,9.19%
2026-07-23 05:00:00,0.161 Mpa,,0.325 Mpa,0.259 Mpa,0.0130 Mpa,0.158 Mpa,,,0.284 Mpa,5.41%,,8.38%,3.01%,2.99%,0.00816%,,,5.65%
2026-07-23 07:00:00,0.149 Mpa,,0.193 Mpa,0.239 Mpa,0.141 Mpa,,,,0.285 Mpa,4.78%,,5.52%,1.85%,4.57%,,,,6.00%
2026-07-23 09:00:00,0.105 Mpa,,0.408 Mpa,0.248 Mpa,0.255 Mpa,0.161 Mpa,0.000403 Mpa,,0.336 Mpa,3.23%,,10.0%,2.49%,7.55%,0.00985%,0%,,7.00%
2026-07-23 11:00:00,0.102 Mpa,,0.155 Mpa,0.284 Mpa,0.210 Mpa,0.214 Mpa,0.0894 Mpa,,0.196 Mpa,3.58%,,4.11%,3.29%,6.51%,5.92%,0.517%,,4.14%
2026-07-23 13:00:00,0.174 Mpa,,0.143 Mpa,0.321 Mpa,0.129 Mpa,,,,0.287 Mpa,5.23%,,3.17%,4.59%,4.65%,,,,4.75%
2026-07-23 15:00:00,0.337 Mpa,,0.208 Mpa,0.221 Mpa,0.165 Mpa,0.168 Mpa,,,0.262 Mpa,9.47%,,5.17%,1.58%,5.35%,6%,,,4.45%
2026-07-23 17:00:00,0.415 Mpa,,0.190 Mpa,0.291 Mpa,0.225 Mpa,,,,,11.6%,,5.20%,3.85%,7.16%,,,,
2026-07-23 19:00:00,0.132 Mpa,,0.0662 Mpa,0.142 Mpa,0.271 Mpa,,,,0.0488 Mpa,4.92%,,1.82%,0%,9.77%,,,,0.800%
2026-07-23 21:00:00,0.338 Mpa,,0.276 Mpa,0.281 Mpa,0.169 Mpa,,,,0.0582 Mpa,8.80%,,6.44%,2.21%,11.0%,,,,0.817%
2026-07-23 23:00:00,0.356 Mpa,,0.198 Mpa,0.319 Mpa,0.126 Mpa,0.609 Mpa,,,0.162 Mpa,9.53%,,5.35%,3.70%,4.18%,17.1%,,,4.61%
2026-07-24 01:00:00,0.176 Mpa,,0.194 Mpa,0.238 Mpa,0.0720 Mpa,,,,0.252 Mpa,4.91%,,4.85%,1.46%,2.44%,,,,6.11%
2026-07-24 03:00:00,0.128 Mpa,,0.230 Mpa,0.342 Mpa,0.0676 Mpa,0.968 Mpa,,,0.194 Mpa,3.20%,,5.53%,4.81%,5.05%,23.4%,,,4.58%
2026-07-24 05:00:00,0.300 Mpa,,0.169 Mpa,,0.259 Mpa,,,,0.209 Mpa,8.46%,,5.33%,,8.14%,,,,3.63%
2026-07-24 07:00:00,0.378 Mpa,,0.189 Mpa,0.139 Mpa,0.228 Mpa,,,,0.222 Mpa,10.1%,,5.06%,0%,6.96%,,,,4.44%
2026-07-24 09:00:00,0.312 Mpa,,0.210 Mpa,0.200 Mpa,0.116 Mpa,0.198 Mpa,0 Mpa,,0.199 Mpa,8.28%,,5.85%,0.775%,4.04%,5.18%,0.600%,,4.38%
2026-07-24 11:00:00,0.244 Mpa,,0.174 Mpa,0.165 Mpa,0.355 Mpa,,0.117 Mpa,,0.145 Mpa,6.62%,,5.33%,0%,11.2%,,2.61%,,2.62%
2026-07-24 13:00:00,0.149 Mpa,,0.347 Mpa,0.244 Mpa,0.389 Mpa,,0.222 Mpa,,0.139 Mpa,6.08%,,8.06%,1.87%,12.1%,,3.90%,,2.26%
2026-07-24 15:00:00,0.224 Mpa,,0.271 Mpa,0.195 Mpa,0.770 Mpa,,0.180 Mpa,,0.282 Mpa,5.90%,,6.66%,0.961%,24.3%,,1.52%,,5.27%
2026-07-24 17:00:00,0.134 Mpa,,0.197 Mpa,0.259 Mpa,0.0342 Mpa,,0.132 Mpa,,0.251 Mpa,3.15%,,5.17%,2.09%,1.95%,,2.18%,,4.91%
2026-07-24 19:00:00,0.151 Mpa,,0.213 Mpa,0.277 Mpa,0.0969 Mpa,,0.0786 Mpa,,0.245 Mpa,3.96%,,5.08%,2.70%,3.57%,,0.640%,,4.52%
2026-07-24 21:00:00,0.222 Mpa,,0.146 Mpa,0.396 Mpa,0.0307 Mpa,,0.232 Mpa,,0.288 Mpa,6.09%,,3.90%,5.64%,1.07%,,4.42%,,5.67%
2026-07-24 23:00:00,0.0925 Mpa,,0.152 Mpa,0.312 Mpa,0.0561 Mpa,,0.185 Mpa,,0.244 Mpa,3.09%,,4.14%,3.96%,2.65%,,2.50%,,4.01%
2026-07-25 01:00:00,0.405 Mpa,,0.112 Mpa,0.299 Mpa,0.0908 Mpa,,0.221 Mpa,,0.158 Mpa,10.9%,,2.50%,3.49%,3.78%,,3.07%,,3.52%
2026-07-25 03:00:00,0.243 Mpa,,0.179 Mpa,0.377 Mpa,0.132 Mpa,,0.195 Mpa,,0.226 Mpa,6.52%,,5.13%,5.24%,4.58%,,3.14%,,3.56%
2026-07-25 05:00:00,0.302 Mpa,,0.250 Mpa,0.346 Mpa,0.0671 Mpa,,0.169 Mpa,,0.255 Mpa,9.38%,,6.07%,4.69%,2.37%,,2.20%,,4.41%
2026-07-25 07:00:00,0.0797 Mpa,,0.232 Mpa,0.309 Mpa,0.143 Mpa,,0.197 Mpa,,0.189 Mpa,3.59%,,5.31%,3.93%,6.03%,,2.24%,,2.95%
2026-07-25 09:00:00,0.0788 Mpa,0.720 Mpa,0.133 Mpa,0.355 Mpa,0.112 Mpa,,0.423 Mpa,,0.212 Mpa,2.93%,20%,3.28%,5.20%,3.39%,,9.08%,,3.11%
2026-07-25 11:00:00,0.0754 Mpa,,0.195 Mpa,0.415 Mpa,0.0581 Mpa,,0.151 Mpa,,0.231 Mpa,1.84%,,4.80%,6.26%,3.60%,,2.07%,,4.41%
2026-07-25 13:00:00,0.119 Mpa,,0.199 Mpa,,0.148 Mpa,,0.300 Mpa,,0.186 Mpa,2.94%,,6.41%,,5.35%,,4.85%,,2.87%
2026-07-25 15:00:00,0.164 Mpa,,0.186 Mpa,0.358 Mpa,0.118 Mpa,,0.106 Mpa,,0.177 Mpa,4.64%,,5.63%,5.30%,4.23%,,1.49%,,2.94%
2026-07-25 17:00:00,0.0956 Mpa,,0.237 Mpa,0.314 Mpa,0.124 Mpa,,0.193 Mpa,,0.197 Mpa,3.33%,,6.62%,3.83%,3.78%,,2.91%,,3.42%
2026-07-25 19:00:00,0.119 Mpa,,0.187 Mpa,0.291 Mpa,0.150 Mpa,,0.281 Mpa,,0.186 Mpa,4.90%,,5.37%,2.93%,5.42%,,5.24%,,3.44%
2026-07-25 21:00:00,0.167 Mpa,,0.192 Mpa,0.306 Mpa,0.0960 Mpa,,0.205 Mpa,,0.194 Mpa,5.14%,,5.09%,3.42%,2.69%,,2.32%,,3.67%
2026-07-25 23:00:00,0.113 Mpa,,0.190 Mpa,0.291 Mpa,0.205 Mpa,,0.357 Mpa,,0.200 Mpa,4.07%,,4.91%,3.10%,6.98%,,7.19%,,3.63%
2026-07-26 01:00:00,0.150 Mpa,,0.168 Mpa,0.304 Mpa,0.0798 Mpa,,0.201 Mpa,,0.293 Mpa,3.32%,,3.43%,3.56%,2.53%,,2.45%,,5.84%
2026-07-26 03:00:00,0.190 Mpa,,0.172 Mpa,0.252 Mpa,0.136 Mpa,,0.244 Mpa,,0.212 Mpa,5.03%,,4.42%,2.44%,4.61%,,3.82%,,4.50%
2026-07-26 05:00:00,0.205 Mpa,,0.159 Mpa,0.273 Mpa,0.122 Mpa,,0.332 Mpa,,0.271 Mpa,5.59%,,4.82%,3.05%,3.62%,,6.31%,,5.05%
2026-07-26 07:00:00,0.0793 Mpa,,0.209 Mpa,0.279 Mpa,0.140 Mpa,,0.264 Mpa,,0.253 Mpa,1.73%,,5.40%,3.08%,5.03%,,4.69%,,4.91%
2026-07-26 09:00:00,0.0708 Mpa,,0.257 Mpa,0.258 Mpa,0.178 Mpa,,0.251 Mpa,,0.201 Mpa,1.97%,,6.59%,2.69%,5.78%,,3.78%,,3.19%
2026-07-26 11:00:00,0.0596 Mpa,,0.280 Mpa,0.261 Mpa,0.0978 Mpa,,0.293 Mpa,,0.256 Mpa,3.01%,,8.27%,2.64%,2.63%,,5.02%,,4.99%
2026-07-26 13:00:00,0.133 Mpa,,0.147 Mpa,0.253 Mpa,1.29 Mpa,,0.294 Mpa,,0.191 Mpa,4.60%,,3.68%,2.73%,42.7%,,5.70%,,3.23%
2026-07-26 15:00:00,0.154 Mpa,,0.287 Mpa,0.393 Mpa,0.180 Mpa,,0.282 Mpa,,0.257 Mpa,3.95%,,7.09%,6.27%,6.34%,,5.15%,,5.41%
2026-07-26 17:00:00,0.160 Mpa,,0.177 Mpa,0.305 Mpa,0.201 Mpa,,0.223 Mpa,,0.480 Mpa,5.32%,,5.51%,3.71%,7.45%,,3.42%,,11.6%
2026-07-26 19:00:00,0.240 Mpa,,0.390 Mpa,0.303 Mpa,0.106 Mpa,,0.273 Mpa,,0.239 Mpa,7.99%,,10.2%,3.67%,3.78%,,5.38%,,5.25%
2026-07-26 21:00:00,0.0908 Mpa,,0.248 Mpa,0.287 Mpa,0.107 Mpa,,0.264 Mpa,,0.233 Mpa,3.13%,,7.10%,3.32%,3.88%,,3.79%,,4.81%
2026-07-26 23:00:00,0.259 Mpa,,0.203 Mpa,0.280 Mpa,0.120 Mpa,,0.217 Mpa,,0.298 Mpa,7.77%,,5.66%,2.79%,4.34%,,3.14%,,6.43%
2026-07-27 01:00:00,0.0411 Mpa,,,0.323 Mpa,,,0.229 Mpa,,0.427 Mpa,3.03%,,,4.16%,,,3.99%,,8.60%
2026-07-27 03:00:00,0.619 Mpa,,0.253 Mpa,0.313 Mpa,,,0.276 Mpa,,0.738 Mpa,17.2%,,7.25%,3.84%,,,5.22%,,17.4%
2026-07-27 05:00:00,0.503 Mpa,,0.171 Mpa,0.291 Mpa,0 Mpa,,0.224 Mpa,,0.244 Mpa,13.7%,,3.91%,3.51%,1.83%,,3.75%,,4.43%
2026-07-27 07:00:00,0.0927 Mpa,,0.264 Mpa,0.237 Mpa,0.462 Mpa,,0.206 Mpa,,0.307 Mpa,2.02%,,6.36%,1.86%,16.9%,,3.11%,,5.50%
2026-07-27 09:00:00,0.113 Mpa,,0.278 Mpa,0.256 Mpa,0.0672 Mpa,,0.314 Mpa,,0.600 Mpa,2.52%,,7.33%,2.47%,2.59%,,5.89%,,13.6%
2026-07-27 11:00:00,0.166 Mpa,,0.246 Mpa,0.218 Mpa,0.154 Mpa,,0.196 Mpa,,0.204 Mpa,3.97%,,6.39%,1.30%,5.51%,,2.88%,,2.82%
2026-07-27 13:00:00,0.364 Mpa,,0.268 Mpa,0.293 Mpa,0.154 Mpa,,0.234 Mpa,,0.415 Mpa,9.83%,,7.05%,3.82%,6.75%,,4.36%,,7.93%
2026-07-27 15:00:00,0 Mpa,,0.275 Mpa,0.232 Mpa,0.0813 Mpa,,0.289 Mpa,,0.218 Mpa,0.812%,,7.49%,1.92%,3.82%,,5.21%,,2.69%
2026-07-27 17:00:00,0 Mpa,,0.227 Mpa,0.311 Mpa,0.0710 Mpa,,0.0948 Mpa,,0.215 Mpa,1.01%,,6.20%,4.16%,2.42%,,2.14%,,3.33%
2026-07-27 19:00:00,,,0.232 Mpa,0.279 Mpa,0.0525 Mpa,,0.184 Mpa,,0.240 Mpa,,,6.13%,2.82%,1.88%,,1.47%,,4.04%
2026-07-27 21:00:00,,,0.246 Mpa,0.225 Mpa,0.282 Mpa,,0.191 Mpa,,0.188 Mpa,,,6.87%,1.37%,9.04%,,2.10%,,2.48%
2026-07-27 23:00:00,0.182 Mpa,,0.138 Mpa,0.227 Mpa,0.0518 Mpa,,0.177 Mpa,,0.256 Mpa,4.95%,,2.17%,1.72%,2.31%,,1.53%,,5.00%
2026-07-28 01:00:00,0.303 Mpa,,0.0905 Mpa,0.223 Mpa,0.175 Mpa,,0.181 Mpa,,0.286 Mpa,8.08%,,0.335%,1.57%,5.36%,,3.40%,,5.62%
2026-07-28 03:00:00,0.257 Mpa,,0.141 Mpa,0.285 Mpa,0.0763 Mpa,,0.213 Mpa,,0.269 Mpa,7.22%,,2.17%,3.33%,2.21%,,3.18%,,4.99%
2026-07-28 05:00:00,0.0856 Mpa,,,0.312 Mpa,0.0730 Mpa,,0.226 Mpa,,0.254 Mpa,2.82%,,,4.43%,3.58%,,4.47%,,5.13%
2026-07-28 07:00:00,0.0860 Mpa,,,0.331 Mpa,0.117 Mpa,,0.249 Mpa,,0.304 Mpa,2.90%,,,4.96%,3.56%,,3.19%,,4.44%
2026-07-28 09:00:00,0.225 Mpa,,,0.299 Mpa,0.137 Mpa,,0.316 Mpa,,0.347 Mpa,6.96%,,,3.86%,4.01%,,5.17%,,6.09%
2026-07-28 11:00:00,0.177 Mpa,,0 Mpa,0.257 Mpa,0.250 Mpa,,0.210 Mpa,,0.192 Mpa,4.21%,,0.727%,2.14%,8.70%,,1.93%,,1.89%
2026-07-28 13:00:00,0.172 Mpa,,,0.460 Mpa,0.0772 Mpa,,0.354 Mpa,,0.216 Mpa,5.11%,,,8.22%,2.86%,,5.68%,,3.12%
2026-07-28 15:00:00,0.129 Mpa,,,0.258 Mpa,0.0115 Mpa,,0.256 Mpa,,0.149 Mpa,3.22%,,,2.65%,0.267%,,3.37%,,1.28%
2026-07-28 17:00:00,0.173 Mpa,,,0.297 Mpa,0.150 Mpa,,0.151 Mpa,,0.159 Mpa,4.23%,,,3.61%,6.24%,,1.42%,,2.38%
2026-07-28 19:00:00,0.276 Mpa,,,0.243 Mpa,0.264 Mpa,,0.246 Mpa,,0.189 Mpa,7.72%,,,1.95%,9.56%,,3.37%,,2.10%
2026-07-28 21:00:00,0.0852 Mpa,,,0.240 Mpa,0.113 Mpa,,0.260 Mpa,,0.174 Mpa,2.04%,,,1.53%,4.51%,,3.42%,,2.48%
2026-07-28 23:00:00,0.163 Mpa,,,0.256 Mpa,0.417 Mpa,,0.177 Mpa,,0.223 Mpa,4.61%,,,2.84%,13.7%,,2.01%,,5.33%
2026-07-29 01:00:00,0.0977 Mpa,,,0.309 Mpa,0.0184 Mpa,,0.276 Mpa,,0.331 Mpa,2.60%,,,3.93%,0.477%,,5.84%,,6.72%
2026-07-29 03:00:00,0.211 Mpa,,,0.266 Mpa,0.181 Mpa,,0.191 Mpa,,0.356 Mpa,5.26%,,,2.47%,5.92%,,3.54%,,6.27%
2026-07-29 05:00:00,0.232 Mpa,,,0.198 Mpa,0.148 Mpa,,0.176 Mpa,,0.270 Mpa,5.29%,,,2.05%,5.59%,,2.93%,,4.39%
2026-07-29 07:00:00,0.158 Mpa,,,0.295 Mpa,0.0423 Mpa,,0.195 Mpa,,0.358 Mpa,3.61%,,,4.31%,1.54%,,3.34%,,6.88%
2026-07-29 09:00:00,0.106 Mpa,,,0.373 Mpa,0.135 Mpa,,0.211 Mpa,,0.336 Mpa,3.87%,,,5.68%,4.26%,,2.73%,,6.46%
2026-07-29 11:00:00,0.215 Mpa,,,0.316 Mpa,0.138 Mpa,,0.392 Mpa,,0.340 Mpa,5.94%,,,4.15%,4.81%,,7.66%,,6.57%
2026-07-29 13:00:00,0.176 Mpa,,0.00571 Mpa,0.297 Mpa,0.0233 Mpa,,0.321 Mpa,,0.337 Mpa,7.26%,,0.00952%,4.10%,1.61%,,5.57%,,6.77%
2026-07-29 15:00:00,0.232 Mpa,0 Mpa,0.0114 Mpa,0.283 Mpa,0.00868 Mpa,,0.225 Mpa,,0.238 Mpa,11.9%,0%,5.62%,3.33%,1.60%,,3.37%,,3.10%
2026-07-29 17:00:00,0.149 Mpa,0.395 Mpa,0.00557 Mpa,0.353 Mpa,0.150 Mpa,,0.119 Mpa,,0.177 Mpa,5.77%,10.1%,5.34%,5.52%,5.25%,,1.37%,,1.69%
2026-07-29 19:00:00,0.0940 Mpa,,0.586 Mpa,0.312 Mpa,0.141 Mpa,,0.175 Mpa,,0.215 Mpa,3.27%,,18.0%,3.75%,5.08%,,2.24%,,3.01%
2026-07-29 21:00:00,0.0746 Mpa,,0.0527 Mpa,0.243 Mpa,0.224 Mpa,,0.183 Mpa,,0.187 Mpa,3.20%,,5.29%,2.30%,9.53%,,2.54%,,2.27%
2026-07-29 23:00:00,0.0182 Mpa,,0.171 Mpa,0.233 Mpa,0.0850 Mpa,,0.207 Mpa,,0.303 Mpa,3.39%,,5.78%,1.93%,4.00%,,2.73%,,4.74%
2026-07-30 01:00:00,0.0457 Mpa,,0.113 Mpa,0.333 Mpa,0.321 Mpa,,0.297 Mpa,,0.349 Mpa,2.47%,,4.48%,4.73%,10.2%,,5.88%,,6.44%
2026-07-30 03:00:00,0.163 Mpa,,0.204 Mpa,0.266 Mpa,0.122 Mpa,,0.217 Mpa,,0.643 Mpa,5.69%,,7.64%,3.02%,4.60%,,3.31%,,14.1%
2026-07-30 05:00:00,0.138 Mpa,,0.116 Mpa,0.217 Mpa,0.146 Mpa,,0.194 Mpa,,0.195 Mpa,2.99%,,4.07%,2.13%,4.89%,,3.53%,,3.03%
2026-07-30 07:00:00,0.0791 Mpa,,0.314 Mpa,0.257 Mpa,0.0117 Mpa,,0.201 Mpa,,0.431 Mpa,3.05%,,10.0%,2.67%,0.727%,,2.53%,,7.81%
2026-07-30 09:00:00,0.153 Mpa,0.253 Mpa,0.124 Mpa,0.211 Mpa,0.121 Mpa,,0.193 Mpa,,0.306 Mpa,4.85%,18.7%,4.07%,2.98%,3.23%,,2.95%,,4.44%
2026-07-30 11:00:00,0.136 Mpa,,0.0626 Mpa,0.205 Mpa,0.0174 Mpa,,0.289 Mpa,,0.634 Mpa,4.94%,,2.84%,3.02%,0.986%,,4.99%,,14.3%
2026-07-30 13:00:00,0.147 Mpa,0.0356 Mpa,0.0664 Mpa,0.224 Mpa,0.362 Mpa,,0.489 Mpa,,0.236 Mpa,4.36%,0.0189%,3.89%,3.28%,10.8%,,11.3%,,3.86%
2026-07-30 15:00:00,0.112 Mpa,0.0249 Mpa,0.0732 Mpa,0.185 Mpa,0.101 Mpa,,0.427 Mpa,,0.209 Mpa,2.75%,3.36%,3.50%,2.39%,4.11%,,9.37%,,2.82%
2026-07-30 17:00:00,0.224 Mpa,0.198 Mpa,0.197 Mpa,0.262 Mpa,0.0374 Mpa,,0.162 Mpa,,0.175 Mpa,7.70%,12.5%,6.11%,4.25%,1.64%,,2.85%,,3.22%
2026-07-30 19:00:00,0.143 Mpa,0.0830 Mpa,0.0757 Mpa,0.248 Mpa,0.0125 Mpa,,0.142 Mpa,,0.177 Mpa,4.82%,5.29%,4.82%,3.88%,0.600%,,2.13%,,1.50%
2026-07-30 21:00:00,0.115 Mpa,0.185 Mpa,0.265 Mpa,0.351 Mpa,0.0197 Mpa,,0.227 Mpa,,0.414 Mpa,4.44%,9.48%,8.17%,6.91%,0.495%,,3.91%,,8.64%
2026-07-30 23:00:00,0.620 Mpa,0.0521 Mpa,0.0985 Mpa,0.109 Mpa,0.194 Mpa,,0.133 Mpa,,0.409 Mpa,16.1%,5.66%,3.13%,1.03%,6.97%,,1.63%,,8.50%
2026-07-31 01:00:00,0.145 Mpa,0.0271 Mpa,0.0421 Mpa,0.280 Mpa,0.0271 Mpa,,0.0701 Mpa,,0.302 Mpa,4.15%,2.74%,2.23%,4.80%,0.936%,,0.390%,,5.80%
2026-07-31 03:00:00,0.161 Mpa,0.222 Mpa,0.0857 Mpa,0.288 Mpa,0.0380 Mpa,,0.144 Mpa,,0.255 Mpa,4.10%,11.8%,4.43%,4.66%,1.50%,,2.05%,,4.18%
2026-07-31 05:00:00,0.150 Mpa,0.139 Mpa,0.165 Mpa,0.134 Mpa,0.0561 Mpa,,0.169 Mpa,,0.207 Mpa,4.17%,9.45%,6.20%,0.774%,2.12%,,3.13%,,3.19%
2026-07-31 07:00:00,0.147 Mpa,0.152 Mpa,0.305 Mpa,0.373 Mpa,0.102 Mpa,,0.215 Mpa,,0.260 Mpa,4.03%,9.60%,8.73%,7.17%,3.71%,,3.60%,,4.50%
2026-07-31 09:00:00,0.0633 Mpa,0.0237 Mpa,0.338 Mpa,0.0588 Mpa,0.0128 Mpa,,0.244 Mpa,,0.262 Mpa,3.43%,0%,10.5%,0.958%,0.853%,,4.44%,,4.57%
2026-07-31 11:00:00,0.138 Mpa,0.273 Mpa,0.447 Mpa,0.231 Mpa,0.118 Mpa,,0.199 Mpa,,0.218 Mpa,5.65%,10.4%,13.9%,3.40%,4.50%,,2.97%,,2.91%
2026-07-31 13:00:00,0.00120 Mpa,0.160 Mpa,0.201 Mpa,0.315 Mpa,0.138 Mpa,,0.361 Mpa,,0.195 Mpa,2.21%,8.96%,7.20%,6.16%,4.30%,,6.87%,,2.65%
2026-07-31 15:00:00,,0.150 Mpa,0.286 Mpa,0.195 Mpa,0.0598 Mpa,,0.233 Mpa,,0.467 Mpa,,11.8%,9.82%,2.68%,2.28%,,3.33%,,9.92%
2026-07-31 17:00:00,,0.0677 Mpa,0.158 Mpa,0.309 Mpa,0.125 Mpa,,0.315 Mpa,,0.217 Mpa,,7.41%,6.29%,6.06%,5.12%,,6.80%,,3.17%
2026-07-31 19:00:00,,0.318 Mpa,0.433 Mpa,0.190 Mpa,0.161 Mpa,,0.243 Mpa,,0.282 Mpa,,11.3%,12.4%,2.32%,6.49%,,4.82%,,4.39%
2026-07-31 21:00:00,,0.241 Mpa,0.210 Mpa,0.217 Mpa,0.0699 Mpa,,0.212 Mpa,,0.207 Mpa,,9.85%,7.02%,3.05%,1.89%,,3.33%,,2.31%
2026-07-31 23:00:00,,0.138 Mpa,0.332 Mpa,0.139 Mpa,0.0511 Mpa,,0.114 Mpa,,0.167 Mpa,,8.00%,9.72%,1.29%,3.06%,,1.30%,,1.56%
2026-08-01 01:00:00,,0.297 Mpa,0.553 Mpa,0.277 Mpa,0.00886 Mpa,,0.165 Mpa,,0.310 Mpa,,11.8%,15.8%,4.56%,0.205%,,2.85%,,4.79%
2026-08-01 03:00:00,,0.715 Mpa,0.101 Mpa,0.154 Mpa,0.134 Mpa,,0.552 Mpa,,0.305 Mpa,,23.6%,4.00%,1.65%,5.27%,,13.8%,,4.74%
2026-08-01 05:00:00,,0.226 Mpa,0.137 Mpa,0.204 Mpa,0.207 Mpa,,0.167 Mpa,,0.216 Mpa,,11.9%,6.04%,2.14%,7.04%,,2.87%,,4.18%
2026-08-01 07:00:00,,0.185 Mpa,0.0991 Mpa,0.237 Mpa,0 Mpa,,0.234 Mpa,,0.148 Mpa,,6.60%,4.21%,2.96%,0%,,3.00%,,2.40%
2026-08-01 09:00:00,,0.125 Mpa,0.0596 Mpa,0.209 Mpa,0.0656 Mpa,,0.275 Mpa,,0.248 Mpa,,7.08%,2.06%,3.22%,2.53%,,3.87%,,4.33%
2026-08-01 11:00:00,,0.208 Mpa,0.172 Mpa,0.274 Mpa,0.118 Mpa,,0.213 Mpa,,0.186 Mpa,,7.96%,5.70%,4.72%,4.21%,,3.24%,,2.34%
2026-08-01 13:00:00,,0.0598 Mpa,0.129 Mpa,0.333 Mpa,0.0217 Mpa,,0.300 Mpa,,0.220 Mpa,,3.69%,4.49%,6.36%,1.99%,,5.41%,,2.56%
2026-08-01 15:00:00,,0.209 Mpa,0.118 Mpa,0.148 Mpa,0.101 Mpa,,0.290 Mpa,,0.282 Mpa,,11.0%,5.49%,2.01%,4.01%,,4.20%,,4.08%
2026-08-01 17:00:00,,0.144 Mpa,0.150 Mpa,0.0783 Mpa,0.107 Mpa,,0.205 Mpa,,0.247 Mpa,,8.62%,5.65%,1.16%,4.06%,,2.79%,,3.60%
2026-08-01 19:00:00,,0.0805 Mpa,0.121 Mpa,0.351 Mpa,0.111 Mpa,,0.167 Mpa,,0.218 Mpa,,10.4%,4.44%,6.27%,3.61%,,1.97%,,2.42%
2026-08-01 21:00:00,0.0298 Mpa,0.246 Mpa,0.133 Mpa,0.280 Mpa,0.0481 Mpa,,0.338 Mpa,,0.203 Mpa,1.50%,12.3%,4.58%,3.93%,2.33%,,7.41%,,1.82%
2026-08-01 23:00:00,0.0238 Mpa,0.219 Mpa,0.0961 Mpa,0.232 Mpa,0.251 Mpa,,0.285 Mpa,,0.180 Mpa,1.37%,10.9%,4.48%,3.49%,8.19%,,6.83%,,1.70%
2026-08-02 01:00:00,0.145 Mpa,0.264 Mpa,0.102 Mpa,0.160 Mpa,0.0386 Mpa,,0.198 Mpa,,0.126 Mpa,4.34%,10.9%,4.79%,1.89%,1.49%,,2.74%,,0.706%
2026-08-02 03:00:00,0.139 Mpa,0.204 Mpa,0.125 Mpa,0.125 Mpa,0.108 Mpa,,0.259 Mpa,,0.216 Mpa,3.57%,10.2%,5.66%,1.19%,6.85%,,5.01%,,2.37%
2026-08-02 05:00:00,0.0976 Mpa,0.168 Mpa,0.163 Mpa,0.439 Mpa,0.110 Mpa,,0.261 Mpa,,0.334 Mpa,3.39%,7.62%,7.70%,8.84%,4.02%,,5.50%,,6.09%
2026-08-02 07:00:00,0.0986 Mpa,0.133 Mpa,0.258 Mpa,0.241 Mpa,0.0939 Mpa,,0.301 Mpa,,0.260 Mpa,4.19%,8.63%,8.33%,3.35%,3.21%,,5.16%,,4.33%
2026-08-02 09:00:00,0.137 Mpa,0.159 Mpa,0.0888 Mpa,0.256 Mpa,0.313 Mpa,,0.385 Mpa,,0.254 Mpa,4.78%,7.12%,3.63%,3.61%,10.3%,,7.57%,,3.76%
2026-08-02 11:00:00,0.269 Mpa,0.134 Mpa,0.145 Mpa,0.237 Mpa,0.206 Mpa,,0.252 Mpa,,0.256 Mpa,7.55%,6.53%,5.83%,2.91%,6.73%,,4.05%,,4.34%
2026-08-02 13:00:00,0.321 Mpa,0.0914 Mpa,0.134 Mpa,0.442 Mpa,0.205 Mpa,,0.232 Mpa,,0.242 Mpa,9.69%,6.79%,4.90%,8.04%,7.55%,,2.96%,,3.55%
2026-08-02 15:00:00,0.308 Mpa,0.160 Mpa,0.161 Mpa,0.412 Mpa,0.276 Mpa,,0.146 Mpa,,0.224 Mpa,8.75%,8.92%,6.69%,6.83%,8.77%,,1.05%,,3.85%
2026-08-02 17:00:00,0.252 Mpa,0.152 Mpa,0.141 Mpa,0.299 Mpa,0.0953 Mpa,,0.176 Mpa,,0.452 Mpa,6.80%,7.91%,5.38%,3.70%,3.14%,,3.14%,,9.67%
2026-08-02 19:00:00,0.0361 Mpa,0.140 Mpa,0.153 Mpa,0.198 Mpa,0.213 Mpa,,0.240 Mpa,,0.158 Mpa,1.61%,7.78%,5.67%,0.923%,7.20%,,4.96%,,0.972%
2026-08-02 21:00:00,0.213 Mpa,0.203 Mpa,0.183 Mpa,0.373 Mpa,0.0989 Mpa,,0.273 Mpa,,0.323 Mpa,5.63%,11.1%,6.09%,5.99%,2.97%,,6.95%,,5.37%
2026-08-02 23:00:00,0.339 Mpa,0.262 Mpa,0.130 Mpa,0.146 Mpa,0.136 Mpa,0.0711 Mpa,0.180 Mpa,,0.0539 Mpa,8.28%,11.2%,4.64%,0.704%,5.91%,0%,4.21%,,0.0727%
2026-08-03 01:00:00,0.310 Mpa,0.127 Mpa,0.141 Mpa,0.217 Mpa,0.00614 Mpa,0.109 Mpa,0.213 Mpa,,0.197 Mpa,7.84%,10.5%,5.20%,2.22%,2.61%,3.77%,3.93%,,2.23%
2026-08-03 03:00:00,0.314 Mpa,0.0793 Mpa,0.209 Mpa,0.172 Mpa,0.0657 Mpa,,0.0666 Mpa,,0.214 Mpa,8.09%,6.59%,7.19%,1.20%,3.24%,,0.702%,,2.61%
2026-08-03 05:00:00,0.280 Mpa,0.205 Mpa,0.139 Mpa,0.288 Mpa,0.0000870 Mpa,,0.227 Mpa,,0.186 Mpa,6.90%,9.72%,6.11%,3.98%,0.604%,,3.50%,,1.70%
2026-08-03 07:00:00,0.0872 Mpa,0.137 Mpa,0.116 Mpa,0.736 Mpa,0.00902 Mpa,0.0720 Mpa,0.212 Mpa,,0.263 Mpa,2.72%,7.63%,5.77%,15.6%,2.69%,5.63%,3.24%,,3.91%
2026-08-03 09:00:00,0.228 Mpa,0.239 Mpa,0.157 Mpa,0.299 Mpa,0.0660 Mpa,,0.182 Mpa,,0.310 Mpa,6.89%,8.85%,6.29%,3.92%,4.41%,,1.80%,,5.40%
2026-08-03 11:00:00,0.234 Mpa,0.189 Mpa,0.131 Mpa,0.240 Mpa,0.00914 Mpa,,0.285 Mpa,,0.257 Mpa,6.30%,9.72%,5.66%,2.30%,0.463%,,5.25%,,4.06%
2026-08-03 13:00:00,0.178 Mpa,0.174 Mpa,0.124 Mpa,0.281 Mpa,0 Mpa,0.0720 Mpa,0.250 Mpa,,0.193 Mpa,4.80%,7.79%,5.12%,3.68%,0.0632%,5.82%,3.72%,,2.33%
2026-08-03 15:00:00,0.213 Mpa,0.246 Mpa,0.110 Mpa,0.203 Mpa,0.0433 Mpa,0.0820 Mpa,0.250 Mpa,,0.252 Mpa,5.34%,9.10%,5.27%,1.85%,1.97%,1.24%,3.80%,,4.10%
2026-08-03 17:00:00,0.112 Mpa,0.198 Mpa,0.154 Mpa,0.218 Mpa,0.158 Mpa,,0.203 Mpa,,0.235 Mpa,3.46%,9.29%,6.75%,2.01%,5.40%,,4.01%,,3.49%
2026-08-03 19:00:00,0.124 Mpa,0.231 Mpa,0.126 Mpa,0.171 Mpa,0.164 Mpa,,0.289 Mpa,,0.199 Mpa,3.52%,12.7%,5.73%,1.00%,5.30%,,7.47%,,1.80%
2026-08-03 21:00:00,0.144 Mpa,0.155 Mpa,0.206 Mpa,0.148 Mpa,,0.212 Mpa,0.187 Mpa,,0.294 Mpa,3.85%,9.35%,7.63%,0.147%,,3.20%,4.34%,,4.24%
2026-08-03 23:00:00,0.244 Mpa,0.129 Mpa,0.190 Mpa,0.270 Mpa,2.72 Mpa,0.118 Mpa,0.181 Mpa,,0.144 Mpa,6.25%,6.04%,6.95%,3.73%,89.3%,3.17%,6.06%,,1.15%
2026-08-04 01:00:00,0.155 Mpa,0.293 Mpa,0.117 Mpa,0.216 Mpa,,0.0828 Mpa,0.202 Mpa,,0.185 Mpa,3.80%,13.2%,4.58%,2.44%,,3.25%,6.06%,,2.65%
2026-08-04 03:00:00,0.152 Mpa,0.0867 Mpa,0.122 Mpa,0.317 Mpa,,0.304 Mpa,0.190 Mpa,,0.170 Mpa,4.19%,5.26%,5.21%,4.88%,,8.68%,5.61%,,1.46%
2026-08-04 05:00:00,0.130 Mpa,0.214 Mpa,0.148 Mpa,0.301 Mpa,0.000998 Mpa,,0.226 Mpa,,0.156 Mpa,3.36%,7.56%,6.08%,4.61%,0.388%,,5.86%,,1.66%
2026-08-04 07:00:00,0.222 Mpa,0.303 Mpa,0.359 Mpa,0.253 Mpa,0.139 Mpa,0.0878 Mpa,0.457 Mpa,,0.166 Mpa,6.12%,10.7%,10.4%,2.70%,5.25%,4.47%,10.2%,,1.18%
2026-08-04 09:00:00,0.290 Mpa,0.264 Mpa,0.207 Mpa,0.339 Mpa,0.0659 Mpa,0.0611 Mpa,0.370 Mpa,,0.208 Mpa,7.83%,10.3%,7.82%,4.85%,1.50%,4.18%,7.94%,,1.92%
2026-08-04 11:00:00,0.165 Mpa,0.195 Mpa,0.200 Mpa,0.321 Mpa,0.0318 Mpa,,0.222 Mpa,,0.175 Mpa,4.93%,10.4%,7.32%,5.08%,0.810%,,2.70%,,1.61%
2026-08-04 13:00:00,0.230 Mpa,0.125 Mpa,0.128 Mpa,0.494 Mpa,0.0780 Mpa,,0.225 Mpa,,0.155 Mpa,7.44%,8.67%,4.70%,9.20%,2.87%,,2.90%,,1.19%
2026-08-04 15:00:00,0.322 Mpa,0.117 Mpa,0.205 Mpa,0.315 Mpa,0.241 Mpa,,0.261 Mpa,,0.155 Mpa,8.24%,6.59%,7.13%,4.57%,8.08%,,4.76%,,0.936%
2026-08-04 17:00:00,0.236 Mpa,0.367 Mpa,0.210 Mpa,0.226 Mpa,,,0.291 Mpa,,0.235 Mpa,6.00%,14.5%,6.80%,2.12%,,,6.48%,,3.05%
2026-08-04 19:00:00,0.0568 Mpa,0.198 Mpa,0.122 Mpa,0.230 Mpa,0.0331 Mpa,,0.167 Mpa,,0.204 Mpa,1.86%,8.81%,5.37%,2.56%,0.857%,,1.58%,,2.49%
2026-08-04 21:00:00,0.313 Mpa,0.196 Mpa,0.129 Mpa,0.613 Mpa,0.0393 Mpa,0.0716 Mpa,0.256 Mpa,,0.194 Mpa,9.32%,7.09%,5.26%,13.6%,0.800%,0.748%,3.96%,,2.01%
2026-08-04 23:00:00,0.213 Mpa,0.202 Mpa,0.149 Mpa,0.186 Mpa,0.149 Mpa,,0.129 Mpa,,0.209 Mpa,5.83%,9.66%,5.09%,1.10%,4.68%,,1.36%,,2.42%
2026-08-05 01:00:00,0.176 Mpa,0.175 Mpa,0.116 Mpa,0.328 Mpa,0.0776 Mpa,,0.292 Mpa,,0.122 Mpa,5.52%,9.01%,2.87%,4.29%,2.95%,,5.66%,,1.06%
2026-08-05 03:00:00,0.204 Mpa,0.0578 Mpa,0.284 Mpa,0.256 Mpa,0.0510 Mpa,,0.168 Mpa,,0.228 Mpa,5.97%,5.99%,8.46%,2.66%,1.48%,,2.73%,,3.54%
2026-08-05 05:00:00,0.0801 Mpa,0.0896 Mpa,0.292 Mpa,0.250 Mpa,0.117 Mpa,,0.217 Mpa,,0.123 Mpa,2.84%,2.29%,10.2%,3.43%,4.46%,,3.63%,,1.26%
2026-08-05 07:00:00,0.0991 Mpa,0.0326 Mpa,0.119 Mpa,0.232 Mpa,0.254 Mpa,,0.223 Mpa,,0.209 Mpa,4.03%,1.22%,5.48%,2.22%,8.55%,,3.51%,,2.80%
2026-08-05 09:00:00,0 Mpa,0.0953 Mpa,0.228 Mpa,0.191 Mpa,0.117 Mpa,0.0731 Mpa,0.240 Mpa,,0.642 Mpa,0.959%,10.5%,7.83%,1.41%,3.92%,0%,3.29%,,13.6%
2026-08-05 11:00:00,0.0195 Mpa,0.0872 Mpa,0.126 Mpa,0.177 Mpa,0.109 Mpa,0.0701 Mpa,0.472 Mpa,,0.540 Mpa,0.832%,2.76%,5.83%,1.51%,4.34%,0%,10.3%,,11.0%
2026-08-05 13:00:00,0.0895 Mpa,0.145 Mpa,0.0966 Mpa,0.286 Mpa,0.419 Mpa,,0.223 Mpa,,0.185 Mpa,2.30%,5.20%,4.85%,3.61%,14.3%,,4.47%,,1.38%
2026-08-05 15:00:00,0.113 Mpa,0.151 Mpa,0.220 Mpa,0.322 Mpa,0.0627 Mpa,0.0975 Mpa,0.339 Mpa,,0.377 Mpa,3.64%,6.34%,8.60%,4.99%,2.52%,1.83%,7.42%,,6.76%
2026-08-05 17:00:00,0.0992 Mpa,0.136 Mpa,0.204 Mpa,0.285 Mpa,0.314 Mpa,,0.194 Mpa,,0.287 Mpa,3.29%,6.36%,7.30%,3.75%,10.5%,,3.85%,,4.56%
2026-08-05 19:00:00,0.107 Mpa,0.160 Mpa,0.135 Mpa,0.287 Mpa,0.186 Mpa,,0.215 Mpa,,0.210 Mpa,3.26%,5.73%,5.77%,3.37%,6.12%,,3.38%,,2.84%
2026-08-05 21:00:00,0.0854 Mpa,0.166 Mpa,0.127 Mpa,0.234 Mpa,0.166 Mpa,0.186 Mpa,0.270 Mpa,,0.344 Mpa,3.38%,5.95%,4.96%,2.07%,5.28%,4.43%,3.90%,,7.65%
2026-08-05 23:00:00,0.288 Mpa,0.145 Mpa,0.124 Mpa,0.245 Mpa,0.180 Mpa,0.0739 Mpa,0.247 Mpa,,0.283 Mpa,8.54%,5.72%,5.65%,2.48%,6.71%,2.53%,3.67%,,6.28%
2026-08-06 01:00:00,0.134 Mpa,0.286 Mpa,0.144 Mpa,0.277 Mpa,0.0656 Mpa,0.331 Mpa,0.192 Mpa,,0.0508 Mpa,3.84%,11.5%,5.15%,3.77%,3.14%,7.93%,1.73%,,0%
2026-08-06 03:00:00,0.328 Mpa,0.181 Mpa,0.293 Mpa,0.241 Mpa,0.127 Mpa,0.0918 Mpa,0.160 Mpa,,0.285 Mpa,9.10%,6.08%,9.15%,2.27%,4.40%,0.177%,1.77%,,5.73%
2026-08-06 05:00:00,0.358 Mpa,0.174 Mpa,0.161 Mpa,0.424 Mpa,0.163 Mpa,0.0711 Mpa,0.168 Mpa,,0.408 Mpa,10.6%,6.10%,5.40%,7.71%,5.35%,3.30%,2.74%,,7.95%
2026-08-06 07:00:00,0.127 Mpa,0.172 Mpa,0.0989 Mpa,0.291 Mpa,0.206 Mpa,0.0981 Mpa,0.125 Mpa,,0.202 Mpa,2.86%,9.43%,4.03%,4.14%,6.67%,1.62%,1.68%,,1.70%
2026-08-06 09:00:00,0.141 Mpa,0.142 Mpa,0.316 Mpa,0.306 Mpa,0.151 Mpa,0.0770 Mpa,0.331 Mpa,,0.218 Mpa,3.42%,9.43%,9.43%,4.77%,4.88%,1.41%,5.52%,,2.14%
2026-08-06 11:00:00,0.206 Mpa,0.122 Mpa,0.159 Mpa,0.363 Mpa,0.151 Mpa,0.297 Mpa,0.205 Mpa,0.120 Mpa,0.606 Mpa,5.91%,8.42%,5.57%,6.24%,5.43%,9.48%,2.64%,4%,12.7%
2026-08-06 13:00:00,0.121 Mpa,0.181 Mpa,0.581 Mpa,0.355 Mpa,0.151 Mpa,0.202 Mpa,0.218 Mpa,,0.227 Mpa,3.52%,10.5%,17.4%,5.78%,4.91%,6.20%,2.48%,,3.29%
2026-08-06 15:00:00,0.0597 Mpa,0.120 Mpa,0.231 Mpa,0.230 Mpa,0.163 Mpa,0.239 Mpa,0.165 Mpa,,0.443 Mpa,1.95%,8.68%,7.54%,2.67%,6.13%,7.21%,1.24%,,8.29%
2026-08-06 17:00:00,0.0823 Mpa,0.120 Mpa,0.0901 Mpa,0.258 Mpa,0.155 Mpa,0.169 Mpa,0.219 Mpa,,0.231 Mpa,2.70%,7.26%,4.20%,3.42%,5.86%,7.28%,3.06%,,3.43%
2026-08-06 19:00:00,0.0621 Mpa,0.102 Mpa,0.183 Mpa,0.202 Mpa,0.500 Mpa,0.196 Mpa,0.219 Mpa,,0.533 Mpa,1.38%,6.69%,6.82%,1.75%,17.6%,6.49%,3.70%,,11.2%
2026-08-06 21:00:00,0.0890 Mpa,0.0924 Mpa,0.195 Mpa,0.213 Mpa,0.123 Mpa,0.140 Mpa,0.258 Mpa,,0.140 Mpa,2.47%,6.90%,7.05%,1.88%,5.61%,5.32%,5.67%,,1.38%
2026-08-06 23:00:00,0.126 Mpa,0.358 Mpa,0.214 Mpa,0.258 Mpa,0.102 Mpa,0.141 Mpa,0.210 Mpa,,,3.56%,14.2%,7.25%,3.46%,4.71%,4.89%,3.12%,,
2026-08-07 01:00:00,0.200 Mpa,0.180 Mpa,0.161 Mpa,0.264 Mpa,0.158 Mpa,0.106 Mpa,0.211 Mpa,,0.180 Mpa,5.10%,13.5%,5.52%,3.60%,6.18%,2.43%,3.69%,,3.10%
2026-08-07 03:00:00,0.143 Mpa,0.203 Mpa,0.143 Mpa,0.263 Mpa,0.116 Mpa,0.139 Mpa,0.282 Mpa,,0.562 Mpa,3.60%,9.11%,5.95%,4.20%,4.57%,4.28%,5.06%,,11.5%
2026-08-07 05:00:00,0.132 Mpa,0.265 Mpa,0.132 Mpa,0.364 Mpa,0.187 Mpa,0.176 Mpa,0.182 Mpa,,0.239 Mpa,3.29%,11.5%,5.32%,5.99%,6.50%,6.21%,2.43%,,3.64%
2026-08-07 07:00:00,0.185 Mpa,0.200 Mpa,0.192 Mpa,0.323 Mpa,0.138 Mpa,0.229 Mpa,0.453 Mpa,,0.372 Mpa,4.25%,10.0%,4.89%,5.05%,4.89%,9.73%,9.50%,,6.87%
2026-08-07 09:00:00,0.117 Mpa,0.255 Mpa,0.151 Mpa,0.194 Mpa,0.189 Mpa,0.198 Mpa,0.217 Mpa,,0.267 Mpa,2.64%,12.2%,5.39%,1.40%,6.47%,7.66%,2.12%,,5.45%
2026-08-07 11:00:00,0.156 Mpa,0.132 Mpa,0.0964 Mpa,0.257 Mpa,0.185 Mpa,0.326 Mpa,0.243 Mpa,,0.0534 Mpa,4.85%,9.60%,3.97%,3.70%,5.72%,12.3%,3.32%,,0%
2026-08-07 13:00:00,0.178 Mpa,0.164 Mpa,0.208 Mpa,0.225 Mpa,0.0503 Mpa,0.158 Mpa,0.209 Mpa,,0.206 Mpa,5.61%,8.99%,7.40%,2.27%,2.27%,5.35%,3.28%,,3.10%
2026-08-07 15:00:00,0.202 Mpa,0.112 Mpa,0.145 Mpa,0.650 Mpa,0.120 Mpa,0.233 Mpa,0.243 Mpa,,0.246 Mpa,5.73%,8.70%,5.75%,13.6%,3.61%,7.28%,4.58%,,3.45%
2026-08-07 17:00:00,0.124 Mpa,0.0600 Mpa,0.206 Mpa,0.253 Mpa,0.203 Mpa,0.420 Mpa,0.225 Mpa,,0.243 Mpa,3.69%,3.34%,7.45%,3.03%,7.88%,10.2%,3.41%,,3.17%
2026-08-07 19:00:00,0.0953 Mpa,0.0333 Mpa,0.183 Mpa,0.290 Mpa,0.205 Mpa,0.177 Mpa,0.182 Mpa,,0.571 Mpa,3.02%,5.77%,6.64%,3.69%,7.62%,4.67%,2.33%,,11.9%
2026-08-07 21:00:00,0.0496 Mpa,0.237 Mpa,0.233 Mpa,0.388 Mpa,0.137 Mpa,0.138 Mpa,0.281 Mpa,,0.340 Mpa,1.43%,14.6%,8.33%,7.29%,4.94%,3.51%,5.91%,,6.39%
2026-08-07 23:00:00,0.0644 Mpa,0.126 Mpa,0.342 Mpa,0.236 Mpa,0.143 Mpa,0.166 Mpa,0.246 Mpa,,0.271 Mpa,1.50%,8.04%,10.5%,2.65%,5.03%,2.94%,4.59%,,5.34%
2026-08-08 01:00:00,0.138 Mpa,0.146 Mpa,0.186 Mpa,0.260 Mpa,0.170 Mpa,0.108 Mpa,0.266 Mpa,,0.296 Mpa,3.74%,8.31%,6.70%,2.81%,5.70%,3.69%,5.32%,,5.35%
2026-08-08 03:00:00,0.0979 Mpa,0.101 Mpa,0.355 Mpa,0.249 Mpa,0.121 Mpa,0.148 Mpa,0.306 Mpa,,0.436 Mpa,2.62%,7.66%,10.7%,2.73%,4.81%,2.76%,5.54%,,10.4%
2026-08-08 05:00:00,0.0925 Mpa,0.143 Mpa,0.206 Mpa,0.237 Mpa,0.184 Mpa,0.145 Mpa,0.202 Mpa,,0.154 Mpa,2.16%,7.77%,7.29%,2.79%,5.97%,3.77%,3.87%,,2.62%
2026-08-08 07:00:00,0.144 Mpa,0.159 Mpa,0.0718 Mpa,0.196 Mpa,0.0784 Mpa,0.199 Mpa,0.237 Mpa,,0.165 Mpa,3.05%,6.98%,4.10%,2.46%,4.63%,2.53%,3.82%,,1.88%
2026-08-08 09:00:00,0.219 Mpa,0.245 Mpa,0.254 Mpa,0.240 Mpa,0.116 Mpa,0.259 Mpa,0.201 Mpa,,0.261 Mpa,5.75%,8.69%,9.11%,2.75%,4.00%,7.54%,5.61%,,5.26%
2026-08-08 11:00:00,0.0713 Mpa,0.295 Mpa,0.0894 Mpa,0.296 Mpa,0.145 Mpa,0.155 Mpa,0.299 Mpa,,0.337 Mpa,1.38%,11.3%,4.27%,4.71%,5.59%,5.31%,8.10%,,6.10%
2026-08-08 13:00:00,0.321 Mpa,0.0492 Mpa,0.149 Mpa,0.236 Mpa,0.0269 Mpa,0.301 Mpa,0.295 Mpa,,0.364 Mpa,8.64%,6.40%,6.09%,3.12%,1.09%,8.47%,5.47%,,8.23%
2026-08-08 15:00:00,0.138 Mpa,0.0206 Mpa,0.127 Mpa,0.288 Mpa,0.0888 Mpa,0.174 Mpa,0.342 Mpa,,0.264 Mpa,5.07%,41.2%,4.88%,4.16%,2.98%,5.50%,8.18%,,5.66%
2026-08-08 17:00:00,0.239 Mpa,0.159 Mpa,0.279 Mpa,0.234 Mpa,0.131 Mpa,0.185 Mpa,0.226 Mpa,,0.319 Mpa,7.26%,18.5%,8.46%,2.98%,4.01%,7.37%,4.26%,,7.17%
2026-08-08 19:00:00,0.155 Mpa,0.108 Mpa,0.208 Mpa,0.281 Mpa,0.133 Mpa,0.184 Mpa,0.245 Mpa,,0.235 Mpa,5.78%,3.23%,6.76%,3.56%,4.50%,6.55%,4.04%,,4.48%
2026-08-08 21:00:00,0.323 Mpa,0.127 Mpa,0.267 Mpa,0.209 Mpa,0.100 Mpa,0.175 Mpa,0.231 Mpa,,0.246 Mpa,8.73%,3.61%,7.88%,2.14%,3.45%,7.18%,3.31%,,4.23%
2026-08-08 23:00:00,0.533 Mpa,0.193 Mpa,0.134 Mpa,0.225 Mpa,0.190 Mpa,0.197 Mpa,0.252 Mpa,,0.0670 Mpa,13.8%,4.85%,5.14%,2.33%,6.95%,6.81%,4.11%,,0.755%
2026-08-09 01:00:00,0.148 Mpa,0.286 Mpa,0.317 Mpa,0.262 Mpa,0.130 Mpa,0.210 Mpa,0.375 Mpa,,0.724 Mpa,3.74%,7.91%,9.09%,3.05%,5.28%,5.10%,8.13%,,16.9%
2026-08-09 03:00:00,0.149 Mpa,0.0620 Mpa,0.150 Mpa,0.297 Mpa,0.226 Mpa,0.196 Mpa,0.233 Mpa,,0.216 Mpa,4.81%,1.05%,4.39%,4.36%,7.16%,7.43%,4.20%,,4.69%
2026-08-09 05:00:00,0.0881 Mpa,0.144 Mpa,0.103 Mpa,0.231 Mpa,0.105 Mpa,0.190 Mpa,0.213 Mpa,,0.357 Mpa,2.96%,4.07%,4.57%,2.24%,3.00%,7.07%,3.72%,,8.29%
2026-08-09 07:00:00,0.0967 Mpa,0.0979 Mpa,0.0936 Mpa,0.197 Mpa,0.184 Mpa,0.231 Mpa,0.274 Mpa,,,2.66%,3.05%,4.43%,1.55%,6.06%,6.36%,4.75%,,
2026-08-09 09:00:00,0.0964 Mpa,0.183 Mpa,0.112 Mpa,0.233 Mpa,0.190 Mpa,0.178 Mpa,0.201 Mpa,0.154 Mpa,0.0732 Mpa,2.79%,5.48%,3.35%,2.64%,6.36%,6.14%,2.13%,87.6%,0.587%
2026-08-09 11:00:00,0.0865 Mpa,0.0843 Mpa,0.134 Mpa,0.221 Mpa,0.0547 Mpa,0.171 Mpa,0.205 Mpa,,0.201 Mpa,2.59%,2.73%,5.26%,2.46%,1.36%,5.35%,3.40%,,2.81%
2026-08-09 13:00:00,0.0882 Mpa,0.161 Mpa,0.192 Mpa,0.430 Mpa,0.0605 Mpa,0.123 Mpa,0.322 Mpa,,0.233 Mpa,2.98%,5.09%,6.09%,8.62%,2.47%,4.88%,7.23%,,4.06%
2026-08-09 15:00:00,0.0241 Mpa,0.0902 Mpa,0.0575 Mpa,0.217 Mpa,0.0407 Mpa,0.259 Mpa,0.261 Mpa,,0.211 Mpa,3.05%,2.59%,3.84%,2.04%,1.21%,7.89%,5.15%,,4.56%
2026-08-09 17:00:00,0.0957 Mpa,0.243 Mpa,0.105 Mpa,0.365 Mpa,0 Mpa,0.326 Mpa,0.234 Mpa,,0.233 Mpa,4.28%,7.26%,3.65%,6.48%,5.33%,10.1%,3.24%,,5.47%
2026-08-09 19:00:00,0.151 Mpa,0.221 Mpa,0.132 Mpa,0.204 Mpa,0.0353 Mpa,0.238 Mpa,0.299 Mpa,,0.196 Mpa,5.30%,6.34%,5.07%,1.98%,1.61%,6.66%,4.55%,,3.44%
2026-08-09 21:00:00,0.172 Mpa,0.168 Mpa,0.191 Mpa,0.216 Mpa,0.120 Mpa,0.356 Mpa,0.281 Mpa,,0.204 Mpa,5.53%,4.90%,6.26%,1.94%,4.64%,11.9%,4.31%,,3.24%
2026-08-09 23:00:00,0.149 Mpa,0.0964 Mpa,0.225 Mpa,0.521 Mpa,0.0442 Mpa,0.301 Mpa,0.232 Mpa,,0.334 Mpa,4.83%,2.36%,6.35%,12.4%,5.28%,10.0%,3.32%,,7.17%
2026-08-10 01:00:00,0.124 Mpa,0.351 Mpa,0.166 Mpa,0.0994 Mpa,0.143 Mpa,0.142 Mpa,0.172 Mpa,,0.324 Mpa,4.17%,10.2%,4.48%,0.131%,4.41%,4.87%,2.15%,,6.92%
2026-08-10 03:00:00,0.0852 Mpa,0.112 Mpa,0.117 Mpa,0.178 Mpa,0.115 Mpa,0.219 Mpa,0.262 Mpa,,0.543 Mpa,2.90%,3.16%,2.80%,0.596%,3.87%,5.72%,4.44%,,13.2%
2026-08-10 05:00:00,0.100 Mpa,0.0213 Mpa,0.151 Mpa,0.303 Mpa,0.0281 Mpa,0.193 Mpa,0.226 Mpa,,0.245 Mpa,3.16%,0.331%,4.22%,5.28%,1.20%,7.81%,4.86%,,4.88%
2026-08-10 07:00:00,0.0747 Mpa,0.0783 Mpa,0.162 Mpa,0.205 Mpa,0.00197 Mpa,0.215 Mpa,0.303 Mpa,,0.199 Mpa,2.03%,1.81%,4.70%,2.23%,1.11%,6.19%,6.25%,,2.98%
2026-08-10 09:00:00,0.108 Mpa,0.131 Mpa,0.251 Mpa,0.202 Mpa,0.0230 Mpa,0.305 Mpa,0.219 Mpa,,0.217 Mpa,2.77%,3.73%,6.99%,2.11%,1.36%,9.51%,3.62%,,4.23%
2026-08-10 11:00:00,0.101 Mpa,0.148 Mpa,0.121 Mpa,0.161 Mpa,0.0989 Mpa,0.246 Mpa,0.281 Mpa,,0.161 Mpa,2.28%,4.26%,5.40%,0.980%,3.78%,7.60%,6.13%,,4.03%
2026-08-10 13:00:00,0.171 Mpa,0.196 Mpa,0.0981 Mpa,0.336 Mpa,0.163 Mpa,,0.273 Mpa,,0.164 Mpa,4.83%,6.20%,4.18%,5.52%,5.66%,,5.74%,,2.21%
2026-08-10 15:00:00,0.127 Mpa,0.131 Mpa,0.262 Mpa,0.162 Mpa,0.229 Mpa,0.175 Mpa,0.179 Mpa,,0.134 Mpa,3.46%,4.15%,8.13%,1.60%,7.54%,3.84%,2.30%,,1.36%
2026-08-10 17:00:00,0.134 Mpa,0.234 Mpa,0.145 Mpa,0.261 Mpa,0.00853 Mpa,0.208 Mpa,0.271 Mpa,,0.493 Mpa,3.63%,6.94%,4.64%,4.38%,2.03%,7.45%,4.64%,,11.0%
2026-08-10 19:00:00,0.0937 Mpa,0.172 Mpa,0.186 Mpa,0.178 Mpa,0.193 Mpa,0.371 Mpa,0.198 Mpa,,0.0718 Mpa,2.49%,5.16%,5.96%,0.738%,6.57%,10.4%,2.35%,,0%
2026-08-10 21:00:00,0.0759 Mpa,0.147 Mpa,0.281 Mpa,0.223 Mpa,0.103 Mpa,0.296 Mpa,0.304 Mpa,,0.224 Mpa,2.04%,4.30%,7.92%,2.27%,3.78%,7.67%,4.86%,,2.87%
2026-08-10 23:00:00,0.243 Mpa,0.285 Mpa,0.191 Mpa,0.213 Mpa,0.134 Mpa,0.242 Mpa,0.238 Mpa,,0.914 Mpa,5.69%,8.17%,5.50%,1.88%,4.53%,6.48%,3.43%,,23.1%
2026-08-11 01:00:00,0.219 Mpa,0.182 Mpa,0.147 Mpa,0.203 Mpa,0.0271 Mpa,0.247 Mpa,0.314 Mpa,,0.719 Mpa,6.23%,5.47%,5.03%,2.09%,1.73%,6.32%,5.44%,,16.2%
2026-08-11 03:00:00,0.131 Mpa,0.146 Mpa,0.135 Mpa,0.260 Mpa,0.0739 Mpa,0.281 Mpa,0.259 Mpa,,0.277 Mpa,3.29%,4.36%,5.03%,3.68%,2.15%,9.53%,4.91%,,4.93%
2026-08-11 05:00:00,0.122 Mpa,0.191 Mpa,0.125 Mpa,0.816 Mpa,0.0793 Mpa,0.270 Mpa,0.154 Mpa,,0.304 Mpa,3.04%,5.48%,5.15%,18.9%,3.70%,11.0%,1.46%,,7.55%
2026-08-11 07:00:00,0.117 Mpa,0.178 Mpa,0.0240 Mpa,0.118 Mpa,0 Mpa,0.191 Mpa,0.214 Mpa,,0.249 Mpa,3.31%,5.10%,4.93%,2.04%,0.662%,8.66%,2.56%,,6.51%
2026-08-11 09:00:00,0.0646 Mpa,0.140 Mpa,0.148 Mpa,0.230 Mpa,0.0332 Mpa,0.170 Mpa,0.231 Mpa,,0.298 Mpa,2.45%,4.15%,5.02%,2.44%,0.733%,9.12%,2.81%,,7.22%
2026-08-11 11:00:00,0.0595 Mpa,0.202 Mpa,0.202 Mpa,0.334 Mpa,0.126 Mpa,0.343 Mpa,0.228 Mpa,,0.348 Mpa,2.37%,6.08%,6.35%,5.44%,3.70%,13.8%,3.13%,,7.81%
2026-08-11 13:00:00,0.0984 Mpa,0.215 Mpa,0.216 Mpa,0.298 Mpa,0.232 Mpa,0.184 Mpa,0.176 Mpa,,0.430 Mpa,3.54%,6.20%,8.39%,4.27%,8.14%,2.89%,1.30%,,10.3%
2026-08-11 15:00:00,0.0618 Mpa,0.237 Mpa,0.155 Mpa,0.160 Mpa,0.00202 Mpa,0.156 Mpa,0.147 Mpa,,0.252 Mpa,2.15%,6.80%,5.37%,0.565%,2.02%,3.29%,1.47%,,4.16%
2026-08-11 17:00:00,0.195 Mpa,0.172 Mpa,0.187 Mpa,0.374 Mpa,0.0882 Mpa,0.174 Mpa,0.187 Mpa,,0.288 Mpa,5.52%,4.37%,5.58%,6.91%,2.77%,6.43%,2.58%,,5.06%
2026-08-11 19:00:00,0.231 Mpa,0.318 Mpa,0.170 Mpa,0.175 Mpa,0.0936 Mpa,0.167 Mpa,0.268 Mpa,,0.174 Mpa,6.35%,9.26%,5.06%,1.26%,3.08%,6.39%,5.29%,,3.57%
2026-08-11 21:00:00,0.0988 Mpa,0.198 Mpa,0.151 Mpa,0.211 Mpa,0.0742 Mpa,0.159 Mpa,0.183 Mpa,,0.170 Mpa,2.98%,5.90%,5.07%,1.98%,3.03%,4.11%,1.98%,,3.80%
2026-08-11 23:00:00,0.0833 Mpa,0.0920 Mpa,0.107 Mpa,0.266 Mpa,0.103 Mpa,0.227 Mpa,0.199 Mpa,,0.244 Mpa,2.21%,2.83%,3.93%,3.59%,4.16%,5.23%,2.31%,,4.19%
2026-08-12 01:00:00,0.238 Mpa,0.127 Mpa,0.0685 Mpa,0.375 Mpa,0.206 Mpa,0.204 Mpa,0.284 Mpa,,0.425 Mpa,6.87%,4.15%,2.02%,6.82%,6.84%,4.50%,5.20%,,10.9%
2026-08-12 03:00:00,0.258 Mpa,0.191 Mpa,0.170 Mpa,0.527 Mpa,0.0828 Mpa,0.213 Mpa,0.216 Mpa,,0.556 Mpa,6.72%,5.43%,5.95%,10.7%,2.79%,4.22%,3.51%,,12.7%
2026-08-12 05:00:00,0.177 Mpa,0.0753 Mpa,0.134 Mpa,0.410 Mpa,0.159 Mpa,0.340 Mpa,0.239 Mpa,,0.287 Mpa,4.70%,2.21%,5.05%,6.92%,5.11%,10.7%,3.71%,,5.58%
2026-08-12 07:00:00,0.107 Mpa,0.159 Mpa,0.192 Mpa,0.238 Mpa,0.130 Mpa,0.160 Mpa,0.217 Mpa,,0.246 Mpa,2.75%,4.88%,6.10%,2.46%,4.99%,7.24%,2.53%,,5.93%
2026-08-12 09:00:00,0.0723 Mpa,0.113 Mpa,0.233 Mpa,0.257 Mpa,0.211 Mpa,0.228 Mpa,0.198 Mpa,,0.204 Mpa,2.08%,3.42%,8.26%,2.72%,6.58%,9.14%,2.26%,,3.36%
2026-08-12 11:00:00,0.0754 Mpa,0.337 Mpa,0.158 Mpa,0.182 Mpa,0.0428 Mpa,0.202 Mpa,0.252 Mpa,,0.263 Mpa,3.09%,10.3%,5.60%,2.72%,2.63%,7.62%,3.92%,,6.77%
2026-08-12 13:00:00,0.302 Mpa,0.105 Mpa,0.127 Mpa,0.146 Mpa,0.0185 Mpa,0.175 Mpa,0.363 Mpa,,0.411 Mpa,7.58%,3.23%,5.55%,1.16%,1.65%,5.40%,6.91%,,9.78%
2026-08-12 15:00:00,0.0983 Mpa,0.303 Mpa,0.110 Mpa,,0.130 Mpa,0.192 Mpa,0.315 Mpa,,0.383 Mpa,3.02%,8.66%,5.12%,,5.20%,8.64%,4.09%,,7.48%
2026-08-12 17:00:00,0.183 Mpa,0.0449 Mpa,0.119 Mpa,,0.0833 Mpa,0.109 Mpa,0.241 Mpa,,0.179 Mpa,5.05%,1.63%,5.20%,,7.54%,1.55%,4.26%,,3.06%
2026-08-12 19:00:00,0.0876 Mpa,0.172 Mpa,0.135 Mpa,,0.000226 Mpa,0.208 Mpa,0.210 Mpa,,0.224 Mpa,2.55%,5.12%,4.94%,,0.982%,4.63%,3.03%,,3.56%
2026-08-12 21:00:00,0.0901 Mpa,0.329 Mpa,0.184 Mpa,,0.797 Mpa,0.218 Mpa,0.226 Mpa,,0.186 Mpa,2.32%,10.1%,5.44%,,31.8%,4.58%,3.38%,,2.51%
2026-08-12 23:00:00,0.308 Mpa,0.319 Mpa,0.154 Mpa,0.237 Mpa,,0.194 Mpa,0.193 Mpa,,0.278 Mpa,8.81%,9.24%,4.57%,5.52%,,3.35%,2.52%,,5.20%
2026-08-13 01:00:00,0.253 Mpa,0.157 Mpa,0.370 Mpa,0.0333 Mpa,,0.184 Mpa,0.185 Mpa,,0.162 Mpa,6.74%,4.59%,10.9%,0%,,2.53%,2.69%,,2.27%
2026-08-13 03:00:00,,0.0240 Mpa,0.187 Mpa,,,0.250 Mpa,0.165 Mpa,,0.194 Mpa,,0.367%,5.70%,,,5.01%,2.79%,,3.55%
2026-08-13 05:00:00,,0.105 Mpa,0.179 Mpa,,,,0.170 Mpa,,0.158 Mpa,,3.51%,5.24%,,,,2.17%,,3.63%
2026-08-13 07:00:00,,0.0995 Mpa,0.308 Mpa,,0.205 Mpa,0.0880 Mpa,0.260 Mpa,,0.253 Mpa,,2.88%,9.45%,,5.94%,1.46%,4.03%,,4.49%
2026-08-13 09:00:00,0.0120 Mpa,0.0978 Mpa,0.418 Mpa,,0.385 Mpa,0.354 Mpa,0.414 Mpa,,0.277 Mpa,0.200%,2.87%,12.3%,,12.5%,9.25%,8.92%,,5.50%
2026-08-13 11:00:00,,0.157 Mpa,0.348 Mpa,,0.116 Mpa,0.180 Mpa,0.321 Mpa,,0.245 Mpa,,4.65%,11.4%,,4.32%,6.09%,5.38%,,4.51%
2026-08-13 13:00:00,,0.212 Mpa,0.200 Mpa,,0.260 Mpa,0.152 Mpa,0.207 Mpa,,0.340 Mpa,,6.24%,6.67%,,8.88%,2.04%,2.22%,,6.95%
2026-08-13 15:00:00,,0.0695 Mpa,0.0952 Mpa,,0.133 Mpa,0.175 Mpa,0.256 Mpa,,0.0989 Mpa,,1.82%,3.37%,,5.19%,4.13%,6.75%,,0.787%
2026-08-13 17:00:00,,0.115 Mpa,0.165 Mpa,,0.0468 Mpa,0.214 Mpa,0.508 Mpa,,,,3.66%,5.88%,,1.76%,6.92%,12.9%,,
2026-08-13 19:00:00,,0.111 Mpa,0.215 Mpa,,0.00460 Mpa,0.207 Mpa,0.284 Mpa,,,,3.11%,6.57%,,0%,7.56%,4.35%,,
2026-08-13 21:00:00,,0.161 Mpa,0.114 Mpa,,,0.286 Mpa,0.293 Mpa,,0.107 Mpa,,5.02%,3.72%,,,9.86%,4.05%,,1.99%
2026-08-13 23:00:00,,0.310 Mpa,0.183 Mpa,,,0.200 Mpa,0.479 Mpa,,0.354 Mpa,,9.03%,5.28%,,,8.14%,9.48%,,9.69%
2026-08-14 01:00:00,,0.454 Mpa,0.268 Mpa,0.0742 Mpa,,0.174 Mpa,0.261 Mpa,,0.385 Mpa,,12.9%,8.35%,1.99%,,5.75%,5.12%,,9.57%
2026-08-14 03:00:00,,0.252 Mpa,0.158 Mpa,0.0332 Mpa,,0.183 Mpa,0.555 Mpa,,0.381 Mpa,,7.15%,5.40%,0.00235%,,3.81%,11.8%,,8.31%
2026-08-14 05:00:00,,0.165 Mpa,0.198 Mpa,,,0.230 Mpa,0.276 Mpa,,0.216 Mpa,,5.54%,7.05%,,,6.12%,5.22%,,4.61%
2026-08-14 07:00:00,,0.199 Mpa,0.225 Mpa,,0.171 Mpa,0.194 Mpa,0.231 Mpa,,0.443 Mpa,,5.12%,7.53%,,5.77%,4.88%,2.78%,,10.1%
2026-08-14 09:00:00,,0.179 Mpa,0.393 Mpa,,0.102 Mpa,0.155 Mpa,0.209 Mpa,,0.294 Mpa,,5.28%,11.3%,,4.56%,5.00%,2.14%,,7.47%
2026-08-14 11:00:00,,0.314 Mpa,0.138 Mpa,,0.316 Mpa,0.192 Mpa,0.255 Mpa,,0.224 Mpa,,8.63%,4.05%,,10.0%,5.43%,3.46%,,3.48%
2026-08-14 13:00:00,,0.575 Mpa,0.224 Mpa,0.0255 Mpa,0.377 Mpa,0.260 Mpa,0.397 Mpa,,0.188 Mpa,,16.8%,6.86%,0.360%,10.5%,5.55%,7.40%,,5.32%
2026-08-14 15:00:00,,0.571 Mpa,0.289 Mpa,,0.198 Mpa,0.201 Mpa,0.138 Mpa,,0.530 Mpa,,17.7%,8.90%,,6.05%,5.49%,1.79%,,12.8%
2026-08-14 17:00:00,,0.227 Mpa,0.213 Mpa,,0.115 Mpa,0.284 Mpa,0.106 Mpa,,0.363 Mpa,,5.98%,6.32%,,3.62%,10.6%,1.35%,,9.98%
2026-08-14 19:00:00,,0.438 Mpa,0.162 Mpa,,,0.202 Mpa,0.201 Mpa,,0.239 Mpa,,12.8%,5.29%,,,11.2%,2.40%,,5.42%
2026-08-14 21:00:00,,0.600 Mpa,0.255 Mpa,,0.0428 Mpa,0.204 Mpa,0.229 Mpa,,0.238 Mpa,,18.3%,6.75%,,1.37%,7.58%,3.23%,,5.35%
2026-08-14 23:00:00,,0.311 Mpa,0.163 Mpa,0.0366 Mpa,0.154 Mpa,0.220 Mpa,0.263 Mpa,,0.207 Mpa,,9.50%,5.90%,0.194%,5.77%,8.61%,4.34%,,3.86%
2026-08-15 01:00:00,,0.232 Mpa,0.254 Mpa,0.0906 Mpa,0.102 Mpa,0.356 Mpa,0.231 Mpa,,0.194 Mpa,,7.09%,7.73%,1.00%,3.82%,9.47%,3.40%,,3.59%
2026-08-15 03:00:00,,0.128 Mpa,0.249 Mpa,1.76 Mpa,0.0903 Mpa,0.291 Mpa,0.306 Mpa,,0.278 Mpa,,3.41%,7.41%,47.6%,3.64%,7.24%,5.01%,,7.06%
2026-08-15 05:00:00,,0.183 Mpa,0.169 Mpa,0.0392 Mpa,1.34 Mpa,0.406 Mpa,0.469 Mpa,,0.290 Mpa,,5.56%,6.52%,0%,40.7%,9.27%,10.6%,,7.22%
2026-08-15 07:00:00,,0.335 Mpa,0.191 Mpa,,0.151 Mpa,0.231 Mpa,0.497 Mpa,,0.350 Mpa,,10.6%,5.73%,,6.68%,5.69%,10.2%,,7.60%
2026-08-15 09:00:00,0.00542 Mpa,0.297 Mpa,0.131 Mpa,0.258 Mpa,0.259 Mpa,0.172 Mpa,0.265 Mpa,,0.400 Mpa,0%,9.54%,4.25%,4.91%,9.52%,5.31%,2.91%,,9.06%
2026-08-15 11:00:00,,0.320 Mpa,0.144 Mpa,0.348 Mpa,0.137 Mpa,0.350 Mpa,0.229 Mpa,,0.416 Mpa,,9.86%,4.55%,7.46%,4.45%,10.1%,2.01%,,9.02%
2026-08-15 13:00:00,0.00298 Mpa,0.0982 Mpa,0.179 Mpa,0.369 Mpa,0.219 Mpa,0.689 Mpa,0.263 Mpa,,0.264 Mpa,0.120%,3.74%,5.32%,8.60%,7.45%,18.0%,3.05%,,5.14%
2026-08-15 15:00:00,0.0301 Mpa,0.266 Mpa,0.200 Mpa,0.484 Mpa,0.0472 Mpa,0.178 Mpa,0.251 Mpa,,0.171 Mpa,1.36%,8.20%,5.27%,10.9%,1.40%,5.11%,4.00%,,2.57%
2026-08-15 17:00:00,0.141 Mpa,0.122 Mpa,0.151 Mpa,0.109 Mpa,0.218 Mpa,0.166 Mpa,0.314 Mpa,,0.121 Mpa,5.07%,4.23%,4.44%,1.42%,7.91%,4.00%,5.12%,,1.60%
2026-08-15 19:00:00,0.0824 Mpa,0.132 Mpa,0.186 Mpa,0.154 Mpa,0.201 Mpa,0.193 Mpa,0.173 Mpa,,0.240 Mpa,2.70%,3.68%,7.34%,2.32%,6.73%,2.81%,2.07%,,4.48%
2026-08-15 21:00:00,0.105 Mpa,0.0993 Mpa,0.201 Mpa,0.127 Mpa,0.261 Mpa,0.211 Mpa,0.227 Mpa,,0.304 Mpa,3.59%,2.96%,6.83%,1.67%,9.10%,5.47%,2.79%,,5.61%
2026-08-15 23:00:00,0.0709 Mpa,0.113 Mpa,0.150 Mpa,0.145 Mpa,0.0906 Mpa,0.329 Mpa,0.221 Mpa,,0.329 Mpa,2.39%,3.41%,5.55%,2.10%,2.76%,8.81%,2.33%,,6.14%
2026-08-16 01:00:00,0.141 Mpa,0.301 Mpa,0.174 Mpa,0.174 Mpa,0.245 Mpa,0.111 Mpa,0.246 Mpa,,0.373 Mpa,5.58%,9.03%,5.82%,2.80%,8.34%,2.08%,3.49%,,8.39%
2026-08-16 03:00:00,0.0610 Mpa,0.0791 Mpa,0.192 Mpa,0.235 Mpa,0.148 Mpa,0.245 Mpa,0.173 Mpa,,0.276 Mpa,1.41%,2.74%,6.52%,4.17%,5.59%,6.52%,1.76%,,6.13%
2026-08-16 05:00:00,0.114 Mpa,0.347 Mpa,0.250 Mpa,0.165 Mpa,0.109 Mpa,0.210 Mpa,0.237 Mpa,,0.202 Mpa,3.74%,9.77%,8.19%,2.36%,3.36%,7.31%,3.52%,,5.06%
2026-08-16 07:00:00,0.106 Mpa,0.295 Mpa,0.132 Mpa,0.212 Mpa,0.112 Mpa,0.216 Mpa,0.308 Mpa,,0.164 Mpa,3.72%,8.28%,4.87%,3.67%,3.24%,7.03%,4.62%,,3.64%
2026-08-16 09:00:00,0.150 Mpa,0.200 Mpa,0.161 Mpa,0.227 Mpa,0.117 Mpa,0.189 Mpa,0.196 Mpa,,0.212 Mpa,4.56%,5.89%,5.42%,4.23%,3.32%,4.19%,2.54%,,4.25%
2026-08-16 11:00:00,0.111 Mpa,0.272 Mpa,0.154 Mpa,0.277 Mpa,0.0525 Mpa,0.377 Mpa,0.0414 Mpa,,0.175 Mpa,3.43%,8.39%,5.10%,5.97%,1.51%,12.4%,0.483%,,2.02%
2026-08-16 13:00:00,0.0916 Mpa,0.161 Mpa,0.167 Mpa,0.277 Mpa,0.230 Mpa,0.0873 Mpa,0.236 Mpa,,0.164 Mpa,3.23%,4.12%,4.63%,6.27%,7.36%,0.182%,3.02%,,3.09%
2026-08-16 15:00:00,0.199 Mpa,0.200 Mpa,0.249 Mpa,0.181 Mpa,0.0437 Mpa,0.494 Mpa,0.322 Mpa,,0.210 Mpa,4.68%,5.82%,7.29%,3.56%,1.83%,12.6%,4.43%,,3.44%
2026-08-16 17:00:00,0.103 Mpa,0.115 Mpa,0.289 Mpa,0.129 Mpa,0.0859 Mpa,0.152 Mpa,0.213 Mpa,,0.230 Mpa,4.25%,4.11%,8.18%,2.50%,3.82%,3.68%,2.05%,,4.98%
2026-08-16 19:00:00,0.0898 Mpa,0.262 Mpa,0.168 Mpa,0.121 Mpa,0.0802 Mpa,0.190 Mpa,0.572 Mpa,,0.305 Mpa,4.48%,7.64%,5.69%,1.65%,2.53%,3.17%,12.4%,,5.83%
2026-08-16 21:00:00,0.0540 Mpa,0.174 Mpa,0.211 Mpa,0.146 Mpa,0.0452 Mpa,0.172 Mpa,0.204 Mpa,,0.130 Mpa,1.09%,5.10%,6.59%,1.83%,1.84%,4.07%,2.88%,,2.42%
2026-08-16 23:00:00,0.0536 Mpa,0.287 Mpa,0.247 Mpa,0.295 Mpa,0.102 Mpa,0.203 Mpa,0.311 Mpa,,0.342 Mpa,0.925%,8.59%,6.27%,6.19%,4.60%,4.53%,5.29%,,7.00%
2026-08-17 01:00:00,0.101 Mpa,0.150 Mpa,0.225 Mpa,0.190 Mpa,0.0845 Mpa,0.197 Mpa,0.218 Mpa,,0.161 Mpa,4.23%,4.48%,6.40%,3.49%,2.54%,3.37%,3.12%,,1.86%
2026-08-17 03:00:00,0.248 Mpa,0.557 Mpa,0.247 Mpa,0.239 Mpa,0.0478 Mpa,0.167 Mpa,0.187 Mpa,,0.227 Mpa,6.58%,16.0%,7.27%,4.59%,1.55%,2.33%,3.03%,,3.09%
2026-08-17 05:00:00,0.110 Mpa,0.309 Mpa,0.385 Mpa,0.108 Mpa,0.0475 Mpa,0.244 Mpa,0.254 Mpa,,0.232 Mpa,3.74%,9.29%,9.94%,1.58%,2.62%,7.01%,4.92%,,3.76%
2026-08-17 07:00:00,0.132 Mpa,0.330 Mpa,0.321 Mpa,0.145 Mpa,0.0871 Mpa,0.233 Mpa,0.294 Mpa,,0.277 Mpa,5.43%,9.66%,7.85%,2.39%,3.03%,5.76%,4.70%,,5.04%
2026-08-17 09:00:00,0.179 Mpa,0.301 Mpa,0.270 Mpa,0.193 Mpa,0.0692 Mpa,0.185 Mpa,0.308 Mpa,,0.282 Mpa,5.47%,8.84%,6.23%,3.01%,3.40%,5.25%,3.97%,,4.59%
2026-08-17 11:00:00,0.436 Mpa,0.109 Mpa,0.242 Mpa,0.514 Mpa,0.0996 Mpa,0.259 Mpa,0.263 Mpa,,0.221 Mpa,13.4%,2.83%,6.12%,12.2%,4.49%,6.36%,2.94%,,3.14%
2026-08-17 13:00:00,0.0309 Mpa,0.202 Mpa,0.188 Mpa,0.216 Mpa,0.138 Mpa,0.311 Mpa,0.415 Mpa,,0.203 Mpa,3.71%,5.79%,4.98%,3.89%,5.50%,4.17%,7.52%,,4.65%
2026-08-17 15:00:00,0.0510 Mpa,0.484 Mpa,0.327 Mpa,0.296 Mpa,0.0550 Mpa,0.199 Mpa,0.310 Mpa,,0.255 Mpa,4.23%,14.2%,8.88%,6.16%,2.21%,4.28%,3.61%,,5.32%
2026-08-17 17:00:00,0.175 Mpa,0.150 Mpa,0.277 Mpa,0.231 Mpa,0.207 Mpa,0.177 Mpa,0.296 Mpa,,0.444 Mpa,5.06%,3.98%,8.00%,4.12%,7.02%,6.17%,4.20%,,12.6%
2026-08-17 19:00:00,0.122 Mpa,0.371 Mpa,0.197 Mpa,0.125 Mpa,0.156 Mpa,0.225 Mpa,0.310 Mpa,,0.0545 Mpa,3.31%,10.4%,5.83%,1.27%,5.78%,4.78%,4.94%,,0%
2026-08-17 21:00:00,0.172 Mpa,0.192 Mpa,0.160 Mpa,0.133 Mpa,0.0660 Mpa,0.185 Mpa,0.354 Mpa,,,3.96%,5.32%,5.35%,1.90%,3.50%,3.77%,6.15%,,
2026-08-17 23:00:00,0.159 Mpa,0.262 Mpa,0.178 Mpa,0.146 Mpa,0.180 Mpa,0.162 Mpa,0.303 Mpa,,0.268 Mpa,3.32%,7.63%,5.81%,1.91%,6.27%,3.41%,4.79%,,4.54%
2026-08-18 01:00:00,0.0840 Mpa,0.189 Mpa,0.193 Mpa,0.221 Mpa,0.0656 Mpa,0.188 Mpa,0.252 Mpa,,0.256 Mpa,3.07%,5.61%,5.96%,3.75%,2.89%,4.59%,4.32%,,4.31%
2026-08-18 03:00:00,0.159 Mpa,0.332 Mpa,0.218 Mpa,0.218 Mpa,0.0845 Mpa,0.195 Mpa,0.319 Mpa,,0.259 Mpa,3.73%,10.6%,6.33%,3.48%,2.94%,4.31%,5.60%,,4.40%
2026-08-18 05:00:00,0.103 Mpa,0.0865 Mpa,0.130 Mpa,0.273 Mpa,0.224 Mpa,0.170 Mpa,0.327 Mpa,,0.298 Mpa,2.13%,2.58%,4.28%,4.82%,7.08%,4.98%,6.71%,,5.70%
2026-08-18 07:00:00,0.0647 Mpa,0.439 Mpa,0.204 Mpa,0.160 Mpa,0.162 Mpa,0.161 Mpa,0.293 Mpa,,0.923 Mpa,2.72%,13.2%,5.99%,2.03%,5.22%,4.48%,5.51%,,22.2%
2026-08-18 09:00:00,0.128 Mpa,0.189 Mpa,0.565 Mpa,0.347 Mpa,0.0807 Mpa,0.207 Mpa,0.209 Mpa,,0.164 Mpa,3.59%,5.83%,15.0%,7.44%,3.80%,3.49%,2.33%,,3.10%
2026-08-18 11:00:00,0.128 Mpa,0.249 Mpa,0.182 Mpa,0.231 Mpa,0.0456 Mpa,0.195 Mpa,0.330 Mpa,,0.212 Mpa,4.04%,7.47%,5.40%,4.28%,1.89%,3.76%,6.00%,,4.47%
2026-08-18 13:00:00,0.187 Mpa,0.228 Mpa,0.180 Mpa,0.337 Mpa,0.0435 Mpa,0.351 Mpa,0.298 Mpa,,0.377 Mpa,5.29%,7.58%,5.66%,7.30%,1.68%,7.87%,6.17%,,8.49%
2026-08-18 15:00:00,0.436 Mpa,0.179 Mpa,0.150 Mpa,0.229 Mpa,0.115 Mpa,0.220 Mpa,0.142 Mpa,,0.207 Mpa,11.3%,5.89%,5.27%,3.87%,3.82%,4.74%,1.15%,,4.02%
2026-08-18 17:00:00,0.146 Mpa,0.273 Mpa,0.223 Mpa,,0.137 Mpa,0.283 Mpa,0.229 Mpa,,0.340 Mpa,4.65%,8.01%,6.68%,,4.26%,7.66%,3.41%,,7.24%
2026-08-18 19:00:00,0.247 Mpa,0.148 Mpa,0.204 Mpa,,0.0861 Mpa,0.257 Mpa,0.381 Mpa,,0.208 Mpa,6.74%,4.73%,6.09%,,2.82%,6.08%,7.14%,,4.32%
2026-08-18 21:00:00,0.166 Mpa,0.280 Mpa,0.164 Mpa,,0.134 Mpa,0.273 Mpa,0.276 Mpa,,0.226 Mpa,5.13%,8.33%,5.46%,,4.78%,8.42%,4.00%,,3.69%
2026-08-18 23:00:00,0.222 Mpa,0.377 Mpa,0.147 Mpa,,0.261 Mpa,0.295 Mpa,0.301 Mpa,,0.239 Mpa,6.49%,11.3%,5.25%,,8.99%,7.75%,4.16%,,4.27%
2026-08-19 01:00:00,0.172 Mpa,0.430 Mpa,0.178 Mpa,,0.0178 Mpa,0.248 Mpa,0.277 Mpa,,0.221 Mpa,5.18%,12.6%,5.41%,,1.77%,6.26%,3.73%,,4.07%
2026-08-19 03:00:00,0.251 Mpa,0.449 Mpa,0.133 Mpa,,0.0980 Mpa,0.237 Mpa,0.295 Mpa,,0.306 Mpa,9.29%,12.7%,4.60%,,3.91%,7.28%,4.70%,,6.24%
2026-08-19 05:00:00,0.200 Mpa,0.160 Mpa,0.186 Mpa,,0.158 Mpa,0.233 Mpa,0.282 Mpa,,0.219 Mpa,7.31%,5.17%,5.75%,,6.82%,5.47%,5.93%,,4.15%
2026-08-19 07:00:00,0.348 Mpa,0.358 Mpa,0.230 Mpa,,0.139 Mpa,0.190 Mpa,0.257 Mpa,,0.187 Mpa,9.11%,12.6%,6.96%,,4.87%,2.58%,4.49%,,3.95%
2026-08-19 09:00:00,0.202 Mpa,0.599 Mpa,0.197 Mpa,,0.179 Mpa,0.187 Mpa,0.305 Mpa,,0.247 Mpa,5.72%,17.8%,7.38%,,6.29%,3.92%,5.95%,,4.09%
2026-08-19 11:00:00,0.166 Mpa,0.493 Mpa,0.131 Mpa,,0.0649 Mpa,0.209 Mpa,0.265 Mpa,,0.186 Mpa,4.22%,14.8%,5.17%,,2.37%,3.39%,5.48%,,3.86%
2026-08-19 13:00:00,0.730 Mpa,0.205 Mpa,0.119 Mpa,,0.0859 Mpa,0.0997 Mpa,0.278 Mpa,,0.192 Mpa,19.4%,6.26%,4.76%,,3.31%,2.46%,4.50%,,3.24%
2026-08-19 15:00:00,0.0903 Mpa,0.269 Mpa,0.126 Mpa,0.181 Mpa,0.252 Mpa,0.160 Mpa,0.296 Mpa,,0.258 Mpa,2.13%,8.10%,4.58%,3.00%,8.70%,2.62%,4.64%,,4.57%
2026-08-19 17:00:00,0.0805 Mpa,0.140 Mpa,0.145 Mpa,0.256 Mpa,0.0380 Mpa,0.183 Mpa,0.247 Mpa,,0.123 Mpa,1.84%,4.37%,5.03%,4.91%,1.13%,6.05%,3.66%,,2.58%
2026-08-19 19:00:00,0.335 Mpa,0.329 Mpa,0.173 Mpa,0.169 Mpa,0.0336 Mpa,0.198 Mpa,0.268 Mpa,,0.224 Mpa,8.73%,9.51%,5.98%,2.37%,2.72%,4.94%,3.21%,,4.53%
2026-08-19 21:00:00,0.156 Mpa,0.462 Mpa,0.188 Mpa,0.272 Mpa,0.382 Mpa,0.220 Mpa,0.291 Mpa,,0.297 Mpa,4.38%,13.0%,6.47%,5.78%,13.7%,6.74%,4.87%,,6.41%
2026-08-19 23:00:00,0.121 Mpa,0.460 Mpa,0.0828 Mpa,0.140 Mpa,0.0885 Mpa,0.204 Mpa,0.277 Mpa,,0.437 Mpa,2.97%,12.7%,1.79%,1.85%,3.91%,8.87%,3.79%,,9.81%
2026-08-20 01:00:00,0.111 Mpa,0.181 Mpa,0.254 Mpa,0.197 Mpa,0.00706 Mpa,0.343 Mpa,0.325 Mpa,,0.200 Mpa,3.31%,5.02%,7.62%,3.26%,1.22%,8.79%,4.24%,,3.95%
2026-08-20 03:00:00,0.123 Mpa,0.307 Mpa,0.366 Mpa,0.109 Mpa,0.374 Mpa,0.211 Mpa,0.308 Mpa,,0.286 Mpa,2.42%,8.30%,11.7%,0.451%,14.3%,6.30%,4.64%,,4.96%
2026-08-20 05:00:00,0.112 Mpa,0.220 Mpa,0.186 Mpa,0.144 Mpa,0.0599 Mpa,0.155 Mpa,0.288 Mpa,,0.212 Mpa,3.04%,6.68%,6.02%,1.84%,3.24%,4.52%,4.27%,,3.88%
2026-08-20 07:00:00,0.0644 Mpa,0.212 Mpa,0.197 Mpa,0.113 Mpa,0.165 Mpa,0.197 Mpa,0.264 Mpa,,0.251 Mpa,2.42%,6.31%,7.35%,0.988%,6.41%,11.4%,3.99%,,4.94%
2026-08-20 09:00:00,0.101 Mpa,0.221 Mpa,0.367 Mpa,0.120 Mpa,0.0801 Mpa,0.197 Mpa,0.279 Mpa,,0.485 Mpa,3.15%,6.57%,12.6%,1.04%,4.77%,8.91%,3.64%,,11.1%
2026-08-20 11:00:00,0.248 Mpa,0.302 Mpa,0.0241 Mpa,0.107 Mpa,0.0773 Mpa,0.216 Mpa,0.245 Mpa,,0.206 Mpa,6.52%,8.84%,4.09%,1.04%,3.11%,11.3%,2.88%,,3.68%
2026-08-20 13:00:00,0.269 Mpa,0.250 Mpa,0.368 Mpa,,0.0705 Mpa,0.212 Mpa,0.297 Mpa,,0.312 Mpa,7.49%,7.08%,11.8%,,2.94%,7.42%,4.47%,,7.13%
2026-08-20 15:00:00,0.0777 Mpa,0.333 Mpa,0.195 Mpa,0.208 Mpa,0.0367 Mpa,0.194 Mpa,0.180 Mpa,,0.235 Mpa,2.70%,9.56%,5.02%,3.33%,1.74%,10.2%,1.41%,,4.20%
2026-08-20 17:00:00,0.205 Mpa,0.194 Mpa,0.301 Mpa,0.199 Mpa,0.104 Mpa,0.163 Mpa,0.204 Mpa,,0.249 Mpa,5.96%,5.47%,9.55%,3.42%,3.37%,6.26%,2.97%,,4.72%
2026-08-20 19:00:00,0.138 Mpa,0.0694 Mpa,0.120 Mpa,0.350 Mpa,0.0815 Mpa,0.170 Mpa,0.224 Mpa,,0.294 Mpa,3.74%,1.09%,4.51%,7.40%,2.23%,4.13%,3.65%,,6.29%
2026-08-20 21:00:00,0.157 Mpa,0.136 Mpa,0.443 Mpa,0.301 Mpa,0.0967 Mpa,0.155 Mpa,0.189 Mpa,,0.378 Mpa,5.16%,4.00%,12.3%,6.04%,2.86%,3.28%,2.81%,,7.87%
2026-08-20 23:00:00,0.203 Mpa,0.161 Mpa,0.143 Mpa,0.223 Mpa,0.163 Mpa,0.167 Mpa,0.189 Mpa,,0.189 Mpa,6.69%,4.95%,4.84%,4.11%,5.24%,3.56%,3.65%,,3.22%
2026-08-21 01:00:00,0.195 Mpa,0.165 Mpa,0.0282 Mpa,0.308 Mpa,0.304 Mpa,0.181 Mpa,0.187 Mpa,,0.298 Mpa,5.33%,5.80%,4.31%,6.71%,9.37%,4.16%,3.31%,,6.24%
2026-08-21 03:00:00,0.289 Mpa,0.160 Mpa,0.174 Mpa,0.126 Mpa,0.0783 Mpa,0.307 Mpa,0.181 Mpa,,0.162 Mpa,7.27%,5.11%,4.11%,1.62%,2.08%,7.68%,3.19%,,2.53%
2026-08-21 05:00:00,0.249 Mpa,0.209 Mpa,0.146 Mpa,0.193 Mpa,0.0988 Mpa,0.262 Mpa,0.233 Mpa,,0.191 Mpa,5.70%,6.81%,4.61%,2.95%,3.37%,7.43%,3.15%,,5.02%
2026-08-21 07:00:00,0.206 Mpa,0.151 Mpa,0.197 Mpa,0.151 Mpa,0.179 Mpa,0.408 Mpa,0.270 Mpa,,0.223 Mpa,4.83%,4.27%,6.27%,1.87%,5.71%,13.6%,5.07%,,7.42%
2026-08-21 09:00:00,0.163 Mpa,0.141 Mpa,0.198 Mpa,0.268 Mpa,0.0912 Mpa,0.305 Mpa,0.256 Mpa,,0.254 Mpa,3.88%,4.10%,6.22%,5.03%,3.01%,8.76%,3.65%,,5.91%
2026-08-21 11:00:00,0.232 Mpa,0.0796 Mpa,0.199 Mpa,0.225 Mpa,0.332 Mpa,0.193 Mpa,0.303 Mpa,,0.328 Mpa,5.74%,1.98%,6.43%,3.89%,10.7%,4.20%,4.67%,,8.88%
2026-08-21 13:00:00,0.114 Mpa,0.369 Mpa,0.272 Mpa,0.168 Mpa,0.00120 Mpa,0.0960 Mpa,0.295 Mpa,,0.319 Mpa,2.53%,11.2%,7.99%,2.71%,2.20%,2.08%,4.56%,,8.32%
2026-08-21 15:00:00,0.173 Mpa,0.127 Mpa,0.273 Mpa,0.180 Mpa,0.208 Mpa,0.172 Mpa,,,0.271 Mpa,3.87%,3.51%,7.47%,2.42%,6.84%,5.75%,,,5.00%
2026-08-21 17:00:00,0.251 Mpa,0.101 Mpa,0.115 Mpa,0.206 Mpa,0.0443 Mpa,0.170 Mpa,,,0.246 Mpa,6.83%,3.07%,3.20%,3.14%,1.52%,5.85%,,,5.87%
2026-08-21 19:00:00,0.337 Mpa,0.109 Mpa,0.216 Mpa,0.145 Mpa,0.0422 Mpa,0.191 Mpa,,,0.270 Mpa,8.85%,3.48%,6.38%,1.96%,1.35%,5.46%,,,7.87%
2026-08-21 21:00:00,0.0944 Mpa,0.108 Mpa,0.283 Mpa,0.0975 Mpa,0.109 Mpa,0.291 Mpa,0.332 Mpa,,0.209 Mpa,3.27%,3.28%,7.43%,0.562%,3.27%,5.77%,7.91%,,4.55%
2026-08-21 23:00:00,0.366 Mpa,0.345 Mpa,0.127 Mpa,0.241 Mpa,0.0865 Mpa,0.188 Mpa,0.0654 Mpa,,0.232 Mpa,9.95%,10.1%,4.05%,3.70%,2.65%,5.24%,2.28%,,4.85%
2026-08-22 01:00:00,0.352 Mpa,,0.0727 Mpa,0.132 Mpa,0.0666 Mpa,0.192 Mpa,0.0306 Mpa,,0.247 Mpa,9.29%,,2.26%,0.822%,2.83%,3.74%,1.14%,,6.99%
2026-08-22 03:00:00,0.142 Mpa,0.0473 Mpa,0.114 Mpa,0.136 Mpa,0.0604 Mpa,0.214 Mpa,,,0.308 Mpa,2.99%,1.71%,3.94%,1.27%,3.38%,3.93%,,,7.15%
2026-08-22 05:00:00,0.126 Mpa,0.193 Mpa,0.164 Mpa,0.180 Mpa,0.132 Mpa,0.192 Mpa,,,0.590 Mpa,2.47%,5.75%,5.23%,2.39%,5.16%,5.87%,,,15.0%
2026-08-22 07:00:00,0.0829 Mpa,0.0241 Mpa,0.211 Mpa,0.150 Mpa,0.0870 Mpa,0.317 Mpa,,,0.415 Mpa,1.39%,0.519%,6.26%,1.65%,3.36%,8.22%,,,9.06%
2026-08-22 09:00:00,0.249 Mpa,0.145 Mpa,0.207 Mpa,0.131 Mpa,0.0786 Mpa,0.204 Mpa,,,0.181 Mpa,6.36%,3.46%,7.17%,1.17%,3.64%,3.76%,,,2.84%
2026-08-22 11:00:00,0.196 Mpa,0.106 Mpa,0.278 Mpa,0.167 Mpa,0.437 Mpa,0.201 Mpa,,,0.228 Mpa,6.10%,3.14%,9.17%,2.19%,14.6%,5.04%,,,3.09%
2026-08-22 13:00:00,0.132 Mpa,0.0647 Mpa,0.0904 Mpa,0.140 Mpa,0.0548 Mpa,0.295 Mpa,,,0.312 Mpa,4.52%,2.54%,3.44%,1.78%,2.67%,8.36%,,,6.15%
2026-08-22 15:00:00,0.0569 Mpa,0.0230 Mpa,0.128 Mpa,0.295 Mpa,0.115 Mpa,0.400 Mpa,,,0.237 Mpa,3.62%,1.63%,5.04%,5.66%,4.81%,11.8%,,,4.55%
2026-08-22 17:00:00,0.198 Mpa,0.110 Mpa,0.270 Mpa,0.129 Mpa,0.195 Mpa,0.229 Mpa,,,0.238 Mpa,6.45%,3.23%,8.17%,1.57%,6.44%,8.44%,,,5.27%
2026-08-22 19:00:00,0.102 Mpa,0.104 Mpa,0.257 Mpa,0.130 Mpa,0.0594 Mpa,0.345 Mpa,,,0.175 Mpa,4.11%,2.90%,7.59%,1.07%,2.45%,11.9%,,,3.93%
2026-08-22 21:00:00,0.0945 Mpa,0.149 Mpa,0.169 Mpa,0.194 Mpa,0.215 Mpa,0.241 Mpa,,,0.255 Mpa,4.33%,4.35%,5.17%,2.61%,6.46%,7.84%,,,6.16%
2026-08-22 23:00:00,0.124 Mpa,0.253 Mpa,0.138 Mpa,0.178 Mpa,0 Mpa,0.205 Mpa,0.127 Mpa,,0.233 Mpa,5.10%,7.39%,5.49%,2.53%,1.52%,7.53%,2.18%,,5.11%
2026-08-23 01:00:00,0.0855 Mpa,0.121 Mpa,0.349 Mpa,0.207 Mpa,0.250 Mpa,0.188 Mpa,0.119 Mpa,,0.154 Mpa,4.21%,3.55%,9.75%,3.19%,7.99%,5.61%,1.01%,,3.29%
2026-08-23 03:00:00,0.256 Mpa,0.167 Mpa,0.327 Mpa,0.249 Mpa,0.167 Mpa,0.193 Mpa,0.170 Mpa,,0.111 Mpa,7.31%,5.02%,9.89%,4.08%,6.49%,6.47%,2.68%,,2.31%
2026-08-23 05:00:00,0.107 Mpa,0.535 Mpa,0.202 Mpa,0.161 Mpa,0.212 Mpa,0.356 Mpa,0.217 Mpa,,,4.15%,16.0%,6.64%,1.75%,8.32%,9.22%,3.96%,,
2026-08-23 07:00:00,0.102 Mpa,0.398 Mpa,0.227 Mpa,0.243 Mpa,0.319 Mpa,0.221 Mpa,0.221 Mpa,,,3.50%,12.0%,7.66%,4.40%,11.1%,5.00%,3.39%,,
2026-08-23 09:00:00,0.148 Mpa,0.107 Mpa,0.108 Mpa,0.175 Mpa,0.0903 Mpa,0.213 Mpa,0.187 Mpa,,,5.35%,3.27%,2.77%,2.59%,4.17%,5.05%,2.58%,,
2026-08-23 11:00:00,0.231 Mpa,0.117 Mpa,0.379 Mpa,0.154 Mpa,0.0553 Mpa,0.376 Mpa,0.259 Mpa,,0.586 Mpa,7.28%,3.53%,11.6%,2.52%,3.56%,11.3%,4.90%,,14.4%
2026-08-23 13:00:00,0.0917 Mpa,0.0518 Mpa,0.217 Mpa,0.0831 Mpa,0.675 Mpa,0.229 Mpa,0.183 Mpa,,,3.33%,2.00%,7.06%,0.593%,22.6%,8.17%,2.18%,,
2026-08-23 15:00:00,0.0952 Mpa,0.346 Mpa,0.316 Mpa,0.172 Mpa,0.0689 Mpa,0.208 Mpa,0.304 Mpa,,,3.46%,10.2%,8.66%,2.26%,2.02%,9.18%,5.34%,,
2026-08-23 17:00:00,0 Mpa,0.210 Mpa,0.182 Mpa,0.787 Mpa,0.0291 Mpa,0.349 Mpa,0.180 Mpa,,,2.58%,5.94%,7.22%,20.3%,1.09%,7.81%,5.08%,,
2026-08-23 19:00:00,0.0318 Mpa,0.204 Mpa,0.605 Mpa,0.391 Mpa,0.0367 Mpa,0.551 Mpa,0.236 Mpa,,,4.51%,5.99%,16.9%,7.80%,0.640%,14.8%,5.36%,,
2026-08-23 21:00:00,0.288 Mpa,0.268 Mpa,0.212 Mpa,0.294 Mpa,0.270 Mpa,0.394 Mpa,0.165 Mpa,,,9.36%,7.47%,6.45%,5.26%,9.79%,10.9%,4.39%,,
2026-08-23 23:00:00,0.0985 Mpa,0.174 Mpa,0.138 Mpa,0.385 Mpa,,0.184 Mpa,0.212 Mpa,,,2.82%,4.90%,5.94%,7.76%,,6.07%,3.06%,,
2026-08-24 01:00:00,0.179 Mpa,0.144 Mpa,0.152 Mpa,0.353 Mpa,,0.237 Mpa,0.189 Mpa,,,4.80%,4.20%,3.69%,6.61%,,8.54%,3.25%,,
2026-08-24 03:00:00,0.120 Mpa,0.264 Mpa,0.159 Mpa,0.192 Mpa,,0.433 Mpa,0.146 Mpa,,,3.46%,7.51%,5.00%,2.89%,,10.4%,3.86%,,
2026-08-24 05:00:00,0.192 Mpa,0.119 Mpa,0.178 Mpa,0.151 Mpa,,0.171 Mpa,0.157 Mpa,,,4.09%,3.14%,6.71%,2.63%,,4.79%,3.39%,,
2026-08-24 07:00:00,0.179 Mpa,0.131 Mpa,0.417 Mpa,0.232 Mpa,,0.275 Mpa,0.214 Mpa,,,5.38%,3.58%,12.4%,4.41%,,8.03%,3.27%,,
2026-08-24 09:00:00,0.0629 Mpa,0.205 Mpa,0.0243 Mpa,0.182 Mpa,0.0948 Mpa,0.257 Mpa,0.198 Mpa,,,3.12%,5.59%,1.79%,2.73%,4.28%,6.53%,2.80%,,
2026-08-24 11:00:00,0.155 Mpa,0.212 Mpa,0.0606 Mpa,0.237 Mpa,,0.229 Mpa,0.194 Mpa,,,4.70%,6.06%,2.73%,4.34%,,6.20%,3.54%,,
2026-08-24 13:00:00,0.152 Mpa,0.0958 Mpa,,0.163 Mpa,,0.111 Mpa,0.317 Mpa,,,4.13%,3.04%,,2.01%,,0.752%,6.23%,,
2026-08-24 15:00:00,0.195 Mpa,0.0881 Mpa,0.535 Mpa,0.231 Mpa,,0.221 Mpa,0.217 Mpa,,0.150 Mpa,5.60%,3.06%,15.3%,3.95%,,6.35%,3.00%,,3.47%
2026-08-24 17:00:00,0.131 Mpa,0.210 Mpa,0.148 Mpa,0.200 Mpa,,0.231 Mpa,0.171 Mpa,,0.0898 Mpa,3.80%,5.54%,4.59%,3.03%,,8.29%,1.45%,,1.08%
2026-08-24 19:00:00,0.136 Mpa,0.292 Mpa,0.131 Mpa,0.282 Mpa,,0.230 Mpa,0.184 Mpa,,0.0739 Mpa,3.81%,8.17%,4.51%,5.20%,,6.83%,2.48%,,0.188%
2026-08-24 21:00:00,0.0986 Mpa,0.261 Mpa,0.125 Mpa,0.314 Mpa,0.0648 Mpa,0.265 Mpa,0.202 Mpa,,0.269 Mpa,3.10%,7.24%,5.35%,6.05%,3.88%,8.40%,3.81%,,5.30%
2026-08-24 23:00:00,0.109 Mpa,0.264 Mpa,0.0998 Mpa,0.221 Mpa,0.0183 Mpa,0.223 Mpa,0.209 Mpa,,0.203 Mpa,2.85%,7.51%,4.91%,3.46%,0.975%,7.82%,4.08%,,3.09%
2026-08-25 01:00:00,0.140 Mpa,0.163 Mpa,0.122 Mpa,0.168 Mpa,,0.221 Mpa,0.245 Mpa,,0.211 Mpa,3.22%,4.57%,3.12%,2.09%,,6.74%,4.30%,,4.41%
2026-08-25 03:00:00,0.152 Mpa,0.149 Mpa,0.207 Mpa,0.172 Mpa,,0.195 Mpa,0.225 Mpa,,0.154 Mpa,3.47%,4.29%,6.23%,2.07%,,4.83%,3.80%,,3.97%
2026-08-25 05:00:00,0.219 Mpa,0.225 Mpa,0.135 Mpa,0.203 Mpa,,0.218 Mpa,0.182 Mpa,,0.123 Mpa,5.52%,6.48%,4.30%,3.22%,,9.24%,2.88%,,3.45%
2026-08-25 07:00:00,0.202 Mpa,0.150 Mpa,0.162 Mpa,0.265 Mpa,,0.230 Mpa,0.235 Mpa,,0.324 Mpa,5.40%,3.82%,5.23%,4.75%,,10.2%,5.42%,,7.24%
2026-08-25 09:00:00,0.324 Mpa,0.486 Mpa,0.286 Mpa,0.256 Mpa,,0.214 Mpa,0.219 Mpa,,0.230 Mpa,9.13%,13.8%,9.02%,4.39%,,6.31%,2.68%,,4.34%
2026-08-25 11:00:00,0.366 Mpa,0.421 Mpa,0.304 Mpa,0.210 Mpa,,0.246 Mpa,0.277 Mpa,,0.180 Mpa,9.55%,11.8%,9.63%,2.81%,,9.19%,4.76%,,3.27%
2026-08-25 13:00:00,0.396 Mpa,0.303 Mpa,0.235 Mpa,0.117 Mpa,,0.216 Mpa,0.156 Mpa,,0.232 Mpa,9.67%,8.62%,7.05%,2.16%,,5.51%,2.14%,,5.11%
2026-08-25 15:00:00,0.198 Mpa,0.189 Mpa,0.167 Mpa,0.149 Mpa,,0.289 Mpa,0.245 Mpa,,0.253 Mpa,4.60%,5.06%,6.12%,1.24%,,7.64%,3.41%,,5.44%
2026-08-25 17:00:00,0.0621 Mpa,0.0937 Mpa,0.216 Mpa,0.259 Mpa,,0.164 Mpa,0.613 Mpa,,0.216 Mpa,1.41%,4.45%,6.02%,5.19%,,7.16%,15.2%,,4.67%
2026-08-25 19:00:00,0.0118 Mpa,0.107 Mpa,0.539 Mpa,0.177 Mpa,,0.281 Mpa,0.218 Mpa,,0.218 Mpa,0%,2.41%,14.5%,2.61%,,7.71%,3.89%,,4.97%
2026-08-25 21:00:00,0.00447 Mpa,0.145 Mpa,0.372 Mpa,0.189 Mpa,,0.192 Mpa,0.441 Mpa,,0.284 Mpa,0%,3.80%,9.69%,2.68%,,5.39%,9.41%,,6.22%
2026-08-25 23:00:00,0.0643 Mpa,0.0956 Mpa,0.139 Mpa,0.171 Mpa,,0.191 Mpa,0.709 Mpa,,0.199 Mpa,1.01%,2.55%,3.20%,2.27%,,4.94%,19.0%,,3.98%
2026-08-26 01:00:00,0.0754 Mpa,0.110 Mpa,0.360 Mpa,0.159 Mpa,,0.205 Mpa,0.158 Mpa,,0.162 Mpa,2.60%,3.01%,10.5%,2.00%,,5.55%,2.97%,,2.55%
2026-08-26 03:00:00,0.0211 Mpa,0.0712 Mpa,0.388 Mpa,0.221 Mpa,,0.206 Mpa,0.446 Mpa,,0.151 Mpa,0.692%,2.19%,11.5%,3.43%,,7.95%,10.1%,,2.73%
2026-08-26 05:00:00,0.135 Mpa,0.371 Mpa,0.296 Mpa,0.250 Mpa,,0.220 Mpa,0.258 Mpa,,0.198 Mpa,4.04%,10.6%,8.43%,4.54%,,7.57%,5.28%,,4.06%
2026-08-26 07:00:00,0.372 Mpa,0.394 Mpa,0.328 Mpa,0.225 Mpa,,0.219 Mpa,0.213 Mpa,,0.141 Mpa,9.18%,10.9%,10.2%,3.51%,,7.09%,3.98%,,2.93%
2026-08-26 09:00:00,0.261 Mpa,0.363 Mpa,0.336 Mpa,0.162 Mpa,,0.218 Mpa,0.230 Mpa,,0.206 Mpa,7.21%,9.99%,10.3%,1.81%,,7.48%,3.13%,,5.06%
2026-08-26 11:00:00,0.573 Mpa,0.715 Mpa,0.420 Mpa,0.143 Mpa,,0.300 Mpa,0.270 Mpa,,0.207 Mpa,14.3%,19.2%,12.8%,1.36%,,10.3%,4.12%,,4.97%
2026-08-26 13:00:00,0.532 Mpa,0.332 Mpa,0.0869 Mpa,0.265 Mpa,,0.346 Mpa,0.441 Mpa,,0.295 Mpa,13.5%,9.17%,3.87%,4.97%,,10.7%,9.27%,,5.50%
2026-08-26 15:00:00,0.302 Mpa,0.416 Mpa,0.240 Mpa,0.204 Mpa,,0.241 Mpa,0.197 Mpa,,0.177 Mpa,7.75%,11.9%,7.78%,3.07%,,7.48%,1.34%,,2.93%
2026-08-26 17:00:00,0.163 Mpa,0.119 Mpa,0.332 Mpa,0.166 Mpa,,0.143 Mpa,0.186 Mpa,,0.199 Mpa,4.39%,3.86%,9.74%,2.58%,,5.45%,2.44%,,3.88%
2026-08-26 19:00:00,0.0932 Mpa,0.379 Mpa,0.433 Mpa,0.175 Mpa,,0.182 Mpa,0.189 Mpa,,0.192 Mpa,2.78%,10.3%,12.6%,2.46%,,6.81%,1.83%,,3.23%
2026-08-26 21:00:00,0.0602 Mpa,0.435 Mpa,0.237 Mpa,0.159 Mpa,,0.169 Mpa,0.250 Mpa,,0.233 Mpa,1.09%,12.2%,7.61%,2.09%,,7.02%,3.16%,,6.01%
2026-08-26 23:00:00,0.189 Mpa,0.263 Mpa,0.277 Mpa,0.224 Mpa,,0.160 Mpa,0.241 Mpa,,0.180 Mpa,4.73%,7.65%,9.08%,3.86%,,7.86%,3.04%,,3.70%
2026-08-27 01:00:00,0.0730 Mpa,0.340 Mpa,0.112 Mpa,0.252 Mpa,,0.221 Mpa,0.247 Mpa,,0.205 Mpa,2.38%,9.71%,3.29%,4.28%,,7.27%,3.79%,,4.45%
2026-08-27 03:00:00,0.0514 Mpa,0.155 Mpa,0.0919 Mpa,0.269 Mpa,,0.188 Mpa,0.451 Mpa,,0.306 Mpa,1.45%,5.04%,1.88%,4.64%,,5.00%,9.90%,,5.61%
2026-08-27 05:00:00,0.121 Mpa,0.211 Mpa,,0.206 Mpa,,0.162 Mpa,0.198 Mpa,,0.209 Mpa,3.60%,6.32%,,2.81%,,5.98%,2.87%,,3.76%
2026-08-27 07:00:00,0.271 Mpa,0.229 Mpa,,0.203 Mpa,,0.162 Mpa,0.207 Mpa,,0.196 Mpa,7.20%,6.40%,,2.70%,,4.61%,2.76%,,4.74%
2026-08-27 09:00:00,0.268 Mpa,0.0429 Mpa,,0.174 Mpa,,0.163 Mpa,0.340 Mpa,,0.163 Mpa,7.41%,0%,,1.94%,,5.81%,8.12%,,2.78%
2026-08-27 11:00:00,0.132 Mpa,0.0783 Mpa,0.170 Mpa,0.184 Mpa,,0.180 Mpa,0.130 Mpa,,0.267 Mpa,4.29%,1.27%,6.45%,2.37%,,6.14%,1.60%,,5.70%
2026-08-27 13:00:00,0.106 Mpa,0.516 Mpa,,0.385 Mpa,,0.308 Mpa,0.338 Mpa,,0.187 Mpa,3.26%,15.5%,,8.56%,,9.55%,5.75%,,3.89%
2026-08-27 15:00:00,0.339 Mpa,0.0342 Mpa,,0.0484 Mpa,,0.133 Mpa,0.432 Mpa,,0.244 Mpa,9.17%,1.05%,,0.00304%,,3.57%,8.36%,,5.73%
2026-08-27 17:00:00,0.163 Mpa,0.0289 Mpa,,0.0754 Mpa,,0.211 Mpa,0.377 Mpa,,0.162 Mpa,5.84%,1.05%,,0%,,8.72%,7.86%,,3.66%
2026-08-27 19:00:00,0.123 Mpa,0.0240 Mpa,,0.256 Mpa,,0.284 Mpa,0.270 Mpa,,0.239 Mpa,3.81%,0.800%,,4.11%,,7.96%,3.49%,,4.85%
2026-08-27 21:00:00,0.288 Mpa,0.0290 Mpa,,0.220 Mpa,,0.304 Mpa,0.332 Mpa,,0.172 Mpa,7.11%,1.04%,,3.25%,,8.56%,5.48%,,2.99%
2026-08-27 23:00:00,0.0129 Mpa,0.0370 Mpa,,0.139 Mpa,,0.388 Mpa,0.271 Mpa,,0.340 Mpa,3.22%,0.821%,,1.45%,,11.2%,4.42%,,7.21%
2026-08-28 01:00:00,,0.0257 Mpa,,0.143 Mpa,,0.298 Mpa,0.271 Mpa,,0.185 Mpa,,0.0886%,,1.99%,,8.17%,3.99%,,3.86%
2026-08-28 03:00:00,0.0649 Mpa,0.0800 Mpa,,0.140 Mpa,,0.262 Mpa,0.213 Mpa,,0.293 Mpa,5.06%,3.30%,,2.03%,,6.82%,2.90%,,6.03%
2026-08-28 05:00:00,0.0924 Mpa,0.208 Mpa,,0.126 Mpa,,0.175 Mpa,0.192 Mpa,,0.193 Mpa,4.76%,5.89%,,4.46%,,5.49%,4.39%,,3.58%
2026-08-28 07:00:00,0.0947 Mpa,0.200 Mpa,,0.229 Mpa,,0.209 Mpa,0.194 Mpa,,0.427 Mpa,2.58%,6.20%,,3.42%,,6.53%,4.19%,,9.42%
2026-08-28 09:00:00,0.101 Mpa,0.0330 Mpa,,0.201 Mpa,,0.208 Mpa,0.207 Mpa,,0.205 Mpa,2.34%,0.384%,,3.25%,,5.95%,2.53%,,4.24%
2026-08-28 11:00:00,0.125 Mpa,0.0240 Mpa,,0.199 Mpa,,0.376 Mpa,0.199 Mpa,,0.165 Mpa,3.56%,1.60%,,2.67%,,9.92%,2.80%,,2.13%
2026-08-28 13:00:00,,0.105 Mpa,,0.223 Mpa,,0.870 Mpa,0.389 Mpa,,0.205 Mpa,,3.05%,,3.82%,,23.4%,7.65%,,5.11%
2026-08-28 15:00:00,,0.191 Mpa,,0.227 Mpa,,0.272 Mpa,0.236 Mpa,,0.197 Mpa,,5.45%,,4.03%,,8.14%,2.85%,,4.27%
2026-08-28 17:00:00,,0.201 Mpa,0.00367 Mpa,0.153 Mpa,,0.218 Mpa,0.266 Mpa,,0.224 Mpa,,5.71%,3.87%,2.48%,,5.83%,4.21%,,4.50%
2026-08-28 19:00:00,,0.107 Mpa,0.0173 Mpa,0.195 Mpa,,0.260 Mpa,0.290 Mpa,,0.134 Mpa,,3.03%,3.97%,2.83%,,6.82%,3.89%,,1.22%
2026-08-28 21:00:00,0 Mpa,0.239 Mpa,0.550 Mpa,0.127 Mpa,,0.226 Mpa,0.232 Mpa,,0.182 Mpa,0%,6.77%,15.9%,1.46%,,6.16%,3.46%,,4.24%
2026-08-28 23:00:00,0.0767 Mpa,0.114 Mpa,0.209 Mpa,0.117 Mpa,,0.269 Mpa,0.319 Mpa,,0.258 Mpa,1.59%,3.33%,6.87%,1.50%,,6.79%,4.84%,,5.43%
2026-08-29 01:00:00,0.0917 Mpa,0.188 Mpa,0.119 Mpa,0.218 Mpa,,0.259 Mpa,0.292 Mpa,,0.219 Mpa,2.40%,5.18%,5.92%,3.91%,,5.15%,4.02%,,4.19%
2026-08-29 03:00:00,0.0710 Mpa,,0.0956 Mpa,0.481 Mpa,,0.337 Mpa,0.278 Mpa,,0.203 Mpa,2.06%,,5.54%,10.3%,,8.61%,4.08%,,4.39%
2026-08-29 05:00:00,0.0650 Mpa,,0.170 Mpa,0.385 Mpa,,0.194 Mpa,0.253 Mpa,,0.316 Mpa,3.10%,,5.21%,8.27%,,6.98%,3.03%,,6.71%
2026-08-29 07:00:00,0.0597 Mpa,,0.0925 Mpa,0.214 Mpa,,0.301 Mpa,0.217 Mpa,,0.215 Mpa,1.02%,,4.77%,3.59%,,10.1%,2.90%,,3.68%
2026-08-29 09:00:00,0.0856 Mpa,0.0549 Mpa,0.133 Mpa,0.245 Mpa,,0.197 Mpa,0.196 Mpa,,0.196 Mpa,2.12%,2.20%,5.39%,4.21%,,10.2%,2.35%,,3.48%
2026-08-29 11:00:00,0.151 Mpa,0.0307 Mpa,0.258 Mpa,0.325 Mpa,,0.270 Mpa,0.301 Mpa,,0.254 Mpa,4.96%,1.60%,8.72%,6.56%,,11.1%,4.30%,,5.54%
2026-08-29 13:00:00,0.275 Mpa,,0.350 Mpa,0.236 Mpa,,0.555 Mpa,0.199 Mpa,,0.192 Mpa,7.43%,,11.0%,4.13%,,14.3%,2.36%,,3.42%
2026-08-29 15:00:00,0.0891 Mpa,,0.216 Mpa,0.346 Mpa,,0.178 Mpa,0.245 Mpa,,0.186 Mpa,4.03%,,6.95%,7.17%,,5.63%,2.83%,,2.72%
2026-08-29 17:00:00,0.168 Mpa,,0.116 Mpa,0.330 Mpa,,0.239 Mpa,0.246 Mpa,,0.203 Mpa,4.42%,,5.25%,6.99%,,7.77%,4.18%,,3.96%
2026-08-29 19:00:00,0.201 Mpa,,0.324 Mpa,0.112 Mpa,,0.259 Mpa,0.176 Mpa,,0.226 Mpa,5.00%,,10.2%,1.44%,,7.20%,2.17%,,5.62%
2026-08-29 21:00:00,0.177 Mpa,,0.401 Mpa,0.205 Mpa,,0.213 Mpa,0.213 Mpa,,0.163 Mpa,3.98%,,12.4%,3.63%,,5.99%,3.20%,,2.07%
2026-08-29 23:00:00,0.155 Mpa,,0.310 Mpa,0.101 Mpa,,0.256 Mpa,0.284 Mpa,,0.157 Mpa,3.73%,,10.0%,0.558%,,5.57%,5.55%,,1.99%
2026-08-30 01:00:00,0.123 Mpa,,0.212 Mpa,0.306 Mpa,,0.294 Mpa,0.191 Mpa,,0.424 Mpa,2.52%,,7.52%,5.85%,,6.11%,1.38%,,9.34%
2026-08-30 03:00:00,0.143 Mpa,,0.200 Mpa,0.216 Mpa,,0.612 Mpa,0.206 Mpa,,0.148 Mpa,4.88%,,6.89%,3.50%,,16.2%,2.19%,,2.14%
2026-08-30 05:00:00,0.104 Mpa,,0.117 Mpa,0.243 Mpa,,0.256 Mpa,0.246 Mpa,,0.246 Mpa,3.69%,,5.28%,4.28%,,9.92%,3.47%,,4.80%
2026-08-30 07:00:00,0.0786 Mpa,0.0240 Mpa,0.278 Mpa,0.173 Mpa,,0.274 Mpa,0.288 Mpa,,0.201 Mpa,2.83%,1.02%,8.50%,2.32%,,10.5%,3.68%,,3.06%
2026-08-30 09:00:00,0.0999 Mpa,0.0240 Mpa,0.212 Mpa,0.393 Mpa,,0.213 Mpa,0.361 Mpa,,0.199 Mpa,3.30%,1.13%,5.64%,8.33%,,8.12%,5.71%,,3.91%
2026-08-30 11:00:00,0.223 Mpa,0.0657 Mpa,0.0745 Mpa,0.0281 Mpa,,0.226 Mpa,0.228 Mpa,,0.235 Mpa,5.90%,2.09%,2.21%,0.435%,,8.85%,1.70%,,3.51%
2026-08-30 13:00:00,0.148 Mpa,0.626 Mpa,0.213 Mpa,0.196 Mpa,,0.559 Mpa,0.335 Mpa,,0.421 Mpa,3.65%,19.0%,6.47%,2.94%,,16.3%,5.08%,,8.72%
2026-08-30 15:00:00,0.151 Mpa,0.150 Mpa,0.194 Mpa,0.233 Mpa,,0.233 Mpa,0.274 Mpa,,0.258 Mpa,3.43%,4.19%,6.95%,3.78%,,6.04%,2.56%,,4.78%
2026-08-30 17:00:00,0.235 Mpa,0.194 Mpa,0.195 Mpa,0.263 Mpa,,0.0999 Mpa,0.232 Mpa,,0.199 Mpa,6.00%,5.79%,7.16%,4.73%,,8.31%,2.81%,,5.20%
2026-08-30 19:00:00,0.207 Mpa,0.256 Mpa,0.191 Mpa,0.199 Mpa,,0.121 Mpa,0.280 Mpa,,0.197 Mpa,5.51%,7.77%,6.66%,3.37%,,3.15%,6.14%,,2.85%
2026-08-30 21:00:00,0.148 Mpa,0.256 Mpa,0.235 Mpa,0.275 Mpa,,0.179 Mpa,0.349 Mpa,,0.163 Mpa,4.55%,10.5%,8.33%,4.75%,,5.22%,8.04%,,1.98%
2026-08-30 23:00:00,0.120 Mpa,0.247 Mpa,0.160 Mpa,0.246 Mpa,,0.385 Mpa,0.430 Mpa,,0.262 Mpa,3.95%,10.7%,6.01%,4.08%,,9.21%,10.9%,,5.84%
2026-08-31 01:00:00,0.0941 Mpa,0.183 Mpa,0.176 Mpa,0.187 Mpa,,0.276 Mpa,0.403 Mpa,,0.235 Mpa,2.92%,6.62%,6.01%,2.27%,,5.43%,8.12%,,5.16%
2026-08-31 03:00:00,0.197 Mpa,0.230 Mpa,0.0923 Mpa,0.308 Mpa,,0.234 Mpa,0.311 Mpa,,0.155 Mpa,5.50%,7.40%,4.33%,6.19%,,3.69%,5.28%,,3.43%
2026-08-31 05:00:00,0.168 Mpa,0.179 Mpa,0.318 Mpa,0.316 Mpa,,0.200 Mpa,0.341 Mpa,,0.196 Mpa,6.22%,5.55%,10.5%,5.98%,,6.39%,6.94%,,3.83%
2026-08-31 07:00:00,0.176 Mpa,0.202 Mpa,0.169 Mpa,0.184 Mpa,,0.220 Mpa,0.261 Mpa,,0.232 Mpa,4.66%,5.89%,5.13%,2.36%,,10.9%,3.65%,,4.13%
2026-08-31 09:00:00,0.190 Mpa,0.208 Mpa,0.195 Mpa,0.444 Mpa,,0.213 Mpa,0.406 Mpa,,0.331 Mpa,5.81%,6.07%,6.20%,9.64%,,10.9%,8.64%,,6.83%
2026-08-31 11:00:00,0.0924 Mpa,0.287 Mpa,0.110 Mpa,0.240 Mpa,,0.243 Mpa,0.224 Mpa,,0.281 Mpa,3.72%,8.35%,4.23%,3.82%,,7.77%,3.54%,,5.27%
2026-08-31 13:00:00,0.211 Mpa,0.438 Mpa,0.135 Mpa,0.250 Mpa,,0.566 Mpa,0.327 Mpa,,0.252 Mpa,5.45%,13.1%,5.24%,4.78%,,13.8%,7.14%,,4.54%
2026-08-31 15:00:00,0.0900 Mpa,0.215 Mpa,0.125 Mpa,0.0266 Mpa,,0.171 Mpa,0.395 Mpa,,0.324 Mpa,3.21%,5.94%,5.19%,0%,,5.03%,10.4%,,6.87%
2026-08-31 17:00:00,0.222 Mpa,0.0539 Mpa,0.178 Mpa,0.0480 Mpa,,0.168 Mpa,0.260 Mpa,,0.224 Mpa,5.84%,0.261%,7.46%,0%,,6.60%,6.47%,,5.06%
2026-08-31 19:00:00,0.138 Mpa,0.327 Mpa,0.167 Mpa,0.0585 Mpa,,0.206 Mpa,0.235 Mpa,,0.230 Mpa,3.06%,11.3%,6.45%,0%,,5.28%,5.46%,,3.90%
2026-08-31 21:00:00,0.143 Mpa,0.205 Mpa,0.203 Mpa,0.0805 Mpa,,0.231 Mpa,0.191 Mpa,,0.231 Mpa,3.78%,5.94%,6.93%,0%,,5.05%,4.11%,,4.74%
2026-08-31 23:00:00,0.464 Mpa,0.159 Mpa,0.568 Mpa,,,0.110 Mpa,0.453 Mpa,,0.280 Mpa,12.2%,4.53%,16.1%,,,5.67%,13.2%,,6.40%
2026-09-01 01:00:00,0.404 Mpa,0.0264 Mpa,,,,,,,0.338 Mpa,10.0%,1.26%,,,,,,,7.27%
2026-09-01 03:00:00,0.136 Mpa,0.134 Mpa,0.203 Mpa,0.0537 Mpa,,,0.0619 Mpa,,0.136 Mpa,4.79%,3.87%,5.04%,4.59%,,,0.557%,,2.76%
2026-09-01 05:00:00,0.246 Mpa,,1.99 Mpa,0.0937 Mpa,,0.255 Mpa,,,,6.62%,,52.6%,1.55%,,8.21%,,,
2026-09-01 07:00:00,0.108 Mpa,,0.871 Mpa,0.307 Mpa,,0.269 Mpa,0.289 Mpa,,0.158 Mpa,3.34%,,23.6%,7.04%,,7.64%,7.02%,,1.85%
2026-09-01 09:00:00,0.0719 Mpa,0.278 Mpa,0.177 Mpa,0.189 Mpa,,0.172 Mpa,0.267 Mpa,,0.340 Mpa,2.22%,7.68%,5.50%,2.54%,,4.65%,5.71%,,6.47%
2026-09-01 11:00:00,0.106 Mpa,0.0920 Mpa,0.189 Mpa,0.272 Mpa,,0.448 Mpa,0.297 Mpa,,0.190 Mpa,3.93%,2.70%,6.88%,4.72%,,12.0%,5.15%,,2.70%
2026-09-01 13:00:00,0.156 Mpa,0.174 Mpa,0.144 Mpa,0.319 Mpa,,,0.249 Mpa,,0.137 Mpa,4.39%,5.05%,5.66%,6.53%,,,2.61%,,1.91%
2026-09-01 15:00:00,0.321 Mpa,0.241 Mpa,0.192 Mpa,0.201 Mpa,,,0.369 Mpa,,0.238 Mpa,9.04%,6.82%,7.14%,3.49%,,,5.83%,,5.64%
2026-09-01 17:00:00,,0.158 Mpa,0.253 Mpa,0.261 Mpa,,,0.478 Mpa,,0.497 Mpa,,4.72%,10.1%,4.49%,,,10.6%,,13.9%
2026-09-01 19:00:00,,,0.0233 Mpa,0.143 Mpa,,,,,,,,3.13%,2.53%,,,,,
2026-09-01 21:00:00,,,0.297 Mpa,0.356 Mpa,,1.53 Mpa,0.198 Mpa,,,,,9.54%,8.21%,,38.6%,2.46%,,
2026-09-01 23:00:00,,,0.235 Mpa,0.243 Mpa,,0.466 Mpa,0.376 Mpa,,0.444 Mpa,,,8.10%,3.83%,,12.4%,8.67%,,10.2%
2026-09-02 01:00:00,0.0298 Mpa,0.110 Mpa,0.225 Mpa,0.168 Mpa,,0.121 Mpa,0.261 Mpa,,0.116 Mpa,3.22%,3.44%,5.56%,2.08%,,2.46%,5.14%,,1.72%
2026-09-02 03:00:00,0.421 Mpa,0.155 Mpa,0.171 Mpa,0.158 Mpa,,0.376 Mpa,0.329 Mpa,,0.205 Mpa,13.4%,5.03%,4.99%,1.34%,,6.30%,7.07%,,4.16%
2026-09-02 05:00:00,0.0465 Mpa,0.164 Mpa,0.0937 Mpa,0.211 Mpa,,0.246 Mpa,0.322 Mpa,,0.350 Mpa,3.41%,4.30%,4.31%,2.85%,,7.22%,5.96%,,6.60%
2026-09-02 07:00:00,0.147 Mpa,0.245 Mpa,0.108 Mpa,0.172 Mpa,,0.286 Mpa,0.181 Mpa,,0.368 Mpa,4.08%,6.34%,4.24%,1.78%,,8.82%,2.12%,,6.64%
2026-09-02 09:00:00,0.158 Mpa,0.243 Mpa,0.228 Mpa,0.172 Mpa,,0.193 Mpa,0.283 Mpa,,0.343 Mpa,3.87%,7.11%,7.17%,1.79%,,5.33%,3.81%,,6.23%
2026-09-02 11:00:00,0.160 Mpa,0.161 Mpa,0.0920 Mpa,0.127 Mpa,,1.01 Mpa,0.186 Mpa,,0.227 Mpa,4.80%,4.36%,4.19%,1.37%,,26.4%,1.86%,,2.74%
2026-09-02 13:00:00,0.00354 Mpa,0.182 Mpa,0.0994 Mpa,0.158 Mpa,,0.268 Mpa,0.322 Mpa,,0.302 Mpa,1.10%,5.46%,4.83%,2.06%,,9.58%,5.52%,,6.36%
2026-09-02 15:00:00,0.332 Mpa,0.432 Mpa,0.148 Mpa,0.207 Mpa,,0.171 Mpa,0.325 Mpa,,0.300 Mpa,9.56%,13.0%,4.26%,3.55%,,7.37%,5.84%,,6.29%
2026-09-02 17:00:00,0.197 Mpa,0.102 Mpa,0.133 Mpa,0.212 Mpa,,0.187 Mpa,0.200 Mpa,,0.163 Mpa,6.71%,3.07%,5.09%,2.84%,,9.96%,1.91%,,1.28%
2026-09-02 19:00:00,0.132 Mpa,0.217 Mpa,0.163 Mpa,0.252 Mpa,,0.243 Mpa,0.231 Mpa,,0.187 Mpa,5.89%,6.11%,6.13%,4.10%,,10.2%,2.66%,,2.10%
2026-09-02 21:00:00,0.323 Mpa,0.318 Mpa,0.125 Mpa,0.280 Mpa,,0.235 Mpa,0.235 Mpa,,0.234 Mpa,9.71%,8.71%,5.25%,4.66%,,9.35%,2.85%,,3.54%
2026-09-02 23:00:00,0.105 Mpa,0.327 Mpa,0.192 Mpa,0.368 Mpa,,0.208 Mpa,0.260 Mpa,,0.227 Mpa,3.67%,9.48%,7.31%,7.29%,,10.6%,4.54%,,3.59%
2026-09-03 01:00:00,0.168 Mpa,0.383 Mpa,0.341 Mpa,0.254 Mpa,,0.198 Mpa,0.248 Mpa,,0.341 Mpa,4.14%,11.3%,9.80%,4.03%,,7.43%,2.48%,,7.47%
2026-09-03 03:00:00,0.102 Mpa,0.329 Mpa,0.238 Mpa,0.236 Mpa,,0.228 Mpa,0.310 Mpa,,0.263 Mpa,3.83%,8.95%,7.93%,3.72%,,5.63%,5.75%,,5.69%
2026-09-03 05:00:00,0.413 Mpa,0.197 Mpa,0.255 Mpa,0.223 Mpa,,0.212 Mpa,0.239 Mpa,,0.164 Mpa,10.7%,5.03%,8.55%,3.38%,,7.31%,4.62%,,3.40%
2026-09-03 07:00:00,0.329 Mpa,0.279 Mpa,0.263 Mpa,0.207 Mpa,,0.277 Mpa,0.245 Mpa,,0.214 Mpa,8.70%,7.97%,7.38%,2.90%,,8.34%,4.01%,,3.99%
2026-09-03 09:00:00,0.157 Mpa,0.186 Mpa,0.181 Mpa,0.179 Mpa,,0.293 Mpa,0.246 Mpa,,0.197 Mpa,4.53%,5.39%,5.68%,2.44%,,8.95%,3.20%,,3.21%
2026-09-03 11:00:00,0.397 Mpa,0.471 Mpa,0.208 Mpa,0.273 Mpa,,0.269 Mpa,0.382 Mpa,,0.257 Mpa,10.8%,13.8%,6.33%,5.03%,,7.79%,7.22%,,4.54%
2026-09-03 13:00:00,0.131 Mpa,0.175 Mpa,0.158 Mpa,0.274 Mpa,,0.351 Mpa,0.0810 Mpa,,0.258 Mpa,5.17%,4.61%,5.74%,5.38%,,13.2%,0.255%,,4.15%
2026-09-03 15:00:00,0.274 Mpa,0.231 Mpa,0.136 Mpa,0.209 Mpa,,0.256 Mpa,0.138 Mpa,,0.262 Mpa,8.58%,6.13%,5.92%,2.92%,,10.4%,1.07%,,5.67%
2026-09-03 17:00:00,0.202 Mpa,0.150 Mpa,0.112 Mpa,0.238 Mpa,,0.215 Mpa,0.106 Mpa,,0.258 Mpa,5.39%,4.21%,4.82%,4.04%,,11.9%,0.469%,,5.09%
2026-09-03 19:00:00,0.114 Mpa,0.143 Mpa,0.250 Mpa,0.167 Mpa,,0.210 Mpa,0.176 Mpa,,0.239 Mpa,4.45%,4.13%,9.10%,1.81%,,10.8%,2.45%,,4.56%
2026-09-03 21:00:00,0.182 Mpa,0.110 Mpa,0.167 Mpa,0.145 Mpa,,0.231 Mpa,0.145 Mpa,,0.213 Mpa,5.65%,2.99%,6.44%,1.42%,,9.89%,1.60%,,5.78%
2026-09-03 23:00:00,0.126 Mpa,0.191 Mpa,0.231 Mpa,0.149 Mpa,,0.257 Mpa,0.227 Mpa,,0.227 Mpa,3.66%,5.00%,7.18%,1.70%,,12.3%,2.77%,,5.29%
2026-09-04 01:00:00,0.110 Mpa,0.299 Mpa,0.0890 Mpa,0.142 Mpa,,0.209 Mpa,0.240 Mpa,,0.294 Mpa,3.25%,8.70%,2.27%,1.52%,,11.0%,3.43%,,7.96%
2026-09-04 03:00:00,0.288 Mpa,0.268 Mpa,0.333 Mpa,0.123 Mpa,,0.272 Mpa,0.192 Mpa,,0.189 Mpa,7.15%,7.52%,11.1%,0.822%,,11.8%,2.20%,,4.63%
2026-09-04 05:00:00,0.226 Mpa,0.449 Mpa,0.146 Mpa,0.452 Mpa,,0.187 Mpa,0.176 Mpa,,0.245 Mpa,6.23%,12.4%,4.51%,10.5%,,6.85%,2.95%,,3.86%
2026-09-04 07:00:00,0.127 Mpa,0.532 Mpa,0.331 Mpa,,,0.282 Mpa,0.213 Mpa,,0.858 Mpa,3.30%,14.4%,9.99%,,,9.90%,2.37%,,20.6%
2026-09-04 09:00:00,0.162 Mpa,0.527 Mpa,0.197 Mpa,,,0.225 Mpa,0.227 Mpa,,0.179 Mpa,4.32%,14.8%,6.91%,,,6.82%,2.32%,,3.82%
2026-09-04 11:00:00,0.184 Mpa,0.351 Mpa,0.406 Mpa,0.242 Mpa,0 Mpa,0.261 Mpa,0.193 Mpa,,0.174 Mpa,4.98%,9.41%,12.2%,3.87%,1.60%,9.15%,1.34%,,2.99%
2026-09-04 13:00:00,0.0855 Mpa,0.163 Mpa,0.180 Mpa,0.235 Mpa,0 Mpa,0.344 Mpa,0.270 Mpa,,0.202 Mpa,2.55%,3.84%,5.28%,3.42%,1.57%,12.4%,4.34%,,4.39%
2026-09-04 15:00:00,0.0270 Mpa,0.350 Mpa,0.328 Mpa,0.187 Mpa,0.0000789 Mpa,0.210 Mpa,0.197 Mpa,,0.283 Mpa,1.35%,10.2%,10.1%,2.22%,0.659%,7.32%,1.67%,,5.82%
2026-09-04 17:00:00,0.235 Mpa,0.167 Mpa,0.197 Mpa,0.169 Mpa,,0.187 Mpa,0.179 Mpa,,0.355 Mpa,8.04%,3.98%,6.69%,2.04%,,8.25%,1.37%,,7.81%
2026-09-04 19:00:00,0.123 Mpa,0.155 Mpa,0.178 Mpa,0.138 Mpa,,0.181 Mpa,0.218 Mpa,,0.390 Mpa,2.55%,3.36%,5.48%,1.49%,,6.78%,2.61%,,8.82%
2026-09-04 21:00:00,0.0789 Mpa,0.0716 Mpa,0.111 Mpa,0.214 Mpa,,0.273 Mpa,0.239 Mpa,,0.331 Mpa,2.69%,1.08%,4.44%,3.27%,,10.2%,3.19%,,7.16%
2026-09-04 23:00:00,0.0854 Mpa,0.0856 Mpa,0.210 Mpa,0.248 Mpa,,0.264 Mpa,0.249 Mpa,,0.353 Mpa,2.15%,2.41%,6.77%,5.00%,,9.81%,3.65%,,9.58%
2026-09-05 01:00:00,0.0869 Mpa,0.0961 Mpa,0.0677 Mpa,0.221 Mpa,,0.280 Mpa,0.190 Mpa,,0.249 Mpa,2.37%,2.42%,4.67%,3.52%,,9.30%,2.91%,,6.23%
2026-09-05 03:00:00,0.260 Mpa,0.160 Mpa,0.138 Mpa,0.324 Mpa,,0.305 Mpa,0.224 Mpa,,0.267 Mpa,6.95%,3.91%,4.97%,6.21%,,8.04%,2.87%,,6.27%
2026-09-05 05:00:00,0.0900 Mpa,0.113 Mpa,0.225 Mpa,0.264 Mpa,,0.199 Mpa,0.245 Mpa,,0.217 Mpa,1.55%,3.00%,6.27%,5.97%,,7.94%,3.82%,,4.67%
2026-09-05 07:00:00,0.135 Mpa,0.101 Mpa,0.242 Mpa,0.463 Mpa,,0.241 Mpa,0.189 Mpa,,0.171 Mpa,3.11%,2.98%,7.81%,10.7%,,9.52%,2.16%,,3.22%
2026-09-05 09:00:00,0.0760 Mpa,0.146 Mpa,0.467 Mpa,0.554 Mpa,,0.231 Mpa,0.177 Mpa,,0.202 Mpa,1.76%,4.32%,13.4%,13.9%,,8.50%,1.52%,,3.90%
2026-09-05 11:00:00,0.153 Mpa,0.0981 Mpa,0.300 Mpa,0.316 Mpa,,0.195 Mpa,0.223 Mpa,,0.153 Mpa,3.47%,3.01%,9.56%,6.80%,,8.23%,2.68%,,2.31%
2026-09-05 13:00:00,0.222 Mpa,0.191 Mpa,0.376 Mpa,0.601 Mpa,,0.912 Mpa,0.290 Mpa,,0.224 Mpa,5.27%,5.14%,11.0%,15.0%,,27.7%,4.89%,,5.05%
2026-09-05 15:00:00,0.236 Mpa,0.225 Mpa,0.295 Mpa,0.328 Mpa,0 Mpa,,0.182 Mpa,,0.203 Mpa,8.14%,6.74%,9.45%,7.15%,0.746%,,1.30%,,5.93%
2026-09-05 17:00:00,0.123 Mpa,0.221 Mpa,0.254 Mpa,0.392 Mpa,0.000239 Mpa,,0.222 Mpa,,0.844 Mpa,3.50%,6.16%,8.56%,8.32%,0.901%,,2.44%,,21.7%
2026-09-05 19:00:00,0.115 Mpa,0.496 Mpa,0.215 Mpa,0.258 Mpa,,0.298 Mpa,0.203 Mpa,,0.519 Mpa,2.57%,14.4%,6.87%,3.98%,,11.3%,1.78%,,12.2%
2026-09-05 21:00:00,0.151 Mpa,0.431 Mpa,0.215 Mpa,0.209 Mpa,0.000253 Mpa,0.432 Mpa,0.151 Mpa,,0.190 Mpa,3.41%,12.0%,7.00%,2.84%,1.58%,11.9%,1.74%,,3.62%
2026-09-05 23:00:00,0.128 Mpa,0.316 Mpa,0.180 Mpa,0.247 Mpa,0.00942 Mpa,0.368 Mpa,0.224 Mpa,,0.289 Mpa,3.63%,8.74%,5.94%,4.07%,2.42%,11.1%,2.80%,,6.35%
2026-09-06 01:00:00,0.229 Mpa,0.382 Mpa,0.474 Mpa,0.133 Mpa,0.00489 Mpa,0.245 Mpa,0.276 Mpa,,0.344 Mpa,7.87%,11.0%,13.4%,1.19%,1.88%,7.08%,4.46%,,7.15%
2026-09-06 03:00:00,0.197 Mpa,0.638 Mpa,0.195 Mpa,0.199 Mpa,0.0167 Mpa,0.341 Mpa,0.270 Mpa,,0.217 Mpa,5.50%,18.3%,5.57%,2.49%,0.865%,11.9%,4.20%,,4.01%
2026-09-06 05:00:00,0.135 Mpa,0.187 Mpa,0.199 Mpa,0.148 Mpa,,0.274 Mpa,0.245 Mpa,,0.273 Mpa,2.99%,5.52%,7.12%,1.82%,,9.49%,3.74%,,5.52%
2026-09-06 07:00:00,0.460 Mpa,0.181 Mpa,0.494 Mpa,0.201 Mpa,,0.487 Mpa,0.207 Mpa,,0.164 Mpa,11.4%,5.51%,14.0%,3.10%,,13.1%,2.27%,,2.49%
2026-09-06 09:00:00,0.0484 Mpa,0.130 Mpa,0.477 Mpa,0.140 Mpa,0.105 Mpa,0.247 Mpa,0.214 Mpa,,0.166 Mpa,1.15%,3.42%,13.4%,1.70%,3.83%,6.44%,1.97%,,2.88%
2026-09-06 11:00:00,0.174 Mpa,0.218 Mpa,0.381 Mpa,0.265 Mpa,0.00393 Mpa,0.198 Mpa,0.199 Mpa,,0.182 Mpa,3.49%,6.69%,11.6%,4.84%,1.34%,7.77%,2.38%,,3.39%
2026-09-06 13:00:00,0.173 Mpa,0.120 Mpa,0.204 Mpa,0.324 Mpa,0 Mpa,0.262 Mpa,0.184 Mpa,,0.249 Mpa,4.01%,4.28%,8.03%,6.62%,1.19%,4.77%,1.41%,,4.09%
2026-09-06 15:00:00,0.0870 Mpa,0.129 Mpa,0.227 Mpa,0.256 Mpa,0 Mpa,,0.0630 Mpa,,0.212 Mpa,1.46%,3.83%,7.47%,4.10%,1.30%,,0.629%,,6.12%
2026-09-06 17:00:00,0.260 Mpa,0.136 Mpa,0.307 Mpa,0.175 Mpa,0 Mpa,,0.203 Mpa,,0.217 Mpa,5.89%,3.54%,9.04%,2.20%,1.21%,,2.42%,,6.12%
2026-09-06 19:00:00,0.0997 Mpa,0.145 Mpa,0.182 Mpa,0.350 Mpa,,,0.212 Mpa,,0.857 Mpa,2.78%,3.78%,5.78%,6.92%,,,2.04%,,21.3%
2026-09-06 21:00:00,0.123 Mpa,0.162 Mpa,0.198 Mpa,0.422 Mpa,0.00896 Mpa,0.0952 Mpa,0.276 Mpa,,0.633 Mpa,3.28%,4.27%,6.57%,8.60%,1.19%,2.43%,3.25%,,15.2%
2026-09-06 23:00:00,0.203 Mpa,0.188 Mpa,0.244 Mpa,0.220 Mpa,,,0.355 Mpa,,0.181 Mpa,4.56%,4.95%,7.25%,4.11%,,,6.73%,,3.74%
2026-09-07 01:00:00,0.168 Mpa,0.214 Mpa,0.191 Mpa,0.107 Mpa,,,0.216 Mpa,,0.356 Mpa,4.04%,6.23%,6.26%,2.57%,,,2.57%,,8.41%
2026-09-07 03:00:00,0.113 Mpa,0.220 Mpa,0.136 Mpa,0.406 Mpa,,,0.259 Mpa,,0.198 Mpa,2.92%,5.80%,5.42%,9.10%,,,3.98%,,1.76%
2026-09-07 05:00:00,0.169 Mpa,0.247 Mpa,0.195 Mpa,0.193 Mpa,,,0.190 Mpa,,0.165 Mpa,4.07%,6.92%,5.82%,3.34%,,,1.88%,,2.55%
2026-09-07 07:00:00,0.127 Mpa,0.208 Mpa,0.265 Mpa,0.215 Mpa,,,0.200 Mpa,,0.253 Mpa,3.24%,6.16%,7.98%,4.05%,,,2.12%,,4.20%
2026-09-07 09:00:00,0.108 Mpa,0.158 Mpa,0.198 Mpa,0.182 Mpa,,,0.199 Mpa,,0.187 Mpa,2.48%,4.78%,6.79%,3.13%,,,1.95%,,2.74%
2026-09-07 11:00:00,0.279 Mpa,0.246 Mpa,0.369 Mpa,0.249 Mpa,,,0.204 Mpa,,0.210 Mpa,7.11%,7.20%,11.1%,5.12%,,,1.69%,,3.32%
2026-09-07 13:00:00,0.161 Mpa,0.236 Mpa,0.196 Mpa,0.512 Mpa,,,0.199 Mpa,,0.239 Mpa,3.52%,6.79%,6.54%,12.0%,,,1.81%,,5.03%
2026-09-07 15:00:00,0.309 Mpa,0.245 Mpa,0.219 Mpa,0.296 Mpa,0.236 Mpa,,0.152 Mpa,,0.141 Mpa,8.78%,7.20%,7.01%,6.19%,8.57%,,0.836%,,2.13%
2026-09-07 17:00:00,0.167 Mpa,0.172 Mpa,0.194 Mpa,0.138 Mpa,1.07 Mpa,0.335 Mpa,0.204 Mpa,,0.455 Mpa,5.27%,4.81%,6.41%,1.51%,34.5%,9.86%,2.68%,,9.88%
2026-09-07 19:00:00,0.192 Mpa,0.187 Mpa,0.254 Mpa,0.255 Mpa,,0.365 Mpa,0.213 Mpa,,0.213 Mpa,5.79%,5.21%,7.90%,4.15%,,14.4%,2.51%,,4.02%
2026-09-07 21:00:00,0.249 Mpa,0.210 Mpa,0.270 Mpa,0.416 Mpa,,0.325 Mpa,0.218 Mpa,,0.179 Mpa,8.24%,5.64%,8.31%,8.50%,,11.7%,2.13%,,3.28%
2026-09-07 23:00:00,0.303 Mpa,0.404 Mpa,0.174 Mpa,0.299 Mpa,0.124 Mpa,0.389 Mpa,0.303 Mpa,,0.568 Mpa,8.80%,12.2%,5.48%,5.46%,7.74%,13.6%,4.99%,,13.2%
2026-09-08 01:00:00,0.377 Mpa,0.0290 Mpa,0.220 Mpa,0.138 Mpa,0.00130 Mpa,0.351 Mpa,0.241 Mpa,,0.314 Mpa,10.3%,0.114%,7.40%,1.95%,2.73%,11.0%,4.00%,,7.31%
2026-09-08 03:00:00,0.824 Mpa,0.291 Mpa,0.184 Mpa,0.250 Mpa,0.0586 Mpa,0.318 Mpa,0.287 Mpa,,0.191 Mpa,19.7%,9.00%,5.82%,3.97%,4.06%,11.1%,4.99%,,2.56%
2026-09-08 05:00:00,2.39 Mpa,0.175 Mpa,0.183 Mpa,0.149 Mpa,,0.178 Mpa,0.278 Mpa,,0.321 Mpa,61.5%,4.71%,6.92%,2.04%,,11.5%,4.15%,,6.18%
2026-09-08 07:00:00,0 Mpa,0.223 Mpa,0.125 Mpa,0.0976 Mpa,,0.281 Mpa,0.283 Mpa,,0.233 Mpa,3.16%,6.38%,5.41%,0.355%,,12.5%,4.42%,,3.84%
2026-09-08 09:00:00,0.00461 Mpa,0.271 Mpa,0.280 Mpa,0.277 Mpa,0 Mpa,0.230 Mpa,0.343 Mpa,,0.178 Mpa,2.75%,7.87%,8.44%,4.52%,2.40%,12.2%,6.83%,,3.25%
2026-09-08 11:00:00,0.0580 Mpa,0.300 Mpa,0.239 Mpa,0.166 Mpa,0 Mpa,0.267 Mpa,0.284 Mpa,,0.333 Mpa,1.10%,8.46%,7.12%,2.20%,2.01%,12.0%,5.00%,,7.38%
2026-09-08 13:00:00,0.0334 Mpa,0.750 Mpa,0.124 Mpa,0.859 Mpa,0.347 Mpa,0.386 Mpa,0.244 Mpa,,0.231 Mpa,2.01%,21.0%,4.42%,21.5%,11.5%,10.00%,4.26%,,3.37%
2026-09-08 15:00:00,0.0351 Mpa,0.0792 Mpa,0.129 Mpa,0.376 Mpa,0.0980 Mpa,0.295 Mpa,0.197 Mpa,,0.281 Mpa,0.985%,2.05%,4.98%,7.61%,3.28%,7.71%,2.87%,,4.40%
2026-09-08 17:00:00,,0.120 Mpa,0.325 Mpa,0.190 Mpa,0.0655 Mpa,0.199 Mpa,0.292 Mpa,,0.181 Mpa,,3.37%,10.2%,3.92%,2.87%,6.11%,4.80%,,2.51%
2026-09-08 19:00:00,,0.172 Mpa,0.307 Mpa,0.154 Mpa,0.0276 Mpa,0.215 Mpa,0.258 Mpa,,0.192 Mpa,,5.50%,9.84%,2.66%,2.17%,5.65%,2.90%,,2.93%
2026-09-08 21:00:00,0.0139 Mpa,0.200 Mpa,0.256 Mpa,0.174 Mpa,0.0279 Mpa,0.223 Mpa,0.263 Mpa,,0.191 Mpa,1.44%,6.18%,8.52%,3.03%,2.43%,9.10%,4.00%,,4.20%
2026-09-08 23:00:00,,0.269 Mpa,0.202 Mpa,0.0939 Mpa,0.112 Mpa,0.208 Mpa,0.263 Mpa,,0.187 Mpa,,8.60%,6.71%,0.931%,4.24%,8.63%,4.60%,,4.15%
2026-09-09 01:00:00,0.136 Mpa,0.255 Mpa,0.149 Mpa,0.136 Mpa,0.0581 Mpa,0.231 Mpa,0.534 Mpa,,0.287 Mpa,3.10%,8.18%,4.64%,2.00%,2.36%,8.37%,11.7%,,6.40%
2026-09-09 03:00:00,,0.176 Mpa,0.251 Mpa,0.0667 Mpa,0.143 Mpa,0.256 Mpa,0.314 Mpa,,0.246 Mpa,,5.69%,7.97%,0.0902%,4.97%,10.4%,5.93%,,4.83%
2026-09-09 05:00:00,,0.207 Mpa,0.193 Mpa,0.130 Mpa,0.156 Mpa,0.288 Mpa,0.273 Mpa,,0.206 Mpa,,6.49%,6.01%,1.40%,5.20%,13.3%,5.05%,,3.77%
2026-09-09 07:00:00,,0.265 Mpa,0.194 Mpa,0.212 Mpa,0.216 Mpa,0.404 Mpa,0.323 Mpa,,0.257 Mpa,,7.52%,6.49%,2.94%,7.23%,15.9%,5.92%,,4.52%
2026-09-09 09:00:00,0 Mpa,0.156 Mpa,,0.210 Mpa,0.0921 Mpa,0.240 Mpa,0.276 Mpa,,0.245 Mpa,0%,4.21%,,2.92%,3.16%,12.0%,6.57%,,2.98%
2026-09-09 11:00:00,0.270 Mpa,0.177 Mpa,0.421 Mpa,0.303 Mpa,0.141 Mpa,0.246 Mpa,0.259 Mpa,,0.243 Mpa,7.45%,5.32%,9.76%,6.43%,5.23%,13.4%,5.19%,,2.67%
2026-09-09 13:00:00,,0.345 Mpa,0.156 Mpa,0.184 Mpa,0.0315 Mpa,0.375 Mpa,0.250 Mpa,,0.294 Mpa,,10.1%,5.18%,2.40%,1.01%,14.6%,4.43%,,5.04%
2026-09-09 15:00:00,0.0128 Mpa,0.372 Mpa,0.159 Mpa,0.203 Mpa,0.0268 Mpa,0.229 Mpa,0.415 Mpa,,0.240 Mpa,0.869%,10.9%,5.08%,2.97%,1.35%,11.2%,7.49%,,3.85%
2026-09-09 17:00:00,,0.215 Mpa,0.208 Mpa,0.134 Mpa,0.105 Mpa,0.191 Mpa,0.292 Mpa,,0.0970 Mpa,,5.72%,7.19%,1.86%,3.75%,8.39%,4.75%,,2.75%
2026-09-09 19:00:00,,0.112 Mpa,0.194 Mpa,0.191 Mpa,0.199 Mpa,0.193 Mpa,0.265 Mpa,,,,3.13%,6.68%,3.52%,6.58%,7.16%,3.70%,,
2026-09-09 21:00:00,0.0106 Mpa,0.171 Mpa,0.351 Mpa,0.124 Mpa,0.192 Mpa,0.220 Mpa,0.267 Mpa,,0.0988 Mpa,1.16%,5.08%,10.2%,1.02%,6.07%,6.26%,3.51%,,3.61%
2026-09-09 23:00:00,,0.0260 Mpa,0.238 Mpa,0.180 Mpa,0.0841 Mpa,0.248 Mpa,0.291 Mpa,,,,1.85%,7.66%,2.72%,3.51%,6.82%,4.72%,,
2026-09-10 01:00:00,,0.327 Mpa,0.174 Mpa,0.424 Mpa,0.0820 Mpa,0.638 Mpa,0.176 Mpa,,0.0962 Mpa,,9.26%,6.04%,9.10%,3.66%,17.7%,2.23%,,3.93%
2026-09-10 03:00:00,,0.472 Mpa,0.237 Mpa,0.198 Mpa,0.0627 Mpa,0.228 Mpa,0.212 Mpa,,0.0958 Mpa,,13.1%,7.40%,2.82%,2.46%,6.24%,1.87%,,3.75%
2026-09-10 05:00:00,,0.333 Mpa,0.184 Mpa,0.331 Mpa,0.162 Mpa,0.213 Mpa,0.258 Mpa,,,,9.45%,6.51%,6.49%,6.26%,6.79%,4.43%,,
2026-09-10 07:00:00,,0.178 Mpa,0.143 Mpa,0.172 Mpa,0.0843 Mpa,0.205 Mpa,0.273 Mpa,,,,5.58%,5.07%,2.36%,3.18%,5.66%,4.05%,,
2026-09-10 09:00:00,,,0.260 Mpa,0.202 Mpa,0.146 Mpa,0.335 Mpa,0.401 Mpa,,,,,8.64%,3.09%,6.41%,10.4%,7.62%,,
2026-09-10 11:00:00,,0.0285 Mpa,0.303 Mpa,0.513 Mpa,0.185 Mpa,0.340 Mpa,1.17 Mpa,,,,0.779%,8.63%,12.2%,7.14%,8.26%,31.9%,,
2026-09-10 13:00:00,,0.0239 Mpa,0.130 Mpa,0.360 Mpa,0.385 Mpa,0.175 Mpa,,,,,0%,4.80%,7.49%,12.7%,4.93%,,,
2026-09-10 15:00:00,,0.0240 Mpa,0.194 Mpa,0.129 Mpa,0.251 Mpa,0.234 Mpa,,,,,0%,7.08%,1.19%,8.31%,6.94%,,,
2026-09-10 17:00:00,,0.139 Mpa,0.122 Mpa,0.242 Mpa,0.181 Mpa,0.189 Mpa,0.191 Mpa,,,,3.78%,4.98%,4.45%,6.08%,10.1%,1.76%,,
2026-09-10 19:00:00,,0.278 Mpa,0.128 Mpa,0.119 Mpa,0.183 Mpa,0.226 Mpa,0.288 Mpa,,,,7.81%,5.10%,0.408%,5.56%,9.77%,4.13%,,
2026-09-10 21:00:00,,0.177 Mpa,0.159 Mpa,0.130 Mpa,0.108 Mpa,0.203 Mpa,0.332 Mpa,,,,5.18%,5.42%,1.04%,3.29%,10.7%,5.33%,,
2026-09-10 23:00:00,,0.252 Mpa,0.133 Mpa,0.147 Mpa,0.102 Mpa,0.202 Mpa,0.271 Mpa,,,,6.76%,5.20%,1.46%,3.61%,8.83%,3.82%,,
2026-09-11 01:00:00,,0.133 Mpa,0.161 Mpa,0.122 Mpa,0.145 Mpa,0.198 Mpa,0.253 Mpa,,,,3.58%,5.43%,0.990%,5.70%,7.48%,3.94%,,
2026-09-11 03:00:00,0.00415 Mpa,0.175 Mpa,0.199 Mpa,0.196 Mpa,0.393 Mpa,0.228 Mpa,0.417 Mpa,,0.102 Mpa,1.52%,4.83%,6.39%,2.87%,12.6%,4.24%,7.93%,,2.26%
2026-09-11 05:00:00,,0.180 Mpa,0.229 Mpa,0.189 Mpa,0.257 Mpa,0.210 Mpa,0.236 Mpa,,,,5.34%,7.29%,3.28%,9.56%,5.60%,4.13%,,
2026-09-11 07:00:00,,0.260 Mpa,0.207 Mpa,0.337 Mpa,0.122 Mpa,0.200 Mpa,0.234 Mpa,,,,8.23%,7.48%,6.74%,3.79%,5.63%,3.56%,,
2026-09-11 09:00:00,0.328 Mpa,0.216 Mpa,0.406 Mpa,0.218 Mpa,0.199 Mpa,0.319 Mpa,0.245 Mpa,,,8.28%,6.33%,13.0%,3.28%,7.15%,8.48%,3.88%,,
2026-09-11 11:00:00,0.0636 Mpa,0.137 Mpa,0.229 Mpa,0.278 Mpa,0.130 Mpa,0.333 Mpa,0.386 Mpa,,0.181 Mpa,3.26%,4.28%,7.17%,4.88%,4.44%,8.70%,8.23%,,2.18%
2026-09-11 13:00:00,0 Mpa,0.138 Mpa,0.226 Mpa,0.290 Mpa,0.311 Mpa,0.265 Mpa,0.509 Mpa,,0.278 Mpa,2.81%,3.60%,7.40%,5.30%,9.85%,9.11%,12.1%,,4.36%
2026-09-11 15:00:00,0.207 Mpa,0.0856 Mpa,0.204 Mpa,0.272 Mpa,0.00250 Mpa,0.342 Mpa,0.199 Mpa,,0.687 Mpa,5.40%,2.27%,8.01%,4.72%,0%,11.5%,1.75%,,15.7%
2026-09-11 17:00:00,0.0678 Mpa,0.155 Mpa,0.246 Mpa,0.235 Mpa,0.191 Mpa,0.305 Mpa,0.262 Mpa,,0.230 Mpa,2.00%,4.55%,8.33%,3.68%,6.89%,11.6%,3.34%,,4.00%
2026-09-11 19:00:00,0.128 Mpa,0.150 Mpa,0.198 Mpa,0.243 Mpa,0.399 Mpa,0.353 Mpa,0.228 Mpa,,0.327 Mpa,4.52%,4.58%,6.54%,3.96%,12.4%,14.7%,2.12%,,3.76%
2026-09-11 21:00:00,0.230 Mpa,0.138 Mpa,0.265 Mpa,0.226 Mpa,0.0247 Mpa,0.319 Mpa,0.251 Mpa,,0.314 Mpa,6.36%,3.99%,8.27%,3.70%,1.64%,13.8%,3.34%,,1.22%
2026-09-11 23:00:00,0.222 Mpa,0.170 Mpa,0.254 Mpa,0.454 Mpa,0.107 Mpa,0.218 Mpa,0.283 Mpa,,0.437 Mpa,7.55%,5.05%,8.54%,10.1%,4.15%,10.9%,4.73%,,3.48%
2026-09-12 01:00:00,0.215 Mpa,0.218 Mpa,0.129 Mpa,0.293 Mpa,0.0802 Mpa,0.274 Mpa,0.360 Mpa,,0.273 Mpa,7.12%,6.87%,4.27%,5.53%,3.41%,12.4%,6.50%,,4.81%
2026-09-12 03:00:00,0.195 Mpa,0.188 Mpa,0.146 Mpa,0.191 Mpa,0.0975 Mpa,0.242 Mpa,0.267 Mpa,,0.277 Mpa,6.10%,5.61%,5.73%,2.55%,4.29%,7.12%,3.46%,,4.53%
2026-09-12 05:00:00,0.270 Mpa,0.301 Mpa,0.113 Mpa,0.169 Mpa,0.0464 Mpa,0.287 Mpa,0.264 Mpa,,0.187 Mpa,7.25%,8.05%,3.97%,2.01%,2.73%,12.1%,3.69%,,3.04%
2026-09-12 07:00:00,0.0633 Mpa,0.243 Mpa,0.279 Mpa,0.257 Mpa,0.0635 Mpa,0.422 Mpa,0.222 Mpa,,0.171 Mpa,1.21%,6.64%,8.08%,4.40%,2.69%,11.3%,2.50%,,1.45%
2026-09-12 09:00:00,0.141 Mpa,0.334 Mpa,0.0283 Mpa,0.211 Mpa,0.0631 Mpa,0.297 Mpa,0.306 Mpa,,0.244 Mpa,3.86%,9.58%,0.897%,3.25%,2.82%,8.49%,3.98%,,3.39%
2026-09-12 11:00:00,,0.121 Mpa,0.230 Mpa,0.140 Mpa,0.0420 Mpa,0.407 Mpa,0.311 Mpa,,0.272 Mpa,,3.53%,6.57%,1.01%,1.89%,12.9%,4.38%,,4.16%
2026-09-12 13:00:00,0.156 Mpa,0.216 Mpa,0.220 Mpa,0.218 Mpa,0.250 Mpa,0.556 Mpa,,,0.324 Mpa,4.37%,6.76%,7.37%,3.33%,8.30%,17.7%,,,6.41%
2026-09-12 15:00:00,0.354 Mpa,0.230 Mpa,0.229 Mpa,0.569 Mpa,0.112 Mpa,0.223 Mpa,0.273 Mpa,,0.511 Mpa,8.59%,6.69%,7.79%,13.4%,5.61%,8.40%,2.39%,,11.4%
2026-09-12 17:00:00,0.242 Mpa,0.182 Mpa,0.176 Mpa,0.192 Mpa,0.0819 Mpa,0.299 Mpa,0.253 Mpa,,0.362 Mpa,6.44%,5.28%,6.75%,2.82%,4.41%,11.0%,2.87%,,7.16%
2026-09-12 19:00:00,0.00765 Mpa,0.198 Mpa,0.146 Mpa,0.208 Mpa,0.0589 Mpa,0.244 Mpa,0.269 Mpa,,0.232 Mpa,1.16%,5.81%,5.85%,3.44%,3.06%,7.71%,5.05%,,3.81%
2026-09-12 21:00:00,0.273 Mpa,0.0240 Mpa,0.189 Mpa,0.205 Mpa,0.217 Mpa,0.279 Mpa,0.266 Mpa,,0.339 Mpa,7.79%,1.95%,6.79%,3.19%,8.35%,6.51%,5.55%,,6.65%
2026-09-12 23:00:00,0.0633 Mpa,0.0269 Mpa,0.259 Mpa,0.223 Mpa,0.0838 Mpa,0.264 Mpa,0.237 Mpa,,0.231 Mpa,1.81%,1.86%,6.92%,3.61%,4.15%,5.93%,3.33%,,3.44%
2026-09-13 01:00:00,0.138 Mpa,0.0373 Mpa,0.120 Mpa,0.230 Mpa,0.0705 Mpa,0.354 Mpa,0.247 Mpa,,0.317 Mpa,4.16%,0.437%,4.40%,3.81%,3.63%,6.67%,3.78%,,5.49%
2026-09-13 03:00:00,0.364 Mpa,0.0736 Mpa,0.171 Mpa,0.169 Mpa,0.191 Mpa,0.250 Mpa,0.244 Mpa,,0.171 Mpa,10.1%,1.99%,5.07%,2.32%,6.85%,4.57%,3.09%,,3.10%
2026-09-13 05:00:00,0.393 Mpa,0.239 Mpa,0.190 Mpa,0.337 Mpa,0.176 Mpa,0.345 Mpa,0.306 Mpa,,0.386 Mpa,10.2%,6.26%,7.15%,6.41%,5.67%,8.92%,4.95%,,9.32%
2026-09-13 07:00:00,0.251 Mpa,0.249 Mpa,0.314 Mpa,0.256 Mpa,0.152 Mpa,0.326 Mpa,0.231 Mpa,,0.473 Mpa,6.43%,7.23%,9.78%,4.31%,5.44%,10.3%,1.31%,,9.42%
2026-09-13 09:00:00,0.472 Mpa,0.211 Mpa,0.179 Mpa,0.194 Mpa,0.144 Mpa,0.477 Mpa,0.300 Mpa,,0.550 Mpa,12.1%,6.01%,5.90%,2.51%,5.72%,14.3%,3.99%,,11.4%
2026-09-13 11:00:00,0.312 Mpa,0.190 Mpa,0.156 Mpa,0.234 Mpa,0.0957 Mpa,0.375 Mpa,0.245 Mpa,,0.453 Mpa,7.78%,5.35%,5.87%,3.58%,3.50%,10.9%,2.12%,,9.74%
2026-09-13 13:00:00,0.217 Mpa,0.242 Mpa,0.154 Mpa,0.172 Mpa,0.00748 Mpa,0.323 Mpa,0.217 Mpa,,0.404 Mpa,5.21%,6.71%,6.13%,2.33%,1.67%,7.11%,2.39%,,6.58%
2026-09-13 15:00:00,0.405 Mpa,0.197 Mpa,0.129 Mpa,0.316 Mpa,0.0905 Mpa,0.323 Mpa,0.238 Mpa,,0.485 Mpa,10.8%,5.59%,5.41%,6.59%,3.96%,9.70%,2.43%,,9.59%
2026-09-13 17:00:00,0.161 Mpa,0.200 Mpa,0.167 Mpa,0.169 Mpa,0.118 Mpa,0.508 Mpa,0.244 Mpa,,0.154 Mpa,5.00%,6.00%,5.88%,2.46%,4.21%,14.7%,3.16%,,2.56%
2026-09-13 19:00:00,0.147 Mpa,0.254 Mpa,0.217 Mpa,0.155 Mpa,0.135 Mpa,0.219 Mpa,0.291 Mpa,,0.175 Mpa,3.43%,7.43%,6.85%,1.76%,5.46%,7.14%,4.30%,,4.04%
2026-09-13 21:00:00,0.134 Mpa,0.265 Mpa,0.149 Mpa,0.177 Mpa,0.0920 Mpa,0.242 Mpa,0.247 Mpa,,0.269 Mpa,3.15%,8.00%,6.13%,2.17%,5.06%,5.55%,3.49%,,5.77%
2026-09-13 23:00:00,0.120 Mpa,0.0341 Mpa,0.0865 Mpa,0.0820 Mpa,0.109 Mpa,0.298 Mpa,0.250 Mpa,,,3.45%,1.93%,3.13%,1.61%,5.03%,7.86%,3.46%,,
2026-09-14 01:00:00,0.165 Mpa,0.102 Mpa,0.271 Mpa,0.212 Mpa,0.125 Mpa,0.293 Mpa,0.270 Mpa,,,4.74%,3.33%,8.29%,3.35%,5.43%,9.85%,3.67%,,
2026-09-14 03:00:00,0.198 Mpa,0.137 Mpa,0.274 Mpa,0.191 Mpa,0.0708 Mpa,0.437 Mpa,0.487 Mpa,,,5.87%,4.34%,7.89%,2.49%,3.45%,11.3%,9.56%,,
2026-09-14 05:00:00,0.170 Mpa,0.166 Mpa,0.220 Mpa,0.379 Mpa,0.130 Mpa,0.348 Mpa,0.340 Mpa,,,5.26%,3.90%,6.47%,8.27%,5.91%,8.90%,5.92%,,
2026-09-14 07:00:00,0.155 Mpa,0.142 Mpa,0.155 Mpa,0.221 Mpa,0.0539 Mpa,0.235 Mpa,0.316 Mpa,,,4.32%,3.73%,5.44%,5.03%,2.80%,8.13%,4.76%,,
2026-09-14 09:00:00,0.412 Mpa,0.405 Mpa,0.302 Mpa,0.209 Mpa,0.0185 Mpa,0.262 Mpa,0.295 Mpa,,,10.6%,12.2%,9.28%,5.91%,2.34%,7.70%,3.79%,,
2026-09-14 11:00:00,0.300 Mpa,0.566 Mpa,0.101 Mpa,0.218 Mpa,0.0257 Mpa,0.268 Mpa,0.243 Mpa,,,8.03%,16.9%,3.64%,7.11%,1.64%,9.19%,2.87%,,
2026-09-14 13:00:00,0.207 Mpa,0.438 Mpa,,0.188 Mpa,0.0247 Mpa,0.356 Mpa,0.485 Mpa,,,4.58%,13.2%,,4.72%,1.32%,9.94%,9.65%,,
2026-09-14 15:00:00,0.141 Mpa,0.328 Mpa,0.150 Mpa,0.210 Mpa,0.0372 Mpa,0.236 Mpa,0.248 Mpa,,,4.96%,9.75%,5.25%,3.25%,3.13%,9.71%,2.27%,,
2026-09-14 17:00:00,0.296 Mpa,0.236 Mpa,0.158 Mpa,0.199 Mpa,0.0862 Mpa,0.239 Mpa,0.239 Mpa,,,7.81%,6.52%,5.78%,3.02%,4.43%,9.88%,3.10%,,
2026-09-14 19:00:00,0.426 Mpa,0.143 Mpa,0.194 Mpa,0.283 Mpa,0.0930 Mpa,0.203 Mpa,0.306 Mpa,,,11.3%,4.15%,6.01%,5.53%,4.62%,8.78%,5.75%,,
2026-09-14 21:00:00,0.196 Mpa,0.199 Mpa,0.136 Mpa,0.153 Mpa,0.0535 Mpa,0.272 Mpa,0.291 Mpa,,,5.55%,5.80%,4.65%,2.20%,3.13%,6.83%,5.30%,,
2026-09-14 23:00:00,0.267 Mpa,0.0240 Mpa,0.218 Mpa,0.241 Mpa,0.193 Mpa,0.173 Mpa,0.349 Mpa,,,7.25%,2.22%,7.45%,3.99%,7.22%,4.58%,6.50%,,
2026-09-15 01:00:00,0.470 Mpa,0.0439 Mpa,0.441 Mpa,0.275 Mpa,0.215 Mpa,0.176 Mpa,0.255 Mpa,,,13.3%,1.23%,12.7%,5.09%,8.22%,6.72%,3.36%,,
2026-09-15 03:00:00,0.442 Mpa,0.390 Mpa,0.290 Mpa,0.0864 Mpa,0.147 Mpa,0.209 Mpa,0.241 Mpa,,,13.0%,11.4%,8.53%,0.651%,5.26%,4.67%,3.96%,,
2026-09-15 05:00:00,0.0964 Mpa,0.0916 Mpa,0.311 Mpa,0.200 Mpa,0.0550 Mpa,0.222 Mpa,0.337 Mpa,,,2.69%,3.02%,9.23%,3.43%,1.90%,10.2%,6.64%,,
2026-09-15 07:00:00,0.180 Mpa,0.278 Mpa,0.253 Mpa,0.285 Mpa,0.282 Mpa,0.181 Mpa,0.169 Mpa,,,4.03%,8.97%,8.11%,5.24%,10.1%,8.57%,1.92%,,
2026-09-15 09:00:00,0.267 Mpa,0.393 Mpa,0.230 Mpa,0.271 Mpa,0.495 Mpa,0.391 Mpa,0.190 Mpa,,,6.46%,13.3%,7.81%,5.58%,15.9%,11.6%,2.18%,,

