"Time","P_BW - I45","P_BW - I49","P_BW - I50","P_BW - I52","P_BW - I53","P_BW - I54","P_BW - I55","P_BW - I56","P_BW - I57","P_BW - I58","%BW - I45","%BW - I49","%BW - I50","%BW - I52","%BW - I53","%BW - I54","%BW - I55","%BW - I56","%BW - I57","%BW - I58"
2026-06-17 09:00:00,0.0545 Mpa,0.0488 Mpa,0.00274 Mpa,0.105 Mpa,0.0815 Mpa,0.296 Mpa,0.225 Mpa,0.0797 Mpa,0.212 Mpa,,1.47%,2.19%,0%,3.18%,3.51%,8.65%,9.38%,2.40%,6.66%,
2026-06-17 11:00:00,0.0399 Mpa,0.0884 Mpa,0.126 Mpa,0.0488 Mpa,0.0645 Mpa,0.448 Mpa,0.118 Mpa,0.164 Mpa,0.202 Mpa,,1.26%,3.30%,3.89%,1.49%,2.31%,13.0%,6.82%,5.01%,6.18%,
2026-06-17 13:00:00,0.0858 Mpa,0.0474 Mpa,0.0130 Mpa,0.0641 Mpa,0.0802 Mpa,0.457 Mpa,0.0989 Mpa,0.0645 Mpa,0.225 Mpa,,2.94%,2.31%,0%,2.00%,2.74%,14.1%,5.61%,2.33%,6.84%,
2026-06-17 15:00:00,0.115 Mpa,0.0358 Mpa,0.106 Mpa,0.0733 Mpa,0.0559 Mpa,0.274 Mpa,0.0695 Mpa,0.0653 Mpa,0.254 Mpa,,4.39%,1.87%,2.93%,2.12%,1.83%,8.23%,4.35%,2.04%,7.60%,
2026-06-17 17:00:00,0.0634 Mpa,0.198 Mpa,0.0893 Mpa,0.116 Mpa,0.0835 Mpa,0.0593 Mpa,0.120 Mpa,0.0473 Mpa,0.270 Mpa,,2.06%,7.20%,2.57%,3.42%,2.90%,1.94%,6.38%,1.46%,8.25%,
2026-06-17 19:00:00,0.0664 Mpa,0.196 Mpa,0.0853 Mpa,0.173 Mpa,0.133 Mpa,0.258 Mpa,0.0770 Mpa,0.140 Mpa,0.267 Mpa,,2.28%,6.71%,2.42%,5.22%,4.72%,6.97%,5.37%,4.09%,8.28%,
2026-06-17 21:00:00,0.0984 Mpa,0.0882 Mpa,0.0525 Mpa,0.0797 Mpa,0.112 Mpa,0.337 Mpa,0.135 Mpa,0.109 Mpa,0.166 Mpa,,3.53%,3.59%,1.90%,2.64%,3.98%,9.33%,6.85%,3.38%,5.11%,
2026-06-17 23:00:00,0.179 Mpa,0.210 Mpa,0.126 Mpa,0.0684 Mpa,0.130 Mpa,0.189 Mpa,0.0579 Mpa,0.0904 Mpa,0.107 Mpa,,7.14%,7.13%,3.61%,2.24%,4.81%,5.24%,4.54%,2.67%,3.43%,
2026-06-18 01:00:00,0.199 Mpa,0.199 Mpa,0.108 Mpa,0.0531 Mpa,0.0582 Mpa,0.126 Mpa,0.0551 Mpa,0.281 Mpa,0.0756 Mpa,,7.10%,7.01%,3.18%,1.61%,2.19%,3.41%,4.96%,8.18%,1.82%,
2026-06-18 03:00:00,0.265 Mpa,0.0524 Mpa,0.234 Mpa,0.0787 Mpa,0.181 Mpa,0.197 Mpa,0.142 Mpa,0.190 Mpa,0.130 Mpa,,7.77%,2.40%,7.34%,2.46%,6.65%,5.12%,6.87%,5.41%,3.59%,
2026-06-18 05:00:00,0.0759 Mpa,0.113 Mpa,0.0588 Mpa,0.0284 Mpa,0.0514 Mpa,0.120 Mpa,0.0940 Mpa,0.128 Mpa,0.123 Mpa,,2.19%,4.31%,2.24%,0.750%,1.84%,2.86%,6.09%,3.82%,3.56%,
2026-06-18 07:00:00,0.134 Mpa,0.0749 Mpa,0.119 Mpa,0.116 Mpa,0.185 Mpa,0.308 Mpa,0.166 Mpa,0.0923 Mpa,0.0862 Mpa,,4.36%,3.15%,4.01%,3.46%,6.18%,8.44%,7.46%,3.30%,2.62%,
2026-06-18 09:00:00,0.0814 Mpa,0.0685 Mpa,0.0617 Mpa,0.162 Mpa,0.164 Mpa,0.209 Mpa,0.126 Mpa,0.0356 Mpa,0.0977 Mpa,,2.60%,3.04%,2.43%,4.83%,5.58%,5.55%,6.26%,0.971%,2.62%,
2026-06-18 11:00:00,0.0480 Mpa,0.0736 Mpa,0.0459 Mpa,0.0557 Mpa,0.126 Mpa,0.435 Mpa,0.0815 Mpa,0.0370 Mpa,0.0452 Mpa,,1.49%,3.01%,1.34%,1.73%,4.75%,12.2%,3.96%,1.04%,1.22%,
2026-06-18 13:00:00,0.135 Mpa,0.185 Mpa,0.172 Mpa,0.0480 Mpa,0.159 Mpa,0.138 Mpa,0.278 Mpa,0.116 Mpa,0.119 Mpa,,3.99%,7.10%,5.35%,1.53%,5.85%,2.99%,8.64%,3.45%,3.36%,
2026-06-18 15:00:00,0.0670 Mpa,0.0782 Mpa,0.0573 Mpa,0.158 Mpa,0.126 Mpa,0.0829 Mpa,,0.0175 Mpa,0.1000 Mpa,,1.85%,3.41%,1.61%,4.76%,5.06%,1.27%,,0.371%,2.67%,
2026-06-18 17:00:00,0.156 Mpa,0.0604 Mpa,0.0860 Mpa,0.0860 Mpa,0.0788 Mpa,0.131 Mpa,,0.103 Mpa,0.119 Mpa,,4.53%,2.73%,2.34%,2.49%,3.01%,3.21%,,2.83%,3.21%,
2026-06-18 19:00:00,0.0735 Mpa,0.0272 Mpa,0.117 Mpa,0.109 Mpa,0.0905 Mpa,0.300 Mpa,,0.0935 Mpa,0.0375 Mpa,,2.06%,2.16%,3.79%,3.49%,3.46%,8.70%,,2.92%,0.680%,
2026-06-18 21:00:00,0.0502 Mpa,0.0798 Mpa,0.130 Mpa,0.0881 Mpa,0.101 Mpa,0.374 Mpa,0.197 Mpa,0.141 Mpa,0.0849 Mpa,,1.34%,3.18%,3.79%,2.76%,3.80%,10.8%,7.14%,4.32%,2.27%,
2026-06-18 23:00:00,0.183 Mpa,0.0591 Mpa,0.0648 Mpa,0.0879 Mpa,0.172 Mpa,0.240 Mpa,0.00800 Mpa,0.150 Mpa,0.180 Mpa,,5.76%,3.14%,1.76%,3.10%,5.94%,6.26%,2.40%,4.69%,5.09%,
2026-06-19 01:00:00,0.0734 Mpa,0.0747 Mpa,0.127 Mpa,0.0137 Mpa,0.133 Mpa,0.0351 Mpa,,0.154 Mpa,0.184 Mpa,,2.04%,3.51%,3.53%,0.495%,4.92%,0%,,5.38%,5.38%,
2026-06-19 03:00:00,0.224 Mpa,0.0737 Mpa,0.127 Mpa,0.102 Mpa,0.0558 Mpa,0.173 Mpa,,0.203 Mpa,0.140 Mpa,,6.41%,2.77%,4.35%,3.03%,1.85%,4.43%,,6.02%,3.81%,
2026-06-19 05:00:00,0.0912 Mpa,0.0464 Mpa,0.0185 Mpa,0.0768 Mpa,0.0866 Mpa,0.0807 Mpa,,0.111 Mpa,0.198 Mpa,,2.64%,2.03%,1.97%,2.40%,3.41%,1.71%,,3.10%,5.83%,
2026-06-19 07:00:00,0.108 Mpa,0.0699 Mpa,0.0914 Mpa,0.102 Mpa,0.180 Mpa,0.122 Mpa,,0.0926 Mpa,0.0739 Mpa,,3.20%,2.61%,3.00%,3.03%,6.61%,2.76%,,2.78%,2.19%,
2026-06-19 09:00:00,0.0871 Mpa,0.101 Mpa,0.191 Mpa,0.143 Mpa,0.0285 Mpa,0.101 Mpa,,0.0747 Mpa,0.136 Mpa,,2.59%,3.99%,5.80%,4.30%,1.22%,2.03%,,2.35%,3.78%,
2026-06-19 11:00:00,0.124 Mpa,0.125 Mpa,0.0705 Mpa,0.0863 Mpa,0.155 Mpa,0.138 Mpa,,0.0764 Mpa,0.111 Mpa,,3.71%,4.85%,2.19%,2.74%,5.97%,2.91%,,2.44%,3.27%,
2026-06-19 13:00:00,0.0183 Mpa,0.115 Mpa,0.0726 Mpa,0.141 Mpa,0 Mpa,0.0828 Mpa,,0.0817 Mpa,0.0974 Mpa,,0.477%,4.46%,2.26%,4.34%,0%,1.61%,,2.39%,2.83%,
2026-06-19 15:00:00,0.0989 Mpa,0.108 Mpa,0.0371 Mpa,0.0815 Mpa,0.0621 Mpa,0.117 Mpa,,0.391 Mpa,0.100 Mpa,,2.66%,4.22%,1.74%,2.52%,2.45%,2.68%,,11.7%,3.12%,
2026-06-19 17:00:00,0.146 Mpa,0.197 Mpa,0.140 Mpa,0.0887 Mpa,0.101 Mpa,0.167 Mpa,0 Mpa,0.0465 Mpa,0.0663 Mpa,,4.16%,7.04%,4.52%,2.88%,3.96%,4.53%,2.40%,1.45%,1.92%,
2026-06-19 19:00:00,0.168 Mpa,0.0336 Mpa,0.0644 Mpa,0.0900 Mpa,0.160 Mpa,0.129 Mpa,0.00195 Mpa,0.0692 Mpa,,,4.69%,1.22%,2.35%,2.95%,5.67%,3.24%,2.39%,2.01%,,
2026-06-19 21:00:00,0.0918 Mpa,0.109 Mpa,0.0223 Mpa,0.0805 Mpa,0.0747 Mpa,0.190 Mpa,0.00649 Mpa,0.104 Mpa,,,2.65%,4.00%,0.500%,2.52%,2.55%,5.41%,1.80%,3.15%,,
2026-06-19 23:00:00,0.0891 Mpa,0.104 Mpa,0.0360 Mpa,0.0927 Mpa,0.0634 Mpa,0.228 Mpa,0.224 Mpa,0.123 Mpa,0.108 Mpa,,2.55%,4.50%,1.22%,2.78%,2.12%,6.23%,8.38%,3.86%,3.55%,
2026-06-20 01:00:00,0.171 Mpa,0.136 Mpa,0.00686 Mpa,0.0374 Mpa,0.0928 Mpa,0.130 Mpa,0.123 Mpa,0.0523 Mpa,0.0833 Mpa,,5.13%,5.13%,0.143%,1.15%,2.79%,2.60%,6.65%,2.17%,2.36%,
2026-06-20 03:00:00,0.265 Mpa,0.0827 Mpa,0.0420 Mpa,0.0512 Mpa,0.0887 Mpa,0.158 Mpa,0.117 Mpa,0.0453 Mpa,0.204 Mpa,,8.23%,3.21%,1.22%,1.54%,2.98%,3.92%,5.66%,1.38%,5.87%,
2026-06-20 05:00:00,0.163 Mpa,0.205 Mpa,0.107 Mpa,0.0444 Mpa,0.113 Mpa,0.243 Mpa,0.282 Mpa,0.0553 Mpa,0.103 Mpa,,4.80%,7.67%,3.39%,1.33%,3.94%,6.47%,10.1%,1.73%,3.05%,
2026-06-20 07:00:00,0.143 Mpa,0.216 Mpa,0.130 Mpa,0.0303 Mpa,0.0563 Mpa,0.101 Mpa,0.314 Mpa,0.0963 Mpa,0.165 Mpa,,4.34%,8.43%,3.96%,0.846%,1.98%,2.27%,11.2%,3.34%,4.58%,
2026-06-20 09:00:00,0.158 Mpa,0.147 Mpa,0.186 Mpa,0.351 Mpa,0.179 Mpa,0.129 Mpa,0.230 Mpa,0.125 Mpa,0.0445 Mpa,,4.67%,7.00%,5.99%,10.1%,6.09%,3.22%,8.95%,3.95%,1.02%,
2026-06-20 11:00:00,0.0864 Mpa,0.215 Mpa,0.222 Mpa,0.216 Mpa,0.144 Mpa,0.216 Mpa,0.477 Mpa,0.0923 Mpa,0.0860 Mpa,,3.15%,8.66%,7.46%,6.23%,4.96%,5.65%,14.9%,3.07%,2.15%,
2026-06-20 13:00:00,0.110 Mpa,0.180 Mpa,0.232 Mpa,0.0858 Mpa,0.232 Mpa,0.0829 Mpa,0.244 Mpa,0.120 Mpa,0.0817 Mpa,,4.13%,6.77%,7.06%,2.55%,8.28%,1.93%,8.51%,3.55%,2.36%,
2026-06-20 15:00:00,0.0439 Mpa,0.0849 Mpa,0.124 Mpa,0.0813 Mpa,0.228 Mpa,0.0811 Mpa,0.142 Mpa,0.137 Mpa,0.113 Mpa,,1.07%,3.54%,3.94%,2.53%,8.40%,1.53%,6.54%,5.43%,3.46%,
2026-06-20 17:00:00,0.110 Mpa,0.0719 Mpa,0.171 Mpa,0.190 Mpa,0.0882 Mpa,0.129 Mpa,0.273 Mpa,0.270 Mpa,0.102 Mpa,,3.21%,3.34%,5.69%,5.58%,3.48%,3.20%,10.0%,8.44%,3.15%,
2026-06-20 19:00:00,0.158 Mpa,0.0734 Mpa,0.0747 Mpa,0.0257 Mpa,0.105 Mpa,0.161 Mpa,0.302 Mpa,0.225 Mpa,0.0747 Mpa,,4.79%,2.60%,2.56%,0.691%,4.88%,4.15%,10.7%,6.64%,2.17%,
2026-06-20 21:00:00,0.0608 Mpa,0.123 Mpa,0.0781 Mpa,0.0464 Mpa,0.111 Mpa,0.0972 Mpa,0.309 Mpa,0.134 Mpa,0.165 Mpa,,1.79%,4.62%,2.25%,1.36%,4.80%,1.86%,11.2%,3.89%,4.76%,
2026-06-20 23:00:00,0.184 Mpa,0.196 Mpa,0.0394 Mpa,0.114 Mpa,0.0473 Mpa,0.107 Mpa,0.125 Mpa,0.0613 Mpa,0.0576 Mpa,,5.49%,6.88%,1.09%,3.39%,2.05%,2.38%,5.94%,1.91%,1.70%,
2026-06-21 01:00:00,0.0141 Mpa,0.136 Mpa,0.00917 Mpa,0.0343 Mpa,0.0587 Mpa,0.113 Mpa,0.119 Mpa,0.161 Mpa,0.157 Mpa,,0%,5.05%,0.813%,0.976%,2.50%,2.45%,6.33%,4.82%,4.56%,
2026-06-21 03:00:00,0.0140 Mpa,0.101 Mpa,0.0997 Mpa,0.00517 Mpa,0.118 Mpa,0.130 Mpa,0.186 Mpa,0.163 Mpa,0.0426 Mpa,,0.0279%,3.46%,3.10%,0.0760%,4.72%,2.94%,7.20%,4.91%,0.989%,
2026-06-21 05:00:00,0.0934 Mpa,0.293 Mpa,0.104 Mpa,0.0982 Mpa,0.138 Mpa,0.162 Mpa,0.168 Mpa,0.188 Mpa,0.134 Mpa,,2.89%,10.0%,3.23%,2.97%,4.92%,4.09%,6.83%,5.51%,3.82%,
2026-06-21 07:00:00,0.108 Mpa,0.195 Mpa,0.125 Mpa,0.0600 Mpa,0.112 Mpa,0.129 Mpa,0.206 Mpa,0.107 Mpa,0.0659 Mpa,,3.54%,7.99%,4.30%,1.75%,3.91%,3.37%,8.11%,3.36%,1.94%,
2026-06-21 09:00:00,0.116 Mpa,0.236 Mpa,0.101 Mpa,0.116 Mpa,0.0702 Mpa,0.130 Mpa,0.365 Mpa,0.0853 Mpa,0.0820 Mpa,,3.80%,9.54%,3.49%,3.56%,2.56%,3.33%,12.4%,2.73%,2.41%,
2026-06-21 11:00:00,0.211 Mpa,0.100 Mpa,0.156 Mpa,0.135 Mpa,0.0333 Mpa,0.351 Mpa,0.181 Mpa,0.0366 Mpa,0.109 Mpa,,6.88%,4.30%,5.65%,3.97%,1.18%,10.2%,7.28%,1.34%,3.45%,
2026-06-21 13:00:00,0.184 Mpa,0.0770 Mpa,,,0 Mpa,,,,0.0809 Mpa,,5.71%,3.39%,,,0%,,,,3.49%,
2026-06-21 15:00:00,0.200 Mpa,0.191 Mpa,,,0 Mpa,0.711 Mpa,,0.0577 Mpa,0.171 Mpa,,6.83%,6.97%,,,0%,20.0%,,1.88%,6.79%,
2026-06-21 17:00:00,0.188 Mpa,0.175 Mpa,,0.0787 Mpa,0.0744 Mpa,0.115 Mpa,0.201 Mpa,0.0813 Mpa,0.153 Mpa,,5.40%,6.33%,,2.33%,3.22%,2.24%,7.78%,2.44%,5.28%,
2026-06-21 19:00:00,0.142 Mpa,0.0685 Mpa,,0.0556 Mpa,0.109 Mpa,0.0817 Mpa,0.432 Mpa,0.0644 Mpa,0.0657 Mpa,,4.30%,3.19%,,1.63%,4.97%,1.34%,13.4%,2.01%,2.00%,
2026-06-21 21:00:00,0.131 Mpa,0.100 Mpa,,0.0523 Mpa,0.103 Mpa,0.138 Mpa,0.536 Mpa,0.112 Mpa,0.0872 Mpa,,3.82%,4.06%,,1.62%,4.03%,3.13%,16.0%,3.68%,2.64%,
2026-06-21 23:00:00,0.178 Mpa,0.0936 Mpa,0 Mpa,0.0575 Mpa,0.183 Mpa,0.105 Mpa,0.247 Mpa,0.0985 Mpa,0 Mpa,,5.36%,3.71%,0%,1.72%,6.93%,2.36%,8.44%,3.09%,0.400%,
2026-06-22 01:00:00,0.207 Mpa,0.144 Mpa,0.238 Mpa,0.0653 Mpa,0.0000350 Mpa,0.188 Mpa,0.1000 Mpa,0.0309 Mpa,0.0420 Mpa,,6.30%,5.44%,8.42%,1.84%,0.00788%,4.91%,5.27%,0.904%,0.998%,
2026-06-22 03:00:00,0.0880 Mpa,0.146 Mpa,0.0237 Mpa,0.0905 Mpa,0.166 Mpa,0.0539 Mpa,0.157 Mpa,0.0615 Mpa,0.104 Mpa,,2.42%,5.04%,0.355%,2.74%,6.37%,0.584%,6.49%,1.79%,2.56%,
2026-06-22 05:00:00,0.144 Mpa,0.0850 Mpa,0.237 Mpa,0.0887 Mpa,0.0972 Mpa,0.127 Mpa,0.134 Mpa,0.178 Mpa,0.151 Mpa,,5.58%,3.99%,7.41%,2.80%,3.37%,2.91%,6.04%,5.46%,4.16%,
2026-06-22 07:00:00,0.0935 Mpa,0.287 Mpa,0.0524 Mpa,0.0945 Mpa,0.368 Mpa,0.156 Mpa,0.121 Mpa,0.121 Mpa,0.0768 Mpa,,3.39%,10.9%,1.66%,3.14%,12.7%,3.79%,5.76%,3.95%,2.12%,
2026-06-22 09:00:00,0.340 Mpa,0.154 Mpa,0.119 Mpa,0.0819 Mpa,0.171 Mpa,0.100 Mpa,0.138 Mpa,0.146 Mpa,0.101 Mpa,,10.2%,6.29%,3.66%,3.16%,6.03%,2.08%,6.17%,4.54%,3.02%,
2026-06-22 11:00:00,1.34 Mpa,0.153 Mpa,0.205 Mpa,0.234 Mpa,0.184 Mpa,0.148 Mpa,0.129 Mpa,0.218 Mpa,0.105 Mpa,,37.0%,6.49%,7.73%,7.67%,6.33%,3.74%,6.01%,6.54%,3.06%,
2026-06-22 13:00:00,0.443 Mpa,0.162 Mpa,0.0251 Mpa,0.0846 Mpa,0.0658 Mpa,0.0989 Mpa,0.0866 Mpa,0.272 Mpa,0.203 Mpa,,13.2%,6.15%,1.56%,2.63%,2.21%,1.96%,4.69%,7.76%,6.43%,
2026-06-22 15:00:00,0.285 Mpa,0.0589 Mpa,0.0906 Mpa,0.0781 Mpa,0.0935 Mpa,0.183 Mpa,0.0880 Mpa,0.251 Mpa,0.152 Mpa,,8.57%,2.78%,5.97%,2.85%,3.54%,4.71%,5.01%,8.90%,4.60%,
2026-06-22 17:00:00,0.163 Mpa,0.212 Mpa,0.112 Mpa,0.0580 Mpa,0.0786 Mpa,0.105 Mpa,0.130 Mpa,0.217 Mpa,0.0997 Mpa,,5.13%,7.24%,4.15%,1.72%,2.83%,2.50%,6.08%,6.81%,2.91%,
2026-06-22 19:00:00,0.282 Mpa,0.100 Mpa,0.229 Mpa,0.129 Mpa,0.115 Mpa,0.0805 Mpa,0.0555 Mpa,0.144 Mpa,0.0631 Mpa,,8.99%,4.03%,7.13%,4.02%,4.39%,1.81%,4.01%,4.27%,1.80%,
2026-06-22 21:00:00,0.335 Mpa,0.0967 Mpa,0.146 Mpa,0.0131 Mpa,0.120 Mpa,0.0240 Mpa,0.148 Mpa,0.0845 Mpa,0.120 Mpa,,9.66%,3.88%,4.61%,0.311%,4.89%,0%,6.49%,2.71%,3.73%,
2026-06-22 23:00:00,0.328 Mpa,0.183 Mpa,0.0873 Mpa,0.0939 Mpa,0.245 Mpa,,0.117 Mpa,0.0691 Mpa,0.0967 Mpa,,9.82%,6.57%,2.49%,2.85%,9.16%,,5.70%,2.05%,2.71%,
2026-06-23 01:00:00,0 Mpa,0.000119 Mpa,0.0669 Mpa,0.0971 Mpa,0.135 Mpa,0.127 Mpa,0.0501 Mpa,0.138 Mpa,0.121 Mpa,,0%,0.450%,1.96%,2.94%,5.25%,2.04%,4.04%,4.01%,3.34%,
2026-06-23 03:00:00,0.138 Mpa,2.29 Mpa,0.0550 Mpa,0.0804 Mpa,0.0313 Mpa,0.177 Mpa,0.218 Mpa,0.0874 Mpa,0.0933 Mpa,,4.10%,65.2%,2.41%,2.36%,1.44%,3.59%,8.86%,2.72%,2.69%,
2026-06-23 05:00:00,0.115 Mpa,0.0739 Mpa,0.0522 Mpa,0.0677 Mpa,0.0828 Mpa,0.126 Mpa,0.126 Mpa,0.0911 Mpa,0.101 Mpa,,3.02%,2.79%,1.37%,2.03%,3.25%,2.60%,6.12%,2.71%,2.82%,
2026-06-23 07:00:00,0.144 Mpa,0.0907 Mpa,0.0378 Mpa,0.0852 Mpa,0.0773 Mpa,0.0958 Mpa,0.112 Mpa,0.0664 Mpa,0.123 Mpa,,4.02%,3.71%,1.21%,2.53%,2.86%,1.80%,5.94%,2.41%,3.42%,
2026-06-23 09:00:00,0.291 Mpa,0.0964 Mpa,0.375 Mpa,0.0806 Mpa,0.0721 Mpa,0.0938 Mpa,0.108 Mpa,0.127 Mpa,0.197 Mpa,,8.80%,3.74%,10.9%,2.53%,2.55%,2.30%,5.55%,3.75%,5.80%,
2026-06-23 11:00:00,0.113 Mpa,0.242 Mpa,0.0638 Mpa,0.0789 Mpa,0.0888 Mpa,0.0929 Mpa,0.131 Mpa,0.192 Mpa,0.154 Mpa,,3.38%,8.38%,1.77%,2.42%,3.22%,2.23%,6.00%,5.58%,4.56%,
2026-06-23 13:00:00,0.0557 Mpa,0.197 Mpa,0.0905 Mpa,0.0837 Mpa,0.0796 Mpa,0.0895 Mpa,0.115 Mpa,0.0505 Mpa,0.101 Mpa,,1.85%,7.07%,2.60%,2.48%,2.98%,1.73%,5.80%,1.41%,3.06%,
2026-06-23 15:00:00,0.181 Mpa,0.176 Mpa,0.0674 Mpa,0.0608 Mpa,0.0716 Mpa,0.217 Mpa,0.0884 Mpa,0.0966 Mpa,0.143 Mpa,,5.85%,6.69%,1.81%,1.85%,2.80%,5.75%,5.11%,2.88%,4.16%,
2026-06-23 17:00:00,0.137 Mpa,0.0588 Mpa,0.196 Mpa,0.0906 Mpa,0.0873 Mpa,0.101 Mpa,0.0940 Mpa,0.205 Mpa,0.145 Mpa,,4.11%,3.13%,6.17%,2.93%,3.07%,3.16%,4.95%,6.65%,4.38%,
2026-06-23 19:00:00,0.136 Mpa,0.139 Mpa,0.189 Mpa,0.0567 Mpa,0.0924 Mpa,0.155 Mpa,0.0416 Mpa,0.213 Mpa,0.113 Mpa,,4.49%,6.69%,5.95%,2.05%,3.09%,3.99%,3.70%,6.75%,3.28%,
2026-06-23 21:00:00,0.0294 Mpa,0.122 Mpa,0.173 Mpa,0.124 Mpa,0.0872 Mpa,0.193 Mpa,0.343 Mpa,0.135 Mpa,0.0813 Mpa,,1.01%,5.87%,5.41%,3.99%,2.91%,4.92%,12.1%,4.50%,2.42%,
2026-06-23 23:00:00,0.240 Mpa,0.175 Mpa,0.132 Mpa,0.126 Mpa,0.107 Mpa,0.222 Mpa,0.0717 Mpa,0.0979 Mpa,0.171 Mpa,,7.22%,7.28%,4.14%,3.84%,3.55%,5.79%,4.97%,3.06%,4.94%,
2026-06-24 01:00:00,0.0780 Mpa,0.0876 Mpa,0.157 Mpa,0.0564 Mpa,0.0918 Mpa,0.373 Mpa,0.0469 Mpa,0.0403 Mpa,0.343 Mpa,,2.56%,3.90%,5.32%,1.79%,3.12%,10.4%,4.00%,1.37%,10.1%,
2026-06-24 03:00:00,0.151 Mpa,0.252 Mpa,0.0670 Mpa,0.0421 Mpa,0.0967 Mpa,0.143 Mpa,0.176 Mpa,0.0940 Mpa,0.171 Mpa,,4.71%,8.87%,1.83%,1.69%,3.39%,3.17%,6.62%,2.88%,5.60%,
2026-06-24 05:00:00,0.211 Mpa,0.0858 Mpa,0.167 Mpa,0.0499 Mpa,0.218 Mpa,0.0944 Mpa,0.0882 Mpa,0.0867 Mpa,0.129 Mpa,,6.58%,3.66%,5.19%,1.89%,7.46%,1.61%,4.83%,2.60%,3.90%,
2026-06-24 07:00:00,0.112 Mpa,0.149 Mpa,0.0657 Mpa,0.103 Mpa,0.0929 Mpa,0.227 Mpa,0.198 Mpa,0.0566 Mpa,0.144 Mpa,,3.24%,5.67%,2.06%,3.12%,3.33%,5.62%,8.15%,1.69%,4.24%,
2026-06-24 09:00:00,0.195 Mpa,0.182 Mpa,0.0707 Mpa,0.146 Mpa,0.113 Mpa,0.114 Mpa,0.208 Mpa,0.150 Mpa,0.144 Mpa,,5.71%,6.38%,1.94%,4.77%,4.18%,2.02%,8.26%,4.59%,4.24%,
2026-06-24 11:00:00,0.215 Mpa,0.280 Mpa,0.0951 Mpa,0.110 Mpa,0.100 Mpa,0.0647 Mpa,0.0703 Mpa,0.142 Mpa,0.121 Mpa,,6.43%,9.55%,2.93%,3.31%,3.55%,1.12%,4.48%,4.13%,3.51%,
2026-06-24 13:00:00,0.289 Mpa,0.0672 Mpa,0.0866 Mpa,0.177 Mpa,0.179 Mpa,0.0819 Mpa,0.238 Mpa,0.505 Mpa,0.0744 Mpa,,8.39%,2.84%,2.56%,5.40%,7.38%,1.72%,9.26%,15.6%,1.94%,
2026-06-24 15:00:00,0.139 Mpa,0.0558 Mpa,0.0594 Mpa,0.176 Mpa,0.106 Mpa,0.0821 Mpa,0.168 Mpa,0.0641 Mpa,0.131 Mpa,,4.10%,2.64%,1.56%,5.51%,4.24%,1.55%,7.68%,1.79%,3.95%,
2026-06-24 17:00:00,0.115 Mpa,0.174 Mpa,0.137 Mpa,0.132 Mpa,0.236 Mpa,0.0753 Mpa,0.125 Mpa,0.0966 Mpa,0.0980 Mpa,,3.84%,6.42%,4.39%,4.28%,8.51%,1.56%,6.17%,2.94%,2.95%,
2026-06-24 19:00:00,0.121 Mpa,0.115 Mpa,0.0806 Mpa,0.0684 Mpa,0.00780 Mpa,0.181 Mpa,0.115 Mpa,0.0638 Mpa,0.0596 Mpa,,4.15%,5.44%,2.70%,2.15%,0.237%,4.82%,5.90%,1.95%,1.59%,
2026-06-24 21:00:00,0.112 Mpa,0.138 Mpa,0.0784 Mpa,0.0531 Mpa,0.0464 Mpa,0.130 Mpa,0.177 Mpa,0.0914 Mpa,0.0504 Mpa,,4.11%,6.46%,2.76%,1.82%,1.69%,2.97%,7.58%,2.64%,1.21%,
2026-06-24 23:00:00,0.115 Mpa,0.159 Mpa,0.219 Mpa,0.179 Mpa,0.0671 Mpa,0.111 Mpa,0.146 Mpa,0.0997 Mpa,0.229 Mpa,,3.83%,6.59%,7.14%,5.49%,2.43%,2.62%,6.90%,3.11%,6.90%,
2026-06-25 01:00:00,0.0761 Mpa,0.0784 Mpa,0.205 Mpa,0.0223 Mpa,0.0793 Mpa,0.107 Mpa,0.0593 Mpa,0.219 Mpa,0.0528 Mpa,,2.13%,3.06%,5.63%,0.729%,2.77%,1.98%,4.49%,6.63%,1.36%,
2026-06-25 03:00:00,0.136 Mpa,0.0629 Mpa,0.0631 Mpa,0.0218 Mpa,0.138 Mpa,0.108 Mpa,0.186 Mpa,,0.121 Mpa,,4.76%,2.98%,1.73%,0.846%,4.18%,2.31%,7.85%,,3.89%,
2026-06-25 05:00:00,0.114 Mpa,0.131 Mpa,0.115 Mpa,0.0527 Mpa,0.112 Mpa,0.118 Mpa,0.124 Mpa,0.185 Mpa,0.131 Mpa,,3.54%,5.16%,3.20%,1.56%,4.02%,2.54%,6.19%,5.93%,4.24%,
2026-06-25 07:00:00,0.0550 Mpa,0.0863 Mpa,0 Mpa,0.0589 Mpa,0.0952 Mpa,0.110 Mpa,0.109 Mpa,0.0801 Mpa,0.0880 Mpa,,1.50%,3.24%,0.433%,1.80%,3.64%,1.73%,6.24%,2.71%,2.41%,
2026-06-25 09:00:00,0.0920 Mpa,0.0863 Mpa,0 Mpa,0.177 Mpa,0.121 Mpa,0.155 Mpa,0.136 Mpa,0.105 Mpa,0.0627 Mpa,,2.66%,3.62%,3.47%,5.15%,4.41%,3.32%,6.72%,3.34%,1.48%,
2026-06-25 11:00:00,0.130 Mpa,0.152 Mpa,0.0490 Mpa,0.0508 Mpa,0.0642 Mpa,0.125 Mpa,0.0891 Mpa,0.0831 Mpa,0.112 Mpa,,4.10%,5.48%,2.30%,1.51%,2.49%,2.69%,5.74%,2.69%,3.11%,
2026-06-25 13:00:00,0.0993 Mpa,0.0812 Mpa,0.254 Mpa,0.0449 Mpa,0.100 Mpa,0.235 Mpa,0.186 Mpa,0.139 Mpa,0.171 Mpa,,3.33%,3.33%,7.70%,1.36%,3.82%,6.23%,7.89%,4.31%,4.96%,
2026-06-25 15:00:00,0.0639 Mpa,0.0994 Mpa,0.111 Mpa,0.0371 Mpa,0.0886 Mpa,0.619 Mpa,0.0830 Mpa,0 Mpa,0.126 Mpa,,2.36%,4.05%,3.07%,1.11%,3.24%,17.7%,5.40%,0%,3.61%,
2026-06-25 17:00:00,0.0455 Mpa,0.167 Mpa,0.0843 Mpa,0.0507 Mpa,0.126 Mpa,0.349 Mpa,0.249 Mpa,0.109 Mpa,0.160 Mpa,,1.41%,6.16%,2.50%,1.59%,4.42%,9.73%,9.70%,3.07%,4.77%,
2026-06-25 19:00:00,0.145 Mpa,0.125 Mpa,0.0676 Mpa,0.0638 Mpa,0.134 Mpa,0.206 Mpa,0.137 Mpa,0.113 Mpa,0.161 Mpa,,4.71%,4.64%,1.98%,2.20%,4.68%,4.81%,6.32%,3.30%,5.03%,
2026-06-25 21:00:00,0.126 Mpa,0.0824 Mpa,0.0886 Mpa,0.0708 Mpa,0.107 Mpa,0.253 Mpa,0.260 Mpa,0.0838 Mpa,0.0915 Mpa,,4.27%,3.47%,2.52%,2.22%,3.69%,6.65%,9.25%,2.36%,2.71%,
2026-06-25 23:00:00,0.145 Mpa,0.380 Mpa,0.179 Mpa,0.164 Mpa,0.0187 Mpa,0.129 Mpa,0.0864 Mpa,0.169 Mpa,0.124 Mpa,,4.67%,12.7%,5.94%,5.15%,0.592%,2.63%,4.41%,5.00%,3.90%,
2026-06-26 01:00:00,0.135 Mpa,0.160 Mpa,0.0439 Mpa,0.0436 Mpa,0.0676 Mpa,0.140 Mpa,0.0754 Mpa,0.0624 Mpa,0.0737 Mpa,,4.54%,5.92%,1.11%,1.20%,2.24%,3.34%,4.05%,1.92%,2.28%,
2026-06-26 03:00:00,0.155 Mpa,0.0940 Mpa,0.153 Mpa,0.0453 Mpa,0.0276 Mpa,0.118 Mpa,0.115 Mpa,0.101 Mpa,0.0966 Mpa,,4.98%,3.52%,4.46%,1.47%,1.02%,2.72%,5.89%,2.99%,2.78%,
2026-06-26 05:00:00,0.135 Mpa,0.132 Mpa,0.159 Mpa,0.0728 Mpa,0.0810 Mpa,0.122 Mpa,0.168 Mpa,0.166 Mpa,0.111 Mpa,,4.11%,4.93%,5.43%,2.14%,3.14%,2.36%,8.14%,4.89%,3.31%,
2026-06-26 07:00:00,0.199 Mpa,0.0673 Mpa,0.0158 Mpa,0.170 Mpa,0.138 Mpa,0.170 Mpa,0.113 Mpa,0.0868 Mpa,0.130 Mpa,,5.85%,2.61%,1.15%,5.01%,5.21%,3.87%,6.55%,2.91%,3.71%,
2026-06-26 09:00:00,0.113 Mpa,,0.108 Mpa,0.104 Mpa,0.126 Mpa,0.286 Mpa,0.106 Mpa,0.0905 Mpa,0.102 Mpa,,3.42%,,3.61%,3.04%,4.66%,7.21%,6.25%,2.97%,2.76%,
2026-06-26 11:00:00,0.0920 Mpa,,0.0760 Mpa,0.0596 Mpa,0.0957 Mpa,0.392 Mpa,0.193 Mpa,0.0824 Mpa,0.112 Mpa,,2.84%,,2.41%,2.13%,3.44%,10.3%,7.10%,2.71%,3.32%,
2026-06-26 13:00:00,0.156 Mpa,,0.157 Mpa,0.00570 Mpa,0.223 Mpa,0.191 Mpa,0.0901 Mpa,0.0961 Mpa,0.122 Mpa,,4.41%,,5.01%,0.157%,7.73%,4.63%,4.76%,3.12%,3.68%,
2026-06-26 15:00:00,0.120 Mpa,,0.285 Mpa,0.0546 Mpa,0.0461 Mpa,0.307 Mpa,0.193 Mpa,0.114 Mpa,0.117 Mpa,,3.75%,,9.38%,2.17%,1.62%,7.77%,8.49%,3.78%,3.61%,
2026-06-26 17:00:00,0.111 Mpa,0.0309 Mpa,0.120 Mpa,0.0505 Mpa,0.0812 Mpa,0.172 Mpa,0.116 Mpa,0.117 Mpa,0.135 Mpa,,3.35%,1.79%,3.64%,1.65%,2.86%,4.20%,5.85%,3.83%,3.94%,
2026-06-26 19:00:00,0.119 Mpa,0.0766 Mpa,0.0566 Mpa,0.0679 Mpa,0.129 Mpa,0.205 Mpa,0.133 Mpa,0.0521 Mpa,0.160 Mpa,,3.59%,3.04%,2.73%,2.38%,4.64%,5.09%,6.66%,1.84%,4.87%,
2026-06-26 21:00:00,0.116 Mpa,0.0511 Mpa,0.0994 Mpa,0.0416 Mpa,0.215 Mpa,0.114 Mpa,0.176 Mpa,0.0730 Mpa,0.0536 Mpa,,3.41%,2.07%,3.71%,1.21%,7.46%,1.71%,7.92%,2.51%,1.41%,
2026-06-26 23:00:00,0.207 Mpa,0.108 Mpa,0.122 Mpa,0.122 Mpa,0.194 Mpa,0.0881 Mpa,0.189 Mpa,0.0296 Mpa,0.122 Mpa,,6.12%,4.07%,4.15%,3.52%,6.68%,1.49%,8.16%,0.824%,3.46%,
2026-06-27 01:00:00,0.0731 Mpa,0.166 Mpa,,0.0509 Mpa,,0.244 Mpa,0.166 Mpa,0.0191 Mpa,0.223 Mpa,,1.91%,5.59%,,1.54%,,6.55%,7.49%,0.735%,6.47%,
2026-06-27 03:00:00,0.0404 Mpa,0.0774 Mpa,0.0461 Mpa,0.0191 Mpa,0.110 Mpa,0.0559 Mpa,0.109 Mpa,0.0365 Mpa,0.169 Mpa,,0.845%,2.97%,1.33%,0.566%,3.72%,0.691%,5.71%,1.08%,5.10%,
2026-06-27 05:00:00,0.0764 Mpa,0.151 Mpa,0.0352 Mpa,0.0850 Mpa,0.0692 Mpa,0.0784 Mpa,0.149 Mpa,0.139 Mpa,0.153 Mpa,,1.99%,5.02%,1.10%,2.54%,2.93%,1.60%,7.34%,4.31%,4.43%,
2026-06-27 07:00:00,0.0566 Mpa,0.0828 Mpa,0.0571 Mpa,0.103 Mpa,0.149 Mpa,0.124 Mpa,0.127 Mpa,0.0921 Mpa,0.171 Mpa,,1.36%,3.31%,1.66%,2.87%,5.91%,2.96%,6.85%,2.84%,4.82%,
2026-06-27 09:00:00,0.0600 Mpa,0.0416 Mpa,0.0746 Mpa,0.125 Mpa,0.102 Mpa,0.123 Mpa,0.148 Mpa,0.0297 Mpa,0.0881 Mpa,,1.73%,1.85%,3.76%,3.53%,3.97%,2.61%,7.13%,0.979%,2.44%,
2026-06-27 11:00:00,0.0687 Mpa,0.0389 Mpa,0.178 Mpa,0.0857 Mpa,0.132 Mpa,0.159 Mpa,0.429 Mpa,0.0682 Mpa,0.0555 Mpa,,1.85%,1.95%,6.59%,2.42%,5.08%,3.78%,14.0%,2.22%,1.55%,
2026-06-27 13:00:00,0.114 Mpa,0.121 Mpa,0.0539 Mpa,0.235 Mpa,0.121 Mpa,0.0820 Mpa,0.154 Mpa,0.0779 Mpa,0.135 Mpa,,3.05%,4.83%,2.84%,6.82%,4.92%,1.34%,7.09%,2.42%,3.96%,
2026-06-27 15:00:00,0.0778 Mpa,0.0333 Mpa,0.0615 Mpa,0.0466 Mpa,0.0762 Mpa,0.236 Mpa,0.0621 Mpa,0.181 Mpa,0.127 Mpa,,2.07%,1.58%,1.96%,1.35%,2.87%,6.18%,4.77%,5.37%,3.99%,
2026-06-27 17:00:00,0.108 Mpa,0.00183 Mpa,0.162 Mpa,,0.132 Mpa,0.132 Mpa,0.0410 Mpa,0.191 Mpa,0.194 Mpa,,2.89%,1.25%,4.78%,,4.80%,3.24%,4.54%,5.78%,5.81%,
2026-06-27 19:00:00,0.109 Mpa,,0.151 Mpa,,0.0519 Mpa,0.207 Mpa,0.110 Mpa,0.0802 Mpa,0.0655 Mpa,,3.07%,,5.82%,,1.83%,4.96%,6.23%,2.75%,1.78%,
2026-06-27 21:00:00,0.0384 Mpa,0.0197 Mpa,0.0593 Mpa,,0.0534 Mpa,0.116 Mpa,0.137 Mpa,0.0865 Mpa,0.0578 Mpa,,0.914%,1.38%,1.97%,,1.87%,2.00%,6.55%,3.02%,1.52%,
2026-06-27 23:00:00,0.161 Mpa,0.0610 Mpa,0.125 Mpa,0.0825 Mpa,0.0767 Mpa,0.177 Mpa,0.101 Mpa,0.107 Mpa,0.176 Mpa,,4.52%,3.33%,4.28%,2.35%,2.86%,3.63%,4.49%,3.26%,5.03%,
2026-06-28 01:00:00,0.0491 Mpa,0.00735 Mpa,0.0401 Mpa,,0.100 Mpa,0.146 Mpa,0.253 Mpa,0.0986 Mpa,0.0978 Mpa,,1.06%,1.55%,1.23%,,3.61%,2.62%,9.24%,3.06%,2.84%,
2026-06-28 03:00:00,0.0582 Mpa,0.0631 Mpa,0.0322 Mpa,,0.0565 Mpa,0.194 Mpa,0.0920 Mpa,0.264 Mpa,0.110 Mpa,,1.39%,2.44%,1.45%,,1.95%,4.56%,5.32%,8.02%,3.15%,
2026-06-28 05:00:00,0.0957 Mpa,0.228 Mpa,0.0615 Mpa,,0.119 Mpa,0.147 Mpa,0.103 Mpa,0.0882 Mpa,0.121 Mpa,,3.03%,7.90%,1.80%,,4.44%,3.37%,5.88%,3.10%,3.53%,
2026-06-28 07:00:00,0.101 Mpa,0.107 Mpa,0.136 Mpa,,0.110 Mpa,0.314 Mpa,0.0706 Mpa,0.0607 Mpa,0.163 Mpa,,2.69%,3.71%,3.97%,,4.57%,8.16%,5.16%,2.12%,4.70%,
2026-06-28 09:00:00,0.0500 Mpa,0.152 Mpa,0.125 Mpa,,0.250 Mpa,0.119 Mpa,0.130 Mpa,0.147 Mpa,0.0520 Mpa,,1.31%,5.15%,3.90%,,9.49%,2.49%,5.94%,4.94%,1.27%,
2026-06-28 11:00:00,0.0908 Mpa,0.108 Mpa,0.0556 Mpa,,0.127 Mpa,0.208 Mpa,0.0796 Mpa,0.116 Mpa,0.0862 Mpa,,2.43%,4.30%,1.70%,,4.98%,5.24%,5.34%,3.54%,2.34%,
2026-06-28 13:00:00,0.0746 Mpa,0.0425 Mpa,0.137 Mpa,,0.0763 Mpa,0.112 Mpa,0.165 Mpa,0.295 Mpa,0.101 Mpa,,2.14%,2.18%,5.08%,,2.71%,1.97%,7.39%,9.00%,2.67%,
2026-06-28 15:00:00,0.157 Mpa,0.0317 Mpa,0.0952 Mpa,,0.0265 Mpa,0.129 Mpa,0.195 Mpa,0.312 Mpa,0.0568 Mpa,,4.74%,1.71%,3.26%,,0.907%,2.40%,8.22%,9.07%,1.49%,
2026-06-28 17:00:00,0.243 Mpa,0.172 Mpa,0.122 Mpa,,0.0881 Mpa,0.132 Mpa,0.237 Mpa,0.122 Mpa,0.111 Mpa,,7.36%,6.52%,3.77%,,3.27%,2.85%,9.22%,3.73%,3.07%,
2026-06-28 19:00:00,0.333 Mpa,0.122 Mpa,0.102 Mpa,,0.226 Mpa,0.185 Mpa,0.0696 Mpa,0.192 Mpa,0.0898 Mpa,,9.75%,4.80%,3.05%,,8.16%,4.22%,5.44%,6.10%,2.41%,
2026-06-28 21:00:00,0.0484 Mpa,0.227 Mpa,0.0533 Mpa,,0.142 Mpa,0.301 Mpa,0.0520 Mpa,0.0735 Mpa,0.0577 Mpa,,1.28%,8.19%,1.79%,,5.12%,7.55%,3.78%,2.28%,1.50%,
2026-06-28 23:00:00,0.126 Mpa,0.307 Mpa,0.0552 Mpa,,0.117 Mpa,0.234 Mpa,0.0766 Mpa,0.153 Mpa,0.0463 Mpa,,3.75%,9.91%,1.77%,,4.29%,5.83%,4.80%,4.80%,1.12%,
2026-06-29 01:00:00,0.401 Mpa,0.0827 Mpa,0.393 Mpa,0.00266 Mpa,0.0725 Mpa,0.139 Mpa,0.146 Mpa,0.0829 Mpa,0.106 Mpa,,13.1%,3.93%,12.2%,0.141%,2.60%,3.28%,7.16%,2.81%,3.16%,
2026-06-29 03:00:00,0.0256 Mpa,0.128 Mpa,0.0782 Mpa,0.0324 Mpa,0.106 Mpa,0.124 Mpa,0.0578 Mpa,0.0950 Mpa,0.0510 Mpa,,0.438%,5.22%,2.39%,0.961%,3.84%,2.74%,4.29%,2.92%,1.32%,
2026-06-29 05:00:00,0.214 Mpa,0.0777 Mpa,0.0104 Mpa,0.0710 Mpa,0.0866 Mpa,0.140 Mpa,0.0810 Mpa,0.142 Mpa,0.194 Mpa,,5.80%,3.35%,0.453%,2.07%,3.20%,3.15%,5.17%,4.22%,5.65%,
2026-06-29 07:00:00,0.0970 Mpa,0.0918 Mpa,0.129 Mpa,0.0470 Mpa,0.0736 Mpa,0.237 Mpa,0.0935 Mpa,0.162 Mpa,0.232 Mpa,,3.11%,3.62%,4.10%,1.41%,2.98%,4.10%,5.49%,5.28%,6.97%,
2026-06-29 09:00:00,0.0931 Mpa,0.318 Mpa,0.0918 Mpa,0.0433 Mpa,0.104 Mpa,0.313 Mpa,0.0955 Mpa,0.267 Mpa,0.102 Mpa,,3.14%,10.1%,3.50%,1.36%,3.99%,7.56%,5.44%,8.28%,2.92%,
2026-06-29 11:00:00,0.0765 Mpa,0.196 Mpa,0.0451 Mpa,0.0808 Mpa,0.0865 Mpa,0.310 Mpa,0.0406 Mpa,0.219 Mpa,0.0966 Mpa,,2.65%,6.89%,1.55%,2.42%,3.10%,7.99%,4.01%,6.80%,2.78%,
2026-06-29 13:00:00,0.108 Mpa,0.0834 Mpa,0.0572 Mpa,0.0363 Mpa,0.0424 Mpa,0.0240 Mpa,0.131 Mpa,0.141 Mpa,0.242 Mpa,,3.09%,3.47%,1.57%,1.02%,1.63%,0.00381%,6.43%,4.45%,7.18%,
2026-06-29 15:00:00,0.0691 Mpa,0.186 Mpa,0.649 Mpa,0.0520 Mpa,0.133 Mpa,0.0735 Mpa,0.160 Mpa,0.0957 Mpa,0.0725 Mpa,,1.84%,6.30%,20.7%,1.51%,4.98%,1.32%,6.57%,3.10%,2.18%,
2026-06-29 17:00:00,0.104 Mpa,0.199 Mpa,0.186 Mpa,0.0495 Mpa,0.0756 Mpa,0.197 Mpa,0.187 Mpa,0.127 Mpa,0.193 Mpa,,3.50%,6.85%,5.63%,1.61%,2.67%,5.15%,7.82%,3.88%,5.72%,
2026-06-29 19:00:00,0.104 Mpa,0.159 Mpa,0.0404 Mpa,0.0184 Mpa,0.264 Mpa,0.186 Mpa,0.108 Mpa,0.0910 Mpa,0.115 Mpa,,3.63%,5.69%,1.55%,0.610%,9.62%,4.52%,5.74%,2.98%,3.21%,
2026-06-29 21:00:00,0.157 Mpa,0.0362 Mpa,0.141 Mpa,0 Mpa,0.307 Mpa,0.119 Mpa,0.158 Mpa,0.0733 Mpa,0.115 Mpa,,4.62%,1.32%,4.85%,0.166%,11.2%,2.64%,7.27%,2.61%,3.37%,
2026-06-29 23:00:00,0.188 Mpa,0.0884 Mpa,0.178 Mpa,0.152 Mpa,0.264 Mpa,0.148 Mpa,0.145 Mpa,0.0486 Mpa,0.218 Mpa,,5.39%,3.44%,5.73%,4.28%,9.98%,3.43%,5.93%,2.22%,6.42%,
2026-06-30 01:00:00,0.0444 Mpa,0.0757 Mpa,0.128 Mpa,0.172 Mpa,0.313 Mpa,0.0597 Mpa,0.171 Mpa,0.0653 Mpa,0.0831 Mpa,,1.25%,2.97%,4.60%,5.40%,12.0%,0.912%,6.30%,2.32%,2.29%,
2026-06-30 03:00:00,0.168 Mpa,0.0685 Mpa,0.0144 Mpa,0.0990 Mpa,0.279 Mpa,,0.123 Mpa,0.0301 Mpa,0.0879 Mpa,,4.97%,2.68%,0.979%,3.00%,9.43%,,6.22%,0.880%,2.52%,
2026-06-30 05:00:00,0.0917 Mpa,0.134 Mpa,0.0511 Mpa,0.133 Mpa,0.128 Mpa,,0.0740 Mpa,0.189 Mpa,0.0330 Mpa,,2.76%,5.25%,1.64%,4.00%,4.50%,,4.92%,5.81%,1.07%,
2026-06-30 07:00:00,0.0972 Mpa,0.380 Mpa,0.0562 Mpa,0.112 Mpa,0.284 Mpa,1.46 Mpa,0.0642 Mpa,0.273 Mpa,0.128 Mpa,,3.00%,13.3%,2.08%,3.39%,9.94%,41.6%,4.44%,8.22%,3.73%,
2026-06-30 09:00:00,0.0784 Mpa,0 Mpa,0.106 Mpa,0.0632 Mpa,0.0179 Mpa,0.0506 Mpa,0.0590 Mpa,0.0606 Mpa,0.100 Mpa,,2.41%,1.26%,3.29%,1.93%,0.620%,0.590%,4.46%,1.68%,2.96%,
2026-06-30 11:00:00,0.0594 Mpa,0.247 Mpa,0.0857 Mpa,0.0582 Mpa,0.139 Mpa,,0.0523 Mpa,0.133 Mpa,0.0632 Mpa,,1.92%,9.77%,2.92%,1.88%,5.00%,,3.89%,3.78%,1.70%,
2026-06-30 13:00:00,0.124 Mpa,0.234 Mpa,0.142 Mpa,0.137 Mpa,0.171 Mpa,,0.277 Mpa,0.210 Mpa,0.265 Mpa,,3.84%,8.16%,4.05%,4.85%,5.78%,,11.0%,6.78%,8.12%,
2026-06-30 15:00:00,0.0839 Mpa,0.260 Mpa,0.0567 Mpa,0.0460 Mpa,0.0565 Mpa,,0.0436 Mpa,0.328 Mpa,0.0998 Mpa,,2.89%,9.77%,1.56%,1.65%,1.85%,,3.96%,9.59%,3.03%,
2026-06-30 17:00:00,0.119 Mpa,0.150 Mpa,0.0235 Mpa,0.0626 Mpa,0.199 Mpa,,0.110 Mpa,0.190 Mpa,0.148 Mpa,,3.48%,5.66%,0.0360%,1.92%,7.41%,,5.87%,5.74%,4.46%,
2026-06-30 19:00:00,0.0464 Mpa,0.184 Mpa,0.0713 Mpa,0.0842 Mpa,0.0517 Mpa,,0.0941 Mpa,0.156 Mpa,0.0974 Mpa,,1.48%,6.58%,1.83%,2.62%,1.78%,,5.36%,4.58%,2.75%,
2026-06-30 21:00:00,0.114 Mpa,0.123 Mpa,0.0335 Mpa,0.139 Mpa,0.210 Mpa,,0.241 Mpa,,0.122 Mpa,,3.39%,4.43%,1.04%,4.18%,7.98%,,9.27%,,3.50%,
2026-06-30 23:00:00,0.171 Mpa,0.149 Mpa,0.103 Mpa,0.138 Mpa,0.298 Mpa,,0.118 Mpa,0.194 Mpa,0.0877 Mpa,,4.91%,5.29%,3.29%,4.24%,10.9%,,6.07%,5.97%,2.51%,
2026-07-01 01:00:00,0.198 Mpa,0.755 Mpa,0.187 Mpa,0.0584 Mpa,0.217 Mpa,0.0258 Mpa,0.251 Mpa,0.136 Mpa,0.148 Mpa,,5.61%,22.5%,5.50%,1.59%,7.85%,0%,9.50%,4%,4.04%,
2026-07-01 03:00:00,0.0333 Mpa,0.164 Mpa,0.0395 Mpa,0.0267 Mpa,0.188 Mpa,0.0653 Mpa,0.0839 Mpa,0.0878 Mpa,0.0778 Mpa,,0.991%,5.91%,0.887%,0.693%,6.93%,1.16%,4.78%,2.69%,2.06%,
2026-07-01 05:00:00,0.0860 Mpa,0.213 Mpa,0.0930 Mpa,0.0479 Mpa,0.206 Mpa,0.0480 Mpa,0.422 Mpa,0.0685 Mpa,0.133 Mpa,,2.79%,7.99%,2.97%,1.51%,7.60%,0.0603%,14.0%,1.95%,3.64%,
2026-07-01 07:00:00,0.0109 Mpa,0.487 Mpa,0.0535 Mpa,0.0618 Mpa,0.0395 Mpa,0.145 Mpa,0.0374 Mpa,0.0435 Mpa,0.117 Mpa,,0.303%,16.7%,1.72%,2.46%,1.33%,3.42%,3.99%,1.33%,3.40%,
2026-07-01 09:00:00,0.179 Mpa,0.0389 Mpa,0.0187 Mpa,0.0975 Mpa,0.0663 Mpa,0.177 Mpa,0.0681 Mpa,0.0681 Mpa,0.231 Mpa,,5.28%,2.21%,0.511%,3.42%,2.28%,4.47%,4.56%,2.88%,6.88%,
2026-07-01 11:00:00,0.0587 Mpa,0.269 Mpa,0.0908 Mpa,0.0472 Mpa,0.112 Mpa,0.135 Mpa,0.116 Mpa,0.0730 Mpa,0.0707 Mpa,,2.15%,8.21%,3.74%,1.72%,4.03%,2.96%,5.56%,2.58%,1.77%,
2026-07-01 13:00:00,0.0889 Mpa,,0.129 Mpa,0.0957 Mpa,0.0798 Mpa,0.302 Mpa,0.231 Mpa,0.0903 Mpa,0.0969 Mpa,,2.84%,,5.75%,2.93%,2.99%,8.40%,8.47%,2.85%,3.50%,
2026-07-01 15:00:00,0.101 Mpa,0.219 Mpa,0.149 Mpa,0.127 Mpa,0.0871 Mpa,0.110 Mpa,0.235 Mpa,0.216 Mpa,0.186 Mpa,,3.19%,7.31%,8.88%,4.00%,3.22%,2.34%,8.36%,6.43%,6.90%,
2026-07-01 17:00:00,0.0972 Mpa,,0.119 Mpa,0.0544 Mpa,0.0803 Mpa,0.0417 Mpa,0.216 Mpa,0.0783 Mpa,0.143 Mpa,,2.97%,,4.34%,1.71%,3.31%,0.497%,8.37%,2.72%,4.70%,
2026-07-01 19:00:00,0.100 Mpa,,0.0256 Mpa,0.0753 Mpa,0.0623 Mpa,0.0716 Mpa,0.0713 Mpa,0.111 Mpa,0.0682 Mpa,,2.91%,,1.03%,2.20%,2.74%,1.54%,5.10%,3.70%,1.86%,
2026-07-01 21:00:00,0.0754 Mpa,,0.129 Mpa,0.0261 Mpa,0.0883 Mpa,0.407 Mpa,0.107 Mpa,0.128 Mpa,0.0732 Mpa,,2.48%,,3.82%,0.639%,3.55%,11.5%,6.31%,4.39%,1.85%,
2026-07-01 23:00:00,0.0612 Mpa,,0.166 Mpa,0.0554 Mpa,0.107 Mpa,0.332 Mpa,0.0824 Mpa,0.0543 Mpa,0.0790 Mpa,,2.09%,,5.13%,1.62%,4.48%,9.05%,5.37%,1.65%,2.10%,
2026-07-02 01:00:00,0.114 Mpa,,0.112 Mpa,0.120 Mpa,0.268 Mpa,0.369 Mpa,0.290 Mpa,0.348 Mpa,0.0710 Mpa,,3.14%,,3.69%,3.48%,10.2%,10.2%,10.7%,10.3%,1.76%,
2026-07-02 03:00:00,0.0474 Mpa,,0.0336 Mpa,0.101 Mpa,0.0529 Mpa,0.138 Mpa,0.257 Mpa,0.152 Mpa,0.0777 Mpa,,1.13%,,1.12%,3.00%,2.04%,3.42%,9.55%,4.38%,2.18%,
2026-07-02 05:00:00,0.0928 Mpa,,0.0743 Mpa,0.106 Mpa,0.0558 Mpa,0.122 Mpa,0.0710 Mpa,0.133 Mpa,0.127 Mpa,,2.97%,,2.36%,3.16%,2.00%,2.94%,5.15%,4.04%,3.64%,
2026-07-02 07:00:00,0.0604 Mpa,,0.0571 Mpa,0.0936 Mpa,0.105 Mpa,0.232 Mpa,0.0892 Mpa,0.0694 Mpa,0.115 Mpa,,1.49%,,1.81%,2.84%,3.90%,6.18%,5.51%,2.14%,3.30%,
2026-07-02 09:00:00,0.0528 Mpa,,0.0649 Mpa,0.0925 Mpa,0.0668 Mpa,0.551 Mpa,0.0632 Mpa,0.199 Mpa,0.0714 Mpa,,1.20%,,2.03%,2.82%,2.27%,15.8%,4.40%,6.12%,2.02%,
2026-07-02 11:00:00,0.0670 Mpa,0 Mpa,0.0579 Mpa,0.0829 Mpa,0.0548 Mpa,0.303 Mpa,0.0811 Mpa,0.0670 Mpa,0.0859 Mpa,,1.81%,0%,1.91%,2.53%,1.91%,8.61%,5.10%,2.03%,2.46%,
2026-07-02 13:00:00,0.0777 Mpa,0.0782 Mpa,0.404 Mpa,0.306 Mpa,0.101 Mpa,0.490 Mpa,0.0367 Mpa,0.0815 Mpa,0.0968 Mpa,0 Mpa,2.44%,2.45%,12.4%,9.07%,3.59%,15.2%,3.64%,3.01%,2.68%,0%
2026-07-02 15:00:00,0.0238 Mpa,0.0486 Mpa,0.184 Mpa,0.0588 Mpa,0.166 Mpa,0.226 Mpa,0.106 Mpa,0.549 Mpa,0.172 Mpa,0.0249 Mpa,0.798%,2.14%,6.01%,1.83%,5.92%,5.98%,5.86%,16.0%,5.12%,2.21%
2026-07-02 17:00:00,0.171 Mpa,0.175 Mpa,0.0644 Mpa,0.118 Mpa,0.0561 Mpa,0.141 Mpa,0.128 Mpa,,0.113 Mpa,0.179 Mpa,5.15%,6.81%,2.40%,3.79%,1.99%,3.51%,6.54%,,3.17%,4.72%
2026-07-02 19:00:00,0.163 Mpa,0.221 Mpa,0.0473 Mpa,0.122 Mpa,0.149 Mpa,0.846 Mpa,0.155 Mpa,,,,4.98%,8.93%,1.96%,3.76%,5.30%,24.2%,7.40%,,,
2026-07-02 21:00:00,0.0899 Mpa,0.321 Mpa,0.130 Mpa,0.0536 Mpa,0.202 Mpa,0.108 Mpa,0.256 Mpa,,,0.000410 Mpa,3.09%,12.6%,5.68%,1.64%,7.16%,2.47%,10.4%,,,0%
2026-07-02 23:00:00,0.118 Mpa,0.350 Mpa,0.327 Mpa,0.119 Mpa,0.151 Mpa,0.102 Mpa,0.119 Mpa,,0.0321 Mpa,0 Mpa,3.50%,13.3%,10.6%,3.66%,5.21%,2.19%,6.60%,,0.611%,0%
2026-07-03 01:00:00,0.0738 Mpa,0.106 Mpa,0.136 Mpa,0.0939 Mpa,0.146 Mpa,0.183 Mpa,0.207 Mpa,,0.173 Mpa,,2.20%,4.13%,4.83%,2.76%,5.16%,4.51%,8.50%,,5.13%,
2026-07-03 03:00:00,0.266 Mpa,0.222 Mpa,0.0789 Mpa,0.0650 Mpa,0.136 Mpa,0.260 Mpa,0.174 Mpa,,0.0572 Mpa,,7.41%,8.35%,2.83%,2.07%,4.58%,6.32%,7.83%,,1.42%,
2026-07-03 05:00:00,,0.194 Mpa,0.147 Mpa,0.0861 Mpa,0.183 Mpa,0.167 Mpa,0.0819 Mpa,,0.101 Mpa,,,7.23%,4.73%,2.75%,6.21%,3.46%,5.35%,,2.59%,
2026-07-03 07:00:00,,0.102 Mpa,0.0766 Mpa,0.0642 Mpa,0.0445 Mpa,0.0857 Mpa,0.0666 Mpa,,0.0820 Mpa,0.241 Mpa,,4.12%,2.85%,2.07%,1.49%,2.08%,5.07%,,2.22%,6.16%
2026-07-03 09:00:00,0.0000836 Mpa,0.102 Mpa,0.112 Mpa,0.136 Mpa,0.0530 Mpa,0.126 Mpa,0.0995 Mpa,,0.119 Mpa,0 Mpa,0%,4.24%,3.83%,4.20%,1.88%,3.02%,6.08%,,3.35%,0%
2026-07-03 11:00:00,,0.0918 Mpa,0.178 Mpa,0.0497 Mpa,0.218 Mpa,0.135 Mpa,0.0941 Mpa,,0.102 Mpa,0 Mpa,,3.88%,6.28%,1.45%,7.71%,3.35%,5.70%,,2.81%,0%
2026-07-03 13:00:00,,0.101 Mpa,0.0843 Mpa,0.0723 Mpa,0.100 Mpa,0.0996 Mpa,0.0435 Mpa,0 Mpa,0.109 Mpa,0.0221 Mpa,,4.03%,2.61%,2.22%,3.60%,2.04%,4.00%,0%,3.10%,0.512%
2026-07-03 15:00:00,0.000125 Mpa,0.0871 Mpa,0.321 Mpa,0.0502 Mpa,0.183 Mpa,0.122 Mpa,0.107 Mpa,0.000148 Mpa,0.0959 Mpa,0.105 Mpa,0.00457%,3.73%,10.1%,1.58%,5.93%,2.72%,6.49%,0%,2.59%,2.87%
2026-07-03 17:00:00,0.0399 Mpa,0.141 Mpa,0.136 Mpa,0.132 Mpa,0.0540 Mpa,0.0989 Mpa,0.311 Mpa,0.204 Mpa,0.0813 Mpa,,1.03%,5.85%,4.15%,3.91%,2.05%,2.24%,11.6%,5.94%,2.17%,
2026-07-03 19:00:00,0.269 Mpa,0.133 Mpa,0.123 Mpa,0.0233 Mpa,0.0489 Mpa,0.0840 Mpa,0.144 Mpa,0.0858 Mpa,0.0498 Mpa,0.00776 Mpa,8.35%,6.69%,3.78%,0.671%,1.69%,1.55%,7.22%,2.42%,1.20%,0.188%
2026-07-03 21:00:00,0.205 Mpa,0.0598 Mpa,0.133 Mpa,0.0367 Mpa,0.135 Mpa,0.0758 Mpa,0.129 Mpa,0.0921 Mpa,0.192 Mpa,0.000660 Mpa,6.80%,3.63%,4.20%,1.23%,4.73%,1.21%,6.70%,2.52%,5.71%,0.00906%
2026-07-03 23:00:00,0.206 Mpa,0.0732 Mpa,0.0681 Mpa,0.211 Mpa,0.294 Mpa,0.119 Mpa,0.213 Mpa,0.108 Mpa,0 Mpa,0.0000736 Mpa,6.80%,4.03%,2.19%,6.23%,10.1%,2.83%,8.96%,3.10%,0%,0%
2026-07-04 01:00:00,0.0776 Mpa,0.177 Mpa,0.128 Mpa,0.00445 Mpa,0.0540 Mpa,0.108 Mpa,0.0542 Mpa,0.111 Mpa,0.0414 Mpa,0.00141 Mpa,2.41%,7.24%,4.14%,0.248%,1.87%,2.45%,4.82%,3.31%,1.30%,0%
2026-07-04 03:00:00,0.131 Mpa,0.0453 Mpa,0.0592 Mpa,0.124 Mpa,,0.102 Mpa,0.177 Mpa,0.0714 Mpa,0.0796 Mpa,0.0198 Mpa,3.94%,2.95%,2.26%,3.94%,,2.01%,8.32%,2.01%,2.05%,0.541%
2026-07-04 05:00:00,0.0695 Mpa,0.129 Mpa,0.0563 Mpa,0.134 Mpa,,0.0755 Mpa,0.373 Mpa,0.122 Mpa,0.0878 Mpa,,1.91%,5.27%,1.78%,4.00%,,1.42%,12.6%,3.64%,2.31%,
2026-07-04 07:00:00,0.0606 Mpa,0.00153 Mpa,0.105 Mpa,0.129 Mpa,,0.171 Mpa,0.0707 Mpa,0.0489 Mpa,0.148 Mpa,0.0322 Mpa,1.64%,0.757%,3.80%,3.85%,,4.16%,5.30%,1.44%,4.16%,0.958%
2026-07-04 09:00:00,0.252 Mpa,,0.0783 Mpa,0.128 Mpa,,0.159 Mpa,0.185 Mpa,0.0651 Mpa,0.203 Mpa,0.114 Mpa,7.25%,,2.17%,3.76%,,4.09%,8.08%,2.02%,5.91%,3.09%
2026-07-04 11:00:00,0.198 Mpa,,0.0676 Mpa,0.157 Mpa,0.412 Mpa,0.161 Mpa,0.129 Mpa,0.109 Mpa,0.197 Mpa,0.0496 Mpa,5.78%,,2.66%,4.84%,13.2%,3.98%,6.61%,3.24%,5.65%,1.51%
2026-07-04 13:00:00,,,0.0642 Mpa,0.102 Mpa,,0.126 Mpa,0.136 Mpa,0.0935 Mpa,,0 Mpa,,,2.05%,3.01%,,3.05%,6.52%,2.88%,,0.0115%
2026-07-04 15:00:00,0.711 Mpa,,0.188 Mpa,0.133 Mpa,,0.173 Mpa,0.206 Mpa,0.154 Mpa,,0.00898 Mpa,19.5%,,7.49%,4.17%,,4.73%,8.38%,4.68%,,0.234%
2026-07-04 17:00:00,0.102 Mpa,,0.144 Mpa,0.110 Mpa,,0.177 Mpa,0.0824 Mpa,0.140 Mpa,0.0580 Mpa,0.0441 Mpa,2.86%,,4.70%,3.41%,,4.79%,5.49%,4.05%,1.65%,1.23%
2026-07-04 19:00:00,0.224 Mpa,,0.0954 Mpa,0.0639 Mpa,,0.0602 Mpa,0.130 Mpa,0.0838 Mpa,0.0582 Mpa,0.0607 Mpa,6.14%,,3.51%,2.04%,,1.15%,7.20%,2.37%,1.74%,1.78%
2026-07-04 21:00:00,0.0868 Mpa,,0.0683 Mpa,0.106 Mpa,,0.119 Mpa,0.186 Mpa,0.158 Mpa,0.0604 Mpa,0.103 Mpa,2.34%,,2.04%,3.44%,,2.78%,8.38%,4.63%,1.73%,3.17%
2026-07-04 23:00:00,0.162 Mpa,,0.187 Mpa,0.115 Mpa,,0.0850 Mpa,0.0783 Mpa,0.0961 Mpa,0.0884 Mpa,0.0981 Mpa,4.38%,,6.10%,3.81%,,1.77%,5.09%,2.74%,2.59%,3.13%
2026-07-05 01:00:00,0.0936 Mpa,,0.622 Mpa,0.0180 Mpa,,0.0794 Mpa,0.0471 Mpa,0.0568 Mpa,0.133 Mpa,0.0484 Mpa,2.79%,,16.3%,0.459%,,1.81%,3.98%,1.47%,3.74%,1.46%
2026-07-05 03:00:00,0.0628 Mpa,0.111 Mpa,,0.0810 Mpa,0.191 Mpa,0.0918 Mpa,0.104 Mpa,0.0867 Mpa,0.147 Mpa,0.120 Mpa,2.12%,4.33%,,2.57%,6.12%,2.07%,6.06%,2.58%,4.31%,3.27%
2026-07-05 05:00:00,0.0876 Mpa,0.113 Mpa,,0.140 Mpa,,0.0880 Mpa,0.0928 Mpa,0.0556 Mpa,0.162 Mpa,0.0535 Mpa,2.48%,4.62%,,4.41%,,2.11%,5.60%,1.83%,4.74%,1.50%
2026-07-05 07:00:00,0.121 Mpa,0.148 Mpa,0.176 Mpa,0.0317 Mpa,,0.155 Mpa,0.106 Mpa,0.0823 Mpa,0.200 Mpa,0.0256 Mpa,3.68%,5.81%,4.95%,0.874%,,4.19%,6.26%,2.73%,6.12%,0.729%
2026-07-05 09:00:00,0.275 Mpa,0.131 Mpa,,0.0418 Mpa,0 Mpa,0.0995 Mpa,0.0895 Mpa,0.0868 Mpa,0.0797 Mpa,0.0344 Mpa,8.34%,5.04%,,1.26%,0%,2.38%,5.48%,2.66%,2.32%,0.871%
2026-07-05 11:00:00,0.0839 Mpa,0.0978 Mpa,,0.0842 Mpa,0.0785 Mpa,0.252 Mpa,0.0902 Mpa,0.0783 Mpa,0.386 Mpa,0.0611 Mpa,2.34%,3.70%,,2.91%,2.63%,6.99%,4.81%,2.63%,11.1%,1.72%
2026-07-05 13:00:00,0.0896 Mpa,0.0468 Mpa,,0.109 Mpa,0.180 Mpa,0.123 Mpa,0.0318 Mpa,0.198 Mpa,0.127 Mpa,0.238 Mpa,2.49%,2.48%,,3.74%,6.25%,2.93%,3.47%,6.00%,3.52%,6.84%
2026-07-05 15:00:00,0.230 Mpa,0.0770 Mpa,,0.0577 Mpa,0.248 Mpa,0.122 Mpa,0.0779 Mpa,0.0827 Mpa,0.154 Mpa,0.0577 Mpa,7.06%,3.22%,,1.89%,8.82%,3.09%,5.03%,2.41%,4.37%,1.62%
2026-07-05 17:00:00,0.139 Mpa,0.112 Mpa,,0.110 Mpa,0.127 Mpa,0.0938 Mpa,0.0933 Mpa,0.123 Mpa,0.105 Mpa,0.0554 Mpa,4.15%,3.70%,,3.43%,4.52%,1.91%,5.25%,3.61%,2.97%,1.60%
2026-07-05 19:00:00,0.282 Mpa,0.156 Mpa,0 Mpa,0.0745 Mpa,0.160 Mpa,0.112 Mpa,0.0975 Mpa,0.113 Mpa,0.119 Mpa,0.159 Mpa,8.23%,5.68%,0.0511%,2.36%,5.65%,2.58%,5.83%,3.30%,3.50%,4.78%
2026-07-05 21:00:00,0.00475 Mpa,0.0850 Mpa,0.612 Mpa,0.0840 Mpa,0.155 Mpa,0.239 Mpa,0.143 Mpa,0.128 Mpa,0.253 Mpa,0.0444 Mpa,0%,3.37%,16.7%,2.72%,5.46%,5.85%,7.59%,3.62%,7.42%,1.27%
2026-07-05 23:00:00,0.117 Mpa,0.0704 Mpa,0.00351 Mpa,0.0886 Mpa,0.0514 Mpa,0.121 Mpa,0.133 Mpa,0.102 Mpa,0.107 Mpa,0.0837 Mpa,2.96%,2.96%,6.74%,3.09%,1.82%,2.42%,6.53%,2.91%,3.17%,2.77%
2026-07-06 01:00:00,0.125 Mpa,0.0981 Mpa,0.000963 Mpa,0.0916 Mpa,0.0657 Mpa,0.0254 Mpa,0.108 Mpa,0.0586 Mpa,0.211 Mpa,0.128 Mpa,3.78%,3.28%,1.23%,2.79%,2.54%,0.0154%,6.05%,1.70%,6.52%,3.82%
2026-07-06 03:00:00,0.120 Mpa,0.0685 Mpa,0.0649 Mpa,0.0727 Mpa,0.208 Mpa,0.0462 Mpa,0.141 Mpa,0.103 Mpa,,0.0756 Mpa,3.62%,2.51%,2.60%,2.29%,7.53%,0.0500%,6.87%,3.06%,,2.21%
2026-07-06 05:00:00,0.119 Mpa,0.158 Mpa,0.233 Mpa,0.135 Mpa,0.144 Mpa,0.114 Mpa,0.0948 Mpa,0.0630 Mpa,,0.124 Mpa,3.65%,5.77%,7.09%,4.08%,5.30%,2.51%,5.67%,1.88%,,3.52%
2026-07-06 07:00:00,0.131 Mpa,0.138 Mpa,0.129 Mpa,0.0709 Mpa,0.134 Mpa,0.105 Mpa,0.152 Mpa,0.0727 Mpa,,0.104 Mpa,3.59%,5.25%,4.02%,2.14%,4.68%,2.37%,6.58%,2.27%,,2.97%
2026-07-06 09:00:00,0.232 Mpa,0.150 Mpa,0.112 Mpa,0.0910 Mpa,0.102 Mpa,0.0996 Mpa,0.101 Mpa,0.0488 Mpa,0.140 Mpa,0.0482 Mpa,6.40%,5.65%,3.77%,2.86%,3.51%,2.26%,5.42%,1.52%,3.65%,1.32%
2026-07-06 11:00:00,0.262 Mpa,0.310 Mpa,0.127 Mpa,0.0728 Mpa,0.0818 Mpa,0.132 Mpa,0.0901 Mpa,0.218 Mpa,,0.130 Mpa,7.34%,11.2%,3.97%,2.48%,2.89%,3.23%,4.89%,6.55%,,3.82%
2026-07-06 13:00:00,0.102 Mpa,0.338 Mpa,0.122 Mpa,0.0589 Mpa,0.791 Mpa,0.226 Mpa,0.110 Mpa,0.175 Mpa,,0.0852 Mpa,2.95%,11.8%,3.37%,2.53%,26.2%,5.22%,5.43%,5.17%,,2.50%
2026-07-06 15:00:00,0.146 Mpa,0.0862 Mpa,0.113 Mpa,0.0700 Mpa,0.0917 Mpa,0.222 Mpa,0.0646 Mpa,0.0426 Mpa,,0.0853 Mpa,4.31%,3.47%,3.46%,2.46%,3.24%,5.31%,3.28%,1.19%,,2.48%
2026-07-06 17:00:00,0.112 Mpa,0.150 Mpa,0.119 Mpa,0.125 Mpa,0.121 Mpa,0.128 Mpa,0.0983 Mpa,0.112 Mpa,,0.158 Mpa,3.30%,5.42%,3.53%,3.95%,4.38%,2.00%,5.33%,3.21%,,4.51%
2026-07-06 19:00:00,0.0983 Mpa,0.0705 Mpa,0.158 Mpa,0.0659 Mpa,0.0921 Mpa,0.294 Mpa,0.0989 Mpa,0.0610 Mpa,,0.117 Mpa,2.58%,2.92%,5.04%,2.15%,3.33%,7.66%,6.11%,1.71%,,3.54%
2026-07-06 21:00:00,0.109 Mpa,0.0823 Mpa,0.121 Mpa,0.0569 Mpa,0.277 Mpa,0.183 Mpa,0.159 Mpa,0.0481 Mpa,,0.0985 Mpa,3.25%,3.41%,3.78%,1.89%,10.1%,4.55%,7.37%,1.47%,,3.08%
2026-07-06 23:00:00,0.121 Mpa,0.0518 Mpa,0.143 Mpa,0.0181 Mpa,0.0530 Mpa,0.173 Mpa,0.116 Mpa,0.0804 Mpa,0.0786 Mpa,0.0871 Mpa,3.28%,2.30%,4.45%,0.651%,1.94%,4.38%,6.14%,2.18%,2.24%,2.74%
2026-07-07 01:00:00,0.00136 Mpa,0.157 Mpa,0.465 Mpa,0 Mpa,0.0803 Mpa,0.0541 Mpa,0.0794 Mpa,0.102 Mpa,0.181 Mpa,0.112 Mpa,0%,5.52%,12.1%,0%,2.76%,0.456%,5.62%,2.90%,4.90%,3.40%
2026-07-07 03:00:00,,0.0344 Mpa,0.211 Mpa,0.0265 Mpa,0.0501 Mpa,0.101 Mpa,0.119 Mpa,0.0773 Mpa,0.0443 Mpa,0.148 Mpa,,2.01%,6.41%,0.850%,1.88%,1.87%,6.55%,2.25%,1.13%,4.44%
2026-07-07 05:00:00,0.0979 Mpa,0.0354 Mpa,0.0899 Mpa,0.104 Mpa,0.0716 Mpa,0.140 Mpa,0.119 Mpa,0.138 Mpa,0.165 Mpa,0.0551 Mpa,2.78%,1.70%,3.90%,3.14%,2.97%,3.26%,5.87%,3.99%,4.43%,1.60%
2026-07-07 07:00:00,0.184 Mpa,0.146 Mpa,0.0861 Mpa,0.194 Mpa,0.0994 Mpa,0.136 Mpa,0.0584 Mpa,0.0369 Mpa,0.142 Mpa,0.0773 Mpa,5.99%,5.25%,3.29%,5.40%,4.39%,3.40%,4.77%,1.46%,3.89%,2.22%
2026-07-07 09:00:00,0.102 Mpa,0.0503 Mpa,0.0549 Mpa,0.0339 Mpa,0.0663 Mpa,,0.0745 Mpa,0.103 Mpa,0.0518 Mpa,0.0817 Mpa,3.45%,2.02%,1.87%,0.918%,3.27%,,4.81%,3.08%,1.19%,2.25%
2026-07-07 11:00:00,0.101 Mpa,0.0448 Mpa,0.0604 Mpa,0.0793 Mpa,0.182 Mpa,0.122 Mpa,0.330 Mpa,0.186 Mpa,0.0402 Mpa,0.0964 Mpa,3.39%,2.06%,2.11%,2.22%,6.69%,2.91%,11.4%,5.48%,1.31%,2.84%
2026-07-07 13:00:00,0.128 Mpa,0.147 Mpa,0.0789 Mpa,0.0774 Mpa,0.744 Mpa,0.278 Mpa,0.132 Mpa,0.120 Mpa,0.0951 Mpa,0.0000378 Mpa,3.66%,5.33%,2.64%,2.16%,26.5%,7.33%,6.50%,3.53%,2.85%,0%
2026-07-07 15:00:00,,,,,,,,,0 Mpa,,,,,,,,,,0%,
2026-07-07 17:00:00,0.215 Mpa,0.141 Mpa,0.0634 Mpa,0.114 Mpa,,0.123 Mpa,0.149 Mpa,0.167 Mpa,0.0551 Mpa,0.140 Mpa,6.20%,5.04%,1.90%,3.36%,,2.79%,6.43%,5.26%,1.23%,3.95%
2026-07-07 19:00:00,0.107 Mpa,0.0634 Mpa,0.0297 Mpa,0.0625 Mpa,0.151 Mpa,0.231 Mpa,0.0647 Mpa,0.114 Mpa,0.121 Mpa,0.0853 Mpa,2.94%,3.16%,0.821%,1.82%,5.68%,5.65%,4.67%,3.53%,3.50%,2.32%
2026-07-07 21:00:00,0.0962 Mpa,0.0685 Mpa,0.00907 Mpa,0.0372 Mpa,0.311 Mpa,0.247 Mpa,0.0742 Mpa,0.0936 Mpa,0.289 Mpa,0.109 Mpa,2.91%,2.91%,0.299%,1.01%,11.5%,5.88%,5.07%,2.90%,8.65%,3.03%
2026-07-07 23:00:00,0.213 Mpa,0.119 Mpa,0.00174 Mpa,0.165 Mpa,0.155 Mpa,0.248 Mpa,0.200 Mpa,0.0805 Mpa,0.280 Mpa,0.0849 Mpa,5.96%,4.56%,0.150%,4.73%,5.80%,6.29%,7.30%,2.73%,8.33%,2.38%
2026-07-08 01:00:00,0.102 Mpa,0.236 Mpa,0.0000326 Mpa,0.0276 Mpa,0.0854 Mpa,0.162 Mpa,0.156 Mpa,0.0761 Mpa,0.0976 Mpa,0.234 Mpa,3.10%,8.26%,0.0168%,0.863%,2.99%,3.96%,5.93%,2.71%,2.83%,6.68%
2026-07-08 03:00:00,0.115 Mpa,0.158 Mpa,0.000376 Mpa,0.0290 Mpa,0.0966 Mpa,0.422 Mpa,0.111 Mpa,0.128 Mpa,0.179 Mpa,0.0539 Mpa,4.07%,5.66%,0.0341%,0.808%,3.21%,11.8%,5.89%,4.39%,5.35%,1.48%
2026-07-08 05:00:00,0.136 Mpa,0.107 Mpa,0.0244 Mpa,0.0460 Mpa,0.0622 Mpa,0.263 Mpa,0.0653 Mpa,0.133 Mpa,0.0957 Mpa,0.0793 Mpa,4.20%,4.35%,0.617%,1.64%,2.36%,7.02%,5.12%,4.13%,2.73%,2.24%
2026-07-08 07:00:00,0.139 Mpa,0 Mpa,0.00754 Mpa,0.0826 Mpa,0.0607 Mpa,0.136 Mpa,0.0941 Mpa,0.142 Mpa,0.0730 Mpa,0.107 Mpa,3.94%,0.437%,0.572%,2.67%,2.51%,3.21%,5.27%,4.53%,2.05%,2.96%
2026-07-08 09:00:00,0.141 Mpa,0.0405 Mpa,0.000933 Mpa,0.112 Mpa,0.0724 Mpa,0.144 Mpa,0.393 Mpa,0.131 Mpa,0.183 Mpa,0.103 Mpa,3.98%,2.04%,0%,3.45%,3.01%,3.00%,13.2%,4.17%,5.46%,2.90%
2026-07-08 11:00:00,0.204 Mpa,0.0746 Mpa,0.0240 Mpa,0.763 Mpa,0.134 Mpa,0.130 Mpa,0.0502 Mpa,0.0636 Mpa,0.0836 Mpa,0.0589 Mpa,5.86%,3.43%,0.827%,22.7%,5.41%,2.67%,4.18%,1.86%,2.34%,1.60%
2026-07-08 13:00:00,0.0592 Mpa,0.0527 Mpa,0.0133 Mpa,0.0839 Mpa,0.0179 Mpa,0.116 Mpa,0.0975 Mpa,0.174 Mpa,0.114 Mpa,0.235 Mpa,1.67%,2.46%,0.523%,2.59%,1.05%,2.49%,5.87%,5.09%,3.27%,6.61%
2026-07-08 15:00:00,0.00608 Mpa,0.0261 Mpa,0.0691 Mpa,0.108 Mpa,0.131 Mpa,0.151 Mpa,0.142 Mpa,0.117 Mpa,0.0377 Mpa,0.0563 Mpa,0.00657%,1.65%,2.41%,3.76%,5.17%,3.74%,6.79%,3.41%,0.973%,1.51%
2026-07-08 17:00:00,0.129 Mpa,0.0796 Mpa,0.0762 Mpa,0.242 Mpa,0.178 Mpa,0.161 Mpa,0.110 Mpa,0.0757 Mpa,0.0883 Mpa,0.0668 Mpa,3.80%,3.68%,2.29%,7.82%,6.49%,4.10%,6.27%,2.23%,2.48%,1.81%
2026-07-08 19:00:00,0.0956 Mpa,0.0587 Mpa,0.0437 Mpa,0.253 Mpa,0.266 Mpa,0.0240 Mpa,0.196 Mpa,0.0469 Mpa,0.0520 Mpa,0.0445 Mpa,2.62%,2.76%,1.44%,7.84%,9.59%,0%,8.31%,1.69%,1.31%,1.14%
2026-07-08 21:00:00,0.0891 Mpa,0.0926 Mpa,0.0598 Mpa,0.0692 Mpa,0.0991 Mpa,0.0461 Mpa,0.124 Mpa,0.0627 Mpa,0.216 Mpa,0.0465 Mpa,2.50%,3.75%,2.11%,2.05%,3.05%,0.275%,6.40%,1.93%,6.32%,1.19%
2026-07-08 23:00:00,0.127 Mpa,0.0553 Mpa,0.0850 Mpa,0.0000857 Mpa,0.0871 Mpa,0.159 Mpa,0.00577 Mpa,0.101 Mpa,0.115 Mpa,0.0603 Mpa,3.62%,2.80%,2.77%,0.00143%,2.77%,3.73%,2.49%,3.02%,3.41%,1.64%
2026-07-09 01:00:00,0.181 Mpa,0.0566 Mpa,0.163 Mpa,0.0857 Mpa,0.149 Mpa,0.195 Mpa,0.269 Mpa,0.0569 Mpa,0.00622 Mpa,0.0970 Mpa,4.99%,2.79%,5.30%,2.56%,5.06%,4.74%,9.80%,1.57%,0.0935%,2.74%
2026-07-09 03:00:00,0.121 Mpa,0.0479 Mpa,0.0652 Mpa,0.0788 Mpa,0.111 Mpa,0.104 Mpa,0.161 Mpa,0.0684 Mpa,0.0439 Mpa,0.0632 Mpa,3.34%,2.34%,2.10%,2.37%,3.93%,2.67%,7.45%,1.95%,1.13%,1.72%
2026-07-09 05:00:00,0.151 Mpa,0.166 Mpa,0.0585 Mpa,0.149 Mpa,0.0636 Mpa,0.0893 Mpa,0.146 Mpa,0.118 Mpa,0.119 Mpa,0.187 Mpa,4.96%,6.37%,1.89%,4.39%,2.16%,1.99%,6.82%,3.62%,3.42%,5.18%
2026-07-09 07:00:00,0.115 Mpa,0.168 Mpa,0.0840 Mpa,0.238 Mpa,0.219 Mpa,0.106 Mpa,0.0502 Mpa,0.0738 Mpa,0.149 Mpa,0.106 Mpa,3.86%,6.92%,2.35%,7.01%,7.45%,2.72%,4.03%,2.62%,4.24%,3.06%
2026-07-09 09:00:00,0.139 Mpa,0.0644 Mpa,0.139 Mpa,0.0375 Mpa,0.0761 Mpa,0.0933 Mpa,0.0494 Mpa,0.0876 Mpa,0.157 Mpa,0.0640 Mpa,4.30%,3.09%,4.28%,1.32%,2.70%,2.51%,4.58%,2.69%,4.75%,1.88%
2026-07-09 11:00:00,0.179 Mpa,0.0897 Mpa,0.174 Mpa,0.274 Mpa,0.166 Mpa,0.117 Mpa,0.0626 Mpa,0.0950 Mpa,0.0797 Mpa,0.00436 Mpa,5.86%,4.35%,5.27%,8.61%,5.68%,2.90%,4.38%,2.93%,2.37%,0.139%
2026-07-09 13:00:00,0.138 Mpa,0.0485 Mpa,0.121 Mpa,0.0865 Mpa,0.125 Mpa,0.0815 Mpa,0.112 Mpa,0.0767 Mpa,0.141 Mpa,0.0417 Mpa,3.99%,2.45%,3.85%,2.55%,4.31%,1.75%,5.41%,2.77%,4.11%,1.27%
2026-07-09 15:00:00,0.304 Mpa,0.101 Mpa,0.0629 Mpa,0.204 Mpa,0.0832 Mpa,0.114 Mpa,0.294 Mpa,0.313 Mpa,0.100 Mpa,0.119 Mpa,8.60%,3.71%,1.62%,6.94%,3.57%,2.70%,10.3%,10.3%,2.90%,3.66%
2026-07-09 17:00:00,0.0721 Mpa,0.0741 Mpa,0.0362 Mpa,0.259 Mpa,0.109 Mpa,0.197 Mpa,0.0630 Mpa,0.220 Mpa,0.103 Mpa,0.0868 Mpa,2.10%,3.31%,1.06%,8.72%,4.11%,5.11%,4.32%,6.64%,3.05%,2.69%
2026-07-09 19:00:00,0.0607 Mpa,0.0558 Mpa,0.202 Mpa,0.177 Mpa,0.162 Mpa,0.118 Mpa,0.436 Mpa,0.150 Mpa,0.152 Mpa,0.0592 Mpa,1.64%,2.59%,6.17%,5.74%,5.71%,2.75%,14.3%,4.53%,4.34%,1.67%
2026-07-09 21:00:00,0.0608 Mpa,0.125 Mpa,0.0729 Mpa,0.0741 Mpa,0.0881 Mpa,0.125 Mpa,0.132 Mpa,0.166 Mpa,0.0843 Mpa,0.0678 Mpa,1.57%,4.85%,1.78%,2.61%,3.72%,3.05%,6.42%,5.01%,2.37%,2.00%
2026-07-09 23:00:00,0.170 Mpa,0.0963 Mpa,0.253 Mpa,0.177 Mpa,0.0773 Mpa,0.231 Mpa,0.183 Mpa,0.0950 Mpa,0.171 Mpa,0.0822 Mpa,4.89%,3.80%,7.45%,5.52%,3.06%,6.25%,7.44%,2.75%,4.83%,2.33%
2026-07-10 01:00:00,0.0443 Mpa,0.177 Mpa,0.0550 Mpa,0.0846 Mpa,0.136 Mpa,0.203 Mpa,0.171 Mpa,0.128 Mpa,0.105 Mpa,0.0911 Mpa,1.22%,6.37%,1.40%,2.42%,5.03%,4.96%,7.34%,3.78%,3.03%,2.51%
2026-07-10 03:00:00,0.0601 Mpa,0.359 Mpa,0.175 Mpa,0.109 Mpa,0.197 Mpa,0.142 Mpa,0.169 Mpa,0.0396 Mpa,0.0773 Mpa,0.0851 Mpa,1.62%,11.3%,5.50%,3.38%,5.94%,3.24%,6.73%,1.14%,2.15%,2.39%
2026-07-10 05:00:00,0.109 Mpa,0.129 Mpa,0.0920 Mpa,0.149 Mpa,0.204 Mpa,0.187 Mpa,0.115 Mpa,0.0661 Mpa,0.0972 Mpa,0.0740 Mpa,3.18%,5.23%,3.66%,4.46%,6.88%,4.66%,6.02%,2.03%,2.61%,2.07%
2026-07-10 07:00:00,0.218 Mpa,0.147 Mpa,0.178 Mpa,0.262 Mpa,0.0924 Mpa,0.170 Mpa,0.0911 Mpa,0.0562 Mpa,0.180 Mpa,0.0609 Mpa,6.44%,7.12%,5.97%,8.39%,3.13%,4.42%,5.69%,1.80%,5.34%,1.78%
2026-07-10 09:00:00,0.221 Mpa,0.140 Mpa,0.101 Mpa,0.110 Mpa,0.151 Mpa,0.151 Mpa,0.112 Mpa,0.0963 Mpa,0.0900 Mpa,0.139 Mpa,6.50%,6.56%,3.10%,3.78%,5.04%,3.38%,6.15%,3.00%,2.48%,4.19%
2026-07-10 11:00:00,0.155 Mpa,0.126 Mpa,0.226 Mpa,0.0827 Mpa,0.102 Mpa,0.125 Mpa,0.0682 Mpa,0.0610 Mpa,0.0627 Mpa,0.342 Mpa,4.58%,4.88%,7.35%,2.51%,3.55%,3.01%,5.06%,2.02%,1.76%,10.2%
2026-07-10 13:00:00,0.197 Mpa,0.129 Mpa,0.0423 Mpa,0.368 Mpa,0.873 Mpa,0.295 Mpa,0.219 Mpa,0.0955 Mpa,0.107 Mpa,0.0362 Mpa,5.57%,5.11%,1.46%,10.7%,26.2%,8.64%,8.06%,3.93%,3.29%,1.12%
2026-07-10 15:00:00,0.0987 Mpa,0.0681 Mpa,0.116 Mpa,0.117 Mpa,0.0541 Mpa,0.192 Mpa,0.142 Mpa,0.300 Mpa,0.0734 Mpa,0.0823 Mpa,3.01%,3.11%,3.40%,3.96%,1.60%,6.61%,5.97%,9.72%,2.11%,2.51%
2026-07-10 17:00:00,0.0539 Mpa,0.165 Mpa,0.0910 Mpa,0.133 Mpa,0.163 Mpa,0.221 Mpa,0.155 Mpa,0.0910 Mpa,0.0635 Mpa,0.0717 Mpa,1.84%,5.91%,2.70%,4.44%,6.22%,5.80%,6.31%,2.89%,1.74%,2.05%
2026-07-10 19:00:00,0.0490 Mpa,,0.142 Mpa,0.129 Mpa,0.102 Mpa,0.205 Mpa,0.0128 Mpa,0.0501 Mpa,0.0351 Mpa,0.0316 Mpa,1.39%,,4.03%,4.01%,4.36%,4.77%,1.07%,1.42%,1.19%,0.920%
2026-07-10 21:00:00,0.0669 Mpa,0.246 Mpa,0.0896 Mpa,0.0646 Mpa,0.0873 Mpa,0.168 Mpa,0.0872 Mpa,0.613 Mpa,0.0390 Mpa,0.113 Mpa,2.05%,7.66%,2.45%,1.88%,3.40%,3.91%,4.78%,17.0%,1.00%,3.15%
2026-07-10 23:00:00,0.114 Mpa,0.0462 Mpa,0.0526 Mpa,0.106 Mpa,0.0428 Mpa,0.255 Mpa,0.216 Mpa,0.0785 Mpa,0.160 Mpa,0.0656 Mpa,3.46%,2.30%,1.22%,3.17%,1.59%,7.17%,8.64%,2.27%,4.73%,1.79%
2026-07-11 01:00:00,0.0519 Mpa,0.0821 Mpa,0.0922 Mpa,0.0486 Mpa,0.153 Mpa,0.322 Mpa,0.120 Mpa,0.0877 Mpa,0.0550 Mpa,0.0684 Mpa,1.38%,3.38%,2.42%,1.46%,5.72%,8.99%,6.37%,2.47%,1.52%,1.94%
2026-07-11 03:00:00,0.0168 Mpa,0.121 Mpa,0.0852 Mpa,0.156 Mpa,0.0688 Mpa,0.125 Mpa,0.104 Mpa,0.0394 Mpa,0.0273 Mpa,0.0576 Mpa,0.418%,4.88%,2.44%,4.98%,2.25%,3.05%,5.98%,1.16%,0.625%,1.66%
2026-07-11 05:00:00,0.172 Mpa,0.123 Mpa,0.116 Mpa,0.176 Mpa,0.0775 Mpa,0.265 Mpa,0.102 Mpa,0.137 Mpa,0.0859 Mpa,0.137 Mpa,5.29%,5.08%,3.35%,5.45%,2.75%,7.10%,5.88%,4.04%,2.38%,3.89%
2026-07-11 07:00:00,0.139 Mpa,0.0920 Mpa,0.142 Mpa,0.311 Mpa,0.0740 Mpa,0.145 Mpa,0.0410 Mpa,0.196 Mpa,0.0996 Mpa,0.127 Mpa,4.18%,3.58%,4.11%,9.90%,2.72%,3.38%,3.81%,5.69%,2.84%,3.85%
2026-07-11 09:00:00,0.136 Mpa,0.0845 Mpa,0.112 Mpa,0.359 Mpa,0.0426 Mpa,0.204 Mpa,0.0608 Mpa,0.115 Mpa,0.0585 Mpa,0.0742 Mpa,4.14%,3.73%,3.20%,11.1%,1.53%,5.17%,4.40%,3.39%,1.67%,2.22%
2026-07-11 11:00:00,0.112 Mpa,0.0677 Mpa,0.482 Mpa,0.130 Mpa,0.0812 Mpa,0.109 Mpa,0.167 Mpa,0.0760 Mpa,0.151 Mpa,0.0617 Mpa,3.41%,3.27%,14.2%,3.93%,2.92%,2.58%,7.23%,2.25%,4.35%,1.94%
2026-07-11 13:00:00,0.178 Mpa,0.0759 Mpa,0 Mpa,0.118 Mpa,0.236 Mpa,0.0841 Mpa,0.131 Mpa,0.178 Mpa,0.116 Mpa,0.134 Mpa,5.56%,3.12%,0.760%,3.61%,8.78%,1.74%,6.47%,5.06%,3.48%,4.00%
2026-07-11 15:00:00,0.216 Mpa,0.0374 Mpa,0 Mpa,0.399 Mpa,0.128 Mpa,0.112 Mpa,0.0441 Mpa,0.0872 Mpa,0.0903 Mpa,0.159 Mpa,6.32%,1.92%,0.113%,12.0%,4.91%,2.42%,4.34%,2.57%,2.67%,4.68%
2026-07-11 17:00:00,,0.0951 Mpa,0.0722 Mpa,0.174 Mpa,0.106 Mpa,0.171 Mpa,0.0813 Mpa,0.0327 Mpa,0.182 Mpa,0.140 Mpa,,3.88%,1.98%,5.24%,4.09%,4.25%,4.75%,0.928%,5.41%,4.07%
2026-07-11 19:00:00,,0.159 Mpa,0.289 Mpa,0.0644 Mpa,0.0766 Mpa,0.101 Mpa,0.120 Mpa,0.187 Mpa,,0.109 Mpa,,7.45%,8.81%,2.00%,2.72%,3.95%,5.92%,5.81%,,3.24%
2026-07-11 21:00:00,0.0196 Mpa,0.0840 Mpa,0.00526 Mpa,0.0761 Mpa,0.0911 Mpa,0.199 Mpa,0.0841 Mpa,0.127 Mpa,0.312 Mpa,0.146 Mpa,0%,4.59%,1.21%,2.36%,3.36%,5.72%,4.86%,3.77%,8.86%,4.34%
2026-07-11 23:00:00,0.0215 Mpa,0.263 Mpa,0.0655 Mpa,0.196 Mpa,0.115 Mpa,0.136 Mpa,0.174 Mpa,0.125 Mpa,0.138 Mpa,0.178 Mpa,0.00887%,9.94%,1.90%,5.91%,4.03%,3.40%,7.59%,4.01%,3.98%,4.88%
2026-07-12 01:00:00,,0.150 Mpa,0.119 Mpa,0.00781 Mpa,0.0930 Mpa,0.129 Mpa,0.0881 Mpa,0.0983 Mpa,0.0842 Mpa,0 Mpa,,5.61%,3.56%,0.389%,3.38%,3.30%,4.75%,3.05%,2.49%,0%
2026-07-12 03:00:00,,0.336 Mpa,0.0656 Mpa,0.0669 Mpa,0.142 Mpa,0.0969 Mpa,0.237 Mpa,0.0943 Mpa,0.0888 Mpa,0.0518 Mpa,,11.2%,1.70%,2.00%,5.10%,2.09%,8.85%,3.37%,2.51%,1.40%
2026-07-12 05:00:00,,0.247 Mpa,0.409 Mpa,0.0621 Mpa,0.107 Mpa,0.753 Mpa,0.108 Mpa,0.0612 Mpa,0.104 Mpa,0.121 Mpa,,8.62%,11.3%,1.93%,4.11%,21.1%,5.25%,2.08%,2.85%,3.44%
2026-07-12 07:00:00,,0.0805 Mpa,0.00172 Mpa,0.0922 Mpa,0.186 Mpa,0.155 Mpa,0.122 Mpa,0.0389 Mpa,0.0569 Mpa,0.0946 Mpa,,3.11%,0.503%,2.83%,7.43%,3.52%,6.01%,1.03%,1.54%,2.72%
2026-07-12 09:00:00,,0.0812 Mpa,0.000852 Mpa,0.120 Mpa,0.311 Mpa,0.0860 Mpa,0.0886 Mpa,0.0915 Mpa,0.0955 Mpa,0.103 Mpa,,3.22%,0.458%,3.73%,11.5%,1.85%,5.03%,2.55%,2.60%,3.15%
2026-07-12 11:00:00,,0.123 Mpa,0.0237 Mpa,0.109 Mpa,0.164 Mpa,0.114 Mpa,0.0569 Mpa,0.0487 Mpa,0.125 Mpa,0.129 Mpa,,4.34%,0.00362%,3.42%,6.29%,2.38%,4.24%,1.27%,3.53%,3.57%
2026-07-12 13:00:00,,0.0316 Mpa,0.280 Mpa,0.0583 Mpa,0.119 Mpa,0.288 Mpa,0.0637 Mpa,0.0753 Mpa,0.0859 Mpa,0.104 Mpa,,1.51%,7.39%,1.81%,4.35%,7.31%,4.45%,2.29%,2.39%,3.09%
2026-07-12 15:00:00,,0.174 Mpa,0.0701 Mpa,0.0414 Mpa,0.374 Mpa,0.289 Mpa,0.0722 Mpa,0.0552 Mpa,0.0830 Mpa,0.111 Mpa,,6.10%,2.34%,1.20%,12.7%,7.92%,4.56%,1.50%,2.34%,3.25%
2026-07-12 17:00:00,,0.179 Mpa,0.130 Mpa,0.0826 Mpa,0.263 Mpa,0.111 Mpa,0.0898 Mpa,0.116 Mpa,0.0703 Mpa,0.202 Mpa,,7.75%,4.50%,2.71%,9.38%,2.83%,5.08%,3.58%,1.94%,5.70%
2026-07-12 19:00:00,,0.364 Mpa,0.0945 Mpa,0.110 Mpa,0.0946 Mpa,0.145 Mpa,0.0621 Mpa,0.0727 Mpa,0.104 Mpa,0.103 Mpa,,13.4%,2.65%,3.64%,3.27%,3.64%,4.27%,2.28%,2.96%,2.98%
2026-07-12 21:00:00,,0.0550 Mpa,0.0956 Mpa,0.137 Mpa,0.0768 Mpa,0.184 Mpa,0.190 Mpa,0.0802 Mpa,0.0961 Mpa,0.0880 Mpa,,2.97%,3.00%,4.75%,2.65%,4.16%,7.80%,2.44%,2.84%,2.57%
2026-07-12 23:00:00,,0.192 Mpa,0.206 Mpa,0.149 Mpa,0.0855 Mpa,0.238 Mpa,0.268 Mpa,0.0762 Mpa,0.0980 Mpa,0.0647 Mpa,,7.56%,6.38%,4.64%,3.17%,5.89%,9.72%,2.34%,2.93%,1.97%
2026-07-13 01:00:00,,0.106 Mpa,0.122 Mpa,0.0912 Mpa,0.106 Mpa,0.199 Mpa,0.0815 Mpa,0.0742 Mpa,0.105 Mpa,0.0960 Mpa,,4.75%,3.96%,2.83%,3.90%,5.34%,4.39%,2.20%,3.06%,2.59%
2026-07-13 03:00:00,0.000289 Mpa,0.0962 Mpa,0.0684 Mpa,0.0742 Mpa,0.101 Mpa,0.135 Mpa,0.0858 Mpa,0.0802 Mpa,0.125 Mpa,0.0568 Mpa,0%,4.73%,2.25%,2.53%,3.65%,3.44%,4.82%,2.39%,3.79%,1.43%
2026-07-13 05:00:00,0 Mpa,0.174 Mpa,0.129 Mpa,0.0873 Mpa,0.0882 Mpa,0.163 Mpa,0.132 Mpa,0.115 Mpa,0.218 Mpa,0.0887 Mpa,0%,6.39%,4.09%,2.82%,3.09%,4.41%,6.00%,3.45%,6.76%,2.49%
2026-07-13 07:00:00,0.000177 Mpa,0.164 Mpa,0.144 Mpa,0.130 Mpa,0.161 Mpa,0.0702 Mpa,0.0628 Mpa,0.0661 Mpa,0.143 Mpa,0.111 Mpa,0.00738%,5.88%,4.41%,4.16%,5.56%,1.33%,4.59%,1.86%,3.93%,3.35%
2026-07-13 09:00:00,0.0664 Mpa,0.128 Mpa,0.283 Mpa,0.358 Mpa,0.114 Mpa,0.0856 Mpa,0.0728 Mpa,0.0946 Mpa,0.145 Mpa,0.158 Mpa,1.53%,4.51%,8.97%,10.7%,4.00%,1.74%,4.79%,2.86%,4.27%,4.63%
2026-07-13 11:00:00,0.0822 Mpa,0.304 Mpa,0.0963 Mpa,0.0953 Mpa,0.117 Mpa,0.121 Mpa,0.0540 Mpa,0.108 Mpa,0.121 Mpa,0.250 Mpa,2.75%,10.2%,3.09%,2.80%,4.49%,2.58%,3.49%,3.26%,3.69%,7.18%
2026-07-13 13:00:00,0.0742 Mpa,0.0880 Mpa,0.165 Mpa,0.0502 Mpa,0.107 Mpa,0.0975 Mpa,0.122 Mpa,0.158 Mpa,0.0946 Mpa,0.152 Mpa,2.37%,3.86%,5.06%,1.45%,3.95%,1.50%,5.92%,4.52%,2.84%,4.30%
2026-07-13 15:00:00,0.0793 Mpa,0.193 Mpa,0.124 Mpa,0.158 Mpa,0.105 Mpa,0.202 Mpa,0.0988 Mpa,0.220 Mpa,0.0792 Mpa,0.0999 Mpa,3.06%,7.01%,3.53%,4.64%,3.69%,4.95%,5.09%,6.37%,2.35%,3.33%
2026-07-13 17:00:00,0.0796 Mpa,0.144 Mpa,0.0681 Mpa,0.0822 Mpa,0.0387 Mpa,0.171 Mpa,0.0931 Mpa,0.176 Mpa,0.145 Mpa,0.147 Mpa,2.94%,6.09%,2.00%,2.61%,1.43%,4.35%,4.66%,5.34%,4.43%,4.34%
2026-07-13 19:00:00,0.0406 Mpa,0.0801 Mpa,0.107 Mpa,0.189 Mpa,0.153 Mpa,0.177 Mpa,0.111 Mpa,0.0959 Mpa,0.137 Mpa,0.113 Mpa,1.41%,4.78%,3.22%,5.90%,5.34%,4.45%,5.37%,3.07%,4.25%,3.18%
2026-07-13 21:00:00,0.0509 Mpa,0.270 Mpa,0.0790 Mpa,0.000156 Mpa,0.0347 Mpa,0.210 Mpa,0.0973 Mpa,0.0232 Mpa,0.184 Mpa,0.0956 Mpa,1.87%,10.0%,2.44%,0%,1.15%,5.58%,5.01%,0.656%,5.59%,2.88%
2026-07-13 23:00:00,0.303 Mpa,0.0938 Mpa,0.384 Mpa,0.112 Mpa,0.142 Mpa,0.134 Mpa,0.0993 Mpa,0.0246 Mpa,0.145 Mpa,0.117 Mpa,8.97%,4.81%,12.5%,3.21%,5.12%,3.23%,5.12%,0.711%,4.31%,3.59%
2026-07-14 01:00:00,0.0403 Mpa,0.232 Mpa,0.0431 Mpa,0.139 Mpa,0.0897 Mpa,0.0863 Mpa,0.139 Mpa,0.0382 Mpa,0.218 Mpa,0.0890 Mpa,1.13%,8.07%,1.63%,4.80%,3.36%,1.96%,6.22%,1.14%,6.50%,2.71%
2026-07-14 03:00:00,0.0553 Mpa,0.0985 Mpa,0.0527 Mpa,0.0721 Mpa,0.0574 Mpa,0.154 Mpa,0.0592 Mpa,0.169 Mpa,0.254 Mpa,0.0492 Mpa,1.98%,3.91%,1.43%,2.31%,1.81%,3.85%,4.13%,5.05%,7.80%,1.49%
2026-07-14 05:00:00,0.0796 Mpa,0.0646 Mpa,0.155 Mpa,0.0515 Mpa,0.0929 Mpa,0.126 Mpa,0.109 Mpa,0.141 Mpa,0.188 Mpa,0.0670 Mpa,2.91%,3.12%,4.85%,1.61%,3.36%,3.15%,5.99%,4.37%,5.66%,2.02%
2026-07-14 07:00:00,0.0852 Mpa,0.0806 Mpa,0.102 Mpa,0.0969 Mpa,0.121 Mpa,0.497 Mpa,0.159 Mpa,0.124 Mpa,0.0430 Mpa,0.0259 Mpa,2.54%,3.77%,3.16%,2.75%,4.49%,13.7%,7.67%,3.81%,0.905%,0.621%
2026-07-14 09:00:00,0.264 Mpa,0.119 Mpa,0.0594 Mpa,0.0204 Mpa,0.0950 Mpa,0.279 Mpa,0.0798 Mpa,0.0588 Mpa,0.0911 Mpa,0.126 Mpa,7.73%,5.00%,1.87%,0.566%,3.44%,7.33%,5.18%,1.66%,2.58%,3.52%
2026-07-14 11:00:00,0.320 Mpa,0.0610 Mpa,0.0632 Mpa,0.0947 Mpa,0.0789 Mpa,0.228 Mpa,0.0611 Mpa,0.0620 Mpa,0.333 Mpa,0.0881 Mpa,9.34%,2.96%,1.99%,2.79%,2.90%,6.10%,4.63%,1.87%,10.2%,2.39%
2026-07-14 13:00:00,0.359 Mpa,0.0874 Mpa,0.0718 Mpa,0.0689 Mpa,0.217 Mpa,,0.137 Mpa,0.105 Mpa,0.122 Mpa,0.0436 Mpa,10.9%,4.01%,2.18%,2.02%,7.71%,,6.52%,3.09%,3.63%,1.14%
2026-07-14 15:00:00,0.0826 Mpa,0.0647 Mpa,0.0240 Mpa,0.136 Mpa,0.209 Mpa,0.418 Mpa,0 Mpa,0.0825 Mpa,0.158 Mpa,0.0541 Mpa,2.24%,2.92%,0.593%,4.08%,7.22%,11.6%,2.13%,2.40%,4.67%,1.53%
2026-07-14 17:00:00,0.122 Mpa,0.201 Mpa,0.285 Mpa,0.120 Mpa,0.171 Mpa,0.142 Mpa,0.209 Mpa,0.164 Mpa,0.0787 Mpa,0.0630 Mpa,3.41%,7.34%,8.54%,3.63%,6.03%,3.71%,7.74%,4.89%,2.03%,1.79%
2026-07-14 19:00:00,0.0439 Mpa,0.0745 Mpa,0.161 Mpa,0.0768 Mpa,0.142 Mpa,0.272 Mpa,0.0653 Mpa,0.0505 Mpa,0.194 Mpa,0.0643 Mpa,1.24%,2.84%,4.63%,2.40%,5.04%,7.39%,3.92%,1.26%,5.74%,2.01%
2026-07-14 21:00:00,0.0143 Mpa,0.0710 Mpa,0.155 Mpa,0.0173 Mpa,0.0485 Mpa,0.181 Mpa,0.105 Mpa,0.0837 Mpa,0.170 Mpa,0.0841 Mpa,0.173%,3.19%,4.58%,0.526%,2.02%,4.64%,5.37%,2.44%,5.03%,2.41%
2026-07-14 23:00:00,0.0943 Mpa,0.115 Mpa,0.122 Mpa,0.156 Mpa,0.225 Mpa,0.101 Mpa,0.0236 Mpa,0.0828 Mpa,0.0796 Mpa,0.0384 Mpa,3.28%,4.35%,3.63%,4.57%,7.06%,2.19%,3.95%,2.28%,2.75%,1.11%
2026-07-15 01:00:00,0.0898 Mpa,0.156 Mpa,0.117 Mpa,0.0500 Mpa,0.173 Mpa,0.235 Mpa,0.0484 Mpa,0.114 Mpa,0.0991 Mpa,0.0900 Mpa,3.04%,5.27%,4.54%,1.43%,6.84%,6.35%,4.06%,3.20%,2.86%,2.59%
2026-07-15 03:00:00,0.0176 Mpa,0.0987 Mpa,0.0899 Mpa,0.0714 Mpa,0.271 Mpa,0.0879 Mpa,0.120 Mpa,0.0676 Mpa,0.166 Mpa,0.229 Mpa,0.364%,4.00%,2.98%,2.21%,10.0%,1.86%,6.54%,1.94%,5.08%,6.74%
2026-07-15 05:00:00,0.105 Mpa,0.120 Mpa,0.0407 Mpa,0.132 Mpa,0.334 Mpa,0.125 Mpa,0.0768 Mpa,0.113 Mpa,0.0942 Mpa,0.139 Mpa,2.97%,4.93%,1.11%,3.97%,11.8%,2.90%,5.57%,3.44%,2.52%,4.01%
2026-07-15 07:00:00,0.146 Mpa,0.0520 Mpa,0.0809 Mpa,0.106 Mpa,0.395 Mpa,0.153 Mpa,0.0766 Mpa,0.104 Mpa,0.131 Mpa,0.0995 Mpa,4.71%,2.75%,2.20%,3.07%,13.3%,3.76%,5.56%,3.33%,3.57%,2.70%
2026-07-15 09:00:00,0.0623 Mpa,0.0749 Mpa,0.0964 Mpa,0.134 Mpa,0.352 Mpa,0.336 Mpa,0.0806 Mpa,0.0787 Mpa,0.0544 Mpa,0.0729 Mpa,2.13%,3.24%,2.65%,4.08%,11.8%,8.63%,5.40%,2.35%,1.37%,1.97%
2026-07-15 11:00:00,0.165 Mpa,0.0850 Mpa,0.216 Mpa,0.0842 Mpa,0.319 Mpa,,0.0927 Mpa,0.102 Mpa,0.0500 Mpa,0.225 Mpa,5.86%,3.49%,6.64%,2.60%,10.6%,,5.50%,3.25%,1.38%,6.23%
2026-07-15 13:00:00,0.0603 Mpa,0.357 Mpa,0.113 Mpa,0.0498 Mpa,0.319 Mpa,0.137 Mpa,0.106 Mpa,0.165 Mpa,0.0414 Mpa,0.101 Mpa,1.66%,11.7%,3.37%,1.47%,11.2%,2.95%,6.03%,5.12%,0.987%,2.81%
2026-07-15 15:00:00,0.0890 Mpa,0.0934 Mpa,0.111 Mpa,0.157 Mpa,0.408 Mpa,0.379 Mpa,0.108 Mpa,0.110 Mpa,0.0227 Mpa,0.0976 Mpa,2.66%,3.83%,3.23%,4.91%,14.3%,10.4%,5.85%,3.33%,0.309%,2.68%
2026-07-15 17:00:00,0.0588 Mpa,0.0698 Mpa,0.0769 Mpa,0.0268 Mpa,0.0954 Mpa,0.147 Mpa,0.0470 Mpa,0.0715 Mpa,0.0841 Mpa,0.132 Mpa,1.93%,3.07%,2.30%,0.919%,3.35%,3.24%,4.35%,2.24%,2.24%,3.81%
2026-07-15 19:00:00,0.0757 Mpa,0.130 Mpa,0.0637 Mpa,0.0955 Mpa,0.107 Mpa,0.211 Mpa,0.0656 Mpa,0.0716 Mpa,0.0878 Mpa,0.102 Mpa,3.31%,4.78%,2.06%,2.87%,3.81%,5.79%,5.16%,2.29%,2.44%,2.77%
2026-07-15 21:00:00,0.0750 Mpa,0.0629 Mpa,0.287 Mpa,0.0520 Mpa,0.0957 Mpa,0.208 Mpa,0.0511 Mpa,0.0592 Mpa,0.112 Mpa,0.168 Mpa,2.39%,3.11%,8.64%,1.90%,3.48%,5.63%,4.15%,1.80%,3.41%,4.70%
2026-07-15 23:00:00,0.155 Mpa,0.0618 Mpa,0.0645 Mpa,0.110 Mpa,0.107 Mpa,0.336 Mpa,0.174 Mpa,0.0576 Mpa,0.0683 Mpa,0.126 Mpa,4.63%,2.44%,1.92%,3.71%,3.44%,9.16%,7.54%,1.70%,2.12%,3.48%
2026-07-16 01:00:00,0.0262 Mpa,0.0926 Mpa,0.354 Mpa,0.168 Mpa,0.104 Mpa,0.0804 Mpa,0.0569 Mpa,0.0761 Mpa,0.132 Mpa,0.0589 Mpa,0.624%,3.42%,10.6%,5.56%,3.14%,1.73%,4.36%,2.37%,4.02%,1.64%
2026-07-16 03:00:00,0.0779 Mpa,0.0405 Mpa,0.335 Mpa,0.0861 Mpa,0.0896 Mpa,0.246 Mpa,0.121 Mpa,0.0680 Mpa,0.0720 Mpa,0.0745 Mpa,2.38%,1.87%,9.52%,2.60%,3.10%,6.70%,6.26%,2.23%,2.06%,1.95%
2026-07-16 05:00:00,0.0637 Mpa,0.170 Mpa,0.461 Mpa,0.0404 Mpa,0.157 Mpa,0.297 Mpa,0.115 Mpa,0.0668 Mpa,0.112 Mpa,0.0853 Mpa,1.78%,6.14%,13.9%,1.27%,5.81%,8.14%,5.93%,1.91%,3.35%,2.20%
2026-07-16 07:00:00,0.0713 Mpa,0.0299 Mpa,0.0725 Mpa,0.113 Mpa,0.246 Mpa,0.242 Mpa,0.123 Mpa,0.111 Mpa,0.207 Mpa,0.0722 Mpa,1.86%,1.67%,2.08%,3.35%,8.64%,5.92%,5.99%,3.20%,6.03%,1.94%
2026-07-16 09:00:00,0.0676 Mpa,0.148 Mpa,0.0668 Mpa,0.102 Mpa,0.0750 Mpa,0.321 Mpa,0.0337 Mpa,0.278 Mpa,0.175 Mpa,0.109 Mpa,1.82%,5.25%,1.98%,3.10%,2.85%,8.90%,4.28%,8.09%,5.45%,3.08%
2026-07-16 11:00:00,0.156 Mpa,0.104 Mpa,0.0651 Mpa,0.0769 Mpa,0.120 Mpa,0.132 Mpa,0.0946 Mpa,0.0727 Mpa,0.219 Mpa,0.127 Mpa,4.43%,3.91%,2.33%,2.27%,4.99%,2.87%,5.27%,2.13%,6.94%,3.49%
2026-07-16 13:00:00,0.200 Mpa,0.111 Mpa,0.106 Mpa,0.155 Mpa,0.0873 Mpa,0.130 Mpa,0.0862 Mpa,0.173 Mpa,0.292 Mpa,0.235 Mpa,6.19%,4.11%,3.53%,4.59%,3.44%,2.45%,4.72%,5.18%,8.77%,6.52%
2026-07-16 15:00:00,0.144 Mpa,0.0732 Mpa,0.108 Mpa,0.101 Mpa,0.247 Mpa,0.213 Mpa,0.137 Mpa,0.0675 Mpa,0.278 Mpa,0.149 Mpa,5.05%,3.16%,3.27%,3.15%,8.85%,5.81%,6.65%,1.96%,8.31%,4.30%
2026-07-16 17:00:00,0.151 Mpa,0.0923 Mpa,0.178 Mpa,0.0853 Mpa,0.179 Mpa,0.0890 Mpa,0.136 Mpa,0.126 Mpa,0.115 Mpa,0.0910 Mpa,4.63%,3.53%,5.70%,2.61%,6.56%,2.00%,6.78%,3.62%,3.24%,2.43%
2026-07-16 19:00:00,0.117 Mpa,0.117 Mpa,0.112 Mpa,0.0650 Mpa,0.325 Mpa,0.0856 Mpa,0.0682 Mpa,0.107 Mpa,0.150 Mpa,0.0655 Mpa,3.33%,4.68%,3.53%,2.23%,11.1%,1.36%,5.17%,3.35%,4.60%,1.76%
2026-07-16 21:00:00,0.102 Mpa,0.100 Mpa,0.164 Mpa,0.0712 Mpa,0.437 Mpa,0.270 Mpa,0.0733 Mpa,0.160 Mpa,0.172 Mpa,0.0686 Mpa,3.00%,4.21%,4.65%,2.19%,15.0%,7.22%,5.61%,5.15%,5.11%,1.80%
2026-07-16 23:00:00,0.362 Mpa,0.119 Mpa,0.0947 Mpa,0.108 Mpa,0.158 Mpa,0.355 Mpa,0.184 Mpa,0.167 Mpa,0.123 Mpa,0.0587 Mpa,11.7%,5.06%,2.56%,3.43%,5.61%,9.97%,8.22%,5.39%,3.67%,1.65%
2026-07-17 01:00:00,0.0509 Mpa,0.233 Mpa,0.307 Mpa,0.0700 Mpa,0.154 Mpa,0.374 Mpa,0.225 Mpa,0.157 Mpa,0.195 Mpa,0.0432 Mpa,1.53%,8.90%,9.58%,2.11%,5.85%,10.6%,9.05%,5.09%,5.72%,1.14%
2026-07-17 03:00:00,0.0803 Mpa,0.119 Mpa,0.609 Mpa,0.0423 Mpa,0.321 Mpa,0.0963 Mpa,0.145 Mpa,0.0750 Mpa,0.109 Mpa,0.0893 Mpa,2.61%,4.93%,17.2%,1.66%,11.7%,2.05%,7.91%,2.55%,3.12%,2.51%
2026-07-17 05:00:00,0.0723 Mpa,0.105 Mpa,,0.0768 Mpa,0.118 Mpa,0.133 Mpa,0.151 Mpa,0.0390 Mpa,0.176 Mpa,0.0814 Mpa,1.95%,4.07%,,2.22%,4.61%,3.14%,7.35%,1.18%,5.16%,2.28%
2026-07-17 07:00:00,0.115 Mpa,0.0896 Mpa,,0.167 Mpa,0.337 Mpa,0.114 Mpa,0.183 Mpa,0.0157 Mpa,0.194 Mpa,0.102 Mpa,3.36%,3.66%,,5.18%,10.7%,2.11%,8.25%,0.421%,5.92%,2.89%
2026-07-17 09:00:00,0.0793 Mpa,0.124 Mpa,,0.0760 Mpa,0.270 Mpa,0.215 Mpa,0.104 Mpa,0.0563 Mpa,0.161 Mpa,0.0870 Mpa,2.08%,4.80%,,2.24%,10.2%,4.53%,6.45%,1.64%,4.68%,2.53%
2026-07-17 11:00:00,0.100 Mpa,0.0962 Mpa,,0.0965 Mpa,0.308 Mpa,0.263 Mpa,0.0606 Mpa,0.0908 Mpa,0.141 Mpa,0.133 Mpa,2.71%,3.82%,,2.90%,11.7%,6.23%,5.28%,2.68%,4.34%,3.74%
2026-07-17 13:00:00,0.950 Mpa,0.0968 Mpa,,0.0604 Mpa,0.247 Mpa,0.201 Mpa,0.0770 Mpa,0.349 Mpa,0.0944 Mpa,0.0385 Mpa,26.1%,3.71%,,1.95%,9.44%,5.00%,5.35%,10.3%,2.85%,1.05%
2026-07-17 15:00:00,0.0706 Mpa,0.0995 Mpa,,0.103 Mpa,0.311 Mpa,0.121 Mpa,0.0350 Mpa,0.0533 Mpa,0.178 Mpa,0.154 Mpa,1.84%,3.95%,,3.41%,11.8%,1.80%,4.55%,1.52%,5.50%,4.28%
2026-07-17 17:00:00,0.0812 Mpa,0.108 Mpa,0 Mpa,0.0960 Mpa,0.188 Mpa,0.139 Mpa,0.155 Mpa,0.155 Mpa,0.141 Mpa,0.145 Mpa,2.41%,4.19%,0%,3.22%,6.80%,3.22%,7.48%,4.73%,4.35%,3.95%
2026-07-17 19:00:00,0.0947 Mpa,0.197 Mpa,,0.0639 Mpa,0.147 Mpa,0.279 Mpa,0.102 Mpa,0.0786 Mpa,0.144 Mpa,0.0898 Mpa,2.72%,7.06%,,1.88%,5.51%,6.89%,5.98%,2.43%,4.46%,2.43%
2026-07-17 21:00:00,0.180 Mpa,0.101 Mpa,0 Mpa,0.0375 Mpa,0.164 Mpa,0.291 Mpa,0.114 Mpa,0.0756 Mpa,0.108 Mpa,0.0592 Mpa,5.24%,4.00%,0%,1.12%,5.84%,7.46%,6.73%,2.48%,3.13%,1.63%
2026-07-17 23:00:00,0.214 Mpa,0.193 Mpa,0.00112 Mpa,0.0790 Mpa,0.141 Mpa,0.402 Mpa,0.104 Mpa,0.0548 Mpa,0.175 Mpa,0.0844 Mpa,6.20%,7.51%,0%,2.36%,5.06%,10.9%,6.17%,1.72%,5.37%,2.36%
2026-07-18 01:00:00,0.0965 Mpa,0.161 Mpa,0.169 Mpa,0.328 Mpa,0.0890 Mpa,0.331 Mpa,0.120 Mpa,0.0467 Mpa,0.113 Mpa,0.0417 Mpa,2.59%,6.35%,5.29%,9.52%,3.26%,8.48%,6.53%,1.38%,3.28%,1.15%
2026-07-18 03:00:00,0.127 Mpa,0.108 Mpa,0.180 Mpa,0.0550 Mpa,0.0704 Mpa,0.197 Mpa,0.00157 Mpa,0.0595 Mpa,0.154 Mpa,0.0870 Mpa,3.65%,4.28%,6.45%,1.74%,2.22%,4.16%,1.70%,1.71%,4.57%,2.37%
2026-07-18 05:00:00,0.0904 Mpa,0.140 Mpa,0.249 Mpa,0.144 Mpa,0.290 Mpa,0.176 Mpa,,0.0499 Mpa,0.173 Mpa,0.0991 Mpa,2.86%,6.03%,8.36%,4.68%,9.17%,4.22%,,1.55%,5.19%,2.70%
2026-07-18 07:00:00,0.0994 Mpa,0.202 Mpa,0.211 Mpa,0.154 Mpa,0.232 Mpa,0.137 Mpa,,0.246 Mpa,0.0998 Mpa,0.0901 Mpa,3.79%,7.89%,6.57%,4.85%,7.94%,2.96%,,7.34%,2.70%,2.57%
2026-07-18 09:00:00,0.133 Mpa,0.260 Mpa,0.0930 Mpa,0.111 Mpa,0.311 Mpa,0.115 Mpa,,0.0997 Mpa,0.0936 Mpa,0.0656 Mpa,5.13%,9.31%,3.20%,3.56%,10.7%,2.56%,,3.30%,2.52%,1.90%
2026-07-18 11:00:00,0.148 Mpa,0.0641 Mpa,0.132 Mpa,0.106 Mpa,0.187 Mpa,0.156 Mpa,0.150 Mpa,0.0777 Mpa,0.0957 Mpa,0.123 Mpa,5.20%,2.94%,4.39%,3.33%,5.89%,3.98%,7.07%,2.35%,2.69%,3.51%
2026-07-18 13:00:00,0.114 Mpa,0.0936 Mpa,0.0857 Mpa,0.0722 Mpa,0.103 Mpa,0.179 Mpa,,0.109 Mpa,0.109 Mpa,0.0641 Mpa,4.39%,4.26%,3.34%,2.36%,3.91%,3.81%,,3.62%,3.26%,1.67%
2026-07-18 15:00:00,0.129 Mpa,0.209 Mpa,0.0627 Mpa,0.105 Mpa,0.0755 Mpa,0.168 Mpa,,0.197 Mpa,0.0989 Mpa,0.0385 Mpa,5.21%,8.45%,2.10%,3.36%,2.71%,3.38%,,6.52%,2.81%,0.990%
2026-07-18 17:00:00,0.123 Mpa,0.142 Mpa,0.0933 Mpa,0.117 Mpa,0.147 Mpa,0.132 Mpa,,0.0737 Mpa,0.108 Mpa,0.105 Mpa,3.88%,5.58%,3.08%,3.57%,5.37%,2.80%,,2.26%,2.97%,2.93%
2026-07-18 19:00:00,0.124 Mpa,0.0648 Mpa,0.0995 Mpa,0.0554 Mpa,0.135 Mpa,0.457 Mpa,,0.0201 Mpa,0.143 Mpa,0.0888 Mpa,3.42%,2.61%,2.98%,1.68%,5.26%,12.1%,,0.432%,4.35%,2.39%
2026-07-18 21:00:00,0.117 Mpa,0.0451 Mpa,0.114 Mpa,0.0735 Mpa,0.102 Mpa,0.189 Mpa,,0.118 Mpa,0.0790 Mpa,0.0586 Mpa,3.32%,2.08%,3.40%,2.25%,3.96%,4.56%,,3.35%,2.31%,1.57%
2026-07-18 23:00:00,0.102 Mpa,0.149 Mpa,0.254 Mpa,0.121 Mpa,0.0911 Mpa,0.120 Mpa,,0.159 Mpa,0.180 Mpa,0.101 Mpa,2.81%,5.07%,7.38%,3.71%,3.58%,2.68%,,4.77%,5.42%,2.84%
2026-07-19 01:00:00,0.0771 Mpa,0.105 Mpa,,0.0323 Mpa,0.0865 Mpa,0.100 Mpa,0.0456 Mpa,0.0755 Mpa,0.103 Mpa,0.0868 Mpa,2.23%,4.01%,,0.937%,3.21%,2.08%,4.76%,2.23%,2.98%,2.40%
2026-07-19 03:00:00,0.129 Mpa,0.168 Mpa,,0.101 Mpa,0.0735 Mpa,0.112 Mpa,0.0711 Mpa,0.0812 Mpa,0.133 Mpa,0.0935 Mpa,3.91%,6.09%,,3.12%,2.77%,1.68%,4.70%,2.32%,3.76%,2.58%
2026-07-19 05:00:00,0.0796 Mpa,0.128 Mpa,0.0875 Mpa,0.0978 Mpa,0.0712 Mpa,0.155 Mpa,0.111 Mpa,0.0847 Mpa,0.125 Mpa,0.116 Mpa,2.38%,4.97%,1.86%,2.93%,2.44%,3.19%,5.95%,2.52%,3.71%,3.27%
2026-07-19 07:00:00,0.129 Mpa,0.143 Mpa,0.459 Mpa,0.0425 Mpa,0.0513 Mpa,0.109 Mpa,0.0905 Mpa,0.0491 Mpa,0.131 Mpa,0.120 Mpa,3.73%,5.95%,13.5%,1.31%,1.75%,2.19%,4.99%,1.57%,3.80%,3.55%
2026-07-19 09:00:00,0.0794 Mpa,0.0580 Mpa,0.584 Mpa,0.0231 Mpa,0.0701 Mpa,0.137 Mpa,0.147 Mpa,0.194 Mpa,0.0871 Mpa,0.0954 Mpa,2.22%,4.69%,17.7%,0.680%,2.35%,3.44%,6.80%,6.06%,2.17%,2.80%
2026-07-19 11:00:00,0.142 Mpa,0.0760 Mpa,0.335 Mpa,0.0439 Mpa,0.0597 Mpa,0.161 Mpa,0.216 Mpa,0.123 Mpa,0.0777 Mpa,0.208 Mpa,4.04%,3.69%,9.76%,1.39%,2.18%,3.61%,8.27%,3.92%,2.10%,5.81%
2026-07-19 13:00:00,0.131 Mpa,0.0643 Mpa,0.0857 Mpa,0.0968 Mpa,0.0670 Mpa,0.0624 Mpa,0.144 Mpa,0.141 Mpa,0.123 Mpa,0.147 Mpa,3.77%,2.61%,2.43%,3.07%,2.53%,1.26%,6.56%,5.11%,3.68%,4.19%
2026-07-19 15:00:00,0.116 Mpa,0.0198 Mpa,0.0718 Mpa,0.0674 Mpa,0.0868 Mpa,0.104 Mpa,0.102 Mpa,0.108 Mpa,0.235 Mpa,0.0515 Mpa,3.38%,1.30%,2.15%,2.10%,2.81%,2.55%,5.18%,4.29%,7.15%,1.41%
2026-07-19 17:00:00,0.357 Mpa,0.0606 Mpa,0.529 Mpa,0.113 Mpa,0.142 Mpa,0.0869 Mpa,0.128 Mpa,0.0795 Mpa,0.197 Mpa,0.0693 Mpa,10.1%,2.88%,16.4%,3.43%,4.40%,2.03%,6.18%,2.82%,6.07%,1.92%
2026-07-19 19:00:00,0.343 Mpa,0.101 Mpa,0.170 Mpa,0.112 Mpa,0.101 Mpa,0.126 Mpa,0.0555 Mpa,0.131 Mpa,0.212 Mpa,0.111 Mpa,11.1%,4.19%,5.88%,3.40%,3.64%,3.25%,4.98%,4.06%,6.47%,3.01%
2026-07-19 21:00:00,0.0978 Mpa,0.0593 Mpa,0.107 Mpa,0.0840 Mpa,0.155 Mpa,0.172 Mpa,0.158 Mpa,0.0952 Mpa,0.134 Mpa,0.0717 Mpa,2.50%,2.71%,3.19%,2.59%,5.44%,4.38%,7.94%,2.86%,4.23%,2.09%
2026-07-19 23:00:00,0.205 Mpa,0.0859 Mpa,0.0983 Mpa,0.0804 Mpa,0.150 Mpa,0.170 Mpa,0.130 Mpa,0.0929 Mpa,0.186 Mpa,0.0947 Mpa,5.68%,3.58%,2.91%,2.47%,5.66%,4.22%,6.63%,3.09%,5.55%,2.65%
2026-07-20 01:00:00,0.0520 Mpa,0.131 Mpa,0.150 Mpa,0.0536 Mpa,0.153 Mpa,0.184 Mpa,0.115 Mpa,0.146 Mpa,0.210 Mpa,0.103 Mpa,1.28%,4.68%,4.44%,1.64%,6.12%,4.86%,6.16%,4.42%,6.79%,2.73%
2026-07-20 03:00:00,0.185 Mpa,0.0724 Mpa,0.0728 Mpa,0.0530 Mpa,0.0857 Mpa,0.170 Mpa,0.0330 Mpa,0.256 Mpa,0.228 Mpa,0.0611 Mpa,5.36%,2.80%,2.32%,1.62%,3.33%,4.38%,3.21%,7.24%,7.23%,1.78%
2026-07-20 05:00:00,0.104 Mpa,0.277 Mpa,0.120 Mpa,0.0870 Mpa,0.0791 Mpa,0.145 Mpa,0.0762 Mpa,,0.135 Mpa,0.134 Mpa,3.10%,9.39%,4.03%,2.83%,2.59%,3.47%,5.18%,,3.87%,3.82%
2026-07-20 07:00:00,0.125 Mpa,0.196 Mpa,0.180 Mpa,0.0677 Mpa,0.0484 Mpa,0.182 Mpa,0.0676 Mpa,,0.189 Mpa,0.0713 Mpa,3.58%,7.32%,5.54%,1.96%,1.93%,4.44%,4.66%,,5.63%,2.16%
2026-07-20 09:00:00,0.183 Mpa,0.116 Mpa,0.0983 Mpa,0.0709 Mpa,0.0641 Mpa,0.231 Mpa,0.120 Mpa,0.145 Mpa,0.119 Mpa,0.0599 Mpa,5.45%,6.04%,3.15%,2.10%,2.08%,5.73%,6.15%,3.92%,3.55%,1.87%
2026-07-20 11:00:00,0.149 Mpa,0.0824 Mpa,0.132 Mpa,0.203 Mpa,0.144 Mpa,0.286 Mpa,0.105 Mpa,0.171 Mpa,0.203 Mpa,0.147 Mpa,4.40%,4.50%,4.06%,6.01%,4.74%,6.86%,5.16%,4.99%,6.65%,4.17%
2026-07-20 13:00:00,0.383 Mpa,0.0219 Mpa,0.0805 Mpa,0 Mpa,0.0566 Mpa,0.218 Mpa,0.103 Mpa,0.0511 Mpa,0.141 Mpa,0.109 Mpa,11.4%,1.36%,3.07%,0%,1.76%,4.75%,5.35%,1.89%,4.07%,3.33%
2026-07-20 15:00:00,0.129 Mpa,0.0874 Mpa,0.256 Mpa,0.0277 Mpa,0.141 Mpa,0.106 Mpa,0.123 Mpa,0.0996 Mpa,0.123 Mpa,0.0859 Mpa,3.79%,3.86%,8.48%,0.999%,4.75%,2.24%,4.78%,3.58%,3.45%,2.54%
2026-07-20 17:00:00,,0.0988 Mpa,,0.00489 Mpa,1.36 Mpa,0.403 Mpa,0.00627 Mpa,0.0788 Mpa,0.170 Mpa,0.0981 Mpa,,3.64%,,0.264%,41.2%,10.5%,1.99%,2.43%,5.21%,2.75%
2026-07-20 19:00:00,0.128 Mpa,0.0800 Mpa,0.472 Mpa,0.0599 Mpa,0.232 Mpa,0.188 Mpa,0.0203 Mpa,0.0309 Mpa,0.214 Mpa,0.0637 Mpa,3.40%,3.18%,12.7%,1.93%,7.33%,4.25%,2.44%,0.701%,6.41%,1.72%
2026-07-20 21:00:00,0.141 Mpa,0.0589 Mpa,0.0498 Mpa,0.126 Mpa,0.0805 Mpa,0.245 Mpa,0.425 Mpa,0.119 Mpa,0.124 Mpa,0.112 Mpa,3.91%,2.51%,1.61%,3.78%,2.93%,5.15%,13.6%,3.42%,3.64%,3.22%
2026-07-20 23:00:00,0.141 Mpa,0.0414 Mpa,0.0516 Mpa,0.0229 Mpa,0.0553 Mpa,0.365 Mpa,0.219 Mpa,0.128 Mpa,0.0905 Mpa,0.0671 Mpa,4.04%,1.91%,1.56%,0.588%,1.98%,9.65%,8.63%,4.19%,2.66%,1.82%
2026-07-21 01:00:00,0.167 Mpa,0.138 Mpa,0.0802 Mpa,0.107 Mpa,0.133 Mpa,0.142 Mpa,0.0724 Mpa,0.0777 Mpa,0.123 Mpa,0.0826 Mpa,4.69%,4.97%,2.60%,3.22%,4.87%,3.35%,4.31%,2.52%,3.34%,2.25%
2026-07-21 03:00:00,0.185 Mpa,0.0777 Mpa,0.0746 Mpa,0.0816 Mpa,0.261 Mpa,0.138 Mpa,0.105 Mpa,0.144 Mpa,0.110 Mpa,0.0756 Mpa,5.21%,2.65%,2.27%,2.52%,9.63%,3.18%,5.39%,4.48%,3.01%,1.99%
2026-07-21 05:00:00,0.0692 Mpa,0.0467 Mpa,0.0914 Mpa,0.0781 Mpa,0.0579 Mpa,0.0763 Mpa,0.0517 Mpa,0.102 Mpa,0.148 Mpa,0.124 Mpa,1.96%,2.37%,2.64%,2.53%,1.87%,1.46%,4.10%,2.97%,4.34%,3.51%
2026-07-21 07:00:00,0.0516 Mpa,0.0372 Mpa,0.103 Mpa,0.0269 Mpa,0.0218 Mpa,0.0695 Mpa,0.0739 Mpa,0.0603 Mpa,0.111 Mpa,0.0817 Mpa,1.55%,2.06%,3.00%,1.03%,0.714%,1.67%,4.87%,1.61%,3.30%,2.46%
2026-07-21 09:00:00,0.271 Mpa,0.0908 Mpa,0.0901 Mpa,0.0840 Mpa,0.179 Mpa,0.109 Mpa,0.216 Mpa,0.0391 Mpa,0.112 Mpa,0.0399 Mpa,8.54%,3.87%,2.62%,2.84%,6.21%,2.65%,8.46%,1.10%,3.38%,1.17%
2026-07-21 11:00:00,0.120 Mpa,0.0782 Mpa,0.0822 Mpa,0.0640 Mpa,0.000162 Mpa,0.109 Mpa,0.303 Mpa,0.0452 Mpa,0.116 Mpa,0.172 Mpa,3.57%,3.57%,2.45%,2.45%,0%,2.03%,11.4%,1.19%,3.45%,5.03%
2026-07-21 13:00:00,0.110 Mpa,0.147 Mpa,0.0306 Mpa,0.0768 Mpa,0.103 Mpa,0.119 Mpa,0.266 Mpa,0.0535 Mpa,0.162 Mpa,0.0632 Mpa,3.27%,5.45%,0.879%,2.92%,3.20%,2.38%,9.21%,1.43%,5.08%,1.66%
2026-07-21 15:00:00,0.0997 Mpa,0.0861 Mpa,0.0781 Mpa,0.0612 Mpa,0.0750 Mpa,0.125 Mpa,0.0530 Mpa,0.101 Mpa,0.112 Mpa,0.0661 Mpa,3.06%,3.62%,2.55%,2.65%,3.27%,2.93%,4.08%,2.93%,3.41%,1.70%
2026-07-21 17:00:00,0.0688 Mpa,0.129 Mpa,0.0667 Mpa,0.0848 Mpa,0.0931 Mpa,0.150 Mpa,0.162 Mpa,0.0947 Mpa,0.132 Mpa,0.0843 Mpa,2.12%,5.09%,2.15%,2.96%,2.90%,3.46%,6.61%,2.80%,3.79%,2.45%
2026-07-21 19:00:00,0.0741 Mpa,0.269 Mpa,0.111 Mpa,0.0571 Mpa,0.115 Mpa,0.171 Mpa,0.153 Mpa,0.0618 Mpa,0.104 Mpa,0.109 Mpa,2.05%,9.63%,3.28%,1.91%,3.60%,3.80%,6.59%,2.04%,2.90%,3.01%
2026-07-21 21:00:00,0.120 Mpa,0.323 Mpa,0.0957 Mpa,0.000313 Mpa,0.0374 Mpa,0.107 Mpa,0.144 Mpa,0.0423 Mpa,0.0554 Mpa,0.0735 Mpa,3.37%,12.0%,2.89%,0%,1.26%,1.74%,6.58%,1.28%,1.62%,2.02%
2026-07-21 23:00:00,0.0184 Mpa,0.343 Mpa,0.451 Mpa,,0.0262 Mpa,0.147 Mpa,0.162 Mpa,0.159 Mpa,0.0918 Mpa,0.140 Mpa,0.426%,12.7%,13.3%,,0.829%,3.06%,6.63%,4.91%,2.81%,3.77%
2026-07-22 01:00:00,0.0806 Mpa,0.164 Mpa,0.0907 Mpa,0.0366 Mpa,0.0337 Mpa,0.139 Mpa,0.125 Mpa,0.0354 Mpa,0.102 Mpa,0.110 Mpa,2.20%,7.09%,3.35%,1.12%,1.11%,2.96%,5.88%,1.04%,3.24%,3.04%
2026-07-22 03:00:00,0.102 Mpa,0.189 Mpa,0.0560 Mpa,0.131 Mpa,0.0787 Mpa,0.179 Mpa,0.157 Mpa,0.0247 Mpa,0.0976 Mpa,0.0963 Mpa,2.84%,7.88%,1.74%,4.14%,2.79%,4.04%,6.91%,0.866%,2.73%,2.84%
2026-07-22 05:00:00,0.0232 Mpa,0.259 Mpa,0.108 Mpa,0.0596 Mpa,0.0543 Mpa,0.156 Mpa,0.0934 Mpa,0.0887 Mpa,0.0736 Mpa,0.224 Mpa,0.661%,9.10%,3.35%,2.50%,1.93%,3.67%,4.75%,2.61%,2.13%,6.28%
2026-07-22 07:00:00,0.0925 Mpa,0.0437 Mpa,0.128 Mpa,0.0735 Mpa,0.0621 Mpa,0.163 Mpa,0.122 Mpa,0.0517 Mpa,0.118 Mpa,0.238 Mpa,2.92%,2.13%,4.18%,3.34%,2.29%,3.77%,6.08%,1.39%,3.57%,7.13%
2026-07-22 09:00:00,0.121 Mpa,0.146 Mpa,0.120 Mpa,0.0578 Mpa,0.0927 Mpa,0.0663 Mpa,0.0746 Mpa,0.0657 Mpa,0.167 Mpa,0.130 Mpa,3.62%,5.54%,4.01%,2.61%,3.79%,1.16%,4.39%,1.83%,5.06%,3.99%
2026-07-22 11:00:00,0.199 Mpa,0.136 Mpa,0.145 Mpa,0.0762 Mpa,0.120 Mpa,0.140 Mpa,0.226 Mpa,0.0683 Mpa,0.105 Mpa,0.114 Mpa,6.55%,4.80%,4.94%,2.76%,4.62%,3.05%,8.41%,2.03%,3.01%,3.44%
2026-07-22 13:00:00,0.213 Mpa,0.0861 Mpa,0.108 Mpa,0.0757 Mpa,0.161 Mpa,0.470 Mpa,0.119 Mpa,0.114 Mpa,0.0706 Mpa,,6.90%,3.30%,3.28%,2.55%,5.75%,13.2%,5.74%,3.30%,2.20%,
2026-07-22 15:00:00,0.238 Mpa,0.0251 Mpa,0.226 Mpa,0.0768 Mpa,0.107 Mpa,0.469 Mpa,0.0611 Mpa,0.0701 Mpa,0.145 Mpa,0.0883 Mpa,7.67%,1.44%,6.85%,2.50%,3.68%,12.9%,4.09%,2.12%,4.65%,2.71%
2026-07-22 17:00:00,0.134 Mpa,0.283 Mpa,0.113 Mpa,0.122 Mpa,0.157 Mpa,0.102 Mpa,0.0808 Mpa,0.0994 Mpa,0.128 Mpa,0.196 Mpa,4.06%,9.73%,3.37%,4.19%,5.42%,2.17%,4.59%,2.99%,3.98%,5.77%
2026-07-22 19:00:00,0.107 Mpa,0.179 Mpa,0.134 Mpa,0.0594 Mpa,0.119 Mpa,0.109 Mpa,0.186 Mpa,0.0597 Mpa,0.0849 Mpa,0.142 Mpa,3.19%,6.97%,4.27%,1.94%,3.89%,2.23%,7.39%,1.98%,2.76%,3.88%
2026-07-22 21:00:00,0.106 Mpa,0.338 Mpa,0.109 Mpa,0.0524 Mpa,0.0497 Mpa,0.167 Mpa,0.0672 Mpa,0.0592 Mpa,0.0767 Mpa,0.151 Mpa,3.16%,12.9%,3.11%,1.61%,1.65%,3.91%,4.30%,2.21%,2.36%,4.21%
2026-07-22 23:00:00,0.255 Mpa,0.199 Mpa,0.224 Mpa,0.0996 Mpa,0.0750 Mpa,0.135 Mpa,0.195 Mpa,0.128 Mpa,0.220 Mpa,0.128 Mpa,7.34%,7.84%,6.76%,3.08%,2.63%,3.41%,7.98%,3.97%,7.14%,3.51%
2026-07-23 01:00:00,0.184 Mpa,0.216 Mpa,0.203 Mpa,0.0723 Mpa,0.0364 Mpa,0.144 Mpa,0.156 Mpa,0.0662 Mpa,0.0999 Mpa,0.0352 Mpa,5.56%,7.88%,6.54%,2.32%,1.26%,3.51%,7.20%,1.81%,2.97%,0.849%
2026-07-23 03:00:00,0.119 Mpa,0.0611 Mpa,0.0959 Mpa,0.157 Mpa,0.0744 Mpa,0.243 Mpa,0.147 Mpa,0.0798 Mpa,0.0671 Mpa,0.0523 Mpa,3.66%,2.54%,3.19%,5.07%,2.73%,5.67%,6.49%,2.40%,1.91%,1.36%
2026-07-23 05:00:00,0.0673 Mpa,0.103 Mpa,0.0745 Mpa,0.0706 Mpa,0.0741 Mpa,0.245 Mpa,0.0995 Mpa,0.0585 Mpa,0.0722 Mpa,0.0652 Mpa,2.47%,3.99%,2.17%,2.59%,2.65%,6.75%,5.73%,1.95%,2.51%,1.74%
2026-07-23 07:00:00,0.173 Mpa,0.0504 Mpa,0.0462 Mpa,0.0701 Mpa,0.0635 Mpa,0.181 Mpa,0.132 Mpa,0.0494 Mpa,0.0854 Mpa,0.0790 Mpa,5.21%,2.73%,1.27%,2.78%,2.33%,4.85%,6.07%,1.36%,2.22%,2.04%
2026-07-23 09:00:00,0.0706 Mpa,0.0630 Mpa,0.0376 Mpa,0.181 Mpa,0.231 Mpa,0.115 Mpa,0.308 Mpa,0.0746 Mpa,0.0385 Mpa,0.0654 Mpa,2.24%,2.96%,0.906%,6.01%,8.83%,2.50%,11.9%,2.15%,0.869%,1.77%
2026-07-23 11:00:00,0.106 Mpa,0.0416 Mpa,0.0602 Mpa,0.149 Mpa,0.173 Mpa,0.201 Mpa,0.158 Mpa,0.0705 Mpa,0.0793 Mpa,0.151 Mpa,3.37%,2.47%,1.53%,4.61%,6.50%,5.11%,7.21%,1.96%,2.11%,4.20%
2026-07-23 13:00:00,0.141 Mpa,0.0973 Mpa,0.0647 Mpa,0.0675 Mpa,0.0631 Mpa,0.104 Mpa,0.224 Mpa,0.0735 Mpa,0.0985 Mpa,0.0713 Mpa,4.79%,3.66%,2.07%,2.10%,2.35%,2.19%,8.75%,2.14%,2.80%,1.88%
2026-07-23 15:00:00,0.265 Mpa,0.0941 Mpa,0.268 Mpa,0.121 Mpa,0.173 Mpa,0.110 Mpa,0.372 Mpa,0.183 Mpa,0.0942 Mpa,0.0964 Mpa,7.71%,4.14%,8.42%,3.51%,6.22%,2.44%,12.8%,5.33%,2.55%,2.67%
2026-07-23 17:00:00,0.0398 Mpa,0.0949 Mpa,0.0825 Mpa,,0.0374 Mpa,0.126 Mpa,0.0971 Mpa,0.128 Mpa,0.0750 Mpa,0.135 Mpa,1.29%,4.20%,2.51%,,1.50%,3.04%,5.59%,3.70%,1.97%,3.78%
2026-07-23 19:00:00,0.240 Mpa,0.0571 Mpa,0.0176 Mpa,0.120 Mpa,0.0635 Mpa,0.0387 Mpa,0.222 Mpa,0.0747 Mpa,0.102 Mpa,0.0936 Mpa,5.90%,2.46%,1.99%,3.93%,2.75%,0.494%,8.58%,2.06%,2.99%,2.78%
2026-07-23 21:00:00,0.0215 Mpa,0.0478 Mpa,0 Mpa,0.0332 Mpa,0.0757 Mpa,0.0555 Mpa,0.535 Mpa,0.0899 Mpa,0.0725 Mpa,0.111 Mpa,0%,2.29%,0%,1.70%,3.21%,0.819%,18.3%,2.63%,2.12%,3.19%
2026-07-23 23:00:00,0.0656 Mpa,0.0625 Mpa,0.0106 Mpa,0.225 Mpa,0.0647 Mpa,0.0820 Mpa,0.0826 Mpa,0.0500 Mpa,0.0718 Mpa,0.0726 Mpa,1.40%,2.61%,0.241%,6.87%,2.30%,1.65%,4.58%,1.50%,2.14%,2.15%
2026-07-24 01:00:00,0.156 Mpa,0.0715 Mpa,0.0665 Mpa,0.0763 Mpa,0.154 Mpa,0.270 Mpa,0.191 Mpa,0.0790 Mpa,0.0759 Mpa,0.0804 Mpa,4.35%,2.95%,3.36%,2.58%,6.26%,7.12%,7.93%,2.30%,2.17%,2.29%
2026-07-24 03:00:00,0.111 Mpa,0.625 Mpa,0.0873 Mpa,0.0702 Mpa,0.207 Mpa,0.208 Mpa,0.0838 Mpa,0.0660 Mpa,0.0897 Mpa,0.0837 Mpa,3.21%,18.5%,2.60%,2.13%,8.07%,5.37%,4.85%,1.96%,2.83%,2.30%
2026-07-24 05:00:00,0.0754 Mpa,0.0757 Mpa,0.0664 Mpa,0.00720 Mpa,0.131 Mpa,0.184 Mpa,0.0763 Mpa,0.0851 Mpa,0.0887 Mpa,0.103 Mpa,2.11%,3.38%,2.59%,0.275%,5.01%,4.46%,5.24%,2.38%,2.61%,2.81%
2026-07-24 07:00:00,0.118 Mpa,0.0604 Mpa,0.0213 Mpa,0.0194 Mpa,0.141 Mpa,0.154 Mpa,0.0948 Mpa,0.201 Mpa,0.0665 Mpa,0.0576 Mpa,4.04%,2.95%,1.04%,0.715%,5.34%,3.51%,5.80%,6.09%,1.81%,1.50%
2026-07-24 09:00:00,0.162 Mpa,0.0517 Mpa,0.0735 Mpa,0.119 Mpa,0.147 Mpa,0.128 Mpa,0.0533 Mpa,0.167 Mpa,0.0943 Mpa,0.0634 Mpa,5.29%,2.93%,3.07%,3.89%,5.38%,3.11%,4.35%,4.91%,2.69%,1.57%
2026-07-24 11:00:00,0.117 Mpa,0.101 Mpa,0.0961 Mpa,0.0886 Mpa,0.133 Mpa,0.242 Mpa,0.126 Mpa,0.112 Mpa,0.101 Mpa,0.0603 Mpa,4.11%,4.40%,3.39%,2.66%,4.96%,6.48%,7.40%,3.23%,2.93%,1.64%
2026-07-24 13:00:00,0.0694 Mpa,0.0902 Mpa,0.0592 Mpa,0.0933 Mpa,0.261 Mpa,0.276 Mpa,0.118 Mpa,0.212 Mpa,0.0660 Mpa,0.112 Mpa,1.95%,3.42%,6.33%,2.99%,9.37%,7.08%,6.54%,6.30%,1.74%,2.99%
2026-07-24 15:00:00,0.119 Mpa,0.0652 Mpa,0.157 Mpa,0.114 Mpa,0.0379 Mpa,0.109 Mpa,0.449 Mpa,0.0761 Mpa,0.0897 Mpa,,3.49%,3.10%,5.38%,3.61%,1.32%,2.25%,14.6%,2.19%,2.55%,
2026-07-24 17:00:00,0.157 Mpa,0.128 Mpa,0.0355 Mpa,0.244 Mpa,0.143 Mpa,0.117 Mpa,0.171 Mpa,0.137 Mpa,0.0906 Mpa,,4.74%,5.48%,1.35%,7.99%,5.06%,2.73%,7.83%,4.04%,2.68%,
2026-07-24 19:00:00,0.207 Mpa,0.0458 Mpa,0.0317 Mpa,0.137 Mpa,0.166 Mpa,0.0794 Mpa,0.283 Mpa,0.0748 Mpa,,,6.33%,2.42%,1.28%,4.92%,5.18%,1.30%,11.1%,2.32%,,
2026-07-24 21:00:00,0.103 Mpa,0.0341 Mpa,0.0878 Mpa,0.162 Mpa,0.136 Mpa,0.291 Mpa,0.0699 Mpa,0.0970 Mpa,,,3.99%,2.14%,2.61%,5.13%,4.08%,8.22%,4.67%,2.93%,,
2026-07-24 23:00:00,0.133 Mpa,0.0996 Mpa,0.0591 Mpa,0.0185 Mpa,0.0523 Mpa,0.160 Mpa,0.180 Mpa,0.0717 Mpa,0 Mpa,,4.36%,3.86%,2.38%,0.600%,1.64%,4.20%,8.03%,2.15%,0.753%,
2026-07-25 01:00:00,0.0810 Mpa,0.114 Mpa,0.0624 Mpa,0.000253 Mpa,0.346 Mpa,0.131 Mpa,0.131 Mpa,0.0837 Mpa,0.0981 Mpa,0.120 Mpa,2.55%,4.28%,2.56%,0%,10.2%,2.72%,6.67%,2.60%,2.91%,2.89%
2026-07-25 03:00:00,0.0765 Mpa,0.0781 Mpa,0.141 Mpa,,0.115 Mpa,0.142 Mpa,0.0531 Mpa,0.106 Mpa,0.0792 Mpa,0.0674 Mpa,2.53%,3.49%,3.96%,,4.13%,4.17%,3.77%,3.11%,2.22%,1.80%
2026-07-25 05:00:00,0.0608 Mpa,0.147 Mpa,0.0699 Mpa,,0.0708 Mpa,0.119 Mpa,0.154 Mpa,0.102 Mpa,0.0826 Mpa,0.152 Mpa,2.19%,5.40%,2.17%,,2.38%,3.00%,6.92%,3.06%,2.49%,4.26%
2026-07-25 07:00:00,0.126 Mpa,0.151 Mpa,0.0710 Mpa,,0.0767 Mpa,0.105 Mpa,0.164 Mpa,0.0567 Mpa,0.0880 Mpa,0.0828 Mpa,3.59%,5.41%,1.88%,,2.84%,2.11%,7.43%,1.69%,2.89%,2.16%
2026-07-25 09:00:00,0.145 Mpa,0.0459 Mpa,0.0189 Mpa,0.402 Mpa,0.0498 Mpa,0.139 Mpa,0.135 Mpa,0.0918 Mpa,0.0552 Mpa,0.124 Mpa,4.84%,2.28%,0.302%,11.9%,2.13%,3.31%,6.58%,2.65%,1.59%,3.34%
2026-07-25 11:00:00,0.203 Mpa,0.0484 Mpa,0.146 Mpa,,0.157 Mpa,0.370 Mpa,0.353 Mpa,0.0480 Mpa,0.129 Mpa,0.00321 Mpa,6.38%,2.31%,4.65%,,5.90%,9.91%,13.0%,1.25%,3.70%,0.0864%
2026-07-25 13:00:00,0.204 Mpa,0.0461 Mpa,0.0755 Mpa,,0.186 Mpa,0.122 Mpa,0.142 Mpa,0.0274 Mpa,0.0890 Mpa,0.0259 Mpa,5.83%,2.25%,2.79%,,6.25%,2.28%,6.57%,0.747%,2.49%,0.660%
2026-07-25 15:00:00,0.0808 Mpa,0.0828 Mpa,0.0488 Mpa,0.00147 Mpa,0.0780 Mpa,0.166 Mpa,0.147 Mpa,0.333 Mpa,0.235 Mpa,0.0948 Mpa,2.38%,3.67%,1.49%,0%,3.03%,3.13%,6.29%,9.63%,7.27%,2.53%
2026-07-25 17:00:00,0.106 Mpa,0.103 Mpa,0.0625 Mpa,,0.144 Mpa,0.155 Mpa,0.634 Mpa,0.0327 Mpa,0.221 Mpa,0.0753 Mpa,2.93%,4.29%,1.64%,,5.15%,3.36%,22.4%,1.01%,6.59%,1.98%
2026-07-25 19:00:00,0.177 Mpa,0.0527 Mpa,0.0605 Mpa,,0.0301 Mpa,0.177 Mpa,0.0795 Mpa,0.0293 Mpa,0.170 Mpa,0.0733 Mpa,5.14%,2.86%,1.71%,,0.822%,4.14%,5.50%,0.995%,4.98%,1.91%
2026-07-25 21:00:00,0.0741 Mpa,0.0518 Mpa,0.160 Mpa,,0.0509 Mpa,0.198 Mpa,0.197 Mpa,0.0520 Mpa,0.0470 Mpa,0.0695 Mpa,2.32%,2.98%,4.91%,,1.77%,4.82%,8.11%,1.74%,1.39%,1.79%
2026-07-25 23:00:00,0.161 Mpa,0.124 Mpa,0.0579 Mpa,0.121 Mpa,0.128 Mpa,0.188 Mpa,0.254 Mpa,0.139 Mpa,0.0982 Mpa,0.160 Mpa,4.48%,5.27%,1.57%,4.50%,4.91%,4.65%,9.39%,4.68%,2.85%,4.26%
2026-07-26 01:00:00,0.0913 Mpa,0.0772 Mpa,0.174 Mpa,0.000178 Mpa,0.651 Mpa,0.312 Mpa,0.150 Mpa,0.0756 Mpa,0.0396 Mpa,0.0447 Mpa,2.58%,3.39%,9.30%,0.175%,23.5%,8.56%,6.94%,2.37%,1.19%,1.15%
2026-07-26 03:00:00,0.105 Mpa,0.215 Mpa,0.0856 Mpa,0.376 Mpa,0.0244 Mpa,,0.0657 Mpa,0.103 Mpa,0.117 Mpa,0.0460 Mpa,3.04%,7.87%,2.86%,11.2%,0.841%,,4.92%,3.45%,3.37%,1.09%
2026-07-26 05:00:00,0.181 Mpa,0.192 Mpa,0.153 Mpa,0.0813 Mpa,0.129 Mpa,,0.100 Mpa,0.0761 Mpa,0.102 Mpa,0.132 Mpa,5.07%,7.07%,4.90%,2.58%,4.38%,,5.82%,2.45%,2.81%,3.54%
2026-07-26 07:00:00,0.146 Mpa,0.234 Mpa,0.145 Mpa,0.0875 Mpa,0.215 Mpa,,0.0988 Mpa,0.0691 Mpa,0.114 Mpa,0.122 Mpa,4.00%,8.37%,4.23%,2.83%,7.06%,,5.82%,2.12%,3.44%,3.40%
2026-07-26 09:00:00,0.0799 Mpa,0.0726 Mpa,0.120 Mpa,0.103 Mpa,0.112 Mpa,,0.117 Mpa,0.0851 Mpa,0.123 Mpa,0.0861 Mpa,2.31%,3.42%,3.91%,3.21%,4.77%,,6.39%,2.51%,3.55%,2.27%
2026-07-26 11:00:00,0.119 Mpa,0.0766 Mpa,0.127 Mpa,0.0615 Mpa,0.178 Mpa,0.101 Mpa,0.106 Mpa,0.0868 Mpa,0.213 Mpa,0.179 Mpa,3.49%,3.15%,4.01%,2.06%,7.09%,1.75%,6.25%,2.51%,6.32%,4.85%
2026-07-26 13:00:00,0.0849 Mpa,0.0909 Mpa,0.547 Mpa,,0.0824 Mpa,,0.147 Mpa,0.0579 Mpa,0.275 Mpa,0.136 Mpa,2.45%,3.65%,17.1%,,2.64%,,6.77%,1.78%,8.38%,3.86%
2026-07-26 15:00:00,0.0862 Mpa,0.0768 Mpa,0.140 Mpa,,0.135 Mpa,,0.0910 Mpa,0.202 Mpa,0.114 Mpa,0.108 Mpa,2.32%,3.09%,4.38%,,5.84%,,5.50%,6.17%,3.26%,3.05%
2026-07-26 17:00:00,0.0771 Mpa,0.160 Mpa,0.119 Mpa,,0.121 Mpa,,0.117 Mpa,0.148 Mpa,0.179 Mpa,0.126 Mpa,2.10%,6.19%,3.95%,,4.52%,,6.19%,4.48%,5.48%,3.50%
2026-07-26 19:00:00,0.149 Mpa,0.0964 Mpa,0.152 Mpa,,0.244 Mpa,,0.0421 Mpa,0.151 Mpa,0.0597 Mpa,0.0952 Mpa,4.48%,4.14%,4.69%,,9.19%,,3.99%,4.74%,1.70%,2.56%
2026-07-26 21:00:00,0.108 Mpa,0.145 Mpa,0.0816 Mpa,,0.758 Mpa,,0.150 Mpa,0.139 Mpa,0.0488 Mpa,0.0635 Mpa,3.12%,5.44%,2.46%,,26.5%,,7.02%,4.03%,1.30%,1.68%
2026-07-26 23:00:00,0.0596 Mpa,0.185 Mpa,0.0429 Mpa,,0.0585 Mpa,,0.104 Mpa,0.104 Mpa,0.109 Mpa,0.0612 Mpa,2.05%,6.55%,1.16%,,2.12%,,6.02%,3.15%,3.08%,1.60%
2026-07-27 01:00:00,0.106 Mpa,0 Mpa,0.230 Mpa,0.734 Mpa,0.208 Mpa,,0.100 Mpa,0.224 Mpa,0.00171 Mpa,0 Mpa,3.54%,0.800%,6.50%,21.2%,6.61%,,5.63%,6.94%,0%,0%
2026-07-27 03:00:00,0.0877 Mpa,0.167 Mpa,0.0613 Mpa,,0.130 Mpa,0.0240 Mpa,0.0831 Mpa,0.160 Mpa,0.151 Mpa,0.0336 Mpa,2.58%,5.97%,0.977%,,4.50%,0.0583%,4.74%,4.85%,4.15%,0.692%
2026-07-27 05:00:00,0.142 Mpa,0.113 Mpa,0.0820 Mpa,0.152 Mpa,0.126 Mpa,0.0240 Mpa,0.0859 Mpa,0.131 Mpa,0.0562 Mpa,0.0932 Mpa,4.08%,4.62%,2.27%,4.53%,4.57%,0%,5.32%,4.00%,1.57%,2.40%
2026-07-27 07:00:00,0.121 Mpa,0.0864 Mpa,0.115 Mpa,0.0724 Mpa,0.186 Mpa,,0.215 Mpa,0.105 Mpa,0.120 Mpa,0.0965 Mpa,3.31%,3.55%,3.55%,2.14%,7.49%,,9.17%,3.04%,3.30%,2.45%
2026-07-27 09:00:00,0.0569 Mpa,0.0734 Mpa,0.118 Mpa,0.0993 Mpa,0.117 Mpa,0.229 Mpa,0.129 Mpa,0.128 Mpa,0.118 Mpa,0.0897 Mpa,1.65%,3.28%,3.73%,3.02%,4.24%,5.83%,6.44%,3.77%,3.27%,2.34%
2026-07-27 11:00:00,0.106 Mpa,0.108 Mpa,0.0962 Mpa,0.143 Mpa,0.152 Mpa,0.169 Mpa,0.129 Mpa,0.110 Mpa,0.0809 Mpa,0.183 Mpa,3.00%,4.33%,2.87%,4.31%,5.67%,4.10%,5.98%,3.12%,2.19%,5.01%
2026-07-27 13:00:00,0.216 Mpa,0.141 Mpa,0.131 Mpa,0.129 Mpa,0.0619 Mpa,0.176 Mpa,0.0952 Mpa,0.111 Mpa,0.169 Mpa,0.0431 Mpa,6.64%,5.85%,3.63%,3.84%,2.00%,4.83%,5.08%,3.11%,4.99%,1.03%
2026-07-27 15:00:00,0.118 Mpa,0.0680 Mpa,0.0142 Mpa,0.129 Mpa,0.0305 Mpa,0.158 Mpa,0.140 Mpa,0.0667 Mpa,0.142 Mpa,0.110 Mpa,3.74%,3.15%,0.0374%,3.82%,1.06%,4.08%,6.62%,1.88%,4.36%,2.99%
2026-07-27 17:00:00,0.108 Mpa,0.129 Mpa,,0.116 Mpa,0.0268 Mpa,0.171 Mpa,0.216 Mpa,0.0871 Mpa,0.234 Mpa,0.135 Mpa,3.40%,5.17%,,3.66%,0.929%,4.50%,9.30%,2.91%,7.36%,3.66%
2026-07-27 19:00:00,0.128 Mpa,0.0876 Mpa,0.0910 Mpa,0.227 Mpa,0.102 Mpa,0.205 Mpa,0.183 Mpa,0.0503 Mpa,0.133 Mpa,0.106 Mpa,3.98%,3.83%,2.18%,7.14%,3.55%,5.49%,8.28%,2.12%,4.05%,2.73%
2026-07-27 21:00:00,0 Mpa,0.0850 Mpa,0.0279 Mpa,0.107 Mpa,0.160 Mpa,0.197 Mpa,0.107 Mpa,0.0877 Mpa,0.0947 Mpa,0.0892 Mpa,0%,3.58%,0.476%,3.36%,5.71%,4.95%,6.09%,3.12%,2.88%,2.35%
2026-07-27 23:00:00,0.127 Mpa,0.0924 Mpa,0.0470 Mpa,0.217 Mpa,0.318 Mpa,0.136 Mpa,0.102 Mpa,0.0593 Mpa,0.107 Mpa,0.0352 Mpa,3.27%,3.87%,5.41%,6.80%,11.1%,3.09%,5.77%,2.16%,3.22%,0.776%
2026-07-28 01:00:00,0.251 Mpa,0.0593 Mpa,0.00504 Mpa,0.0774 Mpa,0.140 Mpa,0.135 Mpa,0.205 Mpa,0.0415 Mpa,0.171 Mpa,0.176 Mpa,7.06%,2.61%,0.271%,2.29%,5.04%,3.06%,8.62%,1.46%,5.05%,4.78%
2026-07-28 03:00:00,0.116 Mpa,0.0900 Mpa,0.519 Mpa,0.213 Mpa,0.0730 Mpa,0.161 Mpa,0.148 Mpa,0.0587 Mpa,0.104 Mpa,0.382 Mpa,3.91%,4.01%,16.1%,6.62%,2.47%,3.89%,7.47%,2.15%,2.80%,10.4%
2026-07-28 05:00:00,0.119 Mpa,0.148 Mpa,0.105 Mpa,0.191 Mpa,0.0193 Mpa,0.386 Mpa,0.115 Mpa,0.111 Mpa,0.148 Mpa,0.586 Mpa,3.37%,6.71%,2.96%,5.57%,0.666%,9.82%,6.12%,3.77%,4.41%,16.2%
2026-07-28 07:00:00,0.197 Mpa,0.688 Mpa,0.0558 Mpa,0.0260 Mpa,0.0621 Mpa,0.298 Mpa,0.0759 Mpa,0.0834 Mpa,0.0712 Mpa,0.194 Mpa,5.54%,24.0%,1.46%,0.777%,2.20%,6.43%,4.66%,2.55%,2.02%,5.45%
2026-07-28 09:00:00,0.208 Mpa,0.354 Mpa,0.106 Mpa,0.0379 Mpa,0.0647 Mpa,0.381 Mpa,0.153 Mpa,0.0470 Mpa,0.0238 Mpa,0.114 Mpa,6.19%,13.8%,2.94%,1.06%,2.30%,9.79%,7.31%,1.48%,0.504%,3.21%
2026-07-28 11:00:00,0.218 Mpa,0.177 Mpa,0.109 Mpa,0.0416 Mpa,0.148 Mpa,0.288 Mpa,0.0467 Mpa,0.0646 Mpa,0.162 Mpa,0.136 Mpa,7.18%,8.65%,3.52%,1.24%,5.20%,8.27%,3.81%,2.06%,5.12%,3.75%
2026-07-28 13:00:00,0.431 Mpa,0.0555 Mpa,0.0628 Mpa,0.0657 Mpa,0.00801 Mpa,0.299 Mpa,0.0616 Mpa,0.0803 Mpa,0.248 Mpa,0.0557 Mpa,13.7%,2.51%,71.4%,2.07%,0.278%,9.17%,3.82%,2.72%,7.61%,1.65%
2026-07-28 15:00:00,0.297 Mpa,0.104 Mpa,0.0121 Mpa,0.105 Mpa,0.0134 Mpa,0.170 Mpa,0.0734 Mpa,0.171 Mpa,0.571 Mpa,0.252 Mpa,8.74%,4.27%,93.6%,3.27%,0.464%,4.80%,4.84%,5.55%,18.3%,7.32%
2026-07-28 17:00:00,0.144 Mpa,0.0402 Mpa,0.0135 Mpa,0.0301 Mpa,0.00597 Mpa,0.213 Mpa,0.133 Mpa,0.134 Mpa,0.264 Mpa,0.115 Mpa,4.21%,1.68%,98.2%,0.956%,0.200%,6.17%,6.94%,4.08%,8.80%,3.28%
2026-07-28 19:00:00,0.351 Mpa,0.125 Mpa,,0.0301 Mpa,0.0776 Mpa,0.142 Mpa,0.0553 Mpa,0.104 Mpa,0.348 Mpa,0.0818 Mpa,11.8%,4.65%,,0.838%,3.05%,3.34%,4.14%,3.29%,10.8%,2.19%
2026-07-28 21:00:00,0.535 Mpa,0.104 Mpa,0.543 Mpa,0.140 Mpa,0.0257 Mpa,0.147 Mpa,0.135 Mpa,0.0878 Mpa,0.188 Mpa,0.131 Mpa,17.9%,3.75%,20.3%,4.13%,0.994%,2.95%,6.64%,2.62%,5.75%,3.58%
2026-07-28 23:00:00,,0.0718 Mpa,0.0716 Mpa,0.0739 Mpa,0.111 Mpa,0.146 Mpa,0.0430 Mpa,0.136 Mpa,0.135 Mpa,0.150 Mpa,,2.86%,8.23%,2.33%,4.25%,3.58%,3.55%,4.25%,4.13%,4.01%
2026-07-29 01:00:00,,0.243 Mpa,0.0555 Mpa,0.0231 Mpa,0.271 Mpa,0.215 Mpa,0.107 Mpa,0.147 Mpa,0.307 Mpa,0.0686 Mpa,,8.07%,5.90%,0.656%,9.26%,5.23%,6.08%,4.43%,9.18%,1.79%
2026-07-29 03:00:00,,0 Mpa,0.0884 Mpa,0.0828 Mpa,0.102 Mpa,0.302 Mpa,0.169 Mpa,0.0654 Mpa,0.380 Mpa,0.0853 Mpa,,0.372%,7.96%,2.50%,3.41%,6.94%,7.70%,2.16%,11.3%,2.27%
2026-07-29 05:00:00,,0.265 Mpa,0.347 Mpa,0.0646 Mpa,0.129 Mpa,0.262 Mpa,0.129 Mpa,0.0261 Mpa,0.357 Mpa,0.0901 Mpa,,9.47%,16.1%,2.06%,4.34%,5.66%,6.56%,0.782%,10.9%,2.47%
2026-07-29 07:00:00,,0.242 Mpa,0.128 Mpa,0.0628 Mpa,0.146 Mpa,0.213 Mpa,0.142 Mpa,0.0531 Mpa,0.310 Mpa,0.0932 Mpa,,9.17%,7.42%,1.99%,4.96%,4.60%,6.68%,1.82%,11.0%,2.61%
2026-07-29 09:00:00,,0.175 Mpa,0.133 Mpa,0.199 Mpa,0.0265 Mpa,0.197 Mpa,0.0890 Mpa,0.105 Mpa,0.220 Mpa,0.0811 Mpa,,6.97%,7.48%,6.26%,0.871%,4.30%,5.22%,3.37%,7.30%,2.43%
2026-07-29 11:00:00,,0.242 Mpa,0.167 Mpa,0 Mpa,0.0479 Mpa,0.291 Mpa,0.119 Mpa,0.192 Mpa,0.0209 Mpa,0.466 Mpa,,9.13%,9.04%,0%,1.89%,7.35%,6.23%,6.03%,0.494%,12.7%
2026-07-29 13:00:00,0.0457 Mpa,0.0919 Mpa,1.78 Mpa,0.00979 Mpa,0.132 Mpa,0.236 Mpa,0.136 Mpa,0.124 Mpa,0.176 Mpa,,1.31%,3.61%,57.6%,0.283%,4.63%,5.43%,6.89%,4.13%,5.70%,
2026-07-29 15:00:00,0.304 Mpa,0.0906 Mpa,0.0879 Mpa,0.0848 Mpa,0.267 Mpa,0.193 Mpa,0.0787 Mpa,0.159 Mpa,0.299 Mpa,0.0512 Mpa,9.59%,3.89%,3.63%,2.59%,9.30%,4.66%,4.83%,4.77%,9.63%,1.19%
2026-07-29 17:00:00,0.336 Mpa,0.145 Mpa,0.0134 Mpa,0.0723 Mpa,0.112 Mpa,0.0716 Mpa,0.101 Mpa,0.100 Mpa,0.0958 Mpa,0.0629 Mpa,9.96%,5.42%,6.02%,2.28%,4.35%,1.39%,5.93%,3.03%,2.87%,1.62%
2026-07-29 19:00:00,0.126 Mpa,0.110 Mpa,,0.0846 Mpa,0.108 Mpa,0.105 Mpa,0.0791 Mpa,0.0776 Mpa,0.0349 Mpa,0.0482 Mpa,4.35%,4.69%,,2.56%,4.01%,2.27%,5.64%,2.29%,0.848%,1.24%
2026-07-29 21:00:00,0.0652 Mpa,0.0504 Mpa,,0.0904 Mpa,0.0386 Mpa,0.121 Mpa,0.158 Mpa,0.0829 Mpa,0.0920 Mpa,0.0419 Mpa,2.23%,2.60%,,2.79%,2.08%,2.66%,7.48%,2.38%,2.67%,1.09%
2026-07-29 23:00:00,0.0505 Mpa,0.0584 Mpa,,0.0410 Mpa,0.0867 Mpa,0.193 Mpa,0.0676 Mpa,0.267 Mpa,0.113 Mpa,0.0692 Mpa,1.59%,2.78%,,1.37%,4.05%,3.92%,4.71%,7.85%,3.24%,1.79%
2026-07-30 01:00:00,0.0235 Mpa,0.0779 Mpa,,0.0471 Mpa,0.144 Mpa,0.147 Mpa,0.114 Mpa,0.0967 Mpa,0.130 Mpa,0.0744 Mpa,0.634%,2.90%,,1.48%,5.88%,2.86%,6.81%,3.03%,3.81%,1.93%
2026-07-30 03:00:00,0.0453 Mpa,0.141 Mpa,,0.0684 Mpa,0.0479 Mpa,0.113 Mpa,0.0638 Mpa,0.0738 Mpa,0.241 Mpa,0.149 Mpa,1.22%,5.29%,,2.18%,1.80%,2.55%,5.01%,2.25%,7.11%,3.99%
2026-07-30 05:00:00,0.0519 Mpa,0.0706 Mpa,,0.108 Mpa,0.216 Mpa,0.0957 Mpa,0.0629 Mpa,0.0556 Mpa,0.131 Mpa,0.0669 Mpa,1.34%,3.14%,,3.84%,7.00%,3.06%,4.87%,1.66%,3.97%,1.89%
2026-07-30 07:00:00,0.151 Mpa,0.0314 Mpa,0.0341 Mpa,0.0536 Mpa,0.0444 Mpa,0.0560 Mpa,0.130 Mpa,0.134 Mpa,0.162 Mpa,0.0902 Mpa,4.56%,1.58%,8.75%,2.55%,1.60%,0.935%,6.57%,3.82%,4.96%,2.87%
2026-07-30 09:00:00,0.0690 Mpa,0.0839 Mpa,0.0886 Mpa,0.0624 Mpa,0.126 Mpa,0.111 Mpa,0.112 Mpa,0.0826 Mpa,0.210 Mpa,0.0677 Mpa,2.25%,3.39%,7.32%,2.30%,4.52%,2.90%,5.72%,2.37%,6.71%,2.04%
2026-07-30 11:00:00,0.0496 Mpa,0.0570 Mpa,0.139 Mpa,0.0566 Mpa,0.118 Mpa,0.102 Mpa,0.244 Mpa,0.116 Mpa,0.291 Mpa,0.0732 Mpa,1.72%,2.47%,10.5%,1.87%,4.42%,2.40%,10.1%,3.33%,6.66%,2.40%
2026-07-30 13:00:00,0.0339 Mpa,0.0670 Mpa,0.144 Mpa,0.134 Mpa,0.0866 Mpa,0.152 Mpa,0.167 Mpa,0.104 Mpa,,0.0918 Mpa,1.24%,2.74%,8.62%,4.56%,3.21%,3.49%,7.64%,3.08%,,2.47%
2026-07-30 15:00:00,0.0942 Mpa,0.146 Mpa,0.100 Mpa,0.0730 Mpa,0.0706 Mpa,0.171 Mpa,0.103 Mpa,0.127 Mpa,,0.126 Mpa,2.78%,5.30%,10.3%,2.85%,2.70%,4.13%,5.69%,3.69%,,3.57%
2026-07-30 17:00:00,0.144 Mpa,0.0535 Mpa,0.195 Mpa,0.119 Mpa,0.162 Mpa,0.176 Mpa,0.0569 Mpa,0.151 Mpa,,0.149 Mpa,4.59%,2.24%,11.3%,4.09%,5.34%,4.89%,3.97%,4.62%,,4.16%
2026-07-30 19:00:00,0.0820 Mpa,,0.128 Mpa,0.108 Mpa,0.0503 Mpa,0.144 Mpa,0.152 Mpa,0.0809 Mpa,,0.168 Mpa,2.81%,,8.31%,3.61%,1.75%,3.60%,6.95%,2.58%,,4.86%
2026-07-30 21:00:00,0.0674 Mpa,,0.0638 Mpa,0.0706 Mpa,0 Mpa,0.196 Mpa,0.0873 Mpa,0.0518 Mpa,,0.0593 Mpa,2.35%,,6.99%,2.17%,0.553%,4.52%,5.04%,1.49%,,1.61%
2026-07-30 23:00:00,0.114 Mpa,,0.180 Mpa,0.285 Mpa,0.0959 Mpa,0.154 Mpa,0.191 Mpa,0.0546 Mpa,0.215 Mpa,0.0701 Mpa,4.02%,,11.6%,8.64%,3.42%,3.27%,8.29%,1.55%,5.62%,2.08%
2026-07-31 01:00:00,0.0624 Mpa,0 Mpa,0.159 Mpa,0.144 Mpa,0.0351 Mpa,0.0960 Mpa,0.0814 Mpa,0.0353 Mpa,0.0418 Mpa,0.0503 Mpa,1.76%,0.800%,10.1%,4.89%,1.27%,1.64%,4.72%,1.02%,0%,1.25%
2026-07-31 03:00:00,0.0974 Mpa,0.106 Mpa,0.104 Mpa,0.276 Mpa,0.0100 Mpa,,0.226 Mpa,0.0797 Mpa,0.301 Mpa,0.0689 Mpa,3.04%,5.24%,9.94%,9.06%,0.317%,,9.47%,2.52%,8.72%,1.92%
2026-07-31 05:00:00,0.0441 Mpa,0.124 Mpa,0.195 Mpa,0.0357 Mpa,0.101 Mpa,,0.177 Mpa,0.0398 Mpa,0.182 Mpa,0.151 Mpa,1.36%,4.48%,12.6%,1.40%,3.74%,,8.12%,1.40%,4.98%,4.05%
2026-07-31 07:00:00,0.463 Mpa,0.0887 Mpa,0.144 Mpa,0.117 Mpa,0.175 Mpa,,0.0942 Mpa,0.0529 Mpa,0.147 Mpa,0.119 Mpa,14.9%,3.74%,12.4%,4.14%,6.43%,,5.48%,1.46%,3.86%,3.57%
2026-07-31 09:00:00,0.128 Mpa,0.0736 Mpa,0.0823 Mpa,0.0714 Mpa,0.0712 Mpa,,0.0697 Mpa,0.0577 Mpa,0.0718 Mpa,0.0935 Mpa,3.91%,3.19%,9.19%,2.87%,2.67%,,5.29%,1.66%,1.84%,2.72%
2026-07-31 11:00:00,0.118 Mpa,0.0747 Mpa,0.215 Mpa,0.0577 Mpa,0.0535 Mpa,0.171 Mpa,0.0899 Mpa,0.0789 Mpa,0.0812 Mpa,0.0614 Mpa,3.98%,3.16%,11.3%,1.95%,2.64%,4.62%,5.36%,2.25%,2.13%,1.79%
2026-07-31 13:00:00,0.383 Mpa,0.884 Mpa,0.136 Mpa,0.0738 Mpa,0.114 Mpa,0.221 Mpa,0.119 Mpa,0.287 Mpa,0.116 Mpa,0.363 Mpa,10.9%,29.4%,9.68%,2.61%,4.14%,6.00%,6.38%,8.34%,3.07%,10.0%
2026-07-31 15:00:00,0.197 Mpa,0.0852 Mpa,0.105 Mpa,0.0479 Mpa,0.112 Mpa,0.145 Mpa,0.126 Mpa,0.172 Mpa,0.0711 Mpa,0.0392 Mpa,5.59%,3.65%,11.5%,2.19%,4.22%,3.74%,6.38%,4.97%,1.84%,0.997%
2026-07-31 17:00:00,0.0820 Mpa,0.117 Mpa,0.162 Mpa,0.0786 Mpa,0.0518 Mpa,0.0919 Mpa,0.116 Mpa,0.0743 Mpa,0.123 Mpa,0.173 Mpa,2.37%,5.15%,10.2%,2.79%,1.85%,2.15%,5.98%,2.22%,3.32%,4.72%
2026-07-31 19:00:00,0.0403 Mpa,0.139 Mpa,0.109 Mpa,0.0633 Mpa,0.0560 Mpa,0.165 Mpa,0.116 Mpa,0.0820 Mpa,0.171 Mpa,0.0641 Mpa,1.07%,7.06%,10.0%,1.92%,1.94%,4.83%,5.92%,2.55%,4.78%,1.71%
2026-07-31 21:00:00,0.0553 Mpa,0.152 Mpa,0.139 Mpa,0.0794 Mpa,0.140 Mpa,0.104 Mpa,0.117 Mpa,0.187 Mpa,0.281 Mpa,0.0509 Mpa,1.71%,7.19%,10.4%,2.43%,4.68%,2.28%,6.02%,5.89%,8.10%,1.33%
2026-07-31 23:00:00,0.125 Mpa,0.148 Mpa,0.0983 Mpa,0.184 Mpa,0.0710 Mpa,0.164 Mpa,0.120 Mpa,0.130 Mpa,0.292 Mpa,0.0694 Mpa,3.58%,7.03%,7.33%,5.32%,2.10%,4.55%,5.84%,3.78%,8.57%,1.90%
2026-08-01 01:00:00,0.0438 Mpa,0.261 Mpa,0.0461 Mpa,0.0359 Mpa,0.0753 Mpa,0.306 Mpa,0.180 Mpa,0.0911 Mpa,0.129 Mpa,0.0645 Mpa,1.09%,9.94%,5.71%,1.07%,2.58%,8.80%,7.09%,2.64%,3.65%,1.71%
2026-08-01 03:00:00,0.0512 Mpa,0.0944 Mpa,0.0843 Mpa,0.0448 Mpa,0.0690 Mpa,0.163 Mpa,0.0860 Mpa,0.0591 Mpa,0.111 Mpa,0.172 Mpa,1.42%,5.30%,7.55%,1.36%,2.44%,4.55%,4.69%,1.81%,3.16%,4.81%
2026-08-01 05:00:00,0.116 Mpa,0.183 Mpa,0.0329 Mpa,0.0355 Mpa,0.162 Mpa,0.160 Mpa,0.171 Mpa,0.132 Mpa,0.251 Mpa,0.0976 Mpa,3.14%,7.83%,6.71%,1.10%,5.91%,4.22%,6.90%,4.12%,7.27%,2.72%
2026-08-01 07:00:00,0.0681 Mpa,0.130 Mpa,0.0835 Mpa,0.0859 Mpa,0.0442 Mpa,0.0885 Mpa,0.151 Mpa,0.0937 Mpa,0.138 Mpa,0.0757 Mpa,1.81%,5.13%,8.22%,2.72%,1.58%,1.91%,7.37%,2.85%,3.90%,1.96%
2026-08-01 09:00:00,0.0606 Mpa,0.162 Mpa,0.0967 Mpa,0.0749 Mpa,0.0631 Mpa,0.208 Mpa,0.0767 Mpa,0.167 Mpa,0.0490 Mpa,0.0693 Mpa,1.58%,6.28%,9.32%,2.47%,2.47%,5.43%,5.32%,5.10%,1.16%,1.87%
2026-08-01 11:00:00,0.0619 Mpa,0.144 Mpa,0.0679 Mpa,0.112 Mpa,0.167 Mpa,0.181 Mpa,0.0643 Mpa,0.122 Mpa,0.0480 Mpa,0.116 Mpa,2.27%,5.63%,7.62%,3.89%,6.16%,4.15%,4.70%,4.02%,1.11%,3.08%
2026-08-01 13:00:00,0.0792 Mpa,0.0796 Mpa,0.396 Mpa,0.119 Mpa,0.116 Mpa,0.171 Mpa,0.127 Mpa,0.0670 Mpa,0.120 Mpa,0.0489 Mpa,2.79%,3.76%,15.8%,3.44%,4.20%,3.69%,5.86%,2.22%,3.47%,1.34%
2026-08-01 15:00:00,0.0488 Mpa,0.0536 Mpa,0.130 Mpa,0.0817 Mpa,0.142 Mpa,0.133 Mpa,0.102 Mpa,0.148 Mpa,0.0549 Mpa,0.0920 Mpa,1.36%,3.22%,7.44%,2.35%,5.01%,3.23%,5.64%,4.45%,1.43%,2.56%
2026-08-01 17:00:00,0.123 Mpa,0.266 Mpa,0.186 Mpa,0.135 Mpa,0.0675 Mpa,0.184 Mpa,0.110 Mpa,0.333 Mpa,0.138 Mpa,0.0783 Mpa,3.39%,9.55%,9.49%,5.04%,1.98%,5.38%,6.27%,9.67%,3.83%,2.30%
2026-08-01 19:00:00,0.0900 Mpa,0.0743 Mpa,0.131 Mpa,0.0635 Mpa,0.0789 Mpa,0.176 Mpa,0.0991 Mpa,0.265 Mpa,0.154 Mpa,0.0702 Mpa,2.55%,3.38%,7.50%,2.89%,3.00%,4.94%,5.87%,7.69%,4.72%,2.05%
2026-08-01 21:00:00,0.0719 Mpa,0.101 Mpa,0.0578 Mpa,0.0491 Mpa,0.0118 Mpa,0.176 Mpa,0.110 Mpa,0.0274 Mpa,0.139 Mpa,0.132 Mpa,2.37%,4.18%,8.70%,1.74%,0.405%,4.92%,6.25%,0.743%,3.76%,3.76%
2026-08-01 23:00:00,0.0848 Mpa,0.0769 Mpa,0.213 Mpa,0.0451 Mpa,0.00735 Mpa,0.140 Mpa,0.155 Mpa,0.0932 Mpa,0.393 Mpa,0.0697 Mpa,2.28%,3.40%,10.00%,2.37%,0.230%,3.61%,7.66%,2.51%,11.3%,1.91%
2026-08-02 01:00:00,0.168 Mpa,0.228 Mpa,0.0515 Mpa,0.103 Mpa,0.116 Mpa,0.123 Mpa,0.110 Mpa,0.0901 Mpa,0.0805 Mpa,0.0735 Mpa,5.66%,8.40%,5.72%,4.40%,3.52%,2.69%,6.65%,2.53%,1.95%,1.97%
2026-08-02 03:00:00,0.228 Mpa,0.0830 Mpa,0.140 Mpa,,,0.146 Mpa,0.0773 Mpa,0.0906 Mpa,0.107 Mpa,0.0366 Mpa,7.31%,3.48%,8.43%,,,3.96%,4.91%,2.77%,3.47%,0.955%
2026-08-02 05:00:00,0.125 Mpa,0.164 Mpa,0.0798 Mpa,,,0.136 Mpa,0.0729 Mpa,0.0505 Mpa,0.0552 Mpa,0.142 Mpa,3.67%,6.35%,8.14%,,,3.61%,5.00%,1.64%,1.01%,3.73%
2026-08-02 07:00:00,0.194 Mpa,0.136 Mpa,0.101 Mpa,,,0.199 Mpa,0.254 Mpa,0.102 Mpa,0.0615 Mpa,0.0519 Mpa,5.89%,5.20%,10.7%,,,5.40%,11.2%,3.29%,1.32%,1.41%
2026-08-02 09:00:00,0.0887 Mpa,0.141 Mpa,0.0698 Mpa,,0.127 Mpa,0.180 Mpa,0.148 Mpa,0.117 Mpa,0.0451 Mpa,0.0528 Mpa,2.29%,5.63%,8.97%,,3.78%,4.87%,7.58%,3.62%,0.914%,1.37%
2026-08-02 11:00:00,0.153 Mpa,0.0648 Mpa,0.183 Mpa,,0 Mpa,0.0977 Mpa,0.132 Mpa,0.103 Mpa,0.0433 Mpa,0.121 Mpa,4.68%,2.93%,10.7%,,0%,2.26%,6.85%,3.33%,0.981%,3.33%
2026-08-02 13:00:00,0.0882 Mpa,0.0718 Mpa,0.0627 Mpa,,,0.236 Mpa,0.0889 Mpa,0.0447 Mpa,0.115 Mpa,0.000220 Mpa,2.37%,3.13%,7.00%,,,6.25%,5.47%,1.57%,3.10%,0%
2026-08-02 15:00:00,0.0846 Mpa,0.0761 Mpa,0.104 Mpa,,,0.167 Mpa,0.0714 Mpa,0.139 Mpa,0.130 Mpa,0.101 Mpa,2.38%,3.52%,8.05%,,,4.49%,4.76%,4.28%,3.73%,2.64%
2026-08-02 17:00:00,0.121 Mpa,0.0532 Mpa,0.281 Mpa,,,0.125 Mpa,0.110 Mpa,0.127 Mpa,0.107 Mpa,0.0761 Mpa,3.57%,2.37%,12.8%,,,3.34%,6.50%,4.09%,3.01%,2.06%
2026-08-02 19:00:00,0.153 Mpa,0.185 Mpa,0.0880 Mpa,,,0.0706 Mpa,0.176 Mpa,0.0483 Mpa,0.0488 Mpa,0.0754 Mpa,4.64%,6.39%,8.28%,,,1.49%,9.00%,1.31%,1.04%,1.95%
2026-08-02 21:00:00,0.0752 Mpa,0.0827 Mpa,0.0846 Mpa,,,0.154 Mpa,0.158 Mpa,0.0849 Mpa,0.0968 Mpa,0.0536 Mpa,2.19%,3.24%,5.99%,,,3.97%,8.02%,2.61%,2.76%,1.39%
2026-08-02 23:00:00,0.280 Mpa,0.0539 Mpa,0.0557 Mpa,0 Mpa,,0.118 Mpa,0.131 Mpa,0.0766 Mpa,0.0835 Mpa,0.0624 Mpa,8.00%,2.54%,5.97%,0%,,2.83%,6.69%,2.12%,2.31%,1.67%
2026-08-03 01:00:00,0.0854 Mpa,0.175 Mpa,0.106 Mpa,0.0858 Mpa,,0.161 Mpa,0.141 Mpa,0.133 Mpa,0.364 Mpa,0.0688 Mpa,2.28%,6.35%,7.14%,2.74%,,4.30%,7.40%,3.65%,10.3%,1.99%
2026-08-03 03:00:00,0.143 Mpa,0.107 Mpa,0.103 Mpa,0.0573 Mpa,,0.172 Mpa,0.100 Mpa,0.124 Mpa,0.0435 Mpa,0.115 Mpa,4.07%,4.12%,10.4%,1.96%,,5.01%,5.98%,3.55%,0.951%,3.10%
2026-08-03 05:00:00,0.0935 Mpa,0.121 Mpa,0.0779 Mpa,0.0722 Mpa,,0.114 Mpa,0.134 Mpa,0.0892 Mpa,0.0689 Mpa,0.0635 Mpa,2.61%,4.24%,7.51%,2.39%,,2.88%,6.99%,2.44%,1.88%,1.73%
2026-08-03 07:00:00,0.108 Mpa,0.186 Mpa,0.0654 Mpa,0.0485 Mpa,0 Mpa,0.161 Mpa,0.0748 Mpa,0.0714 Mpa,0.0875 Mpa,0.109 Mpa,3.16%,6.82%,5.90%,1.44%,0%,4.23%,5.40%,1.96%,2.29%,2.90%
2026-08-03 09:00:00,0.318 Mpa,0.161 Mpa,0.101 Mpa,0.0755 Mpa,0 Mpa,0.199 Mpa,0.0960 Mpa,0.0930 Mpa,0.117 Mpa,0.0925 Mpa,9.69%,5.85%,7.00%,2.40%,0%,5.58%,6.07%,2.78%,3.39%,2.44%
2026-08-03 11:00:00,0.0852 Mpa,0.155 Mpa,0.144 Mpa,0.0791 Mpa,0.0112 Mpa,0.218 Mpa,0.108 Mpa,0.0730 Mpa,0.155 Mpa,0.185 Mpa,2.74%,5.88%,8.77%,2.52%,0.350%,6.03%,6.38%,2.29%,4.43%,5.08%
2026-08-03 13:00:00,0.0915 Mpa,0.134 Mpa,0 Mpa,0.0762 Mpa,0.0274 Mpa,0.200 Mpa,0.0934 Mpa,0.0973 Mpa,0.167 Mpa,0.0883 Mpa,2.64%,5.24%,3.48%,2.47%,1.01%,5.36%,4.87%,2.87%,4.79%,2.46%
2026-08-03 15:00:00,0.111 Mpa,0.119 Mpa,0.0421 Mpa,0.0385 Mpa,0.0791 Mpa,0.107 Mpa,0.172 Mpa,0.114 Mpa,0.0763 Mpa,0.0745 Mpa,3.29%,4.77%,6.07%,1.27%,2.96%,2.52%,7.67%,3.47%,1.96%,2.13%
2026-08-03 17:00:00,0.0351 Mpa,0.135 Mpa,0.0280 Mpa,0.0322 Mpa,0.110 Mpa,0.219 Mpa,0.107 Mpa,0.185 Mpa,0.117 Mpa,0.100 Mpa,1.04%,5.24%,6.28%,1.25%,4.49%,5.76%,5.41%,5.89%,3.38%,2.78%
2026-08-03 19:00:00,0.0684 Mpa,0.0758 Mpa,0.0950 Mpa,0.0553 Mpa,0.114 Mpa,0.0621 Mpa,0.0608 Mpa,0.130 Mpa,0.0377 Mpa,0.108 Mpa,2.17%,3.24%,7.79%,1.90%,4.62%,2.07%,6.96%,4.04%,1.25%,3.11%
2026-08-03 21:00:00,0.167 Mpa,0.0558 Mpa,0.0410 Mpa,0.0504 Mpa,0.131 Mpa,0.0972 Mpa,0.0186 Mpa,0.144 Mpa,0.0762 Mpa,0.0827 Mpa,4.80%,2.50%,6.51%,1.92%,5.31%,2.49%,3.07%,4.41%,1.84%,2.28%
2026-08-03 23:00:00,0.146 Mpa,0 Mpa,0.124 Mpa,0.0684 Mpa,0.234 Mpa,0.163 Mpa,0.192 Mpa,0.0838 Mpa,0.0793 Mpa,0.165 Mpa,4.12%,0.800%,8.40%,2.14%,8.89%,4.04%,7.40%,2.90%,2.18%,4.59%
2026-08-04 01:00:00,0.0452 Mpa,,0.130 Mpa,0.0137 Mpa,0.202 Mpa,0.111 Mpa,0.0992 Mpa,0.0599 Mpa,0.139 Mpa,0.162 Mpa,1.09%,,8.75%,0.465%,7.63%,2.79%,5.97%,1.70%,4.07%,4.73%
2026-08-04 03:00:00,0.0418 Mpa,0.000533 Mpa,0.130 Mpa,0.0721 Mpa,0.0700 Mpa,0.214 Mpa,0.00695 Mpa,0.0978 Mpa,0.175 Mpa,0.142 Mpa,0.742%,0%,10.2%,2.46%,2.46%,5.78%,1.43%,2.89%,5.14%,4.28%
2026-08-04 05:00:00,0.0928 Mpa,,0.0859 Mpa,0.0378 Mpa,0.0859 Mpa,0.120 Mpa,,0.0922 Mpa,0.122 Mpa,0.132 Mpa,2.80%,,8.26%,1.34%,3.30%,3.29%,,2.88%,3.43%,3.64%
2026-08-04 07:00:00,0.107 Mpa,,0.163 Mpa,0.0873 Mpa,0.0862 Mpa,0.0776 Mpa,,0.0880 Mpa,0.0610 Mpa,0.144 Mpa,3.02%,,9.74%,2.73%,3.41%,1.58%,,3.12%,1.47%,3.81%
2026-08-04 09:00:00,0.190 Mpa,,0.0570 Mpa,0.0910 Mpa,0.0955 Mpa,0.145 Mpa,0.0148 Mpa,0.0669 Mpa,0.0721 Mpa,0.170 Mpa,5.47%,,5.76%,2.99%,3.30%,4.08%,0.446%,2.36%,1.91%,4.58%
2026-08-04 11:00:00,0.135 Mpa,,0.0926 Mpa,0.0313 Mpa,0.364 Mpa,0.162 Mpa,0.180 Mpa,0.0506 Mpa,0.145 Mpa,0.151 Mpa,3.76%,,7.30%,0.985%,11.7%,4.12%,7.25%,1.99%,4.17%,4.10%
2026-08-04 13:00:00,0.0782 Mpa,,0.152 Mpa,0.0635 Mpa,0.144 Mpa,0.105 Mpa,0.200 Mpa,0.112 Mpa,0.190 Mpa,0.0664 Mpa,2.30%,,9.17%,2.23%,4.55%,2.40%,8.22%,3.32%,5.70%,1.71%
2026-08-04 15:00:00,0.0764 Mpa,,0.252 Mpa,0.0145 Mpa,0.0629 Mpa,0.110 Mpa,0.121 Mpa,0.336 Mpa,0.0841 Mpa,0.0729 Mpa,2.12%,,11.3%,0.417%,2.54%,2.36%,6.24%,9.66%,2.27%,1.93%
2026-08-04 17:00:00,0.0612 Mpa,,0.125 Mpa,0.0772 Mpa,0.103 Mpa,0.165 Mpa,0.360 Mpa,0.0725 Mpa,0.0991 Mpa,0.0992 Mpa,1.75%,,7.47%,2.78%,3.79%,4.19%,12.9%,2.02%,2.92%,2.82%
2026-08-04 19:00:00,0.0835 Mpa,,0.0893 Mpa,0.104 Mpa,0.119 Mpa,0.251 Mpa,0.267 Mpa,0.0856 Mpa,0.0956 Mpa,0.0831 Mpa,2.19%,,6.85%,5.42%,4.14%,6.61%,11.1%,2.70%,2.58%,2.29%
2026-08-04 21:00:00,0.113 Mpa,,0.0622 Mpa,0.138 Mpa,0.123 Mpa,0.147 Mpa,0.257 Mpa,0.164 Mpa,0.0517 Mpa,0.0973 Mpa,3.35%,,6.22%,7.21%,4.15%,3.62%,11.1%,5.26%,1.29%,2.68%
2026-08-04 23:00:00,0.268 Mpa,,0.0480 Mpa,0.124 Mpa,0.0816 Mpa,0.213 Mpa,0.293 Mpa,0.101 Mpa,0.112 Mpa,0.0609 Mpa,8.56%,,5.74%,5.00%,2.68%,5.44%,11.4%,3.23%,3.03%,1.61%
2026-08-05 01:00:00,0.0555 Mpa,0.000198 Mpa,0.138 Mpa,0.0455 Mpa,0.248 Mpa,0.154 Mpa,0.344 Mpa,0.115 Mpa,0.0340 Mpa,0.0779 Mpa,1.48%,0.195%,7.62%,2.78%,7.61%,3.80%,11.7%,3.57%,0.622%,2.13%
2026-08-05 03:00:00,0.125 Mpa,0.0579 Mpa,0.0928 Mpa,0.0987 Mpa,0.139 Mpa,0.101 Mpa,0.290 Mpa,0.0842 Mpa,0.0644 Mpa,0.0442 Mpa,3.64%,2.10%,6.63%,5.28%,4.83%,2.20%,11.8%,2.42%,1.57%,1.08%
2026-08-05 05:00:00,0.194 Mpa,0.113 Mpa,0.109 Mpa,0.0602 Mpa,0.171 Mpa,0.121 Mpa,0.132 Mpa,0.100 Mpa,0.113 Mpa,0.0459 Mpa,5.68%,3.77%,7.19%,2.27%,5.96%,2.01%,6.46%,3.18%,3.05%,1.30%
2026-08-05 07:00:00,0.165 Mpa,0.131 Mpa,0.213 Mpa,0.0596 Mpa,0.120 Mpa,0.104 Mpa,0.137 Mpa,0.0854 Mpa,0.0474 Mpa,0.0859 Mpa,5.60%,4.25%,11.5%,1.83%,4.41%,1.26%,5.31%,2.73%,1.31%,2.42%
2026-08-05 09:00:00,0.123 Mpa,0.101 Mpa,0 Mpa,0.0487 Mpa,0.0626 Mpa,0.0801 Mpa,0.273 Mpa,0.0935 Mpa,0.106 Mpa,0.0660 Mpa,3.40%,3.93%,6.41%,1.55%,2.46%,0.982%,9.47%,3.30%,3.21%,1.68%
2026-08-05 11:00:00,0.0953 Mpa,0.230 Mpa,,0.0291 Mpa,0.135 Mpa,0.156 Mpa,0.121 Mpa,0.0724 Mpa,0.0466 Mpa,0.134 Mpa,2.66%,7.70%,,0.847%,5.15%,3.48%,6.31%,2.57%,1.33%,3.47%
2026-08-05 13:00:00,0.104 Mpa,0.242 Mpa,0.0333 Mpa,0.0878 Mpa,0.158 Mpa,0.118 Mpa,0.141 Mpa,0.0596 Mpa,0.106 Mpa,0.0815 Mpa,3.68%,8.43%,5.45%,2.81%,4.98%,2.91%,5.97%,1.65%,3.13%,2.16%
2026-08-05 15:00:00,0.0761 Mpa,0.0742 Mpa,0.0693 Mpa,0.137 Mpa,0.148 Mpa,0.0911 Mpa,0.499 Mpa,0.193 Mpa,0.0693 Mpa,0.125 Mpa,2.95%,3.05%,6.59%,4.29%,5.27%,1.25%,16.0%,5.73%,1.95%,3.42%
2026-08-05 17:00:00,0.102 Mpa,0.0905 Mpa,0.262 Mpa,0.0487 Mpa,0.200 Mpa,0.0927 Mpa,0.0966 Mpa,0.0989 Mpa,0.0843 Mpa,0.0826 Mpa,3.24%,3.81%,12.5%,1.56%,6.57%,1.80%,5.70%,2.85%,2.23%,2.20%
2026-08-05 19:00:00,0.190 Mpa,0.103 Mpa,0.127 Mpa,0.162 Mpa,0.0636 Mpa,0.0768 Mpa,0.169 Mpa,0.0448 Mpa,0.0821 Mpa,0.0823 Mpa,6.10%,4.36%,8.66%,5.24%,1.93%,1.41%,8.35%,1.28%,2.18%,2.29%
2026-08-05 21:00:00,0.191 Mpa,0.0711 Mpa,0.254 Mpa,0.111 Mpa,0.0853 Mpa,0.165 Mpa,0.327 Mpa,0.0414 Mpa,0.0750 Mpa,0.0696 Mpa,7.28%,2.78%,11.9%,3.64%,2.83%,3.89%,14.0%,1.19%,1.89%,1.84%
2026-08-05 23:00:00,0.169 Mpa,0.0843 Mpa,0.0577 Mpa,0.0564 Mpa,0.244 Mpa,0.0936 Mpa,0.106 Mpa,0.0920 Mpa,0.0453 Mpa,0.0841 Mpa,6.16%,3.41%,6.35%,1.74%,7.30%,2.19%,6.12%,3.12%,1.04%,2.27%
2026-08-06 01:00:00,0.0592 Mpa,0.176 Mpa,0.252 Mpa,0.134 Mpa,0.141 Mpa,0.0713 Mpa,0.102 Mpa,,0.314 Mpa,0.0897 Mpa,1.43%,6.52%,12.1%,4.28%,4.95%,1.51%,6.02%,,9.04%,2.35%
2026-08-06 03:00:00,0.156 Mpa,0.141 Mpa,0.0596 Mpa,0.0863 Mpa,0.172 Mpa,0.161 Mpa,0.209 Mpa,0.575 Mpa,0.0559 Mpa,0.0496 Mpa,4.48%,4.96%,5.82%,2.72%,6.19%,4.21%,9.79%,17.8%,1.24%,1.28%
2026-08-06 05:00:00,0.189 Mpa,0.187 Mpa,0.215 Mpa,0.114 Mpa,0.131 Mpa,0.0793 Mpa,0.206 Mpa,,0.0466 Mpa,0.0746 Mpa,5.31%,7.02%,10.3%,3.51%,4.65%,1.62%,8.91%,,1.23%,1.94%
2026-08-06 07:00:00,0.0618 Mpa,0.141 Mpa,0.0946 Mpa,0.0371 Mpa,0.0726 Mpa,0.126 Mpa,0.144 Mpa,,0.0556 Mpa,0.170 Mpa,2.05%,6.65%,7.57%,1.08%,2.59%,2.87%,7.15%,,1.78%,4.77%
2026-08-06 09:00:00,0.121 Mpa,0.259 Mpa,0.118 Mpa,0.0698 Mpa,0.362 Mpa,0.104 Mpa,0.222 Mpa,,0.114 Mpa,0.0736 Mpa,4.32%,10.4%,8.47%,2.12%,12.8%,2.40%,9.72%,,3.39%,1.78%
2026-08-06 11:00:00,0.129 Mpa,0.0727 Mpa,0.125 Mpa,0.120 Mpa,0.435 Mpa,0.170 Mpa,0.496 Mpa,0.245 Mpa,0.156 Mpa,0.103 Mpa,4.44%,4.38%,8.72%,3.62%,15.9%,4.61%,17.9%,6.85%,5.38%,2.78%
2026-08-06 13:00:00,0.198 Mpa,0.0830 Mpa,0.248 Mpa,0.204 Mpa,0.152 Mpa,0.149 Mpa,0.153 Mpa,,0.0691 Mpa,0.193 Mpa,5.90%,3.40%,11.4%,6.19%,5.31%,3.80%,7.08%,,1.95%,5.47%
2026-08-06 15:00:00,0.106 Mpa,0.173 Mpa,0.0500 Mpa,0.0780 Mpa,0.0494 Mpa,0.275 Mpa,0.208 Mpa,,0.289 Mpa,0.155 Mpa,3.17%,6.85%,6.15%,2.59%,1.65%,7.13%,8.77%,,8.86%,4.39%
2026-08-06 17:00:00,0.173 Mpa,0.130 Mpa,0.152 Mpa,0 Mpa,0.129 Mpa,0.185 Mpa,0.260 Mpa,,0.126 Mpa,0.110 Mpa,5.13%,5.71%,9.74%,0.394%,4.80%,4.60%,10.8%,,3.47%,2.99%
2026-08-06 19:00:00,0.0433 Mpa,0.0298 Mpa,0.102 Mpa,0.0782 Mpa,0.0680 Mpa,0.143 Mpa,0.376 Mpa,,0.0909 Mpa,0.0655 Mpa,1.15%,1.45%,7.26%,2.50%,2.58%,3.22%,13.7%,,2.48%,1.72%
2026-08-06 21:00:00,0.290 Mpa,0.147 Mpa,0.0716 Mpa,0.145 Mpa,0.110 Mpa,0.282 Mpa,0.103 Mpa,,0.0828 Mpa,0.102 Mpa,10.0%,5.18%,6.66%,4.45%,4.30%,7.59%,5.66%,,2.12%,2.81%
2026-08-06 23:00:00,0.101 Mpa,0.0801 Mpa,0.173 Mpa,0.0685 Mpa,0.0945 Mpa,0.119 Mpa,0.219 Mpa,0.167 Mpa,0.129 Mpa,0.0816 Mpa,3.40%,3.20%,9.58%,2.14%,3.35%,2.70%,9.21%,4.55%,3.69%,2.24%
2026-08-07 01:00:00,0.0810 Mpa,0.142 Mpa,0.0662 Mpa,0.0804 Mpa,0.130 Mpa,0.0853 Mpa,0.273 Mpa,0.0263 Mpa,0.0553 Mpa,0.170 Mpa,2.51%,5.22%,6.64%,2.32%,4.70%,1.70%,11.6%,0.671%,1.10%,4.55%
2026-08-07 03:00:00,0.0856 Mpa,0.474 Mpa,0.180 Mpa,0.117 Mpa,0.0847 Mpa,0.0803 Mpa,0.204 Mpa,0.00164 Mpa,0.0416 Mpa,0.155 Mpa,2.51%,14.5%,10.8%,3.54%,3.16%,1.55%,9.44%,0%,0.921%,4.31%
2026-08-07 05:00:00,0.0968 Mpa,0.207 Mpa,0.123 Mpa,0.0593 Mpa,0.0863 Mpa,0.142 Mpa,0.288 Mpa,0.0568 Mpa,0.280 Mpa,0.103 Mpa,2.77%,7.45%,8.83%,1.74%,3.06%,3.38%,11.5%,1.80%,7.93%,2.77%
2026-08-07 07:00:00,0.101 Mpa,0.177 Mpa,0.0422 Mpa,0.0886 Mpa,0.0918 Mpa,0.0816 Mpa,0.180 Mpa,0.129 Mpa,0.390 Mpa,0.105 Mpa,2.95%,7.36%,5.06%,2.58%,3.28%,1.79%,8.30%,4.40%,12.9%,2.81%
2026-08-07 09:00:00,0.0795 Mpa,0.220 Mpa,0.0738 Mpa,0.0869 Mpa,0.0584 Mpa,0.111 Mpa,0.143 Mpa,0.0666 Mpa,0.157 Mpa,0.155 Mpa,2.27%,8.51%,6.54%,2.56%,1.88%,2.67%,6.67%,2.39%,4.78%,4.48%
2026-08-07 11:00:00,0.208 Mpa,0.133 Mpa,0.173 Mpa,0.148 Mpa,0.230 Mpa,0.227 Mpa,0.212 Mpa,0.0477 Mpa,0.0313 Mpa,0.141 Mpa,5.75%,4.87%,8.55%,4.34%,7.88%,6.07%,9.52%,1.68%,1.09%,3.48%
2026-08-07 13:00:00,0.0680 Mpa,0.154 Mpa,0.427 Mpa,0.0572 Mpa,0.0252 Mpa,0.0933 Mpa,0.0794 Mpa,0.0912 Mpa,0.319 Mpa,0.0594 Mpa,1.87%,5.97%,17.4%,1.71%,0.941%,2.23%,4.38%,2.83%,9.29%,1.53%
2026-08-07 15:00:00,0.0794 Mpa,0.0962 Mpa,0.245 Mpa,0.0851 Mpa,0.0354 Mpa,0.0938 Mpa,0.253 Mpa,0.152 Mpa,0 Mpa,0.0630 Mpa,2.22%,3.76%,11.7%,2.54%,1.38%,2.18%,10.0%,5.10%,0%,1.71%
2026-08-07 17:00:00,0.0825 Mpa,0.107 Mpa,0.130 Mpa,0.0927 Mpa,0.341 Mpa,0.108 Mpa,0.302 Mpa,0.0823 Mpa,,0.110 Mpa,2.63%,4.25%,9.46%,2.92%,12.0%,3.21%,11.5%,2.43%,,3.10%
2026-08-07 19:00:00,0.0802 Mpa,0.193 Mpa,0.140 Mpa,0.0273 Mpa,0.0346 Mpa,0.0748 Mpa,0.215 Mpa,0.0680 Mpa,0.000945 Mpa,0.0205 Mpa,2.35%,6.93%,9.40%,0.738%,1.36%,1.44%,8.40%,2.40%,0%,0.535%
2026-08-07 21:00:00,0.0560 Mpa,0.117 Mpa,0.109 Mpa,0.0412 Mpa,0.0659 Mpa,0.135 Mpa,0.108 Mpa,0.126 Mpa,0 Mpa,0.0386 Mpa,1.42%,4.49%,7.32%,1.22%,2.79%,3.29%,4.83%,3.90%,0.0338%,0.922%
2026-08-07 23:00:00,0.529 Mpa,0.106 Mpa,0.445 Mpa,0.0803 Mpa,0.0891 Mpa,0.191 Mpa,0.240 Mpa,0.0662 Mpa,0.287 Mpa,0.0803 Mpa,17.9%,4.15%,22.3%,2.40%,4.21%,5.00%,9.79%,1.93%,7.93%,2.11%
2026-08-08 01:00:00,0.109 Mpa,0.176 Mpa,0.0566 Mpa,0.152 Mpa,0.107 Mpa,0.109 Mpa,0.186 Mpa,0.241 Mpa,,0.116 Mpa,2.98%,6.27%,7.95%,4.66%,4.15%,2.56%,8.75%,7.03%,,3.07%
2026-08-08 03:00:00,0.148 Mpa,0.0387 Mpa,0.131 Mpa,0.0567 Mpa,0.0479 Mpa,0.137 Mpa,0.122 Mpa,0.106 Mpa,,0.101 Mpa,4.45%,1.76%,10.5%,1.78%,1.71%,2.77%,7.04%,3.11%,,2.76%
2026-08-08 05:00:00,0.0505 Mpa,0.0719 Mpa,0.0560 Mpa,0.0461 Mpa,0.0982 Mpa,0.243 Mpa,0.150 Mpa,0.0840 Mpa,,0.0617 Mpa,1.24%,3.01%,7.10%,1.31%,3.45%,6.52%,7.85%,2.38%,,1.61%
2026-08-08 07:00:00,0.0482 Mpa,0.0917 Mpa,0.105 Mpa,0.0245 Mpa,0.0744 Mpa,0.183 Mpa,0.0835 Mpa,0.123 Mpa,,0.0359 Mpa,1.05%,3.72%,8.79%,0.823%,2.64%,4.81%,6.07%,3.57%,,1.34%
2026-08-08 09:00:00,0.0559 Mpa,0.138 Mpa,0.131 Mpa,0.0189 Mpa,0.118 Mpa,0.159 Mpa,0.101 Mpa,0.0753 Mpa,,0.111 Mpa,1.28%,5.31%,10.7%,0.941%,4.14%,2.78%,6.22%,2.20%,,3.03%
2026-08-08 11:00:00,0.133 Mpa,0.142 Mpa,0.0876 Mpa,0.0533 Mpa,0.131 Mpa,0.353 Mpa,0.0344 Mpa,0.129 Mpa,,0.0466 Mpa,3.87%,5.22%,9.52%,2.74%,4.44%,8.26%,2.80%,3.85%,,1.13%
2026-08-08 13:00:00,0.0620 Mpa,0.345 Mpa,0.0470 Mpa,0.116 Mpa,0.253 Mpa,0.171 Mpa,0.368 Mpa,0.101 Mpa,,0.0949 Mpa,2.08%,11.2%,7.25%,3.79%,8.72%,2.22%,13.5%,2.92%,,2.71%
2026-08-08 15:00:00,0.0577 Mpa,0.0930 Mpa,0.0292 Mpa,0.0528 Mpa,0.0754 Mpa,0.223 Mpa,0.390 Mpa,0.0530 Mpa,0.0193 Mpa,0.0653 Mpa,1.52%,3.65%,5.67%,1.64%,2.39%,4.29%,14.8%,1.67%,0%,1.88%
2026-08-08 17:00:00,0.0772 Mpa,0.0127 Mpa,0.0568 Mpa,0.0920 Mpa,0.0859 Mpa,0.130 Mpa,0.303 Mpa,0.0512 Mpa,0.165 Mpa,0.127 Mpa,2.44%,0.985%,8.03%,2.75%,2.73%,3.71%,12.3%,1.78%,4.19%,3.51%
2026-08-08 19:00:00,0.0829 Mpa,0.0575 Mpa,0.0330 Mpa,0.183 Mpa,0.0763 Mpa,0.116 Mpa,0.204 Mpa,0.167 Mpa,0.0968 Mpa,0.0678 Mpa,2.70%,2.88%,6.13%,5.43%,2.38%,2.86%,9.84%,5.52%,2.26%,1.77%
2026-08-08 21:00:00,0.0716 Mpa,0.208 Mpa,0.0474 Mpa,0.114 Mpa,0.0588 Mpa,0.0820 Mpa,0.253 Mpa,0.0296 Mpa,0.104 Mpa,0.0854 Mpa,1.86%,7.55%,7.11%,3.45%,1.92%,2.00%,11.5%,1.03%,2.43%,2.34%
2026-08-08 23:00:00,0.147 Mpa,0.157 Mpa,0.0393 Mpa,0.101 Mpa,0.0797 Mpa,0.139 Mpa,0.266 Mpa,0.0548 Mpa,0.151 Mpa,0.107 Mpa,4.22%,5.49%,6.74%,2.98%,2.82%,3.63%,11.3%,1.56%,4.29%,2.91%
2026-08-09 01:00:00,0.128 Mpa,0.0763 Mpa,0.163 Mpa,0.0779 Mpa,0.0571 Mpa,0.0988 Mpa,0.385 Mpa,0.173 Mpa,0.0731 Mpa,,3.68%,3.37%,8.96%,2.36%,1.96%,1.46%,13.1%,5.20%,1.48%,
2026-08-09 03:00:00,0.112 Mpa,0.00651 Mpa,0.132 Mpa,0.0637 Mpa,0.0617 Mpa,0.0973 Mpa,0.228 Mpa,0.0497 Mpa,0.139 Mpa,0.0216 Mpa,4.65%,0.814%,7.11%,1.95%,2.08%,1.35%,10.1%,1.63%,3.85%,0.524%
2026-08-09 05:00:00,0.0688 Mpa,0.0995 Mpa,0.0501 Mpa,0.0541 Mpa,0.0846 Mpa,0.0792 Mpa,0.235 Mpa,0.102 Mpa,0.113 Mpa,,2.25%,3.84%,7.21%,1.59%,2.87%,1.52%,10.6%,3.08%,2.84%,
2026-08-09 07:00:00,0.0872 Mpa,0.0445 Mpa,0.0814 Mpa,0.0890 Mpa,0.0777 Mpa,0.0740 Mpa,0.141 Mpa,0.157 Mpa,0.0698 Mpa,,2.39%,2.26%,7.53%,2.73%,2.57%,1.69%,7.83%,4.61%,1.55%,
2026-08-09 09:00:00,0.0749 Mpa,0.0317 Mpa,0.0584 Mpa,0.0797 Mpa,0.0900 Mpa,0.0918 Mpa,0.103 Mpa,0.154 Mpa,0.186 Mpa,,2.72%,1.63%,7.99%,2.81%,3.12%,2.11%,6.67%,4.66%,5.17%,
2026-08-09 11:00:00,0.0801 Mpa,0.120 Mpa,0.0767 Mpa,0.0784 Mpa,0.113 Mpa,0.282 Mpa,0.411 Mpa,0.103 Mpa,0.166 Mpa,,2.86%,4.33%,8.57%,2.43%,4.16%,7.77%,16.4%,3.16%,4.49%,
2026-08-09 13:00:00,0.110 Mpa,0.0674 Mpa,0.139 Mpa,0.0861 Mpa,0.0797 Mpa,0.0592 Mpa,0.306 Mpa,0.205 Mpa,0.142 Mpa,,3.49%,2.85%,8.55%,2.74%,3.06%,0.954%,12.7%,5.91%,3.87%,
2026-08-09 15:00:00,0.0578 Mpa,0.241 Mpa,0.139 Mpa,0.0570 Mpa,0.0887 Mpa,0.0691 Mpa,0.153 Mpa,0.0866 Mpa,0.101 Mpa,0.0419 Mpa,1.76%,7.69%,7.47%,2.00%,3.06%,1.23%,7.13%,2.78%,2.48%,0.802%
2026-08-09 17:00:00,0.135 Mpa,0.0660 Mpa,0.106 Mpa,0.142 Mpa,0.0302 Mpa,0.106 Mpa,0.274 Mpa,0.106 Mpa,0.0943 Mpa,0.156 Mpa,4.42%,2.89%,7.22%,4.25%,1.13%,2.33%,11.5%,3.30%,2.69%,4.01%
2026-08-09 19:00:00,0.256 Mpa,0.163 Mpa,0.0975 Mpa,0.112 Mpa,0.0960 Mpa,0.0834 Mpa,0.163 Mpa,0.106 Mpa,0.119 Mpa,0.118 Mpa,7.65%,5.47%,7.66%,3.30%,3.88%,1.38%,7.68%,3.49%,3.36%,3.07%
2026-08-09 21:00:00,0 Mpa,0.0626 Mpa,0.123 Mpa,0.0447 Mpa,0.112 Mpa,0.0885 Mpa,0.179 Mpa,0.125 Mpa,0.168 Mpa,0.134 Mpa,0%,2.76%,8.46%,1.24%,4.54%,1.67%,8.10%,4.35%,5.21%,3.64%
2026-08-09 23:00:00,0.181 Mpa,0.112 Mpa,0.151 Mpa,,0.0627 Mpa,0.194 Mpa,0.107 Mpa,0.109 Mpa,0.135 Mpa,0.0685 Mpa,4.79%,4.90%,9.44%,,2.71%,4.75%,4.95%,3.34%,3.65%,1.78%
2026-08-10 01:00:00,0.0533 Mpa,0.196 Mpa,2.63 Mpa,0.000640 Mpa,0.0826 Mpa,0.118 Mpa,0.158 Mpa,0.0846 Mpa,0.206 Mpa,0.0930 Mpa,1.47%,7.07%,83.4%,0%,3.10%,2.56%,7.14%,2.90%,5.91%,2.38%
2026-08-10 03:00:00,0.0508 Mpa,0.216 Mpa,0.0486 Mpa,,0.0681 Mpa,0.194 Mpa,0.223 Mpa,0.0603 Mpa,0.105 Mpa,0.0568 Mpa,1.44%,7.79%,5.95%,,2.97%,5.18%,9.49%,2.40%,2.93%,1.44%
2026-08-10 05:00:00,0.0748 Mpa,0.179 Mpa,0.229 Mpa,,0.0889 Mpa,0.163 Mpa,0.118 Mpa,0.0341 Mpa,0.125 Mpa,0.143 Mpa,2.12%,6.65%,12.0%,,3.27%,4.35%,6.39%,1.06%,3.45%,3.82%
2026-08-10 07:00:00,0.0913 Mpa,0.0773 Mpa,0.114 Mpa,,0.0844 Mpa,0.134 Mpa,0.0886 Mpa,0.0322 Mpa,0.0789 Mpa,0.189 Mpa,2.56%,3.19%,9.01%,,3.04%,3.33%,5.62%,0.827%,2.07%,5.12%
2026-08-10 09:00:00,0.0836 Mpa,0.0919 Mpa,0.179 Mpa,,0.104 Mpa,0.118 Mpa,0.121 Mpa,0.0310 Mpa,0.337 Mpa,0.167 Mpa,2.38%,3.74%,11.8%,,3.76%,2.87%,6.37%,0.831%,9.88%,4.67%
2026-08-10 11:00:00,0.0905 Mpa,0.0677 Mpa,0.0837 Mpa,,0.184 Mpa,0.157 Mpa,0.246 Mpa,0.0713 Mpa,0.129 Mpa,0.262 Mpa,2.69%,2.88%,7.34%,,6.35%,3.89%,10.4%,2.18%,3.33%,7.44%
2026-08-10 13:00:00,0.153 Mpa,0.194 Mpa,0.0563 Mpa,,,0.0970 Mpa,0.404 Mpa,0.0221 Mpa,0.174 Mpa,0.134 Mpa,4.64%,6.78%,7.29%,,,2.16%,15.2%,0.682%,5.01%,3.66%
2026-08-10 15:00:00,0.0816 Mpa,0.0579 Mpa,0.0669 Mpa,,0.166 Mpa,0.107 Mpa,0.128 Mpa,0.133 Mpa,0.189 Mpa,0.150 Mpa,2.49%,2.24%,7.28%,,5.59%,1.99%,6.45%,4.10%,5.51%,4.29%
2026-08-10 17:00:00,0.0886 Mpa,0.185 Mpa,,,0.0895 Mpa,0.157 Mpa,0.0942 Mpa,0.141 Mpa,0.342 Mpa,0.141 Mpa,2.57%,6.72%,,,3.21%,3.59%,5.96%,4.15%,9.95%,4.03%
2026-08-10 19:00:00,0.0427 Mpa,0.124 Mpa,,,0.0816 Mpa,0.228 Mpa,0.125 Mpa,0.181 Mpa,0.0677 Mpa,0.0920 Mpa,1.11%,5.37%,,,3.34%,6.26%,6.22%,5.26%,1.87%,2.74%
2026-08-10 21:00:00,0.106 Mpa,0.113 Mpa,0.0135 Mpa,,0.0867 Mpa,0.0811 Mpa,0.116 Mpa,0.163 Mpa,0.0847 Mpa,0.117 Mpa,3.19%,7.44%,7.25%,,3.58%,1.61%,5.84%,5.18%,2.51%,3.18%
2026-08-10 23:00:00,0.215 Mpa,0.0907 Mpa,,,0.0318 Mpa,0.113 Mpa,0.539 Mpa,0.104 Mpa,0.246 Mpa,0.0739 Mpa,6.29%,4.10%,,,1.31%,2.76%,19.3%,3.41%,7.53%,2.05%
2026-08-11 01:00:00,0.404 Mpa,0.144 Mpa,0.0120 Mpa,,0.0346 Mpa,0.149 Mpa,0.133 Mpa,0.0687 Mpa,0.178 Mpa,0.0893 Mpa,11.7%,6.83%,7.20%,,1.39%,3.88%,6.50%,2.29%,5.64%,2.44%
2026-08-11 03:00:00,0.199 Mpa,0.0542 Mpa,,,0.0369 Mpa,0.128 Mpa,0.147 Mpa,0.0166 Mpa,0.141 Mpa,0.0714 Mpa,6.31%,3.52%,,,1.19%,3.06%,6.76%,0.467%,4.10%,1.96%
2026-08-11 05:00:00,0.0964 Mpa,0.0537 Mpa,,,0.124 Mpa,0.202 Mpa,0.271 Mpa,0.0763 Mpa,0.174 Mpa,0.0706 Mpa,3.36%,2.78%,,,4.15%,5.38%,10.8%,2.40%,4.77%,1.90%
2026-08-11 07:00:00,0.0368 Mpa,0.0639 Mpa,,,,0.127 Mpa,0.246 Mpa,0.0662 Mpa,0.184 Mpa,0.0659 Mpa,0.906%,2.94%,,,,3.10%,9.13%,2.00%,5.23%,1.74%
2026-08-11 09:00:00,0.0873 Mpa,0.113 Mpa,,,,0.121 Mpa,0.143 Mpa,0.246 Mpa,0.180 Mpa,0.0741 Mpa,2.52%,4.54%,,,,2.44%,6.65%,7.38%,4.86%,1.98%
2026-08-11 11:00:00,0.219 Mpa,0.144 Mpa,,,0.00214 Mpa,0.148 Mpa,0.0512 Mpa,0.169 Mpa,0.129 Mpa,0.0702 Mpa,6.39%,5.45%,,,0%,3.19%,4.09%,5.40%,3.31%,1.90%
2026-08-11 13:00:00,0.0859 Mpa,0.0793 Mpa,,,0.0740 Mpa,0.128 Mpa,0.0628 Mpa,0.0907 Mpa,0.0585 Mpa,0.116 Mpa,2.42%,3.45%,,,2.65%,2.87%,4.44%,3.00%,1.39%,3.26%
2026-08-11 15:00:00,0.192 Mpa,0.0861 Mpa,,,0.112 Mpa,0.176 Mpa,0.0725 Mpa,0.245 Mpa,0.0491 Mpa,0.179 Mpa,5.67%,3.64%,,,4.02%,3.94%,4.38%,7.41%,0.992%,4.86%
2026-08-11 17:00:00,0.0415 Mpa,0.0742 Mpa,,,0.0425 Mpa,0.118 Mpa,0.167 Mpa,0.137 Mpa,0.0804 Mpa,0.0590 Mpa,1.03%,3.32%,,,1.69%,2.83%,7.81%,4.19%,2.07%,1.62%
2026-08-11 19:00:00,0.0743 Mpa,0.0975 Mpa,,,0.0253 Mpa,0.109 Mpa,0.143 Mpa,0.0559 Mpa,0.0490 Mpa,0.0780 Mpa,2.10%,3.67%,,,1.22%,3.10%,7.39%,1.65%,1.27%,2.09%
2026-08-11 21:00:00,0.0918 Mpa,0.0618 Mpa,0.0221 Mpa,,0.212 Mpa,0.197 Mpa,0.120 Mpa,0.114 Mpa,0.0751 Mpa,0.221 Mpa,2.68%,2.73%,7.20%,,7.84%,5.44%,6.34%,3.34%,2.04%,6.05%
2026-08-11 23:00:00,0.155 Mpa,0.143 Mpa,0.0187 Mpa,,0.154 Mpa,0.141 Mpa,0.132 Mpa,0.0761 Mpa,0.163 Mpa,0.0895 Mpa,4.65%,5.23%,7.19%,,5.74%,3.60%,7.10%,2.21%,4.65%,2.47%
2026-08-12 01:00:00,0.207 Mpa,0.207 Mpa,0.0203 Mpa,,0.121 Mpa,0.203 Mpa,0.151 Mpa,0.0443 Mpa,0.0984 Mpa,0 Mpa,6.73%,7.19%,7.24%,,3.84%,5.45%,7.79%,1.29%,2.59%,0%
2026-08-12 03:00:00,0.0525 Mpa,0.0885 Mpa,0.426 Mpa,,0.124 Mpa,0.155 Mpa,0.0800 Mpa,0.0805 Mpa,0.0332 Mpa,0.0215 Mpa,1.42%,3.30%,15.8%,,4.23%,3.31%,5.43%,2.47%,0.796%,0.476%
2026-08-12 05:00:00,0.109 Mpa,0.170 Mpa,0.116 Mpa,,0.158 Mpa,0.168 Mpa,0.273 Mpa,0.199 Mpa,0.0951 Mpa,0.161 Mpa,3.23%,5.94%,7.78%,,5.55%,3.60%,10.9%,6.04%,2.46%,4.05%
2026-08-12 07:00:00,0.104 Mpa,0.132 Mpa,0.0590 Mpa,,0.0846 Mpa,0.142 Mpa,0.253 Mpa,0.135 Mpa,0.0415 Mpa,0.0637 Mpa,2.83%,5.05%,7.62%,,2.94%,3.42%,8.85%,3.92%,0.947%,1.47%
2026-08-12 09:00:00,0.0599 Mpa,0.112 Mpa,0.0767 Mpa,,0.113 Mpa,0.340 Mpa,0.205 Mpa,0.0969 Mpa,0.0736 Mpa,0.0570 Mpa,1.43%,4.17%,6.53%,,3.40%,7.75%,6.78%,3.06%,1.79%,1.51%
2026-08-12 11:00:00,0.0986 Mpa,0.0777 Mpa,0.0443 Mpa,,0.174 Mpa,0.486 Mpa,0.117 Mpa,0.168 Mpa,0.0888 Mpa,0.0699 Mpa,2.85%,3.25%,5.97%,,5.32%,12.6%,4.85%,5.47%,2.41%,1.81%
2026-08-12 13:00:00,0.0953 Mpa,0.125 Mpa,0.161 Mpa,,0.0789 Mpa,0.444 Mpa,0.0611 Mpa,0.130 Mpa,0.175 Mpa,0.0710 Mpa,2.91%,4.63%,9.11%,,2.74%,12.1%,4.31%,4.43%,4.90%,1.87%
2026-08-12 15:00:00,0.129 Mpa,0.160 Mpa,0.000216 Mpa,0 Mpa,0.0687 Mpa,0.192 Mpa,0.0596 Mpa,0.00226 Mpa,0.0919 Mpa,0.0740 Mpa,3.78%,6.59%,4.56%,0%,2.46%,4.48%,4.66%,0.360%,2.37%,2.05%
2026-08-12 17:00:00,0.170 Mpa,0.150 Mpa,0 Mpa,,0.0663 Mpa,0.151 Mpa,0.0904 Mpa,0.138 Mpa,0.0879 Mpa,0.0954 Mpa,6.27%,5.40%,4%,,2.43%,3.66%,5.35%,4.14%,2.55%,2.52%
2026-08-12 19:00:00,0.110 Mpa,0.0747 Mpa,0.0240 Mpa,0 Mpa,0.0799 Mpa,0.177 Mpa,0.0370 Mpa,0.243 Mpa,0.0784 Mpa,0.125 Mpa,4.56%,3.31%,4%,0%,2.85%,4.52%,4.06%,7.10%,2.23%,3.40%
2026-08-12 21:00:00,0.108 Mpa,0.0415 Mpa,0.0240 Mpa,0.110 Mpa,0.0999 Mpa,0.179 Mpa,0.188 Mpa,0.0452 Mpa,0.0836 Mpa,0 Mpa,4.11%,2.24%,16.6%,2.97%,3.49%,3.99%,8.44%,1.31%,2.31%,0%
2026-08-12 23:00:00,0.0819 Mpa,0.0962 Mpa,0.0411 Mpa,0.357 Mpa,0.119 Mpa,0.0826 Mpa,0.0935 Mpa,0.0246 Mpa,0.131 Mpa,0 Mpa,2.76%,3.77%,7.79%,10.1%,4.10%,1.70%,4.99%,0.653%,3.80%,0%
2026-08-13 01:00:00,0.133 Mpa,0.246 Mpa,0.0947 Mpa,0.0480 Mpa,0.101 Mpa,0.172 Mpa,0.106 Mpa,0.0523 Mpa,0.0655 Mpa,0.0215 Mpa,4.25%,7.71%,9.92%,1.89%,3.54%,3.13%,6.32%,1.49%,1.67%,0.481%
2026-08-13 03:00:00,0.125 Mpa,0.194 Mpa,0.139 Mpa,0.0508 Mpa,0.141 Mpa,0.134 Mpa,0.0237 Mpa,0.0566 Mpa,0.0603 Mpa,0.0512 Mpa,4.51%,6.68%,12.1%,1.88%,5.25%,1.27%,3.38%,1.52%,1.47%,1.32%
2026-08-13 05:00:00,0.135 Mpa,0.248 Mpa,0.0719 Mpa,0.214 Mpa,0.265 Mpa,0.150 Mpa,0.154 Mpa,0.101 Mpa,0.0904 Mpa,0.0343 Mpa,4.77%,8.43%,6.31%,6.36%,8.97%,3.46%,7.25%,3.04%,2.60%,0.724%
2026-08-13 07:00:00,0.195 Mpa,0.117 Mpa,0.0474 Mpa,0.101 Mpa,0.0520 Mpa,0.0858 Mpa,0.110 Mpa,0.0408 Mpa,0.0807 Mpa,0.0866 Mpa,6.55%,4.12%,7.00%,3.23%,2.13%,1.49%,5.59%,1.12%,2.27%,2.06%
2026-08-13 09:00:00,0.358 Mpa,0.159 Mpa,0.0567 Mpa,0.114 Mpa,0.116 Mpa,0.153 Mpa,0.0518 Mpa,0.0712 Mpa,0.0842 Mpa,0.0691 Mpa,10.5%,5.60%,8.53%,3.41%,4.52%,3.50%,4.03%,2.12%,2.35%,1.68%
2026-08-13 11:00:00,0.244 Mpa,0.102 Mpa,0.135 Mpa,0 Mpa,0.156 Mpa,0.0642 Mpa,0.163 Mpa,0.0227 Mpa,0.112 Mpa,0.0543 Mpa,8.09%,3.73%,11.0%,0.412%,4.88%,0.600%,8.52%,0.586%,3.15%,1.44%
2026-08-13 13:00:00,0.0636 Mpa,0.356 Mpa,0.277 Mpa,0 Mpa,0 Mpa,0.263 Mpa,0.0509 Mpa,0.131 Mpa,0.149 Mpa,0.121 Mpa,2.40%,11.4%,12.8%,0%,0%,5.83%,4.78%,4.12%,4.25%,3.47%
2026-08-13 15:00:00,0.150 Mpa,0.123 Mpa,0.344 Mpa,0.00705 Mpa,0.0612 Mpa,0.202 Mpa,0.0443 Mpa,0.0752 Mpa,0.0923 Mpa,0.0762 Mpa,5.05%,4.34%,15.6%,0%,1.87%,4.20%,3.79%,2.42%,2.37%,2.23%
2026-08-13 17:00:00,0.129 Mpa,0.225 Mpa,0.172 Mpa,0.0813 Mpa,0.0895 Mpa,0.273 Mpa,0.0879 Mpa,0.118 Mpa,0.0868 Mpa,0.0885 Mpa,3.87%,7.30%,10.9%,2.51%,3.34%,6.02%,5.29%,3.46%,2.29%,2.48%
2026-08-13 19:00:00,0.0826 Mpa,0 Mpa,0.0532 Mpa,0.179 Mpa,0.0501 Mpa,0.127 Mpa,0.230 Mpa,0.0672 Mpa,0.0853 Mpa,0.129 Mpa,2.13%,1.58%,6.14%,5.29%,1.61%,2.99%,10.1%,2.03%,2.26%,3.48%
2026-08-13 21:00:00,0.115 Mpa,,0.0820 Mpa,0.0921 Mpa,0.125 Mpa,0.151 Mpa,0.155 Mpa,0.0764 Mpa,0.159 Mpa,0.174 Mpa,3.78%,,7.92%,2.88%,4.28%,3.65%,7.37%,2.22%,4.63%,4.90%
2026-08-13 23:00:00,0.179 Mpa,,0.0747 Mpa,0.0732 Mpa,0.0838 Mpa,0.0893 Mpa,0.163 Mpa,0.0206 Mpa,0.197 Mpa,0.104 Mpa,5.26%,,7.80%,2.27%,2.87%,1.84%,7.85%,0.470%,5.72%,2.85%
2026-08-14 01:00:00,0.0507 Mpa,,0.0912 Mpa,0.143 Mpa,0.0614 Mpa,0.305 Mpa,0.174 Mpa,0.132 Mpa,0.102 Mpa,0.131 Mpa,1.35%,,10.1%,4.48%,2.27%,8.15%,8.87%,3.78%,2.63%,3.53%
2026-08-14 03:00:00,0.0968 Mpa,0.0228 Mpa,0.0254 Mpa,0.00113 Mpa,0.0596 Mpa,0.223 Mpa,0.0870 Mpa,0.0590 Mpa,0.0709 Mpa,0.127 Mpa,2.57%,1.80%,7.39%,0%,2.03%,5.47%,5.69%,1.69%,1.94%,3.44%
2026-08-14 05:00:00,0.120 Mpa,0.146 Mpa,0.0472 Mpa,0.640 Mpa,0.0845 Mpa,0.130 Mpa,0.0608 Mpa,0.0817 Mpa,0.114 Mpa,0.106 Mpa,3.72%,5.60%,5.65%,18.5%,3.18%,2.58%,4.69%,2.60%,3.13%,2.94%
2026-08-14 07:00:00,0.170 Mpa,0.0702 Mpa,0.00103 Mpa,0.109 Mpa,0.149 Mpa,0.125 Mpa,0.117 Mpa,0.179 Mpa,0.102 Mpa,0.0811 Mpa,4.70%,2.84%,8.51%,3.23%,6.06%,2.78%,6.43%,5.34%,2.79%,2.14%
2026-08-14 09:00:00,0.222 Mpa,0.164 Mpa,0.0609 Mpa,0.140 Mpa,0.0848 Mpa,0.0652 Mpa,0.0890 Mpa,0.118 Mpa,0.129 Mpa,0.0908 Mpa,6.14%,5.62%,9.89%,4.26%,3.74%,1.07%,5.54%,3.80%,3.66%,2.47%
2026-08-14 11:00:00,0.133 Mpa,0.126 Mpa,0.112 Mpa,0.0117 Mpa,0.0694 Mpa,0.0966 Mpa,0.277 Mpa,0.113 Mpa,0.112 Mpa,0.104 Mpa,4.48%,4.96%,11.3%,0.335%,3.00%,2.05%,11.4%,3.34%,3.10%,2.76%
2026-08-14 13:00:00,0.143 Mpa,0.129 Mpa,0.0531 Mpa,0 Mpa,0.180 Mpa,0.0824 Mpa,0.0863 Mpa,0.505 Mpa,0.0918 Mpa,0.148 Mpa,5.25%,4.88%,9.02%,0%,6.67%,1.51%,5.58%,14.4%,2.40%,3.93%
2026-08-14 15:00:00,0.149 Mpa,0.140 Mpa,0.155 Mpa,0.0272 Mpa,0.0809 Mpa,0.163 Mpa,0.123 Mpa,0.358 Mpa,0.0817 Mpa,0.0652 Mpa,5.96%,5.22%,11.4%,0.683%,3.13%,4.02%,6.69%,10.9%,2.19%,1.69%
2026-08-14 17:00:00,0.174 Mpa,0.172 Mpa,0.329 Mpa,0.179 Mpa,0.243 Mpa,0.160 Mpa,0.182 Mpa,0.151 Mpa,0.115 Mpa,0.0647 Mpa,5.59%,6.39%,17.4%,5.64%,8.90%,3.92%,8.29%,4.58%,3.24%,1.70%
2026-08-14 19:00:00,0.135 Mpa,0.117 Mpa,,0.0662 Mpa,0.0545 Mpa,0.285 Mpa,0.148 Mpa,0.0690 Mpa,0.192 Mpa,0.0743 Mpa,3.79%,4.86%,,2.11%,1.80%,7.90%,7.48%,2.08%,5.48%,1.91%
2026-08-14 21:00:00,0.199 Mpa,0.0806 Mpa,,0.0389 Mpa,0.152 Mpa,0.174 Mpa,0.130 Mpa,0.126 Mpa,0.174 Mpa,0.0638 Mpa,6.05%,3.46%,,1.09%,5.55%,4.25%,6.88%,3.60%,5.03%,1.62%
2026-08-14 23:00:00,0.167 Mpa,0.108 Mpa,,0.0342 Mpa,0.0609 Mpa,0.281 Mpa,0.104 Mpa,0.0397 Mpa,0.158 Mpa,0.0704 Mpa,5.28%,4.36%,,0.975%,2.11%,7.11%,4.65%,1.14%,4.46%,1.82%
2026-08-15 01:00:00,0.117 Mpa,0.272 Mpa,,0.0831 Mpa,0.0672 Mpa,0.174 Mpa,0.0767 Mpa,0.102 Mpa,0.100 Mpa,0.151 Mpa,4.28%,9.36%,,3.18%,2.36%,4.09%,4.06%,2.96%,2.72%,3.88%
2026-08-15 03:00:00,0.120 Mpa,0.0898 Mpa,,0.0843 Mpa,0.0736 Mpa,0.212 Mpa,0.0705 Mpa,0.0436 Mpa,0.0690 Mpa,0.0605 Mpa,4.07%,3.46%,,3.07%,2.35%,5.12%,5.03%,1.25%,1.78%,1.40%
2026-08-15 05:00:00,0.0611 Mpa,0.335 Mpa,0.00375 Mpa,0.113 Mpa,0.0580 Mpa,0.173 Mpa,0.0641 Mpa,0.0452 Mpa,0.0998 Mpa,0.105 Mpa,1.78%,12.0%,4.53%,3.33%,1.85%,4.41%,4.50%,1.26%,2.57%,2.83%
2026-08-15 07:00:00,0.0714 Mpa,0.198 Mpa,0.0542 Mpa,0.0986 Mpa,0.0534 Mpa,0.142 Mpa,0.0398 Mpa,0.0268 Mpa,0.117 Mpa,0.102 Mpa,1.81%,7.51%,4.62%,2.89%,1.87%,3.64%,3.25%,0.672%,3.09%,2.56%
2026-08-15 09:00:00,0.101 Mpa,0.227 Mpa,0.0940 Mpa,0.0435 Mpa,0.0648 Mpa,0.187 Mpa,0.135 Mpa,0.195 Mpa,0.0914 Mpa,0.0994 Mpa,2.83%,8.22%,9.12%,1.31%,2.23%,4.99%,6.79%,6.32%,2.49%,2.63%
2026-08-15 11:00:00,0.101 Mpa,0.137 Mpa,0.0612 Mpa,0.0849 Mpa,0.0646 Mpa,0.151 Mpa,0.122 Mpa,0.0623 Mpa,0.109 Mpa,0.101 Mpa,3.36%,5.21%,6.55%,2.56%,2.51%,3.92%,6.14%,2.11%,3.10%,2.69%
2026-08-15 13:00:00,0.0523 Mpa,0.0659 Mpa,0.0467 Mpa,0.102 Mpa,0.281 Mpa,0.0613 Mpa,0.165 Mpa,0.221 Mpa,0.0834 Mpa,0.0889 Mpa,1.79%,2.65%,6.36%,3.00%,9.64%,0.888%,7.66%,6.69%,2.18%,2.44%
2026-08-15 15:00:00,0.0745 Mpa,0.0824 Mpa,0.223 Mpa,0.152 Mpa,0.112 Mpa,0.277 Mpa,0.0477 Mpa,0.285 Mpa,0.142 Mpa,0.137 Mpa,2.69%,3.37%,11.3%,4.51%,3.99%,7.40%,4.24%,8.70%,3.97%,4.11%
2026-08-15 17:00:00,0.124 Mpa,0.0989 Mpa,0.287 Mpa,0.0364 Mpa,0.117 Mpa,0.133 Mpa,0.126 Mpa,,0.102 Mpa,0.197 Mpa,4.15%,3.80%,13.5%,1.06%,4.64%,3.12%,6.65%,,3.11%,5.51%
2026-08-15 19:00:00,0.0791 Mpa,0.0906 Mpa,0.689 Mpa,0.0859 Mpa,0.0976 Mpa,0.248 Mpa,0.147 Mpa,,0.0712 Mpa,0.138 Mpa,2.23%,3.54%,27.0%,2.50%,4.12%,6.64%,7.48%,,1.85%,3.84%
2026-08-15 21:00:00,0.0603 Mpa,0.0975 Mpa,0.114 Mpa,0.0685 Mpa,0.133 Mpa,0.200 Mpa,0.0580 Mpa,,0.0644 Mpa,0.196 Mpa,1.49%,3.77%,11.5%,2.08%,5.52%,4.90%,4.87%,,1.65%,5.62%
2026-08-15 23:00:00,0.173 Mpa,0.109 Mpa,0.0429 Mpa,0.0855 Mpa,0.0671 Mpa,0.0741 Mpa,0.169 Mpa,0.000118 Mpa,0.190 Mpa,0.173 Mpa,5.70%,4.16%,9.71%,2.51%,2.51%,1.50%,7.89%,0%,5.31%,4.87%
2026-08-16 01:00:00,0.372 Mpa,0.148 Mpa,0.102 Mpa,0 Mpa,0.0610 Mpa,0.233 Mpa,0.0725 Mpa,,0.101 Mpa,0.202 Mpa,9.77%,5.11%,10.6%,0.00620%,2.73%,6.39%,5.15%,,2.78%,5.57%
2026-08-16 03:00:00,0.0599 Mpa,0.394 Mpa,0.142 Mpa,0.0115 Mpa,0.164 Mpa,0.188 Mpa,0.119 Mpa,0.0168 Mpa,0.0838 Mpa,0.0630 Mpa,1.59%,12.5%,12.2%,0.283%,6.38%,5.30%,6.52%,0.219%,2.35%,1.61%
2026-08-16 05:00:00,0.0671 Mpa,0.128 Mpa,0.115 Mpa,0.104 Mpa,0.0683 Mpa,0.103 Mpa,0.138 Mpa,0.0338 Mpa,0.201 Mpa,0.0964 Mpa,2.12%,5.11%,10.1%,2.95%,2.53%,2.39%,7.28%,0.980%,5.84%,2.71%
2026-08-16 07:00:00,0.150 Mpa,0.170 Mpa,0.0902 Mpa,0.0500 Mpa,0.0702 Mpa,0.0979 Mpa,0.0114 Mpa,0.0663 Mpa,0.106 Mpa,0.0852 Mpa,5.18%,7.24%,7.38%,1.55%,2.41%,2.09%,2.40%,2.12%,3.15%,2.28%
2026-08-16 09:00:00,0.213 Mpa,0.154 Mpa,0.0841 Mpa,0.0422 Mpa,0.0839 Mpa,0.136 Mpa,0.153 Mpa,0.0353 Mpa,0.219 Mpa,0.0536 Mpa,6.16%,7.07%,8.59%,1.26%,2.92%,3.39%,7.13%,1.09%,7.07%,1.45%
2026-08-16 11:00:00,0.0897 Mpa,0.176 Mpa,0.146 Mpa,0.0990 Mpa,0.0593 Mpa,0.124 Mpa,0.243 Mpa,0.0574 Mpa,0.183 Mpa,0.0870 Mpa,2.56%,6.59%,9.80%,2.91%,2.02%,3.15%,9.54%,1.82%,5.57%,2.34%
2026-08-16 13:00:00,0.103 Mpa,0.112 Mpa,0.122 Mpa,0.0751 Mpa,0.104 Mpa,,0.343 Mpa,0.358 Mpa,0.119 Mpa,0.118 Mpa,3.26%,4.54%,9.88%,2.35%,3.75%,,12.7%,10.9%,3.50%,3.50%
2026-08-16 15:00:00,0.0719 Mpa,0.107 Mpa,0.334 Mpa,0.0733 Mpa,0.0866 Mpa,,0.119 Mpa,0.0684 Mpa,0.0958 Mpa,0.145 Mpa,1.86%,4.35%,16.7%,2.42%,3.38%,,6.08%,2.16%,2.74%,4.36%
2026-08-16 17:00:00,0.0935 Mpa,0.0896 Mpa,0.139 Mpa,0.116 Mpa,0.0885 Mpa,,0.0748 Mpa,0.116 Mpa,0.130 Mpa,0.125 Mpa,2.78%,3.34%,9.67%,3.41%,2.84%,,4.77%,3.52%,3.81%,3.63%
2026-08-16 19:00:00,0.0465 Mpa,0.0779 Mpa,0.0960 Mpa,0.0672 Mpa,0.178 Mpa,,0.0293 Mpa,0.196 Mpa,0.181 Mpa,0.0479 Mpa,1.45%,3.08%,9.58%,1.95%,6.28%,,3.49%,5.81%,5.48%,1.21%
2026-08-16 21:00:00,0.139 Mpa,0.133 Mpa,0.133 Mpa,0.0722 Mpa,0.112 Mpa,,0.246 Mpa,0.171 Mpa,0.152 Mpa,0.0866 Mpa,4.34%,4.80%,11.6%,2.06%,4.29%,,10.5%,4.92%,4.41%,2.27%
2026-08-16 23:00:00,0.381 Mpa,0.141 Mpa,0.138 Mpa,0.0506 Mpa,0.0325 Mpa,,0.130 Mpa,0.0758 Mpa,0.288 Mpa,0.0495 Mpa,10.5%,5.16%,11.9%,1.57%,1.19%,,5.84%,2.37%,8.45%,1.36%
2026-08-17 01:00:00,0.0828 Mpa,0.171 Mpa,0.0359 Mpa,0.0737 Mpa,0.158 Mpa,,0.102 Mpa,0.136 Mpa,0.118 Mpa,0.162 Mpa,2.17%,5.87%,6.68%,2.30%,6.44%,,4.36%,4.23%,3.14%,4.33%
2026-08-17 03:00:00,0.160 Mpa,0.0504 Mpa,0.0389 Mpa,0.00380 Mpa,0.0803 Mpa,,0 Mpa,0.113 Mpa,0.111 Mpa,0.0839 Mpa,4.26%,2.09%,7.95%,0.0877%,3.38%,,2.40%,3.51%,3.18%,2.21%
2026-08-17 05:00:00,0.120 Mpa,0.110 Mpa,0.194 Mpa,0.0887 Mpa,0.141 Mpa,,,0 Mpa,0.0926 Mpa,0.0923 Mpa,3.31%,5.40%,10.9%,2.87%,5.10%,,,0%,2.58%,2.27%
2026-08-17 07:00:00,0.0742 Mpa,0.0537 Mpa,0.128 Mpa,0.206 Mpa,0.126 Mpa,,,0.414 Mpa,0.140 Mpa,0.107 Mpa,1.82%,4.26%,8.40%,6.15%,4.49%,,,11.6%,4.09%,3.00%
2026-08-17 09:00:00,0.0633 Mpa,0.177 Mpa,0.0540 Mpa,0.0773 Mpa,0.0895 Mpa,,0.00844 Mpa,0.320 Mpa,0.0885 Mpa,0.0986 Mpa,1.62%,8.22%,7.54%,2.42%,3.23%,,2.00%,9.65%,2.70%,2.94%
2026-08-17 11:00:00,0.0944 Mpa,0.0687 Mpa,0.0910 Mpa,0.143 Mpa,0.382 Mpa,0.202 Mpa,,0.277 Mpa,0.147 Mpa,0.0901 Mpa,2.59%,2.83%,6.75%,4.28%,13.1%,5.42%,,8.38%,4.42%,2.43%
2026-08-17 13:00:00,0.0804 Mpa,0 Mpa,0.0899 Mpa,0.119 Mpa,0.102 Mpa,0.114 Mpa,,0.110 Mpa,0.191 Mpa,0.104 Mpa,2.57%,0.405%,8.46%,3.57%,3.30%,2.84%,,3.96%,5.72%,3.00%
2026-08-17 15:00:00,0.268 Mpa,0.100 Mpa,0.106 Mpa,0.0842 Mpa,0.124 Mpa,0.0944 Mpa,,0.238 Mpa,0.0843 Mpa,0.135 Mpa,7.81%,3.87%,9.63%,2.43%,4.29%,1.96%,,7.49%,2.39%,4.12%
2026-08-17 17:00:00,0.119 Mpa,0.0505 Mpa,0.312 Mpa,0.0673 Mpa,0.0882 Mpa,0.104 Mpa,,0.234 Mpa,0.265 Mpa,0.381 Mpa,3.45%,2.07%,14.1%,2.12%,3.74%,2.36%,,7.27%,7.81%,10.6%
2026-08-17 19:00:00,0.250 Mpa,0.0641 Mpa,0.116 Mpa,0.100 Mpa,0.0477 Mpa,0.124 Mpa,,0.231 Mpa,0.142 Mpa,,7.07%,2.65%,10.6%,3.13%,2.74%,2.76%,,7.44%,4.08%,
2026-08-17 21:00:00,0.0985 Mpa,0.128 Mpa,0.0877 Mpa,0.0918 Mpa,0.0704 Mpa,0.111 Mpa,,0.280 Mpa,0.0763 Mpa,,2.82%,4.60%,10.1%,2.83%,3.23%,2.55%,,8.72%,2.21%,
2026-08-17 23:00:00,0.180 Mpa,0.531 Mpa,0.308 Mpa,0.109 Mpa,0.131 Mpa,0.155 Mpa,,0.348 Mpa,0.0902 Mpa,,5.02%,16.6%,15.8%,3.28%,5.43%,3.69%,,10.8%,2.45%,
2026-08-18 01:00:00,0.175 Mpa,0.135 Mpa,0.0368 Mpa,0.0320 Mpa,0.145 Mpa,0.0821 Mpa,0.00863 Mpa,,0.106 Mpa,0.0844 Mpa,4.94%,4.98%,9.43%,1.05%,6.26%,1.71%,2.29%,,2.71%,2.49%
2026-08-18 03:00:00,0.182 Mpa,0.178 Mpa,0.100 Mpa,0.143 Mpa,0.233 Mpa,0.101 Mpa,0.0515 Mpa,0.0392 Mpa,0.119 Mpa,0.108 Mpa,5.49%,6.22%,11.0%,4.53%,8.37%,2.06%,3.56%,1.07%,3.21%,2.86%
2026-08-18 05:00:00,0.104 Mpa,0.0621 Mpa,0.0971 Mpa,0.164 Mpa,0.0513 Mpa,0.106 Mpa,0.113 Mpa,0.157 Mpa,0.0876 Mpa,0.116 Mpa,3.30%,2.61%,10.9%,4.87%,2.41%,2.18%,4.66%,4.73%,2.52%,3.48%
2026-08-18 07:00:00,0.241 Mpa,0.135 Mpa,0.184 Mpa,0.141 Mpa,0.0981 Mpa,0.102 Mpa,0.323 Mpa,0.519 Mpa,0.0756 Mpa,0.0697 Mpa,6.99%,4.91%,13.0%,4.39%,3.82%,2.18%,11.0%,14.7%,2.02%,1.91%
2026-08-18 09:00:00,0.0650 Mpa,0.147 Mpa,0.0839 Mpa,0.139 Mpa,0.0685 Mpa,0.126 Mpa,0.0909 Mpa,0.109 Mpa,0.0569 Mpa,0.0519 Mpa,2.08%,5.62%,10.2%,4.23%,2.84%,2.86%,5.58%,3.14%,1.51%,1.45%
2026-08-18 11:00:00,0.116 Mpa,0.113 Mpa,0.238 Mpa,0.0546 Mpa,0.103 Mpa,0.118 Mpa,0.119 Mpa,0.103 Mpa,0.237 Mpa,0.0769 Mpa,3.82%,4.49%,15.2%,1.79%,4.01%,2.36%,6.60%,2.96%,7.18%,1.93%
2026-08-18 13:00:00,0.0995 Mpa,0.234 Mpa,0.164 Mpa,0.0414 Mpa,0.0913 Mpa,0.197 Mpa,0.0855 Mpa,0.192 Mpa,0.457 Mpa,0.113 Mpa,2.82%,8.01%,11.4%,1.36%,3.52%,4.80%,5.61%,5.39%,14.0%,3.23%
2026-08-18 15:00:00,0.0965 Mpa,0.122 Mpa,0.0448 Mpa,0.0919 Mpa,0.0903 Mpa,0.157 Mpa,0.0691 Mpa,0.109 Mpa,0.293 Mpa,0.185 Mpa,2.74%,4.64%,9.89%,2.67%,3.28%,2.79%,5.01%,3.18%,9.13%,5.11%
2026-08-18 17:00:00,0.122 Mpa,0.102 Mpa,0.0539 Mpa,0.113 Mpa,0.0916 Mpa,0.144 Mpa,0.0884 Mpa,0.102 Mpa,0.218 Mpa,0.167 Mpa,3.62%,4.34%,8.09%,3.52%,3.36%,3.01%,5.29%,2.99%,6.48%,4.76%
2026-08-18 19:00:00,0.0903 Mpa,0.165 Mpa,0.140 Mpa,0.102 Mpa,0.0563 Mpa,0.109 Mpa,0.176 Mpa,0.0537 Mpa,0.252 Mpa,0.103 Mpa,2.87%,7.33%,8.88%,3.16%,1.90%,1.52%,8.09%,1.78%,7.83%,2.78%
2026-08-18 21:00:00,0.0460 Mpa,0.160 Mpa,0.00308 Mpa,0.127 Mpa,0.0839 Mpa,0.0926 Mpa,0.145 Mpa,0.0392 Mpa,0.175 Mpa,0.246 Mpa,1.18%,7.65%,6.42%,3.93%,2.87%,0.826%,7.32%,1.52%,5.24%,6.93%
2026-08-18 23:00:00,0.208 Mpa,0.165 Mpa,0.165 Mpa,0.311 Mpa,0.115 Mpa,0.118 Mpa,0.256 Mpa,0.0851 Mpa,0.0923 Mpa,0.168 Mpa,6.04%,7.19%,11.3%,9.23%,3.90%,1.78%,10.2%,3.21%,2.98%,4.61%
2026-08-19 01:00:00,0.0720 Mpa,0.138 Mpa,0.185 Mpa,0.204 Mpa,0.0759 Mpa,0.101 Mpa,0.0728 Mpa,0.0255 Mpa,0.0758 Mpa,0.0935 Mpa,1.88%,6.69%,11.1%,6.03%,2.51%,2.04%,4.36%,0.738%,1.89%,2.52%
2026-08-19 03:00:00,0.0866 Mpa,0.0468 Mpa,0.119 Mpa,0.0614 Mpa,0.0486 Mpa,0.0998 Mpa,0.132 Mpa,0.00157 Mpa,0.215 Mpa,0.0474 Mpa,2.36%,2.28%,8.81%,1.74%,1.69%,1.81%,6.21%,0.00349%,6.52%,1.30%
2026-08-19 05:00:00,0.0758 Mpa,0.254 Mpa,0.0880 Mpa,0.0810 Mpa,0.128 Mpa,0.174 Mpa,0.150 Mpa,,0.154 Mpa,0.0776 Mpa,2.44%,8.92%,7.82%,2.62%,4.78%,3.52%,7.32%,,4.51%,2.26%
2026-08-19 07:00:00,0.106 Mpa,0.198 Mpa,0.0845 Mpa,0.0338 Mpa,0.156 Mpa,0.183 Mpa,0.115 Mpa,,0.0961 Mpa,0.0851 Mpa,4.12%,7.30%,7.79%,0.936%,5.44%,4.57%,6.40%,,2.72%,2.29%
2026-08-19 09:00:00,0.0571 Mpa,0.155 Mpa,0.0782 Mpa,0.0122 Mpa,0.210 Mpa,0.172 Mpa,0.137 Mpa,,0.139 Mpa,0.0801 Mpa,2.51%,5.78%,7.84%,0.427%,7.56%,4.86%,7.06%,,3.95%,2.17%
2026-08-19 11:00:00,0.0652 Mpa,0.124 Mpa,0.101 Mpa,0.0411 Mpa,0.159 Mpa,0.435 Mpa,0.145 Mpa,,0.143 Mpa,0.0748 Mpa,2.36%,4.57%,8.90%,1.41%,5.52%,12.8%,7.16%,,3.91%,2.16%
2026-08-19 13:00:00,0.0340 Mpa,0.208 Mpa,0.0597 Mpa,0.0813 Mpa,0.00880 Mpa,0.253 Mpa,0.122 Mpa,,0.0731 Mpa,0.0773 Mpa,1.00%,6.59%,6.78%,2.48%,0.266%,6.71%,6.49%,,1.80%,2.12%
2026-08-19 15:00:00,0.0716 Mpa,0.0339 Mpa,0.407 Mpa,0.110 Mpa,0 Mpa,0.347 Mpa,0.0987 Mpa,0.000235 Mpa,0.129 Mpa,0.0912 Mpa,1.95%,1.76%,16.2%,3.31%,0%,9.94%,5.88%,0.0541%,3.61%,2.84%
2026-08-19 17:00:00,0.0745 Mpa,0.144 Mpa,0.0554 Mpa,0.182 Mpa,,0.191 Mpa,0.107 Mpa,0.00702 Mpa,0.113 Mpa,0.0963 Mpa,2.62%,5.14%,7.07%,5.45%,,4.85%,6.12%,0.377%,3.13%,2.47%
2026-08-19 19:00:00,0.275 Mpa,0.0680 Mpa,0.140 Mpa,0.198 Mpa,,0.284 Mpa,0.145 Mpa,0.000272 Mpa,0.0926 Mpa,0.0741 Mpa,10.1%,3.09%,10.0%,6.24%,,7.74%,7.59%,0.0186%,2.70%,2.05%
2026-08-19 21:00:00,0.130 Mpa,0.0893 Mpa,0.0933 Mpa,0.251 Mpa,,0.130 Mpa,0.0704 Mpa,0.133 Mpa,0.0928 Mpa,0.0694 Mpa,4.86%,3.91%,8.05%,7.61%,,2.94%,5.30%,4.18%,2.39%,2.07%
2026-08-19 23:00:00,0.0929 Mpa,0.0561 Mpa,0.250 Mpa,0.0786 Mpa,,0.173 Mpa,0.163 Mpa,0.155 Mpa,0.586 Mpa,0.0853 Mpa,3.22%,3.02%,12.6%,2.29%,,4.11%,7.94%,4.87%,16.9%,2.22%
2026-08-20 01:00:00,0.0929 Mpa,0.248 Mpa,0.0474 Mpa,0.0576 Mpa,0.0106 Mpa,0.201 Mpa,0.0904 Mpa,0.125 Mpa,0.176 Mpa,0.0688 Mpa,3.25%,8.28%,6.94%,1.68%,0.260%,5.30%,5.00%,3.98%,4.59%,1.90%
2026-08-20 03:00:00,0.121 Mpa,0.0643 Mpa,0.102 Mpa,0.0630 Mpa,0.0669 Mpa,0.107 Mpa,0.205 Mpa,0.103 Mpa,0.287 Mpa,0.0769 Mpa,3.60%,2.14%,7.47%,1.87%,1.90%,2.28%,8.74%,3.23%,8.13%,2.14%
2026-08-20 05:00:00,0.0320 Mpa,0.110 Mpa,0.142 Mpa,0.0691 Mpa,0.133 Mpa,0.203 Mpa,0.156 Mpa,0.125 Mpa,0.113 Mpa,0.0898 Mpa,1.03%,4.40%,9.19%,1.99%,3.89%,5.38%,7.65%,4.01%,3.26%,2.50%
2026-08-20 07:00:00,0.149 Mpa,0.0319 Mpa,0.0612 Mpa,0.0763 Mpa,0.0759 Mpa,0.142 Mpa,0.118 Mpa,0.0235 Mpa,0.0914 Mpa,0.0534 Mpa,5.16%,1.97%,7.00%,2.28%,2.26%,3.39%,5.77%,0.653%,2.44%,1.28%
2026-08-20 09:00:00,0.0947 Mpa,0.213 Mpa,0.0656 Mpa,0.101 Mpa,0.0805 Mpa,0.0288 Mpa,0.240 Mpa,0.0335 Mpa,0.0722 Mpa,0.0623 Mpa,2.76%,7.61%,6.94%,3.22%,2.94%,0.0489%,9.87%,1.07%,1.99%,1.75%
2026-08-20 11:00:00,0.136 Mpa,0.0415 Mpa,0.0234 Mpa,0.161 Mpa,0.110 Mpa,0.108 Mpa,0.119 Mpa,0.0899 Mpa,0.114 Mpa,0.0799 Mpa,4.08%,1.93%,7.62%,4.60%,4.04%,2.04%,6.44%,2.93%,3.18%,2.18%
2026-08-20 13:00:00,0.0995 Mpa,0.127 Mpa,0.0478 Mpa,0.100 Mpa,0.107 Mpa,0.190 Mpa,0.0760 Mpa,0.0450 Mpa,0.132 Mpa,0.0572 Mpa,2.96%,4.72%,6.70%,2.97%,3.62%,4.27%,4.81%,1.49%,3.64%,1.50%
2026-08-20 15:00:00,0.151 Mpa,0.0385 Mpa,0.0855 Mpa,0.163 Mpa,0.0283 Mpa,0.0699 Mpa,0.0783 Mpa,0.207 Mpa,0.0797 Mpa,0.0424 Mpa,4.46%,2.08%,6.78%,4.86%,0.849%,1.43%,5.09%,6.07%,2.04%,1.18%
2026-08-20 17:00:00,,0.0514 Mpa,0.0613 Mpa,0.0812 Mpa,0.0904 Mpa,0.121 Mpa,0.174 Mpa,0.0966 Mpa,0.0865 Mpa,0.0804 Mpa,,2.12%,7.32%,2.38%,3.08%,3.28%,7.90%,3.01%,2.20%,2.46%
2026-08-20 19:00:00,,0.136 Mpa,0.0808 Mpa,0.0402 Mpa,0.123 Mpa,0.116 Mpa,0.124 Mpa,0.0791 Mpa,0.116 Mpa,0.119 Mpa,,4.95%,8.85%,1.33%,4.59%,2.50%,7.03%,2.35%,3.12%,3.17%
2026-08-20 21:00:00,0.0841 Mpa,0.168 Mpa,0.0725 Mpa,0.0509 Mpa,0.134 Mpa,0.0982 Mpa,0.0894 Mpa,0.0651 Mpa,0.0873 Mpa,0.132 Mpa,2.09%,6.08%,8.88%,1.74%,4.90%,2.06%,5.64%,2.09%,2.35%,3.54%
2026-08-20 23:00:00,0.00115 Mpa,0.102 Mpa,0.124 Mpa,0.134 Mpa,0.0538 Mpa,0.0822 Mpa,0.120 Mpa,0.0489 Mpa,0.162 Mpa,0.188 Mpa,0%,3.89%,10.0%,4.31%,1.88%,1.48%,6.49%,1.48%,4.79%,4.97%
2026-08-21 01:00:00,,0.188 Mpa,0.812 Mpa,0.0628 Mpa,0.216 Mpa,0.0759 Mpa,0.108 Mpa,0.159 Mpa,0.164 Mpa,0.123 Mpa,,6.65%,28.7%,2.02%,7.60%,1.22%,5.59%,4.94%,4.66%,3.43%
2026-08-21 03:00:00,,0.151 Mpa,0.300 Mpa,0.107 Mpa,0.344 Mpa,0.103 Mpa,0.0806 Mpa,0.0649 Mpa,0.0800 Mpa,0.00264 Mpa,,5.34%,15.5%,3.26%,12.2%,1.80%,4.72%,2.00%,2.17%,0%
2026-08-21 05:00:00,,0.161 Mpa,0.0910 Mpa,0.0302 Mpa,0.222 Mpa,0.199 Mpa,0.0597 Mpa,0.0612 Mpa,0.276 Mpa,0.107 Mpa,,5.60%,10.3%,0.836%,7.94%,5.07%,4.74%,1.99%,8.18%,2.96%
2026-08-21 07:00:00,,0.160 Mpa,0.0742 Mpa,0.0890 Mpa,0.119 Mpa,0.122 Mpa,0.125 Mpa,0.0751 Mpa,0.0427 Mpa,0.234 Mpa,,6.37%,8.53%,2.58%,4.38%,2.77%,6.47%,2.35%,1.22%,6.38%
2026-08-21 09:00:00,,0.194 Mpa,0.0733 Mpa,0.0823 Mpa,0.0640 Mpa,0.119 Mpa,0.125 Mpa,0.108 Mpa,0.197 Mpa,0.0495 Mpa,,7.27%,9.39%,2.33%,2.25%,2.75%,6.73%,3.49%,5.24%,1.25%
2026-08-21 11:00:00,,0.146 Mpa,0.0971 Mpa,0.208 Mpa,0.111 Mpa,0.294 Mpa,0.175 Mpa,0.376 Mpa,0.0867 Mpa,0.140 Mpa,,5.96%,9.49%,6.47%,4.08%,7.73%,7.42%,11.3%,2.02%,3.99%
2026-08-21 13:00:00,,0.0910 Mpa,0.0692 Mpa,0.156 Mpa,0.265 Mpa,0.204 Mpa,0.101 Mpa,0.189 Mpa,0.103 Mpa,0.311 Mpa,,3.69%,9.44%,4.69%,10.3%,4.95%,6.00%,5.91%,2.63%,8.52%
2026-08-21 15:00:00,0 Mpa,0.151 Mpa,0.0857 Mpa,0.0578 Mpa,0.0734 Mpa,0.129 Mpa,0.0931 Mpa,0 Mpa,0.111 Mpa,0.0876 Mpa,0%,5.86%,9.33%,1.70%,2.65%,2.94%,4.88%,0%,3.05%,2.47%
2026-08-21 17:00:00,,0.153 Mpa,0.0922 Mpa,0.108 Mpa,0.175 Mpa,0.0984 Mpa,0.0930 Mpa,0.0814 Mpa,0.151 Mpa,0.0609 Mpa,,5.67%,8.98%,3.65%,6.39%,2.02%,5.29%,2.38%,4.42%,1.56%
2026-08-21 19:00:00,,0.184 Mpa,0.337 Mpa,0.0997 Mpa,0.0384 Mpa,0.0949 Mpa,0.106 Mpa,0.0849 Mpa,0.0326 Mpa,0.0518 Mpa,,6.59%,16.5%,3.92%,1.48%,1.62%,5.96%,2.32%,0.780%,1.35%
2026-08-21 21:00:00,1.22 Mpa,0.197 Mpa,0.0981 Mpa,0.0523 Mpa,0.0947 Mpa,0.111 Mpa,0.115 Mpa,0.0357 Mpa,0.219 Mpa,0.0655 Mpa,32.6%,6.86%,8.88%,1.91%,3.38%,2.07%,6.51%,0.968%,6.66%,1.80%
2026-08-21 23:00:00,0.0256 Mpa,0.177 Mpa,0.0895 Mpa,0.225 Mpa,0.0822 Mpa,0.122 Mpa,0.134 Mpa,0.173 Mpa,0.233 Mpa,0.0877 Mpa,0.515%,5.92%,9.75%,7.88%,3.02%,2.85%,6.58%,5.02%,6.61%,2.38%
2026-08-22 01:00:00,0.236 Mpa,0.416 Mpa,0.0562 Mpa,0.0395 Mpa,0.0471 Mpa,0.205 Mpa,0.113 Mpa,0.0548 Mpa,0.212 Mpa,0.125 Mpa,6.95%,13.9%,7.90%,2.30%,1.55%,5.20%,6.65%,1.59%,5.99%,3.61%
2026-08-22 03:00:00,0.0835 Mpa,0.188 Mpa,0.334 Mpa,0.0371 Mpa,0.0738 Mpa,0.118 Mpa,0.0648 Mpa,0.0616 Mpa,0.141 Mpa,0.125 Mpa,2.97%,7.16%,16.6%,1.11%,2.75%,2.24%,4.99%,1.77%,3.99%,3.33%
2026-08-22 05:00:00,0.0983 Mpa,0.120 Mpa,0.245 Mpa,0.0597 Mpa,0.0483 Mpa,0.109 Mpa,0.104 Mpa,0.0615 Mpa,0.184 Mpa,0.0992 Mpa,3.57%,4.35%,11.1%,1.94%,1.64%,2.27%,5.83%,1.86%,5.27%,2.60%
2026-08-22 07:00:00,0.0563 Mpa,0.159 Mpa,0.0754 Mpa,0.161 Mpa,0.100 Mpa,0.108 Mpa,0.128 Mpa,0.0358 Mpa,0.0893 Mpa,0.0718 Mpa,1.39%,5.73%,7.91%,5.20%,4.28%,1.94%,6.90%,0.981%,2.21%,1.85%
2026-08-22 09:00:00,0.0415 Mpa,0.115 Mpa,0.107 Mpa,0.194 Mpa,0.0695 Mpa,0.161 Mpa,0.211 Mpa,0.102 Mpa,0.0519 Mpa,0.0804 Mpa,0.893%,4.36%,11.3%,6.24%,3.22%,3.89%,9.14%,3.28%,1.36%,2.09%
2026-08-22 11:00:00,0.0470 Mpa,0.0969 Mpa,0.0602 Mpa,0.0562 Mpa,0.0228 Mpa,0.198 Mpa,0.0653 Mpa,0.0395 Mpa,0.0730 Mpa,0.0550 Mpa,1.25%,3.63%,9.85%,1.99%,1.21%,4.33%,4.54%,1.06%,2.04%,1.41%
2026-08-22 13:00:00,0.0503 Mpa,0.0983 Mpa,0.113 Mpa,0.0348 Mpa,0.0841 Mpa,0.237 Mpa,0.0560 Mpa,0.108 Mpa,0.231 Mpa,0.0847 Mpa,1.41%,3.96%,8.71%,1.28%,2.94%,6.17%,4.24%,3.32%,7.08%,2.22%
2026-08-22 15:00:00,0.0526 Mpa,0.0690 Mpa,0.148 Mpa,0.0385 Mpa,0.0726 Mpa,0.353 Mpa,0.149 Mpa,0.112 Mpa,0.0474 Mpa,0.0943 Mpa,1.77%,3.35%,11.2%,1.08%,2.69%,9.26%,7.31%,3.33%,1.53%,2.36%
2026-08-22 17:00:00,0.0912 Mpa,0.0605 Mpa,0.0878 Mpa,0.120 Mpa,0.0709 Mpa,0.108 Mpa,0.100 Mpa,0.0924 Mpa,0.0885 Mpa,0.0885 Mpa,2.91%,2.75%,7.37%,3.59%,2.41%,2.10%,5.73%,2.95%,2.59%,2.33%
2026-08-22 19:00:00,0.0835 Mpa,0.159 Mpa,0.129 Mpa,0.0515 Mpa,0.0619 Mpa,0.247 Mpa,0.0456 Mpa,0.0727 Mpa,0.160 Mpa,0.0597 Mpa,2.32%,5.97%,8.04%,1.46%,2.18%,6.41%,4.14%,2.19%,4.69%,1.51%
2026-08-22 21:00:00,0.0747 Mpa,0.185 Mpa,0.0813 Mpa,0.177 Mpa,0.168 Mpa,0.377 Mpa,0.265 Mpa,0.0914 Mpa,0.151 Mpa,0.0500 Mpa,2.09%,6.88%,6.70%,5.32%,5.65%,10.5%,10.9%,2.59%,4.28%,1.17%
2026-08-22 23:00:00,0.211 Mpa,0.164 Mpa,0.125 Mpa,0.0748 Mpa,0.0537 Mpa,0.180 Mpa,0.161 Mpa,0.125 Mpa,0.0724 Mpa,0.0706 Mpa,6.04%,6.09%,9.09%,2.17%,1.86%,4.63%,7.83%,3.57%,2.00%,1.77%
2026-08-23 01:00:00,0.172 Mpa,0.149 Mpa,0.241 Mpa,0.171 Mpa,0.0929 Mpa,0.192 Mpa,0.0647 Mpa,0.162 Mpa,0.147 Mpa,0.0446 Mpa,4.79%,5.57%,11.1%,4.88%,3.12%,4.71%,5.55%,5.13%,4.32%,1.13%
2026-08-23 03:00:00,0.207 Mpa,0.213 Mpa,0.120 Mpa,0.105 Mpa,0.102 Mpa,0.146 Mpa,0.0534 Mpa,0.136 Mpa,0.0966 Mpa,0.205 Mpa,5.99%,7.60%,7.82%,3.07%,3.42%,3.39%,4.37%,3.97%,2.88%,5.51%
2026-08-23 05:00:00,0.0776 Mpa,0.0986 Mpa,0.0624 Mpa,0.123 Mpa,0.0690 Mpa,0.169 Mpa,0.278 Mpa,0.0912 Mpa,0.0843 Mpa,0.0743 Mpa,2.14%,3.34%,8.02%,3.87%,2.55%,4.07%,11.5%,2.79%,2.54%,1.99%
2026-08-23 07:00:00,0.288 Mpa,0.0821 Mpa,0.0376 Mpa,0.105 Mpa,0.0607 Mpa,0.132 Mpa,0.129 Mpa,0.127 Mpa,0.0931 Mpa,0.0882 Mpa,7.93%,3.12%,9.32%,3.39%,2.51%,2.90%,6.77%,4.20%,2.57%,2.19%
2026-08-23 09:00:00,0.209 Mpa,0.0544 Mpa,0.0649 Mpa,0.110 Mpa,0.331 Mpa,0.143 Mpa,0.185 Mpa,0.190 Mpa,0.0962 Mpa,0.0923 Mpa,5.83%,2.32%,7.63%,3.37%,11.9%,3.45%,8.30%,5.69%,2.79%,2.36%
2026-08-23 11:00:00,0.207 Mpa,0.0791 Mpa,0.0836 Mpa,0.0860 Mpa,0.0890 Mpa,0.125 Mpa,0.122 Mpa,0.0746 Mpa,0.133 Mpa,0.109 Mpa,5.96%,3.11%,7.89%,2.84%,4.18%,2.90%,6.62%,2.26%,3.74%,2.89%
2026-08-23 13:00:00,0.0784 Mpa,0.330 Mpa,1.05 Mpa,0.0829 Mpa,0.0905 Mpa,0.173 Mpa,0.0603 Mpa,0.287 Mpa,0.163 Mpa,0.153 Mpa,2.25%,10.4%,35.2%,2.59%,3.51%,3.50%,4.68%,8.45%,4.92%,4.28%
2026-08-23 15:00:00,0.126 Mpa,0.0885 Mpa,0.0508 Mpa,0.123 Mpa,0.0612 Mpa,0.154 Mpa,0.141 Mpa,0.133 Mpa,0.0000896 Mpa,0.00112 Mpa,4.01%,3.13%,6.73%,4.10%,2.15%,1.87%,6.61%,4.19%,0.340%,0%
2026-08-23 17:00:00,0.172 Mpa,0 Mpa,0.384 Mpa,0.103 Mpa,0.442 Mpa,0.139 Mpa,0.416 Mpa,0.0414 Mpa,0.0574 Mpa,0.0322 Mpa,3.82%,0.165%,14.5%,3.27%,15.3%,0.0425%,15.1%,1.14%,1.77%,0.774%
2026-08-23 19:00:00,,0.162 Mpa,0.499 Mpa,0.000676 Mpa,0.315 Mpa,,0.196 Mpa,,0.122 Mpa,0 Mpa,,5.80%,17.4%,0.212%,10.6%,,7.84%,,3.36%,0%
2026-08-23 21:00:00,0.233 Mpa,0.150 Mpa,2.94 Mpa,0.0160 Mpa,0.328 Mpa,0.205 Mpa,0.136 Mpa,0.0824 Mpa,0.332 Mpa,,6.29%,5.35%,82.8%,0.417%,11.2%,4.51%,6.38%,2.89%,9.22%,
2026-08-23 23:00:00,0.318 Mpa,0.356 Mpa,0.403 Mpa,0.0646 Mpa,0.107 Mpa,0.131 Mpa,0.0773 Mpa,0.0437 Mpa,0.0744 Mpa,0.0837 Mpa,9.25%,11.6%,13.3%,2.00%,3.60%,3.51%,4.51%,1.25%,1.69%,1.91%
2026-08-24 01:00:00,0.100 Mpa,0.0312 Mpa,0.0491 Mpa,0.0547 Mpa,0.0642 Mpa,0.156 Mpa,0.0796 Mpa,0.0298 Mpa,0.137 Mpa,0.0992 Mpa,2.75%,1.70%,6.68%,1.65%,2.36%,4.15%,6.34%,0.740%,3.56%,2.33%
2026-08-24 03:00:00,0.101 Mpa,0.0512 Mpa,0.234 Mpa,0.0703 Mpa,0.0932 Mpa,0.0787 Mpa,0.0548 Mpa,0.111 Mpa,0.0898 Mpa,0.0840 Mpa,2.98%,2.58%,10.8%,2.01%,3.04%,1.50%,4.02%,3.27%,2.16%,2.10%
2026-08-24 05:00:00,0.0821 Mpa,0.0994 Mpa,0.111 Mpa,0.133 Mpa,0.110 Mpa,0.167 Mpa,0.223 Mpa,0.116 Mpa,0.126 Mpa,0.0924 Mpa,2.46%,3.95%,8.31%,4.22%,4.86%,4.32%,9.44%,3.60%,3.56%,2.25%
2026-08-24 07:00:00,0.0695 Mpa,0.0906 Mpa,0.100 Mpa,0.0424 Mpa,0.0782 Mpa,0.0966 Mpa,0.155 Mpa,0.145 Mpa,0.0549 Mpa,0.0849 Mpa,2.29%,3.56%,8.35%,1.37%,3.86%,1.74%,7.51%,4.64%,1.75%,2.00%
2026-08-24 09:00:00,0.0941 Mpa,0.144 Mpa,0.220 Mpa,0.127 Mpa,0.0900 Mpa,0.183 Mpa,0.105 Mpa,0.0881 Mpa,,0.0751 Mpa,2.69%,4.99%,12.2%,4.11%,4.10%,4.31%,6.08%,2.65%,,1.92%
2026-08-24 11:00:00,0.0910 Mpa,0.0801 Mpa,0.0717 Mpa,0.139 Mpa,0.0786 Mpa,0.354 Mpa,0.109 Mpa,0.437 Mpa,,0.0685 Mpa,2.60%,3.08%,6.71%,4.17%,3.34%,9.58%,5.81%,12.4%,,1.71%
2026-08-24 13:00:00,0.0973 Mpa,0.103 Mpa,0.0843 Mpa,0.145 Mpa,0.0105 Mpa,0.0766 Mpa,0.156 Mpa,0.0123 Mpa,,0.0352 Mpa,2.63%,3.89%,7.35%,4.69%,0.668%,0.933%,7.49%,0.285%,,0.937%
2026-08-24 15:00:00,0.119 Mpa,0.0307 Mpa,0.105 Mpa,0.0357 Mpa,0.219 Mpa,0.148 Mpa,0.193 Mpa,0.243 Mpa,,0.0428 Mpa,3.48%,1.52%,8.04%,1.51%,9.24%,2.42%,8.57%,7.02%,,1.09%
2026-08-24 17:00:00,0.107 Mpa,0.110 Mpa,0.151 Mpa,0.0662 Mpa,0.150 Mpa,0.166 Mpa,0.102 Mpa,0.546 Mpa,0.158 Mpa,0.0595 Mpa,3.00%,4.25%,9.69%,2.25%,5.57%,3.44%,5.39%,15.9%,4.61%,1.53%
2026-08-24 19:00:00,0.125 Mpa,0.216 Mpa,0.111 Mpa,0.0909 Mpa,0.241 Mpa,0.0770 Mpa,0.194 Mpa,0.134 Mpa,0.129 Mpa,0.0803 Mpa,3.59%,7.45%,8.54%,2.77%,8.91%,1.18%,8.51%,3.98%,3.70%,2.23%
2026-08-24 21:00:00,0.165 Mpa,0.188 Mpa,0.0217 Mpa,0.0612 Mpa,0.0931 Mpa,0.119 Mpa,0.113 Mpa,0.0920 Mpa,0.0674 Mpa,0.0418 Mpa,4.71%,6.72%,5.08%,1.84%,3.48%,2.64%,6.95%,2.76%,1.80%,1.09%
2026-08-24 23:00:00,0.188 Mpa,0.0526 Mpa,0.0389 Mpa,0.119 Mpa,0.134 Mpa,0.0940 Mpa,0.206 Mpa,0.0865 Mpa,0.117 Mpa,0.0431 Mpa,5.38%,2.35%,5.40%,3.57%,4.83%,1.89%,10.1%,2.55%,3.30%,1.11%
2026-08-25 01:00:00,0.0702 Mpa,0.0653 Mpa,0.0733 Mpa,0.101 Mpa,0.119 Mpa,0.106 Mpa,0.0512 Mpa,0.0680 Mpa,0.0735 Mpa,0.120 Mpa,2.01%,2.85%,6.31%,3.12%,4.40%,2.43%,4.27%,2.13%,1.79%,3.20%
2026-08-25 03:00:00,0.0364 Mpa,0.343 Mpa,0.0788 Mpa,0.0695 Mpa,0.277 Mpa,0.172 Mpa,0.146 Mpa,0.0796 Mpa,0.118 Mpa,0.0817 Mpa,0.842%,11.0%,8.99%,1.78%,10.2%,4.15%,7.50%,2.57%,3.35%,2.07%
2026-08-25 05:00:00,0.0456 Mpa,0.223 Mpa,0.374 Mpa,6.10 Mpa,0.0994 Mpa,,0.137 Mpa,0.0920 Mpa,0.136 Mpa,0.132 Mpa,1.36%,7.93%,15.0%,0.796%,3.49%,,7.03%,2.93%,3.92%,3.65%
2026-08-25 07:00:00,0.0938 Mpa,0.150 Mpa,0.318 Mpa,6.10 Mpa,0.230 Mpa,,0.0838 Mpa,0.0835 Mpa,0.114 Mpa,0.0531 Mpa,2.63%,6.15%,13.8%,1.76%,7.54%,,4.60%,2.54%,3.21%,1.41%
2026-08-25 09:00:00,0.206 Mpa,0.346 Mpa,0.249 Mpa,6.10 Mpa,0.306 Mpa,,0.0887 Mpa,0.137 Mpa,0.209 Mpa,0.0699 Mpa,6.11%,12.7%,11.4%,0.878%,11.3%,,4.92%,4.20%,6.35%,2.06%
2026-08-25 11:00:00,0.385 Mpa,0.127 Mpa,0 Mpa,6.10 Mpa,0.207 Mpa,0.317 Mpa,0.0659 Mpa,0.0651 Mpa,0.104 Mpa,0.0345 Mpa,11.0%,5.57%,4%,2.00%,7.58%,8.87%,3.98%,2.07%,2.91%,0.986%
2026-08-25 13:00:00,0.0718 Mpa,0.102 Mpa,,6.10 Mpa,0.182 Mpa,,0.104 Mpa,0.102 Mpa,0.129 Mpa,0.0546 Mpa,2.06%,4.06%,,1.76%,6.70%,,5.48%,3.16%,3.58%,1.66%
2026-08-25 15:00:00,0.149 Mpa,0.180 Mpa,0.0300 Mpa,6.10 Mpa,0.146 Mpa,,0.0760 Mpa,0.102 Mpa,0.0366 Mpa,0.0779 Mpa,4.20%,6.56%,4.90%,3.54%,5.58%,,4.30%,3.17%,0.946%,2.00%
2026-08-25 17:00:00,0.234 Mpa,0.141 Mpa,0.235 Mpa,6.10 Mpa,0.106 Mpa,,0.288 Mpa,0.0982 Mpa,0.0961 Mpa,0.0684 Mpa,7.06%,5.72%,11.3%,3.36%,3.92%,,11.5%,3.33%,2.98%,1.92%
2026-08-25 19:00:00,0.156 Mpa,0.0343 Mpa,0.128 Mpa,6.10 Mpa,0.195 Mpa,,0.316 Mpa,0.0818 Mpa,0.0831 Mpa,0.0432 Mpa,4.36%,1.73%,8.37%,3.27%,7.63%,,12.3%,2.41%,2.28%,0.938%
2026-08-25 21:00:00,0.169 Mpa,0.0508 Mpa,0.0786 Mpa,6.10 Mpa,0.166 Mpa,,0.134 Mpa,0.0787 Mpa,0.0222 Mpa,0.0511 Mpa,4.70%,2.35%,8.47%,2.80%,7.16%,,7.43%,2.29%,0.786%,1.17%
2026-08-25 23:00:00,0.138 Mpa,0.0744 Mpa,0.109 Mpa,6.10 Mpa,0.287 Mpa,,0.320 Mpa,0.109 Mpa,0.155 Mpa,0.106 Mpa,3.88%,3.06%,8.90%,2.89%,10.9%,,13.2%,3.32%,4.36%,2.73%
2026-08-26 01:00:00,0.129 Mpa,0.0998 Mpa,0.0672 Mpa,0.618 Mpa,0.212 Mpa,,0.0922 Mpa,0.0928 Mpa,0.0873 Mpa,0.246 Mpa,3.44%,3.68%,8.60%,3.29%,7.85%,,6.23%,2.65%,2.38%,6.69%
2026-08-26 03:00:00,0.0271 Mpa,0.121 Mpa,0.0683 Mpa,0.0891 Mpa,0.291 Mpa,,0.124 Mpa,0.115 Mpa,0.290 Mpa,0.167 Mpa,0.653%,4.36%,7.98%,2.98%,9.62%,,6.66%,3.32%,8.57%,4.49%
2026-08-26 05:00:00,0.0932 Mpa,0.0740 Mpa,0.0987 Mpa,5.26 Mpa,0.0989 Mpa,,0.176 Mpa,0.0565 Mpa,0.0772 Mpa,0.123 Mpa,2.91%,3.42%,10.1%,2.08%,3.51%,,8.23%,1.84%,2.35%,3.44%
2026-08-26 07:00:00,0.0362 Mpa,0.306 Mpa,0.199 Mpa,6.10 Mpa,0.159 Mpa,,0.106 Mpa,0.0497 Mpa,0.0952 Mpa,0.121 Mpa,1.15%,12.1%,13.1%,1.65%,5.50%,,5.96%,1.95%,2.65%,3.38%
2026-08-26 09:00:00,0.108 Mpa,0.155 Mpa,0.0459 Mpa,6.10 Mpa,0.152 Mpa,,0.0314 Mpa,0.0574 Mpa,0.0661 Mpa,0.123 Mpa,3.04%,6.78%,5.16%,1.90%,5.40%,,3.86%,2.03%,1.39%,3.43%
2026-08-26 11:00:00,0.0726 Mpa,0.194 Mpa,0.405 Mpa,6.10 Mpa,0.0916 Mpa,,0.199 Mpa,0.0883 Mpa,0.182 Mpa,0.0959 Mpa,1.93%,8.01%,16.7%,2.98%,3.32%,,8.51%,3.42%,5.23%,2.69%
2026-08-26 13:00:00,0.0684 Mpa,0.227 Mpa,0.234 Mpa,6.10 Mpa,0.0992 Mpa,,0.0324 Mpa,0.129 Mpa,0.119 Mpa,0.0667 Mpa,1.80%,8.04%,14.4%,1.12%,3.70%,,3.85%,4.27%,3.41%,1.74%
2026-08-26 15:00:00,0.109 Mpa,0.103 Mpa,0.0209 Mpa,6.10 Mpa,0.0748 Mpa,,0.0560 Mpa,0.0513 Mpa,0.138 Mpa,0.0769 Mpa,3.49%,4.81%,4.32%,3.48%,3.34%,,4.93%,1.93%,3.79%,2.10%
2026-08-26 17:00:00,0.184 Mpa,0.178 Mpa,0 Mpa,6.10 Mpa,0.0848 Mpa,,0.0536 Mpa,0.100 Mpa,0.0868 Mpa,0.0735 Mpa,6.12%,7.11%,6.39%,2.27%,3.07%,,4.42%,3.33%,2.46%,1.92%
2026-08-26 19:00:00,0.0375 Mpa,0.111 Mpa,0.120 Mpa,6.10 Mpa,0.0424 Mpa,,0.109 Mpa,0.106 Mpa,0.0324 Mpa,0.0764 Mpa,1.13%,4.04%,9.97%,3.09%,1.46%,,5.97%,3.69%,0.813%,1.97%
2026-08-26 21:00:00,0.0600 Mpa,0.0746 Mpa,0.0909 Mpa,6.10 Mpa,0.0448 Mpa,,0.111 Mpa,0.122 Mpa,0.0957 Mpa,0.0881 Mpa,2.22%,3.13%,9.66%,3.49%,1.48%,,6.60%,4.21%,2.70%,2.23%
2026-08-26 23:00:00,0.203 Mpa,0.139 Mpa,0.125 Mpa,5.78 Mpa,0.0986 Mpa,0.0702 Mpa,0.126 Mpa,0.108 Mpa,0.178 Mpa,0.0664 Mpa,7.26%,4.83%,10.1%,2.95%,3.47%,0.711%,5.96%,3.67%,5.28%,1.68%
2026-08-27 01:00:00,0.0227 Mpa,0.0610 Mpa,0.0745 Mpa,0.0560 Mpa,0.0623 Mpa,0.153 Mpa,0.0656 Mpa,0.0823 Mpa,0.0683 Mpa,0.0850 Mpa,0.943%,2.07%,8.93%,1.85%,2.04%,3.13%,4.97%,2.36%,2.01%,2.06%
2026-08-27 03:00:00,0.0590 Mpa,0.158 Mpa,0.0780 Mpa,0.0731 Mpa,0.187 Mpa,0.161 Mpa,0.323 Mpa,0.0625 Mpa,0.0673 Mpa,0.170 Mpa,1.70%,5.29%,9.09%,2.45%,6.68%,3.33%,11.8%,1.77%,1.90%,4.57%
2026-08-27 05:00:00,0.0694 Mpa,0.193 Mpa,0.104 Mpa,0.0913 Mpa,0.0678 Mpa,0.123 Mpa,0.0173 Mpa,0.127 Mpa,0.0971 Mpa,0.134 Mpa,1.96%,6.60%,9.58%,2.95%,2.63%,2.75%,2.08%,3.79%,2.68%,3.85%
2026-08-27 07:00:00,0.0132 Mpa,0.0921 Mpa,0.268 Mpa,0.352 Mpa,0.0578 Mpa,0.111 Mpa,0.237 Mpa,0.0505 Mpa,0.0867 Mpa,0.0531 Mpa,0.240%,3.72%,14.4%,1.31%,3.29%,2.91%,9.24%,1.49%,2.33%,1.32%
2026-08-27 09:00:00,0.0319 Mpa,0.143 Mpa,0.0785 Mpa,6.10 Mpa,0.172 Mpa,0.184 Mpa,0.183 Mpa,0.0529 Mpa,0.0617 Mpa,0.0729 Mpa,0.951%,5.32%,11.0%,1.86%,7.12%,4.24%,7.89%,1.45%,1.77%,2.03%
2026-08-27 11:00:00,0.0653 Mpa,0.206 Mpa,0.143 Mpa,6.10 Mpa,0.142 Mpa,0.105 Mpa,0.123 Mpa,0.0602 Mpa,0.0375 Mpa,0.0769 Mpa,1.74%,7.68%,12.7%,6.14%,5.41%,1.33%,6.65%,1.78%,0.979%,2.02%
2026-08-27 13:00:00,0.0894 Mpa,0.287 Mpa,0.157 Mpa,6.10 Mpa,0.116 Mpa,,0.0857 Mpa,0.227 Mpa,0.146 Mpa,0.0983 Mpa,2.53%,10.1%,11.6%,1.65%,4.19%,,5.29%,6.54%,4.38%,2.76%
2026-08-27 15:00:00,0.0406 Mpa,0.209 Mpa,0.0415 Mpa,6.10 Mpa,0.0519 Mpa,0.232 Mpa,0.119 Mpa,0.0906 Mpa,0.0973 Mpa,0.0913 Mpa,0.990%,7.49%,9.65%,1.41%,1.81%,5.47%,6.64%,2.69%,2.76%,2.65%
2026-08-27 17:00:00,0.0724 Mpa,0.121 Mpa,0.0490 Mpa,6.10 Mpa,0.204 Mpa,,0.120 Mpa,0.158 Mpa,0.107 Mpa,0.117 Mpa,2.05%,5.50%,6.81%,2.75%,7.40%,,6.64%,5.28%,3.02%,3.22%
2026-08-27 19:00:00,0.106 Mpa,0.185 Mpa,0.0552 Mpa,6.10 Mpa,0.0873 Mpa,0.267 Mpa,0.0775 Mpa,0.0623 Mpa,0.0809 Mpa,0.0902 Mpa,3.77%,7.84%,7.72%,1.17%,3.77%,7.51%,5.22%,2.60%,2.21%,2.60%
2026-08-27 21:00:00,0.0438 Mpa,0.173 Mpa,0.153 Mpa,6.10 Mpa,0.0853 Mpa,0.127 Mpa,0.0706 Mpa,0.0946 Mpa,0.0927 Mpa,0.0654 Mpa,1.47%,8.23%,11.5%,1.13%,3.91%,2.85%,4.82%,3.46%,2.80%,1.66%
2026-08-27 23:00:00,0.182 Mpa,0.0623 Mpa,0.138 Mpa,6.10 Mpa,0.0752 Mpa,0.191 Mpa,0.180 Mpa,0.0864 Mpa,0.238 Mpa,0.231 Mpa,6.43%,3.72%,8.26%,2.87%,2.64%,5.15%,7.80%,3.28%,6.70%,6.34%
2026-08-28 01:00:00,0.106 Mpa,0.262 Mpa,0.0600 Mpa,6.10 Mpa,0.0688 Mpa,0.305 Mpa,0.0850 Mpa,0.0665 Mpa,0.135 Mpa,0.134 Mpa,3.05%,9.93%,8.93%,1.82%,2.32%,8.18%,4.98%,2.23%,3.65%,3.49%
2026-08-28 03:00:00,0.146 Mpa,0.0869 Mpa,0.0320 Mpa,6.10 Mpa,0.106 Mpa,0.207 Mpa,0.0846 Mpa,0.140 Mpa,0.167 Mpa,0.168 Mpa,4.20%,3.21%,6.42%,0.751%,3.62%,5.25%,5.19%,4.26%,4.77%,4.45%
2026-08-28 05:00:00,0.0941 Mpa,0.256 Mpa,0.204 Mpa,6.10 Mpa,0.0498 Mpa,0.155 Mpa,0.240 Mpa,0.152 Mpa,0.249 Mpa,0.144 Mpa,3.13%,8.19%,12.5%,3.79%,1.64%,4.26%,9.96%,4.73%,7.23%,3.97%
2026-08-28 07:00:00,0.0419 Mpa,0.108 Mpa,0.0841 Mpa,6.10 Mpa,0 Mpa,0.177 Mpa,0.0336 Mpa,0.130 Mpa,0.287 Mpa,,1.26%,4.25%,8.96%,1.67%,0.166%,4.74%,3.20%,3.85%,8.47%,
2026-08-28 09:00:00,0.0367 Mpa,0.159 Mpa,0.191 Mpa,6.10 Mpa,0.0630 Mpa,0.252 Mpa,0.173 Mpa,0.110 Mpa,0.0979 Mpa,,0.947%,6.26%,12.8%,2.10%,2.02%,7.86%,7.81%,3.42%,2.61%,
2026-08-28 11:00:00,0.0362 Mpa,0.0941 Mpa,0.0977 Mpa,6.10 Mpa,0.553 Mpa,0.152 Mpa,0.0738 Mpa,0.393 Mpa,0.116 Mpa,,1.23%,3.90%,11.2%,2.10%,18.6%,4.29%,4.83%,11.7%,3.27%,
2026-08-28 13:00:00,0.0295 Mpa,0.245 Mpa,0.0675 Mpa,0.449 Mpa,0.410 Mpa,0.233 Mpa,0.154 Mpa,0.144 Mpa,0.0862 Mpa,,0.824%,8.17%,8.46%,1.70%,14.8%,6.05%,7.43%,4.34%,2.14%,
2026-08-28 15:00:00,0.0687 Mpa,0.246 Mpa,0.0981 Mpa,0.0742 Mpa,0.192 Mpa,0.362 Mpa,0.163 Mpa,0.0307 Mpa,0.0600 Mpa,,1.86%,8.80%,10.7%,2.36%,6.90%,9.37%,8.00%,0.875%,1.47%,
2026-08-28 17:00:00,0.0581 Mpa,0.315 Mpa,0.00979 Mpa,0.0427 Mpa,0.154 Mpa,0.0902 Mpa,0.0905 Mpa,0.230 Mpa,0.0965 Mpa,,1.53%,11.8%,5.80%,1.75%,5.63%,1.80%,5.56%,6.93%,2.59%,
2026-08-28 19:00:00,0.0195 Mpa,0.191 Mpa,0.0456 Mpa,0.0713 Mpa,0.169 Mpa,0.155 Mpa,0.0744 Mpa,,0.116 Mpa,0.0776 Mpa,0.356%,7.89%,6.93%,2.74%,6.13%,4.02%,4.75%,,3.24%,2.16%
2026-08-28 21:00:00,0.0372 Mpa,0.243 Mpa,0.0264 Mpa,0.0851 Mpa,0.114 Mpa,0.124 Mpa,0.0967 Mpa,0.0440 Mpa,0.160 Mpa,0.0947 Mpa,0.915%,9.92%,6.12%,3.28%,4.32%,3.09%,5.85%,1.42%,4.49%,2.67%
2026-08-28 23:00:00,0.111 Mpa,0.171 Mpa,0.723 Mpa,4.99 Mpa,0.0701 Mpa,0.115 Mpa,0.0815 Mpa,0.150 Mpa,0.163 Mpa,0.0740 Mpa,3.20%,7.50%,25.9%,2.31%,3.22%,2.59%,4.30%,4.80%,4.60%,2.03%
2026-08-29 01:00:00,0.146 Mpa,0.149 Mpa,0.124 Mpa,3.77 Mpa,0.0222 Mpa,0.0742 Mpa,0.119 Mpa,0.0441 Mpa,0.113 Mpa,0.0630 Mpa,3.92%,6.86%,10.4%,1.62%,0.822%,1.17%,6.13%,1.39%,3.08%,1.71%
2026-08-29 03:00:00,0.0456 Mpa,0.0836 Mpa,0.0983 Mpa,6.10 Mpa,0.0653 Mpa,0.232 Mpa,0.157 Mpa,0.0844 Mpa,0.227 Mpa,0.130 Mpa,1.21%,3.18%,7.54%,0.665%,2.29%,6.46%,6.53%,2.73%,6.38%,3.37%
2026-08-29 05:00:00,0.211 Mpa,0.143 Mpa,0.0911 Mpa,6.10 Mpa,0.0871 Mpa,0.102 Mpa,0.0731 Mpa,0.139 Mpa,0.143 Mpa,0.120 Mpa,6.12%,5.92%,10.3%,1.15%,3.25%,1.95%,3.77%,4.31%,3.80%,3.23%
2026-08-29 07:00:00,0.111 Mpa,0.133 Mpa,0.0574 Mpa,6.10 Mpa,0.0942 Mpa,0.197 Mpa,0.167 Mpa,0.127 Mpa,0.0802 Mpa,0.0975 Mpa,3.21%,5.12%,9.92%,4.42%,3.53%,4.54%,7.60%,3.76%,1.84%,2.46%
2026-08-29 09:00:00,0.0609 Mpa,0.163 Mpa,0.208 Mpa,6.05 Mpa,0.156 Mpa,0.339 Mpa,0.126 Mpa,0.0715 Mpa,0.0649 Mpa,0.0766 Mpa,1.68%,6.14%,11.2%,4.55%,6.08%,9.32%,6.48%,2.19%,1.50%,2.01%
2026-08-29 11:00:00,0.107 Mpa,0.135 Mpa,0.0886 Mpa,6.10 Mpa,0.176 Mpa,0.249 Mpa,0.643 Mpa,0.0513 Mpa,0.168 Mpa,0.0549 Mpa,3.19%,4.92%,9.54%,1.76%,6.56%,6.12%,22.7%,1.65%,4.80%,1.35%
2026-08-29 13:00:00,0.0668 Mpa,0.194 Mpa,0.141 Mpa,6.10 Mpa,0.312 Mpa,0.110 Mpa,0.0871 Mpa,0.106 Mpa,0.245 Mpa,0.0764 Mpa,1.97%,7.15%,10.5%,5.59%,11.6%,2.61%,4.58%,3.10%,7.14%,1.97%
2026-08-29 15:00:00,0.0870 Mpa,0.00580 Mpa,0.0692 Mpa,6.10 Mpa,0.285 Mpa,0.0808 Mpa,0.0683 Mpa,0.0518 Mpa,0.0888 Mpa,0.110 Mpa,2.55%,0.0809%,9.72%,3.89%,9.52%,1.70%,3.99%,1.56%,2.49%,2.93%
2026-08-29 17:00:00,0.0679 Mpa,,0.0865 Mpa,6.10 Mpa,0.0717 Mpa,0.119 Mpa,0.0496 Mpa,0.308 Mpa,0.124 Mpa,0.0820 Mpa,1.91%,,9.23%,6.43%,3.31%,2.73%,3.48%,9.54%,3.57%,2.21%
2026-08-29 19:00:00,0.116 Mpa,,0.408 Mpa,5.00 Mpa,0.101 Mpa,0.152 Mpa,0.0475 Mpa,0.223 Mpa,0.159 Mpa,0.105 Mpa,3.37%,,17.2%,14.1%,3.77%,4.17%,3.73%,7.45%,4.65%,2.81%
2026-08-29 21:00:00,0.0636 Mpa,0.448 Mpa,0.454 Mpa,0.109 Mpa,0.257 Mpa,0.156 Mpa,0.108 Mpa,0.123 Mpa,0.0566 Mpa,0.173 Mpa,1.77%,12.9%,19.6%,3.68%,10.0%,3.54%,5.16%,3.92%,1.59%,4.68%
2026-08-29 23:00:00,0.123 Mpa,0.106 Mpa,0.162 Mpa,0.400 Mpa,0.191 Mpa,0.285 Mpa,0.107 Mpa,0.0999 Mpa,0.0495 Mpa,0.0507 Mpa,3.51%,3.72%,13.7%,11.7%,7.46%,7.43%,5.30%,3.38%,1.40%,1.15%
2026-08-30 01:00:00,0.0288 Mpa,0.0923 Mpa,0.107 Mpa,0.682 Mpa,0.217 Mpa,0.0907 Mpa,0.0360 Mpa,0.0477 Mpa,0.113 Mpa,0.368 Mpa,0.757%,3.34%,9.25%,3.50%,8.69%,1.68%,3.21%,1.94%,3.37%,9.97%
2026-08-30 03:00:00,0.000144 Mpa,0.0622 Mpa,0.170 Mpa,6.10 Mpa,0.179 Mpa,0.182 Mpa,0.102 Mpa,0.104 Mpa,0.0954 Mpa,0.149 Mpa,0%,2.79%,12.5%,2.21%,6.16%,4.29%,5.94%,3.33%,2.79%,3.90%
2026-08-30 05:00:00,0.0327 Mpa,0.149 Mpa,0.0987 Mpa,6.10 Mpa,0.583 Mpa,0.186 Mpa,0.0719 Mpa,0.0928 Mpa,0.151 Mpa,0.0587 Mpa,1.03%,5.61%,8.92%,2.41%,20.8%,4.77%,4.93%,2.99%,4.17%,1.49%
2026-08-30 07:00:00,0.0180 Mpa,0.249 Mpa,0.307 Mpa,6.10 Mpa,0.304 Mpa,0.146 Mpa,0.168 Mpa,0.0848 Mpa,0.127 Mpa,0.116 Mpa,0.328%,8.94%,14.9%,1.83%,11.2%,3.78%,8.16%,2.84%,3.57%,3.13%
2026-08-30 09:00:00,0.0128 Mpa,0.0848 Mpa,0.210 Mpa,6.10 Mpa,0.305 Mpa,0.112 Mpa,0.0482 Mpa,0.0522 Mpa,0.0864 Mpa,0.121 Mpa,0.0981%,3.59%,12.8%,1.65%,10.6%,2.77%,3.86%,1.76%,2.37%,3.26%
2026-08-30 11:00:00,0.00852 Mpa,0.0809 Mpa,0.0302 Mpa,6.10 Mpa,0.332 Mpa,0.202 Mpa,0.111 Mpa,0.0755 Mpa,0.111 Mpa,0.102 Mpa,0%,3.30%,7.54%,1.44%,12.4%,6.20%,6.07%,2.42%,2.97%,2.74%
2026-08-30 13:00:00,0.154 Mpa,0.0125 Mpa,0.117 Mpa,6.10 Mpa,0.0569 Mpa,0.234 Mpa,0.108 Mpa,0.0933 Mpa,0.0198 Mpa,0.0364 Mpa,5.06%,1.02%,8.90%,1.70%,2.26%,6.31%,6.03%,3.19%,0.352%,0.905%
2026-08-30 15:00:00,0.0625 Mpa,,0.251 Mpa,6.10 Mpa,0 Mpa,0.592 Mpa,0.0489 Mpa,0.110 Mpa,0.0365 Mpa,0.0389 Mpa,2.40%,,13.0%,2.76%,0%,19.2%,3.86%,3.88%,0.928%,0.990%
2026-08-30 17:00:00,0.0964 Mpa,,0.302 Mpa,6.10 Mpa,0.0971 Mpa,0.133 Mpa,0.0442 Mpa,0.133 Mpa,0.0854 Mpa,0.126 Mpa,2.72%,,13.0%,2.83%,3.47%,3.86%,3.75%,4.15%,2.48%,3.39%
2026-08-30 19:00:00,0.0892 Mpa,,0.117 Mpa,6.10 Mpa,0.0568 Mpa,0.0524 Mpa,0.0369 Mpa,0.217 Mpa,0.300 Mpa,0.0524 Mpa,2.52%,,8.57%,2.74%,2.08%,0.759%,3.78%,6.73%,8.64%,1.36%
2026-08-30 21:00:00,0.101 Mpa,,0.152 Mpa,6.10 Mpa,0.120 Mpa,0.106 Mpa,0.0705 Mpa,0.283 Mpa,0.0524 Mpa,0.158 Mpa,3.23%,,9.13%,5.57%,4.54%,2.61%,4.51%,8.96%,1.31%,4.34%
2026-08-30 23:00:00,0.172 Mpa,0.0607 Mpa,0.120 Mpa,6.10 Mpa,0.0660 Mpa,0.0707 Mpa,0.0511 Mpa,0.194 Mpa,0.0841 Mpa,0.124 Mpa,4.87%,2.38%,9.90%,6.14%,2.47%,1.47%,4.13%,6.15%,2.58%,3.37%
2026-08-31 01:00:00,0.0794 Mpa,0.116 Mpa,0.218 Mpa,0.233 Mpa,0.0725 Mpa,0.128 Mpa,0.0644 Mpa,0.101 Mpa,0.127 Mpa,0.108 Mpa,2.20%,4.44%,10.1%,4.98%,2.50%,3.28%,4.96%,3.21%,3.61%,2.88%
2026-08-31 03:00:00,0.0763 Mpa,,0.0627 Mpa,0.0661 Mpa,0.105 Mpa,0.162 Mpa,0.0912 Mpa,0.105 Mpa,0.388 Mpa,0.256 Mpa,2.06%,,5.88%,1.89%,3.84%,4.90%,5.66%,3.44%,11.5%,7.57%
2026-08-31 05:00:00,0.0556 Mpa,,0.0942 Mpa,4.68 Mpa,0.321 Mpa,0.144 Mpa,0.275 Mpa,0.247 Mpa,0.372 Mpa,0.151 Mpa,1.40%,,7.40%,4.67%,10.7%,4.24%,11.3%,8.13%,10.8%,4.51%
2026-08-31 07:00:00,0.0389 Mpa,,0.0800 Mpa,6.10 Mpa,0.369 Mpa,0.173 Mpa,0.157 Mpa,0.236 Mpa,0.295 Mpa,0.0722 Mpa,0.954%,,6.65%,3.70%,11.7%,4.67%,7.68%,7.15%,8.97%,1.89%
2026-08-31 09:00:00,0.0924 Mpa,0.00176 Mpa,0.0717 Mpa,6.10 Mpa,0.236 Mpa,0.108 Mpa,0.0729 Mpa,0.153 Mpa,0.307 Mpa,0.0669 Mpa,2.71%,0.833%,6.43%,1.23%,8.50%,2.72%,4.86%,5.02%,9.14%,1.57%
2026-08-31 11:00:00,0.0713 Mpa,,0.0707 Mpa,5.72 Mpa,0.156 Mpa,0.143 Mpa,0.0673 Mpa,0.161 Mpa,0.234 Mpa,0.0652 Mpa,2.23%,,6.82%,3.68%,5.75%,3.60%,4.51%,5.08%,7.01%,1.66%
2026-08-31 13:00:00,0.282 Mpa,,0.0673 Mpa,0.0596 Mpa,0.224 Mpa,0.146 Mpa,0.0887 Mpa,0.160 Mpa,0.206 Mpa,0.0863 Mpa,8.28%,,7.63%,1.84%,8.12%,4.03%,5.03%,5.50%,6.05%,2.30%
2026-08-31 15:00:00,0.125 Mpa,,0.138 Mpa,5.25 Mpa,0.141 Mpa,0.104 Mpa,0.117 Mpa,0.0923 Mpa,0.123 Mpa,0.0493 Mpa,3.41%,,9.77%,0.708%,5.01%,2.84%,5.36%,3.04%,3.63%,1.29%
2026-08-31 17:00:00,0.173 Mpa,,0.0733 Mpa,5.71 Mpa,0.193 Mpa,0.138 Mpa,0.104 Mpa,0.138 Mpa,0.0699 Mpa,0.0791 Mpa,4.98%,,7.09%,1.56%,7.47%,3.71%,5.27%,4.51%,1.99%,2.23%
2026-08-31 19:00:00,0.111 Mpa,,0.0481 Mpa,2.88 Mpa,0.124 Mpa,0.129 Mpa,0.0681 Mpa,0.129 Mpa,0.123 Mpa,0.0757 Mpa,3.78%,,5.97%,3.66%,4.64%,2.66%,5.12%,3.89%,3.72%,1.99%
2026-08-31 21:00:00,0.142 Mpa,0.000171 Mpa,0.428 Mpa,5.95 Mpa,0.306 Mpa,0.143 Mpa,0.0477 Mpa,0.0519 Mpa,0.149 Mpa,0.0378 Mpa,4.16%,0.794%,17.9%,6.18%,11.4%,2.95%,4.07%,1.47%,4.59%,0.851%
2026-08-31 23:00:00,0.402 Mpa,,0.200 Mpa,4.74 Mpa,0 Mpa,0.360 Mpa,0.483 Mpa,0.00314 Mpa,0.334 Mpa,0.365 Mpa,12.5%,,12.1%,2.86%,2.04%,9.20%,16.9%,0.0803%,10.3%,9.81%
2026-09-01 01:00:00,0.256 Mpa,,,,,0.283 Mpa,0.197 Mpa,0.0612 Mpa,0.296 Mpa,0.00993 Mpa,7.48%,,,,,7.40%,5.72%,1.68%,8.91%,0%
2026-09-01 03:00:00,0.0159 Mpa,,,0 Mpa,,0.146 Mpa,0.368 Mpa,0.0947 Mpa,0.184 Mpa,0.0539 Mpa,0%,,,0%,,3.51%,12.9%,2.60%,5.42%,1.19%
2026-09-01 05:00:00,0.0962 Mpa,,0.190 Mpa,0.00447 Mpa,0.0870 Mpa,,,0.131 Mpa,0.196 Mpa,0.0899 Mpa,2.73%,,12.3%,0.0133%,2.70%,,,3.85%,5.84%,2.17%
2026-09-01 07:00:00,0.144 Mpa,,0.168 Mpa,0.0859 Mpa,0.0644 Mpa,0.126 Mpa,0.932 Mpa,0.120 Mpa,0.168 Mpa,0.126 Mpa,4.23%,,10.3%,2.45%,2.06%,2.99%,29.6%,3.62%,4.59%,3.14%
2026-09-01 09:00:00,0.104 Mpa,,0.169 Mpa,0.181 Mpa,0.000182 Mpa,0.181 Mpa,0.326 Mpa,0.0805 Mpa,0.284 Mpa,0.0701 Mpa,2.57%,,11.0%,5.61%,0%,4.61%,12.7%,2.32%,8.14%,1.71%
2026-09-01 11:00:00,0.0955 Mpa,,0.0971 Mpa,0.200 Mpa,,0.176 Mpa,0.357 Mpa,0.108 Mpa,0.0854 Mpa,0.0903 Mpa,2.50%,,9.56%,6.23%,,5.13%,13.4%,3.67%,2.22%,2.42%
2026-09-01 13:00:00,0.112 Mpa,,0.111 Mpa,0.0882 Mpa,,0.129 Mpa,0.287 Mpa,0.0958 Mpa,0.0673 Mpa,0.141 Mpa,3.16%,,8.83%,2.55%,,3.54%,11.7%,2.98%,1.85%,4.00%
2026-09-01 15:00:00,0.0932 Mpa,,0.490 Mpa,0.364 Mpa,,0.155 Mpa,0.142 Mpa,0.213 Mpa,0.209 Mpa,0.260 Mpa,2.58%,,19.8%,10.7%,,3.96%,6.52%,6.15%,6.03%,6.96%
2026-09-01 17:00:00,0.123 Mpa,,0.216 Mpa,0.142 Mpa,,0.237 Mpa,0.0649 Mpa,0.0524 Mpa,0 Mpa,0.500 Mpa,3.82%,,12.5%,4.12%,,7.64%,3.31%,1.45%,0%,12.7%
2026-09-01 19:00:00,0.00159 Mpa,,0.233 Mpa,0.131 Mpa,,,0 Mpa,0 Mpa,,,0.165%,,13.9%,3.98%,,,1.15%,0%,,
2026-09-01 21:00:00,0.0187 Mpa,,0.0580 Mpa,0.0216 Mpa,,,0.0792 Mpa,0 Mpa,,0.191 Mpa,0.691%,,5.78%,0.809%,,,3.33%,0%,,4.42%
2026-09-01 23:00:00,0.137 Mpa,,0 Mpa,0.0226 Mpa,,,0.135 Mpa,0.0269 Mpa,,0.0409 Mpa,3.77%,,4%,0.595%,,,7.47%,0.810%,,0.358%
2026-09-02 01:00:00,0.177 Mpa,,0.0160 Mpa,0.0598 Mpa,,,0.0762 Mpa,0.135 Mpa,0.251 Mpa,0.254 Mpa,5.14%,,6.85%,1.58%,,,5.45%,4.06%,6.43%,6.61%
2026-09-02 03:00:00,0.203 Mpa,,0.0475 Mpa,0.0749 Mpa,,,0.562 Mpa,0.105 Mpa,0.121 Mpa,0.180 Mpa,5.90%,,8.14%,1.87%,,,18.8%,3.32%,3.22%,4.60%
2026-09-02 05:00:00,0.123 Mpa,,0.270 Mpa,0.0371 Mpa,0.000142 Mpa,,0.0932 Mpa,0.0904 Mpa,0.497 Mpa,0.131 Mpa,3.52%,,14.6%,1.05%,0%,,6.15%,2.72%,13.9%,3.46%
2026-09-02 07:00:00,0.238 Mpa,,0.0625 Mpa,0.141 Mpa,,,0.107 Mpa,0.0719 Mpa,0.0889 Mpa,0.0585 Mpa,7.43%,,9.79%,4.19%,,,6.28%,2.32%,2.40%,1.34%
2026-09-02 09:00:00,0.284 Mpa,,0.0909 Mpa,0.202 Mpa,0.00686 Mpa,,0.104 Mpa,0.132 Mpa,0.107 Mpa,0.0401 Mpa,7.85%,,7.51%,6.12%,0%,,6.30%,4.16%,2.94%,1.07%
2026-09-02 11:00:00,0.455 Mpa,,0.427 Mpa,0.0839 Mpa,0.0927 Mpa,0.625 Mpa,0.0746 Mpa,0.0997 Mpa,0.0681 Mpa,0.0755 Mpa,13.3%,,17.9%,2.96%,2.76%,17.2%,5.06%,3.12%,1.92%,1.92%
2026-09-02 13:00:00,0.243 Mpa,,0.0190 Mpa,0.228 Mpa,0.0538 Mpa,0.0493 Mpa,0.233 Mpa,0.0913 Mpa,0.0792 Mpa,0.0817 Mpa,7.57%,,6.80%,6.71%,2.12%,0.620%,10.0%,2.99%,2.25%,2.06%
2026-09-02 15:00:00,0.489 Mpa,0 Mpa,0.0626 Mpa,0.157 Mpa,0.174 Mpa,0.0937 Mpa,0.387 Mpa,0.138 Mpa,0.0992 Mpa,0.119 Mpa,18.6%,0.800%,8.44%,4.80%,7.00%,1.33%,15.4%,4.23%,2.74%,3.10%
2026-09-02 17:00:00,0.150 Mpa,0 Mpa,0.0703 Mpa,0.128 Mpa,0.0676 Mpa,0.169 Mpa,0.222 Mpa,0.107 Mpa,0.0782 Mpa,0.0910 Mpa,5.32%,0.800%,9.68%,3.76%,2.31%,4.50%,9.45%,3.51%,2.25%,2.53%
2026-09-02 19:00:00,0.0505 Mpa,,0.0280 Mpa,0.123 Mpa,0.168 Mpa,0.143 Mpa,,0.120 Mpa,0.0799 Mpa,0.110 Mpa,1.36%,,6.53%,3.51%,5.48%,3.75%,,3.77%,2.05%,2.95%
2026-09-02 21:00:00,0.121 Mpa,,0.0818 Mpa,0.105 Mpa,0.133 Mpa,0.132 Mpa,,0.0995 Mpa,0.0602 Mpa,0.0525 Mpa,3.76%,,8.89%,3.01%,4.24%,2.98%,,3.24%,1.49%,1.35%
2026-09-02 23:00:00,0.0896 Mpa,0.0938 Mpa,0.209 Mpa,0.166 Mpa,0.133 Mpa,0.139 Mpa,0.210 Mpa,0.232 Mpa,0.136 Mpa,0.0596 Mpa,2.59%,3.63%,11.9%,4.90%,4.34%,3.71%,7.66%,7.59%,3.75%,1.54%
2026-09-03 01:00:00,0.118 Mpa,0 Mpa,0.564 Mpa,0.164 Mpa,0.132 Mpa,0.0915 Mpa,0.114 Mpa,0.0839 Mpa,0.317 Mpa,0.0988 Mpa,3.36%,0.783%,21.8%,4.67%,3.90%,2.03%,6.05%,2.59%,9.23%,2.63%
2026-09-03 03:00:00,0.130 Mpa,0.0599 Mpa,0.0966 Mpa,0.164 Mpa,0.132 Mpa,0.154 Mpa,0.119 Mpa,0.0387 Mpa,0.0478 Mpa,0.0362 Mpa,3.91%,2.02%,8.23%,4.53%,4.57%,4.52%,7.03%,1.13%,1.06%,0.821%
2026-09-03 05:00:00,0.0790 Mpa,0.0545 Mpa,0.112 Mpa,0.132 Mpa,0.0917 Mpa,0.199 Mpa,0.0639 Mpa,0.0974 Mpa,0.111 Mpa,0.153 Mpa,2.37%,2.25%,9.06%,3.68%,3.23%,5.42%,4.70%,3.83%,2.94%,4.32%
2026-09-03 07:00:00,0.101 Mpa,0.201 Mpa,0.0296 Mpa,0.101 Mpa,0.205 Mpa,0.366 Mpa,0.0733 Mpa,0.0545 Mpa,0.0597 Mpa,0.0770 Mpa,3.29%,8.03%,7.43%,2.94%,6.56%,9.88%,5.61%,2.00%,1.49%,2.04%
2026-09-03 09:00:00,0.152 Mpa,0.230 Mpa,0.0180 Mpa,0.123 Mpa,0.0972 Mpa,0.117 Mpa,0.0742 Mpa,0.168 Mpa,0.162 Mpa,0.109 Mpa,5.41%,9.23%,6.17%,3.67%,3.37%,2.45%,5.23%,5.43%,4.57%,3.17%
2026-09-03 11:00:00,0.325 Mpa,0.222 Mpa,0.0637 Mpa,0.209 Mpa,0.139 Mpa,0.195 Mpa,0.0599 Mpa,0.223 Mpa,0.215 Mpa,0.116 Mpa,10.2%,8.82%,8.09%,5.94%,4.94%,4.74%,4.56%,6.89%,6.26%,3.35%
2026-09-03 13:00:00,0.211 Mpa,0.175 Mpa,0.0982 Mpa,0.109 Mpa,0.237 Mpa,0.146 Mpa,0.0673 Mpa,0.0900 Mpa,0.155 Mpa,0.0691 Mpa,6.89%,6.50%,7.99%,2.96%,8.06%,3.64%,3.84%,2.58%,4.55%,1.83%
2026-09-03 15:00:00,0.103 Mpa,0.147 Mpa,0.0972 Mpa,0.0189 Mpa,0.0839 Mpa,0.159 Mpa,0.0981 Mpa,0.0322 Mpa,0.126 Mpa,0.0582 Mpa,3.47%,5.77%,8.04%,0.509%,2.91%,4.33%,5.28%,1.46%,3.49%,1.58%
2026-09-03 17:00:00,0.0627 Mpa,0.0995 Mpa,0.0880 Mpa,0.0749 Mpa,0.0522 Mpa,0.179 Mpa,0.120 Mpa,,0.161 Mpa,0.0947 Mpa,1.68%,3.62%,10.1%,2.11%,2.10%,5.19%,6.42%,,4.64%,2.66%
2026-09-03 19:00:00,0.181 Mpa,0.114 Mpa,0.0445 Mpa,0.180 Mpa,0.0582 Mpa,0.154 Mpa,0.103 Mpa,,0.105 Mpa,0.187 Mpa,5.06%,4.04%,9.90%,4.97%,2.28%,4.56%,6.08%,,3.15%,5.06%
2026-09-03 21:00:00,0.160 Mpa,0.0619 Mpa,0.0178 Mpa,0.134 Mpa,0.0432 Mpa,0.235 Mpa,0.0812 Mpa,,0.120 Mpa,0.0718 Mpa,4.37%,2.51%,9.67%,3.63%,2.16%,7.49%,5.35%,,3.52%,1.84%
2026-09-03 23:00:00,0.158 Mpa,0.0164 Mpa,0.113 Mpa,0.0400 Mpa,0.0803 Mpa,0.0759 Mpa,0.156 Mpa,0.181 Mpa,0.111 Mpa,0.0742 Mpa,4.61%,1.08%,12.3%,0.856%,3.50%,1.57%,7.53%,5.40%,3.16%,1.95%
2026-09-04 01:00:00,0.296 Mpa,0.185 Mpa,0.0435 Mpa,0.244 Mpa,0.170 Mpa,0.219 Mpa,0.0671 Mpa,0 Mpa,0.0733 Mpa,0.0440 Mpa,8.50%,6.21%,9.62%,6.63%,6.91%,6.21%,5.10%,0%,2.17%,1.16%
2026-09-04 03:00:00,0.255 Mpa,0.115 Mpa,0.0315 Mpa,0.147 Mpa,0.109 Mpa,0.182 Mpa,0.103 Mpa,,0.130 Mpa,0.233 Mpa,7.28%,4.19%,9.78%,4.07%,4.03%,4.92%,6.11%,,3.75%,6.35%
2026-09-04 05:00:00,0.0823 Mpa,0.127 Mpa,0.0174 Mpa,0.165 Mpa,0.0915 Mpa,0.100 Mpa,0.0956 Mpa,,0.0675 Mpa,0.199 Mpa,2.34%,5.20%,5.67%,4.91%,3.18%,2.32%,5.79%,,2.05%,5.56%
2026-09-04 07:00:00,0.0481 Mpa,0.162 Mpa,0.235 Mpa,0.231 Mpa,0.0791 Mpa,0.114 Mpa,0.0868 Mpa,,0.0948 Mpa,0.141 Mpa,1.17%,6.93%,13.2%,7.14%,2.72%,2.29%,5.24%,,2.63%,3.94%
2026-09-04 09:00:00,0.0988 Mpa,0.0838 Mpa,0.0937 Mpa,0.118 Mpa,0.0993 Mpa,0.100 Mpa,0.128 Mpa,,0.0745 Mpa,0.173 Mpa,2.54%,5.12%,9.57%,3.34%,3.73%,2.65%,6.72%,,1.89%,5.06%
2026-09-04 11:00:00,0.145 Mpa,0.190 Mpa,0.141 Mpa,0.0565 Mpa,0.155 Mpa,0.124 Mpa,0.0800 Mpa,,0.0662 Mpa,0.0969 Mpa,4.03%,7.55%,10.6%,1.45%,5.78%,2.84%,5.09%,,1.81%,2.77%
2026-09-04 13:00:00,0.0403 Mpa,0.102 Mpa,0.0643 Mpa,0.0353 Mpa,0.0242 Mpa,0.120 Mpa,0.0621 Mpa,,0.0738 Mpa,0.110 Mpa,1.22%,5.95%,6.37%,0.735%,1.18%,2.51%,4.64%,,2.03%,3.03%
2026-09-04 15:00:00,0.0772 Mpa,0.112 Mpa,0.0993 Mpa,0.0537 Mpa,0.104 Mpa,0.103 Mpa,0.0735 Mpa,0.0742 Mpa,0.0689 Mpa,0.136 Mpa,2.49%,5.67%,8.00%,1.30%,3.85%,2.11%,5.01%,2.31%,2.00%,3.89%
2026-09-04 17:00:00,0.0994 Mpa,0.169 Mpa,0.0741 Mpa,0.0131 Mpa,0.102 Mpa,0.180 Mpa,0.212 Mpa,0.0443 Mpa,0.122 Mpa,0.197 Mpa,3.14%,8.00%,8.22%,0.379%,3.64%,4.99%,9.49%,1.30%,3.83%,5.45%
2026-09-04 19:00:00,0.0975 Mpa,0.131 Mpa,0.0345 Mpa,0 Mpa,0.0858 Mpa,0.0880 Mpa,0.171 Mpa,0.0291 Mpa,0.0887 Mpa,0.103 Mpa,3.63%,4.79%,8.19%,0.211%,3.07%,2.08%,8.31%,0.820%,2.37%,2.62%
2026-09-04 21:00:00,0.0877 Mpa,0.128 Mpa,0.0265 Mpa,0.122 Mpa,0.0525 Mpa,0.0899 Mpa,0.206 Mpa,0.223 Mpa,0.0610 Mpa,0.0905 Mpa,3.30%,4.43%,8.16%,3.18%,1.81%,2.05%,9.32%,6.80%,1.42%,2.34%
2026-09-04 23:00:00,0.117 Mpa,0.379 Mpa,0.127 Mpa,0.0890 Mpa,0.00673 Mpa,0.137 Mpa,0.180 Mpa,0.146 Mpa,0.152 Mpa,0.0475 Mpa,3.63%,11.9%,11.2%,2.15%,0.0765%,4.02%,8.68%,4.46%,4.23%,1.21%
2026-09-05 01:00:00,0.0237 Mpa,0.0259 Mpa,0.0321 Mpa,0.150 Mpa,0.0677 Mpa,0.0595 Mpa,0.0785 Mpa,0.0563 Mpa,0.0413 Mpa,0.286 Mpa,0.325%,1.16%,6.37%,4.49%,2.54%,1.27%,5.29%,1.57%,0.944%,7.90%
2026-09-05 03:00:00,0.0616 Mpa,0.0661 Mpa,0.0591 Mpa,0.177 Mpa,0.0855 Mpa,0.108 Mpa,0.0337 Mpa,0.0849 Mpa,0.188 Mpa,0.0233 Mpa,2.11%,2.63%,6.72%,5.34%,3.32%,3.19%,3.96%,2.47%,5.48%,0.521%
2026-09-05 05:00:00,0.237 Mpa,0.139 Mpa,0.0909 Mpa,0.101 Mpa,0.0441 Mpa,0.0922 Mpa,0.117 Mpa,0.0482 Mpa,0.177 Mpa,,7.78%,4.70%,9.53%,3.07%,1.55%,2.41%,5.82%,1.32%,5.23%,
2026-09-05 07:00:00,0.193 Mpa,0.223 Mpa,0.115 Mpa,0.0904 Mpa,0.0927 Mpa,0.0758 Mpa,0.0645 Mpa,0.0439 Mpa,0.0875 Mpa,,5.53%,7.07%,9.37%,3.47%,2.56%,2.43%,4.65%,1.16%,2.72%,
2026-09-05 09:00:00,0.142 Mpa,0.0641 Mpa,0.0808 Mpa,0.111 Mpa,0.0718 Mpa,0.0451 Mpa,0.129 Mpa,0.0362 Mpa,0.165 Mpa,,4.59%,2.64%,10.4%,3.11%,2.23%,0.939%,6.29%,0.994%,5.20%,
2026-09-05 11:00:00,0.171 Mpa,0.0875 Mpa,0.0428 Mpa,0.120 Mpa,0.269 Mpa,0.135 Mpa,0.118 Mpa,0.116 Mpa,0.355 Mpa,0.0755 Mpa,5.34%,3.27%,8.62%,3.43%,9.12%,4.04%,6.04%,3.37%,11.4%,2.26%
2026-09-05 13:00:00,0.219 Mpa,0.0813 Mpa,0.0972 Mpa,0.0938 Mpa,0.0576 Mpa,0.0524 Mpa,0.242 Mpa,0.0878 Mpa,0.274 Mpa,,6.63%,3.12%,7.66%,2.72%,2.18%,0.772%,9.33%,2.81%,8.52%,
2026-09-05 15:00:00,0.196 Mpa,0.0307 Mpa,0.112 Mpa,0.0748 Mpa,0.0712 Mpa,0.0489 Mpa,0.0563 Mpa,0.128 Mpa,0.126 Mpa,,6.08%,1.35%,8.62%,2.17%,2.66%,0.666%,3.89%,4.05%,3.97%,
2026-09-05 17:00:00,0.156 Mpa,0.0492 Mpa,0.0865 Mpa,0.143 Mpa,0.0820 Mpa,0.0835 Mpa,0.107 Mpa,0.0880 Mpa,0.310 Mpa,,5.53%,2.59%,6.81%,4.50%,2.88%,2.28%,5.21%,2.73%,9.61%,
2026-09-05 19:00:00,0.117 Mpa,0.123 Mpa,0.0537 Mpa,0.0812 Mpa,0.119 Mpa,0.155 Mpa,0.156 Mpa,0.0789 Mpa,0.123 Mpa,,4.19%,5.46%,7.29%,2.46%,4.14%,4.80%,7.44%,2.77%,3.76%,
2026-09-05 21:00:00,0.0910 Mpa,0.150 Mpa,0.0775 Mpa,0.0933 Mpa,0.0735 Mpa,0.147 Mpa,0.166 Mpa,0.118 Mpa,0.142 Mpa,,3.27%,6.98%,7.80%,2.87%,2.51%,4.37%,7.74%,3.95%,4.34%,
2026-09-05 23:00:00,0.107 Mpa,0.0849 Mpa,0.111 Mpa,0.0898 Mpa,0.0413 Mpa,0.106 Mpa,0.252 Mpa,0.0598 Mpa,0.224 Mpa,,3.92%,4.95%,9.85%,2.82%,1.38%,2.83%,10.1%,1.90%,6.75%,
2026-09-06 01:00:00,0.117 Mpa,0.0399 Mpa,0.590 Mpa,0.198 Mpa,0.0487 Mpa,0.107 Mpa,0.0942 Mpa,0.0656 Mpa,0.117 Mpa,0.0211 Mpa,3.19%,1.73%,22.9%,5.45%,1.76%,2.99%,5.41%,2.08%,3.33%,0.485%
2026-09-06 03:00:00,0.137 Mpa,0.0700 Mpa,0.390 Mpa,0.0475 Mpa,0.0838 Mpa,0.114 Mpa,0.0781 Mpa,0.178 Mpa,0.165 Mpa,0.187 Mpa,4.89%,4.32%,16.1%,1.34%,3.20%,3.40%,5.41%,5.85%,4.79%,4.55%
2026-09-06 05:00:00,0.140 Mpa,0.128 Mpa,0.156 Mpa,0.0802 Mpa,0.0975 Mpa,0.0731 Mpa,0.148 Mpa,0.0951 Mpa,0.110 Mpa,0.109 Mpa,4.60%,5.14%,10.6%,2.39%,3.63%,2.02%,7.04%,2.84%,2.92%,2.79%
2026-09-06 07:00:00,0.0843 Mpa,0.0605 Mpa,0.284 Mpa,0.0801 Mpa,0.0738 Mpa,0.107 Mpa,0.0670 Mpa,0.107 Mpa,0.441 Mpa,0.0880 Mpa,2.53%,2.59%,12.8%,2.12%,2.61%,3.27%,4.39%,3.21%,13.9%,2.31%
2026-09-06 09:00:00,0.0857 Mpa,0.103 Mpa,0.363 Mpa,0.0840 Mpa,0.0860 Mpa,0.0996 Mpa,0.196 Mpa,0.0802 Mpa,0.112 Mpa,0.124 Mpa,2.49%,3.80%,14.6%,2.54%,3.18%,3.06%,8.26%,2.32%,3.74%,3.39%
2026-09-06 11:00:00,0.0659 Mpa,0.196 Mpa,0.242 Mpa,0.0923 Mpa,0.0608 Mpa,0.123 Mpa,0.0516 Mpa,0.157 Mpa,0.203 Mpa,0.0694 Mpa,1.97%,6.52%,12.6%,2.57%,2.07%,3.88%,4.12%,4.66%,6.26%,1.93%
2026-09-06 13:00:00,0.146 Mpa,0.161 Mpa,0.0790 Mpa,0.300 Mpa,0.117 Mpa,0.516 Mpa,0.175 Mpa,0.168 Mpa,0.318 Mpa,0.225 Mpa,5.51%,5.45%,8.34%,8.69%,4.11%,16.9%,7.41%,4.97%,9.62%,6.41%
2026-09-06 15:00:00,0.122 Mpa,0.0239 Mpa,0.211 Mpa,0.100 Mpa,0.120 Mpa,0.0576 Mpa,0.0927 Mpa,0.0599 Mpa,0.439 Mpa,0.154 Mpa,4.31%,1.32%,11.8%,2.73%,4.39%,1.08%,5.13%,1.77%,12.8%,4.45%
2026-09-06 17:00:00,0.186 Mpa,0.0913 Mpa,0.269 Mpa,0.210 Mpa,0.117 Mpa,0.156 Mpa,0.154 Mpa,0.113 Mpa,0.260 Mpa,0.217 Mpa,7.24%,4.34%,12.6%,6.24%,4.02%,4.34%,7.39%,3.47%,7.98%,6.06%
2026-09-06 19:00:00,0.0791 Mpa,0.0775 Mpa,0.0646 Mpa,0.0723 Mpa,0.0537 Mpa,0.116 Mpa,0.0845 Mpa,0.108 Mpa,0.0726 Mpa,0.0992 Mpa,3.70%,5.53%,5.73%,2.21%,1.78%,2.72%,5.51%,3.84%,1.82%,2.97%
2026-09-06 21:00:00,0.0894 Mpa,0.0556 Mpa,0.0539 Mpa,0.0674 Mpa,0.121 Mpa,0.131 Mpa,0.125 Mpa,0.0746 Mpa,0.139 Mpa,0.0666 Mpa,4.43%,4.04%,9.80%,1.95%,4.24%,3.67%,6.35%,2.93%,3.83%,1.84%
2026-09-06 23:00:00,0.0688 Mpa,0.0631 Mpa,0.115 Mpa,0.114 Mpa,0.112 Mpa,0.126 Mpa,0.0987 Mpa,0.0557 Mpa,0.577 Mpa,0.118 Mpa,3.36%,4.47%,8.79%,3.83%,3.80%,3.18%,5.41%,1.93%,17.5%,3.23%
2026-09-07 01:00:00,0.199 Mpa,0.100 Mpa,0.229 Mpa,0.0884 Mpa,0.0965 Mpa,0.0759 Mpa,0.177 Mpa,0.0794 Mpa,0.266 Mpa,0.100 Mpa,7.39%,4.23%,12.1%,2.16%,3.38%,1.58%,8.00%,2.33%,8.18%,2.79%
2026-09-07 03:00:00,0.0721 Mpa,0.233 Mpa,0.229 Mpa,0.336 Mpa,0.121 Mpa,0.107 Mpa,0.147 Mpa,0.0687 Mpa,0.145 Mpa,0.194 Mpa,1.90%,8.48%,10.5%,9.30%,4.04%,2.83%,7.13%,2.30%,4.41%,5.31%
2026-09-07 05:00:00,0.199 Mpa,0.111 Mpa,0.268 Mpa,0.0747 Mpa,0.135 Mpa,0.0990 Mpa,0.149 Mpa,0.287 Mpa,0.119 Mpa,0.0991 Mpa,5.80%,4.83%,11.6%,1.93%,4.86%,2.70%,6.85%,8.49%,3.87%,2.68%
2026-09-07 07:00:00,0.0943 Mpa,0.0843 Mpa,0.0493 Mpa,0.363 Mpa,0.0677 Mpa,0.0660 Mpa,0.0685 Mpa,0.181 Mpa,0.151 Mpa,0 Mpa,2.91%,3.23%,8.37%,10.9%,2.52%,1.74%,4.59%,5.46%,4.79%,0.621%
2026-09-07 09:00:00,0.0995 Mpa,0.0658 Mpa,0.0959 Mpa,0.0785 Mpa,0.122 Mpa,0.181 Mpa,0.118 Mpa,0.100 Mpa,0.226 Mpa,0.0690 Mpa,4.27%,2.75%,8.91%,2.00%,4.58%,5.96%,5.79%,2.87%,7.11%,1.68%
2026-09-07 11:00:00,0.169 Mpa,0.0377 Mpa,0.209 Mpa,0.203 Mpa,0.205 Mpa,0.178 Mpa,0.0939 Mpa,0.146 Mpa,0.349 Mpa,0.131 Mpa,7.05%,1.54%,11.1%,5.75%,7.15%,5.51%,5.25%,4.34%,10.4%,3.50%
2026-09-07 13:00:00,0.0930 Mpa,0.119 Mpa,0.171 Mpa,0.109 Mpa,0.124 Mpa,0.0836 Mpa,0.0575 Mpa,0.106 Mpa,0.142 Mpa,0.0784 Mpa,4.00%,4.34%,10.5%,3.03%,4.37%,1.52%,4.17%,3.43%,4.30%,2.03%
2026-09-07 15:00:00,0.148 Mpa,0.0608 Mpa,0.127 Mpa,0.0889 Mpa,0.0761 Mpa,0.0877 Mpa,0.0287 Mpa,0.153 Mpa,0.141 Mpa,0.0883 Mpa,4.56%,2.74%,8.51%,2.68%,2.63%,1.63%,3.88%,4.73%,4.49%,2.34%
2026-09-07 17:00:00,0.107 Mpa,0.0700 Mpa,0.0552 Mpa,0.110 Mpa,0.273 Mpa,0.0962 Mpa,0.0420 Mpa,0.172 Mpa,0.399 Mpa,0.0851 Mpa,3.31%,2.85%,8.53%,3.50%,9.50%,2.02%,4.14%,5.36%,11.0%,2.37%
2026-09-07 19:00:00,0.0971 Mpa,0.173 Mpa,0.147 Mpa,0.0671 Mpa,0.240 Mpa,0.0871 Mpa,0.0352 Mpa,0.0882 Mpa,,0.0863 Mpa,3.66%,8.04%,11.3%,2.12%,8.06%,1.30%,3.50%,3.03%,,2.45%
2026-09-07 21:00:00,0.158 Mpa,0.232 Mpa,0.132 Mpa,0.0744 Mpa,0.111 Mpa,0.149 Mpa,0.161 Mpa,0.105 Mpa,0.909 Mpa,0.111 Mpa,6.22%,9.75%,10.9%,2.02%,3.82%,1.91%,7.94%,3.56%,25.5%,3.05%
2026-09-07 23:00:00,0.0580 Mpa,0.151 Mpa,0.229 Mpa,0.0947 Mpa,0.128 Mpa,0.245 Mpa,0.0466 Mpa,0.0924 Mpa,0.119 Mpa,0.0588 Mpa,2.40%,6.39%,13.3%,3.14%,4.35%,6.72%,4.23%,3.05%,3.34%,1.72%
2026-09-08 01:00:00,0.118 Mpa,0.260 Mpa,0.410 Mpa,0.181 Mpa,0.0589 Mpa,0.108 Mpa,0.0535 Mpa,0.110 Mpa,0.140 Mpa,0.250 Mpa,3.94%,9.82%,14.2%,4.98%,2.00%,2.30%,4.67%,3.60%,3.85%,6.95%
2026-09-08 03:00:00,0.116 Mpa,0.135 Mpa,0.00581 Mpa,0.0386 Mpa,0.0814 Mpa,0.167 Mpa,0.0925 Mpa,0.129 Mpa,0.171 Mpa,0.0587 Mpa,3.37%,6.40%,6.14%,0.909%,2.63%,2.66%,5.71%,4.02%,4.98%,1.59%
2026-09-08 05:00:00,0.216 Mpa,0.174 Mpa,,0.0529 Mpa,0.0531 Mpa,0.222 Mpa,0.0989 Mpa,0.0695 Mpa,0.282 Mpa,0.123 Mpa,6.17%,6.48%,,1.35%,1.75%,5.86%,6.07%,2.26%,8.20%,3.33%
2026-09-08 07:00:00,0.101 Mpa,0.0650 Mpa,,0.0818 Mpa,0.106 Mpa,0.136 Mpa,0.129 Mpa,0.0503 Mpa,0.0801 Mpa,0.0747 Mpa,2.79%,2.39%,,2.22%,3.18%,2.65%,6.81%,1.39%,1.97%,1.89%
2026-09-08 09:00:00,0.110 Mpa,0.0306 Mpa,,0.103 Mpa,0.169 Mpa,0.0679 Mpa,0.0756 Mpa,0.0595 Mpa,0.0857 Mpa,0.101 Mpa,3.25%,1.67%,,2.82%,6.15%,1.41%,5.18%,1.69%,2.22%,2.74%
2026-09-08 11:00:00,0.224 Mpa,0.0833 Mpa,,0.155 Mpa,0.147 Mpa,0.354 Mpa,0.0917 Mpa,0.0626 Mpa,0.160 Mpa,0.0945 Mpa,6.97%,3.33%,,4.27%,5.51%,9.85%,5.79%,1.80%,4.59%,2.62%
2026-09-08 13:00:00,0.142 Mpa,0.0937 Mpa,,0.0843 Mpa,0.126 Mpa,0.159 Mpa,0.182 Mpa,0.0504 Mpa,0.0894 Mpa,0.0689 Mpa,4.37%,3.44%,,2.26%,4.61%,3.47%,7.46%,1.53%,2.38%,1.87%
2026-09-08 15:00:00,0.144 Mpa,0.118 Mpa,,0.119 Mpa,0.0500 Mpa,0.110 Mpa,0.110 Mpa,0.117 Mpa,0.0938 Mpa,0.0655 Mpa,4.47%,4.80%,,3.39%,2.00%,2.15%,5.19%,3.34%,2.58%,1.70%
2026-09-08 17:00:00,0.168 Mpa,0.0983 Mpa,,0.133 Mpa,0.0724 Mpa,0.103 Mpa,0.0683 Mpa,0.0877 Mpa,0.129 Mpa,0.0898 Mpa,5.40%,3.87%,,3.75%,2.47%,2.49%,3.96%,2.43%,3.86%,2.50%
2026-09-08 19:00:00,0.195 Mpa,0.0283 Mpa,,0.0910 Mpa,0.171 Mpa,0.190 Mpa,0.0551 Mpa,0.208 Mpa,0.183 Mpa,0.0533 Mpa,6.52%,1.48%,,2.53%,6.17%,6.06%,3.70%,6.14%,5.72%,1.35%
2026-09-08 21:00:00,0.166 Mpa,0.194 Mpa,,0.177 Mpa,0.0799 Mpa,0.131 Mpa,0.0792 Mpa,0.227 Mpa,0.114 Mpa,0.137 Mpa,5.46%,7.25%,,4.88%,2.79%,3.75%,4.70%,6.71%,3.72%,3.81%
2026-09-08 23:00:00,0.208 Mpa,0.0768 Mpa,,0.341 Mpa,0.190 Mpa,0.250 Mpa,0.102 Mpa,0.396 Mpa,0.189 Mpa,0.132 Mpa,6.48%,3.06%,,9.90%,6.81%,6.99%,5.02%,11.6%,5.47%,3.64%
2026-09-09 01:00:00,0.151 Mpa,0.0895 Mpa,,1.41 Mpa,0.0515 Mpa,0.155 Mpa,0.155 Mpa,0.134 Mpa,0.113 Mpa,0.155 Mpa,4.84%,3.76%,,40.8%,1.92%,4.37%,6.67%,3.95%,3.04%,4.01%
2026-09-09 03:00:00,0.120 Mpa,0.0637 Mpa,0.000348 Mpa,0.206 Mpa,0.0362 Mpa,0.240 Mpa,0.0666 Mpa,0.113 Mpa,0.127 Mpa,0.0641 Mpa,4.87%,2.68%,9.29%,5.59%,1.22%,7.73%,4.23%,3.46%,3.59%,1.73%
2026-09-09 05:00:00,0.149 Mpa,0.0153 Mpa,0.00545 Mpa,0.114 Mpa,0.158 Mpa,0.127 Mpa,0.0556 Mpa,0.166 Mpa,0.109 Mpa,0.0445 Mpa,5.45%,0.770%,3.94%,3.02%,5.48%,3.33%,4.11%,5.02%,3.04%,1.00%
2026-09-09 07:00:00,0.152 Mpa,0.0489 Mpa,,0.192 Mpa,0.126 Mpa,0.141 Mpa,0.132 Mpa,0.144 Mpa,0.111 Mpa,0.0682 Mpa,5.96%,2.36%,,5.44%,4.55%,3.39%,6.72%,4.49%,3.17%,1.67%
2026-09-09 09:00:00,0.149 Mpa,0.0608 Mpa,0.0383 Mpa,0.0871 Mpa,0.133 Mpa,0.114 Mpa,0.152 Mpa,0.0852 Mpa,0.0822 Mpa,0.0917 Mpa,5.61%,2.79%,5.50%,2.45%,4.74%,3.23%,7.44%,2.62%,2.18%,2.46%
2026-09-09 11:00:00,0.165 Mpa,0.0683 Mpa,0.182 Mpa,0.0367 Mpa,0.124 Mpa,0.236 Mpa,0.0759 Mpa,0.0849 Mpa,0.0760 Mpa,0.103 Mpa,6.24%,3.03%,11.6%,0.921%,4.49%,7.54%,5.24%,2.48%,2.00%,2.79%
2026-09-09 13:00:00,0.231 Mpa,0.113 Mpa,0.140 Mpa,0.123 Mpa,0.154 Mpa,0.0563 Mpa,0.0947 Mpa,0.0840 Mpa,0.160 Mpa,0.0265 Mpa,8.60%,4.53%,10.7%,3.36%,5.35%,1.21%,5.62%,2.53%,4.71%,0.729%
2026-09-09 15:00:00,0.179 Mpa,0.289 Mpa,0.603 Mpa,0.0390 Mpa,0.142 Mpa,0.123 Mpa,0.0594 Mpa,0.0996 Mpa,0.105 Mpa,0.103 Mpa,5.60%,10.4%,24.1%,1.25%,4.94%,3.54%,4.45%,3.01%,2.85%,2.70%
2026-09-09 17:00:00,0.243 Mpa,0.195 Mpa,0.206 Mpa,0.131 Mpa,0.100 Mpa,0.110 Mpa,0.0714 Mpa,0.114 Mpa,0.0604 Mpa,0.126 Mpa,8.63%,7.34%,12.0%,3.96%,3.73%,2.85%,5.08%,3.46%,1.65%,3.43%
2026-09-09 19:00:00,0.217 Mpa,0.192 Mpa,0.275 Mpa,0.148 Mpa,0.0646 Mpa,0.133 Mpa,0.0503 Mpa,0.0850 Mpa,0.0995 Mpa,0.0671 Mpa,7.02%,6.94%,15.0%,4.50%,2.20%,3.75%,3.92%,2.44%,3.36%,1.67%
2026-09-09 21:00:00,0.203 Mpa,0.398 Mpa,0.0994 Mpa,0.132 Mpa,0.0970 Mpa,0.148 Mpa,0.0422 Mpa,0.0564 Mpa,0.106 Mpa,0.132 Mpa,6.16%,13.6%,8.62%,3.89%,3.42%,4.70%,4.31%,1.59%,3.14%,3.63%
2026-09-09 23:00:00,0.503 Mpa,0.254 Mpa,0.274 Mpa,0.124 Mpa,0.0977 Mpa,0.138 Mpa,0.141 Mpa,0.0817 Mpa,0.0872 Mpa,0.110 Mpa,15.0%,8.54%,13.6%,3.46%,3.52%,4.36%,6.83%,2.43%,2.65%,2.91%
2026-09-10 01:00:00,,0.0607 Mpa,0.156 Mpa,0.0628 Mpa,0.0662 Mpa,0.0477 Mpa,0.0857 Mpa,0.0483 Mpa,0.256 Mpa,0.133 Mpa,,2.40%,11.7%,1.61%,2.34%,0.901%,5.29%,1.57%,7.67%,3.68%
2026-09-10 03:00:00,,0.0491 Mpa,0.140 Mpa,0.0708 Mpa,0.0871 Mpa,0.0371 Mpa,0.105 Mpa,0.0698 Mpa,0.132 Mpa,0.191 Mpa,,1.96%,11.9%,1.85%,3.28%,0.534%,5.54%,2.19%,4.01%,5.16%
2026-09-10 05:00:00,,0.0971 Mpa,0.0269 Mpa,0.134 Mpa,0.0720 Mpa,0.117 Mpa,0.180 Mpa,0.0835 Mpa,0.277 Mpa,0.0959 Mpa,,3.87%,8.22%,4.04%,2.59%,3.26%,8.18%,2.59%,8.33%,2.64%
2026-09-10 07:00:00,,0.133 Mpa,0.0554 Mpa,0.130 Mpa,0.0807 Mpa,0.165 Mpa,0.0435 Mpa,0.0843 Mpa,0.175 Mpa,0.0766 Mpa,,4.71%,8.55%,3.69%,2.80%,5.03%,4.08%,2.81%,5.17%,1.92%
2026-09-10 09:00:00,0.604 Mpa,0.0584 Mpa,0.0728 Mpa,0.0477 Mpa,0.175 Mpa,0.0740 Mpa,0.432 Mpa,0.102 Mpa,0.0738 Mpa,0.0561 Mpa,16.7%,2.37%,9.24%,1.16%,6.16%,1.88%,16.4%,3.06%,1.88%,1.38%
2026-09-10 11:00:00,,0.0943 Mpa,0.202 Mpa,0.0631 Mpa,0.0559 Mpa,0.137 Mpa,0.190 Mpa,0.112 Mpa,0.242 Mpa,0.0536 Mpa,,3.60%,13.1%,1.68%,2.09%,3.50%,8.68%,3.41%,6.84%,1.43%
2026-09-10 13:00:00,,0.101 Mpa,0.0332 Mpa,0.0611 Mpa,0.0624 Mpa,0.119 Mpa,0.115 Mpa,0.136 Mpa,0.113 Mpa,0.0533 Mpa,,3.73%,7.01%,1.52%,2.39%,3.17%,6.38%,4.24%,2.90%,1.43%
2026-09-10 15:00:00,,0.0657 Mpa,0.0997 Mpa,0.0341 Mpa,0.0817 Mpa,0.0750 Mpa,0.115 Mpa,0.201 Mpa,0.105 Mpa,0.0554 Mpa,,2.81%,8.54%,0.817%,3.13%,1.62%,6.13%,6.00%,2.79%,1.54%
2026-09-10 17:00:00,,0.105 Mpa,0.0686 Mpa,0.136 Mpa,0.0537 Mpa,0.254 Mpa,0.0800 Mpa,0.137 Mpa,0.0927 Mpa,0.0519 Mpa,,3.79%,8.28%,3.76%,1.93%,7.99%,5.37%,4.18%,2.54%,1.41%
2026-09-10 19:00:00,,0.148 Mpa,0.0986 Mpa,0.349 Mpa,0.0705 Mpa,0.0475 Mpa,0.181 Mpa,0.100 Mpa,0.102 Mpa,0.0923 Mpa,,5.30%,10.3%,10.2%,2.59%,0%,8.25%,2.91%,2.90%,2.49%
2026-09-10 21:00:00,,0.129 Mpa,0.0298 Mpa,0.456 Mpa,0.0971 Mpa,0.230 Mpa,0.175 Mpa,0.0860 Mpa,0.0803 Mpa,0.0484 Mpa,,4.49%,8.90%,13.7%,3.71%,6.02%,8.55%,2.55%,2.29%,1.19%
2026-09-10 23:00:00,,0.0578 Mpa,0.0663 Mpa,0.282 Mpa,0.118 Mpa,0.110 Mpa,0.0676 Mpa,0.0887 Mpa,0.132 Mpa,0.0411 Mpa,,2.09%,9.03%,8.15%,4.07%,2.90%,4.02%,2.67%,3.82%,0.982%
2026-09-11 01:00:00,0 Mpa,0.234 Mpa,0.210 Mpa,0.150 Mpa,0.106 Mpa,0.112 Mpa,0.0965 Mpa,0.151 Mpa,0.168 Mpa,0.107 Mpa,0%,7.90%,14.0%,4.02%,3.75%,2.98%,4.20%,4.44%,4.99%,2.77%
2026-09-11 03:00:00,0.177 Mpa,0.0737 Mpa,0.0735 Mpa,0.141 Mpa,0.0720 Mpa,0.0891 Mpa,0.0755 Mpa,0.0750 Mpa,0.251 Mpa,0.0420 Mpa,4.51%,2.97%,10.00%,3.75%,2.48%,2.15%,4.29%,2.11%,7.48%,0.865%
2026-09-11 05:00:00,0.231 Mpa,0.317 Mpa,0.198 Mpa,0.116 Mpa,0.133 Mpa,0.176 Mpa,0.0630 Mpa,0.146 Mpa,0.137 Mpa,0.0987 Mpa,6.09%,10.4%,11.8%,3.18%,4.57%,5.13%,4.62%,4.28%,4.03%,2.36%
2026-09-11 07:00:00,0.290 Mpa,0.333 Mpa,0.106 Mpa,0.205 Mpa,0.0355 Mpa,0.194 Mpa,0.256 Mpa,0.0379 Mpa,0.123 Mpa,0.0945 Mpa,8.32%,10.8%,10.3%,6.26%,1.19%,5.21%,10.8%,1.08%,3.47%,2.46%
2026-09-11 09:00:00,0.0600 Mpa,0.173 Mpa,0.103 Mpa,0.281 Mpa,0.0757 Mpa,,0.0820 Mpa,0.0740 Mpa,0.166 Mpa,0.109 Mpa,1.67%,6.18%,11.0%,8.10%,2.67%,,5.26%,2.38%,4.84%,2.99%
2026-09-11 11:00:00,0.285 Mpa,0.106 Mpa,0.0694 Mpa,0.181 Mpa,0.0895 Mpa,0.229 Mpa,0.710 Mpa,0.0968 Mpa,0.0981 Mpa,0.144 Mpa,8.10%,4.03%,9.12%,5.77%,2.98%,5.28%,25.1%,3.00%,2.79%,3.99%
2026-09-11 13:00:00,0.611 Mpa,0.0177 Mpa,0.0542 Mpa,0.158 Mpa,0.0366 Mpa,0.306 Mpa,0.227 Mpa,0.0905 Mpa,0.119 Mpa,0.0410 Mpa,18.4%,1.16%,7.69%,5.00%,1.43%,8.67%,9.32%,2.62%,3.31%,0.846%
2026-09-11 15:00:00,0.225 Mpa,0.0336 Mpa,0.0639 Mpa,0.283 Mpa,0.119 Mpa,0.150 Mpa,0.0507 Mpa,0.146 Mpa,0.124 Mpa,0.0579 Mpa,7.19%,2.28%,6.68%,8.24%,4.17%,4.15%,4.10%,4.25%,3.56%,1.31%
2026-09-11 17:00:00,0.202 Mpa,0.160 Mpa,0.0819 Mpa,0.0921 Mpa,0.103 Mpa,0.146 Mpa,0.112 Mpa,0.118 Mpa,0.0938 Mpa,0.0657 Mpa,5.90%,6.48%,8.18%,2.47%,3.72%,3.78%,6.32%,3.55%,2.68%,1.61%
2026-09-11 19:00:00,0.442 Mpa,0.131 Mpa,0.0803 Mpa,0.162 Mpa,0.0559 Mpa,0.148 Mpa,0.189 Mpa,0.199 Mpa,0.0685 Mpa,0.914 Mpa,13.1%,5.64%,8.18%,4.46%,2.04%,4.32%,8.71%,6.07%,1.81%,24.5%
2026-09-11 21:00:00,0.426 Mpa,0.163 Mpa,0.0758 Mpa,0.0738 Mpa,0.0250 Mpa,0.277 Mpa,0.124 Mpa,0.177 Mpa,0.102 Mpa,0.229 Mpa,12.9%,6.02%,8.49%,1.87%,0.849%,8.25%,6.52%,5.26%,2.89%,6.18%
2026-09-11 23:00:00,0.223 Mpa,0.184 Mpa,0.0547 Mpa,0.105 Mpa,0.0783 Mpa,0.128 Mpa,0.0941 Mpa,0.119 Mpa,0.171 Mpa,0.148 Mpa,8.55%,6.56%,8.88%,2.90%,2.77%,3.89%,5.58%,3.67%,4.84%,4.03%
2026-09-12 01:00:00,,0.454 Mpa,0.0939 Mpa,0.117 Mpa,0.0770 Mpa,0.0994 Mpa,0.0839 Mpa,0.132 Mpa,0.105 Mpa,0.486 Mpa,,15.3%,8.03%,3.17%,2.92%,2.82%,5.28%,4.26%,2.92%,13.6%
2026-09-12 03:00:00,,0.0620 Mpa,0.0932 Mpa,0.0831 Mpa,0.135 Mpa,0.177 Mpa,0.0696 Mpa,0.135 Mpa,0.183 Mpa,0.0779 Mpa,,2.50%,7.76%,2.19%,4.84%,4.67%,5.30%,4.12%,5.39%,2.11%
2026-09-12 05:00:00,,0.141 Mpa,0.104 Mpa,0.0841 Mpa,0.121 Mpa,0.189 Mpa,0.0754 Mpa,0.0967 Mpa,0.136 Mpa,0.134 Mpa,,6.20%,7.83%,2.49%,4.08%,5.47%,4.89%,2.93%,3.68%,3.67%
2026-09-12 07:00:00,,0.112 Mpa,0.126 Mpa,0.115 Mpa,0.0894 Mpa,0.0832 Mpa,0.107 Mpa,0.111 Mpa,0.103 Mpa,0.0923 Mpa,,6.33%,9.70%,3.36%,2.98%,2.11%,6.12%,3.66%,2.89%,2.48%
2026-09-12 09:00:00,0.137 Mpa,0.155 Mpa,0.100 Mpa,0.125 Mpa,0.0814 Mpa,0.373 Mpa,0.0476 Mpa,0.125 Mpa,0.0987 Mpa,0.0689 Mpa,5.50%,7.41%,9.58%,3.80%,2.90%,10.5%,4.36%,3.91%,2.92%,1.92%
2026-09-12 11:00:00,0.130 Mpa,0.143 Mpa,0.0966 Mpa,0.151 Mpa,0.361 Mpa,0.162 Mpa,0.195 Mpa,0.174 Mpa,0.0823 Mpa,0.106 Mpa,5.24%,6.22%,9.23%,4.34%,12.6%,4.30%,8.24%,5.88%,2.27%,3.00%
2026-09-12 13:00:00,0.0434 Mpa,0.0607 Mpa,0.149 Mpa,0.0932 Mpa,0.0899 Mpa,0.0939 Mpa,0.162 Mpa,0.275 Mpa,0.104 Mpa,0.0943 Mpa,1.24%,2.29%,11.0%,2.59%,3.09%,2.61%,7.70%,8.35%,2.91%,2.64%
2026-09-12 15:00:00,0.0825 Mpa,0.224 Mpa,0.0811 Mpa,0.0726 Mpa,,0.0953 Mpa,0.0750 Mpa,0.0854 Mpa,0.0819 Mpa,0.0457 Mpa,2.93%,10.8%,9.10%,2.19%,,2.76%,5.31%,2.78%,2.35%,1.29%
2026-09-12 17:00:00,0.232 Mpa,0.0788 Mpa,0.112 Mpa,0.232 Mpa,,0.290 Mpa,0.102 Mpa,0.104 Mpa,0.118 Mpa,0.0754 Mpa,7.26%,3.28%,11.6%,6.76%,,9.97%,5.98%,3.29%,3.57%,1.96%
2026-09-12 19:00:00,0.247 Mpa,0.171 Mpa,0.113 Mpa,0.114 Mpa,,0.164 Mpa,0.120 Mpa,0.0999 Mpa,0.0699 Mpa,0.0856 Mpa,8.28%,5.90%,11.5%,3.31%,,5.34%,6.46%,3.24%,2.05%,2.18%
2026-09-12 21:00:00,0.258 Mpa,0.133 Mpa,0.136 Mpa,0.0932 Mpa,,0.194 Mpa,0.0955 Mpa,0.0389 Mpa,0.0656 Mpa,0.0985 Mpa,7.35%,4.38%,10.4%,2.62%,,6.29%,5.83%,1.08%,1.88%,2.59%
2026-09-12 23:00:00,0.217 Mpa,0.267 Mpa,0.0641 Mpa,0.0390 Mpa,,0.312 Mpa,0.0796 Mpa,0.0854 Mpa,0.139 Mpa,0.0910 Mpa,6.42%,8.70%,8.55%,1.62%,,10.1%,5.43%,2.67%,4.09%,2.33%
2026-09-13 01:00:00,0.218 Mpa,0.318 Mpa,0.244 Mpa,0.120 Mpa,,0.0383 Mpa,0.278 Mpa,0.131 Mpa,0.0649 Mpa,0.336 Mpa,7.22%,10.5%,15.1%,3.61%,,0.453%,11.4%,3.98%,1.69%,9.06%
2026-09-13 03:00:00,0.434 Mpa,0.0147 Mpa,0.334 Mpa,0.165 Mpa,,0.0566 Mpa,0.0886 Mpa,0.0861 Mpa,0.0608 Mpa,0.0579 Mpa,16.6%,0.916%,17.5%,4.96%,,1.29%,5.59%,2.55%,1.78%,1.66%
2026-09-13 05:00:00,0.129 Mpa,0.0796 Mpa,0.0333 Mpa,0.0638 Mpa,,0.143 Mpa,0.104 Mpa,0.112 Mpa,0.0826 Mpa,0.127 Mpa,3.99%,3.39%,8.42%,2.26%,,3.90%,5.99%,3.58%,2.29%,3.51%
2026-09-13 07:00:00,0.162 Mpa,0.188 Mpa,0.0935 Mpa,0.0628 Mpa,,0.0803 Mpa,0.0805 Mpa,0.108 Mpa,0.0870 Mpa,0.0193 Mpa,4.59%,8.53%,8.63%,1.87%,,1.72%,5.46%,3.44%,2.31%,0.633%
2026-09-13 09:00:00,0.241 Mpa,0.269 Mpa,0.105 Mpa,0.149 Mpa,,0.143 Mpa,0.0967 Mpa,0.211 Mpa,0.0989 Mpa,0.0516 Mpa,7.90%,10.9%,9.78%,5.01%,,4.62%,5.63%,6.74%,2.67%,1.35%
2026-09-13 11:00:00,0.175 Mpa,0.164 Mpa,0.0861 Mpa,0.162 Mpa,,0.157 Mpa,0.142 Mpa,0.0817 Mpa,0.0740 Mpa,0.0937 Mpa,6.11%,7.04%,10.3%,4.88%,,4.41%,7.12%,2.63%,2.04%,2.52%
2026-09-13 13:00:00,0.169 Mpa,0.211 Mpa,0.0979 Mpa,0.131 Mpa,0.0728 Mpa,0.138 Mpa,0.171 Mpa,0.0938 Mpa,0.0608 Mpa,0.0735 Mpa,4.60%,7.50%,8.52%,3.68%,2.38%,3.69%,7.82%,3.62%,1.50%,1.97%
2026-09-13 15:00:00,0.239 Mpa,0.0849 Mpa,0.107 Mpa,0.0729 Mpa,0.146 Mpa,0.132 Mpa,0.158 Mpa,0.130 Mpa,0.115 Mpa,0.0491 Mpa,8.01%,3.52%,8.90%,2.60%,5.20%,3.95%,7.38%,4.33%,3.31%,1.27%
2026-09-13 17:00:00,0.239 Mpa,0.186 Mpa,0.0786 Mpa,0.189 Mpa,0.0891 Mpa,0.157 Mpa,0.118 Mpa,0.128 Mpa,0.151 Mpa,0.0472 Mpa,9.25%,6.21%,9.68%,5.61%,3.61%,5.13%,6.30%,4.05%,4.43%,1.07%
2026-09-13 19:00:00,0.249 Mpa,0.214 Mpa,0.0372 Mpa,0.0688 Mpa,0.101 Mpa,0.0985 Mpa,0.230 Mpa,0.0959 Mpa,0.188 Mpa,0.111 Mpa,7.07%,7.18%,8.76%,2.47%,4.07%,2.92%,10.0%,2.98%,5.77%,3.06%
2026-09-13 21:00:00,0.172 Mpa,0.162 Mpa,0.0437 Mpa,0.123 Mpa,0.126 Mpa,0.122 Mpa,0.0722 Mpa,0.0346 Mpa,0.118 Mpa,0.0259 Mpa,6.35%,5.62%,8.68%,3.78%,5.09%,3.84%,5.05%,0.913%,3.69%,0.367%
2026-09-13 23:00:00,0.323 Mpa,0.112 Mpa,0.128 Mpa,0.175 Mpa,0.232 Mpa,0.0727 Mpa,0.0624 Mpa,0.0601 Mpa,0.233 Mpa,0.129 Mpa,9.08%,3.87%,11.8%,4.54%,9.48%,1.79%,4.74%,1.86%,6.85%,3.43%
2026-09-14 01:00:00,0.106 Mpa,0.100 Mpa,0.0792 Mpa,0.122 Mpa,0.273 Mpa,0.165 Mpa,0.266 Mpa,0.130 Mpa,0.0236 Mpa,0.0738 Mpa,2.97%,3.55%,8.69%,3.18%,11.1%,5.06%,11.0%,4.07%,0.539%,1.72%
2026-09-14 03:00:00,0.115 Mpa,0.0950 Mpa,0.0798 Mpa,0.0832 Mpa,0.248 Mpa,0.198 Mpa,0.128 Mpa,0.0846 Mpa,0.0382 Mpa,0.0703 Mpa,4.39%,3.35%,10.3%,2.13%,9.85%,5.93%,6.61%,2.71%,1.03%,1.75%
2026-09-14 05:00:00,0.0992 Mpa,0.108 Mpa,0.0984 Mpa,0.105 Mpa,0.162 Mpa,0.169 Mpa,0.0889 Mpa,0.0808 Mpa,,0.203 Mpa,3.31%,4.33%,10.8%,3.14%,5.55%,5.07%,5.44%,2.70%,,5.35%
2026-09-14 07:00:00,0.185 Mpa,0.119 Mpa,0.0838 Mpa,0.109 Mpa,0.552 Mpa,0.225 Mpa,0.0854 Mpa,0.126 Mpa,,0.151 Mpa,5.05%,4.60%,10.1%,3.61%,16.5%,7.48%,5.19%,4.10%,,4.35%
2026-09-14 09:00:00,0.0335 Mpa,0.0582 Mpa,0.0918 Mpa,0.115 Mpa,0.208 Mpa,0.164 Mpa,0.0921 Mpa,0.154 Mpa,,0.0961 Mpa,0.853%,2.66%,9.95%,4.01%,7.44%,5.33%,5.82%,5.08%,,2.87%
2026-09-14 11:00:00,0.204 Mpa,0.0354 Mpa,0.101 Mpa,0.227 Mpa,0.271 Mpa,0.222 Mpa,0.0830 Mpa,0.0253 Mpa,,0.146 Mpa,5.54%,2.26%,9.12%,7.20%,9.39%,7.33%,5.26%,0.857%,,4.17%
2026-09-14 13:00:00,0.0994 Mpa,0.0214 Mpa,0.144 Mpa,0.0970 Mpa,0.0935 Mpa,0.102 Mpa,0.127 Mpa,0.0865 Mpa,0.485 Mpa,0.104 Mpa,2.91%,0.979%,11.4%,2.69%,3.60%,3.01%,6.63%,3.12%,13.9%,2.83%
2026-09-14 15:00:00,0.0730 Mpa,0.0697 Mpa,0.101 Mpa,0.0542 Mpa,0.225 Mpa,0.188 Mpa,0.125 Mpa,0.185 Mpa,,0.101 Mpa,2.01%,3.45%,8.55%,1.33%,7.46%,5.57%,6.41%,6.16%,,2.78%
2026-09-14 17:00:00,0.0616 Mpa,0.119 Mpa,0.0944 Mpa,0.112 Mpa,0.182 Mpa,0.189 Mpa,0.0917 Mpa,0.101 Mpa,,0.109 Mpa,1.89%,4.78%,9.66%,3.34%,6.83%,5.31%,5.36%,3.34%,,2.93%
2026-09-14 19:00:00,0.0551 Mpa,0.0360 Mpa,0.0571 Mpa,0.151 Mpa,0.176 Mpa,0.0638 Mpa,0.255 Mpa,0.0726 Mpa,,0.0504 Mpa,1.89%,1.70%,9.73%,4.53%,6.93%,1.20%,11.0%,2.18%,,1.18%
2026-09-14 21:00:00,0.0901 Mpa,0.292 Mpa,0.0462 Mpa,0.0954 Mpa,0.122 Mpa,0.0775 Mpa,0.0897 Mpa,0.126 Mpa,,0.0460 Mpa,3.21%,9.22%,7.91%,3.03%,4.61%,1.76%,5.47%,3.86%,,0.991%
2026-09-14 23:00:00,0.276 Mpa,0.138 Mpa,0.190 Mpa,0.0872 Mpa,0.0558 Mpa,0.177 Mpa,0.0849 Mpa,0.216 Mpa,,0.0459 Mpa,8.13%,4.67%,13.8%,2.70%,2.10%,5.74%,5.08%,6.63%,,0.981%
2026-09-15 01:00:00,0.0660 Mpa,0.132 Mpa,0.0457 Mpa,0.0780 Mpa,0.0206 Mpa,0.113 Mpa,0.120 Mpa,0.102 Mpa,0.00244 Mpa,0.177 Mpa,1.86%,4.71%,9.77%,2.26%,0.886%,3.42%,5.89%,3.01%,0%,4.74%
2026-09-15 03:00:00,0.0377 Mpa,0.115 Mpa,0.0775 Mpa,0.0557 Mpa,0.0937 Mpa,0.123 Mpa,0.0593 Mpa,0.0597 Mpa,0.0687 Mpa,0.0326 Mpa,1.01%,3.98%,10.5%,1.30%,3.51%,3.48%,4.68%,1.71%,1.51%,0.471%
2026-09-15 05:00:00,0.0999 Mpa,0.0195 Mpa,0.0743 Mpa,0.137 Mpa,0.0936 Mpa,0.397 Mpa,0.0879 Mpa,0.103 Mpa,0.0225 Mpa,0.0945 Mpa,3.11%,1.16%,10.4%,3.91%,3.73%,12.7%,5.51%,3.13%,0.0645%,2.47%
2026-09-15 07:00:00,0.101 Mpa,0.0326 Mpa,0.0964 Mpa,0.0934 Mpa,0.135 Mpa,0.0897 Mpa,0.204 Mpa,0.0513 Mpa,0.225 Mpa,0.128 Mpa,3.02%,1.55%,9.49%,2.58%,5.14%,2.03%,9.32%,1.38%,6.01%,3.42%
2026-09-15 09:00:00,0.0769 Mpa,0.154 Mpa,0.0829 Mpa,0.123 Mpa,0.281 Mpa,0.0689 Mpa,0.116 Mpa,0.116 Mpa,0.0655 Mpa,0.121 Mpa,2.44%,5.54%,9.21%,3.49%,10.6%,1.35%,6.00%,3.28%,1.14%,3.58%

