"Time","P_BW - I45","P_BW - I49","P_BW - I50","P_BW - I52","P_BW - I53","P_BW - I54","P_BW - I55","P_BW - I56","P_BW - I57","P_BW - I58","%BW - I45","%BW - I49","%BW - I50","%BW - I52","%BW - I53","%BW - I54","%BW - I55","%BW - I56","%BW - I57","%BW - I58"
2026-06-17 09:00:00,0.0703 Mpa,0.0123 Mpa,0 Mpa,0.113 Mpa,0.0798 Mpa,0.304 Mpa,0.263 Mpa,0.100 Mpa,0.246 Mpa,,1.78%,0.448%,0%,3.28%,2.88%,9.76%,8.12%,2.67%,7.67%,
2026-06-17 11:00:00,0.0407 Mpa,0.0933 Mpa,0.112 Mpa,0.0421 Mpa,0.0579 Mpa,0.403 Mpa,0.111 Mpa,0.198 Mpa,0.202 Mpa,,1.34%,3.03%,3.52%,1.20%,2.08%,12.4%,3.32%,5.88%,6.35%,
2026-06-17 13:00:00,0.0742 Mpa,0.0471 Mpa,0.00405 Mpa,0.0598 Mpa,0.0698 Mpa,0.400 Mpa,0.0879 Mpa,0.0878 Mpa,0.222 Mpa,,2.49%,1.54%,0%,1.81%,2.55%,13.2%,2.51%,4.02%,6.91%,
2026-06-17 15:00:00,0.130 Mpa,0.0340 Mpa,0.218 Mpa,0.0481 Mpa,0.0617 Mpa,0.229 Mpa,0.0758 Mpa,0.0821 Mpa,0.242 Mpa,,4.78%,1.09%,6.63%,1.36%,2.06%,7.49%,2.14%,3.35%,7.48%,
2026-06-17 17:00:00,0.0483 Mpa,0.193 Mpa,0.0856 Mpa,0.0847 Mpa,0.0787 Mpa,0.0612 Mpa,0.111 Mpa,0.0663 Mpa,0.263 Mpa,,1.56%,6.02%,2.30%,2.81%,2.80%,2.09%,3.22%,1.79%,8.22%,
2026-06-17 19:00:00,0.0655 Mpa,0.166 Mpa,0.0506 Mpa,0.155 Mpa,0.137 Mpa,0.204 Mpa,0.0841 Mpa,0.161 Mpa,0.266 Mpa,,2.15%,6.02%,1.58%,4.92%,4.95%,6.10%,2.39%,4.17%,8.11%,
2026-06-17 21:00:00,0.0844 Mpa,0.0733 Mpa,0.0405 Mpa,0.0978 Mpa,0.118 Mpa,0.283 Mpa,0.137 Mpa,0.112 Mpa,0.168 Mpa,,3.11%,2.65%,1.35%,3.13%,4.26%,8.53%,4.03%,2.82%,5.21%,
2026-06-17 23:00:00,0.179 Mpa,0.180 Mpa,0.0808 Mpa,0.0660 Mpa,0.0918 Mpa,0.138 Mpa,0.0638 Mpa,0.0965 Mpa,0.110 Mpa,,6.81%,5.97%,2.50%,2.12%,3.49%,3.99%,1.90%,2.40%,3.28%,
2026-06-18 01:00:00,0.247 Mpa,0.170 Mpa,0.0737 Mpa,0.0430 Mpa,0.0622 Mpa,0.107 Mpa,0.0813 Mpa,0.319 Mpa,0.0637 Mpa,,8.04%,5.73%,2.24%,1.20%,2.10%,3.24%,2.32%,8.81%,1.66%,
2026-06-18 03:00:00,0.262 Mpa,0.0538 Mpa,0.236 Mpa,0.0779 Mpa,0.171 Mpa,0.157 Mpa,0.160 Mpa,0.213 Mpa,0.130 Mpa,,7.67%,1.72%,7.09%,2.33%,6.10%,4.75%,4.53%,5.63%,3.79%,
2026-06-18 05:00:00,0.0714 Mpa,0.110 Mpa,0.0482 Mpa,0.0237 Mpa,0.0556 Mpa,0.0891 Mpa,0.117 Mpa,0.153 Mpa,0.114 Mpa,,2.11%,3.65%,1.46%,0.525%,2.07%,2.75%,3.08%,4.24%,3.29%,
2026-06-18 07:00:00,0.161 Mpa,0.0686 Mpa,0.102 Mpa,0.116 Mpa,0.164 Mpa,0.289 Mpa,0.188 Mpa,0.118 Mpa,0.0798 Mpa,,5.64%,2.26%,3.33%,3.16%,5.32%,8.62%,5.20%,3.32%,2.37%,
2026-06-18 09:00:00,0.0896 Mpa,0.0711 Mpa,0.0619 Mpa,0.161 Mpa,0.150 Mpa,0.182 Mpa,0.123 Mpa,0.0619 Mpa,0.0853 Mpa,,2.99%,2.16%,1.89%,4.57%,4.74%,5.50%,3.46%,1.30%,2.50%,
2026-06-18 11:00:00,0.0606 Mpa,0.0940 Mpa,0.0347 Mpa,0.0497 Mpa,0.128 Mpa,0.357 Mpa,0.0721 Mpa,0.0472 Mpa,0.0368 Mpa,,2.11%,2.98%,0.981%,1.41%,4.51%,10.9%,2.03%,1.05%,0.974%,
2026-06-18 13:00:00,0.114 Mpa,0.172 Mpa,0.148 Mpa,0.0418 Mpa,0.156 Mpa,0.0979 Mpa,0.267 Mpa,0.122 Mpa,0.110 Mpa,,3.46%,5.38%,4.78%,1.23%,5.62%,2.68%,7.53%,3.19%,3.22%,
2026-06-18 15:00:00,0.0669 Mpa,0.0712 Mpa,0.0520 Mpa,0.141 Mpa,0.121 Mpa,0.0562 Mpa,,0.0395 Mpa,0.0895 Mpa,,1.95%,2.20%,1.81%,3.93%,4.74%,1.37%,,0.374%,2.57%,
2026-06-18 17:00:00,0.168 Mpa,0.0467 Mpa,0.0915 Mpa,0.0703 Mpa,0.0752 Mpa,0.108 Mpa,,0.128 Mpa,0.107 Mpa,,4.88%,1.59%,2.66%,2.88%,2.96%,3.23%,,3.05%,2.96%,
2026-06-18 19:00:00,0.0803 Mpa,0.0249 Mpa,0.120 Mpa,0.0895 Mpa,0.0987 Mpa,0.279 Mpa,,0.110 Mpa,0.0359 Mpa,,2.37%,0.805%,3.59%,3.87%,3.83%,8.65%,,2.87%,0.844%,
2026-06-18 21:00:00,0.0520 Mpa,0.0619 Mpa,0.123 Mpa,0.0715 Mpa,0.112 Mpa,0.338 Mpa,0.145 Mpa,0.138 Mpa,0.0769 Mpa,,1.44%,2.05%,3.60%,2.84%,4.17%,10.7%,4.07%,3.80%,2.23%,
2026-06-18 23:00:00,0.209 Mpa,0.0617 Mpa,0.0496 Mpa,0.0866 Mpa,0.205 Mpa,0.244 Mpa,0 Mpa,0.186 Mpa,0.172 Mpa,,6.53%,2.09%,1.44%,3.19%,7.28%,7.31%,0%,5.27%,5.13%,
2026-06-19 01:00:00,0.0831 Mpa,0.0993 Mpa,0.101 Mpa,0.0207 Mpa,0.148 Mpa,0.00973 Mpa,,0.169 Mpa,0.161 Mpa,,2.36%,3.19%,3.13%,0.594%,5.58%,0%,,5.75%,4.92%,
2026-06-19 03:00:00,0.212 Mpa,0.0803 Mpa,0.145 Mpa,0.0687 Mpa,0.0627 Mpa,0.140 Mpa,,0.210 Mpa,0.129 Mpa,,6.22%,2.54%,4.57%,3.01%,2.32%,4.15%,,5.97%,3.82%,
2026-06-19 05:00:00,0.0738 Mpa,0.0279 Mpa,0.0135 Mpa,0.0639 Mpa,0.0880 Mpa,0.0561 Mpa,,0.136 Mpa,0.192 Mpa,,2.17%,0.807%,0.415%,1.99%,3.29%,1.77%,,3.39%,5.75%,
2026-06-19 07:00:00,0.136 Mpa,0.0784 Mpa,0.0785 Mpa,0.0855 Mpa,0.171 Mpa,0.0992 Mpa,,0.119 Mpa,0.0618 Mpa,,4.10%,2.39%,2.50%,2.44%,6.27%,3.29%,,2.94%,1.75%,
2026-06-19 09:00:00,0.0743 Mpa,0.0861 Mpa,0.181 Mpa,0.118 Mpa,0.0293 Mpa,0.0655 Mpa,,0.101 Mpa,0.115 Mpa,,2.35%,2.81%,5.80%,3.39%,1.05%,1.73%,,2.61%,3.39%,
2026-06-19 11:00:00,0.101 Mpa,0.122 Mpa,0.0230 Mpa,0.0660 Mpa,0.157 Mpa,0.0879 Mpa,,0.114 Mpa,0.0978 Mpa,,2.89%,4.06%,0.709%,1.91%,5.57%,2.30%,,3.06%,2.90%,
2026-06-19 13:00:00,0.0148 Mpa,0.128 Mpa,0.0574 Mpa,0.120 Mpa,0 Mpa,0.0749 Mpa,,0.0866 Mpa,0.0902 Mpa,,0.382%,4.01%,1.76%,3.50%,0%,2.22%,,2.14%,2.76%,
2026-06-19 15:00:00,0.125 Mpa,0.104 Mpa,0.0441 Mpa,0.0737 Mpa,0.0745 Mpa,0.0913 Mpa,,0.467 Mpa,0.0967 Mpa,,3.54%,3.44%,1.64%,2.19%,2.66%,2.53%,,13.3%,2.91%,
2026-06-19 17:00:00,0.185 Mpa,0.220 Mpa,0.193 Mpa,0.0969 Mpa,0.108 Mpa,0.134 Mpa,0 Mpa,0.0752 Mpa,0.0562 Mpa,,5.41%,6.79%,6.19%,3.19%,4.30%,4.32%,0%,1.41%,1.57%,
2026-06-19 19:00:00,0.158 Mpa,0.0351 Mpa,0.0426 Mpa,0.0806 Mpa,0.157 Mpa,0.0853 Mpa,0 Mpa,0.0937 Mpa,,,4.46%,1.10%,1.31%,2.69%,5.89%,2.50%,0%,2.22%,,
2026-06-19 21:00:00,0.0912 Mpa,0.0963 Mpa,0.0320 Mpa,0.0703 Mpa,0.0806 Mpa,0.154 Mpa,0.0000402 Mpa,0.117 Mpa,,,2.74%,3.09%,1.01%,2.48%,2.94%,4.90%,0%,3.09%,,
2026-06-19 23:00:00,0.0800 Mpa,0.104 Mpa,0.0362 Mpa,0.0682 Mpa,0.0655 Mpa,0.211 Mpa,0.212 Mpa,0.153 Mpa,0.00347 Mpa,,2.36%,3.34%,1.20%,2.08%,2.30%,6.27%,5.93%,3.99%,0%,
2026-06-20 01:00:00,0.162 Mpa,0.177 Mpa,0.00257 Mpa,0.0251 Mpa,0.0769 Mpa,0.121 Mpa,0.132 Mpa,0.0550 Mpa,0.0852 Mpa,,4.94%,5.66%,0%,0.796%,2.41%,3.24%,3.69%,2.91%,2.52%,
2026-06-20 03:00:00,0.278 Mpa,0.0607 Mpa,0.0279 Mpa,0.0549 Mpa,0.0873 Mpa,0.120 Mpa,0.119 Mpa,0.0716 Mpa,0.192 Mpa,,8.42%,1.95%,0.777%,2.34%,2.97%,3.53%,3.45%,1.58%,5.78%,
2026-06-20 05:00:00,0.164 Mpa,0.195 Mpa,0.101 Mpa,0.0451 Mpa,0.111 Mpa,0.202 Mpa,0.289 Mpa,0.0710 Mpa,0.0954 Mpa,,4.64%,6.25%,3.17%,1.31%,3.75%,6.24%,8.00%,1.82%,2.81%,
2026-06-20 07:00:00,0.123 Mpa,0.196 Mpa,0.138 Mpa,0.0283 Mpa,0.0632 Mpa,0.0763 Mpa,0.312 Mpa,0.104 Mpa,0.171 Mpa,,3.66%,6.83%,4.46%,0.726%,2.36%,2.23%,8.91%,2.84%,5.03%,
2026-06-20 09:00:00,0.146 Mpa,0.118 Mpa,0.175 Mpa,0.350 Mpa,0.190 Mpa,0.101 Mpa,0.221 Mpa,0.152 Mpa,0.0296 Mpa,,4.25%,4.38%,5.91%,9.67%,6.85%,3.11%,6.40%,3.95%,0.698%,
2026-06-20 11:00:00,0.113 Mpa,0.182 Mpa,0.229 Mpa,0.222 Mpa,0.127 Mpa,0.165 Mpa,0.389 Mpa,0.112 Mpa,0.0651 Mpa,,3.75%,6.22%,8.16%,6.21%,4.58%,4.96%,11.3%,2.88%,1.78%,
2026-06-20 13:00:00,0.121 Mpa,0.194 Mpa,0.192 Mpa,0.0760 Mpa,0.227 Mpa,0.0497 Mpa,0.185 Mpa,0.153 Mpa,0.0838 Mpa,,4.37%,6.39%,6.44%,2.14%,8.27%,1.41%,5.64%,4.06%,2.59%,
2026-06-20 15:00:00,0.0467 Mpa,0.0627 Mpa,0.136 Mpa,0.0729 Mpa,0.239 Mpa,0.0593 Mpa,0.145 Mpa,0.164 Mpa,0.0962 Mpa,,1.20%,2.05%,4.63%,2.16%,8.61%,1.62%,4.30%,4.98%,2.89%,
2026-06-20 17:00:00,0.110 Mpa,0.0610 Mpa,0.174 Mpa,0.186 Mpa,0.0735 Mpa,0.103 Mpa,0.269 Mpa,0.275 Mpa,0.106 Mpa,,3.31%,2.02%,5.17%,5.24%,2.83%,3.95%,7.55%,8.04%,3.17%,
2026-06-20 19:00:00,0.145 Mpa,0.0838 Mpa,0.0565 Mpa,0.0263 Mpa,0.0951 Mpa,0.103 Mpa,0.334 Mpa,0.218 Mpa,0.0637 Mpa,,4.38%,2.64%,1.73%,0.604%,3.80%,3.31%,9.03%,5.64%,1.87%,
2026-06-20 21:00:00,0.0538 Mpa,0.148 Mpa,0.0507 Mpa,0.0428 Mpa,0.107 Mpa,0.0762 Mpa,0.314 Mpa,0.169 Mpa,0.173 Mpa,,1.64%,4.96%,1.61%,1.17%,4.02%,2.25%,8.95%,4.37%,5.11%,
2026-06-20 23:00:00,0.193 Mpa,0.180 Mpa,0.0303 Mpa,0.113 Mpa,0.0558 Mpa,0.0840 Mpa,0.131 Mpa,0.0885 Mpa,0.0573 Mpa,,5.77%,5.91%,0.913%,3.13%,2.01%,2.63%,3.83%,2.19%,1.63%,
2026-06-21 01:00:00,0.00455 Mpa,0.0973 Mpa,0.0378 Mpa,0.0350 Mpa,0.0627 Mpa,0.0955 Mpa,0.108 Mpa,0.165 Mpa,0.167 Mpa,,0%,3.67%,1.13%,0.889%,2.39%,2.80%,2.98%,4.39%,4.91%,
2026-06-21 03:00:00,0.0128 Mpa,0.0984 Mpa,0.0650 Mpa,0.00801 Mpa,0.110 Mpa,0.0881 Mpa,0.210 Mpa,0.201 Mpa,0.0412 Mpa,,0.381%,3.48%,2.04%,0.135%,4.18%,2.80%,5.89%,5.89%,1.08%,
2026-06-21 05:00:00,0.102 Mpa,0.263 Mpa,0.0848 Mpa,0.0976 Mpa,0.104 Mpa,0.149 Mpa,0.178 Mpa,0.207 Mpa,0.106 Mpa,,2.77%,8.08%,2.65%,2.75%,3.89%,4.39%,4.98%,5.49%,3.01%,
2026-06-21 07:00:00,0.114 Mpa,0.215 Mpa,0.187 Mpa,0.0669 Mpa,0.115 Mpa,0.110 Mpa,0.184 Mpa,0.138 Mpa,0.0559 Mpa,,3.57%,7.00%,5.97%,1.83%,4.10%,3.44%,5.22%,3.69%,1.47%,
2026-06-21 09:00:00,0.116 Mpa,0.212 Mpa,0.106 Mpa,0.102 Mpa,0.0749 Mpa,0.117 Mpa,0.323 Mpa,0.0968 Mpa,0.0644 Mpa,,3.57%,7.05%,3.54%,3.07%,2.85%,3.57%,9.40%,2.36%,1.87%,
2026-06-21 11:00:00,0.159 Mpa,0.115 Mpa,0.0966 Mpa,0.100 Mpa,0.0380 Mpa,0.307 Mpa,0.128 Mpa,0.0533 Mpa,0.102 Mpa,,5.07%,3.77%,3.40%,2.97%,1.35%,9.89%,3.80%,1.44%,3.16%,
2026-06-21 13:00:00,0.182 Mpa,0.0619 Mpa,,,0 Mpa,,,,0.0657 Mpa,,5.43%,2.04%,,,0%,,,,2.57%,
2026-06-21 15:00:00,0.207 Mpa,0.181 Mpa,,,0 Mpa,0.564 Mpa,,0.0805 Mpa,0.165 Mpa,,6.60%,5.96%,,,0%,18.1%,,1.86%,5.73%,
2026-06-21 17:00:00,0.193 Mpa,0.132 Mpa,,0.0612 Mpa,0.0684 Mpa,0.0948 Mpa,0.229 Mpa,0.101 Mpa,0.150 Mpa,,5.65%,4.56%,,1.66%,2.58%,2.75%,5.94%,2.64%,4.62%,
2026-06-21 19:00:00,0.127 Mpa,0.0579 Mpa,,0.0545 Mpa,0.113 Mpa,0.0585 Mpa,0.436 Mpa,0.0690 Mpa,0.0651 Mpa,,3.84%,1.75%,,1.49%,4.32%,1.62%,12.3%,1.82%,1.93%,
2026-06-21 21:00:00,0.117 Mpa,0.106 Mpa,,0.0418 Mpa,0.0835 Mpa,0.0976 Mpa,0.572 Mpa,0.131 Mpa,0.0895 Mpa,,3.58%,3.35%,,1.15%,3.30%,3.09%,15.5%,3.69%,2.60%,
2026-06-21 23:00:00,0.189 Mpa,0.101 Mpa,0 Mpa,0.0548 Mpa,0.161 Mpa,0.0744 Mpa,0.240 Mpa,0.121 Mpa,0 Mpa,,5.50%,3.21%,0%,1.54%,5.91%,2.37%,6.83%,3.41%,0%,
2026-06-22 01:00:00,0.111 Mpa,0.140 Mpa,0.218 Mpa,0.0585 Mpa,0.0000350 Mpa,0.146 Mpa,0.140 Mpa,0.0382 Mpa,0.0147 Mpa,,3.23%,4.38%,7.21%,1.52%,0%,4.89%,3.77%,0.827%,0.444%,
2026-06-22 03:00:00,0.105 Mpa,0.117 Mpa,0.0132 Mpa,0.0991 Mpa,0.167 Mpa,0.0263 Mpa,0.149 Mpa,0.0889 Mpa,0.112 Mpa,,2.98%,3.56%,0.293%,2.81%,6.12%,0.560%,4.11%,2.30%,3.05%,
2026-06-22 05:00:00,0.149 Mpa,0.0924 Mpa,0.239 Mpa,0.0737 Mpa,0.0931 Mpa,0.0951 Mpa,0.134 Mpa,0.183 Mpa,0.107 Mpa,,5.57%,3.65%,7.82%,2.21%,3.18%,2.83%,3.69%,4.88%,3.05%,
2026-06-22 07:00:00,0.0897 Mpa,0.258 Mpa,0.0546 Mpa,0.0901 Mpa,0.389 Mpa,0.120 Mpa,0.115 Mpa,0.136 Mpa,0.0684 Mpa,,3.27%,8.67%,1.84%,2.89%,13.5%,3.51%,3.15%,3.53%,1.95%,
2026-06-22 09:00:00,0.339 Mpa,0.142 Mpa,0.0826 Mpa,0.0777 Mpa,0.175 Mpa,0.0780 Mpa,0.122 Mpa,0.165 Mpa,0.0914 Mpa,,10.0%,4.76%,2.67%,2.81%,6.19%,2.16%,3.38%,4.62%,2.84%,
2026-06-22 11:00:00,1.32 Mpa,0.145 Mpa,0.238 Mpa,0.217 Mpa,0.171 Mpa,0.128 Mpa,0.132 Mpa,0.253 Mpa,0.0784 Mpa,,36.8%,4.96%,9.13%,6.59%,5.99%,3.93%,3.85%,7.09%,2.37%,
2026-06-22 13:00:00,0.461 Mpa,0.153 Mpa,0.0329 Mpa,0.0714 Mpa,0.0774 Mpa,0.0773 Mpa,0.0723 Mpa,0.242 Mpa,0.183 Mpa,,14.0%,4.95%,1.61%,2.09%,2.68%,2.05%,2.09%,6.69%,6.08%,
2026-06-22 15:00:00,0.274 Mpa,0.0934 Mpa,0.0900 Mpa,0.0749 Mpa,0.0836 Mpa,0.154 Mpa,0.0976 Mpa,0.227 Mpa,0.135 Mpa,,8.64%,2.97%,4.24%,2.50%,3.10%,4.64%,2.72%,7.44%,4.24%,
2026-06-22 17:00:00,0.151 Mpa,0.195 Mpa,0.101 Mpa,0.0492 Mpa,0.0837 Mpa,0.102 Mpa,0.121 Mpa,0.220 Mpa,0.102 Mpa,,4.76%,6.11%,3.90%,1.49%,2.96%,3.13%,3.44%,6.26%,3.13%,
2026-06-22 19:00:00,0.286 Mpa,0.0895 Mpa,0.252 Mpa,0.143 Mpa,0.103 Mpa,0.0490 Mpa,0.0530 Mpa,0.133 Mpa,0.0540 Mpa,,9.18%,2.92%,8.02%,4.14%,3.68%,1.51%,1.43%,3.45%,1.44%,
2026-06-22 21:00:00,0.302 Mpa,0.0990 Mpa,0.112 Mpa,0.00373 Mpa,0.126 Mpa,0 Mpa,0.148 Mpa,0.120 Mpa,0.110 Mpa,,8.91%,3.08%,3.66%,0.179%,4.79%,0%,4.08%,3.36%,3.60%,
2026-06-22 23:00:00,0.316 Mpa,0.194 Mpa,0.0893 Mpa,0.0760 Mpa,0.225 Mpa,,0.107 Mpa,0.0831 Mpa,0.0906 Mpa,,9.66%,5.92%,2.80%,2.15%,8.20%,,3.02%,2.05%,2.70%,
2026-06-23 01:00:00,0 Mpa,0 Mpa,0.0578 Mpa,0.108 Mpa,0.130 Mpa,0.0937 Mpa,0.0526 Mpa,0.184 Mpa,0.117 Mpa,,0%,0%,1.79%,3.07%,4.85%,2.15%,1.36%,4.84%,3.34%,
2026-06-23 03:00:00,0.101 Mpa,2.30 Mpa,0.0390 Mpa,0.0697 Mpa,0.0337 Mpa,0.148 Mpa,0.218 Mpa,0.0891 Mpa,0.0855 Mpa,,3.05%,65.1%,1.23%,1.96%,1.23%,3.83%,6.23%,2.38%,2.45%,
2026-06-23 05:00:00,0.107 Mpa,0.0637 Mpa,0.0315 Mpa,0.0732 Mpa,0.0801 Mpa,0.0693 Mpa,0.130 Mpa,0.111 Mpa,0.0872 Mpa,,3.05%,2.06%,0.874%,2.10%,3.02%,1.79%,3.60%,2.88%,2.59%,
2026-06-23 07:00:00,0.152 Mpa,0.100 Mpa,0.0314 Mpa,0.0864 Mpa,0.0676 Mpa,0.0435 Mpa,0.105 Mpa,0.0844 Mpa,0.106 Mpa,,4.19%,3.40%,1.07%,3.00%,2.58%,1.26%,2.97%,2.36%,3.01%,
2026-06-23 09:00:00,0.265 Mpa,0.102 Mpa,0.356 Mpa,0.0640 Mpa,0.0712 Mpa,0.0733 Mpa,0.0951 Mpa,0.125 Mpa,0.188 Mpa,,8.09%,3.51%,11.0%,2.42%,2.62%,2.28%,2.66%,3.20%,5.77%,
2026-06-23 11:00:00,0.105 Mpa,0.240 Mpa,0.0472 Mpa,0.0823 Mpa,0.0881 Mpa,0.0605 Mpa,0.132 Mpa,0.219 Mpa,0.170 Mpa,,3.32%,7.65%,1.48%,3.21%,3.37%,1.91%,3.67%,6.00%,5.08%,
2026-06-23 13:00:00,0.0513 Mpa,0.179 Mpa,0.0524 Mpa,0.0588 Mpa,0.0765 Mpa,0.0518 Mpa,0.0877 Mpa,0.0749 Mpa,0.0976 Mpa,,1.81%,6.04%,1.68%,1.61%,2.86%,1.65%,2.43%,1.54%,2.91%,
2026-06-23 15:00:00,0.167 Mpa,0.157 Mpa,0.0591 Mpa,0.0634 Mpa,0.0676 Mpa,0.184 Mpa,0.0638 Mpa,0.113 Mpa,0.114 Mpa,,5.49%,5.37%,1.83%,1.80%,2.47%,5.47%,1.78%,3.07%,3.42%,
2026-06-23 17:00:00,0.110 Mpa,0.0694 Mpa,0.138 Mpa,0.0690 Mpa,0.0729 Mpa,0.0725 Mpa,0.0717 Mpa,0.178 Mpa,0.130 Mpa,,3.32%,2.30%,4.30%,2.05%,2.73%,2.98%,2.06%,5.29%,4.10%,
2026-06-23 19:00:00,0.117 Mpa,0.126 Mpa,0.182 Mpa,0.0456 Mpa,0.0905 Mpa,0.125 Mpa,0.0452 Mpa,0.228 Mpa,0.0740 Mpa,,3.73%,4.43%,5.74%,1.57%,3.22%,3.75%,1.23%,6.63%,2.32%,
2026-06-23 21:00:00,0.0288 Mpa,0.113 Mpa,0.147 Mpa,0.144 Mpa,0.0856 Mpa,0.165 Mpa,0.339 Mpa,0.172 Mpa,0.0604 Mpa,,1.08%,3.82%,4.85%,4.44%,2.95%,4.85%,9.22%,4.82%,1.93%,
2026-06-23 23:00:00,0.217 Mpa,0.191 Mpa,0.131 Mpa,0.120 Mpa,0.102 Mpa,0.171 Mpa,0.0514 Mpa,0.112 Mpa,0.161 Mpa,,6.58%,6.32%,4.35%,3.40%,3.62%,5.09%,1.40%,2.60%,4.86%,
2026-06-24 01:00:00,0.111 Mpa,0.0783 Mpa,0.163 Mpa,0.0560 Mpa,0.0903 Mpa,0.353 Mpa,0.0403 Mpa,0.0516 Mpa,0.374 Mpa,,3.54%,2.49%,5.73%,1.52%,3.05%,10.8%,1.15%,1.16%,10.9%,
2026-06-24 03:00:00,0.156 Mpa,0.253 Mpa,0.0406 Mpa,0.0389 Mpa,0.116 Mpa,0.109 Mpa,0.174 Mpa,0.0993 Mpa,0.130 Mpa,,4.65%,7.86%,1.34%,1.46%,4.16%,2.95%,4.56%,2.69%,4.30%,
2026-06-24 05:00:00,0.233 Mpa,0.0719 Mpa,0.138 Mpa,0.0494 Mpa,0.229 Mpa,0.0668 Mpa,0.0748 Mpa,0.100 Mpa,0.139 Mpa,,6.94%,2.53%,4.47%,2.68%,8.12%,1.48%,1.96%,2.73%,4.20%,
2026-06-24 07:00:00,0.136 Mpa,0.154 Mpa,0.0576 Mpa,0.102 Mpa,0.0997 Mpa,0.195 Mpa,0.179 Mpa,0.0726 Mpa,0.135 Mpa,,4.16%,5.06%,1.84%,4.10%,3.73%,5.49%,4.83%,1.67%,4.04%,
2026-06-24 09:00:00,0.185 Mpa,0.155 Mpa,0.0585 Mpa,0.146 Mpa,0.107 Mpa,0.0788 Mpa,0.226 Mpa,0.149 Mpa,0.104 Mpa,,5.54%,5.48%,1.98%,5.40%,3.98%,1.81%,6.06%,4.06%,3.09%,
2026-06-24 11:00:00,0.216 Mpa,0.260 Mpa,0.0730 Mpa,0.108 Mpa,0.108 Mpa,0.0445 Mpa,0.0887 Mpa,0.146 Mpa,0.106 Mpa,,6.33%,8.20%,2.47%,3.29%,3.82%,1.38%,2.40%,3.84%,3.26%,
2026-06-24 13:00:00,0.268 Mpa,0.0612 Mpa,0.0646 Mpa,0.174 Mpa,0.183 Mpa,0.0561 Mpa,0.251 Mpa,0.433 Mpa,0.0606 Mpa,,7.81%,2.06%,1.99%,5.20%,7.33%,1.90%,6.98%,12.7%,1.64%,
2026-06-24 15:00:00,0.164 Mpa,0.0484 Mpa,0.0527 Mpa,0.193 Mpa,0.0918 Mpa,0.0552 Mpa,0.165 Mpa,0.0743 Mpa,0.0922 Mpa,,4.90%,1.65%,1.54%,6.19%,3.67%,1.73%,4.67%,1.70%,2.83%,
2026-06-24 17:00:00,0.111 Mpa,0.180 Mpa,0.129 Mpa,0.129 Mpa,0.231 Mpa,0.0377 Mpa,0.131 Mpa,0.168 Mpa,0.0773 Mpa,,3.47%,5.70%,4.17%,4.03%,8.37%,1.69%,3.63%,4.38%,2.39%,
2026-06-24 19:00:00,0.129 Mpa,0.0701 Mpa,0.0395 Mpa,0.0555 Mpa,0.00768 Mpa,0.153 Mpa,0.0965 Mpa,0.0717 Mpa,0.0535 Mpa,,3.97%,2.55%,1.31%,1.79%,0.237%,4.84%,2.89%,1.56%,1.65%,
2026-06-24 21:00:00,0.110 Mpa,0.131 Mpa,0.0774 Mpa,0.0467 Mpa,0.0497 Mpa,0.0978 Mpa,0.172 Mpa,0.0845 Mpa,0.0388 Mpa,,3.43%,4.41%,2.66%,1.53%,1.76%,2.94%,4.75%,1.87%,1.08%,
2026-06-24 23:00:00,0.110 Mpa,0.133 Mpa,0.188 Mpa,0.173 Mpa,0.0999 Mpa,0.0872 Mpa,0.142 Mpa,0.118 Mpa,0.172 Mpa,,3.41%,4.94%,6.55%,5.25%,3.66%,2.64%,3.93%,3.00%,5.12%,
2026-06-25 01:00:00,0.0800 Mpa,0.0715 Mpa,0.184 Mpa,0.0146 Mpa,0.0853 Mpa,0.0905 Mpa,0.0618 Mpa,0.163 Mpa,0.0492 Mpa,,2.34%,2.64%,5.34%,0.337%,3.11%,2.36%,1.79%,4.69%,1.45%,
2026-06-25 03:00:00,0.166 Mpa,0.0584 Mpa,0.0511 Mpa,0.0202 Mpa,0.152 Mpa,0.0847 Mpa,0.224 Mpa,,0.127 Mpa,,5.38%,2.08%,1.42%,0.615%,4.77%,2.59%,6.37%,,4.25%,
2026-06-25 05:00:00,0.133 Mpa,0.120 Mpa,0.0969 Mpa,0.0458 Mpa,0.106 Mpa,0.0871 Mpa,0.117 Mpa,0.202 Mpa,0.0967 Mpa,,4.07%,4.04%,2.82%,1.32%,3.96%,2.47%,3.25%,5.63%,3.31%,
2026-06-25 07:00:00,0.0514 Mpa,0.0754 Mpa,0 Mpa,0.0634 Mpa,0.0994 Mpa,0.0788 Mpa,0.103 Mpa,0.0822 Mpa,0.0807 Mpa,,1.41%,2.62%,0%,2.19%,3.95%,1.56%,3.17%,2.17%,2.35%,
2026-06-25 09:00:00,0.0910 Mpa,0.0808 Mpa,0 Mpa,0.162 Mpa,0.104 Mpa,0.130 Mpa,0.118 Mpa,0.115 Mpa,0.0492 Mpa,,2.78%,2.64%,0%,4.82%,3.91%,3.53%,3.39%,3.25%,1.33%,
2026-06-25 11:00:00,0.127 Mpa,0.128 Mpa,0.0647 Mpa,0.0452 Mpa,0.0755 Mpa,0.102 Mpa,0.0892 Mpa,0.103 Mpa,0.107 Mpa,,3.90%,4.27%,1.85%,1.31%,2.96%,2.84%,2.65%,2.72%,3.23%,
2026-06-25 13:00:00,0.114 Mpa,0.0792 Mpa,0.269 Mpa,0.0492 Mpa,0.107 Mpa,0.192 Mpa,0.176 Mpa,0.128 Mpa,0.178 Mpa,,3.73%,2.62%,8.18%,1.39%,4.14%,5.91%,5.23%,3.53%,5.38%,
2026-06-25 15:00:00,0.0687 Mpa,0.109 Mpa,0.0602 Mpa,0.0393 Mpa,0.0873 Mpa,0.543 Mpa,0.102 Mpa,0.0227 Mpa,0.101 Mpa,,2.40%,3.39%,1.86%,1.22%,3.28%,16.3%,3.00%,0%,2.99%,
2026-06-25 17:00:00,0.0426 Mpa,0.162 Mpa,0.103 Mpa,0.0439 Mpa,0.140 Mpa,0.320 Mpa,0.232 Mpa,0.140 Mpa,0.118 Mpa,,1.30%,5.42%,3.34%,1.87%,5.14%,9.78%,6.46%,3.31%,3.52%,
2026-06-25 19:00:00,0.124 Mpa,0.106 Mpa,0.0570 Mpa,0.0645 Mpa,0.144 Mpa,0.179 Mpa,0.132 Mpa,0.143 Mpa,0.147 Mpa,,3.87%,3.78%,1.78%,3.57%,5.08%,4.85%,3.67%,3.59%,4.56%,
2026-06-25 21:00:00,0.128 Mpa,0.0699 Mpa,0.0736 Mpa,0.0619 Mpa,0.0996 Mpa,0.212 Mpa,0.295 Mpa,0.117 Mpa,0.0696 Mpa,,4.13%,2.33%,2.16%,3.04%,3.47%,6.16%,7.94%,2.90%,2.06%,
2026-06-25 23:00:00,0.127 Mpa,0.389 Mpa,0.157 Mpa,0.182 Mpa,0.0166 Mpa,0.101 Mpa,0.0815 Mpa,0.185 Mpa,0.110 Mpa,,4.01%,12.5%,4.89%,5.60%,0.535%,2.70%,2.37%,5.00%,3.38%,
2026-06-26 01:00:00,0.122 Mpa,0.145 Mpa,0.0357 Mpa,0.0358 Mpa,0.0675 Mpa,0.104 Mpa,0.0696 Mpa,0.101 Mpa,0.0595 Mpa,,4.05%,4.88%,1.03%,1.77%,2.25%,3.13%,2.14%,2.64%,1.80%,
2026-06-26 03:00:00,0.138 Mpa,0.0907 Mpa,0.135 Mpa,0.0489 Mpa,0.0437 Mpa,0.0903 Mpa,0.107 Mpa,0.130 Mpa,0.0894 Mpa,,4.36%,3.05%,4.14%,2.95%,1.61%,2.69%,2.93%,3.26%,2.58%,
2026-06-26 05:00:00,0.137 Mpa,0.137 Mpa,0.165 Mpa,0.0848 Mpa,0.0912 Mpa,0.110 Mpa,0.167 Mpa,0.172 Mpa,0.108 Mpa,,4.29%,4.73%,5.01%,3.11%,3.64%,2.94%,4.85%,4.52%,3.23%,
2026-06-26 07:00:00,0.196 Mpa,0.0404 Mpa,0.0107 Mpa,0.166 Mpa,0.137 Mpa,0.133 Mpa,0.101 Mpa,0.115 Mpa,0.125 Mpa,,5.78%,1.21%,0.427%,4.75%,5.28%,3.66%,2.90%,3.05%,3.84%,
2026-06-26 09:00:00,0.112 Mpa,,0.0980 Mpa,0.0951 Mpa,0.128 Mpa,0.266 Mpa,0.104 Mpa,0.106 Mpa,0.0957 Mpa,,3.36%,,3.12%,2.85%,4.68%,7.41%,3.07%,2.75%,2.81%,
2026-06-26 11:00:00,0.108 Mpa,,0.0628 Mpa,0.0507 Mpa,0.0964 Mpa,0.371 Mpa,0.212 Mpa,0.120 Mpa,0.0947 Mpa,,3.49%,,1.93%,1.66%,3.55%,10.6%,6.09%,3.54%,2.98%,
2026-06-26 13:00:00,0.120 Mpa,,0.158 Mpa,0.00333 Mpa,0.211 Mpa,0.158 Mpa,0.0889 Mpa,0.118 Mpa,0.114 Mpa,,3.50%,,4.81%,0.0891%,7.76%,4.34%,2.40%,3.71%,3.53%,
2026-06-26 15:00:00,0.114 Mpa,,0.213 Mpa,0.0505 Mpa,0.0495 Mpa,0.284 Mpa,0.173 Mpa,0.139 Mpa,0.121 Mpa,,3.56%,,7.85%,1.60%,1.96%,7.93%,5.00%,4.88%,3.68%,
2026-06-26 17:00:00,0.113 Mpa,0.0210 Mpa,0.102 Mpa,0.0542 Mpa,0.0789 Mpa,0.154 Mpa,0.113 Mpa,0.153 Mpa,0.0991 Mpa,,3.57%,0.632%,3.24%,3.02%,2.86%,4.45%,3.15%,4.09%,2.99%,
2026-06-26 19:00:00,0.114 Mpa,0.0623 Mpa,0.0503 Mpa,0.0639 Mpa,0.151 Mpa,0.168 Mpa,0.128 Mpa,0.0717 Mpa,0.138 Mpa,,3.53%,2.20%,1.60%,3.12%,5.43%,4.80%,3.67%,1.95%,4.04%,
2026-06-26 21:00:00,0.126 Mpa,0.0387 Mpa,0.0733 Mpa,0.0441 Mpa,0.213 Mpa,0.0953 Mpa,0.160 Mpa,0.0727 Mpa,0.0527 Mpa,,3.86%,1.38%,2.29%,1.77%,7.55%,1.97%,4.54%,1.92%,1.52%,
2026-06-26 23:00:00,0.225 Mpa,0.108 Mpa,0.115 Mpa,0.146 Mpa,0.172 Mpa,0.0510 Mpa,0.177 Mpa,0.0419 Mpa,0.101 Mpa,,6.77%,3.70%,3.73%,5.25%,6.12%,1.24%,4.93%,1.32%,3.00%,
2026-06-27 01:00:00,0.0616 Mpa,0.148 Mpa,,0.0495 Mpa,,0.233 Mpa,0.175 Mpa,0.0286 Mpa,0.191 Mpa,,1.65%,4.78%,,2.26%,,6.92%,4.92%,0.700%,5.99%,
2026-06-27 03:00:00,0.0361 Mpa,0.0795 Mpa,0.0380 Mpa,0.0245 Mpa,0.0810 Mpa,0.0376 Mpa,0.127 Mpa,0.0567 Mpa,0.158 Mpa,,0.978%,2.50%,1.09%,2.02%,2.76%,0.892%,3.62%,1.44%,4.86%,
2026-06-27 05:00:00,0.0812 Mpa,0.136 Mpa,0.0193 Mpa,0.0764 Mpa,0.0747 Mpa,0.0745 Mpa,0.142 Mpa,0.161 Mpa,0.174 Mpa,,2.19%,4.37%,0.485%,2.84%,2.87%,2.13%,4.28%,4.26%,5.12%,
2026-06-27 07:00:00,0.0689 Mpa,0.0822 Mpa,0.0347 Mpa,0.0964 Mpa,0.133 Mpa,0.116 Mpa,0.155 Mpa,0.100 Mpa,0.149 Mpa,,1.81%,2.68%,0.933%,2.72%,5.00%,3.44%,4.80%,2.42%,4.31%,
2026-06-27 09:00:00,0.0590 Mpa,0.0386 Mpa,0.0658 Mpa,0.122 Mpa,0.106 Mpa,0.0810 Mpa,0.178 Mpa,0.0450 Mpa,0.0797 Mpa,,1.76%,1.22%,2.55%,3.55%,3.88%,2.58%,5.31%,0.928%,2.39%,
2026-06-27 11:00:00,0.0701 Mpa,0.0305 Mpa,0.160 Mpa,0.0701 Mpa,0.133 Mpa,0.118 Mpa,0.446 Mpa,0.109 Mpa,0.0519 Mpa,,1.98%,0.973%,5.51%,2.07%,4.96%,3.65%,12.1%,2.88%,1.53%,
2026-06-27 13:00:00,0.116 Mpa,0.110 Mpa,0.0543 Mpa,0.214 Mpa,0.120 Mpa,0.0843 Mpa,0.139 Mpa,0.126 Mpa,0.125 Mpa,,3.23%,3.57%,3.56%,6.05%,4.47%,2.35%,3.72%,3.31%,3.69%,
2026-06-27 15:00:00,0.0918 Mpa,0.0438 Mpa,0.0305 Mpa,0.0331 Mpa,0.0901 Mpa,0.183 Mpa,0.0474 Mpa,0.172 Mpa,0.121 Mpa,,2.64%,1.45%,0.968%,1.16%,3.33%,5.79%,1.37%,4.70%,3.79%,
2026-06-27 17:00:00,0.103 Mpa,0.00183 Mpa,0.138 Mpa,,0.128 Mpa,0.109 Mpa,0.0456 Mpa,0.261 Mpa,0.198 Mpa,,2.91%,0%,4.88%,,4.71%,3.33%,1.17%,7.36%,6.18%,
2026-06-27 19:00:00,0.104 Mpa,,0.140 Mpa,,0.0522 Mpa,0.155 Mpa,0.0986 Mpa,0.0897 Mpa,0.0660 Mpa,,3.05%,,4.79%,,1.91%,4.31%,2.87%,2.43%,1.95%,
2026-06-27 21:00:00,0.0328 Mpa,0.0222 Mpa,0.136 Mpa,,0.0514 Mpa,0.0852 Mpa,0.115 Mpa,0.107 Mpa,0.0554 Mpa,,0.889%,0.510%,4.24%,,1.86%,1.95%,3.26%,2.95%,1.65%,
2026-06-27 23:00:00,0.145 Mpa,0.0622 Mpa,0.0410 Mpa,0.0773 Mpa,0.0633 Mpa,0.143 Mpa,0.0989 Mpa,0.138 Mpa,0.145 Mpa,,4.15%,1.96%,1.36%,2.16%,2.45%,3.52%,2.69%,3.88%,4.30%,
2026-06-28 01:00:00,0.0492 Mpa,0.00654 Mpa,0.0428 Mpa,,0.0879 Mpa,0.103 Mpa,0.254 Mpa,0.143 Mpa,0.0748 Mpa,,1.21%,0.439%,1.42%,,3.29%,2.22%,6.96%,3.91%,2.16%,
2026-06-28 03:00:00,0.0602 Mpa,0.0594 Mpa,0.0233 Mpa,,0.0521 Mpa,0.153 Mpa,0.0636 Mpa,0.246 Mpa,0.0837 Mpa,,1.54%,1.83%,1.12%,,1.92%,4.22%,1.77%,7.41%,2.52%,
2026-06-28 05:00:00,0.103 Mpa,0.142 Mpa,0.0460 Mpa,,0.0935 Mpa,0.118 Mpa,0.0925 Mpa,0.138 Mpa,0.113 Mpa,,3.21%,4.47%,1.47%,,3.55%,3.36%,2.39%,3.80%,3.40%,
2026-06-28 07:00:00,0.110 Mpa,0.0930 Mpa,0.138 Mpa,,0.101 Mpa,0.278 Mpa,0.0691 Mpa,0.0984 Mpa,0.117 Mpa,,3.03%,2.76%,4.35%,,3.82%,7.89%,1.84%,2.66%,3.42%,
2026-06-28 09:00:00,0.0488 Mpa,0.163 Mpa,0.111 Mpa,,0.255 Mpa,0.129 Mpa,0.110 Mpa,0.165 Mpa,0.0460 Mpa,,1.41%,4.87%,3.48%,,9.59%,3.63%,3.15%,4.86%,1.26%,
2026-06-28 11:00:00,0.0828 Mpa,0.123 Mpa,0.0551 Mpa,,0.122 Mpa,0.169 Mpa,0.0449 Mpa,0.119 Mpa,0.0683 Mpa,,2.27%,4.01%,1.87%,,4.63%,4.86%,1.32%,3.11%,2.06%,
2026-06-28 13:00:00,0.0500 Mpa,0.0409 Mpa,0.118 Mpa,,0.0844 Mpa,0.0786 Mpa,0.164 Mpa,0.303 Mpa,0.0702 Mpa,,1.43%,1.17%,4.00%,,2.97%,1.82%,4.61%,8.80%,1.93%,
2026-06-28 15:00:00,0.140 Mpa,0.0338 Mpa,0.0737 Mpa,,0.0183 Mpa,0.0969 Mpa,0.177 Mpa,0.307 Mpa,0.0495 Mpa,,4.26%,1.05%,2.65%,,0.648%,2.26%,5.46%,8.33%,1.35%,
2026-06-28 17:00:00,0.228 Mpa,0.153 Mpa,0.105 Mpa,,0.0779 Mpa,0.0980 Mpa,0.243 Mpa,0.148 Mpa,0.0952 Mpa,,6.93%,5.22%,3.43%,,2.90%,2.62%,7.13%,4.03%,2.83%,
2026-06-28 19:00:00,0.269 Mpa,0.118 Mpa,0.0894 Mpa,,0.237 Mpa,0.152 Mpa,0.0698 Mpa,0.197 Mpa,0.0864 Mpa,,7.95%,4.08%,2.74%,,8.69%,4.01%,2.00%,5.58%,2.53%,
2026-06-28 21:00:00,0.0630 Mpa,0.211 Mpa,0.0493 Mpa,,0.142 Mpa,0.285 Mpa,0.0482 Mpa,0.0963 Mpa,0.0528 Mpa,,1.84%,7.59%,1.56%,,5.34%,7.83%,1.52%,2.32%,1.53%,
2026-06-28 23:00:00,0.121 Mpa,0.313 Mpa,0.0204 Mpa,,0.103 Mpa,0.186 Mpa,0.0924 Mpa,0.176 Mpa,0.0434 Mpa,,3.69%,9.51%,0.674%,,3.89%,5.00%,2.53%,4.96%,1.17%,
2026-06-29 01:00:00,0.252 Mpa,0.0952 Mpa,0.384 Mpa,0.00322 Mpa,0.0920 Mpa,0.0968 Mpa,0.141 Mpa,0.112 Mpa,0.116 Mpa,,8.39%,3.12%,12.0%,0.207%,3.26%,2.66%,4.04%,3.22%,3.60%,
2026-06-29 03:00:00,0.0154 Mpa,0.134 Mpa,0.0442 Mpa,0.0356 Mpa,0.105 Mpa,0.0941 Mpa,0.0577 Mpa,0.117 Mpa,0.0746 Mpa,,0.293%,4.19%,1.25%,1.01%,3.88%,2.60%,1.60%,2.96%,2.16%,
2026-06-29 05:00:00,0.199 Mpa,0.0879 Mpa,0.00181 Mpa,0.0729 Mpa,0.0933 Mpa,0.107 Mpa,0.0818 Mpa,0.158 Mpa,0.179 Mpa,,5.50%,2.66%,0.0561%,2.08%,3.43%,2.93%,2.25%,4.16%,5.49%,
2026-06-29 07:00:00,0.101 Mpa,0.0994 Mpa,0.0984 Mpa,0.0437 Mpa,0.0761 Mpa,0.208 Mpa,0.0650 Mpa,0.158 Mpa,0.231 Mpa,,3.29%,3.06%,3.13%,1.23%,2.78%,4.11%,1.72%,4.47%,7.02%,
2026-06-29 09:00:00,0.0904 Mpa,0.323 Mpa,0.0822 Mpa,0.0390 Mpa,0.108 Mpa,0.318 Mpa,0.0816 Mpa,0.284 Mpa,0.0839 Mpa,,3.09%,9.42%,2.64%,1.20%,4.05%,8.58%,2.30%,8.23%,2.47%,
2026-06-29 11:00:00,0.100 Mpa,0.210 Mpa,0.0658 Mpa,0.0854 Mpa,0.0848 Mpa,0.325 Mpa,0.0264 Mpa,0.258 Mpa,0.0818 Mpa,,3.57%,6.47%,2.05%,2.47%,3.05%,9.24%,0.751%,7.26%,2.42%,
2026-06-29 13:00:00,0.155 Mpa,0.0895 Mpa,0.115 Mpa,0.0378 Mpa,0.0602 Mpa,0 Mpa,0.128 Mpa,0.151 Mpa,0.236 Mpa,,4.39%,2.65%,3.50%,0.980%,2.22%,0%,3.93%,4.28%,7.19%,
2026-06-29 15:00:00,0.0601 Mpa,0.146 Mpa,0.654 Mpa,0.0514 Mpa,0.123 Mpa,0.0376 Mpa,0.150 Mpa,0.106 Mpa,0.0624 Mpa,,1.80%,4.40%,20.7%,1.47%,4.56%,1.01%,4.54%,2.87%,1.91%,
2026-06-29 17:00:00,0.105 Mpa,0.176 Mpa,0.179 Mpa,0.0542 Mpa,0.0706 Mpa,0.177 Mpa,0.194 Mpa,0.136 Mpa,0.172 Mpa,,3.49%,5.38%,5.49%,1.75%,2.70%,5.13%,5.69%,3.72%,5.19%,
2026-06-29 19:00:00,0.130 Mpa,0.181 Mpa,0.0874 Mpa,0.0179 Mpa,0.257 Mpa,0.148 Mpa,0.117 Mpa,0.107 Mpa,0.124 Mpa,,4.62%,5.84%,2.64%,0.837%,9.53%,4.28%,3.34%,3.26%,3.72%,
2026-06-29 21:00:00,0.116 Mpa,0.0124 Mpa,0.151 Mpa,0 Mpa,0.284 Mpa,0.0936 Mpa,0.153 Mpa,0.0905 Mpa,0.121 Mpa,,3.47%,0.722%,4.54%,0.353%,10.3%,2.71%,4.45%,2.48%,3.77%,
2026-06-29 23:00:00,0.172 Mpa,0.0879 Mpa,0.199 Mpa,0.145 Mpa,0.263 Mpa,0.136 Mpa,0.144 Mpa,0.0842 Mpa,0.208 Mpa,,5.05%,2.84%,6.23%,4.08%,9.83%,3.83%,4.01%,3.19%,6.25%,
2026-06-30 01:00:00,0.0487 Mpa,0.0834 Mpa,0.133 Mpa,0.162 Mpa,0.250 Mpa,0.0360 Mpa,0.157 Mpa,0.0850 Mpa,0.0915 Mpa,,1.44%,2.93%,4.21%,4.61%,9.13%,1.18%,4.40%,2.81%,2.65%,
2026-06-30 03:00:00,0.167 Mpa,0.0836 Mpa,0.0143 Mpa,0.0898 Mpa,0.293 Mpa,,0.109 Mpa,0.0535 Mpa,0.0833 Mpa,,5.04%,2.86%,0.267%,2.64%,10.0%,,3.06%,1.03%,2.38%,
2026-06-30 05:00:00,0.0821 Mpa,0.121 Mpa,0.0448 Mpa,0.148 Mpa,0.136 Mpa,,0.0693 Mpa,0.213 Mpa,0.0282 Mpa,,2.57%,3.87%,1.55%,4.30%,4.92%,,1.90%,5.84%,0.837%,
2026-06-30 07:00:00,0.0884 Mpa,0.344 Mpa,0.0476 Mpa,0.0952 Mpa,0.286 Mpa,1.38 Mpa,0.0542 Mpa,0.288 Mpa,0.124 Mpa,,2.50%,11.0%,1.46%,2.91%,10.3%,38.5%,1.53%,8.22%,3.66%,
2026-06-30 09:00:00,0.0911 Mpa,0 Mpa,0.105 Mpa,0.0586 Mpa,0.0222 Mpa,0.0257 Mpa,0.0621 Mpa,0.0769 Mpa,0.0934 Mpa,,2.95%,0%,3.49%,1.95%,0.787%,0.539%,1.61%,1.77%,2.70%,
2026-06-30 11:00:00,0.0617 Mpa,0.242 Mpa,0.0828 Mpa,0.0523 Mpa,0.155 Mpa,,0.0458 Mpa,0.164 Mpa,0.0526 Mpa,,1.91%,8.03%,2.75%,1.67%,5.81%,,1.24%,4.50%,1.47%,
2026-06-30 13:00:00,0.126 Mpa,0.206 Mpa,0.109 Mpa,0.124 Mpa,0.151 Mpa,,0.247 Mpa,0.232 Mpa,0.217 Mpa,,3.84%,6.66%,3.56%,3.85%,5.22%,,7.91%,6.87%,6.68%,
2026-06-30 15:00:00,0.0733 Mpa,0.256 Mpa,0.0232 Mpa,0.0465 Mpa,0.0612 Mpa,,0.0328 Mpa,0.321 Mpa,0.0857 Mpa,,2.49%,8.68%,0.925%,1.40%,2.16%,,0.903%,9.08%,2.71%,
2026-06-30 17:00:00,0.126 Mpa,0.125 Mpa,0.00424 Mpa,0.0617 Mpa,0.219 Mpa,,0.105 Mpa,0.207 Mpa,0.143 Mpa,,3.70%,4.00%,0.0376%,1.79%,8.02%,,3.10%,5.68%,4.29%,
2026-06-30 19:00:00,0.0488 Mpa,0.171 Mpa,0.0446 Mpa,0.0822 Mpa,0.0357 Mpa,,0.0739 Mpa,0.173 Mpa,0.0898 Mpa,,1.61%,5.31%,1.40%,2.40%,1.27%,,2.32%,4.59%,2.68%,
2026-06-30 21:00:00,0.110 Mpa,0.118 Mpa,0.0213 Mpa,0.142 Mpa,0.226 Mpa,,0.242 Mpa,,0.114 Mpa,,3.29%,3.64%,0.758%,4.01%,8.32%,,6.82%,,3.35%,
2026-06-30 23:00:00,0.177 Mpa,0.132 Mpa,0.112 Mpa,0.146 Mpa,0.295 Mpa,,0.116 Mpa,0.227 Mpa,0.0894 Mpa,,5.29%,4.08%,3.74%,4.16%,11.0%,,3.54%,6.40%,2.54%,
2026-07-01 01:00:00,0.225 Mpa,0.799 Mpa,0.194 Mpa,0.0695 Mpa,0.232 Mpa,0.00165 Mpa,0.257 Mpa,0.151 Mpa,0.135 Mpa,,6.50%,24.0%,5.84%,1.88%,7.94%,0%,7.16%,4%,3.83%,
2026-07-01 03:00:00,0.0266 Mpa,0.105 Mpa,0.0429 Mpa,0.0220 Mpa,0.180 Mpa,0.0356 Mpa,0.0804 Mpa,0.0969 Mpa,0.0600 Mpa,,0.760%,3.02%,1.18%,0.500%,6.49%,1.08%,2.26%,2.50%,1.70%,
2026-07-01 05:00:00,0.0702 Mpa,0.225 Mpa,0.0738 Mpa,0.0451 Mpa,0.191 Mpa,0.0240 Mpa,0.441 Mpa,0.0899 Mpa,0.122 Mpa,,2.27%,7.22%,2.61%,1.71%,7.12%,0.0663%,11.7%,2.08%,3.46%,
2026-07-01 07:00:00,0.000642 Mpa,0.511 Mpa,0.0428 Mpa,0.0514 Mpa,0.0518 Mpa,0.120 Mpa,0.0291 Mpa,0.0564 Mpa,0.0998 Mpa,,0.00153%,16.3%,1.56%,1.89%,1.83%,3.33%,0.761%,1.27%,2.94%,
2026-07-01 09:00:00,0.183 Mpa,0.0428 Mpa,0.00989 Mpa,0.0825 Mpa,0.0644 Mpa,0.142 Mpa,0.0581 Mpa,0.0671 Mpa,0.220 Mpa,,5.48%,1.32%,0.400%,2.51%,2.30%,4.16%,1.60%,2.01%,6.63%,
2026-07-01 11:00:00,0.0529 Mpa,0.565 Mpa,0.0859 Mpa,0.0388 Mpa,0.112 Mpa,0.0861 Mpa,0.0928 Mpa,0.0773 Mpa,0.0497 Mpa,,1.75%,16.5%,2.87%,2.11%,4.21%,2.47%,2.73%,2.02%,1.45%,
2026-07-01 13:00:00,0.106 Mpa,,0.113 Mpa,0.0667 Mpa,0.0628 Mpa,0.272 Mpa,0.256 Mpa,0.0966 Mpa,0.0863 Mpa,,3.15%,,5.71%,2.96%,2.40%,8.25%,7.06%,2.42%,2.93%,
2026-07-01 15:00:00,0.109 Mpa,0.171 Mpa,0.136 Mpa,0.113 Mpa,0.0885 Mpa,0.0575 Mpa,0.230 Mpa,0.234 Mpa,0.194 Mpa,,3.55%,5.11%,7.97%,3.56%,3.38%,1.54%,6.22%,6.41%,6.59%,
2026-07-01 17:00:00,0.0961 Mpa,,0.102 Mpa,0.0668 Mpa,0.0846 Mpa,0.0152 Mpa,0.225 Mpa,0.145 Mpa,0.139 Mpa,,2.81%,,4.85%,1.92%,3.33%,0.630%,6.21%,3.76%,4.62%,
2026-07-01 19:00:00,0.110 Mpa,,0.0181 Mpa,0.0637 Mpa,0.0664 Mpa,0.0362 Mpa,0.0709 Mpa,0.163 Mpa,0.0470 Mpa,,3.23%,,0.605%,1.70%,2.62%,1.18%,2.06%,4.40%,1.43%,
2026-07-01 21:00:00,0.0827 Mpa,,0.106 Mpa,0.0268 Mpa,0.0778 Mpa,0.350 Mpa,0.0951 Mpa,0.185 Mpa,0.0591 Mpa,,2.76%,,3.29%,0.593%,2.97%,10.5%,2.72%,5.28%,1.60%,
2026-07-01 23:00:00,0.0569 Mpa,,0.111 Mpa,0.0523 Mpa,0.105 Mpa,0.262 Mpa,0.0725 Mpa,0.0985 Mpa,0.0898 Mpa,,2.04%,,3.58%,1.39%,4.07%,8.23%,2.12%,2.53%,2.64%,
2026-07-02 01:00:00,0.116 Mpa,,0.0829 Mpa,0.139 Mpa,0.258 Mpa,0.352 Mpa,0.285 Mpa,0.403 Mpa,0.0695 Mpa,,3.22%,,2.72%,3.82%,9.73%,10.4%,8.01%,11.2%,2.00%,
2026-07-02 03:00:00,0.0491 Mpa,,0.0281 Mpa,0.0827 Mpa,0.0495 Mpa,0.136 Mpa,0.250 Mpa,0.172 Mpa,0.0643 Mpa,,1.26%,,1.84%,2.36%,1.93%,3.74%,6.93%,4.40%,1.85%,
2026-07-02 05:00:00,0.0988 Mpa,,0.0748 Mpa,0.0903 Mpa,0.0705 Mpa,0.100 Mpa,0.0694 Mpa,0.147 Mpa,0.113 Mpa,,3.19%,,2.40%,2.99%,2.61%,2.77%,1.94%,4.09%,3.27%,
2026-07-02 07:00:00,0.0587 Mpa,,0.0461 Mpa,0.0858 Mpa,0.106 Mpa,0.233 Mpa,0.0813 Mpa,0.0865 Mpa,0.104 Mpa,,1.63%,,1.42%,3.01%,3.96%,6.83%,2.18%,2.16%,3.00%,
2026-07-02 09:00:00,0.0451 Mpa,,0.0646 Mpa,0.0944 Mpa,0.0627 Mpa,0.535 Mpa,0.0594 Mpa,0.206 Mpa,0.0607 Mpa,,1.08%,,2.07%,3.66%,2.19%,15.9%,1.62%,5.89%,1.74%,
2026-07-02 11:00:00,0.0628 Mpa,0 Mpa,0.0463 Mpa,0.0982 Mpa,0.0504 Mpa,0.294 Mpa,0.0875 Mpa,0.0868 Mpa,0.0696 Mpa,,1.78%,0.00371%,1.53%,3.00%,1.83%,8.84%,2.43%,2.12%,1.97%,
2026-07-02 13:00:00,0.0735 Mpa,0.0849 Mpa,0.351 Mpa,0.287 Mpa,0.117 Mpa,0.357 Mpa,0.0202 Mpa,0.0761 Mpa,0.0970 Mpa,0 Mpa,2.48%,2.49%,11.0%,8.26%,4.23%,11.3%,0.529%,2.55%,2.90%,0%
2026-07-02 15:00:00,0.0213 Mpa,0.0487 Mpa,0.162 Mpa,0.0723 Mpa,0.170 Mpa,0.227 Mpa,0.0985 Mpa,0.438 Mpa,0.163 Mpa,0.0280 Mpa,1.43%,1.48%,5.28%,2.47%,6.04%,7.08%,2.68%,13.0%,5.07%,2.36%
2026-07-02 17:00:00,0.165 Mpa,0.147 Mpa,0.0775 Mpa,0.109 Mpa,0.0648 Mpa,0.110 Mpa,0.113 Mpa,,0.107 Mpa,0.178 Mpa,4.99%,4.64%,2.60%,3.28%,2.42%,3.40%,3.18%,,3.19%,4.72%
2026-07-02 19:00:00,0.166 Mpa,0.215 Mpa,0.0400 Mpa,0.118 Mpa,0.146 Mpa,0.775 Mpa,0.154 Mpa,,,,5.07%,7.05%,1.61%,3.61%,5.26%,22.8%,4.31%,,,
2026-07-02 21:00:00,0.0860 Mpa,0.302 Mpa,0.117 Mpa,0.0482 Mpa,0.196 Mpa,0.0990 Mpa,0.233 Mpa,,,0.000129 Mpa,2.87%,10.1%,4.96%,1.38%,7.20%,2.94%,6.54%,,,0%
2026-07-02 23:00:00,0.127 Mpa,0.317 Mpa,0.269 Mpa,0.107 Mpa,0.166 Mpa,0.0732 Mpa,0.0996 Mpa,,0.0192 Mpa,0 Mpa,3.86%,10.5%,8.66%,3.71%,6.09%,2.16%,2.72%,,0.338%,0%
2026-07-03 01:00:00,0.0822 Mpa,0.0930 Mpa,0.129 Mpa,0.0771 Mpa,0.157 Mpa,0.156 Mpa,0.207 Mpa,,0.194 Mpa,,2.38%,3.00%,4.23%,2.36%,5.68%,4.47%,5.72%,,5.73%,
2026-07-03 03:00:00,0.160 Mpa,0.209 Mpa,0.0710 Mpa,0.0660 Mpa,0.125 Mpa,0.222 Mpa,0.168 Mpa,,0.0547 Mpa,,4.36%,7.38%,2.50%,2.69%,4.54%,5.93%,4.59%,,1.38%,
2026-07-03 05:00:00,,0.181 Mpa,0.150 Mpa,0.0664 Mpa,0.203 Mpa,0.129 Mpa,0.0843 Mpa,,0.0956 Mpa,,,5.90%,4.62%,2.49%,7.20%,3.18%,2.29%,,2.68%,
2026-07-03 07:00:00,,0.0924 Mpa,0.0846 Mpa,0.0516 Mpa,0.0618 Mpa,0.0796 Mpa,0.0493 Mpa,,0.0743 Mpa,0.239 Mpa,,3.05%,2.68%,1.89%,2.28%,2.42%,1.33%,,2.03%,6.07%
2026-07-03 09:00:00,0 Mpa,0.0766 Mpa,0.192 Mpa,0.123 Mpa,0.0576 Mpa,0.0933 Mpa,0.0905 Mpa,,0.105 Mpa,0 Mpa,0%,2.54%,6.02%,4.12%,2.00%,2.81%,2.56%,,3.02%,0.0377%
2026-07-03 11:00:00,,0.0838 Mpa,0.165 Mpa,0.0463 Mpa,0.230 Mpa,0.118 Mpa,0.0802 Mpa,,0.0639 Mpa,0 Mpa,,2.71%,5.86%,1.20%,8.00%,3.63%,2.25%,,1.75%,0%
2026-07-03 13:00:00,,0.0889 Mpa,0.0733 Mpa,0.0679 Mpa,0.0951 Mpa,0.0645 Mpa,0.0361 Mpa,0.000571 Mpa,0.0758 Mpa,0.0363 Mpa,,2.88%,2.62%,2.10%,3.45%,1.84%,1.03%,0%,2.26%,1.11%
2026-07-03 15:00:00,0.000124 Mpa,0.0957 Mpa,0.270 Mpa,0.0493 Mpa,0.200 Mpa,0.0999 Mpa,0.0771 Mpa,0.0255 Mpa,0.0845 Mpa,0.111 Mpa,0.00207%,3.00%,8.82%,1.84%,6.69%,2.90%,2.12%,0%,2.51%,2.94%
2026-07-03 17:00:00,0.0367 Mpa,0.149 Mpa,0.115 Mpa,0.133 Mpa,0.0561 Mpa,0.0719 Mpa,0.282 Mpa,0.110 Mpa,0.0746 Mpa,,1.03%,4.69%,3.59%,3.82%,2.04%,2.24%,7.81%,2.50%,2.11%,
2026-07-03 19:00:00,0.274 Mpa,0.141 Mpa,0.117 Mpa,0.0218 Mpa,0.0477 Mpa,0.0558 Mpa,0.129 Mpa,0.100 Mpa,0.0344 Mpa,0.00262 Mpa,8.63%,5.09%,4.16%,0.953%,1.68%,1.52%,3.79%,2.00%,0.914%,0.0842%
2026-07-03 21:00:00,0.213 Mpa,0.0659 Mpa,0.116 Mpa,0.0427 Mpa,0.115 Mpa,0.0402 Mpa,0.130 Mpa,0.119 Mpa,0.159 Mpa,0.00889 Mpa,6.75%,2.35%,3.75%,1.26%,4.10%,1.05%,3.63%,2.58%,4.95%,0.234%
2026-07-03 23:00:00,0.205 Mpa,0.0560 Mpa,0.0436 Mpa,0.182 Mpa,0.263 Mpa,0.0877 Mpa,0.186 Mpa,0.128 Mpa,0 Mpa,0.000110 Mpa,6.38%,2.13%,1.45%,5.36%,9.19%,2.71%,5.23%,3.21%,0%,0%
2026-07-04 01:00:00,0.0667 Mpa,0.146 Mpa,0.107 Mpa,0.00400 Mpa,0.0549 Mpa,0.0741 Mpa,0.0257 Mpa,0.138 Mpa,0.0347 Mpa,0.0109 Mpa,2.25%,4.78%,3.50%,0.256%,1.92%,2.37%,0.673%,3.53%,1.01%,0.524%
2026-07-04 03:00:00,0.121 Mpa,0.0352 Mpa,0.0526 Mpa,0.104 Mpa,,0.0759 Mpa,0.181 Mpa,0.0963 Mpa,0.0736 Mpa,0.0239 Mpa,3.29%,1.26%,2.09%,3.51%,,2.21%,5.10%,2.13%,2.00%,0.609%
2026-07-04 05:00:00,0.0703 Mpa,0.147 Mpa,0.0586 Mpa,0.0995 Mpa,,0.0504 Mpa,0.368 Mpa,0.146 Mpa,0.0848 Mpa,,2.00%,4.55%,1.77%,3.32%,,1.44%,9.80%,3.69%,2.46%,
2026-07-04 07:00:00,0.0732 Mpa,0.000511 Mpa,0.107 Mpa,0.122 Mpa,,0.147 Mpa,0.0659 Mpa,0.0836 Mpa,0.118 Mpa,0.0329 Mpa,2.14%,0%,3.34%,4.00%,,4.42%,1.93%,1.70%,3.54%,0.932%
2026-07-04 09:00:00,0.218 Mpa,,0.0908 Mpa,0.126 Mpa,,0.0861 Mpa,0.166 Mpa,0.0780 Mpa,0.182 Mpa,0.130 Mpa,6.33%,,2.79%,4.00%,,2.60%,4.75%,1.76%,5.42%,3.57%
2026-07-04 11:00:00,0.203 Mpa,,0.0596 Mpa,0.138 Mpa,0.406 Mpa,0.123 Mpa,0.106 Mpa,0.112 Mpa,0.152 Mpa,0.0550 Mpa,6.03%,,1.98%,4.42%,11.9%,3.82%,2.99%,3.38%,4.74%,1.47%
2026-07-04 13:00:00,,,0.0661 Mpa,0.0721 Mpa,,0.112 Mpa,0.132 Mpa,0.136 Mpa,,0 Mpa,,,2.32%,2.31%,,3.37%,6.62%,4.01%,,0%
2026-07-04 15:00:00,0.715 Mpa,,0.164 Mpa,0.120 Mpa,,0.142 Mpa,0.199 Mpa,0.178 Mpa,,0.00891 Mpa,19.6%,,5.87%,3.64%,,4.64%,5.42%,4.84%,,0.257%
2026-07-04 17:00:00,0.0836 Mpa,,0.113 Mpa,0.0873 Mpa,,0.143 Mpa,0.0694 Mpa,0.143 Mpa,0.0713 Mpa,0.0557 Mpa,2.41%,,3.77%,3.01%,,4.37%,1.96%,3.52%,2.07%,2.01%
2026-07-04 19:00:00,0.186 Mpa,,0.160 Mpa,0.0697 Mpa,,0.0505 Mpa,0.111 Mpa,0.0915 Mpa,0.0551 Mpa,0.0772 Mpa,5.16%,,4.79%,3.87%,,1.52%,3.47%,2.17%,1.67%,2.32%
2026-07-04 21:00:00,0.0842 Mpa,,0.0597 Mpa,0.108 Mpa,,0.106 Mpa,0.208 Mpa,0.183 Mpa,0.0529 Mpa,0.144 Mpa,2.45%,,1.79%,4.61%,,3.25%,5.90%,4.67%,1.47%,4.14%
2026-07-04 23:00:00,0.176 Mpa,,0.198 Mpa,0.108 Mpa,,0.0550 Mpa,0.0899 Mpa,0.124 Mpa,0.0693 Mpa,0.120 Mpa,4.87%,,6.19%,4.24%,,1.67%,2.50%,3.03%,2.00%,3.76%
2026-07-05 01:00:00,0.0618 Mpa,,0.484 Mpa,0.0228 Mpa,,0.0526 Mpa,0.0385 Mpa,0.0703 Mpa,0.106 Mpa,0.0518 Mpa,1.92%,,13%,2.63%,,1.74%,1.23%,1.36%,2.98%,1.56%
2026-07-05 03:00:00,0.0763 Mpa,0.0817 Mpa,,0.0717 Mpa,0.176 Mpa,0.0765 Mpa,0.101 Mpa,0.0962 Mpa,0.128 Mpa,0.139 Mpa,2.18%,2.51%,,2.97%,5.17%,2.24%,3.09%,2.37%,3.62%,3.99%
2026-07-05 05:00:00,0.0774 Mpa,0.139 Mpa,,0.114 Mpa,,0.0804 Mpa,0.0703 Mpa,0.0565 Mpa,0.152 Mpa,0.0567 Mpa,2.28%,4.53%,,3.51%,,2.37%,2.01%,1.43%,4.53%,1.74%
2026-07-05 07:00:00,0.115 Mpa,0.179 Mpa,0.312 Mpa,0.0395 Mpa,,0.119 Mpa,0.0936 Mpa,0.120 Mpa,0.200 Mpa,0.0270 Mpa,3.62%,5.77%,8.34%,1.02%,,3.78%,2.79%,3.05%,6.17%,0.903%
2026-07-05 09:00:00,0.266 Mpa,0.118 Mpa,,0.0403 Mpa,0 Mpa,0.0798 Mpa,0.0915 Mpa,0.107 Mpa,0.0681 Mpa,0.0390 Mpa,8.21%,3.91%,,1.32%,0%,2.41%,2.61%,2.67%,1.94%,1.04%
2026-07-05 11:00:00,0.0759 Mpa,0.0948 Mpa,,0.0793 Mpa,0.114 Mpa,0.207 Mpa,0.0752 Mpa,0.117 Mpa,0.303 Mpa,0.0871 Mpa,2.21%,3.02%,,2.88%,4.06%,6.35%,2.03%,3.08%,8.86%,2.56%
2026-07-05 13:00:00,0.0678 Mpa,0.0636 Mpa,,0.101 Mpa,0.174 Mpa,0.0991 Mpa,0.0359 Mpa,0.257 Mpa,0.102 Mpa,0.245 Mpa,2.01%,2.08%,,3.27%,6.38%,2.97%,1.15%,7.39%,3.00%,7.12%
2026-07-05 15:00:00,0.200 Mpa,0.126 Mpa,,0.0453 Mpa,0.256 Mpa,0.0814 Mpa,0.0731 Mpa,0.106 Mpa,0.136 Mpa,0.0586 Mpa,6.46%,3.93%,,1.53%,9.84%,2.67%,2.01%,2.56%,4.06%,1.67%
2026-07-05 17:00:00,0.129 Mpa,0.154 Mpa,,0.0932 Mpa,0.132 Mpa,0.0648 Mpa,0.0762 Mpa,0.173 Mpa,0.0879 Mpa,0.0642 Mpa,4.03%,4.64%,,3.63%,4.78%,1.86%,2.15%,4.46%,2.70%,1.82%
2026-07-05 19:00:00,0.301 Mpa,0.167 Mpa,0 Mpa,0.0793 Mpa,0.186 Mpa,0.0976 Mpa,0.100 Mpa,0.143 Mpa,0.105 Mpa,0.197 Mpa,8.83%,5.46%,0%,2.61%,6.61%,3.11%,2.99%,3.57%,3.18%,5.79%
2026-07-05 21:00:00,0.000933 Mpa,0.0635 Mpa,0.711 Mpa,0.0855 Mpa,0.168 Mpa,0.217 Mpa,0.124 Mpa,0.136 Mpa,0.250 Mpa,0.0457 Mpa,0%,1.94%,18.8%,2.52%,5.89%,6.36%,3.75%,3.37%,7.43%,1.29%
2026-07-05 23:00:00,0.133 Mpa,0.0556 Mpa,0 Mpa,0.0995 Mpa,0.0512 Mpa,0.0686 Mpa,0.114 Mpa,0.0897 Mpa,0.0985 Mpa,0.105 Mpa,3.51%,1.73%,4.43%,3.18%,1.79%,1.89%,3.24%,2.13%,2.91%,2.99%
2026-07-06 01:00:00,0.137 Mpa,0.0802 Mpa,0.0431 Mpa,0.0909 Mpa,0.0752 Mpa,0.00144 Mpa,0.102 Mpa,0.0898 Mpa,0.196 Mpa,0.140 Mpa,3.88%,2.53%,1.73%,3.07%,2.63%,0.273%,3.04%,2.08%,6.13%,4.11%
2026-07-06 03:00:00,0.126 Mpa,0.0568 Mpa,0.0745 Mpa,0.0610 Mpa,0.189 Mpa,0.0216 Mpa,0.120 Mpa,0.115 Mpa,,0.0849 Mpa,4.20%,1.67%,2.23%,1.82%,6.63%,0.0895%,3.68%,2.95%,,2.47%
2026-07-06 05:00:00,0.134 Mpa,0.0934 Mpa,0.223 Mpa,0.126 Mpa,0.121 Mpa,0.0728 Mpa,0.104 Mpa,0.0841 Mpa,,0.111 Mpa,4.20%,2.87%,6.89%,3.61%,4.76%,2.18%,2.95%,2.09%,,3.12%
2026-07-06 07:00:00,0.139 Mpa,0.128 Mpa,0.128 Mpa,0.0809 Mpa,0.132 Mpa,0.0896 Mpa,0.124 Mpa,0.0852 Mpa,,0.104 Mpa,3.86%,4.06%,4.11%,2.35%,4.90%,2.66%,3.74%,2.01%,,3.06%
2026-07-06 09:00:00,0.217 Mpa,0.147 Mpa,0.101 Mpa,0.0822 Mpa,0.0985 Mpa,0.0727 Mpa,0.0784 Mpa,0.0720 Mpa,0.138 Mpa,0.0413 Mpa,6.18%,4.89%,3.20%,2.52%,3.72%,2.24%,2.43%,1.67%,3.63%,1.19%
2026-07-06 11:00:00,0.234 Mpa,0.277 Mpa,0.129 Mpa,0.0617 Mpa,0.0867 Mpa,0.0730 Mpa,0.0823 Mpa,0.264 Mpa,,0.126 Mpa,6.58%,9.30%,4.20%,2.14%,3.24%,2.21%,2.44%,7.35%,,3.71%
2026-07-06 13:00:00,0.109 Mpa,0.327 Mpa,0.120 Mpa,0.0578 Mpa,0.460 Mpa,0.166 Mpa,0.108 Mpa,0.177 Mpa,,0.0960 Mpa,3.31%,9.96%,3.42%,2.19%,15.7%,4.43%,3.08%,4.69%,,2.78%
2026-07-06 15:00:00,0.136 Mpa,0.103 Mpa,0.0986 Mpa,0.0543 Mpa,0.100 Mpa,0.176 Mpa,0.0568 Mpa,0.0664 Mpa,,0.0859 Mpa,4.18%,3.35%,2.95%,1.93%,3.73%,4.82%,1.63%,1.20%,,2.48%
2026-07-06 17:00:00,0.0824 Mpa,0.123 Mpa,0.105 Mpa,0.134 Mpa,0.128 Mpa,0.0969 Mpa,0.0960 Mpa,0.105 Mpa,,0.141 Mpa,2.38%,4.02%,3.14%,4.03%,4.80%,1.86%,2.70%,2.39%,,4.02%
2026-07-06 19:00:00,0.0904 Mpa,0.0585 Mpa,0.164 Mpa,0.0697 Mpa,0.113 Mpa,0.271 Mpa,0.0834 Mpa,0.0876 Mpa,,0.143 Mpa,2.50%,1.81%,5.27%,2.33%,4.28%,7.76%,2.47%,1.96%,,4.35%
2026-07-06 21:00:00,0.103 Mpa,0.0940 Mpa,0.104 Mpa,0.0632 Mpa,0.294 Mpa,0.158 Mpa,0.181 Mpa,0.0530 Mpa,,0.104 Mpa,3.08%,3.06%,3.32%,1.88%,11.0%,4.68%,5.02%,0.993%,,3.15%
2026-07-06 23:00:00,0.129 Mpa,0.0428 Mpa,0.128 Mpa,0.0299 Mpa,0.0596 Mpa,0.125 Mpa,0.103 Mpa,0.107 Mpa,0.0768 Mpa,0.124 Mpa,3.59%,1.39%,3.93%,1.27%,2.22%,4.13%,3.05%,2.36%,1.62%,3.79%
2026-07-07 01:00:00,0.000818 Mpa,0.144 Mpa,0.474 Mpa,0 Mpa,0.0792 Mpa,0.0253 Mpa,0.0951 Mpa,0.104 Mpa,0.192 Mpa,0.115 Mpa,0%,4.48%,12.5%,0%,2.89%,0.424%,2.86%,2.58%,5.08%,3.39%
2026-07-07 03:00:00,,0.0319 Mpa,0.156 Mpa,0.0559 Mpa,0.0466 Mpa,0.0785 Mpa,0.124 Mpa,0.0954 Mpa,0.0302 Mpa,0.205 Mpa,,1.06%,4.45%,3.20%,1.84%,2.16%,3.69%,2.26%,0.799%,6.29%
2026-07-07 05:00:00,0.102 Mpa,0.0432 Mpa,0.0706 Mpa,0.0997 Mpa,0.0686 Mpa,0.101 Mpa,0.112 Mpa,0.157 Mpa,0.162 Mpa,0.0600 Mpa,2.90%,1.29%,2.37%,3.10%,2.60%,2.97%,3.12%,4.01%,4.43%,1.90%
2026-07-07 07:00:00,0.169 Mpa,0.152 Mpa,0.0754 Mpa,0.176 Mpa,0.104 Mpa,0.113 Mpa,0.0664 Mpa,0.0710 Mpa,0.125 Mpa,0.0903 Mpa,5.60%,4.64%,2.37%,4.87%,4.06%,3.38%,1.86%,1.45%,3.58%,2.66%
2026-07-07 09:00:00,0.102 Mpa,0.0363 Mpa,0.0363 Mpa,0.0356 Mpa,0.0750 Mpa,,0.0746 Mpa,0.129 Mpa,0.0586 Mpa,0.0863 Mpa,3.47%,1.07%,1.08%,0.855%,2.89%,,2.10%,3.13%,1.63%,2.49%
2026-07-07 11:00:00,0.113 Mpa,0.0281 Mpa,0.0630 Mpa,0.0794 Mpa,0.199 Mpa,0.0946 Mpa,0.321 Mpa,0.211 Mpa,0.0337 Mpa,0.0993 Mpa,3.81%,1.00%,2.04%,2.26%,7.30%,2.85%,8.99%,5.60%,0.954%,2.89%
2026-07-07 13:00:00,0.149 Mpa,0.163 Mpa,0.0766 Mpa,0.0677 Mpa,0.761 Mpa,0.252 Mpa,0.155 Mpa,0.143 Mpa,0.0787 Mpa,0.0127 Mpa,4.29%,4.96%,2.56%,1.85%,27.5%,7.44%,4.13%,3.54%,2.48%,0.373%
2026-07-07 15:00:00,,,,,,,,,0 Mpa,,,,,,,,,,0%,
2026-07-07 17:00:00,0.218 Mpa,0.196 Mpa,0.0628 Mpa,0.121 Mpa,,0.101 Mpa,0.144 Mpa,0.195 Mpa,0.0389 Mpa,0.0934 Mpa,6.28%,6.06%,1.89%,3.53%,,2.76%,3.54%,5.34%,0.948%,2.69%
2026-07-07 19:00:00,0.0866 Mpa,0.0842 Mpa,0.00971 Mpa,0.0580 Mpa,0.130 Mpa,0.204 Mpa,0.0527 Mpa,0.140 Mpa,0.0847 Mpa,0.0869 Mpa,2.47%,2.77%,0.365%,1.63%,5.01%,5.61%,1.45%,3.53%,2.54%,2.43%
2026-07-07 21:00:00,0.0781 Mpa,0.106 Mpa,0.00655 Mpa,0.0451 Mpa,0.309 Mpa,0.218 Mpa,0.0643 Mpa,0.115 Mpa,0.277 Mpa,0.102 Mpa,2.44%,3.54%,0.348%,1.30%,11.7%,5.83%,1.85%,2.90%,8.58%,3.04%
2026-07-07 23:00:00,0.243 Mpa,0.102 Mpa,0.00392 Mpa,0.169 Mpa,0.135 Mpa,0.232 Mpa,0.198 Mpa,0.110 Mpa,0.261 Mpa,0.0924 Mpa,6.87%,3.34%,0.167%,4.55%,5.27%,6.74%,5.41%,2.66%,8.04%,2.80%
2026-07-08 01:00:00,0.120 Mpa,0.144 Mpa,0 Mpa,0.0334 Mpa,0.0848 Mpa,0.135 Mpa,0.147 Mpa,0.0995 Mpa,0.103 Mpa,0.244 Mpa,3.85%,4.70%,0.00490%,0.945%,3.19%,3.95%,3.91%,2.73%,3.03%,7.35%
2026-07-08 03:00:00,0.117 Mpa,0.138 Mpa,0.00610 Mpa,0.0313 Mpa,0.0982 Mpa,0.380 Mpa,0.0996 Mpa,0.137 Mpa,0.167 Mpa,0.0655 Mpa,4.21%,4.69%,0.186%,0.967%,3.33%,11.2%,2.73%,3.88%,5.23%,1.80%
2026-07-08 05:00:00,0.142 Mpa,0.102 Mpa,0.0337 Mpa,0.0450 Mpa,0.0488 Mpa,0.249 Mpa,0.0597 Mpa,0.147 Mpa,0.0768 Mpa,0.0747 Mpa,4.49%,3.33%,1.12%,1.55%,1.99%,7.32%,1.65%,3.92%,2.34%,2.27%
2026-07-08 07:00:00,0.135 Mpa,0 Mpa,0.00622 Mpa,0.0756 Mpa,0.0582 Mpa,0.120 Mpa,0.0818 Mpa,0.145 Mpa,0.0615 Mpa,0.113 Mpa,4.02%,0.0182%,0.222%,2.47%,2.26%,3.74%,2.24%,3.84%,1.76%,3.17%
2026-07-08 09:00:00,0.138 Mpa,0.0376 Mpa,0.0172 Mpa,0.117 Mpa,0.0737 Mpa,0.128 Mpa,0.387 Mpa,0.171 Mpa,0.171 Mpa,0.0780 Mpa,4.02%,1.11%,0.560%,3.60%,2.82%,3.46%,10.8%,4.86%,5.33%,2.18%
2026-07-08 11:00:00,0.223 Mpa,0.0846 Mpa,0.0355 Mpa,0.719 Mpa,0.129 Mpa,0.0964 Mpa,0.0435 Mpa,0.0704 Mpa,0.0799 Mpa,0.0515 Mpa,6.53%,2.75%,1.14%,21.8%,4.70%,2.50%,1.20%,1.54%,2.39%,1.44%
2026-07-08 13:00:00,0.0596 Mpa,0.0530 Mpa,0.0118 Mpa,0.0761 Mpa,0.0662 Mpa,0.0799 Mpa,0.0744 Mpa,0.204 Mpa,0.107 Mpa,0.223 Mpa,1.80%,1.65%,0.374%,2.43%,2.49%,2.16%,2.15%,5.44%,3.27%,6.26%
2026-07-08 15:00:00,0.00576 Mpa,0.0268 Mpa,0.0692 Mpa,0.118 Mpa,0.132 Mpa,0.116 Mpa,0.143 Mpa,0.113 Mpa,0.0313 Mpa,0.0671 Mpa,0.0816%,0.865%,2.75%,3.99%,5.08%,3.56%,4.06%,2.91%,0.844%,1.80%
2026-07-08 17:00:00,0.139 Mpa,0.0779 Mpa,0.0355 Mpa,0.231 Mpa,0.168 Mpa,0.129 Mpa,0.116 Mpa,0.104 Mpa,0.0845 Mpa,0.0879 Mpa,4.19%,2.60%,1.09%,7.31%,6.45%,3.93%,3.24%,2.60%,2.41%,2.45%
2026-07-08 19:00:00,0.0741 Mpa,0.0599 Mpa,0.0280 Mpa,0.236 Mpa,0.261 Mpa,0 Mpa,0.199 Mpa,0.0618 Mpa,0.0489 Mpa,0.0580 Mpa,2.12%,1.89%,0.841%,7.23%,9.64%,0%,5.49%,1.52%,1.40%,1.60%
2026-07-08 21:00:00,0.0998 Mpa,0.0986 Mpa,0.0542 Mpa,0.0650 Mpa,0.107 Mpa,0.0255 Mpa,0.121 Mpa,0.0766 Mpa,0.184 Mpa,0.0406 Mpa,2.80%,3.17%,1.72%,2.00%,3.39%,0.385%,3.37%,2.23%,5.60%,1.11%
2026-07-08 23:00:00,0.110 Mpa,0.0750 Mpa,0.0978 Mpa,0.000129 Mpa,0.111 Mpa,0.122 Mpa,0.000156 Mpa,0.116 Mpa,0.106 Mpa,0.0639 Mpa,3.24%,2.34%,3.09%,0%,3.67%,3.48%,0%,3.15%,3.26%,1.86%
2026-07-09 01:00:00,0.189 Mpa,0.0754 Mpa,0.195 Mpa,0.102 Mpa,0.159 Mpa,0.165 Mpa,0.247 Mpa,0.0682 Mpa,0.00276 Mpa,0.0998 Mpa,5.37%,2.39%,5.71%,2.89%,5.54%,4.69%,6.66%,1.58%,0.0468%,2.83%
2026-07-09 03:00:00,0.131 Mpa,0.0712 Mpa,0.0469 Mpa,0.0612 Mpa,0.118 Mpa,0.0746 Mpa,0.162 Mpa,0.0755 Mpa,0.0373 Mpa,0.0709 Mpa,3.77%,2.47%,1.54%,2.62%,4.31%,2.46%,4.48%,1.74%,1.09%,1.95%
2026-07-09 05:00:00,0.154 Mpa,0.147 Mpa,0.0540 Mpa,0.148 Mpa,0.0716 Mpa,0.0673 Mpa,0.132 Mpa,0.125 Mpa,0.127 Mpa,0.179 Mpa,4.85%,5.07%,1.58%,4.54%,2.48%,2.10%,3.80%,3.28%,3.89%,5.15%
2026-07-09 07:00:00,0.122 Mpa,0.157 Mpa,0.0940 Mpa,0.205 Mpa,0.187 Mpa,0.0888 Mpa,0.0498 Mpa,0.104 Mpa,0.146 Mpa,0.126 Mpa,4.22%,5.16%,3.03%,5.81%,6.74%,2.70%,1.36%,2.39%,4.50%,3.50%
2026-07-09 09:00:00,0.145 Mpa,0.0757 Mpa,0.115 Mpa,0.0400 Mpa,0.0720 Mpa,0.0729 Mpa,0.0367 Mpa,0.107 Mpa,0.154 Mpa,0.0813 Mpa,4.35%,2.38%,3.73%,1.32%,2.80%,2.29%,1.02%,2.48%,4.85%,2.39%
2026-07-09 11:00:00,0.173 Mpa,0.0578 Mpa,0.173 Mpa,0.266 Mpa,0.168 Mpa,0.0985 Mpa,0.0692 Mpa,0.147 Mpa,0.0799 Mpa,0.00584 Mpa,5.49%,1.95%,5.44%,8.13%,5.99%,3.14%,1.88%,3.74%,2.41%,0.285%
2026-07-09 13:00:00,0.131 Mpa,0.0531 Mpa,0.108 Mpa,0.0957 Mpa,0.132 Mpa,0.0558 Mpa,0.114 Mpa,0.0890 Mpa,0.126 Mpa,0.0368 Mpa,3.82%,1.78%,3.53%,2.74%,4.87%,1.77%,3.17%,2.39%,4.04%,1.13%
2026-07-09 15:00:00,0.300 Mpa,0.112 Mpa,0.0868 Mpa,0.196 Mpa,0.0752 Mpa,0.0943 Mpa,0.303 Mpa,0.321 Mpa,0.0865 Mpa,0.134 Mpa,8.53%,3.67%,2.48%,6.28%,2.91%,2.94%,8.29%,9.68%,2.72%,4.07%
2026-07-09 17:00:00,0.0624 Mpa,0.0744 Mpa,0.0480 Mpa,0.217 Mpa,0.110 Mpa,0.166 Mpa,0.0588 Mpa,0.215 Mpa,0.0921 Mpa,0.0870 Mpa,1.89%,2.42%,1.78%,7.39%,3.91%,5.02%,1.59%,6.02%,2.84%,2.55%
2026-07-09 19:00:00,0.0534 Mpa,0.0436 Mpa,0.205 Mpa,0.148 Mpa,0.154 Mpa,0.102 Mpa,0.438 Mpa,0.142 Mpa,0.132 Mpa,0.0700 Mpa,1.52%,1.31%,6.49%,4.64%,5.29%,2.99%,11.8%,3.88%,3.96%,1.96%
2026-07-09 21:00:00,0.0737 Mpa,0.126 Mpa,0.0526 Mpa,0.0863 Mpa,0.0840 Mpa,0.106 Mpa,0.106 Mpa,0.227 Mpa,0.0839 Mpa,0.0851 Mpa,2.01%,4.04%,1.56%,3.09%,3.31%,3.14%,3.02%,6.22%,2.47%,2.42%
2026-07-09 23:00:00,0.157 Mpa,0.0979 Mpa,0.225 Mpa,0.162 Mpa,0.0905 Mpa,0.203 Mpa,0.200 Mpa,0.117 Mpa,0.162 Mpa,0.0605 Mpa,4.50%,3.40%,6.74%,5.02%,3.37%,6.10%,5.65%,2.97%,4.79%,1.72%
2026-07-10 01:00:00,0.0539 Mpa,0.184 Mpa,0.0325 Mpa,0.0761 Mpa,0.128 Mpa,0.137 Mpa,0.143 Mpa,0.159 Mpa,0.0775 Mpa,0.0913 Mpa,1.64%,5.73%,0.973%,2.19%,4.88%,4.16%,4.06%,4.18%,2.24%,2.52%
2026-07-10 03:00:00,0.0601 Mpa,0.356 Mpa,0.140 Mpa,0.102 Mpa,0.157 Mpa,0.113 Mpa,0.152 Mpa,0.0701 Mpa,0.0542 Mpa,0.0997 Mpa,1.75%,10.5%,4.58%,2.94%,4.83%,3.22%,4.21%,1.56%,1.61%,2.82%
2026-07-10 05:00:00,0.115 Mpa,0.110 Mpa,0.0999 Mpa,0.142 Mpa,0.207 Mpa,0.149 Mpa,0.122 Mpa,0.0835 Mpa,0.101 Mpa,0.0637 Mpa,3.31%,3.52%,3.10%,3.99%,7.04%,4.36%,3.56%,2.10%,2.95%,1.86%
2026-07-10 07:00:00,0.189 Mpa,0.130 Mpa,0.196 Mpa,0.233 Mpa,0.0802 Mpa,0.165 Mpa,0.0859 Mpa,0.0872 Mpa,0.175 Mpa,0.0552 Mpa,5.81%,4.46%,6.48%,7.12%,2.94%,5.08%,2.26%,1.99%,5.43%,1.59%
2026-07-10 09:00:00,0.204 Mpa,0.123 Mpa,0.0710 Mpa,0.0755 Mpa,0.152 Mpa,0.120 Mpa,0.123 Mpa,0.111 Mpa,0.0915 Mpa,0.181 Mpa,6.20%,4.24%,2.33%,2.92%,5.44%,3.57%,3.36%,2.67%,2.78%,5.06%
2026-07-10 11:00:00,0.158 Mpa,0.115 Mpa,0.202 Mpa,0.0764 Mpa,0.0928 Mpa,0.0903 Mpa,0.0686 Mpa,0.0800 Mpa,0.0568 Mpa,0.372 Mpa,4.67%,3.57%,6.71%,2.40%,3.36%,2.67%,1.88%,1.88%,1.59%,10.8%
2026-07-10 13:00:00,0.177 Mpa,0.120 Mpa,0.0537 Mpa,0.359 Mpa,0.914 Mpa,0.235 Mpa,0.210 Mpa,0.114 Mpa,0.114 Mpa,0.0330 Mpa,5.10%,3.68%,1.67%,10.2%,28.1%,7.87%,5.60%,3.60%,3.87%,1.02%
2026-07-10 15:00:00,0.0963 Mpa,0.0600 Mpa,0.105 Mpa,0.0977 Mpa,0.0497 Mpa,0.106 Mpa,0.135 Mpa,0.312 Mpa,0.0693 Mpa,0.0872 Mpa,2.94%,1.91%,3.37%,3.35%,1.52%,4.66%,3.80%,9.24%,2.08%,2.61%
2026-07-10 17:00:00,0.0444 Mpa,0.167 Mpa,0.0482 Mpa,0.132 Mpa,0.152 Mpa,0.203 Mpa,0.151 Mpa,0.137 Mpa,0.0600 Mpa,0.0725 Mpa,1.49%,5.14%,1.71%,4.37%,5.77%,5.99%,4.04%,3.46%,1.70%,2.13%
2026-07-10 19:00:00,0.0529 Mpa,,0.108 Mpa,0.130 Mpa,0.118 Mpa,0.175 Mpa,0.00546 Mpa,0.0767 Mpa,0.0294 Mpa,0.0417 Mpa,1.48%,,3.35%,4.03%,4.86%,4.52%,0.193%,1.78%,0.874%,1.22%
2026-07-10 21:00:00,0.0604 Mpa,0.266 Mpa,0.0734 Mpa,0.0917 Mpa,0.0850 Mpa,0.150 Mpa,0.0458 Mpa,0.569 Mpa,0.0363 Mpa,0.125 Mpa,1.93%,7.93%,2.30%,2.79%,3.32%,4.01%,1.37%,15.5%,0.960%,3.56%
2026-07-10 23:00:00,0.110 Mpa,0.0373 Mpa,0.0368 Mpa,0.107 Mpa,0.0462 Mpa,0.239 Mpa,0.226 Mpa,0.102 Mpa,0.124 Mpa,0.0633 Mpa,3.28%,1.15%,1.27%,3.13%,1.69%,7.32%,6.33%,2.14%,3.68%,1.84%
2026-07-11 01:00:00,0.0563 Mpa,0.0729 Mpa,0.0842 Mpa,0.0543 Mpa,0.132 Mpa,0.277 Mpa,0.0954 Mpa,0.128 Mpa,0.0493 Mpa,0.0669 Mpa,1.55%,2.46%,2.49%,1.60%,4.85%,8.59%,2.74%,2.83%,1.38%,1.87%
2026-07-11 03:00:00,0.0160 Mpa,0.133 Mpa,0.124 Mpa,0.107 Mpa,0.0756 Mpa,0.110 Mpa,0.0832 Mpa,0.0729 Mpa,0.0210 Mpa,0.0620 Mpa,0.396%,4.23%,3.76%,3.76%,2.46%,3.24%,2.27%,1.36%,0.506%,1.83%
2026-07-11 05:00:00,0.174 Mpa,0.114 Mpa,0.113 Mpa,0.159 Mpa,0.0707 Mpa,0.270 Mpa,0.0979 Mpa,0.147 Mpa,0.0876 Mpa,0.126 Mpa,4.97%,3.70%,3.46%,5.06%,2.49%,8.08%,2.80%,3.66%,2.44%,3.66%
2026-07-11 07:00:00,0.127 Mpa,0.0695 Mpa,0.115 Mpa,0.283 Mpa,0.0655 Mpa,0.0915 Mpa,0.0409 Mpa,0.238 Mpa,0.113 Mpa,0.143 Mpa,3.84%,2.34%,3.61%,8.96%,2.42%,2.83%,1.22%,5.97%,3.37%,4.10%
2026-07-11 09:00:00,0.144 Mpa,0.0847 Mpa,0.103 Mpa,0.310 Mpa,0.0432 Mpa,0.176 Mpa,0.0703 Mpa,0.121 Mpa,0.0555 Mpa,0.0986 Mpa,4.42%,2.66%,3.21%,9.86%,1.61%,5.45%,1.94%,3.13%,1.53%,2.85%
2026-07-11 11:00:00,0.119 Mpa,0.0662 Mpa,0.437 Mpa,0.129 Mpa,0.0884 Mpa,0.0852 Mpa,0.157 Mpa,0.0997 Mpa,0.138 Mpa,0.0702 Mpa,3.53%,2.10%,13.1%,4.16%,3.13%,2.58%,4.38%,2.43%,4.18%,2.19%
2026-07-11 13:00:00,0.188 Mpa,0.0678 Mpa,0 Mpa,0.0939 Mpa,0.244 Mpa,0.0465 Mpa,0.113 Mpa,0.219 Mpa,0.0983 Mpa,0.145 Mpa,5.64%,2.24%,0%,2.95%,9.15%,1.36%,3.29%,5.55%,3.02%,4.34%
2026-07-11 15:00:00,0.155 Mpa,0.0246 Mpa,0 Mpa,0.397 Mpa,0.104 Mpa,0.0860 Mpa,0.0295 Mpa,0.113 Mpa,0.0752 Mpa,0.144 Mpa,4.91%,0.804%,0%,11.8%,4.01%,2.68%,0.805%,2.71%,2.35%,4.25%
2026-07-11 17:00:00,,0.120 Mpa,0.0790 Mpa,0.147 Mpa,0.102 Mpa,0.149 Mpa,0.0807 Mpa,0.0577 Mpa,0.172 Mpa,0.160 Mpa,,3.57%,2.36%,4.24%,3.87%,5.03%,2.31%,0.979%,5.33%,4.62%
2026-07-11 19:00:00,,0.129 Mpa,0.293 Mpa,0.0645 Mpa,0.0643 Mpa,0.0696 Mpa,0.127 Mpa,0.206 Mpa,,0.140 Mpa,,4.71%,9.03%,1.85%,2.40%,2.23%,3.58%,5.42%,,4.07%
2026-07-11 21:00:00,0.0981 Mpa,0.110 Mpa,0.00501 Mpa,0.0793 Mpa,0.0641 Mpa,0.149 Mpa,0.0773 Mpa,0.156 Mpa,0.307 Mpa,0.125 Mpa,2.82%,4.24%,0.146%,2.26%,2.56%,4.75%,2.25%,3.87%,9.04%,3.68%
2026-07-11 23:00:00,0.0215 Mpa,0.213 Mpa,0.0663 Mpa,0.206 Mpa,0.103 Mpa,0.100 Mpa,0.173 Mpa,0.166 Mpa,0.124 Mpa,0.167 Mpa,0%,6.92%,2.08%,5.98%,3.94%,3.23%,4.93%,4.56%,3.69%,4.61%
2026-07-12 01:00:00,,0.173 Mpa,0.101 Mpa,0.00709 Mpa,0.0873 Mpa,0.0991 Mpa,0.0833 Mpa,0.132 Mpa,0.0742 Mpa,0 Mpa,,5.10%,3.12%,0.234%,3.19%,3.21%,2.27%,3.35%,2.15%,0%
2026-07-12 03:00:00,,0.319 Mpa,0.0455 Mpa,0.0814 Mpa,0.140 Mpa,0.0884 Mpa,0.240 Mpa,0.137 Mpa,0.0835 Mpa,0.0450 Mpa,,10.3%,1.29%,2.22%,4.85%,2.63%,6.71%,3.89%,2.43%,1.25%
2026-07-12 05:00:00,,0.229 Mpa,0.358 Mpa,0.0597 Mpa,0.0970 Mpa,0.730 Mpa,0.106 Mpa,0.107 Mpa,0.0982 Mpa,0.122 Mpa,,6.73%,10.1%,2.29%,3.63%,20.9%,2.99%,2.76%,2.88%,3.38%
2026-07-12 07:00:00,,0.0654 Mpa,0 Mpa,0.0901 Mpa,0.195 Mpa,0.0950 Mpa,0.110 Mpa,0.0515 Mpa,0.0502 Mpa,0.117 Mpa,,2.06%,0%,2.69%,7.35%,2.73%,3.26%,0.880%,1.38%,3.30%
2026-07-12 09:00:00,,0.0815 Mpa,0 Mpa,0.109 Mpa,0.308 Mpa,0.0679 Mpa,0.0535 Mpa,0.141 Mpa,0.0899 Mpa,0.135 Mpa,,2.46%,0.0159%,3.45%,11.5%,2.18%,1.68%,3.55%,2.67%,4.12%
2026-07-12 11:00:00,,0.105 Mpa,0.00326 Mpa,0.108 Mpa,0.158 Mpa,0.0429 Mpa,0.0541 Mpa,0.0633 Mpa,0.118 Mpa,0.160 Mpa,,3.36%,0%,3.13%,6.10%,1.06%,1.54%,1.10%,3.56%,4.42%
2026-07-12 13:00:00,,0.0367 Mpa,0.224 Mpa,0.0614 Mpa,0.122 Mpa,0.233 Mpa,0.0694 Mpa,0.0969 Mpa,0.0749 Mpa,0.124 Mpa,,1.02%,6.09%,1.73%,4.58%,6.54%,1.96%,2.31%,2.19%,3.57%
2026-07-12 15:00:00,,0.168 Mpa,0.0704 Mpa,0.0438 Mpa,0.353 Mpa,0.258 Mpa,0.0647 Mpa,0.0529 Mpa,0.0777 Mpa,0.114 Mpa,,5.21%,2.38%,1.19%,12.4%,7.72%,1.79%,0.866%,2.34%,3.44%
2026-07-12 17:00:00,,0.178 Mpa,0.140 Mpa,0.0774 Mpa,0.242 Mpa,0.0982 Mpa,0.0928 Mpa,0.125 Mpa,0.0648 Mpa,0.191 Mpa,,5.78%,4.23%,2.39%,8.49%,3.11%,2.70%,3.38%,1.88%,5.36%
2026-07-12 19:00:00,,0.346 Mpa,0.0924 Mpa,0.0823 Mpa,0.0882 Mpa,0.112 Mpa,0.0566 Mpa,0.0901 Mpa,0.0988 Mpa,0.0945 Mpa,,11.1%,2.89%,2.60%,3.03%,3.58%,1.72%,2.05%,2.88%,2.91%
2026-07-12 21:00:00,,0.0306 Mpa,0.106 Mpa,0.105 Mpa,0.0712 Mpa,0.142 Mpa,0.184 Mpa,0.0930 Mpa,0.0861 Mpa,0.0846 Mpa,,1.12%,3.12%,3.67%,2.48%,3.81%,5.16%,2.17%,2.66%,2.48%
2026-07-12 23:00:00,,0.160 Mpa,0.220 Mpa,0.155 Mpa,0.0820 Mpa,0.203 Mpa,0.248 Mpa,0.0777 Mpa,0.0901 Mpa,0.0718 Mpa,,5.43%,6.93%,4.40%,2.89%,5.53%,7.04%,1.84%,2.76%,2.24%
2026-07-13 01:00:00,,0.100 Mpa,0.127 Mpa,0.0954 Mpa,0.106 Mpa,0.150 Mpa,0.0699 Mpa,0.109 Mpa,0.0770 Mpa,0.107 Mpa,,3.25%,4.02%,2.86%,3.90%,4.38%,1.80%,2.59%,2.41%,2.95%
2026-07-13 03:00:00,0.000289 Mpa,0.0958 Mpa,0.0600 Mpa,0.0675 Mpa,0.0902 Mpa,0.141 Mpa,0.0795 Mpa,0.0751 Mpa,0.114 Mpa,0.0570 Mpa,0%,3.46%,1.85%,2.24%,3.21%,4.36%,2.18%,1.76%,3.43%,1.55%
2026-07-13 05:00:00,0 Mpa,0.164 Mpa,0.120 Mpa,0.0797 Mpa,0.102 Mpa,0.109 Mpa,0.120 Mpa,0.119 Mpa,0.205 Mpa,0.0933 Mpa,0%,5.28%,3.67%,2.87%,3.59%,3.45%,3.34%,2.97%,6.32%,2.73%
2026-07-13 07:00:00,0 Mpa,0.170 Mpa,0.129 Mpa,0.111 Mpa,0.163 Mpa,0.0533 Mpa,0.0651 Mpa,0.113 Mpa,0.138 Mpa,0.137 Mpa,0.0177%,5.38%,4.02%,3.44%,5.77%,1.56%,2.08%,2.71%,4.03%,4.00%
2026-07-13 09:00:00,0.0311 Mpa,0.118 Mpa,0.254 Mpa,0.323 Mpa,0.116 Mpa,0.0471 Mpa,0.0785 Mpa,0.124 Mpa,0.126 Mpa,0.159 Mpa,0.531%,3.70%,8.36%,9.38%,4.20%,1.36%,2.25%,3.22%,3.80%,4.69%
2026-07-13 11:00:00,0.0602 Mpa,0.299 Mpa,0.0898 Mpa,0.0680 Mpa,0.112 Mpa,0.0894 Mpa,0.0599 Mpa,0.136 Mpa,0.112 Mpa,0.300 Mpa,1.90%,9.59%,2.90%,1.89%,4.19%,2.54%,1.66%,3.44%,3.50%,8.73%
2026-07-13 13:00:00,0.0601 Mpa,0.0672 Mpa,0.145 Mpa,0.0856 Mpa,0.106 Mpa,0.0624 Mpa,0.107 Mpa,0.172 Mpa,0.0950 Mpa,0.163 Mpa,1.93%,2.16%,4.66%,2.41%,3.97%,1.35%,3.25%,4.38%,2.94%,4.62%
2026-07-13 15:00:00,0.0942 Mpa,0.216 Mpa,0.121 Mpa,0.120 Mpa,0.114 Mpa,0.176 Mpa,0.100 Mpa,0.234 Mpa,0.0706 Mpa,0.146 Mpa,3.58%,6.76%,3.63%,3.48%,4.05%,5.17%,2.83%,6.07%,2.24%,4.25%
2026-07-13 17:00:00,0.0787 Mpa,0.132 Mpa,0.0387 Mpa,0.0734 Mpa,0.0444 Mpa,0.136 Mpa,0.0974 Mpa,0.197 Mpa,0.148 Mpa,0.183 Mpa,2.85%,4.34%,1.12%,2.30%,1.56%,4.14%,2.70%,5.31%,4.55%,5.39%
2026-07-13 19:00:00,0.0360 Mpa,0.0866 Mpa,0.108 Mpa,0.184 Mpa,0.128 Mpa,0.166 Mpa,0.0848 Mpa,0.129 Mpa,0.119 Mpa,0.120 Mpa,1.19%,3.26%,3.37%,5.76%,4.83%,5.01%,2.31%,3.38%,3.70%,3.52%
2026-07-13 21:00:00,0.0491 Mpa,0.258 Mpa,0.0791 Mpa,0.00748 Mpa,0.0321 Mpa,0.181 Mpa,0.100 Mpa,0.0599 Mpa,0.178 Mpa,0.113 Mpa,1.86%,8.80%,2.45%,0.261%,1.11%,5.36%,2.71%,0.950%,5.52%,3.27%
2026-07-13 23:00:00,0.310 Mpa,0.0764 Mpa,0.384 Mpa,0.116 Mpa,0.128 Mpa,0.109 Mpa,0.105 Mpa,0.0472 Mpa,0.137 Mpa,0.153 Mpa,9.26%,2.97%,11.9%,3.35%,4.58%,3.24%,3.07%,0.731%,4.24%,4.29%
2026-07-14 01:00:00,0.0384 Mpa,0.196 Mpa,0.0770 Mpa,0.130 Mpa,0.0713 Mpa,0.0572 Mpa,0.148 Mpa,0.0563 Mpa,0.227 Mpa,0.0948 Mpa,1.08%,6.00%,2.38%,4.53%,2.77%,1.73%,4.31%,1.01%,6.89%,2.92%
2026-07-14 03:00:00,0.0594 Mpa,0.0768 Mpa,0.0583 Mpa,0.0763 Mpa,0.0559 Mpa,0.138 Mpa,0.0556 Mpa,0.202 Mpa,0.221 Mpa,0.0589 Mpa,2.11%,2.33%,1.72%,2.36%,1.77%,4.15%,1.55%,5.92%,7.01%,1.93%
2026-07-14 05:00:00,0.0848 Mpa,0.0837 Mpa,0.148 Mpa,0.0456 Mpa,0.0871 Mpa,0.0970 Mpa,0.102 Mpa,0.143 Mpa,0.166 Mpa,0.0689 Mpa,3.09%,2.73%,4.66%,1.68%,3.22%,3.00%,2.78%,3.87%,5.11%,2.29%
2026-07-14 07:00:00,0.0695 Mpa,0.0819 Mpa,0.0869 Mpa,0.116 Mpa,0.137 Mpa,0.462 Mpa,0.146 Mpa,0.151 Mpa,0.0325 Mpa,0.0238 Mpa,2.04%,2.73%,2.78%,3.41%,5.42%,13.7%,4.27%,4.01%,0.824%,0.628%
2026-07-14 09:00:00,0.240 Mpa,0.163 Mpa,0.0797 Mpa,0.00603 Mpa,0.0816 Mpa,0.243 Mpa,0.0934 Mpa,0.0822 Mpa,0.100 Mpa,0.137 Mpa,7.06%,5.29%,2.58%,0.121%,3.04%,7.48%,2.64%,1.87%,3.15%,3.75%
2026-07-14 11:00:00,0.328 Mpa,0.0721 Mpa,0.0759 Mpa,0.0769 Mpa,0.0794 Mpa,0.187 Mpa,0.0549 Mpa,0.0891 Mpa,0.341 Mpa,0.0961 Mpa,9.83%,2.35%,2.32%,2.59%,2.91%,5.67%,1.66%,2.11%,10.8%,2.74%
2026-07-14 13:00:00,0.296 Mpa,0.0958 Mpa,0.0707 Mpa,0.0869 Mpa,0.183 Mpa,,0.137 Mpa,0.119 Mpa,0.123 Mpa,0.0399 Mpa,8.86%,3.48%,2.34%,3.28%,6.35%,,3.93%,2.93%,3.79%,1.12%
2026-07-14 15:00:00,0.0729 Mpa,0.0376 Mpa,0.0210 Mpa,0.122 Mpa,0.219 Mpa,0.378 Mpa,0 Mpa,0.130 Mpa,0.136 Mpa,0.0553 Mpa,2.12%,1.22%,0.622%,4.01%,7.55%,11.2%,0%,3.27%,4.17%,1.56%
2026-07-14 17:00:00,0.132 Mpa,0.239 Mpa,0.289 Mpa,0.111 Mpa,0.166 Mpa,0.123 Mpa,0.168 Mpa,0.155 Mpa,0.0663 Mpa,0.0723 Mpa,3.80%,7.85%,8.82%,3.86%,6.03%,3.84%,4.63%,4.19%,1.84%,2.11%
2026-07-14 19:00:00,0.0425 Mpa,0.0787 Mpa,0.127 Mpa,0.0685 Mpa,0.132 Mpa,0.226 Mpa,0.0414 Mpa,0.0706 Mpa,0.179 Mpa,0.0792 Mpa,1.40%,2.48%,3.88%,2.46%,4.77%,6.90%,1.29%,1.25%,5.49%,2.36%
2026-07-14 21:00:00,0.00998 Mpa,0.0450 Mpa,0.130 Mpa,0.0134 Mpa,0.0577 Mpa,0.145 Mpa,0.0950 Mpa,0.101 Mpa,0.135 Mpa,0.0972 Mpa,0.177%,1.44%,3.80%,0.749%,1.95%,4.28%,2.67%,2.32%,4.04%,2.73%
2026-07-14 23:00:00,0.0991 Mpa,0.128 Mpa,0.0997 Mpa,0.155 Mpa,0.197 Mpa,0.0628 Mpa,0.0173 Mpa,0.0909 Mpa,0.0861 Mpa,0.0585 Mpa,3.52%,4.10%,3.10%,4.47%,6.33%,1.83%,0.500%,2.04%,2.57%,1.61%
2026-07-15 01:00:00,0.111 Mpa,0.143 Mpa,0.120 Mpa,0.0524 Mpa,0.173 Mpa,0.225 Mpa,0.0615 Mpa,0.122 Mpa,0.0904 Mpa,0.0952 Mpa,4.42%,4.35%,4.02%,1.44%,6.59%,6.68%,1.72%,2.99%,2.77%,2.76%
2026-07-15 03:00:00,0.0147 Mpa,0.0859 Mpa,0.0806 Mpa,0.0675 Mpa,0.246 Mpa,0.0478 Mpa,0.128 Mpa,0.0895 Mpa,0.158 Mpa,0.250 Mpa,0.338%,2.87%,2.45%,2.39%,9.19%,1.46%,3.33%,2.07%,4.72%,7.50%
2026-07-15 05:00:00,0.0994 Mpa,0.107 Mpa,0.0458 Mpa,0.122 Mpa,0.326 Mpa,0.0970 Mpa,0.0754 Mpa,0.140 Mpa,0.0953 Mpa,0.151 Mpa,2.93%,3.55%,1.41%,3.97%,11.6%,2.94%,1.99%,3.59%,2.69%,4.40%
2026-07-15 07:00:00,0.0862 Mpa,0.0550 Mpa,0.0807 Mpa,0.0972 Mpa,0.408 Mpa,0.136 Mpa,0.0714 Mpa,0.115 Mpa,0.125 Mpa,0.114 Mpa,2.82%,1.74%,2.39%,2.76%,15.0%,4.05%,2.04%,2.88%,3.75%,3.16%
2026-07-15 09:00:00,0.0692 Mpa,0.0601 Mpa,0.0934 Mpa,0.165 Mpa,0.362 Mpa,0.286 Mpa,0.0838 Mpa,0.106 Mpa,0.0420 Mpa,0.0777 Mpa,2.45%,1.90%,2.97%,5.30%,13.2%,8.06%,2.47%,2.55%,1.18%,2.06%
2026-07-15 11:00:00,0.157 Mpa,0.0761 Mpa,0.183 Mpa,0.0790 Mpa,0.313 Mpa,,0.0676 Mpa,0.123 Mpa,0.0421 Mpa,0.233 Mpa,5.69%,2.68%,5.70%,2.60%,11.4%,,1.98%,3.13%,1.33%,6.37%
2026-07-15 13:00:00,0.0582 Mpa,0.370 Mpa,0.132 Mpa,0.0624 Mpa,0.351 Mpa,0.114 Mpa,0.118 Mpa,0.176 Mpa,0.0375 Mpa,0.107 Mpa,1.72%,11.6%,4.24%,2.24%,12.8%,2.91%,3.36%,5.18%,1%,3.08%
2026-07-15 15:00:00,0.0801 Mpa,0.0949 Mpa,0.117 Mpa,0.158 Mpa,0.405 Mpa,0.368 Mpa,0.100 Mpa,0.129 Mpa,0.0163 Mpa,0.0985 Mpa,2.46%,3.17%,3.81%,4.83%,14.8%,10.8%,2.85%,3.39%,0.352%,2.79%
2026-07-15 17:00:00,0.0695 Mpa,0.0615 Mpa,0.0687 Mpa,0.0126 Mpa,0.0983 Mpa,0.102 Mpa,0.0515 Mpa,0.0917 Mpa,0.0893 Mpa,0.137 Mpa,2.14%,2.05%,2.12%,0.362%,3.58%,2.73%,1.36%,2.20%,2.59%,3.97%
2026-07-15 19:00:00,0.0824 Mpa,0.141 Mpa,0.0514 Mpa,0.0770 Mpa,0.117 Mpa,0.205 Mpa,0.0598 Mpa,0.0832 Mpa,0.0592 Mpa,0.0905 Mpa,2.96%,4.39%,1.76%,2.31%,4.23%,6.53%,1.69%,1.91%,1.68%,2.63%
2026-07-15 21:00:00,0.0757 Mpa,0.0521 Mpa,0.268 Mpa,0.0437 Mpa,0.102 Mpa,0.176 Mpa,0.0866 Mpa,0.0675 Mpa,0.107 Mpa,0.172 Mpa,2.32%,1.65%,8.00%,1.79%,3.73%,5.41%,2.36%,1.47%,3.36%,4.87%
2026-07-15 23:00:00,0.150 Mpa,0.119 Mpa,0.0631 Mpa,0.118 Mpa,0.106 Mpa,0.302 Mpa,0.149 Mpa,0.0692 Mpa,0.0730 Mpa,0.126 Mpa,4.49%,3.62%,1.90%,3.76%,3.53%,9.18%,4.16%,1.45%,2.22%,3.65%
2026-07-16 01:00:00,0.0250 Mpa,0.0799 Mpa,0.343 Mpa,0.159 Mpa,0.118 Mpa,0.0569 Mpa,0.0639 Mpa,0.0967 Mpa,0.121 Mpa,0.0656 Mpa,0.562%,2.44%,10.3%,5.04%,3.65%,1.73%,1.84%,2.30%,3.64%,1.85%
2026-07-16 03:00:00,0.0947 Mpa,0.0318 Mpa,0.305 Mpa,0.112 Mpa,0.101 Mpa,0.261 Mpa,0.113 Mpa,0.0806 Mpa,0.0643 Mpa,0.0769 Mpa,2.72%,0.865%,9.20%,3.31%,3.50%,7.87%,3.03%,2.11%,1.84%,2.05%
2026-07-16 05:00:00,0.0751 Mpa,0.170 Mpa,0.408 Mpa,0.0363 Mpa,0.157 Mpa,0.251 Mpa,0.125 Mpa,0.0870 Mpa,0.0928 Mpa,0.0859 Mpa,2.24%,5.57%,12.6%,1.01%,5.70%,7.50%,3.33%,2.05%,2.96%,2.32%
2026-07-16 07:00:00,0.0825 Mpa,0.0386 Mpa,0.0478 Mpa,0.119 Mpa,0.243 Mpa,0.193 Mpa,0.117 Mpa,0.116 Mpa,0.196 Mpa,0.0823 Mpa,2.23%,1.19%,1.75%,3.26%,8.33%,5.49%,3.11%,3.07%,6.14%,2.30%
2026-07-16 09:00:00,0.0858 Mpa,0.146 Mpa,0.0533 Mpa,0.0860 Mpa,0.0719 Mpa,0.281 Mpa,0.0450 Mpa,0.311 Mpa,0.144 Mpa,0.115 Mpa,2.38%,4.38%,1.67%,2.44%,2.83%,8.58%,1.19%,8.72%,4.55%,3.30%
2026-07-16 11:00:00,0.138 Mpa,0.101 Mpa,0.0522 Mpa,0.0675 Mpa,0.121 Mpa,0.128 Mpa,0.0950 Mpa,0.0939 Mpa,0.230 Mpa,0.121 Mpa,3.90%,3.02%,1.60%,1.87%,4.63%,3.61%,2.46%,2.27%,7.26%,3.39%
2026-07-16 13:00:00,0.198 Mpa,0.125 Mpa,0.108 Mpa,0.152 Mpa,0.0754 Mpa,0.104 Mpa,0.101 Mpa,0.212 Mpa,0.309 Mpa,0.246 Mpa,6.34%,3.77%,3.51%,4.38%,2.78%,2.62%,2.84%,5.86%,9.53%,7.05%
2026-07-16 15:00:00,0.143 Mpa,0.0774 Mpa,0.105 Mpa,0.0846 Mpa,0.247 Mpa,0.156 Mpa,0.108 Mpa,0.0830 Mpa,0.306 Mpa,0.166 Mpa,4.72%,2.44%,3.22%,2.43%,8.34%,5.05%,3.10%,1.94%,9.45%,4.89%
2026-07-16 17:00:00,0.151 Mpa,0.0898 Mpa,0.175 Mpa,0.0734 Mpa,0.189 Mpa,0.0862 Mpa,0.120 Mpa,0.140 Mpa,0.108 Mpa,0.107 Mpa,4.46%,3.04%,5.70%,2.17%,7.28%,2.68%,3.40%,3.45%,3.39%,2.89%
2026-07-16 19:00:00,0.116 Mpa,0.149 Mpa,0.121 Mpa,0.0596 Mpa,0.348 Mpa,0.0554 Mpa,0.0521 Mpa,0.151 Mpa,0.128 Mpa,0.0768 Mpa,3.44%,5.26%,3.99%,2.07%,12.5%,1.33%,1.43%,4.36%,4.10%,2.06%
2026-07-16 21:00:00,0.0990 Mpa,0.115 Mpa,0.154 Mpa,0.0744 Mpa,0.451 Mpa,0.241 Mpa,0.0638 Mpa,0.172 Mpa,0.161 Mpa,0.0574 Mpa,2.99%,3.93%,4.86%,2.21%,16.0%,7.16%,1.93%,5.01%,5.09%,1.49%
2026-07-16 23:00:00,0.328 Mpa,0.149 Mpa,0.0999 Mpa,0.119 Mpa,0.173 Mpa,0.302 Mpa,0.179 Mpa,0.173 Mpa,0.107 Mpa,0.0534 Mpa,10.8%,5.13%,3.04%,3.49%,6.63%,9.24%,5.16%,5.03%,3.27%,1.46%
2026-07-17 01:00:00,0.0559 Mpa,0.244 Mpa,0.302 Mpa,0.0401 Mpa,0.133 Mpa,0.322 Mpa,0.210 Mpa,0.146 Mpa,0.225 Mpa,0.0401 Mpa,1.71%,7.94%,9.70%,1.09%,5.24%,9.85%,5.75%,4.14%,6.84%,1.11%
2026-07-17 03:00:00,0.0782 Mpa,0.129 Mpa,0.598 Mpa,0.0408 Mpa,0.327 Mpa,0.0699 Mpa,0.161 Mpa,0.0815 Mpa,0.0993 Mpa,0.0903 Mpa,2.62%,4.45%,16.7%,1.16%,12.4%,2.05%,4.64%,2.25%,3.00%,2.47%
2026-07-17 05:00:00,0.0813 Mpa,0.0916 Mpa,,0.0813 Mpa,0.122 Mpa,0.104 Mpa,0.154 Mpa,0.0586 Mpa,0.144 Mpa,0.0920 Mpa,2.30%,2.82%,,2.26%,4.53%,3.15%,4.48%,0.931%,4.39%,2.52%
2026-07-17 07:00:00,0.118 Mpa,0.0997 Mpa,,0.146 Mpa,0.343 Mpa,0.0747 Mpa,0.207 Mpa,0.0388 Mpa,0.196 Mpa,0.0993 Mpa,3.38%,3.13%,,4.32%,10.7%,1.74%,5.79%,0.398%,6.29%,2.78%
2026-07-17 09:00:00,0.0859 Mpa,0.127 Mpa,,0.0812 Mpa,0.272 Mpa,0.138 Mpa,0.0951 Mpa,0.0777 Mpa,0.156 Mpa,0.120 Mpa,2.39%,4.01%,,2.25%,9.93%,3.12%,2.92%,1.56%,4.76%,3.36%
2026-07-17 11:00:00,0.133 Mpa,0.0867 Mpa,,0.0949 Mpa,0.322 Mpa,0.214 Mpa,0.0594 Mpa,0.123 Mpa,0.151 Mpa,0.137 Mpa,3.76%,2.74%,,2.69%,11.9%,5.63%,1.65%,2.97%,4.61%,3.95%
2026-07-17 13:00:00,0.838 Mpa,0.106 Mpa,,0.0552 Mpa,0.234 Mpa,0.177 Mpa,0.0756 Mpa,0.406 Mpa,0.121 Mpa,0.0391 Mpa,23.3%,3.33%,,1.76%,8.66%,5.11%,2.26%,11.4%,3.71%,1.08%
2026-07-17 15:00:00,0.0825 Mpa,0.0668 Mpa,,0.105 Mpa,0.312 Mpa,0.0847 Mpa,0.0369 Mpa,0.0683 Mpa,0.158 Mpa,0.166 Mpa,2.30%,2.44%,,3.25%,11.6%,1.72%,1.22%,1.32%,5.13%,4.70%
2026-07-17 17:00:00,0.0739 Mpa,0.103 Mpa,0 Mpa,0.0793 Mpa,0.173 Mpa,0.0914 Mpa,0.157 Mpa,0.176 Mpa,0.151 Mpa,0.159 Mpa,2.22%,3.28%,0%,2.38%,6.64%,2.58%,4.53%,5.04%,4.83%,4.42%
2026-07-17 19:00:00,0.0948 Mpa,0.248 Mpa,,0.0710 Mpa,0.162 Mpa,0.217 Mpa,0.116 Mpa,0.105 Mpa,0.136 Mpa,0.0865 Mpa,2.78%,8.15%,,1.95%,6.33%,5.99%,3.39%,2.70%,4.36%,2.39%
2026-07-17 21:00:00,0.124 Mpa,0.0939 Mpa,0 Mpa,0.0377 Mpa,0.152 Mpa,0.236 Mpa,0.108 Mpa,0.121 Mpa,0.0934 Mpa,0.0707 Mpa,3.91%,3.33%,0%,1.07%,5.83%,6.99%,3.30%,3.11%,2.83%,1.99%
2026-07-17 23:00:00,0.221 Mpa,0.156 Mpa,0.0000361 Mpa,0.0777 Mpa,0.141 Mpa,0.328 Mpa,0.101 Mpa,0.0784 Mpa,0.158 Mpa,0.0956 Mpa,6.56%,5.27%,0%,2.14%,5.29%,9.60%,3.04%,1.79%,5.01%,2.67%
2026-07-18 01:00:00,0.106 Mpa,0.169 Mpa,0.131 Mpa,0.330 Mpa,0.0756 Mpa,0.269 Mpa,0.0867 Mpa,0.0545 Mpa,0.119 Mpa,0.0521 Mpa,3.01%,5.63%,3.81%,9.44%,2.87%,7.39%,2.69%,0.969%,3.76%,1.50%
2026-07-18 03:00:00,0.129 Mpa,0.108 Mpa,0.208 Mpa,0.0523 Mpa,0.0711 Mpa,0.163 Mpa,0.000522 Mpa,0.0814 Mpa,0.145 Mpa,0.0837 Mpa,3.70%,3.30%,6.68%,1.67%,2.12%,4.02%,0%,1.93%,4.51%,2.41%
2026-07-18 05:00:00,0.0785 Mpa,0.167 Mpa,0.243 Mpa,0.134 Mpa,0.283 Mpa,0.121 Mpa,,0.0877 Mpa,0.159 Mpa,0.107 Mpa,2.39%,5.40%,7.49%,4.31%,9.20%,3.56%,,2.34%,4.86%,2.97%
2026-07-18 07:00:00,0.0965 Mpa,0.186 Mpa,0.177 Mpa,0.169 Mpa,0.232 Mpa,0.0982 Mpa,,0.257 Mpa,0.0845 Mpa,0.103 Mpa,3.19%,6.38%,5.60%,5.20%,8.28%,2.76%,,6.82%,2.46%,2.88%
2026-07-18 09:00:00,0.118 Mpa,0.214 Mpa,0.0891 Mpa,0.111 Mpa,0.294 Mpa,0.0754 Mpa,,0.121 Mpa,0.0824 Mpa,0.0753 Mpa,4.47%,7.09%,2.61%,3.59%,10.4%,2.15%,,2.93%,2.57%,2.12%
2026-07-18 11:00:00,0.152 Mpa,0.0588 Mpa,0.123 Mpa,0.123 Mpa,0.165 Mpa,0.133 Mpa,0.138 Mpa,0.111 Mpa,0.0794 Mpa,0.102 Mpa,5.25%,2.02%,4.09%,3.74%,5.50%,3.95%,5.32%,2.65%,2.50%,2.97%
2026-07-18 13:00:00,0.131 Mpa,0.0846 Mpa,0.0575 Mpa,0.0636 Mpa,0.0924 Mpa,0.151 Mpa,,0.111 Mpa,0.107 Mpa,0.0274 Mpa,4.65%,2.80%,1.88%,2.06%,3.40%,3.89%,,2.80%,3.24%,0.855%
2026-07-18 15:00:00,0.121 Mpa,0.196 Mpa,0.0375 Mpa,0.117 Mpa,0.0583 Mpa,0.157 Mpa,,0.199 Mpa,0.0959 Mpa,0.0544 Mpa,4.55%,6.57%,1.29%,3.71%,2.13%,4.14%,,5.63%,2.88%,1.56%
2026-07-18 17:00:00,0.140 Mpa,0.114 Mpa,0.0743 Mpa,0.113 Mpa,0.132 Mpa,0.119 Mpa,,0.103 Mpa,0.131 Mpa,0.0947 Mpa,4.36%,3.65%,2.42%,3.32%,4.75%,3.28%,,2.57%,3.92%,2.69%
2026-07-18 19:00:00,0.158 Mpa,0.0564 Mpa,0.0880 Mpa,0.0639 Mpa,0.117 Mpa,0.367 Mpa,,0.0393 Mpa,0.163 Mpa,0.0896 Mpa,4.47%,1.76%,2.76%,1.76%,4.43%,10.9%,,0.431%,5.15%,2.45%
2026-07-18 21:00:00,0.0405 Mpa,0.0297 Mpa,0.112 Mpa,0.0692 Mpa,0.0943 Mpa,0.163 Mpa,,0.140 Mpa,0.0923 Mpa,0.0585 Mpa,1.24%,0.938%,3.45%,2.02%,3.54%,4.53%,,3.57%,2.76%,1.56%
2026-07-18 23:00:00,0.0925 Mpa,0.139 Mpa,0.227 Mpa,0.124 Mpa,0.103 Mpa,0.0861 Mpa,,0.173 Mpa,0.195 Mpa,0.116 Mpa,2.68%,4.15%,7.07%,3.52%,3.97%,2.48%,,4.67%,6.10%,3.22%
2026-07-19 01:00:00,0.0874 Mpa,0.0922 Mpa,,0.0302 Mpa,0.0842 Mpa,0.0600 Mpa,0.0316 Mpa,0.100 Mpa,0.109 Mpa,0.0910 Mpa,2.64%,2.92%,,0.774%,3.14%,1.67%,0.859%,2.51%,3.20%,2.53%
2026-07-19 03:00:00,0.0941 Mpa,0.164 Mpa,,0.104 Mpa,0.0624 Mpa,0.0951 Mpa,0.0652 Mpa,0.111 Mpa,0.116 Mpa,0.0957 Mpa,2.95%,5.17%,,3.01%,2.31%,1.98%,1.63%,2.61%,3.47%,2.64%
2026-07-19 05:00:00,0.0906 Mpa,0.121 Mpa,0.0745 Mpa,0.0964 Mpa,0.0856 Mpa,0.155 Mpa,0.112 Mpa,0.0943 Mpa,0.118 Mpa,0.123 Mpa,2.74%,3.85%,2.15%,2.77%,2.84%,4.05%,3.04%,2.16%,3.52%,3.35%
2026-07-19 07:00:00,0.119 Mpa,0.119 Mpa,0.501 Mpa,0.0264 Mpa,0.0499 Mpa,0.0715 Mpa,0.0956 Mpa,0.0592 Mpa,0.124 Mpa,0.141 Mpa,3.54%,3.91%,15.2%,0.687%,1.83%,1.97%,2.60%,1.20%,3.97%,4.01%
2026-07-19 09:00:00,0.0894 Mpa,0.0578 Mpa,0.616 Mpa,0.0292 Mpa,0.0723 Mpa,0.107 Mpa,0.140 Mpa,0.219 Mpa,0.0803 Mpa,0.130 Mpa,2.59%,2.34%,18.9%,0.782%,2.61%,3.59%,3.96%,6.09%,2.20%,3.60%
2026-07-19 11:00:00,0.143 Mpa,0.0817 Mpa,0.363 Mpa,0.0339 Mpa,0.0701 Mpa,0.118 Mpa,0.197 Mpa,0.143 Mpa,0.0783 Mpa,0.210 Mpa,4.18%,2.65%,11.1%,1.01%,2.52%,3.25%,5.26%,3.83%,2.30%,5.81%
2026-07-19 13:00:00,0.137 Mpa,0.0557 Mpa,0.106 Mpa,0.0942 Mpa,0.0615 Mpa,0.0831 Mpa,0.141 Mpa,0.182 Mpa,0.107 Mpa,0.154 Mpa,4.04%,1.68%,3.17%,2.77%,2.35%,2.57%,3.99%,5.48%,3.67%,4.44%
2026-07-19 15:00:00,0.0999 Mpa,0.0182 Mpa,0.0521 Mpa,0.0630 Mpa,0.0708 Mpa,0.0872 Mpa,0.101 Mpa,0.133 Mpa,0.233 Mpa,0.0464 Mpa,2.98%,0.555%,1.87%,1.85%,2.41%,2.76%,2.76%,3.95%,7.43%,1.41%
2026-07-19 17:00:00,0.332 Mpa,0.0718 Mpa,0.498 Mpa,0.0989 Mpa,0.141 Mpa,0.0735 Mpa,0.126 Mpa,0.112 Mpa,0.178 Mpa,0.0733 Mpa,9.64%,2.36%,16.0%,2.83%,4.65%,2.22%,3.61%,2.97%,5.72%,2.07%
2026-07-19 19:00:00,0.335 Mpa,0.134 Mpa,0.157 Mpa,0.0908 Mpa,0.110 Mpa,0.108 Mpa,0.0528 Mpa,0.132 Mpa,0.248 Mpa,0.114 Mpa,11.1%,4.38%,5.15%,2.65%,3.68%,3.35%,1.57%,3.50%,7.87%,3.21%
2026-07-19 21:00:00,0.0505 Mpa,0.155 Mpa,0.110 Mpa,0.0712 Mpa,0.147 Mpa,0.137 Mpa,0.215 Mpa,0.117 Mpa,0.167 Mpa,0.0882 Mpa,1.32%,5.11%,3.58%,2.05%,4.89%,4.05%,5.89%,3.11%,5.28%,2.48%
2026-07-19 23:00:00,0.186 Mpa,0.0821 Mpa,0.0729 Mpa,0.0775 Mpa,0.133 Mpa,0.125 Mpa,0.0956 Mpa,0.0706 Mpa,0.152 Mpa,0.105 Mpa,5.20%,2.64%,2.34%,2.33%,5.12%,3.65%,2.86%,1.73%,5.08%,2.91%
2026-07-20 01:00:00,0.0397 Mpa,0.128 Mpa,0.159 Mpa,0.0602 Mpa,0.141 Mpa,0.171 Mpa,0.0816 Mpa,0.134 Mpa,0.205 Mpa,0.106 Mpa,1.01%,3.83%,4.92%,1.72%,5.44%,5.36%,2.40%,3.55%,6.52%,2.92%
2026-07-20 03:00:00,0.173 Mpa,0.0672 Mpa,0.0546 Mpa,0.0525 Mpa,0.0831 Mpa,0.129 Mpa,0.0281 Mpa,0.260 Mpa,0.256 Mpa,0.0605 Mpa,5.01%,1.96%,1.68%,1.48%,3.09%,3.83%,0.823%,7.03%,8.18%,1.78%
2026-07-20 05:00:00,0.111 Mpa,0.266 Mpa,0.118 Mpa,0.112 Mpa,0.0688 Mpa,0.120 Mpa,0.0721 Mpa,,0.117 Mpa,0.128 Mpa,3.26%,8.10%,3.77%,3.12%,2.45%,3.60%,2.08%,,3.51%,3.73%
2026-07-20 07:00:00,0.113 Mpa,0.157 Mpa,0.208 Mpa,0.0722 Mpa,0.0546 Mpa,0.170 Mpa,0.0634 Mpa,,0.158 Mpa,0.0792 Mpa,3.33%,5.21%,6.48%,2.09%,2.11%,5.00%,1.83%,,4.70%,2.34%
2026-07-20 09:00:00,0.124 Mpa,0.109 Mpa,0.0928 Mpa,0.0738 Mpa,0.0591 Mpa,0.202 Mpa,0.0795 Mpa,0.193 Mpa,0.0874 Mpa,0.0737 Mpa,3.74%,4.04%,2.97%,2.16%,1.97%,5.70%,2.22%,4.42%,2.78%,2.25%
2026-07-20 11:00:00,0.116 Mpa,0.0741 Mpa,0.109 Mpa,0.201 Mpa,0.153 Mpa,0.283 Mpa,0.110 Mpa,0.190 Mpa,0.191 Mpa,0.170 Mpa,3.49%,2.58%,3.54%,5.77%,4.95%,7.58%,3.24%,4.95%,6.34%,4.88%
2026-07-20 13:00:00,0.382 Mpa,0.0213 Mpa,0.121 Mpa,0 Mpa,0.0485 Mpa,0.180 Mpa,0.0845 Mpa,0.0726 Mpa,0.135 Mpa,0.111 Mpa,11.3%,0.609%,4.56%,0%,1.53%,4.53%,2.49%,1.64%,4.21%,3.44%
2026-07-20 15:00:00,0.137 Mpa,0.102 Mpa,0.260 Mpa,0.0155 Mpa,0.171 Mpa,0.0744 Mpa,0.116 Mpa,0.130 Mpa,0.120 Mpa,0.102 Mpa,4.07%,3.12%,8.21%,0.487%,5.80%,2.13%,3.40%,3.71%,3.59%,2.98%
2026-07-20 17:00:00,,0.110 Mpa,,0.00441 Mpa,1.35 Mpa,0.313 Mpa,0.000183 Mpa,0.0998 Mpa,0.163 Mpa,0.0903 Mpa,,3.30%,,0.115%,41.2%,8.78%,0.0403%,2.32%,5.15%,2.51%
2026-07-20 19:00:00,0.140 Mpa,0.0768 Mpa,0.500 Mpa,0.0594 Mpa,0.223 Mpa,0.169 Mpa,0.0240 Mpa,0.0458 Mpa,0.210 Mpa,0.0666 Mpa,3.76%,2.31%,13.7%,1.75%,6.84%,4.33%,0.697%,0.693%,6.45%,1.85%
2026-07-20 21:00:00,0.151 Mpa,0.0476 Mpa,0.0314 Mpa,0.118 Mpa,0.0952 Mpa,0.162 Mpa,0.444 Mpa,0.154 Mpa,0.0835 Mpa,0.118 Mpa,4.30%,1.43%,0.856%,3.47%,3.05%,3.76%,11.8%,3.98%,2.60%,3.43%
2026-07-20 23:00:00,0.159 Mpa,0.0250 Mpa,0.0651 Mpa,0.0170 Mpa,0.0613 Mpa,0.315 Mpa,0.212 Mpa,0.145 Mpa,0.0531 Mpa,0.0900 Mpa,4.62%,0.707%,1.97%,0.479%,2.22%,8.87%,5.85%,3.99%,1.67%,2.42%
2026-07-21 01:00:00,0.152 Mpa,0.142 Mpa,0.0703 Mpa,0.0833 Mpa,0.124 Mpa,0.104 Mpa,0.0720 Mpa,0.0922 Mpa,0.107 Mpa,0.0703 Mpa,4.27%,4.25%,2.38%,2.54%,4.69%,3.04%,2.17%,2.45%,2.95%,1.93%
2026-07-21 03:00:00,0.184 Mpa,0.0497 Mpa,0.0584 Mpa,0.0791 Mpa,0.254 Mpa,0.110 Mpa,0.105 Mpa,0.146 Mpa,0.106 Mpa,0.0853 Mpa,5.34%,1.36%,1.78%,2.41%,9.43%,3.27%,2.87%,4.09%,3.21%,2.27%
2026-07-21 05:00:00,0.0539 Mpa,0.0467 Mpa,0.0772 Mpa,0.0699 Mpa,0.0540 Mpa,0.0482 Mpa,0.0415 Mpa,0.126 Mpa,0.129 Mpa,0.138 Mpa,1.68%,1.39%,2.40%,2.24%,1.76%,1.48%,1.08%,3.27%,3.97%,4.00%
2026-07-21 07:00:00,0.0549 Mpa,0.0367 Mpa,0.0940 Mpa,0.0160 Mpa,0.0198 Mpa,0.0634 Mpa,0.0528 Mpa,0.0745 Mpa,0.108 Mpa,0.0795 Mpa,2.55%,1.12%,2.98%,0.555%,0.653%,2.04%,1.58%,1.48%,3.22%,2.26%
2026-07-21 09:00:00,0.315 Mpa,0.0842 Mpa,0.0783 Mpa,0.0762 Mpa,0.192 Mpa,0.0798 Mpa,0.199 Mpa,0.0590 Mpa,0.0957 Mpa,0.0646 Mpa,9.99%,2.61%,2.56%,2.27%,6.82%,2.76%,5.75%,1.38%,2.94%,1.80%
2026-07-21 11:00:00,0.123 Mpa,0.0901 Mpa,0.0686 Mpa,0.0635 Mpa,0.000162 Mpa,0.0739 Mpa,0.277 Mpa,0.0897 Mpa,0.0967 Mpa,0.209 Mpa,4.02%,2.82%,2.07%,2.22%,0.00270%,2.16%,8.04%,1.88%,2.94%,5.86%
2026-07-21 13:00:00,0.105 Mpa,0.119 Mpa,0.0236 Mpa,0.0658 Mpa,0.112 Mpa,0.124 Mpa,0.220 Mpa,0.0763 Mpa,0.134 Mpa,0.0594 Mpa,3.17%,3.76%,0.885%,2.28%,3.47%,3.39%,6.17%,1.56%,4.28%,1.53%
2026-07-21 15:00:00,0.0857 Mpa,0.0915 Mpa,0.0639 Mpa,0.0496 Mpa,0.0824 Mpa,0.0968 Mpa,0.0539 Mpa,0.108 Mpa,0.102 Mpa,0.0617 Mpa,2.70%,2.86%,2.07%,1.93%,3.07%,2.88%,1.47%,2.75%,3.20%,1.63%
2026-07-21 17:00:00,0.0743 Mpa,0.153 Mpa,0.0686 Mpa,0.0709 Mpa,0.106 Mpa,0.117 Mpa,0.166 Mpa,0.118 Mpa,0.104 Mpa,0.0868 Mpa,2.33%,4.89%,1.98%,2.22%,3.42%,3.33%,4.63%,2.79%,3.18%,2.51%
2026-07-21 19:00:00,0.0762 Mpa,0.304 Mpa,0.113 Mpa,0.0600 Mpa,0.144 Mpa,0.137 Mpa,0.159 Mpa,0.0856 Mpa,0.0784 Mpa,0.114 Mpa,2.15%,9.82%,3.33%,1.80%,4.44%,3.66%,4.69%,2.11%,2.32%,3.12%
2026-07-21 21:00:00,0.105 Mpa,0.294 Mpa,0.104 Mpa,0.000438 Mpa,0.0430 Mpa,0.0773 Mpa,0.122 Mpa,0.0535 Mpa,0.0492 Mpa,0.0827 Mpa,2.94%,9.90%,3.27%,0%,1.59%,1.78%,3.71%,0.958%,1.68%,2.27%
2026-07-21 23:00:00,0.0175 Mpa,0.319 Mpa,0.464 Mpa,,0.0270 Mpa,0.0913 Mpa,0.169 Mpa,0.165 Mpa,0.0724 Mpa,0.149 Mpa,0.490%,10.6%,14.1%,,0.886%,2.27%,4.48%,4.31%,2.38%,4.11%
2026-07-22 01:00:00,0.0756 Mpa,0.169 Mpa,0.0644 Mpa,0.0282 Mpa,0.0310 Mpa,0.0946 Mpa,0.126 Mpa,0.0659 Mpa,0.0876 Mpa,0.104 Mpa,2.08%,5.47%,2.37%,1.01%,1.11%,2.64%,3.53%,1.01%,3.74%,2.98%
2026-07-22 03:00:00,0.102 Mpa,0.180 Mpa,0.0529 Mpa,0.128 Mpa,0.0738 Mpa,0.149 Mpa,0.122 Mpa,0.0529 Mpa,0.101 Mpa,0.0861 Mpa,3.03%,6.26%,1.80%,4.11%,2.65%,4.22%,3.62%,0.710%,2.98%,2.59%
2026-07-22 05:00:00,0.0206 Mpa,0.263 Mpa,0.0932 Mpa,0.0592 Mpa,0.0530 Mpa,0.132 Mpa,0.107 Mpa,0.0783 Mpa,0.0740 Mpa,0.245 Mpa,0.594%,8.28%,2.73%,2.53%,1.80%,3.82%,3.21%,1.81%,2.25%,6.94%
2026-07-22 07:00:00,0.0919 Mpa,0.0358 Mpa,0.114 Mpa,0.0659 Mpa,0.0697 Mpa,0.121 Mpa,0.140 Mpa,0.0834 Mpa,0.105 Mpa,0.267 Mpa,2.93%,1.07%,3.79%,3.58%,2.46%,3.68%,3.97%,1.78%,3.30%,8.07%
2026-07-22 09:00:00,0.127 Mpa,0.159 Mpa,0.105 Mpa,0.0556 Mpa,0.104 Mpa,0.0428 Mpa,0.0892 Mpa,0.0655 Mpa,0.158 Mpa,0.162 Mpa,3.62%,5.03%,3.39%,2.27%,3.78%,1.31%,2.37%,1.18%,4.98%,4.85%
2026-07-22 11:00:00,0.198 Mpa,0.155 Mpa,0.127 Mpa,0.0719 Mpa,0.112 Mpa,0.125 Mpa,0.249 Mpa,0.0874 Mpa,0.102 Mpa,0.102 Mpa,6.64%,4.78%,4.25%,2.61%,4.02%,3.61%,6.73%,2.11%,3.14%,3.12%
2026-07-22 13:00:00,0.215 Mpa,0.0740 Mpa,0.0934 Mpa,0.0510 Mpa,0.168 Mpa,0.492 Mpa,0.148 Mpa,0.118 Mpa,0.0624 Mpa,,6.57%,2.24%,2.90%,1.88%,6.11%,13.9%,4.41%,2.92%,1.96%,
2026-07-22 15:00:00,0.227 Mpa,0.0269 Mpa,0.177 Mpa,0.0572 Mpa,0.117 Mpa,0.446 Mpa,0.0554 Mpa,0.0929 Mpa,0.126 Mpa,0.0563 Mpa,7.13%,0.767%,5.58%,1.95%,4.15%,12.9%,1.50%,2.33%,4.23%,2.10%
2026-07-22 17:00:00,0.118 Mpa,0.272 Mpa,0.108 Mpa,0.133 Mpa,0.160 Mpa,0.0773 Mpa,0.0767 Mpa,0.123 Mpa,0.135 Mpa,0.241 Mpa,3.54%,8.42%,3.42%,4.19%,5.65%,2.23%,2.09%,3.06%,4.34%,6.76%
2026-07-22 19:00:00,0.0925 Mpa,0.243 Mpa,0.137 Mpa,0.0684 Mpa,0.117 Mpa,0.0839 Mpa,0.206 Mpa,0.0669 Mpa,0.0775 Mpa,0.132 Mpa,2.88%,8.20%,4.55%,1.96%,3.96%,2.35%,6.02%,1.45%,2.55%,3.63%
2026-07-22 21:00:00,0.101 Mpa,0.353 Mpa,0.0885 Mpa,0.0643 Mpa,0.0517 Mpa,0.143 Mpa,0.0763 Mpa,0.0663 Mpa,0.0687 Mpa,0.151 Mpa,2.99%,11.6%,2.89%,1.99%,1.75%,4.04%,2.17%,1.58%,2.25%,4.34%
2026-07-22 23:00:00,0.285 Mpa,0.222 Mpa,0.258 Mpa,0.114 Mpa,0.0727 Mpa,0.107 Mpa,0.179 Mpa,0.157 Mpa,0.170 Mpa,0.118 Mpa,8.27%,7.16%,8.25%,3.35%,2.66%,3.37%,5.13%,4.26%,6.12%,3.28%
2026-07-23 01:00:00,0.157 Mpa,0.198 Mpa,0.178 Mpa,0.0652 Mpa,0.0344 Mpa,0.124 Mpa,0.133 Mpa,0.0721 Mpa,0.0762 Mpa,0.0425 Mpa,4.61%,6.37%,5.60%,2.54%,1.20%,3.74%,3.91%,1.78%,2.45%,1.19%
2026-07-23 03:00:00,0.101 Mpa,0.0550 Mpa,0.0663 Mpa,0.133 Mpa,0.0856 Mpa,0.229 Mpa,0.160 Mpa,0.0813 Mpa,0.0544 Mpa,0.0455 Mpa,3.08%,1.74%,2.02%,3.91%,3.16%,6.19%,4.71%,2.27%,1.66%,1.33%
2026-07-23 05:00:00,0.0685 Mpa,0.123 Mpa,0.0791 Mpa,0.0595 Mpa,0.0780 Mpa,0.223 Mpa,0.111 Mpa,0.0952 Mpa,0.0658 Mpa,0.0574 Mpa,2.26%,3.77%,2.54%,1.93%,2.72%,6.77%,3.27%,2.52%,2.30%,1.67%
2026-07-23 07:00:00,0.169 Mpa,0.0494 Mpa,0.0383 Mpa,0.0710 Mpa,0.0717 Mpa,0.162 Mpa,0.137 Mpa,0.0625 Mpa,0.0790 Mpa,0.0886 Mpa,5.17%,1.76%,1.10%,2.31%,2.67%,4.77%,4.04%,1.18%,2.26%,2.35%
2026-07-23 09:00:00,0.0819 Mpa,0.0416 Mpa,0.0354 Mpa,0.168 Mpa,0.247 Mpa,0.0897 Mpa,0.273 Mpa,0.0815 Mpa,0.0328 Mpa,0.0591 Mpa,2.77%,1.29%,1.14%,5.01%,9.53%,2.47%,8.34%,1.76%,0.924%,1.57%
2026-07-23 11:00:00,0.0959 Mpa,0.0467 Mpa,0.0426 Mpa,0.139 Mpa,0.180 Mpa,0.158 Mpa,0.146 Mpa,0.0914 Mpa,0.0599 Mpa,0.138 Mpa,3.14%,1.39%,1.34%,4.24%,6.80%,4.62%,4.38%,2.05%,1.74%,3.92%
2026-07-23 13:00:00,0.135 Mpa,0.103 Mpa,0.0489 Mpa,0.0713 Mpa,0.0712 Mpa,0.0683 Mpa,0.301 Mpa,0.0721 Mpa,0.0902 Mpa,0.0767 Mpa,4.67%,3.25%,1.82%,3.69%,2.54%,1.93%,8.87%,1.63%,2.63%,2.02%
2026-07-23 15:00:00,0.276 Mpa,0.0842 Mpa,0.247 Mpa,0.107 Mpa,0.149 Mpa,0.0824 Mpa,0.341 Mpa,0.155 Mpa,0.0762 Mpa,0.0880 Mpa,8.17%,2.67%,7.87%,3.03%,5.37%,2.38%,10.5%,3.82%,2.28%,2.55%
2026-07-23 17:00:00,0.0381 Mpa,0.0850 Mpa,0.0525 Mpa,,0.0401 Mpa,0.0929 Mpa,0.112 Mpa,0.138 Mpa,0.0705 Mpa,0.137 Mpa,1.15%,2.67%,1.75%,,1.34%,2.77%,3.52%,3.39%,2.05%,3.93%
2026-07-23 19:00:00,0.0431 Mpa,0.0574 Mpa,0.0151 Mpa,0.0953 Mpa,0.0567 Mpa,0.0160 Mpa,0.214 Mpa,0.0905 Mpa,0.124 Mpa,0.134 Mpa,0.602%,1.73%,0.465%,3.40%,2.18%,0.488%,6.21%,1.91%,3.83%,3.91%
2026-07-23 21:00:00,0.00915 Mpa,0.0442 Mpa,0 Mpa,0.0429 Mpa,0.0888 Mpa,0.0311 Mpa,0.527 Mpa,0.126 Mpa,0.0780 Mpa,0.129 Mpa,0%,1.29%,0%,1.67%,3.29%,0.811%,16.1%,3.20%,2.30%,3.88%
2026-07-23 23:00:00,0.0654 Mpa,0.0495 Mpa,0.000776 Mpa,0.220 Mpa,0.0530 Mpa,0.0558 Mpa,0.0735 Mpa,0.0597 Mpa,0.0745 Mpa,0.0727 Mpa,1.48%,1.46%,0%,6.74%,1.90%,1.69%,2.10%,1.29%,2.30%,2.12%
2026-07-24 01:00:00,0.152 Mpa,0.0836 Mpa,0.0575 Mpa,0.0616 Mpa,0.134 Mpa,0.253 Mpa,0.161 Mpa,0.0927 Mpa,0.0716 Mpa,0.0883 Mpa,4.45%,2.60%,1.85%,2.01%,5.19%,7.17%,4.45%,2.11%,2.10%,2.57%
2026-07-24 03:00:00,0.0796 Mpa,0.622 Mpa,0.0969 Mpa,0.0641 Mpa,0.215 Mpa,0.123 Mpa,0.0846 Mpa,0.0835 Mpa,0.0903 Mpa,0.0940 Mpa,2.53%,18.1%,2.99%,2.04%,8.48%,3.67%,2.34%,1.86%,3.03%,2.54%
2026-07-24 05:00:00,0.0662 Mpa,0.0971 Mpa,0.0520 Mpa,0.00624 Mpa,0.143 Mpa,0.143 Mpa,0.0753 Mpa,0.107 Mpa,0.0973 Mpa,0.105 Mpa,1.80%,3.17%,1.65%,0.358%,5.53%,4.23%,2.01%,2.56%,3.00%,2.97%
2026-07-24 07:00:00,0.113 Mpa,0.0483 Mpa,0.0219 Mpa,0.0191 Mpa,0.151 Mpa,0.122 Mpa,0.0946 Mpa,0.224 Mpa,0.0540 Mpa,0.0800 Mpa,4.00%,1.69%,0.773%,0.833%,6.00%,3.48%,2.75%,6.05%,1.62%,2.05%
2026-07-24 09:00:00,0.145 Mpa,0.0891 Mpa,0.0579 Mpa,0.127 Mpa,0.149 Mpa,0.0984 Mpa,0.0711 Mpa,0.202 Mpa,0.0786 Mpa,0.0543 Mpa,4.75%,2.93%,1.85%,3.76%,5.79%,2.98%,1.99%,5.36%,2.49%,1.46%
2026-07-24 11:00:00,0.114 Mpa,0.143 Mpa,0.0758 Mpa,0.0794 Mpa,0.134 Mpa,0.224 Mpa,0.114 Mpa,0.117 Mpa,0.0958 Mpa,0.0470 Mpa,4.09%,4.59%,2.89%,2.42%,4.96%,6.68%,4.10%,2.98%,2.92%,1.35%
2026-07-24 13:00:00,0.0842 Mpa,0.0842 Mpa,0.0676 Mpa,0.109 Mpa,0.225 Mpa,0.244 Mpa,0.0998 Mpa,0.240 Mpa,0.0515 Mpa,0.140 Mpa,2.36%,2.77%,5.61%,3.40%,8.35%,7.05%,3.40%,6.48%,1.46%,3.74%
2026-07-24 15:00:00,0.138 Mpa,0.0793 Mpa,0.140 Mpa,0.112 Mpa,0.0373 Mpa,0.0940 Mpa,0.441 Mpa,0.111 Mpa,0.0814 Mpa,,3.90%,2.75%,4.34%,3.32%,1.43%,2.54%,12.9%,2.57%,2.44%,
2026-07-24 17:00:00,0.160 Mpa,0.140 Mpa,0.0129 Mpa,0.210 Mpa,0.143 Mpa,0.0865 Mpa,0.188 Mpa,0.147 Mpa,0.0635 Mpa,,4.79%,4.92%,0.331%,6.61%,5.13%,2.42%,5.82%,3.78%,1.89%,
2026-07-24 19:00:00,0.201 Mpa,0.0554 Mpa,0.0292 Mpa,0.138 Mpa,0.159 Mpa,0.0565 Mpa,0.290 Mpa,0.0921 Mpa,,,6.17%,1.72%,0.874%,4.44%,4.86%,1.50%,9.47%,2.16%,,
2026-07-24 21:00:00,0.108 Mpa,0.0353 Mpa,0.0962 Mpa,0.149 Mpa,0.177 Mpa,0.275 Mpa,0.0889 Mpa,0.126 Mpa,,,3.95%,1.09%,3.29%,4.47%,5.24%,8.40%,2.98%,3.25%,,
2026-07-24 23:00:00,0.128 Mpa,0.131 Mpa,0.0411 Mpa,0.0105 Mpa,0.0562 Mpa,0.131 Mpa,0.168 Mpa,0.0838 Mpa,0 Mpa,,4.17%,3.93%,1.22%,0.292%,1.68%,4.09%,5.45%,2.22%,0%,
2026-07-25 01:00:00,0.0789 Mpa,0.116 Mpa,0.0543 Mpa,0.000253 Mpa,0.323 Mpa,0.0950 Mpa,0.117 Mpa,0.109 Mpa,0.0784 Mpa,0.114 Mpa,2.69%,3.49%,1.65%,0%,9.26%,2.67%,3.82%,2.83%,2.15%,3.03%
2026-07-25 03:00:00,0.0578 Mpa,0.0853 Mpa,0.120 Mpa,,0.101 Mpa,0.120 Mpa,0.0637 Mpa,0.121 Mpa,0.0651 Mpa,0.0621 Mpa,2.08%,2.55%,3.47%,,3.61%,4.16%,1.75%,3.13%,1.91%,1.76%
2026-07-25 05:00:00,0.0285 Mpa,0.171 Mpa,0.0496 Mpa,,0.0651 Mpa,0.104 Mpa,0.142 Mpa,0.133 Mpa,0.0914 Mpa,0.156 Mpa,1.02%,5.28%,1.36%,,2.33%,3.36%,4.28%,3.66%,2.63%,4.32%
2026-07-25 07:00:00,0.104 Mpa,0.170 Mpa,0.116 Mpa,,0.0691 Mpa,0.0599 Mpa,0.168 Mpa,0.0583 Mpa,0.0901 Mpa,0.0750 Mpa,2.95%,5.25%,3.46%,,2.55%,1.75%,4.77%,1.26%,2.74%,2.01%
2026-07-25 09:00:00,0.152 Mpa,0.0298 Mpa,0.00724 Mpa,0.422 Mpa,0.0499 Mpa,0.0936 Mpa,0.126 Mpa,0.106 Mpa,0.0731 Mpa,0.125 Mpa,5.12%,0.924%,0.0126%,12.3%,2.30%,2.83%,3.65%,2.54%,2.12%,3.43%
2026-07-25 11:00:00,0.208 Mpa,0.0441 Mpa,0.173 Mpa,,0.157 Mpa,0.381 Mpa,0.329 Mpa,0.0647 Mpa,0.108 Mpa,0.00317 Mpa,7.02%,1.31%,5.62%,,6.27%,10.7%,10.4%,1.07%,3.38%,0.0831%
2026-07-25 13:00:00,0.227 Mpa,0.0608 Mpa,0.0972 Mpa,,0.164 Mpa,0.112 Mpa,0.133 Mpa,0.0500 Mpa,0.0474 Mpa,0.0208 Mpa,6.44%,1.94%,3.20%,,5.38%,2.65%,4.13%,0.845%,1.43%,0.619%
2026-07-25 15:00:00,0.0995 Mpa,0.0677 Mpa,0.0617 Mpa,0.00147 Mpa,0.0762 Mpa,0.160 Mpa,0.120 Mpa,0.355 Mpa,0.210 Mpa,0.0960 Mpa,2.96%,2.10%,1.96%,0.122%,2.86%,3.67%,3.48%,9.82%,6.49%,2.66%
2026-07-25 17:00:00,0.0919 Mpa,0.0831 Mpa,0.0514 Mpa,,0.140 Mpa,0.124 Mpa,0.631 Mpa,0.0600 Mpa,0.209 Mpa,0.0666 Mpa,2.65%,2.82%,1.56%,,5.12%,3.22%,20.3%,1.39%,6.35%,1.86%
2026-07-25 19:00:00,0.187 Mpa,0.0448 Mpa,0.0520 Mpa,,0.0218 Mpa,0.150 Mpa,0.0691 Mpa,0.0411 Mpa,0.142 Mpa,0.0946 Mpa,5.66%,1.53%,1.53%,,0.614%,4.30%,2.29%,0.774%,4.34%,2.54%
2026-07-25 21:00:00,0.0673 Mpa,0.116 Mpa,0.145 Mpa,,0.0476 Mpa,0.171 Mpa,0.203 Mpa,0.0793 Mpa,0.0429 Mpa,0.0951 Mpa,2.23%,3.68%,4.76%,,1.72%,4.99%,5.94%,2.21%,1.24%,2.54%
2026-07-25 23:00:00,0.158 Mpa,0.108 Mpa,0.0727 Mpa,0.000800 Mpa,0.120 Mpa,0.161 Mpa,0.237 Mpa,0.185 Mpa,0.0767 Mpa,0.162 Mpa,4.48%,3.76%,2.27%,0.0320%,4.82%,4.71%,6.75%,5.68%,2.30%,4.35%
2026-07-26 01:00:00,0.0679 Mpa,0.0892 Mpa,0.100 Mpa,0.000178 Mpa,0.694 Mpa,0.239 Mpa,0.142 Mpa,0.0946 Mpa,0.0197 Mpa,0.0588 Mpa,2.07%,3.01%,3.62%,0.150%,25.5%,7.11%,4.10%,2.67%,0.500%,1.63%
2026-07-26 03:00:00,0.106 Mpa,0.161 Mpa,0.0529 Mpa,0.381 Mpa,0.0324 Mpa,,0.0594 Mpa,0.128 Mpa,0.106 Mpa,0.0452 Mpa,3.07%,5.47%,2.01%,11.3%,1.20%,,1.89%,3.84%,3.03%,1.26%
2026-07-26 05:00:00,0.178 Mpa,0.142 Mpa,0.128 Mpa,0.0834 Mpa,0.131 Mpa,,0.101 Mpa,0.101 Mpa,0.0990 Mpa,0.131 Mpa,5.12%,4.71%,4.05%,2.42%,4.45%,,3.03%,2.96%,2.85%,3.70%
2026-07-26 07:00:00,0.153 Mpa,0.220 Mpa,0.119 Mpa,0.0789 Mpa,0.203 Mpa,,0.105 Mpa,0.0877 Mpa,0.114 Mpa,0.119 Mpa,4.30%,7.04%,3.72%,2.35%,6.55%,,3.00%,2.28%,3.71%,3.36%
2026-07-26 09:00:00,0.0759 Mpa,0.0700 Mpa,0.134 Mpa,0.100 Mpa,0.101 Mpa,,0.127 Mpa,0.0872 Mpa,0.113 Mpa,0.0847 Mpa,2.16%,2.31%,4.15%,3.02%,3.90%,,3.57%,2.01%,3.49%,2.33%
2026-07-26 11:00:00,0.131 Mpa,0.0914 Mpa,0.122 Mpa,0.0499 Mpa,0.230 Mpa,0.0449 Mpa,0.116 Mpa,0.0967 Mpa,0.213 Mpa,0.177 Mpa,3.83%,2.74%,3.93%,1.44%,9.13%,0.813%,3.71%,2.36%,6.67%,4.79%
2026-07-26 13:00:00,0.0865 Mpa,0.0862 Mpa,0.509 Mpa,,0.108 Mpa,,0.120 Mpa,0.0671 Mpa,0.249 Mpa,0.138 Mpa,2.50%,2.66%,16.3%,,3.49%,,4.09%,1.55%,7.92%,3.95%
2026-07-26 15:00:00,0.0952 Mpa,0.0731 Mpa,0.120 Mpa,,0.150 Mpa,,0.0907 Mpa,0.220 Mpa,0.0936 Mpa,0.130 Mpa,2.63%,2.14%,4.08%,,5.93%,,2.90%,5.95%,3.01%,3.70%
2026-07-26 17:00:00,0.0742 Mpa,0.149 Mpa,0.0755 Mpa,,0.134 Mpa,,0.115 Mpa,0.143 Mpa,0.162 Mpa,0.134 Mpa,2.06%,4.92%,2.53%,,5.14%,,3.72%,3.79%,5.12%,3.78%
2026-07-26 19:00:00,0.150 Mpa,0.0537 Mpa,0.165 Mpa,,0.236 Mpa,,0.0410 Mpa,0.139 Mpa,0.0592 Mpa,0.0926 Mpa,4.56%,2.00%,5.82%,,9.19%,,1.33%,4.04%,1.73%,2.56%
2026-07-26 21:00:00,0.103 Mpa,0.0971 Mpa,0.0679 Mpa,,0.761 Mpa,,0.123 Mpa,0.155 Mpa,0.0437 Mpa,0.0868 Mpa,2.96%,3.33%,2.62%,,27.1%,,3.97%,4.10%,1.28%,2.42%
2026-07-26 23:00:00,0.0572 Mpa,0.265 Mpa,0.0420 Mpa,,0.0635 Mpa,,0.105 Mpa,0.123 Mpa,0.0893 Mpa,0.0572 Mpa,2.08%,8.37%,2.10%,,2.28%,,3.44%,3.17%,2.68%,1.57%
2026-07-27 01:00:00,0.0719 Mpa,0 Mpa,0.224 Mpa,0.695 Mpa,0.194 Mpa,,0.0848 Mpa,0.225 Mpa,0.000541 Mpa,0 Mpa,2.46%,0%,7.27%,19.8%,6.34%,,2.34%,7.00%,0%,0%
2026-07-27 03:00:00,0.0694 Mpa,0.188 Mpa,0.0381 Mpa,,0.144 Mpa,0 Mpa,0.0820 Mpa,0.198 Mpa,0.137 Mpa,0.0306 Mpa,2.12%,5.78%,0.977%,,5.44%,0%,2.28%,5.67%,3.98%,0.765%
2026-07-27 05:00:00,0.162 Mpa,0.119 Mpa,0.0778 Mpa,0.134 Mpa,0.124 Mpa,0 Mpa,0.0964 Mpa,0.157 Mpa,0.0515 Mpa,0.0940 Mpa,4.83%,3.63%,2.47%,3.86%,4.51%,0%,2.92%,4.26%,1.42%,2.55%
2026-07-27 07:00:00,0.158 Mpa,0.0889 Mpa,0.108 Mpa,0.0790 Mpa,0.176 Mpa,,0.211 Mpa,0.117 Mpa,0.0947 Mpa,0.0926 Mpa,4.46%,2.72%,3.50%,2.28%,6.71%,,6.32%,2.83%,2.73%,2.38%
2026-07-27 09:00:00,0.0618 Mpa,0.0966 Mpa,0.127 Mpa,0.110 Mpa,0.109 Mpa,0.167 Mpa,0.135 Mpa,0.126 Mpa,0.101 Mpa,0.115 Mpa,1.79%,3.14%,4.45%,3.20%,3.93%,4.74%,4.50%,3.49%,3.01%,3.09%
2026-07-27 11:00:00,0.111 Mpa,0.0929 Mpa,0.0807 Mpa,0.132 Mpa,0.168 Mpa,0.141 Mpa,0.114 Mpa,0.130 Mpa,0.0700 Mpa,0.180 Mpa,3.23%,2.98%,2.78%,3.76%,6.08%,4.16%,3.54%,2.95%,2.08%,4.93%
2026-07-27 13:00:00,0.198 Mpa,0.155 Mpa,0.126 Mpa,0.0932 Mpa,0.0566 Mpa,0.148 Mpa,0.0945 Mpa,0.126 Mpa,0.139 Mpa,0.0630 Mpa,6.13%,5.36%,4.13%,2.82%,1.75%,4.57%,3.30%,2.85%,4.20%,1.72%
2026-07-27 15:00:00,0.0944 Mpa,0.0438 Mpa,0.00632 Mpa,0.137 Mpa,0.0311 Mpa,0.126 Mpa,0.151 Mpa,0.0813 Mpa,0.126 Mpa,0.116 Mpa,2.89%,1.31%,0.0211%,3.90%,1.02%,3.89%,5.08%,1.68%,4.05%,3.17%
2026-07-27 17:00:00,0.101 Mpa,0.102 Mpa,,0.0882 Mpa,0.0243 Mpa,0.133 Mpa,0.209 Mpa,0.113 Mpa,0.219 Mpa,0.141 Mpa,3.20%,3.30%,,2.72%,0.852%,4.18%,6.92%,3.13%,6.94%,3.88%
2026-07-27 19:00:00,0.126 Mpa,0.121 Mpa,0.00317 Mpa,0.164 Mpa,0.102 Mpa,0.170 Mpa,0.190 Mpa,0.0721 Mpa,0.117 Mpa,0.107 Mpa,3.90%,3.75%,0%,5.25%,3.90%,5.08%,6.46%,2.13%,3.60%,2.84%
2026-07-27 21:00:00,0 Mpa,0.0873 Mpa,0.00767 Mpa,0.103 Mpa,0.159 Mpa,0.169 Mpa,0.134 Mpa,0.105 Mpa,0.102 Mpa,0.0694 Mpa,0%,2.96%,0%,3.10%,6.11%,5.01%,4.46%,3.08%,3.13%,2.03%
2026-07-27 23:00:00,0.105 Mpa,0.132 Mpa,0.0419 Mpa,0.178 Mpa,0.306 Mpa,0.117 Mpa,0.104 Mpa,0.0630 Mpa,0.103 Mpa,0.0335 Mpa,2.84%,4.23%,1.92%,5.41%,10.9%,3.36%,3.60%,1.62%,3.22%,0.841%
2026-07-28 01:00:00,0.254 Mpa,0.0773 Mpa,0.00164 Mpa,0.0679 Mpa,0.131 Mpa,0.107 Mpa,0.208 Mpa,0.0626 Mpa,0.145 Mpa,0.178 Mpa,7.46%,2.36%,0.513%,1.86%,4.89%,3.05%,6.90%,1.95%,4.37%,5.02%
2026-07-28 03:00:00,0.101 Mpa,0.138 Mpa,0.518 Mpa,0.236 Mpa,0.0876 Mpa,0.124 Mpa,0.129 Mpa,0.0863 Mpa,0.0843 Mpa,0.340 Mpa,3.49%,4.43%,16.3%,6.95%,3.14%,3.58%,4.38%,2.65%,2.39%,9.35%
2026-07-28 05:00:00,0.112 Mpa,0.163 Mpa,0.105 Mpa,0.166 Mpa,0.0206 Mpa,0.335 Mpa,0.146 Mpa,0.132 Mpa,0.134 Mpa,0.614 Mpa,3.27%,5.38%,3.02%,4.80%,0.724%,9.24%,4.87%,3.64%,4.01%,16.5%
2026-07-28 07:00:00,0.210 Mpa,0.680 Mpa,0.0465 Mpa,0.0237 Mpa,0.0693 Mpa,0.255 Mpa,0.0787 Mpa,0.0969 Mpa,0.0729 Mpa,0.199 Mpa,6.41%,21.1%,1.25%,0.663%,2.55%,6.19%,2.52%,2.20%,2.18%,5.47%
2026-07-28 09:00:00,0.199 Mpa,0.313 Mpa,0.0756 Mpa,0.0322 Mpa,0.0777 Mpa,0.323 Mpa,0.126 Mpa,0.0796 Mpa,0.0183 Mpa,0.118 Mpa,6.14%,10.7%,2.18%,0.873%,2.83%,9.07%,4.32%,1.87%,0.462%,3.42%
2026-07-28 11:00:00,0.204 Mpa,0.160 Mpa,0.0896 Mpa,0.0449 Mpa,0.149 Mpa,0.283 Mpa,0.0429 Mpa,0.0728 Mpa,0.163 Mpa,0.143 Mpa,6.79%,5.55%,2.94%,1.22%,5.45%,8.84%,1.42%,1.69%,5.14%,4.18%
2026-07-28 13:00:00,0.422 Mpa,0.0714 Mpa,0.0540 Mpa,0.0631 Mpa,0.00784 Mpa,0.265 Mpa,0.0565 Mpa,0.0818 Mpa,0.226 Mpa,0.0772 Mpa,13.6%,2.31%,1.80%,1.95%,0.281%,8.57%,1.91%,2.16%,7.10%,2.13%
2026-07-28 15:00:00,0.302 Mpa,0.0922 Mpa,0.119 Mpa,0.100 Mpa,0.0131 Mpa,0.150 Mpa,0.0713 Mpa,0.176 Mpa,0.552 Mpa,0.267 Mpa,8.93%,2.91%,4.53%,2.94%,0.482%,4.58%,2.35%,4.87%,18.1%,7.81%
2026-07-28 17:00:00,0.153 Mpa,0.0523 Mpa,0.00270 Mpa,0.0316 Mpa,0.00490 Mpa,0.191 Mpa,0.114 Mpa,0.164 Mpa,0.282 Mpa,0.117 Mpa,4.50%,1.76%,91.4%,0.882%,0.155%,5.94%,3.78%,4.46%,9.46%,3.19%
2026-07-28 19:00:00,0.360 Mpa,0.119 Mpa,,0.0378 Mpa,0.0719 Mpa,0.135 Mpa,0.0652 Mpa,0.116 Mpa,0.369 Mpa,0.0710 Mpa,12.3%,3.83%,,1.01%,2.76%,3.83%,2.23%,3.04%,11.4%,1.91%
2026-07-28 21:00:00,0.616 Mpa,0.0886 Mpa,0.511 Mpa,0.141 Mpa,0.0240 Mpa,0.121 Mpa,0.156 Mpa,0.125 Mpa,0.215 Mpa,0.118 Mpa,20.4%,2.71%,15.7%,3.99%,0.880%,2.89%,5.13%,3.24%,6.76%,3.28%
2026-07-28 23:00:00,,0.0618 Mpa,0.0593 Mpa,0.0439 Mpa,0.113 Mpa,0.108 Mpa,0.0338 Mpa,0.174 Mpa,0.187 Mpa,0.142 Mpa,,1.87%,1.84%,1.27%,4.09%,3.25%,1.09%,4.82%,5.31%,3.75%
2026-07-29 01:00:00,,0.287 Mpa,0.0534 Mpa,0.0326 Mpa,0.275 Mpa,0.175 Mpa,0.106 Mpa,0.160 Mpa,0.309 Mpa,0.0728 Mpa,,8.80%,1.54%,0.866%,9.50%,5.04%,3.68%,4.26%,9.46%,1.85%
2026-07-29 03:00:00,,0 Mpa,0.0511 Mpa,0.0793 Mpa,0.0954 Mpa,0.259 Mpa,0.184 Mpa,0.0787 Mpa,0.326 Mpa,0.0874 Mpa,,0.0209%,1.54%,2.24%,3.00%,6.57%,6.12%,2.12%,10.4%,2.33%
2026-07-29 05:00:00,,0.300 Mpa,0.328 Mpa,0.0629 Mpa,0.125 Mpa,0.217 Mpa,0.119 Mpa,0.0398 Mpa,0.349 Mpa,0.0929 Mpa,,9.60%,10.5%,1.89%,4.42%,5.24%,3.96%,0.756%,10.6%,2.58%
2026-07-29 07:00:00,,0.243 Mpa,0.150 Mpa,0.0673 Mpa,0.155 Mpa,0.192 Mpa,0.139 Mpa,0.0793 Mpa,0.276 Mpa,0.100 Mpa,,7.95%,4.65%,1.95%,5.40%,4.73%,4.64%,1.69%,9.92%,2.85%
2026-07-29 09:00:00,,0.160 Mpa,0.147 Mpa,0.172 Mpa,0.0238 Mpa,0.172 Mpa,0.0884 Mpa,0.130 Mpa,0.209 Mpa,0.100 Mpa,,5.11%,4.54%,5.30%,0.822%,4.55%,3.01%,3.31%,6.98%,3.02%
2026-07-29 11:00:00,,0.205 Mpa,0.177 Mpa,0 Mpa,0.0516 Mpa,0.270 Mpa,0.117 Mpa,0.249 Mpa,0.0189 Mpa,0.488 Mpa,,6.84%,5.84%,0%,1.85%,7.62%,4.00%,6.88%,0.459%,13.4%
2026-07-29 13:00:00,0.0442 Mpa,0.0797 Mpa,1.82 Mpa,0.0192 Mpa,0.136 Mpa,0.211 Mpa,0.150 Mpa,0.163 Mpa,0.183 Mpa,,1.30%,2.49%,57.7%,0.551%,4.91%,5.59%,5.18%,4.33%,5.91%,
2026-07-29 15:00:00,0.333 Mpa,0.0850 Mpa,0.00968 Mpa,0.0987 Mpa,0.261 Mpa,0.161 Mpa,0.0737 Mpa,0.198 Mpa,0.283 Mpa,0.0660 Mpa,10.4%,2.85%,0%,2.89%,9.34%,4.68%,2.47%,5.67%,9.07%,1.62%
2026-07-29 17:00:00,0.309 Mpa,0.134 Mpa,0.00372 Mpa,0.0751 Mpa,0.119 Mpa,0.0491 Mpa,0.107 Mpa,0.139 Mpa,0.0888 Mpa,0.0712 Mpa,9.25%,4.48%,0%,2.22%,4.46%,1.47%,3.44%,3.66%,2.70%,2.00%
2026-07-29 19:00:00,0.138 Mpa,0.0990 Mpa,,0.0684 Mpa,0.113 Mpa,0.0743 Mpa,0.0543 Mpa,0.0838 Mpa,0.0225 Mpa,0.0689 Mpa,4.94%,3.33%,,1.99%,4.15%,2.13%,1.81%,1.94%,0.640%,1.91%
2026-07-29 21:00:00,0.0676 Mpa,0.0498 Mpa,,0.0820 Mpa,0.0372 Mpa,0.112 Mpa,0.168 Mpa,0.106 Mpa,0.0922 Mpa,0.0425 Mpa,2.34%,1.47%,,2.39%,1.49%,2.98%,5.38%,2.54%,2.76%,1.20%
2026-07-29 23:00:00,0.0572 Mpa,0.0634 Mpa,,0.0421 Mpa,0.0731 Mpa,0.159 Mpa,0.0707 Mpa,0.310 Mpa,0.0971 Mpa,0.0544 Mpa,1.80%,1.96%,,1.21%,3.01%,3.58%,2.34%,8.58%,2.93%,1.45%
2026-07-30 01:00:00,0.0272 Mpa,0.0966 Mpa,,0.0593 Mpa,0.152 Mpa,0.127 Mpa,0.110 Mpa,0.0881 Mpa,0.120 Mpa,0.0583 Mpa,0.770%,3.06%,,1.69%,5.79%,2.98%,3.60%,2.18%,3.62%,1.42%
2026-07-30 03:00:00,0.0295 Mpa,0.129 Mpa,,0.0616 Mpa,0.0356 Mpa,0.0913 Mpa,0.0471 Mpa,0.0804 Mpa,0.212 Mpa,0.149 Mpa,0.769%,4.14%,,1.86%,1.19%,2.64%,1.52%,2.01%,6.61%,4.04%
2026-07-30 05:00:00,0.0663 Mpa,0.0501 Mpa,,0.0937 Mpa,0.215 Mpa,0.0720 Mpa,0.0579 Mpa,0.0760 Mpa,0.150 Mpa,0.0807 Mpa,1.87%,1.41%,,3.27%,7.08%,2.57%,1.52%,1.88%,4.27%,2.28%
2026-07-30 07:00:00,0.175 Mpa,0.0281 Mpa,0.0576 Mpa,0.0572 Mpa,0.0442 Mpa,0.0323 Mpa,0.100 Mpa,0.137 Mpa,0.167 Mpa,0.121 Mpa,5.29%,0.968%,1.60%,2.49%,1.55%,1.02%,2.78%,3.35%,5.19%,3.70%
2026-07-30 09:00:00,0.0679 Mpa,0.0787 Mpa,0.0636 Mpa,0.0650 Mpa,0.124 Mpa,0.0829 Mpa,0.100 Mpa,0.121 Mpa,0.208 Mpa,0.0890 Mpa,2.25%,2.44%,1.70%,2.17%,4.38%,2.73%,2.94%,2.79%,6.75%,2.72%
2026-07-30 11:00:00,0.0507 Mpa,0.0535 Mpa,0.134 Mpa,0.0593 Mpa,0.101 Mpa,0.0578 Mpa,0.234 Mpa,0.136 Mpa,0.285 Mpa,0.0843 Mpa,1.86%,1.69%,4.00%,1.77%,3.53%,1.82%,7.90%,3.32%,6.86%,2.77%
2026-07-30 13:00:00,0.0298 Mpa,0.0769 Mpa,0.121 Mpa,0.128 Mpa,0.0812 Mpa,0.115 Mpa,0.110 Mpa,0.136 Mpa,,0.104 Mpa,1.22%,2.47%,3.72%,4.40%,2.95%,3.33%,3.74%,3.60%,,2.91%
2026-07-30 15:00:00,0.0771 Mpa,0.143 Mpa,0.0791 Mpa,0.0544 Mpa,0.0821 Mpa,0.134 Mpa,0.107 Mpa,0.367 Mpa,,0.131 Mpa,2.31%,4.53%,2.52%,2.23%,2.87%,3.92%,3.15%,10.1%,,3.66%
2026-07-30 17:00:00,0.116 Mpa,0.0506 Mpa,0.187 Mpa,0.105 Mpa,0.188 Mpa,0.126 Mpa,0.0492 Mpa,0.152 Mpa,,0.156 Mpa,3.79%,1.46%,5.88%,3.36%,6.15%,4.22%,1.49%,3.87%,,4.35%
2026-07-30 19:00:00,0.0811 Mpa,,0.0969 Mpa,0.129 Mpa,0.0624 Mpa,0.0975 Mpa,0.140 Mpa,0.0989 Mpa,,0.185 Mpa,2.88%,,3.02%,3.91%,2.35%,2.93%,4.56%,2.27%,,5.25%
2026-07-30 21:00:00,0.0653 Mpa,,0.0512 Mpa,0.0702 Mpa,0 Mpa,0.157 Mpa,0.0803 Mpa,0.0743 Mpa,,0.0696 Mpa,2.34%,,1.51%,2.21%,0.138%,4.33%,2.56%,1.48%,,1.96%
2026-07-30 23:00:00,0.109 Mpa,,0.171 Mpa,0.273 Mpa,0.106 Mpa,0.107 Mpa,0.204 Mpa,0.0663 Mpa,0.217 Mpa,0.0818 Mpa,3.72%,,5.53%,8.40%,3.94%,2.77%,6.71%,1.24%,5.59%,2.61%
2026-07-31 01:00:00,0.0655 Mpa,0 Mpa,0.208 Mpa,0.144 Mpa,0.0311 Mpa,0.0401 Mpa,0.0745 Mpa,0.0625 Mpa,0.0655 Mpa,0.0527 Mpa,1.97%,0%,6.43%,4.48%,1.03%,1.12%,2.28%,1.18%,0.701%,1.40%
2026-07-31 03:00:00,0.100 Mpa,0.0896 Mpa,0.0995 Mpa,0.270 Mpa,0.00990 Mpa,,0.224 Mpa,0.113 Mpa,0.298 Mpa,0.0691 Mpa,2.96%,3.02%,2.86%,8.65%,0.299%,,7.37%,2.58%,8.87%,2.05%
2026-07-31 05:00:00,0.0505 Mpa,0.108 Mpa,0.177 Mpa,0.0283 Mpa,0.0907 Mpa,,0.168 Mpa,0.0541 Mpa,0.184 Mpa,0.135 Mpa,1.35%,3.42%,5.24%,1.11%,3.25%,,5.69%,1.02%,5.47%,3.90%
2026-07-31 07:00:00,0.433 Mpa,0.0895 Mpa,0.130 Mpa,0.108 Mpa,0.168 Mpa,,0.0907 Mpa,0.0743 Mpa,0.119 Mpa,0.113 Mpa,14.2%,2.89%,3.82%,3.72%,5.88%,,3.01%,1.50%,3.33%,3.81%
2026-07-31 09:00:00,0.133 Mpa,0.0649 Mpa,0.101 Mpa,0.0681 Mpa,0.0574 Mpa,,0.0629 Mpa,0.0919 Mpa,0.0548 Mpa,0.109 Mpa,4.22%,2.18%,2.76%,2.45%,2.05%,,2.03%,2.00%,1.38%,3.44%
2026-07-31 11:00:00,0.123 Mpa,0.0763 Mpa,0.176 Mpa,0.0490 Mpa,0.0373 Mpa,0.0861 Mpa,0.0930 Mpa,0.103 Mpa,0.0531 Mpa,0.0639 Mpa,4.25%,2.42%,5.20%,1.50%,1.38%,2.32%,3.17%,2.32%,1.41%,2.12%
2026-07-31 13:00:00,0.365 Mpa,0.975 Mpa,0.125 Mpa,0.0870 Mpa,0.107 Mpa,0.195 Mpa,0.105 Mpa,0.295 Mpa,0.109 Mpa,0.348 Mpa,10.5%,31.7%,3.87%,2.85%,3.57%,5.95%,3.43%,7.94%,3.18%,9.96%
2026-07-31 15:00:00,0.193 Mpa,0.0678 Mpa,0.0789 Mpa,0.0438 Mpa,0.119 Mpa,0.0868 Mpa,0.0989 Mpa,0.226 Mpa,0.0638 Mpa,0.0253 Mpa,5.65%,2.23%,2.36%,1.83%,3.94%,2.83%,3.29%,6.53%,1.82%,0.712%
2026-07-31 17:00:00,0.0878 Mpa,0.127 Mpa,0.160 Mpa,0.0755 Mpa,0.0495 Mpa,0.0641 Mpa,0.112 Mpa,0.0913 Mpa,0.123 Mpa,0.184 Mpa,2.50%,4.11%,4.93%,2.75%,1.79%,2.05%,3.83%,2.05%,3.52%,5.06%
2026-07-31 19:00:00,0.0311 Mpa,0.112 Mpa,0.0848 Mpa,0.0560 Mpa,0.0521 Mpa,0.170 Mpa,0.120 Mpa,0.0975 Mpa,0.162 Mpa,0.0772 Mpa,0.785%,3.98%,2.54%,1.68%,1.86%,5.45%,4.03%,2.35%,4.78%,2.16%
2026-07-31 21:00:00,0.0710 Mpa,0.120 Mpa,0.144 Mpa,0.0762 Mpa,0.134 Mpa,0.0607 Mpa,0.124 Mpa,0.202 Mpa,0.267 Mpa,0.0507 Mpa,2.39%,4.05%,3.91%,2.37%,5.03%,1.80%,4.10%,5.45%,7.94%,1.46%
2026-07-31 23:00:00,0.113 Mpa,0.121 Mpa,0.0952 Mpa,0.176 Mpa,0.0704 Mpa,0.133 Mpa,0.100 Mpa,0.138 Mpa,0.296 Mpa,0.0583 Mpa,3.28%,4.19%,3.70%,5.20%,2.11%,4.11%,2.86%,3.53%,8.98%,1.68%
2026-08-01 01:00:00,0.0411 Mpa,0.234 Mpa,0.0453 Mpa,0.0413 Mpa,0.0748 Mpa,0.244 Mpa,0.169 Mpa,0.117 Mpa,0.111 Mpa,0.0707 Mpa,0.970%,7.84%,1.37%,1.18%,2.76%,7.32%,4.63%,3.32%,3.15%,2.02%
2026-08-01 03:00:00,0.0556 Mpa,0.0714 Mpa,0.0873 Mpa,0.0390 Mpa,0.0688 Mpa,0.134 Mpa,0.0842 Mpa,0.0725 Mpa,0.0912 Mpa,0.170 Mpa,1.56%,2.47%,2.82%,1.21%,2.47%,4.23%,2.74%,1.62%,2.75%,4.68%
2026-08-01 05:00:00,0.112 Mpa,0.204 Mpa,0.0250 Mpa,0.0463 Mpa,0.171 Mpa,0.145 Mpa,0.168 Mpa,0.148 Mpa,0.247 Mpa,0.102 Mpa,3.06%,6.63%,0.733%,1.31%,6.69%,4.32%,4.78%,3.85%,7.33%,2.88%
2026-08-01 07:00:00,0.0736 Mpa,0.153 Mpa,0.0831 Mpa,0.0630 Mpa,0.0468 Mpa,0.0700 Mpa,0.174 Mpa,0.118 Mpa,0.111 Mpa,0.0802 Mpa,2.12%,5.10%,2.66%,1.97%,1.67%,2.03%,5.85%,2.86%,3.35%,2.17%
2026-08-01 09:00:00,0.0708 Mpa,0.116 Mpa,0.0668 Mpa,0.0565 Mpa,0.0583 Mpa,0.168 Mpa,0.0587 Mpa,0.172 Mpa,0.0444 Mpa,0.0813 Mpa,2.06%,4.12%,2.08%,1.72%,2.17%,5.05%,2.07%,4.61%,1.28%,2.27%
2026-08-01 11:00:00,0.0601 Mpa,0.158 Mpa,0.0829 Mpa,0.0730 Mpa,0.151 Mpa,0.158 Mpa,0.0429 Mpa,0.130 Mpa,0.0418 Mpa,0.122 Mpa,2.21%,5.39%,2.70%,2.33%,5.35%,4.43%,1.39%,3.42%,1.18%,3.26%
2026-08-01 13:00:00,0.0804 Mpa,0.147 Mpa,0.335 Mpa,0.127 Mpa,0.106 Mpa,0.125 Mpa,0.102 Mpa,0.0890 Mpa,0.117 Mpa,0.0503 Mpa,2.75%,4.97%,10.6%,3.59%,3.81%,3.20%,3.50%,2.20%,3.45%,1.35%
2026-08-01 15:00:00,0.0500 Mpa,0.0901 Mpa,0.124 Mpa,0.0807 Mpa,0.142 Mpa,0.0913 Mpa,0.111 Mpa,0.168 Mpa,0.0473 Mpa,0.0966 Mpa,1.45%,3.14%,3.92%,2.11%,5.11%,2.72%,3.80%,4.57%,1.40%,2.68%
2026-08-01 17:00:00,0.104 Mpa,0.260 Mpa,0.134 Mpa,0.132 Mpa,0.0651 Mpa,0.160 Mpa,0.110 Mpa,0.367 Mpa,0.128 Mpa,0.0870 Mpa,2.88%,8.55%,4.02%,4.45%,1.90%,4.91%,3.81%,10.2%,3.76%,2.69%
2026-08-01 19:00:00,0.0882 Mpa,0.0791 Mpa,0.118 Mpa,0.0605 Mpa,0.0721 Mpa,0.147 Mpa,0.0946 Mpa,0.298 Mpa,0.160 Mpa,0.0906 Mpa,2.68%,2.61%,3.66%,2.71%,2.66%,4.70%,3.15%,8.18%,4.97%,2.58%
2026-08-01 21:00:00,0.0718 Mpa,0.0832 Mpa,0.0478 Mpa,0.0550 Mpa,0.0189 Mpa,0.149 Mpa,0.117 Mpa,0.0290 Mpa,0.145 Mpa,0.108 Mpa,2.52%,2.58%,1.43%,1.77%,0.636%,4.79%,3.96%,0%,4.16%,3.18%
2026-08-01 23:00:00,0.0934 Mpa,0.0763 Mpa,0.209 Mpa,0.0460 Mpa,0.000171 Mpa,0.125 Mpa,0.139 Mpa,0.114 Mpa,0.379 Mpa,0.0776 Mpa,2.55%,2.49%,6.21%,2.26%,0%,3.71%,4.63%,2.41%,11.1%,2.23%
2026-08-02 01:00:00,0.163 Mpa,0.226 Mpa,0.0477 Mpa,0.103 Mpa,0.0833 Mpa,0.0952 Mpa,0.123 Mpa,0.0993 Mpa,0.0664 Mpa,0.0973 Mpa,5.24%,7.37%,1.46%,3.46%,2.49%,2.61%,3.95%,2.18%,1.69%,2.62%
2026-08-02 03:00:00,0.240 Mpa,0.0732 Mpa,0.133 Mpa,,,0.114 Mpa,0.0721 Mpa,0.121 Mpa,0.0822 Mpa,0.0204 Mpa,7.64%,2.37%,3.98%,,,3.44%,2.45%,3.07%,2.34%,0.563%
2026-08-02 05:00:00,0.0992 Mpa,0.233 Mpa,0.0587 Mpa,,,0.115 Mpa,0.0510 Mpa,0.0649 Mpa,0.0662 Mpa,0.213 Mpa,2.90%,7.72%,1.67%,,,3.62%,1.62%,1.37%,1.64%,5.69%
2026-08-02 07:00:00,0.216 Mpa,0.159 Mpa,0.0909 Mpa,,,0.184 Mpa,0.269 Mpa,0.125 Mpa,0.0335 Mpa,0.0556 Mpa,6.67%,5.27%,2.55%,,,5.60%,9.48%,3.09%,0.764%,1.60%
2026-08-02 09:00:00,0.0898 Mpa,0.113 Mpa,0.0463 Mpa,,0.159 Mpa,0.142 Mpa,0.146 Mpa,0.133 Mpa,0.0370 Mpa,0.0583 Mpa,2.43%,3.79%,1.46%,,4.51%,4.46%,5.23%,3.43%,1.01%,1.61%
2026-08-02 11:00:00,0.149 Mpa,0.0460 Mpa,0.146 Mpa,,0 Mpa,0.0717 Mpa,0.128 Mpa,0.119 Mpa,0.0387 Mpa,0.123 Mpa,4.61%,1.75%,4.32%,,0%,2.15%,4.27%,3.04%,1.04%,3.47%
2026-08-02 13:00:00,0.0952 Mpa,0.0534 Mpa,0.0359 Mpa,,,0.184 Mpa,0.0909 Mpa,0.0587 Mpa,0.109 Mpa,0.000132 Mpa,2.67%,1.87%,0.971%,,,5.44%,3.13%,1.31%,3.02%,0.00954%
2026-08-02 15:00:00,0.0949 Mpa,0.0620 Mpa,0.0803 Mpa,,,0.156 Mpa,0.0660 Mpa,0.128 Mpa,0.134 Mpa,0.0988 Mpa,2.81%,2.38%,2.56%,,,4.87%,2.25%,3.28%,4.08%,2.70%
2026-08-02 17:00:00,0.111 Mpa,0.0678 Mpa,0.242 Mpa,,,0.0573 Mpa,0.117 Mpa,0.149 Mpa,0.0840 Mpa,0.0712 Mpa,3.36%,2.20%,7.11%,,,1.76%,3.99%,4.07%,2.56%,1.95%
2026-08-02 19:00:00,0.160 Mpa,0.175 Mpa,0.0701 Mpa,,,0.0420 Mpa,0.177 Mpa,0.0783 Mpa,0.0373 Mpa,0.0824 Mpa,4.85%,6.06%,3.56%,,,1.24%,6.06%,1.57%,0.909%,2.25%
2026-08-02 21:00:00,0.0692 Mpa,0.0612 Mpa,0.0586 Mpa,,,0.141 Mpa,0.162 Mpa,0.119 Mpa,0.0887 Mpa,0.0557 Mpa,2.11%,2.14%,1.63%,,,4.21%,5.41%,3.00%,2.55%,1.65%
2026-08-02 23:00:00,0.297 Mpa,0.0523 Mpa,0.0557 Mpa,0 Mpa,,0.0863 Mpa,0.0902 Mpa,0.113 Mpa,0.0797 Mpa,0.0830 Mpa,8.55%,1.81%,1.56%,0%,,2.58%,2.98%,2.61%,2.25%,2.43%
2026-08-03 01:00:00,0.0763 Mpa,0.156 Mpa,0.110 Mpa,0.0793 Mpa,,0.142 Mpa,0.136 Mpa,0.136 Mpa,0.361 Mpa,0.0768 Mpa,2.08%,4.92%,3.19%,2.53%,,4.49%,4.70%,3.19%,10.4%,2.36%
2026-08-03 03:00:00,0.150 Mpa,0.0746 Mpa,0.102 Mpa,0.0666 Mpa,,0.161 Mpa,0.0924 Mpa,0.144 Mpa,0.0323 Mpa,0.136 Mpa,4.36%,2.49%,2.89%,2.27%,,5.17%,2.98%,3.68%,0.688%,3.68%
2026-08-03 05:00:00,0.106 Mpa,0.0966 Mpa,0.0653 Mpa,0.0870 Mpa,,0.100 Mpa,0.121 Mpa,0.109 Mpa,0.0596 Mpa,0.0927 Mpa,3.03%,3.04%,1.87%,2.58%,,3.08%,4.08%,2.49%,1.63%,2.58%
2026-08-03 07:00:00,0.102 Mpa,0.158 Mpa,0.0661 Mpa,0.0497 Mpa,0 Mpa,0.136 Mpa,0.0863 Mpa,0.0628 Mpa,0.0715 Mpa,0.0846 Mpa,3.08%,5.22%,1.97%,1.46%,0%,4.08%,2.99%,1.13%,2.12%,2.45%
2026-08-03 09:00:00,0.330 Mpa,0.198 Mpa,0.0807 Mpa,0.0604 Mpa,0 Mpa,0.166 Mpa,0.0869 Mpa,0.0894 Mpa,0.102 Mpa,0.0951 Mpa,10.3%,6.39%,2.43%,1.96%,0%,5.08%,3.09%,2.02%,3.21%,2.66%
2026-08-03 11:00:00,0.0772 Mpa,0.165 Mpa,0.0786 Mpa,0.0772 Mpa,0.00744 Mpa,0.175 Mpa,0.114 Mpa,0.0873 Mpa,0.155 Mpa,0.185 Mpa,2.53%,5.65%,2.72%,2.56%,0.231%,5.34%,4.00%,2.13%,4.63%,5.20%
2026-08-03 13:00:00,0.121 Mpa,0.144 Mpa,0 Mpa,0.0775 Mpa,0.0368 Mpa,0.172 Mpa,0.0995 Mpa,0.109 Mpa,0.156 Mpa,0.0902 Mpa,3.64%,4.77%,0%,2.44%,1.40%,5.11%,3.44%,2.84%,4.69%,2.49%
2026-08-03 15:00:00,0.111 Mpa,0.128 Mpa,0.0476 Mpa,0.0421 Mpa,0.0880 Mpa,0.0861 Mpa,0.197 Mpa,0.151 Mpa,0.0668 Mpa,0.0742 Mpa,3.31%,4.34%,1.44%,1.42%,3.15%,2.62%,6.49%,4.00%,1.80%,2.05%
2026-08-03 17:00:00,0.0301 Mpa,0.119 Mpa,0.0243 Mpa,0.0328 Mpa,0.116 Mpa,0.204 Mpa,0.0988 Mpa,0.194 Mpa,0.120 Mpa,0.104 Mpa,0.938%,3.92%,0.680%,1.00%,4.28%,6.11%,3.09%,5.60%,3.72%,2.96%
2026-08-03 19:00:00,0.0679 Mpa,0.0758 Mpa,0.0727 Mpa,0.0455 Mpa,0.122 Mpa,0.0589 Mpa,0.0530 Mpa,0.173 Mpa,0.0559 Mpa,0.125 Mpa,2.37%,2.37%,2.31%,1.56%,4.73%,2.42%,5.00%,5.06%,2.75%,3.68%
2026-08-03 21:00:00,0.128 Mpa,0.0544 Mpa,0.0216 Mpa,0.0537 Mpa,0.132 Mpa,0.0776 Mpa,0 Mpa,0.157 Mpa,0.0683 Mpa,0.0928 Mpa,3.70%,1.68%,0.604%,1.67%,5.10%,2.40%,0.275%,4.48%,1.75%,2.58%
2026-08-03 23:00:00,0.122 Mpa,0 Mpa,0.0990 Mpa,0.0514 Mpa,0.227 Mpa,0.153 Mpa,0.187 Mpa,0.111 Mpa,0.0739 Mpa,0.195 Mpa,3.72%,0%,3.00%,1.75%,8.64%,4.44%,5.19%,3.07%,2.08%,5.46%
2026-08-04 01:00:00,0.0562 Mpa,,0.116 Mpa,0.0196 Mpa,0.196 Mpa,0.112 Mpa,0.0797 Mpa,0.0820 Mpa,0.113 Mpa,0.185 Mpa,1.41%,,3.53%,0.566%,7.36%,3.36%,2.52%,1.89%,3.30%,5.37%
2026-08-04 03:00:00,0.0416 Mpa,0 Mpa,0.104 Mpa,0.0667 Mpa,0.0623 Mpa,0.180 Mpa,0.000157 Mpa,0.126 Mpa,0.132 Mpa,0.148 Mpa,0.858%,0%,3.10%,2.04%,2.23%,5.49%,0%,3.27%,3.91%,4.26%
2026-08-04 05:00:00,0.0940 Mpa,,0.0735 Mpa,0.0346 Mpa,0.0873 Mpa,0.0821 Mpa,,0.102 Mpa,0.115 Mpa,0.118 Mpa,2.84%,,2.10%,1.04%,3.26%,2.63%,,2.69%,3.44%,3.55%
2026-08-04 07:00:00,0.130 Mpa,,0.163 Mpa,0.0852 Mpa,0.0838 Mpa,0.0456 Mpa,,0.108 Mpa,0.0539 Mpa,0.153 Mpa,3.81%,,5.08%,2.36%,3.30%,1.30%,,2.86%,1.49%,4.16%
2026-08-04 09:00:00,0.236 Mpa,,0.0543 Mpa,0.0773 Mpa,0.0978 Mpa,0.109 Mpa,0.00227 Mpa,0.0951 Mpa,0.0675 Mpa,0.175 Mpa,6.93%,,1.55%,2.32%,3.46%,3.51%,0%,2.51%,1.86%,4.87%
2026-08-04 11:00:00,0.131 Mpa,,0.0787 Mpa,0.0361 Mpa,0.347 Mpa,0.125 Mpa,0.160 Mpa,0.0649 Mpa,0.132 Mpa,0.140 Mpa,3.79%,,2.50%,0.995%,11.8%,3.89%,4.98%,1.78%,3.94%,3.91%
2026-08-04 13:00:00,0.0901 Mpa,,0.127 Mpa,0.0611 Mpa,0.117 Mpa,0.0812 Mpa,0.180 Mpa,0.143 Mpa,0.182 Mpa,0.0707 Mpa,2.54%,,4.16%,1.94%,3.36%,2.44%,5.96%,3.89%,5.70%,1.83%
2026-08-04 15:00:00,0.0789 Mpa,,0.253 Mpa,0.0141 Mpa,0.0626 Mpa,0.0776 Mpa,0.118 Mpa,0.308 Mpa,0.0854 Mpa,0.0747 Mpa,2.27%,,7.65%,0.380%,2.36%,2.30%,3.87%,8.55%,2.52%,1.98%
2026-08-04 17:00:00,0.0639 Mpa,,0.162 Mpa,0.0665 Mpa,0.107 Mpa,0.150 Mpa,0.346 Mpa,0.0817 Mpa,0.0911 Mpa,0.124 Mpa,1.78%,,5.18%,2.10%,3.98%,4.49%,11.1%,1.95%,2.71%,3.49%
2026-08-04 19:00:00,0.0762 Mpa,,0.0562 Mpa,0.123 Mpa,0.137 Mpa,0.211 Mpa,0.248 Mpa,0.0909 Mpa,0.0658 Mpa,0.0833 Mpa,2.12%,,1.82%,5.07%,5.20%,6.30%,8.52%,2.53%,1.93%,2.45%
2026-08-04 21:00:00,0.110 Mpa,,0.0560 Mpa,0.122 Mpa,0.118 Mpa,0.121 Mpa,0.254 Mpa,0.242 Mpa,0.0491 Mpa,0.0966 Mpa,3.22%,,1.71%,6.99%,4.40%,3.57%,8.63%,7.04%,1.39%,2.83%
2026-08-04 23:00:00,0.260 Mpa,,0.0665 Mpa,0.107 Mpa,0.0852 Mpa,0.168 Mpa,0.271 Mpa,0.188 Mpa,0.0994 Mpa,0.0679 Mpa,7.94%,,2.06%,4.33%,3.14%,5.06%,8.29%,5.57%,2.94%,1.86%
2026-08-05 01:00:00,0.0422 Mpa,0.0000663 Mpa,0.115 Mpa,0.0530 Mpa,0.251 Mpa,0.106 Mpa,0.352 Mpa,0.208 Mpa,0.0347 Mpa,0.0774 Mpa,1.15%,0%,3.36%,2.53%,7.96%,3.16%,10.1%,5.99%,0.808%,2.15%
2026-08-05 03:00:00,0.122 Mpa,0.0566 Mpa,0.0633 Mpa,0.0974 Mpa,0.171 Mpa,0.0684 Mpa,0.268 Mpa,0.109 Mpa,0.0501 Mpa,0.0418 Mpa,3.52%,1.59%,1.91%,3.85%,6.51%,2.03%,8.26%,2.56%,1.38%,1.11%
2026-08-05 05:00:00,0.207 Mpa,0.120 Mpa,0.0886 Mpa,0.0571 Mpa,0.177 Mpa,0.101 Mpa,0.147 Mpa,0.108 Mpa,0.105 Mpa,0.0533 Mpa,6.20%,3.70%,2.70%,1.82%,6.21%,2.24%,4.36%,2.79%,2.97%,1.48%
2026-08-05 07:00:00,0.158 Mpa,0.123 Mpa,0.189 Mpa,0.0646 Mpa,0.114 Mpa,0.0786 Mpa,0.137 Mpa,0.115 Mpa,0.0384 Mpa,0.0957 Mpa,5.50%,3.78%,5.85%,1.80%,3.95%,1.38%,3.73%,3.03%,1.02%,2.89%
2026-08-05 09:00:00,0.133 Mpa,0.0949 Mpa,0 Mpa,0.0516 Mpa,0.0820 Mpa,0.0542 Mpa,0.276 Mpa,0.118 Mpa,0.0936 Mpa,0.0434 Mpa,3.88%,2.82%,0%,1.50%,3.31%,1.07%,7.72%,3.13%,2.64%,1.11%
2026-08-05 11:00:00,0.0900 Mpa,0.243 Mpa,,0.0290 Mpa,0.125 Mpa,0.136 Mpa,0.112 Mpa,0.0968 Mpa,0.0461 Mpa,0.151 Mpa,2.60%,7.45%,,0.796%,4.79%,3.76%,3.65%,2.55%,1.25%,3.95%
2026-08-05 13:00:00,0.105 Mpa,0.231 Mpa,0.00276 Mpa,0.0941 Mpa,0.168 Mpa,0.0931 Mpa,0.123 Mpa,0.0712 Mpa,0.109 Mpa,0.0634 Mpa,3.59%,7.51%,0%,2.86%,5.18%,2.88%,3.45%,1.42%,3.37%,1.68%
2026-08-05 15:00:00,0.0698 Mpa,0.0649 Mpa,0.0590 Mpa,0.127 Mpa,0.158 Mpa,0.0675 Mpa,0.533 Mpa,0.214 Mpa,0.0483 Mpa,0.141 Mpa,2.67%,2.19%,1.90%,3.75%,5.65%,1.38%,14.4%,5.72%,1.42%,3.95%
2026-08-05 17:00:00,0.105 Mpa,0.102 Mpa,0.233 Mpa,0.0468 Mpa,0.171 Mpa,0.0825 Mpa,0.117 Mpa,0.124 Mpa,0.0943 Mpa,0.0782 Mpa,3.29%,3.44%,7.37%,1.33%,5.71%,2.30%,3.77%,3.06%,2.77%,2.30%
2026-08-05 19:00:00,0.176 Mpa,0.0946 Mpa,0.101 Mpa,0.145 Mpa,0.0617 Mpa,0.0538 Mpa,0.161 Mpa,0.0571 Mpa,0.0640 Mpa,0.0767 Mpa,5.65%,3.31%,3.17%,4.46%,1.94%,1.42%,5.29%,1.10%,1.84%,2.19%
2026-08-05 21:00:00,0.195 Mpa,0.0878 Mpa,0.247 Mpa,0.108 Mpa,0.0811 Mpa,0.135 Mpa,0.346 Mpa,0.0659 Mpa,0.0605 Mpa,0.0841 Mpa,7.60%,2.77%,7.82%,3.39%,2.85%,3.80%,12.1%,1.47%,1.70%,2.33%
2026-08-05 23:00:00,0.0790 Mpa,0.0757 Mpa,0.0438 Mpa,0.0603 Mpa,0.223 Mpa,0.0756 Mpa,0.0923 Mpa,0.102 Mpa,0.0408 Mpa,0.0935 Mpa,2.77%,2.38%,1.25%,1.70%,6.95%,2.27%,3.07%,3.17%,1.15%,2.72%
2026-08-06 01:00:00,0.0555 Mpa,0.199 Mpa,0.228 Mpa,0.158 Mpa,0.144 Mpa,0.0517 Mpa,0.103 Mpa,,0.293 Mpa,0.0975 Mpa,1.30%,6.39%,7.44%,4.74%,5.25%,1.46%,3.57%,,8.77%,2.65%
2026-08-06 03:00:00,0.157 Mpa,0.125 Mpa,0.0415 Mpa,0.0840 Mpa,0.172 Mpa,0.133 Mpa,0.189 Mpa,0.297 Mpa,0.0429 Mpa,0.0510 Mpa,4.45%,3.91%,1.29%,2.45%,6.63%,3.99%,6.49%,10.0%,1.03%,1.39%
2026-08-06 05:00:00,0.183 Mpa,0.179 Mpa,0.176 Mpa,0.135 Mpa,0.129 Mpa,0.0551 Mpa,0.196 Mpa,,0.0416 Mpa,0.108 Mpa,5.34%,5.69%,5.57%,3.88%,4.66%,1.60%,6.38%,,1.16%,2.89%
2026-08-06 07:00:00,0.0604 Mpa,0.0978 Mpa,0.0873 Mpa,0.0391 Mpa,0.0859 Mpa,0.111 Mpa,0.135 Mpa,,0.0474 Mpa,0.171 Mpa,1.85%,3.70%,2.70%,1.24%,3.01%,3.32%,4.65%,,1.49%,4.86%
2026-08-06 09:00:00,0.102 Mpa,0.226 Mpa,0.100 Mpa,0.0633 Mpa,0.362 Mpa,0.0906 Mpa,0.218 Mpa,,0.0918 Mpa,0.0778 Mpa,3.70%,8.60%,3.14%,1.89%,12.8%,2.71%,7.24%,,2.72%,2.00%
2026-08-06 11:00:00,0.111 Mpa,0.0648 Mpa,0.0975 Mpa,0.137 Mpa,0.421 Mpa,0.155 Mpa,0.477 Mpa,0.251 Mpa,0.158 Mpa,0.106 Mpa,3.88%,2.56%,3.00%,4.04%,15.2%,4.89%,15.5%,6.44%,4.89%,2.99%
2026-08-06 13:00:00,0.166 Mpa,0.117 Mpa,0.209 Mpa,0.138 Mpa,0.130 Mpa,0.138 Mpa,0.149 Mpa,,0.0599 Mpa,0.182 Mpa,5.08%,3.81%,6.86%,4.12%,4.59%,4.09%,4.81%,,1.76%,5.06%
2026-08-06 15:00:00,0.103 Mpa,0.141 Mpa,0.0707 Mpa,0.0559 Mpa,0.0480 Mpa,0.245 Mpa,0.196 Mpa,,0.270 Mpa,0.160 Mpa,3.09%,4.69%,2.20%,1.65%,1.65%,7.05%,6.32%,,8.62%,4.52%
2026-08-06 17:00:00,0.149 Mpa,0.125 Mpa,0.154 Mpa,0 Mpa,0.142 Mpa,0.174 Mpa,0.266 Mpa,,0.123 Mpa,0.114 Mpa,4.42%,3.90%,4.56%,0.00962%,4.99%,5.08%,8.78%,,3.58%,3.18%
2026-08-06 19:00:00,0.0600 Mpa,0.0317 Mpa,0.101 Mpa,0.0751 Mpa,0.0641 Mpa,0.107 Mpa,0.404 Mpa,,0.0712 Mpa,0.0663 Mpa,1.70%,0.930%,3.09%,2.20%,2.40%,2.90%,12.9%,,1.99%,1.79%
2026-08-06 21:00:00,0.277 Mpa,0.118 Mpa,0.0603 Mpa,0.151 Mpa,0.105 Mpa,0.234 Mpa,0.110 Mpa,,0.0787 Mpa,0.111 Mpa,9.86%,3.56%,1.87%,4.30%,3.93%,6.98%,3.63%,,2.20%,3.04%
2026-08-06 23:00:00,0.118 Mpa,0.100 Mpa,0.167 Mpa,0.0520 Mpa,0.0830 Mpa,0.0954 Mpa,0.210 Mpa,0.168 Mpa,0.127 Mpa,0.102 Mpa,4.19%,3.08%,5.06%,1.57%,3.09%,2.87%,6.94%,4.55%,3.64%,2.75%
2026-08-07 01:00:00,0.100 Mpa,0.121 Mpa,0.0574 Mpa,0.0752 Mpa,0.137 Mpa,0.0609 Mpa,0.271 Mpa,0.0493 Mpa,0.0575 Mpa,0.159 Mpa,3.07%,3.76%,1.80%,2.11%,5.04%,1.75%,9.26%,0.671%,1.40%,4.29%
2026-08-07 03:00:00,0.0828 Mpa,0.490 Mpa,0.152 Mpa,0.118 Mpa,0.0816 Mpa,0.0520 Mpa,0.200 Mpa,0.0496 Mpa,0.0274 Mpa,0.159 Mpa,2.43%,14.6%,4.64%,3.42%,3.01%,1.38%,6.71%,0.605%,0.651%,4.37%
2026-08-07 05:00:00,0.0831 Mpa,0.167 Mpa,0.119 Mpa,0.0503 Mpa,0.0816 Mpa,0.120 Mpa,0.269 Mpa,0.0818 Mpa,0.286 Mpa,0.101 Mpa,2.45%,5.40%,3.62%,1.57%,2.94%,3.49%,8.86%,1.62%,8.18%,2.75%
2026-08-07 07:00:00,0.0836 Mpa,0.184 Mpa,0.0461 Mpa,0.0822 Mpa,0.0987 Mpa,0.0549 Mpa,0.182 Mpa,0.144 Mpa,0.314 Mpa,0.0935 Mpa,2.47%,6.00%,1.45%,2.54%,3.51%,1.70%,6.06%,3.93%,10.2%,2.57%
2026-08-07 09:00:00,0.0723 Mpa,0.227 Mpa,0.0692 Mpa,0.0947 Mpa,0.0593 Mpa,0.0911 Mpa,0.137 Mpa,0.0746 Mpa,0.133 Mpa,0.179 Mpa,2.18%,7.58%,2.00%,2.73%,2.02%,2.69%,4.53%,1.69%,4.03%,5.06%
2026-08-07 11:00:00,0.212 Mpa,0.126 Mpa,0.122 Mpa,0.142 Mpa,0.240 Mpa,0.191 Mpa,0.212 Mpa,0.0649 Mpa,0.0302 Mpa,0.111 Mpa,6.09%,4.20%,4.25%,4.11%,8.46%,5.66%,7.11%,1.49%,0.787%,2.95%
2026-08-07 13:00:00,0.0655 Mpa,0.145 Mpa,0.426 Mpa,0.0512 Mpa,0.0258 Mpa,0.0592 Mpa,0.0799 Mpa,0.118 Mpa,0.293 Mpa,0.0609 Mpa,1.93%,4.63%,13.3%,1.46%,0.849%,2.10%,2.67%,3.00%,8.75%,1.57%
2026-08-07 15:00:00,0.0771 Mpa,0.0950 Mpa,0.220 Mpa,0.0789 Mpa,0.0383 Mpa,0.0701 Mpa,0.256 Mpa,0.198 Mpa,0 Mpa,0.0624 Mpa,2.31%,3.10%,6.94%,2.19%,1.35%,2.45%,8.31%,5.65%,0%,1.78%
2026-08-07 17:00:00,0.0749 Mpa,0.101 Mpa,0.132 Mpa,0.0988 Mpa,0.350 Mpa,0.0840 Mpa,0.306 Mpa,0.128 Mpa,,0.132 Mpa,2.46%,3.22%,3.92%,2.92%,12.4%,3.41%,9.86%,3.48%,,3.64%
2026-08-07 19:00:00,0.0957 Mpa,0.179 Mpa,0.119 Mpa,0.0244 Mpa,0.0258 Mpa,0.0446 Mpa,0.175 Mpa,0.0956 Mpa,0.000756 Mpa,0.0215 Mpa,2.86%,5.58%,3.71%,0.609%,0.876%,1.25%,5.76%,2.51%,0%,0.506%
2026-08-07 21:00:00,0.0489 Mpa,0.111 Mpa,0.104 Mpa,0.0402 Mpa,0.0636 Mpa,0.117 Mpa,0.0836 Mpa,0.144 Mpa,0 Mpa,0.0392 Mpa,1.26%,3.52%,3.23%,1.12%,2.41%,3.35%,2.70%,3.76%,0.00395%,0.999%
2026-08-07 23:00:00,0.525 Mpa,0.103 Mpa,0.423 Mpa,0.0920 Mpa,0.0783 Mpa,0.173 Mpa,0.238 Mpa,0.124 Mpa,0.303 Mpa,0.0746 Mpa,18.1%,3.34%,16.6%,2.67%,2.99%,5.15%,7.19%,2.96%,8.51%,2.00%
2026-08-08 01:00:00,0.0851 Mpa,0.183 Mpa,0.0492 Mpa,0.159 Mpa,0.0973 Mpa,0.116 Mpa,0.165 Mpa,0.257 Mpa,,0.116 Mpa,2.23%,5.77%,1.37%,4.63%,3.61%,3.47%,5.27%,6.99%,,3.20%
2026-08-08 03:00:00,0.160 Mpa,0.0462 Mpa,0.119 Mpa,0.0596 Mpa,0.0445 Mpa,0.112 Mpa,0.112 Mpa,0.138 Mpa,,0.0930 Mpa,4.80%,1.47%,3.66%,1.70%,1.51%,2.96%,3.70%,3.51%,,2.61%
2026-08-08 05:00:00,0.0554 Mpa,0.0748 Mpa,0.0542 Mpa,0.0448 Mpa,0.0906 Mpa,0.187 Mpa,0.144 Mpa,0.107 Mpa,,0.0607 Mpa,1.50%,2.51%,1.61%,1.18%,3.36%,5.78%,4.82%,2.70%,,1.84%
2026-08-08 07:00:00,0.0439 Mpa,0.0568 Mpa,0.0965 Mpa,0.0263 Mpa,0.0686 Mpa,0.133 Mpa,0.0835 Mpa,0.133 Mpa,,0.0350 Mpa,1.03%,2.30%,2.76%,0.882%,2.37%,4.01%,2.72%,3.35%,,1.43%
2026-08-08 09:00:00,0.0557 Mpa,0.117 Mpa,0.111 Mpa,0.0177 Mpa,0.135 Mpa,0.111 Mpa,0.0855 Mpa,0.0999 Mpa,,0.122 Mpa,1.42%,4.24%,3.30%,0.704%,4.93%,2.29%,2.76%,2.50%,,3.32%
2026-08-08 11:00:00,0.137 Mpa,0.125 Mpa,0.0716 Mpa,0.0659 Mpa,0.156 Mpa,0.293 Mpa,0.0410 Mpa,0.168 Mpa,,0.0479 Mpa,3.98%,4.40%,2.05%,2.43%,5.59%,7.25%,1.53%,4.50%,,1.23%
2026-08-08 13:00:00,0.0565 Mpa,0.342 Mpa,0.0400 Mpa,0.102 Mpa,0.258 Mpa,0.125 Mpa,0.403 Mpa,0.107 Mpa,,0.106 Mpa,1.89%,10.8%,1.12%,2.98%,9.08%,1.75%,13.5%,2.79%,,2.99%
2026-08-08 15:00:00,0.0498 Mpa,0.0976 Mpa,0.0275 Mpa,0.0448 Mpa,0.0873 Mpa,0.187 Mpa,0.391 Mpa,0.0630 Mpa,0.0231 Mpa,0.0758 Mpa,1.40%,3.34%,0.828%,1.53%,2.66%,4.02%,12.7%,1.67%,0.463%,2.12%
2026-08-08 17:00:00,0.0864 Mpa,0.00712 Mpa,0.0298 Mpa,0.0817 Mpa,0.107 Mpa,0.104 Mpa,0.291 Mpa,0.0780 Mpa,0.127 Mpa,0.152 Mpa,2.82%,0.218%,0.789%,2.42%,3.35%,3.63%,9.52%,2.18%,3.53%,4.23%
2026-08-08 19:00:00,0.0809 Mpa,0.0612 Mpa,0.0345 Mpa,0.180 Mpa,0.0764 Mpa,0.0969 Mpa,0.188 Mpa,0.187 Mpa,0.0809 Mpa,0.0640 Mpa,2.44%,1.88%,0.958%,5.24%,2.41%,3.19%,6.52%,5.40%,2.14%,1.78%
2026-08-08 21:00:00,0.0620 Mpa,0.160 Mpa,0.0302 Mpa,0.111 Mpa,0.0632 Mpa,0.0651 Mpa,0.238 Mpa,0.0434 Mpa,0.0833 Mpa,0.0752 Mpa,1.68%,5.24%,0.942%,3.22%,2.11%,2.07%,8.30%,0.834%,2.19%,2.09%
2026-08-08 23:00:00,0.138 Mpa,0.120 Mpa,0.0104 Mpa,0.0888 Mpa,0.0776 Mpa,0.125 Mpa,0.245 Mpa,0.0725 Mpa,0.149 Mpa,0.113 Mpa,3.93%,3.80%,0.423%,2.66%,2.85%,3.86%,8.10%,1.64%,4.43%,3.22%
2026-08-09 01:00:00,0.137 Mpa,0.0455 Mpa,0.164 Mpa,0.0524 Mpa,0.0598 Mpa,0.0744 Mpa,0.374 Mpa,0.176 Mpa,0.0614 Mpa,,3.80%,1.48%,4.76%,1.62%,2.17%,1.54%,10.3%,4.85%,1.47%,
2026-08-09 03:00:00,0.117 Mpa,0.00366 Mpa,0.128 Mpa,0.0702 Mpa,0.0619 Mpa,0.0839 Mpa,0.210 Mpa,0.0553 Mpa,0.136 Mpa,0.0156 Mpa,4.54%,0%,3.84%,2.12%,2.31%,1.75%,7.00%,1.67%,3.88%,0.448%
2026-08-09 05:00:00,0.0867 Mpa,0.0620 Mpa,0.0339 Mpa,0.0539 Mpa,0.0955 Mpa,0.0539 Mpa,0.221 Mpa,0.133 Mpa,0.106 Mpa,,2.97%,2.33%,0.979%,1.54%,3.32%,1.45%,7.34%,3.91%,2.85%,
2026-08-09 07:00:00,0.0975 Mpa,0.0413 Mpa,0.0772 Mpa,0.0805 Mpa,0.0971 Mpa,0.0411 Mpa,0.171 Mpa,0.182 Mpa,0.0497 Mpa,,2.78%,1.40%,2.26%,2.44%,3.41%,1.31%,5.78%,4.92%,1.17%,
2026-08-09 09:00:00,0.0703 Mpa,0.0339 Mpa,0.0547 Mpa,0.0702 Mpa,0.0844 Mpa,0.0674 Mpa,0.101 Mpa,0.180 Mpa,0.176 Mpa,,2.60%,1.17%,1.55%,2.44%,2.97%,2.08%,3.38%,4.96%,5.18%,
2026-08-09 11:00:00,0.0790 Mpa,0.101 Mpa,0.0653 Mpa,0.0646 Mpa,0.117 Mpa,0.259 Mpa,0.401 Mpa,0.127 Mpa,0.157 Mpa,,2.95%,3.45%,1.98%,1.91%,4.44%,7.78%,13.7%,3.51%,4.55%,
2026-08-09 13:00:00,0.105 Mpa,0.0771 Mpa,0.175 Mpa,0.0713 Mpa,0.0802 Mpa,0.0462 Mpa,0.311 Mpa,0.221 Mpa,0.131 Mpa,,3.32%,2.45%,5.32%,2.22%,3.06%,1.30%,10.7%,6.03%,3.90%,
2026-08-09 15:00:00,0.0637 Mpa,0.208 Mpa,0.148 Mpa,0.0702 Mpa,0.0866 Mpa,0.0479 Mpa,0.137 Mpa,0.0977 Mpa,0.0891 Mpa,0.0445 Mpa,1.93%,6.51%,4.36%,2.36%,3.12%,1.41%,4.49%,2.47%,2.50%,0.978%
2026-08-09 17:00:00,0.125 Mpa,0.0542 Mpa,0.0912 Mpa,0.129 Mpa,0.0291 Mpa,0.0852 Mpa,0.284 Mpa,0.120 Mpa,0.0790 Mpa,0.155 Mpa,3.91%,1.88%,2.73%,3.78%,1.04%,2.45%,9.34%,3.02%,2.42%,4.04%
2026-08-09 19:00:00,0.242 Mpa,0.171 Mpa,0.0769 Mpa,0.0686 Mpa,0.0992 Mpa,0.0611 Mpa,0.151 Mpa,0.116 Mpa,0.101 Mpa,0.115 Mpa,7.26%,5.29%,2.50%,2.18%,4.04%,1.60%,5.01%,2.99%,2.95%,3.04%
2026-08-09 21:00:00,0 Mpa,0.0608 Mpa,0.121 Mpa,0.0324 Mpa,0.122 Mpa,0.0602 Mpa,0.158 Mpa,0.138 Mpa,0.161 Mpa,0.131 Mpa,0%,2.03%,3.68%,0.882%,4.85%,1.57%,5.33%,3.81%,5.07%,3.61%
2026-08-09 23:00:00,0.178 Mpa,0.0953 Mpa,0.137 Mpa,,0.0651 Mpa,0.184 Mpa,0.116 Mpa,0.134 Mpa,0.0936 Mpa,0.0654 Mpa,4.88%,3.23%,4.20%,,2.74%,5.26%,3.14%,3.35%,2.57%,1.77%
2026-08-10 01:00:00,0.0632 Mpa,0.184 Mpa,2.18 Mpa,0.000640 Mpa,0.0802 Mpa,0.101 Mpa,0.145 Mpa,0.103 Mpa,0.195 Mpa,0.0949 Mpa,1.86%,6.13%,70.0%,0%,2.89%,2.98%,4.45%,2.72%,5.85%,2.56%
2026-08-10 03:00:00,0.0368 Mpa,0.157 Mpa,0.0455 Mpa,,0.0726 Mpa,0.163 Mpa,0.233 Mpa,0.0917 Mpa,0.0962 Mpa,0.0507 Mpa,1.09%,5.05%,1.31%,,2.79%,4.85%,7.53%,2.34%,2.85%,1.32%
2026-08-10 05:00:00,0.0792 Mpa,0.162 Mpa,0.224 Mpa,,0.0987 Mpa,0.133 Mpa,0.0982 Mpa,0.0486 Mpa,0.116 Mpa,0.126 Mpa,2.23%,5.20%,6.21%,,3.44%,4.26%,3.22%,1.03%,3.44%,3.44%
2026-08-10 07:00:00,0.0907 Mpa,0.0626 Mpa,0.108 Mpa,,0.101 Mpa,0.0826 Mpa,0.0683 Mpa,0.0503 Mpa,0.0724 Mpa,0.210 Mpa,2.73%,2.42%,3.06%,,3.62%,2.62%,2.29%,0.963%,2.08%,6.02%
2026-08-10 09:00:00,0.0827 Mpa,0.0731 Mpa,0.174 Mpa,,0.102 Mpa,0.114 Mpa,0.127 Mpa,0.0458 Mpa,0.342 Mpa,0.169 Mpa,2.53%,2.75%,5.16%,,3.77%,3.44%,4.19%,0.938%,10.0%,5.05%
2026-08-10 11:00:00,0.0926 Mpa,0.0561 Mpa,0.0804 Mpa,,0.171 Mpa,0.126 Mpa,0.225 Mpa,0.0819 Mpa,0.0992 Mpa,0.257 Mpa,2.82%,1.98%,2.37%,,5.96%,3.70%,7.41%,2.14%,2.75%,7.46%
2026-08-10 13:00:00,0.149 Mpa,0.195 Mpa,0.0520 Mpa,,,0.0632 Mpa,0.382 Mpa,0.0425 Mpa,0.163 Mpa,0.135 Mpa,4.48%,6.16%,1.45%,,,1.88%,12.5%,0.897%,5.07%,3.89%
2026-08-10 15:00:00,0.0813 Mpa,0.0477 Mpa,0.0480 Mpa,,0.158 Mpa,0.0850 Mpa,0.121 Mpa,0.175 Mpa,0.171 Mpa,0.137 Mpa,2.49%,1.53%,1.41%,,5.50%,2.12%,4.01%,4.80%,5.19%,4.08%
2026-08-10 17:00:00,0.0878 Mpa,0.172 Mpa,,,0.104 Mpa,0.112 Mpa,0.0850 Mpa,0.159 Mpa,0.349 Mpa,0.156 Mpa,2.65%,5.66%,,,3.44%,3.13%,2.86%,4.32%,10.4%,4.62%
2026-08-10 19:00:00,0.0378 Mpa,0.103 Mpa,,,0.0484 Mpa,0.197 Mpa,0.112 Mpa,0.166 Mpa,0.0572 Mpa,0.0861 Mpa,1.02%,3.36%,,,1.80%,5.92%,3.73%,4.41%,1.68%,2.61%
2026-08-10 21:00:00,0.0848 Mpa,0.124 Mpa,0.000297 Mpa,,0.0994 Mpa,0.0638 Mpa,0.0992 Mpa,0.169 Mpa,0.0586 Mpa,0.126 Mpa,2.45%,4.08%,0.0156%,,3.85%,1.84%,3.38%,4.57%,1.69%,3.66%
2026-08-10 23:00:00,0.220 Mpa,0.102 Mpa,,,0.0402 Mpa,0.0878 Mpa,0.562 Mpa,0.125 Mpa,0.224 Mpa,0.0677 Mpa,6.43%,3.32%,,,1.55%,2.64%,18.0%,3.21%,11.7%,2.00%
2026-08-11 01:00:00,0.395 Mpa,0.135 Mpa,0 Mpa,,0.0297 Mpa,0.122 Mpa,0.145 Mpa,0.112 Mpa,0.161 Mpa,0.0880 Mpa,11.3%,4.72%,0%,,1.09%,3.73%,4.92%,2.85%,5.29%,2.53%
2026-08-11 03:00:00,0.172 Mpa,0.0606 Mpa,,,0.0368 Mpa,0.104 Mpa,0.159 Mpa,0.0384 Mpa,0.180 Mpa,0.0795 Mpa,5.08%,2.04%,,,1.29%,3.20%,5.40%,0.679%,5.64%,2.28%
2026-08-11 05:00:00,0.119 Mpa,0.0366 Mpa,,,0.129 Mpa,0.176 Mpa,0.282 Mpa,0.103 Mpa,0.201 Mpa,0.0740 Mpa,3.51%,1.23%,,,4.68%,5.29%,9.15%,3.00%,5.92%,1.95%
2026-08-11 07:00:00,0.0354 Mpa,0.0870 Mpa,,,,0.0966 Mpa,0.251 Mpa,0.101 Mpa,0.176 Mpa,0.0631 Mpa,0.915%,2.93%,,,,2.90%,6.82%,3.13%,5.18%,1.69%
2026-08-11 09:00:00,0.0772 Mpa,0.0974 Mpa,,,,0.102 Mpa,0.152 Mpa,0.321 Mpa,0.159 Mpa,0.0863 Mpa,2.28%,3.15%,,,,2.56%,4.30%,9.72%,4.63%,2.37%
2026-08-11 11:00:00,0.176 Mpa,0.180 Mpa,,,0.00148 Mpa,0.119 Mpa,0.0618 Mpa,0.200 Mpa,0.110 Mpa,0.0717 Mpa,5.14%,6.12%,,,0%,3.19%,2.11%,6.33%,3.05%,2.05%
2026-08-11 13:00:00,0.0892 Mpa,0.0736 Mpa,,,0.0600 Mpa,0.0933 Mpa,0.0632 Mpa,0.125 Mpa,0.0525 Mpa,0.101 Mpa,2.53%,2.43%,,,2.26%,2.78%,2.08%,3.97%,1.47%,2.92%
2026-08-11 15:00:00,0.189 Mpa,0.0905 Mpa,,,0.107 Mpa,0.140 Mpa,0.0626 Mpa,0.241 Mpa,0.0405 Mpa,0.163 Mpa,5.64%,2.97%,,,3.88%,3.68%,2.19%,7.59%,1.02%,4.59%
2026-08-11 17:00:00,0.0349 Mpa,0.0652 Mpa,,,0.0271 Mpa,0.0848 Mpa,0.150 Mpa,0.150 Mpa,0.0739 Mpa,0.0687 Mpa,0.851%,2.26%,,,0.984%,2.67%,4.97%,4.14%,2.03%,1.98%
2026-08-11 19:00:00,0.0799 Mpa,0.0825 Mpa,,,0.0306 Mpa,0.0878 Mpa,0.138 Mpa,0.0702 Mpa,0.0461 Mpa,0.0737 Mpa,2.38%,2.66%,,,1.12%,2.65%,4.52%,1.58%,1.24%,2.07%
2026-08-11 21:00:00,0.0907 Mpa,0.0662 Mpa,0 Mpa,,0.205 Mpa,0.192 Mpa,0.102 Mpa,0.151 Mpa,0.0603 Mpa,0.205 Mpa,2.75%,2.28%,0%,,7.70%,6.21%,3.43%,3.83%,1.62%,5.83%
2026-08-11 23:00:00,0.194 Mpa,0.118 Mpa,0.000851 Mpa,,0.153 Mpa,0.121 Mpa,0.155 Mpa,0.0968 Mpa,0.147 Mpa,0.111 Mpa,5.96%,3.97%,0%,,5.69%,3.66%,5.24%,2.42%,4.39%,3.12%
2026-08-12 01:00:00,0.252 Mpa,0.183 Mpa,0.0313 Mpa,,0.172 Mpa,0.178 Mpa,0.143 Mpa,0.0903 Mpa,0.0816 Mpa,0 Mpa,7.56%,6.18%,0.779%,,5.21%,5.32%,4.79%,2.34%,2.20%,0%
2026-08-12 03:00:00,0.0490 Mpa,0.0803 Mpa,0.369 Mpa,,0.162 Mpa,0.112 Mpa,0.0810 Mpa,0.0883 Mpa,0.0229 Mpa,0.0201 Mpa,1.72%,2.61%,9.57%,,5.44%,3.01%,2.67%,2.03%,0.409%,0.476%
2026-08-12 05:00:00,0.103 Mpa,0.162 Mpa,0.142 Mpa,,0.150 Mpa,0.139 Mpa,0.266 Mpa,0.189 Mpa,0.0862 Mpa,0.183 Mpa,3.13%,5.26%,4.25%,,5.45%,3.66%,8.47%,5.40%,2.39%,4.83%
2026-08-12 07:00:00,0.0966 Mpa,0.148 Mpa,0.0234 Mpa,,0.0752 Mpa,0.104 Mpa,0.288 Mpa,0.170 Mpa,0.0307 Mpa,0.0510 Mpa,2.79%,4.77%,0.639%,,2.71%,3.16%,8.57%,5.13%,0.798%,1.30%
2026-08-12 09:00:00,0.0563 Mpa,0.128 Mpa,0.0491 Mpa,,0.0997 Mpa,0.282 Mpa,0.0433 Mpa,0.117 Mpa,0.0653 Mpa,0.0614 Mpa,1.46%,3.94%,1.44%,,3.01%,7.38%,1.07%,3.99%,1.87%,2.05%
2026-08-12 11:00:00,0.0875 Mpa,0.0591 Mpa,0.0244 Mpa,,0.205 Mpa,0.419 Mpa,0.108 Mpa,0.252 Mpa,0.0908 Mpa,0.0716 Mpa,2.80%,1.89%,0.839%,,6.27%,11.6%,3.44%,8.62%,2.77%,2.01%
2026-08-12 13:00:00,0.103 Mpa,0.169 Mpa,0.0767 Mpa,,0.0896 Mpa,0.378 Mpa,0.0535 Mpa,0.173 Mpa,0.154 Mpa,0.0700 Mpa,3.12%,5.35%,2.57%,,3.13%,10.8%,1.76%,5.82%,4.56%,1.90%
2026-08-12 15:00:00,0.0865 Mpa,0.230 Mpa,0 Mpa,0 Mpa,0.0726 Mpa,0.156 Mpa,0.0646 Mpa,0.0386 Mpa,0.0755 Mpa,0.0870 Mpa,2.61%,7.53%,0%,0%,2.66%,4.10%,2.34%,0.679%,2.10%,2.45%
2026-08-12 17:00:00,0.140 Mpa,0.151 Mpa,0 Mpa,,0.0660 Mpa,0.124 Mpa,0.0821 Mpa,0.223 Mpa,0.0783 Mpa,0.0918 Mpa,5.10%,5.04%,0%,,2.52%,3.82%,2.88%,6.79%,2.43%,2.49%
2026-08-12 19:00:00,0.106 Mpa,0.0540 Mpa,0 Mpa,0 Mpa,0.0952 Mpa,0.143 Mpa,0.0353 Mpa,0.266 Mpa,0.0652 Mpa,0.135 Mpa,4.11%,2.11%,0.163%,0%,3.35%,4.30%,1.13%,7.26%,1.93%,3.68%
2026-08-12 21:00:00,0.102 Mpa,0.0465 Mpa,0 Mpa,0.109 Mpa,0.106 Mpa,0.131 Mpa,0.166 Mpa,0.0629 Mpa,0.0641 Mpa,0 Mpa,3.31%,1.61%,7.47%,2.87%,3.72%,3.47%,5.22%,1.31%,1.78%,0.00361%
2026-08-12 23:00:00,0.0872 Mpa,0.0941 Mpa,0.0421 Mpa,0.345 Mpa,0.137 Mpa,0.0541 Mpa,0.0882 Mpa,0.0435 Mpa,0.113 Mpa,0 Mpa,2.75%,3.18%,0.976%,9.66%,4.85%,1.69%,2.69%,0.858%,3.21%,0%
2026-08-13 01:00:00,0.133 Mpa,0.223 Mpa,0.0705 Mpa,0.0462 Mpa,0.103 Mpa,0.120 Mpa,0.107 Mpa,0.0569 Mpa,0.0526 Mpa,0.0167 Mpa,4.29%,7.01%,1.99%,1.37%,3.62%,2.56%,3.36%,1.14%,1.26%,0.407%
2026-08-13 03:00:00,0.126 Mpa,0.177 Mpa,0.118 Mpa,0.0535 Mpa,0.151 Mpa,0.0923 Mpa,0.0169 Mpa,0.0650 Mpa,0.0447 Mpa,0.0480 Mpa,4.69%,5.83%,3.51%,1.72%,5.45%,1.09%,0.487%,1.65%,1.06%,1.28%
2026-08-13 05:00:00,0.110 Mpa,0.241 Mpa,0.0517 Mpa,0.159 Mpa,0.283 Mpa,0.123 Mpa,0.151 Mpa,0.126 Mpa,0.0891 Mpa,0.0325 Mpa,4.02%,7.60%,1.51%,4.94%,9.72%,3.53%,4.82%,3.36%,2.57%,0.818%
2026-08-13 07:00:00,0.191 Mpa,0.133 Mpa,0.0354 Mpa,0.0771 Mpa,0.0488 Mpa,0.0615 Mpa,0.0909 Mpa,0.0576 Mpa,0.0740 Mpa,0.0812 Mpa,6.42%,4.17%,1.05%,2.30%,1.88%,1.63%,2.91%,1.05%,2.25%,1.99%
2026-08-13 09:00:00,0.370 Mpa,0.143 Mpa,0.0460 Mpa,0.108 Mpa,0.102 Mpa,0.145 Mpa,0.0687 Mpa,0.0835 Mpa,0.0786 Mpa,0.0661 Mpa,11.1%,4.50%,1.36%,3.08%,3.56%,4.05%,2.37%,2.02%,2.29%,1.67%
2026-08-13 11:00:00,0.244 Mpa,0.0924 Mpa,0.107 Mpa,0 Mpa,0.162 Mpa,0.0377 Mpa,0.149 Mpa,0.0456 Mpa,0.103 Mpa,0.0643 Mpa,8.09%,2.81%,3.36%,0%,5.15%,0.551%,4.96%,0.582%,3.06%,1.78%
2026-08-13 13:00:00,0.0508 Mpa,0.351 Mpa,0.107 Mpa,0 Mpa,0 Mpa,0.244 Mpa,0.0519 Mpa,0.162 Mpa,0.116 Mpa,0.135 Mpa,1.82%,10.7%,3.18%,0%,0%,6.02%,1.77%,4.42%,3.48%,3.82%
2026-08-13 15:00:00,0.162 Mpa,0.0796 Mpa,0.306 Mpa,0.00764 Mpa,0.0545 Mpa,0.167 Mpa,0.0533 Mpa,0.114 Mpa,0.0808 Mpa,0.0719 Mpa,5.35%,2.56%,9.81%,0%,1.71%,4.06%,1.74%,2.86%,2.29%,2.16%
2026-08-13 17:00:00,0.127 Mpa,0.176 Mpa,0.185 Mpa,0.0787 Mpa,0.0860 Mpa,0.231 Mpa,0.0859 Mpa,0.160 Mpa,0.0799 Mpa,0.0989 Mpa,3.76%,5.22%,5.42%,2.34%,3.15%,5.65%,3.04%,4.05%,2.21%,2.73%
2026-08-13 19:00:00,0.0869 Mpa,0 Mpa,0.0463 Mpa,0.149 Mpa,0.0518 Mpa,0.0768 Mpa,0.262 Mpa,0.0773 Mpa,0.0713 Mpa,0.129 Mpa,2.49%,0%,1.33%,5.03%,1.75%,2.37%,8.84%,1.66%,2.10%,3.63%
2026-08-13 21:00:00,0.115 Mpa,,0.0694 Mpa,0.0619 Mpa,0.119 Mpa,0.125 Mpa,0.165 Mpa,0.0914 Mpa,0.155 Mpa,0.172 Mpa,3.79%,,1.99%,2.41%,4.24%,3.72%,5.56%,2.10%,4.77%,4.94%
2026-08-13 23:00:00,0.185 Mpa,,0.0741 Mpa,0.0692 Mpa,0.0911 Mpa,0.0664 Mpa,0.151 Mpa,0.0441 Mpa,0.186 Mpa,0.105 Mpa,5.48%,,2.27%,3.45%,3.21%,1.88%,4.87%,0.695%,5.66%,3.06%
2026-08-14 01:00:00,0.0491 Mpa,,0.0699 Mpa,0.0929 Mpa,0.0654 Mpa,0.269 Mpa,0.142 Mpa,0.154 Mpa,0.0926 Mpa,0.126 Mpa,1.38%,,1.95%,3.58%,2.31%,7.84%,4.68%,4.01%,2.62%,3.50%
2026-08-14 03:00:00,0.0952 Mpa,0.106 Mpa,0.0317 Mpa,0.00254 Mpa,0.0608 Mpa,0.197 Mpa,0.0825 Mpa,0.0755 Mpa,0.0541 Mpa,0.121 Mpa,2.59%,3.23%,0.851%,0%,2.14%,5.58%,2.77%,1.62%,1.62%,3.34%
2026-08-14 05:00:00,0.110 Mpa,0.128 Mpa,0.0368 Mpa,0.571 Mpa,0.0752 Mpa,0.100 Mpa,0.0679 Mpa,0.0768 Mpa,0.0963 Mpa,0.103 Mpa,3.20%,4.03%,0.971%,15.6%,2.72%,2.58%,2.28%,2.22%,2.75%,2.98%
2026-08-14 07:00:00,0.215 Mpa,0.0676 Mpa,0.0108 Mpa,0.107 Mpa,0.132 Mpa,0.0890 Mpa,0.113 Mpa,0.180 Mpa,0.0934 Mpa,0.0773 Mpa,6.18%,2.06%,0.287%,2.97%,4.87%,2.58%,3.78%,4.88%,2.72%,2.11%
2026-08-14 09:00:00,0.282 Mpa,0.164 Mpa,0.0422 Mpa,0.133 Mpa,0.0696 Mpa,0.0350 Mpa,0.0815 Mpa,0.137 Mpa,0.117 Mpa,0.0950 Mpa,8.16%,5.23%,1.15%,3.78%,2.61%,1.02%,2.75%,3.66%,3.54%,2.70%
2026-08-14 11:00:00,0.116 Mpa,0.117 Mpa,0.0660 Mpa,0.0146 Mpa,0.0665 Mpa,0.0749 Mpa,0.287 Mpa,0.139 Mpa,0.0915 Mpa,0.0877 Mpa,3.97%,4.03%,1.98%,0.409%,2.49%,2.14%,9.48%,3.57%,2.79%,2.37%
2026-08-14 13:00:00,0.136 Mpa,0.135 Mpa,0.0457 Mpa,0 Mpa,0.187 Mpa,0.0430 Mpa,0.0711 Mpa,0.520 Mpa,0.0838 Mpa,0.141 Mpa,5.01%,4.09%,1.37%,0%,6.83%,1.08%,2.46%,14.3%,2.40%,3.95%
2026-08-14 15:00:00,0.140 Mpa,0.155 Mpa,0.0898 Mpa,0.0310 Mpa,0.0632 Mpa,0.117 Mpa,0.120 Mpa,0.373 Mpa,0.0755 Mpa,0.0745 Mpa,5.56%,5.21%,2.75%,0.709%,2.53%,3.36%,4.11%,10.5%,2.19%,1.91%
2026-08-14 17:00:00,0.154 Mpa,0.119 Mpa,0.183 Mpa,0.174 Mpa,0.204 Mpa,0.138 Mpa,0.177 Mpa,0.164 Mpa,0.109 Mpa,0.0634 Mpa,5.03%,3.80%,6.03%,5.34%,7.75%,4.12%,5.86%,4.46%,3.19%,1.82%
2026-08-14 19:00:00,0.144 Mpa,0.0846 Mpa,,0.0561 Mpa,0.0570 Mpa,0.253 Mpa,0.151 Mpa,0.0778 Mpa,0.192 Mpa,0.0528 Mpa,4.26%,2.89%,,1.88%,1.91%,7.61%,4.85%,1.87%,5.68%,1.35%
2026-08-14 21:00:00,0.208 Mpa,0.0989 Mpa,,0.0452 Mpa,0.158 Mpa,0.148 Mpa,0.148 Mpa,0.145 Mpa,0.166 Mpa,0.0833 Mpa,6.44%,3.19%,,1.19%,5.81%,4.25%,4.96%,3.69%,4.97%,2.26%
2026-08-14 23:00:00,0.164 Mpa,0.0989 Mpa,,0.0457 Mpa,0.0538 Mpa,0.278 Mpa,0.0827 Mpa,0.0510 Mpa,0.141 Mpa,0.0551 Mpa,5.30%,3.24%,,1.39%,1.86%,8.07%,2.64%,0.944%,4.18%,1.50%
2026-08-15 01:00:00,0.127 Mpa,0.165 Mpa,,0.0780 Mpa,0.0643 Mpa,0.140 Mpa,0.0743 Mpa,0.0922 Mpa,0.0872 Mpa,0.150 Mpa,4.73%,5.40%,,2.58%,2.22%,3.96%,2.41%,2.23%,2.50%,3.89%
2026-08-15 03:00:00,0.108 Mpa,0.182 Mpa,,0.0647 Mpa,0.0720 Mpa,0.181 Mpa,0.0641 Mpa,0.0656 Mpa,0.0629 Mpa,0.0614 Mpa,3.53%,5.92%,,2.18%,2.44%,5.07%,2.07%,1.48%,1.76%,1.58%
2026-08-15 05:00:00,0.0556 Mpa,0.345 Mpa,0.000535 Mpa,0.0861 Mpa,0.0677 Mpa,0.130 Mpa,0.0604 Mpa,0.0664 Mpa,0.0956 Mpa,0.119 Mpa,1.58%,11.0%,0%,2.44%,2.31%,3.92%,1.87%,1.40%,2.79%,3.34%
2026-08-15 07:00:00,0.0656 Mpa,0.209 Mpa,0.0515 Mpa,0.0853 Mpa,0.0668 Mpa,0.111 Mpa,0.0356 Mpa,0.0523 Mpa,0.111 Mpa,0.108 Mpa,1.77%,6.70%,1.50%,2.37%,2.32%,3.37%,1.12%,0.779%,3.10%,2.82%
2026-08-15 09:00:00,0.0930 Mpa,0.153 Mpa,0.0837 Mpa,0.0435 Mpa,0.0760 Mpa,0.157 Mpa,0.118 Mpa,0.229 Mpa,0.0755 Mpa,0.0956 Mpa,2.71%,5.05%,2.58%,1.14%,2.76%,4.81%,3.87%,6.46%,2.24%,2.67%
2026-08-15 11:00:00,0.0887 Mpa,0.136 Mpa,0.0551 Mpa,0.0846 Mpa,0.0634 Mpa,0.102 Mpa,0.129 Mpa,0.0866 Mpa,0.105 Mpa,0.0774 Mpa,2.99%,4.36%,1.90%,2.38%,2.40%,3.11%,4.20%,1.87%,3.07%,2.17%
2026-08-15 13:00:00,0.0431 Mpa,0.0606 Mpa,0.0328 Mpa,0.103 Mpa,0.290 Mpa,0.0333 Mpa,0.156 Mpa,0.251 Mpa,0.0804 Mpa,0.0724 Mpa,1.67%,1.81%,0.921%,2.91%,10.5%,0.877%,5.21%,7.10%,2.42%,2.06%
2026-08-15 15:00:00,0.0668 Mpa,0.0750 Mpa,0.199 Mpa,0.140 Mpa,0.102 Mpa,0.227 Mpa,0.0486 Mpa,0.290 Mpa,0.125 Mpa,0.168 Mpa,2.44%,2.39%,6.10%,3.89%,3.68%,6.71%,1.52%,8.28%,3.75%,5.04%
2026-08-15 17:00:00,0.128 Mpa,0.0956 Mpa,0.277 Mpa,0.0424 Mpa,0.126 Mpa,0.118 Mpa,0.123 Mpa,,0.0849 Mpa,0.184 Mpa,4.29%,3.01%,9.46%,1.21%,4.83%,3.37%,3.91%,,2.74%,5.28%
2026-08-15 19:00:00,0.0804 Mpa,0.0890 Mpa,0.700 Mpa,0.0832 Mpa,0.107 Mpa,0.200 Mpa,0.180 Mpa,,0.0665 Mpa,0.114 Mpa,2.21%,2.76%,21.3%,2.34%,4.32%,6.01%,5.94%,,1.84%,3.23%
2026-08-15 21:00:00,0.0464 Mpa,0.0838 Mpa,0.117 Mpa,0.0658 Mpa,0.142 Mpa,0.149 Mpa,0.0615 Mpa,,0.0565 Mpa,0.214 Mpa,1.14%,2.57%,3.67%,1.81%,5.38%,3.98%,1.99%,,1.63%,6.32%
2026-08-15 23:00:00,0.188 Mpa,0.0982 Mpa,0.0338 Mpa,0.0968 Mpa,0.0640 Mpa,0.0483 Mpa,0.191 Mpa,0.0169 Mpa,0.181 Mpa,0.190 Mpa,6.27%,2.95%,0.946%,2.70%,2.27%,1.38%,6.25%,0.0333%,5.33%,5.37%
2026-08-16 01:00:00,0.365 Mpa,0.149 Mpa,0.0827 Mpa,0 Mpa,0.0506 Mpa,0.198 Mpa,0.0758 Mpa,,0.0844 Mpa,0.194 Mpa,9.70%,4.59%,2.65%,0%,2.00%,6.01%,2.47%,,2.46%,5.46%
2026-08-16 03:00:00,0.0680 Mpa,0.384 Mpa,0.123 Mpa,0.00613 Mpa,0.161 Mpa,0.175 Mpa,0.0945 Mpa,0.0362 Mpa,0.0792 Mpa,0.0749 Mpa,2.08%,11.7%,3.86%,0.159%,6.22%,5.35%,3.09%,0%,2.31%,2.03%
2026-08-16 05:00:00,0.0616 Mpa,0.121 Mpa,0.0863 Mpa,0.0938 Mpa,0.0476 Mpa,0.0734 Mpa,0.151 Mpa,0.0635 Mpa,0.185 Mpa,0.100 Mpa,2.04%,3.89%,2.58%,2.62%,1.66%,2.19%,4.94%,1.09%,5.62%,2.85%
2026-08-16 07:00:00,0.129 Mpa,0.160 Mpa,0.0908 Mpa,0.0635 Mpa,0.0694 Mpa,0.0657 Mpa,0.0155 Mpa,0.0849 Mpa,0.111 Mpa,0.0857 Mpa,4.56%,5.38%,2.70%,1.77%,2.59%,2.34%,0.504%,1.86%,3.44%,2.33%
2026-08-16 09:00:00,0.201 Mpa,0.155 Mpa,0.0760 Mpa,0.0419 Mpa,0.0816 Mpa,0.102 Mpa,0.153 Mpa,0.0561 Mpa,0.186 Mpa,0.0449 Mpa,5.90%,5.27%,2.27%,1.15%,2.82%,3.18%,5.06%,0.997%,5.97%,1.21%
2026-08-16 11:00:00,0.0918 Mpa,0.172 Mpa,0.100 Mpa,0.0933 Mpa,0.0559 Mpa,0.100 Mpa,0.256 Mpa,0.0808 Mpa,0.178 Mpa,0.0977 Mpa,2.79%,5.47%,3.08%,2.62%,1.98%,3.14%,8.41%,2.02%,5.42%,2.78%
2026-08-16 13:00:00,0.0912 Mpa,0.0970 Mpa,0.111 Mpa,0.0776 Mpa,0.126 Mpa,,0.373 Mpa,0.378 Mpa,0.112 Mpa,0.141 Mpa,2.99%,3.04%,3.74%,2.21%,4.64%,,12.0%,10.9%,3.24%,4.19%
2026-08-16 15:00:00,0.0763 Mpa,0.0891 Mpa,0.226 Mpa,0.0597 Mpa,0.0978 Mpa,,0.118 Mpa,0.0650 Mpa,0.0727 Mpa,0.217 Mpa,2.09%,2.87%,7.71%,1.78%,3.75%,,4.07%,1.68%,2.07%,6.44%
2026-08-16 17:00:00,0.107 Mpa,0.0655 Mpa,0.0922 Mpa,0.110 Mpa,0.0767 Mpa,,0.0708 Mpa,0.146 Mpa,0.123 Mpa,0.143 Mpa,3.14%,2.07%,2.76%,3.21%,2.51%,,2.30%,3.77%,3.66%,4.30%
2026-08-16 19:00:00,0.0466 Mpa,0.0608 Mpa,0.0958 Mpa,0.0555 Mpa,0.174 Mpa,,0.0245 Mpa,0.204 Mpa,0.192 Mpa,0.0661 Mpa,1.49%,1.81%,3.07%,1.60%,5.58%,,0.807%,5.70%,5.69%,1.72%
2026-08-16 21:00:00,0.141 Mpa,0.147 Mpa,0.153 Mpa,0.0632 Mpa,0.124 Mpa,,0.265 Mpa,0.151 Mpa,0.152 Mpa,0.0774 Mpa,4.24%,4.53%,5.03%,1.90%,4.27%,,8.81%,3.85%,4.47%,2.15%
2026-08-16 23:00:00,0.420 Mpa,0.0980 Mpa,0.104 Mpa,0.0432 Mpa,0.0353 Mpa,,0.123 Mpa,0.108 Mpa,0.334 Mpa,0.0469 Mpa,11.7%,2.96%,3.23%,1.23%,1.18%,,4.11%,2.76%,9.85%,1.30%
2026-08-17 01:00:00,0.0849 Mpa,0.174 Mpa,0.0206 Mpa,0.0753 Mpa,0.154 Mpa,,0.0657 Mpa,0.143 Mpa,0.0888 Mpa,0.182 Mpa,2.24%,5.43%,0.615%,2.25%,5.69%,,1.83%,4.02%,2.48%,5.05%
2026-08-17 03:00:00,0.152 Mpa,0.0485 Mpa,0.0346 Mpa,0.00390 Mpa,0.0687 Mpa,,0 Mpa,0.122 Mpa,0.102 Mpa,0.0907 Mpa,4.17%,1.45%,1.03%,0.0721%,2.68%,,0%,3.66%,2.80%,2.38%
2026-08-17 05:00:00,0.0937 Mpa,0.115 Mpa,0.167 Mpa,0.0943 Mpa,0.153 Mpa,,,0.0219 Mpa,0.0934 Mpa,0.100 Mpa,2.59%,3.84%,5.16%,2.76%,5.55%,,,0%,2.66%,2.67%
2026-08-17 07:00:00,0.0695 Mpa,0.0587 Mpa,0.130 Mpa,0.208 Mpa,0.131 Mpa,,,0.412 Mpa,0.123 Mpa,0.108 Mpa,1.86%,2.12%,3.44%,5.90%,4.66%,,,11.7%,3.74%,3.16%
2026-08-17 09:00:00,0.0523 Mpa,0.173 Mpa,0.0348 Mpa,0.0666 Mpa,0.0934 Mpa,,0.00343 Mpa,0.343 Mpa,0.0650 Mpa,0.0972 Mpa,1.51%,5.95%,1.02%,1.87%,3.50%,,0.0264%,9.68%,2.17%,2.83%
2026-08-17 11:00:00,0.0846 Mpa,0.0600 Mpa,0.0838 Mpa,0.114 Mpa,0.371 Mpa,0.177 Mpa,,0.266 Mpa,0.141 Mpa,0.0942 Mpa,2.46%,2.01%,2.43%,3.31%,13.3%,5.35%,,7.63%,4.46%,2.72%
2026-08-17 13:00:00,0.101 Mpa,0 Mpa,0.0545 Mpa,0.120 Mpa,0.0918 Mpa,0.0900 Mpa,,0.147 Mpa,0.188 Mpa,0.108 Mpa,3.20%,0%,1.68%,3.38%,3.39%,2.67%,,4.22%,5.82%,3.38%
2026-08-17 15:00:00,0.244 Mpa,0.0865 Mpa,0.0994 Mpa,0.0716 Mpa,0.117 Mpa,0.0809 Mpa,,0.269 Mpa,0.0656 Mpa,0.152 Mpa,7.27%,2.73%,2.95%,1.96%,4.57%,2.26%,,7.85%,2.00%,4.85%
2026-08-17 17:00:00,0.166 Mpa,0.0502 Mpa,0.337 Mpa,0.0769 Mpa,0.0916 Mpa,0.0774 Mpa,,0.267 Mpa,0.302 Mpa,0.424 Mpa,4.87%,1.59%,10.5%,2.39%,3.46%,2.23%,,7.61%,9.14%,12.2%
2026-08-17 19:00:00,0.254 Mpa,0.0645 Mpa,0.113 Mpa,0.108 Mpa,0.0558 Mpa,0.0960 Mpa,,0.256 Mpa,0.132 Mpa,,7.21%,1.92%,3.48%,3.34%,2.22%,2.65%,,7.49%,3.89%,
2026-08-17 21:00:00,0.117 Mpa,0.118 Mpa,0.0901 Mpa,0.0715 Mpa,0.0592 Mpa,0.0576 Mpa,,0.305 Mpa,0.0603 Mpa,,3.31%,3.64%,2.89%,2.14%,2.39%,1.59%,,8.72%,1.84%,
2026-08-17 23:00:00,0.170 Mpa,0.509 Mpa,0.230 Mpa,0.0922 Mpa,0.118 Mpa,0.116 Mpa,,0.345 Mpa,0.111 Mpa,,4.82%,15.7%,7.16%,2.63%,4.52%,3.43%,,9.99%,3.18%,
2026-08-18 01:00:00,0.239 Mpa,0.127 Mpa,0.0507 Mpa,0.0335 Mpa,0.157 Mpa,0.0526 Mpa,0.00785 Mpa,,0.0784 Mpa,0.0553 Mpa,6.84%,3.90%,1.65%,1.08%,6.08%,1.56%,0.191%,,2.14%,1.58%
2026-08-18 03:00:00,0.179 Mpa,0.178 Mpa,0.0673 Mpa,0.117 Mpa,0.231 Mpa,0.0715 Mpa,0.0342 Mpa,0.0176 Mpa,0.107 Mpa,0.119 Mpa,5.44%,5.36%,2.18%,3.99%,8.21%,1.90%,0.978%,0%,3.07%,3.30%
2026-08-18 05:00:00,0.0951 Mpa,0.0865 Mpa,0.0775 Mpa,0.173 Mpa,0.0883 Mpa,0.0772 Mpa,0.0932 Mpa,0.207 Mpa,0.0872 Mpa,0.134 Mpa,3.39%,2.53%,2.41%,5.12%,2.99%,2.08%,2.51%,5.48%,2.51%,4.09%
2026-08-18 07:00:00,0.206 Mpa,0.132 Mpa,0.165 Mpa,0.138 Mpa,0.104 Mpa,0.0678 Mpa,0.342 Mpa,0.452 Mpa,0.0737 Mpa,0.0636 Mpa,6.53%,4.13%,5.09%,4.37%,3.73%,1.94%,9.81%,12.5%,1.94%,1.85%
2026-08-18 09:00:00,0.0642 Mpa,0.199 Mpa,0.0696 Mpa,0.145 Mpa,0.0691 Mpa,0.0935 Mpa,0.0736 Mpa,0.126 Mpa,0.0290 Mpa,0.0501 Mpa,2.36%,6.97%,2.13%,4.71%,2.46%,2.66%,2.52%,3.00%,0.641%,1.52%
2026-08-18 11:00:00,0.120 Mpa,0.130 Mpa,0.236 Mpa,0.0601 Mpa,0.113 Mpa,0.0790 Mpa,0.113 Mpa,0.137 Mpa,0.223 Mpa,0.0676 Mpa,3.79%,4.39%,7.50%,1.79%,4.19%,2.36%,3.74%,3.34%,6.92%,1.84%
2026-08-18 13:00:00,0.0809 Mpa,0.233 Mpa,0.165 Mpa,0.0322 Mpa,0.0891 Mpa,0.156 Mpa,0.0795 Mpa,0.197 Mpa,0.427 Mpa,0.129 Mpa,2.36%,7.49%,5.32%,0.959%,3.39%,4.41%,2.88%,5.11%,13.5%,3.83%
2026-08-18 15:00:00,0.0916 Mpa,0.101 Mpa,0.0359 Mpa,0.0912 Mpa,0.135 Mpa,0.125 Mpa,0.0504 Mpa,0.0933 Mpa,0.267 Mpa,0.159 Mpa,2.82%,3.45%,1.09%,2.68%,5.08%,2.79%,1.83%,2.30%,8.38%,4.58%
2026-08-18 17:00:00,0.140 Mpa,0.0769 Mpa,0.0401 Mpa,0.104 Mpa,0.0911 Mpa,0.105 Mpa,0.0905 Mpa,0.102 Mpa,0.208 Mpa,0.196 Mpa,4.03%,2.58%,1.10%,2.95%,3.42%,2.65%,3.07%,2.69%,6.35%,5.61%
2026-08-18 19:00:00,0.0790 Mpa,0.106 Mpa,0.116 Mpa,0.0851 Mpa,0.0495 Mpa,0.0827 Mpa,0.163 Mpa,0.0598 Mpa,0.215 Mpa,0.155 Mpa,2.55%,3.53%,3.61%,2.55%,1.85%,1.60%,5.33%,1.30%,6.94%,4.46%
2026-08-18 21:00:00,0.0578 Mpa,0.119 Mpa,0.000615 Mpa,0.103 Mpa,0.101 Mpa,0.0624 Mpa,0.139 Mpa,0.0648 Mpa,0.183 Mpa,0.247 Mpa,1.65%,4.45%,0%,3.03%,3.70%,0.716%,4.53%,1.61%,5.44%,7.04%
2026-08-18 23:00:00,0.171 Mpa,0.147 Mpa,0.161 Mpa,0.305 Mpa,0.115 Mpa,0.0799 Mpa,0.250 Mpa,0.104 Mpa,0.0876 Mpa,0.178 Mpa,4.92%,5.05%,4.93%,8.67%,4.20%,1.36%,8.06%,3.09%,2.14%,4.85%
2026-08-19 01:00:00,0.0745 Mpa,0.158 Mpa,0.157 Mpa,0.198 Mpa,0.0837 Mpa,0.0684 Mpa,0.0571 Mpa,0.0393 Mpa,0.0584 Mpa,0.0886 Mpa,2.12%,5.17%,4.90%,5.61%,2.90%,1.85%,1.61%,0.832%,1.59%,2.52%
2026-08-19 03:00:00,0.0776 Mpa,0.0419 Mpa,0.0809 Mpa,0.0543 Mpa,0.0568 Mpa,0.0695 Mpa,0.135 Mpa,0.0144 Mpa,0.204 Mpa,0.0616 Mpa,2.12%,1.36%,2.50%,1.47%,2.11%,1.83%,3.87%,0%,6.28%,1.74%
2026-08-19 05:00:00,0.0896 Mpa,0.247 Mpa,0.0821 Mpa,0.0794 Mpa,0.115 Mpa,0.140 Mpa,0.134 Mpa,,0.140 Mpa,0.0782 Mpa,2.79%,8.09%,2.64%,2.30%,4.30%,3.38%,4.42%,,4.37%,2.22%
2026-08-19 07:00:00,0.101 Mpa,0.187 Mpa,0.0770 Mpa,0.0378 Mpa,0.144 Mpa,0.145 Mpa,0.108 Mpa,,0.0994 Mpa,0.0755 Mpa,3.79%,6.27%,2.36%,0.971%,4.65%,4.22%,3.55%,,2.84%,2.10%
2026-08-19 09:00:00,0.0548 Mpa,0.170 Mpa,0.0841 Mpa,0.0131 Mpa,0.230 Mpa,0.130 Mpa,0.107 Mpa,,0.123 Mpa,0.0800 Mpa,2.15%,5.76%,2.50%,0.323%,8.60%,4.18%,3.57%,,3.66%,2.29%
2026-08-19 11:00:00,0.0819 Mpa,0.133 Mpa,0.0884 Mpa,0.0462 Mpa,0.205 Mpa,0.378 Mpa,0.129 Mpa,,0.162 Mpa,0.0957 Mpa,2.76%,4.20%,2.72%,1.32%,7.20%,11.6%,4.49%,,4.67%,2.73%
2026-08-19 13:00:00,0.0278 Mpa,0.121 Mpa,0.0370 Mpa,0.104 Mpa,0.000149 Mpa,0.212 Mpa,0.129 Mpa,,0.0574 Mpa,0.0894 Mpa,0.796%,3.69%,1.28%,2.92%,0%,6.31%,4.31%,,1.57%,2.33%
2026-08-19 15:00:00,0.0611 Mpa,0.0493 Mpa,0.360 Mpa,0.0982 Mpa,0 Mpa,0.323 Mpa,0.0788 Mpa,0.0228 Mpa,0.0870 Mpa,0.0850 Mpa,1.78%,1.74%,11.1%,3.10%,0%,10.0%,2.73%,0.109%,2.51%,2.73%
2026-08-19 17:00:00,0.0815 Mpa,0.125 Mpa,0.0532 Mpa,0.180 Mpa,,0.169 Mpa,0.0961 Mpa,0.0348 Mpa,0.0979 Mpa,0.103 Mpa,2.68%,3.95%,1.53%,5.45%,,5.01%,3.22%,0.704%,2.95%,2.94%
2026-08-19 19:00:00,0.260 Mpa,0.0627 Mpa,0.102 Mpa,0.186 Mpa,,0.250 Mpa,0.153 Mpa,0.0280 Mpa,0.0771 Mpa,0.0614 Mpa,9.44%,2.19%,3.11%,5.51%,,7.39%,5.10%,0.411%,2.35%,1.67%
2026-08-19 21:00:00,0.126 Mpa,0.108 Mpa,0.0837 Mpa,0.250 Mpa,,0.108 Mpa,0.0711 Mpa,0.159 Mpa,0.0818 Mpa,0.0824 Mpa,4.61%,3.72%,2.49%,7.14%,,3.01%,2.42%,4.13%,2.33%,2.32%
2026-08-19 23:00:00,0.0804 Mpa,0.0624 Mpa,0.275 Mpa,0.0788 Mpa,,0.163 Mpa,0.151 Mpa,0.181 Mpa,0.559 Mpa,0.0868 Mpa,3.03%,2.22%,8.36%,2.12%,,4.64%,4.97%,5.03%,16.4%,2.48%
2026-08-20 01:00:00,0.105 Mpa,0.238 Mpa,0.0337 Mpa,0.0583 Mpa,0.0381 Mpa,0.197 Mpa,0.0946 Mpa,0.165 Mpa,0.161 Mpa,0.0693 Mpa,3.68%,7.19%,0.806%,1.96%,1.18%,5.82%,3.03%,4.21%,4.56%,2.74%
2026-08-20 03:00:00,0.116 Mpa,0.0481 Mpa,0.0872 Mpa,0.0695 Mpa,0.0572 Mpa,0.0783 Mpa,0.209 Mpa,0.111 Mpa,0.267 Mpa,0.0816 Mpa,3.61%,1.53%,2.53%,1.97%,1.67%,2.40%,6.86%,2.96%,7.91%,2.33%
2026-08-20 05:00:00,0.0309 Mpa,0.103 Mpa,0.143 Mpa,0.0519 Mpa,0.134 Mpa,0.179 Mpa,0.148 Mpa,0.169 Mpa,0.101 Mpa,0.102 Mpa,0.973%,3.33%,4.32%,1.50%,4.13%,5.43%,5.08%,4.63%,2.93%,2.92%
2026-08-20 07:00:00,0.153 Mpa,0.0257 Mpa,0.0554 Mpa,0.0655 Mpa,0.0658 Mpa,0.109 Mpa,0.128 Mpa,0.0429 Mpa,0.0851 Mpa,0.0560 Mpa,5.36%,0.940%,1.83%,2.06%,2.03%,3.26%,4.37%,0.628%,2.54%,1.53%
2026-08-20 09:00:00,0.0929 Mpa,0.147 Mpa,0.0485 Mpa,0.142 Mpa,0.0880 Mpa,0.00475 Mpa,0.232 Mpa,0.0596 Mpa,0.0635 Mpa,0.0652 Mpa,2.73%,4.95%,1.44%,4.35%,3.37%,0%,7.68%,1.29%,1.97%,1.92%
2026-08-20 11:00:00,0.129 Mpa,0.0377 Mpa,0.0187 Mpa,0.138 Mpa,0.100 Mpa,0.0680 Mpa,0.112 Mpa,0.0971 Mpa,0.107 Mpa,0.0836 Mpa,4.00%,1.17%,0.546%,3.93%,3.77%,1.66%,3.95%,2.56%,3.34%,2.41%
2026-08-20 13:00:00,0.105 Mpa,0.146 Mpa,0.0268 Mpa,0.102 Mpa,0.106 Mpa,0.139 Mpa,0.0693 Mpa,0.0600 Mpa,0.110 Mpa,0.0596 Mpa,3.20%,4.61%,0.825%,2.89%,3.83%,3.56%,2.31%,1.49%,3.32%,1.73%
2026-08-20 15:00:00,0.156 Mpa,0.0847 Mpa,0.0686 Mpa,0.165 Mpa,0.0251 Mpa,0.0502 Mpa,0.0783 Mpa,0.235 Mpa,0.0699 Mpa,0.0433 Mpa,4.44%,2.50%,2.10%,4.81%,0.820%,1.55%,2.73%,6.30%,2.02%,1.25%
2026-08-20 17:00:00,,0.0411 Mpa,0.0554 Mpa,0.0640 Mpa,0.0903 Mpa,0.0960 Mpa,0.162 Mpa,0.116 Mpa,0.0632 Mpa,0.0921 Mpa,,1.53%,1.79%,1.68%,3.16%,3.16%,5.21%,2.98%,1.68%,2.78%
2026-08-20 19:00:00,,0.137 Mpa,0.0687 Mpa,0.0340 Mpa,0.127 Mpa,0.0669 Mpa,0.101 Mpa,0.108 Mpa,0.106 Mpa,0.134 Mpa,,4.48%,2.08%,0.921%,4.70%,1.93%,3.28%,2.83%,2.91%,3.78%
2026-08-20 21:00:00,0.182 Mpa,0.157 Mpa,0.0725 Mpa,0.0462 Mpa,0.111 Mpa,0.0631 Mpa,0.0856 Mpa,0.0802 Mpa,0.0767 Mpa,0.136 Mpa,4.86%,5.24%,2.23%,1.24%,3.98%,1.96%,2.79%,2.20%,2.05%,3.80%
2026-08-20 23:00:00,0.000705 Mpa,0.0966 Mpa,0.103 Mpa,0.114 Mpa,0.0628 Mpa,0.0502 Mpa,0.100 Mpa,0.0565 Mpa,0.130 Mpa,0.223 Mpa,0%,3.32%,3.02%,3.40%,2.27%,1.46%,3.25%,1.41%,3.91%,6.15%
2026-08-21 01:00:00,,0.179 Mpa,0.781 Mpa,0.0654 Mpa,0.212 Mpa,0.0407 Mpa,0.123 Mpa,0.162 Mpa,0.139 Mpa,0.130 Mpa,,5.97%,24.3%,1.88%,7.41%,1.31%,3.99%,4.57%,3.99%,3.72%
2026-08-21 03:00:00,,0.171 Mpa,0.264 Mpa,0.0900 Mpa,0.343 Mpa,0.0649 Mpa,0.0386 Mpa,0.0795 Mpa,0.0675 Mpa,0.00233 Mpa,,5.44%,8.34%,2.79%,12.1%,1.75%,0.743%,1.99%,1.92%,0.0425%
2026-08-21 05:00:00,,0.158 Mpa,0.0732 Mpa,0.0278 Mpa,0.210 Mpa,0.168 Mpa,0.0549 Mpa,0.0840 Mpa,0.313 Mpa,0.114 Mpa,,5.11%,2.28%,0.915%,7.57%,5.02%,1.88%,2.10%,9.30%,3.18%
2026-08-21 07:00:00,,0.173 Mpa,0.0537 Mpa,0.0873 Mpa,0.135 Mpa,0.0895 Mpa,0.134 Mpa,0.0790 Mpa,0.0446 Mpa,0.227 Mpa,,5.80%,1.73%,2.48%,5.03%,2.58%,4.32%,2.03%,1.27%,6.20%
2026-08-21 09:00:00,,0.159 Mpa,0.0620 Mpa,0.0848 Mpa,0.0628 Mpa,0.0826 Mpa,0.129 Mpa,0.139 Mpa,0.172 Mpa,0.0628 Mpa,,5.40%,1.85%,2.50%,2.34%,2.43%,4.22%,3.76%,4.91%,1.67%
2026-08-21 11:00:00,,0.187 Mpa,0.0743 Mpa,0.195 Mpa,0.119 Mpa,0.266 Mpa,0.178 Mpa,0.411 Mpa,0.0847 Mpa,0.161 Mpa,,6.33%,2.25%,5.82%,4.52%,7.82%,5.72%,11.6%,2.33%,4.69%
2026-08-21 13:00:00,,0.158 Mpa,0.0601 Mpa,0.167 Mpa,0.274 Mpa,0.161 Mpa,0.111 Mpa,0.208 Mpa,0.0824 Mpa,0.272 Mpa,,5.13%,1.88%,4.90%,10.1%,4.57%,3.85%,5.91%,2.33%,7.63%
2026-08-21 15:00:00,0.000593 Mpa,0.153 Mpa,0.0687 Mpa,0.0561 Mpa,0.0785 Mpa,0.0818 Mpa,0.0848 Mpa,0.0167 Mpa,0.102 Mpa,0.0641 Mpa,0%,5.19%,2.08%,2.15%,2.84%,2.46%,2.93%,0%,3.06%,1.94%
2026-08-21 17:00:00,,0.137 Mpa,0.0896 Mpa,0.0935 Mpa,0.163 Mpa,0.0715 Mpa,0.0915 Mpa,0.105 Mpa,0.147 Mpa,0.0729 Mpa,,4.54%,2.70%,2.95%,5.90%,2.05%,3.01%,2.34%,4.36%,1.90%
2026-08-21 19:00:00,,0.171 Mpa,0.306 Mpa,0.0954 Mpa,0.0353 Mpa,0.0734 Mpa,0.107 Mpa,0.103 Mpa,0.0229 Mpa,0.0534 Mpa,,5.74%,9.28%,3.32%,1.15%,2.30%,3.57%,2.10%,0.362%,1.50%
2026-08-21 21:00:00,1.11 Mpa,0.185 Mpa,0.105 Mpa,0.0487 Mpa,0.0821 Mpa,0.0748 Mpa,0.105 Mpa,0.0599 Mpa,0.200 Mpa,0.0641 Mpa,30.0%,6.25%,3.17%,1.98%,2.67%,1.94%,3.63%,0.938%,5.90%,1.80%
2026-08-21 23:00:00,0.0247 Mpa,0.162 Mpa,0.0840 Mpa,0.222 Mpa,0.0793 Mpa,0.0943 Mpa,0.117 Mpa,0.194 Mpa,0.240 Mpa,0.0996 Mpa,0.447%,5.65%,2.63%,7.08%,2.68%,2.82%,3.77%,4.90%,7.02%,2.72%
2026-08-22 01:00:00,0.234 Mpa,0.479 Mpa,0.0544 Mpa,0.0388 Mpa,0.0561 Mpa,0.170 Mpa,0.107 Mpa,0.0807 Mpa,0.186 Mpa,0.155 Mpa,6.96%,14.2%,1.49%,1.13%,1.96%,4.95%,3.65%,1.72%,5.41%,4.32%
2026-08-22 03:00:00,0.0750 Mpa,0.189 Mpa,0.306 Mpa,0.0476 Mpa,0.0927 Mpa,0.0774 Mpa,0.0595 Mpa,0.0692 Mpa,0.140 Mpa,0.116 Mpa,2.59%,6.31%,9.06%,1.26%,3.23%,1.91%,1.93%,1.48%,4.12%,3.16%
2026-08-22 05:00:00,0.0935 Mpa,0.145 Mpa,0.229 Mpa,0.0599 Mpa,0.0584 Mpa,0.0729 Mpa,0.0729 Mpa,0.0739 Mpa,0.185 Mpa,0.0977 Mpa,3.44%,4.52%,6.83%,1.80%,1.83%,2.08%,2.46%,1.68%,5.44%,2.67%
2026-08-22 07:00:00,0.0521 Mpa,0.157 Mpa,0.0571 Mpa,0.146 Mpa,0.109 Mpa,0.0805 Mpa,0.124 Mpa,0.0575 Mpa,0.0750 Mpa,0.0708 Mpa,1.40%,5.10%,1.52%,4.52%,4.19%,2.06%,4.31%,1.05%,1.94%,1.98%
2026-08-22 09:00:00,0.0550 Mpa,0.0998 Mpa,0.0870 Mpa,0.178 Mpa,0.0688 Mpa,0.118 Mpa,0.220 Mpa,0.118 Mpa,0.0356 Mpa,0.0729 Mpa,1.46%,3.29%,2.70%,5.48%,2.62%,3.52%,7.34%,3.25%,0.808%,2.02%
2026-08-22 11:00:00,0.0356 Mpa,0.0880 Mpa,0.0453 Mpa,0.0586 Mpa,0.0241 Mpa,0.170 Mpa,0.0739 Mpa,0.0477 Mpa,0.0604 Mpa,0.0488 Mpa,0.958%,2.75%,1.47%,1.92%,0.844%,4.33%,2.49%,0.892%,1.67%,1.37%
2026-08-22 13:00:00,0.0455 Mpa,0.0862 Mpa,0.0775 Mpa,0.0377 Mpa,0.0756 Mpa,0.196 Mpa,0.0630 Mpa,0.121 Mpa,0.228 Mpa,0.0817 Mpa,1.18%,2.81%,2.68%,1.01%,2.73%,5.68%,2.06%,3.30%,6.97%,2.32%
2026-08-22 15:00:00,0.0475 Mpa,0.0689 Mpa,0.128 Mpa,0.0414 Mpa,0.126 Mpa,0.345 Mpa,0.162 Mpa,0.130 Mpa,0.0321 Mpa,0.0833 Mpa,1.44%,2.29%,3.99%,1.11%,4.43%,9.76%,5.67%,3.17%,0.806%,2.28%
2026-08-22 17:00:00,0.0858 Mpa,0.0601 Mpa,0.0774 Mpa,0.121 Mpa,0.0666 Mpa,0.0859 Mpa,0.0900 Mpa,0.107 Mpa,0.0802 Mpa,0.0948 Mpa,2.45%,2.01%,2.31%,3.50%,2.35%,2.29%,3.08%,3.61%,2.41%,2.63%
2026-08-22 19:00:00,0.0781 Mpa,0.139 Mpa,0.119 Mpa,0.0558 Mpa,0.0744 Mpa,0.218 Mpa,0.0292 Mpa,0.0883 Mpa,0.176 Mpa,0.0518 Mpa,2.26%,4.57%,3.57%,1.54%,2.87%,6.24%,0.943%,2.23%,5.53%,1.46%
2026-08-22 21:00:00,0.0659 Mpa,0.194 Mpa,0.0595 Mpa,0.159 Mpa,0.155 Mpa,0.329 Mpa,0.260 Mpa,0.118 Mpa,0.135 Mpa,0.0407 Mpa,1.82%,6.41%,1.87%,5.04%,5.39%,9.79%,8.62%,2.86%,3.99%,1.05%
2026-08-22 23:00:00,0.199 Mpa,0.169 Mpa,0.0944 Mpa,0.0574 Mpa,0.0526 Mpa,0.154 Mpa,0.156 Mpa,0.162 Mpa,0.0631 Mpa,0.0586 Mpa,5.72%,5.57%,2.92%,1.73%,1.93%,4.40%,5.32%,4.08%,1.84%,1.56%
2026-08-23 01:00:00,0.153 Mpa,0.151 Mpa,0.228 Mpa,0.0962 Mpa,0.109 Mpa,0.159 Mpa,0.0604 Mpa,0.183 Mpa,0.143 Mpa,0.0509 Mpa,4.46%,5.43%,6.95%,2.55%,4.06%,4.42%,1.98%,6.35%,4.21%,1.40%
2026-08-23 03:00:00,0.183 Mpa,0.221 Mpa,0.0442 Mpa,0.0929 Mpa,0.104 Mpa,0.107 Mpa,0.0417 Mpa,0.164 Mpa,0.0938 Mpa,0.195 Mpa,5.40%,7.13%,1.08%,2.51%,3.83%,3.02%,1.49%,4.26%,2.66%,5.52%
2026-08-23 05:00:00,0.0474 Mpa,0.0889 Mpa,0.0599 Mpa,0.121 Mpa,0.0726 Mpa,0.139 Mpa,0.271 Mpa,0.113 Mpa,0.0732 Mpa,0.0693 Mpa,1.40%,2.74%,1.81%,3.59%,2.76%,3.93%,8.85%,3.04%,1.97%,1.97%
2026-08-23 07:00:00,0.285 Mpa,0.0671 Mpa,0.0295 Mpa,0.105 Mpa,0.0652 Mpa,0.102 Mpa,0.121 Mpa,0.156 Mpa,0.0859 Mpa,0.0801 Mpa,7.92%,1.95%,0.716%,3.11%,2.33%,2.84%,4.03%,4.32%,2.43%,2.19%
2026-08-23 09:00:00,0.209 Mpa,0.0509 Mpa,0.0554 Mpa,0.0892 Mpa,0.333 Mpa,0.0847 Mpa,0.200 Mpa,0.213 Mpa,0.0921 Mpa,0.0859 Mpa,5.94%,1.59%,1.68%,2.57%,12.0%,2.58%,6.74%,5.82%,2.69%,2.31%
2026-08-23 11:00:00,0.201 Mpa,0.0900 Mpa,0.0598 Mpa,0.0849 Mpa,0.103 Mpa,0.126 Mpa,0.121 Mpa,0.0966 Mpa,0.113 Mpa,0.102 Mpa,5.84%,2.88%,1.89%,2.51%,3.90%,3.68%,4.14%,2.47%,3.34%,2.86%
2026-08-23 13:00:00,0.0639 Mpa,0.378 Mpa,1.03 Mpa,0.0861 Mpa,0.0643 Mpa,0.148 Mpa,0.0767 Mpa,0.284 Mpa,0.167 Mpa,0.152 Mpa,1.98%,11.9%,31.6%,2.50%,2.53%,3.58%,2.58%,7.81%,5.07%,4.31%
2026-08-23 15:00:00,0.131 Mpa,0.0735 Mpa,0.0656 Mpa,0.119 Mpa,0.0713 Mpa,0.131 Mpa,0.140 Mpa,0.170 Mpa,0.0000538 Mpa,0.0000747 Mpa,4.10%,2.50%,1.77%,3.72%,2.54%,2.18%,4.67%,4.61%,0.304%,0.0140%
2026-08-23 17:00:00,0.00655 Mpa,0 Mpa,0.453 Mpa,0.154 Mpa,0.443 Mpa,0.105 Mpa,0.461 Mpa,0.0354 Mpa,0.0556 Mpa,0.0293 Mpa,0%,0%,11.7%,4.84%,15.6%,0%,14.7%,0.291%,1.59%,0.739%
2026-08-23 19:00:00,,0.170 Mpa,0.500 Mpa,0.0108 Mpa,0.330 Mpa,,0.197 Mpa,,0.141 Mpa,0 Mpa,,5.18%,13.2%,0.365%,12.3%,,6.25%,,4.15%,0%
2026-08-23 21:00:00,0.224 Mpa,0.170 Mpa,2.76 Mpa,0.00742 Mpa,0.339 Mpa,0.164 Mpa,0.134 Mpa,0.119 Mpa,0.275 Mpa,,6.07%,5.37%,79.3%,0.167%,12.4%,4.29%,4.59%,3.88%,7.98%,
2026-08-23 23:00:00,0.274 Mpa,0.346 Mpa,0.376 Mpa,0.0403 Mpa,0.106 Mpa,0.104 Mpa,0.0662 Mpa,0.0772 Mpa,0.0558 Mpa,0.0739 Mpa,8.05%,10.4%,10.7%,1.12%,3.85%,3.54%,2.17%,1.51%,1.29%,1.76%
2026-08-24 01:00:00,0.0942 Mpa,0.0291 Mpa,0.0418 Mpa,0.0689 Mpa,0.0796 Mpa,0.119 Mpa,0.0824 Mpa,0.0517 Mpa,0.119 Mpa,0.120 Mpa,2.59%,0.905%,1.20%,1.82%,3.04%,3.95%,2.75%,0.844%,3.26%,3.13%
2026-08-24 03:00:00,0.0875 Mpa,0.0546 Mpa,0.199 Mpa,0.0663 Mpa,0.0839 Mpa,0.0549 Mpa,0.0480 Mpa,0.168 Mpa,0.0810 Mpa,0.0943 Mpa,2.61%,1.84%,6.17%,1.83%,2.95%,1.60%,1.44%,4.49%,2.24%,2.53%
2026-08-24 05:00:00,0.0570 Mpa,0.111 Mpa,0.0926 Mpa,0.117 Mpa,0.105 Mpa,0.129 Mpa,0.220 Mpa,0.142 Mpa,0.114 Mpa,0.0864 Mpa,1.66%,3.52%,2.84%,3.53%,4.21%,3.95%,7.20%,3.84%,3.52%,2.20%
2026-08-24 07:00:00,0.0452 Mpa,0.0792 Mpa,0.100 Mpa,0.0441 Mpa,0.0944 Mpa,0.0647 Mpa,0.149 Mpa,0.173 Mpa,0.00163 Mpa,0.0844 Mpa,1.44%,2.51%,3.17%,1.26%,3.71%,1.68%,5.01%,4.93%,0%,2.24%
2026-08-24 09:00:00,0.0754 Mpa,0.123 Mpa,0.189 Mpa,0.122 Mpa,0.104 Mpa,0.154 Mpa,0.110 Mpa,0.120 Mpa,,0.0759 Mpa,2.21%,3.78%,5.99%,3.64%,3.95%,4.31%,3.84%,3.04%,,2.01%
2026-08-24 11:00:00,0.102 Mpa,0.0734 Mpa,0.0628 Mpa,0.136 Mpa,0.0693 Mpa,0.298 Mpa,0.104 Mpa,0.471 Mpa,,0.0853 Mpa,3.02%,2.48%,1.96%,3.88%,2.60%,8.98%,3.52%,12.9%,,2.33%
2026-08-24 13:00:00,0.0931 Mpa,0.0246 Mpa,0.0615 Mpa,0.117 Mpa,0.0114 Mpa,0.0424 Mpa,0.148 Mpa,0.0325 Mpa,,0.0385 Mpa,2.69%,0.744%,1.92%,4.10%,0.763%,0.784%,4.86%,0.392%,,1.06%
2026-08-24 15:00:00,0.0987 Mpa,0.0297 Mpa,0.116 Mpa,0.0361 Mpa,0.220 Mpa,0.123 Mpa,0.215 Mpa,0.263 Mpa,,0.0486 Mpa,2.78%,0.845%,3.54%,1.44%,8.51%,2.54%,7.06%,7.09%,,1.29%
2026-08-24 17:00:00,0.116 Mpa,0.150 Mpa,0.178 Mpa,0.0540 Mpa,0.159 Mpa,0.121 Mpa,0.0934 Mpa,0.583 Mpa,0.113 Mpa,0.0634 Mpa,3.39%,5.16%,5.65%,2.23%,6.34%,3.07%,3.13%,17.0%,3.44%,1.69%
2026-08-24 19:00:00,0.127 Mpa,0.163 Mpa,0.114 Mpa,0.0917 Mpa,0.229 Mpa,0.0412 Mpa,0.223 Mpa,0.174 Mpa,0.109 Mpa,0.0850 Mpa,3.69%,5.37%,3.52%,3.52%,8.96%,1.05%,7.38%,5.00%,3.26%,2.35%
2026-08-24 21:00:00,0.155 Mpa,0.188 Mpa,0.0308 Mpa,0.0617 Mpa,0.0932 Mpa,0.0886 Mpa,0.102 Mpa,0.110 Mpa,0.0483 Mpa,0.0264 Mpa,4.67%,6.28%,0.861%,2.25%,3.66%,2.65%,3.47%,3.20%,1.38%,0.713%
2026-08-24 23:00:00,0.160 Mpa,0.0764 Mpa,0.0595 Mpa,0.0739 Mpa,0.146 Mpa,0.0686 Mpa,0.203 Mpa,0.107 Mpa,0.115 Mpa,0.0528 Mpa,4.58%,2.52%,1.78%,2.67%,5.54%,1.89%,6.51%,2.80%,3.49%,1.44%
2026-08-25 01:00:00,0.0655 Mpa,0.0808 Mpa,0.0574 Mpa,0.0899 Mpa,0.131 Mpa,0.0859 Mpa,0.0471 Mpa,0.107 Mpa,0.0649 Mpa,0.148 Mpa,1.78%,2.61%,1.85%,2.55%,4.86%,2.59%,1.51%,2.80%,1.80%,3.94%
2026-08-25 03:00:00,0.0321 Mpa,0.372 Mpa,0.0904 Mpa,0.0613 Mpa,0.275 Mpa,0.116 Mpa,0.150 Mpa,0.103 Mpa,0.0912 Mpa,0.0689 Mpa,0.802%,11.4%,2.71%,1.79%,10.7%,3.46%,5.12%,3.14%,2.79%,1.88%
2026-08-25 05:00:00,0.0422 Mpa,0.215 Mpa,0.338 Mpa,0.0307 Mpa,0.0918 Mpa,,0.145 Mpa,0.121 Mpa,0.141 Mpa,0.124 Mpa,1.22%,6.87%,10.1%,0.818%,3.38%,,4.83%,3.44%,4.27%,3.42%
2026-08-25 07:00:00,0.0868 Mpa,0.136 Mpa,0.312 Mpa,0.0563 Mpa,0.200 Mpa,,0.0815 Mpa,0.0972 Mpa,0.0965 Mpa,0.0546 Mpa,2.56%,4.37%,8.65%,1.65%,6.78%,,2.67%,2.68%,2.86%,1.57%
2026-08-25 09:00:00,0.176 Mpa,0.379 Mpa,0.230 Mpa,0.0388 Mpa,0.319 Mpa,,0.0666 Mpa,0.169 Mpa,0.219 Mpa,0.0633 Mpa,5.31%,12.7%,7.17%,1.06%,11.3%,,2.28%,4.48%,6.77%,1.87%
2026-08-25 11:00:00,0.392 Mpa,0.107 Mpa,0 Mpa,0.0677 Mpa,0.193 Mpa,0.335 Mpa,0.0489 Mpa,0.0951 Mpa,0.0855 Mpa,0.0382 Mpa,11.4%,3.75%,0%,1.90%,6.96%,9.43%,1.81%,2.57%,2.58%,1.14%
2026-08-25 13:00:00,0.0576 Mpa,0.0996 Mpa,,0.0603 Mpa,0.180 Mpa,,0.126 Mpa,0.116 Mpa,0.106 Mpa,0.0577 Mpa,1.72%,3.14%,,1.72%,6.69%,,4.15%,3.16%,3.32%,1.64%
2026-08-25 15:00:00,0.151 Mpa,0.158 Mpa,0.0120 Mpa,0.0994 Mpa,0.134 Mpa,,0.0717 Mpa,0.0931 Mpa,0.0272 Mpa,0.0891 Mpa,4.39%,5.17%,0%,2.95%,4.87%,,2.31%,2.76%,0.709%,2.81%
2026-08-25 17:00:00,0.200 Mpa,0.136 Mpa,0.207 Mpa,0.101 Mpa,0.111 Mpa,,0.290 Mpa,0.106 Mpa,0.0943 Mpa,0.0762 Mpa,6.10%,4.14%,6.49%,3.10%,4.04%,,9.39%,3.12%,2.94%,2.10%
2026-08-25 19:00:00,0.167 Mpa,0.0388 Mpa,0.113 Mpa,0.105 Mpa,0.198 Mpa,,0.343 Mpa,0.0897 Mpa,0.0673 Mpa,0.0409 Mpa,4.81%,1.12%,3.54%,3.28%,7.43%,,10.8%,2.22%,1.87%,0.971%
2026-08-25 21:00:00,0.224 Mpa,0.0359 Mpa,0.0627 Mpa,0.0672 Mpa,0.162 Mpa,,0.141 Mpa,0.0908 Mpa,0.0165 Mpa,0.0491 Mpa,6.36%,1.27%,1.99%,2.39%,6.27%,,4.47%,2.26%,0.410%,1.24%
2026-08-25 23:00:00,0.129 Mpa,0.0887 Mpa,0.106 Mpa,0.0957 Mpa,0.320 Mpa,,0.331 Mpa,0.130 Mpa,0.147 Mpa,0.101 Mpa,3.60%,2.76%,3.12%,3.13%,11.6%,,10.6%,3.55%,4.28%,2.82%
2026-08-26 01:00:00,0.130 Mpa,0.0747 Mpa,0.0473 Mpa,0.106 Mpa,0.271 Mpa,,0.0912 Mpa,0.0986 Mpa,0.0729 Mpa,0.235 Mpa,3.63%,2.45%,1.27%,3.66%,8.87%,,3.06%,2.63%,2.09%,6.43%
2026-08-26 03:00:00,0.0240 Mpa,0.0872 Mpa,0.0600 Mpa,0.0826 Mpa,0.324 Mpa,,0.120 Mpa,0.120 Mpa,0.249 Mpa,0.150 Mpa,0.653%,2.63%,1.90%,2.63%,10.8%,,4.07%,3.09%,7.46%,4.22%
2026-08-26 05:00:00,0.0885 Mpa,0.0749 Mpa,0.0606 Mpa,0.0620 Mpa,0.0932 Mpa,,0.183 Mpa,0.0786 Mpa,0.0751 Mpa,0.150 Mpa,2.81%,2.46%,1.73%,2.07%,3.18%,,6.08%,2.04%,2.21%,4.22%
2026-08-26 07:00:00,0.0317 Mpa,0.272 Mpa,0.161 Mpa,0.0450 Mpa,0.152 Mpa,,0.0907 Mpa,0.0829 Mpa,0.0678 Mpa,0.114 Mpa,1.03%,8.81%,4.87%,1.34%,5.30%,,2.92%,2.27%,1.92%,3.30%
2026-08-26 09:00:00,0.105 Mpa,0.145 Mpa,0.0414 Mpa,0.0500 Mpa,0.148 Mpa,,0.0342 Mpa,0.0961 Mpa,0.0680 Mpa,0.117 Mpa,3.00%,4.63%,1.24%,1.51%,5.23%,,1.11%,2.37%,1.61%,3.50%
2026-08-26 11:00:00,0.0814 Mpa,0.183 Mpa,0.405 Mpa,0.0796 Mpa,0.0751 Mpa,,0.199 Mpa,0.118 Mpa,0.182 Mpa,0.0958 Mpa,2.28%,6.07%,12.5%,2.47%,2.71%,,6.64%,3.51%,5.59%,2.70%
2026-08-26 13:00:00,0.0736 Mpa,0.273 Mpa,0.244 Mpa,0.0347 Mpa,0.102 Mpa,,0.0277 Mpa,0.137 Mpa,0.0885 Mpa,0.0769 Mpa,2.00%,8.66%,7.82%,1.07%,3.56%,,0.843%,3.68%,2.91%,2.23%
2026-08-26 15:00:00,0.0987 Mpa,0.140 Mpa,0 Mpa,0.0983 Mpa,0.0755 Mpa,,0.0602 Mpa,0.0738 Mpa,0.144 Mpa,0.0780 Mpa,3.17%,4.53%,0%,3.09%,2.79%,,1.99%,2.21%,4.23%,2.20%
2026-08-26 17:00:00,0.169 Mpa,0.171 Mpa,0 Mpa,0.0601 Mpa,0.0844 Mpa,,0.0541 Mpa,0.117 Mpa,0.0666 Mpa,0.0704 Mpa,5.73%,5.46%,0%,1.89%,3.07%,,1.70%,3.55%,2.00%,1.97%
2026-08-26 19:00:00,0.0356 Mpa,0.0928 Mpa,0.0975 Mpa,0.108 Mpa,0.0531 Mpa,,0.106 Mpa,0.124 Mpa,0.0268 Mpa,0.0655 Mpa,1.08%,2.85%,3.16%,3.39%,1.80%,,3.34%,3.56%,0.748%,1.78%
2026-08-26 21:00:00,0.0555 Mpa,0.0757 Mpa,0.0621 Mpa,0.0859 Mpa,0.0411 Mpa,,0.156 Mpa,0.127 Mpa,0.0939 Mpa,0.0760 Mpa,2.14%,2.40%,1.80%,3.02%,1.43%,,4.79%,3.76%,2.69%,2.05%
2026-08-26 23:00:00,0.208 Mpa,0.134 Mpa,0.0893 Mpa,0.0606 Mpa,0.1000 Mpa,0.0441 Mpa,0.1000 Mpa,0.125 Mpa,0.180 Mpa,0.0606 Mpa,7.44%,4.02%,2.62%,1.90%,3.54%,0.667%,3.17%,3.67%,5.47%,1.58%
2026-08-27 01:00:00,0.0244 Mpa,0.0542 Mpa,0.0460 Mpa,0.0582 Mpa,0.0423 Mpa,0.113 Mpa,0.0611 Mpa,0.0977 Mpa,0.0632 Mpa,0.0854 Mpa,0.978%,1.58%,1.26%,1.83%,1.36%,2.81%,1.95%,2.34%,1.82%,2.24%
2026-08-27 03:00:00,0.0554 Mpa,0.160 Mpa,0.0723 Mpa,0.0744 Mpa,0.174 Mpa,0.129 Mpa,0.326 Mpa,0.0815 Mpa,0.0461 Mpa,0.161 Mpa,1.63%,5.02%,2.15%,2.40%,6.13%,3.19%,10.4%,1.94%,1.25%,4.56%
2026-08-27 05:00:00,0.0649 Mpa,0.167 Mpa,0.0733 Mpa,0.0846 Mpa,0.0513 Mpa,0.0900 Mpa,0.0164 Mpa,0.160 Mpa,0.0883 Mpa,0.149 Mpa,2.02%,5.56%,2.14%,2.72%,1.92%,2.44%,0.504%,4.28%,2.47%,4.49%
2026-08-27 07:00:00,0.0110 Mpa,0.0724 Mpa,0.248 Mpa,0.0525 Mpa,0.0609 Mpa,0.0966 Mpa,0.239 Mpa,0.0544 Mpa,0.0670 Mpa,0.0604 Mpa,0.241%,2.45%,7.32%,2.03%,2.33%,3.03%,7.58%,1.24%,1.93%,1.58%
2026-08-27 09:00:00,0.0311 Mpa,0.131 Mpa,0.0393 Mpa,0.0401 Mpa,0.149 Mpa,0.179 Mpa,0.195 Mpa,0.0706 Mpa,0.0473 Mpa,0.0744 Mpa,1.03%,4.48%,1.14%,1.42%,5.51%,4.88%,6.14%,1.57%,1.41%,2.13%
2026-08-27 11:00:00,0.0609 Mpa,0.213 Mpa,0.104 Mpa,0.214 Mpa,0.150 Mpa,0.0694 Mpa,0.113 Mpa,0.0796 Mpa,0.0370 Mpa,0.0753 Mpa,1.68%,6.98%,3.00%,6.17%,5.26%,1.07%,3.72%,1.98%,1.01%,2.35%
2026-08-27 13:00:00,0.108 Mpa,0.239 Mpa,0.153 Mpa,0.0655 Mpa,0.123 Mpa,,0.0749 Mpa,0.247 Mpa,0.148 Mpa,0.0993 Mpa,3.11%,7.87%,4.58%,1.73%,4.38%,,2.48%,6.72%,4.51%,2.78%
2026-08-27 15:00:00,0.0366 Mpa,0.208 Mpa,0.00378 Mpa,0.0340 Mpa,0.0413 Mpa,0.221 Mpa,0.110 Mpa,0.0873 Mpa,0.0937 Mpa,0.0918 Mpa,0.957%,7.01%,0.00630%,1.05%,1.60%,5.90%,3.75%,2.22%,2.70%,2.77%
2026-08-27 17:00:00,0.0724 Mpa,0.129 Mpa,0.0319 Mpa,0.0826 Mpa,0.209 Mpa,,0.122 Mpa,0.147 Mpa,0.105 Mpa,0.145 Mpa,2.18%,4.27%,0.815%,2.67%,7.44%,,4.06%,4.12%,3.12%,4.06%
2026-08-27 19:00:00,0.0998 Mpa,0.188 Mpa,0.0418 Mpa,0.0275 Mpa,0.0873 Mpa,0.241 Mpa,0.0669 Mpa,0.0672 Mpa,0.0731 Mpa,0.120 Mpa,3.57%,6.31%,1.14%,0.803%,3.33%,7.56%,2.13%,1.66%,2.23%,3.34%
2026-08-27 21:00:00,0.0380 Mpa,0.173 Mpa,0.125 Mpa,0.0332 Mpa,0.0802 Mpa,0.0937 Mpa,0.0739 Mpa,0.0952 Mpa,0.0836 Mpa,0.0690 Mpa,1.30%,7.09%,4.03%,1.00%,3.07%,2.64%,2.34%,2.67%,2.66%,1.81%
2026-08-27 23:00:00,0.182 Mpa,0.0483 Mpa,0.120 Mpa,0.0917 Mpa,0.0677 Mpa,0.164 Mpa,0.173 Mpa,0.102 Mpa,0.230 Mpa,0.265 Mpa,6.55%,1.60%,3.52%,2.59%,2.40%,5.14%,5.57%,2.83%,6.81%,7.39%
2026-08-28 01:00:00,0.0939 Mpa,0.254 Mpa,0.0558 Mpa,0.0590 Mpa,0.0692 Mpa,0.277 Mpa,0.0849 Mpa,0.0947 Mpa,0.114 Mpa,0.127 Mpa,2.79%,8.30%,1.71%,1.70%,2.43%,8.27%,2.70%,2.66%,3.15%,3.49%
2026-08-28 03:00:00,0.138 Mpa,0.0727 Mpa,0.0233 Mpa,0.0235 Mpa,0.107 Mpa,0.168 Mpa,0.0762 Mpa,0.162 Mpa,0.161 Mpa,0.167 Mpa,4.15%,2.08%,0.621%,0.595%,3.50%,5.03%,2.42%,4.58%,4.86%,4.73%
2026-08-28 05:00:00,0.0903 Mpa,0.228 Mpa,0.198 Mpa,0.0996 Mpa,0.0559 Mpa,0.140 Mpa,0.208 Mpa,0.173 Mpa,0.241 Mpa,0.148 Mpa,3.04%,6.85%,6.04%,3.65%,1.91%,4.63%,6.46%,4.87%,7.02%,4.32%
2026-08-28 07:00:00,0.0367 Mpa,0.0929 Mpa,0.0887 Mpa,0.0439 Mpa,0 Mpa,0.167 Mpa,0.0350 Mpa,0.148 Mpa,0.261 Mpa,,1.27%,3.12%,2.52%,1.36%,0%,5.40%,1.08%,3.89%,7.80%,
2026-08-28 09:00:00,0.0328 Mpa,0.179 Mpa,0.147 Mpa,0.0528 Mpa,0.0747 Mpa,0.228 Mpa,0.191 Mpa,0.129 Mpa,0.0946 Mpa,,0.998%,6.16%,4.58%,1.58%,2.19%,7.79%,6.31%,3.52%,2.74%,
2026-08-28 11:00:00,0.0337 Mpa,0.0817 Mpa,0.0890 Mpa,0.0578 Mpa,0.547 Mpa,0.131 Mpa,0.0741 Mpa,0.386 Mpa,0.107 Mpa,,1.32%,2.88%,2.59%,1.63%,18.6%,4.05%,2.57%,11.2%,3.15%,
2026-08-28 13:00:00,0.0293 Mpa,0.260 Mpa,0.0575 Mpa,0.0544 Mpa,0.418 Mpa,0.199 Mpa,0.128 Mpa,0.168 Mpa,0.0855 Mpa,,1.04%,8.28%,1.75%,1.67%,14.8%,5.91%,4.42%,4.62%,2.36%,
2026-08-28 15:00:00,0.0725 Mpa,0.239 Mpa,0.0926 Mpa,0.0828 Mpa,0.209 Mpa,0.315 Mpa,0.160 Mpa,0.0430 Mpa,0.0457 Mpa,,2.12%,8.18%,2.97%,2.50%,7.46%,8.66%,5.51%,0.704%,1.26%,
2026-08-28 17:00:00,0.0547 Mpa,0.312 Mpa,0.00253 Mpa,0.0488 Mpa,0.156 Mpa,0.0739 Mpa,0.0989 Mpa,0.244 Mpa,0.133 Mpa,,1.49%,10.5%,0%,1.93%,5.43%,1.97%,3.29%,7.05%,3.91%,
2026-08-28 19:00:00,0.0140 Mpa,0.176 Mpa,0.0567 Mpa,0.0684 Mpa,0.172 Mpa,0.124 Mpa,0.0809 Mpa,,0.101 Mpa,0.113 Mpa,0.311%,5.65%,1.60%,2.62%,6.15%,3.71%,2.59%,,2.93%,3.37%
2026-08-28 21:00:00,0.0375 Mpa,0.242 Mpa,0.0174 Mpa,0.0829 Mpa,0.120 Mpa,0.0965 Mpa,0.0997 Mpa,0.0623 Mpa,0.160 Mpa,0.0640 Mpa,1.02%,8.18%,0.839%,3.17%,4.45%,2.98%,3.11%,1.27%,4.74%,1.93%
2026-08-28 23:00:00,0.103 Mpa,0.156 Mpa,0.688 Mpa,0.0749 Mpa,0.0635 Mpa,0.0771 Mpa,0.0666 Mpa,0.159 Mpa,0.150 Mpa,0.0919 Mpa,3.09%,5.53%,20.6%,2.31%,2.24%,2.34%,2.12%,4.18%,4.46%,2.58%
2026-08-29 01:00:00,0.136 Mpa,0.144 Mpa,0.0780 Mpa,0.0539 Mpa,0.0232 Mpa,0.0526 Mpa,0.102 Mpa,0.0633 Mpa,0.104 Mpa,0.0690 Mpa,3.63%,5.07%,2.43%,1.55%,0.828%,1.21%,2.86%,1.46%,2.94%,2.00%
2026-08-29 03:00:00,0.0392 Mpa,0.0727 Mpa,0.133 Mpa,0.0140 Mpa,0.0777 Mpa,0.189 Mpa,0.166 Mpa,0.0915 Mpa,0.212 Mpa,0.112 Mpa,1.10%,2.39%,4.23%,0.534%,2.74%,5.93%,4.44%,2.37%,6.27%,2.98%
2026-08-29 05:00:00,0.208 Mpa,0.119 Mpa,0.0931 Mpa,0.0315 Mpa,0.0867 Mpa,0.0690 Mpa,0.0578 Mpa,0.143 Mpa,0.132 Mpa,0.138 Mpa,6.10%,3.94%,2.85%,1.02%,3.36%,1.70%,1.68%,3.99%,3.87%,3.78%
2026-08-29 07:00:00,0.0816 Mpa,0.154 Mpa,0.0431 Mpa,0.126 Mpa,0.0933 Mpa,0.143 Mpa,0.196 Mpa,0.154 Mpa,0.0671 Mpa,0.0801 Mpa,2.37%,5.16%,1.10%,3.73%,3.47%,3.80%,6.22%,4.38%,1.86%,2.14%
2026-08-29 09:00:00,0.0694 Mpa,0.181 Mpa,0.141 Mpa,0.139 Mpa,0.156 Mpa,0.332 Mpa,0.116 Mpa,0.0897 Mpa,0.0544 Mpa,0.0717 Mpa,2.01%,6.10%,4.53%,4.08%,6.14%,10.0%,3.93%,2.45%,1.52%,1.88%
2026-08-29 11:00:00,0.103 Mpa,0.132 Mpa,0.0795 Mpa,0.0488 Mpa,0.186 Mpa,0.209 Mpa,0.640 Mpa,0.0861 Mpa,0.162 Mpa,0.0543 Mpa,3.10%,4.37%,2.58%,1.59%,7.06%,5.86%,21.0%,2.26%,4.95%,1.57%
2026-08-29 13:00:00,0.0547 Mpa,0.152 Mpa,0.126 Mpa,0.180 Mpa,0.319 Mpa,0.0826 Mpa,0.0787 Mpa,0.116 Mpa,0.233 Mpa,0.0696 Mpa,1.67%,5.38%,4.14%,5.60%,12.1%,2.56%,2.57%,3.17%,7.09%,1.92%
2026-08-29 15:00:00,0.0974 Mpa,0.00310 Mpa,0.0362 Mpa,0.109 Mpa,0.265 Mpa,0.0512 Mpa,0.0771 Mpa,0.0720 Mpa,0.0722 Mpa,0.0909 Mpa,2.83%,0%,1.66%,3.17%,9.35%,1.68%,2.54%,1.72%,2.28%,2.56%
2026-08-29 17:00:00,0.0698 Mpa,,0.0737 Mpa,0.183 Mpa,0.0832 Mpa,0.0932 Mpa,0.0318 Mpa,0.339 Mpa,0.104 Mpa,0.0788 Mpa,1.98%,,2.29%,5.72%,3.19%,2.73%,1.06%,10.2%,3.05%,2.28%
2026-08-29 19:00:00,0.108 Mpa,,0.356 Mpa,0.404 Mpa,0.0965 Mpa,0.138 Mpa,0.0355 Mpa,0.265 Mpa,0.143 Mpa,0.103 Mpa,2.97%,,10.8%,12.1%,3.54%,4.55%,1.23%,7.94%,4.31%,2.80%
2026-08-29 21:00:00,0.0454 Mpa,0.482 Mpa,0.408 Mpa,0.101 Mpa,0.255 Mpa,0.107 Mpa,0.109 Mpa,0.153 Mpa,0.0448 Mpa,0.164 Mpa,1.26%,13.4%,12.0%,3.12%,9.79%,3.16%,3.43%,4.40%,1.16%,4.79%
2026-08-29 23:00:00,0.106 Mpa,0.0992 Mpa,0.147 Mpa,0.309 Mpa,0.182 Mpa,0.236 Mpa,0.111 Mpa,0.178 Mpa,0.0347 Mpa,0.0448 Mpa,3.03%,2.86%,4.44%,9.21%,6.79%,7.05%,3.67%,5.24%,0.849%,1.11%
2026-08-30 01:00:00,0.0259 Mpa,0.0860 Mpa,0.152 Mpa,0.123 Mpa,0.227 Mpa,0.0628 Mpa,0.0309 Mpa,0.0623 Mpa,0.105 Mpa,0.357 Mpa,0.695%,2.52%,4.96%,4.54%,8.86%,1.73%,0.925%,1.51%,3.08%,9.80%
2026-08-30 03:00:00,0 Mpa,0.0631 Mpa,0.128 Mpa,0.0553 Mpa,0.180 Mpa,0.149 Mpa,0.0838 Mpa,0.135 Mpa,0.0988 Mpa,0.161 Mpa,0.00568%,1.97%,3.74%,1.84%,6.50%,4.19%,2.74%,3.68%,3.00%,4.38%
2026-08-30 05:00:00,0.0369 Mpa,0.154 Mpa,0.0911 Mpa,0.0634 Mpa,0.595 Mpa,0.151 Mpa,0.0711 Mpa,0.145 Mpa,0.170 Mpa,0.0490 Mpa,1.08%,4.87%,2.69%,2.29%,21.8%,4.38%,2.45%,3.94%,5.08%,1.33%
2026-08-30 07:00:00,0.0144 Mpa,0.201 Mpa,0.335 Mpa,0.0643 Mpa,0.342 Mpa,0.123 Mpa,0.172 Mpa,0.0996 Mpa,0.114 Mpa,0.0975 Mpa,0.296%,7.34%,10.4%,1.95%,13.1%,3.83%,5.87%,2.70%,3.39%,2.75%
2026-08-30 09:00:00,0.00902 Mpa,0.115 Mpa,0.185 Mpa,0.0438 Mpa,0.312 Mpa,0.0882 Mpa,0.0477 Mpa,0.0719 Mpa,0.0704 Mpa,0.101 Mpa,0.102%,4.16%,5.56%,1.18%,11.5%,2.72%,1.61%,1.71%,2.10%,2.81%
2026-08-30 11:00:00,0.00488 Mpa,0.0455 Mpa,0.0229 Mpa,0.0519 Mpa,0.345 Mpa,0.180 Mpa,0.0865 Mpa,0.119 Mpa,0.100 Mpa,0.0906 Mpa,0%,1.50%,0.643%,1.52%,13.6%,6.03%,2.98%,3.14%,2.88%,2.51%
2026-08-30 13:00:00,0.137 Mpa,0.0125 Mpa,0.0975 Mpa,0.0383 Mpa,0.0888 Mpa,0.240 Mpa,0.107 Mpa,0.104 Mpa,0.0170 Mpa,0.0415 Mpa,4.53%,0.386%,3.04%,1.12%,3.15%,7.21%,3.60%,2.86%,0.417%,1.06%
2026-08-30 15:00:00,0.0792 Mpa,,0.244 Mpa,0.0617 Mpa,0.0561 Mpa,0.588 Mpa,0.0499 Mpa,0.103 Mpa,0.0399 Mpa,0.0434 Mpa,2.93%,,7.48%,1.77%,2.07%,20.0%,1.67%,2.77%,1.15%,1.07%
2026-08-30 17:00:00,0.108 Mpa,,0.286 Mpa,0.0683 Mpa,0.0805 Mpa,0.121 Mpa,0.0379 Mpa,0.159 Mpa,0.0791 Mpa,0.138 Mpa,2.98%,,8.89%,2.29%,2.97%,4.37%,1.22%,4.40%,2.34%,3.76%
2026-08-30 19:00:00,0.0755 Mpa,,0.100 Mpa,0.0668 Mpa,0.0559 Mpa,0.0244 Mpa,0.0409 Mpa,0.249 Mpa,0.297 Mpa,0.0551 Mpa,2.12%,,2.90%,2.02%,2.16%,0.559%,1.41%,7.37%,8.85%,1.47%
2026-08-30 21:00:00,0.0835 Mpa,,0.121 Mpa,0.160 Mpa,0.113 Mpa,0.0687 Mpa,0.0617 Mpa,0.278 Mpa,0.0427 Mpa,0.170 Mpa,2.55%,,3.75%,4.70%,4.39%,1.93%,1.98%,8.31%,1.09%,4.76%
2026-08-30 23:00:00,0.151 Mpa,0.0707 Mpa,0.135 Mpa,0.179 Mpa,0.0594 Mpa,0.0503 Mpa,0.0464 Mpa,0.204 Mpa,0.0794 Mpa,0.124 Mpa,4.19%,2.12%,4.17%,5.47%,2.27%,1.46%,1.49%,6.06%,2.34%,3.40%
2026-08-31 01:00:00,0.0801 Mpa,0.153 Mpa,0.212 Mpa,0.120 Mpa,0.0229 Mpa,0.103 Mpa,0.0531 Mpa,0.106 Mpa,0.106 Mpa,0.0988 Mpa,2.17%,4.56%,6.44%,3.93%,0.725%,3.30%,1.82%,3.09%,3.11%,2.73%
2026-08-31 03:00:00,0.0702 Mpa,,0.0429 Mpa,0.0522 Mpa,0.0958 Mpa,0.159 Mpa,0.0809 Mpa,0.130 Mpa,0.389 Mpa,0.294 Mpa,2.11%,,1.23%,1.35%,3.47%,5.19%,2.75%,3.67%,11.7%,8.74%
2026-08-31 05:00:00,0.0477 Mpa,,0.0826 Mpa,0.147 Mpa,0.328 Mpa,0.120 Mpa,0.254 Mpa,0.194 Mpa,0.355 Mpa,0.183 Mpa,1.24%,,2.55%,4.37%,11.4%,3.72%,8.32%,5.74%,10.5%,5.43%
2026-08-31 07:00:00,0.0342 Mpa,,0.0728 Mpa,0.120 Mpa,0.384 Mpa,0.155 Mpa,0.160 Mpa,0.146 Mpa,0.283 Mpa,0.0823 Mpa,0.832%,,2.09%,3.32%,11.9%,4.80%,5.56%,4.44%,8.90%,2.15%
2026-08-31 09:00:00,0.0835 Mpa,0.000284 Mpa,0.0736 Mpa,0.0543 Mpa,0.231 Mpa,0.0775 Mpa,0.0749 Mpa,0.118 Mpa,0.288 Mpa,0.0644 Mpa,2.49%,0%,2.23%,1.55%,8.56%,2.59%,2.70%,3.50%,8.99%,1.73%
2026-08-31 11:00:00,0.0876 Mpa,,0.0479 Mpa,0.110 Mpa,0.148 Mpa,0.111 Mpa,0.0796 Mpa,0.109 Mpa,0.248 Mpa,0.0416 Mpa,2.77%,,1.05%,3.33%,5.80%,3.42%,2.88%,3.03%,7.81%,1.12%
2026-08-31 13:00:00,0.258 Mpa,,0.0627 Mpa,0.0431 Mpa,0.203 Mpa,0.115 Mpa,0.0885 Mpa,0.250 Mpa,0.199 Mpa,0.0986 Mpa,7.60%,,1.69%,1.21%,7.83%,3.70%,2.86%,7.85%,6.09%,2.66%
2026-08-31 15:00:00,0.109 Mpa,,0.108 Mpa,0.0292 Mpa,0.162 Mpa,0.0720 Mpa,0.115 Mpa,0.120 Mpa,0.112 Mpa,0.0481 Mpa,3.11%,,3.71%,0.751%,6.36%,2.77%,3.84%,3.42%,3.36%,1.22%
2026-08-31 17:00:00,0.164 Mpa,,0.0623 Mpa,0.0284 Mpa,0.197 Mpa,0.110 Mpa,0.113 Mpa,0.185 Mpa,0.0736 Mpa,0.0727 Mpa,4.63%,,1.69%,0.777%,7.67%,3.63%,3.66%,5.44%,2.19%,2.10%
2026-08-31 19:00:00,0.104 Mpa,,0.0297 Mpa,0.00660 Mpa,0.109 Mpa,0.0828 Mpa,0.0893 Mpa,0.146 Mpa,0.0840 Mpa,0.0581 Mpa,3.00%,,0.745%,3.73%,4.30%,1.84%,3.37%,3.96%,2.61%,1.63%
2026-08-31 21:00:00,0.133 Mpa,0 Mpa,0.412 Mpa,0.180 Mpa,0.306 Mpa,0.113 Mpa,0.0394 Mpa,0.0883 Mpa,0.164 Mpa,0.0451 Mpa,3.79%,0%,12.9%,5.61%,11.3%,2.75%,1.32%,1.98%,4.97%,1.21%
2026-08-31 23:00:00,0.361 Mpa,,0.219 Mpa,0.104 Mpa,0 Mpa,0.357 Mpa,0.473 Mpa,0.0144 Mpa,0.356 Mpa,0.319 Mpa,10.7%,,6.60%,3.35%,2.04%,9.60%,15.1%,0.399%,11.0%,8.88%
2026-09-01 01:00:00,0.295 Mpa,,,,,0.252 Mpa,0.216 Mpa,0.0554 Mpa,0.285 Mpa,0.0194 Mpa,8.19%,,,,,7.15%,5.50%,1.47%,8.76%,0.560%
2026-09-01 03:00:00,0.000176 Mpa,,,0 Mpa,,0.114 Mpa,0.350 Mpa,0.116 Mpa,0.188 Mpa,0.0467 Mpa,0%,,,0%,,3.22%,10.0%,2.69%,5.50%,1.12%
2026-09-01 05:00:00,0.0989 Mpa,,0.153 Mpa,0.00251 Mpa,0.0679 Mpa,,,0.180 Mpa,0.194 Mpa,0.0682 Mpa,2.68%,,3.64%,0.0847%,2.06%,,,4.57%,5.86%,1.73%
2026-09-01 07:00:00,0.134 Mpa,,0.155 Mpa,0.0814 Mpa,0.0368 Mpa,0.0956 Mpa,0.921 Mpa,0.163 Mpa,0.155 Mpa,0.125 Mpa,3.93%,,4.36%,2.46%,1.11%,2.79%,28.1%,4.17%,4.50%,3.27%
2026-09-01 09:00:00,0.111 Mpa,,0.152 Mpa,0.178 Mpa,0.000182 Mpa,0.118 Mpa,0.322 Mpa,0.124 Mpa,0.285 Mpa,0.0685 Mpa,3.07%,,4.86%,5.69%,0.00101%,3.50%,10.5%,3.05%,8.51%,1.69%
2026-09-01 11:00:00,0.0977 Mpa,,0.0875 Mpa,0.183 Mpa,,0.145 Mpa,0.351 Mpa,0.112 Mpa,0.0780 Mpa,0.0954 Mpa,2.65%,,2.76%,5.96%,,4.81%,11.3%,3.17%,2.31%,2.63%
2026-09-01 13:00:00,0.111 Mpa,,0.0856 Mpa,0.0869 Mpa,,0.103 Mpa,0.299 Mpa,0.102 Mpa,0.0542 Mpa,0.141 Mpa,3.22%,,2.75%,2.74%,,3.50%,10.0%,2.60%,1.47%,3.98%
2026-09-01 15:00:00,0.0871 Mpa,,0.482 Mpa,0.357 Mpa,,0.118 Mpa,0.147 Mpa,0.222 Mpa,0.194 Mpa,0.298 Mpa,2.41%,,15.3%,10.9%,,3.79%,4.97%,6.29%,5.76%,8.08%
2026-09-01 17:00:00,0.126 Mpa,,0.218 Mpa,0.146 Mpa,,0.136 Mpa,0.0690 Mpa,0.0716 Mpa,0 Mpa,0.499 Mpa,3.82%,,5.57%,4.36%,,5.05%,2.37%,1.48%,0%,13.2%
2026-09-01 19:00:00,0.00148 Mpa,,0.244 Mpa,0.132 Mpa,,,0 Mpa,0.0240 Mpa,,,0.0803%,,6.64%,4.01%,,,0%,0%,,
2026-09-01 21:00:00,0.0147 Mpa,,0.0184 Mpa,0.0242 Mpa,,,0.0748 Mpa,0.0240 Mpa,,0.140 Mpa,0.937%,,0.539%,0.784%,,,2.14%,0%,,3.47%
2026-09-01 23:00:00,0.123 Mpa,,0 Mpa,0.0188 Mpa,,,0.136 Mpa,0.0275 Mpa,,0.0271 Mpa,3.57%,,0%,0.573%,,,4.62%,0.222%,,0.559%
2026-09-02 01:00:00,0.147 Mpa,,0.00220 Mpa,0.0574 Mpa,,,0.0836 Mpa,0.195 Mpa,0.226 Mpa,0.270 Mpa,4.32%,,0%,1.65%,,,2.85%,5.75%,6.06%,7.13%
2026-09-02 03:00:00,0.198 Mpa,,0.0421 Mpa,0.0672 Mpa,,,0.523 Mpa,0.142 Mpa,0.100 Mpa,0.189 Mpa,5.83%,,1.24%,2.00%,,,16.0%,3.88%,2.88%,4.97%
2026-09-02 05:00:00,0.0993 Mpa,,0.253 Mpa,0.0259 Mpa,0 Mpa,,0.101 Mpa,0.103 Mpa,0.489 Mpa,0.155 Mpa,2.82%,,7.42%,1.05%,0%,,3.35%,2.68%,14.0%,4.14%
2026-09-02 07:00:00,0.263 Mpa,,0.0606 Mpa,0.138 Mpa,,,0.106 Mpa,0.0944 Mpa,0.0824 Mpa,0.0575 Mpa,8.28%,,1.78%,4.59%,,,3.77%,2.12%,2.21%,1.44%
2026-09-02 09:00:00,0.280 Mpa,,0.0800 Mpa,0.210 Mpa,0 Mpa,,0.125 Mpa,0.171 Mpa,0.0934 Mpa,0.0241 Mpa,7.95%,,2.46%,6.70%,0%,,4.31%,4.42%,2.53%,0.626%
2026-09-02 11:00:00,0.424 Mpa,,0.415 Mpa,0.0915 Mpa,0.0695 Mpa,0.662 Mpa,0.0715 Mpa,0.119 Mpa,0.0591 Mpa,0.0697 Mpa,12.8%,,13.1%,3.26%,2.13%,19.3%,2.41%,2.92%,1.55%,1.94%
2026-09-02 13:00:00,0.237 Mpa,,0.0122 Mpa,0.200 Mpa,0.0553 Mpa,0.0293 Mpa,0.258 Mpa,0.115 Mpa,0.0732 Mpa,0.0860 Mpa,7.51%,,0.256%,6.07%,2.05%,0.683%,8.70%,2.92%,2.01%,2.30%
2026-09-02 15:00:00,0.531 Mpa,0 Mpa,0.0525 Mpa,0.136 Mpa,0.169 Mpa,0.0761 Mpa,0.394 Mpa,0.158 Mpa,0.0854 Mpa,0.127 Mpa,20.4%,0%,1.64%,4.34%,6.52%,1.61%,13.3%,4.27%,2.39%,3.49%
2026-09-02 17:00:00,0.165 Mpa,0 Mpa,0.0575 Mpa,0.102 Mpa,0.0695 Mpa,0.119 Mpa,0.236 Mpa,0.131 Mpa,0.0570 Mpa,0.0733 Mpa,6.06%,0%,1.82%,3.16%,2.41%,3.63%,8.38%,3.86%,1.63%,2.12%
2026-09-02 19:00:00,0.0739 Mpa,,0.0227 Mpa,0.117 Mpa,0.159 Mpa,0.102 Mpa,,0.131 Mpa,0.0671 Mpa,0.114 Mpa,2.32%,,0.643%,3.63%,5.44%,3.20%,,4.17%,1.93%,3.21%
2026-09-02 21:00:00,0.123 Mpa,,0.0745 Mpa,0.111 Mpa,0.107 Mpa,0.120 Mpa,,0.0932 Mpa,0.0486 Mpa,0.0562 Mpa,3.67%,,2.21%,3.43%,3.56%,3.84%,,2.96%,1.36%,1.46%
2026-09-02 23:00:00,0.0958 Mpa,0.0995 Mpa,0.205 Mpa,0.143 Mpa,0.144 Mpa,0.112 Mpa,0.196 Mpa,0.268 Mpa,0.120 Mpa,0.0699 Mpa,2.98%,3.14%,6.65%,4.53%,4.71%,3.89%,6.20%,8.32%,3.55%,1.95%
2026-09-03 01:00:00,0.111 Mpa,0 Mpa,0.582 Mpa,0.131 Mpa,0.131 Mpa,0.0665 Mpa,0.128 Mpa,0.0986 Mpa,0.292 Mpa,0.0996 Mpa,3.52%,0%,15.4%,3.99%,4.17%,2.13%,4.34%,2.83%,8.86%,2.72%
2026-09-03 03:00:00,0.103 Mpa,0.0615 Mpa,0.185 Mpa,0.152 Mpa,0.132 Mpa,0.129 Mpa,0.141 Mpa,0.0498 Mpa,0.0439 Mpa,0.0731 Mpa,3.52%,1.92%,6.18%,4.46%,4.83%,4.51%,4.95%,1.02%,1.16%,1.90%
2026-09-03 05:00:00,0.108 Mpa,0.0565 Mpa,0.112 Mpa,0.139 Mpa,0.107 Mpa,0.179 Mpa,0.0662 Mpa,0.109 Mpa,0.0885 Mpa,0.144 Mpa,3.29%,1.73%,3.58%,4.28%,3.84%,5.59%,2.42%,2.93%,2.48%,4.00%
2026-09-03 07:00:00,0.0719 Mpa,0.191 Mpa,0.0235 Mpa,0.0854 Mpa,0.207 Mpa,0.341 Mpa,0.0772 Mpa,0.0816 Mpa,0.0551 Mpa,0.0737 Mpa,2.50%,5.91%,0.595%,2.71%,6.91%,9.96%,2.53%,2.10%,1.51%,1.94%
2026-09-03 09:00:00,0.144 Mpa,0.225 Mpa,0.0140 Mpa,0.107 Mpa,0.0949 Mpa,0.0842 Mpa,0.0719 Mpa,0.189 Mpa,0.176 Mpa,0.107 Mpa,5.26%,7.22%,0.463%,3.46%,3.46%,2.31%,2.34%,5.14%,5.32%,3.06%
2026-09-03 11:00:00,0.339 Mpa,0.245 Mpa,0.0853 Mpa,0.189 Mpa,0.138 Mpa,0.173 Mpa,0.0548 Mpa,0.244 Mpa,0.199 Mpa,0.110 Mpa,10.5%,7.80%,2.99%,5.77%,4.94%,4.96%,1.93%,7.04%,6.09%,3.23%
2026-09-03 13:00:00,0.190 Mpa,0.174 Mpa,0.0998 Mpa,0.107 Mpa,0.238 Mpa,0.117 Mpa,0.0731 Mpa,0.105 Mpa,0.145 Mpa,0.0746 Mpa,6.04%,5.46%,3.19%,3.13%,8.43%,3.69%,2.59%,2.49%,4.43%,2.28%
2026-09-03 15:00:00,0.0929 Mpa,0.119 Mpa,0.118 Mpa,0.0139 Mpa,0.0972 Mpa,0.131 Mpa,0.0954 Mpa,0.0206 Mpa,0.116 Mpa,0.0640 Mpa,3.15%,3.75%,3.62%,0.504%,3.53%,4.39%,3.31%,0.257%,3.44%,1.74%
2026-09-03 17:00:00,0.0599 Mpa,0.0780 Mpa,0.0836 Mpa,0.0784 Mpa,0.0524 Mpa,0.146 Mpa,0.0881 Mpa,,0.158 Mpa,0.100 Mpa,1.71%,2.38%,2.53%,2.32%,1.90%,5.06%,3.12%,,4.74%,2.68%
2026-09-03 19:00:00,0.217 Mpa,0.0907 Mpa,0.0219 Mpa,0.163 Mpa,0.0620 Mpa,0.125 Mpa,0.0982 Mpa,,0.0920 Mpa,0.167 Mpa,6.21%,2.88%,0.592%,4.93%,2.65%,4.38%,3.37%,,2.78%,4.58%
2026-09-03 21:00:00,0.167 Mpa,0.0777 Mpa,0.00557 Mpa,0.111 Mpa,0.0412 Mpa,0.234 Mpa,0.0764 Mpa,,0.108 Mpa,0.0656 Mpa,4.63%,2.45%,0.211%,3.38%,1.86%,8.47%,2.70%,,3.25%,1.67%
2026-09-03 23:00:00,0.175 Mpa,0.0255 Mpa,0.0827 Mpa,0.0318 Mpa,0.0568 Mpa,0.0591 Mpa,0.163 Mpa,0.196 Mpa,0.100 Mpa,0.0658 Mpa,5.04%,0.732%,2.69%,0.916%,2.27%,2.13%,5.34%,5.33%,2.85%,1.73%
2026-09-04 01:00:00,0.278 Mpa,0.186 Mpa,0.0251 Mpa,0.231 Mpa,0.167 Mpa,0.191 Mpa,0.0592 Mpa,0.00225 Mpa,0.0725 Mpa,0.0474 Mpa,8.15%,5.59%,0.717%,6.74%,6.50%,6.27%,2.04%,0%,2.15%,1.29%
2026-09-04 03:00:00,0.306 Mpa,0.107 Mpa,0.0194 Mpa,0.138 Mpa,0.104 Mpa,0.147 Mpa,0.106 Mpa,,0.115 Mpa,0.245 Mpa,8.81%,3.39%,0.588%,4.33%,3.85%,4.75%,3.67%,,3.51%,6.73%
2026-09-04 05:00:00,0.0604 Mpa,0.101 Mpa,0.0143 Mpa,0.149 Mpa,0.0827 Mpa,0.0704 Mpa,0.0897 Mpa,,0.0620 Mpa,0.185 Mpa,1.78%,3.45%,0.356%,4.76%,3.10%,2.20%,3.08%,,1.74%,5.13%
2026-09-04 07:00:00,0.0468 Mpa,0.145 Mpa,0.219 Mpa,0.226 Mpa,0.104 Mpa,0.0888 Mpa,0.0682 Mpa,,0.0876 Mpa,0.150 Mpa,1.23%,4.85%,6.86%,7.55%,3.65%,2.40%,2.14%,,2.56%,4.28%
2026-09-04 09:00:00,0.0958 Mpa,0.0897 Mpa,0.0783 Mpa,0.111 Mpa,0.102 Mpa,0.0959 Mpa,0.154 Mpa,,0.0622 Mpa,0.176 Mpa,2.67%,3.15%,2.44%,3.43%,3.77%,3.24%,4.95%,,1.80%,4.98%
2026-09-04 11:00:00,0.145 Mpa,0.149 Mpa,0.145 Mpa,0.0443 Mpa,0.154 Mpa,0.120 Mpa,0.111 Mpa,,0.0516 Mpa,0.0974 Mpa,4.21%,4.98%,4.42%,1.33%,6.11%,3.45%,3.78%,,1.47%,2.76%
2026-09-04 13:00:00,0.0346 Mpa,0.0833 Mpa,0.0697 Mpa,0.0280 Mpa,0.0229 Mpa,0.0945 Mpa,0.0612 Mpa,,0.0614 Mpa,0.121 Mpa,1.11%,3.13%,2.27%,0.721%,0.908%,2.51%,2.04%,,1.78%,3.41%
2026-09-04 15:00:00,0.0747 Mpa,0.125 Mpa,0.117 Mpa,0.0485 Mpa,0.124 Mpa,0.0702 Mpa,0.0828 Mpa,0.0767 Mpa,0.0606 Mpa,0.157 Mpa,2.62%,4.44%,3.71%,1.36%,4.53%,1.86%,2.68%,1.80%,1.81%,4.35%
2026-09-04 17:00:00,0.107 Mpa,0.0736 Mpa,0.0819 Mpa,0.00914 Mpa,0.127 Mpa,0.145 Mpa,0.216 Mpa,0.0933 Mpa,0.0973 Mpa,0.205 Mpa,3.62%,3.06%,2.73%,0.262%,4.64%,4.76%,7.15%,1.88%,3.30%,5.69%
2026-09-04 19:00:00,0.0907 Mpa,0.103 Mpa,0.0183 Mpa,0 Mpa,0.105 Mpa,0.0669 Mpa,0.142 Mpa,0.0519 Mpa,0.0861 Mpa,0.101 Mpa,3.70%,3.18%,0.560%,0%,3.77%,2.19%,4.72%,0.758%,2.51%,2.66%
2026-09-04 21:00:00,0.0935 Mpa,0.112 Mpa,0.0262 Mpa,0.0660 Mpa,0.0531 Mpa,0.0554 Mpa,0.195 Mpa,0.243 Mpa,0.0539 Mpa,0.0868 Mpa,3.55%,3.31%,0.862%,1.70%,1.85%,1.80%,6.52%,6.59%,1.39%,2.42%
2026-09-04 23:00:00,0.118 Mpa,0.365 Mpa,0.113 Mpa,0.0808 Mpa,0.00224 Mpa,0.117 Mpa,0.182 Mpa,0.165 Mpa,0.163 Mpa,0.0436 Mpa,3.70%,11.2%,3.54%,2.30%,0%,4.21%,6.01%,4.35%,4.64%,1.16%
2026-09-05 01:00:00,0.00867 Mpa,0.0441 Mpa,0.0438 Mpa,0.145 Mpa,0.0673 Mpa,0.0408 Mpa,0.0646 Mpa,0.0884 Mpa,0.0366 Mpa,0.312 Mpa,0.167%,1.30%,1.28%,4.67%,2.63%,1.32%,2.10%,2.04%,0.927%,8.60%
2026-09-05 03:00:00,0.0494 Mpa,0.0654 Mpa,0.0324 Mpa,0.153 Mpa,0.0679 Mpa,0.0874 Mpa,0.0324 Mpa,0.104 Mpa,0.162 Mpa,0.00963 Mpa,1.52%,2.11%,1.04%,4.98%,2.68%,2.97%,1.06%,2.35%,4.85%,0.396%
2026-09-05 05:00:00,0.247 Mpa,0.147 Mpa,0.0818 Mpa,0.104 Mpa,0.0570 Mpa,0.0595 Mpa,0.105 Mpa,0.0576 Mpa,0.172 Mpa,,7.83%,4.41%,2.43%,3.32%,2.06%,2.08%,3.40%,1.14%,5.21%,
2026-09-05 07:00:00,0.195 Mpa,0.215 Mpa,0.125 Mpa,0.0571 Mpa,0.103 Mpa,0.0769 Mpa,0.0813 Mpa,0.0631 Mpa,0.0926 Mpa,,5.65%,6.33%,3.84%,2.65%,3.06%,2.51%,2.65%,1.59%,2.85%,
2026-09-05 09:00:00,0.158 Mpa,0.0903 Mpa,0.0628 Mpa,0.0659 Mpa,0.0669 Mpa,0.0322 Mpa,0.119 Mpa,0.0614 Mpa,0.181 Mpa,,5.09%,2.81%,1.83%,2.37%,1.93%,1.17%,3.93%,1.49%,5.76%,
2026-09-05 11:00:00,0.153 Mpa,0.0873 Mpa,0.0258 Mpa,0.0884 Mpa,0.246 Mpa,0.114 Mpa,0.141 Mpa,0.128 Mpa,0.349 Mpa,0.0853 Mpa,4.72%,2.67%,0.655%,2.78%,8.51%,4.03%,4.70%,3.54%,11.4%,2.41%
2026-09-05 13:00:00,0.216 Mpa,0.0782 Mpa,0.0780 Mpa,0.0756 Mpa,0.0709 Mpa,0.0286 Mpa,0.225 Mpa,0.107 Mpa,0.282 Mpa,,6.55%,2.40%,2.38%,2.37%,2.72%,0.739%,7.41%,2.80%,9.00%,
2026-09-05 15:00:00,0.226 Mpa,0.0265 Mpa,0.122 Mpa,0.0781 Mpa,0.0747 Mpa,0.0320 Mpa,0.0512 Mpa,0.152 Mpa,0.132 Mpa,,6.77%,0.736%,3.83%,2.38%,2.71%,0.774%,1.69%,4.39%,4.24%,
2026-09-05 17:00:00,0.154 Mpa,0.0338 Mpa,0.0765 Mpa,0.104 Mpa,0.0622 Mpa,0.0669 Mpa,0.115 Mpa,0.109 Mpa,0.319 Mpa,,5.35%,1.30%,2.37%,3.49%,2.40%,2.23%,3.84%,3.03%,9.90%,
2026-09-05 19:00:00,0.111 Mpa,0.146 Mpa,0.0170 Mpa,0.0733 Mpa,0.0997 Mpa,0.147 Mpa,0.150 Mpa,0.107 Mpa,0.136 Mpa,,3.57%,4.89%,0.588%,2.60%,3.80%,5.16%,4.87%,2.80%,4.14%,
2026-09-05 21:00:00,0.0908 Mpa,0.139 Mpa,0.0686 Mpa,0.0734 Mpa,0.0861 Mpa,0.127 Mpa,0.139 Mpa,0.137 Mpa,0.144 Mpa,,3.56%,4.67%,2.00%,2.37%,3.27%,4.46%,4.60%,3.70%,4.41%,
2026-09-05 23:00:00,0.109 Mpa,0.0712 Mpa,0.131 Mpa,0.0727 Mpa,0.0492 Mpa,0.0878 Mpa,0.250 Mpa,0.0851 Mpa,0.234 Mpa,,4.12%,2.80%,3.82%,2.47%,1.84%,2.96%,7.99%,2.18%,7.25%,
2026-09-06 01:00:00,0.106 Mpa,0.0348 Mpa,0.552 Mpa,0.200 Mpa,0.0451 Mpa,0.0915 Mpa,0.0995 Mpa,0.0815 Mpa,0.134 Mpa,0.0198 Mpa,2.92%,0.992%,16.9%,6.01%,1.48%,3.18%,3.30%,1.96%,4.00%,0.477%
2026-09-06 03:00:00,0.158 Mpa,0.0642 Mpa,0.352 Mpa,0.0294 Mpa,0.0783 Mpa,0.0935 Mpa,0.0775 Mpa,0.210 Mpa,0.154 Mpa,0.153 Mpa,5.82%,2.13%,10.6%,1.13%,2.58%,3.26%,2.50%,5.93%,4.57%,3.87%
2026-09-06 05:00:00,0.146 Mpa,0.106 Mpa,0.171 Mpa,0.0602 Mpa,0.0843 Mpa,0.0553 Mpa,0.148 Mpa,0.130 Mpa,0.104 Mpa,0.110 Mpa,4.73%,3.56%,5.29%,2.20%,3.02%,2.10%,4.76%,2.99%,2.93%,2.99%
2026-09-06 07:00:00,0.0788 Mpa,0.0885 Mpa,0.279 Mpa,0.0713 Mpa,0.0854 Mpa,0.0931 Mpa,0.0555 Mpa,0.132 Mpa,0.470 Mpa,0.0953 Mpa,2.39%,2.67%,8.82%,2.23%,3.09%,3.22%,1.73%,3.41%,15.1%,2.61%
2026-09-06 09:00:00,0.0771 Mpa,0.127 Mpa,0.366 Mpa,0.0675 Mpa,0.0824 Mpa,0.112 Mpa,0.211 Mpa,0.0901 Mpa,0.130 Mpa,0.127 Mpa,2.36%,3.93%,11.1%,2.15%,3.10%,3.76%,6.96%,2.15%,4.17%,3.56%
2026-09-06 11:00:00,0.0698 Mpa,0.200 Mpa,0.200 Mpa,0.0798 Mpa,0.0929 Mpa,0.0896 Mpa,0.0489 Mpa,0.175 Mpa,0.175 Mpa,0.0675 Mpa,2.27%,6.07%,6.49%,2.55%,3.22%,3.30%,1.55%,4.70%,5.51%,1.92%
2026-09-06 13:00:00,0.153 Mpa,0.150 Mpa,0.0776 Mpa,0.254 Mpa,0.132 Mpa,0.495 Mpa,0.139 Mpa,0.194 Mpa,0.271 Mpa,0.275 Mpa,5.51%,4.57%,2.26%,7.70%,4.91%,17.1%,4.53%,5.36%,8.66%,7.69%
2026-09-06 15:00:00,0.124 Mpa,0.0222 Mpa,0.203 Mpa,0.0915 Mpa,0.124 Mpa,0.0299 Mpa,0.0814 Mpa,0.0643 Mpa,0.396 Mpa,0.143 Mpa,4.53%,0.698%,6.52%,2.65%,4.52%,0.856%,2.66%,1.54%,11.9%,4.11%
2026-09-06 17:00:00,0.197 Mpa,0.0815 Mpa,0.259 Mpa,0.175 Mpa,0.113 Mpa,0.139 Mpa,0.146 Mpa,0.138 Mpa,0.232 Mpa,0.237 Mpa,7.51%,2.69%,8.17%,5.48%,4.00%,4.38%,4.86%,3.67%,7.17%,6.79%
2026-09-06 19:00:00,0.0873 Mpa,0.119 Mpa,0.0474 Mpa,0.0523 Mpa,0.0896 Mpa,0.0767 Mpa,0.0978 Mpa,0.152 Mpa,0.0462 Mpa,0.110 Mpa,3.34%,4.36%,1.43%,1.87%,3.31%,2.24%,3.17%,4.15%,1.32%,3.20%
2026-09-06 21:00:00,0.0922 Mpa,0.0613 Mpa,0.0802 Mpa,0.0572 Mpa,0.133 Mpa,0.105 Mpa,0.126 Mpa,0.0884 Mpa,0.117 Mpa,0.0655 Mpa,4.57%,2.39%,2.84%,1.99%,4.80%,3.48%,4.00%,2.27%,3.59%,1.83%
2026-09-06 23:00:00,0.0806 Mpa,0.0503 Mpa,0.0817 Mpa,0.113 Mpa,0.118 Mpa,0.0968 Mpa,0.103 Mpa,0.0685 Mpa,0.544 Mpa,0.121 Mpa,3.42%,2.16%,2.58%,4.12%,4.35%,3.13%,3.36%,1.46%,16.8%,3.43%
2026-09-07 01:00:00,0.219 Mpa,0.0920 Mpa,0.273 Mpa,0.0785 Mpa,0.0993 Mpa,0.0573 Mpa,0.152 Mpa,0.0916 Mpa,0.239 Mpa,0.121 Mpa,7.83%,2.98%,8.27%,2.27%,3.57%,1.70%,5.01%,2.30%,7.63%,3.41%
2026-09-07 03:00:00,0.0731 Mpa,0.233 Mpa,0.278 Mpa,0.329 Mpa,0.115 Mpa,0.0794 Mpa,0.130 Mpa,0.0886 Mpa,0.114 Mpa,0.205 Mpa,2.07%,7.58%,8.99%,9.57%,4.08%,2.63%,4.34%,2.17%,3.80%,5.73%
2026-09-07 05:00:00,0.208 Mpa,0.0965 Mpa,0.252 Mpa,0.0647 Mpa,0.127 Mpa,0.0786 Mpa,0.167 Mpa,0.304 Mpa,0.119 Mpa,0.0919 Mpa,6.10%,3.40%,8.23%,1.84%,4.45%,2.65%,5.47%,8.32%,3.71%,2.64%
2026-09-07 07:00:00,0.0946 Mpa,0.0696 Mpa,0.0464 Mpa,0.334 Mpa,0.0638 Mpa,0.0437 Mpa,0.0432 Mpa,0.190 Mpa,0.155 Mpa,0 Mpa,2.97%,2.21%,1.34%,10.1%,2.35%,1.76%,1.43%,5.20%,5.04%,0.760%
2026-09-07 09:00:00,0.108 Mpa,0.0568 Mpa,0.111 Mpa,0.0702 Mpa,0.137 Mpa,0.156 Mpa,0.150 Mpa,0.133 Mpa,0.245 Mpa,0.0767 Mpa,4.60%,1.85%,3.16%,2.14%,5.03%,5.35%,4.75%,3.51%,7.91%,2.01%
2026-09-07 11:00:00,0.169 Mpa,0.0294 Mpa,0.181 Mpa,0.183 Mpa,0.208 Mpa,0.114 Mpa,0.0624 Mpa,0.145 Mpa,0.347 Mpa,0.139 Mpa,7.07%,0.951%,5.69%,5.45%,7.39%,3.97%,2.09%,3.84%,10.4%,3.70%
2026-09-07 13:00:00,0.0999 Mpa,0.124 Mpa,0.192 Mpa,0.0821 Mpa,0.130 Mpa,0.0531 Mpa,0.0469 Mpa,0.109 Mpa,0.128 Mpa,0.0734 Mpa,4.18%,3.78%,6.11%,2.42%,4.79%,1.55%,1.69%,3.19%,4.03%,1.98%
2026-09-07 15:00:00,0.158 Mpa,0.0699 Mpa,0.0852 Mpa,0.0858 Mpa,0.0640 Mpa,0.0568 Mpa,0.0218 Mpa,0.157 Mpa,0.126 Mpa,0.0928 Mpa,4.96%,2.17%,2.51%,2.79%,2.44%,1.39%,0.689%,4.50%,3.78%,2.49%
2026-09-07 17:00:00,0.106 Mpa,0.0710 Mpa,0.0468 Mpa,0.113 Mpa,0.278 Mpa,0.0618 Mpa,0.0523 Mpa,0.188 Mpa,0.586 Mpa,0.0784 Mpa,3.35%,2.25%,1.41%,3.76%,9.81%,1.71%,1.68%,5.32%,16.1%,2.19%
2026-09-07 19:00:00,0.115 Mpa,0.180 Mpa,0.133 Mpa,0.0512 Mpa,0.228 Mpa,0.0576 Mpa,0.0309 Mpa,0.101 Mpa,,0.0632 Mpa,3.74%,5.92%,4.08%,1.60%,7.89%,1.29%,1.01%,2.64%,,1.90%
2026-09-07 21:00:00,0.157 Mpa,0.238 Mpa,0.115 Mpa,0.0614 Mpa,0.122 Mpa,0.114 Mpa,0.161 Mpa,0.0941 Mpa,0.841 Mpa,0.0979 Mpa,5.66%,8.18%,3.73%,1.92%,4.55%,1.91%,5.37%,2.44%,23.8%,2.93%
2026-09-07 23:00:00,0.0724 Mpa,0.158 Mpa,0.237 Mpa,0.0824 Mpa,0.143 Mpa,0.213 Mpa,0.0491 Mpa,0.103 Mpa,0.146 Mpa,0.0412 Mpa,2.65%,5.40%,7.35%,2.92%,5.19%,6.61%,1.54%,2.76%,4.26%,1.16%
2026-09-08 01:00:00,0.112 Mpa,0.251 Mpa,0.301 Mpa,0.150 Mpa,0.0783 Mpa,0.0716 Mpa,0.0452 Mpa,0.123 Mpa,0.145 Mpa,0.275 Mpa,3.82%,8.63%,9.07%,4.52%,2.75%,2.13%,1.42%,3.52%,4.36%,7.87%
2026-09-08 03:00:00,0.125 Mpa,0.153 Mpa,0.0516 Mpa,0.0321 Mpa,0.104 Mpa,0.134 Mpa,0.0860 Mpa,0.139 Mpa,0.142 Mpa,0.0635 Mpa,3.68%,5.25%,1.43%,0.972%,3.50%,2.55%,2.83%,3.77%,4.44%,1.76%
2026-09-08 05:00:00,0.203 Mpa,0.150 Mpa,,0.0342 Mpa,0.0613 Mpa,0.189 Mpa,0.0897 Mpa,0.0851 Mpa,0.284 Mpa,0.119 Mpa,5.99%,4.80%,,0.920%,2.06%,5.71%,2.95%,2.33%,8.47%,3.27%
2026-09-08 07:00:00,0.104 Mpa,0.0919 Mpa,,0.0703 Mpa,0.0883 Mpa,0.0997 Mpa,0.122 Mpa,0.0638 Mpa,0.0704 Mpa,0.0777 Mpa,2.97%,2.73%,,2.10%,2.67%,2.44%,4.25%,1.38%,1.93%,2.17%
2026-09-08 09:00:00,0.0971 Mpa,0.0511 Mpa,,0.0889 Mpa,0.153 Mpa,0.0545 Mpa,0.0832 Mpa,0.0647 Mpa,0.0745 Mpa,0.111 Mpa,2.87%,1.62%,,2.73%,5.63%,1.59%,3.00%,1.42%,2.13%,3.11%
2026-09-08 11:00:00,0.196 Mpa,0.0826 Mpa,,0.160 Mpa,0.150 Mpa,0.321 Mpa,0.0706 Mpa,0.0878 Mpa,0.162 Mpa,0.0976 Mpa,6.07%,2.61%,,4.84%,5.52%,9.68%,2.52%,2.16%,5.01%,2.77%
2026-09-08 13:00:00,0.141 Mpa,0.106 Mpa,,0.0483 Mpa,0.112 Mpa,0.119 Mpa,0.173 Mpa,0.0752 Mpa,0.0729 Mpa,0.0831 Mpa,4.24%,3.58%,,1.44%,4.06%,3.09%,6.30%,1.85%,2.16%,2.47%
2026-09-08 15:00:00,0.144 Mpa,0.0988 Mpa,,0.0985 Mpa,0.0600 Mpa,0.0777 Mpa,0.112 Mpa,0.128 Mpa,0.0952 Mpa,0.0515 Mpa,4.44%,3.34%,,3.04%,2.19%,2.20%,3.80%,3.28%,2.79%,1.32%
2026-09-08 17:00:00,0.177 Mpa,0.105 Mpa,,0.111 Mpa,0.0615 Mpa,0.0870 Mpa,0.0857 Mpa,0.0805 Mpa,0.129 Mpa,0.0878 Mpa,5.48%,3.47%,,3.74%,2.13%,2.67%,2.96%,1.94%,3.90%,2.55%
2026-09-08 19:00:00,0.215 Mpa,0.0218 Mpa,,0.0855 Mpa,0.150 Mpa,0.191 Mpa,0.0587 Mpa,0.232 Mpa,0.205 Mpa,0.0539 Mpa,6.92%,0.710%,,2.59%,5.60%,6.67%,1.86%,6.47%,6.68%,1.40%
2026-09-08 21:00:00,0.162 Mpa,0.164 Mpa,,0.187 Mpa,0.0771 Mpa,0.105 Mpa,0.0753 Mpa,0.238 Mpa,0.117 Mpa,0.146 Mpa,5.20%,5.31%,,5.67%,2.91%,3.22%,2.50%,6.57%,3.74%,4.13%
2026-09-08 23:00:00,0.221 Mpa,0.0707 Mpa,,0.348 Mpa,0.188 Mpa,0.252 Mpa,0.111 Mpa,0.404 Mpa,0.183 Mpa,0.136 Mpa,6.65%,2.16%,,10.5%,6.79%,7.44%,3.65%,11.3%,5.48%,3.86%
2026-09-09 01:00:00,0.136 Mpa,0.105 Mpa,,1.50 Mpa,0.0524 Mpa,0.117 Mpa,0.144 Mpa,0.154 Mpa,0.0890 Mpa,0.214 Mpa,4.41%,3.30%,,43.2%,1.97%,3.93%,4.73%,4.03%,2.40%,5.69%
2026-09-09 03:00:00,0.113 Mpa,0.0947 Mpa,0.0132 Mpa,0.197 Mpa,0.0387 Mpa,0.210 Mpa,0.0521 Mpa,0.130 Mpa,0.105 Mpa,0.0768 Mpa,4.52%,3.01%,0.472%,5.84%,1.42%,6.98%,1.65%,3.58%,2.99%,2.25%
2026-09-09 05:00:00,0.129 Mpa,0.0293 Mpa,0.00218 Mpa,0.0957 Mpa,0.156 Mpa,0.0925 Mpa,0.0413 Mpa,0.195 Mpa,0.0902 Mpa,0.0400 Mpa,4.59%,0.985%,0%,2.74%,5.56%,3.00%,1.31%,5.30%,2.62%,1.05%
2026-09-09 07:00:00,0.154 Mpa,0.0176 Mpa,,0.146 Mpa,0.121 Mpa,0.109 Mpa,0.130 Mpa,0.133 Mpa,0.101 Mpa,0.0622 Mpa,5.87%,0.728%,,4.33%,4.53%,3.30%,4.26%,3.64%,3.08%,1.59%
2026-09-09 09:00:00,0.142 Mpa,0.0449 Mpa,0.0372 Mpa,0.102 Mpa,0.143 Mpa,0.0954 Mpa,0.126 Mpa,0.0874 Mpa,0.0681 Mpa,0.0944 Mpa,5.16%,1.56%,0.969%,3.14%,5.38%,3.38%,4.40%,2.27%,2.01%,2.67%
2026-09-09 11:00:00,0.185 Mpa,0.0791 Mpa,0.194 Mpa,0.0378 Mpa,0.124 Mpa,0.213 Mpa,0.0721 Mpa,0.0892 Mpa,0.0672 Mpa,0.134 Mpa,6.93%,2.66%,5.80%,1.04%,4.69%,7.58%,2.39%,2.08%,1.94%,3.78%
2026-09-09 13:00:00,0.233 Mpa,0.0841 Mpa,0.147 Mpa,0.0928 Mpa,0.193 Mpa,0.0353 Mpa,0.0794 Mpa,0.0906 Mpa,0.141 Mpa,0.0332 Mpa,8.56%,2.94%,4.65%,2.91%,6.96%,1.18%,2.70%,2.43%,4.47%,0.937%
2026-09-09 15:00:00,0.132 Mpa,0.292 Mpa,0.552 Mpa,0.0276 Mpa,0.127 Mpa,0.104 Mpa,0.0612 Mpa,0.109 Mpa,0.100 Mpa,0.0850 Mpa,4.23%,9.43%,17.8%,1.08%,4.76%,3.61%,2.06%,2.91%,3.00%,2.33%
2026-09-09 17:00:00,0.218 Mpa,0.203 Mpa,0.235 Mpa,0.171 Mpa,0.103 Mpa,0.0769 Mpa,0.0695 Mpa,0.129 Mpa,0.0388 Mpa,0.127 Mpa,7.68%,6.45%,7.12%,5.70%,3.86%,2.49%,2.39%,3.55%,1.09%,3.52%
2026-09-09 19:00:00,0.202 Mpa,0.189 Mpa,0.267 Mpa,0.125 Mpa,0.0629 Mpa,0.117 Mpa,0.0696 Mpa,0.102 Mpa,0.104 Mpa,0.0593 Mpa,6.48%,6.20%,8.06%,5.40%,2.22%,4.02%,2.29%,2.47%,3.48%,1.79%
2026-09-09 21:00:00,0.207 Mpa,0.392 Mpa,0.0992 Mpa,0.124 Mpa,0.0998 Mpa,0.115 Mpa,0.0316 Mpa,0.0779 Mpa,0.0915 Mpa,0.142 Mpa,6.40%,12.5%,3.18%,4.27%,3.68%,4.28%,1.13%,1.82%,2.79%,3.98%
2026-09-09 23:00:00,0.482 Mpa,0.233 Mpa,0.279 Mpa,0.116 Mpa,0.0955 Mpa,0.107 Mpa,0.178 Mpa,0.0875 Mpa,0.0894 Mpa,0.109 Mpa,14.5%,7.50%,8.73%,4.39%,3.66%,3.85%,5.82%,2.15%,2.59%,3.04%
2026-09-10 01:00:00,,0.0683 Mpa,0.143 Mpa,0.0637 Mpa,0.0587 Mpa,0.0227 Mpa,0.0866 Mpa,0.0509 Mpa,0.248 Mpa,0.132 Mpa,,2.12%,3.96%,2.13%,2.09%,0.854%,2.75%,1.34%,7.60%,3.62%
2026-09-10 03:00:00,,0.0465 Mpa,0.128 Mpa,0.0642 Mpa,0.114 Mpa,0.0195 Mpa,0.0857 Mpa,0.0873 Mpa,0.117 Mpa,0.171 Mpa,,1.40%,3.76%,2.33%,4.05%,0.601%,2.85%,2.27%,3.59%,4.72%
2026-09-10 05:00:00,,0.0898 Mpa,0.0518 Mpa,0.139 Mpa,0.0841 Mpa,0.0867 Mpa,0.140 Mpa,0.0770 Mpa,0.262 Mpa,0.0830 Mpa,,2.79%,1.30%,4.44%,3.09%,2.93%,4.66%,1.90%,8.08%,2.25%
2026-09-10 07:00:00,,0.119 Mpa,0.0386 Mpa,0.151 Mpa,0.0776 Mpa,0.128 Mpa,0.0388 Mpa,0.107 Mpa,0.147 Mpa,0.0759 Mpa,,3.73%,0.897%,4.58%,2.77%,4.39%,1.27%,2.94%,4.62%,1.99%
2026-09-10 09:00:00,0.516 Mpa,0.0614 Mpa,0.0349 Mpa,0.0392 Mpa,0.170 Mpa,0.0589 Mpa,0.420 Mpa,0.130 Mpa,0.0674 Mpa,0.0528 Mpa,15.2%,1.92%,1.06%,1.10%,6.07%,1.89%,14.3%,3.45%,1.91%,1.39%
2026-09-10 11:00:00,,0.0777 Mpa,0.201 Mpa,0.0563 Mpa,0.0689 Mpa,0.105 Mpa,0.160 Mpa,0.127 Mpa,0.227 Mpa,0.0511 Mpa,,2.43%,6.24%,1.69%,2.62%,3.44%,5.56%,3.35%,6.62%,1.45%
2026-09-10 13:00:00,,0.106 Mpa,0.0238 Mpa,0.0633 Mpa,0.0683 Mpa,0.0974 Mpa,0.110 Mpa,0.145 Mpa,0.110 Mpa,0.0508 Mpa,,3.29%,0.586%,1.81%,2.43%,3.21%,3.83%,4.20%,3.08%,1.40%
2026-09-10 15:00:00,,0.0602 Mpa,0.0573 Mpa,0.0288 Mpa,0.0700 Mpa,0.0575 Mpa,0.107 Mpa,0.232 Mpa,0.0993 Mpa,0.0547 Mpa,,1.94%,2.35%,0.845%,2.44%,1.87%,3.80%,6.41%,2.89%,1.58%
2026-09-10 17:00:00,,0.0805 Mpa,0.0577 Mpa,0.129 Mpa,0.0574 Mpa,0.205 Mpa,0.0757 Mpa,0.145 Mpa,0.0760 Mpa,0.0527 Mpa,,2.65%,1.83%,3.90%,2.02%,7.18%,2.51%,3.85%,2.13%,1.44%
2026-09-10 19:00:00,,0.286 Mpa,0.0873 Mpa,0.320 Mpa,0.0661 Mpa,0.00466 Mpa,0.161 Mpa,0.119 Mpa,0.0862 Mpa,0.105 Mpa,,9.09%,2.58%,9.70%,2.57%,0.00654%,5.55%,2.94%,2.66%,2.86%
2026-09-10 21:00:00,,0.146 Mpa,0.0133 Mpa,0.374 Mpa,0.105 Mpa,0.184 Mpa,0.167 Mpa,0.102 Mpa,0.0709 Mpa,0.0788 Mpa,,4.65%,0.520%,11.6%,4.09%,5.46%,5.72%,2.55%,2.26%,2.13%
2026-09-10 23:00:00,,0.0462 Mpa,0.0638 Mpa,0.299 Mpa,0.0990 Mpa,0.0910 Mpa,0.0582 Mpa,0.0965 Mpa,0.140 Mpa,0.0286 Mpa,,1.44%,1.95%,8.95%,3.67%,3.19%,1.83%,2.49%,4.37%,0.700%
2026-09-11 01:00:00,0 Mpa,0.247 Mpa,0.197 Mpa,0.130 Mpa,0.127 Mpa,0.0821 Mpa,0.0946 Mpa,0.181 Mpa,0.147 Mpa,0.110 Mpa,0%,7.73%,6.07%,4.10%,4.60%,2.78%,3.07%,4.92%,4.49%,2.86%
2026-09-11 03:00:00,0.198 Mpa,0.0594 Mpa,0.0511 Mpa,0.139 Mpa,0.0678 Mpa,0.0664 Mpa,0.0803 Mpa,0.0959 Mpa,0.225 Mpa,0.0412 Mpa,5.27%,1.84%,1.74%,4.39%,2.28%,2.11%,2.74%,2.30%,7.03%,1.02%
2026-09-11 05:00:00,0.203 Mpa,0.325 Mpa,0.152 Mpa,0.0967 Mpa,0.125 Mpa,0.157 Mpa,0.0593 Mpa,0.177 Mpa,0.146 Mpa,0.0853 Mpa,5.68%,10.3%,4.44%,2.96%,4.42%,5.07%,1.97%,4.65%,4.46%,2.16%
2026-09-11 07:00:00,0.317 Mpa,0.346 Mpa,0.0956 Mpa,0.169 Mpa,0.0426 Mpa,0.174 Mpa,0.252 Mpa,0.0641 Mpa,0.113 Mpa,0.0955 Mpa,9.09%,11.0%,2.85%,5.50%,1.53%,5.18%,8.33%,1.35%,3.25%,2.52%
2026-09-11 09:00:00,0.0675 Mpa,0.189 Mpa,0.0760 Mpa,0.271 Mpa,0.0675 Mpa,,0.0973 Mpa,0.0788 Mpa,0.160 Mpa,0.126 Mpa,1.89%,6.17%,2.35%,8.16%,2.52%,,3.37%,1.92%,4.86%,3.56%
2026-09-11 11:00:00,0.275 Mpa,0.109 Mpa,0.0740 Mpa,0.131 Mpa,0.0955 Mpa,0.203 Mpa,0.674 Mpa,0.110 Mpa,0.0907 Mpa,0.180 Mpa,7.99%,3.55%,2.17%,4.61%,3.22%,5.35%,22.2%,2.95%,2.66%,5.24%
2026-09-11 13:00:00,0.647 Mpa,0.0166 Mpa,0.0488 Mpa,0.136 Mpa,0.0773 Mpa,0.282 Mpa,0.212 Mpa,0.0818 Mpa,0.111 Mpa,0.0410 Mpa,19.3%,0.499%,1.54%,4.61%,2.87%,8.57%,7.03%,2.08%,3.31%,0.953%
2026-09-11 15:00:00,0.230 Mpa,0.0365 Mpa,0.0613 Mpa,0.270 Mpa,0.126 Mpa,0.137 Mpa,0.0469 Mpa,0.138 Mpa,0.117 Mpa,0.0807 Mpa,7.30%,1.29%,1.80%,8.22%,4.38%,4.54%,1.62%,3.65%,3.55%,1.98%
2026-09-11 17:00:00,0.197 Mpa,0.121 Mpa,0.0743 Mpa,0.0802 Mpa,0.0769 Mpa,0.116 Mpa,0.103 Mpa,0.128 Mpa,0.0846 Mpa,0.0627 Mpa,5.93%,3.88%,2.20%,2.42%,2.69%,3.78%,3.69%,3.41%,2.52%,1.66%
2026-09-11 19:00:00,0.461 Mpa,0.126 Mpa,0.0766 Mpa,0.147 Mpa,0.0538 Mpa,0.138 Mpa,0.185 Mpa,0.171 Mpa,0.0637 Mpa,0.907 Mpa,14.2%,4.36%,2.19%,4.47%,2.01%,4.58%,6.14%,4.48%,1.94%,24.4%
2026-09-11 21:00:00,0.407 Mpa,0.141 Mpa,0.0570 Mpa,0.0551 Mpa,0.0262 Mpa,0.221 Mpa,0.124 Mpa,0.177 Mpa,0.0912 Mpa,0.236 Mpa,12.4%,5.04%,1.67%,2.06%,0.954%,7.14%,4.08%,4.84%,2.80%,6.47%
2026-09-11 23:00:00,0.210 Mpa,0.195 Mpa,0.0380 Mpa,0.0865 Mpa,0.0795 Mpa,0.121 Mpa,0.0936 Mpa,0.154 Mpa,0.139 Mpa,0.141 Mpa,8.11%,6.70%,1.04%,3.17%,2.90%,4.37%,3.10%,4.36%,4.17%,3.96%
2026-09-12 01:00:00,,0.435 Mpa,0.0797 Mpa,0.115 Mpa,0.0709 Mpa,0.0712 Mpa,0.0791 Mpa,0.201 Mpa,0.0856 Mpa,0.508 Mpa,,14.5%,2.44%,3.41%,2.86%,2.49%,2.69%,6.39%,2.53%,14.1%
2026-09-12 03:00:00,,0.0508 Mpa,0.103 Mpa,0.0813 Mpa,0.134 Mpa,0.140 Mpa,0.0916 Mpa,0.154 Mpa,0.165 Mpa,0.0897 Mpa,,1.63%,3.34%,2.86%,4.87%,4.40%,3.13%,4.28%,4.84%,2.99%
2026-09-12 05:00:00,,0.113 Mpa,0.0878 Mpa,0.0708 Mpa,0.119 Mpa,0.171 Mpa,0.0689 Mpa,0.116 Mpa,0.114 Mpa,0.120 Mpa,,3.73%,2.64%,2.36%,4.06%,5.53%,2.23%,3.02%,3.25%,3.39%
2026-09-12 07:00:00,,0.0978 Mpa,0.136 Mpa,0.0904 Mpa,0.103 Mpa,0.0586 Mpa,0.0879 Mpa,0.143 Mpa,0.0971 Mpa,0.0887 Mpa,,3.44%,4.36%,2.82%,3.73%,1.84%,2.89%,3.85%,2.85%,2.47%
2026-09-12 09:00:00,0.159 Mpa,0.134 Mpa,0.0916 Mpa,0.116 Mpa,0.0688 Mpa,0.362 Mpa,0.0430 Mpa,0.129 Mpa,0.0911 Mpa,0.0769 Mpa,6.45%,4.55%,2.70%,3.73%,2.51%,10.8%,1.39%,3.47%,2.72%,2.20%
2026-09-12 11:00:00,0.105 Mpa,0.145 Mpa,0.0806 Mpa,0.116 Mpa,0.319 Mpa,0.141 Mpa,0.188 Mpa,0.177 Mpa,0.0706 Mpa,0.0891 Mpa,4.14%,4.76%,2.37%,3.94%,11.5%,4.53%,6.14%,4.95%,1.94%,2.47%
2026-09-12 13:00:00,0.0447 Mpa,0.0626 Mpa,0.114 Mpa,0.0852 Mpa,0.0824 Mpa,0.0701 Mpa,0.152 Mpa,0.302 Mpa,0.0962 Mpa,0.0682 Mpa,1.45%,1.90%,3.62%,2.46%,3.00%,2.36%,5.04%,8.65%,2.88%,2.12%
2026-09-12 15:00:00,0.0916 Mpa,0.183 Mpa,0.0673 Mpa,0.0543 Mpa,,0.0801 Mpa,0.0808 Mpa,0.0860 Mpa,0.0780 Mpa,0.0535 Mpa,3.42%,6.55%,1.94%,1.62%,,2.90%,2.48%,2.26%,2.30%,1.51%
2026-09-12 17:00:00,0.239 Mpa,0.0781 Mpa,0.0870 Mpa,0.213 Mpa,,0.268 Mpa,0.0979 Mpa,0.119 Mpa,0.109 Mpa,0.0634 Mpa,7.42%,2.41%,2.83%,6.23%,,9.62%,3.39%,3.05%,3.35%,1.76%
2026-09-12 19:00:00,0.244 Mpa,0.108 Mpa,0.0933 Mpa,0.114 Mpa,,0.138 Mpa,0.101 Mpa,0.138 Mpa,0.0523 Mpa,0.0822 Mpa,8.15%,3.35%,3.14%,3.50%,,4.91%,3.43%,3.82%,1.54%,2.24%
2026-09-12 21:00:00,0.274 Mpa,0.111 Mpa,0.0875 Mpa,0.0812 Mpa,,0.183 Mpa,0.0858 Mpa,0.0620 Mpa,0.0563 Mpa,0.0867 Mpa,8.03%,3.35%,2.73%,2.69%,,6.47%,3.04%,1.22%,1.64%,2.35%
2026-09-12 23:00:00,0.216 Mpa,0.253 Mpa,0.0381 Mpa,0.0351 Mpa,,0.281 Mpa,0.0652 Mpa,0.102 Mpa,0.144 Mpa,0.0890 Mpa,6.56%,7.96%,1.28%,1.51%,,9.63%,2.26%,2.55%,4.31%,2.36%
2026-09-13 01:00:00,0.213 Mpa,0.252 Mpa,0.222 Mpa,0.104 Mpa,,0.0192 Mpa,0.292 Mpa,0.165 Mpa,0.0716 Mpa,0.316 Mpa,7.22%,7.78%,6.46%,3.31%,,0.492%,9.63%,4.50%,1.96%,8.48%
2026-09-13 03:00:00,0.440 Mpa,0.0123 Mpa,0.311 Mpa,0.147 Mpa,,0.0395 Mpa,0.101 Mpa,0.0987 Mpa,0.0555 Mpa,0.0626 Mpa,16.8%,0.405%,9.88%,4.81%,,1.24%,3.75%,2.57%,1.56%,1.76%
2026-09-13 05:00:00,0.147 Mpa,0.0791 Mpa,0.0184 Mpa,0.0546 Mpa,,0.121 Mpa,0.118 Mpa,0.143 Mpa,0.0835 Mpa,0.105 Mpa,4.72%,2.40%,0.468%,2.38%,,3.84%,3.99%,3.82%,2.37%,2.92%
2026-09-13 07:00:00,0.176 Mpa,0.165 Mpa,0.0738 Mpa,0.0506 Mpa,,0.0600 Mpa,0.0806 Mpa,0.156 Mpa,0.0689 Mpa,0.0240 Mpa,5.23%,5.49%,2.14%,1.80%,,1.80%,2.68%,4.25%,1.92%,0.681%
2026-09-13 09:00:00,0.231 Mpa,0.269 Mpa,0.0989 Mpa,0.0983 Mpa,,0.119 Mpa,0.104 Mpa,0.224 Mpa,0.103 Mpa,0.0604 Mpa,7.73%,8.59%,2.95%,3.61%,,4.48%,3.44%,6.35%,3.07%,1.61%
2026-09-13 11:00:00,0.231 Mpa,0.150 Mpa,0.0798 Mpa,0.135 Mpa,,0.131 Mpa,0.144 Mpa,0.0869 Mpa,0.0731 Mpa,0.0854 Mpa,7.58%,5.03%,2.51%,4.37%,,4.26%,4.83%,2.30%,2.13%,2.31%
2026-09-13 13:00:00,0.206 Mpa,0.163 Mpa,0.0868 Mpa,0.121 Mpa,0.0951 Mpa,0.107 Mpa,0.175 Mpa,0.117 Mpa,0.0424 Mpa,0.0694 Mpa,5.99%,5.41%,2.87%,3.57%,3.36%,3.43%,5.86%,3.45%,1.19%,1.94%
2026-09-13 15:00:00,0.227 Mpa,0.0816 Mpa,0.0928 Mpa,0.0609 Mpa,0.141 Mpa,0.0901 Mpa,0.166 Mpa,0.152 Mpa,0.0825 Mpa,0.0421 Mpa,7.64%,2.49%,2.85%,2.39%,5.25%,3.32%,5.52%,4.52%,2.53%,1.04%
2026-09-13 17:00:00,0.255 Mpa,0.185 Mpa,0.0730 Mpa,0.170 Mpa,0.0824 Mpa,0.128 Mpa,0.116 Mpa,0.135 Mpa,0.121 Mpa,0.0577 Mpa,10.1%,5.66%,2.22%,5.57%,3.12%,4.90%,3.87%,3.77%,3.69%,1.44%
2026-09-13 19:00:00,0.268 Mpa,0.193 Mpa,0.0315 Mpa,0.0556 Mpa,0.0878 Mpa,0.0900 Mpa,0.216 Mpa,0.125 Mpa,0.163 Mpa,0.107 Mpa,7.71%,6.03%,0.919%,2.39%,3.18%,3.06%,7.24%,3.29%,4.98%,3.08%
2026-09-13 21:00:00,0.180 Mpa,0.176 Mpa,0.0383 Mpa,0.136 Mpa,0.129 Mpa,0.0880 Mpa,0.0572 Mpa,0.0696 Mpa,0.137 Mpa,0.0163 Mpa,6.69%,5.57%,1.25%,4.27%,5.12%,2.99%,1.90%,1.52%,4.17%,0.278%
2026-09-13 23:00:00,0.292 Mpa,0.101 Mpa,0.108 Mpa,0.172 Mpa,0.258 Mpa,0.0430 Mpa,0.0596 Mpa,0.0795 Mpa,0.234 Mpa,0.125 Mpa,8.17%,3.08%,3.03%,4.86%,9.97%,1.48%,2%,2.12%,7.05%,3.44%
2026-09-14 01:00:00,0.0978 Mpa,0.115 Mpa,0.0630 Mpa,0.102 Mpa,0.269 Mpa,0.123 Mpa,0.265 Mpa,0.137 Mpa,0.0157 Mpa,0.0588 Mpa,2.92%,3.42%,1.78%,2.90%,10.2%,4.26%,8.72%,3.54%,0.553%,1.27%
2026-09-14 03:00:00,0.120 Mpa,0.0841 Mpa,0.0681 Mpa,0.0621 Mpa,0.253 Mpa,0.157 Mpa,0.118 Mpa,0.110 Mpa,0.0383 Mpa,0.0672 Mpa,4.46%,2.68%,2.00%,1.81%,9.65%,5.55%,4.14%,2.83%,1.02%,1.80%
2026-09-14 05:00:00,0.120 Mpa,0.115 Mpa,0.0893 Mpa,0.0934 Mpa,0.170 Mpa,0.152 Mpa,0.110 Mpa,0.0941 Mpa,,0.181 Mpa,4.02%,3.62%,2.80%,3.06%,5.83%,5.29%,3.64%,2.46%,,4.85%
2026-09-14 07:00:00,0.179 Mpa,0.146 Mpa,0.0782 Mpa,0.0922 Mpa,0.542 Mpa,0.218 Mpa,0.0704 Mpa,0.152 Mpa,,0.122 Mpa,5.11%,4.81%,2.33%,3.34%,16.7%,8.09%,2.30%,4.17%,,3.64%
2026-09-14 09:00:00,0.0271 Mpa,0.0560 Mpa,0.0788 Mpa,0.0971 Mpa,0.186 Mpa,0.140 Mpa,0.0907 Mpa,0.174 Mpa,,0.108 Mpa,0.770%,1.92%,2.45%,3.78%,6.77%,5.27%,2.90%,4.84%,,3.18%
2026-09-14 11:00:00,0.160 Mpa,0.0518 Mpa,0.110 Mpa,0.221 Mpa,0.261 Mpa,0.201 Mpa,0.0814 Mpa,0.0495 Mpa,,0.135 Mpa,4.41%,1.78%,3.42%,7.14%,9.26%,7.38%,2.69%,1.11%,,3.88%
2026-09-14 13:00:00,0.0738 Mpa,0.0278 Mpa,0.0976 Mpa,0.0890 Mpa,0.117 Mpa,0.0857 Mpa,0.132 Mpa,0.0874 Mpa,0.511 Mpa,0.109 Mpa,2.14%,0.785%,3.01%,2.69%,4.46%,3.03%,4.36%,2.65%,14.9%,3.10%
2026-09-14 15:00:00,0.0610 Mpa,0.0677 Mpa,0.0952 Mpa,0.0463 Mpa,0.229 Mpa,0.144 Mpa,0.128 Mpa,0.196 Mpa,,0.103 Mpa,1.73%,2.21%,2.90%,1.25%,8.12%,4.81%,4.35%,5.70%,,2.97%
2026-09-14 17:00:00,0.0769 Mpa,0.111 Mpa,0.0641 Mpa,0.108 Mpa,0.176 Mpa,0.177 Mpa,0.0854 Mpa,0.116 Mpa,,0.109 Mpa,2.42%,3.65%,2.16%,3.40%,6.83%,5.55%,2.92%,3.52%,,3.08%
2026-09-14 19:00:00,0.0549 Mpa,0.0284 Mpa,0.0441 Mpa,0.141 Mpa,0.167 Mpa,0.0336 Mpa,0.242 Mpa,0.106 Mpa,,0.0497 Mpa,1.97%,0.845%,1.44%,4.54%,6.24%,0.914%,8.36%,2.75%,,1.25%
2026-09-14 21:00:00,0.0890 Mpa,0.299 Mpa,0.0265 Mpa,0.0954 Mpa,0.100 Mpa,0.0687 Mpa,0.0655 Mpa,0.151 Mpa,,0.0506 Mpa,3.23%,8.83%,0.853%,3.45%,3.96%,2.06%,2.25%,3.90%,,1.23%
2026-09-14 23:00:00,0.326 Mpa,0.134 Mpa,0.171 Mpa,0.0815 Mpa,0.0651 Mpa,0.129 Mpa,0.0667 Mpa,0.170 Mpa,,0.0558 Mpa,9.64%,4.05%,5.28%,2.88%,2.68%,4.62%,2.17%,4.75%,,1.39%
2026-09-15 01:00:00,0.0545 Mpa,0.117 Mpa,0.0310 Mpa,0.0876 Mpa,0.0177 Mpa,0.0951 Mpa,0.136 Mpa,0.132 Mpa,0.00142 Mpa,0.183 Mpa,1.63%,3.60%,0.976%,2.70%,0.683%,3.41%,4.39%,3.03%,0%,4.71%
2026-09-15 03:00:00,0.0460 Mpa,0.119 Mpa,0.0689 Mpa,0.0465 Mpa,0.107 Mpa,0.102 Mpa,0.0399 Mpa,0.0909 Mpa,0.0377 Mpa,0.0337 Mpa,1.51%,4.04%,1.96%,1.36%,4.09%,3.55%,1.39%,1.82%,0.735%,0.595%
2026-09-15 05:00:00,0.0970 Mpa,0.0269 Mpa,0.0619 Mpa,0.100 Mpa,0.0962 Mpa,0.385 Mpa,0.0706 Mpa,0.122 Mpa,0.00918 Mpa,0.104 Mpa,2.93%,0.732%,1.82%,2.97%,3.56%,13.0%,2.30%,3.23%,0.00192%,2.83%
2026-09-15 07:00:00,0.123 Mpa,0.0249 Mpa,0.0908 Mpa,0.0751 Mpa,0.140 Mpa,0.0648 Mpa,0.189 Mpa,0.0674 Mpa,0.215 Mpa,0.118 Mpa,3.63%,0.720%,2.81%,2.23%,5.32%,2.01%,6.07%,1.34%,6.18%,3.69%
2026-09-15 09:00:00,0.121 Mpa,0.142 Mpa,0.0841 Mpa,0.0930 Mpa,0.288 Mpa,0.0465 Mpa,0.106 Mpa,0.135 Mpa,0.0409 Mpa,0.127 Mpa,4.07%,4.53%,2.52%,2.83%,10.7%,1.35%,3.41%,3.45%,0.895%,3.99%

