"Time","P_FW - I38","P_FW - I39","P_FW - I40","P_FW - I41","P_FW - I42","P_FW - I43","P_FW - I44","P_FW - I47","P_FW - I48","%FW - I38","%FW - I39","%FW - I40","%FW - I41","%FW - I42","%FW - I43","%FW - I44","%FW - I47","%FW - I48"
2026-06-17 09:00:00,,0.0819 Mpa,0.411 Mpa,,0.167 Mpa,0.411 Mpa,0.501 Mpa,1.41 Mpa,,,9.95%,11.9%,,6.62%,6.20%,14.4%,37.4%,
2026-06-17 11:00:00,,0.416 Mpa,0.229 Mpa,,0.183 Mpa,0.378 Mpa,0.323 Mpa,0.425 Mpa,,,15.7%,6.25%,,6.53%,4.38%,9.24%,8.67%,
2026-06-17 13:00:00,,0.416 Mpa,1.26 Mpa,,,0.544 Mpa,0.0356 Mpa,0.255 Mpa,,,17.6%,34.8%,,,9.21%,0.722%,3.02%,
2026-06-17 15:00:00,,0.459 Mpa,0.826 Mpa,0 Mpa,0.743 Mpa,0.250 Mpa,0.280 Mpa,0.248 Mpa,,,18.3%,22.7%,1.69%,21.5%,0.686%,12.7%,4.83%,
2026-06-17 17:00:00,,0.201 Mpa,0.169 Mpa,0.385 Mpa,0.307 Mpa,0.267 Mpa,0.941 Mpa,0.219 Mpa,,,9.94%,4.89%,13.4%,9.63%,2.87%,25.3%,15.0%,
2026-06-17 19:00:00,,0.267 Mpa,0.276 Mpa,0.273 Mpa,0.210 Mpa,0.278 Mpa,0.630 Mpa,0.176 Mpa,,,12.7%,7.61%,15.1%,7.01%,1.98%,16.5%,12.5%,
2026-06-17 21:00:00,,0.152 Mpa,0.173 Mpa,0.348 Mpa,0.117 Mpa,0.244 Mpa,0.331 Mpa,0.196 Mpa,,,8.48%,4.54%,10.1%,4.80%,0.668%,7.20%,21.8%,
2026-06-17 23:00:00,,0.118 Mpa,0.170 Mpa,0.273 Mpa,0.291 Mpa,0.328 Mpa,0.311 Mpa,0.366 Mpa,,,4.17%,4.00%,8.43%,9.08%,2.93%,7.51%,7.28%,
2026-06-18 01:00:00,,0.0377 Mpa,0.109 Mpa,0.243 Mpa,0.162 Mpa,0.264 Mpa,0.156 Mpa,0.587 Mpa,,,7.77%,3.23%,6.22%,5.38%,1.29%,5.35%,13.4%,
2026-06-18 03:00:00,,,0.131 Mpa,0.122 Mpa,0.00182 Mpa,0.286 Mpa,0.183 Mpa,0.211 Mpa,,,,2.95%,2.87%,0.864%,3.13%,3.48%,3.45%,
2026-06-18 05:00:00,,0.0697 Mpa,0.175 Mpa,0.157 Mpa,0.526 Mpa,0.235 Mpa,0.141 Mpa,0.274 Mpa,,,3.13%,6.24%,3.97%,15.1%,1.73%,2.61%,16.9%,
2026-06-18 07:00:00,,0.408 Mpa,0.137 Mpa,0.0779 Mpa,0.334 Mpa,0.307 Mpa,1.36 Mpa,0.199 Mpa,,,12.1%,3.96%,1.65%,11.0%,4.43%,37.2%,2.54%,
2026-06-18 09:00:00,,0.466 Mpa,0.208 Mpa,0.351 Mpa,0.235 Mpa,0.352 Mpa,0.0892 Mpa,0.481 Mpa,,,15.3%,5.78%,9.20%,8.12%,4.69%,1.73%,10.4%,
2026-06-18 11:00:00,,0.679 Mpa,0.158 Mpa,0.0541 Mpa,0.212 Mpa,0.330 Mpa,0.0922 Mpa,0.364 Mpa,,,25.0%,4.22%,1.67%,6.66%,5.51%,2.72%,6.91%,
2026-06-18 13:00:00,,1.15 Mpa,0.187 Mpa,1.14 Mpa,0.0359 Mpa,0.295 Mpa,0.104 Mpa,0.519 Mpa,,,36.3%,4.86%,30.4%,13.9%,4.77%,2.83%,10.8%,
2026-06-18 15:00:00,0.0677 Mpa,0.112 Mpa,0.450 Mpa,0.400 Mpa,0.682 Mpa,0.302 Mpa,0.0559 Mpa,0.294 Mpa,,1.65%,9.90%,12.4%,11.1%,19.9%,3.80%,1.18%,4.15%,
2026-06-18 17:00:00,1.77 Mpa,0.157 Mpa,0.118 Mpa,0.473 Mpa,0.100 Mpa,0.297 Mpa,0.104 Mpa,0.389 Mpa,,48.0%,3.73%,3.22%,12.2%,3.62%,4.59%,2.71%,6.68%,
2026-06-18 19:00:00,0.783 Mpa,0.149 Mpa,0.223 Mpa,0.617 Mpa,0.593 Mpa,0.293 Mpa,0.126 Mpa,0.460 Mpa,,21.0%,4.65%,5.42%,15.5%,18.0%,2.30%,2.19%,9.30%,
2026-06-18 21:00:00,0.373 Mpa,0.117 Mpa,0.204 Mpa,0.544 Mpa,0.315 Mpa,0.724 Mpa,0.120 Mpa,0.259 Mpa,,9.74%,2.83%,4.42%,13.6%,9.99%,13.5%,2.12%,3.58%,
2026-06-18 23:00:00,0.783 Mpa,1.65 Mpa,0.203 Mpa,0.240 Mpa,0.989 Mpa,0.252 Mpa,0.162 Mpa,0.227 Mpa,,21.4%,48.8%,5.35%,5.48%,28.8%,1.05%,3.95%,3.11%,
2026-06-19 01:00:00,0.793 Mpa,0.533 Mpa,0.342 Mpa,0.275 Mpa,0.353 Mpa,0.363 Mpa,0.0884 Mpa,0.258 Mpa,,21.1%,15.3%,10.1%,7.00%,11.0%,4.29%,1.57%,4.86%,
2026-06-19 03:00:00,0.677 Mpa,0.455 Mpa,0.198 Mpa,,0.0349 Mpa,0.268 Mpa,0.250 Mpa,0.273 Mpa,,20.1%,16.2%,5.82%,,1.98%,1.45%,5.91%,6.43%,
2026-06-19 05:00:00,0.827 Mpa,0 Mpa,0.187 Mpa,1.79 Mpa,0.108 Mpa,0.310 Mpa,0.160 Mpa,0.576 Mpa,,21.3%,4.67%,5.72%,51.7%,3.74%,2.65%,3.49%,14.2%,
2026-06-19 07:00:00,0.710 Mpa,0.00192 Mpa,0.166 Mpa,0.212 Mpa,0.0814 Mpa,0.340 Mpa,0.162 Mpa,0.275 Mpa,,20.4%,4.49%,4.18%,9.90%,2.81%,3.35%,3.14%,4.32%,
2026-06-19 09:00:00,0.722 Mpa,0.0180 Mpa,0.268 Mpa,0.262 Mpa,0.628 Mpa,0.281 Mpa,0.370 Mpa,0.320 Mpa,,19.2%,4.46%,6.45%,6.47%,24.0%,2.44%,8.82%,5.32%,
2026-06-19 11:00:00,0.619 Mpa,0.240 Mpa,0.817 Mpa,0.239 Mpa,0.0289 Mpa,0.394 Mpa,0.557 Mpa,0.365 Mpa,,16.4%,9.33%,22.1%,6.10%,1.52%,5.53%,14.1%,5.99%,
2026-06-19 13:00:00,0.318 Mpa,0.195 Mpa,0.663 Mpa,0.150 Mpa,0.121 Mpa,0.222 Mpa,0.362 Mpa,0.351 Mpa,,9.22%,9.02%,18.3%,3.44%,4.40%,1.62%,8.24%,5.54%,
2026-06-19 15:00:00,0.306 Mpa,0.807 Mpa,0.232 Mpa,0.442 Mpa,0.411 Mpa,0.219 Mpa,0.277 Mpa,0.501 Mpa,,9.24%,25.1%,6.48%,11.5%,13.7%,1.28%,6.54%,10.4%,
2026-06-19 17:00:00,0.717 Mpa,0.140 Mpa,0.151 Mpa,0.134 Mpa,1.05 Mpa,0.269 Mpa,0.692 Mpa,0.331 Mpa,,22.0%,10.7%,4.26%,3.12%,29.5%,2.29%,20.9%,6.51%,
2026-06-19 19:00:00,1.62 Mpa,0.124 Mpa,0.268 Mpa,0 Mpa,1.09 Mpa,0.258 Mpa,0.726 Mpa,0.392 Mpa,,43.0%,6.11%,6.68%,0.0429%,30.2%,2.24%,19.2%,8.90%,
2026-06-19 21:00:00,0.611 Mpa,0.280 Mpa,0.182 Mpa,0.171 Mpa,1.21 Mpa,0.225 Mpa,0.100 Mpa,0.259 Mpa,,16.5%,10.4%,5.31%,3.74%,32.8%,1.29%,1.17%,5.32%,
2026-06-19 23:00:00,0.792 Mpa,0.130 Mpa,0.195 Mpa,0.210 Mpa,0.00837 Mpa,0.432 Mpa,0.282 Mpa,0.227 Mpa,,21.6%,3.83%,4.98%,4.63%,3.97%,11.7%,11.8%,3.55%,
2026-06-20 01:00:00,0.0833 Mpa,0.125 Mpa,0.305 Mpa,0.227 Mpa,,0.333 Mpa,0.137 Mpa,0.237 Mpa,,5.47%,6.08%,7.64%,5.06%,,3.48%,14.5%,3.34%,
2026-06-20 03:00:00,0.0498 Mpa,0.430 Mpa,0.186 Mpa,0.297 Mpa,,0.472 Mpa,0.258 Mpa,0.337 Mpa,,5.63%,15.9%,3.64%,7.06%,,7.31%,14.1%,4.75%,
2026-06-20 05:00:00,0.260 Mpa,0.265 Mpa,0.207 Mpa,0.376 Mpa,,0.258 Mpa,0.231 Mpa,0.307 Mpa,,9.51%,14.0%,4.80%,9.30%,,1.85%,5.57%,4.45%,
2026-06-20 07:00:00,0.0974 Mpa,0.0865 Mpa,0.200 Mpa,0.640 Mpa,,0.453 Mpa,0.130 Mpa,0.713 Mpa,,3.47%,4.23%,5.72%,16.0%,,6.37%,4.27%,17.7%,
2026-06-20 09:00:00,0.144 Mpa,0.308 Mpa,0.329 Mpa,0.347 Mpa,0 Mpa,0.443 Mpa,0.326 Mpa,0.311 Mpa,,3.37%,9.49%,8.66%,8.31%,3.67%,7.65%,14.6%,5.34%,
2026-06-20 11:00:00,0.120 Mpa,0.856 Mpa,0.205 Mpa,0.260 Mpa,0.00500 Mpa,0.408 Mpa,0.361 Mpa,0.391 Mpa,,5.41%,27.9%,7.81%,6.53%,2.95%,5.06%,9.64%,6.32%,
2026-06-20 13:00:00,0.143 Mpa,0.842 Mpa,0.165 Mpa,,,0.285 Mpa,0.162 Mpa,0.247 Mpa,,5.28%,27.1%,4.81%,,,3.91%,3.31%,2.52%,
2026-06-20 15:00:00,0.103 Mpa,0.0963 Mpa,0.150 Mpa,1.11 Mpa,,0.551 Mpa,1.23 Mpa,0.513 Mpa,,9.44%,7.10%,4.39%,29.3%,,9.87%,33.7%,9.96%,
2026-06-20 17:00:00,0.0804 Mpa,0.0500 Mpa,0.126 Mpa,0.302 Mpa,,0.274 Mpa,0.159 Mpa,0.222 Mpa,,2.42%,5.51%,3.89%,21.9%,,2.65%,3.49%,2.20%,
2026-06-20 19:00:00,0.00780 Mpa,0.698 Mpa,0.0874 Mpa,0.601 Mpa,,0.469 Mpa,0.0935 Mpa,0.441 Mpa,,0.0533%,25.2%,2.55%,15.7%,,7.63%,1.57%,9.95%,
2026-06-20 21:00:00,0.0123 Mpa,0.382 Mpa,0.157 Mpa,0.302 Mpa,,0.282 Mpa,0.0999 Mpa,0.363 Mpa,,0.0385%,11.4%,4.17%,7.12%,,2.75%,1.04%,8.93%,
2026-06-20 23:00:00,0 Mpa,0.238 Mpa,0.139 Mpa,0.207 Mpa,,0.257 Mpa,0.449 Mpa,0.194 Mpa,,0%,7.64%,3.19%,4.45%,,2.14%,11.1%,3.77%,
2026-06-21 01:00:00,0 Mpa,0.0980 Mpa,0.136 Mpa,0.248 Mpa,,0.251 Mpa,0.343 Mpa,0.171 Mpa,,0%,1.69%,2.44%,6.41%,,1.88%,9.22%,2.80%,
2026-06-21 03:00:00,0 Mpa,1.12 Mpa,0.277 Mpa,0.817 Mpa,,0.337 Mpa,0.249 Mpa,0.210 Mpa,,0%,34.4%,7.09%,21.7%,,6.54%,6.89%,2.43%,
2026-06-21 05:00:00,0.110 Mpa,0.0714 Mpa,0.348 Mpa,0.894 Mpa,,0.368 Mpa,0.118 Mpa,0.814 Mpa,,4.06%,1.36%,9.04%,24.7%,,4.88%,1.89%,20.3%,
2026-06-21 07:00:00,0.181 Mpa,2.74 Mpa,0.514 Mpa,0.367 Mpa,,0.396 Mpa,0.200 Mpa,0.327 Mpa,,6.89%,9.06%,13.2%,12.8%,,5.95%,3.91%,7.76%,
2026-06-21 09:00:00,0.725 Mpa,6.10 Mpa,0.231 Mpa,0.241 Mpa,,0.340 Mpa,0.195 Mpa,0.286 Mpa,,20.1%,0.932%,5.07%,7.62%,,3.71%,5.73%,7.79%,
2026-06-21 11:00:00,0.667 Mpa,5.91 Mpa,0.870 Mpa,0.411 Mpa,,0.420 Mpa,,0.362 Mpa,,25.7%,53.6%,23.9%,10.4%,,6.70%,,7.72%,
2026-06-21 13:00:00,0.0955 Mpa,1.98 Mpa,,,,,,0.140 Mpa,,3.53%,27.3%,,,,,,0.887%,
2026-06-21 15:00:00,0.100 Mpa,6.09 Mpa,,0.0216 Mpa,,,,,,6.10%,35.9%,,1.30%,,,,,
2026-06-21 17:00:00,0.0718 Mpa,5.88 Mpa,0.513 Mpa,0.404 Mpa,,0.626 Mpa,0.0700 Mpa,0.599 Mpa,,2.30%,8.98%,12.7%,10.1%,,11.2%,0.162%,14.5%,
2026-06-21 19:00:00,0.0699 Mpa,6.10 Mpa,0.482 Mpa,0.175 Mpa,,0.258 Mpa,0.225 Mpa,0.232 Mpa,,1.93%,7.33%,12.7%,8.04%,,2.32%,5.82%,3.82%,
2026-06-21 21:00:00,0.105 Mpa,6.10 Mpa,0.151 Mpa,0.222 Mpa,,0.290 Mpa,0.333 Mpa,2.03 Mpa,,3.05%,19.3%,3.70%,4.72%,,3.09%,8.94%,55.5%,
2026-06-21 23:00:00,0.107 Mpa,6.10 Mpa,0.805 Mpa,0.122 Mpa,0.279 Mpa,0.227 Mpa,0.176 Mpa,0.546 Mpa,,2.08%,5.76%,21.3%,2.18%,9.56%,1.56%,3.54%,11.3%,
2026-06-22 01:00:00,0.503 Mpa,6.10 Mpa,0.620 Mpa,0.162 Mpa,0.0127 Mpa,0.317 Mpa,0.211 Mpa,0.244 Mpa,,12.7%,4.57%,16.9%,2.82%,1.57%,15.8%,4.42%,4.53%,
2026-06-22 03:00:00,0.250 Mpa,3.91 Mpa,0.358 Mpa,0.203 Mpa,3.56 Mpa,0.310 Mpa,0.296 Mpa,0.260 Mpa,,6.12%,24.3%,11.0%,4.50%,95.8%,3.56%,7.02%,3.17%,
2026-06-22 05:00:00,0.208 Mpa,0.345 Mpa,0.500 Mpa,0.268 Mpa,0.418 Mpa,0.397 Mpa,0.148 Mpa,0.767 Mpa,,4.44%,12.7%,12.5%,6.64%,24.3%,7.26%,3.21%,18.3%,
2026-06-22 07:00:00,0.164 Mpa,0.136 Mpa,0.278 Mpa,0.319 Mpa,0.260 Mpa,0.620 Mpa,0.122 Mpa,0.479 Mpa,,3.35%,4.90%,6.57%,7.06%,14.5%,12.4%,7.98%,8.94%,
2026-06-22 09:00:00,0.551 Mpa,0.126 Mpa,0.633 Mpa,0.119 Mpa,0.0862 Mpa,0.525 Mpa,0.164 Mpa,0.432 Mpa,,13.8%,3.87%,17.0%,1.61%,49.1%,11.1%,3.84%,8.00%,
2026-06-22 11:00:00,0.999 Mpa,0.202 Mpa,0.275 Mpa,0.118 Mpa,0.260 Mpa,0.482 Mpa,0.113 Mpa,0.480 Mpa,,26.7%,6.33%,8.14%,1.43%,8.86%,10.1%,4.47%,9.40%,
2026-06-22 13:00:00,0.659 Mpa,0.261 Mpa,0.174 Mpa,0.179 Mpa,1.13 Mpa,,0.304 Mpa,0.887 Mpa,,19.1%,8.95%,5.42%,4.07%,48.2%,,7.51%,21.1%,
2026-06-22 15:00:00,0.695 Mpa,0.143 Mpa,0.136 Mpa,0.148 Mpa,0.0415 Mpa,,0.115 Mpa,0.460 Mpa,,20.9%,5.00%,4.03%,2.39%,35.7%,,8.37%,9.01%,
2026-06-22 17:00:00,0.124 Mpa,0.112 Mpa,0.461 Mpa,0.160 Mpa,0.0653 Mpa,,0.156 Mpa,0.303 Mpa,,6.15%,6.27%,12.7%,7.98%,2.81%,,3.05%,5.52%,
2026-06-22 19:00:00,0.0692 Mpa,0.448 Mpa,0.157 Mpa,0.167 Mpa,0.0648 Mpa,,0.387 Mpa,0.420 Mpa,,5.24%,13.1%,5.18%,3.16%,4.03%,,10.0%,7.57%,
2026-06-22 21:00:00,0.0553 Mpa,0.330 Mpa,0.499 Mpa,0.213 Mpa,0.0429 Mpa,0.172 Mpa,0.281 Mpa,0.271 Mpa,,5.53%,11.6%,14.0%,8.59%,1.84%,4.01%,6.06%,2.92%,
2026-06-22 23:00:00,0.0843 Mpa,0.363 Mpa,0.242 Mpa,0.159 Mpa,0.0514 Mpa,,0.128 Mpa,0.217 Mpa,,5.49%,10.2%,6.70%,2.43%,2.52%,,2.06%,0.788%,
2026-06-23 01:00:00,0.164 Mpa,0.802 Mpa,0.247 Mpa,0.220 Mpa,0.0463 Mpa,,0.202 Mpa,0.190 Mpa,,6.80%,29.6%,7.07%,4.39%,3.02%,,4.09%,0.443%,
2026-06-23 03:00:00,0.283 Mpa,3.35 Mpa,0.429 Mpa,1.11 Mpa,0.0390 Mpa,,0.560 Mpa,0.553 Mpa,,7.38%,93.9%,12.5%,27.9%,3.29%,,14.2%,11.3%,
2026-06-23 05:00:00,0.0702 Mpa,0.354 Mpa,0.474 Mpa,0.402 Mpa,0.108 Mpa,,0.193 Mpa,0.313 Mpa,,3.63%,15.1%,11.7%,8.89%,3.87%,,3.85%,16.5%,
2026-06-23 07:00:00,0.130 Mpa,,0.300 Mpa,0.305 Mpa,0.0872 Mpa,,0.565 Mpa,0.252 Mpa,,5.45%,,14.5%,6.38%,3.62%,,14.6%,49.7%,
2026-06-23 09:00:00,0.132 Mpa,0.163 Mpa,0.203 Mpa,1.27 Mpa,0.0966 Mpa,,1.22 Mpa,0.253 Mpa,,4.51%,9.68%,4.80%,32.2%,3.90%,,33.4%,8.89%,
2026-06-23 11:00:00,0.696 Mpa,,0.146 Mpa,1.09 Mpa,0.0881 Mpa,0.367 Mpa,0.199 Mpa,0.162 Mpa,,17.2%,,9.45%,27.0%,3.49%,5.63%,4.49%,15.4%,
2026-06-23 13:00:00,0.216 Mpa,,0.0882 Mpa,0.212 Mpa,0.0756 Mpa,,0.242 Mpa,0.157 Mpa,,5.23%,,9.29%,4.59%,3.78%,,5.29%,1.22%,
2026-06-23 15:00:00,1.17 Mpa,0.423 Mpa,0.201 Mpa,0.209 Mpa,0.495 Mpa,0.144 Mpa,0.269 Mpa,0.387 Mpa,,33.5%,15.0%,6.45%,4.07%,13.8%,0%,6.48%,7.30%,
2026-06-23 17:00:00,0.103 Mpa,,0.258 Mpa,0.179 Mpa,0.0858 Mpa,,0.163 Mpa,0.411 Mpa,,3.32%,,6.57%,2.98%,2.79%,,5.47%,8.66%,
2026-06-23 19:00:00,0.0785 Mpa,,0.177 Mpa,0.161 Mpa,0.0843 Mpa,,0.0240 Mpa,0.258 Mpa,,2.72%,,3.56%,2.39%,2.77%,,10.8%,3.27%,
2026-06-23 21:00:00,0.166 Mpa,,0.330 Mpa,0.668 Mpa,0.0658 Mpa,,0.270 Mpa,0.285 Mpa,,5.37%,,7.98%,15.6%,2.82%,,7.52%,4.57%,
2026-06-23 23:00:00,0.105 Mpa,0.425 Mpa,0.255 Mpa,0.378 Mpa,0.155 Mpa,0.148 Mpa,0.598 Mpa,0.543 Mpa,,3.29%,5.31%,6.63%,7.78%,5.08%,0.0510%,18.9%,11.2%,
2026-06-24 01:00:00,0.368 Mpa,0.431 Mpa,0.205 Mpa,0.635 Mpa,0.0575 Mpa,,0.819 Mpa,0.444 Mpa,,9.24%,0.522%,5.33%,14.7%,2.58%,,32.0%,10.3%,
2026-06-24 03:00:00,0.247 Mpa,,0.262 Mpa,0.517 Mpa,0.420 Mpa,,0.0370 Mpa,0.409 Mpa,,6.83%,,6.22%,11.3%,12.5%,,3.24%,8.46%,
2026-06-24 05:00:00,0.170 Mpa,,0.271 Mpa,0.539 Mpa,0.125 Mpa,,,0.276 Mpa,,3.37%,,7.56%,12.1%,5.21%,,,3.98%,
2026-06-24 07:00:00,0.194 Mpa,,0.380 Mpa,0.399 Mpa,0.297 Mpa,,,0.408 Mpa,,4.83%,,10.5%,7.96%,10.2%,,,9.52%,
2026-06-24 09:00:00,0.323 Mpa,,0.718 Mpa,0.609 Mpa,0.905 Mpa,,,0.266 Mpa,,10.6%,,20.0%,13.6%,27.7%,,,14.4%,
2026-06-24 11:00:00,0.111 Mpa,,0.221 Mpa,0.239 Mpa,0.465 Mpa,0.125 Mpa,0.455 Mpa,0.261 Mpa,,6.40%,,5.33%,4.04%,13.9%,1.03%,15.1%,26.6%,
2026-06-24 13:00:00,0.120 Mpa,,0.117 Mpa,0.170 Mpa,0.0397 Mpa,0.612 Mpa,,0.233 Mpa,,3.58%,,2.64%,2.19%,1.36%,14.5%,,4.29%,
2026-06-24 15:00:00,0.138 Mpa,0.421 Mpa,0.424 Mpa,0.119 Mpa,0.0240 Mpa,0.179 Mpa,,0.367 Mpa,,5.09%,0%,12.1%,1.49%,0.979%,1.07%,,8.79%,
2026-06-24 17:00:00,0.101 Mpa,0.442 Mpa,0.493 Mpa,0.166 Mpa,0.262 Mpa,0.358 Mpa,,0.793 Mpa,,2.93%,0%,12.1%,3.15%,8.34%,6.57%,,19.7%,
2026-06-24 19:00:00,0.131 Mpa,,0.339 Mpa,1.07 Mpa,0.365 Mpa,0.403 Mpa,,0.545 Mpa,,3.68%,,11.1%,24.5%,10.4%,7.13%,,14.1%,
2026-06-24 21:00:00,0.0951 Mpa,0.450 Mpa,0.209 Mpa,0.342 Mpa,0.0867 Mpa,0.326 Mpa,,0.757 Mpa,,5.15%,0.456%,4.61%,6.47%,2.86%,4.98%,,20.9%,
2026-06-24 23:00:00,0.0483 Mpa,0.462 Mpa,0.553 Mpa,0.207 Mpa,0.176 Mpa,0.242 Mpa,,0.841 Mpa,,3.36%,3.65%,14.7%,2.74%,5.08%,14.4%,,23.4%,
2026-06-25 01:00:00,0.363 Mpa,,0.426 Mpa,0.265 Mpa,0.0903 Mpa,0.320 Mpa,,0.133 Mpa,,11.9%,,11.7%,6.55%,3.68%,4.88%,,20.9%,
2026-06-25 03:00:00,0.894 Mpa,0.433 Mpa,0.200 Mpa,0.695 Mpa,1.86 Mpa,0.231 Mpa,,0.373 Mpa,,23.2%,1.96%,4.78%,16.8%,59.5%,4.71%,,13.8%,
2026-06-25 05:00:00,0.0917 Mpa,,0.950 Mpa,0.295 Mpa,0.936 Mpa,0.388 Mpa,,0.192 Mpa,,16.6%,,25.2%,5.49%,27.4%,5.82%,,3.38%,
2026-06-25 07:00:00,0.215 Mpa,0.439 Mpa,0.232 Mpa,0.250 Mpa,0.692 Mpa,0.250 Mpa,,0.811 Mpa,,8.29%,27.7%,6.30%,4.08%,19.2%,2.44%,,20.3%,
2026-06-25 09:00:00,0.203 Mpa,,0.215 Mpa,0.320 Mpa,0.179 Mpa,0.317 Mpa,,0.216 Mpa,,8.71%,,5.47%,5.87%,5.62%,3.84%,,3.04%,
2026-06-25 11:00:00,0.240 Mpa,,0.180 Mpa,0.382 Mpa,0.0442 Mpa,0.281 Mpa,0.0791 Mpa,0.307 Mpa,,7.94%,,3.80%,7.97%,1.90%,3.53%,3.61%,5.04%,
2026-06-25 13:00:00,0.0605 Mpa,,0.173 Mpa,0.187 Mpa,0.0932 Mpa,0.582 Mpa,2.07 Mpa,0.269 Mpa,,4.99%,,4.82%,2.73%,4.56%,11.0%,62.1%,4.65%,
2026-06-25 15:00:00,0.153 Mpa,0.439 Mpa,0.197 Mpa,0.352 Mpa,0.0238 Mpa,0.312 Mpa,0.383 Mpa,0.263 Mpa,,6.94%,15.5%,5.90%,7.23%,1.77%,24.4%,9.12%,4.48%,
2026-06-25 17:00:00,0.240 Mpa,0.460 Mpa,0.118 Mpa,0.251 Mpa,0.0961 Mpa,0.267 Mpa,0.339 Mpa,0.262 Mpa,,8.87%,3.36%,2.81%,3.75%,3.99%,2.92%,6.10%,9.32%,
2026-06-25 19:00:00,0.152 Mpa,,0.296 Mpa,0.0785 Mpa,0.189 Mpa,0.314 Mpa,0.488 Mpa,0.217 Mpa,,6.35%,,7.84%,0.439%,5.37%,4.35%,10.1%,13.3%,
2026-06-25 21:00:00,0.221 Mpa,,0.386 Mpa,0.305 Mpa,0.288 Mpa,0.286 Mpa,0.301 Mpa,0.218 Mpa,,7.06%,,11.7%,5.37%,7.99%,2.86%,3.85%,4.19%,
2026-06-25 23:00:00,0.328 Mpa,,0.0418 Mpa,0.398 Mpa,0.0906 Mpa,0.233 Mpa,0.324 Mpa,0.546 Mpa,,11.2%,,1.000%,7.73%,3.15%,1.68%,4.51%,16.0%,
2026-06-26 01:00:00,0.184 Mpa,0.467 Mpa,,0.253 Mpa,0.0271 Mpa,0.279 Mpa,0.190 Mpa,0.347 Mpa,,5.06%,0.433%,,4.56%,0.789%,2.40%,0.941%,5.81%,
2026-06-26 03:00:00,0.0796 Mpa,,0.0883 Mpa,0.231 Mpa,0.0526 Mpa,0.246 Mpa,0.217 Mpa,0.250 Mpa,,1.94%,,3.60%,3.61%,1.10%,1.99%,1.68%,4.67%,
2026-06-26 05:00:00,0.268 Mpa,,,0.168 Mpa,0.0951 Mpa,0.321 Mpa,0.497 Mpa,0.293 Mpa,,6.86%,,,1.48%,2.92%,3.22%,10.7%,5.88%,
2026-06-26 07:00:00,0.280 Mpa,,,0.178 Mpa,0.218 Mpa,0.282 Mpa,0.190 Mpa,0.262 Mpa,,8.45%,,,1.68%,6.93%,2.15%,2.88%,3.33%,
2026-06-26 09:00:00,0.0767 Mpa,,,0.350 Mpa,0.113 Mpa,0.311 Mpa,0.215 Mpa,0.385 Mpa,,2.98%,,,6.85%,4.30%,3.76%,2.58%,6.94%,
2026-06-26 11:00:00,0.0541 Mpa,,,0.553 Mpa,0.0705 Mpa,0.428 Mpa,0.227 Mpa,0.333 Mpa,,1.84%,,,12.4%,2.63%,6.05%,6.67%,5.47%,
2026-06-26 13:00:00,0.119 Mpa,0.456 Mpa,,0.485 Mpa,0.0599 Mpa,0.939 Mpa,0.669 Mpa,0.255 Mpa,,5.38%,0%,,10.6%,2.33%,19.9%,15.4%,3.53%,
2026-06-26 15:00:00,0.0985 Mpa,0.0164 Mpa,,0.269 Mpa,0.200 Mpa,0.836 Mpa,0.318 Mpa,0.431 Mpa,,4.18%,11.4%,,4.77%,6.73%,18.7%,5.10%,10.0%,
2026-06-26 17:00:00,0.0598 Mpa,0.00878 Mpa,,0.294 Mpa,0.174 Mpa,0.657 Mpa,0.363 Mpa,0.374 Mpa,,7.37%,10.2%,,5.79%,4.97%,13.4%,6.67%,11.1%,
2026-06-26 19:00:00,0.214 Mpa,0.0888 Mpa,,0.188 Mpa,0.0791 Mpa,0.223 Mpa,0.213 Mpa,0.324 Mpa,,16.7%,9.95%,,3.53%,2.90%,0.700%,3.37%,8.36%,
2026-06-26 21:00:00,0.111 Mpa,0.0201 Mpa,,0.327 Mpa,0.0650 Mpa,0.789 Mpa,0.195 Mpa,,,14.4%,5.30%,,5.85%,2.05%,16.2%,1.61%,,
2026-06-26 23:00:00,0.276 Mpa,0.00175 Mpa,0.0304 Mpa,0.314 Mpa,0.0323 Mpa,0.283 Mpa,0.138 Mpa,0.437 Mpa,,8.06%,0.326%,2.20%,5.26%,1.06%,4.12%,1.37%,11.3%,
2026-06-27 01:00:00,0.216 Mpa,0.117 Mpa,,0.509 Mpa,0.0471 Mpa,0.396 Mpa,0.211 Mpa,0.484 Mpa,,25.3%,10.4%,,10.9%,16.8%,7.66%,3.95%,13.7%,
2026-06-27 03:00:00,0.0388 Mpa,,,0.183 Mpa,0.0583 Mpa,0.394 Mpa,0.422 Mpa,0.360 Mpa,,11.8%,,,1.93%,25.6%,4.96%,10.5%,9.87%,
2026-06-27 05:00:00,0.0263 Mpa,,,0.238 Mpa,0.115 Mpa,0.234 Mpa,0.169 Mpa,0.465 Mpa,,6.14%,,,3.66%,7.52%,1.30%,3.25%,12.1%,
2026-06-27 07:00:00,0.0786 Mpa,,,0.266 Mpa,0.0410 Mpa,0.277 Mpa,0.508 Mpa,0.248 Mpa,,1.67%,,,4.63%,1.14%,2.70%,10.8%,4.06%,
2026-06-27 09:00:00,0.229 Mpa,,,0.189 Mpa,0.112 Mpa,0.251 Mpa,0.227 Mpa,0.424 Mpa,,6.97%,,,2.34%,4.06%,2.61%,3.41%,9.75%,
2026-06-27 11:00:00,0.102 Mpa,,,0.149 Mpa,0.0288 Mpa,0.534 Mpa,0.211 Mpa,0.367 Mpa,,3.66%,,,1.31%,1.55%,9.41%,1.87%,6.24%,
2026-06-27 13:00:00,0.0519 Mpa,,0.0885 Mpa,0.130 Mpa,0.200 Mpa,0.393 Mpa,0.277 Mpa,0.265 Mpa,,4.83%,,1.78%,0.967%,12.6%,5.60%,4.51%,8.35%,
2026-06-27 15:00:00,0.560 Mpa,,0.142 Mpa,0.717 Mpa,0.580 Mpa,0.508 Mpa,0.282 Mpa,0.279 Mpa,,15.3%,,4.41%,16.5%,16.9%,9.24%,3.95%,3.34%,
2026-06-27 17:00:00,0.335 Mpa,,0.217 Mpa,0.186 Mpa,0.127 Mpa,0.294 Mpa,0.198 Mpa,0.226 Mpa,,10.2%,,8.81%,1.99%,4.48%,4.61%,1.77%,3.62%,
2026-06-27 19:00:00,1.55 Mpa,,0.412 Mpa,0.269 Mpa,0.438 Mpa,0.538 Mpa,0.610 Mpa,0.305 Mpa,,41.4%,,10.7%,4.27%,12.6%,9.03%,14.1%,6.31%,
2026-06-27 21:00:00,0.273 Mpa,,0.739 Mpa,1.04 Mpa,0.0711 Mpa,0.620 Mpa,0.427 Mpa,0.388 Mpa,,8.99%,,20.5%,24.9%,2.63%,11.7%,9.91%,7.29%,
2026-06-27 23:00:00,0.339 Mpa,,0.110 Mpa,0.115 Mpa,0.0368 Mpa,0.556 Mpa,0.172 Mpa,0.258 Mpa,,9.27%,,2.81%,0.442%,1.67%,10.8%,8.58%,2.49%,
2026-06-28 01:00:00,0.507 Mpa,,0.0864 Mpa,0.167 Mpa,0.124 Mpa,0.389 Mpa,0.259 Mpa,0.332 Mpa,,12.9%,,2.37%,13.5%,3.58%,4.62%,3.95%,5.60%,
2026-06-28 03:00:00,0.316 Mpa,,0.119 Mpa,0.360 Mpa,0.122 Mpa,0.247 Mpa,0.135 Mpa,0.442 Mpa,,8.23%,,3.57%,6.69%,3.52%,2.40%,1.57%,9.37%,
2026-06-28 05:00:00,0.0999 Mpa,,0.169 Mpa,0.223 Mpa,0.151 Mpa,0.323 Mpa,0.325 Mpa,0.372 Mpa,,2.36%,,4.63%,2.82%,4.92%,3.99%,6.18%,6.28%,
2026-06-28 07:00:00,0.129 Mpa,,0.406 Mpa,0.279 Mpa,0.0447 Mpa,0.273 Mpa,0.446 Mpa,0.400 Mpa,,22.1%,,13.0%,4.49%,2.39%,1.90%,9.18%,7.50%,
2026-06-28 09:00:00,0.0926 Mpa,,0.183 Mpa,0.168 Mpa,0.169 Mpa,0.272 Mpa,0.119 Mpa,0.340 Mpa,,9.58%,,6.34%,3.90%,6.84%,2.59%,3.42%,5.57%,
2026-06-28 11:00:00,0.155 Mpa,,0.457 Mpa,,0.609 Mpa,0.293 Mpa,0.304 Mpa,0.570 Mpa,,12.7%,,13.6%,,18.4%,2.54%,5.92%,13.6%,
2026-06-28 13:00:00,0.309 Mpa,,0.300 Mpa,0.0720 Mpa,0.129 Mpa,0.390 Mpa,0.622 Mpa,0.292 Mpa,,8.26%,,9.20%,1.21%,3.66%,5.05%,13.7%,13.7%,
2026-06-28 15:00:00,0.223 Mpa,,0.0882 Mpa,0.252 Mpa,0.173 Mpa,0.513 Mpa,0.821 Mpa,0.273 Mpa,,7.12%,,3.58%,3.82%,5.02%,8.98%,22.2%,5.83%,
2026-06-28 17:00:00,0.379 Mpa,,0.103 Mpa,0.273 Mpa,0.167 Mpa,0.246 Mpa,0.577 Mpa,0.254 Mpa,,11.3%,,3.42%,4.33%,4.98%,2.36%,13.5%,4.72%,
2026-06-28 19:00:00,0.538 Mpa,,0.149 Mpa,0.190 Mpa,0.465 Mpa,0.498 Mpa,0.558 Mpa,0.360 Mpa,,14.8%,,5.41%,1.90%,13.7%,8.32%,12.5%,7.19%,
2026-06-28 21:00:00,1.07 Mpa,,0.143 Mpa,0.209 Mpa,0.293 Mpa,0.251 Mpa,0.453 Mpa,0.278 Mpa,,29.7%,,3.57%,2.05%,9.06%,1.43%,8.76%,7.38%,
2026-06-28 23:00:00,0.0560 Mpa,,0.265 Mpa,0.209 Mpa,0.101 Mpa,0.303 Mpa,1.85 Mpa,0.384 Mpa,,4.32%,,7.95%,1.95%,5.04%,3.19%,55.3%,8.03%,
2026-06-29 01:00:00,0.139 Mpa,,0.308 Mpa,0.259 Mpa,0.121 Mpa,0.352 Mpa,0.900 Mpa,0.745 Mpa,,3.70%,,8.41%,4.08%,3.89%,4.62%,21.4%,18.7%,
2026-06-29 03:00:00,0.227 Mpa,,0.165 Mpa,0.232 Mpa,0.0875 Mpa,0.227 Mpa,0.583 Mpa,0.321 Mpa,,6.41%,,4.53%,3.29%,2.46%,1.74%,13.9%,17.1%,
2026-06-29 05:00:00,0.0427 Mpa,,0.220 Mpa,0.223 Mpa,0.131 Mpa,0.232 Mpa,0.459 Mpa,0.397 Mpa,,5.32%,,6.12%,3.30%,3.39%,2.61%,10.8%,9.59%,
2026-06-29 07:00:00,0.000131 Mpa,,0.295 Mpa,0.262 Mpa,0.280 Mpa,0.246 Mpa,0.415 Mpa,0.335 Mpa,,26.1%,,8.88%,3.82%,8.13%,1.39%,9.30%,5.54%,
2026-06-29 09:00:00,0.0921 Mpa,,0.391 Mpa,0.0951 Mpa,0.475 Mpa,0.241 Mpa,0.868 Mpa,0.391 Mpa,,3.57%,,11.7%,1.19%,34.1%,2.23%,22.3%,6.86%,
2026-06-29 11:00:00,0.117 Mpa,,0.174 Mpa,0.208 Mpa,0.180 Mpa,0.232 Mpa,0.249 Mpa,0.642 Mpa,,4.62%,,5.97%,2.39%,24.2%,2.21%,4.00%,15.2%,
2026-06-29 13:00:00,0.108 Mpa,,0.273 Mpa,0.256 Mpa,0.172 Mpa,0.251 Mpa,0.151 Mpa,0.210 Mpa,,6.37%,,7.48%,4.14%,6.24%,2.75%,0.840%,1.43%,
2026-06-29 15:00:00,0.139 Mpa,,0.0987 Mpa,0.179 Mpa,0.0862 Mpa,0.262 Mpa,0.166 Mpa,0.300 Mpa,,5.74%,,2.60%,1.67%,6.27%,1.77%,1.62%,4.11%,
2026-06-29 17:00:00,0.169 Mpa,,0.444 Mpa,0.186 Mpa,0.243 Mpa,0.293 Mpa,0.233 Mpa,0.316 Mpa,,7.81%,,12.7%,1.96%,8.56%,2.95%,3.64%,5.92%,
2026-06-29 19:00:00,0.0907 Mpa,,0.527 Mpa,0.167 Mpa,0.107 Mpa,0.336 Mpa,0.792 Mpa,0.403 Mpa,,4.77%,,14.9%,1.34%,3.26%,3.94%,19.2%,9.23%,
2026-06-29 21:00:00,0.970 Mpa,,0.0854 Mpa,0.211 Mpa,0.332 Mpa,0.300 Mpa,0.985 Mpa,0.805 Mpa,,25.9%,,1.76%,2.35%,9.86%,5.27%,24.9%,20.2%,
2026-06-29 23:00:00,0.0999 Mpa,,0.378 Mpa,0.177 Mpa,0.112 Mpa,0.243 Mpa,1.17 Mpa,0.227 Mpa,,3.93%,,9.90%,1.79%,4.23%,21.2%,29.7%,17.2%,
2026-06-30 01:00:00,0.354 Mpa,,0.114 Mpa,0.189 Mpa,0.144 Mpa,0.418 Mpa,1.14 Mpa,0.296 Mpa,,9.61%,,2.32%,2.02%,4.41%,7.49%,28.8%,5.35%,
2026-06-30 03:00:00,0.0858 Mpa,,0.406 Mpa,0.190 Mpa,0.0251 Mpa,0.238 Mpa,0.215 Mpa,0.522 Mpa,,4.43%,,11.5%,2.24%,3.60%,3.10%,9.35%,12.1%,
2026-06-30 05:00:00,0.0851 Mpa,,0.173 Mpa,0.180 Mpa,0.210 Mpa,0.283 Mpa,0.404 Mpa,0.330 Mpa,,2.74%,,5.69%,2.13%,7.36%,2.73%,14.4%,5.57%,
2026-06-30 07:00:00,0.226 Mpa,,0.412 Mpa,0.242 Mpa,0.0139 Mpa,0.373 Mpa,0.253 Mpa,0.352 Mpa,,7.24%,,12.8%,3.21%,21.5%,5.48%,11.2%,4.93%,
2026-06-30 09:00:00,0.345 Mpa,,2.88 Mpa,0.525 Mpa,0.136 Mpa,0.364 Mpa,0.476 Mpa,0.320 Mpa,,9.05%,,77.7%,11.3%,5.33%,8.70%,10.4%,4.91%,
2026-06-30 11:00:00,0.159 Mpa,,1.01 Mpa,0.270 Mpa,0.0638 Mpa,0.311 Mpa,0.298 Mpa,0.474 Mpa,,3.81%,,28.8%,4.21%,3.23%,4.15%,5.05%,10.8%,
2026-06-30 13:00:00,0.271 Mpa,,0.0965 Mpa,0.137 Mpa,0.0608 Mpa,0.355 Mpa,0.0243 Mpa,0.351 Mpa,,8.50%,,3.07%,0.809%,2.62%,5.19%,31.8%,5.75%,
2026-06-30 15:00:00,0.0968 Mpa,,0.159 Mpa,0.170 Mpa,0.432 Mpa,0.290 Mpa,0.221 Mpa,0.269 Mpa,,4.09%,,4.03%,1.53%,13.2%,2.83%,8.27%,3.17%,
2026-06-30 17:00:00,0.179 Mpa,,0.301 Mpa,0.209 Mpa,0.158 Mpa,0.259 Mpa,0.359 Mpa,0.307 Mpa,,5.93%,,9.05%,2.74%,5.93%,2.95%,6.82%,5.57%,
2026-06-30 19:00:00,0.190 Mpa,,0.536 Mpa,0.157 Mpa,0.381 Mpa,0.238 Mpa,0.497 Mpa,0.345 Mpa,,5.23%,,15.0%,0.944%,11.9%,1.28%,10.3%,6.91%,
2026-06-30 21:00:00,0.277 Mpa,,0.528 Mpa,0.124 Mpa,0.241 Mpa,0.250 Mpa,1.92 Mpa,0.367 Mpa,,10.6%,,14.9%,29.3%,8.62%,1.95%,52.0%,7.71%,
2026-06-30 23:00:00,0.173 Mpa,,0.566 Mpa,0.193 Mpa,0.188 Mpa,0.242 Mpa,0.197 Mpa,2.73 Mpa,,6.78%,,16.5%,3.85%,7.50%,1.55%,2.65%,76.6%,
2026-07-01 01:00:00,0.0965 Mpa,,0.188 Mpa,0.259 Mpa,0.240 Mpa,0.345 Mpa,0.295 Mpa,,,5.80%,,5.45%,3.41%,7.37%,3.16%,4.40%,,
2026-07-01 03:00:00,0.310 Mpa,,0.138 Mpa,0.306 Mpa,0.132 Mpa,0.237 Mpa,0.240 Mpa,,,8.40%,,3.73%,5.11%,4.68%,0.380%,2.51%,,
2026-07-01 05:00:00,0.206 Mpa,,0.121 Mpa,0.254 Mpa,0.246 Mpa,0.278 Mpa,0.206 Mpa,,,7.97%,,3.29%,3.70%,7.46%,2.55%,2.32%,,
2026-07-01 07:00:00,0.204 Mpa,,0.171 Mpa,0.163 Mpa,0.264 Mpa,0.335 Mpa,0.129 Mpa,,,6.43%,,4.19%,1.12%,11.1%,3.86%,1.46%,,
2026-07-01 09:00:00,0.446 Mpa,,1.05 Mpa,0.169 Mpa,0.0277 Mpa,0.646 Mpa,0.317 Mpa,,,13.0%,,29.4%,1.20%,22.1%,12.9%,4.53%,,
2026-07-01 11:00:00,0.196 Mpa,,0.147 Mpa,0.330 Mpa,0.214 Mpa,0.333 Mpa,0.346 Mpa,0.773 Mpa,,5.93%,,4.47%,5.45%,6.78%,4.03%,5.94%,18.8%,
2026-07-01 13:00:00,0.0966 Mpa,,0.272 Mpa,0.328 Mpa,0.212 Mpa,0.368 Mpa,0.305 Mpa,,,4.83%,,8.06%,6.40%,8.00%,5.90%,12.6%,,
2026-07-01 15:00:00,0.113 Mpa,,0.0851 Mpa,0.0759 Mpa,0.0589 Mpa,0.287 Mpa,0.460 Mpa,,,3.45%,,2.33%,1.26%,3.24%,2.77%,9.63%,,
2026-07-01 17:00:00,0.142 Mpa,,0.128 Mpa,0.242 Mpa,0.134 Mpa,0.387 Mpa,0.316 Mpa,,,5.85%,,4.16%,4.39%,4.97%,4.80%,7.11%,,
2026-07-01 19:00:00,0.0386 Mpa,,0.129 Mpa,0.475 Mpa,0.379 Mpa,0.301 Mpa,0.249 Mpa,0.179 Mpa,,7.25%,,4.02%,9.65%,11.9%,2.28%,3.14%,1.09%,
2026-07-01 21:00:00,0.116 Mpa,,0.197 Mpa,0.357 Mpa,0.135 Mpa,0.259 Mpa,0.179 Mpa,,,11.0%,,5.31%,6.85%,4.62%,1.43%,2.04%,,
2026-07-01 23:00:00,0.158 Mpa,,0.122 Mpa,0.261 Mpa,0.250 Mpa,0.293 Mpa,0.466 Mpa,,,8.59%,,3.42%,3.72%,6.82%,3.17%,11.2%,,
2026-07-02 01:00:00,0.365 Mpa,,0.165 Mpa,0.232 Mpa,0.383 Mpa,0.585 Mpa,0.229 Mpa,,,11.2%,,3.56%,2.84%,11.5%,10.5%,6.07%,,
2026-07-02 03:00:00,0.0853 Mpa,,0.578 Mpa,0.431 Mpa,0.832 Mpa,0.225 Mpa,0.985 Mpa,,,4.55%,,14.5%,8.67%,24.4%,0.0462%,25.0%,,
2026-07-02 05:00:00,0.103 Mpa,,0.166 Mpa,0.198 Mpa,0.0806 Mpa,0.260 Mpa,0.246 Mpa,,,6.64%,,5.41%,2.52%,3.97%,1.84%,17.5%,,
2026-07-02 07:00:00,0.403 Mpa,,0.107 Mpa,0.142 Mpa,0.289 Mpa,0.259 Mpa,0.257 Mpa,,,11.5%,,3.07%,0.784%,8.80%,1.08%,16.3%,,
2026-07-02 09:00:00,0.149 Mpa,,0.269 Mpa,0.192 Mpa,0.204 Mpa,0.289 Mpa,0.949 Mpa,,,8.57%,,8.16%,2.24%,7.69%,1.98%,56.1%,,
2026-07-02 11:00:00,0.0865 Mpa,,0.101 Mpa,0.143 Mpa,0.0268 Mpa,0.311 Mpa,0.167 Mpa,,,7.08%,,2.99%,0.867%,2.11%,3.74%,8.31%,,
2026-07-02 13:00:00,0.101 Mpa,,0.0618 Mpa,0.145 Mpa,0.108 Mpa,0.301 Mpa,0.266 Mpa,,,4.54%,,0.981%,0.801%,4.06%,3.98%,13.5%,,
2026-07-02 15:00:00,0.0946 Mpa,,0.886 Mpa,0.416 Mpa,0.257 Mpa,0.251 Mpa,0.145 Mpa,,,4.67%,,23.9%,9.31%,9.04%,0.901%,1.45%,,
2026-07-02 17:00:00,0.0916 Mpa,,0.212 Mpa,0.953 Mpa,0.137 Mpa,0.411 Mpa,0.217 Mpa,,,2.13%,,5.72%,21.9%,4.96%,6.74%,3.39%,,
2026-07-02 19:00:00,0.194 Mpa,,0.185 Mpa,0.269 Mpa,0.141 Mpa,0.358 Mpa,0.539 Mpa,,,4.40%,,8.76%,3.83%,4.86%,4.58%,12.1%,,
2026-07-02 21:00:00,0.411 Mpa,,0.301 Mpa,0.0954 Mpa,0.107 Mpa,0.301 Mpa,0.312 Mpa,,,12.5%,,8.74%,1.07%,5.72%,4.95%,5.67%,,
2026-07-02 23:00:00,0.105 Mpa,,0.0904 Mpa,,0.106 Mpa,0.306 Mpa,0.273 Mpa,,,3.49%,,2.36%,,5.63%,2.62%,3.99%,,
2026-07-03 01:00:00,0.934 Mpa,,0.0563 Mpa,,0.203 Mpa,0.648 Mpa,0.649 Mpa,,,23.6%,,3.39%,,7.25%,12.1%,17.0%,,
2026-07-03 03:00:00,0.254 Mpa,,0.139 Mpa,0.385 Mpa,0.187 Mpa,0.536 Mpa,0.277 Mpa,,,6.98%,,5.09%,8.52%,5.90%,9.21%,8.06%,,
2026-07-03 05:00:00,0.123 Mpa,,0.146 Mpa,0.332 Mpa,0.137 Mpa,0.912 Mpa,0.369 Mpa,,,4.84%,,3.79%,6.07%,5.41%,20.5%,7.83%,,
2026-07-03 07:00:00,0.0772 Mpa,,0.224 Mpa,0.305 Mpa,0.0914 Mpa,0.405 Mpa,0.232 Mpa,,,9.51%,,6.09%,4.78%,4.13%,6.62%,2.93%,,
2026-07-03 09:00:00,0.434 Mpa,,0.212 Mpa,0.595 Mpa,0.118 Mpa,0.621 Mpa,0.229 Mpa,,,12.6%,,6.20%,12.7%,5.08%,11.9%,3.53%,,
2026-07-03 11:00:00,0.244 Mpa,,0.158 Mpa,0.191 Mpa,0.190 Mpa,0.682 Mpa,0.396 Mpa,,,7.90%,,3.90%,1.39%,6.45%,13.4%,7.66%,,
2026-07-03 13:00:00,0.125 Mpa,,0.155 Mpa,0.579 Mpa,0.300 Mpa,0.730 Mpa,0.310 Mpa,,,4.79%,,4.01%,12.1%,10.2%,14.0%,6.68%,,
2026-07-03 15:00:00,0.185 Mpa,,0.186 Mpa,0.310 Mpa,0.204 Mpa,0.800 Mpa,0.343 Mpa,,,6.09%,,5.60%,4.79%,7.66%,16.8%,7.05%,,
2026-07-03 17:00:00,0.0889 Mpa,,0.137 Mpa,0.179 Mpa,0.189 Mpa,0.498 Mpa,0.250 Mpa,,,2.14%,,2.78%,1.59%,5.93%,9.75%,3.65%,,
2026-07-03 19:00:00,0.0978 Mpa,,0.350 Mpa,0.167 Mpa,0.278 Mpa,0.423 Mpa,0.242 Mpa,,,4.22%,,9.68%,1.71%,8.35%,6.64%,3.16%,,
2026-07-03 21:00:00,0.229 Mpa,,0.0918 Mpa,0.344 Mpa,0.0798 Mpa,0.382 Mpa,0.578 Mpa,,,5.89%,,4.19%,5.37%,60.1%,5.37%,13.8%,,
2026-07-03 23:00:00,0.0185 Mpa,,0.116 Mpa,0.253 Mpa,0.0677 Mpa,0.771 Mpa,0.593 Mpa,,,0.582%,,3.47%,2.94%,2.88%,16.3%,13.9%,,
2026-07-04 01:00:00,0.00177 Mpa,,0.247 Mpa,0.361 Mpa,0.196 Mpa,0.337 Mpa,0.178 Mpa,,,0.0518%,,6.83%,5.75%,12.3%,9.26%,20.2%,,
2026-07-04 03:00:00,,,0.147 Mpa,0.180 Mpa,0.131 Mpa,0.814 Mpa,0.568 Mpa,,,,,4.70%,0.971%,3.96%,16.9%,12.4%,,
2026-07-04 05:00:00,,,0.166 Mpa,0.237 Mpa,0.118 Mpa,0.395 Mpa,0.193 Mpa,,,,,6.08%,2.74%,3.48%,4.73%,2.62%,,
2026-07-04 07:00:00,,,0.273 Mpa,0.221 Mpa,0.195 Mpa,0.489 Mpa,0.564 Mpa,,,,,8.22%,2.18%,6.24%,9.30%,15.1%,,
2026-07-04 09:00:00,0.0920 Mpa,,0.0624 Mpa,0.502 Mpa,0.288 Mpa,0.239 Mpa,0.232 Mpa,,,2.44%,,3.70%,9.41%,9.38%,0.254%,3.82%,,
2026-07-04 11:00:00,0.166 Mpa,,0.142 Mpa,0.566 Mpa,0.0676 Mpa,1.14 Mpa,0.650 Mpa,,,7.09%,,3.99%,11.6%,1.74%,26.1%,15.4%,,
2026-07-04 13:00:00,0.127 Mpa,,0.447 Mpa,0.558 Mpa,0.0683 Mpa,1.08 Mpa,0.751 Mpa,,,5.50%,,13.6%,11.6%,2.24%,25.1%,18.1%,,
2026-07-04 15:00:00,0.230 Mpa,,0.729 Mpa,0.228 Mpa,0.312 Mpa,0.673 Mpa,0.431 Mpa,,,8.07%,,21.2%,2.58%,9.75%,13.6%,10.0%,,
2026-07-04 17:00:00,0.178 Mpa,,0.0844 Mpa,0.231 Mpa,0.128 Mpa,0.735 Mpa,0.519 Mpa,,,7.34%,,2.71%,6.89%,4.68%,15.8%,14.2%,,
2026-07-04 19:00:00,0.344 Mpa,,0.100 Mpa,0.425 Mpa,0.234 Mpa,0.231 Mpa,0.190 Mpa,,,8.91%,,3.16%,7.75%,7.82%,5.26%,0.915%,,
2026-07-04 21:00:00,0.257 Mpa,,0.303 Mpa,0.336 Mpa,0.225 Mpa,0.189 Mpa,0.355 Mpa,,,10.2%,,8.60%,5.18%,7.35%,5.60%,6.65%,,
2026-07-04 23:00:00,0.0672 Mpa,,0.565 Mpa,1.07 Mpa,0.475 Mpa,0.228 Mpa,0.168 Mpa,0.630 Mpa,,4.63%,,14.3%,25.1%,14.4%,4.85%,0.799%,18.0%,
2026-07-05 01:00:00,0.337 Mpa,,0.0470 Mpa,0.519 Mpa,0.0510 Mpa,0.263 Mpa,0.211 Mpa,,,27.0%,,39.8%,10.2%,1.78%,5.35%,2.13%,,
2026-07-05 03:00:00,0.0907 Mpa,,0.0678 Mpa,0.185 Mpa,0.338 Mpa,0.253 Mpa,0.262 Mpa,,,10.4%,,0.505%,0.985%,10.9%,4.74%,3.50%,,
2026-07-05 05:00:00,0.172 Mpa,,0.0833 Mpa,0.226 Mpa,0.169 Mpa,0.364 Mpa,0.317 Mpa,,,6.45%,,0.922%,2.74%,5.40%,5.01%,5.00%,,
2026-07-05 07:00:00,0.301 Mpa,,0.250 Mpa,1.81 Mpa,0.185 Mpa,0.342 Mpa,0.317 Mpa,,,9.21%,,6.61%,44.7%,6.46%,3.78%,5.70%,,
2026-07-05 09:00:00,0.0939 Mpa,,0.251 Mpa,0.280 Mpa,0.128 Mpa,0.245 Mpa,0.212 Mpa,,,5.83%,,7.94%,4.38%,5.31%,0.928%,5.88%,,
2026-07-05 11:00:00,0.326 Mpa,,0.113 Mpa,0.258 Mpa,0.214 Mpa,0.281 Mpa,0.786 Mpa,,,10.3%,,3.76%,3.57%,7.31%,2.02%,19.2%,,
2026-07-05 13:00:00,0.206 Mpa,,0.184 Mpa,0.512 Mpa,0.248 Mpa,0.569 Mpa,0.233 Mpa,,,5.82%,,6.80%,9.92%,8.88%,13.4%,2.96%,,
2026-07-05 15:00:00,0.516 Mpa,,0.179 Mpa,0.666 Mpa,0.102 Mpa,0.404 Mpa,0.256 Mpa,,,13.7%,,6.59%,14.3%,4.41%,9.35%,5.37%,,
2026-07-05 17:00:00,0.233 Mpa,,0.262 Mpa,0.172 Mpa,0.151 Mpa,0.354 Mpa,0.253 Mpa,,,11.6%,,7.27%,9.39%,4.48%,8.92%,4.43%,,
2026-07-05 19:00:00,0.328 Mpa,,0.217 Mpa,0.296 Mpa,0.291 Mpa,0.232 Mpa,0.252 Mpa,,,15.4%,,5.22%,5.66%,8.37%,1.51%,3.79%,,
2026-07-05 21:00:00,0.0699 Mpa,,0.169 Mpa,0.175 Mpa,0.0373 Mpa,0.247 Mpa,0.297 Mpa,,,7.14%,,4.98%,1.22%,1.59%,2.34%,4.03%,,
2026-07-05 23:00:00,0.334 Mpa,,0.134 Mpa,0.262 Mpa,0.0322 Mpa,0.754 Mpa,0.155 Mpa,,,9.25%,,2.90%,9.49%,1.39%,16.2%,0.770%,,
2026-07-06 01:00:00,0.0781 Mpa,,0.161 Mpa,0.200 Mpa,0.0551 Mpa,0.966 Mpa,0.286 Mpa,,,5.67%,,48.2%,12.8%,2.07%,23.1%,4.78%,,
2026-07-06 03:00:00,0.114 Mpa,,0.111 Mpa,0.265 Mpa,0.0705 Mpa,0.380 Mpa,0.341 Mpa,,,13.6%,,4.29%,7.93%,2.04%,6.56%,6.36%,,
2026-07-06 05:00:00,0.0699 Mpa,,0.240 Mpa,0.289 Mpa,0.102 Mpa,0.468 Mpa,0.172 Mpa,,,5.19%,,7.36%,7.18%,3.79%,9.35%,2.88%,,
2026-07-06 07:00:00,0.0481 Mpa,,0.203 Mpa,0.246 Mpa,0.300 Mpa,0.365 Mpa,0.271 Mpa,,,2.27%,,5.11%,2.85%,9.35%,6.10%,4.17%,,
2026-07-06 09:00:00,0.0426 Mpa,,0.205 Mpa,0.248 Mpa,0.337 Mpa,0.266 Mpa,0.367 Mpa,,,0.265%,,6.69%,2.88%,10.3%,1.55%,7.09%,,
2026-07-06 11:00:00,0.543 Mpa,,0.259 Mpa,0.304 Mpa,0.137 Mpa,0.271 Mpa,0.212 Mpa,2.41 Mpa,,14.4%,,8.60%,4.66%,4.75%,2.68%,2.76%,66.8%,
2026-07-06 13:00:00,0.152 Mpa,,0.208 Mpa,0.336 Mpa,0.340 Mpa,0.405 Mpa,0.330 Mpa,2.15 Mpa,,5.35%,,6.59%,5.27%,10.5%,6.24%,7.32%,59.1%,
2026-07-06 15:00:00,0.0758 Mpa,,0.286 Mpa,0.407 Mpa,1.32 Mpa,0.886 Mpa,0.406 Mpa,2.40 Mpa,,3.90%,,8.51%,7.89%,35.3%,20.1%,9.17%,67.0%,
2026-07-06 17:00:00,0.176 Mpa,,0.208 Mpa,0.187 Mpa,0.529 Mpa,0.277 Mpa,0.171 Mpa,,,4.37%,,5.83%,1.31%,14.9%,4.90%,13.1%,,
2026-07-06 19:00:00,0.0406 Mpa,,0.574 Mpa,0.221 Mpa,0.132 Mpa,0.287 Mpa,0.232 Mpa,,,3.63%,,15.7%,2.86%,4.22%,5.20%,3.03%,,
2026-07-06 21:00:00,0.211 Mpa,,0.113 Mpa,0.236 Mpa,0.109 Mpa,0.231 Mpa,0.265 Mpa,,,8.55%,,1.88%,3.03%,3.65%,3.33%,3.84%,,
2026-07-06 23:00:00,0.121 Mpa,,0.530 Mpa,0.441 Mpa,0.0891 Mpa,0.257 Mpa,0.275 Mpa,,,6.83%,,14.0%,8.78%,2.56%,4.52%,4.11%,,
2026-07-07 01:00:00,0.0590 Mpa,,0.0816 Mpa,0.238 Mpa,0.0764 Mpa,0.271 Mpa,0.356 Mpa,,,13.6%,,28.4%,2.78%,4.47%,5.10%,5.72%,,
2026-07-07 03:00:00,0.223 Mpa,,0.108 Mpa,0.425 Mpa,0.133 Mpa,0.286 Mpa,0.102 Mpa,,,11.5%,,3.17%,7.88%,4.43%,4.47%,0%,,
2026-07-07 05:00:00,0.0382 Mpa,,0.355 Mpa,0.150 Mpa,0.223 Mpa,0.619 Mpa,0.250 Mpa,,,5.12%,,10.1%,15.5%,6.34%,14.8%,3.49%,,
2026-07-07 07:00:00,0.0964 Mpa,,0.223 Mpa,0.0970 Mpa,0.144 Mpa,0.579 Mpa,0.381 Mpa,,,7.71%,,7.15%,6.31%,3.98%,14.2%,6.32%,,
2026-07-07 09:00:00,0.0591 Mpa,,0.384 Mpa,,0.790 Mpa,,0.431 Mpa,,,4.14%,,11.5%,,22.4%,,7.21%,,
2026-07-07 11:00:00,0.104 Mpa,,0.217 Mpa,0.396 Mpa,0.288 Mpa,,0.397 Mpa,,,7.11%,,6.75%,7.96%,9.13%,,6.99%,,
2026-07-07 13:00:00,0.181 Mpa,,0.162 Mpa,,0.616 Mpa,0.219 Mpa,0.260 Mpa,,,8.39%,,5.01%,,18.1%,0.720%,3.06%,,
2026-07-07 15:00:00,2.92 Mpa,,0.169 Mpa,,,,,,,76.4%,,5.71%,,,,,,
2026-07-07 17:00:00,0.0633 Mpa,,0.428 Mpa,0.173 Mpa,0.449 Mpa,0.314 Mpa,0.767 Mpa,,,6.41%,,11.3%,1.23%,12.8%,3.27%,17.7%,,
2026-07-07 19:00:00,0.0674 Mpa,,0.0385 Mpa,0.216 Mpa,0.0631 Mpa,0.286 Mpa,0.513 Mpa,,,5.79%,,3.84%,1.96%,2.11%,2.49%,11.2%,,
2026-07-07 21:00:00,0.0539 Mpa,,0.218 Mpa,0.222 Mpa,0.242 Mpa,0.340 Mpa,0.370 Mpa,,,3.37%,,6.74%,8.18%,7.39%,3.38%,6.57%,,
2026-07-07 23:00:00,0.110 Mpa,,0.0429 Mpa,0.697 Mpa,0.0488 Mpa,0.301 Mpa,0.368 Mpa,,,3.21%,,5.13%,15.8%,1.25%,2.49%,6.30%,,
2026-07-08 01:00:00,0.106 Mpa,,0.167 Mpa,0.579 Mpa,0.122 Mpa,0.316 Mpa,0.212 Mpa,,,3.92%,,4.09%,14.5%,3.74%,12.3%,2.07%,,
2026-07-08 03:00:00,0.0875 Mpa,,0.143 Mpa,,0.236 Mpa,0.251 Mpa,0.297 Mpa,,,2.19%,,3.73%,,7.64%,3.88%,4.37%,,
2026-07-08 05:00:00,0.122 Mpa,,0.126 Mpa,,0.240 Mpa,0.296 Mpa,0.266 Mpa,,,5.88%,,3.57%,,7.74%,5.09%,6.41%,,
2026-07-08 07:00:00,0.0853 Mpa,,0.110 Mpa,,0.217 Mpa,0.508 Mpa,1.03 Mpa,,,5.71%,,2.41%,,9.55%,10.9%,26.0%,,
2026-07-08 09:00:00,0.173 Mpa,,0.155 Mpa,0.167 Mpa,0.150 Mpa,0.268 Mpa,0.633 Mpa,,,5.50%,,3.87%,4.44%,12.8%,3.50%,14.0%,,
2026-07-08 11:00:00,0.0808 Mpa,,0.140 Mpa,,0.116 Mpa,0.377 Mpa,0.593 Mpa,,,3.34%,,3.91%,,4.68%,6.91%,13.0%,,
2026-07-08 13:00:00,0.0579 Mpa,,0.219 Mpa,,0.331 Mpa,0.268 Mpa,0.808 Mpa,,,2.03%,,6.60%,,10.3%,5.79%,21.1%,,
2026-07-08 15:00:00,0.0330 Mpa,,0.152 Mpa,,0.130 Mpa,0.246 Mpa,1.26 Mpa,,,0.518%,,3.83%,,5.28%,3.97%,31.9%,,
2026-07-08 17:00:00,0.115 Mpa,,0.201 Mpa,,0.309 Mpa,0.256 Mpa,0.308 Mpa,,,5.28%,,5.31%,,9.66%,2.20%,5.46%,,
2026-07-08 19:00:00,0.554 Mpa,,0.109 Mpa,,0.212 Mpa,0.247 Mpa,0.214 Mpa,,0.198 Mpa,14.6%,,2.23%,,6.31%,1.06%,1.55%,,3.60%
2026-07-08 21:00:00,0.507 Mpa,,0.448 Mpa,,0.182 Mpa,0.318 Mpa,0.226 Mpa,,0.273 Mpa,12.6%,,11.5%,,4.93%,5.50%,3.36%,,4.00%
2026-07-08 23:00:00,0.401 Mpa,,0.145 Mpa,,0.489 Mpa,0.242 Mpa,0.823 Mpa,,0.328 Mpa,10.9%,,2.71%,,13.4%,0.725%,19.7%,,6.06%
2026-07-09 01:00:00,0.112 Mpa,,0.146 Mpa,,0.210 Mpa,0.281 Mpa,0.269 Mpa,,0.389 Mpa,5.79%,,2.97%,,6.31%,4.19%,5.78%,,7.58%
2026-07-09 03:00:00,0.490 Mpa,,0.319 Mpa,,0.150 Mpa,0.235 Mpa,0.622 Mpa,,0.324 Mpa,13.0%,,7.81%,,4.09%,0.627%,14.8%,,6.09%
2026-07-09 05:00:00,0.320 Mpa,,0.140 Mpa,,0.176 Mpa,0.318 Mpa,0.181 Mpa,,0.347 Mpa,12.0%,,3.90%,,6.54%,3.42%,3.11%,,6.71%
2026-07-09 07:00:00,0.354 Mpa,,0.132 Mpa,,0.120 Mpa,0.479 Mpa,0.447 Mpa,,0.305 Mpa,10.5%,,3.90%,,4.04%,7.74%,8.05%,,5.51%
2026-07-09 09:00:00,0.346 Mpa,,0.131 Mpa,,0.493 Mpa,0.298 Mpa,0.360 Mpa,,0.238 Mpa,11.1%,,3.93%,,14.2%,4.03%,19.1%,,3.75%
2026-07-09 11:00:00,0.549 Mpa,,0.157 Mpa,,0.438 Mpa,0.324 Mpa,0.693 Mpa,,0.347 Mpa,16.9%,,4.52%,,12.8%,4.50%,15.8%,,7.02%
2026-07-09 13:00:00,0.270 Mpa,,0.177 Mpa,0.0953 Mpa,0.176 Mpa,0.284 Mpa,0.148 Mpa,,0.172 Mpa,23.7%,,5.26%,3.59%,5.61%,4.43%,2.46%,,2.29%
2026-07-09 15:00:00,0.256 Mpa,,0.210 Mpa,0.0278 Mpa,0.0902 Mpa,0.324 Mpa,0.307 Mpa,,0.212 Mpa,6.86%,,6.75%,0.995%,4.23%,4.51%,6.85%,,3.63%
2026-07-09 17:00:00,0.336 Mpa,,0.0812 Mpa,,0.325 Mpa,0.243 Mpa,0.599 Mpa,,0.225 Mpa,11.0%,,3.33%,,9.15%,2.21%,14.0%,,3.21%
2026-07-09 19:00:00,0.109 Mpa,,0.202 Mpa,,0.466 Mpa,0.228 Mpa,0.161 Mpa,,0.506 Mpa,12.9%,,5.68%,,13.9%,1.61%,1.66%,,10.7%
2026-07-09 21:00:00,0.262 Mpa,,0.135 Mpa,,0.362 Mpa,0.252 Mpa,0.657 Mpa,,0.491 Mpa,10.5%,,3.66%,,11.0%,1.99%,14.4%,,10.0%
2026-07-09 23:00:00,0.0862 Mpa,,0.130 Mpa,,0.225 Mpa,0.273 Mpa,0.513 Mpa,,0.444 Mpa,2.00%,,3.57%,,7.08%,3.25%,12.3%,,9.69%
2026-07-10 01:00:00,0.127 Mpa,,0.188 Mpa,0.0240 Mpa,1.15 Mpa,0.230 Mpa,0.383 Mpa,,0.410 Mpa,3.35%,,5.27%,0.540%,38.4%,1.46%,6.53%,,8.46%
2026-07-10 03:00:00,0.189 Mpa,,0.188 Mpa,0.588 Mpa,0.347 Mpa,0.225 Mpa,0.748 Mpa,,0.314 Mpa,5.61%,,5.36%,19.5%,10.1%,0.796%,17.3%,,5.50%
2026-07-10 05:00:00,0.110 Mpa,,0.192 Mpa,2.12 Mpa,0.494 Mpa,0.271 Mpa,0.998 Mpa,,0.604 Mpa,6.75%,,5.91%,54.1%,14.1%,2.53%,26.2%,,13.3%
2026-07-10 07:00:00,0.0991 Mpa,,0.196 Mpa,0.648 Mpa,0.335 Mpa,0.282 Mpa,,,0.269 Mpa,6.39%,,5.41%,15.9%,10.3%,2.42%,,,4.76%
2026-07-10 09:00:00,0.171 Mpa,,0.127 Mpa,0.332 Mpa,0.192 Mpa,0.464 Mpa,0.0334 Mpa,,0.455 Mpa,7.32%,,3.20%,7.43%,5.59%,8.18%,0.0126%,,10.4%
2026-07-10 11:00:00,0.0936 Mpa,,0.103 Mpa,0.628 Mpa,0.191 Mpa,0.325 Mpa,0.457 Mpa,,0.406 Mpa,2.60%,,3.12%,15.3%,6.04%,3.97%,9.39%,,9.08%
2026-07-10 13:00:00,0.139 Mpa,,0.320 Mpa,0.119 Mpa,0.0898 Mpa,1.86 Mpa,0.147 Mpa,,0.474 Mpa,3.69%,,8.43%,3.64%,3.20%,45.5%,0.323%,,9.93%
2026-07-10 15:00:00,0.119 Mpa,,0.389 Mpa,0.359 Mpa,0.203 Mpa,0.582 Mpa,0.176 Mpa,,0.374 Mpa,3.19%,,11.9%,8.91%,6.65%,11.3%,0.517%,,7.39%
2026-07-10 17:00:00,0.0962 Mpa,,0.172 Mpa,0.425 Mpa,0.00314 Mpa,0.998 Mpa,0.205 Mpa,,0.304 Mpa,3.98%,,4.31%,14.4%,3.45%,24.6%,1.39%,,5.97%
2026-07-10 19:00:00,0.102 Mpa,,0.247 Mpa,0.380 Mpa,,0.228 Mpa,0.418 Mpa,,0.303 Mpa,11.2%,,6.06%,8.80%,,1.78%,7.87%,,4.76%
2026-07-10 21:00:00,0.151 Mpa,,0.115 Mpa,0.168 Mpa,,0.333 Mpa,0.321 Mpa,,0.625 Mpa,6.23%,,3.08%,3.33%,,3.74%,4.60%,,14.2%
2026-07-10 23:00:00,0.111 Mpa,,0.167 Mpa,0.157 Mpa,,0.490 Mpa,0.285 Mpa,,0.272 Mpa,4.37%,,4.63%,3.20%,,9.01%,5.08%,,4.49%
2026-07-11 01:00:00,0.0616 Mpa,,0.138 Mpa,0.432 Mpa,0.415 Mpa,0.492 Mpa,0.302 Mpa,,0.390 Mpa,4.83%,,4.03%,10.5%,14.8%,9.02%,5.52%,,7.29%
2026-07-11 03:00:00,0.245 Mpa,,0.0643 Mpa,0.674 Mpa,0.769 Mpa,0.279 Mpa,0.306 Mpa,,0.210 Mpa,10.1%,,4.29%,16.3%,21.4%,3.27%,7.16%,,3.08%
2026-07-11 05:00:00,0.127 Mpa,,,0.0699 Mpa,0.299 Mpa,0.377 Mpa,0.243 Mpa,,0.495 Mpa,6.72%,,,1.85%,8.18%,6.21%,2.88%,,10.7%
2026-07-11 07:00:00,0.117 Mpa,,,0.0416 Mpa,0.0569 Mpa,0.304 Mpa,0.177 Mpa,,0.234 Mpa,5.15%,,,0.609%,2.26%,5.55%,0.511%,,3.62%
2026-07-11 09:00:00,0.0711 Mpa,,0.0532 Mpa,0.204 Mpa,0.225 Mpa,0.227 Mpa,0.434 Mpa,,0.596 Mpa,3.83%,,1.45%,4.08%,6.99%,4.14%,8.69%,,13.7%
2026-07-11 11:00:00,0.0612 Mpa,,0.491 Mpa,0.239 Mpa,0.0977 Mpa,0.222 Mpa,0.305 Mpa,,0.449 Mpa,2.72%,,14.1%,4.53%,3.96%,1.44%,5.44%,,9.60%
2026-07-11 13:00:00,0.288 Mpa,,1.33 Mpa,0.382 Mpa,0.295 Mpa,0.277 Mpa,0.195 Mpa,,0.480 Mpa,8.11%,,36.1%,8.63%,8.19%,3.48%,1.76%,,9.98%
2026-07-11 15:00:00,0.671 Mpa,,0.0862 Mpa,0.530 Mpa,0.191 Mpa,0.273 Mpa,0.332 Mpa,,0.275 Mpa,18.6%,,2.79%,13.1%,5.71%,2.42%,6.54%,,4.74%
2026-07-11 17:00:00,0.401 Mpa,,0.168 Mpa,0.265 Mpa,0.402 Mpa,0.262 Mpa,0.226 Mpa,,0.582 Mpa,11.2%,,4.66%,5.25%,12.9%,4.49%,2.67%,,13.6%
2026-07-11 19:00:00,1.38 Mpa,,0.0779 Mpa,0.246 Mpa,0.525 Mpa,0.267 Mpa,0.251 Mpa,,0.490 Mpa,36.6%,,1.96%,4.57%,16.0%,2.45%,3.68%,,11.6%
2026-07-11 21:00:00,0.181 Mpa,,0.0839 Mpa,0.230 Mpa,0.114 Mpa,0.259 Mpa,0.321 Mpa,,0.153 Mpa,5.69%,,2.76%,4.55%,4.50%,2.09%,4.70%,,1.85%
2026-07-11 23:00:00,0.108 Mpa,,0.146 Mpa,0.327 Mpa,0.184 Mpa,0.256 Mpa,0.187 Mpa,,0.309 Mpa,4.74%,,3.76%,7.02%,5.24%,1.93%,1.51%,,7.51%
2026-07-12 01:00:00,0.286 Mpa,,0.380 Mpa,0.105 Mpa,0.0544 Mpa,0.423 Mpa,0.141 Mpa,,0.227 Mpa,8.30%,,9.96%,0.954%,2.19%,7.95%,2.13%,,5.46%
2026-07-12 03:00:00,0.0533 Mpa,,0.496 Mpa,0.529 Mpa,0.0531 Mpa,0.339 Mpa,0.847 Mpa,,0.224 Mpa,3.94%,,13.5%,12.2%,2.93%,8.98%,21.3%,,4.63%
2026-07-12 05:00:00,0.329 Mpa,,0.629 Mpa,0.216 Mpa,0.310 Mpa,0.264 Mpa,0.297 Mpa,,0.224 Mpa,9.45%,,17.7%,4.20%,9.05%,3.07%,3.83%,,4.24%
2026-07-12 07:00:00,0.0988 Mpa,,0.254 Mpa,0.152 Mpa,0.0693 Mpa,0.210 Mpa,0.402 Mpa,,0.295 Mpa,2.29%,,6.38%,2.44%,2.86%,0.203%,7.23%,,5.62%
2026-07-12 09:00:00,0.704 Mpa,,0.438 Mpa,0.135 Mpa,0.338 Mpa,0.312 Mpa,0.401 Mpa,,0.559 Mpa,19.4%,,10.8%,1.71%,10.7%,4.11%,7.77%,,13.4%
2026-07-12 11:00:00,0.258 Mpa,,0.578 Mpa,0.356 Mpa,0.235 Mpa,0.283 Mpa,0.300 Mpa,,0.558 Mpa,8.58%,,15.4%,7.84%,7.16%,3.90%,5.57%,,13.5%
2026-07-12 13:00:00,0.687 Mpa,,0.206 Mpa,0.216 Mpa,0.348 Mpa,0.243 Mpa,0.587 Mpa,,0.225 Mpa,21.3%,,5.69%,3.78%,10.4%,3.57%,13.5%,,3.98%
2026-07-12 15:00:00,0.187 Mpa,,0.0677 Mpa,0.593 Mpa,0.0530 Mpa,0.211 Mpa,0.734 Mpa,,0.307 Mpa,6.75%,,2.18%,15.6%,7.26%,1.33%,17.3%,,6.47%
2026-07-12 17:00:00,0.436 Mpa,,0.184 Mpa,0.184 Mpa,0.631 Mpa,0.215 Mpa,0.222 Mpa,,0.335 Mpa,11.6%,,4.92%,3.94%,18.0%,1.35%,3.62%,,6.86%
2026-07-12 19:00:00,0.519 Mpa,,0.499 Mpa,0.536 Mpa,0.435 Mpa,0.252 Mpa,0.284 Mpa,,0.188 Mpa,13.6%,,13.8%,12.2%,13.3%,2.09%,3.76%,,2.72%
2026-07-12 21:00:00,0.543 Mpa,,0.248 Mpa,0.221 Mpa,0.818 Mpa,0.430 Mpa,0.273 Mpa,,0.396 Mpa,14.5%,,6.86%,6.60%,23.4%,7.75%,3.59%,,8.97%
2026-07-12 23:00:00,0.646 Mpa,,0.283 Mpa,0.162 Mpa,0.377 Mpa,0.380 Mpa,0.149 Mpa,,0.462 Mpa,16.8%,,7.86%,2.40%,11.8%,5.98%,0.848%,,9.65%
2026-07-13 01:00:00,0.782 Mpa,,0.111 Mpa,0.0978 Mpa,,0.230 Mpa,0.206 Mpa,,0.225 Mpa,21.5%,,3.06%,2.53%,,2.56%,1.64%,,4.69%
2026-07-13 03:00:00,0.614 Mpa,,0.0948 Mpa,0.934 Mpa,0.108 Mpa,0.334 Mpa,0.285 Mpa,,0.509 Mpa,15.4%,,2.99%,22.8%,8.89%,4.95%,3.96%,,10.7%
2026-07-13 05:00:00,,,0.415 Mpa,0.320 Mpa,0.524 Mpa,0.212 Mpa,0.154 Mpa,,0.493 Mpa,,,11.4%,6.32%,15.5%,1.19%,1.32%,,12.1%
2026-07-13 07:00:00,,,0.342 Mpa,0.221 Mpa,0.110 Mpa,0.856 Mpa,0.204 Mpa,,0.346 Mpa,,,9.54%,4.01%,3.11%,18.7%,1.73%,,6.11%
2026-07-13 09:00:00,0.0810 Mpa,,0.178 Mpa,0.360 Mpa,0.168 Mpa,0.771 Mpa,0.556 Mpa,,0.381 Mpa,1.70%,,4.96%,7.49%,5.52%,16.8%,12.6%,,7.09%
2026-07-13 11:00:00,0.0237 Mpa,,0.162 Mpa,0.188 Mpa,0.161 Mpa,0.537 Mpa,1.19 Mpa,,0.386 Mpa,0.0348%,,4.14%,2.74%,4.89%,10.6%,30.2%,,8.43%
2026-07-13 13:00:00,,,0.256 Mpa,0.400 Mpa,0.391 Mpa,1.07 Mpa,0.553 Mpa,,0.155 Mpa,,,6.33%,8.58%,12.0%,26.8%,12.1%,,2.15%
2026-07-13 15:00:00,,,0.137 Mpa,0.989 Mpa,0.666 Mpa,0.531 Mpa,0.627 Mpa,,0.360 Mpa,,,2.84%,24.5%,19.0%,10.1%,14.1%,,7.58%
2026-07-13 17:00:00,,,0.128 Mpa,0.358 Mpa,0.273 Mpa,0.208 Mpa,0.177 Mpa,,0.190 Mpa,,,3.22%,7.66%,7.65%,1.37%,1.01%,,3.55%
2026-07-13 19:00:00,,,0.257 Mpa,0.223 Mpa,0.226 Mpa,0.245 Mpa,0.896 Mpa,,0.187 Mpa,,,7.08%,20.9%,6.91%,2.59%,30.8%,,3.52%
2026-07-13 21:00:00,,,0.357 Mpa,0.747 Mpa,0.129 Mpa,0.267 Mpa,0.151 Mpa,,0.164 Mpa,,,8.91%,17.8%,4.05%,2.78%,1.25%,,6.35%
2026-07-13 23:00:00,,,0.646 Mpa,0.149 Mpa,0.0408 Mpa,0.458 Mpa,0.369 Mpa,,0.204 Mpa,,,17.2%,1.83%,1.29%,8.02%,7.64%,,5.72%
2026-07-14 01:00:00,,,0.206 Mpa,0.841 Mpa,0.575 Mpa,1.24 Mpa,0.149 Mpa,,0.203 Mpa,,,7.12%,20.0%,16.0%,28.6%,3.05%,,4.43%
2026-07-14 03:00:00,,,0.385 Mpa,0.216 Mpa,0.411 Mpa,0.597 Mpa,0.349 Mpa,,0.214 Mpa,,,10.6%,3.28%,12.0%,11.9%,8.08%,,4.66%
2026-07-14 05:00:00,,,0.151 Mpa,0.274 Mpa,0.0978 Mpa,0.464 Mpa,0.257 Mpa,,0.225 Mpa,,,4.24%,5.76%,3.02%,8.17%,3.94%,,4.35%
2026-07-14 07:00:00,,,0.220 Mpa,0.258 Mpa,0.276 Mpa,0.662 Mpa,0.251 Mpa,,0.218 Mpa,,,6.11%,3.89%,7.95%,13.8%,3.47%,,3.97%
2026-07-14 09:00:00,,,0.363 Mpa,0.294 Mpa,,0.747 Mpa,0.323 Mpa,,0.452 Mpa,,,9.78%,5.22%,,17.4%,5.18%,,9.26%
2026-07-14 11:00:00,,,0.459 Mpa,0.421 Mpa,,0.803 Mpa,0.362 Mpa,,0.246 Mpa,,,11.9%,8.89%,,18.9%,6.29%,,3.40%
2026-07-14 13:00:00,,,0.298 Mpa,0.372 Mpa,0.0955 Mpa,0.419 Mpa,0.585 Mpa,,0.309 Mpa,,,8.06%,7.33%,3.12%,9.11%,12.9%,,5.45%
2026-07-14 15:00:00,,,0.342 Mpa,0.216 Mpa,0.518 Mpa,0.364 Mpa,0.175 Mpa,,0.344 Mpa,,,9.50%,2.57%,15.3%,5.63%,1.43%,,6.62%
2026-07-14 17:00:00,,,0.231 Mpa,0.835 Mpa,0.152 Mpa,0.230 Mpa,0.443 Mpa,,0.426 Mpa,,,6.25%,20.5%,4.62%,3.61%,9.32%,,9.36%
2026-07-14 19:00:00,,,0.183 Mpa,0.414 Mpa,0.116 Mpa,1.05 Mpa,0.224 Mpa,,0.239 Mpa,,,4.30%,8.49%,3.70%,24.3%,2.74%,,3.25%
2026-07-14 21:00:00,,,0.435 Mpa,0.376 Mpa,0.0630 Mpa,0.258 Mpa,0.388 Mpa,,0.265 Mpa,,,10.6%,7.27%,1.26%,3.27%,7.05%,,3.78%
2026-07-14 23:00:00,0.00185 Mpa,,0.236 Mpa,1.05 Mpa,0.297 Mpa,0.222 Mpa,0.296 Mpa,,0.328 Mpa,0%,,5.21%,24.8%,8.33%,2.57%,5.63%,,5.58%
2026-07-15 01:00:00,0.00155 Mpa,,0.0679 Mpa,0.236 Mpa,0.185 Mpa,0.266 Mpa,0.180 Mpa,,0.198 Mpa,0.502%,,6.29%,3.21%,6.15%,2.66%,3.45%,,3.49%
2026-07-15 03:00:00,0.194 Mpa,,0.156 Mpa,0.255 Mpa,0.0369 Mpa,0.349 Mpa,0.188 Mpa,,0.900 Mpa,5.37%,,3.30%,3.89%,1.15%,5.74%,1.79%,,21.8%
2026-07-15 05:00:00,0.261 Mpa,,0.126 Mpa,0.330 Mpa,0.0655 Mpa,0.206 Mpa,0.347 Mpa,,1.59 Mpa,8.41%,,3.52%,5.97%,3.81%,1.63%,5.52%,,39.6%
2026-07-15 07:00:00,0.615 Mpa,,0.451 Mpa,0.277 Mpa,0.0769 Mpa,0.288 Mpa,0.452 Mpa,,0.351 Mpa,16.2%,,12.7%,4.51%,3.50%,3.79%,8.18%,,7.21%
2026-07-15 09:00:00,0.0000529 Mpa,,0.346 Mpa,0.321 Mpa,0.0945 Mpa,0.211 Mpa,0.353 Mpa,,0.150 Mpa,0.0837%,,10.6%,5.57%,3.52%,1.09%,5.83%,,2.15%
2026-07-15 11:00:00,0 Mpa,,0.124 Mpa,1.88 Mpa,0.254 Mpa,0.372 Mpa,0.231 Mpa,,0.153 Mpa,0.0199%,,4.21%,47.7%,8.46%,6.47%,2.27%,,1.80%
2026-07-15 13:00:00,0.000775 Mpa,,0.128 Mpa,0.116 Mpa,0.381 Mpa,0.358 Mpa,0.263 Mpa,,0.159 Mpa,0.0142%,,4.98%,1.08%,11.2%,15.5%,5.04%,,1.75%
2026-07-15 15:00:00,0.935 Mpa,,0.414 Mpa,0.415 Mpa,0.133 Mpa,0.272 Mpa,0.305 Mpa,,0.290 Mpa,26.6%,,12.6%,8.64%,5.46%,3.77%,4.93%,,5.76%
2026-07-15 17:00:00,1.05 Mpa,,0.143 Mpa,0.262 Mpa,0.326 Mpa,0.218 Mpa,0.239 Mpa,,0.275 Mpa,27.2%,,3.03%,4.14%,9.79%,4.12%,3.36%,,4.90%
2026-07-15 19:00:00,0.442 Mpa,,0.143 Mpa,0.145 Mpa,0.136 Mpa,0.270 Mpa,0.168 Mpa,,0.162 Mpa,11.5%,,3.15%,0.447%,3.79%,5.55%,0.586%,,3.39%
2026-07-15 21:00:00,0.410 Mpa,,0.110 Mpa,0.383 Mpa,0.0617 Mpa,0.273 Mpa,0.282 Mpa,,0.288 Mpa,10.4%,,2.07%,8.34%,2.13%,6.88%,3.94%,,5.46%
2026-07-15 23:00:00,0.658 Mpa,,0.386 Mpa,0.228 Mpa,0.122 Mpa,0.249 Mpa,0.280 Mpa,,0.155 Mpa,17.9%,,9.53%,3.79%,3.85%,4.59%,5.23%,,1.03%
2026-07-16 01:00:00,0.437 Mpa,,0.151 Mpa,0.542 Mpa,0.261 Mpa,0.244 Mpa,0.133 Mpa,,0.194 Mpa,13.2%,,4.41%,10.6%,7.83%,4.97%,5.87%,,3.51%
2026-07-16 03:00:00,0.440 Mpa,,0.104 Mpa,0.193 Mpa,0.338 Mpa,0.203 Mpa,0.207 Mpa,,0.160 Mpa,11.4%,,4.69%,1.35%,9.58%,1.81%,1.89%,,3.09%
2026-07-16 05:00:00,0.486 Mpa,,0.219 Mpa,0.212 Mpa,0.0633 Mpa,0.254 Mpa,0.237 Mpa,,0.166 Mpa,12.9%,,5.63%,1.94%,4.03%,2.40%,2.70%,,2.39%
2026-07-16 07:00:00,0.0417 Mpa,,0.153 Mpa,0.214 Mpa,0.281 Mpa,0.411 Mpa,0.233 Mpa,,0.158 Mpa,4.92%,,4.46%,1.57%,8.53%,6.31%,2.23%,,1.63%
2026-07-16 09:00:00,0.0525 Mpa,,0.174 Mpa,0.227 Mpa,0.649 Mpa,0.324 Mpa,0.189 Mpa,,0.160 Mpa,2.41%,,5.83%,2.44%,18.9%,4.89%,1.01%,,1.45%
2026-07-16 11:00:00,0.377 Mpa,,0.120 Mpa,0.286 Mpa,0.282 Mpa,0.232 Mpa,0.186 Mpa,,0.125 Mpa,10.5%,,3.56%,4.23%,9.34%,2.45%,1.05%,,0.710%
2026-07-16 13:00:00,0.0726 Mpa,,0.128 Mpa,0.861 Mpa,0.0994 Mpa,0.342 Mpa,0.225 Mpa,,0.494 Mpa,5.66%,,3.61%,27.2%,3.61%,5.55%,2.43%,,10.9%
2026-07-16 15:00:00,0.346 Mpa,,0.167 Mpa,0.396 Mpa,0.389 Mpa,0.298 Mpa,0.575 Mpa,,0.179 Mpa,11.2%,,4.25%,7.07%,11.1%,3.91%,13.1%,,1.56%
2026-07-16 17:00:00,0.531 Mpa,,0.119 Mpa,0.196 Mpa,0.0398 Mpa,0.298 Mpa,0.275 Mpa,,0.190 Mpa,14.7%,,4.38%,1.41%,1.96%,3.60%,4.70%,,2.81%
2026-07-16 19:00:00,0.0772 Mpa,,0.296 Mpa,0.244 Mpa,0.587 Mpa,0.246 Mpa,0.789 Mpa,,0.203 Mpa,2.61%,,8.39%,2.79%,15.9%,5.12%,19.4%,,2.85%
2026-07-16 21:00:00,0.417 Mpa,,0.152 Mpa,0.155 Mpa,0.0969 Mpa,0.257 Mpa,0.152 Mpa,,0.277 Mpa,11.8%,,5.17%,3.46%,2.64%,1.79%,1.56%,,4.54%
2026-07-16 23:00:00,0.492 Mpa,,0.380 Mpa,0.215 Mpa,0.115 Mpa,0.232 Mpa,0.196 Mpa,,0.217 Mpa,14.1%,,10.9%,2.57%,3.53%,1.04%,4.20%,,3.36%
2026-07-17 01:00:00,0.0903 Mpa,,0.129 Mpa,0.227 Mpa,0.229 Mpa,0.373 Mpa,0.238 Mpa,,0.134 Mpa,3.14%,,4.08%,2.58%,7.24%,10.4%,3.76%,,0.762%
2026-07-17 03:00:00,0.429 Mpa,,0.158 Mpa,0.265 Mpa,0.123 Mpa,0.215 Mpa,0.192 Mpa,,0.467 Mpa,10.6%,,4.37%,3.42%,9.22%,1.45%,2.53%,,10.4%
2026-07-17 05:00:00,0.217 Mpa,,0.126 Mpa,0.312 Mpa,0.622 Mpa,0.306 Mpa,0.215 Mpa,,0.333 Mpa,8.12%,,3.26%,5.12%,19.4%,4.21%,2.53%,,6.15%
2026-07-17 07:00:00,0.441 Mpa,,0.543 Mpa,0.203 Mpa,0.0841 Mpa,0.339 Mpa,0.226 Mpa,,1.11 Mpa,12.3%,,15.1%,1.99%,2.73%,4.74%,1.75%,,26.1%
2026-07-17 09:00:00,0.336 Mpa,,1.05 Mpa,0.276 Mpa,0.817 Mpa,0.252 Mpa,0.311 Mpa,,0.240 Mpa,8.72%,,29.0%,3.47%,24.0%,2.16%,4.10%,,3.57%
2026-07-17 11:00:00,0.189 Mpa,,0.637 Mpa,0.216 Mpa,0.0648 Mpa,0.314 Mpa,0.403 Mpa,,0.967 Mpa,6.38%,,18.0%,2.07%,2.29%,3.90%,7.42%,,22.9%
2026-07-17 13:00:00,0.166 Mpa,0.0450 Mpa,0.143 Mpa,2.42 Mpa,0.0552 Mpa,0.173 Mpa,0.209 Mpa,,0.529 Mpa,6.44%,8.36%,3.83%,62.5%,3.74%,5.53%,1.98%,,11.6%
2026-07-17 15:00:00,0.530 Mpa,0.0535 Mpa,0.237 Mpa,0.746 Mpa,0.0699 Mpa,0.405 Mpa,0.695 Mpa,,0.699 Mpa,14.7%,10.3%,6.32%,17.8%,4.02%,8.83%,17.0%,,16.2%
2026-07-17 17:00:00,0.247 Mpa,,0.120 Mpa,0.472 Mpa,0.151 Mpa,0.248 Mpa,0.315 Mpa,,0.567 Mpa,8.40%,,4.52%,9.85%,4.87%,3.27%,5.44%,,13.2%
2026-07-17 19:00:00,0.196 Mpa,,0.494 Mpa,0.583 Mpa,0.158 Mpa,0.299 Mpa,0.170 Mpa,,0.243 Mpa,4.96%,,16.0%,11.8%,5.09%,2.84%,1.85%,,4.20%
2026-07-17 21:00:00,0.143 Mpa,,0.200 Mpa,0.385 Mpa,0.567 Mpa,0.220 Mpa,0.0481 Mpa,,0.195 Mpa,3.63%,,6.08%,6.48%,16.6%,0.996%,0%,,2.80%
2026-07-17 23:00:00,0.481 Mpa,0.0224 Mpa,0.323 Mpa,0.270 Mpa,0.0331 Mpa,0.364 Mpa,,,0.239 Mpa,12.5%,14.2%,9.44%,3.75%,2.58%,4.74%,,,5.09%
2026-07-18 01:00:00,0.137 Mpa,,0.362 Mpa,0.309 Mpa,0.188 Mpa,0.231 Mpa,0.350 Mpa,,0.234 Mpa,5.05%,,9.39%,5.05%,6.97%,2.96%,6.20%,,4.47%
2026-07-18 03:00:00,1.53 Mpa,,0.155 Mpa,0.326 Mpa,0.200 Mpa,1.03 Mpa,0.259 Mpa,,0.233 Mpa,39.9%,,4.95%,5.11%,6.12%,24.2%,2.33%,,4.74%
2026-07-18 05:00:00,0.369 Mpa,,0.190 Mpa,0.248 Mpa,0.174 Mpa,0.954 Mpa,0.220 Mpa,,0.258 Mpa,10.2%,,5.90%,4.09%,5.23%,21.1%,2.41%,,5.72%
2026-07-18 07:00:00,0.182 Mpa,,0.274 Mpa,0.582 Mpa,0.155 Mpa,0.287 Mpa,0.179 Mpa,,0.267 Mpa,8.56%,,8.23%,12.3%,4.84%,3.05%,0.683%,,5.06%
2026-07-18 09:00:00,0.142 Mpa,,0.135 Mpa,0.260 Mpa,0.195 Mpa,0.285 Mpa,0.268 Mpa,,0.265 Mpa,4.88%,,4.32%,3.89%,5.95%,3.39%,3.37%,,4.59%
2026-07-18 11:00:00,0.641 Mpa,,0.268 Mpa,0.403 Mpa,0.130 Mpa,0.380 Mpa,0.410 Mpa,,0.486 Mpa,16.7%,,7.94%,7.83%,3.97%,7.43%,7.18%,,12.1%
2026-07-18 13:00:00,0.449 Mpa,,0.186 Mpa,0.152 Mpa,0.0610 Mpa,0.368 Mpa,0.189 Mpa,,0.212 Mpa,11.9%,,5.93%,0.942%,2.59%,6.64%,7.56%,,4.42%
2026-07-18 15:00:00,0.203 Mpa,,0.396 Mpa,0.162 Mpa,0.480 Mpa,0.252 Mpa,0.257 Mpa,,0.335 Mpa,5.37%,,10.9%,1.28%,13.9%,1.75%,3.28%,,7.21%
2026-07-18 17:00:00,0.102 Mpa,,0.102 Mpa,0.273 Mpa,0.296 Mpa,0.412 Mpa,0.229 Mpa,,0.309 Mpa,2.39%,,2.29%,4.19%,9.08%,6.24%,2.89%,,6.06%
2026-07-18 19:00:00,0.138 Mpa,,0.310 Mpa,0.179 Mpa,0.341 Mpa,0.253 Mpa,0.300 Mpa,,0.369 Mpa,3.21%,,8.35%,1.56%,10.6%,2.30%,4.26%,,7.53%
2026-07-18 21:00:00,0.119 Mpa,,0.163 Mpa,0.252 Mpa,0.0870 Mpa,0.251 Mpa,0.196 Mpa,,0.234 Mpa,4.56%,,4.68%,3.02%,3.02%,1.95%,1.30%,,4.13%
2026-07-18 23:00:00,0.110 Mpa,,0.173 Mpa,0.194 Mpa,0.110 Mpa,0.243 Mpa,0.269 Mpa,,0.204 Mpa,4.84%,,3.73%,1.93%,3.95%,1.33%,3.53%,,3.25%
2026-07-19 01:00:00,0.139 Mpa,0.00828 Mpa,0.376 Mpa,0.257 Mpa,0.0465 Mpa,0.237 Mpa,0.196 Mpa,,0.597 Mpa,4.01%,0.767%,10.1%,3.43%,2.62%,2.37%,2.51%,,12.8%
2026-07-19 03:00:00,0.0408 Mpa,0.0122 Mpa,0.440 Mpa,0.230 Mpa,0.0566 Mpa,0.232 Mpa,0.203 Mpa,,0.360 Mpa,4.76%,3.84%,11.1%,2.60%,2.59%,4.52%,2.42%,,6.94%
2026-07-19 05:00:00,0.373 Mpa,,0.330 Mpa,0.270 Mpa,0.0655 Mpa,0.331 Mpa,0.227 Mpa,,0.315 Mpa,10.2%,,8.64%,3.52%,2.37%,5.04%,3.24%,,6.12%
2026-07-19 07:00:00,0.242 Mpa,,0.453 Mpa,0.446 Mpa,0.0532 Mpa,0.266 Mpa,0.353 Mpa,,0.261 Mpa,6.36%,,12.5%,8.75%,1.69%,2.83%,6.13%,,5.16%
2026-07-19 09:00:00,0.653 Mpa,0.0245 Mpa,0.389 Mpa,0.211 Mpa,0.153 Mpa,0.278 Mpa,0.191 Mpa,,0.717 Mpa,17.5%,0.0393%,10.6%,2.49%,4.94%,3.86%,2.47%,,16.4%
2026-07-19 11:00:00,0.120 Mpa,0.0469 Mpa,0.495 Mpa,0.658 Mpa,0.765 Mpa,0.296 Mpa,0.235 Mpa,,0.257 Mpa,5.66%,2.68%,13.6%,14.7%,20.7%,3.45%,4.13%,,3.67%
2026-07-19 13:00:00,0.327 Mpa,0.0165 Mpa,0.149 Mpa,0.471 Mpa,1.51 Mpa,0.432 Mpa,0.347 Mpa,,0.388 Mpa,10.4%,3.27%,4.99%,9.05%,41.7%,7.22%,5.78%,,7.99%
2026-07-19 15:00:00,0.0485 Mpa,0.0379 Mpa,0.135 Mpa,0.178 Mpa,0.0135 Mpa,0.283 Mpa,0.726 Mpa,,0.351 Mpa,3.77%,3.96%,4.92%,5.77%,2.11%,2.96%,16.5%,,6.91%
2026-07-19 17:00:00,0.0604 Mpa,0.0461 Mpa,0.180 Mpa,0.143 Mpa,,0.215 Mpa,0.253 Mpa,,0.205 Mpa,3.47%,4.62%,5.43%,1.36%,,3.97%,2.18%,,12.2%
2026-07-19 19:00:00,0.526 Mpa,0.000993 Mpa,0.198 Mpa,0.520 Mpa,0.0240 Mpa,0.453 Mpa,0.988 Mpa,,,15.9%,8%,5.14%,10.1%,1.20%,7.15%,23.9%,,
2026-07-19 21:00:00,0.127 Mpa,0.00873 Mpa,0.149 Mpa,0.355 Mpa,0.0252 Mpa,,0.320 Mpa,,0.254 Mpa,9.49%,3.03%,3.58%,17.9%,1.18%,,4.42%,,3.75%
2026-07-19 23:00:00,0.104 Mpa,0.00379 Mpa,0.219 Mpa,0.210 Mpa,,0.194 Mpa,0.239 Mpa,,0.284 Mpa,4.76%,0.0291%,5.03%,2.42%,,3.42%,2.38%,,5.05%
2026-07-20 01:00:00,0.112 Mpa,,0.288 Mpa,0.176 Mpa,,0.229 Mpa,0.219 Mpa,,0.324 Mpa,6.06%,,6.82%,1.71%,,1.00%,2.58%,,6.19%
2026-07-20 03:00:00,0.0522 Mpa,0.0231 Mpa,0.530 Mpa,0.189 Mpa,,0.222 Mpa,0.636 Mpa,,0.377 Mpa,3.91%,2.11%,14.2%,2.27%,,0.284%,15.0%,,7.71%
2026-07-20 05:00:00,0.267 Mpa,,0.740 Mpa,0.314 Mpa,,0.513 Mpa,0.263 Mpa,,0.369 Mpa,9.84%,,20.3%,5.63%,,9.11%,3.89%,,6.80%
2026-07-20 07:00:00,0.315 Mpa,0.597 Mpa,0.367 Mpa,0.218 Mpa,,0.293 Mpa,0.239 Mpa,,0.199 Mpa,11.1%,15.7%,10.1%,2.30%,,4.33%,4.85%,,3.47%
2026-07-20 09:00:00,0.233 Mpa,0.192 Mpa,0.385 Mpa,0.165 Mpa,,0.269 Mpa,0.209 Mpa,,0.250 Mpa,8.10%,8.83%,10.7%,3.72%,,3.04%,1.80%,,4.91%
2026-07-20 11:00:00,0.451 Mpa,,0.0694 Mpa,0.191 Mpa,,0.606 Mpa,0.426 Mpa,,0.548 Mpa,13.6%,,0.821%,4.17%,,12.9%,8.44%,,12.4%
2026-07-20 13:00:00,0.186 Mpa,0.00106 Mpa,0.527 Mpa,1.31 Mpa,,0.604 Mpa,0.368 Mpa,,0.458 Mpa,8.15%,0.150%,13.8%,32.6%,,12.8%,6.64%,,10.3%
2026-07-20 15:00:00,0.180 Mpa,0.00350 Mpa,0.463 Mpa,,,0.346 Mpa,0.173 Mpa,,0.276 Mpa,7.83%,11.9%,17.3%,,,15.9%,11.9%,,6.08%
2026-07-20 17:00:00,0.222 Mpa,,0.239 Mpa,1.28 Mpa,,0.208 Mpa,0.499 Mpa,,0.687 Mpa,7.62%,,12.3%,28.9%,,4.65%,11.7%,,15.5%
2026-07-20 19:00:00,0.537 Mpa,0.0103 Mpa,0.367 Mpa,0.143 Mpa,,0.292 Mpa,0.387 Mpa,,0.537 Mpa,13.9%,0%,9.55%,12.7%,,4.76%,8.20%,,11.7%
2026-07-20 21:00:00,0.0659 Mpa,0.0123 Mpa,0.424 Mpa,0.314 Mpa,,0.227 Mpa,0.0913 Mpa,,0.443 Mpa,1.60%,0.0109%,10.8%,4.97%,,2.96%,3.87%,,9.24%
2026-07-20 23:00:00,0.100 Mpa,0.00742 Mpa,0.334 Mpa,0.251 Mpa,,0.279 Mpa,0.391 Mpa,,0.455 Mpa,3.55%,0.0329%,8.70%,3.61%,,5.48%,6.74%,,10.9%
2026-07-21 01:00:00,0.218 Mpa,0 Mpa,0.284 Mpa,0.202 Mpa,0.0206 Mpa,1.47 Mpa,0.392 Mpa,,0.629 Mpa,6.87%,0.224%,7.20%,2.17%,2.53%,36.6%,7.04%,,15.6%
2026-07-21 03:00:00,0.189 Mpa,,0.361 Mpa,0.222 Mpa,0.374 Mpa,0.241 Mpa,0.251 Mpa,,0.165 Mpa,9.18%,,8.94%,2.42%,11.1%,4.89%,3.29%,,4.19%
2026-07-21 05:00:00,0.121 Mpa,,0.261 Mpa,0.230 Mpa,0.142 Mpa,0.212 Mpa,0.192 Mpa,,0.309 Mpa,8.70%,,6.55%,2.84%,5.04%,2.64%,2.60%,,6.43%
2026-07-21 07:00:00,0.0626 Mpa,,0.627 Mpa,0.155 Mpa,0.173 Mpa,0.446 Mpa,0.378 Mpa,,0.319 Mpa,17.2%,,16.6%,0.785%,5.14%,8.72%,7.43%,,6.64%
2026-07-21 09:00:00,0.400 Mpa,0.103 Mpa,0.589 Mpa,0.564 Mpa,,1.10 Mpa,0.244 Mpa,,0.234 Mpa,11.2%,6.72%,16.2%,12.0%,,25.4%,2.90%,,3.88%
2026-07-21 11:00:00,0.227 Mpa,,0.167 Mpa,0.357 Mpa,0.0897 Mpa,1.03 Mpa,0.288 Mpa,,0.170 Mpa,6.91%,,4.93%,6.86%,2.89%,23.8%,5.12%,,2.17%
2026-07-21 13:00:00,0.225 Mpa,,0.373 Mpa,0.334 Mpa,0.0977 Mpa,0.694 Mpa,0.463 Mpa,,0.326 Mpa,8.43%,,9.82%,6.30%,3.75%,14.2%,11.1%,,9.10%
2026-07-21 15:00:00,0.164 Mpa,,0.408 Mpa,0.663 Mpa,0.106 Mpa,0.318 Mpa,0.176 Mpa,,3.96 Mpa,17.4%,,9.97%,15.0%,3.37%,6.68%,1.79%,,13.8%
2026-07-21 17:00:00,0.214 Mpa,,0.263 Mpa,0.250 Mpa,0.134 Mpa,0.332 Mpa,0.236 Mpa,,,5.65%,,6.55%,8.96%,4.56%,14.3%,4.89%,,
2026-07-21 19:00:00,0.573 Mpa,,0.188 Mpa,1.22 Mpa,0.378 Mpa,0.541 Mpa,0.366 Mpa,,,15.3%,,4.43%,31.0%,11.3%,11.7%,6.61%,,
2026-07-21 21:00:00,0.565 Mpa,,0.271 Mpa,0.329 Mpa,0.309 Mpa,,0.195 Mpa,,4.55 Mpa,16.6%,,7.40%,4.46%,8.35%,,1.07%,,9.24%
2026-07-21 23:00:00,0.123 Mpa,,0.309 Mpa,0.560 Mpa,0.283 Mpa,0.900 Mpa,0.180 Mpa,,,5.97%,,9.09%,10.7%,9.91%,20.0%,0.773%,,
2026-07-22 01:00:00,0.275 Mpa,,0.0984 Mpa,1.08 Mpa,0.228 Mpa,0.236 Mpa,0.170 Mpa,,,8.96%,,4.93%,25.8%,29.8%,2.43%,1.32%,,
2026-07-22 03:00:00,0.367 Mpa,,0.156 Mpa,0.660 Mpa,0.299 Mpa,0.238 Mpa,0.362 Mpa,,,11.4%,,4.78%,22.0%,9.08%,2.53%,6.06%,,
2026-07-22 05:00:00,0.777 Mpa,,0.142 Mpa,0.515 Mpa,0.219 Mpa,0.226 Mpa,0.229 Mpa,,,19.9%,,4.01%,10.5%,5.92%,2.62%,3.34%,,
2026-07-22 07:00:00,0.183 Mpa,,0.174 Mpa,0.316 Mpa,0.173 Mpa,0.203 Mpa,0.327 Mpa,,,6.22%,,4.76%,4.64%,4.29%,5.11%,5.86%,,
2026-07-22 09:00:00,0.298 Mpa,,0.502 Mpa,0.574 Mpa,0.149 Mpa,0.220 Mpa,0.310 Mpa,,,8.99%,,13.2%,12.5%,4.17%,3.29%,4.99%,,
2026-07-22 11:00:00,0.251 Mpa,,0.104 Mpa,0.304 Mpa,0.0901 Mpa,0.196 Mpa,0.577 Mpa,,,9.61%,,1.96%,4.99%,3.66%,3.05%,13.4%,,
2026-07-22 13:00:00,0.0000684 Mpa,,0.241 Mpa,0.810 Mpa,0.120 Mpa,0.623 Mpa,0.249 Mpa,,,0.0245%,,6.36%,18.9%,5.04%,13.2%,4.45%,,
2026-07-22 15:00:00,0.180 Mpa,,0.247 Mpa,0.368 Mpa,0.0394 Mpa,0.932 Mpa,0.344 Mpa,,,5.47%,,6.42%,6.47%,2.21%,20.7%,6.53%,,
2026-07-22 17:00:00,0.148 Mpa,,0.426 Mpa,0.225 Mpa,0.328 Mpa,0.200 Mpa,0.240 Mpa,,0.135 Mpa,5.26%,,11.2%,30.5%,9.83%,2.00%,3.93%,,2.89%
2026-07-22 19:00:00,0.186 Mpa,,0.168 Mpa,0.335 Mpa,0.184 Mpa,1.01 Mpa,0.269 Mpa,,0.160 Mpa,5.31%,,4.47%,16.9%,5.31%,29.7%,4.99%,,4.17%
2026-07-22 21:00:00,0.120 Mpa,,0.125 Mpa,0.267 Mpa,0.360 Mpa,2.04 Mpa,0.203 Mpa,,0.473 Mpa,4.92%,,2.80%,10.7%,10.0%,49.9%,4.88%,,11.7%
2026-07-22 23:00:00,0.156 Mpa,,0.437 Mpa,0.373 Mpa,0.135 Mpa,1.38 Mpa,0.202 Mpa,,0.223 Mpa,4.91%,,13.2%,5.60%,3.72%,36.0%,1.41%,,3.40%
2026-07-23 01:00:00,0.570 Mpa,,0.226 Mpa,0.334 Mpa,0.0423 Mpa,1.56 Mpa,0.201 Mpa,,0.259 Mpa,16.3%,,5.16%,4.64%,20.7%,37.7%,2.29%,,6.38%
2026-07-23 03:00:00,0.336 Mpa,,0.203 Mpa,0.193 Mpa,0.0541 Mpa,0.341 Mpa,0.293 Mpa,,0.514 Mpa,31.9%,,4.85%,1.03%,6.07%,7.91%,8.05%,,11.9%
2026-07-23 05:00:00,0.190 Mpa,,0.322 Mpa,0.250 Mpa,0.0589 Mpa,0.168 Mpa,,,0.409 Mpa,4.89%,,8.26%,2.65%,2.49%,3.88%,,,9.09%
2026-07-23 07:00:00,0.160 Mpa,,0.557 Mpa,0.268 Mpa,0.937 Mpa,,,,0.343 Mpa,5.76%,,15.6%,2.95%,26.1%,,,,6.62%
2026-07-23 09:00:00,0.139 Mpa,,1.24 Mpa,0.238 Mpa,0.483 Mpa,0.168 Mpa,0.000605 Mpa,,0.414 Mpa,5.18%,,34.3%,2.13%,14.6%,3.93%,2.66%,,8.64%
2026-07-23 11:00:00,0.0462 Mpa,,0.121 Mpa,0.388 Mpa,0.346 Mpa,0.252 Mpa,0.283 Mpa,,0.175 Mpa,4.41%,,3.85%,6.65%,11.0%,4.98%,5.97%,,2.96%
2026-07-23 13:00:00,0.778 Mpa,,0.711 Mpa,0.355 Mpa,0.0369 Mpa,,,,0.242 Mpa,22.3%,,20.0%,6.03%,2.90%,,,,5.09%
2026-07-23 15:00:00,1.09 Mpa,,0.174 Mpa,0.288 Mpa,0.233 Mpa,0.152 Mpa,,,0.489 Mpa,27.1%,,3.37%,3.83%,7.63%,4.46%,,,11.5%
2026-07-23 17:00:00,0.655 Mpa,,0.157 Mpa,0.205 Mpa,0.236 Mpa,,,,,16.5%,,3.80%,1.58%,6.97%,,,,
2026-07-23 19:00:00,0.170 Mpa,,0.401 Mpa,0.484 Mpa,0.279 Mpa,,,,0.0565 Mpa,3.62%,,24.3%,9.03%,8.28%,,,,3.20%
2026-07-23 21:00:00,0.900 Mpa,,0.446 Mpa,0.268 Mpa,0.302 Mpa,,,,0.180 Mpa,23.4%,,11.7%,2.05%,8.85%,,,,5.92%
2026-07-23 23:00:00,0.680 Mpa,,0.463 Mpa,0.320 Mpa,0.116 Mpa,0.244 Mpa,,,0.155 Mpa,18.9%,,12.9%,3.56%,3.75%,5.83%,,,2.90%
2026-07-24 01:00:00,0.215 Mpa,,0.248 Mpa,0.220 Mpa,0.0375 Mpa,,,,0.244 Mpa,6.20%,,9.36%,1.02%,1.12%,,,,4.06%
2026-07-24 03:00:00,0.111 Mpa,,0.277 Mpa,0.329 Mpa,0.186 Mpa,0.490 Mpa,,,0.233 Mpa,5.78%,,7.71%,4.55%,4.84%,10.2%,,,4.64%
2026-07-24 05:00:00,0.286 Mpa,,0.192 Mpa,,0.302 Mpa,,,,0.263 Mpa,7.79%,,3.64%,,9.93%,,,,5.36%
2026-07-24 07:00:00,0.357 Mpa,,0.423 Mpa,0.140 Mpa,0.457 Mpa,,,,0.516 Mpa,10.3%,,10.8%,1.61%,13.9%,,,,11.4%
2026-07-24 09:00:00,0.355 Mpa,,0.146 Mpa,0.205 Mpa,0.118 Mpa,0.207 Mpa,0 Mpa,,0.163 Mpa,10.8%,,4.53%,1.37%,3.82%,2.36%,0.305%,,2.62%
2026-07-24 11:00:00,0.383 Mpa,,0.226 Mpa,0.165 Mpa,0.489 Mpa,,0.0789 Mpa,,0.152 Mpa,11.5%,,6.52%,0.778%,14.6%,,1.04%,,6.02%
2026-07-24 13:00:00,0.0823 Mpa,,0.731 Mpa,0.295 Mpa,0.364 Mpa,,1.13 Mpa,,0.191 Mpa,1.70%,,19.6%,29.5%,12.0%,,29.7%,,2.75%
2026-07-24 15:00:00,1.15 Mpa,,0.232 Mpa,0.177 Mpa,0.437 Mpa,,0.908 Mpa,,0.278 Mpa,31.3%,,6.30%,41.6%,12.9%,,21.8%,,4.46%
2026-07-24 17:00:00,0.0826 Mpa,,0.296 Mpa,0.217 Mpa,0.479 Mpa,,1.04 Mpa,,0.223 Mpa,6.35%,,7.29%,0.987%,14.2%,,27.9%,,3.90%
2026-07-24 19:00:00,0.104 Mpa,,0.259 Mpa,0.496 Mpa,1.000 Mpa,,1.36 Mpa,,0.323 Mpa,4.29%,,5.50%,8.87%,29.1%,,57.6%,,6.36%
2026-07-24 21:00:00,0.281 Mpa,,0.196 Mpa,0.239 Mpa,0.347 Mpa,,0.445 Mpa,,0.469 Mpa,8.92%,,2.97%,1.58%,9.31%,,15.1%,,10.0%
2026-07-24 23:00:00,0.134 Mpa,,0.175 Mpa,0.292 Mpa,0.162 Mpa,,0.379 Mpa,,0.236 Mpa,3.46%,,3.60%,3.30%,4.79%,,6.83%,,4.64%
2026-07-25 01:00:00,0.424 Mpa,,0.109 Mpa,0.262 Mpa,0.0722 Mpa,,0.343 Mpa,,0.149 Mpa,11.5%,,6.25%,2.49%,1.99%,,5.61%,,3.84%
2026-07-25 03:00:00,0.221 Mpa,,0.280 Mpa,0.474 Mpa,0.144 Mpa,,0.516 Mpa,,0.241 Mpa,5.76%,,5.57%,8.17%,4.16%,,31.9%,,4.75%
2026-07-25 05:00:00,0.320 Mpa,,0.226 Mpa,0.427 Mpa,0.127 Mpa,,0.211 Mpa,,0.238 Mpa,7.70%,,4.72%,6.56%,3.17%,,4.68%,,5.26%
2026-07-25 07:00:00,0.0855 Mpa,,0.560 Mpa,0.344 Mpa,0.260 Mpa,,0.207 Mpa,,0.191 Mpa,2.03%,,14.6%,4.74%,7.49%,,2.36%,,3.26%
2026-07-25 09:00:00,0.216 Mpa,0.00960 Mpa,0.572 Mpa,0.476 Mpa,0.317 Mpa,,0.414 Mpa,,0.206 Mpa,6.95%,5.44%,14.7%,8.47%,10.5%,,8.17%,,4.05%
2026-07-25 11:00:00,0.0696 Mpa,,0.166 Mpa,0.541 Mpa,0.131 Mpa,,0.344 Mpa,,0.517 Mpa,5.57%,,4.85%,10.2%,3.82%,,7.10%,,11.0%
2026-07-25 13:00:00,0.110 Mpa,,0.297 Mpa,,0.251 Mpa,,0.448 Mpa,,0.235 Mpa,4.99%,,7.30%,,6.95%,,10.6%,,4.71%
2026-07-25 15:00:00,0.144 Mpa,,0.157 Mpa,0.271 Mpa,0.417 Mpa,,0.173 Mpa,,0.197 Mpa,5.11%,,3.63%,3.11%,13.5%,,5.84%,,3.32%
2026-07-25 17:00:00,0.104 Mpa,,0.539 Mpa,0.325 Mpa,0.172 Mpa,,0.214 Mpa,,0.210 Mpa,4.37%,,14.5%,4.88%,6.34%,,2.82%,,4.11%
2026-07-25 19:00:00,0.130 Mpa,,0.197 Mpa,0.388 Mpa,0.473 Mpa,,0.570 Mpa,,0.263 Mpa,5.06%,,4.43%,6.18%,13.9%,,12.4%,,5.18%
2026-07-25 21:00:00,0.125 Mpa,,0.160 Mpa,0.426 Mpa,0.169 Mpa,,0.218 Mpa,,0.181 Mpa,4.55%,,2.96%,7.28%,6.65%,,1.60%,,2.68%
2026-07-25 23:00:00,0.0730 Mpa,,0.154 Mpa,0.309 Mpa,0.429 Mpa,,0.446 Mpa,,0.161 Mpa,3.04%,,2.97%,3.66%,12.7%,,8.93%,,2.22%
2026-07-26 01:00:00,0.152 Mpa,,0.148 Mpa,0.478 Mpa,0.181 Mpa,,0.219 Mpa,,0.603 Mpa,6.77%,,3.79%,8.41%,6.91%,,1.66%,,14.4%
2026-07-26 03:00:00,0.123 Mpa,,0.155 Mpa,0.286 Mpa,0.769 Mpa,,0.352 Mpa,,0.221 Mpa,5.57%,,4.31%,3.19%,22.0%,,5.72%,,5.44%
2026-07-26 05:00:00,0.214 Mpa,,0.126 Mpa,0.270 Mpa,0.132 Mpa,,0.373 Mpa,,0.450 Mpa,6.06%,,2.78%,2.83%,5.82%,,7.68%,,10.8%
2026-07-26 07:00:00,0.0849 Mpa,,0.430 Mpa,0.251 Mpa,0.201 Mpa,,0.556 Mpa,,0.339 Mpa,5.53%,,11.2%,1.98%,6.74%,,13.1%,,7.29%
2026-07-26 09:00:00,0.0400 Mpa,,0.428 Mpa,0.283 Mpa,0.152 Mpa,,0.448 Mpa,,0.211 Mpa,7.06%,,10.9%,3.54%,6.15%,,8.38%,,4.55%
2026-07-26 11:00:00,0.0491 Mpa,,0.638 Mpa,0.397 Mpa,0.377 Mpa,,0.841 Mpa,,0.294 Mpa,1.11%,,16.5%,6.29%,12.3%,,21.1%,,6.34%
2026-07-26 13:00:00,0.252 Mpa,,0.113 Mpa,0.341 Mpa,0.0835 Mpa,,0.331 Mpa,,0.219 Mpa,6.02%,,2.35%,5.29%,2.09%,,5.47%,,3.90%
2026-07-26 15:00:00,1.02 Mpa,,0.751 Mpa,0.381 Mpa,0.357 Mpa,,0.641 Mpa,,0.307 Mpa,27.0%,,21.4%,5.58%,10.4%,,16.1%,,5.87%
2026-07-26 17:00:00,0.195 Mpa,,0.224 Mpa,0.327 Mpa,0.271 Mpa,,0.262 Mpa,,0.493 Mpa,6.51%,,4.08%,4.61%,9.81%,,4.09%,,10.5%
2026-07-26 19:00:00,0.539 Mpa,,0.601 Mpa,0.273 Mpa,0.427 Mpa,,0.297 Mpa,,0.266 Mpa,13.9%,,15.0%,2.78%,14.4%,,6.23%,,3.90%
2026-07-26 21:00:00,1.19 Mpa,,0.232 Mpa,0.237 Mpa,0.144 Mpa,,0.280 Mpa,,0.404 Mpa,31.2%,,4.23%,2.01%,3.81%,,5.67%,,8.84%
2026-07-26 23:00:00,0.169 Mpa,,0.206 Mpa,0.235 Mpa,0.161 Mpa,,0.192 Mpa,,0.648 Mpa,5.55%,,4.50%,1.85%,4.74%,,2.81%,,14.5%
2026-07-27 01:00:00,0.206 Mpa,,,0.369 Mpa,,,0.531 Mpa,,0.589 Mpa,5.41%,,,5.31%,,,10.8%,,14.2%
2026-07-27 03:00:00,0.607 Mpa,,0.223 Mpa,0.308 Mpa,,,0.339 Mpa,,0.250 Mpa,15.4%,,3.98%,3.46%,,,5.32%,,6.81%
2026-07-27 05:00:00,0.440 Mpa,,0.134 Mpa,0.315 Mpa,0.0240 Mpa,,0.526 Mpa,,0.560 Mpa,12.4%,,1.85%,3.81%,0.0331%,,11.0%,,13.5%
2026-07-27 07:00:00,0.313 Mpa,,0.343 Mpa,0.224 Mpa,0.845 Mpa,,0.222 Mpa,,0.271 Mpa,11.9%,,7.60%,1.36%,23.1%,,1.85%,,6.16%
2026-07-27 09:00:00,0.0897 Mpa,,0.332 Mpa,0.314 Mpa,0.105 Mpa,,0.373 Mpa,,0.239 Mpa,6.62%,,8.06%,4.11%,4.68%,,6.95%,,6.03%
2026-07-27 11:00:00,0.157 Mpa,,0.209 Mpa,0.240 Mpa,1.09 Mpa,,0.377 Mpa,,0.150 Mpa,5.99%,,4.48%,1.58%,32.6%,,6.32%,,3.79%
2026-07-27 13:00:00,0.199 Mpa,,0.265 Mpa,0.307 Mpa,0.115 Mpa,,0.897 Mpa,,0.173 Mpa,5.83%,,6.58%,4.83%,3.58%,,23.0%,,4.40%
2026-07-27 15:00:00,0 Mpa,,0.169 Mpa,0.221 Mpa,0.134 Mpa,,0.583 Mpa,,0.167 Mpa,0.0310%,,3.34%,1.20%,4.81%,,13.3%,,3.83%
2026-07-27 17:00:00,0 Mpa,,0.182 Mpa,0.297 Mpa,0.105 Mpa,,0.113 Mpa,,0.277 Mpa,0.171%,,3.85%,3.80%,14.5%,,1.34%,,7.38%
2026-07-27 19:00:00,,,0.231 Mpa,0.220 Mpa,0.0913 Mpa,,0.315 Mpa,,0.179 Mpa,,,4.63%,1.61%,3.95%,,5.54%,,3.91%
2026-07-27 21:00:00,,,0.437 Mpa,0.276 Mpa,0.0437 Mpa,,0.245 Mpa,,0.520 Mpa,,,10.5%,3.15%,1.71%,,3.36%,,13.0%
2026-07-27 23:00:00,0.270 Mpa,,1.83 Mpa,0.284 Mpa,0.200 Mpa,,0.167 Mpa,,0.301 Mpa,6.70%,,49.3%,3.19%,6.14%,,1.06%,,6.45%
2026-07-28 01:00:00,0.419 Mpa,,1.29 Mpa,0.246 Mpa,0.389 Mpa,,0.181 Mpa,,0.261 Mpa,11.3%,,35.8%,2.18%,10.9%,,1.08%,,6.57%
2026-07-28 03:00:00,0.400 Mpa,,0.113 Mpa,0.301 Mpa,0.0663 Mpa,,0.527 Mpa,,0.323 Mpa,11.1%,,2.83%,3.87%,7.08%,,11.4%,,8.65%
2026-07-28 05:00:00,0.185 Mpa,,,0.333 Mpa,0.152 Mpa,,0.269 Mpa,,0.231 Mpa,4.84%,,,4.74%,4.38%,,4.34%,,4.83%
2026-07-28 07:00:00,0.0701 Mpa,,,0.320 Mpa,0.147 Mpa,,0.275 Mpa,,0.558 Mpa,2.77%,,,3.90%,5.02%,,3.93%,,14.7%
2026-07-28 09:00:00,0.626 Mpa,,,0.249 Mpa,0.0890 Mpa,,0.331 Mpa,,0.449 Mpa,15.9%,,,2.59%,4.07%,,4.71%,,12.5%
2026-07-28 11:00:00,0.231 Mpa,,0 Mpa,0.291 Mpa,0.0284 Mpa,,0.223 Mpa,,0.226 Mpa,8.79%,,1.60%,3.23%,2.18%,,1.67%,,5.41%
2026-07-28 13:00:00,0.136 Mpa,,,0.220 Mpa,0.282 Mpa,,0.291 Mpa,,0.221 Mpa,4.28%,,,1.46%,9.58%,,3.02%,,5.64%
2026-07-28 15:00:00,0.141 Mpa,,,0.271 Mpa,0.115 Mpa,,0.294 Mpa,,0.141 Mpa,5.91%,,,3.19%,4.72%,,3.56%,,3.61%
2026-07-28 17:00:00,0.0999 Mpa,,,0.279 Mpa,0.0838 Mpa,,0.188 Mpa,,0.202 Mpa,5.78%,,,3.23%,4.00%,,1.62%,,4.84%
2026-07-28 19:00:00,0.116 Mpa,,,0.233 Mpa,0.241 Mpa,,1.25 Mpa,,0.193 Mpa,4.45%,,,4.67%,7.01%,,32.9%,,4.27%
2026-07-28 21:00:00,0.0907 Mpa,,,0.211 Mpa,0.309 Mpa,,0.334 Mpa,,0.226 Mpa,6.18%,,,1.04%,9.92%,,5.05%,,6.29%
2026-07-28 23:00:00,0.0680 Mpa,,,0.433 Mpa,0.570 Mpa,,0.349 Mpa,,0.307 Mpa,4.31%,,,7.57%,19.9%,,6.08%,,7.55%
2026-07-29 01:00:00,0.0567 Mpa,,,0.244 Mpa,0.124 Mpa,,0.258 Mpa,,0.404 Mpa,3.95%,,,1.95%,5.54%,,3.90%,,10.7%
2026-07-29 03:00:00,0.205 Mpa,,,0.269 Mpa,0.599 Mpa,,0.236 Mpa,,0.485 Mpa,6.77%,,,2.94%,17.7%,,2.35%,,12.0%
2026-07-29 05:00:00,0.470 Mpa,,,0.234 Mpa,0.393 Mpa,,0.174 Mpa,,0.341 Mpa,14.5%,,,16.9%,11.7%,,1.26%,,8.84%
2026-07-29 07:00:00,0.117 Mpa,,,0.349 Mpa,0.206 Mpa,,0.189 Mpa,,0.567 Mpa,5.34%,,,13.2%,6.17%,,3.98%,,13.5%
2026-07-29 09:00:00,0.0949 Mpa,,,0.413 Mpa,0.178 Mpa,,0.289 Mpa,,0.448 Mpa,3.35%,,,7.13%,5.88%,,4.31%,,10.8%
2026-07-29 11:00:00,0.533 Mpa,,,0.329 Mpa,0.115 Mpa,,0.461 Mpa,,0.693 Mpa,15.3%,,,4.90%,3.57%,,8.98%,,17.1%
2026-07-29 13:00:00,0.156 Mpa,,0.00500 Mpa,0.285 Mpa,0.0740 Mpa,,0.276 Mpa,,0.312 Mpa,5.88%,,2.36%,3.61%,2.39%,,3.95%,,7.23%
2026-07-29 15:00:00,0.231 Mpa,0 Mpa,0.0117 Mpa,0.510 Mpa,0.0639 Mpa,,0.302 Mpa,,0.238 Mpa,7.42%,7.18%,0.770%,9.73%,3.31%,,5.03%,,8.15%
2026-07-29 17:00:00,0.123 Mpa,0.536 Mpa,0.00205 Mpa,0.526 Mpa,0.111 Mpa,,0.149 Mpa,,0.196 Mpa,5.28%,19.6%,0.694%,10.6%,5.97%,,1.32%,,5.80%
2026-07-29 19:00:00,0.0524 Mpa,,0.0867 Mpa,0.261 Mpa,0.301 Mpa,,0.220 Mpa,,0.181 Mpa,2.91%,,2.17%,3.06%,9.27%,,2.30%,,5.31%
2026-07-29 21:00:00,0.123 Mpa,,0.00871 Mpa,0.295 Mpa,0.392 Mpa,,0.246 Mpa,,0.275 Mpa,4.19%,,1.56%,3.73%,12.7%,,3.15%,,8.14%
2026-07-29 23:00:00,0.0269 Mpa,,0.501 Mpa,0.224 Mpa,0.127 Mpa,,0.239 Mpa,,0.487 Mpa,0.722%,,15.1%,1.75%,3.96%,,2.24%,,12.4%
2026-07-30 01:00:00,0.0842 Mpa,,0.0925 Mpa,0.347 Mpa,0.468 Mpa,,0.334 Mpa,,1.86 Mpa,2.86%,,3.44%,5.05%,13.8%,,6.90%,,49.3%
2026-07-30 03:00:00,0.124 Mpa,,0.115 Mpa,0.200 Mpa,0.0837 Mpa,,0.382 Mpa,,0.437 Mpa,3.09%,,4.07%,0.586%,4.10%,,6.98%,,12.8%
2026-07-30 05:00:00,0.363 Mpa,,0.116 Mpa,0.295 Mpa,0.110 Mpa,,0.152 Mpa,,0.119 Mpa,10.8%,,4.10%,3.69%,3.46%,,0.737%,,5.58%
2026-07-30 07:00:00,0.0480 Mpa,,0.261 Mpa,0.442 Mpa,0.0375 Mpa,,0.210 Mpa,,0.444 Mpa,2.00%,,7.51%,8.07%,2.40%,,1.26%,,12.1%
2026-07-30 09:00:00,0.439 Mpa,0.224 Mpa,0.712 Mpa,0.403 Mpa,0.103 Mpa,,0.203 Mpa,,0.358 Mpa,11.9%,5.92%,20.4%,7.93%,4.07%,,1.66%,,12.3%
2026-07-30 11:00:00,0.213 Mpa,,0.727 Mpa,0.193 Mpa,0.0466 Mpa,,0.541 Mpa,,0.605 Mpa,5.97%,,20.8%,2.32%,2.18%,,12.2%,,14.5%
2026-07-30 13:00:00,0.257 Mpa,2.05 Mpa,0.0474 Mpa,0.149 Mpa,0.346 Mpa,,0.610 Mpa,,0.361 Mpa,8.11%,61.6%,1.55%,1.43%,11.1%,,14.3%,,7.92%
2026-07-30 15:00:00,0.0716 Mpa,1.79 Mpa,0.0562 Mpa,0.174 Mpa,0.235 Mpa,,0.654 Mpa,,0.183 Mpa,4.98%,53.8%,2.32%,1.99%,7.18%,,14.7%,,2.91%
2026-07-30 17:00:00,0.209 Mpa,0.211 Mpa,0.0352 Mpa,0.265 Mpa,0.0439 Mpa,,0.157 Mpa,,0.136 Mpa,4.75%,15.2%,1.07%,4.30%,1.95%,,1.66%,,2.51%
2026-07-30 19:00:00,0.238 Mpa,0.105 Mpa,0.0565 Mpa,0.208 Mpa,0.177 Mpa,,0.142 Mpa,,0.210 Mpa,6.46%,7.24%,1.57%,2.83%,5.23%,,0.688%,,4.38%
2026-07-30 21:00:00,0.207 Mpa,0.228 Mpa,0.439 Mpa,0.368 Mpa,0.114 Mpa,,0.209 Mpa,,0.442 Mpa,5.61%,9.39%,12.4%,6.80%,3.60%,,1.69%,,9.26%
2026-07-30 23:00:00,0.618 Mpa,0.00224 Mpa,0.0871 Mpa,0.151 Mpa,0.0909 Mpa,,0.295 Mpa,,0.714 Mpa,15.6%,5.46%,3.83%,40.7%,34.5%,,22.2%,,16.9%
2026-07-31 01:00:00,0.457 Mpa,0.233 Mpa,0.0227 Mpa,0.264 Mpa,0.0729 Mpa,,0.0817 Mpa,,0.265 Mpa,12.3%,6.60%,3.88%,4.14%,2.63%,,1.18%,,5.90%
2026-07-31 03:00:00,1.13 Mpa,0.238 Mpa,0.0572 Mpa,0.393 Mpa,0.183 Mpa,,0.133 Mpa,,0.375 Mpa,30.8%,9.62%,5.00%,7.50%,4.80%,,2.79%,,7.65%
2026-07-31 05:00:00,0.163 Mpa,0.118 Mpa,0.397 Mpa,0.143 Mpa,0.130 Mpa,,0.287 Mpa,,0.407 Mpa,5.92%,4.51%,10.4%,1.31%,3.47%,,5.07%,,8.95%
2026-07-31 07:00:00,0.748 Mpa,0.0970 Mpa,0.705 Mpa,0.224 Mpa,0.177 Mpa,,0.429 Mpa,,0.277 Mpa,24.1%,2.91%,19.5%,3.06%,4.59%,,8.07%,,5.62%
2026-07-31 09:00:00,0.174 Mpa,0 Mpa,0.619 Mpa,0.134 Mpa,0.0218 Mpa,,0.339 Mpa,,0.302 Mpa,7.39%,2.76%,17.0%,1.60%,1.39%,,6.72%,,6.34%
2026-07-31 11:00:00,0.00720 Mpa,0.342 Mpa,0.219 Mpa,1.65 Mpa,0.109 Mpa,,0.386 Mpa,,0.281 Mpa,0.118%,13.9%,5.97%,41.1%,2.96%,,8.49%,,5.89%
2026-07-31 13:00:00,0.00120 Mpa,0.598 Mpa,0.320 Mpa,0.358 Mpa,0.579 Mpa,,0.812 Mpa,,0.176 Mpa,0.0850%,18.1%,9.19%,7.59%,18.5%,,20.1%,,3.11%
2026-07-31 15:00:00,,0.130 Mpa,0.332 Mpa,0.774 Mpa,0.424 Mpa,,0.548 Mpa,,0.841 Mpa,,4.20%,9.37%,18.0%,13.4%,,12.3%,,20.3%
2026-07-31 17:00:00,,0.0454 Mpa,0.207 Mpa,0.417 Mpa,0.180 Mpa,,0.203 Mpa,,0.231 Mpa,,4.95%,5.27%,8.17%,7.38%,,11.0%,,5.09%
2026-07-31 19:00:00,,0.478 Mpa,0.683 Mpa,0.266 Mpa,0.160 Mpa,,0.452 Mpa,,0.383 Mpa,,25.8%,19.0%,3.77%,5.09%,,9.60%,,9.19%
2026-07-31 21:00:00,,0.381 Mpa,0.237 Mpa,0.274 Mpa,0.0715 Mpa,,0.390 Mpa,,0.193 Mpa,,14.2%,7.38%,4.14%,2.81%,,17.9%,,4.92%
2026-07-31 23:00:00,,0.110 Mpa,0.617 Mpa,0.494 Mpa,0.115 Mpa,,0.117 Mpa,,0.132 Mpa,,7.30%,17.3%,25.5%,10.4%,,12.2%,,3.62%
2026-08-01 01:00:00,,0.345 Mpa,0.555 Mpa,0.328 Mpa,0.0260 Mpa,,0.219 Mpa,,0.291 Mpa,,12.3%,15.1%,5.37%,49.3%,,10.9%,,7.77%
2026-08-01 03:00:00,,0.802 Mpa,0.0470 Mpa,0.278 Mpa,0.130 Mpa,,0.167 Mpa,,0.426 Mpa,,25.5%,3.13%,25.3%,11.7%,,16.4%,,10.2%
2026-08-01 05:00:00,,1.38 Mpa,0.257 Mpa,0.238 Mpa,0.192 Mpa,,0.200 Mpa,,0.219 Mpa,,38.0%,6.94%,3.20%,24.2%,,7.93%,,4.99%
2026-08-01 07:00:00,,0.369 Mpa,1.32 Mpa,0.287 Mpa,0.000393 Mpa,,0.386 Mpa,,0.136 Mpa,,16.1%,36.0%,4.47%,68.9%,,6.46%,,1.52%
2026-08-01 09:00:00,,0.0911 Mpa,1.34 Mpa,0.985 Mpa,0.748 Mpa,,0.530 Mpa,,0.297 Mpa,,6.58%,36.9%,24.0%,20.9%,,11.4%,,7.66%
2026-08-01 11:00:00,,0.210 Mpa,0.148 Mpa,0.318 Mpa,0.196 Mpa,,0.823 Mpa,,0.179 Mpa,,12.0%,5.25%,5.92%,6.02%,,20.8%,,4.37%
2026-08-01 13:00:00,,0.0288 Mpa,0.189 Mpa,0.664 Mpa,0.151 Mpa,,2.02 Mpa,,0.166 Mpa,,5.54%,6.30%,15.5%,5.90%,,55.8%,,5.67%
2026-08-01 15:00:00,,0.198 Mpa,0.0554 Mpa,0.887 Mpa,0.299 Mpa,,0.423 Mpa,,0.432 Mpa,,7.06%,1.47%,27.3%,11.9%,,7.76%,,15.5%
2026-08-01 17:00:00,,0.120 Mpa,0.135 Mpa,0.111 Mpa,0.148 Mpa,,0.347 Mpa,,0.503 Mpa,,4.83%,4.18%,0.916%,4.54%,,10.6%,,16.8%
2026-08-01 19:00:00,,0.0276 Mpa,0.137 Mpa,0.272 Mpa,0.153 Mpa,,0.172 Mpa,,0.220 Mpa,,1.31%,3.59%,4.33%,5.23%,,6.92%,,6.77%
2026-08-01 21:00:00,0.0305 Mpa,0.347 Mpa,0.103 Mpa,0.569 Mpa,0.140 Mpa,,0.327 Mpa,,0.204 Mpa,0.234%,13.3%,2.34%,11.7%,8.86%,,5.21%,,7.03%
2026-08-01 23:00:00,0.0289 Mpa,0.495 Mpa,0.0546 Mpa,0.290 Mpa,0.214 Mpa,,0.306 Mpa,,0.176 Mpa,0.0495%,16.2%,2.18%,4.34%,7.00%,,5.43%,,9.07%
2026-08-02 01:00:00,0.265 Mpa,0.298 Mpa,0.0908 Mpa,0.892 Mpa,0.0977 Mpa,,0.236 Mpa,,0.166 Mpa,7.60%,11.8%,2.08%,21.1%,3.53%,,20.8%,,5.52%
2026-08-02 03:00:00,0.151 Mpa,0.973 Mpa,0.130 Mpa,0.125 Mpa,0.0805 Mpa,,0.258 Mpa,,0.206 Mpa,6.47%,29.4%,3.80%,0.414%,3.45%,,3.51%,,6.47%
2026-08-02 05:00:00,0.0986 Mpa,0.141 Mpa,0.168 Mpa,0.326 Mpa,0.140 Mpa,,0.247 Mpa,,0.334 Mpa,3.39%,6.55%,4.04%,5.57%,5.98%,,5.19%,,9.35%
2026-08-02 07:00:00,0.0766 Mpa,0.102 Mpa,0.462 Mpa,0.318 Mpa,1.29 Mpa,,0.364 Mpa,,0.247 Mpa,1.58%,5.68%,13.1%,5.69%,51.3%,,6.65%,,6.51%
2026-08-02 09:00:00,0.115 Mpa,0.0953 Mpa,0.142 Mpa,0.324 Mpa,0.839 Mpa,,0.506 Mpa,,0.222 Mpa,3.08%,5.98%,4.61%,9.14%,34.7%,,11.3%,,5.49%
2026-08-02 11:00:00,0.549 Mpa,0.0919 Mpa,0.125 Mpa,0.259 Mpa,0.533 Mpa,,1.33 Mpa,,0.469 Mpa,15.5%,8.42%,3.81%,3.51%,17.7%,,35.2%,,12.4%
2026-08-02 13:00:00,0.437 Mpa,0.0915 Mpa,0.943 Mpa,0.311 Mpa,0.126 Mpa,,0.198 Mpa,,0.371 Mpa,13.9%,8.83%,25.9%,5.11%,4.42%,,1.95%,,9.35%
2026-08-02 15:00:00,0.581 Mpa,0.0949 Mpa,0.0666 Mpa,0.614 Mpa,0.0681 Mpa,,1.07 Mpa,,0.356 Mpa,16.5%,6.21%,2.19%,12.6%,4.97%,,29.9%,,8.76%
2026-08-02 17:00:00,0.0993 Mpa,0.129 Mpa,0.0762 Mpa,0.342 Mpa,0.120 Mpa,,0.188 Mpa,,0.406 Mpa,3.96%,7.11%,1.63%,4.99%,4.39%,,2.88%,,10.5%
2026-08-02 19:00:00,0.0376 Mpa,0.0606 Mpa,0.502 Mpa,0.232 Mpa,0.0975 Mpa,,0.342 Mpa,,0.160 Mpa,0.261%,5.39%,13.8%,1.69%,23.4%,,5.94%,,4.00%
2026-08-02 21:00:00,0.280 Mpa,0.152 Mpa,0.0994 Mpa,0.549 Mpa,0.139 Mpa,,0.307 Mpa,,0.175 Mpa,8.43%,5.55%,2.25%,10.6%,4.95%,,6.36%,,4.88%
2026-08-02 23:00:00,1.32 Mpa,0.258 Mpa,0.0762 Mpa,0.488 Mpa,0.0592 Mpa,0.0716 Mpa,0.227 Mpa,,0.159 Mpa,35.7%,10.2%,2.30%,9.83%,2.01%,0.0530%,3.01%,,7.26%
2026-08-03 01:00:00,0.405 Mpa,0.0718 Mpa,0.157 Mpa,0.275 Mpa,0.0101 Mpa,0.0844 Mpa,0.200 Mpa,,0.191 Mpa,11.3%,1.90%,4.20%,3.06%,3.16%,0.0193%,7.18%,,6.92%
2026-08-03 03:00:00,0.993 Mpa,0.853 Mpa,0.340 Mpa,0.162 Mpa,0.0266 Mpa,,0.0990 Mpa,,0.206 Mpa,26.2%,25.3%,9.33%,0.312%,4.16%,,44.2%,,7.89%
2026-08-03 05:00:00,0.839 Mpa,0.318 Mpa,0.0807 Mpa,0.337 Mpa,0.00209 Mpa,,0.256 Mpa,,0.188 Mpa,23.8%,12.7%,2.04%,4.81%,7.50%,,3.65%,,7.78%
2026-08-03 07:00:00,0.0849 Mpa,0.111 Mpa,0.106 Mpa,0.429 Mpa,0.00219 Mpa,0.0831 Mpa,0.406 Mpa,,0.252 Mpa,5.05%,5.67%,2.10%,7.72%,1.19%,0%,7.40%,,8.61%
2026-08-03 09:00:00,0.360 Mpa,0.222 Mpa,0.190 Mpa,0.391 Mpa,0.00347 Mpa,,0.157 Mpa,,0.702 Mpa,9.80%,12.7%,5.36%,6.80%,2.61%,,0.881%,,18.6%
2026-08-03 11:00:00,0.502 Mpa,0.138 Mpa,0.0988 Mpa,0.363 Mpa,0.972 Mpa,,0.716 Mpa,,0.229 Mpa,13.9%,7.35%,2.76%,5.99%,65.9%,,17.4%,,6.66%
2026-08-03 13:00:00,0.595 Mpa,0.0632 Mpa,0.221 Mpa,0.334 Mpa,0.00253 Mpa,0.0960 Mpa,0.241 Mpa,,0.229 Mpa,16.2%,7.01%,6.16%,5.28%,2.87%,0%,3.05%,,8.50%
2026-08-03 15:00:00,0.231 Mpa,1.02 Mpa,0.125 Mpa,0.321 Mpa,0.115 Mpa,0.190 Mpa,0.419 Mpa,,0.232 Mpa,8.52%,35.0%,3.05%,5.71%,3.69%,7.78%,9.17%,,8.61%
2026-08-03 17:00:00,0.129 Mpa,0.144 Mpa,0.109 Mpa,0.289 Mpa,0.138 Mpa,,0.302 Mpa,,0.293 Mpa,4.27%,7.12%,2.28%,4.59%,4.97%,,6.93%,,9.24%
2026-08-03 19:00:00,0.132 Mpa,0.428 Mpa,0.296 Mpa,0.191 Mpa,0.146 Mpa,,0.458 Mpa,,0.209 Mpa,4.26%,12.6%,7.65%,7.37%,4.33%,,10.7%,,6.68%
2026-08-03 21:00:00,0.0972 Mpa,0.435 Mpa,0.110 Mpa,0.163 Mpa,,0.407 Mpa,0.213 Mpa,,0.705 Mpa,3.88%,13.5%,3.52%,3.49%,,13.0%,2.75%,,18.7%
2026-08-03 23:00:00,0.200 Mpa,0.498 Mpa,0.0603 Mpa,0.353 Mpa,0.0580 Mpa,0.190 Mpa,0.284 Mpa,,0.160 Mpa,6.84%,14.8%,2.14%,6.13%,0.200%,5.18%,6.26%,,31.5%
2026-08-04 01:00:00,0.0935 Mpa,0.774 Mpa,0.0774 Mpa,0.272 Mpa,,0.0968 Mpa,0.187 Mpa,,0.181 Mpa,5.08%,22.9%,7.22%,3.42%,,2.25%,3.55%,,5.48%
2026-08-04 03:00:00,0.201 Mpa,0.164 Mpa,0.0462 Mpa,0.328 Mpa,,0.0920 Mpa,0.291 Mpa,,0.153 Mpa,6.73%,13.0%,5.51%,5.23%,,0.133%,7.23%,,5.29%
2026-08-04 05:00:00,1.22 Mpa,0.775 Mpa,0.207 Mpa,0.393 Mpa,0.0146 Mpa,,0.207 Mpa,,0.161 Mpa,32.9%,26.6%,6.08%,8.27%,13.6%,,2.48%,,6.25%
2026-08-04 07:00:00,0.493 Mpa,0.328 Mpa,0.197 Mpa,0.272 Mpa,0.319 Mpa,0.0893 Mpa,0.332 Mpa,,0.172 Mpa,14.0%,13.8%,7.89%,3.60%,13.1%,0%,6.26%,,5.26%
2026-08-04 09:00:00,0.508 Mpa,0.365 Mpa,0.194 Mpa,0.532 Mpa,0.0576 Mpa,0.0703 Mpa,0.309 Mpa,,0.209 Mpa,14.6%,17.8%,5.92%,10.7%,4.47%,9.01%,5.94%,,7.47%
2026-08-04 11:00:00,0.239 Mpa,0.222 Mpa,0.183 Mpa,0.515 Mpa,0.133 Mpa,,0.275 Mpa,,0.153 Mpa,7.67%,9.12%,5.45%,10.3%,5.37%,,3.69%,,6.07%
2026-08-04 13:00:00,0.220 Mpa,0.182 Mpa,0.0788 Mpa,0.201 Mpa,0.109 Mpa,,0.345 Mpa,,0.199 Mpa,8.17%,6.27%,2.84%,1.99%,2.86%,,6.15%,,6.76%
2026-08-04 15:00:00,0.451 Mpa,0.115 Mpa,0.384 Mpa,0.329 Mpa,0.239 Mpa,,0.486 Mpa,,0.154 Mpa,14.4%,4.94%,10.9%,5.18%,7.13%,,11.9%,,4.68%
2026-08-04 17:00:00,0.259 Mpa,0.404 Mpa,0.211 Mpa,0.257 Mpa,,,0.344 Mpa,,0.252 Mpa,11.1%,12.0%,5.92%,3.39%,,,7.85%,,7.35%
2026-08-04 19:00:00,1.68 Mpa,0.351 Mpa,0.268 Mpa,0.302 Mpa,1.84 Mpa,,0.159 Mpa,,0.530 Mpa,44.8%,12.9%,7.17%,4.52%,54.7%,,1.54%,,13.2%
2026-08-04 21:00:00,0.319 Mpa,0.163 Mpa,0.223 Mpa,0.288 Mpa,0.0647 Mpa,0.0717 Mpa,0.273 Mpa,,0.188 Mpa,8.54%,11.6%,6.19%,4.41%,3.70%,4.88%,3.88%,,5.04%
2026-08-04 23:00:00,0.235 Mpa,0.598 Mpa,0.177 Mpa,0.402 Mpa,0.157 Mpa,,0.127 Mpa,,0.246 Mpa,8.11%,20.0%,4.92%,6.94%,5.80%,,4.10%,,6.25%
2026-08-05 01:00:00,0.174 Mpa,0.164 Mpa,0.0965 Mpa,0.356 Mpa,0.0448 Mpa,,0.266 Mpa,,0.443 Mpa,5.08%,7.44%,3.04%,5.38%,2.10%,,3.68%,,12.7%
2026-08-05 03:00:00,0.676 Mpa,0.0785 Mpa,0.379 Mpa,0.278 Mpa,0.126 Mpa,,0.588 Mpa,,0.219 Mpa,19.5%,6.05%,10.5%,3.68%,4.80%,,14.3%,,5.28%
2026-08-05 05:00:00,0.0919 Mpa,0.00124 Mpa,0.209 Mpa,0.321 Mpa,0.178 Mpa,,0.411 Mpa,,1.18 Mpa,2.81%,15.1%,6.15%,5.78%,5.57%,,8.75%,,31.2%
2026-08-05 07:00:00,0.0983 Mpa,0.105 Mpa,0.0623 Mpa,0.366 Mpa,0.352 Mpa,,0.254 Mpa,,2.72 Mpa,2.25%,4.81%,1.74%,5.85%,11.1%,,2.45%,,67.4%
2026-08-05 09:00:00,0 Mpa,0.235 Mpa,0.0549 Mpa,0.218 Mpa,0.0944 Mpa,0.0741 Mpa,0.262 Mpa,,0.846 Mpa,0.00440%,8.22%,2.20%,2.33%,3.77%,1.20%,2.71%,,21.3%
2026-08-05 11:00:00,0.0765 Mpa,0.0495 Mpa,0.282 Mpa,0.229 Mpa,0.570 Mpa,0.0713 Mpa,0.353 Mpa,,0.407 Mpa,2.54%,11.1%,7.90%,3.11%,16.1%,1.27%,6.09%,,14.0%
2026-08-05 13:00:00,0.100 Mpa,0.119 Mpa,0.0762 Mpa,0.255 Mpa,0.204 Mpa,,0.241 Mpa,,0.259 Mpa,5.37%,10.8%,2.23%,3.26%,6.09%,,3.61%,,10.7%
2026-08-05 15:00:00,0.153 Mpa,0.121 Mpa,0.182 Mpa,0.285 Mpa,0.0810 Mpa,0.210 Mpa,0.925 Mpa,,0.332 Mpa,3.80%,9.24%,5.15%,4.57%,3.61%,6.10%,23.6%,,11.8%
2026-08-05 17:00:00,0.0835 Mpa,0.110 Mpa,0.231 Mpa,0.282 Mpa,0.440 Mpa,,0.219 Mpa,,0.311 Mpa,3.53%,9.22%,6.94%,4.09%,12.7%,,4.09%,,11.7%
2026-08-05 19:00:00,0.105 Mpa,0.138 Mpa,0.101 Mpa,0.280 Mpa,0.660 Mpa,,0.683 Mpa,,0.531 Mpa,6.31%,13.6%,2.51%,3.69%,19.1%,,16.7%,,17.6%
2026-08-05 21:00:00,0.131 Mpa,0.153 Mpa,0.239 Mpa,0.249 Mpa,0.394 Mpa,0.206 Mpa,0.265 Mpa,,0.467 Mpa,3.65%,10.1%,6.84%,2.95%,12.5%,6.63%,3.85%,,13.3%
2026-08-05 23:00:00,0.0826 Mpa,0.134 Mpa,0.203 Mpa,0.223 Mpa,0.103 Mpa,0.0926 Mpa,0.403 Mpa,,0.387 Mpa,2.88%,9.71%,4.86%,2.35%,4.09%,0.562%,8.13%,,12.7%
2026-08-06 01:00:00,0.297 Mpa,0.134 Mpa,0.341 Mpa,0.188 Mpa,0.0606 Mpa,0.526 Mpa,0.174 Mpa,,0.0620 Mpa,8.93%,8.78%,9.93%,1.68%,1.83%,12.1%,0.676%,,8.47%
2026-08-06 03:00:00,0.854 Mpa,0.186 Mpa,0.242 Mpa,0.284 Mpa,0.153 Mpa,2.25 Mpa,0.147 Mpa,,0.468 Mpa,22.0%,12.6%,7.28%,3.59%,4.79%,58.2%,0.701%,,13.9%
2026-08-06 05:00:00,1.43 Mpa,0.205 Mpa,0.389 Mpa,0.581 Mpa,0.147 Mpa,0.0720 Mpa,0.181 Mpa,,0.362 Mpa,36.5%,13.2%,11.6%,11.6%,4.87%,4.58%,1.79%,,13.1%
2026-08-06 07:00:00,0.0834 Mpa,0.433 Mpa,0.105 Mpa,0.285 Mpa,0.200 Mpa,1.28 Mpa,0.263 Mpa,,0.231 Mpa,4.19%,14.4%,3.26%,3.90%,6.42%,35.4%,4.90%,,12.0%
2026-08-06 09:00:00,0.103 Mpa,0.403 Mpa,0.817 Mpa,0.349 Mpa,0.0418 Mpa,1.65 Mpa,0.428 Mpa,,0.215 Mpa,3.92%,13.6%,22.8%,5.89%,1.69%,45.9%,8.95%,,9.55%
2026-08-06 11:00:00,0.193 Mpa,0.148 Mpa,0.139 Mpa,0.605 Mpa,0.100 Mpa,0.553 Mpa,0.367 Mpa,0.120 Mpa,1.51 Mpa,5.55%,8.42%,5.13%,12.8%,3.78%,13.4%,6.99%,0%,40.2%
2026-08-06 13:00:00,0.145 Mpa,0.217 Mpa,0.0287 Mpa,0.424 Mpa,0.330 Mpa,0.297 Mpa,0.176 Mpa,,0.275 Mpa,5.30%,8.45%,2.29%,7.74%,10.4%,7.84%,0.844%,,15.4%
2026-08-06 15:00:00,0.0410 Mpa,0.0896 Mpa,0.497 Mpa,0.255 Mpa,0.223 Mpa,0.384 Mpa,0.202 Mpa,,0.411 Mpa,2.58%,3.75%,14.3%,3.31%,7.05%,10.1%,2.76%,,14.8%
2026-08-06 17:00:00,0.0653 Mpa,0.0846 Mpa,0.165 Mpa,0.186 Mpa,0.231 Mpa,0.235 Mpa,0.247 Mpa,,0.253 Mpa,2.48%,4.66%,5.04%,1.85%,6.96%,4.07%,3.77%,,9.76%
2026-08-06 19:00:00,0.0335 Mpa,0.0602 Mpa,0.146 Mpa,0.206 Mpa,0.0996 Mpa,0.193 Mpa,0.220 Mpa,,0.710 Mpa,3.70%,4.10%,4.01%,2.01%,3.54%,2.81%,3.84%,,18.1%
2026-08-06 21:00:00,0.0964 Mpa,0.0621 Mpa,0.293 Mpa,0.202 Mpa,0.0862 Mpa,0.141 Mpa,0.264 Mpa,,1.29 Mpa,4.68%,4.16%,8.27%,1.88%,2.84%,5.20%,5.27%,,34.0%
2026-08-06 23:00:00,0.169 Mpa,0.202 Mpa,0.429 Mpa,0.287 Mpa,0.125 Mpa,0.146 Mpa,0.217 Mpa,,,5.85%,8.81%,11.9%,4.17%,3.46%,2.06%,2.58%,,
2026-08-07 01:00:00,0.278 Mpa,0.218 Mpa,0.358 Mpa,0.611 Mpa,0.178 Mpa,0.0950 Mpa,0.544 Mpa,,0.686 Mpa,9.36%,7.47%,9.73%,12.9%,5.66%,7.47%,12.3%,,19.1%
2026-08-07 03:00:00,0.135 Mpa,0.145 Mpa,0.288 Mpa,0.570 Mpa,0.462 Mpa,0.134 Mpa,0.665 Mpa,,0.362 Mpa,6.11%,4.27%,7.76%,12.0%,13.3%,2.66%,16.2%,,9.46%
2026-08-07 05:00:00,0.182 Mpa,0.550 Mpa,0.151 Mpa,0.272 Mpa,0.141 Mpa,0.163 Mpa,0.198 Mpa,,0.246 Mpa,6.67%,18.0%,4.95%,3.55%,4.70%,4.13%,2.01%,,6.34%
2026-08-07 07:00:00,0.138 Mpa,0.268 Mpa,0.101 Mpa,0.420 Mpa,0.181 Mpa,0.218 Mpa,0.335 Mpa,,0.441 Mpa,7.11%,10.5%,3.08%,7.39%,5.65%,5.50%,5.30%,,12.3%
2026-08-07 09:00:00,0.0909 Mpa,0.224 Mpa,0.161 Mpa,0.241 Mpa,0.467 Mpa,0.234 Mpa,0.228 Mpa,,0.120 Mpa,6.60%,10.2%,5.03%,2.67%,14.2%,4.44%,1.51%,,5.79%
2026-08-07 11:00:00,0.190 Mpa,0.0978 Mpa,0.0925 Mpa,0.337 Mpa,0.156 Mpa,0.380 Mpa,0.335 Mpa,,0.0655 Mpa,7.02%,5.11%,2.77%,5.43%,5.23%,8.27%,5.31%,,30.6%
2026-08-07 13:00:00,0.203 Mpa,0.111 Mpa,0.228 Mpa,0.787 Mpa,1.01 Mpa,0.159 Mpa,0.223 Mpa,,0.381 Mpa,4.77%,8.18%,6.62%,17.8%,31.3%,2.59%,3.09%,,21.8%
2026-08-07 15:00:00,0.237 Mpa,0.0496 Mpa,0.107 Mpa,0.834 Mpa,0.177 Mpa,0.175 Mpa,0.316 Mpa,,0.341 Mpa,6.50%,1.70%,2.83%,18.4%,5.83%,3.88%,6.41%,,9.59%
2026-08-07 17:00:00,0.0983 Mpa,0.0996 Mpa,0.212 Mpa,0.287 Mpa,0.289 Mpa,0.174 Mpa,0.245 Mpa,,0.286 Mpa,2.86%,8.44%,5.43%,4.38%,8.21%,4.69%,4.35%,,9.56%
2026-08-07 19:00:00,0.106 Mpa,0.00544 Mpa,0.299 Mpa,0.417 Mpa,0.488 Mpa,0.174 Mpa,0.199 Mpa,,0.850 Mpa,2.88%,13.4%,7.53%,7.39%,14.8%,4.03%,2.74%,,21.9%
2026-08-07 21:00:00,0.0306 Mpa,0.0115 Mpa,0.236 Mpa,0.236 Mpa,0.137 Mpa,0.138 Mpa,0.352 Mpa,,0.423 Mpa,2.27%,10.5%,5.95%,2.58%,5.10%,2.80%,6.44%,,10.2%
2026-08-07 23:00:00,0.0505 Mpa,0.204 Mpa,0.443 Mpa,0.646 Mpa,0.133 Mpa,0.163 Mpa,0.468 Mpa,,0.350 Mpa,3.38%,10.6%,12.0%,13.7%,4.35%,5.74%,17.4%,,7.69%
2026-08-08 01:00:00,0.125 Mpa,0.120 Mpa,0.366 Mpa,0.268 Mpa,0.505 Mpa,0.0922 Mpa,1.09 Mpa,,0.331 Mpa,6.29%,8.30%,11.3%,3.12%,15.2%,5.00%,27.8%,,7.15%
2026-08-08 03:00:00,0.0613 Mpa,0.0671 Mpa,0.272 Mpa,0.376 Mpa,0.161 Mpa,0.157 Mpa,1.04 Mpa,,0.407 Mpa,3.70%,7.97%,7.82%,5.90%,4.59%,5.36%,27.2%,,9.16%
2026-08-08 05:00:00,0.0904 Mpa,0.0577 Mpa,0.276 Mpa,0.221 Mpa,0.110 Mpa,0.154 Mpa,0.284 Mpa,,0.299 Mpa,6.32%,7.17%,7.91%,2.42%,4.05%,2.66%,4.35%,,6.97%
2026-08-08 07:00:00,0.175 Mpa,0.120 Mpa,0.116 Mpa,0.199 Mpa,0.0568 Mpa,0.181 Mpa,0.786 Mpa,,0.151 Mpa,8.73%,6.98%,3.64%,1.68%,2.05%,6.65%,19.0%,,1.99%
2026-08-08 09:00:00,1.03 Mpa,0.211 Mpa,0.190 Mpa,0.295 Mpa,0.0805 Mpa,0.222 Mpa,0.231 Mpa,,0.350 Mpa,27.5%,13.9%,5.40%,4.70%,2.26%,4.22%,3.09%,,6.18%
2026-08-08 11:00:00,0.0540 Mpa,0.134 Mpa,0.0614 Mpa,0.388 Mpa,0.125 Mpa,0.205 Mpa,0.356 Mpa,,0.236 Mpa,4.14%,9.30%,2.40%,7.56%,4.04%,2.79%,6.21%,,3.59%
2026-08-08 13:00:00,0.417 Mpa,0.0277 Mpa,0.0535 Mpa,0.348 Mpa,0.00361 Mpa,0.391 Mpa,0.291 Mpa,,0.352 Mpa,11.6%,3.04%,2.01%,18.9%,1.67%,9.33%,5.26%,,5.99%
2026-08-08 15:00:00,0.191 Mpa,0.0171 Mpa,0.212 Mpa,1.31 Mpa,0.252 Mpa,0.206 Mpa,0.417 Mpa,,0.306 Mpa,4.20%,42.4%,8.94%,32.5%,7.59%,3.36%,10.7%,,4.75%
2026-08-08 17:00:00,0.327 Mpa,0.212 Mpa,0.209 Mpa,0.283 Mpa,0.116 Mpa,0.208 Mpa,0.259 Mpa,,0.302 Mpa,7.98%,22.0%,5.76%,4.43%,4.31%,3.20%,4.28%,,5.40%
2026-08-08 19:00:00,0.0974 Mpa,0.0743 Mpa,0.273 Mpa,0.344 Mpa,0.208 Mpa,0.206 Mpa,0.779 Mpa,,0.316 Mpa,1.99%,4.23%,7.47%,5.54%,6.47%,3.07%,19.5%,,5.67%
2026-08-08 21:00:00,0.598 Mpa,0.0914 Mpa,0.243 Mpa,0.158 Mpa,0.123 Mpa,0.213 Mpa,0.217 Mpa,,0.335 Mpa,16.3%,4.60%,6.67%,1.25%,4.50%,3.15%,2.03%,,6.77%
2026-08-08 23:00:00,0.488 Mpa,1.07 Mpa,0.132 Mpa,0.341 Mpa,0.191 Mpa,0.288 Mpa,0.239 Mpa,,0.0782 Mpa,13.7%,32.5%,3.18%,5.63%,5.70%,6.15%,5.16%,,5.30%
2026-08-09 01:00:00,0.436 Mpa,0.195 Mpa,0.585 Mpa,0.258 Mpa,0.0900 Mpa,0.301 Mpa,0.580 Mpa,,0.385 Mpa,13.6%,7.23%,16.1%,3.24%,2.75%,7.41%,14.3%,,8.21%
2026-08-09 03:00:00,0.229 Mpa,0.0524 Mpa,1.37 Mpa,0.315 Mpa,0.0654 Mpa,0.201 Mpa,0.242 Mpa,,0.321 Mpa,7.32%,3.76%,35.7%,4.97%,2.78%,3.75%,3.18%,,5.09%
2026-08-09 05:00:00,0.0923 Mpa,0.0367 Mpa,0.242 Mpa,0.276 Mpa,0.110 Mpa,0.138 Mpa,0.245 Mpa,,0.234 Mpa,10.7%,2.21%,6.48%,3.80%,4.10%,1.29%,3.01%,,4.60%
2026-08-09 07:00:00,0.0853 Mpa,0.0482 Mpa,0.0553 Mpa,0.207 Mpa,0.195 Mpa,0.195 Mpa,0.610 Mpa,,,3.01%,1.73%,1.43%,2.27%,6.57%,2.86%,14.5%,,
2026-08-09 09:00:00,0.0767 Mpa,0.203 Mpa,0.549 Mpa,0.283 Mpa,0.211 Mpa,0.432 Mpa,0.227 Mpa,0.149 Mpa,0.0741 Mpa,2.42%,6.57%,15.0%,4.31%,6.59%,9.09%,3.40%,0.210%,2.50%
2026-08-09 11:00:00,0.0615 Mpa,0.115 Mpa,0.0851 Mpa,0.251 Mpa,0.110 Mpa,0.108 Mpa,0.248 Mpa,,0.640 Mpa,7.84%,4.86%,2.16%,3.87%,4.05%,2.29%,4.25%,,15.6%
2026-08-09 13:00:00,0.0687 Mpa,0.234 Mpa,1.11 Mpa,0.325 Mpa,0.110 Mpa,0.116 Mpa,0.234 Mpa,,0.238 Mpa,2.00%,8.78%,30.3%,5.99%,3.64%,1.97%,3.13%,,4.66%
2026-08-09 15:00:00,0.0293 Mpa,0.0525 Mpa,0.0321 Mpa,0.296 Mpa,0.0611 Mpa,0.405 Mpa,0.536 Mpa,,0.205 Mpa,0.889%,1.90%,0.844%,4.58%,3.56%,8.72%,13.6%,,4.17%
2026-08-09 17:00:00,0.131 Mpa,0.215 Mpa,0.549 Mpa,0.373 Mpa,0 Mpa,0.220 Mpa,0.349 Mpa,,0.299 Mpa,3.26%,7.69%,14.7%,7.47%,5.82%,4.61%,6.53%,,5.33%
2026-08-09 19:00:00,0.343 Mpa,0.390 Mpa,0.0975 Mpa,0.282 Mpa,0.0766 Mpa,0.388 Mpa,0.361 Mpa,,0.161 Mpa,8.42%,13.3%,2.64%,4.12%,61.6%,8.51%,7.17%,,1.59%
2026-08-09 21:00:00,0.211 Mpa,0.291 Mpa,0.188 Mpa,0.316 Mpa,0.146 Mpa,0.447 Mpa,0.272 Mpa,,0.186 Mpa,5.19%,9.70%,6.11%,4.89%,8.41%,9.77%,4.38%,,2.73%
2026-08-09 23:00:00,0.171 Mpa,0.873 Mpa,0.141 Mpa,0.229 Mpa,0.0522 Mpa,0.401 Mpa,0.223 Mpa,,0.479 Mpa,4.27%,25.9%,3.53%,4.09%,24.0%,8.61%,3.34%,,11.5%
2026-08-10 01:00:00,0.253 Mpa,0.770 Mpa,0.125 Mpa,0.100 Mpa,0.130 Mpa,0.147 Mpa,0.193 Mpa,,0.419 Mpa,6.34%,23.1%,3.99%,4.13%,3.75%,3.26%,1.12%,,8.05%
2026-08-10 03:00:00,0.0707 Mpa,0.154 Mpa,0.0839 Mpa,0.200 Mpa,0.148 Mpa,0.208 Mpa,0.301 Mpa,,0.209 Mpa,2.56%,6.09%,2.65%,1.84%,72.7%,10.4%,7.21%,,3.01%
2026-08-10 05:00:00,0.171 Mpa,0.00318 Mpa,0.164 Mpa,0.234 Mpa,0.0369 Mpa,0.199 Mpa,0.598 Mpa,,0.567 Mpa,4.66%,2.13%,4.54%,3.30%,29.3%,2.99%,14.6%,,12.7%
2026-08-10 07:00:00,0.130 Mpa,0.0612 Mpa,0.404 Mpa,0.298 Mpa,0.0929 Mpa,0.227 Mpa,0.790 Mpa,,0.215 Mpa,7.84%,3.10%,10.8%,13.9%,40.9%,3.30%,19.0%,,3.32%
2026-08-10 09:00:00,0.0942 Mpa,0.672 Mpa,0.249 Mpa,0.222 Mpa,0.108 Mpa,0.232 Mpa,0.479 Mpa,,0.183 Mpa,5.37%,21.2%,6.64%,2.45%,3.69%,3.92%,11.2%,,1.63%
2026-08-10 11:00:00,0.0860 Mpa,0.583 Mpa,0.119 Mpa,0.184 Mpa,0.205 Mpa,0.408 Mpa,0.372 Mpa,,0.241 Mpa,4.20%,18.1%,3.56%,2.48%,7.64%,8.37%,7.66%,,4.18%
2026-08-10 13:00:00,0.161 Mpa,0.147 Mpa,0.110 Mpa,0.215 Mpa,0.143 Mpa,,0.364 Mpa,,0.209 Mpa,5.65%,5.20%,2.63%,2.74%,5.28%,,9.10%,,3.60%
2026-08-10 15:00:00,0.192 Mpa,0.0674 Mpa,0.180 Mpa,0.248 Mpa,0.441 Mpa,0.161 Mpa,0.193 Mpa,,0.141 Mpa,5.76%,2.82%,4.96%,19.9%,13.7%,4.12%,2.01%,,2.67%
2026-08-10 17:00:00,0.116 Mpa,0.196 Mpa,0.123 Mpa,0.242 Mpa,0.0309 Mpa,0.188 Mpa,0.238 Mpa,,1.17 Mpa,3.62%,7.66%,3.60%,3.14%,36.1%,2.70%,3.14%,,28.2%
2026-08-10 19:00:00,0.116 Mpa,0.159 Mpa,0.146 Mpa,0.276 Mpa,0.509 Mpa,0.624 Mpa,0.204 Mpa,,0.0720 Mpa,3.94%,6.60%,4.74%,3.43%,14.7%,15.6%,2.17%,,4.78%
2026-08-10 21:00:00,0.0503 Mpa,0.0813 Mpa,0.196 Mpa,0.400 Mpa,0.158 Mpa,0.224 Mpa,0.275 Mpa,,0.951 Mpa,2.97%,3.87%,6.39%,7.12%,4.91%,5.25%,3.61%,,23.7%
2026-08-10 23:00:00,0.0708 Mpa,0.270 Mpa,0.160 Mpa,0.303 Mpa,0.0596 Mpa,0.294 Mpa,0.287 Mpa,,0.0947 Mpa,3.65%,9.47%,7.82%,4.43%,3.10%,6.64%,4.77%,,2.67%
2026-08-11 01:00:00,0.463 Mpa,0.171 Mpa,0.0966 Mpa,0.234 Mpa,0.0405 Mpa,0.260 Mpa,0.411 Mpa,,0.257 Mpa,12.5%,6.83%,2.79%,3.47%,4.90%,5.68%,8.28%,,6.48%
2026-08-11 03:00:00,0.167 Mpa,0.0959 Mpa,0.593 Mpa,0.179 Mpa,0.0916 Mpa,0.163 Mpa,0.373 Mpa,,0.281 Mpa,5.21%,4.36%,15.6%,2.36%,26.5%,1.05%,10.3%,,8.12%
2026-08-11 05:00:00,0.163 Mpa,0.125 Mpa,0.116 Mpa,0.691 Mpa,0.0209 Mpa,0.286 Mpa,0.335 Mpa,,0.166 Mpa,5.81%,4.58%,2.47%,15.2%,2.33%,6.91%,8.25%,,2.84%
2026-08-11 07:00:00,0.0857 Mpa,0.237 Mpa,0.0240 Mpa,0.158 Mpa,0.000588 Mpa,0.176 Mpa,0.247 Mpa,,1.00 Mpa,3.80%,8.42%,0.0871%,1.69%,1.22%,4.20%,3.45%,,22.6%
2026-08-11 09:00:00,0.0428 Mpa,0.220 Mpa,0.441 Mpa,0.359 Mpa,0.0620 Mpa,0.168 Mpa,0.269 Mpa,,0.461 Mpa,1.02%,8.06%,11.3%,5.83%,3.53%,1.71%,3.38%,,9.83%
2026-08-11 11:00:00,0.0438 Mpa,0.427 Mpa,0.136 Mpa,0.319 Mpa,0.286 Mpa,0.305 Mpa,0.272 Mpa,,1.61 Mpa,1.24%,14.2%,3.72%,5.02%,9.95%,5.73%,4.24%,,39.5%
2026-08-11 13:00:00,0.158 Mpa,0.265 Mpa,0.0400 Mpa,0.394 Mpa,0.208 Mpa,0.152 Mpa,0.169 Mpa,,1.10 Mpa,3.91%,8.95%,2.06%,7.27%,6.88%,5.41%,1.05%,,26.6%
2026-08-11 15:00:00,0.0429 Mpa,0.285 Mpa,0.0886 Mpa,0.188 Mpa,0.0447 Mpa,0.142 Mpa,0.876 Mpa,,0.260 Mpa,1.92%,9.40%,2.89%,2.06%,2.36%,2.70%,24.6%,,5.69%
2026-08-11 17:00:00,0.188 Mpa,1.10 Mpa,0.375 Mpa,0.504 Mpa,0.0950 Mpa,0.179 Mpa,0.555 Mpa,,0.349 Mpa,5.03%,33.4%,10.8%,11.7%,3.76%,2.66%,13.1%,,8.00%
2026-08-11 19:00:00,0.0727 Mpa,0.616 Mpa,0.124 Mpa,0.713 Mpa,0.0962 Mpa,0.307 Mpa,0.474 Mpa,,0.152 Mpa,2.87%,19.1%,2.92%,17.0%,3.45%,5.49%,10.2%,,1.84%
2026-08-11 21:00:00,0.340 Mpa,0.685 Mpa,0.0957 Mpa,0.604 Mpa,0.124 Mpa,0.135 Mpa,0.200 Mpa,,0.149 Mpa,11.9%,20.7%,2.13%,12.2%,3.37%,3.75%,1.69%,,0.817%
2026-08-11 23:00:00,0.0637 Mpa,0.0833 Mpa,0.0900 Mpa,0.540 Mpa,0.168 Mpa,0.233 Mpa,0.221 Mpa,,0.472 Mpa,13.8%,3.17%,2.07%,11.9%,4.86%,6.49%,2.82%,,10.6%
2026-08-12 01:00:00,0.140 Mpa,0.0816 Mpa,0.0575 Mpa,0.345 Mpa,0.145 Mpa,0.196 Mpa,0.361 Mpa,,0.430 Mpa,4.11%,3.07%,0.892%,5.36%,4.53%,3.63%,6.32%,,8.76%
2026-08-12 03:00:00,0.240 Mpa,0.157 Mpa,0.160 Mpa,0.819 Mpa,0.0858 Mpa,0.235 Mpa,0.462 Mpa,,0.740 Mpa,8.29%,5.60%,3.81%,18.3%,2.66%,4.76%,10.2%,,17.1%
2026-08-12 05:00:00,0.315 Mpa,0.0628 Mpa,0.212 Mpa,0.343 Mpa,0.343 Mpa,0.230 Mpa,0.312 Mpa,,0.640 Mpa,9.54%,3.05%,5.22%,4.86%,10.1%,4.35%,4.85%,,14.4%
2026-08-12 07:00:00,0.0618 Mpa,0.119 Mpa,0.269 Mpa,1.13 Mpa,0.295 Mpa,0.167 Mpa,0.467 Mpa,,0.317 Mpa,3.22%,3.81%,7.38%,26.1%,9.11%,1.25%,9.28%,,5.71%
2026-08-12 09:00:00,0.0861 Mpa,0.0630 Mpa,0.181 Mpa,0.234 Mpa,0.153 Mpa,0.186 Mpa,0.235 Mpa,,0.246 Mpa,3.76%,2.20%,4.31%,2.36%,5.63%,1.90%,3.21%,,4.71%
2026-08-12 11:00:00,0.0704 Mpa,0.137 Mpa,0.185 Mpa,1.83 Mpa,0.0649 Mpa,0.169 Mpa,0.245 Mpa,,0.230 Mpa,2.08%,4.87%,4.95%,46.4%,2.53%,2.21%,3.61%,,3.89%
2026-08-12 13:00:00,0.584 Mpa,0.296 Mpa,0.0986 Mpa,1.41 Mpa,0.0295 Mpa,0.169 Mpa,0.557 Mpa,,0.375 Mpa,15.8%,10.1%,2.14%,35.0%,1.17%,2.47%,12.3%,,8.28%
2026-08-12 15:00:00,0.0715 Mpa,0.162 Mpa,0.0684 Mpa,,0.116 Mpa,0.164 Mpa,0.288 Mpa,,0.354 Mpa,3.02%,5.56%,0.476%,,10.5%,1.96%,3.27%,,7.55%
2026-08-12 17:00:00,0.559 Mpa,0.0545 Mpa,0.121 Mpa,,0.244 Mpa,0.101 Mpa,0.327 Mpa,,0.201 Mpa,15.6%,2.49%,2.63%,,8.34%,0.160%,6.71%,,3.12%
2026-08-12 19:00:00,0.0596 Mpa,0.147 Mpa,0.133 Mpa,,0.0298 Mpa,0.181 Mpa,0.315 Mpa,,0.250 Mpa,5.42%,4.68%,2.78%,,40.9%,2.39%,5.54%,,4.85%
2026-08-12 21:00:00,0.144 Mpa,0.0763 Mpa,0.179 Mpa,,0.0144 Mpa,0.270 Mpa,0.287 Mpa,,0.174 Mpa,17.6%,2.81%,3.70%,,2.08%,5.64%,4.14%,,2.74%
2026-08-12 23:00:00,0.166 Mpa,0.350 Mpa,0.131 Mpa,0.137 Mpa,,0.172 Mpa,0.632 Mpa,,0.211 Mpa,13.1%,10.8%,2.20%,2.47%,,3.32%,14.9%,,3.33%
2026-08-13 01:00:00,0.465 Mpa,0.245 Mpa,0.335 Mpa,0.0536 Mpa,,0.299 Mpa,0.212 Mpa,,0.270 Mpa,12.3%,7.84%,7.64%,1.57%,,6.97%,2.35%,,6.47%
2026-08-13 03:00:00,,0 Mpa,0.105 Mpa,,,0.238 Mpa,0.188 Mpa,,0.189 Mpa,,2.12%,1.73%,,,6.76%,2.70%,,3.60%
2026-08-13 05:00:00,,0.0244 Mpa,0.308 Mpa,,,,0.174 Mpa,,0.172 Mpa,,2.60%,7.77%,,,,1.63%,,4.05%
2026-08-13 07:00:00,,0.0984 Mpa,0.536 Mpa,,0.294 Mpa,0.101 Mpa,0.355 Mpa,,0.367 Mpa,,5.22%,13.8%,,9.61%,0.0398%,5.78%,,8.04%
2026-08-13 09:00:00,0.0127 Mpa,0.0547 Mpa,0.797 Mpa,,0.441 Mpa,0.376 Mpa,0.384 Mpa,,0.343 Mpa,5.83%,3.58%,21.9%,,13.2%,7.61%,6.95%,,6.64%
2026-08-13 11:00:00,,0.398 Mpa,0.0881 Mpa,,0.247 Mpa,0.172 Mpa,0.875 Mpa,,0.483 Mpa,,16.6%,3.79%,,8.50%,1.73%,21.5%,,11.7%
2026-08-13 13:00:00,,0.390 Mpa,0.323 Mpa,,0.369 Mpa,0.223 Mpa,0.279 Mpa,,0.449 Mpa,,12.5%,7.99%,,11.4%,6.62%,4.81%,,10.8%
2026-08-13 15:00:00,,0.0789 Mpa,0.113 Mpa,,0.299 Mpa,0.161 Mpa,0.0736 Mpa,,0.102 Mpa,,11.4%,2.34%,,8.79%,3.93%,1.04%,,2.19%
2026-08-13 17:00:00,,0.0708 Mpa,0.213 Mpa,,0.214 Mpa,0.250 Mpa,0.436 Mpa,,,,2.68%,4.69%,,7.28%,5.88%,10.9%,,
2026-08-13 19:00:00,,0.124 Mpa,0.579 Mpa,,0.572 Mpa,0.169 Mpa,0.786 Mpa,,,,3.99%,14.8%,,17.1%,0.669%,19.3%,,
2026-08-13 21:00:00,,0.0999 Mpa,0.150 Mpa,,,0.391 Mpa,0.413 Mpa,,0.433 Mpa,,2.86%,3.75%,,,8.54%,7.41%,,9.63%
2026-08-13 23:00:00,,0.494 Mpa,0.147 Mpa,,,0.165 Mpa,0.590 Mpa,,0.552 Mpa,,15.0%,3.03%,,,0.821%,14.0%,,11.2%
2026-08-14 01:00:00,,0.522 Mpa,0.235 Mpa,0.120 Mpa,,0.162 Mpa,0.359 Mpa,,0.544 Mpa,,15.6%,5.19%,2.81%,,1.22%,8.11%,,11.2%
2026-08-14 03:00:00,,0.413 Mpa,0.0977 Mpa,0.274 Mpa,,0.255 Mpa,0.547 Mpa,,0.660 Mpa,,12.4%,3.89%,6.33%,,3.58%,12.7%,,15.2%
2026-08-14 05:00:00,,0.0532 Mpa,0.292 Mpa,,,0.129 Mpa,0.673 Mpa,,0.454 Mpa,,2.39%,7.03%,,,1.48%,17.4%,,9.08%
2026-08-14 07:00:00,,1.26 Mpa,0.302 Mpa,,0.362 Mpa,0.157 Mpa,0.240 Mpa,,0.794 Mpa,,35.9%,7.87%,,10.2%,0.475%,3.90%,,17.8%
2026-08-14 09:00:00,,0.252 Mpa,0.0720 Mpa,,0.0802 Mpa,0.132 Mpa,0.291 Mpa,,0.195 Mpa,,8.66%,1.71%,,2.43%,0.0372%,4.52%,,1.89%
2026-08-14 11:00:00,,0.533 Mpa,0.136 Mpa,,0.726 Mpa,0.159 Mpa,0.287 Mpa,,1.14 Mpa,,15.7%,4.01%,,22.4%,1.39%,4.18%,,28.2%
2026-08-14 13:00:00,,0.498 Mpa,0.167 Mpa,0.0492 Mpa,1.31 Mpa,0.270 Mpa,0.412 Mpa,,0.144 Mpa,,15.4%,3.91%,0.464%,36.6%,5.98%,8.31%,,2.92%
2026-08-14 15:00:00,,0.553 Mpa,0.366 Mpa,,0.341 Mpa,0.197 Mpa,0.620 Mpa,,0.611 Mpa,,18.6%,8.44%,,10.7%,2.35%,17.1%,,13.5%
2026-08-14 17:00:00,,1.10 Mpa,0.181 Mpa,,0.0445 Mpa,0.292 Mpa,0.116 Mpa,,0.600 Mpa,,30.8%,4.75%,,1.85%,5.30%,0.999%,,13.7%
2026-08-14 19:00:00,,0.683 Mpa,0.159 Mpa,,,0.201 Mpa,0.217 Mpa,,0.328 Mpa,,21.2%,4.15%,,,1.61%,2.05%,,6.60%
2026-08-14 21:00:00,,0.570 Mpa,0.356 Mpa,,0.0804 Mpa,0.472 Mpa,0.243 Mpa,,0.308 Mpa,,18.0%,9.48%,,4.09%,9.26%,2.88%,,5.14%
2026-08-14 23:00:00,,0.480 Mpa,0.146 Mpa,0.0488 Mpa,0.123 Mpa,0.164 Mpa,0.293 Mpa,,0.209 Mpa,,15.6%,2.51%,0.434%,3.72%,1.27%,3.69%,,2.82%
2026-08-15 01:00:00,,0.783 Mpa,0.513 Mpa,0.194 Mpa,0.0892 Mpa,0.407 Mpa,0.746 Mpa,,0.162 Mpa,,24.5%,13.1%,3.71%,3.94%,8.42%,17.6%,,2.02%
2026-08-15 03:00:00,,1.33 Mpa,0.211 Mpa,0.340 Mpa,0.0712 Mpa,0.357 Mpa,0.360 Mpa,,0.480 Mpa,,39.1%,4.40%,6.95%,2.37%,6.60%,6.57%,,9.90%
2026-08-15 05:00:00,,0.277 Mpa,0.0806 Mpa,0.502 Mpa,0.0340 Mpa,0.383 Mpa,0.351 Mpa,,0.407 Mpa,,9.58%,0.991%,12.8%,1.12%,9.09%,6.13%,,9.39%
2026-08-15 07:00:00,,0.661 Mpa,0.301 Mpa,,0.171 Mpa,0.173 Mpa,0.377 Mpa,,0.612 Mpa,,20.6%,8.09%,,5.19%,1.44%,7.03%,,13.6%
2026-08-15 09:00:00,0.00542 Mpa,0.410 Mpa,0.178 Mpa,1.78 Mpa,0.474 Mpa,0.146 Mpa,0.241 Mpa,,0.317 Mpa,6.95%,13.7%,5.14%,57.5%,13.0%,0.694%,2.58%,,5.79%
2026-08-15 11:00:00,,0.588 Mpa,0.439 Mpa,0.410 Mpa,0.288 Mpa,0.185 Mpa,0.225 Mpa,,0.397 Mpa,,18.9%,11.8%,9.08%,8.93%,1.59%,1.95%,,8.51%
2026-08-15 13:00:00,0.00313 Mpa,0.0545 Mpa,0.144 Mpa,0.509 Mpa,0.155 Mpa,0.970 Mpa,0.372 Mpa,,0.350 Mpa,6.01%,3.80%,4.11%,10.6%,4.95%,23.6%,6.70%,,10.6%
2026-08-15 15:00:00,0.0628 Mpa,0.524 Mpa,0.215 Mpa,0.651 Mpa,0.106 Mpa,0.183 Mpa,0.261 Mpa,,0.158 Mpa,3.67%,16.9%,5.90%,15.1%,4.11%,3.05%,4.38%,,10.9%
2026-08-15 17:00:00,0.512 Mpa,0.0338 Mpa,0.117 Mpa,0.199 Mpa,0.256 Mpa,0.161 Mpa,0.315 Mpa,,0.130 Mpa,13.0%,4.49%,3.52%,3.57%,8.06%,5.40%,4.26%,,7.29%
2026-08-15 19:00:00,0.149 Mpa,0.225 Mpa,0.211 Mpa,0.537 Mpa,0.292 Mpa,0.179 Mpa,0.224 Mpa,,0.286 Mpa,4.85%,7.62%,5.16%,12.1%,9.91%,2.68%,2.44%,,4.82%
2026-08-15 21:00:00,0.129 Mpa,0.122 Mpa,0.380 Mpa,0.283 Mpa,0.401 Mpa,0.217 Mpa,0.870 Mpa,,0.382 Mpa,3.71%,4.97%,9.14%,5.42%,12.3%,2.39%,21.0%,,8.05%
2026-08-15 23:00:00,0.0372 Mpa,0.143 Mpa,0.130 Mpa,0.174 Mpa,0.185 Mpa,0.876 Mpa,0.882 Mpa,,0.290 Mpa,1.64%,5.60%,2.12%,2.26%,7.03%,20.0%,21.2%,,6.06%
2026-08-16 01:00:00,0.143 Mpa,0.110 Mpa,0.152 Mpa,0.264 Mpa,0.205 Mpa,0.560 Mpa,0.274 Mpa,,0.530 Mpa,5.41%,4.31%,2.72%,4.67%,7.06%,15.8%,3.30%,,11.5%
2026-08-16 03:00:00,0.0474 Mpa,0.319 Mpa,0.166 Mpa,0.272 Mpa,0.252 Mpa,0.245 Mpa,0.375 Mpa,,0.628 Mpa,3.82%,10.4%,3.84%,4.75%,8.49%,3.62%,7.22%,,13.4%
2026-08-16 05:00:00,0.143 Mpa,0.250 Mpa,0.438 Mpa,0.221 Mpa,0.179 Mpa,0.217 Mpa,0.271 Mpa,,0.186 Mpa,6.20%,7.96%,11.3%,3.21%,5.66%,2.88%,3.39%,,2.28%
2026-08-16 07:00:00,0.172 Mpa,0.443 Mpa,0.122 Mpa,0.276 Mpa,0.0618 Mpa,0.243 Mpa,0.337 Mpa,,0.192 Mpa,4.58%,14.0%,2.05%,4.68%,3.75%,5.38%,4.56%,,2.26%
2026-08-16 09:00:00,0.128 Mpa,0.562 Mpa,0.260 Mpa,0.255 Mpa,0.307 Mpa,0.208 Mpa,0.394 Mpa,,0.238 Mpa,4.26%,17.9%,6.38%,8.01%,9.65%,7.08%,7.72%,,3.85%
2026-08-16 11:00:00,0.259 Mpa,1.15 Mpa,0.331 Mpa,0.335 Mpa,0.0625 Mpa,0.309 Mpa,0.0649 Mpa,,0.199 Mpa,7.80%,35.5%,8.69%,6.79%,2.93%,5.86%,0%,,3.95%
2026-08-16 13:00:00,0.0633 Mpa,0.398 Mpa,0.149 Mpa,0.442 Mpa,0.368 Mpa,0.0873 Mpa,0.456 Mpa,,0.144 Mpa,2.33%,13.3%,4.03%,9.78%,11.5%,3.05%,9.03%,,2.27%
2026-08-16 15:00:00,0.365 Mpa,1.10 Mpa,0.280 Mpa,0.304 Mpa,1.03 Mpa,0.707 Mpa,0.493 Mpa,,0.179 Mpa,12.3%,33.4%,8.39%,6.12%,29.5%,16.3%,8.71%,,4.16%
2026-08-16 17:00:00,0.157 Mpa,0.291 Mpa,0.575 Mpa,0.126 Mpa,0.220 Mpa,0.149 Mpa,0.331 Mpa,,0.366 Mpa,4.24%,10.1%,14.9%,2.26%,6.61%,2.19%,5.01%,,7.99%
2026-08-16 19:00:00,0.0413 Mpa,0.216 Mpa,0.120 Mpa,0.116 Mpa,0.139 Mpa,0.166 Mpa,0.369 Mpa,,0.232 Mpa,0.662%,7.09%,1.39%,3.88%,6.20%,2.88%,6.88%,,4.10%
2026-08-16 21:00:00,0.151 Mpa,0.133 Mpa,0.255 Mpa,0.302 Mpa,0.0808 Mpa,0.154 Mpa,0.206 Mpa,,0.121 Mpa,6.37%,4.65%,5.22%,8.65%,3.45%,2.38%,1.96%,,1.19%
2026-08-16 23:00:00,0.0541 Mpa,0.378 Mpa,0.579 Mpa,0.537 Mpa,0.204 Mpa,0.192 Mpa,0.499 Mpa,,0.379 Mpa,5.24%,12.4%,14.6%,12.2%,5.90%,1.99%,15.3%,,7.44%
2026-08-17 01:00:00,0.0785 Mpa,0.343 Mpa,0.178 Mpa,0.268 Mpa,0.177 Mpa,0.175 Mpa,0.399 Mpa,,0.171 Mpa,1.21%,11.3%,4.41%,5.10%,6.57%,3.65%,10.7%,,3.86%
2026-08-17 03:00:00,0.197 Mpa,0.391 Mpa,0.306 Mpa,0.256 Mpa,0.0517 Mpa,0.156 Mpa,0.206 Mpa,,0.230 Mpa,6.41%,11.9%,7.97%,4.55%,2.65%,4.30%,1.92%,,4.80%
2026-08-17 05:00:00,0.143 Mpa,0.463 Mpa,0.537 Mpa,0.121 Mpa,0.0871 Mpa,0.220 Mpa,0.288 Mpa,,0.367 Mpa,5.34%,21.9%,14.8%,15.4%,2.06%,3.02%,4.34%,,8.06%
2026-08-17 07:00:00,0.121 Mpa,0.460 Mpa,0.316 Mpa,0.176 Mpa,0.0944 Mpa,0.216 Mpa,0.613 Mpa,,0.288 Mpa,3.05%,15.0%,8.52%,7.29%,3.47%,2.87%,13.0%,,5.87%
2026-08-17 09:00:00,1.00 Mpa,0.237 Mpa,0.363 Mpa,0.196 Mpa,0.272 Mpa,0.184 Mpa,0.326 Mpa,,0.309 Mpa,27.4%,8.49%,9.73%,2.96%,8.30%,2.84%,5.42%,,6.56%
2026-08-17 11:00:00,0.449 Mpa,0.258 Mpa,0.124 Mpa,1.31 Mpa,0.0499 Mpa,0.500 Mpa,0.284 Mpa,,0.245 Mpa,11.0%,11.3%,3.47%,32.4%,1.63%,12.3%,4.75%,,5.51%
2026-08-17 13:00:00,0.0386 Mpa,0.328 Mpa,0.179 Mpa,0.386 Mpa,0.358 Mpa,3.29 Mpa,0.397 Mpa,,0.188 Mpa,0.122%,11.1%,5.59%,14.7%,10.6%,83.0%,7.18%,,3.32%
2026-08-17 15:00:00,0.0295 Mpa,0.650 Mpa,0.479 Mpa,0.204 Mpa,0.101 Mpa,0.193 Mpa,0.372 Mpa,,0.238 Mpa,0.271%,20.8%,13.2%,2.99%,3.24%,2.13%,6.11%,,4.79%
2026-08-17 17:00:00,0.275 Mpa,0.502 Mpa,0.311 Mpa,0.290 Mpa,0.537 Mpa,0.175 Mpa,0.357 Mpa,,0.189 Mpa,8.36%,15.6%,8.03%,5.47%,16.7%,1.19%,5.66%,,5.97%
2026-08-17 19:00:00,0.162 Mpa,0.264 Mpa,0.195 Mpa,0.108 Mpa,0.325 Mpa,0.228 Mpa,0.421 Mpa,,0.0555 Mpa,6.22%,12.4%,5.04%,0.991%,10.7%,3.83%,6.92%,,3.08%
2026-08-17 21:00:00,0.119 Mpa,0.377 Mpa,0.125 Mpa,0.196 Mpa,0.0809 Mpa,0.171 Mpa,0.433 Mpa,,,6.47%,12.0%,2.12%,2.67%,2.60%,2.03%,8.34%,,
2026-08-17 23:00:00,0.129 Mpa,0.349 Mpa,0.152 Mpa,0.140 Mpa,0.203 Mpa,0.149 Mpa,0.334 Mpa,,0.695 Mpa,6.64%,10.9%,3.51%,1.28%,6.57%,3.58%,5.81%,,17.0%
2026-08-18 01:00:00,0.110 Mpa,0.451 Mpa,0.181 Mpa,0.434 Mpa,0.336 Mpa,0.167 Mpa,0.394 Mpa,,0.321 Mpa,4.64%,18.2%,4.17%,9.24%,9.63%,2.83%,7.54%,,6.44%
2026-08-18 03:00:00,1.10 Mpa,0.210 Mpa,0.161 Mpa,0.231 Mpa,0.155 Mpa,0.157 Mpa,0.400 Mpa,,0.284 Mpa,29.5%,7.58%,3.55%,3.81%,5.46%,2.43%,7.47%,,5.73%
2026-08-18 05:00:00,0.196 Mpa,0.539 Mpa,0.117 Mpa,0.247 Mpa,0.174 Mpa,0.151 Mpa,0.534 Mpa,,0.246 Mpa,8.48%,16.9%,2.62%,4.42%,5.52%,1.91%,11.8%,,4.56%
2026-08-18 07:00:00,0.0420 Mpa,0.158 Mpa,0.104 Mpa,0.211 Mpa,0.307 Mpa,0.170 Mpa,0.455 Mpa,,0.148 Mpa,14.9%,5.15%,2.17%,3.57%,9.44%,2.69%,10.2%,,1.49%
2026-08-18 09:00:00,0.0815 Mpa,0.235 Mpa,0.722 Mpa,0.564 Mpa,0.0614 Mpa,0.549 Mpa,0.221 Mpa,,0.496 Mpa,2.97%,7.80%,19.3%,12.7%,2.70%,13.5%,3.09%,,10.8%
2026-08-18 11:00:00,0.556 Mpa,0.423 Mpa,0.112 Mpa,0.270 Mpa,0.176 Mpa,0.166 Mpa,0.306 Mpa,,0.329 Mpa,14.7%,13.3%,1.75%,4.53%,5.26%,3.24%,5.09%,,5.98%
2026-08-18 13:00:00,0.465 Mpa,0.213 Mpa,0.263 Mpa,0.266 Mpa,0.0707 Mpa,0.692 Mpa,0.588 Mpa,,0.619 Mpa,12.0%,6.99%,6.49%,4.68%,2.90%,17.5%,15.4%,,13.1%
2026-08-18 15:00:00,0.540 Mpa,0.482 Mpa,0.208 Mpa,0.625 Mpa,0.0956 Mpa,0.197 Mpa,0.241 Mpa,,0.196 Mpa,18.1%,14.2%,5.09%,13.8%,3.55%,3.10%,6.37%,,2.48%
2026-08-18 17:00:00,0.149 Mpa,0.701 Mpa,0.201 Mpa,,0.161 Mpa,0.318 Mpa,0.273 Mpa,,0.255 Mpa,4.96%,27.1%,4.70%,,6.24%,6.66%,4.40%,,5.12%
2026-08-18 19:00:00,0.171 Mpa,0.136 Mpa,0.196 Mpa,,0.283 Mpa,0.224 Mpa,0.515 Mpa,,0.206 Mpa,5.78%,4.84%,4.93%,,17.1%,3.97%,10.7%,,3.32%
2026-08-18 21:00:00,0.228 Mpa,0.386 Mpa,0.161 Mpa,,0.202 Mpa,0.209 Mpa,0.301 Mpa,,0.234 Mpa,6.67%,12.3%,4.34%,,6.34%,4.17%,4.06%,,4.48%
2026-08-18 23:00:00,0.264 Mpa,0.708 Mpa,0.107 Mpa,,0.0692 Mpa,0.633 Mpa,0.390 Mpa,,0.234 Mpa,8.09%,22.0%,2.08%,,1.89%,14.5%,6.29%,,3.84%
2026-08-19 01:00:00,0.570 Mpa,0.437 Mpa,0.128 Mpa,,0.0312 Mpa,0.556 Mpa,0.289 Mpa,,0.346 Mpa,15.2%,13.9%,3.11%,,23.8%,13.1%,3.31%,,7.09%
2026-08-19 03:00:00,0.186 Mpa,0.261 Mpa,0.0774 Mpa,,0.0507 Mpa,0.204 Mpa,0.452 Mpa,,0.230 Mpa,5.79%,8.39%,1.14%,,1.90%,2.59%,8.22%,,4.76%
2026-08-19 05:00:00,0.160 Mpa,0.357 Mpa,0.226 Mpa,,0.0196 Mpa,0.212 Mpa,0.351 Mpa,,0.214 Mpa,10.6%,11.6%,4.98%,,0.943%,4.82%,5.24%,,3.57%
2026-08-19 07:00:00,0.480 Mpa,0.403 Mpa,0.271 Mpa,,0.265 Mpa,0.200 Mpa,0.429 Mpa,,0.301 Mpa,12.4%,12.2%,6.83%,,7.89%,5.69%,8.95%,,5.19%
2026-08-19 09:00:00,0.180 Mpa,0.874 Mpa,0.140 Mpa,,0.230 Mpa,0.160 Mpa,0.561 Mpa,,0.257 Mpa,5.13%,27.3%,3.27%,,8.41%,3.00%,11.7%,,5.20%
2026-08-19 11:00:00,0.140 Mpa,0.506 Mpa,0.0914 Mpa,,0.0740 Mpa,0.192 Mpa,0.479 Mpa,,0.206 Mpa,5.14%,15.9%,1.98%,,3.03%,4.12%,10.3%,,2.54%
2026-08-19 13:00:00,0.396 Mpa,0.225 Mpa,0.130 Mpa,,0.0484 Mpa,0.240 Mpa,0.476 Mpa,,0.249 Mpa,11.2%,7.47%,2.88%,,2.54%,6.45%,10.1%,,5.41%
2026-08-19 15:00:00,0.383 Mpa,0.212 Mpa,0.139 Mpa,0.216 Mpa,0.0927 Mpa,0.142 Mpa,0.695 Mpa,,0.336 Mpa,14.3%,6.89%,3.38%,2.89%,24.8%,4.76%,17.8%,,6.75%
2026-08-19 17:00:00,0.130 Mpa,0.0548 Mpa,0.0907 Mpa,0.166 Mpa,0.0169 Mpa,0.223 Mpa,0.445 Mpa,,0.197 Mpa,10.1%,5.73%,2.30%,5.42%,1.26%,3.64%,9.15%,,3.37%
2026-08-19 19:00:00,0.609 Mpa,0.442 Mpa,0.204 Mpa,0.313 Mpa,0.0232 Mpa,0.226 Mpa,0.318 Mpa,,0.262 Mpa,16.5%,14.4%,4.72%,5.22%,0.983%,5.26%,4.09%,,4.20%
2026-08-19 21:00:00,0.174 Mpa,0.889 Mpa,0.197 Mpa,0.361 Mpa,0.321 Mpa,0.389 Mpa,0.282 Mpa,,0.252 Mpa,6.25%,28.2%,4.41%,17.0%,9.88%,8.08%,3.45%,,4.38%
2026-08-19 23:00:00,0.0838 Mpa,0.562 Mpa,2.06 Mpa,0.286 Mpa,0.0684 Mpa,0.143 Mpa,0.506 Mpa,,0.385 Mpa,5.32%,17.4%,56.2%,4.53%,2.88%,2.73%,9.75%,,9.81%
2026-08-20 01:00:00,0.0926 Mpa,0.222 Mpa,0.600 Mpa,0.225 Mpa,0.427 Mpa,0.364 Mpa,0.338 Mpa,,0.162 Mpa,4.92%,7.53%,15.5%,3.62%,13.5%,7.37%,4.99%,,2.28%
2026-08-20 03:00:00,0.311 Mpa,0.508 Mpa,0.319 Mpa,0.204 Mpa,0.633 Mpa,0.222 Mpa,0.365 Mpa,,0.335 Mpa,11.4%,16.3%,7.78%,4.18%,20.4%,4.71%,5.55%,,6.68%
2026-08-20 05:00:00,0.138 Mpa,0.0562 Mpa,0.289 Mpa,0.212 Mpa,0.129 Mpa,0.152 Mpa,0.219 Mpa,,0.164 Mpa,5.77%,3.04%,7.70%,6.40%,3.68%,1.51%,2.00%,,1.78%
2026-08-20 07:00:00,0.0548 Mpa,0.275 Mpa,0.115 Mpa,0.149 Mpa,0.188 Mpa,0.204 Mpa,0.257 Mpa,,0.421 Mpa,5.14%,8.06%,1.74%,10.6%,5.35%,2.32%,2.34%,,8.91%
2026-08-20 09:00:00,0.130 Mpa,0.154 Mpa,0.0614 Mpa,0.149 Mpa,0.0618 Mpa,0.222 Mpa,0.369 Mpa,,0.393 Mpa,5.19%,5.89%,0.834%,4.52%,2.32%,2.10%,6.79%,,7.60%
2026-08-20 11:00:00,0.153 Mpa,0.609 Mpa,0.0240 Mpa,0.133 Mpa,0.0733 Mpa,0.155 Mpa,0.450 Mpa,,0.403 Mpa,7.28%,19.3%,1.81%,1.67%,3.18%,0.539%,8.49%,,8.99%
2026-08-20 13:00:00,0.455 Mpa,0.301 Mpa,0.0378 Mpa,,0.0499 Mpa,0.320 Mpa,0.241 Mpa,,0.300 Mpa,11.4%,9.53%,1.49%,,2.50%,5.88%,4.87%,,5.32%
2026-08-20 15:00:00,0.0997 Mpa,0.272 Mpa,0.559 Mpa,0.277 Mpa,0.0697 Mpa,0.163 Mpa,0.228 Mpa,,0.254 Mpa,4.53%,8.59%,14.4%,5.47%,2.99%,9.19%,2.77%,,4.17%
2026-08-20 17:00:00,0.185 Mpa,0.171 Mpa,0.542 Mpa,0.232 Mpa,0.0950 Mpa,0.161 Mpa,0.251 Mpa,,0.354 Mpa,4.66%,6.08%,14.8%,3.91%,4.13%,2.14%,3.96%,,7.95%
2026-08-20 19:00:00,0.111 Mpa,1.72 Mpa,0.0664 Mpa,0.821 Mpa,0.101 Mpa,0.150 Mpa,0.258 Mpa,,0.165 Mpa,8.10%,53.2%,1.89%,19.2%,4.44%,2.85%,3.11%,,1.67%
2026-08-20 21:00:00,0.166 Mpa,0.342 Mpa,0.517 Mpa,0.497 Mpa,0.0906 Mpa,0.162 Mpa,0.200 Mpa,,0.326 Mpa,8.14%,11.0%,14.0%,10.3%,3.40%,2.88%,1.36%,,6.48%
2026-08-20 23:00:00,0.190 Mpa,0.467 Mpa,0.146 Mpa,0.233 Mpa,0.106 Mpa,0.148 Mpa,0.252 Mpa,,0.170 Mpa,5.43%,14.8%,3.87%,3.83%,3.50%,2.04%,3.03%,,1.10%
2026-08-21 01:00:00,0.164 Mpa,0.456 Mpa,0.0281 Mpa,0.480 Mpa,0.461 Mpa,0.311 Mpa,0.409 Mpa,,0.360 Mpa,4.38%,14.6%,1.18%,10.4%,13.7%,5.83%,9.37%,,11.5%
2026-08-21 03:00:00,0.242 Mpa,0.481 Mpa,1.30 Mpa,0.167 Mpa,0.0754 Mpa,0.541 Mpa,0.374 Mpa,,0.186 Mpa,9.15%,15.2%,34.8%,1.77%,3.16%,11.8%,8.09%,,11.8%
2026-08-21 05:00:00,0.161 Mpa,0.184 Mpa,0.149 Mpa,0.233 Mpa,0.0730 Mpa,0.248 Mpa,0.230 Mpa,,0.240 Mpa,7.70%,5.98%,3.71%,3.50%,2.92%,3.56%,4.13%,,3.85%
2026-08-21 07:00:00,0.204 Mpa,0.287 Mpa,0.149 Mpa,0.201 Mpa,0.210 Mpa,0.246 Mpa,0.430 Mpa,,0.280 Mpa,8.39%,8.97%,3.17%,2.45%,7.20%,3.16%,8.79%,,4.57%
2026-08-21 09:00:00,0.155 Mpa,0.181 Mpa,0.236 Mpa,0.589 Mpa,0.134 Mpa,0.375 Mpa,0.733 Mpa,,0.245 Mpa,7.38%,6.12%,5.79%,12.9%,5.26%,21.6%,17.6%,,3.65%
2026-08-21 11:00:00,0.685 Mpa,0.138 Mpa,0.167 Mpa,0.353 Mpa,0.343 Mpa,0.258 Mpa,0.402 Mpa,,0.335 Mpa,20.2%,5.39%,4.13%,6.46%,11.0%,4.38%,7.23%,,6.56%
2026-08-21 13:00:00,0.539 Mpa,0.326 Mpa,0.145 Mpa,0.997 Mpa,0.00240 Mpa,0.0960 Mpa,1.32 Mpa,,0.267 Mpa,15.9%,10.8%,4.19%,24.8%,1.62%,13.4%,36.0%,,4.30%
2026-08-21 15:00:00,0.189 Mpa,0.282 Mpa,0.405 Mpa,0.752 Mpa,0.292 Mpa,0.143 Mpa,,,0.335 Mpa,9.11%,9.68%,10.7%,23.0%,8.95%,2.08%,,,6.80%
2026-08-21 17:00:00,0.264 Mpa,0.167 Mpa,0.0980 Mpa,0.265 Mpa,0.0996 Mpa,0.199 Mpa,,,0.288 Mpa,8.34%,5.41%,2.14%,3.96%,38.8%,2.46%,,,7.03%
2026-08-21 19:00:00,0.734 Mpa,0.109 Mpa,0.672 Mpa,0.212 Mpa,0.00360 Mpa,0.161 Mpa,,,0.287 Mpa,20.4%,3.59%,17.8%,2.97%,36.3%,1.06%,,,5.55%
2026-08-21 21:00:00,0.856 Mpa,0.119 Mpa,0.907 Mpa,0.225 Mpa,0.159 Mpa,0.252 Mpa,0.102 Mpa,,0.255 Mpa,21.6%,4.71%,24.7%,3.40%,5.22%,5.15%,0.179%,,5.08%
2026-08-21 23:00:00,0.725 Mpa,0.405 Mpa,0.0858 Mpa,0.218 Mpa,0.101 Mpa,0.208 Mpa,0.0879 Mpa,,0.231 Mpa,18.4%,13.3%,0.835%,2.62%,3.52%,2.98%,1.59%,,4.96%
2026-08-22 01:00:00,0.294 Mpa,,0.0564 Mpa,0.196 Mpa,0.0375 Mpa,0.176 Mpa,0.0550 Mpa,,0.216 Mpa,8.94%,,1.24%,2.46%,1.33%,3.84%,0.744%,,3.95%
2026-08-22 03:00:00,0.276 Mpa,0.0225 Mpa,0.0692 Mpa,0.191 Mpa,0.0537 Mpa,0.203 Mpa,,,0.274 Mpa,10.0%,1.24%,1.16%,2.20%,1.47%,3.78%,,,6.69%
2026-08-22 05:00:00,0.220 Mpa,0.137 Mpa,0.147 Mpa,0.227 Mpa,0.122 Mpa,0.182 Mpa,,,0.186 Mpa,9.06%,5.48%,3.80%,3.32%,4.25%,0.864%,,,3.37%
2026-08-22 07:00:00,0.0728 Mpa,0.0000720 Mpa,0.197 Mpa,0.207 Mpa,0.107 Mpa,0.350 Mpa,,,0.383 Mpa,6.30%,2.46%,6.49%,2.86%,4.13%,5.81%,,,8.20%
2026-08-22 09:00:00,0.314 Mpa,0.536 Mpa,0.141 Mpa,0.176 Mpa,0.222 Mpa,0.190 Mpa,,,0.217 Mpa,9.48%,19.2%,4.41%,2.06%,7.44%,2.86%,,,3.74%
2026-08-22 11:00:00,0.0424 Mpa,0.0726 Mpa,0.372 Mpa,0.191 Mpa,0.506 Mpa,0.183 Mpa,,,0.739 Mpa,2.20%,2.57%,10.7%,2.49%,16.0%,1.77%,,,18.2%
2026-08-22 13:00:00,0.172 Mpa,0.0792 Mpa,0.101 Mpa,0.202 Mpa,0.477 Mpa,0.241 Mpa,,,0.617 Mpa,5.03%,3.26%,4.54%,2.94%,15.7%,2.74%,,,15.1%
2026-08-22 15:00:00,0.155 Mpa,0.00104 Mpa,0.0960 Mpa,0.344 Mpa,0.111 Mpa,0.481 Mpa,,,0.411 Mpa,3.46%,2.25%,2.91%,6.53%,4.73%,9.91%,,,9.34%
2026-08-22 17:00:00,0.167 Mpa,0.0755 Mpa,0.683 Mpa,0.129 Mpa,0.148 Mpa,0.197 Mpa,,,1.20 Mpa,5.00%,3.38%,19.0%,1.19%,5.50%,2.20%,,,29.8%
2026-08-22 19:00:00,0.180 Mpa,0.244 Mpa,0.257 Mpa,0.138 Mpa,0.0335 Mpa,0.329 Mpa,,,0.877 Mpa,3.98%,7.27%,6.89%,1.09%,1.34%,5.56%,,,20.2%
2026-08-22 21:00:00,0.170 Mpa,0.215 Mpa,0.169 Mpa,0.279 Mpa,0.393 Mpa,0.334 Mpa,,,0.294 Mpa,3.67%,6.34%,4.20%,4.64%,10.9%,6.55%,,,4.87%
2026-08-22 23:00:00,0.0728 Mpa,0.259 Mpa,0.113 Mpa,0.199 Mpa,0.0234 Mpa,0.233 Mpa,0.637 Mpa,,0.278 Mpa,0.795%,7.97%,1.58%,2.46%,0.787%,5.63%,18.2%,,4.02%
2026-08-23 01:00:00,0.171 Mpa,0.164 Mpa,1.32 Mpa,0.203 Mpa,0.568 Mpa,0.193 Mpa,0.637 Mpa,,1.49 Mpa,3.47%,5.28%,35.2%,2.53%,15.7%,2.54%,16.1%,,37.5%
2026-08-23 03:00:00,0.336 Mpa,0.196 Mpa,0.392 Mpa,0.385 Mpa,0.202 Mpa,0.202 Mpa,0.329 Mpa,,0.219 Mpa,8.58%,5.90%,10.4%,7.37%,11.1%,2.70%,5.70%,,5.60%
2026-08-23 05:00:00,0.178 Mpa,0.238 Mpa,0.284 Mpa,0.352 Mpa,0.0436 Mpa,0.256 Mpa,0.257 Mpa,,,4.37%,7.95%,7.59%,7.02%,2.11%,6.53%,3.60%,,
2026-08-23 07:00:00,0.142 Mpa,0.401 Mpa,0.712 Mpa,0.414 Mpa,0.259 Mpa,0.250 Mpa,0.223 Mpa,,,3.89%,13.2%,19.3%,8.25%,8.54%,4.58%,2.27%,,
2026-08-23 09:00:00,0.184 Mpa,0.0685 Mpa,0.571 Mpa,0.227 Mpa,0.0629 Mpa,0.175 Mpa,0.222 Mpa,,,7.48%,3.43%,16.8%,3.72%,2.31%,1.66%,2.89%,,
2026-08-23 11:00:00,0.410 Mpa,0.0679 Mpa,0.625 Mpa,0.186 Mpa,0.0463 Mpa,0.243 Mpa,0.394 Mpa,,0.657 Mpa,16.1%,2.99%,17.6%,2.51%,1.60%,3.45%,7.76%,,16.1%
2026-08-23 13:00:00,0.115 Mpa,0.0381 Mpa,0.319 Mpa,0.444 Mpa,1.61 Mpa,0.261 Mpa,0.275 Mpa,,,3.53%,2.13%,8.97%,10.1%,46.2%,3.56%,3.95%,,
2026-08-23 15:00:00,0.515 Mpa,0.441 Mpa,0.460 Mpa,0.153 Mpa,1.57 Mpa,0.126 Mpa,0.369 Mpa,,,30.0%,14.1%,12.4%,1.48%,46.4%,0.217%,5.96%,,
2026-08-23 17:00:00,0 Mpa,0.695 Mpa,0.387 Mpa,0.207 Mpa,2.35 Mpa,1.66 Mpa,0.101 Mpa,,,4.21%,20.4%,9.73%,4.18%,62.7%,39.7%,0.0329%,,
2026-08-23 19:00:00,0.0319 Mpa,0.256 Mpa,0.645 Mpa,0.587 Mpa,2.41 Mpa,0.609 Mpa,0.771 Mpa,,,0.812%,7.62%,16.7%,12.1%,65.6%,13.1%,19.2%,,
2026-08-23 21:00:00,0.343 Mpa,0.903 Mpa,0.460 Mpa,0.358 Mpa,0.0602 Mpa,0.567 Mpa,0.613 Mpa,,,8.92%,26.3%,12.4%,6.70%,2.79%,18.0%,15.9%,,
2026-08-23 23:00:00,0.240 Mpa,0.403 Mpa,0.0798 Mpa,0.436 Mpa,,0.166 Mpa,0.226 Mpa,,,8.43%,12.2%,0.181%,8.70%,,15.9%,2.46%,,
2026-08-24 01:00:00,0.211 Mpa,0.365 Mpa,0.129 Mpa,0.583 Mpa,,0.179 Mpa,0.289 Mpa,,,7.26%,12.1%,2.64%,12.6%,,0.855%,4.78%,,
2026-08-24 03:00:00,0.971 Mpa,0.713 Mpa,0.281 Mpa,0.199 Mpa,,0.192 Mpa,0.199 Mpa,,,27.3%,21.3%,6.30%,2.52%,,2.87%,2.91%,,
2026-08-24 05:00:00,1.33 Mpa,1.04 Mpa,0.394 Mpa,0.173 Mpa,,0.413 Mpa,0.180 Mpa,,,35.7%,30.4%,10.4%,5.21%,,7.68%,2.69%,,
2026-08-24 07:00:00,0.905 Mpa,0.169 Mpa,0.600 Mpa,0.222 Mpa,,0.230 Mpa,0.364 Mpa,,,22.5%,5.42%,16.5%,3.41%,,3.04%,6.71%,,
2026-08-24 09:00:00,0.127 Mpa,0.373 Mpa,0.0210 Mpa,1.33 Mpa,0.469 Mpa,0.286 Mpa,0.228 Mpa,,,2.96%,12.0%,1.42%,33.0%,15.0%,5.51%,3.13%,,
2026-08-24 11:00:00,0.128 Mpa,0.238 Mpa,0.313 Mpa,0.819 Mpa,,0.190 Mpa,0.173 Mpa,,,5.04%,7.75%,8.61%,19.5%,,2.45%,3.50%,,
2026-08-24 13:00:00,0.194 Mpa,0.0840 Mpa,,0.143 Mpa,,0.123 Mpa,0.227 Mpa,,,5.14%,3.15%,,0.957%,,3.15%,3.90%,,
2026-08-24 15:00:00,0.282 Mpa,0.0483 Mpa,0.553 Mpa,0.249 Mpa,,0.302 Mpa,0.372 Mpa,,0.144 Mpa,7.34%,3.12%,14.6%,3.98%,,5.09%,7.24%,,2.65%
2026-08-24 17:00:00,0.0927 Mpa,0.724 Mpa,0.244 Mpa,0.237 Mpa,,0.280 Mpa,0.277 Mpa,,0.0916 Mpa,3.11%,23.0%,6.63%,3.83%,,4.20%,3.36%,,1.46%
2026-08-24 19:00:00,0.204 Mpa,0.291 Mpa,0.160 Mpa,0.293 Mpa,,0.667 Mpa,0.551 Mpa,,0.0744 Mpa,6.47%,9.19%,4.43%,4.85%,,14.8%,12.3%,,1.84%
2026-08-24 21:00:00,0.125 Mpa,0.292 Mpa,0.0711 Mpa,0.687 Mpa,0.0188 Mpa,0.237 Mpa,0.245 Mpa,,0.284 Mpa,4.21%,8.96%,0.761%,15.6%,1.65%,3.77%,3.00%,,6.90%
2026-08-24 23:00:00,0.0618 Mpa,0.309 Mpa,0.0745 Mpa,0.313 Mpa,0.0381 Mpa,0.273 Mpa,0.273 Mpa,,0.895 Mpa,2.86%,9.49%,0.548%,5.85%,2.50%,12.2%,4.62%,,22.6%
2026-08-25 01:00:00,0.0768 Mpa,0.271 Mpa,0.0981 Mpa,0.323 Mpa,,0.191 Mpa,0.244 Mpa,,0.205 Mpa,3.04%,8.54%,2.02%,6.13%,,2.46%,2.30%,,4.32%
2026-08-25 03:00:00,0.195 Mpa,0.188 Mpa,0.277 Mpa,0.159 Mpa,,0.183 Mpa,0.477 Mpa,,0.160 Mpa,7.76%,5.62%,7.15%,1.18%,,1.97%,10.2%,,1.69%
2026-08-25 05:00:00,0.633 Mpa,0.0891 Mpa,0.357 Mpa,0.241 Mpa,,0.215 Mpa,0.181 Mpa,,0.133 Mpa,19.5%,5.31%,9.45%,3.46%,,2.28%,2.42%,,11.2%
2026-08-25 07:00:00,0.498 Mpa,0.438 Mpa,0.205 Mpa,0.798 Mpa,,0.217 Mpa,0.121 Mpa,,0.475 Mpa,14.5%,29.8%,5.78%,18.4%,,1.83%,1.03%,,10.8%
2026-08-25 09:00:00,0.430 Mpa,0.658 Mpa,0.355 Mpa,0.332 Mpa,,0.211 Mpa,0.399 Mpa,,0.485 Mpa,11.2%,21.4%,8.58%,6.20%,,3.28%,7.97%,,11.0%
2026-08-25 11:00:00,0.837 Mpa,0.550 Mpa,0.445 Mpa,0.388 Mpa,,0.229 Mpa,0.299 Mpa,,0.474 Mpa,22.8%,18.0%,11.3%,7.31%,,3.23%,4.94%,,10.6%
2026-08-25 13:00:00,0.716 Mpa,0.427 Mpa,0.511 Mpa,0.116 Mpa,,0.745 Mpa,0.223 Mpa,,0.236 Mpa,20.1%,14.5%,13.2%,1.29%,,21.8%,3.06%,,7.41%
2026-08-25 15:00:00,0.442 Mpa,0.152 Mpa,0.316 Mpa,1.04 Mpa,,0.956 Mpa,0.645 Mpa,,0.270 Mpa,13.8%,6.26%,7.60%,24.2%,,24.2%,14.8%,,6.15%
2026-08-25 17:00:00,0.0780 Mpa,0.0502 Mpa,0.206 Mpa,0.407 Mpa,,0.167 Mpa,0.198 Mpa,,0.657 Mpa,7.77%,3.67%,5.11%,8.41%,,1.64%,2.82%,,15.2%
2026-08-25 19:00:00,0.0124 Mpa,0.326 Mpa,0.534 Mpa,0.203 Mpa,,0.365 Mpa,0.335 Mpa,,0.230 Mpa,5.75%,10.5%,13.4%,2.76%,,7.14%,11.0%,,4.69%
2026-08-25 21:00:00,0.00614 Mpa,1.13 Mpa,0.924 Mpa,0.201 Mpa,,0.160 Mpa,0.316 Mpa,,0.254 Mpa,5.66%,33.0%,24.8%,2.35%,,1.58%,4.40%,,5.67%
2026-08-25 23:00:00,0.0579 Mpa,0.203 Mpa,0.668 Mpa,0.218 Mpa,,0.156 Mpa,0.375 Mpa,,0.443 Mpa,6.58%,6.18%,17.8%,3.02%,,2.21%,7.00%,,11.6%
2026-08-26 01:00:00,0.0634 Mpa,0.0513 Mpa,0.415 Mpa,0.220 Mpa,,0.185 Mpa,0.859 Mpa,,0.218 Mpa,3.07%,2.78%,11.2%,3.29%,,3.31%,22.4%,,5.59%
2026-08-26 03:00:00,0.0248 Mpa,0.0298 Mpa,0.409 Mpa,0.280 Mpa,,0.176 Mpa,0.755 Mpa,,0.163 Mpa,1.57%,1.73%,10.1%,4.91%,,2.65%,17.8%,,2.74%
2026-08-26 05:00:00,0.275 Mpa,0.598 Mpa,0.282 Mpa,0.215 Mpa,,0.206 Mpa,0.478 Mpa,,0.267 Mpa,7.59%,18.4%,7.37%,3.43%,,2.87%,10.3%,,6.22%
2026-08-26 07:00:00,0.317 Mpa,1.18 Mpa,0.375 Mpa,0.215 Mpa,,0.216 Mpa,0.475 Mpa,,0.116 Mpa,10.3%,44.5%,9.32%,3.31%,,3.98%,11.1%,,1.19%
2026-08-26 09:00:00,0.846 Mpa,0.399 Mpa,0.477 Mpa,0.753 Mpa,,0.285 Mpa,0.292 Mpa,,0.238 Mpa,21.9%,12.7%,12.2%,17.7%,,4.05%,4.06%,,4.66%
2026-08-26 11:00:00,0.700 Mpa,0.522 Mpa,0.404 Mpa,0.162 Mpa,,0.462 Mpa,0.627 Mpa,,0.154 Mpa,20.0%,16.4%,10.8%,1.31%,,9.76%,13.6%,,1.93%
2026-08-26 13:00:00,0.595 Mpa,0.463 Mpa,0.183 Mpa,0.241 Mpa,,0.565 Mpa,0.329 Mpa,,1.26 Mpa,17.2%,14.9%,9.59%,4.15%,,13.8%,5.22%,,31.5%
2026-08-26 15:00:00,0.303 Mpa,0.422 Mpa,0.439 Mpa,0.300 Mpa,,0.442 Mpa,0.528 Mpa,,0.150 Mpa,8.90%,14.5%,11.5%,5.28%,,9.89%,10.4%,,2.51%
2026-08-26 17:00:00,0.259 Mpa,0.0720 Mpa,0.154 Mpa,0.173 Mpa,,0.153 Mpa,0.196 Mpa,,0.250 Mpa,9.44%,4.31%,3.95%,1.64%,,1.45%,5.20%,,5.25%
2026-08-26 19:00:00,0.0951 Mpa,0.404 Mpa,0.450 Mpa,1.21 Mpa,,0.196 Mpa,0.206 Mpa,,0.213 Mpa,3.75%,12.6%,12.2%,29.9%,,3.91%,2.38%,,5.02%
2026-08-26 21:00:00,0.0539 Mpa,0.468 Mpa,0.235 Mpa,0.159 Mpa,,0.155 Mpa,0.319 Mpa,,0.250 Mpa,5.26%,14.5%,5.80%,1.64%,,0.722%,4.69%,,5.48%
2026-08-26 23:00:00,0.402 Mpa,0.123 Mpa,0.330 Mpa,0.555 Mpa,,0.150 Mpa,0.230 Mpa,,0.167 Mpa,12.6%,4.68%,8.27%,12.1%,,0.468%,2.96%,,3.19%
2026-08-27 01:00:00,0.0510 Mpa,0.958 Mpa,1.38 Mpa,0.222 Mpa,,0.203 Mpa,0.408 Mpa,,0.186 Mpa,3.60%,28.5%,37.3%,3.21%,,2.65%,7.71%,,4.63%
2026-08-27 03:00:00,0.0370 Mpa,0.147 Mpa,1.97 Mpa,0.349 Mpa,,0.157 Mpa,0.347 Mpa,,0.477 Mpa,7.61%,4.70%,52.3%,6.49%,,1.48%,5.13%,,13.7%
2026-08-27 05:00:00,0.125 Mpa,0.271 Mpa,,0.315 Mpa,,0.144 Mpa,0.517 Mpa,,0.202 Mpa,4.85%,9.55%,,5.87%,,0.966%,10.5%,,4.06%
2026-08-27 07:00:00,0.205 Mpa,0.0325 Mpa,,0.241 Mpa,,0.167 Mpa,0.459 Mpa,,0.475 Mpa,6.31%,2.56%,,3.44%,,1.87%,8.60%,,16.7%
2026-08-27 09:00:00,0.828 Mpa,0.0215 Mpa,,0.210 Mpa,,0.156 Mpa,0.299 Mpa,,0.173 Mpa,21.1%,2.80%,,2.55%,,0.712%,5.46%,,17.7%
2026-08-27 11:00:00,0.0499 Mpa,0.00853 Mpa,0.209 Mpa,0.277 Mpa,,0.197 Mpa,0.147 Mpa,,0.410 Mpa,0.738%,2.76%,7.59%,4.63%,,2.15%,0.723%,,9.33%
2026-08-27 13:00:00,0.108 Mpa,0.0217 Mpa,,0.307 Mpa,,0.251 Mpa,0.333 Mpa,,0.247 Mpa,2.93%,2.03%,,5.92%,,3.45%,4.85%,,5.02%
2026-08-27 15:00:00,0.346 Mpa,0.0136 Mpa,,0.0800 Mpa,,0.156 Mpa,0.331 Mpa,,0.852 Mpa,9.71%,2.01%,,0.345%,,2.74%,5.14%,,22.0%
2026-08-27 17:00:00,0.188 Mpa,0.0336 Mpa,,0.0977 Mpa,,0.184 Mpa,0.295 Mpa,,0.184 Mpa,5.42%,3.06%,,0%,,1.54%,5.28%,,4.07%
2026-08-27 19:00:00,0.202 Mpa,0 Mpa,,0.351 Mpa,,0.320 Mpa,0.283 Mpa,,0.146 Mpa,7.03%,2.44%,,6.22%,,7.23%,4.14%,,5.70%
2026-08-27 21:00:00,0.114 Mpa,0.00843 Mpa,,0.243 Mpa,,0.900 Mpa,0.431 Mpa,,0.251 Mpa,3.92%,2.58%,,3.36%,,22.2%,9.91%,,6.51%
2026-08-27 23:00:00,0.0218 Mpa,0.0133 Mpa,,0.136 Mpa,,0.628 Mpa,0.223 Mpa,,0.368 Mpa,0.480%,1.98%,,0.916%,,15.1%,2.06%,,18.9%
2026-08-28 01:00:00,,0.00187 Mpa,,0.165 Mpa,,0.278 Mpa,0.370 Mpa,,0.163 Mpa,,1.71%,,9.20%,,4.03%,5.44%,,2.82%
2026-08-28 03:00:00,0.185 Mpa,0.325 Mpa,,0.183 Mpa,,0.640 Mpa,0.344 Mpa,,0.508 Mpa,4.29%,9.91%,,24.5%,,14.7%,5.48%,,27.0%
2026-08-28 05:00:00,0.123 Mpa,0.429 Mpa,,0.122 Mpa,,0.150 Mpa,0.269 Mpa,,0.190 Mpa,2.60%,13.3%,,19.1%,,0.654%,4.71%,,3.97%
2026-08-28 07:00:00,0.154 Mpa,0.0135 Mpa,,0.319 Mpa,,0.219 Mpa,0.422 Mpa,,0.275 Mpa,3.69%,1.87%,,5.59%,,2.35%,8.97%,,9.31%
2026-08-28 09:00:00,0.0913 Mpa,0.00288 Mpa,,0.356 Mpa,,0.186 Mpa,0.502 Mpa,,0.327 Mpa,3.52%,1.99%,,6.51%,,2.44%,10.5%,,6.71%
2026-08-28 11:00:00,0.179 Mpa,0 Mpa,,0.160 Mpa,,0.156 Mpa,0.280 Mpa,,0.568 Mpa,6.08%,1.68%,,1.37%,,2.08%,3.67%,,23.3%
2026-08-28 13:00:00,,0.312 Mpa,,0.281 Mpa,,0.554 Mpa,0.210 Mpa,,0.187 Mpa,,9.81%,,4.92%,,11.8%,1.54%,,5.85%
2026-08-28 15:00:00,,0.119 Mpa,,0.166 Mpa,,0.717 Mpa,0.385 Mpa,,0.466 Mpa,,4.45%,,2.37%,,16.3%,6.60%,,10.3%
2026-08-28 17:00:00,,0.152 Mpa,0.00114 Mpa,0.209 Mpa,,0.590 Mpa,0.376 Mpa,,0.241 Mpa,,5.70%,4.39%,3.60%,,13.2%,6.72%,,5.59%
2026-08-28 19:00:00,,0.0754 Mpa,0.000701 Mpa,0.159 Mpa,,0.419 Mpa,0.238 Mpa,,0.135 Mpa,,14.9%,4.27%,1.32%,,8.76%,1.34%,,7.14%
2026-08-28 21:00:00,0 Mpa,0.261 Mpa,0.481 Mpa,0.336 Mpa,,0.525 Mpa,0.241 Mpa,,0.132 Mpa,5.41%,9.19%,13.6%,6.42%,,11.8%,4.43%,,1.32%
2026-08-28 23:00:00,0.0838 Mpa,0.0865 Mpa,0.216 Mpa,0.115 Mpa,,0.379 Mpa,0.329 Mpa,,0.276 Mpa,6.34%,3.68%,6.10%,1.16%,,8.43%,5.23%,,6.86%
2026-08-29 01:00:00,0.0672 Mpa,0.912 Mpa,0.110 Mpa,1.58 Mpa,,1.11 Mpa,0.303 Mpa,,0.229 Mpa,6.12%,27.2%,4.70%,38.6%,,28.2%,4.87%,,4.73%
2026-08-29 03:00:00,0.0698 Mpa,,0.0795 Mpa,0.629 Mpa,,0.321 Mpa,0.269 Mpa,,0.194 Mpa,3.31%,,4.90%,13.5%,,7.89%,3.86%,,3.61%
2026-08-29 05:00:00,0.105 Mpa,,0.190 Mpa,0.311 Mpa,,0.143 Mpa,0.232 Mpa,,0.520 Mpa,3.01%,,5.16%,5.15%,,16.4%,3.42%,,12.9%
2026-08-29 07:00:00,0.0715 Mpa,,0.00393 Mpa,0.565 Mpa,,0.543 Mpa,0.436 Mpa,,0.621 Mpa,6.86%,,1.71%,12.0%,,11.2%,9.11%,,16.2%
2026-08-29 09:00:00,0.0912 Mpa,0.157 Mpa,0.195 Mpa,0.379 Mpa,,0.181 Mpa,0.207 Mpa,,0.477 Mpa,4.11%,5.72%,5.57%,6.67%,,1.54%,2.20%,,11.1%
2026-08-29 11:00:00,0.263 Mpa,0.00397 Mpa,0.171 Mpa,0.985 Mpa,,0.226 Mpa,0.384 Mpa,,0.369 Mpa,8.28%,1.35%,4.62%,23.6%,,3.31%,6.56%,,9.27%
2026-08-29 13:00:00,0.307 Mpa,,0.462 Mpa,0.562 Mpa,,0.204 Mpa,0.238 Mpa,,0.235 Mpa,8.90%,,12.8%,12.3%,,2.12%,4.89%,,5.38%
2026-08-29 15:00:00,0.0657 Mpa,,0.165 Mpa,0.318 Mpa,,0.234 Mpa,0.268 Mpa,,0.262 Mpa,1.62%,,7.47%,6.07%,,4.33%,3.29%,,5.39%
2026-08-29 17:00:00,0.318 Mpa,,0.163 Mpa,0.226 Mpa,,0.208 Mpa,0.302 Mpa,,0.223 Mpa,9.58%,,5.23%,3.98%,,2.22%,4.67%,,4.73%
2026-08-29 19:00:00,0.222 Mpa,,0.421 Mpa,0.262 Mpa,,0.891 Mpa,0.233 Mpa,,0.264 Mpa,6.43%,,11.8%,5.22%,,20.7%,2.46%,,8.94%
2026-08-29 21:00:00,0.187 Mpa,,0.374 Mpa,0.125 Mpa,,0.651 Mpa,0.230 Mpa,,0.214 Mpa,7.07%,,9.89%,1.54%,,14.2%,2.36%,,6.12%
2026-08-29 23:00:00,0.145 Mpa,,0.375 Mpa,1.23 Mpa,,0.419 Mpa,0.590 Mpa,,0.178 Mpa,6.00%,,10.0%,30.8%,,8.89%,13.2%,,6.99%
2026-08-30 01:00:00,0.0828 Mpa,,0.262 Mpa,0.417 Mpa,,0.376 Mpa,0.249 Mpa,,0.246 Mpa,5.81%,,7.27%,8.10%,,8.57%,1.63%,,5.79%
2026-08-30 03:00:00,0.137 Mpa,,0.169 Mpa,0.346 Mpa,,0.431 Mpa,0.238 Mpa,,0.149 Mpa,3.31%,,5.92%,6.61%,,9.42%,1.89%,,10.2%
2026-08-30 05:00:00,0.102 Mpa,,0.0496 Mpa,0.311 Mpa,,0.203 Mpa,0.329 Mpa,,0.274 Mpa,2.87%,,1.21%,5.60%,,2.04%,4.65%,,10.2%
2026-08-30 07:00:00,0.0663 Mpa,0 Mpa,0.560 Mpa,0.156 Mpa,,0.250 Mpa,0.968 Mpa,,0.282 Mpa,3.06%,1.60%,15.6%,1.67%,,3.00%,23.3%,,6.44%
2026-08-30 09:00:00,0.558 Mpa,0 Mpa,1.53 Mpa,0.129 Mpa,,0.397 Mpa,0.443 Mpa,,0.195 Mpa,14.3%,2.57%,42.8%,0.943%,,7.04%,8.08%,,4.15%
2026-08-30 11:00:00,0.0929 Mpa,0.149 Mpa,0.718 Mpa,0.0546 Mpa,,0.558 Mpa,0.288 Mpa,,0.434 Mpa,3.97%,4.20%,20.8%,0.331%,,12.0%,2.71%,,10.0%
2026-08-30 13:00:00,0.335 Mpa,0.0339 Mpa,0.147 Mpa,0.649 Mpa,,0.736 Mpa,0.499 Mpa,,1.44 Mpa,10.1%,1.13%,3.84%,14.9%,,17.5%,10.6%,,35.0%
2026-08-30 15:00:00,0.188 Mpa,0.219 Mpa,0.154 Mpa,0.221 Mpa,,0.603 Mpa,0.320 Mpa,,0.261 Mpa,6.64%,7.02%,4.82%,3.18%,,41.8%,4.77%,,5.95%
2026-08-30 17:00:00,0.251 Mpa,0.224 Mpa,0.151 Mpa,0.329 Mpa,,0.110 Mpa,0.248 Mpa,,0.188 Mpa,7.63%,7.24%,4.80%,6.19%,,0.0782%,1.97%,,3.83%
2026-08-30 19:00:00,0.152 Mpa,0.256 Mpa,0.186 Mpa,1.27 Mpa,,0.122 Mpa,0.433 Mpa,,1.25 Mpa,3.67%,8.32%,5.49%,31.2%,,0.0154%,7.60%,,48.7%
2026-08-30 21:00:00,0.577 Mpa,0.287 Mpa,0.200 Mpa,0.402 Mpa,,0.240 Mpa,0.549 Mpa,,1.36 Mpa,14.7%,9.05%,5.04%,7.61%,,3.16%,11.5%,,38.8%
2026-08-30 23:00:00,0.412 Mpa,0.300 Mpa,0.168 Mpa,0.673 Mpa,,0.707 Mpa,0.574 Mpa,,0.443 Mpa,10.1%,8.93%,4.99%,15.2%,,16.3%,12.2%,,11.4%
2026-08-31 01:00:00,0.509 Mpa,0.220 Mpa,0.173 Mpa,0.433 Mpa,,0.730 Mpa,0.673 Mpa,,0.247 Mpa,13.4%,6.60%,5.31%,8.84%,,17.3%,14.9%,,13.7%
2026-08-31 03:00:00,0.803 Mpa,0.261 Mpa,0.0551 Mpa,0.568 Mpa,,0.213 Mpa,0.419 Mpa,,0.233 Mpa,21.3%,8.23%,1.81%,12.9%,,5.80%,6.80%,,6.49%
2026-08-31 05:00:00,0.352 Mpa,0.243 Mpa,0.139 Mpa,1.77 Mpa,,0.287 Mpa,0.246 Mpa,,0.244 Mpa,8.28%,7.59%,3.85%,44.3%,,4.98%,2.56%,,4.94%
2026-08-31 07:00:00,0.225 Mpa,0.475 Mpa,0.315 Mpa,0.803 Mpa,,0.190 Mpa,0.217 Mpa,,0.243 Mpa,6.79%,14.7%,9.69%,18.2%,,1.07%,2.46%,,5.67%
2026-08-31 09:00:00,0.203 Mpa,0.451 Mpa,0.165 Mpa,0.289 Mpa,,0.176 Mpa,1.04 Mpa,,0.434 Mpa,5.53%,14.0%,5.69%,4.62%,,1.51%,27.0%,,10.0%
2026-08-31 11:00:00,0.0600 Mpa,0.361 Mpa,0.0620 Mpa,0.740 Mpa,,0.307 Mpa,1.29 Mpa,,0.356 Mpa,1.56%,10.9%,2.17%,17.2%,,5.40%,34.3%,,9.31%
2026-08-31 13:00:00,0.263 Mpa,0.563 Mpa,0.0756 Mpa,0.857 Mpa,,0.521 Mpa,0.766 Mpa,,0.363 Mpa,8.00%,17.1%,2.40%,20.5%,,11.2%,19.5%,,8.25%
2026-08-31 15:00:00,0.0578 Mpa,0.317 Mpa,0.139 Mpa,0.0501 Mpa,,0.152 Mpa,0.719 Mpa,,0.308 Mpa,2.09%,9.91%,4.23%,2.17%,,0.475%,16.7%,,6.02%
2026-08-31 17:00:00,0.190 Mpa,1.79 Mpa,0.213 Mpa,0.0600 Mpa,,0.160 Mpa,0.407 Mpa,,0.223 Mpa,6.41%,54.3%,5.02%,1.60%,,0.637%,9.60%,,6.60%
2026-08-31 19:00:00,0.0779 Mpa,0.368 Mpa,0.142 Mpa,0.380 Mpa,,0.178 Mpa,0.752 Mpa,,0.523 Mpa,2.74%,10.8%,3.55%,9.62%,,1.88%,18.7%,,16.2%
2026-08-31 21:00:00,0.217 Mpa,0.236 Mpa,0.157 Mpa,1.34 Mpa,,0.194 Mpa,0.255 Mpa,,0.641 Mpa,7.30%,6.98%,4.52%,34.3%,,3.97%,3.70%,,18.0%
2026-08-31 23:00:00,0.517 Mpa,0.115 Mpa,0.874 Mpa,,,0.119 Mpa,0.261 Mpa,,0.416 Mpa,15.1%,3.65%,24.5%,,,2.57%,3.73%,,58.1%
2026-09-01 01:00:00,1.01 Mpa,0.0243 Mpa,,,,,,,0.595 Mpa,26.4%,3.39%,,,,,,,13.9%
2026-09-01 03:00:00,0.113 Mpa,0.0509 Mpa,2.42 Mpa,0.0738 Mpa,,,0.352 Mpa,,0.0552 Mpa,3.85%,6.29%,63.4%,5.90%,,,8.19%,,4.83%
2026-09-01 05:00:00,0.581 Mpa,,0.134 Mpa,0.720 Mpa,,0.365 Mpa,,,,14.9%,,2.25%,17.3%,,6.83%,,,
2026-09-01 07:00:00,0.266 Mpa,,0.794 Mpa,0.213 Mpa,,0.185 Mpa,0.286 Mpa,,0.167 Mpa,10.2%,,25.9%,3.38%,,1.42%,5.35%,,24.2%
2026-09-01 09:00:00,0.0607 Mpa,0.380 Mpa,0.564 Mpa,0.339 Mpa,,0.160 Mpa,0.237 Mpa,,0.318 Mpa,2.51%,11.1%,16.1%,6.46%,,0.697%,2.21%,,7.43%
2026-09-01 11:00:00,0.135 Mpa,0.0321 Mpa,0.110 Mpa,0.241 Mpa,,0.335 Mpa,0.506 Mpa,,0.239 Mpa,2.86%,1.69%,3.09%,3.72%,,6.15%,10.9%,,5.16%
2026-09-01 13:00:00,0.142 Mpa,0.162 Mpa,0.194 Mpa,0.311 Mpa,,,0.538 Mpa,,0.153 Mpa,3.94%,6.03%,5.11%,5.54%,,,11.0%,,3.11%
2026-09-01 15:00:00,0.261 Mpa,0.261 Mpa,0.174 Mpa,0.190 Mpa,,,1.08 Mpa,,0.259 Mpa,11.8%,8.90%,4.20%,2.24%,,,26.2%,,5.56%
2026-09-01 17:00:00,,0.0324 Mpa,0.0485 Mpa,0.270 Mpa,,,0.265 Mpa,,0.161 Mpa,,1.41%,2.21%,4.45%,,,2.38%,,3.39%
2026-09-01 19:00:00,,,0.0188 Mpa,0.226 Mpa,,,,,,,,2.36%,4.00%,,,,,
2026-09-01 21:00:00,,,0.449 Mpa,0.285 Mpa,,0.506 Mpa,1.97 Mpa,,,,,12.0%,5.54%,,9.43%,52.8%,,
2026-09-01 23:00:00,,,0.275 Mpa,0.339 Mpa,,0.194 Mpa,0.784 Mpa,,0.557 Mpa,,,7.70%,6.49%,,2.90%,17.8%,,12.5%
2026-09-02 01:00:00,0.732 Mpa,0.137 Mpa,0.748 Mpa,0.319 Mpa,,0.121 Mpa,0.616 Mpa,,0.103 Mpa,19.7%,4.34%,21.1%,5.99%,,1.64%,14.1%,,2.50%
2026-09-02 03:00:00,0.871 Mpa,0.328 Mpa,0.0999 Mpa,0.138 Mpa,,2.17 Mpa,0.394 Mpa,,0.260 Mpa,23.1%,9.87%,2.81%,0.927%,,52.6%,6.43%,,5.23%
2026-09-02 05:00:00,0.0741 Mpa,0.487 Mpa,0.100 Mpa,0.237 Mpa,,0.170 Mpa,0.537 Mpa,,0.439 Mpa,5.90%,15.3%,3.11%,3.59%,,1.23%,11.9%,,10.7%
2026-09-02 07:00:00,0.199 Mpa,0.404 Mpa,0.0694 Mpa,0.161 Mpa,,0.230 Mpa,0.973 Mpa,,0.430 Mpa,8.38%,12.2%,1.93%,1.87%,,2.67%,25.7%,,11.2%
2026-09-02 09:00:00,1.41 Mpa,0.206 Mpa,0.275 Mpa,0.163 Mpa,,0.185 Mpa,0.598 Mpa,,0.392 Mpa,37.3%,6.43%,7.59%,1.61%,,0.747%,14.4%,,12.0%
2026-09-02 11:00:00,0.922 Mpa,0.176 Mpa,0.0733 Mpa,0.136 Mpa,,0.157 Mpa,0.324 Mpa,,0.267 Mpa,23.4%,6.21%,2.57%,0.876%,,0.0793%,6.45%,,7.62%
2026-09-02 13:00:00,0.00373 Mpa,0.231 Mpa,0.0589 Mpa,0.358 Mpa,,0.165 Mpa,0.454 Mpa,,0.416 Mpa,0.0179%,7.92%,1.54%,6.90%,,0.229%,9.60%,,10.0%
2026-09-02 15:00:00,1.03 Mpa,0.244 Mpa,0.121 Mpa,0.286 Mpa,,0.195 Mpa,0.303 Mpa,,0.215 Mpa,26.9%,8.08%,3.20%,6.36%,,1.72%,3.60%,,6.21%
2026-09-02 17:00:00,0.410 Mpa,0.120 Mpa,0.0831 Mpa,0.276 Mpa,,0.178 Mpa,0.236 Mpa,,0.234 Mpa,10.9%,3.65%,1.73%,4.61%,,1.29%,2.97%,,4.71%
2026-09-02 19:00:00,0.343 Mpa,0.234 Mpa,0.190 Mpa,0.307 Mpa,,0.246 Mpa,0.341 Mpa,,1.04 Mpa,8.83%,6.97%,4.85%,5.55%,,2.59%,6.58%,,25.7%
2026-09-02 21:00:00,0.584 Mpa,0.409 Mpa,0.230 Mpa,0.327 Mpa,,0.308 Mpa,0.657 Mpa,,0.210 Mpa,15.3%,12.2%,5.49%,5.65%,,4.37%,15.2%,,4.80%
2026-09-02 23:00:00,0.188 Mpa,0.416 Mpa,0.0917 Mpa,0.448 Mpa,,0.189 Mpa,0.580 Mpa,,0.170 Mpa,4.79%,12.3%,1.38%,9.26%,,0.960%,13.6%,,3.10%
2026-09-03 01:00:00,0.131 Mpa,0.128 Mpa,0.316 Mpa,0.402 Mpa,,0.179 Mpa,0.389 Mpa,,0.586 Mpa,5.97%,3.75%,8.95%,7.56%,,6.63%,6.83%,,14.4%
2026-09-03 03:00:00,0.308 Mpa,0.363 Mpa,0.314 Mpa,0.307 Mpa,,0.298 Mpa,0.364 Mpa,,0.245 Mpa,7.08%,10.7%,9.40%,5.26%,,4.77%,6.48%,,4.34%
2026-09-03 05:00:00,0.639 Mpa,0.238 Mpa,0.132 Mpa,0.257 Mpa,,0.189 Mpa,0.423 Mpa,,0.150 Mpa,18.1%,25.8%,4.52%,4.15%,,2.22%,9.29%,,2.94%
2026-09-03 07:00:00,0.666 Mpa,0.330 Mpa,0.432 Mpa,0.249 Mpa,,0.239 Mpa,0.261 Mpa,,0.696 Mpa,17.4%,10.6%,12.0%,3.78%,,3.91%,2.84%,,23.6%
2026-09-03 09:00:00,0.184 Mpa,0.179 Mpa,0.207 Mpa,0.133 Mpa,,0.290 Mpa,0.361 Mpa,,0.184 Mpa,6.46%,6.34%,5.32%,0.623%,,4.89%,5.67%,,4.05%
2026-09-03 11:00:00,0.641 Mpa,0.629 Mpa,0.178 Mpa,0.307 Mpa,,0.281 Mpa,0.501 Mpa,,0.192 Mpa,16.3%,20.3%,4.95%,5.27%,,3.99%,10.4%,,4.28%
2026-09-03 13:00:00,0.222 Mpa,0.165 Mpa,0.154 Mpa,0.266 Mpa,,0.304 Mpa,0.0910 Mpa,,0.263 Mpa,4.82%,5.86%,4.54%,4.87%,,4.88%,0.0623%,,6.61%
2026-09-03 15:00:00,0.235 Mpa,0.827 Mpa,0.267 Mpa,0.245 Mpa,,0.345 Mpa,2.15 Mpa,,0.208 Mpa,6.06%,25.9%,6.84%,3.96%,,5.52%,58.9%,,4.18%
2026-09-03 17:00:00,0.131 Mpa,0.198 Mpa,0.403 Mpa,0.225 Mpa,,0.207 Mpa,1.95 Mpa,,0.253 Mpa,4.96%,6.12%,10.9%,3.34%,,1.75%,54.5%,,4.97%
2026-09-03 19:00:00,0.361 Mpa,0.218 Mpa,0.106 Mpa,0.226 Mpa,,0.237 Mpa,1.83 Mpa,,0.857 Mpa,9.46%,6.64%,1.96%,2.87%,,2.36%,57.3%,,21.4%
2026-09-03 21:00:00,0.638 Mpa,0.449 Mpa,0.107 Mpa,0.161 Mpa,,0.378 Mpa,0.953 Mpa,,0.287 Mpa,16.5%,14.2%,1.79%,1.64%,,6.02%,25.5%,,5.91%
2026-09-03 23:00:00,0.104 Mpa,0.518 Mpa,0.299 Mpa,0.175 Mpa,,0.215 Mpa,0.237 Mpa,,1.01 Mpa,7.01%,16.6%,8.54%,1.83%,,1.40%,1.94%,,24.4%
2026-09-04 01:00:00,0.105 Mpa,0.222 Mpa,0.617 Mpa,0.182 Mpa,,0.219 Mpa,0.237 Mpa,,0.374 Mpa,4.09%,6.73%,16.2%,2.19%,,1.54%,1.78%,,8.78%
2026-09-04 03:00:00,0.541 Mpa,0.661 Mpa,0.317 Mpa,0.142 Mpa,,0.245 Mpa,0.210 Mpa,,0.132 Mpa,16.8%,20.5%,8.86%,0.883%,,2.27%,1.18%,,1.38%
2026-09-04 05:00:00,0.367 Mpa,0.554 Mpa,0.125 Mpa,0.181 Mpa,,0.202 Mpa,0.209 Mpa,,1.74 Mpa,9.19%,16.7%,6.09%,2.73%,,2.84%,1.98%,,44.3%
2026-09-04 07:00:00,0.161 Mpa,0.587 Mpa,0.304 Mpa,,,0.311 Mpa,0.231 Mpa,,0.191 Mpa,5.92%,22.6%,7.91%,,,5.75%,1.85%,,3.27%
2026-09-04 09:00:00,0.244 Mpa,0.659 Mpa,0.194 Mpa,,,0.251 Mpa,0.230 Mpa,,0.213 Mpa,7.67%,20.5%,4.99%,,,3.80%,1.97%,,3.59%
2026-09-04 11:00:00,0.228 Mpa,0.983 Mpa,0.359 Mpa,1.24 Mpa,0 Mpa,0.264 Mpa,0.210 Mpa,,0.187 Mpa,7.30%,30.4%,9.58%,30.0%,0.821%,3.93%,1.30%,,3.01%
2026-09-04 13:00:00,0.180 Mpa,0.797 Mpa,0.244 Mpa,0.242 Mpa,0 Mpa,0.197 Mpa,0.253 Mpa,,0.202 Mpa,6.09%,25.4%,7.22%,3.57%,0.412%,1.48%,3.08%,,4.00%
2026-09-04 15:00:00,0.0236 Mpa,0.323 Mpa,0.230 Mpa,0.235 Mpa,0.00638 Mpa,0.213 Mpa,0.266 Mpa,,0.262 Mpa,3.98%,11.0%,6.16%,3.42%,1.94%,3.10%,3.02%,,10.7%
2026-09-04 17:00:00,0.541 Mpa,0.333 Mpa,0.142 Mpa,0.253 Mpa,,0.194 Mpa,0.214 Mpa,,0.387 Mpa,14.1%,10.6%,3.25%,10.4%,,2.90%,1.59%,,12.6%
2026-09-04 19:00:00,0.0869 Mpa,0.124 Mpa,0.172 Mpa,0.169 Mpa,,0.153 Mpa,0.243 Mpa,,0.740 Mpa,4.28%,4.78%,5.72%,4.33%,,1.34%,1.84%,,17.3%
2026-09-04 21:00:00,0.0628 Mpa,0.119 Mpa,0.0729 Mpa,0.824 Mpa,,0.299 Mpa,0.281 Mpa,,0.808 Mpa,1.16%,4.71%,2.69%,19.4%,,4.28%,3.28%,,20.2%
2026-09-04 23:00:00,0.0726 Mpa,0.200 Mpa,0.249 Mpa,0.954 Mpa,,0.251 Mpa,0.394 Mpa,,0.505 Mpa,2.58%,6.82%,6.43%,23.2%,,4.21%,6.60%,,10.9%
2026-09-05 01:00:00,0.0691 Mpa,0.112 Mpa,0.0645 Mpa,0.320 Mpa,,0.249 Mpa,0.204 Mpa,,0.490 Mpa,5.85%,3.59%,1.36%,5.58%,,4.52%,1.41%,,11.3%
2026-09-05 03:00:00,0.357 Mpa,0.574 Mpa,0.108 Mpa,0.294 Mpa,,0.301 Mpa,0.245 Mpa,,0.665 Mpa,9.32%,16.9%,3.10%,4.82%,,6.26%,1.96%,,15.4%
2026-09-05 05:00:00,0.133 Mpa,0.0856 Mpa,0.375 Mpa,0.299 Mpa,,0.183 Mpa,0.262 Mpa,,0.244 Mpa,7.23%,3.27%,10.3%,5.75%,,1.57%,2.75%,,4.87%
2026-09-05 07:00:00,0.118 Mpa,0.0449 Mpa,0.470 Mpa,0.624 Mpa,,0.237 Mpa,0.216 Mpa,,0.167 Mpa,5.47%,0.884%,12.7%,13.9%,,2.45%,1.35%,,10.7%
2026-09-05 09:00:00,0.0696 Mpa,0.237 Mpa,0.880 Mpa,0.913 Mpa,,0.207 Mpa,0.197 Mpa,,0.754 Mpa,4.10%,6.93%,23.8%,21.7%,,2.92%,1.11%,,18.0%
2026-09-05 11:00:00,0.149 Mpa,0.0908 Mpa,0.338 Mpa,0.875 Mpa,,0.211 Mpa,0.257 Mpa,,0.245 Mpa,7.88%,2.67%,9.05%,21.2%,,2.39%,3.12%,,11.4%
2026-09-05 13:00:00,0.215 Mpa,0.557 Mpa,1.42 Mpa,0.489 Mpa,,0.142 Mpa,0.205 Mpa,,0.247 Mpa,9.03%,17.0%,38.5%,10.5%,,1.69%,1.81%,,10.0%
2026-09-05 15:00:00,0.00914 Mpa,0.426 Mpa,0.0951 Mpa,0.491 Mpa,0.0253 Mpa,,0.422 Mpa,,0.151 Mpa,0.837%,13.1%,2.27%,10.2%,1.57%,,8.48%,,2.42%
2026-09-05 17:00:00,0.245 Mpa,0.269 Mpa,0.350 Mpa,0.441 Mpa,0.0173 Mpa,,0.246 Mpa,,0.251 Mpa,7.78%,30.2%,9.26%,9.16%,1.76%,,2.60%,,5.06%
2026-09-05 19:00:00,0.0965 Mpa,0.482 Mpa,0.293 Mpa,0.295 Mpa,,0.295 Mpa,0.209 Mpa,,0.215 Mpa,6.24%,14.7%,7.60%,4.98%,,5.35%,1.17%,,3.08%
2026-09-05 21:00:00,0.173 Mpa,0.635 Mpa,0.318 Mpa,0.516 Mpa,0.0185 Mpa,0.466 Mpa,0.206 Mpa,,0.179 Mpa,7.43%,19.2%,8.21%,10.9%,2.02%,10.1%,2.09%,,2.81%
2026-09-05 23:00:00,0.111 Mpa,0.423 Mpa,0.163 Mpa,0.455 Mpa,0.0190 Mpa,0.452 Mpa,0.297 Mpa,,0.355 Mpa,5.13%,12.7%,3.89%,9.38%,1.39%,9.53%,3.70%,,6.52%
2026-09-06 01:00:00,0.184 Mpa,0.719 Mpa,0.829 Mpa,0.142 Mpa,0.0415 Mpa,0.531 Mpa,0.399 Mpa,,0.519 Mpa,7.63%,21.4%,22.1%,1.22%,2.71%,18.8%,7.36%,,11.5%
2026-09-06 03:00:00,0.144 Mpa,0.750 Mpa,0.274 Mpa,0.243 Mpa,0.0234 Mpa,0.258 Mpa,0.333 Mpa,,0.311 Mpa,6.74%,22.4%,7.77%,3.64%,2.41%,4.41%,5.27%,,6.57%
2026-09-06 05:00:00,0.132 Mpa,0.232 Mpa,0.180 Mpa,0.159 Mpa,,0.298 Mpa,0.338 Mpa,,0.348 Mpa,6.92%,7.36%,4.40%,1.95%,,6.00%,4.98%,,7.05%
2026-09-06 07:00:00,0.0847 Mpa,0.220 Mpa,0.775 Mpa,0.206 Mpa,,0.379 Mpa,0.214 Mpa,,0.191 Mpa,5.15%,6.33%,21.2%,2.64%,,8.06%,1.29%,,6.71%
2026-09-06 09:00:00,0.0857 Mpa,0.950 Mpa,0.680 Mpa,0.128 Mpa,0.228 Mpa,0.288 Mpa,0.195 Mpa,,0.128 Mpa,7.20%,29.1%,18.0%,0.543%,9.13%,5.33%,1.74%,,1.68%
2026-09-06 11:00:00,0.197 Mpa,0.166 Mpa,0.705 Mpa,0.299 Mpa,0.0169 Mpa,0.391 Mpa,0.191 Mpa,,0.204 Mpa,7.57%,5.27%,19.6%,5.38%,2.81%,7.69%,1.78%,,3.20%
2026-09-06 13:00:00,0.145 Mpa,0.137 Mpa,0.143 Mpa,0.225 Mpa,0.00420 Mpa,2.65 Mpa,0.202 Mpa,,1.69 Mpa,6.83%,18.5%,3.46%,4.17%,1.36%,69.6%,1.13%,,47.0%
2026-09-06 15:00:00,0.133 Mpa,0.145 Mpa,0.239 Mpa,0.258 Mpa,0 Mpa,,0.0813 Mpa,,0.420 Mpa,6.58%,4.14%,6.85%,4.49%,0.122%,,4.90%,,8.18%
2026-09-06 17:00:00,0.238 Mpa,0.130 Mpa,0.626 Mpa,0.207 Mpa,0.00200 Mpa,,0.236 Mpa,,0.249 Mpa,8.66%,4.76%,16.8%,3.18%,2.06%,,2.95%,,4.80%
2026-09-06 19:00:00,0.0526 Mpa,0.127 Mpa,0.263 Mpa,0.507 Mpa,,,0.221 Mpa,,0.184 Mpa,12.8%,4.39%,7.46%,10.5%,,,1.78%,,7.07%
2026-09-06 21:00:00,0.129 Mpa,0.160 Mpa,0.313 Mpa,0.466 Mpa,0.256 Mpa,0.0952 Mpa,0.268 Mpa,,0.342 Mpa,13.8%,6.25%,8.96%,9.36%,8.05%,0.0523%,3.15%,,7.84%
2026-09-06 23:00:00,0.173 Mpa,0.207 Mpa,0.470 Mpa,0.267 Mpa,,,0.340 Mpa,,0.225 Mpa,7.04%,6.39%,13.0%,5.05%,,,5.75%,,3.95%
2026-09-07 01:00:00,0.180 Mpa,0.207 Mpa,0.453 Mpa,0.116 Mpa,,,0.323 Mpa,,0.484 Mpa,6.66%,6.12%,12.2%,1.23%,,,5.14%,,11.1%
2026-09-07 03:00:00,0.0853 Mpa,0.946 Mpa,0.145 Mpa,0.530 Mpa,,,0.260 Mpa,,0.658 Mpa,5.09%,28.3%,3.33%,11.2%,,,2.87%,,16.8%
2026-09-07 05:00:00,0.159 Mpa,0.196 Mpa,0.530 Mpa,0.251 Mpa,,,0.207 Mpa,,0.299 Mpa,6.44%,6.41%,14.6%,4.55%,,,0.906%,,7.34%
2026-09-07 07:00:00,0.157 Mpa,0.174 Mpa,0.307 Mpa,0.292 Mpa,,,0.221 Mpa,,0.597 Mpa,5.96%,5.50%,9.39%,5.45%,,,1.75%,,14.9%
2026-09-07 09:00:00,0.105 Mpa,0.140 Mpa,0.403 Mpa,0.208 Mpa,,,0.224 Mpa,,0.191 Mpa,5.14%,4.35%,10.3%,3.37%,,,1.51%,,6.86%
2026-09-07 11:00:00,0.156 Mpa,0.219 Mpa,0.625 Mpa,0.305 Mpa,,,0.210 Mpa,,0.506 Mpa,5.56%,7.12%,17.2%,5.49%,,,1.48%,,13.9%
2026-09-07 13:00:00,2.37 Mpa,0.210 Mpa,0.467 Mpa,0.555 Mpa,,,0.225 Mpa,,0.273 Mpa,63.7%,6.73%,12.9%,12.7%,,,2.08%,,6.01%
2026-09-07 15:00:00,0.844 Mpa,0.261 Mpa,0.318 Mpa,0.530 Mpa,0.0331 Mpa,,0.210 Mpa,,0.130 Mpa,21.8%,8.26%,9.12%,11.8%,1.39%,,2.16%,,21.7%
2026-09-07 17:00:00,0.750 Mpa,0.184 Mpa,0.191 Mpa,0.115 Mpa,0.0554 Mpa,0.922 Mpa,0.208 Mpa,,0.132 Mpa,19.7%,6.27%,5.34%,0.622%,1.30%,21.3%,1.40%,,39.6%
2026-09-07 19:00:00,0.282 Mpa,0.295 Mpa,0.273 Mpa,0.267 Mpa,,0.448 Mpa,0.233 Mpa,,0.272 Mpa,6.80%,19.4%,7.54%,4.57%,,9.62%,2.00%,,5.92%
2026-09-07 21:00:00,0.405 Mpa,0.189 Mpa,0.321 Mpa,0.994 Mpa,,0.287 Mpa,0.224 Mpa,,0.189 Mpa,9.88%,6.52%,8.40%,23.9%,,4.57%,2.09%,,3.64%
2026-09-07 23:00:00,0.987 Mpa,0.617 Mpa,0.208 Mpa,1.02 Mpa,0.0261 Mpa,0.473 Mpa,0.329 Mpa,,0.431 Mpa,25.2%,19.2%,5.36%,24.0%,1.20%,9.94%,4.45%,,9.32%
2026-09-08 01:00:00,0.695 Mpa,0.0302 Mpa,0.197 Mpa,0.260 Mpa,0.0110 Mpa,0.286 Mpa,0.258 Mpa,,0.222 Mpa,18.6%,3.15%,5.28%,4.65%,1.28%,5.20%,4.43%,,3.73%
2026-09-08 03:00:00,2.37 Mpa,0.299 Mpa,0.462 Mpa,0.637 Mpa,0.127 Mpa,0.303 Mpa,0.261 Mpa,,0.351 Mpa,61.1%,8.34%,12.5%,14.1%,5.36%,5.70%,2.63%,,19.3%
2026-09-08 05:00:00,0.0612 Mpa,0.199 Mpa,0.0968 Mpa,0.285 Mpa,,0.150 Mpa,0.444 Mpa,,0.376 Mpa,0.955%,5.49%,1.47%,5.03%,,0.660%,9.74%,,8.32%
2026-09-08 07:00:00,0 Mpa,0.244 Mpa,0.132 Mpa,0.141 Mpa,,0.387 Mpa,0.343 Mpa,,0.180 Mpa,0%,6.98%,2.52%,1.40%,,7.50%,7.36%,,3.53%
2026-09-08 09:00:00,0.00473 Mpa,0.390 Mpa,0.530 Mpa,0.886 Mpa,0 Mpa,0.354 Mpa,0.454 Mpa,,0.148 Mpa,0.184%,11.8%,14.2%,21.0%,2.80%,6.45%,9.70%,,1.34%
2026-09-08 11:00:00,2.86 Mpa,0.371 Mpa,0.408 Mpa,0.275 Mpa,0 Mpa,0.272 Mpa,0.323 Mpa,,0.742 Mpa,74.5%,11.3%,11.6%,5.14%,1.42%,3.99%,6.28%,,16.5%
2026-09-08 13:00:00,2.02 Mpa,0.653 Mpa,0.0860 Mpa,1.05 Mpa,0.438 Mpa,0.420 Mpa,0.294 Mpa,,0.310 Mpa,52.2%,19.5%,2.37%,25.4%,12.2%,9.59%,5.97%,,6.94%
2026-09-08 15:00:00,0.325 Mpa,0.0460 Mpa,0.0834 Mpa,0.445 Mpa,0.351 Mpa,0.487 Mpa,0.239 Mpa,,0.638 Mpa,8.06%,1.62%,2.28%,9.40%,11.2%,10.9%,4.64%,,15.8%
2026-09-08 17:00:00,,0.216 Mpa,0.507 Mpa,0.288 Mpa,1.47 Mpa,0.159 Mpa,0.312 Mpa,,0.383 Mpa,,6.53%,13.7%,5.61%,39.8%,2.54%,5.68%,,9.44%
2026-09-08 19:00:00,,0.139 Mpa,0.250 Mpa,0.190 Mpa,0.0360 Mpa,0.218 Mpa,0.688 Mpa,,0.141 Mpa,,4.30%,6.04%,7.45%,22.1%,3.84%,15.7%,,3.29%
2026-09-08 21:00:00,0.0454 Mpa,0.536 Mpa,0.455 Mpa,0.279 Mpa,0.0295 Mpa,0.283 Mpa,0.484 Mpa,,0.186 Mpa,0.953%,15.2%,11.4%,5.25%,10.9%,4.32%,9.03%,,3.25%
2026-09-08 23:00:00,,0.437 Mpa,0.352 Mpa,0.240 Mpa,0.127 Mpa,0.215 Mpa,0.446 Mpa,,0.158 Mpa,,13.0%,9.87%,4.92%,10.8%,2.14%,8.38%,,2.07%
2026-09-09 01:00:00,0.0391 Mpa,0.301 Mpa,0.377 Mpa,0.141 Mpa,0.0847 Mpa,0.189 Mpa,0.345 Mpa,,0.192 Mpa,3.38%,9.05%,10.8%,0.508%,3.32%,1.39%,5.66%,,7.55%
2026-09-09 03:00:00,,0.132 Mpa,0.200 Mpa,0.0907 Mpa,0.272 Mpa,0.354 Mpa,0.325 Mpa,,0.563 Mpa,,4.22%,5.68%,1.97%,7.81%,5.50%,4.67%,,16.5%
2026-09-09 05:00:00,,0.187 Mpa,0.220 Mpa,0.151 Mpa,0.109 Mpa,0.262 Mpa,0.199 Mpa,,0.358 Mpa,,5.35%,6.48%,2.11%,4.25%,3.28%,1.35%,,7.98%
2026-09-09 07:00:00,,0.262 Mpa,0.185 Mpa,0.213 Mpa,0.260 Mpa,0.336 Mpa,0.770 Mpa,,0.315 Mpa,,7.48%,5.20%,2.43%,8.38%,5.87%,17.8%,,7.14%
2026-09-09 09:00:00,0 Mpa,0.198 Mpa,,0.377 Mpa,0.0639 Mpa,0.212 Mpa,0.569 Mpa,,0.179 Mpa,3.69%,6.16%,,7.58%,3.07%,2.12%,12.2%,,4.03%
2026-09-09 11:00:00,0.0231 Mpa,0.156 Mpa,0.244 Mpa,0.143 Mpa,0.128 Mpa,0.277 Mpa,0.394 Mpa,,0.265 Mpa,1.45%,4.78%,7.20%,1.46%,4.94%,3.56%,6.88%,,6.92%
2026-09-09 13:00:00,,0.853 Mpa,0.159 Mpa,0.373 Mpa,0.0235 Mpa,0.625 Mpa,0.463 Mpa,,0.487 Mpa,,26.7%,4.79%,7.72%,2.77%,14.1%,9.89%,,10.8%
2026-09-09 15:00:00,0.0157 Mpa,0.596 Mpa,0.152 Mpa,0.332 Mpa,0.233 Mpa,0.257 Mpa,0.480 Mpa,,0.141 Mpa,0.0806%,18.9%,5.59%,30.5%,7.23%,4.20%,9.83%,,1.84%
2026-09-09 17:00:00,,1.28 Mpa,0.252 Mpa,0.119 Mpa,0.0527 Mpa,0.200 Mpa,0.448 Mpa,,0.0500 Mpa,,38.8%,6.75%,14.7%,2.18%,3.11%,8.92%,,0.400%
2026-09-09 19:00:00,,0.443 Mpa,0.282 Mpa,0.546 Mpa,0.141 Mpa,0.193 Mpa,0.395 Mpa,,,,13.2%,6.62%,12.3%,4.84%,2.31%,6.90%,,
2026-09-09 21:00:00,0.0106 Mpa,0.195 Mpa,0.313 Mpa,0.841 Mpa,0.160 Mpa,0.733 Mpa,0.297 Mpa,,0.0516 Mpa,0.0170%,5.20%,8.18%,20.8%,5.82%,17.1%,4.25%,,0.443%
2026-09-09 23:00:00,,0.0261 Mpa,0.334 Mpa,0.156 Mpa,0.0849 Mpa,0.773 Mpa,1.52 Mpa,,,,1.13%,9.03%,1.88%,3.67%,18.3%,54.0%,,
2026-09-10 01:00:00,,0.196 Mpa,0.0811 Mpa,0.307 Mpa,0.0882 Mpa,0.318 Mpa,1.74 Mpa,,0.0503 Mpa,,5.17%,2.03%,5.44%,3.01%,5.26%,48.2%,,0.424%
2026-09-10 03:00:00,,0.730 Mpa,0.188 Mpa,0.518 Mpa,0.0538 Mpa,0.198 Mpa,0.195 Mpa,,0.0479 Mpa,,21.5%,4.74%,11.1%,2.98%,2.75%,0.890%,,0.448%
2026-09-10 05:00:00,,0.873 Mpa,0.229 Mpa,0.376 Mpa,0.131 Mpa,0.196 Mpa,0.242 Mpa,,,,26.6%,5.67%,7.24%,4.27%,3.48%,2.36%,,
2026-09-10 07:00:00,,0.224 Mpa,0.241 Mpa,0.185 Mpa,0.109 Mpa,0.169 Mpa,0.293 Mpa,,,,8.07%,6.30%,1.76%,5.06%,2.92%,3.92%,,
2026-09-10 09:00:00,,,0.151 Mpa,0.253 Mpa,0.153 Mpa,0.256 Mpa,0.228 Mpa,,,,,2.98%,3.32%,4.51%,5.15%,1.67%,,
2026-09-10 11:00:00,,0.00804 Mpa,0.415 Mpa,0.392 Mpa,0.181 Mpa,0.390 Mpa,0.911 Mpa,,,,2.94%,12.0%,7.81%,5.73%,9.99%,23.2%,,
2026-09-10 13:00:00,,0 Mpa,0.132 Mpa,0.923 Mpa,1.05 Mpa,0.165 Mpa,,,,,2.81%,3.70%,22.3%,31.1%,4.00%,,,
2026-09-10 15:00:00,,0 Mpa,0.119 Mpa,0.169 Mpa,0.354 Mpa,0.188 Mpa,,,,,2.80%,2.72%,1.79%,11.3%,2.23%,,,
2026-09-10 17:00:00,,0.240 Mpa,0.0842 Mpa,0.321 Mpa,0.160 Mpa,0.183 Mpa,0.351 Mpa,,,,7.65%,1.36%,5.59%,5.74%,1.82%,7.48%,,
2026-09-10 19:00:00,,0.532 Mpa,0.0911 Mpa,0.158 Mpa,0.220 Mpa,0.252 Mpa,0.848 Mpa,,,,15.3%,1.65%,1.60%,7.95%,3.45%,20.6%,,
2026-09-10 21:00:00,,0.498 Mpa,0.122 Mpa,0.140 Mpa,0.0988 Mpa,0.173 Mpa,0.705 Mpa,,,,15.5%,2.07%,1.31%,4.54%,1.31%,17.3%,,
2026-09-10 23:00:00,,0.0915 Mpa,0.0975 Mpa,0.151 Mpa,0.110 Mpa,0.265 Mpa,0.288 Mpa,,,,2.55%,3.43%,0.774%,4.10%,16.8%,4.80%,,
2026-09-11 01:00:00,,0.0557 Mpa,0.331 Mpa,0.132 Mpa,0.341 Mpa,0.186 Mpa,0.217 Mpa,,,,1.43%,7.77%,0.954%,10.7%,4.61%,1.99%,,
2026-09-11 03:00:00,0.00430 Mpa,0.122 Mpa,0.156 Mpa,0.260 Mpa,0.804 Mpa,0.254 Mpa,0.641 Mpa,,0.0599 Mpa,0.0188%,3.55%,3.63%,3.67%,22.3%,6.12%,13.9%,,0.903%
2026-09-11 05:00:00,,0.269 Mpa,0.740 Mpa,0.255 Mpa,0.185 Mpa,0.178 Mpa,0.275 Mpa,,,,8.20%,19.3%,3.93%,5.44%,2.50%,4.44%,,
2026-09-11 07:00:00,,0.132 Mpa,0.159 Mpa,0.650 Mpa,0.922 Mpa,0.165 Mpa,0.261 Mpa,,,,6.08%,4.17%,14.4%,27.9%,1.46%,3.89%,,
2026-09-11 09:00:00,1.18 Mpa,0.298 Mpa,0.174 Mpa,0.224 Mpa,0.139 Mpa,0.710 Mpa,0.249 Mpa,,,30.5%,9.68%,3.88%,2.99%,4.98%,16.9%,2.87%,,
2026-09-11 11:00:00,0.0114 Mpa,0.176 Mpa,0.236 Mpa,0.310 Mpa,0.243 Mpa,0.204 Mpa,0.823 Mpa,,0.119 Mpa,0.369%,5.94%,6.28%,5.47%,8.01%,3.14%,20.0%,,2.82%
2026-09-11 13:00:00,0 Mpa,0.509 Mpa,0.312 Mpa,0.301 Mpa,0.125 Mpa,0.291 Mpa,0.834 Mpa,,0.291 Mpa,0%,26.0%,7.91%,5.37%,4.82%,5.18%,21.6%,,6.44%
2026-09-11 15:00:00,1.17 Mpa,0.121 Mpa,0.151 Mpa,0.649 Mpa,0.580 Mpa,0.271 Mpa,0.294 Mpa,,0.457 Mpa,32.0%,5.13%,2.96%,15.2%,16.5%,4.19%,4.82%,,10.9%
2026-09-11 17:00:00,1.33 Mpa,0.432 Mpa,0.258 Mpa,0.221 Mpa,0.342 Mpa,0.473 Mpa,0.233 Mpa,,0.177 Mpa,34.7%,13.1%,6.09%,3.16%,9.85%,9.57%,2.43%,,2.88%
2026-09-11 19:00:00,0.109 Mpa,0.258 Mpa,0.145 Mpa,0.710 Mpa,1.21 Mpa,0.337 Mpa,0.215 Mpa,,0.198 Mpa,2.66%,7.81%,2.84%,16.6%,34.0%,5.29%,1.32%,,3.39%
2026-09-11 21:00:00,0.624 Mpa,0.160 Mpa,0.361 Mpa,0.257 Mpa,0.0750 Mpa,0.425 Mpa,0.619 Mpa,,0.210 Mpa,17.0%,4.87%,8.97%,3.72%,2.63%,8.07%,13.0%,,5.15%
2026-09-11 23:00:00,0.388 Mpa,0.223 Mpa,0.135 Mpa,0.417 Mpa,0.129 Mpa,0.259 Mpa,0.725 Mpa,,0.234 Mpa,9.70%,6.66%,3.75%,8.09%,4.23%,3.58%,17.4%,,6.51%
2026-09-12 01:00:00,0.471 Mpa,0.226 Mpa,0.402 Mpa,0.445 Mpa,0.247 Mpa,0.249 Mpa,0.463 Mpa,,0.391 Mpa,11.9%,6.82%,10.6%,9.08%,7.37%,2.94%,9.69%,,8.26%
2026-09-12 03:00:00,0.736 Mpa,0.279 Mpa,0.399 Mpa,0.385 Mpa,0.0622 Mpa,0.320 Mpa,0.424 Mpa,,0.456 Mpa,19.2%,8.13%,9.99%,7.42%,1.80%,5.07%,8.00%,,10.3%
2026-09-12 05:00:00,0.400 Mpa,0.362 Mpa,0.204 Mpa,0.340 Mpa,0.0977 Mpa,0.269 Mpa,0.245 Mpa,,0.217 Mpa,11.4%,11.7%,4.98%,6.08%,2.85%,4.74%,3.24%,,4.75%
2026-09-12 07:00:00,0.637 Mpa,0.306 Mpa,0.159 Mpa,0.927 Mpa,0.153 Mpa,0.715 Mpa,0.255 Mpa,,0.144 Mpa,20.8%,9.95%,4.31%,21.8%,5.10%,16.4%,3.28%,,3.42%
2026-09-12 09:00:00,0.141 Mpa,0.532 Mpa,0.0202 Mpa,0.660 Mpa,0.0592 Mpa,0.299 Mpa,0.686 Mpa,,0.205 Mpa,4.98%,16.0%,1.38%,14.5%,2.66%,6.00%,14.7%,,4.37%
2026-09-12 11:00:00,,0.0761 Mpa,0.213 Mpa,0.578 Mpa,0.0608 Mpa,0.696 Mpa,0.369 Mpa,,0.219 Mpa,,2.87%,5.84%,12.3%,3.11%,16.1%,6.08%,,4.24%
2026-09-12 13:00:00,0.599 Mpa,0.148 Mpa,0.268 Mpa,0.291 Mpa,0.0830 Mpa,0.656 Mpa,,,0.200 Mpa,15.4%,4.73%,7.00%,4.53%,2.90%,14.3%,,,14.1%
2026-09-12 15:00:00,0.831 Mpa,0.649 Mpa,0.233 Mpa,0.582 Mpa,0.0573 Mpa,0.418 Mpa,0.364 Mpa,,0.209 Mpa,22.3%,19.7%,5.89%,29.5%,2.20%,9.03%,4.52%,,3.68%
2026-09-12 17:00:00,0.171 Mpa,0.393 Mpa,0.143 Mpa,0.305 Mpa,0.142 Mpa,0.243 Mpa,0.247 Mpa,,0.185 Mpa,5.98%,12.1%,3.24%,5.21%,4.01%,2.66%,2.93%,,3.22%
2026-09-12 19:00:00,0.0571 Mpa,0.191 Mpa,0.130 Mpa,0.382 Mpa,0.0964 Mpa,0.220 Mpa,0.266 Mpa,,0.249 Mpa,9.05%,6.28%,2.86%,7.29%,3.33%,2.55%,4.02%,,5.53%
2026-09-12 21:00:00,0.381 Mpa,0.0200 Mpa,0.123 Mpa,0.405 Mpa,0.167 Mpa,0.334 Mpa,0.281 Mpa,,0.435 Mpa,10.5%,0.827%,2.46%,8.02%,4.97%,6.68%,3.55%,,9.57%
2026-09-12 23:00:00,0.0856 Mpa,0.0818 Mpa,0.687 Mpa,0.278 Mpa,0.108 Mpa,0.502 Mpa,0.251 Mpa,,0.258 Mpa,15.5%,2.56%,18.8%,4.40%,3.37%,12.2%,3.14%,,5.35%
2026-09-13 01:00:00,0.154 Mpa,0.0209 Mpa,0.267 Mpa,1.21 Mpa,0.0753 Mpa,0.367 Mpa,0.231 Mpa,,0.987 Mpa,3.95%,3.82%,6.94%,29.2%,2.37%,9.47%,1.62%,,24.3%
2026-09-13 03:00:00,0.405 Mpa,0.0253 Mpa,0.191 Mpa,0.199 Mpa,1.23 Mpa,0.479 Mpa,0.269 Mpa,,0.289 Mpa,11.6%,1.13%,4.95%,3.21%,33.4%,11.7%,2.29%,,6.31%
2026-09-13 05:00:00,0.533 Mpa,0.167 Mpa,0.188 Mpa,0.370 Mpa,0.959 Mpa,0.447 Mpa,0.551 Mpa,,0.125 Mpa,15.4%,5.00%,4.42%,6.81%,43.7%,10.8%,11.0%,,1.89%
2026-09-13 07:00:00,0.362 Mpa,0.274 Mpa,0.441 Mpa,0.432 Mpa,0.285 Mpa,0.331 Mpa,0.221 Mpa,,0.421 Mpa,10.3%,8.32%,11.4%,8.54%,8.26%,6.45%,0.832%,,9.78%
2026-09-13 09:00:00,0.432 Mpa,0.313 Mpa,0.398 Mpa,0.290 Mpa,0.450 Mpa,0.674 Mpa,0.534 Mpa,,0.381 Mpa,12.2%,9.85%,10.2%,4.39%,12.9%,15.8%,10.5%,,8.64%
2026-09-13 11:00:00,0.540 Mpa,0.227 Mpa,0.119 Mpa,0.265 Mpa,0.177 Mpa,0.497 Mpa,0.253 Mpa,,0.397 Mpa,16.6%,6.77%,2.99%,3.66%,6.30%,10.3%,5.35%,,17.7%
2026-09-13 13:00:00,0.311 Mpa,0.127 Mpa,0.125 Mpa,0.318 Mpa,0.0219 Mpa,0.448 Mpa,0.457 Mpa,,0.162 Mpa,8.43%,4.71%,3.08%,5.48%,1.68%,10.2%,11.3%,,3.27%
2026-09-13 15:00:00,0.410 Mpa,0.219 Mpa,0.0824 Mpa,0.458 Mpa,0.136 Mpa,0.332 Mpa,0.350 Mpa,,0.531 Mpa,11.1%,7.45%,1.97%,10.1%,4.14%,5.60%,4.87%,,12.1%
2026-09-13 17:00:00,0.246 Mpa,0.168 Mpa,0.242 Mpa,0.226 Mpa,0.0973 Mpa,0.482 Mpa,0.245 Mpa,,0.643 Mpa,6.78%,5.78%,6.00%,2.65%,3.48%,10.3%,2.10%,,15.9%
2026-09-13 19:00:00,0.307 Mpa,0.252 Mpa,0.214 Mpa,0.798 Mpa,0.204 Mpa,0.248 Mpa,0.380 Mpa,,0.157 Mpa,10.0%,7.40%,5.66%,18.6%,6.03%,3.25%,5.83%,,3.25%
2026-09-13 21:00:00,0.124 Mpa,0.387 Mpa,0.136 Mpa,0.212 Mpa,0.140 Mpa,0.386 Mpa,0.840 Mpa,,0.0631 Mpa,6.35%,12.0%,2.89%,5.14%,6.92%,7.71%,20.6%,,1.88%
2026-09-13 23:00:00,0.0644 Mpa,0.00716 Mpa,0.0813 Mpa,0.0988 Mpa,0.220 Mpa,0.360 Mpa,0.267 Mpa,,,2.52%,4.43%,3.45%,0.370%,10.7%,7.31%,3.51%,,
2026-09-14 01:00:00,0.388 Mpa,0.311 Mpa,0.395 Mpa,0.279 Mpa,0.541 Mpa,0.369 Mpa,0.457 Mpa,,,11.1%,10.3%,10.8%,4.32%,15.4%,6.57%,7.91%,,
2026-09-14 03:00:00,0.897 Mpa,0.0466 Mpa,0.271 Mpa,0.217 Mpa,0.107 Mpa,0.527 Mpa,0.666 Mpa,,,23.6%,1.66%,7.36%,2.81%,3.66%,12.2%,14.1%,,
2026-09-14 05:00:00,0.117 Mpa,0.437 Mpa,0.270 Mpa,0.398 Mpa,0.109 Mpa,0.359 Mpa,0.342 Mpa,,,3.62%,15.0%,6.91%,7.60%,3.51%,7.89%,4.67%,,
2026-09-14 07:00:00,1.09 Mpa,0.546 Mpa,0.191 Mpa,0.239 Mpa,0.0721 Mpa,0.201 Mpa,0.654 Mpa,,,28.7%,24.3%,5.01%,6.06%,2.55%,4.14%,14.5%,,
2026-09-14 09:00:00,0.287 Mpa,0.555 Mpa,0.169 Mpa,0.236 Mpa,0.0427 Mpa,0.218 Mpa,0.469 Mpa,,,9.14%,16.8%,3.93%,4.71%,1.42%,4.28%,9.19%,,
2026-09-14 11:00:00,0.757 Mpa,0.754 Mpa,0.101 Mpa,0.243 Mpa,0.261 Mpa,0.255 Mpa,0.268 Mpa,,,20.4%,22.4%,1.73%,5.15%,7.70%,3.66%,3.42%,,
2026-09-14 13:00:00,1.44 Mpa,0.503 Mpa,,0.494 Mpa,0.118 Mpa,0.239 Mpa,0.450 Mpa,,,38.7%,15.1%,,15.0%,4.72%,4.53%,9.53%,,
2026-09-14 15:00:00,0.159 Mpa,0.547 Mpa,0.331 Mpa,0.212 Mpa,0.0481 Mpa,0.228 Mpa,0.246 Mpa,,,3.87%,16.9%,8.64%,6.25%,1.37%,3.78%,2.79%,,
2026-09-14 17:00:00,1.01 Mpa,0.200 Mpa,0.109 Mpa,0.250 Mpa,0.0563 Mpa,0.169 Mpa,0.245 Mpa,,,27.8%,6.15%,2.49%,3.56%,1.92%,1.14%,2.69%,,
2026-09-14 19:00:00,0.667 Mpa,0.122 Mpa,0.825 Mpa,0.595 Mpa,0.177 Mpa,0.291 Mpa,0.287 Mpa,,,17.1%,3.11%,22.3%,12.7%,5.13%,4.61%,3.82%,,
2026-09-14 21:00:00,0.266 Mpa,0.142 Mpa,0.125 Mpa,0.566 Mpa,0.0711 Mpa,0.278 Mpa,0.531 Mpa,,,6.98%,3.95%,4.25%,13.4%,2.48%,6.14%,12.5%,,
2026-09-14 23:00:00,0.618 Mpa,0 Mpa,0.304 Mpa,0.556 Mpa,0.560 Mpa,0.161 Mpa,0.368 Mpa,,,15.9%,1.45%,8.56%,11.8%,15.3%,3.34%,6.25%,,
2026-09-15 01:00:00,0.519 Mpa,0.0624 Mpa,0.297 Mpa,0.362 Mpa,0.207 Mpa,0.158 Mpa,0.286 Mpa,,,13.1%,20.9%,7.65%,6.60%,5.52%,1.02%,4.73%,,
2026-09-15 03:00:00,0.550 Mpa,0.421 Mpa,0.280 Mpa,0.0931 Mpa,0.722 Mpa,0.249 Mpa,0.343 Mpa,,,13.9%,14.1%,7.89%,3.91%,20.3%,6.26%,4.54%,,
2026-09-15 05:00:00,0.328 Mpa,0.112 Mpa,0.320 Mpa,0.338 Mpa,0.909 Mpa,0.261 Mpa,0.301 Mpa,,,9.50%,5.61%,8.44%,5.43%,26.3%,3.53%,4.48%,,
2026-09-15 07:00:00,0.150 Mpa,0.316 Mpa,0.334 Mpa,0.512 Mpa,0.354 Mpa,0.170 Mpa,0.215 Mpa,,,6.46%,9.22%,8.84%,10.7%,10.8%,0.832%,3.10%,,
2026-09-15 09:00:00,0.246 Mpa,0.487 Mpa,0.198 Mpa,0.334 Mpa,0.955 Mpa,0.224 Mpa,0.225 Mpa,,,8.37%,14.8%,5.43%,6.47%,27.8%,3.13%,2.20%,,

