"Time","P_FW - I38","P_FW - I39","P_FW - I40","P_FW - I41","P_FW - I42","P_FW - I43","P_FW - I44","P_FW - I47","P_FW - I48","%FW - I38","%FW - I39","%FW - I40","%FW - I41","%FW - I42","%FW - I43","%FW - I44","%FW - I47","%FW - I48"
2026-06-17 09:00:00,,0.1000 Mpa,0.416 Mpa,,0.161 Mpa,0.458 Mpa,0.420 Mpa,1.29 Mpa,,,12.7%,9.98%,,4.98%,6.47%,12.1%,32.9%,
2026-06-17 11:00:00,,0.420 Mpa,0.247 Mpa,,0.130 Mpa,0.382 Mpa,0.314 Mpa,0.442 Mpa,,,16.2%,5.00%,,3.65%,4.21%,9.25%,10.8%,
2026-06-17 13:00:00,,0.421 Mpa,1.25 Mpa,,,0.517 Mpa,0.0465 Mpa,0.270 Mpa,,,19.4%,34.0%,,,8.06%,1.00%,3.45%,
2026-06-17 15:00:00,,0.490 Mpa,0.825 Mpa,0 Mpa,0.701 Mpa,0.272 Mpa,0.283 Mpa,0.304 Mpa,,,21.5%,21.5%,0.426%,19.2%,1.60%,12.2%,6.57%,
2026-06-17 17:00:00,,0.244 Mpa,0.159 Mpa,0.377 Mpa,0.316 Mpa,0.279 Mpa,0.866 Mpa,0.246 Mpa,,,16.7%,3.01%,11.9%,9.24%,2.45%,24.4%,13.5%,
2026-06-17 19:00:00,,0.286 Mpa,0.297 Mpa,0.308 Mpa,0.188 Mpa,0.280 Mpa,0.623 Mpa,0.203 Mpa,,,16.7%,7.03%,14.4%,6.40%,1.49%,16.2%,12.7%,
2026-06-17 21:00:00,,0.163 Mpa,0.183 Mpa,0.385 Mpa,0.0974 Mpa,0.258 Mpa,0.340 Mpa,0.220 Mpa,,,7.86%,3.34%,9.23%,3.67%,0.883%,7.49%,20.8%,
2026-06-17 23:00:00,,0.150 Mpa,0.183 Mpa,0.282 Mpa,0.280 Mpa,0.334 Mpa,0.288 Mpa,0.376 Mpa,,,5.10%,3.11%,40.8%,8.31%,2.75%,6.47%,8.11%,
2026-06-18 01:00:00,,0.0674 Mpa,0.117 Mpa,0.304 Mpa,0.134 Mpa,0.304 Mpa,0.144 Mpa,0.509 Mpa,,,7.60%,1.70%,6.12%,4.47%,1.68%,2.77%,12.1%,
2026-06-18 03:00:00,,,0.127 Mpa,0.159 Mpa,0.00136 Mpa,0.286 Mpa,0.185 Mpa,0.269 Mpa,,,,1.59%,2.35%,0.294%,1.47%,3.35%,3.96%,
2026-06-18 05:00:00,,0.0880 Mpa,0.184 Mpa,0.202 Mpa,0.575 Mpa,0.251 Mpa,0.142 Mpa,0.258 Mpa,,,13.6%,4.52%,4.09%,15.9%,1.12%,2.49%,15.3%,
2026-06-18 07:00:00,,0.462 Mpa,0.136 Mpa,0.112 Mpa,0.321 Mpa,0.334 Mpa,1.34 Mpa,0.224 Mpa,,,15.4%,2.26%,1.17%,9.31%,3.09%,38.9%,2.98%,
2026-06-18 09:00:00,,0.473 Mpa,0.204 Mpa,0.379 Mpa,0.221 Mpa,0.375 Mpa,0.0997 Mpa,0.449 Mpa,,,15.9%,4.21%,8.71%,7.24%,3.79%,1.27%,10.5%,
2026-06-18 11:00:00,,0.712 Mpa,0.154 Mpa,0.0976 Mpa,0.227 Mpa,0.331 Mpa,0.0955 Mpa,0.355 Mpa,,,25.7%,3.44%,1.04%,6.60%,3.32%,2.34%,5.92%,
2026-06-18 13:00:00,,1.14 Mpa,0.235 Mpa,1.15 Mpa,0.0212 Mpa,0.311 Mpa,0.109 Mpa,0.496 Mpa,,,37.6%,4.86%,30.3%,7.41%,2.28%,3.09%,10.3%,
2026-06-18 15:00:00,0.0534 Mpa,0.139 Mpa,0.448 Mpa,0.436 Mpa,0.708 Mpa,0.300 Mpa,0.0550 Mpa,0.311 Mpa,,1.45%,13.9%,10.6%,11.2%,20.0%,1.93%,2.20%,4.09%,
2026-06-18 17:00:00,1.75 Mpa,0.168 Mpa,0.142 Mpa,0.503 Mpa,0.0716 Mpa,0.320 Mpa,0.103 Mpa,0.378 Mpa,,46.8%,4.83%,2.27%,11.8%,1.87%,3.14%,2.34%,6.99%,
2026-06-18 19:00:00,0.760 Mpa,0.161 Mpa,0.240 Mpa,0.650 Mpa,0.611 Mpa,0.318 Mpa,0.143 Mpa,0.497 Mpa,,21.2%,5.13%,4.44%,15.6%,17.8%,2.06%,2.42%,11.3%,
2026-06-18 21:00:00,0.337 Mpa,0.134 Mpa,0.198 Mpa,0.587 Mpa,0.289 Mpa,0.717 Mpa,0.139 Mpa,0.276 Mpa,,9.12%,5.58%,2.94%,13.6%,8.81%,12.7%,2.38%,3.76%,
2026-06-18 23:00:00,0.709 Mpa,1.68 Mpa,0.201 Mpa,0.272 Mpa,0.961 Mpa,0.279 Mpa,0.167 Mpa,0.266 Mpa,,20.0%,51.5%,3.70%,5.24%,27.7%,0.900%,3.74%,5.75%,
2026-06-19 01:00:00,0.785 Mpa,0.522 Mpa,0.301 Mpa,0.294 Mpa,0.359 Mpa,0.407 Mpa,0.109 Mpa,0.299 Mpa,,19.9%,15.2%,6.87%,6.16%,10.3%,4.79%,2.21%,7.71%,
2026-06-19 03:00:00,0.639 Mpa,0.451 Mpa,0.194 Mpa,,0.0144 Mpa,0.302 Mpa,0.258 Mpa,0.296 Mpa,,19.1%,16.3%,3.22%,,0.806%,1.74%,6.30%,8.30%,
2026-06-19 05:00:00,0.769 Mpa,0 Mpa,0.181 Mpa,1.74 Mpa,0.115 Mpa,0.341 Mpa,0.187 Mpa,0.625 Mpa,,20.8%,7.65%,3.08%,52.1%,3.31%,2.66%,3.74%,15.4%,
2026-06-19 07:00:00,0.614 Mpa,0.00331 Mpa,0.183 Mpa,0.238 Mpa,0.0644 Mpa,0.355 Mpa,0.167 Mpa,0.294 Mpa,,18.5%,7.08%,2.78%,9.17%,2.63%,2.87%,2.93%,5.22%,
2026-06-19 09:00:00,0.729 Mpa,0.0220 Mpa,0.261 Mpa,0.283 Mpa,0.601 Mpa,0.300 Mpa,0.362 Mpa,0.327 Mpa,,20.1%,2.30%,5.05%,5.82%,22.9%,1.51%,8.79%,4.90%,
2026-06-19 11:00:00,0.596 Mpa,0.253 Mpa,0.765 Mpa,0.307 Mpa,0.0160 Mpa,0.404 Mpa,0.502 Mpa,0.347 Mpa,,16.6%,7.88%,19.6%,6.88%,0.562%,5.05%,12.9%,5.16%,
2026-06-19 13:00:00,0.281 Mpa,0.208 Mpa,0.677 Mpa,0.199 Mpa,0.113 Mpa,0.244 Mpa,0.349 Mpa,0.362 Mpa,,8.83%,8.71%,17.1%,3.60%,3.25%,0.180%,8.21%,5.80%,
2026-06-19 15:00:00,0.263 Mpa,0.841 Mpa,0.234 Mpa,0.472 Mpa,0.442 Mpa,0.235 Mpa,0.251 Mpa,0.496 Mpa,,8.88%,27.7%,4.50%,11.2%,14.1%,0.126%,5.94%,9.18%,
2026-06-19 17:00:00,0.710 Mpa,0.140 Mpa,0.163 Mpa,0.189 Mpa,1.07 Mpa,0.296 Mpa,0.672 Mpa,0.359 Mpa,,22.4%,10.4%,2.24%,3.59%,29.0%,2.03%,20.4%,7.84%,
2026-06-19 19:00:00,1.57 Mpa,0.153 Mpa,0.254 Mpa,0 Mpa,1.10 Mpa,0.272 Mpa,0.668 Mpa,0.398 Mpa,,43.2%,6.74%,4.73%,0%,30.1%,0.994%,18.2%,9.61%,
2026-06-19 21:00:00,0.576 Mpa,0.282 Mpa,0.164 Mpa,0.215 Mpa,1.21 Mpa,0.245 Mpa,0.103 Mpa,0.265 Mpa,,16.0%,8.91%,1.79%,3.93%,31.9%,0.0216%,1.40%,6.03%,
2026-06-19 23:00:00,0.733 Mpa,0.154 Mpa,0.203 Mpa,0.248 Mpa,0.00498 Mpa,0.463 Mpa,0.281 Mpa,0.264 Mpa,,21.6%,5.74%,3.33%,4.48%,2.81%,12.0%,12.1%,7.59%,
2026-06-20 01:00:00,0.0619 Mpa,0.149 Mpa,0.344 Mpa,0.269 Mpa,,0.380 Mpa,0.150 Mpa,0.280 Mpa,,5.15%,6.13%,7.27%,5.19%,,3.92%,13.9%,6.43%,
2026-06-20 03:00:00,0.0252 Mpa,0.434 Mpa,0.194 Mpa,0.341 Mpa,,0.546 Mpa,0.268 Mpa,0.371 Mpa,,4.20%,14.5%,2.92%,7.06%,,7.83%,7.41%,5.19%,
2026-06-20 05:00:00,0.222 Mpa,0.274 Mpa,0.190 Mpa,0.400 Mpa,,0.305 Mpa,0.209 Mpa,0.346 Mpa,,8.66%,11.5%,3.45%,9.02%,,2.58%,5.97%,5.30%,
2026-06-20 07:00:00,0.0621 Mpa,0.112 Mpa,0.208 Mpa,0.671 Mpa,,0.498 Mpa,0.126 Mpa,0.739 Mpa,,3.26%,4.79%,3.37%,15.7%,,8.08%,3.53%,19.2%,
2026-06-20 09:00:00,0.132 Mpa,0.347 Mpa,0.325 Mpa,0.378 Mpa,0 Mpa,0.505 Mpa,0.319 Mpa,0.344 Mpa,,3.52%,11.1%,6.46%,8.05%,3.40%,9.68%,14.0%,8.11%,
2026-06-20 11:00:00,0.112 Mpa,0.902 Mpa,0.215 Mpa,0.270 Mpa,0.0552 Mpa,0.450 Mpa,0.357 Mpa,0.440 Mpa,,5.70%,28.3%,3.95%,6.63%,2.31%,5.73%,9.40%,6.57%,
2026-06-20 13:00:00,0.121 Mpa,0.852 Mpa,0.158 Mpa,,,0.362 Mpa,0.160 Mpa,0.279 Mpa,,5.29%,26.8%,2.35%,,,8.66%,3.18%,2.04%,
2026-06-20 15:00:00,0.0898 Mpa,0.108 Mpa,0.161 Mpa,1.13 Mpa,,0.626 Mpa,1.14 Mpa,0.533 Mpa,,8.37%,6.58%,2.33%,32.0%,,14.3%,32.2%,9.42%,
2026-06-20 17:00:00,0.0585 Mpa,0.0742 Mpa,0.132 Mpa,0.333 Mpa,,0.299 Mpa,0.173 Mpa,0.252 Mpa,,2.36%,6.69%,1.78%,23.5%,,2.44%,3.54%,4.19%,
2026-06-20 19:00:00,0.00143 Mpa,0.764 Mpa,0.0904 Mpa,0.580 Mpa,,0.452 Mpa,0.104 Mpa,0.458 Mpa,,0.0321%,22.7%,0.600%,14.6%,,5.37%,1.24%,8.33%,
2026-06-20 21:00:00,0.00213 Mpa,0.370 Mpa,0.169 Mpa,0.307 Mpa,,0.320 Mpa,0.111 Mpa,0.343 Mpa,,0.0460%,11.1%,2.72%,6.02%,,1.94%,1.13%,7.78%,
2026-06-20 23:00:00,0 Mpa,0.233 Mpa,0.138 Mpa,0.197 Mpa,,0.287 Mpa,0.465 Mpa,0.218 Mpa,,0%,7.45%,1.42%,3.06%,,1.03%,12.1%,3.63%,
2026-06-21 01:00:00,0 Mpa,0.128 Mpa,0.153 Mpa,0.292 Mpa,,0.271 Mpa,0.327 Mpa,0.188 Mpa,,0%,2.52%,1.82%,5.72%,,0.662%,9.98%,1.03%,
2026-06-21 03:00:00,0 Mpa,1.05 Mpa,0.306 Mpa,0.843 Mpa,,0.352 Mpa,0.226 Mpa,0.250 Mpa,,0%,32.0%,6.25%,21.1%,,14.2%,5.79%,3.38%,
2026-06-21 05:00:00,0.100 Mpa,0.0950 Mpa,0.331 Mpa,0.882 Mpa,,0.444 Mpa,0.135 Mpa,0.883 Mpa,,3.90%,4.36%,6.96%,22.7%,,7.52%,1.90%,21.8%,
2026-06-21 07:00:00,0.141 Mpa,2.75 Mpa,0.539 Mpa,0.389 Mpa,,0.422 Mpa,0.205 Mpa,0.365 Mpa,,6.31%,10.9%,12.7%,11.7%,,6.45%,3.84%,12.7%,
2026-06-21 09:00:00,0.706 Mpa,6.10 Mpa,0.239 Mpa,0.258 Mpa,,0.366 Mpa,0.192 Mpa,0.356 Mpa,,19.7%,1.29%,4.59%,6.78%,,5.94%,4.96%,14.6%,
2026-06-21 11:00:00,0.635 Mpa,5.91 Mpa,0.808 Mpa,0.378 Mpa,,0.458 Mpa,,0.378 Mpa,,27.7%,52.1%,20.3%,8.17%,,6.79%,,13.7%,
2026-06-21 13:00:00,0.0838 Mpa,1.98 Mpa,,,,,,0.140 Mpa,,4.02%,27.4%,,,,,,12.8%,
2026-06-21 15:00:00,0.0841 Mpa,6.09 Mpa,,0.0239 Mpa,,,,,,6.36%,36.3%,,0.0415%,,,,,
2026-06-21 17:00:00,0.0411 Mpa,5.87 Mpa,0.478 Mpa,0.406 Mpa,,0.700 Mpa,0.0786 Mpa,0.592 Mpa,,2.72%,8.97%,11.1%,9.09%,,11.9%,0.706%,21.3%,
2026-06-21 19:00:00,0.0553 Mpa,6.10 Mpa,0.469 Mpa,0.228 Mpa,,0.260 Mpa,0.245 Mpa,0.259 Mpa,,2.15%,8.71%,11.1%,8.49%,,0.474%,5.54%,10.3%,
2026-06-21 21:00:00,0.0707 Mpa,6.10 Mpa,0.144 Mpa,0.246 Mpa,,0.297 Mpa,0.327 Mpa,2.06 Mpa,,3.05%,21.0%,1.63%,4.30%,,1.28%,8.40%,53.5%,
2026-06-21 23:00:00,0.0681 Mpa,6.10 Mpa,0.787 Mpa,0.129 Mpa,0.293 Mpa,0.247 Mpa,0.173 Mpa,0.562 Mpa,,1.81%,6.11%,19.5%,1.21%,7.66%,0.249%,3.60%,10.9%,
2026-06-22 01:00:00,0.422 Mpa,6.10 Mpa,0.586 Mpa,0.184 Mpa,0.00142 Mpa,0.358 Mpa,0.228 Mpa,0.266 Mpa,,11.0%,6.06%,14.4%,2.49%,0.0407%,13.3%,4.98%,7.55%,
2026-06-22 03:00:00,0.220 Mpa,3.90 Mpa,0.372 Mpa,0.274 Mpa,3.74 Mpa,0.334 Mpa,0.291 Mpa,0.282 Mpa,,5.90%,22.1%,9.50%,5.44%,96.4%,2.56%,6.43%,4.26%,
2026-06-22 05:00:00,0.180 Mpa,0.362 Mpa,0.472 Mpa,0.280 Mpa,0.430 Mpa,0.418 Mpa,0.146 Mpa,0.775 Mpa,,4.55%,13.3%,11.0%,6.58%,24.4%,7.34%,2.42%,17.1%,
2026-06-22 07:00:00,0.141 Mpa,0.164 Mpa,0.288 Mpa,0.355 Mpa,0.247 Mpa,0.670 Mpa,0.139 Mpa,0.513 Mpa,,3.50%,7.09%,5.61%,7.49%,13.2%,14.6%,6.39%,9.48%,
2026-06-22 09:00:00,0.509 Mpa,0.153 Mpa,0.620 Mpa,0.141 Mpa,0.0884 Mpa,0.657 Mpa,0.170 Mpa,0.463 Mpa,,13.4%,4.50%,15.2%,1.23%,49.4%,12.1%,3.78%,10.3%,
2026-06-22 11:00:00,0.950 Mpa,0.224 Mpa,0.289 Mpa,0.159 Mpa,0.244 Mpa,0.452 Mpa,0.137 Mpa,0.523 Mpa,,26.5%,7.47%,6.29%,1.76%,7.46%,6.99%,4.33%,19.8%,
2026-06-22 13:00:00,0.622 Mpa,0.278 Mpa,0.183 Mpa,0.199 Mpa,1.16 Mpa,,0.297 Mpa,0.903 Mpa,,18.8%,11.2%,2.95%,4.16%,48.6%,,7.22%,23.1%,
2026-06-22 15:00:00,0.618 Mpa,0.165 Mpa,0.145 Mpa,0.171 Mpa,0.0358 Mpa,,0.108 Mpa,0.508 Mpa,,19.3%,5.60%,1.98%,2.50%,36.5%,,5.66%,12.6%,
2026-06-22 17:00:00,0.113 Mpa,0.132 Mpa,0.434 Mpa,0.150 Mpa,0.0451 Mpa,,0.153 Mpa,0.323 Mpa,,5.50%,7.40%,9.86%,7.11%,1.53%,,2.97%,8.66%,
2026-06-22 19:00:00,0.0535 Mpa,0.468 Mpa,0.165 Mpa,0.168 Mpa,0.0495 Mpa,,0.383 Mpa,0.407 Mpa,,4.81%,16.2%,2.80%,2.42%,3.28%,,9.71%,8.13%,
2026-06-22 21:00:00,0.0416 Mpa,0.347 Mpa,0.507 Mpa,0.215 Mpa,0.0226 Mpa,0.157 Mpa,0.267 Mpa,0.278 Mpa,,5.15%,12.4%,12.5%,3.60%,0.572%,0.0517%,5.69%,3.29%,
2026-06-22 23:00:00,0.0566 Mpa,0.385 Mpa,0.255 Mpa,0.154 Mpa,0.0234 Mpa,,0.138 Mpa,0.247 Mpa,,5.00%,10.4%,5.69%,1.96%,0.780%,,1.98%,2.09%,
2026-06-23 01:00:00,0.129 Mpa,0.830 Mpa,0.249 Mpa,0.206 Mpa,0.0421 Mpa,,0.209 Mpa,0.214 Mpa,,6.38%,35.9%,5.04%,3.62%,2.41%,,4.15%,3.62%,
2026-06-23 03:00:00,0.280 Mpa,3.40 Mpa,0.424 Mpa,1.10 Mpa,0.0302 Mpa,,0.542 Mpa,0.522 Mpa,,8.07%,94.5%,9.93%,27.8%,1.66%,,14.2%,11.0%,
2026-06-23 05:00:00,0.0663 Mpa,0.447 Mpa,0.452 Mpa,0.400 Mpa,0.0829 Mpa,,0.191 Mpa,0.329 Mpa,,9.41%,23.4%,10.6%,8.98%,2.21%,,3.64%,15.9%,
2026-06-23 07:00:00,0.108 Mpa,,0.287 Mpa,0.291 Mpa,0.0727 Mpa,,0.537 Mpa,0.260 Mpa,,5.65%,,10.5%,5.79%,2.07%,,13.9%,49.8%,
2026-06-23 09:00:00,0.101 Mpa,0.230 Mpa,0.197 Mpa,1.26 Mpa,0.0827 Mpa,,1.18 Mpa,0.286 Mpa,,5.25%,13.8%,2.92%,32.6%,2.74%,,33.6%,9.62%,
2026-06-23 11:00:00,0.698 Mpa,,0.141 Mpa,1.06 Mpa,0.0762 Mpa,0.154 Mpa,0.192 Mpa,0.200 Mpa,,18.0%,,7.94%,27.0%,2.12%,0%,4.46%,16.9%,
2026-06-23 13:00:00,0.185 Mpa,,0.0905 Mpa,0.205 Mpa,0.0645 Mpa,,0.230 Mpa,0.174 Mpa,,5.30%,,7.46%,4.11%,2.98%,,5.05%,4.44%,
2026-06-23 15:00:00,1.11 Mpa,0.423 Mpa,0.209 Mpa,0.250 Mpa,0.456 Mpa,0.135 Mpa,0.274 Mpa,0.429 Mpa,,32.3%,14.3%,6.55%,4.86%,12.3%,0%,6.40%,9.18%,
2026-06-23 17:00:00,0.0939 Mpa,,0.264 Mpa,0.155 Mpa,0.0677 Mpa,,0.174 Mpa,0.444 Mpa,,3.18%,,5.07%,2.05%,1.62%,,4.99%,11.8%,
2026-06-23 19:00:00,0.0537 Mpa,,0.167 Mpa,0.148 Mpa,0.0613 Mpa,,0.0240 Mpa,0.283 Mpa,,2.43%,,2.06%,1.96%,1.23%,,20.0%,2.71%,
2026-06-23 21:00:00,0.121 Mpa,,0.334 Mpa,0.655 Mpa,0.0615 Mpa,,0.235 Mpa,0.324 Mpa,,4.64%,,6.75%,15.5%,1.85%,,6.30%,6.22%,
2026-06-23 23:00:00,0.0746 Mpa,0.424 Mpa,0.245 Mpa,0.368 Mpa,0.128 Mpa,0.137 Mpa,0.550 Mpa,0.585 Mpa,,3.04%,1.50%,4.57%,7.55%,3.16%,0.0592%,16.5%,12.3%,
2026-06-24 01:00:00,0.298 Mpa,0.431 Mpa,0.204 Mpa,0.633 Mpa,0.0425 Mpa,,0.805 Mpa,0.481 Mpa,,8.29%,0.226%,3.37%,14.9%,1.20%,,31.8%,10.3%,
2026-06-24 03:00:00,0.243 Mpa,,0.274 Mpa,0.528 Mpa,0.385 Mpa,,0.0313 Mpa,0.417 Mpa,,6.58%,,5.19%,12.3%,10.8%,,0.791%,9.48%,
2026-06-24 05:00:00,0.152 Mpa,,0.273 Mpa,0.519 Mpa,0.119 Mpa,,,0.306 Mpa,,3.43%,,5.49%,11.8%,4.36%,,,4.63%,
2026-06-24 07:00:00,0.176 Mpa,,0.370 Mpa,0.418 Mpa,0.278 Mpa,,,0.437 Mpa,,5.10%,,8.37%,8.79%,9.34%,,,12.6%,
2026-06-24 09:00:00,0.298 Mpa,,0.686 Mpa,0.584 Mpa,0.889 Mpa,,,0.290 Mpa,,10.4%,,17.7%,13.4%,26.5%,,,16.5%,
2026-06-24 11:00:00,0.0816 Mpa,,0.220 Mpa,0.258 Mpa,0.432 Mpa,0.123 Mpa,0.524 Mpa,0.298 Mpa,,6.05%,,4.01%,5.14%,12.0%,0%,17.0%,27.8%,
2026-06-24 13:00:00,0.100 Mpa,,0.123 Mpa,0.169 Mpa,0.0506 Mpa,0.601 Mpa,,0.274 Mpa,,4.03%,,1.13%,2.83%,1.06%,12.5%,,13.4%,
2026-06-24 15:00:00,0.118 Mpa,0.421 Mpa,0.465 Mpa,0.108 Mpa,0.0116 Mpa,0.186 Mpa,,0.363 Mpa,,5.53%,7.28%,11.1%,1.21%,0.759%,0.711%,,12.7%,
2026-06-24 17:00:00,0.0676 Mpa,0.441 Mpa,0.455 Mpa,0.165 Mpa,0.243 Mpa,0.365 Mpa,,0.800 Mpa,,3.18%,0.262%,9.98%,3.38%,6.40%,7.22%,,21.5%,
2026-06-24 19:00:00,0.106 Mpa,,0.342 Mpa,0.959 Mpa,0.379 Mpa,0.390 Mpa,,0.587 Mpa,,3.90%,,7.12%,23.3%,10.0%,11.2%,,21.8%,
2026-06-24 21:00:00,0.0648 Mpa,0.448 Mpa,0.212 Mpa,0.333 Mpa,0.0687 Mpa,0.314 Mpa,,0.779 Mpa,,4.58%,0.110%,3.32%,6.46%,1.61%,6.20%,,28.5%,
2026-06-24 23:00:00,0.0175 Mpa,0.461 Mpa,0.537 Mpa,0.197 Mpa,0.174 Mpa,0.266 Mpa,,0.868 Mpa,,2.86%,0.0130%,12.4%,2.59%,4.56%,13.5%,,27.6%,
2026-06-25 01:00:00,0.324 Mpa,,0.395 Mpa,0.272 Mpa,0.0656 Mpa,0.298 Mpa,,0.148 Mpa,,11.1%,,8.76%,6.61%,1.75%,20.1%,,23.9%,
2026-06-25 03:00:00,0.826 Mpa,0.430 Mpa,0.202 Mpa,0.687 Mpa,1.92 Mpa,0.246 Mpa,,0.397 Mpa,,22.2%,0.769%,6.05%,16.8%,57.2%,9.22%,,17.4%,
2026-06-25 05:00:00,0.0631 Mpa,,0.892 Mpa,0.283 Mpa,0.978 Mpa,0.371 Mpa,,0.207 Mpa,,16.2%,,22.1%,5.41%,27.5%,5.68%,,5.65%,
2026-06-25 07:00:00,0.200 Mpa,0.438 Mpa,0.232 Mpa,0.234 Mpa,0.724 Mpa,0.225 Mpa,,0.862 Mpa,,7.48%,28.3%,3.62%,4.32%,19.8%,1.74%,,22.3%,
2026-06-25 09:00:00,0.172 Mpa,,0.207 Mpa,0.306 Mpa,0.178 Mpa,0.329 Mpa,,0.241 Mpa,,8.29%,,3.54%,5.98%,5.25%,3.42%,,5.49%,
2026-06-25 11:00:00,0.231 Mpa,,0.174 Mpa,0.332 Mpa,0.0482 Mpa,0.278 Mpa,0.0803 Mpa,0.328 Mpa,,8.22%,,2.53%,7.27%,1.58%,2.87%,2.64%,7.11%,
2026-06-25 13:00:00,0.0336 Mpa,,0.173 Mpa,0.153 Mpa,0.0916 Mpa,0.540 Mpa,1.97 Mpa,0.298 Mpa,,4.27%,,2.62%,2.51%,3.48%,9.64%,61.7%,10.5%,
2026-06-25 15:00:00,0.124 Mpa,0.439 Mpa,0.199 Mpa,0.318 Mpa,0.0114 Mpa,0.306 Mpa,0.359 Mpa,0.266 Mpa,,6.02%,14.3%,3.15%,7.70%,0.362%,19.8%,6.50%,9.01%,
2026-06-25 17:00:00,0.193 Mpa,0.458 Mpa,0.119 Mpa,0.225 Mpa,0.0686 Mpa,0.260 Mpa,0.357 Mpa,0.297 Mpa,,7.66%,3.74%,1.26%,4.03%,2.89%,2.23%,6.57%,11.0%,
2026-06-25 19:00:00,0.155 Mpa,,0.289 Mpa,0.0479 Mpa,0.170 Mpa,0.319 Mpa,0.438 Mpa,0.232 Mpa,,6.82%,,5.73%,0.0846%,4.88%,3.65%,8.89%,16.1%,
2026-06-25 21:00:00,0.201 Mpa,,0.383 Mpa,0.285 Mpa,0.237 Mpa,0.289 Mpa,0.319 Mpa,0.247 Mpa,,7.58%,,8.66%,5.21%,6.91%,2.59%,4.24%,7.15%,
2026-06-25 23:00:00,0.284 Mpa,,0.0345 Mpa,0.324 Mpa,0.0698 Mpa,0.220 Mpa,0.334 Mpa,0.571 Mpa,,10.2%,,0%,6.48%,2.63%,0.687%,4.71%,18.9%,
2026-06-26 01:00:00,0.174 Mpa,0.466 Mpa,,0.298 Mpa,0.0160 Mpa,0.290 Mpa,0.197 Mpa,0.374 Mpa,,4.98%,3.48%,,6.25%,0.541%,2.46%,0.939%,5.76%,
2026-06-26 03:00:00,0.0643 Mpa,,0.0499 Mpa,0.206 Mpa,0.0410 Mpa,0.239 Mpa,0.223 Mpa,0.270 Mpa,,2.23%,,0.483%,3.32%,1.06%,1.57%,1.48%,7.39%,
2026-06-26 05:00:00,0.202 Mpa,,,0.153 Mpa,0.0769 Mpa,0.328 Mpa,0.490 Mpa,0.306 Mpa,,6.27%,,,2.03%,1.96%,3.57%,10.5%,6.24%,
2026-06-26 07:00:00,0.269 Mpa,,,0.162 Mpa,0.223 Mpa,0.281 Mpa,0.231 Mpa,0.292 Mpa,,8.64%,,,2.02%,6.53%,2.01%,3.06%,8.69%,
2026-06-26 09:00:00,0.0617 Mpa,,,0.329 Mpa,0.0855 Mpa,0.310 Mpa,0.217 Mpa,0.413 Mpa,,3.31%,,,7.01%,2.75%,3.22%,7.15%,10.1%,
2026-06-26 11:00:00,0.0377 Mpa,,,0.543 Mpa,0.0541 Mpa,0.414 Mpa,0.229 Mpa,0.388 Mpa,,2.27%,,,12.5%,1.62%,5.89%,6.36%,8.75%,
2026-06-26 13:00:00,0.105 Mpa,0.456 Mpa,,0.467 Mpa,0.0391 Mpa,0.942 Mpa,0.640 Mpa,0.285 Mpa,,6.02%,13.2%,,10.5%,1.09%,20.0%,15.3%,4.18%,
2026-06-26 15:00:00,0.0639 Mpa,0.0163 Mpa,,0.236 Mpa,0.183 Mpa,0.858 Mpa,0.327 Mpa,0.467 Mpa,,4.17%,8.84%,,4.40%,5.55%,18.6%,5.31%,13.3%,
2026-06-26 17:00:00,0.0588 Mpa,0.00843 Mpa,,0.291 Mpa,0.132 Mpa,0.656 Mpa,0.352 Mpa,0.357 Mpa,,3.27%,4.63%,,6.12%,3.70%,12.5%,6.02%,16.5%,
2026-06-26 19:00:00,0.165 Mpa,0.0963 Mpa,,0.139 Mpa,0.0653 Mpa,0.219 Mpa,0.233 Mpa,0.325 Mpa,,5.68%,4.54%,,2.41%,2.24%,0.669%,2.51%,10.2%,
2026-06-26 21:00:00,0.0983 Mpa,0.0165 Mpa,,0.291 Mpa,0.0560 Mpa,0.853 Mpa,0.204 Mpa,,,3.19%,5.49%,,5.43%,1.25%,17.8%,1.40%,,
2026-06-26 23:00:00,0.246 Mpa,0.00161 Mpa,0.0190 Mpa,0.277 Mpa,0.0171 Mpa,0.265 Mpa,0.143 Mpa,0.481 Mpa,,7.53%,0.00679%,0%,4.89%,0%,2.41%,0.558%,12.9%,
2026-06-27 01:00:00,0.181 Mpa,0.144 Mpa,,0.505 Mpa,0.0403 Mpa,0.373 Mpa,0.200 Mpa,0.507 Mpa,,19.4%,10.3%,,11.3%,4.83%,5.41%,4.04%,17.7%,
2026-06-27 03:00:00,0.0309 Mpa,,,0.156 Mpa,0.0739 Mpa,0.386 Mpa,0.406 Mpa,0.411 Mpa,,4.59%,,,1.91%,3.28%,4.68%,10.1%,13.4%,
2026-06-27 05:00:00,0.0250 Mpa,,,0.230 Mpa,0.123 Mpa,0.228 Mpa,0.172 Mpa,0.476 Mpa,,5.12%,,,3.97%,6.86%,0.767%,2.34%,14.5%,
2026-06-27 07:00:00,0.0639 Mpa,,,0.228 Mpa,0.0412 Mpa,0.260 Mpa,0.454 Mpa,0.263 Mpa,,3.58%,,,4.09%,0.949%,1.31%,9.11%,3.17%,
2026-06-27 09:00:00,0.223 Mpa,,,0.162 Mpa,0.113 Mpa,0.234 Mpa,0.239 Mpa,0.418 Mpa,,8.96%,,,2.13%,3.50%,0.631%,2.38%,10.4%,
2026-06-27 11:00:00,0.0770 Mpa,,,0.124 Mpa,0.0245 Mpa,0.510 Mpa,0.214 Mpa,0.405 Mpa,,5.76%,,,1.14%,0.442%,8.57%,1.63%,6.74%,
2026-06-27 13:00:00,0.0276 Mpa,,0.0113 Mpa,0.0934 Mpa,0.184 Mpa,0.387 Mpa,0.293 Mpa,0.283 Mpa,,4.94%,,0.0155%,0.479%,7.42%,5.59%,4.42%,13.7%,
2026-06-27 15:00:00,0.501 Mpa,,0.0618 Mpa,0.740 Mpa,0.528 Mpa,0.492 Mpa,0.280 Mpa,0.306 Mpa,,14.3%,,0.473%,17.9%,14.9%,8.62%,4.02%,6.90%,
2026-06-27 17:00:00,0.286 Mpa,,0.214 Mpa,0.168 Mpa,0.127 Mpa,0.284 Mpa,0.217 Mpa,0.250 Mpa,,8.70%,,5.58%,2.26%,3.69%,3.02%,2.39%,11.6%,
2026-06-27 19:00:00,1.48 Mpa,,0.404 Mpa,0.232 Mpa,0.405 Mpa,0.525 Mpa,0.602 Mpa,0.320 Mpa,,40.4%,,9.53%,3.98%,12.0%,8.71%,13.4%,10.5%,
2026-06-27 21:00:00,0.248 Mpa,,0.721 Mpa,0.989 Mpa,0.0501 Mpa,0.589 Mpa,0.426 Mpa,0.424 Mpa,,9.04%,,18.5%,24.2%,1.30%,10.8%,10.0%,13.4%,
2026-06-27 23:00:00,0.320 Mpa,,0.111 Mpa,0.0765 Mpa,0.0180 Mpa,0.569 Mpa,0.177 Mpa,0.284 Mpa,,9.30%,,1.37%,0.329%,0.294%,9.69%,8.16%,3.37%,
2026-06-28 01:00:00,0.474 Mpa,,0.0919 Mpa,0.119 Mpa,0.0456 Mpa,0.402 Mpa,0.236 Mpa,0.365 Mpa,,12.5%,,0.963%,12.9%,1.04%,5.25%,3.18%,6.76%,
2026-06-28 03:00:00,0.270 Mpa,,0.121 Mpa,0.352 Mpa,0.0933 Mpa,0.240 Mpa,0.143 Mpa,0.481 Mpa,,7.62%,,1.75%,7.09%,2.59%,0.890%,0.856%,13.2%,
2026-06-28 05:00:00,0.0811 Mpa,,0.155 Mpa,0.199 Mpa,0.141 Mpa,0.322 Mpa,0.329 Mpa,0.380 Mpa,,6.32%,,3.41%,2.81%,3.78%,3.29%,6.35%,8.79%,
2026-06-28 07:00:00,0.116 Mpa,,0.404 Mpa,0.249 Mpa,0.0379 Mpa,0.253 Mpa,0.438 Mpa,0.401 Mpa,,22.6%,,10.9%,4.01%,1.67%,1.07%,8.95%,13.0%,
2026-06-28 09:00:00,0.0841 Mpa,,0.191 Mpa,0.167 Mpa,0.168 Mpa,0.261 Mpa,0.122 Mpa,0.382 Mpa,,9.61%,,4.74%,3.87%,6.94%,1.47%,2.54%,7.62%,
2026-06-28 11:00:00,0.134 Mpa,,0.467 Mpa,,0.587 Mpa,0.270 Mpa,0.313 Mpa,0.596 Mpa,,10.4%,,12.4%,,17.4%,2.03%,5.58%,15.3%,
2026-06-28 13:00:00,0.264 Mpa,,0.285 Mpa,0.0310 Mpa,0.132 Mpa,0.412 Mpa,0.627 Mpa,0.308 Mpa,,7.69%,,6.70%,0.829%,3.50%,5.63%,14.1%,12.7%,
2026-06-28 15:00:00,0.188 Mpa,,0.106 Mpa,0.197 Mpa,0.155 Mpa,0.507 Mpa,0.817 Mpa,0.276 Mpa,,7.99%,,1.96%,3.63%,4.57%,8.67%,21.8%,6.57%,
2026-06-28 17:00:00,0.332 Mpa,,0.125 Mpa,0.268 Mpa,0.122 Mpa,0.234 Mpa,0.581 Mpa,0.270 Mpa,,10.0%,,2.25%,4.74%,3.27%,1.11%,13.8%,6.29%,
2026-06-28 19:00:00,0.535 Mpa,,0.143 Mpa,0.164 Mpa,0.435 Mpa,0.492 Mpa,0.546 Mpa,0.382 Mpa,,15.5%,,2.69%,1.92%,12.6%,8.60%,12.4%,11.2%,
2026-06-28 21:00:00,0.982 Mpa,,0.148 Mpa,0.182 Mpa,0.295 Mpa,0.245 Mpa,0.452 Mpa,0.280 Mpa,,28.8%,,2.39%,2.12%,9.09%,1.09%,8.81%,13.8%,
2026-06-28 23:00:00,0.0395 Mpa,,0.256 Mpa,0.184 Mpa,0.110 Mpa,0.310 Mpa,1.69 Mpa,0.395 Mpa,,4.36%,,5.65%,2.26%,3.02%,2.84%,53.2%,13.1%,
2026-06-29 01:00:00,0.122 Mpa,,0.310 Mpa,0.215 Mpa,0.107 Mpa,0.348 Mpa,0.904 Mpa,0.768 Mpa,,24.6%,,6.94%,3.86%,2.65%,4.13%,22.0%,21.4%,
2026-06-29 03:00:00,0.201 Mpa,,0.164 Mpa,0.194 Mpa,0.0650 Mpa,0.218 Mpa,0.530 Mpa,0.300 Mpa,,12.2%,,2.96%,3.00%,1.67%,0.420%,18.5%,38.9%,
2026-06-29 05:00:00,0.0251 Mpa,,0.221 Mpa,0.188 Mpa,0.105 Mpa,0.225 Mpa,0.439 Mpa,0.391 Mpa,,14.0%,,4.58%,3.31%,2.48%,1.33%,10.4%,13.1%,
2026-06-29 07:00:00,0.0000375 Mpa,,0.295 Mpa,0.230 Mpa,0.270 Mpa,0.230 Mpa,0.450 Mpa,0.331 Mpa,,47.9%,,6.90%,3.94%,7.63%,0.751%,10.9%,5.82%,
2026-06-29 09:00:00,0.111 Mpa,,0.393 Mpa,0.0559 Mpa,0.501 Mpa,0.224 Mpa,0.880 Mpa,0.377 Mpa,,3.82%,,10.0%,0.402%,25.9%,1.03%,21.7%,9.12%,
2026-06-29 11:00:00,0.0669 Mpa,,0.168 Mpa,0.172 Mpa,0.130 Mpa,0.225 Mpa,0.264 Mpa,0.631 Mpa,,3.23%,,3.77%,2.22%,14.3%,0.980%,4.09%,14.8%,
2026-06-29 13:00:00,0.0801 Mpa,,0.266 Mpa,0.222 Mpa,0.198 Mpa,0.254 Mpa,0.149 Mpa,0.238 Mpa,,9.10%,,6.05%,4.02%,6.12%,2.09%,0.467%,3.98%,
2026-06-29 15:00:00,0.117 Mpa,,0.0985 Mpa,0.139 Mpa,0.0453 Mpa,0.236 Mpa,0.169 Mpa,0.298 Mpa,,6.84%,,1.30%,1.60%,4.74%,1.13%,1.16%,4.65%,
2026-06-29 17:00:00,0.153 Mpa,,0.442 Mpa,0.154 Mpa,0.207 Mpa,0.292 Mpa,0.218 Mpa,0.323 Mpa,,7.42%,,10.9%,1.97%,6.65%,2.68%,2.95%,11.0%,
2026-06-29 19:00:00,0.0653 Mpa,,0.532 Mpa,0.140 Mpa,0.0829 Mpa,0.314 Mpa,0.857 Mpa,0.440 Mpa,,5.10%,,13.3%,1.71%,2.46%,3.07%,21.9%,17.4%,
2026-06-29 21:00:00,1.00 Mpa,,0.0873 Mpa,0.199 Mpa,0.362 Mpa,0.316 Mpa,0.900 Mpa,0.774 Mpa,,27.5%,,0.803%,3.22%,10.1%,5.26%,22.9%,23.3%,
2026-06-29 23:00:00,0.0791 Mpa,,0.362 Mpa,0.140 Mpa,0.0902 Mpa,0.221 Mpa,1.04 Mpa,0.246 Mpa,,3.96%,,8.44%,2.06%,2.37%,20.4%,28.0%,21.6%,
2026-06-30 01:00:00,0.332 Mpa,,0.122 Mpa,0.129 Mpa,0.122 Mpa,0.412 Mpa,1.25 Mpa,0.339 Mpa,,10.3%,,1.87%,1.56%,3.62%,7.35%,32.9%,14.6%,
2026-06-30 03:00:00,0.0636 Mpa,,0.407 Mpa,0.139 Mpa,0.0142 Mpa,0.221 Mpa,0.236 Mpa,0.537 Mpa,,4.09%,,9.68%,1.92%,2.09%,0.748%,8.73%,17.1%,
2026-06-30 05:00:00,0.0583 Mpa,,0.175 Mpa,0.126 Mpa,0.137 Mpa,0.268 Mpa,0.396 Mpa,0.366 Mpa,,3.24%,,3.60%,1.74%,4.14%,4.20%,13.7%,9.38%,
2026-06-30 07:00:00,0.190 Mpa,,0.408 Mpa,0.215 Mpa,0.00965 Mpa,0.363 Mpa,0.248 Mpa,0.371 Mpa,,7.27%,,9.98%,3.59%,20.7%,6.62%,10.9%,8.01%,
2026-06-30 09:00:00,0.315 Mpa,,2.79 Mpa,0.484 Mpa,0.139 Mpa,0.392 Mpa,0.478 Mpa,0.331 Mpa,,9.09%,,75.2%,11.2%,4.70%,11.0%,10.1%,5.84%,
2026-06-30 11:00:00,0.137 Mpa,,1.03 Mpa,0.211 Mpa,0.0462 Mpa,0.322 Mpa,0.302 Mpa,0.457 Mpa,,4.11%,,27.2%,3.44%,2.16%,7.53%,4.94%,11.8%,
2026-06-30 13:00:00,0.223 Mpa,,0.118 Mpa,0.111 Mpa,0.0571 Mpa,0.369 Mpa,0.0316 Mpa,0.385 Mpa,,7.90%,,2.01%,1.02%,1.62%,6.84%,28.3%,10.3%,
2026-06-30 15:00:00,0.0755 Mpa,,0.163 Mpa,0.142 Mpa,0.391 Mpa,0.254 Mpa,0.214 Mpa,0.294 Mpa,,4.44%,,3.03%,1.64%,11.9%,3.13%,7.76%,7.66%,
2026-06-30 17:00:00,0.129 Mpa,,0.306 Mpa,0.170 Mpa,0.129 Mpa,0.243 Mpa,0.339 Mpa,0.333 Mpa,,5.03%,,7.00%,2.65%,5.53%,1.31%,5.85%,10.4%,
2026-06-30 19:00:00,0.153 Mpa,,0.546 Mpa,0.113 Mpa,0.366 Mpa,0.240 Mpa,0.515 Mpa,0.381 Mpa,,4.80%,,14.1%,0.674%,10.8%,0.713%,11.0%,8.75%,
2026-06-30 21:00:00,0.253 Mpa,,0.534 Mpa,0.0861 Mpa,0.308 Mpa,0.241 Mpa,1.79 Mpa,0.380 Mpa,,8.18%,,14.0%,31.2%,10.5%,0.672%,50.2%,11.0%,
2026-06-30 23:00:00,0.139 Mpa,,0.571 Mpa,0.173 Mpa,0.155 Mpa,0.245 Mpa,0.204 Mpa,2.77 Mpa,,6.24%,,15.6%,3.36%,5.99%,1.13%,2.36%,81.9%,
2026-07-01 01:00:00,0.0907 Mpa,,0.202 Mpa,0.214 Mpa,0.183 Mpa,0.348 Mpa,0.288 Mpa,,,5.89%,,3.99%,3.19%,5.33%,3.18%,3.82%,,
2026-07-01 03:00:00,0.241 Mpa,,0.153 Mpa,0.259 Mpa,0.115 Mpa,0.237 Mpa,0.240 Mpa,,,7.53%,,2.27%,4.85%,3.93%,0.458%,2.54%,,
2026-07-01 05:00:00,0.195 Mpa,,0.127 Mpa,0.235 Mpa,0.227 Mpa,0.269 Mpa,0.205 Mpa,,,8.06%,,2.36%,4.05%,6.08%,1.79%,2.23%,,
2026-07-01 07:00:00,0.164 Mpa,,0.188 Mpa,0.145 Mpa,0.273 Mpa,0.340 Mpa,0.132 Mpa,,,5.82%,,3.67%,1.78%,12.3%,6.06%,0.793%,,
2026-07-01 09:00:00,0.436 Mpa,,1.01 Mpa,0.146 Mpa,0.0212 Mpa,0.653 Mpa,0.320 Mpa,,,13.1%,,26.6%,1.87%,20.0%,13.4%,4.38%,,
2026-07-01 11:00:00,0.191 Mpa,,0.154 Mpa,0.315 Mpa,0.236 Mpa,0.338 Mpa,0.332 Mpa,0.877 Mpa,,6.39%,,2.87%,5.96%,6.51%,4.76%,5.10%,62.1%,
2026-07-01 13:00:00,0.0719 Mpa,,0.286 Mpa,0.331 Mpa,0.221 Mpa,0.360 Mpa,0.302 Mpa,,,4.75%,,6.47%,7.36%,8.68%,5.18%,12.0%,,
2026-07-01 15:00:00,0.0815 Mpa,,0.0959 Mpa,0.0400 Mpa,0.0519 Mpa,0.274 Mpa,0.460 Mpa,,,3.16%,,1.01%,0.172%,2.06%,1.39%,9.77%,,
2026-07-01 17:00:00,0.114 Mpa,,0.136 Mpa,0.213 Mpa,0.129 Mpa,0.377 Mpa,0.315 Mpa,,,5.17%,,2.60%,11.0%,4.68%,4.81%,6.58%,,
2026-07-01 19:00:00,0.0297 Mpa,,0.142 Mpa,0.422 Mpa,0.350 Mpa,0.277 Mpa,0.252 Mpa,0.507 Mpa,,10.3%,,2.46%,9.23%,10.6%,1.14%,3.09%,10.1%,
2026-07-01 21:00:00,0.0767 Mpa,,0.218 Mpa,0.309 Mpa,0.115 Mpa,0.258 Mpa,0.177 Mpa,,,9.90%,,4.17%,6.50%,4.03%,1.31%,2.28%,,
2026-07-01 23:00:00,0.128 Mpa,,0.127 Mpa,0.215 Mpa,0.226 Mpa,0.274 Mpa,0.467 Mpa,,,7.35%,,1.88%,3.35%,5.89%,1.93%,9.85%,,
2026-07-02 01:00:00,0.366 Mpa,,0.175 Mpa,0.185 Mpa,0.455 Mpa,0.598 Mpa,0.236 Mpa,,,11.9%,,2.80%,2.58%,13.3%,10.7%,5.51%,,
2026-07-02 03:00:00,0.0786 Mpa,,0.587 Mpa,0.366 Mpa,0.781 Mpa,0.220 Mpa,0.982 Mpa,,,4.62%,,14.2%,7.87%,23.1%,0.0603%,24.8%,,
2026-07-02 05:00:00,0.0716 Mpa,,0.192 Mpa,0.141 Mpa,0.0766 Mpa,0.246 Mpa,0.252 Mpa,,,5.40%,,3.82%,1.98%,3.39%,1.06%,17.5%,,
2026-07-02 07:00:00,0.373 Mpa,,0.111 Mpa,0.108 Mpa,0.227 Mpa,0.251 Mpa,0.251 Mpa,,,11.4%,,1.29%,0.991%,7.01%,0.985%,15.4%,,
2026-07-02 09:00:00,0.161 Mpa,,0.247 Mpa,0.150 Mpa,0.208 Mpa,0.279 Mpa,0.870 Mpa,,,7.27%,,5.98%,2.03%,7.29%,1.75%,55.6%,,
2026-07-02 11:00:00,0.0683 Mpa,,0.0993 Mpa,0.115 Mpa,0.0176 Mpa,0.300 Mpa,0.179 Mpa,,,4.70%,,0.758%,1.28%,1.11%,2.37%,8.24%,,
2026-07-02 13:00:00,0.0902 Mpa,,0.0776 Mpa,0.106 Mpa,0.0861 Mpa,0.275 Mpa,0.282 Mpa,,,4.77%,,0.672%,0.758%,2.57%,1.50%,13.9%,,
2026-07-02 15:00:00,0.0807 Mpa,,0.865 Mpa,0.387 Mpa,0.277 Mpa,0.241 Mpa,0.163 Mpa,,,3.59%,,22.4%,9.75%,9.02%,0.573%,2.43%,,
2026-07-02 17:00:00,0.0735 Mpa,,0.231 Mpa,0.897 Mpa,0.134 Mpa,0.405 Mpa,0.227 Mpa,,,2.04%,,4.56%,21.6%,5.02%,6.79%,3.46%,,
2026-07-02 19:00:00,0.173 Mpa,,0.187 Mpa,0.245 Mpa,0.138 Mpa,0.357 Mpa,0.525 Mpa,,,4.69%,,3.34%,4.24%,4.11%,5.11%,11.6%,,
2026-07-02 21:00:00,0.344 Mpa,,0.299 Mpa,0.0477 Mpa,0.0929 Mpa,0.281 Mpa,0.308 Mpa,,,11.4%,,6.27%,0.946%,2.84%,4.70%,5.09%,,
2026-07-02 23:00:00,0.0747 Mpa,,0.0913 Mpa,,0.0915 Mpa,0.318 Mpa,0.265 Mpa,,,2.92%,,0.876%,,4.22%,4.28%,3.23%,,
2026-07-03 01:00:00,0.764 Mpa,,0.0513 Mpa,,0.206 Mpa,0.695 Mpa,0.627 Mpa,,,21.0%,,0%,,5.83%,20.1%,17.0%,,
2026-07-03 03:00:00,0.216 Mpa,,0.137 Mpa,0.311 Mpa,0.182 Mpa,0.537 Mpa,0.274 Mpa,,,6.81%,,2.11%,7.42%,5.20%,11.2%,10.8%,,
2026-07-03 05:00:00,0.0904 Mpa,,0.134 Mpa,0.289 Mpa,0.118 Mpa,0.934 Mpa,0.338 Mpa,,,4.49%,,2.21%,5.43%,3.70%,20.2%,6.44%,,
2026-07-03 07:00:00,0.0709 Mpa,,0.207 Mpa,0.254 Mpa,0.0684 Mpa,0.412 Mpa,0.256 Mpa,,,2.96%,,4.40%,3.98%,2.87%,5.84%,3.13%,,
2026-07-03 09:00:00,0.412 Mpa,,0.196 Mpa,0.549 Mpa,0.126 Mpa,0.642 Mpa,0.231 Mpa,,,12.2%,,4.83%,12.4%,4.70%,11.2%,2.83%,,
2026-07-03 11:00:00,0.205 Mpa,,0.143 Mpa,0.163 Mpa,0.172 Mpa,0.691 Mpa,0.383 Mpa,,,7.43%,,2.55%,1.89%,6.34%,13.4%,7.19%,,
2026-07-03 13:00:00,0.0928 Mpa,,0.149 Mpa,0.538 Mpa,0.316 Mpa,0.737 Mpa,0.321 Mpa,,,4.51%,,2.78%,12.0%,10.7%,14.3%,6.27%,,
2026-07-03 15:00:00,0.161 Mpa,,0.187 Mpa,0.261 Mpa,0.203 Mpa,0.755 Mpa,0.344 Mpa,,,6.10%,,3.55%,4.68%,7.11%,15.1%,6.43%,,
2026-07-03 17:00:00,0.0726 Mpa,,0.131 Mpa,0.130 Mpa,0.176 Mpa,0.476 Mpa,0.253 Mpa,,,2.07%,,1.95%,1.23%,4.83%,9.78%,3.40%,,
2026-07-03 19:00:00,0.0795 Mpa,,0.327 Mpa,0.140 Mpa,0.249 Mpa,0.431 Mpa,0.256 Mpa,,,4.37%,,6.90%,1.32%,6.88%,6.98%,3.21%,,
2026-07-03 21:00:00,0.214 Mpa,,0.0929 Mpa,0.288 Mpa,0.0511 Mpa,0.384 Mpa,0.603 Mpa,,,5.66%,,0.456%,4.73%,58.9%,6.52%,13.8%,,
2026-07-03 23:00:00,0.0282 Mpa,,0.132 Mpa,0.217 Mpa,0.0410 Mpa,0.813 Mpa,0.558 Mpa,,,1.06%,,1.50%,3.07%,0.538%,19.0%,12.7%,,
2026-07-04 01:00:00,0.000850 Mpa,,0.254 Mpa,0.342 Mpa,0.208 Mpa,0.338 Mpa,0.176 Mpa,,,0.0610%,,5.39%,6.02%,10.4%,13.1%,19.1%,,
2026-07-04 03:00:00,,,0.153 Mpa,0.133 Mpa,0.109 Mpa,0.805 Mpa,0.564 Mpa,,,,,2.66%,0.776%,2.77%,17.6%,12.2%,,
2026-07-04 05:00:00,,,0.167 Mpa,0.199 Mpa,0.111 Mpa,0.379 Mpa,0.224 Mpa,,,,,3.13%,2.87%,2.52%,4.50%,2.71%,,
2026-07-04 07:00:00,,,0.278 Mpa,0.179 Mpa,0.165 Mpa,0.466 Mpa,0.532 Mpa,,,,,6.57%,2.22%,4.78%,6.96%,13.4%,,
2026-07-04 09:00:00,0.0665 Mpa,,0.0626 Mpa,0.480 Mpa,0.269 Mpa,0.216 Mpa,0.232 Mpa,,,2.20%,,1.65%,9.94%,7.75%,0.0335%,3.14%,,
2026-07-04 11:00:00,0.163 Mpa,,0.148 Mpa,0.495 Mpa,0.0304 Mpa,1.13 Mpa,0.640 Mpa,,,7.31%,,2.47%,10.5%,0.523%,25.6%,16.2%,,
2026-07-04 13:00:00,0.0988 Mpa,,0.442 Mpa,0.555 Mpa,0.0857 Mpa,1.03 Mpa,0.711 Mpa,,,5.43%,,10.8%,12.3%,2.51%,23.4%,18.6%,,
2026-07-04 15:00:00,0.196 Mpa,,0.703 Mpa,0.196 Mpa,0.349 Mpa,0.743 Mpa,0.417 Mpa,,,7.32%,,18.1%,2.83%,10.1%,14.9%,9.86%,,
2026-07-04 17:00:00,0.153 Mpa,,0.0996 Mpa,0.214 Mpa,0.113 Mpa,0.754 Mpa,0.589 Mpa,,,6.68%,,1.06%,3.89%,3.87%,15.0%,15.6%,,
2026-07-04 19:00:00,0.311 Mpa,,0.102 Mpa,0.387 Mpa,0.235 Mpa,0.215 Mpa,0.203 Mpa,,,14.3%,,0.811%,7.73%,7.10%,1.69%,1.22%,,
2026-07-04 21:00:00,0.210 Mpa,,0.312 Mpa,0.302 Mpa,0.191 Mpa,0.168 Mpa,0.382 Mpa,,,7.51%,,6.62%,5.43%,6.24%,1.22%,6.81%,,
2026-07-04 23:00:00,0.0318 Mpa,,0.532 Mpa,0.990 Mpa,0.477 Mpa,0.229 Mpa,0.202 Mpa,0.721 Mpa,,3.09%,,12.5%,24.3%,14.5%,1.33%,1.53%,17.8%,
2026-07-05 01:00:00,0.338 Mpa,,0.0414 Mpa,0.470 Mpa,0.0255 Mpa,0.269 Mpa,0.220 Mpa,,,12.5%,,41.6%,10.2%,1.16%,2.57%,2.27%,,
2026-07-05 03:00:00,0.0743 Mpa,,0.0714 Mpa,0.134 Mpa,0.313 Mpa,0.242 Mpa,0.273 Mpa,,,5.29%,,0.102%,0.776%,10.4%,1.33%,3.54%,,
2026-07-05 05:00:00,0.161 Mpa,,0.0859 Mpa,0.172 Mpa,0.154 Mpa,0.375 Mpa,0.330 Mpa,,,6.04%,,0.269%,2.41%,4.10%,4.99%,5.45%,,
2026-07-05 07:00:00,0.262 Mpa,,0.307 Mpa,1.74 Mpa,0.165 Mpa,0.317 Mpa,0.307 Mpa,,,9.25%,,6.69%,43.5%,5.29%,2.68%,4.34%,,
2026-07-05 09:00:00,0.0556 Mpa,,0.287 Mpa,0.206 Mpa,0.0978 Mpa,0.238 Mpa,0.264 Mpa,,,5.15%,,6.30%,3.36%,4.03%,0.664%,5.65%,,
2026-07-05 11:00:00,0.297 Mpa,,0.170 Mpa,0.245 Mpa,0.183 Mpa,0.332 Mpa,0.717 Mpa,,,9.25%,,2.91%,3.91%,5.93%,3.35%,17.2%,,
2026-07-05 13:00:00,0.188 Mpa,,0.181 Mpa,0.455 Mpa,0.210 Mpa,0.596 Mpa,0.253 Mpa,,,6.81%,,3.36%,10.7%,7.18%,10.9%,3.46%,,
2026-07-05 15:00:00,0.471 Mpa,,0.183 Mpa,0.625 Mpa,0.0816 Mpa,0.368 Mpa,0.240 Mpa,,,13.3%,,3.30%,14.3%,3.33%,5.01%,4.44%,,
2026-07-05 17:00:00,0.203 Mpa,,0.249 Mpa,0.118 Mpa,0.149 Mpa,0.340 Mpa,0.252 Mpa,,,8.14%,,5.08%,9.05%,5.14%,4.52%,3.90%,,
2026-07-05 19:00:00,0.297 Mpa,,0.231 Mpa,0.261 Mpa,0.330 Mpa,0.218 Mpa,0.288 Mpa,,,9.86%,,4.29%,4.61%,10.6%,1.15%,4.80%,,
2026-07-05 21:00:00,0.0816 Mpa,,0.180 Mpa,0.135 Mpa,0.0128 Mpa,0.251 Mpa,0.315 Mpa,,,3.81%,,3.06%,0.727%,0.444%,1.21%,4.63%,,
2026-07-05 23:00:00,0.288 Mpa,,0.131 Mpa,0.219 Mpa,0.0288 Mpa,0.842 Mpa,0.153 Mpa,,,8.11%,,1.44%,9.06%,0.680%,17.3%,0.580%,,
2026-07-06 01:00:00,0.0718 Mpa,,0.167 Mpa,0.149 Mpa,0.0418 Mpa,0.987 Mpa,0.291 Mpa,,,3.23%,,47.3%,11.6%,2.14%,21.8%,4.64%,,
2026-07-06 03:00:00,0.0988 Mpa,,0.124 Mpa,0.223 Mpa,0.0477 Mpa,0.363 Mpa,0.367 Mpa,,,4.49%,,2.09%,7.85%,2.21%,4.35%,6.69%,,
2026-07-06 05:00:00,0.0432 Mpa,,0.233 Mpa,0.241 Mpa,0.0468 Mpa,0.476 Mpa,0.192 Mpa,,,4.19%,,4.52%,6.69%,2.32%,7.94%,3.01%,,
2026-07-06 07:00:00,0.0146 Mpa,,0.209 Mpa,0.208 Mpa,0.287 Mpa,0.355 Mpa,0.277 Mpa,,,1.85%,,3.97%,2.82%,8.72%,4.18%,3.50%,,
2026-07-06 09:00:00,0.0172 Mpa,,0.204 Mpa,0.207 Mpa,0.317 Mpa,0.254 Mpa,0.359 Mpa,,,0.360%,,3.90%,2.76%,9.48%,1.23%,6.24%,,
2026-07-06 11:00:00,0.512 Mpa,,0.275 Mpa,0.235 Mpa,0.0998 Mpa,0.276 Mpa,0.221 Mpa,2.51 Mpa,,14.2%,,5.82%,3.45%,2.91%,1.93%,2.43%,67.6%,
2026-07-06 13:00:00,0.133 Mpa,,0.226 Mpa,0.291 Mpa,0.297 Mpa,0.384 Mpa,0.369 Mpa,2.16 Mpa,,5.34%,,4.39%,5.09%,8.68%,5.26%,8.80%,61.2%,
2026-07-06 15:00:00,0.0550 Mpa,,0.311 Mpa,0.365 Mpa,1.34 Mpa,0.852 Mpa,0.422 Mpa,2.45 Mpa,,3.87%,,6.81%,7.76%,35.5%,18.3%,9.42%,67.7%,
2026-07-06 17:00:00,0.165 Mpa,,0.227 Mpa,0.146 Mpa,0.478 Mpa,0.277 Mpa,0.166 Mpa,,,4.73%,,4.47%,1.25%,13.5%,2.92%,5.38%,,
2026-07-06 19:00:00,0.0242 Mpa,,0.603 Mpa,0.226 Mpa,0.0835 Mpa,0.283 Mpa,0.229 Mpa,,,3.73%,,14.5%,3.78%,2.74%,2.74%,2.55%,,
2026-07-06 21:00:00,0.173 Mpa,,0.115 Mpa,0.178 Mpa,0.0893 Mpa,0.231 Mpa,0.277 Mpa,,,8.00%,,1.18%,2.28%,2.64%,0.912%,3.45%,,
2026-07-06 23:00:00,0.112 Mpa,,0.515 Mpa,0.405 Mpa,0.0671 Mpa,0.258 Mpa,0.291 Mpa,,,5.99%,,12.7%,8.59%,1.82%,2.06%,4.26%,,
2026-07-07 01:00:00,0.0363 Mpa,,0.0868 Mpa,0.214 Mpa,0.0525 Mpa,0.282 Mpa,0.349 Mpa,,,3.82%,,25.1%,3.15%,23.3%,2.46%,5.44%,,
2026-07-07 03:00:00,0.181 Mpa,,0.118 Mpa,0.362 Mpa,0.0903 Mpa,0.302 Mpa,0.115 Mpa,,,7.48%,,1.22%,7.30%,3.06%,2.48%,0.468%,,
2026-07-07 05:00:00,0.0161 Mpa,,0.355 Mpa,0.108 Mpa,0.210 Mpa,0.616 Mpa,0.242 Mpa,,,4.28%,,8.81%,27.9%,5.43%,11.4%,3.13%,,
2026-07-07 07:00:00,0.0868 Mpa,,0.234 Mpa,0.0510 Mpa,0.0907 Mpa,0.595 Mpa,0.387 Mpa,,,6.42%,,5.88%,5.90%,2.12%,11.6%,6.29%,,
2026-07-07 09:00:00,0.0501 Mpa,,0.319 Mpa,,0.753 Mpa,,0.419 Mpa,,,3.84%,,7.40%,,21.4%,,7.15%,,
2026-07-07 11:00:00,0.0714 Mpa,,0.210 Mpa,0.360 Mpa,0.282 Mpa,,0.396 Mpa,,,7.13%,,4.45%,8.09%,7.87%,,6.78%,,
2026-07-07 13:00:00,0.156 Mpa,,0.196 Mpa,,0.678 Mpa,0.192 Mpa,0.281 Mpa,,,8.49%,,4.81%,,19.1%,0.00828%,4.26%,,
2026-07-07 15:00:00,2.84 Mpa,,0.168 Mpa,,,,,,,80.1%,,3.77%,,,,,,
2026-07-07 17:00:00,0.0477 Mpa,,0.409 Mpa,0.131 Mpa,0.481 Mpa,0.325 Mpa,0.674 Mpa,,,5.18%,,9.06%,1.47%,12.9%,2.89%,15.2%,,
2026-07-07 19:00:00,0.0492 Mpa,,0.0262 Mpa,0.176 Mpa,0.0421 Mpa,0.302 Mpa,0.469 Mpa,,,5.61%,,0.576%,2.24%,0.886%,2.46%,10.8%,,
2026-07-07 21:00:00,0.0484 Mpa,,0.134 Mpa,0.191 Mpa,0.225 Mpa,0.326 Mpa,0.383 Mpa,,,3.39%,,3.31%,7.55%,5.99%,2.97%,7.68%,,
2026-07-07 23:00:00,0.0713 Mpa,,0.0923 Mpa,0.646 Mpa,0.0240 Mpa,0.283 Mpa,0.361 Mpa,,,3.19%,,2.33%,15.8%,0.414%,1.93%,6.18%,,
2026-07-08 01:00:00,0.114 Mpa,,0.162 Mpa,0.561 Mpa,0.221 Mpa,0.276 Mpa,0.235 Mpa,,,4.35%,,2.63%,14.9%,6.75%,9.21%,2.71%,,
2026-07-08 03:00:00,0.112 Mpa,,0.149 Mpa,,0.207 Mpa,0.278 Mpa,0.295 Mpa,,,3.33%,,1.74%,,6.43%,2.26%,4.11%,,
2026-07-08 05:00:00,0.0573 Mpa,,0.129 Mpa,,0.207 Mpa,0.286 Mpa,0.280 Mpa,,,4.17%,,1.70%,,6.58%,2.55%,7.54%,,
2026-07-08 07:00:00,0.0584 Mpa,,0.116 Mpa,,0.179 Mpa,0.513 Mpa,1.02 Mpa,,,4.77%,,1.04%,,7.77%,8.71%,36.6%,,
2026-07-08 09:00:00,0.129 Mpa,,0.160 Mpa,0.167 Mpa,0.133 Mpa,0.249 Mpa,0.609 Mpa,,,4.52%,,3.12%,4.53%,10.2%,1.14%,13.8%,,
2026-07-08 11:00:00,0.0561 Mpa,,0.142 Mpa,,0.0887 Mpa,0.365 Mpa,0.635 Mpa,,,3.21%,,2.77%,,3.46%,5.01%,15.1%,,
2026-07-08 13:00:00,0.0436 Mpa,,0.220 Mpa,,0.284 Mpa,0.267 Mpa,0.803 Mpa,,,1.74%,,4.75%,,8.95%,2.03%,21.0%,,
2026-07-08 15:00:00,0.0148 Mpa,,0.138 Mpa,,0.112 Mpa,0.247 Mpa,1.24 Mpa,,,0.625%,,2.49%,,4.60%,1.09%,32.6%,,
2026-07-08 17:00:00,0.0968 Mpa,,0.211 Mpa,,0.299 Mpa,0.266 Mpa,0.316 Mpa,,,5.39%,,4.40%,,8.12%,1.83%,5.88%,,
2026-07-08 19:00:00,0.512 Mpa,,0.112 Mpa,,0.188 Mpa,0.248 Mpa,0.223 Mpa,,0.221 Mpa,14.5%,,1.04%,,5.11%,0.752%,1.68%,,3.54%
2026-07-08 21:00:00,0.453 Mpa,,0.437 Mpa,,0.222 Mpa,0.315 Mpa,0.225 Mpa,,0.273 Mpa,12.1%,,10.2%,,6.16%,2.79%,2.96%,,3.76%
2026-07-08 23:00:00,0.380 Mpa,,0.154 Mpa,,0.497 Mpa,0.243 Mpa,0.840 Mpa,,0.304 Mpa,10.6%,,2.17%,,13.0%,0.790%,20.3%,,5.23%
2026-07-09 01:00:00,0.0904 Mpa,,0.148 Mpa,,0.193 Mpa,0.285 Mpa,0.265 Mpa,,0.384 Mpa,5.12%,,2.41%,,5.82%,2.27%,5.66%,,7.28%
2026-07-09 03:00:00,0.445 Mpa,,0.304 Mpa,,0.129 Mpa,0.256 Mpa,0.638 Mpa,,0.309 Mpa,12.6%,,6.19%,,3.48%,1.22%,15.2%,,4.99%
2026-07-09 05:00:00,0.312 Mpa,,0.150 Mpa,,0.177 Mpa,0.326 Mpa,0.188 Mpa,,0.329 Mpa,11.6%,,2.63%,,5.69%,4.21%,3.04%,,5.86%
2026-07-09 07:00:00,0.318 Mpa,,0.130 Mpa,,0.144 Mpa,0.451 Mpa,0.453 Mpa,,0.321 Mpa,9.98%,,1.84%,,3.94%,8.11%,8.41%,,5.73%
2026-07-09 09:00:00,0.290 Mpa,,0.127 Mpa,,0.486 Mpa,0.317 Mpa,0.351 Mpa,,0.243 Mpa,10.1%,,1.80%,,13.4%,4.71%,15.6%,,3.24%
2026-07-09 11:00:00,0.505 Mpa,,0.156 Mpa,,0.406 Mpa,0.342 Mpa,0.672 Mpa,,0.339 Mpa,15.9%,,2.95%,,11.3%,6.95%,15.5%,,5.96%
2026-07-09 13:00:00,0.234 Mpa,,0.174 Mpa,0.00451 Mpa,0.191 Mpa,0.315 Mpa,0.148 Mpa,,0.171 Mpa,23.3%,,3.25%,0.0601%,5.55%,6.48%,1.96%,,1.39%
2026-07-09 15:00:00,0.252 Mpa,,0.226 Mpa,0.0135 Mpa,0.0692 Mpa,0.329 Mpa,0.324 Mpa,,0.209 Mpa,7.29%,,4.55%,0.376%,1.93%,6.35%,7.85%,,2.47%
2026-07-09 17:00:00,0.329 Mpa,,0.0981 Mpa,,0.276 Mpa,0.233 Mpa,0.532 Mpa,,0.222 Mpa,10.9%,,1.04%,,7.73%,1.75%,12.8%,,2.43%
2026-07-09 19:00:00,0.107 Mpa,,0.237 Mpa,,0.466 Mpa,0.228 Mpa,0.166 Mpa,,0.499 Mpa,15.7%,,5.24%,,13.8%,1.09%,0.781%,,9.57%
2026-07-09 21:00:00,0.256 Mpa,,0.133 Mpa,,0.334 Mpa,0.240 Mpa,0.662 Mpa,,0.426 Mpa,23.8%,,1.66%,,9.79%,1.51%,15.2%,,8.82%
2026-07-09 23:00:00,0.0491 Mpa,,0.115 Mpa,,0.325 Mpa,0.271 Mpa,0.495 Mpa,,0.488 Mpa,1.70%,,1.42%,,10.3%,2.32%,11.7%,,10.2%
2026-07-10 01:00:00,0.0820 Mpa,,0.201 Mpa,0 Mpa,1.09 Mpa,0.225 Mpa,0.385 Mpa,,0.384 Mpa,2.68%,,3.68%,0%,29.9%,0.800%,6.49%,,7.13%
2026-07-10 03:00:00,0.153 Mpa,,0.184 Mpa,0.537 Mpa,0.311 Mpa,0.218 Mpa,0.749 Mpa,,0.300 Mpa,5.26%,,3.23%,20.0%,8.64%,0.652%,17.8%,,4.13%
2026-07-10 05:00:00,0.0740 Mpa,,0.207 Mpa,2.05 Mpa,0.501 Mpa,0.277 Mpa,0.959 Mpa,,0.578 Mpa,5.55%,,4.08%,54.8%,13.8%,3.52%,26.6%,,11.8%
2026-07-10 07:00:00,0.0773 Mpa,,0.186 Mpa,0.652 Mpa,0.334 Mpa,0.292 Mpa,,,0.275 Mpa,5.40%,,3.47%,15.6%,9.67%,4.32%,,,4.21%
2026-07-10 09:00:00,0.158 Mpa,,0.127 Mpa,0.346 Mpa,0.182 Mpa,0.489 Mpa,0.0343 Mpa,,0.445 Mpa,6.96%,,1.88%,7.88%,5.03%,9.22%,0.700%,,9.09%
2026-07-10 11:00:00,0.0702 Mpa,,0.100 Mpa,0.630 Mpa,0.179 Mpa,0.354 Mpa,0.439 Mpa,,0.390 Mpa,2.82%,,1.11%,15.2%,5.33%,5.88%,9.62%,,7.66%
2026-07-10 13:00:00,0.133 Mpa,,0.345 Mpa,0.129 Mpa,0.0777 Mpa,1.90 Mpa,0.155 Mpa,,0.482 Mpa,4.16%,,8.02%,3.37%,1.94%,46.7%,0.461%,,10.0%
2026-07-10 15:00:00,0.0810 Mpa,,0.435 Mpa,0.379 Mpa,0.167 Mpa,0.622 Mpa,0.182 Mpa,,0.367 Mpa,2.70%,,10.3%,9.17%,4.69%,13.3%,0.379%,,6.66%
2026-07-10 17:00:00,0.0863 Mpa,,0.169 Mpa,0.436 Mpa,0.00112 Mpa,1.04 Mpa,0.225 Mpa,,0.289 Mpa,4.11%,,2.78%,10.4%,3.81%,23.5%,2.08%,,5.37%
2026-07-10 19:00:00,0.0639 Mpa,,0.275 Mpa,0.339 Mpa,,0.222 Mpa,0.401 Mpa,,0.301 Mpa,8.21%,,5.45%,7.48%,,0.790%,7.36%,,4.77%
2026-07-10 21:00:00,0.128 Mpa,,0.0958 Mpa,0.187 Mpa,,0.350 Mpa,0.325 Mpa,,0.627 Mpa,5.56%,,0.330%,3.87%,,4.09%,4.52%,,14.1%
2026-07-10 23:00:00,0.101 Mpa,,0.147 Mpa,0.166 Mpa,,0.486 Mpa,0.297 Mpa,,0.273 Mpa,4.42%,,1.59%,3.57%,,8.05%,4.61%,,3.68%
2026-07-11 01:00:00,0.0654 Mpa,,0.134 Mpa,0.434 Mpa,0.485 Mpa,0.539 Mpa,0.325 Mpa,,0.365 Mpa,5.79%,,1.32%,12.1%,15.5%,9.25%,5.79%,,6.05%
2026-07-11 03:00:00,0.202 Mpa,,0.0711 Mpa,0.619 Mpa,0.729 Mpa,0.273 Mpa,0.295 Mpa,,0.203 Mpa,11.0%,,0.537%,15.0%,20.2%,2.54%,4.54%,,2.57%
2026-07-11 05:00:00,0.119 Mpa,,,0.0513 Mpa,0.289 Mpa,0.384 Mpa,0.246 Mpa,,0.466 Mpa,7.67%,,,0.906%,7.78%,5.33%,2.74%,,9.58%
2026-07-11 07:00:00,0.104 Mpa,,,0.0225 Mpa,0.0288 Mpa,0.300 Mpa,0.175 Mpa,,0.216 Mpa,5.55%,,,0.429%,0.371%,2.91%,0.281%,,2.44%
2026-07-11 09:00:00,0.0514 Mpa,,0.0428 Mpa,0.189 Mpa,0.207 Mpa,0.226 Mpa,0.427 Mpa,,0.561 Mpa,3.83%,,0%,4.02%,6.40%,0.970%,8.26%,,12.2%
2026-07-11 11:00:00,0.0483 Mpa,,0.491 Mpa,0.247 Mpa,0.0772 Mpa,0.221 Mpa,0.288 Mpa,,0.482 Mpa,3.60%,,11.7%,5.18%,2.37%,0.893%,5.24%,,10.8%
2026-07-11 13:00:00,0.264 Mpa,,1.35 Mpa,0.368 Mpa,0.293 Mpa,0.290 Mpa,0.193 Mpa,,0.452 Mpa,8.41%,,34.8%,8.66%,7.98%,2.56%,2.12%,,8.34%
2026-07-11 15:00:00,0.667 Mpa,,0.103 Mpa,0.502 Mpa,0.203 Mpa,0.221 Mpa,0.338 Mpa,,0.282 Mpa,19.6%,,0.817%,12.5%,5.78%,0.832%,6.13%,,4.51%
2026-07-11 17:00:00,0.358 Mpa,,0.170 Mpa,0.245 Mpa,0.480 Mpa,0.264 Mpa,0.222 Mpa,,0.451 Mpa,10.4%,,3.20%,5.23%,14.2%,3.28%,2.35%,,9.95%
2026-07-11 19:00:00,1.32 Mpa,,0.0786 Mpa,0.235 Mpa,0.536 Mpa,0.289 Mpa,0.218 Mpa,,0.440 Mpa,36.8%,,0.449%,4.78%,15.8%,2.85%,2.98%,,8.81%
2026-07-11 21:00:00,0.159 Mpa,,0.0933 Mpa,0.200 Mpa,0.0917 Mpa,0.265 Mpa,0.311 Mpa,,0.144 Mpa,5.66%,,0.968%,4.21%,2.92%,2.80%,4.24%,,0.899%
2026-07-11 23:00:00,0.0952 Mpa,,0.173 Mpa,0.314 Mpa,0.0976 Mpa,0.265 Mpa,0.203 Mpa,,0.330 Mpa,4.58%,,2.60%,7.12%,2.23%,4.01%,1.80%,,7.49%
2026-07-12 01:00:00,0.239 Mpa,,0.442 Mpa,0.0823 Mpa,0.0356 Mpa,0.440 Mpa,0.154 Mpa,,0.232 Mpa,8.01%,,12.1%,0.868%,0.619%,8.44%,2.48%,,4.19%
2026-07-12 03:00:00,0.0443 Mpa,,0.565 Mpa,0.462 Mpa,0.0385 Mpa,0.339 Mpa,0.847 Mpa,,0.212 Mpa,4.17%,,14.9%,11.0%,1.13%,14.7%,21.2%,,3.73%
2026-07-12 05:00:00,0.287 Mpa,,0.628 Mpa,0.203 Mpa,0.270 Mpa,0.277 Mpa,0.292 Mpa,,0.221 Mpa,8.70%,,16.2%,4.41%,7.60%,2.64%,3.54%,,4.15%
2026-07-12 07:00:00,0.0825 Mpa,,0.238 Mpa,0.125 Mpa,0.0455 Mpa,0.207 Mpa,0.421 Mpa,,0.294 Mpa,2.58%,,4.88%,2.48%,1.96%,0.195%,7.45%,,5.26%
2026-07-12 09:00:00,0.678 Mpa,,0.405 Mpa,0.115 Mpa,0.298 Mpa,0.305 Mpa,0.387 Mpa,,0.562 Mpa,19.9%,,9.35%,2.04%,9.27%,3.09%,7.39%,,13.6%
2026-07-12 11:00:00,0.185 Mpa,,0.556 Mpa,0.324 Mpa,0.322 Mpa,0.288 Mpa,0.318 Mpa,,0.515 Mpa,7.06%,,14.2%,7.62%,9.45%,2.77%,5.83%,,12.1%
2026-07-12 13:00:00,0.615 Mpa,,0.250 Mpa,0.249 Mpa,0.248 Mpa,0.247 Mpa,0.574 Mpa,,0.248 Mpa,20.8%,,5.37%,5.23%,7.49%,1.90%,13.6%,,3.75%
2026-07-12 15:00:00,0.137 Mpa,,0.0679 Mpa,0.601 Mpa,0.0349 Mpa,0.209 Mpa,0.677 Mpa,,0.277 Mpa,5.44%,,0.472%,16.3%,6.45%,0.490%,17.0%,,5.03%
2026-07-12 17:00:00,0.392 Mpa,,0.192 Mpa,0.269 Mpa,0.564 Mpa,0.225 Mpa,0.216 Mpa,,0.338 Mpa,10.7%,,3.83%,6.95%,15.1%,2.06%,8.09%,,6.06%
2026-07-12 19:00:00,0.457 Mpa,,0.480 Mpa,0.497 Mpa,0.451 Mpa,0.256 Mpa,0.304 Mpa,,0.197 Mpa,12.7%,,11.4%,12.4%,12.9%,3.67%,4.01%,,1.96%
2026-07-12 21:00:00,0.503 Mpa,,0.240 Mpa,0.197 Mpa,0.831 Mpa,0.421 Mpa,0.264 Mpa,,0.414 Mpa,14.1%,,4.66%,7.34%,23.6%,8.64%,3.21%,,8.17%
2026-07-12 23:00:00,0.626 Mpa,,0.300 Mpa,0.153 Mpa,0.295 Mpa,0.398 Mpa,0.165 Mpa,,0.462 Mpa,17.2%,,6.98%,2.67%,9.36%,8.07%,5.19%,,8.87%
2026-07-13 01:00:00,0.741 Mpa,,0.118 Mpa,0.0677 Mpa,,0.246 Mpa,0.209 Mpa,,0.224 Mpa,21.4%,,1.91%,22.3%,,1.96%,1.56%,,4.36%
2026-07-13 03:00:00,0.340 Mpa,,0.0721 Mpa,0.937 Mpa,0.0862 Mpa,0.363 Mpa,0.305 Mpa,,0.488 Mpa,8.33%,,1.37%,23.5%,1.96%,5.93%,4.25%,,9.74%
2026-07-13 05:00:00,,,0.372 Mpa,0.291 Mpa,0.478 Mpa,0.218 Mpa,0.173 Mpa,,0.466 Mpa,,,8.53%,6.09%,14.1%,1.24%,1.20%,,11.1%
2026-07-13 07:00:00,,,0.338 Mpa,0.203 Mpa,0.112 Mpa,0.901 Mpa,0.215 Mpa,,0.344 Mpa,,,7.86%,4.30%,3.42%,18.8%,1.67%,,5.45%
2026-07-13 09:00:00,0.0347 Mpa,,0.191 Mpa,0.339 Mpa,0.149 Mpa,0.828 Mpa,0.517 Mpa,,0.377 Mpa,1.12%,,3.53%,7.79%,4.60%,17.2%,11.4%,,6.57%
2026-07-13 11:00:00,0.00132 Mpa,,0.153 Mpa,0.165 Mpa,0.153 Mpa,0.544 Mpa,1.13 Mpa,,0.389 Mpa,0.0229%,,2.51%,2.90%,4.60%,10.1%,30.2%,,8.36%
2026-07-13 13:00:00,,,0.243 Mpa,0.376 Mpa,0.358 Mpa,1.11 Mpa,0.568 Mpa,,0.152 Mpa,,,5.07%,8.78%,11.7%,25.8%,12.3%,,2.35%
2026-07-13 15:00:00,,,0.137 Mpa,1.01 Mpa,0.721 Mpa,0.530 Mpa,0.616 Mpa,,0.342 Mpa,,,2.05%,25.6%,21.0%,9.44%,13.8%,,7.00%
2026-07-13 17:00:00,,,0.138 Mpa,0.346 Mpa,0.180 Mpa,0.240 Mpa,0.178 Mpa,,0.216 Mpa,,,1.97%,7.89%,5.64%,3.68%,0.935%,,2.89%
2026-07-13 19:00:00,,,0.260 Mpa,0.176 Mpa,0.209 Mpa,0.249 Mpa,0.893 Mpa,,0.190 Mpa,,,5.36%,20.2%,6.06%,2.65%,30.6%,,2.63%
2026-07-13 21:00:00,,,0.358 Mpa,0.749 Mpa,0.106 Mpa,0.258 Mpa,0.158 Mpa,,0.155 Mpa,,,7.60%,18.5%,3.01%,4.21%,0.582%,,5.13%
2026-07-13 23:00:00,,,0.624 Mpa,0.122 Mpa,0.0200 Mpa,0.486 Mpa,0.353 Mpa,,0.194 Mpa,,,15.4%,4.05%,0%,11.2%,7.84%,,4.36%
2026-07-14 01:00:00,,,0.202 Mpa,0.799 Mpa,0.570 Mpa,1.31 Mpa,0.156 Mpa,,0.196 Mpa,,,9.76%,19.3%,15.2%,30.5%,2.07%,,2.03%
2026-07-14 03:00:00,,,0.377 Mpa,0.205 Mpa,0.391 Mpa,0.602 Mpa,0.358 Mpa,,0.214 Mpa,,,11.7%,4.11%,10.9%,13.6%,7.86%,,3.41%
2026-07-14 05:00:00,,,0.149 Mpa,0.234 Mpa,0.0709 Mpa,0.491 Mpa,0.258 Mpa,,0.208 Mpa,,,2.49%,4.51%,1.77%,8.50%,3.65%,,2.75%
2026-07-14 07:00:00,,,0.223 Mpa,0.225 Mpa,0.275 Mpa,0.690 Mpa,0.254 Mpa,,0.214 Mpa,,,3.86%,3.88%,7.48%,13.9%,2.97%,,2.88%
2026-07-14 09:00:00,,,0.337 Mpa,0.280 Mpa,,0.783 Mpa,0.327 Mpa,,0.420 Mpa,,,7.45%,5.50%,,17.3%,4.96%,,8.39%
2026-07-14 11:00:00,,,0.445 Mpa,0.389 Mpa,,0.804 Mpa,0.365 Mpa,,0.227 Mpa,,,10.4%,8.96%,,18.0%,6.54%,,2.40%
2026-07-14 13:00:00,,,0.289 Mpa,0.357 Mpa,0.00768 Mpa,0.402 Mpa,0.522 Mpa,,0.333 Mpa,,,6.23%,7.83%,0%,6.87%,11.4%,,5.16%
2026-07-14 15:00:00,,,0.335 Mpa,0.217 Mpa,0.452 Mpa,0.344 Mpa,0.183 Mpa,,0.344 Mpa,,,7.47%,3.32%,12.5%,5.05%,1.49%,,6.35%
2026-07-14 17:00:00,,,0.235 Mpa,0.806 Mpa,0.134 Mpa,0.246 Mpa,0.479 Mpa,,0.403 Mpa,,,4.65%,20.4%,3.84%,3.04%,11.3%,,8.36%
2026-07-14 19:00:00,,,0.196 Mpa,0.338 Mpa,0.0928 Mpa,1.10 Mpa,0.233 Mpa,,0.238 Mpa,,,3.18%,7.45%,2.46%,25.2%,2.61%,,3.06%
2026-07-14 21:00:00,,,0.430 Mpa,0.348 Mpa,0.0593 Mpa,0.256 Mpa,0.387 Mpa,,0.267 Mpa,,,9.55%,7.25%,1.32%,2.11%,7.23%,,3.88%
2026-07-14 23:00:00,0.00565 Mpa,,0.235 Mpa,0.952 Mpa,0.279 Mpa,0.233 Mpa,0.327 Mpa,,0.288 Mpa,0.248%,,4.33%,24.1%,8.56%,1.73%,6.00%,,5.07%
2026-07-15 01:00:00,0.000329 Mpa,,0.0673 Mpa,0.216 Mpa,0.181 Mpa,0.268 Mpa,0.170 Mpa,,0.218 Mpa,0.246%,,32.0%,3.40%,5.22%,2.40%,3.49%,,3.50%
2026-07-15 03:00:00,0.165 Mpa,,0.163 Mpa,0.232 Mpa,0.0230 Mpa,0.352 Mpa,0.198 Mpa,,0.874 Mpa,5.14%,,2.17%,4.04%,0.662%,4.69%,1.47%,,20.8%
2026-07-15 05:00:00,0.232 Mpa,,0.136 Mpa,0.291 Mpa,0.0764 Mpa,0.220 Mpa,0.371 Mpa,,1.48 Mpa,7.95%,,1.75%,5.58%,2.87%,1.11%,6.28%,,38.0%
2026-07-15 07:00:00,0.589 Mpa,,0.440 Mpa,0.256 Mpa,0.0988 Mpa,0.298 Mpa,0.449 Mpa,,0.353 Mpa,15.7%,,10.4%,4.67%,2.42%,3.07%,8.19%,,5.79%
2026-07-15 09:00:00,0 Mpa,,0.307 Mpa,0.289 Mpa,0.0783 Mpa,0.211 Mpa,0.354 Mpa,,0.149 Mpa,0.0396%,,6.94%,5.56%,2.47%,0.785%,5.59%,,1.26%
2026-07-15 11:00:00,0 Mpa,,0.116 Mpa,1.90 Mpa,0.252 Mpa,0.377 Mpa,0.235 Mpa,,0.152 Mpa,0%,,1.70%,48.7%,7.35%,5.40%,2.45%,,0.627%
2026-07-15 13:00:00,0.000222 Mpa,,0.131 Mpa,0.0885 Mpa,0.329 Mpa,0.352 Mpa,0.258 Mpa,,0.147 Mpa,0.00800%,,2.03%,0.896%,9.43%,13.6%,4.37%,,0.744%
2026-07-15 15:00:00,0.832 Mpa,,0.427 Mpa,0.393 Mpa,0.105 Mpa,0.270 Mpa,0.287 Mpa,,0.295 Mpa,24.8%,,10.1%,9.03%,3.00%,2.56%,4.84%,,4.54%
2026-07-15 17:00:00,0.943 Mpa,,0.136 Mpa,0.236 Mpa,0.303 Mpa,0.220 Mpa,0.241 Mpa,,0.258 Mpa,26.3%,,1.70%,4.18%,9.56%,2.09%,2.70%,,4.23%
2026-07-15 19:00:00,0.439 Mpa,,0.139 Mpa,0.120 Mpa,0.123 Mpa,0.290 Mpa,0.185 Mpa,,0.157 Mpa,12.1%,,1.55%,0.658%,3.52%,3.87%,0.725%,,2.06%
2026-07-15 21:00:00,0.438 Mpa,,0.134 Mpa,0.342 Mpa,0.0385 Mpa,0.267 Mpa,0.281 Mpa,,0.284 Mpa,12.1%,,1.30%,8.23%,0.835%,3.24%,3.61%,,5.05%
2026-07-15 23:00:00,0.620 Mpa,,0.333 Mpa,0.191 Mpa,0.0915 Mpa,0.258 Mpa,0.272 Mpa,,0.156 Mpa,17.6%,,6.75%,3.14%,2.25%,2.53%,5.18%,,0.719%
2026-07-16 01:00:00,0.414 Mpa,,0.150 Mpa,0.475 Mpa,0.261 Mpa,0.245 Mpa,0.139 Mpa,,0.193 Mpa,13.2%,,2.51%,9.97%,7.24%,2.20%,5.75%,,2.71%
2026-07-16 03:00:00,0.445 Mpa,,0.109 Mpa,0.159 Mpa,0.312 Mpa,0.201 Mpa,0.209 Mpa,,0.160 Mpa,12.8%,,1.17%,1.26%,9.53%,0.486%,1.73%,,2.52%
2026-07-16 05:00:00,0.436 Mpa,,0.237 Mpa,0.197 Mpa,0.0381 Mpa,0.247 Mpa,0.237 Mpa,,0.167 Mpa,12.5%,,5.75%,2.29%,2.92%,1.66%,2.68%,,1.85%
2026-07-16 07:00:00,0.0187 Mpa,,0.175 Mpa,0.173 Mpa,0.250 Mpa,0.421 Mpa,0.239 Mpa,,0.149 Mpa,4.23%,,3.04%,1.33%,7.70%,6.45%,2.10%,,0.493%
2026-07-16 09:00:00,0.0235 Mpa,,0.176 Mpa,0.164 Mpa,0.549 Mpa,0.308 Mpa,0.197 Mpa,,0.157 Mpa,2.29%,,3.09%,1.48%,16.2%,3.55%,1.18%,,0.439%
2026-07-16 11:00:00,0.299 Mpa,,0.126 Mpa,0.247 Mpa,0.266 Mpa,0.232 Mpa,0.183 Mpa,,0.121 Mpa,9.06%,,1.94%,4.09%,8.98%,1.42%,0.726%,,0.0173%
2026-07-16 13:00:00,0.0533 Mpa,,0.128 Mpa,0.835 Mpa,0.0811 Mpa,0.346 Mpa,0.228 Mpa,,0.505 Mpa,4.99%,,1.65%,27.1%,2.26%,4.73%,2.32%,,11.6%
2026-07-16 15:00:00,0.289 Mpa,,0.164 Mpa,0.352 Mpa,0.402 Mpa,0.285 Mpa,0.520 Mpa,,0.162 Mpa,10.5%,,2.34%,7.26%,13.3%,2.96%,11.8%,,0.685%
2026-07-16 17:00:00,0.461 Mpa,,0.110 Mpa,0.162 Mpa,0.160 Mpa,0.317 Mpa,0.289 Mpa,,0.177 Mpa,13.6%,,1.40%,1.56%,4.76%,3.85%,4.89%,,1.66%
2026-07-16 19:00:00,0.0506 Mpa,,0.306 Mpa,0.217 Mpa,0.546 Mpa,0.235 Mpa,0.749 Mpa,,0.196 Mpa,2.68%,,6.29%,3.07%,14.8%,2.89%,18.4%,,1.94%
2026-07-16 21:00:00,0.361 Mpa,,0.186 Mpa,0.127 Mpa,0.0596 Mpa,0.250 Mpa,0.169 Mpa,,0.258 Mpa,11.5%,,3.06%,1.05%,1.84%,1.54%,1.75%,,3.47%
2026-07-16 23:00:00,0.462 Mpa,,0.408 Mpa,0.169 Mpa,0.113 Mpa,0.224 Mpa,0.203 Mpa,,0.214 Mpa,14.0%,,9.24%,2.36%,3.21%,0.778%,2.87%,,2.61%
2026-07-17 01:00:00,0.0615 Mpa,,0.131 Mpa,0.191 Mpa,0.185 Mpa,0.369 Mpa,0.249 Mpa,,0.132 Mpa,2.81%,,1.41%,2.45%,5.60%,10.6%,3.21%,,0.288%
2026-07-17 03:00:00,0.368 Mpa,,0.163 Mpa,0.213 Mpa,0.146 Mpa,0.211 Mpa,0.189 Mpa,,0.445 Mpa,10.0%,,2.71%,3.00%,9.01%,0.788%,1.28%,,11.0%
2026-07-17 05:00:00,0.188 Mpa,,0.140 Mpa,0.269 Mpa,0.565 Mpa,0.297 Mpa,0.221 Mpa,,0.308 Mpa,8.26%,,2.32%,4.79%,16.5%,3.37%,2.35%,,5.12%
2026-07-17 07:00:00,0.403 Mpa,,0.521 Mpa,0.151 Mpa,0.0819 Mpa,0.338 Mpa,0.225 Mpa,,0.987 Mpa,12.2%,,13.4%,1.59%,2.85%,3.95%,1.67%,,23.6%
2026-07-17 09:00:00,0.318 Mpa,,0.912 Mpa,0.217 Mpa,0.795 Mpa,0.262 Mpa,0.307 Mpa,,0.237 Mpa,9.22%,,24.5%,2.87%,23.1%,2.31%,4.01%,,2.94%
2026-07-17 11:00:00,0.154 Mpa,,0.662 Mpa,0.169 Mpa,0.0333 Mpa,0.298 Mpa,0.399 Mpa,,0.950 Mpa,5.96%,,16.9%,1.85%,0.670%,3.13%,7.22%,,21.8%
2026-07-17 13:00:00,0.167 Mpa,0.0701 Mpa,0.134 Mpa,2.33 Mpa,0.0449 Mpa,0.159 Mpa,0.218 Mpa,,0.475 Mpa,12.4%,13.1%,1.69%,61.7%,1.29%,1.02%,2.10%,,9.89%
2026-07-17 15:00:00,0.519 Mpa,0.0638 Mpa,0.234 Mpa,0.688 Mpa,0.0609 Mpa,0.392 Mpa,0.627 Mpa,,0.729 Mpa,15.1%,14.4%,4.47%,17.1%,1.69%,6.03%,16.1%,,16.3%
2026-07-17 17:00:00,0.204 Mpa,,0.119 Mpa,0.439 Mpa,0.105 Mpa,0.241 Mpa,0.344 Mpa,,0.554 Mpa,7.76%,,1.10%,9.83%,2.81%,2.06%,6.39%,,12.0%
2026-07-17 19:00:00,0.175 Mpa,,0.464 Mpa,0.533 Mpa,0.169 Mpa,0.290 Mpa,0.175 Mpa,,0.235 Mpa,5.68%,,11.1%,11.3%,4.58%,2.54%,1.44%,,3.31%
2026-07-17 21:00:00,0.110 Mpa,,0.215 Mpa,0.338 Mpa,0.564 Mpa,0.213 Mpa,0.0470 Mpa,,0.205 Mpa,4.27%,,4.23%,6.13%,15.7%,0.283%,0%,,2.49%
2026-07-17 23:00:00,0.396 Mpa,0.0223 Mpa,0.320 Mpa,0.223 Mpa,0.0120 Mpa,0.329 Mpa,,,0.212 Mpa,11.6%,12.9%,7.12%,3.43%,0.0966%,3.67%,,,3.56%
2026-07-18 01:00:00,0.0917 Mpa,,0.373 Mpa,0.257 Mpa,0.107 Mpa,0.224 Mpa,0.363 Mpa,,0.225 Mpa,4.74%,,9.00%,4.49%,2.98%,1.06%,6.17%,,2.84%
2026-07-18 03:00:00,1.40 Mpa,,0.165 Mpa,0.288 Mpa,0.180 Mpa,1.07 Mpa,0.273 Mpa,,0.222 Mpa,38.9%,,2.94%,5.01%,4.84%,24.4%,2.67%,,2.97%
2026-07-18 05:00:00,0.325 Mpa,,0.184 Mpa,0.227 Mpa,0.114 Mpa,0.991 Mpa,0.232 Mpa,,0.235 Mpa,9.80%,,3.51%,4.16%,2.83%,23.4%,2.56%,,3.75%
2026-07-18 07:00:00,0.142 Mpa,,0.300 Mpa,0.535 Mpa,0.143 Mpa,0.283 Mpa,0.178 Mpa,,0.266 Mpa,7.19%,,6.53%,12.1%,3.85%,4.73%,0.303%,,4.01%
2026-07-18 09:00:00,0.109 Mpa,,0.123 Mpa,0.208 Mpa,0.177 Mpa,0.287 Mpa,0.277 Mpa,,0.259 Mpa,4.54%,,2.23%,3.19%,4.65%,5.62%,3.34%,,4.09%
2026-07-18 11:00:00,0.622 Mpa,,0.229 Mpa,0.379 Mpa,0.109 Mpa,0.376 Mpa,0.425 Mpa,,0.514 Mpa,16.9%,,5.29%,7.88%,2.69%,6.49%,7.60%,,12.4%
2026-07-18 13:00:00,0.414 Mpa,,0.190 Mpa,0.111 Mpa,0.0961 Mpa,0.375 Mpa,0.213 Mpa,,0.212 Mpa,11.4%,,3.65%,1.08%,2.68%,5.86%,6.28%,,4.12%
2026-07-18 15:00:00,0.196 Mpa,,0.390 Mpa,0.120 Mpa,0.456 Mpa,0.254 Mpa,0.255 Mpa,,0.328 Mpa,6.76%,,8.72%,0.996%,13.0%,3.34%,3.31%,,6.71%
2026-07-18 17:00:00,0.0780 Mpa,,0.125 Mpa,0.237 Mpa,0.293 Mpa,0.407 Mpa,0.222 Mpa,,0.321 Mpa,2.73%,,1.65%,3.97%,8.39%,6.06%,2.52%,,5.98%
2026-07-18 19:00:00,0.116 Mpa,,0.263 Mpa,0.166 Mpa,0.322 Mpa,0.244 Mpa,0.307 Mpa,,0.378 Mpa,3.28%,,5.77%,1.85%,9.78%,1.18%,3.79%,,6.71%
2026-07-18 21:00:00,0.104 Mpa,,0.174 Mpa,0.204 Mpa,0.0485 Mpa,0.234 Mpa,0.200 Mpa,,0.233 Mpa,4.86%,,2.71%,2.54%,1.29%,0.939%,1.04%,,2.94%
2026-07-18 23:00:00,0.199 Mpa,,0.223 Mpa,0.157 Mpa,0.0870 Mpa,0.241 Mpa,0.278 Mpa,,0.202 Mpa,13.6%,,3.92%,1.74%,2.56%,1.28%,3.29%,,2.70%
2026-07-19 01:00:00,0.123 Mpa,0.00815 Mpa,0.361 Mpa,0.240 Mpa,0.0376 Mpa,0.233 Mpa,0.182 Mpa,,0.579 Mpa,4.21%,7.02%,7.85%,3.79%,1.26%,1.27%,1.10%,,12.4%
2026-07-19 03:00:00,0.0249 Mpa,0.0134 Mpa,0.505 Mpa,0.193 Mpa,0.0546 Mpa,0.220 Mpa,0.208 Mpa,,0.345 Mpa,4.08%,5.81%,12.0%,2.42%,2.10%,1.21%,2.05%,,6.13%
2026-07-19 05:00:00,0.349 Mpa,,0.333 Mpa,0.233 Mpa,0.0360 Mpa,0.365 Mpa,0.238 Mpa,,0.303 Mpa,10.4%,,7.40%,3.56%,0.987%,8.07%,3.15%,,4.99%
2026-07-19 07:00:00,0.210 Mpa,,0.419 Mpa,0.407 Mpa,0.0363 Mpa,0.268 Mpa,0.370 Mpa,,0.202 Mpa,6.55%,,9.59%,8.28%,0.895%,3.27%,6.45%,,3.51%
2026-07-19 09:00:00,0.602 Mpa,0.0246 Mpa,0.351 Mpa,0.184 Mpa,0.122 Mpa,0.295 Mpa,0.208 Mpa,,0.699 Mpa,17.2%,0.259%,7.66%,2.38%,3.21%,3.89%,2.77%,,15.8%
2026-07-19 11:00:00,0.104 Mpa,0.0212 Mpa,0.498 Mpa,0.624 Mpa,0.663 Mpa,0.309 Mpa,0.264 Mpa,,0.270 Mpa,5.53%,0.00606%,11.9%,14.4%,17.6%,4.48%,4.58%,,3.15%
2026-07-19 13:00:00,0.282 Mpa,0.0172 Mpa,0.154 Mpa,0.425 Mpa,1.96 Mpa,0.438 Mpa,0.363 Mpa,,0.353 Mpa,9.96%,1.91%,2.36%,8.82%,53.7%,7.87%,6.72%,,5.61%
2026-07-19 15:00:00,0.0217 Mpa,0.0405 Mpa,0.121 Mpa,0.145 Mpa,0 Mpa,0.272 Mpa,0.645 Mpa,,0.347 Mpa,3.94%,4.83%,2.19%,5.77%,0.683%,5.74%,15.2%,,5.85%
2026-07-19 17:00:00,0.0346 Mpa,0.0589 Mpa,0.191 Mpa,0.0753 Mpa,,0.202 Mpa,0.259 Mpa,,0.235 Mpa,3.85%,10.9%,3.35%,3.81%,,1.60%,2.29%,,13.8%
2026-07-19 19:00:00,0.501 Mpa,0.000993 Mpa,0.214 Mpa,0.506 Mpa,0 Mpa,0.439 Mpa,0.931 Mpa,,,15.6%,14.1%,3.85%,10.7%,2.80%,7.04%,22.6%,,
2026-07-19 21:00:00,0.107 Mpa,0.00878 Mpa,0.160 Mpa,0.269 Mpa,0.00981 Mpa,,0.318 Mpa,,0.258 Mpa,15.0%,5.69%,2.18%,16.1%,0.0665%,,4.28%,,3.38%
2026-07-19 23:00:00,0.0864 Mpa,0.00384 Mpa,0.208 Mpa,0.171 Mpa,,0.184 Mpa,0.242 Mpa,,0.292 Mpa,4.72%,0.0214%,3.47%,1.99%,,0.180%,2.18%,,4.44%
2026-07-20 01:00:00,0.106 Mpa,,0.297 Mpa,0.137 Mpa,,0.220 Mpa,0.212 Mpa,,0.325 Mpa,6.20%,,5.62%,1.38%,,0.627%,2.17%,,5.94%
2026-07-20 03:00:00,0.0267 Mpa,0.0231 Mpa,0.549 Mpa,0.144 Mpa,,0.218 Mpa,0.585 Mpa,,0.397 Mpa,3.61%,0.661%,13.1%,1.66%,,0.273%,13.6%,,7.67%
2026-07-20 05:00:00,0.242 Mpa,,0.693 Mpa,0.277 Mpa,,0.546 Mpa,0.278 Mpa,,0.348 Mpa,11.4%,,17.5%,5.32%,,12.5%,4.06%,,6.34%
2026-07-20 07:00:00,0.277 Mpa,0.565 Mpa,0.407 Mpa,0.174 Mpa,,0.296 Mpa,0.250 Mpa,,0.189 Mpa,10.4%,17.7%,9.24%,1.86%,,3.68%,3.69%,,2.59%
2026-07-20 09:00:00,0.205 Mpa,0.195 Mpa,0.376 Mpa,0.128 Mpa,,0.294 Mpa,0.220 Mpa,,0.251 Mpa,7.52%,8.88%,8.82%,3.89%,,3.52%,2.12%,,4.34%
2026-07-20 11:00:00,0.437 Mpa,,0.193 Mpa,0.155 Mpa,,0.624 Mpa,0.417 Mpa,,0.510 Mpa,13.2%,,3.71%,4.21%,,13.6%,8.15%,,10.8%
2026-07-20 13:00:00,0.159 Mpa,0.00112 Mpa,0.491 Mpa,1.41 Mpa,,0.610 Mpa,0.380 Mpa,,0.418 Mpa,7.17%,0.0101%,11.9%,36.1%,,12.7%,7.32%,,8.10%
2026-07-20 15:00:00,0.156 Mpa,0.00340 Mpa,0.420 Mpa,,,0.344 Mpa,0.188 Mpa,,0.271 Mpa,7.51%,12.1%,14.3%,,,13.5%,5.80%,,5.12%
2026-07-20 17:00:00,0.193 Mpa,,0.237 Mpa,1.27 Mpa,,0.188 Mpa,0.492 Mpa,,0.659 Mpa,7.30%,,11.9%,30.7%,,1.22%,10.9%,,15.5%
2026-07-20 19:00:00,0.503 Mpa,0.0112 Mpa,0.394 Mpa,0.116 Mpa,,0.288 Mpa,0.377 Mpa,,0.582 Mpa,13.7%,12.7%,9.20%,9.13%,,3.25%,7.08%,,12.2%
2026-07-20 21:00:00,0.0463 Mpa,0.0124 Mpa,0.423 Mpa,0.318 Mpa,,0.205 Mpa,0.101 Mpa,,0.435 Mpa,1.64%,12.2%,9.77%,11.2%,,1.32%,5.41%,,9.06%
2026-07-20 23:00:00,0.0846 Mpa,0.00701 Mpa,0.334 Mpa,0.215 Mpa,,0.247 Mpa,0.408 Mpa,,0.467 Mpa,4.81%,11.7%,7.38%,2.98%,,2.26%,6.82%,,11.2%
2026-07-21 01:00:00,0.204 Mpa,0 Mpa,0.268 Mpa,0.172 Mpa,0.00617 Mpa,1.45 Mpa,0.375 Mpa,,0.669 Mpa,6.65%,11.1%,4.87%,1.77%,0.311%,35.7%,5.82%,,15.4%
2026-07-21 03:00:00,0.171 Mpa,,0.365 Mpa,0.184 Mpa,0.380 Mpa,0.237 Mpa,0.255 Mpa,,0.163 Mpa,7.01%,,7.81%,1.82%,13.8%,2.00%,2.80%,,1.91%
2026-07-21 05:00:00,0.0986 Mpa,,0.247 Mpa,0.197 Mpa,0.124 Mpa,0.208 Mpa,0.192 Mpa,,0.295 Mpa,5.02%,,4.54%,2.54%,3.58%,1.35%,1.94%,,6.24%
2026-07-21 07:00:00,0.0479 Mpa,,0.620 Mpa,0.119 Mpa,0.201 Mpa,0.446 Mpa,0.367 Mpa,,0.315 Mpa,4.06%,,14.9%,0.387%,5.41%,7.68%,6.75%,,6.22%
2026-07-21 09:00:00,0.378 Mpa,0.168 Mpa,0.572 Mpa,0.531 Mpa,,1.13 Mpa,0.254 Mpa,,0.234 Mpa,11.5%,7.43%,14.0%,12.0%,,24.8%,3.59%,,3.60%
2026-07-21 11:00:00,0.213 Mpa,,0.163 Mpa,0.325 Mpa,0.117 Mpa,1.08 Mpa,0.287 Mpa,,0.167 Mpa,7.15%,,2.77%,6.63%,2.75%,24.2%,5.57%,,2.09%
2026-07-21 13:00:00,0.204 Mpa,,0.380 Mpa,0.316 Mpa,0.0606 Mpa,0.715 Mpa,0.459 Mpa,,0.310 Mpa,8.48%,,8.82%,7.16%,2.16%,14.1%,11.3%,,7.80%
2026-07-21 15:00:00,0.136 Mpa,,0.394 Mpa,0.638 Mpa,0.0736 Mpa,0.307 Mpa,0.195 Mpa,,0.559 Mpa,18.1%,,8.75%,14.9%,1.68%,5.80%,2.44%,,14.3%
2026-07-21 17:00:00,0.210 Mpa,,0.270 Mpa,0.221 Mpa,0.120 Mpa,0.314 Mpa,0.233 Mpa,,,6.00%,,5.34%,10.4%,3.26%,15.6%,3.65%,,
2026-07-21 19:00:00,0.530 Mpa,,0.185 Mpa,1.18 Mpa,0.355 Mpa,0.568 Mpa,0.359 Mpa,,,15.3%,,2.14%,31.5%,9.80%,11.6%,6.09%,,
2026-07-21 21:00:00,0.498 Mpa,,0.294 Mpa,0.280 Mpa,0.270 Mpa,,0.203 Mpa,,0.245 Mpa,15.9%,,5.61%,3.85%,7.11%,,1.25%,,5.03%
2026-07-21 23:00:00,0.108 Mpa,,0.338 Mpa,0.522 Mpa,0.274 Mpa,0.933 Mpa,0.181 Mpa,,,6.22%,,6.90%,10.5%,17.8%,21.7%,0.589%,,
2026-07-22 01:00:00,0.237 Mpa,,0.0927 Mpa,1.00 Mpa,0.210 Mpa,0.233 Mpa,0.187 Mpa,,,8.55%,,1.52%,25.0%,17.0%,2.44%,1.63%,,
2026-07-22 03:00:00,0.304 Mpa,,0.169 Mpa,0.646 Mpa,0.288 Mpa,0.234 Mpa,0.347 Mpa,,,10.4%,,2.51%,23.1%,8.89%,1.34%,5.62%,,
2026-07-22 05:00:00,0.741 Mpa,,0.137 Mpa,0.481 Mpa,0.205 Mpa,0.196 Mpa,0.228 Mpa,,,19.8%,,1.48%,10.1%,5.37%,1.09%,3.35%,,
2026-07-22 07:00:00,0.159 Mpa,,0.183 Mpa,0.287 Mpa,0.159 Mpa,0.187 Mpa,0.339 Mpa,,,6.45%,,2.60%,4.64%,4.23%,0.895%,5.83%,,
2026-07-22 09:00:00,0.267 Mpa,,0.560 Mpa,0.538 Mpa,0.147 Mpa,0.207 Mpa,0.306 Mpa,,,9.12%,,13.6%,12.0%,4.45%,1.21%,4.40%,,
2026-07-22 11:00:00,0.235 Mpa,,0.0971 Mpa,0.266 Mpa,0.0730 Mpa,0.184 Mpa,0.592 Mpa,,,9.59%,,0.247%,4.69%,3.56%,0.628%,13.5%,,
2026-07-22 13:00:00,0 Mpa,,0.234 Mpa,0.720 Mpa,0.110 Mpa,0.614 Mpa,0.238 Mpa,,,0.0125%,,3.70%,16.9%,2.97%,12.1%,4.80%,,
2026-07-22 15:00:00,0.152 Mpa,,0.237 Mpa,0.314 Mpa,0.0103 Mpa,0.933 Mpa,0.327 Mpa,,,4.09%,,4.15%,5.96%,0.144%,20.8%,6.46%,,
2026-07-22 17:00:00,0.125 Mpa,,0.433 Mpa,0.188 Mpa,0.313 Mpa,0.193 Mpa,0.257 Mpa,,0.142 Mpa,5.45%,,10.5%,36.8%,8.84%,2.49%,4.13%,,0.977%
2026-07-22 19:00:00,0.153 Mpa,,0.160 Mpa,0.297 Mpa,0.184 Mpa,0.980 Mpa,0.258 Mpa,,0.134 Mpa,5.25%,,2.05%,18.7%,5.13%,30.0%,5.39%,,1.47%
2026-07-22 21:00:00,0.107 Mpa,,0.131 Mpa,0.286 Mpa,0.324 Mpa,2.24 Mpa,0.216 Mpa,,0.447 Mpa,5.30%,,0.827%,12.5%,8.80%,57.0%,4.75%,,9.88%
2026-07-22 23:00:00,0.135 Mpa,,0.412 Mpa,0.336 Mpa,0.109 Mpa,1.50 Mpa,0.207 Mpa,,0.228 Mpa,4.98%,,9.79%,5.77%,2.62%,60.0%,1.51%,,2.64%
2026-07-23 01:00:00,0.516 Mpa,,0.229 Mpa,0.320 Mpa,0.0231 Mpa,1.60 Mpa,0.221 Mpa,,0.258 Mpa,15.3%,,3.83%,5.34%,1.61%,38.1%,2.59%,,4.80%
2026-07-23 03:00:00,0.308 Mpa,,0.209 Mpa,0.152 Mpa,0.0474 Mpa,0.328 Mpa,0.337 Mpa,,0.524 Mpa,31.2%,,3.01%,0.925%,1.19%,4.75%,9.62%,,11.2%
2026-07-23 05:00:00,0.148 Mpa,,0.304 Mpa,0.206 Mpa,0.0553 Mpa,0.155 Mpa,,,0.426 Mpa,4.54%,,5.68%,2.71%,1.34%,0.302%,,,8.30%
2026-07-23 07:00:00,0.150 Mpa,,0.602 Mpa,0.231 Mpa,0.830 Mpa,,,,0.339 Mpa,6.10%,,14.5%,2.98%,23.0%,,,,5.78%
2026-07-23 09:00:00,0.111 Mpa,,1.22 Mpa,0.193 Mpa,0.456 Mpa,0.144 Mpa,0.0244 Mpa,,0.409 Mpa,4.72%,,31.6%,1.95%,13.6%,0.437%,1.81%,,7.54%
2026-07-23 11:00:00,0.0246 Mpa,,0.118 Mpa,0.372 Mpa,0.324 Mpa,0.264 Mpa,0.272 Mpa,,0.176 Mpa,3.63%,,0.712%,7.20%,9.48%,4.08%,5.76%,,1.57%
2026-07-23 13:00:00,0.735 Mpa,,0.720 Mpa,0.274 Mpa,0.0305 Mpa,,,,0.273 Mpa,21.5%,,18.1%,4.67%,2.04%,,,,4.87%
2026-07-23 15:00:00,0.986 Mpa,,0.185 Mpa,0.251 Mpa,0.187 Mpa,0.147 Mpa,,,0.508 Mpa,26.1%,,2.21%,3.62%,6.91%,0%,,,10.9%
2026-07-23 17:00:00,0.638 Mpa,,0.150 Mpa,0.178 Mpa,0.184 Mpa,,,,,16.8%,,1.46%,1.67%,5.32%,,,,
2026-07-23 19:00:00,0.150 Mpa,,0.406 Mpa,0.437 Mpa,0.272 Mpa,,,,0.0567 Mpa,3.88%,,52.5%,9.06%,8.33%,,,,0%
2026-07-23 21:00:00,0.835 Mpa,,0.424 Mpa,0.238 Mpa,0.301 Mpa,,,,0.194 Mpa,22.4%,,11.5%,2.29%,8.36%,,,,3.70%
2026-07-23 23:00:00,0.593 Mpa,,0.462 Mpa,0.269 Mpa,0.110 Mpa,0.192 Mpa,,,0.165 Mpa,17.1%,,10.4%,3.28%,3.75%,1.03%,,,1.04%
2026-07-24 01:00:00,0.192 Mpa,,0.267 Mpa,0.178 Mpa,0.0200 Mpa,,,,0.266 Mpa,5.78%,,6.32%,1.01%,1.27%,,,,4.08%
2026-07-24 03:00:00,0.0742 Mpa,,0.279 Mpa,0.287 Mpa,0.142 Mpa,0.501 Mpa,,,0.235 Mpa,5.03%,,4.67%,4.55%,3.64%,8.65%,,,3.17%
2026-07-24 05:00:00,0.257 Mpa,,0.192 Mpa,,0.274 Mpa,,,,0.273 Mpa,7.65%,,2.54%,,8.80%,,,,3.79%
2026-07-24 07:00:00,0.356 Mpa,,0.449 Mpa,0.108 Mpa,0.435 Mpa,,,,0.517 Mpa,10.9%,,9.91%,0.762%,13.1%,,,,10.4%
2026-07-24 09:00:00,0.330 Mpa,,0.157 Mpa,0.157 Mpa,0.0961 Mpa,0.181 Mpa,0.0232 Mpa,,0.163 Mpa,10.7%,,2.36%,1.71%,2.57%,1.64%,0%,,1.12%
2026-07-24 11:00:00,0.312 Mpa,,0.228 Mpa,0.118 Mpa,0.449 Mpa,,0.126 Mpa,,0.154 Mpa,10.1%,,3.78%,1.17%,13.4%,,0.821%,,5.60%
2026-07-24 13:00:00,0.0725 Mpa,,0.692 Mpa,0.270 Mpa,0.340 Mpa,,1.08 Mpa,,0.188 Mpa,2.04%,,16.9%,29.7%,11.0%,,28.7%,,2.47%
2026-07-24 15:00:00,1.05 Mpa,,0.215 Mpa,0.144 Mpa,0.502 Mpa,,0.866 Mpa,,0.290 Mpa,29.5%,,3.43%,41.6%,15.0%,,21.1%,,5.20%
2026-07-24 17:00:00,0.0653 Mpa,,0.310 Mpa,0.169 Mpa,0.427 Mpa,,0.954 Mpa,,0.204 Mpa,5.32%,,6.19%,0.748%,11.7%,,26.6%,,2.71%
2026-07-24 19:00:00,0.0674 Mpa,,0.305 Mpa,0.449 Mpa,0.990 Mpa,,1.33 Mpa,,0.336 Mpa,3.95%,,5.06%,8.63%,27.1%,,51.4%,,5.13%
2026-07-24 21:00:00,0.239 Mpa,,0.205 Mpa,0.226 Mpa,0.322 Mpa,,0.399 Mpa,,0.436 Mpa,8.27%,,2.30%,2.11%,8.62%,,12.2%,,7.64%
2026-07-24 23:00:00,0.0850 Mpa,,0.183 Mpa,0.265 Mpa,0.142 Mpa,,0.350 Mpa,,0.228 Mpa,3.07%,,2.70%,3.57%,3.45%,,6.01%,,2.60%
2026-07-25 01:00:00,0.415 Mpa,,0.0942 Mpa,0.212 Mpa,0.0484 Mpa,,0.326 Mpa,,0.157 Mpa,11.9%,,2.66%,2.07%,0.853%,,5.13%,,1.91%
2026-07-25 03:00:00,0.206 Mpa,,0.283 Mpa,0.428 Mpa,0.138 Mpa,,0.468 Mpa,,0.262 Mpa,6.13%,,4.78%,8.00%,3.88%,,30.9%,,3.78%
2026-07-25 05:00:00,0.294 Mpa,,0.239 Mpa,0.377 Mpa,0.0916 Mpa,,0.205 Mpa,,0.232 Mpa,7.84%,,4.07%,6.20%,2.56%,,3.39%,,3.64%
2026-07-25 07:00:00,0.0857 Mpa,,0.584 Mpa,0.308 Mpa,0.227 Mpa,,0.219 Mpa,,0.181 Mpa,3.71%,,14.1%,4.98%,5.99%,,2.38%,,1.21%
2026-07-25 09:00:00,0.218 Mpa,0.00960 Mpa,0.593 Mpa,0.427 Mpa,0.306 Mpa,,0.402 Mpa,,0.196 Mpa,7.21%,0.0800%,14.5%,7.84%,9.99%,,7.83%,,2.35%
2026-07-25 11:00:00,0.0730 Mpa,,0.155 Mpa,0.510 Mpa,0.139 Mpa,,0.332 Mpa,,0.527 Mpa,5.38%,,2.14%,10.3%,3.99%,,6.61%,,10.6%
2026-07-25 13:00:00,0.0609 Mpa,,0.281 Mpa,,0.220 Mpa,,0.448 Mpa,,0.220 Mpa,3.93%,,5.46%,,6.33%,,9.42%,,3.35%
2026-07-25 15:00:00,0.120 Mpa,,0.148 Mpa,0.241 Mpa,0.377 Mpa,,0.176 Mpa,,0.204 Mpa,5.00%,,1.71%,3.05%,12.3%,,3.82%,,3.98%
2026-07-25 17:00:00,0.0878 Mpa,,0.522 Mpa,0.306 Mpa,0.139 Mpa,,0.201 Mpa,,0.186 Mpa,13.1%,,12.0%,5.04%,4.62%,,2.41%,,3.07%
2026-07-25 19:00:00,0.0971 Mpa,,0.183 Mpa,0.384 Mpa,0.413 Mpa,,0.566 Mpa,,0.254 Mpa,4.78%,,2.18%,6.97%,11.4%,,12.1%,,3.55%
2026-07-25 21:00:00,0.0900 Mpa,,0.173 Mpa,0.365 Mpa,0.133 Mpa,,0.222 Mpa,,0.184 Mpa,4.19%,,1.75%,6.26%,5.04%,,1.56%,,1.62%
2026-07-25 23:00:00,0.0352 Mpa,,0.168 Mpa,0.271 Mpa,0.410 Mpa,,0.446 Mpa,,0.162 Mpa,2.86%,,1.49%,3.46%,12.0%,,8.67%,,1.79%
2026-07-26 01:00:00,0.144 Mpa,,0.127 Mpa,0.384 Mpa,0.141 Mpa,,0.221 Mpa,,0.586 Mpa,6.71%,,0.407%,6.91%,5.37%,,1.56%,,13.0%
2026-07-26 03:00:00,0.104 Mpa,,0.168 Mpa,0.245 Mpa,0.699 Mpa,,0.348 Mpa,,0.211 Mpa,5.23%,,1.90%,2.83%,19.5%,,5.49%,,2.46%
2026-07-26 05:00:00,0.192 Mpa,,0.128 Mpa,0.218 Mpa,0.109 Mpa,,0.385 Mpa,,0.427 Mpa,6.25%,,1.44%,2.21%,4.77%,,7.36%,,8.02%
2026-07-26 07:00:00,0.0707 Mpa,,0.437 Mpa,0.216 Mpa,0.170 Mpa,,0.528 Mpa,,0.318 Mpa,9.25%,,10.1%,1.97%,5.98%,,12.4%,,5.38%
2026-07-26 09:00:00,0.0283 Mpa,,0.419 Mpa,0.267 Mpa,0.123 Mpa,,0.424 Mpa,,0.216 Mpa,8.98%,,10.5%,4.04%,5.85%,,7.71%,,2.52%
2026-07-26 11:00:00,0.0530 Mpa,,0.582 Mpa,0.344 Mpa,0.353 Mpa,,0.812 Mpa,,0.278 Mpa,2.05%,,13.7%,5.83%,11.2%,,20.5%,,6.00%
2026-07-26 13:00:00,0.216 Mpa,,0.137 Mpa,0.342 Mpa,0.0568 Mpa,,0.334 Mpa,,0.226 Mpa,6.09%,,1.27%,6.11%,1.56%,,5.65%,,3.29%
2026-07-26 15:00:00,0.963 Mpa,,0.726 Mpa,0.358 Mpa,0.350 Mpa,,0.621 Mpa,,0.284 Mpa,26.9%,,17.9%,6.09%,10.2%,,15.2%,,4.41%
2026-07-26 17:00:00,0.174 Mpa,,0.221 Mpa,0.268 Mpa,0.227 Mpa,,0.285 Mpa,,0.475 Mpa,9.02%,,3.29%,3.80%,8.42%,,4.59%,,9.54%
2026-07-26 19:00:00,0.481 Mpa,,0.575 Mpa,0.229 Mpa,0.336 Mpa,,0.307 Mpa,,0.259 Mpa,13.7%,,13.2%,2.58%,12.4%,,5.62%,,2.97%
2026-07-26 21:00:00,1.12 Mpa,,0.245 Mpa,0.195 Mpa,0.126 Mpa,,0.279 Mpa,,0.386 Mpa,30.0%,,3.51%,1.92%,3.50%,,3.92%,,7.71%
2026-07-26 23:00:00,0.154 Mpa,,0.194 Mpa,0.198 Mpa,0.144 Mpa,,0.203 Mpa,,0.626 Mpa,5.45%,,2.26%,2.00%,4.11%,,2.17%,,13.0%
2026-07-27 01:00:00,0.177 Mpa,,,0.315 Mpa,,,0.543 Mpa,,0.599 Mpa,4.92%,,,4.79%,,,11.3%,,12.8%
2026-07-27 03:00:00,0.540 Mpa,,0.208 Mpa,0.256 Mpa,,,0.344 Mpa,,0.231 Mpa,15.2%,,2.21%,2.98%,,,5.38%,,5.17%
2026-07-27 05:00:00,0.412 Mpa,,0.131 Mpa,0.272 Mpa,0 Mpa,,0.519 Mpa,,0.507 Mpa,12.1%,,1.10%,3.56%,0%,,10.7%,,11.6%
2026-07-27 07:00:00,0.280 Mpa,,0.340 Mpa,0.198 Mpa,0.902 Mpa,,0.225 Mpa,,0.278 Mpa,11.0%,,6.42%,1.69%,23.6%,,1.69%,,4.14%
2026-07-27 09:00:00,0.0754 Mpa,,0.296 Mpa,0.294 Mpa,0.0941 Mpa,,0.386 Mpa,,0.240 Mpa,9.84%,,5.99%,4.48%,4.36%,,7.53%,,4.00%
2026-07-27 11:00:00,0.157 Mpa,,0.203 Mpa,0.219 Mpa,1.05 Mpa,,0.373 Mpa,,0.152 Mpa,7.27%,,2.79%,2.12%,31.9%,,6.36%,,1.60%
2026-07-27 13:00:00,0.161 Mpa,,0.256 Mpa,0.261 Mpa,0.0877 Mpa,,0.845 Mpa,,0.251 Mpa,8.88%,,4.18%,4.43%,2.42%,,21.9%,,4.84%
2026-07-27 15:00:00,0 Mpa,,0.184 Mpa,0.185 Mpa,0.102 Mpa,,0.603 Mpa,,0.180 Mpa,0.0107%,,2.06%,1.24%,3.13%,,14.2%,,1.62%
2026-07-27 17:00:00,0 Mpa,,0.183 Mpa,0.241 Mpa,0.0867 Mpa,,0.110 Mpa,,0.248 Mpa,0.171%,,1.73%,3.20%,10.8%,,1.54%,,4.46%
2026-07-27 19:00:00,,,0.228 Mpa,0.187 Mpa,0.0705 Mpa,,0.301 Mpa,,0.182 Mpa,,,2.80%,1.82%,2.87%,,4.24%,,1.52%
2026-07-27 21:00:00,,,0.476 Mpa,0.238 Mpa,0.0521 Mpa,,0.253 Mpa,,0.551 Mpa,,,9.70%,3.14%,2.61%,,2.94%,,12.1%
2026-07-27 23:00:00,0.306 Mpa,,1.78 Mpa,0.237 Mpa,0.171 Mpa,,0.176 Mpa,,0.304 Mpa,7.93%,,46.1%,2.83%,4.56%,,0.519%,,5.39%
2026-07-28 01:00:00,0.360 Mpa,,1.25 Mpa,0.212 Mpa,0.384 Mpa,,0.192 Mpa,,0.255 Mpa,10.1%,,33.9%,2.27%,10.7%,,1.04%,,5.17%
2026-07-28 03:00:00,0.358 Mpa,,0.108 Mpa,0.260 Mpa,0.0569 Mpa,,0.491 Mpa,,0.303 Mpa,10.6%,,0.949%,3.45%,3.47%,,9.97%,,6.67%
2026-07-28 05:00:00,0.159 Mpa,,,0.306 Mpa,0.151 Mpa,,0.286 Mpa,,0.240 Mpa,4.59%,,,4.66%,4.14%,,4.80%,,4.29%
2026-07-28 07:00:00,0.0534 Mpa,,,0.279 Mpa,0.0881 Mpa,,0.277 Mpa,,0.508 Mpa,2.87%,,,3.64%,2.29%,,2.97%,,11.5%
2026-07-28 09:00:00,0.606 Mpa,,,0.215 Mpa,0.0626 Mpa,,0.356 Mpa,,0.415 Mpa,16.1%,,,2.38%,2.36%,,5.27%,,11.0%
2026-07-28 11:00:00,0.215 Mpa,,0 Mpa,0.268 Mpa,0.00931 Mpa,,0.222 Mpa,,0.229 Mpa,8.63%,,0.0727%,3.62%,1.13%,,1.52%,,3.52%
2026-07-28 13:00:00,0.121 Mpa,,,0.214 Mpa,0.280 Mpa,,0.321 Mpa,,0.218 Mpa,4.54%,,,2.40%,8.38%,,3.90%,,4.07%
2026-07-28 15:00:00,0.126 Mpa,,,0.207 Mpa,0.164 Mpa,,0.299 Mpa,,0.135 Mpa,6.10%,,,2.63%,6.16%,,3.77%,,1.29%
2026-07-28 17:00:00,0.0950 Mpa,,,0.228 Mpa,0.0826 Mpa,,0.190 Mpa,,0.197 Mpa,5.78%,,,2.90%,3.55%,,1.96%,,3.07%
2026-07-28 19:00:00,0.106 Mpa,,,0.205 Mpa,0.340 Mpa,,1.34 Mpa,,0.192 Mpa,4.37%,,,4.94%,10.0%,,35.9%,,2.73%
2026-07-28 21:00:00,0.0532 Mpa,,,0.173 Mpa,0.369 Mpa,,0.350 Mpa,,0.218 Mpa,4.60%,,,1.11%,11.1%,,5.03%,,3.77%
2026-07-28 23:00:00,0.0336 Mpa,,,0.419 Mpa,0.472 Mpa,,0.347 Mpa,,0.312 Mpa,3.25%,,,8.19%,18.3%,,5.79%,,6.09%
2026-07-29 01:00:00,0.0330 Mpa,,,0.203 Mpa,0.0997 Mpa,,0.247 Mpa,,0.449 Mpa,3.48%,,,1.99%,4.09%,,3.54%,,9.77%
2026-07-29 03:00:00,0.167 Mpa,,,0.227 Mpa,0.554 Mpa,,0.231 Mpa,,0.472 Mpa,7.65%,,,2.78%,16.0%,,2.11%,,9.50%
2026-07-29 05:00:00,0.444 Mpa,,,0.202 Mpa,0.371 Mpa,,0.175 Mpa,,0.316 Mpa,14.7%,,,19.0%,11.1%,,1.05%,,6.03%
2026-07-29 07:00:00,0.101 Mpa,,,0.278 Mpa,0.197 Mpa,,0.181 Mpa,,0.544 Mpa,5.41%,,,12.9%,6.05%,,3.19%,,11.5%
2026-07-29 09:00:00,0.0709 Mpa,,,0.373 Mpa,0.153 Mpa,,0.291 Mpa,,0.459 Mpa,2.89%,,,7.01%,4.40%,,3.87%,,9.84%
2026-07-29 11:00:00,0.473 Mpa,,,0.299 Mpa,0.0821 Mpa,,0.480 Mpa,,0.725 Mpa,14.2%,,,5.26%,2.16%,,9.14%,,16.9%
2026-07-29 13:00:00,0.120 Mpa,,0.00486 Mpa,0.229 Mpa,0.0612 Mpa,,0.271 Mpa,,0.309 Mpa,5.22%,,0.0738%,3.03%,1.58%,,4.07%,,5.43%
2026-07-29 15:00:00,0.219 Mpa,0 Mpa,0.00168 Mpa,0.479 Mpa,0.0498 Mpa,,0.320 Mpa,,0.246 Mpa,8.05%,0.913%,0%,9.78%,1.34%,,5.97%,,6.26%
2026-07-29 17:00:00,0.139 Mpa,0.534 Mpa,0.00147 Mpa,0.476 Mpa,0.104 Mpa,,0.151 Mpa,,0.188 Mpa,6.94%,23.3%,0%,10.2%,5.03%,,1.41%,,4.03%
2026-07-29 19:00:00,0.0253 Mpa,,0.0310 Mpa,0.188 Mpa,0.279 Mpa,,0.221 Mpa,,0.195 Mpa,2.33%,,0%,1.62%,8.58%,,2.07%,,2.91%
2026-07-29 21:00:00,0.0964 Mpa,,0.0997 Mpa,0.272 Mpa,0.375 Mpa,,0.254 Mpa,,0.290 Mpa,3.94%,,2.55%,3.95%,13.2%,,3.40%,,5.50%
2026-07-29 23:00:00,0.00272 Mpa,,0.440 Mpa,0.180 Mpa,0.0994 Mpa,,0.276 Mpa,,0.495 Mpa,0.548%,,11.3%,1.53%,2.77%,,3.29%,,11.7%
2026-07-30 01:00:00,0.0601 Mpa,,0.101 Mpa,0.285 Mpa,0.370 Mpa,,0.300 Mpa,,1.98 Mpa,3.04%,,1.86%,4.27%,11.9%,,5.58%,,51.7%
2026-07-30 03:00:00,0.112 Mpa,,0.127 Mpa,0.182 Mpa,0.0615 Mpa,,0.387 Mpa,,0.304 Mpa,3.31%,,4.15%,1.12%,1.92%,,7.03%,,5.42%
2026-07-30 05:00:00,0.343 Mpa,,0.121 Mpa,0.238 Mpa,0.0883 Mpa,,0.161 Mpa,,0.108 Mpa,11.1%,,3.10%,3.09%,3.60%,,0.762%,,2.49%
2026-07-30 07:00:00,0.0252 Mpa,,0.242 Mpa,0.427 Mpa,0.0428 Mpa,,0.228 Mpa,,0.489 Mpa,1.81%,,5.87%,8.30%,2.63%,,1.55%,,11.4%
2026-07-30 09:00:00,0.405 Mpa,0.231 Mpa,0.734 Mpa,0.402 Mpa,0.0816 Mpa,,0.211 Mpa,,0.354 Mpa,11.6%,6.93%,19.9%,8.95%,3.58%,,1.42%,,9.77%
2026-07-30 11:00:00,0.184 Mpa,,0.695 Mpa,0.167 Mpa,0.0181 Mpa,,0.538 Mpa,,0.592 Mpa,5.68%,,19.1%,2.60%,0.754%,,12.3%,,13.6%
2026-07-30 13:00:00,0.222 Mpa,1.98 Mpa,0.0493 Mpa,0.129 Mpa,0.251 Mpa,,0.608 Mpa,,0.368 Mpa,8.00%,59.7%,0.915%,2.11%,7.44%,,13.8%,,7.27%
2026-07-30 15:00:00,0.0502 Mpa,1.83 Mpa,0.0682 Mpa,0.142 Mpa,0.224 Mpa,,0.583 Mpa,,0.188 Mpa,4.48%,54.4%,0.991%,2.27%,6.31%,,12.3%,,2.23%
2026-07-30 17:00:00,0.193 Mpa,0.212 Mpa,0.0427 Mpa,0.247 Mpa,0.0364 Mpa,,0.166 Mpa,,0.125 Mpa,4.88%,9.89%,0.334%,4.84%,1.35%,,1.50%,,1.50%
2026-07-30 19:00:00,0.243 Mpa,0.134 Mpa,0.0793 Mpa,0.165 Mpa,0.174 Mpa,,0.148 Mpa,,0.215 Mpa,7.11%,9.87%,0.676%,2.47%,4.60%,,0.387%,,4.12%
2026-07-30 21:00:00,0.189 Mpa,0.240 Mpa,0.449 Mpa,0.320 Mpa,0.0890 Mpa,,0.219 Mpa,,0.430 Mpa,5.37%,9.54%,10.9%,6.46%,3.78%,,1.81%,,7.51%
2026-07-30 23:00:00,0.475 Mpa,0.0348 Mpa,0.0851 Mpa,0.0968 Mpa,0.0828 Mpa,,0.307 Mpa,,0.646 Mpa,13.3%,1.25%,0.881%,46.2%,32.2%,,19.1%,,14.9%
2026-07-31 01:00:00,0.413 Mpa,0.219 Mpa,0.0244 Mpa,0.231 Mpa,0.0478 Mpa,,0.0862 Mpa,,0.259 Mpa,11.9%,6.57%,0.696%,4.12%,1.35%,,1.60%,,4.13%
2026-07-31 03:00:00,1.11 Mpa,0.267 Mpa,0.0723 Mpa,0.343 Mpa,0.176 Mpa,,0.140 Mpa,,0.361 Mpa,30.3%,10.0%,4.99%,7.19%,4.49%,,1.63%,,6.87%
2026-07-31 05:00:00,0.125 Mpa,0.131 Mpa,0.392 Mpa,0.100 Mpa,0.0939 Mpa,,0.279 Mpa,,0.403 Mpa,4.19%,7.02%,9.41%,0.956%,2.75%,,4.53%,,7.33%
2026-07-31 07:00:00,0.709 Mpa,0.115 Mpa,0.717 Mpa,0.165 Mpa,0.199 Mpa,,0.416 Mpa,,0.276 Mpa,19.9%,9.47%,19.1%,2.28%,5.52%,,7.31%,,4.24%
2026-07-31 09:00:00,0.166 Mpa,0 Mpa,0.695 Mpa,0.105 Mpa,0.00512 Mpa,,0.331 Mpa,,0.298 Mpa,5.28%,9.84%,18.1%,2.40%,1.31%,,5.60%,,4.98%
2026-07-31 11:00:00,0.0318 Mpa,0.328 Mpa,0.215 Mpa,1.56 Mpa,0.0176 Mpa,,0.390 Mpa,,0.250 Mpa,0.626%,15.3%,4.83%,40.8%,1.09%,,8.01%,,3.94%
2026-07-31 13:00:00,0.000400 Mpa,0.585 Mpa,0.352 Mpa,0.300 Mpa,0.531 Mpa,,0.775 Mpa,,0.175 Mpa,0.0850%,19.7%,8.99%,7.07%,17.8%,,19.2%,,1.42%
2026-07-31 15:00:00,,0.133 Mpa,0.388 Mpa,0.702 Mpa,0.445 Mpa,,0.545 Mpa,,0.865 Mpa,,5.42%,10.1%,17.1%,14.1%,,13.0%,,19.7%
2026-07-31 17:00:00,,0.0553 Mpa,0.215 Mpa,0.363 Mpa,0.197 Mpa,,0.189 Mpa,,0.230 Mpa,,5.77%,4.74%,7.56%,7.42%,,10.4%,,2.98%
2026-07-31 19:00:00,,0.491 Mpa,0.697 Mpa,0.234 Mpa,0.143 Mpa,,0.461 Mpa,,0.360 Mpa,,25.5%,18.7%,3.82%,3.91%,,9.92%,,7.32%
2026-07-31 21:00:00,,0.391 Mpa,0.243 Mpa,0.235 Mpa,0.0459 Mpa,,0.419 Mpa,,0.188 Mpa,,15.2%,6.09%,4.26%,1.47%,,17.8%,,3.31%
2026-07-31 23:00:00,,0.116 Mpa,0.589 Mpa,0.428 Mpa,0.0921 Mpa,,0.123 Mpa,,0.127 Mpa,,7.73%,15.1%,24.9%,9.03%,,12.0%,,2.10%
2026-08-01 01:00:00,,0.313 Mpa,0.584 Mpa,0.286 Mpa,0.0178 Mpa,,0.211 Mpa,,0.287 Mpa,,12.6%,15.0%,5.08%,47.7%,,8.68%,,6.05%
2026-08-01 03:00:00,,0.815 Mpa,0.0546 Mpa,0.236 Mpa,0.136 Mpa,,0.176 Mpa,,0.437 Mpa,,25.3%,7.68%,24.6%,3.79%,,15.7%,,8.87%
2026-08-01 05:00:00,,1.30 Mpa,0.268 Mpa,0.194 Mpa,0.181 Mpa,,0.210 Mpa,,0.213 Mpa,,35.1%,6.06%,3.16%,19.2%,,6.85%,,2.99%
2026-08-01 07:00:00,,0.370 Mpa,1.25 Mpa,0.239 Mpa,0 Mpa,,0.379 Mpa,,0.142 Mpa,,16.2%,33.4%,4.14%,64.9%,,5.79%,,0.262%
2026-08-01 09:00:00,,0.107 Mpa,1.32 Mpa,0.941 Mpa,0.736 Mpa,,0.487 Mpa,,0.267 Mpa,,6.75%,35.1%,24.0%,20.4%,,10.2%,,5.48%
2026-08-01 11:00:00,,0.227 Mpa,0.149 Mpa,0.301 Mpa,0.180 Mpa,,0.754 Mpa,,0.167 Mpa,,12.4%,3.02%,7.03%,5.30%,,19.1%,,1.52%
2026-08-01 13:00:00,,0.0372 Mpa,0.205 Mpa,0.590 Mpa,0.136 Mpa,,1.90 Mpa,,0.171 Mpa,,7.00%,4.45%,14.8%,3.82%,,53.1%,,3.93%
2026-08-01 15:00:00,,0.212 Mpa,0.0654 Mpa,0.811 Mpa,0.282 Mpa,,0.433 Mpa,,0.421 Mpa,,8.99%,0.315%,26.6%,11.0%,,7.92%,,13.5%
2026-08-01 17:00:00,,0.127 Mpa,0.140 Mpa,0.0655 Mpa,0.122 Mpa,,0.338 Mpa,,0.494 Mpa,,7.10%,2.96%,0.849%,3.58%,,10.4%,,14.6%
2026-08-01 19:00:00,,0.0322 Mpa,0.152 Mpa,0.255 Mpa,0.135 Mpa,,0.187 Mpa,,0.231 Mpa,,1.36%,2.94%,4.75%,4.84%,,7.20%,,5.14%
2026-08-01 21:00:00,0.00903 Mpa,0.371 Mpa,0.117 Mpa,0.473 Mpa,0.147 Mpa,,0.347 Mpa,,0.205 Mpa,0.226%,13.7%,1.85%,10.3%,9.51%,,5.77%,,5.38%
2026-08-01 23:00:00,0.00446 Mpa,0.483 Mpa,0.0607 Mpa,0.226 Mpa,0.225 Mpa,,0.309 Mpa,,0.177 Mpa,0.0819%,16.2%,0.555%,3.46%,7.29%,,5.79%,,8.23%
2026-08-02 01:00:00,0.221 Mpa,0.337 Mpa,0.0975 Mpa,0.900 Mpa,0.0727 Mpa,,0.260 Mpa,,0.176 Mpa,6.59%,14.6%,1.43%,22.2%,2.91%,,21.7%,,4.68%
2026-08-02 03:00:00,0.112 Mpa,0.917 Mpa,0.135 Mpa,0.0812 Mpa,0.0735 Mpa,,0.259 Mpa,,0.218 Mpa,5.33%,29.7%,2.32%,0.263%,3.36%,,3.35%,,5.14%
2026-08-02 05:00:00,0.0731 Mpa,0.158 Mpa,0.158 Mpa,0.291 Mpa,0.116 Mpa,,0.252 Mpa,,0.340 Mpa,3.44%,8.54%,3.12%,5.58%,5.22%,,5.89%,,7.61%
2026-08-02 07:00:00,0.0463 Mpa,0.105 Mpa,0.462 Mpa,0.303 Mpa,1.23 Mpa,,0.371 Mpa,,0.282 Mpa,1.44%,5.79%,11.5%,6.34%,48.7%,,6.28%,,5.28%
2026-08-02 09:00:00,0.0874 Mpa,0.0988 Mpa,0.145 Mpa,0.323 Mpa,0.969 Mpa,,0.485 Mpa,,0.221 Mpa,2.82%,7.51%,3.01%,9.02%,33.1%,,9.91%,,4.49%
2026-08-02 11:00:00,0.537 Mpa,0.0870 Mpa,0.125 Mpa,0.238 Mpa,0.530 Mpa,,1.26 Mpa,,0.461 Mpa,15.7%,7.48%,2.24%,4.18%,16.6%,,33.8%,,9.95%
2026-08-02 13:00:00,0.417 Mpa,0.0938 Mpa,0.953 Mpa,0.274 Mpa,0.111 Mpa,,0.219 Mpa,,0.352 Mpa,11.5%,5.80%,25.2%,5.09%,3.64%,,2.62%,,7.04%
2026-08-02 15:00:00,0.538 Mpa,0.114 Mpa,0.0614 Mpa,0.537 Mpa,0.0432 Mpa,,1.10 Mpa,,0.355 Mpa,15.2%,5.62%,0.445%,11.6%,3.78%,,30.7%,,7.82%
2026-08-02 17:00:00,0.0954 Mpa,0.166 Mpa,0.0839 Mpa,0.308 Mpa,0.0979 Mpa,,0.193 Mpa,,0.390 Mpa,4.39%,8.38%,1.14%,5.10%,5.07%,,2.63%,,8.64%
2026-08-02 19:00:00,0.0152 Mpa,0.0771 Mpa,0.479 Mpa,0.190 Mpa,0.0834 Mpa,,0.334 Mpa,,0.153 Mpa,0.237%,6.32%,12.3%,1.68%,22.6%,,5.37%,,1.25%
2026-08-02 21:00:00,0.236 Mpa,0.182 Mpa,0.105 Mpa,0.540 Mpa,0.118 Mpa,,0.321 Mpa,,0.196 Mpa,7.83%,7.81%,1.64%,11.6%,4.37%,,5.54%,,3.40%
2026-08-02 23:00:00,1.23 Mpa,0.248 Mpa,0.0966 Mpa,0.472 Mpa,0.0376 Mpa,0.0487 Mpa,0.219 Mpa,,0.151 Mpa,35.0%,11.8%,1.67%,10.1%,1.78%,1.26%,2.44%,,2.47%
2026-08-03 01:00:00,0.364 Mpa,0.0800 Mpa,0.165 Mpa,0.229 Mpa,0.000123 Mpa,0.0681 Mpa,0.209 Mpa,,0.189 Mpa,11.1%,2.65%,3.34%,2.90%,0.615%,0.658%,6.78%,,4.75%
2026-08-03 03:00:00,0.953 Mpa,0.890 Mpa,0.346 Mpa,0.115 Mpa,0.00255 Mpa,,0.105 Mpa,,0.207 Mpa,25.8%,27.1%,8.04%,0.119%,0.942%,,35.0%,,4.99%
2026-08-03 05:00:00,0.882 Mpa,0.318 Mpa,0.0930 Mpa,0.293 Mpa,0.0000871 Mpa,,0.261 Mpa,,0.190 Mpa,25.2%,12.5%,1.16%,4.57%,7.30%,,3.53%,,4.98%
2026-08-03 07:00:00,0.0725 Mpa,0.127 Mpa,0.104 Mpa,0.370 Mpa,0.000142 Mpa,0.0720 Mpa,0.432 Mpa,,0.235 Mpa,4.65%,5.76%,1.35%,7.19%,0%,0%,7.99%,,5.95%
2026-08-03 09:00:00,0.346 Mpa,0.231 Mpa,0.201 Mpa,0.349 Mpa,0.00123 Mpa,,0.175 Mpa,,0.658 Mpa,10.4%,12.3%,4.41%,6.98%,0.798%,,1.13%,,14.7%
2026-08-03 11:00:00,0.479 Mpa,0.163 Mpa,0.107 Mpa,0.316 Mpa,1.08 Mpa,,0.676 Mpa,,0.228 Mpa,14.2%,7.95%,1.52%,5.98%,30.2%,,16.7%,,3.84%
2026-08-03 13:00:00,0.543 Mpa,0.0838 Mpa,0.221 Mpa,0.283 Mpa,0 Mpa,0.0720 Mpa,0.252 Mpa,,0.226 Mpa,15.8%,7.90%,5.01%,5.00%,3.11%,0%,3.06%,,5.41%
2026-08-03 15:00:00,0.207 Mpa,1.00 Mpa,0.122 Mpa,0.273 Mpa,0.0818 Mpa,0.118 Mpa,0.420 Mpa,,0.225 Mpa,8.23%,33.2%,1.86%,5.28%,2.64%,2.51%,8.26%,,4.56%
2026-08-03 17:00:00,0.112 Mpa,0.171 Mpa,0.101 Mpa,0.246 Mpa,0.112 Mpa,,0.293 Mpa,,0.281 Mpa,4.38%,10.3%,1.44%,4.58%,3.52%,,4.99%,,6.16%
2026-08-03 19:00:00,0.135 Mpa,0.427 Mpa,0.284 Mpa,0.142 Mpa,0.145 Mpa,,0.471 Mpa,,0.219 Mpa,4.94%,14.7%,6.70%,3.80%,4.81%,,10.3%,,4.45%
2026-08-03 21:00:00,0.0566 Mpa,0.446 Mpa,0.127 Mpa,0.116 Mpa,,0.264 Mpa,0.222 Mpa,,0.713 Mpa,3.03%,15.4%,2.29%,1.77%,,7.32%,2.51%,,16.6%
2026-08-03 23:00:00,0.170 Mpa,0.526 Mpa,0.0766 Mpa,0.313 Mpa,0.0393 Mpa,0.151 Mpa,0.290 Mpa,,0.166 Mpa,6.69%,19.0%,0.709%,6.22%,0.0889%,2.87%,5.79%,,33.4%
2026-08-04 01:00:00,0.0883 Mpa,0.795 Mpa,0.0748 Mpa,0.232 Mpa,,0.151 Mpa,0.225 Mpa,,0.180 Mpa,5.09%,25.4%,6.38%,3.58%,,3.14%,3.78%,,2.65%
2026-08-04 03:00:00,0.180 Mpa,0.133 Mpa,0.0569 Mpa,0.297 Mpa,,0.312 Mpa,0.299 Mpa,,0.152 Mpa,6.52%,12.4%,1.17%,5.72%,,6.41%,5.85%,,3.60%
2026-08-04 05:00:00,1.17 Mpa,0.766 Mpa,0.212 Mpa,0.334 Mpa,0.00135 Mpa,,0.225 Mpa,,0.158 Mpa,32.6%,27.4%,4.89%,7.61%,1.26%,,2.68%,,3.37%
2026-08-04 07:00:00,0.469 Mpa,0.316 Mpa,0.235 Mpa,0.238 Mpa,0.319 Mpa,0.0725 Mpa,0.322 Mpa,,0.169 Mpa,13.8%,14.3%,6.14%,3.94%,9.23%,0%,5.42%,,2.51%
2026-08-04 09:00:00,0.505 Mpa,0.364 Mpa,0.193 Mpa,0.481 Mpa,0.0269 Mpa,0.0469 Mpa,0.319 Mpa,,0.200 Mpa,17.1%,14.9%,4.27%,10.2%,3.29%,1.98%,6.31%,,4.25%
2026-08-04 11:00:00,0.230 Mpa,0.225 Mpa,0.188 Mpa,0.466 Mpa,0.111 Mpa,,0.280 Mpa,,0.141 Mpa,7.99%,8.79%,4.18%,10.5%,4.15%,,3.55%,,2.96%
2026-08-04 13:00:00,0.222 Mpa,0.195 Mpa,0.0979 Mpa,0.162 Mpa,0.0827 Mpa,,0.360 Mpa,,0.181 Mpa,9.56%,8.29%,1.95%,2.18%,2.46%,,7.04%,,3.76%
2026-08-04 15:00:00,0.420 Mpa,0.122 Mpa,0.395 Mpa,0.314 Mpa,0.209 Mpa,,0.469 Mpa,,0.141 Mpa,13.6%,5.51%,10.9%,5.99%,6.01%,,11.0%,,1.31%
2026-08-04 17:00:00,0.246 Mpa,0.441 Mpa,0.213 Mpa,0.212 Mpa,,,0.331 Mpa,,0.246 Mpa,34.9%,14.5%,4.83%,3.39%,,,6.68%,,3.98%
2026-08-04 19:00:00,1.61 Mpa,0.355 Mpa,0.253 Mpa,0.252 Mpa,1.96 Mpa,,0.162 Mpa,,0.490 Mpa,43.6%,13.7%,5.59%,4.20%,55.2%,,0.679%,,10.9%
2026-08-04 21:00:00,0.263 Mpa,0.168 Mpa,0.219 Mpa,0.200 Mpa,0.0413 Mpa,0.0601 Mpa,0.289 Mpa,,0.186 Mpa,7.69%,9.78%,4.54%,3.68%,2.57%,1.04%,3.88%,,3.02%
2026-08-04 23:00:00,0.201 Mpa,0.596 Mpa,0.166 Mpa,0.390 Mpa,0.112 Mpa,,0.132 Mpa,,0.245 Mpa,7.51%,19.8%,3.41%,7.51%,4.07%,,0.469%,,4.46%
2026-08-05 01:00:00,0.141 Mpa,0.180 Mpa,0.0974 Mpa,0.313 Mpa,0.0188 Mpa,,0.293 Mpa,,0.383 Mpa,4.93%,7.51%,1.74%,4.93%,0.0320%,,4.32%,,11.2%
2026-08-05 03:00:00,0.626 Mpa,0.0805 Mpa,0.361 Mpa,0.270 Mpa,0.106 Mpa,,0.565 Mpa,,0.220 Mpa,18.9%,6.88%,9.09%,4.27%,4.72%,,13.7%,,2.75%
2026-08-05 05:00:00,0.0986 Mpa,0.00597 Mpa,0.202 Mpa,0.264 Mpa,0.176 Mpa,,0.435 Mpa,,1.12 Mpa,3.17%,16.1%,4.56%,4.97%,4.93%,,9.86%,,29.8%
2026-08-05 07:00:00,0.0744 Mpa,0.0966 Mpa,0.0620 Mpa,0.357 Mpa,0.323 Mpa,,0.269 Mpa,,2.54 Mpa,2.01%,9.88%,0.418%,6.54%,10.1%,,2.72%,,65.3%
2026-08-05 09:00:00,0 Mpa,0.243 Mpa,0.0893 Mpa,0.169 Mpa,0.0656 Mpa,0.0560 Mpa,0.265 Mpa,,0.828 Mpa,0.00441%,7.99%,1.74%,1.93%,2.72%,0.00889%,2.58%,,19.7%
2026-08-05 11:00:00,0.0681 Mpa,0.0543 Mpa,0.317 Mpa,0.187 Mpa,0.543 Mpa,0.0475 Mpa,0.365 Mpa,,0.399 Mpa,2.16%,8.38%,7.84%,3.37%,15.5%,0.119%,6.31%,,11.7%
2026-08-05 13:00:00,0.0753 Mpa,0.135 Mpa,0.0779 Mpa,0.213 Mpa,0.214 Mpa,,0.256 Mpa,,0.261 Mpa,4.70%,11.0%,0.973%,3.26%,5.90%,,3.76%,,7.62%
2026-08-05 15:00:00,0.117 Mpa,0.129 Mpa,0.196 Mpa,0.234 Mpa,0.0528 Mpa,0.116 Mpa,0.841 Mpa,,0.346 Mpa,3.50%,8.46%,4.38%,4.25%,2.17%,1.25%,22.5%,,9.92%
2026-08-05 17:00:00,0.0767 Mpa,0.128 Mpa,0.222 Mpa,0.211 Mpa,0.310 Mpa,,0.227 Mpa,,0.294 Mpa,3.43%,9.51%,5.25%,3.04%,9.00%,,3.99%,,8.21%
2026-08-05 19:00:00,0.0768 Mpa,0.144 Mpa,0.111 Mpa,0.241 Mpa,0.602 Mpa,,0.620 Mpa,,0.489 Mpa,5.74%,10.5%,1.68%,3.48%,17.3%,,14.6%,,14.8%
2026-08-05 21:00:00,0.0973 Mpa,0.160 Mpa,0.226 Mpa,0.213 Mpa,0.333 Mpa,0.172 Mpa,0.272 Mpa,,0.444 Mpa,3.69%,11.3%,4.88%,2.89%,9.98%,2.85%,3.68%,,10.7%
2026-08-05 23:00:00,0.0966 Mpa,0.142 Mpa,0.194 Mpa,0.185 Mpa,0.0538 Mpa,0.0727 Mpa,0.426 Mpa,,0.336 Mpa,3.40%,10.3%,3.83%,2.49%,1.97%,0.0811%,8.56%,,9.74%
2026-08-06 01:00:00,0.246 Mpa,0.138 Mpa,0.325 Mpa,0.148 Mpa,0.0305 Mpa,0.466 Mpa,0.177 Mpa,,0.0614 Mpa,8.13%,9.01%,7.94%,1.82%,0.355%,9.99%,2.87%,,7.20%
2026-08-06 03:00:00,0.749 Mpa,0.176 Mpa,0.256 Mpa,0.258 Mpa,0.126 Mpa,2.27 Mpa,0.152 Mpa,,0.444 Mpa,20.8%,11.9%,6.16%,3.83%,3.53%,57.8%,0.763%,,12.1%
2026-08-06 05:00:00,1.47 Mpa,0.218 Mpa,0.360 Mpa,0.550 Mpa,0.1000 Mpa,0.0493 Mpa,0.195 Mpa,,0.367 Mpa,37.7%,12.8%,9.16%,11.9%,2.91%,0.107%,2.01%,,11.9%
2026-08-06 07:00:00,0.0733 Mpa,0.469 Mpa,0.119 Mpa,0.245 Mpa,0.110 Mpa,1.30 Mpa,0.245 Mpa,,0.234 Mpa,4.55%,15.4%,2.29%,3.94%,3.36%,33.2%,4.07%,,10.3%
2026-08-06 09:00:00,0.0879 Mpa,0.427 Mpa,0.765 Mpa,0.325 Mpa,0.0160 Mpa,1.61 Mpa,0.442 Mpa,,0.238 Mpa,4.16%,13.5%,20.4%,6.34%,0.165%,46.2%,8.49%,,7.29%
2026-08-06 11:00:00,0.180 Mpa,0.160 Mpa,0.137 Mpa,0.579 Mpa,0.0784 Mpa,0.589 Mpa,0.383 Mpa,0.144 Mpa,1.50 Mpa,5.77%,8.57%,2.89%,13.1%,2.33%,15.2%,7.19%,0%,38.9%
2026-08-06 13:00:00,0.112 Mpa,0.204 Mpa,0.0245 Mpa,0.401 Mpa,0.386 Mpa,0.291 Mpa,0.183 Mpa,,0.281 Mpa,4.57%,8.16%,0.0157%,8.84%,11.1%,8.43%,1.94%,,12.1%
2026-08-06 15:00:00,0.0181 Mpa,0.0972 Mpa,0.452 Mpa,0.218 Mpa,0.202 Mpa,0.370 Mpa,0.211 Mpa,,0.422 Mpa,2.41%,4.06%,11.4%,3.57%,6.08%,9.21%,2.49%,,12.8%
2026-08-06 17:00:00,0.0524 Mpa,0.102 Mpa,0.165 Mpa,0.148 Mpa,0.218 Mpa,0.248 Mpa,0.256 Mpa,,0.245 Mpa,2.69%,5.14%,3.71%,1.98%,6.40%,4.52%,4.35%,,7.38%
2026-08-06 19:00:00,0.0201 Mpa,0.0484 Mpa,0.138 Mpa,0.163 Mpa,0.0930 Mpa,0.196 Mpa,0.225 Mpa,,0.701 Mpa,3.56%,3.58%,2.59%,1.98%,2.82%,2.86%,3.24%,,17.2%
2026-08-06 21:00:00,0.0742 Mpa,0.0684 Mpa,0.262 Mpa,0.168 Mpa,0.106 Mpa,0.127 Mpa,0.283 Mpa,,1.23 Mpa,4.15%,4.62%,6.53%,1.89%,2.92%,4.76%,4.90%,,31.1%
2026-08-06 23:00:00,0.155 Mpa,0.226 Mpa,0.447 Mpa,0.254 Mpa,0.123 Mpa,0.134 Mpa,0.210 Mpa,,,7.30%,9.64%,11.6%,4.34%,3.25%,1.22%,2.05%,,
2026-08-07 01:00:00,0.239 Mpa,0.214 Mpa,0.360 Mpa,0.566 Mpa,0.176 Mpa,0.0754 Mpa,0.568 Mpa,,0.688 Mpa,8.59%,6.42%,9.48%,12.6%,5.55%,6.83%,12.8%,,19.4%
2026-08-07 03:00:00,0.130 Mpa,0.158 Mpa,0.328 Mpa,0.540 Mpa,0.435 Mpa,0.111 Mpa,0.627 Mpa,,0.376 Mpa,8.36%,6.96%,7.88%,12.7%,12.6%,0.885%,16.5%,,7.94%
2026-08-07 05:00:00,0.181 Mpa,0.562 Mpa,0.159 Mpa,0.262 Mpa,0.125 Mpa,0.190 Mpa,0.192 Mpa,,0.266 Mpa,7.38%,19.2%,3.24%,4.24%,3.75%,4.83%,1.84%,,4.43%
2026-08-07 07:00:00,0.127 Mpa,0.314 Mpa,0.112 Mpa,0.382 Mpa,0.171 Mpa,0.189 Mpa,0.338 Mpa,,0.431 Mpa,6.59%,11.8%,1.99%,7.35%,4.87%,4.15%,5.25%,,9.75%
2026-08-07 09:00:00,0.0690 Mpa,0.228 Mpa,0.178 Mpa,0.201 Mpa,0.452 Mpa,0.229 Mpa,0.239 Mpa,,0.162 Mpa,5.67%,9.10%,3.60%,2.49%,13.2%,4.58%,1.75%,,3.66%
2026-08-07 11:00:00,0.206 Mpa,0.120 Mpa,0.0904 Mpa,0.308 Mpa,0.101 Mpa,0.355 Mpa,0.357 Mpa,,0.0743 Mpa,7.13%,5.06%,1.50%,5.56%,2.83%,8.27%,6.00%,,26.8%
2026-08-07 13:00:00,0.188 Mpa,0.129 Mpa,0.242 Mpa,0.734 Mpa,1.00 Mpa,0.163 Mpa,0.232 Mpa,,0.327 Mpa,5.86%,5.86%,5.63%,17.4%,29.2%,3.03%,3.65%,,16.4%
2026-08-07 15:00:00,0.208 Mpa,0.0699 Mpa,0.111 Mpa,0.811 Mpa,0.153 Mpa,0.171 Mpa,0.325 Mpa,,0.342 Mpa,6.22%,4.82%,1.91%,18.8%,4.06%,2.89%,6.89%,,7.66%
2026-08-07 17:00:00,0.0797 Mpa,0.0792 Mpa,0.209 Mpa,0.258 Mpa,0.264 Mpa,0.191 Mpa,0.245 Mpa,,0.268 Mpa,2.99%,11.5%,4.70%,4.60%,7.41%,2.89%,3.33%,,6.88%
2026-08-07 19:00:00,0.0971 Mpa,0.0118 Mpa,0.293 Mpa,0.368 Mpa,0.409 Mpa,0.148 Mpa,0.212 Mpa,,0.772 Mpa,3.23%,6.14%,6.86%,7.34%,12.5%,1.73%,2.56%,,18.4%
2026-08-07 21:00:00,0.0141 Mpa,0.0120 Mpa,0.258 Mpa,0.222 Mpa,0.113 Mpa,0.124 Mpa,0.326 Mpa,,0.439 Mpa,1.86%,0%,5.95%,3.42%,3.76%,1.28%,5.11%,,9.13%
2026-08-07 23:00:00,0.0253 Mpa,0.211 Mpa,0.438 Mpa,0.615 Mpa,0.144 Mpa,0.141 Mpa,0.475 Mpa,,0.343 Mpa,3.05%,9.50%,11.1%,14.1%,4.62%,2.04%,16.2%,,6.30%
2026-08-08 01:00:00,0.102 Mpa,0.133 Mpa,0.393 Mpa,0.226 Mpa,0.482 Mpa,0.0816 Mpa,1.10 Mpa,,0.347 Mpa,5.47%,6.02%,9.75%,3.05%,14.3%,0.480%,28.9%,,6.53%
2026-08-08 03:00:00,0.0266 Mpa,0.0662 Mpa,0.275 Mpa,0.376 Mpa,0.135 Mpa,0.152 Mpa,1.01 Mpa,,0.398 Mpa,3.14%,4.32%,6.22%,7.14%,3.55%,2.13%,28.2%,,7.98%
2026-08-08 05:00:00,0.0709 Mpa,0.0630 Mpa,0.274 Mpa,0.192 Mpa,0.0847 Mpa,0.148 Mpa,0.285 Mpa,,0.292 Mpa,5.33%,5.18%,6.39%,2.67%,3.11%,1.61%,4.31%,,5.54%
2026-08-08 07:00:00,0.156 Mpa,0.145 Mpa,0.122 Mpa,0.174 Mpa,0.0390 Mpa,0.167 Mpa,0.749 Mpa,,0.156 Mpa,8.26%,9.73%,2.50%,1.87%,1.41%,2.85%,18.3%,,1.32%
2026-08-08 09:00:00,0.966 Mpa,0.251 Mpa,0.165 Mpa,0.249 Mpa,0.0560 Mpa,0.208 Mpa,0.229 Mpa,,0.343 Mpa,26.1%,15.0%,3.66%,4.24%,1.70%,3.14%,2.11%,,5.63%
2026-08-08 11:00:00,0.0424 Mpa,0.151 Mpa,0.0811 Mpa,0.356 Mpa,0.102 Mpa,0.188 Mpa,0.343 Mpa,,0.254 Mpa,3.89%,10.6%,1.49%,7.52%,2.96%,2.36%,5.21%,,4.21%
2026-08-08 13:00:00,0.385 Mpa,0.0373 Mpa,0.0750 Mpa,0.327 Mpa,0.0148 Mpa,0.379 Mpa,0.315 Mpa,,0.357 Mpa,11.8%,4.76%,1.22%,16.2%,0.623%,7.94%,4.76%,,5.73%
2026-08-08 15:00:00,0.187 Mpa,0.0205 Mpa,0.194 Mpa,1.26 Mpa,0.249 Mpa,0.196 Mpa,0.419 Mpa,,0.296 Mpa,4.87%,42.4%,5.27%,31.9%,7.91%,2.64%,9.24%,,4.26%
2026-08-08 17:00:00,0.269 Mpa,0.231 Mpa,0.249 Mpa,0.254 Mpa,0.0885 Mpa,0.191 Mpa,0.273 Mpa,,0.303 Mpa,7.00%,20.7%,5.73%,4.86%,3.47%,3.02%,4.38%,,4.67%
2026-08-08 19:00:00,0.0831 Mpa,0.0925 Mpa,0.296 Mpa,0.322 Mpa,0.169 Mpa,0.208 Mpa,0.770 Mpa,,0.293 Mpa,2.20%,2.33%,6.99%,6.51%,4.73%,3.76%,19.2%,,3.86%
2026-08-08 21:00:00,0.543 Mpa,0.104 Mpa,0.259 Mpa,0.123 Mpa,0.115 Mpa,0.198 Mpa,0.213 Mpa,,0.325 Mpa,15.0%,2.80%,5.71%,4.42%,3.94%,3.17%,1.49%,,4.96%
2026-08-08 23:00:00,0.412 Mpa,1.12 Mpa,0.146 Mpa,0.294 Mpa,0.152 Mpa,0.265 Mpa,0.246 Mpa,,0.0708 Mpa,12.3%,33.1%,2.68%,5.76%,3.97%,5.66%,3.89%,,1.51%
2026-08-09 01:00:00,0.395 Mpa,0.177 Mpa,0.582 Mpa,0.232 Mpa,0.0364 Mpa,0.296 Mpa,0.587 Mpa,,0.379 Mpa,12.5%,4.67%,15.6%,3.91%,0.794%,6.42%,16.1%,,7.06%
2026-08-09 03:00:00,0.209 Mpa,0.0860 Mpa,1.28 Mpa,0.291 Mpa,0.0319 Mpa,0.192 Mpa,0.261 Mpa,,0.330 Mpa,6.80%,3.86%,33.7%,5.30%,1.26%,4.07%,4.06%,,4.73%
2026-08-09 05:00:00,0.0620 Mpa,0.0384 Mpa,0.223 Mpa,0.245 Mpa,0.0875 Mpa,0.123 Mpa,0.257 Mpa,,0.230 Mpa,2.86%,0.454%,5.08%,3.98%,3.11%,0.752%,2.94%,,2.94%
2026-08-09 07:00:00,0.0739 Mpa,0.0544 Mpa,0.0612 Mpa,0.178 Mpa,0.173 Mpa,0.183 Mpa,0.604 Mpa,,,3.28%,0.571%,0.637%,2.81%,5.92%,2.20%,13.5%,,
2026-08-09 09:00:00,0.0701 Mpa,0.213 Mpa,0.576 Mpa,0.252 Mpa,0.179 Mpa,0.402 Mpa,0.226 Mpa,0.163 Mpa,0.0915 Mpa,2.75%,5.51%,15.0%,4.45%,5.35%,7.93%,1.90%,87.3%,0.448%
2026-08-09 11:00:00,0.0304 Mpa,0.123 Mpa,0.0671 Mpa,0.249 Mpa,0.0644 Mpa,0.0940 Mpa,0.250 Mpa,,0.605 Mpa,2.12%,2.92%,0.629%,4.53%,2.65%,0.633%,3.53%,,14.4%
2026-08-09 13:00:00,0.0465 Mpa,0.252 Mpa,0.992 Mpa,0.276 Mpa,0.104 Mpa,0.105 Mpa,0.249 Mpa,,0.235 Mpa,1.84%,7.37%,26.8%,5.34%,4.73%,0.873%,2.87%,,3.38%
2026-08-09 15:00:00,0.0232 Mpa,0.0660 Mpa,0.0372 Mpa,0.290 Mpa,0.0635 Mpa,0.387 Mpa,0.519 Mpa,,0.207 Mpa,0.786%,1.07%,0.0900%,5.53%,3.49%,7.93%,12.1%,,2.44%
2026-08-09 17:00:00,0.0992 Mpa,0.248 Mpa,0.569 Mpa,0.346 Mpa,0 Mpa,0.229 Mpa,0.352 Mpa,,0.274 Mpa,2.78%,6.80%,14.7%,7.31%,4.74%,4.59%,6.39%,,3.89%
2026-08-09 19:00:00,0.299 Mpa,0.393 Mpa,0.116 Mpa,0.257 Mpa,0.0828 Mpa,0.377 Mpa,0.363 Mpa,,0.183 Mpa,7.87%,11.5%,1.93%,4.52%,54.9%,9.24%,6.68%,,1.76%
2026-08-09 21:00:00,0.160 Mpa,0.287 Mpa,0.196 Mpa,0.258 Mpa,0.124 Mpa,0.401 Mpa,0.278 Mpa,,0.182 Mpa,4.35%,7.69%,4.14%,4.73%,6.86%,9.22%,4.20%,,1.23%
2026-08-09 23:00:00,0.124 Mpa,0.874 Mpa,0.179 Mpa,0.211 Mpa,0.0446 Mpa,0.375 Mpa,0.229 Mpa,,0.459 Mpa,3.64%,24.6%,3.39%,6.03%,24.7%,9.68%,3.07%,,9.97%
2026-08-10 01:00:00,0.219 Mpa,0.784 Mpa,0.140 Mpa,0.0519 Mpa,0.166 Mpa,0.146 Mpa,0.196 Mpa,,0.402 Mpa,6.21%,22.0%,2.65%,3.58%,4.39%,3.24%,0.986%,,6.62%
2026-08-10 03:00:00,0.0673 Mpa,0.168 Mpa,0.0894 Mpa,0.162 Mpa,0.146 Mpa,0.192 Mpa,0.311 Mpa,,0.212 Mpa,2.77%,4.64%,1.23%,2.19%,72.6%,7.89%,8.63%,,1.92%
2026-08-10 05:00:00,0.175 Mpa,0.00356 Mpa,0.167 Mpa,0.200 Mpa,0.0255 Mpa,0.192 Mpa,0.635 Mpa,,0.558 Mpa,5.26%,1.44%,3.39%,3.06%,28.7%,2.66%,17.2%,,11.5%
2026-08-10 07:00:00,0.101 Mpa,0.0823 Mpa,0.404 Mpa,0.286 Mpa,0.0995 Mpa,0.228 Mpa,0.722 Mpa,,0.226 Mpa,6.19%,2.21%,9.95%,14.8%,39.8%,3.54%,17.2%,,2.82%
2026-08-10 09:00:00,0.0698 Mpa,0.715 Mpa,0.244 Mpa,0.191 Mpa,0.0985 Mpa,0.212 Mpa,0.447 Mpa,,0.187 Mpa,3.81%,21.4%,6.16%,2.77%,3.15%,3.07%,9.47%,,1.21%
2026-08-10 11:00:00,0.0715 Mpa,0.599 Mpa,0.136 Mpa,0.146 Mpa,0.181 Mpa,0.419 Mpa,0.357 Mpa,,0.246 Mpa,4.21%,17.6%,2.74%,2.78%,6.50%,8.86%,7.30%,,3.55%
2026-08-10 13:00:00,0.139 Mpa,0.183 Mpa,0.150 Mpa,0.165 Mpa,0.126 Mpa,,0.390 Mpa,,0.211 Mpa,5.40%,4.87%,3.44%,2.21%,3.75%,,9.07%,,2.74%
2026-08-10 15:00:00,0.179 Mpa,0.0788 Mpa,0.195 Mpa,0.209 Mpa,0.416 Mpa,0.140 Mpa,0.195 Mpa,,0.150 Mpa,6.14%,1.76%,4.72%,19.6%,12.6%,1.68%,1.67%,,2.49%
2026-08-10 17:00:00,0.0960 Mpa,0.257 Mpa,0.129 Mpa,0.200 Mpa,0.0279 Mpa,0.178 Mpa,0.223 Mpa,,1.06 Mpa,4.60%,7.45%,2.43%,3.43%,37.1%,3.14%,2.60%,,26.2%
2026-08-10 19:00:00,0.103 Mpa,0.178 Mpa,0.157 Mpa,0.232 Mpa,0.500 Mpa,0.590 Mpa,0.222 Mpa,,0.0723 Mpa,4.79%,4.73%,2.83%,3.64%,14.3%,14.2%,2.96%,,0.950%
2026-08-10 21:00:00,0.0349 Mpa,0.0900 Mpa,0.205 Mpa,0.351 Mpa,0.144 Mpa,0.215 Mpa,0.289 Mpa,,0.868 Mpa,3.04%,2.02%,4.08%,7.10%,3.76%,3.74%,4.16%,,20.7%
2026-08-10 23:00:00,0.0349 Mpa,0.294 Mpa,0.157 Mpa,0.252 Mpa,0.0520 Mpa,0.276 Mpa,0.307 Mpa,,0.0973 Mpa,3.57%,8.02%,5.05%,4.23%,1.93%,8.40%,5.30%,,0.0817%
2026-08-11 01:00:00,0.454 Mpa,0.246 Mpa,0.118 Mpa,0.205 Mpa,0.0338 Mpa,0.246 Mpa,0.420 Mpa,,0.245 Mpa,13.2%,7.03%,1.31%,3.69%,4.80%,3.92%,7.52%,,5.42%
2026-08-11 03:00:00,0.134 Mpa,0.116 Mpa,0.586 Mpa,0.132 Mpa,0.0843 Mpa,0.167 Mpa,0.362 Mpa,,0.270 Mpa,4.89%,2.63%,14.4%,12.5%,22.6%,1.44%,14.4%,,5.23%
2026-08-11 05:00:00,0.180 Mpa,0.126 Mpa,0.118 Mpa,0.636 Mpa,0.0105 Mpa,0.280 Mpa,0.342 Mpa,,0.159 Mpa,6.94%,2.70%,1.94%,15.1%,0.165%,4.86%,12.3%,,1.66%
2026-08-11 07:00:00,0.0734 Mpa,0.268 Mpa,0.0238 Mpa,0.112 Mpa,0 Mpa,0.179 Mpa,0.247 Mpa,,0.909 Mpa,3.88%,7.26%,0%,1.45%,0%,1.92%,3.36%,,21.8%
2026-08-11 09:00:00,0.0271 Mpa,0.241 Mpa,0.366 Mpa,0.331 Mpa,0.0369 Mpa,0.161 Mpa,0.269 Mpa,,0.447 Mpa,1.79%,6.89%,8.73%,6.40%,3.11%,1.65%,3.24%,,8.85%
2026-08-11 11:00:00,0.0280 Mpa,0.436 Mpa,0.143 Mpa,0.283 Mpa,0.233 Mpa,0.314 Mpa,0.274 Mpa,,1.61 Mpa,1.12%,12.9%,2.38%,5.28%,7.92%,6.18%,4.38%,,39.6%
2026-08-11 13:00:00,0.152 Mpa,0.276 Mpa,0.0422 Mpa,0.345 Mpa,0.212 Mpa,0.137 Mpa,0.184 Mpa,,1.04 Mpa,4.66%,7.34%,0.00120%,6.85%,6.15%,1.52%,2.08%,,23.8%
2026-08-11 15:00:00,0.0200 Mpa,0.277 Mpa,0.0888 Mpa,0.139 Mpa,0.0361 Mpa,0.133 Mpa,0.845 Mpa,,0.235 Mpa,1.80%,8.23%,0.732%,1.87%,1.01%,1.54%,23.8%,,4.60%
2026-08-11 17:00:00,0.175 Mpa,1.10 Mpa,0.387 Mpa,0.498 Mpa,0.0617 Mpa,0.176 Mpa,0.506 Mpa,,0.335 Mpa,5.47%,33.0%,9.19%,12.1%,2.00%,2.16%,12.3%,,6.09%
2026-08-11 19:00:00,0.0557 Mpa,0.618 Mpa,0.138 Mpa,0.719 Mpa,0.0678 Mpa,0.292 Mpa,0.456 Mpa,,0.160 Mpa,2.96%,18.0%,2.16%,18.1%,2.40%,5.03%,9.53%,,0.444%
2026-08-11 21:00:00,0.316 Mpa,0.692 Mpa,0.0953 Mpa,0.587 Mpa,0.0959 Mpa,0.119 Mpa,0.210 Mpa,,0.153 Mpa,9.74%,19.7%,0.785%,13.0%,2.22%,0.712%,1.95%,,0.118%
2026-08-11 23:00:00,0.0486 Mpa,0.0925 Mpa,0.103 Mpa,0.458 Mpa,0.162 Mpa,0.242 Mpa,0.224 Mpa,,0.471 Mpa,3.91%,1.74%,1.28%,10.6%,4.24%,4.27%,2.53%,,9.24%
2026-08-12 01:00:00,0.136 Mpa,0.0947 Mpa,0.0457 Mpa,0.312 Mpa,0.149 Mpa,0.194 Mpa,0.354 Mpa,,0.426 Mpa,4.55%,1.96%,0.282%,5.80%,4.49%,2.51%,5.99%,,7.97%
2026-08-12 03:00:00,0.230 Mpa,0.178 Mpa,0.167 Mpa,0.758 Mpa,0.0330 Mpa,0.218 Mpa,0.446 Mpa,,0.739 Mpa,8.30%,4.96%,2.92%,17.7%,1.67%,3.19%,9.62%,,17.0%
2026-08-12 05:00:00,0.272 Mpa,0.0700 Mpa,0.220 Mpa,0.308 Mpa,0.310 Mpa,0.226 Mpa,0.310 Mpa,,0.622 Mpa,8.78%,2.19%,4.29%,4.85%,8.70%,3.26%,4.28%,,13.4%
2026-08-12 07:00:00,0.0241 Mpa,0.129 Mpa,0.262 Mpa,1.09 Mpa,0.253 Mpa,0.167 Mpa,0.440 Mpa,,0.303 Mpa,2.52%,2.89%,5.28%,26.6%,7.49%,1.80%,8.26%,,4.90%
2026-08-12 09:00:00,0.0734 Mpa,0.0763 Mpa,0.184 Mpa,0.197 Mpa,0.123 Mpa,0.185 Mpa,0.237 Mpa,,0.243 Mpa,3.98%,1.36%,3.28%,2.42%,4.18%,2.06%,2.34%,,3.54%
2026-08-12 11:00:00,0.0420 Mpa,0.138 Mpa,0.195 Mpa,1.77 Mpa,0.0448 Mpa,0.143 Mpa,0.252 Mpa,,0.262 Mpa,1.84%,3.46%,3.82%,45.9%,1.17%,1.39%,3.52%,,3.82%
2026-08-12 13:00:00,0.568 Mpa,0.315 Mpa,0.0998 Mpa,1.27 Mpa,0.00914 Mpa,0.163 Mpa,0.563 Mpa,,0.392 Mpa,16.1%,9.27%,1.05%,33.7%,0.124%,1.60%,12.6%,,8.03%
2026-08-12 15:00:00,0.0473 Mpa,0.190 Mpa,0.0704 Mpa,,0.110 Mpa,0.165 Mpa,0.300 Mpa,,0.354 Mpa,2.91%,5.22%,0.0370%,,4.18%,1.38%,3.51%,,6.31%
2026-08-12 17:00:00,0.554 Mpa,0.0610 Mpa,0.132 Mpa,,0.213 Mpa,0.0785 Mpa,0.318 Mpa,,0.182 Mpa,15.5%,1.31%,2.20%,,6.39%,1.28%,5.70%,,1.80%
2026-08-12 19:00:00,0.0324 Mpa,0.172 Mpa,0.135 Mpa,,0.0344 Mpa,0.166 Mpa,0.309 Mpa,,0.234 Mpa,2.16%,4.51%,2.06%,,36.3%,1.87%,4.85%,,3.62%
2026-08-12 21:00:00,0.133 Mpa,0.0947 Mpa,0.177 Mpa,,0.00480 Mpa,0.263 Mpa,0.291 Mpa,,0.187 Mpa,5.46%,2.48%,2.86%,,0.640%,4.34%,3.47%,,3.22%
2026-08-12 23:00:00,0.158 Mpa,0.387 Mpa,0.124 Mpa,0.0919 Mpa,,0.168 Mpa,0.555 Mpa,,0.205 Mpa,4.57%,10.5%,1.44%,2.13%,,1.98%,12.5%,,2.98%
2026-08-13 01:00:00,0.417 Mpa,0.250 Mpa,0.376 Mpa,0.00874 Mpa,,0.291 Mpa,0.200 Mpa,,0.272 Mpa,11.3%,6.67%,8.09%,1.31%,,5.47%,1.63%,,4.50%
2026-08-13 03:00:00,,0.00613 Mpa,0.117 Mpa,,,0.224 Mpa,0.193 Mpa,,0.191 Mpa,,3.65%,1.39%,,,3.73%,2.23%,,2.28%
2026-08-13 05:00:00,,0.0261 Mpa,0.333 Mpa,,,,0.189 Mpa,,0.175 Mpa,,0.460%,7.09%,,,,2.01%,,3.52%
2026-08-13 07:00:00,,0.102 Mpa,0.546 Mpa,,0.276 Mpa,0.102 Mpa,0.349 Mpa,,0.363 Mpa,,3.50%,13.4%,,8.67%,0.453%,5.66%,,6.60%
2026-08-13 09:00:00,0.00579 Mpa,0.0702 Mpa,0.767 Mpa,,0.435 Mpa,0.382 Mpa,0.363 Mpa,,0.338 Mpa,5.22%,1.31%,20.0%,,12.6%,7.75%,6.66%,,5.83%
2026-08-13 11:00:00,,0.406 Mpa,0.223 Mpa,,0.176 Mpa,0.182 Mpa,0.915 Mpa,,0.474 Mpa,,14.8%,5.13%,,5.57%,1.91%,22.8%,,9.53%
2026-08-13 13:00:00,,0.409 Mpa,0.300 Mpa,,0.352 Mpa,0.209 Mpa,0.250 Mpa,,0.443 Mpa,,12.0%,6.45%,,10.6%,3.54%,3.72%,,8.57%
2026-08-13 15:00:00,,0.0825 Mpa,0.116 Mpa,,0.294 Mpa,0.143 Mpa,0.0771 Mpa,,0.102 Mpa,,8.67%,1.63%,,8.30%,0.588%,1.17%,,1.30%
2026-08-13 17:00:00,,0.0758 Mpa,0.224 Mpa,,0.225 Mpa,0.297 Mpa,0.372 Mpa,,,,5.34%,4.04%,,6.65%,5.45%,7.59%,,
2026-08-13 19:00:00,,0.128 Mpa,0.602 Mpa,,0.612 Mpa,0.166 Mpa,0.672 Mpa,,,,3.82%,14.5%,,17.7%,0.853%,16.8%,,
2026-08-13 21:00:00,,0.122 Mpa,0.156 Mpa,,,0.377 Mpa,0.404 Mpa,,0.433 Mpa,,2.48%,2.31%,,,6.83%,7.11%,,9.21%
2026-08-13 23:00:00,,0.477 Mpa,0.154 Mpa,,,0.154 Mpa,0.610 Mpa,,0.535 Mpa,,13.4%,1.97%,,,0.561%,13.7%,,10.4%
2026-08-14 01:00:00,,0.576 Mpa,0.252 Mpa,0.0273 Mpa,,0.161 Mpa,0.344 Mpa,,0.528 Mpa,,16.1%,5.13%,1.41%,,0.973%,6.97%,,10.6%
2026-08-14 03:00:00,,0.447 Mpa,0.0906 Mpa,0.00847 Mpa,,0.238 Mpa,0.569 Mpa,,0.638 Mpa,,12.0%,0.427%,0.515%,,3.05%,12.3%,,14.3%
2026-08-14 05:00:00,,0.0737 Mpa,0.303 Mpa,,,0.121 Mpa,0.613 Mpa,,0.432 Mpa,,1.43%,6.99%,,,0.809%,15.0%,,8.20%
2026-08-14 07:00:00,,1.29 Mpa,0.307 Mpa,,0.327 Mpa,0.152 Mpa,0.273 Mpa,,0.799 Mpa,,35.9%,6.64%,,8.77%,0.848%,4.81%,,18.3%
2026-08-14 09:00:00,,0.252 Mpa,0.0611 Mpa,,0.0698 Mpa,0.124 Mpa,0.294 Mpa,,0.202 Mpa,,7.07%,2.09%,,1.73%,0.162%,4.92%,,1.52%
2026-08-14 11:00:00,,0.559 Mpa,0.124 Mpa,,0.672 Mpa,0.158 Mpa,0.293 Mpa,,1.06 Mpa,,15.4%,1.83%,,20.2%,0.894%,3.94%,,26.4%
2026-08-14 13:00:00,,0.519 Mpa,0.197 Mpa,0.00185 Mpa,1.04 Mpa,0.253 Mpa,0.432 Mpa,,0.142 Mpa,,14.7%,3.47%,0.403%,28.6%,4.10%,8.37%,,1.55%
2026-08-14 15:00:00,,0.509 Mpa,0.409 Mpa,,0.303 Mpa,0.193 Mpa,0.569 Mpa,,0.541 Mpa,,15.5%,9.08%,,9.20%,1.77%,14.7%,,11.9%
2026-08-14 17:00:00,,1.15 Mpa,0.179 Mpa,,0.0177 Mpa,0.301 Mpa,0.115 Mpa,,0.560 Mpa,,31.0%,3.24%,,0.196%,4.58%,1.18%,,12.3%
2026-08-14 19:00:00,,0.669 Mpa,0.172 Mpa,,,0.197 Mpa,0.213 Mpa,,0.333 Mpa,,19.3%,2.51%,,,1.79%,1.69%,,5.88%
2026-08-14 21:00:00,,0.561 Mpa,0.348 Mpa,,0.0639 Mpa,0.429 Mpa,0.240 Mpa,,0.297 Mpa,,16.9%,7.15%,,2.89%,8.10%,2.04%,,4.81%
2026-08-14 23:00:00,,0.484 Mpa,0.141 Mpa,0.00604 Mpa,0.0451 Mpa,0.159 Mpa,0.294 Mpa,,0.205 Mpa,,14.1%,1.46%,0.471%,0.624%,0.838%,3.45%,,1.84%
2026-08-15 01:00:00,,0.810 Mpa,0.534 Mpa,0.133 Mpa,0.0911 Mpa,0.384 Mpa,0.750 Mpa,,0.157 Mpa,,23.7%,12.8%,2.81%,2.59%,7.30%,17.8%,,0.667%
2026-08-15 03:00:00,,1.39 Mpa,0.211 Mpa,0.289 Mpa,0.0680 Mpa,0.332 Mpa,0.346 Mpa,,0.477 Mpa,,39.6%,3.32%,6.63%,1.85%,5.38%,5.26%,,8.84%
2026-08-15 05:00:00,,0.275 Mpa,0.0894 Mpa,0.464 Mpa,0.150 Mpa,0.406 Mpa,0.365 Mpa,,0.365 Mpa,,8.07%,0.573%,13.1%,5.48%,7.99%,6.63%,,7.15%
2026-08-15 07:00:00,,0.692 Mpa,0.279 Mpa,,0.125 Mpa,0.172 Mpa,0.369 Mpa,,0.616 Mpa,,20.2%,5.74%,,3.60%,1.19%,6.31%,,13.2%
2026-08-15 09:00:00,0.00232 Mpa,0.416 Mpa,0.175 Mpa,1.70 Mpa,0.407 Mpa,0.133 Mpa,0.260 Mpa,,0.345 Mpa,5.63%,11.9%,3.10%,57.1%,10.9%,0.264%,2.40%,,5.61%
2026-08-15 11:00:00,,0.615 Mpa,0.452 Mpa,0.393 Mpa,0.261 Mpa,0.191 Mpa,0.241 Mpa,,0.372 Mpa,,18.0%,10.7%,9.16%,7.90%,1.89%,2.43%,,6.39%
2026-08-15 13:00:00,0.00140 Mpa,0.0628 Mpa,0.143 Mpa,0.471 Mpa,0.0572 Mpa,0.985 Mpa,0.409 Mpa,,0.322 Mpa,5.46%,1.76%,2.15%,10.8%,2%,24.2%,7.19%,,12.3%
2026-08-15 15:00:00,0.0732 Mpa,0.538 Mpa,0.201 Mpa,0.622 Mpa,0.0722 Mpa,0.170 Mpa,0.296 Mpa,,0.168 Mpa,3.93%,15.8%,4.45%,15.2%,3.23%,4.06%,5.43%,,12.1%
2026-08-15 17:00:00,0.517 Mpa,0.0546 Mpa,0.124 Mpa,0.178 Mpa,0.238 Mpa,0.147 Mpa,0.326 Mpa,,0.134 Mpa,14.4%,2.88%,2.15%,4.43%,8.11%,1.38%,4.40%,,10.6%
2026-08-15 19:00:00,0.127 Mpa,0.227 Mpa,0.223 Mpa,0.525 Mpa,0.259 Mpa,0.172 Mpa,0.231 Mpa,,0.281 Mpa,4.49%,5.80%,4.48%,13.1%,8.71%,1.69%,2.28%,,3.94%
2026-08-15 21:00:00,0.106 Mpa,0.146 Mpa,0.367 Mpa,0.238 Mpa,0.383 Mpa,0.203 Mpa,0.806 Mpa,,0.381 Mpa,3.49%,3.29%,8.15%,5.63%,11.4%,2.07%,19.2%,,7.15%
2026-08-15 23:00:00,0.0264 Mpa,0.151 Mpa,0.141 Mpa,0.139 Mpa,0.138 Mpa,0.873 Mpa,0.875 Mpa,,0.319 Mpa,1.72%,3.41%,1.60%,2.41%,5.48%,20.2%,21.7%,,6.41%
2026-08-16 01:00:00,0.131 Mpa,0.133 Mpa,0.165 Mpa,0.212 Mpa,0.156 Mpa,0.530 Mpa,0.249 Mpa,,0.504 Mpa,5.36%,2.91%,1.90%,4.50%,5.98%,14.5%,2.17%,,10.4%
2026-08-16 03:00:00,0.0251 Mpa,0.311 Mpa,0.157 Mpa,0.229 Mpa,0.232 Mpa,0.229 Mpa,0.365 Mpa,,0.552 Mpa,3.44%,8.32%,2.64%,4.87%,7.22%,2.92%,6.65%,,11.4%
2026-08-16 05:00:00,0.161 Mpa,0.264 Mpa,0.418 Mpa,0.175 Mpa,0.154 Mpa,0.229 Mpa,0.266 Mpa,,0.182 Mpa,7.68%,7.39%,10.1%,3.16%,5.15%,3.99%,2.86%,,1.51%
2026-08-16 07:00:00,0.141 Mpa,0.451 Mpa,0.126 Mpa,0.228 Mpa,0.0552 Mpa,0.245 Mpa,0.358 Mpa,,0.196 Mpa,4.34%,13.6%,1.56%,4.55%,2.88%,5.39%,4.86%,,1.68%
2026-08-16 09:00:00,0.0966 Mpa,0.559 Mpa,0.216 Mpa,0.212 Mpa,0.263 Mpa,0.207 Mpa,0.400 Mpa,,0.239 Mpa,3.83%,16.7%,4.70%,8.10%,8.87%,8.01%,7.76%,,2.67%
2026-08-16 11:00:00,0.222 Mpa,1.14 Mpa,0.327 Mpa,0.313 Mpa,0.0241 Mpa,0.299 Mpa,0.0649 Mpa,,0.188 Mpa,7.48%,34.2%,7.24%,7.42%,1.26%,6.77%,0%,,1.85%
2026-08-16 13:00:00,0.0440 Mpa,0.447 Mpa,0.151 Mpa,0.403 Mpa,0.326 Mpa,0.0807 Mpa,0.440 Mpa,,0.154 Mpa,2.02%,13.1%,2.56%,9.95%,9.84%,0.945%,8.60%,,1.60%
2026-08-16 15:00:00,0.294 Mpa,1.13 Mpa,0.240 Mpa,0.265 Mpa,1.09 Mpa,0.704 Mpa,0.496 Mpa,,0.184 Mpa,10.5%,32.7%,4.86%,5.97%,29.9%,17.4%,8.72%,,2.81%
2026-08-16 17:00:00,0.125 Mpa,0.282 Mpa,0.613 Mpa,0.0948 Mpa,0.202 Mpa,0.140 Mpa,0.338 Mpa,,0.356 Mpa,3.81%,8.04%,15.2%,2.04%,6.14%,1.07%,4.97%,,7.01%
2026-08-16 19:00:00,0.0357 Mpa,0.230 Mpa,0.125 Mpa,0.0766 Mpa,0.108 Mpa,0.150 Mpa,0.346 Mpa,,0.234 Mpa,1.89%,5.97%,0.946%,2.23%,5.17%,1.30%,5.77%,,2.80%
2026-08-16 21:00:00,0.126 Mpa,0.120 Mpa,0.252 Mpa,0.267 Mpa,0.0440 Mpa,0.142 Mpa,0.211 Mpa,,0.131 Mpa,22.6%,2.70%,4.44%,8.79%,2.68%,0.811%,2.21%,,1.24%
2026-08-16 23:00:00,0.0376 Mpa,0.377 Mpa,0.604 Mpa,0.525 Mpa,0.166 Mpa,0.178 Mpa,0.522 Mpa,,0.387 Mpa,10.9%,10.4%,14.3%,12.9%,4.48%,1.56%,15.8%,,7.17%
2026-08-17 01:00:00,0.0628 Mpa,0.345 Mpa,0.179 Mpa,0.239 Mpa,0.147 Mpa,0.167 Mpa,0.372 Mpa,,0.170 Mpa,1.46%,9.38%,2.96%,5.38%,5.72%,1.78%,10.1%,,2.46%
2026-08-17 03:00:00,0.146 Mpa,0.419 Mpa,0.290 Mpa,0.213 Mpa,0.0332 Mpa,0.145 Mpa,0.230 Mpa,,0.212 Mpa,5.58%,11.3%,6.13%,9.41%,2.45%,1.28%,2.45%,,2.63%
2026-08-17 05:00:00,0.125 Mpa,0.457 Mpa,0.476 Mpa,0.0771 Mpa,0.0689 Mpa,0.210 Mpa,0.289 Mpa,,0.336 Mpa,5.11%,15.6%,11.8%,19.4%,1.76%,2.87%,4.35%,,6.47%
2026-08-17 07:00:00,0.0865 Mpa,0.494 Mpa,0.284 Mpa,0.134 Mpa,0.0968 Mpa,0.206 Mpa,0.598 Mpa,,0.279 Mpa,2.83%,14.4%,5.91%,7.04%,3.64%,3.42%,12.3%,,4.42%
2026-08-17 09:00:00,0.978 Mpa,0.243 Mpa,0.361 Mpa,0.161 Mpa,0.258 Mpa,0.171 Mpa,0.356 Mpa,,0.314 Mpa,27.2%,7.71%,8.55%,3.10%,7.10%,4.15%,5.46%,,5.42%
2026-08-17 11:00:00,0.382 Mpa,0.152 Mpa,0.142 Mpa,1.24 Mpa,0.0450 Mpa,0.516 Mpa,0.278 Mpa,,0.205 Mpa,10.8%,9.23%,2.05%,31.7%,0.991%,14.3%,3.78%,,2.85%
2026-08-17 13:00:00,0.00549 Mpa,0.320 Mpa,0.177 Mpa,0.351 Mpa,0.317 Mpa,3.73 Mpa,0.452 Mpa,,0.186 Mpa,0.0800%,9.47%,2.83%,15.0%,9.12%,94.9%,8.18%,,2.13%
2026-08-17 15:00:00,0.00900 Mpa,0.601 Mpa,0.455 Mpa,0.146 Mpa,0.0739 Mpa,0.193 Mpa,0.408 Mpa,,0.212 Mpa,0.164%,18.4%,10.9%,2.48%,1.72%,5.00%,6.57%,,2.84%
2026-08-17 17:00:00,0.247 Mpa,0.519 Mpa,0.295 Mpa,0.225 Mpa,0.543 Mpa,0.152 Mpa,0.365 Mpa,,0.115 Mpa,7.85%,15.6%,6.45%,4.92%,16.7%,0.856%,5.20%,,2.98%
2026-08-17 19:00:00,0.147 Mpa,0.243 Mpa,0.208 Mpa,0.0639 Mpa,0.295 Mpa,0.232 Mpa,0.412 Mpa,,0.0746 Mpa,5.90%,8.65%,3.67%,0.746%,9.86%,3.41%,6.83%,,0.289%
2026-08-17 21:00:00,0.0898 Mpa,0.373 Mpa,0.124 Mpa,0.151 Mpa,0.0471 Mpa,0.168 Mpa,0.447 Mpa,,,5.48%,10.7%,1.04%,2.70%,1.12%,1.62%,7.43%,,
2026-08-17 23:00:00,0.0943 Mpa,0.377 Mpa,0.148 Mpa,0.0924 Mpa,0.176 Mpa,0.138 Mpa,0.342 Mpa,,0.622 Mpa,5.49%,9.93%,1.90%,1.29%,6.09%,2.33%,4.68%,,13.4%
2026-08-18 01:00:00,0.100 Mpa,0.446 Mpa,0.204 Mpa,0.385 Mpa,0.328 Mpa,0.137 Mpa,0.378 Mpa,,0.315 Mpa,7.16%,18.8%,3.50%,9.12%,8.77%,0.452%,6.92%,,4.90%
2026-08-18 03:00:00,1.01 Mpa,0.203 Mpa,0.148 Mpa,0.183 Mpa,0.133 Mpa,0.139 Mpa,0.374 Mpa,,0.308 Mpa,28.7%,5.47%,1.76%,3.50%,4.01%,0.384%,6.42%,,5.28%
2026-08-18 05:00:00,0.179 Mpa,0.529 Mpa,0.126 Mpa,0.213 Mpa,0.149 Mpa,0.139 Mpa,0.528 Mpa,,0.256 Mpa,7.94%,15.0%,1.40%,4.52%,4.58%,0.514%,11.5%,,3.40%
2026-08-18 07:00:00,0.0286 Mpa,0.172 Mpa,0.0913 Mpa,0.165 Mpa,0.276 Mpa,0.165 Mpa,0.426 Mpa,,0.176 Mpa,1.67%,4.68%,0.777%,3.54%,8.25%,1.27%,8.56%,,1.34%
2026-08-18 09:00:00,0.0682 Mpa,0.258 Mpa,0.726 Mpa,0.522 Mpa,0.0453 Mpa,0.528 Mpa,0.229 Mpa,,0.462 Mpa,3.02%,7.64%,18.7%,12.8%,1.41%,11.0%,2.39%,,10.1%
2026-08-18 11:00:00,0.519 Mpa,0.423 Mpa,0.110 Mpa,0.229 Mpa,0.185 Mpa,0.168 Mpa,0.291 Mpa,,0.324 Mpa,14.4%,12.6%,1.19%,4.73%,4.95%,1.64%,3.62%,,5.16%
2026-08-18 13:00:00,0.431 Mpa,0.225 Mpa,0.276 Mpa,0.236 Mpa,0.0469 Mpa,0.700 Mpa,0.630 Mpa,,0.588 Mpa,11.9%,6.83%,6.10%,5.02%,1.52%,16.0%,15.8%,,11.7%
2026-08-18 15:00:00,0.499 Mpa,0.488 Mpa,0.200 Mpa,0.573 Mpa,0.0774 Mpa,0.180 Mpa,0.274 Mpa,,0.191 Mpa,15.1%,13.9%,3.83%,13.9%,2.56%,1.80%,5.85%,,1.51%
2026-08-18 17:00:00,0.131 Mpa,0.689 Mpa,0.215 Mpa,,0.136 Mpa,0.306 Mpa,0.279 Mpa,,0.257 Mpa,4.74%,22.6%,3.95%,,4.76%,6.01%,4.34%,,3.94%
2026-08-18 19:00:00,0.134 Mpa,0.154 Mpa,0.212 Mpa,,0.272 Mpa,0.208 Mpa,0.503 Mpa,,0.206 Mpa,5.46%,3.80%,3.74%,,9.88%,6.05%,10.0%,,2.27%
2026-08-18 21:00:00,0.243 Mpa,0.410 Mpa,0.158 Mpa,,0.170 Mpa,0.260 Mpa,0.318 Mpa,,0.239 Mpa,7.91%,11.4%,2.38%,,4.66%,6.62%,4.41%,,2.93%
2026-08-18 23:00:00,0.249 Mpa,0.760 Mpa,0.109 Mpa,,0.0594 Mpa,0.616 Mpa,0.373 Mpa,,0.250 Mpa,7.95%,22.2%,0.898%,,1.39%,14.9%,5.56%,,2.90%
2026-08-19 01:00:00,0.544 Mpa,0.450 Mpa,0.139 Mpa,,0.0198 Mpa,0.582 Mpa,0.286 Mpa,,0.376 Mpa,15.4%,12.8%,2.00%,,22.2%,12.9%,3.10%,,6.67%
2026-08-19 03:00:00,0.155 Mpa,0.268 Mpa,0.0821 Mpa,,0.0305 Mpa,0.191 Mpa,0.450 Mpa,,0.239 Mpa,5.38%,7.39%,0.522%,,1.30%,2.41%,8.24%,,3.56%
2026-08-19 05:00:00,0.128 Mpa,0.369 Mpa,0.227 Mpa,,0.0106 Mpa,0.188 Mpa,0.345 Mpa,,0.219 Mpa,5.77%,9.92%,4.48%,,0.239%,2.20%,4.57%,,2.45%
2026-08-19 07:00:00,0.429 Mpa,0.512 Mpa,0.256 Mpa,,0.215 Mpa,0.189 Mpa,0.440 Mpa,,0.307 Mpa,11.9%,14.8%,5.53%,,6.86%,2.13%,7.92%,,4.30%
2026-08-19 09:00:00,0.145 Mpa,0.923 Mpa,0.111 Mpa,,0.213 Mpa,0.156 Mpa,0.564 Mpa,,0.240 Mpa,4.95%,27.9%,1.55%,,6.49%,1.36%,11.3%,,3.34%
2026-08-19 11:00:00,0.0903 Mpa,0.523 Mpa,0.0960 Mpa,,0.0516 Mpa,0.180 Mpa,0.481 Mpa,,0.222 Mpa,5.12%,15.5%,1.02%,,1.26%,2.27%,9.63%,,2.54%
2026-08-19 13:00:00,0.202 Mpa,0.259 Mpa,0.147 Mpa,,0.0360 Mpa,0.228 Mpa,0.458 Mpa,,0.275 Mpa,6.85%,7.41%,2.45%,,1.07%,4.14%,9.03%,,4.54%
2026-08-19 15:00:00,0.392 Mpa,0.225 Mpa,0.126 Mpa,0.182 Mpa,0.0762 Mpa,0.119 Mpa,0.665 Mpa,,0.354 Mpa,11.6%,6.60%,2.13%,3.27%,24.3%,0.832%,16.3%,,6.56%
2026-08-19 17:00:00,0.0914 Mpa,0.0658 Mpa,0.0779 Mpa,0.128 Mpa,0.00841 Mpa,0.242 Mpa,0.447 Mpa,,0.198 Mpa,5.16%,3.74%,0.320%,7.10%,2.97%,3.88%,8.80%,,2.80%
2026-08-19 19:00:00,0.610 Mpa,0.480 Mpa,0.210 Mpa,0.276 Mpa,0.00812 Mpa,0.219 Mpa,0.318 Mpa,,0.289 Mpa,17.9%,14.3%,3.89%,5.51%,0.0608%,5.09%,3.65%,,4.28%
2026-08-19 21:00:00,0.169 Mpa,0.880 Mpa,0.206 Mpa,0.322 Mpa,0.261 Mpa,0.370 Mpa,0.289 Mpa,,0.256 Mpa,6.50%,26.9%,3.86%,17.3%,7.51%,7.41%,3.25%,,3.49%
2026-08-19 23:00:00,0.0308 Mpa,0.637 Mpa,1.98 Mpa,0.229 Mpa,0.0426 Mpa,0.137 Mpa,0.490 Mpa,,0.407 Mpa,3.60%,19.0%,53.6%,4.41%,2.91%,3.65%,9.19%,,7.71%
2026-08-20 01:00:00,0.0826 Mpa,0.232 Mpa,0.618 Mpa,0.177 Mpa,0.423 Mpa,0.327 Mpa,0.346 Mpa,,0.185 Mpa,4.58%,6.27%,15.3%,3.69%,12.0%,5.90%,4.07%,,1.70%
2026-08-20 03:00:00,0.320 Mpa,0.544 Mpa,0.334 Mpa,0.153 Mpa,0.634 Mpa,0.242 Mpa,0.385 Mpa,,0.323 Mpa,12.1%,15.9%,7.56%,4.33%,18.2%,6.06%,5.66%,,5.95%
2026-08-20 05:00:00,0.113 Mpa,0.0566 Mpa,0.288 Mpa,0.171 Mpa,0.150 Mpa,0.152 Mpa,0.209 Mpa,,0.173 Mpa,4.49%,1.33%,5.91%,6.78%,3.55%,0.857%,0.411%,,2.36%
2026-08-20 07:00:00,0.0412 Mpa,0.282 Mpa,0.130 Mpa,0.103 Mpa,0.205 Mpa,0.217 Mpa,0.246 Mpa,,0.429 Mpa,4.73%,7.57%,1.48%,6.95%,5.43%,2.44%,1.51%,,9.16%
2026-08-20 09:00:00,0.138 Mpa,0.170 Mpa,0.0636 Mpa,0.115 Mpa,0.0316 Mpa,0.206 Mpa,0.392 Mpa,,0.387 Mpa,5.54%,4.79%,0.218%,6.36%,0.764%,1.95%,6.16%,,7.57%
2026-08-20 11:00:00,0.225 Mpa,0.585 Mpa,0.0218 Mpa,0.102 Mpa,0.0846 Mpa,0.154 Mpa,0.418 Mpa,,0.393 Mpa,8.31%,17.5%,0%,2.43%,2.73%,0.621%,7.48%,,8.30%
2026-08-20 13:00:00,0.414 Mpa,0.327 Mpa,0.0240 Mpa,,0.0320 Mpa,0.310 Mpa,0.257 Mpa,,0.277 Mpa,11.7%,9.58%,0.0257%,,1.03%,5.34%,3.63%,,4.06%
2026-08-20 15:00:00,0.0797 Mpa,0.264 Mpa,0.589 Mpa,0.199 Mpa,0.0720 Mpa,0.155 Mpa,0.233 Mpa,,0.270 Mpa,4.13%,7.50%,15.4%,5.05%,2.04%,8.88%,2.80%,,3.86%
2026-08-20 17:00:00,0.106 Mpa,0.180 Mpa,0.543 Mpa,0.187 Mpa,0.0777 Mpa,0.141 Mpa,0.258 Mpa,,0.334 Mpa,2.99%,4.76%,14.1%,4.18%,2.56%,1.14%,3.76%,,6.15%
2026-08-20 19:00:00,0.0713 Mpa,1.68 Mpa,0.0805 Mpa,0.813 Mpa,0.0799 Mpa,0.145 Mpa,0.259 Mpa,,0.189 Mpa,3.11%,51.3%,0.821%,20.3%,4.15%,1.06%,2.68%,,1.30%
2026-08-20 21:00:00,0.0962 Mpa,0.347 Mpa,0.475 Mpa,0.462 Mpa,0.0678 Mpa,0.153 Mpa,0.197 Mpa,,0.341 Mpa,2.81%,10.1%,11.9%,10.9%,2.88%,1.25%,0.794%,,5.99%
2026-08-20 23:00:00,0.104 Mpa,0.494 Mpa,0.134 Mpa,0.181 Mpa,0.104 Mpa,0.143 Mpa,0.251 Mpa,,0.171 Mpa,2.93%,14.3%,2.38%,4.18%,3.24%,0.852%,2.62%,,1.32%
2026-08-21 01:00:00,0.138 Mpa,0.461 Mpa,0.0239 Mpa,0.463 Mpa,0.369 Mpa,0.278 Mpa,0.434 Mpa,,0.404 Mpa,4.57%,13.7%,0.0907%,11.4%,10.6%,4.12%,9.40%,,10.8%
2026-08-21 03:00:00,0.271 Mpa,0.486 Mpa,1.18 Mpa,0.134 Mpa,0.0593 Mpa,0.575 Mpa,0.383 Mpa,,0.190 Mpa,9.97%,14.2%,31.4%,2.32%,2.77%,12.0%,8.09%,,10.9%
2026-08-21 05:00:00,0.143 Mpa,0.183 Mpa,0.141 Mpa,0.179 Mpa,0.0424 Mpa,0.236 Mpa,0.224 Mpa,,0.223 Mpa,6.84%,4.85%,2.05%,3.19%,1.36%,2.92%,2.48%,,2.77%
2026-08-21 07:00:00,0.185 Mpa,0.284 Mpa,0.166 Mpa,0.138 Mpa,0.186 Mpa,0.246 Mpa,0.402 Mpa,,0.273 Mpa,7.45%,7.85%,2.41%,1.99%,5.97%,3.10%,7.74%,,4.55%
2026-08-21 09:00:00,0.141 Mpa,0.186 Mpa,0.232 Mpa,0.538 Mpa,0.102 Mpa,0.338 Mpa,0.715 Mpa,,0.242 Mpa,6.73%,5.04%,4.63%,13.0%,3.44%,20.9%,17.0%,,3.43%
2026-08-21 11:00:00,0.693 Mpa,0.150 Mpa,0.171 Mpa,0.315 Mpa,0.323 Mpa,0.220 Mpa,0.421 Mpa,,0.330 Mpa,20.7%,3.84%,2.78%,6.77%,10.1%,3.28%,7.21%,,5.68%
2026-08-21 13:00:00,0.597 Mpa,0.347 Mpa,0.160 Mpa,0.925 Mpa,0.00120 Mpa,0.0960 Mpa,1.29 Mpa,,0.246 Mpa,18.4%,9.92%,2.71%,24.5%,0.100%,10.4%,35.0%,,3.11%
2026-08-21 15:00:00,0.162 Mpa,0.283 Mpa,0.407 Mpa,0.696 Mpa,0.226 Mpa,0.130 Mpa,,,0.334 Mpa,8.04%,7.92%,9.51%,22.9%,7.17%,0.568%,,,5.88%
2026-08-21 17:00:00,0.237 Mpa,0.172 Mpa,0.103 Mpa,0.218 Mpa,0.0331 Mpa,0.181 Mpa,,,0.280 Mpa,7.96%,4.45%,1.55%,4.11%,37.0%,2.10%,,,5.50%
2026-08-21 19:00:00,0.730 Mpa,0.112 Mpa,0.710 Mpa,0.161 Mpa,0.00139 Mpa,0.165 Mpa,,,0.316 Mpa,20.9%,2.43%,18.1%,3.29%,34.8%,1.18%,,,6.09%
2026-08-21 21:00:00,0.952 Mpa,0.110 Mpa,0.891 Mpa,0.165 Mpa,0.149 Mpa,0.247 Mpa,0.109 Mpa,,0.271 Mpa,24.4%,2.42%,23.5%,3.31%,4.60%,3.49%,0.203%,,5.34%
2026-08-21 23:00:00,0.739 Mpa,0.399 Mpa,0.102 Mpa,0.194 Mpa,0.0734 Mpa,0.194 Mpa,0.0592 Mpa,,0.266 Mpa,19.9%,11.4%,0.875%,3.30%,2.16%,1.69%,0.252%,,4.91%
2026-08-22 01:00:00,0.300 Mpa,,0.0478 Mpa,0.137 Mpa,0.0127 Mpa,0.161 Mpa,0.0558 Mpa,,0.230 Mpa,9.21%,,0.200%,2.35%,0.437%,1.44%,0.404%,,3.31%
2026-08-22 03:00:00,0.317 Mpa,0.0225 Mpa,0.0766 Mpa,0.153 Mpa,0.0403 Mpa,0.203 Mpa,,,0.250 Mpa,11.3%,0%,0.725%,2.48%,1.25%,2.16%,,,4.93%
2026-08-22 05:00:00,0.186 Mpa,0.143 Mpa,0.142 Mpa,0.169 Mpa,0.0801 Mpa,0.169 Mpa,,,0.185 Mpa,8.28%,3.68%,2.45%,3.15%,2.69%,0.943%,,,2.22%
2026-08-22 07:00:00,0.0499 Mpa,0.0000720 Mpa,0.189 Mpa,0.152 Mpa,0.0920 Mpa,0.340 Mpa,,,0.387 Mpa,5.33%,2.10%,3.79%,2.73%,2.93%,5.73%,,,6.33%
2026-08-22 09:00:00,0.269 Mpa,0.518 Mpa,0.165 Mpa,0.135 Mpa,0.219 Mpa,0.176 Mpa,,,0.217 Mpa,8.62%,17.4%,3.62%,2.40%,6.57%,1.53%,,,2.31%
2026-08-22 11:00:00,0.0176 Mpa,0.0848 Mpa,0.348 Mpa,0.146 Mpa,0.503 Mpa,0.161 Mpa,,,0.741 Mpa,1.34%,1.53%,8.10%,2.63%,16.2%,0.939%,,,17.6%
2026-08-22 13:00:00,0.160 Mpa,0.0812 Mpa,0.0943 Mpa,0.146 Mpa,0.507 Mpa,0.233 Mpa,,,0.603 Mpa,8.26%,2.47%,1.92%,2.87%,14.1%,2.77%,,,14.8%
2026-08-22 15:00:00,0.153 Mpa,0.00109 Mpa,0.0959 Mpa,0.294 Mpa,0.103 Mpa,0.469 Mpa,,,0.406 Mpa,3.80%,3.87%,1.00%,6.41%,3.35%,9.49%,,,8.84%
2026-08-22 17:00:00,0.150 Mpa,0.0819 Mpa,0.694 Mpa,0.0670 Mpa,0.135 Mpa,0.195 Mpa,,,1.17 Mpa,4.16%,2.08%,17.9%,1.09%,4.33%,2.02%,,,28.9%
2026-08-22 19:00:00,0.151 Mpa,0.252 Mpa,0.258 Mpa,0.0736 Mpa,0.0248 Mpa,0.313 Mpa,,,0.858 Mpa,4.58%,6.61%,5.44%,0.886%,0.764%,5.08%,,,19.2%
2026-08-22 21:00:00,0.150 Mpa,0.212 Mpa,0.172 Mpa,0.227 Mpa,0.348 Mpa,0.298 Mpa,,,0.271 Mpa,3.87%,5.12%,2.77%,4.71%,10.4%,4.62%,,,3.38%
2026-08-22 23:00:00,0.0296 Mpa,0.259 Mpa,0.121 Mpa,0.146 Mpa,0 Mpa,0.227 Mpa,0.664 Mpa,,0.276 Mpa,0.350%,6.58%,1.25%,2.39%,0.158%,4.74%,18.2%,,4.08%
2026-08-23 01:00:00,0.166 Mpa,0.191 Mpa,1.30 Mpa,0.144 Mpa,0.724 Mpa,0.201 Mpa,0.602 Mpa,,1.35 Mpa,3.90%,4.51%,33.7%,2.44%,19.2%,2.21%,14.1%,,33.9%
2026-08-23 03:00:00,0.284 Mpa,0.209 Mpa,0.384 Mpa,0.307 Mpa,0.216 Mpa,0.191 Mpa,0.317 Mpa,,0.241 Mpa,8.12%,4.96%,9.47%,6.92%,10.9%,1.74%,5.06%,,4.49%
2026-08-23 05:00:00,0.161 Mpa,0.231 Mpa,0.298 Mpa,0.317 Mpa,0.0265 Mpa,0.246 Mpa,0.261 Mpa,,,4.46%,6.07%,7.27%,7.53%,0.663%,4.80%,3.16%,,
2026-08-23 07:00:00,0.116 Mpa,0.395 Mpa,0.709 Mpa,0.346 Mpa,0.240 Mpa,0.243 Mpa,0.244 Mpa,,,3.80%,11.5%,19.3%,7.93%,6.35%,3.31%,2.85%,,
2026-08-23 09:00:00,0.161 Mpa,0.0685 Mpa,0.593 Mpa,0.183 Mpa,0.0448 Mpa,0.174 Mpa,0.224 Mpa,,,6.34%,1.62%,15.7%,5.75%,1.26%,1.27%,3.26%,,
2026-08-23 11:00:00,0.380 Mpa,0.0651 Mpa,0.615 Mpa,0.141 Mpa,0.0430 Mpa,0.198 Mpa,0.372 Mpa,,0.544 Mpa,14.2%,1.12%,16.8%,2.58%,1.21%,2.23%,6.86%,,13.0%
2026-08-23 13:00:00,0.0792 Mpa,0.0514 Mpa,0.314 Mpa,0.392 Mpa,1.53 Mpa,0.239 Mpa,0.277 Mpa,,,3.22%,1.10%,7.49%,13.7%,43.4%,3.19%,3.85%,,
2026-08-23 15:00:00,0.545 Mpa,0.452 Mpa,0.464 Mpa,0.105 Mpa,1.68 Mpa,0.122 Mpa,0.382 Mpa,,,27.9%,13.3%,12.7%,4.35%,47.2%,0.676%,6.21%,,
2026-08-23 17:00:00,0 Mpa,0.756 Mpa,0.430 Mpa,0.0725 Mpa,2.41 Mpa,1.61 Mpa,0.113 Mpa,,,0%,20.2%,10.9%,1.51%,64.0%,37.9%,0.0329%,,
2026-08-23 19:00:00,0.0295 Mpa,0.258 Mpa,0.687 Mpa,0.516 Mpa,2.47 Mpa,0.591 Mpa,0.669 Mpa,,,0.806%,6.55%,17.1%,12.6%,65.3%,12.7%,16.2%,,
2026-08-23 21:00:00,0.328 Mpa,0.907 Mpa,0.451 Mpa,0.313 Mpa,0.0115 Mpa,0.589 Mpa,0.523 Mpa,,,9.43%,25.5%,10.9%,6.79%,0%,17.7%,12.8%,,
2026-08-23 23:00:00,0.218 Mpa,0.402 Mpa,0.0844 Mpa,0.455 Mpa,,0.158 Mpa,0.217 Mpa,,,7.97%,10.8%,0.0830%,10.8%,,6.80%,1.90%,,
2026-08-24 01:00:00,0.198 Mpa,0.359 Mpa,0.143 Mpa,0.544 Mpa,,0.173 Mpa,0.283 Mpa,,,7.27%,10.1%,1.96%,12.8%,,0.960%,5.13%,,
2026-08-24 03:00:00,0.984 Mpa,0.693 Mpa,0.275 Mpa,0.147 Mpa,,0.189 Mpa,0.199 Mpa,,,27.2%,19.7%,5.44%,2.56%,,1.78%,2.18%,,
2026-08-24 05:00:00,1.30 Mpa,1.06 Mpa,0.390 Mpa,0.124 Mpa,,0.406 Mpa,0.196 Mpa,,,35.8%,29.6%,9.15%,6.18%,,8.00%,2.90%,,
2026-08-24 07:00:00,0.865 Mpa,0.189 Mpa,0.618 Mpa,0.175 Mpa,,0.225 Mpa,0.370 Mpa,,,22.6%,4.56%,17.4%,3.40%,,2.94%,6.67%,,
2026-08-24 09:00:00,0.128 Mpa,0.361 Mpa,0.0237 Mpa,1.25 Mpa,0.524 Mpa,0.275 Mpa,0.204 Mpa,,,3.21%,10.4%,0.743%,32.5%,12.5%,4.34%,1.28%,,
2026-08-24 11:00:00,0.125 Mpa,0.268 Mpa,0.334 Mpa,0.812 Mpa,,0.183 Mpa,0.195 Mpa,,,7.68%,7.24%,9.60%,20.6%,,1.88%,4.20%,,
2026-08-24 13:00:00,0.187 Mpa,0.0988 Mpa,,0.108 Mpa,,0.110 Mpa,0.247 Mpa,,,5.90%,2.33%,,1.73%,,0.424%,3.60%,,
2026-08-24 15:00:00,0.257 Mpa,0.0661 Mpa,0.536 Mpa,0.199 Mpa,,0.287 Mpa,0.381 Mpa,,0.143 Mpa,7.98%,2.41%,14.0%,4.54%,,4.30%,7.14%,,1.20%
2026-08-24 17:00:00,0.0822 Mpa,0.710 Mpa,0.248 Mpa,0.191 Mpa,,0.295 Mpa,0.286 Mpa,,0.0971 Mpa,3.85%,21.6%,5.18%,4.21%,,4.73%,3.73%,,0%
2026-08-24 19:00:00,0.206 Mpa,0.287 Mpa,0.169 Mpa,0.228 Mpa,,0.659 Mpa,0.575 Mpa,,0.0758 Mpa,7.68%,7.54%,2.64%,4.52%,,14.4%,14.0%,,1.94%
2026-08-24 21:00:00,0.112 Mpa,0.319 Mpa,0.0779 Mpa,0.622 Mpa,0.0576 Mpa,0.229 Mpa,0.253 Mpa,,0.273 Mpa,4.94%,8.47%,0.108%,15.3%,1.94%,2.62%,3.11%,,6.06%
2026-08-24 23:00:00,0.0491 Mpa,0.342 Mpa,0.0735 Mpa,0.252 Mpa,0.0398 Mpa,0.253 Mpa,0.256 Mpa,,0.803 Mpa,3.07%,9.22%,0.0808%,5.59%,4.23%,11.3%,3.12%,,20.1%
2026-08-25 01:00:00,0.0683 Mpa,0.286 Mpa,0.110 Mpa,0.315 Mpa,,0.153 Mpa,0.254 Mpa,,0.204 Mpa,4.02%,7.66%,0.980%,7.14%,,0.459%,2.26%,,3.33%
2026-08-25 03:00:00,0.149 Mpa,0.166 Mpa,0.289 Mpa,0.108 Mpa,,0.186 Mpa,0.498 Mpa,,0.178 Mpa,6.38%,3.81%,6.05%,1.34%,,1.32%,10.1%,,1.62%
2026-08-25 05:00:00,0.622 Mpa,0.0887 Mpa,0.335 Mpa,0.190 Mpa,,0.216 Mpa,0.178 Mpa,,0.127 Mpa,19.6%,2.14%,7.97%,3.51%,,3.07%,1.86%,,10.9%
2026-08-25 07:00:00,0.440 Mpa,0.423 Mpa,0.229 Mpa,0.681 Mpa,,0.210 Mpa,0.123 Mpa,,0.454 Mpa,13.1%,13.7%,4.45%,16.5%,,2.35%,1.17%,,9.08%
2026-08-25 09:00:00,0.463 Mpa,0.711 Mpa,0.373 Mpa,0.268 Mpa,,0.283 Mpa,0.406 Mpa,,0.460 Mpa,12.6%,21.6%,8.49%,5.80%,,9.33%,8.36%,,9.68%
2026-08-25 11:00:00,0.771 Mpa,0.544 Mpa,0.443 Mpa,0.379 Mpa,,0.224 Mpa,0.322 Mpa,,0.497 Mpa,21.6%,16.7%,10.7%,8.71%,,4.37%,5.77%,,10.4%
2026-08-25 13:00:00,0.703 Mpa,0.439 Mpa,0.486 Mpa,0.0612 Mpa,,0.716 Mpa,0.251 Mpa,,0.263 Mpa,20.4%,13.9%,11.9%,1.02%,,20.4%,4.18%,,5.96%
2026-08-25 15:00:00,0.417 Mpa,0.157 Mpa,0.343 Mpa,0.979 Mpa,,0.911 Mpa,0.661 Mpa,,0.288 Mpa,13.5%,4.50%,7.52%,24.2%,,23.0%,15.5%,,5.49%
2026-08-25 17:00:00,0.0922 Mpa,0.0556 Mpa,0.207 Mpa,0.389 Mpa,,0.170 Mpa,0.217 Mpa,,0.610 Mpa,7.73%,2.61%,4.29%,9.38%,,1.60%,2.27%,,13.4%
2026-08-25 19:00:00,0.00499 Mpa,0.326 Mpa,0.566 Mpa,0.162 Mpa,,0.333 Mpa,0.329 Mpa,,0.226 Mpa,4.73%,8.82%,13.7%,3.17%,,5.68%,9.79%,,3.57%
2026-08-25 21:00:00,0.000893 Mpa,1.14 Mpa,0.893 Mpa,0.151 Mpa,,0.157 Mpa,0.323 Mpa,,0.240 Mpa,4.69%,32.2%,23.3%,2.64%,,0.902%,4.27%,,4.86%
2026-08-25 23:00:00,0.0360 Mpa,0.213 Mpa,0.616 Mpa,0.163 Mpa,,0.151 Mpa,0.396 Mpa,,0.428 Mpa,4.90%,5.46%,14.5%,3.11%,,0.771%,7.35%,,9.89%
2026-08-26 01:00:00,0.0619 Mpa,0.0652 Mpa,0.402 Mpa,0.162 Mpa,,0.170 Mpa,0.834 Mpa,,0.207 Mpa,6.28%,2.14%,9.37%,3.39%,,1.88%,22.0%,,2.84%
2026-08-26 03:00:00,0.0128 Mpa,0.0427 Mpa,0.484 Mpa,0.256 Mpa,,0.159 Mpa,0.743 Mpa,,0.166 Mpa,11.3%,0.164%,11.8%,5.79%,,0.754%,17.5%,,1.77%
2026-08-26 05:00:00,0.265 Mpa,0.629 Mpa,0.325 Mpa,0.161 Mpa,,0.207 Mpa,0.507 Mpa,,0.264 Mpa,7.64%,18.0%,7.44%,3.54%,,3.47%,11.5%,,5.38%
2026-08-26 07:00:00,0.284 Mpa,1.22 Mpa,0.392 Mpa,0.165 Mpa,,0.212 Mpa,0.479 Mpa,,0.130 Mpa,9.61%,38.4%,9.07%,3.38%,,6.09%,10.9%,,0.365%
2026-08-26 09:00:00,0.804 Mpa,0.453 Mpa,0.513 Mpa,0.724 Mpa,,0.276 Mpa,0.304 Mpa,,0.240 Mpa,21.6%,13.2%,12.7%,18.4%,,5.39%,4.33%,,3.68%
2026-08-26 11:00:00,0.678 Mpa,0.607 Mpa,0.423 Mpa,0.119 Mpa,,0.430 Mpa,0.632 Mpa,,0.163 Mpa,19.9%,17.8%,10.4%,1.59%,,9.82%,14.0%,,1.32%
2026-08-26 13:00:00,0.577 Mpa,0.524 Mpa,0.183 Mpa,0.172 Mpa,,0.529 Mpa,0.328 Mpa,,1.13 Mpa,16.9%,15.3%,8.29%,3.71%,,13.1%,5.45%,,28.2%
2026-08-26 15:00:00,0.263 Mpa,0.433 Mpa,0.459 Mpa,0.265 Mpa,,0.429 Mpa,0.537 Mpa,,0.146 Mpa,8.71%,13.0%,11.4%,5.64%,,9.75%,11.4%,,1.14%
2026-08-26 17:00:00,0.247 Mpa,0.0793 Mpa,0.169 Mpa,0.123 Mpa,,0.146 Mpa,0.199 Mpa,,0.252 Mpa,20.1%,3.43%,3.47%,1.70%,,1.16%,5.47%,,4.94%
2026-08-26 19:00:00,0.0755 Mpa,0.431 Mpa,0.465 Mpa,1.15 Mpa,,0.183 Mpa,0.209 Mpa,,0.227 Mpa,9.52%,12.1%,11.7%,29.7%,,1.82%,1.24%,,3.94%
2026-08-26 21:00:00,0.0367 Mpa,0.489 Mpa,0.310 Mpa,0.0923 Mpa,,0.133 Mpa,0.314 Mpa,,0.243 Mpa,5.74%,13.8%,7.17%,1.28%,,0.196%,4.04%,,4.53%
2026-08-26 23:00:00,0.391 Mpa,0.130 Mpa,0.343 Mpa,0.515 Mpa,,0.139 Mpa,0.235 Mpa,,0.163 Mpa,12.4%,3.25%,7.93%,12.3%,,0.228%,2.04%,,1.47%
2026-08-27 01:00:00,0.0289 Mpa,0.967 Mpa,1.32 Mpa,0.180 Mpa,,0.166 Mpa,0.412 Mpa,,0.183 Mpa,3.01%,27.9%,35.5%,3.48%,,0.789%,7.28%,,3.75%
2026-08-27 03:00:00,0.0300 Mpa,0.141 Mpa,1.90 Mpa,0.316 Mpa,,0.144 Mpa,0.355 Mpa,,0.451 Mpa,4.55%,3.42%,50.3%,7.03%,,0.450%,5.27%,,11.7%
2026-08-27 05:00:00,0.105 Mpa,0.263 Mpa,,0.273 Mpa,,0.125 Mpa,0.502 Mpa,,0.193 Mpa,4.46%,8.36%,,6.18%,,0.135%,10.2%,,2.49%
2026-08-27 07:00:00,0.186 Mpa,0.0382 Mpa,,0.186 Mpa,,0.164 Mpa,0.451 Mpa,,0.507 Mpa,5.85%,2.16%,,3.50%,,0.896%,8.23%,,17.6%
2026-08-27 09:00:00,0.832 Mpa,0.0241 Mpa,,0.151 Mpa,,0.139 Mpa,0.309 Mpa,,0.170 Mpa,22.3%,0.846%,,2.66%,,0.341%,4.86%,,14.5%
2026-08-27 11:00:00,0.0439 Mpa,0.0130 Mpa,0.225 Mpa,0.227 Mpa,,0.192 Mpa,0.144 Mpa,,0.375 Mpa,1.20%,0.185%,6.14%,4.63%,,1.64%,0.958%,,7.56%
2026-08-27 13:00:00,0.0966 Mpa,0.0233 Mpa,,0.274 Mpa,,0.254 Mpa,0.356 Mpa,,0.259 Mpa,3.59%,0.449%,,6.62%,,3.38%,5.65%,,4.54%
2026-08-27 15:00:00,0.302 Mpa,0.0214 Mpa,,0.0267 Mpa,,0.156 Mpa,0.343 Mpa,,0.857 Mpa,8.83%,0.188%,,1.88%,,1.02%,5.76%,,21.3%
2026-08-27 17:00:00,0.168 Mpa,0.0350 Mpa,,0.305 Mpa,,0.182 Mpa,0.299 Mpa,,0.191 Mpa,5.16%,0.880%,,7.51%,,2.82%,5.22%,,2.67%
2026-08-27 19:00:00,0.166 Mpa,0 Mpa,,0.288 Mpa,,0.311 Mpa,0.286 Mpa,,0.140 Mpa,6.27%,0%,,6.07%,,8.78%,3.90%,,3.87%
2026-08-27 21:00:00,0.0767 Mpa,0.00816 Mpa,,0.200 Mpa,,0.836 Mpa,0.431 Mpa,,0.277 Mpa,3.52%,0.114%,,3.63%,,22.0%,8.78%,,5.27%
2026-08-27 23:00:00,0.0156 Mpa,0.0134 Mpa,,0.0819 Mpa,,0.580 Mpa,0.238 Mpa,,0.366 Mpa,0.459%,1.27%,,0.848%,,16.9%,2.19%,,8.10%
2026-08-28 01:00:00,,0.00187 Mpa,,0.110 Mpa,,0.255 Mpa,0.386 Mpa,,0.171 Mpa,,3.10%,,9.49%,,4.03%,5.73%,,1.72%
2026-08-28 03:00:00,0.151 Mpa,0.330 Mpa,,0.141 Mpa,,0.595 Mpa,0.338 Mpa,,0.514 Mpa,4.03%,9.66%,,25.1%,,14.2%,5.29%,,22.7%
2026-08-28 05:00:00,0.0906 Mpa,0.423 Mpa,,0.0738 Mpa,,0.159 Mpa,0.253 Mpa,,0.202 Mpa,2.09%,12.0%,,20.5%,,1.51%,3.58%,,3.92%
2026-08-28 07:00:00,0.111 Mpa,0.0403 Mpa,,0.255 Mpa,,0.224 Mpa,0.392 Mpa,,0.266 Mpa,3.18%,1.87%,,5.33%,,2.52%,7.42%,,8.08%
2026-08-28 09:00:00,0.0560 Mpa,0.0219 Mpa,,0.303 Mpa,,0.176 Mpa,0.504 Mpa,,0.341 Mpa,2.71%,0.527%,,6.59%,,1.35%,10.2%,,6.33%
2026-08-28 11:00:00,0.144 Mpa,0 Mpa,,0.118 Mpa,,0.140 Mpa,0.288 Mpa,,0.578 Mpa,5.52%,0%,,2.04%,,0.643%,3.52%,,22.6%
2026-08-28 13:00:00,,0.274 Mpa,,0.235 Mpa,,0.537 Mpa,0.234 Mpa,,0.198 Mpa,,7.24%,,5.50%,,11.3%,1.79%,,5.00%
2026-08-28 15:00:00,,0.112 Mpa,,0.106 Mpa,,0.695 Mpa,0.353 Mpa,,0.421 Mpa,,2.67%,,2.63%,,15.8%,5.93%,,8.38%
2026-08-28 17:00:00,,0.173 Mpa,0.000408 Mpa,0.152 Mpa,,0.568 Mpa,0.384 Mpa,,0.223 Mpa,,4.51%,0%,3.63%,,13.2%,7.28%,,3.97%
2026-08-28 19:00:00,,0.0893 Mpa,0.000701 Mpa,0.109 Mpa,,0.396 Mpa,0.254 Mpa,,0.149 Mpa,,13.5%,0.0642%,1.97%,,8.44%,1.86%,,7.13%
2026-08-28 21:00:00,0 Mpa,0.281 Mpa,0.461 Mpa,0.286 Mpa,,0.518 Mpa,0.246 Mpa,,0.129 Mpa,4.87%,7.84%,11.5%,7.17%,,13.1%,3.85%,,0.429%
2026-08-28 23:00:00,0.0665 Mpa,0.110 Mpa,0.224 Mpa,0.0606 Mpa,,0.372 Mpa,0.329 Mpa,,0.279 Mpa,5.41%,2.40%,5.98%,1.30%,,8.59%,4.68%,,4.91%
2026-08-29 01:00:00,0.0406 Mpa,0.926 Mpa,0.111 Mpa,1.51 Mpa,,1.10 Mpa,0.315 Mpa,,0.233 Mpa,4.62%,26.9%,2.37%,39.3%,,27.1%,4.26%,,3.12%
2026-08-29 03:00:00,0.0461 Mpa,,0.0896 Mpa,0.608 Mpa,,0.324 Mpa,0.276 Mpa,,0.193 Mpa,2.01%,,1.49%,14.2%,,7.44%,3.18%,,1.88%
2026-08-29 05:00:00,0.113 Mpa,,0.189 Mpa,0.286 Mpa,,0.136 Mpa,0.248 Mpa,,0.531 Mpa,3.39%,,3.79%,5.76%,,16.0%,2.85%,,11.5%
2026-08-29 07:00:00,0.0617 Mpa,,0.00426 Mpa,0.560 Mpa,,0.510 Mpa,0.396 Mpa,,0.589 Mpa,6.18%,,0%,13.2%,,10.2%,7.04%,,14.9%
2026-08-29 09:00:00,0.0666 Mpa,0.178 Mpa,0.196 Mpa,0.342 Mpa,,0.158 Mpa,0.213 Mpa,,0.462 Mpa,3.58%,4.56%,3.83%,7.16%,,0.803%,1.38%,,10.2%
2026-08-29 11:00:00,0.227 Mpa,0.00418 Mpa,0.194 Mpa,0.933 Mpa,,0.226 Mpa,0.382 Mpa,,0.332 Mpa,7.28%,0.0253%,4.13%,23.5%,,2.48%,6.20%,,6.62%
2026-08-29 13:00:00,0.297 Mpa,,0.530 Mpa,0.488 Mpa,,0.195 Mpa,0.245 Mpa,,0.233 Mpa,9.15%,,13.6%,11.7%,,1.87%,4.14%,,4.51%
2026-08-29 15:00:00,0.0336 Mpa,,0.195 Mpa,0.282 Mpa,,0.221 Mpa,0.276 Mpa,,0.257 Mpa,1.25%,,7.04%,6.48%,,2.76%,3.54%,,5.66%
2026-08-29 17:00:00,0.269 Mpa,,0.171 Mpa,0.183 Mpa,,0.195 Mpa,0.308 Mpa,,0.225 Mpa,8.93%,,4.51%,4.51%,,1.93%,4.62%,,3.84%
2026-08-29 19:00:00,0.209 Mpa,,0.431 Mpa,0.210 Mpa,,0.868 Mpa,0.233 Mpa,,0.271 Mpa,7.26%,,10.7%,5.21%,,20.1%,1.91%,,7.91%
2026-08-29 21:00:00,0.153 Mpa,,0.401 Mpa,0.0808 Mpa,,0.664 Mpa,0.243 Mpa,,0.206 Mpa,6.58%,,9.76%,2.34%,,14.7%,1.98%,,4.31%
2026-08-29 23:00:00,0.126 Mpa,,0.386 Mpa,1.14 Mpa,,0.391 Mpa,0.522 Mpa,,0.182 Mpa,5.81%,,9.63%,30.2%,,7.43%,10.9%,,2.98%
2026-08-30 01:00:00,0.0538 Mpa,,0.301 Mpa,0.354 Mpa,,0.363 Mpa,0.258 Mpa,,0.210 Mpa,4.57%,,7.90%,8.03%,,6.42%,1.71%,,3.24%
2026-08-30 03:00:00,0.116 Mpa,,0.150 Mpa,0.296 Mpa,,0.385 Mpa,0.251 Mpa,,0.138 Mpa,3.38%,,3.56%,7.91%,,6.73%,2.02%,,8.17%
2026-08-30 05:00:00,0.0699 Mpa,,0.0520 Mpa,0.274 Mpa,,0.179 Mpa,0.333 Mpa,,0.293 Mpa,2.25%,,0.493%,6.21%,,1.43%,4.64%,,10.3%
2026-08-30 07:00:00,0.0385 Mpa,0 Mpa,0.575 Mpa,0.141 Mpa,,0.232 Mpa,0.886 Mpa,,0.279 Mpa,2.13%,0%,15.1%,2.89%,,2.72%,20.8%,,5.33%
2026-08-30 09:00:00,0.494 Mpa,0 Mpa,1.54 Mpa,0.113 Mpa,,0.372 Mpa,0.434 Mpa,,0.176 Mpa,13.2%,0%,42.0%,2.03%,,6.68%,7.40%,,2.45%
2026-08-30 11:00:00,0.0435 Mpa,0.159 Mpa,0.712 Mpa,0.00373 Mpa,,0.496 Mpa,0.304 Mpa,,0.433 Mpa,2.61%,3.67%,18.6%,0.0533%,,10.5%,3.08%,,9.54%
2026-08-30 13:00:00,0.294 Mpa,0.0618 Mpa,0.149 Mpa,0.527 Mpa,,0.754 Mpa,0.509 Mpa,,1.39 Mpa,10.1%,1.18%,2.95%,13.0%,,16.8%,9.76%,,33.8%
2026-08-30 15:00:00,0.159 Mpa,0.222 Mpa,0.133 Mpa,0.196 Mpa,,0.599 Mpa,0.323 Mpa,,0.261 Mpa,6.90%,5.83%,2.66%,3.84%,,42.6%,4.05%,,5.02%
2026-08-30 17:00:00,0.247 Mpa,0.248 Mpa,0.171 Mpa,0.271 Mpa,,0.0983 Mpa,0.256 Mpa,,0.193 Mpa,8.54%,6.89%,3.61%,5.97%,,0.0437%,1.99%,,3.03%
2026-08-30 19:00:00,0.146 Mpa,0.302 Mpa,0.212 Mpa,1.17 Mpa,,0.103 Mpa,0.425 Mpa,,1.17 Mpa,4.74%,8.31%,4.53%,30.4%,,0.00309%,7.07%,,48.2%
2026-08-30 21:00:00,0.541 Mpa,0.311 Mpa,0.226 Mpa,0.363 Mpa,,0.230 Mpa,0.540 Mpa,,1.25 Mpa,14.6%,8.89%,4.94%,7.81%,,2.84%,11.1%,,36.7%
2026-08-30 23:00:00,0.384 Mpa,0.323 Mpa,0.177 Mpa,0.618 Mpa,,0.654 Mpa,0.573 Mpa,,0.398 Mpa,9.96%,9.07%,3.69%,14.9%,,14.6%,12.1%,,9.09%
2026-08-31 01:00:00,0.465 Mpa,0.226 Mpa,0.180 Mpa,0.386 Mpa,,0.735 Mpa,0.721 Mpa,,0.282 Mpa,13.2%,5.95%,3.54%,8.99%,,16.9%,16.1%,,12.6%
2026-08-31 03:00:00,0.762 Mpa,0.260 Mpa,0.0572 Mpa,0.522 Mpa,,0.190 Mpa,0.420 Mpa,,0.223 Mpa,21.9%,6.92%,0.362%,13.2%,,2.50%,6.61%,,3.84%
2026-08-31 05:00:00,0.325 Mpa,0.225 Mpa,0.135 Mpa,1.68 Mpa,,0.284 Mpa,0.248 Mpa,,0.251 Mpa,8.89%,5.66%,2.37%,43.5%,,4.44%,2.42%,,4.77%
2026-08-31 07:00:00,0.189 Mpa,0.488 Mpa,0.333 Mpa,0.732 Mpa,,0.169 Mpa,0.214 Mpa,,0.235 Mpa,6.69%,14.0%,8.36%,17.7%,,0.731%,1.15%,,4.86%
2026-08-31 09:00:00,0.160 Mpa,0.454 Mpa,0.171 Mpa,0.237 Mpa,,0.156 Mpa,0.984 Mpa,,0.425 Mpa,5.34%,12.8%,3.66%,4.64%,,0.581%,28.5%,,9.56%
2026-08-31 11:00:00,0.0465 Mpa,0.374 Mpa,0.0724 Mpa,0.655 Mpa,,0.279 Mpa,1.23 Mpa,,0.338 Mpa,1.84%,10.3%,0.979%,16.3%,,4.30%,33.8%,,8.02%
2026-08-31 13:00:00,0.208 Mpa,0.585 Mpa,0.0777 Mpa,0.698 Mpa,,0.522 Mpa,0.717 Mpa,,0.362 Mpa,6.91%,17.0%,0.927%,17.7%,,11.3%,18.9%,,7.56%
2026-08-31 15:00:00,0.0493 Mpa,0.332 Mpa,0.150 Mpa,0.00211 Mpa,,0.148 Mpa,0.716 Mpa,,0.307 Mpa,2.11%,9.22%,2.91%,1.61%,,0.303%,16.8%,,4.44%
2026-08-31 17:00:00,0.184 Mpa,1.73 Mpa,0.212 Mpa,0 Mpa,,0.144 Mpa,0.408 Mpa,,0.237 Mpa,6.59%,52.0%,4.57%,1.60%,,0.547%,8.77%,,5.32%
2026-08-31 19:00:00,0.0526 Mpa,0.406 Mpa,0.157 Mpa,0.328 Mpa,,0.172 Mpa,0.672 Mpa,,0.514 Mpa,2.92%,11.4%,2.85%,9.64%,,1.27%,16.3%,,15.3%
2026-08-31 21:00:00,0.192 Mpa,0.246 Mpa,0.166 Mpa,1.62 Mpa,,0.186 Mpa,0.264 Mpa,,0.617 Mpa,7.12%,8.62%,2.90%,44.1%,,1.92%,3.11%,,16.8%
2026-08-31 23:00:00,0.483 Mpa,0.131 Mpa,0.888 Mpa,,,0.106 Mpa,0.230 Mpa,,0.411 Mpa,14.2%,3.79%,23.3%,,,0%,3.11%,,57.7%
2026-09-01 01:00:00,0.961 Mpa,0.0285 Mpa,,,,,,,0.540 Mpa,26.6%,0.764%,,,,,,,11.4%
2026-09-01 03:00:00,0.0790 Mpa,0.0552 Mpa,2.33 Mpa,0.0263 Mpa,,,0.337 Mpa,,0.0767 Mpa,3.07%,7.00%,61.2%,4.79%,,,8.24%,,2.07%
2026-09-01 05:00:00,0.563 Mpa,,0.178 Mpa,0.663 Mpa,,0.375 Mpa,,,,15.3%,,3.07%,16.8%,,6.20%,,,
2026-09-01 07:00:00,0.266 Mpa,,0.789 Mpa,0.205 Mpa,,0.184 Mpa,0.282 Mpa,,0.181 Mpa,10.8%,,24.8%,4.36%,,1.53%,6.39%,,14.4%
2026-09-01 09:00:00,0.0448 Mpa,0.379 Mpa,0.568 Mpa,0.331 Mpa,,0.143 Mpa,0.247 Mpa,,0.330 Mpa,2.61%,9.60%,15.0%,7.63%,,0.335%,2.71%,,6.12%
2026-09-01 11:00:00,0.120 Mpa,0.0421 Mpa,0.112 Mpa,0.198 Mpa,,0.328 Mpa,0.499 Mpa,,0.239 Mpa,3.27%,0.0389%,1.70%,3.83%,,5.81%,11.2%,,3.47%
2026-09-01 13:00:00,0.103 Mpa,0.166 Mpa,0.189 Mpa,0.268 Mpa,,,0.551 Mpa,,0.155 Mpa,3.82%,4.46%,3.82%,5.39%,,,10.9%,,2.15%
2026-09-01 15:00:00,0.244 Mpa,0.240 Mpa,0.157 Mpa,0.149 Mpa,,,1.14 Mpa,,0.275 Mpa,8.96%,7.21%,2.96%,2.37%,,,28.5%,,5.62%
2026-09-01 17:00:00,,0.0324 Mpa,0.0295 Mpa,0.216 Mpa,,,0.264 Mpa,,0.171 Mpa,,0%,0.394%,4.24%,,,2.27%,,2.68%
2026-09-01 19:00:00,,,0 Mpa,0.169 Mpa,,,,,,,,0%,4.05%,,,,,
2026-09-01 21:00:00,,,0.439 Mpa,0.253 Mpa,,0.532 Mpa,1.71 Mpa,,,,,10.8%,5.82%,,9.79%,47.5%,,
2026-09-01 23:00:00,,,0.280 Mpa,0.292 Mpa,,0.165 Mpa,0.760 Mpa,,0.543 Mpa,,,6.14%,6.37%,,2.27%,17.5%,,11.5%
2026-09-02 01:00:00,0.713 Mpa,0.164 Mpa,0.709 Mpa,0.288 Mpa,,0.106 Mpa,0.535 Mpa,,0.122 Mpa,20.3%,3.88%,18.3%,6.05%,,0.157%,11.7%,,0.808%
2026-09-02 03:00:00,0.750 Mpa,0.256 Mpa,0.110 Mpa,0.0872 Mpa,,2.17 Mpa,0.401 Mpa,,0.273 Mpa,20.1%,6.51%,1.50%,0.897%,,51.2%,7.12%,,4.01%
2026-09-02 05:00:00,0.0517 Mpa,0.477 Mpa,0.0981 Mpa,0.182 Mpa,,0.164 Mpa,0.510 Mpa,,0.421 Mpa,9.84%,13.7%,1.35%,3.32%,,0.626%,10.9%,,7.91%
2026-09-02 07:00:00,0.175 Mpa,0.384 Mpa,0.0723 Mpa,0.113 Mpa,,0.210 Mpa,0.880 Mpa,,0.396 Mpa,13.6%,11.1%,0.489%,1.74%,,1.59%,23.7%,,14.2%
2026-09-02 09:00:00,1.39 Mpa,0.203 Mpa,0.272 Mpa,0.110 Mpa,,0.179 Mpa,0.631 Mpa,,0.402 Mpa,37.4%,5.08%,6.49%,1.35%,,0.604%,13.9%,,15.0%
2026-09-02 11:00:00,0.875 Mpa,0.173 Mpa,0.0724 Mpa,0.0937 Mpa,,0.176 Mpa,0.337 Mpa,,0.268 Mpa,23.0%,4.70%,0.834%,0.942%,,0.908%,6.17%,,5.68%
2026-09-02 13:00:00,0.00120 Mpa,0.251 Mpa,0.0680 Mpa,0.306 Mpa,,0.151 Mpa,0.468 Mpa,,0.415 Mpa,0.0137%,7.19%,0.721%,6.78%,,0%,10.5%,,9.31%
2026-09-02 15:00:00,0.956 Mpa,0.240 Mpa,0.141 Mpa,0.241 Mpa,,0.181 Mpa,0.291 Mpa,,0.228 Mpa,25.9%,6.79%,2.43%,6.47%,,1.50%,3.20%,,5.28%
2026-09-02 17:00:00,0.331 Mpa,0.133 Mpa,0.0911 Mpa,0.222 Mpa,,0.161 Mpa,0.239 Mpa,,0.246 Mpa,9.78%,3.05%,0.998%,4.32%,,0.856%,1.97%,,3.65%
2026-09-02 19:00:00,0.340 Mpa,0.255 Mpa,0.199 Mpa,0.253 Mpa,,0.245 Mpa,0.322 Mpa,,1.04 Mpa,9.41%,6.46%,4.08%,5.11%,,2.60%,4.63%,,24.8%
2026-09-02 21:00:00,0.561 Mpa,0.436 Mpa,0.236 Mpa,0.248 Mpa,,0.290 Mpa,0.652 Mpa,,0.222 Mpa,16.2%,12.3%,4.82%,4.56%,,3.70%,14.8%,,3.38%
2026-09-02 23:00:00,0.171 Mpa,0.430 Mpa,0.102 Mpa,0.397 Mpa,,0.180 Mpa,0.555 Mpa,,0.173 Mpa,5.33%,11.7%,0.979%,8.75%,,0.757%,12.3%,,1.34%
2026-09-03 01:00:00,0.0859 Mpa,0.142 Mpa,0.349 Mpa,0.336 Mpa,,0.181 Mpa,0.388 Mpa,,0.572 Mpa,4.87%,2.79%,8.25%,7.19%,,5.37%,7.48%,,12.5%
2026-09-03 03:00:00,0.252 Mpa,0.394 Mpa,0.314 Mpa,0.264 Mpa,,0.280 Mpa,0.393 Mpa,,0.262 Mpa,6.68%,10.7%,7.20%,5.28%,,3.23%,7.10%,,3.84%
2026-09-03 05:00:00,0.565 Mpa,0.243 Mpa,0.143 Mpa,0.239 Mpa,,0.194 Mpa,0.405 Mpa,,0.160 Mpa,16.6%,19.4%,3.07%,4.81%,,2.26%,8.45%,,1.53%
2026-09-03 07:00:00,0.616 Mpa,0.352 Mpa,0.466 Mpa,0.208 Mpa,,0.236 Mpa,0.269 Mpa,,0.617 Mpa,16.8%,9.45%,11.8%,3.88%,,3.21%,2.69%,,19.6%
2026-09-03 09:00:00,0.153 Mpa,0.176 Mpa,0.228 Mpa,0.0896 Mpa,,0.252 Mpa,0.368 Mpa,,0.189 Mpa,5.78%,4.62%,4.75%,0.826%,,3.53%,5.70%,,2.17%
2026-09-03 11:00:00,0.555 Mpa,0.686 Mpa,0.207 Mpa,0.248 Mpa,,0.269 Mpa,0.526 Mpa,,0.208 Mpa,15.0%,20.5%,4.60%,4.94%,,3.79%,11.0%,,3.37%
2026-09-03 13:00:00,0.202 Mpa,0.180 Mpa,0.170 Mpa,0.243 Mpa,,0.295 Mpa,0.104 Mpa,,0.252 Mpa,4.89%,4.46%,3.50%,5.41%,,4.59%,0.104%,,4.17%
2026-09-03 15:00:00,0.217 Mpa,0.812 Mpa,0.240 Mpa,0.200 Mpa,,0.350 Mpa,2.09 Mpa,,0.230 Mpa,5.88%,23.8%,5.28%,4.27%,,6.23%,59.4%,,3.12%
2026-09-03 17:00:00,0.119 Mpa,0.204 Mpa,0.427 Mpa,0.170 Mpa,,0.180 Mpa,1.88 Mpa,,0.269 Mpa,4.98%,5.23%,10.3%,3.33%,,1.25%,56.0%,,5.09%
2026-09-03 19:00:00,0.308 Mpa,0.216 Mpa,0.101 Mpa,0.186 Mpa,,0.236 Mpa,1.75 Mpa,,0.782 Mpa,8.64%,5.33%,1.07%,3.23%,,2.59%,64.6%,,19.2%
2026-09-03 21:00:00,0.604 Mpa,0.464 Mpa,0.107 Mpa,0.125 Mpa,,0.368 Mpa,0.938 Mpa,,0.285 Mpa,16.2%,13.3%,1.12%,2.12%,,5.89%,27.3%,,5.65%
2026-09-03 23:00:00,0.0818 Mpa,0.521 Mpa,0.292 Mpa,0.138 Mpa,,0.204 Mpa,0.253 Mpa,,1.00 Mpa,22.2%,15.1%,6.61%,2.36%,,1.39%,2.03%,,25.0%
2026-09-04 01:00:00,0.0731 Mpa,0.240 Mpa,0.561 Mpa,0.145 Mpa,,0.217 Mpa,0.237 Mpa,,0.352 Mpa,3.50%,5.76%,15.6%,2.74%,,1.85%,1.47%,,7.20%
2026-09-04 03:00:00,0.509 Mpa,0.666 Mpa,0.285 Mpa,0.0938 Mpa,,0.230 Mpa,0.213 Mpa,,0.138 Mpa,16.6%,19.6%,7.07%,0.890%,,2.12%,0.945%,,0.224%
2026-09-04 05:00:00,0.373 Mpa,0.541 Mpa,0.113 Mpa,0.146 Mpa,,0.220 Mpa,0.212 Mpa,,1.68 Mpa,9.92%,14.9%,3.12%,3.42%,,4.04%,1.86%,,43.6%
2026-09-04 07:00:00,0.120 Mpa,0.590 Mpa,0.327 Mpa,,,0.299 Mpa,0.239 Mpa,,0.206 Mpa,5.13%,20.3%,7.57%,,,9.18%,1.78%,,2.57%
2026-09-04 09:00:00,0.191 Mpa,0.683 Mpa,0.231 Mpa,,,0.263 Mpa,0.244 Mpa,,0.227 Mpa,7.21%,20.2%,5.30%,,,5.54%,2.05%,,2.74%
2026-09-04 11:00:00,0.194 Mpa,1.01 Mpa,0.440 Mpa,1.12 Mpa,0 Mpa,0.284 Mpa,0.225 Mpa,,0.183 Mpa,6.76%,29.9%,11.2%,29.9%,0%,6.88%,1.64%,,1.40%
2026-09-04 13:00:00,0.168 Mpa,0.778 Mpa,0.266 Mpa,0.197 Mpa,0 Mpa,0.192 Mpa,0.260 Mpa,,0.223 Mpa,7.09%,23.9%,5.79%,3.75%,0%,1.80%,3.05%,,3.03%
2026-09-04 15:00:00,0.0172 Mpa,0.349 Mpa,0.263 Mpa,0.191 Mpa,0.0000789 Mpa,0.199 Mpa,0.264 Mpa,,0.286 Mpa,5.32%,10.5%,5.84%,3.63%,0.776%,3.10%,3.00%,,10.5%
2026-09-04 17:00:00,0.489 Mpa,0.395 Mpa,0.146 Mpa,0.236 Mpa,,0.172 Mpa,0.228 Mpa,,0.393 Mpa,15.6%,12.2%,2.66%,10.7%,,1.64%,1.89%,,12.0%
2026-09-04 19:00:00,0.0720 Mpa,0.118 Mpa,0.174 Mpa,0.140 Mpa,,0.145 Mpa,0.235 Mpa,,0.744 Mpa,4.87%,4.03%,4.04%,12.0%,,0.295%,1.40%,,16.9%
2026-09-04 21:00:00,0.0470 Mpa,0.118 Mpa,0.0721 Mpa,0.763 Mpa,,0.294 Mpa,0.278 Mpa,,0.798 Mpa,1.40%,3.85%,0.631%,19.3%,,4.07%,2.76%,,20.1%
2026-09-04 23:00:00,0.0479 Mpa,0.205 Mpa,0.261 Mpa,0.866 Mpa,,0.239 Mpa,0.398 Mpa,,0.521 Mpa,2.87%,5.26%,5.54%,22.5%,,2.57%,6.45%,,11.2%
2026-09-05 01:00:00,0.0564 Mpa,0.119 Mpa,0.0596 Mpa,0.278 Mpa,,0.240 Mpa,0.223 Mpa,,0.478 Mpa,10.8%,2.39%,0.656%,6.00%,,2.50%,1.71%,,10.4%
2026-09-05 03:00:00,0.285 Mpa,0.586 Mpa,0.116 Mpa,0.248 Mpa,,0.258 Mpa,0.246 Mpa,,0.595 Mpa,8.52%,16.2%,1.76%,4.90%,,2.92%,2.04%,,13.1%
2026-09-05 05:00:00,0.127 Mpa,0.0923 Mpa,0.438 Mpa,0.265 Mpa,,0.176 Mpa,0.284 Mpa,,0.261 Mpa,7.19%,2.08%,11.2%,6.11%,,1.12%,3.23%,,3.97%
2026-09-05 07:00:00,0.0912 Mpa,0.0514 Mpa,0.472 Mpa,0.616 Mpa,,0.228 Mpa,0.221 Mpa,,0.178 Mpa,5.50%,0.00288%,11.2%,15.2%,,2.33%,1.22%,,8.52%
2026-09-05 09:00:00,0.0460 Mpa,0.254 Mpa,0.919 Mpa,0.885 Mpa,,0.188 Mpa,0.200 Mpa,,0.775 Mpa,4.42%,6.20%,23.8%,22.2%,,1.15%,0.991%,,17.2%
2026-09-05 11:00:00,0.121 Mpa,0.107 Mpa,0.371 Mpa,0.908 Mpa,,0.203 Mpa,0.265 Mpa,,0.326 Mpa,7.00%,2.01%,9.18%,22.9%,,1.68%,2.91%,,10.4%
2026-09-05 13:00:00,0.181 Mpa,0.555 Mpa,1.41 Mpa,0.474 Mpa,,0.127 Mpa,0.221 Mpa,,0.372 Mpa,8.08%,15.8%,37.2%,11.9%,,0.694%,2.04%,,9.38%
2026-09-05 15:00:00,0.0166 Mpa,0.448 Mpa,0.121 Mpa,0.422 Mpa,0.000649 Mpa,,0.421 Mpa,,0.279 Mpa,1.13%,13.1%,1.40%,9.98%,0%,,7.97%,,1.68%
2026-09-05 17:00:00,0.231 Mpa,0.274 Mpa,0.362 Mpa,0.387 Mpa,0.000238 Mpa,,0.255 Mpa,,0.376 Mpa,8.05%,20.2%,8.59%,8.86%,0%,,2.56%,,4.66%
2026-09-05 19:00:00,0.0721 Mpa,0.544 Mpa,0.309 Mpa,0.245 Mpa,,0.270 Mpa,0.222 Mpa,,0.333 Mpa,5.37%,15.5%,7.00%,4.76%,,5.31%,1.37%,,2.59%
2026-09-05 21:00:00,0.152 Mpa,0.654 Mpa,0.356 Mpa,0.472 Mpa,0.000253 Mpa,0.432 Mpa,0.202 Mpa,,0.287 Mpa,6.93%,18.9%,8.20%,11.0%,0%,10.1%,1.77%,,1.89%
2026-09-05 23:00:00,0.0928 Mpa,0.423 Mpa,0.187 Mpa,0.391 Mpa,0.00139 Mpa,0.440 Mpa,0.289 Mpa,,0.433 Mpa,4.67%,11.3%,3.72%,8.85%,0%,9.12%,2.81%,,5.57%
2026-09-06 01:00:00,0.172 Mpa,0.766 Mpa,0.820 Mpa,0.0978 Mpa,0.0182 Mpa,0.508 Mpa,0.401 Mpa,,0.607 Mpa,7.09%,21.6%,21.3%,1.36%,1.32%,17.8%,8.13%,,10.4%
2026-09-06 03:00:00,0.132 Mpa,0.852 Mpa,0.269 Mpa,0.191 Mpa,0.000660 Mpa,0.270 Mpa,0.329 Mpa,,0.410 Mpa,6.33%,24.2%,6.03%,3.28%,0.646%,4.10%,4.34%,,5.39%
2026-09-06 05:00:00,0.104 Mpa,0.227 Mpa,0.194 Mpa,0.105 Mpa,,0.260 Mpa,0.334 Mpa,,0.470 Mpa,6.33%,5.59%,3.80%,1.78%,,3.59%,4.55%,,6.99%
2026-09-06 07:00:00,0.0632 Mpa,0.232 Mpa,0.786 Mpa,0.178 Mpa,,0.383 Mpa,0.226 Mpa,,0.276 Mpa,4.51%,5.57%,20.3%,3.28%,,6.61%,1.54%,,4.32%
2026-09-06 09:00:00,0.0774 Mpa,0.955 Mpa,0.728 Mpa,0.0704 Mpa,0.232 Mpa,0.263 Mpa,0.211 Mpa,,0.234 Mpa,6.29%,28.3%,18.7%,0.490%,8.38%,3.79%,1.54%,,0.491%
2026-09-06 11:00:00,0.175 Mpa,0.181 Mpa,0.714 Mpa,0.296 Mpa,0.00404 Mpa,0.365 Mpa,0.201 Mpa,,0.306 Mpa,7.53%,4.45%,18.9%,6.49%,0%,6.37%,1.78%,,3.01%
2026-09-06 13:00:00,0.114 Mpa,0.143 Mpa,0.155 Mpa,0.222 Mpa,0 Mpa,2.46 Mpa,0.209 Mpa,,1.67 Mpa,6.92%,14.2%,2.75%,5.29%,0%,63.0%,1.19%,,44.9%
2026-09-06 15:00:00,0.126 Mpa,0.154 Mpa,0.250 Mpa,0.206 Mpa,0 Mpa,,0.0922 Mpa,,0.494 Mpa,9.83%,3.58%,5.69%,4.59%,0%,,0.974%,,7.35%
2026-09-06 17:00:00,0.184 Mpa,0.141 Mpa,0.628 Mpa,0.157 Mpa,0 Mpa,,0.228 Mpa,,0.354 Mpa,7.55%,3.65%,16.2%,3.18%,0%,,2.11%,,3.73%
2026-09-06 19:00:00,0.0560 Mpa,0.142 Mpa,0.260 Mpa,0.474 Mpa,,,0.227 Mpa,,0.304 Mpa,12.4%,3.32%,5.91%,11.0%,,,2.03%,,4.10%
2026-09-06 21:00:00,0.108 Mpa,0.175 Mpa,0.312 Mpa,0.428 Mpa,0.00807 Mpa,0.0951 Mpa,0.277 Mpa,,0.419 Mpa,13.5%,4.26%,7.30%,9.69%,0.555%,0.0680%,3.11%,,6.00%
2026-09-06 23:00:00,0.155 Mpa,0.212 Mpa,0.445 Mpa,0.218 Mpa,,,0.340 Mpa,,0.323 Mpa,6.49%,5.45%,11.0%,4.99%,,,5.68%,,2.53%
2026-09-07 01:00:00,0.169 Mpa,0.224 Mpa,0.474 Mpa,0.0652 Mpa,,,0.337 Mpa,,0.621 Mpa,6.72%,5.41%,11.5%,1.07%,,,6.30%,,11.3%
2026-09-07 03:00:00,0.0738 Mpa,1.01 Mpa,0.176 Mpa,0.488 Mpa,,,0.276 Mpa,,0.711 Mpa,4.40%,28.8%,3.46%,11.5%,,,3.63%,,14.1%
2026-09-07 05:00:00,0.133 Mpa,0.218 Mpa,0.535 Mpa,0.197 Mpa,,,0.213 Mpa,,0.414 Mpa,5.87%,5.36%,13.1%,4.35%,,,0.976%,,6.01%
2026-09-07 07:00:00,0.119 Mpa,0.182 Mpa,0.310 Mpa,0.244 Mpa,,,0.219 Mpa,,0.663 Mpa,5.27%,4.23%,7.49%,5.36%,,,1.53%,,13.6%
2026-09-07 09:00:00,0.0813 Mpa,0.152 Mpa,0.435 Mpa,0.162 Mpa,,,0.231 Mpa,,0.283 Mpa,4.68%,3.36%,10.4%,3.49%,,,1.48%,,5.28%
2026-09-07 11:00:00,0.174 Mpa,0.228 Mpa,0.697 Mpa,0.274 Mpa,,,0.216 Mpa,,0.602 Mpa,6.17%,5.74%,18.0%,6.23%,,,1.22%,,13.2%
2026-09-07 13:00:00,2.30 Mpa,0.240 Mpa,0.500 Mpa,0.581 Mpa,,,0.232 Mpa,,0.362 Mpa,65.2%,6.12%,12.3%,14.5%,,,2.11%,,5.29%
2026-09-07 15:00:00,0.773 Mpa,0.257 Mpa,0.309 Mpa,0.481 Mpa,0.132 Mpa,,0.225 Mpa,,0.242 Mpa,21.0%,6.76%,6.91%,12.0%,3.17%,,2.45%,,30.7%
2026-09-07 17:00:00,0.748 Mpa,0.197 Mpa,0.212 Mpa,0.0586 Mpa,0.199 Mpa,1.00 Mpa,0.220 Mpa,,0.255 Mpa,20.2%,4.89%,4.49%,1.10%,4.57%,23.1%,1.61%,,38.5%
2026-09-07 19:00:00,0.266 Mpa,0.304 Mpa,0.296 Mpa,0.176 Mpa,,0.446 Mpa,0.229 Mpa,,0.373 Mpa,7.01%,15.2%,6.64%,3.38%,,9.82%,1.88%,,3.92%
2026-09-07 21:00:00,0.384 Mpa,0.205 Mpa,0.337 Mpa,0.966 Mpa,,0.268 Mpa,0.228 Mpa,,0.302 Mpa,9.73%,5.12%,7.82%,24.6%,,5.12%,2.39%,,2.34%
2026-09-07 23:00:00,0.931 Mpa,0.667 Mpa,0.226 Mpa,0.962 Mpa,0.0939 Mpa,0.467 Mpa,0.339 Mpa,,0.496 Mpa,24.0%,19.5%,4.55%,24.0%,2.66%,10.4%,4.66%,,7.76%
2026-09-08 01:00:00,0.672 Mpa,0.0450 Mpa,0.200 Mpa,0.222 Mpa,0.00130 Mpa,0.310 Mpa,0.262 Mpa,,0.332 Mpa,18.2%,2.21%,3.79%,5.39%,0%,5.74%,3.68%,,3.33%
2026-09-08 03:00:00,2.37 Mpa,0.303 Mpa,0.498 Mpa,0.605 Mpa,0.111 Mpa,0.288 Mpa,0.287 Mpa,,0.456 Mpa,60.1%,7.37%,12.1%,14.8%,2.82%,5.04%,3.30%,,16.0%
2026-09-08 05:00:00,0.0134 Mpa,0.201 Mpa,0.105 Mpa,0.245 Mpa,,0.143 Mpa,0.453 Mpa,,0.485 Mpa,0.0324%,4.69%,1.19%,5.94%,,1.08%,8.84%,,6.68%
2026-09-08 07:00:00,0 Mpa,0.256 Mpa,0.131 Mpa,0.0882 Mpa,,0.382 Mpa,0.328 Mpa,,0.302 Mpa,0%,6.10%,1.88%,1.78%,,6.92%,4.66%,,1.92%
2026-09-08 09:00:00,0.00218 Mpa,0.404 Mpa,0.505 Mpa,0.835 Mpa,0 Mpa,0.364 Mpa,0.424 Mpa,,0.264 Mpa,0.160%,11.0%,12.5%,21.2%,0%,6.44%,7.92%,,0.761%
2026-09-08 11:00:00,2.50 Mpa,0.365 Mpa,0.391 Mpa,0.220 Mpa,0 Mpa,0.251 Mpa,0.311 Mpa,,0.852 Mpa,69.5%,9.93%,9.68%,5.35%,0%,3.26%,4.61%,,16.4%
2026-09-08 13:00:00,1.74 Mpa,0.624 Mpa,0.103 Mpa,0.969 Mpa,0.647 Mpa,0.385 Mpa,0.279 Mpa,,0.413 Mpa,48.6%,17.8%,1.36%,24.9%,16.1%,6.62%,5.13%,,5.61%
2026-09-08 15:00:00,0.295 Mpa,0.0571 Mpa,0.0950 Mpa,0.364 Mpa,0.391 Mpa,0.489 Mpa,0.231 Mpa,,0.728 Mpa,7.75%,0.639%,0.989%,8.92%,10.3%,9.81%,5.02%,,13.4%
2026-09-08 17:00:00,,0.218 Mpa,0.508 Mpa,0.219 Mpa,1.62 Mpa,0.146 Mpa,0.296 Mpa,,0.482 Mpa,,5.86%,12.6%,5.08%,41.9%,0.273%,4.53%,,7.76%
2026-09-08 19:00:00,,0.137 Mpa,0.283 Mpa,0.145 Mpa,0.0139 Mpa,0.208 Mpa,0.709 Mpa,,0.255 Mpa,,3.53%,5.97%,5.89%,13.8%,1.60%,15.8%,,2.65%
2026-09-08 21:00:00,0.0337 Mpa,0.567 Mpa,0.485 Mpa,0.244 Mpa,0.00841 Mpa,0.273 Mpa,0.475 Mpa,,0.305 Mpa,0.915%,15.9%,11.6%,5.54%,0.327%,3.38%,8.77%,,2.55%
2026-09-08 23:00:00,,0.442 Mpa,0.356 Mpa,0.183 Mpa,0.112 Mpa,0.203 Mpa,0.472 Mpa,,0.270 Mpa,,12.4%,8.50%,4.89%,9.87%,1.46%,9.18%,,1.49%
2026-09-09 01:00:00,0.0165 Mpa,0.319 Mpa,0.404 Mpa,0.0873 Mpa,0.0623 Mpa,0.169 Mpa,0.385 Mpa,,0.295 Mpa,4.17%,8.83%,9.53%,0.596%,1.59%,0.610%,9.64%,,6.47%
2026-09-09 03:00:00,,0.130 Mpa,0.196 Mpa,0.0408 Mpa,0.246 Mpa,0.333 Mpa,0.335 Mpa,,0.615 Mpa,,2.79%,3.81%,2.21%,7.25%,4.95%,4.58%,,14.9%
2026-09-09 05:00:00,,0.200 Mpa,0.221 Mpa,0.107 Mpa,0.102 Mpa,0.248 Mpa,0.209 Mpa,,0.427 Mpa,,4.77%,4.56%,2.32%,3.99%,2.87%,1.29%,,6.00%
2026-09-09 07:00:00,,0.274 Mpa,0.186 Mpa,0.180 Mpa,0.246 Mpa,0.297 Mpa,0.783 Mpa,,0.431 Mpa,,6.78%,3.50%,3.02%,7.23%,4.24%,18.4%,,6.01%
2026-09-09 09:00:00,0 Mpa,0.200 Mpa,,0.344 Mpa,0.0237 Mpa,0.202 Mpa,0.534 Mpa,,0.289 Mpa,2.68%,5.09%,,8.02%,0.944%,1.63%,11.9%,,2.38%
2026-09-09 11:00:00,0.0127 Mpa,0.164 Mpa,0.193 Mpa,0.102 Mpa,0.142 Mpa,0.268 Mpa,0.385 Mpa,,0.389 Mpa,0.879%,3.76%,5.00%,1.89%,4.60%,3.64%,6.83%,,5.57%
2026-09-09 13:00:00,,0.830 Mpa,0.160 Mpa,0.347 Mpa,0.00602 Mpa,0.608 Mpa,0.504 Mpa,,0.581 Mpa,,24.8%,3.45%,8.35%,0.946%,13.1%,11.8%,,10.3%
2026-09-09 15:00:00,0.00570 Mpa,0.607 Mpa,0.151 Mpa,0.267 Mpa,0.196 Mpa,0.222 Mpa,0.493 Mpa,,0.262 Mpa,0.0777%,17.9%,2.42%,29.5%,5.29%,2.63%,10.3%,,2.43%
2026-09-09 17:00:00,,1.29 Mpa,0.265 Mpa,0.0699 Mpa,0.0299 Mpa,0.188 Mpa,0.440 Mpa,,0.170 Mpa,,38.0%,5.72%,14.5%,0.926%,1.60%,9.11%,,0.163%
2026-09-09 19:00:00,,0.465 Mpa,0.313 Mpa,0.502 Mpa,0.110 Mpa,0.186 Mpa,0.395 Mpa,,,,13.0%,6.87%,12.6%,3.33%,1.34%,6.61%,,
2026-09-09 21:00:00,0.00538 Mpa,0.199 Mpa,0.351 Mpa,0.787 Mpa,0.147 Mpa,0.730 Mpa,0.298 Mpa,,0.171 Mpa,0.0267%,4.64%,7.64%,20.9%,5.06%,15.4%,4.10%,,0.0294%
2026-09-09 23:00:00,,0.0276 Mpa,0.360 Mpa,0.116 Mpa,0.0708 Mpa,0.733 Mpa,1.34 Mpa,,,,0.124%,8.03%,2.25%,2.45%,15.5%,52.3%,,
2026-09-10 01:00:00,,0.197 Mpa,0.0939 Mpa,0.264 Mpa,0.0557 Mpa,0.297 Mpa,1.47 Mpa,,0.168 Mpa,,4.28%,0.644%,6.41%,1.37%,4.14%,42.2%,,0%
2026-09-10 03:00:00,,0.743 Mpa,0.208 Mpa,0.477 Mpa,0.0267 Mpa,0.189 Mpa,0.198 Mpa,,0.168 Mpa,,21.2%,3.78%,11.3%,1.54%,1.46%,0.725%,,0.00705%
2026-09-10 05:00:00,,0.870 Mpa,0.215 Mpa,0.331 Mpa,0.102 Mpa,0.190 Mpa,0.249 Mpa,,,,25.7%,3.98%,7.42%,2.55%,1.43%,2.47%,,
2026-09-10 07:00:00,,0.213 Mpa,0.252 Mpa,0.142 Mpa,0.0807 Mpa,0.161 Mpa,0.294 Mpa,,,,5.41%,5.00%,1.98%,3.32%,0.305%,3.59%,,
2026-09-10 09:00:00,,,0.168 Mpa,0.213 Mpa,0.135 Mpa,0.244 Mpa,0.234 Mpa,,,,,2.81%,3.54%,3.57%,3.03%,1.83%,,
2026-09-10 11:00:00,,0.00844 Mpa,0.404 Mpa,0.363 Mpa,0.133 Mpa,0.362 Mpa,0.798 Mpa,,,,0.932%,9.30%,8.47%,3.53%,6.08%,20.4%,,
2026-09-10 13:00:00,,0 Mpa,0.150 Mpa,0.855 Mpa,1.25 Mpa,0.158 Mpa,,,,,1.62%,2.49%,21.8%,33.0%,1.15%,,,
2026-09-10 15:00:00,,0 Mpa,0.145 Mpa,0.114 Mpa,0.374 Mpa,0.199 Mpa,,,,,1.73%,2.20%,1.88%,10.6%,1.98%,,,
2026-09-10 17:00:00,,0.225 Mpa,0.102 Mpa,0.260 Mpa,0.110 Mpa,0.178 Mpa,0.361 Mpa,,,,6.48%,0.941%,5.65%,3.34%,1.42%,6.62%,,
2026-09-10 19:00:00,,0.570 Mpa,0.0982 Mpa,0.100 Mpa,0.202 Mpa,0.235 Mpa,0.775 Mpa,,,,15.7%,0.460%,1.71%,6.73%,2.48%,18.1%,,
2026-09-10 21:00:00,,0.491 Mpa,0.122 Mpa,0.0892 Mpa,0.0538 Mpa,0.161 Mpa,0.702 Mpa,,,,14.2%,1.13%,1.43%,2.82%,0.412%,15.4%,,
2026-09-10 23:00:00,,0.107 Mpa,0.109 Mpa,0.0979 Mpa,0.0700 Mpa,0.241 Mpa,0.293 Mpa,,,,2.17%,1.24%,0.930%,1.96%,15.5%,3.35%,,
2026-09-11 01:00:00,,0.0669 Mpa,0.337 Mpa,0.0751 Mpa,0.378 Mpa,0.186 Mpa,0.232 Mpa,,,,0.724%,7.03%,1.02%,10.8%,3.84%,1.90%,,
2026-09-11 03:00:00,0.00113 Mpa,0.133 Mpa,0.170 Mpa,0.208 Mpa,0.828 Mpa,0.229 Mpa,0.598 Mpa,,0.175 Mpa,0.0170%,2.66%,2.43%,3.82%,22.8%,1.94%,12.3%,,0.111%
2026-09-11 05:00:00,,0.268 Mpa,0.729 Mpa,0.188 Mpa,0.190 Mpa,0.165 Mpa,0.253 Mpa,,,,6.94%,18.2%,3.53%,5.23%,0.474%,3.44%,,
2026-09-11 07:00:00,,0.117 Mpa,0.170 Mpa,0.577 Mpa,1.04 Mpa,0.159 Mpa,0.262 Mpa,,,,3.07%,2.93%,13.5%,29.0%,0.262%,3.16%,,
2026-09-11 09:00:00,1.17 Mpa,0.301 Mpa,0.172 Mpa,0.166 Mpa,0.104 Mpa,0.683 Mpa,0.237 Mpa,,,31.8%,8.02%,2.86%,2.97%,3.29%,14.3%,2.42%,,
2026-09-11 11:00:00,0.0133 Mpa,0.186 Mpa,0.220 Mpa,0.278 Mpa,0.209 Mpa,0.204 Mpa,0.802 Mpa,,0.230 Mpa,0.398%,4.31%,4.22%,6.11%,6.44%,1.76%,19.3%,,2.11%
2026-09-11 13:00:00,0 Mpa,0.468 Mpa,0.322 Mpa,0.255 Mpa,0.124 Mpa,0.270 Mpa,0.810 Mpa,,0.392 Mpa,0%,24.3%,7.06%,5.44%,3.96%,3.47%,21.4%,,4.69%
2026-09-11 15:00:00,1.15 Mpa,0.120 Mpa,0.180 Mpa,0.638 Mpa,0.650 Mpa,0.247 Mpa,0.306 Mpa,,0.538 Mpa,32.6%,3.59%,3.17%,16.2%,17.4%,2.75%,5.16%,,8.80%
2026-09-11 17:00:00,1.28 Mpa,0.420 Mpa,0.267 Mpa,0.165 Mpa,0.302 Mpa,0.428 Mpa,0.240 Mpa,,0.291 Mpa,34.6%,11.6%,5.23%,2.99%,8.45%,7.92%,2.30%,,1.72%
2026-09-11 19:00:00,0.0872 Mpa,0.260 Mpa,0.151 Mpa,0.644 Mpa,1.21 Mpa,0.333 Mpa,0.217 Mpa,,0.313 Mpa,2.35%,6.81%,1.91%,15.9%,33.3%,5.04%,0.884%,,1.95%
2026-09-11 21:00:00,0.562 Mpa,0.172 Mpa,0.408 Mpa,0.200 Mpa,0.0455 Mpa,0.419 Mpa,0.572 Mpa,,0.326 Mpa,16.0%,4.12%,9.30%,3.63%,1.26%,7.16%,11.7%,,3.15%
2026-09-11 23:00:00,0.328 Mpa,0.249 Mpa,0.146 Mpa,0.338 Mpa,0.0845 Mpa,0.250 Mpa,0.629 Mpa,,0.338 Mpa,8.54%,6.33%,3.50%,7.47%,2.48%,2.86%,14.7%,,4.31%
2026-09-12 01:00:00,0.417 Mpa,0.236 Mpa,0.391 Mpa,0.441 Mpa,0.187 Mpa,0.217 Mpa,0.470 Mpa,,0.502 Mpa,11.3%,6.12%,8.71%,10.2%,5.07%,1.76%,9.22%,,7.25%
2026-09-12 03:00:00,0.694 Mpa,0.284 Mpa,0.384 Mpa,0.328 Mpa,0.0301 Mpa,0.299 Mpa,0.423 Mpa,,0.575 Mpa,18.9%,6.91%,8.71%,7.28%,0.488%,3.84%,7.76%,,9.59%
2026-09-12 05:00:00,0.303 Mpa,0.353 Mpa,0.202 Mpa,0.275 Mpa,0.0793 Mpa,0.277 Mpa,0.243 Mpa,,0.332 Mpa,9.36%,9.86%,4.02%,6.13%,1.79%,4.94%,2.92%,,3.87%
2026-09-12 07:00:00,0.540 Mpa,0.319 Mpa,0.160 Mpa,0.933 Mpa,0.130 Mpa,0.673 Mpa,0.253 Mpa,,0.269 Mpa,16.4%,8.66%,2.87%,23.3%,3.54%,13.8%,3.37%,,1.79%
2026-09-12 09:00:00,0.0887 Mpa,0.550 Mpa,0.0197 Mpa,0.613 Mpa,0.0291 Mpa,0.303 Mpa,0.658 Mpa,,0.332 Mpa,3.84%,15.3%,0%,14.7%,0.651%,4.63%,14.0%,,2.96%
2026-09-12 11:00:00,,0.0831 Mpa,0.239 Mpa,0.547 Mpa,0.0256 Mpa,0.687 Mpa,0.364 Mpa,,0.341 Mpa,,1.36%,5.05%,13.2%,0.596%,16.8%,5.39%,,3.48%
2026-09-12 13:00:00,0.554 Mpa,0.150 Mpa,0.287 Mpa,0.243 Mpa,0.0502 Mpa,0.637 Mpa,,,0.328 Mpa,15.1%,3.09%,6.29%,4.83%,1.16%,14.9%,,,12.1%
2026-09-12 15:00:00,0.767 Mpa,0.635 Mpa,0.204 Mpa,0.531 Mpa,0.0159 Mpa,0.420 Mpa,0.357 Mpa,,0.316 Mpa,21.5%,17.6%,4.16%,29.6%,0.399%,11.4%,4.98%,,2.74%
2026-09-12 17:00:00,0.178 Mpa,0.414 Mpa,0.140 Mpa,0.244 Mpa,0.115 Mpa,0.236 Mpa,0.243 Mpa,,0.314 Mpa,6.57%,11.6%,2.12%,4.97%,2.95%,2.42%,2.59%,,2.39%
2026-09-12 19:00:00,0.0539 Mpa,0.184 Mpa,0.131 Mpa,0.353 Mpa,0.0760 Mpa,0.214 Mpa,0.274 Mpa,,0.359 Mpa,8.52%,5.16%,1.88%,8.10%,2.11%,1.81%,3.21%,,3.45%
2026-09-12 21:00:00,0.364 Mpa,0 Mpa,0.145 Mpa,0.330 Mpa,0.136 Mpa,0.317 Mpa,0.278 Mpa,,0.552 Mpa,10.4%,0%,1.96%,7.61%,3.52%,4.73%,2.46%,,8.97%
2026-09-12 23:00:00,0.0695 Mpa,0.0704 Mpa,0.683 Mpa,0.226 Mpa,0.0858 Mpa,0.451 Mpa,0.271 Mpa,,0.365 Mpa,8.97%,1.81%,17.3%,4.49%,2.19%,8.09%,2.78%,,3.85%
2026-09-13 01:00:00,0.138 Mpa,0.0144 Mpa,0.242 Mpa,1.11 Mpa,0.0410 Mpa,0.360 Mpa,0.235 Mpa,,1.04 Mpa,4.20%,3.51%,5.11%,29.1%,0.936%,5.69%,1.42%,,23.2%
2026-09-13 03:00:00,0.383 Mpa,0.0238 Mpa,0.187 Mpa,0.151 Mpa,1.22 Mpa,0.444 Mpa,0.271 Mpa,,0.382 Mpa,11.5%,0.784%,3.84%,3.06%,32.9%,8.12%,2.26%,,5.02%
2026-09-13 05:00:00,0.541 Mpa,0.173 Mpa,0.183 Mpa,0.309 Mpa,0.935 Mpa,0.447 Mpa,0.513 Mpa,,0.247 Mpa,15.9%,4.15%,3.39%,6.63%,42.8%,9.53%,9.82%,,1.25%
2026-09-13 07:00:00,0.358 Mpa,0.276 Mpa,0.420 Mpa,0.342 Mpa,0.240 Mpa,0.333 Mpa,0.231 Mpa,,0.513 Mpa,11.1%,6.86%,9.97%,7.53%,6.37%,6.32%,0.530%,,8.20%
2026-09-13 09:00:00,0.407 Mpa,0.331 Mpa,0.348 Mpa,0.236 Mpa,0.455 Mpa,0.661 Mpa,0.535 Mpa,,0.470 Mpa,12.3%,8.91%,8.48%,4.39%,12.2%,15.7%,10.4%,,6.90%
2026-09-13 11:00:00,0.516 Mpa,0.228 Mpa,0.135 Mpa,0.229 Mpa,0.157 Mpa,0.481 Mpa,0.248 Mpa,,0.505 Mpa,15.8%,5.78%,1.95%,4.17%,4.48%,9.90%,4.41%,,16.6%
2026-09-13 13:00:00,0.251 Mpa,0.131 Mpa,0.132 Mpa,0.269 Mpa,0.0449 Mpa,0.435 Mpa,0.466 Mpa,,0.268 Mpa,7.28%,2.79%,1.95%,8.45%,1.08%,7.66%,9.98%,,2.46%
2026-09-13 15:00:00,0.407 Mpa,0.221 Mpa,0.0752 Mpa,0.400 Mpa,0.0989 Mpa,0.341 Mpa,0.318 Mpa,,0.677 Mpa,11.6%,5.63%,0.452%,9.92%,2.68%,6.75%,4.61%,,12.4%
2026-09-13 17:00:00,0.210 Mpa,0.170 Mpa,0.260 Mpa,0.168 Mpa,0.0700 Mpa,0.468 Mpa,0.266 Mpa,,0.779 Mpa,6.42%,4.11%,5.55%,2.62%,1.84%,9.19%,2.63%,,16.6%
2026-09-13 19:00:00,0.283 Mpa,0.270 Mpa,0.242 Mpa,0.730 Mpa,0.187 Mpa,0.233 Mpa,0.397 Mpa,,0.269 Mpa,10.1%,6.91%,4.86%,18.5%,5.06%,2.33%,6.23%,,2.88%
2026-09-13 21:00:00,0.124 Mpa,0.406 Mpa,0.144 Mpa,0.153 Mpa,0.120 Mpa,0.378 Mpa,0.787 Mpa,,0.181 Mpa,6.23%,13.0%,2.06%,4.43%,5.75%,6.14%,19.2%,,1.86%
2026-09-13 23:00:00,0.0305 Mpa,0.0199 Mpa,0.0936 Mpa,0.0346 Mpa,0.184 Mpa,0.360 Mpa,0.285 Mpa,,,1.98%,15.8%,0.960%,0.0683%,9.40%,5.77%,3.46%,,
2026-09-14 01:00:00,0.360 Mpa,0.291 Mpa,0.417 Mpa,0.210 Mpa,0.500 Mpa,0.369 Mpa,0.444 Mpa,,,10.6%,8.00%,10.0%,3.87%,13.6%,6.20%,7.27%,,
2026-09-14 03:00:00,0.833 Mpa,0.0557 Mpa,0.292 Mpa,0.181 Mpa,0.0773 Mpa,0.509 Mpa,0.673 Mpa,,,22.6%,0.374%,6.28%,3.64%,2.48%,10.3%,14.4%,,
2026-09-14 05:00:00,0.122 Mpa,0.463 Mpa,0.260 Mpa,0.378 Mpa,0.0333 Mpa,0.352 Mpa,0.353 Mpa,,,3.90%,13.6%,5.67%,8.35%,0.686%,6.69%,5.03%,,
2026-09-14 07:00:00,1.02 Mpa,0.529 Mpa,0.199 Mpa,0.177 Mpa,0.0381 Mpa,0.184 Mpa,0.658 Mpa,,,27.5%,17.7%,3.99%,5.15%,0.871%,2.95%,14.8%,,
2026-09-14 09:00:00,0.253 Mpa,0.578 Mpa,0.169 Mpa,0.182 Mpa,0.0219 Mpa,0.228 Mpa,0.449 Mpa,,,8.29%,16.5%,3.03%,4.82%,0.368%,4.23%,8.69%,,
2026-09-14 11:00:00,0.726 Mpa,0.808 Mpa,0.0907 Mpa,0.198 Mpa,0.235 Mpa,0.259 Mpa,0.274 Mpa,,,19.4%,23.0%,0%,4.41%,6.40%,4.19%,3.49%,,
2026-09-14 13:00:00,1.33 Mpa,0.564 Mpa,,0.439 Mpa,0.104 Mpa,0.225 Mpa,0.446 Mpa,,,37.2%,16.0%,,14.1%,2.63%,4.08%,8.93%,,
2026-09-14 15:00:00,0.146 Mpa,0.553 Mpa,0.335 Mpa,0.161 Mpa,0.0325 Mpa,0.218 Mpa,0.253 Mpa,,,4.03%,16.1%,7.64%,6.54%,0.652%,3.57%,2.79%,,
2026-09-14 17:00:00,0.978 Mpa,0.215 Mpa,0.125 Mpa,0.193 Mpa,0.0339 Mpa,0.152 Mpa,0.250 Mpa,,,28.3%,5.28%,1.65%,3.68%,0.664%,0.390%,2.36%,,
2026-09-14 19:00:00,0.641 Mpa,0.136 Mpa,0.766 Mpa,0.588 Mpa,0.156 Mpa,0.273 Mpa,0.317 Mpa,,,17.2%,2.48%,20.5%,14.4%,4.12%,3.83%,3.58%,,
2026-09-14 21:00:00,0.249 Mpa,0.174 Mpa,0.114 Mpa,0.514 Mpa,0.0581 Mpa,0.273 Mpa,0.542 Mpa,,,7.29%,3.88%,1.47%,13.5%,1.42%,3.34%,13.2%,,
2026-09-14 23:00:00,0.567 Mpa,0.0122 Mpa,0.265 Mpa,0.510 Mpa,0.550 Mpa,0.153 Mpa,0.391 Mpa,,,15.3%,0.0568%,5.83%,12.5%,14.6%,0.583%,5.87%,,
2026-09-15 01:00:00,0.485 Mpa,0.0634 Mpa,0.259 Mpa,0.312 Mpa,0.191 Mpa,0.144 Mpa,0.315 Mpa,,,13.1%,29.0%,5.04%,7.05%,4.85%,0.501%,3.72%,,
2026-09-15 03:00:00,0.488 Mpa,0.442 Mpa,0.267 Mpa,0.0426 Mpa,0.712 Mpa,0.246 Mpa,0.343 Mpa,,,12.9%,13.7%,5.51%,3.88%,19.7%,2.64%,4.27%,,
2026-09-15 05:00:00,0.330 Mpa,0.115 Mpa,0.375 Mpa,0.273 Mpa,0.811 Mpa,0.245 Mpa,0.314 Mpa,,,9.86%,7.74%,8.67%,5.44%,23.8%,3.04%,4.47%,,
2026-09-15 07:00:00,0.112 Mpa,0.396 Mpa,0.303 Mpa,0.466 Mpa,0.367 Mpa,0.168 Mpa,0.220 Mpa,,,5.74%,11.2%,6.55%,10.9%,10.8%,0.734%,2.51%,,
2026-09-15 09:00:00,0.203 Mpa,0.512 Mpa,0.219 Mpa,0.290 Mpa,0.913 Mpa,0.217 Mpa,0.221 Mpa,,,7.58%,16.2%,4.40%,6.56%,26.7%,1.39%,1.53%,,

