"Time","P_FW - I45","P_FW - I49","P_FW - I50","P_FW - I52","P_FW - I53","P_FW - I54","P_FW - I55","P_FW - I56","P_FW - I57","P_FW - I58","%FW - I45","%FW - I49","%FW - I50","%FW - I52","%FW - I53","%FW - I54","%FW - I55","%FW - I56","%FW - I57","%FW - I58"
2026-06-17 09:00:00,0.0199 Mpa,0.00313 Mpa,0 Mpa,0.00263 Mpa,0.00283 Mpa,1.20 Mpa,0.279 Mpa,0.00640 Mpa,0.294 Mpa,,1.80%,0.0130%,4%,5.48%,1.47%,37.6%,8.48%,1.24%,9.57%,
2026-06-17 11:00:00,0.0387 Mpa,0.0391 Mpa,0.0519 Mpa,0.0820 Mpa,0.0713 Mpa,0.658 Mpa,0.0797 Mpa,0.205 Mpa,0.244 Mpa,,14.5%,1.32%,5.00%,7.67%,4.47%,21.5%,2.28%,7.36%,8.08%,
2026-06-17 13:00:00,0.728 Mpa,0.00509 Mpa,0.0178 Mpa,0.0568 Mpa,0.0872 Mpa,0.547 Mpa,0.453 Mpa,0.107 Mpa,0.168 Mpa,,41.1%,0.0916%,4.61%,7.31%,4.71%,18.3%,12.4%,4.15%,6.96%,
2026-06-17 15:00:00,0.0719 Mpa,0.0185 Mpa,0.157 Mpa,0.0428 Mpa,0.0723 Mpa,0.431 Mpa,0.0597 Mpa,0.0926 Mpa,0.253 Mpa,,3.92%,0.571%,8.08%,6.94%,4.16%,14.8%,1.70%,4.00%,8.71%,
2026-06-17 17:00:00,0.0554 Mpa,0.0932 Mpa,0.0858 Mpa,0.0369 Mpa,0.0694 Mpa,0.158 Mpa,0.113 Mpa,0.0435 Mpa,0.198 Mpa,,7.19%,2.95%,6.23%,6.65%,3.65%,7.95%,3.09%,2.72%,6.68%,
2026-06-17 19:00:00,0.0771 Mpa,0.368 Mpa,0.0277 Mpa,0.558 Mpa,0.136 Mpa,0.461 Mpa,0.0644 Mpa,0.111 Mpa,0.334 Mpa,,4.02%,11.8%,3.87%,20.9%,6.48%,15.3%,1.76%,4.53%,10.5%,
2026-06-17 21:00:00,0.165 Mpa,0.0755 Mpa,0.00265 Mpa,0.215 Mpa,0.329 Mpa,0.173 Mpa,0.187 Mpa,0.383 Mpa,0.874 Mpa,,7.40%,2.49%,2.76%,11.7%,13.4%,6.24%,5.23%,15.3%,26.4%,
2026-06-17 23:00:00,0.165 Mpa,0.122 Mpa,0.00339 Mpa,0.0730 Mpa,0.160 Mpa,0.198 Mpa,0.0415 Mpa,0.170 Mpa,0.0721 Mpa,,7.39%,3.99%,2.16%,13.7%,7.32%,15.0%,1.12%,7.25%,2.51%,
2026-06-18 01:00:00,0.334 Mpa,0.0861 Mpa,0.00277 Mpa,0.0117 Mpa,0.202 Mpa,0.100 Mpa,0.0634 Mpa,0.122 Mpa,0.0268 Mpa,,12.7%,7.41%,1.92%,5.49%,8.52%,3.98%,1.85%,5.04%,1.35%,
2026-06-18 03:00:00,0.157 Mpa,0.140 Mpa,0.0725 Mpa,0.118 Mpa,0.513 Mpa,0.318 Mpa,0.198 Mpa,0.365 Mpa,0.151 Mpa,,6.14%,9.55%,3.46%,8.37%,19.6%,10.8%,5.66%,12.1%,4.67%,
2026-06-18 05:00:00,0.0360 Mpa,0.132 Mpa,0.0300 Mpa,0.0157 Mpa,0.0668 Mpa,0.161 Mpa,0.0264 Mpa,0.0509 Mpa,0.0661 Mpa,,3.17%,4.18%,1.87%,5.96%,3.19%,6.46%,0.701%,3.34%,2.65%,
2026-06-18 07:00:00,0.998 Mpa,0.193 Mpa,0.128 Mpa,0.136 Mpa,0.213 Mpa,0.257 Mpa,0.159 Mpa,0.0997 Mpa,0.0339 Mpa,,36.6%,6.01%,5.21%,9.03%,7.18%,8.53%,4.57%,4.71%,1.69%,
2026-06-18 09:00:00,0.0683 Mpa,0.114 Mpa,0.146 Mpa,0.138 Mpa,0.260 Mpa,0.657 Mpa,0.112 Mpa,0.472 Mpa,0.162 Mpa,,4.68%,3.61%,5.48%,9.42%,8.41%,21.2%,3.09%,15.7%,5.78%,
2026-06-18 11:00:00,0.0642 Mpa,0.0853 Mpa,0.0160 Mpa,0.0659 Mpa,0.159 Mpa,0.508 Mpa,1.38 Mpa,0.0435 Mpa,0.0232 Mpa,,4.46%,2.87%,1.69%,7.47%,6.58%,16.5%,37.4%,3.44%,1.75%,
2026-06-18 13:00:00,0.0833 Mpa,0.151 Mpa,0.310 Mpa,0.0607 Mpa,0.0402 Mpa,0.678 Mpa,1.03 Mpa,0.157 Mpa,0.0746 Mpa,,4.05%,4.70%,11.6%,7.61%,2.49%,21.2%,28.3%,6.44%,3.53%,
2026-06-18 15:00:00,0.0607 Mpa,0.0518 Mpa,0.00455 Mpa,0.190 Mpa,0.0981 Mpa,0.0349 Mpa,,0.0788 Mpa,0.116 Mpa,,3.29%,1.66%,2.87%,10.9%,4.79%,1.97%,,5.98%,4.42%,
2026-06-18 17:00:00,0.144 Mpa,0.00896 Mpa,0.0773 Mpa,0.0781 Mpa,0.0813 Mpa,0.102 Mpa,,0.0349 Mpa,0.0986 Mpa,,5.80%,0.596%,3.97%,8.03%,4.55%,4.08%,,2.40%,3.19%,
2026-06-18 19:00:00,0.0973 Mpa,0.0272 Mpa,0.0861 Mpa,0.0809 Mpa,0.0278 Mpa,1.10 Mpa,,0.0757 Mpa,0.0187 Mpa,,4.67%,1.00%,2.96%,7.45%,2.01%,33.9%,,3.46%,0.834%,
2026-06-18 21:00:00,0.0479 Mpa,0.0615 Mpa,0.0465 Mpa,0.0566 Mpa,0.275 Mpa,0.564 Mpa,0.0709 Mpa,0.273 Mpa,0.0869 Mpa,,3.11%,2.00%,3.01%,11.9%,11.0%,18.4%,1.81%,9.75%,3.07%,
2026-06-18 23:00:00,0.194 Mpa,0.0440 Mpa,0.0173 Mpa,0.0339 Mpa,0.221 Mpa,1.11 Mpa,0 Mpa,0.482 Mpa,0.534 Mpa,,8.67%,1.61%,1.63%,5.83%,9.18%,35.5%,0%,15.1%,16.3%,
2026-06-19 01:00:00,0.0780 Mpa,0.0412 Mpa,0.237 Mpa,0.0481 Mpa,0.433 Mpa,0.00973 Mpa,,0.267 Mpa,0.360 Mpa,,4.38%,1.67%,9.88%,6.88%,16.4%,1.20%,,9.23%,11.1%,
2026-06-19 03:00:00,0.484 Mpa,0.122 Mpa,0.211 Mpa,0.0745 Mpa,0.0415 Mpa,1.02 Mpa,,0.241 Mpa,0.129 Mpa,,15.7%,4.26%,7.12%,7.37%,2.67%,31.3%,,8.14%,4.09%,
2026-06-19 05:00:00,0.0882 Mpa,0.121 Mpa,0.0260 Mpa,0.0606 Mpa,0.133 Mpa,1.83 Mpa,,0.0733 Mpa,0.177 Mpa,,4.42%,3.90%,1.19%,6.77%,5.81%,55.9%,,3.87%,6.32%,
2026-06-19 07:00:00,0.0670 Mpa,0.0928 Mpa,0.0923 Mpa,0.103 Mpa,0.226 Mpa,0.776 Mpa,,0.0728 Mpa,0.110 Mpa,,6.98%,2.91%,3.98%,8.12%,9.26%,24.5%,,3.58%,3.76%,
2026-06-19 09:00:00,0.109 Mpa,0.119 Mpa,0.241 Mpa,0.0993 Mpa,0.0393 Mpa,0.0952 Mpa,,0.111 Mpa,0.0835 Mpa,,4.71%,3.97%,9.48%,7.94%,2.60%,3.59%,,4.82%,3.87%,
2026-06-19 11:00:00,0.0387 Mpa,0.150 Mpa,0.0684 Mpa,0.0334 Mpa,0.139 Mpa,0.0792 Mpa,,0.0900 Mpa,0.102 Mpa,,2.76%,4.90%,4.24%,6.24%,5.86%,3.28%,,4.25%,4.41%,
2026-06-19 13:00:00,0.00956 Mpa,0.100 Mpa,0.0101 Mpa,0.160 Mpa,0 Mpa,0.0649 Mpa,,0.0301 Mpa,0.0742 Mpa,,30.9%,3.11%,3.08%,9.90%,2.80%,3.64%,,2.85%,3.23%,
2026-06-19 15:00:00,0.0467 Mpa,0.141 Mpa,0.173 Mpa,0.0658 Mpa,0.173 Mpa,0.0437 Mpa,,0.195 Mpa,0.0722 Mpa,,3.69%,4.46%,6.20%,7.35%,7.67%,2.40%,,7.18%,2.67%,
2026-06-19 17:00:00,0.684 Mpa,0.222 Mpa,0.0560 Mpa,0.176 Mpa,0.107 Mpa,0.106 Mpa,0 Mpa,0.0359 Mpa,0.00290 Mpa,,21.1%,6.87%,4.20%,10.1%,5.26%,4.39%,0%,2.49%,0.304%,
2026-06-19 19:00:00,0.528 Mpa,0.0218 Mpa,0.0126 Mpa,0.146 Mpa,0.174 Mpa,0.0708 Mpa,0.494 Mpa,0.0770 Mpa,,,16.6%,0.638%,0.689%,12.1%,8.10%,3.09%,0%,4.43%,,
2026-06-19 21:00:00,0.0875 Mpa,0.278 Mpa,0.00429 Mpa,0.103 Mpa,0.0591 Mpa,0.229 Mpa,0.0000402 Mpa,0.0924 Mpa,,,4.58%,9.00%,2.10%,8.13%,3.88%,7.91%,0.000669%,3.98%,,
2026-06-19 23:00:00,0.0823 Mpa,0.101 Mpa,0.00195 Mpa,0.0235 Mpa,0.0477 Mpa,0.330 Mpa,0.317 Mpa,0.138 Mpa,0.681 Mpa,,4.19%,3.38%,3.73%,5.96%,3.23%,10.5%,9.49%,5.21%,19.8%,
2026-06-20 01:00:00,0.220 Mpa,0.392 Mpa,0.00269 Mpa,0.132 Mpa,0.0641 Mpa,0.118 Mpa,0.178 Mpa,0.0776 Mpa,0.0367 Mpa,,8.54%,13.1%,2.09%,9.43%,3.08%,4.42%,4.95%,3.26%,1.30%,
2026-06-20 03:00:00,0.237 Mpa,0.155 Mpa,0.00459 Mpa,0.132 Mpa,0.0620 Mpa,0.108 Mpa,0.144 Mpa,0.0298 Mpa,0.0759 Mpa,,9.27%,4.67%,1.77%,9.12%,3.51%,4.37%,4.45%,2.46%,2.91%,
2026-06-20 05:00:00,0.176 Mpa,0.162 Mpa,0.0657 Mpa,0.0432 Mpa,0.158 Mpa,0.108 Mpa,0.109 Mpa,0.0402 Mpa,0.0964 Mpa,,6.74%,5.60%,3.74%,11.5%,7.49%,4.20%,3.26%,2.72%,3.31%,
2026-06-20 07:00:00,0.212 Mpa,0.432 Mpa,0.134 Mpa,0.293 Mpa,0.0893 Mpa,0.0517 Mpa,0.349 Mpa,0.0284 Mpa,0.381 Mpa,,32.8%,13.7%,7.00%,13.6%,5.20%,9.14%,9.74%,1.71%,14.1%,
2026-06-20 09:00:00,0.171 Mpa,0.143 Mpa,0.418 Mpa,0.123 Mpa,0.172 Mpa,0.107 Mpa,0.247 Mpa,0.219 Mpa,0.0942 Mpa,,10.3%,4.77%,15.1%,8.75%,7.68%,13.1%,7.05%,7.39%,10.6%,
2026-06-20 11:00:00,0.221 Mpa,0.307 Mpa,0.165 Mpa,0.185 Mpa,0.255 Mpa,0.106 Mpa,0.478 Mpa,0.0604 Mpa,0.0378 Mpa,,11.8%,9.98%,7.50%,10.8%,10.7%,21.8%,14.0%,2.92%,4.93%,
2026-06-20 13:00:00,0.598 Mpa,0.236 Mpa,0.0262 Mpa,0.0967 Mpa,0.488 Mpa,0.172 Mpa,0.441 Mpa,0.183 Mpa,0.0833 Mpa,,22.2%,7.97%,2.81%,8.52%,19.4%,11.9%,12.3%,7.18%,3.12%,
2026-06-20 15:00:00,0.0550 Mpa,0.460 Mpa,0.513 Mpa,0.418 Mpa,0.578 Mpa,0.0707 Mpa,0.0971 Mpa,0.291 Mpa,0.103 Mpa,,3.02%,14.2%,18.6%,17.0%,22.0%,7.82%,2.69%,9.95%,4.84%,
2026-06-20 17:00:00,0.0930 Mpa,0.346 Mpa,0.0969 Mpa,0.111 Mpa,0.0449 Mpa,0.0889 Mpa,0.246 Mpa,1.05 Mpa,0.109 Mpa,,4.52%,10.8%,3.58%,8.57%,3.05%,6.84%,7.02%,31.5%,3.55%,
2026-06-20 19:00:00,0.164 Mpa,0.0118 Mpa,0.0722 Mpa,0.0465 Mpa,0.107 Mpa,0.440 Mpa,0.542 Mpa,0.815 Mpa,0.0669 Mpa,,6.76%,0.554%,3.31%,7.02%,4.79%,14.7%,14.7%,24.7%,2.81%,
2026-06-20 21:00:00,0.0358 Mpa,0.711 Mpa,0.126 Mpa,0.0639 Mpa,0.171 Mpa,0.0507 Mpa,0.356 Mpa,0.151 Mpa,0.122 Mpa,,2.68%,21.1%,5.82%,7.46%,6.93%,2.25%,10.1%,5.82%,4.53%,
2026-06-20 23:00:00,0.420 Mpa,0.243 Mpa,0.0358 Mpa,0.174 Mpa,0.0476 Mpa,0.131 Mpa,0.113 Mpa,0.0421 Mpa,0.0601 Mpa,,13.8%,15.1%,2.67%,10.9%,8.69%,4.91%,4.09%,2.80%,2.22%,
2026-06-21 01:00:00,0.0625 Mpa,0.123 Mpa,0.0383 Mpa,0.0388 Mpa,0.0483 Mpa,0.0623 Mpa,0.121 Mpa,0.0698 Mpa,0.218 Mpa,,4.17%,3.86%,2.73%,6.80%,2.79%,2.68%,3.31%,3.60%,7.26%,
2026-06-21 03:00:00,1.07 Mpa,0.0355 Mpa,0.107 Mpa,0.0269 Mpa,0.141 Mpa,0.0965 Mpa,0.115 Mpa,0.0468 Mpa,0.0131 Mpa,,33.1%,1.28%,4.25%,6.59%,6.40%,3.71%,3.28%,3.73%,3.04%,
2026-06-21 05:00:00,0.0886 Mpa,0.162 Mpa,0.198 Mpa,0.0674 Mpa,0.0952 Mpa,0.110 Mpa,0.302 Mpa,0.187 Mpa,0.169 Mpa,,3.87%,5.43%,6.33%,7.30%,4.83%,9.20%,8.43%,7.28%,5.76%,
2026-06-21 07:00:00,0.109 Mpa,0.188 Mpa,0.275 Mpa,0.0488 Mpa,0.0985 Mpa,0.136 Mpa,0.275 Mpa,0.225 Mpa,0.0553 Mpa,,4.49%,6.29%,8.81%,7.02%,5.00%,6.97%,7.54%,7.97%,4.13%,
2026-06-21 09:00:00,0.135 Mpa,0.172 Mpa,0.0416 Mpa,0.442 Mpa,0.0477 Mpa,0.128 Mpa,0.454 Mpa,0.180 Mpa,0.0660 Mpa,,17.7%,6.37%,2.71%,17.8%,3.57%,16.2%,13.1%,6.85%,7.56%,
2026-06-21 11:00:00,0.761 Mpa,0.105 Mpa,0.0438 Mpa,0.325 Mpa,0.0693 Mpa,0.248 Mpa,0.224 Mpa,0.0178 Mpa,0.0247 Mpa,,31.4%,3.40%,2.53%,27.0%,3.36%,8.84%,6.24%,2.53%,2.42%,
2026-06-21 13:00:00,0.285 Mpa,0.0332 Mpa,,,0 Mpa,,,,0.0596 Mpa,,22.9%,1.21%,,,0.855%,,,,3.51%,
2026-06-21 15:00:00,0.164 Mpa,0.139 Mpa,,,0 Mpa,0.843 Mpa,,0.0100 Mpa,0.146 Mpa,,7.66%,5.07%,,,1.15%,27.9%,,1.65%,5.75%,
2026-06-21 17:00:00,0.221 Mpa,0.0212 Mpa,,0.0574 Mpa,0.170 Mpa,0.0736 Mpa,0.151 Mpa,0.0270 Mpa,0.144 Mpa,,7.98%,0.650%,,7.57%,7.13%,3.60%,4.03%,4.23%,5.54%,
2026-06-21 19:00:00,0.192 Mpa,0.0266 Mpa,,0.0512 Mpa,0.0748 Mpa,0.0480 Mpa,0.678 Mpa,0.0369 Mpa,0.0441 Mpa,,7.57%,0.731%,,6.99%,3.34%,2.32%,20.7%,2.77%,2.48%,
2026-06-21 21:00:00,0.142 Mpa,0.121 Mpa,,0.0342 Mpa,1.21 Mpa,0.271 Mpa,0.372 Mpa,0.0901 Mpa,0.244 Mpa,,5.82%,3.86%,,6.40%,43.1%,8.85%,12.2%,3.98%,7.73%,
2026-06-21 23:00:00,0.260 Mpa,0.243 Mpa,0 Mpa,0.0417 Mpa,0.172 Mpa,0.0438 Mpa,0.937 Mpa,0.0757 Mpa,0 Mpa,,9.72%,7.68%,2.62%,6.68%,7.35%,1.87%,26.1%,3.78%,0%,
2026-06-22 01:00:00,0.360 Mpa,0.0465 Mpa,0.225 Mpa,0.0504 Mpa,0.0250 Mpa,0.290 Mpa,0.0509 Mpa,0.0171 Mpa,0.000472 Mpa,,12.1%,1.38%,8.23%,7.00%,3.21%,9.86%,1.36%,2.64%,0.487%,
2026-06-22 03:00:00,0.139 Mpa,0.133 Mpa,0.00445 Mpa,0.150 Mpa,0.240 Mpa,0.0215 Mpa,0.184 Mpa,0.128 Mpa,0.285 Mpa,,6.37%,4.11%,2.74%,9.73%,9.54%,1.23%,4.96%,5.55%,8.87%,
2026-06-22 05:00:00,0.258 Mpa,0.0992 Mpa,0.117 Mpa,0.151 Mpa,0.167 Mpa,0.0816 Mpa,0.0881 Mpa,0.293 Mpa,0.0707 Mpa,,10.9%,3.60%,5.51%,9.79%,13.0%,3.96%,2.36%,9.50%,2.36%,
2026-06-22 07:00:00,0.320 Mpa,0.220 Mpa,0.0337 Mpa,0.0554 Mpa,0.500 Mpa,0.0775 Mpa,0.191 Mpa,0.0622 Mpa,0.0479 Mpa,,12.2%,7.10%,3.12%,6.69%,18.9%,3.79%,5.34%,3.03%,2.15%,
2026-06-22 09:00:00,0.376 Mpa,0.112 Mpa,0.101 Mpa,0.224 Mpa,0.633 Mpa,0.115 Mpa,0.0815 Mpa,0.144 Mpa,0.0496 Mpa,,12.9%,4.75%,6.31%,11.0%,24.1%,9.48%,2.29%,6.12%,1.89%,
2026-06-22 11:00:00,0.492 Mpa,0.131 Mpa,0.209 Mpa,0.212 Mpa,0.163 Mpa,0.101 Mpa,0.194 Mpa,0.176 Mpa,0.0803 Mpa,,40.5%,4.70%,10.8%,10.6%,7.61%,5.44%,5.57%,6.50%,3.36%,
2026-06-22 13:00:00,0.563 Mpa,0.122 Mpa,0.0604 Mpa,0.0779 Mpa,0.0464 Mpa,0.164 Mpa,0.0968 Mpa,0.156 Mpa,0.167 Mpa,,17.6%,3.97%,13.2%,8.09%,3.53%,6.21%,2.72%,11.0%,6.23%,
2026-06-22 15:00:00,0.371 Mpa,0.0254 Mpa,0.108 Mpa,0.0640 Mpa,0.722 Mpa,0.0938 Mpa,0.0626 Mpa,0.436 Mpa,0.120 Mpa,,12.3%,0.741%,5.48%,6.93%,36.9%,5.02%,1.85%,13.8%,4.19%,
2026-06-22 17:00:00,0.171 Mpa,0.111 Mpa,0.426 Mpa,0.0538 Mpa,0.135 Mpa,0.329 Mpa,0.105 Mpa,0.246 Mpa,0.0890 Mpa,,7.60%,3.63%,16.5%,7.15%,5.85%,11.2%,2.96%,8.89%,3.88%,
2026-06-22 19:00:00,0.413 Mpa,0.150 Mpa,0.198 Mpa,0.0967 Mpa,0.341 Mpa,0.00472 Mpa,0.0237 Mpa,0.224 Mpa,0.0350 Mpa,,15.9%,4.78%,8.56%,8.39%,13.1%,0.921%,0.615%,9.22%,1.85%,
2026-06-22 21:00:00,0.401 Mpa,0.0933 Mpa,0.0383 Mpa,0.0153 Mpa,0.788 Mpa,0 Mpa,0.00780 Mpa,0.192 Mpa,0.548 Mpa,,13.4%,2.82%,4.05%,6.36%,28.7%,0.800%,0.146%,8.65%,17.8%,
2026-06-22 23:00:00,0.302 Mpa,0.0586 Mpa,0.0591 Mpa,0.137 Mpa,0.612 Mpa,,0.163 Mpa,0.0720 Mpa,0.244 Mpa,,10.7%,1.82%,5.01%,9.61%,22.2%,,4.54%,4.05%,8.51%,
2026-06-23 01:00:00,0 Mpa,0 Mpa,0.0324 Mpa,0.162 Mpa,0.717 Mpa,0.0778 Mpa,0.0176 Mpa,0.177 Mpa,0.0819 Mpa,,1.60%,0.381%,3.99%,10.1%,25.8%,2.41%,0.436%,6.94%,3.08%,
2026-06-23 03:00:00,0.135 Mpa,0.0650 Mpa,0.0268 Mpa,0.0695 Mpa,0.0358 Mpa,0.215 Mpa,0.204 Mpa,0.0414 Mpa,0.0514 Mpa,,5.67%,1.97%,2.34%,7.20%,12.5%,6.68%,5.73%,3.21%,2.08%,
2026-06-23 05:00:00,0.108 Mpa,0.240 Mpa,0.0259 Mpa,0.0893 Mpa,0.236 Mpa,0.367 Mpa,0.0957 Mpa,0.0587 Mpa,0.0893 Mpa,,5.44%,7.04%,3.39%,7.91%,9.31%,11.9%,2.66%,3.55%,3.16%,
2026-06-23 07:00:00,0.399 Mpa,0.0849 Mpa,0.0144 Mpa,0.0561 Mpa,0.651 Mpa,0.0463 Mpa,0.246 Mpa,0.0772 Mpa,0.0981 Mpa,,13.2%,2.63%,2.85%,7.04%,23.7%,2.57%,6.69%,3.68%,3.08%,
2026-06-23 09:00:00,0.541 Mpa,0.0693 Mpa,0.122 Mpa,0.0420 Mpa,0.0927 Mpa,0.275 Mpa,0.101 Mpa,0.494 Mpa,0.290 Mpa,,17.9%,2.25%,5.69%,6.76%,5.01%,9.99%,2.70%,15.8%,9.55%,
2026-06-23 11:00:00,0.0710 Mpa,0.101 Mpa,0.0155 Mpa,0.0904 Mpa,0.532 Mpa,0.0649 Mpa,0.247 Mpa,0.110 Mpa,0.277 Mpa,,4.10%,3.31%,3.85%,8.01%,20.9%,3.75%,6.78%,4.92%,8.77%,
2026-06-23 13:00:00,0.00885 Mpa,0.178 Mpa,0.0550 Mpa,0.0456 Mpa,0.0680 Mpa,0.0500 Mpa,0.221 Mpa,0.584 Mpa,0.124 Mpa,,2.00%,5.72%,4.81%,6.98%,4.22%,2.95%,6.04%,18.3%,3.95%,
2026-06-23 15:00:00,0.201 Mpa,0.264 Mpa,0.00305 Mpa,0.0912 Mpa,0.0857 Mpa,0.268 Mpa,0.331 Mpa,0.0926 Mpa,0.109 Mpa,,7.57%,8.48%,3.61%,8.53%,5.38%,9.52%,9.05%,4.23%,3.54%,
2026-06-23 17:00:00,0.132 Mpa,0.0426 Mpa,0.168 Mpa,0.0669 Mpa,0.0793 Mpa,1.10 Mpa,0.121 Mpa,0.471 Mpa,0.313 Mpa,,5.35%,1.46%,7.28%,7.39%,4.42%,35.6%,3.26%,14.5%,10.4%,
2026-06-23 19:00:00,1.10 Mpa,0.101 Mpa,0.214 Mpa,0.0196 Mpa,0.0679 Mpa,0.247 Mpa,0.0253 Mpa,0.374 Mpa,0.0325 Mpa,,32.6%,3.40%,8.71%,5.87%,3.80%,27.4%,0.681%,12.6%,1.18%,
2026-06-23 21:00:00,0.0518 Mpa,0.104 Mpa,0.115 Mpa,0.335 Mpa,0.0790 Mpa,0.160 Mpa,0.0784 Mpa,0.136 Mpa,0.0356 Mpa,,3.78%,3.61%,5.79%,14.4%,4.61%,8.77%,2.28%,5.22%,1.32%,
2026-06-23 23:00:00,0.205 Mpa,0.142 Mpa,0.124 Mpa,0.285 Mpa,0.103 Mpa,0.195 Mpa,0.141 Mpa,0.580 Mpa,0.0773 Mpa,,8.57%,4.74%,6.62%,13.3%,5.31%,10.9%,3.79%,17.9%,3.20%,
2026-06-24 01:00:00,0.443 Mpa,0.0751 Mpa,0.140 Mpa,0.0910 Mpa,0.0660 Mpa,0.409 Mpa,0.0157 Mpa,0.0458 Mpa,0.146 Mpa,,16.0%,9.92%,6.94%,8.05%,4.14%,18.7%,0.509%,2.61%,4.91%,
2026-06-24 03:00:00,0.189 Mpa,0.0195 Mpa,0.0176 Mpa,0.0333 Mpa,0.264 Mpa,0.0500 Mpa,0.275 Mpa,0.0666 Mpa,0.332 Mpa,,9.64%,0.655%,3.02%,6.02%,11.0%,12.2%,12.4%,4.31%,10.4%,
2026-06-24 05:00:00,0.433 Mpa,0.279 Mpa,0.153 Mpa,0.0455 Mpa,0.189 Mpa,0.0875 Mpa,0.0522 Mpa,0.0736 Mpa,0.352 Mpa,,13.8%,9.14%,7.90%,5.90%,7.86%,3.31%,2.38%,5.15%,11.1%,
2026-06-24 07:00:00,0.487 Mpa,0.111 Mpa,0.127 Mpa,0.748 Mpa,0.391 Mpa,0.136 Mpa,0.199 Mpa,0.0476 Mpa,0.0965 Mpa,,16.0%,3.64%,5.94%,25.5%,15.3%,5.67%,5.37%,2.56%,3.33%,
2026-06-24 09:00:00,0.228 Mpa,0.426 Mpa,0.0324 Mpa,0.764 Mpa,0.100 Mpa,0.136 Mpa,0.0863 Mpa,0.173 Mpa,0.0863 Mpa,,7.88%,12.8%,4.87%,26.1%,5.32%,4.94%,2.29%,6.49%,3.32%,
2026-06-24 11:00:00,0.271 Mpa,0.122 Mpa,0.0278 Mpa,0.226 Mpa,0.179 Mpa,0.0154 Mpa,0.0619 Mpa,0.0515 Mpa,0.327 Mpa,,9.76%,3.97%,4.19%,12.3%,7.87%,2.70%,1.71%,3.02%,10.8%,
2026-06-24 13:00:00,0.818 Mpa,0.0781 Mpa,0.0526 Mpa,0.168 Mpa,0.196 Mpa,0.0721 Mpa,0.143 Mpa,1.10 Mpa,0.0459 Mpa,,24.7%,2.78%,3.80%,10.4%,8.94%,3.44%,4.21%,34.1%,1.48%,
2026-06-24 15:00:00,0.127 Mpa,0.0485 Mpa,0.0168 Mpa,0.177 Mpa,0.0859 Mpa,0.0543 Mpa,0.178 Mpa,0.0522 Mpa,0.230 Mpa,,5.76%,1.75%,3.68%,10.5%,5.11%,11.6%,4.87%,2.91%,8.07%,
2026-06-24 17:00:00,0.0964 Mpa,0.177 Mpa,0.141 Mpa,0.181 Mpa,0.175 Mpa,0.0310 Mpa,0.170 Mpa,0.716 Mpa,0.0521 Mpa,,4.32%,6.25%,7.47%,10.9%,9.45%,2.16%,4.66%,22.3%,1.92%,
2026-06-24 19:00:00,0.0975 Mpa,0.0981 Mpa,0.0660 Mpa,0.0387 Mpa,0.0359 Mpa,0.160 Mpa,0.138 Mpa,0.0399 Mpa,0.0148 Mpa,,6.62%,3.14%,3.88%,6.98%,41.7%,12.2%,3.89%,2.47%,1.58%,
2026-06-24 21:00:00,0.0759 Mpa,0.0782 Mpa,0.0403 Mpa,0.0630 Mpa,0.842 Mpa,0.0659 Mpa,0.142 Mpa,0.143 Mpa,0.0208 Mpa,,3.29%,2.98%,3.70%,7.48%,29.8%,3.26%,3.97%,5.53%,0.981%,
2026-06-24 23:00:00,0.0992 Mpa,0.274 Mpa,0.146 Mpa,0.0511 Mpa,0.113 Mpa,0.0731 Mpa,0.121 Mpa,0.0763 Mpa,0.446 Mpa,,4.26%,9.14%,6.04%,6.75%,5.52%,5.13%,3.34%,3.92%,14.9%,
2026-06-25 01:00:00,0.0569 Mpa,0.0984 Mpa,0.0474 Mpa,0.146 Mpa,0.143 Mpa,0.0740 Mpa,0.0711 Mpa,0.222 Mpa,0.0710 Mpa,,3.77%,3.43%,3.23%,12.0%,7.17%,6.52%,2.00%,8.75%,2.33%,
2026-06-25 03:00:00,0.143 Mpa,0.0492 Mpa,0.0281 Mpa,0.0244 Mpa,0.616 Mpa,0.0700 Mpa,0.285 Mpa,,0.0864 Mpa,,5.49%,1.90%,2.97%,6.28%,22.0%,13.0%,7.93%,,3.14%,
2026-06-25 05:00:00,0.120 Mpa,0.186 Mpa,0.0230 Mpa,0.0288 Mpa,0.0730 Mpa,0.0703 Mpa,0.260 Mpa,0.178 Mpa,0.0657 Mpa,,5.32%,5.90%,4.70%,6.13%,4.23%,2.83%,7.24%,6.46%,3.65%,
2026-06-25 07:00:00,0.0123 Mpa,0.0667 Mpa,0 Mpa,0.0719 Mpa,0.0883 Mpa,0.0617 Mpa,0.139 Mpa,0.0787 Mpa,0.172 Mpa,,2.53%,2.15%,1.67%,7.59%,5.17%,2.11%,3.87%,4.21%,5.41%,
2026-06-25 09:00:00,0.212 Mpa,0.0284 Mpa,0 Mpa,0.239 Mpa,0.0852 Mpa,0.315 Mpa,0.0987 Mpa,0.223 Mpa,0.0511 Mpa,,8.38%,1.00%,1.49%,16.7%,4.74%,10.6%,2.67%,9.01%,1.76%,
2026-06-25 11:00:00,0.224 Mpa,0.158 Mpa,0.732 Mpa,0.0188 Mpa,0.0506 Mpa,0.210 Mpa,0.0557 Mpa,0.0438 Mpa,0.143 Mpa,,8.78%,5.25%,21.9%,6.30%,3.75%,7.10%,1.66%,2.90%,4.74%,
2026-06-25 13:00:00,0.0856 Mpa,0.0566 Mpa,0.0216 Mpa,0.0775 Mpa,0.0804 Mpa,1.09 Mpa,0.803 Mpa,0.362 Mpa,0.122 Mpa,,4.97%,1.81%,3.69%,8.41%,4.53%,33.9%,22.1%,12.9%,4.76%,
2026-06-25 15:00:00,0.0823 Mpa,0.0646 Mpa,0.0327 Mpa,0.0520 Mpa,0.0476 Mpa,0.634 Mpa,0.443 Mpa,0 Mpa,0.0790 Mpa,,9.75%,2.21%,3.38%,7.57%,3.10%,21.8%,12.4%,3.06%,3.26%,
2026-06-25 17:00:00,0.0541 Mpa,0.122 Mpa,0.0894 Mpa,0.0327 Mpa,0.105 Mpa,0.638 Mpa,0.215 Mpa,0.0951 Mpa,0.156 Mpa,,6.03%,4.05%,5.30%,7.00%,4.94%,20.5%,6.08%,4.37%,4.96%,
2026-06-25 19:00:00,0.183 Mpa,0.0869 Mpa,0.0163 Mpa,0.0676 Mpa,0.118 Mpa,0.400 Mpa,0.380 Mpa,0.193 Mpa,0.0933 Mpa,,7.55%,2.93%,3.06%,7.94%,5.15%,12.9%,10.5%,7.15%,3.26%,
2026-06-25 21:00:00,0.139 Mpa,0.0895 Mpa,0.0527 Mpa,0.191 Mpa,0.555 Mpa,0.337 Mpa,0.566 Mpa,0.0806 Mpa,0.0811 Mpa,,6.18%,2.86%,3.88%,10.4%,20.7%,11.3%,17.0%,3.74%,2.52%,
2026-06-25 23:00:00,0.187 Mpa,0.458 Mpa,0.124 Mpa,0.141 Mpa,0.00177 Mpa,0.0279 Mpa,0.754 Mpa,0.247 Mpa,0.0754 Mpa,,7.52%,15.1%,4.41%,9.27%,1.45%,1.80%,20.7%,8.82%,2.64%,
2026-06-26 01:00:00,0.181 Mpa,0.198 Mpa,0.0698 Mpa,0.117 Mpa,0.00566 Mpa,0.598 Mpa,0.0959 Mpa,0.224 Mpa,0.0767 Mpa,,7.23%,18.7%,4.07%,9.31%,3.45%,18.8%,12.0%,8.51%,4.10%,
2026-06-26 03:00:00,0.233 Mpa,0.101 Mpa,0.0578 Mpa,0.0636 Mpa,0.0726 Mpa,0.133 Mpa,0.132 Mpa,0.0726 Mpa,0.0608 Mpa,,9.11%,3.72%,4.65%,7.72%,4.53%,5.01%,3.64%,3.40%,2.19%,
2026-06-26 05:00:00,0.196 Mpa,0.131 Mpa,0.0953 Mpa,0.120 Mpa,0.135 Mpa,0.347 Mpa,0.166 Mpa,0.0788 Mpa,0.267 Mpa,,8.11%,4.49%,3.68%,9.29%,6.78%,14.2%,4.59%,3.73%,8.35%,
2026-06-26 07:00:00,0.196 Mpa,0.102 Mpa,0.00730 Mpa,0.337 Mpa,0.176 Mpa,0.131 Mpa,0.128 Mpa,0.0828 Mpa,0.0830 Mpa,,7.74%,3.27%,1.92%,14.9%,8.27%,4.70%,3.49%,4.19%,2.61%,
2026-06-26 09:00:00,0.118 Mpa,,0.0859 Mpa,0.234 Mpa,0.115 Mpa,0.462 Mpa,0.207 Mpa,0.0509 Mpa,0.189 Mpa,,5.22%,,3.68%,12.2%,5.96%,14.7%,5.70%,3.28%,5.98%,
2026-06-26 11:00:00,0.295 Mpa,,0.160 Mpa,0.0452 Mpa,0.154 Mpa,0.113 Mpa,1.19 Mpa,0.0553 Mpa,0.128 Mpa,,12.7%,,10.0%,6.34%,7.34%,4.05%,32.6%,3.77%,4.39%,
2026-06-26 13:00:00,0.0554 Mpa,,0.169 Mpa,0.00157 Mpa,0.299 Mpa,0.336 Mpa,0.0616 Mpa,0.150 Mpa,0.0714 Mpa,,3.43%,,6.03%,6.02%,12.3%,11.3%,1.76%,5.70%,2.75%,
2026-06-26 15:00:00,0.143 Mpa,,0.127 Mpa,0.0837 Mpa,0.0766 Mpa,0.123 Mpa,0.125 Mpa,0.0934 Mpa,0.362 Mpa,,6.12%,,5.21%,7.48%,4.76%,4.72%,3.43%,3.90%,11.9%,
2026-06-26 17:00:00,0.0619 Mpa,0.0666 Mpa,0.0663 Mpa,0.0656 Mpa,0.0941 Mpa,0.332 Mpa,0.162 Mpa,0.104 Mpa,0.209 Mpa,,3.84%,2.25%,4.18%,7.23%,5.30%,10.9%,4.55%,4.45%,6.64%,
2026-06-26 19:00:00,0.0952 Mpa,0.0884 Mpa,0.0236 Mpa,0.136 Mpa,0.688 Mpa,0.257 Mpa,0.0574 Mpa,0.0457 Mpa,0.118 Mpa,,5.09%,2.83%,1.31%,9.58%,25.4%,8.62%,1.58%,2.86%,3.67%,
2026-06-26 21:00:00,0.0818 Mpa,0.0415 Mpa,0.0552 Mpa,0.0852 Mpa,0.303 Mpa,0.0502 Mpa,0.265 Mpa,0.167 Mpa,0.0454 Mpa,,4.57%,16.7%,2.27%,8.46%,11.7%,1.64%,7.37%,6.72%,1.79%,
2026-06-26 23:00:00,0.0270 Mpa,0.0777 Mpa,0.0668 Mpa,0.131 Mpa,0.618 Mpa,0.0368 Mpa,0.266 Mpa,0.00898 Mpa,0.287 Mpa,,2.51%,2.69%,3.49%,9.66%,22.6%,4.20%,8.97%,2.13%,8.96%,
2026-06-27 01:00:00,1.17 Mpa,0.140 Mpa,,0.101 Mpa,,0.289 Mpa,0.307 Mpa,0.00895 Mpa,0.586 Mpa,,34.3%,4.39%,,8.52%,,11.3%,8.49%,5.59%,18.0%,
2026-06-27 03:00:00,0.0586 Mpa,0.0839 Mpa,0.00163 Mpa,0.0147 Mpa,0.203 Mpa,0.0545 Mpa,0.372 Mpa,0.0144 Mpa,0.153 Mpa,,4.18%,2.45%,2.03%,6.41%,8.55%,2.44%,10.3%,1.65%,5.39%,
2026-06-27 05:00:00,0.0776 Mpa,0.238 Mpa,0.110 Mpa,0.124 Mpa,0.138 Mpa,0.0852 Mpa,0.217 Mpa,0.0755 Mpa,0.162 Mpa,,3.89%,7.22%,4.20%,9.10%,5.88%,3.65%,6.11%,3.63%,5.87%,
2026-06-27 07:00:00,0.0918 Mpa,0.0645 Mpa,0.0519 Mpa,0.116 Mpa,0.124 Mpa,0.295 Mpa,0.298 Mpa,0.316 Mpa,0.174 Mpa,,4.42%,1.96%,3.54%,8.98%,5.84%,10.3%,8.54%,11.0%,6.17%,
2026-06-27 09:00:00,0.108 Mpa,0.0225 Mpa,0.00412 Mpa,0.223 Mpa,0.131 Mpa,0.214 Mpa,0.403 Mpa,0.00523 Mpa,0.0744 Mpa,,4.95%,0.698%,1.54%,11.9%,5.89%,7.39%,11.7%,1.26%,4.35%,
2026-06-27 11:00:00,0.0976 Mpa,0.0274 Mpa,0.174 Mpa,0.0715 Mpa,0.540 Mpa,0.648 Mpa,0.440 Mpa,0.0430 Mpa,0.0445 Mpa,,4.54%,0.838%,7.49%,7.74%,20.5%,20.9%,12.0%,2.76%,3.49%,
2026-06-27 13:00:00,0.162 Mpa,0.228 Mpa,0.00934 Mpa,0.219 Mpa,0.231 Mpa,0.245 Mpa,0.402 Mpa,0.0706 Mpa,0.105 Mpa,,6.85%,7.52%,1.02%,11.9%,9.72%,8.04%,10.9%,3.70%,3.96%,
2026-06-27 15:00:00,0.0864 Mpa,0.208 Mpa,0.211 Mpa,2.21 Mpa,0.0738 Mpa,0.205 Mpa,0.220 Mpa,0.704 Mpa,0.132 Mpa,,4.50%,6.42%,8.61%,66.2%,4.30%,7.40%,6.06%,22.5%,4.41%,
2026-06-27 17:00:00,0.108 Mpa,0.341 Mpa,0.00336 Mpa,,0.0986 Mpa,0.107 Mpa,0.0427 Mpa,0.451 Mpa,0.182 Mpa,,4.84%,9.52%,3.24%,,5.39%,4.36%,1.16%,14.6%,6.11%,
2026-06-27 19:00:00,0.104 Mpa,,0.00703 Mpa,,0.0398 Mpa,0.231 Mpa,0.0723 Mpa,0.154 Mpa,0.0506 Mpa,,4.82%,,0.766%,,3.35%,7.49%,1.99%,5.68%,1.70%,
2026-06-27 21:00:00,0.103 Mpa,0.0857 Mpa,0.308 Mpa,,0.0468 Mpa,0.0607 Mpa,0.469 Mpa,0.0472 Mpa,0.0294 Mpa,,5.05%,2.53%,11.2%,,3.48%,2.04%,12.9%,2.91%,1.02%,
2026-06-27 23:00:00,0.144 Mpa,0.141 Mpa,0.357 Mpa,0.00896 Mpa,0.0510 Mpa,0.118 Mpa,0.0987 Mpa,0.144 Mpa,0.365 Mpa,,5.91%,4.20%,13.1%,6.14%,3.51%,3.64%,2.70%,5.82%,11.3%,
2026-06-28 01:00:00,0.0890 Mpa,0.0168 Mpa,0.00694 Mpa,,0.0976 Mpa,0.214 Mpa,0.313 Mpa,0.192 Mpa,0.0842 Mpa,,4.42%,0.718%,2.63%,,5.22%,6.51%,8.68%,7.24%,3.98%,
2026-06-28 03:00:00,0.0437 Mpa,0.195 Mpa,0.00413 Mpa,,0.0440 Mpa,0.210 Mpa,0.517 Mpa,0.856 Mpa,0.146 Mpa,,3.16%,6.10%,1.91%,,2.57%,6.55%,14.4%,26.7%,5.96%,
2026-06-28 05:00:00,0.126 Mpa,0.611 Mpa,0.0355 Mpa,,0.161 Mpa,0.112 Mpa,0.0478 Mpa,0.116 Mpa,0.193 Mpa,,5.49%,18.6%,3.50%,,7.22%,3.87%,1.28%,4.66%,8.16%,
2026-06-28 07:00:00,0.187 Mpa,0.792 Mpa,0.153 Mpa,,0.316 Mpa,0.113 Mpa,0.104 Mpa,0.0279 Mpa,0.313 Mpa,,7.38%,23.5%,7.33%,,12.0%,4.02%,2.78%,1.95%,10.9%,
2026-06-28 09:00:00,0.0848 Mpa,0.243 Mpa,0.0343 Mpa,,0.176 Mpa,0.339 Mpa,0.429 Mpa,0.272 Mpa,0.0746 Mpa,,4.34%,7.30%,3.63%,,7.72%,10.8%,11.7%,10.1%,6.85%,
2026-06-28 11:00:00,0.0989 Mpa,0.141 Mpa,0.169 Mpa,,0.0566 Mpa,0.265 Mpa,0.0511 Mpa,0.307 Mpa,0.0318 Mpa,,4.63%,4.61%,8.26%,,3.21%,9.02%,1.34%,11.1%,2.30%,
2026-06-28 13:00:00,0.0319 Mpa,0.0610 Mpa,0.0925 Mpa,,0.107 Mpa,0.0721 Mpa,0.134 Mpa,0.239 Mpa,0.0544 Mpa,,2.24%,1.94%,4.87%,,5.09%,3.15%,3.86%,8.74%,2.31%,
2026-06-28 15:00:00,0.117 Mpa,0.509 Mpa,0.0738 Mpa,,0.0506 Mpa,0.110 Mpa,0.442 Mpa,0.932 Mpa,0.0433 Mpa,,4.97%,15.4%,4.54%,,3.91%,4.53%,12.5%,28.8%,1.87%,
2026-06-28 17:00:00,0.543 Mpa,0.170 Mpa,0.0644 Mpa,,0.0808 Mpa,0.110 Mpa,0.283 Mpa,0.211 Mpa,0.0854 Mpa,,17.5%,5.54%,4.85%,,4.65%,4.60%,7.80%,7.73%,3.30%,
2026-06-28 19:00:00,0.106 Mpa,0.269 Mpa,0.0317 Mpa,,0.243 Mpa,0.0668 Mpa,0.0265 Mpa,0.406 Mpa,0.0824 Mpa,,4.55%,8.89%,3.16%,,10.3%,2.80%,0.673%,13.2%,2.57%,
2026-06-28 21:00:00,0.360 Mpa,0.264 Mpa,0.0394 Mpa,,0.119 Mpa,0.299 Mpa,0.206 Mpa,0.504 Mpa,0.0371 Mpa,,12.0%,8.79%,2.41%,,5.96%,9.50%,5.61%,16.0%,1.31%,
2026-06-28 23:00:00,0.204 Mpa,0.0252 Mpa,0.0336 Mpa,,0.186 Mpa,0.156 Mpa,0.227 Mpa,0.119 Mpa,0.0124 Mpa,,8.20%,0.789%,2.90%,,8.69%,5.27%,6.18%,4.71%,0.547%,
2026-06-29 01:00:00,0.269 Mpa,0.256 Mpa,0.160 Mpa,0.168 Mpa,0.265 Mpa,0.217 Mpa,0.153 Mpa,0.174 Mpa,0.161 Mpa,,10.4%,7.73%,6.22%,10.4%,10.7%,7.63%,4.28%,6.46%,5.59%,
2026-06-29 03:00:00,0.837 Mpa,0.259 Mpa,0.182 Mpa,1.70 Mpa,0.0834 Mpa,0.0936 Mpa,0.0311 Mpa,0.238 Mpa,0.0440 Mpa,,2.48%,8.30%,7.49%,52.2%,4.61%,3.35%,0.822%,8.69%,2.35%,
2026-06-29 05:00:00,6.10 Mpa,0.0876 Mpa,0.0541 Mpa,0.145 Mpa,0.0481 Mpa,0.244 Mpa,0.0705 Mpa,0.696 Mpa,0.146 Mpa,,10.9%,2.78%,3.02%,10.3%,3.38%,8.05%,1.87%,23.7%,5.19%,
2026-06-29 07:00:00,6.10 Mpa,0.204 Mpa,0.108 Mpa,0.0758 Mpa,0.0225 Mpa,0.205 Mpa,0.0679 Mpa,0.200 Mpa,0.280 Mpa,,6.69%,6.23%,5.35%,8.28%,2.03%,4.79%,1.77%,8.55%,9.92%,
2026-06-29 09:00:00,6.10 Mpa,0.0773 Mpa,0.00144 Mpa,0.0479 Mpa,0.130 Mpa,0.340 Mpa,0.0933 Mpa,0.443 Mpa,0.0707 Mpa,,22.1%,2.27%,1.53%,7.70%,6.41%,10.3%,2.49%,16.0%,2.51%,
2026-06-29 11:00:00,6.10 Mpa,0.610 Mpa,0.152 Mpa,0.115 Mpa,0.110 Mpa,0.189 Mpa,0.00603 Mpa,0.224 Mpa,0.0781 Mpa,,23.3%,18.4%,6.71%,9.20%,5.81%,6.49%,0.156%,9.25%,2.99%,
2026-06-29 13:00:00,1.60 Mpa,0.0770 Mpa,0.0977 Mpa,0.0401 Mpa,1.57 Mpa,0 Mpa,0.347 Mpa,0.165 Mpa,0.167 Mpa,,21.6%,2.38%,5.31%,7.07%,56.4%,1.55%,10.2%,6.58%,5.69%,
2026-06-29 15:00:00,0.0121 Mpa,0.177 Mpa,0.117 Mpa,0.00944 Mpa,0.982 Mpa,0.136 Mpa,0.373 Mpa,0.352 Mpa,0.117 Mpa,,2.19%,5.45%,4.91%,6.16%,36.2%,5.44%,10.8%,11.6%,12.4%,
2026-06-29 17:00:00,0.159 Mpa,0.131 Mpa,0.334 Mpa,0.0860 Mpa,0.0381 Mpa,0.258 Mpa,0.219 Mpa,0.438 Mpa,0.318 Mpa,,7.44%,4.06%,13.0%,8.23%,2.91%,9.23%,6.13%,14.3%,10.0%,
2026-06-29 19:00:00,0.147 Mpa,0.0935 Mpa,0.0990 Mpa,0.0221 Mpa,0.814 Mpa,0.107 Mpa,0.238 Mpa,0.114 Mpa,0.273 Mpa,,7.05%,3.16%,4.38%,21.2%,30.6%,4.08%,6.71%,4.79%,8.61%,
2026-06-29 21:00:00,0.187 Mpa,0.175 Mpa,0.0773 Mpa,0.0000569 Mpa,0.520 Mpa,0.0709 Mpa,0.251 Mpa,0.0544 Mpa,0.0756 Mpa,,7.13%,5.64%,2.58%,35.5%,20.3%,2.60%,6.98%,3.86%,2.99%,
2026-06-29 23:00:00,0.627 Mpa,0.0335 Mpa,0.120 Mpa,0.116 Mpa,0.494 Mpa,0.133 Mpa,0.118 Mpa,0.0809 Mpa,0.0879 Mpa,,20.0%,1.15%,5.00%,8.99%,19.9%,4.59%,3.17%,3.26%,3.48%,
2026-06-30 01:00:00,0.0178 Mpa,0.0396 Mpa,0.0911 Mpa,0.193 Mpa,0.755 Mpa,1.48 Mpa,0.161 Mpa,0.0720 Mpa,0.284 Mpa,,2.44%,1.38%,3.45%,11.1%,29.0%,44.8%,4.39%,3.48%,9.90%,
2026-06-30 03:00:00,0.193 Mpa,0.668 Mpa,0.148 Mpa,0.132 Mpa,0.282 Mpa,,0.437 Mpa,0.0235 Mpa,0.0791 Mpa,,7.47%,20.8%,4.82%,9.39%,11.3%,,12.0%,2.26%,3.50%,
2026-06-30 05:00:00,0.233 Mpa,0.0986 Mpa,0.115 Mpa,0.178 Mpa,0.187 Mpa,,0.0831 Mpa,0.324 Mpa,0.00160 Mpa,,8.49%,3.04%,5.44%,10.4%,14.6%,,2.28%,10.8%,0.555%,
2026-06-30 07:00:00,0.165 Mpa,0.330 Mpa,0.0174 Mpa,0.0897 Mpa,0.450 Mpa,0.802 Mpa,0.172 Mpa,0.426 Mpa,0.234 Mpa,,6.42%,10.6%,1.76%,8.05%,18.0%,24.4%,4.63%,13.8%,7.34%,
2026-06-30 09:00:00,0.109 Mpa,0 Mpa,0.198 Mpa,0.0645 Mpa,0.0424 Mpa,0.0341 Mpa,0.0659 Mpa,0.0918 Mpa,0.0923 Mpa,,4.39%,0.00435%,8.33%,7.68%,12.5%,2.34%,1.83%,6.47%,4.22%,
2026-06-30 11:00:00,0.0181 Mpa,0.249 Mpa,0.0358 Mpa,0.0340 Mpa,0.130 Mpa,,0.0416 Mpa,0.311 Mpa,0.0529 Mpa,,1.89%,7.86%,2.41%,6.66%,6.46%,,1.09%,10.5%,2.87%,
2026-06-30 13:00:00,0.127 Mpa,0.882 Mpa,0.0331 Mpa,0.254 Mpa,0.387 Mpa,,0.312 Mpa,0.342 Mpa,0.645 Mpa,,5.26%,27.9%,2.46%,12.4%,15.6%,,8.54%,13.3%,20.6%,
2026-06-30 15:00:00,0.0361 Mpa,0.144 Mpa,0.0401 Mpa,0.0435 Mpa,0.0301 Mpa,,0.0236 Mpa,0.330 Mpa,0.0388 Mpa,,6.96%,4.70%,4.26%,6.55%,3.29%,,0.598%,11.3%,2.12%,
2026-06-30 17:00:00,0.145 Mpa,0.132 Mpa,0.0228 Mpa,0.0315 Mpa,0.0564 Mpa,,0.0532 Mpa,0.296 Mpa,0.138 Mpa,,5.71%,4.36%,4.58%,6.45%,3.61%,,1.52%,10.8%,4.53%,
2026-06-30 19:00:00,0.0217 Mpa,0.287 Mpa,0.0202 Mpa,0.174 Mpa,1.17 Mpa,,0.177 Mpa,0.156 Mpa,0.0557 Mpa,,2.76%,9.12%,3.30%,10.5%,36.5%,,5.01%,7.74%,2.65%,
2026-06-30 21:00:00,0.332 Mpa,0.0438 Mpa,0.00882 Mpa,0.0375 Mpa,0.833 Mpa,,0.222 Mpa,,0.109 Mpa,,18.2%,1.38%,2.44%,6.49%,29.6%,,6.27%,,3.51%,
2026-06-30 23:00:00,0.267 Mpa,0.177 Mpa,0.0476 Mpa,0.139 Mpa,0.362 Mpa,,0.190 Mpa,0.180 Mpa,0.196 Mpa,,9.77%,5.58%,4.71%,9.73%,13.9%,,5.37%,7.54%,6.15%,
2026-07-01 01:00:00,0.586 Mpa,0.387 Mpa,0.0318 Mpa,0.238 Mpa,0.275 Mpa,0 Mpa,0.177 Mpa,0.00192 Mpa,0.0746 Mpa,,18.4%,11.5%,6.09%,12.1%,10.2%,2.19%,5.82%,1.65%,4.19%,
2026-07-01 03:00:00,2.32 Mpa,0.509 Mpa,0.0305 Mpa,0.00906 Mpa,0.174 Mpa,0.0186 Mpa,0.591 Mpa,0.143 Mpa,0.0664 Mpa,,65.8%,14.8%,3.41%,5.51%,6.78%,2.44%,16.0%,9.65%,3.63%,
2026-07-01 05:00:00,0.774 Mpa,0.117 Mpa,0.00551 Mpa,0.0204 Mpa,0.739 Mpa,0.00614 Mpa,0.303 Mpa,0.801 Mpa,0.0566 Mpa,,23.1%,3.63%,1.91%,5.80%,26.1%,12.7%,8.27%,25.2%,3.40%,
2026-07-01 07:00:00,1.52 Mpa,0.423 Mpa,0.0193 Mpa,0.0125 Mpa,1.49 Mpa,1.34 Mpa,0.174 Mpa,0.00420 Mpa,0.0686 Mpa,,44.2%,13.3%,2.51%,5.10%,53.6%,42.2%,5.12%,1.76%,2.28%,
2026-07-01 09:00:00,0.273 Mpa,0.00430 Mpa,0.00264 Mpa,0.152 Mpa,0.0886 Mpa,0.752 Mpa,0.0294 Mpa,0.0932 Mpa,0.135 Mpa,,10.7%,0.249%,2.89%,9.70%,5.29%,33.5%,0.742%,3.93%,4.54%,
2026-07-01 11:00:00,0.125 Mpa,0.370 Mpa,0.0512 Mpa,0.0349 Mpa,0.233 Mpa,0.213 Mpa,0.197 Mpa,0.0653 Mpa,0.0170 Mpa,,4.92%,11.7%,5.05%,6.61%,10.4%,8.99%,5.40%,3.50%,4.46%,
2026-07-01 13:00:00,0.121 Mpa,,0.111 Mpa,0.0433 Mpa,0.282 Mpa,0.303 Mpa,0.412 Mpa,0.123 Mpa,0.186 Mpa,,4.92%,,5.86%,7.14%,11.7%,10.6%,11.3%,4.81%,7.63%,
2026-07-01 15:00:00,0.106 Mpa,0.0132 Mpa,0.121 Mpa,0.105 Mpa,0.121 Mpa,0.426 Mpa,0.221 Mpa,0.0707 Mpa,0.264 Mpa,,4.73%,0.288%,4.88%,8.77%,5.56%,16.7%,6.11%,3.73%,9.25%,
2026-07-01 17:00:00,0.0560 Mpa,,0.0889 Mpa,0.181 Mpa,0.0787 Mpa,1.97 Mpa,0.199 Mpa,0.164 Mpa,0.153 Mpa,,3.23%,,6.28%,11.0%,4.12%,61.5%,5.59%,6.70%,5.83%,
2026-07-01 19:00:00,0.0280 Mpa,,0.0286 Mpa,0.257 Mpa,0.0227 Mpa,1.31 Mpa,0.130 Mpa,0.0568 Mpa,0.0191 Mpa,,2.69%,,14.2%,12.9%,1.69%,46.8%,3.58%,2.71%,1.72%,
2026-07-01 21:00:00,0.187 Mpa,,0.104 Mpa,0.0469 Mpa,0.124 Mpa,0.329 Mpa,0.0902 Mpa,0.306 Mpa,0.0631 Mpa,,8.75%,,5.69%,6.94%,5.62%,10.5%,2.56%,10.3%,3.26%,
2026-07-01 23:00:00,0.165 Mpa,,0.0803 Mpa,0.0428 Mpa,0.177 Mpa,0.501 Mpa,0.342 Mpa,0.623 Mpa,0.251 Mpa,,7.26%,,4.59%,6.81%,7.45%,15.9%,9.40%,19.8%,9.52%,
2026-07-02 01:00:00,0.0488 Mpa,,0.0527 Mpa,0.356 Mpa,0.324 Mpa,0.397 Mpa,0.506 Mpa,0.433 Mpa,0.0424 Mpa,,3.15%,,2.98%,15.5%,13.0%,14.5%,14.0%,14.4%,3.07%,
2026-07-02 03:00:00,0.0698 Mpa,,0.0209 Mpa,0.0639 Mpa,0.0309 Mpa,0.794 Mpa,0.736 Mpa,0.884 Mpa,0.0413 Mpa,,3.67%,,2.38%,7.39%,2.46%,25.0%,20.3%,27.0%,2.67%,
2026-07-02 05:00:00,0.107 Mpa,,0.123 Mpa,0.0805 Mpa,0.0659 Mpa,0.665 Mpa,0.0806 Mpa,0.0195 Mpa,0.0765 Mpa,,5.60%,,6.07%,7.90%,3.70%,20.9%,2.17%,1.96%,2.60%,
2026-07-02 07:00:00,0.106 Mpa,,0.0988 Mpa,0.0758 Mpa,0.106 Mpa,0.969 Mpa,0.0590 Mpa,0.0732 Mpa,0.190 Mpa,,5.22%,,5.25%,7.99%,5.25%,30.2%,1.60%,3.66%,6.09%,
2026-07-02 09:00:00,0.0385 Mpa,,0.0814 Mpa,0.0648 Mpa,0.0752 Mpa,0.308 Mpa,0.0393 Mpa,0.133 Mpa,0.0148 Mpa,,2.80%,,4.33%,8.01%,4.54%,11.2%,1.02%,5.59%,0.789%,
2026-07-02 11:00:00,0.0442 Mpa,0 Mpa,0.0213 Mpa,0.0802 Mpa,0.0327 Mpa,1.04 Mpa,0.0227 Mpa,0.0500 Mpa,0.0289 Mpa,,3.28%,1.60%,3.24%,8.19%,3.17%,35.2%,0.580%,3.33%,1.17%,
2026-07-02 13:00:00,0.0655 Mpa,0.195 Mpa,0.0558 Mpa,0.344 Mpa,0.144 Mpa,0.0661 Mpa,0.106 Mpa,0.0757 Mpa,0.0832 Mpa,0 Mpa,3.60%,6.25%,2.86%,15.0%,6.83%,4.95%,2.85%,3.34%,3.26%,3.87%
2026-07-02 15:00:00,0.542 Mpa,0.508 Mpa,0.369 Mpa,0.0603 Mpa,0.108 Mpa,0.328 Mpa,0.0375 Mpa,1.000 Mpa,0.223 Mpa,0.0464 Mpa,18.1%,15.8%,13.6%,7.72%,5.64%,13.1%,1.29%,30.6%,6.98%,8.95%
2026-07-02 17:00:00,0.348 Mpa,0.174 Mpa,0.0497 Mpa,0.191 Mpa,0.0975 Mpa,0.524 Mpa,0.182 Mpa,,0.179 Mpa,0.181 Mpa,12.4%,5.63%,3.40%,11.2%,5.43%,17.3%,5.17%,,5.68%,8.83%
2026-07-02 19:00:00,0.889 Mpa,0.983 Mpa,0.0176 Mpa,0.216 Mpa,0.223 Mpa,0.495 Mpa,0.281 Mpa,,,,26.4%,30.7%,1.78%,11.6%,9.61%,15.6%,7.77%,,,
2026-07-02 21:00:00,0.0930 Mpa,0.327 Mpa,0.0813 Mpa,0.0340 Mpa,0.0631 Mpa,0.0940 Mpa,0.0595 Mpa,,,0.00364 Mpa,4.78%,10.9%,3.69%,6.49%,3.59%,6.05%,1.65%,,,4.61%
2026-07-02 23:00:00,0.0135 Mpa,0.412 Mpa,0.535 Mpa,0.141 Mpa,0.135 Mpa,0.0620 Mpa,0.217 Mpa,,0.151 Mpa,0 Mpa,2.27%,13.7%,18.6%,9.56%,6.52%,2.58%,5.89%,,5.07%,3.53%
2026-07-03 01:00:00,0.554 Mpa,0.195 Mpa,0.179 Mpa,0.0491 Mpa,0.236 Mpa,0.233 Mpa,0.220 Mpa,,0.107 Mpa,,17.1%,6.28%,6.39%,7.00%,10.2%,7.82%,6.44%,,4.49%,
2026-07-03 03:00:00,1.85 Mpa,0.327 Mpa,0.0398 Mpa,0.109 Mpa,0.355 Mpa,0.205 Mpa,0.189 Mpa,,0.0257 Mpa,,51.6%,10.3%,2.22%,7.89%,14.2%,6.40%,5.28%,,1.64%,
2026-07-03 05:00:00,,0.721 Mpa,0.148 Mpa,0.0833 Mpa,0.213 Mpa,0.144 Mpa,0.0750 Mpa,,0.0992 Mpa,,,21.6%,6.11%,8.09%,8.88%,4.50%,2.10%,,3.73%,
2026-07-03 07:00:00,,0.0995 Mpa,0.0819 Mpa,1.12 Mpa,0.252 Mpa,0.0787 Mpa,0.0499 Mpa,,0.0747 Mpa,0.188 Mpa,,7.82%,3.05%,35.8%,10.7%,5.46%,1.31%,,3.24%,9.33%
2026-07-03 09:00:00,0 Mpa,0.0803 Mpa,0.203 Mpa,0.413 Mpa,0.0690 Mpa,0.0767 Mpa,0.0674 Mpa,,0.105 Mpa,0 Mpa,1.20%,2.62%,5.87%,17.0%,4.28%,7.29%,1.82%,,4.23%,4.41%
2026-07-03 11:00:00,,0.0386 Mpa,0.0393 Mpa,0.0697 Mpa,0.270 Mpa,0.175 Mpa,0.0741 Mpa,,0.0739 Mpa,0 Mpa,,1.28%,2.47%,7.96%,10.5%,16.6%,2.01%,,2.89%,5.60%
2026-07-03 13:00:00,,0.168 Mpa,0.00459 Mpa,0.0755 Mpa,0.0898 Mpa,0.0786 Mpa,0.0128 Mpa,0 Mpa,0.142 Mpa,0.133 Mpa,,6.35%,3.11%,8.26%,4.66%,3.50%,0.334%,1.20%,5.37%,8.95%
2026-07-03 15:00:00,0.0000997 Mpa,0.0927 Mpa,0.341 Mpa,0.0236 Mpa,0.250 Mpa,0.111 Mpa,0.182 Mpa,0.000494 Mpa,0.0394 Mpa,1.98 Mpa,1.28%,5.82%,12.2%,7.13%,9.87%,14.5%,4.89%,1.50%,1.74%,54.7%
2026-07-03 17:00:00,0.550 Mpa,0.0886 Mpa,0.0777 Mpa,0.167 Mpa,0.153 Mpa,0.109 Mpa,0.252 Mpa,0.886 Mpa,0.103 Mpa,,25.3%,2.89%,4.92%,10.3%,14.0%,4.28%,7.06%,25.8%,3.76%,
2026-07-03 19:00:00,0.285 Mpa,0.0753 Mpa,0.155 Mpa,0.00489 Mpa,0.0316 Mpa,0.101 Mpa,0.219 Mpa,0.534 Mpa,0.0353 Mpa,0.685 Mpa,9.08%,3.09%,6.91%,6.03%,6.81%,5.16%,5.98%,16.3%,1.29%,22.8%
2026-07-03 21:00:00,0.238 Mpa,0.0968 Mpa,0.401 Mpa,0.0473 Mpa,0.151 Mpa,0.0554 Mpa,0.216 Mpa,0.236 Mpa,0.218 Mpa,1.45 Mpa,7.78%,3.28%,14.3%,6.99%,7.00%,2.37%,6.09%,8.46%,6.92%,41.4%
2026-07-03 23:00:00,0.264 Mpa,0.0618 Mpa,0.0730 Mpa,0.169 Mpa,0.602 Mpa,0.127 Mpa,0.155 Mpa,0.554 Mpa,0 Mpa,1.25 Mpa,8.41%,2.66%,3.98%,9.93%,23.0%,17.5%,4.25%,19.8%,0%,36.2%
2026-07-04 01:00:00,0.924 Mpa,0.130 Mpa,0.0732 Mpa,0.0383 Mpa,0.475 Mpa,0.128 Mpa,0.274 Mpa,0.0980 Mpa,0.0769 Mpa,3.49 Mpa,38.3%,5.56%,3.92%,6.55%,18.2%,15.6%,7.53%,4.41%,2.39%,90.2%
2026-07-04 03:00:00,0.210 Mpa,0.0865 Mpa,0.0399 Mpa,1.06 Mpa,,0.105 Mpa,0.0779 Mpa,0.0698 Mpa,0.0629 Mpa,1.88 Mpa,7.85%,2.72%,2.66%,34.7%,,18.1%,2.18%,6.24%,2.85%,51.7%
2026-07-04 05:00:00,0.0542 Mpa,0.0638 Mpa,0.0852 Mpa,0.119 Mpa,,0.0370 Mpa,0.225 Mpa,0.117 Mpa,0.0582 Mpa,,3.66%,2.58%,4.78%,9.10%,,4.53%,6.26%,7.98%,2.33%,
2026-07-04 07:00:00,0.0748 Mpa,0.439 Mpa,0.0599 Mpa,0.249 Mpa,,0.356 Mpa,0.0765 Mpa,0.0350 Mpa,0.0956 Mpa,0.154 Mpa,4.05%,13.0%,2.17%,12.3%,,11.8%,1.95%,2.36%,3.27%,9.34%
2026-07-04 09:00:00,0.267 Mpa,,0.0684 Mpa,0.0467 Mpa,,0.418 Mpa,0.310 Mpa,0.0592 Mpa,0.101 Mpa,0.126 Mpa,9.54%,,4.72%,6.51%,,13.7%,8.97%,3.28%,3.63%,8.43%
2026-07-04 11:00:00,0.112 Mpa,,0.0488 Mpa,0.683 Mpa,0.195 Mpa,1.01 Mpa,0.0998 Mpa,0.0699 Mpa,0.0183 Mpa,0.000625 Mpa,5.24%,,2.40%,24.5%,6.53%,32.1%,2.81%,4.04%,1.63%,8.36%
2026-07-04 13:00:00,,,0.0308 Mpa,0.0820 Mpa,,0.0448 Mpa,0.0692 Mpa,0.0954 Mpa,,0 Mpa,,,2.72%,7.98%,,2.36%,3.11%,4.57%,,15.4%
2026-07-04 15:00:00,0.370 Mpa,,0.108 Mpa,0.167 Mpa,,0.217 Mpa,0.0829 Mpa,0.118 Mpa,,0.000113 Mpa,12.2%,,5.22%,10.3%,,7.67%,2.33%,5.10%,,23.2%
2026-07-04 17:00:00,0.356 Mpa,,0.0981 Mpa,0.113 Mpa,,0.0940 Mpa,0.0402 Mpa,0.0297 Mpa,0.0702 Mpa,0.0280 Mpa,12.1%,,5.11%,9.22%,,13.0%,1.11%,2.20%,4.15%,6.06%
2026-07-04 19:00:00,0.239 Mpa,,0.126 Mpa,0.0776 Mpa,,0.174 Mpa,0.176 Mpa,0.106 Mpa,0.570 Mpa,0.147 Mpa,8.69%,,4.64%,8.11%,,14.1%,4.98%,4.59%,16.8%,14.1%
2026-07-04 21:00:00,0.319 Mpa,,0.107 Mpa,0.132 Mpa,,0.255 Mpa,0.212 Mpa,0.134 Mpa,0.0338 Mpa,0.130 Mpa,10.8%,,4.83%,9.09%,,34.3%,5.97%,5.29%,3.04%,8.62%
2026-07-04 23:00:00,0.0745 Mpa,,0.161 Mpa,0.0637 Mpa,,0.0696 Mpa,0.251 Mpa,0.0896 Mpa,0.197 Mpa,0.0829 Mpa,3.80%,,6.53%,7.29%,,15.5%,6.99%,4.61%,6.59%,7.18%
2026-07-05 01:00:00,0.384 Mpa,,0.381 Mpa,0.0645 Mpa,,0.0435 Mpa,0.0408 Mpa,0.0397 Mpa,0.0875 Mpa,0.117 Mpa,12.9%,,12.5%,7.60%,,3.26%,1.18%,2.88%,3.16%,8.40%
2026-07-05 03:00:00,0.0630 Mpa,0.0557 Mpa,,0.0816 Mpa,0.00248 Mpa,0.0697 Mpa,0.120 Mpa,0.0657 Mpa,0.623 Mpa,0.0456 Mpa,3.39%,1.91%,,7.76%,0.717%,8.24%,3.43%,3.41%,18.7%,6.39%
2026-07-05 05:00:00,0.146 Mpa,0.351 Mpa,,0.106 Mpa,,0.0579 Mpa,0.0612 Mpa,0.0500 Mpa,0.0862 Mpa,0.192 Mpa,5.96%,11.3%,,8.51%,,2.38%,1.64%,3.06%,2.94%,9.92%
2026-07-05 07:00:00,0.0999 Mpa,0.0848 Mpa,0.766 Mpa,0.0238 Mpa,,0.137 Mpa,0.0969 Mpa,0.103 Mpa,0.834 Mpa,0.0114 Mpa,5.24%,2.82%,21.4%,6.37%,,5.28%,2.61%,4.32%,24.9%,5.01%
2026-07-05 09:00:00,0.308 Mpa,0.0917 Mpa,,0.0215 Mpa,0 Mpa,0.0577 Mpa,0.243 Mpa,0.0586 Mpa,0.162 Mpa,0.0250 Mpa,11.2%,3.18%,,6.39%,1.78%,2.36%,6.63%,3.13%,5.58%,5.66%
2026-07-05 11:00:00,0.103 Mpa,0.0396 Mpa,,0.136 Mpa,0.269 Mpa,1.06 Mpa,0.682 Mpa,0.0922 Mpa,2.02 Mpa,0.163 Mpa,4.78%,1.59%,,9.03%,11.3%,33.3%,18.6%,4.24%,59.1%,9.22%
2026-07-05 13:00:00,0.0458 Mpa,0.0346 Mpa,,0.263 Mpa,1.12 Mpa,0.0741 Mpa,0.0188 Mpa,0.0590 Mpa,0.143 Mpa,0.302 Mpa,3.04%,1.16%,,12.5%,40.0%,2.91%,1.32%,3.09%,4.69%,12.7%
2026-07-05 15:00:00,0.218 Mpa,1.06 Mpa,,0.0130 Mpa,0.447 Mpa,0.218 Mpa,0.0444 Mpa,0.0441 Mpa,0.0248 Mpa,0.00565 Mpa,7.80%,32.8%,,5.67%,18.5%,7.40%,1.72%,3.04%,0.871%,4.65%
2026-07-05 17:00:00,0.209 Mpa,1.49 Mpa,,0.0940 Mpa,0.122 Mpa,0.0698 Mpa,0.260 Mpa,0.0980 Mpa,0.0710 Mpa,0.0790 Mpa,7.99%,45.1%,,8.49%,5.66%,8.09%,7.26%,4.36%,2.90%,6.83%
2026-07-05 19:00:00,0.118 Mpa,0.249 Mpa,0 Mpa,0.0660 Mpa,0.168 Mpa,0.204 Mpa,0.0596 Mpa,0.106 Mpa,0.101 Mpa,0.174 Mpa,5.37%,8.23%,1.28%,8.06%,7.58%,18.7%,1.68%,4.47%,3.77%,9.55%
2026-07-05 21:00:00,0.000763 Mpa,0.0383 Mpa,0.111 Mpa,0.129 Mpa,0.406 Mpa,0.273 Mpa,0.249 Mpa,0.109 Mpa,0.121 Mpa,0.000660 Mpa,2.56%,4.41%,4.16%,9.05%,16.3%,8.82%,7.04%,4.84%,3.92%,5.09%
2026-07-05 23:00:00,0.143 Mpa,0.0410 Mpa,0.00865 Mpa,0.0882 Mpa,0.100 Mpa,0.282 Mpa,0.283 Mpa,0.564 Mpa,0.146 Mpa,0.0864 Mpa,6.12%,5.35%,1.03%,7.77%,4.89%,17.7%,7.85%,17.7%,4.71%,7.12%
2026-07-06 01:00:00,0.166 Mpa,0.440 Mpa,0.0000688 Mpa,0.111 Mpa,0.0478 Mpa,0.00113 Mpa,0.0848 Mpa,0.0450 Mpa,0.245 Mpa,0.0866 Mpa,6.50%,13.6%,2.20%,8.50%,3.13%,1.56%,2.41%,3.49%,8.05%,7.12%
2026-07-06 03:00:00,0.126 Mpa,0.0411 Mpa,0.0441 Mpa,1.08 Mpa,0.174 Mpa,0.00389 Mpa,0.199 Mpa,0.0779 Mpa,,0.107 Mpa,6.02%,3.28%,2.69%,34.7%,6.93%,1.42%,9.42%,6.71%,,7.57%
2026-07-06 05:00:00,0.141 Mpa,0.0812 Mpa,0.231 Mpa,0.119 Mpa,0.224 Mpa,0.230 Mpa,0.306 Mpa,0.0535 Mpa,,0.342 Mpa,5.88%,2.79%,10.1%,8.95%,9.96%,7.75%,8.52%,3.27%,,13.4%
2026-07-06 07:00:00,0.0335 Mpa,0.119 Mpa,0.136 Mpa,0.135 Mpa,0.129 Mpa,0.0684 Mpa,0.242 Mpa,0.0423 Mpa,,0.147 Mpa,2.63%,4.07%,6.81%,9.64%,6.17%,2.81%,6.70%,2.60%,,8.77%
2026-07-06 09:00:00,0.194 Mpa,0.149 Mpa,0.0559 Mpa,0.0787 Mpa,0.0986 Mpa,0.890 Mpa,0.216 Mpa,0.0476 Mpa,0.355 Mpa,0.00498 Mpa,7.21%,4.97%,3.63%,11.4%,5.35%,28.3%,5.80%,2.71%,10.00%,4.81%
2026-07-06 11:00:00,0.234 Mpa,0.170 Mpa,0.153 Mpa,0.0703 Mpa,0.274 Mpa,0.707 Mpa,0.740 Mpa,0.201 Mpa,,0.174 Mpa,8.52%,5.79%,7.30%,7.08%,11.6%,28.2%,20.3%,7.60%,,9.48%
2026-07-06 13:00:00,0.0924 Mpa,0.228 Mpa,0.0895 Mpa,0.0545 Mpa,1.29 Mpa,0.583 Mpa,0.0584 Mpa,0.133 Mpa,,0.0213 Mpa,4.21%,7.72%,3.87%,6.03%,47.7%,18.0%,1.66%,5.25%,,5.75%
2026-07-06 15:00:00,0.121 Mpa,0.0763 Mpa,0.117 Mpa,0.257 Mpa,0.104 Mpa,0.188 Mpa,0.0279 Mpa,0.0230 Mpa,,0.0658 Mpa,5.24%,2.55%,4.17%,12.5%,5.43%,6.24%,0.766%,2.17%,,6.47%
2026-07-06 17:00:00,0.0761 Mpa,0.0977 Mpa,0.0509 Mpa,0.237 Mpa,0.0436 Mpa,0.0577 Mpa,0.0991 Mpa,0.0898 Mpa,,0.308 Mpa,4.02%,3.29%,2.84%,12.3%,3.45%,11.5%,2.80%,4.26%,,12.7%
2026-07-06 19:00:00,0.0775 Mpa,0.0594 Mpa,0.266 Mpa,0.115 Mpa,0.231 Mpa,0.259 Mpa,0.0885 Mpa,0.0782 Mpa,,0.0695 Mpa,3.76%,2.34%,9.25%,9.53%,9.54%,16.7%,2.39%,3.78%,,6.58%
2026-07-06 21:00:00,0.112 Mpa,0.108 Mpa,0.0705 Mpa,0.0529 Mpa,0.373 Mpa,0.196 Mpa,0.125 Mpa,0.605 Mpa,,0.142 Mpa,5.19%,7.56%,4.27%,7.12%,14.5%,6.94%,3.51%,19.0%,,8.72%
2026-07-06 23:00:00,0.119 Mpa,0.0362 Mpa,0.119 Mpa,0.0535 Mpa,0.248 Mpa,0.172 Mpa,0.249 Mpa,0.0980 Mpa,0.0524 Mpa,0.155 Mpa,5.16%,4.35%,5.52%,7.16%,9.92%,29.0%,7.05%,4.21%,1.46%,8.87%
2026-07-07 01:00:00,0.106 Mpa,0.0653 Mpa,0.170 Mpa,0.0240 Mpa,0.0984 Mpa,0.0775 Mpa,0.0578 Mpa,0.548 Mpa,1.63 Mpa,0.0639 Mpa,5.43%,2.74%,7.46%,6.04%,5.26%,9.86%,1.66%,17.5%,48.5%,6.13%
2026-07-07 03:00:00,,0.0449 Mpa,0.0868 Mpa,0.163 Mpa,0.0261 Mpa,0.314 Mpa,0.114 Mpa,0.0838 Mpa,0.0498 Mpa,0.0589 Mpa,,5.07%,4.04%,10.0%,2.98%,18.8%,3.34%,4.02%,5.73%,7.23%
2026-07-07 05:00:00,0.173 Mpa,0.0710 Mpa,0.0602 Mpa,0.212 Mpa,0.0834 Mpa,0.0822 Mpa,0.140 Mpa,0.923 Mpa,0.189 Mpa,0.0385 Mpa,7.19%,2.59%,2.34%,11.8%,4.18%,3.41%,3.87%,28.1%,17.1%,6.07%
2026-07-07 07:00:00,0.746 Mpa,0.0969 Mpa,0.0661 Mpa,0.184 Mpa,0.0641 Mpa,0.376 Mpa,0.0478 Mpa,0.0634 Mpa,0.436 Mpa,0.129 Mpa,26.2%,2.89%,2.95%,10.8%,3.22%,13.0%,1.31%,4.33%,14.3%,7.47%
2026-07-07 09:00:00,0.0792 Mpa,0.0403 Mpa,0.0160 Mpa,0.0106 Mpa,0.0347 Mpa,,0.490 Mpa,0.149 Mpa,0.0714 Mpa,0.0887 Mpa,4.69%,1.66%,2.22%,6.33%,2.04%,,13.3%,6.18%,3.92%,7.19%
2026-07-07 11:00:00,0.145 Mpa,0.0844 Mpa,0.00872 Mpa,0.0604 Mpa,0.0605 Mpa,0.258 Mpa,0.569 Mpa,0.304 Mpa,0.0243 Mpa,0.158 Mpa,6.69%,2.68%,2.81%,7.70%,3.35%,9.49%,15.9%,10.1%,16.6%,9.19%
2026-07-07 13:00:00,0.152 Mpa,0.0757 Mpa,0.0871 Mpa,0.0195 Mpa,1.27 Mpa,0.124 Mpa,0.0693 Mpa,0.224 Mpa,0.127 Mpa,0.239 Mpa,6.37%,2.41%,5.03%,6.63%,45.8%,5.01%,1.92%,8.18%,4.86%,9.63%
2026-07-07 15:00:00,,,,,,,,,0 Mpa,,,,,,,,,,25.3%,
2026-07-07 17:00:00,0.210 Mpa,0.482 Mpa,0.0000902 Mpa,0.0902 Mpa,,0.329 Mpa,0.0975 Mpa,0.190 Mpa,0.00494 Mpa,0.475 Mpa,7.39%,15.3%,3.91%,8.46%,,13.5%,2.56%,7.31%,1.17%,17.2%
2026-07-07 19:00:00,0.155 Mpa,0.226 Mpa,1.46 Mpa,0.0373 Mpa,0.132 Mpa,0.0764 Mpa,0.0894 Mpa,0.157 Mpa,0.540 Mpa,0.0580 Mpa,6.30%,7.26%,42.4%,6.60%,6.51%,2.93%,2.44%,6.32%,16.9%,5.98%
2026-07-07 21:00:00,0.0757 Mpa,0.0347 Mpa,1.61 Mpa,0.129 Mpa,0.236 Mpa,0.706 Mpa,0.0767 Mpa,0.0835 Mpa,0.305 Mpa,0.0732 Mpa,4.58%,1.16%,46.3%,9.55%,10.1%,22.0%,2.05%,3.86%,9.46%,6.04%
2026-07-07 23:00:00,0.157 Mpa,0.105 Mpa,1.49 Mpa,0.0766 Mpa,0.436 Mpa,0.439 Mpa,0.201 Mpa,0.109 Mpa,0.204 Mpa,0.109 Mpa,6.49%,3.48%,44.4%,7.69%,17.3%,14.5%,5.38%,4.68%,6.81%,6.89%
2026-07-08 01:00:00,0.289 Mpa,0.0798 Mpa,0.675 Mpa,0.103 Mpa,0.121 Mpa,0.215 Mpa,0.465 Mpa,0.0824 Mpa,0.148 Mpa,0.208 Mpa,11.3%,2.61%,21.0%,8.43%,6.22%,33.7%,12.7%,3.36%,4.42%,9.29%
2026-07-08 03:00:00,0.102 Mpa,0.115 Mpa,1.10 Mpa,0.00983 Mpa,0.150 Mpa,0.465 Mpa,0.125 Mpa,0.104 Mpa,0.346 Mpa,0.0718 Mpa,5.47%,3.77%,32.3%,6.03%,6.60%,15.5%,3.58%,4.04%,10.6%,6.41%
2026-07-08 05:00:00,0.0698 Mpa,0.110 Mpa,2.06 Mpa,0.0397 Mpa,0.0593 Mpa,0.123 Mpa,0.0432 Mpa,0.408 Mpa,0.650 Mpa,0.0620 Mpa,4.28%,3.74%,63.3%,6.73%,3.29%,4.67%,1.11%,13.2%,20.7%,5.71%
2026-07-08 07:00:00,0.104 Mpa,0 Mpa,0.637 Mpa,0.0776 Mpa,0.0526 Mpa,0.383 Mpa,0.0977 Mpa,0.557 Mpa,0.149 Mpa,0.0971 Mpa,4.97%,0.915%,38.8%,7.89%,3.21%,13.0%,2.63%,17.9%,5.67%,7.28%
2026-07-08 09:00:00,0.131 Mpa,0.0695 Mpa,2.19 Mpa,0.189 Mpa,0.0836 Mpa,0.525 Mpa,0.134 Mpa,0.0983 Mpa,0.174 Mpa,0.130 Mpa,5.42%,2.08%,68.9%,11.0%,4.19%,17.2%,3.84%,4.24%,7.07%,8.42%
2026-07-08 11:00:00,0.222 Mpa,0.0715 Mpa,1.51 Mpa,0.766 Mpa,0.0807 Mpa,0.0977 Mpa,0.00441 Mpa,0.0825 Mpa,0.0297 Mpa,0.0150 Mpa,8.01%,2.10%,48.2%,25.2%,3.51%,4.09%,0.0702%,4.15%,2.85%,5.16%
2026-07-08 13:00:00,0.486 Mpa,0.0831 Mpa,1.09 Mpa,0.174 Mpa,0.310 Mpa,0.255 Mpa,0.0999 Mpa,0.0769 Mpa,0.131 Mpa,0.299 Mpa,17.3%,2.71%,33.9%,10.7%,12.0%,8.65%,3.02%,4.09%,5.21%,13.0%
2026-07-08 15:00:00,0.00477 Mpa,0.0550 Mpa,0.000145 Mpa,0.288 Mpa,0.283 Mpa,0.194 Mpa,0.179 Mpa,0.125 Mpa,0.00683 Mpa,0.0281 Mpa,2.09%,1.82%,2.34%,13.3%,12.0%,7.18%,5.04%,5.33%,2.17%,5.37%
2026-07-08 17:00:00,0.236 Mpa,0.0716 Mpa,0.0795 Mpa,0.293 Mpa,0.190 Mpa,0.122 Mpa,0.0937 Mpa,0.0603 Mpa,0.0944 Mpa,0.117 Mpa,8.86%,2.61%,5.38%,13.4%,8.85%,5.00%,2.61%,4.05%,3.29%,7.00%
2026-07-08 19:00:00,0.0879 Mpa,0.0230 Mpa,0.00287 Mpa,0.337 Mpa,0.537 Mpa,0 Mpa,0.494 Mpa,0.0689 Mpa,0.0356 Mpa,0.0144 Mpa,4.71%,0.857%,3.02%,14.1%,20.6%,1.60%,13.5%,4.33%,1.34%,11.9%
2026-07-08 21:00:00,0.118 Mpa,0.0514 Mpa,0.0272 Mpa,0.319 Mpa,0.292 Mpa,0.300 Mpa,0.0575 Mpa,0.0699 Mpa,0.106 Mpa,0.00772 Mpa,5.62%,1.74%,3.03%,14.8%,10.4%,10.6%,1.52%,4.51%,3.89%,11.3%
2026-07-08 23:00:00,0.554 Mpa,0.0250 Mpa,0.0842 Mpa,0.0296 Mpa,0.127 Mpa,0.127 Mpa,0.101 Mpa,0.0911 Mpa,0.0729 Mpa,0.0880 Mpa,17.4%,0.742%,4.61%,6.75%,5.67%,4.33%,2.68%,4.01%,2.61%,7.26%
2026-07-09 01:00:00,0.140 Mpa,0.0553 Mpa,0.241 Mpa,0.0821 Mpa,0.197 Mpa,0.135 Mpa,0.386 Mpa,0.0358 Mpa,0.0496 Mpa,0.0523 Mpa,5.73%,1.93%,8.76%,7.87%,8.11%,4.86%,10.4%,3.73%,2.24%,7.86%
2026-07-09 03:00:00,0.126 Mpa,0.846 Mpa,0.0154 Mpa,0.0637 Mpa,0.149 Mpa,0.0871 Mpa,0.421 Mpa,0.0156 Mpa,0.0196 Mpa,0.0135 Mpa,5.59%,26.7%,3.76%,8.74%,6.77%,3.51%,11.5%,3.32%,1.28%,4.18%
2026-07-09 05:00:00,0.227 Mpa,0.187 Mpa,0.110 Mpa,0.243 Mpa,0.0751 Mpa,0.0537 Mpa,0.113 Mpa,0.581 Mpa,0.100 Mpa,0.119 Mpa,8.11%,6.35%,5.89%,12.5%,4.64%,3.18%,3.16%,18.4%,4.17%,7.23%
2026-07-09 07:00:00,0.380 Mpa,0.143 Mpa,0.175 Mpa,0.329 Mpa,0.280 Mpa,0.159 Mpa,0.0510 Mpa,0.179 Mpa,0.125 Mpa,0.162 Mpa,12.6%,5.03%,8.41%,14.5%,12.1%,6.71%,1.35%,6.19%,5.02%,8.59%
2026-07-09 09:00:00,0.476 Mpa,0.0330 Mpa,0.0280 Mpa,0.00861 Mpa,0.117 Mpa,0.0895 Mpa,0.0255 Mpa,0.0757 Mpa,0.126 Mpa,0.109 Mpa,15.2%,1.87%,3.76%,5.74%,5.85%,11.7%,0.698%,3.51%,5.11%,7.15%
2026-07-09 11:00:00,0.470 Mpa,0.0358 Mpa,0.125 Mpa,0.0742 Mpa,0.0525 Mpa,0.135 Mpa,0.0598 Mpa,0.170 Mpa,0.0551 Mpa,0.000505 Mpa,15.2%,1.57%,6.70%,6.43%,3.29%,7.69%,1.82%,6.56%,2.73%,5.79%
2026-07-09 13:00:00,0.629 Mpa,0.0415 Mpa,0.0951 Mpa,0.441 Mpa,0.283 Mpa,0.0585 Mpa,0.0922 Mpa,0.580 Mpa,0.137 Mpa,0.00576 Mpa,19.7%,1.50%,5.79%,17.9%,11.9%,20.7%,2.65%,20.4%,5.69%,5.08%
2026-07-09 15:00:00,0.539 Mpa,0.177 Mpa,0.0779 Mpa,0.236 Mpa,0.0694 Mpa,0.163 Mpa,0.122 Mpa,0.184 Mpa,0.0467 Mpa,0.153 Mpa,17.1%,5.79%,4.73%,11.9%,3.93%,15.9%,3.28%,6.92%,2.69%,8.88%
2026-07-09 17:00:00,0.107 Mpa,0.107 Mpa,0.0286 Mpa,0.335 Mpa,0.0679 Mpa,0.136 Mpa,0.0631 Mpa,0.800 Mpa,0.0759 Mpa,0.0615 Mpa,5.00%,3.30%,2.34%,15.1%,3.57%,6.68%,4.42%,24.6%,3.72%,6.25%
2026-07-09 19:00:00,0.0993 Mpa,0.0776 Mpa,0.00846 Mpa,0.574 Mpa,0.423 Mpa,0.317 Mpa,0.213 Mpa,0.105 Mpa,0.374 Mpa,0.0378 Mpa,4.76%,2.37%,2.73%,21.4%,14.2%,10.7%,5.93%,4.81%,12.1%,6.26%
2026-07-09 21:00:00,0.0934 Mpa,0.158 Mpa,0.0792 Mpa,0.0848 Mpa,0.0618 Mpa,0.171 Mpa,0.159 Mpa,0.226 Mpa,0.436 Mpa,0.0168 Mpa,4.55%,5.00%,4.74%,8.09%,3.33%,6.30%,4.36%,8.39%,13.7%,5.00%
2026-07-09 23:00:00,0.179 Mpa,0.280 Mpa,0.196 Mpa,0.0981 Mpa,0.597 Mpa,0.785 Mpa,0.132 Mpa,0.0508 Mpa,0.114 Mpa,0.127 Mpa,9.76%,8.61%,8.48%,8.26%,22.0%,25.5%,3.80%,3.01%,3.82%,8.06%
2026-07-10 01:00:00,0.0443 Mpa,0.121 Mpa,0.0139 Mpa,0.0786 Mpa,0.163 Mpa,0.801 Mpa,0.421 Mpa,0.127 Mpa,0.0835 Mpa,0.0664 Mpa,3.80%,3.93%,2.42%,7.97%,6.42%,25.6%,11.6%,5.95%,2.99%,6.93%
2026-07-10 03:00:00,0.0464 Mpa,0.433 Mpa,0.245 Mpa,0.284 Mpa,0.387 Mpa,0.687 Mpa,0.619 Mpa,0.0373 Mpa,0.0776 Mpa,0.154 Mpa,3.33%,13.0%,9.63%,13.5%,12.9%,22.0%,17.2%,3.61%,4.81%,9.27%
2026-07-10 05:00:00,0.138 Mpa,0.131 Mpa,0.161 Mpa,0.272 Mpa,0.195 Mpa,0.199 Mpa,0.188 Mpa,0.0481 Mpa,0.0937 Mpa,0.0275 Mpa,6.73%,4.21%,4.99%,13.1%,8.30%,7.64%,5.48%,2.89%,4.02%,5.73%
2026-07-10 07:00:00,0.294 Mpa,0.160 Mpa,0.156 Mpa,0.782 Mpa,0.136 Mpa,0.219 Mpa,0.214 Mpa,0.0478 Mpa,0.132 Mpa,0.0265 Mpa,10.8%,5.95%,6.99%,26.5%,6.50%,7.94%,5.79%,2.30%,4.28%,5.44%
2026-07-10 09:00:00,0.201 Mpa,0.0925 Mpa,0.116 Mpa,0.180 Mpa,0.150 Mpa,0.201 Mpa,0.133 Mpa,0.0627 Mpa,0.144 Mpa,0.0700 Mpa,9.49%,3.22%,4.06%,10.4%,6.67%,7.08%,3.77%,2.99%,5.04%,6.37%
2026-07-10 11:00:00,0.143 Mpa,0.0975 Mpa,0.469 Mpa,0.0353 Mpa,0.0425 Mpa,0.169 Mpa,0.0806 Mpa,0.0772 Mpa,0.0301 Mpa,0.149 Mpa,6.54%,3.16%,15.2%,6.45%,3.02%,6.63%,2.20%,3.27%,1.20%,7.90%
2026-07-10 13:00:00,0.221 Mpa,0.0960 Mpa,0.0352 Mpa,0.0699 Mpa,0.624 Mpa,0.164 Mpa,0.325 Mpa,0.0660 Mpa,0.171 Mpa,0.202 Mpa,8.76%,3.06%,2.03%,6.95%,21.6%,8.20%,8.88%,2.79%,6.88%,9.76%
2026-07-10 15:00:00,0.127 Mpa,0.0322 Mpa,0.0903 Mpa,0.208 Mpa,0.0945 Mpa,0.695 Mpa,0.675 Mpa,0.218 Mpa,0.0803 Mpa,0.0249 Mpa,6.29%,0.990%,4.53%,11.1%,4.73%,22.1%,18.2%,7.37%,3.82%,5.20%
2026-07-10 17:00:00,0.0590 Mpa,0.0549 Mpa,0.0227 Mpa,0.134 Mpa,0.125 Mpa,0.837 Mpa,0.538 Mpa,0.223 Mpa,0.0557 Mpa,0.115 Mpa,17.4%,1.87%,3.28%,9.09%,5.71%,34.3%,14.6%,8.37%,2.49%,8.04%
2026-07-10 19:00:00,0.0796 Mpa,,0.0973 Mpa,0.212 Mpa,0.0973 Mpa,0.145 Mpa,2.68 Mpa,0.142 Mpa,0.0136 Mpa,0.00640 Mpa,4.42%,,5.81%,11.7%,4.58%,5.14%,72.7%,7.00%,1.13%,4.63%
2026-07-10 21:00:00,0.0673 Mpa,0.828 Mpa,0.0717 Mpa,0.474 Mpa,0.152 Mpa,0.131 Mpa,0.255 Mpa,0.258 Mpa,0.0420 Mpa,0.0661 Mpa,4.64%,24.7%,5.61%,19.3%,6.56%,4.68%,6.88%,10.4%,2.93%,6.28%
2026-07-10 23:00:00,0.116 Mpa,0.0679 Mpa,0.242 Mpa,0.101 Mpa,0.0490 Mpa,0.456 Mpa,0.167 Mpa,0.0427 Mpa,0.0800 Mpa,0.141 Mpa,5.69%,2.01%,9.70%,8.40%,2.93%,15.7%,4.76%,2.53%,3.30%,8.55%
2026-07-11 01:00:00,0.104 Mpa,0.0430 Mpa,0.0494 Mpa,0.0862 Mpa,0.536 Mpa,0.311 Mpa,0.260 Mpa,0.0934 Mpa,0.0849 Mpa,0.0872 Mpa,5.75%,1.32%,13.5%,8.54%,20.0%,10.7%,6.99%,4.08%,3.08%,7.13%
2026-07-11 03:00:00,0.0331 Mpa,0.192 Mpa,0.0877 Mpa,0.629 Mpa,0.0848 Mpa,0.140 Mpa,0.0680 Mpa,0.0306 Mpa,0.0157 Mpa,0.0398 Mpa,3.50%,5.83%,8.09%,22.6%,4.25%,5.39%,1.78%,2.26%,2.44%,10.5%
2026-07-11 05:00:00,0.206 Mpa,0.0981 Mpa,0.106 Mpa,0.285 Mpa,0.358 Mpa,0.326 Mpa,0.0610 Mpa,0.146 Mpa,0.0539 Mpa,0.113 Mpa,8.05%,3.21%,6.59%,14.0%,13.7%,24.2%,2.00%,6.29%,3.43%,7.34%
2026-07-11 07:00:00,0.125 Mpa,0.110 Mpa,0.0405 Mpa,0.394 Mpa,0.194 Mpa,0.298 Mpa,0.0670 Mpa,0.130 Mpa,0.451 Mpa,0.108 Mpa,6.01%,3.92%,4.29%,15.8%,8.09%,20.0%,1.92%,5.04%,14.2%,7.26%
2026-07-11 09:00:00,0.327 Mpa,0.0695 Mpa,0.0233 Mpa,0.373 Mpa,0.0491 Mpa,0.677 Mpa,0.0294 Mpa,0.277 Mpa,0.0322 Mpa,0.0456 Mpa,12.1%,2.28%,4.22%,15.7%,2.93%,27.9%,0.833%,9.81%,1.16%,5.96%
2026-07-11 11:00:00,0.187 Mpa,0.0726 Mpa,0.00101 Mpa,0.510 Mpa,0.0283 Mpa,0.170 Mpa,0.0653 Mpa,0.132 Mpa,0.133 Mpa,0.152 Mpa,7.59%,2.30%,2.72%,19.8%,2.24%,42.0%,2.35%,5.41%,4.30%,8.65%
2026-07-11 13:00:00,0.315 Mpa,0.142 Mpa,0 Mpa,0.738 Mpa,0.407 Mpa,0.994 Mpa,0.347 Mpa,0.0824 Mpa,0.0897 Mpa,0.0821 Mpa,10.8%,4.33%,0.201%,25.9%,16.2%,48.1%,9.99%,7.87%,3.17%,7.05%
2026-07-11 15:00:00,1.59 Mpa,0.0613 Mpa,0 Mpa,0.268 Mpa,0.0727 Mpa,0.407 Mpa,0.0256 Mpa,0.276 Mpa,0.0507 Mpa,0.0699 Mpa,46.2%,2.03%,2.97%,12.8%,4.42%,22.7%,0.876%,9.78%,2.07%,6.61%
2026-07-11 17:00:00,,0.0942 Mpa,0.501 Mpa,0.804 Mpa,0.0607 Mpa,0.128 Mpa,0.0533 Mpa,0.0759 Mpa,0.0562 Mpa,0.0680 Mpa,,3.10%,28.5%,28.0%,3.52%,17.3%,1.50%,4.25%,2.28%,8.34%
2026-07-11 19:00:00,,0.0831 Mpa,0.0110 Mpa,0.332 Mpa,0.0536 Mpa,0.0988 Mpa,0.0807 Mpa,0.275 Mpa,,0.186 Mpa,,2.76%,6.28%,14.8%,3.35%,5.95%,2.29%,8.87%,,9.14%
2026-07-11 21:00:00,0.529 Mpa,0.0752 Mpa,0.0560 Mpa,0.274 Mpa,0.0278 Mpa,0.304 Mpa,0.0532 Mpa,0.132 Mpa,0.100 Mpa,0.125 Mpa,17.3%,2.87%,1.97%,13.2%,2.24%,20.4%,1.44%,5.20%,4.23%,7.74%
2026-07-11 23:00:00,0.0178 Mpa,0.573 Mpa,0.184 Mpa,0.0477 Mpa,0.0643 Mpa,0.346 Mpa,0.0762 Mpa,0.325 Mpa,0.0733 Mpa,0.0852 Mpa,1.95%,17.3%,33.1%,6.78%,3.62%,27.9%,2.13%,10.8%,2.92%,7.49%
2026-07-12 01:00:00,,0.751 Mpa,0.0560 Mpa,0.212 Mpa,0.101 Mpa,0.0594 Mpa,0.0839 Mpa,0.162 Mpa,0.0345 Mpa,0 Mpa,,22.3%,3.44%,11.5%,5.04%,16.2%,2.34%,6.81%,1.98%,5.66%
2026-07-12 03:00:00,,0.766 Mpa,0.0829 Mpa,0.445 Mpa,0.104 Mpa,0.537 Mpa,0.135 Mpa,0.111 Mpa,0.0435 Mpa,0.0424 Mpa,,24.1%,4.55%,18.1%,5.68%,17.2%,3.74%,4.80%,3.17%,6.29%
2026-07-12 05:00:00,,0.107 Mpa,0.00206 Mpa,0.0688 Mpa,0.223 Mpa,0.0687 Mpa,0.112 Mpa,0.0928 Mpa,0.0631 Mpa,0.0525 Mpa,,3.66%,3.23%,7.67%,9.31%,6.75%,3.08%,4.31%,2.72%,6.46%
2026-07-12 07:00:00,,0.657 Mpa,0 Mpa,0.102 Mpa,0.224 Mpa,0.694 Mpa,0.269 Mpa,0.0443 Mpa,0.0695 Mpa,0.129 Mpa,,20.3%,1.55%,9.06%,9.48%,25.3%,7.44%,2.72%,4.50%,8.13%
2026-07-12 09:00:00,,0.0207 Mpa,0.000351 Mpa,0.0947 Mpa,0.135 Mpa,0.159 Mpa,0.0665 Mpa,0.212 Mpa,0.0615 Mpa,0.0327 Mpa,,5.83%,0%,8.56%,6.31%,32.8%,2.09%,7.66%,3.56%,5.96%
2026-07-12 11:00:00,,1.12 Mpa,0.0130 Mpa,0.188 Mpa,0.130 Mpa,0.235 Mpa,0.0513 Mpa,0.0201 Mpa,0.153 Mpa,0.133 Mpa,,33.9%,0.0199%,11.1%,6.47%,8.44%,1.79%,1.95%,4.86%,7.99%
2026-07-12 13:00:00,,0.0592 Mpa,0.122 Mpa,0.0680 Mpa,0.108 Mpa,0.264 Mpa,0.0549 Mpa,0.0635 Mpa,0.0299 Mpa,0.122 Mpa,,2.08%,4.34%,8.13%,5.94%,8.85%,1.51%,3.12%,5.32%,8.38%
2026-07-12 15:00:00,,0.0391 Mpa,0.0506 Mpa,0.0343 Mpa,0.558 Mpa,0.239 Mpa,0.0553 Mpa,0.0139 Mpa,0.0968 Mpa,0.139 Mpa,,1.57%,2.80%,6.95%,20.8%,8.62%,1.53%,2.14%,4.65%,9.11%
2026-07-12 17:00:00,,0.181 Mpa,0.0619 Mpa,0.0468 Mpa,0.0955 Mpa,0.118 Mpa,0.0688 Mpa,0.0859 Mpa,0.0591 Mpa,0.143 Mpa,,5.78%,3.60%,6.71%,4.68%,11.4%,1.91%,4.31%,2.44%,9.36%
2026-07-12 19:00:00,,0.120 Mpa,0.238 Mpa,0.900 Mpa,0.715 Mpa,0.191 Mpa,0.0419 Mpa,0.0595 Mpa,0.104 Mpa,0.155 Mpa,,3.91%,9.60%,30.0%,26.2%,14.1%,1.17%,3.13%,4.29%,8.64%
2026-07-12 21:00:00,,0.314 Mpa,0.145 Mpa,0.379 Mpa,0.223 Mpa,0.210 Mpa,0.108 Mpa,0.0677 Mpa,0.0541 Mpa,0.0229 Mpa,,9.40%,6.05%,15.5%,9.37%,12.1%,2.98%,3.27%,2.59%,5.11%
2026-07-12 23:00:00,,0.189 Mpa,0.0442 Mpa,0.192 Mpa,0.323 Mpa,0.197 Mpa,0.140 Mpa,0.0407 Mpa,0.123 Mpa,0.144 Mpa,,6.14%,11.3%,10.6%,12.7%,8.27%,3.91%,2.27%,4.46%,7.83%
2026-07-13 01:00:00,,0.145 Mpa,0.160 Mpa,0.0972 Mpa,0.118 Mpa,0.453 Mpa,0.299 Mpa,0.0784 Mpa,0.240 Mpa,0.0586 Mpa,,4.70%,7.20%,8.37%,5.91%,22.9%,8.02%,3.93%,7.83%,4.67%
2026-07-13 03:00:00,0.000289 Mpa,0.437 Mpa,0.155 Mpa,0.0748 Mpa,0.108 Mpa,0.530 Mpa,0.0558 Mpa,0.0248 Mpa,0.287 Mpa,0.117 Mpa,1.37%,13.9%,11.7%,6.90%,5.53%,20.8%,1.56%,2.86%,9.42%,6.57%
2026-07-13 05:00:00,0 Mpa,0.458 Mpa,0.107 Mpa,0.102 Mpa,0.235 Mpa,0.127 Mpa,0.105 Mpa,0.101 Mpa,0.340 Mpa,0.0517 Mpa,1.23%,14.0%,5.60%,8.50%,9.53%,6.56%,4.41%,4.60%,10.5%,5.58%
2026-07-13 07:00:00,0 Mpa,0.189 Mpa,0.0544 Mpa,0.906 Mpa,0.262 Mpa,0.149 Mpa,0.0447 Mpa,0.170 Mpa,0.533 Mpa,0.151 Mpa,1.33%,5.89%,3.72%,29.5%,10.3%,14.4%,1.32%,6.40%,16.6%,8.60%
2026-07-13 09:00:00,0.649 Mpa,0.348 Mpa,0.257 Mpa,0.288 Mpa,0.0816 Mpa,0.0263 Mpa,0.0403 Mpa,0.0999 Mpa,0.118 Mpa,0.124 Mpa,19.3%,11.1%,10.7%,13.2%,3.87%,3.41%,1.20%,4.59%,4.30%,8.27%
2026-07-13 11:00:00,0.960 Mpa,0.234 Mpa,0.0997 Mpa,0.957 Mpa,0.144 Mpa,0.0885 Mpa,0.0177 Mpa,0.176 Mpa,0.101 Mpa,0.275 Mpa,28.4%,7.84%,5.07%,31.6%,6.84%,28.0%,0.588%,7.00%,4.13%,12.0%
2026-07-13 13:00:00,1.72 Mpa,0.123 Mpa,0.0646 Mpa,0.0639 Mpa,0.649 Mpa,0.0492 Mpa,0.0776 Mpa,0.0440 Mpa,0.0896 Mpa,0.171 Mpa,51.6%,4.41%,4.70%,7.88%,24.4%,12.6%,2.21%,2.65%,11.2%,9.27%
2026-07-13 15:00:00,0.496 Mpa,0.104 Mpa,0.122 Mpa,0.0428 Mpa,0.0650 Mpa,0.234 Mpa,0.0450 Mpa,0.682 Mpa,0.0736 Mpa,0.100 Mpa,19.2%,3.56%,6.27%,6.76%,3.74%,20.2%,1.23%,21.1%,3.16%,7.68%
2026-07-13 17:00:00,0.115 Mpa,0.116 Mpa,0.00493 Mpa,0.0721 Mpa,0.0323 Mpa,0.147 Mpa,0.0943 Mpa,0.216 Mpa,0.0466 Mpa,0.181 Mpa,5.92%,3.74%,5.60%,7.64%,2.66%,26.2%,2.63%,7.74%,1.94%,9.96%
2026-07-13 19:00:00,0.0608 Mpa,0.0831 Mpa,0.112 Mpa,0.241 Mpa,0.227 Mpa,0.392 Mpa,0.259 Mpa,0.192 Mpa,0.138 Mpa,0.124 Mpa,3.38%,2.94%,14.0%,12.0%,9.62%,17.6%,7.18%,11.7%,5.15%,7.90%
2026-07-13 21:00:00,0.0592 Mpa,0.439 Mpa,0.200 Mpa,0.636 Mpa,0.0117 Mpa,0.119 Mpa,0.133 Mpa,0.393 Mpa,0.304 Mpa,0.132 Mpa,3.86%,14.2%,8.40%,23.8%,2.05%,4.78%,3.71%,12.5%,10.1%,8.15%
2026-07-13 23:00:00,0.277 Mpa,0.112 Mpa,0.377 Mpa,0.147 Mpa,0.0674 Mpa,0.222 Mpa,0.233 Mpa,0.0217 Mpa,0.102 Mpa,0.122 Mpa,9.72%,3.92%,13.2%,9.54%,3.71%,15.6%,6.37%,2.24%,3.83%,7.93%
2026-07-14 01:00:00,0.0256 Mpa,0.279 Mpa,0.285 Mpa,0.414 Mpa,0.0250 Mpa,0.836 Mpa,0.123 Mpa,0.0285 Mpa,0.198 Mpa,0.0329 Mpa,2.24%,9.05%,11.2%,16.2%,2.57%,27.6%,3.36%,2.52%,7.86%,4.84%
2026-07-14 03:00:00,0.0140 Mpa,0.0103 Mpa,0.107 Mpa,0.0463 Mpa,0.0644 Mpa,0.909 Mpa,0.0311 Mpa,0.145 Mpa,0.344 Mpa,0.0246 Mpa,2.90%,0.308%,5.08%,6.83%,3.05%,38.6%,0.795%,6.56%,12.5%,4.86%
2026-07-14 05:00:00,0.0812 Mpa,0.353 Mpa,0.126 Mpa,0.0353 Mpa,0.0608 Mpa,0.0688 Mpa,0.0814 Mpa,0.255 Mpa,0.0706 Mpa,0.0168 Mpa,4.25%,10.7%,5.85%,6.70%,3.91%,9.27%,2.17%,9.27%,2.94%,3.73%
2026-07-14 07:00:00,1.29 Mpa,0.0273 Mpa,0.149 Mpa,0.111 Mpa,0.0824 Mpa,0.527 Mpa,0.307 Mpa,0.355 Mpa,0.00507 Mpa,0.00417 Mpa,39.8%,0.886%,6.42%,9.93%,4.63%,17.2%,8.67%,12.3%,0.695%,4.25%
2026-07-14 09:00:00,0.580 Mpa,0.259 Mpa,0.347 Mpa,0.0143 Mpa,0.0840 Mpa,0.439 Mpa,0.0284 Mpa,0.0482 Mpa,0.228 Mpa,0.0691 Mpa,18.5%,8.79%,12.5%,6.84%,4.46%,14.7%,0.874%,3.05%,7.41%,6.15%
2026-07-14 11:00:00,0.279 Mpa,0.0667 Mpa,0.0369 Mpa,0.0933 Mpa,0.250 Mpa,0.222 Mpa,0.0317 Mpa,0.0625 Mpa,0.356 Mpa,0.250 Mpa,10.3%,2.01%,3.20%,8.37%,10.2%,7.99%,1.22%,3.23%,12.1%,11.5%
2026-07-14 13:00:00,1.17 Mpa,0.0845 Mpa,0.0440 Mpa,0.174 Mpa,0.0309 Mpa,,0.0933 Mpa,0.0746 Mpa,0.159 Mpa,0.00791 Mpa,35.2%,2.89%,3.15%,10.7%,2.18%,,2.68%,3.79%,5.91%,4.96%
2026-07-14 15:00:00,0.128 Mpa,0.124 Mpa,0.00700 Mpa,0.129 Mpa,1.40 Mpa,0.273 Mpa,0.0932 Mpa,0.165 Mpa,0.370 Mpa,0.00909 Mpa,5.71%,4.24%,2.39%,9.60%,50.3%,9.61%,2.48%,7.18%,12.3%,4.22%
2026-07-14 17:00:00,0.0926 Mpa,0.184 Mpa,0.0173 Mpa,0.258 Mpa,0.418 Mpa,0.0714 Mpa,0.203 Mpa,0.0915 Mpa,0.0570 Mpa,0.0420 Mpa,4.30%,6.15%,2.86%,12.8%,16.3%,7.76%,5.54%,5.08%,2.14%,5.84%
2026-07-14 19:00:00,0.144 Mpa,0.0918 Mpa,0.0955 Mpa,0.0915 Mpa,0.699 Mpa,0.259 Mpa,0.00917 Mpa,0.0739 Mpa,0.310 Mpa,0.0368 Mpa,6.57%,3.59%,4.76%,8.51%,25.2%,9.00%,0.208%,3.47%,9.91%,5.87%
2026-07-14 21:00:00,0.0415 Mpa,0.338 Mpa,0.170 Mpa,0.0460 Mpa,0.0328 Mpa,0.163 Mpa,0.288 Mpa,0.522 Mpa,0.164 Mpa,0.0380 Mpa,3.73%,10.9%,6.12%,7.54%,2.15%,21.6%,8.01%,16.4%,5.47%,6.10%
2026-07-14 23:00:00,0.0898 Mpa,0.399 Mpa,0.0732 Mpa,0.108 Mpa,0.792 Mpa,0.0142 Mpa,0.0889 Mpa,0.0341 Mpa,0.153 Mpa,0.0128 Mpa,4.98%,13.1%,3.77%,8.76%,24.7%,21.8%,2.57%,2.15%,4.75%,5.09%
2026-07-15 01:00:00,0.295 Mpa,0.170 Mpa,0.155 Mpa,0.0116 Mpa,0.148 Mpa,0.493 Mpa,0.0535 Mpa,0.145 Mpa,0.135 Mpa,0.0732 Mpa,11.4%,5.45%,5.48%,6.18%,6.78%,15.8%,1.56%,5.68%,4.89%,6.13%
2026-07-15 03:00:00,0.0133 Mpa,0.0819 Mpa,0.0611 Mpa,0.0944 Mpa,0.754 Mpa,0.747 Mpa,0.172 Mpa,0.0758 Mpa,0.158 Mpa,0.576 Mpa,3.36%,2.58%,2.50%,8.44%,27.7%,43.4%,4.78%,3.93%,5.58%,19.7%
2026-07-15 05:00:00,0.0772 Mpa,0.0956 Mpa,0.0691 Mpa,0.137 Mpa,0.357 Mpa,0.143 Mpa,0.258 Mpa,0.0706 Mpa,0.0900 Mpa,0.115 Mpa,4.00%,3.23%,3.69%,9.00%,14.0%,5.68%,7.04%,3.47%,3.23%,7.17%
2026-07-15 07:00:00,0.730 Mpa,0.00347 Mpa,0.0866 Mpa,0.239 Mpa,0.568 Mpa,1.05 Mpa,0.100 Mpa,0.0666 Mpa,0.237 Mpa,0.0743 Mpa,26.9%,0.00815%,5.37%,12.5%,22.5%,33.3%,2.85%,3.18%,7.75%,6.13%
2026-07-15 09:00:00,0.0560 Mpa,0.0251 Mpa,0.0878 Mpa,0.299 Mpa,0.540 Mpa,0.344 Mpa,0.0563 Mpa,0.0608 Mpa,0.00267 Mpa,0.129 Mpa,3.91%,0.676%,5.71%,14.5%,21.5%,11.8%,1.49%,3.15%,0.622%,8.29%
2026-07-15 11:00:00,0.149 Mpa,0.125 Mpa,0.154 Mpa,0.119 Mpa,0.323 Mpa,,0.0587 Mpa,0.0728 Mpa,0.171 Mpa,0.261 Mpa,7.07%,4.00%,7.81%,9.29%,13.1%,,2.95%,3.47%,5.69%,11.6%
2026-07-15 13:00:00,0.0699 Mpa,0.177 Mpa,0.124 Mpa,0.0319 Mpa,0.315 Mpa,0.356 Mpa,0.121 Mpa,0.105 Mpa,0.00820 Mpa,0.0781 Mpa,3.78%,5.68%,6.70%,6.73%,13.3%,12.5%,3.44%,4.62%,1.18%,6.29%
2026-07-15 15:00:00,0.213 Mpa,0.0379 Mpa,0.0989 Mpa,0.560 Mpa,0.384 Mpa,0.494 Mpa,0.0507 Mpa,0.153 Mpa,0.00238 Mpa,0.0453 Mpa,7.99%,1.28%,6.54%,21.4%,15.4%,16.5%,1.37%,6.24%,0.934%,5.06%
2026-07-15 17:00:00,0.0441 Mpa,0.0578 Mpa,0.0355 Mpa,1.49 Mpa,0.0900 Mpa,0.164 Mpa,0.0383 Mpa,0.0569 Mpa,0.103 Mpa,0.133 Mpa,2.90%,1.79%,2.73%,47.4%,4.61%,14.7%,1.05%,3.01%,11.3%,8.66%
2026-07-15 19:00:00,0.0513 Mpa,0.132 Mpa,0.0528 Mpa,0.0786 Mpa,0.121 Mpa,0.334 Mpa,0.127 Mpa,0.0794 Mpa,0.136 Mpa,0.758 Mpa,3.03%,4.59%,2.45%,7.62%,5.80%,13.8%,3.58%,3.27%,6.30%,24.3%
2026-07-15 21:00:00,0.110 Mpa,0.0218 Mpa,0.0267 Mpa,0.114 Mpa,0.0794 Mpa,0.142 Mpa,0.0702 Mpa,0.0443 Mpa,0.282 Mpa,0.249 Mpa,4.72%,0.777%,1.58%,8.48%,4.11%,29.8%,1.95%,3.10%,10.4%,11.2%
2026-07-15 23:00:00,0.118 Mpa,0.0620 Mpa,0.0983 Mpa,0.110 Mpa,0.871 Mpa,0.325 Mpa,0.0767 Mpa,0.0654 Mpa,0.0453 Mpa,0.309 Mpa,4.90%,2.17%,3.79%,8.25%,26.8%,29.2%,2.04%,3.49%,8.81%,12.2%
2026-07-16 01:00:00,0.00346 Mpa,0.0489 Mpa,0.212 Mpa,0.191 Mpa,0.153 Mpa,0.0777 Mpa,0.151 Mpa,0.0895 Mpa,0.0895 Mpa,0.304 Mpa,1.78%,1.60%,6.27%,10.2%,5.88%,13.6%,4.02%,3.98%,3.44%,12.7%
2026-07-16 03:00:00,0.103 Mpa,0.00834 Mpa,0.198 Mpa,0.0783 Mpa,0.116 Mpa,0.132 Mpa,0.0680 Mpa,0.0665 Mpa,0.0365 Mpa,0.0773 Mpa,4.36%,0.241%,7.71%,7.89%,5.58%,6.13%,1.87%,12.9%,2.01%,7.20%
2026-07-16 05:00:00,0.0734 Mpa,0.126 Mpa,0.162 Mpa,0.0590 Mpa,0.152 Mpa,0.0763 Mpa,0.111 Mpa,0.0860 Mpa,0.0709 Mpa,0.0597 Mpa,3.68%,3.88%,6.72%,7.08%,6.39%,10.8%,3.10%,4.36%,3.07%,6.74%
2026-07-16 07:00:00,0.0617 Mpa,0.0887 Mpa,0.0470 Mpa,0.119 Mpa,0.832 Mpa,0.309 Mpa,0.0607 Mpa,0.0980 Mpa,0.206 Mpa,0.0456 Mpa,3.60%,2.56%,2.63%,8.93%,28.3%,10.7%,1.71%,4.58%,6.91%,6.32%
2026-07-16 09:00:00,0.0245 Mpa,0.113 Mpa,0.0173 Mpa,0.106 Mpa,0.764 Mpa,0.621 Mpa,0.0156 Mpa,0.240 Mpa,0.196 Mpa,0.219 Mpa,2.17%,3.40%,1.93%,8.73%,25.0%,20.6%,0.390%,8.47%,6.78%,10.7%
2026-07-16 11:00:00,0.225 Mpa,0.168 Mpa,0.0784 Mpa,0.153 Mpa,0.123 Mpa,0.108 Mpa,0.0587 Mpa,0.321 Mpa,0.174 Mpa,0.145 Mpa,8.30%,5.13%,3.14%,10.3%,5.65%,5.12%,1.69%,10.7%,5.94%,8.44%
2026-07-16 13:00:00,0.128 Mpa,0.0505 Mpa,0.0940 Mpa,0.183 Mpa,1.52 Mpa,0.119 Mpa,0.139 Mpa,0.328 Mpa,0.0792 Mpa,0.993 Mpa,14.0%,1.55%,5.16%,11.3%,53.2%,4.26%,4.09%,11.2%,3.56%,30.9%
2026-07-16 15:00:00,0.0888 Mpa,0.134 Mpa,0.0578 Mpa,0.377 Mpa,0.347 Mpa,0.466 Mpa,0.121 Mpa,0.0122 Mpa,0.0913 Mpa,0.157 Mpa,4.33%,4.47%,2.98%,16.5%,12.3%,15.3%,3.40%,2.09%,3.54%,9.44%
2026-07-16 17:00:00,0.165 Mpa,0.0347 Mpa,0.716 Mpa,0.0600 Mpa,0.212 Mpa,0.430 Mpa,0.109 Mpa,0.0395 Mpa,0.0871 Mpa,0.0651 Mpa,7.14%,1.29%,24.7%,7.77%,8.86%,14.3%,3.04%,2.52%,2.77%,7.00%
2026-07-16 19:00:00,0.0861 Mpa,0.129 Mpa,0.0924 Mpa,0.0932 Mpa,0.413 Mpa,0.0419 Mpa,0.0408 Mpa,0.132 Mpa,0.0912 Mpa,0.0550 Mpa,4.13%,4.46%,4.85%,8.15%,16.5%,1.94%,1.02%,4.79%,3.13%,7.02%
2026-07-16 21:00:00,0.104 Mpa,0.0169 Mpa,0.0985 Mpa,0.0906 Mpa,0.289 Mpa,0.723 Mpa,0.0584 Mpa,0.683 Mpa,0.139 Mpa,0.0301 Mpa,4.57%,0.599%,6.18%,8.34%,11.8%,23.1%,1.55%,20.5%,4.78%,6.11%
2026-07-16 23:00:00,0.520 Mpa,0.115 Mpa,0.0168 Mpa,0.137 Mpa,0.373 Mpa,0.324 Mpa,0.151 Mpa,0.202 Mpa,0.160 Mpa,0.0768 Mpa,17.0%,4.01%,3.11%,9.49%,14.7%,11.2%,4.21%,7.29%,5.30%,7.35%
2026-07-17 01:00:00,0.134 Mpa,0.142 Mpa,0.0296 Mpa,0.166 Mpa,0.459 Mpa,0.378 Mpa,0.192 Mpa,0.740 Mpa,0.233 Mpa,0.0260 Mpa,5.85%,4.90%,1.99%,10.7%,17.8%,12.6%,5.50%,22.2%,7.51%,5.49%
2026-07-17 03:00:00,0.0350 Mpa,0.118 Mpa,0.000706 Mpa,0.0121 Mpa,0.430 Mpa,0.108 Mpa,0.178 Mpa,0.0495 Mpa,0.0621 Mpa,0.0150 Mpa,2.68%,3.99%,1.17%,5.65%,17.0%,4.11%,4.90%,2.60%,2.38%,5.56%
2026-07-17 05:00:00,0.0698 Mpa,0.0643 Mpa,,0.0633 Mpa,0.184 Mpa,0.491 Mpa,0.151 Mpa,0.0335 Mpa,0.108 Mpa,0.100 Mpa,3.77%,1.93%,,7.53%,8.44%,15.7%,4.73%,2.16%,3.66%,8.15%
2026-07-17 07:00:00,0.118 Mpa,0.0954 Mpa,,0.127 Mpa,0.907 Mpa,0.0660 Mpa,0.138 Mpa,0.0138 Mpa,0.134 Mpa,0.102 Mpa,4.92%,3.01%,,9.01%,28.5%,2.96%,4.02%,1.49%,4.41%,7.68%
2026-07-17 09:00:00,0.131 Mpa,0.119 Mpa,,0.0766 Mpa,0.295 Mpa,0.201 Mpa,0.145 Mpa,0.0695 Mpa,0.119 Mpa,0.102 Mpa,5.33%,3.63%,,8.15%,11.9%,6.86%,3.91%,3.53%,4.36%,7.25%
2026-07-17 11:00:00,0.204 Mpa,0.147 Mpa,,0.114 Mpa,0.336 Mpa,0.381 Mpa,0.0564 Mpa,0.114 Mpa,0.160 Mpa,0.0722 Mpa,7.58%,4.53%,,9.37%,13.6%,12.9%,1.57%,4.72%,5.75%,7.15%
2026-07-17 13:00:00,0.493 Mpa,0.0685 Mpa,,0.0214 Mpa,0.316 Mpa,0.0132 Mpa,0.0418 Mpa,0.0618 Mpa,0.159 Mpa,0.0808 Mpa,15.4%,2.35%,,6.72%,12.6%,2.24%,1.85%,3.02%,5.14%,7.81%
2026-07-17 15:00:00,0.0674 Mpa,0.123 Mpa,,0.104 Mpa,0.254 Mpa,0.107 Mpa,0.0131 Mpa,0.169 Mpa,0.0422 Mpa,0.0732 Mpa,3.43%,3.99%,,8.42%,10.5%,3.71%,0.374%,6.60%,1.81%,6.26%
2026-07-17 17:00:00,0.0760 Mpa,0.0244 Mpa,0 Mpa,0.0742 Mpa,0.0719 Mpa,0.240 Mpa,0.220 Mpa,0.114 Mpa,0.128 Mpa,0.160 Mpa,4.12%,0.788%,3.90%,7.84%,4.15%,8.48%,6.19%,4.97%,4.56%,8.30%
2026-07-17 19:00:00,0.109 Mpa,0.279 Mpa,,0.102 Mpa,0.834 Mpa,0.0976 Mpa,0.228 Mpa,0.175 Mpa,0.143 Mpa,0.0740 Mpa,4.81%,9.25%,,8.84%,30.1%,3.52%,6.39%,6.93%,4.89%,6.54%
2026-07-17 21:00:00,0.141 Mpa,0.204 Mpa,0 Mpa,0.00599 Mpa,1.01 Mpa,0.412 Mpa,0.161 Mpa,0.119 Mpa,0.0283 Mpa,0.0417 Mpa,5.82%,6.83%,4%,5.83%,36.9%,13.4%,4.49%,5.11%,1.57%,5.11%
2026-07-17 23:00:00,0.342 Mpa,0.0417 Mpa,0.0000361 Mpa,0.0348 Mpa,0.890 Mpa,0.492 Mpa,0.0842 Mpa,0.0601 Mpa,0.130 Mpa,0.0847 Mpa,12.0%,1.51%,3.78%,6.42%,32.9%,16.6%,2.38%,3.35%,4.49%,6.08%
2026-07-18 01:00:00,0.0990 Mpa,0.0552 Mpa,0.761 Mpa,0.227 Mpa,0.314 Mpa,0.263 Mpa,0.171 Mpa,0.0242 Mpa,0.254 Mpa,0.0150 Mpa,4.57%,1.93%,21.8%,11.8%,12.6%,8.94%,4.84%,2.83%,8.12%,9.07%
2026-07-18 03:00:00,0.123 Mpa,0.135 Mpa,0.343 Mpa,0.110 Mpa,1.49 Mpa,0.162 Mpa,0.000522 Mpa,0.0428 Mpa,0.156 Mpa,0.0926 Mpa,5.15%,4.49%,10.8%,8.66%,52.5%,4.90%,0%,3.31%,5.42%,6.53%
2026-07-18 05:00:00,0.111 Mpa,0.110 Mpa,0.503 Mpa,0.260 Mpa,0.230 Mpa,0.501 Mpa,,0.108 Mpa,0.181 Mpa,0.0597 Mpa,4.86%,3.59%,15.7%,12.8%,8.68%,16.1%,,4.33%,5.94%,6.07%
2026-07-18 07:00:00,0.137 Mpa,0.222 Mpa,0.391 Mpa,0.216 Mpa,0.259 Mpa,0.193 Mpa,,0.415 Mpa,0.150 Mpa,0.145 Mpa,5.14%,7.39%,13.3%,11.7%,10.9%,6.59%,,13.4%,5.00%,8.13%
2026-07-18 09:00:00,0.134 Mpa,0.619 Mpa,0.0583 Mpa,0.0895 Mpa,0.456 Mpa,0.0801 Mpa,,0.136 Mpa,0.187 Mpa,0.0307 Mpa,5.06%,18.9%,4.13%,8.27%,17.4%,3.37%,,5.27%,6.40%,4.50%
2026-07-18 11:00:00,0.115 Mpa,0.0773 Mpa,0.0690 Mpa,0.106 Mpa,0.506 Mpa,0.124 Mpa,0.00912 Mpa,0.0553 Mpa,0.0800 Mpa,0.103 Mpa,5.09%,2.50%,4.29%,8.77%,18.8%,4.57%,3.58%,3.03%,2.91%,8.01%
2026-07-18 13:00:00,0.0331 Mpa,0.118 Mpa,0.0218 Mpa,0.128 Mpa,0.0666 Mpa,0.153 Mpa,,0.0719 Mpa,0.0466 Mpa,0.0914 Mpa,2.40%,3.93%,1.64%,9.16%,3.97%,5.06%,,3.38%,2.11%,8.14%
2026-07-18 15:00:00,0.0892 Mpa,0.246 Mpa,0.0306 Mpa,0.113 Mpa,0.737 Mpa,0.121 Mpa,,0.186 Mpa,0.0720 Mpa,0.00864 Mpa,3.75%,7.90%,14.3%,9.07%,23.7%,4.04%,,6.48%,2.83%,4.76%
2026-07-18 17:00:00,0.440 Mpa,0.0769 Mpa,0.143 Mpa,0.132 Mpa,0.185 Mpa,0.166 Mpa,,0.218 Mpa,0.210 Mpa,0.0600 Mpa,14.4%,2.42%,5.98%,9.52%,8.03%,5.37%,,7.91%,7.59%,6.83%
2026-07-18 19:00:00,0.989 Mpa,0.0512 Mpa,0.0864 Mpa,0.0170 Mpa,0.0824 Mpa,0.211 Mpa,,0.0429 Mpa,0.383 Mpa,0.114 Mpa,30.0%,1.51%,4.57%,6.16%,4.02%,7.22%,,2.82%,12.3%,7.81%
2026-07-18 21:00:00,1.58 Mpa,0.0171 Mpa,0.132 Mpa,0.0689 Mpa,0.0581 Mpa,0.215 Mpa,,0.107 Mpa,0.0655 Mpa,0.0382 Mpa,57.1%,0.367%,6.58%,7.51%,3.30%,7.26%,,4.91%,2.58%,5.16%
2026-07-18 23:00:00,0.115 Mpa,0.0958 Mpa,0.591 Mpa,0.0513 Mpa,0.0655 Mpa,0.0359 Mpa,,0.243 Mpa,0.142 Mpa,0.0589 Mpa,5.40%,2.76%,19.3%,7.18%,3.52%,2.00%,,9.09%,5.26%,6.66%
2026-07-19 01:00:00,0.0584 Mpa,0.0825 Mpa,,0.0442 Mpa,0.256 Mpa,0.0698 Mpa,0.0255 Mpa,0.0630 Mpa,0.257 Mpa,0.0818 Mpa,3.38%,2.58%,,7.06%,10.1%,3.63%,0.927%,3.54%,8.35%,6.61%
2026-07-19 03:00:00,0.148 Mpa,0.123 Mpa,,0.117 Mpa,0.0537 Mpa,0.0605 Mpa,0.306 Mpa,0.0568 Mpa,0.108 Mpa,0.143 Mpa,5.94%,3.98%,,8.91%,3.32%,2.72%,7.95%,3.37%,3.86%,8.15%
2026-07-19 05:00:00,0.0971 Mpa,0.174 Mpa,0.772 Mpa,0.490 Mpa,0.0620 Mpa,0.0550 Mpa,0.0791 Mpa,0.0294 Mpa,0.0947 Mpa,0.0475 Mpa,4.65%,5.51%,25.4%,19.9%,3.84%,2.49%,2.15%,2.27%,3.68%,4.99%
2026-07-19 07:00:00,0.0536 Mpa,0.0935 Mpa,0.573 Mpa,0.0338 Mpa,0.0659 Mpa,0.0925 Mpa,0.0846 Mpa,0.00656 Mpa,0.147 Mpa,0.158 Mpa,3.63%,3.16%,19.1%,6.76%,3.60%,3.68%,2.36%,1.19%,5.31%,8.69%
2026-07-19 09:00:00,0.0738 Mpa,0.114 Mpa,0.496 Mpa,0.0139 Mpa,0.0541 Mpa,0.120 Mpa,0.129 Mpa,0.148 Mpa,0.0874 Mpa,0.0533 Mpa,4.47%,3.96%,17.0%,6.27%,7.13%,4.36%,3.58%,5.77%,3.15%,6.10%
2026-07-19 11:00:00,0.0915 Mpa,0.112 Mpa,0.881 Mpa,0.0284 Mpa,0.224 Mpa,0.109 Mpa,0.224 Mpa,0.0815 Mpa,0.0745 Mpa,0.139 Mpa,5.06%,3.71%,27.8%,6.77%,9.44%,3.89%,6.05%,4.35%,3.54%,7.83%
2026-07-19 13:00:00,0.145 Mpa,0.0795 Mpa,0.0829 Mpa,0.156 Mpa,1.35 Mpa,0.0750 Mpa,0.115 Mpa,0.0960 Mpa,0.0807 Mpa,0.102 Mpa,6.39%,2.48%,7.27%,10.5%,58.9%,3.23%,3.12%,3.98%,3.35%,7.32%
2026-07-19 15:00:00,0.248 Mpa,0.00223 Mpa,0.381 Mpa,0.0918 Mpa,0.0457 Mpa,0.0967 Mpa,0.0336 Mpa,0.0998 Mpa,0.562 Mpa,0.0142 Mpa,9.12%,0.257%,14.1%,8.29%,3.19%,3.77%,0.834%,4.24%,17.7%,5.28%
2026-07-19 17:00:00,0.298 Mpa,0.161 Mpa,0.0368 Mpa,0.379 Mpa,0.119 Mpa,0.0507 Mpa,0.111 Mpa,0.0976 Mpa,0.445 Mpa,0.0399 Mpa,10.2%,5.22%,4.22%,16.7%,5.11%,2.49%,3.19%,4.08%,14.3%,5.05%
2026-07-19 19:00:00,0.0556 Mpa,0.126 Mpa,0.0819 Mpa,0.0505 Mpa,0.0747 Mpa,0.0875 Mpa,0.0104 Mpa,0.0589 Mpa,0.340 Mpa,0.397 Mpa,10.4%,4.54%,3.29%,7.13%,3.34%,4.00%,0.267%,3.15%,11.1%,15.3%
2026-07-19 21:00:00,0.0161 Mpa,0.0935 Mpa,0.173 Mpa,0.0678 Mpa,0.292 Mpa,0.374 Mpa,0.0258 Mpa,0.0981 Mpa,0.321 Mpa,0.0317 Mpa,2.28%,3.58%,7.62%,7.59%,9.94%,12.5%,0.668%,6.27%,10.3%,6.13%
2026-07-19 23:00:00,0.0771 Mpa,0.142 Mpa,0.136 Mpa,0.154 Mpa,0.166 Mpa,0.217 Mpa,0.146 Mpa,0.0519 Mpa,0.233 Mpa,0.148 Mpa,4.13%,4.71%,6.82%,9.96%,7.26%,7.76%,3.94%,2.65%,7.42%,8.96%
2026-07-20 01:00:00,0.0168 Mpa,0.130 Mpa,0.0207 Mpa,0.163 Mpa,0.414 Mpa,0.333 Mpa,0.253 Mpa,0.269 Mpa,0.222 Mpa,0.155 Mpa,2.12%,3.86%,3.41%,10.6%,15.6%,11.2%,6.91%,10.6%,7.79%,9.94%
2026-07-20 03:00:00,0.305 Mpa,0.165 Mpa,0.0802 Mpa,0.0332 Mpa,0.0349 Mpa,0.222 Mpa,0.134 Mpa,0.0564 Mpa,0.301 Mpa,0.0209 Mpa,10.2%,5.07%,3.55%,6.61%,2.50%,7.87%,3.68%,3.75%,9.88%,12.2%
2026-07-20 05:00:00,0.0564 Mpa,0.325 Mpa,0.0611 Mpa,0.0738 Mpa,0.0335 Mpa,0.299 Mpa,0.0794 Mpa,,0.220 Mpa,0.126 Mpa,3.52%,10.2%,11.1%,7.56%,2.35%,9.79%,2.13%,,7.10%,8.01%
2026-07-20 07:00:00,0.128 Mpa,0.167 Mpa,0.0783 Mpa,0.0504 Mpa,0.450 Mpa,0.599 Mpa,0.0562 Mpa,,0.0712 Mpa,0.0280 Mpa,5.48%,6.01%,4.79%,7.40%,16.9%,18.8%,1.50%,,2.66%,4.59%
2026-07-20 09:00:00,0.239 Mpa,0.212 Mpa,0.0829 Mpa,0.0575 Mpa,0.0973 Mpa,0.175 Mpa,0.0462 Mpa,0.756 Mpa,0.310 Mpa,0.0385 Mpa,9.44%,6.60%,5.47%,7.47%,4.52%,6.16%,1.28%,22.5%,11.0%,5.57%
2026-07-20 11:00:00,0.353 Mpa,0.0741 Mpa,0.0586 Mpa,0.228 Mpa,0.161 Mpa,0.548 Mpa,0.100 Mpa,0.203 Mpa,0.421 Mpa,0.0771 Mpa,12.3%,2.84%,4.54%,12.0%,8.47%,17.2%,2.89%,7.48%,13.6%,6.78%
2026-07-20 13:00:00,0.153 Mpa,0.00263 Mpa,0.0894 Mpa,0 Mpa,0.0903 Mpa,0.177 Mpa,0.0851 Mpa,0.0479 Mpa,0.120 Mpa,0.219 Mpa,6.58%,0.132%,4.58%,6.40%,6.09%,5.53%,2.51%,3.64%,4.59%,10.7%
2026-07-20 15:00:00,0.251 Mpa,0.390 Mpa,0.973 Mpa,0.271 Mpa,0.385 Mpa,0.157 Mpa,1.30 Mpa,0.107 Mpa,0.198 Mpa,0.0986 Mpa,9.30%,12.3%,32.7%,14.2%,21.6%,6.57%,34.8%,5.44%,6.72%,7.09%
2026-07-20 17:00:00,,0.0955 Mpa,,0.0559 Mpa,0.0120 Mpa,0.618 Mpa,0.573 Mpa,0.0509 Mpa,0.239 Mpa,0.237 Mpa,,2.93%,,7.37%,0.914%,20.5%,15.5%,3.06%,7.95%,11.2%
2026-07-20 19:00:00,0.118 Mpa,0.0953 Mpa,0.731 Mpa,0.0311 Mpa,0.720 Mpa,0.132 Mpa,0.666 Mpa,0.0123 Mpa,0.204 Mpa,0.0308 Mpa,5.61%,2.96%,20.0%,6.54%,22.5%,4.11%,17.8%,1.87%,6.87%,5.42%
2026-07-20 21:00:00,0.115 Mpa,0.0699 Mpa,0.144 Mpa,0.133 Mpa,0.736 Mpa,0.182 Mpa,0.441 Mpa,0.672 Mpa,1.12 Mpa,0.134 Mpa,5.40%,2.15%,6.70%,9.30%,23.0%,5.53%,12.1%,20.9%,34.1%,7.95%
2026-07-20 23:00:00,0.163 Mpa,0.0270 Mpa,0.150 Mpa,0.0679 Mpa,0.0726 Mpa,0.320 Mpa,0.155 Mpa,0.0959 Mpa,0.00450 Mpa,0.0202 Mpa,14.3%,0.858%,7.30%,8.03%,4.47%,10.4%,4.61%,4.38%,1.73%,5.38%
2026-07-21 01:00:00,0.195 Mpa,0.0513 Mpa,0.0221 Mpa,0.0421 Mpa,0.136 Mpa,0.125 Mpa,0.350 Mpa,0.0576 Mpa,0.0534 Mpa,0.0657 Mpa,16.6%,1.63%,1.78%,6.78%,6.41%,4.64%,9.32%,3.70%,3.82%,6.67%
2026-07-21 03:00:00,0.135 Mpa,0.215 Mpa,0.0124 Mpa,0.0637 Mpa,0.217 Mpa,0.125 Mpa,0.0797 Mpa,0.0899 Mpa,0.188 Mpa,0.158 Mpa,5.94%,6.89%,2.27%,7.38%,8.95%,4.51%,2.23%,4.66%,7.79%,8.95%
2026-07-21 05:00:00,0.0651 Mpa,0.147 Mpa,0.179 Mpa,0.0595 Mpa,0.135 Mpa,0.0591 Mpa,0.0217 Mpa,0.0822 Mpa,0.0777 Mpa,0.0711 Mpa,3.70%,6.49%,8.19%,7.04%,4.93%,5.19%,0.557%,3.64%,2.85%,6.52%
2026-07-21 07:00:00,0.0611 Mpa,0.0510 Mpa,0.179 Mpa,0.0153 Mpa,0.0324 Mpa,0.791 Mpa,0.0826 Mpa,0.0617 Mpa,0.0529 Mpa,0.0232 Mpa,3.65%,1.78%,7.91%,19.9%,3.08%,35.7%,2.15%,3.04%,2.17%,5.69%
2026-07-21 09:00:00,0.166 Mpa,0.0655 Mpa,0.152 Mpa,0.0245 Mpa,0.0648 Mpa,0.187 Mpa,0.548 Mpa,0.0185 Mpa,0.275 Mpa,0.0118 Mpa,7.28%,2.24%,6.89%,5.92%,3.92%,7.54%,14.9%,2.00%,8.84%,4.16%
2026-07-21 11:00:00,0.0938 Mpa,0.118 Mpa,0.0581 Mpa,0.0740 Mpa,0.000202 Mpa,0.0956 Mpa,0.419 Mpa,0.0524 Mpa,0.0836 Mpa,0.168 Mpa,5.00%,3.87%,5.10%,7.25%,1.55%,3.86%,11.7%,2.72%,3.33%,9.53%
2026-07-21 13:00:00,0.0778 Mpa,0.237 Mpa,0.190 Mpa,0.0449 Mpa,0.575 Mpa,0.0712 Mpa,0.660 Mpa,0.0428 Mpa,0.208 Mpa,0.231 Mpa,4.36%,7.14%,8.92%,6.49%,18.7%,2.95%,18.1%,2.92%,7.16%,11.7%
2026-07-21 15:00:00,0.0940 Mpa,0.205 Mpa,0.0575 Mpa,0.0348 Mpa,0.0920 Mpa,0.164 Mpa,0.0260 Mpa,0.0926 Mpa,0.0707 Mpa,0.0147 Mpa,4.41%,6.44%,3.74%,10.4%,4.45%,17.5%,0.697%,4.17%,2.51%,5.29%
2026-07-21 17:00:00,0.115 Mpa,0.0764 Mpa,0.00409 Mpa,0.0565 Mpa,0.288 Mpa,0.0630 Mpa,0.223 Mpa,0.0706 Mpa,0.0759 Mpa,0.138 Mpa,5.88%,2.57%,26.0%,7.13%,10.4%,14.9%,6.36%,3.49%,3.34%,7.94%
2026-07-21 19:00:00,0.0435 Mpa,1.06 Mpa,0.0448 Mpa,0.0213 Mpa,0.149 Mpa,0.164 Mpa,0.411 Mpa,0.0668 Mpa,0.162 Mpa,0.0415 Mpa,3.47%,31.9%,14.9%,6.30%,37.0%,5.71%,11.3%,3.03%,5.59%,5.18%
2026-07-21 21:00:00,0.0353 Mpa,0.249 Mpa,0.240 Mpa,0.0154 Mpa,0.387 Mpa,0.0907 Mpa,0.151 Mpa,0.0330 Mpa,0.0574 Mpa,0.0214 Mpa,2.92%,8.26%,14.7%,6.51%,15.1%,3.47%,4.20%,2.36%,2.35%,4.19%
2026-07-21 23:00:00,0.0700 Mpa,0.533 Mpa,0.0609 Mpa,,0.0115 Mpa,0.0914 Mpa,0.340 Mpa,0.0633 Mpa,0.111 Mpa,0.291 Mpa,4.24%,17.2%,4.68%,,1.76%,3.05%,9.42%,2.97%,3.92%,11.3%
2026-07-22 01:00:00,0.0824 Mpa,0.414 Mpa,0.253 Mpa,0.0205 Mpa,0.0219 Mpa,0.575 Mpa,0.103 Mpa,0.204 Mpa,0.0388 Mpa,0.157 Mpa,4.68%,12.8%,29.3%,6.50%,3.43%,18.2%,2.91%,7.23%,3.08%,8.24%
2026-07-22 03:00:00,0.0774 Mpa,0.353 Mpa,0.00910 Mpa,0.127 Mpa,0.0180 Mpa,0.219 Mpa,0.161 Mpa,0.0277 Mpa,0.108 Mpa,0.0478 Mpa,4.65%,11.7%,7.87%,8.99%,1.97%,7.23%,4.45%,1.67%,4.26%,6.14%
2026-07-22 05:00:00,0.0302 Mpa,0.244 Mpa,0.117 Mpa,0.0557 Mpa,0.0552 Mpa,0.300 Mpa,0.0939 Mpa,0.0551 Mpa,0.0499 Mpa,0.181 Mpa,3.22%,7.83%,4.79%,6.66%,2.76%,15.9%,2.73%,2.77%,5.41%,9.10%
2026-07-22 07:00:00,0.0720 Mpa,0.0265 Mpa,0.106 Mpa,0.0221 Mpa,0.259 Mpa,0.297 Mpa,0.0920 Mpa,0.0502 Mpa,0.247 Mpa,0.379 Mpa,3.88%,2.20%,4.94%,4.83%,10.2%,12.1%,2.56%,2.86%,7.93%,15.2%
2026-07-22 09:00:00,0.0855 Mpa,0.186 Mpa,0.0755 Mpa,0.0791 Mpa,0.365 Mpa,0.0368 Mpa,0.242 Mpa,0.0178 Mpa,0.410 Mpa,0.0959 Mpa,4.02%,6.03%,3.69%,7.30%,13.5%,39.1%,6.73%,1.94%,13.1%,7.17%
2026-07-22 11:00:00,0.226 Mpa,0.573 Mpa,0.0988 Mpa,0.0632 Mpa,0.459 Mpa,0.241 Mpa,0.106 Mpa,0.0485 Mpa,0.229 Mpa,0.151 Mpa,9.83%,17.7%,4.48%,7.03%,17.4%,21.0%,2.86%,2.69%,12.3%,9.14%
2026-07-22 13:00:00,0.174 Mpa,0.0584 Mpa,0.0964 Mpa,0.0235 Mpa,0.244 Mpa,0.0205 Mpa,0.216 Mpa,0.0822 Mpa,0.0733 Mpa,,7.30%,1.81%,4.19%,6.00%,10.6%,21.6%,6.11%,4.15%,2.55%,
2026-07-22 15:00:00,0.214 Mpa,0.00873 Mpa,0.138 Mpa,0.0469 Mpa,0.571 Mpa,1.11 Mpa,0.0294 Mpa,0.0633 Mpa,0.141 Mpa,0.253 Mpa,7.82%,0.268%,6.99%,6.88%,21.3%,40.1%,0.764%,3.73%,5.10%,11.3%
2026-07-22 17:00:00,0.0957 Mpa,0.113 Mpa,0.251 Mpa,0.678 Mpa,0.167 Mpa,0.0675 Mpa,0.0512 Mpa,0.0955 Mpa,0.642 Mpa,0.150 Mpa,7.88%,3.33%,17.6%,24.8%,10.0%,5.10%,1.44%,4.36%,20.7%,8.38%
2026-07-22 19:00:00,0.103 Mpa,0.416 Mpa,0.0639 Mpa,0.0922 Mpa,0.141 Mpa,0.118 Mpa,0.361 Mpa,0.0393 Mpa,0.0508 Mpa,0.0557 Mpa,5.42%,13.4%,3.83%,8.83%,8.10%,4.68%,10.2%,2.26%,2.20%,6.40%
2026-07-22 21:00:00,0.0673 Mpa,0.457 Mpa,0.0867 Mpa,0.0899 Mpa,0.0672 Mpa,0.196 Mpa,0.0594 Mpa,0.0135 Mpa,0.0547 Mpa,0.151 Mpa,4.48%,14.9%,5.66%,8.60%,5.51%,6.75%,1.70%,1.28%,2.32%,8.77%
2026-07-22 23:00:00,0.332 Mpa,0.187 Mpa,0.0724 Mpa,0.0353 Mpa,0.454 Mpa,0.117 Mpa,0.289 Mpa,0.147 Mpa,0.0861 Mpa,0.135 Mpa,11.7%,6.28%,5.13%,6.78%,17.8%,4.45%,7.98%,5.50%,3.56%,7.92%
2026-07-23 01:00:00,0.417 Mpa,0.149 Mpa,0.301 Mpa,0.174 Mpa,0.0258 Mpa,0.539 Mpa,0.334 Mpa,0.0410 Mpa,0.0645 Mpa,0.0188 Mpa,17.3%,5.61%,10.1%,10.4%,9.42%,17.4%,9.45%,2.69%,2.96%,5.35%
2026-07-23 03:00:00,0.102 Mpa,0.0513 Mpa,0.267 Mpa,0.700 Mpa,0.104 Mpa,0.175 Mpa,0.386 Mpa,0.0767 Mpa,0.0271 Mpa,0.0140 Mpa,10.5%,1.67%,9.43%,25.4%,5.72%,5.82%,10.7%,3.84%,1.57%,5.45%
2026-07-23 05:00:00,0.0884 Mpa,0.0387 Mpa,0.0564 Mpa,0.0810 Mpa,0.0909 Mpa,0.235 Mpa,0.106 Mpa,0.0733 Mpa,0.0959 Mpa,0.0414 Mpa,5.32%,1.27%,4.15%,7.71%,4.83%,8.09%,3.07%,3.94%,3.44%,5.69%
2026-07-23 07:00:00,0.251 Mpa,0.0241 Mpa,0.0211 Mpa,0.0741 Mpa,0.0561 Mpa,0.470 Mpa,0.502 Mpa,0.0129 Mpa,0.0573 Mpa,0.115 Mpa,9.42%,0.743%,3.53%,7.30%,3.92%,15.6%,13.9%,1.51%,1.96%,8.11%
2026-07-23 09:00:00,0.0853 Mpa,0.0348 Mpa,0.0215 Mpa,0.363 Mpa,0.231 Mpa,0.115 Mpa,0.294 Mpa,0.0523 Mpa,0.00477 Mpa,0.00467 Mpa,4.69%,0.990%,4.15%,15.4%,10.5%,4.12%,8.33%,2.77%,0.421%,4.73%
2026-07-23 11:00:00,0.157 Mpa,0.0179 Mpa,0.0177 Mpa,0.179 Mpa,0.182 Mpa,0.393 Mpa,0.142 Mpa,0.0343 Mpa,0.113 Mpa,0.112 Mpa,7.22%,0.510%,3.85%,11.2%,8.11%,12.7%,3.91%,2.87%,4.14%,8.21%
2026-07-23 13:00:00,0.185 Mpa,0.0513 Mpa,0.336 Mpa,0.0754 Mpa,0.0718 Mpa,0.315 Mpa,0.608 Mpa,0.0354 Mpa,0.0808 Mpa,0.0306 Mpa,8.36%,1.91%,12.2%,8.47%,4.80%,10.8%,17.8%,2.85%,3.35%,5.87%
2026-07-23 15:00:00,0.272 Mpa,0.00775 Mpa,0.679 Mpa,0.313 Mpa,0.625 Mpa,0.0884 Mpa,0.930 Mpa,0.0495 Mpa,0.0391 Mpa,0.143 Mpa,9.67%,0.215%,21.4%,14.6%,23.8%,3.54%,30.6%,3.16%,1.80%,8.37%
2026-07-23 17:00:00,0.0107 Mpa,0.142 Mpa,0.0128 Mpa,,0.0274 Mpa,0.0886 Mpa,0.0661 Mpa,0.114 Mpa,0.0418 Mpa,0.0618 Mpa,2.31%,4.59%,1.54%,,2.56%,9.65%,4.32%,4.65%,1.85%,6.73%
2026-07-23 19:00:00,0.0610 Mpa,0.0493 Mpa,0.0296 Mpa,0.226 Mpa,0.142 Mpa,0.0113 Mpa,0.304 Mpa,0.0513 Mpa,0.399 Mpa,0.183 Mpa,3.21%,1.93%,2.00%,11.8%,6.93%,77.9%,11.4%,2.88%,12.6%,10.1%
2026-07-23 21:00:00,0 Mpa,0.0242 Mpa,0 Mpa,0.0359 Mpa,0.137 Mpa,0.0258 Mpa,0.407 Mpa,0.0498 Mpa,0.0399 Mpa,0.140 Mpa,1.32%,0.809%,2.37%,5.63%,6.43%,35.8%,12.1%,2.84%,4.06%,7.96%
2026-07-23 23:00:00,0.121 Mpa,0.0451 Mpa,0.0552 Mpa,0.177 Mpa,0.0730 Mpa,0.0545 Mpa,0.0784 Mpa,0.0173 Mpa,0.0763 Mpa,0.0546 Mpa,5.08%,1.46%,3.94%,9.66%,4.50%,2.59%,2.22%,1.69%,2.62%,5.38%
2026-07-24 01:00:00,0.149 Mpa,0.218 Mpa,0.0468 Mpa,0.0279 Mpa,0.559 Mpa,0.108 Mpa,0.137 Mpa,0.0510 Mpa,0.0847 Mpa,0.0571 Mpa,6.30%,7.48%,3.26%,6.18%,20.6%,4.12%,3.75%,2.78%,3.58%,6.75%
2026-07-24 03:00:00,1.16 Mpa,0.0336 Mpa,0.0822 Mpa,0.0767 Mpa,0.229 Mpa,0.319 Mpa,0.181 Mpa,0.0434 Mpa,0.473 Mpa,0.0704 Mpa,34.0%,1.25%,4.37%,11.7%,9.73%,10.5%,4.87%,2.73%,15.8%,7.30%
2026-07-24 05:00:00,0.158 Mpa,0.0765 Mpa,0.0286 Mpa,0.135 Mpa,0.205 Mpa,0.168 Mpa,0.0694 Mpa,0.0573 Mpa,0.0646 Mpa,0.0986 Mpa,6.50%,2.59%,2.22%,9.58%,9.59%,6.10%,1.96%,3.04%,2.93%,7.98%
2026-07-24 07:00:00,0.0986 Mpa,0.0271 Mpa,0.0154 Mpa,0.0244 Mpa,0.162 Mpa,0.131 Mpa,0.0937 Mpa,0.228 Mpa,0.0389 Mpa,0.00446 Mpa,5.56%,0.975%,1.32%,16.1%,7.31%,4.60%,2.73%,8.11%,1.38%,5.26%
2026-07-24 09:00:00,0.148 Mpa,0.109 Mpa,0.00860 Mpa,0.140 Mpa,0.0945 Mpa,0.258 Mpa,0.0208 Mpa,0.212 Mpa,0.0398 Mpa,0.0207 Mpa,6.80%,3.69%,1.27%,9.82%,4.80%,9.23%,0.570%,7.95%,1.77%,4.44%
2026-07-24 11:00:00,0.0585 Mpa,0.0462 Mpa,0.304 Mpa,0.0434 Mpa,0.144 Mpa,0.327 Mpa,0.0917 Mpa,0.0698 Mpa,0.0664 Mpa,0.170 Mpa,3.66%,1.65%,11.1%,7.25%,6.53%,11.2%,2.84%,3.91%,2.88%,9.73%
2026-07-24 13:00:00,0.196 Mpa,0.732 Mpa,0.0396 Mpa,0.0553 Mpa,0.593 Mpa,0.0466 Mpa,0.163 Mpa,0.827 Mpa,0.0405 Mpa,0.0844 Mpa,8.98%,22.9%,1.95%,7.11%,23.3%,2.64%,5.31%,25.7%,2.36%,8.26%
2026-07-24 15:00:00,0.130 Mpa,0.0985 Mpa,0.128 Mpa,0.108 Mpa,0.0623 Mpa,0.160 Mpa,0.825 Mpa,0.192 Mpa,0.0631 Mpa,,5.52%,3.41%,5.48%,8.80%,4.39%,6.07%,23.3%,7.25%,2.70%,
2026-07-24 17:00:00,0.113 Mpa,0.144 Mpa,0.0360 Mpa,0.196 Mpa,0.135 Mpa,0.104 Mpa,0.185 Mpa,0.231 Mpa,0.0536 Mpa,,5.19%,4.85%,2.26%,10.0%,5.76%,3.87%,5.82%,9.00%,2.13%,
2026-07-24 19:00:00,0.250 Mpa,0.0488 Mpa,0.0315 Mpa,0.102 Mpa,0.238 Mpa,0.0438 Mpa,0.422 Mpa,0.0514 Mpa,,,9.51%,1.57%,2.99%,7.79%,8.34%,2.01%,14.1%,2.72%,,
2026-07-24 21:00:00,0.0923 Mpa,0.0494 Mpa,0.0880 Mpa,0.202 Mpa,0.199 Mpa,0.0891 Mpa,0.363 Mpa,0.0882 Mpa,,,5.31%,1.53%,4.83%,11.2%,7.31%,3.46%,11.9%,4.07%,,
2026-07-24 23:00:00,0.489 Mpa,0.862 Mpa,0.0703 Mpa,0.809 Mpa,0.0774 Mpa,0.253 Mpa,0.196 Mpa,0.0613 Mpa,0 Mpa,,16.2%,26.1%,2.76%,28.6%,4.21%,8.39%,6.28%,3.63%,0%,
2026-07-25 01:00:00,0.704 Mpa,0.107 Mpa,0.0392 Mpa,0.108 Mpa,0.258 Mpa,0.0911 Mpa,0.125 Mpa,0.0957 Mpa,0.0136 Mpa,0.00487 Mpa,22.7%,3.36%,1.56%,9.25%,9.71%,3.80%,4.28%,4.79%,0.443%,5.44%
2026-07-25 03:00:00,0.490 Mpa,0.0678 Mpa,0.104 Mpa,,0.153 Mpa,0.0923 Mpa,0.276 Mpa,0.0661 Mpa,0.0945 Mpa,0.112 Mpa,24.6%,2.19%,5.57%,,6.98%,3.48%,7.54%,5.99%,9.09%,8.45%
2026-07-25 05:00:00,0.762 Mpa,0.0821 Mpa,0.0611 Mpa,,0.0742 Mpa,0.215 Mpa,0.152 Mpa,0.115 Mpa,0.0539 Mpa,0.119 Mpa,34.1%,2.54%,3.25%,,3.79%,7.47%,4.29%,6.75%,2.02%,7.98%
2026-07-25 07:00:00,0.194 Mpa,0.167 Mpa,0.125 Mpa,,0.0709 Mpa,0.0500 Mpa,0.0344 Mpa,0.0451 Mpa,0.0705 Mpa,0.123 Mpa,10.6%,5.31%,5.68%,,4.62%,2.84%,0.884%,2.86%,2.67%,7.57%
2026-07-25 09:00:00,0.688 Mpa,0.0279 Mpa,0.00828 Mpa,0.0584 Mpa,0.0508 Mpa,0.149 Mpa,0.204 Mpa,0.871 Mpa,0.0166 Mpa,0.0852 Mpa,23.4%,0.840%,2.84%,7.35%,3.23%,6.35%,5.66%,26.9%,1.39%,7.67%
2026-07-25 11:00:00,0.285 Mpa,0.00808 Mpa,0.0698 Mpa,,0.468 Mpa,0.278 Mpa,0.254 Mpa,0.0452 Mpa,0.0733 Mpa,0.00588 Mpa,12.0%,0.369%,4.03%,,17.5%,9.35%,8.53%,2.99%,2.88%,10.2%
2026-07-25 13:00:00,0.659 Mpa,0.0530 Mpa,0.109 Mpa,,0.756 Mpa,0.217 Mpa,0.319 Mpa,0.0284 Mpa,0.0295 Mpa,0.00607 Mpa,20.6%,1.97%,5.63%,,35.0%,7.52%,10.2%,2.50%,1.46%,7.76%
2026-07-25 15:00:00,0.376 Mpa,0.0239 Mpa,0.0243 Mpa,0.00245 Mpa,0.316 Mpa,0.219 Mpa,0.490 Mpa,0.313 Mpa,0.818 Mpa,0.0506 Mpa,12.8%,0.763%,3.57%,7.14%,12.9%,7.13%,13.5%,12.2%,25.3%,6.10%
2026-07-25 17:00:00,0.104 Mpa,0.0636 Mpa,0.0560 Mpa,,0.512 Mpa,0.143 Mpa,0.160 Mpa,0.0373 Mpa,0.166 Mpa,0.0288 Mpa,4.94%,2.14%,5.08%,,18.9%,5.14%,5.43%,2.10%,5.88%,5.60%
2026-07-25 19:00:00,0.208 Mpa,0.0210 Mpa,0.0211 Mpa,,0.473 Mpa,0.268 Mpa,0.255 Mpa,0.00959 Mpa,0.303 Mpa,0.121 Mpa,8.34%,0.872%,3.05%,,16.3%,9.17%,8.24%,1.53%,9.64%,10.2%
2026-07-25 21:00:00,0.158 Mpa,0.0693 Mpa,0.175 Mpa,,0.138 Mpa,0.127 Mpa,0.349 Mpa,0.0646 Mpa,0.210 Mpa,0.0488 Mpa,7.77%,2.49%,7.66%,,6.47%,4.58%,9.61%,3.01%,6.63%,6.40%
2026-07-25 23:00:00,0.0730 Mpa,0.0638 Mpa,0.0573 Mpa,0.178 Mpa,0.230 Mpa,0.674 Mpa,0.196 Mpa,0.455 Mpa,0.118 Mpa,0.0742 Mpa,4.12%,2.27%,4.81%,7.65%,10.6%,21.7%,5.24%,14.5%,3.74%,6.47%
2026-07-26 01:00:00,0.209 Mpa,0.0791 Mpa,0.00538 Mpa,0.0699 Mpa,0.0494 Mpa,0.304 Mpa,0.382 Mpa,0.113 Mpa,0.0877 Mpa,0.0236 Mpa,8.09%,2.82%,2.70%,9.20%,3.49%,9.95%,10.6%,5.17%,3.13%,10.5%
2026-07-26 03:00:00,0.0184 Mpa,0.117 Mpa,0.0152 Mpa,0.576 Mpa,0.0188 Mpa,,0.0182 Mpa,0.0828 Mpa,0.149 Mpa,0.0361 Mpa,2.62%,3.82%,3.17%,21.3%,2.49%,,0.433%,3.63%,5.47%,4.64%
2026-07-26 05:00:00,0.151 Mpa,0.234 Mpa,0.0766 Mpa,1.00 Mpa,0.129 Mpa,,0.200 Mpa,0.0995 Mpa,0.0973 Mpa,0.102 Mpa,6.43%,7.99%,3.75%,33.4%,5.61%,,5.57%,4.66%,3.38%,6.66%
2026-07-26 07:00:00,0.235 Mpa,0.447 Mpa,0.132 Mpa,0.0907 Mpa,0.143 Mpa,,0.283 Mpa,0.0805 Mpa,0.0928 Mpa,0.0927 Mpa,8.82%,14.9%,6.13%,8.26%,5.39%,,7.92%,4.14%,3.49%,7.67%
2026-07-26 09:00:00,0.0905 Mpa,0.124 Mpa,0.137 Mpa,0.0720 Mpa,0.541 Mpa,,0.120 Mpa,0.0887 Mpa,0.176 Mpa,0.128 Mpa,4.62%,4.00%,6.75%,7.93%,19.8%,,3.32%,4.41%,6.03%,8.72%
2026-07-26 11:00:00,0.142 Mpa,0.0938 Mpa,0.0301 Mpa,0.153 Mpa,0.177 Mpa,0.203 Mpa,0.0750 Mpa,0.0799 Mpa,0.526 Mpa,0.0778 Mpa,6.07%,2.93%,3.28%,10.4%,8.15%,7.11%,2.49%,4.05%,16.9%,7.27%
2026-07-26 13:00:00,0.0399 Mpa,0.165 Mpa,0.0890 Mpa,,0.0875 Mpa,,0.476 Mpa,0.0283 Mpa,0.143 Mpa,0.142 Mpa,2.94%,5.20%,5.25%,,4.39%,,16.5%,2.45%,5.47%,8.74%
2026-07-26 15:00:00,0.0413 Mpa,0.0207 Mpa,0.144 Mpa,,0.175 Mpa,,0.0642 Mpa,0.176 Mpa,0.214 Mpa,0.143 Mpa,3.09%,0.551%,8.10%,,7.33%,,1.98%,7.09%,7.98%,8.75%
2026-07-26 17:00:00,0.0271 Mpa,0.0996 Mpa,0.0522 Mpa,,0.176 Mpa,,0.207 Mpa,0.172 Mpa,0.169 Mpa,0.0342 Mpa,2.91%,3.40%,4.06%,,7.63%,,6.58%,6.39%,6.32%,5.68%
2026-07-26 19:00:00,0.143 Mpa,0.0376 Mpa,0.117 Mpa,,0.219 Mpa,,0.0151 Mpa,0.170 Mpa,0.0792 Mpa,0.125 Mpa,6.17%,1.29%,6.45%,,9.59%,,0.488%,6.16%,3.01%,8.38%
2026-07-26 21:00:00,0.0692 Mpa,0.123 Mpa,0.0881 Mpa,,0.802 Mpa,,0.225 Mpa,0.119 Mpa,0.00447 Mpa,0.131 Mpa,4.01%,4.11%,5.52%,,29.3%,,7.14%,4.87%,0.765%,7.69%
2026-07-26 23:00:00,0.0284 Mpa,0.329 Mpa,0.0382 Mpa,,0.667 Mpa,,0.0780 Mpa,0.0773 Mpa,0.0709 Mpa,0.00688 Mpa,3.21%,10.8%,3.64%,,23.5%,,2.42%,3.38%,2.41%,5.72%
2026-07-27 01:00:00,0.408 Mpa,0 Mpa,0.145 Mpa,0.0509 Mpa,0.186 Mpa,,0.0697 Mpa,0.595 Mpa,0.246 Mpa,0 Mpa,13.9%,0%,6.98%,35.9%,7.34%,,1.76%,18.3%,7.85%,62.5%
2026-07-27 03:00:00,0.108 Mpa,0.131 Mpa,0.209 Mpa,,0.416 Mpa,0 Mpa,0.119 Mpa,0.226 Mpa,0.163 Mpa,0.0432 Mpa,5.47%,4.84%,8.48%,,15.8%,1.91%,3.19%,7.73%,4.99%,5.49%
2026-07-27 05:00:00,0.196 Mpa,0.312 Mpa,0.108 Mpa,0.784 Mpa,0.127 Mpa,0 Mpa,0.231 Mpa,0.259 Mpa,0.0449 Mpa,0.144 Mpa,7.95%,9.19%,4.89%,27.8%,5.68%,2.19%,6.62%,8.55%,2.28%,7.65%
2026-07-27 07:00:00,0.240 Mpa,0.284 Mpa,0.0318 Mpa,0.221 Mpa,0.230 Mpa,,0.180 Mpa,0.0598 Mpa,0.409 Mpa,0.0304 Mpa,9.11%,8.78%,3.39%,11.9%,9.61%,,5.28%,3.24%,13.2%,5.51%
2026-07-27 09:00:00,0.0342 Mpa,0.296 Mpa,0.0850 Mpa,0.0518 Mpa,0.153 Mpa,0.116 Mpa,0.117 Mpa,0.0404 Mpa,0.197 Mpa,0.0940 Mpa,3.03%,9.04%,5.02%,7.39%,7.19%,4.38%,3.81%,4.67%,5.99%,7.62%
2026-07-27 11:00:00,0.182 Mpa,0.106 Mpa,0.0654 Mpa,0.328 Mpa,0.112 Mpa,0.252 Mpa,0.286 Mpa,0.490 Mpa,0.0783 Mpa,0.161 Mpa,7.19%,3.69%,4.55%,15.2%,5.90%,8.87%,9.29%,15.5%,4.26%,9.58%
2026-07-27 13:00:00,0.124 Mpa,0.128 Mpa,0.0785 Mpa,0.198 Mpa,0.113 Mpa,0.143 Mpa,0.371 Mpa,0.0653 Mpa,0.0918 Mpa,0.0507 Mpa,17.9%,4.21%,5.80%,11.8%,5.01%,5.72%,12.4%,3.36%,3.64%,5.08%
2026-07-27 15:00:00,0.0746 Mpa,0.0196 Mpa,0.347 Mpa,0.257 Mpa,0.0189 Mpa,0.0780 Mpa,0.171 Mpa,0.0471 Mpa,0.165 Mpa,0.116 Mpa,14.3%,0.651%,14.2%,13.4%,2.15%,3.42%,5.75%,2.93%,6.35%,7.94%
2026-07-27 17:00:00,0.145 Mpa,0.0716 Mpa,,0.128 Mpa,0.0235 Mpa,0.156 Mpa,0.195 Mpa,0.575 Mpa,0.0925 Mpa,0.0676 Mpa,9.47%,2.50%,,9.47%,2.66%,5.96%,6.50%,17.7%,3.81%,5.36%
2026-07-27 19:00:00,0.157 Mpa,0.0198 Mpa,2.10 Mpa,0.557 Mpa,0.165 Mpa,0.272 Mpa,0.539 Mpa,0.0215 Mpa,0.0655 Mpa,0.133 Mpa,7.04%,0.752%,55.3%,21.6%,7.53%,9.33%,17.8%,1.23%,2.70%,9.39%
2026-07-27 21:00:00,0 Mpa,0.127 Mpa,0.0266 Mpa,0.118 Mpa,0.183 Mpa,0.0984 Mpa,0.335 Mpa,0.0425 Mpa,0.601 Mpa,0.0655 Mpa,2%,4.75%,0.333%,9.17%,8.21%,3.83%,10.9%,1.74%,18.7%,5.85%
2026-07-27 23:00:00,0.0947 Mpa,0.0496 Mpa,0.197 Mpa,0.321 Mpa,0.201 Mpa,0.0743 Mpa,0.101 Mpa,0.0257 Mpa,0.0972 Mpa,0.00832 Mpa,4.08%,1.96%,5.58%,14.7%,8.56%,3.10%,3.31%,1.77%,3.55%,4.11%
2026-07-28 01:00:00,0.393 Mpa,0.135 Mpa,0.00254 Mpa,0.181 Mpa,0.241 Mpa,0.197 Mpa,0.223 Mpa,0.0514 Mpa,0.167 Mpa,0.385 Mpa,13.3%,4.52%,1.90%,11.1%,10.1%,6.85%,7.43%,2.84%,5.88%,23.7%
2026-07-28 03:00:00,0.619 Mpa,0.0770 Mpa,0.0231 Mpa,0.299 Mpa,0.288 Mpa,0.730 Mpa,0.311 Mpa,0.0498 Mpa,0.173 Mpa,0.420 Mpa,20.4%,2.67%,2.89%,14.3%,11.7%,23.6%,10.4%,2.47%,5.95%,25.1%
2026-07-28 05:00:00,0.0643 Mpa,0.147 Mpa,0.0641 Mpa,0.208 Mpa,0.0214 Mpa,0.442 Mpa,0.193 Mpa,0.129 Mpa,0.128 Mpa,0.679 Mpa,4.18%,4.94%,6.84%,11.7%,2.32%,13.9%,6.16%,4.79%,4.28%,21.6%
2026-07-28 07:00:00,0.567 Mpa,0.245 Mpa,0.00953 Mpa,0.0258 Mpa,0.0928 Mpa,0.160 Mpa,0.0564 Mpa,0.0647 Mpa,0.0559 Mpa,0.386 Mpa,18.7%,8.18%,2.80%,6.52%,5.02%,4.29%,1.86%,3.08%,2.69%,14.2%
2026-07-28 09:00:00,0.217 Mpa,0.582 Mpa,0.0450 Mpa,0.0147 Mpa,0.0634 Mpa,0.224 Mpa,0.181 Mpa,0.0289 Mpa,0.00863 Mpa,0.104 Mpa,8.57%,19.0%,4.25%,6.00%,3.76%,7.27%,6.13%,2.21%,2.13%,7.30%
2026-07-28 11:00:00,0.260 Mpa,0.160 Mpa,0.0708 Mpa,0.00799 Mpa,0.332 Mpa,0.359 Mpa,0.0445 Mpa,0.0311 Mpa,0.146 Mpa,0.106 Mpa,10.8%,5.46%,4.90%,6.12%,13.8%,12.4%,1.39%,2.46%,5.36%,7.06%
2026-07-28 13:00:00,0.451 Mpa,0.150 Mpa,0.0368 Mpa,0.0874 Mpa,0.000792 Mpa,0.385 Mpa,0.0394 Mpa,0.0503 Mpa,0.933 Mpa,0.0553 Mpa,19.0%,5.17%,70.9%,8.52%,7.29%,13.6%,1.16%,3.09%,29.2%,5.31%
2026-07-28 15:00:00,0.367 Mpa,0.00855 Mpa,0.00612 Mpa,0.0933 Mpa,0.0243 Mpa,0.105 Mpa,0.0866 Mpa,0.220 Mpa,0.308 Mpa,0.261 Mpa,12.8%,0.527%,93.3%,8.82%,2.75%,4.67%,2.85%,7.87%,10.7%,10.8%
2026-07-28 17:00:00,0.191 Mpa,0.181 Mpa,0.00431 Mpa,0.0246 Mpa,0.0488 Mpa,0.236 Mpa,0.105 Mpa,0.280 Mpa,0.257 Mpa,0.198 Mpa,7.35%,5.62%,98.7%,7.57%,3.56%,8.85%,4.21%,9.78%,8.63%,9.89%
2026-07-28 19:00:00,0.397 Mpa,0.0880 Mpa,,0.0492 Mpa,0.0761 Mpa,0.0255 Mpa,0.0586 Mpa,0.0633 Mpa,0.352 Mpa,0.0947 Mpa,16.1%,2.91%,,7.31%,3.82%,1.79%,1.98%,3.51%,11.8%,7.09%
2026-07-28 21:00:00,0.520 Mpa,1.43 Mpa,0.520 Mpa,0.150 Mpa,0.0280 Mpa,0.162 Mpa,0.361 Mpa,0.0406 Mpa,0.284 Mpa,0.0442 Mpa,19.0%,43.2%,15.6%,9.91%,2.36%,5.91%,11.5%,2.19%,9.85%,5.02%
2026-07-28 23:00:00,,0.318 Mpa,0.175 Mpa,0.313 Mpa,0.124 Mpa,0.109 Mpa,0.175 Mpa,0.295 Mpa,0.0822 Mpa,0.128 Mpa,,10.3%,5.42%,14.7%,5.71%,5.21%,5.88%,10.0%,3.64%,7.89%
2026-07-29 01:00:00,,0.0538 Mpa,0.0262 Mpa,0.233 Mpa,0.376 Mpa,0.456 Mpa,0.128 Mpa,0.413 Mpa,0.281 Mpa,0.00694 Mpa,,1.66%,0.661%,12.2%,13.1%,14.6%,4.40%,13.8%,9.00%,4.91%
2026-07-29 03:00:00,,0 Mpa,0.0157 Mpa,0.282 Mpa,0.123 Mpa,0.410 Mpa,0.389 Mpa,0.135 Mpa,0.405 Mpa,0.111 Mpa,,0%,0.241%,13.6%,4.64%,12.6%,13.1%,6.02%,12.9%,7.53%
2026-07-29 05:00:00,,0.278 Mpa,0.199 Mpa,0.0512 Mpa,0.169 Mpa,0.320 Mpa,0.151 Mpa,0.0150 Mpa,0.307 Mpa,0.0293 Mpa,,8.81%,6.37%,7.27%,7.85%,9.48%,5.24%,1.53%,10.3%,10.5%
2026-07-29 07:00:00,,0.286 Mpa,0.100 Mpa,0.122 Mpa,0.183 Mpa,0.417 Mpa,0.109 Mpa,0.00787 Mpa,0.351 Mpa,0.136 Mpa,,9.29%,4.81%,9.49%,8.12%,12.8%,3.73%,1.13%,12.4%,7.73%
2026-07-29 09:00:00,,0.127 Mpa,0.107 Mpa,0.356 Mpa,0.271 Mpa,0.353 Mpa,0.0757 Mpa,0.219 Mpa,0.240 Mpa,0.0545 Mpa,,4.59%,6.68%,16.1%,10.4%,11.3%,2.47%,7.54%,8.49%,5.66%
2026-07-29 11:00:00,,0.247 Mpa,0.296 Mpa,0 Mpa,0.0941 Mpa,1.35 Mpa,0.0779 Mpa,0.156 Mpa,0.117 Mpa,0.797 Mpa,,8.31%,10.8%,6.80%,4.86%,42.3%,2.57%,6.14%,3.98%,26.3%
2026-07-29 13:00:00,0.0848 Mpa,0.116 Mpa,0.0676 Mpa,0.00952 Mpa,0.148 Mpa,0.415 Mpa,0.387 Mpa,0.142 Mpa,0.154 Mpa,,4.76%,3.84%,2.13%,6.98%,6.98%,12.9%,12.7%,5.39%,6.04%,
2026-07-29 15:00:00,0.575 Mpa,0.0982 Mpa,1.80 Mpa,0.100 Mpa,0.211 Mpa,0.975 Mpa,0.0978 Mpa,0.236 Mpa,0.400 Mpa,0.383 Mpa,19.8%,3.27%,47.3%,8.99%,9.16%,30.7%,3.30%,8.30%,14.1%,15.4%
2026-07-29 17:00:00,0.301 Mpa,0.285 Mpa,0.104 Mpa,0.0821 Mpa,0.0915 Mpa,0.0721 Mpa,0.0763 Mpa,0.147 Mpa,0.142 Mpa,0.0749 Mpa,11.4%,9.93%,2.59%,8.24%,4.43%,3.44%,2.50%,6.19%,5.28%,7.05%
2026-07-29 19:00:00,0.271 Mpa,0.0205 Mpa,,0.0577 Mpa,0.0961 Mpa,0.268 Mpa,0.256 Mpa,0.0771 Mpa,0.0410 Mpa,0.0433 Mpa,12.1%,0.709%,,7.63%,4.71%,9.87%,8.26%,4.14%,1.99%,5.62%
2026-07-29 21:00:00,0.0981 Mpa,0.0265 Mpa,,0.0755 Mpa,0.262 Mpa,0.0683 Mpa,0.413 Mpa,0.0278 Mpa,0.0921 Mpa,0.0653 Mpa,6.41%,0.775%,,7.91%,9.98%,2.98%,13.4%,2.02%,3.94%,6.15%
2026-07-29 23:00:00,0.150 Mpa,0.0316 Mpa,,0.0200 Mpa,0.0756 Mpa,0.158 Mpa,0.145 Mpa,0.256 Mpa,0.0819 Mpa,0.700 Mpa,7.00%,0.916%,,6.36%,3.33%,4.76%,4.76%,8.89%,3.59%,22.1%
2026-07-30 01:00:00,0.0388 Mpa,0.0548 Mpa,,0.0763 Mpa,0.0985 Mpa,0.210 Mpa,0.130 Mpa,0.0660 Mpa,0.730 Mpa,0.170 Mpa,3.75%,1.80%,,7.89%,4.19%,7.03%,4.63%,3.37%,22.2%,8.53%
2026-07-30 03:00:00,0.0403 Mpa,0.196 Mpa,,0.0201 Mpa,0.317 Mpa,0.625 Mpa,0.217 Mpa,0.0672 Mpa,0.161 Mpa,0.137 Mpa,3.73%,6.77%,,6.32%,12.1%,20.7%,6.78%,3.19%,6.54%,8.65%
2026-07-30 05:00:00,0.112 Mpa,0.0582 Mpa,,0.0670 Mpa,0.153 Mpa,0.0824 Mpa,0.0605 Mpa,0.0647 Mpa,0.317 Mpa,0.0288 Mpa,5.79%,1.90%,,6.90%,6.75%,4.49%,1.57%,3.30%,11.0%,6.09%
2026-07-30 07:00:00,0.123 Mpa,0.00806 Mpa,0.0928 Mpa,0.0223 Mpa,0.0969 Mpa,0.0533 Mpa,0.200 Mpa,0.0867 Mpa,0.276 Mpa,0.0837 Mpa,5.82%,0.835%,2.59%,5.31%,4.19%,41.8%,5.54%,4.10%,9.05%,7.44%
2026-07-30 09:00:00,0.0475 Mpa,0.0386 Mpa,0.0596 Mpa,0.0361 Mpa,0.135 Mpa,0.105 Mpa,0.113 Mpa,0.123 Mpa,0.346 Mpa,0.0628 Mpa,3.43%,1.75%,1.50%,15.6%,6.07%,8.22%,3.33%,5.10%,11.8%,6.62%
2026-07-30 11:00:00,0.0652 Mpa,0.0304 Mpa,0.227 Mpa,0.0465 Mpa,0.0718 Mpa,0.597 Mpa,0.716 Mpa,0.131 Mpa,0.0257 Mpa,0.0545 Mpa,4.67%,1.27%,6.29%,7.35%,3.34%,29.4%,23.9%,5.17%,0.371%,5.77%
2026-07-30 13:00:00,0.0425 Mpa,0.0656 Mpa,0.0222 Mpa,0.172 Mpa,0.0819 Mpa,0.0956 Mpa,0.507 Mpa,0.108 Mpa,,0.0458 Mpa,3.38%,2.33%,0.493%,10.3%,4.25%,6.47%,16.4%,4.76%,,5.80%
2026-07-30 15:00:00,0.334 Mpa,0.111 Mpa,0.239 Mpa,0.0657 Mpa,0.0594 Mpa,0.0942 Mpa,0.0562 Mpa,0.192 Mpa,,0.114 Mpa,11.6%,3.68%,7.02%,6.99%,3.04%,4.26%,1.71%,8.44%,,7.90%
2026-07-30 17:00:00,0.707 Mpa,0.0477 Mpa,0.164 Mpa,0.140 Mpa,0.233 Mpa,0.127 Mpa,0.0285 Mpa,0.142 Mpa,,0.109 Mpa,26.4%,1.41%,5.13%,9.62%,9.08%,16.1%,0.844%,5.26%,,7.60%
2026-07-30 19:00:00,0.112 Mpa,,0.0126 Mpa,0.162 Mpa,0.0915 Mpa,0.256 Mpa,0.468 Mpa,0.359 Mpa,,0.227 Mpa,6.53%,,0.191%,10.6%,6.70%,8.96%,15.1%,11.2%,,10.7%
2026-07-30 21:00:00,0.105 Mpa,,0.0802 Mpa,0.0339 Mpa,0 Mpa,0.819 Mpa,0.156 Mpa,0.0329 Mpa,,0.102 Mpa,6.14%,,13.7%,6.75%,16.8%,25.6%,5.04%,2.36%,,7.53%
2026-07-30 23:00:00,0.128 Mpa,,0.0982 Mpa,0.0690 Mpa,0.116 Mpa,0.0715 Mpa,0.170 Mpa,0.0199 Mpa,0.110 Mpa,0.195 Mpa,7.43%,,8.44%,7.15%,5.75%,2.55%,5.32%,1.90%,4.06%,9.55%
2026-07-31 01:00:00,0.102 Mpa,0 Mpa,0.224 Mpa,0.125 Mpa,0.00647 Mpa,0.0255 Mpa,0.0546 Mpa,0.127 Mpa,0.0496 Mpa,0.0364 Mpa,4.91%,0%,6.87%,8.69%,17.6%,1.41%,1.61%,5.07%,1.06%,5.72%
2026-07-31 03:00:00,0.125 Mpa,0.126 Mpa,0.0322 Mpa,0.356 Mpa,0.00377 Mpa,,0.186 Mpa,0.0630 Mpa,0.486 Mpa,0.0351 Mpa,7.85%,4.18%,0.871%,15.9%,16.4%,,6.11%,3.20%,14.7%,6.48%
2026-07-31 05:00:00,0.0680 Mpa,0.109 Mpa,0.311 Mpa,0.106 Mpa,0.0893 Mpa,,0.369 Mpa,0.0272 Mpa,0.124 Mpa,0.159 Mpa,3.45%,3.64%,9.03%,38.8%,7.49%,,12.3%,2.01%,3.67%,9.23%
2026-07-31 07:00:00,0.587 Mpa,0.0668 Mpa,0.135 Mpa,0.0777 Mpa,0.198 Mpa,,0.0612 Mpa,0.0328 Mpa,0.369 Mpa,0.0605 Mpa,19.7%,2.54%,3.91%,7.07%,7.70%,,2.01%,2.24%,11.0%,6.03%
2026-07-31 09:00:00,0.202 Mpa,0.105 Mpa,0.0521 Mpa,0.0557 Mpa,0.0618 Mpa,,0.00618 Mpa,0.0858 Mpa,0.0787 Mpa,0.104 Mpa,8.06%,3.42%,1.35%,12.3%,3.49%,,0.142%,4.05%,2.61%,7.35%
2026-07-31 11:00:00,0.165 Mpa,0.0172 Mpa,0.0554 Mpa,0.0193 Mpa,0.0268 Mpa,0.394 Mpa,0.231 Mpa,0.0351 Mpa,0.0528 Mpa,0.0216 Mpa,7.65%,2.03%,1.26%,6.16%,1.91%,13.3%,7.70%,2.29%,1.84%,5.18%
2026-07-31 13:00:00,0.101 Mpa,0.308 Mpa,0.229 Mpa,0.0988 Mpa,0.165 Mpa,0.102 Mpa,0.200 Mpa,1.19 Mpa,0.0996 Mpa,0.251 Mpa,4.62%,9.88%,6.80%,8.31%,6.11%,3.84%,6.80%,35.5%,2.94%,11.6%
2026-07-31 15:00:00,0.0765 Mpa,0.0540 Mpa,0.0130 Mpa,0.0193 Mpa,0.0560 Mpa,0.268 Mpa,0.298 Mpa,0.184 Mpa,0.121 Mpa,0.0157 Mpa,3.98%,1.74%,0.160%,15.8%,2.94%,8.92%,9.74%,7.78%,4.50%,11.2%
2026-07-31 17:00:00,0.106 Mpa,0.0187 Mpa,0.0604 Mpa,0.147 Mpa,0.102 Mpa,0.0514 Mpa,0.354 Mpa,0.636 Mpa,0.114 Mpa,0.395 Mpa,4.76%,0.594%,3.20%,9.32%,5.24%,2.38%,11.5%,19.9%,4.54%,18.1%
2026-07-31 19:00:00,0.0571 Mpa,0.112 Mpa,0.0695 Mpa,0.0521 Mpa,0.000467 Mpa,0.209 Mpa,0.287 Mpa,0.0670 Mpa,0.131 Mpa,1.23 Mpa,3.58%,3.73%,5.95%,7.54%,14.0%,9.49%,9.98%,3.28%,4.86%,36.6%
2026-07-31 21:00:00,0.0401 Mpa,0.0836 Mpa,0.0780 Mpa,0.0659 Mpa,0.244 Mpa,0.0642 Mpa,0.110 Mpa,0.274 Mpa,0.403 Mpa,0.0704 Mpa,3.41%,2.93%,2.38%,7.54%,8.44%,4.34%,3.47%,9.07%,12.3%,5.97%
2026-07-31 23:00:00,0.125 Mpa,0.170 Mpa,0.192 Mpa,0.125 Mpa,0.0919 Mpa,0.522 Mpa,0.121 Mpa,0.204 Mpa,0.657 Mpa,0.0282 Mpa,5.96%,5.45%,17.1%,8.84%,4.56%,18.6%,3.20%,7.81%,20.3%,5.60%
2026-08-01 01:00:00,0.0508 Mpa,0.336 Mpa,0.0618 Mpa,0.0235 Mpa,0.0722 Mpa,0.379 Mpa,0.296 Mpa,0.0898 Mpa,0.261 Mpa,0.0725 Mpa,3.56%,10.9%,5.02%,6.56%,5.11%,15.5%,8.06%,4.28%,8.33%,7.36%
2026-08-01 03:00:00,0.0471 Mpa,0.200 Mpa,0.101 Mpa,0.0499 Mpa,0.135 Mpa,0.344 Mpa,0.178 Mpa,0.0186 Mpa,0.216 Mpa,0.213 Mpa,3.44%,6.41%,3.06%,7.30%,7.36%,14.0%,5.83%,1.81%,7.33%,9.57%
2026-08-01 05:00:00,0.124 Mpa,0.104 Mpa,0.00419 Mpa,0.0588 Mpa,0.203 Mpa,0.225 Mpa,0.147 Mpa,0.154 Mpa,0.267 Mpa,0.0773 Mpa,5.83%,4.01%,0%,7.81%,9.03%,9.47%,4.66%,6.00%,8.70%,5.83%
2026-08-01 07:00:00,0.0746 Mpa,0.126 Mpa,0.585 Mpa,0.0648 Mpa,0.0575 Mpa,0.162 Mpa,0.0307 Mpa,0.137 Mpa,0.150 Mpa,0.0736 Mpa,4.25%,4.84%,17.3%,7.68%,5.47%,6.28%,0.878%,5.72%,5.14%,6.27%
2026-08-01 09:00:00,0.0544 Mpa,0.179 Mpa,0.155 Mpa,0.0429 Mpa,0.132 Mpa,0.163 Mpa,0.0376 Mpa,0.469 Mpa,0.0342 Mpa,0.116 Mpa,3.39%,5.97%,4.37%,7.06%,11.3%,6.13%,1.16%,15.5%,1.30%,7.16%
2026-08-01 11:00:00,0.0393 Mpa,0.359 Mpa,0.0638 Mpa,0.0113 Mpa,0.146 Mpa,0.533 Mpa,0.0314 Mpa,0.168 Mpa,0.00738 Mpa,0.226 Mpa,3.40%,11.6%,1.90%,5.43%,17.7%,17.3%,1.08%,6.68%,0.525%,10.1%
2026-08-01 13:00:00,0.147 Mpa,0.108 Mpa,0.396 Mpa,0.265 Mpa,0.100 Mpa,0.129 Mpa,0.195 Mpa,0.0523 Mpa,0.0136 Mpa,0.0844 Mpa,6.85%,3.93%,11.6%,13.7%,29.3%,4.43%,6.56%,3.44%,0.995%,7.28%
2026-08-01 15:00:00,0.0407 Mpa,0.00127 Mpa,0.189 Mpa,0.0766 Mpa,0.0868 Mpa,0.0957 Mpa,0.141 Mpa,0.0394 Mpa,0.210 Mpa,0.136 Mpa,3.31%,0.0277%,5.84%,8.21%,5.83%,5.30%,4.63%,2.84%,7.09%,9.05%
2026-08-01 17:00:00,0.0884 Mpa,0.225 Mpa,0.0454 Mpa,0.0728 Mpa,0.143 Mpa,0.101 Mpa,0.140 Mpa,0.243 Mpa,0.138 Mpa,0.0745 Mpa,4.59%,8.18%,1.27%,5.97%,7.25%,4.05%,4.64%,8.99%,4.62%,7.04%
2026-08-01 19:00:00,0.102 Mpa,0.102 Mpa,0.164 Mpa,0.0852 Mpa,0.219 Mpa,0.527 Mpa,0.0986 Mpa,0.0947 Mpa,0.0492 Mpa,0.0525 Mpa,5.63%,3.41%,4.91%,6.85%,18.6%,17.3%,3.53%,4.13%,1.77%,7.51%
2026-08-01 21:00:00,0.0920 Mpa,0.0401 Mpa,0.00840 Mpa,0.0126 Mpa,0.716 Mpa,0.598 Mpa,0.323 Mpa,1.34 Mpa,0.345 Mpa,0.0711 Mpa,5.99%,1.62%,0.189%,10.3%,28.8%,19.5%,10.8%,40.1%,11.6%,6.51%
2026-08-01 23:00:00,0.0549 Mpa,0.0884 Mpa,0.942 Mpa,0.0637 Mpa,0.908 Mpa,0.408 Mpa,0.197 Mpa,0.0639 Mpa,0.325 Mpa,0.0798 Mpa,3.97%,9.69%,27.8%,6.10%,29.0%,13.6%,6.57%,3.01%,9.78%,6.96%
2026-08-02 01:00:00,0.140 Mpa,0.0663 Mpa,0.0603 Mpa,0.0291 Mpa,0.310 Mpa,0.0783 Mpa,0.0611 Mpa,0.0589 Mpa,0.0550 Mpa,0.155 Mpa,6.52%,2.04%,1.69%,4.77%,9.65%,3.09%,2.03%,2.71%,2.46%,9.61%
2026-08-02 03:00:00,0.205 Mpa,0.162 Mpa,0.233 Mpa,,,0.404 Mpa,0.0479 Mpa,0.126 Mpa,0.0537 Mpa,0.0125 Mpa,8.60%,7.77%,6.93%,,,13.1%,1.57%,5.21%,7.81%,5.25%
2026-08-02 05:00:00,0.0669 Mpa,0.0933 Mpa,0.0616 Mpa,,,0.127 Mpa,0.0759 Mpa,0.00832 Mpa,0.0453 Mpa,0.113 Mpa,4.68%,3.28%,1.63%,,,4.97%,2.43%,2.68%,2.00%,11.1%
2026-08-02 07:00:00,0.318 Mpa,0.210 Mpa,0.110 Mpa,,,0.175 Mpa,0.239 Mpa,0.137 Mpa,0.0418 Mpa,0.0631 Mpa,11.9%,7.11%,3.01%,,,6.16%,7.85%,5.25%,1.35%,6.68%
2026-08-02 09:00:00,0.0720 Mpa,0.104 Mpa,0.0484 Mpa,,0.0377 Mpa,0.134 Mpa,0.101 Mpa,0.108 Mpa,0.0221 Mpa,0.0225 Mpa,3.91%,3.37%,1.23%,,1.84%,4.98%,3.41%,4.68%,0.926%,4.85%
2026-08-02 11:00:00,0.152 Mpa,0.0429 Mpa,0.185 Mpa,,0 Mpa,0.131 Mpa,0.0634 Mpa,0.110 Mpa,0.0200 Mpa,0.0280 Mpa,6.54%,1.63%,5.10%,,1.44%,5.03%,1.97%,4.97%,0.954%,5.35%
2026-08-02 13:00:00,0.0356 Mpa,0.141 Mpa,0.0585 Mpa,,,0.130 Mpa,0.207 Mpa,0.0775 Mpa,0.0869 Mpa,0.0000440 Mpa,2.41%,4.96%,1.54%,,,4.93%,6.85%,4.13%,2.79%,5.34%
2026-08-02 15:00:00,0.0739 Mpa,0.0124 Mpa,0.0151 Mpa,,,0.414 Mpa,0.0538 Mpa,0.470 Mpa,0.181 Mpa,0.124 Mpa,3.56%,0.439%,0.236%,,,13.9%,1.88%,16.0%,5.95%,7.59%
2026-08-02 17:00:00,0.131 Mpa,0.0408 Mpa,0.0838 Mpa,,,0.233 Mpa,0.105 Mpa,0.150 Mpa,0.137 Mpa,0.102 Mpa,5.47%,1.43%,2.27%,,,19.2%,3.48%,6.28%,4.82%,8.47%
2026-08-02 19:00:00,0.160 Mpa,0.151 Mpa,0 Mpa,,,0.249 Mpa,0.141 Mpa,0.0347 Mpa,0.200 Mpa,0.0212 Mpa,6.40%,5.24%,1.44%,,,8.60%,4.66%,2.40%,6.32%,4.40%
2026-08-02 21:00:00,0.0122 Mpa,0.0163 Mpa,0.265 Mpa,,,0.0760 Mpa,0.250 Mpa,0.152 Mpa,0.174 Mpa,0.0737 Mpa,1.87%,0.961%,6.89%,,,10.6%,8.44%,5.94%,5.71%,7.03%
2026-08-02 23:00:00,0.672 Mpa,0.0904 Mpa,0.128 Mpa,0 Mpa,,0.228 Mpa,0.611 Mpa,0.0402 Mpa,0.0707 Mpa,0.0619 Mpa,21.4%,3.19%,3.52%,6.64%,,9.59%,20.2%,2.36%,2.12%,6.91%
2026-08-03 01:00:00,0.00702 Mpa,0.0696 Mpa,0.168 Mpa,0.0367 Mpa,,0.360 Mpa,0.430 Mpa,0.134 Mpa,0.377 Mpa,0.0810 Mpa,1.92%,2.24%,4.84%,6.85%,,13.3%,14.3%,5.29%,10.9%,6.91%
2026-08-03 03:00:00,0.415 Mpa,0.146 Mpa,0.137 Mpa,0.0842 Mpa,,0.317 Mpa,0.0643 Mpa,0.683 Mpa,0.0113 Mpa,0.0687 Mpa,13.7%,4.44%,3.96%,7.89%,,10.6%,2.12%,21.2%,0.621%,7.02%
2026-08-03 05:00:00,0.0892 Mpa,0.0334 Mpa,0.0190 Mpa,0.0220 Mpa,,0.276 Mpa,0.0247 Mpa,0.112 Mpa,0.0306 Mpa,0.510 Mpa,4.82%,1.34%,0.321%,6.11%,,9.27%,0.700%,4.88%,1.21%,18.2%
2026-08-03 07:00:00,0.0920 Mpa,0.351 Mpa,0.0393 Mpa,0.104 Mpa,0 Mpa,0.493 Mpa,0.201 Mpa,0.0569 Mpa,0.0539 Mpa,0.0607 Mpa,4.74%,11.6%,1.19%,8.79%,2%,15.9%,6.53%,3.23%,2.03%,5.52%
2026-08-03 09:00:00,0.335 Mpa,0.271 Mpa,0.182 Mpa,0.0326 Mpa,0 Mpa,0.140 Mpa,0.0655 Mpa,0.0374 Mpa,0.110 Mpa,0.106 Mpa,12.0%,8.70%,5.23%,6.78%,1.90%,5.04%,2.14%,3.00%,3.93%,7.13%
2026-08-03 11:00:00,0.0554 Mpa,0.161 Mpa,0.563 Mpa,0.0591 Mpa,0.551 Mpa,0.123 Mpa,0.0517 Mpa,0.0558 Mpa,0.118 Mpa,0.0805 Mpa,3.40%,5.66%,17.4%,7.75%,19.7%,4.67%,1.73%,3.34%,3.69%,5.79%
2026-08-03 13:00:00,0.0899 Mpa,0.139 Mpa,0 Mpa,0.0994 Mpa,1.16 Mpa,0.333 Mpa,1.12 Mpa,0.115 Mpa,0.161 Mpa,0.0745 Mpa,4.04%,4.93%,0%,8.80%,51.0%,11.1%,35.9%,5.34%,5.59%,9.14%
2026-08-03 15:00:00,0.0900 Mpa,0.0830 Mpa,0.258 Mpa,0.0186 Mpa,0.0748 Mpa,0.195 Mpa,0.259 Mpa,0.204 Mpa,0.0208 Mpa,0.0617 Mpa,4.01%,3.14%,7.42%,6.56%,12.8%,18.8%,8.70%,8.76%,0.798%,6.14%
2026-08-03 17:00:00,0.0449 Mpa,0.0480 Mpa,0.105 Mpa,0.0688 Mpa,0.143 Mpa,0.431 Mpa,0.118 Mpa,0.176 Mpa,0.121 Mpa,0.0705 Mpa,2.95%,1.59%,3.00%,7.74%,10.3%,18.8%,3.84%,6.82%,19.5%,6.19%
2026-08-03 19:00:00,0.253 Mpa,0.0524 Mpa,0.143 Mpa,0.00579 Mpa,0.129 Mpa,0.0139 Mpa,0.227 Mpa,0.0933 Mpa,0.0316 Mpa,0.237 Mpa,9.22%,1.70%,4.26%,5.60%,11.0%,6.92%,7.44%,4.19%,1.55%,9.48%
2026-08-03 21:00:00,0.0649 Mpa,0.511 Mpa,0.0532 Mpa,0.0652 Mpa,0.120 Mpa,0.232 Mpa,0 Mpa,0.134 Mpa,0.141 Mpa,0.0608 Mpa,3.80%,15.4%,1.51%,7.24%,6.18%,16.3%,0%,5.69%,5.20%,7.86%
2026-08-03 23:00:00,0.0556 Mpa,0 Mpa,0.0559 Mpa,0.0568 Mpa,0.188 Mpa,0.146 Mpa,0.437 Mpa,0.0944 Mpa,0.0165 Mpa,0.121 Mpa,3.38%,0%,1.62%,10.8%,8.56%,5.24%,12.1%,4.65%,0.968%,6.55%
2026-08-04 01:00:00,0.636 Mpa,,0.245 Mpa,0.0188 Mpa,0.731 Mpa,0.0871 Mpa,0.135 Mpa,0.0329 Mpa,0.152 Mpa,0.180 Mpa,20.3%,,7.22%,6.50%,26.7%,3.56%,4.49%,2.27%,4.90%,8.81%
2026-08-04 03:00:00,0.0296 Mpa,0 Mpa,0.103 Mpa,0.0243 Mpa,0.122 Mpa,0.250 Mpa,0.388 Mpa,0.0648 Mpa,0.747 Mpa,0.137 Mpa,2.44%,0.400%,2.94%,6.12%,5.96%,13.2%,10.4%,3.55%,23.0%,8.56%
2026-08-04 05:00:00,0.0771 Mpa,,0.0851 Mpa,0.0753 Mpa,0.185 Mpa,0.280 Mpa,,0.151 Mpa,0.167 Mpa,0.0484 Mpa,4.15%,,2.31%,7.87%,7.68%,11.7%,,6.30%,5.38%,6.83%
2026-08-04 07:00:00,0.111 Mpa,,0.0896 Mpa,0.0771 Mpa,0.155 Mpa,0.0852 Mpa,,0.0614 Mpa,0.0808 Mpa,0.160 Mpa,8.32%,,2.49%,8.16%,7.51%,8.52%,,2.98%,2.68%,9.38%
2026-08-04 09:00:00,0.295 Mpa,,0.0214 Mpa,0.0590 Mpa,0.243 Mpa,0.119 Mpa,2.08 Mpa,0.0606 Mpa,0.0486 Mpa,0.118 Mpa,10.5%,,0.442%,7.64%,12.8%,8.64%,55.2%,3.22%,2.98%,8.47%
2026-08-04 11:00:00,0.152 Mpa,,0.220 Mpa,0.0293 Mpa,0.577 Mpa,0.542 Mpa,0.402 Mpa,0.0450 Mpa,0.104 Mpa,0.233 Mpa,6.24%,,6.58%,7.06%,20.9%,18.8%,11.2%,2.33%,15.4%,11.3%
2026-08-04 13:00:00,0.0289 Mpa,,0.0783 Mpa,0.0133 Mpa,1.11 Mpa,0.0623 Mpa,0.688 Mpa,0.373 Mpa,0.196 Mpa,0.0204 Mpa,52.7%,,2.26%,6.13%,39.8%,3.11%,22.2%,12.9%,6.73%,5.50%
2026-08-04 15:00:00,0.0761 Mpa,,0.0115 Mpa,0.0214 Mpa,0.119 Mpa,0.0644 Mpa,0.197 Mpa,0.115 Mpa,0.0758 Mpa,0.135 Mpa,8.89%,,0.206%,7.21%,5.78%,2.86%,6.45%,5.75%,4.83%,7.85%
2026-08-04 17:00:00,0.0760 Mpa,,0.452 Mpa,0.0331 Mpa,0.131 Mpa,0.0994 Mpa,0.301 Mpa,0.0572 Mpa,0.0724 Mpa,0.0540 Mpa,4.32%,,14.1%,6.33%,5.99%,4.16%,11.2%,3.22%,2.46%,5.82%
2026-08-04 19:00:00,0.0437 Mpa,,0.0141 Mpa,0.0978 Mpa,0.218 Mpa,0.0937 Mpa,0.276 Mpa,0.0506 Mpa,0.0194 Mpa,0.121 Mpa,3.11%,,0.310%,6.06%,10.1%,3.61%,9.30%,2.95%,0.690%,7.64%
2026-08-04 21:00:00,0.0153 Mpa,,0.0582 Mpa,0.0884 Mpa,0.0719 Mpa,0.194 Mpa,0.257 Mpa,0.145 Mpa,0.0583 Mpa,0.0164 Mpa,2.36%,,1.67%,5.30%,4.67%,6.80%,8.62%,6.30%,1.92%,4.27%
2026-08-04 23:00:00,0.233 Mpa,,0.0823 Mpa,0.331 Mpa,0.149 Mpa,0.368 Mpa,0.296 Mpa,0.0937 Mpa,0.180 Mpa,0.0862 Mpa,8.30%,,2.35%,13.5%,7.54%,12.1%,8.98%,4.68%,5.47%,7.35%
2026-08-05 01:00:00,0.192 Mpa,0.0000663 Mpa,0.0942 Mpa,0.0671 Mpa,0.268 Mpa,0.0647 Mpa,0.345 Mpa,0.0892 Mpa,0.00418 Mpa,0.0440 Mpa,7.86%,0.334%,2.66%,6.89%,10.3%,2.72%,10.0%,4.51%,0.361%,7.74%
2026-08-05 03:00:00,0.0424 Mpa,0.0177 Mpa,0.0205 Mpa,0.0511 Mpa,0.253 Mpa,0.0933 Mpa,0.325 Mpa,0.133 Mpa,0.0644 Mpa,0.0224 Mpa,2.99%,0.630%,0.499%,9.26%,11.0%,3.51%,10.4%,5.23%,2.27%,5.61%
2026-08-05 05:00:00,0.122 Mpa,0.589 Mpa,0.283 Mpa,0.0270 Mpa,0.202 Mpa,0.103 Mpa,0.156 Mpa,0.0993 Mpa,0.0789 Mpa,0.0200 Mpa,5.90%,17.8%,8.31%,5.94%,7.60%,3.49%,4.63%,4.91%,2.60%,5.83%
2026-08-05 07:00:00,0.0746 Mpa,0.118 Mpa,0.424 Mpa,0.0364 Mpa,0.149 Mpa,0.0459 Mpa,0.000382 Mpa,0.0963 Mpa,0.0512 Mpa,0.0534 Mpa,4.73%,3.92%,12.5%,7.09%,6.76%,1.24%,2.62%,4.23%,2.62%,6.49%
2026-08-05 09:00:00,0.359 Mpa,0.0656 Mpa,0 Mpa,0.0136 Mpa,0.119 Mpa,0.0292 Mpa,0.390 Mpa,0.109 Mpa,0.0434 Mpa,0.0174 Mpa,12.8%,2.11%,0%,6.46%,6.21%,1.22%,11.5%,4.70%,1.36%,3.42%
2026-08-05 11:00:00,0.0253 Mpa,0.114 Mpa,,0.00519 Mpa,0.903 Mpa,0.327 Mpa,0.583 Mpa,0.0590 Mpa,0.0477 Mpa,0.125 Mpa,2.73%,3.70%,,6.26%,32.7%,10.6%,17.8%,2.81%,2.37%,8.00%
2026-08-05 13:00:00,0.0704 Mpa,0.390 Mpa,0.178 Mpa,0.110 Mpa,0.0223 Mpa,0.182 Mpa,0.546 Mpa,0.0119 Mpa,0.0809 Mpa,0.292 Mpa,13.3%,11.9%,5.31%,9.36%,2.67%,7.36%,16.8%,1.77%,3.09%,12.6%
2026-08-05 15:00:00,0.0456 Mpa,0.0275 Mpa,0.0381 Mpa,0.0813 Mpa,0.246 Mpa,0.0572 Mpa,0.181 Mpa,0.343 Mpa,0.0284 Mpa,0.110 Mpa,13.3%,0.873%,1.11%,8.40%,11.1%,2.78%,5.14%,11.5%,1.86%,6.67%
2026-08-05 17:00:00,0.0891 Mpa,0.124 Mpa,0.241 Mpa,0.0310 Mpa,0.604 Mpa,0.533 Mpa,0.0542 Mpa,0.0972 Mpa,0.0834 Mpa,0.0754 Mpa,5.08%,4.16%,7.30%,6.91%,21.7%,17.7%,1.75%,4.73%,2.86%,6.81%
2026-08-05 19:00:00,0.151 Mpa,0.721 Mpa,0.308 Mpa,0.132 Mpa,0.106 Mpa,0.0750 Mpa,0.112 Mpa,0.0252 Mpa,0.0257 Mpa,0.0826 Mpa,7.11%,22.2%,9.34%,9.46%,5.33%,3.38%,3.75%,2.77%,1.20%,6.45%
2026-08-05 21:00:00,0.210 Mpa,0.783 Mpa,0.428 Mpa,0.160 Mpa,0.0731 Mpa,0.169 Mpa,0.0687 Mpa,1.09 Mpa,0.0498 Mpa,0.0288 Mpa,10.9%,24.6%,13.2%,10.3%,4.48%,5.97%,2.17%,33.1%,1.69%,4.70%
2026-08-05 23:00:00,0.736 Mpa,0.0162 Mpa,0.303 Mpa,0.0333 Mpa,0.502 Mpa,0.0701 Mpa,0.165 Mpa,0.00190 Mpa,0.0381 Mpa,0.0937 Mpa,26.3%,0.511%,9.39%,6.62%,16.1%,3.13%,5.33%,1.58%,1.52%,7.24%
2026-08-06 01:00:00,0.0973 Mpa,0.137 Mpa,0.0390 Mpa,0.214 Mpa,0.221 Mpa,0.0612 Mpa,0.446 Mpa,,0.267 Mpa,0.113 Mpa,5.47%,4.53%,1.06%,11.6%,10.8%,3.10%,14.3%,,8.10%,7.29%
2026-08-06 03:00:00,0.250 Mpa,0.0271 Mpa,0.0983 Mpa,0.0807 Mpa,0.277 Mpa,0.149 Mpa,0.330 Mpa,1.13 Mpa,0.0475 Mpa,0.00445 Mpa,9.64%,0.949%,3.27%,7.95%,11.8%,5.70%,10.8%,33.1%,1.81%,4.58%
2026-08-06 05:00:00,0.103 Mpa,0.240 Mpa,0.258 Mpa,0.0904 Mpa,0.212 Mpa,0.0853 Mpa,0.251 Mpa,,0.0292 Mpa,0.0500 Mpa,5.16%,7.63%,7.61%,8.44%,9.01%,3.59%,8.09%,,12.4%,5.98%
2026-08-06 07:00:00,0.0869 Mpa,0.114 Mpa,0.106 Mpa,0.0360 Mpa,0.0713 Mpa,0.319 Mpa,0.230 Mpa,,0.0624 Mpa,0.189 Mpa,5.08%,3.65%,3.19%,7.06%,8.57%,13.7%,7.74%,,7.56%,9.45%
2026-08-06 09:00:00,0.0809 Mpa,0.158 Mpa,0.0882 Mpa,0.0117 Mpa,0.384 Mpa,0.538 Mpa,0.280 Mpa,,0.0929 Mpa,0.0185 Mpa,5.32%,4.99%,2.63%,6.23%,15.3%,21.0%,9.74%,,3.64%,5.48%
2026-08-06 11:00:00,0.125 Mpa,0.0658 Mpa,0.0767 Mpa,0.0655 Mpa,0.428 Mpa,0.130 Mpa,0.516 Mpa,2.87 Mpa,0.133 Mpa,0.147 Mpa,6.94%,2.38%,2.29%,8.00%,17.3%,10.4%,17.1%,81.8%,4.55%,8.32%
2026-08-06 13:00:00,0.0904 Mpa,1.10 Mpa,0.286 Mpa,0.414 Mpa,0.646 Mpa,0.149 Mpa,0.278 Mpa,,0.312 Mpa,0.152 Mpa,5.17%,34.3%,8.94%,17.5%,24.8%,5.70%,8.57%,,9.58%,7.85%
2026-08-06 15:00:00,0.103 Mpa,0.0550 Mpa,0.0926 Mpa,0.315 Mpa,0.0470 Mpa,0.271 Mpa,0.360 Mpa,,0.636 Mpa,0.119 Mpa,5.79%,1.95%,2.73%,18.8%,3.71%,9.19%,11.8%,,19.9%,7.44%
2026-08-06 17:00:00,0.0653 Mpa,0.118 Mpa,0.0463 Mpa,0 Mpa,0.0972 Mpa,0.152 Mpa,0.260 Mpa,,0.110 Mpa,0.202 Mpa,4.19%,3.75%,1.23%,5.82%,4.54%,5.38%,9.08%,,3.94%,9.53%
2026-08-06 19:00:00,0.0231 Mpa,0.0381 Mpa,0.0845 Mpa,0.126 Mpa,0.00543 Mpa,0.233 Mpa,0.396 Mpa,,0.136 Mpa,0.0810 Mpa,2.96%,1.22%,2.52%,9.44%,1.51%,7.65%,13.6%,,4.63%,6.11%
2026-08-06 21:00:00,0.0447 Mpa,0.0909 Mpa,0.0512 Mpa,0.194 Mpa,0.166 Mpa,0.0904 Mpa,0.232 Mpa,,0.0988 Mpa,0.0338 Mpa,3.95%,2.78%,1.43%,11.4%,7.11%,3.49%,8.02%,,3.86%,4.25%
2026-08-06 23:00:00,0.141 Mpa,0.105 Mpa,0.0226 Mpa,0.0273 Mpa,0.0510 Mpa,0.205 Mpa,0.297 Mpa,0.000436 Mpa,0.0242 Mpa,0.103 Mpa,8.40%,3.01%,0.665%,6.60%,3.18%,6.76%,10.8%,2.62%,1.45%,7.02%
2026-08-07 01:00:00,0.101 Mpa,0.0724 Mpa,0.106 Mpa,0.0616 Mpa,0.144 Mpa,0.0195 Mpa,0.319 Mpa,0.0718 Mpa,0.292 Mpa,0.158 Mpa,5.44%,2.17%,2.83%,7.70%,6.45%,1.21%,11.0%,4.01%,9.92%,9.10%
2026-08-07 03:00:00,0.0941 Mpa,0.121 Mpa,0.174 Mpa,0.126 Mpa,0.0805 Mpa,0.0671 Mpa,0.197 Mpa,2.59 Mpa,0.0192 Mpa,0.215 Mpa,5.43%,4.02%,5.21%,9.28%,4.11%,2.81%,6.72%,75.9%,1.70%,14.7%
2026-08-07 05:00:00,0.0622 Mpa,0.156 Mpa,0.172 Mpa,0.0588 Mpa,0.0566 Mpa,0.109 Mpa,0.227 Mpa,1.22 Mpa,0.400 Mpa,0.0455 Mpa,4.05%,5.87%,5.85%,7.46%,3.43%,5.47%,8.05%,35.8%,13.0%,5.10%
2026-08-07 07:00:00,0.00579 Mpa,0.195 Mpa,0.0475 Mpa,0.110 Mpa,0.122 Mpa,0.0912 Mpa,0.163 Mpa,0.0561 Mpa,0.271 Mpa,0.0539 Mpa,1.69%,7.07%,16.5%,8.92%,11.3%,8.90%,5.59%,2.29%,8.99%,4.89%
2026-08-07 09:00:00,0.140 Mpa,0.644 Mpa,0.0361 Mpa,0.121 Mpa,0.0187 Mpa,0.415 Mpa,0.698 Mpa,0.0383 Mpa,0.588 Mpa,0.673 Mpa,6.28%,20.3%,11.0%,9.40%,2.28%,15.9%,22.7%,2.09%,19.2%,21.9%
2026-08-07 11:00:00,0.316 Mpa,0.441 Mpa,0.477 Mpa,0.102 Mpa,0.0617 Mpa,0.172 Mpa,0.230 Mpa,0.0696 Mpa,0.0199 Mpa,0.149 Mpa,11.3%,15.3%,17.3%,8.72%,3.89%,18.0%,8.14%,3.86%,1.82%,9.71%
2026-08-07 13:00:00,0.108 Mpa,0.129 Mpa,0.280 Mpa,0.127 Mpa,0.0846 Mpa,0.220 Mpa,0.393 Mpa,0.156 Mpa,0.0954 Mpa,0.0407 Mpa,5.93%,4.41%,8.43%,9.59%,8.84%,29.7%,12.7%,8.74%,3.68%,5.25%
2026-08-07 15:00:00,0.0631 Mpa,0.792 Mpa,0.115 Mpa,0.113 Mpa,0.0146 Mpa,0.0843 Mpa,0.101 Mpa,0.174 Mpa,0 Mpa,0.0331 Mpa,4.51%,25.4%,3.48%,9.12%,2.43%,18.3%,6.15%,7.88%,2.67%,4.96%
2026-08-07 17:00:00,0.0734 Mpa,0.0588 Mpa,0.166 Mpa,0.0460 Mpa,0.508 Mpa,0.0623 Mpa,0.339 Mpa,0.448 Mpa,,0.196 Mpa,4.86%,1.82%,4.87%,7.16%,19.1%,4.80%,11.2%,17.2%,,9.82%
2026-08-07 19:00:00,0.0575 Mpa,0.265 Mpa,0.0281 Mpa,0.0909 Mpa,0.416 Mpa,0.0898 Mpa,0.240 Mpa,0.0454 Mpa,0.000189 Mpa,0.0125 Mpa,4.25%,8.34%,0.664%,8.72%,15.8%,4.88%,10.4%,3.19%,1.66%,6.24%
2026-08-07 21:00:00,0.0808 Mpa,0.0728 Mpa,0.151 Mpa,0.0168 Mpa,0.0340 Mpa,0.102 Mpa,0.0666 Mpa,0.101 Mpa,0 Mpa,0.0141 Mpa,4.84%,2.21%,5.00%,6.25%,2.12%,3.87%,2.20%,5.46%,0.958%,5.56%
2026-08-07 23:00:00,1.04 Mpa,0.131 Mpa,0.533 Mpa,0.0498 Mpa,0.132 Mpa,0.116 Mpa,0.219 Mpa,0.118 Mpa,0.591 Mpa,0.0597 Mpa,36.5%,4.04%,20.5%,7.47%,5.42%,4.20%,6.92%,5.20%,17.3%,5.17%
2026-08-08 01:00:00,0.414 Mpa,0.0791 Mpa,0.0298 Mpa,0.129 Mpa,0.130 Mpa,0.137 Mpa,0.130 Mpa,0.0698 Mpa,,0.0364 Mpa,14.2%,2.49%,1.11%,9.73%,5.85%,5.27%,4.18%,3.88%,,6.22%
2026-08-08 03:00:00,0.434 Mpa,0.163 Mpa,0.0643 Mpa,0.0215 Mpa,0.0552 Mpa,0.0845 Mpa,0.129 Mpa,0.0926 Mpa,,0.158 Mpa,15.0%,5.07%,1.89%,6.39%,3.32%,3.20%,4.25%,4.45%,,12.7%
2026-08-08 05:00:00,0.0939 Mpa,0.0997 Mpa,0.0844 Mpa,0.0246 Mpa,0.0503 Mpa,0.126 Mpa,0.165 Mpa,0.0731 Mpa,,0.0274 Mpa,5.32%,3.23%,2.45%,6.50%,3.15%,5.00%,5.46%,3.66%,,5.91%
2026-08-08 07:00:00,0.0669 Mpa,0.0632 Mpa,0.114 Mpa,0.0149 Mpa,0.0688 Mpa,0.112 Mpa,0.0848 Mpa,0.0747 Mpa,,0.00279 Mpa,4.46%,2.01%,3.32%,6.27%,3.82%,5.25%,2.76%,3.76%,,7.40%
2026-08-08 09:00:00,0.0523 Mpa,0.163 Mpa,0.126 Mpa,0.00638 Mpa,0.111 Mpa,0.109 Mpa,0.0570 Mpa,0.0520 Mpa,,0.0901 Mpa,3.76%,5.24%,3.61%,5.61%,5.42%,3.82%,1.76%,3.05%,,9.28%
2026-08-08 11:00:00,0.137 Mpa,0.637 Mpa,0.0959 Mpa,0.108 Mpa,0.114 Mpa,0.269 Mpa,1.66 Mpa,0.109 Mpa,,0.0421 Mpa,7.42%,19.9%,2.72%,7.94%,5.58%,8.28%,53.1%,4.75%,,12.6%
2026-08-08 13:00:00,0.0505 Mpa,0.597 Mpa,0.0363 Mpa,0.102 Mpa,0.231 Mpa,0.0950 Mpa,0.815 Mpa,0.0736 Mpa,,0.106 Mpa,4.07%,18.4%,0.918%,8.62%,8.36%,2.14%,26.3%,3.80%,,8.40%
2026-08-08 15:00:00,0.110 Mpa,0.0328 Mpa,0.0553 Mpa,0.0536 Mpa,0.0623 Mpa,0.215 Mpa,0.246 Mpa,0.0331 Mpa,2.86 Mpa,0.0727 Mpa,5.13%,1.85%,1.56%,7.47%,4.15%,6.62%,8.25%,2.42%,81.7%,7.18%
2026-08-08 17:00:00,0.104 Mpa,0.00124 Mpa,0.0490 Mpa,0.0545 Mpa,0.112 Mpa,0.123 Mpa,0.485 Mpa,0.0752 Mpa,0.366 Mpa,0.122 Mpa,5.93%,0.303%,1.93%,7.46%,5.37%,5.29%,16.2%,3.62%,15.3%,8.34%
2026-08-08 19:00:00,0.215 Mpa,0.0272 Mpa,0.0376 Mpa,0.120 Mpa,0.0894 Mpa,0.0796 Mpa,0.259 Mpa,0.426 Mpa,0.577 Mpa,0.0449 Mpa,7.92%,1.55%,7.88%,9.02%,4.16%,11.3%,8.57%,14.2%,17.1%,5.90%
2026-08-08 21:00:00,0.336 Mpa,0.115 Mpa,0.0708 Mpa,0.150 Mpa,0.110 Mpa,0.0331 Mpa,0.187 Mpa,0.0291 Mpa,0.117 Mpa,0.0181 Mpa,12.1%,4.52%,1.89%,10.4%,5.69%,5.37%,6.43%,2.23%,3.63%,4.82%
2026-08-08 23:00:00,0.159 Mpa,0.118 Mpa,0.0145 Mpa,0.0493 Mpa,0.0579 Mpa,0.173 Mpa,0.268 Mpa,0.0476 Mpa,0.142 Mpa,0.460 Mpa,6.31%,5.10%,5.78%,7.67%,3.86%,15.4%,9.10%,3.09%,4.41%,16.2%
2026-08-09 01:00:00,0.509 Mpa,0.0823 Mpa,0.408 Mpa,0.0919 Mpa,0.0434 Mpa,0.0903 Mpa,0.337 Mpa,0.143 Mpa,0.0423 Mpa,,16.5%,2.84%,11.8%,8.57%,2.78%,3.72%,9.21%,5.76%,1.58%,
2026-08-09 03:00:00,0.0799 Mpa,0.284 Mpa,0.430 Mpa,0.0552 Mpa,0.181 Mpa,0.0708 Mpa,0.322 Mpa,0.0144 Mpa,0.152 Mpa,0.0226 Mpa,4.71%,8.40%,20.3%,7.68%,8.21%,2.92%,10.7%,1.75%,4.93%,5.92%
2026-08-09 05:00:00,0.0695 Mpa,0.0679 Mpa,0.115 Mpa,0.0564 Mpa,0.0799 Mpa,0.0723 Mpa,0.240 Mpa,0.147 Mpa,0.0835 Mpa,,5.20%,2.29%,3.90%,7.73%,4.13%,3.37%,8.01%,5.60%,2.75%,
2026-08-09 07:00:00,0.0676 Mpa,0.0590 Mpa,0.162 Mpa,0.0728 Mpa,0.0903 Mpa,0.0826 Mpa,0.178 Mpa,0.145 Mpa,0.107 Mpa,,4.05%,2.08%,4.76%,8.06%,4.64%,3.61%,5.93%,5.94%,3.47%,
2026-08-09 09:00:00,0.0640 Mpa,0.0229 Mpa,0.0211 Mpa,0.0503 Mpa,0.108 Mpa,0.0819 Mpa,0.114 Mpa,0.227 Mpa,0.128 Mpa,,4.44%,1.41%,0.495%,7.06%,4.82%,3.77%,3.94%,8.32%,4.21%,
2026-08-09 11:00:00,0.0607 Mpa,0.0444 Mpa,0.0678 Mpa,0.0159 Mpa,0.0771 Mpa,0.255 Mpa,0.437 Mpa,0.118 Mpa,0.638 Mpa,,4.09%,1.72%,2.01%,6.35%,4.34%,8.64%,15.0%,5.85%,20.1%,
2026-08-09 13:00:00,0.0964 Mpa,0.0383 Mpa,0.307 Mpa,0.299 Mpa,0.0899 Mpa,0.0171 Mpa,0.364 Mpa,0.156 Mpa,0.158 Mpa,,4.77%,1.32%,9.08%,14.2%,4.96%,1.46%,12.3%,6.75%,4.99%,
2026-08-09 15:00:00,0.0286 Mpa,1.02 Mpa,0.652 Mpa,0.0450 Mpa,0.0361 Mpa,0.00972 Mpa,0.184 Mpa,0.101 Mpa,0.0633 Mpa,0.00432 Mpa,2.38%,30.0%,19.1%,6.99%,2.95%,1.15%,6.20%,4.75%,2.52%,6.16%
2026-08-09 17:00:00,0.384 Mpa,0.0659 Mpa,0.222 Mpa,0.141 Mpa,0.0401 Mpa,0.168 Mpa,0.525 Mpa,0.396 Mpa,0.0753 Mpa,0.116 Mpa,13.7%,2.22%,8.48%,9.82%,2.22%,6.43%,17.5%,13.8%,3.35%,7.43%
2026-08-09 19:00:00,0.371 Mpa,0.206 Mpa,0.0457 Mpa,2.42 Mpa,0.162 Mpa,0.0417 Mpa,0.228 Mpa,0.141 Mpa,0.0639 Mpa,0.0637 Mpa,13.6%,7.47%,1.16%,72.2%,6.72%,2.14%,7.52%,5.52%,2.94%,6.25%
2026-08-09 21:00:00,0 Mpa,0.0446 Mpa,0.261 Mpa,0.0763 Mpa,0.0946 Mpa,0.0836 Mpa,0.172 Mpa,0.0893 Mpa,0.110 Mpa,0.0922 Mpa,2.80%,2.00%,11.3%,8.39%,4.57%,3.65%,5.78%,3.91%,3.59%,7.28%
2026-08-09 23:00:00,0.0979 Mpa,0.103 Mpa,0.121 Mpa,,0.0525 Mpa,0.115 Mpa,0.143 Mpa,0.105 Mpa,0.212 Mpa,0.0450 Mpa,5.16%,3.67%,3.46%,,2.83%,4.38%,3.89%,4.51%,6.96%,6.17%
2026-08-10 01:00:00,0.0509 Mpa,0.113 Mpa,0.0120 Mpa,0.00416 Mpa,0.0878 Mpa,0.509 Mpa,0.0520 Mpa,0.0820 Mpa,0.137 Mpa,0.0415 Mpa,4.28%,4.04%,0%,6.34%,4.24%,16.2%,1.43%,8.64%,5.23%,6.35%
2026-08-10 03:00:00,0.0237 Mpa,0.405 Mpa,0.0574 Mpa,,0.0293 Mpa,0.291 Mpa,0.198 Mpa,0.0569 Mpa,0.0536 Mpa,0.0180 Mpa,3.24%,13.9%,4.54%,,2.47%,9.63%,7.07%,2.96%,2.62%,5.82%
2026-08-10 05:00:00,0.0771 Mpa,0.118 Mpa,0.421 Mpa,,0.110 Mpa,0.123 Mpa,0.223 Mpa,0.0349 Mpa,0.140 Mpa,0.206 Mpa,5.09%,3.86%,11.9%,,5.08%,4.56%,7.28%,2.34%,5.60%,10.2%
2026-08-10 07:00:00,0.0583 Mpa,0.0400 Mpa,0.0774 Mpa,,0.0644 Mpa,0.389 Mpa,0.264 Mpa,0.00699 Mpa,0.145 Mpa,0.201 Mpa,3.79%,1.36%,2.19%,,3.54%,12.9%,8.69%,1.53%,5.23%,10.2%
2026-08-10 09:00:00,0.0821 Mpa,0.118 Mpa,0.186 Mpa,,0.117 Mpa,0.137 Mpa,0.365 Mpa,0.0182 Mpa,0.0194 Mpa,0.102 Mpa,4.68%,3.69%,5.41%,,5.46%,4.99%,12.1%,1.94%,0.726%,7.89%
2026-08-10 11:00:00,0.0842 Mpa,0.0455 Mpa,0.0135 Mpa,,0.487 Mpa,0.0529 Mpa,0.338 Mpa,0.157 Mpa,0.902 Mpa,0.147 Mpa,4.56%,1.75%,0.285%,,18.0%,2.93%,11.4%,6.44%,27.9%,8.41%
2026-08-10 13:00:00,0.144 Mpa,0.0177 Mpa,0.0583 Mpa,,,0.0813 Mpa,0.368 Mpa,0.00333 Mpa,0.199 Mpa,0.221 Mpa,6.52%,0.848%,1.78%,,,3.44%,12.3%,1.85%,6.45%,10.7%
2026-08-10 15:00:00,0.0660 Mpa,0.115 Mpa,0.316 Mpa,,0.155 Mpa,0.0786 Mpa,0.395 Mpa,0.258 Mpa,0.134 Mpa,0.169 Mpa,3.73%,3.93%,9.45%,,6.97%,3.43%,13.0%,9.40%,5.53%,8.06%
2026-08-10 17:00:00,0.0630 Mpa,0.422 Mpa,,,0.0280 Mpa,0.130 Mpa,0.113 Mpa,0.0972 Mpa,0.712 Mpa,0.200 Mpa,3.53%,13.0%,,,1.77%,4.73%,3.79%,4.44%,23.0%,9.35%
2026-08-10 19:00:00,0.00536 Mpa,0.0962 Mpa,,,0.446 Mpa,0.133 Mpa,0.480 Mpa,0.339 Mpa,0.0561 Mpa,0.0414 Mpa,1.97%,3.70%,,,16.4%,4.99%,15.6%,11.5%,2.54%,5.69%
2026-08-10 21:00:00,0.497 Mpa,0.102 Mpa,0.00119 Mpa,,0.0684 Mpa,0.0401 Mpa,0.357 Mpa,0.258 Mpa,0.479 Mpa,0.196 Mpa,16.8%,3.98%,0%,,3.71%,10.6%,11.6%,8.92%,14.4%,9.55%
2026-08-10 23:00:00,0.675 Mpa,0.146 Mpa,,,0.0884 Mpa,0.0936 Mpa,0.147 Mpa,0.178 Mpa,0.579 Mpa,0.0163 Mpa,21.8%,5.63%,,,4.32%,4.80%,4.73%,6.51%,18.2%,5.19%
2026-08-11 01:00:00,0.117 Mpa,0.101 Mpa,0 Mpa,,0.0158 Mpa,0.0673 Mpa,0.231 Mpa,0.142 Mpa,0.184 Mpa,0.0330 Mpa,5.21%,3.56%,0%,,1.74%,18.4%,7.75%,7.59%,13.5%,5.39%
2026-08-11 03:00:00,0.705 Mpa,0.196 Mpa,,,0.0267 Mpa,0.129 Mpa,0.446 Mpa,0.0164 Mpa,0.816 Mpa,0.142 Mpa,21.9%,5.96%,,,2.81%,4.86%,14.6%,2.12%,24.8%,7.75%
2026-08-11 05:00:00,0.130 Mpa,0.0384 Mpa,,,0.0813 Mpa,0.141 Mpa,0.262 Mpa,0.274 Mpa,0.165 Mpa,0.0437 Mpa,5.86%,1.26%,,,4.51%,5.34%,8.33%,9.05%,5.83%,6.45%
2026-08-11 07:00:00,0.0581 Mpa,0.0434 Mpa,,,,0.267 Mpa,0.176 Mpa,0.253 Mpa,0.769 Mpa,0.0310 Mpa,3.84%,1.47%,,,,9.19%,4.76%,8.58%,22.5%,6.37%
2026-08-11 09:00:00,0.0315 Mpa,0.0684 Mpa,,,,0.143 Mpa,0.213 Mpa,0.333 Mpa,0.166 Mpa,0.164 Mpa,2.55%,2.47%,,,,4.93%,5.84%,11.4%,5.11%,9.43%
2026-08-11 11:00:00,0.373 Mpa,0.213 Mpa,,,0.0212 Mpa,0.0846 Mpa,0.492 Mpa,0.190 Mpa,0.857 Mpa,0.00664 Mpa,12.8%,7.72%,,,2.84%,3.30%,16.1%,6.80%,25.6%,4.94%
2026-08-11 13:00:00,0.0280 Mpa,0.0459 Mpa,,,0.217 Mpa,0.676 Mpa,0.644 Mpa,0.285 Mpa,0.0728 Mpa,0.134 Mpa,2.47%,1.62%,,,9.82%,21.9%,21.1%,10.0%,3.09%,8.02%
2026-08-11 15:00:00,0.187 Mpa,0.123 Mpa,,,0.0145 Mpa,0.136 Mpa,0.580 Mpa,0.138 Mpa,0.00985 Mpa,0.159 Mpa,7.17%,3.93%,,,1.74%,4.67%,19.0%,5.52%,1.05%,9.38%
2026-08-11 17:00:00,0.0155 Mpa,0.0243 Mpa,,,0.189 Mpa,0.255 Mpa,0.165 Mpa,0.226 Mpa,0.0607 Mpa,0.127 Mpa,1.98%,0.856%,,,9.20%,8.79%,5.47%,8.42%,2.54%,7.96%
2026-08-11 19:00:00,0.0680 Mpa,0.201 Mpa,,,0.0212 Mpa,0.132 Mpa,0.0499 Mpa,0.0550 Mpa,0.0241 Mpa,0.0112 Mpa,4.01%,7.00%,,,21.6%,4.88%,1.54%,3.09%,0.769%,8.95%
2026-08-11 21:00:00,0.0570 Mpa,0.0570 Mpa,0 Mpa,,0.138 Mpa,0.197 Mpa,0.305 Mpa,0.0992 Mpa,0.0680 Mpa,0.243 Mpa,3.67%,1.93%,0%,,6.36%,6.89%,10.1%,4.31%,2.31%,10.9%
2026-08-11 23:00:00,0.180 Mpa,0.0948 Mpa,0.00111 Mpa,,0.197 Mpa,0.222 Mpa,0.278 Mpa,0.0900 Mpa,0.110 Mpa,0.0770 Mpa,7.65%,3.16%,0%,,8.43%,7.83%,9.20%,3.95%,3.76%,4.36%
2026-08-12 01:00:00,1.30 Mpa,0.344 Mpa,0.000328 Mpa,,0.0881 Mpa,0.264 Mpa,0.114 Mpa,0.233 Mpa,0.0811 Mpa,0 Mpa,38.0%,11.1%,0%,,3.69%,8.81%,3.86%,13.2%,3.07%,5.60%
2026-08-12 03:00:00,0.0701 Mpa,0.449 Mpa,0.592 Mpa,,0.175 Mpa,0.110 Mpa,0.0336 Mpa,0.0633 Mpa,0.00857 Mpa,0.00281 Mpa,4.15%,14.1%,15.4%,,6.75%,3.79%,1.01%,3.26%,0.576%,18.8%
2026-08-12 05:00:00,0.179 Mpa,0.0488 Mpa,0.432 Mpa,,0.104 Mpa,0.173 Mpa,0.545 Mpa,0.193 Mpa,0.0522 Mpa,0.0880 Mpa,7.22%,1.68%,11.4%,,4.57%,5.82%,17.8%,6.90%,1.94%,7.48%
2026-08-12 07:00:00,0.515 Mpa,0.249 Mpa,0.0876 Mpa,,0.136 Mpa,1.34 Mpa,0.103 Mpa,0.244 Mpa,0.00820 Mpa,0.00881 Mpa,16.4%,8.84%,2.41%,,5.48%,41.3%,3.96%,8.45%,0.668%,5.36%
2026-08-12 09:00:00,0.0118 Mpa,0.0435 Mpa,0.0142 Mpa,,0.0694 Mpa,0.410 Mpa,0.602 Mpa,0.0425 Mpa,0.124 Mpa,0.0288 Mpa,2.04%,1.53%,0.311%,,3.27%,12.9%,18.2%,2.75%,4.26%,27.3%
2026-08-12 11:00:00,0.127 Mpa,0.171 Mpa,0.0467 Mpa,,0.159 Mpa,0.338 Mpa,0.424 Mpa,0.469 Mpa,0.121 Mpa,0.0225 Mpa,5.51%,5.43%,1.25%,,6.18%,10.8%,13.2%,15.1%,4.33%,4.51%
2026-08-12 13:00:00,0.184 Mpa,0.114 Mpa,0.120 Mpa,,0.137 Mpa,0.600 Mpa,0.0372 Mpa,0.131 Mpa,0.144 Mpa,0.134 Mpa,10.9%,4.18%,3.81%,,6.35%,19.2%,1.18%,5.63%,4.87%,8.46%
2026-08-12 15:00:00,0.261 Mpa,0.138 Mpa,0 Mpa,0.000274 Mpa,0.0524 Mpa,0.270 Mpa,0.0211 Mpa,0.196 Mpa,0.0284 Mpa,0.0139 Mpa,8.88%,5.03%,0%,6.35%,2.95%,9.21%,0.883%,7.75%,2.13%,5.06%
2026-08-12 17:00:00,0.381 Mpa,0.115 Mpa,0 Mpa,,0.117 Mpa,0.217 Mpa,0.0771 Mpa,0.129 Mpa,0.0807 Mpa,0.0548 Mpa,15.6%,3.88%,0%,,5.30%,8.24%,2.95%,5.14%,2.94%,9.09%
2026-08-12 19:00:00,0.131 Mpa,0.0231 Mpa,0 Mpa,0 Mpa,0.0611 Mpa,0.147 Mpa,0.00445 Mpa,0.159 Mpa,0.0365 Mpa,0.0450 Mpa,6.91%,0.755%,0%,5.89%,3.09%,5.61%,0.0714%,6.15%,1.53%,18.8%
2026-08-12 21:00:00,0.110 Mpa,0.0358 Mpa,0 Mpa,0.0638 Mpa,0.147 Mpa,0.171 Mpa,0.0487 Mpa,0.0775 Mpa,0.115 Mpa,0 Mpa,5.28%,1.19%,0.390%,7.44%,6.14%,5.92%,1.62%,3.82%,4.11%,13.6%
2026-08-12 23:00:00,0.335 Mpa,0.0796 Mpa,0.114 Mpa,0.871 Mpa,0.0711 Mpa,0.0388 Mpa,0.247 Mpa,0.0153 Mpa,0.106 Mpa,0 Mpa,11.2%,4.83%,2.73%,28.6%,3.45%,13.8%,7.71%,1.97%,3.46%,6.50%
2026-08-13 01:00:00,0.176 Mpa,0.279 Mpa,0.0508 Mpa,0.411 Mpa,0.111 Mpa,0.194 Mpa,0.102 Mpa,0.0658 Mpa,0.0285 Mpa,0.0246 Mpa,7.52%,8.34%,1.28%,16.6%,5.33%,6.05%,3.25%,3.37%,0.897%,11.2%
2026-08-13 03:00:00,0.360 Mpa,0.273 Mpa,0.0852 Mpa,0.0445 Mpa,0.283 Mpa,0.120 Mpa,0.00343 Mpa,0.0652 Mpa,0.0154 Mpa,0.104 Mpa,15.3%,8.72%,2.37%,6.46%,11.5%,3.41%,0.0561%,3.85%,0.593%,15.6%
2026-08-13 05:00:00,0.750 Mpa,0.230 Mpa,0.0163 Mpa,0.178 Mpa,0.495 Mpa,0.114 Mpa,0.136 Mpa,0.128 Mpa,0.0654 Mpa,0.0757 Mpa,23.7%,7.18%,0.368%,10.1%,18.3%,4.36%,4.30%,4.91%,2.38%,11.0%
2026-08-13 07:00:00,0.530 Mpa,0.139 Mpa,0.0449 Mpa,0.0697 Mpa,0.0731 Mpa,0.0367 Mpa,0.102 Mpa,0.0430 Mpa,0.0830 Mpa,0.0234 Mpa,20.4%,4.47%,1.17%,7.72%,4.02%,2.65%,4.69%,3.15%,2.87%,4.84%
2026-08-13 09:00:00,0.501 Mpa,0.0671 Mpa,0.0368 Mpa,0.0699 Mpa,0.118 Mpa,0.0395 Mpa,0.0787 Mpa,0.00992 Mpa,0.0855 Mpa,0.0955 Mpa,17.0%,2.18%,0.945%,7.82%,4.95%,1.90%,4.72%,3.24%,3.64%,7.40%
2026-08-13 11:00:00,0.297 Mpa,0.0419 Mpa,0.0778 Mpa,0 Mpa,0.234 Mpa,0.0990 Mpa,0.118 Mpa,0.0490 Mpa,0.0604 Mpa,0.0943 Mpa,11.8%,1.36%,2.25%,3.75%,8.47%,3.98%,4.22%,4.48%,2.54%,8.04%
2026-08-13 13:00:00,0.0761 Mpa,0.205 Mpa,0.110 Mpa,0 Mpa,0 Mpa,0.524 Mpa,0.108 Mpa,0.103 Mpa,0.400 Mpa,0.107 Mpa,5.11%,6.32%,3.39%,6.16%,2%,15.9%,4.00%,4.60%,12.6%,6.87%
2026-08-13 15:00:00,0.233 Mpa,0.0305 Mpa,0.137 Mpa,0.0446 Mpa,0.480 Mpa,0.135 Mpa,0.0577 Mpa,0.901 Mpa,0.0204 Mpa,0.0754 Mpa,29.8%,1.84%,4.10%,7.56%,15.4%,4.46%,2.08%,28.8%,1.53%,5.22%
2026-08-13 17:00:00,0.176 Mpa,0.0476 Mpa,0.277 Mpa,0.168 Mpa,0.139 Mpa,0.603 Mpa,0.105 Mpa,0.138 Mpa,0.136 Mpa,0.0433 Mpa,34.2%,3.51%,8.51%,10.9%,5.82%,18.7%,3.52%,6.14%,4.67%,5.51%
2026-08-13 19:00:00,0.0382 Mpa,0 Mpa,0.103 Mpa,0.285 Mpa,0.0193 Mpa,0.178 Mpa,0.165 Mpa,0.134 Mpa,0.00607 Mpa,0.0619 Mpa,3.34%,0%,2.94%,13.6%,2.22%,7.09%,5.51%,5.21%,0.361%,6.11%
2026-08-13 21:00:00,0.418 Mpa,,0.0560 Mpa,0.0356 Mpa,0.267 Mpa,0.152 Mpa,0.467 Mpa,0.0472 Mpa,0.382 Mpa,0.194 Mpa,14.7%,,1.48%,6.59%,10.9%,5.90%,15.3%,3.04%,11.9%,9.53%
2026-08-13 23:00:00,0.0720 Mpa,,0.0827 Mpa,0.0368 Mpa,0.0693 Mpa,0.0470 Mpa,0.280 Mpa,0.0262 Mpa,0.217 Mpa,0.0788 Mpa,4.42%,,2.37%,6.67%,4.10%,2.67%,8.93%,2.52%,6.93%,6.11%
2026-08-14 01:00:00,0.155 Mpa,,0.0478 Mpa,0.115 Mpa,0.0697 Mpa,0.220 Mpa,0.309 Mpa,0.199 Mpa,0.0894 Mpa,0.174 Mpa,6.81%,,1.15%,8.66%,4.13%,7.36%,9.95%,7.25%,3.19%,9.63%
2026-08-14 03:00:00,0.0934 Mpa,0.318 Mpa,0.0586 Mpa,0.00593 Mpa,0.0539 Mpa,0.153 Mpa,0.0838 Mpa,0.368 Mpa,0.0669 Mpa,0.0793 Mpa,4.81%,10.1%,1.58%,6.41%,3.20%,5.27%,2.84%,12.4%,3.07%,6.62%
2026-08-14 05:00:00,0.0423 Mpa,0.0175 Mpa,0.00725 Mpa,0.362 Mpa,0.0544 Mpa,0.117 Mpa,0.0274 Mpa,0.114 Mpa,0.0610 Mpa,0.0433 Mpa,3.41%,0.665%,0%,14.8%,3.11%,5.46%,0.893%,6.44%,2.75%,5.57%
2026-08-14 07:00:00,0.335 Mpa,0.0616 Mpa,0.0214 Mpa,0.229 Mpa,0.147 Mpa,0.117 Mpa,0.157 Mpa,0.262 Mpa,0.0665 Mpa,0.0976 Mpa,11.8%,1.83%,0.575%,12.2%,6.39%,4.53%,5.23%,11.3%,2.64%,5.94%
2026-08-14 09:00:00,0.533 Mpa,0.0600 Mpa,0.0454 Mpa,0.197 Mpa,0.0308 Mpa,0.0251 Mpa,0.0638 Mpa,0.202 Mpa,0.0953 Mpa,0.0485 Mpa,17.1%,1.78%,1.13%,11.5%,2.08%,1.77%,2.14%,8.71%,3.85%,4.60%
2026-08-14 11:00:00,0.137 Mpa,0.163 Mpa,0.0150 Mpa,0.0128 Mpa,0.0825 Mpa,0.123 Mpa,0.151 Mpa,0.171 Mpa,0.456 Mpa,0.0672 Mpa,6.78%,5.08%,0.325%,6.99%,4.03%,4.67%,5.09%,7.16%,14.5%,5.00%
2026-08-14 13:00:00,0.131 Mpa,0.217 Mpa,0.00979 Mpa,0 Mpa,0.106 Mpa,0.0864 Mpa,0.122 Mpa,0.627 Mpa,0.0340 Mpa,0.0145 Mpa,6.38%,6.53%,0.228%,6.70%,5.22%,3.56%,4.08%,20.2%,1.30%,5.17%
2026-08-14 15:00:00,0.211 Mpa,0.0862 Mpa,0.0972 Mpa,0.0344 Mpa,0.0752 Mpa,0.147 Mpa,0.178 Mpa,0.206 Mpa,0.0489 Mpa,0.0572 Mpa,10.2%,2.72%,3.04%,7.37%,4.11%,5.35%,6.76%,8.17%,2.30%,6.55%
2026-08-14 17:00:00,0.444 Mpa,0.0174 Mpa,0.00330 Mpa,0.302 Mpa,0.894 Mpa,0.283 Mpa,0.381 Mpa,0.101 Mpa,0.0770 Mpa,0.0545 Mpa,15.9%,0.531%,0%,14.1%,32.5%,9.78%,12.5%,4.87%,2.46%,13.6%
2026-08-14 19:00:00,0.169 Mpa,0.0985 Mpa,,0.111 Mpa,0.00846 Mpa,0.279 Mpa,0.178 Mpa,0.0511 Mpa,0.190 Mpa,0.0548 Mpa,7.44%,3.21%,,8.35%,1.06%,9.61%,5.85%,3.18%,5.70%,7.65%
2026-08-14 21:00:00,0.220 Mpa,0.150 Mpa,,0.0384 Mpa,0.331 Mpa,0.326 Mpa,0.534 Mpa,0.188 Mpa,0.373 Mpa,0.0570 Mpa,9.26%,4.90%,,6.68%,12.9%,22.9%,17.3%,7.35%,11.3%,6.69%
2026-08-14 23:00:00,0.159 Mpa,0.0122 Mpa,,0.0353 Mpa,0.210 Mpa,0.734 Mpa,0.409 Mpa,0.0300 Mpa,0.215 Mpa,0.0455 Mpa,7.66%,0.455%,,6.97%,8.68%,23.0%,12.8%,2.59%,6.88%,7.25%
2026-08-15 01:00:00,0.0759 Mpa,0.244 Mpa,,0.0867 Mpa,0.0329 Mpa,0.154 Mpa,0.0515 Mpa,0.0845 Mpa,0.0775 Mpa,0.208 Mpa,6.28%,7.58%,,7.49%,2.19%,5.33%,1.67%,3.79%,2.53%,10.6%
2026-08-15 03:00:00,0.616 Mpa,0.191 Mpa,,0.107 Mpa,0.0856 Mpa,0.533 Mpa,0.0581 Mpa,0.108 Mpa,0.0703 Mpa,0.0392 Mpa,21.3%,6.38%,,7.87%,7.15%,16.8%,1.81%,4.64%,2.38%,6.15%
2026-08-15 05:00:00,0.199 Mpa,0.176 Mpa,0.0615 Mpa,0.0529 Mpa,0.0916 Mpa,0.217 Mpa,0.0230 Mpa,0.0970 Mpa,0.0430 Mpa,0.0654 Mpa,8.46%,5.89%,2.33%,7.28%,5.94%,7.33%,0.682%,4.63%,1.95%,6.36%
2026-08-15 07:00:00,0.0929 Mpa,0.154 Mpa,0.150 Mpa,0.0999 Mpa,0.0232 Mpa,0.101 Mpa,0.0231 Mpa,0.0460 Mpa,0.0950 Mpa,0.0858 Mpa,5.51%,5.73%,22.0%,8.67%,1.93%,4.35%,0.722%,2.78%,4.12%,6.13%
2026-08-15 09:00:00,0.133 Mpa,0.341 Mpa,0.0655 Mpa,0.0281 Mpa,0.0373 Mpa,0.139 Mpa,0.205 Mpa,0.259 Mpa,0.105 Mpa,0.0761 Mpa,6.47%,11.2%,3.32%,6.70%,2.53%,5.91%,6.98%,9.01%,3.81%,6.44%
2026-08-15 11:00:00,0.0904 Mpa,0.187 Mpa,0.131 Mpa,0.0579 Mpa,0.120 Mpa,0.339 Mpa,0.0876 Mpa,0.0745 Mpa,0.0948 Mpa,0.0293 Mpa,5.23%,5.71%,5.53%,7.65%,5.88%,12.0%,2.83%,3.20%,3.67%,5.03%
2026-08-15 13:00:00,0.0814 Mpa,0.421 Mpa,0.155 Mpa,0.478 Mpa,0.0103 Mpa,0.00211 Mpa,0.262 Mpa,0.297 Mpa,0.0297 Mpa,0.0775 Mpa,5.25%,13.0%,26.2%,19.3%,2.06%,1.20%,8.76%,10.3%,1.89%,6.73%
2026-08-15 15:00:00,0.0297 Mpa,0.0906 Mpa,0.362 Mpa,0.668 Mpa,0.205 Mpa,0.598 Mpa,0.0286 Mpa,0.0415 Mpa,0.0831 Mpa,0.198 Mpa,2.77%,3.08%,11.4%,24.2%,9.60%,19.8%,0.874%,3.31%,3.11%,9.65%
2026-08-15 17:00:00,0.148 Mpa,0.124 Mpa,0.623 Mpa,0.0435 Mpa,0.113 Mpa,0.123 Mpa,0.109 Mpa,,0.141 Mpa,0.145 Mpa,5.98%,3.84%,19.4%,7.37%,5.73%,4.73%,3.80%,,4.85%,7.90%
2026-08-15 19:00:00,0.0947 Mpa,0.182 Mpa,0.178 Mpa,0.0792 Mpa,0.115 Mpa,0.829 Mpa,0.246 Mpa,,0.0521 Mpa,0.0905 Mpa,10.7%,5.66%,5.18%,8.00%,5.35%,28.3%,8.26%,,2.82%,7.43%
2026-08-15 21:00:00,0.0781 Mpa,0.0994 Mpa,0.157 Mpa,0.0632 Mpa,0.123 Mpa,0.548 Mpa,0.0819 Mpa,,0.0290 Mpa,0.187 Mpa,4.62%,3.09%,4.59%,7.54%,5.62%,17.7%,2.85%,,1.89%,9.17%
2026-08-15 23:00:00,0.176 Mpa,0.0430 Mpa,0.0355 Mpa,0.0722 Mpa,0.0435 Mpa,0.0553 Mpa,0.0771 Mpa,0.0356 Mpa,0.187 Mpa,0.199 Mpa,8.48%,1.31%,0.946%,7.73%,2.40%,2.84%,2.65%,3.63%,5.97%,8.81%
2026-08-16 01:00:00,0.786 Mpa,0.501 Mpa,0.0441 Mpa,0 Mpa,0.0375 Mpa,0.0776 Mpa,0.148 Mpa,,0.0284 Mpa,0.0453 Mpa,23.8%,15.2%,1.29%,6.13%,2.13%,3.61%,4.65%,,2.11%,6.41%
2026-08-16 03:00:00,0.0320 Mpa,0.354 Mpa,0.0993 Mpa,0.0782 Mpa,0.109 Mpa,0.209 Mpa,0.0612 Mpa,0.320 Mpa,0.157 Mpa,0.193 Mpa,3.16%,10.9%,2.98%,8.27%,5.50%,7.94%,1.96%,12.0%,6.63%,11.8%
2026-08-16 05:00:00,0.0380 Mpa,0.715 Mpa,0.0210 Mpa,0.145 Mpa,0.0448 Mpa,0.462 Mpa,0.0966 Mpa,0.0451 Mpa,0.0725 Mpa,0.0336 Mpa,3.64%,22.1%,2.55%,9.56%,3.31%,15.9%,3.16%,2.52%,2.85%,5.31%
2026-08-16 07:00:00,0.213 Mpa,0.162 Mpa,0.0980 Mpa,0.0398 Mpa,0.0459 Mpa,0.393 Mpa,0.0143 Mpa,0.0498 Mpa,0.105 Mpa,0.0901 Mpa,10.1%,6.36%,2.96%,6.80%,2.86%,14.7%,0.439%,2.36%,4.30%,6.61%
2026-08-16 09:00:00,0.607 Mpa,0.127 Mpa,0.110 Mpa,0.0250 Mpa,0.0819 Mpa,0.0788 Mpa,0.234 Mpa,0.0125 Mpa,0.198 Mpa,0.0206 Mpa,19.7%,6.83%,3.35%,6.51%,4.10%,3.78%,7.78%,1.59%,6.22%,7.64%
2026-08-16 11:00:00,0.111 Mpa,0.213 Mpa,0.0537 Mpa,0.0777 Mpa,0.0689 Mpa,0.106 Mpa,0.393 Mpa,0.0290 Mpa,0.241 Mpa,0.0274 Mpa,5.67%,6.65%,1.95%,8.07%,3.83%,6.24%,13.0%,2.48%,7.69%,4.77%
2026-08-16 13:00:00,0.0475 Mpa,0.0535 Mpa,0.138 Mpa,0.0604 Mpa,0.0875 Mpa,,0.433 Mpa,0.433 Mpa,0.115 Mpa,0.129 Mpa,4.08%,1.80%,4.42%,8.17%,4.28%,,14.5%,14.2%,3.50%,7.68%
2026-08-16 15:00:00,0.0848 Mpa,0.0681 Mpa,0.0348 Mpa,0.0922 Mpa,0.306 Mpa,,0.328 Mpa,0.0816 Mpa,0.0536 Mpa,0.175 Mpa,4.86%,2.29%,1.04%,8.71%,12.3%,,10.9%,4.59%,1.60%,8.66%
2026-08-16 17:00:00,0.0708 Mpa,0.0211 Mpa,0.0737 Mpa,0.110 Mpa,0.579 Mpa,,0.173 Mpa,0.112 Mpa,0.137 Mpa,0.148 Mpa,4.86%,0.803%,2.99%,9.06%,20.8%,,5.68%,4.93%,4.68%,8.75%
2026-08-16 19:00:00,0.00528 Mpa,0.0422 Mpa,0.0313 Mpa,0.0607 Mpa,0.193 Mpa,,0.00787 Mpa,0.362 Mpa,0.183 Mpa,0.0133 Mpa,2.64%,1.24%,0.791%,7.65%,6.53%,,0.231%,16.3%,5.65%,3.95%
2026-08-16 21:00:00,0.339 Mpa,0.125 Mpa,0.0985 Mpa,0.0642 Mpa,0.306 Mpa,,0.382 Mpa,0.288 Mpa,0.130 Mpa,0.0223 Mpa,12.9%,3.85%,2.94%,7.77%,21.7%,,12.7%,12.7%,6.56%,4.97%
2026-08-16 23:00:00,0.0607 Mpa,0.0840 Mpa,0.0290 Mpa,0.0451 Mpa,1.54 Mpa,,1.24 Mpa,1.14 Mpa,0.145 Mpa,0.245 Mpa,4.04%,2.72%,0.806%,7.01%,55.1%,,39.6%,35.7%,8.52%,12.6%
2026-08-17 01:00:00,0.128 Mpa,0.0857 Mpa,0.464 Mpa,0.0619 Mpa,0.0907 Mpa,,1.43 Mpa,0.104 Mpa,0.156 Mpa,0.130 Mpa,6.23%,2.73%,13.7%,13.4%,4.23%,,45.1%,5.27%,4.90%,7.75%
2026-08-17 03:00:00,0.0658 Mpa,0.137 Mpa,0.00332 Mpa,0.00260 Mpa,0.0587 Mpa,,0 Mpa,0.175 Mpa,0.0755 Mpa,0.0322 Mpa,4.41%,4.40%,0%,6.39%,3.32%,,0%,17.2%,2.51%,13.3%
2026-08-17 05:00:00,0.310 Mpa,0.122 Mpa,0.153 Mpa,0.891 Mpa,0.225 Mpa,,,0 Mpa,0.100 Mpa,0.0528 Mpa,11.6%,3.91%,14.1%,30.0%,9.79%,,,1.60%,3.44%,5.84%
2026-08-17 07:00:00,0.0889 Mpa,0.0370 Mpa,0.367 Mpa,0.179 Mpa,0.0936 Mpa,,,0.104 Mpa,0.113 Mpa,0.0608 Mpa,5.07%,1.32%,10.9%,10.3%,4.65%,,,4.36%,4.04%,5.10%
2026-08-17 09:00:00,0.0444 Mpa,0.283 Mpa,0.0393 Mpa,0.0699 Mpa,0.0625 Mpa,,0.00369 Mpa,0.414 Mpa,0.0164 Mpa,0.141 Mpa,3.31%,9.70%,1.10%,7.53%,3.65%,,0%,13.8%,0.757%,7.72%
2026-08-17 11:00:00,0.133 Mpa,0.0119 Mpa,0.0777 Mpa,0.203 Mpa,0.277 Mpa,0.254 Mpa,,0.285 Mpa,0.118 Mpa,0.148 Mpa,5.90%,1.59%,7.92%,11.7%,11.7%,9.23%,,9.95%,4.03%,8.18%
2026-08-17 13:00:00,0.131 Mpa,0 Mpa,0.00177 Mpa,0.165 Mpa,0.0652 Mpa,0.127 Mpa,,0.134 Mpa,0.0903 Mpa,0.134 Mpa,5.95%,1.07%,0%,10.6%,4.21%,11.0%,,4.88%,3.81%,8.68%
2026-08-17 15:00:00,0.328 Mpa,0.0351 Mpa,0.0279 Mpa,0.0463 Mpa,0.107 Mpa,0.0768 Mpa,,0.616 Mpa,0.213 Mpa,0.198 Mpa,11.4%,1.28%,1.66%,7.32%,5.76%,3.40%,,19.5%,7.52%,10.0%
2026-08-17 17:00:00,0.229 Mpa,0.671 Mpa,0.581 Mpa,0.135 Mpa,0.151 Mpa,0.0938 Mpa,,0.526 Mpa,0.163 Mpa,0.314 Mpa,8.84%,20.4%,17.6%,9.80%,6.82%,3.87%,,16.8%,6.32%,12.6%
2026-08-17 19:00:00,0.124 Mpa,0.0731 Mpa,0.0887 Mpa,0.508 Mpa,0.0746 Mpa,0.0437 Mpa,,0.297 Mpa,0.0915 Mpa,,6.11%,2.21%,2.60%,19.9%,3.32%,1.95%,,12.7%,3.70%,
2026-08-17 21:00:00,0.135 Mpa,0.107 Mpa,0.425 Mpa,0.588 Mpa,0.0889 Mpa,0.393 Mpa,,0.364 Mpa,0.0432 Mpa,,6.20%,3.23%,12.9%,22.1%,3.93%,12.8%,,15.1%,2.66%,
2026-08-17 23:00:00,0.521 Mpa,1.07 Mpa,0.0187 Mpa,0.224 Mpa,0.122 Mpa,0.168 Mpa,,0.300 Mpa,0.0736 Mpa,,17.2%,32.2%,0.408%,12.4%,5.31%,6.00%,,12.0%,4.06%,
2026-08-18 01:00:00,0.199 Mpa,0.298 Mpa,0.0394 Mpa,0.0186 Mpa,0.304 Mpa,0.145 Mpa,0.000688 Mpa,,0.0373 Mpa,0.127 Mpa,7.51%,9.06%,1.15%,8.55%,11.6%,5.30%,1.47%,,2.41%,8.88%
2026-08-18 03:00:00,0.854 Mpa,0.135 Mpa,0.0675 Mpa,0.293 Mpa,0.177 Mpa,0.113 Mpa,0.00665 Mpa,0.360 Mpa,0.0704 Mpa,0.139 Mpa,26.6%,4.43%,1.94%,14.1%,7.22%,3.96%,0%,12.8%,4.04%,8.86%
2026-08-18 05:00:00,0.585 Mpa,0.0268 Mpa,0.191 Mpa,0.148 Mpa,0.207 Mpa,0.0765 Mpa,0.338 Mpa,0.170 Mpa,0.0584 Mpa,0.0624 Mpa,18.9%,0.986%,5.67%,10.0%,8.43%,3.54%,9.49%,6.57%,5.04%,7.44%
2026-08-18 07:00:00,0.293 Mpa,0.429 Mpa,0.0680 Mpa,0.146 Mpa,0.0553 Mpa,0.0761 Mpa,0.660 Mpa,0 Mpa,0.0461 Mpa,0.0998 Mpa,10.4%,12.7%,1.92%,10.0%,2.85%,3.40%,20.4%,1.38%,1.88%,6.10%
2026-08-18 09:00:00,0.161 Mpa,0.424 Mpa,0.0313 Mpa,0.224 Mpa,0.0815 Mpa,0.112 Mpa,0.132 Mpa,0.155 Mpa,0.0349 Mpa,0.0217 Mpa,6.57%,13.8%,0.975%,12.4%,3.97%,4.89%,4.44%,5.88%,1.15%,4.99%
2026-08-18 11:00:00,0.213 Mpa,0.140 Mpa,0.137 Mpa,0.0678 Mpa,0.0666 Mpa,0.0977 Mpa,0.0879 Mpa,0.515 Mpa,0.328 Mpa,0.0316 Mpa,8.19%,4.95%,4.14%,7.60%,3.42%,4.90%,2.99%,16.8%,10.8%,5.97%
2026-08-18 13:00:00,0.0594 Mpa,0.242 Mpa,0.114 Mpa,0.152 Mpa,0.0612 Mpa,0.726 Mpa,0.0870 Mpa,0.163 Mpa,0.528 Mpa,0.207 Mpa,3.93%,8.68%,3.58%,10.2%,3.42%,23.4%,2.93%,6.49%,17.4%,10.0%
2026-08-18 15:00:00,0.0879 Mpa,0.183 Mpa,0.0444 Mpa,0.126 Mpa,0.243 Mpa,0.226 Mpa,0.0423 Mpa,0.0420 Mpa,0.307 Mpa,0.0573 Mpa,4.45%,6.03%,1.33%,9.78%,10.9%,7.06%,1.35%,3.01%,10.6%,5.17%
2026-08-18 17:00:00,0.181 Mpa,0.0906 Mpa,0.00553 Mpa,0.200 Mpa,0.0989 Mpa,0.111 Mpa,0.0871 Mpa,0.0815 Mpa,0.163 Mpa,0.0974 Mpa,8.18%,4.02%,0.132%,11.3%,5.36%,4.17%,2.94%,3.87%,6.07%,6.68%
2026-08-18 19:00:00,0.0133 Mpa,0.165 Mpa,0.253 Mpa,0.134 Mpa,0.0113 Mpa,0.0899 Mpa,0.142 Mpa,0.0190 Mpa,0.248 Mpa,0.0490 Mpa,2.18%,5.54%,9.83%,10.8%,1.97%,2.78%,4.94%,1.60%,8.60%,5.15%
2026-08-18 21:00:00,0.111 Mpa,0.204 Mpa,0.354 Mpa,0.168 Mpa,0.0800 Mpa,0.0622 Mpa,0.104 Mpa,0.0488 Mpa,0.614 Mpa,0.195 Mpa,5.39%,6.83%,10.4%,10.3%,4.73%,1.71%,3.52%,3.09%,18.7%,9.91%
2026-08-18 23:00:00,0.178 Mpa,0.0290 Mpa,0.138 Mpa,0.232 Mpa,0.107 Mpa,0.0835 Mpa,0.274 Mpa,0.166 Mpa,0.307 Mpa,0.373 Mpa,8.03%,0.975%,3.97%,26.5%,5.54%,2.65%,7.82%,5.75%,9.26%,13.8%
2026-08-19 01:00:00,0.0907 Mpa,0.116 Mpa,0.534 Mpa,0.0889 Mpa,0.0808 Mpa,0.0869 Mpa,0.0245 Mpa,2.11 Mpa,0.0505 Mpa,0.227 Mpa,5.05%,3.87%,15.8%,8.00%,4.82%,3.48%,0.675%,61.1%,2.10%,10.9%
2026-08-19 03:00:00,0.107 Mpa,0.00183 Mpa,0.0246 Mpa,0.169 Mpa,0.0509 Mpa,0.119 Mpa,0.108 Mpa,1.57 Mpa,0.726 Mpa,0.0254 Mpa,5.75%,0.291%,0.876%,10.2%,3.66%,4.16%,3.05%,46.4%,22.6%,5.72%
2026-08-19 05:00:00,0.186 Mpa,0.199 Mpa,0.0553 Mpa,0.0895 Mpa,0.0939 Mpa,0.256 Mpa,0.132 Mpa,,0.685 Mpa,0.0442 Mpa,9.10%,6.47%,1.48%,8.09%,7.65%,7.96%,4.48%,,21.0%,5.44%
2026-08-19 07:00:00,0.198 Mpa,0.486 Mpa,0.0487 Mpa,0.0222 Mpa,0.126 Mpa,0.380 Mpa,0.100 Mpa,,1.03 Mpa,0.131 Mpa,10.2%,15.2%,1.30%,6.38%,5.25%,12.5%,3.38%,,30.7%,7.44%
2026-08-19 09:00:00,0.106 Mpa,0.212 Mpa,0.0320 Mpa,0.0219 Mpa,0.289 Mpa,0.116 Mpa,0.103 Mpa,,0.204 Mpa,0.0248 Mpa,5.52%,7.23%,0.916%,6.41%,11.6%,4.62%,3.39%,,6.87%,4.86%
2026-08-19 11:00:00,0.0876 Mpa,0.158 Mpa,0.0564 Mpa,0.0370 Mpa,0.266 Mpa,0.398 Mpa,0.257 Mpa,,0.0959 Mpa,0.0403 Mpa,5.59%,5.23%,1.65%,6.61%,10.6%,13.1%,8.62%,,4.76%,5.63%
2026-08-19 13:00:00,0.0390 Mpa,0.938 Mpa,0.0650 Mpa,0.188 Mpa,2.42 Mpa,0.237 Mpa,0.310 Mpa,,0.0669 Mpa,0.0434 Mpa,3.65%,28.0%,1.98%,11.5%,84.0%,8.40%,10.4%,,2.61%,5.61%
2026-08-19 15:00:00,0.0598 Mpa,0.0301 Mpa,0.0674 Mpa,0.0390 Mpa,0 Mpa,0.347 Mpa,0.0587 Mpa,0.0619 Mpa,0.199 Mpa,0.148 Mpa,4.26%,0.890%,2.10%,7.03%,2.33%,11.8%,2.02%,3.91%,6.37%,7.49%
2026-08-19 17:00:00,0.0797 Mpa,0.0844 Mpa,0.108 Mpa,0.0826 Mpa,,0.781 Mpa,0.104 Mpa,1.06 Mpa,0.118 Mpa,0.119 Mpa,5.43%,2.99%,3.22%,16.7%,,24.5%,3.61%,31.6%,3.79%,8.00%
2026-08-19 19:00:00,0.212 Mpa,0.126 Mpa,0.233 Mpa,0.115 Mpa,,0.368 Mpa,0.132 Mpa,1.23 Mpa,0.117 Mpa,0.0494 Mpa,10.6%,4.49%,6.98%,8.92%,,12.0%,4.55%,36.0%,4.37%,5.56%
2026-08-19 21:00:00,0.216 Mpa,0.0870 Mpa,0.242 Mpa,0.187 Mpa,,0.0939 Mpa,0.0460 Mpa,0.326 Mpa,0.111 Mpa,0.0193 Mpa,10.2%,3.47%,7.52%,10.9%,,5.37%,1.52%,10.6%,4.06%,5.17%
2026-08-19 23:00:00,0.120 Mpa,0.0771 Mpa,0.170 Mpa,0.103 Mpa,,0.106 Mpa,0.106 Mpa,0.266 Mpa,0.236 Mpa,0.0211 Mpa,6.53%,2.72%,5.04%,8.73%,,5.60%,3.51%,11.2%,7.01%,5.29%
2026-08-20 01:00:00,0.0840 Mpa,0.0563 Mpa,0.0110 Mpa,0.100 Mpa,0.690 Mpa,0.291 Mpa,0.104 Mpa,0.239 Mpa,0.441 Mpa,0.345 Mpa,4.91%,2.54%,0%,9.98%,22.4%,9.85%,3.42%,8.18%,13.2%,13.5%
2026-08-20 03:00:00,0.160 Mpa,0.213 Mpa,0.173 Mpa,0.0892 Mpa,0.115 Mpa,0.0646 Mpa,0.102 Mpa,0.238 Mpa,0.458 Mpa,0.0290 Mpa,6.74%,6.88%,4.98%,8.30%,5.30%,2.81%,3.48%,9.06%,18.9%,5.00%
2026-08-20 05:00:00,0.0460 Mpa,0.162 Mpa,0.0672 Mpa,0.0311 Mpa,0.296 Mpa,0.188 Mpa,0.227 Mpa,0.152 Mpa,0.0898 Mpa,0.0414 Mpa,3.29%,4.97%,1.92%,6.54%,11.0%,6.86%,7.39%,6.27%,3.74%,5.85%
2026-08-20 07:00:00,0.0902 Mpa,0.00243 Mpa,0.116 Mpa,0.114 Mpa,0.0613 Mpa,0.0869 Mpa,0.952 Mpa,0.0664 Mpa,0.0705 Mpa,0.130 Mpa,5.17%,0.0492%,3.32%,8.67%,3.55%,3.68%,30.6%,3.95%,2.32%,8.37%
2026-08-20 09:00:00,0.124 Mpa,0.275 Mpa,0.00341 Mpa,0.220 Mpa,0.0929 Mpa,0.00192 Mpa,0.354 Mpa,0.00368 Mpa,0.0754 Mpa,0.0264 Mpa,5.50%,9.13%,0%,14.1%,5.20%,1.38%,11.5%,1.74%,2.80%,5.93%
2026-08-20 11:00:00,0.178 Mpa,0.0786 Mpa,0.0635 Mpa,0.131 Mpa,0.578 Mpa,0.127 Mpa,0.118 Mpa,0.131 Mpa,0.101 Mpa,0.0214 Mpa,7.45%,2.90%,1.83%,9.68%,22.0%,4.45%,4.01%,5.53%,3.27%,5.90%
2026-08-20 13:00:00,0.266 Mpa,0.00298 Mpa,0.00897 Mpa,0.110 Mpa,0.0538 Mpa,0.184 Mpa,0.247 Mpa,0.0466 Mpa,0.386 Mpa,0.136 Mpa,10.7%,0.122%,0.338%,9.15%,3.46%,6.26%,8.19%,3.06%,12.3%,7.91%
2026-08-20 15:00:00,0.745 Mpa,0.00125 Mpa,0.0891 Mpa,0.299 Mpa,0.00663 Mpa,0.0298 Mpa,0.0769 Mpa,0.149 Mpa,0.0358 Mpa,0.0125 Mpa,23.0%,0.394%,2.61%,14.6%,1.24%,2.34%,2.64%,5.91%,1.80%,5.41%
2026-08-20 17:00:00,,0.153 Mpa,0.125 Mpa,0.0498 Mpa,0.0736 Mpa,0.0816 Mpa,0.145 Mpa,0.164 Mpa,0.0434 Mpa,0.0614 Mpa,,5.19%,3.79%,7.33%,3.81%,3.76%,4.79%,6.58%,1.39%,6.86%
2026-08-20 19:00:00,,0.156 Mpa,0.0450 Mpa,0.0109 Mpa,0.764 Mpa,0.0878 Mpa,0.100 Mpa,0.202 Mpa,0.0771 Mpa,0.182 Mpa,,5.43%,1.17%,5.82%,27.9%,3.34%,3.35%,7.27%,2.33%,9.00%
2026-08-20 21:00:00,0.384 Mpa,0.631 Mpa,0.137 Mpa,0.0234 Mpa,0.230 Mpa,0.0465 Mpa,0.0619 Mpa,0.0716 Mpa,0.0604 Mpa,0.137 Mpa,13.2%,19.5%,4.07%,12.3%,9.34%,2.07%,2.10%,3.63%,2.02%,7.53%
2026-08-20 23:00:00,0.000321 Mpa,0.0830 Mpa,0.0859 Mpa,0.0792 Mpa,0.0746 Mpa,0.0331 Mpa,0.102 Mpa,0.0450 Mpa,0.0468 Mpa,0.137 Mpa,2.44%,5.18%,2.61%,7.44%,4.43%,1.57%,3.49%,2.89%,2.05%,8.03%
2026-08-21 01:00:00,,0.180 Mpa,0.0241 Mpa,0.0731 Mpa,0.823 Mpa,0.0289 Mpa,0.0111 Mpa,0.255 Mpa,0.307 Mpa,0.138 Mpa,,5.77%,0.657%,17.7%,30.3%,6.38%,0.313%,9.08%,9.20%,8.56%
2026-08-21 03:00:00,,0.105 Mpa,0.114 Mpa,0.0495 Mpa,0.206 Mpa,0.134 Mpa,0.281 Mpa,0.178 Mpa,0.0887 Mpa,0.00171 Mpa,,3.71%,3.51%,19.9%,8.83%,6.23%,7.34%,6.86%,3.00%,4.58%
2026-08-21 05:00:00,,0.130 Mpa,0.0577 Mpa,0.0222 Mpa,0.188 Mpa,0.159 Mpa,0.0844 Mpa,0.0939 Mpa,0.714 Mpa,0.0819 Mpa,,4.41%,1.67%,33.1%,10.3%,5.57%,2.86%,4.50%,22.4%,7.79%
2026-08-21 07:00:00,,0.337 Mpa,0.112 Mpa,0.121 Mpa,0.110 Mpa,0.100 Mpa,0.589 Mpa,0.159 Mpa,0.217 Mpa,0.133 Mpa,,11.3%,3.25%,25.6%,5.38%,3.62%,18.9%,6.54%,8.76%,8.37%
2026-08-21 09:00:00,,0.0184 Mpa,0.0192 Mpa,0.0411 Mpa,0.0635 Mpa,0.104 Mpa,0.0774 Mpa,0.0854 Mpa,0.241 Mpa,0.0115 Mpa,,0.585%,0.388%,11.1%,3.75%,4.17%,2.45%,4.02%,7.29%,5.67%
2026-08-21 11:00:00,,0.258 Mpa,0.0742 Mpa,0.116 Mpa,0.322 Mpa,0.351 Mpa,0.947 Mpa,0.105 Mpa,0.0960 Mpa,0.198 Mpa,,8.23%,2.15%,9.06%,13.2%,11.5%,30.1%,4.72%,3.09%,9.98%
2026-08-21 13:00:00,,0.0596 Mpa,0.0561 Mpa,0.166 Mpa,0.257 Mpa,0.739 Mpa,0.0787 Mpa,0.480 Mpa,0.152 Mpa,0.403 Mpa,,2.04%,1.64%,22.4%,10.4%,23.1%,2.58%,15.8%,4.75%,15.2%
2026-08-21 15:00:00,0 Mpa,0.0976 Mpa,0.0228 Mpa,0.0947 Mpa,0.0695 Mpa,0.910 Mpa,0.776 Mpa,0 Mpa,0.0711 Mpa,0.0902 Mpa,2.79%,3.19%,0.589%,8.96%,7.83%,28.6%,25.3%,1.20%,2.58%,7.41%
2026-08-21 17:00:00,,0.0906 Mpa,0.192 Mpa,0.136 Mpa,0.154 Mpa,0.0753 Mpa,0.0984 Mpa,0.111 Mpa,0.122 Mpa,0.126 Mpa,,3.04%,5.47%,8.76%,7.03%,3.49%,3.27%,4.45%,4.02%,8.40%
2026-08-21 19:00:00,,0.164 Mpa,0.197 Mpa,0.0803 Mpa,0.0481 Mpa,0.111 Mpa,0.0728 Mpa,0.0453 Mpa,0.00637 Mpa,0.0464 Mpa,,5.45%,5.69%,6.38%,3.24%,4.01%,2.45%,2.70%,0.694%,6.14%
2026-08-21 21:00:00,0.0101 Mpa,0.135 Mpa,0.148 Mpa,0.262 Mpa,0.644 Mpa,0.121 Mpa,0.148 Mpa,0.102 Mpa,0.137 Mpa,0.0522 Mpa,1.06%,4.55%,4.88%,13.2%,23.3%,4.65%,4.83%,4.35%,4.19%,6.23%
2026-08-21 23:00:00,0.232 Mpa,0.278 Mpa,0.0520 Mpa,0.159 Mpa,0.0707 Mpa,0.0947 Mpa,0.104 Mpa,0.435 Mpa,0.265 Mpa,0.0367 Mpa,14.4%,8.98%,1.50%,8.22%,3.75%,3.77%,3.67%,14.0%,8.80%,5.24%
2026-08-22 01:00:00,0.900 Mpa,0.238 Mpa,0.0784 Mpa,0.138 Mpa,0.0681 Mpa,0.120 Mpa,0.0872 Mpa,0.0329 Mpa,0.418 Mpa,0.196 Mpa,27.6%,7.43%,2.36%,8.14%,4.11%,4.58%,2.93%,2.23%,12.8%,10.1%
2026-08-22 03:00:00,0.120 Mpa,0.288 Mpa,0.110 Mpa,0.0411 Mpa,0.0416 Mpa,0.134 Mpa,0.170 Mpa,0.0334 Mpa,0.0834 Mpa,0.0722 Mpa,6.97%,9.61%,3.12%,7.10%,2.50%,4.99%,5.69%,2.36%,3.73%,7.05%
2026-08-22 05:00:00,0.122 Mpa,0.170 Mpa,0.0133 Mpa,0.0531 Mpa,0.0463 Mpa,0.0988 Mpa,0.0852 Mpa,0.234 Mpa,0.184 Mpa,0.133 Mpa,6.51%,5.26%,0.333%,7.21%,2.54%,5.44%,2.83%,10.3%,6.05%,8.54%
2026-08-22 07:00:00,0.0366 Mpa,0.0697 Mpa,0.134 Mpa,0.327 Mpa,0.199 Mpa,0.0696 Mpa,0.362 Mpa,0.0396 Mpa,0.0944 Mpa,0.0744 Mpa,3.31%,2.23%,4.29%,14.8%,8.01%,2.79%,12.2%,3.88%,3.11%,6.77%
2026-08-22 09:00:00,0.0653 Mpa,0.0620 Mpa,0.0889 Mpa,0.212 Mpa,0.208 Mpa,0.371 Mpa,0.259 Mpa,0.140 Mpa,0.0112 Mpa,0.0728 Mpa,3.89%,1.99%,2.60%,11.4%,8.42%,12.5%,8.96%,6.67%,0.538%,6.68%
2026-08-22 11:00:00,0.0593 Mpa,0.0846 Mpa,0.0393 Mpa,0.0590 Mpa,0.00431 Mpa,0.126 Mpa,0.0439 Mpa,0.0429 Mpa,0.0284 Mpa,0.0778 Mpa,3.98%,2.74%,1.12%,7.47%,1.06%,4.25%,1.46%,4.29%,1.26%,6.90%
2026-08-22 13:00:00,0.0719 Mpa,0.0183 Mpa,0.134 Mpa,0.0357 Mpa,0.0362 Mpa,0.284 Mpa,0.0360 Mpa,0.0845 Mpa,0.274 Mpa,0.0630 Mpa,3.87%,0.575%,4.14%,6.99%,3.23%,10.0%,1.12%,4.28%,8.66%,6.70%
2026-08-22 15:00:00,0.0265 Mpa,0.156 Mpa,0.0938 Mpa,0.0150 Mpa,0.117 Mpa,0.108 Mpa,0.271 Mpa,0.134 Mpa,0.0238 Mpa,0.119 Mpa,2.34%,5.15%,2.83%,16.3%,26.5%,3.79%,9.39%,5.94%,0.769%,8.53%
2026-08-22 17:00:00,0.0535 Mpa,0.0405 Mpa,0.0624 Mpa,0.161 Mpa,0.0542 Mpa,0.177 Mpa,0.200 Mpa,0.102 Mpa,0.127 Mpa,0.0500 Mpa,3.42%,1.32%,1.76%,10.7%,6.80%,6.29%,6.64%,4.29%,4.59%,5.73%
2026-08-22 19:00:00,0.0812 Mpa,0.168 Mpa,0.282 Mpa,0.0675 Mpa,0.933 Mpa,0.343 Mpa,0.0409 Mpa,0.176 Mpa,0.202 Mpa,0.0242 Mpa,4.66%,5.10%,8.41%,7.82%,34.1%,11.5%,1.27%,6.48%,6.41%,5.22%
2026-08-22 21:00:00,0.0650 Mpa,0.188 Mpa,0.252 Mpa,0.0988 Mpa,0.179 Mpa,0.438 Mpa,0.287 Mpa,0.137 Mpa,0.312 Mpa,0.00556 Mpa,4.56%,6.10%,7.55%,8.51%,7.88%,14.5%,9.40%,5.56%,10.1%,5.32%
2026-08-22 23:00:00,0.310 Mpa,0.0712 Mpa,0.0823 Mpa,0.0726 Mpa,0.0508 Mpa,0.201 Mpa,0.150 Mpa,0.139 Mpa,0.0125 Mpa,0.00854 Mpa,11.1%,2.30%,2.40%,8.00%,3.44%,7.83%,4.87%,5.48%,0.748%,5.15%
2026-08-23 01:00:00,0.239 Mpa,0.225 Mpa,0.0139 Mpa,0.344 Mpa,0.0903 Mpa,0.222 Mpa,0.0591 Mpa,0.354 Mpa,0.101 Mpa,0.0147 Mpa,8.86%,7.23%,0.366%,15.6%,4.80%,7.66%,2.00%,11.8%,3.91%,4.84%
2026-08-23 03:00:00,0.462 Mpa,0.160 Mpa,0.572 Mpa,0.405 Mpa,0.107 Mpa,0.811 Mpa,0.0349 Mpa,0.217 Mpa,0.169 Mpa,0.127 Mpa,15.5%,5.08%,15.6%,17.1%,5.47%,25.4%,1.10%,7.67%,6.85%,7.80%
2026-08-23 05:00:00,0.316 Mpa,0.691 Mpa,0.132 Mpa,0.144 Mpa,0.0729 Mpa,0.196 Mpa,0.241 Mpa,0.132 Mpa,0.0248 Mpa,0.316 Mpa,11.1%,21.4%,7.21%,16.6%,4.17%,7.00%,7.83%,5.59%,1.46%,13.6%
2026-08-23 07:00:00,0.408 Mpa,0.227 Mpa,0.0139 Mpa,0.159 Mpa,0.0851 Mpa,1.18 Mpa,0.178 Mpa,0.323 Mpa,0.0686 Mpa,0.0722 Mpa,13.6%,7.08%,0.143%,10.2%,4.33%,36.2%,5.85%,12.7%,2.05%,6.89%
2026-08-23 09:00:00,0.157 Mpa,0.109 Mpa,0.0239 Mpa,0.366 Mpa,0.124 Mpa,0.609 Mpa,0.196 Mpa,0.329 Mpa,0.107 Mpa,0.0805 Mpa,6.32%,3.47%,0.574%,27.0%,5.90%,19.6%,6.67%,11.6%,3.56%,7.11%
2026-08-23 11:00:00,0.366 Mpa,0.0460 Mpa,0.125 Mpa,0.112 Mpa,0.0624 Mpa,0.132 Mpa,0.189 Mpa,0.116 Mpa,0.117 Mpa,0.0873 Mpa,12.3%,1.49%,3.72%,27.1%,3.16%,4.78%,6.56%,5.32%,4.16%,7.70%
2026-08-23 13:00:00,0.0488 Mpa,0.485 Mpa,0.192 Mpa,0.0805 Mpa,0.303 Mpa,0.0833 Mpa,0.0406 Mpa,0.557 Mpa,0.136 Mpa,0.134 Mpa,3.04%,15.0%,5.66%,11.2%,12.2%,2.75%,1.33%,17.8%,5.03%,8.27%
2026-08-23 15:00:00,0.0721 Mpa,0.546 Mpa,0.0587 Mpa,0.165 Mpa,0.0392 Mpa,0.137 Mpa,0.147 Mpa,1.26 Mpa,0.0000358 Mpa,0.0000560 Mpa,11.3%,37.5%,15.0%,10.5%,3.37%,3.38%,4.92%,38.4%,1.74%,25.5%
2026-08-23 17:00:00,1.45 Mpa,0 Mpa,0.891 Mpa,0.286 Mpa,0.000500 Mpa,0.105 Mpa,0.0834 Mpa,1.33 Mpa,0.0656 Mpa,0.0388 Mpa,42.4%,0.952%,23.1%,14.5%,1.49%,1.39%,2.82%,39.2%,2.87%,8.49%
2026-08-23 19:00:00,,0.164 Mpa,0.564 Mpa,0.166 Mpa,0.372 Mpa,,0.953 Mpa,,0.796 Mpa,0 Mpa,,5.51%,14.9%,10.5%,15.2%,,27.5%,,23.3%,23.3%
2026-08-23 21:00:00,0.179 Mpa,0.248 Mpa,0.114 Mpa,0.00398 Mpa,0.490 Mpa,0.142 Mpa,0.724 Mpa,0.158 Mpa,0.704 Mpa,,7.08%,8.17%,3.57%,6.32%,19.9%,25.3%,21.4%,6.43%,21.3%,
2026-08-23 23:00:00,0.378 Mpa,0.216 Mpa,1.01 Mpa,0.179 Mpa,0.0176 Mpa,0.108 Mpa,0.319 Mpa,0.0465 Mpa,0.0671 Mpa,0.0626 Mpa,12.9%,6.66%,28.2%,10.8%,2.20%,4.82%,9.61%,3.12%,1.91%,6.34%
2026-08-24 01:00:00,0.223 Mpa,0.00878 Mpa,0.127 Mpa,0.0366 Mpa,0.828 Mpa,0.112 Mpa,0.149 Mpa,0.0522 Mpa,0.0201 Mpa,0.151 Mpa,8.24%,0.354%,3.55%,6.30%,29.9%,4.84%,5.04%,3.15%,0.471%,8.85%
2026-08-24 03:00:00,0.118 Mpa,0.0297 Mpa,0.305 Mpa,0.113 Mpa,0.0603 Mpa,0.0424 Mpa,0.0233 Mpa,0.319 Mpa,0.131 Mpa,0.0257 Mpa,5.59%,1.03%,8.98%,8.93%,3.90%,2.40%,0.614%,10.7%,4.19%,5.66%
2026-08-24 05:00:00,0.208 Mpa,0.177 Mpa,0.0954 Mpa,0.291 Mpa,0.140 Mpa,0.132 Mpa,0.160 Mpa,0.0829 Mpa,0.0813 Mpa,0.0904 Mpa,8.41%,5.45%,2.69%,13.7%,5.96%,5.16%,5.24%,4.13%,2.73%,7.36%
2026-08-24 07:00:00,0.0867 Mpa,0.183 Mpa,0.0313 Mpa,0.0609 Mpa,0.0510 Mpa,0.0729 Mpa,0.233 Mpa,0.339 Mpa,0.233 Mpa,0.0826 Mpa,14.1%,5.75%,0.877%,20.4%,2.40%,3.05%,7.58%,12.2%,8.81%,7.54%
2026-08-24 09:00:00,0.272 Mpa,0.184 Mpa,0.181 Mpa,0.169 Mpa,0.0660 Mpa,0.142 Mpa,0.0367 Mpa,0.149 Mpa,,0.0538 Mpa,11.3%,5.77%,5.35%,10.7%,3.09%,5.39%,1.28%,7.17%,,6.96%
2026-08-24 11:00:00,0.0934 Mpa,0.0490 Mpa,0.0276 Mpa,0.183 Mpa,0.529 Mpa,0.289 Mpa,0.210 Mpa,0.238 Mpa,,0.0568 Mpa,4.80%,1.46%,0.767%,11.5%,19.6%,10.4%,7.04%,7.94%,,6.36%
2026-08-24 13:00:00,0.102 Mpa,0.286 Mpa,0.0409 Mpa,0.301 Mpa,0.0336 Mpa,0.0400 Mpa,0.198 Mpa,0.0293 Mpa,,0.0305 Mpa,4.61%,8.87%,1.15%,14.8%,2.86%,1.98%,6.63%,2.31%,,4.38%
2026-08-24 15:00:00,0.0889 Mpa,0.402 Mpa,0.0417 Mpa,0.0417 Mpa,0.271 Mpa,0.121 Mpa,0.0731 Mpa,0.188 Mpa,,0.0248 Mpa,4.46%,13.1%,1.83%,7.35%,10.7%,3.78%,2.47%,7.05%,,4.87%
2026-08-24 17:00:00,0.117 Mpa,0.328 Mpa,0.150 Mpa,0.0472 Mpa,0.202 Mpa,0.192 Mpa,0.670 Mpa,0.260 Mpa,0.0506 Mpa,0.0358 Mpa,5.60%,10.8%,4.29%,6.45%,8.90%,6.86%,21.7%,9.05%,1.59%,6.45%
2026-08-24 19:00:00,0.146 Mpa,0.676 Mpa,0.0465 Mpa,0.267 Mpa,0.377 Mpa,0.449 Mpa,0.834 Mpa,0.116 Mpa,0.248 Mpa,0.0823 Mpa,6.73%,21.8%,1.31%,14.3%,15.7%,14.5%,27.0%,5.60%,7.84%,7.47%
2026-08-24 21:00:00,0.176 Mpa,0.140 Mpa,0.00400 Mpa,0.102 Mpa,0.168 Mpa,1.24 Mpa,0.203 Mpa,0.187 Mpa,0.00459 Mpa,0.00491 Mpa,7.33%,4.71%,0%,13.2%,8.09%,42.0%,6.66%,7.37%,0.370%,5.40%
2026-08-24 23:00:00,0.152 Mpa,0.0783 Mpa,0.0607 Mpa,0.245 Mpa,0.106 Mpa,0.0769 Mpa,0.0108 Mpa,0.0806 Mpa,0.243 Mpa,0.00911 Mpa,6.69%,2.60%,1.79%,12.9%,5.63%,3.80%,0.251%,4.36%,7.58%,9.83%
2026-08-25 01:00:00,0.0735 Mpa,0.0637 Mpa,0.0347 Mpa,0.105 Mpa,0.153 Mpa,0.420 Mpa,0.0221 Mpa,0.116 Mpa,0.0897 Mpa,0.0231 Mpa,4.68%,2.42%,0.888%,8.79%,7.46%,14.1%,0.647%,5.57%,3.07%,6.09%
2026-08-25 03:00:00,0.0725 Mpa,0.312 Mpa,0.344 Mpa,0.0891 Mpa,0.403 Mpa,0.0730 Mpa,0.253 Mpa,0.104 Mpa,0.319 Mpa,0.300 Mpa,4.82%,10.4%,9.98%,8.35%,16.9%,2.94%,8.34%,4.40%,9.84%,11.8%
2026-08-25 05:00:00,0.0330 Mpa,0.230 Mpa,0.0451 Mpa,0.0312 Mpa,0.258 Mpa,,0.159 Mpa,0.0480 Mpa,0.132 Mpa,0.126 Mpa,9.89%,7.80%,1.29%,6.93%,35.6%,,5.31%,2.53%,4.58%,6.82%
2026-08-25 07:00:00,0.161 Mpa,0.296 Mpa,0.0956 Mpa,0.0817 Mpa,0.288 Mpa,,0.144 Mpa,0.299 Mpa,0.0895 Mpa,0.0314 Mpa,7.22%,9.76%,2.26%,8.32%,10.5%,,4.86%,10.6%,3.09%,5.25%
2026-08-25 09:00:00,0.342 Mpa,0.306 Mpa,0.431 Mpa,0.0128 Mpa,0.410 Mpa,,0.0353 Mpa,0.128 Mpa,0.102 Mpa,0.0656 Mpa,13.0%,10.2%,15.5%,6.40%,16.4%,,1.24%,5.53%,3.34%,6.26%
2026-08-25 11:00:00,0.195 Mpa,0.200 Mpa,0 Mpa,0.0252 Mpa,0.273 Mpa,0.422 Mpa,0.0418 Mpa,0.0871 Mpa,0.256 Mpa,0.0106 Mpa,7.80%,6.53%,0%,6.75%,12.0%,13.0%,1.33%,4.33%,8.24%,5.18%
2026-08-25 13:00:00,0.306 Mpa,0.0414 Mpa,,0.0132 Mpa,0.325 Mpa,,0.192 Mpa,0.0900 Mpa,0.105 Mpa,0.0154 Mpa,11.4%,1.50%,,6.48%,13.4%,,6.50%,8.63%,3.90%,5.17%
2026-08-25 15:00:00,0.164 Mpa,0.261 Mpa,0.834 Mpa,0.0102 Mpa,0.129 Mpa,,0.0427 Mpa,0.00660 Mpa,0.0282 Mpa,0.0768 Mpa,9.41%,8.29%,25%,5.99%,6.15%,,1.52%,2.13%,1.57%,6.75%
2026-08-25 17:00:00,0.254 Mpa,0.122 Mpa,0.536 Mpa,0.112 Mpa,0.195 Mpa,,0.207 Mpa,0.339 Mpa,0.0116 Mpa,0.0270 Mpa,9.79%,3.76%,16.1%,9.52%,9.51%,,6.64%,11.8%,1.47%,5.95%
2026-08-25 19:00:00,0.185 Mpa,0.0627 Mpa,0.0961 Mpa,0.0686 Mpa,0.447 Mpa,,0.134 Mpa,0.0340 Mpa,0.0931 Mpa,0.00745 Mpa,7.66%,1.89%,2.80%,7.63%,17.0%,,4.27%,2.36%,3.02%,4.63%
2026-08-25 21:00:00,0.231 Mpa,0.0177 Mpa,0.0536 Mpa,0.130 Mpa,0.425 Mpa,,0.0913 Mpa,0.0263 Mpa,0.0319 Mpa,0.128 Mpa,8.68%,0.514%,1.45%,10.2%,15.5%,,2.83%,2.66%,2.41%,8.35%
2026-08-25 23:00:00,0.140 Mpa,0.0771 Mpa,0.233 Mpa,0.0869 Mpa,0.134 Mpa,,0.0792 Mpa,0.105 Mpa,0.124 Mpa,0.0555 Mpa,6.41%,2.48%,6.99%,8.18%,5.48%,,2.54%,4.59%,4.86%,5.68%
2026-08-26 01:00:00,0.0282 Mpa,0.0951 Mpa,0.0429 Mpa,0.0991 Mpa,0.322 Mpa,,0.0586 Mpa,0.0496 Mpa,0.127 Mpa,0.0384 Mpa,3.27%,3.33%,1.15%,8.77%,10.6%,,1.80%,2.57%,4.55%,5.85%
2026-08-26 03:00:00,0.153 Mpa,0.140 Mpa,0.0347 Mpa,0.100 Mpa,0.335 Mpa,,0.355 Mpa,0.106 Mpa,0.281 Mpa,0.0994 Mpa,6.69%,4.62%,0.968%,8.39%,12.6%,,11.4%,4.45%,8.56%,7.88%
2026-08-26 05:00:00,0.0814 Mpa,0.0999 Mpa,0.0379 Mpa,0.0358 Mpa,0.128 Mpa,,0.296 Mpa,0.0652 Mpa,0.0651 Mpa,0.311 Mpa,4.99%,3.91%,1.03%,6.71%,6.12%,,9.62%,3.33%,2.65%,12.8%
2026-08-26 07:00:00,0.0843 Mpa,0.469 Mpa,0.199 Mpa,0.0462 Mpa,0.672 Mpa,,0.251 Mpa,0.152 Mpa,0.269 Mpa,0.239 Mpa,5.71%,15.6%,6.04%,6.79%,24.9%,,8.12%,5.79%,8.31%,10.4%
2026-08-26 09:00:00,0.154 Mpa,0.162 Mpa,0.0291 Mpa,0.0554 Mpa,0.668 Mpa,,0.0153 Mpa,0.113 Mpa,0.0374 Mpa,0.0723 Mpa,7.05%,5.34%,0.775%,7.13%,24.4%,,0.423%,4.56%,1.00%,6.46%
2026-08-26 11:00:00,0.0989 Mpa,0.318 Mpa,0.171 Mpa,0.291 Mpa,0.267 Mpa,,0.417 Mpa,0.0180 Mpa,0.291 Mpa,0.148 Mpa,5.43%,9.92%,5.15%,13.8%,11.1%,,13.7%,1.54%,9.20%,8.66%
2026-08-26 13:00:00,0.196 Mpa,0.272 Mpa,0.178 Mpa,0.0320 Mpa,0.0652 Mpa,,0.00500 Mpa,0.301 Mpa,0.0758 Mpa,0.0115 Mpa,8.08%,9.04%,5.47%,15.6%,4.11%,,0.0892%,9.96%,2.92%,5.10%
2026-08-26 15:00:00,0.115 Mpa,0.0738 Mpa,0.00173 Mpa,0.0804 Mpa,0.0557 Mpa,,0.0776 Mpa,0.0706 Mpa,0.208 Mpa,0.0975 Mpa,5.82%,2.98%,17.3%,8.10%,3.23%,,2.47%,3.57%,6.38%,7.57%
2026-08-26 17:00:00,0.314 Mpa,0.106 Mpa,0 Mpa,0.0702 Mpa,0.0815 Mpa,,0.0431 Mpa,0.0763 Mpa,0.183 Mpa,0.0237 Mpa,10.9%,3.84%,0%,7.88%,4.67%,,1.33%,4.20%,6.52%,5.79%
2026-08-26 19:00:00,0.0458 Mpa,0.108 Mpa,0.133 Mpa,0.0680 Mpa,0.0517 Mpa,,0.385 Mpa,0.139 Mpa,0.0172 Mpa,0.0552 Mpa,3.61%,3.32%,3.92%,7.93%,6.95%,,12.4%,6.87%,1.93%,6.76%
2026-08-26 21:00:00,0.0633 Mpa,0.0308 Mpa,0.0428 Mpa,0.145 Mpa,0.0517 Mpa,,0.109 Mpa,0.0986 Mpa,0.100 Mpa,0.0448 Mpa,4.13%,0.854%,1.12%,10.5%,4.76%,,3.50%,3.95%,3.78%,6.55%
2026-08-26 23:00:00,0.218 Mpa,0.0108 Mpa,0.0392 Mpa,0.211 Mpa,0.124 Mpa,0.0233 Mpa,0.409 Mpa,0.107 Mpa,0.493 Mpa,0.0889 Mpa,8.61%,0.594%,3.64%,12.2%,6.23%,1.42%,13.0%,4.41%,15.6%,7.52%
2026-08-27 01:00:00,0.0482 Mpa,0.200 Mpa,0.0435 Mpa,0.0737 Mpa,0.0834 Mpa,0.293 Mpa,0.193 Mpa,0.0748 Mpa,0.0425 Mpa,0.128 Mpa,3.44%,6.84%,1.08%,8.01%,4.53%,10.0%,6.22%,3.28%,2.40%,8.16%
2026-08-27 03:00:00,0.0518 Mpa,0.217 Mpa,0.0638 Mpa,0.0648 Mpa,0.186 Mpa,0.395 Mpa,1.44 Mpa,0.0810 Mpa,0.0336 Mpa,0.182 Mpa,3.47%,7.08%,1.81%,7.31%,8.37%,12.9%,45.7%,3.55%,2.35%,9.95%
2026-08-27 05:00:00,0.123 Mpa,0.202 Mpa,0.130 Mpa,0.132 Mpa,0.0263 Mpa,0.171 Mpa,1.40 Mpa,0.146 Mpa,0.0782 Mpa,0.0550 Mpa,5.52%,6.43%,3.61%,9.41%,2.11%,6.49%,44.1%,5.44%,2.96%,6.55%
2026-08-27 07:00:00,0.0197 Mpa,0.0810 Mpa,0.283 Mpa,0.0546 Mpa,0.0737 Mpa,0.733 Mpa,0.349 Mpa,0.0423 Mpa,0.0436 Mpa,0.0985 Mpa,2.72%,2.48%,8.28%,7.49%,3.11%,23.2%,11.9%,3.17%,1.66%,9.62%
2026-08-27 09:00:00,0.0823 Mpa,0.211 Mpa,0.0171 Mpa,0.0576 Mpa,0.164 Mpa,0.374 Mpa,0.128 Mpa,0.0177 Mpa,0.0590 Mpa,0.0391 Mpa,4.82%,6.80%,0.364%,7.59%,6.69%,12.0%,4.92%,1.73%,2.89%,7.48%
2026-08-27 11:00:00,0.131 Mpa,0.214 Mpa,0.00311 Mpa,0.450 Mpa,0.109 Mpa,0.343 Mpa,0.226 Mpa,0.0639 Mpa,0.0241 Mpa,0.103 Mpa,5.64%,6.71%,0%,18.0%,5.08%,10.9%,7.41%,3.11%,1.05%,7.71%
2026-08-27 13:00:00,0.0747 Mpa,0.255 Mpa,0.0191 Mpa,0.480 Mpa,0.0931 Mpa,,0.275 Mpa,0.215 Mpa,0.133 Mpa,0.0904 Mpa,3.95%,8.33%,0.368%,19.5%,5.35%,,9.07%,7.36%,4.14%,7.58%
2026-08-27 15:00:00,0.121 Mpa,0.160 Mpa,0.0189 Mpa,0.0117 Mpa,0.0312 Mpa,0.0289 Mpa,0.0764 Mpa,0.0983 Mpa,0.236 Mpa,0.0956 Mpa,5.28%,5.38%,0.741%,6.28%,3.16%,2.25%,2.60%,4.63%,7.40%,7.42%
2026-08-27 17:00:00,0.140 Mpa,0.106 Mpa,0.0294 Mpa,0.0732 Mpa,0.234 Mpa,,0.113 Mpa,0.0971 Mpa,0.0342 Mpa,0.110 Mpa,6.12%,3.38%,0.724%,7.64%,9.55%,,3.91%,3.54%,1.82%,7.41%
2026-08-27 19:00:00,0.156 Mpa,0.162 Mpa,0.0187 Mpa,0.0445 Mpa,0.0902 Mpa,0.312 Mpa,0.0716 Mpa,0.0919 Mpa,0.0823 Mpa,0.103 Mpa,7.92%,6.54%,0.370%,7.26%,4.48%,10.7%,2.34%,3.42%,4.19%,7.28%
2026-08-27 21:00:00,0.0513 Mpa,0.217 Mpa,0.103 Mpa,0.0463 Mpa,0.0397 Mpa,0.145 Mpa,0.0561 Mpa,0.0909 Mpa,0.105 Mpa,0.0287 Mpa,3.93%,7.54%,2.98%,7.39%,2.55%,15.0%,1.83%,3.63%,3.71%,5.73%
2026-08-27 23:00:00,0.145 Mpa,0.0301 Mpa,0.247 Mpa,0.116 Mpa,0.109 Mpa,0.433 Mpa,0.320 Mpa,0.0316 Mpa,0.0787 Mpa,0.369 Mpa,6.58%,1.30%,7.93%,9.25%,5.25%,14.7%,10.3%,1.76%,2.89%,14.1%
2026-08-28 01:00:00,0.237 Mpa,0.478 Mpa,0.0297 Mpa,0.0550 Mpa,0.0770 Mpa,0.277 Mpa,0.390 Mpa,0.174 Mpa,0.150 Mpa,0.107 Mpa,8.80%,15.2%,1.10%,7.64%,4.17%,9.68%,12.4%,6.65%,4.81%,7.94%
2026-08-28 03:00:00,0.114 Mpa,0.124 Mpa,0.00546 Mpa,0.0192 Mpa,0.0884 Mpa,0.316 Mpa,0.347 Mpa,0.0538 Mpa,0.405 Mpa,0.156 Mpa,5.94%,3.87%,0%,6.53%,4.52%,18.7%,11.2%,2.95%,12.4%,9.57%
2026-08-28 05:00:00,0.110 Mpa,0.155 Mpa,0.0961 Mpa,0.116 Mpa,0.0224 Mpa,0.132 Mpa,0.214 Mpa,0.196 Mpa,0.116 Mpa,0.123 Mpa,5.98%,4.52%,2.72%,8.31%,1.81%,8.33%,6.91%,7.26%,4.86%,8.35%
2026-08-28 07:00:00,0.0263 Mpa,0.0737 Mpa,0.140 Mpa,0.210 Mpa,0 Mpa,0.311 Mpa,0.00940 Mpa,0.107 Mpa,0.332 Mpa,,3.43%,2.43%,3.96%,11.3%,1.85%,12.3%,0.536%,4.34%,10.5%,
2026-08-28 09:00:00,0.0313 Mpa,0.228 Mpa,0.199 Mpa,0.0695 Mpa,0.197 Mpa,0.207 Mpa,0.0389 Mpa,0.183 Mpa,0.102 Mpa,,3.17%,7.43%,7.13%,9.94%,7.54%,8.25%,1.28%,6.77%,4.25%,
2026-08-28 11:00:00,0.0215 Mpa,0.137 Mpa,0.0892 Mpa,0.0721 Mpa,0.723 Mpa,0.199 Mpa,0.0316 Mpa,0.309 Mpa,0.0923 Mpa,,2.50%,4.24%,2.57%,8.08%,25.9%,7.81%,1.04%,10.3%,3.40%,
2026-08-28 13:00:00,0.0754 Mpa,0.466 Mpa,0.0233 Mpa,0.0280 Mpa,0.855 Mpa,0.681 Mpa,0.331 Mpa,0.0941 Mpa,0.0380 Mpa,,4.27%,14.6%,0.527%,6.52%,31.4%,22.4%,11.3%,4.15%,1.80%,
2026-08-28 15:00:00,0.171 Mpa,0.285 Mpa,0.0835 Mpa,0.462 Mpa,0.274 Mpa,0.324 Mpa,0.168 Mpa,0.0912 Mpa,0.0133 Mpa,,6.79%,9.56%,2.47%,21.9%,11.3%,10.6%,5.79%,4.16%,0.649%,
2026-08-28 17:00:00,0.0727 Mpa,0.236 Mpa,0.0109 Mpa,0.0315 Mpa,0.261 Mpa,0.104 Mpa,0.108 Mpa,0.0436 Mpa,0.179 Mpa,,4.10%,7.85%,0.236%,6.52%,14.9%,7.57%,3.68%,2.76%,5.83%,
2026-08-28 19:00:00,0.0285 Mpa,0.209 Mpa,0.0582 Mpa,0.0657 Mpa,0.265 Mpa,0.170 Mpa,0.0565 Mpa,,0.113 Mpa,0.161 Mpa,3.21%,6.97%,2.48%,7.17%,11.5%,9.49%,1.95%,,3.53%,8.46%
2026-08-28 21:00:00,0.0797 Mpa,0.220 Mpa,0.781 Mpa,0.0753 Mpa,0.163 Mpa,0.152 Mpa,0.153 Mpa,0.294 Mpa,0.160 Mpa,0.0352 Mpa,4.48%,7.00%,31.2%,7.24%,6.99%,6.86%,4.88%,9.92%,5.04%,5.03%
2026-08-28 23:00:00,0.00596 Mpa,0.234 Mpa,0.134 Mpa,0.0309 Mpa,0.0930 Mpa,0.105 Mpa,0.937 Mpa,0.238 Mpa,0.193 Mpa,0.0662 Mpa,1.95%,7.47%,5.57%,6.98%,4.69%,10.4%,27.6%,8.13%,5.95%,6.11%
2026-08-29 01:00:00,0.393 Mpa,0.144 Mpa,0.0797 Mpa,0.0485 Mpa,0.0343 Mpa,0.107 Mpa,0.0760 Mpa,0.0288 Mpa,0.0226 Mpa,0.0342 Mpa,13.6%,5.04%,2.33%,7.49%,3.91%,5.58%,2.01%,2.20%,0.858%,6.30%
2026-08-29 03:00:00,0.0457 Mpa,0.0585 Mpa,0.186 Mpa,0.0323 Mpa,0.0964 Mpa,0.0933 Mpa,0.255 Mpa,0.0472 Mpa,0.212 Mpa,0.0836 Mpa,3.39%,2.41%,5.58%,13.6%,9.06%,23.5%,7.37%,2.55%,6.28%,6.32%
2026-08-29 05:00:00,0.162 Mpa,0.109 Mpa,0.234 Mpa,0.0197 Mpa,0.102 Mpa,0.0539 Mpa,0.0912 Mpa,0.237 Mpa,0.167 Mpa,0.0265 Mpa,6.69%,3.63%,6.91%,6.31%,5.57%,24.1%,2.70%,8.58%,5.10%,5.31%
2026-08-29 07:00:00,0.115 Mpa,0.162 Mpa,0.103 Mpa,0.344 Mpa,0.176 Mpa,0.205 Mpa,0.0946 Mpa,0.132 Mpa,0.0849 Mpa,0.0977 Mpa,5.47%,5.29%,2.86%,15.9%,8.37%,6.97%,2.94%,5.75%,2.95%,6.82%
2026-08-29 09:00:00,0.118 Mpa,0.166 Mpa,0.483 Mpa,0.0917 Mpa,0.207 Mpa,0.335 Mpa,0.101 Mpa,0.0987 Mpa,0.0195 Mpa,0.00626 Mpa,5.91%,5.65%,14.2%,8.48%,9.07%,11.3%,3.27%,4.36%,1.05%,3.98%
2026-08-29 11:00:00,0.119 Mpa,0.107 Mpa,0.318 Mpa,0.127 Mpa,0.176 Mpa,0.173 Mpa,0.404 Mpa,0.0443 Mpa,0.378 Mpa,0.0252 Mpa,5.47%,3.46%,9.13%,9.30%,8.41%,6.11%,13.6%,3.03%,12.1%,5.77%
2026-08-29 13:00:00,0.0805 Mpa,0.118 Mpa,0.485 Mpa,0.289 Mpa,0.0575 Mpa,0.159 Mpa,0.374 Mpa,0.0260 Mpa,0.335 Mpa,0.0538 Mpa,12.1%,3.97%,15.4%,13.5%,3.75%,6.06%,12.1%,2.35%,10.8%,6.36%
2026-08-29 15:00:00,0.00169 Mpa,0.00310 Mpa,0.0324 Mpa,0.113 Mpa,0.691 Mpa,0.0349 Mpa,0.0613 Mpa,0.124 Mpa,0.290 Mpa,0.175 Mpa,13.5%,1.39%,1.18%,9.30%,25.3%,2.20%,2.10%,5.07%,9.38%,9.65%
2026-08-29 17:00:00,0.187 Mpa,,0.0882 Mpa,0.136 Mpa,0.228 Mpa,0.0648 Mpa,0.165 Mpa,0.342 Mpa,0.0559 Mpa,0.0303 Mpa,7.25%,,2.63%,9.47%,9.08%,2.90%,5.42%,12.0%,2.83%,6.81%
2026-08-29 19:00:00,0.140 Mpa,,0.728 Mpa,0.534 Mpa,0.151 Mpa,0.191 Mpa,0.0337 Mpa,0.197 Mpa,0.130 Mpa,0.0745 Mpa,5.84%,,21.5%,19.3%,6.78%,6.47%,1.17%,7.38%,4.64%,6.22%
2026-08-29 21:00:00,0.0103 Mpa,0.382 Mpa,0.203 Mpa,0.122 Mpa,0.490 Mpa,0.734 Mpa,0.0510 Mpa,0.0743 Mpa,0.0498 Mpa,0.117 Mpa,2.19%,10.8%,5.92%,9.13%,18.8%,23.1%,2.17%,3.59%,1.67%,7.68%
2026-08-29 23:00:00,0.244 Mpa,0.249 Mpa,0.0167 Mpa,0.0582 Mpa,0.141 Mpa,0.352 Mpa,0.334 Mpa,0.148 Mpa,0.0177 Mpa,0.0395 Mpa,9.12%,7.28%,0.381%,7.09%,6.06%,11.8%,10.9%,6.00%,0.792%,5.79%
2026-08-30 01:00:00,0.00135 Mpa,0.0150 Mpa,0.0896 Mpa,0.110 Mpa,0.239 Mpa,0.117 Mpa,0.0210 Mpa,0.0597 Mpa,0.123 Mpa,0.473 Mpa,1.94%,0.407%,2.61%,9.09%,9.65%,50.2%,0.642%,2.79%,4.59%,16.9%
2026-08-30 03:00:00,0 Mpa,0.109 Mpa,0.371 Mpa,0.0837 Mpa,0.620 Mpa,0.243 Mpa,0.0796 Mpa,0.0559 Mpa,0.382 Mpa,0.179 Mpa,4.98%,3.30%,10.7%,7.76%,24.3%,8.12%,2.62%,3.06%,12.9%,8.78%
2026-08-30 05:00:00,0.0542 Mpa,0.0550 Mpa,0.144 Mpa,0.110 Mpa,0.203 Mpa,0.0674 Mpa,0.0614 Mpa,0.0670 Mpa,0.118 Mpa,0.103 Mpa,6.06%,1.85%,4.44%,8.87%,8.86%,5.19%,2.03%,3.55%,3.90%,6.94%
2026-08-30 07:00:00,0.0116 Mpa,0.239 Mpa,0.631 Mpa,0.135 Mpa,0.665 Mpa,0.0382 Mpa,0.171 Mpa,0.0748 Mpa,0.126 Mpa,0.0815 Mpa,7.23%,7.68%,19.0%,9.97%,25.9%,2.00%,5.57%,3.63%,4.17%,6.51%
2026-08-30 09:00:00,0.00372 Mpa,0.0766 Mpa,0.293 Mpa,0.0432 Mpa,0.405 Mpa,0.0144 Mpa,0.0900 Mpa,0.0341 Mpa,0.0959 Mpa,0.0807 Mpa,4.08%,2.54%,8.42%,7.29%,16.3%,1.35%,3.00%,2.75%,3.22%,6.86%
2026-08-30 11:00:00,0.00297 Mpa,0.332 Mpa,0.0101 Mpa,0.0662 Mpa,0.280 Mpa,0.173 Mpa,0.188 Mpa,0.0724 Mpa,0.113 Mpa,0.147 Mpa,3.53%,10.5%,0.198%,8.13%,12.3%,6.30%,6.25%,4.01%,4.27%,7.03%
2026-08-30 13:00:00,0.152 Mpa,1.12 Mpa,0.0366 Mpa,0.0938 Mpa,2.18 Mpa,0.147 Mpa,0.136 Mpa,0.0545 Mpa,0.0224 Mpa,0.0338 Mpa,6.86%,33.8%,0.960%,9.26%,77.3%,5.50%,4.42%,3.11%,2.70%,3.88%
2026-08-30 15:00:00,0.245 Mpa,,0.0293 Mpa,0.0541 Mpa,0.714 Mpa,0.176 Mpa,0.0384 Mpa,0.413 Mpa,0.00862 Mpa,0.0605 Mpa,9.06%,,0.782%,7.59%,27.6%,12.2%,1.23%,13.3%,1.11%,4.52%
2026-08-30 17:00:00,0.337 Mpa,,0.263 Mpa,0.0755 Mpa,0.462 Mpa,0.831 Mpa,0.0466 Mpa,1.24 Mpa,0.0883 Mpa,0.139 Mpa,11.8%,,7.85%,8.04%,17.3%,27.3%,1.53%,37.8%,3.46%,7.10%
2026-08-30 19:00:00,0.0865 Mpa,,0.148 Mpa,0.120 Mpa,0.0323 Mpa,0.0492 Mpa,0.0107 Mpa,0.542 Mpa,0.173 Mpa,0.0528 Mpa,4.47%,,4.42%,9.25%,2.53%,2.46%,0.630%,17.7%,5.68%,5.13%
2026-08-30 21:00:00,0.122 Mpa,,0.132 Mpa,0.222 Mpa,0.128 Mpa,0.0810 Mpa,0.0605 Mpa,0.655 Mpa,0.0279 Mpa,0.281 Mpa,5.19%,,3.97%,11.7%,6.31%,2.89%,2.19%,21.0%,1.46%,12.1%
2026-08-30 23:00:00,0.0813 Mpa,0.652 Mpa,0.0991 Mpa,0.116 Mpa,0.184 Mpa,0.0247 Mpa,0.0399 Mpa,0.266 Mpa,0.317 Mpa,0.117 Mpa,4.12%,19.4%,3.01%,8.33%,8.01%,1.33%,1.59%,9.68%,9.90%,7.87%
2026-08-31 01:00:00,0.197 Mpa,0.698 Mpa,0.239 Mpa,0.220 Mpa,0.0960 Mpa,0.169 Mpa,0.0459 Mpa,0.141 Mpa,0.0514 Mpa,0.0765 Mpa,7.60%,21.0%,6.90%,11.8%,4.79%,6.36%,1.47%,6.02%,2.05%,7.13%
2026-08-31 03:00:00,0.0703 Mpa,,0.0935 Mpa,0.0816 Mpa,0.201 Mpa,0.191 Mpa,0.258 Mpa,0.111 Mpa,0.419 Mpa,0.334 Mpa,4.23%,,2.69%,8.32%,8.76%,7.07%,8.78%,6.69%,13.4%,13.7%
2026-08-31 05:00:00,0.0600 Mpa,,0.0444 Mpa,0.196 Mpa,0.373 Mpa,0.0799 Mpa,0.0513 Mpa,0.248 Mpa,0.374 Mpa,0.170 Mpa,5.69%,,1.15%,11.6%,13.4%,3.39%,1.66%,8.84%,11.7%,8.83%
2026-08-31 07:00:00,0.0392 Mpa,,0.0192 Mpa,0.199 Mpa,0.539 Mpa,0.160 Mpa,0.226 Mpa,0.0943 Mpa,0.510 Mpa,0.0943 Mpa,3.14%,,0.429%,11.5%,17.5%,6.11%,7.38%,4.54%,15.8%,6.75%
2026-08-31 09:00:00,0.108 Mpa,0.000454 Mpa,0.124 Mpa,0.0562 Mpa,0.319 Mpa,0.0478 Mpa,0.0417 Mpa,0.629 Mpa,0.456 Mpa,0.0268 Mpa,7.96%,0%,3.75%,7.66%,13.7%,2.41%,1.41%,19.9%,14.0%,5.30%
2026-08-31 11:00:00,0.0335 Mpa,,0.0195 Mpa,0.147 Mpa,0.174 Mpa,0.0965 Mpa,0.0692 Mpa,0.0576 Mpa,0.363 Mpa,0.0424 Mpa,30.0%,,0%,10.0%,8.30%,3.85%,2.25%,3.14%,11.8%,5.61%
2026-08-31 13:00:00,0.295 Mpa,,0.00362 Mpa,0.0289 Mpa,0.669 Mpa,0.166 Mpa,0.0577 Mpa,0.155 Mpa,0.300 Mpa,0.0137 Mpa,10.6%,,0%,6.94%,26.2%,6.83%,1.94%,6.11%,10.3%,4.42%
2026-08-31 15:00:00,0.163 Mpa,,0.237 Mpa,0.0362 Mpa,0.385 Mpa,0.113 Mpa,0.347 Mpa,0.0703 Mpa,0.213 Mpa,0.0162 Mpa,6.79%,,7.46%,7.50%,15.4%,5.25%,11.6%,3.38%,7.06%,5.04%
2026-08-31 17:00:00,1.21 Mpa,,0.0325 Mpa,0.0216 Mpa,0.161 Mpa,0.223 Mpa,0.262 Mpa,0.0832 Mpa,0.0515 Mpa,0.0746 Mpa,35.5%,,0.817%,13.7%,7.31%,8.92%,8.71%,4.24%,1.76%,6.55%
2026-08-31 19:00:00,0.0648 Mpa,,0.00798 Mpa,1.31 Mpa,0.0787 Mpa,0.146 Mpa,0.186 Mpa,0.741 Mpa,0.0719 Mpa,0.0728 Mpa,3.36%,,0%,7.07%,4.96%,4.86%,6.11%,23.2%,8.13%,5.28%
2026-08-31 21:00:00,0.460 Mpa,0 Mpa,0.626 Mpa,0.257 Mpa,0.0571 Mpa,0.211 Mpa,0.00783 Mpa,0.426 Mpa,0.224 Mpa,0.0371 Mpa,14.7%,0%,19.0%,12.6%,4.64%,6.72%,0.158%,14.0%,17.2%,5.04%
2026-08-31 23:00:00,0.439 Mpa,,0.290 Mpa,0.542 Mpa,0 Mpa,0.0535 Mpa,0.359 Mpa,0.274 Mpa,0.417 Mpa,0.804 Mpa,13.8%,,8.02%,21.0%,1.84%,12.1%,11.1%,14.2%,13.8%,25.8%
2026-09-01 01:00:00,0.913 Mpa,,,,,0.437 Mpa,2.29 Mpa,0.0829 Mpa,0.396 Mpa,0.0244 Mpa,28.5%,,,,,13.9%,69.4%,10.4%,12.8%,8.59%
2026-09-01 03:00:00,0.0279 Mpa,,,0 Mpa,,0.161 Mpa,0.533 Mpa,0.419 Mpa,0.226 Mpa,0.0459 Mpa,4.82%,,,6.22%,,19.0%,14.1%,14.8%,13.4%,8.87%
2026-09-01 05:00:00,0.153 Mpa,,0.0845 Mpa,0.428 Mpa,0.535 Mpa,,,0.197 Mpa,0.283 Mpa,0.102 Mpa,36.0%,,2.04%,18.7%,28.1%,,,6.99%,9.35%,6.21%
2026-09-01 07:00:00,0.0424 Mpa,,0.174 Mpa,0.0704 Mpa,1.49 Mpa,0.111 Mpa,0.697 Mpa,0.0593 Mpa,0.111 Mpa,0.0895 Mpa,13.7%,,4.37%,7.84%,49.1%,5.08%,21.7%,2.79%,4.39%,7.06%
2026-09-01 09:00:00,0.125 Mpa,,0.0331 Mpa,0.168 Mpa,0.0370 Mpa,0.211 Mpa,0.184 Mpa,0.108 Mpa,0.297 Mpa,0.0593 Mpa,5.80%,,0.848%,10.3%,2.60%,7.26%,5.99%,5.09%,9.56%,6.07%
2026-09-01 11:00:00,0.151 Mpa,,0.133 Mpa,0.571 Mpa,,0.165 Mpa,0.520 Mpa,0.692 Mpa,0.0657 Mpa,0.0944 Mpa,6.43%,,4.01%,21.9%,,6.86%,17.6%,22.3%,3.24%,7.28%
2026-09-01 13:00:00,0.0270 Mpa,,0.262 Mpa,0.0965 Mpa,,0.126 Mpa,0.289 Mpa,0.354 Mpa,0.0397 Mpa,0.370 Mpa,3.95%,,8.21%,16.0%,,5.48%,9.95%,11.6%,1.34%,13.8%
2026-09-01 15:00:00,0.0528 Mpa,,0.610 Mpa,0.565 Mpa,,0.358 Mpa,0.533 Mpa,0.0101 Mpa,0.0118 Mpa,0.0993 Mpa,13.0%,,18.1%,21.7%,,12.7%,18.4%,1.96%,20.1%,6.76%
2026-09-01 17:00:00,0.134 Mpa,,0.133 Mpa,0.557 Mpa,,0.0194 Mpa,1.07 Mpa,0.000253 Mpa,0 Mpa,0.382 Mpa,5.87%,,3.03%,21.5%,,2.03%,34.0%,3.48%,0%,14.4%
2026-09-01 19:00:00,0.0000538 Mpa,,0.302 Mpa,0.550 Mpa,,,0 Mpa,0 Mpa,,,2.60%,,8.16%,36.7%,,,0%,3.23%,,
2026-09-01 21:00:00,0.0178 Mpa,,1.18 Mpa,0.796 Mpa,,,0.346 Mpa,0 Mpa,,0.743 Mpa,3.78%,,35.8%,39.0%,,,10.0%,3.20%,,31.3%
2026-09-01 23:00:00,0.142 Mpa,,0 Mpa,0.163 Mpa,,,0.305 Mpa,0.141 Mpa,,0.339 Mpa,6.35%,,0%,31.3%,,,9.53%,7.51%,,43.8%
2026-09-02 01:00:00,0.260 Mpa,,0.436 Mpa,0.0687 Mpa,,,0.0654 Mpa,0.423 Mpa,1.41 Mpa,0.869 Mpa,10.5%,,11.9%,7.96%,,,2.03%,12.9%,40.1%,34.0%
2026-09-02 03:00:00,0.259 Mpa,,0.00421 Mpa,0.125 Mpa,,,0.543 Mpa,0.423 Mpa,0.000122 Mpa,0.0983 Mpa,9.52%,,0%,9.63%,,,17.2%,13.3%,0.00456%,10.5%
2026-09-02 05:00:00,0.204 Mpa,,0.449 Mpa,0.0560 Mpa,0.00128 Mpa,,0.0844 Mpa,0.735 Mpa,0.465 Mpa,0.174 Mpa,9.37%,,13.3%,7.88%,2.00%,,2.72%,22.1%,14.0%,9.57%
2026-09-02 07:00:00,0.365 Mpa,,0.0533 Mpa,0.0323 Mpa,,,0.0794 Mpa,0.533 Mpa,0.0313 Mpa,0.0181 Mpa,13.5%,,1.47%,6.38%,,,2.71%,16.6%,1.51%,5.82%
2026-09-02 09:00:00,0.303 Mpa,,0.110 Mpa,0.221 Mpa,0.0103 Mpa,,0.0847 Mpa,0.0721 Mpa,0.0518 Mpa,0.207 Mpa,10.8%,,3.26%,12.0%,1.20%,,3.02%,3.27%,1.69%,10.7%
2026-09-02 11:00:00,0.259 Mpa,,0.303 Mpa,0.0927 Mpa,1.36 Mpa,0.446 Mpa,0.0615 Mpa,0.0852 Mpa,0.0378 Mpa,0.0495 Mpa,9.84%,,9.23%,8.17%,40.6%,13.7%,2.15%,3.68%,1.68%,6.34%
2026-09-02 13:00:00,0.384 Mpa,,0.0761 Mpa,0.123 Mpa,1.09 Mpa,0.0345 Mpa,0.135 Mpa,0.107 Mpa,0.0555 Mpa,0.116 Mpa,14.0%,,2.27%,9.19%,38.6%,1.79%,4.71%,4.25%,2.46%,9.87%
2026-09-02 15:00:00,0.534 Mpa,0 Mpa,0.100 Mpa,0.186 Mpa,0.493 Mpa,0.205 Mpa,0.224 Mpa,0.144 Mpa,0.0567 Mpa,0.119 Mpa,22.2%,0%,3.10%,11.4%,18.8%,6.73%,7.65%,6.18%,1.67%,8.24%
2026-09-02 17:00:00,0.147 Mpa,0 Mpa,0.0319 Mpa,0.0970 Mpa,0.102 Mpa,0.453 Mpa,0.321 Mpa,0.190 Mpa,0.0404 Mpa,0.0765 Mpa,7.02%,0%,0.909%,8.59%,5.96%,15.9%,11.0%,6.77%,1.42%,6.36%
2026-09-02 19:00:00,0.101 Mpa,,0.00240 Mpa,0.113 Mpa,0.258 Mpa,0.171 Mpa,,0.120 Mpa,0.0409 Mpa,0.0421 Mpa,5.67%,,0%,9.10%,9.87%,6.87%,,4.71%,1.55%,6.23%
2026-09-02 21:00:00,0.128 Mpa,,0.0105 Mpa,0.445 Mpa,0.126 Mpa,0.200 Mpa,,0.138 Mpa,0.0284 Mpa,0.0124 Mpa,5.87%,,0.209%,18.5%,5.70%,8.02%,,5.29%,1.01%,4.64%
2026-09-02 23:00:00,0.148 Mpa,0.0669 Mpa,0.0864 Mpa,0.113 Mpa,0.115 Mpa,0.152 Mpa,0.376 Mpa,0.160 Mpa,0.489 Mpa,0.0803 Mpa,6.44%,1.87%,2.70%,8.83%,4.96%,6.67%,11.9%,6.29%,14.8%,7.37%
2026-09-03 01:00:00,0.137 Mpa,0.0528 Mpa,0.0680 Mpa,0.341 Mpa,0.139 Mpa,0.0658 Mpa,0.223 Mpa,0.0320 Mpa,0.764 Mpa,0.0627 Mpa,7.30%,1.69%,1.75%,15.1%,5.60%,3.37%,7.30%,2.49%,23.2%,6.79%
2026-09-03 03:00:00,0.142 Mpa,1.15 Mpa,0.126 Mpa,0.583 Mpa,0.266 Mpa,0.0761 Mpa,0.173 Mpa,0.0295 Mpa,0.0244 Mpa,0.0222 Mpa,6.11%,34.3%,4.07%,22.1%,10.5%,3.60%,5.72%,2.98%,1.04%,6.30%
2026-09-03 05:00:00,0.196 Mpa,0.0265 Mpa,0.0962 Mpa,0.532 Mpa,0.110 Mpa,0.112 Mpa,0.0597 Mpa,0.236 Mpa,0.0766 Mpa,0.0732 Mpa,7.71%,1.69%,2.83%,21.0%,5.06%,4.56%,2.02%,8.81%,2.67%,11.0%
2026-09-03 07:00:00,0.643 Mpa,0.325 Mpa,0.00451 Mpa,0.349 Mpa,0.183 Mpa,0.420 Mpa,0.0220 Mpa,0.106 Mpa,0.0346 Mpa,0.0710 Mpa,24.2%,10.6%,1.13%,15.6%,7.35%,13.4%,0.637%,10.1%,1.49%,6.60%
2026-09-03 09:00:00,0.245 Mpa,0.380 Mpa,0.00213 Mpa,0.219 Mpa,0.159 Mpa,0.105 Mpa,0.0796 Mpa,0.170 Mpa,0.416 Mpa,0.113 Mpa,10.4%,12.2%,2.42%,11.8%,7.20%,4.16%,2.57%,6.24%,12.9%,7.30%
2026-09-03 11:00:00,0.339 Mpa,0.792 Mpa,0.241 Mpa,0.404 Mpa,0.108 Mpa,0.506 Mpa,0.0651 Mpa,0.237 Mpa,0.151 Mpa,0.104 Mpa,11.0%,24.2%,7.11%,17.1%,5.53%,17.2%,2.08%,8.71%,4.99%,7.25%
2026-09-03 13:00:00,0.187 Mpa,0.434 Mpa,0.407 Mpa,0.524 Mpa,0.280 Mpa,0.0949 Mpa,0.0849 Mpa,1.32 Mpa,0.118 Mpa,0.0266 Mpa,22.3%,13.6%,12.3%,20.5%,12.0%,4.21%,15.9%,39.5%,4.72%,5.50%
2026-09-03 15:00:00,0.214 Mpa,0.106 Mpa,0.157 Mpa,0.0373 Mpa,0.0851 Mpa,0.0951 Mpa,0.110 Mpa,1.36 Mpa,0.0847 Mpa,0.0846 Mpa,15.0%,3.68%,4.67%,6.96%,4.91%,4.35%,8.41%,40.2%,2.75%,6.74%
2026-09-03 17:00:00,0.0823 Mpa,0.106 Mpa,0.0710 Mpa,0.113 Mpa,0.0896 Mpa,0.374 Mpa,0.0824 Mpa,,0.0941 Mpa,0.589 Mpa,4.31%,3.47%,2.08%,22.6%,10.8%,14.8%,2.82%,,3.01%,20.4%
2026-09-03 19:00:00,0.145 Mpa,0.154 Mpa,0.0142 Mpa,0.152 Mpa,0.0428 Mpa,0.153 Mpa,0.137 Mpa,,0.0239 Mpa,0.221 Mpa,6.28%,4.99%,0.240%,10.2%,2.69%,6.87%,4.67%,,1.47%,11.1%
2026-09-03 21:00:00,0.193 Mpa,0.0730 Mpa,0.0382 Mpa,0.303 Mpa,0.0928 Mpa,0.164 Mpa,0.0511 Mpa,,0.131 Mpa,0.122 Mpa,7.90%,2.60%,1.13%,14.3%,12.1%,7.59%,1.72%,,4.66%,8.46%
2026-09-03 23:00:00,0.165 Mpa,0.118 Mpa,0.00376 Mpa,0.0198 Mpa,0.111 Mpa,0.0587 Mpa,0.147 Mpa,0.238 Mpa,0.120 Mpa,0.0774 Mpa,6.42%,3.66%,0%,6.65%,4.80%,3.06%,4.94%,8.91%,4.63%,6.92%
2026-09-04 01:00:00,0.297 Mpa,0.436 Mpa,0.264 Mpa,0.0653 Mpa,0.275 Mpa,0.0837 Mpa,0.0278 Mpa,0 Mpa,0.0223 Mpa,0.0203 Mpa,10.5%,13.8%,7.92%,7.65%,10.2%,3.66%,0.954%,3.10%,1.86%,6.77%
2026-09-04 03:00:00,0.562 Mpa,0.0746 Mpa,0.00695 Mpa,0.110 Mpa,0.101 Mpa,0.0947 Mpa,0.0768 Mpa,,0.165 Mpa,0.222 Mpa,18.1%,2.57%,0.129%,9.08%,5.11%,4.24%,2.68%,,6.26%,15.0%
2026-09-04 05:00:00,0.399 Mpa,0.109 Mpa,0.00327 Mpa,0.738 Mpa,0.103 Mpa,0.0513 Mpa,0.0804 Mpa,,0.0443 Mpa,0.172 Mpa,13.7%,3.57%,0.135%,26.1%,15.3%,2.25%,2.58%,,2.94%,9.68%
2026-09-04 07:00:00,0.0610 Mpa,0.782 Mpa,0.158 Mpa,0.218 Mpa,0.661 Mpa,0.0987 Mpa,0.199 Mpa,,0.121 Mpa,0.152 Mpa,3.95%,23.5%,15.6%,11.1%,23.3%,3.86%,6.69%,,3.84%,9.33%
2026-09-04 09:00:00,0.0824 Mpa,0.420 Mpa,0.115 Mpa,0.147 Mpa,0.297 Mpa,0.107 Mpa,0.333 Mpa,,0.0299 Mpa,0.146 Mpa,4.33%,13.1%,3.39%,10.1%,11.3%,4.73%,11.1%,,1.59%,8.66%
2026-09-04 11:00:00,0.191 Mpa,0.147 Mpa,0.0904 Mpa,0.0812 Mpa,0.151 Mpa,0.222 Mpa,0.237 Mpa,,0.0578 Mpa,0.0579 Mpa,7.80%,4.76%,2.51%,8.25%,7.00%,7.90%,8.15%,,2.57%,6.39%
2026-09-04 13:00:00,0.0335 Mpa,0.132 Mpa,0.140 Mpa,0.0174 Mpa,0.0258 Mpa,0.0806 Mpa,0.0341 Mpa,,0.0406 Mpa,0.0754 Mpa,3.18%,4.84%,6.80%,7.33%,2.46%,3.27%,1.11%,,1.57%,7.50%
2026-09-04 15:00:00,0.0752 Mpa,0.0499 Mpa,0.0356 Mpa,0.00688 Mpa,0.121 Mpa,0.0532 Mpa,0.162 Mpa,0.453 Mpa,0.0458 Mpa,0.176 Mpa,4.54%,2.30%,0.968%,6.38%,11.7%,2.25%,5.30%,15.7%,1.87%,10.3%
2026-09-04 17:00:00,0.0972 Mpa,0.266 Mpa,0.0451 Mpa,0.000838 Mpa,0.0834 Mpa,0.373 Mpa,0.0519 Mpa,1.19 Mpa,0.0722 Mpa,0.251 Mpa,4.33%,8.69%,1.27%,13.2%,4.48%,12.3%,1.81%,34.8%,2.30%,12.2%
2026-09-04 19:00:00,0.0926 Mpa,0.183 Mpa,0.00435 Mpa,0 Mpa,0.134 Mpa,0.0603 Mpa,0.0526 Mpa,1.18 Mpa,0.0480 Mpa,0.128 Mpa,4.07%,5.75%,0%,56.0%,6.51%,5.32%,1.85%,35.9%,2.00%,8.76%
2026-09-04 21:00:00,0.0985 Mpa,0.437 Mpa,0.0155 Mpa,0.277 Mpa,0.0870 Mpa,0.0850 Mpa,0.305 Mpa,0.162 Mpa,0.0221 Mpa,0.0735 Mpa,4.46%,13.6%,0.337%,14.4%,4.70%,6.32%,10.3%,6.47%,0.613%,6.99%
2026-09-04 23:00:00,0.109 Mpa,0.109 Mpa,0.305 Mpa,0.0651 Mpa,0.0117 Mpa,0.131 Mpa,0.158 Mpa,0.110 Mpa,0.153 Mpa,0.0175 Mpa,5.20%,3.40%,9.16%,8.40%,1.80%,6.54%,5.42%,5.22%,5.53%,5.15%
2026-09-05 01:00:00,0.213 Mpa,0.0581 Mpa,0.0231 Mpa,0.130 Mpa,0.0971 Mpa,0.0285 Mpa,0.174 Mpa,0.0533 Mpa,0.0290 Mpa,0.243 Mpa,8.26%,2.29%,0.650%,9.23%,5.14%,1.60%,5.82%,4.69%,1.78%,11.2%
2026-09-05 03:00:00,0.0409 Mpa,0.102 Mpa,0.0273 Mpa,0.170 Mpa,0.130 Mpa,0.0526 Mpa,0.0177 Mpa,0.0675 Mpa,0.293 Mpa,0.453 Mpa,10.5%,3.28%,0.704%,11.2%,6.13%,2.93%,0.563%,3.72%,9.69%,17.5%
2026-09-05 05:00:00,0.204 Mpa,0.132 Mpa,0.0918 Mpa,0.0843 Mpa,0.0297 Mpa,0.135 Mpa,0.237 Mpa,0.0488 Mpa,0.0947 Mpa,,7.67%,4.27%,2.58%,8.41%,2.33%,5.90%,7.67%,3.39%,3.77%,
2026-09-05 07:00:00,0.159 Mpa,0.0661 Mpa,0.0587 Mpa,0.134 Mpa,0.0989 Mpa,0.0801 Mpa,0.0437 Mpa,0.0693 Mpa,0.156 Mpa,,6.70%,2.21%,1.70%,8.21%,4.44%,3.10%,1.49%,3.77%,5.66%,
2026-09-05 09:00:00,0.131 Mpa,0.0955 Mpa,0.0495 Mpa,0.139 Mpa,0.0151 Mpa,0.0698 Mpa,0.241 Mpa,0.0243 Mpa,0.126 Mpa,,6.02%,3.02%,1.19%,9.91%,1.58%,3.48%,8.12%,2.26%,5.53%,
2026-09-05 11:00:00,0.496 Mpa,0.394 Mpa,0.0541 Mpa,0.0706 Mpa,0.919 Mpa,0.0930 Mpa,0.100 Mpa,0.0919 Mpa,1.43 Mpa,0.0498 Mpa,16.1%,11.9%,1.69%,7.91%,30.0%,4.67%,3.61%,4.73%,43.8%,6.85%
2026-09-05 13:00:00,0.630 Mpa,0.119 Mpa,0.0645 Mpa,0.0633 Mpa,0.0369 Mpa,0.0772 Mpa,0.464 Mpa,0.109 Mpa,0.307 Mpa,,21.6%,4.05%,2.01%,7.66%,2.65%,3.75%,15.8%,5.02%,10.1%,
2026-09-05 15:00:00,0.420 Mpa,0.0762 Mpa,0.0406 Mpa,0.0376 Mpa,0.510 Mpa,0.0128 Mpa,0.157 Mpa,0.337 Mpa,1.09 Mpa,,13.9%,3.25%,0.893%,6.85%,19.4%,1.22%,5.14%,11.7%,37.8%,
2026-09-05 17:00:00,0.196 Mpa,0.0400 Mpa,0.0803 Mpa,0.191 Mpa,0.103 Mpa,0.0590 Mpa,0.211 Mpa,0.129 Mpa,0.246 Mpa,,8.64%,1.43%,4.54%,10.9%,5.21%,2.89%,7.06%,6.85%,8.42%,
2026-09-05 19:00:00,0.134 Mpa,0.135 Mpa,0.0359 Mpa,0.0730 Mpa,0.0941 Mpa,0.584 Mpa,0.304 Mpa,0.0667 Mpa,0.224 Mpa,,5.33%,4.55%,0.833%,7.61%,5.03%,22.3%,10.1%,8.19%,7.98%,
2026-09-05 21:00:00,0.0718 Mpa,0.124 Mpa,0.104 Mpa,0.0374 Mpa,0.0637 Mpa,0.112 Mpa,0.397 Mpa,0.133 Mpa,0.409 Mpa,,6.55%,4.23%,4.68%,6.54%,3.91%,4.82%,13.4%,5.08%,12.7%,
2026-09-05 23:00:00,0.0500 Mpa,0.0483 Mpa,0.108 Mpa,0.160 Mpa,0.0598 Mpa,0.0909 Mpa,0.477 Mpa,0.0801 Mpa,0.170 Mpa,,11.1%,1.82%,15.7%,9.95%,3.56%,4.01%,15.7%,4.18%,5.95%,
2026-09-06 01:00:00,0.112 Mpa,0.129 Mpa,0.370 Mpa,0.101 Mpa,0.0111 Mpa,0.0611 Mpa,0.355 Mpa,0.0261 Mpa,0.301 Mpa,0 Mpa,5.33%,4.21%,11.2%,8.45%,2.15%,2.93%,11.6%,2.43%,9.78%,3.27%
2026-09-06 03:00:00,0.116 Mpa,0.227 Mpa,0.443 Mpa,0.00907 Mpa,0.0384 Mpa,0.167 Mpa,0.158 Mpa,0.304 Mpa,0.422 Mpa,0.646 Mpa,6.12%,7.27%,21.8%,5.99%,2.52%,6.88%,5.09%,10.2%,13.6%,21.2%
2026-09-06 05:00:00,0.126 Mpa,0.177 Mpa,0.163 Mpa,0.0514 Mpa,0.0928 Mpa,0.0479 Mpa,0.358 Mpa,0.0530 Mpa,0.130 Mpa,0.0975 Mpa,7.28%,5.41%,7.18%,6.97%,4.55%,2.42%,11.8%,2.71%,4.38%,7.85%
2026-09-06 07:00:00,0.119 Mpa,0.0673 Mpa,0.690 Mpa,0.0458 Mpa,0.0628 Mpa,0.0643 Mpa,0.0280 Mpa,0.136 Mpa,0.286 Mpa,0.0980 Mpa,5.31%,2.10%,21.2%,9.43%,3.77%,2.92%,0.925%,5.34%,10.0%,6.40%
2026-09-06 09:00:00,0.0761 Mpa,0.164 Mpa,0.695 Mpa,0.0398 Mpa,0.0503 Mpa,0.0861 Mpa,0.139 Mpa,0.0576 Mpa,0.148 Mpa,0.174 Mpa,3.56%,5.14%,20.8%,6.71%,3.47%,3.77%,4.61%,3.33%,5.78%,9.85%
2026-09-06 11:00:00,0.0607 Mpa,0.121 Mpa,0.397 Mpa,0.0832 Mpa,0.155 Mpa,0.737 Mpa,0.0436 Mpa,0.118 Mpa,0.305 Mpa,0.0244 Mpa,3.25%,3.74%,12.3%,8.38%,7.16%,27.1%,1.44%,5.13%,10.8%,4.80%
2026-09-06 13:00:00,0.0996 Mpa,0.127 Mpa,0.0498 Mpa,0.258 Mpa,0.106 Mpa,0.535 Mpa,0.181 Mpa,0.261 Mpa,0.174 Mpa,0.203 Mpa,5.30%,4.06%,1.35%,13.1%,5.72%,17.2%,6.15%,9.38%,6.44%,12.0%
2026-09-06 15:00:00,0.0723 Mpa,0.0408 Mpa,0.208 Mpa,0.0418 Mpa,0.714 Mpa,0.0612 Mpa,0.0945 Mpa,0.0361 Mpa,0.428 Mpa,0.150 Mpa,4.22%,1.25%,6.31%,7.49%,26.1%,3.02%,3.23%,2.64%,13.6%,8.64%
2026-09-06 17:00:00,0.137 Mpa,0.0625 Mpa,0.329 Mpa,0.248 Mpa,0.0793 Mpa,0.102 Mpa,0.185 Mpa,0.134 Mpa,0.845 Mpa,0.236 Mpa,6.22%,2.17%,9.98%,12.5%,4.42%,4.06%,6.20%,5.50%,25.8%,10.2%
2026-09-06 19:00:00,0.102 Mpa,0.121 Mpa,0.0375 Mpa,0.458 Mpa,0.0932 Mpa,0.495 Mpa,0.0392 Mpa,0.103 Mpa,0.134 Mpa,0.0518 Mpa,5.38%,4.09%,16.0%,18.1%,4.83%,16.1%,1.36%,4.25%,5.29%,5.88%
2026-09-06 21:00:00,0.183 Mpa,0.0284 Mpa,0.0478 Mpa,0.268 Mpa,0.265 Mpa,0.366 Mpa,0.118 Mpa,0.0305 Mpa,0.156 Mpa,0.0180 Mpa,8.73%,1.26%,1.45%,13.2%,11.0%,13.8%,3.89%,1.78%,5.72%,6.52%
2026-09-06 23:00:00,0.0988 Mpa,0.0588 Mpa,0.400 Mpa,0.0251 Mpa,0.0846 Mpa,0.278 Mpa,0.0833 Mpa,0.00768 Mpa,0.432 Mpa,0.128 Mpa,5.34%,2.87%,16.7%,5.75%,4.61%,10.4%,2.75%,1.51%,14.0%,7.76%
2026-09-07 01:00:00,0.221 Mpa,0.0815 Mpa,0.285 Mpa,0.282 Mpa,0.103 Mpa,0.0988 Mpa,0.272 Mpa,0.0646 Mpa,0.745 Mpa,0.0567 Mpa,8.47%,2.56%,9.18%,14.2%,4.82%,11.9%,9.00%,3.56%,23.0%,6.19%
2026-09-07 03:00:00,0.0649 Mpa,0.291 Mpa,0.352 Mpa,0.161 Mpa,0.176 Mpa,0.0943 Mpa,0.320 Mpa,0.0274 Mpa,0.318 Mpa,0.245 Mpa,3.74%,9.75%,14.6%,10.3%,7.57%,4.26%,10.8%,2.20%,10.6%,11.2%
2026-09-07 05:00:00,0.105 Mpa,0.368 Mpa,1.35 Mpa,0.0425 Mpa,0.0713 Mpa,0.109 Mpa,0.329 Mpa,0.0829 Mpa,0.185 Mpa,0.0489 Mpa,5.64%,11.5%,41.2%,7.26%,3.46%,4.83%,10.9%,3.58%,6.40%,5.26%
2026-09-07 07:00:00,0.0992 Mpa,0.483 Mpa,0.162 Mpa,0.276 Mpa,0.0880 Mpa,0.0636 Mpa,0.0669 Mpa,0.149 Mpa,0.196 Mpa,0 Mpa,5.15%,15.3%,4.61%,12.9%,4.41%,3.10%,2.43%,5.90%,7.17%,3.35%
2026-09-07 09:00:00,0.127 Mpa,0.0808 Mpa,0.132 Mpa,0.267 Mpa,0.0566 Mpa,0.558 Mpa,0.0671 Mpa,0.102 Mpa,0.238 Mpa,0.0519 Mpa,6.43%,2.92%,3.78%,13.4%,3.86%,20.6%,2.42%,4.36%,8.51%,7.44%
2026-09-07 11:00:00,0.191 Mpa,0.0230 Mpa,0.129 Mpa,0.00457 Mpa,0.453 Mpa,0.0666 Mpa,0.155 Mpa,0.0131 Mpa,0.285 Mpa,0.109 Mpa,9.11%,9.55%,3.68%,5.95%,17.5%,2.86%,5.20%,1.78%,9.24%,8.41%
2026-09-07 13:00:00,0.0975 Mpa,0.102 Mpa,0.244 Mpa,0.190 Mpa,0.289 Mpa,0.00666 Mpa,0.0542 Mpa,0.164 Mpa,0.253 Mpa,0.104 Mpa,5.15%,3.39%,7.49%,11.5%,12.0%,1.00%,1.85%,6.21%,8.30%,11.6%
2026-09-07 15:00:00,0.106 Mpa,0.00905 Mpa,0.0246 Mpa,0.0362 Mpa,0.0555 Mpa,0.0326 Mpa,0.0136 Mpa,0.148 Mpa,0.0585 Mpa,0.0478 Mpa,6.52%,0.539%,0.508%,6.83%,6.64%,3.50%,0.619%,5.97%,4.71%,6.12%
2026-09-07 17:00:00,0.178 Mpa,0.0541 Mpa,0.0580 Mpa,0.0662 Mpa,0.354 Mpa,0.0622 Mpa,0.0335 Mpa,0.113 Mpa,0.00244 Mpa,0.133 Mpa,7.31%,2.14%,1.69%,7.44%,14.1%,3.50%,1.14%,4.61%,1.18%,8.75%
2026-09-07 19:00:00,0.0826 Mpa,0.177 Mpa,0.0116 Mpa,0.155 Mpa,0.270 Mpa,0.0559 Mpa,0.200 Mpa,0.0590 Mpa,,0.0157 Mpa,3.76%,6.12%,0.250%,9.55%,11.7%,2.32%,6.49%,2.95%,,4.50%
2026-09-07 21:00:00,0.177 Mpa,0.321 Mpa,0.0529 Mpa,0.373 Mpa,0.0953 Mpa,0.0989 Mpa,0.143 Mpa,0.442 Mpa,0.673 Mpa,0.0981 Mpa,11.8%,11.0%,1.58%,16.4%,5.09%,2.50%,4.65%,14.4%,18.9%,6.54%
2026-09-07 23:00:00,0.0263 Mpa,0.158 Mpa,0.343 Mpa,0.180 Mpa,0.0561 Mpa,0.106 Mpa,0.213 Mpa,0.0801 Mpa,0.237 Mpa,0.0239 Mpa,12.9%,5.86%,10.2%,10.6%,6.62%,3.94%,6.91%,4.05%,7.19%,6.06%
2026-09-08 01:00:00,0.145 Mpa,0.165 Mpa,1.41 Mpa,0.156 Mpa,0.0852 Mpa,0.0743 Mpa,0.00733 Mpa,0.0629 Mpa,0.137 Mpa,0.286 Mpa,6.09%,5.68%,42.5%,9.90%,4.63%,3.66%,0.180%,3.72%,4.38%,11.9%
2026-09-08 03:00:00,0.128 Mpa,1.02 Mpa,0.000563 Mpa,0.0155 Mpa,0.0510 Mpa,0.122 Mpa,0.0663 Mpa,0.411 Mpa,0.677 Mpa,0.0437 Mpa,5.52%,31.1%,0%,11.6%,2.96%,2.97%,2.23%,13.7%,20.4%,6.21%
2026-09-08 05:00:00,0.208 Mpa,0.295 Mpa,,0.0450 Mpa,0.177 Mpa,0.167 Mpa,0.0836 Mpa,0.0455 Mpa,0.161 Mpa,0.0721 Mpa,7.65%,9.71%,,7.35%,7.46%,5.61%,2.79%,3.38%,4.83%,6.65%
2026-09-08 07:00:00,0.0593 Mpa,0.147 Mpa,,0.0290 Mpa,0.0581 Mpa,0.302 Mpa,0.247 Mpa,0.0424 Mpa,0.0797 Mpa,0.113 Mpa,3.50%,5.12%,,6.92%,3.41%,9.68%,8.22%,3.34%,2.73%,7.59%
2026-09-08 09:00:00,0.0215 Mpa,0.0324 Mpa,,0.0905 Mpa,0.0401 Mpa,0.0469 Mpa,0.0495 Mpa,0.0312 Mpa,0.0526 Mpa,0.100 Mpa,2.13%,1.09%,,8.63%,2.84%,2.34%,1.70%,3.04%,2.08%,7.19%
2026-09-08 11:00:00,0.263 Mpa,0.201 Mpa,,0.359 Mpa,0.135 Mpa,0.525 Mpa,0.0380 Mpa,0.128 Mpa,0.840 Mpa,0.0776 Mpa,9.84%,6.65%,,16.1%,6.10%,16.6%,1.22%,5.95%,25.5%,8.77%
2026-09-08 13:00:00,0.126 Mpa,0.253 Mpa,,0.155 Mpa,0.0995 Mpa,0.152 Mpa,0.297 Mpa,0.0690 Mpa,0.111 Mpa,0.0627 Mpa,5.31%,9.03%,,10.4%,5.18%,5.50%,10.3%,4.11%,3.62%,6.38%
2026-09-08 15:00:00,0.156 Mpa,0.148 Mpa,,0.0913 Mpa,0.0620 Mpa,0.150 Mpa,0.112 Mpa,0.0749 Mpa,0.0763 Mpa,0.109 Mpa,6.41%,5.11%,,8.50%,30.3%,5.97%,3.79%,4.33%,2.77%,9.13%
2026-09-08 17:00:00,0.149 Mpa,0.107 Mpa,,0.134 Mpa,0.0322 Mpa,0.0825 Mpa,0.0698 Mpa,0.0394 Mpa,0.0627 Mpa,0.123 Mpa,6.30%,3.62%,,9.69%,2.92%,3.27%,2.72%,2.57%,2.49%,9.46%
2026-09-08 19:00:00,0.238 Mpa,0.0393 Mpa,,0.209 Mpa,0.673 Mpa,0.789 Mpa,0.164 Mpa,0.0467 Mpa,0.161 Mpa,0.0191 Mpa,9.01%,1.13%,,11.3%,25.9%,28.5%,5.44%,2.71%,6.26%,5.25%
2026-09-08 21:00:00,0.0806 Mpa,0.167 Mpa,,1.41 Mpa,0.0700 Mpa,0.183 Mpa,0.0947 Mpa,0.326 Mpa,0.239 Mpa,0.131 Mpa,4.59%,5.63%,,45.1%,4.16%,6.93%,3.27%,10.9%,8.84%,7.88%
2026-09-08 23:00:00,0.277 Mpa,0.0953 Mpa,,0.412 Mpa,0.220 Mpa,0.0788 Mpa,0.458 Mpa,0.366 Mpa,1.05 Mpa,0.117 Mpa,17.1%,3.02%,,17.0%,9.59%,3.04%,15.0%,12.4%,31.6%,8.32%
2026-09-09 01:00:00,0.246 Mpa,0.164 Mpa,,0.423 Mpa,0.0824 Mpa,0.238 Mpa,0.227 Mpa,0.0387 Mpa,0.115 Mpa,0.0879 Mpa,9.33%,5.64%,,16.1%,4.94%,9.17%,8.00%,2.51%,3.47%,7.90%
2026-09-09 03:00:00,0.120 Mpa,0.0650 Mpa,0 Mpa,0.239 Mpa,0.0435 Mpa,0.187 Mpa,0.303 Mpa,0.177 Mpa,0.0590 Mpa,0.107 Mpa,11.9%,2.14%,0%,13.0%,4.48%,6.54%,9.99%,8.24%,2.33%,8.30%
2026-09-09 05:00:00,0.131 Mpa,0.0357 Mpa,0.00436 Mpa,0.153 Mpa,0.606 Mpa,0.0665 Mpa,0.0400 Mpa,0.225 Mpa,0.0521 Mpa,0.0321 Mpa,6.18%,9.71%,0%,10.5%,22.7%,2.99%,1.29%,8.23%,1.52%,6.16%
2026-09-09 07:00:00,0.0494 Mpa,0.0232 Mpa,,0.133 Mpa,0.109 Mpa,0.237 Mpa,0.0803 Mpa,0.101 Mpa,0.0870 Mpa,0.0153 Mpa,3.11%,0.704%,,9.67%,5.72%,8.30%,2.64%,4.56%,2.98%,11.6%
2026-09-09 09:00:00,0.171 Mpa,0.00149 Mpa,0.0302 Mpa,0.189 Mpa,0.383 Mpa,0.0463 Mpa,0.321 Mpa,0.0471 Mpa,0.0421 Mpa,0.106 Mpa,7.98%,0.0438%,0.810%,11.4%,15.7%,3.12%,10.7%,2.99%,1.66%,8.32%
2026-09-09 11:00:00,0.180 Mpa,0.0388 Mpa,0.816 Mpa,0.0599 Mpa,0.243 Mpa,0.233 Mpa,0.108 Mpa,0.0558 Mpa,0.0510 Mpa,0.142 Mpa,8.37%,1.34%,23.4%,8.00%,10.6%,9.44%,3.55%,3.41%,2.18%,9.41%
2026-09-09 13:00:00,0.0563 Mpa,0.202 Mpa,0.226 Mpa,0.272 Mpa,0.388 Mpa,0.00757 Mpa,0.152 Mpa,0.0752 Mpa,0.138 Mpa,0.0493 Mpa,3.84%,6.58%,7.02%,13.7%,14.2%,0.822%,5.15%,4.61%,5.09%,7.22%
2026-09-09 15:00:00,0.577 Mpa,1.16 Mpa,0.410 Mpa,0.0114 Mpa,0.147 Mpa,0.543 Mpa,0.0853 Mpa,0.0661 Mpa,0.0655 Mpa,0.0743 Mpa,19.1%,35.7%,13.0%,6.01%,6.70%,20.7%,2.84%,3.58%,3.30%,7.74%
2026-09-09 17:00:00,0.249 Mpa,0.316 Mpa,0.538 Mpa,0.349 Mpa,0.0973 Mpa,0.0498 Mpa,0.0410 Mpa,0.130 Mpa,0.0278 Mpa,0.0598 Mpa,10.4%,10.6%,16.1%,16.0%,4.95%,4.71%,1.38%,5.43%,1.54%,6.80%
2026-09-09 19:00:00,0.683 Mpa,0.377 Mpa,0.450 Mpa,0.268 Mpa,0.139 Mpa,0.146 Mpa,0.185 Mpa,0.0448 Mpa,0.0928 Mpa,0.0524 Mpa,21.5%,12.4%,13.4%,13.0%,7.86%,10.5%,6.24%,2.83%,3.25%,5.85%
2026-09-09 21:00:00,0.521 Mpa,0.110 Mpa,0.445 Mpa,0.188 Mpa,0.0894 Mpa,0.163 Mpa,0.0209 Mpa,0.0639 Mpa,0.0836 Mpa,0.128 Mpa,22.4%,3.85%,13.4%,11.8%,4.98%,7.10%,0.718%,3.42%,3.61%,7.80%
2026-09-09 23:00:00,0.757 Mpa,0.458 Mpa,0.561 Mpa,0.0841 Mpa,0.0429 Mpa,0.168 Mpa,0.189 Mpa,0.0633 Mpa,0.0474 Mpa,0.0429 Mpa,23.3%,15.0%,17.2%,8.28%,3.45%,11.5%,6.57%,3.36%,2.61%,5.51%
2026-09-10 01:00:00,,0.0724 Mpa,0.149 Mpa,0.0736 Mpa,0.168 Mpa,0.0392 Mpa,0.199 Mpa,0.0212 Mpa,0.200 Mpa,0.137 Mpa,,2.29%,4.40%,42.8%,7.61%,8.62%,6.73%,3.19%,6.60%,7.35%
2026-09-10 03:00:00,,0.0462 Mpa,0.0899 Mpa,0.124 Mpa,0.0958 Mpa,0.00227 Mpa,0.0806 Mpa,0.0992 Mpa,0.259 Mpa,0.469 Mpa,,1.76%,2.47%,11.5%,4.72%,10.3%,3.10%,5.85%,8.89%,17.1%
2026-09-10 05:00:00,,0.0564 Mpa,0.198 Mpa,0.0333 Mpa,0.0505 Mpa,0.0809 Mpa,0.266 Mpa,0.0280 Mpa,0.268 Mpa,0.115 Mpa,,1.76%,5.66%,6.28%,2.98%,3.85%,8.92%,2.49%,9.19%,7.46%
2026-09-10 07:00:00,,0.0930 Mpa,0.128 Mpa,0.154 Mpa,0.0363 Mpa,0.0793 Mpa,0.0408 Mpa,0.0927 Mpa,0.169 Mpa,0.0657 Mpa,,3.00%,3.69%,10.3%,2.81%,4.14%,1.38%,4.28%,6.34%,6.69%
2026-09-10 09:00:00,2.32 Mpa,0.0707 Mpa,0.0513 Mpa,0.0742 Mpa,0.0713 Mpa,0.187 Mpa,0.345 Mpa,0.0557 Mpa,0.0451 Mpa,0.00590 Mpa,16.0%,2.25%,1.31%,8.86%,3.79%,7.79%,11.6%,3.21%,2.70%,5.37%
2026-09-10 11:00:00,,0.0431 Mpa,0.0970 Mpa,0.0382 Mpa,0.0672 Mpa,0.150 Mpa,0.215 Mpa,0.0931 Mpa,0.104 Mpa,0.0831 Mpa,,1.28%,2.86%,7.37%,3.97%,6.27%,7.42%,4.41%,4.78%,7.16%
2026-09-10 13:00:00,,0.627 Mpa,0.155 Mpa,0.0329 Mpa,0.0781 Mpa,0.217 Mpa,0.175 Mpa,0.134 Mpa,0.178 Mpa,0.0155 Mpa,,19.8%,4.73%,7.40%,6.27%,8.96%,7.27%,5.84%,6.21%,3.39%
2026-09-10 15:00:00,,0.0380 Mpa,0.0128 Mpa,0.0142 Mpa,0.0732 Mpa,0.0373 Mpa,0.206 Mpa,0.263 Mpa,0.0878 Mpa,0.0699 Mpa,,1.44%,0%,6.76%,19.2%,2.42%,8.06%,9.63%,4.28%,5.04%
2026-09-10 17:00:00,,0.134 Mpa,0.00401 Mpa,0.251 Mpa,0.0611 Mpa,0.0223 Mpa,0.0355 Mpa,0.108 Mpa,0.0468 Mpa,0.0266 Mpa,,4.81%,0%,13.0%,3.96%,1.81%,1.53%,4.86%,2.33%,5.24%
2026-09-10 19:00:00,,0.680 Mpa,0.179 Mpa,0.386 Mpa,0.0521 Mpa,0.00417 Mpa,0.393 Mpa,0.139 Mpa,0.0954 Mpa,0.142 Mpa,,22.3%,5.36%,16.5%,3.82%,1.14%,13.1%,5.51%,3.10%,8.47%
2026-09-10 21:00:00,,0.122 Mpa,0.00585 Mpa,0.483 Mpa,0.0582 Mpa,0.222 Mpa,0.0535 Mpa,0.0128 Mpa,0.0370 Mpa,0.0288 Mpa,,4.08%,0%,19.1%,4.02%,8.55%,1.79%,1.88%,1.30%,5.01%
2026-09-10 23:00:00,,0.0300 Mpa,0.0136 Mpa,0.258 Mpa,0.245 Mpa,0.155 Mpa,0.192 Mpa,0.103 Mpa,0.0893 Mpa,0.00893 Mpa,,1.39%,0.275%,12.9%,10.1%,7.24%,6.05%,4.62%,3.21%,18.8%
2026-09-11 01:00:00,6.10 Mpa,0.125 Mpa,0.117 Mpa,0.177 Mpa,0.121 Mpa,0.117 Mpa,0.122 Mpa,0.196 Mpa,1.05 Mpa,0.0710 Mpa,2%,4.03%,3.31%,11.2%,6.17%,5.21%,3.92%,7.41%,31.6%,13.1%
2026-09-11 03:00:00,3.42 Mpa,0.128 Mpa,0.0517 Mpa,0.165 Mpa,0.0650 Mpa,0.188 Mpa,0.0688 Mpa,0.0295 Mpa,0.337 Mpa,0.0447 Mpa,7.60%,4.22%,1.12%,10.7%,3.66%,7.43%,3.99%,2.37%,10.5%,4.91%
2026-09-11 05:00:00,1.43 Mpa,0.142 Mpa,0.156 Mpa,0.281 Mpa,0.116 Mpa,0.231 Mpa,0.0578 Mpa,0.193 Mpa,0.679 Mpa,0.162 Mpa,45.6%,4.71%,4.54%,14.1%,5.35%,8.14%,2.54%,7.11%,20.3%,8.21%
2026-09-11 07:00:00,0.341 Mpa,0.167 Mpa,0.0632 Mpa,0.143 Mpa,0.00711 Mpa,0.393 Mpa,0.245 Mpa,0.0103 Mpa,0.107 Mpa,0.0726 Mpa,21.5%,5.50%,1.68%,9.82%,1.51%,14.0%,8.10%,1.71%,3.68%,6.62%
2026-09-11 09:00:00,0.0940 Mpa,0.300 Mpa,0.0121 Mpa,0.293 Mpa,0.266 Mpa,,0.0950 Mpa,0.0378 Mpa,0.164 Mpa,0.143 Mpa,5.44%,9.77%,0.133%,14.3%,11.0%,,3.39%,2.82%,5.18%,8.41%
2026-09-11 11:00:00,1.10 Mpa,0.0608 Mpa,0.238 Mpa,0.407 Mpa,0.00982 Mpa,0 Mpa,0.235 Mpa,0.0498 Mpa,0.101 Mpa,0.393 Mpa,32.7%,1.94%,8.23%,17.0%,1.91%,12.7%,7.81%,3.17%,3.97%,16.2%
2026-09-11 13:00:00,0.701 Mpa,0.0415 Mpa,0.0235 Mpa,0.235 Mpa,0.715 Mpa,0.162 Mpa,0.633 Mpa,0.112 Mpa,0.0663 Mpa,0.0188 Mpa,22.0%,1.44%,0.428%,12.6%,26.3%,6.95%,20.6%,5.11%,2.90%,5.00%
2026-09-11 15:00:00,0.837 Mpa,0.0502 Mpa,0.0532 Mpa,0.720 Mpa,0.239 Mpa,0.105 Mpa,0.0200 Mpa,0.0940 Mpa,0.0606 Mpa,0.0131 Mpa,25.3%,1.66%,1.50%,26.6%,9.96%,5.04%,1.57%,4.53%,2.56%,3.96%
2026-09-11 17:00:00,0.525 Mpa,0.106 Mpa,0.0566 Mpa,0.419 Mpa,0.280 Mpa,0.108 Mpa,0.147 Mpa,0.102 Mpa,0.0827 Mpa,0.0544 Mpa,17.3%,3.42%,1.60%,17.8%,11.9%,4.49%,4.98%,4.52%,3.05%,9.54%
2026-09-11 19:00:00,0.540 Mpa,0.0846 Mpa,0.0283 Mpa,0.528 Mpa,0.0969 Mpa,0.487 Mpa,0.142 Mpa,0.234 Mpa,0.0880 Mpa,0.739 Mpa,18.4%,2.91%,0.747%,20.7%,5.63%,17.8%,4.63%,8.51%,2.72%,29.0%
2026-09-11 21:00:00,0.421 Mpa,0.134 Mpa,0.0510 Mpa,0.0206 Mpa,0.104 Mpa,0.427 Mpa,0.0499 Mpa,0.287 Mpa,0.0305 Mpa,0.169 Mpa,15.8%,4.58%,1.37%,6.59%,5.31%,15.5%,1.55%,10.0%,1.11%,9.02%
2026-09-11 23:00:00,0.184 Mpa,0.155 Mpa,0.0214 Mpa,0.232 Mpa,0.0854 Mpa,0.651 Mpa,0.0847 Mpa,0.240 Mpa,0.125 Mpa,0.245 Mpa,9.13%,5.90%,0.425%,12.9%,4.50%,24.8%,2.75%,8.48%,4.03%,11.2%
2026-09-12 01:00:00,,0.377 Mpa,0.158 Mpa,0.168 Mpa,0.117 Mpa,0.130 Mpa,0.0595 Mpa,0.176 Mpa,0.417 Mpa,0.196 Mpa,,11.9%,4.42%,13.5%,5.52%,6.66%,2.01%,6.28%,12.8%,10.5%
2026-09-12 03:00:00,,0.0863 Mpa,0.127 Mpa,0.0114 Mpa,0.254 Mpa,0.171 Mpa,0.0675 Mpa,0.168 Mpa,0.975 Mpa,0.333 Mpa,,2.86%,3.57%,6.34%,10.6%,7.45%,2.37%,7.41%,28.7%,14.0%
2026-09-12 05:00:00,,0.104 Mpa,0.0758 Mpa,0.0623 Mpa,0.191 Mpa,0.105 Mpa,0.0390 Mpa,0.0903 Mpa,0.0639 Mpa,0.103 Mpa,,3.72%,2.49%,7.45%,8.69%,9.95%,1.21%,5.54%,2.05%,6.93%
2026-09-12 07:00:00,,0.0505 Mpa,0.0337 Mpa,0.0728 Mpa,0.0910 Mpa,0.121 Mpa,0.0391 Mpa,0.0485 Mpa,0.0722 Mpa,0.0771 Mpa,,1.68%,0.781%,7.57%,4.89%,4.92%,1.30%,2.57%,2.56%,6.21%
2026-09-12 09:00:00,0.147 Mpa,0.247 Mpa,0.0645 Mpa,0.261 Mpa,0.126 Mpa,0.137 Mpa,0.00570 Mpa,0.155 Mpa,0.0847 Mpa,0.0524 Mpa,7.34%,7.80%,1.76%,13.2%,6.07%,4.88%,0.139%,6.18%,3.00%,5.46%
2026-09-12 11:00:00,0.183 Mpa,0.220 Mpa,0.0767 Mpa,0.0817 Mpa,0.235 Mpa,0.123 Mpa,0.495 Mpa,0.147 Mpa,0.0458 Mpa,0.0437 Mpa,8.16%,6.93%,1.99%,8.12%,9.58%,6.68%,16.6%,5.38%,1.72%,5.48%
2026-09-12 13:00:00,0.914 Mpa,0.223 Mpa,0.0476 Mpa,0.106 Mpa,0.134 Mpa,0.0289 Mpa,0.107 Mpa,0.359 Mpa,0.0763 Mpa,0.0730 Mpa,27.4%,6.90%,1.30%,13.3%,6.72%,9.12%,3.51%,11.9%,2.49%,5.93%
2026-09-12 15:00:00,0.0985 Mpa,0.192 Mpa,0.0151 Mpa,0.302 Mpa,,0.111 Mpa,0.0320 Mpa,0.0578 Mpa,0.0642 Mpa,0.0508 Mpa,5.55%,6.55%,0.608%,14.0%,,5.16%,1.04%,3.04%,2.14%,5.24%
2026-09-12 17:00:00,0.262 Mpa,0.0524 Mpa,0.113 Mpa,0.172 Mpa,,0.185 Mpa,0.125 Mpa,0.0863 Mpa,0.0922 Mpa,0.0849 Mpa,9.80%,1.91%,3.55%,11.1%,,7.57%,4.26%,5.17%,3.12%,6.98%
2026-09-12 19:00:00,0.240 Mpa,0.392 Mpa,0.111 Mpa,0.330 Mpa,,0.157 Mpa,0.287 Mpa,0.0677 Mpa,0.0465 Mpa,0.0579 Mpa,9.92%,12.0%,3.35%,15.4%,,6.89%,9.61%,3.78%,1.60%,6.63%
2026-09-12 21:00:00,0.404 Mpa,0.826 Mpa,0.108 Mpa,0.269 Mpa,,0.495 Mpa,0.140 Mpa,0.0333 Mpa,0.0706 Mpa,0.0557 Mpa,14.1%,25.5%,3.29%,13.8%,,18.6%,4.80%,2.64%,2.33%,5.79%
2026-09-12 23:00:00,0.232 Mpa,0.219 Mpa,0.107 Mpa,0.0192 Mpa,,0.302 Mpa,0.0931 Mpa,0.0637 Mpa,0.0842 Mpa,0.0485 Mpa,13.5%,6.93%,3.27%,6.85%,,11.6%,3.21%,3.85%,4.01%,6.11%
2026-09-13 01:00:00,0.226 Mpa,0.460 Mpa,0.0591 Mpa,0.302 Mpa,,0.0548 Mpa,0.0973 Mpa,0.189 Mpa,0.0776 Mpa,0.184 Mpa,9.69%,14.4%,1.53%,14.8%,,2.79%,3.37%,7.46%,3.03%,8.82%
2026-09-13 03:00:00,0.524 Mpa,0.0255 Mpa,0.331 Mpa,0.211 Mpa,,0.0175 Mpa,0.468 Mpa,0.0552 Mpa,0.0223 Mpa,0.0213 Mpa,23.1%,1.14%,10.2%,17.6%,,1.69%,16.4%,4.11%,1.01%,5.39%
2026-09-13 05:00:00,0.176 Mpa,0.385 Mpa,0.244 Mpa,0.0942 Mpa,,0.411 Mpa,0.0610 Mpa,0.404 Mpa,0.0755 Mpa,0.327 Mpa,7.09%,12.2%,7.07%,8.07%,,13.3%,2.43%,13.1%,3.24%,13.3%
2026-09-13 07:00:00,0.213 Mpa,0.352 Mpa,0.0253 Mpa,0.0798 Mpa,,0.0935 Mpa,0.0212 Mpa,0.317 Mpa,0.0375 Mpa,1.67 Mpa,8.41%,11.1%,0.644%,8.17%,,4.18%,0.658%,10.7%,1.09%,47.9%
2026-09-13 09:00:00,0.260 Mpa,0.180 Mpa,0.0665 Mpa,1.02 Mpa,,0.198 Mpa,0.224 Mpa,0.187 Mpa,0.0860 Mpa,0.0461 Mpa,10.7%,6.17%,1.83%,33.0%,,8.15%,7.52%,6.61%,2.76%,21.9%
2026-09-13 11:00:00,0.205 Mpa,0.163 Mpa,0.0960 Mpa,0.637 Mpa,,0.143 Mpa,0.182 Mpa,0.237 Mpa,0.0507 Mpa,0.0623 Mpa,13.3%,5.92%,2.80%,22.8%,,5.83%,6.13%,8.66%,1.65%,6.51%
2026-09-13 13:00:00,0.347 Mpa,0.396 Mpa,0.167 Mpa,0.180 Mpa,0.127 Mpa,0.134 Mpa,0.151 Mpa,0.205 Mpa,0.0293 Mpa,0.0331 Mpa,12.6%,12.6%,5.02%,12.0%,6.62%,5.25%,5.18%,7.92%,1.42%,6.02%
2026-09-13 15:00:00,0.297 Mpa,0.112 Mpa,0.290 Mpa,0.218 Mpa,0.163 Mpa,0.868 Mpa,0.173 Mpa,0.122 Mpa,0.184 Mpa,0.0137 Mpa,12.1%,3.86%,9.02%,11.7%,7.74%,32.3%,5.93%,5.75%,5.75%,4.74%
2026-09-13 17:00:00,0.267 Mpa,0.314 Mpa,0.0451 Mpa,0.121 Mpa,0.170 Mpa,0.117 Mpa,0.0981 Mpa,0.0858 Mpa,0.210 Mpa,0.0676 Mpa,12.2%,9.77%,1.23%,9.15%,12.6%,5.19%,3.33%,4.24%,7.26%,6.56%
2026-09-13 19:00:00,0.220 Mpa,0.414 Mpa,0.0324 Mpa,0.201 Mpa,0.146 Mpa,0.0770 Mpa,0.193 Mpa,0.167 Mpa,0.440 Mpa,0.0822 Mpa,8.47%,12.5%,0.969%,10.8%,6.01%,3.52%,6.46%,7.38%,13.3%,6.67%
2026-09-13 21:00:00,0.197 Mpa,0.538 Mpa,0.0655 Mpa,0.102 Mpa,0.730 Mpa,0.169 Mpa,0.0523 Mpa,0.00710 Mpa,0.317 Mpa,0.00779 Mpa,12.7%,16.6%,1.98%,8.61%,26.7%,7.04%,1.81%,1.62%,9.99%,3.81%
2026-09-13 23:00:00,1.03 Mpa,0.140 Mpa,0.0995 Mpa,0.180 Mpa,0.263 Mpa,1.27 Mpa,0.0894 Mpa,0.0406 Mpa,0.755 Mpa,0.0318 Mpa,33.4%,4.17%,3.02%,11.1%,10.5%,43.5%,3.20%,3.16%,22.9%,5.56%
2026-09-14 01:00:00,0.233 Mpa,0.0978 Mpa,0.0448 Mpa,0.110 Mpa,0.257 Mpa,0.0990 Mpa,0.337 Mpa,0.0901 Mpa,1.68 Mpa,0.114 Mpa,23.4%,3.01%,1.04%,8.96%,10.1%,4.41%,11.8%,4.16%,49.4%,8.08%
2026-09-14 03:00:00,0.129 Mpa,0.119 Mpa,0.0232 Mpa,0.0387 Mpa,0.258 Mpa,0.701 Mpa,0.414 Mpa,0.135 Mpa,0.00848 Mpa,0.980 Mpa,14.2%,3.69%,0.403%,7.17%,10.3%,26.2%,13.8%,5.88%,1.43%,30.1%
2026-09-14 05:00:00,0.292 Mpa,0.0651 Mpa,0.0962 Mpa,0.0552 Mpa,0.228 Mpa,0.139 Mpa,0.0566 Mpa,0.0267 Mpa,,0.233 Mpa,11.6%,2.17%,2.85%,7.38%,8.84%,6.06%,2.13%,8.24%,,10.1%
2026-09-14 07:00:00,0.476 Mpa,0.176 Mpa,0.0371 Mpa,0.144 Mpa,0.321 Mpa,0.155 Mpa,0.169 Mpa,0.0818 Mpa,,0.107 Mpa,15.5%,7.54%,1.07%,9.32%,12.2%,6.63%,5.58%,3.74%,,6.87%
2026-09-14 09:00:00,1.72 Mpa,0.0355 Mpa,0.174 Mpa,0.237 Mpa,0.288 Mpa,0.567 Mpa,0.175 Mpa,0.122 Mpa,,0.0982 Mpa,52.0%,2.78%,7.17%,11.9%,20.7%,21.3%,5.73%,4.82%,,6.68%
2026-09-14 11:00:00,0.770 Mpa,0.194 Mpa,0.114 Mpa,0.198 Mpa,0.184 Mpa,0.150 Mpa,0.0431 Mpa,0.00690 Mpa,,0.105 Mpa,23.9%,7.16%,4.45%,10.5%,7.99%,6.29%,1.36%,1.46%,,7.21%
2026-09-14 13:00:00,0.0710 Mpa,0.0107 Mpa,0.129 Mpa,0.0667 Mpa,0.318 Mpa,0.110 Mpa,0.0880 Mpa,0.206 Mpa,0.208 Mpa,0.0958 Mpa,3.73%,10.4%,3.83%,7.91%,13.4%,4.86%,2.94%,7.84%,7.43%,8.62%
2026-09-14 15:00:00,0.0672 Mpa,0.0471 Mpa,0.168 Mpa,0.0685 Mpa,0.510 Mpa,0.111 Mpa,0.147 Mpa,0.185 Mpa,,0.0526 Mpa,4.01%,1.72%,5.08%,8.20%,19.9%,4.60%,5.02%,6.85%,,6.03%
2026-09-14 17:00:00,0.0686 Mpa,0.0795 Mpa,0.0922 Mpa,0.0965 Mpa,0.143 Mpa,0.998 Mpa,0.0811 Mpa,0.124 Mpa,,0.0937 Mpa,14.7%,2.55%,2.86%,8.70%,6.41%,33.9%,3.52%,5.89%,,5.84%
2026-09-14 19:00:00,0.0349 Mpa,0.0564 Mpa,0.0470 Mpa,0.141 Mpa,0.691 Mpa,0.231 Mpa,0.135 Mpa,0.0957 Mpa,,0.0427 Mpa,12.8%,1.74%,1.33%,9.46%,25.8%,8.00%,4.81%,4.31%,,5.54%
2026-09-14 21:00:00,0.101 Mpa,0.167 Mpa,0.00694 Mpa,0.173 Mpa,0.150 Mpa,0.0364 Mpa,0.115 Mpa,0.610 Mpa,,0.0356 Mpa,5.65%,5.02%,0.0887%,10.8%,7.07%,1.79%,3.86%,19.9%,,5.82%
2026-09-14 23:00:00,0.517 Mpa,0.301 Mpa,0.158 Mpa,0.299 Mpa,0.138 Mpa,0.107 Mpa,0.317 Mpa,0.429 Mpa,,0.0327 Mpa,19.5%,9.39%,4.56%,14.2%,6.21%,4.72%,10.6%,13.6%,,5.17%
2026-09-15 01:00:00,0.179 Mpa,0.229 Mpa,0.0138 Mpa,0.116 Mpa,0.0129 Mpa,0.146 Mpa,0.219 Mpa,0.260 Mpa,0.000203 Mpa,0.0949 Mpa,8.00%,6.81%,0.182%,9.32%,9.97%,6.15%,7.25%,9.21%,4.39%,5.90%
2026-09-15 03:00:00,0.0118 Mpa,0.289 Mpa,0.0317 Mpa,0.144 Mpa,0.355 Mpa,0.727 Mpa,0.0508 Mpa,0.0537 Mpa,0.540 Mpa,0.0189 Mpa,2.66%,9.38%,0.606%,10.1%,22.4%,26.7%,1.69%,4.48%,16.3%,1.89%
2026-09-15 05:00:00,0.0786 Mpa,0.0898 Mpa,0.0787 Mpa,0.0785 Mpa,0.203 Mpa,0.446 Mpa,0.0722 Mpa,0.138 Mpa,1.71 Mpa,0.0951 Mpa,4.39%,2.86%,2.19%,7.90%,8.73%,16.7%,2.34%,5.79%,49.2%,7.15%
2026-09-15 07:00:00,0.301 Mpa,0.0694 Mpa,0.0767 Mpa,0.0790 Mpa,0.178 Mpa,0.173 Mpa,0.331 Mpa,0.100 Mpa,1.59 Mpa,0.120 Mpa,10.6%,2.42%,2.17%,8.10%,8.25%,7.11%,10.7%,4.48%,47.3%,8.28%
2026-09-15 09:00:00,0.145 Mpa,0.0396 Mpa,0.0950 Mpa,0.0242 Mpa,0.260 Mpa,0.0400 Mpa,0.153 Mpa,0.133 Mpa,0.0184 Mpa,0.0777 Mpa,6.21%,1.34%,2.78%,7.43%,11.1%,2.28%,5.11%,5.30%,2.48%,6.40%

