"Time","P_FW - I45","P_FW - I49","P_FW - I50","P_FW - I52","P_FW - I53","P_FW - I54","P_FW - I55","P_FW - I56","P_FW - I57","P_FW - I58","%FW - I45","%FW - I49","%FW - I50","%FW - I52","%FW - I53","%FW - I54","%FW - I55","%FW - I56","%FW - I57","%FW - I58"
2026-06-17 09:00:00,0.0134 Mpa,0.00313 Mpa,0.00206 Mpa,0.00274 Mpa,0.00611 Mpa,1.18 Mpa,0.264 Mpa,0.00926 Mpa,0.323 Mpa,,8.08%,2.73%,4.62%,3.94%,8.05%,39.3%,11.2%,1.70%,13.2%,
2026-06-17 11:00:00,0.0443 Mpa,0.0420 Mpa,0.0771 Mpa,0.0877 Mpa,0.0770 Mpa,0.695 Mpa,0.0778 Mpa,0.184 Mpa,0.195 Mpa,,20.2%,4.19%,6.40%,6.40%,9.98%,24.9%,6.03%,6.63%,9.56%,
2026-06-17 13:00:00,0.714 Mpa,0.00546 Mpa,0.0218 Mpa,0.0460 Mpa,0.0924 Mpa,0.541 Mpa,0.453 Mpa,0.0981 Mpa,0.166 Mpa,,44.1%,3.41%,5.13%,5.33%,10.7%,20.5%,16.1%,3.65%,8.74%,
2026-06-17 15:00:00,0.0615 Mpa,0.0186 Mpa,0.0618 Mpa,0.0320 Mpa,0.0745 Mpa,0.396 Mpa,0.0526 Mpa,0.0998 Mpa,0.250 Mpa,,9.53%,3.48%,5.77%,5.31%,10.2%,15.8%,5.70%,3.66%,11.4%,
2026-06-17 17:00:00,0.0646 Mpa,0.0788 Mpa,0.0862 Mpa,0.0286 Mpa,0.0665 Mpa,0.143 Mpa,0.106 Mpa,0.0476 Mpa,0.193 Mpa,,10.9%,5.15%,5.46%,4.67%,9.99%,10.3%,6.54%,2.58%,9.21%,
2026-06-17 19:00:00,0.0706 Mpa,0.320 Mpa,0.0820 Mpa,0.506 Mpa,0.122 Mpa,0.472 Mpa,0.0655 Mpa,0.104 Mpa,0.331 Mpa,,9.62%,12.7%,7.86%,19.1%,11.8%,18.3%,5.39%,5.10%,13.1%,
2026-06-17 21:00:00,0.162 Mpa,0.0670 Mpa,0.00702 Mpa,0.193 Mpa,0.329 Mpa,0.166 Mpa,0.211 Mpa,0.403 Mpa,0.839 Mpa,,12.2%,5.11%,5.10%,10.00%,18.6%,8.36%,8.98%,14.1%,27.5%,
2026-06-17 23:00:00,0.163 Mpa,0.102 Mpa,0.0701 Mpa,0.0747 Mpa,0.197 Mpa,0.254 Mpa,0.0443 Mpa,0.176 Mpa,0.0526 Mpa,,11.5%,6.06%,7.31%,13.6%,14.5%,19.9%,5.03%,7.30%,4.74%,
2026-06-18 01:00:00,0.287 Mpa,0.0742 Mpa,0.0231 Mpa,0.0117 Mpa,0.220 Mpa,0.111 Mpa,0.0547 Mpa,0.115 Mpa,0.0330 Mpa,,14.1%,5.62%,5.29%,4.94%,13.9%,7.29%,5.03%,5.33%,4.75%,
2026-06-18 03:00:00,0.155 Mpa,0.126 Mpa,0.0797 Mpa,0.113 Mpa,0.506 Mpa,0.296 Mpa,0.237 Mpa,0.340 Mpa,0.138 Mpa,,11.1%,11.4%,7.22%,7.66%,23.0%,12.5%,10.4%,11.3%,8.14%,
2026-06-18 05:00:00,0.0392 Mpa,0.110 Mpa,0.0336 Mpa,0.0168 Mpa,0.0606 Mpa,0.159 Mpa,0.0278 Mpa,0.0347 Mpa,0.0728 Mpa,,8.66%,6.03%,6.01%,4.58%,9.93%,8.97%,4.25%,2.75%,6.37%,
2026-06-18 07:00:00,0.955 Mpa,0.179 Mpa,0.122 Mpa,0.144 Mpa,0.210 Mpa,0.245 Mpa,0.127 Mpa,0.122 Mpa,0.0355 Mpa,,38.2%,9.26%,8.22%,7.96%,13.3%,11.3%,7.55%,5.62%,5.13%,
2026-06-18 09:00:00,0.0628 Mpa,0.103 Mpa,0.139 Mpa,0.135 Mpa,0.248 Mpa,0.665 Mpa,0.110 Mpa,0.475 Mpa,0.161 Mpa,,9.07%,6.30%,7.35%,8.22%,13.8%,23.6%,6.87%,16.1%,8.99%,
2026-06-18 11:00:00,0.0486 Mpa,0.0657 Mpa,0.0226 Mpa,0.0705 Mpa,0.153 Mpa,0.522 Mpa,1.39 Mpa,0.0375 Mpa,0.0254 Mpa,,8.64%,5.42%,4.22%,6.76%,12.1%,19.3%,40.0%,3.57%,5.31%,
2026-06-18 13:00:00,0.0768 Mpa,0.147 Mpa,0.303 Mpa,0.0589 Mpa,0.0325 Mpa,0.682 Mpa,0.987 Mpa,0.129 Mpa,0.0774 Mpa,,8.98%,7.96%,13.7%,6.62%,8.64%,24.2%,29.6%,5.74%,6.50%,
2026-06-18 15:00:00,0.0591 Mpa,0.0515 Mpa,0.00738 Mpa,0.199 Mpa,0.107 Mpa,0.0389 Mpa,,0.0687 Mpa,0.124 Mpa,,8.69%,4.79%,4.81%,10.6%,11.1%,5.38%,,5.37%,6.70%,
2026-06-18 17:00:00,0.145 Mpa,0.00942 Mpa,0.0619 Mpa,0.0710 Mpa,0.0897 Mpa,0.0867 Mpa,,0.0309 Mpa,0.104 Mpa,,10.9%,4.85%,6.71%,5.89%,9.56%,7.16%,,2.83%,6.94%,
2026-06-18 19:00:00,0.0859 Mpa,0.0576 Mpa,0.0867 Mpa,0.0792 Mpa,0.0236 Mpa,1.13 Mpa,,0.0723 Mpa,0.0118 Mpa,,9.56%,5.23%,6.68%,9.18%,8.17%,36.6%,,3.97%,4.60%,
2026-06-18 21:00:00,0.0380 Mpa,0.0552 Mpa,0.0499 Mpa,0.0527 Mpa,0.262 Mpa,0.560 Mpa,0.0871 Mpa,0.287 Mpa,0.0792 Mpa,,8.42%,5.29%,6.24%,9.59%,16.4%,19.8%,6.24%,10.8%,6.61%,
2026-06-18 23:00:00,0.170 Mpa,0.0415 Mpa,0.0156 Mpa,0.0268 Mpa,0.224 Mpa,1.09 Mpa,0 Mpa,0.457 Mpa,0.539 Mpa,,12.8%,4.64%,4.95%,3.90%,14.8%,36.8%,3.97%,15.0%,19.6%,
2026-06-19 01:00:00,0.0850 Mpa,0.0411 Mpa,0.228 Mpa,0.0425 Mpa,0.405 Mpa,0.0332 Mpa,,0.242 Mpa,0.354 Mpa,,9.85%,4.06%,11.2%,4.87%,21.0%,5.52%,,9.34%,14.7%,
2026-06-19 03:00:00,0.505 Mpa,0.145 Mpa,0.203 Mpa,0.0771 Mpa,0.0360 Mpa,1.05 Mpa,,0.235 Mpa,0.130 Mpa,,20.9%,8.13%,10.4%,5.38%,9.13%,34.4%,,8.31%,8.26%,
2026-06-19 05:00:00,0.0825 Mpa,0.137 Mpa,0.0291 Mpa,0.0619 Mpa,0.143 Mpa,1.80 Mpa,,0.0610 Mpa,0.191 Mpa,,9.92%,8.14%,4.27%,5.91%,11.6%,56.5%,,3.74%,9.76%,
2026-06-19 07:00:00,0.0383 Mpa,0.0734 Mpa,0.0870 Mpa,0.108 Mpa,0.237 Mpa,0.799 Mpa,,0.0736 Mpa,0.112 Mpa,,11.2%,5.86%,7.07%,7.72%,14.1%,27.1%,,4.20%,7.20%,
2026-06-19 09:00:00,0.107 Mpa,0.142 Mpa,0.247 Mpa,0.105 Mpa,0.0424 Mpa,0.126 Mpa,,0.108 Mpa,0.0758 Mpa,,10.3%,8.33%,12.1%,7.02%,8.05%,8.37%,,5.19%,5.62%,
2026-06-19 11:00:00,0.0678 Mpa,0.131 Mpa,0.116 Mpa,0.0450 Mpa,0.154 Mpa,0.110 Mpa,,0.0782 Mpa,0.0963 Mpa,,9.42%,8.37%,6.99%,5.78%,12.2%,7.34%,,4.15%,6.35%,
2026-06-19 13:00:00,0.00649 Mpa,0.0823 Mpa,0.0143 Mpa,0.154 Mpa,0 Mpa,0.0616 Mpa,,0.0259 Mpa,0.0733 Mpa,,27.2%,5.59%,3.76%,9.28%,8.29%,6.09%,,2.97%,5.63%,
2026-06-19 15:00:00,0.0216 Mpa,0.126 Mpa,0.148 Mpa,0.0601 Mpa,0.166 Mpa,0.0605 Mpa,,0.194 Mpa,0.0647 Mpa,,8.01%,7.53%,7.60%,6.79%,12.7%,6.06%,,7.45%,5.62%,
2026-06-19 17:00:00,0.644 Mpa,0.196 Mpa,0.00838 Mpa,0.168 Mpa,0.0947 Mpa,0.102 Mpa,0 Mpa,0.0396 Mpa,0.00426 Mpa,,24.5%,9.56%,4.18%,9.35%,10.8%,6.80%,4.19%,3.41%,4.90%,
2026-06-19 19:00:00,0.530 Mpa,0.0155 Mpa,0.0116 Mpa,0.155 Mpa,0.190 Mpa,0.0737 Mpa,0 Mpa,0.0858 Mpa,,,21.8%,5.08%,4.50%,13.7%,13.1%,5.35%,4.24%,4.30%,,
2026-06-19 21:00:00,0.0829 Mpa,0.269 Mpa,0.00800 Mpa,0.0940 Mpa,0.0565 Mpa,0.249 Mpa,0.0000201 Mpa,0.0945 Mpa,,,10.4%,13.0%,3.90%,6.32%,8.43%,11.6%,4.24%,4.95%,,
2026-06-19 23:00:00,0.0943 Mpa,0.0946 Mpa,0.00443 Mpa,0.0379 Mpa,0.0531 Mpa,0.322 Mpa,0.323 Mpa,0.122 Mpa,0.815 Mpa,,9.84%,8.56%,3.41%,5.28%,9.01%,12.4%,13.2%,5.17%,27.6%,
2026-06-20 01:00:00,0.233 Mpa,0.392 Mpa,0.00612 Mpa,0.144 Mpa,0.0724 Mpa,0.102 Mpa,0.167 Mpa,0.0886 Mpa,0.0320 Mpa,,13.4%,16.5%,6.43%,8.71%,10.4%,6.65%,7.82%,3.67%,5.03%,
2026-06-20 03:00:00,0.225 Mpa,0.102 Mpa,0.0188 Mpa,0.127 Mpa,0.0723 Mpa,0.135 Mpa,0.130 Mpa,0.0293 Mpa,0.0806 Mpa,,13.5%,6.73%,4.87%,7.38%,9.64%,7.61%,8.04%,2.93%,6.29%,
2026-06-20 05:00:00,0.167 Mpa,0.146 Mpa,0.0733 Mpa,0.0410 Mpa,0.170 Mpa,0.104 Mpa,0.109 Mpa,0.0269 Mpa,0.100 Mpa,,11.6%,8.92%,6.48%,10.7%,12.3%,7.98%,6.84%,2.40%,7.33%,
2026-06-20 07:00:00,0.244 Mpa,0.364 Mpa,0.112 Mpa,0.289 Mpa,0.0896 Mpa,0.0485 Mpa,0.344 Mpa,0.0378 Mpa,0.361 Mpa,,33.4%,14.5%,8.53%,12.7%,10.7%,10.7%,12.6%,2.22%,17.2%,
2026-06-20 09:00:00,0.177 Mpa,0.131 Mpa,0.431 Mpa,0.123 Mpa,0.159 Mpa,0.0979 Mpa,0.243 Mpa,0.223 Mpa,0.101 Mpa,,15.5%,8.09%,17.5%,7.74%,12.6%,13.2%,10.2%,7.48%,16.9%,
2026-06-20 11:00:00,0.181 Mpa,0.308 Mpa,0.149 Mpa,0.176 Mpa,0.268 Mpa,0.137 Mpa,0.518 Mpa,0.0676 Mpa,0.0482 Mpa,,15.9%,12.7%,7.99%,9.64%,16.9%,25.0%,17.8%,3.40%,9.21%,
2026-06-20 13:00:00,0.572 Mpa,0.190 Mpa,0.0544 Mpa,0.102 Mpa,0.483 Mpa,0.190 Mpa,0.477 Mpa,0.178 Mpa,0.0816 Mpa,,25.6%,9.38%,5.31%,8.03%,23.8%,15.2%,16.8%,6.91%,6.58%,
2026-06-20 15:00:00,0.0523 Mpa,0.471 Mpa,0.495 Mpa,0.419 Mpa,0.577 Mpa,0.0697 Mpa,0.0820 Mpa,0.265 Mpa,0.109 Mpa,,9.04%,16.9%,19.1%,16.5%,25.1%,11.9%,6.10%,9.07%,8.63%,
2026-06-20 17:00:00,0.0925 Mpa,0.310 Mpa,0.101 Mpa,0.109 Mpa,0.0592 Mpa,0.0967 Mpa,0.248 Mpa,0.943 Mpa,0.103 Mpa,,10.1%,12.9%,6.91%,6.74%,8.92%,6.86%,10.6%,28.3%,7.38%,
2026-06-20 19:00:00,0.145 Mpa,0.000696 Mpa,0.0671 Mpa,0.0463 Mpa,0.112 Mpa,0.510 Mpa,0.567 Mpa,0.861 Mpa,0.0674 Mpa,,11.7%,2.77%,5.98%,4.73%,9.59%,18.6%,18.5%,26.2%,6.44%,
2026-06-20 21:00:00,0.0282 Mpa,0.658 Mpa,0.131 Mpa,0.0644 Mpa,0.171 Mpa,0.0545 Mpa,0.389 Mpa,0.140 Mpa,0.129 Mpa,,8.47%,22.1%,7.89%,5.51%,10.4%,5.07%,14.3%,6.14%,7.73%,
2026-06-20 23:00:00,0.406 Mpa,0.278 Mpa,0.0395 Mpa,0.173 Mpa,0.0431 Mpa,0.147 Mpa,0.114 Mpa,0.0353 Mpa,0.0422 Mpa,,18.4%,22.0%,4.16%,9.04%,15.5%,8.01%,9.31%,3.12%,4.51%,
2026-06-21 01:00:00,0.386 Mpa,0.111 Mpa,0.00863 Mpa,0.0400 Mpa,0.0562 Mpa,0.0752 Mpa,0.128 Mpa,0.0855 Mpa,0.201 Mpa,,17.5%,6.68%,2.00%,5.30%,8.12%,5.59%,7.61%,4.37%,9.12%,
2026-06-21 03:00:00,1.22 Mpa,0.0248 Mpa,0.125 Mpa,0.0253 Mpa,0.148 Mpa,0.120 Mpa,0.0899 Mpa,0.0486 Mpa,0.00803 Mpa,,41.3%,4.68%,6.29%,5.03%,11.2%,7.45%,6.33%,3.47%,4.33%,
2026-06-21 05:00:00,0.0901 Mpa,0.206 Mpa,0.186 Mpa,0.0687 Mpa,0.110 Mpa,0.114 Mpa,0.298 Mpa,0.202 Mpa,0.185 Mpa,,9.30%,9.23%,8.07%,6.42%,10.8%,12.1%,11.7%,7.99%,9.83%,
2026-06-21 07:00:00,0.104 Mpa,0.150 Mpa,0.253 Mpa,0.0513 Mpa,0.103 Mpa,0.133 Mpa,0.251 Mpa,0.205 Mpa,0.0522 Mpa,,9.14%,7.71%,10.5%,6.38%,11.4%,9.43%,10.6%,7.78%,9.72%,
2026-06-21 09:00:00,0.131 Mpa,0.169 Mpa,0.0311 Mpa,0.444 Mpa,0.0464 Mpa,0.129 Mpa,0.457 Mpa,0.189 Mpa,0.0799 Mpa,,22.5%,8.72%,4.51%,17.5%,9.59%,14.8%,16.1%,7.20%,11.9%,
2026-06-21 11:00:00,0.814 Mpa,0.0875 Mpa,0.0886 Mpa,0.351 Mpa,0.0645 Mpa,0.263 Mpa,0.231 Mpa,0.0129 Mpa,0.0299 Mpa,,36.2%,6.05%,6.80%,27.4%,10.3%,11.2%,9.95%,2.10%,5.37%,
2026-06-21 13:00:00,0.274 Mpa,0.0438 Mpa,,,0 Mpa,,,,0.0528 Mpa,,27.0%,5.43%,,,8.00%,,,,4.64%,
2026-06-21 15:00:00,0.142 Mpa,0.142 Mpa,,,0 Mpa,0.861 Mpa,,0.00670 Mpa,0.142 Mpa,,11.9%,8.14%,,,8%,27.9%,,1.80%,6.98%,
2026-06-21 17:00:00,0.188 Mpa,0.0359 Mpa,,0.0676 Mpa,0.178 Mpa,0.0813 Mpa,0.137 Mpa,0.0242 Mpa,0.145 Mpa,,12.3%,3.95%,,6.06%,13.3%,5.63%,7.16%,4.64%,7.93%,
2026-06-21 19:00:00,0.190 Mpa,0.0325 Mpa,,0.0433 Mpa,0.0717 Mpa,0.0495 Mpa,0.686 Mpa,0.0359 Mpa,0.0418 Mpa,,12.5%,4.82%,,5.37%,8.20%,5.49%,25.2%,3.25%,4.65%,
2026-06-21 21:00:00,0.133 Mpa,0.124 Mpa,,0.0386 Mpa,1.23 Mpa,0.289 Mpa,0.363 Mpa,0.0844 Mpa,0.244 Mpa,,11.2%,7.20%,,5.63%,46.2%,12.7%,15.2%,4.51%,10.9%,
2026-06-21 23:00:00,0.249 Mpa,0.221 Mpa,0 Mpa,0.0385 Mpa,0.186 Mpa,0.0635 Mpa,0.948 Mpa,0.0734 Mpa,0 Mpa,,14.5%,10.2%,7.22%,5.90%,12.7%,6.19%,29.3%,4.20%,3.55%,
2026-06-22 01:00:00,0.450 Mpa,0.0418 Mpa,0.236 Mpa,0.0562 Mpa,0.0249 Mpa,0.295 Mpa,0.0693 Mpa,0.0171 Mpa,0.00152 Mpa,,19.7%,4.32%,9.64%,6.59%,8.42%,12.4%,6.25%,4.72%,3.90%,
2026-06-22 03:00:00,0.116 Mpa,0.144 Mpa,0.00967 Mpa,0.129 Mpa,0.241 Mpa,0.0321 Mpa,0.188 Mpa,0.123 Mpa,0.265 Mpa,,10.5%,8.11%,3.89%,8.39%,14.2%,4.97%,8.98%,5.01%,11.3%,
2026-06-22 05:00:00,0.249 Mpa,0.0753 Mpa,0.115 Mpa,0.157 Mpa,0.172 Mpa,0.0746 Mpa,0.0924 Mpa,0.337 Mpa,0.0963 Mpa,,15.2%,5.45%,6.94%,8.48%,18.8%,7.37%,5.97%,10.9%,7.10%,
2026-06-22 07:00:00,0.309 Mpa,0.186 Mpa,0.0324 Mpa,0.0533 Mpa,0.492 Mpa,0.0964 Mpa,0.189 Mpa,0.0888 Mpa,0.0545 Mpa,,16.9%,9.04%,5.79%,5.46%,22.2%,7.29%,8.93%,4.24%,6.31%,
2026-06-22 09:00:00,0.354 Mpa,0.0891 Mpa,0.122 Mpa,0.215 Mpa,0.653 Mpa,0.120 Mpa,0.0801 Mpa,0.149 Mpa,0.0554 Mpa,,17.3%,6.95%,8.19%,10.2%,28.6%,13.5%,5.97%,5.86%,6.08%,
2026-06-22 11:00:00,0.330 Mpa,0.136 Mpa,0.196 Mpa,0.213 Mpa,0.174 Mpa,0.103 Mpa,0.186 Mpa,0.152 Mpa,0.0961 Mpa,,36.9%,8.09%,9.41%,10.5%,13.0%,8.09%,9.18%,5.90%,7.54%,
2026-06-22 13:00:00,0.502 Mpa,0.131 Mpa,0.0212 Mpa,0.0852 Mpa,0.0502 Mpa,0.159 Mpa,0.0823 Mpa,0.161 Mpa,0.175 Mpa,,19.1%,7.20%,4.56%,6.16%,9.40%,8.85%,6.09%,11.2%,9.90%,
2026-06-22 15:00:00,0.282 Mpa,0.0154 Mpa,0.103 Mpa,0.0599 Mpa,0.712 Mpa,0.0928 Mpa,0.0811 Mpa,0.425 Mpa,0.128 Mpa,,14.8%,3.20%,5.96%,5.52%,40.4%,6.62%,5.86%,13.6%,8.01%,
2026-06-22 17:00:00,0.185 Mpa,0.126 Mpa,0.452 Mpa,0.0508 Mpa,0.138 Mpa,0.284 Mpa,0.110 Mpa,0.239 Mpa,0.0826 Mpa,,12.6%,6.77%,17.6%,4.89%,12.0%,13.0%,6.96%,8.78%,6.89%,
2026-06-22 19:00:00,0.388 Mpa,0.147 Mpa,0.173 Mpa,0.0751 Mpa,0.360 Mpa,0.0103 Mpa,0.0194 Mpa,0.231 Mpa,0.0433 Mpa,,19.3%,8.07%,9.28%,5.86%,18.3%,4.01%,4.77%,9.04%,5.31%,
2026-06-22 21:00:00,0.407 Mpa,0.0844 Mpa,0.0587 Mpa,0.0218 Mpa,0.758 Mpa,0 Mpa,0.00512 Mpa,0.179 Mpa,0.533 Mpa,,18.0%,6.23%,6.18%,4.43%,30.3%,3.60%,4.13%,7.80%,19.3%,
2026-06-22 23:00:00,0.274 Mpa,0.0426 Mpa,0.0487 Mpa,0.147 Mpa,0.631 Mpa,,0.178 Mpa,0.0882 Mpa,0.251 Mpa,,14.7%,6.35%,5.92%,8.02%,26.3%,,8.79%,4.58%,10.7%,
2026-06-23 01:00:00,0 Mpa,0 Mpa,0.0316 Mpa,0.150 Mpa,0.705 Mpa,0.115 Mpa,0.0179 Mpa,0.151 Mpa,0.0805 Mpa,,8%,3.32%,5.24%,8.32%,29.2%,6.66%,4.53%,6.24%,5.96%,
2026-06-23 03:00:00,0.178 Mpa,0.0774 Mpa,0.0371 Mpa,0.0747 Mpa,0.0334 Mpa,0.224 Mpa,0.191 Mpa,0.0544 Mpa,0.0518 Mpa,,12.6%,3.65%,4.75%,6.31%,17.7%,9.47%,9.16%,2.91%,5.30%,
2026-06-23 05:00:00,0.0983 Mpa,0.244 Mpa,0.0527 Mpa,0.0900 Mpa,0.256 Mpa,0.411 Mpa,0.104 Mpa,0.0507 Mpa,0.0908 Mpa,,10.5%,9.74%,5.27%,7.23%,15.1%,15.7%,6.49%,3.66%,6.82%,
2026-06-23 07:00:00,0.352 Mpa,0.0492 Mpa,0.00721 Mpa,0.0596 Mpa,0.654 Mpa,0.0520 Mpa,0.250 Mpa,0.0982 Mpa,0.102 Mpa,,16.8%,4.30%,2.97%,5.72%,29.2%,4.83%,10.2%,4.18%,7.16%,
2026-06-23 09:00:00,0.478 Mpa,0.0484 Mpa,0.112 Mpa,0.0489 Mpa,0.0927 Mpa,0.299 Mpa,0.0959 Mpa,0.513 Mpa,0.290 Mpa,,21.0%,4.41%,5.85%,4.88%,11.5%,12.6%,6.23%,16.5%,12.3%,
2026-06-23 11:00:00,0.0689 Mpa,0.0927 Mpa,0.0211 Mpa,0.0870 Mpa,0.513 Mpa,0.0655 Mpa,0.233 Mpa,0.0980 Mpa,0.267 Mpa,,9.49%,5.74%,3.92%,5.72%,25.3%,6.70%,10.1%,4.78%,11.7%,
2026-06-23 13:00:00,0.00717 Mpa,0.150 Mpa,0.0569 Mpa,0.0502 Mpa,0.0713 Mpa,0.0692 Mpa,0.229 Mpa,0.594 Mpa,0.124 Mpa,,7.65%,7.59%,5.29%,5.69%,9.62%,5.32%,10.2%,19.3%,8.11%,
2026-06-23 15:00:00,0.232 Mpa,0.239 Mpa,0.00810 Mpa,0.0847 Mpa,0.0919 Mpa,0.268 Mpa,0.348 Mpa,0.0853 Mpa,0.122 Mpa,,13.6%,10.3%,3.02%,7.19%,10.4%,11.9%,13.2%,4.23%,7.96%,
2026-06-23 17:00:00,0.139 Mpa,0.0218 Mpa,0.228 Mpa,0.0800 Mpa,0.0802 Mpa,1.07 Mpa,0.118 Mpa,0.479 Mpa,0.302 Mpa,,10.6%,4.17%,11.0%,7.21%,10.2%,35.9%,7.06%,15.1%,13.2%,
2026-06-23 19:00:00,1.12 Mpa,0.104 Mpa,0.211 Mpa,0.0244 Mpa,0.0681 Mpa,0.256 Mpa,0.0319 Mpa,0.376 Mpa,0.0586 Mpa,,37.2%,7.38%,10.2%,5.24%,9.33%,28.4%,5.12%,12.5%,5.57%,
2026-06-23 21:00:00,0.0486 Mpa,0.0942 Mpa,0.112 Mpa,0.297 Mpa,0.0806 Mpa,0.172 Mpa,0.0979 Mpa,0.122 Mpa,0.0579 Mpa,,8.88%,7.65%,7.15%,12.9%,10.4%,11.6%,6.52%,5.19%,5.39%,
2026-06-23 23:00:00,0.198 Mpa,0.102 Mpa,0.0970 Mpa,0.289 Mpa,0.106 Mpa,0.216 Mpa,0.157 Mpa,0.610 Mpa,0.0825 Mpa,,13.4%,8.18%,6.80%,12.6%,10.7%,15.0%,8.30%,19.6%,6.30%,
2026-06-24 01:00:00,0.382 Mpa,0.0760 Mpa,0.129 Mpa,0.0917 Mpa,0.0849 Mpa,0.404 Mpa,0.0151 Mpa,0.0429 Mpa,0.136 Mpa,,18.7%,13.5%,8.70%,6.59%,10.9%,19.8%,4.79%,3.24%,7.65%,
2026-06-24 03:00:00,0.183 Mpa,0.00192 Mpa,0.0338 Mpa,0.0314 Mpa,0.253 Mpa,0.0591 Mpa,0.285 Mpa,0.0866 Mpa,0.356 Mpa,,14.5%,3.20%,5.92%,3.91%,16.5%,18.7%,13.7%,5.06%,14.0%,
2026-06-24 05:00:00,0.418 Mpa,0.358 Mpa,0.131 Mpa,0.0464 Mpa,0.186 Mpa,0.0962 Mpa,0.0554 Mpa,0.0582 Mpa,0.322 Mpa,,17.8%,13.8%,8.00%,3.79%,13.2%,7.45%,6.67%,4.33%,13.3%,
2026-06-24 07:00:00,0.451 Mpa,0.0951 Mpa,0.114 Mpa,0.752 Mpa,0.371 Mpa,0.117 Mpa,0.217 Mpa,0.0471 Mpa,0.0927 Mpa,,19.0%,6.04%,6.73%,24.8%,20.0%,7.63%,9.50%,8.33%,6.83%,
2026-06-24 09:00:00,0.224 Mpa,0.358 Mpa,0.0298 Mpa,0.772 Mpa,0.103 Mpa,0.144 Mpa,0.0751 Mpa,0.190 Mpa,0.0936 Mpa,,13.0%,13.5%,5.20%,25.7%,11.3%,8.28%,5.60%,7.23%,6.84%,
2026-06-24 11:00:00,0.243 Mpa,0.125 Mpa,0.0209 Mpa,0.215 Mpa,0.176 Mpa,0.0183 Mpa,0.0619 Mpa,0.0625 Mpa,0.339 Mpa,,14.2%,6.41%,3.89%,10.2%,13.9%,5.59%,5.37%,3.37%,14.5%,
2026-06-24 13:00:00,0.821 Mpa,0.0901 Mpa,0.0726 Mpa,0.160 Mpa,0.187 Mpa,0.0702 Mpa,0.142 Mpa,1.22 Mpa,0.0334 Mpa,,29.1%,5.88%,5.66%,8.66%,13.7%,4.75%,7.55%,37.6%,5.12%,
2026-06-24 15:00:00,0.105 Mpa,0.0410 Mpa,0.0216 Mpa,0.170 Mpa,0.104 Mpa,0.0491 Mpa,0.178 Mpa,0.0561 Mpa,0.252 Mpa,,10.2%,4.22%,3.34%,9.00%,10.7%,12.9%,8.40%,6.65%,11.1%,
2026-06-24 17:00:00,0.106 Mpa,0.166 Mpa,0.125 Mpa,0.186 Mpa,0.185 Mpa,0.0442 Mpa,0.163 Mpa,0.672 Mpa,0.0491 Mpa,,10.2%,8.44%,7.42%,10.3%,13.3%,4.39%,8.44%,21.4%,5.56%,
2026-06-24 19:00:00,0.0990 Mpa,0.0919 Mpa,0.104 Mpa,0.0456 Mpa,0.0266 Mpa,0.158 Mpa,0.142 Mpa,0.0379 Mpa,0.0134 Mpa,,9.41%,6.82%,7.88%,5.89%,29.6%,13.7%,8.28%,2.99%,4.46%,
2026-06-24 21:00:00,0.0751 Mpa,0.0536 Mpa,0.0220 Mpa,0.0612 Mpa,0.802 Mpa,0.0785 Mpa,0.142 Mpa,0.156 Mpa,0.0266 Mpa,,9.10%,5.84%,5.31%,5.94%,33.2%,6.01%,8.04%,6.27%,4.35%,
2026-06-24 23:00:00,0.0942 Mpa,0.254 Mpa,0.107 Mpa,0.0461 Mpa,0.0796 Mpa,0.0799 Mpa,0.119 Mpa,0.0880 Mpa,0.473 Mpa,,9.59%,11.4%,6.92%,4.84%,10.3%,7.61%,7.59%,4.32%,17.7%,
2026-06-25 01:00:00,0.0627 Mpa,0.0815 Mpa,0.0410 Mpa,0.156 Mpa,0.134 Mpa,0.0701 Mpa,0.0636 Mpa,0.251 Mpa,0.0596 Mpa,,9.12%,5.51%,4.58%,11.8%,11.8%,7.90%,6.17%,9.61%,5.63%,
2026-06-25 03:00:00,0.136 Mpa,0.0311 Mpa,0.0367 Mpa,0.0251 Mpa,0.588 Mpa,0.0632 Mpa,0.246 Mpa,,0.0784 Mpa,,10.0%,5.37%,4.90%,4.15%,25.2%,12.7%,10.6%,,5.67%,
2026-06-25 05:00:00,0.110 Mpa,0.179 Mpa,0.0327 Mpa,0.0269 Mpa,0.0885 Mpa,0.0797 Mpa,0.274 Mpa,0.161 Mpa,0.0813 Mpa,,10.0%,8.73%,7.53%,4.95%,10.3%,6.42%,10.8%,6.85%,6.54%,
2026-06-25 07:00:00,0.0177 Mpa,0.0637 Mpa,0 Mpa,0.0696 Mpa,0.0928 Mpa,0.0745 Mpa,0.143 Mpa,0.0884 Mpa,0.177 Mpa,,7.95%,5.68%,4.18%,5.64%,10.3%,5.76%,7.77%,4.38%,9.61%,
2026-06-25 09:00:00,0.213 Mpa,0.0445 Mpa,0 Mpa,0.243 Mpa,0.0994 Mpa,0.335 Mpa,0.0866 Mpa,0.234 Mpa,0.0583 Mpa,,13.5%,5.05%,5.61%,15.6%,11.1%,13.1%,6.30%,8.85%,6.25%,
2026-06-25 11:00:00,0.207 Mpa,0.161 Mpa,0.697 Mpa,0.0162 Mpa,0.0533 Mpa,0.201 Mpa,0.0517 Mpa,0.0372 Mpa,0.137 Mpa,,13.0%,8.77%,27.3%,4.87%,9.63%,9.87%,5.32%,3.12%,8.55%,
2026-06-25 13:00:00,0.0627 Mpa,0.0445 Mpa,0.0134 Mpa,0.0740 Mpa,0.0942 Mpa,1.09 Mpa,0.811 Mpa,0.380 Mpa,0.106 Mpa,,9.15%,6.52%,4.12%,7.02%,11.2%,35.9%,24.9%,13.1%,6.85%,
2026-06-25 15:00:00,0.0851 Mpa,0.0560 Mpa,0.0457 Mpa,0.0397 Mpa,0.0491 Mpa,0.622 Mpa,0.427 Mpa,0 Mpa,0.0791 Mpa,,14.8%,5.39%,5.51%,5.79%,9.57%,23.5%,15.7%,1.39%,6.70%,
2026-06-25 17:00:00,0.0536 Mpa,0.0791 Mpa,0.0693 Mpa,0.0318 Mpa,0.0972 Mpa,0.630 Mpa,0.226 Mpa,0.0929 Mpa,0.171 Mpa,,14.2%,5.19%,4.88%,5.14%,10.6%,22.4%,9.74%,4.41%,9.23%,
2026-06-25 19:00:00,0.189 Mpa,0.0578 Mpa,0.0225 Mpa,0.0720 Mpa,0.115 Mpa,0.388 Mpa,0.349 Mpa,0.177 Mpa,0.0934 Mpa,,12.7%,5.10%,6.08%,5.26%,11.4%,15.6%,13.5%,12.3%,6.28%,
2026-06-25 21:00:00,0.124 Mpa,0.0758 Mpa,0.0523 Mpa,0.214 Mpa,0.554 Mpa,0.359 Mpa,0.577 Mpa,0.0687 Mpa,0.0822 Mpa,,10.1%,5.70%,5.91%,9.16%,25.8%,15.1%,20.8%,3.63%,6.34%,
2026-06-25 23:00:00,0.196 Mpa,0.450 Mpa,0.156 Mpa,0.147 Mpa,0.00368 Mpa,0.0377 Mpa,0.741 Mpa,0.266 Mpa,0.0804 Mpa,,12.7%,17.3%,8.67%,7.73%,8.13%,5.48%,23.5%,12.3%,5.94%,
2026-06-26 01:00:00,0.178 Mpa,0.217 Mpa,0.0699 Mpa,0.133 Mpa,0.00745 Mpa,0.621 Mpa,0.0901 Mpa,0.197 Mpa,0.0828 Mpa,,11.3%,12.0%,7.21%,7.25%,9.23%,22.0%,18.9%,15.6%,6.60%,
2026-06-26 03:00:00,0.235 Mpa,0.0894 Mpa,0.0730 Mpa,0.0595 Mpa,0.0628 Mpa,0.160 Mpa,0.145 Mpa,0.0714 Mpa,0.0513 Mpa,,13.6%,6.59%,6.80%,4.73%,9.58%,8.44%,7.99%,12.4%,4.89%,
2026-06-26 05:00:00,0.183 Mpa,0.128 Mpa,0.108 Mpa,0.106 Mpa,0.134 Mpa,0.330 Mpa,0.158 Mpa,0.0920 Mpa,0.253 Mpa,,12.7%,7.58%,7.16%,6.82%,12.1%,16.0%,8.02%,4.63%,11.2%,
2026-06-26 07:00:00,0.161 Mpa,0.108 Mpa,0.0110 Mpa,0.322 Mpa,0.189 Mpa,0.145 Mpa,0.128 Mpa,0.0826 Mpa,0.0818 Mpa,,11.9%,7.64%,4.55%,13.6%,13.8%,8.03%,6.30%,3.87%,6.62%,
2026-06-26 09:00:00,0.120 Mpa,,0.0939 Mpa,0.232 Mpa,0.126 Mpa,0.464 Mpa,0.194 Mpa,0.0550 Mpa,0.191 Mpa,,10.8%,,6.69%,11.4%,11.5%,16.9%,8.47%,3.28%,10.00%,
2026-06-26 11:00:00,0.288 Mpa,,0.168 Mpa,0.0528 Mpa,0.156 Mpa,0.110 Mpa,1.14 Mpa,0.0669 Mpa,0.136 Mpa,,17.5%,,10.1%,6.09%,12.1%,6.95%,33.8%,3.35%,8.38%,
2026-06-26 13:00:00,0.0761 Mpa,,0.159 Mpa,0.00225 Mpa,0.324 Mpa,0.390 Mpa,0.0546 Mpa,0.155 Mpa,0.0689 Mpa,,9.73%,,8.22%,5.10%,18.0%,15.9%,6.17%,5.53%,6.20%,
2026-06-26 15:00:00,0.144 Mpa,,0.181 Mpa,0.0799 Mpa,0.0811 Mpa,0.131 Mpa,0.128 Mpa,0.114 Mpa,0.348 Mpa,,11.8%,,7.06%,6.52%,10.3%,7.76%,6.91%,3.89%,14.5%,
2026-06-26 17:00:00,0.0641 Mpa,0.0750 Mpa,0.0782 Mpa,0.0681 Mpa,0.104 Mpa,0.324 Mpa,0.168 Mpa,0.103 Mpa,0.237 Mpa,,8.90%,6.79%,6.35%,4.78%,11.2%,14.1%,8.51%,4.50%,11.3%,
2026-06-26 19:00:00,0.114 Mpa,0.0964 Mpa,0.0261 Mpa,0.144 Mpa,0.689 Mpa,0.230 Mpa,0.0536 Mpa,0.0463 Mpa,0.137 Mpa,,10.6%,6.48%,5.66%,7.08%,29.4%,11.5%,5.36%,3.36%,8.24%,
2026-06-26 21:00:00,0.0798 Mpa,0.0421 Mpa,0.0727 Mpa,0.0881 Mpa,0.272 Mpa,0.0707 Mpa,0.277 Mpa,0.172 Mpa,0.0319 Mpa,,9.48%,4.80%,6.48%,5.61%,16.2%,6.31%,11.2%,6.99%,4.92%,
2026-06-26 23:00:00,0.00821 Mpa,0.0714 Mpa,0.0650 Mpa,0.123 Mpa,0.642 Mpa,0.0471 Mpa,0.293 Mpa,0.0125 Mpa,0.291 Mpa,,7.37%,5.57%,6.41%,6.45%,28.5%,8.27%,13.2%,2.31%,12.7%,
2026-06-27 01:00:00,1.22 Mpa,0.149 Mpa,,0.105 Mpa,,0.301 Mpa,0.307 Mpa,0.00680 Mpa,0.615 Mpa,,39.9%,8.12%,,6.23%,,14.9%,12.0%,8.67%,22.0%,
2026-06-27 03:00:00,0.0661 Mpa,0.0820 Mpa,0.00895 Mpa,0.0101 Mpa,0.228 Mpa,0.0654 Mpa,0.356 Mpa,0.0145 Mpa,0.144 Mpa,,8.97%,5.27%,5.99%,3.20%,15.5%,6.47%,13.4%,1.82%,8.84%,
2026-06-27 05:00:00,0.0869 Mpa,0.241 Mpa,0.122 Mpa,0.136 Mpa,0.134 Mpa,0.0948 Mpa,0.209 Mpa,0.0656 Mpa,0.158 Mpa,,9.85%,10.8%,8.85%,7.60%,11.2%,6.78%,9.23%,3.66%,8.34%,
2026-06-27 07:00:00,0.0749 Mpa,0.0429 Mpa,0.0693 Mpa,0.120 Mpa,0.144 Mpa,0.294 Mpa,0.303 Mpa,0.351 Mpa,0.184 Mpa,,9.13%,4.93%,7.24%,7.70%,10.8%,11.3%,12.0%,12.1%,9.14%,
2026-06-27 09:00:00,0.111 Mpa,0.0181 Mpa,0.0129 Mpa,0.204 Mpa,0.138 Mpa,0.223 Mpa,0.371 Mpa,0.00728 Mpa,0.0730 Mpa,,10.1%,3.80%,4.11%,10.1%,12.2%,8.76%,13.8%,2.40%,6.07%,
2026-06-27 11:00:00,0.0994 Mpa,0.0303 Mpa,0.195 Mpa,0.0700 Mpa,0.537 Mpa,0.660 Mpa,0.440 Mpa,0.0407 Mpa,0.0460 Mpa,,10.3%,4.38%,9.93%,6.64%,25.0%,22.4%,15.1%,2.71%,5.74%,
2026-06-27 13:00:00,0.158 Mpa,0.238 Mpa,0.0152 Mpa,0.256 Mpa,0.238 Mpa,0.225 Mpa,0.428 Mpa,0.0676 Mpa,0.117 Mpa,,12.1%,10.8%,1.94%,11.8%,14.2%,10.3%,15.1%,3.69%,7.68%,
2026-06-27 15:00:00,0.0698 Mpa,0.191 Mpa,0.225 Mpa,2.19 Mpa,0.0762 Mpa,0.221 Mpa,0.235 Mpa,0.729 Mpa,0.144 Mpa,,9.56%,8.98%,11.6%,66.0%,10.3%,9.47%,10.4%,23.3%,8.69%,
2026-06-27 17:00:00,0.0958 Mpa,0.339 Mpa,0.00547 Mpa,,0.119 Mpa,0.120 Mpa,0.0366 Mpa,0.417 Mpa,0.171 Mpa,,10.2%,12.8%,3.09%,,11.5%,6.73%,4.82%,13.6%,9.07%,
2026-06-27 19:00:00,0.100 Mpa,,0.0137 Mpa,,0.0433 Mpa,0.246 Mpa,0.0697 Mpa,0.170 Mpa,0.0492 Mpa,,10.4%,,3.28%,,8.36%,11.2%,5.15%,6.54%,5.97%,
2026-06-27 21:00:00,0.104 Mpa,0.0814 Mpa,0.238 Mpa,,0.0533 Mpa,0.0799 Mpa,0.502 Mpa,0.0507 Mpa,0.0287 Mpa,,10.8%,5.58%,10.7%,,9.06%,5.97%,17.0%,2.91%,5.63%,
2026-06-27 23:00:00,0.160 Mpa,0.131 Mpa,0.566 Mpa,0.0120 Mpa,0.0676 Mpa,0.131 Mpa,0.106 Mpa,0.118 Mpa,0.376 Mpa,,11.9%,6.45%,20.8%,4.87%,9.52%,7.54%,6.97%,5.85%,15.6%,
2026-06-28 01:00:00,0.0917 Mpa,0.0168 Mpa,0.0130 Mpa,,0.117 Mpa,0.245 Mpa,0.326 Mpa,0.159 Mpa,0.0936 Mpa,,10.1%,3.48%,5.13%,,11.5%,10.2%,12.7%,7.00%,6.06%,
2026-06-28 03:00:00,0.0452 Mpa,0.173 Mpa,0.0223 Mpa,,0.0477 Mpa,0.237 Mpa,0.538 Mpa,0.883 Mpa,0.167 Mpa,,8.72%,8.17%,4.79%,,9.49%,10.2%,18.9%,28.1%,8.49%,
2026-06-28 05:00:00,0.119 Mpa,0.675 Mpa,0.0431 Mpa,,0.177 Mpa,0.123 Mpa,0.0515 Mpa,0.119 Mpa,0.195 Mpa,,11.0%,23.2%,6.15%,,13.8%,7.35%,5.68%,5.35%,8.98%,
2026-06-28 07:00:00,0.179 Mpa,0.788 Mpa,0.147 Mpa,,0.323 Mpa,0.127 Mpa,0.100 Mpa,0.0257 Mpa,0.344 Mpa,,12.6%,26.5%,9.23%,,17.9%,8.22%,6.94%,2.36%,13.5%,
2026-06-28 09:00:00,0.0769 Mpa,0.239 Mpa,0.0416 Mpa,,0.177 Mpa,0.291 Mpa,0.425 Mpa,0.263 Mpa,0.0631 Mpa,,9.87%,9.73%,5.88%,,12.6%,13.4%,15.0%,9.53%,9.11%,
2026-06-28 11:00:00,0.0955 Mpa,0.146 Mpa,0.183 Mpa,,0.0772 Mpa,0.283 Mpa,0.0646 Mpa,0.325 Mpa,0.0452 Mpa,,10.3%,7.87%,10.5%,,9.96%,12.5%,5.88%,11.7%,5.31%,
2026-06-28 13:00:00,0.0389 Mpa,0.0819 Mpa,0.0896 Mpa,,0.120 Mpa,0.0853 Mpa,0.121 Mpa,0.238 Mpa,0.0784 Mpa,,8.87%,6.82%,6.77%,,11.7%,6.38%,7.39%,9.08%,6.14%,
2026-06-28 15:00:00,0.112 Mpa,0.478 Mpa,0.0771 Mpa,,0.0540 Mpa,0.111 Mpa,0.453 Mpa,0.968 Mpa,0.0338 Mpa,,10.5%,19.4%,5.93%,,9.96%,6.74%,14.8%,29.4%,10.9%,
2026-06-28 17:00:00,0.531 Mpa,0.127 Mpa,0.0556 Mpa,,0.0954 Mpa,0.136 Mpa,0.259 Mpa,0.207 Mpa,0.0778 Mpa,,21.8%,6.82%,6.28%,,11.2%,8.03%,10.5%,7.71%,6.57%,
2026-06-28 19:00:00,0.134 Mpa,0.244 Mpa,0.0621 Mpa,,0.251 Mpa,0.0842 Mpa,0.0280 Mpa,0.414 Mpa,0.0860 Mpa,,10.9%,10.7%,5.68%,,15.8%,5.52%,4.60%,14.3%,7.06%,
2026-06-28 21:00:00,0.318 Mpa,0.261 Mpa,0.0388 Mpa,,0.113 Mpa,0.309 Mpa,0.186 Mpa,0.496 Mpa,0.0395 Mpa,,16.0%,11.4%,4.70%,,11.7%,12.8%,8.98%,16.6%,5.66%,
2026-06-28 23:00:00,0.198 Mpa,0.0398 Mpa,0.0691 Mpa,,0.193 Mpa,0.189 Mpa,0.210 Mpa,0.117 Mpa,0.0197 Mpa,,13.2%,3.63%,5.92%,,14.1%,9.70%,9.24%,5.33%,5.37%,
2026-06-29 01:00:00,0.286 Mpa,0.265 Mpa,0.158 Mpa,0.149 Mpa,0.254 Mpa,0.232 Mpa,0.159 Mpa,0.167 Mpa,0.121 Mpa,,15.9%,9.38%,8.78%,8.96%,16.2%,11.6%,8.39%,6.50%,6.94%,
2026-06-29 03:00:00,0.0110 Mpa,0.237 Mpa,0.234 Mpa,1.72 Mpa,0.0888 Mpa,0.104 Mpa,0.0348 Mpa,0.241 Mpa,0.0576 Mpa,,8.18%,10.5%,11.6%,52.3%,10.7%,7.13%,5.26%,9.10%,5.65%,
2026-06-29 05:00:00,0.333 Mpa,0.0757 Mpa,0.0569 Mpa,0.157 Mpa,0.0540 Mpa,0.265 Mpa,0.0694 Mpa,0.701 Mpa,0.140 Mpa,,15.9%,6.39%,6.78%,9.55%,9.53%,12.0%,6.29%,22.9%,7.60%,
2026-06-29 07:00:00,0.136 Mpa,0.182 Mpa,0.124 Mpa,0.0831 Mpa,0.0248 Mpa,0.219 Mpa,0.0832 Mpa,0.180 Mpa,0.280 Mpa,,12.0%,10.7%,7.81%,7.36%,7.79%,8.70%,6.76%,7.28%,12.0%,
2026-06-29 09:00:00,0.570 Mpa,0.0544 Mpa,0.0129 Mpa,0.0422 Mpa,0.138 Mpa,0.325 Mpa,0.0866 Mpa,0.426 Mpa,0.0783 Mpa,,27.6%,6.48%,4.34%,6.55%,11.6%,13.2%,6.64%,14.3%,6.08%,
2026-06-29 11:00:00,0.604 Mpa,0.578 Mpa,0.126 Mpa,0.110 Mpa,0.120 Mpa,0.179 Mpa,0.0158 Mpa,0.200 Mpa,0.0794 Mpa,,26.9%,19.6%,8.10%,8.27%,11.5%,9.12%,4.87%,8.33%,6.43%,
2026-06-29 13:00:00,0.650 Mpa,0.0775 Mpa,0.0471 Mpa,0.0373 Mpa,1.51 Mpa,0.0231 Mpa,0.367 Mpa,0.163 Mpa,0.172 Mpa,,25.0%,6.46%,5.84%,5.17%,56.9%,5.04%,13.7%,6.56%,9.65%,
2026-06-29 15:00:00,0.0152 Mpa,0.205 Mpa,0.148 Mpa,0.00717 Mpa,0.958 Mpa,0.153 Mpa,0.381 Mpa,0.354 Mpa,0.129 Mpa,,7.73%,10.3%,8.38%,4.29%,39.1%,8.55%,14.3%,12.3%,11.3%,
2026-06-29 17:00:00,0.159 Mpa,0.126 Mpa,0.327 Mpa,0.0695 Mpa,0.0354 Mpa,0.276 Mpa,0.216 Mpa,0.431 Mpa,0.333 Mpa,,12.9%,7.29%,14.4%,6.07%,8.92%,12.8%,8.95%,14.5%,14.0%,
2026-06-29 19:00:00,0.128 Mpa,0.112 Mpa,0.0627 Mpa,0.0192 Mpa,0.829 Mpa,0.117 Mpa,0.240 Mpa,0.119 Mpa,0.267 Mpa,,12.5%,6.91%,5.52%,20.5%,34.6%,6.70%,9.58%,4.56%,12.0%,
2026-06-29 21:00:00,0.220 Mpa,0.153 Mpa,0.0672 Mpa,0.0000569 Mpa,0.545 Mpa,0.0745 Mpa,0.251 Mpa,0.0564 Mpa,0.0697 Mpa,,13.6%,10.2%,5.68%,40.0%,25.1%,4.81%,10.0%,3.20%,6.48%,
2026-06-29 23:00:00,0.618 Mpa,0.0344 Mpa,0.0924 Mpa,0.122 Mpa,0.590 Mpa,0.136 Mpa,0.114 Mpa,0.0653 Mpa,0.0929 Mpa,,24.6%,5.28%,5.82%,7.32%,26.5%,7.69%,7.12%,2.39%,7.05%,
2026-06-30 01:00:00,0.0101 Mpa,0.0476 Mpa,0.0726 Mpa,0.211 Mpa,0.814 Mpa,1.41 Mpa,0.151 Mpa,0.0699 Mpa,0.261 Mpa,,7.94%,5.15%,6.37%,10.4%,34.2%,45.7%,7.72%,3.20%,12.1%,
2026-06-30 03:00:00,0.203 Mpa,0.655 Mpa,0.133 Mpa,0.138 Mpa,0.284 Mpa,,0.457 Mpa,0.0227 Mpa,0.0732 Mpa,,12.9%,24.2%,7.90%,8.17%,15.8%,,16.1%,2.71%,6.18%,
2026-06-30 05:00:00,0.241 Mpa,0.124 Mpa,0.118 Mpa,0.152 Mpa,0.175 Mpa,,0.108 Mpa,0.306 Mpa,0.00509 Mpa,,14.0%,7.60%,7.69%,9.18%,18.9%,,7.34%,10.7%,5.19%,
2026-06-30 07:00:00,0.175 Mpa,0.325 Mpa,0.0172 Mpa,0.0967 Mpa,0.423 Mpa,0.960 Mpa,0.164 Mpa,0.423 Mpa,0.225 Mpa,,12.3%,13.6%,4.76%,6.75%,21.0%,30.5%,8.39%,13.9%,10.7%,
2026-06-30 09:00:00,0.107 Mpa,0 Mpa,0.189 Mpa,0.0572 Mpa,0.0394 Mpa,0.0500 Mpa,0.0756 Mpa,0.0881 Mpa,0.106 Mpa,,10.1%,4.37%,9.36%,5.22%,13.8%,5.15%,6.19%,6.59%,7.62%,
2026-06-30 11:00:00,0.0201 Mpa,0.219 Mpa,0.0387 Mpa,0.0363 Mpa,0.116 Mpa,,0.0438 Mpa,0.300 Mpa,0.0463 Mpa,,7.91%,10.4%,4.42%,5.14%,10.9%,,5.37%,10.1%,5.78%,
2026-06-30 13:00:00,0.113 Mpa,0.879 Mpa,0.0578 Mpa,0.260 Mpa,0.414 Mpa,,0.357 Mpa,0.326 Mpa,0.619 Mpa,,10.2%,30.0%,4.89%,11.8%,21.4%,,13.3%,12.2%,22.9%,
2026-06-30 15:00:00,0.0398 Mpa,0.107 Mpa,0.0836 Mpa,0.0418 Mpa,0.0210 Mpa,,0.0270 Mpa,0.351 Mpa,0.0489 Mpa,,12.1%,6.48%,6.01%,5.22%,7.70%,,5.18%,12.0%,5.76%,
2026-06-30 17:00:00,0.146 Mpa,0.144 Mpa,0.0602 Mpa,0.0306 Mpa,0.0513 Mpa,,0.0534 Mpa,0.294 Mpa,0.135 Mpa,,11.1%,7.71%,6.09%,5.07%,6.97%,,5.61%,10.8%,7.70%,
2026-06-30 19:00:00,0.0237 Mpa,0.286 Mpa,0.0410 Mpa,0.168 Mpa,1.18 Mpa,,0.176 Mpa,0.164 Mpa,0.0505 Mpa,,8.32%,12.4%,5.53%,8.93%,38.6%,,9.04%,9.31%,5.12%,
2026-06-30 21:00:00,0.328 Mpa,0.0269 Mpa,0.00972 Mpa,0.0313 Mpa,0.827 Mpa,,0.203 Mpa,,0.109 Mpa,,16.4%,4.41%,5.45%,5.07%,32.5%,,9.68%,,7.44%,
2026-06-30 23:00:00,0.257 Mpa,0.183 Mpa,0.0246 Mpa,0.121 Mpa,0.397 Mpa,,0.208 Mpa,0.172 Mpa,0.182 Mpa,,14.1%,8.74%,5.61%,8.02%,18.1%,,9.78%,7.06%,9.18%,
2026-07-01 01:00:00,0.549 Mpa,0.344 Mpa,0.0269 Mpa,0.222 Mpa,0.285 Mpa,0.0157 Mpa,0.177 Mpa,0.00576 Mpa,0.0891 Mpa,,21.7%,13.2%,6.47%,10.8%,14.2%,5.09%,9.05%,1.68%,6.54%,
2026-07-01 03:00:00,2.29 Mpa,0.566 Mpa,0.0360 Mpa,0.0112 Mpa,0.168 Mpa,0.0343 Mpa,0.591 Mpa,0.151 Mpa,0.0748 Mpa,,67.1%,19.8%,5.99%,4.85%,10.8%,5.97%,19.9%,8.82%,5.66%,
2026-07-01 05:00:00,0.763 Mpa,0.0834 Mpa,0.0108 Mpa,0.0202 Mpa,0.754 Mpa,0.0240 Mpa,0.322 Mpa,0.796 Mpa,0.0547 Mpa,,27.4%,5.51%,4.41%,4.58%,31.1%,14.8%,12.3%,25.3%,5.78%,
2026-07-01 07:00:00,1.50 Mpa,0.398 Mpa,0.0250 Mpa,0.0186 Mpa,1.44 Mpa,1.32 Mpa,0.185 Mpa,0.00572 Mpa,0.0740 Mpa,,47.0%,14.8%,4.46%,4.89%,54.2%,44.2%,9.76%,1.86%,6.39%,
2026-07-01 09:00:00,0.253 Mpa,0.000334 Mpa,0.00848 Mpa,0.169 Mpa,0.0969 Mpa,0.769 Mpa,0.0299 Mpa,0.0833 Mpa,0.137 Mpa,,15.4%,3.60%,4.43%,9.78%,11.4%,42.2%,4.84%,3.71%,8.29%,
2026-07-01 11:00:00,0.128 Mpa,0.0621 Mpa,0.0480 Mpa,0.0377 Mpa,0.228 Mpa,0.235 Mpa,0.195 Mpa,0.0671 Mpa,0.0292 Mpa,,10.3%,4.45%,4.97%,4.48%,15.2%,10.9%,9.34%,3.49%,8.45%,
2026-07-01 13:00:00,0.0993 Mpa,,0.109 Mpa,0.0633 Mpa,0.313 Mpa,0.310 Mpa,0.396 Mpa,0.138 Mpa,0.197 Mpa,,10.2%,,6.04%,6.01%,18.4%,11.9%,14.3%,5.38%,10.1%,
2026-07-01 15:00:00,0.0975 Mpa,0.0465 Mpa,0.142 Mpa,0.104 Mpa,0.118 Mpa,0.443 Mpa,0.228 Mpa,0.0698 Mpa,0.235 Mpa,,9.34%,6.24%,6.01%,7.32%,11.5%,20.9%,11.5%,3.94%,9.99%,
2026-07-01 17:00:00,0.0539 Mpa,,0.110 Mpa,0.165 Mpa,0.0739 Mpa,1.95 Mpa,0.200 Mpa,0.111 Mpa,0.121 Mpa,,8.90%,,11.0%,9.03%,9.22%,62.0%,9.61%,5.27%,6.98%,
2026-07-01 19:00:00,0.0247 Mpa,,0.0462 Mpa,0.266 Mpa,0.0189 Mpa,1.23 Mpa,0.126 Mpa,0.0500 Mpa,0.0195 Mpa,,8.30%,,20.9%,12.1%,6.58%,46.4%,7.67%,3.11%,4.51%,
2026-07-01 21:00:00,0.199 Mpa,,0.127 Mpa,0.0467 Mpa,0.132 Mpa,0.373 Mpa,0.102 Mpa,0.289 Mpa,0.0690 Mpa,,14.2%,,8.68%,4.99%,10.7%,14.4%,7.13%,10.0%,5.64%,
2026-07-01 23:00:00,0.167 Mpa,,0.120 Mpa,0.0489 Mpa,0.195 Mpa,0.490 Mpa,0.361 Mpa,0.601 Mpa,0.236 Mpa,,12.9%,,9.11%,4.86%,12.0%,18.6%,13.9%,19.2%,11.1%,
2026-07-02 01:00:00,0.0460 Mpa,,0.0527 Mpa,0.322 Mpa,0.337 Mpa,0.364 Mpa,0.543 Mpa,0.403 Mpa,0.0433 Mpa,,9.03%,,6.56%,13.2%,17.1%,15.5%,18.3%,13.5%,5.24%,
2026-07-02 03:00:00,0.0604 Mpa,,0.0224 Mpa,0.0739 Mpa,0.0277 Mpa,0.814 Mpa,0.750 Mpa,0.888 Mpa,0.0482 Mpa,,9.26%,,4.38%,6.61%,7.94%,27.9%,23.8%,27.4%,6.31%,
2026-07-02 05:00:00,0.109 Mpa,,0.135 Mpa,0.0914 Mpa,0.0598 Mpa,0.640 Mpa,0.0816 Mpa,0.0173 Mpa,0.0792 Mpa,,11.2%,,9.40%,6.64%,10.1%,22.3%,5.88%,2.18%,6.17%,
2026-07-02 07:00:00,0.0974 Mpa,,0.105 Mpa,0.0757 Mpa,0.112 Mpa,0.964 Mpa,0.0652 Mpa,0.0738 Mpa,0.193 Mpa,,10.2%,,7.85%,6.40%,11.7%,32.2%,5.68%,3.98%,8.96%,
2026-07-02 09:00:00,0.0377 Mpa,,0.0857 Mpa,0.0581 Mpa,0.0768 Mpa,0.301 Mpa,0.0419 Mpa,0.150 Mpa,0.0121 Mpa,,8.23%,,6.95%,5.05%,10.6%,12.2%,4.96%,5.88%,3.80%,
2026-07-02 11:00:00,0.0441 Mpa,0 Mpa,0.0415 Mpa,0.0658 Mpa,0.0286 Mpa,1.05 Mpa,0.0214 Mpa,0.0539 Mpa,0.0370 Mpa,,9.00%,3.08%,6.25%,5.88%,9.08%,35.3%,4.39%,3.35%,4.77%,
2026-07-02 13:00:00,0.0572 Mpa,0.188 Mpa,0.0929 Mpa,0.351 Mpa,0.122 Mpa,0.131 Mpa,0.113 Mpa,0.0826 Mpa,0.0757 Mpa,0 Mpa,8.50%,9.46%,7.32%,14.3%,12.1%,6.16%,6.67%,3.84%,5.17%,4.03%
2026-07-02 15:00:00,0.544 Mpa,0.494 Mpa,0.401 Mpa,0.0468 Mpa,0.108 Mpa,0.283 Mpa,0.0455 Mpa,1.04 Mpa,0.207 Mpa,0.0459 Mpa,22.9%,21.0%,15.9%,5.39%,11.4%,13.6%,5.07%,32.2%,9.53%,5.62%
2026-07-02 17:00:00,0.333 Mpa,0.190 Mpa,0.0300 Mpa,0.203 Mpa,0.0892 Mpa,0.536 Mpa,0.185 Mpa,,0.179 Mpa,0.165 Mpa,16.2%,9.45%,5.38%,10.4%,10.5%,19.7%,8.57%,,9.44%,4.59%
2026-07-02 19:00:00,0.864 Mpa,0.943 Mpa,0.0224 Mpa,0.216 Mpa,0.242 Mpa,0.487 Mpa,0.269 Mpa,,,,29.9%,31.8%,3.94%,10.7%,15.8%,17.1%,10.7%,,,
2026-07-02 21:00:00,0.0913 Mpa,0.299 Mpa,0.0833 Mpa,0.0319 Mpa,0.0616 Mpa,0.0956 Mpa,0.0643 Mpa,,,0.00345 Mpa,9.86%,12.7%,5.39%,5.90%,9.59%,9.66%,5.43%,,,0.778%
2026-07-02 23:00:00,0.000893 Mpa,0.387 Mpa,0.593 Mpa,0.139 Mpa,0.118 Mpa,0.0722 Mpa,0.226 Mpa,,0.163 Mpa,0 Mpa,6.99%,15.7%,22.0%,8.40%,10.9%,5.42%,9.85%,,8.75%,3.76%
2026-07-03 01:00:00,0.555 Mpa,0.188 Mpa,0.165 Mpa,0.0445 Mpa,0.210 Mpa,0.241 Mpa,0.205 Mpa,,0.106 Mpa,,21.7%,8.96%,9.15%,5.13%,14.1%,10.3%,9.91%,,7.11%,
2026-07-03 03:00:00,1.88 Mpa,0.329 Mpa,0.0292 Mpa,0.0962 Mpa,0.348 Mpa,0.207 Mpa,0.185 Mpa,,0.0276 Mpa,,56.3%,12.0%,5.46%,5.88%,18.7%,9.03%,9.20%,,4.73%,
2026-07-03 05:00:00,,0.680 Mpa,0.142 Mpa,0.114 Mpa,0.195 Mpa,0.164 Mpa,0.0554 Mpa,,0.0957 Mpa,,,23.3%,8.17%,6.76%,13.4%,7.73%,5.33%,,6.56%,
2026-07-03 07:00:00,,0.105 Mpa,0.0623 Mpa,1.13 Mpa,0.213 Mpa,0.0823 Mpa,0.0508 Mpa,,0.0789 Mpa,0.211 Mpa,,11.6%,5.38%,36.2%,15.0%,8.06%,5.31%,,5.25%,7.68%
2026-07-03 09:00:00,0 Mpa,0.0917 Mpa,0.124 Mpa,0.450 Mpa,0.0683 Mpa,0.0798 Mpa,0.0634 Mpa,,0.111 Mpa,0 Mpa,7.60%,6.67%,6.33%,17.1%,10.4%,9.08%,6.05%,,7.11%,0.545%
2026-07-03 11:00:00,,0.0298 Mpa,0.0464 Mpa,0.0727 Mpa,0.273 Mpa,0.167 Mpa,0.0650 Mpa,,0.0749 Mpa,0 Mpa,,5.02%,4.61%,7.07%,16.0%,18.9%,6.02%,,6.21%,1.82%
2026-07-03 13:00:00,,0.178 Mpa,0.0324 Mpa,0.0794 Mpa,0.0917 Mpa,0.0884 Mpa,0.0181 Mpa,0 Mpa,0.161 Mpa,0.0913 Mpa,,11.1%,4.34%,7.21%,8.61%,6.22%,4.61%,1.20%,8.31%,2.76%
2026-07-03 15:00:00,0.0000249 Mpa,0.0831 Mpa,0.409 Mpa,0.0247 Mpa,0.244 Mpa,0.122 Mpa,0.207 Mpa,0.0203 Mpa,0.0397 Mpa,1.84 Mpa,7.59%,10.3%,15.6%,5.07%,15.2%,27.7%,9.81%,1.49%,5.07%,50.7%
2026-07-03 17:00:00,0.549 Mpa,0.0707 Mpa,0.0919 Mpa,0.170 Mpa,0.136 Mpa,0.0986 Mpa,0.253 Mpa,1.03 Mpa,0.0970 Mpa,,29.7%,5.93%,6.44%,9.21%,20.9%,7.01%,10.6%,30.0%,6.73%,
2026-07-03 19:00:00,0.272 Mpa,0.0640 Mpa,0.115 Mpa,0.00482 Mpa,0.0414 Mpa,0.105 Mpa,0.213 Mpa,0.558 Mpa,0.0407 Mpa,0.690 Mpa,13.2%,4.89%,7.51%,3.84%,12.6%,7.62%,9.34%,17.2%,4.84%,18.5%
2026-07-03 21:00:00,0.258 Mpa,0.0698 Mpa,0.390 Mpa,0.0396 Mpa,0.190 Mpa,0.0653 Mpa,0.216 Mpa,0.235 Mpa,0.240 Mpa,1.40 Mpa,12.8%,6.43%,17.0%,5.12%,13.5%,5.48%,9.73%,8.32%,11.1%,38.2%
2026-07-03 23:00:00,0.261 Mpa,0.0662 Mpa,0.0900 Mpa,0.168 Mpa,0.641 Mpa,0.125 Mpa,0.175 Mpa,0.543 Mpa,0 Mpa,1.19 Mpa,13.0%,8.15%,7.45%,8.86%,27.8%,18.9%,8.26%,18.3%,4.80%,33.5%
2026-07-04 01:00:00,0.875 Mpa,0.136 Mpa,0.0883 Mpa,0.0318 Mpa,0.453 Mpa,0.141 Mpa,0.336 Mpa,0.102 Mpa,0.0715 Mpa,3.26 Mpa,40.4%,8.62%,7.16%,5.83%,22.5%,14.0%,13.1%,4.57%,6.72%,87.7%
2026-07-04 03:00:00,0.216 Mpa,0.0498 Mpa,0.0238 Mpa,1.02 Mpa,,0.113 Mpa,0.0823 Mpa,0.0765 Mpa,0.0675 Mpa,1.80 Mpa,12.9%,5.28%,4.53%,33.1%,,22.0%,6.12%,6.44%,6.42%,48.7%
2026-07-04 05:00:00,0.0496 Mpa,0.0399 Mpa,0.0904 Mpa,0.125 Mpa,,0.0422 Mpa,0.225 Mpa,0.136 Mpa,0.0479 Mpa,,8.87%,8.30%,6.30%,7.79%,,8.25%,9.45%,7.87%,5.99%,
2026-07-04 07:00:00,0.0621 Mpa,0.355 Mpa,0.0504 Mpa,0.226 Mpa,,0.330 Mpa,0.0796 Mpa,0.0225 Mpa,0.111 Mpa,0.154 Mpa,8.78%,17.1%,6.09%,10.4%,,14.3%,4.64%,2.21%,7.40%,5.38%
2026-07-04 09:00:00,0.272 Mpa,,0.0457 Mpa,0.0321 Mpa,,0.471 Mpa,0.339 Mpa,0.0697 Mpa,0.108 Mpa,0.130 Mpa,14.9%,,6.29%,4.29%,,18.5%,12.7%,3.63%,7.39%,4.45%
2026-07-04 11:00:00,0.103 Mpa,,0.0528 Mpa,0.668 Mpa,0.271 Mpa,0.987 Mpa,0.0978 Mpa,0.0800 Mpa,0.0341 Mpa,0.00885 Mpa,10.1%,,6.24%,23.3%,13.0%,32.4%,6.26%,2.94%,5.33%,11.1%
2026-07-04 13:00:00,,,0.0313 Mpa,0.0742 Mpa,,0.0338 Mpa,0.0643 Mpa,0.0819 Mpa,,0 Mpa,,,5.33%,6.60%,,5.25%,9.38%,2.92%,,15.9%
2026-07-04 15:00:00,0.412 Mpa,,0.207 Mpa,0.162 Mpa,,0.212 Mpa,0.0767 Mpa,0.117 Mpa,,0.000113 Mpa,17.3%,,9.64%,9.36%,,11.0%,6.38%,5.04%,,21.7%
2026-07-04 17:00:00,0.363 Mpa,,0.127 Mpa,0.142 Mpa,,0.112 Mpa,0.0404 Mpa,0.0472 Mpa,0.0639 Mpa,0.00932 Mpa,17.4%,,7.56%,8.61%,,15.8%,4.85%,3.08%,5.03%,0.443%
2026-07-04 19:00:00,0.272 Mpa,,0.0545 Mpa,0.0763 Mpa,,0.180 Mpa,0.190 Mpa,0.103 Mpa,0.570 Mpa,0.133 Mpa,14.4%,,5.05%,4.61%,,18.5%,8.99%,4.90%,20.2%,6.01%
2026-07-04 21:00:00,0.325 Mpa,,0.111 Mpa,0.146 Mpa,,0.238 Mpa,0.203 Mpa,0.130 Mpa,0.0311 Mpa,0.111 Mpa,16.1%,,7.32%,6.77%,,22.3%,9.34%,5.83%,4.22%,3.33%
2026-07-04 23:00:00,0.0550 Mpa,,0.136 Mpa,0.0833 Mpa,,0.0852 Mpa,0.267 Mpa,0.0828 Mpa,0.193 Mpa,0.0629 Mpa,8.77%,,7.14%,5.39%,,17.3%,11.4%,4.40%,8.87%,2.48%
2026-07-05 01:00:00,0.426 Mpa,,0.515 Mpa,0.0648 Mpa,,0.0446 Mpa,0.0703 Mpa,0.0364 Mpa,0.0943 Mpa,0.105 Mpa,19.1%,,15.6%,4.00%,,4.46%,5.52%,2.89%,6.58%,3.68%
2026-07-05 03:00:00,0.0527 Mpa,0.0687 Mpa,,0.0955 Mpa,0.00393 Mpa,0.0665 Mpa,0.150 Mpa,0.0645 Mpa,0.624 Mpa,0.0216 Mpa,8.63%,8.03%,,6.17%,6.21%,11.7%,8.03%,3.85%,21.3%,1.47%
2026-07-05 05:00:00,0.138 Mpa,0.314 Mpa,,0.124 Mpa,,0.0610 Mpa,0.0763 Mpa,0.0562 Mpa,0.0866 Mpa,0.188 Mpa,11.1%,14.2%,,8.36%,,6.23%,5.73%,3.48%,5.85%,5.97%
2026-07-05 07:00:00,0.0998 Mpa,0.0773 Mpa,0.676 Mpa,0.0161 Mpa,,0.122 Mpa,0.0947 Mpa,0.0943 Mpa,0.817 Mpa,0.0104 Mpa,10.5%,6.47%,20.0%,5.28%,,8.12%,5.80%,4.80%,27.5%,1.24%
2026-07-05 09:00:00,0.311 Mpa,0.109 Mpa,,0.0224 Mpa,0.000490 Mpa,0.0591 Mpa,0.225 Mpa,0.0507 Mpa,0.176 Mpa,0.0291 Mpa,16.1%,9.20%,,5.21%,8.04%,6.31%,9.14%,2.84%,9.55%,1.36%
2026-07-05 11:00:00,0.0974 Mpa,0.0435 Mpa,,0.134 Mpa,0.242 Mpa,1.06 Mpa,0.701 Mpa,0.0974 Mpa,2.09 Mpa,0.130 Mpa,10.4%,5.62%,,7.52%,14.8%,35.7%,22.0%,4.06%,62.3%,4.58%
2026-07-05 13:00:00,0.0554 Mpa,0.0241 Mpa,,0.253 Mpa,1.13 Mpa,0.0840 Mpa,0.0156 Mpa,0.00851 Mpa,0.167 Mpa,0.279 Mpa,9.26%,4.19%,,11.4%,43.4%,7.22%,5.79%,1.19%,9.42%,8.49%
2026-07-05 15:00:00,0.215 Mpa,0.967 Mpa,,0.0185 Mpa,0.466 Mpa,0.242 Mpa,0.0502 Mpa,0.0376 Mpa,0.0428 Mpa,0.00477 Mpa,13.0%,32.8%,,4.84%,23.4%,11.8%,8.62%,2.57%,5.31%,0.542%
2026-07-05 17:00:00,0.230 Mpa,1.44 Mpa,,0.104 Mpa,0.122 Mpa,0.0730 Mpa,0.278 Mpa,0.0574 Mpa,0.0743 Mpa,0.0791 Mpa,13.4%,46.1%,,6.77%,11.3%,11.8%,11.7%,3.65%,6.04%,3.25%
2026-07-05 19:00:00,0.0929 Mpa,0.220 Mpa,0.000511 Mpa,0.0627 Mpa,0.139 Mpa,0.187 Mpa,0.0404 Mpa,0.0996 Mpa,0.0987 Mpa,0.176 Mpa,8.86%,10.9%,3.85%,6.13%,12.1%,20.5%,5.25%,4.63%,6.68%,5.62%
2026-07-05 21:00:00,0.000424 Mpa,0.0486 Mpa,0.0625 Mpa,0.113 Mpa,0.393 Mpa,0.278 Mpa,0.238 Mpa,0.122 Mpa,0.119 Mpa,0.00226 Mpa,8%,9.95%,4.59%,7.99%,20.3%,11.3%,10.5%,5.72%,7.44%,0.380%
2026-07-05 23:00:00,0.168 Mpa,0.0471 Mpa,0.0000643 Mpa,0.0659 Mpa,0.111 Mpa,0.304 Mpa,0.294 Mpa,0.576 Mpa,0.135 Mpa,0.0940 Mpa,11.7%,9.26%,3.93%,6.30%,11.6%,19.8%,11.9%,18.3%,8.46%,3.57%
2026-07-06 01:00:00,0.160 Mpa,0.403 Mpa,0.129 Mpa,0.123 Mpa,0.0491 Mpa,0.00189 Mpa,0.0767 Mpa,0.0359 Mpa,0.250 Mpa,0.0785 Mpa,11.3%,16.1%,6.54%,7.65%,8.93%,2.73%,5.91%,3.25%,11.5%,3.02%
2026-07-06 03:00:00,0.137 Mpa,0.0436 Mpa,0.106 Mpa,1.07 Mpa,0.199 Mpa,0.0231 Mpa,0.221 Mpa,0.0827 Mpa,,0.0955 Mpa,11.2%,5.40%,12.5%,34.2%,12.6%,4.66%,13.3%,6.47%,,5.12%
2026-07-06 05:00:00,0.132 Mpa,0.179 Mpa,0.253 Mpa,0.116 Mpa,0.243 Mpa,0.237 Mpa,0.306 Mpa,0.0526 Mpa,,0.344 Mpa,11.1%,9.99%,12.0%,7.62%,15.2%,11.2%,11.2%,3.07%,,10.2%
2026-07-06 07:00:00,0.0138 Mpa,0.126 Mpa,0.128 Mpa,0.118 Mpa,0.138 Mpa,0.0688 Mpa,0.252 Mpa,0.0571 Mpa,,0.128 Mpa,7.91%,7.88%,7.67%,7.94%,11.7%,6.17%,9.92%,2.99%,,4.39%
2026-07-06 09:00:00,0.197 Mpa,0.141 Mpa,0.0724 Mpa,0.0737 Mpa,0.104 Mpa,0.898 Mpa,0.226 Mpa,0.0447 Mpa,0.359 Mpa,0.00678 Mpa,12.6%,8.23%,5.66%,10.6%,11.1%,29.9%,9.46%,2.79%,13.5%,0.430%
2026-07-06 11:00:00,0.240 Mpa,0.216 Mpa,0.147 Mpa,0.0619 Mpa,0.272 Mpa,0.728 Mpa,0.754 Mpa,0.183 Mpa,,0.169 Mpa,13.9%,10.1%,8.63%,6.02%,17.0%,25.7%,23.9%,6.99%,,5.32%
2026-07-06 13:00:00,0.0645 Mpa,0.278 Mpa,0.0939 Mpa,0.0473 Mpa,1.62 Mpa,0.602 Mpa,0.0613 Mpa,0.145 Mpa,,0.0218 Mpa,9.29%,13.0%,6.28%,5.09%,61.5%,21.3%,5.61%,6.49%,,0.875%
2026-07-06 15:00:00,0.109 Mpa,0.0621 Mpa,0.121 Mpa,0.272 Mpa,0.0955 Mpa,0.202 Mpa,0.0355 Mpa,0.0325 Mpa,,0.0525 Mpa,10.6%,6.01%,6.84%,11.4%,10.3%,8.82%,4.74%,2.93%,,2.23%
2026-07-06 17:00:00,0.0739 Mpa,0.0912 Mpa,0.0553 Mpa,0.226 Mpa,0.0379 Mpa,0.0682 Mpa,0.0938 Mpa,0.113 Mpa,,0.316 Mpa,9.47%,6.43%,4.52%,10.2%,8.53%,13.8%,6.64%,5.32%,,9.30%
2026-07-06 19:00:00,0.0818 Mpa,0.0647 Mpa,0.249 Mpa,0.112 Mpa,0.220 Mpa,0.228 Mpa,0.0688 Mpa,0.0679 Mpa,,0.0637 Mpa,9.73%,6.17%,10.2%,6.90%,14.1%,16.6%,5.91%,3.92%,,2.25%
2026-07-06 21:00:00,0.112 Mpa,0.0815 Mpa,0.0901 Mpa,0.0527 Mpa,0.371 Mpa,0.194 Mpa,0.136 Mpa,0.608 Mpa,,0.154 Mpa,10.5%,10.5%,6.41%,5.82%,19.1%,9.10%,7.38%,19.2%,,5.08%
2026-07-06 23:00:00,0.115 Mpa,0.0373 Mpa,0.119 Mpa,0.0339 Mpa,0.254 Mpa,0.176 Mpa,0.245 Mpa,0.0978 Mpa,0.0595 Mpa,0.155 Mpa,10.5%,10.7%,7.67%,4.68%,15.9%,30.2%,10.6%,4.70%,5.28%,4.76%
2026-07-07 01:00:00,0.0395 Mpa,0.0716 Mpa,0.140 Mpa,0.0240 Mpa,0.111 Mpa,0.0876 Mpa,0.0642 Mpa,0.536 Mpa,1.47 Mpa,0.0638 Mpa,9.00%,6.74%,7.88%,4.40%,11.5%,14.1%,5.96%,17.5%,44.6%,2.65%
2026-07-07 03:00:00,,0.0325 Mpa,0.139 Mpa,0.158 Mpa,0.0268 Mpa,0.310 Mpa,0.138 Mpa,0.0735 Mpa,0.0632 Mpa,0.0327 Mpa,,9.56%,7.18%,6.44%,8.18%,16.1%,7.94%,3.85%,5.83%,1.97%
2026-07-07 05:00:00,0.165 Mpa,0.0516 Mpa,0.0672 Mpa,0.213 Mpa,0.0911 Mpa,0.0946 Mpa,0.135 Mpa,0.878 Mpa,0.224 Mpa,0.0364 Mpa,11.8%,6.43%,5.31%,10.6%,9.12%,6.90%,7.92%,27.1%,11.6%,1.78%
2026-07-07 07:00:00,0.784 Mpa,0.0754 Mpa,0.0762 Mpa,0.181 Mpa,0.0728 Mpa,0.359 Mpa,0.0447 Mpa,0.0541 Mpa,0.438 Mpa,0.113 Mpa,29.9%,5.92%,5.60%,9.74%,6.06%,15.6%,5.64%,3.39%,16.8%,4.58%
2026-07-07 09:00:00,0.0775 Mpa,0.0434 Mpa,0.0276 Mpa,0.0138 Mpa,0.0292 Mpa,,0.491 Mpa,0.151 Mpa,0.0534 Mpa,0.0832 Mpa,9.60%,7.06%,4.72%,5.29%,5.45%,,17.1%,6.43%,5.66%,3.50%
2026-07-07 11:00:00,0.142 Mpa,0.0907 Mpa,0.00612 Mpa,0.0501 Mpa,0.0558 Mpa,0.250 Mpa,0.605 Mpa,0.296 Mpa,0.0248 Mpa,0.159 Mpa,11.4%,8.84%,4.69%,6.43%,7.85%,11.5%,19.8%,10.1%,14.2%,5.23%
2026-07-07 13:00:00,0.145 Mpa,0.0680 Mpa,0.0906 Mpa,0.0245 Mpa,1.23 Mpa,0.151 Mpa,0.0645 Mpa,0.246 Mpa,0.136 Mpa,0.225 Mpa,11.3%,5.55%,6.40%,5.73%,45.6%,8.53%,5.91%,8.89%,8.60%,6.34%
2026-07-07 15:00:00,,,,,,,,,0 Mpa,,,,,,,,,,5.74%,
2026-07-07 17:00:00,0.194 Mpa,0.408 Mpa,0.000361 Mpa,0.0737 Mpa,,0.327 Mpa,0.113 Mpa,0.178 Mpa,0.00785 Mpa,0.544 Mpa,12.2%,15.6%,2.76%,6.80%,,15.7%,5.68%,7.00%,4.37%,15.1%
2026-07-07 19:00:00,0.166 Mpa,0.215 Mpa,1.45 Mpa,0.0401 Mpa,0.154 Mpa,0.0971 Mpa,0.0893 Mpa,0.163 Mpa,0.571 Mpa,0.0604 Mpa,11.7%,10.2%,42.6%,4.88%,12.8%,6.77%,5.98%,6.93%,20.6%,2.64%
2026-07-07 21:00:00,0.0862 Mpa,0.0300 Mpa,1.57 Mpa,0.114 Mpa,0.251 Mpa,0.691 Mpa,0.0702 Mpa,0.0842 Mpa,0.304 Mpa,0.0706 Mpa,9.87%,5.24%,47.8%,7.10%,14.8%,23.7%,5.37%,4.21%,13.2%,2.68%
2026-07-07 23:00:00,0.172 Mpa,0.122 Mpa,1.46 Mpa,0.0780 Mpa,0.473 Mpa,0.410 Mpa,0.190 Mpa,0.116 Mpa,0.223 Mpa,0.106 Mpa,11.7%,7.88%,45.9%,6.21%,22.9%,15.0%,8.95%,5.35%,11.0%,3.31%
2026-07-08 01:00:00,0.254 Mpa,0.122 Mpa,0.655 Mpa,0.101 Mpa,0.128 Mpa,0.185 Mpa,0.475 Mpa,0.0933 Mpa,0.151 Mpa,0.199 Mpa,15.3%,7.99%,21.9%,7.06%,11.5%,9.48%,16.2%,3.85%,9.08%,6.20%
2026-07-08 03:00:00,0.107 Mpa,0.109 Mpa,1.08 Mpa,0.00732 Mpa,0.156 Mpa,0.480 Mpa,0.128 Mpa,0.122 Mpa,0.348 Mpa,0.0772 Mpa,11.0%,6.87%,34.1%,4.16%,12.6%,18.4%,10.0%,4.76%,14.1%,3.17%
2026-07-08 05:00:00,0.0627 Mpa,0.0955 Mpa,2.04 Mpa,0.0357 Mpa,0.0627 Mpa,0.116 Mpa,0.0422 Mpa,0.415 Mpa,0.681 Mpa,0.0517 Mpa,9.21%,7.03%,63.2%,5.23%,8.58%,7.62%,5.33%,13.6%,24.0%,2.68%
2026-07-08 07:00:00,0.108 Mpa,0 Mpa,0.625 Mpa,0.0894 Mpa,0.0583 Mpa,0.386 Mpa,0.0944 Mpa,0.556 Mpa,0.150 Mpa,0.0998 Mpa,10.3%,6.94%,23.6%,6.89%,7.33%,15.8%,6.79%,18.0%,8.58%,3.91%
2026-07-08 09:00:00,0.128 Mpa,0.0571 Mpa,2.15 Mpa,0.176 Mpa,0.0860 Mpa,0.515 Mpa,0.137 Mpa,0.107 Mpa,0.179 Mpa,0.152 Mpa,10.9%,5.31%,66.2%,9.53%,8.89%,18.0%,7.48%,5.11%,8.83%,4.37%
2026-07-08 11:00:00,0.208 Mpa,0.0579 Mpa,1.51 Mpa,0.768 Mpa,0.0792 Mpa,0.115 Mpa,0.00628 Mpa,0.0796 Mpa,0.0243 Mpa,0.0173 Mpa,12.9%,6.47%,50.6%,24.8%,8.10%,7.50%,4.65%,4.51%,5.01%,1.17%
2026-07-08 13:00:00,0.486 Mpa,0.0871 Mpa,1.11 Mpa,0.170 Mpa,0.250 Mpa,0.277 Mpa,0.0989 Mpa,0.0650 Mpa,0.134 Mpa,0.297 Mpa,21.4%,9.12%,35.3%,9.45%,13.2%,12.8%,5.64%,3.83%,8.08%,9.87%
2026-07-08 15:00:00,0.00208 Mpa,0.0430 Mpa,0.0150 Mpa,0.284 Mpa,0.273 Mpa,0.192 Mpa,0.194 Mpa,0.143 Mpa,0.00813 Mpa,0.0194 Mpa,7.66%,7.51%,5.83%,12.1%,15.4%,10.00%,9.51%,6.08%,4.20%,0.959%
2026-07-08 17:00:00,0.215 Mpa,0.0604 Mpa,0.128 Mpa,0.275 Mpa,0.191 Mpa,0.119 Mpa,0.0997 Mpa,0.0538 Mpa,0.104 Mpa,0.115 Mpa,13.3%,6.91%,6.94%,12.0%,13.1%,7.91%,6.24%,3.93%,7.38%,5.08%
2026-07-08 19:00:00,0.0821 Mpa,0.0308 Mpa,0.00649 Mpa,0.324 Mpa,0.567 Mpa,0 Mpa,0.516 Mpa,0.0710 Mpa,0.0329 Mpa,0.0161 Mpa,10.2%,5.25%,3.80%,13.3%,25.7%,2.80%,17.5%,4.09%,5.47%,8.11%
2026-07-08 21:00:00,0.117 Mpa,0.0393 Mpa,0.0313 Mpa,0.307 Mpa,0.291 Mpa,0.310 Mpa,0.0492 Mpa,0.0817 Mpa,0.132 Mpa,0.00961 Mpa,10.9%,5.60%,4.51%,13.3%,15.5%,12.5%,4.77%,3.37%,8.17%,9.03%
2026-07-08 23:00:00,0.547 Mpa,0.0186 Mpa,0.0806 Mpa,0.0294 Mpa,0.125 Mpa,0.134 Mpa,0.108 Mpa,0.101 Mpa,0.0754 Mpa,0.0830 Mpa,22.2%,5.18%,5.67%,6.20%,10.9%,7.97%,7.22%,4.21%,6.68%,3.36%
2026-07-09 01:00:00,0.131 Mpa,0.0724 Mpa,0.221 Mpa,0.0688 Mpa,0.181 Mpa,0.145 Mpa,0.420 Mpa,0.0380 Mpa,0.0489 Mpa,0.0432 Mpa,10.9%,6.96%,10.2%,6.32%,12.8%,7.50%,14.5%,3.41%,5.90%,3.70%
2026-07-09 03:00:00,0.126 Mpa,0.873 Mpa,0.0410 Mpa,0.0693 Mpa,0.147 Mpa,0.0846 Mpa,0.435 Mpa,0.0190 Mpa,0.0241 Mpa,0.00823 Mpa,11.0%,29.3%,5.02%,6.92%,11.3%,5.50%,15.5%,2.37%,5.04%,3.21%
2026-07-09 05:00:00,0.224 Mpa,0.166 Mpa,0.106 Mpa,0.233 Mpa,0.0654 Mpa,0.0524 Mpa,0.115 Mpa,0.560 Mpa,0.0964 Mpa,0.111 Mpa,13.2%,8.60%,7.37%,10.5%,8.15%,7.18%,6.82%,17.9%,7.09%,6.04%
2026-07-09 07:00:00,0.369 Mpa,0.130 Mpa,0.158 Mpa,0.327 Mpa,0.301 Mpa,0.167 Mpa,0.0456 Mpa,0.194 Mpa,0.138 Mpa,0.154 Mpa,16.0%,8.01%,8.58%,12.6%,16.3%,9.94%,5.67%,6.65%,8.50%,6.83%
2026-07-09 09:00:00,0.468 Mpa,0.0235 Mpa,0.0701 Mpa,0.0115 Mpa,0.114 Mpa,0.0950 Mpa,0.0262 Mpa,0.0902 Mpa,0.117 Mpa,0.0823 Mpa,19.4%,6.07%,5.60%,4.08%,10.3%,13.2%,5.21%,4.20%,8.12%,4.47%
2026-07-09 11:00:00,0.469 Mpa,0.0551 Mpa,0.103 Mpa,0.0640 Mpa,0.0366 Mpa,0.150 Mpa,0.0556 Mpa,0.154 Mpa,0.0585 Mpa,0.000324 Mpa,19.5%,6.12%,6.84%,4.92%,7.96%,9.28%,5.71%,6.52%,6.13%,1.56%
2026-07-09 13:00:00,0.626 Mpa,0.0428 Mpa,0.116 Mpa,0.431 Mpa,0.277 Mpa,0.0658 Mpa,0.0981 Mpa,0.593 Mpa,0.117 Mpa,0.00483 Mpa,24.2%,5.48%,7.09%,16.4%,16.7%,24.1%,6.72%,19.0%,7.95%,2.18%
2026-07-09 15:00:00,0.528 Mpa,0.140 Mpa,0.0552 Mpa,0.226 Mpa,0.0812 Mpa,0.166 Mpa,0.107 Mpa,0.182 Mpa,0.0509 Mpa,0.149 Mpa,21.4%,10.5%,5.10%,10.2%,10.0%,17.7%,6.61%,6.35%,6.25%,6.63%
2026-07-09 17:00:00,0.107 Mpa,0.0984 Mpa,0.0109 Mpa,0.348 Mpa,0.0882 Mpa,0.133 Mpa,0.0615 Mpa,0.780 Mpa,0.0753 Mpa,0.0633 Mpa,10.6%,7.51%,3.69%,14.2%,9.04%,7.83%,8.61%,24.9%,5.98%,3.91%
2026-07-09 19:00:00,0.100 Mpa,0.0706 Mpa,0.0141 Mpa,0.545 Mpa,0.429 Mpa,0.322 Mpa,0.187 Mpa,0.129 Mpa,0.393 Mpa,0.0369 Mpa,10.5%,6.93%,4.10%,19.7%,17.9%,14.6%,8.84%,6.13%,14.6%,1.73%
2026-07-09 21:00:00,0.0838 Mpa,0.140 Mpa,0.0741 Mpa,0.0748 Mpa,0.0714 Mpa,0.171 Mpa,0.166 Mpa,0.213 Mpa,0.419 Mpa,0.0209 Mpa,9.59%,9.56%,6.07%,5.66%,6.14%,8.79%,8.39%,8.23%,16.2%,1.56%
2026-07-09 23:00:00,0.189 Mpa,0.268 Mpa,0.198 Mpa,0.0749 Mpa,0.596 Mpa,0.784 Mpa,0.102 Mpa,0.0616 Mpa,0.106 Mpa,0.133 Mpa,13.2%,13.2%,9.31%,5.75%,24.9%,27.7%,6.67%,3.84%,7.06%,3.94%
2026-07-10 01:00:00,0.0410 Mpa,0.157 Mpa,0.0220 Mpa,0.0639 Mpa,0.155 Mpa,0.819 Mpa,0.423 Mpa,0.119 Mpa,0.0775 Mpa,0.0610 Mpa,8.41%,9.80%,4.06%,5.99%,10.1%,28.1%,15.4%,5.27%,6.96%,2.24%
2026-07-10 03:00:00,0.0293 Mpa,0.434 Mpa,0.273 Mpa,0.287 Mpa,0.425 Mpa,0.682 Mpa,0.634 Mpa,0.0385 Mpa,0.0983 Mpa,0.154 Mpa,8.21%,16.6%,12.1%,12.3%,19.0%,24.1%,20.1%,5.61%,7.13%,5.32%
2026-07-10 05:00:00,0.132 Mpa,0.139 Mpa,0.158 Mpa,0.276 Mpa,0.201 Mpa,0.205 Mpa,0.177 Mpa,0.0488 Mpa,0.0868 Mpa,0.0411 Mpa,12.7%,8.45%,6.85%,12.1%,13.1%,10.3%,8.54%,3.02%,6.56%,3.05%
2026-07-10 07:00:00,0.279 Mpa,0.161 Mpa,0.125 Mpa,0.757 Mpa,0.130 Mpa,0.211 Mpa,0.230 Mpa,0.0430 Mpa,0.128 Mpa,0.0212 Mpa,15.2%,9.72%,7.13%,25.3%,10.9%,9.85%,10.2%,2.72%,8.07%,2.83%
2026-07-10 09:00:00,0.168 Mpa,0.0774 Mpa,0.124 Mpa,0.197 Mpa,0.132 Mpa,0.187 Mpa,0.126 Mpa,0.0678 Mpa,0.138 Mpa,0.0493 Mpa,14.1%,6.38%,6.75%,11.5%,10.9%,9.25%,7.49%,3.35%,8.49%,4.08%
2026-07-10 11:00:00,0.137 Mpa,0.0880 Mpa,0.479 Mpa,0.0331 Mpa,0.0500 Mpa,0.170 Mpa,0.0755 Mpa,0.0659 Mpa,0.0358 Mpa,0.131 Mpa,11.3%,6.43%,17.4%,4.48%,8.00%,9.40%,6.15%,3.29%,5.51%,5.53%
2026-07-10 13:00:00,0.223 Mpa,0.0838 Mpa,0.0201 Mpa,0.0628 Mpa,0.546 Mpa,0.180 Mpa,0.325 Mpa,0.0778 Mpa,0.149 Mpa,0.204 Mpa,13.4%,6.93%,3.40%,5.39%,21.9%,9.36%,12.7%,3.41%,9.14%,7.71%
2026-07-10 15:00:00,0.125 Mpa,0.0358 Mpa,0.0892 Mpa,0.205 Mpa,0.0970 Mpa,0.722 Mpa,0.704 Mpa,0.209 Mpa,0.0810 Mpa,0.0332 Mpa,11.2%,4.97%,6.15%,9.57%,8.90%,24.3%,22.4%,7.07%,6.47%,3.15%
2026-07-10 17:00:00,0.0621 Mpa,0.0485 Mpa,0.0476 Mpa,0.132 Mpa,0.130 Mpa,0.856 Mpa,0.535 Mpa,0.171 Mpa,0.0529 Mpa,0.103 Mpa,17.2%,6.05%,4.65%,7.82%,8.86%,28.1%,18.1%,6.79%,6.04%,3.92%
2026-07-10 19:00:00,0.0813 Mpa,,0.0936 Mpa,0.213 Mpa,0.0946 Mpa,0.161 Mpa,2.59 Mpa,0.121 Mpa,0.0150 Mpa,0.0126 Mpa,9.79%,,6.80%,10.6%,7.42%,8.23%,71.9%,5.60%,5.11%,0.802%
2026-07-10 21:00:00,0.0675 Mpa,0.783 Mpa,0.0783 Mpa,0.433 Mpa,0.159 Mpa,0.139 Mpa,0.269 Mpa,0.303 Mpa,0.0339 Mpa,0.0612 Mpa,9.54%,25.6%,6.71%,17.1%,9.77%,8.33%,11.0%,10.1%,5.29%,2.89%
2026-07-10 23:00:00,0.139 Mpa,0.0741 Mpa,0.246 Mpa,0.0889 Mpa,0.0522 Mpa,0.448 Mpa,0.152 Mpa,0.0467 Mpa,0.103 Mpa,0.115 Mpa,11.2%,7.56%,14.2%,7.10%,7.53%,18.0%,8.03%,3.16%,7.22%,4.88%
2026-07-11 01:00:00,0.0970 Mpa,0.0424 Mpa,0.0605 Mpa,0.0785 Mpa,0.562 Mpa,0.308 Mpa,0.290 Mpa,0.0920 Mpa,0.0854 Mpa,0.0924 Mpa,10.5%,5.22%,15.5%,6.99%,24.5%,13.0%,11.8%,4.37%,6.73%,3.83%
2026-07-11 03:00:00,0.0299 Mpa,0.183 Mpa,0.0509 Mpa,0.647 Mpa,0.0887 Mpa,0.146 Mpa,0.0628 Mpa,0.0220 Mpa,0.0163 Mpa,0.0351 Mpa,8.71%,9.10%,5.77%,21.9%,8.28%,8.53%,5.58%,2.30%,3.74%,5.81%
2026-07-11 05:00:00,0.200 Mpa,0.0925 Mpa,0.0987 Mpa,0.283 Mpa,0.360 Mpa,0.307 Mpa,0.0563 Mpa,0.141 Mpa,0.0509 Mpa,0.113 Mpa,12.6%,6.75%,7.33%,11.5%,18.8%,25.8%,5.49%,5.80%,6.16%,3.63%
2026-07-11 07:00:00,0.120 Mpa,0.103 Mpa,0.0733 Mpa,0.360 Mpa,0.199 Mpa,0.318 Mpa,0.0732 Mpa,0.127 Mpa,0.423 Mpa,0.0986 Mpa,10.4%,6.78%,6.81%,14.1%,13.6%,21.8%,5.69%,5.40%,19.5%,3.28%
2026-07-11 09:00:00,0.286 Mpa,0.0544 Mpa,0.0287 Mpa,0.357 Mpa,0.0449 Mpa,0.661 Mpa,0.0356 Mpa,0.293 Mpa,0.0253 Mpa,0.0360 Mpa,15.4%,5.27%,5.15%,14.2%,8.49%,28.6%,5.29%,10.1%,9.90%,1.33%
2026-07-11 11:00:00,0.199 Mpa,0.0637 Mpa,0.0236 Mpa,0.469 Mpa,0.0368 Mpa,0.170 Mpa,0.0676 Mpa,0.130 Mpa,0.131 Mpa,0.160 Mpa,12.4%,5.97%,3.97%,17.1%,8.31%,43.5%,6.03%,5.48%,7.71%,4.83%
2026-07-11 13:00:00,0.300 Mpa,0.137 Mpa,0.00412 Mpa,0.741 Mpa,0.412 Mpa,1.01 Mpa,0.387 Mpa,0.0742 Mpa,0.0892 Mpa,0.0805 Mpa,14.8%,8.24%,3.92%,25.4%,19.9%,50.3%,14.5%,6.03%,6.81%,2.46%
2026-07-11 15:00:00,1.62 Mpa,0.0655 Mpa,0 Mpa,0.243 Mpa,0.0651 Mpa,0.405 Mpa,0.0172 Mpa,0.276 Mpa,0.0529 Mpa,0.0714 Mpa,50.1%,8.13%,7.94%,11.2%,8.31%,22.9%,4.91%,9.48%,5.48%,2.56%
2026-07-11 17:00:00,,0.0630 Mpa,0.467 Mpa,0.805 Mpa,0.0661 Mpa,0.122 Mpa,0.0546 Mpa,0.0750 Mpa,0.0549 Mpa,0.0836 Mpa,,6.57%,23.3%,27.3%,7.61%,19.6%,5.51%,4.25%,4.95%,5.79%
2026-07-11 19:00:00,,0.0666 Mpa,0.0293 Mpa,0.328 Mpa,0.0587 Mpa,0.105 Mpa,0.0702 Mpa,0.288 Mpa,,0.176 Mpa,,5.97%,6.77%,12.9%,8.19%,8.43%,6.23%,9.97%,,6.96%
2026-07-11 21:00:00,0.477 Mpa,0.0513 Mpa,0.0538 Mpa,0.282 Mpa,0.0381 Mpa,0.320 Mpa,0.0632 Mpa,0.126 Mpa,0.0825 Mpa,0.137 Mpa,19.7%,6.20%,5.12%,11.1%,7.51%,23.2%,5.87%,5.21%,5.76%,6.18%
2026-07-11 23:00:00,0 Mpa,0.604 Mpa,0.170 Mpa,0.0475 Mpa,0.0634 Mpa,0.360 Mpa,0.0812 Mpa,0.304 Mpa,0.0747 Mpa,0.0838 Mpa,6.72%,21.2%,22.0%,4.75%,8.28%,30.1%,6.32%,10.3%,5.83%,2.71%
2026-07-12 01:00:00,,0.698 Mpa,0.0713 Mpa,0.218 Mpa,0.104 Mpa,0.0661 Mpa,0.0817 Mpa,0.145 Mpa,0.0385 Mpa,0 Mpa,,25.0%,5.57%,9.96%,10.1%,20.1%,6.47%,6.12%,5.51%,0.208%
2026-07-12 03:00:00,,0.709 Mpa,0.0996 Mpa,0.431 Mpa,0.109 Mpa,0.550 Mpa,0.143 Mpa,0.0852 Mpa,0.0523 Mpa,0.0494 Mpa,,25.8%,7.04%,16.2%,10.9%,20.7%,7.88%,3.86%,5.92%,3.46%
2026-07-12 05:00:00,,0.120 Mpa,0.0560 Mpa,0.0594 Mpa,0.227 Mpa,0.0755 Mpa,0.0892 Mpa,0.0825 Mpa,0.0729 Mpa,0.0672 Mpa,,9.37%,3.69%,4.82%,14.5%,8.88%,6.56%,4.17%,5.86%,3.58%
2026-07-12 07:00:00,,0.662 Mpa,0.0110 Mpa,0.102 Mpa,0.219 Mpa,0.712 Mpa,0.243 Mpa,0.0451 Mpa,0.0708 Mpa,0.134 Mpa,,23.5%,4.01%,6.97%,13.7%,26.6%,10.6%,3.52%,6.60%,4.91%
2026-07-12 09:00:00,,0.0209 Mpa,0.00115 Mpa,0.0952 Mpa,0.143 Mpa,0.164 Mpa,0.0635 Mpa,0.183 Mpa,0.0553 Mpa,0.0323 Mpa,,10.5%,4.63%,7.21%,10.5%,33.9%,5.96%,7.23%,9.04%,1.35%
2026-07-12 11:00:00,,1.13 Mpa,0.0253 Mpa,0.175 Mpa,0.132 Mpa,0.295 Mpa,0.0424 Mpa,0.0332 Mpa,0.147 Mpa,0.119 Mpa,,36.6%,4.59%,9.56%,11.4%,12.9%,5.28%,2.60%,8.12%,4.33%
2026-07-12 13:00:00,,0.0448 Mpa,0.167 Mpa,0.0662 Mpa,0.102 Mpa,0.271 Mpa,0.0482 Mpa,0.0527 Mpa,0.0299 Mpa,0.124 Mpa,,7.26%,7.96%,6.32%,10.3%,11.0%,5.47%,3.27%,6.58%,3.69%
2026-07-12 15:00:00,,0.0343 Mpa,0.0465 Mpa,0.0298 Mpa,0.517 Mpa,0.259 Mpa,0.0617 Mpa,0.0278 Mpa,0.0942 Mpa,0.141 Mpa,,6.53%,5.08%,5.73%,22.9%,11.5%,5.87%,2.70%,7.88%,4.51%
2026-07-12 17:00:00,,0.155 Mpa,0.0397 Mpa,0.0380 Mpa,0.107 Mpa,0.107 Mpa,0.0627 Mpa,0.0791 Mpa,0.0530 Mpa,0.149 Mpa,,8.18%,5.03%,5.73%,9.80%,13.3%,5.77%,3.90%,5.41%,6.34%
2026-07-12 19:00:00,,0.119 Mpa,0.216 Mpa,0.915 Mpa,0.694 Mpa,0.170 Mpa,0.0417 Mpa,0.0564 Mpa,0.109 Mpa,0.157 Mpa,,7.21%,10.0%,30.4%,29.3%,15.8%,5.35%,2.93%,6.97%,6.84%
2026-07-12 21:00:00,,0.243 Mpa,0.147 Mpa,0.394 Mpa,0.231 Mpa,0.219 Mpa,0.114 Mpa,0.0760 Mpa,0.0647 Mpa,0.0185 Mpa,,11.4%,7.73%,14.7%,14.5%,15.8%,7.21%,3.27%,5.76%,2.16%
2026-07-12 23:00:00,,0.194 Mpa,0.0123 Mpa,0.178 Mpa,0.322 Mpa,0.195 Mpa,0.151 Mpa,0.0456 Mpa,0.133 Mpa,0.127 Mpa,,9.07%,12.0%,8.89%,17.7%,10.7%,8.07%,2.60%,7.74%,5.70%
2026-07-13 01:00:00,,0.130 Mpa,0.150 Mpa,0.0845 Mpa,0.120 Mpa,0.475 Mpa,0.299 Mpa,0.0578 Mpa,0.270 Mpa,0.0649 Mpa,,8.28%,8.32%,6.58%,9.76%,24.2%,12.0%,2.94%,12.1%,3.54%
2026-07-13 03:00:00,0.000217 Mpa,0.439 Mpa,0.172 Mpa,0.0720 Mpa,0.110 Mpa,0.500 Mpa,0.0577 Mpa,0.0405 Mpa,0.282 Mpa,0.109 Mpa,7.47%,17.2%,8.65%,5.81%,10.8%,22.1%,5.81%,2.34%,12.0%,4.23%
2026-07-13 05:00:00,0 Mpa,0.463 Mpa,0.108 Mpa,0.105 Mpa,0.240 Mpa,0.151 Mpa,0.111 Mpa,0.130 Mpa,0.347 Mpa,0.0516 Mpa,7.20%,18.1%,7.05%,6.89%,15.0%,10.5%,7.29%,5.23%,14.2%,2.53%
2026-07-13 07:00:00,0 Mpa,0.173 Mpa,0.0633 Mpa,0.888 Mpa,0.280 Mpa,0.140 Mpa,0.0451 Mpa,0.142 Mpa,0.526 Mpa,0.161 Mpa,7.24%,9.38%,4.89%,29.5%,16.4%,17.4%,5.17%,6.18%,18.9%,5.07%
2026-07-13 09:00:00,0.657 Mpa,0.331 Mpa,0.259 Mpa,0.295 Mpa,0.0757 Mpa,0.0347 Mpa,0.0512 Mpa,0.0929 Mpa,0.123 Mpa,0.129 Mpa,24.1%,14.4%,11.1%,12.7%,9.56%,6.64%,5.45%,4.79%,8.68%,4.43%
2026-07-13 11:00:00,0.918 Mpa,0.230 Mpa,0.0918 Mpa,0.965 Mpa,0.155 Mpa,0.0823 Mpa,0.0160 Mpa,0.189 Mpa,0.102 Mpa,0.267 Mpa,31.3%,12.2%,6.23%,31.8%,12.0%,29.9%,4.12%,7.29%,6.63%,8.78%
2026-07-13 13:00:00,1.68 Mpa,0.146 Mpa,0.0948 Mpa,0.0207 Mpa,0.643 Mpa,0.0550 Mpa,0.0897 Mpa,0.0426 Mpa,0.0906 Mpa,0.155 Mpa,53.3%,11.1%,6.00%,4.54%,27.9%,15.8%,6.11%,3.16%,13.9%,6.54%
2026-07-13 15:00:00,0.485 Mpa,0.0889 Mpa,0.117 Mpa,0.0554 Mpa,0.0608 Mpa,0.215 Mpa,0.0255 Mpa,0.689 Mpa,0.0732 Mpa,0.105 Mpa,23.4%,6.75%,6.44%,6.31%,8.93%,22.4%,4.83%,21.7%,5.70%,4.29%
2026-07-13 17:00:00,0.115 Mpa,0.119 Mpa,0.0359 Mpa,0.0621 Mpa,0.0258 Mpa,0.147 Mpa,0.0840 Mpa,0.201 Mpa,0.0423 Mpa,0.180 Mpa,11.3%,7.30%,7.12%,6.68%,7.86%,28.0%,6.09%,7.52%,5.03%,7.61%
2026-07-13 19:00:00,0.0591 Mpa,0.0730 Mpa,0.0944 Mpa,0.211 Mpa,0.231 Mpa,0.374 Mpa,0.286 Mpa,0.194 Mpa,0.146 Mpa,0.117 Mpa,9.09%,6.85%,12.8%,10.6%,14.3%,18.5%,11.9%,10.4%,8.47%,5.25%
2026-07-13 21:00:00,0.0575 Mpa,0.429 Mpa,0.170 Mpa,0.622 Mpa,0.0117 Mpa,0.113 Mpa,0.123 Mpa,0.399 Mpa,0.306 Mpa,0.124 Mpa,9.48%,16.7%,13.1%,22.4%,7.42%,7.68%,7.50%,13.0%,12.8%,5.71%
2026-07-13 23:00:00,0.275 Mpa,0.0989 Mpa,0.377 Mpa,0.135 Mpa,0.0801 Mpa,0.219 Mpa,0.216 Mpa,0.0209 Mpa,0.100 Mpa,0.120 Mpa,14.7%,6.75%,14.6%,8.05%,9.50%,16.1%,9.89%,2.87%,6.54%,5.72%
2026-07-14 01:00:00,0.0247 Mpa,0.290 Mpa,0.257 Mpa,0.422 Mpa,0.0336 Mpa,0.847 Mpa,0.104 Mpa,0.0354 Mpa,0.202 Mpa,0.0424 Mpa,8.33%,12.6%,12.6%,14.9%,8.27%,30.1%,6.91%,2.73%,10.1%,3.36%
2026-07-14 03:00:00,0.0151 Mpa,0.0106 Mpa,0.116 Mpa,0.0380 Mpa,0.0593 Mpa,0.895 Mpa,0.0240 Mpa,0.121 Mpa,0.369 Mpa,0.0231 Mpa,7.64%,3.74%,6.30%,5.20%,8.87%,34.0%,4.99%,4.91%,14.9%,2.72%
2026-07-14 05:00:00,0.0782 Mpa,0.312 Mpa,0.134 Mpa,0.0364 Mpa,0.0688 Mpa,0.0695 Mpa,0.0935 Mpa,0.258 Mpa,0.0866 Mpa,0.0187 Mpa,9.37%,13.2%,7.14%,5.18%,8.96%,11.6%,6.59%,9.35%,6.54%,1.85%
2026-07-14 07:00:00,1.29 Mpa,0.0532 Mpa,0.173 Mpa,0.0814 Mpa,0.0785 Mpa,0.512 Mpa,0.306 Mpa,0.347 Mpa,0.0112 Mpa,0.00267 Mpa,43.1%,5.78%,7.97%,7.47%,9.67%,17.7%,11.7%,12.0%,5.01%,0.996%
2026-07-14 09:00:00,0.601 Mpa,0.295 Mpa,0.323 Mpa,0.0176 Mpa,0.0880 Mpa,0.422 Mpa,0.0234 Mpa,0.0522 Mpa,0.209 Mpa,0.0700 Mpa,23.7%,12.7%,12.8%,5.70%,10.1%,14.4%,4.95%,3.13%,10.9%,3.20%
2026-07-14 11:00:00,0.274 Mpa,0.0713 Mpa,0.0273 Mpa,0.0869 Mpa,0.253 Mpa,0.237 Mpa,0.0276 Mpa,0.0557 Mpa,0.346 Mpa,0.229 Mpa,14.4%,5.24%,4.18%,7.04%,16.0%,11.7%,5.56%,3.12%,13.7%,7.74%
2026-07-14 13:00:00,1.19 Mpa,0.0768 Mpa,0.0439 Mpa,0.146 Mpa,0.0662 Mpa,,0.0922 Mpa,0.0920 Mpa,0.147 Mpa,0.00966 Mpa,39.4%,6.42%,4.78%,8.07%,9.06%,,6.71%,4.23%,8.19%,0.988%
2026-07-14 15:00:00,0.139 Mpa,0.115 Mpa,0.0114 Mpa,0.125 Mpa,1.36 Mpa,0.260 Mpa,0.0926 Mpa,0.131 Mpa,0.399 Mpa,0.00661 Mpa,11.5%,9.01%,4.51%,7.57%,50.6%,11.9%,6.89%,5.46%,15.0%,0.881%
2026-07-14 17:00:00,0.0799 Mpa,0.164 Mpa,0.0206 Mpa,0.272 Mpa,0.424 Mpa,0.0633 Mpa,0.218 Mpa,0.111 Mpa,0.0635 Mpa,0.0233 Mpa,9.65%,9.73%,4.47%,11.0%,21.6%,10.3%,9.86%,4.79%,5.78%,1.70%
2026-07-14 19:00:00,0.146 Mpa,0.0891 Mpa,0.126 Mpa,0.0978 Mpa,0.716 Mpa,0.268 Mpa,0.0213 Mpa,0.0732 Mpa,0.326 Mpa,0.0398 Mpa,12.2%,8.58%,7.97%,6.46%,30.4%,11.4%,5.07%,4.17%,13.8%,2.38%
2026-07-14 21:00:00,0.0423 Mpa,0.370 Mpa,0.190 Mpa,0.0595 Mpa,0.0307 Mpa,0.181 Mpa,0.291 Mpa,0.536 Mpa,0.193 Mpa,0.0445 Mpa,9.44%,16.3%,9.48%,5.75%,8.05%,22.2%,11.8%,17.5%,10.2%,4.77%
2026-07-14 23:00:00,0.0875 Mpa,0.409 Mpa,0.0861 Mpa,0.108 Mpa,0.806 Mpa,0.0230 Mpa,0.0932 Mpa,0.0273 Mpa,0.148 Mpa,0.0112 Mpa,10.6%,17.7%,6.90%,7.41%,29.4%,22.5%,6.83%,2.79%,16.0%,1.97%
2026-07-15 01:00:00,0.302 Mpa,0.163 Mpa,0.197 Mpa,0.00589 Mpa,0.145 Mpa,0.496 Mpa,0.0659 Mpa,0.149 Mpa,0.130 Mpa,0.0699 Mpa,15.0%,9.25%,8.96%,4.75%,11.1%,18.9%,5.99%,6.06%,8.14%,4.16%
2026-07-15 03:00:00,0.0118 Mpa,0.0830 Mpa,0.0550 Mpa,0.0971 Mpa,0.754 Mpa,0.773 Mpa,0.214 Mpa,0.0753 Mpa,0.176 Mpa,0.574 Mpa,8.22%,7.11%,5.18%,7.04%,30.4%,47.9%,10.1%,4.33%,13.3%,17.0%
2026-07-15 05:00:00,0.0748 Mpa,0.112 Mpa,0.0597 Mpa,0.149 Mpa,0.379 Mpa,0.153 Mpa,0.303 Mpa,0.0689 Mpa,0.0914 Mpa,0.140 Mpa,9.88%,8.15%,5.29%,8.52%,19.0%,7.01%,12.2%,4.06%,7.39%,4.47%
2026-07-15 07:00:00,0.780 Mpa,0.00707 Mpa,0.0883 Mpa,0.250 Mpa,0.608 Mpa,1.01 Mpa,0.102 Mpa,0.0732 Mpa,0.234 Mpa,0.0711 Mpa,32.7%,4.19%,6.02%,12.0%,27.7%,33.6%,6.86%,3.98%,10.9%,2.84%
2026-07-15 09:00:00,0.0444 Mpa,0.0246 Mpa,0.0862 Mpa,0.244 Mpa,0.562 Mpa,0.328 Mpa,0.0581 Mpa,0.0652 Mpa,0.00582 Mpa,0.126 Mpa,9.23%,4.19%,6.04%,11.2%,26.2%,13.6%,5.19%,3.35%,5.20%,4.64%
2026-07-15 11:00:00,0.145 Mpa,0.102 Mpa,0.174 Mpa,0.107 Mpa,0.351 Mpa,,0.0634 Mpa,0.0823 Mpa,0.171 Mpa,0.261 Mpa,12.2%,6.57%,8.57%,7.06%,18.4%,,5.86%,3.97%,9.60%,8.33%
2026-07-15 13:00:00,0.0686 Mpa,0.154 Mpa,0.0943 Mpa,0.0152 Mpa,0.333 Mpa,0.336 Mpa,0.0982 Mpa,0.106 Mpa,0.00650 Mpa,0.0775 Mpa,9.58%,7.91%,6.27%,4.18%,17.6%,15.2%,6.73%,4.34%,3.69%,2.84%
2026-07-15 15:00:00,0.219 Mpa,0.0388 Mpa,0.0976 Mpa,0.558 Mpa,0.406 Mpa,0.461 Mpa,0.0566 Mpa,0.157 Mpa,0.00438 Mpa,0.0426 Mpa,13.9%,4.17%,6.22%,20.0%,20.2%,17.9%,5.65%,6.89%,4.96%,1.86%
2026-07-15 17:00:00,0.0261 Mpa,0.0614 Mpa,0.0454 Mpa,1.50 Mpa,0.109 Mpa,0.187 Mpa,0.0354 Mpa,0.0615 Mpa,0.0955 Mpa,0.124 Mpa,7.64%,6.64%,4.59%,47.4%,11.5%,16.3%,5.17%,3.78%,7.33%,4.39%
2026-07-15 19:00:00,0.0418 Mpa,0.139 Mpa,0.0681 Mpa,0.0781 Mpa,0.122 Mpa,0.298 Mpa,0.153 Mpa,0.0815 Mpa,0.166 Mpa,0.725 Mpa,7.96%,9.94%,5.64%,6.64%,11.3%,14.4%,8.19%,4.10%,10.0%,21.4%
2026-07-15 21:00:00,0.119 Mpa,0.0301 Mpa,0.0470 Mpa,0.104 Mpa,0.0791 Mpa,0.124 Mpa,0.0656 Mpa,0.0425 Mpa,0.274 Mpa,0.225 Mpa,10.4%,4.72%,5.42%,7.08%,9.82%,28.7%,5.75%,3.73%,12.5%,7.28%
2026-07-15 23:00:00,0.131 Mpa,0.00336 Mpa,0.0990 Mpa,0.104 Mpa,0.855 Mpa,0.316 Mpa,0.0692 Mpa,0.0677 Mpa,0.0387 Mpa,0.304 Mpa,10.6%,4.35%,6.92%,6.58%,30.5%,31.4%,5.89%,4.29%,12.1%,8.74%
2026-07-16 01:00:00,0.00508 Mpa,0.0524 Mpa,0.203 Mpa,0.179 Mpa,0.152 Mpa,0.0824 Mpa,0.147 Mpa,0.0842 Mpa,0.0809 Mpa,0.290 Mpa,7.60%,4.51%,7.72%,9.20%,11.7%,12.3%,7.98%,4.14%,6.95%,8.58%
2026-07-16 03:00:00,0.106 Mpa,0.00862 Mpa,0.210 Mpa,0.0644 Mpa,0.112 Mpa,0.133 Mpa,0.0983 Mpa,0.0678 Mpa,0.0391 Mpa,0.0689 Mpa,9.75%,4.30%,9.53%,6.39%,11.0%,8.51%,7.05%,10.4%,10.7%,2.96%
2026-07-16 05:00:00,0.0714 Mpa,0.119 Mpa,0.180 Mpa,0.0596 Mpa,0.163 Mpa,0.0752 Mpa,0.130 Mpa,0.0868 Mpa,0.0699 Mpa,0.0459 Mpa,9.05%,8.13%,8.95%,6.00%,11.7%,13.3%,7.61%,4.45%,6.73%,2.58%
2026-07-16 07:00:00,0.0617 Mpa,0.0719 Mpa,0.0556 Mpa,0.113 Mpa,0.840 Mpa,0.295 Mpa,0.0718 Mpa,0.0920 Mpa,0.228 Mpa,0.0420 Mpa,9.17%,7.16%,5.51%,7.01%,31.0%,12.7%,6.38%,5.16%,10.3%,2.28%
2026-07-16 09:00:00,0.0198 Mpa,0.110 Mpa,0.0322 Mpa,0.118 Mpa,0.738 Mpa,0.621 Mpa,0.0117 Mpa,0.195 Mpa,0.217 Mpa,0.224 Mpa,7.84%,7.45%,4.37%,7.81%,27.4%,22.7%,4.60%,7.67%,10.5%,6.73%
2026-07-16 11:00:00,0.237 Mpa,0.152 Mpa,0.0862 Mpa,0.158 Mpa,0.131 Mpa,0.102 Mpa,0.0836 Mpa,0.305 Mpa,0.182 Mpa,0.128 Mpa,13.8%,7.55%,5.78%,9.34%,8.35%,7.27%,6.35%,10.8%,9.11%,4.43%
2026-07-16 13:00:00,0.135 Mpa,0.0413 Mpa,0.0939 Mpa,0.186 Mpa,1.53 Mpa,0.125 Mpa,0.148 Mpa,0.329 Mpa,0.111 Mpa,0.953 Mpa,11.6%,4.39%,6.25%,9.94%,55.4%,8.12%,7.52%,11.2%,6.88%,27.2%
2026-07-16 15:00:00,0.104 Mpa,0.136 Mpa,0.0490 Mpa,0.402 Mpa,0.340 Mpa,0.445 Mpa,0.115 Mpa,0.0151 Mpa,0.0982 Mpa,0.136 Mpa,10.6%,7.89%,5.28%,15.6%,14.1%,16.4%,7.34%,2.22%,6.89%,5.38%
2026-07-16 17:00:00,0.178 Mpa,0.0354 Mpa,0.722 Mpa,0.0563 Mpa,0.200 Mpa,0.398 Mpa,0.107 Mpa,0.0361 Mpa,0.0936 Mpa,0.0518 Mpa,12.4%,5.11%,25.5%,5.67%,13.2%,15.5%,7.01%,3.09%,7.31%,2.23%
2026-07-16 19:00:00,0.0784 Mpa,0.151 Mpa,0.0862 Mpa,0.0969 Mpa,0.429 Mpa,0.0493 Mpa,0.0437 Mpa,0.111 Mpa,0.112 Mpa,0.0487 Mpa,9.55%,8.13%,6.10%,6.93%,21.0%,4.10%,5.14%,4.18%,7.98%,2.00%
2026-07-16 21:00:00,0.0902 Mpa,0.0295 Mpa,0.109 Mpa,0.0895 Mpa,0.322 Mpa,0.710 Mpa,0.0560 Mpa,0.678 Mpa,0.146 Mpa,0.0335 Mpa,10.0%,4.10%,6.81%,7.09%,16.0%,25.4%,4.80%,20.3%,8.34%,2.18%
2026-07-16 23:00:00,0.551 Mpa,0.125 Mpa,0.0214 Mpa,0.130 Mpa,0.363 Mpa,0.286 Mpa,0.160 Mpa,0.208 Mpa,0.171 Mpa,0.0798 Mpa,22.0%,8.49%,4.02%,7.89%,19.2%,13.2%,7.85%,7.55%,9.37%,3.80%
2026-07-17 01:00:00,0.119 Mpa,0.176 Mpa,0.0367 Mpa,0.221 Mpa,0.506 Mpa,0.345 Mpa,0.243 Mpa,0.752 Mpa,0.201 Mpa,0.0226 Mpa,11.2%,8.44%,4.70%,10.9%,23.8%,14.2%,9.86%,22.6%,9.62%,1.40%
2026-07-17 03:00:00,0.0363 Mpa,0.0999 Mpa,0.0139 Mpa,0.0112 Mpa,0.466 Mpa,0.115 Mpa,0.147 Mpa,0.0619 Mpa,0.0644 Mpa,0.0273 Mpa,8.74%,6.44%,2.61%,4.18%,23.3%,8.22%,7.44%,3.15%,6.59%,1.41%
2026-07-17 05:00:00,0.0708 Mpa,0.0554 Mpa,,0.0656 Mpa,0.185 Mpa,0.475 Mpa,0.165 Mpa,0.0352 Mpa,0.129 Mpa,0.0984 Mpa,9.58%,6.11%,,5.37%,13.9%,18.1%,8.16%,2.84%,8.32%,3.66%
2026-07-17 07:00:00,0.139 Mpa,0.0859 Mpa,,0.141 Mpa,0.889 Mpa,0.0635 Mpa,0.131 Mpa,0.0124 Mpa,0.145 Mpa,0.103 Mpa,11.3%,6.48%,,7.25%,30.1%,5.95%,7.63%,1.92%,8.19%,3.68%
2026-07-17 09:00:00,0.124 Mpa,0.110 Mpa,,0.0741 Mpa,0.310 Mpa,0.226 Mpa,0.154 Mpa,0.0802 Mpa,0.111 Mpa,0.0872 Mpa,11.0%,7.08%,,5.51%,15.2%,10.8%,7.55%,4.10%,7.32%,3.48%
2026-07-17 11:00:00,0.180 Mpa,0.148 Mpa,,0.108 Mpa,0.314 Mpa,0.382 Mpa,0.0554 Mpa,0.113 Mpa,0.183 Mpa,0.0636 Mpa,12.3%,9.04%,,7.07%,15.3%,15.3%,5.63%,5.32%,8.64%,2.62%
2026-07-17 13:00:00,0.585 Mpa,0.0442 Mpa,,0.0153 Mpa,0.305 Mpa,0.0361 Mpa,0.0339 Mpa,0.0565 Mpa,0.159 Mpa,0.0743 Mpa,21.8%,6.67%,,4.58%,15.1%,4.93%,4.62%,3.36%,8.69%,2.78%
2026-07-17 15:00:00,0.0668 Mpa,0.107 Mpa,,0.0972 Mpa,0.256 Mpa,0.121 Mpa,0.0131 Mpa,0.180 Mpa,0.0569 Mpa,0.0472 Mpa,9.46%,9.71%,,6.78%,13.9%,7.91%,4.34%,7.02%,5.96%,1.91%
2026-07-17 17:00:00,0.0732 Mpa,0.0403 Mpa,0 Mpa,0.0756 Mpa,0.0839 Mpa,0.260 Mpa,0.219 Mpa,0.123 Mpa,0.114 Mpa,0.155 Mpa,9.80%,6.26%,4.35%,6.77%,9.80%,11.1%,9.80%,5.07%,7.37%,5.17%
2026-07-17 19:00:00,0.0930 Mpa,0.287 Mpa,,0.0976 Mpa,0.816 Mpa,0.125 Mpa,0.235 Mpa,0.183 Mpa,0.150 Mpa,0.0615 Mpa,10.2%,12.0%,,7.46%,33.5%,6.74%,8.98%,7.00%,8.64%,2.70%
2026-07-17 21:00:00,0.142 Mpa,0.220 Mpa,0.000500 Mpa,0.00297 Mpa,1.04 Mpa,0.401 Mpa,0.162 Mpa,0.0972 Mpa,0.0350 Mpa,0.0349 Mpa,11.3%,11.1%,4.43%,4.44%,41.2%,14.3%,7.86%,4.49%,5.60%,2.01%
2026-07-17 23:00:00,0.305 Mpa,0.0638 Mpa,0.00126 Mpa,0.0410 Mpa,0.915 Mpa,0.469 Mpa,0.0768 Mpa,0.0465 Mpa,0.143 Mpa,0.0778 Mpa,15.6%,6.23%,4.40%,5.33%,36.7%,17.8%,5.81%,3.38%,8.65%,3.78%
2026-07-18 01:00:00,0.0848 Mpa,0.0580 Mpa,0.804 Mpa,0.201 Mpa,0.336 Mpa,0.272 Mpa,0.184 Mpa,0.0349 Mpa,0.244 Mpa,0.0146 Mpa,9.69%,5.86%,25.6%,9.66%,17.8%,12.7%,9.21%,3.01%,11.5%,6.63%
2026-07-18 03:00:00,0.115 Mpa,0.158 Mpa,0.319 Mpa,0.0984 Mpa,1.49 Mpa,0.162 Mpa,0.000522 Mpa,0.0361 Mpa,0.161 Mpa,0.0705 Mpa,10.4%,8.88%,12.6%,7.01%,54.7%,7.27%,4.39%,2.62%,8.96%,3.88%
2026-07-18 05:00:00,0.114 Mpa,0.0681 Mpa,0.499 Mpa,0.257 Mpa,0.253 Mpa,0.515 Mpa,,0.0956 Mpa,0.189 Mpa,0.0504 Mpa,10.2%,6.08%,17.2%,11.0%,14.3%,19.3%,,4.12%,9.83%,2.59%
2026-07-18 07:00:00,0.138 Mpa,0.182 Mpa,0.424 Mpa,0.211 Mpa,0.247 Mpa,0.216 Mpa,,0.403 Mpa,0.151 Mpa,0.138 Mpa,10.1%,10.1%,15.7%,9.93%,15.4%,9.69%,,13.4%,8.50%,6.14%
2026-07-18 09:00:00,0.134 Mpa,0.655 Mpa,0.0715 Mpa,0.0854 Mpa,0.444 Mpa,0.0996 Mpa,,0.143 Mpa,0.189 Mpa,0.0299 Mpa,9.04%,23.3%,9.31%,6.45%,21.3%,6.74%,,5.64%,9.19%,3.57%
2026-07-18 11:00:00,0.125 Mpa,0.0824 Mpa,0.0795 Mpa,0.108 Mpa,0.534 Mpa,0.136 Mpa,0.00871 Mpa,0.0519 Mpa,0.0800 Mpa,0.0958 Mpa,8.99%,7.37%,5.69%,7.20%,23.3%,7.36%,6.62%,3.28%,6.29%,5.88%
2026-07-18 13:00:00,0.0497 Mpa,0.129 Mpa,0.0509 Mpa,0.135 Mpa,0.0653 Mpa,0.157 Mpa,,0.0754 Mpa,0.0547 Mpa,0.119 Mpa,6.71%,8.81%,4.80%,7.80%,9.38%,7.18%,,3.37%,5.40%,4.28%
2026-07-18 15:00:00,0.111 Mpa,0.239 Mpa,0.0457 Mpa,0.120 Mpa,0.744 Mpa,0.119 Mpa,,0.172 Mpa,0.0811 Mpa,0.00491 Mpa,8.42%,10.9%,13.0%,7.65%,28.3%,5.91%,,6.65%,6.45%,0.996%
2026-07-18 17:00:00,0.422 Mpa,0.0830 Mpa,0.144 Mpa,0.130 Mpa,0.211 Mpa,0.164 Mpa,,0.207 Mpa,0.202 Mpa,0.0665 Mpa,18.0%,6.52%,8.01%,7.71%,14.5%,8.42%,,7.94%,9.68%,3.45%
2026-07-18 19:00:00,0.992 Mpa,0.0444 Mpa,0.0917 Mpa,0.00656 Mpa,0.0876 Mpa,0.236 Mpa,,0.0459 Mpa,0.402 Mpa,0.107 Mpa,33.5%,5.95%,7.02%,3.40%,9.57%,10.5%,,3.56%,16.3%,3.99%
2026-07-18 21:00:00,1.65 Mpa,0.0243 Mpa,0.137 Mpa,0.0672 Mpa,0.0663 Mpa,0.260 Mpa,,0.114 Mpa,0.0842 Mpa,0.0451 Mpa,58.5%,6.00%,7.97%,5.47%,9.26%,12.0%,,5.22%,6.71%,2.60%
2026-07-18 23:00:00,0.129 Mpa,0.0786 Mpa,0.620 Mpa,0.0486 Mpa,0.0535 Mpa,0.0520 Mpa,,0.259 Mpa,0.150 Mpa,0.0540 Mpa,11.3%,7.59%,22.0%,5.53%,8.55%,5.79%,,9.95%,8.75%,2.36%
2026-07-19 01:00:00,0.0562 Mpa,0.0886 Mpa,,0.0474 Mpa,0.259 Mpa,0.0715 Mpa,0.0278 Mpa,0.0611 Mpa,0.275 Mpa,0.0694 Mpa,9.23%,8.21%,,5.54%,15.5%,7.11%,4.47%,3.81%,12.3%,3.17%
2026-07-19 03:00:00,0.171 Mpa,0.123 Mpa,,0.104 Mpa,0.0719 Mpa,0.0749 Mpa,0.298 Mpa,0.0567 Mpa,0.124 Mpa,0.140 Mpa,12.2%,7.89%,,7.20%,9.50%,6.46%,11.9%,5.66%,7.96%,6.70%
2026-07-19 05:00:00,0.0806 Mpa,0.166 Mpa,0.781 Mpa,0.466 Mpa,0.0493 Mpa,0.0534 Mpa,0.0816 Mpa,0.0408 Mpa,0.102 Mpa,0.0379 Mpa,9.78%,10.7%,26.5%,18.5%,7.62%,5.73%,6.12%,3.04%,7.21%,2.94%
2026-07-19 07:00:00,0.0509 Mpa,0.104 Mpa,0.547 Mpa,0.0473 Mpa,0.0693 Mpa,0.0970 Mpa,0.0831 Mpa,0.0168 Mpa,0.140 Mpa,0.150 Mpa,8.83%,7.87%,19.1%,6.36%,9.08%,7.27%,6.15%,1.88%,8.91%,6.32%
2026-07-19 09:00:00,0.0497 Mpa,0.108 Mpa,0.481 Mpa,0.00642 Mpa,0.0503 Mpa,0.121 Mpa,0.125 Mpa,0.149 Mpa,0.0827 Mpa,0.0346 Mpa,8.90%,8.36%,17.2%,9.18%,12.3%,7.76%,7.06%,5.79%,6.60%,2.68%
2026-07-19 11:00:00,0.0749 Mpa,0.105 Mpa,0.844 Mpa,0.0337 Mpa,0.216 Mpa,0.111 Mpa,0.252 Mpa,0.0961 Mpa,0.0798 Mpa,0.162 Mpa,9.61%,9.41%,36.7%,5.10%,14.7%,7.29%,10.3%,4.61%,7.28%,6.18%
2026-07-19 13:00:00,0.129 Mpa,0.0834 Mpa,0.0519 Mpa,0.147 Mpa,1.34 Mpa,0.0594 Mpa,0.119 Mpa,0.0960 Mpa,0.0616 Mpa,0.0874 Mpa,10.9%,7.82%,11.6%,8.40%,59.6%,6.28%,7.14%,4.36%,6.55%,4.23%
2026-07-19 15:00:00,0.253 Mpa,0.00247 Mpa,0.405 Mpa,0.0923 Mpa,0.0782 Mpa,0.0928 Mpa,0.0323 Mpa,0.115 Mpa,0.568 Mpa,0.00605 Mpa,14.4%,5.82%,16.0%,6.87%,9.96%,7.05%,4.74%,4.43%,20.1%,1.47%
2026-07-19 17:00:00,0.293 Mpa,0.168 Mpa,0.0451 Mpa,0.385 Mpa,0.117 Mpa,0.0587 Mpa,0.102 Mpa,0.0816 Mpa,0.478 Mpa,0.0422 Mpa,14.8%,10.9%,5.18%,15.3%,10.4%,5.80%,6.78%,3.96%,18.0%,3.01%
2026-07-19 19:00:00,0.0987 Mpa,0.143 Mpa,0.0706 Mpa,0.0572 Mpa,0.0677 Mpa,0.0968 Mpa,0.0121 Mpa,0.0652 Mpa,0.342 Mpa,0.386 Mpa,9.60%,8.49%,5.21%,5.80%,8.02%,6.83%,4.35%,3.73%,14.0%,11.7%
2026-07-19 21:00:00,0.0393 Mpa,0.0960 Mpa,0.175 Mpa,0.0748 Mpa,0.325 Mpa,0.384 Mpa,0.0146 Mpa,0.0906 Mpa,0.315 Mpa,0.0317 Mpa,8.40%,9.06%,9.24%,6.64%,13.2%,15.0%,4.27%,5.77%,12.9%,1.76%
2026-07-19 23:00:00,0.0722 Mpa,0.148 Mpa,0.145 Mpa,0.135 Mpa,0.175 Mpa,0.240 Mpa,0.161 Mpa,0.0556 Mpa,0.224 Mpa,0.140 Mpa,9.18%,10.0%,9.60%,8.56%,13.0%,10.8%,8.03%,3.72%,10.8%,4.99%
2026-07-20 01:00:00,0.0202 Mpa,0.125 Mpa,0.00984 Mpa,0.154 Mpa,0.436 Mpa,0.318 Mpa,0.280 Mpa,0.267 Mpa,0.239 Mpa,0.155 Mpa,7.80%,9.15%,4.83%,9.37%,20.2%,13.6%,11.2%,10.1%,10.8%,7.40%
2026-07-20 03:00:00,0.307 Mpa,0.147 Mpa,0.0930 Mpa,0.0303 Mpa,0.0381 Mpa,0.245 Mpa,0.164 Mpa,0.0478 Mpa,0.352 Mpa,0.0198 Mpa,15.2%,9.74%,6.58%,5.87%,8.14%,12.0%,7.97%,3.86%,14.1%,5.68%
2026-07-20 05:00:00,0.0492 Mpa,0.318 Mpa,0.0688 Mpa,0.0521 Mpa,0.0325 Mpa,0.309 Mpa,0.0696 Mpa,,0.236 Mpa,0.131 Mpa,8.87%,13.9%,9.94%,6.16%,8.94%,12.4%,5.72%,,10.9%,4.98%
2026-07-20 07:00:00,0.125 Mpa,0.178 Mpa,0.0588 Mpa,0.0385 Mpa,0.440 Mpa,0.576 Mpa,0.0475 Mpa,,0.0852 Mpa,0.0197 Mpa,10.7%,9.74%,8.07%,5.37%,21.3%,20.1%,5.27%,,6.22%,2.75%
2026-07-20 09:00:00,0.268 Mpa,0.231 Mpa,0.0829 Mpa,0.0468 Mpa,0.112 Mpa,0.179 Mpa,0.0858 Mpa,0.806 Mpa,0.328 Mpa,0.0245 Mpa,14.7%,10.8%,16.1%,5.33%,10.8%,8.56%,6.39%,23.6%,13.6%,2.08%
2026-07-20 11:00:00,0.375 Mpa,0.0996 Mpa,0.0794 Mpa,0.196 Mpa,0.159 Mpa,0.540 Mpa,0.0899 Mpa,0.204 Mpa,0.428 Mpa,0.0526 Mpa,17.6%,6.84%,6.20%,10.1%,13.5%,18.7%,6.48%,7.45%,16.4%,3.14%
2026-07-20 13:00:00,0.144 Mpa,0.00273 Mpa,0.0744 Mpa,0 Mpa,0.0992 Mpa,0.183 Mpa,0.0807 Mpa,0.0341 Mpa,0.111 Mpa,0.238 Mpa,10.6%,4.27%,19.7%,5.31%,12.0%,7.62%,6.36%,3.35%,7.44%,8.15%
2026-07-20 15:00:00,0.233 Mpa,0.331 Mpa,0.972 Mpa,0.281 Mpa,0.378 Mpa,0.174 Mpa,1.30 Mpa,0.105 Mpa,0.196 Mpa,0.103 Mpa,13.5%,14.6%,33.0%,13.3%,22.2%,9.59%,37.2%,5.12%,9.71%,4.55%
2026-07-20 17:00:00,,0.0907 Mpa,,0.0556 Mpa,0.0137 Mpa,0.640 Mpa,0.605 Mpa,0.0569 Mpa,0.219 Mpa,0.249 Mpa,,7.95%,,6.38%,5.06%,24.5%,19.6%,3.36%,10.3%,8.17%
2026-07-20 19:00:00,0.101 Mpa,0.0864 Mpa,0.662 Mpa,0.0269 Mpa,0.737 Mpa,0.157 Mpa,0.650 Mpa,0.0184 Mpa,0.219 Mpa,0.0226 Mpa,10.2%,8.63%,20.1%,5.37%,26.4%,8.87%,20.6%,2.64%,10.2%,1.53%
2026-07-20 21:00:00,0.105 Mpa,0.0839 Mpa,0.162 Mpa,0.122 Mpa,0.694 Mpa,0.213 Mpa,0.432 Mpa,0.671 Mpa,1.12 Mpa,0.107 Mpa,10.2%,8.36%,8.87%,7.53%,24.2%,9.46%,15.1%,21.3%,36.3%,4.25%
2026-07-20 23:00:00,0.157 Mpa,0.0378 Mpa,0.130 Mpa,0.0666 Mpa,0.0701 Mpa,0.320 Mpa,0.161 Mpa,0.110 Mpa,0.0102 Mpa,0.0190 Mpa,13.6%,7.59%,7.52%,6.01%,7.80%,13.1%,8.32%,5.03%,4.67%,1.08%
2026-07-21 01:00:00,0.207 Mpa,0.0389 Mpa,0.0321 Mpa,0.0487 Mpa,0.131 Mpa,0.135 Mpa,0.326 Mpa,0.0516 Mpa,0.0704 Mpa,0.0575 Mpa,22.4%,7.23%,3.62%,5.72%,11.9%,8.71%,12.6%,3.13%,7.08%,2.48%
2026-07-21 03:00:00,0.142 Mpa,0.251 Mpa,0.0236 Mpa,0.0612 Mpa,0.211 Mpa,0.127 Mpa,0.0777 Mpa,0.0867 Mpa,0.180 Mpa,0.159 Mpa,11.2%,13.4%,5.14%,6.15%,14.1%,8.08%,6.13%,4.13%,9.98%,6.66%
2026-07-21 05:00:00,0.0782 Mpa,0.151 Mpa,0.175 Mpa,0.0650 Mpa,0.148 Mpa,0.0577 Mpa,0.0198 Mpa,0.0797 Mpa,0.0875 Mpa,0.0600 Mpa,9.28%,11.8%,9.60%,6.37%,11.8%,8.02%,4.73%,3.99%,6.92%,2.88%
2026-07-21 07:00:00,0.0504 Mpa,0.0514 Mpa,0.185 Mpa,0.0206 Mpa,0.0412 Mpa,0.776 Mpa,0.0723 Mpa,0.0715 Mpa,0.0460 Mpa,0.0242 Mpa,6.40%,7.71%,9.71%,29.7%,8.45%,38.2%,5.60%,4.23%,5.46%,1.87%
2026-07-21 09:00:00,0.125 Mpa,0.0838 Mpa,0.156 Mpa,0.0267 Mpa,0.0572 Mpa,0.201 Mpa,0.538 Mpa,0.0129 Mpa,0.276 Mpa,0.00321 Mpa,9.93%,7.92%,8.45%,4.88%,8.40%,10.3%,17.7%,2.27%,12.6%,0.733%
2026-07-21 11:00:00,0.0918 Mpa,0.117 Mpa,0.0637 Mpa,0.0598 Mpa,0.000243 Mpa,0.109 Mpa,0.381 Mpa,0.0436 Mpa,0.0922 Mpa,0.152 Mpa,9.40%,9.75%,7.49%,5.26%,7.73%,5.11%,12.7%,3.10%,6.80%,5.61%
2026-07-21 13:00:00,0.0795 Mpa,0.248 Mpa,0.177 Mpa,0.0334 Mpa,0.568 Mpa,0.0552 Mpa,0.668 Mpa,0.0473 Mpa,0.222 Mpa,0.240 Mpa,9.24%,13.5%,8.94%,5.03%,22.9%,4.04%,21.3%,2.97%,10.4%,7.83%
2026-07-21 15:00:00,0.0793 Mpa,0.197 Mpa,0.0601 Mpa,0.0293 Mpa,0.0867 Mpa,0.172 Mpa,0.0194 Mpa,0.0923 Mpa,0.0807 Mpa,0.0121 Mpa,9.70%,10.3%,5.38%,9.42%,9.81%,19.5%,4.36%,4.25%,6.24%,1.09%
2026-07-21 17:00:00,0.104 Mpa,0.0537 Mpa,0.0190 Mpa,0.0637 Mpa,0.277 Mpa,0.0761 Mpa,0.227 Mpa,0.0906 Mpa,0.0736 Mpa,0.137 Mpa,10.7%,6.18%,12.0%,6.30%,14.5%,17.5%,9.69%,4.39%,5.99%,5.83%
2026-07-21 19:00:00,0.0336 Mpa,0.968 Mpa,0.0623 Mpa,0.0207 Mpa,0.155 Mpa,0.176 Mpa,0.431 Mpa,0.0571 Mpa,0.180 Mpa,0.0380 Mpa,8.53%,32.1%,24.5%,5.48%,13.2%,8.44%,15.0%,2.96%,9.08%,2.87%
2026-07-21 21:00:00,0.0385 Mpa,0.234 Mpa,0.250 Mpa,0.0211 Mpa,0.352 Mpa,0.0973 Mpa,0.164 Mpa,0.0397 Mpa,0.0552 Mpa,0.0119 Mpa,8.23%,11.7%,13.0%,5.26%,19.5%,5.75%,8.43%,2.41%,5.29%,2.27%
2026-07-21 23:00:00,0.0658 Mpa,0.491 Mpa,0.0776 Mpa,,0.0154 Mpa,0.111 Mpa,0.304 Mpa,0.0537 Mpa,0.117 Mpa,0.291 Mpa,8.73%,18.4%,5.71%,,8.56%,6.33%,12.0%,2.77%,7.63%,8.81%
2026-07-22 01:00:00,0.0895 Mpa,0.412 Mpa,0.288 Mpa,0.0274 Mpa,0.0254 Mpa,0.597 Mpa,0.109 Mpa,0.166 Mpa,0.0366 Mpa,0.162 Mpa,9.46%,17.0%,31.4%,4.74%,8.38%,21.9%,6.68%,5.98%,4.12%,6.02%
2026-07-22 03:00:00,0.0670 Mpa,0.297 Mpa,0.0138 Mpa,0.124 Mpa,0.0172 Mpa,0.209 Mpa,0.168 Mpa,0.0321 Mpa,0.0824 Mpa,0.0500 Mpa,9.18%,13.9%,7.30%,7.22%,7.66%,10.1%,8.34%,2.26%,5.75%,2.63%
2026-07-22 05:00:00,0.0393 Mpa,0.243 Mpa,0.113 Mpa,0.0455 Mpa,0.0480 Mpa,0.319 Mpa,0.0955 Mpa,0.0738 Mpa,0.0529 Mpa,0.168 Mpa,8.86%,12.6%,8.11%,4.66%,9.24%,21.2%,6.35%,3.84%,4.58%,6.26%
2026-07-22 07:00:00,0.0645 Mpa,0.0290 Mpa,0.112 Mpa,0.0284 Mpa,0.253 Mpa,0.302 Mpa,0.0929 Mpa,0.0393 Mpa,0.265 Mpa,0.388 Mpa,8.13%,7.27%,6.87%,3.34%,15.9%,13.7%,5.97%,3.12%,11.2%,12.4%
2026-07-22 09:00:00,0.0938 Mpa,0.177 Mpa,0.0821 Mpa,0.0682 Mpa,0.377 Mpa,0.0376 Mpa,0.266 Mpa,0.0376 Mpa,0.414 Mpa,0.0850 Mpa,9.60%,11.0%,6.35%,5.71%,19.1%,37.1%,11.0%,3.03%,19.7%,3.76%
2026-07-22 11:00:00,0.209 Mpa,0.538 Mpa,0.108 Mpa,0.0608 Mpa,0.496 Mpa,0.224 Mpa,0.101 Mpa,0.0418 Mpa,0.223 Mpa,0.153 Mpa,14.5%,20.0%,6.46%,5.34%,24.0%,22.0%,6.27%,3.10%,15.5%,5.77%
2026-07-22 13:00:00,0.179 Mpa,0.0622 Mpa,0.104 Mpa,0.0290 Mpa,0.233 Mpa,0.0232 Mpa,0.201 Mpa,0.0786 Mpa,0.0627 Mpa,,13.1%,5.41%,7.18%,5.26%,14.6%,23.7%,9.13%,4.21%,6.39%,
2026-07-22 15:00:00,0.215 Mpa,0.00730 Mpa,0.191 Mpa,0.0474 Mpa,0.593 Mpa,1.17 Mpa,0.0369 Mpa,0.0640 Mpa,0.151 Mpa,0.313 Mpa,12.3%,4.11%,9.83%,6.14%,25.7%,42.9%,4.77%,3.57%,8.85%,10.9%
2026-07-22 17:00:00,0.107 Mpa,0.115 Mpa,0.261 Mpa,0.641 Mpa,0.157 Mpa,0.0732 Mpa,0.0496 Mpa,0.0984 Mpa,0.617 Mpa,0.128 Mpa,13.1%,7.04%,18.2%,22.7%,15.5%,6.73%,5.31%,4.47%,22.4%,5.67%
2026-07-22 19:00:00,0.0920 Mpa,0.317 Mpa,0.0771 Mpa,0.0929 Mpa,0.124 Mpa,0.131 Mpa,0.331 Mpa,0.0524 Mpa,0.0506 Mpa,0.0514 Mpa,10.1%,13.5%,5.92%,7.03%,13.4%,7.50%,12.8%,2.69%,4.93%,3.40%
2026-07-22 21:00:00,0.0594 Mpa,0.436 Mpa,0.0880 Mpa,0.0870 Mpa,0.0652 Mpa,0.198 Mpa,0.0546 Mpa,0.0184 Mpa,0.0534 Mpa,0.143 Mpa,9.07%,16.2%,6.72%,7.24%,10.4%,9.56%,5.52%,1.80%,5.06%,5.98%
2026-07-22 23:00:00,0.312 Mpa,0.162 Mpa,0.0520 Mpa,0.0313 Mpa,0.438 Mpa,0.122 Mpa,0.324 Mpa,0.129 Mpa,0.102 Mpa,0.141 Mpa,15.3%,8.88%,5.31%,4.58%,21.6%,7.64%,12.2%,5.73%,6.83%,5.58%
2026-07-23 01:00:00,0.437 Mpa,0.149 Mpa,0.332 Mpa,0.186 Mpa,0.0306 Mpa,0.537 Mpa,0.342 Mpa,0.0508 Mpa,0.0703 Mpa,0.0141 Mpa,20.3%,10.1%,13.2%,8.87%,14.7%,20.4%,13.3%,3.48%,6.16%,1.41%
2026-07-23 03:00:00,0.131 Mpa,0.0413 Mpa,0.288 Mpa,0.744 Mpa,0.0908 Mpa,0.177 Mpa,0.386 Mpa,0.0580 Mpa,0.0323 Mpa,0.0179 Mpa,15.8%,5.60%,12.5%,25.6%,10.3%,8.30%,14.0%,3.59%,4.08%,1.36%
2026-07-23 05:00:00,0.0864 Mpa,0.0517 Mpa,0.0587 Mpa,0.0794 Mpa,0.0917 Mpa,0.235 Mpa,0.111 Mpa,0.0497 Mpa,0.0791 Mpa,0.0424 Mpa,10.2%,5.23%,4.92%,6.53%,10.1%,11.2%,6.22%,3.03%,6.22%,2.26%
2026-07-23 07:00:00,0.259 Mpa,0.0211 Mpa,0.0382 Mpa,0.0657 Mpa,0.0525 Mpa,0.506 Mpa,0.504 Mpa,0.0210 Mpa,0.0596 Mpa,0.108 Mpa,14.4%,5.26%,4.14%,6.19%,9.29%,19.2%,16.8%,2.73%,6.50%,4.61%
2026-07-23 09:00:00,0.0736 Mpa,0.0421 Mpa,0.0143 Mpa,0.363 Mpa,0.242 Mpa,0.119 Mpa,0.295 Mpa,0.0638 Mpa,0.00897 Mpa,0.00828 Mpa,9.79%,6.57%,3.86%,14.8%,15.7%,7.58%,10.4%,3.78%,5.12%,1.97%
2026-07-23 11:00:00,0.173 Mpa,0.0183 Mpa,0.0279 Mpa,0.144 Mpa,0.191 Mpa,0.399 Mpa,0.130 Mpa,0.0344 Mpa,0.133 Mpa,0.0978 Mpa,12.6%,6.62%,5.23%,8.35%,13.6%,15.2%,6.22%,2.83%,8.33%,4.43%
2026-07-23 13:00:00,0.201 Mpa,0.0277 Mpa,0.321 Mpa,0.0655 Mpa,0.0608 Mpa,0.353 Mpa,0.533 Mpa,0.0409 Mpa,0.0741 Mpa,0.0383 Mpa,14.0%,7.45%,13.7%,5.84%,9.20%,14.6%,18.0%,3.20%,4.94%,2.12%
2026-07-23 15:00:00,0.252 Mpa,0.0167 Mpa,0.683 Mpa,0.312 Mpa,0.621 Mpa,0.0974 Mpa,0.961 Mpa,0.0916 Mpa,0.0390 Mpa,0.138 Mpa,13.8%,5.62%,24.1%,13.7%,26.7%,6.84%,33.8%,3.94%,3.94%,5.19%
2026-07-23 17:00:00,0.00802 Mpa,0.154 Mpa,0.0343 Mpa,,0.0269 Mpa,0.0950 Mpa,0.0552 Mpa,0.112 Mpa,0.0357 Mpa,0.0638 Mpa,7.83%,10.6%,5.91%,,7.48%,14.4%,7.35%,5.21%,4.79%,3.77%
2026-07-23 19:00:00,0.266 Mpa,0.0524 Mpa,0.0389 Mpa,0.207 Mpa,0.164 Mpa,0.0101 Mpa,0.299 Mpa,0.0547 Mpa,0.372 Mpa,0.169 Mpa,14.5%,8.01%,4.59%,10.2%,12.1%,81.1%,16.3%,3.44%,15.2%,5.82%
2026-07-23 21:00:00,0 Mpa,0.0244 Mpa,0 Mpa,0.0305 Mpa,0.112 Mpa,0.0304 Mpa,0.367 Mpa,0.0344 Mpa,0.0349 Mpa,0.125 Mpa,8%,7.18%,2.95%,4.84%,9.71%,40.1%,13.9%,3.28%,8.05%,4.20%
2026-07-23 23:00:00,0.122 Mpa,0.0458 Mpa,0.0641 Mpa,0.174 Mpa,0.0870 Mpa,0.0587 Mpa,0.0841 Mpa,0.0279 Mpa,0.0730 Mpa,0.0694 Mpa,10.6%,7.31%,6.66%,8.62%,9.85%,5.07%,6.32%,3.02%,5.88%,3.86%
2026-07-24 01:00:00,0.132 Mpa,0.203 Mpa,0.0469 Mpa,0.0142 Mpa,0.562 Mpa,0.114 Mpa,0.154 Mpa,0.0566 Mpa,0.0927 Mpa,0.0584 Mpa,10.7%,12.3%,5.50%,4.44%,23.8%,7.61%,7.87%,3.64%,6.59%,3.36%
2026-07-24 03:00:00,1.17 Mpa,0.0387 Mpa,0.0615 Mpa,0.0768 Mpa,0.216 Mpa,0.335 Mpa,0.174 Mpa,0.0490 Mpa,0.455 Mpa,0.0795 Mpa,37.9%,6.40%,6.68%,11.0%,14.0%,14.8%,8.67%,3.54%,17.5%,4.15%
2026-07-24 05:00:00,0.163 Mpa,0.0586 Mpa,0.0394 Mpa,0.144 Mpa,0.211 Mpa,0.166 Mpa,0.0693 Mpa,0.0622 Mpa,0.0538 Mpa,0.0984 Mpa,12.5%,6.41%,5.95%,8.81%,13.9%,9.58%,5.63%,3.63%,6.30%,4.44%
2026-07-24 07:00:00,0.0969 Mpa,0.0447 Mpa,0.0133 Mpa,0.0228 Mpa,0.163 Mpa,0.137 Mpa,0.0817 Mpa,0.209 Mpa,0.0452 Mpa,0.00523 Mpa,10.7%,7.23%,3.60%,66.1%,12.3%,8.06%,5.43%,8.02%,5.60%,2.55%
2026-07-24 09:00:00,0.159 Mpa,0.137 Mpa,0.0327 Mpa,0.148 Mpa,0.0999 Mpa,0.252 Mpa,0.0134 Mpa,0.196 Mpa,0.0484 Mpa,0.0239 Mpa,12.5%,7.63%,4.32%,8.84%,9.51%,10.4%,3.87%,7.33%,5.99%,1.20%
2026-07-24 11:00:00,0.0620 Mpa,0.0789 Mpa,0.353 Mpa,0.0430 Mpa,0.151 Mpa,0.319 Mpa,0.0921 Mpa,0.0646 Mpa,0.0614 Mpa,0.178 Mpa,9.00%,7.59%,13.8%,5.04%,11.4%,13.0%,5.81%,3.76%,5.67%,5.23%
2026-07-24 13:00:00,0.184 Mpa,0.757 Mpa,0.0255 Mpa,0.0509 Mpa,0.603 Mpa,0.0458 Mpa,0.184 Mpa,0.821 Mpa,0.0440 Mpa,0.0413 Mpa,12.6%,26.7%,2.64%,5.40%,26.8%,5.32%,9.58%,25.7%,3.88%,2.29%
2026-07-24 15:00:00,0.130 Mpa,0.125 Mpa,0.143 Mpa,0.120 Mpa,0.0648 Mpa,0.143 Mpa,0.840 Mpa,0.172 Mpa,0.0692 Mpa,,11.0%,8.00%,7.91%,7.89%,8.96%,9.41%,25.9%,6.34%,5.93%,
2026-07-24 17:00:00,0.112 Mpa,0.106 Mpa,0.0515 Mpa,0.213 Mpa,0.146 Mpa,0.117 Mpa,0.179 Mpa,0.255 Mpa,0.0748 Mpa,,10.1%,7.16%,6.42%,9.33%,11.3%,8.08%,8.93%,9.40%,6.51%,
2026-07-24 19:00:00,0.239 Mpa,0.0469 Mpa,0.0208 Mpa,0.0875 Mpa,0.242 Mpa,0.0611 Mpa,0.428 Mpa,0.0517 Mpa,,,13.7%,7.90%,4.95%,6.01%,13.3%,6.19%,17.0%,3.25%,,
2026-07-24 21:00:00,0.0918 Mpa,0.0459 Mpa,0.0604 Mpa,0.194 Mpa,0.181 Mpa,0.109 Mpa,0.348 Mpa,0.0734 Mpa,,,10.0%,7.16%,6.23%,9.86%,11.7%,7.77%,14.8%,3.71%,,
2026-07-24 23:00:00,0.481 Mpa,0.809 Mpa,0.0772 Mpa,0.820 Mpa,0.0820 Mpa,0.252 Mpa,0.196 Mpa,0.0659 Mpa,0 Mpa,,20.2%,27.9%,6.52%,27.8%,8.84%,12.1%,9.28%,4.20%,2.80%,
2026-07-25 01:00:00,0.699 Mpa,0.109 Mpa,0.0344 Mpa,0.108 Mpa,0.273 Mpa,0.0942 Mpa,0.125 Mpa,0.0892 Mpa,0.0316 Mpa,0.00260 Mpa,26.1%,7.69%,4.55%,7.47%,13.8%,6.91%,7.14%,4.49%,3.92%,2.59%
2026-07-25 03:00:00,0.510 Mpa,0.0540 Mpa,0.117 Mpa,,0.161 Mpa,0.0905 Mpa,0.235 Mpa,0.0750 Mpa,0.0916 Mpa,0.113 Mpa,28.5%,5.86%,8.38%,,11.6%,6.62%,9.21%,6.99%,6.72%,5.94%
2026-07-25 05:00:00,0.797 Mpa,0.0581 Mpa,0.0823 Mpa,,0.0900 Mpa,0.175 Mpa,0.151 Mpa,0.101 Mpa,0.0571 Mpa,0.104 Mpa,37.1%,5.24%,7.22%,,9.91%,9.88%,7.90%,6.72%,5.74%,4.48%
2026-07-25 07:00:00,0.208 Mpa,0.130 Mpa,0.105 Mpa,,0.0744 Mpa,0.0525 Mpa,0.0444 Mpa,0.0431 Mpa,0.0751 Mpa,0.125 Mpa,13.2%,8.70%,7.71%,,10.0%,5.96%,5.06%,3.43%,6.14%,7.10%
2026-07-25 09:00:00,0.683 Mpa,0.0356 Mpa,0.0179 Mpa,0.0256 Mpa,0.0499 Mpa,0.158 Mpa,0.215 Mpa,0.906 Mpa,0.0200 Mpa,0.0833 Mpa,27.3%,6.37%,4.71%,4.45%,8.07%,8.39%,9.75%,28.0%,7.29%,5.93%
2026-07-25 11:00:00,0.267 Mpa,0.00472 Mpa,0.0437 Mpa,,0.457 Mpa,0.324 Mpa,0.287 Mpa,0.0515 Mpa,0.0731 Mpa,0.00582 Mpa,15.8%,4.93%,5.28%,,18.5%,13.3%,12.3%,2.89%,10.0%,9.61%
2026-07-25 13:00:00,0.647 Mpa,0.0463 Mpa,0.0559 Mpa,,0.788 Mpa,0.235 Mpa,0.310 Mpa,0.0317 Mpa,0.0310 Mpa,0.00409 Mpa,24.5%,6.31%,5.58%,,38.9%,10.6%,13.3%,2.52%,5.14%,3.29%
2026-07-25 15:00:00,0.361 Mpa,0.0375 Mpa,0.00704 Mpa,0.00539 Mpa,0.336 Mpa,0.201 Mpa,0.489 Mpa,0.318 Mpa,0.766 Mpa,0.0358 Mpa,17.5%,6.47%,3.54%,4.24%,17.6%,8.81%,16.9%,11.2%,26.5%,4.25%
2026-07-25 17:00:00,0.110 Mpa,0.0538 Mpa,0.0730 Mpa,,0.537 Mpa,0.141 Mpa,0.167 Mpa,0.0371 Mpa,0.179 Mpa,0.0280 Mpa,10.5%,5.46%,6.34%,,23.9%,7.93%,8.70%,2.29%,9.69%,2.19%
2026-07-25 19:00:00,0.195 Mpa,0.0208 Mpa,0.0244 Mpa,,0.477 Mpa,0.269 Mpa,0.261 Mpa,0.0172 Mpa,0.330 Mpa,0.102 Mpa,12.6%,4.05%,5.08%,,20.8%,11.8%,11.9%,1.62%,14.2%,14.3%
2026-07-25 21:00:00,0.174 Mpa,0.0551 Mpa,0.185 Mpa,,0.149 Mpa,0.136 Mpa,0.334 Mpa,0.0582 Mpa,0.214 Mpa,0.0324 Mpa,13.8%,5.87%,9.57%,,11.6%,7.64%,12.4%,3.02%,11.0%,2.44%
2026-07-25 23:00:00,0.0703 Mpa,0.0714 Mpa,0.0436 Mpa,0.00320 Mpa,0.241 Mpa,0.684 Mpa,0.167 Mpa,0.440 Mpa,0.144 Mpa,0.0660 Mpa,9.26%,6.31%,5.63%,4.36%,15.0%,23.5%,8.47%,14.1%,8.95%,2.65%
2026-07-26 01:00:00,0.225 Mpa,0.0979 Mpa,0.0528 Mpa,0.000800 Mpa,0.00329 Mpa,0.332 Mpa,0.372 Mpa,0.123 Mpa,0.107 Mpa,0.0116 Mpa,13.7%,7.44%,5.57%,5.02%,5.65%,14.1%,13.3%,5.29%,7.80%,7.43%
2026-07-26 03:00:00,0.0100 Mpa,0.138 Mpa,0.0328 Mpa,0.533 Mpa,0.0256 Mpa,,0.0149 Mpa,0.0773 Mpa,0.160 Mpa,0.0317 Mpa,7.49%,7.60%,4.48%,18.9%,7.31%,,3.64%,3.01%,9.49%,2.20%
2026-07-26 05:00:00,0.146 Mpa,0.291 Mpa,0.0822 Mpa,0.979 Mpa,0.131 Mpa,,0.199 Mpa,0.101 Mpa,0.0866 Mpa,0.101 Mpa,11.1%,14.2%,6.18%,32.1%,10.4%,,8.93%,4.60%,6.50%,4.63%
2026-07-26 07:00:00,0.227 Mpa,0.521 Mpa,0.138 Mpa,0.0884 Mpa,0.131 Mpa,,0.274 Mpa,0.0721 Mpa,0.0935 Mpa,0.104 Mpa,13.4%,21.2%,8.56%,6.75%,8.63%,,11.5%,4.08%,6.55%,3.76%
2026-07-26 09:00:00,0.101 Mpa,0.119 Mpa,0.106 Mpa,0.0658 Mpa,0.559 Mpa,,0.129 Mpa,0.102 Mpa,0.178 Mpa,0.111 Mpa,10.2%,8.81%,7.59%,6.16%,23.1%,,7.11%,4.58%,9.84%,4.51%
2026-07-26 11:00:00,0.140 Mpa,0.0932 Mpa,0.0454 Mpa,0.169 Mpa,0.161 Mpa,0.240 Mpa,0.0700 Mpa,0.0734 Mpa,0.506 Mpa,0.0776 Mpa,11.4%,6.75%,5.69%,9.85%,8.69%,10.8%,5.89%,3.86%,19.2%,3.14%
2026-07-26 13:00:00,0.0414 Mpa,0.166 Mpa,0.116 Mpa,,0.0701 Mpa,,0.489 Mpa,0.0328 Mpa,0.140 Mpa,0.127 Mpa,8.82%,9.50%,7.21%,,7.40%,,18.4%,2.69%,7.00%,4.76%
2026-07-26 15:00:00,0.0416 Mpa,0.0239 Mpa,0.158 Mpa,,0.175 Mpa,,0.0617 Mpa,0.168 Mpa,0.199 Mpa,0.131 Mpa,8.51%,4.95%,9.35%,,9.38%,,4.00%,6.68%,8.95%,5.95%
2026-07-26 17:00:00,0.0364 Mpa,0.0936 Mpa,0.0693 Mpa,,0.173 Mpa,,0.213 Mpa,0.190 Mpa,0.154 Mpa,0.0282 Mpa,8.65%,6.70%,7.11%,,11.4%,,9.53%,7.15%,8.70%,1.90%
2026-07-26 19:00:00,0.137 Mpa,0.0219 Mpa,0.116 Mpa,,0.243 Mpa,,0.0139 Mpa,0.195 Mpa,0.0805 Mpa,0.132 Mpa,11.2%,5.03%,8.06%,,15.2%,,4.01%,7.23%,7.33%,5.69%
2026-07-26 21:00:00,0.0823 Mpa,0.149 Mpa,0.107 Mpa,,0.802 Mpa,,0.218 Mpa,0.121 Mpa,0.00362 Mpa,0.118 Mpa,9.89%,9.17%,7.50%,,31.8%,,10.4%,4.87%,4.88%,4.79%
2026-07-26 23:00:00,0.0228 Mpa,0.309 Mpa,0.0392 Mpa,,0.667 Mpa,,0.0717 Mpa,0.0648 Mpa,0.0802 Mpa,0.00536 Mpa,8.43%,13.9%,5.71%,,27.7%,,6.01%,3.08%,7.02%,4.99%
2026-07-27 01:00:00,0.431 Mpa,0 Mpa,0.122 Mpa,0.0503 Mpa,0.196 Mpa,,0.0756 Mpa,0.585 Mpa,0.245 Mpa,0 Mpa,19.3%,6.93%,6.99%,42.1%,12.6%,,5.71%,18.7%,11.6%,66.5%
2026-07-27 03:00:00,0.117 Mpa,0.158 Mpa,0.230 Mpa,,0.409 Mpa,0.00910 Mpa,0.110 Mpa,0.194 Mpa,0.164 Mpa,0.0407 Mpa,10.9%,10.9%,10.3%,,20.1%,4.62%,6.68%,6.70%,9.26%,3.15%
2026-07-27 05:00:00,0.187 Mpa,0.286 Mpa,0.111 Mpa,0.774 Mpa,0.117 Mpa,0 Mpa,0.229 Mpa,0.250 Mpa,0.0501 Mpa,0.156 Mpa,12.4%,12.6%,8.00%,26.7%,10.5%,4.40%,9.97%,8.55%,5.96%,5.89%
2026-07-27 07:00:00,0.221 Mpa,0.267 Mpa,0.0344 Mpa,0.206 Mpa,0.235 Mpa,,0.197 Mpa,0.0693 Mpa,0.428 Mpa,0.0360 Mpa,13.3%,12.1%,5.05%,10.3%,13.0%,,9.43%,3.90%,16.3%,1.35%
2026-07-27 09:00:00,0.0386 Mpa,0.250 Mpa,0.0623 Mpa,0.0386 Mpa,0.162 Mpa,0.145 Mpa,0.119 Mpa,0.0402 Mpa,0.200 Mpa,0.0862 Mpa,8.62%,11.3%,5.15%,4.67%,11.2%,8.93%,7.29%,2.53%,9.95%,3.28%
2026-07-27 11:00:00,0.176 Mpa,0.106 Mpa,0.0739 Mpa,0.336 Mpa,0.130 Mpa,0.249 Mpa,0.319 Mpa,0.481 Mpa,0.0837 Mpa,0.149 Mpa,12.4%,8.41%,7.03%,13.9%,9.99%,11.7%,13.7%,15.4%,7.57%,6.12%
2026-07-27 13:00:00,0.131 Mpa,0.127 Mpa,0.0784 Mpa,0.211 Mpa,0.127 Mpa,0.151 Mpa,0.355 Mpa,0.0688 Mpa,0.118 Mpa,0.0199 Mpa,22.2%,8.18%,6.51%,10.7%,9.11%,9.16%,14.6%,4.11%,7.49%,1.94%
2026-07-27 15:00:00,0.0762 Mpa,0.0262 Mpa,0.354 Mpa,0.240 Mpa,0.0214 Mpa,0.0740 Mpa,0.141 Mpa,0.0559 Mpa,0.161 Mpa,0.119 Mpa,18.9%,5.38%,15.1%,11.6%,6.42%,6.63%,8.36%,3.70%,7.86%,5.09%
2026-07-27 17:00:00,0.154 Mpa,0.0791 Mpa,,0.154 Mpa,0.0282 Mpa,0.159 Mpa,0.198 Mpa,0.548 Mpa,0.0899 Mpa,0.0671 Mpa,14.0%,7.14%,,8.97%,7.40%,9.26%,9.64%,17.2%,6.09%,2.88%
2026-07-27 19:00:00,0.158 Mpa,0.0359 Mpa,2.14 Mpa,0.582 Mpa,0.177 Mpa,0.270 Mpa,0.592 Mpa,0.0215 Mpa,0.0695 Mpa,0.151 Mpa,12.2%,4.66%,58.2%,20.9%,12.5%,12.4%,21.5%,1.02%,6.52%,6.00%
2026-07-27 21:00:00,0 Mpa,0.122 Mpa,0.0310 Mpa,0.110 Mpa,0.166 Mpa,0.109 Mpa,0.297 Mpa,0.0516 Mpa,0.586 Mpa,0.0758 Mpa,8%,9.14%,5.31%,7.43%,12.3%,7.24%,12.4%,2.08%,21.2%,3.51%
2026-07-27 23:00:00,0.0908 Mpa,0.0678 Mpa,0.213 Mpa,0.338 Mpa,0.221 Mpa,0.0737 Mpa,0.0961 Mpa,0.0401 Mpa,0.0981 Mpa,0.00558 Mpa,9.38%,7.28%,8.23%,14.2%,13.7%,5.73%,6.52%,2.67%,7.09%,2.16%
2026-07-28 01:00:00,0.368 Mpa,0.137 Mpa,0.00524 Mpa,0.184 Mpa,0.255 Mpa,0.191 Mpa,0.232 Mpa,0.0526 Mpa,0.179 Mpa,0.348 Mpa,17.0%,9.85%,2.80%,9.55%,15.6%,9.82%,10.3%,2.90%,9.63%,18.8%
2026-07-28 03:00:00,0.623 Mpa,0.0813 Mpa,0.0214 Mpa,0.270 Mpa,0.281 Mpa,0.712 Mpa,0.349 Mpa,0.0469 Mpa,0.179 Mpa,0.434 Mpa,24.9%,7.40%,3.63%,12.1%,15.9%,25.7%,14.2%,2.64%,9.51%,27.3%
2026-07-28 05:00:00,0.0640 Mpa,0.129 Mpa,0.0770 Mpa,0.219 Mpa,0.0212 Mpa,0.448 Mpa,0.176 Mpa,0.122 Mpa,0.136 Mpa,0.704 Mpa,9.34%,8.25%,10.3%,10.2%,8.43%,16.4%,8.77%,4.81%,7.94%,21.1%
2026-07-28 07:00:00,0.532 Mpa,0.218 Mpa,0.0172 Mpa,0.0236 Mpa,0.0998 Mpa,0.171 Mpa,0.0505 Mpa,0.0639 Mpa,0.0519 Mpa,0.385 Mpa,21.5%,9.62%,4.85%,4.88%,10.4%,7.50%,5.53%,3.13%,5.42%,12.7%
2026-07-28 09:00:00,0.203 Mpa,0.484 Mpa,0.0565 Mpa,0.0151 Mpa,0.0545 Mpa,0.233 Mpa,0.206 Mpa,0.0238 Mpa,0.0113 Mpa,0.0886 Mpa,13.0%,18.2%,6.38%,4.83%,9.44%,10.6%,10.3%,2.16%,3.71%,4.94%
2026-07-28 11:00:00,0.251 Mpa,0.116 Mpa,0.0733 Mpa,0.00274 Mpa,0.309 Mpa,0.325 Mpa,0.0418 Mpa,0.0425 Mpa,0.137 Mpa,0.0866 Mpa,14.8%,6.95%,7.01%,4.83%,17.7%,14.5%,5.26%,2.74%,7.81%,3.45%
2026-07-28 13:00:00,0.452 Mpa,0.137 Mpa,0.0417 Mpa,0.0751 Mpa,0.00177 Mpa,0.375 Mpa,0.0336 Mpa,0.0424 Mpa,0.918 Mpa,0.0431 Mpa,22.5%,7.84%,5.00%,7.26%,10.9%,16.0%,4.48%,2.29%,31.1%,3.25%
2026-07-28 15:00:00,0.356 Mpa,0.00904 Mpa,0.0820 Mpa,0.0997 Mpa,0.0221 Mpa,0.100 Mpa,0.0830 Mpa,0.199 Mpa,0.300 Mpa,0.213 Mpa,16.9%,3.77%,5.08%,8.06%,7.85%,7.86%,6.26%,7.22%,12.4%,8.04%
2026-07-28 17:00:00,0.178 Mpa,0.120 Mpa,0.0243 Mpa,0.0251 Mpa,0.0504 Mpa,0.228 Mpa,0.121 Mpa,0.286 Mpa,0.256 Mpa,0.223 Mpa,12.2%,8.28%,91.4%,5.86%,8.39%,11.5%,7.76%,9.96%,11.2%,8.15%
2026-07-28 19:00:00,0.394 Mpa,0.0756 Mpa,,0.0387 Mpa,0.0893 Mpa,0.0325 Mpa,0.0552 Mpa,0.0841 Mpa,0.359 Mpa,0.0957 Mpa,20.0%,6.48%,,5.28%,10.6%,4.73%,6.04%,4.69%,14.4%,4.97%
2026-07-28 21:00:00,0.452 Mpa,1.47 Mpa,0.507 Mpa,0.150 Mpa,0.0324 Mpa,0.185 Mpa,0.325 Mpa,0.0403 Mpa,0.257 Mpa,0.0606 Mpa,20.4%,47.6%,16.7%,8.09%,8.30%,9.52%,13.9%,3.28%,11.7%,5.20%
2026-07-28 23:00:00,,0.331 Mpa,0.181 Mpa,0.338 Mpa,0.126 Mpa,0.107 Mpa,0.193 Mpa,0.264 Mpa,0.0877 Mpa,0.143 Mpa,,14.9%,7.72%,14.4%,10.5%,7.76%,10.6%,9.49%,7.05%,7.38%
2026-07-29 01:00:00,,0.0131 Mpa,0.0321 Mpa,0.228 Mpa,0.340 Mpa,0.443 Mpa,0.132 Mpa,0.419 Mpa,0.308 Mpa,0.00578 Mpa,,4.05%,2.91%,11.1%,17.6%,16.7%,8.24%,14.5%,12.8%,3.84%
2026-07-29 03:00:00,,0 Mpa,0.0299 Mpa,0.282 Mpa,0.130 Mpa,0.407 Mpa,0.401 Mpa,0.134 Mpa,0.474 Mpa,0.116 Mpa,,3.35%,2.42%,12.5%,10.7%,15.2%,15.4%,6.46%,17.9%,6.03%
2026-07-29 05:00:00,,0.197 Mpa,0.200 Mpa,0.0471 Mpa,0.174 Mpa,0.329 Mpa,0.157 Mpa,0.0204 Mpa,0.345 Mpa,0.0265 Mpa,,9.33%,8.21%,5.16%,13.6%,12.5%,8.58%,2.00%,13.8%,6.12%
2026-07-29 07:00:00,,0.246 Mpa,0.0959 Mpa,0.123 Mpa,0.172 Mpa,0.429 Mpa,0.115 Mpa,0.0142 Mpa,0.317 Mpa,0.124 Mpa,,11.6%,5.68%,7.99%,11.5%,15.7%,7.44%,1.60%,13.0%,5.69%
2026-07-29 09:00:00,,0.167 Mpa,0.0931 Mpa,0.351 Mpa,0.244 Mpa,0.372 Mpa,0.0826 Mpa,0.240 Mpa,0.237 Mpa,0.0363 Mpa,,9.54%,4.52%,14.4%,14.5%,13.8%,6.15%,8.19%,10.5%,3.36%
2026-07-29 11:00:00,,0.240 Mpa,0.270 Mpa,0 Mpa,0.0929 Mpa,1.32 Mpa,0.0787 Mpa,0.148 Mpa,0.122 Mpa,0.771 Mpa,,11.8%,10.6%,4.80%,11.3%,42.3%,6.46%,5.63%,8.19%,24.1%
2026-07-29 13:00:00,0.0920 Mpa,0.115 Mpa,0.00460 Mpa,0.000408 Mpa,0.146 Mpa,0.424 Mpa,0.378 Mpa,0.129 Mpa,0.143 Mpa,,10.5%,8.23%,1.25%,4.76%,11.9%,16.1%,15.6%,4.95%,7.67%,
2026-07-29 15:00:00,0.537 Mpa,0.111 Mpa,1.85 Mpa,0.0923 Mpa,0.195 Mpa,0.940 Mpa,0.101 Mpa,0.202 Mpa,0.385 Mpa,0.345 Mpa,22.6%,8.60%,50.8%,7.55%,13.1%,31.9%,7.28%,6.71%,15.4%,11.6%
2026-07-29 17:00:00,0.331 Mpa,0.299 Mpa,0.111 Mpa,0.0733 Mpa,0.0919 Mpa,0.0730 Mpa,0.0755 Mpa,0.135 Mpa,0.149 Mpa,0.0637 Mpa,16.7%,14.2%,4.89%,6.97%,10.1%,6.57%,6.32%,5.51%,8.32%,3.66%
2026-07-29 19:00:00,0.271 Mpa,0.0128 Mpa,,0.0665 Mpa,0.108 Mpa,0.286 Mpa,0.283 Mpa,0.0741 Mpa,0.0370 Mpa,0.0263 Mpa,16.7%,5.41%,,6.45%,10.5%,12.2%,13.0%,4.48%,4.81%,3.28%
2026-07-29 21:00:00,0.109 Mpa,0.0276 Mpa,,0.0700 Mpa,0.268 Mpa,0.0884 Mpa,0.387 Mpa,0.0379 Mpa,0.0896 Mpa,0.0655 Mpa,11.6%,6.70%,,6.07%,12.7%,7.79%,16.2%,3.15%,6.41%,4.32%
2026-07-29 23:00:00,0.172 Mpa,0.0287 Mpa,,0.0184 Mpa,0.0751 Mpa,0.183 Mpa,0.130 Mpa,0.268 Mpa,0.0831 Mpa,0.677 Mpa,12.5%,8.05%,,5.19%,6.92%,9.46%,8.38%,9.60%,6.28%,19.8%
2026-07-30 01:00:00,0.0301 Mpa,0.0353 Mpa,,0.0560 Mpa,0.0975 Mpa,0.231 Mpa,0.146 Mpa,0.0751 Mpa,0.719 Mpa,0.196 Mpa,8.43%,7.21%,,6.33%,6.81%,10.5%,9.27%,5.79%,24.4%,7.80%
2026-07-30 03:00:00,0.0552 Mpa,0.204 Mpa,,0.0136 Mpa,0.311 Mpa,0.636 Mpa,0.226 Mpa,0.0578 Mpa,0.160 Mpa,0.155 Mpa,9.24%,11.6%,,5.11%,17.3%,23.9%,11.3%,3.69%,10.6%,5.81%
2026-07-30 05:00:00,0.127 Mpa,0.107 Mpa,,0.0549 Mpa,0.151 Mpa,0.0852 Mpa,0.0577 Mpa,0.0497 Mpa,0.292 Mpa,0.0219 Mpa,11.3%,9.96%,,5.31%,11.8%,7.27%,5.25%,3.48%,14.8%,0.990%
2026-07-30 07:00:00,0.114 Mpa,0.0212 Mpa,0.0563 Mpa,0.0216 Mpa,0.0883 Mpa,0.0559 Mpa,0.204 Mpa,0.103 Mpa,0.264 Mpa,0.0766 Mpa,10.4%,7.76%,3.03%,3.50%,10.6%,38.7%,9.25%,4.86%,12.4%,3.03%
2026-07-30 09:00:00,0.0443 Mpa,0.0388 Mpa,0.0735 Mpa,0.0446 Mpa,0.139 Mpa,0.114 Mpa,0.103 Mpa,0.0984 Mpa,0.314 Mpa,0.0684 Mpa,8.88%,7.52%,3.67%,14.3%,11.4%,7.44%,6.86%,4.73%,13.3%,2.86%
2026-07-30 11:00:00,0.0589 Mpa,0.0237 Mpa,0.197 Mpa,0.0415 Mpa,0.0740 Mpa,0.620 Mpa,0.696 Mpa,0.129 Mpa,0.0274 Mpa,0.0501 Mpa,9.92%,7.48%,7.54%,5.36%,7.98%,31.4%,25.8%,5.61%,3.91%,2.74%
2026-07-30 13:00:00,0.0464 Mpa,0.0537 Mpa,0.0327 Mpa,0.170 Mpa,0.0791 Mpa,0.100 Mpa,0.554 Mpa,0.107 Mpa,,0.0421 Mpa,9.07%,6.32%,2.36%,8.70%,8.55%,8.61%,20.8%,5.12%,,1.96%
2026-07-30 15:00:00,0.344 Mpa,0.109 Mpa,0.249 Mpa,0.0620 Mpa,0.0495 Mpa,0.0943 Mpa,0.0467 Mpa,0.134 Mpa,,0.103 Mpa,16.8%,7.56%,9.05%,19.2%,8.60%,6.85%,5.19%,6.71%,,3.79%
2026-07-30 17:00:00,0.728 Mpa,0.0374 Mpa,0.142 Mpa,0.147 Mpa,0.217 Mpa,0.136 Mpa,0.0283 Mpa,0.126 Mpa,,0.106 Mpa,31.0%,5.10%,5.96%,8.45%,14.2%,18.6%,4.90%,5.61%,,4.71%
2026-07-30 19:00:00,0.107 Mpa,,0.0251 Mpa,0.173 Mpa,0.0831 Mpa,0.274 Mpa,0.486 Mpa,0.357 Mpa,,0.195 Mpa,11.5%,,2.51%,9.36%,11.0%,12.5%,19.0%,11.5%,,7.92%
2026-07-30 21:00:00,0.101 Mpa,,0.0802 Mpa,0.0322 Mpa,0 Mpa,0.818 Mpa,0.156 Mpa,0.0360 Mpa,,0.0688 Mpa,11.2%,,20.1%,5.30%,16.5%,28.4%,8.70%,2.48%,,4.19%
2026-07-30 23:00:00,0.129 Mpa,,0.123 Mpa,0.0653 Mpa,0.116 Mpa,0.0789 Mpa,0.156 Mpa,0.0281 Mpa,0.112 Mpa,0.205 Mpa,12.1%,,7.45%,6.12%,11.1%,6.61%,8.47%,2.47%,7.17%,7.72%
2026-07-31 01:00:00,0.0985 Mpa,0 Mpa,0.164 Mpa,0.120 Mpa,0.00724 Mpa,0.0209 Mpa,0.0578 Mpa,0.125 Mpa,0.0411 Mpa,0.0342 Mpa,10.5%,7.60%,6.57%,7.44%,35.7%,4.75%,5.66%,5.51%,4.75%,2.53%
2026-07-31 03:00:00,0.133 Mpa,0.0814 Mpa,0.0399 Mpa,0.345 Mpa,0.00482 Mpa,,0.187 Mpa,0.0669 Mpa,0.455 Mpa,0.0319 Mpa,11.3%,5.71%,4.67%,14.0%,20.2%,,9.63%,3.28%,16.7%,1.78%
2026-07-31 05:00:00,0.0686 Mpa,0.116 Mpa,0.335 Mpa,0.106 Mpa,0.0987 Mpa,,0.376 Mpa,0.0297 Mpa,0.107 Mpa,0.156 Mpa,9.04%,8.99%,11.1%,42.3%,9.95%,,15.8%,2.59%,7.21%,5.77%
2026-07-31 07:00:00,0.652 Mpa,0.0734 Mpa,0.137 Mpa,0.0875 Mpa,0.150 Mpa,,0.0505 Mpa,0.0314 Mpa,0.376 Mpa,0.0660 Mpa,25.0%,8.44%,5.70%,6.06%,11.7%,,5.50%,3.07%,14.9%,2.77%
2026-07-31 09:00:00,0.197 Mpa,0.103 Mpa,0.0350 Mpa,0.0530 Mpa,0.0523 Mpa,,0.00365 Mpa,0.0885 Mpa,0.0823 Mpa,0.0904 Mpa,13.0%,7.30%,2.32%,11.4%,9.27%,,3.55%,4.78%,6.66%,3.11%
2026-07-31 11:00:00,0.144 Mpa,0.0117 Mpa,0.0733 Mpa,0.0222 Mpa,0.0348 Mpa,0.496 Mpa,0.224 Mpa,0.0378 Mpa,0.0616 Mpa,0.0195 Mpa,12.3%,6.72%,3.49%,5.33%,8.05%,19.0%,11.0%,2.83%,5.72%,1.46%
2026-07-31 13:00:00,0.112 Mpa,0.201 Mpa,0.222 Mpa,0.0925 Mpa,0.138 Mpa,0.119 Mpa,0.185 Mpa,1.20 Mpa,0.0832 Mpa,0.216 Mpa,10.4%,10.5%,8.15%,6.74%,10.7%,6.94%,10.1%,36.7%,6.79%,6.58%
2026-07-31 15:00:00,0.0708 Mpa,0.0612 Mpa,0.0226 Mpa,0.0197 Mpa,0.0432 Mpa,0.321 Mpa,0.292 Mpa,0.166 Mpa,0.116 Mpa,0.0273 Mpa,9.42%,5.94%,1.98%,16.2%,7.58%,13.4%,13.2%,6.69%,7.10%,8.76%
2026-07-31 17:00:00,0.110 Mpa,0.00243 Mpa,0.0556 Mpa,0.137 Mpa,0.108 Mpa,0.0625 Mpa,0.346 Mpa,0.635 Mpa,0.106 Mpa,0.367 Mpa,10.7%,5.13%,3.77%,7.57%,11.0%,5.38%,14.8%,20.3%,6.59%,15.9%
2026-07-31 19:00:00,0.0598 Mpa,0.127 Mpa,0.0763 Mpa,0.0656 Mpa,0.00401 Mpa,0.190 Mpa,0.277 Mpa,0.0694 Mpa,0.144 Mpa,1.19 Mpa,9.47%,6.96%,9.69%,5.92%,19.9%,9.60%,13.3%,3.90%,8.16%,34.2%
2026-07-31 21:00:00,0.0235 Mpa,0.0986 Mpa,0.0840 Mpa,0.0612 Mpa,0.237 Mpa,0.0615 Mpa,0.0992 Mpa,0.271 Mpa,0.401 Mpa,0.0663 Mpa,8.39%,7.32%,4.20%,4.51%,20.5%,5.58%,7.12%,9.46%,15.0%,3.94%
2026-07-31 23:00:00,0.126 Mpa,0.182 Mpa,0.218 Mpa,0.125 Mpa,0.0901 Mpa,0.482 Mpa,0.107 Mpa,0.200 Mpa,0.662 Mpa,0.0318 Mpa,11.0%,9.72%,8.39%,6.69%,11.1%,18.3%,6.95%,8.10%,22.3%,2.44%
2026-08-01 01:00:00,0.0543 Mpa,0.334 Mpa,0.0629 Mpa,0.0212 Mpa,0.0810 Mpa,0.383 Mpa,0.293 Mpa,0.0740 Mpa,0.295 Mpa,0.0661 Mpa,9.17%,14.9%,5.12%,4.51%,9.72%,16.2%,11.6%,3.80%,12.0%,2.76%
2026-08-01 03:00:00,0.0373 Mpa,0.185 Mpa,0.0834 Mpa,0.0559 Mpa,0.141 Mpa,0.371 Mpa,0.190 Mpa,0.0268 Mpa,0.227 Mpa,0.218 Mpa,8.59%,9.85%,4.42%,5.68%,12.3%,15.1%,9.98%,3.07%,10.7%,8.46%
2026-08-01 05:00:00,0.139 Mpa,0.0882 Mpa,0.00779 Mpa,0.0500 Mpa,0.196 Mpa,0.225 Mpa,0.156 Mpa,0.155 Mpa,0.268 Mpa,0.0836 Mpa,11.4%,7.33%,2.06%,5.66%,13.7%,10.5%,8.36%,6.31%,11.6%,3.94%
2026-08-01 07:00:00,0.0653 Mpa,0.0995 Mpa,0.588 Mpa,0.0655 Mpa,0.0598 Mpa,0.160 Mpa,0.0284 Mpa,0.137 Mpa,0.176 Mpa,0.0722 Mpa,9.39%,9.04%,19.7%,6.23%,12.0%,8.72%,3.37%,5.89%,9.88%,3.94%
2026-08-01 09:00:00,0.0394 Mpa,0.210 Mpa,0.159 Mpa,0.0484 Mpa,0.135 Mpa,0.173 Mpa,0.0361 Mpa,0.486 Mpa,0.0375 Mpa,0.106 Mpa,8.69%,11.4%,6.75%,5.02%,17.1%,8.82%,4.20%,16.1%,5.67%,3.99%
2026-08-01 11:00:00,0.0445 Mpa,0.298 Mpa,0.0441 Mpa,0.0228 Mpa,0.157 Mpa,0.519 Mpa,0.0346 Mpa,0.184 Mpa,0.0102 Mpa,0.225 Mpa,9.15%,13.7%,3.27%,4.18%,23.4%,18.7%,4.73%,7.10%,4.84%,8.53%
2026-08-01 13:00:00,0.144 Mpa,0.0746 Mpa,0.430 Mpa,0.252 Mpa,0.102 Mpa,0.154 Mpa,0.208 Mpa,0.0560 Mpa,0.0159 Mpa,0.0833 Mpa,12.2%,5.66%,14.7%,11.4%,32.8%,7.75%,10.4%,3.15%,5.20%,4.92%
2026-08-01 15:00:00,0.0352 Mpa,0.00155 Mpa,0.196 Mpa,0.0812 Mpa,0.0821 Mpa,0.104 Mpa,0.122 Mpa,0.0378 Mpa,0.213 Mpa,0.129 Mpa,8.67%,3.16%,7.77%,6.25%,10.5%,6.29%,7.45%,2.92%,10.9%,5.15%
2026-08-01 17:00:00,0.0990 Mpa,0.207 Mpa,0.0942 Mpa,0.0835 Mpa,0.155 Mpa,0.119 Mpa,0.138 Mpa,0.251 Mpa,0.149 Mpa,0.0721 Mpa,10.3%,12.3%,4.81%,5.07%,12.9%,8.26%,7.48%,9.70%,8.85%,2.77%
2026-08-01 19:00:00,0.105 Mpa,0.0985 Mpa,0.184 Mpa,0.0832 Mpa,0.190 Mpa,0.527 Mpa,0.0949 Mpa,0.0794 Mpa,0.0416 Mpa,0.0584 Mpa,10.6%,9.31%,7.14%,5.52%,22.5%,20.2%,7.71%,4.36%,20.8%,7.12%
2026-08-01 21:00:00,0.102 Mpa,0.0469 Mpa,0.0198 Mpa,0.00641 Mpa,0.713 Mpa,0.590 Mpa,0.317 Mpa,1.41 Mpa,0.323 Mpa,0.0896 Mpa,11.1%,7.27%,2.33%,9.27%,33.2%,22.2%,14.1%,42.7%,14.4%,2.80%
2026-08-01 23:00:00,0.0453 Mpa,0.0994 Mpa,0.956 Mpa,0.0568 Mpa,0.920 Mpa,0.440 Mpa,0.208 Mpa,0.0643 Mpa,0.317 Mpa,0.0592 Mpa,8.91%,15.3%,29.6%,4.93%,33.9%,16.9%,10.6%,3.79%,12.8%,2.25%
2026-08-02 01:00:00,0.144 Mpa,0.0483 Mpa,0.0578 Mpa,0.0309 Mpa,0.315 Mpa,0.0752 Mpa,0.0596 Mpa,0.0682 Mpa,0.0544 Mpa,0.142 Mpa,10.4%,6.74%,3.25%,4.57%,15.3%,6.41%,5.43%,4.13%,6.07%,3.94%
2026-08-02 03:00:00,0.194 Mpa,0.167 Mpa,0.225 Mpa,,,0.414 Mpa,0.0423 Mpa,0.132 Mpa,0.0744 Mpa,0.0188 Mpa,12.3%,12.2%,7.84%,,,16.8%,5.18%,6.01%,12.5%,1.52%
2026-08-02 05:00:00,0.0856 Mpa,0.0739 Mpa,0.0831 Mpa,,,0.130 Mpa,0.0819 Mpa,0.0117 Mpa,0.0208 Mpa,0.0632 Mpa,10.2%,7.97%,4.30%,,,7.82%,6.21%,2.12%,5.16%,8.22%
2026-08-02 07:00:00,0.298 Mpa,0.213 Mpa,0.113 Mpa,,,0.174 Mpa,0.221 Mpa,0.138 Mpa,0.0548 Mpa,0.0558 Mpa,15.7%,12.6%,5.38%,,,8.89%,9.98%,5.88%,6.41%,2.67%
2026-08-02 09:00:00,0.0670 Mpa,0.120 Mpa,0.0494 Mpa,,0.0672 Mpa,0.143 Mpa,0.0989 Mpa,0.111 Mpa,0.0203 Mpa,0.0228 Mpa,9.45%,8.48%,3.25%,,9.01%,7.75%,6.58%,5.08%,4.94%,1.01%
2026-08-02 11:00:00,0.151 Mpa,0.0411 Mpa,0.175 Mpa,,0.0158 Mpa,0.152 Mpa,0.0715 Mpa,0.119 Mpa,0.0250 Mpa,0.0330 Mpa,12.1%,6.73%,7.00%,,7.36%,8.89%,5.77%,5.69%,5.05%,1.85%
2026-08-02 13:00:00,0.0323 Mpa,0.123 Mpa,0.0841 Mpa,,,0.138 Mpa,0.203 Mpa,0.0802 Mpa,0.0978 Mpa,0 Mpa,8.47%,10.5%,4.42%,,,8.49%,9.61%,3.84%,6.58%,3.12%
2026-08-02 15:00:00,0.0655 Mpa,0.0103 Mpa,0.0376 Mpa,,,0.405 Mpa,0.0472 Mpa,0.499 Mpa,0.179 Mpa,0.117 Mpa,9.37%,6.70%,3.23%,,,16.5%,4.86%,16.6%,8.38%,6.87%
2026-08-02 17:00:00,0.124 Mpa,0.0308 Mpa,0.109 Mpa,,,0.276 Mpa,0.0988 Mpa,0.150 Mpa,0.158 Mpa,0.0947 Mpa,10.7%,6.94%,4.81%,,,22.7%,7.00%,6.63%,8.47%,7.32%
2026-08-02 19:00:00,0.149 Mpa,0.125 Mpa,0.00785 Mpa,,,0.256 Mpa,0.138 Mpa,0.0381 Mpa,0.204 Mpa,0.0210 Mpa,11.0%,7.63%,3.16%,,,10.7%,8.36%,3.38%,10.2%,4.02%
2026-08-02 21:00:00,0.00888 Mpa,0.0295 Mpa,0.288 Mpa,,,0.0803 Mpa,0.256 Mpa,0.158 Mpa,0.172 Mpa,0.0648 Mpa,7.47%,4.92%,8.56%,,,13.6%,12.2%,6.88%,8.80%,3.05%
2026-08-02 23:00:00,0.674 Mpa,0.0658 Mpa,0.132 Mpa,0 Mpa,,0.251 Mpa,0.645 Mpa,0.0434 Mpa,0.0704 Mpa,0.0377 Mpa,25.2%,6.72%,5.87%,4.83%,,12.6%,24.6%,3.27%,6.48%,4.16%
2026-08-03 01:00:00,0.0212 Mpa,0.0836 Mpa,0.171 Mpa,0.0451 Mpa,,0.374 Mpa,0.414 Mpa,0.138 Mpa,0.367 Mpa,0.0744 Mpa,8.20%,6.57%,7.07%,5.79%,,15.3%,17.2%,6.25%,14.7%,2.88%
2026-08-03 03:00:00,0.401 Mpa,0.144 Mpa,0.138 Mpa,0.0827 Mpa,,0.324 Mpa,0.0679 Mpa,0.674 Mpa,0.0178 Mpa,0.0653 Mpa,18.1%,8.00%,5.66%,6.74%,,14.2%,6.34%,21.5%,5.09%,2.01%
2026-08-03 05:00:00,0.0791 Mpa,0.0295 Mpa,0.0289 Mpa,0.0162 Mpa,,0.284 Mpa,0.0276 Mpa,0.112 Mpa,0.0348 Mpa,0.474 Mpa,9.87%,5.30%,2.39%,4.86%,,12.8%,3.96%,5.06%,5.29%,14.4%
2026-08-03 07:00:00,0.0948 Mpa,0.346 Mpa,0.0447 Mpa,0.0971 Mpa,0 Mpa,0.471 Mpa,0.183 Mpa,0.0707 Mpa,0.0614 Mpa,0.0604 Mpa,10.2%,16.2%,3.41%,6.79%,6.40%,18.3%,9.47%,3.83%,6.25%,2.45%
2026-08-03 09:00:00,0.324 Mpa,0.296 Mpa,0.191 Mpa,0.0376 Mpa,0 Mpa,0.149 Mpa,0.0671 Mpa,0.0554 Mpa,0.121 Mpa,0.105 Mpa,16.0%,14.6%,7.39%,5.44%,6.40%,9.05%,5.74%,3.41%,8.26%,3.97%
2026-08-03 11:00:00,0.0586 Mpa,0.183 Mpa,0.581 Mpa,0.0775 Mpa,0.565 Mpa,0.117 Mpa,0.0565 Mpa,0.0482 Mpa,0.121 Mpa,0.0821 Mpa,9.40%,10.9%,19.4%,6.80%,25.1%,6.68%,5.37%,3.05%,8.18%,3.50%
2026-08-03 13:00:00,0.0810 Mpa,0.136 Mpa,0.0225 Mpa,0.107 Mpa,1.15 Mpa,0.317 Mpa,1.09 Mpa,0.112 Mpa,0.169 Mpa,0.0769 Mpa,9.79%,10.1%,1.20%,7.60%,58.2%,13.8%,36.9%,5.14%,9.04%,5.93%
2026-08-03 15:00:00,0.0896 Mpa,0.0710 Mpa,0.253 Mpa,0.0161 Mpa,0.0689 Mpa,0.203 Mpa,0.252 Mpa,0.183 Mpa,0.0250 Mpa,0.0561 Mpa,10.2%,8.05%,8.76%,5.32%,17.9%,22.7%,11.9%,7.15%,5.23%,3.69%
2026-08-03 17:00:00,0.0411 Mpa,0.0488 Mpa,0.0972 Mpa,0.0738 Mpa,0.141 Mpa,0.410 Mpa,0.121 Mpa,0.182 Mpa,0.111 Mpa,0.0867 Mpa,8.98%,7.23%,5.03%,6.98%,15.0%,20.0%,7.41%,7.67%,7.46%,4.55%
2026-08-03 19:00:00,0.256 Mpa,0.0399 Mpa,0.132 Mpa,0.0103 Mpa,0.126 Mpa,0.0133 Mpa,0.231 Mpa,0.0823 Mpa,0.00757 Mpa,0.238 Mpa,14.3%,7.97%,6.49%,4.40%,16.7%,8.90%,11.3%,4.64%,4.59%,8.79%
2026-08-03 21:00:00,0.117 Mpa,0.497 Mpa,0.0567 Mpa,0.0682 Mpa,0.107 Mpa,0.255 Mpa,0 Mpa,0.130 Mpa,0.141 Mpa,0.0488 Mpa,10.8%,20.4%,4.07%,5.95%,10.4%,17.0%,4.26%,5.77%,7.45%,5.71%
2026-08-03 23:00:00,0.0555 Mpa,0 Mpa,0.0768 Mpa,0.0621 Mpa,0.190 Mpa,0.135 Mpa,0.404 Mpa,0.0987 Mpa,0.0130 Mpa,0.119 Mpa,8.56%,7.60%,3.88%,9.20%,13.2%,6.89%,14.7%,5.04%,4.28%,5.56%
2026-08-04 01:00:00,0.703 Mpa,,0.255 Mpa,0.0204 Mpa,0.725 Mpa,0.0948 Mpa,0.148 Mpa,0.0377 Mpa,0.164 Mpa,0.174 Mpa,26.6%,,9.87%,3.88%,30.3%,6.26%,8.66%,3.18%,9.19%,6.71%
2026-08-04 03:00:00,0.0222 Mpa,0 Mpa,0.130 Mpa,0.0229 Mpa,0.135 Mpa,0.269 Mpa,0.399 Mpa,0.0629 Mpa,0.801 Mpa,0.134 Mpa,8.35%,7.60%,5.56%,10.5%,11.8%,15.3%,13.9%,4.00%,27.9%,5.19%
2026-08-04 05:00:00,0.0800 Mpa,,0.0861 Mpa,0.0725 Mpa,0.194 Mpa,0.296 Mpa,,0.130 Mpa,0.171 Mpa,0.0429 Mpa,9.88%,,3.77%,5.24%,14.0%,12.9%,,5.84%,9.45%,2.20%
2026-08-04 07:00:00,0.0915 Mpa,,0.0781 Mpa,0.0734 Mpa,0.157 Mpa,0.0899 Mpa,,0.0817 Mpa,0.0847 Mpa,0.139 Mpa,10.1%,,4.06%,5.52%,12.0%,7.07%,,4.08%,7.18%,5.33%
2026-08-04 09:00:00,0.246 Mpa,,0.0249 Mpa,0.0662 Mpa,0.241 Mpa,0.137 Mpa,2.07 Mpa,0.0637 Mpa,0.0533 Mpa,0.106 Mpa,14.0%,,2.64%,5.65%,19.4%,8.93%,56.1%,3.60%,5.98%,3.31%
2026-08-04 11:00:00,0.161 Mpa,,0.224 Mpa,0.0256 Mpa,0.541 Mpa,0.545 Mpa,0.412 Mpa,0.0496 Mpa,0.107 Mpa,0.233 Mpa,11.9%,,8.60%,4.88%,23.9%,20.4%,14.4%,3.00%,17.6%,7.22%
2026-08-04 13:00:00,0.0595 Mpa,,0.0964 Mpa,0.0235 Mpa,1.19 Mpa,0.0680 Mpa,0.684 Mpa,0.350 Mpa,0.193 Mpa,0.0145 Mpa,50.7%,,4.98%,4.95%,44.5%,6.29%,24.7%,12.3%,10.3%,3.78%
2026-08-04 15:00:00,0.0912 Mpa,,0.0114 Mpa,0.0215 Mpa,0.126 Mpa,0.0721 Mpa,0.195 Mpa,0.136 Mpa,0.0653 Mpa,0.140 Mpa,14.9%,,2.29%,5.38%,10.7%,6.27%,9.62%,6.21%,8.78%,6.64%
2026-08-04 17:00:00,0.0733 Mpa,,0.401 Mpa,0.0416 Mpa,0.124 Mpa,0.114 Mpa,0.301 Mpa,0.0629 Mpa,0.0765 Mpa,0.0617 Mpa,9.74%,,13.8%,5.26%,11.7%,7.35%,16.4%,4.03%,6.42%,3.79%
2026-08-04 19:00:00,0.0426 Mpa,,0.0488 Mpa,0.0697 Mpa,0.207 Mpa,0.0926 Mpa,0.268 Mpa,0.0670 Mpa,0.0369 Mpa,0.138 Mpa,8.69%,,3.62%,5.59%,13.6%,5.60%,12.0%,3.87%,5.79%,4.73%
2026-08-04 21:00:00,0.0137 Mpa,,0.0642 Mpa,0.0846 Mpa,0.0800 Mpa,0.192 Mpa,0.240 Mpa,0.103 Mpa,0.0541 Mpa,0.0140 Mpa,7.94%,,4.07%,5.13%,9.76%,9.53%,11.2%,5.17%,6.71%,1.46%
2026-08-04 23:00:00,0.221 Mpa,,0.0677 Mpa,0.366 Mpa,0.151 Mpa,0.323 Mpa,0.293 Mpa,0.0872 Mpa,0.183 Mpa,0.0711 Mpa,13.0%,,4.04%,13.4%,12.2%,13.4%,11.6%,4.70%,10.1%,3.47%
2026-08-05 01:00:00,0.206 Mpa,0 Mpa,0.122 Mpa,0.0638 Mpa,0.249 Mpa,0.0873 Mpa,0.337 Mpa,0.0833 Mpa,0.00672 Mpa,0.0399 Mpa,13.1%,7.59%,5.65%,5.46%,14.7%,6.77%,19.0%,4.44%,5.03%,5.09%
2026-08-05 03:00:00,0.0377 Mpa,0.0154 Mpa,0.0301 Mpa,0.0472 Mpa,0.221 Mpa,0.101 Mpa,0.328 Mpa,0.137 Mpa,0.0722 Mpa,0.0203 Mpa,8.11%,7.27%,2.90%,8.54%,14.6%,7.04%,13.5%,5.89%,6.92%,2.07%
2026-08-05 05:00:00,0.130 Mpa,0.547 Mpa,0.299 Mpa,0.0248 Mpa,0.211 Mpa,0.106 Mpa,0.179 Mpa,0.120 Mpa,0.0791 Mpa,0.0163 Mpa,10.8%,20.6%,10.6%,4.89%,13.2%,6.26%,8.90%,5.67%,7.03%,1.86%
2026-08-05 07:00:00,0.0782 Mpa,0.0941 Mpa,0.432 Mpa,0.0291 Mpa,0.172 Mpa,0.0685 Mpa,0.00308 Mpa,0.108 Mpa,0.0510 Mpa,0.0418 Mpa,9.72%,9.05%,14.4%,5.35%,12.6%,6.14%,9.28%,5.18%,5.77%,2.49%
2026-08-05 09:00:00,0.362 Mpa,0.0680 Mpa,0 Mpa,0.0111 Mpa,0.100 Mpa,0.0433 Mpa,0.374 Mpa,0.116 Mpa,0.0532 Mpa,0.0396 Mpa,17.5%,7.07%,0.0235%,5.00%,10.4%,5.57%,15.5%,5.38%,6.17%,3.56%
2026-08-05 11:00:00,0.0301 Mpa,0.0951 Mpa,,0.00292 Mpa,0.909 Mpa,0.316 Mpa,0.602 Mpa,0.0635 Mpa,0.0449 Mpa,0.106 Mpa,8.43%,8.47%,,5.15%,35.9%,12.7%,21.7%,3.29%,4.66%,6.00%
2026-08-05 13:00:00,0.0599 Mpa,0.345 Mpa,0.211 Mpa,0.0906 Mpa,0.0156 Mpa,0.175 Mpa,0.559 Mpa,0.0176 Mpa,0.0725 Mpa,0.309 Mpa,17.7%,16.7%,8.82%,7.69%,7.67%,9.97%,20.6%,2.50%,6.41%,11.7%
2026-08-05 15:00:00,0.0486 Mpa,0.0245 Mpa,0.0381 Mpa,0.0780 Mpa,0.247 Mpa,0.0747 Mpa,0.155 Mpa,0.328 Mpa,0.0443 Mpa,0.106 Mpa,18.0%,7.61%,3.15%,7.20%,15.7%,5.40%,7.71%,11.4%,8.22%,5.12%
2026-08-05 17:00:00,0.0900 Mpa,0.113 Mpa,0.259 Mpa,0.0122 Mpa,0.634 Mpa,0.584 Mpa,0.0511 Mpa,0.0884 Mpa,0.0560 Mpa,0.0797 Mpa,10.2%,8.76%,8.85%,5.23%,26.8%,21.1%,5.22%,4.22%,5.93%,3.10%
2026-08-05 19:00:00,0.160 Mpa,0.699 Mpa,0.314 Mpa,0.160 Mpa,0.120 Mpa,0.0821 Mpa,0.113 Mpa,0.0301 Mpa,0.0395 Mpa,0.0790 Mpa,11.3%,24.7%,11.6%,8.69%,11.0%,7.00%,6.01%,2.87%,5.71%,3.63%
2026-08-05 21:00:00,0.181 Mpa,0.770 Mpa,0.425 Mpa,0.176 Mpa,0.0749 Mpa,0.174 Mpa,0.0554 Mpa,1.05 Mpa,0.0583 Mpa,0.0296 Mpa,13.5%,28.3%,15.1%,9.29%,9.65%,9.13%,5.04%,31.4%,6.41%,1.82%
2026-08-05 23:00:00,0.830 Mpa,0.0129 Mpa,0.324 Mpa,0.0392 Mpa,0.523 Mpa,0.0721 Mpa,0.159 Mpa,0.00374 Mpa,0.0362 Mpa,0.0967 Mpa,32.8%,6.34%,11.0%,5.30%,20.2%,5.69%,8.45%,1.01%,5.68%,3.39%
2026-08-06 01:00:00,0.119 Mpa,0.140 Mpa,0.0417 Mpa,0.210 Mpa,0.222 Mpa,0.0681 Mpa,0.442 Mpa,,0.283 Mpa,0.130 Mpa,10.6%,9.93%,2.69%,10.0%,15.1%,6.85%,17.0%,,12.5%,4.37%
2026-08-06 03:00:00,0.236 Mpa,0.0150 Mpa,0.100 Mpa,0.0802 Mpa,0.273 Mpa,0.158 Mpa,0.307 Mpa,1.50 Mpa,0.0543 Mpa,0.00505 Mpa,13.6%,5.57%,5.77%,6.44%,16.2%,9.39%,13.6%,42.6%,6.16%,1.24%
2026-08-06 05:00:00,0.0970 Mpa,0.241 Mpa,0.249 Mpa,0.0813 Mpa,0.218 Mpa,0.0893 Mpa,0.226 Mpa,,0.0273 Mpa,0.0398 Mpa,10.0%,11.7%,8.92%,5.99%,15.1%,7.43%,10.7%,,17.6%,2.40%
2026-08-06 07:00:00,0.0926 Mpa,0.122 Mpa,0.111 Mpa,0.0311 Mpa,0.0716 Mpa,0.301 Mpa,0.220 Mpa,,0.0696 Mpa,0.175 Mpa,10.2%,7.23%,12.3%,4.99%,14.3%,14.0%,10.9%,,11.1%,7.58%
2026-08-06 09:00:00,0.0903 Mpa,0.163 Mpa,0.0897 Mpa,0.0180 Mpa,0.367 Mpa,0.530 Mpa,0.268 Mpa,,0.118 Mpa,0.0196 Mpa,10.7%,8.47%,4.17%,4.61%,19.1%,23.2%,12.3%,,7.32%,1.85%
2026-08-06 11:00:00,0.108 Mpa,0.0482 Mpa,0.102 Mpa,0.0458 Mpa,0.436 Mpa,0.129 Mpa,0.542 Mpa,2.91 Mpa,0.152 Mpa,0.137 Mpa,10.8%,6.20%,5.44%,5.42%,21.7%,8.32%,20.3%,82.9%,7.89%,5.73%
2026-08-06 13:00:00,0.0775 Mpa,1.09 Mpa,0.309 Mpa,0.452 Mpa,0.702 Mpa,0.152 Mpa,0.285 Mpa,,0.317 Mpa,0.115 Mpa,9.51%,37.0%,26.3%,17.2%,31.0%,7.67%,12.3%,,13.8%,5.91%
2026-08-06 15:00:00,0.104 Mpa,0.0560 Mpa,0.0598 Mpa,0.331 Mpa,0.0462 Mpa,0.283 Mpa,0.381 Mpa,,0.645 Mpa,0.114 Mpa,10.7%,6.40%,9.56%,15.8%,8.95%,11.7%,15.7%,,22.8%,5.71%
2026-08-06 17:00:00,0.0909 Mpa,0.109 Mpa,0.0483 Mpa,0 Mpa,0.0969 Mpa,0.140 Mpa,0.261 Mpa,,0.107 Mpa,0.188 Mpa,10.00%,6.80%,3.56%,4.75%,10.7%,8.20%,12.0%,,6.46%,7.48%
2026-08-06 19:00:00,0.0124 Mpa,0.0289 Mpa,0.0929 Mpa,0.120 Mpa,0.0100 Mpa,0.231 Mpa,0.425 Mpa,,0.146 Mpa,0.0773 Mpa,8.03%,5.59%,4.99%,7.75%,7.93%,11.4%,17.8%,,8.48%,3.77%
2026-08-06 21:00:00,0.0526 Mpa,0.0986 Mpa,0.0576 Mpa,0.185 Mpa,0.170 Mpa,0.116 Mpa,0.218 Mpa,,0.101 Mpa,0.0422 Mpa,8.73%,6.71%,3.62%,8.83%,12.5%,7.14%,11.8%,,7.30%,3.49%
2026-08-06 23:00:00,0.134 Mpa,0.0578 Mpa,0.0163 Mpa,0.0299 Mpa,0.0562 Mpa,0.181 Mpa,0.284 Mpa,0.00109 Mpa,0.0177 Mpa,0.0947 Mpa,12.0%,6.15%,2.47%,4.48%,9.85%,9.37%,13.3%,1.55%,5.11%,4.63%
2026-08-07 01:00:00,0.0945 Mpa,0.0761 Mpa,0.105 Mpa,0.0629 Mpa,0.140 Mpa,0.0183 Mpa,0.323 Mpa,0.0732 Mpa,0.286 Mpa,0.160 Mpa,10.1%,6.09%,5.10%,5.63%,12.6%,4.94%,14.2%,4.27%,13.1%,5.74%
2026-08-07 03:00:00,0.106 Mpa,0.0828 Mpa,0.166 Mpa,0.119 Mpa,0.0865 Mpa,0.0804 Mpa,0.205 Mpa,2.45 Mpa,0.0210 Mpa,0.217 Mpa,10.5%,7.08%,6.58%,7.37%,10.8%,7.59%,10.8%,71.6%,4.32%,9.69%
2026-08-07 05:00:00,0.0686 Mpa,0.154 Mpa,0.174 Mpa,0.0617 Mpa,0.0549 Mpa,0.111 Mpa,0.240 Mpa,1.23 Mpa,0.402 Mpa,0.0403 Mpa,9.02%,9.43%,10.5%,5.95%,9.23%,7.78%,11.6%,36.3%,15.5%,3.32%
2026-08-07 07:00:00,0.0142 Mpa,0.162 Mpa,0.0431 Mpa,0.105 Mpa,0.132 Mpa,0.0993 Mpa,0.160 Mpa,0.0734 Mpa,0.297 Mpa,0.0562 Mpa,7.46%,10.6%,5.41%,7.19%,17.2%,8.89%,9.15%,2.86%,12.4%,3.79%
2026-08-07 09:00:00,0.136 Mpa,0.594 Mpa,0.0384 Mpa,0.122 Mpa,0.0186 Mpa,0.417 Mpa,0.711 Mpa,0.0424 Mpa,0.609 Mpa,0.683 Mpa,11.4%,22.1%,12.9%,7.36%,8.50%,18.9%,26.3%,2.26%,21.8%,21.0%
2026-08-07 11:00:00,0.305 Mpa,0.344 Mpa,0.482 Mpa,0.0984 Mpa,0.0417 Mpa,0.196 Mpa,0.253 Mpa,0.0615 Mpa,0.0173 Mpa,0.176 Mpa,15.6%,16.4%,20.8%,7.13%,8.81%,16.0%,12.1%,3.44%,4.32%,7.32%
2026-08-07 13:00:00,0.108 Mpa,0.112 Mpa,0.284 Mpa,0.138 Mpa,0.0880 Mpa,0.230 Mpa,0.405 Mpa,0.161 Mpa,0.110 Mpa,0.0338 Mpa,10.9%,7.23%,9.95%,8.46%,13.7%,24.3%,16.0%,10.8%,6.57%,2.66%
2026-08-07 15:00:00,0.0497 Mpa,0.752 Mpa,0.125 Mpa,0.118 Mpa,0.0201 Mpa,0.0745 Mpa,0.0969 Mpa,0.160 Mpa,0 Mpa,0.0332 Mpa,9.08%,26.7%,6.13%,7.93%,8.59%,13.3%,9.47%,5.77%,2.86%,2.65%
2026-08-07 17:00:00,0.0665 Mpa,0.0483 Mpa,0.137 Mpa,0.0362 Mpa,0.494 Mpa,0.0592 Mpa,0.337 Mpa,0.376 Mpa,,0.208 Mpa,9.57%,5.10%,6.29%,4.79%,21.7%,6.28%,14.7%,13.8%,,8.28%
2026-08-07 19:00:00,0.0468 Mpa,0.261 Mpa,0.0354 Mpa,0.0907 Mpa,0.446 Mpa,0.0965 Mpa,0.253 Mpa,0.0446 Mpa,0.000378 Mpa,0.0118 Mpa,8.93%,12.3%,3.14%,5.99%,21.1%,7.54%,12.9%,3.27%,2.78%,3.82%
2026-08-07 21:00:00,0.0903 Mpa,0.0739 Mpa,0.126 Mpa,0.0150 Mpa,0.0390 Mpa,0.116 Mpa,0.0678 Mpa,0.103 Mpa,0 Mpa,0.0111 Mpa,10.2%,7.03%,6.55%,4.00%,7.12%,8.10%,6.80%,5.34%,4.86%,3.20%
2026-08-07 23:00:00,1.05 Mpa,0.136 Mpa,0.505 Mpa,0.0437 Mpa,0.140 Mpa,0.133 Mpa,0.220 Mpa,0.0917 Mpa,0.601 Mpa,0.0671 Mpa,38.9%,8.17%,20.3%,5.38%,9.54%,8.66%,10.6%,4.37%,20.1%,3.33%
2026-08-08 01:00:00,0.431 Mpa,0.0620 Mpa,0.0315 Mpa,0.120 Mpa,0.135 Mpa,0.124 Mpa,0.147 Mpa,0.0657 Mpa,,0.0314 Mpa,19.1%,7.58%,3.10%,7.71%,12.0%,8.38%,8.33%,3.50%,,1.71%
2026-08-08 03:00:00,0.432 Mpa,0.159 Mpa,0.0607 Mpa,0.0185 Mpa,0.0589 Mpa,0.114 Mpa,0.134 Mpa,0.0827 Mpa,,0.159 Mpa,19.5%,10.2%,3.78%,5.07%,9.89%,8.01%,8.28%,4.59%,,11.0%
2026-08-08 05:00:00,0.0929 Mpa,0.0749 Mpa,0.0829 Mpa,0.0246 Mpa,0.0591 Mpa,0.118 Mpa,0.171 Mpa,0.0661 Mpa,,0.0242 Mpa,10.0%,5.99%,4.59%,5.39%,10.0%,8.25%,9.35%,3.92%,,1.33%
2026-08-08 07:00:00,0.0666 Mpa,0.0723 Mpa,0.114 Mpa,0.0131 Mpa,0.0766 Mpa,0.145 Mpa,0.0734 Mpa,0.0753 Mpa,,0.00711 Mpa,9.24%,6.03%,5.61%,5.43%,11.0%,8.91%,6.04%,4.08%,,8.94%
2026-08-08 09:00:00,0.0427 Mpa,0.157 Mpa,0.143 Mpa,0.00659 Mpa,0.117 Mpa,0.119 Mpa,0.0467 Mpa,0.0497 Mpa,,0.0870 Mpa,8.33%,8.38%,6.22%,5.13%,12.1%,6.58%,5.45%,3.52%,,8.28%
2026-08-08 11:00:00,0.125 Mpa,0.649 Mpa,0.109 Mpa,0.105 Mpa,0.100 Mpa,0.290 Mpa,1.63 Mpa,0.105 Mpa,,0.0405 Mpa,10.9%,23.2%,5.33%,7.41%,11.8%,11.6%,54.4%,5.06%,,17.9%
2026-08-08 13:00:00,0.0555 Mpa,0.567 Mpa,0.0382 Mpa,0.112 Mpa,0.221 Mpa,0.103 Mpa,0.744 Mpa,0.0766 Mpa,,0.106 Mpa,9.40%,20.9%,3.29%,7.52%,13.6%,4.44%,26.6%,4.31%,,7.67%
2026-08-08 15:00:00,0.117 Mpa,0.0287 Mpa,0.0592 Mpa,0.0508 Mpa,0.0683 Mpa,0.230 Mpa,0.224 Mpa,0.0398 Mpa,2.76 Mpa,0.0663 Mpa,10.5%,4.89%,4.10%,5.60%,9.71%,9.24%,10.9%,3.27%,79.7%,7.07%
2026-08-08 17:00:00,0.0979 Mpa,0.00132 Mpa,0.0653 Mpa,0.0618 Mpa,0.107 Mpa,0.121 Mpa,0.483 Mpa,0.0573 Mpa,0.401 Mpa,0.123 Mpa,10.4%,3.93%,4.25%,5.84%,11.5%,8.27%,19.3%,3.13%,18.8%,6.37%
2026-08-08 19:00:00,0.201 Mpa,0.0320 Mpa,0.0310 Mpa,0.114 Mpa,0.106 Mpa,0.0822 Mpa,0.261 Mpa,0.404 Mpa,0.556 Mpa,0.0413 Mpa,12.6%,5.46%,18.8%,6.69%,11.2%,12.3%,11.8%,13.4%,19.8%,3.15%
2026-08-08 21:00:00,0.339 Mpa,0.103 Mpa,0.0889 Mpa,0.158 Mpa,0.106 Mpa,0.0362 Mpa,0.185 Mpa,0.0249 Mpa,0.140 Mpa,0.0248 Mpa,16.9%,7.19%,5.26%,8.07%,11.8%,6.29%,9.24%,2.30%,8.19%,3.04%
2026-08-08 23:00:00,0.157 Mpa,0.125 Mpa,0.0383 Mpa,0.0505 Mpa,0.0533 Mpa,0.184 Mpa,0.261 Mpa,0.0444 Mpa,0.152 Mpa,0.445 Mpa,11.5%,8.81%,4.83%,5.18%,9.79%,14.9%,12.2%,3.13%,8.25%,14.3%
2026-08-09 01:00:00,0.536 Mpa,0.0851 Mpa,0.398 Mpa,0.0978 Mpa,0.0451 Mpa,0.107 Mpa,0.325 Mpa,0.151 Mpa,0.0426 Mpa,,21.5%,7.79%,13.2%,6.86%,9.42%,6.61%,12.1%,6.01%,5.11%,
2026-08-09 03:00:00,0.0825 Mpa,0.255 Mpa,0.433 Mpa,0.0465 Mpa,0.190 Mpa,0.0769 Mpa,0.312 Mpa,0.0185 Mpa,0.166 Mpa,0.0281 Mpa,9.81%,14.9%,24.6%,5.58%,13.9%,5.77%,13.5%,1.29%,8.83%,1.51%
2026-08-09 05:00:00,0.0557 Mpa,0.0530 Mpa,0.153 Mpa,0.0554 Mpa,0.0906 Mpa,0.0844 Mpa,0.240 Mpa,0.138 Mpa,0.0822 Mpa,,9.93%,6.27%,6.44%,5.95%,11.5%,7.50%,11.3%,5.44%,6.04%,
2026-08-09 07:00:00,0.0642 Mpa,0.0579 Mpa,0.163 Mpa,0.0618 Mpa,0.0949 Mpa,0.0943 Mpa,0.166 Mpa,0.140 Mpa,0.111 Mpa,,9.36%,7.97%,6.92%,6.25%,11.3%,8.15%,9.00%,5.77%,7.70%,
2026-08-09 09:00:00,0.0635 Mpa,0.0239 Mpa,0.0225 Mpa,0.0489 Mpa,0.124 Mpa,0.0796 Mpa,0.115 Mpa,0.199 Mpa,0.124 Mpa,,9.92%,7.28%,2.33%,5.74%,12.1%,7.32%,7.39%,7.46%,7.86%,
2026-08-09 11:00:00,0.0544 Mpa,0.0519 Mpa,0.0791 Mpa,0.0269 Mpa,0.0826 Mpa,0.261 Mpa,0.423 Mpa,0.107 Mpa,0.630 Mpa,,8.87%,5.70%,4.58%,5.85%,10.8%,12.0%,17.4%,5.67%,21.6%,
2026-08-09 13:00:00,0.104 Mpa,0.0388 Mpa,0.260 Mpa,0.287 Mpa,0.0880 Mpa,0.0214 Mpa,0.369 Mpa,0.140 Mpa,0.157 Mpa,,10.5%,6.73%,9.93%,12.6%,11.6%,5.77%,15.4%,6.18%,8.45%,
2026-08-09 15:00:00,0.0155 Mpa,0.973 Mpa,0.640 Mpa,0.0227 Mpa,0.0394 Mpa,0.0117 Mpa,0.181 Mpa,0.0994 Mpa,0.0614 Mpa,0.00322 Mpa,8.02%,32.6%,20.6%,4.90%,9.56%,4.96%,9.37%,4.85%,6.07%,3.12%
2026-08-09 17:00:00,0.387 Mpa,0.0626 Mpa,0.208 Mpa,0.145 Mpa,0.0444 Mpa,0.174 Mpa,0.512 Mpa,0.419 Mpa,0.0772 Mpa,0.101 Mpa,18.5%,6.61%,8.68%,9.01%,9.54%,9.81%,20.2%,14.0%,6.10%,4.58%
2026-08-09 19:00:00,0.373 Mpa,0.177 Mpa,0.0622 Mpa,2.49 Mpa,0.165 Mpa,0.0435 Mpa,0.218 Mpa,0.150 Mpa,0.0689 Mpa,0.0622 Mpa,17.9%,10.8%,3.82%,74.8%,12.5%,6.08%,10.8%,5.89%,5.69%,3.61%
2026-08-09 21:00:00,0 Mpa,0.0549 Mpa,0.252 Mpa,0.0810 Mpa,0.0843 Mpa,0.101 Mpa,0.180 Mpa,0.0943 Mpa,0.119 Mpa,0.0869 Mpa,7.94%,6.11%,11.6%,7.29%,10.3%,8.28%,9.64%,3.94%,7.77%,4.88%
2026-08-09 23:00:00,0.0863 Mpa,0.0927 Mpa,0.131 Mpa,,0.0548 Mpa,0.104 Mpa,0.136 Mpa,0.110 Mpa,0.239 Mpa,0.0410 Mpa,9.39%,7.35%,10.5%,,9.27%,7.90%,7.42%,5.17%,11.3%,3.36%
2026-08-10 01:00:00,0.0400 Mpa,0.0972 Mpa,0.384 Mpa,0.00448 Mpa,0.0904 Mpa,0.483 Mpa,0.0508 Mpa,0.0776 Mpa,0.134 Mpa,0.0325 Mpa,8.80%,7.46%,11.0%,5.05%,11.0%,18.9%,5.24%,9.07%,7.34%,3.44%
2026-08-10 03:00:00,0.0257 Mpa,0.502 Mpa,0.0557 Mpa,,0.0381 Mpa,0.305 Mpa,0.202 Mpa,0.0645 Mpa,0.0613 Mpa,0.0209 Mpa,8.36%,19.3%,18.6%,,8.93%,12.7%,10.5%,3.31%,5.57%,2.45%
2026-08-10 05:00:00,0.0858 Mpa,0.117 Mpa,0.406 Mpa,,0.106 Mpa,0.108 Mpa,0.235 Mpa,0.0314 Mpa,0.124 Mpa,0.238 Mpa,10.2%,7.56%,18.1%,,11.4%,7.05%,11.3%,2.48%,6.91%,8.09%
2026-08-10 07:00:00,0.0413 Mpa,0.0417 Mpa,0.0781 Mpa,,0.0706 Mpa,0.424 Mpa,0.262 Mpa,0.00956 Mpa,0.143 Mpa,0.201 Mpa,8.62%,4.86%,4.43%,,10.6%,16.7%,12.1%,2.02%,8.28%,7.41%
2026-08-10 09:00:00,0.0826 Mpa,0.0996 Mpa,0.161 Mpa,,0.142 Mpa,0.121 Mpa,0.344 Mpa,0.0227 Mpa,0.0176 Mpa,0.107 Mpa,9.69%,6.52%,6.65%,,12.9%,8.07%,14.7%,2.44%,3.86%,5.21%
2026-08-10 11:00:00,0.0787 Mpa,0.0530 Mpa,0.0196 Mpa,,0.515 Mpa,0.0744 Mpa,0.337 Mpa,0.159 Mpa,0.920 Mpa,0.140 Mpa,9.72%,6.12%,2.55%,,24.4%,6.04%,14.5%,6.66%,30.7%,6.45%
2026-08-10 13:00:00,0.135 Mpa,0.00584 Mpa,0.0557 Mpa,,,0.0910 Mpa,0.350 Mpa,0.0107 Mpa,0.187 Mpa,0.215 Mpa,11.0%,4.25%,4.17%,,,7.22%,14.7%,1.81%,9.48%,8.53%
2026-08-10 15:00:00,0.0763 Mpa,0.115 Mpa,0.329 Mpa,,0.175 Mpa,0.0814 Mpa,0.391 Mpa,0.260 Mpa,0.137 Mpa,0.195 Mpa,9.28%,7.80%,11.5%,,13.9%,5.27%,15.8%,9.54%,12.0%,7.03%
2026-08-10 17:00:00,0.0555 Mpa,0.365 Mpa,,,0.0183 Mpa,0.140 Mpa,0.123 Mpa,0.0746 Mpa,0.691 Mpa,0.185 Mpa,8.77%,15.0%,,,8.18%,8.19%,7.66%,4.10%,23.8%,6.92%
2026-08-10 19:00:00,0.00644 Mpa,0.0970 Mpa,,,0.482 Mpa,0.144 Mpa,0.505 Mpa,0.401 Mpa,0.0642 Mpa,0.0424 Mpa,7.74%,7.63%,,,22.2%,8.84%,19.8%,13.0%,5.64%,3.06%
2026-08-10 21:00:00,0.514 Mpa,0.0901 Mpa,0.0234 Mpa,,0.0729 Mpa,0.0414 Mpa,0.388 Mpa,0.259 Mpa,0.478 Mpa,0.180 Mpa,21.6%,8.06%,2.95%,,7.47%,10.5%,16.1%,9.21%,17.9%,6.21%
2026-08-10 23:00:00,0.665 Mpa,0.138 Mpa,,,0.0934 Mpa,0.0936 Mpa,0.136 Mpa,0.163 Mpa,0.553 Mpa,0.0123 Mpa,25.3%,9.23%,,,9.98%,7.94%,7.68%,6.34%,19.0%,2.03%
2026-08-11 01:00:00,0.0921 Mpa,0.0629 Mpa,0.0240 Mpa,,0.0216 Mpa,0.0718 Mpa,0.234 Mpa,0.120 Mpa,0.177 Mpa,0.0332 Mpa,9.38%,6.24%,2.56%,,7.95%,20.4%,11.5%,5.35%,11.1%,1.77%
2026-08-11 03:00:00,0.708 Mpa,0.174 Mpa,,,0.0264 Mpa,0.138 Mpa,0.437 Mpa,0.0157 Mpa,0.772 Mpa,0.138 Mpa,26.4%,9.56%,,,9.19%,7.65%,17.6%,2.07%,25.7%,5.92%
2026-08-11 05:00:00,0.114 Mpa,0.0277 Mpa,,,0.0710 Mpa,0.146 Mpa,0.228 Mpa,0.260 Mpa,0.145 Mpa,0.0377 Mpa,10.4%,5.94%,,,10.5%,7.82%,10.7%,8.58%,7.82%,2.34%
2026-08-11 07:00:00,0.0626 Mpa,0.0236 Mpa,,,,0.290 Mpa,0.160 Mpa,0.238 Mpa,0.765 Mpa,0.0332 Mpa,10.1%,6.19%,,,,12.2%,8.07%,7.65%,25.8%,1.17%
2026-08-11 09:00:00,0.0307 Mpa,0.0607 Mpa,,,,0.142 Mpa,0.207 Mpa,0.283 Mpa,0.174 Mpa,0.169 Mpa,8.43%,7.34%,,,,7.93%,9.45%,9.04%,9.42%,4.93%
2026-08-11 11:00:00,0.424 Mpa,0.180 Mpa,,,0.0286 Mpa,0.0924 Mpa,0.477 Mpa,0.195 Mpa,0.871 Mpa,0.00955 Mpa,19.1%,9.76%,,,9.29%,6.56%,18.8%,6.51%,28.5%,0.863%
2026-08-11 13:00:00,0.0361 Mpa,0.0491 Mpa,,,0.227 Mpa,0.671 Mpa,0.630 Mpa,0.282 Mpa,0.0775 Mpa,0.129 Mpa,8.62%,6.38%,,,15.9%,24.2%,23.7%,9.60%,6.21%,4.97%
2026-08-11 15:00:00,0.202 Mpa,0.127 Mpa,,,0.0136 Mpa,0.142 Mpa,0.583 Mpa,0.176 Mpa,0.00932 Mpa,0.196 Mpa,13.1%,7.62%,,,7.74%,7.85%,22.4%,6.40%,4.18%,6.08%
2026-08-11 17:00:00,0.0273 Mpa,0.0312 Mpa,,,0.210 Mpa,0.281 Mpa,0.161 Mpa,0.227 Mpa,0.0620 Mpa,0.116 Mpa,8.45%,4.71%,,,14.9%,12.8%,8.89%,8.60%,5.28%,5.89%
2026-08-11 19:00:00,0.0574 Mpa,0.221 Mpa,,,0.0173 Mpa,0.154 Mpa,0.0286 Mpa,0.0622 Mpa,0.0181 Mpa,0.0135 Mpa,9.24%,11.6%,,,23.5%,8.65%,4.58%,3.77%,4.33%,6.77%
2026-08-11 21:00:00,0.0463 Mpa,0.0425 Mpa,0.0240 Mpa,,0.144 Mpa,0.223 Mpa,0.300 Mpa,0.0974 Mpa,0.0686 Mpa,0.268 Mpa,8.89%,4.85%,2.79%,,12.2%,10.3%,13.5%,4.75%,5.82%,9.48%
2026-08-11 23:00:00,0.122 Mpa,0.0786 Mpa,0.117 Mpa,,0.204 Mpa,0.253 Mpa,0.266 Mpa,0.0872 Mpa,0.103 Mpa,0.0593 Mpa,10.5%,6.65%,5.19%,,14.2%,11.3%,12.0%,4.52%,6.72%,4.02%
2026-08-12 01:00:00,1.35 Mpa,0.319 Mpa,0.0441 Mpa,,0.0876 Mpa,0.272 Mpa,0.0975 Mpa,0.188 Mpa,0.0829 Mpa,0 Mpa,41.5%,13.5%,2.97%,,10.5%,12.7%,7.08%,10.1%,5.91%,0.400%
2026-08-12 03:00:00,0.0702 Mpa,0.453 Mpa,0.616 Mpa,,0.170 Mpa,0.110 Mpa,0.0270 Mpa,0.0659 Mpa,0.0109 Mpa,0.00197 Mpa,8.04%,17.7%,17.8%,,13.1%,7.46%,4.72%,3.73%,4.08%,46.9%
2026-08-12 05:00:00,0.170 Mpa,0.0467 Mpa,0.360 Mpa,,0.106 Mpa,0.178 Mpa,0.540 Mpa,0.234 Mpa,0.0549 Mpa,0.0777 Mpa,11.9%,7.01%,11.5%,,11.3%,8.66%,20.3%,8.29%,5.77%,4.51%
2026-08-12 07:00:00,0.513 Mpa,0.290 Mpa,0.108 Mpa,,0.157 Mpa,1.35 Mpa,0.103 Mpa,0.233 Mpa,0.0140 Mpa,0.0119 Mpa,20.9%,15.6%,5.11%,,13.3%,43.0%,8.09%,7.91%,4.70%,2.25%
2026-08-12 09:00:00,0.00769 Mpa,0.0437 Mpa,0.0355 Mpa,,0.0778 Mpa,0.405 Mpa,0.745 Mpa,0.0501 Mpa,0.127 Mpa,0.0218 Mpa,7.87%,6.49%,3.11%,,10.3%,14.7%,25.0%,2.77%,8.05%,32.4%
2026-08-12 11:00:00,0.113 Mpa,0.186 Mpa,0.0622 Mpa,,0.137 Mpa,0.346 Mpa,0.416 Mpa,0.412 Mpa,0.111 Mpa,0.0209 Mpa,10.4%,10.5%,4.10%,,12.0%,12.9%,16.3%,13.5%,7.79%,0.624%
2026-08-12 13:00:00,0.167 Mpa,0.0897 Mpa,0.178 Mpa,,0.137 Mpa,0.570 Mpa,0.0327 Mpa,0.133 Mpa,0.156 Mpa,0.128 Mpa,15.0%,8.65%,8.68%,,12.2%,20.3%,4.82%,5.42%,9.04%,12.0%
2026-08-12 15:00:00,0.276 Mpa,0.101 Mpa,0.0204 Mpa,0.000548 Mpa,0.0518 Mpa,0.283 Mpa,0.0122 Mpa,0.200 Mpa,0.0363 Mpa,0.00876 Mpa,14.9%,7.79%,2.61%,4.73%,9.35%,11.6%,3.85%,7.48%,5.44%,4.24%
2026-08-12 17:00:00,0.403 Mpa,0.0811 Mpa,0.0240 Mpa,,0.118 Mpa,0.217 Mpa,0.0733 Mpa,0.0821 Mpa,0.0749 Mpa,0.0490 Mpa,20.3%,8.42%,2.80%,,12.1%,11.4%,6.64%,3.63%,6.52%,6.35%
2026-08-12 19:00:00,0.124 Mpa,0.0251 Mpa,0.0240 Mpa,0 Mpa,0.0566 Mpa,0.162 Mpa,0.00393 Mpa,0.154 Mpa,0.0355 Mpa,0.0355 Mpa,11.5%,5.35%,1.62%,4.23%,10.3%,9.07%,4.19%,6.60%,4.78%,18.3%
2026-08-12 21:00:00,0.111 Mpa,0.0274 Mpa,0.0240 Mpa,0.0748 Mpa,0.153 Mpa,0.183 Mpa,0.0602 Mpa,0.0827 Mpa,0.127 Mpa,0 Mpa,10.6%,6.75%,1.44%,5.58%,13.1%,9.52%,6.02%,4.67%,7.73%,12.6%
2026-08-12 23:00:00,0.290 Mpa,0.0691 Mpa,0.105 Mpa,0.855 Mpa,0.0576 Mpa,0.0390 Mpa,0.226 Mpa,0.00939 Mpa,0.110 Mpa,0 Mpa,15.2%,7.81%,4.40%,27.2%,10.1%,20.9%,10.9%,2.43%,7.01%,4.56%
2026-08-13 01:00:00,0.194 Mpa,0.248 Mpa,0.0765 Mpa,0.422 Mpa,0.100 Mpa,0.197 Mpa,0.0996 Mpa,0.0602 Mpa,0.0358 Mpa,0.0424 Mpa,12.9%,11.0%,3.87%,15.9%,11.4%,9.24%,6.60%,4.01%,4.70%,10.4%
2026-08-13 03:00:00,0.357 Mpa,0.236 Mpa,0.0971 Mpa,0.0368 Mpa,0.309 Mpa,0.123 Mpa,0.00300 Mpa,0.0586 Mpa,0.0194 Mpa,0.109 Mpa,19.7%,11.1%,4.90%,5.32%,17.8%,6.73%,4.18%,3.17%,4.55%,16.3%
2026-08-13 05:00:00,0.751 Mpa,0.212 Mpa,0.0322 Mpa,0.185 Mpa,0.486 Mpa,0.124 Mpa,0.139 Mpa,0.0932 Mpa,0.0576 Mpa,0.0707 Mpa,28.2%,11.0%,3.25%,9.18%,22.4%,7.37%,7.94%,4.40%,5.68%,9.72%
2026-08-13 07:00:00,0.542 Mpa,0.115 Mpa,0.0419 Mpa,0.0739 Mpa,0.0871 Mpa,0.0478 Mpa,0.136 Mpa,0.0393 Mpa,0.0746 Mpa,0.0232 Mpa,24.8%,8.78%,3.14%,6.96%,10.5%,5.65%,8.53%,3.11%,6.06%,3.08%
2026-08-13 09:00:00,0.490 Mpa,0.0814 Mpa,0.0377 Mpa,0.0626 Mpa,0.135 Mpa,0.0436 Mpa,0.0704 Mpa,0.0139 Mpa,0.0805 Mpa,0.0885 Mpa,20.7%,6.89%,3.32%,6.15%,11.2%,5.31%,5.06%,1.92%,6.48%,5.40%
2026-08-13 11:00:00,0.295 Mpa,0.0437 Mpa,0.0889 Mpa,0 Mpa,0.247 Mpa,0.118 Mpa,0.140 Mpa,0.0465 Mpa,0.0585 Mpa,0.0824 Mpa,16.3%,6.62%,4.84%,4.41%,13.5%,6.83%,8.43%,2.87%,5.99%,4.93%
2026-08-13 13:00:00,0.0801 Mpa,0.206 Mpa,0.311 Mpa,0 Mpa,0 Mpa,0.515 Mpa,0.113 Mpa,0.105 Mpa,0.439 Mpa,0.102 Mpa,10.4%,10.8%,11.7%,4.65%,8.90%,18.2%,6.84%,4.91%,17.1%,6.16%
2026-08-13 15:00:00,0.229 Mpa,0.0600 Mpa,0.135 Mpa,0.0543 Mpa,0.486 Mpa,0.140 Mpa,0.0559 Mpa,0.889 Mpa,0.0267 Mpa,0.0811 Mpa,32.7%,7.64%,5.99%,5.62%,21.1%,7.62%,5.36%,28.2%,4.72%,5.91%
2026-08-13 17:00:00,0.190 Mpa,0.0932 Mpa,0.249 Mpa,0.144 Mpa,0.146 Mpa,0.632 Mpa,0.112 Mpa,0.148 Mpa,0.146 Mpa,0.0314 Mpa,37.6%,11.9%,9.49%,8.15%,12.1%,21.7%,6.97%,5.82%,8.65%,2.58%
2026-08-13 19:00:00,0.0322 Mpa,0 Mpa,0.108 Mpa,0.282 Mpa,0.0248 Mpa,0.202 Mpa,0.126 Mpa,0.153 Mpa,0.0116 Mpa,0.0628 Mpa,8.29%,5.20%,5.10%,11.3%,8.37%,9.60%,7.45%,6.33%,4.80%,3.32%
2026-08-13 21:00:00,0.430 Mpa,,0.0685 Mpa,0.0471 Mpa,0.275 Mpa,0.147 Mpa,0.474 Mpa,0.0537 Mpa,0.377 Mpa,0.173 Mpa,19.6%,,4.03%,5.12%,16.6%,8.68%,18.2%,3.34%,15.3%,6.31%
2026-08-13 23:00:00,0.0639 Mpa,,0.0837 Mpa,0.0319 Mpa,0.0724 Mpa,0.0542 Mpa,0.276 Mpa,0.0211 Mpa,0.219 Mpa,0.0805 Mpa,9.16%,,4.28%,3.79%,10.1%,5.31%,11.7%,1.88%,10.5%,3.85%
2026-08-14 01:00:00,0.151 Mpa,,0.0640 Mpa,0.152 Mpa,0.0751 Mpa,0.222 Mpa,0.334 Mpa,0.184 Mpa,0.0965 Mpa,0.182 Mpa,11.9%,,3.65%,8.18%,10.8%,10.7%,12.7%,6.88%,7.25%,6.49%
2026-08-14 03:00:00,0.0953 Mpa,0.257 Mpa,0.0493 Mpa,0.00593 Mpa,0.0687 Mpa,0.161 Mpa,0.0813 Mpa,0.379 Mpa,0.0727 Mpa,0.0875 Mpa,10.1%,13.8%,3.56%,5.04%,9.95%,8.94%,6.22%,12.7%,6.18%,4.13%
2026-08-14 05:00:00,0.0712 Mpa,0.0233 Mpa,0.0144 Mpa,0.401 Mpa,0.0655 Mpa,0.120 Mpa,0.0244 Mpa,0.118 Mpa,0.0679 Mpa,0.0462 Mpa,9.97%,4.84%,2.49%,15.2%,10.2%,8.33%,4.49%,5.43%,5.93%,3.72%
2026-08-14 07:00:00,0.298 Mpa,0.0694 Mpa,0.0143 Mpa,0.230 Mpa,0.149 Mpa,0.129 Mpa,0.168 Mpa,0.242 Mpa,0.0594 Mpa,0.0906 Mpa,15.2%,6.26%,3.07%,10.3%,11.8%,8.11%,9.10%,11.8%,5.77%,4.71%
2026-08-14 09:00:00,0.484 Mpa,0.0424 Mpa,0.0627 Mpa,0.197 Mpa,0.0515 Mpa,0.0283 Mpa,0.0720 Mpa,0.199 Mpa,0.0890 Mpa,0.0415 Mpa,19.8%,5.57%,3.87%,9.84%,9.05%,4.93%,6.17%,8.62%,6.46%,2.22%
2026-08-14 11:00:00,0.154 Mpa,0.154 Mpa,0.0522 Mpa,0.00897 Mpa,0.0887 Mpa,0.117 Mpa,0.138 Mpa,0.159 Mpa,0.475 Mpa,0.0772 Mpa,12.4%,10.3%,3.79%,5.21%,9.98%,7.00%,8.12%,6.66%,17.4%,3.68%
2026-08-14 13:00:00,0.145 Mpa,0.202 Mpa,0.0115 Mpa,0 Mpa,0.108 Mpa,0.106 Mpa,0.134 Mpa,0.660 Mpa,0.0341 Mpa,0.0127 Mpa,12.2%,12.0%,2.78%,5.12%,8.34%,7.24%,6.80%,21.3%,5.60%,2.02%
2026-08-14 15:00:00,0.215 Mpa,0.0852 Mpa,0.159 Mpa,0.0310 Mpa,0.0700 Mpa,0.150 Mpa,0.192 Mpa,0.204 Mpa,0.0462 Mpa,0.0529 Mpa,15.1%,7.14%,7.16%,5.71%,9.08%,8.34%,9.45%,8.06%,5.31%,4.95%
2026-08-14 17:00:00,0.410 Mpa,0.0244 Mpa,0.127 Mpa,0.249 Mpa,0.908 Mpa,0.269 Mpa,0.375 Mpa,0.0963 Mpa,0.0762 Mpa,0.0530 Mpa,19.3%,5.89%,6.00%,11.4%,37.2%,11.5%,15.0%,4.55%,6.41%,8.96%
2026-08-14 19:00:00,0.118 Mpa,0.0997 Mpa,,0.114 Mpa,0.00861 Mpa,0.273 Mpa,0.188 Mpa,0.0600 Mpa,0.187 Mpa,0.0716 Mpa,10.7%,9.29%,,7.20%,8.16%,12.8%,9.27%,3.49%,9.35%,3.77%
2026-08-14 21:00:00,0.204 Mpa,0.151 Mpa,,0.0374 Mpa,0.324 Mpa,0.351 Mpa,0.538 Mpa,0.186 Mpa,0.369 Mpa,0.0390 Mpa,13.1%,10.2%,,5.37%,17.5%,17.4%,20.5%,7.08%,14.8%,3.05%
2026-08-14 23:00:00,0.161 Mpa,0.0100 Mpa,,0.0190 Mpa,0.225 Mpa,0.733 Mpa,0.409 Mpa,0.0441 Mpa,0.236 Mpa,0.0519 Mpa,12.4%,6.49%,,5.24%,15.0%,24.2%,16.4%,3.08%,11.5%,9.08%
2026-08-15 01:00:00,0.0648 Mpa,0.234 Mpa,,0.0903 Mpa,0.0447 Mpa,0.172 Mpa,0.0529 Mpa,0.109 Mpa,0.0921 Mpa,0.197 Mpa,10.1%,12.7%,,6.86%,8.87%,9.02%,5.25%,4.28%,7.19%,7.24%
2026-08-15 03:00:00,0.614 Mpa,0.129 Mpa,,0.119 Mpa,0.0853 Mpa,0.568 Mpa,0.0630 Mpa,0.0988 Mpa,0.0751 Mpa,0.0250 Mpa,24.6%,9.21%,,7.43%,13.6%,20.1%,6.06%,4.30%,6.98%,2.17%
2026-08-15 05:00:00,0.203 Mpa,0.143 Mpa,0.124 Mpa,0.0731 Mpa,0.104 Mpa,0.215 Mpa,0.0232 Mpa,0.0844 Mpa,0.0372 Mpa,0.0543 Mpa,13.2%,8.86%,7.00%,5.91%,12.1%,10.4%,4.88%,4.15%,5.22%,3.50%
2026-08-15 07:00:00,0.0896 Mpa,0.123 Mpa,0.159 Mpa,0.0990 Mpa,0.0301 Mpa,0.115 Mpa,0.0202 Mpa,0.0482 Mpa,0.101 Mpa,0.0773 Mpa,10.3%,8.28%,20.9%,6.65%,9.01%,8.25%,4.79%,2.61%,6.21%,4.50%
2026-08-15 09:00:00,0.127 Mpa,0.367 Mpa,0.0682 Mpa,0.0264 Mpa,0.0439 Mpa,0.142 Mpa,0.235 Mpa,0.250 Mpa,0.115 Mpa,0.0708 Mpa,11.2%,15.6%,5.75%,5.16%,9.02%,8.90%,11.5%,8.81%,6.34%,3.58%
2026-08-15 11:00:00,0.0991 Mpa,0.160 Mpa,0.114 Mpa,0.0601 Mpa,0.129 Mpa,0.345 Mpa,0.0866 Mpa,0.0828 Mpa,0.0974 Mpa,0.0311 Mpa,10.5%,9.40%,11.3%,6.17%,12.2%,14.8%,6.41%,3.40%,5.95%,2.95%
2026-08-15 13:00:00,0.0865 Mpa,0.397 Mpa,0.166 Mpa,0.493 Mpa,0.0136 Mpa,0.0206 Mpa,0.256 Mpa,0.281 Mpa,0.0304 Mpa,0.0569 Mpa,10.6%,17.9%,23.4%,18.7%,7.50%,4.62%,12.0%,9.40%,3.94%,4.47%
2026-08-15 15:00:00,0.0344 Mpa,0.0838 Mpa,0.378 Mpa,0.682 Mpa,0.217 Mpa,0.632 Mpa,0.0275 Mpa,0.0466 Mpa,0.0921 Mpa,0.134 Mpa,8.42%,7.00%,14.0%,23.9%,15.0%,23.2%,4.89%,2.45%,5.61%,6.50%
2026-08-15 17:00:00,0.127 Mpa,0.0952 Mpa,0.652 Mpa,0.0380 Mpa,0.114 Mpa,0.129 Mpa,0.110 Mpa,,0.148 Mpa,0.164 Mpa,10.8%,7.81%,22.2%,4.96%,10.8%,7.88%,7.97%,,7.82%,6.89%
2026-08-15 19:00:00,0.102 Mpa,0.166 Mpa,0.165 Mpa,0.0754 Mpa,0.120 Mpa,0.855 Mpa,0.228 Mpa,,0.0502 Mpa,0.0666 Mpa,16.6%,11.1%,6.60%,6.22%,9.89%,29.7%,10.7%,,5.25%,3.58%
2026-08-15 21:00:00,0.0958 Mpa,0.0983 Mpa,0.155 Mpa,0.0670 Mpa,0.140 Mpa,0.546 Mpa,0.0886 Mpa,,0.0341 Mpa,0.155 Mpa,10.5%,8.48%,6.96%,6.26%,12.4%,20.2%,6.90%,,5.47%,5.47%
2026-08-15 23:00:00,0.166 Mpa,0.0506 Mpa,0.0504 Mpa,0.0651 Mpa,0.0491 Mpa,0.0595 Mpa,0.0693 Mpa,0.0358 Mpa,0.179 Mpa,0.195 Mpa,13.0%,7.14%,3.81%,5.77%,9.77%,6.58%,6.23%,3.26%,8.90%,6.88%
2026-08-16 01:00:00,0.845 Mpa,0.494 Mpa,0.0583 Mpa,0 Mpa,0.0399 Mpa,0.0799 Mpa,0.158 Mpa,,0.0334 Mpa,0.0408 Mpa,29.0%,18.8%,3.94%,4.31%,9.17%,6.85%,8.99%,,4.73%,3.87%
2026-08-16 03:00:00,0.0203 Mpa,0.349 Mpa,0.104 Mpa,0.0818 Mpa,0.108 Mpa,0.197 Mpa,0.0865 Mpa,0.318 Mpa,0.163 Mpa,0.171 Mpa,8.08%,13.7%,5.38%,6.32%,10.9%,10.6%,6.71%,11.5%,8.60%,9.79%
2026-08-16 05:00:00,0.0378 Mpa,0.687 Mpa,0.0566 Mpa,0.145 Mpa,0.0616 Mpa,0.469 Mpa,0.0945 Mpa,0.0419 Mpa,0.0643 Mpa,0.0222 Mpa,8.93%,24.4%,7.44%,7.90%,10.2%,18.8%,6.94%,2.53%,5.66%,4.63%
2026-08-16 07:00:00,0.238 Mpa,0.128 Mpa,0.100 Mpa,0.0287 Mpa,0.0368 Mpa,0.399 Mpa,0.0113 Mpa,0.0546 Mpa,0.0801 Mpa,0.0905 Mpa,15.5%,8.91%,5.87%,5.15%,8.61%,15.9%,3.52%,2.74%,6.65%,4.94%
2026-08-16 09:00:00,0.633 Mpa,0.0939 Mpa,0.107 Mpa,0.0244 Mpa,0.0978 Mpa,0.0880 Mpa,0.239 Mpa,0.0185 Mpa,0.202 Mpa,0.0211 Mpa,24.6%,8.44%,5.42%,5.32%,11.1%,6.61%,11.6%,1.46%,9.72%,5.64%
2026-08-16 11:00:00,0.107 Mpa,0.200 Mpa,0.0775 Mpa,0.0770 Mpa,0.0685 Mpa,0.101 Mpa,0.388 Mpa,0.0270 Mpa,0.240 Mpa,0.0217 Mpa,10.7%,9.99%,13.8%,7.06%,10.6%,9.61%,16.0%,1.85%,11.1%,2.96%
2026-08-16 13:00:00,0.0494 Mpa,0.0538 Mpa,0.149 Mpa,0.0600 Mpa,0.0805 Mpa,,0.431 Mpa,0.388 Mpa,0.101 Mpa,0.137 Mpa,9.21%,6.17%,7.12%,6.73%,10.2%,,17.1%,13.5%,7.29%,5.90%
2026-08-16 15:00:00,0.0752 Mpa,0.0535 Mpa,0.115 Mpa,0.0984 Mpa,0.309 Mpa,,0.295 Mpa,0.0855 Mpa,0.0641 Mpa,0.135 Mpa,9.39%,5.55%,6.04%,7.55%,18.1%,,13.3%,3.58%,6.59%,6.10%
2026-08-16 17:00:00,0.0611 Mpa,0.0239 Mpa,0.0994 Mpa,0.105 Mpa,0.571 Mpa,,0.176 Mpa,0.135 Mpa,0.146 Mpa,0.143 Mpa,9.54%,4.80%,6.03%,6.81%,25.3%,,9.51%,5.53%,8.73%,6.44%
2026-08-16 19:00:00,0.00632 Mpa,0.0474 Mpa,0.0224 Mpa,0.0652 Mpa,0.197 Mpa,,0.00540 Mpa,0.368 Mpa,0.178 Mpa,0.00780 Mpa,7.93%,6.52%,2.84%,5.95%,10.8%,,4.20%,20.3%,9.64%,1.56%
2026-08-16 21:00:00,0.355 Mpa,0.0925 Mpa,0.0771 Mpa,0.0624 Mpa,0.289 Mpa,,0.350 Mpa,0.246 Mpa,0.133 Mpa,0.0221 Mpa,17.8%,7.74%,4.50%,5.90%,24.4%,,14.9%,10.1%,9.51%,1.74%
2026-08-16 23:00:00,0.0397 Mpa,0.111 Mpa,0.0325 Mpa,0.0495 Mpa,1.58 Mpa,,1.22 Mpa,1.13 Mpa,0.0889 Mpa,0.272 Mpa,7.78%,9.18%,2.97%,5.56%,59.0%,,41.4%,34.6%,13.7%,10.9%
2026-08-17 01:00:00,0.130 Mpa,0.0769 Mpa,0.482 Mpa,0.0802 Mpa,0.109 Mpa,,1.42 Mpa,0.115 Mpa,0.168 Mpa,0.120 Mpa,10.7%,8.61%,16.4%,12.5%,9.67%,,46.9%,6.22%,9.28%,5.90%
2026-08-17 03:00:00,0.0758 Mpa,0.130 Mpa,0.00606 Mpa,0.00305 Mpa,0.0760 Mpa,,0 Mpa,0.180 Mpa,0.0764 Mpa,0.0327 Mpa,9.53%,9.11%,2.54%,5.29%,9.44%,,3.20%,14.6%,6.33%,10.3%
2026-08-17 05:00:00,0.310 Mpa,0.0939 Mpa,0.165 Mpa,0.871 Mpa,0.221 Mpa,,,0 Mpa,0.0919 Mpa,0.0369 Mpa,16.1%,7.83%,17.1%,29.1%,15.1%,,,2.70%,6.82%,2.34%
2026-08-17 07:00:00,0.0921 Mpa,0.0244 Mpa,0.393 Mpa,0.174 Mpa,0.103 Mpa,,,0.105 Mpa,0.112 Mpa,0.0502 Mpa,10.1%,5.30%,14.2%,8.79%,11.6%,,,4.11%,7.48%,4.13%
2026-08-17 09:00:00,0.0439 Mpa,0.249 Mpa,0.0395 Mpa,0.0727 Mpa,0.0672 Mpa,,0.00105 Mpa,0.428 Mpa,0.0268 Mpa,0.131 Mpa,8.65%,10.8%,3.51%,6.39%,9.71%,,2.93%,14.4%,4.98%,6.38%
2026-08-17 11:00:00,0.115 Mpa,0.00623 Mpa,0.0738 Mpa,0.232 Mpa,0.307 Mpa,0.261 Mpa,,0.294 Mpa,0.117 Mpa,0.0806 Mpa,10.0%,3.97%,20.3%,11.5%,16.8%,12.0%,,10.6%,7.27%,4.48%
2026-08-17 13:00:00,0.0775 Mpa,0 Mpa,0.0373 Mpa,0.165 Mpa,0.0759 Mpa,0.132 Mpa,,0.120 Mpa,0.0870 Mpa,0.114 Mpa,9.25%,5.62%,6.05%,9.29%,10.6%,12.2%,,4.29%,6.64%,6.85%
2026-08-17 15:00:00,0.322 Mpa,0.0240 Mpa,0.0390 Mpa,0.0502 Mpa,0.122 Mpa,0.0772 Mpa,,0.595 Mpa,0.228 Mpa,0.146 Mpa,16.0%,7.21%,8.28%,5.55%,12.0%,6.45%,,18.7%,10.9%,6.51%
2026-08-17 17:00:00,0.188 Mpa,0.661 Mpa,0.559 Mpa,0.117 Mpa,0.147 Mpa,0.100 Mpa,,0.520 Mpa,0.142 Mpa,0.252 Mpa,12.6%,24.4%,18.9%,7.54%,12.3%,7.51%,,16.7%,7.49%,9.42%
2026-08-17 19:00:00,0.136 Mpa,0.0736 Mpa,0.0915 Mpa,0.493 Mpa,0.0685 Mpa,0.0440 Mpa,,0.285 Mpa,0.0985 Mpa,,11.0%,6.10%,4.91%,18.2%,8.70%,4.98%,,10.5%,6.29%,
2026-08-17 21:00:00,0.157 Mpa,0.113 Mpa,0.421 Mpa,0.588 Mpa,0.0956 Mpa,0.432 Mpa,,0.347 Mpa,0.0471 Mpa,,11.7%,7.40%,14.9%,21.2%,9.89%,16.7%,,12.8%,4.91%,
2026-08-17 23:00:00,0.535 Mpa,1.09 Mpa,0.0761 Mpa,0.239 Mpa,0.144 Mpa,0.164 Mpa,,0.290 Mpa,0.0469 Mpa,,21.7%,35.4%,4.44%,12.2%,11.4%,9.61%,,11.0%,4.74%,
2026-08-18 01:00:00,0.144 Mpa,0.298 Mpa,0.0219 Mpa,0.0220 Mpa,0.301 Mpa,0.148 Mpa,0.000413 Mpa,,0.0590 Mpa,0.178 Mpa,10.9%,14.8%,2.99%,12.7%,15.0%,9.03%,3.80%,,6.76%,8.31%
2026-08-18 03:00:00,0.856 Mpa,0.124 Mpa,0.0898 Mpa,0.300 Mpa,0.189 Mpa,0.111 Mpa,0.000738 Mpa,0.396 Mpa,0.0669 Mpa,0.126 Mpa,30.3%,9.22%,4.99%,13.0%,12.2%,7.70%,3.89%,13.4%,7.12%,4.70%
2026-08-18 05:00:00,0.594 Mpa,0.0272 Mpa,0.202 Mpa,0.139 Mpa,0.184 Mpa,0.0752 Mpa,0.351 Mpa,0.149 Mpa,0.0417 Mpa,0.0456 Mpa,22.2%,6.83%,8.26%,7.86%,13.8%,7.14%,13.3%,6.35%,9.25%,3.57%
2026-08-18 07:00:00,0.292 Mpa,0.396 Mpa,0.0832 Mpa,0.182 Mpa,0.0602 Mpa,0.0732 Mpa,0.627 Mpa,0.0928 Mpa,0.0426 Mpa,0.0945 Mpa,12.6%,16.8%,4.70%,8.90%,8.95%,7.08%,21.9%,4.21%,4.87%,5.46%
2026-08-18 09:00:00,0.167 Mpa,0.377 Mpa,0.0448 Mpa,0.230 Mpa,0.0731 Mpa,0.115 Mpa,0.135 Mpa,0.158 Mpa,0.0542 Mpa,0.0187 Mpa,10.6%,15.5%,3.79%,10.7%,9.56%,7.52%,8.33%,6.27%,5.20%,2.10%
2026-08-18 11:00:00,0.186 Mpa,0.115 Mpa,0.122 Mpa,0.0687 Mpa,0.0709 Mpa,0.112 Mpa,0.0926 Mpa,0.478 Mpa,0.326 Mpa,0.0275 Mpa,11.4%,8.07%,6.36%,6.47%,9.06%,8.82%,7.03%,15.4%,13.3%,3.20%
2026-08-18 13:00:00,0.0692 Mpa,0.224 Mpa,0.0951 Mpa,0.171 Mpa,0.0693 Mpa,0.742 Mpa,0.0724 Mpa,0.163 Mpa,0.543 Mpa,0.209 Mpa,9.55%,11.5%,5.50%,9.92%,9.72%,26.2%,6.05%,6.61%,19.7%,7.95%
2026-08-18 15:00:00,0.0837 Mpa,0.180 Mpa,0.0522 Mpa,0.122 Mpa,0.176 Mpa,0.221 Mpa,0.0386 Mpa,0.0581 Mpa,0.288 Mpa,0.0769 Mpa,10.0%,10.7%,3.95%,8.52%,13.6%,9.77%,4.01%,3.50%,12.8%,5.90%
2026-08-18 17:00:00,0.151 Mpa,0.0873 Mpa,0.0156 Mpa,0.207 Mpa,0.0983 Mpa,0.118 Mpa,0.0843 Mpa,0.0808 Mpa,0.153 Mpa,0.0772 Mpa,11.7%,7.95%,12.6%,10.2%,10.9%,7.53%,6.14%,3.59%,8.63%,4.20%
2026-08-18 19:00:00,0.0132 Mpa,0.193 Mpa,0.278 Mpa,0.124 Mpa,0.0191 Mpa,0.0890 Mpa,0.148 Mpa,0.0273 Mpa,0.257 Mpa,0.0211 Mpa,7.64%,10.3%,15.0%,8.44%,8.55%,6.66%,8.79%,1.78%,11.7%,2.19%
2026-08-18 21:00:00,0.0952 Mpa,0.195 Mpa,0.392 Mpa,0.179 Mpa,0.0829 Mpa,0.0708 Mpa,0.112 Mpa,0.0477 Mpa,0.614 Mpa,0.206 Mpa,9.93%,10.1%,13.4%,9.37%,10.4%,6.06%,7.82%,2.86%,22.6%,7.91%
2026-08-18 23:00:00,0.182 Mpa,0.0280 Mpa,0.129 Mpa,0.221 Mpa,0.109 Mpa,0.0964 Mpa,0.300 Mpa,0.176 Mpa,0.363 Mpa,0.373 Mpa,12.5%,5.58%,9.32%,25.7%,11.0%,6.73%,13.1%,6.17%,13.5%,11.6%
2026-08-19 01:00:00,0.0892 Mpa,0.0992 Mpa,0.513 Mpa,0.0873 Mpa,0.0800 Mpa,0.0903 Mpa,0.0331 Mpa,2.04 Mpa,0.0580 Mpa,0.235 Mpa,9.63%,7.42%,17.2%,6.92%,10.1%,7.22%,5.04%,59.5%,5.31%,8.05%
2026-08-19 03:00:00,0.102 Mpa,0.00159 Mpa,0.0499 Mpa,0.168 Mpa,0.0676 Mpa,0.130 Mpa,0.111 Mpa,1.71 Mpa,0.726 Mpa,0.0147 Mpa,10.4%,4.43%,4.05%,9.51%,9.32%,8.30%,7.14%,50.0%,24.8%,2.45%
2026-08-19 05:00:00,0.175 Mpa,0.162 Mpa,0.0505 Mpa,0.0895 Mpa,0.112 Mpa,0.268 Mpa,0.141 Mpa,,0.667 Mpa,0.0401 Mpa,13.2%,9.18%,3.95%,7.15%,22.1%,11.8%,8.47%,,23.1%,2.92%
2026-08-19 07:00:00,0.186 Mpa,0.460 Mpa,0.0435 Mpa,0.0196 Mpa,0.128 Mpa,0.378 Mpa,0.0912 Mpa,,0.992 Mpa,0.127 Mpa,13.9%,17.6%,3.47%,5.21%,9.50%,15.5%,6.79%,,32.5%,5.49%
2026-08-19 09:00:00,0.0925 Mpa,0.183 Mpa,0.0236 Mpa,0.0216 Mpa,0.279 Mpa,0.137 Mpa,0.109 Mpa,,0.205 Mpa,0.0213 Mpa,9.19%,9.62%,2.97%,4.74%,17.3%,8.86%,7.56%,,10.1%,2.77%
2026-08-19 11:00:00,0.0994 Mpa,0.155 Mpa,0.0659 Mpa,0.0264 Mpa,0.249 Mpa,0.416 Mpa,0.234 Mpa,,0.0745 Mpa,0.0335 Mpa,10.1%,9.37%,4.41%,4.56%,16.3%,16.1%,11.4%,,5.65%,2.90%
2026-08-19 13:00:00,0.0390 Mpa,1.02 Mpa,0.103 Mpa,0.165 Mpa,2.40 Mpa,0.236 Mpa,0.294 Mpa,,0.0711 Mpa,0.0307 Mpa,8.63%,33.8%,5.88%,9.15%,84.2%,11.0%,13.1%,,6.36%,2.31%
2026-08-19 15:00:00,0.0747 Mpa,0.0189 Mpa,0.0823 Mpa,0.0390 Mpa,0 Mpa,0.352 Mpa,0.0649 Mpa,0.0750 Mpa,0.223 Mpa,0.139 Mpa,9.73%,4.62%,4.92%,5.19%,7.98%,14.4%,5.91%,2.74%,11.1%,6.29%
2026-08-19 17:00:00,0.0688 Mpa,0.0623 Mpa,0.100 Mpa,0.0827 Mpa,,0.802 Mpa,0.124 Mpa,1.01 Mpa,0.116 Mpa,0.108 Mpa,9.42%,6.14%,6.75%,15.4%,,27.2%,7.81%,29.7%,7.49%,5.47%
2026-08-19 19:00:00,0.231 Mpa,0.143 Mpa,0.248 Mpa,0.130 Mpa,,0.397 Mpa,0.134 Mpa,1.21 Mpa,0.116 Mpa,0.0588 Mpa,15.5%,9.23%,9.53%,7.90%,,15.7%,8.32%,35.8%,7.31%,4.03%
2026-08-19 21:00:00,0.224 Mpa,0.0824 Mpa,0.250 Mpa,0.181 Mpa,,0.0996 Mpa,0.0507 Mpa,0.317 Mpa,0.101 Mpa,0.0227 Mpa,15.3%,7.54%,9.98%,8.98%,,10.4%,5.97%,10.4%,7.44%,3.04%
2026-08-19 23:00:00,0.109 Mpa,0.0753 Mpa,0.138 Mpa,0.0997 Mpa,,0.102 Mpa,0.113 Mpa,0.265 Mpa,0.232 Mpa,0.0205 Mpa,11.4%,6.61%,6.33%,7.09%,,8.92%,7.74%,11.3%,10.2%,2.72%
2026-08-20 01:00:00,0.102 Mpa,0.110 Mpa,0.0226 Mpa,0.0987 Mpa,0.667 Mpa,0.304 Mpa,0.0946 Mpa,0.228 Mpa,0.444 Mpa,0.352 Mpa,10.6%,8.96%,15.3%,8.64%,26.4%,13.2%,6.79%,8.71%,16.9%,10.8%
2026-08-20 03:00:00,0.150 Mpa,0.221 Mpa,0.166 Mpa,0.0793 Mpa,0.119 Mpa,0.0727 Mpa,0.0998 Mpa,0.249 Mpa,0.439 Mpa,0.0163 Mpa,11.6%,12.2%,7.26%,6.97%,11.1%,6.15%,7.20%,9.31%,21.7%,2.85%
2026-08-20 05:00:00,0.0447 Mpa,0.134 Mpa,0.0775 Mpa,0.0371 Mpa,0.301 Mpa,0.174 Mpa,0.217 Mpa,0.130 Mpa,0.0955 Mpa,0.0381 Mpa,9.07%,10.2%,4.50%,5.55%,16.4%,9.87%,10.6%,5.39%,7.45%,3.63%
2026-08-20 07:00:00,0.0797 Mpa,0.00256 Mpa,0.114 Mpa,0.117 Mpa,0.0692 Mpa,0.0846 Mpa,0.934 Mpa,0.0699 Mpa,0.0735 Mpa,0.126 Mpa,10.1%,6.40%,5.77%,6.84%,9.59%,6.57%,32.7%,4.02%,6.44%,6.31%
2026-08-20 09:00:00,0.126 Mpa,0.313 Mpa,0.0229 Mpa,0.183 Mpa,0.0926 Mpa,0.0240 Mpa,0.353 Mpa,0.00597 Mpa,0.0756 Mpa,0.0138 Mpa,10.9%,16.3%,2.78%,11.2%,10.3%,5.61%,14.6%,1.86%,6.67%,2.72%
2026-08-20 11:00:00,0.173 Mpa,0.102 Mpa,0.0790 Mpa,0.173 Mpa,0.611 Mpa,0.137 Mpa,0.126 Mpa,0.123 Mpa,0.0985 Mpa,0.0128 Mpa,12.4%,8.37%,4.75%,9.06%,28.0%,8.40%,7.85%,5.02%,7.46%,1.45%
2026-08-20 13:00:00,0.264 Mpa,0.00345 Mpa,0.0203 Mpa,0.100 Mpa,0.0558 Mpa,0.207 Mpa,0.255 Mpa,0.0500 Mpa,0.386 Mpa,0.135 Mpa,15.1%,6.04%,2.77%,7.27%,9.94%,9.23%,12.3%,3.51%,15.5%,6.56%
2026-08-20 15:00:00,0.740 Mpa,0.00125 Mpa,0.0932 Mpa,0.299 Mpa,0.0113 Mpa,0.0363 Mpa,0.0689 Mpa,0.154 Mpa,0.0399 Mpa,0.00981 Mpa,26.9%,4.83%,5.26%,13.2%,8.88%,4.86%,6.46%,6.11%,5.62%,3.63%
2026-08-20 17:00:00,,0.148 Mpa,0.124 Mpa,0.0652 Mpa,0.0744 Mpa,0.0883 Mpa,0.143 Mpa,0.164 Mpa,0.0514 Mpa,0.0574 Mpa,,9.13%,6.14%,6.49%,10.6%,7.63%,8.63%,6.91%,6.17%,4.44%
2026-08-20 19:00:00,,0.141 Mpa,0.0546 Mpa,0.0117 Mpa,0.772 Mpa,0.0858 Mpa,0.106 Mpa,0.186 Mpa,0.0747 Mpa,0.167 Mpa,,10.1%,3.87%,4.87%,33.3%,7.39%,7.60%,7.64%,6.62%,8.20%
2026-08-20 21:00:00,0.285 Mpa,0.616 Mpa,0.130 Mpa,0.0245 Mpa,0.270 Mpa,0.0542 Mpa,0.0609 Mpa,0.0697 Mpa,0.0518 Mpa,0.153 Mpa,15.2%,22.3%,6.40%,11.4%,17.2%,6.30%,5.95%,4.20%,6.00%,7.33%
2026-08-20 23:00:00,0.000214 Mpa,0.0843 Mpa,0.117 Mpa,0.0800 Mpa,0.0760 Mpa,0.0426 Mpa,0.111 Mpa,0.0412 Mpa,0.0453 Mpa,0.116 Mpa,7.75%,7.11%,5.71%,6.44%,10.9%,5.37%,7.68%,3.36%,5.59%,6.61%
2026-08-21 01:00:00,,0.169 Mpa,0.0348 Mpa,0.0658 Mpa,0.798 Mpa,0.0425 Mpa,0.00989 Mpa,0.263 Mpa,0.316 Mpa,0.141 Mpa,,8.89%,2.96%,13.3%,33.6%,9.35%,3.99%,9.88%,13.4%,7.99%
2026-08-21 03:00:00,,0.0750 Mpa,0.117 Mpa,0.0435 Mpa,0.201 Mpa,0.163 Mpa,0.321 Mpa,0.183 Mpa,0.0965 Mpa,0.00104 Mpa,,7.75%,5.76%,26.0%,14.1%,13.3%,12.4%,7.68%,7.25%,1.21%
2026-08-21 05:00:00,,0.135 Mpa,0.0589 Mpa,0.0194 Mpa,0.206 Mpa,0.165 Mpa,0.0746 Mpa,0.0978 Mpa,0.694 Mpa,0.0872 Mpa,,8.44%,3.96%,44.7%,17.1%,9.15%,6.11%,4.94%,24.4%,5.84%
2026-08-21 07:00:00,,0.370 Mpa,0.107 Mpa,0.118 Mpa,0.100 Mpa,0.100 Mpa,0.582 Mpa,0.161 Mpa,0.218 Mpa,0.141 Mpa,,16.2%,5.81%,22.9%,11.3%,7.10%,21.8%,6.52%,11.1%,6.12%
2026-08-21 09:00:00,,0.0138 Mpa,0.0186 Mpa,0.0352 Mpa,0.0761 Mpa,0.0913 Mpa,0.0766 Mpa,0.0816 Mpa,0.251 Mpa,0.00777 Mpa,,3.71%,2.94%,11.5%,10.7%,6.70%,6.00%,4.10%,11.8%,1.32%
2026-08-21 11:00:00,,0.255 Mpa,0.0956 Mpa,0.108 Mpa,0.320 Mpa,0.341 Mpa,0.947 Mpa,0.121 Mpa,0.0963 Mpa,0.173 Mpa,,12.1%,5.32%,8.04%,19.0%,14.0%,32.9%,5.31%,7.70%,5.86%
2026-08-21 13:00:00,,0.0680 Mpa,0.0655 Mpa,0.144 Mpa,0.247 Mpa,0.755 Mpa,0.0770 Mpa,0.437 Mpa,0.156 Mpa,0.400 Mpa,,6.55%,4.47%,21.1%,15.1%,26.2%,5.79%,14.7%,9.35%,13.8%
2026-08-21 15:00:00,0.000593 Mpa,0.0970 Mpa,0.0354 Mpa,0.0906 Mpa,0.0757 Mpa,0.914 Mpa,0.772 Mpa,0 Mpa,0.0724 Mpa,0.0911 Mpa,7.91%,7.27%,3.53%,6.70%,14.1%,30.9%,28.2%,2%,6.47%,5.91%
2026-08-21 17:00:00,,0.0782 Mpa,0.205 Mpa,0.136 Mpa,0.147 Mpa,0.0789 Mpa,0.108 Mpa,0.112 Mpa,0.128 Mpa,0.116 Mpa,,6.61%,8.00%,7.93%,12.5%,6.49%,7.15%,4.17%,8.30%,6.80%
2026-08-21 19:00:00,,0.151 Mpa,0.222 Mpa,0.0723 Mpa,0.0527 Mpa,0.118 Mpa,0.0641 Mpa,0.0467 Mpa,0.00878 Mpa,0.0351 Mpa,,9.17%,8.57%,5.79%,10.3%,7.60%,5.77%,3.25%,4.99%,5.67%
2026-08-21 21:00:00,0.244 Mpa,0.114 Mpa,0.140 Mpa,0.231 Mpa,0.647 Mpa,0.138 Mpa,0.138 Mpa,0.105 Mpa,0.160 Mpa,0.0460 Mpa,11.0%,7.22%,7.38%,11.1%,28.4%,8.86%,8.05%,5.06%,9.32%,4.90%
2026-08-21 23:00:00,0.225 Mpa,0.274 Mpa,0.0531 Mpa,0.164 Mpa,0.0871 Mpa,0.0995 Mpa,0.112 Mpa,0.442 Mpa,0.248 Mpa,0.0293 Mpa,19.9%,12.0%,3.83%,8.38%,9.69%,7.02%,7.62%,14.8%,11.2%,4.06%
2026-08-22 01:00:00,0.887 Mpa,0.285 Mpa,0.0728 Mpa,0.178 Mpa,0.0685 Mpa,0.130 Mpa,0.0909 Mpa,0.0387 Mpa,0.415 Mpa,0.188 Mpa,30.5%,11.2%,4.70%,8.65%,9.95%,7.64%,6.77%,3.13%,15.4%,7.48%
2026-08-22 03:00:00,0.123 Mpa,0.268 Mpa,0.115 Mpa,0.0323 Mpa,0.0479 Mpa,0.153 Mpa,0.170 Mpa,0.0402 Mpa,0.0852 Mpa,0.0769 Mpa,11.8%,12.8%,5.53%,5.42%,8.34%,8.87%,9.50%,3.32%,5.97%,2.65%
2026-08-22 05:00:00,0.133 Mpa,0.158 Mpa,0.0305 Mpa,0.0520 Mpa,0.0532 Mpa,0.106 Mpa,0.107 Mpa,0.233 Mpa,0.190 Mpa,0.129 Mpa,11.1%,8.49%,2.67%,5.31%,8.94%,8.21%,7.23%,10.2%,9.12%,4.88%
2026-08-22 07:00:00,0.0366 Mpa,0.0569 Mpa,0.164 Mpa,0.329 Mpa,0.181 Mpa,0.0681 Mpa,0.391 Mpa,0.0409 Mpa,0.0973 Mpa,0.0651 Mpa,8.83%,5.97%,10.3%,13.6%,12.4%,5.55%,16.1%,3.43%,6.95%,3.49%
2026-08-22 09:00:00,0.0530 Mpa,0.0610 Mpa,0.101 Mpa,0.222 Mpa,0.217 Mpa,0.389 Mpa,0.258 Mpa,0.128 Mpa,0.0174 Mpa,0.0720 Mpa,8.77%,6.49%,5.28%,10.6%,13.4%,15.6%,12.1%,6.12%,5.00%,4.27%
2026-08-22 11:00:00,0.0681 Mpa,0.0825 Mpa,0.0532 Mpa,0.0523 Mpa,0.00677 Mpa,0.128 Mpa,0.0390 Mpa,0.0425 Mpa,0.0294 Mpa,0.0729 Mpa,9.91%,7.80%,3.94%,6.22%,7.73%,6.92%,5.07%,3.37%,5.28%,4.06%
2026-08-22 13:00:00,0.0710 Mpa,0.0115 Mpa,0.114 Mpa,0.0330 Mpa,0.0614 Mpa,0.314 Mpa,0.0293 Mpa,0.0814 Mpa,0.268 Mpa,0.0504 Mpa,9.21%,6.91%,6.36%,6.16%,9.64%,13.2%,4.64%,4.08%,12.2%,2.57%
2026-08-22 15:00:00,0.0243 Mpa,0.140 Mpa,0.110 Mpa,0.0170 Mpa,0.0911 Mpa,0.104 Mpa,0.253 Mpa,0.137 Mpa,0.0286 Mpa,0.113 Mpa,7.52%,10.9%,5.80%,15.2%,30.1%,6.13%,12.1%,5.97%,5.53%,4.22%
2026-08-22 17:00:00,0.0558 Mpa,0.0344 Mpa,0.0690 Mpa,0.155 Mpa,0.0608 Mpa,0.175 Mpa,0.232 Mpa,0.108 Mpa,0.124 Mpa,0.0535 Mpa,8.49%,6.58%,4.26%,8.54%,12.8%,8.79%,11.0%,4.62%,8.16%,2.63%
2026-08-22 19:00:00,0.0802 Mpa,0.179 Mpa,0.288 Mpa,0.0570 Mpa,0.936 Mpa,0.299 Mpa,0.0419 Mpa,0.182 Mpa,0.172 Mpa,0.0219 Mpa,9.96%,9.61%,10.7%,5.70%,38.0%,13.7%,5.39%,7.01%,9.75%,2.26%
2026-08-22 21:00:00,0.0732 Mpa,0.197 Mpa,0.266 Mpa,0.104 Mpa,0.191 Mpa,0.405 Mpa,0.285 Mpa,0.156 Mpa,0.324 Mpa,0.00506 Mpa,9.86%,9.98%,10.2%,7.06%,14.3%,16.6%,12.5%,6.61%,14.2%,1.58%
2026-08-22 23:00:00,0.321 Mpa,0.0825 Mpa,0.109 Mpa,0.0794 Mpa,0.0634 Mpa,0.192 Mpa,0.154 Mpa,0.128 Mpa,0.0218 Mpa,0.00352 Mpa,15.7%,6.71%,5.53%,7.08%,9.96%,10.6%,8.32%,5.88%,5.35%,1.30%
2026-08-23 01:00:00,0.257 Mpa,0.217 Mpa,0.0299 Mpa,0.418 Mpa,0.0812 Mpa,0.215 Mpa,0.0540 Mpa,0.369 Mpa,0.105 Mpa,0.00596 Mpa,14.0%,11.7%,2.87%,17.0%,10.4%,10.1%,4.95%,12.3%,7.04%,1.56%
2026-08-23 03:00:00,0.474 Mpa,0.152 Mpa,0.647 Mpa,0.411 Mpa,0.109 Mpa,0.834 Mpa,0.0357 Mpa,0.216 Mpa,0.165 Mpa,0.118 Mpa,20.3%,8.26%,20.2%,15.7%,11.6%,28.9%,4.96%,8.19%,8.58%,4.92%
2026-08-23 05:00:00,0.349 Mpa,0.699 Mpa,0.136 Mpa,0.135 Mpa,0.0865 Mpa,0.201 Mpa,0.236 Mpa,0.129 Mpa,0.0295 Mpa,0.308 Mpa,16.9%,25.0%,6.23%,14.2%,10.9%,10.1%,11.0%,5.77%,5.23%,10.4%
2026-08-23 07:00:00,0.409 Mpa,0.235 Mpa,0.0195 Mpa,0.159 Mpa,0.0992 Mpa,1.13 Mpa,0.187 Mpa,0.283 Mpa,0.0609 Mpa,0.0763 Mpa,17.3%,11.5%,2.54%,9.09%,11.5%,36.9%,9.69%,11.0%,6.13%,3.53%
2026-08-23 09:00:00,0.155 Mpa,0.108 Mpa,0.0275 Mpa,0.361 Mpa,0.135 Mpa,0.630 Mpa,0.210 Mpa,0.319 Mpa,0.114 Mpa,0.0826 Mpa,11.6%,7.41%,5.55%,26.6%,11.8%,23.2%,10.3%,11.5%,7.24%,4.59%
2026-08-23 11:00:00,0.379 Mpa,0.0317 Mpa,0.128 Mpa,0.114 Mpa,0.0590 Mpa,0.131 Mpa,0.214 Mpa,0.104 Mpa,0.120 Mpa,0.0787 Mpa,17.7%,4.92%,6.30%,22.7%,7.01%,8.05%,10.8%,5.02%,7.56%,4.44%
2026-08-23 13:00:00,0.0525 Mpa,0.392 Mpa,0.230 Mpa,0.0786 Mpa,0.312 Mpa,0.0924 Mpa,0.0412 Mpa,0.576 Mpa,0.123 Mpa,0.138 Mpa,8.89%,16.1%,8.35%,11.3%,17.2%,6.06%,5.17%,18.7%,7.64%,6.79%
2026-08-23 15:00:00,0.0665 Mpa,0.537 Mpa,0.0416 Mpa,0.156 Mpa,0.0460 Mpa,0.138 Mpa,0.144 Mpa,1.22 Mpa,0.0000358 Mpa,0.00308 Mpa,17.4%,23.1%,18.4%,8.15%,9.40%,7.38%,8.59%,36.7%,25.8%,25.2%
2026-08-23 17:00:00,1.60 Mpa,0 Mpa,0.797 Mpa,0.201 Mpa,0.000750 Mpa,0.114 Mpa,0.0426 Mpa,1.33 Mpa,0.0622 Mpa,0.0304 Mpa,49.8%,7.05%,22.3%,10.1%,5.75%,5.27%,5.03%,39.7%,6.66%,5.73%
2026-08-23 19:00:00,,0.174 Mpa,0.541 Mpa,0.142 Mpa,0.397 Mpa,,0.952 Mpa,,0.800 Mpa,0 Mpa,,11.3%,16.0%,8.43%,19.9%,,29.9%,,26.6%,28.3%
2026-08-23 21:00:00,0.183 Mpa,0.293 Mpa,0.151 Mpa,0.00994 Mpa,0.473 Mpa,0.157 Mpa,0.719 Mpa,0.156 Mpa,0.741 Mpa,,12.1%,14.2%,3.87%,4.57%,23.8%,26.9%,24.4%,6.04%,25.4%,
2026-08-23 23:00:00,0.413 Mpa,0.248 Mpa,1.02 Mpa,0.212 Mpa,0.0232 Mpa,0.101 Mpa,0.321 Mpa,0.0545 Mpa,0.0750 Mpa,0.0626 Mpa,18.3%,11.6%,29.2%,10.2%,8.13%,4.47%,12.9%,3.42%,6.51%,3.99%
2026-08-24 01:00:00,0.211 Mpa,0.0174 Mpa,0.149 Mpa,0.0398 Mpa,0.798 Mpa,0.121 Mpa,0.132 Mpa,0.0593 Mpa,0.0255 Mpa,0.132 Mpa,13.3%,4.60%,6.29%,5.17%,33.6%,7.78%,7.89%,3.50%,4.99%,4.87%
2026-08-24 03:00:00,0.119 Mpa,0.0266 Mpa,0.341 Mpa,0.120 Mpa,0.0753 Mpa,0.0508 Mpa,0.0205 Mpa,0.278 Mpa,0.127 Mpa,0.0216 Mpa,11.0%,5.67%,12.0%,7.92%,10.4%,5.53%,4.09%,9.53%,8.08%,0.949%
2026-08-24 05:00:00,0.215 Mpa,0.163 Mpa,0.0966 Mpa,0.311 Mpa,0.167 Mpa,0.143 Mpa,0.161 Mpa,0.0954 Mpa,0.0828 Mpa,0.0934 Mpa,13.9%,10.3%,5.08%,13.3%,11.0%,7.75%,8.06%,4.41%,6.93%,4.03%
2026-08-24 07:00:00,0.0787 Mpa,0.189 Mpa,0.0235 Mpa,0.0560 Mpa,0.0574 Mpa,0.0760 Mpa,0.234 Mpa,0.303 Mpa,0.282 Mpa,0.0748 Mpa,19.1%,9.89%,2.90%,19.5%,5.14%,6.82%,11.2%,10.9%,12.9%,3.45%
2026-08-24 09:00:00,0.268 Mpa,0.193 Mpa,0.205 Mpa,0.174 Mpa,0.0704 Mpa,0.149 Mpa,0.0438 Mpa,0.134 Mpa,,0.0531 Mpa,16.7%,11.3%,8.41%,9.15%,7.39%,8.90%,5.35%,6.61%,,4.20%
2026-08-24 11:00:00,0.0868 Mpa,0.0492 Mpa,0.0274 Mpa,0.183 Mpa,0.551 Mpa,0.288 Mpa,0.215 Mpa,0.236 Mpa,,0.0369 Mpa,9.96%,6.92%,3.27%,9.89%,24.4%,12.5%,10.7%,8.44%,,3.55%
2026-08-24 13:00:00,0.0852 Mpa,0.336 Mpa,0.0422 Mpa,0.306 Mpa,0.0353 Mpa,0.0483 Mpa,0.203 Mpa,0.0282 Mpa,,0.0245 Mpa,9.91%,15.8%,3.70%,13.4%,9.12%,5.76%,10.1%,2.48%,,4.27%
2026-08-24 15:00:00,0.106 Mpa,0.392 Mpa,0.0367 Mpa,0.0348 Mpa,0.276 Mpa,0.126 Mpa,0.0500 Mpa,0.188 Mpa,,0.0193 Mpa,10.6%,17.3%,4.70%,5.28%,14.6%,7.37%,5.36%,7.10%,,4.22%
2026-08-24 17:00:00,0.0982 Mpa,0.300 Mpa,0.146 Mpa,0.0533 Mpa,0.200 Mpa,0.193 Mpa,0.672 Mpa,0.232 Mpa,0.0881 Mpa,0.0415 Mpa,10.3%,14.4%,6.38%,5.42%,14.6%,9.69%,24.3%,7.68%,7.41%,3.15%
2026-08-24 19:00:00,0.128 Mpa,0.763 Mpa,0.0395 Mpa,0.260 Mpa,0.417 Mpa,0.444 Mpa,0.835 Mpa,0.123 Mpa,0.264 Mpa,0.0812 Mpa,10.8%,29.0%,3.58%,12.3%,22.3%,24.3%,28.7%,4.82%,12.3%,3.47%
2026-08-24 21:00:00,0.163 Mpa,0.123 Mpa,0.00815 Mpa,0.102 Mpa,0.193 Mpa,1.22 Mpa,0.211 Mpa,0.206 Mpa,0.0213 Mpa,0.00388 Mpa,11.2%,7.87%,2.54%,12.0%,14.9%,43.3%,9.51%,7.61%,5.46%,1.77%
2026-08-24 23:00:00,0.166 Mpa,0.0578 Mpa,0.0466 Mpa,0.286 Mpa,0.100 Mpa,0.0850 Mpa,0.00621 Mpa,0.0635 Mpa,0.240 Mpa,0.00771 Mpa,12.0%,6.53%,3.72%,12.2%,11.3%,6.50%,3.01%,3.21%,11.8%,5.67%
2026-08-25 01:00:00,0.0790 Mpa,0.0487 Mpa,0.0459 Mpa,0.114 Mpa,0.165 Mpa,0.400 Mpa,0.0185 Mpa,0.107 Mpa,0.111 Mpa,0.00817 Mpa,9.91%,8.03%,3.30%,7.03%,13.9%,16.1%,4.29%,4.55%,7.73%,1.61%
2026-08-25 03:00:00,0.0685 Mpa,0.359 Mpa,0.329 Mpa,0.0933 Mpa,0.445 Mpa,0.0809 Mpa,0.284 Mpa,0.103 Mpa,0.346 Mpa,0.337 Mpa,9.63%,16.0%,11.6%,6.53%,22.8%,4.28%,12.8%,4.23%,14.8%,11.9%
2026-08-25 05:00:00,0.0328 Mpa,0.192 Mpa,0.0728 Mpa,0.0287 Mpa,0.274 Mpa,,0.172 Mpa,0.0509 Mpa,0.140 Mpa,0.123 Mpa,15.5%,10.5%,4.07%,5.08%,29.0%,,9.39%,2.37%,8.53%,6.31%
2026-08-25 07:00:00,0.124 Mpa,0.303 Mpa,0.0646 Mpa,0.0866 Mpa,0.313 Mpa,,0.151 Mpa,0.297 Mpa,0.104 Mpa,0.0278 Mpa,11.0%,12.1%,3.60%,6.78%,17.2%,,9.00%,9.85%,6.52%,3.85%
2026-08-25 09:00:00,0.341 Mpa,0.231 Mpa,0.440 Mpa,0.00538 Mpa,0.408 Mpa,,0.0414 Mpa,0.123 Mpa,0.0984 Mpa,0.0634 Mpa,17.6%,9.97%,17.9%,4.42%,21.0%,,5.23%,5.03%,6.62%,4.67%
2026-08-25 11:00:00,0.181 Mpa,0.204 Mpa,0.00122 Mpa,0.0201 Mpa,0.314 Mpa,0.431 Mpa,0.0463 Mpa,0.0804 Mpa,0.275 Mpa,0.0104 Mpa,11.7%,10.3%,2.80%,5.28%,18.8%,14.9%,5.03%,3.81%,12.5%,2.79%
2026-08-25 13:00:00,0.300 Mpa,0.0459 Mpa,,0.0102 Mpa,0.324 Mpa,,0.176 Mpa,0.0965 Mpa,0.102 Mpa,0.0139 Mpa,15.9%,6.33%,,5.28%,18.0%,,9.89%,11.5%,7.19%,1.92%
2026-08-25 15:00:00,0.135 Mpa,0.254 Mpa,0.840 Mpa,0.0123 Mpa,0.125 Mpa,,0.0521 Mpa,0.0187 Mpa,0.0305 Mpa,0.0865 Mpa,13.1%,12.2%,27.2%,5.33%,11.0%,,5.72%,2.24%,5.13%,5.14%
2026-08-25 17:00:00,0.260 Mpa,0.118 Mpa,0.547 Mpa,0.124 Mpa,0.187 Mpa,,0.192 Mpa,0.338 Mpa,0.0182 Mpa,0.0158 Mpa,14.7%,8.14%,18.5%,9.08%,15.1%,,9.76%,11.2%,4.70%,3.45%
2026-08-25 19:00:00,0.161 Mpa,0.0560 Mpa,0.107 Mpa,0.0569 Mpa,0.444 Mpa,,0.106 Mpa,0.0434 Mpa,0.0961 Mpa,0.00459 Mpa,11.8%,6.66%,5.81%,6.39%,20.1%,,7.26%,3.20%,6.91%,1.42%
2026-08-25 21:00:00,0.199 Mpa,0.0311 Mpa,0.0647 Mpa,0.133 Mpa,0.435 Mpa,,0.0862 Mpa,0.0263 Mpa,0.0320 Mpa,0.119 Mpa,12.5%,6.14%,4.54%,8.93%,17.2%,,6.70%,2.68%,4.88%,4.17%
2026-08-25 23:00:00,0.143 Mpa,0.0750 Mpa,0.232 Mpa,0.0796 Mpa,0.115 Mpa,,0.0677 Mpa,0.112 Mpa,0.127 Mpa,0.0432 Mpa,11.5%,7.61%,9.33%,6.77%,8.09%,,5.90%,5.33%,7.95%,2.32%
2026-08-26 01:00:00,0.0221 Mpa,0.108 Mpa,0.0564 Mpa,0.0846 Mpa,0.248 Mpa,,0.0512 Mpa,0.0491 Mpa,0.136 Mpa,0.0500 Mpa,7.69%,8.25%,4.37%,6.20%,12.1%,,5.74%,3.36%,9.20%,3.42%
2026-08-26 03:00:00,0.151 Mpa,0.171 Mpa,0.0499 Mpa,0.0861 Mpa,0.300 Mpa,,0.354 Mpa,0.112 Mpa,0.310 Mpa,0.106 Mpa,11.6%,11.3%,4.14%,6.73%,16.6%,,14.9%,4.78%,12.9%,4.42%
2026-08-26 05:00:00,0.0838 Mpa,0.0878 Mpa,0.0655 Mpa,0.0371 Mpa,0.142 Mpa,,0.274 Mpa,0.0612 Mpa,0.0569 Mpa,0.285 Mpa,10.0%,6.51%,4.23%,4.59%,13.3%,,12.7%,3.37%,6.14%,9.73%
2026-08-26 07:00:00,0.0877 Mpa,0.432 Mpa,0.215 Mpa,0.0535 Mpa,0.676 Mpa,,0.256 Mpa,0.149 Mpa,0.297 Mpa,0.249 Mpa,10.8%,16.9%,8.90%,5.52%,29.6%,,12.3%,5.56%,13.0%,9.22%
2026-08-26 09:00:00,0.161 Mpa,0.122 Mpa,0.0347 Mpa,0.0583 Mpa,0.672 Mpa,,0.0124 Mpa,0.110 Mpa,0.0407 Mpa,0.0650 Mpa,12.1%,8.29%,3.82%,5.85%,28.9%,,4.32%,4.33%,5.14%,3.77%
2026-08-26 11:00:00,0.0919 Mpa,0.275 Mpa,0.134 Mpa,0.287 Mpa,0.295 Mpa,,0.423 Mpa,0.0213 Mpa,0.271 Mpa,0.145 Mpa,10.2%,11.9%,6.63%,13.0%,18.3%,,17.2%,1.54%,12.4%,6.07%
2026-08-26 13:00:00,0.182 Mpa,0.366 Mpa,0.146 Mpa,0.0292 Mpa,0.0746 Mpa,,0.00362 Mpa,0.331 Mpa,0.0759 Mpa,0.00715 Mpa,12.7%,14.9%,6.57%,6.85%,10.9%,,4.34%,10.8%,6.87%,1.85%
2026-08-26 15:00:00,0.105 Mpa,0.0924 Mpa,0.0237 Mpa,0.0807 Mpa,0.0641 Mpa,,0.0821 Mpa,0.0696 Mpa,0.194 Mpa,0.0944 Mpa,10.9%,7.95%,5.95%,6.96%,9.44%,,6.39%,2.94%,9.87%,4.61%
2026-08-26 17:00:00,0.329 Mpa,0.0812 Mpa,0.00300 Mpa,0.0646 Mpa,0.0806 Mpa,,0.0395 Mpa,0.0701 Mpa,0.186 Mpa,0.0217 Mpa,16.3%,6.29%,2.45%,5.99%,11.2%,,5.32%,3.52%,9.61%,1.84%
2026-08-26 19:00:00,0.0430 Mpa,0.109 Mpa,0.144 Mpa,0.0752 Mpa,0.0454 Mpa,,0.397 Mpa,0.134 Mpa,0.0158 Mpa,0.0580 Mpa,8.87%,8.96%,6.68%,5.94%,13.6%,,16.4%,6.48%,3.89%,3.08%
2026-08-26 21:00:00,0.0614 Mpa,0.0250 Mpa,0.0534 Mpa,0.137 Mpa,0.0529 Mpa,,0.0974 Mpa,0.0947 Mpa,0.107 Mpa,0.0457 Mpa,9.72%,5.28%,3.89%,8.79%,11.3%,,6.73%,4.79%,7.04%,1.70%
2026-08-26 23:00:00,0.208 Mpa,0.00339 Mpa,0.0694 Mpa,0.242 Mpa,0.115 Mpa,0.0335 Mpa,0.458 Mpa,0.0933 Mpa,0.452 Mpa,0.0853 Mpa,12.8%,6.29%,7.00%,11.9%,12.5%,4.24%,17.7%,4.68%,16.7%,4.31%
2026-08-27 01:00:00,0.0467 Mpa,0.203 Mpa,0.0587 Mpa,0.0549 Mpa,0.119 Mpa,0.311 Mpa,0.182 Mpa,0.0779 Mpa,0.0366 Mpa,0.116 Mpa,9.07%,11.5%,4.19%,6.20%,12.2%,13.3%,9.96%,4.20%,5.11%,4.52%
2026-08-27 03:00:00,0.0665 Mpa,0.175 Mpa,0.0625 Mpa,0.0658 Mpa,0.205 Mpa,0.380 Mpa,1.43 Mpa,0.0764 Mpa,0.0434 Mpa,0.175 Mpa,9.29%,9.91%,4.24%,6.55%,14.7%,14.5%,47.4%,4.13%,6.11%,5.59%
2026-08-27 05:00:00,0.116 Mpa,0.144 Mpa,0.131 Mpa,0.141 Mpa,0.0414 Mpa,0.181 Mpa,1.36 Mpa,0.134 Mpa,0.0816 Mpa,0.0414 Mpa,9.73%,9.68%,6.00%,8.50%,9.11%,8.99%,45.4%,5.82%,5.98%,2.74%
2026-08-27 07:00:00,0.0201 Mpa,0.0844 Mpa,0.284 Mpa,0.0569 Mpa,0.0741 Mpa,0.669 Mpa,0.334 Mpa,0.0442 Mpa,0.0510 Mpa,0.100 Mpa,8.34%,8.49%,10.5%,5.05%,10.2%,23.8%,14.8%,3.39%,4.92%,7.22%
2026-08-27 09:00:00,0.0796 Mpa,0.168 Mpa,0.0432 Mpa,0.0618 Mpa,0.187 Mpa,0.348 Mpa,0.116 Mpa,0.0127 Mpa,0.0521 Mpa,0.0283 Mpa,10.4%,11.2%,3.37%,5.60%,12.6%,14.0%,8.76%,2.52%,6.94%,3.60%
2026-08-27 11:00:00,0.130 Mpa,0.184 Mpa,0.0299 Mpa,0.445 Mpa,0.114 Mpa,0.367 Mpa,0.237 Mpa,0.0531 Mpa,0.0169 Mpa,0.107 Mpa,10.7%,9.89%,3.03%,16.6%,9.95%,15.1%,11.3%,3.62%,4.34%,5.51%
2026-08-27 13:00:00,0.0503 Mpa,0.245 Mpa,0.0144 Mpa,0.463 Mpa,0.108 Mpa,,0.276 Mpa,0.215 Mpa,0.116 Mpa,0.0863 Mpa,9.10%,11.8%,2.48%,18.3%,11.4%,,13.0%,8.06%,7.49%,6.90%
2026-08-27 15:00:00,0.117 Mpa,0.171 Mpa,0.0267 Mpa,0.0118 Mpa,0.0266 Mpa,0.0409 Mpa,0.0768 Mpa,0.0940 Mpa,0.228 Mpa,0.0895 Mpa,11.0%,9.43%,3.33%,5.21%,10.1%,2.50%,6.49%,4.83%,11.0%,4.86%
2026-08-27 17:00:00,0.132 Mpa,0.0289 Mpa,0.0488 Mpa,0.0699 Mpa,0.243 Mpa,,0.101 Mpa,0.123 Mpa,0.0340 Mpa,0.0961 Mpa,11.4%,4.35%,3.72%,6.43%,14.8%,,7.25%,5.20%,4.68%,5.31%
2026-08-27 19:00:00,0.151 Mpa,0.151 Mpa,0.0233 Mpa,0.0457 Mpa,0.0969 Mpa,0.313 Mpa,0.0730 Mpa,0.0956 Mpa,0.0774 Mpa,0.110 Mpa,12.8%,9.12%,5.76%,6.27%,10.2%,13.1%,6.58%,3.70%,6.85%,4.92%
2026-08-27 21:00:00,0.0513 Mpa,0.228 Mpa,0.108 Mpa,0.0476 Mpa,0.0444 Mpa,0.151 Mpa,0.0508 Mpa,0.108 Mpa,0.104 Mpa,0.0292 Mpa,9.43%,10.9%,5.34%,6.11%,8.63%,15.3%,5.69%,4.08%,7.21%,2.37%
2026-08-27 23:00:00,0.131 Mpa,0.0227 Mpa,0.266 Mpa,0.113 Mpa,0.114 Mpa,0.425 Mpa,0.323 Mpa,0.0356 Mpa,0.0775 Mpa,0.373 Mpa,11.3%,5.82%,10.8%,8.28%,12.2%,16.3%,13.7%,2.30%,6.14%,12.1%
2026-08-28 01:00:00,0.248 Mpa,0.451 Mpa,0.0548 Mpa,0.0536 Mpa,0.0831 Mpa,0.287 Mpa,0.389 Mpa,0.184 Mpa,0.152 Mpa,0.107 Mpa,14.0%,17.6%,4.08%,5.64%,11.5%,12.1%,16.1%,6.74%,8.30%,6.00%
2026-08-28 03:00:00,0.0971 Mpa,0.123 Mpa,0.0171 Mpa,0.0180 Mpa,0.103 Mpa,0.330 Mpa,0.345 Mpa,0.0462 Mpa,0.395 Mpa,0.118 Mpa,10.4%,8.91%,11.0%,4.65%,11.7%,17.2%,15.1%,2.37%,15.4%,6.38%
2026-08-28 05:00:00,0.107 Mpa,0.132 Mpa,0.0966 Mpa,0.103 Mpa,0.0262 Mpa,0.133 Mpa,0.223 Mpa,0.189 Mpa,0.111 Mpa,0.116 Mpa,11.0%,7.63%,4.95%,6.38%,9.06%,10.0%,10.4%,7.48%,7.25%,6.30%
2026-08-28 07:00:00,0.0260 Mpa,0.0871 Mpa,0.135 Mpa,0.212 Mpa,0 Mpa,0.310 Mpa,0.00491 Mpa,0.115 Mpa,0.332 Mpa,,8.69%,7.86%,5.89%,10.5%,8.79%,15.4%,4.31%,5.68%,13.4%,
2026-08-28 09:00:00,0.0297 Mpa,0.181 Mpa,0.231 Mpa,0.0674 Mpa,0.208 Mpa,0.215 Mpa,0.0313 Mpa,0.172 Mpa,0.0923 Mpa,,8.47%,10.6%,10.3%,9.22%,14.1%,13.2%,4.63%,7.11%,6.26%,
2026-08-28 11:00:00,0.0167 Mpa,0.118 Mpa,0.0771 Mpa,0.0726 Mpa,0.731 Mpa,0.148 Mpa,0.0265 Mpa,0.331 Mpa,0.0998 Mpa,,7.67%,8.13%,4.59%,7.19%,29.1%,9.87%,4.71%,11.4%,6.96%,
2026-08-28 13:00:00,0.0662 Mpa,0.402 Mpa,0.0270 Mpa,0.0157 Mpa,0.858 Mpa,0.670 Mpa,0.347 Mpa,0.0702 Mpa,0.0319 Mpa,,9.84%,17.0%,3.28%,5.46%,34.4%,25.0%,15.1%,3.77%,4.88%,
2026-08-28 15:00:00,0.147 Mpa,0.282 Mpa,0.0920 Mpa,0.445 Mpa,0.258 Mpa,0.357 Mpa,0.154 Mpa,0.0933 Mpa,0.0186 Mpa,,11.7%,12.5%,5.15%,21.5%,16.2%,14.4%,9.05%,4.81%,7.73%,
2026-08-28 17:00:00,0.0634 Mpa,0.227 Mpa,0.0164 Mpa,0.0274 Mpa,0.262 Mpa,0.104 Mpa,0.102 Mpa,0.0300 Mpa,0.146 Mpa,,9.39%,10.6%,3.08%,4.92%,19.5%,9.44%,6.97%,2.79%,8.57%,
2026-08-28 19:00:00,0.0289 Mpa,0.193 Mpa,0.0309 Mpa,0.0623 Mpa,0.256 Mpa,0.170 Mpa,0.0509 Mpa,,0.112 Mpa,0.123 Mpa,8.73%,9.79%,7.83%,5.28%,16.5%,11.8%,5.33%,,7.53%,5.12%
2026-08-28 21:00:00,0.0795 Mpa,0.199 Mpa,0.775 Mpa,0.0756 Mpa,0.165 Mpa,0.142 Mpa,0.161 Mpa,0.291 Mpa,0.156 Mpa,0.0428 Mpa,9.99%,8.97%,33.1%,5.11%,12.7%,8.57%,8.85%,10.5%,9.01%,3.41%
2026-08-28 23:00:00,0.00594 Mpa,0.200 Mpa,0.155 Mpa,0.0225 Mpa,0.0945 Mpa,0.105 Mpa,0.943 Mpa,0.237 Mpa,0.201 Mpa,0.0508 Mpa,7.78%,9.16%,9.74%,4.40%,11.6%,9.43%,30.8%,8.76%,10.4%,3.18%
2026-08-29 01:00:00,0.362 Mpa,0.127 Mpa,0.115 Mpa,0.0417 Mpa,0.0314 Mpa,0.126 Mpa,0.0807 Mpa,0.0320 Mpa,0.0251 Mpa,0.0166 Mpa,17.5%,7.84%,5.64%,4.85%,8.23%,5.68%,6.31%,3.06%,5.15%,2.80%
2026-08-29 03:00:00,0.0518 Mpa,0.0556 Mpa,0.131 Mpa,0.0276 Mpa,0.0848 Mpa,0.107 Mpa,0.253 Mpa,0.0527 Mpa,0.214 Mpa,0.0848 Mpa,9.29%,7.15%,6.52%,16.4%,14.4%,27.6%,11.0%,3.30%,10.3%,3.74%
2026-08-29 05:00:00,0.163 Mpa,0.0998 Mpa,0.219 Mpa,0.0210 Mpa,0.115 Mpa,0.0652 Mpa,0.0837 Mpa,0.254 Mpa,0.165 Mpa,0.0307 Mpa,11.6%,7.61%,8.95%,4.72%,11.6%,22.3%,6.07%,9.21%,9.08%,2.58%
2026-08-29 07:00:00,0.138 Mpa,0.157 Mpa,0.109 Mpa,0.369 Mpa,0.193 Mpa,0.235 Mpa,0.0669 Mpa,0.112 Mpa,0.0936 Mpa,0.0954 Mpa,11.5%,9.19%,5.60%,15.4%,14.6%,10.3%,5.45%,4.42%,7.46%,4.19%
2026-08-29 09:00:00,0.111 Mpa,0.189 Mpa,0.493 Mpa,0.0917 Mpa,0.225 Mpa,0.320 Mpa,0.108 Mpa,0.0854 Mpa,0.0235 Mpa,0.00402 Mpa,10.8%,9.67%,16.6%,6.85%,14.6%,13.3%,6.76%,3.84%,5.51%,1.41%
2026-08-29 11:00:00,0.104 Mpa,0.0989 Mpa,0.332 Mpa,0.135 Mpa,0.183 Mpa,0.184 Mpa,0.411 Mpa,0.0451 Mpa,0.364 Mpa,0.0186 Mpa,10.3%,9.24%,11.7%,7.86%,13.9%,10.2%,16.1%,2.77%,15.0%,2.92%
2026-08-29 13:00:00,0.0768 Mpa,0.123 Mpa,0.542 Mpa,0.284 Mpa,0.0572 Mpa,0.166 Mpa,0.370 Mpa,0.0258 Mpa,0.344 Mpa,0.0480 Mpa,17.2%,8.48%,20.2%,12.3%,8.77%,8.91%,15.4%,2.19%,13.2%,3.94%
2026-08-29 15:00:00,0.00533 Mpa,0.00297 Mpa,0.0593 Mpa,0.123 Mpa,0.707 Mpa,0.0441 Mpa,0.0494 Mpa,0.116 Mpa,0.285 Mpa,0.176 Mpa,19.1%,4.77%,4.49%,8.21%,30.9%,5.39%,5.28%,5.40%,12.2%,5.65%
2026-08-29 17:00:00,0.166 Mpa,,0.0993 Mpa,0.126 Mpa,0.238 Mpa,0.0657 Mpa,0.202 Mpa,0.351 Mpa,0.0681 Mpa,0.0290 Mpa,12.0%,,5.59%,7.87%,14.1%,6.90%,10.2%,12.7%,6.09%,5.12%
2026-08-29 19:00:00,0.135 Mpa,,0.751 Mpa,0.523 Mpa,0.170 Mpa,0.183 Mpa,0.0263 Mpa,0.203 Mpa,0.128 Mpa,0.0662 Mpa,10.9%,,23.5%,18.7%,13.3%,10.5%,5.07%,8.50%,7.61%,5.14%
2026-08-29 21:00:00,0.0165 Mpa,0.347 Mpa,0.231 Mpa,0.115 Mpa,0.495 Mpa,0.734 Mpa,0.0606 Mpa,0.0747 Mpa,0.0528 Mpa,0.109 Mpa,7.37%,13.3%,8.58%,7.44%,22.0%,26.1%,6.05%,4.44%,6.01%,5.81%
2026-08-29 23:00:00,0.234 Mpa,0.243 Mpa,0.0270 Mpa,0.0849 Mpa,0.153 Mpa,0.333 Mpa,0.354 Mpa,0.129 Mpa,0.0171 Mpa,0.0347 Mpa,14.0%,11.0%,2.78%,7.12%,11.8%,14.6%,15.2%,5.92%,5.00%,4.06%
2026-08-30 01:00:00,0.000984 Mpa,0.0183 Mpa,0.0523 Mpa,0.102 Mpa,0.244 Mpa,0.117 Mpa,0.0164 Mpa,0.0698 Mpa,0.126 Mpa,0.447 Mpa,6.25%,4.29%,3.86%,5.86%,14.5%,27.5%,4.59%,3.68%,8.06%,15.8%
2026-08-30 03:00:00,0 Mpa,0.108 Mpa,0.400 Mpa,0.0804 Mpa,0.629 Mpa,0.228 Mpa,0.0960 Mpa,0.0736 Mpa,0.350 Mpa,0.164 Mpa,9.60%,8.02%,13.7%,6.36%,29.0%,11.4%,7.03%,4.13%,14.6%,7.01%
2026-08-30 05:00:00,0.0486 Mpa,0.0654 Mpa,0.147 Mpa,0.114 Mpa,0.192 Mpa,0.0751 Mpa,0.0584 Mpa,0.0575 Mpa,0.0963 Mpa,0.101 Mpa,12.4%,6.06%,6.75%,7.10%,13.0%,8.35%,5.20%,3.73%,6.78%,5.07%
2026-08-30 07:00:00,0.0139 Mpa,0.208 Mpa,0.582 Mpa,0.132 Mpa,0.674 Mpa,0.0371 Mpa,0.167 Mpa,0.0792 Mpa,0.131 Mpa,0.111 Mpa,12.7%,10.2%,19.3%,7.99%,30.4%,5.33%,8.33%,4.31%,8.40%,5.14%
2026-08-30 09:00:00,0.00347 Mpa,0.0676 Mpa,0.338 Mpa,0.0398 Mpa,0.426 Mpa,0.0226 Mpa,0.0760 Mpa,0.0236 Mpa,0.106 Mpa,0.0999 Mpa,9.79%,5.60%,11.8%,5.72%,21.1%,4.88%,5.71%,2.52%,7.93%,5.21%
2026-08-30 11:00:00,0.00289 Mpa,0.383 Mpa,0.0202 Mpa,0.0526 Mpa,0.308 Mpa,0.181 Mpa,0.187 Mpa,0.0523 Mpa,0.118 Mpa,0.153 Mpa,9.96%,17.9%,4.19%,6.42%,17.9%,10.4%,9.54%,3.45%,8.09%,6.30%
2026-08-30 13:00:00,0.164 Mpa,1.11 Mpa,0.0476 Mpa,0.102 Mpa,2.14 Mpa,0.134 Mpa,0.137 Mpa,0.0478 Mpa,0.0215 Mpa,0.0267 Mpa,12.6%,37.5%,3.84%,8.13%,77.4%,7.65%,7.98%,3.01%,5.62%,4.56%
2026-08-30 15:00:00,0.223 Mpa,,0.0364 Mpa,0.0564 Mpa,0.677 Mpa,0.158 Mpa,0.0406 Mpa,0.431 Mpa,0.00350 Mpa,0.0577 Mpa,11.2%,,3.40%,6.81%,30.5%,13.2%,5.28%,14.1%,4.90%,5.42%
2026-08-30 17:00:00,0.295 Mpa,,0.285 Mpa,0.0787 Mpa,0.457 Mpa,0.817 Mpa,0.0515 Mpa,1.28 Mpa,0.0914 Mpa,0.145 Mpa,15.0%,,10.6%,6.92%,23.6%,29.5%,5.79%,41.0%,7.48%,7.12%
2026-08-30 19:00:00,0.0936 Mpa,,0.163 Mpa,0.146 Mpa,0.0265 Mpa,0.0450 Mpa,0.00887 Mpa,0.502 Mpa,0.161 Mpa,0.0488 Mpa,10.4%,,7.21%,8.04%,9.84%,6.91%,4.95%,17.4%,8.51%,4.18%
2026-08-30 21:00:00,0.105 Mpa,,0.154 Mpa,0.230 Mpa,0.140 Mpa,0.0869 Mpa,0.0618 Mpa,0.638 Mpa,0.0213 Mpa,0.255 Mpa,9.90%,,6.88%,10.6%,13.8%,7.71%,5.94%,21.6%,4.75%,9.79%
2026-08-30 23:00:00,0.0868 Mpa,0.636 Mpa,0.0877 Mpa,0.127 Mpa,0.191 Mpa,0.0253 Mpa,0.0456 Mpa,0.278 Mpa,0.313 Mpa,0.116 Mpa,9.75%,21.9%,4.81%,7.46%,15.1%,6.17%,6.00%,10.5%,12.9%,6.58%
2026-08-31 01:00:00,0.184 Mpa,0.678 Mpa,0.245 Mpa,0.243 Mpa,0.172 Mpa,0.169 Mpa,0.0367 Mpa,0.143 Mpa,0.0627 Mpa,0.0651 Mpa,12.6%,23.9%,8.79%,11.3%,14.3%,10.2%,5.11%,6.22%,6.62%,3.91%
2026-08-31 03:00:00,0.0716 Mpa,,0.117 Mpa,0.105 Mpa,0.213 Mpa,0.201 Mpa,0.262 Mpa,0.100 Mpa,0.394 Mpa,0.275 Mpa,9.49%,,5.67%,7.11%,16.5%,10.3%,12.5%,7.32%,14.8%,9.68%
2026-08-31 05:00:00,0.0520 Mpa,,0.0446 Mpa,0.220 Mpa,0.379 Mpa,0.0884 Mpa,0.0513 Mpa,0.279 Mpa,0.384 Mpa,0.171 Mpa,10.6%,,3.47%,10.2%,19.0%,8.60%,4.82%,10.9%,15.5%,5.93%
2026-08-31 07:00:00,0.0358 Mpa,,0.0350 Mpa,0.224 Mpa,0.556 Mpa,0.158 Mpa,0.238 Mpa,0.102 Mpa,0.526 Mpa,0.0870 Mpa,8.68%,,3.37%,10.4%,23.3%,9.48%,11.0%,5.54%,19.7%,4.38%
2026-08-31 09:00:00,0.0997 Mpa,0.000227 Mpa,0.123 Mpa,0.0484 Mpa,0.333 Mpa,0.0571 Mpa,0.0428 Mpa,0.674 Mpa,0.467 Mpa,0.0141 Mpa,13.1%,7.10%,6.09%,5.53%,19.0%,6.00%,4.50%,21.9%,17.8%,2.10%
2026-08-31 11:00:00,0.0363 Mpa,,0.0316 Mpa,0.131 Mpa,0.195 Mpa,0.107 Mpa,0.0612 Mpa,0.0866 Mpa,0.340 Mpa,0.0429 Mpa,42.1%,,2.76%,8.20%,14.4%,6.70%,5.75%,4.63%,14.1%,3.91%
2026-08-31 13:00:00,0.302 Mpa,,0.0107 Mpa,0.0442 Mpa,0.741 Mpa,0.165 Mpa,0.0488 Mpa,0.128 Mpa,0.293 Mpa,0.0114 Mpa,15.9%,,2.77%,6.48%,32.7%,10.2%,5.34%,5.49%,12.8%,3.79%
2026-08-31 15:00:00,0.168 Mpa,,0.270 Mpa,0.0320 Mpa,0.363 Mpa,0.115 Mpa,0.331 Mpa,0.0695 Mpa,0.223 Mpa,0.0144 Mpa,12.1%,,10.3%,6.28%,19.5%,7.59%,14.6%,4.28%,10.8%,4.10%
2026-08-31 17:00:00,1.18 Mpa,,0.0401 Mpa,0.0238 Mpa,0.155 Mpa,0.225 Mpa,0.271 Mpa,0.0863 Mpa,0.0465 Mpa,0.0627 Mpa,38.6%,,3.99%,13.4%,12.4%,12.5%,12.3%,4.27%,5.87%,5.27%
2026-08-31 19:00:00,0.0507 Mpa,,0.0143 Mpa,0.000673 Mpa,0.0869 Mpa,0.164 Mpa,0.193 Mpa,0.759 Mpa,0.0972 Mpa,0.0773 Mpa,8.26%,,3.18%,7.04%,10.6%,9.53%,9.36%,23.9%,7.31%,4.26%
2026-08-31 21:00:00,0.437 Mpa,0 Mpa,0.606 Mpa,0.271 Mpa,0.0661 Mpa,0.219 Mpa,0.0111 Mpa,0.405 Mpa,0.246 Mpa,0.0233 Mpa,19.2%,5.66%,20.0%,11.1%,10.7%,10.6%,4.35%,13.4%,17.5%,3.13%
2026-08-31 23:00:00,0.431 Mpa,,0.320 Mpa,0.529 Mpa,0 Mpa,0.0429 Mpa,0.313 Mpa,0.264 Mpa,0.457 Mpa,0.840 Mpa,18.2%,,10.7%,18.9%,9.10%,14.0%,12.4%,43.7%,17.3%,25.4%
2026-09-01 01:00:00,0.921 Mpa,,,,,0.432 Mpa,2.31 Mpa,0.0734 Mpa,0.412 Mpa,0.00544 Mpa,31.3%,,,,,17.3%,71.6%,11.6%,21.0%,1.92%
2026-09-01 03:00:00,0.0278 Mpa,,,0 Mpa,,0.164 Mpa,0.567 Mpa,0.415 Mpa,0.262 Mpa,0.0407 Mpa,10.2%,,,4.04%,,23.5%,18.2%,25.1%,12.0%,7.72%
2026-09-01 05:00:00,0.150 Mpa,,0.146 Mpa,0.406 Mpa,0.557 Mpa,,,0.179 Mpa,0.301 Mpa,0.102 Mpa,26.7%,,5.67%,16.2%,36.8%,,,7.07%,12.8%,5.20%
2026-09-01 07:00:00,0.0508 Mpa,,0.174 Mpa,0.0853 Mpa,1.46 Mpa,0.113 Mpa,0.698 Mpa,0.0627 Mpa,0.109 Mpa,0.0789 Mpa,15.4%,,6.94%,6.44%,51.6%,7.26%,23.5%,3.87%,7.18%,4.13%
2026-09-01 09:00:00,0.117 Mpa,,0.0438 Mpa,0.187 Mpa,0.0551 Mpa,0.209 Mpa,0.191 Mpa,0.0710 Mpa,0.290 Mpa,0.0546 Mpa,10.7%,,4.21%,9.30%,9.12%,10.6%,9.04%,4.44%,12.2%,3.27%
2026-09-01 11:00:00,0.153 Mpa,,0.147 Mpa,0.571 Mpa,,0.162 Mpa,0.540 Mpa,0.724 Mpa,0.0649 Mpa,0.0835 Mpa,11.7%,,7.33%,20.5%,,8.88%,20.6%,23.0%,5.54%,4.62%
2026-09-01 13:00:00,0.0220 Mpa,,0.275 Mpa,0.0815 Mpa,,0.120 Mpa,0.274 Mpa,0.345 Mpa,0.0446 Mpa,0.361 Mpa,9.02%,,11.0%,14.6%,,7.48%,12.2%,12.3%,5.24%,11.5%
2026-09-01 15:00:00,0.0545 Mpa,,0.587 Mpa,0.554 Mpa,,0.321 Mpa,0.500 Mpa,0.00348 Mpa,0.0156 Mpa,0.0684 Mpa,16.9%,,19.5%,20.7%,,13.4%,19.8%,2.10%,15.6%,3.26%
2026-09-01 17:00:00,0.108 Mpa,,0.131 Mpa,0.586 Mpa,,0.0440 Mpa,1.07 Mpa,0.000506 Mpa,0 Mpa,0.397 Mpa,9.39%,,5.58%,21.4%,,5.14%,36.8%,2.34%,3.20%,10.6%
2026-09-01 19:00:00,0.0000269 Mpa,,0.303 Mpa,0.542 Mpa,,,0 Mpa,0 Mpa,,,7.70%,,10.3%,37.1%,,,4.52%,2.40%,,
2026-09-01 21:00:00,0.0171 Mpa,,1.25 Mpa,0.780 Mpa,,,0.340 Mpa,0 Mpa,,0.758 Mpa,7.82%,,40.2%,29.0%,,,13.8%,2.40%,,39.6%
2026-09-01 23:00:00,0.137 Mpa,,0 Mpa,0.160 Mpa,,,0.331 Mpa,0.167 Mpa,,0.321 Mpa,10.9%,,4.39%,25.3%,,,13.9%,9.37%,,21.6%
2026-09-02 01:00:00,0.272 Mpa,,0.456 Mpa,0.0747 Mpa,,,0.0606 Mpa,0.409 Mpa,1.42 Mpa,0.865 Mpa,15.8%,,15.6%,5.79%,,,4.98%,12.0%,42.7%,34.6%
2026-09-02 03:00:00,0.249 Mpa,,0.00973 Mpa,0.126 Mpa,,,0.506 Mpa,0.394 Mpa,0.00493 Mpa,0.102 Mpa,13.6%,,3.31%,7.25%,,,19.0%,13.1%,5.55%,8.50%
2026-09-02 05:00:00,0.232 Mpa,,0.462 Mpa,0.0549 Mpa,0.00724 Mpa,,0.0895 Mpa,0.730 Mpa,0.459 Mpa,0.168 Mpa,17.1%,,16.1%,5.88%,8.60%,,6.44%,22.6%,16.7%,6.37%
2026-09-02 07:00:00,0.334 Mpa,,0.0557 Mpa,0.0284 Mpa,,,0.0834 Mpa,0.534 Mpa,0.0307 Mpa,0.0156 Mpa,16.4%,,4.38%,4.43%,,,6.67%,17.0%,4.75%,2.26%
2026-09-02 09:00:00,0.317 Mpa,,0.109 Mpa,0.197 Mpa,0.0194 Mpa,,0.0973 Mpa,0.0845 Mpa,0.0565 Mpa,0.217 Mpa,15.5%,,6.17%,9.85%,6.23%,,7.21%,4.31%,5.89%,8.11%
2026-09-02 11:00:00,0.265 Mpa,,0.272 Mpa,0.0909 Mpa,1.39 Mpa,0.339 Mpa,0.0636 Mpa,0.0818 Mpa,0.0341 Mpa,0.0444 Mpa,24.1%,,10.8%,7.01%,44.5%,13.5%,6.21%,4.33%,5.47%,3.72%
2026-09-02 13:00:00,0.403 Mpa,,0.0810 Mpa,0.118 Mpa,1.08 Mpa,0.0348 Mpa,0.124 Mpa,0.0853 Mpa,0.0563 Mpa,0.106 Mpa,18.9%,,5.03%,8.05%,41.4%,6.45%,7.81%,4.51%,6.59%,9.02%
2026-09-02 15:00:00,0.500 Mpa,0 Mpa,0.0988 Mpa,0.210 Mpa,0.496 Mpa,0.201 Mpa,0.250 Mpa,0.154 Mpa,0.0610 Mpa,0.112 Mpa,24.2%,5.16%,6.03%,11.2%,22.3%,10.6%,11.5%,6.38%,6.41%,4.16%
2026-09-02 17:00:00,0.133 Mpa,0 Mpa,0.0353 Mpa,0.115 Mpa,0.105 Mpa,0.486 Mpa,0.330 Mpa,0.207 Mpa,0.0533 Mpa,0.0909 Mpa,12.0%,4.03%,3.62%,8.03%,10.5%,20.1%,14.3%,7.22%,6.22%,3.71%
2026-09-02 19:00:00,0.0590 Mpa,,0.00833 Mpa,0.0997 Mpa,0.261 Mpa,0.207 Mpa,,0.125 Mpa,0.0391 Mpa,0.0417 Mpa,9.27%,,2.66%,6.68%,16.4%,9.91%,,4.32%,5.90%,2.57%
2026-09-02 21:00:00,0.136 Mpa,,0.0163 Mpa,0.440 Mpa,0.152 Mpa,0.192 Mpa,,0.163 Mpa,0.0282 Mpa,0.0156 Mpa,10.1%,,2.92%,16.5%,13.6%,9.41%,,6.10%,5.57%,2.13%
2026-09-02 23:00:00,0.127 Mpa,0.0541 Mpa,0.107 Mpa,0.122 Mpa,0.100 Mpa,0.150 Mpa,0.385 Mpa,0.168 Mpa,0.487 Mpa,0.0883 Mpa,10.4%,5.23%,5.93%,7.73%,10.3%,8.64%,15.6%,6.12%,18.5%,4.57%
2026-09-03 01:00:00,0.113 Mpa,0.0520 Mpa,0.0240 Mpa,0.340 Mpa,0.126 Mpa,0.0668 Mpa,0.230 Mpa,0.0343 Mpa,0.789 Mpa,0.0596 Mpa,10.9%,5.27%,2.36%,13.6%,11.9%,6.69%,10.7%,2.50%,26.4%,3.29%
2026-09-03 03:00:00,0.143 Mpa,1.08 Mpa,0.0519 Mpa,0.626 Mpa,0.251 Mpa,0.0903 Mpa,0.164 Mpa,0.0335 Mpa,0.0283 Mpa,0.0115 Mpa,9.99%,35.1%,3.89%,21.9%,16.1%,7.68%,8.54%,3.01%,5.85%,1.94%
2026-09-03 05:00:00,0.165 Mpa,0.0184 Mpa,0.0866 Mpa,0.504 Mpa,0.0977 Mpa,0.108 Mpa,0.0716 Mpa,0.242 Mpa,0.0926 Mpa,0.0855 Mpa,11.2%,6.53%,5.21%,19.0%,11.2%,7.72%,5.96%,11.0%,7.50%,9.13%
2026-09-03 07:00:00,0.650 Mpa,0.326 Mpa,0.00801 Mpa,0.352 Mpa,0.181 Mpa,0.438 Mpa,0.0165 Mpa,0.0905 Mpa,0.0398 Mpa,0.0734 Mpa,28.1%,13.7%,5.69%,14.4%,13.9%,16.1%,4.45%,10.4%,6.00%,4.43%
2026-09-03 09:00:00,0.247 Mpa,0.393 Mpa,0.00539 Mpa,0.225 Mpa,0.157 Mpa,0.118 Mpa,0.0720 Mpa,0.164 Mpa,0.379 Mpa,0.0984 Mpa,14.7%,14.4%,9.79%,10.0%,13.8%,7.37%,6.40%,7.12%,15.0%,4.69%
2026-09-03 11:00:00,0.309 Mpa,0.781 Mpa,0.164 Mpa,0.415 Mpa,0.110 Mpa,0.517 Mpa,0.0616 Mpa,0.232 Mpa,0.152 Mpa,0.109 Mpa,13.9%,25.4%,7.53%,15.6%,11.8%,21.9%,5.92%,8.71%,8.72%,4.87%
2026-09-03 13:00:00,0.192 Mpa,0.430 Mpa,0.425 Mpa,0.513 Mpa,0.274 Mpa,0.0968 Mpa,0.0702 Mpa,1.31 Mpa,0.118 Mpa,0.0204 Mpa,27.1%,16.4%,15.2%,19.0%,16.3%,6.44%,16.9%,39.4%,7.93%,3.13%
2026-09-03 15:00:00,0.230 Mpa,0.121 Mpa,0.125 Mpa,0.0379 Mpa,0.0729 Mpa,0.101 Mpa,0.106 Mpa,1.41 Mpa,0.0826 Mpa,0.0848 Mpa,22.4%,7.35%,6.55%,5.87%,10.5%,7.43%,11.1%,41.9%,6.37%,4.59%
2026-09-03 17:00:00,0.0811 Mpa,0.101 Mpa,0.0688 Mpa,0.114 Mpa,0.0846 Mpa,0.411 Mpa,0.0854 Mpa,,0.0857 Mpa,0.564 Mpa,9.91%,8.48%,4.86%,31.9%,16.5%,18.4%,6.92%,,6.15%,17.4%
2026-09-03 19:00:00,0.102 Mpa,0.166 Mpa,0.0207 Mpa,0.153 Mpa,0.0453 Mpa,0.123 Mpa,0.125 Mpa,,0.0194 Mpa,0.228 Mpa,10.1%,8.97%,3.26%,9.86%,6.96%,8.59%,8.33%,,4.09%,8.01%
2026-09-03 21:00:00,0.187 Mpa,0.0637 Mpa,0.0435 Mpa,0.318 Mpa,0.0908 Mpa,0.156 Mpa,0.0475 Mpa,,0.131 Mpa,0.127 Mpa,12.5%,6.24%,3.94%,13.6%,15.8%,9.07%,5.72%,,6.97%,5.70%
2026-09-03 23:00:00,0.155 Mpa,0.110 Mpa,0.0168 Mpa,0.0212 Mpa,0.127 Mpa,0.0573 Mpa,0.135 Mpa,0.239 Mpa,0.109 Mpa,0.0699 Mpa,11.0%,8.52%,2.98%,5.37%,10.8%,6.36%,8.44%,9.28%,6.93%,3.23%
2026-09-04 01:00:00,0.305 Mpa,0.433 Mpa,0.273 Mpa,0.0616 Mpa,0.280 Mpa,0.0877 Mpa,0.0341 Mpa,0.000250 Mpa,0.0169 Mpa,0.0226 Mpa,15.1%,17.3%,10.7%,6.23%,13.1%,7.78%,5.15%,2.43%,4.62%,5.80%
2026-09-04 03:00:00,0.523 Mpa,0.0715 Mpa,0.0100 Mpa,0.0942 Mpa,0.0951 Mpa,0.105 Mpa,0.0730 Mpa,,0.150 Mpa,0.215 Mpa,21.0%,7.24%,3.12%,7.19%,12.0%,7.89%,6.34%,,8.23%,13.6%
2026-09-04 05:00:00,0.413 Mpa,0.109 Mpa,0.00543 Mpa,0.768 Mpa,0.107 Mpa,0.0539 Mpa,0.0809 Mpa,,0.0456 Mpa,0.192 Mpa,20.4%,7.59%,2.77%,25.7%,21.1%,6.30%,6.59%,,5.44%,6.45%
2026-09-04 07:00:00,0.0540 Mpa,0.739 Mpa,0.164 Mpa,0.222 Mpa,0.614 Mpa,0.103 Mpa,0.221 Mpa,,0.119 Mpa,0.155 Mpa,8.72%,25.1%,18.7%,9.28%,26.9%,6.77%,11.3%,,7.40%,5.34%
2026-09-04 09:00:00,0.0754 Mpa,0.406 Mpa,0.123 Mpa,0.138 Mpa,0.292 Mpa,0.0948 Mpa,0.309 Mpa,,0.0333 Mpa,0.140 Mpa,9.56%,15.1%,6.31%,7.92%,17.1%,5.75%,13.8%,,4.54%,5.78%
2026-09-04 11:00:00,0.181 Mpa,0.149 Mpa,0.0896 Mpa,0.0788 Mpa,0.167 Mpa,0.216 Mpa,0.213 Mpa,,0.0656 Mpa,0.0528 Mpa,12.5%,9.21%,4.93%,6.63%,12.7%,9.53%,11.0%,,5.98%,3.69%
2026-09-04 13:00:00,0.0311 Mpa,0.124 Mpa,0.136 Mpa,0.0179 Mpa,0.0310 Mpa,0.0904 Mpa,0.0322 Mpa,,0.0455 Mpa,0.0475 Mpa,8.45%,8.20%,8.97%,6.36%,9.51%,6.23%,5.39%,,5.22%,3.54%
2026-09-04 15:00:00,0.0794 Mpa,0.0355 Mpa,0.0293 Mpa,0.00659 Mpa,0.133 Mpa,0.0598 Mpa,0.170 Mpa,0.467 Mpa,0.0550 Mpa,0.190 Mpa,10.2%,4.91%,3.01%,4.68%,17.6%,5.57%,9.56%,14.7%,5.54%,7.95%
2026-09-04 17:00:00,0.0872 Mpa,0.344 Mpa,0.0269 Mpa,0.00128 Mpa,0.0614 Mpa,0.389 Mpa,0.0506 Mpa,1.13 Mpa,0.0871 Mpa,0.246 Mpa,8.77%,14.0%,3.05%,15.2%,10.4%,14.5%,5.58%,33.5%,6.72%,8.13%
2026-09-04 19:00:00,0.0887 Mpa,0.205 Mpa,0.0102 Mpa,0 Mpa,0.123 Mpa,0.0675 Mpa,0.0772 Mpa,1.21 Mpa,0.0412 Mpa,0.119 Mpa,7.44%,10.2%,2.53%,80.4%,12.8%,5.11%,6.35%,35.7%,5.50%,5.63%
2026-09-04 21:00:00,0.102 Mpa,0.459 Mpa,0.0108 Mpa,0.311 Mpa,0.0895 Mpa,0.0981 Mpa,0.331 Mpa,0.173 Mpa,0.0213 Mpa,0.0672 Mpa,8.43%,17.9%,2.69%,14.4%,11.8%,7.34%,14.5%,6.81%,5.54%,4.31%
2026-09-04 23:00:00,0.107 Mpa,0.114 Mpa,0.307 Mpa,0.0675 Mpa,0.0199 Mpa,0.152 Mpa,0.153 Mpa,0.121 Mpa,0.158 Mpa,0.0157 Mpa,9.52%,8.14%,11.6%,6.58%,9.78%,8.72%,8.90%,5.34%,9.20%,3.01%
2026-09-05 01:00:00,0.236 Mpa,0.0490 Mpa,0.0175 Mpa,0.126 Mpa,0.100 Mpa,0.0323 Mpa,0.194 Mpa,0.0437 Mpa,0.0282 Mpa,0.213 Mpa,13.5%,8.24%,3.37%,7.79%,12.3%,5.15%,10.5%,5.61%,5.01%,7.53%
2026-09-05 03:00:00,0.0418 Mpa,0.110 Mpa,0.0356 Mpa,0.186 Mpa,0.126 Mpa,0.0566 Mpa,0.0144 Mpa,0.0790 Mpa,0.304 Mpa,0.467 Mpa,16.2%,8.77%,3.53%,10.1%,13.1%,6.81%,4.64%,3.53%,13.1%,14.4%
2026-09-05 05:00:00,0.194 Mpa,0.118 Mpa,0.0672 Mpa,0.0872 Mpa,0.0264 Mpa,0.138 Mpa,0.246 Mpa,0.0674 Mpa,0.0962 Mpa,,11.3%,8.17%,4.62%,6.72%,9.09%,9.49%,11.8%,3.34%,7.38%,
2026-09-05 07:00:00,0.149 Mpa,0.0625 Mpa,0.0502 Mpa,0.164 Mpa,0.0866 Mpa,0.0893 Mpa,0.0507 Mpa,0.0617 Mpa,0.164 Mpa,,10.7%,6.69%,4.08%,7.74%,10.5%,6.62%,5.49%,6.40%,9.57%,
2026-09-05 09:00:00,0.108 Mpa,0.0799 Mpa,0.0477 Mpa,0.169 Mpa,0.0267 Mpa,0.0709 Mpa,0.243 Mpa,0.0167 Mpa,0.138 Mpa,,9.18%,7.95%,3.80%,8.21%,7.27%,7.16%,11.8%,1.69%,8.43%,
2026-09-05 11:00:00,0.513 Mpa,0.399 Mpa,0.0704 Mpa,0.0730 Mpa,0.951 Mpa,0.0966 Mpa,0.0890 Mpa,0.107 Mpa,1.49 Mpa,0.0442 Mpa,20.6%,17.3%,5.10%,6.24%,35.0%,7.34%,6.98%,4.17%,46.9%,4.51%
2026-09-05 13:00:00,0.595 Mpa,0.115 Mpa,0.0781 Mpa,0.0662 Mpa,0.0173 Mpa,0.0886 Mpa,0.508 Mpa,0.121 Mpa,0.303 Mpa,,24.5%,9.84%,4.97%,8.00%,7.17%,6.93%,20.5%,5.11%,13.4%,
2026-09-05 15:00:00,0.390 Mpa,0.0764 Mpa,0.0304 Mpa,0.0400 Mpa,0.507 Mpa,0.0178 Mpa,0.166 Mpa,0.358 Mpa,1.08 Mpa,,17.1%,7.65%,2.98%,5.50%,23.6%,5.37%,9.06%,12.1%,35.6%,
2026-09-05 17:00:00,0.200 Mpa,0.0267 Mpa,0.0783 Mpa,0.229 Mpa,0.128 Mpa,0.0610 Mpa,0.198 Mpa,0.122 Mpa,0.258 Mpa,,13.0%,5.15%,7.89%,11.1%,12.7%,6.41%,10.5%,6.29%,11.9%,
2026-09-05 19:00:00,0.130 Mpa,0.129 Mpa,0.0711 Mpa,0.0701 Mpa,0.111 Mpa,0.571 Mpa,0.282 Mpa,0.0718 Mpa,0.232 Mpa,,10.1%,6.99%,4.34%,5.99%,12.4%,24.1%,13.0%,8.51%,10.6%,
2026-09-05 21:00:00,0.0795 Mpa,0.108 Mpa,0.136 Mpa,0.0520 Mpa,0.0583 Mpa,0.113 Mpa,0.439 Mpa,0.122 Mpa,0.406 Mpa,,10.7%,7.16%,10.4%,5.53%,10.4%,7.27%,18.4%,5.44%,15.9%,
2026-09-05 23:00:00,0.0411 Mpa,0.0475 Mpa,0.0836 Mpa,0.168 Mpa,0.0658 Mpa,0.0907 Mpa,0.478 Mpa,0.0720 Mpa,0.158 Mpa,,14.7%,4.91%,27.6%,8.99%,11.1%,6.64%,19.2%,3.99%,8.41%,
2026-09-06 01:00:00,0.130 Mpa,0.129 Mpa,0.414 Mpa,0.0791 Mpa,0.0258 Mpa,0.0649 Mpa,0.348 Mpa,0.0292 Mpa,0.271 Mpa,0 Mpa,11.2%,8.94%,14.4%,6.28%,8.47%,5.73%,15.2%,2.88%,11.7%,3.73%
2026-09-06 03:00:00,0.116 Mpa,0.234 Mpa,0.489 Mpa,0.0179 Mpa,0.0465 Mpa,0.175 Mpa,0.149 Mpa,0.271 Mpa,0.434 Mpa,0.667 Mpa,11.2%,11.4%,17.8%,4.45%,9.17%,9.94%,8.87%,9.17%,16.5%,20.1%
2026-09-06 05:00:00,0.116 Mpa,0.183 Mpa,0.157 Mpa,0.0560 Mpa,0.108 Mpa,0.0563 Mpa,0.367 Mpa,0.0534 Mpa,0.133 Mpa,0.118 Mpa,11.5%,9.52%,7.35%,5.01%,12.0%,5.41%,15.5%,3.01%,8.11%,4.88%
2026-09-06 07:00:00,0.126 Mpa,0.0368 Mpa,0.688 Mpa,0.0382 Mpa,0.0670 Mpa,0.0728 Mpa,0.0256 Mpa,0.112 Mpa,0.282 Mpa,0.0899 Mpa,10.8%,7.66%,22.8%,6.91%,10.9%,6.67%,4.53%,5.26%,12.5%,3.81%
2026-09-06 09:00:00,0.0737 Mpa,0.141 Mpa,0.697 Mpa,0.0439 Mpa,0.0616 Mpa,0.0903 Mpa,0.138 Mpa,0.0600 Mpa,0.150 Mpa,0.176 Mpa,9.60%,8.87%,22.5%,4.79%,10.4%,6.01%,7.94%,3.66%,9.29%,6.79%
2026-09-06 11:00:00,0.0465 Mpa,0.128 Mpa,0.391 Mpa,0.0909 Mpa,0.143 Mpa,0.779 Mpa,0.0443 Mpa,0.112 Mpa,0.320 Mpa,0.0277 Mpa,8.76%,9.54%,14.2%,6.27%,13.0%,30.9%,5.51%,4.95%,13.9%,2.45%
2026-09-06 13:00:00,0.0774 Mpa,0.142 Mpa,0.0433 Mpa,0.284 Mpa,0.122 Mpa,0.538 Mpa,0.204 Mpa,0.245 Mpa,0.186 Mpa,0.226 Mpa,9.23%,11.4%,3.76%,12.1%,12.3%,19.8%,10.7%,9.05%,9.93%,8.41%
2026-09-06 15:00:00,0.0626 Mpa,0.0418 Mpa,0.214 Mpa,0.0458 Mpa,0.643 Mpa,0.0732 Mpa,0.0922 Mpa,0.0406 Mpa,0.484 Mpa,0.154 Mpa,8.92%,7.51%,8.79%,5.56%,29.7%,6.81%,6.96%,3.18%,17.8%,7.27%
2026-09-06 17:00:00,0.131 Mpa,0.0654 Mpa,0.348 Mpa,0.281 Mpa,0.0850 Mpa,0.102 Mpa,0.196 Mpa,0.116 Mpa,0.891 Mpa,0.207 Mpa,10.3%,7.36%,12.6%,12.0%,11.4%,7.42%,10.2%,5.42%,29.6%,6.80%
2026-09-06 19:00:00,0.0961 Mpa,0.121 Mpa,0.0471 Mpa,0.481 Mpa,0.0621 Mpa,0.516 Mpa,0.0405 Mpa,0.113 Mpa,0.142 Mpa,0.0381 Mpa,10.6%,8.06%,18.9%,17.5%,10.5%,19.1%,5.49%,5.07%,6.98%,3.05%
2026-09-06 21:00:00,0.176 Mpa,0.0349 Mpa,0.0292 Mpa,0.263 Mpa,0.275 Mpa,0.374 Mpa,0.120 Mpa,0.0276 Mpa,0.152 Mpa,0.0264 Mpa,12.4%,5.50%,23.9%,11.6%,16.7%,16.5%,8.06%,2.03%,7.67%,3.90%
2026-09-06 23:00:00,0.0926 Mpa,0.0548 Mpa,0.406 Mpa,0.0236 Mpa,0.103 Mpa,0.290 Mpa,0.0744 Mpa,0.0270 Mpa,0.432 Mpa,0.116 Mpa,9.36%,6.00%,21.6%,4.33%,10.7%,13.3%,8.47%,2.06%,16.5%,4.71%
2026-09-07 01:00:00,0.199 Mpa,0.0747 Mpa,0.278 Mpa,0.267 Mpa,0.115 Mpa,0.0887 Mpa,0.291 Mpa,0.0660 Mpa,0.744 Mpa,0.0459 Mpa,11.5%,7.26%,10.3%,12.5%,11.7%,7.86%,13.1%,3.78%,25.5%,2.64%
2026-09-07 03:00:00,0.0467 Mpa,0.305 Mpa,0.342 Mpa,0.151 Mpa,0.182 Mpa,0.102 Mpa,0.314 Mpa,0.0350 Mpa,0.326 Mpa,0.235 Mpa,8.66%,13.8%,12.7%,8.52%,14.5%,7.22%,14.0%,2.53%,13.4%,8.95%
2026-09-07 05:00:00,0.0930 Mpa,0.362 Mpa,1.35 Mpa,0.0483 Mpa,0.0669 Mpa,0.111 Mpa,0.331 Mpa,0.0818 Mpa,0.193 Mpa,0.0481 Mpa,9.86%,16.0%,42.7%,5.83%,10.6%,7.56%,14.2%,3.99%,9.91%,4.06%
2026-09-07 07:00:00,0.101 Mpa,0.491 Mpa,0.142 Mpa,0.304 Mpa,0.0923 Mpa,0.0667 Mpa,0.0669 Mpa,0.182 Mpa,0.189 Mpa,0 Mpa,9.92%,20.3%,6.48%,12.5%,11.7%,6.06%,6.09%,7.44%,10.3%,2.68%
2026-09-07 09:00:00,0.114 Mpa,0.0823 Mpa,0.0890 Mpa,0.256 Mpa,0.0520 Mpa,0.536 Mpa,0.0516 Mpa,0.0818 Mpa,0.249 Mpa,0.0485 Mpa,9.65%,7.75%,4.63%,10.7%,10.2%,21.7%,5.57%,4.57%,11.6%,3.50%
2026-09-07 11:00:00,0.180 Mpa,0.0297 Mpa,0.189 Mpa,0.0133 Mpa,0.457 Mpa,0.0924 Mpa,0.167 Mpa,0.0369 Mpa,0.282 Mpa,0.107 Mpa,12.6%,16.9%,7.79%,4.04%,22.9%,5.96%,9.31%,2.86%,12.4%,4.91%
2026-09-07 13:00:00,0.0804 Mpa,0.0952 Mpa,0.218 Mpa,0.197 Mpa,0.296 Mpa,0.0131 Mpa,0.0463 Mpa,0.143 Mpa,0.251 Mpa,0.106 Mpa,8.46%,8.67%,8.83%,10.1%,17.2%,4.71%,5.13%,5.43%,11.4%,8.43%
2026-09-07 15:00:00,0.0914 Mpa,0.00412 Mpa,0.0609 Mpa,0.0474 Mpa,0.0566 Mpa,0.0327 Mpa,0.00788 Mpa,0.141 Mpa,0.0860 Mpa,0.0369 Mpa,10.3%,5.45%,4.52%,5.37%,14.5%,8.53%,4.27%,5.99%,9.65%,2.69%
2026-09-07 17:00:00,0.177 Mpa,0.0440 Mpa,0.0615 Mpa,0.0620 Mpa,0.356 Mpa,0.0617 Mpa,0.0352 Mpa,0.119 Mpa,0.264 Mpa,0.138 Mpa,11.6%,6.91%,4.33%,5.60%,19.3%,6.59%,5.02%,5.11%,10.3%,5.86%
2026-09-07 19:00:00,0.0867 Mpa,0.158 Mpa,0.0290 Mpa,0.162 Mpa,0.289 Mpa,0.0626 Mpa,0.182 Mpa,0.0641 Mpa,,0.0175 Mpa,8.72%,9.09%,3.02%,8.93%,17.4%,5.37%,9.97%,3.23%,,2.74%
2026-09-07 21:00:00,0.171 Mpa,0.287 Mpa,0.0429 Mpa,0.380 Mpa,0.113 Mpa,0.109 Mpa,0.162 Mpa,0.453 Mpa,0.576 Mpa,0.0928 Mpa,11.1%,13.1%,3.85%,15.2%,11.6%,5.02%,8.76%,14.9%,18.6%,4.88%
2026-09-07 23:00:00,0.0260 Mpa,0.0979 Mpa,0.352 Mpa,0.179 Mpa,0.0518 Mpa,0.109 Mpa,0.242 Mpa,0.102 Mpa,0.214 Mpa,0.0356 Mpa,11.9%,7.70%,12.6%,9.35%,13.2%,5.97%,11.5%,4.64%,10.2%,2.95%
2026-09-08 01:00:00,0.121 Mpa,0.153 Mpa,1.50 Mpa,0.164 Mpa,0.0869 Mpa,0.0867 Mpa,0.00757 Mpa,0.0667 Mpa,0.138 Mpa,0.280 Mpa,10.0%,8.94%,46.3%,8.93%,10.5%,5.62%,4.12%,3.18%,7.84%,9.69%
2026-09-08 03:00:00,0.121 Mpa,0.922 Mpa,0.261 Mpa,0.0156 Mpa,0.0604 Mpa,0.125 Mpa,0.0645 Mpa,0.420 Mpa,0.696 Mpa,0.0404 Mpa,10.9%,30.9%,9.26%,10.3%,9.88%,6.08%,6.07%,14.0%,23.9%,2.39%
2026-09-08 05:00:00,0.208 Mpa,0.309 Mpa,,0.0669 Mpa,0.197 Mpa,0.160 Mpa,0.0932 Mpa,0.0474 Mpa,0.162 Mpa,0.0834 Mpa,12.8%,14.5%,,5.98%,14.2%,7.17%,6.78%,2.75%,8.84%,4.13%
2026-09-08 07:00:00,0.0441 Mpa,0.171 Mpa,,0.0328 Mpa,0.0784 Mpa,0.306 Mpa,0.239 Mpa,0.0434 Mpa,0.0864 Mpa,0.107 Mpa,8.65%,10.1%,,4.50%,9.96%,12.6%,10.9%,3.17%,7.18%,4.38%
2026-09-08 09:00:00,0.0286 Mpa,0.0224 Mpa,,0.0972 Mpa,0.0747 Mpa,0.0509 Mpa,0.0318 Mpa,0.0387 Mpa,0.0499 Mpa,0.0955 Mpa,7.91%,5.53%,,6.78%,10.0%,4.34%,3.20%,3.07%,6.13%,3.78%
2026-09-08 11:00:00,0.267 Mpa,0.196 Mpa,,0.341 Mpa,0.141 Mpa,0.517 Mpa,0.0372 Mpa,0.118 Mpa,0.823 Mpa,0.0632 Mpa,15.4%,11.9%,,14.0%,12.0%,17.7%,4.95%,5.43%,28.0%,3.58%
2026-09-08 13:00:00,0.156 Mpa,0.297 Mpa,,0.189 Mpa,0.122 Mpa,0.173 Mpa,0.283 Mpa,0.0611 Mpa,0.116 Mpa,0.0486 Mpa,11.7%,15.2%,,10.0%,12.0%,9.31%,13.0%,3.57%,8.24%,2.31%
2026-09-08 15:00:00,0.154 Mpa,0.179 Mpa,,0.105 Mpa,0.0556 Mpa,0.164 Mpa,0.116 Mpa,0.0774 Mpa,0.0807 Mpa,0.115 Mpa,11.8%,9.75%,,7.55%,33.3%,9.35%,7.92%,3.53%,5.73%,5.41%
2026-09-08 17:00:00,0.140 Mpa,0.104 Mpa,,0.136 Mpa,0.0438 Mpa,0.0850 Mpa,0.0688 Mpa,0.0572 Mpa,0.0611 Mpa,0.130 Mpa,11.5%,7.35%,,8.03%,9.37%,6.57%,6.80%,3.36%,9.63%,6.48%
2026-09-08 19:00:00,0.207 Mpa,0.0312 Mpa,,0.218 Mpa,0.710 Mpa,0.728 Mpa,0.191 Mpa,0.0486 Mpa,0.143 Mpa,0.0103 Mpa,11.5%,5.82%,,10.6%,30.6%,28.4%,10.00%,3.58%,8.93%,4.18%
2026-09-08 21:00:00,0.0782 Mpa,0.187 Mpa,,1.49 Mpa,0.0718 Mpa,0.199 Mpa,0.119 Mpa,0.330 Mpa,0.258 Mpa,0.127 Mpa,9.40%,11.6%,,46.0%,10.7%,10.8%,7.76%,11.8%,12.1%,6.99%
2026-09-08 23:00:00,0.292 Mpa,0.0940 Mpa,,0.435 Mpa,0.218 Mpa,0.0836 Mpa,0.449 Mpa,0.362 Mpa,1.08 Mpa,0.125 Mpa,29.2%,12.5%,,16.0%,14.9%,6.59%,17.7%,12.6%,35.0%,5.81%
2026-09-09 01:00:00,0.235 Mpa,0.172 Mpa,,0.465 Mpa,0.0853 Mpa,0.240 Mpa,0.227 Mpa,0.0371 Mpa,0.127 Mpa,0.0878 Mpa,13.3%,9.80%,,16.8%,11.6%,12.6%,11.1%,3.01%,7.70%,4.91%
2026-09-09 03:00:00,0.123 Mpa,0.0676 Mpa,0.0548 Mpa,0.209 Mpa,0.0411 Mpa,0.217 Mpa,0.329 Mpa,0.174 Mpa,0.0712 Mpa,0.109 Mpa,19.3%,9.52%,4.27%,10.1%,10.2%,10.5%,14.4%,8.80%,6.19%,5.90%
2026-09-09 05:00:00,0.144 Mpa,0.0256 Mpa,0.00545 Mpa,0.160 Mpa,0.631 Mpa,0.0749 Mpa,0.0457 Mpa,0.210 Mpa,0.0642 Mpa,0.0342 Mpa,10.7%,6.20%,0.609%,8.66%,28.4%,7.19%,5.28%,8.29%,6.18%,5.10%
2026-09-09 07:00:00,0.0364 Mpa,0.0214 Mpa,,0.117 Mpa,0.120 Mpa,0.233 Mpa,0.0749 Mpa,0.110 Mpa,0.108 Mpa,0.0183 Mpa,8.13%,5.62%,,7.63%,11.8%,12.0%,5.69%,5.54%,7.75%,8.31%
2026-09-09 09:00:00,0.182 Mpa,0.00194 Mpa,0.0348 Mpa,0.191 Mpa,0.382 Mpa,0.0425 Mpa,0.338 Mpa,0.0526 Mpa,0.0489 Mpa,0.0927 Mpa,13.4%,4.05%,2.19%,9.89%,20.3%,5.63%,14.5%,3.48%,6.05%,5.31%
2026-09-09 11:00:00,0.159 Mpa,0.0343 Mpa,0.813 Mpa,0.0640 Mpa,0.234 Mpa,0.226 Mpa,0.103 Mpa,0.0660 Mpa,0.0493 Mpa,0.112 Mpa,13.1%,6.72%,25.8%,6.85%,15.9%,11.3%,7.09%,4.04%,5.15%,4.33%
2026-09-09 13:00:00,0.0589 Mpa,0.204 Mpa,0.226 Mpa,0.290 Mpa,0.311 Mpa,0.00987 Mpa,0.165 Mpa,0.0708 Mpa,0.149 Mpa,0.0445 Mpa,8.88%,11.5%,9.52%,12.9%,16.5%,4.80%,9.70%,4.36%,7.22%,1.50%
2026-09-09 15:00:00,0.611 Mpa,1.07 Mpa,0.470 Mpa,0.0134 Mpa,0.144 Mpa,0.528 Mpa,0.0848 Mpa,0.0578 Mpa,0.0570 Mpa,0.0782 Mpa,24.6%,35.6%,16.7%,4.87%,13.7%,23.6%,7.02%,3.53%,4.19%,2.33%
2026-09-09 17:00:00,0.254 Mpa,0.325 Mpa,0.494 Mpa,0.388 Mpa,0.0956 Mpa,0.0494 Mpa,0.0416 Mpa,0.126 Mpa,0.0328 Mpa,0.0576 Mpa,15.1%,14.6%,17.2%,15.0%,11.8%,8.78%,5.64%,6.02%,4.72%,3.73%
2026-09-09 19:00:00,0.685 Mpa,0.300 Mpa,0.429 Mpa,0.260 Mpa,0.158 Mpa,0.132 Mpa,0.178 Mpa,0.0515 Mpa,0.0899 Mpa,0.0532 Mpa,24.9%,15.1%,14.9%,9.99%,14.4%,12.4%,10.1%,3.58%,7.35%,3.73%
2026-09-09 21:00:00,0.497 Mpa,0.102 Mpa,0.404 Mpa,0.195 Mpa,0.0800 Mpa,0.166 Mpa,0.0212 Mpa,0.0569 Mpa,0.0780 Mpa,0.118 Mpa,25.9%,7.41%,14.9%,9.59%,11.2%,10.1%,4.90%,3.72%,7.03%,5.75%
2026-09-09 23:00:00,0.748 Mpa,0.428 Mpa,0.564 Mpa,0.0817 Mpa,0.0448 Mpa,0.173 Mpa,0.211 Mpa,0.0722 Mpa,0.0446 Mpa,0.0383 Mpa,26.6%,18.6%,19.3%,4.98%,9.73%,13.6%,10.7%,4.10%,5.41%,3.75%
2026-09-10 01:00:00,,0.0454 Mpa,0.140 Mpa,0.0679 Mpa,0.181 Mpa,0.0401 Mpa,0.199 Mpa,0.0194 Mpa,0.214 Mpa,0.148 Mpa,,5.89%,6.38%,41.9%,13.8%,10.8%,10.6%,2.42%,9.69%,7.24%
2026-09-10 03:00:00,,0.0525 Mpa,0.0875 Mpa,0.137 Mpa,0.115 Mpa,0.00635 Mpa,0.0769 Mpa,0.0926 Mpa,0.308 Mpa,0.457 Mpa,,5.78%,4.62%,9.88%,11.6%,11.6%,7.09%,6.16%,13.4%,14.2%
2026-09-10 05:00:00,,0.0710 Mpa,0.161 Mpa,0.0287 Mpa,0.0475 Mpa,0.0853 Mpa,0.278 Mpa,0.0414 Mpa,0.270 Mpa,0.111 Mpa,,6.44%,6.96%,5.44%,10.2%,7.39%,12.9%,3.35%,12.0%,4.78%
2026-09-10 07:00:00,,0.0960 Mpa,0.148 Mpa,0.145 Mpa,0.0423 Mpa,0.0794 Mpa,0.0387 Mpa,0.0912 Mpa,0.165 Mpa,0.0644 Mpa,,8.71%,6.66%,8.72%,10.3%,7.41%,5.28%,4.68%,8.92%,3.21%
2026-09-10 09:00:00,2.24 Mpa,0.0530 Mpa,0.0765 Mpa,0.0783 Mpa,0.0716 Mpa,0.177 Mpa,0.316 Mpa,0.0414 Mpa,0.0414 Mpa,0.00389 Mpa,18.1%,6.48%,4.70%,7.93%,10.9%,10.8%,14.0%,2.83%,5.42%,1.44%
2026-09-10 11:00:00,,0.0520 Mpa,0.108 Mpa,0.0424 Mpa,0.0701 Mpa,0.154 Mpa,0.223 Mpa,0.0912 Mpa,0.126 Mpa,0.0840 Mpa,,6.05%,5.68%,6.76%,10.9%,9.41%,11.4%,4.83%,7.60%,4.06%
2026-09-10 13:00:00,,0.618 Mpa,0.169 Mpa,0.0272 Mpa,0.0796 Mpa,0.220 Mpa,0.178 Mpa,0.156 Mpa,0.168 Mpa,0.0119 Mpa,,23.1%,7.79%,6.30%,14.2%,12.0%,8.52%,6.33%,9.04%,3.87%
2026-09-10 15:00:00,,0.0315 Mpa,0.0206 Mpa,0.0174 Mpa,0.0835 Mpa,0.0212 Mpa,0.206 Mpa,0.241 Mpa,0.0909 Mpa,0.0669 Mpa,,7.47%,2.74%,5.96%,24.9%,5.56%,9.75%,9.41%,7.03%,5.54%
2026-09-10 17:00:00,,0.154 Mpa,0.00989 Mpa,0.257 Mpa,0.0682 Mpa,0.0352 Mpa,0.0362 Mpa,0.106 Mpa,0.0500 Mpa,0.0278 Mpa,,11.1%,2.82%,12.0%,9.94%,5.51%,4.61%,5.24%,6.05%,2.97%
2026-09-10 19:00:00,,0.580 Mpa,0.181 Mpa,0.394 Mpa,0.0603 Mpa,0.0274 Mpa,0.420 Mpa,0.132 Mpa,0.115 Mpa,0.147 Mpa,,22.7%,7.77%,15.4%,8.98%,3.49%,17.2%,5.94%,8.02%,6.20%
2026-09-10 21:00:00,,0.0955 Mpa,0.0201 Mpa,0.488 Mpa,0.0690 Mpa,0.235 Mpa,0.0528 Mpa,0.0142 Mpa,0.0442 Mpa,0.0112 Mpa,,6.60%,2.95%,18.4%,8.79%,11.4%,5.21%,2.50%,5.55%,2.22%
2026-09-10 23:00:00,,0.0394 Mpa,0.0143 Mpa,0.251 Mpa,0.272 Mpa,0.163 Mpa,0.188 Mpa,0.110 Mpa,0.0777 Mpa,0.0101 Mpa,,5.29%,2.66%,11.3%,16.2%,10.1%,10.3%,5.27%,6.36%,20.6%
2026-09-11 01:00:00,6.10 Mpa,0.118 Mpa,0.119 Mpa,0.194 Mpa,0.0939 Mpa,0.121 Mpa,0.124 Mpa,0.188 Mpa,1.10 Mpa,0.0726 Mpa,6.80%,8.06%,5.66%,9.21%,11.7%,8.76%,8.02%,7.33%,35.0%,11.8%
2026-09-11 03:00:00,3.38 Mpa,0.121 Mpa,0.0682 Mpa,0.151 Mpa,0.0720 Mpa,0.191 Mpa,0.0672 Mpa,0.0261 Mpa,0.348 Mpa,0.0388 Mpa,11.5%,11.1%,3.92%,8.79%,10.9%,11.3%,5.32%,2.69%,14.0%,1.84%
2026-09-11 05:00:00,1.43 Mpa,0.139 Mpa,0.186 Mpa,0.289 Mpa,0.126 Mpa,0.230 Mpa,0.0609 Mpa,0.197 Mpa,0.668 Mpa,0.165 Mpa,47.3%,8.84%,7.85%,12.6%,12.4%,12.1%,5.31%,7.58%,23.0%,5.89%
2026-09-11 07:00:00,0.324 Mpa,0.148 Mpa,0.0577 Mpa,0.160 Mpa,0.0101 Mpa,0.409 Mpa,0.233 Mpa,0.0130 Mpa,0.115 Mpa,0.0695 Mpa,19.8%,10.2%,4.01%,8.43%,9.39%,17.2%,11.3%,2.27%,6.97%,4.69%
2026-09-11 09:00:00,0.0618 Mpa,0.285 Mpa,0.0272 Mpa,0.275 Mpa,0.290 Mpa,,0.0689 Mpa,0.0427 Mpa,0.160 Mpa,0.116 Mpa,10.8%,14.1%,3.17%,12.2%,18.1%,,6.42%,3.04%,8.73%,5.55%
2026-09-11 11:00:00,1.12 Mpa,0.0459 Mpa,0.227 Mpa,0.435 Mpa,0.0114 Mpa,0.0227 Mpa,0.248 Mpa,0.0500 Mpa,0.0997 Mpa,0.349 Mpa,36.5%,6.79%,10.8%,17.1%,8.69%,15.4%,11.4%,3.35%,6.86%,12.1%
2026-09-11 13:00:00,0.674 Mpa,0.0424 Mpa,0.0144 Mpa,0.253 Mpa,0.700 Mpa,0.163 Mpa,0.610 Mpa,0.116 Mpa,0.0696 Mpa,0.0163 Mpa,24.6%,8.99%,2.88%,12.1%,30.6%,10.0%,23.2%,5.50%,6.28%,2.86%
2026-09-11 15:00:00,0.827 Mpa,0.0420 Mpa,0.0631 Mpa,0.701 Mpa,0.259 Mpa,0.106 Mpa,0.0115 Mpa,0.0780 Mpa,0.0570 Mpa,0.0135 Mpa,27.8%,8.46%,4.38%,24.5%,16.0%,8.67%,21.2%,4.01%,6.90%,2.88%
2026-09-11 17:00:00,0.516 Mpa,0.106 Mpa,0.0631 Mpa,0.407 Mpa,0.318 Mpa,0.117 Mpa,0.141 Mpa,0.0981 Mpa,0.0836 Mpa,0.0524 Mpa,21.2%,9.96%,4.46%,15.9%,19.1%,8.41%,7.86%,4.94%,7.85%,7.82%
2026-09-11 19:00:00,0.516 Mpa,0.0998 Mpa,0.0303 Mpa,0.514 Mpa,0.106 Mpa,0.467 Mpa,0.137 Mpa,0.281 Mpa,0.0861 Mpa,0.774 Mpa,21.0%,7.87%,3.33%,18.4%,11.1%,18.3%,7.59%,10.7%,6.88%,28.7%
2026-09-11 21:00:00,0.414 Mpa,0.144 Mpa,0.0677 Mpa,0.0204 Mpa,0.102 Mpa,0.459 Mpa,0.0460 Mpa,0.301 Mpa,0.0353 Mpa,0.149 Mpa,19.6%,9.29%,4.37%,3.89%,11.7%,18.8%,5.04%,10.8%,5.50%,5.35%
2026-09-11 23:00:00,0.198 Mpa,0.156 Mpa,0.0344 Mpa,0.265 Mpa,0.0816 Mpa,0.641 Mpa,0.0664 Mpa,0.221 Mpa,0.131 Mpa,0.204 Mpa,14.2%,10.1%,3.37%,11.5%,11.0%,26.5%,5.47%,8.55%,8.07%,7.17%
2026-09-12 01:00:00,,0.358 Mpa,0.177 Mpa,0.172 Mpa,0.115 Mpa,0.121 Mpa,0.0661 Mpa,0.129 Mpa,0.437 Mpa,0.187 Mpa,,13.8%,7.33%,12.2%,11.3%,8.92%,5.16%,4.81%,16.7%,7.83%
2026-09-12 03:00:00,,0.0806 Mpa,0.139 Mpa,0.00847 Mpa,0.249 Mpa,0.167 Mpa,0.0631 Mpa,0.163 Mpa,0.994 Mpa,0.307 Mpa,,8.24%,6.50%,4.11%,15.4%,9.62%,4.84%,7.79%,32.4%,9.43%
2026-09-12 05:00:00,,0.112 Mpa,0.0794 Mpa,0.0621 Mpa,0.203 Mpa,0.0981 Mpa,0.0405 Mpa,0.0953 Mpa,0.0686 Mpa,0.115 Mpa,,7.68%,7.37%,6.06%,15.1%,12.7%,4.67%,5.31%,6.59%,4.77%
2026-09-12 07:00:00,,0.0568 Mpa,0.0270 Mpa,0.0731 Mpa,0.0965 Mpa,0.135 Mpa,0.0329 Mpa,0.0604 Mpa,0.0725 Mpa,0.0572 Mpa,,5.61%,2.99%,6.59%,11.3%,9.45%,5.18%,2.91%,6.32%,3.63%
2026-09-12 09:00:00,0.152 Mpa,0.230 Mpa,0.0633 Mpa,0.264 Mpa,0.130 Mpa,0.147 Mpa,0.00480 Mpa,0.144 Mpa,0.0921 Mpa,0.0370 Mpa,12.3%,10.8%,3.92%,12.1%,12.9%,8.13%,4.39%,5.91%,6.98%,3.60%
2026-09-12 11:00:00,0.203 Mpa,0.201 Mpa,0.0761 Mpa,0.102 Mpa,0.290 Mpa,0.132 Mpa,0.465 Mpa,0.131 Mpa,0.0482 Mpa,0.0454 Mpa,12.7%,10.6%,4.32%,6.46%,17.2%,6.71%,18.8%,5.73%,6.02%,3.46%
2026-09-12 13:00:00,0.883 Mpa,0.207 Mpa,0.0680 Mpa,0.109 Mpa,0.131 Mpa,0.0377 Mpa,0.102 Mpa,0.336 Mpa,0.0798 Mpa,0.0777 Mpa,31.2%,12.2%,4.43%,11.4%,12.5%,5.43%,7.16%,11.1%,6.75%,4.53%
2026-09-12 15:00:00,0.0842 Mpa,0.198 Mpa,0.0334 Mpa,0.307 Mpa,,0.112 Mpa,0.0311 Mpa,0.0680 Mpa,0.0727 Mpa,0.0257 Mpa,10.4%,9.40%,4.41%,13.1%,,7.46%,5.21%,3.01%,6.15%,5.14%
2026-09-12 17:00:00,0.246 Mpa,0.0551 Mpa,0.125 Mpa,0.186 Mpa,,0.195 Mpa,0.133 Mpa,0.0918 Mpa,0.0847 Mpa,0.0761 Mpa,14.3%,7.22%,6.38%,10.3%,,11.3%,8.55%,4.61%,6.56%,3.70%
2026-09-12 19:00:00,0.244 Mpa,0.446 Mpa,0.102 Mpa,0.343 Mpa,,0.159 Mpa,0.278 Mpa,0.0620 Mpa,0.0408 Mpa,0.0494 Mpa,15.1%,17.9%,5.59%,14.6%,,10.1%,13.1%,3.69%,5.55%,3.00%
2026-09-12 21:00:00,0.364 Mpa,0.804 Mpa,0.134 Mpa,0.271 Mpa,,0.478 Mpa,0.137 Mpa,0.0355 Mpa,0.0591 Mpa,0.0667 Mpa,17.3%,28.7%,6.70%,12.3%,,20.9%,8.78%,2.95%,6.41%,3.64%
2026-09-12 23:00:00,0.221 Mpa,0.222 Mpa,0.118 Mpa,0.0204 Mpa,,0.299 Mpa,0.102 Mpa,0.0587 Mpa,0.0825 Mpa,0.0458 Mpa,15.1%,12.0%,6.29%,5.31%,,15.3%,7.76%,3.75%,6.40%,3.14%
2026-09-13 01:00:00,0.228 Mpa,0.520 Mpa,0.0791 Mpa,0.312 Mpa,,0.0644 Mpa,0.0836 Mpa,0.183 Mpa,0.0801 Mpa,0.196 Mpa,14.3%,20.2%,4.59%,14.0%,,7.67%,6.10%,7.32%,7.00%,8.05%
2026-09-13 03:00:00,0.511 Mpa,0.0265 Mpa,0.327 Mpa,0.202 Mpa,,0.0240 Mpa,0.440 Mpa,0.0591 Mpa,0.0250 Mpa,0.0215 Mpa,25.6%,5.47%,12.1%,17.4%,,6.01%,17.1%,6.87%,5.47%,1.51%
2026-09-13 05:00:00,0.154 Mpa,0.389 Mpa,0.246 Mpa,0.101 Mpa,,0.411 Mpa,0.0557 Mpa,0.407 Mpa,0.0807 Mpa,0.342 Mpa,11.5%,16.1%,39.3%,6.10%,,16.4%,5.34%,13.2%,6.84%,10.6%
2026-09-13 07:00:00,0.202 Mpa,0.362 Mpa,0.0434 Mpa,0.0787 Mpa,,0.101 Mpa,0.0295 Mpa,0.318 Mpa,0.0397 Mpa,1.60 Mpa,13.0%,14.3%,9.17%,5.88%,,6.56%,4.95%,10.7%,5.63%,44.8%
2026-09-13 09:00:00,0.256 Mpa,0.193 Mpa,0.0749 Mpa,1.07 Mpa,,0.211 Mpa,0.228 Mpa,0.190 Mpa,0.0847 Mpa,0.0434 Mpa,15.5%,9.97%,4.61%,33.8%,,11.5%,11.2%,7.17%,6.66%,24.4%
2026-09-13 11:00:00,0.169 Mpa,0.138 Mpa,0.0773 Mpa,0.637 Mpa,,0.158 Mpa,0.184 Mpa,0.234 Mpa,0.0458 Mpa,0.0713 Mpa,16.6%,8.88%,4.94%,22.3%,,9.02%,9.86%,8.49%,5.99%,4.12%
2026-09-13 13:00:00,0.344 Mpa,0.411 Mpa,0.179 Mpa,0.182 Mpa,0.103 Mpa,0.138 Mpa,0.156 Mpa,0.197 Mpa,0.0373 Mpa,0.0337 Mpa,16.9%,15.9%,8.02%,10.3%,11.0%,8.40%,9.04%,7.61%,5.38%,2.61%
2026-09-13 15:00:00,0.304 Mpa,0.106 Mpa,0.317 Mpa,0.237 Mpa,0.168 Mpa,0.891 Mpa,0.177 Mpa,0.113 Mpa,0.207 Mpa,0.0306 Mpa,17.2%,8.88%,12.1%,11.3%,13.9%,35.3%,10.3%,4.83%,9.96%,1.23%
2026-09-13 17:00:00,0.241 Mpa,0.305 Mpa,0.0432 Mpa,0.110 Mpa,0.182 Mpa,0.119 Mpa,0.0881 Mpa,0.0838 Mpa,0.252 Mpa,0.0547 Mpa,15.6%,13.9%,3.75%,7.62%,21.8%,7.79%,7.01%,4.88%,10.8%,2.57%
2026-09-13 19:00:00,0.208 Mpa,0.422 Mpa,0.0321 Mpa,0.213 Mpa,0.154 Mpa,0.0752 Mpa,0.193 Mpa,0.149 Mpa,0.437 Mpa,0.0733 Mpa,12.9%,16.9%,3.61%,10.0%,12.9%,6.35%,9.95%,6.58%,16.4%,2.98%
2026-09-13 21:00:00,0.192 Mpa,0.522 Mpa,0.0694 Mpa,0.104 Mpa,0.735 Mpa,0.184 Mpa,0.0492 Mpa,0.00672 Mpa,0.327 Mpa,0.00521 Mpa,14.1%,20.8%,4.74%,7.16%,29.1%,9.67%,5.54%,2.35%,12.9%,2.55%
2026-09-13 23:00:00,1.08 Mpa,0.138 Mpa,0.0680 Mpa,0.181 Mpa,0.274 Mpa,1.23 Mpa,0.0865 Mpa,0.0451 Mpa,0.735 Mpa,0.0323 Mpa,35.9%,9.25%,4.63%,9.14%,13.9%,43.1%,7.21%,3.33%,24.7%,3.30%
2026-09-14 01:00:00,0.232 Mpa,0.0694 Mpa,0.0487 Mpa,0.114 Mpa,0.269 Mpa,0.108 Mpa,0.330 Mpa,0.116 Mpa,1.66 Mpa,0.123 Mpa,26.7%,8.35%,3.80%,6.93%,13.6%,7.64%,13.4%,5.28%,65.1%,5.27%
2026-09-14 03:00:00,0.119 Mpa,0.105 Mpa,0.0306 Mpa,0.0550 Mpa,0.274 Mpa,0.690 Mpa,0.433 Mpa,0.137 Mpa,0.0124 Mpa,0.949 Mpa,16.8%,8.80%,3.13%,5.70%,14.4%,28.6%,16.8%,7.12%,5.58%,27.2%
2026-09-14 05:00:00,0.268 Mpa,0.0741 Mpa,0.104 Mpa,0.0598 Mpa,0.227 Mpa,0.149 Mpa,0.0565 Mpa,0.0452 Mpa,,0.257 Mpa,15.6%,6.98%,5.58%,5.52%,12.5%,10.0%,5.72%,8.08%,,8.96%
2026-09-14 07:00:00,0.461 Mpa,0.151 Mpa,0.0428 Mpa,0.146 Mpa,0.321 Mpa,0.143 Mpa,0.173 Mpa,0.0900 Mpa,,0.113 Mpa,19.7%,9.12%,3.79%,7.91%,16.8%,9.25%,9.62%,3.91%,,4.97%
2026-09-14 09:00:00,1.70 Mpa,0.0540 Mpa,0.175 Mpa,0.238 Mpa,0.325 Mpa,0.573 Mpa,0.176 Mpa,0.128 Mpa,,0.0807 Mpa,54.7%,6.70%,7.85%,10.9%,26.5%,23.7%,9.58%,4.81%,,4.20%
2026-09-14 11:00:00,0.844 Mpa,0.179 Mpa,0.110 Mpa,0.193 Mpa,0.160 Mpa,0.147 Mpa,0.0415 Mpa,0.0108 Mpa,,0.107 Mpa,30.5%,9.50%,5.76%,9.54%,13.6%,9.23%,5.16%,1.73%,,5.19%
2026-09-14 13:00:00,0.0832 Mpa,0.0111 Mpa,0.169 Mpa,0.0689 Mpa,0.245 Mpa,0.117 Mpa,0.0854 Mpa,0.208 Mpa,0.186 Mpa,0.0861 Mpa,9.94%,9.90%,7.69%,7.10%,15.7%,8.26%,6.55%,7.30%,9.92%,8.58%
2026-09-14 15:00:00,0.0613 Mpa,0.0423 Mpa,0.175 Mpa,0.0754 Mpa,0.485 Mpa,0.134 Mpa,0.145 Mpa,0.166 Mpa,,0.0488 Mpa,9.18%,6.48%,7.82%,6.57%,23.3%,8.03%,8.40%,7.66%,,3.68%
2026-09-14 17:00:00,0.0560 Mpa,0.0957 Mpa,0.101 Mpa,0.103 Mpa,0.156 Mpa,0.976 Mpa,0.0804 Mpa,0.127 Mpa,,0.0906 Mpa,17.8%,7.07%,5.58%,6.84%,11.1%,36.2%,6.78%,5.66%,,4.79%
2026-09-14 19:00:00,0.0306 Mpa,0.0658 Mpa,0.0534 Mpa,0.143 Mpa,0.698 Mpa,0.230 Mpa,0.128 Mpa,0.0767 Mpa,,0.0396 Mpa,15.2%,8.77%,4.04%,8.15%,29.4%,11.8%,7.92%,4.25%,,2.02%
2026-09-14 21:00:00,0.101 Mpa,0.156 Mpa,0.00865 Mpa,0.143 Mpa,0.182 Mpa,0.0412 Mpa,0.131 Mpa,0.588 Mpa,,0.0230 Mpa,10.9%,9.38%,3.01%,8.41%,11.9%,5.99%,7.85%,19.4%,,2.12%
2026-09-14 23:00:00,0.485 Mpa,0.308 Mpa,0.159 Mpa,0.317 Mpa,0.145 Mpa,0.119 Mpa,0.309 Mpa,0.426 Mpa,,0.0126 Mpa,22.2%,14.0%,7.14%,13.2%,10.3%,9.29%,13.9%,14.0%,,0.985%
2026-09-15 01:00:00,0.175 Mpa,0.238 Mpa,0.0177 Mpa,0.110 Mpa,0.0178 Mpa,0.139 Mpa,0.219 Mpa,0.253 Mpa,0.000814 Mpa,0.104 Mpa,12.5%,13.0%,3.39%,7.37%,17.1%,10.2%,10.8%,9.12%,4.73%,3.61%
2026-09-15 03:00:00,0.00220 Mpa,0.254 Mpa,0.0278 Mpa,0.145 Mpa,0.344 Mpa,0.702 Mpa,0.0638 Mpa,0.0583 Mpa,0.542 Mpa,0.00912 Mpa,6.75%,11.9%,3.02%,8.35%,23.7%,28.8%,5.98%,3.76%,19.5%,0.358%
2026-09-15 05:00:00,0.0746 Mpa,0.0760 Mpa,0.0849 Mpa,0.0966 Mpa,0.207 Mpa,0.483 Mpa,0.0854 Mpa,0.144 Mpa,1.68 Mpa,0.0917 Mpa,9.26%,8.66%,4.92%,7.06%,13.7%,21.0%,6.72%,7.29%,51.1%,5.09%
2026-09-15 07:00:00,0.293 Mpa,0.0618 Mpa,0.0662 Mpa,0.0901 Mpa,0.183 Mpa,0.184 Mpa,0.357 Mpa,0.101 Mpa,1.53 Mpa,0.118 Mpa,14.5%,9.07%,4.46%,7.23%,12.9%,11.2%,14.9%,5.33%,46.5%,4.44%
2026-09-15 09:00:00,0.0783 Mpa,0.0493 Mpa,0.107 Mpa,0.0266 Mpa,0.247 Mpa,0.0435 Mpa,0.159 Mpa,0.114 Mpa,0.0213 Mpa,0.0922 Mpa,8.61%,8.96%,5.77%,6.02%,14.4%,6.38%,8.86%,5.26%,5.34%,3.32%

