"Time","TEM_TK - I38","TEM_TK - I39","TEM_TK - I40","TEM_TK - I41","TEM_TK - I42","TEM_TK - I43","TEM_TK - I44","TEM_TK - I47","TEM_TK - I48","RPM - I38","RPM - I39","RPM - I40","RPM - I41","RPM - I42","RPM - I43","RPM - I44","RPM - I47","RPM - I48"
2026-06-17 11:00:00,,81 °C,72 °C,,81 °C,86 °C,65 °C,59 °C,,,1854 rpm,1684 rpm,,1802 rpm,1835 rpm,1802 rpm,1875 rpm,
2026-06-17 13:00:00,,74 °C,76 °C,,,83 °C,53 °C,83 °C,,,1838 rpm,1810 rpm,,,1857 rpm,1843 rpm,1814 rpm,
2026-06-17 15:00:00,,78 °C,59 °C,34 °C,54 °C,79 °C,48 °C,81 °C,,,1852 rpm,801 rpm,0 rpm,1878 rpm,1819 rpm,1878 rpm,1835 rpm,
2026-06-17 17:00:00,,76 °C,77 °C,35 °C,81 °C,84 °C,66 °C,83 °C,,,1827 rpm,1798 rpm,799 rpm,1849 rpm,1804 rpm,1911 rpm,1840 rpm,
2026-06-17 19:00:00,,70 °C,66 °C,40 °C,56 °C,74 °C,59 °C,58 °C,,,1887 rpm,800 rpm,800 rpm,1773 rpm,1781 rpm,1399 rpm,801 rpm,
2026-06-17 21:00:00,,68 °C,59 °C,65 °C,57 °C,74 °C,69 °C,73 °C,,,1836 rpm,1877 rpm,1716 rpm,800 rpm,1880 rpm,1870 rpm,1865 rpm,
2026-06-17 23:00:00,,74 °C,71 °C,39 °C,72 °C,77 °C,70 °C,69 °C,,,1902 rpm,1842 rpm,800 rpm,1803 rpm,1901 rpm,1834 rpm,1840 rpm,
2026-06-18 01:00:00,,69 °C,58 °C,51 °C,51 °C,58 °C,51 °C,71 °C,,,1874 rpm,1660 rpm,1847 rpm,800 rpm,1855 rpm,800 rpm,1840 rpm,
2026-06-18 03:00:00,,,58 °C,69 °C,39 °C,77 °C,63 °C,49 °C,,,,1693 rpm,1757 rpm,799 rpm,1790 rpm,801 rpm,1785 rpm,
2026-06-18 05:00:00,,41 °C,58 °C,64 °C,34 °C,66 °C,63 °C,70 °C,,,800 rpm,1773 rpm,1847 rpm,800 rpm,800 rpm,800 rpm,1900 rpm,
2026-06-18 07:00:00,,37 °C,61 °C,64 °C,58 °C,73 °C,61 °C,63 °C,,,800 rpm,1714 rpm,1719 rpm,1784 rpm,1846 rpm,1401 rpm,1802 rpm,
2026-06-18 09:00:00,,68 °C,64 °C,73 °C,68 °C,76 °C,46 °C,73 °C,,,1804 rpm,1843 rpm,1797 rpm,1746 rpm,1795 rpm,1855 rpm,1827 rpm,
2026-06-18 11:00:00,,65 °C,73 °C,78 °C,73 °C,77 °C,69 °C,58 °C,,,1400 rpm,1752 rpm,1856 rpm,1883 rpm,1903 rpm,1824 rpm,1398 rpm,
2026-06-18 13:00:00,,77 °C,77 °C,77 °C,58 °C,63 °C,59 °C,64 °C,,,1787 rpm,1893 rpm,1841 rpm,0 rpm,1833 rpm,1845 rpm,1877 rpm,
2026-06-18 15:00:00,35 °C,58 °C,58 °C,56 °C,70 °C,68 °C,52 °C,76 °C,,799 rpm,1757 rpm,1845 rpm,0 rpm,1848 rpm,1400 rpm,0 rpm,1829 rpm,
2026-06-18 17:00:00,44 °C,65 °C,71 °C,71 °C,72 °C,74 °C,46 °C,74 °C,,1844 rpm,1882 rpm,1740 rpm,1805 rpm,1757 rpm,1822 rpm,1786 rpm,1810 rpm,
2026-06-18 19:00:00,55 °C,72 °C,59 °C,71 °C,73 °C,57 °C,52 °C,63 °C,,800 rpm,1884 rpm,1861 rpm,1907 rpm,1876 rpm,1902 rpm,1896 rpm,1398 rpm,
2026-06-18 21:00:00,56 °C,70 °C,58 °C,61 °C,74 °C,72 °C,59 °C,66 °C,,1901 rpm,1826 rpm,1733 rpm,1861 rpm,1899 rpm,1829 rpm,1801 rpm,1833 rpm,
2026-06-18 23:00:00,55 °C,72 °C,70 °C,77 °C,54 °C,72 °C,60 °C,71 °C,,1845 rpm,1825 rpm,1903 rpm,1822 rpm,800 rpm,1801 rpm,1858 rpm,1861 rpm,
2026-06-19 01:00:00,61 °C,53 °C,61 °C,72 °C,65 °C,64 °C,57 °C,59 °C,,1848 rpm,1874 rpm,800 rpm,1838 rpm,1879 rpm,1902 rpm,1830 rpm,1793 rpm,
2026-06-19 03:00:00,52 °C,54 °C,64 °C,,69 °C,76 °C,60 °C,61 °C,,1834 rpm,800 rpm,1690 rpm,,1860 rpm,1860 rpm,1817 rpm,1820 rpm,
2026-06-19 05:00:00,49 °C,52 °C,58 °C,39 °C,72 °C,77 °C,54 °C,64 °C,,800 rpm,0 rpm,1401 rpm,1401 rpm,1841 rpm,1828 rpm,1400 rpm,1908 rpm,
2026-06-19 07:00:00,61 °C,49 °C,63 °C,47 °C,65 °C,73 °C,59 °C,70 °C,,1826 rpm,0 rpm,1832 rpm,800 rpm,1818 rpm,1843 rpm,1795 rpm,1801 rpm,
2026-06-19 09:00:00,69 °C,41 °C,58 °C,72 °C,58 °C,78 °C,59 °C,76 °C,,1848 rpm,800 rpm,800 rpm,1883 rpm,1863 rpm,1849 rpm,1813 rpm,1820 rpm,
2026-06-19 11:00:00,74 °C,37 °C,70 °C,56 °C,68 °C,78 °C,71 °C,70 °C,,1839 rpm,800 rpm,1732 rpm,1873 rpm,1831 rpm,1901 rpm,1836 rpm,1837 rpm,
2026-06-19 13:00:00,70 °C,61 °C,58 °C,74 °C,72 °C,59 °C,73 °C,66 °C,,800 rpm,800 rpm,1790 rpm,1897 rpm,1771 rpm,1821 rpm,1745 rpm,0 rpm,
2026-06-19 15:00:00,72 °C,61 °C,59 °C,78 °C,57 °C,71 °C,63 °C,63 °C,,1900 rpm,800 rpm,1897 rpm,1810 rpm,800 rpm,800 rpm,0 rpm,1398 rpm,
2026-06-19 17:00:00,70 °C,55 °C,71 °C,68 °C,64 °C,76 °C,70 °C,77 °C,,1902 rpm,1880 rpm,1898 rpm,1861 rpm,1866 rpm,1833 rpm,1853 rpm,1400 rpm,
2026-06-19 19:00:00,53 °C,72 °C,70 °C,43 °C,54 °C,58 °C,55 °C,71 °C,,1873 rpm,1791 rpm,1703 rpm,0 rpm,1870 rpm,799 rpm,1831 rpm,1861 rpm,
2026-06-19 21:00:00,60 °C,72 °C,65 °C,41 °C,42 °C,63 °C,64 °C,47 °C,,1901 rpm,1872 rpm,1870 rpm,800 rpm,1400 rpm,1900 rpm,1816 rpm,800 rpm,
2026-06-19 23:00:00,55 °C,72 °C,66 °C,72 °C,48 °C,71 °C,61 °C,66 °C,,1901 rpm,1829 rpm,1888 rpm,1837 rpm,800 rpm,1834 rpm,1865 rpm,1854 rpm,
2026-06-20 01:00:00,54 °C,74 °C,65 °C,69 °C,,72 °C,58 °C,70 °C,,1902 rpm,1853 rpm,1885 rpm,1903 rpm,,1851 rpm,1889 rpm,1838 rpm,
2026-06-20 03:00:00,43 °C,56 °C,65 °C,60 °C,,65 °C,59 °C,73 °C,,801 rpm,0 rpm,1806 rpm,1400 rpm,,1865 rpm,1832 rpm,1823 rpm,
2026-06-20 05:00:00,57 °C,72 °C,61 °C,57 °C,,77 °C,60 °C,76 °C,,1840 rpm,1853 rpm,1401 rpm,1400 rpm,,1854 rpm,1845 rpm,1843 rpm,
2026-06-20 07:00:00,53 °C,72 °C,64 °C,64 °C,,61 °C,57 °C,72 °C,,801 rpm,1762 rpm,1847 rpm,1847 rpm,,799 rpm,1401 rpm,1815 rpm,
2026-06-20 09:00:00,61 °C,61 °C,58 °C,72 °C,32 °C,77 °C,58 °C,60 °C,,1742 rpm,1870 rpm,800 rpm,1877 rpm,0 rpm,1845 rpm,1821 rpm,1901 rpm,
2026-06-20 11:00:00,66 °C,78 °C,74 °C,78 °C,34 °C,83 °C,60 °C,58 °C,,1856 rpm,1849 rpm,1838 rpm,1854 rpm,801 rpm,1822 rpm,800 rpm,800 rpm,
2026-06-20 13:00:00,61 °C,72 °C,74 °C,,,84 °C,54 °C,84 °C,,1858 rpm,1844 rpm,1888 rpm,,,1831 rpm,1835 rpm,1901 rpm,
2026-06-20 15:00:00,71 °C,69 °C,73 °C,49 °C,,59 °C,68 °C,86 °C,,1858 rpm,1867 rpm,1864 rpm,800 rpm,,801 rpm,1829 rpm,1883 rpm,
2026-06-20 17:00:00,60 °C,78 °C,76 °C,68 °C,,84 °C,52 °C,79 °C,,1832 rpm,1817 rpm,1769 rpm,1903 rpm,,801 rpm,800 rpm,1401 rpm,
2026-06-20 19:00:00,44 °C,41 °C,69 °C,37 °C,,78 °C,57 °C,70 °C,,0 rpm,800 rpm,1695 rpm,800 rpm,,1856 rpm,1825 rpm,1810 rpm,
2026-06-20 21:00:00,41 °C,38 °C,68 °C,68 °C,,77 °C,63 °C,68 °C,,0 rpm,1820 rpm,1697 rpm,1860 rpm,,800 rpm,1860 rpm,801 rpm,
2026-06-20 23:00:00,37 °C,66 °C,71 °C,59 °C,,77 °C,69 °C,58 °C,,0 rpm,1840 rpm,1896 rpm,1880 rpm,,1830 rpm,1819 rpm,799 rpm,
2026-06-21 01:00:00,34 °C,73 °C,72 °C,65 °C,,78 °C,66 °C,68 °C,,0 rpm,1793 rpm,1701 rpm,1400 rpm,,1804 rpm,1834 rpm,1827 rpm,
2026-06-21 03:00:00,33 °C,77 °C,58 °C,51 °C,,68 °C,56 °C,59 °C,,0 rpm,1836 rpm,1885 rpm,800 rpm,,800 rpm,1898 rpm,800 rpm,
2026-06-21 05:00:00,31 °C,48 °C,70 °C,56 °C,,71 °C,61 °C,77 °C,,0 rpm,1904 rpm,1860 rpm,800 rpm,,1802 rpm,1799 rpm,1844 rpm,
2026-06-21 07:00:00,58 °C,76 °C,68 °C,65 °C,,77 °C,69 °C,63 °C,,1882 rpm,1807 rpm,1845 rpm,1894 rpm,,1848 rpm,1813 rpm,1842 rpm,
2026-06-21 09:00:00,66 °C,69 °C,70 °C,49 °C,,77 °C,71 °C,58 °C,,1902 rpm,1806 rpm,1899 rpm,800 rpm,,1853 rpm,1836 rpm,800 rpm,
2026-06-21 11:00:00,73 °C,78 °C,74 °C,63 °C,,81 °C,,79 °C,,1848 rpm,1869 rpm,1856 rpm,1873 rpm,,1834 rpm,,1908 rpm,
2026-06-21 13:00:00,68 °C,60 °C,,,,,,51 °C,,1834 rpm,1879 rpm,,,,,,0 rpm,
2026-06-21 15:00:00,69 °C,80 °C,,49 °C,,,,,,1792 rpm,1846 rpm,,800 rpm,,,,,
2026-06-21 17:00:00,59 °C,49 °C,47 °C,40 °C,,47 °C,43 °C,42 °C,,799 rpm,800 rpm,1830 rpm,800 rpm,,801 rpm,1788 rpm,0 rpm,
2026-06-21 19:00:00,60 °C,70 °C,70 °C,71 °C,,78 °C,55 °C,44 °C,,1677 rpm,1898 rpm,1695 rpm,1859 rpm,,1862 rpm,1400 rpm,1883 rpm,
2026-06-21 21:00:00,58 °C,64 °C,69 °C,59 °C,,68 °C,70 °C,46 °C,,1746 rpm,1873 rpm,1806 rpm,1899 rpm,,1803 rpm,1839 rpm,1850 rpm,
2026-06-21 23:00:00,59 °C,69 °C,68 °C,74 °C,30 °C,79 °C,57 °C,58 °C,,1837 rpm,1875 rpm,1844 rpm,1840 rpm,0 rpm,1836 rpm,1840 rpm,1881 rpm,
2026-06-22 01:00:00,59 °C,60 °C,57 °C,76 °C,44 °C,72 °C,58 °C,80 °C,,1834 rpm,1898 rpm,1900 rpm,1813 rpm,801 rpm,1848 rpm,1858 rpm,1841 rpm,
2026-06-22 03:00:00,53 °C,58 °C,54 °C,77 °C,40 °C,71 °C,61 °C,37 °C,,1864 rpm,1798 rpm,1400 rpm,1814 rpm,1865 rpm,1832 rpm,1790 rpm,801 rpm,
2026-06-22 05:00:00,52 °C,52 °C,53 °C,58 °C,53 °C,69 °C,52 °C,73 °C,,1873 rpm,1895 rpm,1900 rpm,800 rpm,1882 rpm,1789 rpm,1840 rpm,1748 rpm,
2026-06-22 07:00:00,65 °C,61 °C,66 °C,46 °C,37 °C,66 °C,66 °C,69 °C,,1779 rpm,1899 rpm,800 rpm,1249 rpm,800 rpm,1875 rpm,1829 rpm,1822 rpm,
2026-06-22 09:00:00,60 °C,72 °C,70 °C,73 °C,63 °C,59 °C,60 °C,78 °C,,1902 rpm,1826 rpm,1722 rpm,1794 rpm,1851 rpm,0 rpm,1804 rpm,1840 rpm,
2026-06-22 11:00:00,69 °C,77 °C,69 °C,84 °C,42 °C,54 °C,72 °C,57 °C,,1874 rpm,1769 rpm,1839 rpm,1799 rpm,1802 rpm,1879 rpm,1832 rpm,799 rpm,
2026-06-22 13:00:00,77 °C,79 °C,69 °C,83 °C,54 °C,,61 °C,69 °C,,1859 rpm,1778 rpm,1859 rpm,1809 rpm,0 rpm,,1821 rpm,1876 rpm,
2026-06-22 15:00:00,69 °C,66 °C,71 °C,59 °C,51 °C,,66 °C,78 °C,,1848 rpm,1834 rpm,1832 rpm,1896 rpm,800 rpm,,1801 rpm,1831 rpm,
2026-06-22 17:00:00,74 °C,63 °C,69 °C,81 °C,71 °C,,50 °C,59 °C,,1840 rpm,1744 rpm,1903 rpm,1830 rpm,1898 rpm,,801 rpm,1750 rpm,
2026-06-22 19:00:00,60 °C,64 °C,70 °C,80 °C,73 °C,,58 °C,58 °C,,1841 rpm,801 rpm,1859 rpm,1776 rpm,1838 rpm,,1835 rpm,1924 rpm,
2026-06-22 21:00:00,72 °C,70 °C,70 °C,56 °C,63 °C,37 °C,68 °C,56 °C,,1818 rpm,1856 rpm,1763 rpm,800 rpm,1901 rpm,800 rpm,1818 rpm,1813 rpm,
2026-06-22 23:00:00,69 °C,69 °C,61 °C,77 °C,74 °C,,65 °C,49 °C,,1812 rpm,1838 rpm,1791 rpm,1830 rpm,1787 rpm,,1780 rpm,1725 rpm,
2026-06-23 01:00:00,70 °C,65 °C,59 °C,73 °C,54 °C,,66 °C,44 °C,,1831 rpm,1873 rpm,1796 rpm,800 rpm,799 rpm,,1854 rpm,1400 rpm,
2026-06-23 03:00:00,58 °C,36 °C,66 °C,76 °C,65 °C,,66 °C,56 °C,,1859 rpm,0 rpm,1766 rpm,1846 rpm,1846 rpm,,1833 rpm,1774 rpm,
2026-06-23 05:00:00,69 °C,57 °C,56 °C,61 °C,59 °C,,60 °C,71 °C,,1900 rpm,1837 rpm,1884 rpm,1716 rpm,1401 rpm,,1845 rpm,1845 rpm,
2026-06-23 07:00:00,60 °C,,68 °C,74 °C,76 °C,,69 °C,59 °C,,1873 rpm,,1725 rpm,1843 rpm,1837 rpm,,1813 rpm,800 rpm,
2026-06-23 09:00:00,72 °C,39 °C,48 °C,69 °C,79 °C,,52 °C,60 °C,,1445 rpm,800 rpm,800 rpm,1857 rpm,1804 rpm,,797 rpm,1791 rpm,
2026-06-23 11:00:00,74 °C,,72 °C,65 °C,77 °C,32 °C,73 °C,59 °C,,800 rpm,,800 rpm,1876 rpm,1898 rpm,799 rpm,799 rpm,1769 rpm,
2026-06-23 13:00:00,71 °C,,65 °C,84 °C,83 °C,,52 °C,47 °C,,1826 rpm,,1770 rpm,1847 rpm,1854 rpm,,800 rpm,799 rpm,
2026-06-23 15:00:00,43 °C,38 °C,69 °C,56 °C,79 °C,32 °C,77 °C,43 °C,,1899 rpm,1818 rpm,1689 rpm,800 rpm,1823 rpm,800 rpm,1835 rpm,799 rpm,
2026-06-23 17:00:00,59 °C,,74 °C,73 °C,78 °C,,77 °C,72 °C,,1835 rpm,,1808 rpm,1897 rpm,1839 rpm,,1816 rpm,1818 rpm,
2026-06-23 19:00:00,56 °C,,64 °C,79 °C,68 °C,,40 °C,70 °C,,1880 rpm,,1685 rpm,1890 rpm,1830 rpm,,801 rpm,1795 rpm,
2026-06-23 21:00:00,58 °C,,63 °C,77 °C,71 °C,,34 °C,69 °C,,1898 rpm,,800 rpm,1850 rpm,1847 rpm,,800 rpm,1853 rpm,
2026-06-23 23:00:00,59 °C,32 °C,68 °C,66 °C,65 °C,33 °C,55 °C,72 °C,,1762 rpm,799 rpm,1886 rpm,1784 rpm,1827 rpm,801 rpm,1834 rpm,1865 rpm,
2026-06-24 01:00:00,56 °C,30 °C,60 °C,68 °C,60 °C,,54 °C,71 °C,,1897 rpm,800 rpm,1820 rpm,1818 rpm,1763 rpm,,1871 rpm,1840 rpm,
2026-06-24 03:00:00,52 °C,,64 °C,74 °C,61 °C,,47 °C,69 °C,,1822 rpm,,1826 rpm,1825 rpm,1848 rpm,,798 rpm,1873 rpm,
2026-06-24 05:00:00,53 °C,,65 °C,60 °C,76 °C,,,71 °C,,1863 rpm,,1680 rpm,1867 rpm,1838 rpm,,,1401 rpm,
2026-06-24 07:00:00,61 °C,,66 °C,73 °C,71 °C,,,73 °C,,1898 rpm,,1803 rpm,1843 rpm,1802 rpm,,,1827 rpm,
2026-06-24 09:00:00,70 °C,,59 °C,74 °C,76 °C,,,68 °C,,1766 rpm,,0 rpm,1806 rpm,1831 rpm,,,1805 rpm,
2026-06-24 11:00:00,74 °C,,73 °C,79 °C,59 °C,35 °C,36 °C,56 °C,,1898 rpm,,1702 rpm,1861 rpm,800 rpm,1139 rpm,1872 rpm,1834 rpm,
2026-06-24 13:00:00,72 °C,,76 °C,74 °C,65 °C,36 °C,,71 °C,,1743 rpm,,1905 rpm,1797 rpm,1805 rpm,0 rpm,,1486 rpm,
2026-06-24 15:00:00,74 °C,33 °C,71 °C,72 °C,77 °C,48 °C,,72 °C,,1885 rpm,800 rpm,1700 rpm,1399 rpm,1828 rpm,800 rpm,,1809 rpm,
2026-06-24 17:00:00,76 °C,36 °C,59 °C,47 °C,55 °C,77 °C,,79 °C,,1723 rpm,799 rpm,1870 rpm,1233 rpm,800 rpm,1851 rpm,,1844 rpm,
2026-06-24 19:00:00,64 °C,,68 °C,42 °C,41 °C,79 °C,,65 °C,,799 rpm,,1720 rpm,1847 rpm,1693 rpm,1902 rpm,,1863 rpm,
2026-06-24 21:00:00,63 °C,31 °C,65 °C,73 °C,64 °C,76 °C,,63 °C,,1717 rpm,674 rpm,800 rpm,1880 rpm,1754 rpm,1847 rpm,,1904 rpm,
2026-06-24 23:00:00,57 °C,30 °C,65 °C,73 °C,65 °C,76 °C,,56 °C,,1680 rpm,800 rpm,1778 rpm,1829 rpm,1840 rpm,801 rpm,,1650 rpm,
2026-06-25 01:00:00,48 °C,,68 °C,74 °C,58 °C,76 °C,,58 °C,,800 rpm,,1692 rpm,1827 rpm,801 rpm,1871 rpm,,1857 rpm,
2026-06-25 03:00:00,57 °C,28 °C,43 °C,64 °C,60 °C,39 °C,,42 °C,,1741 rpm,799 rpm,800 rpm,1898 rpm,1884 rpm,800 rpm,,801 rpm,
2026-06-25 05:00:00,51 °C,,58 °C,59 °C,44 °C,70 °C,,70 °C,,1868 rpm,,1844 rpm,1793 rpm,1400 rpm,1836 rpm,,1857 rpm,
2026-06-25 07:00:00,38 °C,31 °C,60 °C,72 °C,51 °C,66 °C,,68 °C,,800 rpm,1364 rpm,1883 rpm,1863 rpm,1887 rpm,800 rpm,,1747 rpm,
2026-06-25 09:00:00,60 °C,,65 °C,72 °C,54 °C,43 °C,,66 °C,,1850 rpm,,1747 rpm,1552 rpm,1871 rpm,1876 rpm,,1780 rpm,
2026-06-25 11:00:00,56 °C,,66 °C,66 °C,57 °C,71 °C,32 °C,70 °C,,799 rpm,,1828 rpm,1783 rpm,1401 rpm,1899 rpm,1241 rpm,1838 rpm,
2026-06-25 13:00:00,80 °C,,70 °C,73 °C,66 °C,64 °C,48 °C,69 °C,,800 rpm,,1887 rpm,1400 rpm,1786 rpm,1832 rpm,799 rpm,1883 rpm,
2026-06-25 15:00:00,66 °C,35 °C,77 °C,83 °C,59 °C,60 °C,57 °C,58 °C,,801 rpm,787 rpm,1676 rpm,1868 rpm,0 rpm,1400 rpm,1871 rpm,1399 rpm,
2026-06-25 17:00:00,69 °C,35 °C,76 °C,49 °C,72 °C,54 °C,58 °C,70 °C,,1897 rpm,800 rpm,1716 rpm,1873 rpm,1904 rpm,1901 rpm,1870 rpm,1779 rpm,
2026-06-25 19:00:00,61 °C,,70 °C,61 °C,53 °C,76 °C,68 °C,64 °C,,1747 rpm,,1899 rpm,801 rpm,1193 rpm,1897 rpm,1846 rpm,1819 rpm,
2026-06-25 21:00:00,66 °C,,66 °C,43 °C,73 °C,73 °C,69 °C,71 °C,,1777 rpm,,1847 rpm,800 rpm,1846 rpm,1807 rpm,1846 rpm,1852 rpm,
2026-06-25 23:00:00,70 °C,,42 °C,77 °C,71 °C,78 °C,71 °C,57 °C,,1848 rpm,,,1856 rpm,1401 rpm,1834 rpm,1811 rpm,800 rpm,
2026-06-26 01:00:00,54 °C,30 °C,,53 °C,70 °C,74 °C,71 °C,76 °C,,800 rpm,800 rpm,,1400 rpm,1863 rpm,1809 rpm,1880 rpm,1811 rpm,
2026-06-26 03:00:00,63 °C,,29 °C,54 °C,40 °C,58 °C,70 °C,58 °C,,1910 rpm,,0 rpm,1854 rpm,800 rpm,801 rpm,1839 rpm,801 rpm,
2026-06-26 05:00:00,51 °C,,,45 °C,65 °C,72 °C,73 °C,47 °C,,800 rpm,,,1897 rpm,1899 rpm,800 rpm,1844 rpm,800 rpm,
2026-06-26 07:00:00,59 °C,,,76 °C,70 °C,72 °C,69 °C,57 °C,,1844 rpm,,,1862 rpm,1804 rpm,1826 rpm,1812 rpm,1870 rpm,
2026-06-26 09:00:00,60 °C,,,68 °C,61 °C,83 °C,52 °C,69 °C,,800 rpm,,,1890 rpm,1807 rpm,801 rpm,1401 rpm,1816 rpm,
2026-06-26 11:00:00,57 °C,,,69 °C,64 °C,70 °C,65 °C,64 °C,,800 rpm,,,1842 rpm,1400 rpm,1898 rpm,1797 rpm,0 rpm,
2026-06-26 13:00:00,70 °C,34 °C,,56 °C,59 °C,83 °C,69 °C,81 °C,,800 rpm,800 rpm,,1866 rpm,1400 rpm,1834 rpm,1802 rpm,1833 rpm,
2026-06-26 15:00:00,63 °C,34 °C,,72 °C,58 °C,69 °C,69 °C,81 °C,,1774 rpm,800 rpm,,0 rpm,800 rpm,1863 rpm,1874 rpm,1846 rpm,
2026-06-26 17:00:00,64 °C,30 °C,,78 °C,59 °C,79 °C,71 °C,72 °C,,800 rpm,800 rpm,,1860 rpm,1825 rpm,1829 rpm,1847 rpm,1843 rpm,
2026-06-26 19:00:00,59 °C,28 °C,,52 °C,65 °C,64 °C,65 °C,77 °C,,800 rpm,806 rpm,,0 rpm,1841 rpm,800 rpm,1817 rpm,1830 rpm,
2026-06-26 21:00:00,58 °C,36 °C,,70 °C,70 °C,65 °C,69 °C,,,800 rpm,801 rpm,,1835 rpm,1792 rpm,799 rpm,1808 rpm,,
2026-06-26 23:00:00,66 °C,28 °C,31 °C,69 °C,64 °C,65 °C,61 °C,42 °C,,1864 rpm,0 rpm,800 rpm,1879 rpm,1859 rpm,1782 rpm,1898 rpm,802 rpm,
2026-06-27 01:00:00,44 °C,29 °C,,68 °C,70 °C,68 °C,49 °C,73 °C,,800 rpm,0 rpm,,1855 rpm,1772 rpm,1834 rpm,0 rpm,1840 rpm,
2026-06-27 03:00:00,38 °C,,,65 °C,51 °C,53 °C,42 °C,71 °C,,800 rpm,,,1758 rpm,800 rpm,1838 rpm,799 rpm,1803 rpm,
2026-06-27 05:00:00,51 °C,,,48 °C,72 °C,73 °C,60 °C,69 °C,,800 rpm,,,1818 rpm,1400 rpm,1848 rpm,1400 rpm,800 rpm,
2026-06-27 07:00:00,54 °C,,,65 °C,54 °C,69 °C,59 °C,58 °C,,1870 rpm,,,1834 rpm,1845 rpm,1841 rpm,1400 rpm,1400 rpm,
2026-06-27 09:00:00,54 °C,,,65 °C,66 °C,77 °C,70 °C,73 °C,,800 rpm,,,1829 rpm,1811 rpm,1795 rpm,1840 rpm,1816 rpm,
2026-06-27 11:00:00,57 °C,,,72 °C,72 °C,81 °C,72 °C,55 °C,,801 rpm,,,1400 rpm,1774 rpm,1894 rpm,1882 rpm,799 rpm,
2026-06-27 13:00:00,60 °C,,34 °C,77 °C,45 °C,86 °C,76 °C,78 °C,,1778 rpm,,1634 rpm,1855 rpm,802 rpm,1839 rpm,1819 rpm,1825 rpm,
2026-06-27 15:00:00,68 °C,,37 °C,58 °C,70 °C,72 °C,64 °C,49 °C,,1722 rpm,,800 rpm,800 rpm,1850 rpm,1886 rpm,800 rpm,800 rpm,
2026-06-27 17:00:00,70 °C,,47 °C,74 °C,79 °C,78 °C,70 °C,71 °C,,800 rpm,,1812 rpm,1855 rpm,1867 rpm,1832 rpm,1861 rpm,1825 rpm,
2026-06-27 19:00:00,57 °C,,64 °C,74 °C,69 °C,61 °C,69 °C,74 °C,,1773 rpm,,1400 rpm,1839 rpm,1788 rpm,1791 rpm,1840 rpm,1809 rpm,
2026-06-27 21:00:00,54 °C,,64 °C,69 °C,68 °C,69 °C,59 °C,71 °C,,1780 rpm,,1886 rpm,1858 rpm,1400 rpm,1858 rpm,800 rpm,1883 rpm,
2026-06-27 23:00:00,59 °C,,59 °C,68 °C,73 °C,70 °C,69 °C,73 °C,,1781 rpm,,1752 rpm,1904 rpm,1399 rpm,1829 rpm,1832 rpm,1796 rpm,
2026-06-28 01:00:00,53 °C,,58 °C,63 °C,77 °C,72 °C,57 °C,68 °C,,800 rpm,,1698 rpm,1855 rpm,1868 rpm,1896 rpm,1824 rpm,1868 rpm,
2026-06-28 03:00:00,59 °C,,58 °C,59 °C,70 °C,78 °C,49 °C,66 °C,,1904 rpm,,1402 rpm,1847 rpm,1776 rpm,800 rpm,1400 rpm,1882 rpm,
2026-06-28 05:00:00,66 °C,,56 °C,74 °C,76 °C,74 °C,57 °C,79 °C,,1843 rpm,,1400 rpm,1896 rpm,1868 rpm,1839 rpm,1400 rpm,1872 rpm,
2026-06-28 07:00:00,54 °C,,63 °C,76 °C,66 °C,72 °C,57 °C,76 °C,,1750 rpm,,1830 rpm,1813 rpm,1752 rpm,1790 rpm,1400 rpm,1818 rpm,
2026-06-28 09:00:00,47 °C,,64 °C,56 °C,77 °C,73 °C,51 °C,80 °C,,801 rpm,,1904 rpm,0 rpm,1811 rpm,1839 rpm,1400 rpm,1817 rpm,
2026-06-28 11:00:00,49 °C,,72 °C,,77 °C,79 °C,66 °C,70 °C,,801 rpm,,1711 rpm,,1869 rpm,1863 rpm,1846 rpm,1838 rpm,
2026-06-28 13:00:00,66 °C,,64 °C,47 °C,72 °C,57 °C,72 °C,71 °C,,1759 rpm,,1856 rpm,0 rpm,800 rpm,800 rpm,1846 rpm,1401 rpm,
2026-06-28 15:00:00,78 °C,,79 °C,43 °C,80 °C,90 °C,72 °C,86 °C,,1833 rpm,,1910 rpm,613 rpm,1867 rpm,1827 rpm,1804 rpm,1805 rpm,
2026-06-28 17:00:00,60 °C,,76 °C,80 °C,69 °C,89 °C,53 °C,86 °C,,1372 rpm,,1895 rpm,1842 rpm,800 rpm,1858 rpm,801 rpm,1850 rpm,
2026-06-28 19:00:00,66 °C,,65 °C,81 °C,70 °C,71 °C,65 °C,76 °C,,1863 rpm,,1887 rpm,1860 rpm,1886 rpm,1851 rpm,1830 rpm,1844 rpm,
2026-06-28 21:00:00,60 °C,,55 °C,79 °C,76 °C,76 °C,56 °C,80 °C,,1844 rpm,,800 rpm,1817 rpm,1771 rpm,1903 rpm,1839 rpm,1822 rpm,
2026-06-28 23:00:00,57 °C,,69 °C,74 °C,72 °C,61 °C,60 °C,61 °C,,1744 rpm,,1666 rpm,1858 rpm,1867 rpm,1820 rpm,1807 rpm,1901 rpm,
2026-06-29 01:00:00,52 °C,,52 °C,74 °C,35 °C,68 °C,52 °C,70 °C,,1903 rpm,,1401 rpm,1803 rpm,800 rpm,1904 rpm,1817 rpm,1849 rpm,
2026-06-29 03:00:00,46 °C,,69 °C,61 °C,58 °C,53 °C,57 °C,56 °C,,799 rpm,,1779 rpm,1795 rpm,1806 rpm,801 rpm,1849 rpm,799 rpm,
2026-06-29 05:00:00,57 °C,,60 °C,70 °C,56 °C,73 °C,52 °C,48 °C,,1850 rpm,,1866 rpm,1638 rpm,1816 rpm,1858 rpm,1862 rpm,1400 rpm,
2026-06-29 07:00:00,38 °C,,58 °C,65 °C,73 °C,68 °C,42 °C,70 °C,,801 rpm,,801 rpm,1838 rpm,1817 rpm,1851 rpm,801 rpm,1817 rpm,
2026-06-29 09:00:00,37 °C,,69 °C,76 °C,81 °C,76 °C,42 °C,57 °C,,1903 rpm,,1666 rpm,1748 rpm,1838 rpm,800 rpm,801 rpm,1898 rpm,
2026-06-29 11:00:00,66 °C,,58 °C,70 °C,52 °C,80 °C,72 °C,74 °C,,1741 rpm,,1675 rpm,1854 rpm,799 rpm,800 rpm,1914 rpm,1836 rpm,
2026-06-29 13:00:00,70 °C,,72 °C,83 °C,78 °C,71 °C,49 °C,60 °C,,800 rpm,,1865 rpm,1729 rpm,1843 rpm,1827 rpm,1400 rpm,1829 rpm,
2026-06-29 15:00:00,73 °C,,83 °C,80 °C,61 °C,69 °C,76 °C,73 °C,,1716 rpm,,1730 rpm,1803 rpm,1903 rpm,1813 rpm,1851 rpm,1400 rpm,
2026-06-29 17:00:00,70 °C,,78 °C,83 °C,44 °C,59 °C,59 °C,76 °C,,1461 rpm,,1832 rpm,1834 rpm,800 rpm,1847 rpm,1400 rpm,1902 rpm,
2026-06-29 19:00:00,66 °C,,73 °C,79 °C,61 °C,72 °C,59 °C,72 °C,,1818 rpm,,1839 rpm,1812 rpm,1841 rpm,1844 rpm,1907 rpm,1567 rpm,
2026-06-29 21:00:00,59 °C,,61 °C,76 °C,73 °C,70 °C,56 °C,76 °C,,1755 rpm,,1822 rpm,1815 rpm,1401 rpm,1824 rpm,1897 rpm,1885 rpm,
2026-06-29 23:00:00,66 °C,,64 °C,78 °C,72 °C,70 °C,57 °C,71 °C,,800 rpm,,1797 rpm,1802 rpm,1871 rpm,1901 rpm,1838 rpm,1400 rpm,
2026-06-30 01:00:00,59 °C,,68 °C,68 °C,64 °C,68 °C,47 °C,46 °C,,1867 rpm,,1842 rpm,1804 rpm,1877 rpm,1854 rpm,1904 rpm,1400 rpm,
2026-06-30 03:00:00,52 °C,,60 °C,71 °C,59 °C,52 °C,58 °C,70 °C,,799 rpm,,1671 rpm,1845 rpm,1899 rpm,1400 rpm,1865 rpm,1400 rpm,
2026-06-30 05:00:00,63 °C,,68 °C,71 °C,60 °C,72 °C,57 °C,78 °C,,1801 rpm,,1610 rpm,1802 rpm,800 rpm,1836 rpm,1399 rpm,1803 rpm,
2026-06-30 07:00:00,66 °C,,60 °C,70 °C,43 °C,60 °C,61 °C,73 °C,,1899 rpm,,800 rpm,1847 rpm,800 rpm,1902 rpm,1846 rpm,1820 rpm,
2026-06-30 09:00:00,59 °C,,58 °C,79 °C,58 °C,70 °C,61 °C,83 °C,,1900 rpm,,1873 rpm,1782 rpm,1857 rpm,1876 rpm,1882 rpm,1833 rpm,
2026-06-30 11:00:00,69 °C,,57 °C,56 °C,64 °C,65 °C,56 °C,76 °C,,1704 rpm,,801 rpm,1872 rpm,1731 rpm,1830 rpm,800 rpm,1833 rpm,
2026-06-30 13:00:00,70 °C,,73 °C,74 °C,77 °C,61 °C,51 °C,78 °C,,1820 rpm,,1829 rpm,1769 rpm,1849 rpm,1841 rpm,800 rpm,1823 rpm,
2026-06-30 15:00:00,66 °C,,70 °C,81 °C,60 °C,70 °C,48 °C,84 °C,,1707 rpm,,1896 rpm,1840 rpm,800 rpm,1858 rpm,799 rpm,1855 rpm,
2026-06-30 17:00:00,71 °C,,74 °C,79 °C,77 °C,77 °C,72 °C,78 °C,,1878 rpm,,1902 rpm,1885 rpm,1816 rpm,1878 rpm,1824 rpm,1898 rpm,
2026-06-30 19:00:00,61 °C,,71 °C,71 °C,77 °C,73 °C,59 °C,74 °C,,1734 rpm,,1676 rpm,1794 rpm,1833 rpm,1844 rpm,1401 rpm,1810 rpm,
2026-06-30 21:00:00,72 °C,,66 °C,65 °C,71 °C,70 °C,59 °C,65 °C,,1826 rpm,,1837 rpm,1748 rpm,1400 rpm,1807 rpm,1875 rpm,1821 rpm,
2026-06-30 23:00:00,70 °C,,53 °C,36 °C,73 °C,59 °C,54 °C,52 °C,,1898 rpm,,1901 rpm,800 rpm,1657 rpm,800 rpm,1372 rpm,1849 rpm,
2026-07-01 01:00:00,68 °C,,61 °C,72 °C,71 °C,69 °C,58 °C,,,0 rpm,,1826 rpm,1797 rpm,1400 rpm,1841 rpm,1748 rpm,,
2026-07-01 03:00:00,59 °C,,68 °C,74 °C,51 °C,76 °C,63 °C,,,1733 rpm,,1755 rpm,1832 rpm,1827 rpm,1789 rpm,1874 rpm,,
2026-07-01 05:00:00,66 °C,,71 °C,74 °C,72 °C,72 °C,66 °C,,,1840 rpm,,1671 rpm,1901 rpm,1863 rpm,1852 rpm,1806 rpm,,
2026-07-01 07:00:00,70 °C,,69 °C,73 °C,59 °C,68 °C,60 °C,,,1901 rpm,,1669 rpm,1810 rpm,1400 rpm,1795 rpm,1900 rpm,,
2026-07-01 09:00:00,68 °C,,55 °C,70 °C,41 °C,81 °C,59 °C,,,1783 rpm,,799 rpm,1851 rpm,0 rpm,1809 rpm,1838 rpm,,
2026-07-01 11:00:00,70 °C,,70 °C,78 °C,69 °C,78 °C,73 °C,35 °C,,1904 rpm,,1832 rpm,1835 rpm,1751 rpm,1792 rpm,1873 rpm,802 rpm,
2026-07-01 13:00:00,70 °C,,65 °C,73 °C,79 °C,81 °C,68 °C,,,1820 rpm,,800 rpm,800 rpm,800 rpm,1839 rpm,1852 rpm,,
2026-07-01 15:00:00,68 °C,,76 °C,55 °C,79 °C,57 °C,72 °C,,,1821 rpm,,1671 rpm,0 rpm,1821 rpm,1399 rpm,1809 rpm,,
2026-07-01 17:00:00,57 °C,,77 °C,49 °C,72 °C,74 °C,55 °C,,,1852 rpm,,1845 rpm,1899 rpm,1723 rpm,1825 rpm,1821 rpm,,
2026-07-01 19:00:00,65 °C,,73 °C,59 °C,74 °C,80 °C,48 °C,41 °C,,1900 rpm,,1839 rpm,1898 rpm,1400 rpm,1902 rpm,1400 rpm,1825 rpm,
2026-07-01 21:00:00,59 °C,,69 °C,71 °C,47 °C,81 °C,70 °C,,,1834 rpm,,1826 rpm,1881 rpm,1901 rpm,1794 rpm,1807 rpm,,
2026-07-01 23:00:00,70 °C,,69 °C,76 °C,68 °C,74 °C,52 °C,,,1844 rpm,,1835 rpm,1872 rpm,1759 rpm,801 rpm,1400 rpm,,
2026-07-02 01:00:00,69 °C,,65 °C,74 °C,60 °C,78 °C,66 °C,,,1841 rpm,,1774 rpm,1763 rpm,1874 rpm,1798 rpm,1769 rpm,,
2026-07-02 03:00:00,70 °C,,60 °C,72 °C,68 °C,68 °C,60 °C,,,1692 rpm,,1884 rpm,800 rpm,1866 rpm,800 rpm,1786 rpm,,
2026-07-02 05:00:00,60 °C,,64 °C,68 °C,65 °C,71 °C,70 °C,,,1705 rpm,,1788 rpm,1897 rpm,1849 rpm,1843 rpm,1817 rpm,,
2026-07-02 07:00:00,71 °C,,57 °C,65 °C,68 °C,71 °C,65 °C,,,1822 rpm,,1641 rpm,1884 rpm,1806 rpm,1903 rpm,1855 rpm,,
2026-07-02 09:00:00,71 °C,,71 °C,59 °C,52 °C,68 °C,64 °C,,,1714 rpm,,1899 rpm,1898 rpm,1399 rpm,800 rpm,1797 rpm,,
2026-07-02 11:00:00,74 °C,,59 °C,61 °C,77 °C,69 °C,68 °C,,,1913 rpm,,1845 rpm,1760 rpm,1898 rpm,800 rpm,1819 rpm,,
2026-07-02 13:00:00,66 °C,,70 °C,69 °C,43 °C,58 °C,54 °C,,,1401 rpm,,1677 rpm,1798 rpm,800 rpm,1861 rpm,1821 rpm,,
2026-07-02 15:00:00,72 °C,,74 °C,59 °C,74 °C,83 °C,61 °C,,,800 rpm,,1668 rpm,1841 rpm,1773 rpm,1862 rpm,1899 rpm,,
2026-07-02 17:00:00,69 °C,,74 °C,57 °C,61 °C,78 °C,54 °C,,,1830 rpm,,1836 rpm,1883 rpm,800 rpm,1844 rpm,1897 rpm,,
2026-07-02 19:00:00,57 °C,,59 °C,76 °C,54 °C,66 °C,63 °C,,,1651 rpm,,1850 rpm,1401 rpm,800 rpm,1782 rpm,1796 rpm,,
2026-07-02 21:00:00,60 °C,,59 °C,52 °C,61 °C,71 °C,58 °C,,,1884 rpm,,1783 rpm,0 rpm,800 rpm,1841 rpm,800 rpm,,
2026-07-02 23:00:00,59 °C,,60 °C,,71 °C,66 °C,66 °C,,,800 rpm,,1805 rpm,,1874 rpm,1821 rpm,1898 rpm,,
2026-07-03 01:00:00,57 °C,,56 °C,,74 °C,72 °C,58 °C,,,1901 rpm,,1672 rpm,,1839 rpm,1795 rpm,1904 rpm,,
2026-07-03 03:00:00,56 °C,,58 °C,37 °C,69 °C,70 °C,65 °C,,,1706 rpm,,1839 rpm,0 rpm,1802 rpm,1860 rpm,1803 rpm,,
2026-07-03 05:00:00,63 °C,,58 °C,52 °C,64 °C,73 °C,58 °C,,,1701 rpm,,1757 rpm,1902 rpm,801 rpm,1858 rpm,1874 rpm,,
2026-07-03 07:00:00,69 °C,,60 °C,57 °C,60 °C,71 °C,59 °C,,,1847 rpm,,1899 rpm,1401 rpm,1768 rpm,1808 rpm,1808 rpm,,
2026-07-03 09:00:00,65 °C,,51 °C,71 °C,63 °C,70 °C,58 °C,,,1895 rpm,,800 rpm,1870 rpm,1793 rpm,1847 rpm,1400 rpm,,
2026-07-03 11:00:00,65 °C,,60 °C,57 °C,70 °C,77 °C,59 °C,,,1832 rpm,,1797 rpm,800 rpm,1759 rpm,1820 rpm,1831 rpm,,
2026-07-03 13:00:00,76 °C,,61 °C,78 °C,77 °C,58 °C,65 °C,,,1758 rpm,,1847 rpm,1851 rpm,0 rpm,1849 rpm,1823 rpm,,
2026-07-03 15:00:00,66 °C,,64 °C,71 °C,69 °C,77 °C,53 °C,,,1868 rpm,,1861 rpm,1803 rpm,1796 rpm,1895 rpm,800 rpm,,
2026-07-03 17:00:00,66 °C,,51 °C,58 °C,72 °C,76 °C,65 °C,,,1684 rpm,,1861 rpm,1399 rpm,1852 rpm,1830 rpm,1816 rpm,,
2026-07-03 19:00:00,51 °C,,54 °C,40 °C,69 °C,77 °C,60 °C,,,0 rpm,,800 rpm,1400 rpm,1827 rpm,1822 rpm,1843 rpm,,
2026-07-03 21:00:00,49 °C,,63 °C,42 °C,68 °C,76 °C,61 °C,,,1420 rpm,,1903 rpm,1899 rpm,1852 rpm,1812 rpm,1801 rpm,,
2026-07-03 23:00:00,60 °C,,61 °C,69 °C,60 °C,71 °C,60 °C,,,801 rpm,,1683 rpm,1866 rpm,800 rpm,1781 rpm,801 rpm,,
2026-07-04 01:00:00,34 °C,,58 °C,57 °C,71 °C,76 °C,54 °C,,,800 rpm,,800 rpm,1768 rpm,1768 rpm,1832 rpm,1790 rpm,,
2026-07-04 03:00:00,,,60 °C,69 °C,57 °C,37 °C,36 °C,,,,,1671 rpm,1897 rpm,1869 rpm,800 rpm,800 rpm,,
2026-07-04 05:00:00,,,61 °C,59 °C,77 °C,72 °C,60 °C,,,,,1460 rpm,1868 rpm,1793 rpm,1846 rpm,1867 rpm,,
2026-07-04 07:00:00,,,59 °C,61 °C,54 °C,71 °C,64 °C,,,,,1721 rpm,1733 rpm,1401 rpm,1841 rpm,1854 rpm,,
2026-07-04 09:00:00,34 °C,,57 °C,47 °C,60 °C,65 °C,52 °C,,,799 rpm,,0 rpm,1849 rpm,1401 rpm,800 rpm,1400 rpm,,
2026-07-04 11:00:00,60 °C,,68 °C,72 °C,69 °C,56 °C,58 °C,,,1846 rpm,,1881 rpm,1400 rpm,1756 rpm,1867 rpm,1830 rpm,,
2026-07-04 13:00:00,59 °C,,69 °C,77 °C,47 °C,81 °C,72 °C,,,1902 rpm,,1744 rpm,1836 rpm,1400 rpm,1767 rpm,1788 rpm,,
2026-07-04 15:00:00,74 °C,,61 °C,60 °C,41 °C,80 °C,64 °C,,,1717 rpm,,1683 rpm,1847 rpm,1400 rpm,1873 rpm,1826 rpm,,
2026-07-04 17:00:00,65 °C,,58 °C,76 °C,68 °C,83 °C,59 °C,,,801 rpm,,800 rpm,1857 rpm,1870 rpm,1867 rpm,1846 rpm,,
2026-07-04 19:00:00,68 °C,,70 °C,66 °C,66 °C,66 °C,51 °C,,,1685 rpm,,1734 rpm,1825 rpm,800 rpm,1831 rpm,1827 rpm,,
2026-07-04 21:00:00,63 °C,,68 °C,71 °C,76 °C,45 °C,64 °C,,,1857 rpm,,1741 rpm,1866 rpm,1859 rpm,801 rpm,1848 rpm,,
2026-07-04 23:00:00,64 °C,,61 °C,73 °C,70 °C,44 °C,60 °C,37 °C,,1712 rpm,,1874 rpm,1836 rpm,1846 rpm,799 rpm,1866 rpm,1868 rpm,
2026-07-05 01:00:00,70 °C,,69 °C,48 °C,65 °C,73 °C,60 °C,,,1736 rpm,,1894 rpm,0 rpm,1399 rpm,1876 rpm,1842 rpm,,
2026-07-05 03:00:00,59 °C,,59 °C,72 °C,47 °C,73 °C,58 °C,,,1708 rpm,,800 rpm,1843 rpm,1722 rpm,1831 rpm,1845 rpm,,
2026-07-05 05:00:00,66 °C,,63 °C,63 °C,71 °C,71 °C,58 °C,,,800 rpm,,800 rpm,1811 rpm,1783 rpm,1856 rpm,1836 rpm,,
2026-07-05 07:00:00,70 °C,,72 °C,63 °C,72 °C,73 °C,59 °C,,,1774 rpm,,1725 rpm,1768 rpm,1846 rpm,799 rpm,1808 rpm,,
2026-07-05 09:00:00,64 °C,,59 °C,70 °C,57 °C,76 °C,49 °C,,,1899 rpm,,0 rpm,1853 rpm,1400 rpm,1798 rpm,1401 rpm,,
2026-07-05 11:00:00,72 °C,,78 °C,78 °C,76 °C,72 °C,64 °C,,,1815 rpm,,1899 rpm,1837 rpm,1877 rpm,1821 rpm,1840 rpm,,
2026-07-05 13:00:00,59 °C,,77 °C,61 °C,78 °C,64 °C,61 °C,,,1820 rpm,,1837 rpm,800 rpm,1824 rpm,799 rpm,1833 rpm,,
2026-07-05 15:00:00,65 °C,,79 °C,57 °C,55 °C,73 °C,59 °C,,,1899 rpm,,1901 rpm,800 rpm,800 rpm,1897 rpm,0 rpm,,
2026-07-05 17:00:00,61 °C,,78 °C,69 °C,74 °C,78 °C,63 °C,,,1873 rpm,,1813 rpm,1400 rpm,1876 rpm,1801 rpm,1797 rpm,,
2026-07-05 19:00:00,69 °C,,73 °C,41 °C,70 °C,72 °C,59 °C,,,1709 rpm,,1844 rpm,1400 rpm,1845 rpm,1869 rpm,1812 rpm,,
2026-07-05 21:00:00,71 °C,,74 °C,52 °C,71 °C,68 °C,54 °C,,,1829 rpm,,1870 rpm,1862 rpm,1770 rpm,1837 rpm,1853 rpm,,
2026-07-05 23:00:00,71 °C,,69 °C,49 °C,65 °C,72 °C,63 °C,,,1871 rpm,,1849 rpm,1886 rpm,1400 rpm,1899 rpm,1811 rpm,,
2026-07-06 01:00:00,54 °C,,68 °C,66 °C,61 °C,66 °C,58 °C,,,1797 rpm,,1803 rpm,1823 rpm,1809 rpm,1898 rpm,1816 rpm,,
2026-07-06 03:00:00,58 °C,,41 °C,43 °C,37 °C,48 °C,64 °C,,,800 rpm,,800 rpm,1846 rpm,800 rpm,1840 rpm,1898 rpm,,
2026-07-06 05:00:00,69 °C,,72 °C,64 °C,63 °C,73 °C,57 °C,,,1697 rpm,,1897 rpm,1837 rpm,800 rpm,1921 rpm,1799 rpm,,
2026-07-06 07:00:00,58 °C,,69 °C,68 °C,51 °C,65 °C,56 °C,,,1899 rpm,,1764 rpm,1844 rpm,1401 rpm,800 rpm,1814 rpm,,
2026-07-06 09:00:00,68 °C,,56 °C,72 °C,60 °C,78 °C,52 °C,,,1680 rpm,,1825 rpm,1848 rpm,1813 rpm,1821 rpm,1838 rpm,,
2026-07-06 11:00:00,73 °C,,77 °C,73 °C,66 °C,78 °C,69 °C,33 °C,,1810 rpm,,1782 rpm,1400 rpm,1848 rpm,1889 rpm,1865 rpm,800 rpm,
2026-07-06 13:00:00,77 °C,,78 °C,68 °C,68 °C,73 °C,54 °C,52 °C,,1720 rpm,,1777 rpm,1798 rpm,1401 rpm,1828 rpm,800 rpm,800 rpm,
2026-07-06 15:00:00,76 °C,,77 °C,83 °C,59 °C,78 °C,47 °C,54 °C,,1847 rpm,,1852 rpm,1807 rpm,0 rpm,1801 rpm,801 rpm,800 rpm,
2026-07-06 17:00:00,71 °C,,73 °C,78 °C,59 °C,74 °C,72 °C,,,1875 rpm,,1732 rpm,1904 rpm,1855 rpm,1903 rpm,1804 rpm,,
2026-07-06 19:00:00,55 °C,,66 °C,72 °C,65 °C,60 °C,47 °C,,,799 rpm,,1775 rpm,1848 rpm,1836 rpm,799 rpm,1839 rpm,,
2026-07-06 21:00:00,65 °C,,73 °C,73 °C,61 °C,71 °C,65 °C,,,800 rpm,,1827 rpm,1848 rpm,1887 rpm,1902 rpm,1808 rpm,,
2026-07-06 23:00:00,73 °C,,70 °C,71 °C,65 °C,72 °C,64 °C,,,1895 rpm,,1703 rpm,1843 rpm,1798 rpm,1795 rpm,1816 rpm,,
2026-07-07 01:00:00,52 °C,,59 °C,72 °C,73 °C,69 °C,58 °C,,,1685 rpm,,1847 rpm,1808 rpm,1792 rpm,800 rpm,1852 rpm,,
2026-07-07 03:00:00,68 °C,,60 °C,70 °C,39 °C,51 °C,61 °C,,,1669 rpm,,1854 rpm,1808 rpm,800 rpm,1817 rpm,1801 rpm,,
2026-07-07 05:00:00,69 °C,,66 °C,54 °C,65 °C,70 °C,59 °C,,,1718 rpm,,1739 rpm,799 rpm,1766 rpm,1790 rpm,1762 rpm,,
2026-07-07 07:00:00,63 °C,,63 °C,46 °C,65 °C,72 °C,61 °C,,,1759 rpm,,1899 rpm,0 rpm,1832 rpm,1832 rpm,1814 rpm,,
2026-07-07 09:00:00,53 °C,,76 °C,,72 °C,,60 °C,,,1895 rpm,,1722 rpm,,1770 rpm,,1906 rpm,,
2026-07-07 11:00:00,68 °C,,66 °C,39 °C,79 °C,,73 °C,,,800 rpm,,1900 rpm,0 rpm,1803 rpm,,1860 rpm,,
2026-07-07 13:00:00,80 °C,,74 °C,,72 °C,44 °C,68 °C,,,1898 rpm,,1825 rpm,,1743 rpm,1805 rpm,1843 rpm,,
2026-07-07 15:00:00,47 °C,,56 °C,,,,,,,1881 rpm,,0 rpm,,,,,,
2026-07-07 17:00:00,48 °C,,48 °C,48 °C,47 °C,47 °C,48 °C,,,1810 rpm,,1859 rpm,1856 rpm,799 rpm,801 rpm,1877 rpm,,
2026-07-07 19:00:00,59 °C,,59 °C,74 °C,58 °C,72 °C,64 °C,,,800 rpm,,1903 rpm,1840 rpm,1717 rpm,1829 rpm,1901 rpm,,
2026-07-07 21:00:00,69 °C,,41 °C,76 °C,57 °C,69 °C,51 °C,,,1840 rpm,,1884 rpm,1820 rpm,1809 rpm,1798 rpm,801 rpm,,
2026-07-07 23:00:00,66 °C,,44 °C,71 °C,69 °C,70 °C,59 °C,,,1837 rpm,,925 rpm,1871 rpm,1860 rpm,1821 rpm,1866 rpm,,
2026-07-08 01:00:00,66 °C,,38 °C,57 °C,49 °C,71 °C,65 °C,,,1896 rpm,,799 rpm,799 rpm,1400 rpm,1868 rpm,1899 rpm,,
2026-07-08 03:00:00,50 °C,,68 °C,,72 °C,77 °C,51 °C,,,1746 rpm,,1847 rpm,,1750 rpm,1821 rpm,1864 rpm,,
2026-07-08 05:00:00,63 °C,,72 °C,,71 °C,73 °C,64 °C,,,1826 rpm,,1724 rpm,,1884 rpm,1848 rpm,1866 rpm,,
2026-07-08 07:00:00,56 °C,,71 °C,,58 °C,74 °C,46 °C,,,1401 rpm,,1719 rpm,,800 rpm,1831 rpm,1328 rpm,,
2026-07-08 09:00:00,65 °C,,69 °C,40 °C,71 °C,68 °C,60 °C,,,1902 rpm,,1874 rpm,1877 rpm,1853 rpm,1832 rpm,1788 rpm,,
2026-07-08 11:00:00,71 °C,,53 °C,,73 °C,64 °C,57 °C,,,1694 rpm,,0 rpm,,1887 rpm,1897 rpm,1838 rpm,,
2026-07-08 13:00:00,61 °C,,70 °C,,77 °C,76 °C,71 °C,,,1831 rpm,,1865 rpm,,1837 rpm,1891 rpm,1853 rpm,,
2026-07-08 15:00:00,64 °C,,69 °C,,64 °C,83 °C,54 °C,,,1654 rpm,,1837 rpm,,1834 rpm,1781 rpm,1901 rpm,,
2026-07-08 17:00:00,59 °C,,66 °C,,77 °C,79 °C,65 °C,,,1871 rpm,,1728 rpm,,1850 rpm,1815 rpm,1849 rpm,,
2026-07-08 19:00:00,58 °C,,63 °C,,63 °C,71 °C,61 °C,,48 °C,1899 rpm,,1845 rpm,,1400 rpm,1819 rpm,1834 rpm,,0 rpm
2026-07-08 21:00:00,56 °C,,63 °C,,66 °C,63 °C,64 °C,,71 °C,800 rpm,,1844 rpm,,1851 rpm,1899 rpm,1860 rpm,,1813 rpm
2026-07-08 23:00:00,56 °C,,68 °C,,50 °C,60 °C,44 °C,,72 °C,1900 rpm,,1756 rpm,,1400 rpm,1898 rpm,799 rpm,,1856 rpm
2026-07-09 01:00:00,53 °C,,68 °C,,56 °C,72 °C,54 °C,,69 °C,800 rpm,,1852 rpm,,1399 rpm,1863 rpm,1906 rpm,,1800 rpm
2026-07-09 03:00:00,56 °C,,43 °C,,60 °C,74 °C,33 °C,,59 °C,1866 rpm,,800 rpm,,1725 rpm,1831 rpm,799 rpm,,801 rpm
2026-07-09 05:00:00,57 °C,,69 °C,,63 °C,69 °C,56 °C,,73 °C,1730 rpm,,1841 rpm,,1399 rpm,1902 rpm,1837 rpm,,1772 rpm
2026-07-09 07:00:00,56 °C,,58 °C,,56 °C,68 °C,46 °C,,69 °C,1855 rpm,,1872 rpm,,1745 rpm,1819 rpm,800 rpm,,1846 rpm
2026-07-09 09:00:00,42 °C,,64 °C,,43 °C,76 °C,68 °C,,74 °C,800 rpm,,1754 rpm,,1858 rpm,1809 rpm,1847 rpm,,1903 rpm
2026-07-09 11:00:00,69 °C,,59 °C,,76 °C,72 °C,59 °C,,77 °C,1849 rpm,,0 rpm,,1883 rpm,1818 rpm,1841 rpm,,1896 rpm
2026-07-09 13:00:00,68 °C,,69 °C,38 °C,77 °C,76 °C,63 °C,,69 °C,1900 rpm,,1692 rpm,1885 rpm,1830 rpm,1799 rpm,1819 rpm,,1800 rpm
2026-07-09 15:00:00,48 °C,,73 °C,38 °C,59 °C,66 °C,50 °C,,68 °C,800 rpm,,1836 rpm,1301 rpm,800 rpm,1850 rpm,1749 rpm,,1781 rpm
2026-07-09 17:00:00,73 °C,,79 °C,,69 °C,65 °C,55 °C,,65 °C,1402 rpm,,1900 rpm,,1827 rpm,800 rpm,1899 rpm,,1483 rpm
2026-07-09 19:00:00,50 °C,,61 °C,,76 °C,73 °C,59 °C,,73 °C,1841 rpm,,1679 rpm,,1848 rpm,1830 rpm,1835 rpm,,799 rpm
2026-07-09 21:00:00,40 °C,,57 °C,,71 °C,68 °C,61 °C,,65 °C,800 rpm,,1838 rpm,,1769 rpm,1777 rpm,1879 rpm,,800 rpm
2026-07-09 23:00:00,49 °C,,72 °C,,78 °C,70 °C,52 °C,,63 °C,1901 rpm,,1702 rpm,,1839 rpm,1815 rpm,800 rpm,,1401 rpm
2026-07-10 01:00:00,65 °C,,63 °C,29 °C,76 °C,79 °C,64 °C,,46 °C,1726 rpm,,1400 rpm,800 rpm,1886 rpm,1853 rpm,1878 rpm,,1903 rpm
2026-07-10 03:00:00,57 °C,,71 °C,29 °C,73 °C,74 °C,70 °C,,64 °C,800 rpm,,1825 rpm,800 rpm,1870 rpm,1774 rpm,1868 rpm,,1754 rpm
2026-07-10 05:00:00,70 °C,,72 °C,44 °C,74 °C,78 °C,51 °C,,58 °C,1893 rpm,,1400 rpm,800 rpm,1817 rpm,1835 rpm,1868 rpm,,1888 rpm
2026-07-10 07:00:00,60 °C,,57 °C,53 °C,60 °C,72 °C,,,63 °C,1855 rpm,,1696 rpm,1899 rpm,1886 rpm,800 rpm,,,1835 rpm
2026-07-10 09:00:00,71 °C,,61 °C,64 °C,72 °C,76 °C,35 °C,,73 °C,1799 rpm,,1729 rpm,1877 rpm,801 rpm,1902 rpm,801 rpm,,1796 rpm
2026-07-10 11:00:00,73 °C,,63 °C,78 °C,54 °C,76 °C,35 °C,,71 °C,800 rpm,,800 rpm,1838 rpm,0 rpm,1900 rpm,799 rpm,,1862 rpm
2026-07-10 13:00:00,65 °C,,70 °C,71 °C,56 °C,73 °C,65 °C,,79 °C,1870 rpm,,1051 rpm,1900 rpm,1844 rpm,800 rpm,1782 rpm,,1829 rpm
2026-07-10 15:00:00,66 °C,,76 °C,63 °C,77 °C,72 °C,63 °C,,66 °C,801 rpm,,1900 rpm,1842 rpm,1786 rpm,800 rpm,1401 rpm,,1806 rpm
2026-07-10 17:00:00,66 °C,,70 °C,74 °C,61 °C,77 °C,72 °C,,66 °C,1713 rpm,,1853 rpm,1810 rpm,1868 rpm,1818 rpm,1804 rpm,,1742 rpm
2026-07-10 19:00:00,61 °C,,63 °C,74 °C,,74 °C,69 °C,,65 °C,1702 rpm,,1793 rpm,1850 rpm,,1909 rpm,1883 rpm,,1752 rpm
2026-07-10 21:00:00,69 °C,,64 °C,76 °C,,76 °C,57 °C,,72 °C,1896 rpm,,801 rpm,1801 rpm,,1831 rpm,1835 rpm,,1804 rpm
2026-07-10 23:00:00,69 °C,,69 °C,70 °C,,72 °C,59 °C,,54 °C,1861 rpm,,1900 rpm,794 rpm,,1798 rpm,1843 rpm,,1839 rpm
2026-07-11 01:00:00,64 °C,,72 °C,48 °C,35 °C,64 °C,56 °C,,64 °C,1860 rpm,,1825 rpm,800 rpm,801 rpm,801 rpm,1878 rpm,,1898 rpm
2026-07-11 03:00:00,42 °C,,70 °C,61 °C,47 °C,74 °C,41 °C,,68 °C,1876 rpm,,1867 rpm,1844 rpm,1829 rpm,1819 rpm,800 rpm,,1836 rpm
2026-07-11 05:00:00,63 °C,,,59 °C,56 °C,71 °C,68 °C,,60 °C,1670 rpm,,799 rpm,1769 rpm,1851 rpm,801 rpm,1855 rpm,,1797 rpm
2026-07-11 07:00:00,66 °C,,,51 °C,68 °C,70 °C,58 °C,,68 °C,1683 rpm,,,0 rpm,1761 rpm,1842 rpm,1873 rpm,,1826 rpm
2026-07-11 09:00:00,72 °C,,46 °C,38 °C,74 °C,66 °C,59 °C,,74 °C,1845 rpm,,1643 rpm,1400 rpm,1866 rpm,1856 rpm,1811 rpm,,1809 rpm
2026-07-11 11:00:00,76 °C,,44 °C,76 °C,72 °C,72 °C,56 °C,,76 °C,1830 rpm,,801 rpm,1838 rpm,1771 rpm,800 rpm,1842 rpm,,1869 rpm
2026-07-11 13:00:00,79 °C,,61 °C,83 °C,77 °C,76 °C,47 °C,,71 °C,1696 rpm,,0 rpm,1791 rpm,1746 rpm,1803 rpm,801 rpm,,1761 rpm
2026-07-11 15:00:00,79 °C,,73 °C,72 °C,69 °C,79 °C,64 °C,,59 °C,1833 rpm,,1728 rpm,1809 rpm,0 rpm,1836 rpm,1794 rpm,,799 rpm
2026-07-11 17:00:00,70 °C,,76 °C,73 °C,68 °C,77 °C,68 °C,,71 °C,800 rpm,,1733 rpm,800 rpm,1896 rpm,1845 rpm,1806 rpm,,1894 rpm
2026-07-11 19:00:00,68 °C,,63 °C,69 °C,73 °C,70 °C,63 °C,,58 °C,1842 rpm,,800 rpm,1843 rpm,1833 rpm,1844 rpm,799 rpm,,1798 rpm
2026-07-11 21:00:00,63 °C,,57 °C,66 °C,74 °C,77 °C,64 °C,,73 °C,1697 rpm,,1902 rpm,1827 rpm,1756 rpm,1855 rpm,1815 rpm,,1814 rpm
2026-07-11 23:00:00,61 °C,,57 °C,61 °C,71 °C,74 °C,64 °C,,52 °C,1792 rpm,,1696 rpm,1845 rpm,800 rpm,1815 rpm,1806 rpm,,1896 rpm
2026-07-12 01:00:00,69 °C,,57 °C,73 °C,66 °C,70 °C,56 °C,,68 °C,1858 rpm,,1831 rpm,1847 rpm,1872 rpm,1846 rpm,1903 rpm,,1893 rpm
2026-07-12 03:00:00,69 °C,,56 °C,71 °C,69 °C,71 °C,56 °C,,70 °C,1909 rpm,,1833 rpm,1400 rpm,1787 rpm,1832 rpm,1811 rpm,,1818 rpm
2026-07-12 05:00:00,63 °C,,59 °C,74 °C,61 °C,70 °C,58 °C,,69 °C,1766 rpm,,801 rpm,1833 rpm,1854 rpm,1870 rpm,1901 rpm,,1768 rpm
2026-07-12 07:00:00,69 °C,,69 °C,71 °C,73 °C,71 °C,60 °C,,58 °C,1843 rpm,,1742 rpm,1821 rpm,1791 rpm,1898 rpm,1879 rpm,,800 rpm
2026-07-12 09:00:00,59 °C,,52 °C,73 °C,65 °C,73 °C,64 °C,,74 °C,1676 rpm,,800 rpm,1769 rpm,800 rpm,1823 rpm,1878 rpm,,1839 rpm
2026-07-12 11:00:00,76 °C,,70 °C,52 °C,74 °C,68 °C,64 °C,,57 °C,1869 rpm,,1896 rpm,1835 rpm,1844 rpm,1816 rpm,1800 rpm,,801 rpm
2026-07-12 13:00:00,72 °C,,58 °C,78 °C,78 °C,76 °C,61 °C,,65 °C,1707 rpm,,1728 rpm,1767 rpm,1843 rpm,1827 rpm,1837 rpm,,1891 rpm
2026-07-12 15:00:00,54 °C,,77 °C,77 °C,69 °C,72 °C,65 °C,,69 °C,799 rpm,,1701 rpm,1891 rpm,1866 rpm,1825 rpm,1849 rpm,,1773 rpm
2026-07-12 17:00:00,61 °C,,68 °C,44 °C,54 °C,73 °C,48 °C,,73 °C,1831 rpm,,800 rpm,800 rpm,1871 rpm,1820 rpm,802 rpm,,1896 rpm
2026-07-12 19:00:00,58 °C,,68 °C,46 °C,57 °C,76 °C,57 °C,,69 °C,1882 rpm,,1825 rpm,1878 rpm,800 rpm,1787 rpm,1813 rpm,,1910 rpm
2026-07-12 21:00:00,70 °C,,63 °C,51 °C,66 °C,78 °C,71 °C,,72 °C,1728 rpm,,1851 rpm,800 rpm,1880 rpm,1807 rpm,1804 rpm,,1866 rpm
2026-07-12 23:00:00,66 °C,,61 °C,61 °C,60 °C,76 °C,59 °C,,58 °C,1829 rpm,,1672 rpm,1862 rpm,1873 rpm,1793 rpm,1844 rpm,,1842 rpm
2026-07-13 01:00:00,73 °C,,59 °C,46 °C,,73 °C,58 °C,,58 °C,1855 rpm,,1871 rpm,1400 rpm,,1879 rpm,1860 rpm,,800 rpm
2026-07-13 03:00:00,52 °C,,42 °C,39 °C,48 °C,72 °C,57 °C,,72 °C,0 rpm,,800 rpm,1400 rpm,1880 rpm,1871 rpm,1802 rpm,,1827 rpm
2026-07-13 05:00:00,,,38 °C,56 °C,58 °C,74 °C,66 °C,,68 °C,,,1860 rpm,1737 rpm,1859 rpm,1821 rpm,1785 rpm,,1858 rpm
2026-07-13 07:00:00,,,65 °C,72 °C,68 °C,71 °C,61 °C,,52 °C,,,1842 rpm,1862 rpm,1833 rpm,1838 rpm,1880 rpm,,1839 rpm
2026-07-13 09:00:00,41 °C,,68 °C,77 °C,78 °C,61 °C,69 °C,,72 °C,1900 rpm,,1712 rpm,1830 rpm,1899 rpm,1875 rpm,1816 rpm,,1863 rpm
2026-07-13 11:00:00,40 °C,,76 °C,81 °C,77 °C,83 °C,60 °C,,71 °C,800 rpm,,1562 rpm,1813 rpm,1810 rpm,1814 rpm,1834 rpm,,1896 rpm
2026-07-13 13:00:00,,,74 °C,74 °C,79 °C,81 °C,70 °C,,54 °C,,,1764 rpm,1840 rpm,1760 rpm,1869 rpm,1858 rpm,,1900 rpm
2026-07-13 15:00:00,,,68 °C,65 °C,59 °C,73 °C,56 °C,,76 °C,,,1863 rpm,1879 rpm,801 rpm,1871 rpm,800 rpm,,1848 rpm
2026-07-13 17:00:00,,,76 °C,76 °C,71 °C,74 °C,57 °C,,76 °C,,,1844 rpm,1843 rpm,1913 rpm,1839 rpm,1401 rpm,,1852 rpm
2026-07-13 19:00:00,,,61 °C,73 °C,69 °C,69 °C,68 °C,,70 °C,,,1842 rpm,1853 rpm,799 rpm,1801 rpm,1832 rpm,,1900 rpm
2026-07-13 21:00:00,,,63 °C,69 °C,65 °C,76 °C,57 °C,,71 °C,,,1789 rpm,1807 rpm,1876 rpm,1903 rpm,799 rpm,,1870 rpm
2026-07-13 23:00:00,,,60 °C,71 °C,42 °C,74 °C,64 °C,,52 °C,,,1816 rpm,1907 rpm,1911 rpm,1810 rpm,1829 rpm,,0 rpm
2026-07-14 01:00:00,,,63 °C,42 °C,43 °C,66 °C,58 °C,,52 °C,,,1857 rpm,1902 rpm,0 rpm,1833 rpm,1836 rpm,,800 rpm
2026-07-14 03:00:00,,,39 °C,74 °C,73 °C,80 °C,58 °C,,71 °C,,,800 rpm,1812 rpm,1849 rpm,1826 rpm,1854 rpm,,1847 rpm
2026-07-14 05:00:00,,,58 °C,73 °C,61 °C,72 °C,68 °C,,72 °C,,,800 rpm,1474 rpm,1863 rpm,1837 rpm,1806 rpm,,1837 rpm
2026-07-14 07:00:00,,,69 °C,66 °C,53 °C,72 °C,66 °C,,69 °C,,,1874 rpm,1837 rpm,1853 rpm,1847 rpm,1793 rpm,,1900 rpm
2026-07-14 09:00:00,,,74 °C,76 °C,,74 °C,71 °C,,73 °C,,,1898 rpm,1872 rpm,,1838 rpm,1822 rpm,,1853 rpm
2026-07-14 11:00:00,,,73 °C,78 °C,,79 °C,72 °C,,69 °C,,,1738 rpm,1792 rpm,,1839 rpm,1829 rpm,,1791 rpm
2026-07-14 13:00:00,,,63 °C,66 °C,50 °C,83 °C,72 °C,,64 °C,,,1703 rpm,800 rpm,800 rpm,1898 rpm,1825 rpm,,1801 rpm
2026-07-14 15:00:00,,,76 °C,81 °C,59 °C,74 °C,68 °C,,76 °C,,,1722 rpm,1820 rpm,1863 rpm,1901 rpm,799 rpm,,1784 rpm
2026-07-14 17:00:00,,,78 °C,81 °C,83 °C,78 °C,65 °C,,70 °C,,,1858 rpm,1862 rpm,1848 rpm,1847 rpm,1876 rpm,,1831 rpm
2026-07-14 19:00:00,,,73 °C,48 °C,84 °C,72 °C,66 °C,,68 °C,,,1898 rpm,800 rpm,1776 rpm,800 rpm,1399 rpm,,1793 rpm
2026-07-14 21:00:00,,,73 °C,46 °C,73 °C,71 °C,66 °C,,74 °C,,,1718 rpm,799 rpm,1914 rpm,1899 rpm,1833 rpm,,1859 rpm
2026-07-14 23:00:00,32 °C,,72 °C,66 °C,77 °C,78 °C,57 °C,,70 °C,800 rpm,,1855 rpm,1830 rpm,1905 rpm,1887 rpm,1849 rpm,,1803 rpm
2026-07-15 01:00:00,34 °C,,73 °C,68 °C,42 °C,73 °C,48 °C,,58 °C,800 rpm,,1731 rpm,1828 rpm,1685 rpm,801 rpm,800 rpm,,1846 rpm
2026-07-15 03:00:00,34 °C,,60 °C,56 °C,42 °C,53 °C,46 °C,,57 °C,800 rpm,,1731 rpm,1866 rpm,799 rpm,1902 rpm,1860 rpm,,1863 rpm
2026-07-15 05:00:00,52 °C,,71 °C,42 °C,63 °C,68 °C,59 °C,,52 °C,800 rpm,,1897 rpm,801 rpm,1824 rpm,1847 rpm,1795 rpm,,801 rpm
2026-07-15 07:00:00,64 °C,,74 °C,72 °C,44 °C,70 °C,70 °C,,66 °C,1867 rpm,,1893 rpm,1827 rpm,0 rpm,1814 rpm,1903 rpm,,1794 rpm
2026-07-15 09:00:00,43 °C,,57 °C,66 °C,76 °C,71 °C,64 °C,,64 °C,0 rpm,,0 rpm,1766 rpm,1848 rpm,1900 rpm,1871 rpm,,1835 rpm
2026-07-15 11:00:00,39 °C,,73 °C,77 °C,79 °C,54 °C,66 °C,,59 °C,800 rpm,,1756 rpm,1900 rpm,1797 rpm,1902 rpm,1846 rpm,,1400 rpm
2026-07-15 13:00:00,40 °C,,51 °C,81 °C,57 °C,56 °C,66 °C,,73 °C,0 rpm,,801 rpm,1400 rpm,1903 rpm,1837 rpm,1808 rpm,,1823 rpm
2026-07-15 15:00:00,40 °C,,72 °C,66 °C,77 °C,80 °C,68 °C,,72 °C,0 rpm,,1881 rpm,800 rpm,1838 rpm,1813 rpm,799 rpm,,1811 rpm
2026-07-15 17:00:00,53 °C,,71 °C,78 °C,78 °C,77 °C,57 °C,,72 °C,1884 rpm,,1871 rpm,1881 rpm,1824 rpm,1400 rpm,1865 rpm,,1894 rpm
2026-07-15 19:00:00,71 °C,,70 °C,77 °C,41 °C,56 °C,54 °C,,72 °C,1848 rpm,,1719 rpm,1843 rpm,0 rpm,800 rpm,1787 rpm,,1806 rpm
2026-07-15 21:00:00,66 °C,,70 °C,77 °C,58 °C,71 °C,66 °C,,69 °C,1831 rpm,,1799 rpm,1840 rpm,1699 rpm,1881 rpm,1815 rpm,,1809 rpm
2026-07-15 23:00:00,58 °C,,72 °C,41 °C,78 °C,72 °C,66 °C,,70 °C,1811 rpm,,1698 rpm,0 rpm,1804 rpm,1830 rpm,1871 rpm,,1817 rpm
2026-07-16 01:00:00,54 °C,,68 °C,38 °C,73 °C,69 °C,58 °C,,70 °C,1847 rpm,,1822 rpm,1400 rpm,800 rpm,1900 rpm,1798 rpm,,1700 rpm
2026-07-16 03:00:00,58 °C,,49 °C,69 °C,56 °C,57 °C,55 °C,,48 °C,1926 rpm,,801 rpm,1737 rpm,1872 rpm,1798 rpm,1900 rpm,,800 rpm
2026-07-16 05:00:00,59 °C,,46 °C,71 °C,58 °C,70 °C,63 °C,,66 °C,1847 rpm,,799 rpm,1842 rpm,1700 rpm,1165 rpm,1811 rpm,,1836 rpm
2026-07-16 07:00:00,65 °C,,58 °C,76 °C,59 °C,70 °C,71 °C,,74 °C,1702 rpm,,1848 rpm,1899 rpm,1739 rpm,1822 rpm,1804 rpm,,1784 rpm
2026-07-16 09:00:00,70 °C,,53 °C,78 °C,72 °C,72 °C,68 °C,,72 °C,1853 rpm,,800 rpm,1901 rpm,1400 rpm,1835 rpm,1858 rpm,,1809 rpm
2026-07-16 11:00:00,74 °C,,72 °C,78 °C,72 °C,68 °C,71 °C,,71 °C,1668 rpm,,1841 rpm,1758 rpm,1846 rpm,1848 rpm,1829 rpm,,1743 rpm
2026-07-16 13:00:00,57 °C,,70 °C,83 °C,79 °C,74 °C,72 °C,,57 °C,800 rpm,,1675 rpm,1831 rpm,1881 rpm,1851 rpm,1812 rpm,,800 rpm
2026-07-16 15:00:00,68 °C,,70 °C,59 °C,68 °C,69 °C,59 °C,,74 °C,1823 rpm,,1884 rpm,1876 rpm,1900 rpm,1848 rpm,1230 rpm,,1765 rpm
2026-07-16 17:00:00,66 °C,,76 °C,80 °C,71 °C,73 °C,69 °C,,68 °C,1760 rpm,,1894 rpm,1898 rpm,800 rpm,1774 rpm,1837 rpm,,1400 rpm
2026-07-16 19:00:00,51 °C,,69 °C,73 °C,65 °C,70 °C,60 °C,,70 °C,800 rpm,,1755 rpm,1869 rpm,1399 rpm,1845 rpm,1878 rpm,,1802 rpm
2026-07-16 21:00:00,63 °C,,72 °C,76 °C,58 °C,64 °C,61 °C,,68 °C,799 rpm,,1685 rpm,1812 rpm,1843 rpm,1858 rpm,1809 rpm,,1400 rpm
2026-07-16 23:00:00,61 °C,,72 °C,77 °C,66 °C,69 °C,58 °C,,64 °C,1776 rpm,,1822 rpm,1825 rpm,1825 rpm,1902 rpm,800 rpm,,799 rpm
2026-07-17 01:00:00,54 °C,,69 °C,68 °C,65 °C,69 °C,64 °C,,63 °C,1875 rpm,,1868 rpm,1846 rpm,1381 rpm,1853 rpm,1880 rpm,,1797 rpm
2026-07-17 03:00:00,69 °C,,72 °C,77 °C,66 °C,72 °C,68 °C,,53 °C,1904 rpm,,1908 rpm,1787 rpm,1882 rpm,1901 rpm,1837 rpm,,800 rpm
2026-07-17 05:00:00,63 °C,,63 °C,78 °C,58 °C,70 °C,69 °C,,57 °C,1809 rpm,,1806 rpm,1399 rpm,1726 rpm,1838 rpm,1859 rpm,,1836 rpm
2026-07-17 07:00:00,59 °C,,70 °C,78 °C,65 °C,60 °C,66 °C,,69 °C,1753 rpm,,1686 rpm,1785 rpm,1844 rpm,1838 rpm,1810 rpm,,1909 rpm
2026-07-17 09:00:00,77 °C,,59 °C,79 °C,78 °C,72 °C,64 °C,,71 °C,1903 rpm,,1877 rpm,1835 rpm,1746 rpm,1831 rpm,1807 rpm,,1759 rpm
2026-07-17 11:00:00,77 °C,,66 °C,84 °C,70 °C,73 °C,74 °C,,76 °C,1401 rpm,,1853 rpm,1907 rpm,800 rpm,1841 rpm,1809 rpm,,1893 rpm
2026-07-17 13:00:00,56 °C,36 °C,71 °C,83 °C,73 °C,83 °C,59 °C,,76 °C,0 rpm,800 rpm,1757 rpm,1900 rpm,1820 rpm,1828 rpm,1794 rpm,,1855 rpm
2026-07-17 15:00:00,64 °C,39 °C,76 °C,54 °C,53 °C,51 °C,60 °C,,81 °C,1820 rpm,800 rpm,1860 rpm,1902 rpm,1586 rpm,800 rpm,794 rpm,,1854 rpm
2026-07-17 17:00:00,65 °C,,70 °C,38 °C,74 °C,68 °C,63 °C,,76 °C,1861 rpm,,1819 rpm,800 rpm,1832 rpm,1744 rpm,1841 rpm,,1844 rpm
2026-07-17 19:00:00,58 °C,,73 °C,61 °C,65 °C,74 °C,61 °C,,66 °C,1834 rpm,,1873 rpm,1878 rpm,1400 rpm,1867 rpm,1858 rpm,,1885 rpm
2026-07-17 21:00:00,65 °C,,66 °C,78 °C,56 °C,59 °C,49 °C,,60 °C,1899 rpm,,1699 rpm,1812 rpm,1401 rpm,1810 rpm,801 rpm,,800 rpm
2026-07-17 23:00:00,65 °C,30 °C,71 °C,70 °C,74 °C,74 °C,,,71 °C,1639 rpm,1089 rpm,1844 rpm,1858 rpm,1847 rpm,1815 rpm,,,1400 rpm
2026-07-18 01:00:00,54 °C,,54 °C,69 °C,43 °C,61 °C,37 °C,,70 °C,1874 rpm,,1399 rpm,1855 rpm,799 rpm,800 rpm,801 rpm,,1839 rpm
2026-07-18 03:00:00,68 °C,,53 °C,59 °C,64 °C,78 °C,55 °C,,72 °C,1655 rpm,,1400 rpm,1832 rpm,1818 rpm,1838 rpm,1826 rpm,,1816 rpm
2026-07-18 05:00:00,59 °C,,53 °C,51 °C,71 °C,68 °C,68 °C,,72 °C,1900 rpm,,1400 rpm,800 rpm,1782 rpm,1872 rpm,1875 rpm,,1884 rpm
2026-07-18 07:00:00,69 °C,,59 °C,59 °C,70 °C,74 °C,64 °C,,73 °C,1822 rpm,,1750 rpm,1808 rpm,1830 rpm,1765 rpm,1790 rpm,,1865 rpm
2026-07-18 09:00:00,51 °C,,66 °C,77 °C,69 °C,77 °C,57 °C,,76 °C,800 rpm,,1738 rpm,1512 rpm,1727 rpm,800 rpm,800 rpm,,1871 rpm
2026-07-18 11:00:00,65 °C,,49 °C,79 °C,69 °C,76 °C,66 °C,,71 °C,1892 rpm,,139 rpm,1848 rpm,1763 rpm,1842 rpm,1852 rpm,,1899 rpm
2026-07-18 13:00:00,77 °C,,47 °C,65 °C,74 °C,60 °C,74 °C,,77 °C,1748 rpm,,1849 rpm,1873 rpm,1807 rpm,1863 rpm,1815 rpm,,1808 rpm
2026-07-18 15:00:00,69 °C,,71 °C,64 °C,54 °C,73 °C,58 °C,,76 °C,1794 rpm,,1867 rpm,1400 rpm,800 rpm,1803 rpm,1872 rpm,,1815 rpm
2026-07-18 17:00:00,61 °C,,66 °C,81 °C,68 °C,73 °C,56 °C,,71 °C,1839 rpm,,1846 rpm,1753 rpm,1852 rpm,1836 rpm,1801 rpm,,1766 rpm
2026-07-18 19:00:00,57 °C,,59 °C,68 °C,72 °C,78 °C,65 °C,,71 °C,799 rpm,,800 rpm,1898 rpm,1782 rpm,1848 rpm,1793 rpm,,1828 rpm
2026-07-18 21:00:00,50 °C,,61 °C,76 °C,74 °C,79 °C,69 °C,,70 °C,1710 rpm,,1861 rpm,1793 rpm,1861 rpm,1833 rpm,1813 rpm,,1866 rpm
2026-07-18 23:00:00,66 °C,,59 °C,78 °C,74 °C,77 °C,52 °C,,74 °C,1722 rpm,,1726 rpm,1843 rpm,1796 rpm,1838 rpm,1400 rpm,,1870 rpm
2026-07-19 01:00:00,65 °C,28 °C,64 °C,73 °C,68 °C,69 °C,70 °C,,56 °C,1662 rpm,0 rpm,1886 rpm,1864 rpm,1777 rpm,800 rpm,1788 rpm,,800 rpm
2026-07-19 03:00:00,45 °C,30 °C,61 °C,77 °C,40 °C,58 °C,58 °C,,63 °C,800 rpm,1280 rpm,1862 rpm,1801 rpm,799 rpm,1861 rpm,1805 rpm,,1901 rpm
2026-07-19 05:00:00,56 °C,,65 °C,69 °C,63 °C,70 °C,64 °C,,65 °C,1808 rpm,,1874 rpm,1826 rpm,1745 rpm,1826 rpm,1841 rpm,,1884 rpm
2026-07-19 07:00:00,64 °C,,61 °C,74 °C,63 °C,71 °C,63 °C,,69 °C,800 rpm,,1796 rpm,1893 rpm,1779 rpm,1790 rpm,1846 rpm,,1867 rpm
2026-07-19 09:00:00,72 °C,31 °C,57 °C,58 °C,73 °C,73 °C,63 °C,,46 °C,1905 rpm,1499 rpm,1687 rpm,1897 rpm,1774 rpm,1822 rpm,1787 rpm,,800 rpm
2026-07-19 11:00:00,60 °C,36 °C,58 °C,78 °C,72 °C,74 °C,54 °C,,71 °C,1801 rpm,1901 rpm,800 rpm,1836 rpm,1824 rpm,1913 rpm,0 rpm,,1774 rpm
2026-07-19 13:00:00,70 °C,39 °C,68 °C,58 °C,57 °C,63 °C,61 °C,,58 °C,800 rpm,969 rpm,800 rpm,1896 rpm,1864 rpm,800 rpm,1810 rpm,,1823 rpm
2026-07-19 15:00:00,74 °C,35 °C,70 °C,80 °C,54 °C,76 °C,60 °C,,74 °C,1722 rpm,1203 rpm,1902 rpm,1855 rpm,800 rpm,1818 rpm,800 rpm,,1900 rpm
2026-07-19 17:00:00,70 °C,35 °C,61 °C,74 °C,,80 °C,64 °C,,77 °C,1748 rpm,1042 rpm,1708 rpm,1399 rpm,,1877 rpm,1815 rpm,,1903 rpm
2026-07-19 19:00:00,73 °C,32 °C,71 °C,43 °C,36 °C,63 °C,72 °C,,,1745 rpm,799 rpm,1700 rpm,,801 rpm,800 rpm,1846 rpm,,
2026-07-19 21:00:00,64 °C,31 °C,73 °C,69 °C,36 °C,,61 °C,,43 °C,1872 rpm,800 rpm,1813 rpm,800 rpm,801 rpm,,1399 rpm,,1900 rpm
2026-07-19 23:00:00,64 °C,32 °C,70 °C,58 °C,,49 °C,63 °C,,70 °C,1838 rpm,800 rpm,1853 rpm,1842 rpm,,1197 rpm,1853 rpm,,1856 rpm
2026-07-20 01:00:00,64 °C,,71 °C,70 °C,,72 °C,61 °C,,72 °C,1679 rpm,,1857 rpm,1795 rpm,,1901 rpm,1834 rpm,,1730 rpm
2026-07-20 03:00:00,58 °C,28 °C,70 °C,76 °C,,77 °C,61 °C,,68 °C,1681 rpm,800 rpm,1731 rpm,1876 rpm,,1800 rpm,1805 rpm,,1771 rpm
2026-07-20 05:00:00,65 °C,,54 °C,60 °C,,66 °C,56 °C,,71 °C,1732 rpm,,1844 rpm,1786 rpm,,1831 rpm,1399 rpm,,1823 rpm
2026-07-20 07:00:00,57 °C,37 °C,61 °C,66 °C,,69 °C,63 °C,,66 °C,1734 rpm,321 rpm,1717 rpm,1856 rpm,,1809 rpm,1865 rpm,,1908 rpm
2026-07-20 09:00:00,70 °C,40 °C,52 °C,76 °C,,58 °C,58 °C,,71 °C,1841 rpm,1869 rpm,800 rpm,1808 rpm,,801 rpm,1813 rpm,,1823 rpm
2026-07-20 11:00:00,69 °C,,69 °C,76 °C,,71 °C,60 °C,,73 °C,1842 rpm,,1881 rpm,1399 rpm,,1821 rpm,1770 rpm,,1827 rpm
2026-07-20 13:00:00,56 °C,42 °C,49 °C,81 °C,,74 °C,52 °C,,61 °C,1855 rpm,0 rpm,1537 rpm,1850 rpm,,1823 rpm,1852 rpm,,1740 rpm
2026-07-20 15:00:00,70 °C,34 °C,59 °C,,,70 °C,70 °C,,74 °C,1842 rpm,0 rpm,1901 rpm,,,1877 rpm,1883 rpm,,1820 rpm
2026-07-20 17:00:00,65 °C,,40 °C,42 °C,,49 °C,31 °C,,42 °C,1826 rpm,,798 rpm,1903 rpm,,800 rpm,800 rpm,,800 rpm
2026-07-20 19:00:00,66 °C,27 °C,56 °C,54 °C,,59 °C,42 °C,,53 °C,1834 rpm,800 rpm,1738 rpm,1853 rpm,,1754 rpm,1902 rpm,,1828 rpm
2026-07-20 21:00:00,64 °C,31 °C,54 °C,34 °C,,73 °C,54 °C,,51 °C,1774 rpm,1900 rpm,1399 rpm,800 rpm,,1781 rpm,800 rpm,,799 rpm
2026-07-20 23:00:00,64 °C,34 °C,64 °C,73 °C,,74 °C,64 °C,,50 °C,1682 rpm,0 rpm,1399 rpm,1792 rpm,,1833 rpm,1803 rpm,,800 rpm
2026-07-21 01:00:00,63 °C,33 °C,45 °C,73 °C,30 °C,79 °C,68 °C,,46 °C,1651 rpm,800 rpm,800 rpm,1852 rpm,800 rpm,1815 rpm,1815 rpm,,800 rpm
2026-07-21 03:00:00,71 °C,,56 °C,78 °C,38 °C,72 °C,64 °C,,39 °C,1825 rpm,,800 rpm,1875 rpm,800 rpm,801 rpm,1818 rpm,,799 rpm
2026-07-21 05:00:00,63 °C,,69 °C,78 °C,49 °C,65 °C,59 °C,,55 °C,1846 rpm,,1866 rpm,1802 rpm,801 rpm,1865 rpm,1822 rpm,,1835 rpm
2026-07-21 07:00:00,72 °C,,61 °C,64 °C,54 °C,68 °C,56 °C,,64 °C,1831 rpm,,1674 rpm,1401 rpm,1821 rpm,1831 rpm,1884 rpm,,1804 rpm
2026-07-21 09:00:00,69 °C,38 °C,60 °C,69 °C,,52 °C,48 °C,,65 °C,1854 rpm,1204 rpm,0 rpm,1401 rpm,,799 rpm,1400 rpm,,800 rpm
2026-07-21 11:00:00,77 °C,,71 °C,72 °C,44 °C,71 °C,54 °C,,64 °C,1665 rpm,,1729 rpm,1884 rpm,800 rpm,1848 rpm,1867 rpm,,1760 rpm
2026-07-21 13:00:00,81 °C,,63 °C,56 °C,59 °C,64 °C,56 °C,,69 °C,1719 rpm,,1666 rpm,1400 rpm,788 rpm,1837 rpm,1868 rpm,,800 rpm
2026-07-21 15:00:00,71 °C,,69 °C,70 °C,78 °C,84 °C,49 °C,,53 °C,1856 rpm,,1827 rpm,1400 rpm,1862 rpm,1844 rpm,799 rpm,,0 rpm
2026-07-21 17:00:00,66 °C,,76 °C,70 °C,71 °C,49 °C,58 °C,,,1400 rpm,,1694 rpm,1795 rpm,1717 rpm,800 rpm,1805 rpm,,
2026-07-21 19:00:00,78 °C,,69 °C,53 °C,76 °C,72 °C,58 °C,,,1882 rpm,,1835 rpm,1831 rpm,1759 rpm,800 rpm,1829 rpm,,
2026-07-21 21:00:00,61 °C,,69 °C,71 °C,68 °C,,59 °C,,33 °C,1864 rpm,,1887 rpm,1810 rpm,1854 rpm,,1853 rpm,,1880 rpm
2026-07-21 23:00:00,74 °C,,68 °C,66 °C,64 °C,52 °C,66 °C,,,1910 rpm,,1771 rpm,1833 rpm,1863 rpm,800 rpm,1837 rpm,,
2026-07-22 01:00:00,71 °C,,56 °C,66 °C,61 °C,74 °C,64 °C,,,1843 rpm,,800 rpm,1853 rpm,1812 rpm,1833 rpm,1809 rpm,,
2026-07-22 03:00:00,71 °C,,58 °C,43 °C,37 °C,64 °C,63 °C,,,1855 rpm,,800 rpm,1846 rpm,801 rpm,1850 rpm,1853 rpm,,
2026-07-22 05:00:00,56 °C,,66 °C,48 °C,56 °C,72 °C,59 °C,,,1865 rpm,,1898 rpm,1401 rpm,800 rpm,1839 rpm,800 rpm,,
2026-07-22 07:00:00,70 °C,,66 °C,53 °C,73 °C,74 °C,60 °C,,,1792 rpm,,1737 rpm,1399 rpm,1758 rpm,1824 rpm,1844 rpm,,
2026-07-22 09:00:00,77 °C,,71 °C,60 °C,71 °C,69 °C,58 °C,,,1796 rpm,,1816 rpm,1858 rpm,1893 rpm,1897 rpm,1846 rpm,,
2026-07-22 11:00:00,61 °C,,66 °C,59 °C,73 °C,64 °C,60 °C,,,1785 rpm,,1850 rpm,800 rpm,1882 rpm,801 rpm,1844 rpm,,
2026-07-22 13:00:00,60 °C,,60 °C,80 °C,60 °C,63 °C,68 °C,,,800 rpm,,1850 rpm,1839 rpm,1758 rpm,799 rpm,1864 rpm,,
2026-07-22 15:00:00,49 °C,,74 °C,56 °C,64 °C,61 °C,61 °C,,,800 rpm,,1778 rpm,800 rpm,0 rpm,1863 rpm,1844 rpm,,
2026-07-22 17:00:00,70 °C,,63 °C,72 °C,80 °C,58 °C,63 °C,,34 °C,1666 rpm,,1398 rpm,1836 rpm,1828 rpm,799 rpm,1825 rpm,,0 rpm
2026-07-22 19:00:00,70 °C,,59 °C,60 °C,54 °C,47 °C,71 °C,,53 °C,1770 rpm,,1400 rpm,1849 rpm,1877 rpm,800 rpm,1767 rpm,,1779 rpm
2026-07-22 21:00:00,61 °C,,59 °C,70 °C,70 °C,54 °C,56 °C,,49 °C,1844 rpm,,1883 rpm,1400 rpm,800 rpm,1782 rpm,1761 rpm,,800 rpm
2026-07-22 23:00:00,61 °C,,58 °C,70 °C,74 °C,54 °C,59 °C,,70 °C,800 rpm,,799 rpm,1802 rpm,1767 rpm,1844 rpm,801 rpm,,1837 rpm
2026-07-23 01:00:00,57 °C,,53 °C,78 °C,74 °C,40 °C,65 °C,,70 °C,800 rpm,,800 rpm,1765 rpm,1871 rpm,1870 rpm,800 rpm,,1874 rpm
2026-07-23 03:00:00,64 °C,,69 °C,56 °C,38 °C,54 °C,49 °C,,48 °C,1791 rpm,,1743 rpm,1897 rpm,799 rpm,1880 rpm,801 rpm,,1806 rpm
2026-07-23 05:00:00,52 °C,,66 °C,71 °C,59 °C,40 °C,,,70 °C,0 rpm,,1755 rpm,1899 rpm,1698 rpm,800 rpm,,,1857 rpm
2026-07-23 07:00:00,53 °C,,71 °C,76 °C,40 °C,,,,66 °C,1818 rpm,,1794 rpm,1860 rpm,1702 rpm,,,,1837 rpm
2026-07-23 09:00:00,71 °C,,61 °C,77 °C,59 °C,35 °C,34 °C,,71 °C,799 rpm,,1811 rpm,1839 rpm,1401 rpm,800 rpm,0 rpm,,1880 rpm
2026-07-23 11:00:00,74 °C,,65 °C,76 °C,73 °C,36 °C,34 °C,,71 °C,799 rpm,,1899 rpm,1897 rpm,1901 rpm,800 rpm,799 rpm,,1401 rpm
2026-07-23 13:00:00,78 °C,,57 °C,83 °C,65 °C,,,,54 °C,1659 rpm,,1400 rpm,1889 rpm,1399 rpm,,,,1401 rpm
2026-07-23 15:00:00,54 °C,,64 °C,58 °C,52 °C,34 °C,,,79 °C,1875 rpm,,1672 rpm,1724 rpm,1401 rpm,801 rpm,,,1852 rpm
2026-07-23 17:00:00,77 °C,,72 °C,73 °C,64 °C,,,,,1845 rpm,,1827 rpm,1851 rpm,1745 rpm,,,,
2026-07-23 19:00:00,65 °C,,55 °C,60 °C,72 °C,,,,43 °C,1896 rpm,,800 rpm,0 rpm,1816 rpm,,,,0 rpm
2026-07-23 21:00:00,71 °C,,42 °C,48 °C,50 °C,,,,41 °C,1647 rpm,,0 rpm,1885 rpm,927 rpm,,,,0 rpm
2026-07-23 23:00:00,63 °C,,69 °C,70 °C,60 °C,34 °C,,,41 °C,1838 rpm,,1761 rpm,1845 rpm,1717 rpm,800 rpm,,,800 rpm
2026-07-24 01:00:00,56 °C,,46 °C,72 °C,65 °C,,,,63 °C,1691 rpm,,799 rpm,1806 rpm,1845 rpm,,,,800 rpm
2026-07-24 03:00:00,73 °C,,60 °C,74 °C,43 °C,30 °C,,,54 °C,1773 rpm,,1900 rpm,1871 rpm,800 rpm,1500 rpm,,,1808 rpm
2026-07-24 05:00:00,66 °C,,65 °C,,69 °C,,,,68 °C,1811 rpm,,1800 rpm,,1866 rpm,,,,801 rpm
2026-07-24 07:00:00,71 °C,,66 °C,42 °C,58 °C,,,,69 °C,1894 rpm,,1832 rpm,0 rpm,1401 rpm,,,,1847 rpm
2026-07-24 09:00:00,68 °C,,73 °C,42 °C,78 °C,34 °C,32 °C,,71 °C,1834 rpm,,1756 rpm,800 rpm,1859 rpm,1634 rpm,0 rpm,,1818 rpm
2026-07-24 11:00:00,61 °C,,66 °C,44 °C,87 °C,,32 °C,,70 °C,0 rpm,,1898 rpm,800 rpm,1837 rpm,,0 rpm,,1757 rpm
2026-07-24 13:00:00,71 °C,,66 °C,58 °C,80 °C,,43 °C,,49 °C,799 rpm,,1691 rpm,1693 rpm,1844 rpm,,799 rpm,,801 rpm
2026-07-24 15:00:00,76 °C,,66 °C,71 °C,61 °C,,73 °C,,73 °C,1811 rpm,,1400 rpm,1884 rpm,800 rpm,,1895 rpm,,1815 rpm
2026-07-24 17:00:00,59 °C,,73 °C,68 °C,81 °C,,61 °C,,78 °C,800 rpm,,1778 rpm,1762 rpm,1750 rpm,,1874 rpm,,1812 rpm
2026-07-24 19:00:00,58 °C,,73 °C,68 °C,69 °C,,56 °C,,72 °C,1876 rpm,,1851 rpm,1866 rpm,1399 rpm,,1842 rpm,,1780 rpm
2026-07-24 21:00:00,68 °C,,74 °C,73 °C,56 °C,,48 °C,,76 °C,1702 rpm,,1400 rpm,1895 rpm,1832 rpm,,800 rpm,,1799 rpm
2026-07-24 23:00:00,58 °C,,69 °C,66 °C,69 °C,,57 °C,,74 °C,1792 rpm,,1793 rpm,1902 rpm,1884 rpm,,1847 rpm,,1834 rpm
2026-07-25 01:00:00,52 °C,,53 °C,68 °C,78 °C,,63 °C,,71 °C,1399 rpm,,800 rpm,1795 rpm,1780 rpm,,1400 rpm,,1807 rpm
2026-07-25 03:00:00,57 °C,,63 °C,54 °C,73 °C,,53 °C,,58 °C,1854 rpm,,1893 rpm,800 rpm,1723 rpm,,1843 rpm,,1878 rpm
2026-07-25 05:00:00,65 °C,,71 °C,74 °C,63 °C,,58 °C,,69 °C,1840 rpm,,1847 rpm,1730 rpm,1743 rpm,,1809 rpm,,1847 rpm
2026-07-25 07:00:00,56 °C,,73 °C,77 °C,76 °C,,63 °C,,68 °C,1746 rpm,,1708 rpm,1808 rpm,1908 rpm,,1797 rpm,,1795 rpm
2026-07-25 09:00:00,69 °C,42 °C,51 °C,73 °C,71 °C,,66 °C,,72 °C,800 rpm,1898 rpm,800 rpm,1834 rpm,1707 rpm,,1840 rpm,,1894 rpm
2026-07-25 11:00:00,59 °C,,60 °C,76 °C,73 °C,,58 °C,,64 °C,1783 rpm,,1900 rpm,1899 rpm,1736 rpm,,1766 rpm,,1769 rpm
2026-07-25 13:00:00,66 °C,,73 °C,,81 °C,,59 °C,,77 °C,799 rpm,,1899 rpm,1850 rpm,1839 rpm,,1835 rpm,,1875 rpm
2026-07-25 15:00:00,79 °C,,79 °C,81 °C,65 °C,,59 °C,,73 °C,1822 rpm,,1769 rpm,1775 rpm,1695 rpm,,799 rpm,,1837 rpm
2026-07-25 17:00:00,66 °C,,77 °C,76 °C,73 °C,,61 °C,,74 °C,800 rpm,,1718 rpm,1895 rpm,1882 rpm,,801 rpm,,1849 rpm
2026-07-25 19:00:00,64 °C,,72 °C,68 °C,63 °C,,58 °C,,70 °C,1681 rpm,,1850 rpm,1894 rpm,1401 rpm,,1837 rpm,,1820 rpm
2026-07-25 21:00:00,66 °C,,65 °C,70 °C,78 °C,,68 °C,,61 °C,1830 rpm,,1674 rpm,1840 rpm,1726 rpm,,1795 rpm,,1399 rpm
2026-07-25 23:00:00,65 °C,,68 °C,77 °C,78 °C,,63 °C,,63 °C,800 rpm,,1702 rpm,1876 rpm,1756 rpm,,1866 rpm,,1750 rpm
2026-07-26 01:00:00,72 °C,,66 °C,74 °C,58 °C,,58 °C,,58 °C,801 rpm,,1857 rpm,1870 rpm,1834 rpm,,1844 rpm,,1847 rpm
2026-07-26 03:00:00,66 °C,,54 °C,70 °C,57 °C,,63 °C,,57 °C,801 rpm,,1401 rpm,1900 rpm,1868 rpm,,1861 rpm,,1897 rpm
2026-07-26 05:00:00,65 °C,,59 °C,65 °C,76 °C,,65 °C,,71 °C,1899 rpm,,1859 rpm,1731 rpm,1732 rpm,,1818 rpm,,800 rpm
2026-07-26 07:00:00,70 °C,,61 °C,70 °C,69 °C,,66 °C,,66 °C,1772 rpm,,1901 rpm,1834 rpm,1900 rpm,,1862 rpm,,1906 rpm
2026-07-26 09:00:00,72 °C,,55 °C,64 °C,55 °C,,58 °C,,64 °C,1662 rpm,,801 rpm,1866 rpm,1896 rpm,,1851 rpm,,1776 rpm
2026-07-26 11:00:00,78 °C,,61 °C,66 °C,64 °C,,68 °C,,69 °C,1620 rpm,,1901 rpm,1897 rpm,1710 rpm,,1805 rpm,,1764 rpm
2026-07-26 13:00:00,72 °C,,63 °C,77 °C,59 °C,,73 °C,,46 °C,1862 rpm,,1749 rpm,1878 rpm,1365 rpm,,1400 rpm,,800 rpm
2026-07-26 15:00:00,72 °C,,73 °C,72 °C,71 °C,,61 °C,,63 °C,1774 rpm,,1806 rpm,1818 rpm,1748 rpm,,1399 rpm,,1882 rpm
2026-07-26 17:00:00,71 °C,,59 °C,79 °C,72 °C,,65 °C,,69 °C,1902 rpm,,1399 rpm,1898 rpm,1693 rpm,,1840 rpm,,1881 rpm
2026-07-26 19:00:00,58 °C,,65 °C,80 °C,68 °C,,66 °C,,63 °C,1914 rpm,,1847 rpm,1843 rpm,800 rpm,,1790 rpm,,1882 rpm
2026-07-26 21:00:00,59 °C,,66 °C,80 °C,76 °C,,58 °C,,72 °C,1864 rpm,,1697 rpm,1858 rpm,1749 rpm,,1889 rpm,,1401 rpm
2026-07-26 23:00:00,52 °C,,61 °C,76 °C,73 °C,,58 °C,,63 °C,1832 rpm,,1863 rpm,1745 rpm,1399 rpm,,1845 rpm,,1820 rpm
2026-07-27 01:00:00,53 °C,,,76 °C,,,54 °C,,57 °C,800 rpm,,,1862 rpm,,,1400 rpm,,1901 rpm
2026-07-27 03:00:00,51 °C,,45 °C,71 °C,,,59 °C,,59 °C,1898 rpm,,1821 rpm,1816 rpm,,,1834 rpm,,800 rpm
2026-07-27 05:00:00,61 °C,,59 °C,70 °C,37 °C,,60 °C,,51 °C,1921 rpm,,1761 rpm,1851 rpm,800 rpm,,1873 rpm,,1782 rpm
2026-07-27 07:00:00,64 °C,,58 °C,74 °C,34 °C,,65 °C,,61 °C,1715 rpm,,1688 rpm,1844 rpm,800 rpm,,1800 rpm,,1843 rpm
2026-07-27 09:00:00,64 °C,,58 °C,51 °C,77 °C,,66 °C,,71 °C,799 rpm,,1884 rpm,1400 rpm,1851 rpm,,1840 rpm,,1785 rpm
2026-07-27 11:00:00,79 °C,,69 °C,77 °C,48 °C,,68 °C,,74 °C,1318 rpm,,1728 rpm,1849 rpm,1901 rpm,,1859 rpm,,1784 rpm
2026-07-27 13:00:00,74 °C,,73 °C,80 °C,78 °C,,71 °C,,76 °C,801 rpm,,1835 rpm,800 rpm,1903 rpm,,1780 rpm,,1846 rpm
2026-07-27 15:00:00,51 °C,,78 °C,83 °C,78 °C,,51 °C,,79 °C,800 rpm,,1728 rpm,1804 rpm,1886 rpm,,799 rpm,,1874 rpm
2026-07-27 17:00:00,40 °C,,68 °C,79 °C,79 °C,,61 °C,,79 °C,0 rpm,,1814 rpm,1902 rpm,1843 rpm,,1799 rpm,,1797 rpm
2026-07-27 19:00:00,,,65 °C,78 °C,76 °C,,36 °C,,74 °C,,,1684 rpm,1856 rpm,1772 rpm,,1834 rpm,,1800 rpm
2026-07-27 21:00:00,,,63 °C,70 °C,76 °C,,63 °C,,71 °C,,,1861 rpm,1834 rpm,1885 rpm,,1880 rpm,,1852 rpm
2026-07-27 23:00:00,35 °C,,54 °C,64 °C,59 °C,,59 °C,,55 °C,801 rpm,,1867 rpm,1854 rpm,800 rpm,,1901 rpm,,1746 rpm
2026-07-28 01:00:00,55 °C,,44 °C,63 °C,74 °C,,65 °C,,66 °C,1856 rpm,,1861 rpm,800 rpm,1820 rpm,,1845 rpm,,1826 rpm
2026-07-28 03:00:00,73 °C,,36 °C,71 °C,55 °C,,58 °C,,70 °C,1838 rpm,,799 rpm,1792 rpm,1861 rpm,,1400 rpm,,1827 rpm
2026-07-28 05:00:00,72 °C,,,73 °C,47 °C,,59 °C,,58 °C,1827 rpm,,,1849 rpm,1791 rpm,,1790 rpm,,1899 rpm
2026-07-28 07:00:00,69 °C,,,65 °C,57 °C,,59 °C,,69 °C,1681 rpm,,,1811 rpm,1708 rpm,,1400 rpm,,1858 rpm
2026-07-28 09:00:00,70 °C,,,78 °C,74 °C,,68 °C,,77 °C,1759 rpm,,,1828 rpm,1819 rpm,,1779 rpm,,1858 rpm
2026-07-28 11:00:00,78 °C,,33 °C,72 °C,77 °C,,76 °C,,74 °C,1718 rpm,,0 rpm,1802 rpm,1844 rpm,,1903 rpm,,1783 rpm
2026-07-28 13:00:00,79 °C,,,80 °C,78 °C,,70 °C,,80 °C,1762 rpm,,,1840 rpm,1812 rpm,,1900 rpm,,1798 rpm
2026-07-28 15:00:00,84 °C,,,60 °C,59 °C,,64 °C,,81 °C,1909 rpm,,,800 rpm,1897 rpm,,1849 rpm,,1869 rpm
2026-07-28 17:00:00,73 °C,,,74 °C,84 °C,,73 °C,,77 °C,800 rpm,,,1888 rpm,1905 rpm,,1901 rpm,,1807 rpm
2026-07-28 19:00:00,73 °C,,,63 °C,74 °C,,71 °C,,79 °C,1905 rpm,,,1903 rpm,1798 rpm,,1837 rpm,,1896 rpm
2026-07-28 21:00:00,78 °C,,,70 °C,63 °C,,52 °C,,74 °C,1777 rpm,,,1850 rpm,1899 rpm,,1401 rpm,,1898 rpm
2026-07-28 23:00:00,76 °C,,,65 °C,54 °C,,71 °C,,71 °C,1846 rpm,,,1863 rpm,1401 rpm,,1808 rpm,,1833 rpm
2026-07-29 01:00:00,70 °C,,,56 °C,68 °C,,58 °C,,73 °C,1693 rpm,,,1772 rpm,1401 rpm,,1792 rpm,,1847 rpm
2026-07-29 03:00:00,69 °C,,,69 °C,70 °C,,68 °C,,59 °C,1733 rpm,,,800 rpm,1713 rpm,,1788 rpm,,1840 rpm
2026-07-29 05:00:00,69 °C,,,70 °C,71 °C,,60 °C,,70 °C,1882 rpm,,,799 rpm,1791 rpm,,800 rpm,,1874 rpm
2026-07-29 07:00:00,69 °C,,,40 °C,48 °C,,63 °C,,73 °C,1718 rpm,,,1401 rpm,801 rpm,,1837 rpm,,1833 rpm
2026-07-29 09:00:00,70 °C,,,43 °C,73 °C,,64 °C,,71 °C,1904 rpm,,,1884 rpm,1867 rpm,,1851 rpm,,1877 rpm
2026-07-29 11:00:00,70 °C,,,71 °C,78 °C,,70 °C,,76 °C,1669 rpm,,,1858 rpm,1800 rpm,,1809 rpm,,1847 rpm
2026-07-29 13:00:00,73 °C,,33 °C,72 °C,83 °C,,60 °C,,76 °C,1901 rpm,,0 rpm,1901 rpm,801 rpm,,1848 rpm,,1809 rpm
2026-07-29 15:00:00,81 °C,34 °C,36 °C,72 °C,56 °C,,69 °C,,69 °C,1671 rpm,0 rpm,1467 rpm,1783 rpm,801 rpm,,1794 rpm,,799 rpm
2026-07-29 17:00:00,79 °C,34 °C,38 °C,77 °C,71 °C,,74 °C,,69 °C,1856 rpm,0 rpm,0 rpm,1848 rpm,1831 rpm,,1852 rpm,,1823 rpm
2026-07-29 19:00:00,76 °C,,35 °C,77 °C,59 °C,,56 °C,,69 °C,1814 rpm,,799 rpm,1834 rpm,1902 rpm,,1792 rpm,,1686 rpm
2026-07-29 21:00:00,72 °C,,37 °C,79 °C,60 °C,,61 °C,,71 °C,1735 rpm,,800 rpm,1873 rpm,1711 rpm,,1843 rpm,,1806 rpm
2026-07-29 23:00:00,51 °C,,38 °C,78 °C,52 °C,,58 °C,,72 °C,1736 rpm,,800 rpm,1770 rpm,1711 rpm,,1799 rpm,,1860 rpm
2026-07-30 01:00:00,53 °C,,59 °C,70 °C,59 °C,,59 °C,,73 °C,1855 rpm,,1865 rpm,1830 rpm,1901 rpm,,1845 rpm,,1832 rpm
2026-07-30 03:00:00,56 °C,,64 °C,71 °C,72 °C,,61 °C,,59 °C,1897 rpm,,1778 rpm,1856 rpm,1755 rpm,,1798 rpm,,1887 rpm
2026-07-30 05:00:00,69 °C,,63 °C,73 °C,57 °C,,68 °C,,63 °C,1747 rpm,,1853 rpm,1526 rpm,800 rpm,,1849 rpm,,1920 rpm
2026-07-30 07:00:00,76 °C,,57 °C,72 °C,61 °C,,69 °C,,46 °C,1899 rpm,,1740 rpm,1728 rpm,799 rpm,,1903 rpm,,887 rpm
2026-07-30 09:00:00,72 °C,38 °C,68 °C,66 °C,60 °C,,70 °C,,74 °C,1760 rpm,1893 rpm,1778 rpm,0 rpm,800 rpm,,1816 rpm,,1787 rpm
2026-07-30 11:00:00,63 °C,,58 °C,78 °C,80 °C,,59 °C,,79 °C,1866 rpm,,800 rpm,1786 rpm,1755 rpm,,1906 rpm,,1860 rpm
2026-07-30 13:00:00,74 °C,39 °C,59 °C,83 °C,81 °C,,76 °C,,65 °C,1849 rpm,1900 rpm,1835 rpm,1862 rpm,1754 rpm,,1759 rpm,,1782 rpm
2026-07-30 15:00:00,80 °C,60 °C,55 °C,80 °C,73 °C,,59 °C,,79 °C,1640 rpm,1896 rpm,1825 rpm,1739 rpm,1802 rpm,,1788 rpm,,1761 rpm
2026-07-30 17:00:00,64 °C,53 °C,59 °C,80 °C,72 °C,,68 °C,,74 °C,800 rpm,1847 rpm,1726 rpm,1787 rpm,1791 rpm,,797 rpm,,800 rpm
2026-07-30 19:00:00,65 °C,49 °C,59 °C,74 °C,41 °C,,59 °C,,70 °C,1803 rpm,800 rpm,1812 rpm,1822 rpm,799 rpm,,800 rpm,,1758 rpm
2026-07-30 21:00:00,65 °C,55 °C,41 °C,77 °C,77 °C,,68 °C,,70 °C,1786 rpm,1795 rpm,800 rpm,1872 rpm,1899 rpm,,1802 rpm,,1817 rpm
2026-07-30 23:00:00,59 °C,49 °C,54 °C,76 °C,70 °C,,69 °C,,65 °C,1857 rpm,1899 rpm,1676 rpm,1897 rpm,800 rpm,,1793 rpm,,1821 rpm
2026-07-31 01:00:00,58 °C,39 °C,59 °C,53 °C,38 °C,,58 °C,,59 °C,1899 rpm,799 rpm,1807 rpm,1863 rpm,799 rpm,,1802 rpm,,1900 rpm
2026-07-31 03:00:00,66 °C,40 °C,37 °C,60 °C,63 °C,,34 °C,,65 °C,1899 rpm,800 rpm,800 rpm,1867 rpm,1866 rpm,,800 rpm,,1811 rpm
2026-07-31 05:00:00,57 °C,73 °C,57 °C,70 °C,68 °C,,59 °C,,61 °C,1851 rpm,1907 rpm,1908 rpm,1743 rpm,1772 rpm,,1854 rpm,,1864 rpm
2026-07-31 07:00:00,73 °C,63 °C,59 °C,66 °C,61 °C,,54 °C,,68 °C,1840 rpm,1840 rpm,1872 rpm,1901 rpm,1768 rpm,,801 rpm,,1779 rpm
2026-07-31 09:00:00,55 °C,46 °C,54 °C,70 °C,55 °C,,59 °C,,68 °C,800 rpm,1399 rpm,800 rpm,800 rpm,1880 rpm,,1788 rpm,,1888 rpm
2026-07-31 11:00:00,71 °C,40 °C,57 °C,52 °C,65 °C,,59 °C,,73 °C,1848 rpm,800 rpm,801 rpm,1859 rpm,1897 rpm,,800 rpm,,1830 rpm
2026-07-31 13:00:00,54 °C,58 °C,76 °C,68 °C,80 °C,,58 °C,,66 °C,0 rpm,1902 rpm,1828 rpm,1839 rpm,1788 rpm,,800 rpm,,1901 rpm
2026-07-31 15:00:00,,80 °C,58 °C,54 °C,58 °C,,60 °C,,81 °C,,1826 rpm,1696 rpm,1852 rpm,800 rpm,,1874 rpm,,1813 rpm
2026-07-31 17:00:00,,54 °C,61 °C,57 °C,71 °C,,64 °C,,80 °C,,800 rpm,1870 rpm,800 rpm,1399 rpm,,1578 rpm,,1772 rpm
2026-07-31 19:00:00,,52 °C,60 °C,66 °C,47 °C,,66 °C,,73 °C,,1825 rpm,801 rpm,1842 rpm,799 rpm,,1784 rpm,,1800 rpm
2026-07-31 21:00:00,,79 °C,65 °C,71 °C,70 °C,,57 °C,,66 °C,,1835 rpm,1846 rpm,1829 rpm,800 rpm,,1782 rpm,,1807 rpm
2026-07-31 23:00:00,,68 °C,57 °C,53 °C,72 °C,,54 °C,,63 °C,,1818 rpm,1864 rpm,1796 rpm,1773 rpm,,800 rpm,,1792 rpm
2026-08-01 01:00:00,,72 °C,52 °C,43 °C,60 °C,,57 °C,,56 °C,,1843 rpm,800 rpm,1902 rpm,1781 rpm,,1901 rpm,,800 rpm
2026-08-01 03:00:00,,57 °C,54 °C,65 °C,59 °C,,47 °C,,61 °C,,857 rpm,1715 rpm,1290 rpm,1839 rpm,,1788 rpm,,1773 rpm
2026-08-01 05:00:00,,54 °C,54 °C,59 °C,61 °C,,64 °C,,64 °C,,1899 rpm,1900 rpm,1883 rpm,800 rpm,,1777 rpm,,799 rpm
2026-08-01 07:00:00,,51 °C,65 °C,78 °C,54 °C,,66 °C,,65 °C,,1858 rpm,1732 rpm,1761 rpm,800 rpm,,1809 rpm,,1853 rpm
2026-08-01 09:00:00,,79 °C,53 °C,78 °C,38 °C,,69 °C,,64 °C,,1838 rpm,1400 rpm,1830 rpm,800 rpm,,1806 rpm,,1830 rpm
2026-08-01 11:00:00,,76 °C,70 °C,55 °C,63 °C,,73 °C,,69 °C,,1785 rpm,1843 rpm,800 rpm,1903 rpm,,1867 rpm,,1902 rpm
2026-08-01 13:00:00,,80 °C,68 °C,52 °C,78 °C,,56 °C,,74 °C,,1828 rpm,1648 rpm,800 rpm,800 rpm,,1850 rpm,,1843 rpm
2026-08-01 15:00:00,,86 °C,78 °C,60 °C,69 °C,,57 °C,,78 °C,,1700 rpm,1698 rpm,1866 rpm,800 rpm,,1787 rpm,,1757 rpm
2026-08-01 17:00:00,,73 °C,70 °C,43 °C,72 °C,,69 °C,,69 °C,,1816 rpm,1400 rpm,800 rpm,1873 rpm,,1906 rpm,,1856 rpm
2026-08-01 19:00:00,,57 °C,59 °C,52 °C,70 °C,,59 °C,,60 °C,,1400 rpm,1848 rpm,1843 rpm,1801 rpm,,799 rpm,,800 rpm
2026-08-01 21:00:00,33 °C,73 °C,69 °C,58 °C,43 °C,,68 °C,,70 °C,801 rpm,1843 rpm,1750 rpm,799 rpm,801 rpm,,1875 rpm,,1857 rpm
2026-08-01 23:00:00,48 °C,72 °C,63 °C,69 °C,35 °C,,65 °C,,71 °C,799 rpm,1782 rpm,1664 rpm,800 rpm,800 rpm,,800 rpm,,1730 rpm
2026-08-02 01:00:00,42 °C,78 °C,57 °C,72 °C,46 °C,,58 °C,,53 °C,801 rpm,1844 rpm,1676 rpm,1840 rpm,800 rpm,,1902 rpm,,800 rpm
2026-08-02 03:00:00,60 °C,58 °C,59 °C,44 °C,72 °C,,58 °C,,57 °C,1849 rpm,0 rpm,1665 rpm,1401 rpm,1400 rpm,,1840 rpm,,1822 rpm
2026-08-02 05:00:00,66 °C,73 °C,55 °C,58 °C,68 °C,,56 °C,,70 °C,1844 rpm,1840 rpm,1650 rpm,1400 rpm,1832 rpm,,800 rpm,,800 rpm
2026-08-02 07:00:00,69 °C,76 °C,69 °C,64 °C,38 °C,,66 °C,,59 °C,1646 rpm,1840 rpm,1859 rpm,800 rpm,801 rpm,,1843 rpm,,801 rpm
2026-08-02 09:00:00,56 °C,79 °C,61 °C,72 °C,61 °C,,71 °C,,76 °C,800 rpm,1842 rpm,0 rpm,1863 rpm,1860 rpm,,1831 rpm,,1771 rpm
2026-08-02 11:00:00,72 °C,79 °C,63 °C,66 °C,63 °C,,71 °C,,70 °C,1672 rpm,1849 rpm,1782 rpm,1850 rpm,1858 rpm,,1826 rpm,,1849 rpm
2026-08-02 13:00:00,80 °C,81 °C,73 °C,77 °C,58 °C,,76 °C,,71 °C,1837 rpm,1901 rpm,1688 rpm,1864 rpm,1713 rpm,,1816 rpm,,1835 rpm
2026-08-02 15:00:00,68 °C,78 °C,57 °C,58 °C,73 °C,,69 °C,,81 °C,801 rpm,1850 rpm,801 rpm,1897 rpm,800 rpm,,1797 rpm,,1841 rpm
2026-08-02 17:00:00,68 °C,80 °C,64 °C,84 °C,70 °C,,59 °C,,78 °C,1847 rpm,1838 rpm,1822 rpm,1846 rpm,1833 rpm,,1619 rpm,,1774 rpm
2026-08-02 19:00:00,54 °C,74 °C,69 °C,77 °C,65 °C,,65 °C,,68 °C,1812 rpm,1400 rpm,1715 rpm,1831 rpm,1720 rpm,,1834 rpm,,1709 rpm
2026-08-02 21:00:00,53 °C,79 °C,68 °C,79 °C,56 °C,,69 °C,,72 °C,0 rpm,1877 rpm,1854 rpm,1881 rpm,801 rpm,,1857 rpm,,1790 rpm
2026-08-02 23:00:00,52 °C,79 °C,70 °C,73 °C,73 °C,32 °C,68 °C,,68 °C,800 rpm,1719 rpm,1836 rpm,1885 rpm,1753 rpm,0 rpm,1815 rpm,,800 rpm
2026-08-03 01:00:00,56 °C,66 °C,53 °C,69 °C,43 °C,32 °C,65 °C,,52 °C,1901 rpm,1902 rpm,801 rpm,1722 rpm,799 rpm,0 rpm,1821 rpm,,1856 rpm
2026-08-03 03:00:00,66 °C,48 °C,63 °C,64 °C,37 °C,,56 °C,,61 °C,1816 rpm,800 rpm,1845 rpm,1400 rpm,1009 rpm,,800 rpm,,1811 rpm
2026-08-03 05:00:00,60 °C,70 °C,65 °C,48 °C,36 °C,,45 °C,,64 °C,1933 rpm,1838 rpm,1715 rpm,1832 rpm,801 rpm,,1850 rpm,,1849 rpm
2026-08-03 07:00:00,66 °C,73 °C,66 °C,70 °C,40 °C,35 °C,61 °C,,72 °C,1814 rpm,1838 rpm,1717 rpm,1900 rpm,1870 rpm,,1405 rpm,,1811 rpm
2026-08-03 09:00:00,65 °C,78 °C,73 °C,64 °C,39 °C,,65 °C,,72 °C,1876 rpm,1900 rpm,1685 rpm,1899 rpm,800 rpm,,1815 rpm,,1863 rpm
2026-08-03 11:00:00,73 °C,80 °C,56 °C,77 °C,40 °C,,70 °C,,77 °C,1845 rpm,1745 rpm,1399 rpm,1876 rpm,0 rpm,,1842 rpm,,1749 rpm
2026-08-03 13:00:00,57 °C,80 °C,73 °C,86 °C,42 °C,36 °C,57 °C,,77 °C,1879 rpm,1701 rpm,1859 rpm,1863 rpm,0 rpm,,1854 rpm,,1904 rpm
2026-08-03 15:00:00,56 °C,80 °C,68 °C,61 °C,46 °C,40 °C,61 °C,,58 °C,1904 rpm,1890 rpm,1801 rpm,0 rpm,1878 rpm,800 rpm,1852 rpm,,1500 rpm
2026-08-03 17:00:00,65 °C,70 °C,77 °C,73 °C,65 °C,,61 °C,,56 °C,1819 rpm,1738 rpm,1873 rpm,1836 rpm,1850 rpm,,800 rpm,,800 rpm
2026-08-03 19:00:00,72 °C,79 °C,73 °C,61 °C,64 °C,,59 °C,,64 °C,1759 rpm,1902 rpm,1697 rpm,1400 rpm,1850 rpm,,1794 rpm,,1869 rpm
2026-08-03 21:00:00,74 °C,71 °C,69 °C,61 °C,,34 °C,56 °C,,72 °C,1849 rpm,1843 rpm,1702 rpm,1714 rpm,,800 rpm,1794 rpm,,1671 rpm
2026-08-03 23:00:00,66 °C,68 °C,60 °C,65 °C,52 °C,38 °C,61 °C,,65 °C,1850 rpm,1899 rpm,800 rpm,1566 rpm,1870 rpm,1315 rpm,1780 rpm,,800 rpm
2026-08-04 01:00:00,58 °C,60 °C,71 °C,49 °C,,37 °C,46 °C,,74 °C,1658 rpm,1900 rpm,1758 rpm,1881 rpm,,799 rpm,799 rpm,,1853 rpm
2026-08-04 03:00:00,72 °C,60 °C,43 °C,54 °C,,34 °C,58 °C,,54 °C,1729 rpm,1889 rpm,801 rpm,1847 rpm,,801 rpm,800 rpm,,1779 rpm
2026-08-04 05:00:00,72 °C,70 °C,54 °C,46 °C,36 °C,,53 °C,,69 °C,1796 rpm,1785 rpm,1708 rpm,1870 rpm,800 rpm,,800 rpm,,1899 rpm
2026-08-04 07:00:00,49 °C,68 °C,68 °C,36 °C,35 °C,31 °C,59 °C,,68 °C,800 rpm,1893 rpm,1766 rpm,800 rpm,1400 rpm,0 rpm,1859 rpm,,1796 rpm
2026-08-04 09:00:00,59 °C,56 °C,54 °C,76 °C,48 °C,49 °C,56 °C,,77 °C,801 rpm,1779 rpm,800 rpm,1750 rpm,1898 rpm,0 rpm,1839 rpm,,1901 rpm
2026-08-04 11:00:00,76 °C,51 °C,63 °C,79 °C,53 °C,,60 °C,,72 °C,1838 rpm,800 rpm,1683 rpm,1859 rpm,1901 rpm,,1848 rpm,,1840 rpm
2026-08-04 13:00:00,61 °C,80 °C,70 °C,71 °C,74 °C,,69 °C,,69 °C,1853 rpm,1850 rpm,1711 rpm,1806 rpm,1894 rpm,,1806 rpm,,0 rpm
2026-08-04 15:00:00,53 °C,80 °C,76 °C,64 °C,73 °C,,63 °C,,64 °C,800 rpm,1902 rpm,1871 rpm,1838 rpm,1401 rpm,,1882 rpm,,1901 rpm
2026-08-04 17:00:00,71 °C,76 °C,69 °C,78 °C,,,59 °C,,70 °C,1803 rpm,800 rpm,1801 rpm,1902 rpm,,,1853 rpm,,1899 rpm
2026-08-04 19:00:00,61 °C,71 °C,72 °C,70 °C,44 °C,,58 °C,,77 °C,1888 rpm,1846 rpm,1814 rpm,1899 rpm,799 rpm,,1866 rpm,,1809 rpm
2026-08-04 21:00:00,61 °C,76 °C,66 °C,56 °C,63 °C,36 °C,66 °C,,69 °C,801 rpm,1802 rpm,1651 rpm,800 rpm,1807 rpm,0 rpm,1853 rpm,,1696 rpm
2026-08-04 23:00:00,70 °C,69 °C,61 °C,38 °C,79 °C,,71 °C,,70 °C,1785 rpm,1834 rpm,1399 rpm,800 rpm,1902 rpm,,800 rpm,,1749 rpm
2026-08-05 01:00:00,69 °C,68 °C,70 °C,57 °C,72 °C,,68 °C,,69 °C,1864 rpm,1855 rpm,1709 rpm,1831 rpm,1883 rpm,,1798 rpm,,1779 rpm
2026-08-05 03:00:00,49 °C,69 °C,61 °C,65 °C,47 °C,,53 °C,,49 °C,0 rpm,795 rpm,1789 rpm,1837 rpm,1901 rpm,,1839 rpm,,1703 rpm
2026-08-05 05:00:00,66 °C,60 °C,66 °C,69 °C,59 °C,,53 °C,,66 °C,1820 rpm,1401 rpm,1745 rpm,1804 rpm,1899 rpm,,1793 rpm,,1400 rpm
2026-08-05 07:00:00,60 °C,38 °C,63 °C,44 °C,64 °C,,57 °C,,54 °C,1763 rpm,800 rpm,1855 rpm,1840 rpm,800 rpm,,1800 rpm,,1879 rpm
2026-08-05 09:00:00,40 °C,48 °C,71 °C,71 °C,74 °C,31 °C,68 °C,,58 °C,799 rpm,1899 rpm,1657 rpm,1843 rpm,1899 rpm,799 rpm,1794 rpm,,1807 rpm
2026-08-05 11:00:00,36 °C,79 °C,57 °C,72 °C,72 °C,33 °C,68 °C,,66 °C,800 rpm,1845 rpm,800 rpm,1801 rpm,1727 rpm,0 rpm,1784 rpm,,1902 rpm
2026-08-05 13:00:00,48 °C,73 °C,66 °C,72 °C,70 °C,,54 °C,,57 °C,800 rpm,1900 rpm,1838 rpm,1851 rpm,1725 rpm,,1719 rpm,,1867 rpm
2026-08-05 15:00:00,77 °C,79 °C,61 °C,76 °C,70 °C,37 °C,65 °C,,77 °C,1792 rpm,1902 rpm,800 rpm,1888 rpm,1388 rpm,800 rpm,1839 rpm,,1821 rpm
2026-08-05 17:00:00,76 °C,81 °C,73 °C,70 °C,73 °C,,65 °C,,53 °C,800 rpm,1712 rpm,800 rpm,1818 rpm,1400 rpm,,1877 rpm,,1400 rpm
2026-08-05 19:00:00,74 °C,79 °C,68 °C,71 °C,65 °C,,61 °C,,68 °C,1836 rpm,1796 rpm,1667 rpm,1902 rpm,1903 rpm,,1832 rpm,,1842 rpm
2026-08-05 21:00:00,65 °C,73 °C,68 °C,80 °C,69 °C,37 °C,66 °C,,59 °C,1905 rpm,1901 rpm,1830 rpm,1832 rpm,1864 rpm,800 rpm,1881 rpm,,1855 rpm
2026-08-05 23:00:00,51 °C,79 °C,66 °C,76 °C,50 °C,37 °C,69 °C,,64 °C,1898 rpm,1862 rpm,1880 rpm,1859 rpm,801 rpm,800 rpm,1894 rpm,,1889 rpm
2026-08-06 01:00:00,53 °C,79 °C,64 °C,76 °C,73 °C,36 °C,69 °C,,56 °C,1858 rpm,1812 rpm,1728 rpm,1804 rpm,1715 rpm,800 rpm,1797 rpm,,0 rpm
2026-08-06 03:00:00,66 °C,58 °C,65 °C,56 °C,76 °C,55 °C,66 °C,,43 °C,800 rpm,0 rpm,1756 rpm,800 rpm,1857 rpm,1884 rpm,1807 rpm,,1848 rpm
2026-08-06 05:00:00,63 °C,69 °C,65 °C,73 °C,71 °C,43 °C,56 °C,,60 °C,1736 rpm,1400 rpm,1896 rpm,1884 rpm,1734 rpm,799 rpm,800 rpm,,1885 rpm
2026-08-06 07:00:00,45 °C,61 °C,60 °C,60 °C,69 °C,39 °C,65 °C,,58 °C,1844 rpm,1829 rpm,1902 rpm,1717 rpm,1831 rpm,800 rpm,1804 rpm,,1866 rpm
2026-08-06 09:00:00,66 °C,68 °C,64 °C,74 °C,77 °C,53 °C,51 °C,,72 °C,1830 rpm,1896 rpm,1449 rpm,1791 rpm,1872 rpm,800 rpm,1400 rpm,,1863 rpm
2026-08-06 11:00:00,66 °C,72 °C,65 °C,72 °C,80 °C,56 °C,71 °C,29 °C,69 °C,1852 rpm,1861 rpm,1855 rpm,1400 rpm,1766 rpm,800 rpm,1805 rpm,1908 rpm,1843 rpm
2026-08-06 13:00:00,70 °C,68 °C,64 °C,57 °C,87 °C,72 °C,76 °C,,55 °C,800 rpm,1797 rpm,1864 rpm,1836 rpm,1834 rpm,800 rpm,1848 rpm,,1790 rpm
2026-08-06 15:00:00,71 °C,80 °C,52 °C,66 °C,58 °C,83 °C,60 °C,,65 °C,1783 rpm,1871 rpm,1898 rpm,1400 rpm,801 rpm,1756 rpm,1900 rpm,,1848 rpm
2026-08-06 17:00:00,72 °C,79 °C,72 °C,78 °C,74 °C,63 °C,69 °C,,65 °C,799 rpm,1899 rpm,1833 rpm,1811 rpm,1800 rpm,1710 rpm,1912 rpm,,1738 rpm
2026-08-06 19:00:00,70 °C,77 °C,71 °C,70 °C,59 °C,76 °C,70 °C,,59 °C,800 rpm,1849 rpm,1774 rpm,1865 rpm,800 rpm,1787 rpm,1806 rpm,,1400 rpm
2026-08-06 21:00:00,66 °C,73 °C,66 °C,70 °C,80 °C,74 °C,71 °C,,64 °C,1764 rpm,800 rpm,1698 rpm,1823 rpm,1745 rpm,1790 rpm,1902 rpm,,1868 rpm
2026-08-06 23:00:00,71 °C,74 °C,72 °C,68 °C,81 °C,61 °C,68 °C,,,1774 rpm,1858 rpm,1658 rpm,1851 rpm,1790 rpm,1851 rpm,1841 rpm,,
2026-08-07 01:00:00,70 °C,72 °C,66 °C,78 °C,77 °C,70 °C,70 °C,,38 °C,1763 rpm,1873 rpm,1873 rpm,1871 rpm,1850 rpm,800 rpm,1845 rpm,,0 rpm
2026-08-07 03:00:00,58 °C,55 °C,68 °C,70 °C,57 °C,73 °C,65 °C,,57 °C,1859 rpm,1882 rpm,1893 rpm,1849 rpm,800 rpm,800 rpm,1838 rpm,,1816 rpm
2026-08-07 05:00:00,61 °C,68 °C,61 °C,40 °C,59 °C,69 °C,65 °C,,61 °C,1903 rpm,1899 rpm,1682 rpm,1902 rpm,1846 rpm,1757 rpm,1792 rpm,,1787 rpm
2026-08-07 07:00:00,66 °C,71 °C,55 °C,72 °C,56 °C,72 °C,70 °C,,65 °C,1725 rpm,1719 rpm,1673 rpm,1810 rpm,1748 rpm,1756 rpm,1900 rpm,,1855 rpm
2026-08-07 09:00:00,63 °C,65 °C,58 °C,69 °C,64 °C,73 °C,68 °C,,58 °C,1673 rpm,800 rpm,800 rpm,1814 rpm,1812 rpm,1730 rpm,1802 rpm,,1900 rpm
2026-08-07 11:00:00,58 °C,78 °C,64 °C,69 °C,61 °C,81 °C,70 °C,,43 °C,1891 rpm,1703 rpm,1682 rpm,1779 rpm,1902 rpm,1908 rpm,1842 rpm,,800 rpm
2026-08-07 13:00:00,66 °C,76 °C,73 °C,66 °C,79 °C,70 °C,69 °C,,40 °C,1731 rpm,800 rpm,1825 rpm,1775 rpm,1900 rpm,1837 rpm,1810 rpm,,800 rpm
2026-08-07 15:00:00,66 °C,65 °C,78 °C,55 °C,53 °C,72 °C,63 °C,,68 °C,1902 rpm,1893 rpm,1839 rpm,979 rpm,800 rpm,1522 rpm,0 rpm,,1843 rpm
2026-08-07 17:00:00,73 °C,73 °C,78 °C,58 °C,80 °C,80 °C,68 °C,,73 °C,1855 rpm,800 rpm,1780 rpm,1625 rpm,1765 rpm,1835 rpm,1844 rpm,,1896 rpm
2026-08-07 19:00:00,71 °C,46 °C,74 °C,72 °C,79 °C,79 °C,70 °C,,72 °C,1849 rpm,800 rpm,1674 rpm,1837 rpm,1862 rpm,1785 rpm,1800 rpm,,1864 rpm
2026-08-07 21:00:00,72 °C,38 °C,72 °C,77 °C,64 °C,59 °C,66 °C,,68 °C,799 rpm,800 rpm,1746 rpm,1859 rpm,1899 rpm,800 rpm,1901 rpm,,1788 rpm
2026-08-07 23:00:00,68 °C,38 °C,68 °C,76 °C,59 °C,53 °C,64 °C,,68 °C,800 rpm,1902 rpm,1835 rpm,1877 rpm,1902 rpm,800 rpm,1843 rpm,,1857 rpm
2026-08-08 01:00:00,64 °C,71 °C,71 °C,71 °C,69 °C,65 °C,59 °C,,60 °C,1855 rpm,1749 rpm,1843 rpm,1813 rpm,1772 rpm,800 rpm,800 rpm,,1776 rpm
2026-08-08 03:00:00,65 °C,53 °C,58 °C,68 °C,78 °C,66 °C,57 °C,,59 °C,1830 rpm,800 rpm,1798 rpm,1813 rpm,1890 rpm,1708 rpm,1867 rpm,,1400 rpm
2026-08-08 05:00:00,69 °C,53 °C,63 °C,72 °C,76 °C,71 °C,66 °C,,57 °C,1834 rpm,801 rpm,1805 rpm,1852 rpm,1764 rpm,1842 rpm,1807 rpm,,1400 rpm
2026-08-08 07:00:00,66 °C,68 °C,65 °C,52 °C,77 °C,58 °C,63 °C,,51 °C,1864 rpm,1802 rpm,800 rpm,1860 rpm,1757 rpm,1774 rpm,801 rpm,,799 rpm
2026-08-08 09:00:00,68 °C,77 °C,63 °C,57 °C,81 °C,70 °C,59 °C,,72 °C,1762 rpm,1716 rpm,1845 rpm,1401 rpm,1840 rpm,800 rpm,1888 rpm,,1802 rpm
2026-08-08 11:00:00,66 °C,77 °C,60 °C,69 °C,76 °C,83 °C,70 °C,,72 °C,1692 rpm,1801 rpm,1672 rpm,1881 rpm,1848 rpm,1797 rpm,1793 rpm,,1843 rpm
2026-08-08 13:00:00,66 °C,77 °C,66 °C,58 °C,69 °C,81 °C,68 °C,,59 °C,1862 rpm,1837 rpm,1834 rpm,0 rpm,1866 rpm,1825 rpm,801 rpm,,1774 rpm
2026-08-08 15:00:00,78 °C,51 °C,69 °C,69 °C,51 °C,78 °C,58 °C,,73 °C,1846 rpm,799 rpm,1858 rpm,1849 rpm,800 rpm,1751 rpm,800 rpm,,1834 rpm
2026-08-08 17:00:00,69 °C,44 °C,73 °C,59 °C,81 °C,78 °C,69 °C,,79 °C,1776 rpm,800 rpm,1843 rpm,1400 rpm,1689 rpm,1795 rpm,1845 rpm,,1790 rpm
2026-08-08 19:00:00,56 °C,60 °C,59 °C,63 °C,76 °C,80 °C,60 °C,,69 °C,1841 rpm,1849 rpm,1655 rpm,1763 rpm,1693 rpm,800 rpm,1785 rpm,,1820 rpm
2026-08-08 21:00:00,59 °C,64 °C,59 °C,70 °C,65 °C,76 °C,59 °C,,72 °C,800 rpm,800 rpm,800 rpm,1792 rpm,1731 rpm,1763 rpm,1854 rpm,,1790 rpm
2026-08-08 23:00:00,68 °C,72 °C,61 °C,38 °C,72 °C,74 °C,64 °C,,48 °C,1891 rpm,1831 rpm,1679 rpm,1400 rpm,1841 rpm,1834 rpm,1841 rpm,,0 rpm
2026-08-09 01:00:00,56 °C,79 °C,69 °C,45 °C,81 °C,72 °C,57 °C,,47 °C,1869 rpm,1800 rpm,1850 rpm,1871 rpm,801 rpm,1856 rpm,799 rpm,,800 rpm
2026-08-09 03:00:00,68 °C,54 °C,46 °C,70 °C,66 °C,74 °C,58 °C,,66 °C,799 rpm,1834 rpm,800 rpm,1748 rpm,800 rpm,1704 rpm,1835 rpm,,1805 rpm
2026-08-09 05:00:00,57 °C,43 °C,63 °C,66 °C,73 °C,63 °C,60 °C,,70 °C,1855 rpm,800 rpm,1706 rpm,1871 rpm,1911 rpm,800 rpm,1846 rpm,,1879 rpm
2026-08-09 07:00:00,58 °C,74 °C,60 °C,63 °C,59 °C,74 °C,59 °C,,,1903 rpm,1802 rpm,1751 rpm,1746 rpm,1400 rpm,1818 rpm,1868 rpm,,
2026-08-09 09:00:00,74 °C,74 °C,59 °C,60 °C,69 °C,73 °C,54 °C,31 °C,43 °C,1860 rpm,1898 rpm,0 rpm,1844 rpm,1672 rpm,1898 rpm,1870 rpm,1155 rpm,800 rpm
2026-08-09 11:00:00,72 °C,79 °C,69 °C,61 °C,77 °C,71 °C,65 °C,,44 °C,1653 rpm,1876 rpm,1849 rpm,1399 rpm,1401 rpm,800 rpm,1807 rpm,,1035 rpm
2026-08-09 13:00:00,76 °C,84 °C,72 °C,64 °C,54 °C,60 °C,57 °C,,68 °C,1671 rpm,1829 rpm,1837 rpm,1401 rpm,801 rpm,801 rpm,1901 rpm,,1841 rpm
2026-08-09 15:00:00,77 °C,83 °C,70 °C,69 °C,64 °C,53 °C,57 °C,,72 °C,1866 rpm,1864 rpm,800 rpm,1748 rpm,1721 rpm,800 rpm,801 rpm,,1835 rpm
2026-08-09 17:00:00,41 °C,69 °C,65 °C,54 °C,44 °C,65 °C,68 °C,,68 °C,799 rpm,1401 rpm,1776 rpm,1399 rpm,799 rpm,1842 rpm,1840 rpm,,800 rpm
2026-08-09 19:00:00,70 °C,79 °C,65 °C,60 °C,38 °C,78 °C,61 °C,,64 °C,1826 rpm,1868 rpm,1659 rpm,1855 rpm,801 rpm,1804 rpm,1900 rpm,,1749 rpm
2026-08-09 21:00:00,69 °C,65 °C,66 °C,74 °C,53 °C,74 °C,57 °C,,64 °C,1899 rpm,1843 rpm,1653 rpm,1391 rpm,801 rpm,1848 rpm,1792 rpm,,1816 rpm
2026-08-09 23:00:00,71 °C,76 °C,58 °C,65 °C,60 °C,76 °C,57 °C,,74 °C,800 rpm,1401 rpm,1676 rpm,1835 rpm,800 rpm,1889 rpm,1795 rpm,,1865 rpm
2026-08-10 01:00:00,73 °C,66 °C,56 °C,47 °C,37 °C,69 °C,57 °C,,46 °C,1848 rpm,1820 rpm,1693 rpm,800 rpm,800 rpm,800 rpm,799 rpm,,1866 rpm
2026-08-10 03:00:00,74 °C,70 °C,44 °C,37 °C,58 °C,45 °C,66 °C,,71 °C,1899 rpm,1868 rpm,800 rpm,0 rpm,800 rpm,801 rpm,1862 rpm,,1844 rpm
2026-08-10 05:00:00,64 °C,42 °C,59 °C,59 °C,42 °C,69 °C,50 °C,,50 °C,1677 rpm,1401 rpm,801 rpm,800 rpm,800 rpm,1843 rpm,1778 rpm,,800 rpm
2026-08-10 07:00:00,66 °C,48 °C,70 °C,45 °C,54 °C,72 °C,66 °C,,72 °C,1705 rpm,0 rpm,1779 rpm,1399 rpm,800 rpm,1832 rpm,1900 rpm,,1802 rpm
2026-08-10 09:00:00,68 °C,77 °C,72 °C,49 °C,39 °C,76 °C,64 °C,,74 °C,1657 rpm,1892 rpm,1853 rpm,1400 rpm,801 rpm,1833 rpm,1870 rpm,,1803 rpm
2026-08-10 11:00:00,76 °C,66 °C,70 °C,63 °C,77 °C,70 °C,69 °C,,76 °C,1666 rpm,1900 rpm,1860 rpm,1400 rpm,1754 rpm,0 rpm,1837 rpm,,1400 rpm
2026-08-10 13:00:00,87 °C,81 °C,77 °C,59 °C,52 °C,,61 °C,,77 °C,1815 rpm,1697 rpm,1401 rpm,1870 rpm,799 rpm,,1835 rpm,,1859 rpm
2026-08-10 15:00:00,84 °C,83 °C,78 °C,69 °C,66 °C,71 °C,57 °C,,72 °C,1878 rpm,1900 rpm,1665 rpm,1879 rpm,801 rpm,1739 rpm,1867 rpm,,1748 rpm
2026-08-10 17:00:00,73 °C,83 °C,74 °C,46 °C,77 °C,78 °C,71 °C,,60 °C,1721 rpm,1899 rpm,1867 rpm,1400 rpm,800 rpm,1864 rpm,1785 rpm,,1748 rpm
2026-08-10 19:00:00,61 °C,77 °C,68 °C,43 °C,41 °C,78 °C,60 °C,,47 °C,1679 rpm,1778 rpm,1668 rpm,1401 rpm,800 rpm,1888 rpm,1853 rpm,,800 rpm
2026-08-10 21:00:00,69 °C,74 °C,65 °C,76 °C,70 °C,74 °C,61 °C,,37 °C,1852 rpm,1774 rpm,1796 rpm,1836 rpm,1791 rpm,1747 rpm,1864 rpm,,798 rpm
2026-08-10 23:00:00,59 °C,76 °C,60 °C,68 °C,77 °C,77 °C,58 °C,,44 °C,1899 rpm,1753 rpm,1772 rpm,1820 rpm,1829 rpm,1703 rpm,1743 rpm,,800 rpm
2026-08-11 01:00:00,66 °C,78 °C,57 °C,71 °C,46 °C,78 °C,57 °C,,43 °C,1888 rpm,1868 rpm,1899 rpm,1807 rpm,800 rpm,1836 rpm,1754 rpm,,1864 rpm
2026-08-11 03:00:00,61 °C,54 °C,69 °C,72 °C,56 °C,78 °C,70 °C,,58 °C,1902 rpm,1854 rpm,1834 rpm,1841 rpm,799 rpm,1900 rpm,1797 rpm,,1895 rpm
2026-08-11 05:00:00,61 °C,70 °C,60 °C,38 °C,52 °C,76 °C,53 °C,,68 °C,800 rpm,1719 rpm,1400 rpm,800 rpm,800 rpm,1808 rpm,801 rpm,,1892 rpm
2026-08-11 07:00:00,65 °C,56 °C,53 °C,44 °C,36 °C,73 °C,59 °C,,40 °C,1772 rpm,1892 rpm,0 rpm,800 rpm,801 rpm,1815 rpm,1841 rpm,,800 rpm
2026-08-11 09:00:00,65 °C,78 °C,52 °C,40 °C,37 °C,80 °C,58 °C,,63 °C,800 rpm,1745 rpm,0 rpm,1400 rpm,801 rpm,1771 rpm,1801 rpm,,1820 rpm
2026-08-11 11:00:00,76 °C,77 °C,72 °C,63 °C,81 °C,69 °C,70 °C,,73 °C,1899 rpm,1840 rpm,1893 rpm,1902 rpm,1784 rpm,1744 rpm,1795 rpm,,1862 rpm
2026-08-11 13:00:00,72 °C,73 °C,78 °C,49 °C,74 °C,73 °C,56 °C,,54 °C,1851 rpm,1904 rpm,1771 rpm,1401 rpm,1903 rpm,800 rpm,1399 rpm,,1881 rpm
2026-08-11 15:00:00,77 °C,77 °C,57 °C,76 °C,57 °C,81 °C,70 °C,,73 °C,1843 rpm,1857 rpm,1400 rpm,1900 rpm,800 rpm,1867 rpm,1840 rpm,,1807 rpm
2026-08-11 17:00:00,70 °C,74 °C,71 °C,69 °C,77 °C,71 °C,53 °C,,66 °C,799 rpm,1814 rpm,1658 rpm,1827 rpm,1845 rpm,800 rpm,1847 rpm,,1751 rpm
2026-08-11 19:00:00,61 °C,69 °C,69 °C,53 °C,70 °C,73 °C,68 °C,,73 °C,1897 rpm,1848 rpm,1883 rpm,800 rpm,1399 rpm,1902 rpm,1802 rpm,,1854 rpm
2026-08-11 21:00:00,64 °C,58 °C,72 °C,57 °C,71 °C,74 °C,61 °C,,59 °C,800 rpm,1879 rpm,1812 rpm,1874 rpm,1862 rpm,1800 rpm,1787 rpm,,801 rpm
2026-08-11 23:00:00,66 °C,79 °C,61 °C,70 °C,77 °C,72 °C,64 °C,,74 °C,799 rpm,1907 rpm,1841 rpm,1864 rpm,1871 rpm,1899 rpm,1809 rpm,,1737 rpm
2026-08-12 01:00:00,65 °C,70 °C,61 °C,58 °C,69 °C,72 °C,58 °C,,73 °C,1669 rpm,1866 rpm,801 rpm,1400 rpm,1853 rpm,1831 rpm,1841 rpm,,1853 rpm
2026-08-12 03:00:00,59 °C,56 °C,57 °C,58 °C,69 °C,79 °C,61 °C,,51 °C,1852 rpm,1769 rpm,1818 rpm,1885 rpm,1695 rpm,1777 rpm,1844 rpm,,1874 rpm
2026-08-12 05:00:00,59 °C,71 °C,60 °C,70 °C,73 °C,76 °C,58 °C,,65 °C,1754 rpm,1399 rpm,1720 rpm,1899 rpm,1740 rpm,1790 rpm,1900 rpm,,1845 rpm
2026-08-12 07:00:00,68 °C,66 °C,65 °C,77 °C,74 °C,71 °C,65 °C,,71 °C,1823 rpm,1867 rpm,1774 rpm,1826 rpm,1728 rpm,1843 rpm,1849 rpm,,1875 rpm
2026-08-12 09:00:00,71 °C,79 °C,70 °C,72 °C,71 °C,68 °C,68 °C,,73 °C,1851 rpm,1797 rpm,1815 rpm,1901 rpm,800 rpm,1868 rpm,1797 rpm,,1897 rpm
2026-08-12 11:00:00,71 °C,79 °C,78 °C,78 °C,78 °C,81 °C,71 °C,,83 °C,1826 rpm,1866 rpm,1820 rpm,1864 rpm,1875 rpm,1742 rpm,1799 rpm,,1879 rpm
2026-08-12 13:00:00,78 °C,84 °C,71 °C,57 °C,69 °C,69 °C,68 °C,,79 °C,1674 rpm,1689 rpm,1752 rpm,1868 rpm,800 rpm,1829 rpm,1792 rpm,,1834 rpm
2026-08-12 15:00:00,76 °C,87 °C,78 °C,,76 °C,87 °C,71 °C,,74 °C,1860 rpm,1857 rpm,1669 rpm,,1400 rpm,1899 rpm,1847 rpm,,1829 rpm
2026-08-12 17:00:00,76 °C,71 °C,80 °C,,74 °C,90 °C,78 °C,,74 °C,1820 rpm,1401 rpm,1755 rpm,,1915 rpm,1892 rpm,1803 rpm,,1795 rpm
2026-08-12 19:00:00,72 °C,49 °C,69 °C,,58 °C,43 °C,61 °C,,76 °C,1773 rpm,800 rpm,800 rpm,,0 rpm,800 rpm,1762 rpm,,1798 rpm
2026-08-12 21:00:00,72 °C,65 °C,65 °C,,37 °C,81 °C,70 °C,,73 °C,800 rpm,1816 rpm,1654 rpm,,800 rpm,1872 rpm,1754 rpm,,1720 rpm
2026-08-12 23:00:00,69 °C,51 °C,68 °C,37 °C,,79 °C,70 °C,,69 °C,1800 rpm,1773 rpm,1790 rpm,0 rpm,,1840 rpm,1830 rpm,,1777 rpm
2026-08-13 01:00:00,72 °C,70 °C,63 °C,40 °C,,71 °C,53 °C,,57 °C,1685 rpm,1797 rpm,1829 rpm,1043 rpm,,800 rpm,799 rpm,,800 rpm
2026-08-13 03:00:00,,48 °C,63 °C,,,74 °C,59 °C,,72 °C,,1400 rpm,1839 rpm,,,1832 rpm,1840 rpm,,1879 rpm
2026-08-13 05:00:00,,39 °C,61 °C,,,,59 °C,,68 °C,,1400 rpm,1777 rpm,,,,1698 rpm,,1829 rpm
2026-08-13 07:00:00,,43 °C,66 °C,,36 °C,52 °C,63 °C,,63 °C,,1900 rpm,1826 rpm,,0 rpm,1825 rpm,1842 rpm,,1850 rpm
2026-08-13 09:00:00,42 °C,79 °C,60 °C,,77 °C,47 °C,69 °C,,66 °C,0 rpm,1871 rpm,1902 rpm,,1787 rpm,800 rpm,1837 rpm,,1400 rpm
2026-08-13 11:00:00,,77 °C,44 °C,,78 °C,71 °C,65 °C,,74 °C,,1401 rpm,800 rpm,,1842 rpm,800 rpm,1896 rpm,,1400 rpm
2026-08-13 13:00:00,,80 °C,51 °C,,86 °C,86 °C,73 °C,,74 °C,,1839 rpm,1888 rpm,,1856 rpm,1748 rpm,801 rpm,,1399 rpm
2026-08-13 15:00:00,,76 °C,76 °C,,83 °C,84 °C,70 °C,,56 °C,,1867 rpm,1879 rpm,,1679 rpm,1842 rpm,801 rpm,,1893 rpm
2026-08-13 17:00:00,,64 °C,65 °C,,76 °C,80 °C,36 °C,,,,801 rpm,1901 rpm,,1401 rpm,1846 rpm,800 rpm,,
2026-08-13 19:00:00,,58 °C,66 °C,,49 °C,56 °C,70 °C,,,,1399 rpm,1849 rpm,,0 rpm,1783 rpm,1804 rpm,,
2026-08-13 21:00:00,,74 °C,68 °C,,,77 °C,58 °C,,43 °C,,1843 rpm,1840 rpm,,,1791 rpm,1805 rpm,,1902 rpm
2026-08-13 23:00:00,,78 °C,68 °C,,,66 °C,69 °C,,56 °C,,1847 rpm,1401 rpm,,,1902 rpm,1846 rpm,,1677 rpm
2026-08-14 01:00:00,,76 °C,65 °C,30 °C,,76 °C,64 °C,,68 °C,,1875 rpm,1873 rpm,0 rpm,,1729 rpm,1849 rpm,,1841 rpm
2026-08-14 03:00:00,,65 °C,61 °C,33 °C,,73 °C,59 °C,,69 °C,,1855 rpm,1701 rpm,0 rpm,,1902 rpm,1904 rpm,,1786 rpm
2026-08-14 05:00:00,,72 °C,64 °C,,,78 °C,65 °C,,52 °C,,1846 rpm,1877 rpm,,,1857 rpm,1810 rpm,,1901 rpm
2026-08-14 07:00:00,,53 °C,64 °C,,36 °C,54 °C,52 °C,,68 °C,,1884 rpm,1894 rpm,,0 rpm,800 rpm,801 rpm,,1400 rpm
2026-08-14 09:00:00,,69 °C,71 °C,,73 °C,79 °C,63 °C,,65 °C,,1885 rpm,1855 rpm,,1746 rpm,1846 rpm,1806 rpm,,1790 rpm
2026-08-14 11:00:00,,55 °C,56 °C,,80 °C,78 °C,61 °C,,72 °C,,1821 rpm,800 rpm,,1712 rpm,1814 rpm,1825 rpm,,1847 rpm
2026-08-14 13:00:00,,65 °C,76 °C,33 °C,57 °C,84 °C,66 °C,,71 °C,,1737 rpm,1758 rpm,0 rpm,0 rpm,1756 rpm,799 rpm,,1853 rpm
2026-08-14 15:00:00,,69 °C,72 °C,,80 °C,60 °C,65 °C,,50 °C,,1800 rpm,1832 rpm,,1897 rpm,1747 rpm,1857 rpm,,800 rpm
2026-08-14 17:00:00,,58 °C,71 °C,,84 °C,81 °C,52 °C,,59 °C,,0 rpm,1761 rpm,,1816 rpm,1746 rpm,800 rpm,,1844 rpm
2026-08-14 19:00:00,,54 °C,63 °C,,,76 °C,49 °C,,50 °C,,1873 rpm,1667 rpm,,,1857 rpm,1777 rpm,,1400 rpm
2026-08-14 21:00:00,,73 °C,64 °C,,49 °C,74 °C,59 °C,,68 °C,,1769 rpm,1767 rpm,,800 rpm,1832 rpm,1827 rpm,,1851 rpm
2026-08-14 23:00:00,,77 °C,68 °C,31 °C,60 °C,76 °C,61 °C,,76 °C,,1738 rpm,1882 rpm,1904 rpm,1863 rpm,1899 rpm,1800 rpm,,1880 rpm
2026-08-15 01:00:00,,76 °C,68 °C,37 °C,77 °C,61 °C,59 °C,,70 °C,,1736 rpm,1866 rpm,1861 rpm,1815 rpm,1636 rpm,1857 rpm,,1883 rpm
2026-08-15 03:00:00,,61 °C,69 °C,37 °C,56 °C,55 °C,61 °C,,70 °C,,1886 rpm,1871 rpm,801 rpm,800 rpm,1636 rpm,1840 rpm,,1400 rpm
2026-08-15 05:00:00,,51 °C,66 °C,54 °C,72 °C,77 °C,64 °C,,70 °C,,1400 rpm,1649 rpm,1891 rpm,1838 rpm,1849 rpm,1836 rpm,,1777 rpm
2026-08-15 07:00:00,,73 °C,52 °C,,48 °C,54 °C,58 °C,,69 °C,,1836 rpm,1837 rpm,,800 rpm,1729 rpm,1839 rpm,,1871 rpm
2026-08-15 09:00:00,34 °C,79 °C,71 °C,42 °C,39 °C,80 °C,61 °C,,60 °C,0 rpm,1834 rpm,1400 rpm,800 rpm,800 rpm,1828 rpm,1813 rpm,,1778 rpm
2026-08-15 11:00:00,,76 °C,55 °C,70 °C,43 °C,72 °C,66 °C,,70 °C,,1853 rpm,801 rpm,800 rpm,1814 rpm,1770 rpm,1800 rpm,,1865 rpm
2026-08-15 13:00:00,37 °C,68 °C,58 °C,70 °C,59 °C,77 °C,59 °C,,64 °C,800 rpm,1898 rpm,1899 rpm,1903 rpm,1401 rpm,1883 rpm,1782 rpm,,1868 rpm
2026-08-15 15:00:00,39 °C,52 °C,73 °C,72 °C,76 °C,78 °C,71 °C,,52 °C,0 rpm,800 rpm,1667 rpm,1832 rpm,1838 rpm,1862 rpm,1897 rpm,,800 rpm
2026-08-15 17:00:00,42 °C,72 °C,74 °C,72 °C,74 °C,77 °C,63 °C,,64 °C,0 rpm,1900 rpm,1400 rpm,1732 rpm,1808 rpm,1849 rpm,799 rpm,,1817 rpm
2026-08-15 19:00:00,64 °C,45 °C,51 °C,73 °C,73 °C,73 °C,66 °C,,52 °C,1788 rpm,800 rpm,1402 rpm,1863 rpm,1903 rpm,1767 rpm,1794 rpm,,1905 rpm
2026-08-15 21:00:00,74 °C,71 °C,71 °C,54 °C,71 °C,80 °C,60 °C,,74 °C,1866 rpm,1827 rpm,1789 rpm,800 rpm,1670 rpm,801 rpm,1795 rpm,,1801 rpm
2026-08-15 23:00:00,60 °C,69 °C,71 °C,70 °C,66 °C,73 °C,59 °C,,66 °C,801 rpm,1400 rpm,1802 rpm,1911 rpm,1842 rpm,800 rpm,1789 rpm,,1826 rpm
2026-08-16 01:00:00,74 °C,71 °C,61 °C,71 °C,73 °C,79 °C,59 °C,,70 °C,1840 rpm,1902 rpm,1866 rpm,1806 rpm,1840 rpm,800 rpm,1796 rpm,,1860 rpm
2026-08-16 03:00:00,68 °C,50 °C,65 °C,72 °C,73 °C,46 °C,53 °C,,69 °C,1691 rpm,800 rpm,1652 rpm,1865 rpm,1849 rpm,800 rpm,801 rpm,,1740 rpm
2026-08-16 05:00:00,72 °C,63 °C,64 °C,72 °C,57 °C,73 °C,63 °C,,64 °C,1902 rpm,1400 rpm,1661 rpm,1848 rpm,1832 rpm,1839 rpm,1864 rpm,,1841 rpm
2026-08-16 07:00:00,71 °C,77 °C,65 °C,65 °C,61 °C,68 °C,60 °C,,61 °C,1837 rpm,1869 rpm,1841 rpm,1761 rpm,1865 rpm,800 rpm,1784 rpm,,1879 rpm
2026-08-16 09:00:00,73 °C,72 °C,65 °C,77 °C,76 °C,71 °C,71 °C,,73 °C,1823 rpm,1400 rpm,1659 rpm,1399 rpm,800 rpm,800 rpm,1814 rpm,,1832 rpm
2026-08-16 11:00:00,73 °C,55 °C,66 °C,78 °C,70 °C,76 °C,55 °C,,68 °C,0 rpm,800 rpm,1798 rpm,1828 rpm,801 rpm,1823 rpm,0 rpm,,1789 rpm
2026-08-16 13:00:00,73 °C,57 °C,63 °C,78 °C,74 °C,61 °C,46 °C,,69 °C,1877 rpm,1864 rpm,1400 rpm,1882 rpm,1733 rpm,800 rpm,1899 rpm,,1732 rpm
2026-08-16 15:00:00,71 °C,63 °C,79 °C,79 °C,74 °C,51 °C,66 °C,,63 °C,1825 rpm,1844 rpm,1846 rpm,1829 rpm,800 rpm,800 rpm,1763 rpm,,1885 rpm
2026-08-16 17:00:00,70 °C,65 °C,72 °C,76 °C,58 °C,74 °C,66 °C,,61 °C,1739 rpm,1400 rpm,1831 rpm,1864 rpm,1845 rpm,1818 rpm,1838 rpm,,1839 rpm
2026-08-16 19:00:00,71 °C,52 °C,69 °C,57 °C,56 °C,74 °C,68 °C,,47 °C,1745 rpm,801 rpm,1723 rpm,1399 rpm,1757 rpm,1899 rpm,1865 rpm,,1400 rpm
2026-08-16 21:00:00,56 °C,70 °C,70 °C,72 °C,58 °C,78 °C,54 °C,,54 °C,801 rpm,1884 rpm,1853 rpm,1889 rpm,1897 rpm,1818 rpm,1818 rpm,,0 rpm
2026-08-16 23:00:00,57 °C,55 °C,69 °C,71 °C,72 °C,60 °C,58 °C,,56 °C,1901 rpm,800 rpm,1875 rpm,1873 rpm,1795 rpm,1713 rpm,800 rpm,,1489 rpm
2026-08-17 01:00:00,64 °C,74 °C,64 °C,78 °C,73 °C,70 °C,56 °C,,70 °C,1712 rpm,1754 rpm,1688 rpm,1833 rpm,1840 rpm,1880 rpm,1837 rpm,,1399 rpm
2026-08-17 03:00:00,66 °C,54 °C,63 °C,65 °C,70 °C,69 °C,59 °C,,59 °C,1853 rpm,1900 rpm,1899 rpm,1789 rpm,1824 rpm,800 rpm,799 rpm,,1825 rpm
2026-08-17 05:00:00,76 °C,71 °C,68 °C,58 °C,79 °C,66 °C,61 °C,,65 °C,1731 rpm,1858 rpm,1838 rpm,800 rpm,1833 rpm,1845 rpm,1822 rpm,,1862 rpm
2026-08-17 07:00:00,74 °C,76 °C,68 °C,59 °C,58 °C,77 °C,61 °C,,59 °C,1825 rpm,1832 rpm,1908 rpm,1842 rpm,1712 rpm,1839 rpm,1806 rpm,,1797 rpm
2026-08-17 09:00:00,80 °C,79 °C,70 °C,70 °C,56 °C,79 °C,61 °C,,64 °C,801 rpm,1864 rpm,1843 rpm,1822 rpm,800 rpm,1808 rpm,1813 rpm,,1845 rpm
2026-08-17 11:00:00,74 °C,60 °C,73 °C,77 °C,59 °C,63 °C,66 °C,,70 °C,1808 rpm,800 rpm,1838 rpm,1855 rpm,800 rpm,1695 rpm,1806 rpm,,1896 rpm
2026-08-17 13:00:00,53 °C,58 °C,71 °C,58 °C,77 °C,57 °C,58 °C,,78 °C,799 rpm,1705 rpm,1787 rpm,1874 rpm,1790 rpm,1877 rpm,1804 rpm,,1831 rpm
2026-08-17 15:00:00,58 °C,77 °C,78 °C,77 °C,63 °C,57 °C,66 °C,,77 °C,1898 rpm,1828 rpm,1837 rpm,1903 rpm,1901 rpm,1827 rpm,1866 rpm,,1743 rpm
2026-08-17 17:00:00,60 °C,74 °C,70 °C,77 °C,64 °C,71 °C,76 °C,,72 °C,801 rpm,1869 rpm,1876 rpm,1825 rpm,1867 rpm,800 rpm,1831 rpm,,1737 rpm
2026-08-17 19:00:00,72 °C,48 °C,77 °C,76 °C,76 °C,76 °C,70 °C,,51 °C,1650 rpm,800 rpm,1868 rpm,1840 rpm,1848 rpm,1788 rpm,1902 rpm,,121 rpm
2026-08-17 21:00:00,74 °C,59 °C,76 °C,61 °C,72 °C,68 °C,68 °C,,,1857 rpm,1889 rpm,1399 rpm,1884 rpm,1829 rpm,800 rpm,1834 rpm,,
2026-08-17 23:00:00,59 °C,61 °C,72 °C,73 °C,66 °C,73 °C,56 °C,,44 °C,800 rpm,1741 rpm,1848 rpm,1846 rpm,1899 rpm,1838 rpm,1840 rpm,,800 rpm
2026-08-18 01:00:00,76 °C,60 °C,64 °C,71 °C,76 °C,71 °C,69 °C,,69 °C,800 rpm,1894 rpm,1802 rpm,1400 rpm,1899 rpm,1836 rpm,1772 rpm,,1792 rpm
2026-08-18 03:00:00,57 °C,70 °C,60 °C,77 °C,79 °C,72 °C,57 °C,,71 °C,801 rpm,1777 rpm,1719 rpm,1888 rpm,1731 rpm,1812 rpm,1882 rpm,,1852 rpm
2026-08-18 05:00:00,56 °C,51 °C,64 °C,73 °C,76 °C,74 °C,68 °C,,71 °C,1279 rpm,1893 rpm,1851 rpm,1828 rpm,1704 rpm,1843 rpm,1848 rpm,,1821 rpm
2026-08-18 07:00:00,66 °C,52 °C,64 °C,76 °C,73 °C,65 °C,68 °C,,69 °C,1904 rpm,1401 rpm,1852 rpm,1762 rpm,1837 rpm,1848 rpm,1866 rpm,,1889 rpm
2026-08-18 09:00:00,81 °C,52 °C,58 °C,74 °C,71 °C,68 °C,56 °C,,53 °C,1730 rpm,801 rpm,0 rpm,1886 rpm,1838 rpm,1846 rpm,1800 rpm,,0 rpm
2026-08-18 11:00:00,77 °C,78 °C,63 °C,78 °C,58 °C,80 °C,58 °C,,73 °C,1733 rpm,1846 rpm,1833 rpm,1847 rpm,0 rpm,1751 rpm,1836 rpm,,1869 rpm
2026-08-18 13:00:00,81 °C,80 °C,58 °C,78 °C,77 °C,78 °C,65 °C,,76 °C,800 rpm,1818 rpm,800 rpm,1810 rpm,1912 rpm,1694 rpm,1826 rpm,,1801 rpm
2026-08-18 15:00:00,77 °C,55 °C,72 °C,57 °C,79 °C,79 °C,51 °C,,66 °C,1727 rpm,800 rpm,1757 rpm,800 rpm,1676 rpm,800 rpm,801 rpm,,1716 rpm
2026-08-18 17:00:00,72 °C,74 °C,78 °C,,81 °C,78 °C,55 °C,,74 °C,1824 rpm,1892 rpm,1844 rpm,,1813 rpm,800 rpm,799 rpm,,1781 rpm
2026-08-18 19:00:00,76 °C,68 °C,73 °C,,76 °C,76 °C,59 °C,,64 °C,1746 rpm,800 rpm,1816 rpm,,800 rpm,1830 rpm,1866 rpm,,1905 rpm
2026-08-18 21:00:00,72 °C,76 °C,73 °C,,55 °C,74 °C,59 °C,,73 °C,1820 rpm,1835 rpm,1721 rpm,,1898 rpm,800 rpm,1861 rpm,,1759 rpm
2026-08-18 23:00:00,66 °C,79 °C,64 °C,,70 °C,76 °C,58 °C,,71 °C,1652 rpm,1746 rpm,1746 rpm,,1835 rpm,1830 rpm,1900 rpm,,1709 rpm
2026-08-19 01:00:00,51 °C,79 °C,63 °C,,66 °C,74 °C,63 °C,,71 °C,800 rpm,1816 rpm,800 rpm,,1860 rpm,1902 rpm,1793 rpm,,1712 rpm
2026-08-19 03:00:00,70 °C,79 °C,57 °C,,36 °C,76 °C,58 °C,,69 °C,1824 rpm,1797 rpm,1400 rpm,,800 rpm,1866 rpm,800 rpm,,1892 rpm
2026-08-19 05:00:00,69 °C,77 °C,60 °C,,64 °C,74 °C,58 °C,,64 °C,1902 rpm,800 rpm,1680 rpm,,1832 rpm,1701 rpm,1811 rpm,,1751 rpm
2026-08-19 07:00:00,68 °C,61 °C,58 °C,,43 °C,58 °C,66 °C,,72 °C,1781 rpm,1894 rpm,1863 rpm,,800 rpm,1913 rpm,1833 rpm,,1836 rpm
2026-08-19 09:00:00,76 °C,56 °C,58 °C,,60 °C,72 °C,70 °C,,60 °C,1866 rpm,801 rpm,0 rpm,,1901 rpm,1849 rpm,1860 rpm,,1833 rpm
2026-08-19 11:00:00,70 °C,77 °C,71 °C,,72 °C,76 °C,73 °C,,70 °C,1874 rpm,1843 rpm,1878 rpm,,800 rpm,1854 rpm,1798 rpm,,1799 rpm
2026-08-19 13:00:00,79 °C,83 °C,78 °C,,83 °C,79 °C,71 °C,,71 °C,1766 rpm,1855 rpm,1815 rpm,,1902 rpm,801 rpm,1818 rpm,,1900 rpm
2026-08-19 15:00:00,59 °C,69 °C,74 °C,72 °C,87 °C,51 °C,56 °C,,76 °C,1866 rpm,1773 rpm,1889 rpm,1791 rpm,1863 rpm,799 rpm,1856 rpm,,1815 rpm
2026-08-19 17:00:00,74 °C,53 °C,76 °C,81 °C,57 °C,71 °C,78 °C,,70 °C,800 rpm,800 rpm,1808 rpm,801 rpm,800 rpm,800 rpm,1846 rpm,,1735 rpm
2026-08-19 19:00:00,72 °C,66 °C,73 °C,76 °C,64 °C,78 °C,68 °C,,56 °C,1797 rpm,1680 rpm,1816 rpm,1849 rpm,1691 rpm,1794 rpm,1861 rpm,,800 rpm
2026-08-19 21:00:00,70 °C,79 °C,66 °C,68 °C,60 °C,58 °C,71 °C,,59 °C,1832 rpm,1854 rpm,1400 rpm,800 rpm,800 rpm,801 rpm,1878 rpm,,1902 rpm
2026-08-19 23:00:00,73 °C,73 °C,58 °C,60 °C,65 °C,73 °C,53 °C,,71 °C,1804 rpm,1778 rpm,1876 rpm,1741 rpm,1853 rpm,1806 rpm,800 rpm,,1883 rpm
2026-08-20 01:00:00,57 °C,74 °C,53 °C,74 °C,56 °C,61 °C,58 °C,,68 °C,800 rpm,1856 rpm,800 rpm,1774 rpm,800 rpm,800 rpm,1817 rpm,,1901 rpm
2026-08-20 03:00:00,76 °C,60 °C,61 °C,46 °C,51 °C,73 °C,69 °C,,55 °C,1904 rpm,1838 rpm,1399 rpm,1399 rpm,0 rpm,1861 rpm,801 rpm,,800 rpm
2026-08-20 05:00:00,66 °C,59 °C,49 °C,63 °C,54 °C,66 °C,66 °C,,69 °C,1898 rpm,1682 rpm,800 rpm,1851 rpm,1859 rpm,800 rpm,1744 rpm,,1789 rpm
2026-08-20 07:00:00,63 °C,45 °C,65 °C,56 °C,65 °C,69 °C,71 °C,,69 °C,1690 rpm,1401 rpm,1717 rpm,1843 rpm,1681 rpm,800 rpm,1799 rpm,,1800 rpm
2026-08-20 09:00:00,58 °C,79 °C,71 °C,66 °C,79 °C,73 °C,74 °C,,72 °C,1843 rpm,1861 rpm,1399 rpm,1788 rpm,1881 rpm,1841 rpm,1811 rpm,,1878 rpm
2026-08-20 11:00:00,55 °C,52 °C,48 °C,66 °C,83 °C,76 °C,73 °C,,71 °C,800 rpm,1400 rpm,800 rpm,1898 rpm,1848 rpm,1768 rpm,1825 rpm,,1823 rpm
2026-08-20 13:00:00,49 °C,61 °C,43 °C,,83 °C,84 °C,71 °C,,66 °C,800 rpm,1842 rpm,800 rpm,,1903 rpm,1822 rpm,1869 rpm,,1695 rpm
2026-08-20 15:00:00,78 °C,81 °C,47 °C,48 °C,54 °C,83 °C,54 °C,,86 °C,1826 rpm,1726 rpm,800 rpm,800 rpm,0 rpm,1763 rpm,800 rpm,,1701 rpm
2026-08-20 17:00:00,57 °C,68 °C,64 °C,73 °C,73 °C,72 °C,68 °C,,57 °C,1901 rpm,1825 rpm,1834 rpm,1781 rpm,1885 rpm,1792 rpm,800 rpm,,1400 rpm
2026-08-20 19:00:00,70 °C,77 °C,64 °C,72 °C,60 °C,59 °C,65 °C,,70 °C,1870 rpm,1791 rpm,1682 rpm,1793 rpm,1833 rpm,800 rpm,1840 rpm,,1762 rpm
2026-08-20 21:00:00,64 °C,59 °C,68 °C,76 °C,59 °C,61 °C,71 °C,,73 °C,800 rpm,1846 rpm,800 rpm,1866 rpm,1857 rpm,800 rpm,1801 rpm,,1823 rpm
2026-08-20 23:00:00,64 °C,59 °C,68 °C,77 °C,72 °C,68 °C,66 °C,,70 °C,1854 rpm,1894 rpm,1840 rpm,1811 rpm,1853 rpm,1735 rpm,1783 rpm,,1838 rpm
2026-08-21 01:00:00,59 °C,72 °C,59 °C,69 °C,78 °C,68 °C,68 °C,,72 °C,800 rpm,1707 rpm,801 rpm,1835 rpm,1817 rpm,800 rpm,1718 rpm,,1851 rpm
2026-08-21 03:00:00,68 °C,70 °C,41 °C,66 °C,68 °C,71 °C,49 °C,,53 °C,1738 rpm,1865 rpm,1851 rpm,1812 rpm,1798 rpm,1842 rpm,1874 rpm,,800 rpm
2026-08-21 05:00:00,57 °C,57 °C,66 °C,68 °C,71 °C,70 °C,60 °C,,59 °C,801 rpm,1400 rpm,1834 rpm,1847 rpm,1745 rpm,1847 rpm,1846 rpm,,1850 rpm
2026-08-21 07:00:00,69 °C,77 °C,71 °C,76 °C,76 °C,64 °C,63 °C,,72 °C,1866 rpm,1834 rpm,1654 rpm,1842 rpm,1900 rpm,1900 rpm,1853 rpm,,1767 rpm
2026-08-21 09:00:00,68 °C,70 °C,71 °C,71 °C,71 °C,79 °C,61 °C,,69 °C,1798 rpm,1745 rpm,1672 rpm,1401 rpm,1692 rpm,1767 rpm,1883 rpm,,1769 rpm
2026-08-21 11:00:00,70 °C,56 °C,65 °C,74 °C,77 °C,49 °C,74 °C,,76 °C,799 rpm,1400 rpm,1398 rpm,1752 rpm,1826 rpm,800 rpm,1784 rpm,,1847 rpm
2026-08-21 13:00:00,65 °C,73 °C,72 °C,63 °C,54 °C,59 °C,70 °C,,76 °C,800 rpm,1400 rpm,1874 rpm,1897 rpm,800 rpm,1871 rpm,1798 rpm,,1891 rpm
2026-08-21 15:00:00,71 °C,68 °C,63 °C,49 °C,58 °C,52 °C,,,73 °C,1823 rpm,1843 rpm,1883 rpm,800 rpm,1835 rpm,800 rpm,,,1716 rpm
2026-08-21 17:00:00,68 °C,77 °C,77 °C,64 °C,42 °C,79 °C,,,78 °C,1659 rpm,1847 rpm,1400 rpm,1722 rpm,800 rpm,1803 rpm,,,1746 rpm
2026-08-21 19:00:00,73 °C,77 °C,69 °C,71 °C,37 °C,76 °C,,,68 °C,1773 rpm,1845 rpm,1707 rpm,1816 rpm,799 rpm,800 rpm,,,1714 rpm
2026-08-21 21:00:00,71 °C,76 °C,65 °C,47 °C,37 °C,74 °C,36 °C,,70 °C,1902 rpm,1800 rpm,800 rpm,800 rpm,799 rpm,800 rpm,1899 rpm,,1697 rpm
2026-08-21 23:00:00,71 °C,76 °C,68 °C,53 °C,79 °C,77 °C,37 °C,,70 °C,1817 rpm,1796 rpm,800 rpm,1896 rpm,1834 rpm,1867 rpm,1860 rpm,,1895 rpm
2026-08-22 01:00:00,73 °C,,71 °C,72 °C,81 °C,77 °C,36 °C,,68 °C,1833 rpm,,1841 rpm,1852 rpm,1762 rpm,800 rpm,800 rpm,,1850 rpm
2026-08-22 03:00:00,66 °C,35 °C,60 °C,61 °C,44 °C,81 °C,,,71 °C,1850 rpm,800 rpm,1714 rpm,1773 rpm,801 rpm,1848 rpm,,,1889 rpm
2026-08-22 05:00:00,70 °C,38 °C,56 °C,70 °C,39 °C,86 °C,,,68 °C,1688 rpm,1903 rpm,800 rpm,1752 rpm,1857 rpm,1809 rpm,,,1825 rpm
2026-08-22 07:00:00,69 °C,42 °C,68 °C,64 °C,79 °C,84 °C,,,64 °C,1693 rpm,800 rpm,1899 rpm,1850 rpm,1813 rpm,1898 rpm,,,1716 rpm
2026-08-22 09:00:00,57 °C,37 °C,69 °C,71 °C,74 °C,89 °C,,,66 °C,1728 rpm,1353 rpm,1704 rpm,1860 rpm,1802 rpm,1798 rpm,,,1831 rpm
2026-08-22 11:00:00,70 °C,73 °C,77 °C,72 °C,47 °C,84 °C,,,66 °C,1704 rpm,1873 rpm,1848 rpm,1869 rpm,800 rpm,1887 rpm,,,1780 rpm
2026-08-22 13:00:00,60 °C,83 °C,59 °C,76 °C,65 °C,87 °C,,,59 °C,800 rpm,1831 rpm,1843 rpm,1799 rpm,801 rpm,1821 rpm,,,1855 rpm
2026-08-22 15:00:00,58 °C,48 °C,64 °C,58 °C,60 °C,72 °C,,,69 °C,1827 rpm,801 rpm,1892 rpm,1851 rpm,1400 rpm,1885 rpm,,,1850 rpm
2026-08-22 17:00:00,57 °C,44 °C,70 °C,66 °C,68 °C,96 °C,,,70 °C,800 rpm,800 rpm,1899 rpm,800 rpm,1720 rpm,1859 rpm,,,1875 rpm
2026-08-22 19:00:00,66 °C,77 °C,69 °C,65 °C,71 °C,84 °C,,,54 °C,1838 rpm,1858 rpm,1678 rpm,1754 rpm,1841 rpm,1838 rpm,,,1832 rpm
2026-08-22 21:00:00,70 °C,73 °C,69 °C,72 °C,52 °C,54 °C,,,65 °C,800 rpm,1694 rpm,1667 rpm,1855 rpm,1851 rpm,800 rpm,,,1830 rpm
2026-08-22 23:00:00,71 °C,73 °C,68 °C,76 °C,39 °C,76 °C,32 °C,,60 °C,800 rpm,1775 rpm,1893 rpm,1854 rpm,1401 rpm,1876 rpm,800 rpm,,1823 rpm
2026-08-23 01:00:00,59 °C,70 °C,68 °C,72 °C,34 °C,59 °C,46 °C,,71 °C,1845 rpm,1834 rpm,1722 rpm,1836 rpm,800 rpm,1852 rpm,1881 rpm,,1849 rpm
2026-08-23 03:00:00,59 °C,57 °C,66 °C,57 °C,65 °C,76 °C,43 °C,,47 °C,1826 rpm,1855 rpm,1873 rpm,1903 rpm,1764 rpm,1814 rpm,1400 rpm,,1902 rpm
2026-08-23 05:00:00,71 °C,68 °C,65 °C,68 °C,37 °C,74 °C,57 °C,,,1652 rpm,1724 rpm,1807 rpm,1837 rpm,800 rpm,1902 rpm,1867 rpm,,
2026-08-23 07:00:00,69 °C,69 °C,69 °C,76 °C,40 °C,76 °C,63 °C,,,1858 rpm,1751 rpm,1658 rpm,1853 rpm,1399 rpm,1901 rpm,1871 rpm,,
2026-08-23 09:00:00,71 °C,69 °C,64 °C,73 °C,73 °C,77 °C,61 °C,,,799 rpm,1888 rpm,1850 rpm,1892 rpm,1718 rpm,1903 rpm,1838 rpm,,
2026-08-23 11:00:00,74 °C,61 °C,57 °C,78 °C,77 °C,86 °C,63 °C,,40 °C,800 rpm,1770 rpm,1400 rpm,1902 rpm,1858 rpm,1806 rpm,1838 rpm,,0 rpm
2026-08-23 13:00:00,61 °C,83 °C,78 °C,53 °C,77 °C,68 °C,79 °C,,,1853 rpm,1718 rpm,1734 rpm,801 rpm,1708 rpm,1860 rpm,1804 rpm,,
2026-08-23 15:00:00,78 °C,54 °C,65 °C,78 °C,65 °C,90 °C,74 °C,,,1643 rpm,801 rpm,1885 rpm,800 rpm,1400 rpm,1706 rpm,1880 rpm,,
2026-08-23 17:00:00,39 °C,76 °C,53 °C,70 °C,52 °C,40 °C,57 °C,,,0 rpm,1848 rpm,1399 rpm,800 rpm,1851 rpm,801 rpm,1846 rpm,,
2026-08-23 19:00:00,39 °C,69 °C,41 °C,58 °C,52 °C,60 °C,51 °C,,,0 rpm,1844 rpm,1777 rpm,1872 rpm,1862 rpm,1899 rpm,800 rpm,,
2026-08-23 21:00:00,37 °C,72 °C,58 °C,65 °C,34 °C,76 °C,66 °C,,,1896 rpm,1891 rpm,1877 rpm,1827 rpm,800 rpm,1892 rpm,1856 rpm,,
2026-08-23 23:00:00,38 °C,69 °C,53 °C,73 °C,,54 °C,48 °C,,,801 rpm,1823 rpm,1778 rpm,1875 rpm,,1899 rpm,1400 rpm,,
2026-08-24 01:00:00,68 °C,77 °C,58 °C,70 °C,,68 °C,59 °C,,,1877 rpm,1704 rpm,1818 rpm,1832 rpm,,1897 rpm,1853 rpm,,
2026-08-24 03:00:00,76 °C,56 °C,59 °C,80 °C,,76 °C,57 °C,,,1736 rpm,1830 rpm,1677 rpm,1779 rpm,,1723 rpm,1805 rpm,,
2026-08-24 05:00:00,59 °C,66 °C,59 °C,77 °C,,86 °C,48 °C,,,1902 rpm,1834 rpm,1828 rpm,1870 rpm,,1835 rpm,800 rpm,,
2026-08-24 07:00:00,73 °C,66 °C,57 °C,53 °C,,80 °C,56 °C,,,1884 rpm,1877 rpm,1815 rpm,800 rpm,,1813 rpm,1848 rpm,,
2026-08-24 09:00:00,78 °C,76 °C,59 °C,65 °C,30 °C,81 °C,65 °C,,,1860 rpm,1842 rpm,0 rpm,1853 rpm,0 rpm,1825 rpm,1878 rpm,,
2026-08-24 11:00:00,56 °C,79 °C,44 °C,77 °C,,94 °C,66 °C,,,801 rpm,1674 rpm,800 rpm,1849 rpm,,1902 rpm,1851 rpm,,
2026-08-24 13:00:00,80 °C,79 °C,,77 °C,,65 °C,63 °C,,,1683 rpm,1872 rpm,,1830 rpm,,1900 rpm,1806 rpm,,
2026-08-24 15:00:00,83 °C,64 °C,42 °C,80 °C,,44 °C,56 °C,,34 °C,1891 rpm,800 rpm,801 rpm,1884 rpm,,1731 rpm,800 rpm,,799 rpm
2026-08-24 17:00:00,79 °C,72 °C,66 °C,83 °C,,89 °C,72 °C,,40 °C,1685 rpm,1823 rpm,1871 rpm,1842 rpm,,1848 rpm,1839 rpm,,800 rpm
2026-08-24 19:00:00,74 °C,70 °C,68 °C,73 °C,,84 °C,72 °C,,36 °C,1898 rpm,1868 rpm,1776 rpm,1811 rpm,,1792 rpm,1820 rpm,,799 rpm
2026-08-24 21:00:00,58 °C,72 °C,65 °C,73 °C,32 °C,84 °C,63 °C,,34 °C,800 rpm,1750 rpm,1400 rpm,1816 rpm,0 rpm,1902 rpm,1868 rpm,,800 rpm
2026-08-24 23:00:00,64 °C,73 °C,63 °C,70 °C,38 °C,81 °C,58 °C,,49 °C,1835 rpm,1786 rpm,1833 rpm,1901 rpm,800 rpm,1782 rpm,1401 rpm,,800 rpm
2026-08-25 01:00:00,69 °C,66 °C,59 °C,76 °C,,78 °C,68 °C,,66 °C,1840 rpm,1401 rpm,1878 rpm,1834 rpm,,1846 rpm,800 rpm,,1400 rpm
2026-08-25 03:00:00,73 °C,48 °C,65 °C,68 °C,,79 °C,61 °C,,64 °C,1898 rpm,1900 rpm,1874 rpm,1810 rpm,,1843 rpm,1804 rpm,,1691 rpm
2026-08-25 05:00:00,77 °C,50 °C,61 °C,73 °C,,78 °C,64 °C,,71 °C,1628 rpm,1903 rpm,1399 rpm,1399 rpm,,1900 rpm,1900 rpm,,1897 rpm
2026-08-25 07:00:00,76 °C,54 °C,54 °C,64 °C,,80 °C,57 °C,,60 °C,1899 rpm,799 rpm,1727 rpm,1784 rpm,,1705 rpm,1900 rpm,,1853 rpm
2026-08-25 09:00:00,78 °C,60 °C,60 °C,76 °C,,86 °C,38 °C,,64 °C,1913 rpm,1882 rpm,1726 rpm,1166 rpm,,1701 rpm,0 rpm,,1762 rpm
2026-08-25 11:00:00,79 °C,69 °C,66 °C,83 °C,,83 °C,63 °C,,74 °C,1809 rpm,1858 rpm,1748 rpm,1846 rpm,,1829 rpm,1782 rpm,,1804 rpm
2026-08-25 13:00:00,74 °C,58 °C,57 °C,58 °C,,81 °C,74 °C,,63 °C,1824 rpm,1903 rpm,1878 rpm,0 rpm,,1902 rpm,1833 rpm,,1825 rpm
2026-08-25 15:00:00,83 °C,57 °C,59 °C,47 °C,,74 °C,71 °C,,60 °C,1773 rpm,1130 rpm,1400 rpm,1873 rpm,,1862 rpm,1840 rpm,,1760 rpm
2026-08-25 17:00:00,86 °C,78 °C,66 °C,79 °C,,79 °C,64 °C,,68 °C,1897 rpm,1860 rpm,1764 rpm,1879 rpm,,1846 rpm,800 rpm,,1830 rpm
2026-08-25 19:00:00,59 °C,44 °C,56 °C,63 °C,,84 °C,63 °C,,73 °C,0 rpm,0 rpm,1842 rpm,1899 rpm,,1843 rpm,800 rpm,,1762 rpm
2026-08-25 21:00:00,48 °C,59 °C,70 °C,76 °C,,81 °C,70 °C,,76 °C,1863 rpm,1855 rpm,1822 rpm,1854 rpm,,1865 rpm,1850 rpm,,1825 rpm
2026-08-25 23:00:00,44 °C,60 °C,49 °C,78 °C,,83 °C,71 °C,,58 °C,1853 rpm,1902 rpm,1853 rpm,1851 rpm,,1899 rpm,1794 rpm,,1842 rpm
2026-08-26 01:00:00,53 °C,74 °C,66 °C,69 °C,,79 °C,47 °C,,58 °C,1750 rpm,800 rpm,1872 rpm,1721 rpm,,1722 rpm,801 rpm,,1777 rpm
2026-08-26 03:00:00,70 °C,51 °C,70 °C,76 °C,,71 °C,61 °C,,71 °C,1780 rpm,1901 rpm,1850 rpm,1850 rpm,,1898 rpm,1813 rpm,,1807 rpm
2026-08-26 05:00:00,39 °C,60 °C,69 °C,72 °C,,78 °C,48 °C,,69 °C,0 rpm,1840 rpm,1855 rpm,1788 rpm,,1736 rpm,1781 rpm,,1806 rpm
2026-08-26 07:00:00,68 °C,56 °C,65 °C,66 °C,,71 °C,52 °C,,65 °C,1903 rpm,1842 rpm,1673 rpm,1400 rpm,,1698 rpm,1873 rpm,,1870 rpm
2026-08-26 09:00:00,58 °C,76 °C,69 °C,69 °C,,72 °C,65 °C,,72 °C,1888 rpm,1841 rpm,1869 rpm,1844 rpm,,1847 rpm,800 rpm,,1783 rpm
2026-08-26 11:00:00,69 °C,81 °C,70 °C,80 °C,,89 °C,72 °C,,58 °C,1875 rpm,1814 rpm,1744 rpm,1789 rpm,,1851 rpm,1895 rpm,,1905 rpm
2026-08-26 13:00:00,68 °C,58 °C,69 °C,83 °C,,84 °C,74 °C,,76 °C,1901 rpm,1902 rpm,800 rpm,1866 rpm,,1824 rpm,800 rpm,,1896 rpm
2026-08-26 15:00:00,81 °C,81 °C,70 °C,64 °C,,51 °C,53 °C,,68 °C,1853 rpm,1816 rpm,1854 rpm,1744 rpm,,800 rpm,800 rpm,,800 rpm
2026-08-26 17:00:00,77 °C,69 °C,79 °C,81 °C,,79 °C,78 °C,,71 °C,1850 rpm,799 rpm,1725 rpm,1852 rpm,,801 rpm,1794 rpm,,1864 rpm
2026-08-26 19:00:00,66 °C,47 °C,76 °C,74 °C,,78 °C,61 °C,,71 °C,1871 rpm,1401 rpm,1679 rpm,1858 rpm,,800 rpm,1821 rpm,,1855 rpm
2026-08-26 21:00:00,59 °C,69 °C,70 °C,71 °C,,81 °C,70 °C,,70 °C,800 rpm,1711 rpm,800 rpm,1826 rpm,,799 rpm,1847 rpm,,1835 rpm
2026-08-26 23:00:00,68 °C,59 °C,65 °C,74 °C,,79 °C,68 °C,,70 °C,1904 rpm,1901 rpm,1679 rpm,1827 rpm,,1901 rpm,1797 rpm,,1821 rpm
2026-08-27 01:00:00,71 °C,70 °C,66 °C,73 °C,,83 °C,72 °C,,72 °C,1849 rpm,1862 rpm,1735 rpm,1860 rpm,,800 rpm,1794 rpm,,1900 rpm
2026-08-27 03:00:00,59 °C,61 °C,52 °C,74 °C,,78 °C,70 °C,,55 °C,800 rpm,1879 rpm,800 rpm,1890 rpm,,1822 rpm,1838 rpm,,0 rpm
2026-08-27 05:00:00,59 °C,49 °C,,68 °C,,74 °C,66 °C,,69 °C,1768 rpm,800 rpm,,1878 rpm,,1896 rpm,1782 rpm,,1782 rpm
2026-08-27 07:00:00,69 °C,65 °C,,69 °C,,58 °C,65 °C,,73 °C,1740 rpm,1811 rpm,,1823 rpm,,800 rpm,1796 rpm,,1880 rpm
2026-08-27 09:00:00,73 °C,43 °C,,76 °C,,71 °C,63 °C,,60 °C,1897 rpm,1053 rpm,,1835 rpm,,1873 rpm,1901 rpm,,1895 rpm
2026-08-27 11:00:00,76 °C,43 °C,35 °C,81 °C,,78 °C,55 °C,,69 °C,1779 rpm,1603 rpm,799 rpm,1812 rpm,,1882 rpm,1779 rpm,,1766 rpm
2026-08-27 13:00:00,77 °C,55 °C,,81 °C,,74 °C,58 °C,,74 °C,1852 rpm,1886 rpm,,1803 rpm,,1699 rpm,1842 rpm,,1893 rpm
2026-08-27 15:00:00,76 °C,47 °C,,49 °C,,73 °C,70 °C,,70 °C,1732 rpm,800 rpm,,800 rpm,,800 rpm,1813 rpm,,1716 rpm
2026-08-27 17:00:00,74 °C,45 °C,,44 °C,,73 °C,72 °C,,64 °C,1898 rpm,1542 rpm,,1845 rpm,,1901 rpm,1802 rpm,,1769 rpm
2026-08-27 19:00:00,69 °C,39 °C,,43 °C,,76 °C,52 °C,,69 °C,1829 rpm,0 rpm,,1293 rpm,,800 rpm,1728 rpm,,1769 rpm
2026-08-27 21:00:00,72 °C,39 °C,,71 °C,,83 °C,65 °C,,46 °C,1734 rpm,0 rpm,,1897 rpm,,1830 rpm,801 rpm,,800 rpm
2026-08-27 23:00:00,65 °C,35 °C,,70 °C,,81 °C,63 °C,,71 °C,1902 rpm,790 rpm,,1843 rpm,,1822 rpm,800 rpm,,1776 rpm
2026-08-28 01:00:00,,33 °C,,65 °C,,78 °C,58 °C,,56 °C,,800 rpm,,1868 rpm,,1736 rpm,1749 rpm,,1795 rpm
2026-08-28 03:00:00,50 °C,33 °C,,56 °C,,80 °C,66 °C,,69 °C,0 rpm,800 rpm,,1800 rpm,,1804 rpm,1820 rpm,,1871 rpm
2026-08-28 05:00:00,65 °C,56 °C,,59 °C,,76 °C,63 °C,,54 °C,1899 rpm,1246 rpm,,1400 rpm,,800 rpm,1868 rpm,,1856 rpm
2026-08-28 07:00:00,71 °C,68 °C,,37 °C,,76 °C,60 °C,,63 °C,1813 rpm,1866 rpm,,801 rpm,,800 rpm,1900 rpm,,1820 rpm
2026-08-28 09:00:00,77 °C,39 °C,,69 °C,,80 °C,60 °C,,69 °C,1818 rpm,1835 rpm,,1901 rpm,,1845 rpm,1801 rpm,,1798 rpm
2026-08-28 11:00:00,78 °C,42 °C,,66 °C,,81 °C,70 °C,,70 °C,799 rpm,799 rpm,,1847 rpm,,1845 rpm,1829 rpm,,1810 rpm
2026-08-28 13:00:00,,43 °C,,70 °C,,63 °C,74 °C,,68 °C,,801 rpm,,1834 rpm,,1891 rpm,1828 rpm,,1859 rpm
2026-08-28 15:00:00,,77 °C,,53 °C,,86 °C,57 °C,,77 °C,,1836 rpm,,1400 rpm,,1827 rpm,799 rpm,,1776 rpm
2026-08-28 17:00:00,,68 °C,39 °C,77 °C,,81 °C,71 °C,,72 °C,,1400 rpm,800 rpm,1758 rpm,,1728 rpm,1834 rpm,,1755 rpm
2026-08-28 19:00:00,,79 °C,37 °C,42 °C,,71 °C,63 °C,,65 °C,,1861 rpm,801 rpm,1809 rpm,,1845 rpm,1902 rpm,,1817 rpm
2026-08-28 21:00:00,39 °C,49 °C,37 °C,44 °C,,76 °C,64 °C,,70 °C,0 rpm,1834 rpm,0 rpm,1399 rpm,,1876 rpm,1902 rpm,,1749 rpm
2026-08-28 23:00:00,39 °C,76 °C,57 °C,60 °C,,79 °C,52 °C,,66 °C,801 rpm,1401 rpm,1818 rpm,1757 rpm,,800 rpm,800 rpm,,1786 rpm
2026-08-29 01:00:00,52 °C,60 °C,54 °C,37 °C,,80 °C,64 °C,,58 °C,801 rpm,1848 rpm,1648 rpm,1206 rpm,,1843 rpm,1839 rpm,,1862 rpm
2026-08-29 03:00:00,49 °C,,37 °C,70 °C,,69 °C,68 °C,,72 °C,799 rpm,,799 rpm,1873 rpm,,1883 rpm,1837 rpm,,800 rpm
2026-08-29 05:00:00,58 °C,,54 °C,78 °C,,79 °C,60 °C,,63 °C,1818 rpm,,801 rpm,1852 rpm,,1820 rpm,800 rpm,,1706 rpm
2026-08-29 07:00:00,64 °C,,61 °C,78 °C,,53 °C,58 °C,,70 °C,1827 rpm,,1873 rpm,1811 rpm,,1843 rpm,1902 rpm,,1771 rpm
2026-08-29 09:00:00,63 °C,40 °C,39 °C,79 °C,,79 °C,69 °C,,64 °C,1913 rpm,1826 rpm,800 rpm,1801 rpm,,1727 rpm,1794 rpm,,1888 rpm
2026-08-29 11:00:00,70 °C,52 °C,70 °C,83 °C,,69 °C,71 °C,,78 °C,1844 rpm,801 rpm,1828 rpm,1834 rpm,,1850 rpm,800 rpm,,1858 rpm
2026-08-29 13:00:00,69 °C,,60 °C,68 °C,,87 °C,78 °C,,71 °C,1867 rpm,,1843 rpm,1842 rpm,,1902 rpm,1853 rpm,,1904 rpm
2026-08-29 15:00:00,63 °C,,72 °C,78 °C,,80 °C,59 °C,,79 °C,1902 rpm,,1697 rpm,1850 rpm,,1785 rpm,801 rpm,,1855 rpm
2026-08-29 17:00:00,79 °C,,45 °C,83 °C,,80 °C,73 °C,,74 °C,1877 rpm,,800 rpm,1884 rpm,,1899 rpm,1814 rpm,,1811 rpm
2026-08-29 19:00:00,76 °C,,70 °C,54 °C,,81 °C,60 °C,,71 °C,1867 rpm,,1680 rpm,1399 rpm,,1834 rpm,800 rpm,,1795 rpm
2026-08-29 21:00:00,76 °C,,74 °C,53 °C,,66 °C,69 °C,,68 °C,801 rpm,,1848 rpm,801 rpm,,1870 rpm,1869 rpm,,1855 rpm
2026-08-29 23:00:00,73 °C,,64 °C,40 °C,,84 °C,68 °C,,65 °C,1861 rpm,,1828 rpm,1006 rpm,,1791 rpm,1899 rpm,,1860 rpm
2026-08-30 01:00:00,74 °C,,71 °C,58 °C,,58 °C,65 °C,,58 °C,1881 rpm,,1842 rpm,1900 rpm,,1851 rpm,800 rpm,,1790 rpm
2026-08-30 03:00:00,74 °C,,53 °C,70 °C,,80 °C,69 °C,,56 °C,1796 rpm,,1789 rpm,1833 rpm,,1847 rpm,1851 rpm,,1752 rpm
2026-08-30 05:00:00,70 °C,,53 °C,70 °C,,74 °C,63 °C,,59 °C,1894 rpm,,800 rpm,1896 rpm,,1774 rpm,1401 rpm,,1758 rpm
2026-08-30 07:00:00,73 °C,35 °C,61 °C,70 °C,,76 °C,68 °C,,56 °C,1900 rpm,800 rpm,1865 rpm,1399 rpm,,1824 rpm,1801 rpm,,1401 rpm
2026-08-30 09:00:00,79 °C,35 °C,50 °C,78 °C,,83 °C,73 °C,,74 °C,1781 rpm,800 rpm,0 rpm,1736 rpm,,1848 rpm,1862 rpm,,1817 rpm
2026-08-30 11:00:00,78 °C,37 °C,56 °C,61 °C,,84 °C,78 °C,,70 °C,1816 rpm,801 rpm,1400 rpm,0 rpm,,1776 rpm,1802 rpm,,1835 rpm
2026-08-30 13:00:00,77 °C,76 °C,74 °C,41 °C,,83 °C,73 °C,,73 °C,1798 rpm,1709 rpm,1724 rpm,799 rpm,,1777 rpm,1839 rpm,,1819 rpm
2026-08-30 15:00:00,70 °C,79 °C,78 °C,69 °C,,74 °C,71 °C,,72 °C,1810 rpm,1719 rpm,1730 rpm,1612 rpm,,1883 rpm,1802 rpm,,1776 rpm
2026-08-30 17:00:00,72 °C,78 °C,68 °C,71 °C,,54 °C,77 °C,,71 °C,1762 rpm,1871 rpm,1886 rpm,1756 rpm,,800 rpm,1848 rpm,,1830 rpm
2026-08-30 19:00:00,79 °C,74 °C,76 °C,63 °C,,45 °C,64 °C,,64 °C,1783 rpm,1668 rpm,1836 rpm,1838 rpm,,801 rpm,1795 rpm,,1794 rpm
2026-08-30 21:00:00,79 °C,74 °C,77 °C,55 °C,,43 °C,59 °C,,66 °C,1806 rpm,1712 rpm,1685 rpm,1899 rpm,,800 rpm,1798 rpm,,1863 rpm
2026-08-30 23:00:00,74 °C,76 °C,73 °C,77 °C,,78 °C,65 °C,,53 °C,1856 rpm,1864 rpm,801 rpm,800 rpm,,1695 rpm,1881 rpm,,1842 rpm
2026-08-31 01:00:00,80 °C,71 °C,59 °C,68 °C,,58 °C,59 °C,,48 °C,1747 rpm,1722 rpm,800 rpm,1904 rpm,,1845 rpm,1817 rpm,,1751 rpm
2026-08-31 03:00:00,73 °C,71 °C,66 °C,71 °C,,66 °C,66 °C,,54 °C,1808 rpm,1849 rpm,1876 rpm,1803 rpm,,1400 rpm,1804 rpm,,800 rpm
2026-08-31 05:00:00,52 °C,56 °C,58 °C,58 °C,,61 °C,61 °C,,60 °C,1815 rpm,800 rpm,1848 rpm,1877 rpm,,1872 rpm,1902 rpm,,1783 rpm
2026-08-31 07:00:00,55 °C,68 °C,58 °C,64 °C,,63 °C,70 °C,,69 °C,1849 rpm,1653 rpm,1871 rpm,1903 rpm,,1901 rpm,1901 rpm,,1812 rpm
2026-08-31 09:00:00,76 °C,74 °C,53 °C,78 °C,,83 °C,68 °C,,74 °C,1822 rpm,1756 rpm,800 rpm,1881 rpm,,1900 rpm,1850 rpm,,1738 rpm
2026-08-31 11:00:00,78 °C,74 °C,74 °C,84 °C,,86 °C,71 °C,,76 °C,1883 rpm,1703 rpm,1847 rpm,1819 rpm,,1864 rpm,1844 rpm,,1895 rpm
2026-08-31 13:00:00,57 °C,79 °C,73 °C,80 °C,,86 °C,56 °C,,79 °C,1879 rpm,1844 rpm,1400 rpm,1864 rpm,,1839 rpm,800 rpm,,1768 rpm
2026-08-31 15:00:00,80 °C,72 °C,54 °C,61 °C,,87 °C,48 °C,,73 °C,799 rpm,1699 rpm,1400 rpm,0 rpm,,1841 rpm,800 rpm,,1872 rpm
2026-08-31 17:00:00,71 °C,58 °C,73 °C,40 °C,,84 °C,72 °C,,76 °C,1767 rpm,801 rpm,1700 rpm,,,1823 rpm,1830 rpm,,1793 rpm
2026-08-31 19:00:00,79 °C,55 °C,71 °C,40 °C,,79 °C,64 °C,,69 °C,1832 rpm,1898 rpm,1747 rpm,800 rpm,,1747 rpm,1851 rpm,,1761 rpm
2026-08-31 21:00:00,78 °C,65 °C,68 °C,40 °C,,69 °C,63 °C,,68 °C,1902 rpm,1846 rpm,1401 rpm,1883 rpm,,800 rpm,1771 rpm,,1903 rpm
2026-08-31 23:00:00,69 °C,37 °C,65 °C,,,66 °C,53 °C,,59 °C,1807 rpm,800 rpm,1680 rpm,,,801 rpm,800 rpm,,1882 rpm
2026-09-01 01:00:00,63 °C,60 °C,,,,,,,43 °C,1827 rpm,0 rpm,,,,,,,1863 rpm
2026-09-01 03:00:00,60 °C,52 °C,33 °C,30 °C,,,34 °C,,40 °C,1842 rpm,1722 rpm,801 rpm,1903 rpm,,,1873 rpm,,0 rpm
2026-09-01 05:00:00,72 °C,,46 °C,27 °C,,30 °C,,,,1881 rpm,,1855 rpm,800 rpm,,799 rpm,,,
2026-09-01 07:00:00,72 °C,,54 °C,34 °C,,44 °C,33 °C,,40 °C,1814 rpm,,1692 rpm,800 rpm,,800 rpm,800 rpm,,799 rpm
2026-09-01 09:00:00,73 °C,74 °C,56 °C,69 °C,,63 °C,64 °C,,65 °C,1865 rpm,801 rpm,1400 rpm,1848 rpm,,1758 rpm,1859 rpm,,1724 rpm
2026-09-01 11:00:00,76 °C,65 °C,70 °C,69 °C,,79 °C,59 °C,,63 °C,1790 rpm,800 rpm,1848 rpm,1852 rpm,,1787 rpm,1843 rpm,,1898 rpm
2026-09-01 13:00:00,86 °C,79 °C,69 °C,84 °C,,,72 °C,,77 °C,1850 rpm,1854 rpm,1717 rpm,1847 rpm,,,1868 rpm,,1851 rpm
2026-09-01 15:00:00,86 °C,58 °C,70 °C,81 °C,,,57 °C,,64 °C,1787 rpm,800 rpm,1849 rpm,1876 rpm,,,1883 rpm,,1399 rpm
2026-09-01 17:00:00,,41 °C,51 °C,53 °C,,,65 °C,,56 °C,,0 rpm,799 rpm,1400 rpm,,,1833 rpm,,800 rpm
2026-09-01 19:00:00,,,36 °C,77 °C,,,,,,,,801 rpm,1852 rpm,,,,,
2026-09-01 21:00:00,,,35 °C,35 °C,,31 °C,46 °C,,,,,800 rpm,1898 rpm,,1367 rpm,800 rpm,,
2026-09-01 23:00:00,,,55 °C,47 °C,,57 °C,50 °C,,36 °C,,,1670 rpm,801 rpm,,1754 rpm,800 rpm,,801 rpm
2026-09-02 01:00:00,28 °C,34 °C,58 °C,69 °C,,37 °C,64 °C,,38 °C,800 rpm,1812 rpm,1835 rpm,1878 rpm,,800 rpm,1780 rpm,,1155 rpm
2026-09-02 03:00:00,32 °C,48 °C,66 °C,55 °C,,35 °C,45 °C,,60 °C,800 rpm,799 rpm,1823 rpm,1904 rpm,,800 rpm,1862 rpm,,1724 rpm
2026-09-02 05:00:00,48 °C,61 °C,66 °C,76 °C,,64 °C,53 °C,,58 °C,800 rpm,1811 rpm,1839 rpm,1844 rpm,,1835 rpm,1898 rpm,,0 rpm
2026-09-02 07:00:00,38 °C,47 °C,60 °C,76 °C,,73 °C,55 °C,,66 °C,800 rpm,800 rpm,1701 rpm,1845 rpm,,1721 rpm,1400 rpm,,1839 rpm
2026-09-02 09:00:00,71 °C,60 °C,57 °C,80 °C,,77 °C,53 °C,,57 °C,1892 rpm,1882 rpm,800 rpm,1816 rpm,,1846 rpm,1852 rpm,,1400 rpm
2026-09-02 11:00:00,74 °C,57 °C,66 °C,80 °C,,84 °C,73 °C,,73 °C,1896 rpm,1400 rpm,1833 rpm,1860 rpm,,1841 rpm,1826 rpm,,1747 rpm
2026-09-02 13:00:00,52 °C,57 °C,73 °C,71 °C,,79 °C,52 °C,,80 °C,800 rpm,1401 rpm,1902 rpm,800 rpm,,,1399 rpm,,1858 rpm
2026-09-02 15:00:00,47 °C,79 °C,73 °C,80 °C,,86 °C,59 °C,,73 °C,800 rpm,1848 rpm,1697 rpm,1834 rpm,,,0 rpm,,1916 rpm
2026-09-02 17:00:00,74 °C,76 °C,80 °C,63 °C,,77 °C,74 °C,,48 °C,1834 rpm,1843 rpm,1703 rpm,1796 rpm,,800 rpm,1867 rpm,,1836 rpm
2026-09-02 19:00:00,78 °C,72 °C,76 °C,80 °C,,76 °C,70 °C,,70 °C,1896 rpm,1832 rpm,1866 rpm,1844 rpm,,1800 rpm,1831 rpm,,1718 rpm
2026-09-02 21:00:00,78 °C,74 °C,71 °C,72 °C,,72 °C,71 °C,,53 °C,1787 rpm,1885 rpm,1670 rpm,1827 rpm,,1803 rpm,1772 rpm,,1728 rpm
2026-09-02 23:00:00,72 °C,61 °C,56 °C,78 °C,,63 °C,66 °C,,64 °C,1898 rpm,1849 rpm,1850 rpm,1744 rpm,,1691 rpm,1836 rpm,,1892 rpm
2026-09-03 01:00:00,70 °C,63 °C,63 °C,58 °C,,74 °C,48 °C,,68 °C,1862 rpm,1908 rpm,1714 rpm,800 rpm,,1899 rpm,801 rpm,,1777 rpm
2026-09-03 03:00:00,60 °C,57 °C,66 °C,79 °C,,77 °C,59 °C,,59 °C,1898 rpm,1841 rpm,1857 rpm,1888 rpm,,1824 rpm,1817 rpm,,1838 rpm
2026-09-03 05:00:00,54 °C,53 °C,60 °C,72 °C,,79 °C,57 °C,,58 °C,1724 rpm,1862 rpm,801 rpm,1864 rpm,,800 rpm,1781 rpm,,1880 rpm
2026-09-03 07:00:00,64 °C,60 °C,65 °C,79 °C,,78 °C,64 °C,,54 °C,1793 rpm,1794 rpm,1762 rpm,1852 rpm,,1809 rpm,1851 rpm,,1859 rpm
2026-09-03 09:00:00,65 °C,72 °C,57 °C,83 °C,,68 °C,64 °C,,66 °C,1756 rpm,1830 rpm,799 rpm,1898 rpm,,800 rpm,1849 rpm,,1878 rpm
2026-09-03 11:00:00,74 °C,69 °C,73 °C,78 °C,,83 °C,66 °C,,68 °C,1843 rpm,1810 rpm,1700 rpm,1742 rpm,,1753 rpm,1869 rpm,,800 rpm
2026-09-03 13:00:00,59 °C,60 °C,77 °C,86 °C,,78 °C,45 °C,,69 °C,1792 rpm,1769 rpm,1896 rpm,1851 rpm,,1769 rpm,800 rpm,,1858 rpm
2026-09-03 15:00:00,78 °C,78 °C,68 °C,70 °C,,57 °C,45 °C,,70 °C,1841 rpm,1808 rpm,1901 rpm,1399 rpm,,1824 rpm,800 rpm,,1876 rpm
2026-09-03 17:00:00,71 °C,63 °C,58 °C,84 °C,,86 °C,54 °C,,66 °C,1792 rpm,1838 rpm,1698 rpm,1763 rpm,,1840 rpm,1870 rpm,,1843 rpm
2026-09-03 19:00:00,70 °C,60 °C,68 °C,76 °C,,81 °C,56 °C,,72 °C,1339 rpm,1335 rpm,1904 rpm,1808 rpm,,800 rpm,800 rpm,,1846 rpm
2026-09-03 21:00:00,59 °C,65 °C,61 °C,77 °C,,84 °C,54 °C,,66 °C,1835 rpm,1875 rpm,1843 rpm,1896 rpm,,1829 rpm,1869 rpm,,1790 rpm
2026-09-03 23:00:00,68 °C,63 °C,57 °C,71 °C,,77 °C,56 °C,,69 °C,800 rpm,1816 rpm,1851 rpm,1788 rpm,,1889 rpm,1800 rpm,,1815 rpm
2026-09-04 01:00:00,55 °C,58 °C,54 °C,64 °C,,78 °C,69 °C,,53 °C,1782 rpm,1844 rpm,1868 rpm,1866 rpm,,1296 rpm,1829 rpm,,1038 rpm
2026-09-04 03:00:00,73 °C,74 °C,56 °C,65 °C,,79 °C,72 °C,,54 °C,1672 rpm,1869 rpm,1847 rpm,1802 rpm,,799 rpm,1400 rpm,,1767 rpm
2026-09-04 05:00:00,66 °C,64 °C,44 °C,65 °C,,81 °C,66 °C,,63 °C,1898 rpm,1898 rpm,800 rpm,800 rpm,,1901 rpm,1801 rpm,,1792 rpm
2026-09-04 07:00:00,55 °C,49 °C,57 °C,,,73 °C,60 °C,,49 °C,1779 rpm,800 rpm,1836 rpm,,,1813 rpm,1882 rpm,,1862 rpm
2026-09-04 09:00:00,79 °C,73 °C,66 °C,,,71 °C,66 °C,,57 °C,1754 rpm,1869 rpm,800 rpm,,,1845 rpm,1789 rpm,,1400 rpm
2026-09-04 11:00:00,79 °C,78 °C,68 °C,57 °C,33 °C,83 °C,66 °C,,61 °C,1875 rpm,1844 rpm,1728 rpm,0 rpm,0 rpm,1855 rpm,1795 rpm,,1768 rpm
2026-09-04 13:00:00,68 °C,58 °C,59 °C,76 °C,34 °C,79 °C,73 °C,,72 °C,1765 rpm,1883 rpm,1836 rpm,1852 rpm,0 rpm,1839 rpm,1806 rpm,,1878 rpm
2026-09-04 15:00:00,69 °C,66 °C,77 °C,71 °C,35 °C,81 °C,59 °C,,69 °C,0 rpm,1861 rpm,1865 rpm,1866 rpm,0 rpm,800 rpm,0 rpm,,1828 rpm
2026-09-04 17:00:00,66 °C,60 °C,77 °C,70 °C,,71 °C,73 °C,,72 °C,800 rpm,800 rpm,1881 rpm,1778 rpm,,1754 rpm,1833 rpm,,800 rpm
2026-09-04 19:00:00,54 °C,46 °C,59 °C,57 °C,,53 °C,69 °C,,51 °C,798 rpm,800 rpm,1793 rpm,1836 rpm,,801 rpm,1838 rpm,,1829 rpm
2026-09-04 21:00:00,70 °C,42 °C,66 °C,72 °C,,73 °C,72 °C,,63 °C,1903 rpm,1400 rpm,1658 rpm,1847 rpm,,1806 rpm,1853 rpm,,1905 rpm
2026-09-04 23:00:00,69 °C,63 °C,55 °C,78 °C,,74 °C,72 °C,,49 °C,1899 rpm,1862 rpm,1888 rpm,1842 rpm,,800 rpm,1800 rpm,,1900 rpm
2026-09-05 01:00:00,59 °C,68 °C,58 °C,58 °C,,73 °C,69 °C,,57 °C,800 rpm,1884 rpm,1837 rpm,1400 rpm,,1899 rpm,1833 rpm,,1885 rpm
2026-09-05 03:00:00,49 °C,64 °C,56 °C,64 °C,,77 °C,69 °C,,63 °C,1835 rpm,1819 rpm,1760 rpm,1401 rpm,,1848 rpm,1812 rpm,,1817 rpm
2026-09-05 05:00:00,70 °C,65 °C,56 °C,64 °C,,80 °C,65 °C,,70 °C,1902 rpm,1803 rpm,1821 rpm,801 rpm,,1835 rpm,1836 rpm,,1812 rpm
2026-09-05 07:00:00,57 °C,54 °C,57 °C,47 °C,,54 °C,68 °C,,66 °C,1894 rpm,1758 rpm,799 rpm,1400 rpm,,1898 rpm,1817 rpm,,1739 rpm
2026-09-05 09:00:00,80 °C,69 °C,73 °C,69 °C,,79 °C,70 °C,,73 °C,1861 rpm,1778 rpm,1903 rpm,1756 rpm,,1855 rpm,1903 rpm,,1400 rpm
2026-09-05 11:00:00,76 °C,72 °C,71 °C,72 °C,,79 °C,68 °C,,63 °C,1711 rpm,1863 rpm,1783 rpm,1400 rpm,,800 rpm,1794 rpm,,800 rpm
2026-09-05 13:00:00,83 °C,73 °C,73 °C,58 °C,,80 °C,71 °C,,66 °C,1854 rpm,1836 rpm,1726 rpm,1881 rpm,,1809 rpm,1902 rpm,,1768 rpm
2026-09-05 15:00:00,81 °C,73 °C,76 °C,54 °C,36 °C,,57 °C,,65 °C,1887 rpm,1813 rpm,1803 rpm,800 rpm,858 rpm,,799 rpm,,1860 rpm
2026-09-05 17:00:00,57 °C,71 °C,78 °C,74 °C,37 °C,,70 °C,,70 °C,0 rpm,1874 rpm,1852 rpm,1846 rpm,800 rpm,,1900 rpm,,801 rpm
2026-09-05 19:00:00,69 °C,66 °C,72 °C,72 °C,,56 °C,73 °C,,63 °C,1870 rpm,1860 rpm,1821 rpm,1821 rpm,,1814 rpm,1860 rpm,,1883 rpm
2026-09-05 21:00:00,59 °C,63 °C,72 °C,79 °C,33 °C,74 °C,66 °C,,73 °C,1660 rpm,800 rpm,1860 rpm,1651 rpm,800 rpm,1865 rpm,1843 rpm,,1728 rpm
2026-09-05 23:00:00,72 °C,69 °C,73 °C,70 °C,31 °C,70 °C,53 °C,,64 °C,800 rpm,1825 rpm,1668 rpm,1770 rpm,800 rpm,1700 rpm,1850 rpm,,1850 rpm
2026-09-06 01:00:00,66 °C,65 °C,68 °C,70 °C,31 °C,80 °C,68 °C,,54 °C,1813 rpm,1777 rpm,1898 rpm,1857 rpm,800 rpm,800 rpm,1400 rpm,,1865 rpm
2026-09-06 03:00:00,69 °C,56 °C,66 °C,60 °C,30 °C,71 °C,60 °C,,64 °C,1815 rpm,1897 rpm,1865 rpm,1400 rpm,800 rpm,1796 rpm,800 rpm,,1826 rpm
2026-09-06 05:00:00,79 °C,68 °C,71 °C,72 °C,,79 °C,66 °C,,63 °C,1698 rpm,1794 rpm,1897 rpm,1785 rpm,,1740 rpm,1837 rpm,,1733 rpm
2026-09-06 07:00:00,77 °C,64 °C,72 °C,57 °C,,71 °C,66 °C,,72 °C,1776 rpm,1871 rpm,1840 rpm,1910 rpm,,1837 rpm,1808 rpm,,1850 rpm
2026-09-06 09:00:00,60 °C,73 °C,55 °C,60 °C,35 °C,58 °C,76 °C,,71 °C,1902 rpm,1795 rpm,801 rpm,1400 rpm,1541 rpm,,1802 rpm,,1766 rpm
2026-09-06 11:00:00,55 °C,83 °C,81 °C,74 °C,41 °C,76 °C,70 °C,,73 °C,1840 rpm,1851 rpm,1853 rpm,1785 rpm,801 rpm,1401 rpm,1748 rpm,,1782 rpm
2026-09-06 13:00:00,73 °C,78 °C,70 °C,78 °C,41 °C,74 °C,71 °C,,79 °C,1839 rpm,1803 rpm,1841 rpm,1880 rpm,800 rpm,1652 rpm,1400 rpm,,800 rpm
2026-09-06 15:00:00,56 °C,76 °C,76 °C,49 °C,39 °C,,76 °C,,57 °C,799 rpm,1800 rpm,800 rpm,800 rpm,800 rpm,,799 rpm,,1879 rpm
2026-09-06 17:00:00,77 °C,78 °C,74 °C,79 °C,38 °C,,59 °C,,76 °C,1840 rpm,1814 rpm,1831 rpm,1830 rpm,800 rpm,,1811 rpm,,800 rpm
2026-09-06 19:00:00,76 °C,70 °C,74 °C,68 °C,,,56 °C,,69 °C,1841 rpm,1852 rpm,1863 rpm,1856 rpm,,,1790 rpm,,1797 rpm
2026-09-06 21:00:00,58 °C,68 °C,73 °C,73 °C,34 °C,40 °C,69 °C,,52 °C,1907 rpm,800 rpm,1730 rpm,1904 rpm,798 rpm,0 rpm,1853 rpm,,800 rpm
2026-09-06 23:00:00,73 °C,65 °C,68 °C,72 °C,,,71 °C,,70 °C,1839 rpm,1798 rpm,1826 rpm,1824 rpm,,,1829 rpm,,1788 rpm
2026-09-07 01:00:00,74 °C,63 °C,56 °C,41 °C,,,70 °C,,69 °C,1904 rpm,1834 rpm,800 rpm,1284 rpm,,,1783 rpm,,1792 rpm
2026-09-07 03:00:00,77 °C,55 °C,65 °C,37 °C,,,60 °C,,50 °C,1802 rpm,1764 rpm,1692 rpm,1091 rpm,,,1845 rpm,,1865 rpm
2026-09-07 05:00:00,59 °C,66 °C,52 °C,71 °C,,,64 °C,,73 °C,1838 rpm,1860 rpm,1661 rpm,1819 rpm,,,1784 rpm,,1867 rpm
2026-09-07 07:00:00,78 °C,74 °C,71 °C,57 °C,,,71 °C,,70 °C,1845 rpm,1830 rpm,1895 rpm,1868 rpm,,,1834 rpm,,1859 rpm
2026-09-07 09:00:00,72 °C,73 °C,56 °C,68 °C,,,64 °C,,65 °C,1785 rpm,1850 rpm,800 rpm,1400 rpm,,,1865 rpm,,1882 rpm
2026-09-07 11:00:00,60 °C,73 °C,78 °C,61 °C,,,68 °C,,61 °C,800 rpm,1844 rpm,1724 rpm,1400 rpm,,,1833 rpm,,1782 rpm
2026-09-07 13:00:00,57 °C,79 °C,60 °C,76 °C,,,72 °C,,65 °C,800 rpm,1899 rpm,800 rpm,1850 rpm,,,1836 rpm,,1810 rpm
2026-09-07 15:00:00,70 °C,79 °C,78 °C,73 °C,36 °C,,77 °C,,64 °C,1874 rpm,1843 rpm,1860 rpm,1883 rpm,800 rpm,,1799 rpm,,1883 rpm
2026-09-07 17:00:00,58 °C,63 °C,58 °C,57 °C,35 °C,51 °C,56 °C,,41 °C,1883 rpm,1865 rpm,1850 rpm,800 rpm,1897 rpm,803 rpm,1854 rpm,,800 rpm
2026-09-07 19:00:00,68 °C,68 °C,73 °C,66 °C,,76 °C,69 °C,,57 °C,1826 rpm,801 rpm,1688 rpm,1833 rpm,,1865 rpm,1900 rpm,,1781 rpm
2026-09-07 21:00:00,57 °C,71 °C,71 °C,70 °C,,79 °C,58 °C,,66 °C,1847 rpm,1871 rpm,1806 rpm,1749 rpm,,1844 rpm,1780 rpm,,1729 rpm
2026-09-07 23:00:00,49 °C,72 °C,73 °C,63 °C,36 °C,74 °C,61 °C,,73 °C,800 rpm,1863 rpm,1864 rpm,1844 rpm,801 rpm,1788 rpm,800 rpm,,1901 rpm
2026-09-08 01:00:00,65 °C,47 °C,69 °C,72 °C,32 °C,79 °C,68 °C,,60 °C,1887 rpm,1477 rpm,1877 rpm,1853 rpm,0 rpm,1878 rpm,1837 rpm,,801 rpm
2026-09-08 03:00:00,63 °C,40 °C,63 °C,65 °C,30 °C,83 °C,56 °C,,53 °C,1865 rpm,1848 rpm,1892 rpm,1866 rpm,801 rpm,1849 rpm,800 rpm,,800 rpm
2026-09-08 05:00:00,52 °C,68 °C,76 °C,58 °C,,80 °C,63 °C,,68 °C,1890 rpm,1874 rpm,1701 rpm,1707 rpm,,800 rpm,1857 rpm,,1818 rpm
2026-09-08 07:00:00,43 °C,65 °C,72 °C,57 °C,,77 °C,64 °C,,68 °C,0 rpm,1862 rpm,1772 rpm,1400 rpm,,1791 rpm,1808 rpm,,1841 rpm
2026-09-08 09:00:00,43 °C,64 °C,74 °C,72 °C,33 °C,73 °C,56 °C,,60 °C,0 rpm,1881 rpm,1910 rpm,1899 rpm,0 rpm,1783 rpm,1836 rpm,,1865 rpm
2026-09-08 11:00:00,40 °C,70 °C,69 °C,81 °C,33 °C,76 °C,59 °C,,74 °C,1845 rpm,1842 rpm,1871 rpm,1400 rpm,0 rpm,,1864 rpm,,1750 rpm
2026-09-08 13:00:00,58 °C,71 °C,76 °C,73 °C,39 °C,87 °C,59 °C,,68 °C,1878 rpm,1784 rpm,1401 rpm,1786 rpm,800 rpm,,1882 rpm,,1824 rpm
2026-09-08 15:00:00,58 °C,78 °C,76 °C,69 °C,44 °C,84 °C,49 °C,,70 °C,100 rpm,1834 rpm,1711 rpm,1906 rpm,800 rpm,1701 rpm,1401 rpm,,1856 rpm
2026-09-08 17:00:00,,65 °C,79 °C,60 °C,44 °C,89 °C,52 °C,,57 °C,,1767 rpm,1701 rpm,1399 rpm,1892 rpm,800 rpm,1400 rpm,,1859 rpm
2026-09-08 19:00:00,,71 °C,72 °C,48 °C,43 °C,77 °C,68 °C,,69 °C,,1817 rpm,1810 rpm,801 rpm,800 rpm,1903 rpm,801 rpm,,1801 rpm
2026-09-08 21:00:00,38 °C,46 °C,72 °C,69 °C,60 °C,83 °C,58 °C,,68 °C,799 rpm,0 rpm,1673 rpm,1801 rpm,1830 rpm,1757 rpm,1400 rpm,,1854 rpm
2026-09-08 23:00:00,,64 °C,66 °C,43 °C,57 °C,80 °C,63 °C,,66 °C,,1864 rpm,1812 rpm,800 rpm,1858 rpm,1839 rpm,800 rpm,,1829 rpm
2026-09-09 01:00:00,32 °C,66 °C,57 °C,69 °C,59 °C,77 °C,54 °C,,66 °C,0 rpm,1838 rpm,1879 rpm,1861 rpm,1835 rpm,1899 rpm,800 rpm,,1795 rpm
2026-09-09 03:00:00,,56 °C,69 °C,43 °C,71 °C,77 °C,68 °C,,64 °C,,1882 rpm,1820 rpm,,1706 rpm,1878 rpm,1836 rpm,,800 rpm
2026-09-09 05:00:00,,58 °C,57 °C,32 °C,66 °C,77 °C,66 °C,,59 °C,,1788 rpm,1823 rpm,800 rpm,1768 rpm,1679 rpm,1783 rpm,,800 rpm
2026-09-09 07:00:00,,60 °C,52 °C,56 °C,60 °C,81 °C,69 °C,,76 °C,,1399 rpm,1659 rpm,800 rpm,1822 rpm,1714 rpm,1834 rpm,,1810 rpm
2026-09-09 09:00:00,37 °C,69 °C,,77 °C,73 °C,81 °C,59 °C,,71 °C,672 rpm,1845 rpm,,1401 rpm,1888 rpm,1767 rpm,1843 rpm,,1902 rpm
2026-09-09 11:00:00,37 °C,69 °C,49 °C,79 °C,74 °C,86 °C,64 °C,,76 °C,0 rpm,1807 rpm,1836 rpm,800 rpm,1798 rpm,1707 rpm,1802 rpm,,1753 rpm
2026-09-09 13:00:00,,68 °C,54 °C,63 °C,69 °C,83 °C,66 °C,,78 °C,,1400 rpm,1845 rpm,0 rpm,1872 rpm,1844 rpm,1811 rpm,,1869 rpm
2026-09-09 15:00:00,41 °C,76 °C,61 °C,84 °C,56 °C,77 °C,54 °C,,78 °C,799 rpm,1876 rpm,1673 rpm,1825 rpm,0 rpm,,801 rpm,,1847 rpm
2026-09-09 17:00:00,,72 °C,73 °C,78 °C,54 °C,65 °C,66 °C,,49 °C,,1833 rpm,1681 rpm,1816 rpm,800 rpm,800 rpm,1842 rpm,,0 rpm
2026-09-09 19:00:00,,73 °C,72 °C,58 °C,59 °C,76 °C,66 °C,,,,1815 rpm,1693 rpm,1839 rpm,1854 rpm,1903 rpm,1857 rpm,,
2026-09-09 21:00:00,37 °C,53 °C,71 °C,57 °C,59 °C,73 °C,70 °C,,38 °C,0 rpm,1842 rpm,1739 rpm,1863 rpm,800 rpm,1903 rpm,1880 rpm,,0 rpm
2026-09-09 23:00:00,,46 °C,70 °C,56 °C,65 °C,74 °C,60 °C,,,,800 rpm,1793 rpm,1399 rpm,799 rpm,1841 rpm,1815 rpm,,
2026-09-10 01:00:00,,35 °C,60 °C,64 °C,44 °C,63 °C,50 °C,,32 °C,,1401 rpm,1399 rpm,1863 rpm,800 rpm,1695 rpm,1877 rpm,,0 rpm
2026-09-10 03:00:00,,56 °C,72 °C,69 °C,71 °C,74 °C,54 °C,,31 °C,,1400 rpm,1861 rpm,1839 rpm,1898 rpm,1848 rpm,800 rpm,,0 rpm
2026-09-10 05:00:00,,60 °C,73 °C,74 °C,68 °C,68 °C,72 °C,,,,1804 rpm,1860 rpm,1902 rpm,1861 rpm,1852 rpm,1817 rpm,,
2026-09-10 07:00:00,,52 °C,71 °C,76 °C,73 °C,73 °C,63 °C,,,,1834 rpm,1837 rpm,1831 rpm,1827 rpm,1828 rpm,1824 rpm,,
2026-09-10 09:00:00,,,71 °C,81 °C,65 °C,83 °C,69 °C,,,,,1848 rpm,1741 rpm,1710 rpm,1693 rpm,1796 rpm,,
2026-09-10 11:00:00,,39 °C,77 °C,81 °C,77 °C,59 °C,58 °C,,,,0 rpm,1728 rpm,1817 rpm,799 rpm,1849 rpm,1867 rpm,,
2026-09-10 13:00:00,,41 °C,79 °C,80 °C,58 °C,83 °C,,,,,0 rpm,1840 rpm,1777 rpm,1707 rpm,,,,
2026-09-10 15:00:00,,40 °C,79 °C,66 °C,61 °C,77 °C,,,,,0 rpm,1696 rpm,1835 rpm,1717 rpm,1723 rpm,,,
2026-09-10 17:00:00,,38 °C,80 °C,65 °C,69 °C,83 °C,43 °C,,,,0 rpm,1852 rpm,1400 rpm,1877 rpm,1852 rpm,1899 rpm,,
2026-09-10 19:00:00,,42 °C,74 °C,74 °C,59 °C,68 °C,64 °C,,,,1753 rpm,1698 rpm,1847 rpm,1706 rpm,1900 rpm,1901 rpm,,
2026-09-10 21:00:00,,73 °C,72 °C,68 °C,59 °C,66 °C,61 °C,,,,1837 rpm,1669 rpm,1399 rpm,1864 rpm,1840 rpm,1884 rpm,,
2026-09-10 23:00:00,,40 °C,69 °C,70 °C,59 °C,74 °C,72 °C,,,,0 rpm,1855 rpm,1794 rpm,1749 rpm,1799 rpm,1810 rpm,,
2026-09-11 01:00:00,,58 °C,68 °C,74 °C,60 °C,74 °C,68 °C,,,,1738 rpm,1671 rpm,1840 rpm,1728 rpm,1722 rpm,1812 rpm,,
2026-09-11 03:00:00,30 °C,59 °C,66 °C,64 °C,38 °C,70 °C,59 °C,,29 °C,0 rpm,1838 rpm,1707 rpm,1831 rpm,800 rpm,1849 rpm,1830 rpm,,0 rpm
2026-09-11 05:00:00,,59 °C,66 °C,73 °C,59 °C,77 °C,72 °C,,,,1808 rpm,1895 rpm,1816 rpm,1399 rpm,1883 rpm,1849 rpm,,
2026-09-11 07:00:00,,66 °C,72 °C,72 °C,65 °C,79 °C,60 °C,,,,1400 rpm,1872 rpm,1832 rpm,1876 rpm,1855 rpm,1815 rpm,,
2026-09-11 09:00:00,32 °C,41 °C,68 °C,73 °C,65 °C,73 °C,71 °C,,,800 rpm,801 rpm,1689 rpm,1400 rpm,1765 rpm,1803 rpm,1780 rpm,,
2026-09-11 11:00:00,49 °C,60 °C,60 °C,83 °C,74 °C,83 °C,73 °C,,34 °C,1896 rpm,1856 rpm,1901 rpm,1840 rpm,1849 rpm,1826 rpm,1853 rpm,,1900 rpm
2026-09-11 13:00:00,48 °C,68 °C,65 °C,81 °C,74 °C,69 °C,57 °C,,42 °C,799 rpm,1829 rpm,1853 rpm,1836 rpm,1786 rpm,1843 rpm,1877 rpm,,1899 rpm
2026-09-11 15:00:00,40 °C,49 °C,76 °C,86 °C,51 °C,86 °C,54 °C,,74 °C,,0 rpm,1777 rpm,1400 rpm,800 rpm,800 rpm,1835 rpm,,1892 rpm
2026-09-11 17:00:00,56 °C,64 °C,69 °C,78 °C,58 °C,80 °C,69 °C,,69 °C,1887 rpm,1785 rpm,1706 rpm,1776 rpm,1817 rpm,1821 rpm,1807 rpm,,1839 rpm
2026-09-11 19:00:00,69 °C,64 °C,71 °C,78 °C,68 °C,77 °C,69 °C,,71 °C,1859 rpm,1795 rpm,1688 rpm,1862 rpm,1794 rpm,800 rpm,1855 rpm,,1868 rpm
2026-09-11 21:00:00,42 °C,73 °C,72 °C,78 °C,63 °C,81 °C,69 °C,,73 °C,800 rpm,1401 rpm,1858 rpm,1856 rpm,1757 rpm,1902 rpm,1894 rpm,,1795 rpm
2026-09-11 23:00:00,70 °C,68 °C,69 °C,76 °C,70 °C,81 °C,65 °C,,71 °C,1898 rpm,1400 rpm,1786 rpm,1900 rpm,1787 rpm,1826 rpm,1896 rpm,,1805 rpm
2026-09-12 01:00:00,69 °C,71 °C,43 °C,76 °C,70 °C,76 °C,60 °C,,63 °C,1901 rpm,1846 rpm,0 rpm,1862 rpm,1815 rpm,1842 rpm,1778 rpm,,0 rpm
2026-09-12 03:00:00,58 °C,51 °C,69 °C,49 °C,68 °C,78 °C,59 °C,,65 °C,1898 rpm,1863 rpm,1730 rpm,1907 rpm,1903 rpm,1831 rpm,1879 rpm,,1837 rpm
2026-09-12 05:00:00,59 °C,66 °C,71 °C,72 °C,64 °C,84 °C,64 °C,,60 °C,1845 rpm,1843 rpm,1696 rpm,1865 rpm,1880 rpm,1842 rpm,1727 rpm,,1721 rpm
2026-09-12 07:00:00,52 °C,59 °C,68 °C,73 °C,59 °C,70 °C,56 °C,,57 °C,1867 rpm,1842 rpm,1698 rpm,1792 rpm,1731 rpm,1818 rpm,1801 rpm,,799 rpm
2026-09-12 09:00:00,51 °C,59 °C,51 °C,68 °C,70 °C,78 °C,68 °C,,69 °C,800 rpm,1866 rpm,800 rpm,1762 rpm,1770 rpm,1824 rpm,1831 rpm,,1837 rpm
2026-09-12 11:00:00,,68 °C,44 °C,70 °C,69 °C,69 °C,64 °C,,74 °C,,1400 rpm,1871 rpm,1892 rpm,1731 rpm,1873 rpm,1782 rpm,,1757 rpm
2026-09-12 13:00:00,44 °C,57 °C,76 °C,77 °C,77 °C,78 °C,,,58 °C,801 rpm,1802 rpm,1666 rpm,1793 rpm,1767 rpm,1831 rpm,1872 rpm,,1885 rpm
2026-09-12 15:00:00,48 °C,74 °C,77 °C,68 °C,70 °C,80 °C,52 °C,,71 °C,1883 rpm,1772 rpm,1876 rpm,1721 rpm,1851 rpm,1830 rpm,800 rpm,,1903 rpm
2026-09-12 17:00:00,76 °C,72 °C,72 °C,51 °C,74 °C,72 °C,70 °C,,69 °C,1898 rpm,1839 rpm,1896 rpm,1894 rpm,1711 rpm,1903 rpm,1830 rpm,,1760 rpm
2026-09-12 19:00:00,53 °C,64 °C,71 °C,63 °C,65 °C,79 °C,57 °C,,72 °C,800 rpm,1906 rpm,1723 rpm,1401 rpm,1843 rpm,1850 rpm,1835 rpm,,1902 rpm
2026-09-12 21:00:00,48 °C,37 °C,68 °C,63 °C,66 °C,76 °C,65 °C,,72 °C,1819 rpm,800 rpm,1888 rpm,1788 rpm,1730 rpm,800 rpm,1842 rpm,,1795 rpm
2026-09-12 23:00:00,56 °C,37 °C,66 °C,65 °C,71 °C,72 °C,60 °C,,76 °C,1898 rpm,800 rpm,1874 rpm,1843 rpm,1818 rpm,1857 rpm,1812 rpm,,1828 rpm
2026-09-13 01:00:00,51 °C,36 °C,65 °C,69 °C,60 °C,80 °C,58 °C,,73 °C,1846 rpm,800 rpm,1881 rpm,1400 rpm,1399 rpm,1840 rpm,1843 rpm,,1750 rpm
2026-09-13 03:00:00,60 °C,33 °C,69 °C,70 °C,59 °C,79 °C,60 °C,,49 °C,1881 rpm,1400 rpm,800 rpm,1852 rpm,1737 rpm,1786 rpm,1798 rpm,,
2026-09-13 05:00:00,60 °C,33 °C,71 °C,65 °C,61 °C,77 °C,61 °C,,57 °C,801 rpm,799 rpm,1695 rpm,1813 rpm,1903 rpm,1874 rpm,1851 rpm,,1902 rpm
2026-09-13 07:00:00,72 °C,57 °C,71 °C,73 °C,56 °C,69 °C,63 °C,,56 °C,1851 rpm,1799 rpm,1885 rpm,1816 rpm,1847 rpm,1712 rpm,1830 rpm,,1883 rpm
2026-09-13 09:00:00,72 °C,66 °C,58 °C,70 °C,52 °C,71 °C,68 °C,,74 °C,1811 rpm,1839 rpm,799 rpm,1400 rpm,800 rpm,1806 rpm,1806 rpm,,1811 rpm
2026-09-13 11:00:00,81 °C,68 °C,69 °C,77 °C,77 °C,86 °C,70 °C,,73 °C,1842 rpm,1845 rpm,1856 rpm,1818 rpm,1837 rpm,1772 rpm,1852 rpm,,1858 rpm
2026-09-13 13:00:00,59 °C,59 °C,77 °C,60 °C,74 °C,90 °C,72 °C,,58 °C,801 rpm,1865 rpm,1898 rpm,1733 rpm,1736 rpm,1829 rpm,1833 rpm,,1719 rpm
2026-09-13 15:00:00,74 °C,70 °C,76 °C,77 °C,61 °C,90 °C,54 °C,,69 °C,1865 rpm,1798 rpm,1400 rpm,1757 rpm,1870 rpm,1777 rpm,1778 rpm,,799 rpm
2026-09-13 17:00:00,78 °C,64 °C,58 °C,61 °C,77 °C,79 °C,71 °C,,69 °C,1867 rpm,1790 rpm,1770 rpm,801 rpm,1758 rpm,800 rpm,1857 rpm,,1852 rpm
2026-09-13 19:00:00,58 °C,63 °C,68 °C,59 °C,66 °C,76 °C,63 °C,,48 °C,800 rpm,1870 rpm,1897 rpm,1399 rpm,1905 rpm,1872 rpm,1401 rpm,,800 rpm
2026-09-13 21:00:00,79 °C,63 °C,61 °C,72 °C,66 °C,79 °C,61 °C,,49 °C,1895 rpm,1849 rpm,1774 rpm,1848 rpm,1764 rpm,1841 rpm,1898 rpm,,1878 rpm
2026-09-13 23:00:00,71 °C,38 °C,64 °C,71 °C,64 °C,81 °C,54 °C,,,1878 rpm,800 rpm,1843 rpm,1885 rpm,800 rpm,1855 rpm,1901 rpm,,
2026-09-14 01:00:00,66 °C,31 °C,58 °C,38 °C,70 °C,84 °C,70 °C,,,800 rpm,800 rpm,1819 rpm,800 rpm,1841 rpm,1865 rpm,1844 rpm,,
2026-09-14 03:00:00,73 °C,59 °C,63 °C,72 °C,60 °C,81 °C,59 °C,,,1832 rpm,1864 rpm,1828 rpm,1821 rpm,1401 rpm,1849 rpm,1823 rpm,,
2026-09-14 05:00:00,81 °C,53 °C,69 °C,72 °C,69 °C,78 °C,57 °C,,,1851 rpm,1401 rpm,1846 rpm,1834 rpm,1725 rpm,1737 rpm,1875 rpm,,
2026-09-14 07:00:00,72 °C,52 °C,68 °C,78 °C,56 °C,77 °C,60 °C,,,1838 rpm,1702 rpm,1664 rpm,1788 rpm,1904 rpm,1826 rpm,1784 rpm,,
2026-09-14 09:00:00,76 °C,50 °C,63 °C,77 °C,68 °C,73 °C,66 °C,,,1835 rpm,1834 rpm,1722 rpm,1803 rpm,1726 rpm,1836 rpm,1895 rpm,,
2026-09-14 11:00:00,69 °C,71 °C,51 °C,79 °C,76 °C,69 °C,66 °C,,,1887 rpm,1795 rpm,1739 rpm,1860 rpm,1796 rpm,1771 rpm,1837 rpm,,
2026-09-14 13:00:00,58 °C,59 °C,,78 °C,76 °C,71 °C,57 °C,,,1848 rpm,1837 rpm,,1763 rpm,1770 rpm,800 rpm,1775 rpm,,
2026-09-14 15:00:00,76 °C,81 °C,51 °C,68 °C,72 °C,73 °C,64 °C,,,801 rpm,800 rpm,1850 rpm,1750 rpm,1899 rpm,1830 rpm,1838 rpm,,
2026-09-14 17:00:00,74 °C,64 °C,68 °C,71 °C,72 °C,76 °C,74 °C,,,1820 rpm,801 rpm,1839 rpm,1901 rpm,1759 rpm,1838 rpm,1813 rpm,,
2026-09-14 19:00:00,44 °C,71 °C,68 °C,76 °C,76 °C,76 °C,59 °C,,,800 rpm,1400 rpm,1716 rpm,1802 rpm,1809 rpm,1824 rpm,1790 rpm,,
2026-09-14 21:00:00,59 °C,74 °C,52 °C,78 °C,76 °C,73 °C,64 °C,,,1892 rpm,1864 rpm,1875 rpm,1830 rpm,1844 rpm,800 rpm,1838 rpm,,
2026-09-14 23:00:00,76 °C,63 °C,61 °C,43 °C,69 °C,71 °C,64 °C,,,1903 rpm,800 rpm,1854 rpm,800 rpm,1812 rpm,800 rpm,1843 rpm,,
2026-09-15 01:00:00,65 °C,36 °C,59 °C,71 °C,58 °C,60 °C,68 °C,,,1868 rpm,800 rpm,1898 rpm,1889 rpm,1790 rpm,1826 rpm,1773 rpm,,
2026-09-15 03:00:00,51 °C,48 °C,68 °C,76 °C,69 °C,58 °C,66 °C,,,1899 rpm,1856 rpm,1840 rpm,1400 rpm,1766 rpm,1720 rpm,1789 rpm,,
2026-09-15 05:00:00,65 °C,53 °C,58 °C,59 °C,66 °C,68 °C,63 °C,,,1787 rpm,800 rpm,1870 rpm,1807 rpm,1860 rpm,1866 rpm,1852 rpm,,
2026-09-15 07:00:00,66 °C,47 °C,71 °C,76 °C,57 °C,45 °C,56 °C,,,1817 rpm,1840 rpm,1824 rpm,1883 rpm,800 rpm,800 rpm,1855 rpm,,
2026-09-15 09:00:00,81 °C,74 °C,70 °C,73 °C,72 °C,70 °C,66 °C,,,1898 rpm,1814 rpm,1797 rpm,1769 rpm,1870 rpm,1771 rpm,800 rpm,,
2026-09-15 11:00:00,83 °C,77 °C,69 °C,74 °C,63 °C,83 °C,73 °C,,,1903 rpm,1898 rpm,1768 rpm,1819 rpm,1865 rpm,1848 rpm,800 rpm,,

