"Time","PTO - I45","PTO - I49","PTO - I50","PTO - I51","PTO - I52","PTO - I53","PTO - I54","PTO - I55","PTO - I56","PTO - I57","PTO - I58","RPM - I45","RPM - I49","RPM - I50","RPM - I51","RPM - I52","RPM - I53","RPM - I54","RPM - I55","RPM - I56","RPM - I57","RPM - I58"
2026-09-15 03:56:20,69 °C,70 °C,,52 °C,80 °C,77 °C,83 °C,81 °C,66 °C,53 °C,79 °C,1898 rpm,1911 rpm,1888 rpm,800 rpm,1907 rpm,1401 rpm,1900 rpm,1881 rpm,1865 rpm,1897 rpm,1863 rpm
2026-09-15 03:56:40,69 °C,70 °C,86 °C,52 °C,80 °C,76.5 °C,83 °C,81 °C,65.5 °C,53 °C,79 °C,1886 rpm,1866 rpm,1846 rpm,800 rpm,1848 rpm,1401 rpm,1894 rpm,1846 rpm,1857 rpm,1884 rpm,1873 rpm
2026-09-15 03:57:00,69 °C,71 °C,86 °C,52 °C,80 °C,76 °C,83 °C,81 °C,66.7 °C,53 °C,79 °C,1852 rpm,1869 rpm,1867 rpm,800 rpm,1865 rpm,1401 rpm,1866 rpm,1851 rpm,1858 rpm,1901 rpm,1868 rpm
2026-09-15 03:57:20,,70.5 °C,,52 °C,,,83 °C,81 °C,,54 °C,,,1878 rpm,,800 rpm,,1400 rpm,1840 rpm,1892 rpm,,1878 rpm,1861 rpm
2026-09-15 03:57:40,69 °C,71 °C,86 °C,52 °C,80 °C,,83 °C,81 °C,63 °C,54 °C,79 °C,1857 rpm,1898 rpm,1907 rpm,800 rpm,1897 rpm,1400 rpm,1847 rpm,1837 rpm,1845 rpm,1888 rpm,1867 rpm
2026-09-15 03:58:00,,70.5 °C,85 °C,52 °C,80 °C,,83.5 °C,81 °C,65 °C,54 °C,79 °C,1826 rpm,1820 rpm,1886 rpm,801 rpm,1849 rpm,1400 rpm,1639 rpm,1875 rpm,1844 rpm,1896 rpm,1873 rpm
2026-09-15 03:58:20,69 °C,70.3 °C,86 °C,52 °C,80 °C,,83 °C,81 °C,70.8 °C,54 °C,78.8 °C,1890 rpm,1872 rpm,1858 rpm,800 rpm,1860 rpm,1400 rpm,1652 rpm,1863 rpm,1776 rpm,1898 rpm,1875 rpm
2026-09-15 03:58:40,69 °C,71 °C,86 °C,52 °C,80 °C,,83 °C,81 °C,68 °C,55 °C,78 °C,1859 rpm,1851 rpm,1835 rpm,800 rpm,1835 rpm,1401 rpm,1400 rpm,1877 rpm,1850 rpm,1898 rpm,1832 rpm
2026-09-15 03:59:00,69 °C,70.7 °C,86 °C,52 °C,80 °C,74 °C,83 °C,81 °C,68 °C,55 °C,78 °C,1872 rpm,1876 rpm,1857 rpm,800 rpm,1839 rpm,,1742 rpm,1843 rpm,1910 rpm,1888 rpm,1872 rpm
2026-09-15 03:59:20,,71 °C,,52 °C,,74 °C,83 °C,81 °C,,56 °C,,,1874 rpm,,800 rpm,,1400 rpm,1848 rpm,1852 rpm,,1893 rpm,
2026-09-15 03:59:40,69 °C,71 °C,86 °C,52 °C,80 °C,74 °C,83 °C,81 °C,69.3 °C,56 °C,78 °C,1870 rpm,1635 rpm,1878 rpm,800 rpm,1840 rpm,1400 rpm,1852 rpm,1850 rpm,1875 rpm,1896 rpm,1867 rpm
2026-09-15 04:00:00,69 °C,71 °C,86 °C,52.3 °C,80 °C,74 °C,83.3 °C,81 °C,66.3 °C,56 °C,78.3 °C,1868 rpm,1852 rpm,1842 rpm,1753 rpm,1871 rpm,1400 rpm,1845 rpm,1869 rpm,1845 rpm,1889 rpm,1834 rpm
2026-09-15 04:00:20,69 °C,71 °C,86 °C,53 °C,80 °C,74 °C,84 °C,81 °C,65.8 °C,56 °C,78 °C,1849 rpm,1860 rpm,1861 rpm,1884 rpm,1836 rpm,1400 rpm,1856 rpm,1854 rpm,1860 rpm,1895 rpm,1874 rpm
2026-09-15 04:00:40,69 °C,,86 °C,53.8 °C,80 °C,73 °C,83.5 °C,81 °C,67.5 °C,56 °C,78 °C,1891 rpm,1872 rpm,1862 rpm,1891 rpm,1866 rpm,1400 rpm,1846 rpm,1858 rpm,1845 rpm,1877 rpm,1834 rpm
2026-09-15 04:01:00,69 °C,,86 °C,54 °C,80 °C,,84 °C,81 °C,68.8 °C,56.5 °C,78 °C,1852 rpm,1866 rpm,1862 rpm,1872 rpm,1836 rpm,1400 rpm,1860 rpm,1856 rpm,1854 rpm,1891 rpm,1895 rpm
2026-09-15 04:01:20,69 °C,,86 °C,54.5 °C,80 °C,,84 °C,81 °C,67.3 °C,57 °C,78 °C,1883 rpm,1868 rpm,1855 rpm,1870 rpm,1886 rpm,1400 rpm,1852 rpm,1869 rpm,1860 rpm,1890 rpm,1861 rpm
2026-09-15 04:01:40,69 °C,,86 °C,55 °C,80 °C,,84 °C,81 °C,68.5 °C,57 °C,78 °C,1852 rpm,1882 rpm,1841 rpm,1611 rpm,1848 rpm,1400 rpm,1864 rpm,1843 rpm,1851 rpm,1900 rpm,1854 rpm
2026-09-15 04:02:00,69 °C,,86 °C,56 °C,80 °C,,84 °C,81 °C,75 °C,57.3 °C,78 °C,1868 rpm,1861 rpm,1868 rpm,1882 rpm,1525 rpm,1401 rpm,1859 rpm,1858 rpm,1583 rpm,1887 rpm,1858 rpm
2026-09-15 04:02:20,69 °C,,86 °C,56 °C,80 °C,,84 °C,81 °C,73.8 °C,58 °C,78.3 °C,1876 rpm,1876 rpm,1877 rpm,1892 rpm,1833 rpm,1400 rpm,1871 rpm,1860 rpm,1754 rpm,1892 rpm,1832 rpm
2026-09-15 04:02:40,69 °C,,86 °C,56 °C,80 °C,,84 °C,81 °C,71 °C,58 °C,78 °C,1900 rpm,1876 rpm,1846 rpm,1900 rpm,1513 rpm,1401 rpm,1857 rpm,1857 rpm,1858 rpm,1890 rpm,1868 rpm
2026-09-15 04:03:00,69 °C,71 °C,,56.5 °C,80 °C,,84 °C,81 °C,70.3 °C,58 °C,78.5 °C,1878 rpm,1866 rpm,1871 rpm,1901 rpm,1867 rpm,1635 rpm,1868 rpm,1858 rpm,1854 rpm,1889 rpm,1875 rpm
2026-09-15 04:03:20,69 °C,72 °C,,57 °C,80 °C,,84 °C,81 °C,70 °C,58.8 °C,78.5 °C,1861 rpm,1843 rpm,1861 rpm,1877 rpm,1869 rpm,1774 rpm,1857 rpm,1863 rpm,1835 rpm,1896 rpm,1864 rpm
2026-09-15 04:03:40,69 °C,72 °C,,57.3 °C,80 °C,73 °C,84 °C,81 °C,69.8 °C,59 °C,79 °C,1869 rpm,1884 rpm,1871 rpm,1875 rpm,1857 rpm,1871 rpm,1840 rpm,1899 rpm,1862 rpm,1894 rpm,1853 rpm
2026-09-15 04:04:00,69 °C,72 °C,,58 °C,80 °C,73 °C,84 °C,81 °C,67.3 °C,59 °C,79 °C,1901 rpm,1858 rpm,1869 rpm,1878 rpm,1849 rpm,1853 rpm,1837 rpm,1876 rpm,1853 rpm,1887 rpm,1858 rpm
2026-09-15 04:04:20,70 °C,72 °C,,58 °C,80 °C,73 °C,84 °C,81 °C,67.5 °C,59 °C,79 °C,1870 rpm,1857 rpm,1852 rpm,1618 rpm,1846 rpm,1886 rpm,1850 rpm,1853 rpm,1861 rpm,1891 rpm,1868 rpm
2026-09-15 04:04:40,70 °C,72 °C,,57.5 °C,80 °C,73 °C,84.5 °C,81 °C,69 °C,59 °C,79 °C,1865 rpm,1892 rpm,1872 rpm,800 rpm,1775 rpm,1893 rpm,1842 rpm,1879 rpm,1857 rpm,1751 rpm,1890 rpm
2026-09-15 04:05:00,70 °C,72 °C,,57 °C,80 °C,73.8 °C,86 °C,81 °C,70.8 °C,59 °C,79 °C,1854 rpm,1887 rpm,1841 rpm,800 rpm,1853 rpm,1799 rpm,1843 rpm,1896 rpm,1857 rpm,1399 rpm,1849 rpm
2026-09-15 04:05:20,69.8 °C,72 °C,,57 °C,80 °C,,85 °C,81 °C,68 °C,59 °C,79 °C,1436 rpm,1865 rpm,1869 rpm,800 rpm,1863 rpm,1898 rpm,1737 rpm,1892 rpm,1871 rpm,1400 rpm,1883 rpm
2026-09-15 04:05:40,69 °C,72 °C,,57 °C,80 °C,,86 °C,80.8 °C,71.3 °C,59 °C,79 °C,799 rpm,1882 rpm,1847 rpm,1062 rpm,1844 rpm,1893 rpm,1869 rpm,1863 rpm,1849 rpm,1400 rpm,1858 rpm
2026-09-15 04:06:00,69 °C,72 °C,,56.3 °C,80 °C,,85.5 °C,81 °C,73.8 °C,59 °C,79 °C,1075 rpm,1863 rpm,1878 rpm,801 rpm,1862 rpm,1897 rpm,1875 rpm,1706 rpm,1888 rpm,1400 rpm,1866 rpm
2026-09-15 04:06:20,69 °C,72 °C,,56 °C,80 °C,,85 °C,81 °C,75 °C,59 °C,79 °C,800 rpm,1881 rpm,1836 rpm,800 rpm,1832 rpm,1887 rpm,1859 rpm,1894 rpm,1869 rpm,1497 rpm,1869 rpm
2026-09-15 04:06:40,69 °C,72 °C,86.5 °C,56 °C,80 °C,,86 °C,80.8 °C,73 °C,59 °C,78.8 °C,800 rpm,1869 rpm,1860 rpm,800 rpm,1788 rpm,1873 rpm,1881 rpm,1841 rpm,1855 rpm,1400 rpm,1853 rpm
2026-09-15 04:07:00,68 °C,72 °C,87 °C,56 °C,80 °C,,86 °C,81 °C,69.5 °C,59 °C,79 °C,800 rpm,1884 rpm,1834 rpm,801 rpm,1874 rpm,1879 rpm,1863 rpm,1874 rpm,1860 rpm,1400 rpm,1860 rpm
2026-09-15 04:07:20,68 °C,72.5 °C,87 °C,56 °C,80 °C,,86 °C,81 °C,71.5 °C,58.3 °C,78.3 °C,800 rpm,1863 rpm,1866 rpm,800 rpm,1883 rpm,1886 rpm,1877 rpm,1838 rpm,1859 rpm,1401 rpm,1870 rpm
2026-09-15 04:07:40,68 °C,72.5 °C,87 °C,56 °C,80 °C,,86 °C,81 °C,75 °C,58 °C,78.8 °C,800 rpm,1871 rpm,1846 rpm,800 rpm,1865 rpm,1889 rpm,1886 rpm,1851 rpm,1730 rpm,1400 rpm,1857 rpm
2026-09-15 04:08:00,68 °C,73 °C,87 °C,56 °C,80 °C,,85.5 °C,81 °C,71.8 °C,58 °C,78.3 °C,800 rpm,1856 rpm,1828 rpm,800 rpm,1853 rpm,1876 rpm,1881 rpm,1851 rpm,1853 rpm,1400 rpm,1868 rpm
2026-09-15 04:08:20,68 °C,73 °C,87 °C,56 °C,80 °C,,84.5 °C,81 °C,67.5 °C,58 °C,79 °C,800 rpm,1880 rpm,1879 rpm,800 rpm,1879 rpm,1875 rpm,1888 rpm,1854 rpm,1857 rpm,1400 rpm,1851 rpm
2026-09-15 04:08:40,68 °C,73 °C,87 °C,56 °C,80 °C,,84 °C,81 °C,68.8 °C,58 °C,78.8 °C,800 rpm,1861 rpm,1855 rpm,800 rpm,1868 rpm,1849 rpm,1887 rpm,1848 rpm,1864 rpm,1400 rpm,1856 rpm
2026-09-15 04:09:00,68 °C,73 °C,87 °C,56 °C,80 °C,76 °C,84 °C,81 °C,69.5 °C,58 °C,78.5 °C,800 rpm,1871 rpm,1873 rpm,800 rpm,1845 rpm,1891 rpm,1881 rpm,1880 rpm,1858 rpm,1400 rpm,1855 rpm
2026-09-15 04:09:20,68 °C,73 °C,87 °C,56 °C,80 °C,76 °C,84 °C,81 °C,71.5 °C,58 °C,78.5 °C,800 rpm,1870 rpm,1851 rpm,800 rpm,1886 rpm,1893 rpm,1886 rpm,1850 rpm,1854 rpm,1400 rpm,1881 rpm
2026-09-15 04:09:40,68 °C,73 °C,87 °C,56 °C,80 °C,76 °C,84 °C,81 °C,71.5 °C,58 °C,78.3 °C,800 rpm,1867 rpm,1864 rpm,800 rpm,1836 rpm,1886 rpm,1891 rpm,1879 rpm,1853 rpm,1400 rpm,1865 rpm
2026-09-15 04:10:00,68 °C,73 °C,87 °C,56 °C,80 °C,76 °C,84 °C,81 °C,68.8 °C,58 °C,79 °C,1610 rpm,1882 rpm,1842 rpm,800 rpm,1641 rpm,1883 rpm,1892 rpm,1849 rpm,1856 rpm,1399 rpm,1863 rpm
2026-09-15 04:10:20,68 °C,73 °C,87 °C,56 °C,80 °C,76 °C,84 °C,81 °C,71 °C,58 °C,79 °C,1901 rpm,1875 rpm,1866 rpm,800 rpm,1400 rpm,1883 rpm,1890 rpm,1871 rpm,1850 rpm,1400 rpm,1865 rpm
2026-09-15 04:10:40,68 °C,73 °C,87 °C,56 °C,80 °C,76 °C,84 °C,81 °C,66 °C,58 °C,79 °C,1873 rpm,1869 rpm,1856 rpm,800 rpm,1400 rpm,1884 rpm,1877 rpm,1890 rpm,1863 rpm,1400 rpm,1897 rpm
2026-09-15 04:11:00,68 °C,73 °C,87 °C,55.3 °C,80 °C,76 °C,84 °C,81 °C,73 °C,58 °C,79 °C,1869 rpm,1869 rpm,1882 rpm,800 rpm,1400 rpm,1888 rpm,1886 rpm,1846 rpm,1871 rpm,1399 rpm,1849 rpm
2026-09-15 04:11:20,68 °C,73 °C,87 °C,55 °C,79.8 °C,76 °C,84 °C,81 °C,70.8 °C,58 °C,79 °C,1868 rpm,1869 rpm,1869 rpm,800 rpm,1400 rpm,1888 rpm,1885 rpm,1869 rpm,1866 rpm,1400 rpm,1883 rpm
2026-09-15 04:11:40,68 °C,73 °C,87 °C,55 °C,79 °C,76 °C,84 °C,81 °C,72.8 °C,58 °C,79 °C,1879 rpm,1872 rpm,1844 rpm,800 rpm,1400 rpm,1889 rpm,1886 rpm,1861 rpm,1846 rpm,1400 rpm,1852 rpm
2026-09-15 04:12:00,68 °C,73 °C,87 °C,55 °C,79 °C,76 °C,84 °C,81 °C,70.5 °C,58 °C,79 °C,1597 rpm,1863 rpm,1868 rpm,800 rpm,1400 rpm,1891 rpm,1891 rpm,1855 rpm,1649 rpm,1400 rpm,1869 rpm
2026-09-15 04:12:20,68 °C,73.3 °C,87.5 °C,55 °C,79 °C,76 °C,84 °C,81 °C,70 °C,58 °C,79 °C,1883 rpm,1859 rpm,1842 rpm,800 rpm,1400 rpm,1895 rpm,1887 rpm,1864 rpm,1863 rpm,1400 rpm,1849 rpm
2026-09-15 04:12:40,68 °C,73 °C,87.7 °C,55 °C,79 °C,76 °C,84 °C,81 °C,68.5 °C,58 °C,79 °C,1848 rpm,1850 rpm,1869 rpm,800 rpm,1400 rpm,1893 rpm,1889 rpm,1856 rpm,1846 rpm,1400 rpm,1882 rpm
2026-09-15 04:13:00,,73.8 °C,,55 °C,,76 °C,84 °C,81 °C,,58 °C,,,1876 rpm,,800 rpm,,1899 rpm,1887 rpm,1868 rpm,,1400 rpm,1842 rpm
2026-09-15 04:13:20,68 °C,74 °C,89 °C,55 °C,79 °C,76 °C,83.8 °C,82 °C,66 °C,58 °C,79 °C,1853 rpm,1871 rpm,1902 rpm,800 rpm,1400 rpm,1891 rpm,1895 rpm,1836 rpm,1884 rpm,1400 rpm,1879 rpm
2026-09-15 04:13:40,68 °C,74 °C,89 °C,55 °C,79 °C,,84 °C,82 °C,68 °C,58 °C,79 °C,1866 rpm,1861 rpm,1904 rpm,800 rpm,1902 rpm,1895 rpm,1892 rpm,1881 rpm,1863 rpm,1401 rpm,1878 rpm
2026-09-15 04:14:00,,74 °C,87 °C,54.8 °C,79 °C,76 °C,83.3 °C,82.5 °C,,58 °C,79 °C,1859 rpm,1848 rpm,1851 rpm,801 rpm,,,1888 rpm,1854 rpm,,1400 rpm,
2026-09-15 04:14:20,68 °C,74 °C,,54 °C,,76 °C,83.5 °C,81.5 °C,63 °C,58 °C,,,1862 rpm,,800 rpm,1869 rpm,1892 rpm,1894 rpm,1847 rpm,,1400 rpm,1848 rpm
2026-09-15 04:14:40,,74 °C,89 °C,54 °C,78 °C,76 °C,83.3 °C,81 °C,68 °C,58 °C,79 °C,,1879 rpm,1885 rpm,800 rpm,1617 rpm,1894 rpm,1887 rpm,1863 rpm,1901 rpm,1400 rpm,1867 rpm
2026-09-15 04:15:00,68 °C,73.5 °C,89 °C,54 °C,79 °C,76 °C,83 °C,82 °C,77 °C,58 °C,79 °C,1853 rpm,937 rpm,1855 rpm,800 rpm,1881 rpm,,1895 rpm,1862 rpm,1866 rpm,1400 rpm,
2026-09-15 04:15:20,68 °C,73 °C,,54 °C,,76 °C,83 °C,82 °C,,58 °C,,1863 rpm,800 rpm,,800 rpm,,1899 rpm,1890 rpm,1899 rpm,,1400 rpm,1877 rpm
2026-09-15 04:15:40,,73 °C,89 °C,54 °C,79 °C,76 °C,83 °C,81 °C,78 °C,58 °C,79 °C,,800 rpm,1888 rpm,800 rpm,1893 rpm,1892 rpm,1887 rpm,1888 rpm,1855 rpm,1400 rpm,1847 rpm
2026-09-15 04:16:00,68 °C,73 °C,89 °C,54 °C,79 °C,76 °C,83 °C,81 °C,77 °C,58 °C,79 °C,1847 rpm,1074 rpm,1845 rpm,800 rpm,1834 rpm,1895 rpm,1864 rpm,1884 rpm,1883 rpm,1400 rpm,1850 rpm
2026-09-15 04:16:20,,73 °C,,54 °C,,76 °C,83 °C,81 °C,,58 °C,,,800 rpm,,800 rpm,,1900 rpm,1836 rpm,1882 rpm,,1400 rpm,
2026-09-15 04:16:40,68 °C,73 °C,89 °C,54 °C,79 °C,76 °C,83 °C,81 °C,77 °C,58 °C,79 °C,1907 rpm,800 rpm,1842 rpm,799 rpm,,1893 rpm,1880 rpm,1863 rpm,1892 rpm,1400 rpm,1858 rpm
2026-09-15 04:17:00,68 °C,72.8 °C,89 °C,54 °C,79 °C,76 °C,83 °C,81.5 °C,73 °C,58 °C,79 °C,1885 rpm,800 rpm,1853 rpm,800 rpm,1837 rpm,1896 rpm,1877 rpm,1633 rpm,1900 rpm,1400 rpm,1883 rpm
2026-09-15 04:17:20,,72 °C,89 °C,54 °C,,,83.8 °C,81 °C,,58 °C,79 °C,,800 rpm,1894 rpm,799 rpm,,,1882 rpm,1630 rpm,,1400 rpm,1895 rpm
2026-09-15 04:17:40,68 °C,72 °C,,54 °C,79 °C,76 °C,84 °C,81 °C,69 °C,58 °C,79 °C,1819 rpm,800 rpm,,799 rpm,1824 rpm,1900 rpm,1882 rpm,1887 rpm,1895 rpm,1400 rpm,1864 rpm
2026-09-15 04:18:00,69 °C,72 °C,87 °C,54 °C,79 °C,76 °C,84 °C,82 °C,69 °C,58 °C,,1871 rpm,800 rpm,1857 rpm,1345 rpm,1877 rpm,1871 rpm,1871 rpm,1861 rpm,,1400 rpm,
2026-09-15 04:18:20,,72 °C,87 °C,54.8 °C,,77 °C,84 °C,82 °C,,58 °C,79 °C,1903 rpm,800 rpm,1842 rpm,1900 rpm,,1888 rpm,1879 rpm,1860 rpm,,1400 rpm,1845 rpm
2026-09-15 04:18:40,69 °C,71.8 °C,,55 °C,79 °C,77 °C,84 °C,82.5 °C,65 °C,58 °C,79 °C,1880 rpm,800 rpm,,1899 rpm,1845 rpm,1853 rpm,1886 rpm,1878 rpm,1876 rpm,1400 rpm,1847 rpm
2026-09-15 04:19:00,,71 °C,89 °C,55.8 °C,79 °C,77 °C,84 °C,83 °C,74 °C,58 °C,78.8 °C,,800 rpm,1862 rpm,1860 rpm,1905 rpm,1872 rpm,1886 rpm,1840 rpm,1903 rpm,1400 rpm,1825 rpm
2026-09-15 04:19:20,69 °C,71.3 °C,88 °C,56 °C,,77 °C,84 °C,82.5 °C,,58 °C,79 °C,1898 rpm,1610 rpm,1887 rpm,1896 rpm,,1860 rpm,1866 rpm,1874 rpm,,1400 rpm,1853 rpm
2026-09-15 04:19:40,69 °C,72 °C,88.5 °C,56 °C,79 °C,77 °C,84 °C,82.5 °C,75.5 °C,58 °C,78.8 °C,1900 rpm,1864 rpm,1831 rpm,1610 rpm,1846 rpm,1852 rpm,1883 rpm,1855 rpm,1855 rpm,1400 rpm,1854 rpm
2026-09-15 04:20:00,,72 °C,89 °C,57 °C,79 °C,77 °C,84 °C,83 °C,76.3 °C,58 °C,79 °C,,1612 rpm,1874 rpm,1892 rpm,1868 rpm,1863 rpm,1876 rpm,1869 rpm,1868 rpm,1513 rpm,1901 rpm
2026-09-15 04:20:20,69 °C,,87.5 °C,57 °C,79 °C,77 °C,84 °C,82.5 °C,73.8 °C,58.3 °C,79 °C,1865 rpm,1889 rpm,1846 rpm,1893 rpm,1848 rpm,1849 rpm,1882 rpm,1837 rpm,1852 rpm,1893 rpm,1870 rpm
2026-09-15 04:20:40,69 °C,,89 °C,58 °C,79 °C,77 °C,84 °C,83 °C,76.5 °C,59 °C,79 °C,1898 rpm,1878 rpm,1860 rpm,1896 rpm,1899 rpm,1864 rpm,1880 rpm,1882 rpm,1852 rpm,1894 rpm,1859 rpm
2026-09-15 04:21:00,69 °C,,89 °C,58 °C,79 °C,77 °C,84 °C,83 °C,76.8 °C,59 °C,79 °C,1900 rpm,1875 rpm,1872 rpm,1892 rpm,1876 rpm,1862 rpm,1886 rpm,1834 rpm,1879 rpm,1892 rpm,1892 rpm
2026-09-15 04:21:20,68.5 °C,,89 °C,59 °C,79 °C,77.5 °C,84 °C,83 °C,76.5 °C,59 °C,79 °C,1682 rpm,1890 rpm,1865 rpm,1881 rpm,1843 rpm,1869 rpm,1878 rpm,1878 rpm,1650 rpm,1897 rpm,1853 rpm
2026-09-15 04:21:40,68 °C,,89 °C,59 °C,79 °C,78 °C,84 °C,83 °C,78 °C,59 °C,79 °C,800 rpm,1887 rpm,1897 rpm,1885 rpm,1840 rpm,1403 rpm,1881 rpm,1845 rpm,1900 rpm,1894 rpm,1862 rpm
2026-09-15 04:22:00,68 °C,,89 °C,59 °C,79 °C,77 °C,84 °C,83 °C,74 °C,59 °C,79 °C,,1881 rpm,1836 rpm,1897 rpm,1868 rpm,1895 rpm,1886 rpm,1874 rpm,1856 rpm,1797 rpm,1844 rpm
2026-09-15 04:22:20,,,,59 °C,,77 °C,84 °C,83 °C,,59.5 °C,,,1866 rpm,,1893 rpm,,1894 rpm,1890 rpm,1843 rpm,,1898 rpm,
2026-09-15 04:22:40,68 °C,,88 °C,59 °C,79 °C,77 °C,84 °C,83 °C,69 °C,60 °C,79 °C,800 rpm,1866 rpm,1865 rpm,1895 rpm,1856 rpm,1895 rpm,1889 rpm,1861 rpm,1849 rpm,1896 rpm,1844 rpm
2026-09-15 04:23:00,68 °C,73 °C,89 °C,59.8 °C,79 °C,77 °C,84 °C,83 °C,72.3 °C,60 °C,79 °C,800 rpm,1862 rpm,1854 rpm,1896 rpm,1858 rpm,1856 rpm,1888 rpm,1834 rpm,1845 rpm,1895 rpm,1875 rpm
2026-09-15 04:23:20,68 °C,73 °C,89 °C,60 °C,79 °C,77 °C,84 °C,83 °C,70.8 °C,60 °C,79 °C,1335 rpm,1862 rpm,1840 rpm,1885 rpm,1870 rpm,1867 rpm,1889 rpm,1856 rpm,1858 rpm,1899 rpm,1864 rpm
2026-09-15 04:23:40,68 °C,73 °C,89 °C,60 °C,79.8 °C,77 °C,84 °C,83 °C,74 °C,60.8 °C,78.5 °C,1898 rpm,1860 rpm,1845 rpm,1890 rpm,1845 rpm,1869 rpm,1890 rpm,1860 rpm,1857 rpm,1900 rpm,1871 rpm
2026-09-15 04:24:00,68 °C,73.3 °C,89 °C,60.5 °C,79.5 °C,77.8 °C,83.8 °C,83 °C,72.3 °C,61 °C,78.5 °C,1625 rpm,1852 rpm,1859 rpm,1890 rpm,1877 rpm,1857 rpm,1888 rpm,1842 rpm,1848 rpm,1900 rpm,1851 rpm
2026-09-15 04:24:20,68 °C,73 °C,89 °C,61 °C,79 °C,78 °C,84 °C,83 °C,72.8 °C,61 °C,78.5 °C,1900 rpm,1808 rpm,1878 rpm,1897 rpm,796 rpm,1849 rpm,1882 rpm,1873 rpm,1863 rpm,1900 rpm,1858 rpm
2026-09-15 04:24:40,68 °C,73 °C,89 °C,61 °C,79 °C,78 °C,83.5 °C,83 °C,73.3 °C,61 °C,79 °C,1876 rpm,1728 rpm,1846 rpm,1898 rpm,1009 rpm,1850 rpm,1877 rpm,1864 rpm,1879 rpm,1900 rpm,1853 rpm
2026-09-15 04:25:00,68 °C,73 °C,89 °C,61.3 °C,79 °C,78 °C,83.5 °C,83 °C,74.3 °C,61 °C,78.8 °C,1856 rpm,1776 rpm,1874 rpm,1898 rpm,800 rpm,1867 rpm,1854 rpm,1870 rpm,1845 rpm,1892 rpm,1854 rpm
2026-09-15 04:25:20,68 °C,73 °C,89 °C,61.8 °C,79 °C,78 °C,83.8 °C,83 °C,78 °C,61.5 °C,79 °C,1844 rpm,1400 rpm,1853 rpm,1899 rpm,800 rpm,1851 rpm,1761 rpm,1851 rpm,1887 rpm,1897 rpm,1849 rpm
2026-09-15 04:25:40,,73 °C,,62 °C,,78 °C,83 °C,83 °C,,62 °C,,,1878 rpm,,1885 rpm,,,1522 rpm,1871 rpm,,1886 rpm,
2026-09-15 04:26:00,68 °C,73 °C,89 °C,62 °C,79 °C,,83 °C,83 °C,76 °C,62 °C,79 °C,1896 rpm,1864 rpm,1897 rpm,1887 rpm,800 rpm,1843 rpm,1400 rpm,1860 rpm,1848 rpm,1612 rpm,1851 rpm
2026-09-15 04:26:20,,73 °C,89 °C,62 °C,78 °C,78 °C,83 °C,83 °C,74.5 °C,61 °C,79 °C,,1842 rpm,1888 rpm,1890 rpm,800 rpm,1886 rpm,1400 rpm,1891 rpm,1862 rpm,1400 rpm,1839 rpm
2026-09-15 04:26:40,68 °C,73 °C,89 °C,62 °C,78 °C,78 °C,83 °C,83 °C,72.5 °C,61 °C,79 °C,1872 rpm,1844 rpm,1857 rpm,1891 rpm,800 rpm,1851 rpm,1400 rpm,1844 rpm,1861 rpm,1400 rpm,1858 rpm
2026-09-15 04:27:00,68 °C,73 °C,89 °C,63 °C,78 °C,78.3 °C,83 °C,83 °C,72.8 °C,61 °C,79 °C,1850 rpm,1840 rpm,1853 rpm,1886 rpm,800 rpm,1872 rpm,1400 rpm,1648 rpm,1874 rpm,1400 rpm,1864 rpm
2026-09-15 04:27:20,68 °C,73 °C,,63 °C,78 °C,78.5 °C,83 °C,83 °C,75.5 °C,61 °C,79 °C,1872 rpm,1854 rpm,1829 rpm,1889 rpm,800 rpm,1847 rpm,1400 rpm,1697 rpm,1863 rpm,1400 rpm,1880 rpm
2026-09-15 04:27:40,,73.3 °C,,63 °C,,78 °C,82 °C,83 °C,,61 °C,,,1877 rpm,1899 rpm,1886 rpm,,1886 rpm,1524 rpm,1850 rpm,,1400 rpm,
2026-09-15 04:28:00,68 °C,73.8 °C,,63 °C,78 °C,78 °C,83 °C,83 °C,78 °C,61 °C,79 °C,1875 rpm,1867 rpm,,1898 rpm,800 rpm,1856 rpm,1887 rpm,1850 rpm,1896 rpm,1400 rpm,1876 rpm
2026-09-15 04:28:20,68 °C,73.5 °C,,63 °C,77.7 °C,78.5 °C,83 °C,83 °C,77 °C,61 °C,79 °C,1878 rpm,1859 rpm,1388 rpm,1893 rpm,800 rpm,1859 rpm,1886 rpm,1867 rpm,1861 rpm,1400 rpm,1820 rpm
2026-09-15 04:28:40,68 °C,74 °C,,63 °C,77 °C,79 °C,83 °C,83 °C,76.3 °C,61 °C,79 °C,1874 rpm,1872 rpm,800 rpm,1894 rpm,800 rpm,1868 rpm,1891 rpm,1869 rpm,1861 rpm,1400 rpm,1860 rpm
2026-09-15 04:29:00,68 °C,74 °C,,63.3 °C,77 °C,79 °C,83 °C,83 °C,78 °C,60.8 °C,79 °C,1899 rpm,1861 rpm,800 rpm,1896 rpm,800 rpm,1850 rpm,1887 rpm,1732 rpm,1901 rpm,1400 rpm,1840 rpm
2026-09-15 04:29:20,68 °C,74 °C,,63.8 °C,77 °C,79 °C,83 °C,83.5 °C,78 °C,60.3 °C,79 °C,,1870 rpm,800 rpm,1891 rpm,800 rpm,1890 rpm,1890 rpm,1846 rpm,1858 rpm,1400 rpm,1841 rpm
2026-09-15 04:29:40,,74 °C,,64 °C,,79 °C,83 °C,83.8 °C,,60.3 °C,,1903 rpm,1863 rpm,800 rpm,1895 rpm,,1853 rpm,1763 rpm,1875 rpm,,1400 rpm,
2026-09-15 04:30:00,68 °C,74 °C,,64 °C,77 °C,79 °C,83 °C,84 °C,75.3 °C,60 °C,79 °C,1881 rpm,1869 rpm,800 rpm,1898 rpm,800 rpm,1873 rpm,1892 rpm,1851 rpm,1632 rpm,1400 rpm,1860 rpm
2026-09-15 04:30:20,,74 °C,,64 °C,,,83 °C,84 °C,,60 °C,,,1858 rpm,800 rpm,1895 rpm,,,1889 rpm,1851 rpm,,1406 rpm,
2026-09-15 04:30:40,68 °C,,,64 °C,77 °C,79 °C,83 °C,84 °C,72 °C,60 °C,79 °C,1824 rpm,1875 rpm,800 rpm,1892 rpm,800 rpm,1867 rpm,1884 rpm,1890 rpm,1844 rpm,799 rpm,1854 rpm
2026-09-15 04:31:00,,,,64.5 °C,,79 °C,83 °C,84 °C,,59 °C,79 °C,,1867 rpm,801 rpm,1892 rpm,,1853 rpm,1885 rpm,1850 rpm,,800 rpm,1874 rpm
2026-09-15 04:31:20,68 °C,,,65 °C,76 °C,,83 °C,84 °C,68 °C,59 °C,,1835 rpm,1861 rpm,800 rpm,1889 rpm,800 rpm,,1892 rpm,1879 rpm,1848 rpm,800 rpm,
2026-09-15 04:31:40,,,86 °C,65 °C,76 °C,79 °C,83 °C,84 °C,67 °C,59 °C,79 °C,,1873 rpm,801 rpm,1897 rpm,800 rpm,1855 rpm,1889 rpm,1847 rpm,1842 rpm,800 rpm,1903 rpm
2026-09-15 04:32:00,68 °C,,86 °C,65 °C,76 °C,79 °C,83 °C,84 °C,,59 °C,79 °C,1843 rpm,1843 rpm,1891 rpm,1889 rpm,,1872 rpm,1891 rpm,1887 rpm,,800 rpm,
2026-09-15 04:32:20,68 °C,,86 °C,65 °C,76 °C,79 °C,83 °C,84 °C,69.2 °C,59 °C,79 °C,1842 rpm,1869 rpm,1899 rpm,1897 rpm,800 rpm,1864 rpm,1891 rpm,1849 rpm,1857 rpm,800 rpm,1860 rpm
2026-09-15 04:32:40,68 °C,,86 °C,65 °C,76 °C,79 °C,83 °C,84 °C,66.5 °C,59 °C,79 °C,1858 rpm,1879 rpm,1866 rpm,1897 rpm,1082 rpm,1882 rpm,1886 rpm,1890 rpm,1848 rpm,800 rpm,1865 rpm
2026-09-15 04:33:00,,76 °C,86 °C,65.3 °C,,79 °C,83 °C,84 °C,,59 °C,,,1857 rpm,,1897 rpm,,1834 rpm,1893 rpm,1856 rpm,,800 rpm,1869 rpm
2026-09-15 04:33:20,69 °C,75.5 °C,,65.8 °C,76 °C,79 °C,83.3 °C,84 °C,76 °C,59 °C,79 °C,,1666 rpm,1827 rpm,1892 rpm,1400 rpm,1880 rpm,1887 rpm,1870 rpm,1896 rpm,800 rpm,1903 rpm
2026-09-15 04:33:40,68 °C,75.5 °C,86.3 °C,66 °C,76 °C,79 °C,83.5 °C,84 °C,74.7 °C,59 °C,79 °C,,1871 rpm,1866 rpm,1893 rpm,1854 rpm,1828 rpm,1893 rpm,1871 rpm,1849 rpm,800 rpm,1900 rpm
2026-09-15 04:34:00,68 °C,76 °C,86.3 °C,66 °C,76 °C,79 °C,83.5 °C,84 °C,72.8 °C,59 °C,79 °C,,1858 rpm,1850 rpm,1896 rpm,1844 rpm,1864 rpm,1893 rpm,1844 rpm,1850 rpm,800 rpm,1878 rpm
2026-09-15 04:34:20,69 °C,76 °C,86.5 °C,66 °C,76 °C,79 °C,83.3 °C,84 °C,72 °C,59 °C,79 °C,,1871 rpm,1863 rpm,1885 rpm,1872 rpm,1839 rpm,1887 rpm,1889 rpm,1788 rpm,800 rpm,1849 rpm
2026-09-15 04:34:40,69 °C,76 °C,86.8 °C,66 °C,76 °C,79 °C,83 °C,84 °C,76.5 °C,59 °C,79 °C,,1843 rpm,1849 rpm,1874 rpm,1627 rpm,1876 rpm,1894 rpm,1832 rpm,1651 rpm,1245 rpm,1867 rpm
2026-09-15 04:35:00,68.3 °C,76 °C,86.5 °C,66 °C,76 °C,79 °C,83 °C,84 °C,70.8 °C,59 °C,79 °C,,1874 rpm,1859 rpm,1887 rpm,1891 rpm,1840 rpm,1888 rpm,1769 rpm,1759 rpm,1524 rpm,1850 rpm
2026-09-15 04:35:20,68 °C,76 °C,87 °C,66 °C,76.5 °C,79 °C,83 °C,84 °C,70.8 °C,58.8 °C,79 °C,,1861 rpm,1845 rpm,1884 rpm,1838 rpm,1858 rpm,1890 rpm,1867 rpm,1851 rpm,800 rpm,1861 rpm
2026-09-15 04:35:40,68 °C,76 °C,87 °C,66 °C,76.5 °C,79 °C,83 °C,84 °C,67.8 °C,58 °C,79 °C,,1857 rpm,1866 rpm,1890 rpm,1866 rpm,1848 rpm,1880 rpm,1879 rpm,1841 rpm,800 rpm,1843 rpm
2026-09-15 04:36:00,68 °C,76 °C,87 °C,66 °C,77 °C,79 °C,83 °C,84 °C,68 °C,58.3 °C,79 °C,,1856 rpm,1843 rpm,1890 rpm,1847 rpm,1862 rpm,1868 rpm,1856 rpm,1837 rpm,800 rpm,1863 rpm
2026-09-15 04:36:20,68 °C,,87 °C,67 °C,77 °C,,83 °C,84 °C,68.5 °C,58 °C,79 °C,,1857 rpm,1864 rpm,1889 rpm,1860 rpm,1832 rpm,1876 rpm,1896 rpm,1859 rpm,800 rpm,1847 rpm
2026-09-15 04:36:40,68 °C,,87 °C,67 °C,77 °C,,83 °C,84 °C,67.3 °C,58 °C,79 °C,,1862 rpm,1849 rpm,1892 rpm,1842 rpm,1880 rpm,1884 rpm,1858 rpm,1847 rpm,800 rpm,1866 rpm
2026-09-15 04:37:00,68 °C,,87 °C,67 °C,77 °C,,83 °C,84 °C,71.3 °C,58 °C,79 °C,,1875 rpm,1870 rpm,1890 rpm,1871 rpm,1862 rpm,1847 rpm,1879 rpm,1852 rpm,800 rpm,1845 rpm
2026-09-15 04:37:20,68 °C,,87 °C,67 °C,77 °C,,83 °C,84 °C,69.8 °C,58 °C,78.8 °C,,1865 rpm,1874 rpm,1887 rpm,1869 rpm,1875 rpm,1835 rpm,1839 rpm,1850 rpm,800 rpm,1872 rpm
2026-09-15 04:37:40,68 °C,,87 °C,67 °C,77 °C,,83 °C,85 °C,69.8 °C,58 °C,79 °C,,1855 rpm,1836 rpm,1886 rpm,1856 rpm,1892 rpm,1860 rpm,1789 rpm,1870 rpm,800 rpm,1843 rpm
2026-09-15 04:38:00,67.8 °C,76 °C,87 °C,67.3 °C,77 °C,,83 °C,85.5 °C,64.8 °C,58 °C,79 °C,,1877 rpm,1875 rpm,1893 rpm,1646 rpm,1883 rpm,1836 rpm,1896 rpm,1845 rpm,800 rpm,1889 rpm
2026-09-15 04:38:20,67 °C,76 °C,87 °C,68 °C,77 °C,,83 °C,85 °C,71.3 °C,57.5 °C,79 °C,,1878 rpm,1864 rpm,1902 rpm,1880 rpm,1848 rpm,1869 rpm,1868 rpm,1888 rpm,800 rpm,1852 rpm
2026-09-15 04:38:40,67 °C,76 °C,87 °C,67.5 °C,77 °C,,83 °C,85 °C,69.5 °C,57 °C,79 °C,,1880 rpm,1855 rpm,1181 rpm,1869 rpm,1858 rpm,1865 rpm,1865 rpm,1864 rpm,800 rpm,1854 rpm
2026-09-15 04:39:00,67 °C,76.5 °C,87 °C,67 °C,77 °C,79 °C,83 °C,85.5 °C,68.8 °C,57 °C,79 °C,,1876 rpm,1846 rpm,800 rpm,1860 rpm,1867 rpm,1833 rpm,1749 rpm,1854 rpm,800 rpm,1857 rpm
2026-09-15 04:39:20,67 °C,76.3 °C,87 °C,66 °C,77 °C,,83.5 °C,84 °C,66.8 °C,57 °C,79 °C,,1859 rpm,1869 rpm,801 rpm,1762 rpm,1859 rpm,1857 rpm,1797 rpm,1766 rpm,800 rpm,1865 rpm
2026-09-15 04:39:40,67 °C,77 °C,87 °C,66 °C,77 °C,,83.8 °C,84 °C,71.3 °C,57 °C,79 °C,,1849 rpm,1848 rpm,1072 rpm,1400 rpm,1862 rpm,1866 rpm,1899 rpm,1878 rpm,800 rpm,1876 rpm
2026-09-15 04:40:00,67 °C,77 °C,87 °C,66 °C,77 °C,,84 °C,84 °C,66.5 °C,57 °C,79 °C,,1867 rpm,1856 rpm,800 rpm,1400 rpm,1847 rpm,1828 rpm,1868 rpm,1828 rpm,800 rpm,1863 rpm
2026-09-15 04:40:20,66.3 °C,77 °C,87 °C,66 °C,77 °C,,84 °C,84 °C,72 °C,57 °C,79 °C,,1866 rpm,1852 rpm,801 rpm,1400 rpm,1868 rpm,1854 rpm,1841 rpm,1861 rpm,800 rpm,1873 rpm
2026-09-15 04:40:40,66 °C,77 °C,87 °C,65.5 °C,77 °C,,84 °C,84.5 °C,68 °C,56.8 °C,79 °C,,1842 rpm,1857 rpm,800 rpm,1565 rpm,1874 rpm,1859 rpm,1878 rpm,1864 rpm,800 rpm,1858 rpm
2026-09-15 04:41:00,,77 °C,,65 °C,,,84 °C,85.5 °C,,56.8 °C,,,1862 rpm,,800 rpm,,,1845 rpm,1843 rpm,,800 rpm,1864 rpm
2026-09-15 04:41:20,66 °C,77 °C,87 °C,65 °C,77 °C,,83.8 °C,85 °C,73 °C,56 °C,79 °C,,1845 rpm,1855 rpm,800 rpm,1399 rpm,1824 rpm,1871 rpm,1845 rpm,1858 rpm,800 rpm,
2026-09-15 04:41:40,66 °C,77 °C,87 °C,65 °C,76 °C,,84 °C,86 °C,69 °C,56 °C,79 °C,,1861 rpm,1822 rpm,800 rpm,1399 rpm,1898 rpm,1849 rpm,1873 rpm,1856 rpm,800 rpm,1871 rpm
2026-09-15 04:42:00,,77 °C,87 °C,65 °C,76 °C,,84 °C,86 °C,,56 °C,,,1881 rpm,1820 rpm,800 rpm,,1873 rpm,1846 rpm,1841 rpm,1841 rpm,800 rpm,
2026-09-15 04:42:20,65 °C,77 °C,,65 °C,,,84 °C,86 °C,67 °C,56 °C,78 °C,,1855 rpm,,800 rpm,1400 rpm,1862 rpm,1848 rpm,1850 rpm,,800 rpm,1890 rpm
2026-09-15 04:42:40,65 °C,77 °C,87 °C,64 °C,76 °C,,84 °C,86 °C,68 °C,56 °C,78 °C,,1874 rpm,1865 rpm,800 rpm,,1867 rpm,1877 rpm,1842 rpm,1839 rpm,800 rpm,1881 rpm
2026-09-15 04:43:00,,77 °C,87 °C,64 °C,76 °C,,84 °C,86 °C,68 °C,56 °C,78 °C,,1857 rpm,1857 rpm,800 rpm,1400 rpm,,1886 rpm,1873 rpm,1871 rpm,800 rpm,1879 rpm
2026-09-15 04:43:20,65 °C,77 °C,,64 °C,,,83.8 °C,86 °C,,56 °C,,,1877 rpm,,800 rpm,,1891 rpm,1868 rpm,1852 rpm,,800 rpm,
2026-09-15 04:43:40,65 °C,77 °C,87 °C,64 °C,76 °C,,84 °C,86 °C,65 °C,56 °C,78 °C,,1869 rpm,1912 rpm,800 rpm,1399 rpm,1857 rpm,1886 rpm,1869 rpm,1848 rpm,800 rpm,1833 rpm
2026-09-15 04:44:00,,77.8 °C,87 °C,64 °C,76 °C,79 °C,83.8 °C,86 °C,68 °C,56 °C,78 °C,,1863 rpm,1854 rpm,800 rpm,1400 rpm,1858 rpm,1847 rpm,1855 rpm,1899 rpm,800 rpm,1871 rpm
2026-09-15 04:44:20,65 °C,77.5 °C,,63.5 °C,,79 °C,83.5 °C,86 °C,,56 °C,,,1870 rpm,,800 rpm,,1854 rpm,1877 rpm,1878 rpm,,801 rpm,
2026-09-15 04:44:40,64 °C,78 °C,87 °C,63 °C,74 °C,79 °C,84 °C,86 °C,67 °C,56 °C,78 °C,,1865 rpm,1862 rpm,800 rpm,1400 rpm,1877 rpm,1823 rpm,1849 rpm,1842 rpm,801 rpm,1866 rpm
2026-09-15 04:45:00,,78 °C,,63 °C,,79 °C,83.8 °C,86 °C,,56 °C,,,1894 rpm,,800 rpm,,1846 rpm,1866 rpm,1886 rpm,,801 rpm,
2026-09-15 04:45:20,64 °C,77.5 °C,87 °C,63 °C,74 °C,79 °C,84 °C,86 °C,63 °C,56 °C,78 °C,,1854 rpm,1812 rpm,800 rpm,1400 rpm,1910 rpm,1861 rpm,1874 rpm,1840 rpm,800 rpm,1882 rpm
2026-09-15 04:45:40,,77 °C,87 °C,63 °C,74 °C,79 °C,84 °C,86 °C,68 °C,56 °C,78 °C,,1888 rpm,1853 rpm,800 rpm,1400 rpm,1833 rpm,1875 rpm,800 rpm,1870 rpm,800 rpm,1845 rpm
2026-09-15 04:46:00,64 °C,77 °C,87 °C,63 °C,74 °C,79.3 °C,84 °C,84 °C,69 °C,56 °C,78 °C,,1862 rpm,1840 rpm,800 rpm,1400 rpm,1865 rpm,1826 rpm,800 rpm,1862 rpm,800 rpm,1890 rpm
2026-09-15 04:46:20,64 °C,77 °C,87 °C,63 °C,74 °C,79 °C,83.5 °C,84 °C,67.5 °C,56 °C,78 °C,,1860 rpm,1852 rpm,800 rpm,1400 rpm,1835 rpm,1853 rpm,800 rpm,1864 rpm,800 rpm,1851 rpm
2026-09-15 04:46:40,64 °C,77 °C,87 °C,63 °C,74 °C,79 °C,83.5 °C,84 °C,65.5 °C,56 °C,78 °C,,1863 rpm,1879 rpm,800 rpm,1400 rpm,1846 rpm,1861 rpm,800 rpm,1854 rpm,800 rpm,1864 rpm
2026-09-15 04:47:00,64 °C,77 °C,87 °C,63 °C,74 °C,79.3 °C,83.8 °C,84 °C,65.5 °C,55.5 °C,78 °C,,1367 rpm,1828 rpm,800 rpm,1400 rpm,1878 rpm,1864 rpm,1073 rpm,1847 rpm,800 rpm,1842 rpm
2026-09-15 04:47:20,63.5 °C,76.8 °C,87 °C,63 °C,73.3 °C,79.6 °C,83.3 °C,83.5 °C,69.8 °C,55 °C,78 °C,,800 rpm,1871 rpm,800 rpm,1400 rpm,1831 rpm,1856 rpm,800 rpm,1526 rpm,800 rpm,1863 rpm
2026-09-15 04:47:40,63 °C,76 °C,87 °C,63 °C,73 °C,,84 °C,83 °C,71.5 °C,55 °C,78 °C,,800 rpm,1846 rpm,800 rpm,1400 rpm,1867 rpm,1856 rpm,800 rpm,1895 rpm,800 rpm,1867 rpm
2026-09-15 04:48:00,64 °C,76 °C,87 °C,63 °C,73 °C,,83.3 °C,83 °C,73.5 °C,55 °C,78 °C,,800 rpm,1864 rpm,800 rpm,1400 rpm,1874 rpm,1852 rpm,800 rpm,1872 rpm,800 rpm,1851 rpm
2026-09-15 04:48:20,64 °C,76 °C,87 °C,63 °C,73 °C,,84 °C,83 °C,70.8 °C,55.8 °C,78 °C,,964 rpm,1862 rpm,800 rpm,1746 rpm,1873 rpm,1870 rpm,801 rpm,1867 rpm,1293 rpm,1868 rpm
2026-09-15 04:48:40,64 °C,76 °C,87 °C,62.3 °C,73 °C,,83.3 °C,83 °C,70.5 °C,56 °C,78 °C,,800 rpm,1849 rpm,800 rpm,1399 rpm,1856 rpm,1880 rpm,800 rpm,1869 rpm,1639 rpm,1842 rpm
2026-09-15 04:49:00,64 °C,76 °C,87 °C,62 °C,73 °C,79 °C,83.8 °C,81.5 °C,71.3 °C,56 °C,78 °C,,800 rpm,1879 rpm,799 rpm,1878 rpm,1854 rpm,1866 rpm,800 rpm,1877 rpm,1887 rpm,1853 rpm
2026-09-15 04:49:20,64 °C,76 °C,87 °C,62 °C,73 °C,79.3 °C,83.5 °C,81 °C,71.8 °C,56.3 °C,78 °C,,800 rpm,1850 rpm,800 rpm,1875 rpm,1838 rpm,1860 rpm,800 rpm,1876 rpm,1894 rpm,1851 rpm
2026-09-15 04:49:40,64 °C,74 °C,87 °C,62 °C,73 °C,79 °C,84 °C,81 °C,71.3 °C,57 °C,78 °C,,800 rpm,1866 rpm,800 rpm,1832 rpm,1870 rpm,1842 rpm,800 rpm,1884 rpm,1899 rpm,1891 rpm
2026-09-15 04:50:00,64.5 °C,74 °C,87 °C,62 °C,73.3 °C,79.5 °C,84 °C,81 °C,70.3 °C,57.3 °C,78 °C,,800 rpm,1855 rpm,800 rpm,1869 rpm,1851 rpm,1900 rpm,800 rpm,1871 rpm,1625 rpm,1859 rpm
2026-09-15 04:50:20,65 °C,74 °C,87 °C,62 °C,73.8 °C,79 °C,84 °C,81 °C,68.8 °C,58 °C,78 °C,,800 rpm,1866 rpm,800 rpm,1859 rpm,1874 rpm,1865 rpm,800 rpm,1600 rpm,1898 rpm,1861 rpm
2026-09-15 04:50:40,65 °C,74 °C,87 °C,62 °C,74 °C,79.3 °C,84 °C,80 °C,71 °C,59 °C,78 °C,,800 rpm,1867 rpm,800 rpm,1857 rpm,1866 rpm,1858 rpm,800 rpm,800 rpm,1896 rpm,1876 rpm
2026-09-15 04:51:00,65 °C,74 °C,87 °C,61 °C,74 °C,79 °C,84 °C,80 °C,71 °C,59 °C,78 °C,,800 rpm,1859 rpm,800 rpm,1886 rpm,1848 rpm,1835 rpm,800 rpm,800 rpm,1891 rpm,1849 rpm
2026-09-15 04:51:20,65 °C,74 °C,87 °C,61 °C,74 °C,79.8 °C,84 °C,80 °C,71 °C,59 °C,78 °C,,800 rpm,1840 rpm,800 rpm,1837 rpm,1858 rpm,1857 rpm,1640 rpm,800 rpm,1899 rpm,1882 rpm
2026-09-15 04:51:40,65 °C,73.3 °C,87 °C,61 °C,74 °C,79.8 °C,84 °C,80 °C,71 °C,59 °C,78 °C,,800 rpm,1867 rpm,800 rpm,1886 rpm,1850 rpm,1866 rpm,1891 rpm,800 rpm,1900 rpm,1888 rpm
2026-09-15 04:52:00,65.5 °C,73 °C,87 °C,61 °C,74 °C,80 °C,84 °C,80.3 °C,71 °C,59 °C,78 °C,,800 rpm,1844 rpm,800 rpm,1838 rpm,1870 rpm,1830 rpm,1873 rpm,1076 rpm,1898 rpm,1853 rpm
2026-09-15 04:52:20,66 °C,73 °C,87.5 °C,61 °C,74 °C,80 °C,84 °C,80.8 °C,71 °C,59 °C,78 °C,,800 rpm,1854 rpm,801 rpm,1874 rpm,1862 rpm,1854 rpm,1848 rpm,800 rpm,1899 rpm,1856 rpm
2026-09-15 04:52:40,,73 °C,,61 °C,,,84 °C,81 °C,,59.8 °C,,,799 rpm,,800 rpm,1835 rpm,1865 rpm,1849 rpm,1865 rpm,,1900 rpm,
2026-09-15 04:53:00,66 °C,73 °C,87 °C,61 °C,74 °C,80 °C,84 °C,81 °C,70 °C,60 °C,78 °C,,800 rpm,1834 rpm,800 rpm,,1859 rpm,1852 rpm,1315 rpm,800 rpm,1899 rpm,1855 rpm
2026-09-15 04:53:20,66 °C,73 °C,87 °C,61 °C,75 °C,80 °C,84 °C,81 °C,70 °C,60 °C,78 °C,,800 rpm,1857 rpm,800 rpm,1836 rpm,1866 rpm,1853 rpm,1399 rpm,800 rpm,1900 rpm,1823 rpm
2026-09-15 04:53:40,66 °C,72.2 °C,87 °C,60.8 °C,76 °C,80 °C,84 °C,81 °C,70 °C,60 °C,78 °C,,800 rpm,1851 rpm,800 rpm,1752 rpm,1856 rpm,1851 rpm,1875 rpm,800 rpm,1899 rpm,1856 rpm
2026-09-15 04:54:00,66 °C,72 °C,87 °C,60 °C,76 °C,80 °C,84.5 °C,81 °C,70 °C,61 °C,78 °C,,800 rpm,1853 rpm,799 rpm,1881 rpm,1861 rpm,1883 rpm,1845 rpm,800 rpm,1898 rpm,1859 rpm
2026-09-15 04:54:20,,,89 °C,60 °C,,,85.5 °C,81 °C,,61 °C,,,799 rpm,1839 rpm,800 rpm,,,1850 rpm,1880 rpm,,1899 rpm,
2026-09-15 04:54:40,66 °C,,89 °C,60 °C,76 °C,80 °C,84.5 °C,81 °C,70 °C,61 °C,78 °C,,800 rpm,1898 rpm,799 rpm,1876 rpm,1830 rpm,1856 rpm,1858 rpm,800 rpm,1900 rpm,1862 rpm
2026-09-15 04:55:00,,,87 °C,60 °C,,80 °C,86 °C,82 °C,,61.3 °C,,,800 rpm,1847 rpm,800 rpm,,1849 rpm,1865 rpm,1882 rpm,,1898 rpm,
2026-09-15 04:55:20,66.5 °C,,88 °C,60 °C,76 °C,80 °C,84 °C,82 °C,69 °C,61.8 °C,78 °C,,800 rpm,1853 rpm,800 rpm,1880 rpm,1866 rpm,1852 rpm,1758 rpm,800 rpm,1890 rpm,1850 rpm
2026-09-15 04:55:40,67 °C,,88.5 °C,60 °C,76 °C,80 °C,86 °C,83 °C,69 °C,62 °C,78 °C,,800 rpm,1577 rpm,800 rpm,1836 rpm,1642 rpm,1879 rpm,1854 rpm,800 rpm,1758 rpm,1885 rpm
2026-09-15 04:56:00,67 °C,,87 °C,60 °C,76 °C,80 °C,85 °C,83 °C,69 °C,61.8 °C,78 °C,,800 rpm,800 rpm,800 rpm,1873 rpm,1890 rpm,1858 rpm,1874 rpm,800 rpm,1524 rpm,1900 rpm
2026-09-15 04:56:20,67 °C,,87 °C,60 °C,76 °C,80 °C,85.5 °C,83 °C,69 °C,61 °C,78 °C,,800 rpm,1058 rpm,800 rpm,1834 rpm,1888 rpm,1862 rpm,1853 rpm,800 rpm,1400 rpm,1900 rpm
2026-09-15 04:56:40,67 °C,,87 °C,60 °C,76 °C,80 °C,85 °C,83 °C,69 °C,61 °C,78 °C,,801 rpm,800 rpm,799 rpm,1880 rpm,1866 rpm,1864 rpm,1870 rpm,800 rpm,1400 rpm,1850 rpm
2026-09-15 04:57:00,67 °C,,87 °C,59 °C,76 °C,80 °C,85 °C,83 °C,69 °C,61 °C,78 °C,,800 rpm,800 rpm,800 rpm,1838 rpm,1864 rpm,1866 rpm,1840 rpm,800 rpm,1400 rpm,1883 rpm
2026-09-15 04:57:20,67 °C,,86.3 °C,59 °C,76 °C,80 °C,85.5 °C,83 °C,68.3 °C,61 °C,78 °C,,800 rpm,800 rpm,800 rpm,1878 rpm,1874 rpm,1876 rpm,1854 rpm,801 rpm,1400 rpm,1852 rpm
2026-09-15 04:57:40,67 °C,,86 °C,59 °C,76 °C,80.3 °C,85 °C,83 °C,68 °C,61 °C,78.8 °C,,800 rpm,800 rpm,801 rpm,1838 rpm,1856 rpm,1887 rpm,1843 rpm,800 rpm,1400 rpm,1862 rpm
2026-09-15 04:58:00,67.8 °C,71 °C,86 °C,59 °C,76 °C,80 °C,86 °C,83 °C,68 °C,61 °C,78.8 °C,,800 rpm,800 rpm,800 rpm,1889 rpm,1888 rpm,1880 rpm,1874 rpm,800 rpm,1400 rpm,1844 rpm
2026-09-15 04:58:20,68 °C,70.3 °C,86 °C,59 °C,76 °C,80.5 °C,85.5 °C,83.3 °C,68 °C,61 °C,78.8 °C,,800 rpm,800 rpm,800 rpm,1836 rpm,1849 rpm,1865 rpm,1851 rpm,800 rpm,1400 rpm,1879 rpm
2026-09-15 04:58:40,68 °C,70 °C,86 °C,59 °C,76 °C,80.8 °C,86 °C,83.8 °C,68 °C,61 °C,78.3 °C,,800 rpm,800 rpm,1073 rpm,1858 rpm,1871 rpm,1847 rpm,1882 rpm,800 rpm,1400 rpm,1851 rpm
2026-09-15 04:59:00,68 °C,70.3 °C,84.5 °C,59.5 °C,76 °C,81 °C,84.5 °C,84 °C,68 °C,61 °C,78.5 °C,,1306 rpm,799 rpm,1855 rpm,1831 rpm,1847 rpm,1881 rpm,1879 rpm,800 rpm,1400 rpm,1872 rpm
2026-09-15 04:59:20,68 °C,71 °C,84 °C,60 °C,76.8 °C,81 °C,86 °C,84 °C,68 °C,60.5 °C,78 °C,,1858 rpm,800 rpm,1890 rpm,1885 rpm,1877 rpm,1870 rpm,1858 rpm,800 rpm,1400 rpm,1841 rpm
2026-09-15 04:59:40,67.8 °C,71 °C,84 °C,60.8 °C,76.8 °C,81 °C,85 °C,84 °C,68 °C,60.8 °C,78 °C,,1865 rpm,800 rpm,1617 rpm,1842 rpm,1865 rpm,1849 rpm,1901 rpm,800 rpm,1400 rpm,1861 rpm
2026-09-15 05:00:00,68 °C,71 °C,84 °C,61 °C,77 °C,81 °C,84.5 °C,84 °C,68 °C,60.5 °C,78 °C,,1601 rpm,800 rpm,1884 rpm,1824 rpm,1862 rpm,1878 rpm,1892 rpm,800 rpm,1400 rpm,1868 rpm
2026-09-15 05:00:20,67 °C,71 °C,84 °C,62 °C,77 °C,81 °C,85 °C,83.8 °C,68.5 °C,60.5 °C,78 °C,,1852 rpm,800 rpm,1888 rpm,1865 rpm,1859 rpm,1884 rpm,1880 rpm,1219 rpm,1400 rpm,1840 rpm
2026-09-15 05:00:40,67.8 °C,71.5 °C,84 °C,62 °C,77 °C,81 °C,85 °C,83 °C,68.8 °C,60.8 °C,78 °C,,1880 rpm,800 rpm,1897 rpm,1845 rpm,1850 rpm,1873 rpm,1900 rpm,1577 rpm,1400 rpm,1866 rpm
2026-09-15 05:01:00,67.8 °C,72 °C,84 °C,62.5 °C,77 °C,81 °C,86 °C,83 °C,68.8 °C,60.3 °C,78 °C,,1853 rpm,800 rpm,1898 rpm,1891 rpm,1869 rpm,1856 rpm,1887 rpm,1788 rpm,1400 rpm,1835 rpm
2026-09-15 05:01:20,68 °C,72 °C,83.3 °C,63 °C,77 °C,81 °C,84.5 °C,83 °C,65.8 °C,60.5 °C,78 °C,,1855 rpm,800 rpm,1892 rpm,1846 rpm,1849 rpm,1874 rpm,1848 rpm,1867 rpm,1400 rpm,1861 rpm
2026-09-15 05:01:40,68 °C,72 °C,83 °C,63 °C,77 °C,81 °C,85.5 °C,83 °C,65 °C,60 °C,78 °C,,1878 rpm,800 rpm,1892 rpm,1854 rpm,1860 rpm,1894 rpm,1845 rpm,1856 rpm,1400 rpm,1847 rpm
2026-09-15 05:02:00,68 °C,72 °C,83 °C,63 °C,77 °C,81 °C,85 °C,83 °C,66.3 °C,60 °C,78 °C,,1845 rpm,801 rpm,1890 rpm,1873 rpm,1836 rpm,1869 rpm,1762 rpm,1838 rpm,1399 rpm,1869 rpm
2026-09-15 05:02:20,,72 °C,83 °C,63 °C,,,86 °C,83 °C,,60 °C,,,1866 rpm,801 rpm,1891 rpm,,,1864 rpm,1861 rpm,800 rpm,1400 rpm,
2026-09-15 05:02:40,68 °C,73 °C,83 °C,63 °C,77 °C,81 °C,84.5 °C,83 °C,63 °C,60 °C,78 °C,,1861 rpm,801 rpm,1894 rpm,,1873 rpm,1870 rpm,1864 rpm,1842 rpm,1400 rpm,1901 rpm
2026-09-15 05:03:00,,73 °C,83 °C,63 °C,,81 °C,86 °C,83 °C,,60 °C,,,1843 rpm,799 rpm,1892 rpm,1830 rpm,1844 rpm,1849 rpm,1847 rpm,,1399 rpm,1849 rpm
2026-09-15 05:03:20,68 °C,73 °C,,63.8 °C,77 °C,81 °C,85 °C,83 °C,67 °C,60 °C,79 °C,,1836 rpm,,1892 rpm,1848 rpm,1865 rpm,1847 rpm,1859 rpm,1830 rpm,1400 rpm,1873 rpm
2026-09-15 05:03:40,68 °C,73 °C,81 °C,64 °C,77 °C,81 °C,86 °C,83 °C,68 °C,60 °C,79 °C,,1870 rpm,800 rpm,1892 rpm,1840 rpm,1841 rpm,1859 rpm,1863 rpm,1826 rpm,1400 rpm,1901 rpm
2026-09-15 05:04:00,,73 °C,81 °C,64 °C,77 °C,81 °C,85.5 °C,83 °C,71 °C,60 °C,79 °C,,1850 rpm,800 rpm,1883 rpm,1864 rpm,1854 rpm,1851 rpm,1880 rpm,1854 rpm,1400 rpm,1886 rpm
2026-09-15 05:04:20,68 °C,74 °C,,64.3 °C,,,86 °C,83 °C,,60 °C,,,1838 rpm,,1888 rpm,,,1849 rpm,1873 rpm,,1400 rpm,
2026-09-15 05:04:40,68 °C,73.5 °C,81 °C,65 °C,77 °C,81 °C,86 °C,83 °C,70 °C,60 °C,79 °C,,1670 rpm,799 rpm,1893 rpm,1861 rpm,1878 rpm,1873 rpm,1841 rpm,1849 rpm,1400 rpm,1842 rpm
2026-09-15 05:05:00,,73 °C,81 °C,65 °C,77 °C,81 °C,86 °C,83 °C,71 °C,60 °C,79 °C,,1855 rpm,800 rpm,1886 rpm,1836 rpm,1862 rpm,1850 rpm,1857 rpm,1850 rpm,1838 rpm,1893 rpm
2026-09-15 05:05:20,68 °C,73 °C,,65 °C,78 °C,81 °C,86 °C,83 °C,70.3 °C,61 °C,78.5 °C,,1857 rpm,800 rpm,1896 rpm,1847 rpm,1862 rpm,1862 rpm,1842 rpm,1854 rpm,1890 rpm,1846 rpm
2026-09-15 05:05:40,68 °C,73.6 °C,,65 °C,77.3 °C,81 °C,86 °C,83 °C,72 °C,61 °C,78.3 °C,,1870 rpm,800 rpm,1890 rpm,1876 rpm,1850 rpm,1866 rpm,1885 rpm,1691 rpm,1898 rpm,1847 rpm
2026-09-15 05:06:00,68 °C,73.7 °C,,65.5 °C,78 °C,,86 °C,83 °C,67 °C,61 °C,78.3 °C,,1849 rpm,800 rpm,1897 rpm,1855 rpm,1855 rpm,1862 rpm,1851 rpm,1713 rpm,1774 rpm,1854 rpm
2026-09-15 05:06:20,68 °C,74 °C,,65.8 °C,78 °C,,86 °C,83 °C,70.5 °C,61.8 °C,78.3 °C,,1865 rpm,800 rpm,1894 rpm,1846 rpm,1856 rpm,1847 rpm,1869 rpm,1859 rpm,1898 rpm,1884 rpm
2026-09-15 05:06:40,68 °C,74 °C,80 °C,66 °C,78 °C,,86 °C,83 °C,68.8 °C,62 °C,79 °C,,1870 rpm,800 rpm,1895 rpm,1869 rpm,1874 rpm,1878 rpm,1868 rpm,1874 rpm,1900 rpm,1875 rpm
2026-09-15 05:07:00,68 °C,74 °C,80 °C,66 °C,78 °C,,86 °C,83 °C,69.5 °C,62 °C,79 °C,,1841 rpm,800 rpm,1898 rpm,1843 rpm,1839 rpm,1852 rpm,1891 rpm,1864 rpm,1900 rpm,1855 rpm
2026-09-15 05:07:20,68 °C,74 °C,80 °C,66 °C,78 °C,,86 °C,83 °C,69.8 °C,62 °C,79 °C,,1865 rpm,800 rpm,1899 rpm,1690 rpm,1867 rpm,1881 rpm,1882 rpm,1867 rpm,1896 rpm,1892 rpm
2026-09-15 05:07:40,68 °C,74 °C,80 °C,66.3 °C,78 °C,,86 °C,83 °C,68.8 °C,62.8 °C,79 °C,,1853 rpm,1329 rpm,1886 rpm,1868 rpm,1867 rpm,1864 rpm,1851 rpm,1859 rpm,1893 rpm,1876 rpm
2026-09-15 05:08:00,68 °C,74 °C,80.5 °C,66.8 °C,78 °C,,86 °C,83 °C,70.5 °C,63 °C,79 °C,,1850 rpm,1899 rpm,1880 rpm,1837 rpm,1860 rpm,1880 rpm,1518 rpm,1866 rpm,1902 rpm,1853 rpm
2026-09-15 05:08:20,68 °C,74 °C,81 °C,67 °C,78 °C,,86 °C,83 °C,69.5 °C,63 °C,79 °C,,1849 rpm,1879 rpm,1896 rpm,1844 rpm,1846 rpm,1856 rpm,1729 rpm,1875 rpm,1896 rpm,1861 rpm
2026-09-15 05:08:40,68 °C,74 °C,81 °C,67 °C,78 °C,,86 °C,83 °C,69 °C,63 °C,79 °C,,1875 rpm,1845 rpm,1893 rpm,1875 rpm,1871 rpm,1858 rpm,1850 rpm,1842 rpm,1895 rpm,1838 rpm
2026-09-15 05:09:00,68 °C,,81 °C,67 °C,78 °C,81 °C,86 °C,83 °C,73.5 °C,63 °C,79 °C,,1846 rpm,1871 rpm,1893 rpm,1838 rpm,1843 rpm,1848 rpm,1863 rpm,1870 rpm,1899 rpm,1872 rpm
2026-09-15 05:09:20,68 °C,,81 °C,67 °C,78 °C,81 °C,86 °C,83 °C,72.5 °C,63 °C,79 °C,,1876 rpm,1846 rpm,1887 rpm,1874 rpm,1842 rpm,1863 rpm,1858 rpm,1853 rpm,1900 rpm,1848 rpm
2026-09-15 05:09:40,68 °C,,81 °C,67 °C,78 °C,81 °C,86 °C,83 °C,71.5 °C,63 °C,79 °C,,1870 rpm,1865 rpm,1888 rpm,1843 rpm,1856 rpm,1860 rpm,1844 rpm,1582 rpm,1898 rpm,1869 rpm
2026-09-15 05:10:00,68.3 °C,,81 °C,67 °C,78 °C,81 °C,86 °C,83 °C,73.5 °C,63 °C,79 °C,,1831 rpm,1837 rpm,1892 rpm,1855 rpm,1863 rpm,1870 rpm,1858 rpm,1879 rpm,1883 rpm,1855 rpm
2026-09-15 05:10:20,69 °C,,81.5 °C,67 °C,78 °C,81 °C,86 °C,83 °C,71 °C,63 °C,79 °C,,1854 rpm,1844 rpm,1888 rpm,1863 rpm,1845 rpm,1856 rpm,1843 rpm,1842 rpm,1900 rpm,1883 rpm
2026-09-15 05:10:40,,,,67 °C,,81 °C,86 °C,83 °C,,63 °C,,,1871 rpm,,1888 rpm,,1401 rpm,1847 rpm,1872 rpm,,1898 rpm,
2026-09-15 05:11:00,69 °C,,83 °C,67 °C,78 °C,,86 °C,83 °C,69 °C,63 °C,79 °C,,1870 rpm,1900 rpm,1895 rpm,,1838 rpm,1892 rpm,1860 rpm,1841 rpm,1901 rpm,1870 rpm
2026-09-15 05:11:20,69 °C,,83 °C,67.8 °C,78 °C,80 °C,86 °C,83 °C,69.5 °C,63.3 °C,79 °C,,1842 rpm,1353 rpm,1890 rpm,1836 rpm,1400 rpm,1851 rpm,1875 rpm,1849 rpm,1898 rpm,1855 rpm
2026-09-15 05:11:40,,,83 °C,68 °C,,,86 °C,83 °C,,64 °C,,,1874 rpm,1840 rpm,1891 rpm,,,1893 rpm,1844 rpm,,1896 rpm,
2026-09-15 05:12:00,69 °C,,83 °C,68 °C,78 °C,80 °C,86 °C,83 °C,74 °C,64 °C,79 °C,,1864 rpm,1834 rpm,1886 rpm,1855 rpm,1400 rpm,1868 rpm,1881 rpm,,1899 rpm,1843 rpm
2026-09-15 05:12:20,,,83 °C,68 °C,,80 °C,86 °C,83 °C,,64 °C,,,1865 rpm,1892 rpm,1877 rpm,,1400 rpm,1858 rpm,1847 rpm,,1899 rpm,
2026-09-15 05:12:40,69 °C,,83 °C,68 °C,78 °C,79.8 °C,86 °C,83 °C,71.2 °C,64 °C,79 °C,,1866 rpm,1872 rpm,1878 rpm,1859 rpm,1399 rpm,1862 rpm,1878 rpm,1870 rpm,1898 rpm,1876 rpm
2026-09-15 05:13:00,69 °C,76 °C,83 °C,68 °C,79 °C,79 °C,86 °C,83 °C,70 °C,64 °C,79 °C,,1864 rpm,1845 rpm,1893 rpm,1853 rpm,1400 rpm,1882 rpm,1834 rpm,1761 rpm,1899 rpm,1888 rpm
2026-09-15 05:13:20,69 °C,76 °C,83 °C,68 °C,78.3 °C,79 °C,86 °C,83 °C,70.3 °C,64 °C,79.8 °C,,1854 rpm,1855 rpm,1900 rpm,1856 rpm,1400 rpm,1870 rpm,1887 rpm,1872 rpm,1899 rpm,1848 rpm
2026-09-15 05:13:40,69 °C,76 °C,83 °C,68 °C,78.5 °C,79 °C,86 °C,83 °C,68.3 °C,64.3 °C,79 °C,,1847 rpm,1854 rpm,1346 rpm,1849 rpm,1400 rpm,1869 rpm,1876 rpm,1852 rpm,1899 rpm,1872 rpm
2026-09-15 05:14:00,69 °C,76 °C,83 °C,67.3 °C,79 °C,79 °C,86 °C,83 °C,71.3 °C,65 °C,79 °C,,1875 rpm,1855 rpm,800 rpm,1858 rpm,1400 rpm,1860 rpm,1856 rpm,1858 rpm,1899 rpm,1849 rpm
2026-09-15 05:14:20,69 °C,76 °C,83.3 °C,67 °C,78.3 °C,79 °C,86 °C,83 °C,68.5 °C,65 °C,79 °C,,1861 rpm,1881 rpm,800 rpm,1839 rpm,1400 rpm,1865 rpm,1400 rpm,1866 rpm,1899 rpm,1867 rpm
2026-09-15 05:14:40,69 °C,76.8 °C,83.5 °C,67 °C,78.8 °C,79 °C,86 °C,81.5 °C,71 °C,65 °C,79 °C,,1849 rpm,1874 rpm,800 rpm,1868 rpm,1400 rpm,1854 rpm,1627 rpm,1853 rpm,1899 rpm,1849 rpm
2026-09-15 05:15:00,69 °C,77 °C,84 °C,67 °C,79 °C,78.3 °C,86 °C,83 °C,69.8 °C,65 °C,79 °C,,1864 rpm,1839 rpm,800 rpm,1835 rpm,1400 rpm,1859 rpm,1884 rpm,1865 rpm,1899 rpm,1854 rpm
2026-09-15 05:15:20,69 °C,76.8 °C,83 °C,66.8 °C,79 °C,78 °C,86 °C,81.5 °C,68.8 °C,65 °C,79 °C,,1841 rpm,1873 rpm,800 rpm,1776 rpm,1400 rpm,1838 rpm,1845 rpm,1858 rpm,1405 rpm,1848 rpm
2026-09-15 05:15:40,69 °C,77 °C,84 °C,66 °C,79 °C,78 °C,86 °C,82.5 °C,72.5 °C,65 °C,79 °C,,1859 rpm,1862 rpm,854 rpm,1869 rpm,1400 rpm,1871 rpm,1894 rpm,1850 rpm,1400 rpm,1871 rpm
2026-09-15 05:16:00,69 °C,,83.5 °C,66 °C,79 °C,78 °C,86 °C,83 °C,71.5 °C,65 °C,79 °C,,1863 rpm,1862 rpm,800 rpm,1869 rpm,1400 rpm,1852 rpm,1844 rpm,1875 rpm,1525 rpm,1856 rpm
2026-09-15 05:16:20,68.3 °C,,84 °C,66 °C,79 °C,78 °C,86 °C,83 °C,73 °C,65 °C,79 °C,,1871 rpm,1878 rpm,799 rpm,1840 rpm,1400 rpm,1851 rpm,1901 rpm,1844 rpm,1400 rpm,1869 rpm
2026-09-15 05:16:40,68 °C,,84 °C,66 °C,79 °C,78 °C,86 °C,83 °C,72.5 °C,65 °C,79 °C,,1856 rpm,1825 rpm,800 rpm,1880 rpm,1400 rpm,1869 rpm,1848 rpm,1862 rpm,1401 rpm,1839 rpm
2026-09-15 05:17:00,68 °C,,84 °C,65.3 °C,79 °C,77.5 °C,86 °C,82.5 °C,74.8 °C,64.8 °C,79 °C,,1847 rpm,1852 rpm,800 rpm,1831 rpm,1399 rpm,1878 rpm,1859 rpm,1863 rpm,1400 rpm,1864 rpm
2026-09-15 05:17:20,68 °C,,84 °C,65 °C,79 °C,77 °C,86 °C,82.5 °C,69.5 °C,64 °C,79 °C,,1884 rpm,1871 rpm,800 rpm,1866 rpm,1399 rpm,1860 rpm,1864 rpm,1852 rpm,1401 rpm,1841 rpm
2026-09-15 05:17:40,68 °C,,83.8 °C,65 °C,79 °C,77 °C,86 °C,83 °C,74.5 °C,64 °C,79 °C,,1864 rpm,1853 rpm,800 rpm,1857 rpm,1400 rpm,1857 rpm,1849 rpm,1871 rpm,1400 rpm,1862 rpm
2026-09-15 05:18:00,68 °C,77 °C,84 °C,65 °C,79 °C,77 °C,86 °C,83 °C,73.3 °C,64 °C,79 °C,,1855 rpm,1859 rpm,799 rpm,1870 rpm,1399 rpm,1852 rpm,1867 rpm,1854 rpm,1400 rpm,1866 rpm
2026-09-15 05:18:20,,77 °C,84 °C,65 °C,,,86 °C,83 °C,,64 °C,,,1875 rpm,1860 rpm,800 rpm,,,1879 rpm,1862 rpm,,1400 rpm,
2026-09-15 05:18:40,68 °C,77 °C,84 °C,65 °C,79 °C,77 °C,86 °C,83 °C,74 °C,64 °C,79 °C,,1852 rpm,1845 rpm,800 rpm,1836 rpm,1586 rpm,1852 rpm,1868 rpm,1858 rpm,1400 rpm,1910 rpm
2026-09-15 05:19:00,,77 °C,84 °C,64.3 °C,,77 °C,86 °C,83 °C,,64 °C,,,1861 rpm,1895 rpm,799 rpm,,1743 rpm,1859 rpm,1885 rpm,,1399 rpm,1869 rpm
2026-09-15 05:19:20,68 °C,77 °C,84 °C,64 °C,79 °C,77 °C,86 °C,83 °C,75.2 °C,64 °C,79.6 °C,,1844 rpm,1858 rpm,800 rpm,1848 rpm,1865 rpm,1871 rpm,1850 rpm,1864 rpm,1400 rpm,1864 rpm
2026-09-15 05:19:40,68 °C,,84 °C,64 °C,79 °C,77 °C,86 °C,83 °C,73 °C,64 °C,80 °C,,1884 rpm,1843 rpm,800 rpm,1883 rpm,1843 rpm,1846 rpm,1869 rpm,1864 rpm,1400 rpm,1863 rpm
2026-09-15 05:20:00,68 °C,,84 °C,64 °C,79 °C,77 °C,86 °C,83 °C,71.7 °C,64 °C,80 °C,,1855 rpm,1869 rpm,800 rpm,1843 rpm,1885 rpm,1829 rpm,1875 rpm,1866 rpm,1400 rpm,1853 rpm
2026-09-15 05:20:20,,,84 °C,64 °C,,78 °C,86 °C,83 °C,,63.8 °C,,,1868 rpm,,800 rpm,,1853 rpm,1871 rpm,1897 rpm,,1400 rpm,
2026-09-15 05:20:40,68 °C,,,64 °C,79 °C,,86 °C,83 °C,69 °C,63.5 °C,80 °C,,1875 rpm,1867 rpm,800 rpm,1627 rpm,,1865 rpm,1886 rpm,1912 rpm,1400 rpm,1846 rpm
2026-09-15 05:21:00,68 °C,,,63.3 °C,79 °C,,86 °C,83 °C,68.5 °C,63 °C,80 °C,,1855 rpm,1865 rpm,800 rpm,1836 rpm,1850 rpm,1859 rpm,1892 rpm,1849 rpm,1400 rpm,1832 rpm
2026-09-15 05:21:20,68 °C,,,63 °C,79 °C,,86 °C,83 °C,73.8 °C,63 °C,79.8 °C,,1864 rpm,1838 rpm,800 rpm,1853 rpm,1863 rpm,1863 rpm,1897 rpm,1881 rpm,1400 rpm,1866 rpm
2026-09-15 05:21:40,68 °C,,84 °C,63 °C,79 °C,,86 °C,83 °C,76.5 °C,63 °C,79 °C,,1879 rpm,1852 rpm,801 rpm,1859 rpm,1865 rpm,1848 rpm,1861 rpm,1878 rpm,1400 rpm,1849 rpm
2026-09-15 05:22:00,68 °C,,85.5 °C,63 °C,79 °C,,86 °C,83 °C,76.5 °C,63 °C,79.3 °C,,1864 rpm,1853 rpm,800 rpm,1841 rpm,1874 rpm,1879 rpm,1892 rpm,1882 rpm,1400 rpm,1845 rpm
2026-09-15 05:22:20,68 °C,,84 °C,63 °C,79 °C,,86 °C,83 °C,76.3 °C,63 °C,79 °C,,1863 rpm,1843 rpm,800 rpm,1881 rpm,1876 rpm,1848 rpm,1858 rpm,1880 rpm,1400 rpm,1869 rpm
2026-09-15 05:22:40,68 °C,,85.5 °C,63 °C,79 °C,,86 °C,83 °C,77 °C,63 °C,79 °C,,1872 rpm,1874 rpm,800 rpm,1840 rpm,1877 rpm,1871 rpm,1866 rpm,1650 rpm,1401 rpm,1853 rpm
2026-09-15 05:23:00,,78 °C,86 °C,63 °C,,,86 °C,83 °C,,63 °C,,,1883 rpm,1824 rpm,800 rpm,,1867 rpm,1857 rpm,1871 rpm,,1400 rpm,
2026-09-15 05:23:20,68 °C,78 °C,84 °C,63 °C,79 °C,,86 °C,83 °C,74 °C,63 °C,79 °C,,1877 rpm,1869 rpm,800 rpm,1831 rpm,1869 rpm,1854 rpm,1870 rpm,1401 rpm,1400 rpm,1860 rpm
2026-09-15 05:23:40,,78 °C,84 °C,63 °C,,,86 °C,83 °C,,63 °C,,,1876 rpm,,800 rpm,,1892 rpm,1865 rpm,1859 rpm,,1401 rpm,
2026-09-15 05:24:00,68 °C,78 °C,84 °C,63 °C,79 °C,79 °C,86 °C,83 °C,73 °C,63 °C,80 °C,,1856 rpm,1852 rpm,800 rpm,1849 rpm,1889 rpm,1855 rpm,1860 rpm,1010 rpm,1400 rpm,1848 rpm
2026-09-15 05:24:20,68 °C,78 °C,85 °C,63 °C,79 °C,78 °C,86 °C,83 °C,73 °C,63 °C,80 °C,,1879 rpm,1866 rpm,800 rpm,1833 rpm,1400 rpm,1876 rpm,1861 rpm,1749 rpm,1400 rpm,1885 rpm
2026-09-15 05:24:40,67 °C,78 °C,86 °C,63 °C,79 °C,78 °C,86 °C,83 °C,76 °C,63 °C,80 °C,,1878 rpm,1840 rpm,800 rpm,1841 rpm,1400 rpm,1857 rpm,1862 rpm,800 rpm,1400 rpm,1859 rpm
2026-09-15 05:25:00,,78 °C,,63 °C,,78 °C,86 °C,83 °C,,63 °C,,,1876 rpm,,800 rpm,,1555 rpm,1876 rpm,1863 rpm,,1859 rpm,
2026-09-15 05:25:20,67 °C,77.3 °C,86 °C,63 °C,79 °C,78 °C,86.3 °C,83 °C,74 °C,63 °C,79.5 °C,,1868 rpm,1861 rpm,800 rpm,1857 rpm,1400 rpm,1869 rpm,1849 rpm,800 rpm,1898 rpm,1840 rpm
2026-09-15 05:25:40,67 °C,77 °C,86 °C,62.8 °C,79 °C,77.8 °C,86.8 °C,83 °C,74 °C,63.8 °C,79 °C,,1870 rpm,1884 rpm,800 rpm,1857 rpm,1400 rpm,1846 rpm,1846 rpm,800 rpm,1899 rpm,1871 rpm
2026-09-15 05:26:00,66 °C,77 °C,86 °C,62 °C,79.3 °C,77 °C,86.5 °C,83 °C,73.5 °C,64 °C,79 °C,,1854 rpm,1888 rpm,800 rpm,1862 rpm,1400 rpm,1858 rpm,1844 rpm,800 rpm,1774 rpm,1855 rpm
2026-09-15 05:26:20,66 °C,77 °C,86 °C,62 °C,80 °C,77 °C,86.8 °C,83 °C,73 °C,64 °C,79 °C,,1873 rpm,1658 rpm,800 rpm,1849 rpm,1400 rpm,1865 rpm,1857 rpm,800 rpm,1899 rpm,1877 rpm
2026-09-15 05:26:40,66 °C,77 °C,85.5 °C,62 °C,80 °C,77 °C,86.3 °C,83 °C,73 °C,64 °C,79 °C,,1843 rpm,800 rpm,800 rpm,1850 rpm,949 rpm,1872 rpm,1853 rpm,800 rpm,1899 rpm,1866 rpm
2026-09-15 05:27:00,66 °C,77.3 °C,84 °C,62 °C,80 °C,77 °C,86.8 °C,83 °C,73 °C,64.3 °C,79 °C,799 rpm,1875 rpm,800 rpm,800 rpm,1853 rpm,799 rpm,1855 rpm,1860 rpm,800 rpm,1899 rpm,1854 rpm
2026-09-15 05:27:20,66 °C,77 °C,,62 °C,80 °C,76.3 °C,86.3 °C,83 °C,73.8 °C,64.5 °C,79 °C,800 rpm,1840 rpm,800 rpm,800 rpm,1870 rpm,800 rpm,1877 rpm,1840 rpm,1852 rpm,1899 rpm,1863 rpm
2026-09-15 05:27:40,65.5 °C,77 °C,,62 °C,80 °C,76 °C,87 °C,83 °C,73.3 °C,65 °C,79 °C,800 rpm,1842 rpm,800 rpm,800 rpm,1871 rpm,800 rpm,1869 rpm,1852 rpm,1847 rpm,1899 rpm,1848 rpm
2026-09-15 05:28:00,65 °C,77 °C,,62 °C,80 °C,76 °C,86.5 °C,83 °C,72.5 °C,65 °C,79 °C,800 rpm,1856 rpm,800 rpm,800 rpm,1877 rpm,800 rpm,1862 rpm,1856 rpm,1848 rpm,1901 rpm,1857 rpm
2026-09-15 05:28:20,65 °C,77 °C,,62 °C,80 °C,76 °C,86.8 °C,83 °C,73.3 °C,65 °C,79 °C,800 rpm,1872 rpm,800 rpm,800 rpm,1887 rpm,800 rpm,1879 rpm,1882 rpm,1612 rpm,1898 rpm,1901 rpm
2026-09-15 05:28:40,,77 °C,,61.3 °C,,70.5 °C,86.8 °C,83 °C,,65 °C,,,1891 rpm,,801 rpm,1845 rpm,806 rpm,1880 rpm,1540 rpm,,1900 rpm,
2026-09-15 05:29:00,65 °C,77.8 °C,,61 °C,79 °C,61.5 °C,87 °C,83 °C,70 °C,65 °C,78 °C,801 rpm,1857 rpm,800 rpm,800 rpm,,800 rpm,1882 rpm,1887 rpm,1834 rpm,1899 rpm,800 rpm
2026-09-15 05:29:20,,77.8 °C,,61 °C,79 °C,74.5 °C,86.8 °C,83 °C,69 °C,65 °C,78 °C,,1850 rpm,800 rpm,800 rpm,800 rpm,800 rpm,1399 rpm,1875 rpm,1841 rpm,1901 rpm,1332 rpm
2026-09-15 05:29:40,64.3 °C,77.3 °C,,61 °C,79 °C,74.5 °C,86 °C,83 °C,68.3 °C,65.3 °C,78 °C,800 rpm,1883 rpm,800 rpm,800 rpm,800 rpm,800 rpm,1512 rpm,1849 rpm,1854 rpm,1900 rpm,800 rpm
2026-09-15 05:30:00,64 °C,77.8 °C,,61 °C,79 °C,74 °C,86 °C,83 °C,70 °C,66 °C,78 °C,800 rpm,1849 rpm,800 rpm,800 rpm,800 rpm,800 rpm,1400 rpm,1858 rpm,1842 rpm,1900 rpm,800 rpm
2026-09-15 05:30:20,64 °C,78 °C,,61 °C,79 °C,74 °C,86 °C,83 °C,65 °C,66 °C,77 °C,,1857 rpm,799 rpm,800 rpm,,800 rpm,1400 rpm,1861 rpm,,1900 rpm,800 rpm
2026-09-15 05:30:40,,78 °C,,61 °C,,74 °C,86 °C,83 °C,,66 °C,,799 rpm,1864 rpm,801 rpm,800 rpm,800 rpm,801 rpm,1400 rpm,1864 rpm,,1900 rpm,
2026-09-15 05:31:00,64 °C,78 °C,,61 °C,78 °C,,86 °C,83 °C,64 °C,66 °C,77 °C,800 rpm,1867 rpm,,800 rpm,800 rpm,800 rpm,1400 rpm,1891 rpm,1893 rpm,1898 rpm,801 rpm
2026-09-15 05:31:20,,78 °C,,61 °C,78 °C,,86 °C,83 °C,72 °C,66 °C,77 °C,,1878 rpm,800 rpm,799 rpm,800 rpm,800 rpm,1400 rpm,1838 rpm,1904 rpm,1900 rpm,1320 rpm
2026-09-15 05:31:40,63 °C,78 °C,81 °C,60 °C,,,85 °C,83 °C,,66 °C,,800 rpm,1867 rpm,1169 rpm,800 rpm,,801 rpm,1400 rpm,1882 rpm,,1899 rpm,
2026-09-15 05:32:00,63 °C,78 °C,81 °C,60 °C,78 °C,,84 °C,83 °C,67 °C,66 °C,77 °C,,1842 rpm,,800 rpm,800 rpm,800 rpm,1400 rpm,1853 rpm,1912 rpm,1899 rpm,1870 rpm
2026-09-15 05:32:20,,78 °C,,60 °C,78 °C,,84 °C,83 °C,70 °C,66.5 °C,77 °C,,1694 rpm,801 rpm,800 rpm,800 rpm,800 rpm,1400 rpm,1873 rpm,1842 rpm,1899 rpm,1842 rpm
2026-09-15 05:32:40,63 °C,78 °C,81 °C,60 °C,,,84 °C,83 °C,,66.8 °C,,800 rpm,1875 rpm,800 rpm,800 rpm,800 rpm,800 rpm,1400 rpm,1841 rpm,,1899 rpm,
2026-09-15 05:33:00,,78 °C,80 °C,60 °C,77 °C,,84 °C,83 °C,66 °C,67 °C,77 °C,,1846 rpm,799 rpm,800 rpm,801 rpm,800 rpm,1401 rpm,1847 rpm,1827 rpm,1900 rpm,1842 rpm
2026-09-15 05:33:20,63 °C,78 °C,,60 °C,77 °C,,84 °C,83 °C,68 °C,67 °C,77 °C,800 rpm,1861 rpm,,799 rpm,800 rpm,800 rpm,1401 rpm,1840 rpm,1399 rpm,1890 rpm,
2026-09-15 05:33:40,63 °C,78 °C,80 °C,60 °C,,,84 °C,83 °C,,67 °C,,800 rpm,1849 rpm,800 rpm,800 rpm,,800 rpm,1400 rpm,1846 rpm,,1896 rpm,
2026-09-15 05:34:00,,78 °C,80 °C,60 °C,77 °C,,83.5 °C,83 °C,70 °C,67 °C,78 °C,800 rpm,1843 rpm,801 rpm,800 rpm,800 rpm,,1400 rpm,1848 rpm,1867 rpm,1895 rpm,1840 rpm
2026-09-15 05:34:20,63 °C,78 °C,,60 °C,77 °C,,83.5 °C,83 °C,70 °C,67 °C,78 °C,,1858 rpm,,800 rpm,800 rpm,,1400 rpm,1859 rpm,,1899 rpm,1871 rpm
2026-09-15 05:34:40,,78 °C,80 °C,60 °C,,,83 °C,83 °C,,67 °C,,,1857 rpm,800 rpm,800 rpm,,,1400 rpm,1844 rpm,,1900 rpm,
2026-09-15 05:35:00,63 °C,78 °C,80 °C,59 °C,77 °C,,83 °C,83 °C,71 °C,67 °C,78 °C,800 rpm,1872 rpm,800 rpm,800 rpm,800 rpm,,1400 rpm,1875 rpm,1836 rpm,1899 rpm,1881 rpm
2026-09-15 05:35:20,63 °C,78 °C,79.8 °C,59.3 °C,76.8 °C,,83 °C,83 °C,64 °C,67 °C,78 °C,800 rpm,1843 rpm,800 rpm,800 rpm,800 rpm,,1400 rpm,1887 rpm,1841 rpm,1901 rpm,1866 rpm
2026-09-15 05:35:40,63 °C,77.7 °C,79 °C,59 °C,76 °C,,83 °C,83 °C,,67 °C,78 °C,800 rpm,1861 rpm,800 rpm,800 rpm,800 rpm,,1400 rpm,1901 rpm,,1888 rpm,1794 rpm
2026-09-15 05:36:00,62 °C,77 °C,79 °C,59 °C,76 °C,,83 °C,83 °C,68.8 °C,67.3 °C,78 °C,800 rpm,1762 rpm,800 rpm,800 rpm,800 rpm,,1400 rpm,1869 rpm,1859 rpm,1884 rpm,1875 rpm
2026-09-15 05:36:20,62 °C,77 °C,79 °C,59 °C,76 °C,,83 °C,83 °C,66.5 °C,67 °C,78 °C,800 rpm,1888 rpm,800 rpm,800 rpm,800 rpm,,1400 rpm,1834 rpm,1854 rpm,1890 rpm,1882 rpm
2026-09-15 05:36:40,62 °C,77 °C,79 °C,59 °C,76 °C,,83 °C,83 °C,69 °C,68 °C,78 °C,800 rpm,1895 rpm,800 rpm,800 rpm,800 rpm,,1400 rpm,1744 rpm,1888 rpm,1891 rpm,1851 rpm
2026-09-15 05:37:00,62 °C,77 °C,79 °C,59 °C,76 °C,,83 °C,83 °C,66.5 °C,68 °C,78 °C,800 rpm,1846 rpm,800 rpm,800 rpm,800 rpm,,1400 rpm,1766 rpm,1811 rpm,1890 rpm,1868 rpm
2026-09-15 05:37:20,62 °C,77 °C,79 °C,59 °C,76 °C,,83 °C,82.5 °C,72.3 °C,68 °C,78 °C,800 rpm,1897 rpm,800 rpm,799 rpm,800 rpm,,1400 rpm,1646 rpm,1889 rpm,1886 rpm,1870 rpm
2026-09-15 05:37:40,62 °C,77 °C,79 °C,59 °C,75 °C,,83 °C,83 °C,70.8 °C,68 °C,78 °C,800 rpm,1841 rpm,800 rpm,800 rpm,800 rpm,,1400 rpm,1847 rpm,1807 rpm,1889 rpm,1863 rpm
2026-09-15 05:38:00,61.5 °C,77 °C,79 °C,59 °C,74 °C,,83 °C,83 °C,69.3 °C,68 °C,78 °C,800 rpm,1876 rpm,800 rpm,800 rpm,800 rpm,,1400 rpm,1862 rpm,1870 rpm,1898 rpm,1860 rpm
2026-09-15 05:38:20,61 °C,77 °C,78.8 °C,59 °C,74 °C,,82 °C,83 °C,69.5 °C,68 °C,78 °C,800 rpm,1847 rpm,800 rpm,799 rpm,800 rpm,,1400 rpm,1843 rpm,1850 rpm,1527 rpm,1861 rpm
2026-09-15 05:38:40,61 °C,77 °C,78 °C,59 °C,74 °C,,81 °C,83 °C,70.8 °C,67.3 °C,78 °C,800 rpm,1866 rpm,800 rpm,800 rpm,800 rpm,,1401 rpm,1859 rpm,1871 rpm,1400 rpm,1846 rpm
2026-09-15 05:39:00,61 °C,77 °C,78 °C,59 °C,74 °C,,81 °C,83 °C,70 °C,67 °C,78 °C,800 rpm,1856 rpm,800 rpm,800 rpm,800 rpm,,1400 rpm,1854 rpm,1863 rpm,1400 rpm,1865 rpm
2026-09-15 05:39:20,61 °C,77 °C,78 °C,59 °C,74 °C,,81 °C,83 °C,69 °C,67 °C,78 °C,800 rpm,1858 rpm,800 rpm,800 rpm,800 rpm,,1400 rpm,1846 rpm,1876 rpm,1400 rpm,1846 rpm
2026-09-15 05:39:40,61 °C,77 °C,78 °C,59 °C,74 °C,,81 °C,83 °C,66 °C,67 °C,78 °C,800 rpm,1884 rpm,800 rpm,800 rpm,800 rpm,,1400 rpm,1863 rpm,1873 rpm,1400 rpm,1859 rpm
2026-09-15 05:40:00,61 °C,77 °C,78 °C,59 °C,74 °C,,81 °C,83 °C,66.8 °C,67 °C,78 °C,800 rpm,1873 rpm,800 rpm,800 rpm,800 rpm,,1400 rpm,1843 rpm,1846 rpm,1517 rpm,1849 rpm
2026-09-15 05:40:20,61 °C,77 °C,78 °C,59 °C,73.3 °C,,81 °C,83 °C,66 °C,67 °C,78.5 °C,800 rpm,1847 rpm,800 rpm,800 rpm,800 rpm,,1400 rpm,1850 rpm,1851 rpm,1400 rpm,1874 rpm
2026-09-15 05:40:40,60.5 °C,76.8 °C,78 °C,59 °C,73 °C,,81 °C,83 °C,69 °C,66.8 °C,78.5 °C,800 rpm,1868 rpm,800 rpm,800 rpm,800 rpm,,1400 rpm,1842 rpm,1872 rpm,1400 rpm,1853 rpm
2026-09-15 05:41:00,60 °C,77 °C,77.8 °C,59 °C,73 °C,,81 °C,83 °C,68.5 °C,66 °C,78.3 °C,800 rpm,1847 rpm,800 rpm,800 rpm,800 rpm,,1399 rpm,1864 rpm,1862 rpm,1400 rpm,1840 rpm
2026-09-15 05:41:20,60 °C,77 °C,77.8 °C,59 °C,73 °C,,81 °C,83 °C,68 °C,66 °C,78 °C,800 rpm,1876 rpm,800 rpm,800 rpm,800 rpm,,1400 rpm,1841 rpm,1864 rpm,1400 rpm,1848 rpm
2026-09-15 05:41:40,60 °C,77 °C,77 °C,59 °C,73 °C,,81 °C,83 °C,73.5 °C,66 °C,78.3 °C,800 rpm,1859 rpm,800 rpm,800 rpm,800 rpm,,1400 rpm,1842 rpm,1863 rpm,1400 rpm,1863 rpm
2026-09-15 05:42:00,60 °C,77 °C,77 °C,59 °C,73 °C,,80.8 °C,83 °C,70.3 °C,66 °C,78 °C,800 rpm,1863 rpm,800 rpm,800 rpm,800 rpm,,1400 rpm,1836 rpm,1876 rpm,1400 rpm,1883 rpm
2026-09-15 05:42:20,60 °C,77 °C,77 °C,59 °C,73 °C,,80.8 °C,83 °C,70.8 °C,66 °C,78 °C,800 rpm,1864 rpm,1308 rpm,800 rpm,800 rpm,,1400 rpm,1898 rpm,1873 rpm,1400 rpm,1880 rpm
2026-09-15 05:42:40,60 °C,77 °C,78 °C,58.5 °C,72.8 °C,,80.8 °C,83 °C,72.5 °C,66 °C,78.3 °C,800 rpm,1866 rpm,1896 rpm,800 rpm,800 rpm,,1400 rpm,1832 rpm,1774 rpm,1400 rpm,1868 rpm
2026-09-15 05:43:00,60 °C,77 °C,78 °C,58 °C,72.3 °C,,80 °C,83 °C,72 °C,66 °C,78.8 °C,800 rpm,1851 rpm,1864 rpm,800 rpm,800 rpm,,1400 rpm,1856 rpm,800 rpm,1400 rpm,1903 rpm
2026-09-15 05:43:20,59 °C,77 °C,78 °C,58 °C,72 °C,,80 °C,83 °C,72 °C,66 °C,79 °C,800 rpm,1859 rpm,1868 rpm,800 rpm,800 rpm,,1400 rpm,1681 rpm,800 rpm,1400 rpm,1885 rpm
2026-09-15 05:43:40,59 °C,,78 °C,58 °C,72 °C,,80 °C,83 °C,71.5 °C,65.8 °C,78.5 °C,800 rpm,1855 rpm,1870 rpm,800 rpm,800 rpm,,1400 rpm,1833 rpm,800 rpm,1400 rpm,1899 rpm
2026-09-15 05:44:00,59 °C,,78 °C,58 °C,72 °C,,80 °C,83 °C,69.7 °C,65.8 °C,79 °C,800 rpm,1852 rpm,1875 rpm,800 rpm,800 rpm,,1400 rpm,1837 rpm,800 rpm,1286 rpm,1900 rpm
2026-09-15 05:44:20,59 °C,,79 °C,58.3 °C,72 °C,,80 °C,83 °C,68.5 °C,65 °C,78 °C,800 rpm,1897 rpm,1891 rpm,1347 rpm,800 rpm,,1400 rpm,1842 rpm,800 rpm,800 rpm,1900 rpm
2026-09-15 05:44:40,59 °C,,79 °C,59 °C,72 °C,,80 °C,83 °C,68.5 °C,65 °C,78 °C,800 rpm,1872 rpm,1901 rpm,1872 rpm,800 rpm,,1401 rpm,1867 rpm,800 rpm,653 rpm,1856 rpm
2026-09-15 05:45:00,59 °C,,78.8 °C,59 °C,72 °C,,80 °C,83 °C,68.5 °C,63.3 °C,78 °C,800 rpm,1872 rpm,1863 rpm,1863 rpm,800 rpm,,1753 rpm,1871 rpm,800 rpm,0 rpm,1888 rpm
2026-09-15 05:45:20,59 °C,,79 °C,59.3 °C,72 °C,,80 °C,83 °C,68.5 °C,63 °C,78 °C,800 rpm,1862 rpm,1858 rpm,1885 rpm,1132 rpm,,1891 rpm,1847 rpm,800 rpm,0 rpm,1867 rpm
2026-09-15 05:45:40,59 °C,,79 °C,60 °C,72 °C,,80 °C,83 °C,68.3 °C,63 °C,78 °C,800 rpm,1862 rpm,1853 rpm,1624 rpm,1400 rpm,,1757 rpm,1852 rpm,211 rpm,0 rpm,1851 rpm
2026-09-15 05:46:00,59 °C,,79 °C,60 °C,72 °C,,80.5 °C,83 °C,62.8 °C,63 °C,78 °C,800 rpm,1867 rpm,1843 rpm,1872 rpm,1401 rpm,,1888 rpm,1854 rpm,533 rpm,350 rpm,1876 rpm
2026-09-15 05:46:20,59 °C,,79 °C,61 °C,72 °C,,81 °C,83 °C,65 °C,63 °C,,800 rpm,1854 rpm,1579 rpm,1881 rpm,1816 rpm,,1876 rpm,1867 rpm,800 rpm,0 rpm,
2026-09-15 05:46:40,59 °C,,79 °C,61 °C,72 °C,,81 °C,83.5 °C,66.8 °C,63 °C,78 °C,800 rpm,1863 rpm,1867 rpm,1871 rpm,1644 rpm,,1867 rpm,1847 rpm,800 rpm,0 rpm,1899 rpm
2026-09-15 05:47:00,59 °C,,79.3 °C,61.8 °C,72 °C,,81 °C,83.5 °C,67 °C,63 °C,78 °C,800 rpm,1890 rpm,1860 rpm,1876 rpm,1871 rpm,,1888 rpm,1848 rpm,800 rpm,0 rpm,1838 rpm
2026-09-15 05:47:20,59 °C,,80 °C,62 °C,72 °C,,81 °C,84 °C,67 °C,63 °C,78 °C,800 rpm,978 rpm,1900 rpm,1861 rpm,1884 rpm,,1888 rpm,1873 rpm,800 rpm,0 rpm,1855 rpm
2026-09-15 05:47:40,59 °C,,79.8 °C,62.5 °C,72 °C,,81 °C,83.8 °C,67.5 °C,63 °C,78.5 °C,800 rpm,800 rpm,1881 rpm,1859 rpm,1850 rpm,,1890 rpm,1842 rpm,800 rpm,0 rpm,1848 rpm
2026-09-15 05:48:00,59 °C,72.4 °C,79.8 °C,63 °C,72.8 °C,,81 °C,84 °C,,63 °C,78.8 °C,800 rpm,1057 rpm,1845 rpm,1860 rpm,1837 rpm,,1889 rpm,1848 rpm,,0 rpm,1843 rpm
2026-09-15 05:48:20,59 °C,73.1 °C,80 °C,63 °C,72.8 °C,,81 °C,84 °C,68 °C,63 °C,78.3 °C,800 rpm,752 rpm,1854 rpm,1846 rpm,1716 rpm,,1893 rpm,1880 rpm,,0 rpm,1860 rpm
2026-09-15 05:48:40,58 °C,72.1 °C,79.5 °C,63 °C,72 °C,,81 °C,84 °C,68 °C,63 °C,79 °C,800 rpm,29.9 rpm,1875 rpm,1888 rpm,1400 rpm,,1889 rpm,1841 rpm,800 rpm,0 rpm,1855 rpm
2026-09-15 05:49:00,58 °C,70 °C,80 °C,63 °C,,,81 °C,84 °C,68 °C,63 °C,,800 rpm,,1879 rpm,1867 rpm,,,1887 rpm,1749 rpm,800 rpm,0 rpm,
2026-09-15 05:49:20,58 °C,71 °C,80 °C,63 °C,73 °C,,81 °C,84 °C,,63 °C,79 °C,800 rpm,,1870 rpm,1902 rpm,1400 rpm,,1889 rpm,1580 rpm,,0 rpm,1843 rpm
2026-09-15 05:49:40,58 °C,70.8 °C,80 °C,63 °C,72 °C,,81 °C,83.3 °C,,63 °C,79 °C,800 rpm,,1878 rpm,1882 rpm,1399 rpm,,1891 rpm,1841 rpm,,0 rpm,1864 rpm
2026-09-15 05:50:00,58 °C,70 °C,80 °C,63.8 °C,72 °C,,81 °C,84 °C,,62.2 °C,78.8 °C,800 rpm,,1879 rpm,1851 rpm,1400 rpm,,1891 rpm,1867 rpm,,732 rpm,1883 rpm
2026-09-15 05:50:20,58 °C,70.8 °C,80 °C,63.8 °C,72 °C,,80.5 °C,84 °C,,62.5 °C,79 °C,800 rpm,,1877 rpm,1236 rpm,1400 rpm,,1880 rpm,1858 rpm,,734 rpm,1880 rpm
2026-09-15 05:50:40,58 °C,70.3 °C,80 °C,63 °C,72 °C,,81 °C,84 °C,,62.6 °C,79 °C,801 rpm,,1887 rpm,800 rpm,1400 rpm,,1883 rpm,1862 rpm,,934 rpm,1858 rpm
2026-09-15 05:51:00,58 °C,70 °C,80 °C,63 °C,73 °C,,80.8 °C,84 °C,,62.5 °C,77 °C,,,1901 rpm,800 rpm,1900 rpm,,1887 rpm,1748 rpm,,1900 rpm,59.3 rpm
2026-09-15 05:51:20,,,,63 °C,,,81 °C,84 °C,,63 °C,76 °C,800 rpm,,1861 rpm,801 rpm,,,1883 rpm,1856 rpm,,1880 rpm,0 rpm
2026-09-15 05:51:40,58 °C,,80.3 °C,63 °C,72 °C,,81 °C,84 °C,,63 °C,,1899 rpm,,1864 rpm,1074 rpm,1883 rpm,,1883 rpm,1851 rpm,,1899 rpm,
2026-09-15 05:52:00,59 °C,,80 °C,63 °C,72 °C,,80.8 °C,84 °C,,63 °C,64 °C,1603 rpm,,1848 rpm,800 rpm,1868 rpm,,1880 rpm,1858 rpm,,1901 rpm,801 rpm
2026-09-15 05:52:20,,,,63 °C,,,81 °C,84 °C,,63 °C,65.5 °C,,,,800 rpm,,,1691 rpm,1849 rpm,,1899 rpm,800 rpm
2026-09-15 05:52:40,59 °C,,80 °C,63 °C,72 °C,,80 °C,84 °C,,63.8 °C,69.8 °C,1878 rpm,,1830 rpm,801 rpm,1400 rpm,,1651 rpm,1883 rpm,,1900 rpm,800 rpm
2026-09-15 05:53:00,,,81 °C,63 °C,73 °C,,81 °C,84 °C,,64 °C,71.3 °C,,,1833 rpm,800 rpm,1836 rpm,,1878 rpm,1835 rpm,,1900 rpm,1577 rpm
2026-09-15 05:53:20,59.6 °C,,81 °C,63 °C,73 °C,,80.8 °C,84 °C,,64 °C,73 °C,1870 rpm,,1861 rpm,800 rpm,1835 rpm,,1889 rpm,1870 rpm,,1899 rpm,1870 rpm
2026-09-15 05:53:40,60 °C,,81 °C,62 °C,73 °C,,81 °C,84 °C,,64.3 °C,73.3 °C,1902 rpm,,1881 rpm,800 rpm,1862 rpm,,1885 rpm,1833 rpm,,1897 rpm,1888 rpm
2026-09-15 05:54:00,60.5 °C,,,62 °C,73 °C,,81 °C,84 °C,,64.5 °C,74 °C,1878 rpm,,1850 rpm,800 rpm,1837 rpm,,1838 rpm,1869 rpm,,1797 rpm,1881 rpm
2026-09-15 05:54:20,61 °C,,,62 °C,73 °C,,81 °C,84 °C,,64.5 °C,74 °C,1891 rpm,,1847 rpm,800 rpm,1864 rpm,,1853 rpm,1842 rpm,,1746 rpm,1916 rpm
2026-09-15 05:54:40,61.5 °C,,,62 °C,73 °C,,81 °C,84 °C,,65 °C,,1885 rpm,,1864 rpm,1605 rpm,1832 rpm,,1879 rpm,1878 rpm,,1738 rpm,
2026-09-15 05:55:00,62 °C,,,63 °C,73.3 °C,,81 °C,84 °C,,65 °C,76 °C,1863 rpm,,1843 rpm,1897 rpm,1847 rpm,,1747 rpm,1836 rpm,,1709 rpm,1844 rpm
2026-09-15 05:55:20,62 °C,,,63 °C,73.8 °C,,81 °C,84 °C,,,75 °C,1880 rpm,,1868 rpm,1867 rpm,1840 rpm,,1876 rpm,1866 rpm,,,1859 rpm
2026-09-15 05:55:40,62.8 °C,,,63 °C,74 °C,,81 °C,84 °C,,,76 °C,1862 rpm,,1871 rpm,1598 rpm,1860 rpm,,1522 rpm,1858 rpm,,,1859 rpm
2026-09-15 05:56:00,63 °C,,,63 °C,74 °C,,81 °C,84 °C,,,76 °C,1864 rpm,,1845 rpm,1894 rpm,1850 rpm,,1400 rpm,1776 rpm,,,1863 rpm
2026-09-15 05:56:20,63 °C,,,63 °C,74 °C,,80.8 °C,84 °C,,,76 °C,1861 rpm,,1882 rpm,1893 rpm,1844 rpm,,1400 rpm,1901 rpm,,,1872 rpm
2026-09-15 05:56:40,63 °C,,82.3 °C,63.8 °C,74 °C,,81 °C,84 °C,,,76 °C,1873 rpm,,1840 rpm,1884 rpm,1864 rpm,800 rpm,1400 rpm,1869 rpm,,,1884 rpm
2026-09-15 05:57:00,63 °C,,82 °C,64 °C,74 °C,,80.5 °C,84 °C,,,76 °C,1871 rpm,,1881 rpm,1892 rpm,1871 rpm,,1400 rpm,1860 rpm,,,1871 rpm
2026-09-15 05:57:20,63 °C,,82.5 °C,64.8 °C,74 °C,,80 °C,84 °C,,,,1900 rpm,,1847 rpm,1885 rpm,1840 rpm,800 rpm,1400 rpm,1877 rpm,,,
2026-09-15 05:57:40,63 °C,,83 °C,65 °C,74 °C,68.3 °C,80 °C,84 °C,,,,1900 rpm,,1876 rpm,1877 rpm,1868 rpm,800 rpm,1400 rpm,1888 rpm,,,
2026-09-15 05:58:00,63 °C,,82 °C,65 °C,76 °C,68 °C,80 °C,83.8 °C,,,,1901 rpm,,1857 rpm,1885 rpm,1840 rpm,800 rpm,1517 rpm,1192 rpm,,,
2026-09-15 05:58:20,63 °C,,83 °C,65 °C,74.5 °C,68 °C,80 °C,83 °C,,,,1900 rpm,,1876 rpm,1885 rpm,1854 rpm,800 rpm,1400 rpm,800 rpm,,,
2026-09-15 05:58:40,63 °C,,83 °C,65.3 °C,76 °C,68.8 °C,80 °C,83 °C,,,,1900 rpm,,1856 rpm,1886 rpm,1845 rpm,1622 rpm,1401 rpm,800 rpm,,,
2026-09-15 05:59:00,63 °C,,83 °C,66 °C,76 °C,69.3 °C,80 °C,83 °C,,,,1900 rpm,,1842 rpm,1886 rpm,1868 rpm,1899 rpm,1400 rpm,1070 rpm,,,
2026-09-15 05:59:20,63 °C,,83 °C,66 °C,76 °C,70 °C,79.5 °C,82.5 °C,,,,1890 rpm,,1846 rpm,1895 rpm,1843 rpm,1887 rpm,968 rpm,800 rpm,800 rpm,,
2026-09-15 05:59:40,63 °C,,83 °C,66 °C,76 °C,70 °C,79 °C,81 °C,,,,1881 rpm,,1863 rpm,1889 rpm,1854 rpm,1865 rpm,950 rpm,799 rpm,,,
2026-09-15 06:00:00,63 °C,,83 °C,66 °C,76 °C,70.3 °C,79 °C,81 °C,,,,1860 rpm,,1863 rpm,1883 rpm,1872 rpm,1898 rpm,800 rpm,800 rpm,,,
2026-09-15 06:00:20,63 °C,,83 °C,66 °C,76 °C,71 °C,79 °C,81 °C,,,,1876 rpm,,1844 rpm,1890 rpm,1844 rpm,1899 rpm,800 rpm,800 rpm,,,
2026-09-15 06:00:40,63 °C,,83 °C,66 °C,76 °C,71 °C,79 °C,81 °C,,,,1877 rpm,799 rpm,1853 rpm,1890 rpm,1876 rpm,1675 rpm,800 rpm,800 rpm,,,
2026-09-15 06:01:00,63 °C,,83 °C,66.8 °C,76 °C,,78.5 °C,81 °C,,,,1871 rpm,,1854 rpm,1881 rpm,1848 rpm,1891 rpm,800 rpm,800 rpm,,,
2026-09-15 06:01:20,63.5 °C,,83 °C,67 °C,76 °C,,78.3 °C,80.3 °C,,,,1852 rpm,,1868 rpm,1888 rpm,1840 rpm,1878 rpm,800 rpm,800 rpm,,,
2026-09-15 06:01:40,64 °C,,83 °C,67 °C,76.3 °C,,78 °C,80 °C,,,,1862 rpm,,1843 rpm,1872 rpm,1846 rpm,1870 rpm,800 rpm,800 rpm,,,
2026-09-15 06:02:00,64 °C,,83 °C,67 °C,77 °C,,78 °C,80 °C,,,,1851 rpm,,1876 rpm,1851 rpm,1851 rpm,1902 rpm,800 rpm,800 rpm,,,
2026-09-15 06:02:20,64 °C,,83.5 °C,67 °C,76.8 °C,,78 °C,80 °C,,,,1867 rpm,,1851 rpm,1864 rpm,1829 rpm,1899 rpm,800 rpm,800 rpm,,,
2026-09-15 06:02:40,,,83 °C,67 °C,,,78 °C,80 °C,,,,,,1886 rpm,1859 rpm,,1894 rpm,800 rpm,800 rpm,,,
2026-09-15 06:03:00,64 °C,,84 °C,67.8 °C,77 °C,72 °C,77.8 °C,79 °C,,,,1885 rpm,,1834 rpm,1867 rpm,1900 rpm,1885 rpm,800 rpm,800 rpm,800 rpm,,
2026-09-15 06:03:20,,,84 °C,68 °C,77 °C,72 °C,77.3 °C,79 °C,,,,,,1905 rpm,1865 rpm,,1872 rpm,800 rpm,800 rpm,,,
2026-09-15 06:03:40,64 °C,,84 °C,68 °C,77 °C,72 °C,77 °C,79 °C,68 °C,,,1872 rpm,,1885 rpm,1852 rpm,1867 rpm,1867 rpm,800 rpm,800 rpm,799 rpm,,
2026-09-15 06:04:00,64 °C,,84 °C,68 °C,77 °C,72 °C,77 °C,79 °C,68 °C,,,1888 rpm,,1885 rpm,1883 rpm,1835 rpm,1864 rpm,800 rpm,800 rpm,800 rpm,,
2026-09-15 06:04:20,65 °C,,84 °C,68 °C,77 °C,72 °C,77 °C,79 °C,68 °C,,,1871 rpm,,1898 rpm,1698 rpm,1872 rpm,1867 rpm,800 rpm,800 rpm,800 rpm,,
2026-09-15 06:04:40,65 °C,,84 °C,68 °C,77 °C,72.3 °C,77 °C,79 °C,68 °C,,,1872 rpm,,1875 rpm,800 rpm,1849 rpm,1870 rpm,800 rpm,800 rpm,800 rpm,,
2026-09-15 06:05:00,65 °C,,83.5 °C,67.5 °C,77 °C,73 °C,77 °C,78.3 °C,67.8 °C,,,1875 rpm,,1855 rpm,799 rpm,1871 rpm,1863 rpm,800 rpm,800 rpm,800 rpm,,
2026-09-15 06:05:20,65 °C,72 °C,83.8 °C,67 °C,77 °C,73 °C,77 °C,78 °C,68 °C,,,1865 rpm,,1874 rpm,800 rpm,1838 rpm,1874 rpm,800 rpm,800 rpm,1375 rpm,,
2026-09-15 06:05:40,65 °C,72.3 °C,83.3 °C,67 °C,77 °C,74 °C,77 °C,78 °C,67.5 °C,,,1868 rpm,,1844 rpm,1067 rpm,1837 rpm,1861 rpm,800 rpm,800 rpm,1749 rpm,,
2026-09-15 06:06:00,65 °C,73 °C,83.8 °C,67 °C,77 °C,74 °C,76.5 °C,78 °C,68.3 °C,,,1872 rpm,,1879 rpm,800 rpm,1869 rpm,1864 rpm,800 rpm,1065 rpm,1893 rpm,,
2026-09-15 06:06:20,65.8 °C,73 °C,84 °C,67 °C,77 °C,74 °C,76 °C,78 °C,69 °C,,,1889 rpm,,1853 rpm,800 rpm,1835 rpm,1864 rpm,800 rpm,1249 rpm,1865 rpm,,
2026-09-15 06:06:40,66 °C,73 °C,84 °C,66 °C,77.5 °C,74 °C,76 °C,78 °C,69.8 °C,,,1858 rpm,,1886 rpm,800 rpm,1869 rpm,1859 rpm,799 rpm,1249 rpm,1864 rpm,0 rpm,
2026-09-15 06:07:00,66 °C,73 °C,84 °C,66 °C,77.8 °C,74 °C,76 °C,78 °C,67.3 °C,,,1857 rpm,,1865 rpm,800 rpm,1836 rpm,1839 rpm,800 rpm,1136 rpm,1670 rpm,,
2026-09-15 06:07:20,66 °C,73 °C,84 °C,66 °C,78 °C,76 °C,76 °C,78 °C,64.5 °C,,,1863 rpm,,1858 rpm,800 rpm,1868 rpm,1827 rpm,800 rpm,1249 rpm,1853 rpm,,
2026-09-15 06:07:40,66 °C,73 °C,84 °C,66 °C,78 °C,76 °C,76 °C,78 °C,67 °C,,,1869 rpm,,1872 rpm,800 rpm,1863 rpm,1849 rpm,800 rpm,1839 rpm,1876 rpm,,
2026-09-15 06:08:00,66 °C,73 °C,84 °C,66 °C,78 °C,76 °C,76 °C,78 °C,65.8 °C,,,1871 rpm,,1841 rpm,800 rpm,1838 rpm,1862 rpm,1000 rpm,1882 rpm,1844 rpm,,
2026-09-15 06:08:20,66 °C,73 °C,84 °C,65 °C,78 °C,76 °C,76 °C,78.3 °C,65 °C,,,1867 rpm,,1869 rpm,800 rpm,1842 rpm,1887 rpm,1743 rpm,1855 rpm,1872 rpm,,
2026-09-15 06:08:40,66 °C,,84 °C,65 °C,78 °C,76 °C,76.8 °C,78.8 °C,66 °C,,,1873 rpm,,1848 rpm,800 rpm,1875 rpm,1843 rpm,1765 rpm,1527 rpm,1869 rpm,,
2026-09-15 06:09:00,66 °C,,84 °C,65 °C,78 °C,76 °C,77 °C,78.8 °C,66.8 °C,,,1871 rpm,,1863 rpm,800 rpm,1848 rpm,1854 rpm,1878 rpm,1363 rpm,1868 rpm,,1900 rpm
2026-09-15 06:09:20,66 °C,,84 °C,65 °C,78 °C,76 °C,77 °C,78.5 °C,67.5 °C,,76 °C,1869 rpm,,1845 rpm,800 rpm,1852 rpm,1858 rpm,1879 rpm,1826 rpm,1865 rpm,,1878 rpm
2026-09-15 06:09:40,66.3 °C,,84 °C,64.3 °C,78 °C,76.3 °C,77 °C,79 °C,69 °C,,76 °C,1864 rpm,,1857 rpm,800 rpm,1847 rpm,1844 rpm,1611 rpm,1866 rpm,1855 rpm,,1852 rpm
2026-09-15 06:10:00,66.8 °C,,84 °C,64 °C,78 °C,77 °C,77.3 °C,79 °C,69 °C,,76 °C,1864 rpm,,1861 rpm,800 rpm,1848 rpm,1869 rpm,1887 rpm,1846 rpm,1860 rpm,,1851 rpm
2026-09-15 06:10:20,67 °C,74 °C,84 °C,64 °C,78 °C,77 °C,77.8 °C,79 °C,69.8 °C,,76 °C,1873 rpm,,1874 rpm,800 rpm,1864 rpm,1847 rpm,1891 rpm,1846 rpm,1852 rpm,1895 rpm,1866 rpm
2026-09-15 06:10:40,67 °C,74 °C,84 °C,64 °C,78 °C,77 °C,78 °C,79 °C,70.5 °C,,76 °C,1861 rpm,,1870 rpm,800 rpm,1852 rpm,1837 rpm,1874 rpm,1857 rpm,1891 rpm,,1869 rpm
2026-09-15 06:11:00,67 °C,,84 °C,64 °C,78 °C,77 °C,78 °C,79 °C,69.8 °C,,76 °C,1873 rpm,,1862 rpm,800 rpm,1865 rpm,1836 rpm,1873 rpm,1742 rpm,1851 rpm,,1900 rpm
2026-09-15 06:11:20,67 °C,,84 °C,64 °C,78.8 °C,77 °C,78 °C,79 °C,72 °C,65 °C,76 °C,1868 rpm,,1876 rpm,800 rpm,1839 rpm,1844 rpm,1895 rpm,1845 rpm,1872 rpm,1712 rpm,1900 rpm
2026-09-15 06:11:40,67 °C,,85.5 °C,63 °C,79 °C,77 °C,78 °C,79.5 °C,70 °C,65 °C,76 °C,1862 rpm,,1864 rpm,800 rpm,1869 rpm,1879 rpm,1882 rpm,1871 rpm,1858 rpm,1711 rpm,1900 rpm
2026-09-15 06:12:00,67 °C,,85.5 °C,63 °C,79 °C,77 °C,78 °C,80 °C,68.5 °C,65 °C,76 °C,1877 rpm,,1875 rpm,800 rpm,1830 rpm,1871 rpm,1893 rpm,1858 rpm,1866 rpm,1710 rpm,1900 rpm
2026-09-15 06:12:20,67 °C,,86 °C,63 °C,79 °C,78 °C,78.5 °C,80 °C,68.3 °C,65 °C,76 °C,1870 rpm,1841 rpm,1864 rpm,800 rpm,1861 rpm,1862 rpm,1890 rpm,1878 rpm,1888 rpm,1719 rpm,1894 rpm
2026-09-15 06:12:40,67 °C,,86 °C,63 °C,79 °C,78 °C,79 °C,80 °C,68 °C,65 °C,74.5 °C,1875 rpm,1655 rpm,1881 rpm,800 rpm,1850 rpm,1867 rpm,1889 rpm,1848 rpm,1868 rpm,1557 rpm,1900 rpm
2026-09-15 06:13:00,67 °C,,86 °C,63 °C,79 °C,78 °C,79 °C,80 °C,69 °C,65 °C,74 °C,1868 rpm,1875 rpm,1863 rpm,800 rpm,1840 rpm,1855 rpm,1897 rpm,1857 rpm,1871 rpm,1551 rpm,1900 rpm
2026-09-15 06:13:20,67 °C,,86 °C,63 °C,79 °C,78 °C,79 °C,80 °C,70.3 °C,65 °C,74 °C,1883 rpm,1870 rpm,1856 rpm,800 rpm,1837 rpm,1850 rpm,1876 rpm,1838 rpm,1861 rpm,1708 rpm,1893 rpm
2026-09-15 06:13:40,67 °C,,86 °C,63 °C,79 °C,78 °C,79 °C,80 °C,69 °C,65 °C,74 °C,1875 rpm,1858 rpm,1856 rpm,800 rpm,1889 rpm,1859 rpm,1896 rpm,1886 rpm,1862 rpm,1711 rpm,1898 rpm
2026-09-15 06:14:00,67.3 °C,,86 °C,63 °C,79 °C,78 °C,79 °C,80 °C,70.8 °C,65 °C,74 °C,1873 rpm,1872 rpm,1875 rpm,800 rpm,1885 rpm,1901 rpm,1898 rpm,1847 rpm,1883 rpm,1712 rpm,1863 rpm
2026-09-15 06:14:20,67 °C,,86 °C,63 °C,79 °C,78 °C,79 °C,80 °C,71 °C,65 °C,74 °C,1868 rpm,1852 rpm,1865 rpm,800 rpm,1847 rpm,1864 rpm,1898 rpm,1859 rpm,1872 rpm,1711 rpm,1884 rpm
2026-09-15 06:14:40,67 °C,,86 °C,63 °C,79 °C,79 °C,79.5 °C,80 °C,66.5 °C,65 °C,74 °C,996 rpm,1866 rpm,1890 rpm,800 rpm,1857 rpm,1871 rpm,1893 rpm,1856 rpm,1872 rpm,1711 rpm,1875 rpm
2026-09-15 06:15:00,67 °C,,86 °C,63 °C,79 °C,79 °C,80 °C,80 °C,67.5 °C,65.8 °C,74 °C,800 rpm,1863 rpm,1854 rpm,800 rpm,1846 rpm,1872 rpm,1897 rpm,1864 rpm,1866 rpm,1708 rpm,1877 rpm
2026-09-15 06:15:20,66.5 °C,74 °C,86 °C,63 °C,79 °C,79 °C,80 °C,80 °C,66 °C,66 °C,74 °C,801 rpm,1854 rpm,1870 rpm,800 rpm,1867 rpm,1879 rpm,1896 rpm,1862 rpm,837 rpm,1709 rpm,1880 rpm
2026-09-15 06:15:40,66 °C,74.5 °C,86 °C,63 °C,79 °C,79 °C,80 °C,80 °C,66 °C,66 °C,74 °C,800 rpm,1878 rpm,1851 rpm,800 rpm,1854 rpm,1859 rpm,1894 rpm,1844 rpm,800 rpm,1715 rpm,1855 rpm
2026-09-15 06:16:00,66 °C,75 °C,86 °C,63 °C,79 °C,79 °C,80 °C,80.5 °C,66 °C,66 °C,74 °C,1069 rpm,1847 rpm,1877 rpm,800 rpm,1840 rpm,1875 rpm,1897 rpm,1866 rpm,800 rpm,1710 rpm,1858 rpm
2026-09-15 06:16:20,66 °C,76 °C,86 °C,62.5 °C,79 °C,79 °C,80 °C,80.8 °C,66 °C,66 °C,74 °C,800 rpm,1851 rpm,1840 rpm,800 rpm,1879 rpm,1831 rpm,1898 rpm,1854 rpm,800 rpm,1710 rpm,1871 rpm
2026-09-15 06:16:40,66 °C,76 °C,86 °C,62 °C,79 °C,79 °C,80 °C,81 °C,65 °C,66 °C,74 °C,800 rpm,1879 rpm,1863 rpm,800 rpm,1844 rpm,1872 rpm,1898 rpm,1867 rpm,800 rpm,1712 rpm,1870 rpm
2026-09-15 06:17:00,66 °C,76 °C,86 °C,62.3 °C,79 °C,79 °C,80.3 °C,81 °C,65 °C,66 °C,74 °C,800 rpm,1861 rpm,1870 rpm,1303 rpm,1856 rpm,1871 rpm,1895 rpm,1873 rpm,1006 rpm,1711 rpm,1869 rpm
2026-09-15 06:17:20,66 °C,,86 °C,63 °C,79 °C,79 °C,81 °C,81 °C,65 °C,66 °C,74 °C,1359 rpm,1870 rpm,1866 rpm,1866 rpm,1852 rpm,1858 rpm,1895 rpm,1857 rpm,800 rpm,1555 rpm,1885 rpm
2026-09-15 06:17:40,66 °C,,86 °C,63 °C,79 °C,79 °C,81 °C,81 °C,65 °C,66 °C,74 °C,1545 rpm,1853 rpm,1838 rpm,1592 rpm,1841 rpm,1863 rpm,1897 rpm,1851 rpm,800 rpm,1632 rpm,1884 rpm
2026-09-15 06:18:00,65.3 °C,,86.8 °C,63 °C,79 °C,79 °C,81 °C,81 °C,65 °C,66 °C,74 °C,1359 rpm,1843 rpm,1859 rpm,1858 rpm,1868 rpm,1861 rpm,1648 rpm,1867 rpm,800 rpm,1615 rpm,1854 rpm
2026-09-15 06:18:20,65 °C,,86.3 °C,63 °C,79.3 °C,79 °C,80.3 °C,81 °C,65 °C,66 °C,74 °C,800 rpm,1868 rpm,1868 rpm,1874 rpm,1838 rpm,1865 rpm,1648 rpm,1833 rpm,800 rpm,1710 rpm,1880 rpm
2026-09-15 06:18:40,65 °C,,87 °C,63.8 °C,79.8 °C,79 °C,81 °C,81 °C,65 °C,66 °C,74 °C,800 rpm,1852 rpm,1875 rpm,1865 rpm,1877 rpm,1858 rpm,1886 rpm,1859 rpm,800 rpm,1711 rpm,1860 rpm
2026-09-15 06:19:00,64.8 °C,,87 °C,64 °C,79.3 °C,79 °C,81 °C,81 °C,64 °C,66 °C,74 °C,800 rpm,1869 rpm,1887 rpm,1857 rpm,1849 rpm,1858 rpm,1892 rpm,1848 rpm,800 rpm,1711 rpm,1890 rpm
2026-09-15 06:19:20,64 °C,,87 °C,64 °C,80 °C,79.8 °C,81 °C,81 °C,64 °C,66 °C,74 °C,800 rpm,1845 rpm,1897 rpm,1894 rpm,1845 rpm,1851 rpm,1891 rpm,1868 rpm,800 rpm,1711 rpm,1854 rpm
2026-09-15 06:19:40,64 °C,,87 °C,64.8 °C,80 °C,80 °C,81 °C,81 °C,64 °C,66 °C,74 °C,800 rpm,1871 rpm,1869 rpm,1855 rpm,1879 rpm,1848 rpm,1892 rpm,1842 rpm,800 rpm,1713 rpm,1892 rpm
2026-09-15 06:20:00,64 °C,76 °C,87 °C,65 °C,80 °C,80 °C,81 °C,82 °C,64 °C,66 °C,74 °C,986 rpm,1845 rpm,1886 rpm,1875 rpm,1893 rpm,1851 rpm,1894 rpm,1876 rpm,800 rpm,1708 rpm,1900 rpm
2026-09-15 06:20:20,64 °C,76 °C,87 °C,65.3 °C,80 °C,80 °C,81 °C,82.5 °C,64 °C,66 °C,75.5 °C,800 rpm,1862 rpm,1894 rpm,1874 rpm,1899 rpm,1852 rpm,1884 rpm,1851 rpm,800 rpm,1711 rpm,1899 rpm
2026-09-15 06:20:40,64 °C,76 °C,87 °C,66 °C,80 °C,80 °C,81 °C,83 °C,64 °C,66 °C,75.5 °C,800 rpm,1843 rpm,1896 rpm,1868 rpm,1887 rpm,1846 rpm,1892 rpm,1856 rpm,800 rpm,1552 rpm,1901 rpm
2026-09-15 06:21:00,63.3 °C,76 °C,87 °C,66 °C,80 °C,80 °C,81 °C,83 °C,64 °C,66 °C,76 °C,800 rpm,1858 rpm,1901 rpm,1867 rpm,1900 rpm,1886 rpm,1891 rpm,1851 rpm,800 rpm,1400 rpm,1900 rpm
2026-09-15 06:21:20,63 °C,76.5 °C,86.5 °C,66 °C,80 °C,80 °C,81 °C,82.5 °C,63.3 °C,66 °C,76 °C,800 rpm,1854 rpm,1885 rpm,1862 rpm,1900 rpm,1893 rpm,1895 rpm,1878 rpm,800 rpm,1461 rpm,1889 rpm
2026-09-15 06:21:40,63 °C,76.8 °C,86 °C,66 °C,79.8 °C,80 °C,81 °C,82.5 °C,63 °C,66 °C,76 °C,800 rpm,1871 rpm,1900 rpm,1855 rpm,1893 rpm,1862 rpm,1885 rpm,1873 rpm,800 rpm,1710 rpm,1851 rpm
2026-09-15 06:22:00,63 °C,76.3 °C,86 °C,66.5 °C,79 °C,80 °C,81 °C,83 °C,63.8 °C,66 °C,76 °C,800 rpm,1733 rpm,1900 rpm,1872 rpm,1861 rpm,1839 rpm,1723 rpm,1836 rpm,800 rpm,1556 rpm,1860 rpm
2026-09-15 06:22:20,63 °C,77 °C,,67 °C,79 °C,,81 °C,82.5 °C,64 °C,66 °C,76 °C,800 rpm,1803 rpm,1901 rpm,1886 rpm,1834 rpm,1865 rpm,1889 rpm,1866 rpm,800 rpm,1693 rpm,1854 rpm
2026-09-15 06:22:40,63 °C,,,67 °C,79 °C,79 °C,81 °C,82.5 °C,64 °C,66 °C,76 °C,800 rpm,1888 rpm,1899 rpm,1845 rpm,1852 rpm,1857 rpm,1894 rpm,1849 rpm,800 rpm,1712 rpm,1864 rpm
2026-09-15 06:23:00,63 °C,,,67.8 °C,79 °C,79 °C,81 °C,82.5 °C,64 °C,66 °C,76 °C,800 rpm,1872 rpm,1897 rpm,1854 rpm,1868 rpm,1881 rpm,1887 rpm,1864 rpm,800 rpm,1710 rpm,1849 rpm
2026-09-15 06:23:20,63 °C,,,68 °C,79.3 °C,79 °C,81 °C,82 °C,64 °C,66.8 °C,76 °C,800 rpm,1864 rpm,1891 rpm,1879 rpm,1835 rpm,1855 rpm,1887 rpm,1847 rpm,800 rpm,1707 rpm,1867 rpm
2026-09-15 06:23:40,63 °C,,,68 °C,80 °C,79 °C,81 °C,83 °C,64 °C,66.3 °C,76 °C,800 rpm,1759 rpm,1885 rpm,1862 rpm,1861 rpm,1857 rpm,1892 rpm,1868 rpm,800 rpm,1710 rpm,1844 rpm
2026-09-15 06:24:00,63 °C,,,68 °C,80 °C,79 °C,81 °C,83 °C,66.5 °C,66 °C,76 °C,800 rpm,1894 rpm,1891 rpm,1842 rpm,1839 rpm,1850 rpm,1896 rpm,1841 rpm,1575 rpm,1698 rpm,1864 rpm
2026-09-15 06:24:20,63 °C,,,68 °C,80 °C,79 °C,81 °C,83 °C,66.8 °C,66 °C,76 °C,800 rpm,1877 rpm,1893 rpm,1855 rpm,1862 rpm,1852 rpm,1898 rpm,1863 rpm,1848 rpm,1633 rpm,1853 rpm
2026-09-15 06:24:40,63 °C,,,68 °C,80 °C,79 °C,81 °C,83 °C,65.3 °C,66 °C,76 °C,800 rpm,1901 rpm,1873 rpm,1857 rpm,1833 rpm,1866 rpm,1893 rpm,1842 rpm,1861 rpm,1478 rpm,1863 rpm
2026-09-15 06:25:00,62.8 °C,,,68 °C,80 °C,79 °C,81 °C,83 °C,67.8 °C,66 °C,76 °C,800 rpm,1862 rpm,1887 rpm,1847 rpm,1854 rpm,1872 rpm,1891 rpm,1876 rpm,1640 rpm,1400 rpm,1880 rpm
2026-09-15 06:25:20,62 °C,77 °C,,68 °C,80 °C,79 °C,81 °C,83 °C,68.5 °C,66 °C,76 °C,800 rpm,1867 rpm,1880 rpm,1871 rpm,1840 rpm,1848 rpm,1895 rpm,1844 rpm,1886 rpm,1400 rpm,1858 rpm
2026-09-15 06:25:40,62 °C,77 °C,,68 °C,80 °C,79.5 °C,81 °C,83 °C,66.8 °C,66 °C,76 °C,800 rpm,1847 rpm,1893 rpm,1875 rpm,1850 rpm,1869 rpm,1887 rpm,1876 rpm,1858 rpm,1400 rpm,1862 rpm
2026-09-15 06:26:00,62 °C,77 °C,,68 °C,80 °C,79.8 °C,81 °C,83 °C,69 °C,66 °C,76 °C,800 rpm,1852 rpm,1893 rpm,1861 rpm,1852 rpm,1848 rpm,1877 rpm,1850 rpm,1864 rpm,1400 rpm,1860 rpm
2026-09-15 06:26:20,62 °C,77 °C,,68 °C,80 °C,79.3 °C,81 °C,83 °C,65.8 °C,66 °C,76 °C,800 rpm,1865 rpm,1875 rpm,1862 rpm,1841 rpm,1842 rpm,1892 rpm,1893 rpm,1861 rpm,1478 rpm,1843 rpm
2026-09-15 06:26:40,62 °C,77 °C,86 °C,68.3 °C,80.3 °C,80 °C,81 °C,83 °C,67.5 °C,66 °C,76 °C,800 rpm,1863 rpm,1869 rpm,1900 rpm,1859 rpm,1883 rpm,1896 rpm,1893 rpm,1865 rpm,1400 rpm,1858 rpm
2026-09-15 06:27:00,62 °C,77 °C,,68.8 °C,80 °C,79.8 °C,81 °C,83 °C,67.5 °C,66 °C,76 °C,800 rpm,1842 rpm,1867 rpm,1352 rpm,1854 rpm,1846 rpm,1890 rpm,1902 rpm,1861 rpm,1400 rpm,1869 rpm
2026-09-15 06:27:20,61.5 °C,77 °C,,68 °C,80 °C,80 °C,81 °C,83 °C,68 °C,65.8 °C,76 °C,800 rpm,1857 rpm,1886 rpm,800 rpm,1882 rpm,1872 rpm,1889 rpm,1864 rpm,1847 rpm,1400 rpm,1844 rpm
2026-09-15 06:27:40,61 °C,77 °C,,68 °C,80 °C,79.8 °C,81 °C,83 °C,69.3 °C,66 °C,76 °C,800 rpm,1844 rpm,1858 rpm,1067 rpm,1901 rpm,1854 rpm,1886 rpm,1869 rpm,1885 rpm,1400 rpm,1847 rpm
2026-09-15 06:28:00,61 °C,77 °C,,68 °C,80 °C,79.5 °C,82.5 °C,83 °C,69 °C,65 °C,76 °C,800 rpm,1895 rpm,1894 rpm,800 rpm,1900 rpm,1883 rpm,1890 rpm,1862 rpm,1847 rpm,1401 rpm,1869 rpm
2026-09-15 06:28:20,61 °C,77 °C,,68 °C,80 °C,80 °C,81 °C,83 °C,67.5 °C,65 °C,76 °C,800 rpm,1876 rpm,1885 rpm,800 rpm,1840 rpm,1853 rpm,1896 rpm,1857 rpm,1894 rpm,1400 rpm,1843 rpm
2026-09-15 06:28:40,61 °C,77 °C,,68 °C,80 °C,79.3 °C,83 °C,83 °C,68.3 °C,65 °C,76 °C,800 rpm,1872 rpm,1880 rpm,801 rpm,1850 rpm,1867 rpm,1761 rpm,1882 rpm,1872 rpm,1400 rpm,1867 rpm
2026-09-15 06:29:00,61 °C,77 °C,,68 °C,80 °C,79.3 °C,82 °C,83 °C,66.3 °C,65 °C,76 °C,800 rpm,1852 rpm,1845 rpm,801 rpm,1839 rpm,1845 rpm,1888 rpm,1746 rpm,1864 rpm,1400 rpm,1865 rpm
2026-09-15 06:29:20,61 °C,77 °C,,68 °C,80 °C,79.3 °C,81.5 °C,83 °C,65.8 °C,65 °C,76.5 °C,800 rpm,1867 rpm,1871 rpm,801 rpm,1873 rpm,1859 rpm,1892 rpm,1639 rpm,1888 rpm,1400 rpm,1848 rpm
2026-09-15 06:29:40,60.8 °C,77 °C,,68 °C,80 °C,79 °C,83 °C,83 °C,67.5 °C,65 °C,76.3 °C,800 rpm,1842 rpm,1856 rpm,800 rpm,1863 rpm,1854 rpm,1897 rpm,1853 rpm,1852 rpm,1400 rpm,1881 rpm
2026-09-15 06:30:00,60 °C,77.2 °C,,67.8 °C,80 °C,79.3 °C,81.5 °C,83 °C,67.5 °C,65 °C,77 °C,800 rpm,1858 rpm,1853 rpm,800 rpm,1853 rpm,1872 rpm,1868 rpm,1862 rpm,1870 rpm,1400 rpm,1846 rpm
2026-09-15 06:30:20,60 °C,78 °C,,67 °C,80 °C,79 °C,82 °C,83 °C,68.8 °C,65 °C,77 °C,800 rpm,1753 rpm,1863 rpm,800 rpm,1842 rpm,1897 rpm,1835 rpm,1829 rpm,1875 rpm,1400 rpm,1870 rpm
2026-09-15 06:30:40,60 °C,77.3 °C,,67 °C,80 °C,79.3 °C,81.5 °C,83 °C,71 °C,65 °C,76.8 °C,800 rpm,1875 rpm,1900 rpm,800 rpm,1873 rpm,1868 rpm,1861 rpm,1856 rpm,1903 rpm,1400 rpm,1849 rpm
2026-09-15 06:31:00,60 °C,77.6 °C,,67 °C,80 °C,79.3 °C,83 °C,83 °C,70 °C,65 °C,77 °C,800 rpm,1874 rpm,1877 rpm,800 rpm,1855 rpm,1814 rpm,1876 rpm,1874 rpm,1843 rpm,1400 rpm,1839 rpm
2026-09-15 06:31:20,60 °C,78 °C,,67 °C,80 °C,79 °C,83 °C,83 °C,68.8 °C,65 °C,76.5 °C,800 rpm,1864 rpm,1862 rpm,800 rpm,1848 rpm,1836 rpm,1876 rpm,1849 rpm,1875 rpm,1400 rpm,1862 rpm
2026-09-15 06:31:40,60 °C,78 °C,86 °C,67 °C,80 °C,79.8 °C,83 °C,82.5 °C,67.8 °C,65 °C,76.5 °C,800 rpm,1855 rpm,1844 rpm,800 rpm,1871 rpm,1852 rpm,1884 rpm,1869 rpm,1854 rpm,1400 rpm,1846 rpm
2026-09-15 06:32:00,59.5 °C,78 °C,85.5 °C,66.8 °C,80 °C,79.3 °C,83 °C,83 °C,70.5 °C,65 °C,76 °C,800 rpm,1856 rpm,1866 rpm,800 rpm,1850 rpm,1862 rpm,1878 rpm,1861 rpm,1880 rpm,1400 rpm,1852 rpm
2026-09-15 06:32:20,59 °C,78 °C,86 °C,66 °C,80 °C,80 °C,83 °C,82.5 °C,68.3 °C,65 °C,76 °C,800 rpm,1859 rpm,1835 rpm,800 rpm,1847 rpm,1900 rpm,1884 rpm,1876 rpm,1866 rpm,1400 rpm,1891 rpm
2026-09-15 06:32:40,59 °C,78 °C,84.5 °C,66 °C,80 °C,79.3 °C,83 °C,82.5 °C,69.3 °C,65 °C,76 °C,800 rpm,1870 rpm,1864 rpm,800 rpm,1842 rpm,1880 rpm,1884 rpm,1860 rpm,1870 rpm,1400 rpm,1857 rpm
2026-09-15 06:33:00,59 °C,78 °C,86 °C,66 °C,80 °C,79 °C,83 °C,81 °C,68.5 °C,64 °C,76 °C,800 rpm,1867 rpm,1840 rpm,800 rpm,1875 rpm,1873 rpm,1866 rpm,1707 rpm,1879 rpm,1037 rpm,1878 rpm
2026-09-15 06:33:20,59 °C,78 °C,84 °C,66 °C,80 °C,79.5 °C,83 °C,81.5 °C,69.8 °C,64 °C,76 °C,800 rpm,1874 rpm,1846 rpm,799 rpm,1836 rpm,1853 rpm,1881 rpm,1849 rpm,1865 rpm,800 rpm,1847 rpm
2026-09-15 06:33:40,59 °C,78 °C,84.5 °C,66 °C,80 °C,79.3 °C,83 °C,81 °C,70.3 °C,64 °C,76 °C,800 rpm,1865 rpm,1851 rpm,800 rpm,1860 rpm,1856 rpm,1876 rpm,1797 rpm,1866 rpm,800 rpm,1883 rpm
2026-09-15 06:34:00,59 °C,78 °C,85 °C,65.5 °C,80 °C,79.3 °C,83 °C,81 °C,69.5 °C,64 °C,76 °C,800 rpm,1861 rpm,1843 rpm,800 rpm,1857 rpm,1840 rpm,1859 rpm,1400 rpm,1866 rpm,800 rpm,1884 rpm
2026-09-15 06:34:20,59 °C,78 °C,84 °C,65 °C,80 °C,79 °C,83 °C,81 °C,72.3 °C,64 °C,76 °C,800 rpm,1848 rpm,1867 rpm,800 rpm,1864 rpm,1858 rpm,1837 rpm,1768 rpm,1894 rpm,950 rpm,1888 rpm
2026-09-15 06:34:40,59 °C,78 °C,84 °C,65 °C,80 °C,79 °C,83 °C,81 °C,64 °C,63.5 °C,76 °C,800 rpm,1853 rpm,1855 rpm,799 rpm,1834 rpm,1895 rpm,1875 rpm,1843 rpm,1838 rpm,800 rpm,1899 rpm
2026-09-15 06:35:00,59 °C,78 °C,84 °C,65 °C,80 °C,79 °C,83 °C,81 °C,68 °C,63 °C,76 °C,800 rpm,1844 rpm,1842 rpm,800 rpm,1837 rpm,1858 rpm,1872 rpm,1844 rpm,1840 rpm,800 rpm,1902 rpm
2026-09-15 06:35:20,,78 °C,,65 °C,,79.3 °C,83 °C,81 °C,,63 °C,,,1869 rpm,,800 rpm,,1850 rpm,1877 rpm,1852 rpm,,800 rpm,
2026-09-15 06:35:40,59 °C,78 °C,84 °C,65 °C,80 °C,79.8 °C,83 °C,81 °C,67 °C,63 °C,76 °C,800 rpm,1852 rpm,1866 rpm,800 rpm,1861 rpm,1882 rpm,1862 rpm,1867 rpm,1889 rpm,800 rpm,1901 rpm
2026-09-15 06:36:00,59 °C,78 °C,84 °C,65 °C,80 °C,79.3 °C,83 °C,81 °C,64.8 °C,63 °C,76 °C,800 rpm,1868 rpm,1839 rpm,800 rpm,1851 rpm,1833 rpm,1877 rpm,1848 rpm,1864 rpm,800 rpm,1899 rpm
2026-09-15 06:36:20,59 °C,78.7 °C,84 °C,64 °C,80 °C,79.8 °C,83 °C,81 °C,68 °C,63 °C,76 °C,800 rpm,1846 rpm,1851 rpm,800 rpm,1864 rpm,1868 rpm,1843 rpm,1860 rpm,1867 rpm,800 rpm,1900 rpm
2026-09-15 06:36:40,59 °C,78.5 °C,84 °C,64 °C,80 °C,79.5 °C,83 °C,81 °C,68.5 °C,63 °C,76 °C,800 rpm,1872 rpm,1863 rpm,800 rpm,1868 rpm,1862 rpm,1528 rpm,1844 rpm,1880 rpm,800 rpm,1900 rpm
2026-09-15 06:37:00,59 °C,78.5 °C,84 °C,64 °C,80 °C,79.8 °C,83 °C,81.5 °C,68.5 °C,63 °C,76 °C,800 rpm,1857 rpm,1868 rpm,800 rpm,1852 rpm,1853 rpm,1400 rpm,1872 rpm,1839 rpm,800 rpm,1900 rpm
2026-09-15 06:37:20,59 °C,79 °C,84 °C,64 °C,80 °C,80 °C,83 °C,82 °C,68.8 °C,63 °C,76 °C,800 rpm,1871 rpm,1858 rpm,800 rpm,1855 rpm,1868 rpm,1399 rpm,1853 rpm,1877 rpm,800 rpm,1900 rpm
2026-09-15 06:37:40,59 °C,78.6 °C,84 °C,64 °C,80 °C,80 °C,83 °C,81.5 °C,69.3 °C,63 °C,75 °C,800 rpm,1847 rpm,1852 rpm,800 rpm,1843 rpm,1841 rpm,1511 rpm,1857 rpm,1872 rpm,799 rpm,1900 rpm
2026-09-15 06:38:00,59 °C,,84 °C,64 °C,80 °C,80 °C,83 °C,83 °C,68 °C,63 °C,74 °C,800 rpm,1858 rpm,1831 rpm,800 rpm,1850 rpm,1865 rpm,1400 rpm,1854 rpm,1860 rpm,800 rpm,1900 rpm
2026-09-15 06:38:20,58.3 °C,,84 °C,64 °C,80 °C,,82 °C,83 °C,67.8 °C,63 °C,74 °C,800 rpm,1864 rpm,1891 rpm,800 rpm,1856 rpm,1837 rpm,1400 rpm,1853 rpm,1882 rpm,800 rpm,1900 rpm
2026-09-15 06:38:40,58 °C,,84 °C,64 °C,80 °C,,81 °C,83 °C,67.8 °C,63 °C,74 °C,800 rpm,1852 rpm,1876 rpm,799 rpm,1884 rpm,1870 rpm,1400 rpm,1892 rpm,1842 rpm,800 rpm,1901 rpm
2026-09-15 06:39:00,58 °C,,84 °C,63.8 °C,80 °C,,81 °C,83 °C,69.5 °C,63 °C,74 °C,800 rpm,1861 rpm,1875 rpm,800 rpm,1901 rpm,1849 rpm,1400 rpm,1862 rpm,1861 rpm,800 rpm,1900 rpm
2026-09-15 06:39:20,58 °C,,84 °C,63 °C,80 °C,,81 °C,83 °C,71.3 °C,63 °C,74 °C,800 rpm,1870 rpm,1852 rpm,1239 rpm,1900 rpm,1876 rpm,1400 rpm,1853 rpm,1866 rpm,800 rpm,1900 rpm
2026-09-15 06:39:40,58 °C,,84 °C,64 °C,80 °C,,81 °C,83 °C,68 °C,63 °C,74 °C,800 rpm,1871 rpm,1871 rpm,1575 rpm,1900 rpm,1839 rpm,1400 rpm,1850 rpm,1864 rpm,800 rpm,1900 rpm
2026-09-15 06:40:00,58 °C,,84 °C,64 °C,80 °C,,81 °C,83 °C,70.3 °C,63 °C,74 °C,800 rpm,1871 rpm,1854 rpm,1866 rpm,1900 rpm,1844 rpm,1400 rpm,1863 rpm,1884 rpm,800 rpm,1900 rpm
2026-09-15 06:40:20,58 °C,79 °C,84 °C,64 °C,80 °C,,81 °C,83 °C,70 °C,63 °C,74 °C,800 rpm,1875 rpm,1870 rpm,1852 rpm,1899 rpm,1890 rpm,1400 rpm,1865 rpm,1896 rpm,800 rpm,1900 rpm
2026-09-15 06:40:40,58 °C,79 °C,84 °C,65 °C,80 °C,,81 °C,83 °C,69 °C,62.8 °C,74 °C,801 rpm,1870 rpm,1831 rpm,1870 rpm,1900 rpm,1852 rpm,1400 rpm,1860 rpm,1887 rpm,800 rpm,1900 rpm
2026-09-15 06:41:00,58 °C,79 °C,84 °C,65 °C,80 °C,,80.8 °C,83 °C,71.5 °C,62.8 °C,73.8 °C,800 rpm,1864 rpm,1865 rpm,1866 rpm,1899 rpm,1878 rpm,1400 rpm,1854 rpm,1872 rpm,800 rpm,1899 rpm
2026-09-15 06:41:20,58 °C,79 °C,84 °C,65.5 °C,80 °C,,80.8 °C,83 °C,70.3 °C,62.3 °C,73.8 °C,800 rpm,1844 rpm,1876 rpm,1878 rpm,1900 rpm,1849 rpm,1400 rpm,1856 rpm,1861 rpm,800 rpm,1901 rpm
2026-09-15 06:41:40,57.3 °C,79 °C,84 °C,66 °C,79 °C,,80 °C,83 °C,70.8 °C,62 °C,73 °C,800 rpm,1524 rpm,1864 rpm,1863 rpm,1866 rpm,1864 rpm,1400 rpm,1844 rpm,1867 rpm,800 rpm,1900 rpm
2026-09-15 06:42:00,57 °C,78.5 °C,84 °C,66.3 °C,79 °C,,80 °C,83 °C,72.8 °C,62 °C,73 °C,800 rpm,1399 rpm,1858 rpm,1866 rpm,1858 rpm,1881 rpm,1399 rpm,1861 rpm,1876 rpm,800 rpm,1901 rpm
2026-09-15 06:42:20,57 °C,78 °C,85 °C,66.5 °C,79 °C,,80 °C,83 °C,73.8 °C,62 °C,73 °C,800 rpm,1500 rpm,1878 rpm,1873 rpm,1849 rpm,1843 rpm,1400 rpm,1842 rpm,1888 rpm,800 rpm,1899 rpm
2026-09-15 06:42:40,57 °C,78 °C,84 °C,67 °C,79 °C,80 °C,80 °C,83 °C,72.8 °C,62 °C,73 °C,800 rpm,1400 rpm,1848 rpm,1873 rpm,1882 rpm,1878 rpm,1399 rpm,1876 rpm,1880 rpm,800 rpm,1900 rpm
2026-09-15 06:43:00,57 °C,78 °C,84.5 °C,67 °C,79 °C,80 °C,80 °C,83 °C,71.3 °C,62 °C,73 °C,800 rpm,1400 rpm,1853 rpm,1856 rpm,1900 rpm,1904 rpm,1400 rpm,1862 rpm,1865 rpm,800 rpm,1900 rpm
2026-09-15 06:43:20,57 °C,78 °C,84 °C,67.3 °C,79 °C,80 °C,80 °C,81.5 °C,71.5 °C,62 °C,73 °C,800 rpm,1400 rpm,1839 rpm,1864 rpm,1901 rpm,1865 rpm,1400 rpm,1865 rpm,1424 rpm,800 rpm,1900 rpm
2026-09-15 06:43:40,57 °C,78 °C,84.5 °C,68 °C,79 °C,80 °C,80 °C,82 °C,72 °C,62 °C,73 °C,800 rpm,1400 rpm,1870 rpm,1852 rpm,1900 rpm,1849 rpm,1400 rpm,1874 rpm,800 rpm,959 rpm,1900 rpm
2026-09-15 06:44:00,57 °C,78 °C,84 °C,68 °C,79 °C,80 °C,80 °C,81 °C,72 °C,62.8 °C,73 °C,800 rpm,1400 rpm,1861 rpm,1849 rpm,1900 rpm,1856 rpm,1705 rpm,1872 rpm,800 rpm,1882 rpm,1900 rpm
2026-09-15 06:44:20,57 °C,,84 °C,68 °C,79 °C,81 °C,80 °C,82.5 °C,72 °C,63 °C,73 °C,800 rpm,1400 rpm,1876 rpm,1867 rpm,1866 rpm,1849 rpm,1524 rpm,1853 rpm,800 rpm,1607 rpm,1900 rpm
2026-09-15 06:44:40,56.8 °C,,84 °C,68 °C,79 °C,81 °C,80 °C,83 °C,72 °C,63 °C,73 °C,800 rpm,1400 rpm,1836 rpm,1844 rpm,1888 rpm,1877 rpm,1732 rpm,1849 rpm,800 rpm,1835 rpm,1900 rpm
2026-09-15 06:45:00,56 °C,,84 °C,68 °C,79 °C,81 °C,80 °C,83 °C,72 °C,63 °C,73 °C,800 rpm,1400 rpm,1869 rpm,1871 rpm,1871 rpm,1861 rpm,1883 rpm,1852 rpm,1017 rpm,1588 rpm,1900 rpm
2026-09-15 06:45:20,56 °C,77 °C,84 °C,68 °C,79 °C,81 °C,80 °C,83 °C,71.8 °C,63 °C,73 °C,800 rpm,1400 rpm,1865 rpm,1849 rpm,1843 rpm,1863 rpm,1836 rpm,1857 rpm,800 rpm,1564 rpm,1901 rpm
2026-09-15 06:45:40,56 °C,77 °C,84 °C,68 °C,79 °C,81 °C,80 °C,83 °C,71 °C,63 °C,73 °C,800 rpm,1400 rpm,1847 rpm,1845 rpm,1875 rpm,1852 rpm,1749 rpm,1886 rpm,800 rpm,1562 rpm,1900 rpm
2026-09-15 06:46:00,56 °C,77 °C,84 °C,68.5 °C,79 °C,81 °C,80 °C,83 °C,71 °C,63 °C,73 °C,800 rpm,1400 rpm,1842 rpm,1875 rpm,1840 rpm,1866 rpm,1843 rpm,1852 rpm,800 rpm,1564 rpm,1900 rpm
2026-09-15 06:46:20,56 °C,77 °C,,69 °C,79 °C,81 °C,80 °C,83 °C,71 °C,63 °C,73 °C,800 rpm,1400 rpm,1849 rpm,1855 rpm,1855 rpm,1863 rpm,1869 rpm,1880 rpm,800 rpm,1633 rpm,1890 rpm
2026-09-15 06:46:40,56 °C,76.5 °C,84 °C,69 °C,79 °C,81 °C,81 °C,83 °C,71 °C,63 °C,72 °C,800 rpm,1400 rpm,1853 rpm,1867 rpm,1852 rpm,1882 rpm,1854 rpm,1842 rpm,800 rpm,1567 rpm,1889 rpm
2026-09-15 06:47:00,56 °C,76 °C,84 °C,69 °C,79 °C,81 °C,81 °C,83 °C,71 °C,63 °C,72.5 °C,800 rpm,1446 rpm,1859 rpm,1829 rpm,1856 rpm,1871 rpm,1875 rpm,1850 rpm,800 rpm,1563 rpm,1872 rpm
2026-09-15 06:47:20,56 °C,76.8 °C,84 °C,69 °C,79 °C,81 °C,81 °C,83.3 °C,71 °C,63 °C,73 °C,800 rpm,1830 rpm,1851 rpm,1869 rpm,1861 rpm,1835 rpm,1847 rpm,1858 rpm,800 rpm,1562 rpm,1829 rpm
2026-09-15 06:47:40,56 °C,77 °C,84 °C,69 °C,79 °C,81 °C,81 °C,83.5 °C,70 °C,63 °C,72.8 °C,800 rpm,1854 rpm,1861 rpm,1883 rpm,1848 rpm,1858 rpm,1845 rpm,1885 rpm,800 rpm,1561 rpm,1862 rpm
2026-09-15 06:48:00,56 °C,77 °C,84 °C,69.8 °C,79 °C,81 °C,81 °C,83.3 °C,70 °C,63 °C,73 °C,800 rpm,1855 rpm,1862 rpm,1844 rpm,1864 rpm,1870 rpm,1879 rpm,1852 rpm,800 rpm,1565 rpm,1858 rpm
2026-09-15 06:48:20,56 °C,77 °C,84 °C,70 °C,79 °C,81 °C,81 °C,83.8 °C,70 °C,63.3 °C,73 °C,800 rpm,1770 rpm,1867 rpm,1868 rpm,1834 rpm,1856 rpm,1893 rpm,1873 rpm,800 rpm,1620 rpm,1841 rpm
2026-09-15 06:48:40,56 °C,77 °C,84 °C,70 °C,79 °C,81.5 °C,81 °C,83.5 °C,70 °C,63.5 °C,73 °C,800 rpm,1854 rpm,1860 rpm,1864 rpm,1844 rpm,1868 rpm,1861 rpm,1864 rpm,800 rpm,1841 rpm,1863 rpm
2026-09-15 06:49:00,56 °C,77.3 °C,84 °C,70 °C,79.5 °C,82 °C,81 °C,83.5 °C,70 °C,64 °C,73 °C,800 rpm,1862 rpm,1855 rpm,1864 rpm,1855 rpm,1857 rpm,1860 rpm,1715 rpm,800 rpm,1900 rpm,1856 rpm
2026-09-15 06:49:20,56 °C,78 °C,84 °C,70 °C,79.3 °C,83 °C,81 °C,83 °C,70 °C,64 °C,73 °C,800 rpm,1860 rpm,1869 rpm,1876 rpm,1850 rpm,1864 rpm,1872 rpm,1400 rpm,800 rpm,1901 rpm,1867 rpm
2026-09-15 06:49:40,56 °C,78 °C,84 °C,70.8 °C,79.3 °C,82 °C,81 °C,83 °C,68.5 °C,64.3 °C,73 °C,800 rpm,1844 rpm,1861 rpm,1859 rpm,1862 rpm,1858 rpm,1889 rpm,1877 rpm,1545 rpm,1895 rpm,1849 rpm
2026-09-15 06:50:00,56 °C,78 °C,84 °C,71 °C,80 °C,83 °C,81 °C,83.3 °C,68.5 °C,64.8 °C,73 °C,800 rpm,1842 rpm,1857 rpm,1861 rpm,1861 rpm,1851 rpm,1878 rpm,1845 rpm,1868 rpm,1900 rpm,1869 rpm
2026-09-15 06:50:20,56 °C,78 °C,84 °C,71 °C,79.3 °C,82.5 °C,81 °C,83.3 °C,68.8 °C,65 °C,73.3 °C,800 rpm,1856 rpm,1838 rpm,1841 rpm,1849 rpm,1854 rpm,1849 rpm,1868 rpm,1859 rpm,1899 rpm,1867 rpm
2026-09-15 06:50:40,56 °C,78 °C,84 °C,71 °C,80 °C,83 °C,81 °C,83.3 °C,68 °C,65 °C,73.8 °C,1881 rpm,1841 rpm,1847 rpm,1850 rpm,1861 rpm,1850 rpm,1400 rpm,1872 rpm,1837 rpm,1649 rpm,1334 rpm
2026-09-15 06:51:00,56 °C,78 °C,,71 °C,80 °C,83 °C,81 °C,83.8 °C,70.3 °C,65 °C,73 °C,1890 rpm,1857 rpm,1834 rpm,1865 rpm,1861 rpm,1847 rpm,1469 rpm,1846 rpm,1658 rpm,1637 rpm,799 rpm
2026-09-15 06:51:20,56 °C,78 °C,,71 °C,80 °C,83 °C,81 °C,83 °C,70.5 °C,65 °C,72.5 °C,1894 rpm,1851 rpm,1860 rpm,1858 rpm,1856 rpm,1846 rpm,1869 rpm,1871 rpm,1875 rpm,1897 rpm,800 rpm
2026-09-15 06:51:40,56.8 °C,78 °C,84 °C,71.3 °C,80 °C,83 °C,81 °C,83 °C,71.3 °C,65 °C,72 °C,1870 rpm,1885 rpm,1878 rpm,1867 rpm,1864 rpm,1868 rpm,1842 rpm,1844 rpm,1859 rpm,1893 rpm,800 rpm
2026-09-15 06:52:00,57 °C,78 °C,84 °C,72 °C,80 °C,83 °C,81 °C,83 °C,70.8 °C,64.8 °C,72 °C,1600 rpm,1872 rpm,1857 rpm,1860 rpm,1861 rpm,1856 rpm,1859 rpm,1875 rpm,1866 rpm,799 rpm,800 rpm
2026-09-15 06:52:20,58 °C,78 °C,84 °C,72 °C,80 °C,83 °C,81 °C,83 °C,70.8 °C,64 °C,72 °C,1865 rpm,1887 rpm,1336 rpm,1864 rpm,1834 rpm,1861 rpm,1860 rpm,1855 rpm,1880 rpm,800 rpm,1005 rpm
2026-09-15 06:52:40,58 °C,78 °C,84 °C,72 °C,80 °C,83 °C,81 °C,83 °C,71.5 °C,64.8 °C,72 °C,1853 rpm,1791 rpm,800 rpm,1833 rpm,1865 rpm,1865 rpm,1862 rpm,1859 rpm,1868 rpm,1336 rpm,800 rpm
2026-09-15 06:53:00,58.8 °C,78 °C,83.8 °C,72 °C,80 °C,83 °C,81.5 °C,83 °C,71.3 °C,65 °C,72 °C,1886 rpm,1900 rpm,800 rpm,1869 rpm,1839 rpm,1841 rpm,1847 rpm,1844 rpm,1857 rpm,1897 rpm,800 rpm
2026-09-15 06:53:20,59 °C,78 °C,83 °C,72 °C,80 °C,,82.5 °C,83 °C,72 °C,65 °C,71 °C,1845 rpm,1901 rpm,800 rpm,1851 rpm,1878 rpm,1866 rpm,1847 rpm,1842 rpm,1856 rpm,1898 rpm,800 rpm
2026-09-15 06:53:40,59 °C,78 °C,83 °C,72 °C,80 °C,,81.5 °C,83 °C,71.8 °C,65.3 °C,71 °C,1872 rpm,1843 rpm,800 rpm,1891 rpm,1840 rpm,1861 rpm,1846 rpm,1886 rpm,1866 rpm,1897 rpm,800 rpm
2026-09-15 06:54:00,59 °C,78 °C,83 °C,72.3 °C,80 °C,,83 °C,83 °C,71.8 °C,66 °C,71 °C,1842 rpm,1879 rpm,800 rpm,1875 rpm,1882 rpm,1864 rpm,1851 rpm,1864 rpm,1859 rpm,1900 rpm,800 rpm
2026-09-15 06:54:20,59 °C,78 °C,83 °C,72 °C,80 °C,,81.5 °C,83 °C,71.8 °C,66 °C,70.5 °C,1861 rpm,1865 rpm,800 rpm,1842 rpm,1858 rpm,1859 rpm,1855 rpm,1857 rpm,1872 rpm,1897 rpm,800 rpm
2026-09-15 06:54:40,60 °C,78 °C,82 °C,72.3 °C,80 °C,,82.5 °C,83 °C,71.8 °C,66 °C,70 °C,1856 rpm,1868 rpm,799 rpm,1859 rpm,1833 rpm,1845 rpm,1865 rpm,1873 rpm,1881 rpm,1899 rpm,800 rpm
2026-09-15 06:55:00,60 °C,78 °C,81 °C,72.5 °C,80 °C,,82 °C,83.5 °C,71 °C,66 °C,70 °C,1852 rpm,1877 rpm,800 rpm,1863 rpm,1853 rpm,1885 rpm,1764 rpm,1870 rpm,1875 rpm,1899 rpm,800 rpm
2026-09-15 06:55:20,60 °C,78 °C,81 °C,73 °C,80 °C,,81.5 °C,84 °C,72.5 °C,66 °C,70 °C,1865 rpm,1845 rpm,800 rpm,1844 rpm,1850 rpm,1841 rpm,1784 rpm,1890 rpm,1868 rpm,1900 rpm,800 rpm
2026-09-15 06:55:40,61 °C,78 °C,81 °C,73 °C,80 °C,,83 °C,84 °C,72 °C,66.8 °C,70 °C,1856 rpm,1855 rpm,800 rpm,1864 rpm,1841 rpm,1884 rpm,1857 rpm,1874 rpm,1885 rpm,1901 rpm,800 rpm
2026-09-15 06:56:00,61 °C,78.3 °C,81 °C,73 °C,80 °C,,81 °C,83.8 °C,72.3 °C,66.8 °C,69.5 °C,1867 rpm,1856 rpm,800 rpm,1891 rpm,1859 rpm,1899 rpm,1651 rpm,1851 rpm,1887 rpm,1902 rpm,800 rpm
2026-09-15 06:56:20,61 °C,79 °C,80.8 °C,73 °C,80 °C,,81.5 °C,84 °C,73 °C,67 °C,69 °C,1859 rpm,1853 rpm,1052 rpm,1845 rpm,1855 rpm,1865 rpm,1848 rpm,1870 rpm,1887 rpm,1894 rpm,800 rpm
2026-09-15 06:56:40,62 °C,78.5 °C,80.5 °C,73 °C,80 °C,,81.5 °C,84 °C,72.5 °C,67 °C,69 °C,1894 rpm,1843 rpm,800 rpm,1860 rpm,1870 rpm,1853 rpm,1872 rpm,1844 rpm,1872 rpm,1891 rpm,800 rpm
2026-09-15 06:57:00,62 °C,79 °C,80 °C,73 °C,79.8 °C,,81 °C,84 °C,70.5 °C,67 °C,69 °C,1846 rpm,1856 rpm,800 rpm,1845 rpm,1854 rpm,1868 rpm,1400 rpm,1866 rpm,1869 rpm,1893 rpm,800 rpm
2026-09-15 06:57:20,62 °C,79 °C,80 °C,73 °C,79.5 °C,,81 °C,84 °C,71.3 °C,67 °C,69 °C,1865 rpm,1847 rpm,800 rpm,1864 rpm,1855 rpm,1842 rpm,1400 rpm,1861 rpm,1884 rpm,1900 rpm,800 rpm
2026-09-15 06:57:40,62 °C,79 °C,80 °C,73 °C,80 °C,83 °C,81 °C,84 °C,69.3 °C,67 °C,68.5 °C,1867 rpm,1857 rpm,800 rpm,1862 rpm,1900 rpm,1877 rpm,1713 rpm,1654 rpm,1872 rpm,1899 rpm,800 rpm
2026-09-15 06:58:00,63 °C,79 °C,80 °C,73 °C,79.5 °C,83 °C,81 °C,83.3 °C,71.8 °C,67 °C,68 °C,1892 rpm,1851 rpm,800 rpm,1857 rpm,1873 rpm,1834 rpm,1641 rpm,1400 rpm,1891 rpm,1900 rpm,799 rpm
2026-09-15 06:58:20,63 °C,79 °C,79.8 °C,73 °C,79 °C,83.3 °C,81 °C,83 °C,70.5 °C,67.5 °C,68.3 °C,1893 rpm,1853 rpm,800 rpm,1856 rpm,1854 rpm,1858 rpm,1400 rpm,1400 rpm,1630 rpm,1901 rpm,1200 rpm
2026-09-15 06:58:40,63 °C,79 °C,79.8 °C,73.8 °C,79 °C,83 °C,81 °C,83 °C,69 °C,68 °C,69 °C,1865 rpm,1877 rpm,800 rpm,1875 rpm,1836 rpm,1868 rpm,1758 rpm,1400 rpm,1875 rpm,1901 rpm,1852 rpm
2026-09-15 06:59:00,63 °C,,79.3 °C,73.3 °C,79 °C,83.3 °C,81 °C,83 °C,69 °C,68 °C,69.3 °C,1860 rpm,1879 rpm,800 rpm,1876 rpm,1863 rpm,1844 rpm,1848 rpm,1519 rpm,1872 rpm,1900 rpm,1859 rpm
2026-09-15 06:59:20,63 °C,,79 °C,74 °C,79 °C,84 °C,81 °C,83 °C,69 °C,68 °C,70 °C,1868 rpm,1862 rpm,800 rpm,1866 rpm,1835 rpm,1887 rpm,1864 rpm,1400 rpm,1851 rpm,1899 rpm,1885 rpm
2026-09-15 06:59:40,63 °C,,79.3 °C,74 °C,79 °C,84 °C,81 °C,83 °C,71.5 °C,68 °C,70 °C,1882 rpm,1867 rpm,1581 rpm,1854 rpm,1875 rpm,1847 rpm,1727 rpm,1400 rpm,1871 rpm,1898 rpm,1901 rpm
2026-09-15 07:00:00,63 °C,,79.5 °C,74 °C,79 °C,84 °C,81 °C,83 °C,71 °C,68 °C,70 °C,1852 rpm,1860 rpm,1900 rpm,1868 rpm,1858 rpm,1843 rpm,1875 rpm,1400 rpm,1892 rpm,1899 rpm,1901 rpm
2026-09-15 07:00:20,63 °C,79 °C,79.8 °C,74 °C,79 °C,84 °C,81 °C,83 °C,70.8 °C,68 °C,70 °C,1876 rpm,1848 rpm,1884 rpm,1856 rpm,1837 rpm,1892 rpm,1836 rpm,1401 rpm,1885 rpm,1896 rpm,1680 rpm
2026-09-15 07:00:40,63 °C,79 °C,79.8 °C,74 °C,79 °C,84 °C,81 °C,81 °C,73 °C,68 °C,70 °C,1842 rpm,1879 rpm,1866 rpm,1851 rpm,1878 rpm,1840 rpm,1864 rpm,1400 rpm,1872 rpm,1898 rpm,1901 rpm
2026-09-15 07:01:00,63 °C,79 °C,79.8 °C,74 °C,79 °C,84 °C,81 °C,81 °C,72 °C,68 °C,70 °C,1887 rpm,1865 rpm,1863 rpm,1857 rpm,1862 rpm,1862 rpm,1856 rpm,1401 rpm,1879 rpm,1900 rpm,1900 rpm
2026-09-15 07:01:20,63.5 °C,79 °C,80 °C,74 °C,79 °C,84 °C,81 °C,81 °C,72.8 °C,68 °C,70 °C,1847 rpm,1885 rpm,1593 rpm,1890 rpm,1852 rpm,1835 rpm,1858 rpm,1401 rpm,1865 rpm,1897 rpm,1899 rpm
2026-09-15 07:01:40,64 °C,79 °C,80 °C,74 °C,79 °C,84 °C,81 °C,81 °C,71.5 °C,68 °C,70 °C,1880 rpm,1879 rpm,1870 rpm,1863 rpm,1863 rpm,1859 rpm,1857 rpm,1400 rpm,1866 rpm,1897 rpm,1900 rpm
2026-09-15 07:02:00,64 °C,79 °C,80 °C,74 °C,79 °C,84 °C,82 °C,81 °C,72.3 °C,68 °C,70 °C,1857 rpm,1716 rpm,1843 rpm,1849 rpm,1852 rpm,1869 rpm,1844 rpm,1399 rpm,1900 rpm,1900 rpm,1900 rpm
2026-09-15 07:02:20,64 °C,79 °C,80 °C,74 °C,79 °C,84 °C,81 °C,81 °C,71.5 °C,68 °C,70 °C,1886 rpm,1844 rpm,1855 rpm,1858 rpm,1878 rpm,1848 rpm,1856 rpm,1399 rpm,1895 rpm,1898 rpm,1900 rpm
2026-09-15 07:02:40,64 °C,79 °C,80 °C,74 °C,79 °C,84 °C,83 °C,81 °C,72.3 °C,68 °C,70 °C,1864 rpm,1847 rpm,1873 rpm,1847 rpm,1828 rpm,1835 rpm,1868 rpm,1399 rpm,1859 rpm,1898 rpm,1900 rpm
2026-09-15 07:03:00,64 °C,79 °C,80 °C,74 °C,79 °C,84 °C,82.5 °C,80.8 °C,70.3 °C,68 °C,70 °C,1855 rpm,1863 rpm,1849 rpm,1606 rpm,1875 rpm,1869 rpm,1857 rpm,1400 rpm,1878 rpm,1899 rpm,1900 rpm
2026-09-15 07:03:20,64 °C,79 °C,80 °C,74 °C,79 °C,84 °C,83 °C,80.8 °C,73 °C,68 °C,70 °C,1873 rpm,1889 rpm,1853 rpm,800 rpm,1843 rpm,1848 rpm,1853 rpm,1400 rpm,1769 rpm,1898 rpm,1900 rpm
2026-09-15 07:03:40,65 °C,79 °C,80 °C,74 °C,79 °C,84 °C,83 °C,80.3 °C,72 °C,68 °C,70 °C,1873 rpm,1863 rpm,1861 rpm,800 rpm,1847 rpm,1860 rpm,1857 rpm,1400 rpm,1588 rpm,1900 rpm,1900 rpm
2026-09-15 07:04:00,65 °C,79 °C,80 °C,73.8 °C,79 °C,84 °C,83 °C,80 °C,71 °C,68 °C,70 °C,1853 rpm,1853 rpm,1859 rpm,800 rpm,1868 rpm,1856 rpm,1842 rpm,1400 rpm,800 rpm,1900 rpm,1900 rpm
2026-09-15 07:04:20,65 °C,79 °C,80 °C,73 °C,79 °C,84 °C,83 °C,80 °C,71 °C,68.3 °C,70.3 °C,1870 rpm,1853 rpm,1862 rpm,800 rpm,1841 rpm,1866 rpm,1855 rpm,1400 rpm,800 rpm,1901 rpm,1900 rpm
2026-09-15 07:04:40,65 °C,79 °C,80.3 °C,73 °C,79 °C,84 °C,83 °C,80 °C,70.8 °C,68.8 °C,70.8 °C,1877 rpm,1845 rpm,1845 rpm,800 rpm,1873 rpm,1883 rpm,1854 rpm,1400 rpm,800 rpm,1899 rpm,1900 rpm
2026-09-15 07:05:00,65 °C,79 °C,80.5 °C,73 °C,79 °C,84 °C,83 °C,80 °C,70 °C,68.3 °C,70.3 °C,1879 rpm,1859 rpm,1860 rpm,800 rpm,1844 rpm,1868 rpm,1823 rpm,1400 rpm,1008 rpm,1526 rpm,1900 rpm
2026-09-15 07:05:20,65 °C,79 °C,80.3 °C,73 °C,79 °C,84 °C,83 °C,80 °C,70 °C,68 °C,70.5 °C,1849 rpm,1863 rpm,1834 rpm,800 rpm,1878 rpm,1866 rpm,1864 rpm,1400 rpm,800 rpm,1650 rpm,1900 rpm
2026-09-15 07:05:40,65.3 °C,79 °C,80.8 °C,73 °C,79 °C,84 °C,83 °C,80 °C,70 °C,69 °C,71 °C,1890 rpm,1873 rpm,1851 rpm,800 rpm,1891 rpm,1860 rpm,1850 rpm,1400 rpm,800 rpm,1898 rpm,1900 rpm
2026-09-15 07:06:00,66 °C,79.3 °C,81 °C,73 °C,79 °C,84 °C,83 °C,80 °C,70 °C,69 °C,70.8 °C,1842 rpm,1707 rpm,1904 rpm,800 rpm,1895 rpm,1877 rpm,1854 rpm,1816 rpm,800 rpm,1899 rpm,1900 rpm
2026-09-15 07:06:20,66 °C,79.5 °C,81 °C,73 °C,79 °C,84 °C,83 °C,80 °C,70 °C,69 °C,71 °C,1865 rpm,1854 rpm,1883 rpm,799 rpm,1895 rpm,1860 rpm,1868 rpm,1852 rpm,800 rpm,1899 rpm,1900 rpm
2026-09-15 07:06:40,66 °C,79 °C,80.8 °C,72.3 °C,79 °C,84 °C,83 °C,80 °C,69.5 °C,69 °C,70.5 °C,1845 rpm,1842 rpm,1876 rpm,800 rpm,1871 rpm,1888 rpm,1856 rpm,1879 rpm,800 rpm,1899 rpm,1870 rpm
2026-09-15 07:07:00,66 °C,80 °C,80.8 °C,72 °C,79 °C,84 °C,83 °C,80 °C,70 °C,69 °C,71 °C,1898 rpm,1860 rpm,1865 rpm,800 rpm,1856 rpm,1900 rpm,1864 rpm,1798 rpm,800 rpm,1895 rpm,1868 rpm
2026-09-15 07:07:20,66 °C,80 °C,,72 °C,79 °C,84 °C,83 °C,80 °C,69 °C,69 °C,71 °C,1857 rpm,1861 rpm,1857 rpm,800 rpm,1880 rpm,1857 rpm,1858 rpm,1896 rpm,801 rpm,1900 rpm,1862 rpm
2026-09-15 07:07:40,66 °C,79.3 °C,,72 °C,79 °C,83 °C,83 °C,80.8 °C,69 °C,69 °C,71 °C,1867 rpm,1853 rpm,1872 rpm,800 rpm,1861 rpm,1856 rpm,1878 rpm,1861 rpm,800 rpm,1897 rpm,1861 rpm
2026-09-15 07:08:00,66 °C,79.8 °C,,72 °C,79 °C,83 °C,83 °C,81 °C,69 °C,69 °C,71 °C,1871 rpm,1872 rpm,1846 rpm,800 rpm,1883 rpm,1867 rpm,1872 rpm,1834 rpm,800 rpm,1766 rpm,1867 rpm
2026-09-15 07:08:20,66 °C,80 °C,,71.8 °C,79 °C,83 °C,84 °C,81 °C,69 °C,69 °C,71 °C,1841 rpm,1680 rpm,1837 rpm,800 rpm,1847 rpm,1876 rpm,1861 rpm,1876 rpm,800 rpm,1896 rpm,1882 rpm
2026-09-15 07:08:40,66 °C,,,71.3 °C,79 °C,83.3 °C,84 °C,81 °C,69 °C,69 °C,71 °C,1878 rpm,1883 rpm,1874 rpm,800 rpm,1862 rpm,1875 rpm,1830 rpm,1855 rpm,800 rpm,1893 rpm,1861 rpm
2026-09-15 07:09:00,66 °C,,,71 °C,79 °C,84 °C,84 °C,81 °C,69 °C,69 °C,71 °C,1852 rpm,1844 rpm,1855 rpm,800 rpm,1646 rpm,1846 rpm,1884 rpm,1873 rpm,800 rpm,1896 rpm,1871 rpm
2026-09-15 07:09:20,67 °C,,,71 °C,78.8 °C,83 °C,84 °C,81 °C,67 °C,69 °C,70.8 °C,1872 rpm,1861 rpm,1844 rpm,800 rpm,800 rpm,1859 rpm,1855 rpm,1842 rpm,1817 rpm,1648 rpm,1874 rpm
2026-09-15 07:09:40,67 °C,,,71 °C,78 °C,84 °C,84 °C,83 °C,67.5 °C,69 °C,71 °C,1844 rpm,1842 rpm,1862 rpm,800 rpm,800 rpm,1842 rpm,1873 rpm,1859 rpm,1714 rpm,1754 rpm,1861 rpm
2026-09-15 07:10:00,67 °C,,,71 °C,78 °C,84 °C,84 °C,83 °C,70.3 °C,68.5 °C,71 °C,1888 rpm,1864 rpm,1855 rpm,800 rpm,800 rpm,1847 rpm,1849 rpm,1851 rpm,1870 rpm,1073 rpm,1874 rpm
2026-09-15 07:10:20,67 °C,80 °C,,71 °C,78 °C,,84 °C,83 °C,69.8 °C,68 °C,71 °C,1840 rpm,1849 rpm,1862 rpm,800 rpm,800 rpm,1899 rpm,1859 rpm,1862 rpm,1862 rpm,1059 rpm,1884 rpm
2026-09-15 07:10:40,67 °C,80 °C,,70.8 °C,78 °C,,84 °C,83 °C,68.5 °C,68 °C,71.8 °C,1881 rpm,1861 rpm,1837 rpm,800 rpm,1013 rpm,1861 rpm,1846 rpm,1853 rpm,1870 rpm,800 rpm,1893 rpm
2026-09-15 07:11:00,67 °C,80 °C,,70 °C,78 °C,,84 °C,83 °C,68 °C,68 °C,71.8 °C,1843 rpm,1849 rpm,1851 rpm,801 rpm,793 rpm,1881 rpm,1873 rpm,1854 rpm,1640 rpm,800 rpm,1856 rpm
2026-09-15 07:11:20,67 °C,80 °C,,70 °C,77.5 °C,,84 °C,83 °C,63.3 °C,68 °C,72 °C,1894 rpm,1862 rpm,1852 rpm,801 rpm,802 rpm,1868 rpm,1842 rpm,1874 rpm,1856 rpm,800 rpm,1860 rpm
2026-09-15 07:11:40,67 °C,80 °C,81 °C,70 °C,78 °C,,84 °C,83.3 °C,67.7 °C,68 °C,71.7 °C,1845 rpm,1861 rpm,1867 rpm,800 rpm,800 rpm,1869 rpm,1853 rpm,1846 rpm,1841 rpm,800 rpm,1864 rpm
2026-09-15 07:12:00,,80 °C,,70 °C,,,84 °C,83.5 °C,,68 °C,,1852 rpm,1881 rpm,,800 rpm,,1839 rpm,1647 rpm,1886 rpm,,800 rpm,
2026-09-15 07:12:20,67 °C,80 °C,81 °C,70 °C,77 °C,,84 °C,83.5 °C,69 °C,68 °C,72 °C,1847 rpm,1861 rpm,1873 rpm,800 rpm,800 rpm,,1520 rpm,1862 rpm,1827 rpm,800 rpm,
2026-09-15 07:12:40,,80 °C,81 °C,69.8 °C,77 °C,84 °C,84 °C,84 °C,68.5 °C,68 °C,72 °C,,1859 rpm,1853 rpm,800 rpm,800 rpm,1849 rpm,1853 rpm,1864 rpm,1842 rpm,799 rpm,1886 rpm
2026-09-15 07:13:00,67.6 °C,80 °C,81 °C,69.3 °C,77 °C,84 °C,84 °C,84 °C,69 °C,68 °C,72 °C,1867 rpm,1865 rpm,1854 rpm,800 rpm,800 rpm,1874 rpm,1874 rpm,1846 rpm,1864 rpm,800 rpm,1855 rpm
2026-09-15 07:13:20,68 °C,,81 °C,69 °C,77 °C,84 °C,84 °C,84 °C,68.5 °C,68 °C,72 °C,1835 rpm,1854 rpm,1859 rpm,800 rpm,800 rpm,1861 rpm,1848 rpm,1865 rpm,1869 rpm,800 rpm,1848 rpm
2026-09-15 07:13:40,68 °C,,81 °C,69 °C,77 °C,84 °C,84 °C,84 °C,65.8 °C,67.8 °C,72.3 °C,1879 rpm,1845 rpm,1848 rpm,800 rpm,800 rpm,1851 rpm,1649 rpm,1869 rpm,1888 rpm,800 rpm,1876 rpm
2026-09-15 07:14:00,68 °C,,81 °C,69 °C,76.5 °C,84 °C,84 °C,84 °C,70 °C,67 °C,72.5 °C,1845 rpm,1851 rpm,1848 rpm,800 rpm,800 rpm,1857 rpm,1634 rpm,1844 rpm,798 rpm,800 rpm,1878 rpm
2026-09-15 07:14:20,68 °C,,81 °C,69 °C,76 °C,84 °C,84 °C,84 °C,70 °C,67 °C,72.8 °C,1878 rpm,1851 rpm,1460 rpm,800 rpm,800 rpm,1860 rpm,1862 rpm,1840 rpm,800 rpm,800 rpm,1874 rpm
2026-09-15 07:14:40,68 °C,,81 °C,69 °C,76 °C,84 °C,84 °C,84 °C,70 °C,67 °C,73 °C,1839 rpm,1865 rpm,800 rpm,800 rpm,800 rpm,1863 rpm,1845 rpm,1849 rpm,800 rpm,801 rpm,1899 rpm
2026-09-15 07:15:00,68 °C,,81 °C,69 °C,76 °C,84 °C,84 °C,84 °C,70 °C,67 °C,73 °C,1880 rpm,1845 rpm,1350 rpm,1848 rpm,800 rpm,1860 rpm,1869 rpm,1871 rpm,1008 rpm,800 rpm,1900 rpm
2026-09-15 07:15:20,68 °C,80 °C,81 °C,69 °C,76 °C,84 °C,84 °C,84.5 °C,69 °C,67 °C,73 °C,1859 rpm,1858 rpm,1645 rpm,1851 rpm,800 rpm,1871 rpm,1859 rpm,1876 rpm,1644 rpm,800 rpm,1900 rpm
2026-09-15 07:15:40,68 °C,80 °C,81 °C,69 °C,76 °C,84 °C,84 °C,84.5 °C,70 °C,67 °C,73 °C,1882 rpm,1849 rpm,800 rpm,1589 rpm,800 rpm,1876 rpm,1848 rpm,1836 rpm,1871 rpm,800 rpm,1865 rpm
2026-09-15 07:16:00,68 °C,80 °C,80 °C,69.3 °C,76 °C,84 °C,84 °C,85 °C,68.8 °C,67 °C,73 °C,1874 rpm,1867 rpm,800 rpm,1865 rpm,800 rpm,1900 rpm,1861 rpm,1885 rpm,1856 rpm,800 rpm,1841 rpm
2026-09-15 07:16:20,68 °C,80 °C,80 °C,70 °C,76 °C,84 °C,84 °C,86 °C,67 °C,66.3 °C,73 °C,1872 rpm,1835 rpm,1060 rpm,1850 rpm,800 rpm,1876 rpm,1844 rpm,1838 rpm,1842 rpm,800 rpm,1859 rpm
2026-09-15 07:16:40,68 °C,80 °C,80 °C,70 °C,75.5 °C,84 °C,84 °C,86 °C,65.5 °C,66 °C,73 °C,1874 rpm,1875 rpm,1583 rpm,1869 rpm,800 rpm,1848 rpm,1844 rpm,1850 rpm,1867 rpm,800 rpm,1840 rpm
2026-09-15 07:17:00,68 °C,80 °C,80.5 °C,70 °C,74 °C,,84 °C,86 °C,67.8 °C,66 °C,73 °C,1858 rpm,1865 rpm,1865 rpm,1861 rpm,800 rpm,1883 rpm,1841 rpm,1855 rpm,1651 rpm,800 rpm,1865 rpm
2026-09-15 07:17:20,68 °C,80 °C,80.5 °C,71 °C,74 °C,,85 °C,86 °C,66 °C,66 °C,73 °C,1863 rpm,1862 rpm,1868 rpm,1857 rpm,800 rpm,1850 rpm,1850 rpm,1884 rpm,1845 rpm,800 rpm,1866 rpm
2026-09-15 07:17:40,68 °C,80 °C,80.8 °C,71 °C,74 °C,84 °C,84.5 °C,86 °C,65.5 °C,66 °C,73 °C,1884 rpm,1858 rpm,1840 rpm,1861 rpm,800 rpm,1876 rpm,1896 rpm,1745 rpm,1871 rpm,800 rpm,1854 rpm
2026-09-15 07:18:00,68 °C,80 °C,80.8 °C,71 °C,74 °C,84 °C,86 °C,86 °C,64.3 °C,66 °C,73 °C,1842 rpm,1885 rpm,1852 rpm,1900 rpm,800 rpm,1840 rpm,1872 rpm,1754 rpm,1857 rpm,800 rpm,1868 rpm
2026-09-15 07:18:20,68 °C,80 °C,81 °C,71 °C,74 °C,84 °C,86 °C,86 °C,67 °C,66 °C,73 °C,1892 rpm,1885 rpm,1873 rpm,1883 rpm,800 rpm,1858 rpm,1871 rpm,1852 rpm,1854 rpm,800 rpm,1856 rpm
2026-09-15 07:18:40,68 °C,80 °C,81 °C,71 °C,74 °C,84 °C,86 °C,86 °C,66 °C,65.5 °C,73 °C,1850 rpm,1837 rpm,1849 rpm,1862 rpm,800 rpm,1870 rpm,1861 rpm,1878 rpm,1841 rpm,800 rpm,1866 rpm
2026-09-15 07:19:00,69 °C,80 °C,81 °C,71 °C,74 °C,,86 °C,86 °C,71.5 °C,65 °C,73 °C,1871 rpm,1871 rpm,1865 rpm,1841 rpm,800 rpm,1845 rpm,1863 rpm,1859 rpm,1858 rpm,800 rpm,1862 rpm
2026-09-15 07:19:20,69 °C,80 °C,81 °C,72 °C,74 °C,,86 °C,85 °C,68.5 °C,65 °C,73.8 °C,1839 rpm,1846 rpm,1834 rpm,1865 rpm,800 rpm,1851 rpm,1813 rpm,1865 rpm,1861 rpm,800 rpm,1867 rpm
2026-09-15 07:19:40,69 °C,80 °C,81 °C,72 °C,73.3 °C,,86 °C,84.5 °C,68.3 °C,65 °C,74 °C,1882 rpm,1859 rpm,1851 rpm,1844 rpm,800 rpm,1870 rpm,1855 rpm,1863 rpm,1853 rpm,800 rpm,1860 rpm
2026-09-15 07:20:00,69 °C,80 °C,81 °C,72 °C,73 °C,,86 °C,84 °C,65.8 °C,65 °C,74 °C,1855 rpm,1850 rpm,1848 rpm,1864 rpm,800 rpm,1865 rpm,1861 rpm,1835 rpm,1852 rpm,800 rpm,1897 rpm
2026-09-15 07:20:20,69 °C,80 °C,81 °C,72 °C,73 °C,,86 °C,84 °C,69.3 °C,65 °C,74 °C,1875 rpm,1842 rpm,1853 rpm,1871 rpm,800 rpm,1859 rpm,1848 rpm,1863 rpm,1868 rpm,800 rpm,1891 rpm
2026-09-15 07:20:40,69 °C,80 °C,,72 °C,73 °C,,86 °C,84 °C,67.3 °C,65 °C,74 °C,1856 rpm,1854 rpm,1871 rpm,1874 rpm,800 rpm,1838 rpm,1863 rpm,1846 rpm,1872 rpm,800 rpm,1866 rpm
2026-09-15 07:21:00,69 °C,80 °C,,72.3 °C,73 °C,,86 °C,84 °C,70.5 °C,65 °C,74 °C,1857 rpm,1847 rpm,1900 rpm,1850 rpm,800 rpm,1850 rpm,1841 rpm,1849 rpm,1869 rpm,800 rpm,1859 rpm
2026-09-15 07:21:20,69 °C,80 °C,,72.3 °C,73 °C,,86 °C,84 °C,63.3 °C,64.5 °C,74 °C,1848 rpm,1861 rpm,1625 rpm,1875 rpm,800 rpm,1846 rpm,1857 rpm,1857 rpm,1862 rpm,800 rpm,1896 rpm
2026-09-15 07:21:40,69 °C,80 °C,,73 °C,73 °C,,86 °C,84 °C,62.8 °C,64.8 °C,74 °C,1863 rpm,1863 rpm,1650 rpm,1843 rpm,800 rpm,1864 rpm,1873 rpm,1848 rpm,1851 rpm,800 rpm,1890 rpm
2026-09-15 07:22:00,69 °C,80 °C,,73 °C,73 °C,,86 °C,84 °C,67.8 °C,64 °C,74 °C,1860 rpm,1847 rpm,1400 rpm,1882 rpm,800 rpm,1866 rpm,1844 rpm,1861 rpm,1855 rpm,800 rpm,1899 rpm
2026-09-15 07:22:20,69 °C,80 °C,,73 °C,72.5 °C,,86.5 °C,84 °C,63.8 °C,64 °C,74 °C,1872 rpm,1871 rpm,1400 rpm,1847 rpm,800 rpm,1867 rpm,1868 rpm,1856 rpm,1846 rpm,800 rpm,1872 rpm
2026-09-15 07:22:40,69 °C,80 °C,,73 °C,72 °C,84 °C,86.5 °C,84.5 °C,69 °C,64 °C,74 °C,1861 rpm,1856 rpm,1400 rpm,1858 rpm,800 rpm,1870 rpm,1845 rpm,1901 rpm,1861 rpm,800 rpm,1842 rpm
2026-09-15 07:23:00,69.3 °C,80.8 °C,,73 °C,72 °C,84.5 °C,87 °C,84 °C,69 °C,64 °C,74 °C,1874 rpm,1860 rpm,1400 rpm,1852 rpm,800 rpm,1849 rpm,1859 rpm,1881 rpm,1857 rpm,800 rpm,1871 rpm
2026-09-15 07:23:20,69.8 °C,81 °C,,73 °C,72 °C,84 °C,86.8 °C,84 °C,70.5 °C,64 °C,74 °C,1866 rpm,1863 rpm,1401 rpm,1876 rpm,800 rpm,1865 rpm,1862 rpm,1869 rpm,1860 rpm,800 rpm,1852 rpm
2026-09-15 07:23:40,70 °C,81 °C,,73 °C,72 °C,86 °C,87 °C,84.5 °C,68.8 °C,64 °C,74 °C,1865 rpm,1747 rpm,1400 rpm,1853 rpm,800 rpm,1830 rpm,1857 rpm,1856 rpm,1852 rpm,800 rpm,1874 rpm
2026-09-15 07:24:00,70 °C,81 °C,,73 °C,72 °C,84.5 °C,87 °C,85.5 °C,70.5 °C,64 °C,74 °C,1883 rpm,1737 rpm,1400 rpm,1867 rpm,800 rpm,1845 rpm,1847 rpm,1869 rpm,1894 rpm,800 rpm,1857 rpm
2026-09-15 07:24:20,70 °C,81 °C,,73 °C,72 °C,85.5 °C,87 °C,86 °C,69 °C,63.8 °C,74 °C,1869 rpm,1871 rpm,1400 rpm,1837 rpm,800 rpm,1848 rpm,1887 rpm,1856 rpm,1840 rpm,800 rpm,1857 rpm
2026-09-15 07:24:40,69 °C,81 °C,,73.8 °C,72 °C,86 °C,87 °C,84 °C,66.5 °C,64 °C,74 °C,1849 rpm,1860 rpm,1400 rpm,1875 rpm,800 rpm,1874 rpm,1899 rpm,1856 rpm,1854 rpm,800 rpm,1874 rpm
2026-09-15 07:25:00,69.8 °C,81 °C,,74 °C,72 °C,86 °C,87 °C,84 °C,68.3 °C,63 °C,74 °C,1865 rpm,1873 rpm,1399 rpm,1861 rpm,800 rpm,1844 rpm,1872 rpm,1849 rpm,1846 rpm,800 rpm,1860 rpm
2026-09-15 07:25:20,69.8 °C,81 °C,,74 °C,72 °C,86 °C,87 °C,84 °C,66 °C,63 °C,74 °C,1856 rpm,1878 rpm,1400 rpm,1849 rpm,800 rpm,1850 rpm,1846 rpm,1850 rpm,1858 rpm,800 rpm,1851 rpm
2026-09-15 07:25:40,70 °C,80.3 °C,,74 °C,71.8 °C,85.5 °C,87 °C,84 °C,63.8 °C,63 °C,74 °C,1876 rpm,1525 rpm,1400 rpm,1865 rpm,800 rpm,1867 rpm,1868 rpm,1842 rpm,1833 rpm,800 rpm,1901 rpm
2026-09-15 07:26:00,70 °C,80 °C,,74 °C,71.3 °C,85.5 °C,87 °C,84 °C,66.8 °C,63 °C,74 °C,1847 rpm,1400 rpm,1400 rpm,1847 rpm,800 rpm,1900 rpm,1860 rpm,1848 rpm,1848 rpm,800 rpm,1900 rpm
2026-09-15 07:26:20,70 °C,80 °C,,74 °C,71 °C,84 °C,87 °C,84 °C,68.5 °C,63 °C,74 °C,1866 rpm,1400 rpm,1525 rpm,1871 rpm,800 rpm,1882 rpm,1840 rpm,1865 rpm,1853 rpm,800 rpm,1886 rpm
2026-09-15 07:26:40,70 °C,80 °C,79 °C,74 °C,71 °C,84 °C,87 °C,84.5 °C,66.3 °C,63 °C,74 °C,1864 rpm,1400 rpm,1400 rpm,1863 rpm,800 rpm,1864 rpm,1870 rpm,1858 rpm,1846 rpm,800 rpm,1900 rpm
2026-09-15 07:27:00,70 °C,,79 °C,74 °C,71 °C,84 °C,87 °C,85.5 °C,69 °C,63 °C,74 °C,1871 rpm,1400 rpm,1400 rpm,1886 rpm,800 rpm,1859 rpm,1856 rpm,1850 rpm,1865 rpm,799 rpm,1866 rpm
2026-09-15 07:27:20,70 °C,,79 °C,75.5 °C,71 °C,84 °C,87 °C,84.5 °C,65.3 °C,63 °C,74 °C,1859 rpm,1853 rpm,1400 rpm,1841 rpm,800 rpm,1834 rpm,1841 rpm,1840 rpm,1853 rpm,800 rpm,1860 rpm
2026-09-15 07:27:40,70 °C,,79 °C,75 °C,71 °C,84 °C,87 °C,85.5 °C,66.3 °C,63 °C,74 °C,1861 rpm,1899 rpm,1400 rpm,1876 rpm,800 rpm,1865 rpm,1873 rpm,1838 rpm,1854 rpm,800 rpm,1872 rpm
2026-09-15 07:28:00,70 °C,,79 °C,76 °C,71 °C,84 °C,87 °C,85.5 °C,66.5 °C,63 °C,74 °C,1859 rpm,1879 rpm,1400 rpm,1854 rpm,800 rpm,1850 rpm,1831 rpm,1864 rpm,1869 rpm,800 rpm,1865 rpm
2026-09-15 07:28:20,70 °C,,79 °C,76 °C,71 °C,84 °C,87 °C,86 °C,66.5 °C,63 °C,74 °C,1882 rpm,1732 rpm,1400 rpm,1857 rpm,800 rpm,1887 rpm,1855 rpm,1851 rpm,1855 rpm,800 rpm,1888 rpm
2026-09-15 07:28:40,70 °C,,79 °C,76 °C,70.5 °C,84 °C,87 °C,86 °C,67.5 °C,63 °C,74 °C,1892 rpm,1841 rpm,1400 rpm,1862 rpm,800 rpm,1864 rpm,1867 rpm,1849 rpm,1860 rpm,800 rpm,1891 rpm
2026-09-15 07:29:00,70 °C,,79 °C,76 °C,70 °C,84 °C,87 °C,86 °C,67.5 °C,63 °C,74 °C,1875 rpm,1885 rpm,1401 rpm,1860 rpm,800 rpm,1876 rpm,1879 rpm,1721 rpm,1868 rpm,800 rpm,1900 rpm
2026-09-15 07:29:20,70 °C,,79 °C,76 °C,70 °C,84 °C,87 °C,84.5 °C,67.5 °C,63 °C,74 °C,1886 rpm,1840 rpm,1632 rpm,1844 rpm,800 rpm,1863 rpm,1842 rpm,1400 rpm,1838 rpm,800 rpm,1900 rpm
2026-09-15 07:29:40,70 °C,,79 °C,76 °C,70 °C,84 °C,87 °C,84 °C,71.3 °C,63 °C,74 °C,1858 rpm,1865 rpm,1901 rpm,1871 rpm,800 rpm,1858 rpm,1844 rpm,1877 rpm,1870 rpm,800 rpm,1886 rpm
2026-09-15 07:30:00,70 °C,,78.8 °C,76 °C,70 °C,84 °C,87 °C,84.5 °C,69.5 °C,63 °C,74 °C,1855 rpm,1854 rpm,1888 rpm,1869 rpm,800 rpm,1855 rpm,1846 rpm,1836 rpm,1864 rpm,800 rpm,1897 rpm
2026-09-15 07:30:20,70 °C,80 °C,79 °C,76 °C,70 °C,84 °C,87 °C,85.5 °C,64.5 °C,63 °C,74 °C,1863 rpm,1864 rpm,1872 rpm,1862 rpm,800 rpm,1875 rpm,1863 rpm,1869 rpm,1838 rpm,800 rpm,1868 rpm
2026-09-15 07:30:40,70.5 °C,80 °C,79 °C,76.5 °C,70 °C,84 °C,87 °C,86 °C,71.8 °C,63 °C,74 °C,1897 rpm,1870 rpm,1850 rpm,1846 rpm,800 rpm,1846 rpm,1848 rpm,1851 rpm,1885 rpm,800 rpm,1865 rpm
2026-09-15 07:31:00,70.8 °C,80 °C,79 °C,76.5 °C,70 °C,84 °C,87 °C,85 °C,71.8 °C,63 °C,74 °C,1843 rpm,1844 rpm,1870 rpm,1849 rpm,800 rpm,1860 rpm,1851 rpm,1858 rpm,1862 rpm,800 rpm,1844 rpm
2026-09-15 07:31:20,71 °C,80 °C,79 °C,76.3 °C,70 °C,84 °C,87 °C,85 °C,68.5 °C,62.5 °C,74 °C,1889 rpm,1874 rpm,1876 rpm,1869 rpm,800 rpm,1850 rpm,1873 rpm,1854 rpm,1861 rpm,800 rpm,1856 rpm
2026-09-15 07:31:40,71 °C,80 °C,79 °C,77 °C,69 °C,84 °C,87 °C,86 °C,70 °C,62.8 °C,74 °C,1839 rpm,1852 rpm,1763 rpm,1871 rpm,800 rpm,1868 rpm,1860 rpm,1850 rpm,1866 rpm,800 rpm,1865 rpm
2026-09-15 07:32:00,71 °C,80 °C,79.5 °C,77 °C,69.5 °C,84 °C,87 °C,85.5 °C,72.8 °C,62 °C,74 °C,1876 rpm,1844 rpm,1861 rpm,1848 rpm,800 rpm,1849 rpm,1844 rpm,1877 rpm,1863 rpm,800 rpm,1846 rpm
2026-09-15 07:32:20,71 °C,80 °C,79.3 °C,76.5 °C,69 °C,84 °C,87 °C,86 °C,70.8 °C,62 °C,74 °C,1848 rpm,1876 rpm,1846 rpm,1869 rpm,800 rpm,1856 rpm,1840 rpm,1848 rpm,1867 rpm,800 rpm,1863 rpm
2026-09-15 07:32:40,71 °C,80 °C,79.5 °C,77 °C,69 °C,84 °C,87 °C,86 °C,72.5 °C,62 °C,74 °C,1872 rpm,1873 rpm,1877 rpm,1871 rpm,800 rpm,1856 rpm,1856 rpm,1862 rpm,1879 rpm,800 rpm,1859 rpm
2026-09-15 07:33:00,71 °C,,80 °C,77 °C,69.5 °C,84 °C,88 °C,85.5 °C,71 °C,62 °C,74 °C,1869 rpm,1843 rpm,1839 rpm,1866 rpm,1779 rpm,1845 rpm,1888 rpm,1842 rpm,1861 rpm,800 rpm,1856 rpm
2026-09-15 07:33:20,71 °C,,80 °C,77 °C,70 °C,84 °C,88.5 °C,86 °C,74.3 °C,62 °C,74 °C,1853 rpm,1854 rpm,1853 rpm,1857 rpm,1854 rpm,1872 rpm,1893 rpm,1862 rpm,1866 rpm,800 rpm,1866 rpm
2026-09-15 07:33:40,71 °C,,80 °C,77 °C,70 °C,84 °C,89 °C,86 °C,77 °C,62 °C,74 °C,1888 rpm,1882 rpm,1874 rpm,1839 rpm,1878 rpm,1847 rpm,1887 rpm,1853 rpm,1898 rpm,801 rpm,1865 rpm
2026-09-15 07:34:00,71 °C,,80 °C,77 °C,70 °C,83.8 °C,88.5 °C,86 °C,72.8 °C,62 °C,74 °C,1866 rpm,1853 rpm,1855 rpm,1854 rpm,1837 rpm,1871 rpm,1890 rpm,1869 rpm,1833 rpm,800 rpm,1857 rpm
2026-09-15 07:34:20,71 °C,,80 °C,77 °C,70 °C,84 °C,89 °C,86 °C,70.8 °C,62 °C,74.5 °C,1895 rpm,1869 rpm,1839 rpm,1881 rpm,1845 rpm,1840 rpm,1888 rpm,1846 rpm,1860 rpm,1061 rpm,1869 rpm
2026-09-15 07:34:40,71 °C,,80 °C,77 °C,70.3 °C,83.8 °C,89 °C,86 °C,69 °C,63 °C,75 °C,1859 rpm,1851 rpm,1845 rpm,1862 rpm,1647 rpm,1865 rpm,1888 rpm,1858 rpm,1868 rpm,1873 rpm,1870 rpm
2026-09-15 07:35:00,71.3 °C,,80 °C,77 °C,71 °C,,89 °C,86 °C,69.8 °C,63 °C,75.5 °C,1883 rpm,1868 rpm,1854 rpm,1866 rpm,1861 rpm,1864 rpm,1895 rpm,1858 rpm,1866 rpm,1880 rpm,1860 rpm
2026-09-15 07:35:20,72 °C,81 °C,80.3 °C,77 °C,70.8 °C,,89 °C,86 °C,70 °C,63 °C,75.5 °C,1844 rpm,1859 rpm,1875 rpm,1860 rpm,1858 rpm,1860 rpm,1885 rpm,1870 rpm,1846 rpm,1885 rpm,1886 rpm
2026-09-15 07:35:40,72 °C,80.3 °C,80 °C,77 °C,71 °C,,89 °C,86 °C,72.3 °C,63 °C,74 °C,1863 rpm,1849 rpm,1853 rpm,1873 rpm,1872 rpm,1850 rpm,1876 rpm,1823 rpm,1276 rpm,1896 rpm,1900 rpm
2026-09-15 07:36:00,72 °C,80.8 °C,80.3 °C,77 °C,71 °C,,89 °C,86 °C,73.8 °C,63.5 °C,74 °C,1867 rpm,1871 rpm,1866 rpm,1855 rpm,1847 rpm,1853 rpm,1873 rpm,1848 rpm,800 rpm,1888 rpm,1900 rpm
2026-09-15 07:36:20,72 °C,81 °C,80 °C,77 °C,71 °C,,89 °C,86 °C,73 °C,64 °C,74 °C,1872 rpm,1844 rpm,1836 rpm,1853 rpm,1825 rpm,1882 rpm,1836 rpm,1859 rpm,800 rpm,1682 rpm,1870 rpm
2026-09-15 07:36:40,72 °C,80.4 °C,80 °C,77.3 °C,71 °C,,89 °C,86 °C,73 °C,64 °C,74 °C,,1855 rpm,1855 rpm,1850 rpm,1865 rpm,1871 rpm,1858 rpm,1859 rpm,800 rpm,1651 rpm,1874 rpm
2026-09-15 07:37:00,72 °C,,81 °C,77.3 °C,71 °C,,89 °C,86 °C,73 °C,64 °C,74 °C,1858 rpm,1858 rpm,1897 rpm,1855 rpm,1853 rpm,1872 rpm,1844 rpm,1860 rpm,1011 rpm,1769 rpm,1885 rpm
2026-09-15 07:37:20,72 °C,,81 °C,78 °C,71.3 °C,,89 °C,86 °C,73 °C,64 °C,74 °C,1869 rpm,1516 rpm,1866 rpm,1851 rpm,1862 rpm,1841 rpm,1844 rpm,1853 rpm,800 rpm,1874 rpm,1871 rpm
2026-09-15 07:37:40,72 °C,,81 °C,78 °C,71.8 °C,84 °C,89 °C,86 °C,73 °C,64.3 °C,74 °C,1860 rpm,800 rpm,1877 rpm,1870 rpm,1842 rpm,1871 rpm,1851 rpm,1887 rpm,800 rpm,1858 rpm,1865 rpm
2026-09-15 07:38:00,72 °C,,81 °C,78 °C,72 °C,84 °C,89 °C,86 °C,72.5 °C,65 °C,74 °C,1885 rpm,800 rpm,1861 rpm,1849 rpm,1892 rpm,1854 rpm,1861 rpm,1844 rpm,800 rpm,1869 rpm,1864 rpm
2026-09-15 07:38:20,72 °C,,81 °C,78 °C,72 °C,84 °C,89 °C,86 °C,72 °C,65 °C,74 °C,1873 rpm,1061 rpm,1842 rpm,1875 rpm,1846 rpm,1873 rpm,1845 rpm,1844 rpm,800 rpm,1869 rpm,1857 rpm
2026-09-15 07:38:40,72 °C,,81 °C,78 °C,72 °C,84 °C,89.3 °C,86 °C,72 °C,65 °C,74 °C,1877 rpm,800 rpm,1878 rpm,1864 rpm,1868 rpm,1870 rpm,1839 rpm,1859 rpm,1513 rpm,1866 rpm,1868 rpm
2026-09-15 07:39:00,72 °C,,81 °C,78 °C,72 °C,84 °C,89 °C,86 °C,72.5 °C,65.8 °C,74 °C,1875 rpm,800 rpm,1898 rpm,1891 rpm,1848 rpm,1872 rpm,1875 rpm,1865 rpm,1644 rpm,1860 rpm,1887 rpm
2026-09-15 07:39:20,72 °C,,,78 °C,72 °C,84 °C,89 °C,86 °C,71.8 °C,66 °C,74 °C,1877 rpm,801 rpm,1883 rpm,1858 rpm,1842 rpm,1866 rpm,1849 rpm,1855 rpm,1859 rpm,1865 rpm,1877 rpm
2026-09-15 07:39:40,72 °C,,,78 °C,72 °C,84 °C,89.3 °C,86 °C,70.3 °C,66 °C,74 °C,1875 rpm,800 rpm,1851 rpm,1863 rpm,1848 rpm,1873 rpm,1854 rpm,1824 rpm,1853 rpm,1871 rpm,1868 rpm
2026-09-15 07:40:00,72 °C,,,78 °C,72 °C,84 °C,89 °C,86 °C,70 °C,66 °C,74 °C,1878 rpm,800 rpm,1856 rpm,1838 rpm,1857 rpm,1364 rpm,1858 rpm,1838 rpm,1880 rpm,1866 rpm,1869 rpm
2026-09-15 07:40:20,72 °C,79 °C,,78 °C,72.3 °C,84 °C,89.3 °C,86 °C,71.3 °C,66 °C,74 °C,1877 rpm,800 rpm,1843 rpm,1854 rpm,1882 rpm,800 rpm,1862 rpm,1869 rpm,1849 rpm,1866 rpm,1862 rpm
2026-09-15 07:40:40,72 °C,78 °C,,78 °C,72.5 °C,83 °C,89 °C,86 °C,69.5 °C,66.3 °C,74 °C,1890 rpm,800 rpm,1851 rpm,1867 rpm,1879 rpm,1015 rpm,1860 rpm,1862 rpm,1871 rpm,1866 rpm,1877 rpm
2026-09-15 07:41:00,72 °C,78 °C,,78 °C,72.8 °C,83 °C,89 °C,86 °C,70.3 °C,67 °C,74 °C,1864 rpm,800 rpm,1868 rpm,1832 rpm,1872 rpm,800 rpm,1832 rpm,1856 rpm,1881 rpm,1865 rpm,1862 rpm
2026-09-15 07:41:20,72 °C,78 °C,,78 °C,73 °C,83 °C,89 °C,86 °C,70.3 °C,67 °C,74 °C,1863 rpm,800 rpm,1854 rpm,1852 rpm,1836 rpm,800 rpm,1834 rpm,1864 rpm,1837 rpm,1864 rpm,1847 rpm
2026-09-15 07:41:40,72.3 °C,78 °C,81 °C,78 °C,73 °C,83 °C,89 °C,86 °C,67.5 °C,67 °C,74 °C,1840 rpm,800 rpm,1846 rpm,1855 rpm,1875 rpm,800 rpm,1831 rpm,1847 rpm,1866 rpm,1865 rpm,1864 rpm
2026-09-15 07:42:00,72.8 °C,78 °C,81 °C,79 °C,73 °C,83 °C,89.3 °C,86 °C,68.3 °C,67 °C,74 °C,1889 rpm,800 rpm,1859 rpm,1874 rpm,1832 rpm,800 rpm,1836 rpm,1892 rpm,1852 rpm,1865 rpm,1869 rpm
2026-09-15 07:42:20,72.8 °C,77.8 °C,,78 °C,73 °C,81.5 °C,89 °C,86 °C,72.8 °C,67 °C,74 °C,1848 rpm,800 rpm,1856 rpm,1848 rpm,1857 rpm,800 rpm,1841 rpm,1875 rpm,1880 rpm,1866 rpm,1846 rpm
2026-09-15 07:42:40,72 °C,77 °C,,78.5 °C,73 °C,81 °C,89.5 °C,86 °C,69 °C,67.3 °C,74 °C,1878 rpm,1074 rpm,1838 rpm,1861 rpm,1858 rpm,800 rpm,1849 rpm,1851 rpm,1883 rpm,1866 rpm,1858 rpm
2026-09-15 07:43:00,72.3 °C,78 °C,,78.8 °C,73 °C,81 °C,90 °C,86 °C,68.8 °C,67.8 °C,74 °C,1856 rpm,1891 rpm,1870 rpm,1848 rpm,1860 rpm,800 rpm,1865 rpm,1860 rpm,1843 rpm,1871 rpm,1852 rpm
2026-09-15 07:43:20,72.5 °C,78 °C,,79 °C,73 °C,81 °C,89.8 °C,86 °C,70.5 °C,68 °C,74 °C,1871 rpm,1841 rpm,1841 rpm,1854 rpm,1845 rpm,801 rpm,1871 rpm,1771 rpm,1864 rpm,1860 rpm,1879 rpm
2026-09-15 07:43:40,,78 °C,,79 °C,,81 °C,90 °C,86 °C,,68 °C,,,1859 rpm,1884 rpm,1854 rpm,,799 rpm,1854 rpm,1857 rpm,,1867 rpm,
2026-09-15 07:44:00,73 °C,78 °C,,79 °C,73 °C,81 °C,90 °C,86 °C,68 °C,68 °C,74 °C,1896 rpm,1851 rpm,,1849 rpm,1877 rpm,800 rpm,1847 rpm,1859 rpm,1839 rpm,1864 rpm,1842 rpm
2026-09-15 07:44:20,73 °C,78 °C,,79 °C,73 °C,81 °C,90 °C,86.3 °C,69 °C,68 °C,74 °C,1863 rpm,1618 rpm,1869 rpm,1855 rpm,1893 rpm,800 rpm,1865 rpm,1863 rpm,1840 rpm,1870 rpm,1857 rpm
2026-09-15 07:44:40,73 °C,78 °C,,79 °C,73 °C,80 °C,90 °C,86.3 °C,67.5 °C,68 °C,74 °C,1898 rpm,1857 rpm,1844 rpm,1858 rpm,1851 rpm,800 rpm,1525 rpm,1743 rpm,1877 rpm,1865 rpm,1837 rpm
2026-09-15 07:45:00,73 °C,78.3 °C,,79 °C,73 °C,80 °C,89.3 °C,86.3 °C,69.5 °C,68 °C,74 °C,,1868 rpm,1871 rpm,1869 rpm,1859 rpm,799 rpm,1850 rpm,1399 rpm,1836 rpm,1862 rpm,1862 rpm
2026-09-15 07:45:20,73 °C,79 °C,,79 °C,73 °C,80 °C,90 °C,86 °C,68.3 °C,68 °C,74 °C,,1881 rpm,1854 rpm,1844 rpm,1881 rpm,800 rpm,1844 rpm,1777 rpm,1873 rpm,1864 rpm,1840 rpm
2026-09-15 07:45:40,73 °C,78.3 °C,,79 °C,73.8 °C,80 °C,90 °C,86 °C,65.8 °C,68 °C,74 °C,,1859 rpm,1869 rpm,1846 rpm,1831 rpm,799 rpm,1873 rpm,1825 rpm,1872 rpm,1868 rpm,1869 rpm
2026-09-15 07:46:00,73 °C,79 °C,,79 °C,74 °C,80 °C,90 °C,87 °C,65.3 °C,68 °C,74 °C,1855 rpm,1875 rpm,1857 rpm,1865 rpm,1875 rpm,800 rpm,1840 rpm,1863 rpm,1839 rpm,1863 rpm,1848 rpm
2026-09-15 07:46:20,73 °C,79 °C,,79 °C,73.8 °C,80 °C,90 °C,87 °C,73.3 °C,68 °C,74 °C,,1690 rpm,1867 rpm,1844 rpm,1853 rpm,800 rpm,1868 rpm,1862 rpm,1008 rpm,1862 rpm,1880 rpm
2026-09-15 07:46:40,73 °C,79 °C,83 °C,79 °C,74 °C,79.8 °C,90 °C,87 °C,73 °C,68 °C,74 °C,,1879 rpm,1875 rpm,1886 rpm,1885 rpm,800 rpm,1583 rpm,1846 rpm,799 rpm,1862 rpm,1847 rpm
2026-09-15 07:47:00,73 °C,79 °C,83 °C,79 °C,74 °C,79 °C,90 °C,87 °C,73 °C,68 °C,74 °C,1883 rpm,1849 rpm,1841 rpm,1875 rpm,1891 rpm,800 rpm,1874 rpm,1882 rpm,1009 rpm,1634 rpm,1857 rpm
2026-09-15 07:47:20,73 °C,79 °C,83 °C,79 °C,74 °C,79 °C,90 °C,87 °C,73 °C,68 °C,74 °C,1886 rpm,1841 rpm,1859 rpm,1849 rpm,1864 rpm,801 rpm,1854 rpm,1767 rpm,800 rpm,1623 rpm,1847 rpm
2026-09-15 07:47:40,73 °C,,83 °C,79 °C,74 °C,79 °C,90 °C,87 °C,73 °C,68 °C,74 °C,1879 rpm,1864 rpm,1869 rpm,1855 rpm,1839 rpm,800 rpm,1856 rpm,1873 rpm,800 rpm,800 rpm,1863 rpm
2026-09-15 07:48:00,73 °C,,83 °C,79 °C,74 °C,79 °C,90 °C,87 °C,69 °C,68 °C,74 °C,1845 rpm,1845 rpm,1861 rpm,1876 rpm,1848 rpm,800 rpm,1856 rpm,1847 rpm,1596 rpm,800 rpm,1856 rpm
2026-09-15 07:48:20,72 °C,,83 °C,79 °C,74 °C,79 °C,90 °C,87 °C,72.5 °C,68 °C,74 °C,1875 rpm,1862 rpm,1886 rpm,1840 rpm,1860 rpm,800 rpm,1838 rpm,1842 rpm,1889 rpm,1066 rpm,1873 rpm
2026-09-15 07:48:40,73 °C,,83 °C,79 °C,74 °C,79 °C,90 °C,87 °C,70.8 °C,68 °C,74 °C,1856 rpm,1865 rpm,1351 rpm,1878 rpm,1847 rpm,801 rpm,1861 rpm,1870 rpm,1894 rpm,800 rpm,1871 rpm
2026-09-15 07:49:00,72.5 °C,,82 °C,79.5 °C,74 °C,79 °C,90 °C,87 °C,67.8 °C,68 °C,74 °C,1874 rpm,1848 rpm,800 rpm,1866 rpm,1888 rpm,799 rpm,1845 rpm,1847 rpm,1380 rpm,800 rpm,1876 rpm
2026-09-15 07:49:20,72.8 °C,,81 °C,79.3 °C,74 °C,78.8 °C,90 °C,87 °C,68 °C,67.8 °C,74 °C,1859 rpm,1871 rpm,800 rpm,1876 rpm,1868 rpm,800 rpm,1850 rpm,1872 rpm,800 rpm,800 rpm,1882 rpm
2026-09-15 07:49:40,73 °C,,81 °C,80 °C,74 °C,78 °C,90 °C,87 °C,67 °C,67 °C,74 °C,1864 rpm,1876 rpm,800 rpm,1863 rpm,1857 rpm,800 rpm,1851 rpm,1857 rpm,800 rpm,800 rpm,1841 rpm
2026-09-15 07:50:00,73 °C,,,80 °C,74 °C,,90 °C,87 °C,67 °C,67 °C,74 °C,1869 rpm,1861 rpm,800 rpm,1860 rpm,1836 rpm,800 rpm,1850 rpm,1400 rpm,800 rpm,800 rpm,1866 rpm
2026-09-15 07:50:20,72.5 °C,79 °C,,80 °C,74 °C,,90 °C,87 °C,67 °C,67 °C,74.5 °C,1895 rpm,1870 rpm,801 rpm,1881 rpm,1862 rpm,800 rpm,1851 rpm,1765 rpm,800 rpm,801 rpm,1855 rpm
2026-09-15 07:50:40,72.8 °C,79 °C,,80 °C,74 °C,,90 °C,87 °C,67 °C,67 °C,74 °C,1842 rpm,1715 rpm,1886 rpm,1846 rpm,1837 rpm,800 rpm,1870 rpm,1852 rpm,800 rpm,800 rpm,1870 rpm
2026-09-15 07:51:00,73 °C,79 °C,,80 °C,74 °C,,90.5 °C,87 °C,67 °C,67 °C,75 °C,1878 rpm,1873 rpm,1895 rpm,1873 rpm,1858 rpm,800 rpm,1855 rpm,1841 rpm,1013 rpm,799 rpm,1852 rpm
2026-09-15 07:51:20,73 °C,79 °C,,80 °C,74 °C,,92 °C,87 °C,67 °C,67 °C,74 °C,1848 rpm,1864 rpm,1878 rpm,1893 rpm,1833 rpm,800 rpm,1880 rpm,1836 rpm,800 rpm,800 rpm,1886 rpm
2026-09-15 07:51:40,73 °C,,81 °C,79.8 °C,74 °C,,90 °C,87 °C,67 °C,67 °C,74.5 °C,1880 rpm,1859 rpm,1900 rpm,1865 rpm,1872 rpm,800 rpm,1836 rpm,1872 rpm,800 rpm,800 rpm,1880 rpm
2026-09-15 07:52:00,73 °C,,81 °C,80 °C,74.5 °C,,90 °C,87 °C,67 °C,66 °C,74 °C,1856 rpm,1865 rpm,1864 rpm,1849 rpm,1850 rpm,799 rpm,1863 rpm,1848 rpm,800 rpm,800 rpm,1853 rpm
2026-09-15 07:52:20,73 °C,,,80 °C,76 °C,,90 °C,87 °C,66.3 °C,66 °C,74 °C,1875 rpm,1844 rpm,1858 rpm,1858 rpm,1861 rpm,800 rpm,1400 rpm,1843 rpm,800 rpm,800 rpm,1853 rpm
2026-09-15 07:52:40,73 °C,,,80 °C,75 °C,77 °C,90 °C,87 °C,66 °C,66 °C,74 °C,1836 rpm,1851 rpm,1851 rpm,1842 rpm,1868 rpm,800 rpm,1853 rpm,1860 rpm,800 rpm,800 rpm,1857 rpm
2026-09-15 07:53:00,73 °C,,,80 °C,76 °C,77 °C,90 °C,87 °C,66 °C,66 °C,74 °C,1892 rpm,1842 rpm,1859 rpm,1869 rpm,1834 rpm,800 rpm,1849 rpm,1861 rpm,800 rpm,800 rpm,1847 rpm
2026-09-15 07:53:20,73 °C,,,80 °C,76 °C,77 °C,90 °C,87 °C,66 °C,66 °C,74 °C,1880 rpm,1855 rpm,1846 rpm,1855 rpm,1847 rpm,800 rpm,1837 rpm,1861 rpm,800 rpm,800 rpm,1872 rpm
2026-09-15 07:53:40,73 °C,,,80 °C,75 °C,77 °C,92 °C,87 °C,66 °C,66 °C,74.5 °C,1872 rpm,1860 rpm,1854 rpm,1859 rpm,1856 rpm,800 rpm,1858 rpm,1851 rpm,800 rpm,800 rpm,1859 rpm
2026-09-15 07:54:00,73 °C,,,80 °C,76 °C,77 °C,91 °C,87 °C,66 °C,66 °C,76 °C,1870 rpm,1870 rpm,1849 rpm,1861 rpm,1849 rpm,800 rpm,1852 rpm,1861 rpm,800 rpm,800 rpm,1896 rpm
2026-09-15 07:54:20,73 °C,,,80 °C,76 °C,77 °C,92 °C,87 °C,66 °C,65.5 °C,76 °C,1861 rpm,1861 rpm,1866 rpm,1836 rpm,1847 rpm,801 rpm,1859 rpm,1850 rpm,800 rpm,800 rpm,1856 rpm
2026-09-15 07:54:40,72.5 °C,,,80 °C,76 °C,77 °C,92 °C,87 °C,65.3 °C,65 °C,76 °C,1866 rpm,1866 rpm,1842 rpm,1868 rpm,1860 rpm,800 rpm,1857 rpm,1845 rpm,800 rpm,800 rpm,1901 rpm
2026-09-15 07:55:00,72.3 °C,,,80 °C,76 °C,77 °C,92 °C,87 °C,65 °C,65 °C,76 °C,1867 rpm,1872 rpm,1857 rpm,1854 rpm,1864 rpm,1503 rpm,1865 rpm,1850 rpm,800 rpm,800 rpm,1892 rpm
2026-09-15 07:55:20,72 °C,80 °C,,80 °C,76 °C,77.5 °C,92 °C,87 °C,65 °C,65 °C,76 °C,1856 rpm,1862 rpm,1838 rpm,1871 rpm,1850 rpm,1897 rpm,1863 rpm,1857 rpm,800 rpm,801 rpm,1840 rpm
2026-09-15 07:55:40,72.5 °C,79.7 °C,,80 °C,76 °C,78 °C,92 °C,87 °C,65 °C,65 °C,76 °C,1871 rpm,1873 rpm,1860 rpm,1861 rpm,1857 rpm,1898 rpm,1851 rpm,1855 rpm,799 rpm,800 rpm,1868 rpm
2026-09-15 07:56:00,72.5 °C,80 °C,,80 °C,76 °C,78 °C,92 °C,87 °C,65 °C,65 °C,76 °C,1852 rpm,1864 rpm,1858 rpm,1861 rpm,1861 rpm,1903 rpm,1832 rpm,1758 rpm,800 rpm,800 rpm,1848 rpm
2026-09-15 07:56:20,72.8 °C,80 °C,,80 °C,76 °C,78 °C,92 °C,87 °C,65.5 °C,65 °C,76 °C,1858 rpm,1852 rpm,1858 rpm,1856 rpm,1858 rpm,1894 rpm,1867 rpm,1672 rpm,1841 rpm,800 rpm,1860 rpm
2026-09-15 07:56:40,73 °C,79.8 °C,83 °C,80 °C,76 °C,78 °C,92 °C,87 °C,67 °C,65 °C,76 °C,1854 rpm,1868 rpm,1857 rpm,1846 rpm,1892 rpm,1644 rpm,1844 rpm,1524 rpm,1841 rpm,801 rpm,1852 rpm
2026-09-15 07:57:00,73 °C,80 °C,83 °C,80 °C,76 °C,78 °C,92 °C,87 °C,65.5 °C,64.3 °C,76 °C,1876 rpm,1871 rpm,1840 rpm,1851 rpm,1900 rpm,1853 rpm,1884 rpm,1818 rpm,1643 rpm,801 rpm,1881 rpm
2026-09-15 07:57:20,73 °C,80 °C,83 °C,80 °C,76 °C,78 °C,92 °C,87 °C,64 °C,64 °C,76 °C,1875 rpm,1843 rpm,1892 rpm,1859 rpm,1900 rpm,1884 rpm,1837 rpm,1904 rpm,1847 rpm,800 rpm,1879 rpm
2026-09-15 07:57:40,73 °C,80 °C,83 °C,80 °C,76 °C,78 °C,92 °C,87 °C,64.8 °C,64 °C,76 °C,1885 rpm,1869 rpm,1898 rpm,1861 rpm,1900 rpm,1900 rpm,1827 rpm,1884 rpm,1888 rpm,800 rpm,1862 rpm
2026-09-15 07:58:00,73 °C,80 °C,83 °C,80 °C,76 °C,78 °C,92 °C,87 °C,65.8 °C,64 °C,76 °C,1883 rpm,1854 rpm,1872 rpm,1848 rpm,1901 rpm,1896 rpm,1883 rpm,1837 rpm,1863 rpm,800 rpm,1873 rpm
2026-09-15 07:58:20,73 °C,80 °C,83 °C,80 °C,76 °C,78 °C,92 °C,87 °C,65 °C,64 °C,76 °C,1868 rpm,1857 rpm,1866 rpm,1873 rpm,1900 rpm,1868 rpm,1874 rpm,1858 rpm,1753 rpm,800 rpm,1863 rpm
2026-09-15 07:58:40,73 °C,80 °C,,80 °C,76 °C,78 °C,92 °C,87 °C,64.8 °C,64 °C,76 °C,1863 rpm,1849 rpm,1866 rpm,1838 rpm,1900 rpm,1849 rpm,1843 rpm,1849 rpm,1839 rpm,800 rpm,1871 rpm
2026-09-15 07:59:00,73 °C,80 °C,,80 °C,76 °C,78 °C,92 °C,87 °C,64 °C,64 °C,76 °C,1890 rpm,1873 rpm,1892 rpm,1850 rpm,1900 rpm,1858 rpm,1867 rpm,1845 rpm,1851 rpm,800 rpm,1868 rpm
2026-09-15 07:59:20,73 °C,80 °C,,80 °C,76 °C,78 °C,92 °C,87 °C,67.5 °C,64 °C,76 °C,1831 rpm,1853 rpm,1888 rpm,1862 rpm,1900 rpm,1834 rpm,1838 rpm,1855 rpm,1869 rpm,800 rpm,1845 rpm
2026-09-15 07:59:40,73 °C,80 °C,,80 °C,75.5 °C,78.5 °C,92 °C,87 °C,65.3 °C,64 °C,76 °C,1886 rpm,1865 rpm,1900 rpm,1859 rpm,1900 rpm,1849 rpm,1866 rpm,1848 rpm,1854 rpm,800 rpm,1879 rpm
2026-09-15 08:00:00,73 °C,80 °C,,80 °C,74 °C,78.5 °C,92 °C,87 °C,66.5 °C,63.8 °C,76 °C,1891 rpm,1890 rpm,1878 rpm,1861 rpm,1900 rpm,1868 rpm,1836 rpm,1866 rpm,1841 rpm,800 rpm,1871 rpm
2026-09-15 08:00:20,73 °C,80 °C,,80 °C,75 °C,79 °C,92 °C,87 °C,70.8 °C,63 °C,76 °C,1879 rpm,1870 rpm,1866 rpm,1863 rpm,1899 rpm,1845 rpm,1870 rpm,1865 rpm,1850 rpm,800 rpm,1878 rpm
2026-09-15 08:00:40,73 °C,80 °C,,80.3 °C,74.5 °C,79 °C,92 °C,87 °C,68.5 °C,63 °C,76 °C,1879 rpm,1873 rpm,1858 rpm,1867 rpm,1901 rpm,1862 rpm,1835 rpm,1846 rpm,1842 rpm,963 rpm,1884 rpm
2026-09-15 08:01:00,73 °C,80 °C,,80 °C,74 °C,79 °C,92 °C,87 °C,71.3 °C,64 °C,76 °C,1899 rpm,1869 rpm,1900 rpm,1849 rpm,1900 rpm,1868 rpm,1858 rpm,1859 rpm,1898 rpm,1801 rpm,1859 rpm
2026-09-15 08:01:20,73 °C,80 °C,,80.3 °C,74 °C,79 °C,92 °C,87 °C,68 °C,64 °C,76 °C,1900 rpm,1871 rpm,1870 rpm,1850 rpm,1900 rpm,1856 rpm,1834 rpm,1848 rpm,1833 rpm,1647 rpm,1855 rpm
2026-09-15 08:01:40,73 °C,80 °C,,81 °C,74 °C,79 °C,92 °C,87.5 °C,70.8 °C,64.5 °C,76 °C,1900 rpm,1869 rpm,1871 rpm,1870 rpm,1900 rpm,1862 rpm,1880 rpm,1819 rpm,1890 rpm,1887 rpm,1845 rpm
2026-09-15 08:02:00,73 °C,80 °C,83 °C,81 °C,74 °C,79 °C,92 °C,87 °C,67.8 °C,65 °C,75 °C,1894 rpm,1854 rpm,1864 rpm,1853 rpm,1900 rpm,1862 rpm,1835 rpm,1841 rpm,1885 rpm,1893 rpm,1867 rpm
2026-09-15 08:02:20,73 °C,80 °C,83 °C,81 °C,74 °C,79 °C,92 °C,87 °C,67.3 °C,65 °C,75.5 °C,1900 rpm,1870 rpm,1841 rpm,1849 rpm,1899 rpm,1889 rpm,1868 rpm,1866 rpm,1840 rpm,1667 rpm,1861 rpm
2026-09-15 08:02:40,73 °C,80 °C,83 °C,81 °C,74 °C,79 °C,92 °C,87 °C,67 °C,65.5 °C,74 °C,1900 rpm,1862 rpm,1865 rpm,1878 rpm,1900 rpm,1835 rpm,1871 rpm,1785 rpm,1864 rpm,1895 rpm,1885 rpm
2026-09-15 08:03:00,72 °C,80 °C,83 °C,81 °C,74 °C,80 °C,92 °C,87 °C,66 °C,66 °C,74 °C,1900 rpm,1743 rpm,1839 rpm,1864 rpm,1900 rpm,1869 rpm,1846 rpm,1516 rpm,1871 rpm,1898 rpm,1852 rpm
2026-09-15 08:03:20,72 °C,80 °C,83 °C,81 °C,74 °C,79.3 °C,92 °C,87 °C,66.8 °C,66 °C,74 °C,1900 rpm,1567 rpm,1870 rpm,1854 rpm,1895 rpm,1847 rpm,1845 rpm,1745 rpm,1860 rpm,1899 rpm,1861 rpm
2026-09-15 08:03:40,72 °C,80 °C,83 °C,81 °C,74 °C,80 °C,92 °C,87 °C,68 °C,66.5 °C,74 °C,1900 rpm,1877 rpm,1835 rpm,1863 rpm,1884 rpm,1881 rpm,1836 rpm,1861 rpm,1867 rpm,1888 rpm,1859 rpm
2026-09-15 08:04:00,72 °C,80 °C,83 °C,81 °C,74 °C,79.3 °C,93.5 °C,87 °C,,66.8 °C,74 °C,1900 rpm,1841 rpm,1877 rpm,1862 rpm,1865 rpm,1856 rpm,1849 rpm,1855 rpm,1867 rpm,1896 rpm,1871 rpm
2026-09-15 08:04:20,72 °C,80 °C,83 °C,81 °C,74 °C,79 °C,92 °C,87 °C,,67 °C,74 °C,1900 rpm,1863 rpm,1839 rpm,1867 rpm,1839 rpm,1874 rpm,1403 rpm,1851 rpm,1836 rpm,1900 rpm,1840 rpm
2026-09-15 08:04:40,72 °C,80 °C,83 °C,81 °C,74 °C,79 °C,92 °C,87 °C,,67 °C,74 °C,1889 rpm,1861 rpm,1866 rpm,1860 rpm,1875 rpm,1855 rpm,1400 rpm,1856 rpm,1899 rpm,1896 rpm,1905 rpm
2026-09-15 08:05:00,72 °C,80 °C,83 °C,81 °C,74 °C,79 °C,92 °C,87 °C,,67.3 °C,74 °C,1901 rpm,1843 rpm,1844 rpm,1841 rpm,1835 rpm,1853 rpm,1400 rpm,1772 rpm,1889 rpm,1898 rpm,1900 rpm
2026-09-15 08:05:20,72 °C,80 °C,83.3 °C,81 °C,74 °C,79 °C,92 °C,87 °C,,67.5 °C,75 °C,1869 rpm,1853 rpm,1876 rpm,1871 rpm,1868 rpm,1872 rpm,1401 rpm,1845 rpm,1897 rpm,1899 rpm,1900 rpm
2026-09-15 08:05:40,72 °C,80 °C,83 °C,81 °C,75.5 °C,79 °C,90.5 °C,87 °C,,68 °C,75 °C,1843 rpm,1855 rpm,1848 rpm,1882 rpm,1844 rpm,1864 rpm,1508 rpm,1857 rpm,1885 rpm,1900 rpm,1900 rpm
2026-09-15 08:06:00,72 °C,80 °C,83.3 °C,81 °C,74.5 °C,79 °C,90 °C,87 °C,,68 °C,74.5 °C,1890 rpm,1851 rpm,1849 rpm,1849 rpm,1854 rpm,1854 rpm,1400 rpm,1842 rpm,1875 rpm,1899 rpm,1900 rpm
2026-09-15 08:06:20,72 °C,80 °C,83.8 °C,81 °C,75.5 °C,79 °C,90 °C,87 °C,,68 °C,75.5 °C,1900 rpm,1857 rpm,1872 rpm,1872 rpm,1851 rpm,1864 rpm,1400 rpm,1860 rpm,1874 rpm,1899 rpm,1879 rpm
2026-09-15 08:06:40,72 °C,80 °C,84 °C,81 °C,76 °C,79 °C,90 °C,87.5 °C,,68 °C,74 °C,1899 rpm,1885 rpm,1859 rpm,1839 rpm,1842 rpm,1864 rpm,1400 rpm,1866 rpm,1847 rpm,1900 rpm,1873 rpm
2026-09-15 08:07:00,72 °C,80 °C,83.8 °C,81 °C,76 °C,79.8 °C,90 °C,87 °C,,68 °C,74 °C,1886 rpm,1844 rpm,1873 rpm,1853 rpm,1855 rpm,1882 rpm,1400 rpm,1867 rpm,1868 rpm,1896 rpm,1883 rpm
2026-09-15 08:07:20,72 °C,80 °C,83.8 °C,81 °C,76 °C,80 °C,90 °C,88 °C,,68 °C,74 °C,1860 rpm,1876 rpm,1859 rpm,1849 rpm,1862 rpm,1859 rpm,1819 rpm,1847 rpm,1869 rpm,1899 rpm,1880 rpm
2026-09-15 08:07:40,72 °C,,83.8 °C,81 °C,76 °C,80 °C,89.8 °C,87 °C,,68 °C,74 °C,1856 rpm,1876 rpm,1873 rpm,1868 rpm,1844 rpm,1862 rpm,1617 rpm,1881 rpm,1841 rpm,1442 rpm,1850 rpm
2026-09-15 08:08:00,72 °C,,83.8 °C,81 °C,76 °C,80 °C,90 °C,88.5 °C,,68 °C,74 °C,1856 rpm,1878 rpm,1858 rpm,1854 rpm,1874 rpm,1869 rpm,1847 rpm,1866 rpm,1862 rpm,1898 rpm,1876 rpm
2026-09-15 08:08:20,72 °C,,83.5 °C,81 °C,76 °C,80 °C,89.8 °C,89 °C,,68 °C,74 °C,1861 rpm,1866 rpm,1870 rpm,1861 rpm,1856 rpm,1861 rpm,1836 rpm,1859 rpm,1869 rpm,1899 rpm,1843 rpm
2026-09-15 08:08:40,72 °C,,83.5 °C,81 °C,76 °C,80.5 °C,90 °C,88.5 °C,,68 °C,74 °C,1851 rpm,1855 rpm,1859 rpm,1854 rpm,1836 rpm,1855 rpm,1887 rpm,1858 rpm,1845 rpm,1900 rpm,1860 rpm
2026-09-15 08:09:00,72 °C,,83.5 °C,81 °C,76 °C,80.3 °C,90 °C,89 °C,66.8 °C,68 °C,74 °C,1887 rpm,1868 rpm,1851 rpm,1846 rpm,1844 rpm,1845 rpm,1835 rpm,1893 rpm,1894 rpm,1900 rpm,1860 rpm
2026-09-15 08:09:20,72 °C,,83.5 °C,81 °C,76 °C,81 °C,90 °C,89 °C,65.8 °C,68.3 °C,74 °C,1856 rpm,1849 rpm,1866 rpm,1865 rpm,1872 rpm,1843 rpm,1887 rpm,1900 rpm,1776 rpm,1876 rpm,1858 rpm
2026-09-15 08:09:40,72 °C,,83.8 °C,81 °C,76 °C,81 °C,90 °C,89 °C,65.3 °C,69 °C,74 °C,1873 rpm,1863 rpm,1868 rpm,1848 rpm,1859 rpm,1872 rpm,1725 rpm,1887 rpm,1752 rpm,1898 rpm,1874 rpm
2026-09-15 08:10:00,72 °C,,83.5 °C,81 °C,76 °C,81 °C,90 °C,88.5 °C,66 °C,68.8 °C,74 °C,1859 rpm,1844 rpm,1855 rpm,1867 rpm,1846 rpm,1840 rpm,1883 rpm,1892 rpm,1880 rpm,1502 rpm,1840 rpm
2026-09-15 08:10:20,72 °C,80 °C,84 °C,81 °C,76 °C,81 °C,90 °C,88.5 °C,65 °C,68 °C,74 °C,1861 rpm,1853 rpm,1857 rpm,1840 rpm,1857 rpm,1872 rpm,1833 rpm,1886 rpm,1861 rpm,1526 rpm,1862 rpm
2026-09-15 08:10:40,72 °C,80 °C,84 °C,81 °C,76 °C,81 °C,90 °C,87.5 °C,67.8 °C,68 °C,74 °C,1888 rpm,1834 rpm,1864 rpm,1865 rpm,1842 rpm,1849 rpm,1893 rpm,1892 rpm,1860 rpm,1617 rpm,1867 rpm
2026-09-15 08:11:00,72 °C,80 °C,84 °C,81 °C,76.3 °C,81 °C,90 °C,87 °C,64.8 °C,68 °C,74 °C,1901 rpm,1863 rpm,1857 rpm,1848 rpm,1864 rpm,1862 rpm,1857 rpm,1897 rpm,1853 rpm,1400 rpm,1859 rpm
2026-09-15 08:11:20,72 °C,,84 °C,81 °C,76 °C,81 °C,91.5 °C,87 °C,64 °C,68.5 °C,74 °C,1860 rpm,1863 rpm,1856 rpm,1853 rpm,1846 rpm,1840 rpm,1846 rpm,1894 rpm,1859 rpm,1774 rpm,1851 rpm
2026-09-15 08:11:40,72 °C,,84 °C,81 °C,76.5 °C,,90.5 °C,87 °C,66 °C,69 °C,74 °C,1868 rpm,1855 rpm,1848 rpm,1866 rpm,1843 rpm,1861 rpm,1844 rpm,1896 rpm,1857 rpm,1886 rpm,1860 rpm
2026-09-15 08:12:00,72 °C,,84 °C,81 °C,77 °C,,92 °C,87 °C,65.8 °C,69 °C,74 °C,1889 rpm,1860 rpm,1850 rpm,1876 rpm,1856 rpm,1864 rpm,1832 rpm,1898 rpm,1849 rpm,1897 rpm,1867 rpm
2026-09-15 08:12:20,72 °C,,84 °C,81 °C,76.8 °C,,92 °C,87 °C,68.3 °C,69 °C,74.5 °C,1870 rpm,1857 rpm,1849 rpm,1870 rpm,1856 rpm,1859 rpm,1871 rpm,1896 rpm,1867 rpm,1773 rpm,1855 rpm
2026-09-15 08:12:40,72 °C,,84 °C,81 °C,77 °C,81 °C,92 °C,87 °C,68.3 °C,69 °C,75 °C,1878 rpm,1865 rpm,1857 rpm,1842 rpm,1880 rpm,1861 rpm,1859 rpm,1896 rpm,1881 rpm,1894 rpm,1900 rpm
2026-09-15 08:13:00,72 °C,,84 °C,81 °C,76.8 °C,82 °C,92 °C,87 °C,68 °C,69 °C,75.5 °C,1847 rpm,1873 rpm,1885 rpm,1879 rpm,1866 rpm,1871 rpm,1885 rpm,1892 rpm,1860 rpm,1893 rpm,1852 rpm
2026-09-15 08:13:20,72 °C,,84 °C,81 °C,77 °C,82.5 °C,92 °C,87 °C,68.3 °C,69 °C,75.5 °C,1880 rpm,1865 rpm,1853 rpm,1846 rpm,1867 rpm,1874 rpm,1843 rpm,1898 rpm,1871 rpm,1888 rpm,1863 rpm
2026-09-15 08:13:40,72 °C,,84 °C,81 °C,77 °C,83 °C,92 °C,87 °C,66.8 °C,69 °C,76 °C,1849 rpm,1859 rpm,1849 rpm,1858 rpm,1851 rpm,1851 rpm,1898 rpm,1893 rpm,1879 rpm,1887 rpm,1851 rpm
2026-09-15 08:14:00,72 °C,,84 °C,81 °C,77 °C,83 °C,92 °C,87 °C,66 °C,69.5 °C,75.5 °C,1887 rpm,1868 rpm,1859 rpm,1862 rpm,1850 rpm,1864 rpm,1729 rpm,1890 rpm,1859 rpm,1892 rpm,1879 rpm
2026-09-15 08:14:20,72 °C,,84 °C,81 °C,77 °C,83 °C,92 °C,87 °C,67 °C,70 °C,75.5 °C,1850 rpm,1850 rpm,1861 rpm,1854 rpm,1861 rpm,1842 rpm,1750 rpm,1888 rpm,1860 rpm,1879 rpm,1853 rpm
2026-09-15 08:14:40,72 °C,,84 °C,81 °C,77 °C,83 °C,92 °C,87 °C,65.3 °C,70 °C,76 °C,1892 rpm,1854 rpm,1829 rpm,1851 rpm,1842 rpm,1861 rpm,1888 rpm,1838 rpm,1864 rpm,1761 rpm,1899 rpm
2026-09-15 08:15:00,72 °C,,84 °C,81 °C,77 °C,83 °C,90.5 °C,87 °C,65.3 °C,70 °C,76 °C,1858 rpm,1846 rpm,1863 rpm,1855 rpm,1843 rpm,1865 rpm,1845 rpm,1884 rpm,1884 rpm,1892 rpm,1852 rpm
2026-09-15 08:15:20,72 °C,80 °C,85 °C,81 °C,77.5 °C,83 °C,92 °C,87 °C,64.5 °C,70 °C,76 °C,1868 rpm,1883 rpm,1847 rpm,1862 rpm,1884 rpm,1866 rpm,1874 rpm,1892 rpm,1848 rpm,1898 rpm,1866 rpm
2026-09-15 08:15:40,72 °C,,85 °C,81 °C,77.5 °C,83 °C,92 °C,87 °C,67 °C,70 °C,75 °C,1864 rpm,1837 rpm,1861 rpm,1865 rpm,1900 rpm,1861 rpm,1851 rpm,1900 rpm,1430 rpm,1884 rpm,1847 rpm
2026-09-15 08:16:00,72 °C,,85 °C,81.5 °C,77.3 °C,,92 °C,87 °C,68 °C,70 °C,76 °C,1872 rpm,1876 rpm,1850 rpm,1849 rpm,1842 rpm,1871 rpm,1873 rpm,1899 rpm,800 rpm,1899 rpm,1855 rpm
2026-09-15 08:16:20,72 °C,,84.5 °C,81.5 °C,77 °C,,92 °C,87 °C,68 °C,70 °C,76 °C,1854 rpm,1869 rpm,1851 rpm,1868 rpm,1880 rpm,1855 rpm,1846 rpm,1901 rpm,800 rpm,1885 rpm,1841 rpm
2026-09-15 08:16:40,72 °C,,85.5 °C,81 °C,77 °C,,92 °C,87 °C,68 °C,,76 °C,1880 rpm,1892 rpm,1862 rpm,1840 rpm,1839 rpm,1854 rpm,1875 rpm,1898 rpm,800 rpm,1898 rpm,1869 rpm
2026-09-15 08:17:00,72 °C,,84.5 °C,82.5 °C,77 °C,,92 °C,87 °C,68 °C,,76 °C,1878 rpm,1863 rpm,1858 rpm,1872 rpm,1840 rpm,1852 rpm,1832 rpm,1900 rpm,800 rpm,1893 rpm,1861 rpm
2026-09-15 08:17:20,72 °C,,85.5 °C,83 °C,77.3 °C,,92 °C,87 °C,68 °C,,76 °C,1885 rpm,1751 rpm,1860 rpm,1841 rpm,1846 rpm,1852 rpm,1868 rpm,1893 rpm,800 rpm,1900 rpm,1860 rpm
2026-09-15 08:17:40,72 °C,,86 °C,82.5 °C,77 °C,83 °C,92 °C,87 °C,68 °C,,76 °C,1854 rpm,1866 rpm,1900 rpm,1881 rpm,1844 rpm,1866 rpm,1837 rpm,1892 rpm,800 rpm,1900 rpm,1863 rpm
2026-09-15 08:18:00,72 °C,,86 °C,83 °C,77.3 °C,83 °C,92 °C,86.5 °C,68 °C,,76 °C,1846 rpm,1846 rpm,1899 rpm,1858 rpm,1879 rpm,1872 rpm,1868 rpm,1894 rpm,800 rpm,1896 rpm,1884 rpm
2026-09-15 08:18:20,72 °C,,86 °C,83 °C,77.5 °C,83 °C,92 °C,86.8 °C,68 °C,,76 °C,1888 rpm,1848 rpm,1900 rpm,1849 rpm,1851 rpm,1861 rpm,1840 rpm,1866 rpm,800 rpm,1895 rpm,1859 rpm
2026-09-15 08:18:40,72 °C,,86 °C,83 °C,77 °C,83 °C,92 °C,86 °C,68 °C,,76.3 °C,1902 rpm,1847 rpm,1899 rpm,1854 rpm,1856 rpm,1854 rpm,1873 rpm,1856 rpm,800 rpm,1882 rpm,1852 rpm
2026-09-15 08:19:00,72 °C,,84.5 °C,83 °C,77.5 °C,83 °C,92 °C,86.8 °C,68 °C,,76.3 °C,1875 rpm,1879 rpm,1877 rpm,1855 rpm,1844 rpm,1892 rpm,1400 rpm,1855 rpm,800 rpm,1890 rpm,1850 rpm
2026-09-15 08:19:20,72 °C,,84 °C,83 °C,77.3 °C,83 °C,92 °C,86.5 °C,68 °C,,76.8 °C,1893 rpm,1845 rpm,1864 rpm,1856 rpm,1837 rpm,1889 rpm,1875 rpm,1855 rpm,800 rpm,1889 rpm,1888 rpm
2026-09-15 08:19:40,72 °C,,84 °C,83 °C,77.3 °C,83 °C,92 °C,86.5 °C,68 °C,,77 °C,1897 rpm,1876 rpm,1852 rpm,1862 rpm,1856 rpm,1876 rpm,1846 rpm,1859 rpm,800 rpm,1892 rpm,1844 rpm
2026-09-15 08:20:00,72.8 °C,,84.5 °C,83 °C,78 °C,83 °C,92 °C,86.8 °C,68 °C,,76.8 °C,1881 rpm,1856 rpm,1863 rpm,1845 rpm,1855 rpm,1876 rpm,1400 rpm,1845 rpm,800 rpm,1892 rpm,1870 rpm
2026-09-15 08:20:20,73 °C,80 °C,84 °C,81.5 °C,77 °C,83 °C,92 °C,86.5 °C,68 °C,,77 °C,1870 rpm,1874 rpm,1858 rpm,1855 rpm,1878 rpm,1847 rpm,1595 rpm,1834 rpm,800 rpm,1882 rpm,1846 rpm
2026-09-15 08:20:40,73 °C,80 °C,85 °C,83 °C,78 °C,83 °C,92 °C,86.5 °C,68 °C,,76.8 °C,1877 rpm,1858 rpm,1863 rpm,1847 rpm,1844 rpm,1892 rpm,1882 rpm,1662 rpm,799 rpm,1893 rpm,1860 rpm
2026-09-15 08:21:00,73 °C,80 °C,84 °C,83 °C,78 °C,83 °C,92 °C,86.3 °C,67.3 °C,,77 °C,1887 rpm,1903 rpm,1837 rpm,1860 rpm,1900 rpm,1839 rpm,1831 rpm,1400 rpm,800 rpm,1890 rpm,1863 rpm
2026-09-15 08:21:20,73 °C,80 °C,86 °C,82 °C,78 °C,83 °C,92 °C,86 °C,67.5 °C,72 °C,77 °C,1883 rpm,1880 rpm,1863 rpm,1853 rpm,1900 rpm,1847 rpm,1862 rpm,1877 rpm,800 rpm,1893 rpm,1899 rpm
2026-09-15 08:21:40,,80 °C,,82.5 °C,,,92 °C,86 °C,,72 °C,,,1861 rpm,,1874 rpm,,1834 rpm,1840 rpm,1848 rpm,,1891 rpm,
2026-09-15 08:22:00,73 °C,80 °C,86 °C,83 °C,78 °C,,92 °C,86 °C,63 °C,72 °C,77 °C,1897 rpm,1865 rpm,1902 rpm,1844 rpm,1859 rpm,1852 rpm,1851 rpm,1873 rpm,1871 rpm,1894 rpm,1903 rpm
2026-09-15 08:22:20,73 °C,80 °C,86 °C,83 °C,78 °C,,92 °C,86 °C,65 °C,72 °C,77 °C,1890 rpm,1883 rpm,1858 rpm,1861 rpm,1855 rpm,1869 rpm,1842 rpm,1851 rpm,1864 rpm,1885 rpm,1887 rpm
2026-09-15 08:22:40,73 °C,80 °C,85.5 °C,81.5 °C,78 °C,83 °C,92 °C,86 °C,62.8 °C,72 °C,77 °C,1888 rpm,1861 rpm,1860 rpm,1870 rpm,1836 rpm,1859 rpm,1855 rpm,1864 rpm,1850 rpm,1889 rpm,1900 rpm
2026-09-15 08:23:00,73 °C,80 °C,86 °C,83 °C,78 °C,83 °C,92 °C,86 °C,61.8 °C,72 °C,77 °C,1883 rpm,1859 rpm,1864 rpm,1852 rpm,1869 rpm,1845 rpm,1849 rpm,1835 rpm,1606 rpm,1889 rpm,1900 rpm
2026-09-15 08:23:20,73 °C,,85 °C,83 °C,78 °C,83 °C,92 °C,86 °C,66.5 °C,72 °C,77 °C,1886 rpm,1862 rpm,1842 rpm,1847 rpm,1844 rpm,1875 rpm,1857 rpm,1768 rpm,1849 rpm,1891 rpm,1900 rpm
2026-09-15 08:23:40,73 °C,,86 °C,82.5 °C,78 °C,83 °C,93 °C,86 °C,63.3 °C,72 °C,77 °C,1889 rpm,1841 rpm,1847 rpm,1847 rpm,1848 rpm,1865 rpm,1842 rpm,1846 rpm,1875 rpm,1889 rpm,1900 rpm
2026-09-15 08:24:00,73 °C,,86 °C,82 °C,78 °C,83 °C,93.5 °C,86 °C,64.8 °C,72 °C,76.8 °C,1886 rpm,1863 rpm,1873 rpm,1875 rpm,1833 rpm,1840 rpm,1871 rpm,1841 rpm,1844 rpm,1885 rpm,1900 rpm
2026-09-15 08:24:20,73 °C,,86 °C,83 °C,78 °C,83 °C,94 °C,86 °C,60.3 °C,72 °C,77 °C,1877 rpm,1844 rpm,1855 rpm,1859 rpm,1857 rpm,1891 rpm,1835 rpm,1846 rpm,1841 rpm,1895 rpm,1900 rpm
2026-09-15 08:24:40,,,,83 °C,,83 °C,94 °C,86 °C,,72 °C,,,1904 rpm,,1856 rpm,,1902 rpm,1883 rpm,1867 rpm,,1867 rpm,
2026-09-15 08:25:00,73 °C,,86 °C,83 °C,78 °C,,94 °C,86 °C,65 °C,72 °C,76 °C,1872 rpm,1868 rpm,1400 rpm,1856 rpm,1873 rpm,,1853 rpm,1841 rpm,1857 rpm,1874 rpm,1903 rpm
2026-09-15 08:25:20,,80.5 °C,86 °C,83 °C,79 °C,83 °C,94 °C,86 °C,59.5 °C,72 °C,76 °C,,1855 rpm,1401 rpm,1863 rpm,1849 rpm,1883 rpm,1886 rpm,1783 rpm,1847 rpm,1880 rpm,1898 rpm
2026-09-15 08:25:40,73 °C,80 °C,86 °C,83 °C,78.5 °C,83 °C,94 °C,86 °C,61.8 °C,72.3 °C,76 °C,1881 rpm,1876 rpm,1400 rpm,1878 rpm,1844 rpm,1853 rpm,1846 rpm,1853 rpm,1074 rpm,1888 rpm,1900 rpm
2026-09-15 08:26:00,73 °C,81 °C,85 °C,83 °C,79 °C,83 °C,94 °C,86 °C,62 °C,73 °C,76 °C,1885 rpm,1846 rpm,1400 rpm,1869 rpm,1868 rpm,1867 rpm,1863 rpm,1616 rpm,800 rpm,1898 rpm,1900 rpm
2026-09-15 08:26:20,73 °C,80.8 °C,85.5 °C,81 °C,79 °C,83 °C,94 °C,86 °C,63 °C,73 °C,76 °C,1881 rpm,1848 rpm,1526 rpm,1866 rpm,1863 rpm,1856 rpm,1850 rpm,1845 rpm,800 rpm,1897 rpm,1900 rpm
2026-09-15 08:26:40,73 °C,80.4 °C,84.5 °C,83 °C,79 °C,83 °C,94 °C,86 °C,63 °C,73 °C,76 °C,1891 rpm,1871 rpm,1400 rpm,1838 rpm,1844 rpm,1862 rpm,1841 rpm,1874 rpm,800 rpm,1893 rpm,1862 rpm
2026-09-15 08:27:00,73 °C,81 °C,84 °C,83 °C,79 °C,83 °C,94 °C,86 °C,63 °C,73 °C,76 °C,1889 rpm,1859 rpm,1400 rpm,1845 rpm,1853 rpm,1851 rpm,1864 rpm,1843 rpm,1081 rpm,1883 rpm,1900 rpm
2026-09-15 08:27:20,73 °C,81 °C,84 °C,82 °C,79 °C,83 °C,94 °C,86 °C,63 °C,73 °C,76 °C,1887 rpm,1853 rpm,1400 rpm,1839 rpm,1841 rpm,1858 rpm,1867 rpm,1853 rpm,800 rpm,1885 rpm,1889 rpm
2026-09-15 08:27:40,73 °C,81 °C,84 °C,83 °C,79 °C,83.7 °C,94 °C,86 °C,63 °C,73 °C,76 °C,1891 rpm,1870 rpm,1400 rpm,1869 rpm,1835 rpm,1857 rpm,1836 rpm,1865 rpm,800 rpm,1893 rpm,1858 rpm
2026-09-15 08:28:00,73 °C,81 °C,84 °C,83 °C,79 °C,,94 °C,86 °C,63 °C,73 °C,76 °C,1890 rpm,1862 rpm,1400 rpm,1863 rpm,1872 rpm,1851 rpm,1876 rpm,1863 rpm,800 rpm,1898 rpm,1851 rpm
2026-09-15 08:28:20,73 °C,81 °C,84 °C,83 °C,79 °C,,94 °C,86 °C,63 °C,73 °C,76 °C,1880 rpm,1864 rpm,1400 rpm,1846 rpm,1835 rpm,1852 rpm,1834 rpm,1854 rpm,800 rpm,1898 rpm,1870 rpm
2026-09-15 08:28:40,72.3 °C,81 °C,84 °C,81.5 °C,79 °C,,94 °C,86 °C,62.8 °C,73 °C,76 °C,1897 rpm,1855 rpm,1400 rpm,1861 rpm,1858 rpm,1872 rpm,1885 rpm,1835 rpm,800 rpm,1898 rpm,1845 rpm
2026-09-15 08:29:00,72.3 °C,81 °C,84 °C,83 °C,79 °C,,94 °C,86 °C,62 °C,73 °C,76 °C,1883 rpm,1839 rpm,1400 rpm,1847 rpm,1845 rpm,1865 rpm,1834 rpm,1841 rpm,800 rpm,1888 rpm,1864 rpm
2026-09-15 08:29:20,72 °C,81 °C,84 °C,83 °C,79 °C,,94 °C,86 °C,62 °C,73 °C,76 °C,1870 rpm,1866 rpm,1400 rpm,1859 rpm,1880 rpm,1846 rpm,1875 rpm,1843 rpm,800 rpm,1892 rpm,1858 rpm
2026-09-15 08:29:40,72 °C,81 °C,84 °C,82.5 °C,79 °C,,94 °C,86 °C,62 °C,73 °C,76 °C,1886 rpm,1864 rpm,1400 rpm,1848 rpm,1844 rpm,1894 rpm,1843 rpm,1863 rpm,800 rpm,1877 rpm,1855 rpm
2026-09-15 08:30:00,72 °C,81 °C,83.8 °C,82.5 °C,79 °C,,94.5 °C,86 °C,62 °C,73 °C,76 °C,1883 rpm,1863 rpm,1400 rpm,1853 rpm,1890 rpm,1849 rpm,1863 rpm,1856 rpm,800 rpm,1860 rpm,1864 rpm
2026-09-15 08:30:20,72 °C,81 °C,83.8 °C,83 °C,79 °C,,95.5 °C,86 °C,63.3 °C,73 °C,76 °C,1901 rpm,1853 rpm,1400 rpm,1844 rpm,1857 rpm,1839 rpm,1838 rpm,1866 rpm,1619 rpm,1899 rpm,1859 rpm
2026-09-15 08:30:40,72 °C,81 °C,83.3 °C,83 °C,79 °C,,94.5 °C,86 °C,63.5 °C,73.3 °C,76 °C,1900 rpm,1869 rpm,1400 rpm,1860 rpm,1849 rpm,1861 rpm,1854 rpm,1700 rpm,1866 rpm,1885 rpm,1864 rpm
2026-09-15 08:31:00,72 °C,81 °C,83 °C,82.5 °C,79 °C,,96 °C,86 °C,61.5 °C,73.3 °C,76 °C,1887 rpm,1862 rpm,1400 rpm,1876 rpm,1878 rpm,1858 rpm,1856 rpm,1769 rpm,1590 rpm,1887 rpm,1849 rpm
2026-09-15 08:31:20,72 °C,,83 °C,83 °C,79 °C,,95 °C,86 °C,62.8 °C,73 °C,76 °C,1899 rpm,1862 rpm,1401 rpm,1845 rpm,1846 rpm,1867 rpm,1851 rpm,1845 rpm,1851 rpm,1887 rpm,1870 rpm
2026-09-15 08:31:40,72 °C,,83 °C,83 °C,79 °C,,94.5 °C,86 °C,69.3 °C,73.5 °C,76 °C,1859 rpm,1524 rpm,1400 rpm,1885 rpm,1889 rpm,1871 rpm,1643 rpm,1863 rpm,1856 rpm,1892 rpm,1844 rpm
2026-09-15 08:32:00,72 °C,,83 °C,83 °C,79 °C,,94 °C,86 °C,63 °C,73 °C,76 °C,1899 rpm,1400 rpm,1400 rpm,1878 rpm,1840 rpm,1885 rpm,1641 rpm,1848 rpm,1858 rpm,1896 rpm,1845 rpm
2026-09-15 08:32:20,72 °C,,83 °C,83 °C,79 °C,,94 °C,86 °C,61.3 °C,73 °C,76.3 °C,1892 rpm,1517 rpm,1400 rpm,1862 rpm,1884 rpm,1893 rpm,1850 rpm,1859 rpm,1860 rpm,1697 rpm,1847 rpm
2026-09-15 08:32:40,72 °C,,83 °C,83 °C,79 °C,84 °C,94 °C,86 °C,70.8 °C,73 °C,76.8 °C,1900 rpm,1400 rpm,1400 rpm,1844 rpm,1870 rpm,1882 rpm,1844 rpm,1842 rpm,1866 rpm,1640 rpm,1845 rpm
2026-09-15 08:33:00,72 °C,,83 °C,83 °C,79 °C,84 °C,94 °C,86 °C,67.8 °C,73 °C,76 °C,1884 rpm,1400 rpm,1634 rpm,1846 rpm,1842 rpm,1863 rpm,1831 rpm,1855 rpm,1868 rpm,1893 rpm,1879 rpm
2026-09-15 08:33:20,72 °C,,83 °C,83 °C,79 °C,84 °C,94 °C,86 °C,69.5 °C,73 °C,76 °C,1884 rpm,1400 rpm,1650 rpm,1840 rpm,1857 rpm,1869 rpm,1871 rpm,1860 rpm,1850 rpm,1885 rpm,1867 rpm
2026-09-15 08:33:40,72 °C,,83 °C,83 °C,79 °C,84 °C,94 °C,86 °C,69.8 °C,73 °C,76 °C,1900 rpm,1400 rpm,1866 rpm,1847 rpm,1860 rpm,1880 rpm,1836 rpm,1865 rpm,1861 rpm,1883 rpm,1882 rpm
2026-09-15 08:34:00,71.8 °C,,,83 °C,79 °C,84 °C,94 °C,86 °C,68.8 °C,73 °C,76 °C,1900 rpm,1400 rpm,1888 rpm,1841 rpm,1844 rpm,1865 rpm,1877 rpm,1864 rpm,1887 rpm,1894 rpm,1871 rpm
2026-09-15 08:34:20,71 °C,,,82.5 °C,79.3 °C,84 °C,94.5 °C,86 °C,67.3 °C,73 °C,76 °C,1901 rpm,1400 rpm,1857 rpm,1861 rpm,1872 rpm,1874 rpm,1833 rpm,1863 rpm,1742 rpm,1895 rpm,1860 rpm
2026-09-15 08:34:40,71 °C,,,82.5 °C,79 °C,84 °C,95 °C,86 °C,65.3 °C,73 °C,76 °C,1888 rpm,1400 rpm,1841 rpm,1854 rpm,1844 rpm,1862 rpm,1866 rpm,1867 rpm,1836 rpm,1888 rpm,1853 rpm
2026-09-15 08:35:00,71 °C,,,83 °C,79 °C,84 °C,95.5 °C,86 °C,64.8 °C,73.5 °C,76 °C,1900 rpm,1400 rpm,1863 rpm,1845 rpm,1853 rpm,1851 rpm,1853 rpm,1759 rpm,1847 rpm,1895 rpm,1865 rpm
2026-09-15 08:35:20,71 °C,79 °C,,83 °C,79 °C,84 °C,96 °C,86 °C,63.5 °C,73.5 °C,76 °C,1897 rpm,1400 rpm,1848 rpm,1849 rpm,1849 rpm,1860 rpm,1841 rpm,1856 rpm,1847 rpm,1892 rpm,1872 rpm
2026-09-15 08:35:40,71 °C,79 °C,,81.5 °C,79.3 °C,84 °C,96 °C,86 °C,67 °C,73.5 °C,76 °C,1901 rpm,1702 rpm,1844 rpm,1849 rpm,1871 rpm,1854 rpm,1847 rpm,1862 rpm,1868 rpm,1895 rpm,1862 rpm
2026-09-15 08:36:00,71 °C,79 °C,,82.5 °C,80 °C,84 °C,96 °C,86 °C,66 °C,73.3 °C,76 °C,1902 rpm,1852 rpm,1855 rpm,1865 rpm,1863 rpm,1872 rpm,1833 rpm,1862 rpm,1861 rpm,1894 rpm,1854 rpm
2026-09-15 08:36:20,71 °C,79 °C,,83 °C,79.3 °C,84 °C,96 °C,86 °C,62.3 °C,73.8 °C,76 °C,1893 rpm,1755 rpm,1745 rpm,1848 rpm,1861 rpm,1852 rpm,1878 rpm,1865 rpm,1847 rpm,1899 rpm,1891 rpm
2026-09-15 08:36:40,71 °C,79 °C,,83 °C,79.3 °C,85 °C,96 °C,86 °C,65.3 °C,74 °C,76 °C,1888 rpm,1850 rpm,1861 rpm,1858 rpm,1852 rpm,1837 rpm,1835 rpm,1855 rpm,1859 rpm,1893 rpm,1854 rpm
2026-09-15 08:37:00,71 °C,79 °C,84 °C,82 °C,79.8 °C,84.5 °C,96 °C,86 °C,64.8 °C,74 °C,76 °C,1872 rpm,1882 rpm,1846 rpm,1868 rpm,1856 rpm,1846 rpm,1880 rpm,1859 rpm,1870 rpm,1890 rpm,1856 rpm
2026-09-15 08:37:20,71 °C,79 °C,84.5 °C,83 °C,79 °C,86 °C,96 °C,86 °C,65.8 °C,74 °C,76 °C,1872 rpm,1855 rpm,1874 rpm,1856 rpm,1881 rpm,1851 rpm,1833 rpm,1847 rpm,1859 rpm,1890 rpm,1886 rpm
2026-09-15 08:37:40,71 °C,,84.5 °C,83 °C,79.3 °C,86 °C,96 °C,86 °C,68.8 °C,74 °C,76 °C,1884 rpm,1842 rpm,1839 rpm,1872 rpm,1900 rpm,1851 rpm,1844 rpm,1856 rpm,1822 rpm,1893 rpm,1900 rpm
2026-09-15 08:38:00,71 °C,,85.5 °C,,79 °C,86 °C,96 °C,86 °C,63.3 °C,74 °C,76 °C,1889 rpm,1861 rpm,1859 rpm,1878 rpm,1901 rpm,1861 rpm,1553 rpm,1564 rpm,1865 rpm,1896 rpm,1900 rpm
2026-09-15 08:38:20,71 °C,,85.5 °C,,79 °C,86 °C,96 °C,86 °C,63 °C,74 °C,76 °C,1860 rpm,1854 rpm,1868 rpm,1869 rpm,1882 rpm,1853 rpm,1875 rpm,1853 rpm,1849 rpm,1896 rpm,1901 rpm
2026-09-15 08:38:40,71 °C,,85.5 °C,,79 °C,86 °C,95.5 °C,86 °C,63 °C,74 °C,76 °C,1868 rpm,1859 rpm,1880 rpm,1840 rpm,1895 rpm,1875 rpm,1831 rpm,1860 rpm,1870 rpm,1677 rpm,1860 rpm
2026-09-15 08:39:00,71 °C,,86 °C,,79 °C,86 °C,95.5 °C,86 °C,63 °C,74 °C,75.5 °C,1894 rpm,1860 rpm,1834 rpm,1852 rpm,1844 rpm,1841 rpm,1851 rpm,1853 rpm,1841 rpm,1893 rpm,1887 rpm
2026-09-15 08:39:20,72 °C,,86 °C,,79 °C,86 °C,96 °C,86 °C,62.5 °C,74 °C,76 °C,1883 rpm,1866 rpm,1875 rpm,1843 rpm,1861 rpm,1868 rpm,1840 rpm,1807 rpm,1866 rpm,1897 rpm,1880 rpm
2026-09-15 08:39:40,71.8 °C,,86 °C,,79 °C,86 °C,95.5 °C,86 °C,64 °C,74 °C,76 °C,1868 rpm,1872 rpm,1853 rpm,1862 rpm,1836 rpm,1863 rpm,1855 rpm,1433 rpm,1864 rpm,1886 rpm,1862 rpm
2026-09-15 08:40:00,72 °C,,86 °C,,79 °C,86 °C,96 °C,86 °C,61.8 °C,74 °C,76 °C,1865 rpm,1874 rpm,1863 rpm,1842 rpm,1863 rpm,1858 rpm,1858 rpm,1634 rpm,1849 rpm,1869 rpm,1878 rpm
2026-09-15 08:40:20,71.8 °C,80 °C,85.5 °C,,79 °C,86 °C,96 °C,86 °C,69.8 °C,74 °C,75.5 °C,1880 rpm,1852 rpm,1867 rpm,1881 rpm,1830 rpm,1845 rpm,1846 rpm,1838 rpm,1858 rpm,1863 rpm,1868 rpm
2026-09-15 08:40:40,72 °C,80 °C,86 °C,,79 °C,86 °C,96 °C,86 °C,67.8 °C,74 °C,76 °C,1885 rpm,1880 rpm,1866 rpm,1858 rpm,1865 rpm,1853 rpm,1882 rpm,1845 rpm,1866 rpm,1868 rpm,1886 rpm
2026-09-15 08:41:00,72 °C,,86 °C,,79 °C,86.3 °C,96 °C,86 °C,64.3 °C,74 °C,76 °C,1885 rpm,1878 rpm,1856 rpm,1852 rpm,1854 rpm,1866 rpm,1832 rpm,1851 rpm,1837 rpm,1865 rpm,1859 rpm
2026-09-15 08:41:20,72 °C,,86 °C,,79 °C,87 °C,95.5 °C,86 °C,71 °C,74 °C,76 °C,1866 rpm,1870 rpm,1859 rpm,1839 rpm,1838 rpm,1843 rpm,1871 rpm,1856 rpm,1776 rpm,1883 rpm,1879 rpm
2026-09-15 08:41:40,72 °C,,86 °C,,79 °C,86.8 °C,96 °C,86 °C,67.3 °C,74 °C,76 °C,1866 rpm,1866 rpm,1858 rpm,1861 rpm,1846 rpm,1874 rpm,1849 rpm,1857 rpm,1873 rpm,1867 rpm,1878 rpm
2026-09-15 08:42:00,72 °C,,86 °C,,79 °C,87 °C,96 °C,86 °C,66.8 °C,74 °C,76 °C,1876 rpm,1871 rpm,1864 rpm,1852 rpm,1842 rpm,1855 rpm,1869 rpm,1873 rpm,1869 rpm,1858 rpm,1866 rpm
2026-09-15 08:42:20,72 °C,,86 °C,,79 °C,87 °C,96 °C,86 °C,61.5 °C,74 °C,76 °C,1894 rpm,1862 rpm,1858 rpm,1849 rpm,1876 rpm,1862 rpm,1844 rpm,1841 rpm,1841 rpm,1893 rpm,1844 rpm
2026-09-15 08:42:40,72 °C,,86 °C,81 °C,79 °C,87 °C,96 °C,86 °C,62.8 °C,74.5 °C,76 °C,1873 rpm,1872 rpm,1869 rpm,1866 rpm,1837 rpm,1833 rpm,1842 rpm,1868 rpm,1865 rpm,1867 rpm,1873 rpm
2026-09-15 08:43:00,72 °C,,86 °C,81 °C,79 °C,,96 °C,86 °C,65.3 °C,75.5 °C,76 °C,1896 rpm,1859 rpm,1862 rpm,1861 rpm,1831 rpm,1871 rpm,1894 rpm,1856 rpm,1869 rpm,1863 rpm,1858 rpm
2026-09-15 08:43:20,72 °C,,86 °C,83 °C,79 °C,,96 °C,86 °C,63.3 °C,76 °C,76 °C,1891 rpm,1857 rpm,1855 rpm,1851 rpm,1838 rpm,1850 rpm,1840 rpm,1833 rpm,1854 rpm,1871 rpm,1901 rpm
2026-09-15 08:43:40,72 °C,,86.3 °C,82.5 °C,79 °C,,95.5 °C,86 °C,65.8 °C,76 °C,76 °C,1890 rpm,1856 rpm,1863 rpm,1856 rpm,1874 rpm,1858 rpm,1736 rpm,1866 rpm,1879 rpm,1865 rpm,1900 rpm
2026-09-15 08:44:00,72 °C,,86 °C,82 °C,79 °C,,96 °C,86 °C,63.3 °C,76 °C,76 °C,1867 rpm,1863 rpm,1842 rpm,1848 rpm,1863 rpm,1853 rpm,1748 rpm,1848 rpm,1836 rpm,1876 rpm,1887 rpm
2026-09-15 08:44:20,72 °C,,86.8 °C,83 °C,79 °C,,95 °C,86 °C,64.3 °C,76 °C,76 °C,1890 rpm,1852 rpm,1856 rpm,1848 rpm,1875 rpm,1865 rpm,1501 rpm,1866 rpm,1868 rpm,1859 rpm,1859 rpm
2026-09-15 08:44:40,72 °C,,86 °C,83 °C,79 °C,,94 °C,86 °C,67.3 °C,76 °C,76 °C,1845 rpm,1850 rpm,1852 rpm,1857 rpm,1856 rpm,1873 rpm,1872 rpm,1870 rpm,1865 rpm,1865 rpm,1886 rpm
2026-09-15 08:45:00,72 °C,,87 °C,83 °C,79 °C,,94 °C,86 °C,65.3 °C,76 °C,76 °C,1872 rpm,1848 rpm,1859 rpm,1843 rpm,1854 rpm,1420 rpm,1876 rpm,1745 rpm,1857 rpm,1858 rpm,1900 rpm
2026-09-15 08:45:20,72.3 °C,80 °C,86.5 °C,83 °C,79 °C,,94 °C,86 °C,67.3 °C,76 °C,76 °C,1854 rpm,1857 rpm,1849 rpm,1864 rpm,1845 rpm,801 rpm,1781 rpm,1400 rpm,1861 rpm,1870 rpm,1900 rpm
2026-09-15 08:45:40,73 °C,80 °C,87 °C,83 °C,79 °C,,94 °C,86 °C,65.3 °C,76.8 °C,76 °C,1880 rpm,1867 rpm,1862 rpm,1852 rpm,1839 rpm,800 rpm,1884 rpm,1400 rpm,1857 rpm,1850 rpm,1885 rpm
2026-09-15 08:46:00,73 °C,80 °C,86.8 °C,83 °C,79 °C,,94.5 °C,86 °C,68.3 °C,76.5 °C,76 °C,1882 rpm,1879 rpm,1843 rpm,1857 rpm,1893 rpm,800 rpm,1834 rpm,1400 rpm,1848 rpm,1866 rpm,1866 rpm
2026-09-15 08:46:20,73 °C,80 °C,87 °C,83 °C,79.3 °C,,94 °C,86 °C,65.3 °C,77 °C,76 °C,1884 rpm,1856 rpm,1843 rpm,1850 rpm,1899 rpm,800 rpm,1877 rpm,1400 rpm,1862 rpm,1885 rpm,1857 rpm
2026-09-15 08:46:40,73 °C,80 °C,86.5 °C,83 °C,79.8 °C,,94 °C,86 °C,64.3 °C,76.8 °C,76 °C,1854 rpm,1854 rpm,1837 rpm,1856 rpm,1868 rpm,1062 rpm,1876 rpm,1400 rpm,1850 rpm,1861 rpm,1860 rpm
2026-09-15 08:47:00,73 °C,80 °C,86.8 °C,83 °C,79 °C,,94 °C,84.5 °C,67.3 °C,77 °C,76 °C,1868 rpm,1856 rpm,1865 rpm,1846 rpm,1850 rpm,800 rpm,1848 rpm,1400 rpm,1845 rpm,1865 rpm,1871 rpm
2026-09-15 08:47:20,73 °C,80 °C,87 °C,83 °C,79 °C,,94 °C,84 °C,68.3 °C,77 °C,76 °C,1886 rpm,1869 rpm,1891 rpm,1855 rpm,1861 rpm,800 rpm,1865 rpm,1500 rpm,1870 rpm,1871 rpm,1869 rpm
2026-09-15 08:47:40,73 °C,80 °C,87 °C,83 °C,79 °C,84 °C,94 °C,84 °C,66.5 °C,76.8 °C,76 °C,1861 rpm,1876 rpm,1883 rpm,1858 rpm,1854 rpm,800 rpm,1840 rpm,1400 rpm,1844 rpm,1852 rpm,1869 rpm
2026-09-15 08:48:00,73 °C,80 °C,87 °C,83 °C,79 °C,84 °C,94 °C,84 °C,65.3 °C,76.8 °C,76 °C,1872 rpm,1859 rpm,1878 rpm,1874 rpm,1848 rpm,800 rpm,1882 rpm,1400 rpm,1861 rpm,1864 rpm,1864 rpm
2026-09-15 08:48:20,73 °C,80 °C,,83 °C,79 °C,84 °C,94 °C,84 °C,68.5 °C,77 °C,76 °C,1883 rpm,1859 rpm,1852 rpm,1832 rpm,1851 rpm,800 rpm,1837 rpm,1400 rpm,1881 rpm,1885 rpm,1860 rpm
2026-09-15 08:48:40,73 °C,80 °C,,83 °C,79 °C,83.5 °C,94 °C,84 °C,66 °C,77 °C,76 °C,1886 rpm,1881 rpm,1863 rpm,1871 rpm,1847 rpm,800 rpm,1866 rpm,1467 rpm,1855 rpm,1884 rpm,1868 rpm
2026-09-15 08:49:00,73 °C,,,83 °C,79 °C,83 °C,94 °C,84 °C,69.3 °C,76.5 °C,76 °C,1900 rpm,1861 rpm,1768 rpm,1851 rpm,1845 rpm,800 rpm,1846 rpm,1777 rpm,1856 rpm,1882 rpm,1864 rpm
2026-09-15 08:49:20,73 °C,,,83 °C,79 °C,83 °C,94 °C,84 °C,68.5 °C,76.5 °C,76 °C,1886 rpm,1839 rpm,1882 rpm,1856 rpm,1847 rpm,800 rpm,1850 rpm,1893 rpm,1893 rpm,1879 rpm,1853 rpm
2026-09-15 08:49:40,73 °C,,,83 °C,79 °C,83 °C,94 °C,84 °C,68.3 °C,76.8 °C,76 °C,1858 rpm,1847 rpm,1865 rpm,1842 rpm,1865 rpm,800 rpm,1885 rpm,1888 rpm,1886 rpm,1870 rpm,1846 rpm
2026-09-15 08:50:00,73 °C,,,83 °C,79 °C,83 °C,94 °C,84 °C,67.8 °C,76.8 °C,76 °C,1887 rpm,1858 rpm,1857 rpm,1850 rpm,1862 rpm,800 rpm,1901 rpm,1873 rpm,1880 rpm,1886 rpm,1900 rpm
2026-09-15 08:50:20,73 °C,80 °C,,83 °C,79 °C,83 °C,94 °C,84 °C,61.5 °C,76.5 °C,76 °C,1877 rpm,1836 rpm,1841 rpm,1845 rpm,1845 rpm,800 rpm,1842 rpm,1889 rpm,1861 rpm,1839 rpm,1868 rpm
2026-09-15 08:50:40,73 °C,80 °C,,83 °C,79 °C,82.5 °C,94 °C,84 °C,67 °C,77 °C,76 °C,1886 rpm,1596 rpm,1853 rpm,1855 rpm,1864 rpm,800 rpm,1755 rpm,1889 rpm,1865 rpm,1897 rpm,1869 rpm
2026-09-15 08:51:00,73 °C,80 °C,,83 °C,79 °C,81.5 °C,94 °C,84 °C,68 °C,77 °C,76 °C,1900 rpm,1858 rpm,1870 rpm,1842 rpm,1881 rpm,800 rpm,1400 rpm,1760 rpm,1835 rpm,1891 rpm,1904 rpm
2026-09-15 08:51:20,73 °C,80 °C,,83 °C,79 °C,81.5 °C,94 °C,84 °C,62.5 °C,77 °C,76 °C,1900 rpm,1843 rpm,1845 rpm,1862 rpm,1871 rpm,800 rpm,1400 rpm,1885 rpm,1847 rpm,1898 rpm,1900 rpm
2026-09-15 08:51:40,73 °C,80 °C,,83 °C,79 °C,81 °C,93.5 °C,84 °C,68.3 °C,77 °C,76 °C,1900 rpm,1857 rpm,1828 rpm,1835 rpm,1861 rpm,800 rpm,1725 rpm,1892 rpm,1868 rpm,1893 rpm,1885 rpm
2026-09-15 08:52:00,73 °C,80 °C,86.8 °C,83 °C,79 °C,81 °C,92.5 °C,84 °C,65 °C,77 °C,76 °C,1899 rpm,1847 rpm,1875 rpm,1858 rpm,1868 rpm,801 rpm,1874 rpm,1887 rpm,1864 rpm,1896 rpm,1887 rpm
2026-09-15 08:52:20,73 °C,,87 °C,83 °C,79 °C,81 °C,94 °C,84 °C,67.3 °C,77 °C,76 °C,1893 rpm,1863 rpm,1839 rpm,1841 rpm,1857 rpm,1163 rpm,1837 rpm,1891 rpm,1864 rpm,1893 rpm,1900 rpm
2026-09-15 08:52:40,73 °C,,87 °C,83 °C,79.3 °C,82.5 °C,93.5 °C,84 °C,66.5 °C,77 °C,76 °C,1900 rpm,1855 rpm,1871 rpm,1860 rpm,1841 rpm,1658 rpm,1865 rpm,1883 rpm,1860 rpm,1896 rpm,1873 rpm
2026-09-15 08:53:00,73 °C,,87 °C,83 °C,79 °C,83 °C,94 °C,84 °C,73.5 °C,77 °C,76 °C,1900 rpm,1850 rpm,1843 rpm,1855 rpm,1838 rpm,1858 rpm,1849 rpm,1885 rpm,1193 rpm,1898 rpm,1864 rpm
2026-09-15 08:53:20,73 °C,,87 °C,83 °C,79 °C,83 °C,94 °C,84 °C,67.3 °C,77 °C,76 °C,1900 rpm,1853 rpm,1845 rpm,1860 rpm,1860 rpm,1866 rpm,1856 rpm,1879 rpm,1867 rpm,1896 rpm,1868 rpm
2026-09-15 08:53:40,73 °C,,87 °C,83 °C,79 °C,83.5 °C,94 °C,84 °C,70 °C,77 °C,76 °C,1900 rpm,1849 rpm,1881 rpm,1855 rpm,1847 rpm,1858 rpm,1860 rpm,1864 rpm,1865 rpm,1887 rpm,1868 rpm
2026-09-15 08:54:00,73 °C,,86.8 °C,83 °C,79 °C,84 °C,94 °C,84 °C,65.5 °C,77 °C,76 °C,1900 rpm,1849 rpm,1844 rpm,1875 rpm,1863 rpm,1884 rpm,1847 rpm,1858 rpm,1859 rpm,1881 rpm,1850 rpm
2026-09-15 08:54:20,73 °C,,87 °C,83 °C,79 °C,84 °C,93.5 °C,84.5 °C,72 °C,77 °C,76 °C,1900 rpm,1864 rpm,1873 rpm,1856 rpm,1850 rpm,1900 rpm,1877 rpm,1874 rpm,1864 rpm,1883 rpm,1870 rpm
2026-09-15 08:54:40,73 °C,,87 °C,83 °C,79 °C,84 °C,94 °C,84 °C,69.3 °C,77 °C,76 °C,1900 rpm,1876 rpm,1869 rpm,1850 rpm,1854 rpm,1873 rpm,1840 rpm,1899 rpm,1863 rpm,1850 rpm,1851 rpm
2026-09-15 08:55:00,73 °C,,87 °C,83 °C,79 °C,84 °C,94 °C,84 °C,71.8 °C,77.8 °C,76.3 °C,1900 rpm,1860 rpm,1852 rpm,1846 rpm,1850 rpm,1872 rpm,1857 rpm,1896 rpm,1850 rpm,1864 rpm,1868 rpm
2026-09-15 08:55:20,73 °C,80 °C,87 °C,83 °C,79 °C,84 °C,94 °C,84 °C,69.8 °C,78 °C,76 °C,1900 rpm,1881 rpm,1851 rpm,1878 rpm,1849 rpm,1870 rpm,1853 rpm,1901 rpm,1861 rpm,1856 rpm,1863 rpm
2026-09-15 08:55:40,73 °C,80.3 °C,87 °C,83 °C,79 °C,84 °C,94 °C,84 °C,69.5 °C,78 °C,76.8 °C,1901 rpm,1850 rpm,1859 rpm,1851 rpm,1862 rpm,1845 rpm,1859 rpm,1897 rpm,1876 rpm,1885 rpm,1849 rpm
2026-09-15 08:56:00,72 °C,80.6 °C,,83 °C,79 °C,84 °C,94 °C,84 °C,67.3 °C,78 °C,76.5 °C,1901 rpm,1851 rpm,1869 rpm,1854 rpm,1854 rpm,1883 rpm,1871 rpm,1894 rpm,1835 rpm,1874 rpm,1861 rpm
2026-09-15 08:56:20,72 °C,80 °C,,83 °C,79 °C,84 °C,94 °C,84 °C,68 °C,78 °C,76.8 °C,1900 rpm,1873 rpm,1829 rpm,1839 rpm,1885 rpm,1838 rpm,1836 rpm,1892 rpm,1883 rpm,1874 rpm,1844 rpm
2026-09-15 08:56:40,72 °C,81 °C,,83 °C,79 °C,84 °C,94 °C,84 °C,73 °C,78 °C,77 °C,1900 rpm,1848 rpm,1892 rpm,1849 rpm,1860 rpm,1891 rpm,1880 rpm,1887 rpm,1901 rpm,1875 rpm,1879 rpm
2026-09-15 08:57:00,72 °C,,87 °C,83 °C,79 °C,84 °C,94 °C,84 °C,66.8 °C,78 °C,77 °C,1899 rpm,1857 rpm,1863 rpm,1839 rpm,1847 rpm,1843 rpm,1872 rpm,1726 rpm,1849 rpm,1863 rpm,1862 rpm
2026-09-15 08:57:20,72 °C,,87 °C,83 °C,79 °C,85.5 °C,94 °C,84 °C,68.3 °C,77.5 °C,77 °C,1900 rpm,1857 rpm,1848 rpm,1859 rpm,1846 rpm,1883 rpm,1839 rpm,1733 rpm,1870 rpm,1745 rpm,1877 rpm
2026-09-15 08:57:40,72 °C,,87 °C,83 °C,79 °C,86 °C,94 °C,83 °C,70 °C,78 °C,77 °C,1900 rpm,1858 rpm,1847 rpm,1853 rpm,1855 rpm,1864 rpm,1860 rpm,1400 rpm,1866 rpm,1868 rpm,1900 rpm
2026-09-15 08:58:00,72 °C,,87 °C,83 °C,79 °C,85.5 °C,94 °C,83.3 °C,69.8 °C,77.5 °C,77 °C,1899 rpm,1833 rpm,1842 rpm,1848 rpm,1860 rpm,1841 rpm,1876 rpm,1896 rpm,1871 rpm,1870 rpm,1900 rpm
2026-09-15 08:58:20,72 °C,,87 °C,83 °C,79 °C,86 °C,94 °C,83.8 °C,69 °C,77.3 °C,77 °C,1900 rpm,1853 rpm,1867 rpm,1847 rpm,1845 rpm,1849 rpm,1853 rpm,1891 rpm,1876 rpm,1873 rpm,1884 rpm
2026-09-15 08:58:40,72 °C,,87 °C,83 °C,79.3 °C,86 °C,94 °C,83.3 °C,68.5 °C,77 °C,77 °C,1900 rpm,1855 rpm,1841 rpm,1854 rpm,1844 rpm,1863 rpm,1840 rpm,1898 rpm,1868 rpm,1331 rpm,1860 rpm
2026-09-15 08:59:00,72 °C,,87 °C,83 °C,79.8 °C,86 °C,94 °C,83.3 °C,68.8 °C,77 °C,77 °C,1900 rpm,1852 rpm,1858 rpm,1853 rpm,1862 rpm,1841 rpm,1867 rpm,1775 rpm,1847 rpm,800 rpm,1855 rpm
2026-09-15 08:59:20,72 °C,,87 °C,83 °C,79 °C,86 °C,94 °C,83 °C,70.8 °C,76 °C,77 °C,1900 rpm,1856 rpm,1868 rpm,1851 rpm,1846 rpm,1852 rpm,1833 rpm,1593 rpm,1896 rpm,800 rpm,1844 rpm
2026-09-15 08:59:40,72 °C,,87 °C,83 °C,79.5 °C,86 °C,94 °C,83 °C,69 °C,76 °C,77 °C,1900 rpm,1842 rpm,1851 rpm,1840 rpm,1862 rpm,1839 rpm,1839 rpm,1522 rpm,1834 rpm,800 rpm,1866 rpm
2026-09-15 09:00:00,72 °C,,87 °C,83 °C,79.5 °C,86 °C,94 °C,83 °C,70.8 °C,76 °C,77 °C,1899 rpm,1876 rpm,1882 rpm,1842 rpm,1850 rpm,1866 rpm,1873 rpm,1895 rpm,1879 rpm,800 rpm,1853 rpm
2026-09-15 09:00:20,72 °C,81 °C,87 °C,83 °C,79.8 °C,86 °C,94 °C,83 °C,66.8 °C,76 °C,77 °C,1900 rpm,1629 rpm,1849 rpm,1849 rpm,1875 rpm,1858 rpm,1842 rpm,1886 rpm,1852 rpm,1061 rpm,1858 rpm
2026-09-15 09:00:40,72 °C,81 °C,87 °C,83.5 °C,80 °C,86 °C,94 °C,83 °C,67.5 °C,76 °C,77 °C,1900 rpm,1400 rpm,1846 rpm,1841 rpm,1841 rpm,1856 rpm,1860 rpm,1892 rpm,1865 rpm,800 rpm,1869 rpm
2026-09-15 09:01:00,72 °C,81 °C,87 °C,83.3 °C,79 °C,86 °C,94 °C,83 °C,65.5 °C,76 °C,77 °C,1900 rpm,1709 rpm,1526 rpm,1836 rpm,1864 rpm,1869 rpm,1835 rpm,1906 rpm,1854 rpm,800 rpm,1884 rpm
2026-09-15 09:01:20,72 °C,80 °C,87 °C,83.3 °C,80 °C,85 °C,94 °C,83.3 °C,67.3 °C,76 °C,77 °C,1900 rpm,1870 rpm,1556 rpm,1902 rpm,1855 rpm,1843 rpm,1839 rpm,1889 rpm,1854 rpm,800 rpm,1858 rpm
2026-09-15 09:01:40,72 °C,,86.8 °C,83.5 °C,79.8 °C,86 °C,94 °C,83.8 °C,65.5 °C,75 °C,77 °C,1900 rpm,1525 rpm,1871 rpm,1877 rpm,1856 rpm,1894 rpm,1873 rpm,1891 rpm,1853 rpm,800 rpm,1876 rpm
2026-09-15 09:02:00,72 °C,,86.8 °C,83 °C,79.8 °C,85 °C,94 °C,84 °C,64.5 °C,74 °C,77 °C,1900 rpm,1400 rpm,1828 rpm,1855 rpm,1849 rpm,1824 rpm,1839 rpm,1860 rpm,1858 rpm,800 rpm,1842 rpm
2026-09-15 09:02:20,72 °C,,86.5 °C,83 °C,80 °C,84.5 °C,94 °C,84 °C,72 °C,74 °C,77 °C,1900 rpm,1508 rpm,1888 rpm,1850 rpm,1833 rpm,1871 rpm,1860 rpm,1887 rpm,1885 rpm,800 rpm,1899 rpm
2026-09-15 09:02:40,72 °C,,87 °C,83 °C,79.5 °C,85.5 °C,94 °C,84 °C,66.8 °C,74 °C,77 °C,1900 rpm,1400 rpm,1833 rpm,1866 rpm,1840 rpm,1865 rpm,1853 rpm,1886 rpm,1850 rpm,800 rpm,1870 rpm
2026-09-15 09:03:00,72 °C,,86.8 °C,83 °C,80 °C,84 °C,94 °C,84 °C,71 °C,74 °C,77 °C,1900 rpm,1400 rpm,1856 rpm,1845 rpm,1860 rpm,1840 rpm,1853 rpm,1861 rpm,1863 rpm,799 rpm,1863 rpm
2026-09-15 09:03:20,72 °C,,87 °C,83 °C,80 °C,84.5 °C,94 °C,84 °C,71.5 °C,74 °C,77 °C,1900 rpm,1400 rpm,1840 rpm,1854 rpm,1857 rpm,1868 rpm,1892 rpm,1847 rpm,1862 rpm,800 rpm,1848 rpm
2026-09-15 09:03:40,72 °C,,86.8 °C,83 °C,79.3 °C,84 °C,94 °C,84 °C,69.8 °C,73.3 °C,77 °C,1900 rpm,1400 rpm,1872 rpm,1872 rpm,1859 rpm,1860 rpm,1854 rpm,1864 rpm,1855 rpm,800 rpm,1857 rpm
2026-09-15 09:04:00,72 °C,,87 °C,83 °C,80 °C,84 °C,94 °C,85 °C,71 °C,73 °C,77 °C,1900 rpm,1400 rpm,1858 rpm,1898 rpm,1853 rpm,1866 rpm,1828 rpm,1524 rpm,1876 rpm,800 rpm,1858 rpm
2026-09-15 09:04:20,71 °C,,86.5 °C,83.3 °C,79.8 °C,,94 °C,84 °C,68 °C,73 °C,77.8 °C,1900 rpm,1400 rpm,1863 rpm,1835 rpm,1833 rpm,1875 rpm,1525 rpm,1400 rpm,1849 rpm,799 rpm,1854 rpm
2026-09-15 09:04:40,71 °C,,86.8 °C,83 °C,79.5 °C,,92.7 °C,84 °C,67.8 °C,73 °C,77.8 °C,1900 rpm,1471 rpm,1839 rpm,1851 rpm,1863 rpm,1853 rpm,1400 rpm,1826 rpm,1886 rpm,800 rpm,1872 rpm
2026-09-15 09:05:00,71 °C,,87 °C,83 °C,80 °C,,92 °C,84 °C,65.8 °C,73 °C,78 °C,1900 rpm,1848 rpm,1884 rpm,1842 rpm,1885 rpm,1831 rpm,1400 rpm,1874 rpm,1860 rpm,800 rpm,1850 rpm
2026-09-15 09:05:20,71 °C,79 °C,86.8 °C,83 °C,80 °C,,92 °C,84 °C,70.8 °C,73 °C,78 °C,1877 rpm,1843 rpm,1848 rpm,1848 rpm,1841 rpm,1878 rpm,1799 rpm,1865 rpm,1881 rpm,800 rpm,1865 rpm
2026-09-15 09:05:40,71 °C,79 °C,86.8 °C,83 °C,80 °C,,92 °C,84 °C,67.5 °C,72 °C,78 °C,1886 rpm,1860 rpm,1844 rpm,1844 rpm,1863 rpm,1856 rpm,1850 rpm,1862 rpm,1852 rpm,800 rpm,1844 rpm
2026-09-15 09:06:00,71 °C,,87 °C,83.3 °C,80 °C,,92 °C,85.5 °C,68 °C,72 °C,78 °C,1881 rpm,1849 rpm,1822 rpm,1860 rpm,1847 rpm,1862 rpm,1866 rpm,1860 rpm,1894 rpm,800 rpm,1849 rpm
2026-09-15 09:06:20,71.5 °C,,,83.3 °C,80 °C,,92 °C,85.5 °C,68 °C,72 °C,78 °C,1859 rpm,1749 rpm,1856 rpm,1853 rpm,1852 rpm,1872 rpm,1832 rpm,1854 rpm,1876 rpm,800 rpm,1860 rpm
2026-09-15 09:06:40,71.8 °C,,,83 °C,80 °C,,92 °C,86 °C,68.8 °C,72 °C,78 °C,1875 rpm,1848 rpm,1874 rpm,1880 rpm,1854 rpm,1883 rpm,1851 rpm,1886 rpm,1849 rpm,800 rpm,1887 rpm
2026-09-15 09:07:00,72 °C,,86.5 °C,83.5 °C,80 °C,,92 °C,86 °C,63.8 °C,72 °C,78 °C,1861 rpm,1859 rpm,1869 rpm,1841 rpm,1841 rpm,1872 rpm,1875 rpm,1858 rpm,1858 rpm,800 rpm,1882 rpm
2026-09-15 09:07:20,72 °C,,86.8 °C,84 °C,80 °C,,92 °C,86 °C,66.5 °C,71.8 °C,78 °C,1883 rpm,1846 rpm,1863 rpm,1900 rpm,1856 rpm,1864 rpm,1833 rpm,1877 rpm,1855 rpm,800 rpm,1856 rpm
2026-09-15 09:07:40,72 °C,,86.8 °C,83.8 °C,80 °C,84 °C,93.5 °C,86 °C,67.5 °C,71 °C,78.3 °C,1855 rpm,1860 rpm,1822 rpm,1868 rpm,1853 rpm,1869 rpm,1863 rpm,1846 rpm,1869 rpm,800 rpm,1876 rpm
2026-09-15 09:08:00,72 °C,,87 °C,83 °C,80 °C,84 °C,92.5 °C,86 °C,63.5 °C,71 °C,78.5 °C,1886 rpm,1848 rpm,1842 rpm,1865 rpm,1851 rpm,1878 rpm,1849 rpm,1871 rpm,1854 rpm,800 rpm,1889 rpm
2026-09-15 09:08:20,72 °C,,87 °C,83 °C,80 °C,85 °C,92.5 °C,86 °C,65.5 °C,71 °C,78.5 °C,1861 rpm,1862 rpm,1855 rpm,1843 rpm,1839 rpm,1872 rpm,1863 rpm,1856 rpm,1850 rpm,800 rpm,1870 rpm
2026-09-15 09:08:40,72 °C,,87 °C,83.5 °C,80 °C,84.5 °C,93.5 °C,87 °C,65.8 °C,71 °C,78.3 °C,1868 rpm,1862 rpm,1866 rpm,1852 rpm,1878 rpm,1866 rpm,1865 rpm,1860 rpm,1872 rpm,800 rpm,1847 rpm
2026-09-15 09:09:00,72 °C,,87 °C,83 °C,80 °C,86 °C,92.5 °C,86.8 °C,65.3 °C,71 °C,78.5 °C,1869 rpm,1845 rpm,1525 rpm,1845 rpm,1860 rpm,1877 rpm,1874 rpm,1866 rpm,1880 rpm,800 rpm,1875 rpm
2026-09-15 09:09:20,72 °C,,87 °C,83.3 °C,80 °C,86 °C,94 °C,87 °C,69.3 °C,71 °C,79 °C,1880 rpm,1859 rpm,1820 rpm,1888 rpm,1858 rpm,1885 rpm,1837 rpm,1860 rpm,1858 rpm,800 rpm,1849 rpm
2026-09-15 09:09:40,72 °C,,86.5 °C,84 °C,80 °C,86 °C,94 °C,87 °C,68.3 °C,71 °C,79 °C,1857 rpm,1849 rpm,1862 rpm,1840 rpm,1851 rpm,1883 rpm,1834 rpm,1877 rpm,1653 rpm,800 rpm,1859 rpm
2026-09-15 09:10:00,72 °C,,86.5 °C,83.8 °C,80 °C,86 °C,94 °C,87 °C,63.3 °C,70 °C,79 °C,1845 rpm,1860 rpm,1855 rpm,1875 rpm,1833 rpm,1876 rpm,1875 rpm,1844 rpm,1846 rpm,800 rpm,1842 rpm
2026-09-15 09:10:20,72 °C,80 °C,87 °C,83.3 °C,80 °C,86 °C,94 °C,87 °C,65 °C,70 °C,79 °C,1867 rpm,1885 rpm,1868 rpm,1846 rpm,1858 rpm,1865 rpm,1837 rpm,1868 rpm,1878 rpm,800 rpm,1835 rpm
2026-09-15 09:10:40,72 °C,80 °C,87 °C,84 °C,80 °C,86 °C,94 °C,87 °C,63.3 °C,70 °C,79 °C,1862 rpm,1856 rpm,1860 rpm,1849 rpm,1849 rpm,1864 rpm,1867 rpm,1840 rpm,1846 rpm,800 rpm,1874 rpm
2026-09-15 09:11:00,72.5 °C,80 °C,87 °C,84 °C,80 °C,86 °C,94 °C,87 °C,65.3 °C,70 °C,79 °C,1892 rpm,1865 rpm,1866 rpm,1846 rpm,1850 rpm,1845 rpm,1832 rpm,1859 rpm,1854 rpm,800 rpm,1861 rpm
2026-09-15 09:11:20,73 °C,80 °C,,84 °C,80 °C,86 °C,94 °C,87 °C,65.8 °C,70 °C,79 °C,1858 rpm,1804 rpm,1836 rpm,1864 rpm,1838 rpm,1867 rpm,1857 rpm,1841 rpm,1867 rpm,800 rpm,1882 rpm
2026-09-15 09:11:40,,80 °C,,84 °C,,,94 °C,87 °C,,70 °C,,,1400 rpm,1847 rpm,1858 rpm,,,1858 rpm,1869 rpm,,800 rpm,
2026-09-15 09:12:00,73 °C,80 °C,87 °C,84 °C,80 °C,,94 °C,87 °C,66 °C,70 °C,79 °C,,1722 rpm,1846 rpm,1849 rpm,1835 rpm,1843 rpm,1845 rpm,1650 rpm,1869 rpm,800 rpm,1901 rpm
2026-09-15 09:12:20,,80 °C,87 °C,84 °C,80 °C,,94 °C,87 °C,,69.5 °C,79 °C,,1831 rpm,1862 rpm,1873 rpm,,1878 rpm,1862 rpm,1845 rpm,,800 rpm,
2026-09-15 09:12:40,73 °C,80 °C,87 °C,84 °C,80 °C,86 °C,94 °C,87.5 °C,75 °C,69 °C,79 °C,1847 rpm,1861 rpm,1872 rpm,1875 rpm,1864 rpm,1854 rpm,1853 rpm,1650 rpm,1887 rpm,800 rpm,1893 rpm
2026-09-15 09:13:00,,80 °C,,84 °C,,86 °C,94 °C,87 °C,,69 °C,,,1848 rpm,,1865 rpm,,1887 rpm,1847 rpm,1581 rpm,,800 rpm,
2026-09-15 09:13:20,73 °C,80 °C,87 °C,84 °C,80 °C,86 °C,94 °C,87 °C,76 °C,69 °C,79 °C,1890 rpm,1860 rpm,1864 rpm,1846 rpm,1837 rpm,,1843 rpm,1881 rpm,1900 rpm,800 rpm,1901 rpm
2026-09-15 09:13:40,,80 °C,87 °C,84 °C,80 °C,,94 °C,87 °C,66.5 °C,69 °C,79 °C,,1846 rpm,1881 rpm,1864 rpm,1856 rpm,1873 rpm,1849 rpm,1848 rpm,1846 rpm,800 rpm,1891 rpm
2026-09-15 09:14:00,73 °C,80 °C,87 °C,84 °C,80 °C,,94 °C,87 °C,68.3 °C,69 °C,79 °C,1862 rpm,1851 rpm,1857 rpm,1854 rpm,1867 rpm,1853 rpm,1869 rpm,1878 rpm,1872 rpm,800 rpm,1900 rpm
2026-09-15 09:14:20,73.8 °C,80 °C,87 °C,84 °C,80 °C,,94 °C,87 °C,69.8 °C,69 °C,79 °C,1846 rpm,1744 rpm,1872 rpm,1857 rpm,1863 rpm,1849 rpm,1853 rpm,1848 rpm,1871 rpm,800 rpm,1901 rpm
2026-09-15 09:14:40,74 °C,80 °C,87 °C,84 °C,80 °C,,94 °C,87 °C,65.3 °C,69 °C,78.3 °C,1868 rpm,1852 rpm,1856 rpm,1868 rpm,1826 rpm,1872 rpm,1866 rpm,1882 rpm,1855 rpm,800 rpm,1842 rpm
2026-09-15 09:15:00,74 °C,80 °C,87.5 °C,84 °C,80 °C,,94 °C,87 °C,65.3 °C,68 °C,78.5 °C,1840 rpm,1853 rpm,1879 rpm,1852 rpm,1860 rpm,1844 rpm,1862 rpm,1862 rpm,1840 rpm,800 rpm,1871 rpm
2026-09-15 09:15:20,74 °C,80 °C,87 °C,84 °C,80 °C,,94 °C,87 °C,64.3 °C,68 °C,78 °C,1878 rpm,1847 rpm,1867 rpm,1847 rpm,1879 rpm,1851 rpm,1857 rpm,1859 rpm,1869 rpm,800 rpm,1842 rpm
2026-09-15 09:15:40,74 °C,80 °C,87 °C,84 °C,80 °C,,94 °C,87 °C,64.3 °C,68 °C,78.5 °C,1862 rpm,1856 rpm,1876 rpm,1852 rpm,1865 rpm,1846 rpm,1860 rpm,1872 rpm,1861 rpm,800 rpm,1880 rpm
2026-09-15 09:16:00,74 °C,80 °C,87 °C,84 °C,80 °C,,94 °C,87 °C,66.3 °C,68 °C,78.8 °C,1868 rpm,1877 rpm,1864 rpm,1847 rpm,1837 rpm,1850 rpm,1873 rpm,1873 rpm,1857 rpm,800 rpm,1850 rpm
2026-09-15 09:16:20,74 °C,80 °C,87 °C,84 °C,80 °C,,94 °C,87 °C,67 °C,68 °C,78.8 °C,1873 rpm,1852 rpm,1850 rpm,1846 rpm,1856 rpm,1832 rpm,1840 rpm,1862 rpm,1866 rpm,800 rpm,1873 rpm
2026-09-15 09:16:40,74 °C,80 °C,87 °C,84 °C,80 °C,,94 °C,87 °C,66 °C,68 °C,79 °C,1856 rpm,1839 rpm,1861 rpm,1847 rpm,1857 rpm,1864 rpm,1855 rpm,1855 rpm,1865 rpm,800 rpm,1849 rpm
2026-09-15 09:17:00,74 °C,80 °C,87.5 °C,84 °C,80 °C,,94 °C,87.5 °C,71.8 °C,68 °C,79 °C,1893 rpm,1871 rpm,1862 rpm,1856 rpm,1863 rpm,1850 rpm,1400 rpm,1850 rpm,1891 rpm,800 rpm,1881 rpm
2026-09-15 09:17:20,74 °C,80 °C,87.5 °C,84 °C,80 °C,,94 °C,87 °C,73 °C,68 °C,79 °C,1865 rpm,1875 rpm,1838 rpm,1864 rpm,1839 rpm,1869 rpm,1524 rpm,1861 rpm,1895 rpm,800 rpm,1852 rpm
2026-09-15 09:17:40,74 °C,80 °C,88.5 °C,84 °C,80 °C,86 °C,94 °C,87 °C,72.3 °C,68 °C,79 °C,1902 rpm,1843 rpm,1732 rpm,1861 rpm,1870 rpm,1853 rpm,1885 rpm,1857 rpm,1888 rpm,800 rpm,1840 rpm
2026-09-15 09:18:00,74 °C,80 °C,87.5 °C,84 °C,81 °C,86 °C,94 °C,87 °C,77 °C,68 °C,79 °C,1894 rpm,1850 rpm,1400 rpm,1878 rpm,1840 rpm,1855 rpm,1833 rpm,1878 rpm,1888 rpm,800 rpm,1854 rpm
2026-09-15 09:18:20,74 °C,,87 °C,84 °C,80 °C,86 °C,94 °C,87 °C,76.8 °C,68 °C,79 °C,1875 rpm,1837 rpm,1630 rpm,1830 rpm,1870 rpm,1860 rpm,1864 rpm,1863 rpm,1886 rpm,800 rpm,1851 rpm
2026-09-15 09:18:40,74 °C,,87 °C,84 °C,80.5 °C,,94 °C,88 °C,76.8 °C,68 °C,79 °C,1895 rpm,1867 rpm,1863 rpm,1845 rpm,1838 rpm,1870 rpm,1861 rpm,1879 rpm,1894 rpm,800 rpm,1886 rpm
2026-09-15 09:19:00,74 °C,,87 °C,84 °C,80.5 °C,,94 °C,87 °C,76.8 °C,68 °C,79 °C,1893 rpm,1834 rpm,1628 rpm,1865 rpm,1859 rpm,1863 rpm,1839 rpm,1867 rpm,1143 rpm,800 rpm,1868 rpm
2026-09-15 09:19:20,74 °C,,87 °C,84 °C,80 °C,,94 °C,87.5 °C,76 °C,68 °C,79 °C,1873 rpm,1864 rpm,1871 rpm,1851 rpm,1837 rpm,1898 rpm,1873 rpm,1879 rpm,800 rpm,800 rpm,1899 rpm
2026-09-15 09:19:40,74 °C,,87 °C,84 °C,80 °C,,94 °C,88.5 °C,76 °C,68 °C,79 °C,1882 rpm,1841 rpm,1815 rpm,1850 rpm,1861 rpm,1877 rpm,1854 rpm,1877 rpm,800 rpm,800 rpm,1907 rpm
2026-09-15 09:20:00,74.5 °C,,87 °C,84 °C,80 °C,,94 °C,87.5 °C,76 °C,68 °C,79 °C,1864 rpm,1876 rpm,1517 rpm,1872 rpm,1850 rpm,1877 rpm,1868 rpm,1771 rpm,800 rpm,800 rpm,1871 rpm
2026-09-15 09:20:20,76 °C,81 °C,87 °C,84 °C,80 °C,,94 °C,87.5 °C,76 °C,67.5 °C,79 °C,1859 rpm,1847 rpm,1861 rpm,1874 rpm,1867 rpm,1881 rpm,1842 rpm,1869 rpm,800 rpm,800 rpm,1887 rpm
2026-09-15 09:20:40,76 °C,81 °C,87 °C,84 °C,80 °C,,94 °C,88 °C,76 °C,67 °C,79 °C,1887 rpm,1867 rpm,1847 rpm,1843 rpm,1852 rpm,1848 rpm,1859 rpm,1866 rpm,800 rpm,800 rpm,1850 rpm
2026-09-15 09:21:00,75.5 °C,81 °C,87 °C,84 °C,80 °C,,94 °C,88 °C,76 °C,67 °C,79 °C,1866 rpm,1885 rpm,1848 rpm,1859 rpm,1841 rpm,1025 rpm,1846 rpm,1870 rpm,800 rpm,800 rpm,1871 rpm
2026-09-15 09:21:20,74 °C,,87.5 °C,84 °C,80 °C,,94 °C,88.5 °C,75.5 °C,67 °C,79 °C,1888 rpm,1846 rpm,1836 rpm,1830 rpm,1883 rpm,800 rpm,1835 rpm,1870 rpm,800 rpm,800 rpm,1900 rpm
2026-09-15 09:21:40,74 °C,,87 °C,84 °C,80 °C,,94 °C,89 °C,74 °C,67 °C,79 °C,1868 rpm,1856 rpm,1844 rpm,1850 rpm,1876 rpm,800 rpm,1867 rpm,1856 rpm,800 rpm,800 rpm,1902 rpm
2026-09-15 09:22:00,74.5 °C,,87 °C,84 °C,80 °C,,94 °C,88.5 °C,74 °C,67 °C,79 °C,1869 rpm,1855 rpm,1867 rpm,1845 rpm,1859 rpm,799 rpm,1833 rpm,1863 rpm,800 rpm,800 rpm,1889 rpm
2026-09-15 09:22:20,75 °C,,87 °C,84 °C,80 °C,,94 °C,88.5 °C,74 °C,67 °C,78.3 °C,1865 rpm,1861 rpm,1851 rpm,1884 rpm,1845 rpm,800 rpm,1868 rpm,1846 rpm,800 rpm,800 rpm,1129 rpm
2026-09-15 09:22:40,76 °C,,87 °C,84 °C,80 °C,84 °C,94 °C,89 °C,74 °C,67 °C,77.8 °C,1853 rpm,1863 rpm,1864 rpm,1847 rpm,1833 rpm,1066 rpm,1893 rpm,1862 rpm,800 rpm,799 rpm,800 rpm
2026-09-15 09:23:00,76 °C,,87 °C,84 °C,80.5 °C,83.3 °C,93.5 °C,88.5 °C,74 °C,67 °C,77 °C,1882 rpm,1868 rpm,1848 rpm,1866 rpm,1858 rpm,800 rpm,1400 rpm,1870 rpm,800 rpm,800 rpm,800 rpm
2026-09-15 09:23:20,76 °C,,87 °C,84.5 °C,80 °C,83 °C,94 °C,89 °C,74 °C,66.8 °C,77 °C,1852 rpm,1838 rpm,1866 rpm,1847 rpm,1883 rpm,800 rpm,1840 rpm,1867 rpm,800 rpm,799 rpm,800 rpm
2026-09-15 09:23:40,76 °C,,87 °C,84 °C,80 °C,83 °C,93 °C,89 °C,73.3 °C,66.5 °C,77 °C,1881 rpm,1874 rpm,1839 rpm,1888 rpm,1845 rpm,1551 rpm,1631 rpm,1847 rpm,800 rpm,1073 rpm,800 rpm
2026-09-15 09:24:00,76 °C,,87 °C,84 °C,80.3 °C,83 °C,94 °C,89 °C,73 °C,67 °C,77 °C,1861 rpm,1843 rpm,1860 rpm,1850 rpm,1872 rpm,1870 rpm,1878 rpm,1854 rpm,800 rpm,1742 rpm,800 rpm
2026-09-15 09:24:20,76 °C,,87 °C,84 °C,80 °C,83.3 °C,93 °C,89 °C,73 °C,67 °C,77 °C,1879 rpm,1854 rpm,1834 rpm,1865 rpm,1852 rpm,1850 rpm,1856 rpm,1864 rpm,800 rpm,1250 rpm,1418 rpm
2026-09-15 09:24:40,76 °C,,87.5 °C,84 °C,80 °C,84 °C,93.5 °C,89 °C,73 °C,67 °C,77 °C,1837 rpm,1861 rpm,1771 rpm,1839 rpm,1855 rpm,1601 rpm,1856 rpm,1871 rpm,800 rpm,1400 rpm,1864 rpm
2026-09-15 09:25:00,76 °C,,87 °C,84 °C,80 °C,83.8 °C,94 °C,89 °C,73 °C,67 °C,77 °C,1855 rpm,1843 rpm,1400 rpm,1894 rpm,1847 rpm,1867 rpm,1858 rpm,1882 rpm,800 rpm,1400 rpm,1863 rpm
2026-09-15 09:25:20,76 °C,83 °C,87 °C,84 °C,80 °C,84 °C,94 °C,89 °C,73 °C,67 °C,77.8 °C,1843 rpm,1852 rpm,1401 rpm,1851 rpm,1863 rpm,1848 rpm,1843 rpm,1856 rpm,1314 rpm,1875 rpm,1863 rpm
2026-09-15 09:25:40,76 °C,83 °C,87 °C,84.5 °C,80 °C,83.8 °C,94 °C,89 °C,72.5 °C,68 °C,78 °C,1872 rpm,1844 rpm,1400 rpm,1856 rpm,1839 rpm,1869 rpm,1874 rpm,1854 rpm,1888 rpm,1850 rpm,1865 rpm
2026-09-15 09:26:00,76 °C,83 °C,87 °C,86 °C,80 °C,84 °C,93.5 °C,89 °C,72.3 °C,68 °C,78 °C,1878 rpm,1863 rpm,1400 rpm,1852 rpm,1859 rpm,1838 rpm,1845 rpm,1849 rpm,1890 rpm,1638 rpm,1842 rpm
2026-09-15 09:26:20,76 °C,83 °C,86.7 °C,86 °C,80 °C,83.3 °C,94 °C,89 °C,72.8 °C,68 °C,78 °C,1871 rpm,1859 rpm,1729 rpm,1868 rpm,1835 rpm,1075 rpm,1872 rpm,1850 rpm,1885 rpm,1771 rpm,1593 rpm
2026-09-15 09:26:40,76 °C,83 °C,87 °C,86 °C,80 °C,83 °C,93.5 °C,89 °C,70 °C,68 °C,78 °C,1883 rpm,1860 rpm,1844 rpm,1847 rpm,1848 rpm,1062 rpm,1826 rpm,1857 rpm,1866 rpm,1881 rpm,1865 rpm
2026-09-15 09:27:00,76 °C,83 °C,87 °C,85 °C,80 °C,83 °C,93.5 °C,89 °C,71 °C,68 °C,78 °C,1863 rpm,1860 rpm,1877 rpm,1900 rpm,1855 rpm,801 rpm,1860 rpm,1840 rpm,1661 rpm,1879 rpm,1844 rpm
2026-09-15 09:27:20,76 °C,83 °C,87 °C,84 °C,80 °C,,94 °C,89 °C,72.5 °C,68 °C,78 °C,1883 rpm,1871 rpm,1860 rpm,1858 rpm,1850 rpm,800 rpm,1862 rpm,1858 rpm,1882 rpm,1845 rpm,1855 rpm
2026-09-15 09:27:40,76 °C,83 °C,87 °C,84 °C,80 °C,81 °C,93 °C,89 °C,73 °C,68 °C,78 °C,1845 rpm,1880 rpm,1836 rpm,1869 rpm,1866 rpm,800 rpm,1851 rpm,1868 rpm,1893 rpm,1882 rpm,1904 rpm
2026-09-15 09:28:00,76 °C,83 °C,87 °C,84.5 °C,80 °C,81 °C,94 °C,89 °C,69.5 °C,68.5 °C,78 °C,1880 rpm,1843 rpm,1843 rpm,1847 rpm,1843 rpm,800 rpm,1876 rpm,1837 rpm,1856 rpm,1852 rpm,1861 rpm
2026-09-15 09:28:20,76 °C,,87 °C,84 °C,80 °C,81 °C,93 °C,89 °C,67 °C,69 °C,78 °C,1855 rpm,1867 rpm,1882 rpm,1867 rpm,1865 rpm,1752 rpm,1835 rpm,1723 rpm,1833 rpm,1883 rpm,1859 rpm
2026-09-15 09:28:40,76 °C,,87 °C,84 °C,80 °C,83 °C,93 °C,89 °C,66.8 °C,69 °C,78 °C,1883 rpm,1859 rpm,1865 rpm,1835 rpm,1861 rpm,1584 rpm,1865 rpm,1902 rpm,1880 rpm,1850 rpm,1859 rpm
2026-09-15 09:29:00,76 °C,,87 °C,84.5 °C,80 °C,82.5 °C,94 °C,89 °C,70.8 °C,69 °C,78 °C,1857 rpm,1842 rpm,1859 rpm,1867 rpm,1862 rpm,1900 rpm,1869 rpm,1859 rpm,1893 rpm,1873 rpm,1859 rpm
2026-09-15 09:29:20,76 °C,,,84 °C,80 °C,83 °C,93.5 °C,89.3 °C,72.3 °C,70 °C,78 °C,1871 rpm,1851 rpm,1859 rpm,1847 rpm,1840 rpm,1900 rpm,1850 rpm,1840 rpm,1900 rpm,1898 rpm,1863 rpm
2026-09-15 09:29:40,,,,84 °C,,83 °C,94 °C,89.8 °C,,69.5 °C,,,1837 rpm,1839 rpm,1855 rpm,,1902 rpm,1856 rpm,1620 rpm,,1332 rpm,
2026-09-15 09:30:00,76 °C,,,84 °C,80 °C,,94 °C,89.8 °C,74 °C,69 °C,78 °C,1882 rpm,1856 rpm,1843 rpm,1846 rpm,1858 rpm,,1641 rpm,1862 rpm,1901 rpm,800 rpm,1869 rpm
2026-09-15 09:30:20,,83 °C,,85.5 °C,80 °C,83 °C,94 °C,89.5 °C,72 °C,69 °C,78 °C,,1859 rpm,1840 rpm,1846 rpm,1834 rpm,1894 rpm,1878 rpm,1852 rpm,1874 rpm,800 rpm,1877 rpm
2026-09-15 09:30:40,76 °C,84 °C,,84 °C,,83 °C,94 °C,90 °C,,69 °C,,1872 rpm,1856 rpm,1870 rpm,1848 rpm,1863 rpm,1813 rpm,1842 rpm,1862 rpm,,800 rpm,
2026-09-15 09:31:00,76 °C,,,84.5 °C,80 °C,83 °C,94 °C,90 °C,63 °C,69 °C,79 °C,1913 rpm,1895 rpm,,1861 rpm,,1901 rpm,1852 rpm,1868 rpm,1855 rpm,800 rpm,1831 rpm
2026-09-15 09:31:20,,,,85.5 °C,80 °C,81 °C,94 °C,90 °C,72 °C,69 °C,79 °C,,1861 rpm,1882 rpm,1843 rpm,1838 rpm,1832 rpm,1859 rpm,1848 rpm,1894 rpm,800 rpm,1857 rpm
2026-09-15 09:31:40,77 °C,,,85.5 °C,,83 °C,94 °C,90 °C,,69 °C,,1883 rpm,1849 rpm,1842 rpm,1837 rpm,,1824 rpm,1848 rpm,1861 rpm,,800 rpm,
2026-09-15 09:32:00,,,87 °C,85 °C,80 °C,83 °C,94 °C,90 °C,70 °C,69 °C,79 °C,,1857 rpm,1848 rpm,1856 rpm,1896 rpm,1889 rpm,1867 rpm,1846 rpm,1889 rpm,800 rpm,1896 rpm
2026-09-15 09:32:20,77 °C,,87 °C,86 °C,80 °C,83 °C,94 °C,90 °C,72 °C,68.8 °C,79 °C,1880 rpm,1860 rpm,1836 rpm,1847 rpm,1902 rpm,,1844 rpm,1885 rpm,1883 rpm,800 rpm,1874 rpm
2026-09-15 09:32:40,77 °C,,87 °C,86 °C,,,94 °C,90 °C,,68 °C,,1901 rpm,1870 rpm,1862 rpm,1850 rpm,1836 rpm,1835 rpm,1901 rpm,1841 rpm,,800 rpm,
2026-09-15 09:33:00,,,87 °C,86 °C,80 °C,83 °C,94 °C,90 °C,61 °C,68 °C,79 °C,,1846 rpm,1848 rpm,1886 rpm,1824 rpm,1833 rpm,1832 rpm,1870 rpm,,800 rpm,1901 rpm
2026-09-15 09:33:20,77 °C,,87 °C,86 °C,80 °C,83 °C,94 °C,90 °C,69 °C,68 °C,79 °C,1861 rpm,1861 rpm,1867 rpm,1879 rpm,1834 rpm,1902 rpm,1866 rpm,1852 rpm,1842 rpm,800 rpm,1869 rpm
2026-09-15 09:33:40,77 °C,,87 °C,86 °C,,82 °C,94 °C,90 °C,,68 °C,79 °C,,1854 rpm,1852 rpm,1860 rpm,,1903 rpm,1845 rpm,1870 rpm,,800 rpm,1892 rpm
2026-09-15 09:34:00,,,87 °C,86 °C,80 °C,83 °C,94 °C,90 °C,73 °C,68 °C,,1842 rpm,1857 rpm,1851 rpm,1855 rpm,1838 rpm,1868 rpm,1860 rpm,1847 rpm,1895 rpm,800 rpm,
2026-09-15 09:34:20,77 °C,,87 °C,85.5 °C,80 °C,81.5 °C,94 °C,90 °C,67 °C,68 °C,79 °C,,1866 rpm,1846 rpm,1851 rpm,1859 rpm,1854 rpm,1851 rpm,1872 rpm,1883 rpm,800 rpm,1839 rpm
2026-09-15 09:34:40,,,87 °C,86 °C,80 °C,82.5 °C,94 °C,90 °C,69.3 °C,68 °C,79 °C,,1877 rpm,1852 rpm,1870 rpm,1834 rpm,1869 rpm,1857 rpm,1868 rpm,1892 rpm,800 rpm,1868 rpm
2026-09-15 09:35:00,77 °C,,88 °C,86 °C,80.5 °C,82 °C,94 °C,90 °C,66.5 °C,68 °C,79 °C,1862 rpm,1858 rpm,1846 rpm,1872 rpm,1854 rpm,1837 rpm,1893 rpm,1884 rpm,1875 rpm,800 rpm,1870 rpm
2026-09-15 09:35:20,77 °C,84 °C,88 °C,86 °C,80 °C,82 °C,94 °C,90.5 °C,74.5 °C,68 °C,79 °C,1889 rpm,1854 rpm,1838 rpm,1840 rpm,1846 rpm,1883 rpm,1865 rpm,1849 rpm,1886 rpm,800 rpm,1900 rpm
2026-09-15 09:35:40,77 °C,84 °C,88.2 °C,86 °C,81 °C,82.5 °C,94 °C,90 °C,71.3 °C,68 °C,79 °C,1849 rpm,1868 rpm,1851 rpm,1863 rpm,1848 rpm,1843 rpm,1839 rpm,1867 rpm,1873 rpm,800 rpm,1900 rpm
2026-09-15 09:36:00,77 °C,83.5 °C,89 °C,86 °C,80.8 °C,82 °C,94 °C,90 °C,67.3 °C,68 °C,79 °C,1884 rpm,1853 rpm,1849 rpm,1851 rpm,1854 rpm,1901 rpm,1848 rpm,1863 rpm,1818 rpm,800 rpm,1900 rpm
2026-09-15 09:36:20,77 °C,,87.5 °C,86 °C,81 °C,83 °C,94 °C,92 °C,69.3 °C,68 °C,79 °C,1855 rpm,1752 rpm,1830 rpm,1857 rpm,1846 rpm,1848 rpm,1854 rpm,1853 rpm,1885 rpm,1335 rpm,1900 rpm
2026-09-15 09:36:40,77 °C,,87.5 °C,86 °C,81 °C,82 °C,94 °C,92 °C,67.8 °C,68 °C,79 °C,1859 rpm,1870 rpm,1853 rpm,1836 rpm,1864 rpm,1894 rpm,1862 rpm,1863 rpm,1847 rpm,1400 rpm,1901 rpm
2026-09-15 09:37:00,77 °C,,88.5 °C,86 °C,81 °C,83 °C,95.5 °C,92 °C,62.8 °C,68 °C,79 °C,1865 rpm,1849 rpm,1867 rpm,1861 rpm,1857 rpm,1843 rpm,1872 rpm,1878 rpm,1843 rpm,1517 rpm,1900 rpm
2026-09-15 09:37:20,77 °C,,87 °C,86 °C,81 °C,82 °C,94.5 °C,91.5 °C,65.3 °C,68 °C,79 °C,1873 rpm,1862 rpm,1848 rpm,1870 rpm,1844 rpm,1853 rpm,1840 rpm,1859 rpm,1865 rpm,1861 rpm,1869 rpm
2026-09-15 09:37:40,77 °C,,87 °C,86 °C,81 °C,82.5 °C,96 °C,92 °C,61.8 °C,68 °C,79 °C,1863 rpm,1842 rpm,1525 rpm,1849 rpm,1890 rpm,1869 rpm,1840 rpm,1856 rpm,1851 rpm,1855 rpm,1898 rpm
2026-09-15 09:38:00,77 °C,,87 °C,86 °C,81 °C,82.5 °C,96 °C,92 °C,62.8 °C,68 °C,79 °C,1886 rpm,1862 rpm,1571 rpm,1891 rpm,1848 rpm,1860 rpm,1858 rpm,1868 rpm,1852 rpm,1867 rpm,1852 rpm
2026-09-15 09:38:20,77 °C,,87 °C,86 °C,81 °C,82.5 °C,96 °C,92 °C,69.8 °C,68 °C,79 °C,1867 rpm,1819 rpm,1639 rpm,1867 rpm,1849 rpm,1837 rpm,1634 rpm,1865 rpm,1870 rpm,1848 rpm,1864 rpm
2026-09-15 09:38:40,77 °C,,87 °C,86 °C,81 °C,83 °C,95.5 °C,92 °C,74 °C,68.5 °C,79 °C,1855 rpm,1857 rpm,1400 rpm,1843 rpm,1846 rpm,1904 rpm,1399 rpm,1855 rpm,1839 rpm,1870 rpm,1882 rpm
2026-09-15 09:39:00,77.8 °C,,87 °C,86 °C,81 °C,82.5 °C,94 °C,92 °C,69.8 °C,69 °C,79 °C,1857 rpm,1843 rpm,1859 rpm,1832 rpm,1839 rpm,1838 rpm,1575 rpm,1866 rpm,1861 rpm,1858 rpm,1855 rpm
2026-09-15 09:39:20,77.5 °C,,87 °C,86 °C,81 °C,83 °C,94 °C,92 °C,65 °C,69 °C,79 °C,1895 rpm,1867 rpm,1866 rpm,1840 rpm,1815 rpm,1877 rpm,1400 rpm,1869 rpm,1849 rpm,1853 rpm,1859 rpm
2026-09-15 09:39:40,77.3 °C,,87 °C,86 °C,81 °C,83 °C,94 °C,92 °C,65 °C,70 °C,79 °C,1872 rpm,1841 rpm,1841 rpm,1863 rpm,1870 rpm,1883 rpm,1516 rpm,1828 rpm,1746 rpm,1873 rpm,1856 rpm
2026-09-15 09:40:00,78 °C,,87 °C,86 °C,81 °C,83 °C,94 °C,92 °C,68 °C,70 °C,79 °C,1886 rpm,1854 rpm,1863 rpm,1900 rpm,1852 rpm,1863 rpm,1524 rpm,1876 rpm,1872 rpm,1845 rpm,1865 rpm
2026-09-15 09:40:20,77 °C,83 °C,87.5 °C,86 °C,81 °C,82.5 °C,94 °C,92 °C,65.5 °C,70 °C,79 °C,1870 rpm,1866 rpm,1860 rpm,1899 rpm,1864 rpm,1900 rpm,1850 rpm,1857 rpm,1856 rpm,1862 rpm,1852 rpm
2026-09-15 09:40:40,77 °C,83.8 °C,87 °C,86 °C,81 °C,83 °C,94 °C,92 °C,67 °C,70.5 °C,79 °C,1876 rpm,1858 rpm,1849 rpm,1877 rpm,1842 rpm,1871 rpm,1848 rpm,1855 rpm,1752 rpm,1866 rpm,1854 rpm
2026-09-15 09:41:00,77 °C,83.5 °C,88 °C,86 °C,81 °C,83 °C,96 °C,92 °C,67.5 °C,71 °C,79 °C,1854 rpm,1858 rpm,1865 rpm,1848 rpm,1845 rpm,1847 rpm,1855 rpm,1851 rpm,1860 rpm,1858 rpm,1883 rpm
2026-09-15 09:41:20,77 °C,83.8 °C,87 °C,86 °C,81 °C,,96 °C,92 °C,67 °C,71 °C,79 °C,1883 rpm,1859 rpm,1864 rpm,1870 rpm,1845 rpm,1830 rpm,1854 rpm,1871 rpm,1865 rpm,1863 rpm,1839 rpm
2026-09-15 09:41:40,,83.6 °C,89 °C,86 °C,,,96 °C,92 °C,,71 °C,,,1856 rpm,,1859 rpm,,1854 rpm,1754 rpm,1633 rpm,,1860 rpm,
2026-09-15 09:42:00,78 °C,83 °C,,86 °C,81 °C,,96 °C,92 °C,68 °C,71 °C,80 °C,,1833 rpm,1857 rpm,1875 rpm,1858 rpm,1897 rpm,1840 rpm,1857 rpm,1891 rpm,940 rpm,1834 rpm
2026-09-15 09:42:20,78 °C,83.8 °C,88.3 °C,86 °C,81 °C,,96 °C,92 °C,71.3 °C,70 °C,79.7 °C,1895 rpm,1848 rpm,1839 rpm,1840 rpm,1838 rpm,1860 rpm,1859 rpm,1875 rpm,1844 rpm,1076 rpm,1844 rpm
2026-09-15 09:42:40,78 °C,83.6 °C,87.5 °C,86 °C,81 °C,83 °C,96 °C,91.5 °C,70 °C,70.5 °C,79.8 °C,1865 rpm,1843 rpm,1846 rpm,1860 rpm,1857 rpm,1841 rpm,1857 rpm,1645 rpm,1847 rpm,800 rpm,1879 rpm
2026-09-15 09:43:00,78 °C,83 °C,89 °C,86 °C,81 °C,83 °C,96 °C,90 °C,70.3 °C,70.3 °C,80 °C,1874 rpm,1841 rpm,1874 rpm,1858 rpm,1862 rpm,1868 rpm,1861 rpm,1790 rpm,1840 rpm,800 rpm,1846 rpm
2026-09-15 09:43:20,78 °C,83.8 °C,88.3 °C,86 °C,81 °C,83 °C,96 °C,90 °C,66.3 °C,70 °C,79.8 °C,1866 rpm,1866 rpm,1877 rpm,1843 rpm,1849 rpm,1837 rpm,1854 rpm,1650 rpm,1865 rpm,800 rpm,1862 rpm
2026-09-15 09:43:40,78 °C,83.8 °C,89 °C,86 °C,81 °C,83 °C,96 °C,90 °C,67.8 °C,70 °C,80 °C,1876 rpm,1844 rpm,1873 rpm,1853 rpm,1894 rpm,1870 rpm,1726 rpm,1647 rpm,1858 rpm,800 rpm,1843 rpm
2026-09-15 09:44:00,,83 °C,89 °C,86 °C,,,95.5 °C,90 °C,,70 °C,,1900 rpm,1847 rpm,1873 rpm,1858 rpm,,,1874 rpm,1777 rpm,,787 rpm,
2026-09-15 09:44:20,78 °C,84 °C,89 °C,86 °C,81 °C,83 °C,96 °C,90 °C,73 °C,70.3 °C,80 °C,,1843 rpm,1902 rpm,1844 rpm,1860 rpm,1847 rpm,1828 rpm,1898 rpm,1900 rpm,1499 rpm,1862 rpm
2026-09-15 09:44:40,,83.8 °C,89 °C,86 °C,81 °C,83 °C,96 °C,90 °C,,70 °C,,,1868 rpm,1863 rpm,1838 rpm,1849 rpm,1872 rpm,1752 rpm,1877 rpm,,1400 rpm,
2026-09-15 09:45:00,78 °C,84 °C,89 °C,86 °C,,83 °C,96 °C,90 °C,76 °C,70 °C,80 °C,1903 rpm,1836 rpm,1846 rpm,1864 rpm,1839 rpm,1821 rpm,1400 rpm,1874 rpm,1875 rpm,1727 rpm,1896 rpm
2026-09-15 09:45:20,78 °C,84 °C,89 °C,86 °C,81 °C,83 °C,96 °C,90 °C,68 °C,70.3 °C,80 °C,,1865 rpm,1900 rpm,1864 rpm,1902 rpm,1867 rpm,1876 rpm,1895 rpm,1866 rpm,1873 rpm,1845 rpm
2026-09-15 09:45:40,,83.7 °C,89 °C,86 °C,,83 °C,96 °C,90 °C,76 °C,70.8 °C,80 °C,1871 rpm,1400 rpm,1899 rpm,1863 rpm,,1878 rpm,1732 rpm,1880 rpm,,1776 rpm,1843 rpm
2026-09-15 09:46:00,77 °C,83 °C,89 °C,86 °C,81 °C,83 °C,96 °C,90 °C,,71 °C,,1877 rpm,1400 rpm,1900 rpm,1841 rpm,1871 rpm,,1875 rpm,1882 rpm,1850 rpm,1860 rpm,
2026-09-15 09:46:20,,83 °C,89 °C,86 °C,81 °C,,96 °C,90 °C,68 °C,71 °C,80 °C,,1399 rpm,1876 rpm,1844 rpm,1898 rpm,1862 rpm,1847 rpm,1867 rpm,1841 rpm,1873 rpm,1837 rpm
2026-09-15 09:46:40,78 °C,83 °C,,86 °C,81 °C,83 °C,96 °C,89.3 °C,67 °C,71 °C,80 °C,1858 rpm,1400 rpm,1869 rpm,1851 rpm,1866 rpm,,1871 rpm,1856 rpm,,1840 rpm,1850 rpm
2026-09-15 09:47:00,78 °C,83 °C,87.5 °C,86 °C,,83 °C,96 °C,89.5 °C,,71 °C,,1894 rpm,1400 rpm,1838 rpm,1850 rpm,,1859 rpm,1847 rpm,1879 rpm,,1875 rpm,
2026-09-15 09:47:20,,83 °C,87.5 °C,86 °C,81 °C,83 °C,96 °C,89 °C,73 °C,71.8 °C,80 °C,,1399 rpm,1868 rpm,1857 rpm,1835 rpm,1871 rpm,1856 rpm,1861 rpm,1900 rpm,1863 rpm,1839 rpm
2026-09-15 09:47:40,79 °C,83 °C,87.5 °C,86 °C,81 °C,83 °C,96 °C,89 °C,64 °C,71.8 °C,80 °C,1901 rpm,1400 rpm,1848 rpm,1872 rpm,1847 rpm,1869 rpm,1852 rpm,1872 rpm,1835 rpm,1858 rpm,1892 rpm
2026-09-15 09:48:00,,83 °C,88.5 °C,86 °C,80.8 °C,83 °C,96 °C,89 °C,67.3 °C,72 °C,81 °C,,1517 rpm,1856 rpm,1844 rpm,1861 rpm,1867 rpm,1828 rpm,1885 rpm,1850 rpm,1880 rpm,1848 rpm
2026-09-15 09:48:20,79 °C,83 °C,87.5 °C,86 °C,81 °C,83 °C,96 °C,89 °C,64 °C,72 °C,80.8 °C,1893 rpm,1780 rpm,1858 rpm,1864 rpm,1846 rpm,1874 rpm,1864 rpm,1848 rpm,1842 rpm,1875 rpm,1839 rpm
2026-09-15 09:48:40,79 °C,83 °C,88.5 °C,86 °C,81 °C,83 °C,96 °C,89 °C,66.8 °C,72 °C,81 °C,1881 rpm,1862 rpm,1873 rpm,1861 rpm,1864 rpm,1890 rpm,1596 rpm,1878 rpm,1878 rpm,1870 rpm,1863 rpm
2026-09-15 09:49:00,79 °C,83 °C,88.6 °C,86 °C,81 °C,83 °C,96 °C,89 °C,67 °C,72.5 °C,81 °C,1868 rpm,1844 rpm,1842 rpm,1858 rpm,1836 rpm,1871 rpm,1851 rpm,1887 rpm,1832 rpm,1849 rpm,1844 rpm
2026-09-15 09:49:20,79 °C,83 °C,,86 °C,81 °C,83 °C,96.5 °C,89 °C,67.5 °C,73 °C,81 °C,1863 rpm,1858 rpm,1865 rpm,1862 rpm,1900 rpm,1865 rpm,1864 rpm,1877 rpm,1864 rpm,1867 rpm,1860 rpm
2026-09-15 09:49:40,78.8 °C,83 °C,,87 °C,81 °C,83 °C,97 °C,89 °C,68 °C,73 °C,81 °C,1869 rpm,1859 rpm,1842 rpm,1871 rpm,1885 rpm,1852 rpm,1678 rpm,1875 rpm,1842 rpm,1763 rpm,1842 rpm
2026-09-15 09:50:00,78 °C,83 °C,,87 °C,81 °C,,96.5 °C,89 °C,68 °C,73 °C,81 °C,1879 rpm,1863 rpm,1870 rpm,1860 rpm,1856 rpm,1862 rpm,1400 rpm,1847 rpm,1850 rpm,1400 rpm,1883 rpm
2026-09-15 09:50:20,78 °C,83 °C,,87 °C,80.8 °C,,96 °C,89 °C,69 °C,73 °C,81 °C,1885 rpm,1852 rpm,1862 rpm,1873 rpm,1837 rpm,1853 rpm,1743 rpm,1863 rpm,1856 rpm,1764 rpm,1866 rpm
2026-09-15 09:50:40,78 °C,83 °C,,87 °C,80.8 °C,,97 °C,89 °C,68.3 °C,73 °C,81 °C,1878 rpm,1828 rpm,1867 rpm,1882 rpm,1879 rpm,1869 rpm,1866 rpm,1874 rpm,1848 rpm,1865 rpm,1865 rpm
2026-09-15 09:51:00,78 °C,83 °C,,87 °C,81 °C,,97.5 °C,89 °C,68.5 °C,73 °C,81 °C,1882 rpm,1861 rpm,1858 rpm,1879 rpm,1855 rpm,1857 rpm,1861 rpm,1874 rpm,1863 rpm,1877 rpm,1851 rpm
2026-09-15 09:51:20,78 °C,83 °C,,86.5 °C,80.8 °C,,97.5 °C,89 °C,69.3 °C,73 °C,81 °C,1854 rpm,1860 rpm,1857 rpm,1872 rpm,1883 rpm,1879 rpm,1856 rpm,1860 rpm,1859 rpm,1845 rpm,1864 rpm
2026-09-15 09:51:40,78 °C,83 °C,,86.8 °C,81 °C,,98 °C,89 °C,68.3 °C,73.5 °C,81 °C,1860 rpm,1848 rpm,,1850 rpm,1845 rpm,1853 rpm,1843 rpm,1872 rpm,1857 rpm,1863 rpm,1862 rpm
2026-09-15 09:52:00,78 °C,83 °C,,87 °C,80.8 °C,,98 °C,89 °C,70.8 °C,73.5 °C,81 °C,1866 rpm,1842 rpm,,1878 rpm,1842 rpm,1842 rpm,1865 rpm,1813 rpm,1855 rpm,1854 rpm,1865 rpm
2026-09-15 09:52:20,78 °C,83 °C,,87 °C,80.5 °C,,98 °C,87.5 °C,68.5 °C,74 °C,81.5 °C,1887 rpm,1883 rpm,,1854 rpm,1859 rpm,1848 rpm,1839 rpm,1461 rpm,1870 rpm,1868 rpm,1850 rpm
2026-09-15 09:52:40,78 °C,83 °C,,87 °C,80.8 °C,83 °C,98 °C,87 °C,70.3 °C,74 °C,82.5 °C,1843 rpm,1836 rpm,,1852 rpm,1874 rpm,1854 rpm,1859 rpm,1400 rpm,1872 rpm,1878 rpm,1860 rpm
2026-09-15 09:53:00,78 °C,83 °C,,87 °C,80.5 °C,83 °C,98 °C,87 °C,68.5 °C,74 °C,83 °C,1884 rpm,1857 rpm,,1862 rpm,1848 rpm,1849 rpm,1860 rpm,1801 rpm,1857 rpm,1855 rpm,1859 rpm
2026-09-15 09:53:20,78 °C,,,87 °C,81 °C,83 °C,98 °C,87 °C,66 °C,74 °C,83 °C,1859 rpm,1852 rpm,,1845 rpm,1846 rpm,1867 rpm,1859 rpm,1862 rpm,1887 rpm,1862 rpm,1859 rpm
2026-09-15 09:53:40,78 °C,,,87 °C,81 °C,83 °C,98 °C,87 °C,68.8 °C,74 °C,83 °C,1883 rpm,1841 rpm,,1863 rpm,1869 rpm,1843 rpm,1861 rpm,1894 rpm,1895 rpm,1889 rpm,1850 rpm
2026-09-15 09:54:00,78 °C,,,86.5 °C,81 °C,83 °C,98 °C,87 °C,71.5 °C,74.5 °C,83 °C,1860 rpm,1838 rpm,,1876 rpm,1844 rpm,1840 rpm,1834 rpm,799 rpm,1869 rpm,1857 rpm,1872 rpm
2026-09-15 09:54:20,78 °C,,,87 °C,81 °C,83 °C,98 °C,86.8 °C,67.3 °C,76 °C,83 °C,1884 rpm,1863 rpm,,1855 rpm,1848 rpm,1859 rpm,1754 rpm,800 rpm,1883 rpm,1853 rpm,1860 rpm
2026-09-15 09:54:40,78 °C,,,87 °C,,,98 °C,86.8 °C,69 °C,,83 °C,1851 rpm,1847 rpm,,1837 rpm,1869 rpm,1896 rpm,1859 rpm,800 rpm,1865 rpm,,1882 rpm
2026-09-15 09:55:00,,,,86 °C,,,98 °C,86 °C,,,,,1869 rpm,,1899 rpm,,,1885 rpm,800 rpm,1810 rpm,,
2026-09-15 09:55:20,78 °C,83 °C,,86.3 °C,,,98 °C,,,,83 °C,1872 rpm,1866 rpm,,1888 rpm,,,1745 rpm,,,,1842 rpm
2026-09-15 09:55:40,78 °C,83 °C,,86 °C,,,98 °C,,,,83 °C,1896 rpm,1873 rpm,,1868 rpm,,,1630 rpm,,,,1856 rpm
2026-09-15 09:56:00,78 °C,83 °C,,,,,,,,,83 °C,1857 rpm,1853 rpm,,,,,,,,,1845 rpm
2026-09-15 09:56:20,,,,,,,,,,,,,1840 rpm,,,,,,,,,

